addr_1,addr_2,addr_3,addr_4,lon,lat,hw_trunk_3km,hw_primary_3km,hw_secondary_3km,hw_tertiary_3km,hw_res_uncl_3km,hw_service_3km,hw_cycleway_3km,hw_footway_3km,hw_bus_stop_3km,hw_parking_3km,hw_fuel_3km,am_gov_3km,am_medical_3km,am_healthcare_3km,am_school_3km,am_education_3km,am_police_3km,am_post_3km,am_bank_3km,am_shop_3km,lu_residential_3km,lu_commercial_3km,lu_industrial_3km,lu_retail_3km,lu_construction_3km,pl_3km,bld_3km,blp_3km,bll_3km,mm_3km,ad_3km,lsr_3km,trs_3km,wd_3km,hw_types_3km,lu_types_3km,hw_trunk_1km,hw_primary_1km,hw_secondary_1km,hw_tertiary_1km,hw_res_uncl_1km,hw_service_1km,hw_cycleway_1km,hw_footway_1km,hw_bus_stop_1km,hw_parking_1km,hw_fuel_1km,am_gov_1km,am_medical_1km,am_healthcare_1km,am_school_1km,am_education_1km,am_police_1km,am_post_1km,am_bank_1km,am_shop_1km,lu_residential_1km,lu_commercial_1km,lu_industrial_1km,lu_retail_1km,lu_construction_1km,pl_1km,bld_1km,blp_1km,bll_1km,mm_1km,ad_1km,lsr_1km,trs_1km,wd_1km,hw_types_1km,lu_types_1km,node,boundary,u_addr_3,u_addr_4,score_1,score_2,score_3,score_4,score,u_addr_3_avg_score,addr_2_avg_score,addr_1_avg_score
宁夏回族自治区,银川市,兴庆区,凤凰北街街道,106.2586681,38.4802533,0.0,28.0,87.0,57.0,181.0,29.0,0.0,55.0,655.0,3.0,4.0,7.0,3.0,3.0,17.0,19.0,0.0,0.0,2.0,13.0,20.0,4.0,4.0,1.0,0.0,12.0,599.0,1.0,9.0,13.0,7.0,43.0,6.0,22.0,16.0,11.0,0.0,2.0,6.0,7.0,24.0,2.0,0.0,17.0,48.0,0.0,0.0,1.0,0.0,0.0,1.0,1.0,0.0,0.0,0.0,0.0,2.0,0.0,0.0,0.0,0.0,1.0,70.0,0.0,0.0,1.0,2.0,7.0,0.0,7.0,10.0,5.0,5928834098.0,8737310.0,银川市兴庆区,银川市兴庆区凤凰北街街道,20.0,30.0,10.0,20.0,80.0,73.3375,60.32363636363637,46.06748971193416
宁夏回族自治区,银川市,兴庆区,解放西街街道,106.2675942,38.4704104,17.0,14.0,98.0,67.0,206.0,21.0,0.0,57.0,740.0,2.0,4.0,3.0,2.0,2.0,21.0,21.0,0.0,0.0,1.0,18.0,12.0,3.0,1.0,2.0,0.0,11.0,684.0,0.0,13.0,5.0,7.0,42.0,8.0,20.0,18.0,10.0,0.0,3.0,10.0,19.0,55.0,2.0,0.0,19.0,88.0,0.0,0.0,1.0,1.0,1.0,4.0,4.0,0.0,0.0,0.0,0.0,0.0,0.0,0.0,0.0,0.0,3.0,77.0,0.0,2.0,1.0,2.0,12.0,0.0,7.0,10.0,4.0,5928840418.0,8737345.0,银川市兴庆区,银川市兴庆区解放西街街道,20.0,30.0,15.0,20.0,85.0,73.3375,60.32363636363637,46.06748971193416
宁夏回族自治区,银川市,兴庆区,文化街街道,106.2811457,38.4706984,21.0,3.0,90.0,67.0,210.0,19.0,0.0,50.0,707.0,2.0,3.0,1.0,1.0,1.0,26.0,26.0,0.0,0.0,1.0,11.0,6.0,1.0,1.0,2.0,0.0,11.0,671.0,0.0,5.0,5.0,6.0,42.0,6.0,20.0,18.0,10.0,0.0,2.0,11.0,13.0,45.0,0.0,0.0,3.0,125.0,0.0,0.0,0.0,0.0,0.0,3.0,3.0,0.0,0.0,0.0,1.0,1.0,1.0,0.0,0.0,0.0,4.0,30.0,0.0,0.0,0.0,0.0,5.0,0.0,8.0,8.0,3.0,5928846901.0,8737360.0,银川市兴庆区,银川市兴庆区文化街街道,20.0,30.0,11.0,20.0,81.0,73.3375,60.32363636363637,46.06748971193416
宁夏回族自治区,银川市,兴庆区,富宁街街道,106.2635481,38.4663348,16.0,15.0,97.0,65.0,212.0,17.0,0.0,58.0,720.0,4.0,4.0,3.0,2.0,2.0,24.0,24.0,0.0,0.0,1.0,18.0,12.0,3.0,3.0,2.0,0.0,12.0,698.0,0.0,13.0,7.0,7.0,40.0,8.0,20.0,18.0,10.0,0.0,0.0,23.0,22.0,52.0,2.0,0.0,12.0,102.0,0.0,0.0,1.0,1.0,1.0,4.0,4.0,0.0,0.0,0.0,0.0,0.0,0.0,0.0,0.0,0.0,3.0,141.0,0.0,2.0,1.0,2.0,10.0,0.0,7.0,8.0,4.0,5928859050.0,8737799.0,银川市兴庆区,银川市兴庆区富宁街街道,20.0,30.0,15.0,20.0,85.0,73.3375,60.32363636363637,46.06748971193416
宁夏回族自治区,银川市,兴庆区,新华街街道,106.2778952,38.4631227,23.0,3.0,96.0,66.0,223.0,17.0,0.0,44.0,720.0,2.0,3.0,1.0,1.0,1.0,25.0,26.0,0.0,0.0,1.0,12.0,9.0,1.0,1.0,1.0,0.0,10.0,626.0,0.0,5.0,3.0,6.0,36.0,6.0,18.0,17.0,10.0,4.0,0.0,22.0,29.0,57.0,5.0,0.0,9.0,152.0,1.0,0.0,0.0,1.0,1.0,3.0,3.0,0.0,0.0,1.0,10.0,0.0,1.0,1.0,0.0,0.0,4.0,267.0,0.0,2.0,1.0,2.0,5.0,4.0,9.0,11.0,4.0,5928859051.0,8737802.0,银川市兴庆区,银川市兴庆区新华街街道,20.0,30.0,23.0,20.0,93.0,73.3375,60.32363636363637,46.06748971193416
宁夏回族自治区,银川市,兴庆区,玉皇阁北街街道,106.2855418,38.4760759,23.0,9.0,75.0,70.0,194.0,21.0,0.0,49.0,688.0,2.0,6.0,1.0,1.0,1.0,23.0,24.0,0.0,0.0,1.0,11.0,6.0,1.0,1.0,2.0,0.0,11.0,627.0,0.0,2.0,6.0,6.0,39.0,5.0,17.0,18.0,11.0,0.0,2.0,14.0,5.0,31.0,6.0,0.0,1.0,122.0,0.0,0.0,0.0,0.0,0.0,3.0,3.0,0.0,0.0,0.0,0.0,1.0,0.0,0.0,1.0,0.0,3.0,22.0,0.0,0.0,0.0,0.0,4.0,0.0,6.0,8.0,3.0,5929045975.0,8737804.0,银川市兴庆区,银川市兴庆区玉皇阁北街街道,20.0,30.0,10.0,20.0,80.0,73.3375,60.32363636363637,46.06748971193416
宁夏回族自治区,银川市,兴庆区,前进街街道,106.2709643,38.4650785,19.0,12.0,94.0,65.0,225.0,21.0,0.0,55.0,728.0,4.0,5.0,2.0,1.0,1.0,22.0,23.0,0.0,0.0,1.0,15.0,10.0,2.0,1.0,1.0,0.0,10.0,630.0,0.0,13.0,4.0,7.0,38.0,8.0,20.0,17.0,10.0,0.0,0.0,16.0,23.0,62.0,2.0,0.0,11.0,126.0,0.0,0.0,0.0,1.0,1.0,3.0,3.0,0.0,0.0,0.0,4.0,0.0,1.0,0.0,0.0,0.0,4.0,210.0,0.0,2.0,0.0,2.0,8.0,0.0,8.0,10.0,4.0,5929045974.0,8737800.0,银川市兴庆区,银川市兴庆区前进街街道,20.0,30.0,19.0,20.0,89.0,73.3375,60.32363636363637,46.06748971193416
宁夏回族自治区,银川市,兴庆区,中山南街街道,106.2860917,38.462343,23.0,5.0,86.0,61.0,208.0,17.0,0.0,36.0,724.0,3.0,2.0,1.0,1.0,1.0,26.0,27.0,0.0,0.0,1.0,11.0,4.0,1.0,1.0,2.0,0.0,10.0,625.0,0.0,5.0,4.0,3.0,37.0,6.0,17.0,17.0,10.0,8.0,0.0,16.0,19.0,43.0,4.0,0.0,6.0,124.0,1.0,0.0,0.0,0.0,0.0,3.0,3.0,0.0,0.0,1.0,9.0,0.0,1.0,0.0,0.0,0.0,2.0,183.0,0.0,0.0,1.0,0.0,4.0,4.0,5.0,13.0,4.0,5929088039.0,8737805.0,银川市兴庆区,银川市兴庆区中山南街街道,20.0,30.0,18.0,20.0,88.0,73.3375,60.32363636363637,46.06748971193416
宁夏回族自治区,银川市,兴庆区,银古路街道,106.2897569,38.4522926,23.0,2.0,69.0,64.0,236.0,14.0,0.0,14.0,644.0,4.0,3.0,0.0,1.0,1.0,25.0,26.0,1.0,0.0,1.0,12.0,6.0,1.0,2.0,2.0,0.0,11.0,685.0,0.0,7.0,4.0,3.0,25.0,7.0,18.0,17.0,8.0,18.0,0.0,21.0,10.0,21.0,1.0,0.0,3.0,86.0,1.0,0.0,0.0,0.0,0.0,1.0,1.0,0.0,0.0,1.0,3.0,1.0,0.0,0.0,0.0,0.0,1.0,108.0,0.0,0.0,1.0,0.0,2.0,2.0,3.0,12.0,5.0,5929088038.0,8737803.0,银川市兴庆区,银川市兴庆区银古路街道,20.0,30.0,10.0,20.0,80.0,73.3375,60.32363636363637,46.06748971193416
宁夏回族自治区,银川市,兴庆区,胜利街街道,106.2698707,38.4312486,22.0,0.0,49.0,52.0,96.0,3.0,0.0,12.0,379.0,3.0,4.0,0.0,0.0,0.0,13.0,15.0,0.0,0.0,1.0,7.0,3.0,0.0,3.0,0.0,0.0,2.0,426.0,0.0,3.0,4.0,1.0,16.0,5.0,13.0,15.0,8.0,0.0,0.0,9.0,12.0,4.0,0.0,0.0,1.0,40.0,0.0,0.0,0.0,0.0,0.0,3.0,4.0,0.0,0.0,0.0,1.0,0.0,0.0,0.0,0.0,0.0,1.0,7.0,0.0,0.0,0.0,0.0,1.0,1.0,5.0,6.0,4.0,5929088037.0,8737801.0,银川市兴庆区,银川市兴庆区胜利街街道,17.0,30.0,6.0,20.0,73.0,73.3375,60.32363636363637,46.06748971193416
宁夏回族自治区,银川市,兴庆区,丽景街街道,106.2876639,38.489899,6.0,23.0,41.0,58.0,123.0,18.0,0.0,40.0,573.0,1.0,9.0,0.0,0.0,0.0,21.0,24.0,0.0,0.0,0.0,0.0,16.0,0.0,0.0,1.0,0.0,6.0,283.0,0.0,0.0,6.0,1.0,43.0,0.0,17.0,14.0,9.0,0.0,0.0,7.0,6.0,17.0,1.0,0.0,11.0,68.0,0.0,1.0,0.0,0.0,0.0,5.0,5.0,0.0,0.0,0.0,0.0,0.0,0.0,0.0,0.0,0.0,1.0,29.0,0.0,0.0,1.0,0.0,7.0,0.0,2.0,8.0,4.0,5929088036.0,8737700.0,银川市兴庆区,银川市兴庆区丽景街街道,20.0,30.0,5.0,20.0,75.0,73.3375,60.32363636363637,46.06748971193416
宁夏回族自治区,银川市,兴庆区,星河街街道,106.495193,38.366329,4.0,1.0,12.0,5.0,272.0,19.0,0.0,7.0,43.0,8.0,1.0,0.0,4.0,4.0,5.0,5.0,0.0,0.0,0.0,0.0,5.0,0.0,1.0,0.0,1.0,1.0,32.0,0.0,0.0,2.0,0.0,6.0,0.0,0.0,10.0,8.0,0.0,0.0,1.0,1.0,127.0,0.0,0.0,6.0,16.0,0.0,0.0,0.0,0.0,0.0,3.0,3.0,0.0,0.0,0.0,0.0,5.0,0.0,0.0,0.0,0.0,1.0,3.0,0.0,0.0,0.0,0.0,3.0,0.0,0.0,6.0,2.0,-1.0,-1.0,银川市兴庆区,银川市兴庆区星河街街道,1.0,30.0,5.0,7.7,43.7,73.3375,60.32363636363637,46.06748971193416
宁夏回族自治区,银川市,兴庆区,掌政镇,106.3571878,38.4033062,0.0,0.0,14.0,29.0,23.0,22.0,0.0,10.0,53.0,2.0,1.0,0.0,0.0,0.0,4.0,4.0,0.0,0.0,0.0,0.0,8.0,0.0,1.0,0.0,0.0,2.0,71.0,0.0,0.0,7.0,0.0,6.0,0.0,6.0,10.0,7.0,0.0,0.0,0.0,17.0,1.0,5.0,0.0,0.0,28.0,0.0,0.0,0.0,0.0,0.0,3.0,3.0,0.0,0.0,0.0,0.0,8.0,0.0,0.0,0.0,0.0,1.0,56.0,0.0,0.0,2.0,0.0,4.0,0.0,3.0,7.0,4.0,3247451167.0,11940721.0,银川市兴庆区,银川市兴庆区掌政镇,17.0,24.9,5.0,17.1,64.0,73.3375,60.32363636363637,46.06748971193416
宁夏回族自治区,银川市,兴庆区,大新镇,106.3102353,38.4431533,23.0,4.0,39.0,38.0,166.0,4.0,0.0,4.0,308.0,4.0,3.0,0.0,0.0,0.0,20.0,20.0,1.0,0.0,1.0,3.0,7.0,0.0,3.0,1.0,0.0,3.0,442.0,0.0,2.0,3.0,0.0,12.0,1.0,12.0,15.0,8.0,4.0,0.0,7.0,6.0,46.0,0.0,0.0,0.0,30.0,1.0,0.0,0.0,0.0,0.0,3.0,3.0,1.0,0.0,0.0,0.0,2.0,0.0,0.0,0.0,0.0,1.0,94.0,0.0,2.0,0.0,0.0,1.0,0.0,4.0,9.0,4.0,3247452407.0,11940720.0,银川市兴庆区,银川市兴庆区大新镇,18.0,30.0,10.0,20.0,78.0,73.3375,60.32363636363637,46.06748971193416
宁夏回族自治区,银川市,兴庆区,通贵乡,106.4862479,38.4955901,2.0,6.0,2.0,2.0,5.0,0.0,0.0,0.0,4.0,0.0,0.0,0.0,0.0,0.0,0.0,0.0,0.0,0.0,0.0,0.0,1.0,0.0,0.0,0.0,0.0,2.0,0.0,0.0,0.0,0.0,0.0,0.0,0.0,3.0,9.0,2.0,0.0,0.0,0.0,1.0,3.0,0.0,0.0,0.0,0.0,0.0,0.0,0.0,0.0,0.0,0.0,0.0,0.0,0.0,0.0,0.0,1.0,0.0,0.0,0.0,0.0,1.0,0.0,0.0,0.0,0.0,0.0,0.0,0.0,1.0,3.0,1.0,5928834099.0,11940722.0,银川市兴庆区,银川市兴庆区通贵乡,17.0,14.9,0.0,1.0,32.9,73.3375,60.32363636363637,46.06748971193416
宁夏回族自治区,银川市,兴庆区,月牙湖乡,106.5628827,38.5989936,1.0,0.0,0.0,9.0,77.0,0.0,0.0,0.0,24.0,1.0,0.0,0.0,0.0,0.0,0.0,0.0,0.0,0.0,0.0,0.0,0.0,0.0,0.0,0.0,0.0,1.0,0.0,0.0,0.0,3.0,0.0,0.0,0.0,4.0,5.0,6.0,1.0,0.0,0.0,0.0,8.0,0.0,0.0,0.0,8.0,0.0,0.0,0.0,0.0,0.0,0.0,0.0,0.0,0.0,0.0,0.0,0.0,0.0,0.0,0.0,0.0,1.0,0.0,0.0,0.0,0.0,0.0,0.0,0.0,1.0,3.0,2.0,5928797861.0,11940723.0,银川市兴庆区,银川市兴庆区月牙湖乡,16.0,26.5,0.0,3.3,45.8,73.3375,60.32363636363637,46.06748971193416
宁夏回族自治区,银川市,西夏区,西花园路街道,106.1603441,38.48793,0.0,28.0,54.0,51.0,75.0,79.0,0.0,46.0,501.0,3.0,6.0,0.0,1.0,2.0,8.0,17.0,0.0,0.0,0.0,8.0,14.0,0.0,4.0,0.0,0.0,6.0,416.0,0.0,5.0,13.0,6.0,107.0,4.0,15.0,14.0,8.0,0.0,10.0,12.0,13.0,14.0,7.0,0.0,16.0,66.0,1.0,1.0,0.0,1.0,2.0,0.0,0.0,0.0,0.0,0.0,5.0,3.0,0.0,1.0,0.0,0.0,1.0,129.0,0.0,0.0,2.0,1.0,4.0,2.0,8.0,9.0,5.0,-1.0,-1.0,银川市西夏区,银川市西夏区西花园路街道,5.0,30.0,10.0,20.0,65.0,66.1,60.32363636363637,46.06748971193416
宁夏回族自治区,银川市,西夏区,北京西路街道,106.1241143,38.4852778,0.0,6.0,33.0,34.0,92.0,105.0,0.0,23.0,390.0,4.0,3.0,0.0,1.0,1.0,9.0,22.0,0.0,0.0,0.0,6.0,14.0,0.0,9.0,0.0,0.0,4.0,211.0,0.0,12.0,10.0,15.0,136.0,2.0,9.0,11.0,9.0,0.0,2.0,8.0,4.0,21.0,2.0,0.0,2.0,53.0,0.0,0.0,0.0,0.0,0.0,3.0,5.0,0.0,0.0,0.0,0.0,3.0,0.0,0.0,0.0,0.0,1.0,0.0,0.0,0.0,0.0,0.0,8.0,0.0,4.0,8.0,3.0,5930692907.0,8742522.0,银川市西夏区,银川市西夏区北京西路街道,19.0,30.0,5.0,20.0,74.0,66.1,60.32363636363637,46.06748971193416
宁夏回族自治区,银川市,西夏区,文昌路街道,106.1082102,38.487326,0.0,11.0,30.0,38.0,80.0,92.0,0.0,8.0,317.0,3.0,3.0,0.0,1.0,1.0,11.0,23.0,0.0,0.0,0.0,0.0,10.0,0.0,12.0,0.0,0.0,4.0,122.0,0.0,12.0,9.0,15.0,99.0,0.0,9.0,12.0,8.0,0.0,2.0,13.0,3.0,22.0,4.0,0.0,2.0,52.0,0.0,0.0,0.0,0.0,0.0,1.0,3.0,0.0,0.0,0.0,0.0,1.0,0.0,3.0,0.0,0.0,1.0,7.0,0.0,0.0,2.0,2.0,12.0,0.0,5.0,7.0,6.0,5930692912.0,8742525.0,银川市西夏区,银川市西夏区文昌路街道,19.0,30.0,5.0,18.0,72.0,66.1,60.32363636363637,46.06748971193416
宁夏回族自治区,银川市,西夏区,朔方路街道,106.1298062,38.493882,0.0,8.0,34.0,34.0,96.0,124.0,0.0,19.0,402.0,4.0,1.0,0.0,1.0,2.0,6.0,21.0,0.0,0.0,0.0,6.0,13.0,0.0,6.0,0.0,0.0,5.0,230.0,0.0,12.0,13.0,15.0,186.0,2.0,10.0,13.0,9.0,0.0,0.0,10.0,3.0,18.0,51.0,0.0,0.0,48.0,2.0,0.0,0.0,0.0,0.0,3.0,8.0,0.0,0.0,0.0,0.0,2.0,0.0,0.0,0.0,0.0,2.0,30.0,0.0,12.0,1.0,13.0,21.0,0.0,6.0,5.0,3.0,5930692911.0,8742524.0,银川市西夏区,银川市西夏区朔方路街道,20.0,30.0,5.0,20.0,75.0,66.1,60.32363636363637,46.06748971193416
宁夏回族自治区,银川市,西夏区,宁华路街道,106.0713226,38.4867507,0.0,15.0,9.0,31.0,45.0,10.0,0.0,2.0,71.0,0.0,2.0,0.0,1.0,1.0,7.0,9.0,0.0,0.0,0.0,0.0,2.0,0.0,10.0,0.0,0.0,1.0,57.0,0.0,0.0,5.0,1.0,48.0,0.0,5.0,12.0,8.0,0.0,4.0,0.0,5.0,20.0,3.0,0.0,0.0,16.0,0.0,0.0,0.0,0.0,0.0,2.0,2.0,0.0,0.0,0.0,0.0,0.0,0.0,1.0,0.0,0.0,1.0,27.0,0.0,0.0,0.0,0.0,6.0,0.0,1.0,8.0,4.0,5930692910.0,8742353.0,银川市西夏区,银川市西夏区宁华路街道,16.0,28.0,5.0,12.9,61.9,66.1,60.32363636363637,46.06748971193416
宁夏回族自治区,银川市,西夏区,贺兰山西路街道,106.1674295,38.5014607,0.0,24.0,43.0,36.0,68.0,67.0,0.0,46.0,412.0,2.0,7.0,0.0,1.0,2.0,11.0,18.0,0.0,0.0,0.0,8.0,14.0,0.0,3.0,0.0,0.0,5.0,413.0,0.0,2.0,14.0,1.0,106.0,4.0,16.0,16.0,8.0,0.0,8.0,11.0,6.0,9.0,1.0,0.0,0.0,56.0,1.0,2.0,0.0,0.0,0.0,2.0,3.0,0.0,0.0,0.0,0.0,2.0,0.0,0.0,0.0,0.0,1.0,22.0,0.0,0.0,4.0,0.0,3.0,0.0,8.0,8.0,4.0,5930692908.0,-1.0,银川市西夏区,银川市西夏区贺兰山西路街道,12.0,30.0,5.0,20.0,67.0,66.1,60.32363636363637,46.06748971193416
宁夏回族自治区,银川市,西夏区,怀远路街道,106.1383663,38.5361177,14.0,7.0,7.0,12.0,52.0,30.0,0.0,8.0,68.0,0.0,1.0,0.0,0.0,0.0,4.0,11.0,0.0,0.0,0.0,0.0,5.0,0.0,1.0,0.0,0.0,1.0,109.0,0.0,0.0,9.0,0.0,85.0,0.0,2.0,15.0,8.0,6.0,0.0,3.0,1.0,17.0,2.0,0.0,7.0,0.0,0.0,0.0,0.0,0.0,0.0,2.0,4.0,0.0,0.0,0.0,0.0,1.0,0.0,0.0,0.0,0.0,1.0,27.0,0.0,0.0,3.0,0.0,5.0,0.0,1.0,9.0,4.0,5930692909.0,8742523.0,银川市西夏区,银川市西夏区怀远路街道,16.0,28.0,5.0,18.8,67.8,66.1,60.32363636363637,46.06748971193416
宁夏回族自治区,银川市,西夏区,兴泾镇,106.091,38.3836,0.0,0.0,11.0,10.0,77.0,5.0,0.0,0.0,44.0,0.0,1.0,0.0,0.0,0.0,2.0,3.0,0.0,0.0,0.0,0.0,18.0,0.0,1.0,1.0,0.0,1.0,20.0,0.0,0.0,3.0,0.0,4.0,0.0,6.0,7.0,8.0,0.0,0.0,2.0,5.0,15.0,2.0,0.0,0.0,20.0,0.0,1.0,0.0,0.0,0.0,2.0,3.0,0.0,0.0,0.0,0.0,10.0,0.0,0.0,1.0,0.0,1.0,12.0,0.0,0.0,1.0,0.0,4.0,0.0,4.0,6.0,4.0,5928743358.0,8742354.0,银川市西夏区,银川市西夏区兴泾镇,16.0,27.5,5.0,7.6,56.1,66.1,60.32363636363637,46.06748971193416
宁夏回族自治区,银川市,西夏区,镇北堡镇,106.0638617,38.6225753,6.0,0.0,1.0,14.0,86.0,6.0,0.0,0.0,34.0,1.0,3.0,0.0,0.0,0.0,2.0,2.0,0.0,0.0,0.0,0.0,8.0,0.0,0.0,0.0,0.0,1.0,8.0,0.0,0.0,0.0,0.0,1.0,1.0,2.0,9.0,8.0,3.0,0.0,0.0,7.0,12.0,4.0,0.0,0.0,16.0,1.0,2.0,0.0,0.0,0.0,2.0,2.0,0.0,0.0,0.0,0.0,3.0,0.0,0.0,0.0,0.0,1.0,3.0,0.0,0.0,0.0,0.0,1.0,1.0,1.0,6.0,4.0,3238972080.0,8742355.0,银川市西夏区,银川市西夏区镇北堡镇,16.0,30.0,5.0,5.1,56.1,66.1,60.32363636363637,46.06748971193416
宁夏回族自治区,银川市,金凤区,满城北街街道,106.1805555,38.5074682,8.0,24.0,36.0,30.0,71.0,61.0,0.0,47.0,331.0,5.0,6.0,0.0,1.0,2.0,15.0,18.0,0.0,0.0,0.0,7.0,17.0,0.0,2.0,0.0,1.0,4.0,393.0,0.0,0.0,14.0,1.0,62.0,6.0,14.0,16.0,11.0,0.0,4.0,2.0,5.0,2.0,0.0,0.0,3.0,45.0,0.0,0.0,0.0,0.0,0.0,6.0,7.0,0.0,0.0,0.0,0.0,3.0,0.0,0.0,0.0,0.0,1.0,10.0,0.0,0.0,1.0,0.0,0.0,0.0,7.0,7.0,2.0,5929583968.0,8738927.0,银川市金凤区,银川市金凤区满城北街街道,19.0,30.0,5.0,20.0,74.0,70.0125,60.32363636363637,46.06748971193416
宁夏回族自治区,银川市,金凤区,黄河东路街道,106.1846209,38.481388,0.0,39.0,64.0,51.0,111.0,27.0,0.0,43.0,479.0,4.0,8.0,0.0,1.0,2.0,12.0,13.0,0.0,0.0,0.0,10.0,18.0,0.0,4.0,0.0,0.0,4.0,718.0,0.0,0.0,5.0,1.0,25.0,6.0,14.0,14.0,8.0,0.0,3.0,14.0,6.0,21.0,2.0,0.0,6.0,108.0,0.0,0.0,0.0,0.0,0.0,2.0,2.0,0.0,0.0,0.0,0.0,3.0,0.0,0.0,0.0,0.0,1.0,78.0,0.0,0.0,0.0,0.0,1.0,0.0,4.0,10.0,4.0,5929583967.0,8738926.0,银川市金凤区,银川市金凤区黄河东路街道,19.0,30.0,5.0,20.0,74.0,70.0125,60.32363636363637,46.06748971193416
宁夏回族自治区,银川市,金凤区,长城中路街道,106.2373767,38.452869,0.0,12.0,76.0,51.0,125.0,12.0,0.0,9.0,390.0,4.0,4.0,2.0,2.0,2.0,16.0,18.0,0.0,0.0,1.0,6.0,7.0,2.0,5.0,0.0,0.0,4.0,639.0,0.0,11.0,9.0,3.0,35.0,4.0,12.0,12.0,10.0,0.0,5.0,2.0,3.0,15.0,0.0,0.0,2.0,36.0,2.0,2.0,0.0,0.0,0.0,4.0,4.0,0.0,0.0,0.0,1.0,2.0,1.0,1.0,0.0,0.0,1.0,32.0,0.0,8.0,1.0,0.0,7.0,0.0,1.0,6.0,6.0,5929583966.0,8738925.0,银川市金凤区,银川市金凤区长城中路街道,19.0,30.0,11.0,20.0,80.0,70.0125,60.32363636363637,46.06748971193416
宁夏回族自治区,银川市,金凤区,北京中路街道,106.2260591,38.4739615,0.0,22.0,90.0,27.0,130.0,47.0,0.0,27.0,455.0,6.0,5.0,9.0,1.0,1.0,15.0,18.0,0.0,0.0,3.0,11.0,26.0,4.0,4.0,1.0,0.0,6.0,837.0,2.0,12.0,11.0,4.0,35.0,9.0,13.0,14.0,12.0,0.0,3.0,4.0,4.0,20.0,8.0,0.0,0.0,46.0,0.0,0.0,0.0,0.0,0.0,3.0,4.0,0.0,0.0,2.0,0.0,2.0,2.0,2.0,0.0,0.0,2.0,276.0,2.0,3.0,4.0,1.0,10.0,0.0,3.0,9.0,5.0,5929583965.0,8738924.0,银川市金凤区,银川市金凤区北京中路街道,20.0,30.0,12.0,20.0,82.0,70.0125,60.32363636363637,46.06748971193416
宁夏回族自治区,银川市,金凤区,上海西路街道,106.2256599,38.4951473,0.0,28.0,68.0,32.0,114.0,91.0,0.0,31.0,405.0,10.0,5.0,8.0,2.0,2.0,14.0,18.0,0.0,0.0,3.0,10.0,34.0,5.0,3.0,1.0,0.0,5.0,721.0,2.0,5.0,30.0,4.0,31.0,9.0,14.0,13.0,12.0,0.0,4.0,16.0,2.0,11.0,30.0,0.0,10.0,52.0,5.0,0.0,4.0,0.0,0.0,0.0,0.0,0.0,0.0,0.0,0.0,5.0,0.0,0.0,0.0,0.0,2.0,35.0,0.0,0.0,22.0,0.0,5.0,2.0,3.0,10.0,7.0,5929583969.0,8738928.0,银川市金凤区,银川市金凤区上海西路街道,20.0,30.0,5.0,20.0,75.0,70.0125,60.32363636363637,46.06748971193416
宁夏回族自治区,银川市,金凤区,贺兰山中路街道,106.2265499,38.5188131,14.0,16.0,49.0,57.0,58.0,91.0,0.0,147.0,228.0,11.0,3.0,2.0,1.0,1.0,9.0,12.0,0.0,0.0,0.0,2.0,20.0,3.0,1.0,0.0,2.0,2.0,165.0,0.0,1.0,25.0,1.0,24.0,5.0,3.0,18.0,13.0,0.0,0.0,14.0,35.0,27.0,5.0,0.0,1.0,48.0,0.0,0.0,0.0,0.0,0.0,0.0,0.0,0.0,0.0,0.0,0.0,0.0,0.0,0.0,0.0,0.0,1.0,21.0,0.0,0.0,0.0,0.0,1.0,2.0,1.0,7.0,4.0,9641651147.0,14004334.0,银川市金凤区,银川市金凤区贺兰山中路街道,17.0,30.0,5.0,20.0,72.0,70.0125,60.32363636363637,46.06748971193416
宁夏回族自治区,银川市,金凤区,良田镇,106.1140856,38.3563962,0.0,0.0,9.0,6.0,139.0,0.0,0.0,0.0,0.0,0.0,0.0,0.0,0.0,0.0,2.0,3.0,0.0,0.0,0.0,0.0,15.0,0.0,0.0,0.0,0.0,1.0,4.0,0.0,0.0,2.0,0.0,3.0,0.0,4.0,4.0,5.0,0.0,0.0,1.0,5.0,14.0,0.0,0.0,0.0,0.0,0.0,0.0,0.0,0.0,0.0,1.0,2.0,0.0,0.0,0.0,0.0,2.0,0.0,0.0,0.0,0.0,1.0,1.0,0.0,0.0,1.0,0.0,1.0,0.0,1.0,4.0,2.0,5929433088.0,8738439.0,银川市金凤区,银川市金凤区良田镇,16.0,22.0,5.0,3.3,46.3,70.0125,60.32363636363637,46.06748971193416
宁夏回族自治区,银川市,金凤区,丰登镇,106.245,38.5516,6.0,8.0,17.0,7.0,39.0,28.0,0.0,47.0,18.0,3.0,0.0,0.0,0.0,0.0,3.0,4.0,0.0,0.0,0.0,0.0,6.0,0.0,0.0,0.0,1.0,1.0,35.0,0.0,0.0,1.0,0.0,4.0,1.0,2.0,18.0,8.0,0.0,0.0,8.0,0.0,17.0,0.0,0.0,0.0,0.0,0.0,0.0,0.0,0.0,0.0,1.0,2.0,0.0,0.0,0.0,0.0,2.0,0.0,0.0,0.0,0.0,1.0,2.0,0.0,0.0,0.0,0.0,1.0,0.0,1.0,4.0,3.0,5929412801.0,8738360.0,银川市金凤区,银川市金凤区丰登镇,16.0,28.0,5.0,7.800000000000001,56.8,70.0125,60.32363636363637,46.06748971193416
宁夏回族自治区,银川市,永宁县,团结西路街道,106.2575339,38.2732277,6.0,3.0,43.0,6.0,95.0,3.0,0.0,1.0,119.0,0.0,2.0,0.0,1.0,1.0,5.0,6.0,0.0,0.0,0.0,0.0,1.0,0.0,0.0,0.0,0.0,3.0,17.0,0.0,0.0,3.0,0.0,4.0,1.0,4.0,9.0,7.0,0.0,0.0,4.0,5.0,20.0,0.0,0.0,0.0,50.0,0.0,1.0,0.0,0.0,0.0,1.0,1.0,0.0,0.0,0.0,0.0,1.0,0.0,0.0,0.0,0.0,3.0,2.0,0.0,0.0,0.0,0.0,1.0,0.0,3.0,4.0,3.0,8158808195.0,-1.0,银川市永宁县,银川市永宁县团结西路街道,10.0,28.0,5.0,5.7,48.7,43.771428571428565,60.32363636363637,46.06748971193416
宁夏回族自治区,银川市,永宁县,杨和镇,106.2488109,38.2778432,6.0,0.0,37.0,6.0,106.0,3.0,0.0,1.0,127.0,0.0,3.0,0.0,1.0,1.0,5.0,6.0,0.0,0.0,0.0,0.0,1.0,0.0,0.0,0.0,0.0,3.0,17.0,0.0,0.0,3.0,0.0,4.0,1.0,7.0,10.0,7.0,2.0,0.0,2.0,5.0,28.0,0.0,0.0,0.0,46.0,0.0,0.0,0.0,1.0,1.0,1.0,1.0,0.0,0.0,0.0,0.0,1.0,0.0,0.0,0.0,0.0,3.0,4.0,0.0,0.0,0.0,0.0,1.0,0.0,3.0,5.0,5.0,839829213.0,8737183.0,银川市永宁县,银川市永宁县杨和镇,18.0,28.0,10.0,5.9,61.9,43.771428571428565,60.32363636363637,46.06748971193416
宁夏回族自治区,银川市,永宁县,李俊镇,106.119612,38.184269,0.0,4.0,0.0,9.0,4.0,3.0,0.0,0.0,0.0,0.0,0.0,0.0,0.0,0.0,0.0,0.0,0.0,0.0,0.0,0.0,1.0,0.0,0.0,0.0,0.0,1.0,2.0,0.0,0.0,0.0,0.0,0.0,0.0,5.0,4.0,2.0,0.0,1.0,0.0,3.0,4.0,0.0,0.0,0.0,0.0,0.0,0.0,0.0,0.0,0.0,0.0,0.0,0.0,0.0,0.0,0.0,1.0,0.0,0.0,0.0,0.0,1.0,0.0,0.0,0.0,0.0,0.0,0.0,0.0,1.0,3.0,2.0,2518929806.0,-1.0,银川市永宁县,银川市永宁县李俊镇,8.0,14.0,0.0,1.2,23.2,43.771428571428565,60.32363636363637,46.06748971193416
宁夏回族自治区,银川市,永宁县,望远镇,106.2657347,38.3830743,6.0,0.0,16.0,17.0,24.0,2.0,0.0,0.0,100.0,0.0,2.0,0.0,0.0,0.0,1.0,2.0,0.0,0.0,0.0,0.0,2.0,0.0,1.0,0.0,0.0,1.0,487.0,0.0,0.0,3.0,0.0,5.0,0.0,10.0,10.0,6.0,6.0,0.0,1.0,7.0,8.0,1.0,0.0,0.0,42.0,0.0,0.0,0.0,0.0,0.0,0.0,0.0,0.0,0.0,0.0,0.0,1.0,0.0,1.0,0.0,0.0,1.0,51.0,0.0,0.0,0.0,0.0,3.0,0.0,1.0,7.0,5.0,5928773424.0,-1.0,银川市永宁县,银川市永宁县望远镇,8.0,25.200000000000003,0.0,19.0,52.2,43.771428571428565,60.32363636363637,46.06748971193416
宁夏回族自治区,银川市,永宁县,望洪镇,106.2271688,38.1992553,9.0,4.0,3.0,8.0,0.0,0.0,0.0,0.0,0.0,1.0,1.0,0.0,0.0,0.0,0.0,0.0,0.0,0.0,0.0,0.0,0.0,0.0,0.0,0.0,0.0,1.0,0.0,0.0,0.0,7.0,0.0,0.0,0.0,4.0,4.0,2.0,7.0,2.0,1.0,2.0,0.0,0.0,0.0,0.0,0.0,0.0,1.0,0.0,0.0,0.0,0.0,0.0,0.0,0.0,0.0,0.0,0.0,0.0,0.0,0.0,0.0,1.0,0.0,0.0,0.0,0.0,0.0,0.0,0.0,1.0,4.0,1.0,3247455061.0,-1.0,银川市永宁县,银川市永宁县望洪镇,8.0,16.0,0.0,1.7000000000000002,25.7,43.771428571428565,60.32363636363637,46.06748971193416
宁夏回族自治区,银川市,永宁县,闽宁镇,105.969,38.2539,7.0,0.0,7.0,36.0,52.0,49.0,0.0,8.0,44.0,1.0,1.0,0.0,0.0,0.0,2.0,2.0,0.0,0.0,0.0,0.0,4.0,0.0,2.0,1.0,0.0,2.0,16.0,0.0,1.0,3.0,0.0,21.0,0.0,2.0,13.0,16.0,2.0,0.0,1.0,18.0,21.0,8.0,0.0,0.0,12.0,0.0,0.0,0.0,0.0,0.0,1.0,1.0,0.0,0.0,0.0,0.0,3.0,0.0,1.0,0.0,0.0,2.0,0.0,0.0,0.0,1.0,0.0,1.0,0.0,2.0,9.0,7.0,5927013280.0,-1.0,银川市永宁县,银川市永宁县闽宁镇,9.0,30.0,5.0,6.0,50.0,43.771428571428565,60.32363636363637,46.06748971193416
宁夏回族自治区,银川市,永宁县,胜利乡,106.212696,38.3115702,0.0,10.0,24.0,4.0,77.0,7.0,0.0,0.0,8.0,0.0,0.0,0.0,0.0,0.0,0.0,0.0,0.0,0.0,0.0,0.0,1.0,0.0,2.0,0.0,0.0,1.0,0.0,0.0,0.0,1.0,0.0,0.0,1.0,4.0,9.0,5.0,0.0,0.0,6.0,2.0,10.0,1.0,0.0,0.0,0.0,0.0,0.0,0.0,0.0,0.0,0.0,0.0,0.0,0.0,0.0,0.0,0.0,0.0,0.0,0.0,0.0,1.0,0.0,0.0,0.0,1.0,0.0,0.0,0.0,1.0,5.0,1.0,5928743356.0,8737182.0,银川市永宁县,银川市永宁县胜利乡,16.0,26.0,0.0,2.7,44.7,43.771428571428565,60.32363636363637,46.06748971193416
宁夏回族自治区,银川市,贺兰县,富兴街街道,106.344152,38.552771,7.0,0.0,23.0,55.0,40.0,12.0,0.0,2.0,239.0,1.0,5.0,0.0,1.0,1.0,7.0,9.0,0.0,0.0,0.0,0.0,7.0,0.0,1.0,0.0,0.0,2.0,231.0,0.0,0.0,2.0,0.0,28.0,0.0,3.0,12.0,6.0,0.0,0.0,2.0,12.0,15.0,0.0,0.0,0.0,95.0,0.0,0.0,0.0,0.0,0.0,1.0,1.0,0.0,0.0,0.0,0.0,0.0,0.0,0.0,0.0,0.0,1.0,36.0,0.0,0.0,1.0,0.0,8.0,0.0,1.0,4.0,2.0,8163241908.0,-1.0,银川市贺兰县,银川市贺兰县富兴街街道,9.0,30.0,5.0,19.0,63.0,48.083333333333336,60.32363636363637,46.06748971193416
宁夏回族自治区,银川市,贺兰县,习岗镇,106.3375781,38.5628846,7.0,0.0,27.0,54.0,48.0,20.0,0.0,4.0,231.0,4.0,5.0,9.0,1.0,1.0,7.0,10.0,1.0,0.0,0.0,0.0,7.0,0.0,1.0,0.0,0.0,3.0,324.0,0.0,0.0,2.0,0.0,31.0,0.0,4.0,12.0,7.0,2.0,0.0,4.0,14.0,9.0,3.0,0.0,0.0,60.0,0.0,1.0,0.0,1.0,1.0,2.0,3.0,0.0,0.0,0.0,0.0,3.0,0.0,0.0,0.0,0.0,1.0,31.0,0.0,0.0,1.0,0.0,9.0,0.0,1.0,8.0,3.0,5931500031.0,-1.0,银川市贺兰县,银川市贺兰县习岗镇,10.0,30.0,15.0,19.5,74.5,48.083333333333336,60.32363636363637,46.06748971193416
宁夏回族自治区,银川市,贺兰县,金贵镇,106.4029892,38.4931833,0.0,12.0,1.0,32.0,55.0,0.0,0.0,0.0,4.0,0.0,0.0,0.0,0.0,0.0,0.0,0.0,0.0,0.0,0.0,0.0,0.0,0.0,0.0,0.0,0.0,1.0,25.0,0.0,0.0,0.0,0.0,1.0,0.0,5.0,9.0,3.0,0.0,0.0,0.0,9.0,23.0,0.0,0.0,0.0,0.0,0.0,0.0,0.0,0.0,0.0,0.0,0.0,0.0,0.0,0.0,0.0,0.0,0.0,0.0,0.0,0.0,1.0,0.0,0.0,0.0,0.0,0.0,0.0,0.0,1.0,2.0,0.0,2518929802.0,-1.0,银川市贺兰县,银川市贺兰县金贵镇,8.0,26.0,0.0,4.0,38.0,48.083333333333336,60.32363636363637,46.06748971193416
宁夏回族自治区,银川市,贺兰县,立岗镇,106.4312985,38.6482525,0.0,10.0,3.0,9.0,21.0,0.0,0.0,0.0,0.0,0.0,0.0,0.0,0.0,0.0,1.0,1.0,0.0,0.0,0.0,0.0,1.0,0.0,0.0,0.0,0.0,1.0,22.0,0.0,0.0,0.0,0.0,1.0,0.0,1.0,5.0,3.0,0.0,2.0,1.0,4.0,8.0,0.0,0.0,0.0,0.0,0.0,0.0,0.0,0.0,0.0,1.0,1.0,0.0,0.0,0.0,0.0,1.0,0.0,0.0,0.0,0.0,1.0,6.0,0.0,0.0,0.0,0.0,0.0,0.0,1.0,4.0,1.0,2518929805.0,-1.0,银川市贺兰县,银川市贺兰县立岗镇,8.0,19.1,5.0,4.300000000000001,36.400000000000006,48.083333333333336,60.32363636363637,46.06748971193416
宁夏回族自治区,银川市,贺兰县,洪广镇,106.2818922,38.7329665,0.0,10.0,0.0,2.0,22.0,4.0,0.0,0.0,0.0,0.0,3.0,1.0,0.0,0.0,0.0,0.0,0.0,0.0,0.0,0.0,2.0,1.0,17.0,0.0,0.0,1.0,10.0,0.0,0.0,1.0,0.0,0.0,0.0,3.0,6.0,4.0,0.0,0.0,0.0,0.0,8.0,4.0,0.0,0.0,0.0,0.0,0.0,1.0,0.0,0.0,0.0,0.0,0.0,0.0,0.0,0.0,1.0,1.0,7.0,0.0,0.0,1.0,10.0,0.0,0.0,0.0,0.0,0.0,0.0,1.0,2.0,4.0,2519015544.0,11940616.0,银川市贺兰县,银川市贺兰县洪广镇,16.0,18.8,5.0,4.1,43.9,48.083333333333336,60.32363636363637,46.06748971193416
宁夏回族自治区,银川市,贺兰县,常信乡,106.3298227,38.6738669,0.0,14.0,0.0,12.0,13.0,0.0,0.0,0.0,0.0,0.0,0.0,0.0,0.0,0.0,1.0,1.0,0.0,0.0,0.0,0.0,0.0,0.0,0.0,0.0,0.0,3.0,3.0,0.0,0.0,0.0,0.0,0.0,0.0,3.0,7.0,2.0,0.0,1.0,0.0,4.0,1.0,0.0,0.0,0.0,0.0,0.0,0.0,0.0,0.0,0.0,1.0,1.0,0.0,0.0,0.0,0.0,0.0,0.0,0.0,0.0,0.0,1.0,0.0,0.0,0.0,0.0,0.0,0.0,0.0,1.0,3.0,0.0,2518929794.0,-1.0,银川市贺兰县,银川市贺兰县常信乡,10.0,16.4,5.0,1.3,32.699999999999996,48.083333333333336,60.32363636363637,46.06748971193416
宁夏回族自治区,银川市,灵武市,城区街道,106.3369018,38.0831533,15.0,10.0,30.0,28.0,54.0,3.0,0.0,6.0,0.0,0.0,0.0,0.0,1.0,1.0,7.0,8.0,0.0,0.0,0.0,0.0,3.0,0.0,2.0,0.0,0.0,3.0,235.0,0.0,0.0,2.0,0.0,43.0,1.0,3.0,9.0,7.0,0.0,0.0,18.0,5.0,13.0,0.0,0.0,0.0,0.0,0.0,0.0,0.0,0.0,0.0,1.0,1.0,0.0,0.0,0.0,0.0,0.0,0.0,1.0,0.0,0.0,2.0,54.0,0.0,0.0,1.0,0.0,8.0,0.0,2.0,4.0,2.0,5924342493.0,8729564.0,银川市灵武市,银川市灵武市城区街道,18.0,24.0,5.0,19.5,66.5,43.833333333333336,60.32363636363637,46.06748971193416
宁夏回族自治区,银川市,灵武市,东塔镇,106.3391651,38.0829877,16.0,10.0,30.0,28.0,54.0,3.0,0.0,6.0,0.0,0.0,0.0,0.0,0.0,0.0,7.0,8.0,0.0,0.0,0.0,0.0,2.0,0.0,2.0,0.0,0.0,3.0,235.0,0.0,0.0,1.0,0.0,43.0,1.0,3.0,11.0,7.0,0.0,0.0,10.0,5.0,11.0,0.0,0.0,0.0,0.0,0.0,0.0,0.0,0.0,0.0,1.0,1.0,0.0,0.0,0.0,0.0,0.0,0.0,1.0,0.0,0.0,2.0,53.0,0.0,0.0,1.0,0.0,7.0,0.0,2.0,5.0,3.0,5924342494.0,11937740.0,银川市灵武市,银川市灵武市东塔镇,18.0,24.0,5.0,19.5,66.5,43.833333333333336,60.32363636363637,46.06748971193416
宁夏回族自治区,银川市,灵武市,郝家桥镇,106.289204,38.0071471,0.0,0.0,10.0,7.0,54.0,0.0,0.0,0.0,0.0,0.0,1.0,0.0,0.0,0.0,0.0,0.0,0.0,0.0,0.0,0.0,0.0,0.0,0.0,0.0,0.0,2.0,11.0,0.0,0.0,1.0,0.0,13.0,1.0,9.0,7.0,4.0,0.0,0.0,2.0,1.0,15.0,0.0,0.0,0.0,0.0,0.0,0.0,0.0,0.0,0.0,0.0,0.0,0.0,0.0,0.0,0.0,0.0,0.0,0.0,0.0,0.0,1.0,0.0,0.0,0.0,0.0,0.0,2.0,0.0,1.0,4.0,2.0,2518929800.0,-1.0,银川市灵武市,银川市灵武市郝家桥镇,9.0,25.5,0.0,3.2,37.7,43.833333333333336,60.32363636363637,46.06748971193416
宁夏回族自治区,银川市,灵武市,崇兴镇,106.298551,38.031366,0.0,0.0,2.0,12.0,43.0,0.0,0.0,0.0,0.0,0.0,1.0,0.0,0.0,0.0,0.0,0.0,0.0,0.0,0.0,0.0,0.0,0.0,0.0,0.0,0.0,2.0,3.0,0.0,0.0,0.0,0.0,15.0,0.0,5.0,5.0,2.0,0.0,0.0,2.0,3.0,3.0,0.0,0.0,0.0,0.0,0.0,0.0,0.0,0.0,0.0,0.0,0.0,0.0,0.0,0.0,0.0,0.0,0.0,0.0,0.0,0.0,1.0,0.0,0.0,0.0,0.0,0.0,11.0,0.0,1.0,4.0,2.0,2518929795.0,-1.0,银川市灵武市,银川市灵武市崇兴镇,9.0,24.0,0.0,1.3,34.3,43.833333333333336,60.32363636363637,46.06748971193416
宁夏回族自治区,银川市,灵武市,宁东镇,106.5790249,38.1592552,0.0,5.0,30.0,34.0,30.0,11.0,0.0,10.0,57.0,0.0,1.0,0.0,0.0,0.0,2.0,2.0,0.0,0.0,0.0,0.0,9.0,1.0,12.0,0.0,0.0,1.0,12.0,0.0,0.0,11.0,0.0,6.0,0.0,5.0,14.0,7.0,0.0,3.0,2.0,16.0,4.0,3.0,0.0,0.0,24.0,0.0,0.0,0.0,0.0,0.0,1.0,1.0,0.0,0.0,0.0,0.0,5.0,0.0,0.0,0.0,0.0,1.0,2.0,0.0,0.0,0.0,0.0,1.0,0.0,1.0,9.0,3.0,3218449605.0,-1.0,银川市灵武市,银川市灵武市宁东镇,8.0,25.2,5.0,6.0,44.2,43.833333333333336,60.32363636363637,46.06748971193416
宁夏回族自治区,银川市,灵武市,马家滩镇,106.797096,37.793764,2.0,2.0,0.0,8.0,10.0,2.0,0.0,0.0,0.0,0.0,1.0,0.0,0.0,0.0,0.0,0.0,0.0,0.0,0.0,0.0,0.0,0.0,1.0,0.0,0.0,1.0,0.0,0.0,0.0,0.0,0.0,0.0,0.0,1.0,6.0,2.0,1.0,1.0,0.0,6.0,8.0,0.0,0.0,0.0,0.0,0.0,0.0,0.0,0.0,0.0,0.0,0.0,0.0,0.0,0.0,0.0,0.0,0.0,1.0,0.0,0.0,1.0,0.0,0.0,0.0,0.0,0.0,0.0,0.0,1.0,4.0,1.0,2518929807.0,-1.0,银川市灵武市,银川市灵武市马家滩镇,8.0,19.4,0.0,1.0,28.4,43.833333333333336,60.32363636363637,46.06748971193416
宁夏回族自治区,银川市,灵武市,临河镇,106.3684426,38.3208701,0.0,35.0,31.0,14.0,256.0,74.0,0.0,3.0,1.0,11.0,1.0,0.0,0.0,0.0,2.0,2.0,0.0,0.0,0.0,0.0,2.0,1.0,1.0,0.0,0.0,1.0,51.0,2.0,0.0,6.0,0.0,11.0,8.0,9.0,14.0,21.0,0.0,19.0,16.0,6.0,88.0,11.0,0.0,2.0,0.0,3.0,0.0,0.0,0.0,0.0,2.0,2.0,0.0,0.0,0.0,0.0,2.0,0.0,1.0,0.0,0.0,1.0,27.0,0.0,0.0,1.0,0.0,4.0,0.0,6.0,12.0,13.0,3247449425.0,-1.0,银川市灵武市,银川市灵武市临河镇,8.0,30.0,5.0,12.5,55.5,43.833333333333336,60.32363636363637,46.06748971193416
宁夏回族自治区,银川市,灵武市,梧桐树乡,106.281583,38.165651,0.0,0.0,2.0,7.0,30.0,0.0,0.0,0.0,0.0,0.0,0.0,0.0,0.0,0.0,0.0,0.0,0.0,0.0,0.0,0.0,1.0,0.0,0.0,0.0,0.0,2.0,9.0,0.0,0.0,1.0,0.0,0.0,0.0,1.0,4.0,2.0,0.0,0.0,0.0,3.0,15.0,0.0,0.0,0.0,0.0,0.0,0.0,0.0,0.0,0.0,0.0,0.0,0.0,0.0,0.0,0.0,1.0,0.0,0.0,0.0,0.0,1.0,0.0,0.0,0.0,1.0,0.0,0.0,0.0,1.0,2.0,1.0,5924419335.0,-1.0,银川市灵武市,银川市灵武市梧桐树乡,9.0,22.0,0.0,2.1,33.1,43.833333333333336,60.32363636363637,46.06748971193416
宁夏回族自治区,银川市,灵武市,白土岗乡,106.33742,37.830559,2.0,0.0,3.0,7.0,13.0,0.0,0.0,0.0,0.0,0.0,0.0,0.0,0.0,0.0,0.0,0.0,0.0,0.0,0.0,0.0,1.0,0.0,0.0,0.0,0.0,1.0,0.0,0.0,0.0,0.0,0.0,0.0,0.0,9.0,6.0,4.0,1.0,0.0,3.0,1.0,9.0,0.0,0.0,0.0,0.0,0.0,0.0,0.0,0.0,0.0,0.0,0.0,0.0,0.0,0.0,0.0,0.0,0.0,0.0,0.0,0.0,1.0,0.0,0.0,0.0,0.0,0.0,0.0,0.0,1.0,4.0,1.0,2518929792.0,-1.0,银川市灵武市,银川市灵武市白土岗乡,8.0,18.3,0.0,2.0,28.3,43.833333333333336,60.32363636363637,46.06748971193416
宁夏回族自治区,石嘴山市,大武口区,长胜街道,106.3226725,39.0126529,0.0,6.0,19.0,24.0,43.0,6.0,0.0,6.0,0.0,0.0,0.0,0.0,0.0,0.0,5.0,5.0,0.0,0.0,0.0,0.0,20.0,2.0,0.0,0.0,0.0,1.0,445.0,0.0,0.0,3.0,0.0,9.0,0.0,6.0,9.0,10.0,0.0,2.0,0.0,1.0,3.0,0.0,0.0,0.0,0.0,0.0,0.0,0.0,0.0,0.0,0.0,0.0,0.0,0.0,0.0,0.0,0.0,0.0,0.0,0.0,0.0,1.0,10.0,0.0,0.0,0.0,0.0,0.0,0.0,2.0,3.0,1.0,5932162000.0,8747163.0,石嘴山市大武口区,石嘴山市大武口区长胜街道,16.0,23.5,0.0,20.0,59.5,66.03636363636363,47.76111111111111,46.06748971193416
宁夏回族自治区,石嘴山市,大武口区,朝阳街道,106.3702091,39.0101244,14.0,4.0,37.0,55.0,89.0,28.0,0.0,32.0,2.0,2.0,7.0,1.0,3.0,6.0,22.0,22.0,0.0,2.0,6.0,16.0,46.0,43.0,8.0,1.0,0.0,6.0,1088.0,0.0,3.0,10.0,3.0,47.0,2.0,10.0,15.0,14.0,0.0,2.0,6.0,15.0,11.0,9.0,0.0,23.0,1.0,2.0,0.0,0.0,0.0,2.0,5.0,5.0,0.0,2.0,4.0,15.0,15.0,37.0,0.0,1.0,0.0,2.0,195.0,0.0,0.0,0.0,1.0,4.0,1.0,4.0,11.0,9.0,5933671773.0,8747165.0,石嘴山市大武口区,石嘴山市大武口区朝阳街道,20.0,30.0,20.0,20.0,90.0,66.03636363636363,47.76111111111111,46.06748971193416
宁夏回族自治区,石嘴山市,大武口区,人民路街道,106.378408,39.0176502,12.0,4.0,24.0,47.0,123.0,28.0,0.0,30.0,2.0,2.0,6.0,0.0,3.0,6.0,19.0,19.0,0.0,2.0,6.0,16.0,47.0,41.0,8.0,1.0,0.0,6.0,1038.0,0.0,3.0,9.0,3.0,44.0,2.0,7.0,14.0,15.0,0.0,2.0,9.0,7.0,15.0,11.0,0.0,23.0,1.0,1.0,1.0,0.0,0.0,2.0,5.0,5.0,0.0,2.0,6.0,16.0,14.0,40.0,2.0,0.0,0.0,2.0,199.0,0.0,1.0,1.0,2.0,18.0,0.0,4.0,10.0,7.0,5933671777.0,8747169.0,石嘴山市大武口区,石嘴山市大武口区人民路街道,20.0,30.0,15.0,20.0,85.0,66.03636363636363,47.76111111111111,46.06748971193416
宁夏回族自治区,石嘴山市,大武口区,长城街道,106.3741876,39.0216648,9.0,5.0,25.0,45.0,133.0,20.0,0.0,29.0,2.0,2.0,5.0,0.0,3.0,6.0,19.0,19.0,0.0,2.0,6.0,16.0,46.0,41.0,8.0,1.0,0.0,7.0,1021.0,0.0,3.0,8.0,3.0,44.0,2.0,8.0,14.0,15.0,0.0,1.0,9.0,9.0,17.0,10.0,0.0,17.0,0.0,0.0,1.0,0.0,3.0,6.0,4.0,4.0,0.0,0.0,6.0,12.0,11.0,31.0,2.0,0.0,0.0,2.0,186.0,0.0,3.0,0.0,2.0,8.0,1.0,4.0,9.0,9.0,5933671771.0,8747162.0,石嘴山市大武口区,石嘴山市大武口区长城街道,20.0,30.0,18.0,20.0,88.0,66.03636363636363,47.76111111111111,46.06748971193416
宁夏回族自治区,石嘴山市,大武口区,青山街道,106.3664646,39.0146451,12.0,6.0,37.0,52.0,86.0,24.0,0.0,30.0,2.0,2.0,6.0,0.0,3.0,6.0,21.0,21.0,0.0,2.0,6.0,16.0,47.0,43.0,8.0,1.0,0.0,5.0,1105.0,0.0,3.0,10.0,3.0,48.0,2.0,9.0,15.0,14.0,0.0,2.0,10.0,14.0,14.0,10.0,0.0,25.0,0.0,1.0,0.0,0.0,3.0,6.0,5.0,5.0,0.0,2.0,6.0,14.0,15.0,37.0,0.0,1.0,0.0,3.0,222.0,0.0,2.0,0.0,2.0,13.0,1.0,5.0,10.0,10.0,5933671776.0,8747168.0,石嘴山市大武口区,石嘴山市大武口区青山街道,20.0,30.0,20.0,20.0,90.0,66.03636363636363,47.76111111111111,46.06748971193416
宁夏回族自治区,石嘴山市,大武口区,石炭井街道,106.3382869,39.2378244,0.0,8.0,0.0,13.0,11.0,8.0,0.0,5.0,0.0,1.0,1.0,0.0,0.0,0.0,0.0,0.0,0.0,0.0,0.0,0.0,0.0,0.0,1.0,0.0,0.0,1.0,98.0,0.0,0.0,3.0,0.0,0.0,0.0,1.0,10.0,5.0,0.0,5.0,0.0,11.0,7.0,7.0,0.0,5.0,0.0,1.0,0.0,0.0,0.0,0.0,0.0,0.0,0.0,0.0,0.0,0.0,0.0,0.0,1.0,0.0,0.0,1.0,78.0,0.0,0.0,3.0,0.0,0.0,0.0,1.0,9.0,4.0,3732931950.0,8747170.0,石嘴山市大武口区,石嘴山市大武口区石炭井街道,16.0,22.3,0.0,18.5,56.8,66.03636363636363,47.76111111111111,46.06748971193416
宁夏回族自治区,石嘴山市,大武口区,白芨沟街道,106.1333881,39.106821,0.0,0.0,0.0,6.0,14.0,0.0,0.0,0.0,0.0,0.0,0.0,0.0,1.0,1.0,0.0,0.0,0.0,0.0,0.0,0.0,2.0,0.0,1.0,0.0,0.0,1.0,2.0,0.0,0.0,0.0,0.0,0.0,0.0,10.0,4.0,3.0,0.0,0.0,0.0,2.0,9.0,0.0,0.0,0.0,0.0,0.0,0.0,0.0,1.0,1.0,0.0,0.0,0.0,0.0,0.0,0.0,1.0,0.0,0.0,0.0,0.0,1.0,2.0,0.0,0.0,0.0,0.0,0.0,0.0,1.0,4.0,2.0,3732825285.0,8747161.0,石嘴山市大武口区,石嘴山市大武口区白芨沟街道,16.0,12.5,5.0,1.9,35.4,66.03636363636363,47.76111111111111,46.06748971193416
宁夏回族自治区,石嘴山市,大武口区,沟口街道,106.4433145,39.0418196,4.0,1.0,2.0,2.0,4.0,22.0,0.0,1.0,0.0,1.0,1.0,0.0,0.0,0.0,0.0,0.0,0.0,0.0,0.0,0.0,1.0,0.0,5.0,0.0,0.0,1.0,84.0,0.0,0.0,15.0,2.0,1.0,0.0,6.0,11.0,8.0,2.0,1.0,0.0,1.0,0.0,0.0,0.0,0.0,0.0,0.0,0.0,0.0,0.0,0.0,0.0,0.0,0.0,0.0,0.0,0.0,1.0,0.0,0.0,0.0,0.0,1.0,1.0,0.0,0.0,0.0,0.0,0.0,0.0,1.0,3.0,2.0,5933671774.0,8747166.0,石嘴山市大武口区,石嘴山市大武口区沟口街道,16.0,15.8,0.0,14.0,45.8,66.03636363636363,47.76111111111111,46.06748971193416
宁夏回族自治区,石嘴山市,大武口区,长兴街道,106.3935284,39.041877,10.0,0.0,18.0,15.0,92.0,4.0,0.0,0.0,1.0,0.0,1.0,0.0,0.0,0.0,4.0,4.0,0.0,0.0,0.0,1.0,9.0,2.0,9.0,0.0,0.0,4.0,211.0,0.0,1.0,3.0,1.0,6.0,0.0,6.0,8.0,11.0,0.0,0.0,1.0,2.0,62.0,1.0,0.0,0.0,0.0,0.0,0.0,0.0,0.0,0.0,0.0,0.0,0.0,0.0,0.0,0.0,1.0,0.0,1.0,0.0,0.0,2.0,33.0,0.0,0.0,1.0,0.0,0.0,0.0,3.0,5.0,5.0,5933671772.0,8747164.0,石嘴山市大武口区,石嘴山市大武口区长兴街道,19.0,28.0,0.0,20.0,67.0,66.03636363636363,47.76111111111111,46.06748971193416
宁夏回族自治区,石嘴山市,大武口区,锦林街道,106.3338624,38.96682,10.0,5.0,13.0,19.0,20.0,2.0,0.0,0.0,0.0,0.0,1.0,0.0,1.0,1.0,4.0,4.0,0.0,0.0,0.0,0.0,6.0,0.0,3.0,0.0,1.0,1.0,188.0,0.0,0.0,3.0,0.0,8.0,0.0,4.0,8.0,6.0,6.0,0.0,0.0,1.0,7.0,0.0,0.0,0.0,0.0,0.0,0.0,0.0,0.0,0.0,3.0,3.0,0.0,0.0,0.0,0.0,1.0,0.0,1.0,0.0,0.0,1.0,50.0,0.0,0.0,2.0,0.0,6.0,0.0,1.0,3.0,5.0,5933671775.0,8747167.0,石嘴山市大武口区,石嘴山市大武口区锦林街道,16.0,22.1,5.0,19.0,62.1,66.03636363636363,47.76111111111111,46.06748971193416
宁夏回族自治区,石嘴山市,大武口区,星海镇,106.4295575,38.9763997,0.0,1.0,4.0,4.0,25.0,5.0,0.0,0.0,0.0,0.0,0.0,0.0,0.0,0.0,0.0,0.0,0.0,0.0,0.0,0.0,4.0,0.0,5.0,0.0,0.0,1.0,70.0,0.0,0.0,3.0,0.0,2.0,0.0,6.0,9.0,8.0,0.0,1.0,1.0,2.0,3.0,0.0,0.0,0.0,0.0,0.0,0.0,0.0,0.0,0.0,0.0,0.0,0.0,0.0,0.0,0.0,3.0,0.0,1.0,0.0,0.0,1.0,6.0,0.0,0.0,0.0,0.0,1.0,0.0,1.0,6.0,5.0,5931846607.0,8743861.0,石嘴山市大武口区,石嘴山市大武口区星海镇,16.0,18.9,0.0,11.9,46.8,66.03636363636363,47.76111111111111,46.06748971193416
宁夏回族自治区,石嘴山市,惠农区,育才路街道,106.7583575,39.2192023,12.0,10.0,37.0,16.0,78.0,7.0,0.0,0.0,0.0,0.0,0.0,0.0,0.0,0.0,4.0,4.0,0.0,0.0,0.0,2.0,0.0,0.0,1.0,0.0,0.0,6.0,31.0,0.0,0.0,0.0,0.0,21.0,0.0,9.0,10.0,9.0,0.0,0.0,11.0,9.0,17.0,0.0,0.0,0.0,0.0,0.0,0.0,0.0,0.0,0.0,1.0,1.0,0.0,0.0,0.0,0.0,0.0,0.0,0.0,0.0,0.0,1.0,3.0,0.0,0.0,0.0,0.0,7.0,0.0,3.0,3.0,1.0,5934190226.0,8747960.0,石嘴山市惠农区,石嘴山市惠农区育才路街道,20.0,24.0,5.0,7.4,56.4,49.21666666666667,47.76111111111111,46.06748971193416
宁夏回族自治区,石嘴山市,惠农区,南街街道,106.7680233,39.2245747,21.0,10.0,33.0,17.0,79.0,10.0,0.0,0.0,0.0,0.0,0.0,0.0,0.0,0.0,4.0,4.0,0.0,0.0,0.0,2.0,0.0,0.0,2.0,0.0,0.0,6.0,45.0,0.0,0.0,0.0,0.0,22.0,1.0,16.0,9.0,10.0,0.0,2.0,14.0,8.0,27.0,1.0,0.0,0.0,0.0,0.0,0.0,0.0,0.0,0.0,1.0,1.0,0.0,0.0,0.0,2.0,0.0,0.0,0.0,0.0,0.0,2.0,4.0,0.0,0.0,0.0,0.0,7.0,0.0,4.0,7.0,1.0,5934190225.0,8747959.0,石嘴山市惠农区,石嘴山市惠农区南街街道,20.0,24.0,7.0,8.9,59.9,49.21666666666667,47.76111111111111,46.06748971193416
宁夏回族自治区,石嘴山市,惠农区,中街街道,106.7751798,39.2363413,17.0,2.0,19.0,12.0,88.0,13.0,0.0,0.0,0.0,0.0,1.0,0.0,0.0,0.0,3.0,3.0,0.0,0.0,0.0,2.0,0.0,0.0,2.0,0.0,0.0,6.0,48.0,0.0,0.0,0.0,0.0,19.0,1.0,15.0,9.0,10.0,13.0,2.0,11.0,3.0,30.0,3.0,0.0,0.0,0.0,0.0,0.0,0.0,0.0,0.0,1.0,1.0,0.0,0.0,0.0,2.0,0.0,0.0,2.0,0.0,0.0,3.0,18.0,0.0,0.0,0.0,0.0,4.0,0.0,5.0,9.0,7.0,5934212383.0,8747991.0,石嘴山市惠农区,石嘴山市惠农区中街街道,20.0,26.0,7.0,10.600000000000001,63.6,49.21666666666667,47.76111111111111,46.06748971193416
宁夏回族自治区,石嘴山市,惠农区,北街街道,106.7795025,39.2399574,19.0,2.0,19.0,11.0,91.0,13.0,0.0,0.0,0.0,0.0,1.0,0.0,0.0,0.0,2.0,2.0,0.0,0.0,0.0,2.0,0.0,0.0,2.0,0.0,0.0,6.0,45.0,0.0,0.0,0.0,0.0,13.0,1.0,15.0,9.0,10.0,16.0,0.0,4.0,3.0,22.0,4.0,0.0,0.0,0.0,0.0,0.0,0.0,0.0,0.0,1.0,1.0,0.0,0.0,0.0,0.0,0.0,0.0,1.0,0.0,0.0,3.0,19.0,0.0,0.0,0.0,0.0,5.0,1.0,12.0,7.0,8.0,5934212382.0,8747990.0,石嘴山市惠农区,石嘴山市惠农区北街街道,20.0,26.0,5.0,10.4,61.4,49.21666666666667,47.76111111111111,46.06748971193416
宁夏回族自治区,石嘴山市,惠农区,河滨街街道,106.767279,39.3100413,8.0,0.0,10.0,9.0,68.0,40.0,0.0,0.0,0.0,0.0,1.0,0.0,0.0,0.0,4.0,4.0,0.0,0.0,0.0,0.0,3.0,1.0,17.0,0.0,0.0,1.0,348.0,0.0,0.0,21.0,0.0,3.0,0.0,11.0,9.0,7.0,2.0,0.0,4.0,3.0,7.0,1.0,0.0,0.0,0.0,0.0,0.0,0.0,0.0,0.0,3.0,3.0,0.0,0.0,0.0,0.0,1.0,0.0,3.0,0.0,0.0,1.0,49.0,0.0,0.0,0.0,0.0,1.0,0.0,1.0,6.0,4.0,-1.0,-1.0,石嘴山市惠农区,石嘴山市惠农区河滨街街道,1.0,26.0,5.0,19.5,51.5,49.21666666666667,47.76111111111111,46.06748971193416
宁夏回族自治区,石嘴山市,惠农区,火车站街道,106.7219308,39.2605064,2.0,2.0,8.0,5.0,35.0,17.0,0.0,0.0,0.0,0.0,2.0,0.0,0.0,0.0,0.0,0.0,0.0,0.0,0.0,0.0,0.0,0.0,5.0,0.0,0.0,1.0,109.0,0.0,0.0,2.0,0.0,1.0,0.0,6.0,10.0,3.0,2.0,0.0,1.0,0.0,8.0,3.0,0.0,0.0,0.0,0.0,0.0,0.0,0.0,0.0,0.0,0.0,0.0,0.0,0.0,0.0,0.0,0.0,3.0,0.0,0.0,1.0,22.0,0.0,0.0,0.0,0.0,0.0,0.0,3.0,6.0,1.0,5934303572.0,8748130.0,石嘴山市惠农区,石嘴山市惠农区火车站街道,16.0,25.4,0.0,14.8,56.2,49.21666666666667,47.76111111111111,46.06748971193416
宁夏回族自治区,石嘴山市,惠农区,红果子镇,106.659049,39.169447,5.0,2.0,3.0,3.0,10.0,16.0,0.0,0.0,0.0,0.0,1.0,0.0,0.0,0.0,0.0,0.0,0.0,0.0,0.0,0.0,4.0,0.0,4.0,1.0,0.0,3.0,0.0,0.0,0.0,1.0,0.0,0.0,1.0,4.0,12.0,9.0,2.0,0.0,1.0,0.0,3.0,2.0,0.0,0.0,0.0,0.0,0.0,0.0,0.0,0.0,0.0,0.0,0.0,0.0,0.0,0.0,3.0,0.0,2.0,0.0,0.0,1.0,0.0,0.0,0.0,1.0,0.0,0.0,0.0,1.0,6.0,2.0,2518895316.0,8747372.0,石嘴山市惠农区,石嘴山市惠农区红果子镇,18.0,16.9,0.0,4.2,39.1,49.21666666666667,47.76111111111111,46.06748971193416
宁夏回族自治区,石嘴山市,惠农区,尾闸镇,106.739382,39.1617823,2.0,6.0,2.0,9.0,4.0,0.0,0.0,0.0,0.0,0.0,0.0,0.0,0.0,0.0,0.0,0.0,0.0,0.0,0.0,0.0,0.0,0.0,0.0,0.0,0.0,1.0,0.0,0.0,0.0,0.0,0.0,0.0,0.0,5.0,7.0,2.0,1.0,2.0,0.0,1.0,0.0,0.0,0.0,0.0,0.0,0.0,0.0,0.0,0.0,0.0,0.0,0.0,0.0,0.0,0.0,0.0,0.0,0.0,0.0,0.0,0.0,1.0,0.0,0.0,0.0,0.0,0.0,0.0,0.0,1.0,3.0,2.0,3238951689.0,8747373.0,石嘴山市惠农区,石嘴山市惠农区尾闸镇,16.0,14.3,0.0,1.0,31.3,49.21666666666667,47.76111111111111,46.06748971193416
宁夏回族自治区,石嘴山市,惠农区,园艺镇,106.774158,39.22429,19.0,10.0,26.0,17.0,85.0,9.0,0.0,0.0,0.0,0.0,0.0,0.0,0.0,0.0,4.0,4.0,0.0,0.0,0.0,2.0,0.0,0.0,2.0,0.0,0.0,6.0,43.0,0.0,0.0,0.0,0.0,22.0,1.0,15.0,9.0,11.0,2.0,2.0,12.0,7.0,29.0,1.0,0.0,0.0,0.0,0.0,0.0,0.0,0.0,0.0,1.0,1.0,0.0,0.0,0.0,2.0,0.0,0.0,0.0,0.0,0.0,2.0,8.0,0.0,0.0,0.0,0.0,5.0,0.0,4.0,8.0,3.0,5933884052.0,8747412.0,石嘴山市惠农区,石嘴山市惠农区园艺镇,20.0,24.0,7.0,9.100000000000001,60.1,49.21666666666667,47.76111111111111,46.06748971193416
宁夏回族自治区,石嘴山市,惠农区,庙台乡,106.742213,39.108202,0.0,6.0,6.0,4.0,16.0,6.0,0.0,0.0,0.0,0.0,0.0,0.0,0.0,0.0,1.0,1.0,0.0,0.0,0.0,0.0,5.0,0.0,0.0,0.0,0.0,1.0,1.0,0.0,0.0,0.0,0.0,0.0,0.0,7.0,9.0,4.0,0.0,0.0,1.0,2.0,0.0,1.0,0.0,0.0,0.0,0.0,0.0,0.0,0.0,0.0,1.0,1.0,0.0,0.0,0.0,0.0,2.0,0.0,0.0,0.0,0.0,1.0,1.0,0.0,0.0,0.0,0.0,0.0,0.0,1.0,3.0,1.0,5933951985.0,8747487.0,石嘴山市惠农区,石嘴山市惠农区庙台乡,16.0,16.2,5.0,2.2,39.400000000000006,49.21666666666667,47.76111111111111,46.06748971193416
宁夏回族自治区,石嘴山市,惠农区,礼和乡,106.8009281,39.0712682,0.0,2.0,2.0,4.0,5.0,0.0,0.0,0.0,0.0,0.0,0.0,0.0,0.0,0.0,0.0,0.0,0.0,0.0,0.0,0.0,0.0,0.0,0.0,0.0,0.0,1.0,1.0,0.0,0.0,0.0,0.0,0.0,0.0,4.0,5.0,0.0,0.0,0.0,1.0,2.0,0.0,0.0,0.0,0.0,0.0,0.0,0.0,0.0,0.0,0.0,0.0,0.0,0.0,0.0,0.0,0.0,0.0,0.0,0.0,0.0,0.0,1.0,0.0,0.0,0.0,0.0,0.0,0.0,0.0,1.0,2.0,0.0,5933929518.0,8747476.0,石嘴山市惠农区,石嘴山市惠农区礼和乡,16.0,12.5,0.0,0.1,28.6,49.21666666666667,47.76111111111111,46.06748971193416
宁夏回族自治区,石嘴山市,惠农区,燕子墩乡,106.586405,39.060716,0.0,13.0,0.0,16.0,20.0,0.0,0.0,0.0,1.0,0.0,0.0,0.0,0.0,0.0,0.0,0.0,0.0,0.0,0.0,0.0,1.0,0.0,1.0,0.0,0.0,1.0,6.0,0.0,0.0,0.0,0.0,0.0,0.0,5.0,8.0,5.0,0.0,7.0,0.0,9.0,13.0,0.0,0.0,0.0,0.0,0.0,0.0,0.0,0.0,0.0,0.0,0.0,0.0,0.0,0.0,0.0,1.0,0.0,1.0,0.0,0.0,1.0,1.0,0.0,0.0,0.0,0.0,0.0,0.0,4.0,6.0,3.0,2518895330.0,8747452.0,石嘴山市惠农区,石嘴山市惠农区燕子墩乡,16.0,23.9,0.0,3.2,43.1,49.21666666666667,47.76111111111111,46.06748971193416
宁夏回族自治区,石嘴山市,平罗县,城关镇,106.5406353,38.9065635,2.0,10.0,20.0,13.0,41.0,2.0,2.0,2.0,0.0,0.0,1.0,0.0,1.0,1.0,9.0,10.0,0.0,0.0,0.0,0.0,1.0,0.0,1.0,0.0,0.0,2.0,49.0,0.0,0.0,0.0,0.0,15.0,0.0,2.0,10.0,5.0,0.0,6.0,11.0,5.0,21.0,0.0,0.0,2.0,0.0,0.0,0.0,0.0,0.0,0.0,2.0,2.0,0.0,0.0,0.0,0.0,1.0,0.0,0.0,0.0,0.0,1.0,5.0,0.0,0.0,0.0,0.0,6.0,0.0,1.0,5.0,4.0,839813451.0,-1.0,石嘴山市平罗县,石嘴山市平罗县城关镇,9.0,26.0,5.0,7.9,47.9,30.95384615384615,47.76111111111111,46.06748971193416
宁夏回族自治区,石嘴山市,平罗县,黄渠桥镇,106.629825,39.014793,9.0,0.0,1.0,7.0,19.0,0.0,0.0,0.0,0.0,0.0,0.0,0.0,0.0,0.0,0.0,0.0,0.0,0.0,0.0,0.0,2.0,0.0,0.0,0.0,0.0,3.0,0.0,0.0,0.0,1.0,0.0,1.0,0.0,4.0,5.0,3.0,7.0,0.0,1.0,3.0,14.0,0.0,0.0,0.0,0.0,0.0,0.0,0.0,0.0,0.0,0.0,0.0,0.0,0.0,0.0,0.0,2.0,0.0,0.0,0.0,0.0,1.0,0.0,0.0,0.0,1.0,0.0,1.0,0.0,1.0,5.0,3.0,2518895320.0,-1.0,石嘴山市平罗县,石嘴山市平罗县黄渠桥镇,10.0,20.5,0.0,1.7,32.2,30.95384615384615,47.76111111111111,46.06748971193416
宁夏回族自治区,石嘴山市,平罗县,宝丰镇,106.728226,39.048956,0.0,8.0,4.0,5.0,16.0,1.0,0.0,0.0,0.0,0.0,0.0,0.0,0.0,0.0,0.0,0.0,0.0,0.0,0.0,0.0,0.0,0.0,0.0,0.0,0.0,1.0,13.0,0.0,0.0,0.0,0.0,0.0,0.0,4.0,6.0,1.0,0.0,0.0,4.0,5.0,10.0,1.0,0.0,0.0,0.0,0.0,0.0,0.0,0.0,0.0,0.0,0.0,0.0,0.0,0.0,0.0,0.0,0.0,0.0,0.0,0.0,1.0,0.0,0.0,0.0,0.0,0.0,0.0,0.0,1.0,5.0,0.0,2518895311.0,-1.0,石嘴山市平罗县,石嘴山市平罗县宝丰镇,8.0,19.2,0.0,1.8,29.0,30.95384615384615,47.76111111111111,46.06748971193416
宁夏回族自治区,石嘴山市,平罗县,头闸镇,106.673813,38.929455,0.0,0.0,0.0,8.0,9.0,0.0,0.0,0.0,0.0,0.0,0.0,0.0,0.0,0.0,0.0,0.0,0.0,0.0,0.0,0.0,0.0,0.0,0.0,0.0,0.0,1.0,0.0,0.0,0.0,0.0,0.0,0.0,0.0,1.0,3.0,1.0,0.0,0.0,0.0,4.0,3.0,0.0,0.0,0.0,0.0,0.0,0.0,0.0,0.0,0.0,0.0,0.0,0.0,0.0,0.0,0.0,0.0,0.0,0.0,0.0,0.0,1.0,0.0,0.0,0.0,0.0,0.0,0.0,0.0,1.0,2.0,0.0,2518895326.0,-1.0,石嘴山市平罗县,石嘴山市平罗县头闸镇,8.0,9.2,0.0,0.5,17.7,30.95384615384615,47.76111111111111,46.06748971193416
宁夏回族自治区,石嘴山市,平罗县,姚伏镇,106.4639699,38.7427393,2.0,4.0,0.0,0.0,7.0,0.0,0.0,0.0,0.0,0.0,1.0,0.0,0.0,0.0,0.0,0.0,0.0,0.0,0.0,0.0,2.0,0.0,0.0,0.0,0.0,1.0,2.0,0.0,0.0,0.0,0.0,0.0,0.0,1.0,4.0,3.0,2.0,4.0,0.0,0.0,7.0,0.0,0.0,0.0,0.0,0.0,1.0,0.0,0.0,0.0,0.0,0.0,0.0,0.0,0.0,0.0,2.0,0.0,0.0,0.0,0.0,1.0,2.0,0.0,0.0,0.0,0.0,0.0,0.0,1.0,4.0,3.0,5931598581.0,-1.0,石嘴山市平罗县,石嘴山市平罗县姚伏镇,8.0,12.5,0.0,1.9,22.4,30.95384615384615,47.76111111111111,46.06748971193416
宁夏回族自治区,石嘴山市,平罗县,崇岗镇,106.2580803,38.9139148,5.0,2.0,10.0,3.0,7.0,2.0,0.0,0.0,0.0,0.0,2.0,0.0,0.0,0.0,0.0,0.0,0.0,0.0,0.0,0.0,0.0,0.0,2.0,0.0,0.0,1.0,63.0,0.0,0.0,0.0,0.0,1.0,0.0,6.0,12.0,6.0,4.0,0.0,2.0,0.0,3.0,0.0,0.0,0.0,0.0,0.0,1.0,0.0,0.0,0.0,0.0,0.0,0.0,0.0,0.0,0.0,0.0,0.0,2.0,0.0,0.0,1.0,18.0,0.0,0.0,0.0,0.0,0.0,0.0,4.0,4.0,2.0,3238959262.0,8743270.0,石嘴山市平罗县,石嘴山市平罗县崇岗镇,16.0,16.3,0.0,11.1,43.4,30.95384615384615,47.76111111111111,46.06748971193416
宁夏回族自治区,石嘴山市,平罗县,陶乐镇,106.6886427,38.811313,2.0,4.0,5.0,5.0,134.0,1.0,0.0,0.0,0.0,0.0,0.0,0.0,0.0,0.0,0.0,0.0,0.0,0.0,0.0,0.0,0.0,0.0,0.0,0.0,0.0,2.0,0.0,0.0,0.0,9.0,0.0,0.0,0.0,3.0,8.0,2.0,2.0,2.0,4.0,4.0,55.0,1.0,0.0,0.0,0.0,0.0,0.0,0.0,0.0,0.0,0.0,0.0,0.0,0.0,0.0,0.0,0.0,0.0,0.0,0.0,0.0,1.0,0.0,0.0,0.0,0.0,0.0,0.0,0.0,1.0,7.0,0.0,3247314650.0,11940994.0,石嘴山市平罗县,石嘴山市平罗县陶乐镇,17.0,24.0,0.0,1.9,42.9,30.95384615384615,47.76111111111111,46.06748971193416
宁夏回族自治区,石嘴山市,平罗县,高庄乡,106.5918105,38.9843417,2.0,0.0,0.0,4.0,15.0,0.0,0.0,0.0,0.0,0.0,0.0,0.0,0.0,0.0,0.0,0.0,0.0,0.0,0.0,0.0,1.0,0.0,0.0,0.0,0.0,5.0,0.0,0.0,0.0,1.0,0.0,0.0,0.0,1.0,4.0,2.0,1.0,0.0,0.0,0.0,1.0,0.0,0.0,0.0,0.0,0.0,0.0,0.0,0.0,0.0,0.0,0.0,0.0,0.0,0.0,0.0,1.0,0.0,0.0,0.0,0.0,1.0,0.0,0.0,0.0,0.0,0.0,0.0,0.0,1.0,2.0,1.0,5931629002.0,-1.0,石嘴山市平罗县,石嘴山市平罗县高庄乡,12.0,14.3,0.0,1.1,27.400000000000002,30.95384615384615,47.76111111111111,46.06748971193416
宁夏回族自治区,石嘴山市,平罗县,灵沙乡,106.745193,38.995346,0.0,0.0,5.0,5.0,9.0,0.0,0.0,0.0,0.0,0.0,0.0,0.0,0.0,0.0,0.0,0.0,0.0,0.0,0.0,0.0,0.0,0.0,0.0,0.0,0.0,1.0,29.0,0.0,0.0,0.0,0.0,1.0,0.0,1.0,4.0,2.0,0.0,0.0,1.0,3.0,5.0,0.0,0.0,0.0,0.0,0.0,0.0,0.0,0.0,0.0,0.0,0.0,0.0,0.0,0.0,0.0,0.0,0.0,0.0,0.0,0.0,1.0,22.0,0.0,0.0,0.0,0.0,1.0,0.0,1.0,4.0,1.0,5931629004.0,-1.0,石嘴山市平罗县,石嘴山市平罗县灵沙乡,8.0,15.3,0.0,6.1000000000000005,29.400000000000002,30.95384615384615,47.76111111111111,46.06748971193416
宁夏回族自治区,石嘴山市,平罗县,渠口乡,106.616941,38.872512,0.0,7.0,0.0,3.0,17.0,0.0,0.0,0.0,0.0,0.0,0.0,0.0,0.0,0.0,0.0,0.0,0.0,0.0,0.0,0.0,0.0,0.0,0.0,0.0,0.0,2.0,0.0,0.0,0.0,0.0,0.0,0.0,0.0,1.0,4.0,1.0,0.0,4.0,0.0,1.0,3.0,0.0,0.0,0.0,0.0,0.0,0.0,0.0,0.0,0.0,0.0,0.0,0.0,0.0,0.0,0.0,0.0,0.0,0.0,0.0,0.0,2.0,0.0,0.0,0.0,0.0,0.0,0.0,0.0,1.0,4.0,1.0,5931629005.0,-1.0,石嘴山市平罗县,石嘴山市平罗县渠口乡,9.0,14.3,0.0,0.5,23.8,30.95384615384615,47.76111111111111,46.06748971193416
宁夏回族自治区,石嘴山市,平罗县,通伏乡,106.53,38.734,0.0,1.0,0.0,1.0,5.0,0.0,0.0,0.0,0.0,0.0,0.0,0.0,0.0,0.0,0.0,0.0,0.0,0.0,0.0,0.0,0.0,0.0,0.0,0.0,0.0,1.0,0.0,0.0,0.0,0.0,0.0,0.0,0.0,1.0,4.0,1.0,0.0,1.0,0.0,1.0,3.0,0.0,0.0,0.0,0.0,0.0,0.0,0.0,0.0,0.0,0.0,0.0,0.0,0.0,0.0,0.0,0.0,0.0,0.0,0.0,0.0,1.0,0.0,0.0,0.0,0.0,0.0,0.0,0.0,1.0,3.0,1.0,5931598580.0,-1.0,石嘴山市平罗县,石嘴山市平罗县通伏乡,8.0,9.9,0.0,0.5,18.4,30.95384615384615,47.76111111111111,46.06748971193416
宁夏回族自治区,石嘴山市,平罗县,高仁乡,106.6386896,38.7163825,1.0,0.0,0.0,0.0,26.0,0.0,0.0,0.0,0.0,0.0,0.0,0.0,0.0,0.0,0.0,0.0,0.0,0.0,0.0,0.0,0.0,0.0,0.0,0.0,0.0,1.0,0.0,0.0,0.0,2.0,0.0,0.0,0.0,1.0,2.0,1.0,1.0,0.0,0.0,0.0,0.0,0.0,0.0,0.0,0.0,0.0,0.0,0.0,0.0,0.0,0.0,0.0,0.0,0.0,0.0,0.0,0.0,0.0,0.0,0.0,0.0,1.0,0.0,0.0,0.0,0.0,0.0,0.0,0.0,1.0,1.0,0.0,2518929798.0,11940995.0,石嘴山市平罗县,石嘴山市平罗县高仁乡,16.0,11.2,0.0,0.7,27.9,30.95384615384615,47.76111111111111,46.06748971193416
宁夏回族自治区,石嘴山市,平罗县,红崖子乡,106.8720108,39.0195277,2.0,2.0,0.0,0.0,56.0,0.0,0.0,0.0,0.0,0.0,0.0,0.0,0.0,0.0,0.0,0.0,0.0,0.0,0.0,0.0,0.0,0.0,0.0,0.0,0.0,1.0,0.0,0.0,0.0,0.0,0.0,0.0,0.0,5.0,5.0,3.0,2.0,0.0,0.0,0.0,20.0,0.0,0.0,0.0,0.0,0.0,0.0,0.0,0.0,0.0,0.0,0.0,0.0,0.0,0.0,0.0,0.0,0.0,0.0,0.0,0.0,1.0,0.0,0.0,0.0,0.0,0.0,0.0,0.0,1.0,2.0,1.0,5931629003.0,11940996.0,石嘴山市平罗县,石嘴山市平罗县红崖子乡,16.0,22.5,0.0,1.5,40.0,30.95384615384615,47.76111111111111,46.06748971193416
宁夏回族自治区,吴忠市,利通区,金积镇,106.12342,37.930009,1.0,1.0,10.0,29.0,47.0,4.0,0.0,0.0,0.0,0.0,7.0,0.0,0.0,0.0,0.0,0.0,0.0,0.0,0.0,0.0,2.0,0.0,3.0,0.0,0.0,1.0,157.0,0.0,0.0,2.0,0.0,0.0,0.0,5.0,12.0,3.0,1.0,1.0,3.0,10.0,9.0,0.0,0.0,0.0,0.0,0.0,3.0,0.0,0.0,0.0,0.0,0.0,0.0,0.0,0.0,0.0,2.0,0.0,1.0,0.0,0.0,1.0,35.0,0.0,0.0,0.0,0.0,0.0,0.0,1.0,9.0,3.0,2518929803.0,-1.0,吴忠市利通区,吴忠市利通区金积镇,8.0,26.0,0.0,17.5,51.5,57.78333333333333,45.65531914893617,46.06748971193416
宁夏回族自治区,吴忠市,利通区,金银滩镇,106.268287,37.916824,0.0,0.0,5.0,6.0,18.0,0.0,0.0,0.0,0.0,0.0,2.0,0.0,0.0,0.0,0.0,0.0,0.0,0.0,0.0,0.0,0.0,0.0,0.0,0.0,0.0,1.0,0.0,0.0,0.0,1.0,0.0,0.0,0.0,5.0,5.0,3.0,0.0,0.0,3.0,1.0,14.0,0.0,0.0,0.0,0.0,0.0,1.0,0.0,0.0,0.0,0.0,0.0,0.0,0.0,0.0,0.0,0.0,0.0,0.0,0.0,0.0,1.0,0.0,0.0,0.0,1.0,0.0,0.0,0.0,1.0,4.0,1.0,2518929804.0,-1.0,吴忠市利通区,吴忠市利通区金银滩镇,8.0,22.3,0.0,1.7,32.0,57.78333333333333,45.65531914893617,46.06748971193416
宁夏回族自治区,吴忠市,利通区,高闸镇,106.1810438,37.8685106,0.0,6.0,10.0,10.0,54.0,0.0,0.0,0.0,0.0,0.0,0.0,0.0,0.0,0.0,1.0,1.0,0.0,0.0,0.0,0.0,0.0,0.0,0.0,0.0,0.0,1.0,2.0,0.0,0.0,0.0,0.0,0.0,0.0,2.0,6.0,1.0,0.0,0.0,2.0,2.0,39.0,0.0,0.0,0.0,0.0,0.0,0.0,0.0,0.0,0.0,1.0,1.0,0.0,0.0,0.0,0.0,0.0,0.0,0.0,0.0,0.0,1.0,0.0,0.0,0.0,0.0,0.0,0.0,0.0,1.0,5.0,0.0,5922102350.0,-1.0,吴忠市利通区,吴忠市利通区高闸镇,8.0,23.0,5.0,0.7,36.7,57.78333333333333,45.65531914893617,46.06748971193416
宁夏回族自治区,吴忠市,利通区,扁担沟镇,106.2291273,37.7986319,0.0,10.0,2.0,7.0,32.0,0.0,0.0,0.0,0.0,0.0,0.0,0.0,0.0,0.0,1.0,1.0,0.0,0.0,0.0,0.0,1.0,0.0,0.0,0.0,0.0,1.0,4.0,0.0,0.0,0.0,0.0,0.0,0.0,3.0,5.0,3.0,0.0,2.0,2.0,1.0,19.0,0.0,0.0,0.0,0.0,0.0,0.0,0.0,0.0,0.0,0.0,0.0,0.0,0.0,0.0,0.0,1.0,0.0,0.0,0.0,0.0,1.0,4.0,0.0,0.0,0.0,0.0,0.0,0.0,2.0,5.0,2.0,5922081049.0,11937068.0,吴忠市利通区,吴忠市利通区扁担沟镇,16.0,22.5,0.0,2.3,40.8,57.78333333333333,45.65531914893617,46.06748971193416
宁夏回族自治区,吴忠市,利通区,上桥镇,106.209,37.9733,0.0,8.0,56.0,54.0,79.0,10.0,0.0,0.0,0.0,0.0,7.0,1.0,1.0,1.0,4.0,6.0,1.0,0.0,0.0,2.0,10.0,0.0,1.0,0.0,1.0,7.0,1311.0,0.0,0.0,23.0,1.0,40.0,0.0,7.0,9.0,6.0,0.0,0.0,5.0,3.0,10.0,0.0,0.0,0.0,0.0,0.0,1.0,0.0,0.0,0.0,0.0,0.0,0.0,0.0,0.0,0.0,1.0,0.0,0.0,0.0,0.0,1.0,228.0,0.0,0.0,6.0,0.0,12.0,0.0,2.0,4.0,4.0,5922232833.0,11937071.0,吴忠市利通区,吴忠市利通区上桥镇,20.0,26.0,5.0,19.0,70.0,57.78333333333333,45.65531914893617,46.06748971193416
宁夏回族自治区,吴忠市,利通区,古城镇,106.1873978,37.9891899,6.0,4.0,63.0,50.0,40.0,6.0,0.0,4.0,0.0,1.0,11.0,1.0,1.0,1.0,7.0,8.0,1.0,0.0,0.0,2.0,23.0,0.0,0.0,0.0,0.0,7.0,1779.0,0.0,0.0,36.0,1.0,65.0,0.0,9.0,15.0,7.0,0.0,2.0,20.0,14.0,5.0,0.0,0.0,0.0,0.0,0.0,1.0,0.0,1.0,1.0,1.0,1.0,1.0,0.0,0.0,1.0,2.0,0.0,0.0,0.0,0.0,1.0,274.0,0.0,0.0,3.0,0.0,2.0,0.0,3.0,5.0,2.0,5922230985.0,8726399.0,吴忠市利通区,吴忠市利通区古城镇,20.0,27.5,21.0,19.5,88.0,57.78333333333333,45.65531914893617,46.06748971193416
宁夏回族自治区,吴忠市,利通区,金星镇,106.2031126,37.9864188,7.0,4.0,71.0,52.0,57.0,8.0,0.0,1.0,0.0,0.0,13.0,1.0,1.0,1.0,8.0,10.0,1.0,0.0,0.0,2.0,26.0,0.0,0.0,0.0,0.0,7.0,1787.0,0.0,0.0,29.0,1.0,46.0,0.0,9.0,14.0,4.0,0.0,2.0,6.0,9.0,19.0,0.0,0.0,0.0,0.0,0.0,0.0,0.0,0.0,0.0,1.0,2.0,0.0,0.0,0.0,0.0,0.0,0.0,0.0,0.0,0.0,3.0,242.0,0.0,0.0,4.0,1.0,8.0,0.0,6.0,5.0,3.0,5922575671.0,8726866.0,吴忠市利通区,吴忠市利通区金星镇,20.0,26.0,10.0,18.0,74.0,57.78333333333333,45.65531914893617,46.06748971193416
宁夏回族自治区,吴忠市,利通区,胜利镇,106.196065,37.9794208,6.0,4.0,72.0,53.0,63.0,5.0,0.0,1.0,0.0,0.0,15.0,1.0,1.0,1.0,7.0,8.0,1.0,0.0,0.0,2.0,22.0,0.0,0.0,0.0,0.0,7.0,1745.0,0.0,0.0,27.0,1.0,47.0,0.0,9.0,13.0,4.0,0.0,2.0,6.0,6.0,21.0,0.0,0.0,0.0,0.0,0.0,1.0,0.0,0.0,0.0,0.0,0.0,0.0,0.0,0.0,1.0,0.0,0.0,0.0,0.0,0.0,2.0,173.0,0.0,0.0,4.0,1.0,4.0,0.0,4.0,5.0,3.0,5922428977.0,8726848.0,吴忠市利通区,吴忠市利通区胜利镇,20.0,26.0,6.0,18.0,70.0,57.78333333333333,45.65531914893617,46.06748971193416
宁夏回族自治区,吴忠市,利通区,东塔寺乡,106.221072,37.993643,7.0,9.0,41.0,49.0,53.0,10.0,0.0,0.0,1.0,0.0,8.0,1.0,1.0,1.0,9.0,12.0,1.0,0.0,0.0,2.0,20.0,0.0,0.0,0.0,1.0,7.0,1259.0,0.0,0.0,22.0,1.0,32.0,0.0,9.0,10.0,5.0,0.0,0.0,12.0,11.0,13.0,0.0,0.0,0.0,0.0,0.0,4.0,0.0,0.0,0.0,1.0,1.0,0.0,0.0,0.0,0.0,5.0,0.0,0.0,0.0,0.0,1.0,247.0,0.0,0.0,6.0,0.0,9.0,0.0,3.0,5.0,3.0,5922420523.0,11937070.0,吴忠市利通区,吴忠市利通区东塔寺乡,20.0,28.0,10.0,18.5,76.5,57.78333333333333,45.65531914893617,46.06748971193416
宁夏回族自治区,吴忠市,利通区,板桥乡,106.159272,37.9556531,1.0,2.0,43.0,36.0,31.0,21.0,0.0,0.0,0.0,1.0,12.0,0.0,0.0,0.0,4.0,5.0,0.0,0.0,0.0,0.0,4.0,0.0,4.0,0.0,0.0,1.0,722.0,0.0,0.0,7.0,0.0,22.0,0.0,6.0,9.0,5.0,0.0,0.0,9.0,4.0,7.0,3.0,0.0,0.0,0.0,0.0,3.0,0.0,0.0,0.0,2.0,2.0,0.0,0.0,0.0,0.0,0.0,0.0,2.0,0.0,0.0,1.0,72.0,0.0,0.0,0.0,0.0,3.0,0.0,3.0,7.0,4.0,5922126814.0,-1.0,吴忠市利通区,吴忠市利通区板桥乡,8.0,26.3,5.0,18.5,57.8,57.78333333333333,45.65531914893617,46.06748971193416
宁夏回族自治区,吴忠市,利通区,马莲渠乡,106.1730999,37.9172314,0.0,3.0,12.0,13.0,81.0,4.0,0.0,0.0,0.0,0.0,0.0,0.0,0.0,0.0,0.0,0.0,0.0,0.0,0.0,0.0,0.0,0.0,0.0,0.0,0.0,1.0,38.0,0.0,0.0,0.0,0.0,1.0,0.0,3.0,10.0,4.0,0.0,1.0,4.0,2.0,44.0,1.0,0.0,0.0,0.0,0.0,0.0,0.0,0.0,0.0,0.0,0.0,0.0,0.0,0.0,0.0,0.0,0.0,0.0,0.0,0.0,1.0,13.0,0.0,0.0,0.0,0.0,1.0,0.0,1.0,7.0,2.0,5922081051.0,-1.0,吴忠市利通区,吴忠市利通区马莲渠乡,8.0,24.0,0.0,7.1000000000000005,39.1,57.78333333333333,45.65531914893617,46.06748971193416
宁夏回族自治区,吴忠市,利通区,郭家桥乡,106.2550729,37.9821474,0.0,8.0,29.0,46.0,79.0,11.0,0.0,0.0,1.0,0.0,1.0,0.0,0.0,0.0,4.0,6.0,0.0,0.0,0.0,0.0,10.0,0.0,2.0,0.0,1.0,2.0,274.0,0.0,0.0,3.0,0.0,14.0,1.0,11.0,12.0,9.0,0.0,0.0,0.0,14.0,23.0,0.0,0.0,0.0,0.0,0.0,0.0,0.0,0.0,0.0,0.0,0.0,0.0,0.0,0.0,0.0,2.0,0.0,0.0,0.0,0.0,1.0,3.0,0.0,0.0,0.0,0.0,1.0,0.0,5.0,3.0,4.0,5922532586.0,-1.0,吴忠市利通区,吴忠市利通区郭家桥乡,9.0,28.0,0.0,20.0,57.0,57.78333333333333,45.65531914893617,46.06748971193416
宁夏回族自治区,吴忠市,红寺堡区,新民街道,106.0589921,37.4177567,4.0,1.0,3.0,26.0,72.0,5.0,0.0,0.0,25.0,0.0,5.0,0.0,1.0,1.0,11.0,11.0,0.0,0.0,0.0,0.0,2.0,0.0,1.0,3.0,0.0,3.0,40.0,0.0,0.0,3.0,0.0,17.0,0.0,3.0,8.0,7.0,2.0,1.0,3.0,3.0,23.0,4.0,0.0,0.0,11.0,0.0,0.0,0.0,0.0,0.0,4.0,4.0,0.0,0.0,0.0,0.0,0.0,0.0,0.0,3.0,0.0,3.0,3.0,0.0,0.0,2.0,0.0,0.0,0.0,3.0,7.0,3.0,3333989613.0,-1.0,吴忠市红寺堡区,吴忠市红寺堡区新民街道,10.0,28.0,5.0,8.3,51.3,39.449999999999996,45.65531914893617,46.06748971193416
宁夏回族自治区,吴忠市,红寺堡区,红寺堡镇,106.0618397,37.4177204,4.0,1.0,3.0,26.0,63.0,4.0,0.0,0.0,27.0,0.0,4.0,0.0,1.0,1.0,11.0,11.0,0.0,0.0,0.0,0.0,2.0,0.0,1.0,3.0,0.0,3.0,40.0,0.0,0.0,3.0,0.0,16.0,0.0,3.0,8.0,7.0,2.0,1.0,3.0,2.0,26.0,4.0,0.0,0.0,11.0,0.0,0.0,0.0,0.0,0.0,1.0,1.0,0.0,0.0,0.0,0.0,0.0,0.0,0.0,3.0,0.0,3.0,9.0,0.0,0.0,2.0,0.0,0.0,0.0,3.0,8.0,3.0,8157658850.0,11936026.0,吴忠市红寺堡区,吴忠市红寺堡区红寺堡镇,18.0,28.0,5.0,8.9,59.9,39.449999999999996,45.65531914893617,46.06748971193416
宁夏回族自治区,吴忠市,红寺堡区,太阳山镇,106.2190417,37.4501024,3.0,2.0,0.0,2.0,46.0,0.0,0.0,0.0,0.0,0.0,0.0,0.0,0.0,0.0,0.0,0.0,0.0,0.0,0.0,0.0,7.0,0.0,0.0,0.0,0.0,2.0,10.0,0.0,0.0,2.0,0.0,0.0,0.0,4.0,6.0,2.0,1.0,0.0,0.0,0.0,3.0,0.0,0.0,0.0,0.0,0.0,0.0,0.0,0.0,0.0,0.0,0.0,0.0,0.0,0.0,0.0,3.0,0.0,0.0,0.0,0.0,1.0,0.0,0.0,0.0,2.0,0.0,0.0,0.0,2.0,2.0,2.0,3470925978.0,11936025.0,吴忠市红寺堡区,吴忠市红寺堡区太阳山镇,17.0,20.1,0.0,2.4000000000000004,39.5,39.449999999999996,45.65531914893617,46.06748971193416
宁夏回族自治区,吴忠市,红寺堡区,大河乡,105.9638093,37.3992729,5.0,0.0,0.0,10.0,14.0,0.0,0.0,0.0,0.0,0.0,0.0,0.0,0.0,0.0,2.0,2.0,0.0,0.0,0.0,0.0,2.0,0.0,0.0,0.0,0.0,1.0,1.0,0.0,0.0,0.0,0.0,0.0,0.0,3.0,7.0,3.0,1.0,0.0,0.0,2.0,5.0,0.0,0.0,0.0,0.0,0.0,0.0,0.0,0.0,0.0,0.0,0.0,0.0,0.0,0.0,0.0,0.0,0.0,0.0,0.0,0.0,1.0,0.0,0.0,0.0,0.0,0.0,0.0,0.0,1.0,3.0,0.0,8157651816.0,11936024.0,吴忠市红寺堡区,吴忠市红寺堡区大河乡,16.0,17.8,0.0,1.6,35.4,39.449999999999996,45.65531914893617,46.06748971193416
宁夏回族自治区,吴忠市,红寺堡区,新庄集乡,106.2311518,37.2631892,0.0,0.0,2.0,1.0,1.0,1.0,0.0,0.0,0.0,0.0,0.0,0.0,0.0,0.0,0.0,0.0,0.0,0.0,0.0,0.0,0.0,0.0,0.0,0.0,0.0,1.0,2.0,0.0,0.0,2.0,0.0,1.0,0.0,5.0,5.0,3.0,0.0,0.0,2.0,1.0,0.0,1.0,0.0,0.0,0.0,0.0,0.0,0.0,0.0,0.0,0.0,0.0,0.0,0.0,0.0,0.0,0.0,0.0,0.0,0.0,0.0,1.0,0.0,0.0,0.0,1.0,0.0,1.0,0.0,1.0,3.0,2.0,8157651815.0,-1.0,吴忠市红寺堡区,吴忠市红寺堡区新庄集乡,8.0,8.7,0.0,2.0,18.7,39.449999999999996,45.65531914893617,46.06748971193416
宁夏回族自治区,吴忠市,红寺堡区,柳泉乡,106.1937077,37.4492559,1.0,0.0,0.0,1.0,30.0,0.0,0.0,0.0,0.0,0.0,0.0,0.0,0.0,0.0,0.0,0.0,0.0,0.0,0.0,0.0,6.0,0.0,0.0,0.0,0.0,2.0,2.0,0.0,0.0,3.0,0.0,0.0,0.0,8.0,5.0,3.0,1.0,0.0,0.0,1.0,21.0,0.0,0.0,0.0,0.0,0.0,0.0,0.0,0.0,0.0,0.0,0.0,0.0,0.0,0.0,0.0,2.0,0.0,0.0,0.0,0.0,1.0,0.0,0.0,0.0,1.0,0.0,0.0,0.0,2.0,4.0,2.0,8157651814.0,-1.0,吴忠市红寺堡区,吴忠市红寺堡区柳泉乡,9.0,20.8,0.0,2.1,31.900000000000002,39.449999999999996,45.65531914893617,46.06748971193416
宁夏回族自治区,吴忠市,盐池县,盐州路街道,107.400949,37.7787372,12.0,0.0,36.0,47.0,79.0,15.0,0.0,0.0,4.0,5.0,9.0,0.0,1.0,1.0,7.0,9.0,0.0,0.0,0.0,0.0,5.0,0.0,3.0,0.0,0.0,3.0,303.0,0.0,2.0,7.0,0.0,44.0,3.0,5.0,14.0,10.0,0.0,0.0,12.0,34.0,25.0,2.0,0.0,0.0,0.0,3.0,1.0,0.0,1.0,1.0,3.0,4.0,0.0,0.0,0.0,0.0,0.0,0.0,0.0,0.0,0.0,1.0,18.0,0.0,0.0,1.0,0.0,12.0,1.0,1.0,5.0,2.0,8158123131.0,-1.0,吴忠市盐池县,吴忠市盐池县盐州路街道,10.0,30.0,10.0,20.0,70.0,42.06666666666667,45.65531914893617,46.06748971193416
宁夏回族自治区,吴忠市,盐池县,花马池镇,107.3901342,37.7903877,15.0,0.0,34.0,48.0,101.0,13.0,0.0,0.0,4.0,5.0,10.0,0.0,1.0,1.0,9.0,11.0,0.0,0.0,0.0,0.0,9.0,0.0,1.0,0.0,0.0,3.0,151.0,0.0,0.0,14.0,0.0,46.0,3.0,5.0,14.0,11.0,4.0,0.0,6.0,10.0,21.0,1.0,0.0,0.0,0.0,0.0,3.0,0.0,0.0,0.0,1.0,2.0,0.0,0.0,0.0,0.0,1.0,0.0,0.0,0.0,0.0,2.0,18.0,0.0,0.0,2.0,0.0,14.0,3.0,3.0,10.0,6.0,8158123130.0,-1.0,吴忠市盐池县,吴忠市盐池县花马池镇,10.0,30.0,5.0,20.0,65.0,42.06666666666667,45.65531914893617,46.06748971193416
宁夏回族自治区,吴忠市,盐池县,大水坑镇,106.95521,37.4409931,0.0,0.0,7.0,3.0,31.0,4.0,0.0,0.0,0.0,0.0,3.0,0.0,0.0,0.0,2.0,4.0,0.0,0.0,0.0,0.0,1.0,0.0,3.0,0.0,0.0,1.0,14.0,0.0,0.0,4.0,0.0,1.0,0.0,2.0,5.0,5.0,0.0,0.0,4.0,2.0,24.0,0.0,0.0,0.0,0.0,0.0,0.0,0.0,0.0,0.0,1.0,2.0,0.0,0.0,0.0,0.0,0.0,0.0,1.0,0.0,0.0,1.0,14.0,0.0,0.0,3.0,0.0,1.0,0.0,2.0,4.0,4.0,3844203507.0,-1.0,吴忠市盐池县,吴忠市盐池县大水坑镇,8.0,24.5,5.0,6.0,43.5,42.06666666666667,45.65531914893617,46.06748971193416
宁夏回族自治区,吴忠市,盐池县,惠安堡镇,106.6658391,37.4531859,5.0,0.0,3.0,14.0,47.0,5.0,0.0,0.0,2.0,2.0,6.0,0.0,0.0,0.0,1.0,1.0,0.0,0.0,0.0,0.0,3.0,0.0,4.0,0.0,0.0,1.0,86.0,0.0,0.0,1.0,0.0,2.0,0.0,5.0,8.0,7.0,3.0,0.0,0.0,4.0,40.0,1.0,0.0,0.0,1.0,0.0,1.0,0.0,0.0,0.0,1.0,1.0,0.0,0.0,0.0,0.0,1.0,0.0,1.0,0.0,0.0,1.0,14.0,0.0,0.0,1.0,0.0,2.0,0.0,2.0,5.0,3.0,2518929801.0,-1.0,吴忠市盐池县,吴忠市盐池县惠安堡镇,8.0,30.0,5.0,13.700000000000001,56.7,42.06666666666667,45.65531914893617,46.06748971193416
宁夏回族自治区,吴忠市,盐池县,高沙窝镇,107.038432,38.002976,3.0,1.0,1.0,4.0,10.0,2.0,0.0,0.0,0.0,0.0,0.0,0.0,0.0,0.0,0.0,0.0,0.0,0.0,0.0,0.0,1.0,0.0,0.0,0.0,0.0,1.0,0.0,0.0,0.0,0.0,0.0,0.0,0.0,2.0,12.0,2.0,3.0,1.0,1.0,0.0,8.0,0.0,0.0,0.0,0.0,0.0,0.0,0.0,0.0,0.0,0.0,0.0,0.0,0.0,0.0,0.0,1.0,0.0,0.0,0.0,0.0,1.0,0.0,0.0,0.0,0.0,0.0,0.0,0.0,2.0,9.0,1.0,2518929799.0,-1.0,吴忠市盐池县,吴忠市盐池县高沙窝镇,8.0,17.4,0.0,1.0,26.4,42.06666666666667,45.65531914893617,46.06748971193416
宁夏回族自治区,吴忠市,盐池县,王乐井乡,107.146955,37.778848,1.0,0.0,0.0,6.0,10.0,1.0,0.0,0.0,0.0,0.0,2.0,0.0,0.0,0.0,0.0,0.0,0.0,0.0,0.0,0.0,0.0,0.0,0.0,0.0,0.0,1.0,0.0,0.0,0.0,0.0,0.0,0.0,0.0,1.0,5.0,3.0,1.0,0.0,0.0,4.0,7.0,1.0,0.0,0.0,0.0,0.0,2.0,0.0,0.0,0.0,0.0,0.0,0.0,0.0,0.0,0.0,0.0,0.0,0.0,0.0,0.0,1.0,0.0,0.0,0.0,0.0,0.0,0.0,0.0,1.0,5.0,0.0,2518929812.0,-1.0,吴忠市盐池县,吴忠市盐池县王乐井乡,8.0,18.6,0.0,1.5,28.1,42.06666666666667,45.65531914893617,46.06748971193416
宁夏回族自治区,吴忠市,盐池县,冯记沟乡,106.8602202,37.6783698,5.0,0.0,1.0,4.0,30.0,7.0,0.0,0.0,0.0,0.0,2.0,0.0,0.0,0.0,2.0,2.0,0.0,0.0,0.0,0.0,2.0,0.0,0.0,0.0,0.0,1.0,2.0,0.0,0.0,0.0,0.0,2.0,0.0,1.0,8.0,2.0,2.0,0.0,1.0,3.0,19.0,3.0,0.0,0.0,0.0,0.0,0.0,0.0,0.0,0.0,0.0,0.0,0.0,0.0,0.0,0.0,2.0,0.0,0.0,0.0,0.0,1.0,0.0,0.0,0.0,0.0,0.0,0.0,0.0,1.0,6.0,1.0,5921293911.0,-1.0,吴忠市盐池县,吴忠市盐池县冯记沟乡,8.0,26.0,0.0,1.2,35.2,42.06666666666667,45.65531914893617,46.06748971193416
宁夏回族自治区,吴忠市,盐池县,青山乡,107.172,37.5657,1.0,0.0,3.0,4.0,15.0,3.0,0.0,0.0,0.0,0.0,0.0,0.0,0.0,0.0,0.0,0.0,0.0,0.0,0.0,0.0,1.0,0.0,0.0,0.0,0.0,1.0,0.0,0.0,0.0,0.0,0.0,0.0,0.0,1.0,6.0,1.0,1.0,0.0,3.0,3.0,14.0,1.0,0.0,0.0,0.0,0.0,0.0,0.0,0.0,0.0,0.0,0.0,0.0,0.0,0.0,0.0,1.0,0.0,0.0,0.0,0.0,1.0,0.0,0.0,0.0,0.0,0.0,0.0,0.0,1.0,6.0,1.0,4027523276.0,-1.0,吴忠市盐池县,吴忠市盐池县青山乡,8.0,19.2,0.0,0.5,27.7,42.06666666666667,45.65531914893617,46.06748971193416
宁夏回族自治区,吴忠市,盐池县,麻黄山乡,107.103207,37.174868,0.0,0.0,4.0,0.0,4.0,0.0,0.0,0.0,0.0,0.0,0.0,0.0,0.0,0.0,0.0,0.0,0.0,0.0,0.0,0.0,1.0,0.0,5.0,0.0,0.0,1.0,0.0,0.0,0.0,3.0,0.0,0.0,0.0,1.0,3.0,2.0,0.0,0.0,3.0,0.0,4.0,0.0,0.0,0.0,0.0,0.0,0.0,0.0,0.0,0.0,0.0,0.0,0.0,0.0,0.0,0.0,1.0,0.0,3.0,0.0,0.0,1.0,0.0,0.0,0.0,2.0,0.0,0.0,0.0,1.0,2.0,2.0,5921204518.0,8724854.0,吴忠市盐池县,吴忠市盐池县麻黄山乡,16.0,8.5,0.0,1.5,26.0,42.06666666666667,45.65531914893617,46.06748971193416
宁夏回族自治区,吴忠市,同心县,豫海镇,105.9114588,36.9782935,1.0,14.0,32.0,36.0,70.0,1.0,0.0,2.0,1.0,2.0,0.0,0.0,0.0,0.0,8.0,10.0,0.0,0.0,0.0,1.0,13.0,0.0,1.0,0.0,0.0,2.0,48.0,0.0,0.0,0.0,0.0,9.0,1.0,5.0,11.0,7.0,0.0,0.0,7.0,13.0,11.0,0.0,0.0,0.0,0.0,0.0,0.0,0.0,0.0,0.0,3.0,4.0,0.0,0.0,0.0,1.0,6.0,0.0,0.0,0.0,0.0,2.0,6.0,0.0,0.0,0.0,0.0,1.0,1.0,2.0,3.0,5.0,2526221683.0,-1.0,吴忠市同心县,吴忠市同心县豫海镇,9.0,28.0,6.0,8.9,51.9,34.10909090909091,45.65531914893617,46.06748971193416
宁夏回族自治区,吴忠市,同心县,河西镇,105.802015,37.099375,3.0,0.0,0.0,0.0,47.0,0.0,0.0,0.0,0.0,0.0,0.0,0.0,0.0,0.0,0.0,0.0,0.0,0.0,0.0,0.0,1.0,0.0,0.0,0.0,0.0,1.0,14.0,0.0,0.0,0.0,0.0,1.0,0.0,8.0,4.0,3.0,3.0,0.0,0.0,0.0,8.0,0.0,0.0,0.0,0.0,0.0,0.0,0.0,0.0,0.0,0.0,0.0,0.0,0.0,0.0,0.0,1.0,0.0,0.0,0.0,0.0,1.0,9.0,0.0,0.0,0.0,0.0,1.0,0.0,3.0,4.0,2.0,3824356169.0,-1.0,吴忠市同心县,吴忠市同心县河西镇,8.0,18.8,0.0,3.8000000000000003,30.6,34.10909090909091,45.65531914893617,46.06748971193416
宁夏回族自治区,吴忠市,同心县,韦州镇,106.4750327,37.2878074,0.0,3.0,0.0,4.0,332.0,0.0,0.0,0.0,0.0,0.0,2.0,0.0,0.0,0.0,1.0,1.0,0.0,0.0,0.0,1.0,1.0,0.0,0.0,0.0,0.0,1.0,8.0,0.0,0.0,2.0,0.0,1.0,2.0,1.0,5.0,6.0,0.0,1.0,0.0,1.0,171.0,0.0,0.0,0.0,0.0,0.0,1.0,0.0,0.0,0.0,1.0,1.0,0.0,0.0,0.0,1.0,1.0,0.0,0.0,0.0,0.0,1.0,3.0,0.0,0.0,1.0,0.0,1.0,2.0,1.0,3.0,3.0,2518929813.0,11933719.0,吴忠市同心县,吴忠市同心县韦州镇,16.0,24.5,6.0,4.4,50.9,34.10909090909091,45.65531914893617,46.06748971193416
宁夏回族自治区,吴忠市,同心县,下马关镇,106.4506562,37.1145862,0.0,3.0,0.0,6.0,288.0,6.0,0.0,0.0,0.0,0.0,1.0,0.0,0.0,0.0,2.0,2.0,0.0,0.0,0.0,0.0,3.0,0.0,1.0,0.0,0.0,1.0,19.0,0.0,0.0,3.0,0.0,0.0,0.0,3.0,7.0,7.0,0.0,1.0,0.0,4.0,166.0,2.0,0.0,0.0,0.0,0.0,0.0,0.0,0.0,0.0,1.0,1.0,0.0,0.0,0.0,0.0,1.0,0.0,0.0,0.0,0.0,1.0,15.0,0.0,0.0,0.0,0.0,0.0,0.0,2.0,4.0,3.0,2518929814.0,-1.0,吴忠市同心县,吴忠市同心县下马关镇,8.0,25.5,5.0,7.2,45.7,34.10909090909091,45.65531914893617,46.06748971193416
宁夏回族自治区,吴忠市,同心县,预旺镇,106.3728042,36.8272468,0.0,3.0,4.0,10.0,53.0,0.0,0.0,0.0,0.0,0.0,0.0,0.0,0.0,0.0,1.0,1.0,0.0,0.0,0.0,0.0,2.0,0.0,0.0,0.0,0.0,5.0,10.0,0.0,0.0,2.0,0.0,1.0,0.0,2.0,10.0,6.0,0.0,1.0,2.0,2.0,18.0,0.0,0.0,0.0,0.0,0.0,0.0,0.0,0.0,0.0,1.0,1.0,0.0,0.0,0.0,0.0,1.0,0.0,0.0,0.0,0.0,1.0,10.0,0.0,0.0,2.0,0.0,1.0,0.0,1.0,7.0,4.0,5934683244.0,-1.0,吴忠市同心县,吴忠市同心县预旺镇,12.0,24.0,5.0,5.4,46.4,34.10909090909091,45.65531914893617,46.06748971193416
宁夏回族自治区,吴忠市,同心县,王团镇,105.9963329,36.8652363,1.0,0.0,0.0,0.0,17.0,1.0,0.0,0.0,0.0,0.0,0.0,0.0,0.0,0.0,0.0,0.0,0.0,0.0,0.0,0.0,0.0,0.0,0.0,0.0,0.0,8.0,0.0,0.0,0.0,0.0,0.0,0.0,0.0,6.0,4.0,2.0,1.0,0.0,0.0,0.0,5.0,0.0,0.0,0.0,0.0,0.0,0.0,0.0,0.0,0.0,0.0,0.0,0.0,0.0,0.0,0.0,0.0,0.0,0.0,0.0,0.0,2.0,0.0,0.0,0.0,0.0,0.0,0.0,0.0,2.0,2.0,1.0,3824346193.0,-1.0,吴忠市同心县,吴忠市同心县王团镇,12.0,11.9,0.0,1.0,24.9,34.10909090909091,45.65531914893617,46.06748971193416
宁夏回族自治区,吴忠市,同心县,丁塘镇,105.8485401,37.0185992,1.0,0.0,0.0,0.0,66.0,0.0,0.0,0.0,0.0,0.0,0.0,0.0,0.0,0.0,0.0,0.0,0.0,0.0,0.0,0.0,0.0,0.0,0.0,0.0,0.0,1.0,49.0,0.0,0.0,0.0,0.0,0.0,0.0,7.0,4.0,1.0,1.0,0.0,0.0,0.0,19.0,0.0,0.0,0.0,0.0,0.0,0.0,0.0,0.0,0.0,0.0,0.0,0.0,0.0,0.0,0.0,0.0,0.0,0.0,0.0,0.0,1.0,0.0,0.0,0.0,0.0,0.0,0.0,0.0,1.0,2.0,0.0,3824356168.0,-1.0,吴忠市同心县,吴忠市同心县丁塘镇,8.0,22.0,0.0,5.4,35.4,34.10909090909091,45.65531914893617,46.06748971193416
宁夏回族自治区,吴忠市,同心县,田老庄乡,106.3422274,37.0119428,0.0,0.0,1.0,0.0,3.0,1.0,0.0,0.0,0.0,0.0,0.0,0.0,0.0,0.0,0.0,0.0,0.0,0.0,0.0,0.0,1.0,0.0,0.0,0.0,0.0,2.0,0.0,0.0,0.0,0.0,0.0,0.0,0.0,1.0,5.0,3.0,0.0,0.0,1.0,0.0,2.0,0.0,0.0,0.0,0.0,0.0,0.0,0.0,0.0,0.0,0.0,0.0,0.0,0.0,0.0,0.0,1.0,0.0,0.0,0.0,0.0,1.0,0.0,0.0,0.0,0.0,0.0,0.0,0.0,1.0,3.0,1.0,8156924066.0,-1.0,吴忠市同心县,吴忠市同心县田老庄乡,9.0,8.7,0.0,1.5,19.2,34.10909090909091,45.65531914893617,46.06748971193416
宁夏回族自治区,吴忠市,同心县,马高庄乡,106.4432481,36.875401,0.0,0.0,1.0,2.0,11.0,1.0,0.0,0.0,0.0,0.0,0.0,0.0,0.0,0.0,1.0,1.0,0.0,0.0,0.0,0.0,2.0,0.0,1.0,0.0,1.0,1.0,1.0,0.0,0.0,0.0,0.0,0.0,0.0,2.0,7.0,9.0,0.0,0.0,1.0,2.0,7.0,0.0,0.0,0.0,0.0,0.0,0.0,0.0,0.0,0.0,1.0,1.0,0.0,0.0,0.0,0.0,1.0,0.0,0.0,0.0,0.0,1.0,0.0,0.0,0.0,0.0,0.0,0.0,0.0,1.0,5.0,6.0,5934938394.0,-1.0,吴忠市同心县,吴忠市同心县马高庄乡,8.0,14.8,5.0,4.1,31.9,34.10909090909091,45.65531914893617,46.06748971193416
宁夏回族自治区,吴忠市,同心县,张家塬乡,106.3320814,36.7061598,0.0,1.0,1.0,0.0,6.0,1.0,0.0,0.0,0.0,0.0,0.0,0.0,0.0,0.0,0.0,0.0,0.0,0.0,0.0,0.0,0.0,0.0,0.0,0.0,0.0,1.0,2.0,0.0,0.0,1.0,0.0,0.0,0.0,2.0,7.0,0.0,0.0,1.0,1.0,0.0,4.0,0.0,0.0,0.0,0.0,0.0,0.0,0.0,0.0,0.0,0.0,0.0,0.0,0.0,0.0,0.0,0.0,0.0,0.0,0.0,0.0,1.0,0.0,0.0,0.0,0.0,0.0,0.0,0.0,1.0,4.0,0.0,5935048198.0,-1.0,吴忠市同心县,吴忠市同心县张家塬乡,8.0,10.9,0.0,0.30000000000000004,19.2,34.10909090909091,45.65531914893617,46.06748971193416
宁夏回族自治区,吴忠市,同心县,兴隆乡,105.8493759,36.923845,0.0,0.0,1.0,1.0,10.0,0.0,0.0,0.0,0.0,0.0,0.0,0.0,0.0,0.0,0.0,0.0,0.0,0.0,0.0,0.0,0.0,0.0,0.0,0.0,0.0,1.0,0.0,0.0,0.0,0.0,0.0,0.0,0.0,1.0,4.0,1.0,0.0,0.0,1.0,0.0,2.0,0.0,0.0,0.0,0.0,0.0,0.0,0.0,0.0,0.0,0.0,0.0,0.0,0.0,0.0,0.0,0.0,0.0,0.0,0.0,0.0,1.0,0.0,0.0,0.0,0.0,0.0,0.0,0.0,1.0,2.0,0.0,3333710224.0,-1.0,吴忠市同心县,吴忠市同心县兴隆乡,8.0,10.6,0.0,0.5,19.1,34.10909090909091,45.65531914893617,46.06748971193416
宁夏回族自治区,吴忠市,青铜峡市,裕民街道,106.0767744,38.0218611,7.0,13.0,19.0,41.0,50.0,5.0,0.0,1.0,1.0,0.0,5.0,0.0,2.0,2.0,9.0,11.0,1.0,1.0,2.0,6.0,1.0,0.0,1.0,0.0,0.0,3.0,509.0,0.0,0.0,8.0,1.0,16.0,4.0,4.0,11.0,6.0,0.0,0.0,4.0,10.0,14.0,0.0,0.0,1.0,1.0,0.0,0.0,0.0,1.0,1.0,3.0,5.0,1.0,1.0,2.0,5.0,0.0,0.0,0.0,0.0,0.0,2.0,31.0,0.0,0.0,4.0,1.0,7.0,2.0,3.0,6.0,4.0,8158221645.0,11936698.0,吴忠市青铜峡市,吴忠市青铜峡市裕民街道,18.0,28.0,24.0,19.0,89.0,51.32222222222222,45.65531914893617,46.06748971193416
宁夏回族自治区,吴忠市,青铜峡市,小坝镇,106.0828416,38.0120453,6.0,17.0,19.0,44.0,50.0,4.0,0.0,1.0,1.0,0.0,4.0,0.0,2.0,2.0,11.0,13.0,1.0,1.0,2.0,6.0,1.0,0.0,1.0,0.0,0.0,3.0,489.0,0.0,0.0,8.0,1.0,18.0,4.0,4.0,11.0,6.0,0.0,7.0,4.0,8.0,10.0,0.0,0.0,0.0,0.0,0.0,1.0,0.0,0.0,0.0,1.0,1.0,1.0,0.0,0.0,0.0,1.0,0.0,0.0,0.0,0.0,1.0,53.0,0.0,0.0,2.0,0.0,2.0,0.0,3.0,5.0,4.0,3233701695.0,11936695.0,吴忠市青铜峡市,吴忠市青铜峡市小坝镇,18.0,28.0,10.0,19.0,75.0,51.32222222222222,45.65531914893617,46.06748971193416
宁夏回族自治区,吴忠市,青铜峡市,大坝镇,106.0249333,37.9850202,3.0,0.0,0.0,7.0,36.0,1.0,0.0,0.0,0.0,0.0,0.0,0.0,0.0,0.0,0.0,0.0,0.0,0.0,0.0,0.0,0.0,0.0,0.0,0.0,0.0,1.0,20.0,0.0,0.0,2.0,0.0,0.0,0.0,1.0,5.0,2.0,1.0,0.0,0.0,4.0,5.0,1.0,0.0,0.0,0.0,0.0,0.0,0.0,0.0,0.0,0.0,0.0,0.0,0.0,0.0,0.0,0.0,0.0,0.0,0.0,0.0,1.0,0.0,0.0,0.0,2.0,0.0,0.0,0.0,1.0,5.0,2.0,5923344292.0,-1.0,吴忠市青铜峡市,吴忠市青铜峡市大坝镇,8.0,21.2,0.0,3.4000000000000004,32.6,51.32222222222222,45.65531914893617,46.06748971193416
宁夏回族自治区,吴忠市,青铜峡市,青铜峡镇,106.0166244,37.8932737,0.0,3.0,31.0,17.0,24.0,6.0,0.0,2.0,0.0,0.0,1.0,1.0,0.0,0.0,1.0,1.0,0.0,0.0,0.0,0.0,9.0,0.0,6.0,0.0,0.0,2.0,92.0,0.0,0.0,9.0,0.0,2.0,0.0,4.0,9.0,8.0,0.0,0.0,6.0,8.0,9.0,0.0,0.0,1.0,0.0,0.0,0.0,1.0,0.0,0.0,1.0,1.0,0.0,0.0,0.0,0.0,6.0,0.0,2.0,0.0,0.0,2.0,61.0,0.0,0.0,3.0,0.0,1.0,0.0,1.0,5.0,5.0,244081489.0,-1.0,吴忠市青铜峡市,吴忠市青铜峡市青铜峡镇,9.0,23.5,10.0,20.0,62.5,51.32222222222222,45.65531914893617,46.06748971193416
宁夏回族自治区,吴忠市,青铜峡市,叶盛镇,106.168,38.1053,19.0,0.0,5.0,4.0,41.0,1.0,0.0,0.0,0.0,0.0,1.0,0.0,0.0,0.0,0.0,0.0,0.0,0.0,0.0,0.0,0.0,0.0,0.0,0.0,0.0,4.0,12.0,0.0,0.0,2.0,0.0,5.0,0.0,5.0,10.0,3.0,13.0,0.0,1.0,3.0,25.0,1.0,0.0,0.0,0.0,0.0,1.0,0.0,0.0,0.0,0.0,0.0,0.0,0.0,0.0,0.0,0.0,0.0,0.0,0.0,0.0,1.0,12.0,0.0,0.0,2.0,0.0,5.0,0.0,1.0,7.0,3.0,5924086975.0,11936696.0,吴忠市青铜峡市,吴忠市青铜峡市叶盛镇,19.0,26.0,0.0,4.300000000000001,49.3,51.32222222222222,45.65531914893617,46.06748971193416
宁夏回族自治区,吴忠市,青铜峡市,瞿靖镇,106.047,38.0809,0.0,0.0,0.0,10.0,38.0,0.0,0.0,0.0,0.0,0.0,0.0,0.0,0.0,0.0,0.0,0.0,0.0,0.0,0.0,0.0,4.0,0.0,0.0,0.0,0.0,1.0,1.0,0.0,0.0,0.0,0.0,0.0,0.0,2.0,4.0,2.0,0.0,0.0,0.0,4.0,26.0,0.0,0.0,0.0,0.0,0.0,0.0,0.0,0.0,0.0,0.0,0.0,0.0,0.0,0.0,0.0,3.0,0.0,0.0,0.0,0.0,1.0,0.0,0.0,0.0,0.0,0.0,0.0,0.0,1.0,4.0,1.0,5923864957.0,-1.0,吴忠市青铜峡市,吴忠市青铜峡市瞿靖镇,8.0,22.0,0.0,1.1,31.1,51.32222222222222,45.65531914893617,46.06748971193416
宁夏回族自治区,吴忠市,青铜峡市,峡口镇,106.0779683,37.8923831,0.0,0.0,2.0,14.0,38.0,0.0,0.0,0.0,0.0,0.0,0.0,0.0,0.0,0.0,2.0,2.0,0.0,0.0,0.0,0.0,1.0,0.0,0.0,0.0,0.0,1.0,0.0,0.0,0.0,1.0,0.0,2.0,0.0,3.0,4.0,4.0,0.0,0.0,0.0,5.0,0.0,0.0,0.0,0.0,0.0,0.0,0.0,0.0,0.0,0.0,0.0,0.0,0.0,0.0,0.0,0.0,0.0,0.0,0.0,0.0,0.0,1.0,0.0,0.0,0.0,0.0,0.0,0.0,0.0,1.0,1.0,1.0,3334759560.0,-1.0,吴忠市青铜峡市,吴忠市青铜峡市峡口镇,8.0,19.6,0.0,2.1,29.700000000000003,51.32222222222222,45.65531914893617,46.06748971193416
宁夏回族自治区,吴忠市,青铜峡市,邵岗镇,106.0650859,38.157723,0.0,0.0,0.0,6.0,48.0,0.0,0.0,0.0,0.0,0.0,0.0,0.0,0.0,0.0,0.0,0.0,0.0,0.0,0.0,0.0,0.0,0.0,0.0,0.0,0.0,2.0,2.0,0.0,0.0,4.0,0.0,0.0,0.0,6.0,3.0,1.0,0.0,0.0,0.0,2.0,7.0,0.0,0.0,0.0,0.0,0.0,0.0,0.0,0.0,0.0,0.0,0.0,0.0,0.0,0.0,0.0,0.0,0.0,0.0,0.0,0.0,1.0,2.0,0.0,0.0,2.0,0.0,0.0,0.0,1.0,2.0,1.0,5924517588.0,-1.0,吴忠市青铜峡市,吴忠市青铜峡市邵岗镇,9.0,18.200000000000003,0.0,1.5,28.700000000000003,51.32222222222222,45.65531914893617,46.06748971193416
宁夏回族自治区,吴忠市,青铜峡市,陈袁滩镇,106.14,38.0114,0.0,14.0,11.0,52.0,52.0,10.0,0.0,31.0,0.0,4.0,4.0,0.0,1.0,1.0,2.0,2.0,0.0,0.0,0.0,0.0,3.0,0.0,2.0,0.0,0.0,1.0,815.0,0.0,0.0,14.0,0.0,40.0,0.0,7.0,19.0,9.0,0.0,3.0,0.0,7.0,4.0,4.0,0.0,11.0,0.0,1.0,0.0,0.0,0.0,0.0,0.0,0.0,0.0,0.0,0.0,0.0,1.0,0.0,0.0,0.0,0.0,1.0,4.0,0.0,0.0,0.0,0.0,7.0,0.0,1.0,8.0,4.0,5922175815.0,11936697.0,吴忠市青铜峡市,吴忠市青铜峡市陈袁滩镇,16.0,28.0,0.0,20.0,64.0,51.32222222222222,45.65531914893617,46.06748971193416
宁夏回族自治区,固原市,原州区,南关街道,106.2844603,36.0027672,30.0,3.0,41.0,55.0,260.0,137.0,6.0,161.0,116.0,7.0,7.0,0.0,1.0,5.0,22.0,24.0,0.0,0.0,10.0,64.0,26.0,0.0,7.0,5.0,3.0,3.0,837.0,0.0,1.0,33.0,8.0,36.0,12.0,7.0,24.0,14.0,0.0,0.0,19.0,17.0,46.0,24.0,2.0,40.0,32.0,3.0,1.0,0.0,1.0,2.0,5.0,5.0,0.0,0.0,6.0,33.0,4.0,0.0,0.0,3.0,0.0,2.0,377.0,0.0,1.0,8.0,3.0,12.0,5.0,4.0,11.0,7.0,5954305057.0,8774696.0,固原市原州区,固原市原州区南关街道,18.0,30.0,18.0,20.0,86.0,44.857142857142854,38.27384615384616,46.06748971193416
宁夏回族自治区,固原市,原州区,古雁街道,106.2543556,36.0325395,7.0,2.0,14.0,42.0,164.0,97.0,2.0,56.0,79.0,2.0,3.0,1.0,1.0,3.0,16.0,18.0,1.0,1.0,5.0,30.0,19.0,1.0,2.0,1.0,2.0,2.0,160.0,0.0,0.0,21.0,1.0,19.0,12.0,4.0,21.0,13.0,0.0,0.0,6.0,8.0,8.0,22.0,0.0,8.0,4.0,0.0,0.0,0.0,1.0,1.0,2.0,4.0,1.0,0.0,1.0,2.0,2.0,1.0,0.0,0.0,0.0,1.0,20.0,0.0,0.0,1.0,1.0,4.0,3.0,2.0,7.0,5.0,5954331853.0,8774719.0,固原市原州区,固原市原州区古雁街道,17.0,30.0,24.0,20.0,91.0,44.857142857142854,38.27384615384616,46.06748971193416
宁夏回族自治区,固原市,原州区,北塬街道,106.2850831,36.0212396,3.0,1.0,36.0,62.0,244.0,128.0,3.0,130.0,96.0,6.0,6.0,0.0,1.0,5.0,24.0,25.0,0.0,0.0,10.0,59.0,29.0,0.0,5.0,5.0,3.0,3.0,720.0,0.0,1.0,35.0,4.0,34.0,13.0,7.0,19.0,12.0,0.0,0.0,6.0,10.0,36.0,32.0,0.0,38.0,22.0,0.0,1.0,0.0,0.0,0.0,6.0,7.0,0.0,0.0,1.0,10.0,10.0,0.0,1.0,1.0,1.0,1.0,140.0,0.0,0.0,5.0,0.0,9.0,2.0,2.0,10.0,7.0,5954369885.0,8774750.0,固原市原州区,固原市原州区北塬街道,18.0,30.0,13.0,20.0,81.0,44.857142857142854,38.27384615384616,46.06748971193416
宁夏回族自治区,固原市,原州区,三营镇,106.156293,36.282047,2.0,1.0,4.0,18.0,186.0,20.0,0.0,0.0,2.0,0.0,6.0,0.0,0.0,0.0,3.0,3.0,0.0,0.0,0.0,0.0,13.0,0.0,1.0,0.0,0.0,2.0,15.0,0.0,0.0,2.0,0.0,1.0,0.0,3.0,12.0,9.0,1.0,0.0,1.0,8.0,68.0,8.0,0.0,0.0,0.0,0.0,2.0,0.0,0.0,0.0,3.0,3.0,0.0,0.0,0.0,0.0,3.0,0.0,1.0,0.0,0.0,1.0,10.0,0.0,0.0,0.0,0.0,1.0,0.0,2.0,7.0,4.0,3824386557.0,-1.0,固原市原州区,固原市原州区三营镇,9.0,28.0,5.0,6.7,48.7,44.857142857142854,38.27384615384616,46.06748971193416
宁夏回族自治区,固原市,原州区,官厅镇,106.4161204,36.1616308,0.0,0.0,4.0,0.0,7.0,0.0,0.0,0.0,0.0,0.0,0.0,0.0,0.0,0.0,0.0,0.0,0.0,0.0,0.0,0.0,1.0,0.0,0.0,0.0,0.0,1.0,5.0,0.0,0.0,0.0,0.0,0.0,0.0,1.0,3.0,2.0,0.0,0.0,1.0,0.0,3.0,0.0,0.0,0.0,0.0,0.0,0.0,0.0,0.0,0.0,0.0,0.0,0.0,0.0,0.0,0.0,1.0,0.0,0.0,0.0,0.0,1.0,3.0,0.0,0.0,0.0,0.0,0.0,0.0,1.0,3.0,2.0,4237174362.0,11929969.0,固原市原州区,固原市原州区官厅镇,16.0,8.8,0.0,1.8,26.6,44.857142857142854,38.27384615384616,46.06748971193416
宁夏回族自治区,固原市,原州区,开城镇,106.2568677,35.8573427,3.0,0.0,18.0,0.0,23.0,2.0,15.0,0.0,0.0,0.0,0.0,0.0,0.0,0.0,0.0,0.0,0.0,0.0,0.0,0.0,4.0,0.0,0.0,0.0,0.0,1.0,6.0,0.0,0.0,3.0,0.0,0.0,0.0,5.0,9.0,4.0,1.0,0.0,0.0,0.0,9.0,0.0,0.0,0.0,0.0,0.0,0.0,0.0,0.0,0.0,0.0,0.0,0.0,0.0,0.0,0.0,1.0,0.0,0.0,0.0,0.0,1.0,5.0,0.0,0.0,1.0,0.0,0.0,0.0,3.0,4.0,4.0,5950820682.0,-1.0,固原市原州区,固原市原州区开城镇,8.0,16.3,0.0,3.5,27.8,44.857142857142854,38.27384615384616,46.06748971193416
宁夏回族自治区,固原市,原州区,张易镇,106.0875288,35.8166185,0.0,9.0,0.0,21.0,21.0,0.0,0.0,0.0,0.0,0.0,1.0,0.0,0.0,0.0,1.0,1.0,0.0,0.0,0.0,0.0,5.0,0.0,0.0,0.0,0.0,1.0,2.0,0.0,0.0,2.0,1.0,0.0,0.0,1.0,4.0,4.0,0.0,5.0,0.0,16.0,20.0,0.0,0.0,0.0,0.0,0.0,1.0,0.0,0.0,0.0,1.0,1.0,0.0,0.0,0.0,0.0,2.0,0.0,0.0,0.0,0.0,1.0,2.0,0.0,0.0,1.0,1.0,0.0,0.0,1.0,4.0,4.0,5951977827.0,-1.0,固原市原州区,固原市原州区张易镇,8.0,24.0,5.0,2.7,39.7,44.857142857142854,38.27384615384616,46.06748971193416
宁夏回族自治区,固原市,原州区,彭堡镇,106.146308,36.09187,0.0,0.0,8.0,8.0,47.0,2.0,0.0,0.0,0.0,0.0,0.0,0.0,0.0,0.0,0.0,0.0,0.0,0.0,0.0,0.0,3.0,0.0,1.0,0.0,0.0,2.0,0.0,0.0,0.0,1.0,0.0,0.0,0.0,1.0,6.0,6.0,0.0,0.0,5.0,1.0,17.0,0.0,0.0,0.0,0.0,0.0,0.0,0.0,0.0,0.0,0.0,0.0,0.0,0.0,0.0,0.0,1.0,0.0,0.0,0.0,0.0,1.0,0.0,0.0,0.0,0.0,0.0,0.0,0.0,1.0,5.0,3.0,5952044516.0,-1.0,固原市原州区,固原市原州区彭堡镇,9.0,23.0,0.0,3.1,35.1,44.857142857142854,38.27384615384616,46.06748971193416
宁夏回族自治区,固原市,原州区,头营镇,106.2149872,36.1636844,4.0,0.0,6.0,8.0,69.0,0.0,0.0,0.0,0.0,0.0,3.0,0.0,0.0,0.0,1.0,1.0,0.0,0.0,0.0,0.0,9.0,0.0,0.0,0.0,0.0,2.0,0.0,0.0,0.0,3.0,0.0,0.0,0.0,3.0,7.0,5.0,2.0,0.0,2.0,2.0,21.0,0.0,0.0,0.0,0.0,0.0,0.0,0.0,0.0,0.0,1.0,1.0,0.0,0.0,0.0,0.0,2.0,0.0,0.0,0.0,0.0,1.0,0.0,0.0,0.0,2.0,0.0,0.0,0.0,1.0,6.0,3.0,4236925289.0,-1.0,固原市原州区,固原市原州区头营镇,9.0,25.5,5.0,3.0,42.5,44.857142857142854,38.27384615384616,46.06748971193416
宁夏回族自治区,固原市,原州区,黄铎堡镇,106.066166,36.306779,0.0,3.0,1.0,6.0,99.0,7.0,0.0,0.0,0.0,0.0,1.0,0.0,0.0,0.0,4.0,5.0,0.0,0.0,0.0,0.0,7.0,0.0,0.0,0.0,0.0,1.0,7.0,0.0,0.0,1.0,0.0,0.0,0.0,6.0,6.0,5.0,0.0,1.0,1.0,3.0,26.0,1.0,0.0,0.0,0.0,0.0,0.0,0.0,0.0,0.0,0.0,0.0,0.0,0.0,0.0,0.0,1.0,0.0,0.0,0.0,0.0,1.0,2.0,0.0,0.0,0.0,0.0,0.0,0.0,1.0,6.0,2.0,5939556035.0,-1.0,固原市原州区,固原市原州区黄铎堡镇,8.0,25.0,0.0,3.5,36.5,44.857142857142854,38.27384615384616,46.06748971193416
宁夏回族自治区,固原市,原州区,中河乡,106.1763274,36.0338219,18.0,0.0,2.0,8.0,42.0,0.0,0.0,0.0,0.0,0.0,0.0,0.0,0.0,0.0,1.0,1.0,0.0,0.0,0.0,0.0,3.0,0.0,6.0,0.0,0.0,1.0,51.0,0.0,0.0,0.0,0.0,0.0,0.0,2.0,7.0,7.0,0.0,0.0,1.0,1.0,15.0,0.0,0.0,0.0,0.0,0.0,0.0,0.0,0.0,0.0,0.0,0.0,0.0,0.0,0.0,0.0,1.0,0.0,0.0,0.0,0.0,1.0,1.0,0.0,0.0,0.0,0.0,0.0,0.0,1.0,4.0,3.0,5952163263.0,-1.0,固原市原州区,固原市原州区中河乡,8.0,23.5,0.0,8.7,40.2,44.857142857142854,38.27384615384616,46.06748971193416
宁夏回族自治区,固原市,原州区,河川乡,106.4318572,35.9932888,1.0,0.0,0.0,0.0,13.0,0.0,0.0,0.0,0.0,0.0,0.0,0.0,0.0,0.0,0.0,0.0,0.0,0.0,0.0,0.0,1.0,0.0,0.0,0.0,0.0,1.0,2.0,0.0,0.0,0.0,0.0,0.0,0.0,1.0,3.0,3.0,1.0,0.0,0.0,0.0,8.0,0.0,0.0,0.0,0.0,0.0,0.0,0.0,0.0,0.0,0.0,0.0,0.0,0.0,0.0,0.0,1.0,0.0,0.0,0.0,0.0,1.0,0.0,0.0,0.0,0.0,0.0,0.0,0.0,1.0,3.0,1.0,5952155685.0,11929968.0,固原市原州区,固原市原州区河川乡,16.0,11.5,0.0,1.7,29.2,44.857142857142854,38.27384615384616,46.06748971193416
宁夏回族自治区,固原市,原州区,炭山乡,106.3068688,36.3760814,8.0,0.0,0.0,3.0,9.0,0.0,0.0,0.0,0.0,0.0,0.0,0.0,0.0,0.0,0.0,0.0,0.0,0.0,0.0,0.0,0.0,0.0,0.0,0.0,0.0,1.0,7.0,0.0,0.0,0.0,0.0,0.0,0.0,1.0,4.0,1.0,3.0,0.0,0.0,1.0,6.0,0.0,0.0,0.0,0.0,0.0,0.0,0.0,0.0,0.0,0.0,0.0,0.0,0.0,0.0,0.0,0.0,0.0,0.0,0.0,0.0,1.0,7.0,0.0,0.0,0.0,0.0,0.0,0.0,1.0,4.0,0.0,5952141428.0,-1.0,固原市原州区,固原市原州区炭山乡,8.0,13.6,0.0,1.9000000000000001,23.5,44.857142857142854,38.27384615384616,46.06748971193416
宁夏回族自治区,固原市,原州区,寨科乡,106.423374,36.291556,4.0,0.0,3.0,0.0,8.0,0.0,0.0,0.0,0.0,0.0,0.0,0.0,0.0,0.0,0.0,0.0,0.0,0.0,0.0,0.0,1.0,0.0,0.0,0.0,0.0,1.0,0.0,0.0,0.0,0.0,0.0,0.0,0.0,1.0,4.0,3.0,1.0,0.0,3.0,0.0,7.0,0.0,0.0,0.0,0.0,0.0,0.0,0.0,0.0,0.0,0.0,0.0,0.0,0.0,0.0,0.0,1.0,0.0,0.0,0.0,0.0,1.0,0.0,0.0,0.0,0.0,0.0,0.0,0.0,1.0,4.0,1.0,5952114557.0,-1.0,固原市原州区,固原市原州区寨科乡,8.0,10.7,0.0,1.5,20.2,44.857142857142854,38.27384615384616,46.06748971193416
宁夏回族自治区,固原市,西吉县,吉强镇,105.7284243,35.9667748,11.0,9.0,12.0,36.0,82.0,6.0,0.0,12.0,30.0,0.0,4.0,2.0,1.0,1.0,14.0,14.0,0.0,0.0,0.0,0.0,19.0,0.0,1.0,1.0,0.0,3.0,335.0,0.0,0.0,11.0,0.0,15.0,0.0,2.0,16.0,9.0,3.0,2.0,5.0,19.0,26.0,2.0,0.0,12.0,0.0,0.0,0.0,1.0,0.0,0.0,4.0,4.0,0.0,0.0,0.0,0.0,2.0,0.0,0.0,1.0,0.0,1.0,26.0,0.0,0.0,4.0,0.0,7.0,0.0,1.0,12.0,6.0,5044980339.0,-1.0,固原市西吉县,固原市西吉县吉强镇,10.0,28.0,10.0,20.0,68.0,30.563157894736843,38.27384615384616,46.06748971193416
宁夏回族自治区,固原市,西吉县,兴隆镇,105.812044,35.705076,10.0,0.0,0.0,12.0,51.0,0.0,0.0,0.0,0.0,0.0,1.0,0.0,0.0,0.0,0.0,0.0,0.0,0.0,0.0,0.0,4.0,0.0,2.0,0.0,0.0,5.0,2.0,0.0,0.0,1.0,0.0,0.0,0.0,2.0,7.0,4.0,4.0,0.0,0.0,7.0,23.0,0.0,0.0,0.0,0.0,0.0,0.0,0.0,0.0,0.0,0.0,0.0,0.0,0.0,0.0,0.0,2.0,0.0,0.0,0.0,0.0,1.0,0.0,0.0,0.0,0.0,0.0,0.0,0.0,2.0,4.0,3.0,3711307579.0,-1.0,固原市西吉县,固原市西吉县兴隆镇,12.0,25.5,0.0,2.3,39.8,30.563157894736843,38.27384615384616,46.06748971193416
宁夏回族自治区,固原市,西吉县,平峰镇,105.5641911,35.741982,0.0,0.0,8.0,6.0,31.0,0.0,0.0,0.0,0.0,0.0,0.0,0.0,0.0,0.0,1.0,1.0,0.0,0.0,0.0,0.0,0.0,0.0,0.0,0.0,0.0,3.0,2.0,0.0,0.0,3.0,0.0,0.0,0.0,8.0,4.0,2.0,0.0,0.0,4.0,3.0,18.0,0.0,0.0,0.0,0.0,0.0,0.0,0.0,0.0,0.0,1.0,1.0,0.0,0.0,0.0,0.0,0.0,0.0,0.0,0.0,0.0,1.0,0.0,0.0,0.0,3.0,0.0,0.0,0.0,1.0,4.0,0.0,5943267512.0,-1.0,固原市西吉县,固原市西吉县平峰镇,10.0,22.0,5.0,1.8,38.8,30.563157894736843,38.27384615384616,46.06748971193416
宁夏回族自治区,固原市,西吉县,将台堡镇,105.8371931,35.8179369,11.0,5.0,4.0,3.0,57.0,2.0,0.0,1.0,0.0,0.0,2.0,0.0,0.0,0.0,1.0,1.0,0.0,0.0,0.0,0.0,4.0,0.0,2.0,0.0,0.0,2.0,6.0,0.0,0.0,1.0,0.0,0.0,1.0,4.0,9.0,6.0,0.0,2.0,0.0,3.0,35.0,1.0,0.0,1.0,0.0,0.0,1.0,0.0,0.0,0.0,0.0,0.0,0.0,0.0,0.0,0.0,1.0,0.0,0.0,0.0,0.0,1.0,1.0,0.0,0.0,0.0,0.0,0.0,1.0,3.0,6.0,3.0,3219753783.0,-1.0,固原市西吉县,固原市西吉县将台堡镇,9.0,26.0,0.0,3.8,38.8,30.563157894736843,38.27384615384616,46.06748971193416
宁夏回族自治区,固原市,西吉县,新营乡,105.5939553,36.0685062,0.0,0.0,3.0,1.0,15.0,0.0,0.0,0.0,0.0,0.0,0.0,0.0,0.0,0.0,0.0,0.0,0.0,0.0,0.0,0.0,2.0,0.0,1.0,0.0,0.0,4.0,4.0,0.0,0.0,0.0,0.0,3.0,0.0,1.0,4.0,5.0,0.0,0.0,3.0,0.0,8.0,0.0,0.0,0.0,0.0,0.0,0.0,0.0,0.0,0.0,0.0,0.0,0.0,0.0,0.0,0.0,2.0,0.0,0.0,0.0,0.0,1.0,2.0,0.0,0.0,0.0,0.0,3.0,0.0,1.0,3.0,4.0,3219758426.0,-1.0,固原市西吉县,固原市西吉县新营乡,11.0,13.4,0.0,3.1,27.5,30.563157894736843,38.27384615384616,46.06748971193416
宁夏回族自治区,固原市,西吉县,红耀乡,105.5055286,36.038561,0.0,0.0,3.0,4.0,3.0,0.0,0.0,0.0,0.0,0.0,0.0,0.0,0.0,0.0,0.0,0.0,0.0,0.0,0.0,0.0,1.0,0.0,0.0,0.0,0.0,1.0,0.0,0.0,0.0,0.0,0.0,0.0,0.0,1.0,5.0,1.0,0.0,0.0,1.0,4.0,3.0,0.0,0.0,0.0,0.0,0.0,0.0,0.0,0.0,0.0,0.0,0.0,0.0,0.0,0.0,0.0,1.0,0.0,0.0,0.0,0.0,1.0,0.0,0.0,0.0,0.0,0.0,0.0,0.0,1.0,5.0,1.0,3219758429.0,-1.0,固原市西吉县,固原市西吉县红耀乡,8.0,13.0,0.0,0.5,21.5,30.563157894736843,38.27384615384616,46.06748971193416
宁夏回族自治区,固原市,西吉县,田坪乡,105.3742099,35.995094,3.0,0.0,0.0,4.0,10.0,1.0,0.0,0.0,0.0,0.0,1.0,0.0,0.0,0.0,2.0,2.0,0.0,0.0,0.0,0.0,2.0,1.0,0.0,0.0,0.0,1.0,1.0,0.0,0.0,0.0,0.0,0.0,0.0,1.0,5.0,4.0,1.0,0.0,0.0,1.0,8.0,1.0,0.0,0.0,0.0,0.0,1.0,0.0,0.0,0.0,2.0,2.0,0.0,0.0,0.0,0.0,2.0,1.0,0.0,0.0,0.0,1.0,1.0,0.0,0.0,0.0,0.0,0.0,0.0,1.0,5.0,3.0,3219758428.0,-1.0,固原市西吉县,固原市西吉县田坪乡,8.0,17.9,5.0,2.2,33.1,30.563157894736843,38.27384615384616,46.06748971193416
宁夏回族自治区,固原市,西吉县,马建乡,105.4861234,35.9413549,1.0,0.0,1.0,7.0,14.0,0.0,0.0,0.0,0.0,0.0,0.0,0.0,0.0,0.0,0.0,0.0,0.0,0.0,0.0,0.0,3.0,0.0,0.0,0.0,0.0,1.0,0.0,0.0,0.0,0.0,0.0,0.0,0.0,1.0,5.0,2.0,1.0,0.0,0.0,2.0,6.0,0.0,0.0,0.0,0.0,0.0,0.0,0.0,0.0,0.0,0.0,0.0,0.0,0.0,0.0,0.0,2.0,0.0,0.0,0.0,0.0,1.0,0.0,0.0,0.0,0.0,0.0,0.0,0.0,1.0,4.0,2.0,3219758432.0,-1.0,固原市西吉县,固原市西吉县马建乡,8.0,17.1,0.0,1.0,26.1,30.563157894736843,38.27384615384616,46.06748971193416
宁夏回族自治区,固原市,西吉县,震湖乡,105.5052474,35.8671872,0.0,3.0,3.0,1.0,19.0,0.0,0.0,0.0,0.0,0.0,0.0,0.0,0.0,0.0,1.0,1.0,0.0,0.0,0.0,0.0,2.0,0.0,0.0,0.0,0.0,1.0,0.0,0.0,0.0,1.0,0.0,0.0,0.0,1.0,8.0,3.0,0.0,1.0,3.0,0.0,12.0,0.0,0.0,0.0,0.0,0.0,0.0,0.0,0.0,0.0,1.0,1.0,0.0,0.0,0.0,0.0,0.0,0.0,0.0,0.0,0.0,1.0,0.0,0.0,0.0,0.0,0.0,0.0,0.0,1.0,4.0,2.0,3219758431.0,-1.0,固原市西吉县,固原市西吉县震湖乡,8.0,17.4,5.0,1.6,32.0,30.563157894736843,38.27384615384616,46.06748971193416
宁夏回族自治区,固原市,西吉县,兴平乡,105.6615825,35.8426872,0.0,0.0,9.0,4.0,39.0,0.0,0.0,0.0,0.0,0.0,0.0,0.0,0.0,0.0,1.0,1.0,0.0,0.0,0.0,0.0,2.0,0.0,0.0,0.0,0.0,2.0,3.0,0.0,0.0,2.0,0.0,0.0,0.0,2.0,5.0,5.0,0.0,0.0,6.0,2.0,18.0,0.0,0.0,0.0,0.0,0.0,0.0,0.0,0.0,0.0,1.0,1.0,0.0,0.0,0.0,0.0,2.0,0.0,0.0,0.0,0.0,1.0,1.0,0.0,0.0,1.0,0.0,0.0,0.0,2.0,4.0,4.0,3219758425.0,-1.0,固原市西吉县,固原市西吉县兴平乡,9.0,22.5,5.0,3.2,39.7,30.563157894736843,38.27384615384616,46.06748971193416
宁夏回族自治区,固原市,西吉县,西滩乡,105.7429365,35.8842652,0.0,0.0,4.0,4.0,22.0,0.0,0.0,0.0,0.0,0.0,0.0,0.0,0.0,0.0,2.0,2.0,0.0,0.0,0.0,0.0,0.0,0.0,0.0,0.0,0.0,1.0,2.0,0.0,0.0,2.0,0.0,0.0,0.0,1.0,6.0,3.0,0.0,0.0,2.0,1.0,11.0,0.0,0.0,0.0,0.0,0.0,0.0,0.0,0.0,0.0,2.0,2.0,0.0,0.0,0.0,0.0,0.0,0.0,0.0,0.0,0.0,1.0,1.0,0.0,0.0,0.0,0.0,0.0,0.0,1.0,4.0,1.0,3219758430.0,-1.0,固原市西吉县,固原市西吉县西滩乡,8.0,19.7,5.0,2.0,34.7,30.563157894736843,38.27384615384616,46.06748971193416
宁夏回族自治区,固原市,西吉县,王民乡,105.7382222,35.8015552,0.0,0.0,2.0,14.0,5.0,0.0,0.0,1.0,0.0,0.0,0.0,0.0,0.0,0.0,1.0,1.0,0.0,0.0,0.0,0.0,4.0,0.0,0.0,0.0,0.0,3.0,1.0,0.0,0.0,1.0,0.0,0.0,0.0,2.0,5.0,4.0,0.0,0.0,0.0,10.0,3.0,0.0,0.0,0.0,0.0,0.0,0.0,0.0,0.0,0.0,1.0,1.0,0.0,0.0,0.0,0.0,2.0,0.0,0.0,0.0,0.0,1.0,0.0,0.0,0.0,0.0,0.0,0.0,0.0,2.0,3.0,3.0,3219758427.0,-1.0,固原市西吉县,固原市西吉县王民乡,10.0,14.4,5.0,2.2,31.599999999999998,30.563157894736843,38.27384615384616,46.06748971193416
宁夏回族自治区,固原市,西吉县,什字乡,106.0049988,35.7417122,0.0,0.0,0.0,6.0,8.0,0.0,0.0,0.0,0.0,0.0,0.0,0.0,0.0,0.0,0.0,0.0,0.0,0.0,0.0,0.0,2.0,0.0,1.0,0.0,0.0,2.0,1.0,0.0,0.0,0.0,0.0,0.0,0.0,4.0,3.0,3.0,0.0,0.0,0.0,5.0,5.0,0.0,0.0,0.0,0.0,0.0,0.0,0.0,0.0,0.0,0.0,0.0,0.0,0.0,0.0,0.0,2.0,0.0,0.0,0.0,0.0,1.0,0.0,0.0,0.0,0.0,0.0,0.0,0.0,1.0,3.0,2.0,5942384010.0,-1.0,固原市西吉县,固原市西吉县什字乡,9.0,9.6,0.0,1.6,20.200000000000003,30.563157894736843,38.27384615384616,46.06748971193416
宁夏回族自治区,固原市,西吉县,马莲乡,105.9261648,35.8113294,0.0,3.0,0.0,4.0,10.0,1.0,0.0,2.0,0.0,0.0,0.0,0.0,0.0,0.0,0.0,0.0,0.0,0.0,0.0,0.0,2.0,0.0,0.0,0.0,0.0,1.0,1.0,0.0,0.0,0.0,0.0,0.0,0.0,2.0,8.0,5.0,0.0,3.0,0.0,4.0,4.0,0.0,0.0,0.0,0.0,0.0,0.0,0.0,0.0,0.0,0.0,0.0,0.0,0.0,0.0,0.0,0.0,0.0,0.0,0.0,0.0,1.0,0.0,0.0,0.0,0.0,0.0,0.0,0.0,2.0,3.0,1.0,4500991949.0,-1.0,固原市西吉县,固原市西吉县马莲乡,8.0,16.2,0.0,2.6,26.8,30.563157894736843,38.27384615384616,46.06748971193416
宁夏回族自治区,固原市,西吉县,硝河乡,105.8515339,35.886146,10.0,0.0,0.0,1.0,20.0,3.0,0.0,0.0,0.0,0.0,1.0,0.0,0.0,0.0,1.0,1.0,0.0,0.0,0.0,0.0,4.0,0.0,0.0,0.0,0.0,2.0,1.0,0.0,0.0,0.0,0.0,0.0,1.0,1.0,6.0,6.0,6.0,0.0,0.0,0.0,7.0,2.0,0.0,0.0,0.0,0.0,0.0,0.0,0.0,0.0,0.0,0.0,0.0,0.0,0.0,0.0,2.0,0.0,0.0,0.0,0.0,2.0,0.0,0.0,0.0,0.0,0.0,0.0,1.0,1.0,4.0,4.0,5941133788.0,-1.0,固原市西吉县,固原市西吉县硝河乡,9.0,17.1,0.0,3.1,29.200000000000003,30.563157894736843,38.27384615384616,46.06748971193416
宁夏回族自治区,固原市,西吉县,偏城乡,105.9708873,35.96614,3.0,0.0,0.0,1.0,8.0,0.0,0.0,0.0,0.0,0.0,0.0,0.0,0.0,0.0,0.0,0.0,0.0,0.0,0.0,0.0,5.0,0.0,0.0,0.0,0.0,1.0,0.0,0.0,0.0,0.0,0.0,0.0,0.0,1.0,5.0,2.0,3.0,0.0,0.0,1.0,6.0,0.0,0.0,0.0,0.0,0.0,0.0,0.0,0.0,0.0,0.0,0.0,0.0,0.0,0.0,0.0,4.0,0.0,0.0,0.0,0.0,1.0,0.0,0.0,0.0,0.0,0.0,0.0,0.0,1.0,5.0,2.0,5940077949.0,-1.0,固原市西吉县,固原市西吉县偏城乡,8.0,11.9,0.0,1.0,20.9,30.563157894736843,38.27384615384616,46.06748971193416
宁夏回族自治区,固原市,西吉县,沙沟乡,105.9254815,36.1699518,0.0,1.0,0.0,1.0,3.0,0.0,0.0,0.0,0.0,0.0,0.0,0.0,0.0,0.0,0.0,0.0,0.0,0.0,0.0,0.0,4.0,0.0,1.0,0.0,0.0,1.0,1.0,0.0,0.0,0.0,0.0,0.0,0.0,1.0,3.0,4.0,0.0,1.0,0.0,1.0,2.0,0.0,0.0,0.0,0.0,0.0,0.0,0.0,0.0,0.0,0.0,0.0,0.0,0.0,0.0,0.0,4.0,0.0,0.0,0.0,0.0,1.0,0.0,0.0,0.0,0.0,0.0,0.0,0.0,1.0,3.0,2.0,5939485153.0,-1.0,固原市西吉县,固原市西吉县沙沟乡,8.0,8.7,0.0,2.1,18.8,30.563157894736843,38.27384615384616,46.06748971193416
宁夏回族自治区,固原市,西吉县,白崖乡,105.8735091,36.0835058,0.0,5.0,0.0,3.0,2.0,0.0,0.0,0.0,0.0,0.0,0.0,0.0,0.0,0.0,0.0,0.0,0.0,0.0,0.0,0.0,4.0,0.0,0.0,0.0,0.0,1.0,0.0,0.0,0.0,0.0,0.0,0.0,0.0,1.0,3.0,3.0,0.0,3.0,0.0,1.0,1.0,0.0,0.0,0.0,0.0,0.0,0.0,0.0,0.0,0.0,0.0,0.0,0.0,0.0,0.0,0.0,4.0,0.0,0.0,0.0,0.0,1.0,0.0,0.0,0.0,0.0,0.0,0.0,0.0,1.0,3.0,2.0,5941092677.0,-1.0,固原市西吉县,固原市西吉县白崖乡,8.0,10.2,0.0,1.5,19.7,30.563157894736843,38.27384615384616,46.06748971193416
宁夏回族自治区,固原市,西吉县,火石寨乡,105.7813497,36.1297559,0.0,0.0,0.0,2.0,5.0,0.0,0.0,0.0,0.0,0.0,0.0,0.0,0.0,0.0,0.0,0.0,0.0,0.0,0.0,0.0,1.0,0.0,0.0,0.0,0.0,1.0,2.0,0.0,0.0,0.0,0.0,0.0,0.0,5.0,3.0,1.0,0.0,0.0,0.0,1.0,1.0,0.0,0.0,0.0,0.0,0.0,0.0,0.0,0.0,0.0,0.0,0.0,0.0,0.0,0.0,0.0,1.0,0.0,0.0,0.0,0.0,1.0,0.0,0.0,0.0,0.0,0.0,0.0,0.0,5.0,2.0,1.0,5939420256.0,-1.0,固原市西吉县,固原市西吉县火石寨乡,8.0,4.8,0.0,0.7,13.5,30.563157894736843,38.27384615384616,46.06748971193416
宁夏回族自治区,固原市,隆德县,城关镇,106.1178632,35.6124081,9.0,12.0,1.0,38.0,58.0,32.0,0.0,67.0,1.0,8.0,4.0,0.0,0.0,0.0,8.0,8.0,0.0,0.0,0.0,0.0,17.0,3.0,6.0,0.0,0.0,2.0,66.0,0.0,0.0,4.0,0.0,57.0,0.0,4.0,18.0,15.0,0.0,0.0,0.0,16.0,21.0,7.0,0.0,9.0,0.0,6.0,0.0,0.0,0.0,0.0,3.0,3.0,0.0,0.0,0.0,0.0,6.0,1.0,2.0,0.0,0.0,2.0,31.0,0.0,0.0,1.0,0.0,29.0,0.0,3.0,10.0,6.0,5949382004.0,-1.0,固原市隆德县,固原市隆德县城关镇,9.0,30.0,5.0,14.200000000000001,58.2,37.36923076923077,38.27384615384616,46.06748971193416
宁夏回族自治区,固原市,隆德县,沙塘镇,105.9894248,35.5855208,3.0,0.0,3.0,9.0,29.0,3.0,0.0,0.0,0.0,0.0,2.0,0.0,0.0,0.0,1.0,1.0,0.0,0.0,0.0,0.0,11.0,0.0,1.0,0.0,0.0,3.0,1.0,0.0,0.0,3.0,0.0,0.0,0.0,4.0,7.0,6.0,1.0,0.0,3.0,4.0,11.0,2.0,0.0,0.0,0.0,0.0,2.0,0.0,0.0,0.0,1.0,1.0,0.0,0.0,0.0,0.0,2.0,0.0,1.0,0.0,0.0,1.0,1.0,0.0,0.0,2.0,0.0,0.0,0.0,4.0,7.0,3.0,3711307475.0,-1.0,固原市隆德县,固原市隆德县沙塘镇,10.0,24.6,5.0,3.7,43.300000000000004,37.36923076923077,38.27384615384616,46.06748971193416
宁夏回族自治区,固原市,隆德县,联财镇,105.861013,35.5611848,3.0,0.0,2.0,1.0,111.0,3.0,0.0,0.0,0.0,0.0,1.0,0.0,0.0,0.0,1.0,1.0,0.0,0.0,0.0,0.0,14.0,0.0,0.0,0.0,0.0,4.0,6.0,0.0,0.0,0.0,0.0,0.0,0.0,11.0,10.0,10.0,1.0,0.0,0.0,0.0,37.0,3.0,0.0,0.0,0.0,0.0,1.0,0.0,0.0,0.0,1.0,1.0,0.0,0.0,0.0,0.0,2.0,0.0,0.0,0.0,0.0,1.0,1.0,0.0,0.0,0.0,0.0,0.0,0.0,4.0,5.0,6.0,3711307388.0,-1.0,固原市隆德县,固原市隆德县联财镇,11.0,26.0,5.0,4.7,46.7,37.36923076923077,38.27384615384616,46.06748971193416
宁夏回族自治区,固原市,隆德县,陈靳乡,106.1587924,35.5729101,0.0,1.0,0.0,4.0,39.0,3.0,0.0,6.0,0.0,0.0,0.0,0.0,0.0,0.0,0.0,0.0,0.0,0.0,0.0,0.0,9.0,0.0,0.0,0.0,0.0,1.0,3.0,0.0,0.0,1.0,0.0,2.0,0.0,2.0,9.0,8.0,0.0,1.0,0.0,2.0,9.0,1.0,0.0,0.0,0.0,0.0,0.0,0.0,0.0,0.0,0.0,0.0,0.0,0.0,0.0,0.0,1.0,0.0,0.0,0.0,0.0,1.0,2.0,0.0,0.0,1.0,0.0,0.0,0.0,2.0,7.0,3.0,4531879352.0,-1.0,固原市隆德县,固原市隆德县陈靳乡,8.0,23.5,0.0,4.7,36.2,37.36923076923077,38.27384615384616,46.06748971193416
宁夏回族自治区,固原市,隆德县,好水乡,106.1040569,35.6608174,0.0,0.0,8.0,0.0,13.0,0.0,0.0,0.0,0.0,0.0,1.0,0.0,0.0,0.0,2.0,2.0,0.0,0.0,0.0,0.0,3.0,0.0,0.0,0.0,0.0,1.0,4.0,0.0,0.0,0.0,0.0,1.0,0.0,2.0,3.0,9.0,0.0,0.0,6.0,0.0,6.0,0.0,0.0,0.0,0.0,0.0,1.0,0.0,0.0,0.0,2.0,2.0,0.0,0.0,0.0,0.0,1.0,0.0,0.0,0.0,0.0,1.0,4.0,0.0,0.0,0.0,0.0,1.0,0.0,1.0,3.0,8.0,5700154399.0,-1.0,固原市隆德县,固原市隆德县好水乡,8.0,12.9,5.0,4.8,30.7,37.36923076923077,38.27384615384616,46.06748971193416
宁夏回族自治区,固原市,隆德县,观庄乡,106.1062969,35.7003573,0.0,0.0,5.0,2.0,14.0,0.0,0.0,0.0,0.0,0.0,0.0,0.0,0.0,0.0,0.0,0.0,0.0,0.0,0.0,0.0,7.0,0.0,0.0,0.0,0.0,1.0,62.0,0.0,0.0,2.0,0.0,0.0,0.0,3.0,5.0,4.0,0.0,0.0,5.0,1.0,13.0,0.0,0.0,0.0,0.0,0.0,0.0,0.0,0.0,0.0,0.0,0.0,0.0,0.0,0.0,0.0,4.0,0.0,0.0,0.0,0.0,1.0,52.0,0.0,0.0,1.0,0.0,0.0,0.0,1.0,5.0,4.0,5950500762.0,8767781.0,固原市隆德县,固原市隆德县观庄乡,16.0,16.2,0.0,13.700000000000001,45.900000000000006,37.36923076923077,38.27384615384616,46.06748971193416
宁夏回族自治区,固原市,隆德县,杨河乡,105.9905158,35.6768018,0.0,0.0,6.0,3.0,13.0,0.0,0.0,0.0,0.0,0.0,0.0,0.0,0.0,0.0,2.0,2.0,0.0,0.0,0.0,0.0,3.0,0.0,0.0,0.0,0.0,1.0,5.0,0.0,0.0,0.0,0.0,0.0,0.0,2.0,4.0,3.0,0.0,0.0,5.0,2.0,6.0,0.0,0.0,0.0,0.0,0.0,0.0,0.0,0.0,0.0,1.0,1.0,0.0,0.0,0.0,0.0,1.0,0.0,0.0,0.0,0.0,1.0,1.0,0.0,0.0,0.0,0.0,0.0,0.0,2.0,4.0,2.0,5950487488.0,-1.0,固原市隆德县,固原市隆德县杨河乡,8.0,14.4,5.0,2.1,29.5,37.36923076923077,38.27384615384616,46.06748971193416
宁夏回族自治区,固原市,隆德县,神林乡,105.9256628,35.5798465,1.0,0.0,2.0,3.0,58.0,0.0,0.0,0.0,0.0,0.0,0.0,0.0,0.0,0.0,0.0,0.0,0.0,0.0,0.0,0.0,12.0,0.0,0.0,0.0,0.0,6.0,3.0,0.0,0.0,0.0,0.0,0.0,0.0,4.0,8.0,7.0,1.0,0.0,0.0,0.0,28.0,0.0,0.0,0.0,0.0,0.0,0.0,0.0,0.0,0.0,0.0,0.0,0.0,0.0,0.0,0.0,3.0,0.0,0.0,0.0,0.0,1.0,2.0,0.0,0.0,0.0,0.0,0.0,0.0,3.0,3.0,2.0,3711307366.0,-1.0,固原市隆德县,固原市隆德县神林乡,12.0,24.0,0.0,4.0,40.0,37.36923076923077,38.27384615384616,46.06748971193416
宁夏回族自治区,固原市,隆德县,张程乡,105.9027636,35.6362077,0.0,0.0,3.0,6.0,10.0,0.0,0.0,0.0,0.0,0.0,0.0,0.0,0.0,0.0,0.0,0.0,0.0,0.0,0.0,0.0,2.0,0.0,0.0,0.0,0.0,2.0,4.0,0.0,0.0,0.0,0.0,1.0,0.0,1.0,5.0,5.0,0.0,0.0,3.0,4.0,5.0,0.0,0.0,0.0,0.0,0.0,0.0,0.0,0.0,0.0,0.0,0.0,0.0,0.0,0.0,0.0,2.0,0.0,0.0,0.0,0.0,1.0,1.0,0.0,0.0,0.0,0.0,1.0,0.0,1.0,4.0,4.0,5949306430.0,-1.0,固原市隆德县,固原市隆德县张程乡,9.0,16.0,0.0,3.0,28.0,37.36923076923077,38.27384615384616,46.06748971193416
宁夏回族自治区,固原市,隆德县,凤岭乡,106.0112751,35.5428686,0.0,0.0,2.0,3.0,6.0,0.0,0.0,0.0,0.0,0.0,0.0,0.0,0.0,0.0,0.0,0.0,0.0,0.0,0.0,0.0,6.0,0.0,0.0,0.0,0.0,2.0,14.0,0.0,0.0,0.0,0.0,0.0,0.0,8.0,4.0,2.0,0.0,0.0,1.0,0.0,2.0,0.0,0.0,0.0,0.0,0.0,0.0,0.0,0.0,0.0,0.0,0.0,0.0,0.0,0.0,0.0,0.0,0.0,0.0,0.0,0.0,1.0,14.0,0.0,0.0,0.0,0.0,0.0,0.0,1.0,3.0,0.0,4294558221.0,-1.0,固原市隆德县,固原市隆德县凤岭乡,9.0,11.8,0.0,3.8000000000000003,24.6,37.36923076923077,38.27384615384616,46.06748971193416
宁夏回族自治区,固原市,隆德县,山河乡,106.1476165,35.5118541,0.0,4.0,1.0,0.0,8.0,7.0,0.0,0.0,0.0,0.0,1.0,0.0,0.0,0.0,0.0,0.0,0.0,0.0,0.0,0.0,9.0,0.0,0.0,0.0,0.0,1.0,6.0,0.0,0.0,0.0,0.0,0.0,0.0,3.0,6.0,4.0,0.0,4.0,1.0,0.0,0.0,3.0,0.0,0.0,0.0,0.0,1.0,0.0,0.0,0.0,0.0,0.0,0.0,0.0,0.0,0.0,2.0,0.0,0.0,0.0,0.0,1.0,1.0,0.0,0.0,0.0,0.0,0.0,0.0,1.0,3.0,3.0,5949341468.0,-1.0,固原市隆德县,固原市隆德县山河乡,8.0,11.6,0.0,2.7,22.3,37.36923076923077,38.27384615384616,46.06748971193416
宁夏回族自治区,固原市,隆德县,温堡乡,105.9741479,35.4636804,0.0,0.0,1.0,5.0,39.0,0.0,0.0,0.0,0.0,0.0,1.0,0.0,0.0,0.0,0.0,0.0,0.0,0.0,0.0,0.0,19.0,0.0,0.0,0.0,0.0,4.0,0.0,0.0,0.0,2.0,1.0,0.0,0.0,9.0,4.0,6.0,0.0,0.0,1.0,1.0,22.0,0.0,0.0,0.0,0.0,0.0,1.0,0.0,0.0,0.0,0.0,0.0,0.0,0.0,0.0,0.0,3.0,0.0,0.0,0.0,0.0,1.0,0.0,0.0,0.0,1.0,0.0,0.0,0.0,7.0,4.0,3.0,4591816286.0,6852151.0,固原市隆德县,固原市隆德县温堡乡,19.0,24.0,0.0,3.3,46.3,37.36923076923077,38.27384615384616,46.06748971193416
宁夏回族自治区,固原市,隆德县,奠安乡,106.1261648,35.4504581,0.0,0.0,7.0,0.0,13.0,0.0,0.0,0.0,0.0,0.0,0.0,0.0,0.0,0.0,1.0,1.0,0.0,0.0,0.0,0.0,5.0,0.0,0.0,0.0,0.0,1.0,4.0,0.0,0.0,1.0,0.0,0.0,0.0,3.0,2.0,5.0,0.0,0.0,1.0,0.0,5.0,0.0,0.0,0.0,0.0,0.0,0.0,0.0,0.0,0.0,1.0,1.0,0.0,0.0,0.0,0.0,3.0,0.0,0.0,0.0,0.0,1.0,0.0,0.0,0.0,0.0,0.0,0.0,0.0,2.0,2.0,3.0,4591829950.0,6852159.0,固原市隆德县,固原市隆德县奠安乡,16.0,10.1,5.0,3.0,34.1,37.36923076923077,38.27384615384616,46.06748971193416
宁夏回族自治区,固原市,泾源县,香水镇,106.3337463,35.4955417,8.0,0.0,14.0,16.0,38.0,4.0,0.0,0.0,1.0,0.0,2.0,1.0,1.0,1.0,8.0,8.0,0.0,0.0,0.0,0.0,16.0,1.0,2.0,0.0,0.0,4.0,78.0,0.0,0.0,7.0,0.0,22.0,0.0,3.0,9.0,13.0,5.0,0.0,9.0,12.0,10.0,1.0,0.0,0.0,1.0,0.0,1.0,1.0,1.0,1.0,4.0,4.0,0.0,0.0,0.0,0.0,6.0,0.0,0.0,0.0,0.0,2.0,42.0,0.0,0.0,2.0,0.0,14.0,0.0,3.0,9.0,4.0,5950912205.0,-1.0,固原市泾源县,固原市泾源县香水镇,11.0,28.0,15.0,16.9,70.9,52.05714285714286,38.27384615384616,46.06748971193416
宁夏回族自治区,固原市,泾源县,泾河源镇,106.3982978,35.4114985,7.0,0.0,4.0,15.0,139.0,22.0,1.0,1.0,0.0,1.0,3.0,0.0,0.0,0.0,3.0,3.0,0.0,0.0,0.0,0.0,18.0,0.0,1.0,0.0,0.0,5.0,17.0,0.0,0.0,2.0,0.0,3.0,0.0,2.0,14.0,9.0,4.0,0.0,2.0,10.0,60.0,16.0,1.0,1.0,0.0,0.0,2.0,0.0,0.0,0.0,1.0,1.0,0.0,0.0,0.0,0.0,6.0,0.0,1.0,0.0,0.0,2.0,11.0,0.0,0.0,1.0,0.0,2.0,0.0,2.0,13.0,7.0,5175855726.0,11928291.0,固原市泾源县,固原市泾源县泾河源镇,20.0,28.0,5.0,7.1,60.1,52.05714285714286,38.27384615384616,46.06748971193416
宁夏回族自治区,固原市,泾源县,六盘山镇,106.2871716,35.6634883,12.0,0.0,0.0,9.0,40.0,1.0,0.0,0.0,0.0,1.0,1.0,0.0,0.0,0.0,2.0,2.0,0.0,0.0,0.0,0.0,8.0,0.0,0.0,0.0,0.0,3.0,32.0,0.0,0.0,5.0,0.0,4.0,0.0,4.0,9.0,7.0,10.0,0.0,0.0,1.0,19.0,1.0,0.0,0.0,0.0,1.0,1.0,0.0,0.0,0.0,1.0,1.0,0.0,0.0,0.0,0.0,2.0,0.0,0.0,0.0,0.0,1.0,20.0,0.0,0.0,1.0,0.0,3.0,0.0,3.0,9.0,4.0,3186021473.0,-1.0,固原市泾源县,固原市泾源县六盘山镇,10.0,28.0,5.0,9.3,52.3,52.05714285714286,38.27384615384616,46.06748971193416
宁夏回族自治区,固原市,泾源县,新民乡,106.4447238,35.3261882,10.0,0.0,3.0,7.0,53.0,0.0,0.0,0.0,0.0,0.0,1.0,0.0,0.0,0.0,4.0,4.0,0.0,0.0,0.0,0.0,13.0,0.0,0.0,0.0,0.0,4.0,24.0,0.0,0.0,1.0,0.0,0.0,0.0,9.0,7.0,9.0,0.0,0.0,0.0,7.0,28.0,0.0,0.0,0.0,0.0,0.0,0.0,0.0,0.0,0.0,2.0,2.0,0.0,0.0,0.0,0.0,6.0,0.0,0.0,0.0,0.0,1.0,9.0,0.0,0.0,0.0,0.0,0.0,0.0,1.0,4.0,3.0,4883845893.0,11928292.0,固原市泾源县,固原市泾源县新民乡,19.0,25.5,5.0,7.4,56.9,52.05714285714286,38.27384615384616,46.06748971193416
宁夏回族自治区,固原市,泾源县,兴盛乡,106.3516797,35.4535839,1.0,0.0,6.0,7.0,39.0,1.0,0.0,0.0,0.0,0.0,0.0,0.0,0.0,0.0,2.0,2.0,0.0,0.0,0.0,0.0,14.0,0.0,3.0,0.0,0.0,7.0,6.0,0.0,0.0,2.0,0.0,2.0,0.0,4.0,7.0,7.0,0.0,0.0,1.0,3.0,5.0,0.0,0.0,0.0,0.0,0.0,0.0,0.0,0.0,0.0,0.0,0.0,0.0,0.0,0.0,0.0,2.0,0.0,1.0,0.0,0.0,1.0,0.0,0.0,0.0,0.0,0.0,0.0,0.0,1.0,4.0,2.0,5165033854.0,-1.0,固原市泾源县,固原市泾源县兴盛乡,12.0,22.8,0.0,4.3,39.099999999999994,52.05714285714286,38.27384615384616,46.06748971193416
宁夏回族自治区,固原市,泾源县,黄花乡,106.407094,35.5049459,0.0,0.0,5.0,6.0,66.0,4.0,0.0,0.0,0.0,0.0,1.0,0.0,0.0,0.0,3.0,3.0,0.0,0.0,0.0,0.0,8.0,0.0,0.0,0.0,0.0,3.0,17.0,0.0,0.0,0.0,0.0,0.0,0.0,1.0,6.0,6.0,0.0,0.0,4.0,3.0,38.0,1.0,0.0,0.0,0.0,0.0,1.0,0.0,0.0,0.0,2.0,2.0,0.0,0.0,0.0,0.0,2.0,0.0,0.0,0.0,0.0,1.0,7.0,0.0,0.0,0.0,0.0,0.0,0.0,1.0,6.0,4.0,4883655219.0,-1.0,固原市泾源县,固原市泾源县黄花乡,10.0,25.0,5.0,5.4,45.4,52.05714285714286,38.27384615384616,46.06748971193416
宁夏回族自治区,固原市,泾源县,大湾乡,106.2692836,35.731605,1.0,0.0,4.0,1.0,39.0,1.0,3.0,0.0,0.0,0.0,1.0,0.0,0.0,0.0,2.0,2.0,0.0,0.0,0.0,0.0,5.0,0.0,0.0,0.0,0.0,1.0,18.0,0.0,0.0,3.0,0.0,1.0,0.0,3.0,9.0,4.0,1.0,0.0,0.0,0.0,9.0,1.0,0.0,0.0,0.0,0.0,1.0,0.0,0.0,0.0,2.0,2.0,0.0,0.0,0.0,0.0,3.0,0.0,0.0,0.0,0.0,1.0,1.0,0.0,0.0,0.0,0.0,0.0,0.0,2.0,5.0,3.0,4884119380.0,-1.0,固原市泾源县,固原市泾源县大湾乡,8.0,22.5,5.0,4.2,39.7,52.05714285714286,38.27384615384616,46.06748971193416
宁夏回族自治区,固原市,彭阳县,白阳镇,106.6067848,35.8528174,13.0,0.0,24.0,33.0,111.0,15.0,2.0,29.0,32.0,0.0,2.0,1.0,2.0,2.0,8.0,9.0,0.0,1.0,0.0,2.0,6.0,0.0,1.0,0.0,1.0,5.0,266.0,0.0,0.0,7.0,0.0,14.0,4.0,2.0,14.0,10.0,6.0,0.0,13.0,3.0,29.0,6.0,1.0,4.0,9.0,0.0,1.0,0.0,1.0,1.0,5.0,6.0,0.0,0.0,0.0,0.0,1.0,0.0,0.0,0.0,1.0,2.0,114.0,0.0,0.0,3.0,0.0,3.0,0.0,1.0,12.0,7.0,4766414721.0,-1.0,固原市彭阳县,固原市彭阳县白阳镇,12.0,28.0,15.0,20.0,75.0,35.74166666666667,38.27384615384616,46.06748971193416
宁夏回族自治区,固原市,彭阳县,王洼镇,106.6154858,36.1560455,0.0,2.0,4.0,3.0,31.0,3.0,0.0,0.0,0.0,0.0,1.0,0.0,0.0,0.0,2.0,2.0,0.0,0.0,0.0,0.0,2.0,0.0,3.0,0.0,0.0,1.0,21.0,0.0,0.0,8.0,0.0,0.0,0.0,3.0,9.0,4.0,0.0,1.0,1.0,2.0,21.0,2.0,0.0,0.0,0.0,0.0,0.0,0.0,0.0,0.0,2.0,2.0,0.0,0.0,0.0,0.0,0.0,0.0,2.0,0.0,0.0,1.0,21.0,0.0,0.0,2.0,0.0,0.0,0.0,1.0,6.0,3.0,5955115540.0,-1.0,固原市彭阳县,固原市彭阳县王洼镇,8.0,26.0,5.0,7.2,46.2,35.74166666666667,38.27384615384616,46.06748971193416
宁夏回族自治区,固原市,彭阳县,古城镇,106.4590679,35.8573991,5.0,0.0,8.0,10.0,99.0,8.0,0.0,0.0,0.0,1.0,1.0,0.0,0.0,0.0,5.0,5.0,0.0,0.0,0.0,0.0,9.0,0.0,4.0,0.0,0.0,3.0,10.0,0.0,0.0,0.0,0.0,3.0,1.0,1.0,11.0,9.0,5.0,0.0,1.0,8.0,65.0,6.0,0.0,0.0,0.0,1.0,0.0,0.0,0.0,0.0,1.0,1.0,0.0,0.0,0.0,0.0,5.0,0.0,2.0,0.0,0.0,1.0,8.0,0.0,0.0,0.0,0.0,1.0,1.0,1.0,9.0,8.0,3176199677.0,-1.0,固原市彭阳县,固原市彭阳县古城镇,10.0,28.0,5.0,5.8,48.8,35.74166666666667,38.27384615384616,46.06748971193416
宁夏回族自治区,固原市,彭阳县,红河镇,106.6804545,35.7705681,0.0,6.0,6.0,11.0,11.0,0.0,0.0,0.0,0.0,0.0,2.0,0.0,0.0,0.0,1.0,1.0,0.0,0.0,0.0,0.0,1.0,0.0,0.0,0.0,0.0,1.0,1.0,0.0,0.0,0.0,0.0,0.0,0.0,2.0,5.0,6.0,0.0,3.0,6.0,8.0,0.0,0.0,0.0,0.0,0.0,0.0,2.0,0.0,0.0,0.0,1.0,1.0,0.0,0.0,0.0,0.0,1.0,0.0,0.0,0.0,0.0,1.0,1.0,0.0,0.0,0.0,0.0,0.0,0.0,1.0,3.0,3.0,5954790578.0,-1.0,固原市彭阳县,固原市彭阳县红河镇,8.0,16.7,5.0,3.2,32.9,35.74166666666667,38.27384615384616,46.06748971193416
宁夏回族自治区,固原市,彭阳县,新集乡,106.4755681,35.7786384,0.0,0.0,7.0,4.0,43.0,7.0,0.0,0.0,0.0,0.0,0.0,0.0,0.0,0.0,3.0,3.0,0.0,0.0,0.0,0.0,4.0,0.0,0.0,0.0,0.0,1.0,14.0,0.0,0.0,0.0,0.0,0.0,0.0,1.0,6.0,7.0,0.0,0.0,6.0,2.0,25.0,5.0,0.0,0.0,0.0,0.0,0.0,0.0,0.0,0.0,3.0,3.0,0.0,0.0,0.0,0.0,3.0,0.0,0.0,0.0,0.0,1.0,12.0,0.0,0.0,0.0,0.0,0.0,0.0,1.0,6.0,6.0,4607935505.0,-1.0,固原市彭阳县,固原市彭阳县新集乡,8.0,23.0,5.0,6.1,42.1,35.74166666666667,38.27384615384616,46.06748971193416
宁夏回族自治区,固原市,彭阳县,城阳乡,106.7676545,35.8178505,11.0,0.0,1.0,12.0,22.0,3.0,0.0,0.0,0.0,0.0,0.0,0.0,0.0,0.0,0.0,0.0,0.0,0.0,0.0,0.0,4.0,0.0,0.0,0.0,0.0,1.0,10.0,0.0,0.0,1.0,0.0,0.0,0.0,1.0,7.0,6.0,3.0,0.0,0.0,8.0,9.0,0.0,0.0,0.0,0.0,0.0,0.0,0.0,0.0,0.0,0.0,0.0,0.0,0.0,0.0,0.0,3.0,0.0,0.0,0.0,0.0,1.0,7.0,0.0,0.0,1.0,0.0,0.0,0.0,1.0,5.0,5.0,5954844776.0,-1.0,固原市彭阳县,固原市彭阳县城阳乡,8.0,20.6,0.0,4.9,33.5,35.74166666666667,38.27384615384616,46.06748971193416
宁夏回族自治区,固原市,彭阳县,冯庄乡,106.8219725,36.0686252,0.0,0.0,0.0,7.0,6.0,0.0,0.0,0.0,0.0,0.0,0.0,0.0,0.0,0.0,0.0,0.0,0.0,0.0,0.0,0.0,1.0,0.0,0.0,0.0,0.0,2.0,0.0,0.0,0.0,3.0,0.0,0.0,0.0,1.0,4.0,2.0,0.0,0.0,0.0,2.0,5.0,0.0,0.0,0.0,0.0,0.0,0.0,0.0,0.0,0.0,0.0,0.0,0.0,0.0,0.0,0.0,1.0,0.0,0.0,0.0,0.0,1.0,0.0,0.0,0.0,3.0,0.0,0.0,0.0,1.0,4.0,1.0,5956291508.0,-1.0,固原市彭阳县,固原市彭阳县冯庄乡,9.0,9.7,0.0,1.6,20.3,35.74166666666667,38.27384615384616,46.06748971193416
宁夏回族自治区,固原市,彭阳县,小岔乡,106.7613155,36.1508832,0.0,0.0,0.0,7.0,2.0,0.0,0.0,0.0,0.0,0.0,0.0,0.0,0.0,0.0,0.0,0.0,0.0,0.0,0.0,0.0,1.0,0.0,0.0,0.0,0.0,2.0,0.0,0.0,0.0,3.0,0.0,0.0,0.0,1.0,3.0,1.0,0.0,0.0,0.0,4.0,2.0,0.0,0.0,0.0,0.0,0.0,0.0,0.0,0.0,0.0,0.0,0.0,0.0,0.0,0.0,0.0,1.0,0.0,0.0,0.0,0.0,1.0,0.0,0.0,0.0,1.0,0.0,0.0,0.0,1.0,3.0,1.0,5955157590.0,-1.0,固原市彭阳县,固原市彭阳县小岔乡,9.0,7.5,0.0,0.9,17.4,35.74166666666667,38.27384615384616,46.06748971193416
宁夏回族自治区,固原市,彭阳县,孟塬乡,106.8173896,35.9791202,0.0,0.0,3.0,1.0,2.0,0.0,0.0,0.0,0.0,0.0,0.0,0.0,0.0,0.0,0.0,0.0,0.0,0.0,0.0,0.0,1.0,0.0,0.0,0.0,0.0,1.0,0.0,0.0,0.0,2.0,0.0,0.0,0.0,1.0,4.0,3.0,0.0,0.0,3.0,1.0,0.0,0.0,0.0,0.0,0.0,0.0,0.0,0.0,0.0,0.0,0.0,0.0,0.0,0.0,0.0,0.0,1.0,0.0,0.0,0.0,0.0,1.0,0.0,0.0,0.0,2.0,0.0,0.0,0.0,1.0,2.0,1.0,5956239639.0,-1.0,固原市彭阳县,固原市彭阳县孟塬乡,8.0,8.4,0.0,1.9,18.299999999999997,35.74166666666667,38.27384615384616,46.06748971193416
宁夏回族自治区,固原市,彭阳县,罗洼乡,106.5907239,36.2571816,0.0,3.0,0.0,1.0,7.0,0.0,0.0,0.0,0.0,0.0,0.0,0.0,0.0,0.0,0.0,0.0,0.0,0.0,0.0,0.0,0.0,0.0,2.0,0.0,0.0,1.0,1.0,0.0,0.0,0.0,0.0,0.0,0.0,8.0,3.0,1.0,0.0,1.0,0.0,1.0,4.0,0.0,0.0,0.0,0.0,0.0,0.0,0.0,0.0,0.0,0.0,0.0,0.0,0.0,0.0,0.0,0.0,0.0,0.0,0.0,0.0,1.0,1.0,0.0,0.0,0.0,0.0,0.0,0.0,1.0,3.0,0.0,5955012364.0,8775443.0,固原市彭阳县,固原市彭阳县罗洼乡,16.0,10.1,0.0,0.7,26.8,35.74166666666667,38.27384615384616,46.06748971193416
宁夏回族自治区,固原市,彭阳县,交岔乡,106.5087218,36.1463143,0.0,0.0,0.0,3.0,17.0,0.0,0.0,0.0,0.0,0.0,0.0,0.0,0.0,0.0,1.0,1.0,0.0,0.0,0.0,0.0,0.0,0.0,0.0,0.0,0.0,1.0,0.0,0.0,0.0,0.0,0.0,0.0,0.0,1.0,4.0,1.0,0.0,0.0,0.0,2.0,5.0,0.0,0.0,0.0,0.0,0.0,0.0,0.0,0.0,0.0,1.0,1.0,0.0,0.0,0.0,0.0,0.0,0.0,0.0,0.0,0.0,1.0,0.0,0.0,0.0,0.0,0.0,0.0,0.0,1.0,4.0,0.0,5955105691.0,-1.0,固原市彭阳县,固原市彭阳县交岔乡,8.0,9.9,5.0,0.5,23.4,35.74166666666667,38.27384615384616,46.06748971193416
宁夏回族自治区,固原市,彭阳县,草庙乡,106.6978025,36.02859,2.0,1.0,0.0,5.0,58.0,7.0,0.0,4.0,0.0,0.0,1.0,0.0,0.0,0.0,1.0,1.0,0.0,0.0,0.0,0.0,6.0,0.0,1.0,0.0,0.0,2.0,3.0,0.0,0.0,1.0,0.0,0.0,0.0,1.0,10.0,7.0,2.0,1.0,0.0,2.0,45.0,7.0,0.0,2.0,0.0,0.0,1.0,0.0,0.0,0.0,1.0,1.0,0.0,0.0,0.0,0.0,6.0,0.0,1.0,0.0,0.0,1.0,3.0,0.0,0.0,0.0,0.0,0.0,0.0,1.0,8.0,6.0,5165101013.0,-1.0,固原市彭阳县,固原市彭阳县草庙乡,9.0,26.0,5.0,4.2,44.2,35.74166666666667,38.27384615384616,46.06748971193416
宁夏回族自治区,中卫市,沙坡头区,滨河镇,105.1810889,37.505136,8.0,8.0,29.0,44.0,63.0,39.0,3.0,65.0,36.0,1.0,2.0,28.0,0.0,0.0,11.0,12.0,5.0,0.0,3.0,17.0,6.0,2.0,0.0,2.0,1.0,5.0,209.0,0.0,47.0,3.0,3.0,37.0,15.0,6.0,16.0,11.0,0.0,4.0,6.0,12.0,14.0,9.0,3.0,6.0,0.0,1.0,0.0,6.0,0.0,0.0,2.0,3.0,0.0,0.0,3.0,7.0,1.0,1.0,0.0,1.0,0.0,1.0,27.0,0.0,0.0,0.0,0.0,3.0,3.0,2.0,10.0,8.0,5916645834.0,8715936.0,中卫市沙坡头区,中卫市沙坡头区滨河镇,20.0,30.0,18.0,20.0,88.0,46.61818181818182,38.089999999999996,46.06748971193416
宁夏回族自治区,中卫市,沙坡头区,文昌镇,105.2080075,37.5068661,10.0,10.0,34.0,37.0,53.0,24.0,3.0,65.0,27.0,1.0,3.0,29.0,0.0,0.0,9.0,10.0,5.0,0.0,3.0,16.0,3.0,2.0,2.0,2.0,0.0,6.0,163.0,0.0,47.0,1.0,3.0,32.0,13.0,5.0,14.0,10.0,0.0,6.0,8.0,6.0,6.0,0.0,0.0,4.0,6.0,0.0,0.0,0.0,0.0,0.0,2.0,2.0,0.0,0.0,0.0,1.0,0.0,1.0,1.0,1.0,0.0,1.0,23.0,0.0,3.0,1.0,1.0,3.0,0.0,1.0,8.0,5.0,5916614002.0,8715878.0,中卫市沙坡头区,中卫市沙坡头区文昌镇,20.0,30.0,11.0,20.0,81.0,46.61818181818182,38.089999999999996,46.06748971193416
宁夏回族自治区,中卫市,沙坡头区,东园镇,105.210219,37.557388,3.0,0.0,3.0,10.0,23.0,0.0,0.0,0.0,0.0,0.0,0.0,0.0,0.0,0.0,0.0,0.0,0.0,0.0,0.0,0.0,1.0,0.0,0.0,0.0,0.0,1.0,10.0,0.0,0.0,0.0,0.0,0.0,0.0,1.0,5.0,3.0,0.0,0.0,0.0,4.0,13.0,0.0,0.0,0.0,0.0,0.0,0.0,0.0,0.0,0.0,0.0,0.0,0.0,0.0,0.0,0.0,1.0,0.0,0.0,0.0,0.0,1.0,0.0,0.0,0.0,0.0,0.0,0.0,0.0,1.0,3.0,1.0,5916552783.0,-1.0,中卫市沙坡头区,中卫市沙坡头区东园镇,8.0,21.0,0.0,2.5,31.5,46.61818181818182,38.089999999999996,46.06748971193416
宁夏回族自治区,中卫市,沙坡头区,柔远镇,105.258987,37.517507,3.0,2.0,8.0,15.0,37.0,0.0,0.0,0.0,0.0,0.0,1.0,0.0,0.0,0.0,0.0,0.0,0.0,0.0,0.0,0.0,5.0,0.0,1.0,0.0,0.0,5.0,28.0,0.0,0.0,11.0,0.0,0.0,0.0,3.0,6.0,4.0,1.0,2.0,2.0,10.0,18.0,0.0,0.0,0.0,0.0,0.0,1.0,0.0,0.0,0.0,0.0,0.0,0.0,0.0,0.0,0.0,1.0,0.0,0.0,0.0,0.0,1.0,16.0,0.0,0.0,0.0,0.0,0.0,0.0,1.0,6.0,1.0,5916525715.0,11930786.0,中卫市沙坡头区,中卫市沙坡头区柔远镇,20.0,25.0,0.0,7.5,52.5,46.61818181818182,38.089999999999996,46.06748971193416
宁夏回族自治区,中卫市,沙坡头区,镇罗镇,105.343526,37.518284,2.0,0.0,9.0,12.0,27.0,1.0,0.0,0.0,0.0,0.0,2.0,0.0,0.0,0.0,0.0,0.0,0.0,0.0,0.0,0.0,8.0,0.0,0.0,0.0,0.0,5.0,19.0,0.0,0.0,1.0,0.0,0.0,0.0,3.0,10.0,5.0,1.0,0.0,0.0,9.0,4.0,0.0,0.0,0.0,0.0,0.0,1.0,0.0,0.0,0.0,0.0,0.0,0.0,0.0,0.0,0.0,3.0,0.0,0.0,0.0,0.0,2.0,11.0,0.0,0.0,1.0,0.0,0.0,0.0,1.0,4.0,1.0,5916496645.0,-1.0,中卫市沙坡头区,中卫市沙坡头区镇罗镇,12.0,22.6,0.0,5.7,40.300000000000004,46.61818181818182,38.089999999999996,46.06748971193416
宁夏回族自治区,中卫市,沙坡头区,宣和镇,105.4323786,37.4706302,0.0,0.0,13.0,20.0,122.0,7.0,0.0,0.0,0.0,0.0,1.0,0.0,0.0,0.0,1.0,1.0,0.0,0.0,0.0,0.0,1.0,0.0,1.0,0.0,0.0,1.0,2.0,0.0,0.0,2.0,0.0,0.0,0.0,6.0,9.0,6.0,0.0,0.0,3.0,6.0,49.0,7.0,0.0,0.0,0.0,0.0,1.0,0.0,0.0,0.0,0.0,0.0,0.0,0.0,0.0,0.0,0.0,0.0,1.0,0.0,0.0,1.0,2.0,0.0,0.0,0.0,0.0,0.0,0.0,2.0,6.0,2.0,3824349943.0,-1.0,中卫市沙坡头区,中卫市沙坡头区宣和镇,8.0,26.0,0.0,3.6,37.6,46.61818181818182,38.089999999999996,46.06748971193416
宁夏回族自治区,中卫市,沙坡头区,永康镇,105.344082,37.471738,0.0,0.0,5.0,1.0,60.0,0.0,0.0,0.0,0.0,0.0,0.0,0.0,0.0,0.0,1.0,1.0,0.0,0.0,0.0,0.0,6.0,0.0,0.0,0.0,0.0,2.0,23.0,0.0,0.0,12.0,0.0,0.0,0.0,6.0,7.0,6.0,0.0,0.0,1.0,0.0,24.0,0.0,0.0,0.0,0.0,0.0,0.0,0.0,0.0,0.0,0.0,0.0,0.0,0.0,0.0,0.0,1.0,0.0,0.0,0.0,0.0,1.0,5.0,0.0,0.0,0.0,0.0,0.0,0.0,2.0,4.0,2.0,5916464085.0,-1.0,中卫市沙坡头区,中卫市沙坡头区永康镇,9.0,23.5,0.0,7.0,39.5,46.61818181818182,38.089999999999996,46.06748971193416
宁夏回族自治区,中卫市,沙坡头区,常乐镇,105.109127,37.458629,0.0,0.0,5.0,4.0,59.0,3.0,0.0,0.0,0.0,0.0,1.0,0.0,0.0,0.0,0.0,0.0,0.0,0.0,0.0,0.0,6.0,0.0,4.0,0.0,0.0,1.0,8.0,0.0,0.0,6.0,0.0,2.0,0.0,5.0,6.0,8.0,0.0,0.0,0.0,1.0,11.0,0.0,0.0,0.0,0.0,0.0,1.0,0.0,0.0,0.0,0.0,0.0,0.0,0.0,0.0,0.0,1.0,0.0,0.0,0.0,0.0,1.0,2.0,0.0,0.0,1.0,0.0,1.0,0.0,3.0,3.0,3.0,5915251815.0,-1.0,中卫市沙坡头区,中卫市沙坡头区常乐镇,8.0,25.0,0.0,5.7,38.7,46.61818181818182,38.089999999999996,46.06748971193416
宁夏回族自治区,中卫市,沙坡头区,迎水桥镇,105.1287197,37.504953,13.0,7.0,11.0,12.0,56.0,20.0,3.0,1.0,9.0,0.0,3.0,0.0,0.0,0.0,1.0,1.0,0.0,0.0,0.0,0.0,4.0,0.0,2.0,0.0,1.0,1.0,45.0,0.0,0.0,11.0,0.0,13.0,2.0,5.0,11.0,9.0,1.0,2.0,0.0,4.0,4.0,2.0,1.0,0.0,0.0,0.0,2.0,0.0,0.0,0.0,0.0,0.0,0.0,0.0,0.0,0.0,1.0,0.0,1.0,0.0,0.0,1.0,7.0,0.0,0.0,1.0,0.0,2.0,0.0,2.0,8.0,3.0,5915251816.0,-1.0,中卫市沙坡头区,中卫市沙坡头区迎水桥镇,8.0,28.0,0.0,10.4,46.4,46.61818181818182,38.089999999999996,46.06748971193416
宁夏回族自治区,中卫市,沙坡头区,兴仁镇,105.257046,36.938677,3.0,2.0,0.0,0.0,20.0,7.0,0.0,0.0,0.0,0.0,0.0,0.0,0.0,0.0,0.0,0.0,0.0,0.0,0.0,0.0,1.0,0.0,0.0,0.0,0.0,2.0,1.0,0.0,0.0,0.0,0.0,0.0,0.0,2.0,9.0,2.0,3.0,2.0,0.0,0.0,20.0,0.0,0.0,0.0,0.0,0.0,0.0,0.0,0.0,0.0,0.0,0.0,0.0,0.0,0.0,0.0,1.0,0.0,0.0,0.0,0.0,1.0,1.0,0.0,0.0,0.0,0.0,0.0,0.0,1.0,4.0,2.0,5916342229.0,8715493.0,中卫市沙坡头区,中卫市沙坡头区兴仁镇,17.0,19.0,0.0,1.2,37.2,46.61818181818182,38.089999999999996,46.06748971193416
宁夏回族自治区,中卫市,沙坡头区,香山乡,105.0863448,37.0705752,0.0,0.0,5.0,1.0,3.0,0.0,0.0,0.0,0.0,0.0,0.0,0.0,0.0,0.0,0.0,0.0,0.0,0.0,0.0,0.0,1.0,0.0,0.0,0.0,0.0,2.0,2.0,0.0,0.0,1.0,0.0,0.0,0.0,1.0,5.0,1.0,0.0,0.0,5.0,1.0,3.0,0.0,0.0,0.0,0.0,0.0,0.0,0.0,0.0,0.0,0.0,0.0,0.0,0.0,0.0,0.0,1.0,0.0,0.0,0.0,0.0,2.0,2.0,0.0,0.0,1.0,0.0,0.0,0.0,1.0,4.0,1.0,5916586085.0,-1.0,中卫市沙坡头区,中卫市沙坡头区香山乡,9.0,10.0,0.0,1.1,20.1,46.61818181818182,38.089999999999996,46.06748971193416
宁夏回族自治区,中卫市,中宁县,宁安镇,105.6656312,37.4853582,5.0,9.0,32.0,31.0,87.0,17.0,0.0,2.0,0.0,0.0,1.0,0.0,1.0,1.0,13.0,13.0,0.0,0.0,0.0,3.0,1.0,0.0,0.0,1.0,0.0,3.0,162.0,0.0,0.0,1.0,0.0,28.0,0.0,4.0,10.0,5.0,0.0,4.0,11.0,10.0,32.0,6.0,0.0,1.0,0.0,0.0,0.0,0.0,1.0,1.0,3.0,3.0,0.0,0.0,0.0,2.0,0.0,0.0,0.0,0.0,0.0,1.0,52.0,0.0,0.0,0.0,0.0,7.0,0.0,1.0,8.0,2.0,5919957966.0,-1.0,中卫市中宁县,中卫市中宁县宁安镇,10.0,26.0,12.0,18.5,66.5,35.391666666666666,38.089999999999996,46.06748971193416
宁夏回族自治区,中卫市,中宁县,鸣沙镇,105.865794,37.552813,0.0,3.0,5.0,3.0,69.0,1.0,0.0,0.0,0.0,0.0,1.0,0.0,0.0,0.0,0.0,0.0,0.0,0.0,0.0,0.0,0.0,0.0,0.0,0.0,0.0,1.0,16.0,0.0,0.0,0.0,0.0,3.0,0.0,2.0,10.0,3.0,0.0,1.0,1.0,2.0,12.0,1.0,0.0,0.0,0.0,0.0,1.0,0.0,0.0,0.0,0.0,0.0,0.0,0.0,0.0,0.0,0.0,0.0,0.0,0.0,0.0,1.0,0.0,0.0,0.0,0.0,0.0,1.0,0.0,1.0,5.0,2.0,2518929810.0,-1.0,中卫市中宁县,中卫市中宁县鸣沙镇,8.0,26.0,0.0,3.1,37.1,35.391666666666666,38.089999999999996,46.06748971193416
宁夏回族自治区,中卫市,中宁县,石空镇,105.6651887,37.5523685,15.0,0.0,4.0,24.0,43.0,6.0,1.0,2.0,1.0,0.0,0.0,0.0,0.0,0.0,0.0,0.0,0.0,0.0,0.0,0.0,1.0,0.0,3.0,0.0,0.0,1.0,20.0,0.0,0.0,6.0,0.0,2.0,0.0,2.0,10.0,6.0,6.0,0.0,1.0,12.0,9.0,2.0,0.0,0.0,1.0,0.0,0.0,0.0,0.0,0.0,0.0,0.0,0.0,0.0,0.0,0.0,1.0,0.0,1.0,0.0,0.0,1.0,1.0,0.0,0.0,0.0,0.0,2.0,0.0,1.0,7.0,5.0,2518929811.0,-1.0,中卫市中宁县,中卫市中宁县石空镇,8.0,26.0,0.0,5.7,39.7,35.391666666666666,38.089999999999996,46.06748971193416
宁夏回族自治区,中卫市,中宁县,新堡镇,105.6862186,37.4735845,23.0,9.0,26.0,24.0,91.0,11.0,0.0,2.0,3.0,0.0,3.0,0.0,1.0,1.0,12.0,12.0,0.0,0.0,0.0,3.0,3.0,0.0,0.0,2.0,0.0,3.0,175.0,0.0,0.0,1.0,0.0,33.0,0.0,8.0,14.0,5.0,2.0,0.0,5.0,8.0,12.0,2.0,0.0,0.0,0.0,0.0,0.0,0.0,0.0,0.0,3.0,3.0,0.0,0.0,0.0,1.0,1.0,0.0,0.0,1.0,0.0,1.0,7.0,0.0,0.0,0.0,0.0,2.0,0.0,1.0,6.0,5.0,2518929815.0,-1.0,中卫市中宁县,中卫市中宁县新堡镇,10.0,28.0,6.0,18.5,62.5,35.391666666666666,38.089999999999996,46.06748971193416
宁夏回族自治区,中卫市,中宁县,恩和镇,105.7597352,37.4923103,4.0,1.0,6.0,9.0,22.0,0.0,0.0,0.0,0.0,0.0,0.0,0.0,0.0,0.0,0.0,0.0,0.0,0.0,0.0,0.0,0.0,0.0,0.0,0.0,0.0,1.0,0.0,0.0,0.0,0.0,0.0,0.0,0.0,3.0,9.0,1.0,4.0,1.0,0.0,5.0,13.0,0.0,0.0,0.0,0.0,0.0,0.0,0.0,0.0,0.0,0.0,0.0,0.0,0.0,0.0,0.0,0.0,0.0,0.0,0.0,0.0,1.0,0.0,0.0,0.0,0.0,0.0,0.0,0.0,1.0,5.0,1.0,3334041161.0,-1.0,中卫市中宁县,中卫市中宁县恩和镇,8.0,22.3,0.0,0.5,30.8,35.391666666666666,38.089999999999996,46.06748971193416
宁夏回族自治区,中卫市,中宁县,大战场镇,105.542672,37.405091,0.0,0.0,1.0,4.0,51.0,0.0,0.0,0.0,0.0,0.0,0.0,0.0,0.0,0.0,0.0,0.0,0.0,0.0,0.0,0.0,0.0,0.0,0.0,0.0,0.0,1.0,4.0,0.0,0.0,0.0,0.0,1.0,0.0,5.0,5.0,2.0,0.0,0.0,1.0,3.0,23.0,0.0,0.0,0.0,0.0,0.0,0.0,0.0,0.0,0.0,0.0,0.0,0.0,0.0,0.0,0.0,0.0,0.0,0.0,0.0,0.0,1.0,2.0,0.0,0.0,0.0,0.0,1.0,0.0,2.0,5.0,2.0,5919792719.0,-1.0,中卫市中宁县,中卫市中宁县大战场镇,8.0,22.5,0.0,1.6,32.1,35.391666666666666,38.089999999999996,46.06748971193416
宁夏回族自治区,中卫市,中宁县,舟塔乡,105.6235303,37.4814072,0.0,6.0,2.0,3.0,60.0,0.0,0.0,0.0,0.0,0.0,0.0,0.0,0.0,0.0,0.0,0.0,0.0,0.0,0.0,0.0,1.0,0.0,0.0,0.0,0.0,1.0,12.0,0.0,0.0,2.0,0.0,1.0,0.0,3.0,5.0,3.0,0.0,0.0,0.0,1.0,8.0,0.0,0.0,0.0,0.0,0.0,0.0,0.0,0.0,0.0,0.0,0.0,0.0,0.0,0.0,0.0,0.0,0.0,0.0,0.0,0.0,1.0,2.0,0.0,0.0,0.0,0.0,1.0,0.0,1.0,3.0,1.0,5919952384.0,-1.0,中卫市中宁县,中卫市中宁县舟塔乡,8.0,22.5,0.0,3.1,33.6,35.391666666666666,38.089999999999996,46.06748971193416
宁夏回族自治区,中卫市,中宁县,白马乡,105.931817,37.629392,0.0,2.0,0.0,1.0,7.0,0.0,0.0,0.0,0.0,0.0,0.0,0.0,0.0,0.0,0.0,0.0,0.0,0.0,0.0,0.0,0.0,0.0,0.0,0.0,0.0,1.0,0.0,0.0,0.0,0.0,0.0,0.0,0.0,7.0,5.0,3.0,0.0,2.0,0.0,1.0,5.0,0.0,0.0,0.0,0.0,0.0,0.0,0.0,0.0,0.0,0.0,0.0,0.0,0.0,0.0,0.0,0.0,0.0,0.0,0.0,0.0,1.0,0.0,0.0,0.0,0.0,0.0,0.0,0.0,1.0,4.0,0.0,2518929791.0,-1.0,中卫市中宁县,中卫市中宁县白马乡,8.0,11.4,0.0,1.5,20.9,35.391666666666666,38.089999999999996,46.06748971193416
宁夏回族自治区,中卫市,中宁县,余丁乡,105.563,37.5123,5.0,0.0,8.0,2.0,41.0,0.0,0.0,0.0,0.0,0.0,0.0,0.0,0.0,0.0,0.0,0.0,0.0,0.0,0.0,0.0,1.0,0.0,0.0,0.0,0.0,1.0,0.0,0.0,0.0,15.0,0.0,0.0,1.0,7.0,6.0,6.0,1.0,0.0,0.0,0.0,11.0,0.0,0.0,0.0,0.0,0.0,0.0,0.0,0.0,0.0,0.0,0.0,0.0,0.0,0.0,0.0,1.0,0.0,0.0,0.0,0.0,1.0,0.0,0.0,0.0,0.0,0.0,0.0,1.0,3.0,3.0,3.0,5920399899.0,-1.0,中卫市中宁县,中卫市中宁县余丁乡,8.0,21.5,0.0,4.5,34.0,35.391666666666666,38.089999999999996,46.06748971193416
宁夏回族自治区,中卫市,中宁县,喊叫水乡,105.607,37.0783,1.0,0.0,1.0,0.0,7.0,1.0,0.0,0.0,0.0,0.0,0.0,0.0,0.0,0.0,0.0,0.0,0.0,0.0,0.0,0.0,1.0,0.0,0.0,0.0,0.0,1.0,3.0,0.0,0.0,1.0,0.0,0.0,0.0,2.0,7.0,1.0,1.0,0.0,1.0,0.0,6.0,1.0,0.0,0.0,0.0,0.0,0.0,0.0,0.0,0.0,0.0,0.0,0.0,0.0,0.0,0.0,1.0,0.0,0.0,0.0,0.0,1.0,0.0,0.0,0.0,1.0,0.0,0.0,0.0,2.0,7.0,1.0,5917516834.0,-1.0,中卫市中宁县,中卫市中宁县喊叫水乡,8.0,11.7,0.0,1.0,20.7,35.391666666666666,38.089999999999996,46.06748971193416
宁夏回族自治区,中卫市,中宁县,徐套乡,105.571032,36.9366834,0.0,0.0,5.0,1.0,22.0,0.0,0.0,0.0,0.0,0.0,0.0,0.0,0.0,0.0,0.0,0.0,0.0,0.0,0.0,0.0,3.0,0.0,0.0,0.0,0.0,3.0,7.0,0.0,0.0,1.0,0.0,1.0,0.0,1.0,4.0,5.0,0.0,0.0,3.0,1.0,0.0,0.0,0.0,0.0,0.0,0.0,0.0,0.0,0.0,0.0,0.0,0.0,0.0,0.0,0.0,0.0,1.0,0.0,0.0,0.0,0.0,1.0,0.0,0.0,0.0,1.0,0.0,0.0,0.0,1.0,2.0,2.0,8155433455.0,-1.0,中卫市中宁县,中卫市中宁县徐套乡,10.0,12.4,0.0,3.4,25.799999999999997,35.391666666666666,38.089999999999996,46.06748971193416
宁夏回族自治区,中卫市,中宁县,太阳梁乡,105.816834,37.668062,1.0,0.0,0.0,13.0,5.0,0.0,0.0,0.0,1.0,0.0,0.0,0.0,0.0,0.0,0.0,0.0,0.0,0.0,0.0,0.0,1.0,0.0,0.0,0.0,0.0,0.0,36.0,0.0,0.0,1.0,0.0,0.0,0.0,1.0,4.0,4.0,0.0,0.0,0.0,2.0,1.0,0.0,0.0,0.0,0.0,0.0,0.0,0.0,0.0,0.0,0.0,0.0,0.0,0.0,0.0,0.0,0.0,0.0,0.0,0.0,0.0,0.0,0.0,0.0,0.0,0.0,0.0,0.0,0.0,1.0,2.0,1.0,-1.0,-1.0,中卫市中宁县,中卫市中宁县太阳梁乡,0.0,15.3,0.0,5.7,21.0,35.391666666666666,38.089999999999996,46.06748971193416
宁夏回族自治区,中卫市,海原县,海城镇,105.6444263,36.5617539,6.0,5.0,10.0,25.0,163.0,21.0,0.0,5.0,5.0,0.0,8.0,0.0,2.0,2.0,11.0,15.0,1.0,0.0,0.0,1.0,14.0,0.0,3.0,1.0,0.0,2.0,189.0,0.0,0.0,6.0,0.0,10.0,0.0,2.0,15.0,5.0,0.0,0.0,3.0,8.0,76.0,13.0,0.0,0.0,1.0,0.0,0.0,0.0,0.0,0.0,6.0,8.0,1.0,0.0,0.0,0.0,5.0,0.0,0.0,0.0,0.0,2.0,59.0,0.0,0.0,1.0,0.0,3.0,0.0,2.0,5.0,3.0,5938196698.0,-1.0,中卫市海原县,中卫市海原县海城镇,9.0,28.0,10.0,18.5,65.5,34.476470588235294,38.089999999999996,46.06748971193416
宁夏回族自治区,中卫市,海原县,李旺镇,106.0915183,36.687972,1.0,0.0,5.0,1.0,60.0,1.0,0.0,0.0,0.0,0.0,1.0,0.0,0.0,0.0,0.0,0.0,0.0,0.0,0.0,0.0,1.0,0.0,0.0,0.0,0.0,4.0,5.0,0.0,0.0,0.0,0.0,0.0,0.0,7.0,7.0,2.0,1.0,0.0,1.0,0.0,11.0,1.0,0.0,0.0,0.0,0.0,1.0,0.0,0.0,0.0,0.0,0.0,0.0,0.0,0.0,0.0,1.0,0.0,0.0,0.0,0.0,1.0,0.0,0.0,0.0,0.0,0.0,0.0,0.0,3.0,6.0,1.0,3824345188.0,-1.0,中卫市海原县,中卫市海原县李旺镇,11.0,25.5,0.0,1.5,38.0,34.476470588235294,38.089999999999996,46.06748971193416
宁夏回族自治区,中卫市,海原县,西安镇,105.4902659,36.597984,1.0,1.0,0.0,4.0,28.0,5.0,0.0,0.0,0.0,0.0,0.0,0.0,0.0,0.0,0.0,0.0,0.0,0.0,0.0,0.0,5.0,0.0,0.0,0.0,0.0,4.0,0.0,0.0,0.0,2.0,0.0,0.0,1.0,1.0,8.0,6.0,0.0,1.0,0.0,1.0,12.0,4.0,0.0,0.0,0.0,0.0,0.0,0.0,0.0,0.0,0.0,0.0,0.0,0.0,0.0,0.0,1.0,0.0,0.0,0.0,0.0,1.0,0.0,0.0,0.0,0.0,0.0,0.0,1.0,1.0,6.0,2.0,5938997735.0,-1.0,中卫市海原县,中卫市海原县西安镇,11.0,22.2,0.0,3.2,36.400000000000006,34.476470588235294,38.089999999999996,46.06748971193416
宁夏回族自治区,中卫市,海原县,三河镇,106.0867134,36.3687018,15.0,0.0,0.0,30.0,65.0,15.0,0.0,11.0,1.0,0.0,2.0,0.0,1.0,1.0,7.0,8.0,0.0,0.0,0.0,0.0,9.0,0.0,1.0,0.0,0.0,3.0,13.0,0.0,0.0,1.0,0.0,0.0,0.0,3.0,12.0,6.0,2.0,0.0,0.0,4.0,9.0,13.0,0.0,0.0,1.0,0.0,1.0,0.0,0.0,0.0,1.0,1.0,0.0,0.0,0.0,0.0,2.0,0.0,0.0,0.0,0.0,1.0,4.0,0.0,0.0,0.0,0.0,0.0,0.0,1.0,5.0,1.0,3824282559.0,8754592.0,中卫市海原县,中卫市海原县三河镇,18.0,28.0,5.0,4.8,55.8,34.476470588235294,38.089999999999996,46.06748971193416
宁夏回族自治区,中卫市,海原县,七营镇,106.1469775,36.5042746,9.0,0.0,0.0,13.0,43.0,2.0,0.0,0.0,0.0,0.0,2.0,0.0,0.0,0.0,2.0,2.0,1.0,0.0,0.0,0.0,6.0,0.0,1.0,0.0,0.0,5.0,6.0,0.0,0.0,1.0,0.0,2.0,0.0,3.0,8.0,6.0,3.0,0.0,0.0,5.0,15.0,1.0,0.0,0.0,0.0,0.0,0.0,0.0,0.0,0.0,2.0,2.0,0.0,0.0,0.0,0.0,2.0,0.0,0.0,0.0,0.0,1.0,2.0,0.0,0.0,1.0,0.0,2.0,0.0,3.0,8.0,4.0,3824343761.0,-1.0,中卫市海原县,中卫市海原县七营镇,12.0,26.0,5.0,4.0,47.0,34.476470588235294,38.089999999999996,46.06748971193416
宁夏回族自治区,中卫市,海原县,史店乡,105.6843296,36.5327179,4.0,2.0,4.0,4.0,31.0,3.0,0.0,0.0,0.0,0.0,0.0,0.0,0.0,0.0,1.0,1.0,0.0,0.0,0.0,0.0,5.0,0.0,0.0,0.0,0.0,3.0,17.0,0.0,0.0,2.0,0.0,3.0,0.0,1.0,9.0,5.0,1.0,0.0,0.0,3.0,15.0,0.0,0.0,0.0,0.0,0.0,0.0,0.0,0.0,0.0,0.0,0.0,0.0,0.0,0.0,0.0,1.0,0.0,0.0,0.0,0.0,1.0,9.0,0.0,0.0,0.0,0.0,2.0,0.0,1.0,5.0,3.0,5938599679.0,-1.0,中卫市海原县,中卫市海原县史店乡,10.0,23.7,0.0,5.300000000000001,39.0,34.476470588235294,38.089999999999996,46.06748971193416
宁夏回族自治区,中卫市,海原县,树台乡,105.431,36.5021,0.0,3.0,0.0,3.0,7.0,0.0,0.0,0.0,0.0,0.0,0.0,0.0,0.0,0.0,0.0,0.0,0.0,0.0,0.0,0.0,4.0,0.0,1.0,0.0,0.0,3.0,2.0,0.0,0.0,1.0,0.0,0.0,0.0,1.0,4.0,4.0,0.0,3.0,0.0,1.0,5.0,0.0,0.0,0.0,0.0,0.0,0.0,0.0,0.0,0.0,0.0,0.0,0.0,0.0,0.0,0.0,3.0,0.0,0.0,0.0,0.0,2.0,0.0,0.0,0.0,0.0,0.0,0.0,0.0,1.0,3.0,2.0,5938640601.0,-1.0,中卫市海原县,中卫市海原县树台乡,10.0,12.9,0.0,2.3,25.2,34.476470588235294,38.089999999999996,46.06748971193416
宁夏回族自治区,中卫市,海原县,关桥乡,105.7888073,36.779874,0.0,0.0,9.0,1.0,13.0,0.0,0.0,0.0,0.0,0.0,0.0,0.0,0.0,0.0,0.0,0.0,0.0,0.0,0.0,0.0,2.0,0.0,0.0,0.0,0.0,3.0,2.0,0.0,0.0,2.0,0.0,0.0,0.0,1.0,6.0,4.0,0.0,0.0,5.0,0.0,11.0,0.0,0.0,0.0,0.0,0.0,0.0,0.0,0.0,0.0,0.0,0.0,0.0,0.0,0.0,0.0,1.0,0.0,0.0,0.0,0.0,2.0,1.0,0.0,0.0,2.0,0.0,0.0,0.0,1.0,3.0,4.0,5918989584.0,-1.0,中卫市海原县,中卫市海原县关桥乡,10.0,14.9,0.0,2.7,27.599999999999998,34.476470588235294,38.089999999999996,46.06748971193416
宁夏回族自治区,中卫市,海原县,高崖乡,105.9770742,36.836264,3.0,0.0,0.0,6.0,4.0,0.0,0.0,0.0,0.0,0.0,0.0,0.0,0.0,0.0,0.0,0.0,0.0,0.0,0.0,0.0,0.0,0.0,0.0,0.0,0.0,10.0,5.0,0.0,0.0,0.0,0.0,0.0,0.0,7.0,5.0,2.0,0.0,0.0,0.0,2.0,0.0,0.0,0.0,0.0,0.0,0.0,0.0,0.0,0.0,0.0,0.0,0.0,0.0,0.0,0.0,0.0,0.0,0.0,0.0,0.0,0.0,4.0,0.0,0.0,0.0,0.0,0.0,0.0,0.0,6.0,2.0,1.0,4500623407.0,-1.0,中卫市海原县,中卫市海原县高崖乡,12.0,13.3,0.0,1.5,26.8,34.476470588235294,38.089999999999996,46.06748971193416
宁夏回族自治区,中卫市,海原县,郑旗乡,105.9538974,36.4478372,3.0,0.0,0.0,0.0,17.0,0.0,0.0,0.0,0.0,0.0,0.0,0.0,0.0,0.0,2.0,3.0,0.0,0.0,0.0,0.0,1.0,0.0,0.0,0.0,0.0,2.0,3.0,0.0,0.0,3.0,0.0,0.0,0.0,1.0,4.0,3.0,3.0,0.0,0.0,0.0,8.0,0.0,0.0,0.0,0.0,0.0,0.0,0.0,0.0,0.0,2.0,3.0,0.0,0.0,0.0,0.0,1.0,0.0,0.0,0.0,0.0,1.0,2.0,0.0,0.0,2.0,0.0,0.0,0.0,1.0,4.0,3.0,4499998708.0,-1.0,中卫市海原县,中卫市海原县郑旗乡,9.0,12.8,5.0,2.5,29.3,34.476470588235294,38.089999999999996,46.06748971193416
宁夏回族自治区,中卫市,海原县,贾塘乡,105.8489887,36.5031955,1.0,0.0,0.0,4.0,6.0,0.0,0.0,0.0,0.0,0.0,0.0,0.0,0.0,0.0,0.0,0.0,0.0,0.0,0.0,0.0,1.0,0.0,0.0,0.0,0.0,3.0,0.0,0.0,0.0,1.0,0.0,0.0,0.0,1.0,6.0,1.0,1.0,0.0,0.0,2.0,6.0,0.0,0.0,0.0,0.0,0.0,0.0,0.0,0.0,0.0,0.0,0.0,0.0,0.0,0.0,0.0,1.0,0.0,0.0,0.0,0.0,1.0,0.0,0.0,0.0,0.0,0.0,0.0,0.0,1.0,4.0,1.0,4618505391.0,-1.0,中卫市海原县,中卫市海原县贾塘乡,10.0,15.0,0.0,0.6,25.6,34.476470588235294,38.089999999999996,46.06748971193416
宁夏回族自治区,中卫市,海原县,曹洼乡,105.7467507,36.4313563,0.0,3.0,0.0,6.0,15.0,6.0,0.0,0.0,0.0,0.0,0.0,0.0,0.0,0.0,0.0,0.0,0.0,0.0,0.0,0.0,0.0,0.0,1.0,0.0,0.0,4.0,1.0,0.0,0.0,0.0,0.0,0.0,0.0,1.0,6.0,4.0,0.0,3.0,0.0,3.0,8.0,6.0,0.0,0.0,0.0,0.0,0.0,0.0,0.0,0.0,0.0,0.0,0.0,0.0,0.0,0.0,0.0,0.0,0.0,0.0,0.0,1.0,0.0,0.0,0.0,0.0,0.0,0.0,0.0,1.0,4.0,1.0,5938616712.0,-1.0,中卫市海原县,中卫市海原县曹洼乡,11.0,18.4,0.0,2.1,31.5,34.476470588235294,38.089999999999996,46.06748971193416
宁夏回族自治区,中卫市,海原县,九彩乡,105.901279,36.288933,0.0,2.0,0.0,1.0,10.0,0.0,0.0,0.0,0.0,0.0,0.0,0.0,0.0,0.0,0.0,0.0,0.0,0.0,0.0,0.0,1.0,0.0,0.0,0.0,0.0,1.0,0.0,0.0,0.0,0.0,0.0,0.0,0.0,1.0,4.0,2.0,0.0,2.0,0.0,0.0,8.0,0.0,0.0,0.0,0.0,0.0,0.0,0.0,0.0,0.0,0.0,0.0,0.0,0.0,0.0,0.0,1.0,0.0,0.0,0.0,0.0,1.0,0.0,0.0,0.0,0.0,0.0,0.0,0.0,1.0,3.0,2.0,5939331372.0,-1.0,中卫市海原县,中卫市海原县九彩乡,8.0,12.4,0.0,1.0,21.4,34.476470588235294,38.089999999999996,46.06748971193416
宁夏回族自治区,中卫市,海原县,李俊乡,105.877,36.2288,0.0,8.0,0.0,8.0,15.0,0.0,0.0,0.0,0.0,0.0,0.0,0.0,0.0,0.0,1.0,1.0,0.0,0.0,0.0,0.0,3.0,0.0,0.0,1.0,0.0,1.0,9.0,0.0,0.0,2.0,0.0,2.0,0.0,5.0,4.0,6.0,0.0,5.0,0.0,8.0,14.0,0.0,0.0,0.0,0.0,0.0,0.0,0.0,0.0,0.0,1.0,1.0,0.0,0.0,0.0,0.0,2.0,0.0,0.0,1.0,0.0,1.0,7.0,0.0,0.0,2.0,0.0,2.0,0.0,1.0,4.0,5.0,5939360534.0,-1.0,中卫市海原县,中卫市海原县李俊乡,8.0,19.2,5.0,5.0,37.2,34.476470588235294,38.089999999999996,46.06748971193416
宁夏回族自治区,中卫市,海原县,红羊乡,105.6183446,36.2599623,0.0,6.0,3.0,0.0,3.0,0.0,0.0,0.0,0.0,0.0,0.0,0.0,0.0,0.0,0.0,0.0,0.0,0.0,0.0,0.0,6.0,0.0,0.0,0.0,0.0,3.0,2.0,0.0,0.0,2.0,0.0,1.0,0.0,1.0,4.0,3.0,0.0,6.0,3.0,0.0,2.0,0.0,0.0,0.0,0.0,0.0,0.0,0.0,0.0,0.0,0.0,0.0,0.0,0.0,0.0,0.0,6.0,0.0,0.0,0.0,0.0,1.0,0.0,0.0,0.0,2.0,0.0,1.0,0.0,1.0,3.0,3.0,5939331371.0,-1.0,中卫市海原县,中卫市海原县红羊乡,10.0,8.2,0.0,2.1,20.3,34.476470588235294,38.089999999999996,46.06748971193416
宁夏回族自治区,中卫市,海原县,关庄乡,105.538,36.2757,0.0,2.0,0.0,2.0,4.0,0.0,0.0,0.0,0.0,0.0,0.0,0.0,0.0,0.0,0.0,0.0,0.0,0.0,0.0,0.0,2.0,0.0,1.0,0.0,0.0,6.0,1.0,0.0,0.0,0.0,0.0,0.0,0.0,1.0,5.0,3.0,0.0,1.0,0.0,1.0,2.0,0.0,0.0,0.0,0.0,0.0,0.0,0.0,0.0,0.0,0.0,0.0,0.0,0.0,0.0,0.0,2.0,0.0,1.0,0.0,0.0,3.0,1.0,0.0,0.0,0.0,0.0,0.0,0.0,1.0,4.0,3.0,5939101605.0,-1.0,中卫市海原县,中卫市海原县关庄乡,12.0,10.9,0.0,1.7,24.599999999999998,34.476470588235294,38.089999999999996,46.06748971193416
宁夏回族自治区,中卫市,海原县,甘城乡,106.3381525,36.5853641,0.0,6.0,3.0,0.0,24.0,0.0,0.0,0.0,0.0,0.0,2.0,0.0,0.0,0.0,1.0,1.0,0.0,0.0,0.0,0.0,1.0,0.0,0.0,0.0,0.0,1.0,0.0,0.0,0.0,0.0,0.0,0.0,0.0,11.0,9.0,5.0,0.0,2.0,3.0,0.0,12.0,0.0,0.0,0.0,0.0,0.0,1.0,0.0,0.0,0.0,1.0,1.0,0.0,0.0,0.0,0.0,1.0,0.0,0.0,0.0,0.0,1.0,0.0,0.0,0.0,0.0,0.0,0.0,0.0,2.0,8.0,2.0,5936335910.0,-1.0,中卫市海原县,中卫市海原县甘城乡,8.0,19.4,5.0,2.5,34.9,34.476470588235294,38.089999999999996,46.06748971193416
