addr_1,addr_2,addr_3,addr_4,lon,lat,hw_trunk_3km,hw_primary_3km,hw_secondary_3km,hw_tertiary_3km,hw_res_uncl_3km,hw_service_3km,hw_cycleway_3km,hw_footway_3km,hw_bus_stop_3km,hw_parking_3km,hw_fuel_3km,am_gov_3km,am_medical_3km,am_healthcare_3km,am_school_3km,am_education_3km,am_police_3km,am_post_3km,am_bank_3km,am_shop_3km,lu_residential_3km,lu_commercial_3km,lu_industrial_3km,lu_retail_3km,lu_construction_3km,pl_3km,bld_3km,blp_3km,bll_3km,mm_3km,ad_3km,lsr_3km,trs_3km,wd_3km,hw_types_3km,lu_types_3km,hw_trunk_1km,hw_primary_1km,hw_secondary_1km,hw_tertiary_1km,hw_res_uncl_1km,hw_service_1km,hw_cycleway_1km,hw_footway_1km,hw_bus_stop_1km,hw_parking_1km,hw_fuel_1km,am_gov_1km,am_medical_1km,am_healthcare_1km,am_school_1km,am_education_1km,am_police_1km,am_post_1km,am_bank_1km,am_shop_1km,lu_residential_1km,lu_commercial_1km,lu_industrial_1km,lu_retail_1km,lu_construction_1km,pl_1km,bld_1km,blp_1km,bll_1km,mm_1km,ad_1km,lsr_1km,trs_1km,wd_1km,hw_types_1km,lu_types_1km,node,boundary,u_addr_3,u_addr_4,score_1,score_2,score_3,score_4,score,u_addr_3_avg_score,addr_2_avg_score,addr_1_avg_score
上海市,市辖区,黄浦区,南京东路街道,121.4642644,31.2311363,69.0,407.0,587.0,343.0,757.0,1737.0,34.0,1393.0,2325.0,55.0,14.0,20.0,44.0,79.0,122.0,148.0,20.0,22.0,164.0,2102.0,355.0,69.0,1.0,25.0,67.0,76.0,10898.0,128.0,1531.0,64.0,2072.0,190.0,431.0,181.0,28.0,24.0,17.0,133.0,72.0,60.0,84.0,149.0,4.0,336.0,376.0,10.0,0.0,3.0,7.0,14.0,18.0,22.0,5.0,2.0,20.0,372.0,27.0,14.0,0.0,9.0,9.0,15.0,1243.0,46.0,53.0,5.0,409.0,14.0,51.0,43.0,22.0,18.0,8363727308.0,12236005.0,市辖区黄浦区,市辖区黄浦区南京东路街道,20.0,30.0,30.0,20.0,100.0,97.9,85.27441860465116,85.27441860465116
上海市,市辖区,黄浦区,外滩街道,121.4769284,31.2414303,78.0,397.0,680.0,420.0,843.0,1609.0,65.0,1716.0,2242.0,73.0,10.0,21.0,33.0,56.0,92.0,110.0,18.0,16.0,138.0,1427.0,320.0,79.0,1.0,23.0,79.0,75.0,7575.0,234.0,1469.0,69.0,1194.0,145.0,387.0,201.0,28.0,24.0,8.0,18.0,96.0,59.0,132.0,197.0,3.0,244.0,285.0,9.0,2.0,5.0,3.0,6.0,11.0,14.0,3.0,1.0,29.0,384.0,14.0,9.0,0.0,5.0,14.0,14.0,1608.0,19.0,364.0,9.0,314.0,18.0,140.0,54.0,19.0,12.0,8363556548.0,12235857.0,市辖区黄浦区,市辖区黄浦区外滩街道,20.0,30.0,30.0,20.0,100.0,97.9,85.27441860465116,85.27441860465116
上海市,市辖区,黄浦区,半淞园路街道,121.4827018,31.2090944,75.0,473.0,365.0,246.0,535.0,1644.0,50.0,1051.0,1687.0,62.0,9.0,15.0,30.0,49.0,92.0,115.0,9.0,10.0,85.0,933.0,391.0,63.0,0.0,12.0,33.0,53.0,7578.0,39.0,1120.0,90.0,933.0,207.0,204.0,111.0,28.0,23.0,7.0,43.0,36.0,32.0,60.0,202.0,0.0,24.0,212.0,8.0,2.0,0.0,6.0,6.0,18.0,21.0,2.0,0.0,3.0,40.0,108.0,4.0,0.0,2.0,6.0,7.0,838.0,0.0,52.0,0.0,33.0,15.0,10.0,15.0,16.0,12.0,8363596807.0,12235902.0,市辖区黄浦区,市辖区黄浦区半淞园路街道,20.0,30.0,28.0,20.0,98.0,97.9,85.27441860465116,85.27441860465116
上海市,市辖区,黄浦区,小东门街道,121.4965796,31.2219356,65.0,403.0,534.0,339.0,635.0,2102.0,85.0,1612.0,1966.0,99.0,7.0,10.0,26.0,35.0,82.0,116.0,12.0,6.0,103.0,996.0,338.0,91.0,3.0,25.0,31.0,51.0,6997.0,196.0,1164.0,77.0,725.0,233.0,321.0,136.0,25.0,24.0,0.0,43.0,29.0,16.0,117.0,456.0,5.0,85.0,142.0,3.0,0.0,0.0,3.0,4.0,12.0,13.0,0.0,1.0,3.0,53.0,31.0,10.0,0.0,1.0,6.0,8.0,729.0,2.0,259.0,9.0,32.0,14.0,18.0,18.0,17.0,12.0,8363596810.0,12235905.0,市辖区黄浦区,市辖区黄浦区小东门街道,20.0,30.0,25.0,20.0,95.0,97.9,85.27441860465116,85.27441860465116
上海市,市辖区,黄浦区,豫园街道,121.4830613,31.2273624,74.0,481.0,608.0,311.0,750.0,2017.0,45.0,1822.0,2059.0,90.0,11.0,15.0,34.0,53.0,101.0,124.0,16.0,11.0,132.0,1491.0,329.0,82.0,2.0,32.0,56.0,76.0,8451.0,237.0,1448.0,77.0,1281.0,199.0,378.0,176.0,26.0,26.0,15.0,54.0,120.0,57.0,151.0,632.0,0.0,233.0,302.0,7.0,1.0,2.0,6.0,10.0,14.0,14.0,2.0,4.0,25.0,197.0,35.0,5.0,0.0,3.0,13.0,14.0,1392.0,12.0,462.0,18.0,113.0,23.0,65.0,38.0,22.0,15.0,8363596809.0,12235904.0,市辖区黄浦区,市辖区黄浦区豫园街道,20.0,30.0,30.0,20.0,100.0,97.9,85.27441860465116,85.27441860465116
上海市,市辖区,黄浦区,老西门街道,121.4816021,31.2171507,82.0,454.0,498.0,268.0,614.0,1959.0,39.0,1419.0,1871.0,72.0,10.0,18.0,35.0,58.0,103.0,126.0,13.0,10.0,121.0,1445.0,381.0,74.0,0.0,26.0,35.0,69.0,9538.0,136.0,1408.0,90.0,1481.0,232.0,346.0,149.0,27.0,24.0,0.0,20.0,62.0,40.0,126.0,441.0,0.0,42.0,237.0,0.0,0.0,0.0,6.0,7.0,16.0,16.0,0.0,0.0,9.0,71.0,71.0,5.0,0.0,3.0,11.0,10.0,1146.0,2.0,255.0,0.0,51.0,18.0,19.0,19.0,12.0,11.0,8363596808.0,12235903.0,市辖区黄浦区,市辖区黄浦区老西门街道,20.0,30.0,23.0,20.0,93.0,97.9,85.27441860465116,85.27441860465116
上海市,市辖区,黄浦区,五里桥街道,121.4770209,31.2028865,62.0,394.0,319.0,223.0,478.0,1430.0,43.0,873.0,1532.0,51.0,9.0,13.0,34.0,57.0,89.0,119.0,6.0,7.0,77.0,840.0,409.0,54.0,0.0,13.0,36.0,43.0,7366.0,30.0,889.0,57.0,892.0,214.0,162.0,90.0,26.0,24.0,21.0,81.0,60.0,15.0,50.0,129.0,3.0,26.0,208.0,11.0,3.0,0.0,5.0,5.0,12.0,15.0,2.0,0.0,8.0,39.0,123.0,7.0,0.0,0.0,2.0,4.0,538.0,0.0,1.0,2.0,26.0,25.0,15.0,14.0,17.0,9.0,8363665947.0,12235959.0,市辖区黄浦区,市辖区黄浦区五里桥街道,20.0,30.0,28.0,20.0,98.0,97.9,85.27441860465116,85.27441860465116
上海市,市辖区,黄浦区,打浦桥街道,121.4687168,31.2056211,69.0,392.0,351.0,202.0,496.0,1484.0,33.0,977.0,1637.0,56.0,11.0,23.0,45.0,71.0,102.0,142.0,9.0,10.0,104.0,1138.0,438.0,57.0,0.0,20.0,36.0,47.0,9114.0,59.0,824.0,61.0,1342.0,229.0,193.0,107.0,26.0,24.0,14.0,122.0,29.0,18.0,62.0,90.0,0.0,64.0,187.0,6.0,3.0,2.0,4.0,7.0,19.0,24.0,2.0,2.0,25.0,154.0,133.0,11.0,0.0,1.0,1.0,7.0,712.0,6.0,21.0,0.0,85.0,28.0,19.0,15.0,15.0,10.0,8363665948.0,12235958.0,市辖区黄浦区,市辖区黄浦区打浦桥街道,20.0,30.0,30.0,20.0,100.0,97.9,85.27441860465116,85.27441860465116
上海市,市辖区,黄浦区,淮海中路街道,121.4712274,31.2169213,75.0,451.0,480.0,252.0,648.0,1866.0,10.0,1159.0,1995.0,60.0,10.0,23.0,45.0,79.0,118.0,153.0,12.0,14.0,141.0,1816.0,445.0,54.0,0.0,22.0,44.0,75.0,11311.0,96.0,1376.0,61.0,1907.0,209.0,342.0,152.0,27.0,24.0,9.0,81.0,43.0,40.0,107.0,87.0,0.0,155.0,251.0,8.0,1.0,2.0,9.0,13.0,11.0,14.0,0.0,2.0,14.0,165.0,59.0,11.0,0.0,4.0,5.0,11.0,1273.0,9.0,74.0,0.0,130.0,19.0,38.0,25.0,18.0,14.0,8363727310.0,12236003.0,市辖区黄浦区,市辖区黄浦区淮海中路街道,20.0,30.0,25.0,20.0,95.0,97.9,85.27441860465116,85.27441860465116
上海市,市辖区,黄浦区,瑞金二路街道,121.4625343,31.2192886,64.0,414.0,518.0,283.0,683.0,1843.0,8.0,1172.0,2210.0,54.0,14.0,32.0,54.0,97.0,138.0,182.0,15.0,18.0,164.0,2043.0,496.0,57.0,0.0,24.0,46.0,78.0,12407.0,97.0,1352.0,34.0,2120.0,223.0,349.0,154.0,27.0,24.0,18.0,95.0,37.0,35.0,61.0,130.0,2.0,221.0,244.0,9.0,3.0,3.0,8.0,15.0,21.0,25.0,1.0,2.0,17.0,272.0,42.0,10.0,0.0,4.0,2.0,5.0,1800.0,11.0,123.0,0.0,286.0,23.0,43.0,27.0,21.0,15.0,8363727309.0,12236004.0,市辖区黄浦区,市辖区黄浦区瑞金二路街道,20.0,30.0,30.0,20.0,100.0,97.9,85.27441860465116,85.27441860465116
上海市,市辖区,徐汇区,天平路街道,121.4341523,31.2048835,54.0,343.0,245.0,224.0,362.0,1283.0,9.0,806.0,1706.0,50.0,11.0,39.0,48.0,89.0,117.0,170.0,13.0,13.0,124.0,1443.0,554.0,38.0,1.0,12.0,24.0,38.0,11448.0,513.0,1027.0,44.0,1598.0,325.0,177.0,99.0,28.0,23.0,0.0,28.0,39.0,28.0,47.0,102.0,0.0,129.0,212.0,3.0,1.0,11.0,8.0,9.0,12.0,24.0,1.0,2.0,16.0,141.0,29.0,2.0,0.0,2.0,1.0,1.0,1485.0,0.0,22.0,2.0,182.0,36.0,16.0,17.0,13.0,14.0,9270802546.0,13469980.0,市辖区徐汇区,市辖区徐汇区天平路街道,20.0,30.0,30.0,20.0,100.0,96.15384615384616,85.27441860465116,85.27441860465116
上海市,市辖区,徐汇区,湖南路街道,121.4376026,31.2134661,50.0,370.0,261.0,209.0,424.0,1272.0,11.0,931.0,1836.0,52.0,15.0,38.0,52.0,96.0,131.0,187.0,13.0,15.0,143.0,1649.0,546.0,45.0,2.0,16.0,24.0,41.0,11929.0,630.0,1101.0,46.0,1885.0,297.0,211.0,106.0,27.0,22.0,3.0,26.0,48.0,20.0,73.0,100.0,0.0,75.0,209.0,4.0,1.0,8.0,10.0,10.0,15.0,23.0,0.0,2.0,13.0,196.0,33.0,3.0,0.0,1.0,0.0,4.0,1832.0,7.0,27.0,12.0,234.0,34.0,33.0,21.0,20.0,12.0,9270802547.0,13469979.0,市辖区徐汇区,市辖区徐汇区湖南路街道,20.0,30.0,25.0,20.0,95.0,96.15384615384616,85.27441860465116,85.27441860465116
上海市,市辖区,徐汇区,斜土路街道,121.459028,31.2028079,54.0,377.0,322.0,194.0,418.0,973.0,28.0,933.0,1598.0,49.0,10.0,30.0,44.0,72.0,110.0,154.0,9.0,11.0,128.0,1246.0,494.0,55.0,0.0,19.0,25.0,36.0,9501.0,42.0,571.0,40.0,1390.0,311.0,184.0,99.0,26.0,23.0,2.0,41.0,34.0,17.0,57.0,153.0,0.0,92.0,183.0,4.0,2.0,6.0,6.0,14.0,21.0,31.0,1.0,2.0,25.0,215.0,136.0,3.0,0.0,1.0,2.0,7.0,1290.0,0.0,56.0,0.0,148.0,48.0,23.0,17.0,16.0,10.0,2688438125.0,13470053.0,市辖区徐汇区,市辖区徐汇区斜土路街道,20.0,30.0,30.0,20.0,100.0,96.15384615384616,85.27441860465116,85.27441860465116
上海市,市辖区,徐汇区,枫林路街道,121.4582988,31.1915884,50.0,332.0,276.0,194.0,328.0,823.0,31.0,809.0,1367.0,48.0,10.0,33.0,31.0,54.0,94.0,137.0,7.0,9.0,110.0,808.0,482.0,56.0,0.0,10.0,20.0,25.0,7846.0,25.0,430.0,53.0,1020.0,282.0,140.0,81.0,25.0,22.0,4.0,22.0,38.0,30.0,32.0,86.0,4.0,69.0,150.0,4.0,1.0,4.0,6.0,9.0,10.0,17.0,1.0,1.0,3.0,63.0,60.0,5.0,0.0,2.0,8.0,1.0,591.0,3.0,14.0,4.0,63.0,38.0,8.0,10.0,17.0,13.0,9270802548.0,13470052.0,市辖区徐汇区,市辖区徐汇区枫林路街道,20.0,30.0,30.0,20.0,100.0,96.15384615384616,85.27441860465116,85.27441860465116
上海市,市辖区,徐汇区,长桥街道,121.4320545,31.1339122,36.0,210.0,170.0,160.0,406.0,356.0,48.0,402.0,1209.0,13.0,6.0,14.0,9.0,14.0,80.0,109.0,8.0,12.0,17.0,219.0,265.0,12.0,13.0,3.0,14.0,7.0,2881.0,0.0,56.0,20.0,87.0,148.0,33.0,27.0,26.0,22.0,2.0,0.0,32.0,25.0,34.0,106.0,1.0,105.0,187.0,2.0,0.0,1.0,3.0,3.0,19.0,25.0,2.0,4.0,2.0,12.0,50.0,0.0,0.0,1.0,2.0,2.0,172.0,0.0,32.0,3.0,27.0,25.0,2.0,6.0,15.0,12.0,9270832284.0,13470589.0,市辖区徐汇区,市辖区徐汇区长桥街道,20.0,30.0,30.0,20.0,100.0,96.15384615384616,85.27441860465116,85.27441860465116
上海市,市辖区,徐汇区,田林街道,121.4182666,31.1760472,49.0,261.0,185.0,289.0,264.0,670.0,7.0,390.0,1537.0,22.0,7.0,33.0,23.0,35.0,100.0,127.0,5.0,6.0,56.0,489.0,495.0,87.0,13.0,4.0,15.0,18.0,5487.0,2.0,86.0,7.0,303.0,160.0,75.0,53.0,25.0,19.0,2.0,10.0,23.0,21.0,14.0,15.0,0.0,19.0,139.0,0.0,0.0,6.0,3.0,3.0,18.0,24.0,0.0,1.0,4.0,58.0,50.0,11.0,0.0,1.0,1.0,2.0,866.0,0.0,5.0,0.0,42.0,10.0,5.0,8.0,10.0,11.0,9270808929.0,13470318.0,市辖区徐汇区,市辖区徐汇区田林街道,20.0,30.0,25.0,20.0,95.0,96.15384615384616,85.27441860465116,85.27441860465116
上海市,市辖区,徐汇区,虹梅路街道,121.3914601,31.1743059,35.0,170.0,115.0,260.0,268.0,233.0,2.0,104.0,1421.0,21.0,6.0,11.0,16.0,19.0,63.0,90.0,4.0,4.0,20.0,203.0,391.0,106.0,14.0,12.0,10.0,5.0,2744.0,7.0,76.0,2.0,163.0,67.0,45.0,30.0,21.0,20.0,14.0,18.0,31.0,45.0,39.0,50.0,0.0,22.0,179.0,4.0,2.0,1.0,2.0,3.0,2.0,3.0,0.0,0.0,4.0,15.0,24.0,49.0,10.0,0.0,1.0,1.0,223.0,0.0,16.0,0.0,24.0,4.0,4.0,5.0,17.0,10.0,9270807645.0,13470463.0,市辖区徐汇区,市辖区徐汇区虹梅路街道,20.0,30.0,23.0,20.0,93.0,96.15384615384616,85.27441860465116,85.27441860465116
上海市,市辖区,徐汇区,康健新村街道,121.4181872,31.1577189,59.0,255.0,222.0,223.0,319.0,477.0,8.0,459.0,1568.0,17.0,7.0,24.0,21.0,24.0,107.0,149.0,6.0,15.0,22.0,323.0,412.0,70.0,9.0,4.0,7.0,9.0,4550.0,3.0,111.0,8.0,180.0,122.0,46.0,34.0,22.0,22.0,8.0,47.0,41.0,53.0,34.0,74.0,6.0,58.0,225.0,0.0,0.0,2.0,2.0,2.0,22.0,26.0,0.0,0.0,1.0,38.0,48.0,4.0,0.0,0.0,0.0,1.0,552.0,0.0,12.0,2.0,9.0,19.0,1.0,10.0,19.0,10.0,9270807644.0,13470479.0,市辖区徐汇区,市辖区徐汇区康健新村街道,20.0,30.0,23.0,20.0,93.0,96.15384615384616,85.27441860465116,85.27441860465116
上海市,市辖区,徐汇区,徐家汇街道,121.4412116,31.1931669,24.0,222.0,217.0,227.0,306.0,499.0,30.0,611.0,1168.0,23.0,6.0,35.0,22.0,30.0,94.0,122.0,5.0,6.0,51.0,477.0,416.0,50.0,0.0,6.0,20.0,15.0,5170.0,6.0,41.0,22.0,287.0,196.0,86.0,49.0,25.0,21.0,11.0,47.0,8.0,42.0,52.0,33.0,0.0,121.0,158.0,4.0,1.0,7.0,4.0,4.0,16.0,20.0,0.0,1.0,5.0,21.0,81.0,3.0,0.0,0.0,3.0,2.0,901.0,0.0,2.0,1.0,24.0,9.0,10.0,11.0,18.0,12.0,9270802549.0,13469990.0,市辖区徐汇区,市辖区徐汇区徐家汇街道,20.0,30.0,25.0,20.0,95.0,96.15384615384616,85.27441860465116,85.27441860465116
上海市,市辖区,徐汇区,凌云路街道,121.4096242,31.1404652,52.0,246.0,176.0,206.0,400.0,476.0,13.0,582.0,1604.0,22.0,4.0,8.0,17.0,21.0,88.0,127.0,6.0,12.0,16.0,217.0,326.0,22.0,3.0,9.0,3.0,7.0,2035.0,3.0,142.0,15.0,105.0,134.0,33.0,31.0,26.0,20.0,12.0,76.0,11.0,14.0,67.0,42.0,0.0,13.0,184.0,2.0,0.0,0.0,4.0,6.0,12.0,23.0,1.0,2.0,2.0,36.0,64.0,0.0,0.0,0.0,0.0,1.0,311.0,0.0,4.0,0.0,19.0,15.0,4.0,9.0,16.0,8.0,9270832283.0,13470540.0,市辖区徐汇区,市辖区徐汇区凌云路街道,20.0,30.0,30.0,20.0,100.0,96.15384615384616,85.27441860465116,85.27441860465116
上海市,市辖区,徐汇区,龙华街道,121.4460408,31.1706425,36.0,216.0,177.0,233.0,301.0,431.0,53.0,661.0,1035.0,31.0,6.0,28.0,17.0,26.0,81.0,106.0,5.0,5.0,39.0,411.0,382.0,46.0,0.0,4.0,28.0,15.0,4690.0,6.0,37.0,25.0,207.0,216.0,85.0,46.0,26.0,23.0,0.0,23.0,14.0,39.0,57.0,54.0,0.0,79.0,141.0,5.0,1.0,6.0,1.0,1.0,13.0,17.0,0.0,0.0,2.0,11.0,50.0,7.0,0.0,1.0,4.0,3.0,758.0,0.0,1.0,1.0,13.0,9.0,11.0,5.0,16.0,14.0,9270832282.0,13470146.0,市辖区徐汇区,市辖区徐汇区龙华街道,20.0,30.0,23.0,20.0,93.0,96.15384615384616,85.27441860465116,85.27441860465116
上海市,市辖区,徐汇区,漕河泾街道,121.4250325,31.1676393,41.0,229.0,221.0,255.0,324.0,547.0,7.0,501.0,1412.0,28.0,8.0,32.0,21.0,26.0,112.0,141.0,3.0,7.0,39.0,357.0,457.0,77.0,10.0,3.0,11.0,12.0,5669.0,3.0,109.0,7.0,226.0,183.0,66.0,44.0,25.0,20.0,4.0,40.0,0.0,50.0,41.0,9.0,0.0,52.0,154.0,0.0,1.0,8.0,3.0,3.0,13.0,17.0,0.0,0.0,3.0,101.0,72.0,10.0,0.0,0.0,0.0,2.0,902.0,0.0,4.0,1.0,16.0,15.0,11.0,9.0,13.0,9.0,9270808942.0,13470278.0,市辖区徐汇区,市辖区徐汇区漕河泾街道,20.0,30.0,23.0,20.0,93.0,96.15384615384616,85.27441860465116,85.27441860465116
上海市,市辖区,徐汇区,华泾镇,121.4511781,31.1196072,22.0,83.0,111.0,139.0,315.0,173.0,43.0,141.0,725.0,7.0,3.0,11.0,3.0,5.0,40.0,51.0,3.0,7.0,10.0,78.0,111.0,7.0,27.0,2.0,13.0,18.0,1702.0,0.0,46.0,22.0,30.0,64.0,8.0,17.0,24.0,22.0,0.0,21.0,0.0,12.0,66.0,24.0,10.0,36.0,118.0,1.0,0.0,4.0,0.0,2.0,8.0,10.0,1.0,0.0,5.0,41.0,21.0,2.0,4.0,0.0,0.0,1.0,631.0,0.0,1.0,4.0,7.0,13.0,4.0,6.0,15.0,11.0,9270832285.0,13470658.0,市辖区徐汇区,市辖区徐汇区华泾镇,20.0,30.0,23.0,20.0,93.0,96.15384615384616,85.27441860465116,85.27441860465116
上海市,市辖区,长宁区,华阳路街道,121.4175849,31.217428,41.0,370.0,215.0,260.0,375.0,1141.0,36.0,1094.0,1692.0,72.0,12.0,33.0,39.0,71.0,102.0,154.0,14.0,14.0,85.0,1261.0,527.0,39.0,3.0,11.0,28.0,52.0,9974.0,2622.0,2515.0,69.0,1197.0,319.0,167.0,82.0,26.0,24.0,14.0,57.0,9.0,43.0,50.0,137.0,4.0,235.0,197.0,10.0,1.0,3.0,4.0,6.0,9.0,11.0,2.0,2.0,8.0,105.0,59.0,2.0,0.0,2.0,3.0,3.0,1501.0,535.0,433.0,17.0,127.0,28.0,22.0,15.0,21.0,17.0,9270794421.0,13469230.0,市辖区长宁区,市辖区长宁区华阳路街道,20.0,30.0,30.0,20.0,100.0,99.0,85.27441860465116,85.27441860465116
上海市,市辖区,长宁区,江苏路街道,121.4270996,31.2212882,47.0,354.0,234.0,222.0,422.0,1220.0,22.0,1014.0,1810.0,64.0,16.0,27.0,41.0,76.0,118.0,173.0,12.0,14.0,95.0,1533.0,506.0,39.0,3.0,15.0,30.0,46.0,11815.0,2490.0,2350.0,58.0,1657.0,316.0,181.0,94.0,27.0,23.0,5.0,46.0,27.0,22.0,45.0,115.0,0.0,96.0,193.0,5.0,2.0,4.0,9.0,15.0,18.0,21.0,3.0,1.0,11.0,113.0,68.0,5.0,0.0,0.0,1.0,5.0,1327.0,2.0,22.0,5.0,144.0,33.0,27.0,18.0,21.0,14.0,9270713668.0,13469138.0,市辖区长宁区,市辖区长宁区江苏路街道,20.0,30.0,30.0,20.0,100.0,99.0,85.27441860465116,85.27441860465116
上海市,市辖区,长宁区,新华路街道,121.4215227,31.2069116,38.0,330.0,216.0,265.0,335.0,1017.0,17.0,801.0,1665.0,59.0,7.0,41.0,44.0,82.0,108.0,162.0,14.0,10.0,113.0,1283.0,555.0,26.0,2.0,9.0,24.0,48.0,9803.0,1115.0,1885.0,47.0,1175.0,270.0,153.0,84.0,27.0,24.0,7.0,40.0,14.0,31.0,39.0,224.0,1.0,93.0,189.0,3.0,1.0,1.0,7.0,10.0,8.0,14.0,0.0,2.0,6.0,87.0,28.0,2.0,1.0,1.0,4.0,6.0,1353.0,0.0,18.0,2.0,84.0,36.0,22.0,16.0,23.0,13.0,9270760028.0,13469094.0,市辖区长宁区,市辖区长宁区新华路街道,20.0,30.0,25.0,20.0,95.0,99.0,85.27441860465116,85.27441860465116
上海市,市辖区,长宁区,周家桥街道,121.4025546,31.2192688,59.0,357.0,166.0,315.0,378.0,930.0,45.0,982.0,1489.0,72.0,13.0,22.0,30.0,60.0,82.0,128.0,18.0,11.0,61.0,889.0,553.0,43.0,6.0,10.0,28.0,43.0,7861.0,2608.0,2983.0,49.0,723.0,285.0,111.0,55.0,26.0,24.0,8.0,33.0,18.0,51.0,35.0,120.0,13.0,228.0,180.0,25.0,0.0,2.0,3.0,9.0,10.0,17.0,1.0,1.0,9.0,139.0,84.0,1.0,0.0,1.0,7.0,8.0,1177.0,1041.0,1274.0,21.0,89.0,46.0,17.0,13.0,21.0,15.0,9270713669.0,13469231.0,市辖区长宁区,市辖区长宁区周家桥街道,20.0,30.0,30.0,20.0,100.0,99.0,85.27441860465116,85.27441860465116
上海市,市辖区,长宁区,天山路街道,121.4023565,31.210868,56.0,320.0,155.0,290.0,352.0,957.0,41.0,880.0,1393.0,71.0,10.0,20.0,33.0,61.0,80.0,125.0,17.0,10.0,66.0,882.0,545.0,36.0,6.0,9.0,26.0,39.0,7575.0,2548.0,2972.0,47.0,745.0,260.0,104.0,52.0,26.0,25.0,20.0,90.0,32.0,55.0,24.0,119.0,9.0,155.0,196.0,16.0,1.0,4.0,6.0,13.0,11.0,20.0,1.0,1.0,22.0,405.0,81.0,2.0,0.0,1.0,7.0,12.0,1056.0,148.0,850.0,16.0,198.0,33.0,15.0,11.0,20.0,14.0,9270713670.0,13469232.0,市辖区长宁区,市辖区长宁区天山路街道,20.0,30.0,30.0,20.0,100.0,99.0,85.27441860465116,85.27441860465116
上海市,市辖区,长宁区,仙霞新村街道,121.3901537,31.2058946,66.0,303.0,138.0,327.0,331.0,660.0,38.0,704.0,1278.0,65.0,10.0,24.0,29.0,55.0,61.0,98.0,18.0,6.0,57.0,828.0,515.0,42.0,9.0,11.0,24.0,33.0,5038.0,1806.0,2692.0,43.0,541.0,225.0,91.0,41.0,27.0,24.0,7.0,49.0,22.0,44.0,33.0,49.0,0.0,71.0,188.0,6.0,1.0,6.0,5.0,14.0,13.0,23.0,1.0,1.0,12.0,266.0,87.0,3.0,0.0,2.0,5.0,13.0,938.0,3.0,811.0,2.0,209.0,19.0,13.0,11.0,18.0,14.0,9270797627.0,13469351.0,市辖区长宁区,市辖区长宁区仙霞新村街道,20.0,30.0,30.0,20.0,100.0,99.0,85.27441860465116,85.27441860465116
上海市,市辖区,长宁区,虹桥街道,121.4045052,31.1991038,54.0,311.0,174.0,287.0,331.0,813.0,28.0,708.0,1371.0,55.0,5.0,24.0,30.0,56.0,83.0,124.0,18.0,6.0,75.0,935.0,524.0,45.0,11.0,8.0,22.0,40.0,6952.0,961.0,2442.0,33.0,700.0,213.0,89.0,54.0,27.0,23.0,12.0,66.0,6.0,45.0,21.0,94.0,4.0,51.0,171.0,4.0,1.0,1.0,4.0,10.0,9.0,14.0,4.0,0.0,5.0,59.0,86.0,2.0,0.0,3.0,4.0,2.0,773.0,3.0,46.0,2.0,40.0,15.0,12.0,13.0,18.0,12.0,9270713667.0,13469352.0,市辖区长宁区,市辖区长宁区虹桥街道,20.0,30.0,28.0,20.0,98.0,99.0,85.27441860465116,85.27441860465116
上海市,市辖区,长宁区,程家桥街道,121.3638893,31.1963932,48.0,207.0,160.0,324.0,382.0,269.0,40.0,283.0,1148.0,27.0,10.0,18.0,21.0,36.0,45.0,64.0,16.0,5.0,36.0,416.0,406.0,30.0,7.0,12.0,5.0,14.0,1713.0,9.0,723.0,27.0,354.0,116.0,40.0,27.0,26.0,20.0,4.0,44.0,0.0,42.0,57.0,34.0,0.0,63.0,110.0,4.0,0.0,0.0,7.0,7.0,3.0,5.0,2.0,0.0,1.0,5.0,55.0,3.0,0.0,0.0,2.0,1.0,162.0,0.0,2.0,0.0,12.0,6.0,5.0,8.0,13.0,11.0,9270713671.0,14184034.0,市辖区长宁区,市辖区长宁区程家桥街道,20.0,30.0,27.0,20.0,97.0,99.0,85.27441860465116,85.27441860465116
上海市,市辖区,长宁区,北新泾街道,121.3699314,31.220607,59.0,209.0,208.0,390.0,406.0,547.0,68.0,616.0,1238.0,33.0,9.0,26.0,22.0,50.0,50.0,84.0,16.0,3.0,50.0,666.0,382.0,61.0,8.0,9.0,23.0,25.0,2578.0,441.0,1472.0,73.0,650.0,179.0,57.0,28.0,28.0,25.0,21.0,41.0,17.0,51.0,55.0,62.0,13.0,80.0,140.0,4.0,3.0,15.0,5.0,7.0,9.0,12.0,3.0,1.0,4.0,99.0,50.0,8.0,2.0,1.0,3.0,4.0,163.0,0.0,2.0,12.0,82.0,39.0,6.0,6.0,21.0,16.0,9270738357.0,14184083.0,市辖区长宁区,市辖区长宁区北新泾街道,20.0,30.0,30.0,20.0,100.0,99.0,85.27441860465116,85.27441860465116
上海市,市辖区,长宁区,新泾镇,121.3679466,31.2140354,60.0,280.0,203.0,356.0,423.0,450.0,69.0,582.0,1204.0,35.0,8.0,25.0,24.0,51.0,46.0,73.0,16.0,3.0,58.0,674.0,381.0,60.0,10.0,7.0,19.0,24.0,2436.0,169.0,1231.0,72.0,578.0,160.0,54.0,30.0,28.0,24.0,15.0,40.0,19.0,64.0,72.0,40.0,4.0,55.0,171.0,4.0,5.0,14.0,5.0,9.0,9.0,12.0,2.0,1.0,7.0,109.0,70.0,1.0,2.0,3.0,1.0,2.0,205.0,0.0,1.0,10.0,77.0,26.0,6.0,8.0,18.0,16.0,9270713676.0,14184082.0,市辖区长宁区,市辖区长宁区新泾镇,20.0,30.0,30.0,20.0,100.0,99.0,85.27441860465116,85.27441860465116
上海市,市辖区,静安区,江宁路街道,121.443156,31.241971,83.0,412.0,384.0,257.0,566.0,804.0,40.0,1030.0,1985.0,39.0,18.0,29.0,29.0,59.0,118.0,159.0,15.0,15.0,91.0,1375.0,479.0,56.0,2.0,15.0,47.0,67.0,6996.0,71.0,582.0,26.0,1256.0,173.0,219.0,119.0,28.0,25.0,6.0,27.0,69.0,27.0,91.0,21.0,8.0,93.0,264.0,3.0,1.0,1.0,2.0,7.0,8.0,10.0,1.0,4.0,24.0,197.0,50.0,13.0,0.0,2.0,11.0,4.0,314.0,3.0,50.0,3.0,107.0,11.0,28.0,16.0,21.0,11.0,6547128310.0,14186018.0,市辖区静安区,市辖区静安区江宁路街道,20.0,30.0,30.0,20.0,100.0,96.64285714285714,85.27441860465116,85.27441860465116
上海市,市辖区,静安区,石门二路街道,121.4528511,31.2376942,83.0,396.0,519.0,326.0,687.0,1069.0,36.0,1219.0,2263.0,52.0,19.0,21.0,39.0,74.0,119.0,152.0,19.0,17.0,129.0,1875.0,388.0,70.0,1.0,20.0,56.0,75.0,9421.0,95.0,1057.0,30.0,1934.0,175.0,334.0,146.0,28.0,24.0,2.0,24.0,89.0,28.0,99.0,101.0,4.0,138.0,232.0,3.0,2.0,3.0,4.0,10.0,16.0,18.0,1.0,2.0,23.0,275.0,40.0,10.0,0.0,7.0,13.0,8.0,713.0,13.0,33.0,3.0,271.0,8.0,19.0,25.0,22.0,17.0,6547128311.0,14186017.0,市辖区静安区,市辖区静安区石门二路街道,20.0,30.0,30.0,20.0,100.0,96.64285714285714,85.27441860465116,85.27441860465116
上海市,市辖区,静安区,南京西路街道,121.4477857,31.2244219,48.0,404.0,402.0,262.0,607.0,1000.0,15.0,1164.0,2207.0,50.0,16.0,35.0,48.0,92.0,124.0,170.0,17.0,17.0,160.0,2014.0,444.0,62.0,1.0,21.0,34.0,74.0,11760.0,90.0,750.0,38.0,2145.0,225.0,298.0,146.0,27.0,24.0,10.0,36.0,78.0,26.0,57.0,165.0,0.0,122.0,284.0,10.0,2.0,1.0,10.0,14.0,14.0,18.0,1.0,2.0,18.0,447.0,43.0,8.0,0.0,8.0,3.0,4.0,1391.0,16.0,49.0,7.0,418.0,27.0,44.0,34.0,20.0,14.0,6547128312.0,14186016.0,市辖区静安区,市辖区静安区南京西路街道,20.0,30.0,30.0,20.0,100.0,96.64285714285714,85.27441860465116,85.27441860465116
上海市,市辖区,静安区,静安寺街道,121.438873,31.2264779,55.0,361.0,324.0,240.0,522.0,1011.0,24.0,1165.0,1938.0,46.0,14.0,33.0,47.0,85.0,119.0,164.0,16.0,18.0,125.0,1668.0,412.0,51.0,1.0,17.0,30.0,58.0,11586.0,504.0,1059.0,41.0,1937.0,223.0,243.0,129.0,28.0,25.0,6.0,23.0,66.0,26.0,51.0,133.0,0.0,100.0,307.0,10.0,3.0,3.0,10.0,17.0,16.0,19.0,3.0,2.0,15.0,303.0,55.0,8.0,0.0,1.0,4.0,7.0,741.0,12.0,26.0,8.0,294.0,28.0,46.0,23.0,20.0,14.0,6547128313.0,14186014.0,市辖区静安区,市辖区静安区静安寺街道,20.0,30.0,30.0,20.0,100.0,96.64285714285714,85.27441860465116,85.27441860465116
上海市,市辖区,静安区,曹家渡街道,121.4352329,31.2313924,55.0,359.0,328.0,229.0,527.0,1065.0,27.0,1131.0,1876.0,52.0,17.0,36.0,43.0,76.0,121.0,163.0,16.0,17.0,102.0,1511.0,454.0,52.0,2.0,14.0,35.0,56.0,10941.0,1459.0,1536.0,49.0,1793.0,239.0,208.0,108.0,28.0,26.0,2.0,0.0,49.0,22.0,77.0,90.0,0.0,56.0,302.0,3.0,4.0,3.0,4.0,10.0,18.0,20.0,5.0,2.0,13.0,207.0,67.0,15.0,0.0,1.0,4.0,5.0,711.0,5.0,46.0,7.0,192.0,28.0,27.0,19.0,15.0,13.0,6547128314.0,14186015.0,市辖区静安区,市辖区静安区曹家渡街道,20.0,30.0,30.0,20.0,100.0,96.64285714285714,85.27441860465116,85.27441860465116
上海市,市辖区,静安区,天目西路街道,121.4566157,31.2489416,78.0,415.0,486.0,344.0,726.0,834.0,38.0,1082.0,2122.0,52.0,18.0,21.0,28.0,51.0,107.0,139.0,22.0,14.0,109.0,1416.0,480.0,62.0,1.0,20.0,57.0,70.0,6883.0,110.0,751.0,24.0,1239.0,129.0,313.0,147.0,27.0,24.0,18.0,58.0,76.0,71.0,93.0,90.0,15.0,167.0,254.0,4.0,2.0,4.0,3.0,4.0,7.0,8.0,3.0,4.0,14.0,93.0,42.0,9.0,1.0,0.0,8.0,6.0,359.0,0.0,73.0,2.0,57.0,8.0,26.0,19.0,22.0,14.0,6547128308.0,14186013.0,市辖区静安区,市辖区静安区天目西路街道,20.0,30.0,30.0,20.0,100.0,96.64285714285714,85.27441860465116,85.27441860465116
上海市,市辖区,静安区,北站街道,121.465466,31.2426182,96.0,425.0,594.0,390.0,798.0,1200.0,40.0,1444.0,2269.0,65.0,15.0,22.0,35.0,64.0,100.0,121.0,18.0,18.0,134.0,1723.0,370.0,67.0,1.0,27.0,71.0,77.0,7544.0,193.0,1214.0,48.0,1448.0,135.0,403.0,178.0,28.0,23.0,13.0,43.0,76.0,36.0,116.0,84.0,0.0,192.0,215.0,6.0,3.0,3.0,4.0,7.0,12.0,15.0,2.0,1.0,10.0,170.0,30.0,2.0,1.0,4.0,13.0,19.0,1190.0,8.0,123.0,4.0,149.0,13.0,50.0,38.0,19.0,20.0,9772964617.0,14186012.0,市辖区静安区,市辖区静安区北站街道,20.0,30.0,30.0,20.0,100.0,96.64285714285714,85.27441860465116,85.27441860465116
上海市,市辖区,静安区,宝山路街道,121.4641571,31.2635668,63.0,353.0,420.0,314.0,643.0,776.0,37.0,869.0,1705.0,49.0,14.0,18.0,17.0,28.0,103.0,145.0,18.0,8.0,58.0,542.0,585.0,39.0,5.0,18.0,55.0,45.0,7057.0,42.0,736.0,26.0,413.0,156.0,182.0,90.0,27.0,24.0,20.0,58.0,41.0,40.0,72.0,50.0,1.0,3.0,220.0,2.0,1.0,2.0,2.0,4.0,14.0,21.0,1.0,0.0,2.0,21.0,106.0,3.0,0.0,3.0,8.0,3.0,435.0,6.0,1.0,0.0,24.0,10.0,6.0,10.0,16.0,10.0,9772941416.0,14186011.0,市辖区静安区,市辖区静安区宝山路街道,20.0,30.0,28.0,20.0,98.0,96.64285714285714,85.27441860465116,85.27441860465116
上海市,市辖区,静安区,共和新路街道,121.4577842,31.2755249,67.0,388.0,257.0,277.0,373.0,702.0,29.0,590.0,1618.0,35.0,15.0,14.0,18.0,24.0,100.0,145.0,20.0,4.0,21.0,194.0,618.0,46.0,7.0,11.0,25.0,23.0,5174.0,29.0,182.0,21.0,153.0,173.0,79.0,55.0,28.0,24.0,2.0,32.0,13.0,23.0,58.0,20.0,0.0,73.0,146.0,3.0,0.0,2.0,2.0,3.0,12.0,17.0,0.0,0.0,3.0,25.0,107.0,1.0,1.0,6.0,1.0,2.0,975.0,1.0,44.0,0.0,26.0,25.0,5.0,8.0,15.0,12.0,9772935313.0,14186010.0,市辖区静安区,市辖区静安区共和新路街道,20.0,30.0,23.0,20.0,93.0,96.64285714285714,85.27441860465116,85.27441860465116
上海市,市辖区,静安区,大宁路街道,121.4524519,31.2870872,63.0,377.0,189.0,210.0,371.0,557.0,11.0,541.0,1451.0,39.0,15.0,8.0,14.0,19.0,90.0,138.0,13.0,0.0,13.0,111.0,568.0,36.0,6.0,11.0,15.0,12.0,4489.0,16.0,119.0,26.0,112.0,153.0,37.0,30.0,25.0,22.0,11.0,52.0,18.0,19.0,27.0,42.0,0.0,23.0,133.0,4.0,1.0,0.0,1.0,1.0,7.0,11.0,1.0,0.0,3.0,17.0,37.0,7.0,2.0,2.0,2.0,1.0,262.0,1.0,24.0,3.0,30.0,27.0,5.0,9.0,18.0,11.0,9772909543.0,14186009.0,市辖区静安区,市辖区静安区大宁路街道,20.0,30.0,28.0,20.0,98.0,96.64285714285714,85.27441860465116,85.27441860465116
上海市,市辖区,静安区,彭浦新村街道,121.4419913,31.3143232,23.0,227.0,113.0,163.0,207.0,308.0,3.0,230.0,1244.0,30.0,4.0,3.0,13.0,16.0,65.0,94.0,1.0,0.0,2.0,47.0,330.0,22.0,3.0,2.0,6.0,7.0,1426.0,0.0,9.0,11.0,23.0,82.0,11.0,20.0,24.0,19.0,5.0,37.0,9.0,16.0,25.0,7.0,0.0,24.0,214.0,0.0,1.0,0.0,3.0,4.0,16.0,22.0,0.0,0.0,0.0,1.0,88.0,2.0,0.0,0.0,1.0,1.0,96.0,0.0,2.0,0.0,6.0,6.0,1.0,9.0,12.0,7.0,9772944404.0,14186008.0,市辖区静安区,市辖区静安区彭浦新村街道,20.0,30.0,16.0,20.0,86.0,96.64285714285714,85.27441860465116,85.27441860465116
上海市,市辖区,静安区,临汾路街道,121.45581,31.312325,29.0,280.0,109.0,183.0,229.0,383.0,5.0,204.0,1364.0,32.0,4.0,4.0,13.0,16.0,73.0,115.0,3.0,0.0,5.0,40.0,430.0,26.0,5.0,4.0,10.0,9.0,1354.0,4.0,11.0,9.0,45.0,68.0,11.0,26.0,23.0,17.0,0.0,33.0,6.0,33.0,26.0,26.0,0.0,7.0,204.0,0.0,0.0,1.0,2.0,2.0,15.0,20.0,0.0,0.0,0.0,0.0,70.0,0.0,0.0,0.0,1.0,1.0,53.0,0.0,0.0,0.0,0.0,3.0,0.0,6.0,9.0,6.0,9772944403.0,14186007.0,市辖区静安区,市辖区静安区临汾路街道,20.0,30.0,15.0,20.0,85.0,96.64285714285714,85.27441860465116,85.27441860465116
上海市,市辖区,静安区,芷江西路街道,121.4602505,31.2603114,57.0,355.0,447.0,300.0,675.0,660.0,34.0,953.0,1777.0,46.0,13.0,18.0,18.0,31.0,108.0,144.0,13.0,10.0,72.0,738.0,559.0,41.0,4.0,15.0,54.0,47.0,6716.0,45.0,646.0,26.0,552.0,155.0,211.0,104.0,28.0,25.0,26.0,66.0,39.0,41.0,55.0,37.0,8.0,4.0,213.0,0.0,2.0,2.0,3.0,4.0,15.0,19.0,1.0,1.0,2.0,24.0,85.0,3.0,0.0,1.0,7.0,3.0,260.0,0.0,2.0,0.0,25.0,8.0,10.0,7.0,16.0,9.0,6547128309.0,14186006.0,市辖区静安区,市辖区静安区芷江西路街道,20.0,30.0,30.0,20.0,100.0,96.64285714285714,85.27441860465116,85.27441860465116
上海市,市辖区,静安区,彭浦镇,121.4356141,31.2850073,40.0,278.0,172.0,182.0,366.0,405.0,19.0,481.0,1314.0,38.0,13.0,5.0,11.0,16.0,70.0,111.0,3.0,0.0,17.0,134.0,418.0,38.0,3.0,18.0,7.0,8.0,4504.0,12.0,68.0,23.0,74.0,142.0,31.0,27.0,27.0,23.0,2.0,28.0,24.0,25.0,35.0,78.0,5.0,92.0,123.0,13.0,5.0,0.0,2.0,2.0,7.0,9.0,0.0,0.0,2.0,9.0,27.0,18.0,1.0,0.0,2.0,1.0,198.0,0.0,6.0,12.0,4.0,19.0,7.0,3.0,19.0,13.0,9772944402.0,14186005.0,市辖区静安区,市辖区静安区彭浦镇,20.0,30.0,23.0,20.0,93.0,96.64285714285714,85.27441860465116,85.27441860465116
上海市,市辖区,普陀区,曹杨新村街道,121.4056342,31.243704,54.0,269.0,206.0,255.0,390.0,761.0,46.0,877.0,1436.0,46.0,9.0,23.0,15.0,24.0,78.0,132.0,10.0,7.0,20.0,224.0,510.0,45.0,4.0,5.0,37.0,25.0,5581.0,2501.0,1978.0,31.0,292.0,251.0,70.0,42.0,30.0,24.0,9.0,60.0,5.0,33.0,54.0,96.0,2.0,120.0,174.0,3.0,1.0,2.0,2.0,3.0,11.0,18.0,0.0,0.0,2.0,24.0,88.0,5.0,1.0,0.0,4.0,1.0,863.0,280.0,186.0,0.0,9.0,43.0,8.0,8.0,18.0,13.0,7650906700.0,14187873.0,市辖区普陀区,市辖区普陀区曹杨新村街道,20.0,30.0,23.0,20.0,93.0,93.4,85.27441860465116,85.27441860465116
上海市,市辖区,普陀区,长风新村街道,121.4061499,31.2318238,73.0,321.0,189.0,278.0,396.0,893.0,45.0,1018.0,1496.0,68.0,11.0,22.0,24.0,51.0,84.0,135.0,11.0,9.0,57.0,800.0,536.0,53.0,4.0,6.0,42.0,37.0,7070.0,2608.0,2815.0,47.0,662.0,289.0,115.0,47.0,31.0,24.0,7.0,26.0,5.0,44.0,32.0,183.0,10.0,198.0,129.0,23.0,1.0,1.0,1.0,1.0,10.0,23.0,0.0,2.0,2.0,17.0,79.0,2.0,0.0,0.0,2.0,3.0,1182.0,1640.0,695.0,12.0,106.0,75.0,8.0,11.0,18.0,15.0,7650906698.0,14187872.0,市辖区普陀区,市辖区普陀区长风新村街道,20.0,30.0,25.0,20.0,95.0,93.4,85.27441860465116,85.27441860465116
上海市,市辖区,普陀区,长寿路街道,121.429651,31.2412717,54.0,319.0,318.0,233.0,520.0,842.0,43.0,1122.0,1735.0,46.0,17.0,28.0,26.0,54.0,105.0,151.0,15.0,15.0,74.0,1011.0,531.0,48.0,2.0,9.0,41.0,44.0,7090.0,1473.0,1329.0,32.0,885.0,221.0,154.0,84.0,30.0,26.0,4.0,29.0,24.0,9.0,87.0,38.0,4.0,57.0,188.0,1.0,2.0,2.0,1.0,5.0,14.0,18.0,3.0,2.0,6.0,79.0,76.0,10.0,1.0,1.0,2.0,5.0,472.0,0.0,77.0,2.0,63.0,21.0,11.0,13.0,14.0,9.0,7650906693.0,14187871.0,市辖区普陀区,市辖区普陀区长寿路街道,20.0,30.0,30.0,20.0,100.0,93.4,85.27441860465116,85.27441860465116
上海市,市辖区,普陀区,甘泉路街道,121.426058,31.2635326,42.0,276.0,253.0,240.0,484.0,549.0,44.0,790.0,1584.0,23.0,14.0,18.0,11.0,21.0,83.0,132.0,9.0,8.0,35.0,319.0,475.0,41.0,3.0,13.0,35.0,22.0,5062.0,12.0,636.0,24.0,152.0,162.0,74.0,42.0,30.0,23.0,0.0,14.0,20.0,15.0,39.0,90.0,6.0,78.0,162.0,0.0,0.0,8.0,3.0,5.0,21.0,30.0,1.0,1.0,3.0,14.0,78.0,1.0,0.0,0.0,2.0,3.0,955.0,4.0,56.0,0.0,14.0,42.0,5.0,6.0,15.0,11.0,7650906687.0,14187870.0,市辖区普陀区,市辖区普陀区甘泉路街道,20.0,30.0,30.0,20.0,100.0,93.4,85.27441860465116,85.27441860465116
上海市,市辖区,普陀区,石泉路街道,121.4196271,31.257175,30.0,273.0,283.0,239.0,478.0,537.0,34.0,780.0,1597.0,22.0,14.0,21.0,10.0,20.0,84.0,137.0,10.0,7.0,37.0,318.0,508.0,40.0,3.0,12.0,34.0,26.0,5394.0,537.0,739.0,28.0,184.0,195.0,69.0,40.0,31.0,22.0,2.0,15.0,22.0,21.0,48.0,103.0,6.0,141.0,133.0,0.0,0.0,9.0,2.0,3.0,15.0,26.0,2.0,2.0,0.0,28.0,86.0,1.0,0.0,0.0,6.0,4.0,923.0,1.0,262.0,0.0,21.0,29.0,4.0,6.0,23.0,11.0,7650906686.0,14187869.0,市辖区普陀区,市辖区普陀区石泉路街道,20.0,30.0,28.0,20.0,98.0,93.4,85.27441860465116,85.27441860465116
上海市,市辖区,普陀区,宜川路街道,121.4395862,31.2573832,60.0,296.0,309.0,214.0,546.0,522.0,39.0,823.0,1679.0,23.0,18.0,20.0,18.0,34.0,98.0,143.0,13.0,12.0,57.0,499.0,538.0,43.0,3.0,10.0,41.0,37.0,5395.0,16.0,599.0,20.0,346.0,154.0,104.0,60.0,29.0,24.0,9.0,51.0,44.0,27.0,59.0,86.0,3.0,140.0,147.0,7.0,4.0,2.0,0.0,0.0,9.0,15.0,1.0,0.0,2.0,49.0,65.0,7.0,0.0,0.0,2.0,5.0,478.0,7.0,39.0,2.0,14.0,22.0,14.0,12.0,16.0,12.0,7650880783.0,14187868.0,市辖区普陀区,市辖区普陀区宜川路街道,20.0,30.0,23.0,20.0,93.0,93.4,85.27441860465116,85.27441860465116
上海市,市辖区,普陀区,万里街道,121.400429,31.2738576,22.0,202.0,191.0,192.0,427.0,400.0,23.0,393.0,1274.0,21.0,6.0,13.0,12.0,15.0,52.0,94.0,5.0,1.0,20.0,111.0,304.0,20.0,6.0,13.0,24.0,9.0,2871.0,2.0,410.0,9.0,45.0,141.0,25.0,27.0,31.0,22.0,2.0,19.0,46.0,45.0,0.0,27.0,4.0,16.0,174.0,1.0,0.0,1.0,0.0,0.0,5.0,8.0,0.0,0.0,0.0,7.0,36.0,2.0,0.0,8.0,2.0,1.0,116.0,0.0,0.0,1.0,3.0,11.0,1.0,7.0,16.0,9.0,7650880780.0,14187867.0,市辖区普陀区,市辖区普陀区万里街道,20.0,30.0,16.0,20.0,86.0,93.4,85.27441860465116,85.27441860465116
上海市,市辖区,普陀区,真如镇街道,121.3963144,31.2585858,53.0,256.0,196.0,257.0,332.0,628.0,26.0,450.0,1410.0,22.0,8.0,17.0,14.0,17.0,66.0,117.0,4.0,5.0,19.0,110.0,403.0,22.0,4.0,12.0,31.0,12.0,3808.0,606.0,667.0,5.0,155.0,154.0,29.0,36.0,30.0,22.0,4.0,40.0,47.0,16.0,62.0,35.0,5.0,22.0,162.0,1.0,1.0,3.0,1.0,1.0,4.0,9.0,1.0,0.0,3.0,8.0,39.0,3.0,1.0,1.0,15.0,3.0,185.0,0.0,76.0,1.0,5.0,15.0,7.0,9.0,20.0,11.0,7650880782.0,14187866.0,市辖区普陀区,市辖区普陀区真如镇街道,20.0,30.0,28.0,20.0,98.0,93.4,85.27441860465116,85.27441860465116
上海市,市辖区,普陀区,长征镇,121.3685477,31.2398306,88.0,227.0,164.0,378.0,394.0,535.0,62.0,456.0,1296.0,20.0,11.0,22.0,15.0,30.0,43.0,71.0,13.0,2.0,25.0,323.0,289.0,59.0,13.0,8.0,18.0,8.0,1450.0,94.0,211.0,60.0,374.0,152.0,35.0,27.0,29.0,25.0,12.0,28.0,4.0,38.0,39.0,32.0,2.0,35.0,152.0,0.0,0.0,2.0,1.0,2.0,6.0,10.0,0.0,0.0,3.0,23.0,29.0,6.0,4.0,0.0,2.0,2.0,70.0,13.0,17.0,6.0,32.0,7.0,5.0,7.0,16.0,9.0,7650880772.0,14187865.0,市辖区普陀区,市辖区普陀区长征镇,20.0,30.0,23.0,20.0,93.0,93.4,85.27441860465116,85.27441860465116
上海市,市辖区,普陀区,桃浦镇,121.3590054,31.2807935,18.0,123.0,125.0,134.0,282.0,252.0,67.0,241.0,727.0,12.0,4.0,1.0,4.0,4.0,15.0,25.0,0.0,0.0,0.0,15.0,97.0,9.0,19.0,2.0,7.0,3.0,346.0,0.0,1.0,11.0,6.0,47.0,2.0,23.0,26.0,22.0,0.0,16.0,17.0,1.0,17.0,24.0,0.0,26.0,72.0,0.0,1.0,1.0,1.0,1.0,0.0,0.0,0.0,0.0,0.0,0.0,9.0,1.0,0.0,0.0,1.0,2.0,28.0,0.0,0.0,1.0,1.0,8.0,0.0,9.0,16.0,10.0,7650880773.0,14187864.0,市辖区普陀区,市辖区普陀区桃浦镇,18.0,30.0,10.0,20.0,78.0,93.4,85.27441860465116,85.27441860465116
上海市,市辖区,虹口区,欧阳路街道,121.488008,31.2702887,51.0,392.0,302.0,274.0,567.0,1044.0,73.0,585.0,1681.0,60.0,18.0,22.0,24.0,34.0,116.0,166.0,26.0,6.0,31.0,374.0,583.0,56.0,6.0,18.0,53.0,28.0,6804.0,53.0,527.0,24.0,410.0,222.0,123.0,79.0,27.0,22.0,0.0,36.0,27.0,33.0,59.0,115.0,12.0,119.0,151.0,10.0,3.0,7.0,1.0,3.0,15.0,21.0,5.0,3.0,14.0,53.0,114.0,8.0,0.0,4.0,7.0,4.0,1012.0,4.0,67.0,4.0,30.0,24.0,9.0,17.0,15.0,15.0,9270831715.0,13465959.0,市辖区虹口区,市辖区虹口区欧阳路街道,20.0,30.0,30.0,20.0,100.0,95.5,85.27441860465116,85.27441860465116
上海市,市辖区,虹口区,曲阳路街道,121.4914188,31.290326,59.0,435.0,163.0,291.0,370.0,1275.0,60.0,618.0,1493.0,97.0,9.0,22.0,21.0,26.0,111.0,179.0,21.0,7.0,29.0,246.0,631.0,55.0,3.0,16.0,22.0,17.0,5858.0,30.0,301.0,17.0,340.0,255.0,64.0,52.0,27.0,21.0,23.0,102.0,0.0,37.0,42.0,207.0,38.0,95.0,180.0,11.0,1.0,4.0,6.0,8.0,15.0,25.0,4.0,0.0,0.0,39.0,53.0,5.0,0.0,1.0,1.0,3.0,961.0,10.0,27.0,2.0,35.0,51.0,15.0,8.0,18.0,17.0,9270831716.0,13466001.0,市辖区虹口区,市辖区虹口区曲阳路街道,20.0,30.0,26.0,20.0,96.0,95.5,85.27441860465116,85.27441860465116
上海市,市辖区,虹口区,广中路街道,121.4679155,31.2753826,70.0,469.0,246.0,277.0,467.0,862.0,46.0,561.0,1583.0,57.0,13.0,20.0,22.0,31.0,103.0,156.0,22.0,5.0,34.0,282.0,645.0,37.0,6.0,16.0,34.0,22.0,5986.0,38.0,342.0,19.0,232.0,178.0,89.0,57.0,27.0,23.0,3.0,41.0,33.0,14.0,52.0,39.0,2.0,86.0,172.0,4.0,2.0,2.0,3.0,5.0,17.0,25.0,2.0,0.0,0.0,20.0,118.0,3.0,3.0,4.0,2.0,2.0,1191.0,4.0,17.0,1.0,18.0,38.0,9.0,13.0,21.0,13.0,9270937926.0,13466055.0,市辖区虹口区,市辖区虹口区广中路街道,20.0,30.0,26.0,20.0,96.0,95.5,85.27441860465116,85.27441860465116
上海市,市辖区,虹口区,嘉兴路街道,121.4956955,31.2733189,54.0,418.0,251.0,261.0,519.0,1093.0,69.0,486.0,1615.0,72.0,17.0,25.0,25.0,34.0,115.0,171.0,25.0,6.0,33.0,358.0,586.0,67.0,5.0,17.0,42.0,22.0,6422.0,44.0,480.0,15.0,405.0,238.0,102.0,61.0,26.0,24.0,0.0,40.0,13.0,22.0,53.0,261.0,8.0,99.0,160.0,15.0,3.0,6.0,1.0,2.0,19.0,28.0,4.0,1.0,7.0,34.0,82.0,9.0,0.0,4.0,5.0,5.0,843.0,9.0,66.0,4.0,34.0,36.0,1.0,11.0,16.0,13.0,9270831714.0,13462879.0,市辖区虹口区,市辖区虹口区嘉兴路街道,20.0,30.0,30.0,20.0,100.0,95.5,85.27441860465116,85.27441860465116
上海市,市辖区,虹口区,凉城新村街道,121.466347,31.2965796,62.0,444.0,150.0,229.0,312.0,820.0,26.0,415.0,1501.0,38.0,7.0,11.0,21.0,26.0,90.0,145.0,18.0,0.0,7.0,94.0,537.0,29.0,7.0,10.0,13.0,11.0,4107.0,9.0,195.0,13.0,129.0,162.0,45.0,39.0,27.0,21.0,4.0,35.0,39.0,35.0,50.0,59.0,0.0,35.0,206.0,6.0,3.0,1.0,1.0,1.0,11.0,20.0,0.0,0.0,0.0,3.0,94.0,2.0,2.0,1.0,4.0,2.0,350.0,4.0,0.0,0.0,17.0,9.0,0.0,6.0,14.0,11.0,9270762168.0,13466134.0,市辖区虹口区,市辖区虹口区凉城新村街道,20.0,30.0,18.0,20.0,88.0,95.5,85.27441860465116,85.27441860465116
上海市,市辖区,虹口区,四川北路街道,121.4813929,31.2652179,54.0,346.0,342.0,296.0,600.0,1054.0,83.0,770.0,1711.0,69.0,16.0,27.0,25.0,36.0,110.0,159.0,25.0,8.0,50.0,541.0,549.0,60.0,5.0,21.0,57.0,33.0,7048.0,120.0,780.0,28.0,439.0,189.0,202.0,100.0,27.0,22.0,0.0,20.0,67.0,51.0,122.0,78.0,7.0,106.0,156.0,9.0,1.0,7.0,4.0,6.0,11.0,14.0,1.0,2.0,13.0,68.0,123.0,7.0,0.0,3.0,13.0,4.0,828.0,7.0,52.0,5.0,30.0,20.0,24.0,23.0,17.0,15.0,9270910324.0,13462869.0,市辖区虹口区,市辖区虹口区四川北路街道,20.0,30.0,30.0,20.0,100.0,95.5,85.27441860465116,85.27441860465116
上海市,市辖区,虹口区,北外滩街道,121.4947857,31.2539869,34.0,275.0,532.0,317.0,697.0,1261.0,74.0,1324.0,1855.0,88.0,15.0,23.0,21.0,30.0,88.0,131.0,15.0,11.0,87.0,812.0,424.0,91.0,3.0,25.0,62.0,44.0,6608.0,199.0,1077.0,69.0,684.0,178.0,288.0,139.0,26.0,23.0,6.0,35.0,59.0,54.0,84.0,38.0,6.0,53.0,194.0,8.0,2.0,1.0,4.0,6.0,6.0,9.0,4.0,0.0,5.0,64.0,21.0,8.0,0.0,1.0,13.0,3.0,684.0,2.0,234.0,1.0,57.0,14.0,15.0,13.0,17.0,12.0,9270936318.0,13462842.0,市辖区虹口区,市辖区虹口区北外滩街道,20.0,30.0,28.0,20.0,98.0,95.5,85.27441860465116,85.27441860465116
上海市,市辖区,虹口区,江湾镇街道,121.4686998,31.3063912,62.0,400.0,114.0,236.0,259.0,603.0,16.0,226.0,1441.0,30.0,4.0,6.0,16.0,19.0,74.0,127.0,15.0,1.0,3.0,49.0,478.0,21.0,4.0,5.0,11.0,11.0,2385.0,8.0,55.0,8.0,79.0,115.0,26.0,31.0,25.0,21.0,0.0,32.0,29.0,41.0,66.0,36.0,0.0,34.0,176.0,7.0,1.0,3.0,6.0,6.0,10.0,17.0,0.0,0.0,0.0,1.0,90.0,2.0,0.0,1.0,6.0,3.0,141.0,4.0,0.0,0.0,18.0,9.0,0.0,5.0,12.0,10.0,9270762179.0,13466137.0,市辖区虹口区,市辖区虹口区江湾镇街道,20.0,30.0,16.0,20.0,86.0,95.5,85.27441860465116,85.27441860465116
上海市,市辖区,杨浦区,定海路街道,121.5448768,31.2810428,32.0,169.0,141.0,86.0,249.0,451.0,57.0,295.0,1071.0,33.0,4.0,2.0,17.0,18.0,60.0,88.0,1.0,2.0,4.0,66.0,319.0,24.0,15.0,5.0,15.0,16.0,2072.0,13.0,227.0,13.0,223.0,77.0,19.0,24.0,24.0,22.0,10.0,26.0,24.0,4.0,28.0,41.0,0.0,4.0,141.0,3.0,0.0,0.0,1.0,1.0,11.0,16.0,1.0,0.0,0.0,5.0,47.0,3.0,3.0,1.0,4.0,3.0,274.0,0.0,7.0,0.0,14.0,9.0,3.0,5.0,14.0,10.0,9272337435.0,13466400.0,市辖区杨浦区,市辖区杨浦区定海路街道,20.0,30.0,25.0,20.0,95.0,96.58333333333333,85.27441860465116,85.27441860465116
上海市,市辖区,杨浦区,平凉路街道,121.5149223,31.2633672,30.0,230.0,277.0,150.0,520.0,787.0,93.0,550.0,1415.0,66.0,14.0,15.0,20.0,23.0,91.0,131.0,8.0,6.0,37.0,256.0,423.0,90.0,7.0,13.0,41.0,19.0,3852.0,60.0,423.0,27.0,345.0,143.0,66.0,46.0,26.0,21.0,2.0,18.0,35.0,12.0,60.0,3.0,0.0,4.0,200.0,0.0,3.0,2.0,2.0,2.0,10.0,14.0,1.0,0.0,2.0,22.0,59.0,9.0,2.0,0.0,4.0,4.0,389.0,3.0,9.0,0.0,21.0,8.0,8.0,7.0,14.0,10.0,9272137770.0,13464332.0,市辖区杨浦区,市辖区杨浦区平凉路街道,20.0,30.0,28.0,20.0,98.0,96.58333333333333,85.27441860465116,85.27441860465116
上海市,市辖区,杨浦区,江浦路街道,121.5130762,31.2685549,30.0,226.0,217.0,173.0,458.0,906.0,90.0,503.0,1389.0,78.0,14.0,19.0,20.0,23.0,102.0,148.0,10.0,7.0,30.0,276.0,480.0,81.0,7.0,13.0,39.0,19.0,4064.0,30.0,444.0,17.0,342.0,161.0,66.0,44.0,25.0,22.0,2.0,29.0,31.0,19.0,48.0,6.0,0.0,4.0,167.0,1.0,2.0,1.0,3.0,3.0,12.0,20.0,0.0,0.0,1.0,23.0,74.0,15.0,2.0,3.0,3.0,3.0,635.0,0.0,4.0,0.0,22.0,10.0,5.0,9.0,15.0,10.0,9272137771.0,13464392.0,市辖区杨浦区,市辖区杨浦区江浦路街道,20.0,30.0,23.0,20.0,93.0,96.58333333333333,85.27441860465116,85.27441860465116
上海市,市辖区,杨浦区,四平路街道,121.5073708,31.2787203,62.0,394.0,189.0,245.0,433.0,1098.0,59.0,506.0,1513.0,75.0,16.0,22.0,27.0,32.0,112.0,175.0,21.0,6.0,24.0,301.0,551.0,72.0,4.0,13.0,31.0,24.0,5165.0,31.0,481.0,12.0,330.0,231.0,78.0,51.0,26.0,24.0,6.0,33.0,26.0,25.0,70.0,291.0,6.0,35.0,182.0,5.0,2.0,0.0,3.0,3.0,21.0,30.0,1.0,1.0,1.0,31.0,80.0,16.0,0.0,5.0,2.0,2.0,758.0,8.0,15.0,1.0,125.0,34.0,3.0,10.0,18.0,13.0,9272137772.0,13466002.0,市辖区杨浦区,市辖区杨浦区四平路街道,20.0,30.0,30.0,20.0,100.0,96.58333333333333,85.27441860465116,85.27441860465116
上海市,市辖区,杨浦区,控江路街道,121.5234292,31.2863695,51.0,280.0,144.0,209.0,337.0,944.0,67.0,507.0,1382.0,78.0,8.0,10.0,26.0,26.0,98.0,158.0,4.0,3.0,15.0,185.0,481.0,60.0,11.0,9.0,17.0,18.0,3609.0,33.0,347.0,10.0,459.0,214.0,47.0,33.0,24.0,25.0,3.0,23.0,16.0,16.0,27.0,52.0,0.0,68.0,169.0,15.0,0.0,2.0,2.0,2.0,18.0,21.0,0.0,0.0,2.0,9.0,86.0,4.0,0.0,1.0,0.0,2.0,170.0,2.0,73.0,0.0,4.0,20.0,2.0,5.0,16.0,13.0,9272337432.0,13466004.0,市辖区杨浦区,市辖区杨浦区控江路街道,20.0,30.0,23.0,20.0,93.0,96.58333333333333,85.27441860465116,85.27441860465116
上海市,市辖区,杨浦区,长白新村街道,121.5388303,31.2947971,52.0,208.0,124.0,164.0,196.0,674.0,38.0,458.0,1100.0,65.0,5.0,5.0,17.0,17.0,59.0,97.0,4.0,3.0,6.0,89.0,300.0,28.0,20.0,5.0,10.0,12.0,2351.0,12.0,286.0,10.0,265.0,142.0,26.0,30.0,25.0,23.0,2.0,18.0,27.0,20.0,41.0,116.0,15.0,21.0,194.0,5.0,0.0,0.0,5.0,5.0,9.0,22.0,1.0,0.0,0.0,6.0,61.0,1.0,2.0,0.0,1.0,2.0,485.0,2.0,34.0,0.0,149.0,8.0,0.0,5.0,18.0,11.0,9272337436.0,13466407.0,市辖区杨浦区,市辖区杨浦区长白新村街道,20.0,30.0,26.0,20.0,96.0,96.58333333333333,85.27441860465116,85.27441860465116
上海市,市辖区,杨浦区,延吉新村街道,121.5288857,31.2864194,56.0,259.0,148.0,186.0,305.0,881.0,61.0,421.0,1265.0,61.0,7.0,7.0,23.0,23.0,86.0,138.0,4.0,3.0,8.0,135.0,443.0,56.0,16.0,9.0,15.0,19.0,3409.0,29.0,319.0,12.0,409.0,173.0,40.0,30.0,24.0,25.0,7.0,14.0,24.0,22.0,25.0,31.0,0.0,59.0,188.0,8.0,0.0,1.0,2.0,2.0,17.0,24.0,0.0,0.0,1.0,6.0,93.0,2.0,0.0,0.0,1.0,3.0,167.0,2.0,68.0,0.0,3.0,17.0,2.0,5.0,15.0,11.0,9272337433.0,13466383.0,市辖区杨浦区,市辖区杨浦区延吉新村街道,20.0,30.0,23.0,20.0,93.0,96.58333333333333,85.27441860465116,85.27441860465116
上海市,市辖区,杨浦区,殷行街道,121.5337447,31.3260516,26.0,134.0,97.0,193.0,126.0,868.0,137.0,779.0,829.0,88.0,3.0,2.0,14.0,16.0,45.0,63.0,3.0,2.0,7.0,76.0,144.0,18.0,26.0,2.0,2.0,8.0,1676.0,32.0,519.0,37.0,178.0,172.0,12.0,19.0,26.0,23.0,2.0,12.0,24.0,37.0,9.0,273.0,3.0,108.0,189.0,11.0,1.0,0.0,3.0,3.0,19.0,22.0,1.0,1.0,2.0,12.0,28.0,3.0,8.0,0.0,0.0,2.0,422.0,0.0,151.0,0.0,14.0,41.0,0.0,3.0,19.0,10.0,9272337440.0,13466582.0,市辖区杨浦区,市辖区杨浦区殷行街道,20.0,30.0,30.0,20.0,100.0,96.58333333333333,85.27441860465116,85.27441860465116
上海市,市辖区,杨浦区,大桥街道,121.5254918,31.2700916,30.0,211.0,200.0,114.0,383.0,610.0,59.0,273.0,1380.0,46.0,12.0,8.0,18.0,18.0,84.0,118.0,4.0,4.0,10.0,155.0,404.0,67.0,8.0,10.0,29.0,19.0,2669.0,24.0,179.0,17.0,217.0,124.0,39.0,38.0,23.0,22.0,12.0,44.0,33.0,4.0,75.0,28.0,0.0,0.0,139.0,1.0,1.0,2.0,6.0,6.0,10.0,13.0,0.0,1.0,1.0,20.0,74.0,15.0,3.0,1.0,4.0,3.0,152.0,2.0,5.0,0.0,7.0,4.0,5.0,2.0,12.0,12.0,9272337434.0,13466384.0,市辖区杨浦区,市辖区杨浦区大桥街道,20.0,30.0,25.0,20.0,95.0,96.58333333333333,85.27441860465116,85.27441860465116
上海市,市辖区,杨浦区,五角场街道,121.5153226,31.3070819,53.0,264.0,179.0,317.0,294.0,1087.0,168.0,895.0,1430.0,105.0,5.0,7.0,19.0,22.0,90.0,135.0,8.0,6.0,18.0,180.0,388.0,42.0,13.0,4.0,9.0,11.0,3346.0,49.0,709.0,13.0,430.0,295.0,44.0,35.0,27.0,26.0,8.0,58.0,17.0,53.0,38.0,119.0,0.0,165.0,172.0,20.0,0.0,2.0,5.0,6.0,8.0,19.0,1.0,0.0,5.0,44.0,28.0,10.0,1.0,1.0,1.0,3.0,373.0,0.0,62.0,4.0,34.0,38.0,10.0,7.0,17.0,16.0,244082474.0,13466003.0,市辖区杨浦区,市辖区杨浦区五角场街道,20.0,30.0,28.0,20.0,98.0,96.58333333333333,85.27441860465116,85.27441860465116
上海市,市辖区,杨浦区,新江湾城街道,121.5176852,31.3311578,20.0,176.0,205.0,233.0,199.0,970.0,157.0,850.0,915.0,98.0,3.0,3.0,13.0,17.0,45.0,67.0,5.0,3.0,11.0,97.0,182.0,20.0,23.0,3.0,6.0,8.0,1729.0,29.0,477.0,55.0,202.0,173.0,14.0,29.0,27.0,23.0,0.0,15.0,27.0,35.0,38.0,297.0,68.0,285.0,126.0,17.0,0.0,1.0,6.0,6.0,15.0,16.0,1.0,1.0,1.0,18.0,35.0,5.0,3.0,0.0,1.0,1.0,341.0,26.0,159.0,7.0,109.0,53.0,1.0,0.0,16.0,15.0,9272337439.0,13466494.0,市辖区杨浦区,市辖区杨浦区新江湾城街道,20.0,30.0,30.0,20.0,100.0,96.58333333333333,85.27441860465116,85.27441860465116
上海市,市辖区,杨浦区,长海路街道,121.5162569,31.3103964,49.0,249.0,183.0,311.0,268.0,1106.0,161.0,934.0,1358.0,108.0,4.0,6.0,21.0,22.0,81.0,124.0,7.0,5.0,17.0,157.0,352.0,38.0,16.0,4.0,9.0,10.0,3039.0,36.0,700.0,16.0,379.0,275.0,40.0,34.0,27.0,26.0,7.0,53.0,17.0,63.0,37.0,124.0,0.0,189.0,162.0,20.0,0.0,2.0,5.0,6.0,8.0,16.0,1.0,0.0,6.0,38.0,29.0,9.0,1.0,2.0,1.0,2.0,277.0,0.0,54.0,4.0,38.0,50.0,11.0,6.0,17.0,14.0,9272337438.0,13466408.0,市辖区杨浦区,市辖区杨浦区长海路街道,20.0,30.0,28.0,20.0,98.0,96.58333333333333,85.27441860465116,85.27441860465116
上海市,市辖区,闵行区,江川路街道,121.4134493,31.011146,0.0,78.0,75.0,141.0,206.0,539.0,51.0,212.0,984.0,28.0,0.0,4.0,6.0,10.0,28.0,40.0,3.0,2.0,4.0,116.0,97.0,9.0,17.0,0.0,4.0,2.0,781.0,0.0,59.0,11.0,254.0,70.0,20.0,16.0,24.0,19.0,0.0,18.0,15.0,20.0,21.0,78.0,6.0,68.0,163.0,0.0,0.0,1.0,1.0,3.0,14.0,18.0,0.0,0.0,2.0,22.0,20.0,2.0,1.0,0.0,0.0,1.0,281.0,0.0,7.0,0.0,241.0,7.0,1.0,4.0,12.0,8.0,3023990617.0,14187992.0,市辖区闵行区,市辖区闵行区江川路街道,17.0,28.0,23.0,20.0,88.0,89.6923076923077,85.27441860465116,85.27441860465116
上海市,市辖区,闵行区,古美街道,121.3823285,31.1521523,33.0,217.0,128.0,181.0,363.0,366.0,5.0,449.0,1417.0,28.0,7.0,5.0,10.0,14.0,52.0,91.0,1.0,4.0,14.0,153.0,279.0,76.0,4.0,10.0,11.0,16.0,1133.0,4.0,95.0,13.0,94.0,107.0,41.0,29.0,25.0,19.0,0.0,34.0,4.0,28.0,66.0,20.0,0.0,19.0,177.0,0.0,0.0,1.0,0.0,0.0,4.0,9.0,0.0,0.0,0.0,8.0,31.0,2.0,0.0,3.0,5.0,1.0,95.0,3.0,0.0,0.0,7.0,6.0,1.0,4.0,8.0,8.0,-2.0,14187991.0,市辖区闵行区,市辖区闵行区古美街道,13.0,30.0,16.0,20.0,79.0,89.6923076923077,85.27441860465116,85.27441860465116
上海市,市辖区,闵行区,新虹街道,121.3037278,31.2075797,70.0,195.0,446.0,253.0,151.0,503.0,40.0,173.0,1011.0,38.0,3.0,4.0,6.0,11.0,8.0,14.0,2.0,0.0,11.0,179.0,54.0,36.0,2.0,9.0,14.0,5.0,736.0,9.0,9.0,15.0,48.0,92.0,24.0,23.0,26.0,14.0,15.0,27.0,77.0,16.0,29.0,37.0,7.0,17.0,148.0,0.0,1.0,3.0,2.0,2.0,1.0,5.0,0.0,0.0,4.0,72.0,12.0,17.0,0.0,3.0,0.0,1.0,389.0,4.0,0.0,1.0,9.0,17.0,4.0,0.0,15.0,7.0,9270572730.0,14187990.0,市辖区闵行区,市辖区闵行区新虹街道,20.0,30.0,23.0,20.0,93.0,89.6923076923077,85.27441860465116,85.27441860465116
上海市,市辖区,闵行区,浦锦街道,121.4912727,31.0930767,4.0,86.0,113.0,179.0,463.0,497.0,1.0,197.0,855.0,26.0,1.0,12.0,7.0,15.0,10.0,19.0,1.0,2.0,10.0,103.0,89.0,29.0,16.0,2.0,2.0,13.0,800.0,0.0,71.0,9.0,31.0,85.0,13.0,8.0,23.0,19.0,0.0,0.0,39.0,12.0,86.0,30.0,0.0,13.0,106.0,3.0,0.0,3.0,3.0,3.0,3.0,4.0,0.0,0.0,0.0,18.0,28.0,0.0,1.0,0.0,1.0,2.0,40.0,0.0,15.0,0.0,8.0,3.0,2.0,0.0,11.0,9.0,3023991754.0,14187989.0,市辖区闵行区,市辖区闵行区浦锦街道,20.0,30.0,21.0,20.0,91.0,89.6923076923077,85.27441860465116,85.27441860465116
上海市,市辖区,闵行区,莘庄镇,121.3732993,31.112196,65.0,117.0,155.0,223.0,474.0,212.0,12.0,350.0,1089.0,28.0,5.0,13.0,7.0,15.0,39.0,64.0,4.0,1.0,28.0,110.0,196.0,26.0,8.0,13.0,6.0,3.0,689.0,0.0,29.0,19.0,187.0,84.0,17.0,22.0,25.0,22.0,25.0,29.0,13.0,39.0,156.0,77.0,0.0,25.0,226.0,8.0,0.0,7.0,2.0,7.0,8.0,15.0,1.0,0.0,20.0,58.0,42.0,3.0,0.0,1.0,3.0,2.0,335.0,0.0,3.0,0.0,57.0,15.0,7.0,9.0,21.0,12.0,859922160.0,14187988.0,市辖区闵行区,市辖区闵行区莘庄镇,18.0,30.0,28.0,20.0,96.0,89.6923076923077,85.27441860465116,85.27441860465116
上海市,市辖区,闵行区,七宝镇,121.3463088,31.1602623,54.0,143.0,71.0,177.0,383.0,288.0,25.0,279.0,938.0,22.0,6.0,6.0,3.0,9.0,30.0,51.0,2.0,2.0,9.0,174.0,240.0,20.0,12.0,4.0,14.0,35.0,894.0,2.0,15.0,2.0,54.0,76.0,37.0,25.0,26.0,17.0,0.0,34.0,14.0,16.0,26.0,13.0,0.0,42.0,104.0,3.0,0.0,2.0,3.0,3.0,5.0,7.0,0.0,0.0,5.0,56.0,46.0,3.0,0.0,0.0,3.0,9.0,372.0,0.0,2.0,2.0,10.0,10.0,13.0,5.0,14.0,9.0,9270571604.0,14187987.0,市辖区闵行区,市辖区闵行区七宝镇,20.0,30.0,23.0,20.0,93.0,89.6923076923077,85.27441860465116,85.27441860465116
上海市,市辖区,闵行区,颛桥镇,121.3960953,31.0680127,53.0,87.0,93.0,88.0,306.0,76.0,41.0,21.0,783.0,7.0,7.0,2.0,3.0,4.0,15.0,22.0,2.0,0.0,0.0,26.0,80.0,5.0,39.0,4.0,3.0,4.0,702.0,0.0,29.0,39.0,31.0,33.0,6.0,13.0,20.0,18.0,24.0,15.0,0.0,10.0,71.0,15.0,0.0,12.0,146.0,1.0,0.0,1.0,2.0,2.0,5.0,8.0,1.0,0.0,0.0,0.0,34.0,0.0,1.0,1.0,1.0,1.0,146.0,0.0,17.0,1.0,10.0,7.0,0.0,5.0,9.0,8.0,3166475211.0,14187986.0,市辖区闵行区,市辖区闵行区颛桥镇,19.0,30.0,20.0,20.0,89.0,89.6923076923077,85.27441860465116,85.27441860465116
上海市,市辖区,闵行区,华漕镇,121.288687,31.2093816,49.0,166.0,401.0,278.0,194.0,407.0,38.0,221.0,1065.0,27.0,3.0,4.0,10.0,15.0,14.0,20.0,3.0,0.0,12.0,189.0,56.0,34.0,11.0,10.0,18.0,5.0,782.0,9.0,26.0,19.0,59.0,92.0,27.0,19.0,28.0,17.0,2.0,39.0,28.0,35.0,19.0,49.0,0.0,62.0,99.0,3.0,2.0,1.0,2.0,5.0,1.0,1.0,1.0,0.0,3.0,34.0,17.0,1.0,0.0,2.0,4.0,2.0,129.0,0.0,2.0,1.0,21.0,15.0,0.0,5.0,15.0,8.0,9270477992.0,14187985.0,市辖区闵行区,市辖区闵行区华漕镇,20.0,30.0,28.0,20.0,98.0,89.6923076923077,85.27441860465116,85.27441860465116
上海市,市辖区,闵行区,虹桥镇,121.3800539,31.1789922,42.0,207.0,91.0,255.0,288.0,224.0,6.0,154.0,1331.0,23.0,7.0,5.0,14.0,17.0,39.0,56.0,3.0,3.0,20.0,197.0,372.0,100.0,14.0,11.0,11.0,7.0,1903.0,7.0,266.0,0.0,155.0,57.0,40.0,32.0,25.0,20.0,0.0,18.0,16.0,39.0,29.0,10.0,0.0,6.0,150.0,5.0,0.0,1.0,2.0,3.0,4.0,5.0,0.0,2.0,1.0,21.0,40.0,21.0,1.0,3.0,0.0,1.0,54.0,0.0,0.0,0.0,11.0,12.0,8.0,4.0,8.0,8.0,9270562471.0,14187984.0,市辖区闵行区,市辖区闵行区虹桥镇,20.0,30.0,25.0,20.0,95.0,89.6923076923077,85.27441860465116,85.27441860465116
上海市,市辖区,闵行区,梅陇镇,121.4221198,31.1040904,6.0,117.0,106.0,164.0,341.0,97.0,25.0,58.0,897.0,9.0,7.0,6.0,3.0,5.0,30.0,44.0,0.0,1.0,7.0,44.0,130.0,7.0,30.0,14.0,11.0,6.0,1212.0,0.0,3.0,7.0,13.0,48.0,11.0,15.0,22.0,16.0,4.0,12.0,12.0,12.0,22.0,12.0,0.0,0.0,63.0,0.0,1.0,1.0,0.0,0.0,1.0,1.0,0.0,0.0,0.0,1.0,17.0,1.0,4.0,0.0,4.0,1.0,92.0,0.0,0.0,1.0,1.0,2.0,0.0,5.0,10.0,7.0,3166475214.0,14187983.0,市辖区闵行区,市辖区闵行区梅陇镇,20.0,30.0,11.0,20.0,81.0,89.6923076923077,85.27441860465116,85.27441860465116
上海市,市辖区,闵行区,吴泾镇,121.4508534,31.0405465,14.0,184.0,56.0,74.0,374.0,538.0,57.0,265.0,624.0,35.0,3.0,3.0,7.0,10.0,18.0,36.0,2.0,1.0,5.0,125.0,99.0,41.0,31.0,3.0,7.0,6.0,1621.0,0.0,85.0,17.0,48.0,103.0,20.0,15.0,25.0,22.0,10.0,52.0,0.0,13.0,133.0,43.0,2.0,27.0,90.0,3.0,2.0,2.0,3.0,4.0,7.0,16.0,1.0,0.0,1.0,33.0,23.0,12.0,0.0,2.0,0.0,1.0,409.0,0.0,4.0,1.0,3.0,25.0,7.0,3.0,16.0,13.0,3011823143.0,14187982.0,市辖区闵行区,市辖区闵行区吴泾镇,20.0,30.0,28.0,20.0,98.0,89.6923076923077,85.27441860465116,85.27441860465116
上海市,市辖区,闵行区,马桥镇,121.3643793,31.0318715,54.0,27.0,101.0,130.0,142.0,115.0,0.0,25.0,577.0,9.0,2.0,1.0,0.0,0.0,10.0,13.0,0.0,0.0,0.0,2.0,25.0,1.0,48.0,0.0,1.0,1.0,258.0,0.0,0.0,5.0,3.0,42.0,1.0,7.0,20.0,9.0,20.0,0.0,21.0,21.0,41.0,11.0,0.0,3.0,66.0,0.0,0.0,1.0,0.0,0.0,3.0,4.0,0.0,0.0,0.0,1.0,3.0,0.0,0.0,0.0,0.0,1.0,27.0,0.0,0.0,2.0,1.0,5.0,0.0,3.0,9.0,5.0,3166475209.0,14187981.0,市辖区闵行区,市辖区闵行区马桥镇,16.0,30.0,11.0,20.0,77.0,89.6923076923077,85.27441860465116,85.27441860465116
上海市,市辖区,闵行区,浦江镇,121.5120867,31.0782801,0.0,108.0,126.0,201.0,388.0,442.0,58.0,261.0,1021.0,33.0,2.0,11.0,8.0,16.0,13.0,21.0,1.0,4.0,12.0,122.0,104.0,47.0,24.0,3.0,3.0,11.0,1007.0,0.0,8.0,6.0,26.0,108.0,18.0,8.0,26.0,21.0,0.0,26.0,6.0,22.0,39.0,41.0,0.0,11.0,71.0,2.0,1.0,1.0,0.0,0.0,1.0,3.0,0.0,0.0,1.0,12.0,11.0,17.0,3.0,1.0,0.0,1.0,75.0,0.0,0.0,0.0,4.0,10.0,1.0,3.0,13.0,8.0,9060578062.0,14187979.0,市辖区闵行区,市辖区闵行区浦江镇,20.0,30.0,18.0,20.0,88.0,89.6923076923077,85.27441860465116,85.27441860465116
上海市,市辖区,宝山区,友谊路街道,121.482606,31.3992554,18.0,95.0,126.0,7.0,192.0,213.0,4.0,262.0,789.0,11.0,0.0,2.0,6.0,6.0,30.0,34.0,1.0,2.0,1.0,7.0,16.0,1.0,1.0,3.0,1.0,5.0,205.0,5.0,86.0,43.0,12.0,63.0,3.0,21.0,25.0,23.0,4.0,9.0,22.0,0.0,31.0,44.0,0.0,30.0,184.0,1.0,0.0,1.0,1.0,1.0,8.0,11.0,0.0,1.0,0.0,7.0,5.0,1.0,0.0,1.0,0.0,2.0,42.0,0.0,32.0,0.0,5.0,9.0,1.0,6.0,15.0,7.0,2686075277.0,3532312.0,市辖区宝山区,市辖区宝山区友谊路街道,20.0,28.0,23.0,20.0,91.0,81.02499999999999,85.27441860465116,85.27441860465116
上海市,市辖区,宝山区,吴淞街道,121.4895071,31.3745763,32.0,116.0,62.0,48.0,145.0,259.0,3.0,116.0,495.0,4.0,2.0,2.0,2.0,3.0,21.0,26.0,2.0,0.0,1.0,13.0,29.0,1.0,10.0,1.0,0.0,7.0,201.0,5.0,61.0,84.0,8.0,46.0,3.0,22.0,25.0,22.0,18.0,36.0,8.0,3.0,56.0,44.0,2.0,22.0,107.0,3.0,0.0,0.0,1.0,1.0,9.0,10.0,1.0,0.0,1.0,0.0,1.0,0.0,3.0,0.0,0.0,1.0,39.0,0.0,2.0,16.0,1.0,8.0,0.0,11.0,21.0,5.0,2686076635.0,3532319.0,市辖区宝山区,市辖区宝山区吴淞街道,20.0,30.0,22.0,20.0,92.0,81.02499999999999,85.27441860465116,85.27441860465116
上海市,市辖区,宝山区,张庙街道,121.4372383,31.3385346,19.0,139.0,53.0,129.0,188.0,169.0,5.0,52.0,977.0,6.0,2.0,1.0,5.0,5.0,52.0,66.0,1.0,0.0,1.0,44.0,182.0,7.0,7.0,5.0,4.0,4.0,524.0,0.0,2.0,10.0,64.0,49.0,8.0,21.0,22.0,17.0,4.0,24.0,5.0,20.0,35.0,23.0,3.0,14.0,164.0,0.0,0.0,0.0,2.0,2.0,15.0,15.0,0.0,0.0,1.0,5.0,23.0,2.0,1.0,0.0,0.0,1.0,115.0,0.0,0.0,1.0,1.0,9.0,2.0,8.0,14.0,7.0,2684985633.0,3530696.0,市辖区宝山区,市辖区宝山区张庙街道,19.0,30.0,22.0,20.0,91.0,81.02499999999999,85.27441860465116,85.27441860465116
上海市,市辖区,宝山区,罗店镇,121.3511737,31.39689,0.0,105.0,80.0,119.0,275.0,52.0,4.0,16.0,563.0,0.0,0.0,0.0,1.0,1.0,10.0,13.0,0.0,0.0,0.0,5.0,16.0,0.0,0.0,0.0,0.0,16.0,6.0,0.0,0.0,2.0,2.0,21.0,1.0,12.0,18.0,10.0,0.0,24.0,17.0,36.0,46.0,8.0,4.0,0.0,84.0,0.0,0.0,0.0,0.0,0.0,1.0,1.0,0.0,0.0,0.0,2.0,0.0,0.0,0.0,0.0,0.0,1.0,3.0,0.0,0.0,0.0,1.0,1.0,1.0,4.0,10.0,4.0,2684932953.0,3531102.0,市辖区宝山区,市辖区宝山区罗店镇,20.0,26.0,7.0,5.1,58.1,81.02499999999999,85.27441860465116,85.27441860465116
上海市,市辖区,宝山区,大场镇,121.4122977,31.2886709,17.0,175.0,152.0,198.0,362.0,413.0,25.0,364.0,1149.0,35.0,9.0,3.0,8.0,12.0,43.0,76.0,2.0,0.0,12.0,100.0,264.0,28.0,4.0,12.0,8.0,4.0,2914.0,2.0,20.0,22.0,28.0,115.0,20.0,24.0,30.0,22.0,7.0,27.0,18.0,30.0,88.0,45.0,1.0,15.0,146.0,5.0,3.0,1.0,1.0,1.0,5.0,10.0,1.0,0.0,0.0,19.0,40.0,3.0,0.0,3.0,0.0,2.0,367.0,0.0,2.0,0.0,4.0,5.0,1.0,8.0,17.0,9.0,2684732951.0,3532288.0,市辖区宝山区,市辖区宝山区大场镇,19.0,30.0,26.0,20.0,95.0,81.02499999999999,85.27441860465116,85.27441860465116
上海市,市辖区,宝山区,杨行镇,121.4337719,31.3664693,33.0,160.0,137.0,133.0,91.0,224.0,31.0,137.0,687.0,5.0,3.0,0.0,0.0,0.0,14.0,17.0,0.0,1.0,0.0,11.0,35.0,11.0,21.0,3.0,3.0,1.0,313.0,5.0,2.0,9.0,124.0,34.0,1.0,15.0,25.0,19.0,6.0,43.0,27.0,34.0,13.0,27.0,0.0,1.0,121.0,0.0,2.0,0.0,0.0,0.0,2.0,4.0,0.0,1.0,0.0,1.0,7.0,1.0,1.0,0.0,0.0,1.0,66.0,0.0,0.0,1.0,69.0,12.0,0.0,4.0,13.0,7.0,2686063967.0,3532291.0,市辖区宝山区,市辖区宝山区杨行镇,16.0,30.0,8.0,20.0,74.0,81.02499999999999,85.27441860465116,85.27441860465116
上海市,市辖区,宝山区,月浦镇,121.41711,31.4220763,45.0,42.0,28.0,75.0,164.0,222.0,19.0,190.0,378.0,18.0,2.0,0.0,1.0,1.0,11.0,14.0,0.0,0.0,0.0,4.0,13.0,0.0,5.0,1.0,2.0,3.0,310.0,0.0,0.0,33.0,3.0,29.0,1.0,11.0,23.0,15.0,16.0,20.0,0.0,10.0,25.0,3.0,0.0,5.0,87.0,0.0,0.0,0.0,0.0,0.0,4.0,4.0,0.0,0.0,0.0,0.0,0.0,0.0,1.0,0.0,0.0,1.0,6.0,0.0,0.0,0.0,0.0,1.0,0.0,2.0,10.0,4.0,2686063061.0,3532305.0,市辖区宝山区,市辖区宝山区月浦镇,18.0,30.0,5.0,20.0,73.0,81.02499999999999,85.27441860465116,85.27441860465116
上海市,市辖区,宝山区,罗泾镇,121.3229538,31.4746601,23.0,50.0,55.0,107.0,278.0,75.0,0.0,9.0,386.0,0.0,1.0,0.0,1.0,1.0,2.0,3.0,0.0,0.0,0.0,0.0,15.0,0.0,0.0,0.0,0.0,3.0,25.0,0.0,0.0,0.0,0.0,5.0,0.0,11.0,15.0,7.0,0.0,12.0,0.0,41.0,37.0,2.0,0.0,0.0,75.0,0.0,0.0,0.0,0.0,0.0,0.0,0.0,0.0,0.0,0.0,0.0,3.0,0.0,0.0,0.0,0.0,1.0,2.0,0.0,0.0,0.0,0.0,1.0,0.0,3.0,6.0,4.0,1743440624.0,3531114.0,市辖区宝山区,市辖区宝山区罗泾镇,18.0,28.0,0.0,6.2,52.2,81.02499999999999,85.27441860465116,85.27441860465116
上海市,市辖区,宝山区,顾村镇,121.402141,31.3513216,17.0,122.0,70.0,153.0,188.0,382.0,45.0,225.0,685.0,27.0,3.0,2.0,1.0,1.0,18.0,23.0,0.0,0.0,0.0,16.0,50.0,10.0,28.0,0.0,7.0,4.0,579.0,0.0,2.0,20.0,58.0,52.0,4.0,13.0,25.0,18.0,0.0,17.0,0.0,27.0,19.0,28.0,4.0,54.0,97.0,11.0,0.0,1.0,0.0,0.0,1.0,1.0,0.0,0.0,0.0,1.0,5.0,0.0,0.0,0.0,0.0,1.0,22.0,0.0,0.0,3.0,1.0,7.0,0.0,2.0,17.0,6.0,2684758100.0,3531170.0,市辖区宝山区,市辖区宝山区顾村镇,19.0,30.0,11.0,20.0,80.0,81.02499999999999,85.27441860465116,85.27441860465116
上海市,市辖区,宝山区,高境镇,121.4781046,31.3230626,8.0,193.0,167.0,225.0,327.0,511.0,103.0,347.0,1296.0,46.0,5.0,5.0,15.0,19.0,53.0,94.0,6.0,2.0,7.0,58.0,388.0,17.0,5.0,6.0,14.0,8.0,1679.0,8.0,106.0,10.0,54.0,105.0,10.0,25.0,25.0,23.0,4.0,45.0,0.0,15.0,28.0,111.0,1.0,24.0,111.0,5.0,0.0,1.0,0.0,0.0,6.0,13.0,1.0,0.0,0.0,3.0,36.0,2.0,1.0,1.0,0.0,2.0,114.0,0.0,1.0,0.0,6.0,13.0,0.0,5.0,13.0,11.0,2684963936.0,3531159.0,市辖区宝山区,市辖区宝山区高境镇,20.0,30.0,18.0,20.0,88.0,81.02499999999999,85.27441860465116,85.27441860465116
上海市,市辖区,宝山区,庙行镇,121.4234562,31.3305928,16.0,134.0,57.0,113.0,182.0,200.0,3.0,74.0,931.0,7.0,1.0,1.0,5.0,8.0,55.0,70.0,0.0,0.0,2.0,66.0,201.0,12.0,4.0,1.0,5.0,5.0,773.0,14.0,28.0,11.0,71.0,72.0,9.0,23.0,23.0,18.0,0.0,0.0,29.0,32.0,54.0,19.0,0.0,5.0,160.0,1.0,0.0,0.0,0.0,0.0,4.0,6.0,0.0,0.0,0.0,0.0,24.0,0.0,0.0,0.0,3.0,1.0,26.0,0.0,0.0,1.0,2.0,9.0,1.0,4.0,7.0,10.0,2684971865.0,3531125.0,市辖区宝山区,市辖区宝山区庙行镇,20.0,30.0,10.0,20.0,80.0,81.02499999999999,85.27441860465116,85.27441860465116
上海市,市辖区,宝山区,淞南镇,121.4850403,31.3498876,27.0,126.0,124.0,101.0,213.0,396.0,38.0,268.0,594.0,19.0,6.0,2.0,3.0,8.0,16.0,31.0,5.0,0.0,4.0,50.0,120.0,8.0,13.0,4.0,5.0,5.0,972.0,0.0,64.0,75.0,33.0,62.0,5.0,23.0,27.0,21.0,0.0,30.0,2.0,18.0,33.0,40.0,2.0,13.0,95.0,0.0,1.0,1.0,3.0,4.0,4.0,7.0,3.0,0.0,1.0,15.0,43.0,1.0,3.0,0.0,1.0,3.0,301.0,0.0,0.0,9.0,2.0,10.0,3.0,2.0,12.0,12.0,2684999726.0,3530842.0,市辖区宝山区,市辖区宝山区淞南镇,20.0,30.0,28.0,20.0,98.0,81.02499999999999,85.27441860465116,85.27441860465116
上海市,市辖区,嘉定区,新成路街道,121.2653418,31.3883629,18.0,207.0,125.0,208.0,239.0,134.0,2.0,57.0,1030.0,5.0,2.0,4.0,5.0,6.0,25.0,31.0,1.0,0.0,1.0,28.0,50.0,4.0,0.0,2.0,1.0,17.0,142.0,0.0,1.0,2.0,71.0,43.0,17.0,11.0,19.0,13.0,0.0,42.0,20.0,14.0,35.0,55.0,0.0,3.0,171.0,2.0,0.0,1.0,1.0,2.0,6.0,8.0,0.0,0.0,0.0,10.0,30.0,1.0,0.0,0.0,0.0,1.0,5.0,0.0,0.0,0.0,37.0,10.0,2.0,1.0,9.0,8.0,6547128323.0,17000642.0,市辖区嘉定区,市辖区嘉定区新成路街道,20.0,30.0,21.0,18.9,89.9,78.51,85.27441860465116,85.27441860465116
上海市,市辖区,嘉定区,真新街道,121.3556599,31.2462706,78.0,204.0,96.0,343.0,330.0,465.0,75.0,350.0,1058.0,12.0,8.0,6.0,6.0,14.0,32.0,54.0,4.0,0.0,10.0,181.0,207.0,47.0,15.0,5.0,13.0,10.0,769.0,20.0,58.0,46.0,278.0,74.0,19.0,25.0,28.0,20.0,0.0,21.0,0.0,38.0,49.0,57.0,2.0,21.0,178.0,1.0,0.0,1.0,0.0,1.0,7.0,12.0,0.0,0.0,1.0,5.0,44.0,0.0,0.0,0.0,3.0,2.0,73.0,0.0,35.0,1.0,80.0,9.0,1.0,11.0,14.0,9.0,6547128324.0,15708594.0,市辖区嘉定区,市辖区嘉定区真新街道,20.0,30.0,17.0,20.0,87.0,78.51,85.27441860465116,85.27441860465116
上海市,市辖区,嘉定区,嘉定镇街道,121.2462737,31.3862271,49.0,249.0,191.0,291.0,233.0,179.0,2.0,61.0,1272.0,6.0,2.0,4.0,4.0,6.0,27.0,35.0,1.0,0.0,2.0,35.0,61.0,8.0,7.0,2.0,5.0,7.0,176.0,0.0,15.0,2.0,107.0,53.0,17.0,13.0,22.0,16.0,0.0,50.0,9.0,62.0,24.0,21.0,2.0,45.0,134.0,3.0,0.0,0.0,3.0,3.0,8.0,11.0,0.0,0.0,1.0,10.0,4.0,0.0,0.0,0.0,0.0,1.0,63.0,0.0,0.0,1.0,15.0,20.0,9.0,5.0,11.0,6.0,6547128322.0,17000644.0,市辖区嘉定区,市辖区嘉定区嘉定镇街道,20.0,30.0,23.0,20.0,93.0,78.51,85.27441860465116,85.27441860465116
上海市,市辖区,嘉定区,南翔镇,121.316244,31.2957996,52.0,162.0,149.0,156.0,448.0,111.0,1.0,71.0,808.0,3.0,0.0,1.0,2.0,4.0,18.0,33.0,1.0,1.0,2.0,40.0,130.0,12.0,24.0,3.0,3.0,1.0,101.0,0.0,2.0,4.0,22.0,31.0,7.0,14.0,27.0,15.0,23.0,19.0,6.0,36.0,75.0,33.0,0.0,17.0,171.0,2.0,0.0,1.0,1.0,2.0,5.0,9.0,1.0,1.0,2.0,27.0,32.0,6.0,0.0,0.0,0.0,1.0,21.0,0.0,0.0,2.0,15.0,9.0,2.0,8.0,16.0,7.0,6547128320.0,17000640.0,市辖区嘉定区,市辖区嘉定区南翔镇,16.0,28.0,30.0,16.8,90.8,78.51,85.27441860465116,85.27441860465116
上海市,市辖区,嘉定区,安亭镇,121.1568281,31.2982637,43.0,129.0,70.0,116.0,466.0,299.0,2.0,246.0,515.0,37.0,2.0,2.0,3.0,6.0,8.0,12.0,4.0,0.0,12.0,93.0,40.0,8.0,15.0,2.0,3.0,5.0,1365.0,61.0,121.0,12.0,99.0,60.0,27.0,27.0,26.0,22.0,12.0,19.0,15.0,21.0,67.0,52.0,0.0,96.0,113.0,11.0,0.0,2.0,1.0,3.0,3.0,3.0,0.0,0.0,11.0,55.0,11.0,4.0,6.0,2.0,0.0,1.0,316.0,24.0,31.0,4.0,4.0,9.0,5.0,10.0,15.0,10.0,4157854185.0,17000634.0,市辖区嘉定区,市辖区嘉定区安亭镇,20.0,30.0,23.0,20.0,93.0,78.51,85.27441860465116,85.27441860465116
上海市,市辖区,嘉定区,马陆镇,121.279143,31.3349232,52.0,101.0,118.0,82.0,344.0,68.0,0.0,26.0,503.0,2.0,0.0,1.0,2.0,3.0,9.0,16.0,0.0,0.0,0.0,19.0,35.0,1.0,33.0,2.0,1.0,2.0,159.0,1.0,5.0,3.0,16.0,44.0,3.0,7.0,21.0,12.0,22.0,21.0,5.0,6.0,39.0,0.0,0.0,1.0,69.0,0.0,0.0,0.0,0.0,0.0,5.0,5.0,0.0,0.0,0.0,0.0,6.0,1.0,0.0,0.0,0.0,1.0,90.0,0.0,2.0,0.0,6.0,7.0,0.0,3.0,14.0,5.0,6547128321.0,17000641.0,市辖区嘉定区,市辖区嘉定区马陆镇,17.0,28.0,10.0,20.0,75.0,78.51,85.27441860465116,85.27441860465116
上海市,市辖区,嘉定区,徐行镇,121.2758415,31.4181495,0.0,100.0,83.0,77.0,238.0,75.0,0.0,0.0,462.0,0.0,1.0,0.0,1.0,1.0,7.0,8.0,1.0,0.0,0.0,0.0,6.0,2.0,0.0,1.0,0.0,10.0,50.0,0.0,0.0,2.0,4.0,3.0,1.0,1.0,11.0,9.0,0.0,0.0,17.0,13.0,58.0,8.0,0.0,0.0,105.0,0.0,1.0,0.0,0.0,0.0,3.0,3.0,0.0,0.0,0.0,0.0,0.0,0.0,0.0,0.0,0.0,1.0,3.0,0.0,0.0,0.0,0.0,0.0,0.0,1.0,6.0,1.0,1743778257.0,17000637.0,市辖区嘉定区,市辖区嘉定区徐行镇,20.0,28.0,5.0,9.5,62.5,78.51,85.27441860465116,85.27441860465116
上海市,市辖区,嘉定区,华亭镇,121.2376496,31.4702353,0.0,2.0,24.0,34.0,117.0,135.0,0.0,7.0,213.0,0.0,0.0,0.0,1.0,1.0,0.0,0.0,0.0,0.0,0.0,0.0,1.0,0.0,4.0,0.0,0.0,20.0,11.0,0.0,0.0,1.0,0.0,4.0,0.0,9.0,9.0,7.0,0.0,0.0,11.0,9.0,12.0,9.0,0.0,0.0,61.0,0.0,0.0,0.0,1.0,1.0,0.0,0.0,0.0,0.0,0.0,0.0,1.0,0.0,0.0,0.0,0.0,2.0,0.0,0.0,0.0,0.0,0.0,0.0,0.0,1.0,5.0,2.0,7120651343.0,17000638.0,市辖区嘉定区,市辖区嘉定区华亭镇,20.0,26.0,5.0,4.7,55.7,78.51,85.27441860465116,85.27441860465116
上海市,市辖区,嘉定区,外冈镇,121.1583417,31.365291,27.0,84.0,24.0,56.0,219.0,12.0,0.0,0.0,376.0,0.0,0.0,0.0,1.0,1.0,3.0,3.0,0.0,0.0,0.0,2.0,7.0,1.0,12.0,0.0,0.0,1.0,41.0,0.0,0.0,1.0,2.0,2.0,1.0,8.0,11.0,9.0,0.0,12.0,3.0,16.0,32.0,3.0,0.0,0.0,77.0,0.0,0.0,0.0,0.0,0.0,1.0,1.0,0.0,0.0,0.0,0.0,5.0,0.0,0.0,0.0,0.0,1.0,0.0,0.0,0.0,0.0,0.0,0.0,0.0,1.0,9.0,3.0,7120651342.0,17000639.0,市辖区嘉定区,市辖区嘉定区外冈镇,16.0,26.0,5.0,8.2,55.2,78.51,85.27441860465116,85.27441860465116
上海市,市辖区,嘉定区,江桥镇,121.327053,31.2409123,40.0,185.0,221.0,298.0,206.0,205.0,62.0,179.0,695.0,6.0,5.0,3.0,2.0,6.0,16.0,22.0,3.0,1.0,2.0,94.0,123.0,29.0,13.0,1.0,8.0,6.0,474.0,20.0,56.0,18.0,168.0,51.0,14.0,22.0,26.0,18.0,0.0,20.0,25.0,42.0,16.0,17.0,22.0,20.0,72.0,0.0,1.0,0.0,0.0,0.0,1.0,1.0,0.0,0.0,0.0,3.0,11.0,7.0,4.0,0.0,0.0,1.0,18.0,0.0,0.0,1.0,9.0,2.0,0.0,8.0,16.0,9.0,7120651341.0,17000636.0,市辖区嘉定区,市辖区嘉定区江桥镇,20.0,30.0,13.0,20.0,83.0,78.51,85.27441860465116,85.27441860465116
上海市,市辖区,浦东新区,潍坊新村街道,121.525372,31.2310958,33.0,277.0,471.0,241.0,405.0,1396.0,175.0,1417.0,1634.0,101.0,6.0,20.0,14.0,14.0,67.0,111.0,6.0,4.0,55.0,370.0,274.0,105.0,11.0,21.0,15.0,23.0,4028.0,85.0,197.0,39.0,283.0,253.0,106.0,68.0,25.0,23.0,0.0,27.0,82.0,60.0,48.0,323.0,21.0,172.0,228.0,25.0,1.0,2.0,4.0,4.0,13.0,24.0,2.0,0.0,17.0,88.0,49.0,24.0,1.0,6.0,2.0,3.0,884.0,6.0,3.0,0.0,51.0,61.0,13.0,14.0,16.0,14.0,8850920329.0,12867311.0,市辖区浦东新区,市辖区浦东新区潍坊新村街道,20.0,30.0,28.0,20.0,98.0,88.32777777777778,85.27441860465116,85.27441860465116
上海市,市辖区,浦东新区,陆家嘴街道,121.5212637,31.2393362,39.0,232.0,452.0,247.0,444.0,1308.0,151.0,1333.0,1663.0,102.0,7.0,21.0,17.0,17.0,69.0,110.0,5.0,3.0,52.0,385.0,303.0,119.0,11.0,19.0,21.0,21.0,3889.0,153.0,230.0,55.0,292.0,239.0,124.0,74.0,27.0,21.0,0.0,32.0,90.0,36.0,70.0,246.0,25.0,118.0,228.0,21.0,1.0,3.0,2.0,2.0,13.0,24.0,1.0,1.0,9.0,42.0,57.0,22.0,1.0,5.0,2.0,2.0,946.0,3.0,2.0,2.0,60.0,37.0,14.0,15.0,18.0,15.0,8850920330.0,12867312.0,市辖区浦东新区,市辖区浦东新区陆家嘴街道,20.0,30.0,30.0,20.0,100.0,88.32777777777778,85.27441860465116,85.27441860465116
上海市,市辖区,浦东新区,周家渡街道,121.4985752,31.1796342,69.0,262.0,213.0,213.0,272.0,384.0,37.0,421.0,1316.0,35.0,3.0,5.0,10.0,20.0,45.0,67.0,5.0,3.0,22.0,273.0,254.0,33.0,4.0,2.0,10.0,17.0,4708.0,3.0,72.0,52.0,59.0,113.0,42.0,45.0,25.0,26.0,0.0,53.0,17.0,29.0,28.0,52.0,2.0,45.0,228.0,1.0,0.0,0.0,2.0,5.0,12.0,17.0,2.0,1.0,3.0,48.0,50.0,6.0,0.0,0.0,0.0,2.0,962.0,0.0,6.0,0.0,14.0,28.0,4.0,11.0,13.0,7.0,9767189114.0,14178772.0,市辖区浦东新区,市辖区浦东新区周家渡街道,20.0,30.0,30.0,20.0,100.0,88.32777777777778,85.27441860465116,85.27441860465116
上海市,市辖区,浦东新区,塘桥街道,121.5204261,31.2169987,78.0,318.0,369.0,247.0,440.0,1680.0,151.0,1141.0,1587.0,85.0,6.0,17.0,20.0,20.0,77.0,129.0,8.0,4.0,42.0,352.0,284.0,92.0,9.0,16.0,12.0,30.0,4508.0,58.0,321.0,42.0,255.0,240.0,104.0,67.0,27.0,22.0,6.0,41.0,33.0,36.0,31.0,208.0,23.0,97.0,215.0,11.0,1.0,1.0,5.0,5.0,14.0,22.0,2.0,0.0,6.0,37.0,51.0,14.0,3.0,3.0,0.0,4.0,913.0,0.0,9.0,1.0,20.0,32.0,18.0,11.0,18.0,14.0,8850920338.0,12867313.0,市辖区浦东新区,市辖区浦东新区塘桥街道,20.0,30.0,28.0,20.0,98.0,88.32777777777778,85.27441860465116,85.27441860465116
上海市,市辖区,浦东新区,上钢新村街道,121.4781046,31.1740257,41.0,269.0,240.0,248.0,273.0,329.0,62.0,535.0,1158.0,35.0,6.0,5.0,7.0,12.0,43.0,62.0,4.0,2.0,22.0,211.0,235.0,54.0,0.0,4.0,30.0,13.0,4149.0,7.0,81.0,62.0,66.0,157.0,51.0,42.0,26.0,21.0,10.0,40.0,39.0,42.0,21.0,33.0,0.0,79.0,127.0,6.0,1.0,0.0,1.0,4.0,7.0,8.0,0.0,1.0,2.0,28.0,31.0,3.0,0.0,0.0,3.0,2.0,732.0,0.0,2.0,5.0,1.0,5.0,3.0,8.0,20.0,13.0,9767286300.0,14178805.0,市辖区浦东新区,市辖区浦东新区上钢新村街道,20.0,30.0,25.0,20.0,95.0,88.32777777777778,85.27441860465116,85.27441860465116
上海市,市辖区,浦东新区,南码头路街道,121.514706,31.1985549,80.0,307.0,218.0,171.0,338.0,856.0,90.0,560.0,1425.0,40.0,3.0,5.0,17.0,25.0,61.0,99.0,9.0,4.0,22.0,320.0,268.0,41.0,6.0,6.0,11.0,23.0,4179.0,2.0,108.0,40.0,107.0,153.0,64.0,50.0,23.0,22.0,25.0,27.0,18.0,25.0,27.0,39.0,29.0,8.0,130.0,0.0,0.0,0.0,6.0,6.0,9.0,16.0,0.0,1.0,3.0,21.0,34.0,3.0,3.0,1.0,1.0,2.0,299.0,0.0,47.0,0.0,11.0,5.0,3.0,8.0,14.0,11.0,9767189100.0,14178760.0,市辖区浦东新区,市辖区浦东新区南码头路街道,20.0,30.0,25.0,20.0,95.0,88.32777777777778,85.27441860465116,85.27441860465116
上海市,市辖区,浦东新区,沪东新村街道,121.5779686,31.269381,50.0,175.0,156.0,228.0,215.0,487.0,175.0,568.0,1504.0,27.0,4.0,2.0,11.0,18.0,53.0,81.0,4.0,6.0,28.0,167.0,218.0,8.0,17.0,8.0,6.0,18.0,3140.0,0.0,452.0,7.0,118.0,94.0,18.0,30.0,25.0,19.0,13.0,17.0,13.0,20.0,37.0,63.0,8.0,47.0,208.0,0.0,1.0,0.0,3.0,3.0,10.0,15.0,2.0,0.0,4.0,24.0,46.0,1.0,1.0,0.0,1.0,2.0,447.0,0.0,118.0,0.0,43.0,14.0,1.0,4.0,17.0,10.0,9767350059.0,14178858.0,市辖区浦东新区,市辖区浦东新区沪东新村街道,20.0,30.0,28.0,20.0,98.0,88.32777777777778,85.27441860465116,85.27441860465116
上海市,市辖区,浦东新区,金杨新村街道,121.5691388,31.2584768,84.0,175.0,164.0,190.0,251.0,507.0,196.0,346.0,1413.0,28.0,3.0,0.0,16.0,17.0,64.0,86.0,5.0,4.0,14.0,103.0,234.0,9.0,14.0,11.0,6.0,15.0,2309.0,0.0,377.0,12.0,125.0,110.0,16.0,21.0,24.0,17.0,13.0,25.0,37.0,34.0,28.0,47.0,26.0,22.0,184.0,4.0,0.0,0.0,0.0,0.0,7.0,7.0,0.0,0.0,1.0,19.0,36.0,2.0,0.0,0.0,0.0,2.0,162.0,0.0,20.0,0.0,19.0,11.0,1.0,4.0,18.0,10.0,9767310004.0,14178830.0,市辖区浦东新区,市辖区浦东新区金杨新村街道,20.0,30.0,13.0,20.0,83.0,88.32777777777778,85.27441860465116,85.27441860465116
上海市,市辖区,浦东新区,洋泾街道,121.5414205,31.2433397,65.0,159.0,317.0,214.0,348.0,928.0,195.0,717.0,1479.0,66.0,4.0,19.0,15.0,15.0,70.0,108.0,4.0,2.0,26.0,191.0,295.0,71.0,11.0,14.0,16.0,15.0,3020.0,18.0,54.0,15.0,161.0,189.0,51.0,42.0,25.0,22.0,0.0,21.0,52.0,17.0,51.0,20.0,16.0,13.0,207.0,0.0,0.0,1.0,1.0,1.0,15.0,20.0,0.0,1.0,2.0,9.0,56.0,2.0,0.0,0.0,2.0,2.0,64.0,0.0,1.0,0.0,21.0,15.0,0.0,5.0,12.0,7.0,3623334286.0,5325929.0,市辖区浦东新区,市辖区浦东新区洋泾街道,20.0,30.0,25.0,20.0,95.0,88.32777777777778,85.27441860465116,85.27441860465116
上海市,市辖区,浦东新区,浦兴路街道,121.5839936,31.2687801,53.0,188.0,148.0,268.0,208.0,496.0,212.0,662.0,1463.0,27.0,3.0,2.0,13.0,20.0,53.0,81.0,4.0,6.0,29.0,175.0,208.0,13.0,29.0,10.0,5.0,18.0,2917.0,0.0,457.0,5.0,119.0,94.0,20.0,28.0,24.0,19.0,0.0,0.0,15.0,30.0,37.0,99.0,12.0,75.0,200.0,1.0,1.0,0.0,4.0,4.0,14.0,21.0,2.0,1.0,10.0,28.0,57.0,0.0,0.0,0.0,0.0,2.0,741.0,0.0,279.0,0.0,44.0,17.0,0.0,3.0,12.0,5.0,3039252983.0,14178857.0,市辖区浦东新区,市辖区浦东新区浦兴路街道,20.0,30.0,30.0,20.0,100.0,88.32777777777778,85.27441860465116,85.27441860465116
上海市,市辖区,浦东新区,东明路街道,121.5185737,31.1478144,58.0,187.0,240.0,155.0,334.0,318.0,20.0,124.0,1073.0,51.0,2.0,6.0,3.0,6.0,32.0,54.0,3.0,2.0,17.0,166.0,193.0,6.0,16.0,1.0,7.0,8.0,3825.0,0.0,93.0,24.0,13.0,66.0,15.0,12.0,25.0,21.0,14.0,51.0,35.0,25.0,39.0,32.0,0.0,12.0,205.0,0.0,0.0,1.0,2.0,3.0,6.0,10.0,1.0,2.0,8.0,35.0,34.0,1.0,0.0,0.0,0.0,1.0,558.0,0.0,0.0,1.0,1.0,9.0,1.0,3.0,13.0,10.0,9767401380.0,14178911.0,市辖区浦东新区,市辖区浦东新区东明路街道,20.0,30.0,30.0,20.0,100.0,88.32777777777778,85.27441860465116,85.27441860465116
上海市,市辖区,浦东新区,花木街道,121.5435573,31.2085465,94.0,251.0,226.0,187.0,315.0,1107.0,147.0,820.0,1311.0,69.0,6.0,18.0,14.0,16.0,52.0,96.0,6.0,4.0,28.0,212.0,246.0,47.0,9.0,10.0,7.0,15.0,2999.0,14.0,44.0,6.0,116.0,142.0,58.0,42.0,25.0,21.0,12.0,32.0,50.0,0.0,57.0,100.0,27.0,101.0,205.0,5.0,1.0,0.0,1.0,1.0,10.0,16.0,2.0,2.0,2.0,33.0,29.0,1.0,0.0,0.0,0.0,2.0,400.0,3.0,8.0,0.0,5.0,18.0,9.0,9.0,17.0,10.0,4573307509.0,12867438.0,市辖区浦东新区,市辖区浦东新区花木街道,20.0,30.0,30.0,20.0,100.0,88.32777777777778,85.27441860465116,85.27441860465116
上海市,市辖区,浦东新区,川沙新镇,121.6926175,31.1952186,51.0,54.0,249.0,155.0,338.0,204.0,14.0,62.0,879.0,4.0,1.0,10.0,4.0,4.0,28.0,53.0,0.0,0.0,1.0,78.0,148.0,3.0,28.0,5.0,3.0,6.0,500.0,0.0,5.0,1.0,14.0,23.0,26.0,9.0,21.0,15.0,2.0,18.0,75.0,13.0,73.0,27.0,3.0,42.0,233.0,1.0,0.0,10.0,1.0,1.0,8.0,19.0,0.0,0.0,1.0,51.0,64.0,1.0,0.0,2.0,0.0,2.0,378.0,0.0,1.0,1.0,3.0,11.0,13.0,3.0,14.0,10.0,3063037199.0,14179063.0,市辖区浦东新区,市辖区浦东新区川沙新镇,20.0,30.0,23.0,20.0,93.0,88.32777777777778,85.27441860465116,85.27441860465116
上海市,市辖区,浦东新区,高桥镇,121.5712201,31.3437506,0.0,90.0,79.0,122.0,277.0,163.0,30.0,84.0,653.0,29.0,1.0,4.0,11.0,11.0,12.0,23.0,1.0,1.0,1.0,15.0,101.0,5.0,29.0,2.0,0.0,3.0,1191.0,0.0,13.0,59.0,19.0,51.0,4.0,18.0,20.0,19.0,0.0,5.0,22.0,17.0,90.0,50.0,2.0,25.0,146.0,6.0,0.0,3.0,11.0,11.0,5.0,9.0,0.0,1.0,0.0,8.0,51.0,1.0,8.0,1.0,0.0,1.0,622.0,0.0,0.0,32.0,0.0,9.0,1.0,2.0,13.0,13.0,3063053516.0,14179071.0,市辖区浦东新区,市辖区浦东新区高桥镇,18.0,30.0,23.0,20.0,91.0,88.32777777777778,85.27441860465116,85.27441860465116
上海市,市辖区,浦东新区,北蔡镇,121.5502726,31.1838988,49.0,188.0,144.0,162.0,386.0,444.0,26.0,240.0,1117.0,35.0,2.0,5.0,9.0,11.0,33.0,65.0,8.0,3.0,10.0,202.0,221.0,11.0,4.0,1.0,5.0,5.0,2383.0,0.0,28.0,3.0,50.0,69.0,17.0,21.0,24.0,21.0,0.0,41.0,30.0,41.0,26.0,56.0,0.0,13.0,195.0,6.0,1.0,3.0,4.0,5.0,9.0,13.0,0.0,1.0,2.0,32.0,70.0,0.0,0.0,0.0,0.0,1.0,459.0,0.0,0.0,0.0,8.0,6.0,4.0,7.0,12.0,7.0,3063064415.0,14179101.0,市辖区浦东新区,市辖区浦东新区北蔡镇,20.0,30.0,25.0,20.0,95.0,88.32777777777778,85.27441860465116,85.27441860465116
上海市,市辖区,浦东新区,合庆镇,121.7190393,31.239458,4.0,84.0,60.0,81.0,519.0,395.0,37.0,30.0,545.0,10.0,3.0,14.0,1.0,1.0,6.0,8.0,0.0,1.0,2.0,61.0,19.0,1.0,35.0,0.0,2.0,9.0,379.0,0.0,2.0,8.0,0.0,22.0,3.0,4.0,24.0,20.0,4.0,40.0,0.0,20.0,73.0,26.0,8.0,1.0,97.0,0.0,0.0,14.0,1.0,1.0,3.0,4.0,0.0,1.0,2.0,54.0,12.0,0.0,2.0,0.0,0.0,2.0,263.0,0.0,0.0,0.0,0.0,5.0,1.0,4.0,14.0,7.0,1036411320.0,14179128.0,市辖区浦东新区,市辖区浦东新区合庆镇,20.0,30.0,25.0,20.0,95.0,88.32777777777778,85.27441860465116,85.27441860465116
上海市,市辖区,浦东新区,唐镇,121.6510427,31.2103603,61.0,117.0,184.0,169.0,388.0,244.0,62.0,123.0,828.0,9.0,0.0,0.0,2.0,2.0,18.0,31.0,0.0,0.0,0.0,24.0,103.0,31.0,27.0,2.0,5.0,5.0,616.0,0.0,15.0,15.0,58.0,32.0,8.0,10.0,21.0,18.0,0.0,0.0,45.0,22.0,46.0,107.0,0.0,67.0,152.0,1.0,0.0,0.0,0.0,0.0,2.0,4.0,0.0,0.0,0.0,7.0,29.0,1.0,0.0,1.0,0.0,1.0,334.0,0.0,0.0,0.0,2.0,10.0,5.0,3.0,8.0,9.0,3063061597.0,14179148.0,市辖区浦东新区,市辖区浦东新区唐镇,20.0,28.0,11.0,20.0,79.0,88.32777777777778,85.27441860465116,85.27441860465116
上海市,市辖区,浦东新区,曹路镇,121.6625714,31.2804637,48.0,85.0,119.0,138.0,302.0,293.0,32.0,93.0,651.0,8.0,0.0,2.0,7.0,9.0,13.0,26.0,2.0,1.0,2.0,77.0,68.0,12.0,22.0,4.0,15.0,9.0,1406.0,0.0,0.0,6.0,7.0,46.0,5.0,10.0,22.0,16.0,13.0,0.0,22.0,31.0,23.0,34.0,0.0,4.0,140.0,0.0,0.0,0.0,1.0,1.0,5.0,8.0,0.0,0.0,0.0,9.0,17.0,3.0,11.0,2.0,0.0,1.0,334.0,0.0,0.0,0.0,2.0,5.0,0.0,3.0,8.0,7.0,3063048235.0,14179174.0,市辖区浦东新区,市辖区浦东新区曹路镇,20.0,28.0,21.0,20.0,89.0,88.32777777777778,85.27441860465116,85.27441860465116
上海市,市辖区,浦东新区,金桥镇,121.6070759,31.2682068,40.0,146.0,131.0,263.0,227.0,473.0,203.0,752.0,1346.0,18.0,3.0,2.0,8.0,13.0,38.0,57.0,4.0,5.0,28.0,128.0,147.0,28.0,71.0,1.0,6.0,10.0,2583.0,0.0,443.0,1.0,97.0,74.0,15.0,20.0,24.0,18.0,10.0,29.0,17.0,47.0,13.0,46.0,39.0,137.0,180.0,3.0,1.0,0.0,1.0,1.0,3.0,5.0,0.0,0.0,2.0,13.0,17.0,2.0,10.0,0.0,0.0,2.0,342.0,0.0,1.0,0.0,10.0,5.0,4.0,6.0,14.0,8.0,3063057576.0,14179186.0,市辖区浦东新区,市辖区浦东新区金桥镇,20.0,30.0,23.0,20.0,93.0,88.32777777777778,85.27441860465116,85.27441860465116
上海市,市辖区,浦东新区,高行镇,121.602323,31.2947795,64.0,187.0,154.0,261.0,249.0,337.0,159.0,521.0,1079.0,15.0,2.0,2.0,4.0,10.0,35.0,56.0,0.0,3.0,17.0,111.0,130.0,4.0,19.0,0.0,7.0,10.0,1613.0,0.0,276.0,9.0,82.0,73.0,7.0,18.0,22.0,22.0,20.0,39.0,7.0,22.0,31.0,10.0,20.0,42.0,96.0,1.0,0.0,0.0,0.0,0.0,3.0,5.0,0.0,0.0,0.0,8.0,18.0,0.0,0.0,0.0,0.0,2.0,77.0,0.0,0.0,1.0,0.0,6.0,0.0,2.0,15.0,8.0,3063055910.0,14179185.0,市辖区浦东新区,市辖区浦东新区高行镇,20.0,30.0,16.0,20.0,86.0,88.32777777777778,85.27441860465116,85.27441860465116
上海市,市辖区,浦东新区,高东镇,121.6185558,31.3289052,22.0,86.0,34.0,157.0,261.0,246.0,38.0,185.0,727.0,8.0,0.0,0.0,2.0,2.0,7.0,11.0,1.0,0.0,0.0,13.0,44.0,1.0,19.0,2.0,6.0,3.0,422.0,0.0,6.0,17.0,42.0,39.0,1.0,8.0,24.0,18.0,0.0,6.0,3.0,16.0,50.0,23.0,3.0,10.0,116.0,0.0,0.0,0.0,1.0,1.0,2.0,2.0,0.0,0.0,0.0,1.0,13.0,0.0,2.0,0.0,0.0,1.0,11.0,0.0,0.0,0.0,2.0,5.0,1.0,5.0,15.0,6.0,3063051270.0,14179184.0,市辖区浦东新区,市辖区浦东新区高东镇,18.0,28.0,11.0,20.0,77.0,88.32777777777778,85.27441860465116,85.27441860465116
上海市,市辖区,浦东新区,张江镇,121.6101825,31.2073473,39.0,188.0,211.0,218.0,363.0,589.0,58.0,240.0,980.0,26.0,2.0,2.0,2.0,4.0,20.0,33.0,0.0,1.0,4.0,49.0,99.0,107.0,71.0,2.0,11.0,3.0,676.0,0.0,36.0,21.0,121.0,112.0,14.0,12.0,25.0,21.0,0.0,9.0,42.0,48.0,45.0,18.0,12.0,25.0,134.0,1.0,0.0,1.0,0.0,2.0,5.0,7.0,0.0,1.0,3.0,11.0,26.0,8.0,11.0,1.0,1.0,1.0,47.0,0.0,0.0,0.0,4.0,10.0,4.0,4.0,15.0,12.0,3063059715.0,14179188.0,市辖区浦东新区,市辖区浦东新区张江镇,18.0,30.0,20.0,20.0,88.0,88.32777777777778,85.27441860465116,85.27441860465116
上海市,市辖区,浦东新区,三林镇,121.4979529,31.1472727,69.0,296.0,198.0,262.0,322.0,337.0,18.0,153.0,1186.0,58.0,6.0,4.0,4.0,7.0,41.0,65.0,2.0,3.0,18.0,160.0,231.0,10.0,1.0,2.0,14.0,8.0,4304.0,0.0,116.0,23.0,18.0,110.0,19.0,19.0,26.0,21.0,2.0,56.0,35.0,11.0,50.0,110.0,0.0,77.0,175.0,32.0,0.0,1.0,1.0,2.0,9.0,13.0,0.0,0.0,5.0,47.0,57.0,0.0,0.0,0.0,2.0,3.0,1076.0,0.0,54.0,13.0,1.0,19.0,10.0,6.0,14.0,8.0,3063052818.0,14179226.0,市辖区浦东新区,市辖区浦东新区三林镇,20.0,30.0,23.0,20.0,93.0,88.32777777777778,85.27441860465116,85.27441860465116
上海市,市辖区,浦东新区,惠南镇,121.7450868,31.0497502,0.0,126.0,315.0,221.0,286.0,107.0,4.0,39.0,1252.0,10.0,0.0,3.0,5.0,22.0,27.0,54.0,1.0,2.0,18.0,304.0,200.0,2.0,0.0,1.0,0.0,3.0,5535.0,0.0,5.0,0.0,3.0,42.0,12.0,2.0,14.0,12.0,0.0,13.0,47.0,47.0,60.0,7.0,0.0,0.0,239.0,2.0,0.0,1.0,1.0,8.0,7.0,17.0,0.0,2.0,11.0,152.0,55.0,1.0,0.0,0.0,0.0,2.0,1171.0,0.0,0.0,0.0,0.0,16.0,7.0,1.0,9.0,7.0,3063070373.0,14179286.0,市辖区浦东新区,市辖区浦东新区惠南镇,18.0,28.0,25.0,20.0,91.0,88.32777777777778,85.27441860465116,85.27441860465116
上海市,市辖区,浦东新区,周浦镇,121.5707698,31.1162134,4.0,57.0,129.0,199.0,335.0,160.0,9.0,113.0,991.0,13.0,1.0,5.0,9.0,19.0,30.0,42.0,7.0,1.0,13.0,240.0,97.0,2.0,2.0,1.0,2.0,2.0,4296.0,0.0,4.0,3.0,1645.0,59.0,17.0,6.0,21.0,18.0,0.0,10.0,15.0,14.0,37.0,15.0,0.0,17.0,156.0,3.0,0.0,0.0,0.0,4.0,9.0,10.0,1.0,1.0,5.0,116.0,20.0,1.0,0.0,1.0,0.0,1.0,481.0,0.0,0.0,0.0,1.0,5.0,7.0,2.0,11.0,9.0,1611212497.0,14179320.0,市辖区浦东新区,市辖区浦东新区周浦镇,17.0,30.0,25.0,20.0,92.0,88.32777777777778,85.27441860465116,85.27441860465116
上海市,市辖区,浦东新区,新场镇,121.6491855,31.0281695,0.0,69.0,82.0,64.0,310.0,110.0,0.0,65.0,464.0,4.0,1.0,0.0,1.0,9.0,8.0,10.0,0.0,3.0,6.0,79.0,12.0,1.0,0.0,1.0,0.0,2.0,1786.0,0.0,0.0,1.0,2.0,16.0,19.0,5.0,17.0,11.0,0.0,25.0,20.0,23.0,35.0,9.0,0.0,45.0,95.0,3.0,0.0,0.0,1.0,3.0,5.0,7.0,0.0,3.0,6.0,29.0,6.0,0.0,0.0,1.0,0.0,1.0,479.0,0.0,0.0,0.0,1.0,3.0,15.0,0.0,13.0,6.0,3063075187.0,14179332.0,市辖区浦东新区,市辖区浦东新区新场镇,17.0,30.0,20.0,20.0,87.0,88.32777777777778,85.27441860465116,85.27441860465116
上海市,市辖区,浦东新区,大团镇,121.743901,30.9730022,37.0,36.0,56.0,29.0,236.0,18.0,0.0,13.0,346.0,0.0,2.0,1.0,1.0,4.0,4.0,6.0,0.0,0.0,0.0,29.0,4.0,0.0,0.0,0.0,0.0,2.0,281.0,0.0,0.0,0.0,0.0,7.0,2.0,5.0,14.0,8.0,0.0,2.0,18.0,23.0,19.0,3.0,0.0,7.0,63.0,0.0,0.0,0.0,1.0,4.0,3.0,5.0,0.0,0.0,0.0,26.0,4.0,0.0,0.0,0.0,0.0,1.0,201.0,0.0,0.0,0.0,0.0,3.0,1.0,1.0,9.0,5.0,3048889867.0,14179370.0,市辖区浦东新区,市辖区浦东新区大团镇,17.0,28.0,21.0,20.0,86.0,88.32777777777778,85.27441860465116,85.27441860465116
上海市,市辖区,浦东新区,康桥镇,121.6314076,31.1353367,19.0,97.0,120.0,48.0,326.0,379.0,4.0,333.0,404.0,24.0,2.0,2.0,8.0,9.0,4.0,4.0,1.0,0.0,3.0,117.0,9.0,6.0,18.0,2.0,3.0,11.0,690.0,0.0,6.0,20.0,39.0,435.0,52.0,30.0,25.0,21.0,9.0,29.0,17.0,0.0,33.0,8.0,0.0,1.0,39.0,0.0,0.0,0.0,0.0,0.0,0.0,0.0,0.0,0.0,0.0,0.0,0.0,0.0,6.0,0.0,0.0,1.0,6.0,0.0,0.0,0.0,0.0,0.0,0.0,3.0,12.0,5.0,3063109505.0,14179369.0,市辖区浦东新区,市辖区浦东新区康桥镇,20.0,30.0,5.0,20.0,75.0,88.32777777777778,85.27441860465116,85.27441860465116
上海市,市辖区,浦东新区,航头镇,121.5830009,31.035378,0.0,69.0,125.0,115.0,298.0,147.0,1.0,27.0,506.0,7.0,1.0,1.0,2.0,4.0,3.0,7.0,1.0,0.0,5.0,24.0,25.0,9.0,3.0,1.0,2.0,6.0,464.0,0.0,1.0,4.0,11.0,10.0,3.0,5.0,13.0,15.0,0.0,8.0,43.0,14.0,26.0,76.0,0.0,7.0,131.0,6.0,1.0,1.0,0.0,0.0,2.0,5.0,1.0,0.0,4.0,12.0,18.0,7.0,0.0,1.0,1.0,1.0,136.0,0.0,0.0,0.0,8.0,9.0,1.0,2.0,10.0,11.0,3063088282.0,14179368.0,市辖区浦东新区,市辖区浦东新区航头镇,20.0,30.0,23.0,20.0,93.0,88.32777777777778,85.27441860465116,85.27441860465116
上海市,市辖区,浦东新区,祝桥镇,121.7526182,31.1172929,0.0,38.0,89.0,197.0,315.0,163.0,13.0,24.0,484.0,63.0,0.0,1.0,1.0,2.0,5.0,9.0,0.0,0.0,0.0,16.0,34.0,3.0,11.0,3.0,1.0,3.0,2493.0,0.0,0.0,5.0,0.0,12.0,4.0,4.0,20.0,16.0,0.0,0.0,15.0,36.0,38.0,11.0,0.0,0.0,80.0,0.0,0.0,1.0,1.0,1.0,3.0,7.0,0.0,0.0,0.0,4.0,8.0,1.0,0.0,1.0,0.0,1.0,830.0,0.0,0.0,0.0,0.0,3.0,0.0,0.0,6.0,7.0,3063117933.0,14179522.0,市辖区浦东新区,市辖区浦东新区祝桥镇,18.0,28.0,19.0,20.0,85.0,88.32777777777778,85.27441860465116,85.27441860465116
上海市,市辖区,浦东新区,泥城镇,121.8262561,30.9064963,2.0,51.0,101.0,160.0,299.0,296.0,11.0,58.0,497.0,5.0,1.0,1.0,0.0,0.0,10.0,11.0,2.0,0.0,0.0,0.0,32.0,8.0,25.0,4.0,5.0,1.0,322.0,0.0,0.0,2.0,0.0,25.0,1.0,2.0,20.0,17.0,0.0,17.0,25.0,30.0,40.0,16.0,0.0,1.0,69.0,0.0,0.0,0.0,0.0,0.0,1.0,1.0,0.0,0.0,0.0,0.0,5.0,0.0,4.0,4.0,0.0,1.0,32.0,0.0,0.0,0.0,0.0,1.0,0.0,1.0,10.0,7.0,3063120187.0,14180408.0,市辖区浦东新区,市辖区浦东新区泥城镇,16.0,30.0,10.0,20.0,76.0,88.32777777777778,85.27441860465116,85.27441860465116
上海市,市辖区,浦东新区,宣桥镇,121.6902246,31.0377021,28.0,20.0,105.0,71.0,184.0,33.0,0.0,2.0,365.0,4.0,0.0,1.0,0.0,0.0,3.0,6.0,0.0,0.0,1.0,8.0,16.0,4.0,11.0,0.0,0.0,2.0,1592.0,0.0,2.0,0.0,1.0,7.0,2.0,5.0,16.0,12.0,0.0,12.0,18.0,16.0,14.0,1.0,0.0,0.0,74.0,0.0,0.0,1.0,0.0,0.0,0.0,0.0,0.0,0.0,0.0,0.0,1.0,1.0,0.0,0.0,0.0,1.0,279.0,0.0,2.0,0.0,0.0,1.0,0.0,0.0,7.0,5.0,3063115680.0,14180407.0,市辖区浦东新区,市辖区浦东新区宣桥镇,17.0,28.0,5.0,20.0,70.0,88.32777777777778,85.27441860465116,85.27441860465116
上海市,市辖区,浦东新区,书院镇,121.8642125,30.9854426,32.0,0.0,46.0,99.0,327.0,78.0,0.0,2.0,318.0,3.0,1.0,0.0,0.0,1.0,5.0,6.0,0.0,0.0,0.0,19.0,11.0,0.0,18.0,2.0,3.0,1.0,504.0,0.0,0.0,3.0,1.0,8.0,1.0,3.0,13.0,11.0,0.0,0.0,5.0,37.0,57.0,36.0,0.0,1.0,121.0,0.0,0.0,0.0,0.0,1.0,4.0,5.0,0.0,0.0,0.0,9.0,9.0,0.0,3.0,2.0,0.0,1.0,294.0,0.0,0.0,0.0,0.0,4.0,1.0,1.0,10.0,7.0,4432674815.0,14180406.0,市辖区浦东新区,市辖区浦东新区书院镇,16.0,30.0,11.0,20.0,77.0,88.32777777777778,85.27441860465116,85.27441860465116
上海市,市辖区,浦东新区,万祥镇,121.8114256,30.9752011,4.0,33.0,46.0,43.0,215.0,68.0,0.0,0.0,355.0,0.0,0.0,0.0,0.0,0.0,1.0,3.0,0.0,0.0,0.0,0.0,16.0,0.0,4.0,0.0,0.0,3.0,55.0,0.0,0.0,0.0,1.0,2.0,0.0,3.0,12.0,6.0,0.0,12.0,10.0,17.0,24.0,2.0,0.0,0.0,116.0,0.0,0.0,0.0,0.0,0.0,1.0,1.0,0.0,0.0,0.0,0.0,5.0,0.0,0.0,0.0,0.0,1.0,38.0,0.0,0.0,0.0,0.0,0.0,0.0,2.0,7.0,2.0,3063143852.0,14180410.0,市辖区浦东新区,市辖区浦东新区万祥镇,18.0,26.0,5.0,12.3,61.3,88.32777777777778,85.27441860465116,85.27441860465116
上海市,市辖区,浦东新区,老港镇,121.8358713,31.0414738,34.0,22.0,44.0,72.0,109.0,12.0,0.0,0.0,334.0,0.0,0.0,0.0,0.0,0.0,2.0,4.0,0.0,0.0,0.0,2.0,6.0,0.0,4.0,0.0,0.0,3.0,95.0,0.0,0.0,1.0,1.0,8.0,0.0,0.0,12.0,7.0,0.0,12.0,9.0,24.0,24.0,6.0,0.0,0.0,81.0,0.0,0.0,0.0,0.0,0.0,1.0,3.0,0.0,0.0,0.0,2.0,6.0,0.0,0.0,0.0,0.0,2.0,82.0,0.0,0.0,0.0,0.0,6.0,0.0,0.0,7.0,4.0,3063146103.0,14180412.0,市辖区浦东新区,市辖区浦东新区老港镇,18.0,26.0,7.0,19.5,70.5,88.32777777777778,85.27441860465116,85.27441860465116
上海市,市辖区,浦东新区,南汇新城镇,121.9218393,30.8998671,0.0,136.0,262.0,174.0,210.0,297.0,20.0,956.0,766.0,26.0,1.0,2.0,1.0,1.0,19.0,33.0,0.0,0.0,1.0,9.0,73.0,18.0,4.0,7.0,16.0,1.0,472.0,7.0,6.0,9.0,15.0,105.0,30.0,9.0,22.0,20.0,0.0,27.0,28.0,17.0,43.0,33.0,0.0,161.0,104.0,6.0,0.0,1.0,0.0,0.0,0.0,0.0,0.0,0.0,1.0,2.0,11.0,9.0,0.0,2.0,4.0,1.0,31.0,2.0,0.0,0.0,3.0,14.0,4.0,3.0,12.0,11.0,3796946259.0,14180411.0,市辖区浦东新区,市辖区浦东新区南汇新城镇,16.0,30.0,9.0,20.0,75.0,88.32777777777778,85.27441860465116,85.27441860465116
上海市,市辖区,金山区,石化街道,121.3321733,30.7278708,46.0,23.0,39.0,320.0,40.0,151.0,1.0,76.0,1014.0,17.0,2.0,18.0,2.0,2.0,20.0,32.0,1.0,1.0,12.0,27.0,83.0,28.0,2.0,1.0,0.0,6.0,159.0,0.0,1.0,16.0,9.0,30.0,7.0,8.0,18.0,17.0,0.0,0.0,5.0,53.0,13.0,18.0,0.0,3.0,188.0,0.0,1.0,1.0,0.0,0.0,6.0,9.0,1.0,1.0,5.0,3.0,22.0,4.0,0.0,0.0,0.0,2.0,9.0,0.0,1.0,0.0,2.0,4.0,0.0,0.0,8.0,7.0,4194618436.0,18058389.0,市辖区金山区,市辖区金山区石化街道,20.0,30.0,22.0,20.0,92.0,72.49,85.27441860465116,85.27441860465116
上海市,市辖区,金山区,朱泾镇,121.1620548,30.9012811,40.0,37.0,79.0,133.0,168.0,297.0,0.0,10.0,533.0,1.0,0.0,0.0,2.0,2.0,10.0,15.0,0.0,0.0,0.0,0.0,37.0,3.0,5.0,0.0,0.0,4.0,28.0,0.0,0.0,0.0,1.0,4.0,1.0,6.0,16.0,11.0,14.0,6.0,25.0,47.0,20.0,27.0,0.0,5.0,202.0,1.0,0.0,0.0,2.0,2.0,7.0,11.0,0.0,0.0,0.0,0.0,24.0,0.0,0.0,0.0,0.0,1.0,16.0,0.0,0.0,0.0,1.0,3.0,1.0,3.0,10.0,5.0,3451468217.0,18058385.0,市辖区金山区,市辖区金山区朱泾镇,19.0,28.0,10.0,8.4,65.4,72.49,85.27441860465116,85.27441860465116
上海市,市辖区,金山区,枫泾镇,121.0101309,30.8908291,39.0,12.0,7.0,170.0,130.0,92.0,1.0,31.0,428.0,2.0,5.0,3.0,4.0,7.0,4.0,6.0,3.0,2.0,2.0,65.0,39.0,1.0,11.0,0.0,0.0,1.0,1783.0,0.0,0.0,2.0,3.0,7.0,8.0,10.0,21.0,10.0,20.0,5.0,0.0,47.0,40.0,6.0,0.0,29.0,98.0,2.0,0.0,1.0,2.0,3.0,3.0,4.0,0.0,1.0,2.0,13.0,6.0,1.0,5.0,0.0,0.0,1.0,224.0,0.0,0.0,0.0,2.0,3.0,5.0,8.0,10.0,9.0,855287550.0,18058390.0,市辖区金山区,市辖区金山区枫泾镇,16.0,30.0,25.0,20.0,91.0,72.49,85.27441860465116,85.27441860465116
上海市,市辖区,金山区,张堰镇,121.293652,30.8038616,0.0,45.0,49.0,133.0,101.0,30.0,0.0,2.0,539.0,0.0,0.0,0.0,0.0,0.0,11.0,12.0,0.0,0.0,0.0,0.0,0.0,1.0,1.0,0.0,0.0,6.0,24.0,0.0,0.0,7.0,0.0,5.0,1.0,1.0,11.0,9.0,0.0,12.0,24.0,26.0,23.0,3.0,0.0,0.0,158.0,0.0,0.0,0.0,0.0,0.0,2.0,3.0,0.0,0.0,0.0,0.0,0.0,0.0,0.0,0.0,0.0,2.0,0.0,0.0,0.0,2.0,0.0,0.0,0.0,1.0,7.0,2.0,3459328517.0,18058388.0,市辖区金山区,市辖区金山区张堰镇,20.0,26.0,5.0,7.300000000000001,58.3,72.49,85.27441860465116,85.27441860465116
上海市,市辖区,金山区,亭林镇,121.3089829,30.884654,39.0,30.0,58.0,82.0,131.0,89.0,0.0,14.0,433.0,11.0,2.0,5.0,4.0,14.0,9.0,16.0,1.0,14.0,5.0,429.0,24.0,2.0,48.0,0.0,1.0,14.0,4866.0,0.0,0.0,9.0,3.0,34.0,23.0,6.0,18.0,14.0,19.0,10.0,18.0,29.0,32.0,86.0,0.0,14.0,146.0,4.0,0.0,5.0,2.0,9.0,6.0,9.0,0.0,7.0,5.0,257.0,16.0,0.0,6.0,0.0,0.0,6.0,2620.0,0.0,0.0,0.0,3.0,14.0,14.0,2.0,12.0,8.0,3459350605.0,16230588.0,市辖区金山区,市辖区金山区亭林镇,20.0,30.0,25.0,20.0,95.0,72.49,85.27441860465116,85.27441860465116
上海市,市辖区,金山区,吕巷镇,121.1786532,30.8344557,0.0,21.0,13.0,26.0,86.0,6.0,0.0,0.0,509.0,0.0,0.0,0.0,0.0,0.0,2.0,2.0,0.0,0.0,0.0,0.0,0.0,0.0,2.0,0.0,0.0,1.0,1.0,0.0,0.0,0.0,0.0,0.0,0.0,1.0,8.0,3.0,0.0,15.0,0.0,18.0,8.0,0.0,0.0,0.0,145.0,0.0,0.0,0.0,0.0,0.0,2.0,2.0,0.0,0.0,0.0,0.0,0.0,0.0,1.0,0.0,0.0,1.0,0.0,0.0,0.0,0.0,0.0,0.0,0.0,1.0,5.0,2.0,3451473049.0,18058386.0,市辖区金山区,市辖区金山区吕巷镇,16.0,26.0,5.0,1.6,48.6,72.49,85.27441860465116,85.27441860465116
上海市,市辖区,金山区,廊下镇,121.1882438,30.7928984,0.0,39.0,8.0,19.0,48.0,12.0,0.0,0.0,325.0,0.0,0.0,0.0,1.0,1.0,2.0,3.0,0.0,0.0,0.0,0.0,0.0,0.0,1.0,0.0,0.0,1.0,12.0,0.0,2.0,2.0,0.0,4.0,0.0,6.0,7.0,7.0,0.0,21.0,4.0,8.0,14.0,5.0,0.0,0.0,85.0,0.0,0.0,0.0,0.0,0.0,1.0,2.0,0.0,0.0,0.0,0.0,0.0,0.0,1.0,0.0,0.0,1.0,5.0,0.0,0.0,1.0,0.0,4.0,0.0,1.0,6.0,4.0,3459323081.0,18052560.0,市辖区金山区,市辖区金山区廊下镇,16.0,25.5,5.0,5.5,52.0,72.49,85.27441860465116,85.27441860465116
上海市,市辖区,金山区,金山卫镇,121.3131763,30.7275685,44.0,8.0,33.0,292.0,36.0,130.0,0.0,17.0,719.0,2.0,2.0,15.0,1.0,1.0,12.0,23.0,1.0,1.0,8.0,13.0,56.0,18.0,5.0,0.0,0.0,5.0,84.0,0.0,1.0,172.0,4.0,18.0,4.0,6.0,16.0,11.0,10.0,0.0,6.0,27.0,5.0,5.0,0.0,0.0,113.0,0.0,0.0,0.0,1.0,1.0,3.0,4.0,0.0,0.0,0.0,2.0,2.0,0.0,0.0,0.0,0.0,1.0,1.0,0.0,0.0,2.0,2.0,3.0,1.0,3.0,7.0,6.0,4194619391.0,18058384.0,市辖区金山区,市辖区金山区金山卫镇,20.0,28.7,17.0,20.0,85.7,72.49,85.27441860465116,85.27441860465116
上海市,市辖区,金山区,漕泾镇,121.4061818,30.7963284,39.0,28.0,28.0,52.0,211.0,78.0,1.0,8.0,250.0,2.0,3.0,0.0,0.0,0.0,2.0,2.0,0.0,0.0,0.0,0.0,2.0,0.0,12.0,0.0,1.0,2.0,14.0,0.0,0.0,4.0,0.0,1.0,0.0,5.0,16.0,9.0,0.0,9.0,7.0,23.0,67.0,7.0,0.0,5.0,75.0,0.0,0.0,0.0,0.0,0.0,1.0,1.0,0.0,0.0,0.0,0.0,0.0,0.0,1.0,0.0,0.0,1.0,1.0,0.0,0.0,0.0,0.0,1.0,0.0,1.0,8.0,4.0,4194612884.0,18058387.0,市辖区金山区,市辖区金山区漕泾镇,17.0,30.0,5.0,5.9,57.9,72.49,85.27441860465116,85.27441860465116
上海市,市辖区,金山区,山阳镇,121.35179,30.7637853,41.0,26.0,57.0,251.0,159.0,112.0,0.0,82.0,761.0,19.0,3.0,13.0,1.0,1.0,13.0,18.0,0.0,0.0,2.0,15.0,43.0,13.0,6.0,2.0,0.0,4.0,822.0,0.0,0.0,3.0,5.0,27.0,3.0,5.0,18.0,11.0,0.0,0.0,26.0,61.0,18.0,1.0,0.0,0.0,144.0,0.0,1.0,0.0,0.0,0.0,2.0,2.0,0.0,0.0,0.0,0.0,15.0,0.0,4.0,1.0,0.0,1.0,144.0,0.0,0.0,0.0,0.0,3.0,0.0,1.0,6.0,6.0,4194619390.0,18058383.0,市辖区金山区,市辖区金山区山阳镇,19.0,30.0,10.0,20.0,79.0,72.49,85.27441860465116,85.27441860465116
上海市,市辖区,松江区,岳阳街道,121.2313372,31.0182765,0.0,86.0,307.0,121.0,181.0,231.0,4.0,131.0,1239.0,34.0,4.0,27.0,6.0,7.0,25.0,41.0,5.0,0.0,19.0,34.0,143.0,11.0,11.0,6.0,4.0,4.0,2430.0,6.0,20.0,21.0,176.0,61.0,7.0,18.0,23.0,18.0,0.0,19.0,43.0,9.0,15.0,10.0,0.0,6.0,177.0,3.0,0.0,12.0,1.0,1.0,4.0,6.0,1.0,0.0,3.0,2.0,33.0,1.0,1.0,1.0,1.0,1.0,302.0,0.0,0.0,2.0,29.0,9.0,0.0,6.0,12.0,11.0,3509760528.0,16202388.0,市辖区松江区,市辖区松江区岳阳街道,19.0,30.0,24.0,20.0,93.0,79.95294117647059,85.27441860465116,85.27441860465116
上海市,市辖区,松江区,永丰街道,121.2108739,31.0062946,0.0,45.0,264.0,98.0,163.0,101.0,0.0,64.0,1018.0,8.0,2.0,19.0,4.0,5.0,24.0,39.0,4.0,0.0,9.0,7.0,135.0,8.0,17.0,2.0,7.0,2.0,1460.0,0.0,1.0,3.0,132.0,36.0,6.0,17.0,20.0,16.0,0.0,0.0,26.0,14.0,20.0,5.0,0.0,12.0,140.0,3.0,0.0,0.0,1.0,1.0,6.0,9.0,0.0,0.0,1.0,1.0,23.0,0.0,3.0,0.0,2.0,1.0,31.0,0.0,0.0,1.0,23.0,1.0,0.0,4.0,8.0,7.0,3509760529.0,16202389.0,市辖区松江区,市辖区松江区永丰街道,17.0,30.0,18.0,20.0,85.0,79.95294117647059,85.27441860465116,85.27441860465116
上海市,市辖区,松江区,方松街道,121.1926503,31.0356011,0.0,24.0,341.0,110.0,323.0,288.0,15.0,315.0,1017.0,54.0,2.0,21.0,4.0,5.0,12.0,35.0,5.0,0.0,24.0,25.0,110.0,11.0,4.0,0.0,6.0,3.0,1594.0,3.0,44.0,3.0,193.0,69.0,11.0,13.0,20.0,18.0,0.0,0.0,39.0,39.0,86.0,32.0,0.0,70.0,151.0,18.0,1.0,2.0,1.0,1.0,3.0,5.0,0.0,0.0,0.0,4.0,17.0,0.0,0.0,0.0,0.0,1.0,164.0,0.0,0.0,0.0,27.0,19.0,6.0,2.0,10.0,6.0,3506913873.0,5117873.0,市辖区松江区,市辖区松江区方松街道,18.0,30.0,19.0,20.0,87.0,79.95294117647059,85.27441860465116,85.27441860465116
上海市,市辖区,松江区,中山街道,121.24118,31.0384758,0.0,113.0,327.0,199.0,167.0,345.0,7.0,154.0,1213.0,42.0,3.0,23.0,5.0,5.0,16.0,31.0,4.0,0.0,12.0,39.0,110.0,16.0,22.0,8.0,4.0,4.0,2232.0,6.0,34.0,47.0,163.0,68.0,5.0,10.0,21.0,21.0,0.0,0.0,55.0,31.0,50.0,91.0,0.0,11.0,117.0,6.0,0.0,5.0,2.0,2.0,4.0,7.0,0.0,0.0,2.0,15.0,18.0,3.0,9.0,4.0,0.0,1.0,637.0,6.0,7.0,1.0,37.0,17.0,0.0,2.0,8.0,8.0,3509760527.0,17191453.0,市辖区松江区,市辖区松江区中山街道,19.0,30.0,23.0,20.0,92.0,79.95294117647059,85.27441860465116,85.27441860465116
上海市,市辖区,松江区,广富林街道,121.217627,31.051115,0.0,49.0,350.0,168.0,305.0,487.0,6.0,423.0,1086.0,63.0,4.0,18.0,6.0,9.0,14.0,35.0,4.0,0.0,24.0,40.0,100.0,19.0,17.0,7.0,9.0,4.0,2287.0,21.0,59.0,1.0,177.0,86.0,11.0,12.0,21.0,23.0,0.0,6.0,43.0,4.0,22.0,89.0,0.0,33.0,101.0,3.0,0.0,0.0,1.0,1.0,1.0,4.0,1.0,0.0,0.0,1.0,11.0,0.0,0.0,1.0,1.0,1.0,93.0,1.0,22.0,0.0,23.0,22.0,0.0,4.0,12.0,11.0,4214939948.0,16202387.0,市辖区松江区,市辖区松江区广富林街道,19.0,30.0,21.0,20.0,90.0,79.95294117647059,85.27441860465116,85.27441860465116
上海市,市辖区,松江区,九里亭街道,121.3065846,31.1434576,10.0,82.0,92.0,253.0,978.0,418.0,7.0,329.0,840.0,22.0,1.0,6.0,3.0,8.0,11.0,24.0,0.0,2.0,7.0,111.0,106.0,10.0,50.0,5.0,4.0,34.0,1039.0,21.0,20.0,8.0,123.0,77.0,14.0,15.0,25.0,16.0,0.0,18.0,4.0,61.0,300.0,131.0,0.0,61.0,181.0,10.0,0.0,1.0,1.0,3.0,5.0,6.0,0.0,0.0,6.0,35.0,21.0,3.0,21.0,3.0,1.0,9.0,154.0,7.0,6.0,3.0,43.0,28.0,7.0,5.0,16.0,12.0,4214939953.0,16162302.0,市辖区松江区,市辖区松江区九里亭街道,20.0,30.0,23.0,20.0,93.0,79.95294117647059,85.27441860465116,85.27441860465116
上海市,市辖区,松江区,泗泾镇,121.2668392,31.1205012,0.0,57.0,153.0,164.0,300.0,84.0,0.0,27.0,702.0,2.0,2.0,2.0,1.0,2.0,10.0,15.0,1.0,0.0,0.0,95.0,63.0,3.0,33.0,3.0,3.0,36.0,191.0,2.0,2.0,2.0,1096.0,6.0,3.0,5.0,18.0,12.0,0.0,0.0,33.0,7.0,52.0,5.0,0.0,22.0,99.0,0.0,0.0,2.0,0.0,0.0,3.0,5.0,0.0,0.0,0.0,22.0,25.0,1.0,1.0,1.0,0.0,7.0,15.0,0.0,0.0,1.0,300.0,2.0,2.0,2.0,10.0,11.0,3529436627.0,17016138.0,市辖区松江区,市辖区松江区泗泾镇,20.0,30.0,16.0,20.0,86.0,79.95294117647059,85.27441860465116,85.27441860465116
上海市,市辖区,松江区,佘山镇,121.1705058,31.0972806,0.0,0.0,195.0,48.0,364.0,131.0,0.0,108.0,347.0,13.0,0.0,1.0,1.0,1.0,2.0,6.0,1.0,0.0,0.0,2.0,45.0,1.0,2.0,0.0,4.0,2.0,65.0,0.0,15.0,9.0,9.0,14.0,3.0,10.0,14.0,22.0,0.0,0.0,22.0,33.0,34.0,5.0,0.0,1.0,69.0,0.0,0.0,1.0,1.0,1.0,1.0,2.0,1.0,0.0,0.0,0.0,18.0,1.0,0.0,0.0,2.0,1.0,6.0,0.0,0.0,1.0,1.0,1.0,0.0,1.0,8.0,7.0,3509672633.0,17685018.0,市辖区松江区,市辖区松江区佘山镇,17.0,28.0,20.0,12.1,77.1,79.95294117647059,85.27441860465116,85.27441860465116
上海市,市辖区,松江区,车墩镇,121.3103994,31.017443,36.0,23.0,45.0,92.0,243.0,113.0,0.0,34.0,365.0,12.0,2.0,0.0,0.0,0.0,2.0,2.0,0.0,0.0,0.0,0.0,15.0,3.0,21.0,0.0,0.0,2.0,352.0,0.0,0.0,10.0,4.0,5.0,2.0,8.0,19.0,14.0,20.0,3.0,9.0,14.0,44.0,27.0,0.0,32.0,70.0,1.0,0.0,0.0,0.0,0.0,2.0,2.0,0.0,0.0,0.0,0.0,0.0,0.0,3.0,0.0,0.0,1.0,55.0,0.0,0.0,0.0,0.0,0.0,2.0,4.0,13.0,6.0,3573474893.0,17191450.0,市辖区松江区,市辖区松江区车墩镇,17.0,30.0,5.0,20.0,72.0,79.95294117647059,85.27441860465116,85.27441860465116
上海市,市辖区,松江区,新桥镇,121.3111233,31.0619485,0.0,37.0,111.0,120.0,199.0,90.0,0.0,34.0,556.0,5.0,1.0,3.0,0.0,0.0,3.0,4.0,0.0,0.0,0.0,1.0,17.0,1.0,11.0,0.0,0.0,1.0,516.0,0.0,5.0,3.0,1.0,13.0,0.0,10.0,18.0,13.0,0.0,4.0,19.0,31.0,68.0,20.0,0.0,11.0,170.0,5.0,1.0,3.0,0.0,0.0,2.0,2.0,0.0,0.0,0.0,0.0,1.0,0.0,1.0,0.0,0.0,1.0,33.0,0.0,0.0,0.0,0.0,6.0,0.0,7.0,12.0,10.0,3529441329.0,17191452.0,市辖区松江区,市辖区松江区新桥镇,16.0,30.0,10.0,20.0,76.0,79.95294117647059,85.27441860465116,85.27441860465116
上海市,市辖区,松江区,洞泾镇,121.264715,31.0842526,0.0,51.0,175.0,228.0,265.0,162.0,1.0,13.0,582.0,0.0,2.0,2.0,2.0,2.0,9.0,14.0,1.0,0.0,1.0,27.0,54.0,11.0,44.0,3.0,6.0,9.0,565.0,2.0,0.0,2.0,145.0,7.0,2.0,3.0,20.0,16.0,0.0,8.0,7.0,29.0,32.0,9.0,1.0,1.0,91.0,0.0,0.0,2.0,0.0,0.0,1.0,1.0,0.0,0.0,1.0,4.0,22.0,3.0,9.0,1.0,1.0,1.0,66.0,0.0,0.0,1.0,3.0,3.0,0.0,1.0,11.0,9.0,3529437367.0,17191451.0,市辖区松江区,市辖区松江区洞泾镇,20.0,28.0,16.0,20.0,84.0,79.95294117647059,85.27441860465116,85.27441860465116
上海市,市辖区,松江区,九亭镇,121.3248448,31.1341726,9.0,123.0,104.0,261.0,908.0,353.0,7.0,404.0,876.0,19.0,0.0,8.0,4.0,9.0,17.0,31.0,1.0,2.0,9.0,108.0,140.0,14.0,41.0,6.0,9.0,51.0,1197.0,12.0,19.0,6.0,80.0,70.0,17.0,15.0,24.0,16.0,0.0,0.0,25.0,29.0,72.0,37.0,0.0,18.0,131.0,0.0,0.0,4.0,1.0,1.0,1.0,3.0,0.0,0.0,0.0,2.0,42.0,3.0,6.0,0.0,0.0,7.0,36.0,0.0,0.0,0.0,1.0,2.0,0.0,3.0,10.0,7.0,2692510954.0,16202386.0,市辖区松江区,市辖区松江区九亭镇,20.0,28.0,17.0,20.0,85.0,79.95294117647059,85.27441860465116,85.27441860465116
上海市,市辖区,松江区,泖港镇,121.2091684,30.935509,0.0,37.0,33.0,97.0,471.0,148.0,0.0,26.0,328.0,0.0,2.0,0.0,0.0,0.0,2.0,3.0,1.0,0.0,0.0,0.0,102.0,0.0,4.0,0.0,0.0,4.0,3.0,0.0,0.0,3.0,1.0,2.0,0.0,6.0,14.0,9.0,0.0,12.0,0.0,39.0,60.0,49.0,0.0,1.0,72.0,0.0,0.0,0.0,0.0,0.0,1.0,2.0,1.0,0.0,0.0,0.0,15.0,0.0,3.0,0.0,0.0,3.0,0.0,0.0,0.0,0.0,0.0,1.0,0.0,3.0,8.0,6.0,3529435317.0,17885626.0,市辖区松江区,市辖区松江区泖港镇,19.0,28.0,10.0,4.6,61.6,79.95294117647059,85.27441860465116,85.27441860465116
上海市,市辖区,松江区,石湖荡镇,121.1147572,30.9865242,0.0,1.0,51.0,62.0,689.0,218.0,0.0,1.0,184.0,1.0,1.0,0.0,0.0,0.0,1.0,1.0,0.0,0.0,0.0,0.0,58.0,0.0,7.0,0.0,0.0,1.0,6.0,0.0,0.0,6.0,0.0,2.0,0.0,7.0,15.0,8.0,0.0,0.0,12.0,20.0,109.0,22.0,0.0,1.0,42.0,0.0,1.0,0.0,0.0,0.0,1.0,1.0,0.0,0.0,0.0,0.0,17.0,0.0,5.0,0.0,0.0,1.0,0.0,0.0,0.0,5.0,0.0,1.0,0.0,4.0,10.0,6.0,3529442323.0,16490107.0,市辖区松江区,市辖区松江区石湖荡镇,16.0,30.0,5.0,5.7,56.7,79.95294117647059,85.27441860465116,85.27441860465116
上海市,市辖区,松江区,新浜镇,121.0635788,30.935345,0.0,37.0,0.0,133.0,279.0,193.0,0.0,0.0,272.0,5.0,0.0,3.0,0.0,0.0,1.0,1.0,1.0,1.0,0.0,2.0,37.0,0.0,2.0,0.0,0.0,2.0,201.0,0.0,1.0,1.0,2.0,5.0,2.0,7.0,11.0,12.0,0.0,15.0,0.0,49.0,10.0,24.0,0.0,0.0,62.0,0.0,0.0,0.0,0.0,0.0,1.0,1.0,1.0,0.0,0.0,0.0,13.0,0.0,1.0,0.0,0.0,1.0,1.0,0.0,0.0,0.0,0.0,0.0,0.0,2.0,7.0,4.0,2971524491.0,17715762.0,市辖区松江区,市辖区松江区新浜镇,17.0,28.0,15.0,20.0,80.0,79.95294117647059,85.27441860465116,85.27441860465116
上海市,市辖区,松江区,叶榭镇,121.3158735,30.9458501,15.0,20.0,12.0,68.0,378.0,59.0,2.0,2.0,205.0,1.0,1.0,0.0,0.0,1.0,1.0,2.0,0.0,0.0,0.0,0.0,47.0,0.0,1.0,0.0,0.0,4.0,1511.0,0.0,0.0,4.0,1.0,0.0,1.0,8.0,16.0,9.0,8.0,6.0,0.0,19.0,35.0,3.0,0.0,0.0,114.0,1.0,1.0,0.0,0.0,1.0,1.0,2.0,0.0,0.0,0.0,0.0,0.0,0.0,0.0,0.0,0.0,1.0,629.0,0.0,0.0,0.0,1.0,0.0,0.0,5.0,10.0,3.0,3459360086.0,17885642.0,市辖区松江区,市辖区松江区叶榭镇,19.0,30.0,5.0,20.0,74.0,79.95294117647059,85.27441860465116,85.27441860465116
上海市,市辖区,松江区,小昆山镇,121.1331801,31.0391478,0.0,0.0,122.0,62.0,294.0,142.0,13.0,24.0,395.0,6.0,3.0,2.0,1.0,1.0,2.0,5.0,1.0,0.0,0.0,6.0,34.0,15.0,33.0,10.0,7.0,1.0,72.0,0.0,19.0,3.0,3.0,8.0,4.0,7.0,21.0,17.0,0.0,0.0,23.0,13.0,45.0,14.0,0.0,5.0,74.0,2.0,1.0,1.0,0.0,0.0,0.0,1.0,0.0,0.0,0.0,4.0,12.0,1.0,6.0,5.0,0.0,1.0,3.0,0.0,0.0,0.0,0.0,2.0,1.0,2.0,9.0,11.0,3509673074.0,17685019.0,市辖区松江区,市辖区松江区小昆山镇,16.0,30.0,9.0,11.8,66.8,79.95294117647059,85.27441860465116,85.27441860465116
上海市,市辖区,青浦区,夏阳街道,121.120585,31.1501939,60.0,46.0,303.0,99.0,520.0,60.0,132.0,105.0,994.0,4.0,6.0,13.0,2.0,2.0,23.0,29.0,2.0,1.0,4.0,28.0,82.0,1.0,5.0,4.0,5.0,5.0,897.0,4.0,8.0,15.0,15.0,44.0,6.0,11.0,24.0,17.0,0.0,19.0,57.0,4.0,92.0,6.0,4.0,5.0,187.0,0.0,1.0,3.0,0.0,0.0,3.0,6.0,0.0,1.0,3.0,6.0,27.0,0.0,0.0,0.0,0.0,2.0,410.0,0.0,0.0,0.0,5.0,7.0,2.0,3.0,12.0,7.0,4192662349.0,12979861.0,市辖区青浦区,市辖区青浦区夏阳街道,20.0,30.0,20.0,20.0,90.0,81.38181818181819,85.27441860465116,85.27441860465116
上海市,市辖区,青浦区,盈浦街道,121.1098573,31.1475268,56.0,66.0,301.0,103.0,558.0,119.0,130.0,117.0,1004.0,10.0,5.0,13.0,2.0,2.0,20.0,25.0,1.0,1.0,5.0,72.0,81.0,2.0,4.0,3.0,4.0,5.0,868.0,6.0,8.0,9.0,14.0,37.0,9.0,11.0,26.0,16.0,8.0,0.0,39.0,8.0,103.0,8.0,10.0,34.0,208.0,1.0,1.0,2.0,0.0,0.0,7.0,7.0,1.0,1.0,0.0,5.0,13.0,0.0,0.0,0.0,1.0,1.0,196.0,0.0,4.0,1.0,2.0,10.0,1.0,2.0,16.0,10.0,4192662350.0,12979868.0,市辖区青浦区,市辖区青浦区盈浦街道,20.0,30.0,22.0,20.0,92.0,81.38181818181819,85.27441860465116,85.27441860465116
上海市,市辖区,青浦区,香花桥街道,121.1180277,31.1731032,4.0,60.0,288.0,45.0,469.0,69.0,60.0,50.0,929.0,18.0,5.0,10.0,2.0,2.0,14.0,20.0,1.0,1.0,4.0,66.0,57.0,2.0,11.0,3.0,3.0,4.0,1285.0,6.0,8.0,65.0,13.0,40.0,7.0,9.0,21.0,15.0,2.0,0.0,39.0,8.0,32.0,0.0,14.0,7.0,71.0,0.0,0.0,0.0,0.0,0.0,0.0,0.0,0.0,0.0,0.0,0.0,2.0,0.0,3.0,0.0,1.0,1.0,50.0,0.0,0.0,3.0,0.0,2.0,0.0,2.0,10.0,6.0,4192662351.0,12979865.0,市辖区青浦区,市辖区青浦区香花桥街道,19.0,30.0,5.0,20.0,74.0,81.38181818181819,85.27441860465116,85.27441860465116
上海市,市辖区,青浦区,朱家角镇,121.041558,31.1056503,47.0,20.0,145.0,184.0,536.0,472.0,8.0,3403.0,638.0,11.0,1.0,10.0,2.0,2.0,7.0,8.0,0.0,0.0,0.0,12.0,93.0,0.0,10.0,3.0,4.0,1.0,167.0,1.0,2.0,19.0,6.0,34.0,70.0,8.0,25.0,22.0,16.0,4.0,26.0,14.0,71.0,50.0,0.0,120.0,120.0,2.0,0.0,8.0,0.0,0.0,5.0,6.0,0.0,0.0,0.0,5.0,21.0,0.0,1.0,0.0,0.0,1.0,53.0,0.0,0.0,0.0,1.0,20.0,7.0,4.0,18.0,12.0,2282173827.0,12979869.0,市辖区青浦区,市辖区青浦区朱家角镇,16.0,30.0,15.0,20.0,81.0,81.38181818181819,85.27441860465116,85.27441860465116
上海市,市辖区,青浦区,练塘镇,121.0479248,31.0020292,0.0,33.0,74.0,90.0,403.0,367.0,2.0,137.0,379.0,21.0,1.0,23.0,2.0,3.0,5.0,7.0,5.0,1.0,3.0,189.0,88.0,13.0,63.0,0.0,0.0,7.0,2917.0,10.0,0.0,11.0,0.0,38.0,37.0,1.0,19.0,18.0,0.0,5.0,26.0,14.0,65.0,117.0,0.0,7.0,52.0,5.0,0.0,17.0,1.0,1.0,1.0,3.0,5.0,0.0,0.0,7.0,23.0,8.0,21.0,0.0,0.0,2.0,735.0,0.0,0.0,4.0,0.0,10.0,0.0,1.0,10.0,10.0,4192673177.0,12979870.0,市辖区青浦区,市辖区青浦区练塘镇,20.0,30.0,26.0,20.0,96.0,81.38181818181819,85.27441860465116,85.27441860465116
上海市,市辖区,青浦区,金泽镇,120.916705,31.038903,57.0,11.0,0.0,68.0,308.0,42.0,11.0,68.0,193.0,4.0,1.0,2.0,0.0,0.0,2.0,3.0,0.0,0.0,0.0,3.0,44.0,0.0,3.0,0.0,0.0,2.0,10.0,9.0,9.0,0.0,2.0,2.0,1.0,15.0,19.0,11.0,20.0,0.0,0.0,25.0,113.0,11.0,0.0,29.0,86.0,4.0,0.0,2.0,0.0,0.0,2.0,3.0,0.0,0.0,0.0,2.0,8.0,0.0,3.0,0.0,0.0,1.0,7.0,0.0,0.0,0.0,0.0,0.0,0.0,4.0,12.0,6.0,4192673178.0,12979871.0,市辖区青浦区,市辖区青浦区金泽镇,17.0,30.0,12.0,5.7,64.7,81.38181818181819,85.27441860465116,85.27441860465116
上海市,市辖区,青浦区,赵巷镇,121.1917468,31.1510862,44.0,14.0,150.0,107.0,272.0,51.0,3.0,0.0,579.0,2.0,4.0,0.0,0.0,0.0,3.0,4.0,0.0,0.0,0.0,2.0,37.0,6.0,2.0,3.0,3.0,2.0,116.0,0.0,1.0,11.0,1.0,10.0,1.0,8.0,15.0,15.0,14.0,1.0,15.0,18.0,26.0,10.0,0.0,0.0,54.0,0.0,0.0,0.0,0.0,0.0,1.0,1.0,0.0,0.0,0.0,0.0,6.0,0.0,1.0,0.0,0.0,1.0,3.0,0.0,0.0,0.0,0.0,0.0,0.0,3.0,9.0,5.0,4192662352.0,12979867.0,市辖区青浦区,市辖区青浦区赵巷镇,17.0,30.0,5.0,17.0,69.0,81.38181818181819,85.27441860465116,85.27441860465116
上海市,市辖区,青浦区,徐泾镇,121.2681697,31.174778,41.0,2.0,266.0,252.0,257.0,271.0,12.0,88.0,676.0,12.0,0.0,2.0,3.0,3.0,13.0,18.0,1.0,1.0,9.0,42.0,74.0,7.0,7.0,2.0,12.0,2.0,140.0,2.0,19.0,18.0,28.0,60.0,10.0,18.0,25.0,17.0,6.0,0.0,33.0,30.0,11.0,7.0,3.0,0.0,96.0,3.0,0.0,2.0,1.0,1.0,4.0,6.0,1.0,1.0,8.0,15.0,17.0,1.0,0.0,0.0,0.0,1.0,16.0,0.0,1.0,7.0,11.0,15.0,4.0,3.0,12.0,7.0,4192662353.0,12979866.0,市辖区青浦区,市辖区青浦区徐泾镇,17.0,28.0,30.0,20.0,95.0,81.38181818181819,85.27441860465116,85.27441860465116
上海市,市辖区,青浦区,华新镇,121.2228685,31.2477102,0.0,105.0,57.0,190.0,408.0,169.0,0.0,43.0,541.0,5.0,2.0,0.0,1.0,2.0,3.0,5.0,0.0,1.0,3.0,6.0,28.0,2.0,7.0,3.0,0.0,2.0,205.0,8.0,0.0,10.0,10.0,8.0,2.0,10.0,18.0,14.0,0.0,0.0,11.0,20.0,60.0,1.0,0.0,0.0,87.0,0.0,0.0,0.0,0.0,0.0,2.0,3.0,0.0,0.0,0.0,2.0,11.0,0.0,0.0,2.0,0.0,1.0,23.0,8.0,0.0,4.0,0.0,1.0,1.0,4.0,9.0,6.0,4192673175.0,12979864.0,市辖区青浦区,市辖区青浦区华新镇,17.0,30.0,7.0,20.0,74.0,81.38181818181819,85.27441860465116,85.27441860465116
上海市,市辖区,青浦区,重固镇,121.1734526,31.2024544,2.0,50.0,94.0,96.0,361.0,51.0,2.0,22.0,375.0,0.0,0.0,0.0,0.0,1.0,3.0,4.0,0.0,0.0,0.0,1.0,7.0,3.0,4.0,1.0,0.0,1.0,124.0,0.0,0.0,10.0,3.0,1.0,0.0,3.0,18.0,13.0,0.0,0.0,23.0,23.0,69.0,2.0,0.0,0.0,41.0,0.0,0.0,0.0,0.0,0.0,2.0,3.0,0.0,0.0,0.0,0.0,4.0,2.0,1.0,1.0,0.0,1.0,1.0,0.0,0.0,0.0,1.0,1.0,0.0,1.0,7.0,8.0,4192673176.0,12979862.0,市辖区青浦区,市辖区青浦区重固镇,16.0,26.0,5.0,17.5,64.5,81.38181818181819,85.27441860465116,85.27441860465116
上海市,市辖区,青浦区,白鹤镇,121.1385839,31.2611326,0.0,28.0,138.0,36.0,530.0,220.0,1.0,111.0,440.0,67.0,3.0,3.0,4.0,10.0,7.0,14.0,6.0,6.0,2.0,78.0,111.0,19.0,189.0,1.0,1.0,5.0,1244.0,14.0,101.0,124.0,223.0,23.0,7.0,15.0,21.0,25.0,0.0,0.0,38.0,0.0,90.0,24.0,0.0,0.0,73.0,16.0,0.0,3.0,4.0,5.0,2.0,4.0,0.0,1.0,2.0,29.0,52.0,10.0,59.0,0.0,0.0,2.0,212.0,2.0,7.0,23.0,0.0,5.0,4.0,2.0,9.0,12.0,4061722333.0,12979863.0,市辖区青浦区,市辖区青浦区白鹤镇,20.0,30.0,25.0,20.0,95.0,81.38181818181819,85.27441860465116,85.27441860465116
上海市,市辖区,奉贤区,西渡街道,121.4523124,30.9936317,41.0,51.0,18.0,51.0,348.0,74.0,7.0,13.0,470.0,3.0,0.0,2.0,1.0,1.0,5.0,5.0,0.0,1.0,0.0,8.0,40.0,7.0,9.0,0.0,0.0,1.0,156.0,0.0,1.0,7.0,2.0,3.0,0.0,8.0,23.0,11.0,0.0,0.0,0.0,3.0,72.0,0.0,0.0,0.0,14.0,0.0,0.0,0.0,0.0,0.0,0.0,0.0,0.0,0.0,0.0,0.0,2.0,0.0,0.0,0.0,0.0,1.0,4.0,0.0,0.0,0.0,0.0,0.0,0.0,1.0,7.0,2.0,12079993108.0,17885603.0,市辖区奉贤区,市辖区奉贤区西渡街道,16.0,28.0,5.0,20.0,69.0,70.28181818181818,85.27441860465116,85.27441860465116
上海市,市辖区,奉贤区,奉浦街道,121.454587,30.9452799,0.0,62.0,83.0,76.0,171.0,51.0,0.0,34.0,856.0,1.0,0.0,0.0,1.0,1.0,14.0,19.0,0.0,0.0,2.0,9.0,18.0,2.0,17.0,0.0,1.0,3.0,241.0,0.0,0.0,2.0,5.0,20.0,3.0,6.0,14.0,13.0,0.0,14.0,8.0,3.0,14.0,0.0,0.0,1.0,111.0,1.0,0.0,0.0,0.0,0.0,5.0,7.0,0.0,0.0,0.0,3.0,9.0,0.0,5.0,0.0,0.0,1.0,33.0,0.0,0.0,0.0,1.0,17.0,1.0,2.0,8.0,8.0,12079993109.0,17885601.0,市辖区奉贤区,市辖区奉贤区奉浦街道,18.0,28.0,8.0,20.0,74.0,70.28181818181818,85.27441860465116,85.27441860465116
上海市,市辖区,奉贤区,金海街道,121.4832115,30.953101,26.0,93.0,107.0,134.0,223.0,70.0,0.0,126.0,837.0,3.0,2.0,0.0,0.0,1.0,12.0,14.0,0.0,0.0,0.0,12.0,40.0,1.0,7.0,0.0,2.0,2.0,158.0,0.0,0.0,6.0,5.0,19.0,5.0,5.0,20.0,12.0,0.0,26.0,0.0,5.0,58.0,19.0,0.0,7.0,106.0,0.0,0.0,0.0,0.0,0.0,2.0,2.0,0.0,0.0,0.0,0.0,3.0,1.0,0.0,0.0,0.0,1.0,8.0,0.0,0.0,0.0,0.0,0.0,0.0,0.0,9.0,4.0,12079993110.0,17885602.0,市辖区奉贤区,市辖区奉贤区金海街道,17.0,30.0,5.0,20.0,72.0,70.28181818181818,85.27441860465116,85.27441860465116
上海市,市辖区,奉贤区,南桥镇,121.4541655,30.9056087,0.0,39.0,143.0,66.0,224.0,68.0,3.0,20.0,995.0,0.0,1.0,11.0,3.0,4.0,21.0,26.0,1.0,0.0,3.0,31.0,38.0,2.0,1.0,0.0,0.0,4.0,411.0,0.0,0.0,2.0,9.0,19.0,5.0,5.0,17.0,11.0,0.0,6.0,17.0,14.0,35.0,0.0,3.0,0.0,180.0,0.0,0.0,2.0,1.0,1.0,8.0,8.0,1.0,0.0,0.0,2.0,10.0,0.0,0.0,0.0,0.0,2.0,4.0,0.0,0.0,0.0,2.0,2.0,1.0,2.0,9.0,4.0,10844907074.0,17885600.0,市辖区奉贤区,市辖区奉贤区南桥镇,19.0,28.0,22.0,20.0,89.0,70.28181818181818,85.27441860465116,85.27441860465116
上海市,市辖区,奉贤区,奉城镇,121.6420842,30.9155356,0.0,34.0,67.0,88.0,205.0,31.0,0.0,4.0,373.0,0.0,0.0,0.0,1.0,1.0,9.0,9.0,0.0,0.0,0.0,0.0,8.0,0.0,0.0,0.0,0.0,1.0,381.0,0.0,1.0,0.0,0.0,5.0,0.0,3.0,12.0,5.0,0.0,5.0,7.0,21.0,17.0,15.0,0.0,2.0,78.0,0.0,0.0,0.0,1.0,1.0,6.0,6.0,0.0,0.0,0.0,0.0,5.0,0.0,0.0,0.0,0.0,1.0,179.0,0.0,1.0,0.0,0.0,3.0,0.0,1.0,8.0,5.0,3041297216.0,17885593.0,市辖区奉贤区,市辖区奉贤区奉城镇,16.0,26.0,10.0,18.5,70.5,70.28181818181818,85.27441860465116,85.27441860465116
上海市,市辖区,奉贤区,庄行镇,121.3926871,30.9036745,0.0,66.0,48.0,21.0,222.0,7.0,0.0,2.0,351.0,0.0,0.0,0.0,0.0,0.0,4.0,4.0,0.0,0.0,0.0,0.0,9.0,0.0,1.0,0.0,0.0,2.0,5.0,0.0,0.0,1.0,3.0,2.0,1.0,4.0,14.0,10.0,0.0,3.0,5.0,9.0,22.0,1.0,0.0,2.0,63.0,0.0,0.0,0.0,0.0,0.0,3.0,3.0,0.0,0.0,0.0,0.0,5.0,0.0,0.0,0.0,0.0,1.0,0.0,0.0,0.0,0.0,0.0,0.0,0.0,1.0,8.0,3.0,3459332549.0,17885599.0,市辖区奉贤区,市辖区奉贤区庄行镇,17.0,26.0,5.0,4.6,52.6,70.28181818181818,85.27441860465116,85.27441860465116
上海市,市辖区,奉贤区,金汇镇,121.4974007,30.9913336,72.0,65.0,52.0,93.0,379.0,55.0,0.0,21.0,444.0,3.0,0.0,3.0,0.0,1.0,4.0,4.0,2.0,1.0,3.0,9.0,16.0,0.0,2.0,0.0,0.0,3.0,71.0,0.0,4.0,7.0,8.0,9.0,0.0,3.0,16.0,9.0,0.0,0.0,0.0,22.0,38.0,1.0,0.0,15.0,35.0,3.0,0.0,3.0,0.0,1.0,2.0,2.0,1.0,1.0,3.0,1.0,1.0,0.0,0.0,0.0,0.0,1.0,7.0,0.0,2.0,0.0,5.0,2.0,0.0,1.0,8.0,5.0,3045626417.0,17885595.0,市辖区奉贤区,市辖区奉贤区金汇镇,18.0,28.0,20.0,12.5,78.5,70.28181818181818,85.27441860465116,85.27441860465116
上海市,市辖区,奉贤区,四团镇,121.7187095,30.9410655,22.0,30.0,29.0,52.0,223.0,8.0,0.0,18.0,267.0,0.0,0.0,0.0,0.0,0.0,4.0,5.0,0.0,0.0,0.0,0.0,2.0,1.0,1.0,0.0,0.0,1.0,181.0,0.0,0.0,1.0,1.0,2.0,0.0,6.0,18.0,8.0,9.0,22.0,22.0,10.0,42.0,2.0,0.0,3.0,81.0,0.0,0.0,0.0,0.0,0.0,2.0,2.0,0.0,0.0,0.0,0.0,2.0,0.0,0.0,0.0,0.0,1.0,125.0,0.0,0.0,0.0,0.0,0.0,0.0,2.0,11.0,4.0,3041302179.0,17809482.0,市辖区奉贤区,市辖区奉贤区四团镇,16.0,26.0,5.0,20.0,67.0,70.28181818181818,85.27441860465116,85.27441860465116
上海市,市辖区,奉贤区,青村镇,121.5773355,30.9257983,0.0,62.0,67.0,65.0,252.0,27.0,0.0,9.0,349.0,0.0,0.0,0.0,0.0,2.0,2.0,2.0,0.0,0.0,1.0,16.0,0.0,0.0,0.0,0.0,0.0,1.0,372.0,0.0,0.0,0.0,1.0,2.0,2.0,2.0,13.0,6.0,0.0,8.0,26.0,13.0,49.0,1.0,0.0,9.0,99.0,0.0,0.0,0.0,0.0,2.0,2.0,2.0,0.0,0.0,1.0,16.0,0.0,0.0,0.0,0.0,0.0,1.0,311.0,0.0,0.0,0.0,1.0,1.0,2.0,1.0,9.0,5.0,244079471.0,17885594.0,市辖区奉贤区,市辖区奉贤区青村镇,16.0,26.0,13.0,19.0,74.0,70.28181818181818,85.27441860465116,85.27441860465116
上海市,市辖区,奉贤区,柘林镇,121.4690275,30.832309,25.0,19.0,29.0,32.0,254.0,42.0,17.0,61.0,327.0,3.0,3.0,0.0,2.0,2.0,1.0,5.0,0.0,0.0,0.0,0.0,11.0,0.0,80.0,0.0,4.0,1.0,44.0,0.0,2.0,4.0,2.0,17.0,1.0,5.0,24.0,14.0,3.0,11.0,1.0,6.0,44.0,8.0,4.0,1.0,67.0,0.0,0.0,0.0,1.0,1.0,1.0,1.0,0.0,0.0,0.0,0.0,4.0,0.0,2.0,0.0,0.0,1.0,3.0,0.0,0.0,1.0,0.0,4.0,0.0,2.0,13.0,6.0,3063239433.0,17885598.0,市辖区奉贤区,市辖区奉贤区柘林镇,16.0,30.0,10.0,9.2,65.2,70.28181818181818,85.27441860465116,85.27441860465116
上海市,市辖区,奉贤区,海湾镇,121.5632449,30.8629432,8.0,0.0,13.0,47.0,222.0,101.0,1.0,4.0,194.0,6.0,1.0,0.0,0.0,0.0,3.0,3.0,0.0,0.0,0.0,1.0,9.0,1.0,32.0,1.0,1.0,1.0,54.0,0.0,0.0,9.0,1.0,12.0,2.0,2.0,13.0,14.0,6.0,0.0,7.0,17.0,18.0,7.0,1.0,2.0,60.0,0.0,1.0,0.0,0.0,0.0,1.0,1.0,0.0,0.0,0.0,0.0,7.0,1.0,3.0,1.0,1.0,1.0,0.0,0.0,0.0,0.0,0.0,1.0,0.0,2.0,10.0,10.0,3063236228.0,17885597.0,市辖区奉贤区,市辖区奉贤区海湾镇,16.0,30.0,5.0,10.3,61.3,70.28181818181818,85.27441860465116,85.27441860465116
上海市,市辖区,崇明区,城桥镇,121.393374,31.6298187,0.0,41.0,52.0,132.0,64.0,54.0,0.0,4.0,613.0,5.0,2.0,9.0,3.0,3.0,13.0,16.0,0.0,0.0,4.0,3.0,26.0,1.0,1.0,1.0,0.0,2.0,1157.0,0.0,142.0,7.0,2.0,7.0,4.0,3.0,9.0,12.0,0.0,0.0,13.0,35.0,6.0,10.0,0.0,0.0,218.0,3.0,0.0,6.0,0.0,0.0,8.0,10.0,0.0,0.0,4.0,2.0,14.0,0.0,1.0,1.0,0.0,2.0,344.0,0.0,77.0,0.0,2.0,0.0,2.0,2.0,5.0,5.0,4144033841.0,18778248.0,市辖区崇明区,市辖区崇明区城桥镇,17.0,30.0,14.0,20.0,81.0,58.300000000000004,85.27441860465116,85.27441860465116
上海市,市辖区,崇明区,堡镇,121.6138167,31.538873,0.0,36.0,25.0,38.0,333.0,36.0,0.0,7.0,277.0,0.0,0.0,0.0,2.0,2.0,7.0,7.0,0.0,1.0,1.0,3.0,4.0,0.0,0.0,0.0,0.0,1.0,21.0,0.0,0.0,16.0,0.0,2.0,0.0,2.0,11.0,6.0,0.0,12.0,13.0,16.0,50.0,6.0,0.0,4.0,134.0,0.0,0.0,0.0,2.0,2.0,5.0,5.0,0.0,1.0,1.0,3.0,4.0,0.0,0.0,0.0,0.0,1.0,3.0,0.0,0.0,0.0,0.0,2.0,0.0,1.0,9.0,4.0,2861355389.0,18310022.0,市辖区崇明区,市辖区崇明区堡镇,16.0,26.0,17.0,7.0,66.0,58.300000000000004,85.27441860465116,85.27441860465116
上海市,市辖区,崇明区,新河镇,121.5161406,31.5852267,0.0,27.0,20.0,56.0,260.0,8.0,0.0,7.0,248.0,0.0,1.0,1.0,0.0,0.0,2.0,2.0,0.0,0.0,0.0,0.0,0.0,0.0,0.0,0.0,0.0,1.0,7.0,0.0,0.0,3.0,0.0,2.0,0.0,2.0,10.0,5.0,0.0,6.0,11.0,9.0,30.0,2.0,0.0,0.0,106.0,0.0,1.0,1.0,0.0,0.0,2.0,2.0,0.0,0.0,0.0,0.0,0.0,0.0,0.0,0.0,0.0,1.0,1.0,0.0,0.0,0.0,0.0,1.0,0.0,1.0,8.0,3.0,3737040051.0,18778253.0,市辖区崇明区,市辖区崇明区新河镇,16.0,28.0,10.0,3.6,57.6,58.300000000000004,85.27441860465116,85.27441860465116
上海市,市辖区,崇明区,庙镇,121.3439921,31.7151444,0.0,10.0,9.0,31.0,37.0,19.0,0.0,1.0,210.0,0.0,0.0,0.0,1.0,1.0,2.0,2.0,0.0,0.0,0.0,0.0,0.0,0.0,0.0,0.0,0.0,1.0,0.0,0.0,0.0,0.0,0.0,0.0,0.0,1.0,9.0,3.0,0.0,0.0,7.0,10.0,7.0,10.0,0.0,0.0,42.0,0.0,0.0,0.0,1.0,1.0,2.0,2.0,0.0,0.0,0.0,0.0,0.0,0.0,0.0,0.0,0.0,1.0,0.0,0.0,0.0,0.0,0.0,0.0,0.0,1.0,7.0,3.0,4144033842.0,18778250.0,市辖区崇明区,市辖区崇明区庙镇,16.0,25.5,10.0,1.5,53.0,58.300000000000004,85.27441860465116,85.27441860465116
上海市,市辖区,崇明区,竖新镇,121.5994474,31.6168584,0.0,0.0,31.0,61.0,128.0,22.0,1.0,0.0,194.0,0.0,0.0,0.0,0.0,0.0,1.0,1.0,0.0,0.0,0.0,0.0,0.0,0.0,0.0,0.0,0.0,1.0,31.0,0.0,0.0,0.0,0.0,1.0,0.0,1.0,8.0,7.0,0.0,0.0,7.0,10.0,13.0,8.0,0.0,0.0,47.0,0.0,0.0,0.0,0.0,0.0,0.0,0.0,0.0,0.0,0.0,0.0,0.0,0.0,0.0,0.0,0.0,1.0,0.0,0.0,0.0,0.0,0.0,1.0,0.0,1.0,6.0,4.0,4144033857.0,18778255.0,市辖区崇明区,市辖区崇明区竖新镇,16.0,26.0,0.0,6.6,48.6,58.300000000000004,85.27441860465116,85.27441860465116
上海市,市辖区,崇明区,向化镇,121.7193425,31.5227486,0.0,29.0,24.0,11.0,595.0,87.0,10.0,2.0,126.0,1.0,0.0,0.0,0.0,0.0,0.0,0.0,0.0,0.0,0.0,0.0,0.0,0.0,0.0,0.0,0.0,1.0,97.0,0.0,0.0,1.0,0.0,1.0,1.0,2.0,12.0,7.0,0.0,0.0,5.0,6.0,93.0,9.0,0.0,0.0,32.0,1.0,0.0,0.0,0.0,0.0,0.0,0.0,0.0,0.0,0.0,0.0,0.0,0.0,0.0,0.0,0.0,1.0,1.0,0.0,0.0,0.0,0.0,0.0,1.0,1.0,8.0,3.0,4144033845.0,18309973.0,市辖区崇明区,市辖区崇明区向化镇,16.0,28.0,0.0,13.4,57.4,58.300000000000004,85.27441860465116,85.27441860465116
上海市,市辖区,崇明区,三星镇,121.2834336,31.7452937,0.0,23.0,10.0,31.0,44.0,19.0,0.0,25.0,140.0,0.0,1.0,7.0,0.0,0.0,2.0,3.0,0.0,0.0,0.0,0.0,1.0,0.0,0.0,0.0,0.0,1.0,7.0,0.0,0.0,0.0,0.0,1.0,0.0,1.0,12.0,7.0,0.0,10.0,5.0,5.0,6.0,4.0,0.0,0.0,35.0,0.0,0.0,7.0,0.0,0.0,1.0,2.0,0.0,0.0,0.0,0.0,1.0,0.0,0.0,0.0,0.0,1.0,6.0,0.0,0.0,0.0,0.0,0.0,0.0,1.0,7.0,4.0,4144033844.0,18778246.0,市辖区崇明区,市辖区崇明区三星镇,16.0,28.0,10.0,4.8,58.8,58.300000000000004,85.27441860465116,85.27441860465116
上海市,市辖区,崇明区,港沿镇,121.6519182,31.5898668,0.0,0.0,17.0,19.0,53.0,33.0,0.0,0.0,133.0,0.0,0.0,0.0,0.0,0.0,0.0,0.0,0.0,0.0,0.0,0.0,0.0,0.0,0.0,0.0,0.0,1.0,22.0,0.0,0.0,0.0,0.0,1.0,0.0,1.0,8.0,4.0,0.0,0.0,11.0,5.0,8.0,7.0,0.0,0.0,35.0,0.0,0.0,0.0,0.0,0.0,0.0,0.0,0.0,0.0,0.0,0.0,0.0,0.0,0.0,0.0,0.0,1.0,13.0,0.0,0.0,0.0,0.0,1.0,0.0,1.0,7.0,4.0,4144033860.0,18310005.0,市辖区崇明区,市辖区崇明区港沿镇,16.0,26.0,0.0,5.5,47.5,58.300000000000004,85.27441860465116,85.27441860465116
上海市,市辖区,崇明区,中兴镇,121.7535663,31.5260114,0.0,16.0,18.0,8.0,329.0,43.0,14.0,3.0,136.0,0.0,0.0,0.0,0.0,0.0,2.0,2.0,0.0,0.0,0.0,0.0,0.0,0.0,0.0,0.0,0.0,1.0,106.0,0.0,0.0,0.0,0.0,2.0,0.0,1.0,13.0,4.0,0.0,6.0,7.0,0.0,56.0,7.0,6.0,3.0,33.0,0.0,0.0,0.0,0.0,0.0,2.0,2.0,0.0,0.0,0.0,0.0,0.0,0.0,0.0,0.0,0.0,1.0,88.0,0.0,0.0,0.0,0.0,2.0,0.0,1.0,10.0,4.0,4144033843.0,18309974.0,市辖区崇明区,市辖区崇明区中兴镇,16.0,26.0,5.0,18.0,65.0,58.300000000000004,85.27441860465116,85.27441860465116
上海市,市辖区,崇明区,陈家镇,121.8283859,31.528379,0.0,0.0,68.0,58.0,229.0,181.0,3.0,24.0,250.0,0.0,0.0,0.0,0.0,0.0,4.0,4.0,0.0,0.0,0.0,5.0,13.0,0.0,0.0,1.0,0.0,4.0,17.0,0.0,0.0,1.0,0.0,3.0,0.0,3.0,13.0,10.0,0.0,0.0,23.0,10.0,13.0,24.0,0.0,5.0,28.0,0.0,0.0,0.0,0.0,0.0,2.0,2.0,0.0,0.0,0.0,1.0,3.0,0.0,0.0,1.0,0.0,2.0,0.0,0.0,0.0,0.0,0.0,0.0,0.0,1.0,6.0,5.0,2861397034.0,18309975.0,市辖区崇明区,市辖区崇明区陈家镇,19.0,26.0,6.0,5.8,56.8,58.300000000000004,85.27441860465116,85.27441860465116
上海市,市辖区,崇明区,绿华镇,121.2151974,31.7631672,0.0,0.0,1.0,59.0,103.0,10.0,0.0,7.0,116.0,1.0,0.0,0.0,0.0,0.0,0.0,0.0,0.0,0.0,0.0,0.0,0.0,0.0,0.0,0.0,0.0,1.0,0.0,0.0,0.0,1.0,0.0,1.0,1.0,2.0,10.0,11.0,0.0,0.0,1.0,14.0,17.0,0.0,0.0,0.0,28.0,0.0,0.0,0.0,0.0,0.0,0.0,0.0,0.0,0.0,0.0,0.0,0.0,0.0,0.0,0.0,0.0,1.0,0.0,0.0,0.0,0.0,0.0,0.0,0.0,1.0,6.0,5.0,4144033855.0,18778247.0,市辖区崇明区,市辖区崇明区绿华镇,16.0,28.0,0.0,4.1,48.1,58.300000000000004,85.27441860465116,85.27441860465116
上海市,市辖区,崇明区,港西镇,121.4112389,31.6892293,0.0,0.0,13.0,33.0,105.0,13.0,0.0,3.0,172.0,0.0,0.0,0.0,0.0,0.0,0.0,1.0,0.0,0.0,0.0,0.0,2.0,0.0,0.0,0.0,0.0,2.0,0.0,0.0,0.0,0.0,0.0,0.0,2.0,2.0,8.0,5.0,0.0,0.0,2.0,7.0,10.0,1.0,0.0,1.0,35.0,0.0,0.0,0.0,0.0,0.0,0.0,0.0,0.0,0.0,0.0,0.0,0.0,0.0,0.0,0.0,0.0,1.0,0.0,0.0,0.0,0.0,0.0,0.0,0.0,1.0,8.0,2.0,4144033858.0,18778251.0,市辖区崇明区,市辖区崇明区港西镇,17.0,26.0,0.0,2.5,45.5,58.300000000000004,85.27441860465116,85.27441860465116
上海市,市辖区,崇明区,建设镇,121.4509611,31.656486,0.0,8.0,26.0,37.0,123.0,33.0,0.0,5.0,132.0,0.0,0.0,0.0,0.0,0.0,0.0,0.0,0.0,0.0,1.0,1.0,13.0,2.0,1.0,1.0,0.0,1.0,13.0,2.0,13.0,0.0,0.0,1.0,1.0,2.0,11.0,11.0,0.0,0.0,2.0,2.0,25.0,19.0,0.0,1.0,21.0,0.0,0.0,0.0,0.0,0.0,0.0,0.0,0.0,0.0,1.0,0.0,5.0,2.0,1.0,1.0,0.0,1.0,11.0,2.0,13.0,0.0,0.0,0.0,0.0,1.0,7.0,6.0,4144033856.0,18778252.0,市辖区崇明区,市辖区崇明区建设镇,16.0,26.0,2.0,6.4,50.4,58.300000000000004,85.27441860465116,85.27441860465116
上海市,市辖区,崇明区,新海镇,121.2885326,31.8199336,0.0,0.0,14.0,33.0,67.0,4.0,0.0,0.0,129.0,0.0,0.0,0.0,0.0,0.0,0.0,0.0,0.0,0.0,0.0,0.0,1.0,0.0,1.0,0.0,0.0,1.0,0.0,0.0,0.0,0.0,0.0,0.0,0.0,0.0,7.0,6.0,0.0,0.0,8.0,1.0,11.0,4.0,0.0,0.0,27.0,0.0,0.0,0.0,0.0,0.0,0.0,0.0,0.0,0.0,0.0,0.0,0.0,0.0,0.0,0.0,0.0,1.0,0.0,0.0,0.0,0.0,0.0,0.0,0.0,0.0,7.0,3.0,4144033862.0,18778249.0,市辖区崇明区,市辖区崇明区新海镇,16.0,25.5,0.0,3.0,44.5,58.300000000000004,85.27441860465116,85.27441860465116
上海市,市辖区,崇明区,东平镇,121.5368094,31.6775346,0.0,0.0,23.0,23.0,21.0,34.0,0.0,0.0,127.0,6.0,0.0,0.0,0.0,0.0,2.0,3.0,0.0,0.0,0.0,0.0,5.0,0.0,0.0,0.0,0.0,1.0,16.0,0.0,1.0,1.0,0.0,9.0,1.0,1.0,8.0,15.0,0.0,0.0,6.0,16.0,2.0,4.0,0.0,0.0,51.0,1.0,0.0,0.0,0.0,0.0,2.0,3.0,0.0,0.0,0.0,0.0,5.0,0.0,0.0,0.0,0.0,1.0,1.0,0.0,0.0,0.0,0.0,2.0,0.0,0.0,6.0,6.0,4144033861.0,18778254.0,市辖区崇明区,市辖区崇明区东平镇,16.0,22.8,5.0,5.8,49.599999999999994,58.300000000000004,85.27441860465116,85.27441860465116
上海市,市辖区,崇明区,长兴镇,121.6895931,31.391859,0.0,0.0,54.0,63.0,407.0,440.0,2.0,29.0,197.0,4.0,3.0,0.0,2.0,4.0,12.0,14.0,0.0,0.0,0.0,2.0,25.0,12.0,10.0,12.0,3.0,1.0,140.0,0.0,0.0,22.0,0.0,27.0,1.0,5.0,20.0,17.0,0.0,0.0,11.0,7.0,124.0,149.0,0.0,1.0,78.0,1.0,0.0,0.0,2.0,2.0,5.0,6.0,0.0,0.0,0.0,0.0,14.0,10.0,1.0,6.0,1.0,1.0,3.0,0.0,0.0,0.0,0.0,13.0,1.0,2.0,9.0,13.0,4144033867.0,16469113.0,市辖区崇明区,市辖区崇明区长兴镇,16.0,30.0,10.0,20.0,76.0,58.300000000000004,85.27441860465116,85.27441860465116
上海市,市辖区,崇明区,新村乡,121.3276315,31.8311419,0.0,0.0,8.0,4.0,36.0,7.0,0.0,0.0,111.0,0.0,0.0,2.0,1.0,1.0,1.0,1.0,1.0,0.0,0.0,0.0,2.0,0.0,0.0,0.0,0.0,1.0,14.0,0.0,0.0,1.0,0.0,1.0,0.0,2.0,7.0,11.0,0.0,0.0,5.0,1.0,20.0,0.0,0.0,0.0,30.0,0.0,0.0,2.0,1.0,1.0,1.0,1.0,1.0,0.0,0.0,0.0,1.0,0.0,0.0,0.0,0.0,1.0,14.0,0.0,0.0,0.0,0.0,0.0,0.0,1.0,6.0,6.0,4144033868.0,18778245.0,市辖区崇明区,市辖区崇明区新村乡,16.0,25.5,20.0,6.9,68.4,58.300000000000004,85.27441860465116,85.27441860465116
上海市,市辖区,崇明区,横沙乡,121.8375283,31.3427721,0.0,0.0,6.0,18.0,381.0,176.0,0.0,19.0,140.0,0.0,0.0,5.0,0.0,0.0,2.0,3.0,5.0,0.0,0.0,0.0,2.0,0.0,0.0,0.0,0.0,18.0,61.0,0.0,0.0,1.0,0.0,4.0,2.0,2.0,10.0,9.0,0.0,0.0,3.0,8.0,100.0,83.0,0.0,13.0,56.0,0.0,0.0,5.0,0.0,0.0,2.0,3.0,5.0,0.0,0.0,0.0,2.0,0.0,0.0,0.0,0.0,2.0,40.0,0.0,0.0,0.0,0.0,2.0,0.0,2.0,7.0,5.0,4144033869.0,15708308.0,市辖区崇明区,市辖区崇明区横沙乡,20.0,26.0,15.0,14.200000000000001,75.2,58.300000000000004,85.27441860465116,85.27441860465116
