addr_1,addr_2,addr_3,addr_4,lon,lat,hw_trunk_3km,hw_primary_3km,hw_secondary_3km,hw_tertiary_3km,hw_res_uncl_3km,hw_service_3km,hw_cycleway_3km,hw_footway_3km,hw_bus_stop_3km,hw_parking_3km,hw_fuel_3km,am_gov_3km,am_medical_3km,am_healthcare_3km,am_school_3km,am_education_3km,am_police_3km,am_post_3km,am_bank_3km,am_shop_3km,lu_residential_3km,lu_commercial_3km,lu_industrial_3km,lu_retail_3km,lu_construction_3km,pl_3km,bld_3km,blp_3km,bll_3km,mm_3km,ad_3km,lsr_3km,trs_3km,wd_3km,hw_types_3km,lu_types_3km,hw_trunk_1km,hw_primary_1km,hw_secondary_1km,hw_tertiary_1km,hw_res_uncl_1km,hw_service_1km,hw_cycleway_1km,hw_footway_1km,hw_bus_stop_1km,hw_parking_1km,hw_fuel_1km,am_gov_1km,am_medical_1km,am_healthcare_1km,am_school_1km,am_education_1km,am_police_1km,am_post_1km,am_bank_1km,am_shop_1km,lu_residential_1km,lu_commercial_1km,lu_industrial_1km,lu_retail_1km,lu_construction_1km,pl_1km,bld_1km,blp_1km,bll_1km,mm_1km,ad_1km,lsr_1km,trs_1km,wd_1km,hw_types_1km,lu_types_1km,node,boundary,u_addr_3,u_addr_4,score_1,score_2,score_3,score_4,score,u_addr_3_avg_score,addr_2_avg_score,addr_1_avg_score
福建省,福州市,鼓楼区,鼓东街道,119.2973613,26.0959852,66.0,150.0,257.0,322.0,320.0,214.0,33.0,394.0,234.0,38.0,3.0,11.0,16.0,22.0,36.0,54.0,3.0,4.0,20.0,115.0,213.0,35.0,4.0,9.0,8.0,21.0,1541.0,10.0,62.0,15.0,62.0,77.0,50.0,57.0,24.0,23.0,0.0,14.0,38.0,52.0,69.0,35.0,2.0,53.0,31.0,7.0,0.0,2.0,4.0,8.0,12.0,16.0,0.0,1.0,9.0,37.0,13.0,3.0,0.0,3.0,1.0,4.0,283.0,4.0,11.0,0.0,19.0,7.0,7.0,17.0,17.0,9.0,8264063669.0,12099706.0,福州市鼓楼区,福州市鼓楼区鼓东街道,20.0,30.0,25.0,20.0,95.0,90.6,57.445,44.672332730560576
福建省,福州市,鼓楼区,鼓西街道,119.2850017,26.09163,63.0,127.0,219.0,257.0,360.0,182.0,24.0,397.0,176.0,43.0,1.0,9.0,16.0,24.0,31.0,44.0,1.0,2.0,18.0,115.0,104.0,13.0,1.0,15.0,9.0,17.0,1479.0,10.0,73.0,13.0,65.0,105.0,47.0,54.0,25.0,21.0,10.0,20.0,33.0,28.0,70.0,35.0,2.0,87.0,26.0,14.0,1.0,0.0,1.0,3.0,9.0,10.0,0.0,0.0,3.0,20.0,24.0,1.0,0.0,2.0,3.0,2.0,683.0,2.0,18.0,7.0,13.0,15.0,11.0,12.0,18.0,12.0,8264063671.0,12099708.0,福州市鼓楼区,福州市鼓楼区鼓西街道,20.0,30.0,23.0,20.0,93.0,90.6,57.445,44.672332730560576
福建省,福州市,鼓楼区,温泉街道,119.3065452,26.0939425,78.0,162.0,287.0,307.0,270.0,256.0,28.0,404.0,272.0,34.0,3.0,10.0,14.0,20.0,35.0,52.0,2.0,5.0,19.0,124.0,220.0,25.0,4.0,12.0,7.0,20.0,1569.0,10.0,62.0,12.0,62.0,61.0,46.0,63.0,26.0,23.0,0.0,27.0,18.0,44.0,52.0,22.0,1.0,35.0,25.0,3.0,0.0,1.0,4.0,6.0,9.0,9.0,0.0,1.0,9.0,27.0,9.0,1.0,0.0,1.0,1.0,2.0,67.0,2.0,5.0,0.0,11.0,8.0,7.0,12.0,17.0,10.0,8264063675.0,12099712.0,福州市鼓楼区,福州市鼓楼区温泉街道,20.0,30.0,25.0,20.0,95.0,90.6,57.445,44.672332730560576
福建省,福州市,鼓楼区,东街街道,119.2993784,26.0875059,78.0,183.0,257.0,299.0,317.0,153.0,23.0,395.0,237.0,40.0,2.0,8.0,16.0,25.0,31.0,40.0,0.0,4.0,21.0,123.0,120.0,12.0,3.0,17.0,10.0,22.0,1494.0,10.0,62.0,16.0,65.0,67.0,49.0,58.0,24.0,18.0,0.0,19.0,24.0,49.0,70.0,31.0,4.0,78.0,44.0,10.0,0.0,1.0,8.0,13.0,13.0,17.0,0.0,1.0,14.0,75.0,13.0,2.0,0.0,5.0,4.0,4.0,996.0,4.0,8.0,0.0,25.0,9.0,26.0,23.0,17.0,12.0,8264063670.0,12099707.0,福州市鼓楼区,福州市鼓楼区东街街道,20.0,30.0,25.0,20.0,95.0,90.6,57.445,44.672332730560576
福建省,福州市,鼓楼区,南街街道,119.2868041,26.0837672,59.0,135.0,218.0,288.0,348.0,157.0,28.0,390.0,203.0,43.0,1.0,6.0,15.0,25.0,31.0,40.0,0.0,2.0,20.0,126.0,81.0,19.0,1.0,17.0,9.0,17.0,1502.0,10.0,55.0,15.0,65.0,85.0,49.0,57.0,24.0,20.0,8.0,42.0,39.0,51.0,85.0,30.0,5.0,104.0,43.0,8.0,0.0,2.0,4.0,5.0,7.0,7.0,0.0,0.0,4.0,38.0,22.0,1.0,0.0,4.0,4.0,3.0,1077.0,2.0,16.0,8.0,16.0,20.0,15.0,17.0,17.0,11.0,8264063672.0,12099709.0,福州市鼓楼区,福州市鼓楼区南街街道,20.0,30.0,23.0,20.0,93.0,90.6,57.445,44.672332730560576
福建省,福州市,鼓楼区,安泰街道,119.2969583,26.0788234,51.0,194.0,260.0,368.0,332.0,136.0,23.0,389.0,302.0,36.0,1.0,7.0,16.0,26.0,37.0,45.0,0.0,3.0,20.0,137.0,103.0,23.0,2.0,21.0,9.0,28.0,1581.0,10.0,51.0,16.0,69.0,77.0,52.0,62.0,25.0,18.0,0.0,19.0,36.0,77.0,54.0,37.0,11.0,123.0,42.0,10.0,0.0,3.0,6.0,8.0,6.0,7.0,0.0,0.0,4.0,44.0,4.0,0.0,0.0,4.0,2.0,4.0,684.0,6.0,10.0,2.0,21.0,8.0,19.0,25.0,19.0,12.0,8264063673.0,12099710.0,福州市鼓楼区,福州市鼓楼区安泰街道,20.0,30.0,23.0,20.0,93.0,90.6,57.445,44.672332730560576
福建省,福州市,鼓楼区,华大街道,119.2976188,26.1107838,48.0,120.0,242.0,295.0,225.0,241.0,27.0,268.0,294.0,28.0,4.0,11.0,14.0,19.0,42.0,77.0,10.0,5.0,17.0,86.0,264.0,45.0,5.0,10.0,7.0,15.0,1330.0,4.0,57.0,11.0,45.0,50.0,31.0,41.0,25.0,22.0,18.0,33.0,34.0,36.0,22.0,28.0,5.0,21.0,26.0,3.0,0.0,5.0,1.0,1.0,5.0,9.0,1.0,1.0,0.0,3.0,55.0,9.0,0.0,1.0,0.0,2.0,55.0,0.0,29.0,0.0,11.0,14.0,3.0,15.0,16.0,7.0,8264063668.0,12099705.0,福州市鼓楼区,福州市鼓楼区华大街道,20.0,30.0,25.0,20.0,95.0,90.6,57.445,44.672332730560576
福建省,福州市,鼓楼区,水部街道,119.3110084,26.0793731,60.0,209.0,269.0,315.0,276.0,366.0,22.0,331.0,359.0,30.0,2.0,6.0,16.0,24.0,38.0,47.0,0.0,2.0,19.0,133.0,158.0,11.0,3.0,17.0,12.0,27.0,2108.0,10.0,44.0,14.0,56.0,66.0,46.0,62.0,24.0,18.0,0.0,30.0,36.0,27.0,26.0,16.0,8.0,73.0,16.0,5.0,0.0,0.0,0.0,0.0,4.0,4.0,0.0,0.0,1.0,7.0,12.0,0.0,0.0,1.0,0.0,1.0,35.0,6.0,9.0,1.0,5.0,6.0,8.0,19.0,20.0,10.0,8264063674.0,12099711.0,福州市鼓楼区,福州市鼓楼区水部街道,20.0,30.0,18.0,20.0,88.0,90.6,57.445,44.672332730560576
福建省,福州市,鼓楼区,五凤街道,119.2750453,26.1105141,32.0,57.0,157.0,170.0,222.0,206.0,15.0,197.0,140.0,21.0,2.0,7.0,10.0,12.0,23.0,42.0,4.0,1.0,6.0,27.0,150.0,22.0,7.0,3.0,2.0,10.0,442.0,1.0,50.0,9.0,24.0,74.0,17.0,31.0,25.0,19.0,5.0,0.0,21.0,15.0,21.0,29.0,0.0,9.0,6.0,1.0,0.0,0.0,1.0,1.0,0.0,0.0,0.0,0.0,0.0,1.0,11.0,0.0,0.0,1.0,1.0,1.0,20.0,0.0,2.0,2.0,4.0,7.0,1.0,2.0,11.0,11.0,8264063667.0,12099704.0,福州市鼓楼区,福州市鼓楼区五凤街道,20.0,30.0,11.0,20.0,81.0,90.6,57.445,44.672332730560576
福建省,福州市,鼓楼区,洪山镇,119.2702388,26.0673832,61.0,145.0,211.0,319.0,295.0,436.0,27.0,279.0,345.0,38.0,3.0,12.0,18.0,22.0,27.0,57.0,2.0,2.0,1.0,78.0,153.0,35.0,23.0,26.0,8.0,61.0,896.0,0.0,33.0,15.0,33.0,135.0,27.0,34.0,24.0,23.0,21.0,8.0,27.0,25.0,24.0,1.0,6.0,27.0,8.0,1.0,0.0,0.0,0.0,1.0,0.0,2.0,0.0,0.0,0.0,3.0,8.0,6.0,0.0,1.0,1.0,2.0,7.0,0.0,0.0,1.0,3.0,5.0,1.0,11.0,17.0,11.0,8264063666.0,12099703.0,福州市鼓楼区,福州市鼓楼区洪山镇,20.0,30.0,8.0,20.0,78.0,90.6,57.445,44.672332730560576
福建省,福州市,台江区,瀛洲街道,119.3213939,26.0588648,59.0,203.0,297.0,345.0,144.0,418.0,33.0,387.0,468.0,25.0,5.0,18.0,10.0,11.0,53.0,81.0,6.0,1.0,9.0,72.0,389.0,18.0,6.0,12.0,6.0,24.0,1446.0,6.0,102.0,11.0,101.0,92.0,39.0,53.0,25.0,17.0,2.0,27.0,49.0,38.0,6.0,4.0,5.0,5.0,72.0,0.0,0.0,0.0,0.0,0.0,4.0,4.0,1.0,0.0,0.0,1.0,14.0,0.0,0.0,2.0,0.0,1.0,44.0,0.0,1.0,0.0,1.0,6.0,2.0,14.0,16.0,7.0,8264158795.0,12100063.0,福州市台江区,福州市台江区瀛洲街道,20.0,30.0,16.0,20.0,86.0,89.8,57.445,44.672332730560576
福建省,福州市,台江区,后洲街道,119.3056029,26.0586342,47.0,190.0,269.0,417.0,210.0,209.0,23.0,347.0,440.0,28.0,2.0,17.0,16.0,21.0,60.0,92.0,6.0,1.0,10.0,105.0,310.0,23.0,4.0,24.0,7.0,50.0,924.0,6.0,102.0,9.0,112.0,107.0,52.0,68.0,26.0,20.0,0.0,35.0,42.0,58.0,15.0,5.0,0.0,35.0,91.0,0.0,0.0,1.0,2.0,3.0,5.0,5.0,0.0,0.0,1.0,18.0,23.0,4.0,0.0,1.0,0.0,7.0,124.0,0.0,10.0,2.0,10.0,13.0,10.0,17.0,14.0,8.0,8264198618.0,12100066.0,福州市台江区,福州市台江区后洲街道,20.0,30.0,23.0,20.0,93.0,89.8,57.445,44.672332730560576
福建省,福州市,台江区,义洲街道,119.2915248,26.0611779,61.0,194.0,254.0,388.0,251.0,160.0,36.0,386.0,402.0,30.0,1.0,14.0,18.0,24.0,54.0,85.0,3.0,0.0,9.0,140.0,164.0,25.0,1.0,27.0,6.0,77.0,1568.0,6.0,94.0,10.0,115.0,118.0,58.0,63.0,25.0,20.0,12.0,14.0,24.0,67.0,21.0,7.0,0.0,13.0,42.0,5.0,0.0,0.0,2.0,3.0,4.0,4.0,0.0,0.0,0.0,15.0,9.0,6.0,0.0,10.0,1.0,2.0,57.0,0.0,1.0,2.0,3.0,16.0,3.0,10.0,18.0,11.0,8264198620.0,12100068.0,福州市台江区,福州市台江区义洲街道,20.0,30.0,21.0,20.0,91.0,89.8,57.445,44.672332730560576
福建省,福州市,台江区,新港街道,119.3131542,26.0665751,55.0,199.0,297.0,356.0,202.0,370.0,26.0,343.0,426.0,28.0,2.0,15.0,18.0,22.0,49.0,66.0,4.0,3.0,18.0,101.0,288.0,12.0,6.0,21.0,10.0,26.0,1810.0,8.0,103.0,8.0,115.0,84.0,50.0,68.0,25.0,19.0,0.0,41.0,32.0,38.0,12.0,6.0,1.0,19.0,45.0,0.0,0.0,0.0,1.0,2.0,3.0,3.0,0.0,0.0,1.0,6.0,4.0,0.0,0.0,1.0,0.0,2.0,52.0,0.0,0.0,2.0,6.0,9.0,5.0,14.0,14.0,6.0,8264158796.0,12100064.0,福州市台江区,福州市台江区新港街道,20.0,30.0,23.0,20.0,93.0,89.8,57.445,44.672332730560576
福建省,福州市,台江区,上海街道,119.2907523,26.0701988,60.0,181.0,233.0,346.0,297.0,108.0,33.0,353.0,332.0,32.0,1.0,6.0,15.0,25.0,38.0,51.0,0.0,1.0,17.0,138.0,109.0,23.0,1.0,25.0,8.0,42.0,1584.0,10.0,64.0,16.0,70.0,83.0,51.0,64.0,25.0,20.0,16.0,33.0,36.0,53.0,62.0,12.0,5.0,22.0,34.0,6.0,0.0,2.0,2.0,4.0,1.0,2.0,0.0,0.0,0.0,14.0,7.0,2.0,0.0,10.0,3.0,2.0,8.0,0.0,0.0,2.0,9.0,10.0,4.0,17.0,16.0,9.0,8264198622.0,12100070.0,福州市台江区,福州市台江区上海街道,20.0,30.0,21.0,20.0,91.0,89.8,57.445,44.672332730560576
福建省,福州市,台江区,苍霞街道,119.2914789,26.0516286,63.0,192.0,265.0,387.0,190.0,184.0,26.0,248.0,468.0,39.0,2.0,16.0,23.0,27.0,62.0,105.0,5.0,1.0,5.0,112.0,247.0,29.0,2.0,27.0,3.0,78.0,618.0,0.0,91.0,7.0,100.0,144.0,38.0,47.0,24.0,18.0,4.0,14.0,18.0,53.0,3.0,14.0,0.0,19.0,52.0,0.0,0.0,0.0,0.0,0.0,4.0,6.0,0.0,0.0,0.0,5.0,14.0,3.0,0.0,1.0,0.0,5.0,100.0,0.0,0.0,1.0,1.0,18.0,3.0,11.0,16.0,10.0,8264198619.0,12100067.0,福州市台江区,福州市台江区苍霞街道,20.0,30.0,15.0,20.0,85.0,89.8,57.445,44.672332730560576
福建省,福州市,台江区,茶亭街道,119.303584,26.0711625,61.0,201.0,265.0,350.0,296.0,208.0,26.0,318.0,378.0,27.0,0.0,8.0,16.0,26.0,50.0,61.0,2.0,2.0,19.0,136.0,159.0,21.0,2.0,20.0,11.0,29.0,1960.0,10.0,103.0,15.0,110.0,75.0,59.0,69.0,25.0,19.0,0.0,28.0,33.0,52.0,38.0,31.0,6.0,81.0,31.0,8.0,0.0,0.0,3.0,4.0,2.0,3.0,0.0,0.0,2.0,13.0,3.0,0.0,0.0,1.0,0.0,2.0,54.0,6.0,8.0,2.0,8.0,9.0,6.0,15.0,19.0,10.0,8264198654.0,12100071.0,福州市台江区,福州市台江区茶亭街道,20.0,28.0,23.0,20.0,91.0,89.8,57.445,44.672332730560576
福建省,福州市,台江区,洋中街道,119.299246,26.0584917,46.0,197.0,254.0,423.0,212.0,136.0,27.0,360.0,425.0,28.0,2.0,12.0,15.0,20.0,60.0,93.0,5.0,1.0,7.0,115.0,250.0,23.0,4.0,27.0,5.0,65.0,1020.0,6.0,102.0,9.0,111.0,106.0,53.0,61.0,26.0,20.0,0.0,32.0,37.0,74.0,13.0,8.0,0.0,29.0,88.0,0.0,0.0,1.0,2.0,3.0,6.0,6.0,0.0,0.0,1.0,16.0,23.0,2.0,0.0,0.0,0.0,7.0,137.0,0.0,10.0,2.0,6.0,14.0,8.0,9.0,14.0,9.0,8264198617.0,12100065.0,福州市台江区,福州市台江区洋中街道,20.0,30.0,23.0,20.0,93.0,89.8,57.445,44.672332730560576
福建省,福州市,台江区,鳌峰街道,119.3471431,26.0557806,70.0,125.0,291.0,224.0,140.0,576.0,64.0,552.0,327.0,33.0,6.0,12.0,6.0,6.0,32.0,55.0,4.0,1.0,4.0,36.0,253.0,24.0,13.0,7.0,9.0,7.0,1863.0,5.0,16.0,16.0,14.0,77.0,11.0,30.0,24.0,22.0,9.0,26.0,19.0,42.0,13.0,30.0,7.0,53.0,53.0,5.0,0.0,0.0,0.0,0.0,6.0,8.0,0.0,0.0,0.0,4.0,28.0,14.0,1.0,2.0,1.0,1.0,110.0,0.0,0.0,5.0,3.0,27.0,2.0,10.0,17.0,10.0,8264158794.0,12100062.0,福州市台江区,福州市台江区鳌峰街道,20.0,30.0,14.0,20.0,84.0,89.8,57.445,44.672332730560576
福建省,福州市,台江区,宁化街道,119.2800235,26.0623345,59.0,170.0,240.0,371.0,242.0,276.0,29.0,254.0,425.0,32.0,1.0,11.0,19.0,25.0,36.0,69.0,1.0,1.0,4.0,111.0,153.0,33.0,19.0,27.0,7.0,76.0,1142.0,0.0,23.0,9.0,44.0,102.0,36.0,48.0,23.0,22.0,28.0,2.0,28.0,37.0,28.0,5.0,3.0,6.0,26.0,6.0,0.0,0.0,1.0,4.0,2.0,4.0,0.0,0.0,0.0,13.0,14.0,14.0,0.0,12.0,3.0,1.0,11.0,0.0,0.0,1.0,2.0,6.0,2.0,13.0,18.0,11.0,8264198621.0,12100069.0,福州市台江区,福州市台江区宁化街道,20.0,30.0,21.0,20.0,91.0,89.8,57.445,44.672332730560576
福建省,福州市,仓山区,仓前街道,119.310568,26.0467129,76.0,164.0,269.0,372.0,160.0,105.0,16.0,246.0,439.0,18.0,4.0,16.0,9.0,10.0,61.0,105.0,7.0,1.0,9.0,71.0,321.0,14.0,5.0,16.0,6.0,56.0,715.0,0.0,93.0,8.0,97.0,104.0,34.0,47.0,23.0,18.0,0.0,40.0,38.0,68.0,37.0,25.0,2.0,94.0,74.0,5.0,1.0,6.0,4.0,4.0,22.0,28.0,2.0,1.0,2.0,18.0,95.0,5.0,1.0,4.0,0.0,4.0,271.0,0.0,85.0,0.0,75.0,29.0,15.0,21.0,20.0,10.0,8263794853.0,17995292.0,福州市仓山区,福州市仓山区仓前街道,20.0,30.0,30.0,20.0,100.0,92.38461538461539,57.445,44.672332730560576
福建省,福州市,仓山区,东升街道,119.3221517,26.0290518,96.0,61.0,198.0,267.0,233.0,55.0,34.0,231.0,268.0,17.0,10.0,17.0,7.0,8.0,45.0,80.0,6.0,1.0,3.0,46.0,278.0,11.0,8.0,5.0,7.0,16.0,407.0,0.0,83.0,8.0,81.0,79.0,27.0,37.0,23.0,19.0,35.0,11.0,32.0,55.0,21.0,3.0,4.0,26.0,37.0,2.0,2.0,2.0,0.0,0.0,5.0,11.0,1.0,0.0,0.0,4.0,41.0,1.0,0.0,1.0,4.0,3.0,11.0,0.0,1.0,0.0,2.0,2.0,1.0,9.0,18.0,9.0,8263794854.0,17995290.0,福州市仓山区,福州市仓山区东升街道,20.0,30.0,19.0,20.0,89.0,92.38461538461539,57.445,44.672332730560576
福建省,福州市,仓山区,对湖街道,119.3063383,26.0432216,84.0,163.0,255.0,380.0,153.0,132.0,9.0,248.0,443.0,20.0,4.0,16.0,15.0,16.0,66.0,111.0,7.0,1.0,5.0,69.0,308.0,12.0,5.0,16.0,4.0,60.0,591.0,0.0,93.0,6.0,91.0,104.0,36.0,42.0,23.0,19.0,0.0,19.0,23.0,62.0,41.0,23.0,2.0,124.0,36.0,2.0,1.0,7.0,2.0,2.0,23.0,32.0,2.0,0.0,1.0,23.0,72.0,3.0,1.0,0.0,0.0,3.0,280.0,0.0,80.0,0.0,74.0,36.0,16.0,15.0,17.0,10.0,8263794855.0,17995291.0,福州市仓山区,福州市仓山区对湖街道,20.0,30.0,28.0,20.0,98.0,92.38461538461539,57.445,44.672332730560576
福建省,福州市,仓山区,临江街道,119.3165445,26.0505371,54.0,140.0,257.0,387.0,169.0,206.0,25.0,275.0,456.0,15.0,4.0,17.0,8.0,9.0,60.0,98.0,6.0,1.0,8.0,69.0,354.0,16.0,8.0,9.0,7.0,29.0,996.0,0.0,93.0,9.0,98.0,107.0,33.0,46.0,22.0,18.0,0.0,37.0,41.0,70.0,26.0,5.0,4.0,37.0,77.0,4.0,0.0,5.0,3.0,3.0,19.0,23.0,3.0,1.0,1.0,3.0,91.0,3.0,2.0,5.0,0.0,3.0,164.0,0.0,54.0,0.0,49.0,13.0,8.0,18.0,19.0,10.0,8263794856.0,12099231.0,福州市仓山区,福州市仓山区临江街道,20.0,30.0,27.0,20.0,97.0,92.38461538461539,57.445,44.672332730560576
福建省,福州市,仓山区,三叉街街道,119.3283462,26.0337643,98.0,65.0,246.0,292.0,196.0,57.0,37.0,258.0,325.0,18.0,10.0,16.0,5.0,5.0,42.0,76.0,6.0,1.0,6.0,49.0,285.0,23.0,8.0,9.0,7.0,14.0,397.0,0.0,83.0,11.0,87.0,78.0,28.0,38.0,23.0,19.0,22.0,10.0,36.0,56.0,27.0,2.0,2.0,36.0,51.0,4.0,4.0,5.0,0.0,0.0,5.0,11.0,1.0,0.0,0.0,8.0,61.0,2.0,2.0,2.0,4.0,2.0,25.0,0.0,1.0,3.0,4.0,1.0,2.0,10.0,18.0,12.0,8263794885.0,17995289.0,福州市仓山区,福州市仓山区三叉街街道,20.0,30.0,21.0,20.0,91.0,92.38461538461539,57.445,44.672332730560576
福建省,福州市,仓山区,上渡街道,119.291954,26.0377553,44.0,146.0,205.0,333.0,168.0,204.0,5.0,243.0,475.0,40.0,3.0,14.0,23.0,24.0,66.0,116.0,5.0,1.0,4.0,101.0,252.0,19.0,2.0,22.0,1.0,75.0,613.0,0.0,91.0,7.0,85.0,166.0,39.0,35.0,24.0,20.0,10.0,21.0,11.0,35.0,17.0,49.0,0.0,40.0,32.0,4.0,0.0,1.0,2.0,2.0,12.0,22.0,1.0,0.0,1.0,15.0,18.0,0.0,0.0,0.0,0.0,20.0,87.0,0.0,0.0,0.0,1.0,22.0,1.0,7.0,16.0,7.0,8263794886.0,17995293.0,福州市仓山区,福州市仓山区上渡街道,20.0,30.0,28.0,20.0,98.0,92.38461538461539,57.445,44.672332730560576
福建省,福州市,仓山区,下渡街道,119.3292045,26.0473948,108.0,161.0,318.0,357.0,172.0,270.0,57.0,357.0,461.0,21.0,5.0,18.0,7.0,8.0,56.0,91.0,6.0,1.0,6.0,48.0,377.0,32.0,8.0,10.0,12.0,17.0,1142.0,0.0,92.0,15.0,92.0,105.0,30.0,40.0,22.0,16.0,17.0,0.0,68.0,45.0,13.0,3.0,6.0,13.0,43.0,4.0,0.0,5.0,0.0,0.0,5.0,12.0,1.0,0.0,0.0,2.0,80.0,0.0,3.0,1.0,0.0,1.0,20.0,0.0,1.0,1.0,2.0,2.0,1.0,14.0,13.0,8.0,8263794887.0,17995287.0,福州市仓山区,福州市仓山区下渡街道,20.0,30.0,17.0,20.0,87.0,92.38461538461539,57.445,44.672332730560576
福建省,福州市,仓山区,金山街道,119.2496713,26.0422244,29.0,99.0,130.0,197.0,224.0,961.0,23.0,453.0,467.0,44.0,5.0,15.0,12.0,16.0,28.0,77.0,2.0,1.0,0.0,52.0,164.0,22.0,30.0,26.0,1.0,65.0,874.0,0.0,15.0,89.0,5.0,130.0,9.0,19.0,21.0,24.0,0.0,22.0,16.0,35.0,20.0,214.0,1.0,198.0,81.0,9.0,0.0,5.0,2.0,4.0,7.0,19.0,2.0,0.0,0.0,3.0,40.0,1.0,0.0,8.0,0.0,15.0,137.0,0.0,2.0,1.0,0.0,31.0,1.0,4.0,13.0,15.0,8263792762.0,12099235.0,福州市仓山区,福州市仓山区金山街道,20.0,30.0,23.0,20.0,93.0,92.38461538461539,57.445,44.672332730560576
福建省,福州市,仓山区,仓山镇,119.3101659,26.0371055,90.0,130.0,228.0,330.0,176.0,127.0,10.0,250.0,391.0,18.0,5.0,16.0,12.0,13.0,57.0,101.0,7.0,1.0,4.0,58.0,304.0,12.0,8.0,7.0,5.0,48.0,554.0,0.0,93.0,5.0,86.0,96.0,34.0,36.0,23.0,20.0,0.0,18.0,11.0,58.0,53.0,30.0,1.0,98.0,43.0,4.0,2.0,6.0,1.0,1.0,14.0,25.0,1.0,1.0,1.0,23.0,84.0,3.0,1.0,2.0,1.0,2.0,189.0,0.0,27.0,0.0,25.0,47.0,6.0,9.0,17.0,12.0,8263792765.0,17995294.0,福州市仓山区,福州市仓山区仓山镇,20.0,30.0,30.0,20.0,100.0,92.38461538461539,57.445,44.672332730560576
福建省,福州市,仓山区,城门镇,119.3639837,25.9951435,85.0,12.0,156.0,132.0,285.0,172.0,62.0,298.0,214.0,13.0,2.0,1.0,2.0,3.0,14.0,22.0,1.0,0.0,0.0,16.0,47.0,1.0,5.0,0.0,2.0,4.0,787.0,0.0,52.0,6.0,13.0,46.0,5.0,29.0,21.0,18.0,6.0,0.0,16.0,13.0,51.0,8.0,13.0,42.0,45.0,1.0,0.0,1.0,1.0,1.0,4.0,5.0,1.0,0.0,0.0,3.0,8.0,0.0,2.0,0.0,0.0,2.0,130.0,0.0,19.0,0.0,6.0,15.0,1.0,9.0,17.0,13.0,8263792763.0,12099234.0,福州市仓山区,福州市仓山区城门镇,19.0,30.0,23.0,20.0,92.0,92.38461538461539,57.445,44.672332730560576
福建省,福州市,仓山区,盖山镇,119.3299336,26.0239449,112.0,35.0,216.0,247.0,266.0,51.0,34.0,145.0,255.0,16.0,10.0,13.0,3.0,4.0,31.0,61.0,4.0,1.0,3.0,31.0,247.0,11.0,8.0,4.0,7.0,10.0,222.0,0.0,19.0,7.0,26.0,51.0,14.0,28.0,21.0,18.0,38.0,6.0,31.0,31.0,24.0,1.0,1.0,23.0,29.0,2.0,5.0,0.0,0.0,0.0,1.0,3.0,0.0,0.0,0.0,7.0,16.0,3.0,1.0,0.0,4.0,2.0,15.0,0.0,1.0,1.0,1.0,1.0,1.0,8.0,18.0,9.0,8263792766.0,17995288.0,福州市仓山区,福州市仓山区盖山镇,20.0,30.0,16.0,20.0,86.0,92.38461538461539,57.445,44.672332730560576
福建省,福州市,仓山区,建新镇,119.2333354,26.0694364,22.0,66.0,98.0,126.0,433.0,798.0,5.0,306.0,265.0,19.0,3.0,13.0,4.0,5.0,17.0,43.0,3.0,2.0,0.0,8.0,113.0,18.0,29.0,7.0,0.0,14.0,782.0,0.0,18.0,12.0,7.0,100.0,11.0,14.0,21.0,22.0,4.0,0.0,11.0,27.0,46.0,50.0,1.0,7.0,32.0,2.0,1.0,9.0,2.0,2.0,2.0,6.0,1.0,0.0,0.0,0.0,15.0,3.0,4.0,0.0,0.0,2.0,55.0,0.0,0.0,7.0,0.0,13.0,0.0,5.0,15.0,11.0,8263792767.0,12099230.0,福州市仓山区,福州市仓山区建新镇,20.0,30.0,20.0,20.0,90.0,92.38461538461539,57.445,44.672332730560576
福建省,福州市,仓山区,螺洲镇,119.344206,25.985322,66.0,14.0,80.0,80.0,232.0,75.0,38.0,212.0,165.0,8.0,1.0,1.0,1.0,2.0,10.0,15.0,1.0,0.0,0.0,8.0,42.0,0.0,4.0,0.0,3.0,4.0,605.0,0.0,44.0,2.0,11.0,35.0,3.0,21.0,19.0,15.0,8.0,12.0,8.0,9.0,7.0,3.0,0.0,22.0,28.0,1.0,0.0,0.0,0.0,0.0,2.0,3.0,0.0,0.0,0.0,1.0,14.0,0.0,1.0,0.0,1.0,1.0,6.0,0.0,0.0,0.0,0.0,6.0,0.0,9.0,13.0,7.0,8263792764.0,12099233.0,福州市仓山区,福州市仓山区螺洲镇,19.0,30.0,11.0,20.0,80.0,92.38461538461539,57.445,44.672332730560576
福建省,福州市,马尾区,罗星街道,119.4443679,25.9849938,17.0,34.0,82.0,94.0,117.0,103.0,13.0,174.0,124.0,5.0,0.0,4.0,2.0,2.0,10.0,14.0,0.0,0.0,3.0,8.0,31.0,1.0,10.0,0.0,0.0,12.0,72.0,0.0,3.0,18.0,3.0,25.0,9.0,17.0,27.0,16.0,0.0,10.0,1.0,24.0,9.0,33.0,0.0,15.0,9.0,1.0,0.0,0.0,0.0,0.0,1.0,1.0,0.0,0.0,0.0,1.0,5.0,0.0,2.0,0.0,0.0,1.0,12.0,0.0,2.0,2.0,1.0,6.0,7.0,10.0,13.0,9.0,8263451551.0,12098778.0,福州市马尾区,福州市马尾区罗星街道,20.0,28.0,11.0,14.4,73.4,75.25,57.445,44.672332730560576
福建省,福州市,马尾区,马尾镇,119.4239831,26.0232174,2.0,16.0,34.0,77.0,74.0,20.0,9.0,272.0,233.0,2.0,3.0,8.0,2.0,2.0,7.0,13.0,2.0,1.0,0.0,13.0,40.0,20.0,61.0,0.0,0.0,10.0,58.0,0.0,4.0,7.0,5.0,14.0,4.0,9.0,21.0,19.0,0.0,2.0,10.0,24.0,11.0,3.0,0.0,25.0,46.0,0.0,0.0,1.0,2.0,2.0,2.0,4.0,1.0,1.0,0.0,7.0,12.0,2.0,25.0,0.0,0.0,1.0,23.0,0.0,0.0,3.0,1.0,0.0,0.0,2.0,13.0,9.0,8263451552.0,12098779.0,福州市马尾区,福州市马尾区马尾镇,20.0,30.0,28.0,13.1,91.1,75.25,57.445,44.672332730560576
福建省,福州市,马尾区,亭江镇,119.5065845,26.0717718,46.0,0.0,4.0,10.0,170.0,36.0,0.0,41.0,16.0,4.0,1.0,2.0,1.0,1.0,2.0,3.0,0.0,0.0,0.0,0.0,15.0,0.0,8.0,0.0,0.0,17.0,7.0,0.0,0.0,9.0,0.0,3.0,1.0,9.0,19.0,12.0,6.0,0.0,0.0,5.0,65.0,5.0,0.0,2.0,0.0,0.0,1.0,2.0,1.0,1.0,1.0,2.0,0.0,0.0,0.0,0.0,5.0,0.0,0.0,0.0,0.0,2.0,2.0,0.0,0.0,4.0,0.0,1.0,0.0,1.0,6.0,6.0,3512343677.0,12098777.0,福州市马尾区,福州市马尾区亭江镇,20.0,30.0,15.0,6.2,71.2,75.25,57.445,44.672332730560576
福建省,福州市,马尾区,琅岐镇,119.5732149,26.0861662,14.0,42.0,65.0,60.0,128.0,28.0,36.0,94.0,256.0,4.0,0.0,3.0,1.0,1.0,2.0,4.0,1.0,0.0,0.0,2.0,26.0,1.0,6.0,0.0,1.0,3.0,23.0,0.0,3.0,16.0,0.0,27.0,1.0,8.0,22.0,20.0,6.0,6.0,10.0,13.0,44.0,2.0,3.0,7.0,43.0,0.0,0.0,0.0,1.0,1.0,0.0,2.0,0.0,0.0,0.0,1.0,2.0,0.0,0.0,0.0,0.0,3.0,3.0,0.0,0.0,1.0,0.0,9.0,0.0,2.0,15.0,7.0,4255587878.0,12098776.0,福州市马尾区,福州市马尾区琅岐镇,18.0,28.0,11.0,8.3,65.3,75.25,57.445,44.672332730560576
福建省,福州市,晋安区,茶园街道,119.315071,26.114168,45.0,116.0,226.0,256.0,214.0,156.0,25.0,184.0,344.0,11.0,4.0,11.0,10.0,12.0,33.0,67.0,9.0,5.0,6.0,48.0,260.0,44.0,7.0,7.0,2.0,13.0,268.0,0.0,34.0,3.0,26.0,31.0,15.0,36.0,23.0,23.0,18.0,12.0,51.0,48.0,11.0,51.0,7.0,24.0,63.0,3.0,1.0,0.0,1.0,1.0,4.0,9.0,2.0,2.0,1.0,10.0,59.0,15.0,2.0,1.0,1.0,3.0,79.0,0.0,0.0,0.0,4.0,2.0,2.0,13.0,18.0,18.0,8263864992.0,12099435.0,福州市晋安区,福州市晋安区茶园街道,20.0,30.0,30.0,20.0,100.0,73.08888888888889,57.445,44.672332730560576
福建省,福州市,晋安区,王庄街道,119.3216005,26.0828593,66.0,187.0,257.0,251.0,169.0,503.0,21.0,440.0,378.0,26.0,3.0,7.0,15.0,21.0,32.0,47.0,0.0,4.0,19.0,118.0,182.0,11.0,7.0,12.0,7.0,19.0,1880.0,10.0,19.0,6.0,37.0,50.0,35.0,51.0,24.0,20.0,10.0,26.0,32.0,18.0,20.0,28.0,0.0,12.0,18.0,0.0,0.0,0.0,0.0,0.0,0.0,0.0,0.0,0.0,0.0,7.0,22.0,0.0,0.0,2.0,0.0,2.0,48.0,0.0,0.0,0.0,0.0,2.0,2.0,11.0,16.0,6.0,7430635103.0,11021381.0,福州市晋安区,福州市晋安区王庄街道,20.0,30.0,11.0,20.0,81.0,73.08888888888889,57.445,44.672332730560576
福建省,福州市,晋安区,象园街道,119.3234324,26.0695065,61.0,202.0,306.0,268.0,144.0,531.0,30.0,406.0,439.0,24.0,2.0,9.0,13.0,15.0,42.0,59.0,4.0,3.0,13.0,82.0,267.0,15.0,8.0,9.0,7.0,23.0,1601.0,6.0,79.0,7.0,76.0,66.0,35.0,55.0,25.0,17.0,12.0,21.0,34.0,27.0,13.0,76.0,3.0,18.0,36.0,2.0,0.0,1.0,1.0,1.0,5.0,5.0,0.0,0.0,0.0,2.0,28.0,0.0,0.0,1.0,3.0,1.0,302.0,0.0,0.0,0.0,1.0,8.0,1.0,13.0,15.0,8.0,7430667062.0,11021557.0,福州市晋安区,福州市晋安区象园街道,20.0,30.0,17.0,20.0,87.0,73.08888888888889,57.445,44.672332730560576
福建省,福州市,晋安区,鼓山镇,119.3479791,26.0755405,68.0,145.0,249.0,159.0,112.0,710.0,25.0,552.0,369.0,25.0,6.0,4.0,8.0,8.0,30.0,48.0,2.0,1.0,4.0,51.0,195.0,30.0,19.0,7.0,10.0,9.0,2017.0,2.0,14.0,11.0,12.0,69.0,12.0,26.0,25.0,23.0,0.0,40.0,30.0,17.0,11.0,244.0,0.0,149.0,39.0,8.0,5.0,1.0,3.0,3.0,10.0,16.0,2.0,1.0,1.0,23.0,33.0,2.0,1.0,1.0,1.0,2.0,561.0,0.0,2.0,0.0,2.0,13.0,2.0,4.0,16.0,10.0,3606797683.0,11023232.0,福州市晋安区,福州市晋安区鼓山镇,20.0,30.0,30.0,20.0,100.0,73.08888888888889,57.445,44.672332730560576
福建省,福州市,晋安区,新店镇,119.3064713,26.1307846,31.0,118.0,196.0,223.0,194.0,151.0,23.0,116.0,412.0,14.0,3.0,10.0,8.0,8.0,30.0,74.0,12.0,2.0,1.0,27.0,281.0,52.0,18.0,7.0,2.0,16.0,258.0,0.0,30.0,2.0,13.0,35.0,11.0,31.0,23.0,22.0,0.0,20.0,35.0,28.0,13.0,0.0,9.0,8.0,55.0,0.0,0.0,1.0,0.0,0.0,4.0,13.0,0.0,0.0,0.0,2.0,41.0,7.0,0.0,2.0,0.0,1.0,7.0,0.0,0.0,0.0,1.0,1.0,0.0,8.0,14.0,9.0,8263864991.0,-1.0,福州市晋安区,福州市晋安区新店镇,12.0,30.0,12.0,20.0,74.0,73.08888888888889,57.445,44.672332730560576
福建省,福州市,晋安区,岳峰镇,119.3354267,26.0996549,71.0,112.0,202.0,168.0,63.0,331.0,5.0,249.0,320.0,8.0,4.0,5.0,8.0,8.0,19.0,33.0,5.0,5.0,3.0,46.0,177.0,23.0,17.0,6.0,3.0,15.0,653.0,0.0,1.0,2.0,8.0,21.0,7.0,29.0,23.0,21.0,20.0,8.0,40.0,17.0,0.0,8.0,0.0,68.0,54.0,0.0,0.0,1.0,0.0,0.0,3.0,7.0,0.0,0.0,0.0,10.0,27.0,3.0,1.0,2.0,0.0,2.0,22.0,0.0,0.0,0.0,1.0,4.0,1.0,5.0,11.0,9.0,7430753690.0,11021558.0,福州市晋安区,福州市晋安区岳峰镇,20.0,30.0,16.0,20.0,86.0,73.08888888888889,57.445,44.672332730560576
福建省,福州市,晋安区,宦溪镇,119.3526005,26.1759197,2.0,0.0,3.0,6.0,11.0,29.0,0.0,22.0,0.0,3.0,0.0,0.0,1.0,1.0,2.0,2.0,0.0,0.0,0.0,1.0,6.0,0.0,1.0,0.0,0.0,12.0,4.0,0.0,1.0,3.0,1.0,1.0,0.0,2.0,12.0,9.0,2.0,0.0,3.0,4.0,1.0,6.0,0.0,2.0,0.0,0.0,0.0,0.0,1.0,1.0,2.0,2.0,0.0,0.0,0.0,0.0,2.0,0.0,1.0,0.0,0.0,1.0,0.0,0.0,0.0,0.0,0.0,0.0,0.0,1.0,8.0,4.0,2518654107.0,-1.0,福州市晋安区,福州市晋安区宦溪镇,12.0,18.5,10.0,4.7,45.2,73.08888888888889,57.445,44.672332730560576
福建省,福州市,晋安区,寿山乡,119.2740153,26.1896396,0.0,0.0,5.0,4.0,23.0,40.0,0.0,35.0,0.0,2.0,0.0,1.0,0.0,0.0,2.0,2.0,0.0,0.0,0.0,1.0,3.0,0.0,0.0,0.0,0.0,9.0,1.0,0.0,0.0,5.0,0.0,3.0,0.0,2.0,9.0,10.0,0.0,0.0,1.0,3.0,10.0,4.0,0.0,1.0,0.0,1.0,0.0,0.0,0.0,0.0,2.0,2.0,0.0,0.0,0.0,0.0,1.0,0.0,0.0,0.0,0.0,2.0,0.0,0.0,0.0,2.0,0.0,2.0,0.0,1.0,5.0,4.0,8263864990.0,-1.0,福州市晋安区,福州市晋安区寿山乡,12.0,22.6,10.0,4.8,49.4,73.08888888888889,57.445,44.672332730560576
福建省,福州市,晋安区,日溪乡,119.270834,26.3509094,0.0,0.0,7.0,5.0,17.0,4.0,0.0,4.0,1.0,0.0,0.0,0.0,0.0,0.0,0.0,0.0,0.0,0.0,0.0,0.0,0.0,0.0,0.0,0.0,0.0,3.0,0.0,0.0,0.0,0.0,0.0,0.0,0.0,5.0,7.0,3.0,0.0,0.0,6.0,0.0,16.0,2.0,0.0,0.0,0.0,0.0,0.0,0.0,0.0,0.0,0.0,0.0,0.0,0.0,0.0,0.0,0.0,0.0,0.0,0.0,0.0,1.0,0.0,0.0,0.0,0.0,0.0,0.0,0.0,5.0,3.0,2.0,2678316246.0,-1.0,福州市晋安区,福州市晋安区日溪乡,10.0,23.7,0.0,1.5,35.2,73.08888888888889,57.445,44.672332730560576
福建省,福州市,长乐区,吴航街道,119.5230102,25.9584595,16.0,16.0,129.0,42.0,272.0,191.0,17.0,459.0,41.0,23.0,6.0,3.0,5.0,5.0,23.0,23.0,3.0,1.0,10.0,20.0,146.0,2.0,1.0,0.0,1.0,42.0,165.0,8.0,11.0,22.0,4.0,54.0,14.0,10.0,22.0,21.0,0.0,2.0,19.0,5.0,43.0,49.0,0.0,179.0,9.0,5.0,0.0,1.0,2.0,2.0,11.0,11.0,1.0,1.0,3.0,3.0,36.0,0.0,0.0,0.0,1.0,9.0,36.0,8.0,10.0,12.0,1.0,26.0,2.0,5.0,16.0,13.0,-2.0,12098751.0,福州市长乐区,福州市长乐区吴航街道,13.0,30.0,27.0,20.0,90.0,53.55555555555556,57.445,44.672332730560576
福建省,福州市,长乐区,航城街道,119.5003937,25.9572804,21.0,5.0,205.0,109.0,334.0,229.0,41.0,654.0,50.0,26.0,6.0,5.0,5.0,7.0,31.0,33.0,3.0,1.0,10.0,20.0,184.0,2.0,5.0,0.0,1.0,37.0,179.0,8.0,11.0,20.0,4.0,124.0,14.0,11.0,25.0,21.0,0.0,0.0,68.0,10.0,50.0,48.0,11.0,84.0,17.0,6.0,0.0,1.0,0.0,0.0,4.0,4.0,2.0,0.0,3.0,8.0,54.0,1.0,0.0,0.0,0.0,5.0,78.0,0.0,1.0,4.0,1.0,5.0,3.0,4.0,13.0,11.0,-1.0,-1.0,福州市长乐区,福州市长乐区航城街道,5.0,30.0,23.0,20.0,78.0,53.55555555555556,57.445,44.672332730560576
福建省,福州市,长乐区,营前街道,119.4650192,25.966327,18.0,21.0,43.0,77.0,142.0,171.0,37.0,182.0,42.0,3.0,1.0,3.0,1.0,1.0,8.0,11.0,0.0,0.0,1.0,6.0,51.0,1.0,10.0,0.0,0.0,21.0,91.0,0.0,0.0,27.0,1.0,52.0,9.0,13.0,25.0,19.0,7.0,0.0,7.0,17.0,20.0,14.0,8.0,14.0,14.0,0.0,0.0,1.0,0.0,0.0,3.0,3.0,0.0,0.0,0.0,1.0,9.0,1.0,4.0,0.0,0.0,7.0,9.0,0.0,0.0,1.0,0.0,4.0,1.0,4.0,16.0,12.0,3853785606.0,-1.0,福州市长乐区,福州市长乐区营前街道,12.0,30.0,11.0,16.8,69.8,53.55555555555556,57.445,44.672332730560576
福建省,福州市,长乐区,漳港街道,119.628117,25.9208235,41.0,0.0,9.0,13.0,140.0,38.0,23.0,31.0,1.0,4.0,1.0,0.0,0.0,0.0,2.0,2.0,1.0,0.0,0.0,6.0,6.0,0.0,4.0,0.0,0.0,10.0,31.0,0.0,0.0,2.0,2.0,4.0,6.0,5.0,16.0,13.0,4.0,0.0,2.0,2.0,22.0,5.0,0.0,4.0,0.0,0.0,0.0,0.0,0.0,0.0,0.0,0.0,0.0,0.0,0.0,0.0,1.0,0.0,0.0,0.0,0.0,2.0,0.0,0.0,0.0,0.0,0.0,0.0,0.0,3.0,10.0,3.0,3333625179.0,-1.0,福州市长乐区,福州市长乐区漳港街道,12.0,30.0,0.0,7.300000000000001,49.3,53.55555555555556,57.445,44.672332730560576
福建省,福州市,长乐区,文武砂街道,119.5758324,25.8964964,42.0,6.0,86.0,120.0,161.0,97.0,43.0,322.0,32.0,4.0,0.0,0.0,0.0,2.0,1.0,4.0,0.0,0.0,0.0,4.0,4.0,7.0,5.0,0.0,0.0,8.0,51.0,0.0,0.0,4.0,2.0,38.0,5.0,9.0,19.0,11.0,0.0,0.0,20.0,22.0,8.0,1.0,10.0,2.0,0.0,0.0,0.0,0.0,0.0,0.0,0.0,0.0,0.0,0.0,0.0,0.0,0.0,0.0,1.0,0.0,0.0,1.0,6.0,0.0,0.0,1.0,0.0,1.0,0.0,2.0,9.0,5.0,3333625177.0,-1.0,福州市长乐区,福州市长乐区文武砂街道,12.0,28.0,0.0,10.2,50.2,53.55555555555556,57.445,44.672332730560576
福建省,福州市,长乐区,首占镇,119.4859373,25.933695,29.0,49.0,112.0,107.0,212.0,121.0,51.0,299.0,38.0,11.0,6.0,3.0,1.0,3.0,6.0,8.0,1.0,0.0,0.0,9.0,73.0,0.0,2.0,0.0,0.0,26.0,87.0,0.0,0.0,2.0,1.0,84.0,6.0,8.0,20.0,14.0,0.0,12.0,24.0,30.0,52.0,12.0,2.0,86.0,12.0,1.0,0.0,0.0,0.0,0.0,2.0,3.0,0.0,0.0,0.0,0.0,12.0,0.0,0.0,0.0,0.0,1.0,3.0,0.0,0.0,0.0,0.0,21.0,0.0,4.0,12.0,6.0,3905788497.0,-1.0,福州市长乐区,福州市长乐区首占镇,12.0,30.0,10.0,13.200000000000001,65.2,53.55555555555556,57.445,44.672332730560576
福建省,福州市,长乐区,玉田镇,119.4536342,25.876316,0.0,27.0,0.0,20.0,186.0,1.0,0.0,3.0,0.0,0.0,0.0,0.0,0.0,0.0,6.0,6.0,0.0,0.0,0.0,1.0,17.0,0.0,0.0,0.0,0.0,24.0,1.0,0.0,0.0,1.0,0.0,7.0,0.0,5.0,14.0,5.0,0.0,11.0,0.0,8.0,36.0,1.0,0.0,0.0,0.0,0.0,0.0,0.0,0.0,0.0,2.0,2.0,0.0,0.0,0.0,0.0,4.0,0.0,0.0,0.0,0.0,5.0,1.0,0.0,0.0,0.0,0.0,5.0,0.0,1.0,7.0,5.0,937037630.0,-1.0,福州市长乐区,福州市长乐区玉田镇,12.0,24.0,5.0,2.8,43.8,53.55555555555556,57.445,44.672332730560576
福建省,福州市,长乐区,松下镇,119.5972152,25.7640739,10.0,0.0,0.0,11.0,142.0,1.0,0.0,27.0,1.0,0.0,0.0,0.0,0.0,0.0,0.0,0.0,0.0,0.0,0.0,0.0,4.0,4.0,8.0,0.0,1.0,12.0,9.0,0.0,0.0,6.0,0.0,2.0,2.0,6.0,10.0,14.0,6.0,0.0,0.0,5.0,33.0,0.0,0.0,1.0,1.0,0.0,0.0,0.0,0.0,0.0,0.0,0.0,0.0,0.0,0.0,0.0,1.0,2.0,2.0,0.0,0.0,2.0,0.0,0.0,0.0,0.0,0.0,1.0,0.0,3.0,7.0,8.0,3333698039.0,-1.0,福州市长乐区,福州市长乐区松下镇,12.0,26.0,0.0,5.5,43.5,53.55555555555556,57.445,44.672332730560576
福建省,福州市,长乐区,江田镇,119.5785459,25.825894,19.0,9.0,0.0,21.0,96.0,12.0,10.0,29.0,0.0,3.0,1.0,0.0,0.0,0.0,0.0,0.0,0.0,0.0,0.0,1.0,9.0,8.0,3.0,0.0,0.0,12.0,9.0,0.0,0.0,0.0,0.0,3.0,0.0,3.0,14.0,14.0,4.0,0.0,0.0,3.0,14.0,3.0,2.0,0.0,0.0,0.0,0.0,0.0,0.0,0.0,0.0,0.0,0.0,0.0,0.0,0.0,4.0,3.0,1.0,0.0,0.0,3.0,0.0,0.0,0.0,0.0,0.0,1.0,0.0,2.0,9.0,6.0,3333698040.0,-1.0,福州市长乐区,福州市长乐区江田镇,12.0,28.0,0.0,4.9,44.9,53.55555555555556,57.445,44.672332730560576
福建省,福州市,长乐区,古槐镇,119.5386039,25.8839522,26.0,29.0,8.0,41.0,177.0,52.0,0.0,13.0,3.0,1.0,0.0,3.0,1.0,1.0,2.0,5.0,0.0,0.0,0.0,0.0,5.0,3.0,4.0,0.0,0.0,28.0,81.0,0.0,53.0,4.0,0.0,22.0,4.0,3.0,15.0,16.0,0.0,8.0,0.0,3.0,24.0,5.0,0.0,4.0,0.0,0.0,0.0,1.0,0.0,0.0,2.0,2.0,0.0,0.0,0.0,0.0,2.0,1.0,0.0,0.0,0.0,7.0,7.0,0.0,0.0,0.0,0.0,1.0,2.0,1.0,9.0,10.0,8263449087.0,-1.0,福州市长乐区,福州市长乐区古槐镇,12.0,28.0,10.0,13.200000000000001,63.2,53.55555555555556,57.445,44.672332730560576
福建省,福州市,长乐区,鹤上镇,119.5487854,25.9521873,8.0,16.0,4.0,10.0,174.0,67.0,0.0,122.0,17.0,4.0,1.0,1.0,0.0,0.0,9.0,9.0,1.0,0.0,0.0,3.0,10.0,0.0,0.0,0.0,0.0,31.0,27.0,4.0,6.0,4.0,1.0,14.0,6.0,10.0,21.0,13.0,0.0,0.0,0.0,2.0,55.0,7.0,0.0,2.0,0.0,1.0,0.0,0.0,0.0,0.0,2.0,2.0,0.0,0.0,0.0,2.0,0.0,0.0,0.0,0.0,0.0,10.0,3.0,0.0,0.0,0.0,0.0,2.0,2.0,2.0,8.0,7.0,3905788500.0,-1.0,福州市长乐区,福州市长乐区鹤上镇,12.0,30.0,12.0,7.4,61.4,53.55555555555556,57.445,44.672332730560576
福建省,福州市,长乐区,湖南镇,119.6419367,25.9672332,0.0,6.0,58.0,21.0,244.0,4.0,0.0,11.0,6.0,0.0,0.0,0.0,0.0,0.0,5.0,6.0,0.0,0.0,0.0,0.0,3.0,0.0,1.0,0.0,0.0,2.0,2.0,0.0,0.0,2.0,1.0,3.0,0.0,3.0,15.0,8.0,0.0,0.0,21.0,0.0,48.0,0.0,0.0,0.0,2.0,0.0,0.0,0.0,0.0,0.0,0.0,0.0,0.0,0.0,0.0,0.0,0.0,0.0,0.0,0.0,0.0,1.0,0.0,0.0,0.0,0.0,0.0,0.0,0.0,1.0,7.0,4.0,3333573791.0,-1.0,福州市长乐区,福州市长乐区湖南镇,9.0,26.0,0.0,4.4,39.4,53.55555555555556,57.445,44.672332730560576
福建省,福州市,长乐区,金峰镇,119.6276085,25.9808602,0.0,10.0,53.0,11.0,402.0,2.0,0.0,11.0,6.0,0.0,0.0,0.0,1.0,1.0,4.0,4.0,0.0,0.0,0.0,0.0,8.0,0.0,0.0,0.0,0.0,5.0,4.0,0.0,0.0,2.0,0.0,3.0,0.0,3.0,15.0,7.0,0.0,2.0,1.0,6.0,46.0,0.0,0.0,1.0,0.0,0.0,0.0,0.0,0.0,0.0,1.0,1.0,0.0,0.0,0.0,0.0,1.0,0.0,0.0,0.0,0.0,1.0,2.0,0.0,0.0,2.0,0.0,3.0,0.0,1.0,7.0,6.0,3333625181.0,-1.0,福州市长乐区,福州市长乐区金峰镇,12.0,26.0,5.0,4.5,47.5,53.55555555555556,57.445,44.672332730560576
福建省,福州市,长乐区,文岭镇,119.6518509,25.9979986,22.0,12.0,9.0,5.0,253.0,2.0,5.0,16.0,0.0,0.0,0.0,0.0,0.0,0.0,0.0,0.0,0.0,0.0,0.0,0.0,7.0,0.0,0.0,0.0,0.0,4.0,0.0,0.0,0.0,2.0,0.0,2.0,0.0,3.0,14.0,12.0,6.0,6.0,0.0,0.0,40.0,1.0,0.0,0.0,0.0,0.0,0.0,0.0,0.0,0.0,0.0,0.0,0.0,0.0,0.0,0.0,0.0,0.0,0.0,0.0,0.0,1.0,0.0,0.0,0.0,0.0,0.0,0.0,0.0,2.0,5.0,3.0,4523400480.0,-1.0,福州市长乐区,福州市长乐区文岭镇,11.0,24.0,0.0,4.2,39.2,53.55555555555556,57.445,44.672332730560576
福建省,福州市,长乐区,梅花镇,119.6798599,26.0183129,6.0,16.0,0.0,6.0,50.0,3.0,2.0,21.0,7.0,0.0,0.0,0.0,0.0,0.0,0.0,0.0,0.0,0.0,0.0,0.0,1.0,0.0,0.0,0.0,1.0,1.0,1.0,0.0,0.0,2.0,0.0,6.0,0.0,2.0,14.0,16.0,0.0,2.0,0.0,5.0,9.0,2.0,0.0,10.0,5.0,0.0,0.0,0.0,0.0,0.0,0.0,0.0,0.0,0.0,0.0,0.0,0.0,0.0,0.0,0.0,0.0,1.0,0.0,0.0,0.0,0.0,0.0,5.0,0.0,1.0,8.0,8.0,3333625178.0,-1.0,福州市长乐区,福州市长乐区梅花镇,8.0,26.0,0.0,4.3,38.3,53.55555555555556,57.445,44.672332730560576
福建省,福州市,长乐区,潭头镇,119.6017412,26.0317633,16.0,0.0,2.0,8.0,263.0,11.0,6.0,42.0,3.0,1.0,0.0,0.0,0.0,0.0,0.0,0.0,0.0,0.0,0.0,0.0,17.0,0.0,0.0,0.0,0.0,25.0,8.0,0.0,0.0,2.0,0.0,7.0,3.0,10.0,18.0,14.0,9.0,0.0,1.0,3.0,60.0,1.0,3.0,2.0,0.0,0.0,0.0,0.0,0.0,0.0,0.0,0.0,0.0,0.0,0.0,0.0,3.0,0.0,0.0,0.0,0.0,5.0,1.0,0.0,0.0,0.0,0.0,0.0,0.0,3.0,10.0,5.0,3333625180.0,-1.0,福州市长乐区,福州市长乐区潭头镇,12.0,28.0,0.0,5.1,45.1,53.55555555555556,57.445,44.672332730560576
福建省,福州市,长乐区,罗联乡,119.4696618,25.8554766,0.0,16.0,0.0,35.0,168.0,1.0,0.0,15.0,0.0,0.0,0.0,0.0,0.0,0.0,3.0,4.0,0.0,0.0,0.0,2.0,19.0,0.0,0.0,0.0,0.0,22.0,3.0,0.0,0.0,1.0,0.0,9.0,0.0,6.0,15.0,5.0,0.0,2.0,0.0,13.0,40.0,0.0,0.0,9.0,0.0,0.0,0.0,0.0,0.0,0.0,1.0,2.0,0.0,0.0,0.0,1.0,5.0,0.0,0.0,0.0,0.0,6.0,0.0,0.0,0.0,1.0,0.0,4.0,0.0,4.0,13.0,5.0,937037987.0,-1.0,福州市长乐区,福州市长乐区罗联乡,12.0,24.0,6.0,3.0,45.0,53.55555555555556,57.445,44.672332730560576
福建省,福州市,长乐区,猴屿乡,119.5362551,26.0589699,8.0,0.0,14.0,4.0,72.0,9.0,0.0,40.0,25.0,2.0,0.0,1.0,0.0,0.0,0.0,0.0,0.0,0.0,0.0,0.0,8.0,1.0,1.0,0.0,0.0,8.0,2.0,0.0,0.0,9.0,0.0,1.0,1.0,7.0,13.0,14.0,0.0,0.0,1.0,0.0,44.0,1.0,0.0,16.0,6.0,0.0,0.0,0.0,0.0,0.0,0.0,0.0,0.0,0.0,0.0,0.0,0.0,0.0,0.0,0.0,0.0,1.0,0.0,0.0,0.0,1.0,0.0,1.0,0.0,1.0,9.0,6.0,4523400479.0,-1.0,福州市长乐区,福州市长乐区猴屿乡,12.0,28.0,5.0,5.2,50.2,53.55555555555556,57.445,44.672332730560576
福建省,福州市,闽侯县,甘蔗街道,119.1378558,26.1503627,0.0,23.0,75.0,49.0,155.0,3.0,0.0,46.0,76.0,12.0,4.0,10.0,2.0,2.0,12.0,28.0,2.0,1.0,4.0,3.0,56.0,11.0,4.0,9.0,0.0,5.0,53.0,0.0,0.0,6.0,4.0,15.0,7.0,6.0,15.0,14.0,0.0,4.0,17.0,24.0,36.0,0.0,0.0,5.0,20.0,6.0,1.0,6.0,1.0,1.0,8.0,15.0,2.0,1.0,3.0,3.0,29.0,7.0,0.0,3.0,0.0,1.0,20.0,0.0,0.0,1.0,0.0,6.0,2.0,3.0,8.0,10.0,5097302579.0,-1.0,福州市闽侯县,福州市闽侯县甘蔗街道,12.0,30.0,27.0,12.0,81.0,46.28666666666666,57.445,44.672332730560576
福建省,福州市,闽侯县,白沙镇,119.0682076,26.2095978,0.0,1.0,2.0,2.0,68.0,8.0,0.0,0.0,1.0,0.0,0.0,0.0,0.0,0.0,0.0,0.0,0.0,0.0,0.0,0.0,9.0,0.0,0.0,0.0,0.0,4.0,1.0,0.0,0.0,3.0,0.0,2.0,0.0,5.0,8.0,6.0,0.0,1.0,2.0,0.0,15.0,5.0,0.0,0.0,1.0,0.0,0.0,0.0,0.0,0.0,0.0,0.0,0.0,0.0,0.0,0.0,0.0,0.0,0.0,0.0,0.0,1.0,1.0,0.0,0.0,0.0,0.0,2.0,0.0,3.0,5.0,5.0,2494920473.0,-1.0,福州市闽侯县,福州市闽侯县白沙镇,11.0,26.0,0.0,3.5,40.5,46.28666666666666,57.445,44.672332730560576
福建省,福州市,闽侯县,南屿镇,119.2179038,25.9776994,15.0,2.0,64.0,37.0,119.0,169.0,0.0,85.0,170.0,9.0,0.0,0.0,0.0,0.0,8.0,27.0,0.0,0.0,0.0,0.0,61.0,3.0,10.0,3.0,4.0,5.0,126.0,0.0,0.0,1.0,0.0,47.0,1.0,6.0,22.0,14.0,0.0,0.0,26.0,8.0,48.0,27.0,0.0,26.0,18.0,0.0,0.0,0.0,0.0,0.0,1.0,13.0,0.0,0.0,0.0,0.0,10.0,0.0,0.0,0.0,1.0,1.0,23.0,0.0,0.0,0.0,0.0,2.0,0.0,1.0,11.0,6.0,3853946990.0,-1.0,福州市闽侯县,福州市闽侯县南屿镇,12.0,28.0,5.0,19.0,64.0,46.28666666666666,57.445,44.672332730560576
福建省,福州市,闽侯县,尚干镇,119.36814,25.9220654,33.0,0.0,32.0,10.0,175.0,14.0,0.0,0.0,5.0,0.0,0.0,0.0,0.0,0.0,1.0,1.0,0.0,0.0,0.0,1.0,47.0,0.0,1.0,0.0,0.0,15.0,3.0,0.0,0.0,1.0,0.0,5.0,0.0,15.0,14.0,8.0,12.0,0.0,2.0,0.0,49.0,2.0,0.0,0.0,0.0,0.0,0.0,0.0,0.0,0.0,1.0,1.0,0.0,0.0,0.0,0.0,5.0,0.0,0.0,0.0,0.0,2.0,2.0,0.0,0.0,0.0,0.0,1.0,0.0,2.0,6.0,5.0,3853946983.0,-1.0,福州市闽侯县,福州市闽侯县尚干镇,12.0,26.0,5.0,4.6,47.6,46.28666666666666,57.445,44.672332730560576
福建省,福州市,闽侯县,祥谦镇,119.3818209,25.9331125,24.0,0.0,2.0,0.0,150.0,15.0,0.0,1.0,4.0,0.0,0.0,0.0,0.0,0.0,2.0,2.0,0.0,0.0,0.0,0.0,34.0,0.0,1.0,0.0,0.0,9.0,4.0,0.0,0.0,0.0,0.0,2.0,0.0,17.0,13.0,9.0,10.0,0.0,0.0,0.0,31.0,1.0,0.0,0.0,4.0,0.0,0.0,0.0,0.0,0.0,0.0,0.0,0.0,0.0,0.0,0.0,7.0,0.0,0.0,0.0,0.0,2.0,1.0,0.0,0.0,0.0,0.0,1.0,0.0,6.0,6.0,6.0,3853946975.0,-1.0,福州市闽侯县,福州市闽侯县祥谦镇,12.0,26.0,0.0,4.5,42.5,46.28666666666666,57.445,44.672332730560576
福建省,福州市,闽侯县,青口镇,119.3743233,25.8978005,23.0,0.0,19.0,17.0,193.0,6.0,0.0,0.0,1.0,0.0,0.0,0.0,0.0,0.0,0.0,0.0,0.0,0.0,0.0,0.0,33.0,0.0,0.0,0.0,0.0,14.0,1.0,0.0,0.0,2.0,0.0,3.0,0.0,12.0,15.0,6.0,11.0,0.0,3.0,8.0,41.0,0.0,0.0,0.0,1.0,0.0,0.0,0.0,0.0,0.0,0.0,0.0,0.0,0.0,0.0,0.0,8.0,0.0,0.0,0.0,0.0,1.0,0.0,0.0,0.0,0.0,0.0,2.0,0.0,7.0,9.0,4.0,937037767.0,-1.0,福州市闽侯县,福州市闽侯县青口镇,12.0,26.0,0.0,3.3,41.3,46.28666666666666,57.445,44.672332730560576
福建省,福州市,闽侯县,南通镇,119.2557531,25.9379114,3.0,4.0,39.0,8.0,148.0,42.0,0.0,2.0,35.0,0.0,0.0,0.0,2.0,2.0,4.0,5.0,0.0,0.0,0.0,0.0,35.0,2.0,9.0,0.0,0.0,15.0,10.0,0.0,0.0,2.0,0.0,6.0,0.0,3.0,13.0,9.0,0.0,0.0,6.0,0.0,30.0,15.0,0.0,0.0,2.0,0.0,0.0,0.0,0.0,0.0,2.0,2.0,0.0,0.0,0.0,0.0,4.0,0.0,1.0,0.0,0.0,2.0,0.0,0.0,0.0,0.0,0.0,2.0,0.0,2.0,6.0,5.0,3835888495.0,-1.0,福州市闽侯县,福州市闽侯县南通镇,12.0,26.0,5.0,5.2,48.2,46.28666666666666,57.445,44.672332730560576
福建省,福州市,闽侯县,上街镇,119.2014205,26.0768111,38.0,10.0,65.0,36.0,403.0,330.0,2.0,130.0,253.0,6.0,2.0,0.0,1.0,2.0,8.0,37.0,0.0,0.0,0.0,2.0,20.0,3.0,0.0,0.0,0.0,2.0,303.0,0.0,23.0,4.0,2.0,92.0,1.0,15.0,20.0,15.0,6.0,0.0,13.0,6.0,41.0,24.0,0.0,3.0,23.0,0.0,1.0,0.0,0.0,0.0,0.0,4.0,0.0,0.0,0.0,0.0,3.0,0.0,0.0,0.0,0.0,1.0,62.0,0.0,0.0,0.0,0.0,0.0,0.0,4.0,11.0,2.0,3853946994.0,-1.0,福州市闽侯县,福州市闽侯县上街镇,9.0,30.0,0.0,20.0,59.0,46.28666666666666,57.445,44.672332730560576
福建省,福州市,闽侯县,荆溪镇,119.1736397,26.1311687,0.0,19.0,55.0,23.0,115.0,9.0,0.0,29.0,69.0,5.0,1.0,2.0,1.0,1.0,9.0,21.0,1.0,0.0,0.0,2.0,37.0,3.0,1.0,6.0,0.0,3.0,38.0,0.0,0.0,2.0,4.0,11.0,5.0,6.0,16.0,13.0,0.0,4.0,11.0,3.0,11.0,2.0,0.0,0.0,7.0,0.0,1.0,0.0,0.0,0.0,4.0,7.0,0.0,0.0,0.0,0.0,6.0,0.0,0.0,0.0,0.0,2.0,1.0,0.0,0.0,0.0,0.0,1.0,0.0,3.0,10.0,4.0,3853946995.0,-1.0,福州市闽侯县,福州市闽侯县荆溪镇,10.0,30.0,10.0,8.100000000000001,58.1,46.28666666666666,57.445,44.672332730560576
福建省,福州市,闽侯县,竹岐乡,119.102165,26.148599,15.0,12.0,26.0,19.0,53.0,24.0,0.0,27.0,28.0,4.0,3.0,2.0,2.0,2.0,0.0,5.0,1.0,0.0,0.0,0.0,23.0,1.0,3.0,0.0,0.0,7.0,9.0,0.0,0.0,5.0,0.0,2.0,1.0,8.0,18.0,12.0,5.0,0.0,4.0,0.0,4.0,1.0,0.0,0.0,0.0,0.0,0.0,0.0,0.0,0.0,0.0,0.0,0.0,0.0,0.0,0.0,1.0,0.0,0.0,0.0,0.0,1.0,0.0,0.0,0.0,0.0,0.0,0.0,0.0,2.0,5.0,5.0,2494920498.0,-1.0,福州市闽侯县,福州市闽侯县竹岐乡,12.0,30.0,5.0,5.4,52.4,46.28666666666666,57.445,44.672332730560576
福建省,福州市,闽侯县,鸿尾乡,118.996263,26.169053,5.0,0.0,2.0,8.0,0.0,15.0,0.0,2.0,0.0,0.0,0.0,0.0,0.0,0.0,0.0,0.0,0.0,0.0,0.0,0.0,2.0,0.0,0.0,0.0,0.0,7.0,1.0,0.0,0.0,1.0,0.0,0.0,0.0,4.0,9.0,4.0,0.0,0.0,1.0,4.0,0.0,4.0,0.0,1.0,0.0,0.0,0.0,0.0,0.0,0.0,0.0,0.0,0.0,0.0,0.0,0.0,0.0,0.0,0.0,0.0,0.0,3.0,1.0,0.0,0.0,0.0,0.0,0.0,0.0,1.0,5.0,3.0,2494920488.0,-1.0,福州市闽侯县,福州市闽侯县鸿尾乡,12.0,14.0,0.0,2.3,28.3,46.28666666666666,57.445,44.672332730560576
福建省,福州市,闽侯县,洋里乡,118.9555181,26.3621191,0.0,0.0,1.0,4.0,20.0,0.0,0.0,2.0,0.0,0.0,2.0,0.0,0.0,0.0,0.0,0.0,0.0,0.0,0.0,0.0,26.0,0.0,0.0,0.0,0.0,9.0,0.0,0.0,0.0,0.0,0.0,0.0,0.0,3.0,10.0,2.0,0.0,0.0,1.0,2.0,13.0,0.0,0.0,0.0,0.0,0.0,1.0,0.0,0.0,0.0,0.0,0.0,0.0,0.0,0.0,0.0,12.0,0.0,0.0,0.0,0.0,4.0,0.0,0.0,0.0,0.0,0.0,0.0,0.0,1.0,7.0,2.0,2518360280.0,-1.0,福州市闽侯县,福州市闽侯县洋里乡,12.0,22.9,0.0,1.0,35.9,46.28666666666666,57.445,44.672332730560576
福建省,福州市,闽侯县,大湖乡,119.091107,26.36555,0.0,0.0,0.0,6.0,24.0,11.0,0.0,3.0,0.0,0.0,0.0,0.0,0.0,0.0,0.0,0.0,0.0,0.0,0.0,0.0,13.0,0.0,0.0,0.0,0.0,11.0,0.0,0.0,0.0,1.0,0.0,0.0,0.0,1.0,7.0,6.0,0.0,0.0,0.0,2.0,13.0,2.0,0.0,2.0,0.0,0.0,0.0,0.0,0.0,0.0,0.0,0.0,0.0,0.0,0.0,0.0,2.0,0.0,0.0,0.0,0.0,3.0,0.0,0.0,0.0,1.0,0.0,0.0,0.0,1.0,6.0,4.0,2518360266.0,-1.0,福州市闽侯县,福州市闽侯县大湖乡,12.0,17.200000000000003,0.0,3.2,32.400000000000006,46.28666666666666,57.445,44.672332730560576
福建省,福州市,闽侯县,廷坪乡,119.053333,26.520419,0.0,0.0,0.0,4.0,1.0,8.0,0.0,0.0,0.0,0.0,0.0,0.0,0.0,0.0,0.0,0.0,0.0,0.0,0.0,0.0,2.0,0.0,0.0,0.0,0.0,6.0,0.0,0.0,0.0,0.0,0.0,0.0,0.0,1.0,3.0,3.0,0.0,0.0,0.0,2.0,0.0,0.0,0.0,0.0,0.0,0.0,0.0,0.0,0.0,0.0,0.0,0.0,0.0,0.0,0.0,0.0,1.0,0.0,0.0,0.0,0.0,2.0,0.0,0.0,0.0,0.0,0.0,0.0,0.0,1.0,1.0,1.0,2518360276.0,-1.0,福州市闽侯县,福州市闽侯县廷坪乡,12.0,5.7,0.0,1.5,19.2,46.28666666666666,57.445,44.672332730560576
福建省,福州市,闽侯县,小箬乡,118.8757071,26.2780217,3.0,0.0,11.0,3.0,35.0,4.0,0.0,1.0,21.0,0.0,0.0,0.0,0.0,0.0,0.0,0.0,0.0,0.0,0.0,0.0,16.0,0.0,0.0,0.0,0.0,5.0,3.0,0.0,0.0,0.0,1.0,0.0,0.0,8.0,13.0,4.0,1.0,0.0,8.0,2.0,2.0,0.0,0.0,1.0,7.0,0.0,0.0,0.0,0.0,0.0,0.0,0.0,0.0,0.0,0.0,0.0,9.0,0.0,0.0,0.0,0.0,1.0,0.0,0.0,0.0,0.0,0.0,0.0,0.0,6.0,7.0,3.0,3929838994.0,12096305.0,福州市闽侯县,福州市闽侯县小箬乡,20.0,21.6,0.0,2.3,43.9,46.28666666666666,57.445,44.672332730560576
福建省,福州市,连江县,凤城镇,119.535017,26.1993064,16.0,100.0,208.0,151.0,377.0,354.0,93.0,1201.0,365.0,32.0,2.0,33.0,8.0,15.0,21.0,41.0,6.0,0.0,4.0,37.0,164.0,12.0,6.0,4.0,8.0,40.0,2459.0,172.0,559.0,68.0,54.0,106.0,52.0,36.0,27.0,30.0,0.0,15.0,56.0,29.0,115.0,87.0,21.0,455.0,100.0,7.0,2.0,17.0,3.0,3.0,7.0,14.0,2.0,0.0,3.0,15.0,54.0,1.0,2.0,0.0,3.0,15.0,1887.0,79.0,243.0,23.0,38.0,23.0,16.0,17.0,20.0,19.0,5097319228.0,7564418.0,福州市连江县,福州市连江县凤城镇,20.0,30.0,28.0,20.0,98.0,57.64090909090908,57.445,44.672332730560576
福建省,福州市,连江县,敖江镇,119.5399387,26.2087647,7.0,111.0,232.0,178.0,389.0,393.0,106.0,1257.0,382.0,32.0,3.0,33.0,8.0,15.0,21.0,43.0,8.0,0.0,4.0,39.0,176.0,13.0,7.0,4.0,9.0,44.0,2476.0,181.0,578.0,70.0,55.0,107.0,53.0,43.0,28.0,31.0,0.0,29.0,57.0,38.0,103.0,103.0,28.0,354.0,121.0,15.0,0.0,18.0,2.0,2.0,5.0,16.0,3.0,0.0,2.0,16.0,55.0,4.0,1.0,2.0,2.0,12.0,942.0,67.0,176.0,23.0,15.0,47.0,15.0,12.0,21.0,19.0,2494966896.0,18469513.0,福州市连江县,福州市连江县敖江镇,20.0,30.0,28.0,20.0,98.0,57.64090909090908,57.445,44.672332730560576
福建省,福州市,连江县,东岱镇,119.6139281,26.2453267,49.0,3.0,7.0,38.0,159.0,9.0,9.0,27.0,0.0,0.0,2.0,1.0,0.0,0.0,0.0,0.0,0.0,0.0,0.0,2.0,38.0,0.0,1.0,0.0,0.0,4.0,11.0,1.0,9.0,10.0,2.0,0.0,1.0,11.0,19.0,10.0,7.0,0.0,5.0,7.0,22.0,0.0,0.0,0.0,0.0,0.0,0.0,1.0,0.0,0.0,0.0,0.0,0.0,0.0,0.0,0.0,9.0,0.0,0.0,0.0,0.0,1.0,3.0,0.0,3.0,2.0,0.0,0.0,0.0,8.0,10.0,5.0,2494966910.0,18480497.0,福州市连江县,福州市连江县东岱镇,19.0,26.0,5.0,6.6,56.6,57.64090909090908,57.445,44.672332730560576
福建省,福州市,连江县,琯头镇,119.5559763,26.1411045,52.0,0.0,23.0,15.0,105.0,30.0,2.0,42.0,22.0,2.0,0.0,0.0,0.0,0.0,0.0,0.0,0.0,0.0,0.0,3.0,14.0,0.0,2.0,0.0,0.0,6.0,12.0,1.0,2.0,23.0,4.0,2.0,6.0,12.0,21.0,15.0,12.0,0.0,9.0,0.0,30.0,0.0,2.0,0.0,5.0,0.0,0.0,0.0,0.0,0.0,0.0,0.0,0.0,0.0,0.0,0.0,1.0,0.0,0.0,0.0,0.0,2.0,1.0,1.0,2.0,0.0,2.0,0.0,0.0,2.0,11.0,5.0,3512343690.0,18477257.0,福州市连江县,福州市连江县琯头镇,20.0,28.0,0.0,7.6,55.6,57.64090909090908,57.445,44.672332730560576
福建省,福州市,连江县,晓澳镇,119.6530338,26.2195927,2.0,0.0,14.0,5.0,54.0,13.0,0.0,61.0,1.0,0.0,0.0,1.0,0.0,0.0,0.0,0.0,1.0,0.0,0.0,2.0,8.0,0.0,1.0,0.0,1.0,2.0,17.0,0.0,6.0,7.0,1.0,0.0,7.0,3.0,17.0,19.0,0.0,0.0,5.0,2.0,18.0,6.0,0.0,37.0,1.0,0.0,0.0,1.0,0.0,0.0,0.0,0.0,1.0,0.0,0.0,2.0,2.0,0.0,0.0,0.0,1.0,1.0,15.0,0.0,6.0,3.0,1.0,0.0,6.0,1.0,13.0,12.0,2494966945.0,18480369.0,福州市连江县,福州市连江县晓澳镇,17.0,26.0,12.0,8.2,63.2,57.64090909090908,57.445,44.672332730560576
福建省,福州市,连江县,东湖镇,119.5088627,26.2401211,0.0,25.0,0.0,21.0,142.0,60.0,13.0,55.0,10.0,1.0,1.0,2.0,0.0,0.0,2.0,2.0,0.0,0.0,0.0,7.0,34.0,1.0,3.0,0.0,1.0,6.0,88.0,12.0,84.0,7.0,15.0,6.0,4.0,6.0,18.0,17.0,0.0,3.0,0.0,0.0,33.0,0.0,0.0,0.0,0.0,0.0,0.0,0.0,0.0,0.0,0.0,0.0,0.0,0.0,0.0,0.0,6.0,0.0,0.0,0.0,0.0,1.0,0.0,0.0,0.0,1.0,1.0,1.0,0.0,1.0,7.0,5.0,2494966914.0,18540900.0,福州市连江县,福州市连江县东湖镇,20.0,30.0,5.0,13.600000000000001,68.6,57.64090909090908,57.445,44.672332730560576
福建省,福州市,连江县,丹阳镇,119.4812526,26.3540403,7.0,0.0,0.0,6.0,357.0,20.0,0.0,0.0,0.0,0.0,0.0,0.0,0.0,0.0,0.0,0.0,0.0,0.0,0.0,0.0,1.0,0.0,0.0,0.0,0.0,7.0,1.0,0.0,0.0,0.0,0.0,0.0,0.0,3.0,8.0,5.0,3.0,0.0,0.0,1.0,101.0,0.0,0.0,0.0,0.0,0.0,0.0,0.0,0.0,0.0,0.0,0.0,0.0,0.0,0.0,0.0,0.0,0.0,0.0,0.0,0.0,4.0,0.0,0.0,0.0,0.0,0.0,0.0,0.0,2.0,7.0,1.0,2494966905.0,18827506.0,福州市连江县,福州市连江县丹阳镇,20.0,24.0,0.0,2.6,46.6,57.64090909090908,57.445,44.672332730560576
福建省,福州市,连江县,长龙镇,119.5717182,26.318427,0.0,0.0,0.0,10.0,185.0,0.0,0.0,3.0,0.0,0.0,0.0,0.0,0.0,0.0,1.0,1.0,0.0,0.0,0.0,0.0,18.0,0.0,0.0,0.0,0.0,1.0,0.0,0.0,0.0,0.0,0.0,0.0,0.0,4.0,3.0,4.0,0.0,0.0,0.0,5.0,48.0,0.0,0.0,0.0,0.0,0.0,0.0,0.0,0.0,0.0,1.0,1.0,0.0,0.0,0.0,0.0,3.0,0.0,0.0,0.0,0.0,1.0,0.0,0.0,0.0,0.0,0.0,0.0,0.0,1.0,2.0,4.0,2494966901.0,18754992.0,福州市连江县,福州市连江县长龙镇,16.0,21.5,5.0,2.0,44.5,57.64090909090908,57.445,44.672332730560576
福建省,福州市,连江县,透堡镇,119.6280196,26.3523122,8.0,0.0,0.0,16.0,210.0,22.0,0.0,10.0,2.0,0.0,0.0,0.0,0.0,0.0,1.0,1.0,0.0,0.0,0.0,0.0,13.0,0.0,1.0,0.0,0.0,1.0,3.0,0.0,0.0,1.0,0.0,11.0,2.0,8.0,9.0,8.0,0.0,0.0,0.0,3.0,63.0,7.0,0.0,0.0,0.0,0.0,0.0,0.0,0.0,0.0,1.0,1.0,0.0,0.0,0.0,0.0,2.0,0.0,0.0,0.0,0.0,1.0,2.0,0.0,0.0,0.0,0.0,3.0,0.0,4.0,6.0,3.0,2494966943.0,18667623.0,福州市连江县,福州市连江县透堡镇,16.0,26.0,5.0,4.6,51.6,57.64090909090908,57.445,44.672332730560576
福建省,福州市,连江县,马鼻镇,119.6585954,26.3805008,13.0,0.0,0.0,15.0,82.0,2.0,0.0,0.0,0.0,0.0,0.0,0.0,0.0,0.0,1.0,1.0,0.0,0.0,0.0,0.0,12.0,0.0,1.0,0.0,0.0,1.0,0.0,0.0,0.0,0.0,0.0,12.0,0.0,6.0,8.0,11.0,7.0,0.0,0.0,8.0,26.0,0.0,0.0,0.0,0.0,0.0,0.0,0.0,0.0,0.0,0.0,0.0,0.0,0.0,0.0,0.0,1.0,0.0,0.0,0.0,0.0,1.0,0.0,0.0,0.0,0.0,0.0,1.0,0.0,2.0,4.0,10.0,2494966932.0,18667624.0,福州市连江县,福州市连江县马鼻镇,16.0,24.0,0.0,4.0,44.0,57.64090909090908,57.445,44.672332730560576
福建省,福州市,连江县,官坂镇,119.6726074,26.311558,12.0,5.0,0.0,17.0,102.0,10.0,0.0,0.0,0.0,0.0,0.0,0.0,0.0,0.0,2.0,2.0,0.0,0.0,0.0,0.0,14.0,1.0,4.0,0.0,1.0,1.0,0.0,0.0,0.0,0.0,0.0,5.0,0.0,6.0,10.0,13.0,6.0,3.0,0.0,4.0,24.0,1.0,0.0,0.0,0.0,0.0,0.0,0.0,0.0,0.0,2.0,2.0,0.0,0.0,0.0,0.0,5.0,0.0,2.0,0.0,0.0,1.0,0.0,0.0,0.0,0.0,0.0,3.0,0.0,3.0,7.0,8.0,2494966919.0,18573566.0,福州市连江县,福州市连江县官坂镇,16.0,24.0,5.0,4.0,49.0,57.64090909090908,57.445,44.672332730560576
福建省,福州市,连江县,筱埕镇,119.7897394,26.295141,0.0,0.0,2.0,8.0,17.0,21.0,0.0,1.0,0.0,0.0,0.0,0.0,0.0,0.0,0.0,0.0,0.0,0.0,0.0,0.0,5.0,3.0,11.0,0.0,0.0,2.0,3.0,0.0,0.0,10.0,0.0,16.0,0.0,1.0,7.0,13.0,0.0,0.0,0.0,3.0,5.0,3.0,0.0,0.0,0.0,0.0,0.0,0.0,0.0,0.0,0.0,0.0,0.0,0.0,0.0,0.0,3.0,3.0,2.0,0.0,0.0,1.0,0.0,0.0,0.0,1.0,0.0,9.0,0.0,1.0,4.0,10.0,2782495336.0,18544333.0,福州市连江县,福州市连江县筱埕镇,17.0,18.4,0.0,5.4,40.8,57.64090909090908,57.445,44.672332730560576
福建省,福州市,连江县,黄岐镇,119.878405,26.3254781,0.0,0.0,8.0,17.0,72.0,25.0,0.0,5.0,2.0,1.0,2.0,0.0,0.0,0.0,2.0,2.0,0.0,0.0,0.0,0.0,15.0,0.0,1.0,0.0,0.0,4.0,13.0,7.0,7.0,13.0,1.0,5.0,2.0,3.0,12.0,16.0,0.0,0.0,3.0,10.0,43.0,10.0,0.0,5.0,2.0,0.0,1.0,0.0,0.0,0.0,0.0,0.0,0.0,0.0,0.0,0.0,2.0,0.0,0.0,0.0,0.0,1.0,11.0,7.0,7.0,7.0,1.0,1.0,2.0,2.0,10.0,9.0,2728040374.0,18556161.0,福州市连江县,福州市连江县黄岐镇,19.0,30.0,0.0,8.4,57.4,57.64090909090908,57.445,44.672332730560576
福建省,福州市,连江县,苔菉镇,119.931667,26.357486,0.0,0.0,1.0,11.0,22.0,11.0,0.0,10.0,1.0,1.0,0.0,0.0,0.0,0.0,0.0,0.0,0.0,0.0,0.0,0.0,7.0,0.0,0.0,0.0,0.0,4.0,1.0,0.0,0.0,10.0,0.0,5.0,2.0,2.0,9.0,12.0,0.0,0.0,1.0,6.0,10.0,5.0,0.0,0.0,1.0,1.0,0.0,0.0,0.0,0.0,0.0,0.0,0.0,0.0,0.0,0.0,3.0,0.0,0.0,0.0,0.0,2.0,0.0,0.0,0.0,1.0,0.0,1.0,0.0,1.0,5.0,8.0,2782495570.0,18556162.0,福州市连江县,福州市连江县苔菉镇,19.0,25.4,0.0,5.2,49.6,57.64090909090908,57.445,44.672332730560576
福建省,福州市,连江县,浦口镇,119.5965316,26.246494,39.0,3.0,7.0,40.0,169.0,10.0,8.0,16.0,1.0,0.0,2.0,1.0,0.0,0.0,0.0,0.0,0.0,0.0,0.0,2.0,41.0,0.0,2.0,0.0,0.0,5.0,11.0,1.0,9.0,6.0,2.0,0.0,0.0,15.0,18.0,6.0,13.0,3.0,2.0,10.0,33.0,7.0,8.0,10.0,0.0,0.0,0.0,0.0,0.0,0.0,0.0,0.0,0.0,0.0,0.0,1.0,13.0,0.0,1.0,0.0,0.0,1.0,5.0,1.0,6.0,2.0,2.0,0.0,0.0,5.0,12.0,6.0,2494966941.0,18480498.0,福州市连江县,福州市连江县浦口镇,20.0,28.0,6.0,5.4,59.4,57.64090909090908,57.445,44.672332730560576
福建省,福州市,连江县,坑园镇,119.7629572,26.3405967,0.0,16.0,13.0,43.0,34.0,49.0,0.0,4.0,0.0,2.0,1.0,0.0,0.0,0.0,1.0,1.0,0.0,0.0,0.0,0.0,10.0,2.0,12.0,0.0,1.0,2.0,23.0,0.0,0.0,15.0,0.0,11.0,0.0,6.0,11.0,17.0,0.0,7.0,9.0,14.0,13.0,3.0,0.0,0.0,0.0,0.0,0.0,0.0,0.0,0.0,1.0,1.0,0.0,0.0,0.0,0.0,3.0,0.0,1.0,0.0,0.0,1.0,0.0,0.0,0.0,0.0,0.0,0.0,0.0,2.0,8.0,9.0,2782496504.0,18573565.0,福州市连江县,福州市连江县坑园镇,17.0,28.0,5.0,7.800000000000001,57.8,57.64090909090908,57.445,44.672332730560576
福建省,福州市,连江县,潘渡镇,119.4510617,26.2360648,24.0,7.0,0.0,6.0,38.0,17.0,14.0,12.0,1.0,1.0,0.0,0.0,0.0,0.0,0.0,4.0,0.0,0.0,0.0,1.0,22.0,0.0,0.0,0.0,0.0,4.0,27.0,0.0,2.0,5.0,2.0,3.0,8.0,4.0,18.0,9.0,0.0,3.0,0.0,1.0,3.0,6.0,6.0,7.0,1.0,0.0,0.0,0.0,0.0,0.0,0.0,2.0,0.0,0.0,0.0,0.0,7.0,0.0,0.0,0.0,0.0,2.0,8.0,0.0,0.0,2.0,0.0,0.0,6.0,2.0,11.0,6.0,2494966936.0,18540901.0,福州市连江县,福州市连江县潘渡镇,19.0,26.5,0.0,8.2,53.7,57.64090909090908,57.445,44.672332730560576
福建省,福州市,连江县,江南镇,119.536262,26.1895569,20.0,68.0,148.0,101.0,339.0,247.0,64.0,1046.0,275.0,27.0,2.0,29.0,6.0,7.0,13.0,30.0,6.0,0.0,4.0,33.0,132.0,7.0,3.0,3.0,5.0,35.0,2269.0,141.0,426.0,59.0,47.0,88.0,43.0,35.0,24.0,26.0,4.0,7.0,29.0,11.0,36.0,25.0,10.0,145.0,23.0,1.0,0.0,2.0,3.0,3.0,2.0,3.0,0.0,0.0,0.0,0.0,24.0,1.0,0.0,0.0,1.0,7.0,252.0,9.0,16.0,2.0,4.0,3.0,2.0,9.0,18.0,12.0,2494966923.0,18477198.0,福州市连江县,福州市连江县江南镇,20.0,30.0,15.0,20.0,85.0,57.64090909090908,57.445,44.672332730560576
福建省,福州市,连江县,下宫镇,119.7988729,26.38145,0.0,14.0,0.0,13.0,14.0,12.0,0.0,1.0,0.0,0.0,0.0,0.0,0.0,0.0,0.0,0.0,0.0,0.0,0.0,0.0,2.0,0.0,4.0,0.0,0.0,5.0,14.0,0.0,0.0,10.0,0.0,2.0,0.0,6.0,11.0,10.0,0.0,3.0,0.0,9.0,4.0,3.0,0.0,0.0,0.0,0.0,0.0,0.0,0.0,0.0,0.0,0.0,0.0,0.0,0.0,0.0,1.0,0.0,1.0,0.0,0.0,1.0,1.0,0.0,0.0,0.0,0.0,0.0,0.0,2.0,6.0,5.0,4080219202.0,18556297.0,福州市连江县,福州市连江县下宫镇,20.0,18.0,0.0,6.5,44.5,57.64090909090908,57.445,44.672332730560576
福建省,福州市,连江县,蓼沿乡,119.4236965,26.3667264,0.0,0.0,0.0,3.0,216.0,1.0,0.0,0.0,0.0,0.0,0.0,0.0,0.0,0.0,0.0,0.0,0.0,0.0,0.0,0.0,13.0,0.0,0.0,0.0,0.0,6.0,0.0,0.0,0.0,0.0,0.0,0.0,0.0,2.0,4.0,4.0,0.0,0.0,0.0,1.0,32.0,0.0,0.0,0.0,0.0,0.0,0.0,0.0,0.0,0.0,0.0,0.0,0.0,0.0,0.0,0.0,8.0,0.0,0.0,0.0,0.0,1.0,0.0,0.0,0.0,0.0,0.0,0.0,0.0,1.0,2.0,2.0,2494966928.0,18827507.0,福州市连江县,福州市连江县蓼沿乡,20.0,22.0,0.0,2.0,44.0,57.64090909090908,57.445,44.672332730560576
福建省,福州市,连江县,安凯乡,119.8456014,26.3435351,0.0,0.0,14.0,11.0,31.0,15.0,0.0,2.0,0.0,0.0,1.0,0.0,0.0,0.0,0.0,0.0,0.0,0.0,0.0,0.0,15.0,1.0,3.0,0.0,0.0,4.0,1.0,0.0,0.0,4.0,0.0,9.0,1.0,4.0,9.0,13.0,0.0,0.0,5.0,5.0,7.0,4.0,0.0,0.0,0.0,0.0,0.0,0.0,0.0,0.0,0.0,0.0,0.0,0.0,0.0,0.0,1.0,1.0,1.0,0.0,0.0,1.0,0.0,0.0,0.0,0.0,0.0,3.0,1.0,2.0,7.0,7.0,2635501191.0,18544334.0,福州市连江县,福州市连江县安凯乡,19.0,24.3,0.0,4.5,47.8,57.64090909090908,57.445,44.672332730560576
福建省,福州市,连江县,小沧畲族乡,119.3153522,26.3785149,0.0,0.0,3.0,0.0,15.0,17.0,0.0,2.0,3.0,0.0,0.0,0.0,0.0,0.0,0.0,0.0,0.0,0.0,0.0,0.0,0.0,0.0,0.0,0.0,0.0,9.0,82.0,0.0,0.0,0.0,0.0,1.0,0.0,5.0,6.0,5.0,0.0,0.0,3.0,0.0,3.0,10.0,0.0,2.0,3.0,0.0,0.0,0.0,0.0,0.0,0.0,0.0,0.0,0.0,0.0,0.0,0.0,0.0,0.0,0.0,0.0,2.0,82.0,0.0,0.0,0.0,0.0,0.0,0.0,3.0,6.0,2.0,2682938209.0,18827508.0,福州市连江县,福州市连江县小沧畲族乡,20.0,13.9,0.0,18.5,52.4,57.64090909090908,57.445,44.672332730560576
福建省,福州市,罗源县,凤山镇,119.540745,26.4902981,8.0,13.0,14.0,31.0,113.0,32.0,0.0,84.0,4.0,1.0,1.0,2.0,0.0,0.0,1.0,2.0,1.0,0.0,0.0,4.0,12.0,0.0,1.0,0.0,0.0,10.0,14.0,0.0,0.0,2.0,0.0,15.0,3.0,5.0,15.0,12.0,0.0,2.0,0.0,16.0,17.0,20.0,0.0,32.0,4.0,1.0,0.0,1.0,0.0,0.0,1.0,2.0,1.0,0.0,0.0,4.0,2.0,0.0,1.0,0.0,0.0,3.0,9.0,0.0,0.0,1.0,0.0,2.0,3.0,2.0,10.0,8.0,5097321385.0,-1.0,福州市罗源县,福州市罗源县凤山镇,12.0,30.0,19.0,6.6,67.6,38.87272727272727,57.445,44.672332730560576
福建省,福州市,罗源县,松山镇,119.5644917,26.4812519,6.0,12.0,22.0,32.0,71.0,26.0,0.0,75.0,10.0,1.0,1.0,2.0,0.0,0.0,2.0,3.0,1.0,0.0,0.0,4.0,24.0,1.0,5.0,0.0,0.0,6.0,17.0,0.0,0.0,3.0,0.0,12.0,3.0,6.0,13.0,10.0,6.0,12.0,4.0,7.0,15.0,1.0,0.0,22.0,1.0,0.0,0.0,0.0,0.0,0.0,0.0,0.0,0.0,0.0,0.0,0.0,3.0,0.0,1.0,0.0,0.0,2.0,0.0,0.0,0.0,1.0,0.0,4.0,0.0,3.0,9.0,6.0,4463022133.0,-1.0,福州市罗源县,福州市罗源县松山镇,12.0,30.0,5.0,6.1,53.1,38.87272727272727,57.445,44.672332730560576
福建省,福州市,罗源县,起步镇,119.543095,26.508509,0.0,4.0,12.0,32.0,116.0,54.0,0.0,55.0,4.0,1.0,1.0,2.0,0.0,0.0,1.0,2.0,1.0,0.0,0.0,4.0,16.0,0.0,1.0,0.0,0.0,10.0,11.0,0.0,0.0,3.0,0.0,16.0,3.0,4.0,14.0,10.0,0.0,0.0,8.0,5.0,22.0,3.0,0.0,13.0,0.0,0.0,0.0,0.0,0.0,0.0,0.0,0.0,0.0,0.0,0.0,0.0,5.0,0.0,0.0,0.0,0.0,2.0,0.0,0.0,0.0,1.0,0.0,6.0,0.0,2.0,8.0,4.0,8261659823.0,-1.0,福州市罗源县,福州市罗源县起步镇,12.0,30.0,5.0,5.5,52.5,38.87272727272727,57.445,44.672332730560576
福建省,福州市,罗源县,中房镇,119.425476,26.60353,0.0,0.0,3.0,1.0,104.0,1.0,0.0,2.0,0.0,0.0,0.0,0.0,0.0,0.0,0.0,0.0,0.0,0.0,0.0,0.0,8.0,0.0,0.0,0.0,0.0,5.0,9.0,0.0,0.0,0.0,0.0,0.0,0.0,5.0,8.0,4.0,0.0,0.0,1.0,0.0,27.0,1.0,0.0,1.0,0.0,0.0,0.0,0.0,0.0,0.0,0.0,0.0,0.0,0.0,0.0,0.0,0.0,0.0,0.0,0.0,0.0,1.0,9.0,0.0,0.0,0.0,0.0,0.0,0.0,1.0,4.0,1.0,2518654120.0,-1.0,福州市罗源县,福州市罗源县中房镇,12.0,24.0,0.0,3.8,39.8,38.87272727272727,57.445,44.672332730560576
福建省,福州市,罗源县,飞竹镇,119.3401742,26.4578906,0.0,0.0,0.0,2.0,86.0,1.0,0.0,0.0,0.0,0.0,0.0,0.0,0.0,0.0,0.0,0.0,0.0,0.0,0.0,0.0,8.0,0.0,0.0,0.0,0.0,8.0,0.0,0.0,0.0,0.0,0.0,0.0,0.0,1.0,4.0,3.0,0.0,0.0,0.0,2.0,4.0,0.0,0.0,0.0,0.0,0.0,0.0,0.0,0.0,0.0,0.0,0.0,0.0,0.0,0.0,0.0,1.0,0.0,0.0,0.0,0.0,1.0,0.0,0.0,0.0,0.0,0.0,0.0,0.0,1.0,2.0,1.0,3933847546.0,-1.0,福州市罗源县,福州市罗源县飞竹镇,12.0,22.0,0.0,1.5,35.5,38.87272727272727,57.445,44.672332730560576
福建省,福州市,罗源县,鉴江镇,119.753997,26.55053,7.0,0.0,0.0,4.0,14.0,2.0,0.0,2.0,0.0,0.0,0.0,0.0,0.0,0.0,0.0,0.0,0.0,0.0,0.0,0.0,4.0,0.0,1.0,0.0,0.0,2.0,0.0,0.0,0.0,0.0,0.0,0.0,1.0,7.0,7.0,12.0,2.0,0.0,0.0,2.0,6.0,2.0,0.0,2.0,0.0,0.0,0.0,0.0,0.0,0.0,0.0,0.0,0.0,0.0,0.0,0.0,2.0,0.0,0.0,0.0,0.0,1.0,0.0,0.0,0.0,0.0,0.0,0.0,1.0,2.0,7.0,10.0,2480468378.0,-1.0,福州市罗源县,福州市罗源县鉴江镇,9.0,17.1,0.0,4.0,30.1,38.87272727272727,57.445,44.672332730560576
福建省,福州市,罗源县,白塔乡,119.4986173,26.4716564,17.0,3.0,0.0,4.0,45.0,2.0,0.0,6.0,0.0,0.0,0.0,0.0,0.0,0.0,0.0,0.0,0.0,0.0,0.0,0.0,13.0,0.0,0.0,0.0,0.0,12.0,2.0,0.0,0.0,0.0,0.0,0.0,0.0,2.0,11.0,6.0,15.0,3.0,0.0,3.0,1.0,1.0,0.0,0.0,0.0,0.0,0.0,0.0,0.0,0.0,0.0,0.0,0.0,0.0,0.0,0.0,2.0,0.0,0.0,0.0,0.0,2.0,0.0,0.0,0.0,0.0,0.0,0.0,0.0,2.0,8.0,2.0,3939320736.0,-1.0,福州市罗源县,福州市罗源县白塔乡,12.0,22.3,0.0,3.2,37.5,38.87272727272727,57.445,44.672332730560576
福建省,福州市,罗源县,洪洋乡,119.4631273,26.5304268,0.0,0.0,1.0,0.0,7.0,0.0,0.0,0.0,0.0,0.0,0.0,0.0,0.0,0.0,0.0,0.0,0.0,0.0,0.0,0.0,5.0,0.0,0.0,0.0,0.0,3.0,0.0,0.0,0.0,0.0,0.0,0.0,0.0,1.0,3.0,5.0,0.0,0.0,1.0,0.0,3.0,0.0,0.0,0.0,0.0,0.0,0.0,0.0,0.0,0.0,0.0,0.0,0.0,0.0,0.0,0.0,2.0,0.0,0.0,0.0,0.0,1.0,0.0,0.0,0.0,0.0,0.0,0.0,0.0,1.0,2.0,2.0,3939047898.0,-1.0,福州市罗源县,福州市罗源县洪洋乡,10.0,8.8,0.0,2.5,21.3,38.87272727272727,57.445,44.672332730560576
福建省,福州市,罗源县,西兰乡,119.402872,26.4723483,0.0,0.0,0.0,5.0,73.0,0.0,0.0,0.0,0.0,0.0,0.0,0.0,0.0,0.0,0.0,0.0,0.0,0.0,0.0,0.0,2.0,0.0,0.0,0.0,0.0,3.0,0.0,0.0,0.0,0.0,0.0,0.0,0.0,1.0,2.0,3.0,0.0,0.0,0.0,1.0,8.0,0.0,0.0,0.0,0.0,0.0,0.0,0.0,0.0,0.0,0.0,0.0,0.0,0.0,0.0,0.0,0.0,0.0,0.0,0.0,0.0,1.0,0.0,0.0,0.0,0.0,0.0,0.0,0.0,1.0,2.0,1.0,4463026978.0,-1.0,福州市罗源县,福州市罗源县西兰乡,10.0,21.0,0.0,1.5,32.5,38.87272727272727,57.445,44.672332730560576
福建省,福州市,罗源县,霍口畲族乡,119.2720608,26.4485429,0.0,0.0,0.0,4.0,78.0,0.0,0.0,0.0,0.0,0.0,0.0,0.0,0.0,0.0,0.0,0.0,0.0,0.0,0.0,0.0,13.0,0.0,0.0,0.0,0.0,1.0,0.0,0.0,0.0,0.0,0.0,0.0,0.0,1.0,2.0,3.0,0.0,0.0,0.0,4.0,13.0,0.0,0.0,0.0,0.0,0.0,0.0,0.0,0.0,0.0,0.0,0.0,0.0,0.0,0.0,0.0,4.0,0.0,0.0,0.0,0.0,1.0,0.0,0.0,0.0,0.0,0.0,0.0,0.0,1.0,2.0,3.0,2679937181.0,-1.0,福州市罗源县,福州市罗源县霍口畲族乡,8.0,21.0,0.0,1.5,30.5,38.87272727272727,57.445,44.672332730560576
福建省,福州市,罗源县,碧里乡,119.7139528,26.467945,6.0,0.0,3.0,1.0,4.0,11.0,0.0,3.0,0.0,0.0,0.0,0.0,0.0,0.0,0.0,0.0,0.0,0.0,0.0,0.0,6.0,1.0,3.0,0.0,0.0,3.0,1.0,0.0,0.0,22.0,0.0,0.0,1.0,2.0,7.0,10.0,2.0,0.0,0.0,0.0,2.0,0.0,0.0,0.0,0.0,0.0,0.0,0.0,0.0,0.0,0.0,0.0,0.0,0.0,0.0,0.0,3.0,1.0,1.0,0.0,0.0,1.0,0.0,0.0,0.0,0.0,0.0,0.0,0.0,2.0,3.0,6.0,2494920475.0,-1.0,福州市罗源县,福州市罗源县碧里乡,10.0,10.9,0.0,6.300000000000001,27.2,38.87272727272727,57.445,44.672332730560576
福建省,福州市,闽清县,梅城镇,118.8575865,26.2220107,8.0,13.0,43.0,51.0,263.0,28.0,6.0,46.0,115.0,3.0,7.0,31.0,3.0,3.0,15.0,20.0,2.0,0.0,4.0,5.0,98.0,10.0,15.0,3.0,0.0,5.0,59.0,0.0,0.0,1.0,0.0,13.0,8.0,7.0,20.0,12.0,0.0,5.0,37.0,29.0,126.0,20.0,6.0,18.0,63.0,2.0,4.0,28.0,3.0,3.0,8.0,12.0,1.0,0.0,4.0,4.0,58.0,9.0,3.0,2.0,0.0,2.0,44.0,0.0,0.0,1.0,0.0,8.0,4.0,2.0,15.0,10.0,8262222023.0,-1.0,福州市闽清县,福州市闽清县梅城镇,12.0,30.0,26.0,14.5,82.5,37.06875,57.445,44.672332730560576
福建省,福州市,闽清县,梅溪镇,118.8796551,26.2084458,15.0,27.0,50.0,60.0,195.0,35.0,2.0,39.0,104.0,5.0,6.0,28.0,4.0,4.0,15.0,22.0,4.0,0.0,4.0,5.0,76.0,10.0,13.0,1.0,0.0,8.0,44.0,0.0,0.0,1.0,0.0,19.0,7.0,7.0,20.0,13.0,10.0,6.0,12.0,4.0,10.0,1.0,0.0,10.0,8.0,1.0,1.0,2.0,0.0,0.0,2.0,3.0,1.0,0.0,0.0,0.0,6.0,1.0,1.0,0.0,0.0,2.0,4.0,0.0,0.0,0.0,0.0,1.0,1.0,3.0,13.0,7.0,5097509766.0,-1.0,福州市闽清县,福州市闽清县梅溪镇,12.0,30.0,15.0,8.9,65.9,37.06875,57.445,44.672332730560576
福建省,福州市,闽清县,白樟镇,118.806594,26.181674,0.0,13.0,11.0,10.0,220.0,3.0,0.0,0.0,0.0,0.0,4.0,0.0,0.0,0.0,0.0,0.0,0.0,0.0,0.0,0.0,16.0,0.0,11.0,0.0,0.0,3.0,2.0,0.0,0.0,0.0,0.0,0.0,0.0,3.0,12.0,5.0,0.0,1.0,0.0,4.0,87.0,0.0,0.0,0.0,0.0,0.0,1.0,0.0,0.0,0.0,0.0,0.0,0.0,0.0,0.0,0.0,5.0,0.0,0.0,0.0,0.0,1.0,0.0,0.0,0.0,0.0,0.0,0.0,0.0,2.0,8.0,4.0,2494977593.0,-1.0,福州市闽清县,福州市闽清县白樟镇,10.0,26.0,0.0,2.7,38.7,37.06875,57.445,44.672332730560576
福建省,福州市,闽清县,金沙镇,118.7016206,26.1841585,0.0,0.0,4.0,0.0,2.0,0.0,0.0,0.0,0.0,0.0,0.0,0.0,0.0,0.0,0.0,0.0,0.0,0.0,0.0,0.0,1.0,0.0,0.0,0.0,0.0,1.0,0.0,0.0,0.0,0.0,0.0,0.0,0.0,2.0,7.0,3.0,0.0,0.0,2.0,0.0,2.0,0.0,0.0,0.0,0.0,0.0,0.0,0.0,0.0,0.0,0.0,0.0,0.0,0.0,0.0,0.0,1.0,0.0,0.0,0.0,0.0,1.0,0.0,0.0,0.0,0.0,0.0,0.0,0.0,2.0,4.0,3.0,2494977607.0,-1.0,福州市闽清县,福州市闽清县金沙镇,8.0,9.5,0.0,1.5,19.0,37.06875,57.445,44.672332730560576
福建省,福州市,闽清县,白中镇,118.737729,26.136049,0.0,1.0,8.0,2.0,194.0,0.0,0.0,2.0,0.0,0.0,0.0,0.0,0.0,0.0,0.0,0.0,0.0,0.0,0.0,0.0,7.0,0.0,0.0,0.0,0.0,1.0,1.0,0.0,0.0,1.0,0.0,0.0,0.0,1.0,7.0,3.0,0.0,1.0,3.0,0.0,38.0,0.0,0.0,0.0,0.0,0.0,0.0,0.0,0.0,0.0,0.0,0.0,0.0,0.0,0.0,0.0,1.0,0.0,0.0,0.0,0.0,1.0,0.0,0.0,0.0,0.0,0.0,0.0,0.0,1.0,5.0,3.0,2494977594.0,-1.0,福州市闽清县,福州市闽清县白中镇,8.0,23.5,0.0,1.7,33.2,37.06875,57.445,44.672332730560576
福建省,福州市,闽清县,池园镇,118.678288,26.097961,0.0,0.0,1.0,0.0,348.0,0.0,0.0,1.0,0.0,0.0,0.0,0.0,0.0,0.0,0.0,0.0,0.0,0.0,0.0,0.0,0.0,0.0,0.0,0.0,0.0,1.0,0.0,0.0,0.0,0.0,0.0,0.0,0.0,1.0,3.0,2.0,0.0,0.0,1.0,0.0,124.0,0.0,0.0,0.0,0.0,0.0,0.0,0.0,0.0,0.0,0.0,0.0,0.0,0.0,0.0,0.0,0.0,0.0,0.0,0.0,0.0,1.0,0.0,0.0,0.0,0.0,0.0,0.0,0.0,1.0,2.0,2.0,2494977598.0,-1.0,福州市闽清县,福州市闽清县池园镇,8.0,21.5,0.0,1.0,30.5,37.06875,57.445,44.672332730560576
福建省,福州市,闽清县,坂东镇,118.767652,26.112334,0.0,2.0,3.0,7.0,294.0,0.0,0.0,0.0,0.0,0.0,0.0,0.0,0.0,0.0,0.0,0.0,0.0,0.0,0.0,0.0,6.0,0.0,2.0,0.0,0.0,1.0,1.0,0.0,0.0,0.0,0.0,0.0,1.0,1.0,5.0,4.0,0.0,1.0,0.0,5.0,94.0,0.0,0.0,0.0,0.0,0.0,0.0,0.0,0.0,0.0,0.0,0.0,0.0,0.0,0.0,0.0,1.0,0.0,0.0,0.0,0.0,1.0,0.0,0.0,0.0,0.0,0.0,0.0,0.0,1.0,3.0,2.0,2494977595.0,-1.0,福州市闽清县,福州市闽清县坂东镇,8.0,22.5,0.0,2.1,32.6,37.06875,57.445,44.672332730560576
福建省,福州市,闽清县,塔庄镇,118.770041,26.053701,0.0,0.0,7.0,5.0,183.0,0.0,0.0,0.0,0.0,0.0,0.0,0.0,0.0,0.0,0.0,0.0,0.0,0.0,0.0,0.0,0.0,0.0,1.0,0.0,0.0,3.0,0.0,0.0,0.0,0.0,0.0,0.0,0.0,1.0,3.0,2.0,0.0,0.0,0.0,3.0,52.0,0.0,0.0,0.0,0.0,0.0,0.0,0.0,0.0,0.0,0.0,0.0,0.0,0.0,0.0,0.0,0.0,0.0,0.0,0.0,0.0,1.0,0.0,0.0,0.0,0.0,0.0,0.0,0.0,1.0,2.0,1.0,2494977616.0,-1.0,福州市闽清县,福州市闽清县塔庄镇,10.0,21.5,0.0,1.0,32.5,37.06875,57.445,44.672332730560576
福建省,福州市,闽清县,省璜镇,118.7261016,25.9902544,0.0,0.0,5.0,15.0,119.0,0.0,0.0,3.0,0.0,0.0,0.0,0.0,0.0,0.0,0.0,0.0,0.0,0.0,0.0,0.0,4.0,0.0,0.0,0.0,0.0,4.0,0.0,0.0,0.0,0.0,0.0,0.0,0.0,1.0,4.0,2.0,0.0,0.0,5.0,10.0,30.0,0.0,0.0,3.0,0.0,0.0,0.0,0.0,0.0,0.0,0.0,0.0,0.0,0.0,0.0,0.0,0.0,0.0,0.0,0.0,0.0,1.0,0.0,0.0,0.0,0.0,0.0,0.0,0.0,1.0,4.0,1.0,2494977613.0,-1.0,福州市闽清县,福州市闽清县省璜镇,11.0,22.0,0.0,1.0,34.0,37.06875,57.445,44.672332730560576
福建省,福州市,闽清县,雄江镇,118.7515749,26.3295454,3.0,0.0,0.0,1.0,3.0,2.0,0.0,1.0,0.0,0.0,0.0,0.0,0.0,0.0,0.0,0.0,0.0,0.0,0.0,0.0,1.0,0.0,0.0,0.0,0.0,2.0,2.0,0.0,0.0,0.0,0.0,0.0,0.0,8.0,6.0,4.0,3.0,0.0,0.0,1.0,3.0,0.0,0.0,0.0,0.0,0.0,0.0,0.0,0.0,0.0,0.0,0.0,0.0,0.0,0.0,0.0,0.0,0.0,0.0,0.0,0.0,1.0,2.0,0.0,0.0,0.0,0.0,0.0,0.0,8.0,4.0,3.0,2518360279.0,-1.0,福州市闽清县,福州市闽清县雄江镇,9.0,10.5,0.0,2.4,21.9,37.06875,57.445,44.672332730560576
福建省,福州市,闽清县,东桥镇,118.8939566,26.3743247,0.0,0.0,9.0,3.0,78.0,6.0,0.0,4.0,0.0,0.0,0.0,0.0,0.0,0.0,1.0,1.0,0.0,0.0,0.0,1.0,21.0,0.0,0.0,0.0,0.0,18.0,0.0,0.0,0.0,0.0,0.0,1.0,0.0,3.0,13.0,3.0,0.0,0.0,5.0,0.0,64.0,3.0,0.0,0.0,0.0,0.0,0.0,0.0,0.0,0.0,1.0,1.0,0.0,0.0,0.0,1.0,9.0,0.0,0.0,0.0,0.0,2.0,0.0,0.0,0.0,0.0,0.0,0.0,0.0,1.0,5.0,2.0,2518360268.0,-1.0,福州市闽清县,福州市闽清县东桥镇,12.0,24.0,6.0,1.5,43.5,37.06875,57.445,44.672332730560576
福建省,福州市,闽清县,云龙乡,118.8332759,26.1735538,0.0,21.0,22.0,10.0,163.0,9.0,0.0,0.0,0.0,0.0,3.0,0.0,0.0,0.0,0.0,0.0,0.0,1.0,0.0,1.0,12.0,0.0,14.0,0.0,0.0,7.0,5.0,0.0,0.0,3.0,0.0,0.0,0.0,3.0,12.0,5.0,0.0,6.0,6.0,2.0,81.0,1.0,0.0,0.0,0.0,0.0,1.0,0.0,0.0,0.0,0.0,0.0,0.0,0.0,0.0,0.0,4.0,0.0,0.0,0.0,0.0,2.0,3.0,0.0,0.0,0.0,0.0,0.0,0.0,2.0,10.0,2.0,2494977619.0,-1.0,福州市闽清县,福州市闽清县云龙乡,12.0,26.0,0.0,3.6,41.6,37.06875,57.445,44.672332730560576
福建省,福州市,闽清县,上莲乡,118.648347,26.041439,0.0,0.0,2.0,2.0,52.0,0.0,0.0,0.0,0.0,0.0,0.0,0.0,0.0,0.0,0.0,0.0,0.0,0.0,0.0,0.0,0.0,0.0,0.0,0.0,0.0,1.0,0.0,0.0,0.0,0.0,0.0,0.0,0.0,1.0,3.0,2.0,0.0,0.0,2.0,2.0,5.0,0.0,0.0,0.0,0.0,0.0,0.0,0.0,0.0,0.0,0.0,0.0,0.0,0.0,0.0,0.0,0.0,0.0,0.0,0.0,0.0,1.0,0.0,0.0,0.0,0.0,0.0,0.0,0.0,1.0,3.0,2.0,2494977612.0,-1.0,福州市闽清县,福州市闽清县上莲乡,8.0,20.4,0.0,1.0,29.4,37.06875,57.445,44.672332730560576
福建省,福州市,闽清县,三溪乡,118.8130112,26.1099342,0.0,6.0,7.0,4.0,110.0,4.0,0.0,0.0,0.0,0.0,0.0,0.0,0.0,0.0,0.0,0.0,0.0,0.0,0.0,0.0,0.0,0.0,2.0,0.0,0.0,2.0,1.0,0.0,0.0,0.0,0.0,0.0,0.0,1.0,5.0,4.0,0.0,4.0,0.0,2.0,35.0,0.0,0.0,0.0,0.0,0.0,0.0,0.0,0.0,0.0,0.0,0.0,0.0,0.0,0.0,0.0,0.0,0.0,0.0,0.0,0.0,2.0,0.0,0.0,0.0,0.0,0.0,0.0,0.0,1.0,3.0,2.0,2494977611.0,-1.0,福州市闽清县,福州市闽清县三溪乡,9.0,22.5,0.0,2.1,33.6,37.06875,57.445,44.672332730560576
福建省,福州市,闽清县,桔林乡,118.768685,26.401473,0.0,0.0,0.0,5.0,1.0,3.0,0.0,1.0,0.0,0.0,0.0,0.0,0.0,0.0,1.0,1.0,0.0,0.0,0.0,0.0,4.0,0.0,0.0,0.0,0.0,4.0,1.0,0.0,0.0,0.0,0.0,0.0,0.0,8.0,5.0,3.0,0.0,0.0,0.0,5.0,0.0,2.0,0.0,0.0,0.0,0.0,0.0,0.0,0.0,0.0,1.0,1.0,0.0,0.0,0.0,0.0,1.0,0.0,0.0,0.0,0.0,2.0,1.0,0.0,0.0,0.0,0.0,0.0,0.0,6.0,3.0,1.0,2518360271.0,-1.0,福州市闽清县,福州市闽清县桔林乡,11.0,7.7,5.0,1.7,25.4,37.06875,57.445,44.672332730560576
福建省,福州市,闽清县,下祝乡,118.989822,26.493397,0.0,0.0,2.0,2.0,14.0,1.0,0.0,0.0,0.0,0.0,0.0,0.0,0.0,0.0,0.0,0.0,0.0,0.0,0.0,0.0,4.0,0.0,0.0,0.0,0.0,6.0,0.0,0.0,0.0,0.0,0.0,0.0,0.0,3.0,6.0,2.0,0.0,0.0,1.0,0.0,10.0,0.0,0.0,0.0,0.0,0.0,0.0,0.0,0.0,0.0,0.0,0.0,0.0,0.0,0.0,0.0,3.0,0.0,0.0,0.0,0.0,1.0,0.0,0.0,0.0,0.0,0.0,0.0,0.0,1.0,3.0,1.0,2518360278.0,-1.0,福州市闽清县,福州市闽清县下祝乡,12.0,15.8,0.0,1.0,28.8,37.06875,57.445,44.672332730560576
福建省,福州市,永泰县,樟城镇,118.9305746,25.8709919,21.0,36.0,53.0,31.0,51.0,6.0,0.0,52.0,1.0,3.0,0.0,6.0,1.0,1.0,6.0,7.0,2.0,0.0,0.0,0.0,19.0,0.0,0.0,0.0,0.0,4.0,17.0,0.0,0.0,2.0,1.0,4.0,0.0,9.0,14.0,5.0,0.0,27.0,24.0,16.0,12.0,1.0,0.0,11.0,0.0,2.0,0.0,6.0,1.0,1.0,6.0,7.0,1.0,0.0,0.0,0.0,9.0,0.0,0.0,0.0,0.0,2.0,10.0,0.0,0.0,0.0,1.0,2.0,0.0,3.0,10.0,4.0,5097514721.0,-1.0,福州市永泰县,福州市永泰县樟城镇,11.0,28.0,20.0,5.4,64.4,32.24285714285715,57.445,44.672332730560576
福建省,福州市,永泰县,嵩口镇,118.584944,25.804069,4.0,0.0,0.0,8.0,11.0,0.0,0.0,14.0,0.0,1.0,0.0,0.0,1.0,1.0,1.0,1.0,0.0,0.0,0.0,6.0,15.0,0.0,0.0,0.0,0.0,5.0,8.0,0.0,0.0,0.0,0.0,0.0,6.0,4.0,8.0,7.0,4.0,0.0,0.0,6.0,5.0,0.0,0.0,14.0,0.0,1.0,0.0,0.0,1.0,1.0,1.0,1.0,0.0,0.0,0.0,6.0,4.0,0.0,0.0,0.0,0.0,3.0,7.0,0.0,0.0,0.0,0.0,0.0,6.0,4.0,7.0,5.0,2494977614.0,-1.0,福州市永泰县,福州市永泰县嵩口镇,12.0,19.7,16.0,5.0,52.7,32.24285714285715,57.445,44.672332730560576
福建省,福州市,永泰县,梧桐镇,118.7443009,25.7301559,5.0,0.0,0.0,9.0,32.0,8.0,0.0,3.0,0.0,0.0,0.0,0.0,0.0,0.0,0.0,0.0,0.0,0.0,0.0,0.0,0.0,0.0,0.0,0.0,0.0,14.0,3.0,0.0,0.0,0.0,0.0,0.0,0.0,5.0,9.0,3.0,3.0,0.0,0.0,5.0,4.0,1.0,0.0,0.0,0.0,0.0,0.0,0.0,0.0,0.0,0.0,0.0,0.0,0.0,0.0,0.0,0.0,0.0,0.0,0.0,0.0,3.0,1.0,0.0,0.0,0.0,0.0,0.0,0.0,3.0,5.0,2.0,3196519163.0,-1.0,福州市永泰县,福州市永泰县梧桐镇,12.0,21.6,0.0,1.9,35.5,32.24285714285715,57.445,44.672332730560576
福建省,福州市,永泰县,葛岭镇,119.0767872,25.8815602,9.0,12.0,0.0,12.0,46.0,3.0,0.0,6.0,0.0,3.0,0.0,0.0,0.0,0.0,1.0,1.0,0.0,0.0,0.0,0.0,22.0,0.0,0.0,0.0,0.0,8.0,3.0,0.0,0.0,0.0,0.0,8.0,1.0,5.0,13.0,9.0,3.0,0.0,0.0,8.0,21.0,2.0,0.0,0.0,0.0,3.0,0.0,0.0,0.0,0.0,0.0,0.0,0.0,0.0,0.0,0.0,14.0,0.0,0.0,0.0,0.0,1.0,0.0,0.0,0.0,0.0,0.0,4.0,0.0,3.0,5.0,6.0,2494977603.0,-1.0,福州市永泰县,福州市永泰县葛岭镇,12.0,26.0,0.0,4.3,42.3,32.24285714285715,57.445,44.672332730560576
福建省,福州市,永泰县,城峰镇,118.95898,25.8707159,23.0,45.0,28.0,9.0,31.0,5.0,0.0,52.0,0.0,2.0,0.0,3.0,0.0,0.0,5.0,6.0,2.0,0.0,0.0,0.0,15.0,0.0,0.0,0.0,0.0,4.0,12.0,0.0,0.0,2.0,1.0,3.0,0.0,5.0,14.0,5.0,2.0,2.0,2.0,0.0,5.0,0.0,0.0,0.0,0.0,0.0,0.0,0.0,0.0,0.0,0.0,0.0,1.0,0.0,0.0,0.0,0.0,0.0,0.0,0.0,0.0,1.0,0.0,0.0,0.0,0.0,0.0,0.0,0.0,3.0,4.0,2.0,2494977597.0,-1.0,福州市永泰县,福州市永泰县城峰镇,11.0,23.7,10.0,3.9000000000000004,48.6,32.24285714285715,57.445,44.672332730560576
福建省,福州市,永泰县,清凉镇,118.92058,25.901581,0.0,4.0,14.0,4.0,75.0,1.0,0.0,0.0,0.0,0.0,0.0,0.0,0.0,0.0,1.0,1.0,0.0,0.0,0.0,0.0,5.0,0.0,0.0,0.0,0.0,1.0,0.0,0.0,0.0,0.0,0.0,1.0,0.0,1.0,7.0,4.0,0.0,3.0,0.0,2.0,31.0,0.0,0.0,0.0,0.0,0.0,0.0,0.0,0.0,0.0,0.0,0.0,0.0,0.0,0.0,0.0,0.0,0.0,0.0,0.0,0.0,1.0,0.0,0.0,0.0,0.0,0.0,0.0,0.0,1.0,5.0,2.0,2494977610.0,-1.0,福州市永泰县,福州市永泰县清凉镇,8.0,23.5,0.0,2.0,33.5,32.24285714285715,57.445,44.672332730560576
福建省,福州市,永泰县,长庆镇,118.579986,25.884441,0.0,0.0,1.0,2.0,8.0,1.0,0.0,0.0,1.0,0.0,0.0,0.0,0.0,0.0,0.0,0.0,0.0,0.0,0.0,0.0,2.0,0.0,0.0,0.0,0.0,1.0,10.0,0.0,0.0,0.0,0.0,1.0,0.0,2.0,5.0,4.0,0.0,0.0,1.0,1.0,3.0,0.0,0.0,0.0,0.0,0.0,0.0,0.0,0.0,0.0,0.0,0.0,0.0,0.0,0.0,0.0,1.0,0.0,0.0,0.0,0.0,1.0,0.0,0.0,0.0,0.0,0.0,0.0,0.0,1.0,4.0,2.0,2494977596.0,-1.0,福州市永泰县,福州市永泰县长庆镇,8.0,14.0,0.0,3.0,25.0,32.24285714285715,57.445,44.672332730560576
福建省,福州市,永泰县,同安镇,118.757008,25.8364617,0.0,0.0,0.0,2.0,45.0,0.0,0.0,0.0,0.0,0.0,0.0,0.0,1.0,1.0,1.0,1.0,1.0,0.0,0.0,0.0,0.0,0.0,0.0,0.0,0.0,2.0,2.0,0.0,0.0,0.0,0.0,0.0,0.0,1.0,4.0,3.0,0.0,0.0,0.0,2.0,6.0,0.0,0.0,0.0,0.0,0.0,0.0,0.0,1.0,1.0,1.0,1.0,1.0,0.0,0.0,0.0,0.0,0.0,0.0,0.0,0.0,1.0,2.0,0.0,0.0,0.0,0.0,0.0,0.0,1.0,3.0,0.0,2494977617.0,-1.0,福州市永泰县,福州市永泰县同安镇,9.0,14.8,15.0,1.9,40.699999999999996,32.24285714285715,57.445,44.672332730560576
福建省,福州市,永泰县,大洋镇,118.779339,25.916754,0.0,0.0,0.0,3.0,105.0,0.0,0.0,0.0,0.0,0.0,0.0,0.0,0.0,0.0,0.0,0.0,0.0,0.0,0.0,0.0,0.0,0.0,0.0,0.0,0.0,1.0,1.0,0.0,0.0,0.0,0.0,0.0,0.0,3.0,3.0,2.0,0.0,0.0,0.0,2.0,31.0,0.0,0.0,0.0,0.0,0.0,0.0,0.0,0.0,0.0,0.0,0.0,0.0,0.0,0.0,0.0,0.0,0.0,0.0,0.0,0.0,1.0,0.0,0.0,0.0,0.0,0.0,0.0,0.0,1.0,3.0,2.0,2494977620.0,-1.0,福州市永泰县,福州市永泰县大洋镇,8.0,21.5,0.0,1.1,30.6,32.24285714285715,57.445,44.672332730560576
福建省,福州市,永泰县,塘前乡,119.1511713,25.8666336,2.0,0.0,6.0,0.0,13.0,1.0,0.0,10.0,2.0,1.0,0.0,0.0,0.0,0.0,0.0,0.0,0.0,0.0,0.0,0.0,2.0,0.0,0.0,0.0,0.0,4.0,2.0,0.0,0.0,0.0,0.0,0.0,0.0,3.0,9.0,10.0,2.0,0.0,6.0,0.0,8.0,1.0,0.0,0.0,2.0,1.0,0.0,0.0,0.0,0.0,0.0,0.0,0.0,0.0,0.0,0.0,2.0,0.0,0.0,0.0,0.0,2.0,0.0,0.0,0.0,0.0,0.0,0.0,0.0,3.0,6.0,5.0,3928090522.0,-1.0,福州市永泰县,福州市永泰县塘前乡,11.0,18.0,0.0,4.2,33.2,32.24285714285715,57.445,44.672332730560576
福建省,福州市,永泰县,富泉乡,118.882609,25.841026,3.0,0.0,0.0,8.0,4.0,0.0,0.0,0.0,0.0,0.0,0.0,0.0,0.0,0.0,0.0,0.0,0.0,0.0,0.0,0.0,0.0,0.0,0.0,0.0,0.0,1.0,0.0,0.0,0.0,0.0,0.0,0.0,0.0,5.0,6.0,3.0,1.0,0.0,0.0,6.0,0.0,0.0,0.0,0.0,0.0,0.0,0.0,0.0,0.0,0.0,0.0,0.0,0.0,0.0,0.0,0.0,0.0,0.0,0.0,0.0,0.0,1.0,0.0,0.0,0.0,0.0,0.0,0.0,0.0,3.0,2.0,3.0,2494977601.0,-1.0,福州市永泰县,福州市永泰县富泉乡,8.0,13.8,0.0,1.5,23.3,32.24285714285715,57.445,44.672332730560576
福建省,福州市,永泰县,岭路乡,118.9339578,25.8199501,4.0,1.0,0.0,4.0,9.0,2.0,0.0,0.0,0.0,0.0,0.0,0.0,0.0,0.0,0.0,0.0,0.0,0.0,0.0,0.0,7.0,0.0,0.0,0.0,0.0,12.0,0.0,0.0,0.0,0.0,0.0,0.0,1.0,4.0,7.0,6.0,0.0,1.0,0.0,2.0,0.0,0.0,0.0,0.0,0.0,0.0,0.0,0.0,0.0,0.0,0.0,0.0,0.0,0.0,0.0,0.0,0.0,0.0,0.0,0.0,0.0,1.0,0.0,0.0,0.0,0.0,0.0,0.0,0.0,1.0,2.0,2.0,2494977608.0,-1.0,福州市永泰县,福州市永泰县岭路乡,12.0,14.3,0.0,3.0,29.3,32.24285714285715,57.445,44.672332730560576
福建省,福州市,永泰县,赤锡乡,118.856384,25.7802371,5.0,0.0,0.0,0.0,17.0,3.0,0.0,0.0,0.0,0.0,0.0,0.0,0.0,0.0,0.0,0.0,0.0,0.0,0.0,0.0,10.0,0.0,0.0,0.0,0.0,5.0,1.0,0.0,0.0,1.0,0.0,0.0,0.0,4.0,5.0,4.0,3.0,0.0,0.0,0.0,11.0,1.0,0.0,0.0,0.0,0.0,0.0,0.0,0.0,0.0,0.0,0.0,0.0,0.0,0.0,0.0,7.0,0.0,0.0,0.0,0.0,1.0,0.0,0.0,0.0,0.0,0.0,0.0,0.0,4.0,5.0,4.0,2499340337.0,-1.0,福州市永泰县,福州市永泰县赤锡乡,12.0,14.2,0.0,2.2,28.4,32.24285714285715,57.445,44.672332730560576
福建省,福州市,永泰县,洑口乡,118.4677381,25.7623223,1.0,0.0,0.0,6.0,1.0,5.0,0.0,0.0,0.0,0.0,0.0,0.0,0.0,0.0,0.0,0.0,0.0,0.0,0.0,0.0,0.0,0.0,0.0,0.0,0.0,5.0,0.0,0.0,0.0,0.0,0.0,0.0,0.0,3.0,4.0,3.0,0.0,0.0,0.0,6.0,0.0,5.0,0.0,0.0,0.0,0.0,0.0,0.0,0.0,0.0,0.0,0.0,0.0,0.0,0.0,0.0,0.0,0.0,0.0,0.0,0.0,3.0,0.0,0.0,0.0,0.0,0.0,0.0,0.0,2.0,2.0,2.0,3858090741.0,-1.0,福州市永泰县,福州市永泰县洑口乡,12.0,12.2,0.0,1.5,25.7,32.24285714285715,57.445,44.672332730560576
福建省,福州市,永泰县,盖洋乡,118.4845538,25.8398707,0.0,0.0,0.0,6.0,14.0,0.0,0.0,0.0,0.0,0.0,0.0,0.0,0.0,0.0,0.0,0.0,0.0,0.0,0.0,0.0,1.0,0.0,0.0,0.0,0.0,4.0,11.0,0.0,0.0,0.0,1.0,4.0,0.0,1.0,3.0,4.0,0.0,0.0,0.0,5.0,6.0,0.0,0.0,0.0,0.0,0.0,0.0,0.0,0.0,0.0,0.0,0.0,0.0,0.0,0.0,0.0,1.0,0.0,0.0,0.0,0.0,1.0,10.0,0.0,0.0,0.0,0.0,4.0,0.0,1.0,3.0,4.0,2494977602.0,-1.0,福州市永泰县,福州市永泰县盖洋乡,11.0,11.1,0.0,4.1,26.200000000000003,32.24285714285715,57.445,44.672332730560576
福建省,福州市,永泰县,东洋乡,118.640918,25.913618,0.0,0.0,0.0,3.0,3.0,0.0,0.0,0.0,0.0,0.0,0.0,0.0,0.0,0.0,0.0,0.0,0.0,0.0,0.0,0.0,0.0,0.0,0.0,0.0,0.0,2.0,0.0,0.0,0.0,0.0,0.0,0.0,0.0,2.0,2.0,2.0,0.0,0.0,0.0,3.0,2.0,0.0,0.0,0.0,0.0,0.0,0.0,0.0,0.0,0.0,0.0,0.0,0.0,0.0,0.0,0.0,0.0,0.0,0.0,0.0,0.0,1.0,0.0,0.0,0.0,0.0,0.0,0.0,0.0,1.0,2.0,1.0,2494977600.0,-1.0,福州市永泰县,福州市永泰县东洋乡,9.0,5.2,0.0,1.0,15.2,32.24285714285715,57.445,44.672332730560576
福建省,福州市,永泰县,霞拔乡,118.688888,25.927848,0.0,0.0,0.0,3.0,3.0,0.0,0.0,0.0,0.0,0.0,0.0,0.0,0.0,0.0,0.0,0.0,0.0,0.0,0.0,0.0,0.0,0.0,0.0,0.0,0.0,1.0,0.0,0.0,0.0,0.0,0.0,0.0,0.0,3.0,2.0,1.0,0.0,0.0,0.0,3.0,3.0,0.0,0.0,0.0,0.0,0.0,0.0,0.0,0.0,0.0,0.0,0.0,0.0,0.0,0.0,0.0,0.0,0.0,0.0,0.0,0.0,1.0,0.0,0.0,0.0,0.0,0.0,0.0,0.0,1.0,2.0,0.0,2494977618.0,-1.0,福州市永泰县,福州市永泰县霞拔乡,8.0,5.5,0.0,0.5,14.0,32.24285714285715,57.445,44.672332730560576
福建省,福州市,永泰县,盘谷乡,118.801725,25.977749,0.0,0.0,0.0,1.0,129.0,0.0,0.0,2.0,0.0,0.0,0.0,0.0,0.0,0.0,0.0,0.0,0.0,0.0,0.0,0.0,0.0,0.0,0.0,0.0,0.0,1.0,0.0,0.0,0.0,0.0,0.0,0.0,0.0,3.0,4.0,2.0,0.0,0.0,0.0,1.0,63.0,0.0,0.0,0.0,0.0,0.0,0.0,0.0,0.0,0.0,0.0,0.0,0.0,0.0,0.0,0.0,0.0,0.0,0.0,0.0,0.0,1.0,0.0,0.0,0.0,0.0,0.0,0.0,0.0,1.0,2.0,0.0,2494977609.0,-1.0,福州市永泰县,福州市永泰县盘谷乡,8.0,22.0,0.0,1.0,31.0,32.24285714285715,57.445,44.672332730560576
福建省,福州市,永泰县,红星乡,118.837334,25.993891,0.0,1.0,0.0,2.0,90.0,2.0,0.0,0.0,0.0,0.0,0.0,0.0,0.0,0.0,0.0,0.0,0.0,0.0,0.0,0.0,0.0,0.0,0.0,0.0,0.0,2.0,0.0,0.0,0.0,0.0,0.0,0.0,0.0,3.0,4.0,3.0,0.0,1.0,0.0,0.0,47.0,0.0,0.0,0.0,0.0,0.0,0.0,0.0,0.0,0.0,0.0,0.0,0.0,0.0,0.0,0.0,0.0,0.0,0.0,0.0,0.0,1.0,0.0,0.0,0.0,0.0,0.0,0.0,0.0,1.0,2.0,1.0,2494977604.0,-1.0,福州市永泰县,福州市永泰县红星乡,9.0,22.0,0.0,1.5,32.5,32.24285714285715,57.445,44.672332730560576
福建省,福州市,永泰县,白云乡,118.906216,26.03648,0.0,0.0,0.0,4.0,9.0,0.0,0.0,0.0,0.0,0.0,0.0,0.0,0.0,0.0,0.0,0.0,0.0,0.0,0.0,0.0,0.0,0.0,0.0,0.0,0.0,4.0,1.0,0.0,0.0,0.0,0.0,0.0,0.0,4.0,3.0,3.0,0.0,0.0,0.0,4.0,8.0,0.0,0.0,0.0,0.0,0.0,0.0,0.0,0.0,0.0,0.0,0.0,0.0,0.0,0.0,0.0,0.0,0.0,0.0,0.0,0.0,1.0,0.0,0.0,0.0,0.0,0.0,0.0,0.0,1.0,2.0,1.0,2494977592.0,-1.0,福州市永泰县,福州市永泰县白云乡,11.0,9.7,0.0,1.6,22.3,32.24285714285715,57.445,44.672332730560576
福建省,福州市,永泰县,丹云乡,119.0230195,25.9935992,0.0,0.0,0.0,4.0,1.0,2.0,0.0,3.0,0.0,1.0,0.0,0.0,0.0,0.0,0.0,0.0,0.0,0.0,0.0,0.0,0.0,0.0,0.0,0.0,0.0,6.0,0.0,0.0,0.0,0.0,0.0,0.0,0.0,3.0,5.0,4.0,0.0,0.0,0.0,1.0,0.0,0.0,0.0,0.0,0.0,0.0,0.0,0.0,0.0,0.0,0.0,0.0,0.0,0.0,0.0,0.0,0.0,0.0,0.0,0.0,0.0,1.0,0.0,0.0,0.0,0.0,0.0,0.0,0.0,1.0,2.0,1.0,2494977599.0,-1.0,福州市永泰县,福州市永泰县丹云乡,12.0,8.7,0.0,2.0,22.7,32.24285714285715,57.445,44.672332730560576
福建省,福州市,平潭县,海坛街道,119.7937299,25.5065715,20.0,13.0,41.0,81.0,143.0,17.0,4.0,10.0,44.0,3.0,1.0,4.0,2.0,2.0,9.0,10.0,1.0,0.0,2.0,6.0,76.0,1.0,1.0,0.0,3.0,10.0,20.0,0.0,1.0,3.0,5.0,27.0,2.0,6.0,16.0,13.0,0.0,2.0,17.0,14.0,41.0,8.0,0.0,3.0,1.0,2.0,1.0,3.0,0.0,0.0,1.0,1.0,0.0,0.0,1.0,4.0,13.0,1.0,0.0,0.0,0.0,2.0,5.0,0.0,0.0,0.0,2.0,8.0,1.0,3.0,11.0,7.0,2429250957.0,19018986.0,福州市平潭县,福州市平潭县海坛街道,20.0,30.0,16.0,6.800000000000001,72.8,53.31428571428571,57.445,44.672332730560576
福建省,福州市,平潭县,金井镇,119.7284422,25.4523336,2.0,16.0,15.0,30.0,240.0,10.0,2.0,1.0,0.0,1.0,0.0,0.0,0.0,0.0,2.0,2.0,0.0,0.0,0.0,0.0,46.0,1.0,3.0,0.0,6.0,1.0,4.0,0.0,0.0,2.0,2.0,4.0,0.0,4.0,15.0,12.0,2.0,8.0,0.0,5.0,33.0,1.0,0.0,0.0,0.0,0.0,0.0,0.0,0.0,0.0,1.0,1.0,0.0,0.0,0.0,0.0,7.0,0.0,0.0,0.0,0.0,1.0,1.0,0.0,0.0,0.0,2.0,1.0,0.0,2.0,8.0,4.0,3333655474.0,19018985.0,福州市平潭县,福州市平潭县金井镇,16.0,26.0,5.0,4.7,51.7,53.31428571428571,57.445,44.672332730560576
福建省,福州市,平潭县,君山镇,119.8308543,25.5727071,0.0,19.0,0.0,39.0,214.0,15.0,1.0,10.0,16.0,1.0,0.0,0.0,0.0,0.0,1.0,2.0,0.0,0.0,0.0,2.0,22.0,1.0,2.0,0.0,2.0,1.0,31.0,0.0,0.0,8.0,0.0,5.0,2.0,2.0,15.0,17.0,0.0,0.0,0.0,7.0,45.0,2.0,0.0,0.0,0.0,0.0,0.0,0.0,0.0,0.0,1.0,2.0,0.0,0.0,0.0,0.0,3.0,0.0,0.0,0.0,0.0,1.0,1.0,0.0,0.0,1.0,0.0,2.0,0.0,2.0,5.0,11.0,3333655475.0,19018980.0,福州市平潭县,福州市平潭县君山镇,16.0,28.0,5.0,8.100000000000001,57.1,53.31428571428571,57.445,44.672332730560576
福建省,福州市,平潭县,苏平镇,119.730341,25.6050409,6.0,0.0,19.0,16.0,233.0,31.0,0.0,3.0,0.0,1.0,0.0,0.0,0.0,0.0,3.0,3.0,0.0,0.0,0.0,0.0,31.0,1.0,0.0,0.0,0.0,2.0,10.0,0.0,0.0,2.0,0.0,3.0,2.0,7.0,13.0,8.0,0.0,0.0,4.0,7.0,40.0,4.0,0.0,0.0,0.0,0.0,0.0,0.0,0.0,0.0,2.0,2.0,0.0,0.0,0.0,0.0,9.0,0.0,0.0,0.0,0.0,1.0,4.0,0.0,0.0,0.0,0.0,2.0,0.0,2.0,6.0,2.0,3333655473.0,19018983.0,福州市平潭县,福州市平潭县苏平镇,17.0,26.0,5.0,5.6,53.6,53.31428571428571,57.445,44.672332730560576
福建省,福州市,平潭县,屿头乡,119.588879,25.649632,0.0,0.0,0.0,4.0,174.0,1.0,0.0,1.0,2.0,0.0,0.0,0.0,0.0,0.0,2.0,2.0,0.0,0.0,0.0,0.0,1.0,0.0,0.0,0.0,0.0,1.0,3.0,0.0,0.0,3.0,0.0,0.0,0.0,6.0,5.0,6.0,0.0,0.0,0.0,4.0,67.0,0.0,0.0,0.0,0.0,0.0,0.0,0.0,0.0,0.0,2.0,2.0,0.0,0.0,0.0,0.0,0.0,0.0,0.0,0.0,0.0,1.0,1.0,0.0,0.0,0.0,0.0,0.0,0.0,1.0,3.0,3.0,8263222509.0,19018981.0,福州市平潭县,福州市平潭县屿头乡,16.0,24.5,5.0,3.7,49.2,53.31428571428571,57.445,44.672332730560576
福建省,福州市,平潭县,东庠乡,119.883172,25.5932983,0.0,0.0,0.0,2.0,101.0,19.0,0.0,10.0,1.0,0.0,0.0,2.0,0.0,0.0,1.0,1.0,0.0,0.0,0.0,0.0,0.0,0.0,0.0,0.0,0.0,5.0,0.0,0.0,0.0,0.0,0.0,0.0,0.0,3.0,8.0,9.0,0.0,0.0,0.0,2.0,85.0,14.0,0.0,0.0,1.0,0.0,0.0,2.0,0.0,0.0,1.0,1.0,0.0,0.0,0.0,0.0,0.0,0.0,0.0,0.0,0.0,4.0,0.0,0.0,0.0,0.0,0.0,0.0,0.0,1.0,6.0,5.0,8263222510.0,19018982.0,福州市平潭县,福州市平潭县东庠乡,20.0,26.0,10.0,4.0,60.0,53.31428571428571,57.445,44.672332730560576
福建省,福州市,平潭县,南海乡,119.7168698,25.3737409,0.0,0.0,0.0,6.0,4.0,0.0,0.0,2.0,0.0,0.0,0.0,0.0,0.0,0.0,0.0,0.0,0.0,0.0,0.0,0.0,6.0,0.0,0.0,0.0,0.0,1.0,1.0,0.0,0.0,0.0,0.0,0.0,0.0,3.0,4.0,8.0,0.0,0.0,0.0,5.0,3.0,0.0,0.0,0.0,0.0,0.0,0.0,0.0,0.0,0.0,0.0,0.0,0.0,0.0,0.0,0.0,4.0,0.0,0.0,0.0,0.0,1.0,0.0,0.0,0.0,0.0,0.0,0.0,0.0,2.0,3.0,6.0,1648143263.0,19018984.0,福州市平潭县,福州市平潭县南海乡,16.0,8.7,0.0,4.1,28.799999999999997,53.31428571428571,57.445,44.672332730560576
福建省,福州市,福清市,玉屏街道,119.3845143,25.7259515,16.0,75.0,16.0,216.0,1102.0,53.0,0.0,467.0,211.0,25.0,2.0,16.0,2.0,2.0,27.0,37.0,1.0,0.0,6.0,18.0,151.0,44.0,3.0,6.0,33.0,5.0,12842.0,0.0,2.0,9.0,11.0,96.0,11.0,13.0,19.0,23.0,0.0,19.0,0.0,32.0,227.0,4.0,0.0,56.0,76.0,6.0,1.0,2.0,0.0,0.0,12.0,15.0,0.0,0.0,1.0,8.0,24.0,5.0,0.0,3.0,1.0,3.0,4574.0,0.0,2.0,0.0,4.0,24.0,2.0,5.0,12.0,11.0,7482375803.0,11013766.0,福州市福清市,福州市福清市玉屏街道,20.0,30.0,18.0,20.0,88.0,57.45416666666667,57.445,44.672332730560576
福建省,福州市,福清市,龙山街道,119.3943558,25.724487,16.0,69.0,14.0,116.0,914.0,26.0,0.0,304.0,169.0,11.0,2.0,3.0,1.0,1.0,19.0,23.0,0.0,0.0,2.0,15.0,106.0,15.0,0.0,5.0,23.0,4.0,10935.0,0.0,2.0,9.0,6.0,56.0,10.0,13.0,20.0,18.0,8.0,3.0,0.0,13.0,140.0,4.0,0.0,22.0,6.0,0.0,1.0,0.0,0.0,0.0,5.0,6.0,0.0,0.0,0.0,1.0,12.0,1.0,0.0,0.0,2.0,2.0,1800.0,0.0,0.0,0.0,0.0,2.0,0.0,4.0,15.0,9.0,7482375814.0,11018090.0,福州市福清市,福州市福清市龙山街道,19.0,30.0,11.0,20.0,80.0,57.45416666666667,57.445,44.672332730560576
福建省,福州市,福清市,龙江街道,119.4017951,25.6914608,8.0,14.0,16.0,59.0,493.0,25.0,0.0,81.0,49.0,10.0,2.0,1.0,1.0,1.0,5.0,6.0,0.0,0.0,0.0,9.0,24.0,1.0,0.0,1.0,17.0,1.0,722.0,0.0,0.0,1.0,0.0,24.0,2.0,8.0,16.0,12.0,2.0,10.0,2.0,28.0,103.0,1.0,0.0,15.0,4.0,5.0,1.0,1.0,0.0,0.0,1.0,1.0,0.0,0.0,0.0,0.0,4.0,1.0,0.0,1.0,8.0,1.0,76.0,0.0,0.0,0.0,0.0,22.0,0.0,4.0,12.0,10.0,7482375808.0,11013767.0,福州市福清市,福州市福清市龙江街道,16.0,30.0,10.0,20.0,76.0,57.45416666666667,57.445,44.672332730560576
福建省,福州市,福清市,宏路街道,119.3127219,25.7046796,13.0,59.0,25.0,84.0,482.0,61.0,2.0,371.0,30.0,5.0,0.0,3.0,1.0,1.0,8.0,9.0,0.0,0.0,0.0,3.0,45.0,0.0,4.0,0.0,6.0,3.0,615.0,1.0,0.0,3.0,0.0,15.0,1.0,8.0,20.0,13.0,9.0,18.0,2.0,7.0,74.0,2.0,0.0,15.0,12.0,0.0,0.0,1.0,1.0,1.0,2.0,2.0,0.0,0.0,0.0,1.0,10.0,0.0,1.0,0.0,0.0,1.0,22.0,0.0,0.0,0.0,0.0,0.0,0.0,4.0,12.0,6.0,7427859346.0,11018092.0,福州市福清市,福州市福清市宏路街道,18.0,28.0,16.0,20.0,82.0,57.45416666666667,57.445,44.672332730560576
福建省,福州市,福清市,石竹街道,119.3199576,25.7240329,15.0,61.0,27.0,148.0,631.0,100.0,0.0,426.0,78.0,10.0,1.0,19.0,3.0,3.0,11.0,13.0,0.0,0.0,0.0,11.0,62.0,6.0,3.0,3.0,13.0,2.0,1071.0,0.0,0.0,3.0,0.0,18.0,1.0,7.0,20.0,16.0,0.0,15.0,0.0,41.0,106.0,0.0,0.0,38.0,0.0,1.0,0.0,1.0,0.0,0.0,2.0,2.0,0.0,0.0,0.0,0.0,5.0,0.0,3.0,0.0,3.0,1.0,37.0,0.0,0.0,0.0,0.0,0.0,0.0,2.0,7.0,7.0,7483022345.0,11068715.0,福州市福清市,福州市福清市石竹街道,17.0,30.0,10.0,20.0,77.0,57.45416666666667,57.445,44.672332730560576
福建省,福州市,福清市,音西街道,119.3639976,25.7326133,6.0,90.0,27.0,294.0,1174.0,102.0,0.0,718.0,249.0,37.0,2.0,31.0,3.0,3.0,30.0,42.0,1.0,0.0,6.0,28.0,172.0,51.0,4.0,9.0,35.0,6.0,12736.0,0.0,2.0,12.0,11.0,123.0,13.0,13.0,20.0,23.0,0.0,14.0,2.0,70.0,210.0,2.0,0.0,127.0,40.0,2.0,0.0,5.0,1.0,1.0,7.0,9.0,1.0,0.0,0.0,1.0,42.0,17.0,1.0,0.0,9.0,1.0,3460.0,0.0,0.0,0.0,0.0,21.0,2.0,3.0,13.0,14.0,7482375809.0,11014893.0,福州市福清市,福州市福清市音西街道,20.0,30.0,21.0,20.0,91.0,57.45416666666667,57.445,44.672332730560576
福建省,福州市,福清市,阳下街道,119.3820582,25.7428396,16.0,71.0,11.0,193.0,938.0,25.0,0.0,444.0,181.0,13.0,1.0,7.0,1.0,1.0,21.0,26.0,1.0,0.0,3.0,18.0,120.0,28.0,2.0,5.0,31.0,7.0,10723.0,0.0,2.0,9.0,8.0,80.0,10.0,10.0,19.0,21.0,0.0,2.0,0.0,16.0,104.0,2.0,0.0,16.0,6.0,1.0,0.0,0.0,0.0,0.0,2.0,2.0,0.0,0.0,0.0,0.0,6.0,0.0,0.0,0.0,5.0,1.0,312.0,0.0,0.0,0.0,0.0,3.0,1.0,2.0,10.0,9.0,7482375815.0,11018091.0,福州市福清市,福州市福清市阳下街道,20.0,30.0,10.0,20.0,80.0,57.45416666666667,57.445,44.672332730560576
福建省,福州市,福清市,海口镇,119.4607089,25.7007798,6.0,6.0,14.0,15.0,307.0,17.0,0.0,24.0,0.0,2.0,2.0,0.0,0.0,0.0,1.0,1.0,0.0,0.0,0.0,0.0,18.0,0.0,1.0,0.0,1.0,2.0,18.0,0.0,0.0,0.0,0.0,13.0,4.0,6.0,11.0,14.0,0.0,0.0,4.0,6.0,59.0,0.0,0.0,1.0,0.0,0.0,0.0,0.0,0.0,0.0,1.0,1.0,0.0,0.0,0.0,0.0,7.0,0.0,0.0,0.0,0.0,2.0,0.0,0.0,0.0,0.0,0.0,2.0,0.0,1.0,5.0,4.0,7620502422.0,11201396.0,福州市福清市,福州市福清市海口镇,17.0,28.0,5.0,5.8,55.8,57.45416666666667,57.445,44.672332730560576
福建省,福州市,福清市,城头镇,119.5111356,25.7146072,6.0,10.0,2.0,18.0,212.0,1.0,0.0,0.0,0.0,0.0,0.0,0.0,0.0,0.0,0.0,0.0,0.0,0.0,0.0,0.0,13.0,3.0,4.0,0.0,0.0,1.0,25.0,0.0,0.0,0.0,0.0,4.0,0.0,3.0,9.0,9.0,0.0,2.0,0.0,3.0,33.0,0.0,0.0,0.0,0.0,0.0,0.0,0.0,0.0,0.0,0.0,0.0,0.0,0.0,0.0,0.0,5.0,0.0,0.0,0.0,0.0,1.0,0.0,0.0,0.0,0.0,0.0,1.0,0.0,1.0,5.0,4.0,7620502423.0,11201397.0,福州市福清市,福州市福清市城头镇,16.0,24.0,0.0,6.5,46.5,57.45416666666667,57.445,44.672332730560576
福建省,福州市,福清市,南岭镇,119.4995539,25.7727882,0.0,0.0,0.0,1.0,75.0,3.0,0.0,22.0,0.0,1.0,0.0,0.0,0.0,0.0,0.0,0.0,0.0,0.0,0.0,0.0,7.0,0.0,1.0,0.0,0.0,15.0,7.0,0.0,0.0,0.0,0.0,0.0,2.0,6.0,9.0,9.0,0.0,0.0,0.0,1.0,20.0,3.0,0.0,2.0,0.0,0.0,0.0,0.0,0.0,0.0,0.0,0.0,0.0,0.0,0.0,0.0,4.0,0.0,0.0,0.0,0.0,5.0,0.0,0.0,0.0,0.0,0.0,0.0,0.0,1.0,6.0,2.0,7620502424.0,11201398.0,福州市福清市,福州市福清市南岭镇,20.0,26.0,0.0,4.7,50.7,57.45416666666667,57.445,44.672332730560576
福建省,福州市,福清市,龙田镇,119.4650537,25.5998895,23.0,0.0,0.0,24.0,397.0,2.0,0.0,0.0,0.0,0.0,0.0,0.0,2.0,2.0,0.0,0.0,0.0,0.0,5.0,1.0,24.0,1.0,2.0,0.0,0.0,1.0,12.0,0.0,0.0,4.0,0.0,15.0,0.0,4.0,8.0,10.0,0.0,0.0,0.0,6.0,76.0,0.0,0.0,0.0,0.0,0.0,0.0,0.0,0.0,0.0,0.0,0.0,0.0,0.0,0.0,0.0,4.0,0.0,1.0,0.0,0.0,1.0,0.0,0.0,0.0,0.0,0.0,2.0,0.0,1.0,3.0,7.0,3333707620.0,11201394.0,福州市福清市,福州市福清市龙田镇,16.0,24.0,0.0,5.6,45.6,57.45416666666667,57.445,44.672332730560576
福建省,福州市,福清市,江镜镇,119.4222364,25.5583529,2.0,6.0,0.0,7.0,285.0,0.0,0.0,0.0,0.0,0.0,0.0,0.0,0.0,0.0,0.0,0.0,0.0,0.0,0.0,0.0,20.0,0.0,0.0,0.0,0.0,1.0,0.0,0.0,0.0,0.0,0.0,2.0,0.0,5.0,7.0,8.0,2.0,5.0,0.0,3.0,44.0,0.0,0.0,0.0,0.0,0.0,0.0,0.0,0.0,0.0,0.0,0.0,0.0,0.0,0.0,0.0,1.0,0.0,0.0,0.0,0.0,1.0,0.0,0.0,0.0,0.0,0.0,0.0,0.0,2.0,4.0,2.0,7620502427.0,11201390.0,福州市福清市,福州市福清市江镜镇,16.0,23.5,0.0,4.0,43.5,57.45416666666667,57.445,44.672332730560576
福建省,福州市,福清市,港头镇,119.4780668,25.5540734,9.0,6.0,0.0,18.0,339.0,0.0,0.0,0.0,0.0,0.0,0.0,0.0,0.0,0.0,0.0,0.0,0.0,0.0,0.0,0.0,19.0,0.0,1.0,0.0,0.0,1.0,5.0,0.0,0.0,1.0,0.0,1.0,1.0,7.0,9.0,10.0,6.0,6.0,0.0,4.0,82.0,0.0,0.0,0.0,0.0,0.0,0.0,0.0,0.0,0.0,0.0,0.0,0.0,0.0,0.0,0.0,3.0,0.0,1.0,0.0,0.0,1.0,0.0,0.0,0.0,0.0,0.0,1.0,0.0,1.0,5.0,4.0,7620502431.0,11201393.0,福州市福清市,福州市福清市港头镇,16.0,24.0,0.0,4.6,44.6,57.45416666666667,57.445,44.672332730560576
福建省,福州市,福清市,高山镇,119.558975,25.4774042,6.0,2.0,0.0,19.0,374.0,1.0,0.0,4.0,1.0,0.0,0.0,0.0,0.0,0.0,1.0,1.0,0.0,0.0,0.0,0.0,15.0,5.0,4.0,0.0,0.0,1.0,3.0,0.0,0.0,0.0,0.0,11.0,0.0,4.0,14.0,11.0,2.0,0.0,0.0,10.0,78.0,0.0,0.0,4.0,1.0,0.0,0.0,0.0,0.0,0.0,0.0,0.0,0.0,0.0,0.0,0.0,6.0,2.0,1.0,0.0,0.0,1.0,2.0,0.0,0.0,0.0,0.0,5.0,0.0,1.0,7.0,6.0,3333707619.0,11202294.0,福州市福清市,福州市福清市高山镇,16.0,26.0,0.0,4.5,46.5,57.45416666666667,57.445,44.672332730560576
福建省,福州市,福清市,沙埔镇,119.5257605,25.4335544,0.0,1.0,1.0,3.0,335.0,11.0,0.0,0.0,0.0,0.0,0.0,0.0,0.0,0.0,1.0,1.0,0.0,0.0,0.0,0.0,13.0,1.0,0.0,0.0,0.0,1.0,0.0,0.0,0.0,4.0,0.0,10.0,0.0,2.0,6.0,14.0,0.0,1.0,0.0,2.0,48.0,0.0,0.0,0.0,0.0,0.0,0.0,0.0,0.0,0.0,1.0,1.0,0.0,0.0,0.0,0.0,4.0,0.0,0.0,0.0,0.0,1.0,0.0,0.0,0.0,1.0,0.0,5.0,0.0,1.0,4.0,5.0,-1.0,-1.0,福州市福清市,福州市福清市沙埔镇,1.0,23.0,5.0,4.5,33.5,57.45416666666667,57.445,44.672332730560576
福建省,福州市,福清市,三山镇,119.5232017,25.519254,6.0,0.0,3.0,13.0,285.0,2.0,0.0,0.0,0.0,0.0,2.0,0.0,0.0,0.0,0.0,0.0,0.0,0.0,0.0,0.0,25.0,2.0,3.0,0.0,0.0,1.0,2.0,0.0,0.0,2.0,0.0,1.0,0.0,5.0,10.0,10.0,2.0,0.0,0.0,6.0,26.0,0.0,0.0,0.0,0.0,0.0,0.0,0.0,0.0,0.0,0.0,0.0,0.0,0.0,0.0,0.0,6.0,1.0,1.0,0.0,0.0,1.0,0.0,0.0,0.0,1.0,0.0,0.0,0.0,2.0,4.0,5.0,7620502432.0,11202292.0,福州市福清市,福州市福清市三山镇,16.0,26.0,0.0,4.5,46.5,57.45416666666667,57.445,44.672332730560576
福建省,福州市,福清市,东瀚镇,119.6022645,25.4364622,4.0,0.0,0.0,6.0,210.0,0.0,0.0,0.0,0.0,0.0,1.0,0.0,0.0,0.0,1.0,1.0,0.0,0.0,0.0,0.0,21.0,0.0,0.0,0.0,0.0,1.0,2.0,0.0,0.0,0.0,2.0,4.0,0.0,2.0,5.0,7.0,3.0,0.0,0.0,4.0,43.0,0.0,0.0,0.0,0.0,0.0,1.0,0.0,0.0,0.0,0.0,0.0,0.0,0.0,0.0,0.0,5.0,0.0,0.0,0.0,0.0,1.0,1.0,0.0,0.0,0.0,0.0,0.0,0.0,1.0,3.0,3.0,3333707615.0,11202295.0,福州市福清市,福州市福清市东瀚镇,16.0,24.5,0.0,3.8,44.3,57.45416666666667,57.445,44.672332730560576
福建省,福州市,福清市,渔溪镇,119.2981148,25.6034509,10.0,0.0,3.0,15.0,286.0,2.0,0.0,0.0,0.0,0.0,0.0,0.0,0.0,0.0,0.0,0.0,0.0,0.0,0.0,0.0,19.0,0.0,2.0,0.0,1.0,3.0,5.0,0.0,0.0,4.0,0.0,6.0,0.0,7.0,7.0,8.0,2.0,0.0,1.0,4.0,41.0,2.0,0.0,0.0,0.0,0.0,0.0,0.0,0.0,0.0,0.0,0.0,0.0,0.0,0.0,0.0,7.0,0.0,1.0,0.0,1.0,1.0,0.0,0.0,0.0,1.0,0.0,5.0,0.0,3.0,5.0,5.0,4923234456.0,11201387.0,福州市福清市,福州市福清市渔溪镇,18.0,23.5,0.0,5.0,46.5,57.45416666666667,57.445,44.672332730560576
福建省,福州市,福清市,上迳镇,119.3074032,25.6363168,11.0,0.0,0.0,7.0,206.0,0.0,0.0,0.0,0.0,0.0,0.0,0.0,0.0,0.0,0.0,0.0,0.0,0.0,0.0,0.0,14.0,0.0,0.0,0.0,0.0,3.0,7.0,0.0,0.0,2.0,0.0,0.0,0.0,6.0,7.0,4.0,2.0,0.0,0.0,2.0,18.0,0.0,0.0,0.0,0.0,0.0,0.0,0.0,0.0,0.0,0.0,0.0,0.0,0.0,0.0,0.0,2.0,0.0,0.0,0.0,0.0,1.0,0.0,0.0,0.0,1.0,0.0,0.0,0.0,2.0,5.0,3.0,7620502425.0,11201391.0,福州市福清市,福州市福清市上迳镇,18.0,23.5,0.0,3.0,44.5,57.45416666666667,57.445,44.672332730560576
福建省,福州市,福清市,新厝镇,119.2475847,25.5101344,2.0,0.0,2.0,8.0,122.0,9.0,0.0,4.0,0.0,1.0,0.0,0.0,0.0,0.0,0.0,0.0,0.0,0.0,0.0,0.0,11.0,0.0,1.0,0.0,1.0,1.0,4.0,0.0,0.0,0.0,0.0,6.0,5.0,10.0,10.0,12.0,2.0,0.0,2.0,0.0,36.0,0.0,0.0,0.0,0.0,0.0,0.0,0.0,0.0,0.0,0.0,0.0,0.0,0.0,0.0,0.0,1.0,0.0,0.0,0.0,0.0,1.0,0.0,0.0,0.0,0.0,0.0,1.0,0.0,8.0,4.0,3.0,7620502428.0,11201388.0,福州市福清市,福州市福清市新厝镇,16.0,26.0,0.0,4.4,46.4,57.45416666666667,57.445,44.672332730560576
福建省,福州市,福清市,江阴镇,119.3155139,25.458566,4.0,17.0,10.0,20.0,173.0,69.0,0.0,0.0,0.0,1.0,1.0,0.0,0.0,0.0,0.0,0.0,0.0,0.0,0.0,0.0,21.0,5.0,24.0,0.0,3.0,1.0,22.0,0.0,0.0,2.0,0.0,1.0,0.0,3.0,10.0,10.0,0.0,2.0,1.0,6.0,41.0,0.0,0.0,0.0,0.0,0.0,0.0,0.0,0.0,0.0,0.0,0.0,0.0,0.0,0.0,0.0,5.0,0.0,0.0,0.0,0.0,1.0,0.0,0.0,0.0,0.0,0.0,0.0,0.0,1.0,4.0,2.0,7620502426.0,11201389.0,福州市福清市,福州市福清市江阴镇,16.0,28.0,0.0,6.4,50.4,57.45416666666667,57.445,44.672332730560576
福建省,福州市,福清市,东张镇,119.2463969,25.7131852,0.0,0.0,3.0,10.0,21.0,1.0,4.0,0.0,0.0,0.0,0.0,0.0,0.0,0.0,0.0,0.0,0.0,0.0,0.0,0.0,14.0,0.0,0.0,0.0,0.0,3.0,0.0,0.0,0.0,0.0,0.0,0.0,0.0,4.0,8.0,7.0,0.0,0.0,1.0,7.0,6.0,0.0,2.0,0.0,0.0,0.0,0.0,0.0,0.0,0.0,0.0,0.0,0.0,0.0,0.0,0.0,2.0,0.0,0.0,0.0,0.0,2.0,0.0,0.0,0.0,0.0,0.0,0.0,0.0,3.0,6.0,3.0,2200075065.0,11068718.0,福州市福清市,福州市福清市东张镇,18.0,20.0,0.0,3.5,41.5,57.45416666666667,57.445,44.672332730560576
福建省,福州市,福清市,镜洋镇,119.2914144,25.7722732,9.0,0.0,1.0,1.0,199.0,7.0,0.0,3.0,0.0,1.0,0.0,2.0,0.0,0.0,1.0,1.0,0.0,0.0,0.0,0.0,10.0,0.0,0.0,0.0,0.0,7.0,3.0,0.0,0.0,0.0,0.0,5.0,0.0,6.0,10.0,9.0,2.0,0.0,0.0,0.0,45.0,0.0,0.0,0.0,0.0,0.0,0.0,2.0,0.0,0.0,0.0,0.0,0.0,0.0,0.0,0.0,3.0,0.0,0.0,0.0,0.0,1.0,2.0,0.0,0.0,0.0,0.0,1.0,0.0,3.0,3.0,4.0,3855675470.0,11068716.0,福州市福清市,福州市福清市镜洋镇,20.0,26.0,5.0,4.5,55.5,57.45416666666667,57.445,44.672332730560576
福建省,福州市,福清市,一都镇,119.1894261,25.7765649,0.0,0.0,5.0,3.0,25.0,9.0,0.0,1.0,0.0,2.0,0.0,1.0,1.0,1.0,2.0,2.0,0.0,0.0,0.0,0.0,5.0,0.0,0.0,0.0,0.0,7.0,15.0,0.0,0.0,0.0,0.0,0.0,1.0,1.0,7.0,6.0,0.0,0.0,3.0,1.0,15.0,0.0,0.0,0.0,0.0,0.0,0.0,1.0,1.0,1.0,2.0,2.0,0.0,0.0,0.0,0.0,2.0,0.0,0.0,0.0,0.0,2.0,1.0,0.0,0.0,0.0,0.0,0.0,0.0,1.0,5.0,3.0,3496453896.0,11068717.0,福州市福清市,福州市福清市一都镇,20.0,23.0,15.0,4.6,62.6,57.45416666666667,57.445,44.672332730560576
福建省,厦门市,思明区,厦港街道,118.0840587,24.4429303,15.0,20.0,58.0,53.0,200.0,160.0,5.0,628.0,202.0,19.0,0.0,12.0,9.0,13.0,28.0,41.0,11.0,7.0,19.0,383.0,96.0,40.0,0.0,0.0,2.0,25.0,1562.0,9.0,33.0,66.0,91.0,110.0,366.0,33.0,21.0,23.0,9.0,2.0,19.0,12.0,20.0,43.0,4.0,71.0,38.0,4.0,0.0,2.0,1.0,1.0,4.0,7.0,3.0,1.0,1.0,33.0,10.0,2.0,0.0,0.0,0.0,6.0,76.0,0.0,10.0,0.0,19.0,28.0,17.0,12.0,19.0,14.0,8169539961.0,11952576.0,厦门市思明区,厦门市思明区厦港街道,20.0,28.0,30.0,20.0,98.0,91.36,75.91333333333333,44.672332730560576
福建省,厦门市,思明区,中华街道,118.0771064,24.4548848,11.0,39.0,103.0,77.0,216.0,224.0,6.0,726.0,227.0,21.0,0.0,14.0,10.0,14.0,27.0,41.0,11.0,7.0,27.0,409.0,113.0,48.0,0.0,0.0,5.0,28.0,1659.0,5.0,37.0,87.0,112.0,124.0,376.0,40.0,23.0,25.0,2.0,9.0,24.0,25.0,94.0,51.0,0.0,77.0,65.0,5.0,0.0,6.0,6.0,7.0,10.0,14.0,3.0,3.0,10.0,57.0,32.0,24.0,0.0,0.0,0.0,7.0,143.0,1.0,11.0,33.0,17.0,22.0,28.0,17.0,18.0,11.0,8169542720.0,11952577.0,厦门市思明区,厦门市思明区中华街道,20.0,28.0,30.0,20.0,98.0,91.36,75.91333333333333,44.672332730560576
福建省,厦门市,思明区,滨海街道,118.1256007,24.4383982,26.0,16.0,4.0,15.0,117.0,98.0,1.0,189.0,99.0,13.0,1.0,0.0,0.0,0.0,6.0,9.0,0.0,0.0,2.0,20.0,10.0,3.0,0.0,1.0,0.0,7.0,124.0,5.0,8.0,4.0,3.0,20.0,35.0,14.0,21.0,22.0,16.0,0.0,1.0,1.0,24.0,13.0,0.0,22.0,8.0,0.0,0.0,0.0,0.0,0.0,1.0,1.0,0.0,0.0,0.0,2.0,3.0,1.0,0.0,0.0,0.0,1.0,7.0,0.0,0.0,1.0,0.0,2.0,6.0,4.0,13.0,9.0,8169526214.0,11952575.0,厦门市思明区,厦门市思明区滨海街道,20.0,30.0,7.0,17.6,74.6,91.36,75.91333333333333,44.672332730560576
福建省,厦门市,思明区,鹭江街道,118.0767846,24.4675901,18.0,66.0,106.0,89.0,298.0,187.0,6.0,693.0,306.0,25.0,1.0,18.0,12.0,26.0,25.0,39.0,8.0,7.0,34.0,570.0,136.0,47.0,0.0,0.0,6.0,28.0,1566.0,4.0,27.0,105.0,113.0,91.0,331.0,42.0,24.0,23.0,0.0,15.0,7.0,21.0,74.0,60.0,0.0,91.0,54.0,4.0,0.0,3.0,2.0,3.0,7.0,9.0,3.0,1.0,2.0,23.0,63.0,16.0,0.0,0.0,2.0,3.0,64.0,3.0,4.0,5.0,9.0,15.0,13.0,10.0,16.0,10.0,8168609826.0,11951284.0,厦门市思明区,厦门市思明区鹭江街道,20.0,30.0,30.0,20.0,100.0,91.36,75.91333333333333,44.672332730560576
福建省,厦门市,思明区,开元街道,118.0919551,24.4589476,22.0,71.0,121.0,101.0,305.0,244.0,10.0,631.0,328.0,27.0,3.0,13.0,13.0,26.0,31.0,44.0,8.0,8.0,32.0,475.0,150.0,53.0,0.0,0.0,5.0,24.0,1088.0,9.0,26.0,85.0,90.0,111.0,206.0,41.0,21.0,24.0,2.0,2.0,18.0,10.0,37.0,28.0,0.0,119.0,43.0,5.0,0.0,1.0,2.0,2.0,6.0,8.0,1.0,0.0,1.0,11.0,16.0,4.0,0.0,0.0,0.0,2.0,73.0,0.0,3.0,0.0,3.0,26.0,25.0,13.0,16.0,10.0,8169520788.0,11952570.0,厦门市思明区,厦门市思明区开元街道,20.0,30.0,28.0,20.0,98.0,91.36,75.91333333333333,44.672332730560576
福建省,厦门市,思明区,梧村街道,118.1132411,24.469885,16.0,87.0,114.0,122.0,229.0,103.0,7.0,364.0,268.0,22.0,3.0,1.0,6.0,16.0,19.0,25.0,1.0,1.0,18.0,315.0,89.0,13.0,1.0,1.0,3.0,16.0,466.0,4.0,0.0,3.0,33.0,82.0,76.0,30.0,21.0,21.0,6.0,20.0,23.0,31.0,39.0,7.0,2.0,32.0,50.0,2.0,0.0,0.0,3.0,6.0,3.0,3.0,0.0,0.0,4.0,101.0,27.0,5.0,0.0,0.0,1.0,1.0,39.0,0.0,0.0,0.0,6.0,2.0,6.0,12.0,17.0,10.0,8169520789.0,11952571.0,厦门市思明区,厦门市思明区梧村街道,20.0,30.0,23.0,20.0,93.0,91.36,75.91333333333333,44.672332730560576
福建省,厦门市,思明区,筼筜街道,118.0994223,24.4866801,43.0,126.0,168.0,177.0,342.0,103.0,12.0,384.0,379.0,30.0,2.0,7.0,11.0,22.0,26.0,36.0,2.0,4.0,30.0,352.0,117.0,22.0,1.0,1.0,5.0,12.0,606.0,0.0,2.0,31.0,63.0,110.0,64.0,40.0,23.0,22.0,2.0,17.0,20.0,12.0,41.0,23.0,0.0,49.0,56.0,9.0,1.0,1.0,0.0,1.0,5.0,10.0,1.0,0.0,7.0,21.0,17.0,1.0,0.0,1.0,2.0,3.0,116.0,0.0,0.0,2.0,10.0,39.0,7.0,11.0,16.0,10.0,8169542529.0,11952572.0,厦门市思明区,厦门市思明区筼筜街道,20.0,30.0,23.0,20.0,93.0,91.36,75.91333333333333,44.672332730560576
福建省,厦门市,思明区,莲前街道,118.1679152,24.4735567,15.0,63.0,65.0,50.0,328.0,147.0,3.0,278.0,376.0,28.0,4.0,0.0,0.0,1.0,10.0,16.0,0.0,1.0,6.0,33.0,24.0,6.0,13.0,0.0,21.0,6.0,548.0,0.0,22.0,40.0,35.0,56.0,17.0,16.0,22.0,21.0,7.0,12.0,21.0,6.0,45.0,23.0,1.0,13.0,129.0,0.0,1.0,0.0,0.0,0.0,2.0,3.0,0.0,1.0,0.0,4.0,5.0,1.0,1.0,0.0,3.0,2.0,89.0,0.0,0.0,8.0,2.0,8.0,3.0,2.0,17.0,10.0,8169542550.0,11952574.0,厦门市思明区,厦门市思明区莲前街道,20.0,30.0,11.0,20.0,81.0,91.36,75.91333333333333,44.672332730560576
福建省,厦门市,思明区,嘉莲街道,118.1262015,24.4863676,25.0,92.0,121.0,144.0,319.0,107.0,8.0,319.0,365.0,25.0,3.0,0.0,9.0,19.0,26.0,31.0,0.0,3.0,12.0,304.0,91.0,11.0,2.0,1.0,6.0,17.0,770.0,0.0,2.0,2.0,22.0,95.0,41.0,35.0,24.0,16.0,4.0,14.0,20.0,25.0,46.0,3.0,0.0,18.0,40.0,1.0,0.0,0.0,0.0,0.0,0.0,0.0,0.0,1.0,1.0,10.0,2.0,1.0,2.0,0.0,0.0,4.0,118.0,0.0,0.0,0.0,2.0,5.0,4.0,15.0,14.0,8.0,8169542530.0,11952573.0,厦门市思明区,厦门市思明区嘉莲街道,20.0,30.0,10.0,20.0,80.0,91.36,75.91333333333333,44.672332730560576
福建省,厦门市,思明区,鼓浪屿街道,118.0624293,24.4473841,9.0,21.0,52.0,47.0,153.0,190.0,5.0,484.0,164.0,10.0,0.0,14.0,8.0,13.0,22.0,33.0,11.0,7.0,15.0,367.0,83.0,36.0,4.0,0.0,5.0,24.0,1423.0,4.0,33.0,158.0,87.0,96.0,341.0,36.0,21.0,25.0,0.0,0.0,0.0,0.0,1.0,1.0,0.0,285.0,5.0,0.0,0.0,5.0,1.0,4.0,5.0,9.0,3.0,2.0,3.0,270.0,3.0,2.0,0.0,0.0,0.0,5.0,1140.0,0.0,11.0,14.0,45.0,30.0,277.0,7.0,8.0,15.0,8168609825.0,11951283.0,厦门市思明区,厦门市思明区鼓浪屿街道,20.0,28.0,30.0,20.0,98.0,91.36,75.91333333333333,44.672332730560576
福建省,厦门市,海沧区,海沧街道,117.9789804,24.4644555,18.0,5.0,39.0,42.0,124.0,61.0,0.0,3.0,18.0,3.0,0.0,0.0,0.0,0.0,2.0,2.0,0.0,0.0,0.0,0.0,11.0,0.0,7.0,0.0,4.0,3.0,47.0,0.0,0.0,16.0,0.0,11.0,0.0,8.0,23.0,14.0,0.0,0.0,4.0,16.0,27.0,12.0,0.0,0.0,1.0,1.0,0.0,0.0,0.0,0.0,0.0,0.0,0.0,0.0,0.0,0.0,1.0,0.0,0.0,0.0,0.0,1.0,6.0,0.0,0.0,0.0,0.0,0.0,0.0,1.0,8.0,4.0,8170593545.0,17667633.0,厦门市海沧区,厦门市海沧区海沧街道,18.0,28.0,0.0,10.9,56.9,68.1,75.91333333333333,44.672332730560576
福建省,厦门市,海沧区,新阳街道,118.0052444,24.5254563,34.0,9.0,30.0,67.0,94.0,29.0,4.0,40.0,16.0,9.0,0.0,0.0,1.0,1.0,7.0,8.0,0.0,0.0,0.0,0.0,28.0,0.0,18.0,0.0,3.0,3.0,82.0,0.0,0.0,16.0,0.0,19.0,2.0,14.0,20.0,15.0,0.0,6.0,0.0,11.0,23.0,2.0,0.0,0.0,6.0,2.0,0.0,0.0,0.0,0.0,0.0,0.0,0.0,0.0,0.0,0.0,0.0,0.0,3.0,0.0,0.0,1.0,2.0,0.0,0.0,1.0,0.0,1.0,0.0,4.0,7.0,5.0,8170592103.0,11953410.0,厦门市海沧区,厦门市海沧区新阳街道,18.0,28.0,0.0,14.100000000000001,60.1,68.1,75.91333333333333,44.672332730560576
福建省,厦门市,海沧区,嵩屿街道,118.033285,24.4579168,4.0,3.0,53.0,51.0,66.0,187.0,1.0,187.0,73.0,12.0,3.0,5.0,0.0,1.0,6.0,10.0,5.0,1.0,1.0,114.0,42.0,7.0,9.0,0.0,4.0,9.0,590.0,0.0,2.0,111.0,16.0,35.0,85.0,13.0,24.0,21.0,0.0,3.0,4.0,8.0,24.0,34.0,0.0,23.0,33.0,1.0,2.0,4.0,0.0,1.0,4.0,6.0,1.0,1.0,1.0,3.0,24.0,2.0,4.0,0.0,2.0,1.0,65.0,0.0,0.0,38.0,3.0,13.0,4.0,3.0,13.0,16.0,7934407858.0,17667632.0,厦门市海沧区,厦门市海沧区嵩屿街道,20.0,30.0,22.0,20.0,92.0,68.1,75.91333333333333,44.672332730560576
福建省,厦门市,海沧区,东孚街道,117.92739,24.557456,46.0,22.0,15.0,51.0,125.0,78.0,2.0,26.0,11.0,4.0,1.0,0.0,0.0,0.0,7.0,7.0,0.0,0.0,0.0,0.0,37.0,3.0,25.0,0.0,14.0,2.0,60.0,0.0,0.0,14.0,0.0,35.0,0.0,16.0,20.0,12.0,2.0,6.0,0.0,5.0,11.0,0.0,0.0,3.0,0.0,0.0,0.0,0.0,0.0,0.0,2.0,2.0,0.0,0.0,0.0,0.0,5.0,0.0,7.0,0.0,0.0,2.0,0.0,0.0,0.0,0.0,0.0,15.0,0.0,4.0,8.0,4.0,2481375093.0,17667634.0,厦门市海沧区,厦门市海沧区东孚街道,17.0,30.0,5.0,11.4,63.4,68.1,75.91333333333333,44.672332730560576
福建省,厦门市,湖里区,湖里街道,118.0921778,24.5051649,43.0,83.0,97.0,99.0,284.0,133.0,8.0,225.0,263.0,27.0,1.0,8.0,4.0,5.0,22.0,30.0,2.0,2.0,15.0,72.0,43.0,6.0,2.0,1.0,2.0,14.0,443.0,0.0,0.0,65.0,52.0,117.0,43.0,31.0,22.0,19.0,2.0,6.0,10.0,18.0,28.0,9.0,1.0,22.0,17.0,0.0,0.0,0.0,2.0,2.0,2.0,3.0,0.0,0.0,1.0,7.0,0.0,0.0,0.0,0.0,0.0,1.0,17.0,0.0,0.0,0.0,7.0,7.0,5.0,9.0,14.0,9.0,8170368724.0,11953190.0,厦门市湖里区,厦门市湖里区湖里街道,20.0,30.0,23.0,20.0,93.0,85.0,75.91333333333333,44.672332730560576
福建省,厦门市,湖里区,殿前街道,118.1243132,24.5472795,75.0,25.0,84.0,64.0,171.0,261.0,37.0,208.0,166.0,22.0,3.0,1.0,1.0,3.0,2.0,3.0,1.0,2.0,3.0,24.0,11.0,2.0,6.0,2.0,0.0,7.0,719.0,0.0,0.0,23.0,2.0,16.0,9.0,20.0,21.0,19.0,6.0,0.0,3.0,11.0,33.0,9.0,0.0,11.0,26.0,0.0,0.0,0.0,0.0,1.0,0.0,0.0,0.0,0.0,0.0,0.0,1.0,0.0,1.0,0.0,0.0,1.0,140.0,0.0,0.0,0.0,0.0,0.0,0.0,2.0,9.0,5.0,8170368637.0,11953188.0,厦门市湖里区,厦门市湖里区殿前街道,20.0,30.0,5.0,20.0,75.0,85.0,75.91333333333333,44.672332730560576
福建省,厦门市,湖里区,禾山街道,118.1524656,24.5291652,60.0,6.0,96.0,63.0,195.0,248.0,54.0,278.0,166.0,25.0,3.0,0.0,4.0,4.0,12.0,14.0,1.0,1.0,3.0,30.0,21.0,2.0,3.0,0.0,7.0,17.0,1122.0,0.0,7.0,139.0,15.0,48.0,15.0,18.0,22.0,17.0,0.0,0.0,21.0,3.0,42.0,2.0,8.0,20.0,15.0,1.0,0.0,0.0,0.0,0.0,5.0,5.0,0.0,0.0,0.0,1.0,2.0,1.0,0.0,0.0,0.0,2.0,177.0,0.0,0.0,0.0,2.0,13.0,0.0,4.0,10.0,4.0,8170357202.0,11953187.0,厦门市湖里区,厦门市湖里区禾山街道,20.0,30.0,6.0,20.0,76.0,85.0,75.91333333333333,44.672332730560576
福建省,厦门市,湖里区,江头街道,118.1310346,24.4999254,27.0,61.0,128.0,134.0,331.0,88.0,16.0,247.0,349.0,22.0,3.0,0.0,7.0,7.0,24.0,29.0,2.0,2.0,7.0,54.0,58.0,5.0,4.0,1.0,5.0,18.0,843.0,0.0,4.0,1.0,20.0,98.0,28.0,33.0,25.0,16.0,16.0,16.0,24.0,16.0,63.0,38.0,0.0,23.0,46.0,5.0,0.0,0.0,3.0,3.0,6.0,6.0,0.0,1.0,2.0,8.0,7.0,1.0,0.0,0.0,0.0,1.0,167.0,0.0,0.0,0.0,0.0,15.0,5.0,14.0,16.0,8.0,8170357179.0,11953186.0,厦门市湖里区,厦门市湖里区江头街道,20.0,30.0,20.0,20.0,90.0,85.0,75.91333333333333,44.672332730560576
福建省,厦门市,湖里区,金山街道,118.176635,24.5124174,34.0,23.0,92.0,63.0,402.0,134.0,37.0,395.0,230.0,26.0,4.0,1.0,4.0,4.0,9.0,13.0,0.0,0.0,7.0,27.0,18.0,5.0,12.0,0.0,16.0,20.0,828.0,0.0,7.0,133.0,36.0,69.0,13.0,22.0,21.0,21.0,22.0,4.0,33.0,10.0,55.0,7.0,12.0,112.0,46.0,0.0,1.0,0.0,1.0,1.0,2.0,3.0,0.0,0.0,0.0,6.0,3.0,0.0,0.0,0.0,4.0,4.0,57.0,0.0,0.0,0.0,2.0,31.0,2.0,4.0,17.0,8.0,8170357175.0,11953185.0,厦门市湖里区,厦门市湖里区金山街道,20.0,30.0,21.0,20.0,91.0,85.0,75.91333333333333,44.672332730560576
福建省,厦门市,集美区,集美街道,118.0946203,24.5756781,57.0,9.0,66.0,46.0,122.0,99.0,27.0,197.0,105.0,18.0,2.0,1.0,1.0,1.0,8.0,25.0,1.0,0.0,1.0,16.0,41.0,2.0,11.0,1.0,1.0,4.0,492.0,0.0,92.0,4.0,3.0,109.0,6.0,17.0,22.0,17.0,13.0,0.0,14.0,11.0,31.0,49.0,1.0,31.0,31.0,5.0,0.0,1.0,0.0,0.0,4.0,17.0,0.0,0.0,0.0,11.0,16.0,1.0,0.0,0.0,0.0,3.0,207.0,0.0,0.0,1.0,2.0,51.0,4.0,5.0,14.0,9.0,8170675505.0,17667626.0,厦门市集美区,厦门市集美区集美街道,19.0,30.0,16.0,20.0,85.0,77.28333333333333,75.91333333333333,44.672332730560576
福建省,厦门市,集美区,侨英街道,118.0793536,24.6102087,61.0,24.0,74.0,96.0,232.0,179.0,17.0,162.0,90.0,11.0,2.0,2.0,1.0,1.0,8.0,18.0,2.0,1.0,2.0,7.0,46.0,3.0,13.0,1.0,3.0,4.0,507.0,0.0,104.0,7.0,8.0,75.0,7.0,16.0,23.0,18.0,7.0,4.0,10.0,4.0,50.0,57.0,0.0,12.0,13.0,0.0,0.0,0.0,1.0,1.0,3.0,4.0,1.0,1.0,1.0,1.0,16.0,1.0,0.0,0.0,0.0,2.0,67.0,0.0,0.0,0.0,1.0,5.0,1.0,4.0,15.0,8.0,8170675507.0,17667603.0,厦门市集美区,厦门市集美区侨英街道,19.0,30.0,25.0,20.0,94.0,77.28333333333333,75.91333333333333,44.672332730560576
福建省,厦门市,集美区,杏林街道,118.0366,24.5632212,57.0,18.0,32.0,53.0,98.0,27.0,5.0,62.0,29.0,6.0,1.0,1.0,2.0,2.0,13.0,15.0,1.0,0.0,0.0,9.0,46.0,0.0,23.0,0.0,4.0,3.0,51.0,3.0,0.0,2.0,3.0,21.0,5.0,14.0,19.0,12.0,0.0,0.0,12.0,15.0,20.0,1.0,0.0,4.0,1.0,3.0,0.0,0.0,2.0,2.0,2.0,2.0,0.0,0.0,0.0,0.0,7.0,0.0,7.0,0.0,0.0,2.0,11.0,0.0,0.0,1.0,0.0,6.0,0.0,2.0,9.0,5.0,8170675508.0,17667630.0,厦门市集美区,厦门市集美区杏林街道,18.0,30.0,15.0,10.5,73.5,77.28333333333333,75.91333333333333,44.672332730560576
福建省,厦门市,集美区,杏滨街道,118.035878,24.5661003,69.0,21.0,28.0,56.0,113.0,28.0,6.0,54.0,29.0,5.0,1.0,1.0,2.0,2.0,13.0,15.0,1.0,0.0,0.0,10.0,51.0,0.0,23.0,0.0,6.0,3.0,57.0,3.0,0.0,2.0,3.0,23.0,6.0,15.0,19.0,12.0,4.0,0.0,16.0,11.0,20.0,0.0,0.0,4.0,3.0,4.0,0.0,0.0,2.0,2.0,3.0,3.0,0.0,0.0,0.0,0.0,4.0,0.0,8.0,0.0,0.0,2.0,11.0,0.0,0.0,2.0,1.0,4.0,0.0,5.0,9.0,5.0,8170675506.0,17667631.0,厦门市集美区,厦门市集美区杏滨街道,18.0,30.0,15.0,11.2,74.2,77.28333333333333,75.91333333333333,44.672332730560576
福建省,厦门市,集美区,灌口镇,117.9940208,24.6232196,18.0,18.0,26.0,58.0,139.0,73.0,0.0,10.0,11.0,2.0,1.0,1.0,0.0,0.0,1.0,2.0,0.0,0.0,0.0,1.0,37.0,5.0,11.0,0.0,10.0,14.0,69.0,2.0,20.0,5.0,0.0,10.0,0.0,10.0,17.0,14.0,0.0,4.0,2.0,0.0,14.0,8.0,0.0,0.0,0.0,0.0,1.0,0.0,0.0,0.0,0.0,0.0,0.0,0.0,0.0,0.0,7.0,0.0,0.0,0.0,0.0,3.0,24.0,0.0,0.0,1.0,0.0,0.0,0.0,2.0,5.0,3.0,2481309334.0,17667627.0,厦门市集美区,厦门市集美区灌口镇,20.0,30.0,5.0,13.9,68.9,77.28333333333333,75.91333333333333,44.672332730560576
福建省,厦门市,集美区,后溪镇,118.0360755,24.6325674,25.0,22.0,75.0,85.0,153.0,33.0,3.0,6.0,24.0,0.0,0.0,1.0,1.0,1.0,6.0,7.0,1.0,0.0,0.0,1.0,34.0,2.0,5.0,0.0,14.0,8.0,70.0,13.0,19.0,4.0,3.0,16.0,2.0,18.0,22.0,12.0,0.0,0.0,19.0,9.0,16.0,0.0,0.0,0.0,2.0,0.0,0.0,1.0,0.0,0.0,1.0,1.0,0.0,0.0,0.0,0.0,9.0,1.0,0.0,0.0,0.0,4.0,6.0,0.0,0.0,1.0,0.0,1.0,0.0,3.0,6.0,6.0,2481309337.0,17667629.0,厦门市集美区,厦门市集美区后溪镇,20.0,26.0,10.0,12.1,68.1,77.28333333333333,75.91333333333333,44.672332730560576
福建省,厦门市,同安区,大同街道,118.1433664,24.7465221,0.0,36.0,50.0,30.0,326.0,65.0,0.0,83.0,92.0,2.0,0.0,0.0,1.0,1.0,15.0,15.0,0.0,0.0,1.0,1.0,19.0,0.0,11.0,0.0,8.0,22.0,619.0,0.0,0.0,16.0,1.0,48.0,2.0,6.0,18.0,14.0,0.0,8.0,4.0,0.0,23.0,14.0,0.0,0.0,21.0,0.0,0.0,0.0,0.0,0.0,3.0,3.0,0.0,0.0,1.0,0.0,0.0,0.0,3.0,0.0,1.0,2.0,32.0,0.0,0.0,11.0,0.0,3.0,0.0,2.0,8.0,6.0,6869398502.0,17667623.0,厦门市同安区,厦门市同安区大同街道,20.0,28.0,7.0,20.0,75.0,66.5909090909091,75.91333333333333,44.672332730560576
福建省,厦门市,同安区,祥平街道,118.1351493,24.7283563,6.0,43.0,42.0,59.0,295.0,41.0,0.0,64.0,124.0,2.0,0.0,0.0,2.0,2.0,18.0,19.0,0.0,0.0,1.0,4.0,21.0,1.0,11.0,0.0,9.0,22.0,631.0,2.0,0.0,17.0,1.0,47.0,1.0,9.0,21.0,13.0,0.0,10.0,9.0,11.0,53.0,5.0,0.0,19.0,34.0,0.0,0.0,0.0,0.0,0.0,2.0,2.0,0.0,0.0,0.0,0.0,7.0,0.0,0.0,0.0,4.0,5.0,14.0,0.0,0.0,0.0,0.0,16.0,0.0,3.0,13.0,5.0,8171505464.0,17667622.0,厦门市同安区,厦门市同安区祥平街道,20.0,28.0,5.0,20.0,73.0,66.5909090909091,75.91333333333333,44.672332730560576
福建省,厦门市,同安区,新民街道,118.130503,24.715083,18.0,30.0,46.0,69.0,309.0,17.0,0.0,41.0,144.0,2.0,0.0,0.0,2.0,2.0,13.0,14.0,0.0,0.0,0.0,2.0,21.0,5.0,10.0,0.0,12.0,20.0,610.0,0.0,0.0,4.0,0.0,36.0,1.0,10.0,19.0,10.0,0.0,7.0,5.0,15.0,52.0,12.0,0.0,20.0,17.0,1.0,0.0,0.0,0.0,0.0,0.0,0.0,0.0,0.0,0.0,0.0,7.0,0.0,3.0,0.0,0.0,1.0,1.0,0.0,0.0,0.0,0.0,3.0,0.0,5.0,13.0,4.0,8171505463.0,17667617.0,厦门市同安区,厦门市同安区新民街道,20.0,28.0,0.0,20.0,68.0,66.5909090909091,75.91333333333333,44.672332730560576
福建省,厦门市,同安区,西柯街道,118.1438097,24.6627365,45.0,42.0,38.0,82.0,175.0,31.0,28.0,44.0,149.0,0.0,2.0,0.0,1.0,1.0,6.0,6.0,0.0,0.0,0.0,0.0,20.0,2.0,29.0,0.0,4.0,7.0,56.0,0.0,0.0,0.0,0.0,27.0,4.0,12.0,23.0,13.0,6.0,4.0,15.0,12.0,25.0,7.0,0.0,3.0,30.0,0.0,0.0,0.0,0.0,0.0,1.0,1.0,0.0,0.0,0.0,0.0,1.0,0.0,0.0,0.0,1.0,1.0,4.0,0.0,0.0,0.0,0.0,0.0,0.0,3.0,13.0,4.0,2481309347.0,17667620.0,厦门市同安区,厦门市同安区西柯街道,20.0,28.0,5.0,10.0,63.0,66.5909090909091,75.91333333333333,44.672332730560576
福建省,厦门市,同安区,祥和街道,118.1532919,24.7012669,36.0,37.0,24.0,85.0,254.0,34.0,31.0,140.0,78.0,4.0,2.0,0.0,1.0,1.0,16.0,17.0,0.0,0.0,0.0,4.0,19.0,4.0,10.0,0.0,4.0,12.0,113.0,2.0,0.0,3.0,0.0,27.0,2.0,16.0,22.0,13.0,0.0,2.0,13.0,4.0,33.0,1.0,1.0,0.0,0.0,0.0,0.0,0.0,0.0,0.0,3.0,3.0,0.0,0.0,0.0,0.0,1.0,0.0,0.0,0.0,3.0,3.0,0.0,0.0,0.0,1.0,0.0,0.0,0.0,1.0,10.0,5.0,11951842917.0,17667621.0,厦门市同安区,厦门市同安区祥和街道,20.0,30.0,5.0,15.700000000000001,70.7,66.5909090909091,75.91333333333333,44.672332730560576
福建省,厦门市,同安区,新美街道,118.1108272,24.6905007,36.0,12.0,22.0,75.0,201.0,26.0,0.0,14.0,136.0,0.0,1.0,0.0,0.0,0.0,6.0,6.0,0.0,0.0,0.0,0.0,20.0,4.0,20.0,0.0,4.0,9.0,78.0,0.0,0.0,3.0,0.0,18.0,3.0,13.0,21.0,11.0,0.0,0.0,2.0,8.0,11.0,1.0,0.0,0.0,39.0,0.0,0.0,0.0,0.0,0.0,0.0,0.0,0.0,0.0,0.0,0.0,3.0,1.0,0.0,0.0,0.0,2.0,4.0,0.0,0.0,0.0,0.0,2.0,0.0,2.0,6.0,3.0,11951833352.0,17667618.0,厦门市同安区,厦门市同安区新美街道,20.0,28.0,0.0,12.5,60.5,66.5909090909091,75.91333333333333,44.672332730560576
福建省,厦门市,同安区,美林街道,118.1346828,24.6198859,12.0,26.0,13.0,28.0,135.0,70.0,0.0,24.0,73.0,3.0,0.0,1.0,0.0,0.0,2.0,2.0,0.0,0.0,0.0,3.0,15.0,0.0,0.0,0.0,5.0,8.0,91.0,0.0,0.0,12.0,2.0,22.0,2.0,6.0,16.0,10.0,1.0,10.0,1.0,17.0,21.0,15.0,0.0,6.0,18.0,0.0,0.0,0.0,0.0,0.0,0.0,0.0,0.0,0.0,0.0,2.0,2.0,0.0,0.0,0.0,2.0,3.0,27.0,0.0,0.0,1.0,1.0,11.0,1.0,1.0,11.0,7.0,11951833353.0,17667619.0,厦门市同安区,厦门市同安区美林街道,20.0,28.0,7.0,17.1,72.1,66.5909090909091,75.91333333333333,44.672332730560576
福建省,厦门市,同安区,莲花镇,118.0668889,24.7453032,0.0,0.0,6.0,11.0,190.0,18.0,0.0,0.0,30.0,1.0,1.0,0.0,0.0,0.0,5.0,6.0,0.0,0.0,0.0,0.0,15.0,0.0,4.0,0.0,0.0,3.0,23.0,0.0,0.0,0.0,0.0,10.0,0.0,3.0,11.0,10.0,0.0,0.0,2.0,2.0,32.0,6.0,0.0,0.0,12.0,1.0,0.0,0.0,0.0,0.0,2.0,3.0,0.0,0.0,0.0,0.0,1.0,0.0,1.0,0.0,0.0,1.0,15.0,0.0,0.0,0.0,0.0,9.0,0.0,1.0,8.0,6.0,2481309341.0,11954131.0,厦门市同安区,厦门市同安区莲花镇,18.0,30.0,5.0,7.800000000000001,60.8,66.5909090909091,75.91333333333333,44.672332730560576
福建省,厦门市,同安区,洪塘镇,118.195378,24.71435,35.0,33.0,10.0,44.0,190.0,36.0,0.0,18.0,14.0,0.0,3.0,0.0,0.0,0.0,8.0,8.0,0.0,0.0,0.0,0.0,33.0,6.0,22.0,0.0,8.0,5.0,13.0,1.0,0.0,3.0,0.0,9.0,0.0,12.0,20.0,15.0,0.0,4.0,6.0,4.0,7.0,2.0,0.0,0.0,0.0,0.0,0.0,0.0,0.0,0.0,2.0,2.0,0.0,0.0,0.0,0.0,5.0,4.0,0.0,0.0,0.0,1.0,1.0,0.0,0.0,0.0,0.0,2.0,0.0,3.0,7.0,7.0,2468771113.0,17667614.0,厦门市同安区,厦门市同安区洪塘镇,20.0,28.0,5.0,5.7,58.7,66.5909090909091,75.91333333333333,44.672332730560576
福建省,厦门市,同安区,汀溪镇,118.1248727,24.7913533,0.0,9.0,11.0,19.0,146.0,21.0,0.0,5.0,0.0,0.0,0.0,0.0,0.0,0.0,3.0,3.0,0.0,0.0,0.0,0.0,7.0,0.0,2.0,0.0,2.0,5.0,20.0,0.0,0.0,2.0,0.0,12.0,2.0,5.0,12.0,12.0,0.0,9.0,1.0,2.0,41.0,0.0,0.0,0.0,0.0,0.0,0.0,0.0,0.0,0.0,1.0,1.0,0.0,0.0,0.0,0.0,4.0,0.0,0.0,0.0,0.0,2.0,4.0,0.0,0.0,1.0,0.0,1.0,0.0,2.0,6.0,6.0,2481309345.0,17667616.0,厦门市同安区,厦门市同安区汀溪镇,20.0,24.0,5.0,6.7,55.7,66.5909090909091,75.91333333333333,44.672332730560576
福建省,厦门市,同安区,五显镇,118.1622488,24.7459687,0.0,40.0,45.0,29.0,278.0,87.0,0.0,40.0,69.0,2.0,1.0,0.0,1.0,1.0,13.0,14.0,0.0,0.0,1.0,3.0,15.0,1.0,27.0,0.0,6.0,11.0,626.0,2.0,0.0,15.0,1.0,34.0,0.0,7.0,18.0,14.0,0.0,6.0,17.0,0.0,47.0,33.0,0.0,34.0,20.0,1.0,0.0,0.0,0.0,0.0,3.0,3.0,0.0,0.0,0.0,0.0,3.0,0.0,0.0,0.0,1.0,2.0,28.0,0.0,0.0,2.0,1.0,17.0,0.0,2.0,13.0,8.0,2470036264.0,17667615.0,厦门市同安区,厦门市同安区五显镇,20.0,30.0,5.0,20.0,75.0,66.5909090909091,75.91333333333333,44.672332730560576
福建省,厦门市,翔安区,大嶝街道,118.3191786,24.5540288,0.0,14.0,52.0,34.0,135.0,75.0,2.0,79.0,63.0,6.0,0.0,3.0,1.0,1.0,2.0,3.0,0.0,0.0,0.0,0.0,28.0,2.0,3.0,0.0,8.0,15.0,50.0,0.0,0.0,8.0,0.0,15.0,1.0,8.0,19.0,19.0,0.0,10.0,21.0,10.0,48.0,28.0,2.0,59.0,18.0,1.0,0.0,1.0,0.0,0.0,0.0,1.0,0.0,0.0,0.0,0.0,7.0,0.0,1.0,0.0,4.0,4.0,10.0,0.0,0.0,1.0,0.0,7.0,0.0,3.0,17.0,12.0,8170797623.0,11953657.0,厦门市翔安区,厦门市翔安区大嶝街道,20.0,28.0,5.0,10.9,63.9,67.65555555555555,75.91333333333333,44.672332730560576
福建省,厦门市,翔安区,马巷街道,118.2466954,24.6616633,6.0,20.0,30.0,116.0,309.0,125.0,3.0,10.0,9.0,4.0,1.0,0.0,1.0,1.0,5.0,6.0,0.0,0.0,0.0,0.0,17.0,3.0,13.0,0.0,6.0,10.0,67.0,4.0,0.0,0.0,0.0,40.0,1.0,7.0,17.0,15.0,0.0,2.0,0.0,28.0,40.0,0.0,0.0,0.0,0.0,0.0,0.0,0.0,1.0,1.0,0.0,1.0,0.0,0.0,0.0,0.0,1.0,0.0,1.0,0.0,0.0,4.0,1.0,0.0,0.0,0.0,0.0,11.0,0.0,1.0,3.0,3.0,2481309343.0,17667606.0,厦门市翔安区,厦门市翔安区马巷街道,20.0,30.0,5.0,10.8,65.8,67.65555555555555,75.91333333333333,44.672332730560576
福建省,厦门市,翔安区,新店街道,118.2404439,24.6295905,26.0,8.0,42.0,115.0,384.0,189.0,2.0,42.0,34.0,11.0,1.0,2.0,0.0,1.0,2.0,6.0,1.0,1.0,5.0,11.0,34.0,1.0,5.0,0.0,1.0,11.0,235.0,4.0,0.0,0.0,14.0,27.0,1.0,8.0,19.0,15.0,12.0,4.0,13.0,30.0,78.0,59.0,0.0,28.0,6.0,8.0,1.0,1.0,0.0,0.0,0.0,1.0,0.0,0.0,2.0,8.0,7.0,0.0,0.0,0.0,0.0,4.0,117.0,0.0,0.0,0.0,10.0,8.0,1.0,5.0,15.0,9.0,6869384168.0,17667613.0,厦门市翔安区,厦门市翔安区新店街道,20.0,30.0,13.0,20.0,83.0,67.65555555555555,75.91333333333333,44.672332730560576
福建省,厦门市,翔安区,凤翔街道,118.1974575,24.5767998,29.0,10.0,43.0,19.0,58.0,18.0,0.0,2.0,6.0,0.0,0.0,0.0,0.0,0.0,3.0,3.0,0.0,0.0,0.0,0.0,23.0,3.0,2.0,0.0,10.0,4.0,16.0,0.0,0.0,0.0,0.0,15.0,0.0,6.0,16.0,13.0,17.0,0.0,4.0,2.0,21.0,4.0,0.0,0.0,0.0,0.0,0.0,0.0,0.0,0.0,1.0,1.0,0.0,0.0,0.0,0.0,4.0,0.0,2.0,0.0,0.0,2.0,9.0,0.0,0.0,0.0,0.0,4.0,0.0,4.0,7.0,9.0,9663717344.0,17667611.0,厦门市翔安区,厦门市翔安区凤翔街道,19.0,26.0,5.0,6.5,56.5,67.65555555555555,75.91333333333333,44.672332730560576
福建省,厦门市,翔安区,民安街道,118.2204705,24.6497994,18.0,18.0,46.0,73.0,301.0,136.0,5.0,64.0,4.0,9.0,0.0,0.0,1.0,1.0,1.0,1.0,0.0,0.0,0.0,3.0,24.0,8.0,7.0,0.0,1.0,13.0,122.0,4.0,0.0,6.0,10.0,40.0,0.0,3.0,19.0,18.0,2.0,0.0,8.0,1.0,24.0,0.0,1.0,0.0,0.0,0.0,0.0,0.0,0.0,0.0,0.0,0.0,0.0,0.0,0.0,0.0,8.0,0.0,1.0,0.0,0.0,3.0,5.0,0.0,0.0,0.0,0.0,6.0,0.0,1.0,7.0,3.0,9663717348.0,17667605.0,厦门市翔安区,厦门市翔安区民安街道,20.0,28.0,0.0,17.3,65.3,67.65555555555555,75.91333333333333,44.672332730560576
福建省,厦门市,翔安区,香山街道,118.3020075,24.6027041,21.0,59.0,26.0,66.0,144.0,25.0,16.0,49.0,16.0,2.0,0.0,0.0,1.0,2.0,4.0,7.0,0.0,1.0,1.0,51.0,15.0,0.0,2.0,0.0,7.0,8.0,193.0,0.0,11.0,5.0,5.0,19.0,44.0,11.0,26.0,15.0,2.0,2.0,3.0,18.0,30.0,8.0,3.0,4.0,0.0,0.0,0.0,0.0,0.0,1.0,3.0,6.0,0.0,0.0,0.0,7.0,1.0,0.0,0.0,0.0,5.0,2.0,50.0,0.0,3.0,0.0,2.0,0.0,8.0,3.0,14.0,8.0,9663717346.0,17667610.0,厦门市翔安区,厦门市翔安区香山街道,20.0,28.0,11.0,20.0,79.0,67.65555555555555,75.91333333333333,44.672332730560576
福建省,厦门市,翔安区,金海街道,118.2453853,24.5724707,28.0,67.0,76.0,96.0,208.0,38.0,0.0,79.0,46.0,2.0,1.0,0.0,1.0,1.0,8.0,12.0,0.0,0.0,0.0,0.0,54.0,5.0,5.0,0.0,22.0,9.0,83.0,0.0,0.0,5.0,0.0,55.0,0.0,6.0,24.0,16.0,0.0,28.0,12.0,10.0,54.0,1.0,0.0,6.0,0.0,1.0,0.0,0.0,0.0,0.0,1.0,1.0,0.0,0.0,0.0,0.0,12.0,0.0,0.0,0.0,2.0,1.0,20.0,0.0,0.0,1.0,0.0,11.0,0.0,1.0,12.0,8.0,9663717345.0,17667612.0,厦门市翔安区,厦门市翔安区金海街道,20.0,30.0,5.0,14.9,69.9,67.65555555555555,75.91333333333333,44.672332730560576
福建省,厦门市,翔安区,新圩镇,118.253071,24.737979,0.0,0.0,34.0,15.0,214.0,86.0,0.0,36.0,0.0,2.0,0.0,0.0,0.0,0.0,7.0,10.0,0.0,0.0,0.0,0.0,23.0,0.0,10.0,0.0,5.0,3.0,29.0,0.0,0.0,2.0,0.0,12.0,0.0,5.0,14.0,13.0,0.0,0.0,20.0,6.0,24.0,14.0,0.0,31.0,0.0,2.0,0.0,0.0,0.0,0.0,1.0,3.0,0.0,0.0,0.0,0.0,3.0,0.0,1.0,0.0,0.0,1.0,16.0,0.0,0.0,2.0,0.0,7.0,0.0,1.0,11.0,6.0,2468771119.0,17667608.0,厦门市翔安区,厦门市翔安区新圩镇,18.0,26.0,5.0,8.9,57.9,67.65555555555555,75.91333333333333,44.672332730560576
福建省,厦门市,翔安区,内厝镇,118.2730215,24.6700146,6.0,11.0,14.0,64.0,250.0,147.0,0.0,13.0,1.0,3.0,0.0,0.0,1.0,1.0,5.0,6.0,0.0,0.0,0.0,0.0,11.0,1.0,23.0,0.0,7.0,13.0,75.0,0.0,0.0,0.0,0.0,25.0,1.0,11.0,17.0,17.0,0.0,2.0,0.0,7.0,43.0,42.0,0.0,12.0,0.0,0.0,0.0,0.0,0.0,0.0,3.0,3.0,0.0,0.0,0.0,0.0,5.0,0.0,15.0,0.0,0.0,3.0,31.0,0.0,0.0,0.0,0.0,9.0,1.0,4.0,8.0,11.0,7523647244.0,17667609.0,厦门市翔安区,厦门市翔安区内厝镇,20.0,28.0,5.0,14.600000000000001,67.6,67.65555555555555,75.91333333333333,44.672332730560576
福建省,莆田市,城厢区,龙桥街道,119.002447,25.4662918,9.0,31.0,50.0,32.0,86.0,37.0,0.0,73.0,16.0,1.0,0.0,2.0,3.0,3.0,7.0,11.0,0.0,0.0,0.0,0.0,35.0,3.0,1.0,0.0,0.0,3.0,136.0,0.0,0.0,1.0,0.0,27.0,4.0,12.0,14.0,11.0,0.0,0.0,0.0,5.0,4.0,5.0,0.0,6.0,0.0,0.0,0.0,0.0,0.0,0.0,0.0,0.0,0.0,0.0,0.0,0.0,6.0,0.0,0.0,0.0,0.0,1.0,3.0,0.0,0.0,0.0,0.0,2.0,0.0,1.0,5.0,5.0,8282420407.0,12122355.0,莆田市城厢区,莆田市城厢区龙桥街道,18.0,28.0,5.0,18.0,69.0,54.58571428571429,47.411111111111104,44.672332730560576
福建省,莆田市,城厢区,凤凰山街道,118.9962244,25.426629,38.0,51.0,110.0,73.0,236.0,62.0,0.0,162.0,0.0,2.0,0.0,4.0,4.0,4.0,10.0,14.0,0.0,0.0,0.0,4.0,30.0,2.0,0.0,1.0,0.0,6.0,1063.0,0.0,16.0,7.0,1.0,44.0,3.0,15.0,18.0,12.0,4.0,3.0,11.0,9.0,34.0,8.0,0.0,15.0,0.0,0.0,0.0,2.0,1.0,1.0,1.0,1.0,0.0,0.0,0.0,0.0,3.0,0.0,0.0,0.0,0.0,2.0,42.0,0.0,0.0,0.0,0.0,9.0,0.0,6.0,10.0,5.0,8282446930.0,12122357.0,莆田市城厢区,莆田市城厢区凤凰山街道,20.0,26.0,15.0,20.0,81.0,54.58571428571429,47.411111111111104,44.672332730560576
福建省,莆田市,城厢区,霞林街道,118.9899158,25.4159895,31.0,38.0,65.0,48.0,213.0,28.0,0.0,133.0,0.0,0.0,2.0,4.0,2.0,2.0,5.0,5.0,0.0,0.0,0.0,2.0,3.0,0.0,0.0,1.0,1.0,4.0,303.0,0.0,6.0,3.0,1.0,28.0,2.0,14.0,21.0,11.0,13.0,6.0,9.0,15.0,22.0,1.0,0.0,4.0,0.0,0.0,0.0,1.0,0.0,0.0,1.0,1.0,0.0,0.0,0.0,0.0,0.0,0.0,0.0,0.0,0.0,2.0,0.0,0.0,0.0,0.0,0.0,4.0,0.0,4.0,11.0,4.0,8282420408.0,12122356.0,莆田市城厢区,莆田市城厢区霞林街道,19.0,26.0,10.0,20.0,75.0,54.58571428571429,47.411111111111104,44.672332730560576
福建省,莆田市,城厢区,常太镇,118.931639,25.4977,0.0,0.0,0.0,12.0,2.0,1.0,0.0,0.0,0.0,0.0,0.0,0.0,0.0,0.0,0.0,0.0,0.0,0.0,0.0,0.0,0.0,0.0,0.0,0.0,0.0,1.0,0.0,0.0,0.0,0.0,0.0,0.0,0.0,2.0,3.0,3.0,0.0,0.0,0.0,1.0,0.0,0.0,0.0,0.0,0.0,0.0,0.0,0.0,0.0,0.0,0.0,0.0,0.0,0.0,0.0,0.0,0.0,0.0,0.0,0.0,0.0,1.0,0.0,0.0,0.0,0.0,0.0,0.0,0.0,2.0,1.0,2.0,2499247523.0,12122354.0,莆田市城厢区,莆田市城厢区常太镇,16.0,6.9,0.0,1.5,24.4,54.58571428571429,47.411111111111104,44.672332730560576
福建省,莆田市,城厢区,华亭镇,118.887891,25.381621,12.0,9.0,0.0,4.0,14.0,2.0,0.0,0.0,0.0,0.0,0.0,0.0,0.0,0.0,0.0,0.0,0.0,0.0,0.0,0.0,6.0,0.0,0.0,0.0,0.0,4.0,1.0,0.0,0.0,1.0,0.0,1.0,0.0,5.0,8.0,5.0,3.0,0.0,0.0,2.0,4.0,0.0,0.0,0.0,0.0,0.0,0.0,0.0,0.0,0.0,0.0,0.0,0.0,0.0,0.0,0.0,1.0,0.0,0.0,0.0,0.0,1.0,0.0,0.0,0.0,0.0,0.0,1.0,0.0,4.0,5.0,4.0,8282446445.0,17988984.0,莆田市城厢区,莆田市城厢区华亭镇,19.0,17.0,0.0,2.7,38.7,54.58571428571429,47.411111111111104,44.672332730560576
福建省,莆田市,城厢区,灵川镇,118.966697,25.2928923,3.0,10.0,0.0,15.0,66.0,5.0,0.0,0.0,0.0,0.0,1.0,0.0,0.0,0.0,0.0,0.0,0.0,0.0,0.0,0.0,2.0,0.0,0.0,0.0,0.0,4.0,9.0,0.0,0.0,0.0,0.0,0.0,0.0,8.0,8.0,6.0,0.0,9.0,0.0,12.0,14.0,0.0,0.0,0.0,0.0,0.0,0.0,0.0,0.0,0.0,0.0,0.0,0.0,0.0,0.0,0.0,0.0,0.0,0.0,0.0,0.0,1.0,1.0,0.0,0.0,0.0,0.0,0.0,0.0,2.0,5.0,2.0,8282446446.0,17988986.0,莆田市城厢区,莆田市城厢区灵川镇,19.0,26.0,0.0,4.0,49.0,54.58571428571429,47.411111111111104,44.672332730560576
福建省,莆田市,城厢区,东海镇,118.9219082,25.2759665,7.0,1.0,0.0,5.0,59.0,0.0,0.0,0.0,0.0,0.0,0.0,0.0,0.0,0.0,0.0,0.0,0.0,0.0,0.0,0.0,2.0,0.0,0.0,0.0,0.0,5.0,0.0,0.0,0.0,4.0,2.0,0.0,0.0,9.0,5.0,4.0,0.0,1.0,0.0,3.0,18.0,0.0,0.0,0.0,0.0,0.0,0.0,0.0,0.0,0.0,0.0,0.0,0.0,0.0,0.0,0.0,0.0,0.0,0.0,0.0,0.0,2.0,0.0,0.0,0.0,1.0,0.0,0.0,0.0,2.0,4.0,1.0,8282446444.0,17988985.0,莆田市城厢区,莆田市城厢区东海镇,20.0,22.5,0.0,2.5,45.0,54.58571428571429,47.411111111111104,44.672332730560576
福建省,莆田市,涵江区,涵东街道,119.1126177,25.4570963,35.0,48.0,34.0,54.0,397.0,8.0,0.0,7.0,0.0,0.0,1.0,2.0,1.0,1.0,7.0,7.0,0.0,0.0,1.0,2.0,35.0,7.0,0.0,0.0,0.0,7.0,2.0,0.0,0.0,0.0,1.0,25.0,1.0,13.0,18.0,7.0,2.0,0.0,22.0,19.0,69.0,1.0,0.0,1.0,0.0,0.0,0.0,1.0,1.0,1.0,1.0,1.0,0.0,0.0,1.0,2.0,16.0,0.0,0.0,0.0,0.0,2.0,0.0,0.0,0.0,0.0,0.0,1.0,1.0,4.0,12.0,5.0,8282388526.0,12122311.0,莆田市涵江区,莆田市涵江区涵东街道,20.0,26.0,19.0,3.7,68.7,49.550000000000004,47.411111111111104,44.672332730560576
福建省,莆田市,涵江区,涵西街道,119.0988349,25.4609448,41.0,62.0,40.0,44.0,368.0,14.0,0.0,7.0,0.0,2.0,2.0,2.0,2.0,2.0,5.0,5.0,0.0,0.0,1.0,2.0,37.0,4.0,0.0,0.0,0.0,7.0,5.0,0.0,0.0,0.0,1.0,27.0,1.0,12.0,17.0,8.0,20.0,0.0,9.0,15.0,43.0,2.0,0.0,1.0,0.0,0.0,0.0,0.0,0.0,0.0,1.0,1.0,0.0,0.0,0.0,0.0,22.0,0.0,0.0,0.0,0.0,1.0,0.0,0.0,0.0,0.0,1.0,2.0,0.0,4.0,9.0,4.0,8282388525.0,12122310.0,莆田市涵江区,莆田市涵江区涵西街道,20.0,28.0,10.0,4.5,62.5,49.550000000000004,47.411111111111104,44.672332730560576
福建省,莆田市,涵江区,三江口镇,119.115676,25.442957,39.0,34.0,34.0,74.0,466.0,12.0,0.0,7.0,0.0,2.0,0.0,1.0,1.0,1.0,4.0,4.0,0.0,0.0,1.0,2.0,27.0,3.0,6.0,0.0,1.0,6.0,2.0,0.0,0.0,4.0,1.0,7.0,1.0,15.0,19.0,10.0,0.0,6.0,3.0,9.0,34.0,0.0,0.0,0.0,0.0,0.0,0.0,0.0,0.0,0.0,1.0,1.0,0.0,0.0,0.0,0.0,0.0,0.0,0.0,0.0,0.0,1.0,0.0,0.0,0.0,0.0,0.0,0.0,0.0,8.0,6.0,2.0,2499247541.0,17988974.0,莆田市涵江区,莆田市涵江区三江口镇,20.0,26.0,10.0,4.6,60.6,49.550000000000004,47.411111111111104,44.672332730560576
福建省,莆田市,涵江区,白塘镇,119.094934,25.450467,41.0,38.0,36.0,41.0,412.0,14.0,0.0,7.0,0.0,2.0,0.0,1.0,1.0,1.0,6.0,6.0,0.0,0.0,1.0,2.0,36.0,3.0,0.0,0.0,0.0,7.0,1.0,0.0,0.0,0.0,1.0,16.0,1.0,17.0,18.0,6.0,13.0,19.0,3.0,5.0,99.0,0.0,0.0,4.0,0.0,0.0,0.0,0.0,0.0,0.0,1.0,1.0,0.0,0.0,0.0,0.0,5.0,1.0,0.0,0.0,0.0,2.0,0.0,0.0,0.0,0.0,0.0,0.0,0.0,4.0,12.0,4.0,2499247520.0,12122312.0,莆田市涵江区,莆田市涵江区白塘镇,20.0,26.0,10.0,3.1,59.1,49.550000000000004,47.411111111111104,44.672332730560576
福建省,莆田市,涵江区,国欢镇,119.1156833,25.4789631,20.0,29.0,31.0,45.0,186.0,17.0,0.0,1.0,0.0,0.0,3.0,2.0,1.0,1.0,4.0,4.0,0.0,0.0,1.0,2.0,37.0,8.0,1.0,0.0,1.0,4.0,6.0,0.0,0.0,4.0,1.0,29.0,1.0,10.0,14.0,10.0,0.0,11.0,5.0,3.0,2.0,0.0,0.0,0.0,0.0,0.0,1.0,1.0,0.0,0.0,0.0,0.0,0.0,0.0,0.0,0.0,2.0,0.0,0.0,0.0,0.0,1.0,2.0,0.0,0.0,0.0,0.0,10.0,0.0,2.0,4.0,5.0,2015254279.0,12122313.0,莆田市涵江区,莆田市涵江区国欢镇,19.0,26.0,5.0,5.2,55.2,49.550000000000004,47.411111111111104,44.672332730560576
福建省,莆田市,涵江区,梧塘镇,119.078324,25.494332,5.0,51.0,18.0,14.0,241.0,2.0,0.0,0.0,20.0,0.0,3.0,0.0,1.0,1.0,1.0,3.0,0.0,0.0,0.0,0.0,6.0,12.0,2.0,0.0,1.0,1.0,4.0,0.0,0.0,1.0,1.0,10.0,0.0,11.0,9.0,9.0,0.0,6.0,3.0,3.0,24.0,0.0,0.0,0.0,0.0,0.0,0.0,0.0,0.0,0.0,0.0,1.0,0.0,0.0,0.0,0.0,0.0,0.0,0.0,0.0,0.0,1.0,0.0,0.0,0.0,0.0,0.0,4.0,0.0,3.0,4.0,4.0,2499247545.0,17988981.0,莆田市涵江区,莆田市涵江区梧塘镇,16.0,28.0,0.0,4.5,48.5,49.550000000000004,47.411111111111104,44.672332730560576
福建省,莆田市,涵江区,江口镇,119.198338,25.486939,18.0,0.0,24.0,26.0,386.0,12.0,0.0,0.0,2.0,0.0,0.0,0.0,0.0,0.0,0.0,0.0,0.0,0.0,0.0,0.0,16.0,2.0,3.0,0.0,1.0,2.0,8.0,0.0,0.0,5.0,0.0,5.0,0.0,14.0,12.0,14.0,9.0,0.0,5.0,5.0,63.0,3.0,0.0,0.0,0.0,0.0,0.0,0.0,0.0,0.0,0.0,0.0,0.0,0.0,0.0,0.0,3.0,0.0,0.0,0.0,0.0,1.0,0.0,0.0,0.0,0.0,0.0,3.0,0.0,10.0,8.0,6.0,2494920493.0,17988976.0,莆田市涵江区,莆田市涵江区江口镇,17.0,26.0,0.0,5.3,48.3,49.550000000000004,47.411111111111104,44.672332730560576
福建省,莆田市,涵江区,萩芦镇,119.0922831,25.5267855,0.0,16.0,4.0,7.0,159.0,0.0,0.0,0.0,0.0,0.0,1.0,0.0,0.0,0.0,0.0,1.0,0.0,0.0,0.0,0.0,5.0,1.0,0.0,0.0,0.0,2.0,0.0,0.0,0.0,1.0,0.0,1.0,0.0,5.0,8.0,8.0,0.0,4.0,0.0,1.0,13.0,0.0,0.0,0.0,0.0,0.0,0.0,0.0,0.0,0.0,0.0,0.0,0.0,0.0,0.0,0.0,1.0,0.0,0.0,0.0,0.0,2.0,0.0,0.0,0.0,0.0,0.0,0.0,0.0,2.0,3.0,3.0,8282416442.0,17988980.0,莆田市涵江区,莆田市涵江区萩芦镇,17.0,26.0,0.0,4.1,47.1,49.550000000000004,47.411111111111104,44.672332730560576
福建省,莆田市,涵江区,白沙镇,119.0070279,25.5946333,0.0,8.0,1.0,8.0,6.0,0.0,0.0,0.0,0.0,0.0,0.0,0.0,0.0,0.0,0.0,0.0,0.0,0.0,0.0,0.0,3.0,0.0,0.0,0.0,0.0,1.0,0.0,0.0,0.0,0.0,0.0,0.0,0.0,3.0,6.0,4.0,0.0,2.0,0.0,5.0,0.0,0.0,0.0,0.0,0.0,0.0,0.0,0.0,0.0,0.0,0.0,0.0,0.0,0.0,0.0,0.0,3.0,0.0,0.0,0.0,0.0,1.0,0.0,0.0,0.0,0.0,0.0,0.0,0.0,3.0,3.0,3.0,2499247519.0,17988979.0,莆田市涵江区,莆田市涵江区白沙镇,16.0,14.2,0.0,2.0,32.2,49.550000000000004,47.411111111111104,44.672332730560576
福建省,莆田市,涵江区,庄边镇,118.9755986,25.6360832,0.0,4.0,0.0,10.0,9.0,4.0,0.0,0.0,0.0,0.0,0.0,0.0,0.0,0.0,0.0,0.0,0.0,0.0,0.0,0.0,11.0,0.0,0.0,0.0,0.0,1.0,0.0,0.0,0.0,0.0,0.0,0.0,0.0,4.0,7.0,2.0,0.0,4.0,0.0,4.0,6.0,0.0,0.0,0.0,0.0,0.0,0.0,0.0,0.0,0.0,0.0,0.0,0.0,0.0,0.0,0.0,5.0,0.0,0.0,0.0,0.0,1.0,0.0,0.0,0.0,0.0,0.0,0.0,0.0,2.0,5.0,2.0,2499247555.0,17988978.0,莆田市涵江区,莆田市涵江区庄边镇,16.0,17.1,0.0,1.0,34.1,49.550000000000004,47.411111111111104,44.672332730560576
福建省,莆田市,涵江区,新县镇,119.05318,25.65645,0.0,0.0,1.0,13.0,2.0,0.0,0.0,0.0,0.0,0.0,0.0,0.0,0.0,0.0,0.0,0.0,0.0,0.0,0.0,0.0,8.0,0.0,0.0,0.0,0.0,1.0,0.0,0.0,0.0,0.0,0.0,0.0,0.0,1.0,4.0,4.0,0.0,0.0,1.0,11.0,1.0,0.0,0.0,0.0,0.0,0.0,0.0,0.0,0.0,0.0,0.0,0.0,0.0,0.0,0.0,0.0,4.0,0.0,0.0,0.0,0.0,1.0,0.0,0.0,0.0,0.0,0.0,0.0,0.0,1.0,3.0,2.0,2499247548.0,17988977.0,莆田市涵江区,莆田市涵江区新县镇,16.0,12.7,0.0,2.0,30.7,49.550000000000004,47.411111111111104,44.672332730560576
福建省,莆田市,涵江区,大洋乡,119.077479,25.720877,0.0,0.0,0.0,8.0,38.0,13.0,0.0,2.0,0.0,0.0,0.0,0.0,0.0,0.0,0.0,0.0,0.0,0.0,0.0,0.0,9.0,0.0,0.0,0.0,0.0,6.0,34.0,0.0,0.0,0.0,0.0,0.0,0.0,1.0,7.0,5.0,0.0,0.0,0.0,3.0,18.0,10.0,0.0,0.0,0.0,0.0,0.0,0.0,0.0,0.0,0.0,0.0,0.0,0.0,0.0,0.0,2.0,0.0,0.0,0.0,0.0,2.0,2.0,0.0,0.0,0.0,0.0,0.0,0.0,1.0,5.0,4.0,2499247529.0,17988973.0,莆田市涵江区,莆田市涵江区大洋乡,20.0,21.5,0.0,6.1,47.6,49.550000000000004,47.411111111111104,44.672332730560576
福建省,莆田市,荔城区,镇海街道,119.0177785,25.4289934,33.0,102.0,169.0,102.0,259.0,84.0,0.0,212.0,0.0,4.0,0.0,4.0,6.0,6.0,21.0,35.0,0.0,0.0,0.0,7.0,92.0,8.0,0.0,1.0,0.0,5.0,1299.0,0.0,56.0,5.0,1.0,64.0,3.0,12.0,17.0,12.0,14.0,21.0,48.0,28.0,40.0,11.0,0.0,14.0,0.0,0.0,0.0,0.0,1.0,1.0,3.0,4.0,0.0,0.0,0.0,1.0,15.0,0.0,0.0,1.0,0.0,1.0,480.0,0.0,12.0,2.0,0.0,13.0,0.0,7.0,13.0,8.0,8283460611.0,12123359.0,莆田市荔城区,莆田市荔城区镇海街道,20.0,26.0,16.0,20.0,82.0,62.5,47.411111111111104,44.672332730560576
福建省,莆田市,荔城区,拱辰街道,119.0355455,25.4512963,24.0,64.0,115.0,82.0,226.0,32.0,0.0,82.0,4.0,4.0,0.0,0.0,3.0,3.0,15.0,26.0,0.0,0.0,0.0,3.0,83.0,9.0,1.0,0.0,0.0,3.0,831.0,0.0,26.0,1.0,1.0,39.0,2.0,12.0,16.0,12.0,0.0,12.0,25.0,6.0,9.0,0.0,0.0,0.0,0.0,0.0,0.0,0.0,1.0,1.0,3.0,4.0,0.0,0.0,0.0,0.0,12.0,1.0,0.0,0.0,0.0,2.0,25.0,0.0,0.0,0.0,1.0,4.0,0.0,2.0,7.0,6.0,8283460584.0,12123358.0,莆田市荔城区,莆田市荔城区拱辰街道,18.0,28.0,10.0,20.0,76.0,62.5,47.411111111111104,44.672332730560576
福建省,莆田市,荔城区,西天尾镇,119.040864,25.489732,16.0,18.0,10.0,11.0,154.0,5.0,0.0,6.0,36.0,0.0,1.0,0.0,0.0,0.0,1.0,2.0,0.0,0.0,0.0,0.0,7.0,11.0,2.0,0.0,0.0,1.0,45.0,0.0,0.0,1.0,1.0,13.0,1.0,10.0,10.0,10.0,0.0,6.0,4.0,1.0,20.0,0.0,0.0,0.0,10.0,0.0,0.0,0.0,0.0,0.0,0.0,0.0,0.0,0.0,0.0,0.0,1.0,4.0,0.0,0.0,0.0,1.0,0.0,0.0,0.0,0.0,0.0,0.0,0.0,1.0,6.0,4.0,2499247549.0,12123360.0,莆田市荔城区,莆田市荔城区西天尾镇,16.0,28.0,0.0,8.600000000000001,52.6,62.5,47.411111111111104,44.672332730560576
福建省,莆田市,荔城区,黄石镇,119.072422,25.377857,17.0,50.0,23.0,44.0,83.0,9.0,0.0,0.0,7.0,0.0,0.0,0.0,0.0,0.0,0.0,0.0,0.0,0.0,0.0,2.0,6.0,1.0,1.0,0.0,0.0,1.0,71.0,0.0,0.0,0.0,0.0,2.0,0.0,11.0,13.0,9.0,9.0,7.0,5.0,13.0,9.0,2.0,0.0,0.0,0.0,0.0,0.0,0.0,0.0,0.0,0.0,0.0,0.0,0.0,0.0,2.0,0.0,0.0,0.0,0.0,0.0,1.0,12.0,0.0,0.0,0.0,0.0,0.0,0.0,6.0,10.0,1.0,2499247535.0,12123357.0,莆田市荔城区,莆田市荔城区黄石镇,16.0,26.0,2.0,12.3,56.3,62.5,47.411111111111104,44.672332730560576
福建省,莆田市,荔城区,新度镇,119.037891,25.39912,2.0,82.0,32.0,51.0,277.0,52.0,0.0,168.0,0.0,2.0,0.0,0.0,2.0,2.0,5.0,11.0,0.0,0.0,0.0,3.0,26.0,0.0,0.0,0.0,0.0,1.0,367.0,0.0,79.0,3.0,0.0,26.0,1.0,10.0,18.0,10.0,0.0,8.0,0.0,1.0,36.0,0.0,0.0,0.0,0.0,0.0,0.0,0.0,0.0,0.0,0.0,0.0,0.0,0.0,0.0,0.0,0.0,0.0,0.0,0.0,0.0,1.0,0.0,0.0,0.0,0.0,0.0,0.0,0.0,2.0,5.0,2.0,2499247547.0,12123355.0,莆田市荔城区,莆田市荔城区新度镇,16.0,26.0,0.0,20.0,62.0,62.5,47.411111111111104,44.672332730560576
福建省,莆田市,荔城区,北高镇,119.1364,25.340307,18.0,4.0,4.0,8.0,115.0,8.0,0.0,0.0,18.0,0.0,0.0,0.0,0.0,0.0,0.0,0.0,0.0,0.0,0.0,0.0,25.0,0.0,0.0,0.0,1.0,1.0,1.0,0.0,0.0,0.0,0.0,6.0,0.0,8.0,13.0,9.0,0.0,0.0,2.0,3.0,8.0,1.0,0.0,0.0,0.0,0.0,0.0,0.0,0.0,0.0,0.0,0.0,0.0,0.0,0.0,0.0,5.0,0.0,0.0,0.0,0.0,1.0,0.0,0.0,0.0,0.0,0.0,0.0,0.0,5.0,7.0,2.0,2499247522.0,12123356.0,莆田市荔城区,莆田市荔城区北高镇,16.0,26.0,0.0,4.1,46.1,62.5,47.411111111111104,44.672332730560576
福建省,莆田市,秀屿区,笏石镇,119.088421,25.317778,9.0,9.0,20.0,31.0,153.0,9.0,0.0,42.0,0.0,0.0,1.0,0.0,0.0,0.0,1.0,1.0,0.0,0.0,0.0,0.0,5.0,0.0,5.0,0.0,4.0,2.0,5.0,0.0,0.0,1.0,1.0,8.0,1.0,4.0,9.0,7.0,0.0,3.0,3.0,8.0,65.0,0.0,0.0,0.0,0.0,0.0,0.0,0.0,0.0,0.0,0.0,0.0,0.0,0.0,0.0,0.0,0.0,0.0,0.0,0.0,1.0,1.0,0.0,0.0,0.0,1.0,0.0,4.0,0.0,1.0,4.0,3.0,8283569719.0,12123462.0,莆田市秀屿区,莆田市秀屿区笏石镇,17.0,26.0,0.0,4.2,47.2,46.13636363636363,47.411111111111104,44.672332730560576
福建省,莆田市,秀屿区,东庄镇,119.0322869,25.2539552,2.0,10.0,0.0,4.0,12.0,2.0,0.0,0.0,0.0,0.0,0.0,0.0,1.0,1.0,0.0,0.0,0.0,0.0,0.0,0.0,10.0,0.0,2.0,0.0,1.0,1.0,1.0,0.0,1.0,6.0,0.0,1.0,0.0,5.0,6.0,10.0,0.0,3.0,0.0,1.0,3.0,0.0,0.0,0.0,0.0,0.0,0.0,0.0,1.0,1.0,0.0,0.0,0.0,0.0,0.0,0.0,1.0,0.0,0.0,0.0,0.0,1.0,0.0,0.0,0.0,0.0,0.0,1.0,0.0,1.0,3.0,4.0,2499247550.0,17988296.0,莆田市秀屿区,莆田市秀屿区东庄镇,16.0,15.3,5.0,4.7,41.0,46.13636363636363,47.411111111111104,44.672332730560576
福建省,莆田市,秀屿区,忠门镇,119.081324,25.193406,2.0,4.0,1.0,8.0,26.0,0.0,0.0,0.0,0.0,0.0,0.0,0.0,0.0,0.0,0.0,0.0,0.0,0.0,0.0,0.0,19.0,0.0,2.0,0.0,1.0,1.0,0.0,0.0,0.0,1.0,0.0,1.0,0.0,7.0,10.0,8.0,2.0,0.0,0.0,4.0,8.0,0.0,0.0,0.0,0.0,0.0,0.0,0.0,0.0,0.0,0.0,0.0,0.0,0.0,0.0,0.0,10.0,0.0,0.0,0.0,0.0,1.0,0.0,0.0,0.0,0.0,0.0,1.0,0.0,2.0,3.0,4.0,2499247553.0,17988983.0,莆田市秀屿区,莆田市秀屿区忠门镇,16.0,21.6,0.0,4.1,41.7,46.13636363636363,47.411111111111104,44.672332730560576
福建省,莆田市,秀屿区,东埔镇,119.0520977,25.1595245,0.0,3.0,14.0,5.0,19.0,10.0,0.0,0.0,1.0,0.0,0.0,0.0,0.0,0.0,0.0,0.0,0.0,0.0,0.0,0.0,13.0,0.0,7.0,0.0,1.0,1.0,0.0,0.0,0.0,10.0,0.0,3.0,0.0,4.0,7.0,11.0,0.0,2.0,3.0,3.0,5.0,0.0,0.0,0.0,0.0,0.0,0.0,0.0,0.0,0.0,0.0,0.0,0.0,0.0,0.0,0.0,4.0,0.0,3.0,0.0,1.0,1.0,0.0,0.0,0.0,1.0,0.0,2.0,0.0,3.0,5.0,7.0,3736814532.0,17988294.0,莆田市秀屿区,莆田市秀屿区东埔镇,16.0,20.8,0.0,5.1,41.9,46.13636363636363,47.411111111111104,44.672332730560576
福建省,莆田市,秀屿区,东峤镇,119.167239,25.267805,0.0,20.0,7.0,21.0,169.0,8.0,0.0,0.0,0.0,0.0,0.0,0.0,0.0,0.0,0.0,0.0,0.0,0.0,0.0,0.0,4.0,0.0,3.0,0.0,1.0,1.0,4.0,0.0,0.0,1.0,0.0,3.0,0.0,6.0,6.0,10.0,0.0,8.0,5.0,3.0,19.0,0.0,0.0,0.0,0.0,0.0,0.0,0.0,0.0,0.0,0.0,0.0,0.0,0.0,0.0,0.0,1.0,0.0,0.0,0.0,0.0,1.0,3.0,0.0,0.0,0.0,0.0,0.0,0.0,1.0,4.0,5.0,2499247530.0,17988298.0,莆田市秀屿区,莆田市秀屿区东峤镇,16.0,23.0,0.0,4.8,43.8,46.13636363636363,47.411111111111104,44.672332730560576
福建省,莆田市,秀屿区,埭头镇,119.225835,25.258031,5.0,2.0,7.0,11.0,173.0,2.0,0.0,8.0,0.0,0.0,0.0,0.0,0.0,0.0,0.0,0.0,0.0,0.0,0.0,0.0,32.0,0.0,0.0,0.0,0.0,1.0,7.0,0.0,0.0,1.0,0.0,3.0,0.0,4.0,13.0,12.0,3.0,2.0,2.0,3.0,18.0,0.0,0.0,0.0,0.0,0.0,0.0,0.0,0.0,0.0,0.0,0.0,0.0,0.0,0.0,0.0,7.0,0.0,0.0,0.0,0.0,1.0,4.0,0.0,0.0,0.0,0.0,3.0,0.0,1.0,6.0,4.0,2499247527.0,17988303.0,莆田市秀屿区,莆田市秀屿区埭头镇,16.0,24.0,0.0,5.2,45.2,46.13636363636363,47.411111111111104,44.672332730560576
福建省,莆田市,秀屿区,平海镇,119.268514,25.185375,0.0,0.0,1.0,6.0,41.0,5.0,0.0,1.0,0.0,0.0,0.0,0.0,0.0,0.0,1.0,1.0,0.0,0.0,0.0,0.0,19.0,0.0,0.0,0.0,0.0,1.0,4.0,0.0,0.0,11.0,0.0,1.0,0.0,1.0,7.0,5.0,0.0,0.0,1.0,1.0,11.0,3.0,0.0,1.0,0.0,0.0,0.0,0.0,0.0,0.0,1.0,1.0,0.0,0.0,0.0,0.0,3.0,0.0,0.0,0.0,0.0,1.0,0.0,0.0,0.0,5.0,0.0,1.0,0.0,1.0,6.0,4.0,2499247539.0,17988301.0,莆田市秀屿区,莆田市秀屿区平海镇,16.0,23.5,5.0,4.5,49.0,46.13636363636363,47.411111111111104,44.672332730560576
福建省,莆田市,秀屿区,南日镇,119.4756609,25.2215133,0.0,0.0,2.0,5.0,46.0,6.0,0.0,0.0,0.0,0.0,0.0,0.0,0.0,0.0,0.0,0.0,0.0,0.0,0.0,0.0,30.0,2.0,0.0,0.0,0.0,13.0,0.0,0.0,0.0,1.0,0.0,0.0,0.0,2.0,6.0,12.0,0.0,0.0,2.0,1.0,10.0,4.0,0.0,0.0,0.0,0.0,0.0,0.0,0.0,0.0,0.0,0.0,0.0,0.0,0.0,0.0,8.0,2.0,0.0,0.0,0.0,2.0,0.0,0.0,0.0,0.0,0.0,0.0,0.0,1.0,5.0,5.0,2647108827.0,12123503.0,莆田市秀屿区,莆田市秀屿区南日镇,20.0,23.0,0.0,4.1,47.1,46.13636363636363,47.411111111111104,44.672332730560576
福建省,莆田市,秀屿区,湄洲镇,119.121128,25.084486,0.0,0.0,21.0,4.0,53.0,38.0,2.0,55.0,2.0,2.0,0.0,0.0,1.0,1.0,0.0,0.0,0.0,0.0,0.0,1.0,8.0,0.0,1.0,0.0,1.0,9.0,9.0,0.0,0.0,15.0,1.0,18.0,4.0,5.0,12.0,12.0,0.0,0.0,9.0,3.0,21.0,2.0,0.0,1.0,0.0,0.0,0.0,0.0,1.0,1.0,0.0,0.0,0.0,0.0,0.0,0.0,2.0,0.0,0.0,0.0,1.0,4.0,0.0,0.0,0.0,2.0,0.0,9.0,0.0,2.0,7.0,7.0,8283580761.0,17988300.0,莆田市秀屿区,莆田市秀屿区湄洲镇,20.0,28.0,5.0,6.6,59.6,46.13636363636363,47.411111111111104,44.672332730560576
福建省,莆田市,秀屿区,山亭镇,119.11502,25.16175,4.0,3.0,13.0,14.0,55.0,12.0,0.0,3.0,30.0,0.0,0.0,0.0,0.0,0.0,0.0,0.0,0.0,0.0,0.0,0.0,34.0,2.0,3.0,0.0,1.0,1.0,2.0,0.0,0.0,2.0,0.0,19.0,0.0,5.0,14.0,11.0,4.0,0.0,7.0,7.0,28.0,8.0,0.0,0.0,18.0,0.0,0.0,0.0,0.0,0.0,0.0,0.0,0.0,0.0,0.0,0.0,8.0,0.0,2.0,0.0,0.0,1.0,0.0,0.0,0.0,0.0,0.0,4.0,0.0,3.0,11.0,5.0,8283580762.0,17988299.0,莆田市秀屿区,莆田市秀屿区山亭镇,16.0,26.0,0.0,4.4,46.4,46.13636363636363,47.411111111111104,44.672332730560576
福建省,莆田市,秀屿区,月塘镇,119.092122,25.23905,8.0,4.0,2.0,7.0,47.0,1.0,0.0,0.0,0.0,0.0,0.0,0.0,0.0,0.0,0.0,0.0,0.0,0.0,0.0,0.0,22.0,0.0,6.0,0.0,3.0,1.0,4.0,0.0,0.0,1.0,0.0,2.0,0.0,6.0,10.0,8.0,4.0,2.0,2.0,4.0,9.0,0.0,0.0,0.0,0.0,0.0,0.0,0.0,0.0,0.0,0.0,0.0,0.0,0.0,0.0,0.0,6.0,0.0,0.0,0.0,1.0,1.0,0.0,0.0,0.0,1.0,0.0,0.0,0.0,2.0,6.0,3.0,8283580760.0,17988297.0,莆田市秀屿区,莆田市秀屿区月塘镇,16.0,24.0,0.0,4.6,44.6,46.13636363636363,47.411111111111104,44.672332730560576
福建省,莆田市,仙游县,鲤城街道,118.6992395,25.3704162,13.0,21.0,42.0,55.0,104.0,0.0,0.0,28.0,0.0,0.0,0.0,5.0,2.0,2.0,7.0,8.0,0.0,0.0,0.0,0.0,1.0,2.0,0.0,0.0,0.0,5.0,35.0,0.0,0.0,0.0,1.0,4.0,0.0,7.0,10.0,6.0,0.0,5.0,6.0,15.0,13.0,0.0,0.0,0.0,0.0,0.0,0.0,1.0,0.0,0.0,5.0,5.0,0.0,0.0,0.0,0.0,0.0,0.0,0.0,0.0,0.0,2.0,5.0,0.0,0.0,0.0,0.0,0.0,0.0,2.0,6.0,2.0,5099764705.0,17989004.0,莆田市仙游县,莆田市仙游县鲤城街道,20.0,24.0,10.0,7.0,61.0,38.94444444444444,47.411111111111104,44.672332730560576
福建省,莆田市,仙游县,枫亭镇,118.8519082,25.2495512,12.0,7.0,4.0,4.0,59.0,0.0,0.0,8.0,4.0,0.0,0.0,0.0,1.0,1.0,0.0,1.0,0.0,0.0,0.0,0.0,1.0,0.0,0.0,0.0,0.0,7.0,7.0,4.0,4.0,0.0,0.0,0.0,0.0,13.0,12.0,5.0,1.0,0.0,1.0,2.0,17.0,0.0,0.0,0.0,0.0,0.0,0.0,0.0,0.0,0.0,0.0,0.0,0.0,0.0,0.0,0.0,0.0,0.0,0.0,0.0,0.0,2.0,0.0,0.0,0.0,0.0,0.0,0.0,0.0,4.0,5.0,3.0,1776780784.0,17988998.0,莆田市仙游县,莆田市仙游县枫亭镇,20.0,26.0,0.0,3.2,49.2,38.94444444444444,47.411111111111104,44.672332730560576
福建省,莆田市,仙游县,榜头镇,118.747485,25.427093,0.0,4.0,0.0,12.0,41.0,4.0,0.0,0.0,0.0,0.0,0.0,0.0,0.0,0.0,0.0,0.0,0.0,0.0,0.0,0.0,0.0,0.0,0.0,0.0,0.0,1.0,5.0,0.0,0.0,0.0,0.0,2.0,0.0,1.0,6.0,3.0,0.0,2.0,0.0,7.0,11.0,0.0,0.0,0.0,0.0,0.0,0.0,0.0,0.0,0.0,0.0,0.0,0.0,0.0,0.0,0.0,0.0,0.0,0.0,0.0,0.0,1.0,3.0,0.0,0.0,0.0,0.0,1.0,0.0,1.0,3.0,2.0,2499247521.0,17988995.0,莆田市仙游县,莆田市仙游县榜头镇,16.0,23.0,0.0,2.3,41.3,38.94444444444444,47.411111111111104,44.672332730560576
福建省,莆田市,仙游县,郊尾镇,118.830327,25.306513,12.0,3.0,0.0,1.0,79.0,0.0,0.0,0.0,0.0,0.0,0.0,0.0,0.0,0.0,1.0,1.0,0.0,0.0,0.0,0.0,0.0,0.0,0.0,0.0,0.0,1.0,9.0,0.0,0.0,0.0,0.0,0.0,0.0,3.0,6.0,3.0,8.0,3.0,0.0,1.0,36.0,0.0,0.0,0.0,0.0,0.0,0.0,0.0,0.0,0.0,1.0,1.0,0.0,0.0,0.0,0.0,0.0,0.0,0.0,0.0,0.0,1.0,0.0,0.0,0.0,0.0,0.0,0.0,0.0,2.0,6.0,1.0,2499247536.0,17988997.0,莆田市仙游县,莆田市仙游县郊尾镇,16.0,23.0,5.0,2.4,46.4,38.94444444444444,47.411111111111104,44.672332730560576
福建省,莆田市,仙游县,度尾镇,118.576644,25.41634,0.0,0.0,2.0,5.0,6.0,0.0,0.0,0.0,0.0,0.0,0.0,0.0,0.0,0.0,0.0,0.0,0.0,0.0,0.0,0.0,0.0,0.0,0.0,0.0,0.0,1.0,0.0,0.0,0.0,0.0,0.0,0.0,0.0,1.0,4.0,1.0,0.0,0.0,1.0,1.0,0.0,0.0,0.0,0.0,0.0,0.0,0.0,0.0,0.0,0.0,0.0,0.0,0.0,0.0,0.0,0.0,0.0,0.0,0.0,0.0,0.0,1.0,0.0,0.0,0.0,0.0,0.0,0.0,0.0,1.0,2.0,1.0,2499247531.0,17988990.0,莆田市仙游县,莆田市仙游县度尾镇,16.0,13.2,0.0,0.5,29.7,38.94444444444444,47.411111111111104,44.672332730560576
福建省,莆田市,仙游县,鲤南镇,118.6926842,25.3521512,7.0,22.0,42.0,40.0,106.0,1.0,0.0,33.0,0.0,0.0,0.0,5.0,2.0,2.0,7.0,8.0,0.0,0.0,0.0,0.0,4.0,1.0,0.0,0.0,0.0,5.0,61.0,0.0,0.0,0.0,0.0,6.0,0.0,5.0,9.0,6.0,5.0,9.0,20.0,10.0,30.0,0.0,0.0,26.0,0.0,0.0,0.0,0.0,0.0,0.0,0.0,0.0,0.0,0.0,0.0,0.0,0.0,0.0,0.0,0.0,0.0,2.0,20.0,0.0,0.0,0.0,0.0,1.0,0.0,2.0,6.0,3.0,2499247524.0,17989003.0,莆田市仙游县,莆田市仙游县鲤南镇,20.0,24.0,5.0,11.1,60.1,38.94444444444444,47.411111111111104,44.672332730560576
福建省,莆田市,仙游县,赖店镇,118.722197,25.334298,6.0,4.0,6.0,5.0,69.0,6.0,0.0,8.0,0.0,0.0,0.0,0.0,1.0,1.0,0.0,0.0,0.0,0.0,0.0,0.0,3.0,1.0,0.0,0.0,0.0,1.0,65.0,0.0,0.0,0.0,0.0,4.0,0.0,2.0,10.0,7.0,2.0,0.0,0.0,4.0,11.0,0.0,0.0,0.0,0.0,0.0,0.0,0.0,0.0,0.0,0.0,0.0,0.0,0.0,0.0,0.0,0.0,0.0,0.0,0.0,0.0,1.0,11.0,0.0,0.0,0.0,0.0,2.0,0.0,2.0,5.0,2.0,2499247537.0,17989000.0,莆田市仙游县,莆田市仙游县赖店镇,16.0,24.0,0.0,11.100000000000001,51.1,38.94444444444444,47.411111111111104,44.672332730560576
福建省,莆田市,仙游县,盖尾镇,118.806522,25.351842,19.0,9.0,0.0,6.0,16.0,1.0,0.0,0.0,0.0,0.0,0.0,0.0,0.0,0.0,0.0,0.0,0.0,0.0,0.0,0.0,0.0,0.0,0.0,0.0,0.0,1.0,15.0,0.0,0.0,2.0,0.0,1.0,0.0,4.0,7.0,3.0,2.0,2.0,0.0,1.0,5.0,0.0,0.0,0.0,0.0,0.0,0.0,0.0,0.0,0.0,0.0,0.0,0.0,0.0,0.0,0.0,0.0,0.0,0.0,0.0,0.0,1.0,5.0,0.0,0.0,0.0,0.0,0.0,0.0,1.0,5.0,1.0,2499247533.0,17988996.0,莆田市仙游县,莆田市仙游县盖尾镇,16.0,18.2,0.0,3.7,37.900000000000006,38.94444444444444,47.411111111111104,44.672332730560576
福建省,莆田市,仙游县,园庄镇,118.747548,25.208354,0.0,0.0,2.0,1.0,13.0,0.0,0.0,0.0,0.0,0.0,0.0,0.0,0.0,0.0,0.0,0.0,0.0,0.0,0.0,0.0,1.0,0.0,0.0,0.0,0.0,7.0,0.0,0.0,0.0,0.0,0.0,0.0,0.0,6.0,3.0,4.0,0.0,0.0,2.0,1.0,5.0,0.0,0.0,0.0,0.0,0.0,0.0,0.0,0.0,0.0,0.0,0.0,0.0,0.0,0.0,0.0,0.0,0.0,0.0,0.0,0.0,2.0,0.0,0.0,0.0,0.0,0.0,0.0,0.0,1.0,3.0,2.0,8281116761.0,17988999.0,莆田市仙游县,莆田市仙游县园庄镇,20.0,11.6,0.0,2.0,33.6,38.94444444444444,47.411111111111104,44.672332730560576
福建省,莆田市,仙游县,大济镇,118.634531,25.37261,0.0,3.0,5.0,6.0,64.0,1.0,0.0,0.0,0.0,0.0,0.0,0.0,0.0,0.0,0.0,0.0,0.0,0.0,0.0,0.0,2.0,0.0,1.0,0.0,0.0,1.0,254.0,0.0,0.0,0.0,0.0,2.0,0.0,4.0,10.0,6.0,0.0,0.0,3.0,2.0,10.0,0.0,0.0,0.0,0.0,0.0,0.0,0.0,0.0,0.0,0.0,0.0,0.0,0.0,0.0,0.0,0.0,0.0,0.0,0.0,0.0,1.0,0.0,0.0,0.0,0.0,0.0,0.0,0.0,1.0,4.0,1.0,2499247528.0,17989001.0,莆田市仙游县,莆田市仙游县大济镇,16.0,24.0,0.0,19.0,59.0,38.94444444444444,47.411111111111104,44.672332730560576
福建省,莆田市,仙游县,龙华镇,118.6523757,25.3447494,7.0,6.0,2.0,9.0,21.0,1.0,0.0,0.0,0.0,0.0,0.0,0.0,0.0,0.0,0.0,0.0,0.0,0.0,0.0,0.0,1.0,0.0,0.0,0.0,0.0,1.0,47.0,0.0,0.0,0.0,0.0,1.0,0.0,4.0,9.0,4.0,1.0,0.0,0.0,0.0,4.0,0.0,0.0,0.0,0.0,0.0,0.0,0.0,0.0,0.0,0.0,0.0,0.0,0.0,0.0,0.0,0.0,0.0,0.0,0.0,0.0,1.0,2.0,0.0,0.0,0.0,0.0,0.0,0.0,3.0,2.0,1.0,2499247538.0,17989002.0,莆田市仙游县,莆田市仙游县龙华镇,16.0,19.4,0.0,6.9,42.3,38.94444444444444,47.411111111111104,44.672332730560576
福建省,莆田市,仙游县,钟山镇,118.790343,25.532151,0.0,0.0,0.0,9.0,10.0,0.0,0.0,12.0,0.0,0.0,0.0,0.0,0.0,0.0,0.0,0.0,0.0,0.0,0.0,0.0,0.0,0.0,0.0,0.0,0.0,2.0,17.0,0.0,0.0,0.0,0.0,1.0,0.0,1.0,4.0,5.0,0.0,0.0,0.0,6.0,2.0,0.0,0.0,0.0,0.0,0.0,0.0,0.0,0.0,0.0,0.0,0.0,0.0,0.0,0.0,0.0,0.0,0.0,0.0,0.0,0.0,1.0,16.0,0.0,0.0,0.0,0.0,0.0,0.0,1.0,3.0,1.0,2499247554.0,17988994.0,莆田市仙游县,莆田市仙游县钟山镇,17.0,9.6,0.0,5.800000000000001,32.400000000000006,38.94444444444444,47.411111111111104,44.672332730560576
福建省,莆田市,仙游县,游洋镇,118.8127456,25.6244704,0.0,0.0,0.0,5.0,0.0,17.0,0.0,0.0,0.0,0.0,0.0,0.0,0.0,0.0,0.0,0.0,0.0,0.0,0.0,0.0,0.0,0.0,0.0,0.0,0.0,1.0,0.0,0.0,0.0,0.0,0.0,0.0,0.0,1.0,2.0,1.0,0.0,0.0,0.0,4.0,0.0,7.0,0.0,0.0,0.0,0.0,0.0,0.0,0.0,0.0,0.0,0.0,0.0,0.0,0.0,0.0,0.0,0.0,0.0,0.0,0.0,1.0,0.0,0.0,0.0,0.0,0.0,0.0,0.0,1.0,2.0,0.0,4539205738.0,17988993.0,莆田市仙游县,莆田市仙游县游洋镇,16.0,6.0,0.0,0.5,22.5,38.94444444444444,47.411111111111104,44.672332730560576
福建省,莆田市,仙游县,西苑乡,118.5748672,25.4890896,0.0,0.0,2.0,0.0,8.0,0.0,0.0,0.0,0.0,0.0,0.0,0.0,0.0,0.0,0.0,0.0,0.0,0.0,0.0,0.0,1.0,0.0,0.0,0.0,0.0,2.0,0.0,0.0,0.0,0.0,0.0,0.0,0.0,1.0,3.0,4.0,0.0,0.0,1.0,0.0,7.0,0.0,0.0,0.0,0.0,0.0,0.0,0.0,0.0,0.0,0.0,0.0,0.0,0.0,0.0,0.0,1.0,0.0,0.0,0.0,0.0,1.0,0.0,0.0,0.0,0.0,0.0,0.0,0.0,1.0,3.0,1.0,2499247551.0,17988991.0,莆田市仙游县,莆田市仙游县西苑乡,17.0,10.2,0.0,2.0,29.2,38.94444444444444,47.411111111111104,44.672332730560576
福建省,莆田市,仙游县,石苍乡,118.7527325,25.6017231,0.0,0.0,0.0,6.0,1.0,0.0,0.0,0.0,0.0,0.0,0.0,0.0,0.0,0.0,0.0,0.0,0.0,0.0,0.0,0.0,1.0,0.0,0.0,0.0,0.0,2.0,0.0,0.0,0.0,0.0,0.0,0.0,0.0,1.0,2.0,4.0,0.0,0.0,0.0,3.0,1.0,0.0,0.0,0.0,0.0,0.0,0.0,0.0,0.0,0.0,0.0,0.0,0.0,0.0,0.0,0.0,0.0,0.0,0.0,0.0,0.0,1.0,0.0,0.0,0.0,0.0,0.0,0.0,0.0,1.0,2.0,0.0,2499247543.0,17988992.0,莆田市仙游县,莆田市仙游县石苍乡,17.0,6.5,0.0,2.0,25.5,38.94444444444444,47.411111111111104,44.672332730560576
福建省,莆田市,仙游县,社硎乡,118.6333039,25.49223,0.0,0.0,0.0,3.0,0.0,0.0,0.0,0.0,0.0,0.0,0.0,0.0,0.0,0.0,0.0,0.0,0.0,0.0,0.0,0.0,0.0,0.0,0.0,0.0,0.0,1.0,0.0,0.0,0.0,0.0,0.0,0.0,0.0,1.0,1.0,1.0,0.0,0.0,0.0,3.0,0.0,0.0,0.0,0.0,0.0,0.0,0.0,0.0,0.0,0.0,0.0,0.0,0.0,0.0,0.0,0.0,0.0,0.0,0.0,0.0,0.0,1.0,0.0,0.0,0.0,0.0,0.0,0.0,0.0,1.0,1.0,1.0,2499247542.0,17988989.0,莆田市仙游县,莆田市仙游县社硎乡,16.0,3.5,0.0,0.5,20.0,38.94444444444444,47.411111111111104,44.672332730560576
福建省,莆田市,仙游县,书峰乡,118.657312,25.427812,0.0,0.0,0.0,1.0,0.0,0.0,0.0,0.0,0.0,0.0,0.0,0.0,0.0,0.0,0.0,0.0,0.0,0.0,0.0,0.0,4.0,0.0,0.0,0.0,0.0,1.0,0.0,0.0,0.0,0.0,0.0,0.0,0.0,2.0,2.0,4.0,0.0,0.0,0.0,1.0,0.0,0.0,0.0,0.0,0.0,0.0,0.0,0.0,0.0,0.0,0.0,0.0,0.0,0.0,0.0,0.0,1.0,0.0,0.0,0.0,0.0,1.0,0.0,0.0,0.0,0.0,0.0,0.0,0.0,1.0,1.0,1.0,2499247544.0,17988987.0,莆田市仙游县,莆田市仙游县书峰乡,16.0,2.0,0.0,2.0,20.0,38.94444444444444,47.411111111111104,44.672332730560576
福建省,莆田市,仙游县,菜溪乡,118.696802,25.55954,0.0,0.0,3.0,3.0,14.0,17.0,0.0,1.0,0.0,0.0,0.0,0.0,0.0,0.0,0.0,0.0,0.0,0.0,0.0,0.0,1.0,0.0,0.0,0.0,0.0,7.0,0.0,0.0,0.0,0.0,0.0,0.0,0.0,2.0,10.0,4.0,0.0,0.0,1.0,2.0,10.0,7.0,0.0,0.0,0.0,0.0,0.0,0.0,0.0,0.0,0.0,0.0,0.0,0.0,0.0,0.0,0.0,0.0,0.0,0.0,0.0,2.0,0.0,0.0,0.0,0.0,0.0,0.0,0.0,2.0,7.0,1.0,2499247546.0,17988988.0,莆田市仙游县,莆田市仙游县菜溪乡,20.0,17.8,0.0,2.0,39.8,38.94444444444444,47.411111111111104,44.672332730560576
福建省,三明市,三元区,列东街道,117.631967,26.2751763,35.0,38.0,40.0,37.0,120.0,46.0,1.0,48.0,3.0,3.0,1.0,4.0,0.0,0.0,4.0,5.0,1.0,0.0,1.0,2.0,0.0,0.0,3.0,0.0,0.0,5.0,96.0,0.0,2.0,29.0,7.0,21.0,5.0,10.0,19.0,7.0,2.0,15.0,12.0,11.0,40.0,9.0,0.0,2.0,0.0,0.0,0.0,3.0,0.0,0.0,2.0,2.0,0.0,0.0,1.0,0.0,0.0,0.0,0.0,0.0,0.0,4.0,15.0,0.0,0.0,0.0,1.0,3.0,0.0,5.0,12.0,4.0,8230877078.0,12023681.0,三明市三元区,三明市三元区列东街道,20.0,30.0,12.0,17.5,79.5,58.208333333333336,31.99574468085106,44.672332730560576
福建省,三明市,三元区,列西街道,117.6246929,26.2683265,15.0,36.0,26.0,38.0,96.0,51.0,0.0,48.0,2.0,3.0,0.0,3.0,0.0,0.0,5.0,6.0,1.0,0.0,1.0,2.0,0.0,0.0,3.0,0.0,0.0,6.0,68.0,0.0,3.0,33.0,5.0,15.0,7.0,10.0,13.0,7.0,0.0,8.0,14.0,12.0,39.0,26.0,0.0,10.0,0.0,1.0,0.0,1.0,0.0,0.0,1.0,1.0,0.0,0.0,0.0,0.0,0.0,0.0,1.0,0.0,0.0,2.0,20.0,0.0,0.0,2.0,1.0,7.0,0.0,6.0,12.0,6.0,8230882799.0,12023683.0,三明市三元区,三明市三元区列西街道,20.0,28.0,10.0,15.8,73.8,58.208333333333336,31.99574468085106,44.672332730560576
福建省,三明市,三元区,徐碧街道,117.6396577,26.2794432,40.0,34.0,41.0,42.0,125.0,43.0,1.0,47.0,3.0,3.0,1.0,4.0,0.0,0.0,4.0,5.0,1.0,0.0,1.0,1.0,0.0,0.0,2.0,0.0,0.0,5.0,87.0,0.0,1.0,6.0,7.0,19.0,3.0,10.0,19.0,8.0,0.0,13.0,6.0,12.0,27.0,1.0,0.0,8.0,1.0,0.0,0.0,2.0,0.0,0.0,2.0,2.0,1.0,0.0,1.0,0.0,0.0,0.0,0.0,0.0,0.0,3.0,15.0,0.0,0.0,0.0,1.0,4.0,0.0,4.0,10.0,3.0,4665413687.0,12023682.0,三明市三元区,三明市三元区徐碧街道,20.0,30.0,17.0,14.8,81.8,58.208333333333336,31.99574468085106,44.672332730560576
福建省,三明市,三元区,城关街道,117.6078807,26.2370833,20.0,19.0,76.0,35.0,75.0,20.0,1.0,41.0,8.0,1.0,0.0,5.0,1.0,1.0,9.0,10.0,0.0,0.0,0.0,4.0,0.0,0.0,2.0,0.0,0.0,6.0,108.0,0.0,20.0,17.0,2.0,13.0,4.0,10.0,19.0,7.0,0.0,7.0,18.0,8.0,37.0,1.0,0.0,16.0,2.0,0.0,0.0,4.0,1.0,1.0,5.0,5.0,0.0,0.0,0.0,0.0,0.0,0.0,0.0,0.0,0.0,4.0,56.0,0.0,11.0,0.0,0.0,6.0,0.0,6.0,12.0,3.0,8229919823.0,12022745.0,三明市三元区,三明市三元区城关街道,20.0,28.0,15.0,19.5,82.5,58.208333333333336,31.99574468085106,44.672332730560576
福建省,三明市,三元区,白沙街道,117.6066684,26.245619,5.0,28.0,84.0,34.0,77.0,41.0,1.0,47.0,8.0,1.0,1.0,4.0,1.0,1.0,9.0,10.0,0.0,0.0,0.0,4.0,0.0,0.0,3.0,0.0,0.0,6.0,107.0,0.0,18.0,32.0,0.0,17.0,7.0,11.0,19.0,8.0,0.0,1.0,17.0,9.0,22.0,7.0,0.0,1.0,2.0,0.0,0.0,3.0,0.0,0.0,3.0,3.0,0.0,0.0,0.0,0.0,0.0,0.0,2.0,0.0,0.0,4.0,1.0,0.0,0.0,1.0,0.0,0.0,0.0,6.0,8.0,3.0,8229919821.0,12022743.0,三明市三元区,三明市三元区白沙街道,20.0,30.0,10.0,18.1,78.1,58.208333333333336,31.99574468085106,44.672332730560576
福建省,三明市,三元区,富兴堡街道,117.6045226,26.2193652,20.0,7.0,75.0,25.0,61.0,7.0,1.0,31.0,8.0,0.0,0.0,5.0,1.0,1.0,9.0,9.0,0.0,0.0,0.0,3.0,0.0,0.0,0.0,0.0,0.0,5.0,86.0,0.0,17.0,1.0,2.0,9.0,2.0,9.0,17.0,6.0,8.0,1.0,0.0,8.0,14.0,0.0,0.0,9.0,0.0,0.0,0.0,1.0,0.0,0.0,1.0,1.0,0.0,0.0,0.0,0.0,0.0,0.0,0.0,0.0,0.0,1.0,13.0,0.0,3.0,1.0,2.0,2.0,0.0,1.0,11.0,4.0,8229919822.0,12022744.0,三明市三元区,三明市三元区富兴堡街道,20.0,26.0,10.0,13.100000000000001,69.1,58.208333333333336,31.99574468085106,44.672332730560576
福建省,三明市,三元区,荆西街道,117.5466727,26.196109,17.0,0.0,4.0,10.0,16.0,4.0,0.0,0.0,1.0,0.0,0.0,0.0,0.0,0.0,0.0,1.0,0.0,0.0,0.0,0.0,0.0,0.0,5.0,0.0,0.0,2.0,4.0,0.0,0.0,0.0,0.0,7.0,0.0,9.0,11.0,5.0,13.0,0.0,3.0,5.0,7.0,1.0,0.0,0.0,1.0,0.0,0.0,0.0,0.0,0.0,0.0,1.0,0.0,0.0,0.0,0.0,0.0,0.0,1.0,0.0,0.0,1.0,1.0,0.0,0.0,0.0,0.0,0.0,0.0,3.0,8.0,3.0,8229921136.0,12022746.0,三明市三元区,三明市三元区荆西街道,17.0,21.3,0.0,3.0,41.3,58.208333333333336,31.99574468085106,44.672332730560576
福建省,三明市,三元区,陈大镇,117.6477628,26.3145134,24.0,8.0,12.0,22.0,33.0,5.0,1.0,17.0,2.0,0.0,0.0,1.0,0.0,0.0,0.0,0.0,0.0,0.0,0.0,0.0,3.0,0.0,4.0,0.0,0.0,1.0,22.0,0.0,0.0,0.0,0.0,5.0,1.0,6.0,18.0,8.0,2.0,0.0,0.0,4.0,2.0,0.0,0.0,0.0,0.0,0.0,0.0,0.0,0.0,0.0,0.0,0.0,0.0,0.0,0.0,0.0,1.0,0.0,0.0,0.0,0.0,1.0,3.0,0.0,0.0,0.0,0.0,0.0,0.0,4.0,5.0,4.0,2540017094.0,12023684.0,三明市三元区,三明市三元区陈大镇,16.0,23.2,5.0,6.5,50.7,58.208333333333336,31.99574468085106,44.672332730560576
福建省,三明市,三元区,洋溪镇,117.7271154,26.3112138,26.0,0.0,9.0,2.0,11.0,2.0,0.0,1.0,0.0,0.0,0.0,0.0,0.0,0.0,0.0,0.0,0.0,0.0,0.0,0.0,1.0,0.0,3.0,0.0,0.0,1.0,2.0,0.0,0.0,0.0,0.0,1.0,0.0,6.0,9.0,5.0,0.0,0.0,1.0,1.0,8.0,0.0,0.0,0.0,0.0,0.0,0.0,0.0,0.0,0.0,0.0,0.0,0.0,0.0,0.0,0.0,1.0,0.0,1.0,0.0,0.0,1.0,0.0,0.0,0.0,0.0,0.0,0.0,0.0,1.0,4.0,2.0,3352014353.0,12023685.0,三明市三元区,三明市三元区洋溪镇,16.0,15.6,0.0,2.7,34.300000000000004,58.208333333333336,31.99574468085106,44.672332730560576
福建省,三明市,三元区,莘口镇,117.5387321,26.1647462,9.0,0.0,0.0,10.0,10.0,0.0,0.0,0.0,0.0,0.0,0.0,0.0,0.0,0.0,0.0,0.0,0.0,0.0,0.0,0.0,2.0,0.0,5.0,0.0,0.0,2.0,7.0,0.0,0.0,0.0,0.0,0.0,0.0,4.0,8.0,8.0,4.0,0.0,0.0,4.0,6.0,0.0,0.0,0.0,0.0,0.0,0.0,0.0,0.0,0.0,0.0,0.0,0.0,0.0,0.0,0.0,1.0,0.0,0.0,0.0,0.0,1.0,1.0,0.0,0.0,0.0,0.0,0.0,0.0,3.0,5.0,6.0,2444407764.0,12022748.0,三明市三元区,三明市三元区莘口镇,17.0,17.8,0.0,4.8,39.599999999999994,58.208333333333336,31.99574468085106,44.672332730560576
福建省,三明市,三元区,岩前镇,117.451635,26.262594,2.0,0.0,3.0,3.0,18.0,0.0,0.0,2.0,0.0,0.0,0.0,0.0,0.0,0.0,0.0,0.0,0.0,0.0,0.0,0.0,3.0,0.0,2.0,0.0,0.0,1.0,1.0,0.0,0.0,0.0,0.0,0.0,0.0,3.0,11.0,6.0,0.0,0.0,3.0,0.0,15.0,0.0,0.0,2.0,0.0,0.0,0.0,0.0,0.0,0.0,0.0,0.0,0.0,0.0,0.0,0.0,3.0,0.0,1.0,0.0,0.0,1.0,0.0,0.0,0.0,0.0,0.0,0.0,0.0,2.0,5.0,4.0,2444407793.0,12022749.0,三明市三元区,三明市三元区岩前镇,16.0,20.1,0.0,3.1,39.2,58.208333333333336,31.99574468085106,44.672332730560576
福建省,三明市,三元区,中村乡,117.661328,26.174722,3.0,0.0,0.0,0.0,8.0,0.0,0.0,1.0,0.0,0.0,0.0,0.0,0.0,0.0,0.0,0.0,0.0,0.0,0.0,0.0,1.0,0.0,0.0,0.0,0.0,1.0,0.0,0.0,0.0,0.0,0.0,0.0,0.0,2.0,5.0,4.0,3.0,0.0,0.0,0.0,5.0,0.0,0.0,1.0,0.0,0.0,0.0,0.0,0.0,0.0,0.0,0.0,0.0,0.0,0.0,0.0,0.0,0.0,0.0,0.0,0.0,1.0,0.0,0.0,0.0,0.0,0.0,0.0,0.0,1.0,4.0,2.0,2444407808.0,12022747.0,三明市三元区,三明市三元区中村乡,16.0,10.6,0.0,2.0,28.6,58.208333333333336,31.99574468085106,44.672332730560576
福建省,三明市,沙县区,凤岗街道,117.7769482,26.3931772,24.0,89.0,24.0,17.0,276.0,41.0,1.0,74.0,10.0,6.0,1.0,3.0,3.0,3.0,14.0,16.0,0.0,0.0,1.0,2.0,22.0,1.0,7.0,2.0,0.0,5.0,76.0,0.0,0.0,4.0,2.0,10.0,10.0,6.0,24.0,13.0,5.0,10.0,7.0,5.0,36.0,3.0,0.0,3.0,4.0,1.0,1.0,0.0,0.0,0.0,1.0,1.0,0.0,0.0,0.0,0.0,3.0,0.0,0.0,2.0,0.0,2.0,13.0,0.0,0.0,0.0,0.0,0.0,0.0,2.0,14.0,6.0,638899331.0,6830422.0,三明市沙县区,三明市沙县区凤岗街道,20.0,30.0,10.0,13.3,73.3,36.59166666666667,31.99574468085106,44.672332730560576
福建省,三明市,沙县区,虬江街道,117.7995486,26.3897628,35.0,89.0,22.0,16.0,247.0,65.0,1.0,58.0,9.0,4.0,2.0,3.0,1.0,1.0,9.0,9.0,0.0,0.0,1.0,1.0,22.0,2.0,40.0,1.0,0.0,5.0,87.0,0.0,0.0,4.0,1.0,8.0,10.0,5.0,20.0,14.0,15.0,28.0,5.0,2.0,56.0,18.0,1.0,13.0,0.0,3.0,0.0,0.0,0.0,0.0,3.0,3.0,0.0,0.0,0.0,0.0,9.0,0.0,6.0,0.0,0.0,2.0,2.0,0.0,0.0,3.0,0.0,3.0,7.0,1.0,14.0,8.0,2540017194.0,6830425.0,三明市沙县区,三明市沙县区虬江街道,20.0,30.0,10.0,13.600000000000001,73.6,36.59166666666667,31.99574468085106,44.672332730560576
福建省,三明市,沙县区,青州镇,117.9752304,26.5349674,4.0,0.0,6.0,5.0,24.0,29.0,0.0,1.0,0.0,0.0,0.0,0.0,0.0,0.0,0.0,0.0,0.0,0.0,0.0,0.0,5.0,0.0,2.0,0.0,0.0,1.0,0.0,0.0,0.0,5.0,0.0,6.0,0.0,8.0,12.0,7.0,1.0,0.0,5.0,0.0,12.0,8.0,0.0,0.0,0.0,0.0,0.0,0.0,0.0,0.0,0.0,0.0,0.0,0.0,0.0,0.0,4.0,0.0,1.0,0.0,0.0,1.0,0.0,0.0,0.0,1.0,0.0,0.0,0.0,2.0,6.0,5.0,2479346776.0,-1.0,三明市沙县区,三明市沙县区青州镇,8.0,22.4,0.0,4.1,34.5,36.59166666666667,31.99574468085106,44.672332730560576
福建省,三明市,沙县区,夏茂镇,117.66581,26.5765422,0.0,4.0,1.0,0.0,106.0,2.0,0.0,0.0,0.0,0.0,0.0,0.0,0.0,0.0,0.0,0.0,0.0,0.0,0.0,0.0,1.0,0.0,0.0,0.0,0.0,1.0,1.0,0.0,0.0,0.0,0.0,0.0,0.0,1.0,7.0,4.0,0.0,3.0,0.0,0.0,26.0,1.0,0.0,0.0,0.0,0.0,0.0,0.0,0.0,0.0,0.0,0.0,0.0,0.0,0.0,0.0,1.0,0.0,0.0,0.0,0.0,1.0,1.0,0.0,0.0,0.0,0.0,0.0,0.0,1.0,5.0,3.0,2540017236.0,-1.0,三明市沙县区,三明市沙县区夏茂镇,8.0,23.5,0.0,2.2,33.7,36.59166666666667,31.99574468085106,44.672332730560576
福建省,三明市,沙县区,高砂镇,117.9060973,26.4284533,1.0,0.0,0.0,8.0,10.0,11.0,0.0,0.0,0.0,0.0,1.0,0.0,0.0,0.0,0.0,0.0,0.0,0.0,0.0,0.0,12.0,0.0,5.0,0.0,0.0,2.0,0.0,0.0,0.0,3.0,0.0,0.0,0.0,3.0,6.0,5.0,1.0,0.0,0.0,5.0,7.0,1.0,0.0,0.0,0.0,0.0,0.0,0.0,0.0,0.0,0.0,0.0,0.0,0.0,0.0,0.0,2.0,0.0,1.0,0.0,0.0,2.0,0.0,0.0,0.0,1.0,0.0,0.0,0.0,2.0,6.0,5.0,2479346724.0,-1.0,三明市沙县区,三明市沙县区高砂镇,9.0,19.1,0.0,2.9,31.0,36.59166666666667,31.99574468085106,44.672332730560576
福建省,三明市,沙县区,高桥镇,117.7772026,26.5621158,0.0,5.0,0.0,1.0,73.0,15.0,0.0,2.0,0.0,0.0,0.0,0.0,0.0,0.0,0.0,0.0,0.0,0.0,0.0,0.0,1.0,0.0,0.0,0.0,0.0,2.0,2.0,0.0,0.0,0.0,0.0,0.0,0.0,2.0,8.0,3.0,0.0,4.0,0.0,1.0,47.0,0.0,0.0,2.0,0.0,0.0,0.0,0.0,0.0,0.0,0.0,0.0,0.0,0.0,0.0,0.0,1.0,0.0,0.0,0.0,0.0,2.0,0.0,0.0,0.0,0.0,0.0,0.0,0.0,2.0,6.0,3.0,2540017127.0,-1.0,三明市沙县区,三明市沙县区高桥镇,9.0,24.0,0.0,1.7,34.7,36.59166666666667,31.99574468085106,44.672332730560576
福建省,三明市,沙县区,富口镇,117.690272,26.449011,0.0,0.0,8.0,0.0,60.0,3.0,0.0,0.0,0.0,0.0,0.0,0.0,0.0,0.0,0.0,0.0,0.0,0.0,0.0,0.0,0.0,0.0,0.0,0.0,0.0,1.0,0.0,0.0,0.0,0.0,0.0,0.0,0.0,3.0,6.0,2.0,0.0,0.0,7.0,0.0,25.0,0.0,0.0,0.0,0.0,0.0,0.0,0.0,0.0,0.0,0.0,0.0,0.0,0.0,0.0,0.0,0.0,0.0,0.0,0.0,0.0,1.0,0.0,0.0,0.0,0.0,0.0,0.0,0.0,2.0,4.0,2.0,2540017122.0,-1.0,三明市沙县区,三明市沙县区富口镇,8.0,23.0,0.0,1.0,32.0,36.59166666666667,31.99574468085106,44.672332730560576
福建省,三明市,沙县区,大洛镇,117.789393,26.250994,0.0,6.0,5.0,0.0,14.0,0.0,0.0,0.0,0.0,0.0,0.0,0.0,0.0,0.0,0.0,0.0,0.0,0.0,0.0,0.0,1.0,0.0,2.0,0.0,0.0,1.0,1.0,0.0,0.0,0.0,0.0,0.0,0.0,5.0,4.0,5.0,0.0,1.0,1.0,0.0,8.0,0.0,0.0,0.0,0.0,0.0,0.0,0.0,0.0,0.0,0.0,0.0,0.0,0.0,0.0,0.0,1.0,0.0,1.0,0.0,0.0,1.0,0.0,0.0,0.0,0.0,0.0,0.0,0.0,1.0,3.0,3.0,2540017110.0,12015858.0,三明市沙县区,三明市沙县区大洛镇,16.0,12.2,0.0,2.6,30.8,36.59166666666667,31.99574468085106,44.672332730560576
福建省,三明市,沙县区,南霞乡,117.874452,26.280848,0.0,0.0,0.0,5.0,19.0,2.0,0.0,0.0,0.0,0.0,0.0,0.0,0.0,0.0,0.0,0.0,0.0,0.0,0.0,0.0,2.0,0.0,0.0,0.0,0.0,4.0,0.0,0.0,0.0,0.0,0.0,0.0,0.0,2.0,5.0,2.0,0.0,0.0,0.0,2.0,3.0,2.0,0.0,0.0,0.0,0.0,0.0,0.0,0.0,0.0,0.0,0.0,0.0,0.0,0.0,0.0,1.0,0.0,0.0,0.0,0.0,1.0,0.0,0.0,0.0,0.0,0.0,0.0,0.0,1.0,3.0,2.0,4578762528.0,-1.0,三明市沙县区,三明市沙县区南霞乡,11.0,12.2,0.0,1.0,24.2,36.59166666666667,31.99574468085106,44.672332730560576
福建省,三明市,沙县区,南阳乡,117.9694279,26.3566493,0.0,0.0,15.0,9.0,9.0,1.0,0.0,0.0,0.0,0.0,0.0,0.0,0.0,0.0,0.0,0.0,0.0,0.0,0.0,0.0,2.0,0.0,0.0,0.0,0.0,1.0,1.0,0.0,0.0,0.0,0.0,0.0,0.0,2.0,10.0,4.0,0.0,0.0,6.0,3.0,4.0,0.0,0.0,0.0,0.0,0.0,0.0,0.0,0.0,0.0,0.0,0.0,0.0,0.0,0.0,0.0,2.0,0.0,0.0,0.0,0.0,1.0,0.0,0.0,0.0,0.0,0.0,0.0,0.0,1.0,3.0,2.0,4578774653.0,-1.0,三明市沙县区,三明市沙县区南阳乡,8.0,17.0,0.0,2.1,27.1,36.59166666666667,31.99574468085106,44.672332730560576
福建省,三明市,沙县区,郑湖乡,118.0220913,26.3637127,0.0,0.0,3.0,2.0,13.0,0.0,0.0,0.0,0.0,0.0,0.0,0.0,0.0,0.0,0.0,0.0,0.0,0.0,0.0,0.0,2.0,0.0,0.0,0.0,0.0,1.0,0.0,0.0,0.0,0.0,0.0,0.0,0.0,3.0,5.0,3.0,0.0,0.0,1.0,2.0,13.0,0.0,0.0,0.0,0.0,0.0,0.0,0.0,0.0,0.0,0.0,0.0,0.0,0.0,0.0,0.0,2.0,0.0,0.0,0.0,0.0,1.0,0.0,0.0,0.0,0.0,0.0,0.0,0.0,1.0,5.0,3.0,4578774654.0,-1.0,三明市沙县区,三明市沙县区郑湖乡,8.0,16.0,0.0,1.5,25.5,36.59166666666667,31.99574468085106,44.672332730560576
福建省,三明市,沙县区,湖源乡,117.769565,26.129438,0.0,0.0,0.0,1.0,1.0,0.0,0.0,0.0,0.0,0.0,0.0,0.0,0.0,0.0,0.0,0.0,0.0,0.0,0.0,0.0,0.0,0.0,0.0,0.0,0.0,1.0,0.0,0.0,0.0,0.0,0.0,0.0,0.0,6.0,2.0,1.0,0.0,0.0,0.0,0.0,0.0,0.0,0.0,0.0,0.0,0.0,0.0,0.0,0.0,0.0,0.0,0.0,0.0,0.0,0.0,0.0,0.0,0.0,0.0,0.0,0.0,1.0,0.0,0.0,0.0,0.0,0.0,0.0,0.0,1.0,0.0,1.0,2540017155.0,12015859.0,三明市沙县区,三明市沙县区湖源乡,16.0,2.2,0.0,0.5,18.7,36.59166666666667,31.99574468085106,44.672332730560576
福建省,三明市,明溪县,雪峰镇,117.1956859,26.3626246,4.0,6.0,3.0,14.0,21.0,0.0,0.0,5.0,0.0,0.0,1.0,0.0,0.0,0.0,0.0,0.0,0.0,0.0,0.0,0.0,3.0,0.0,0.0,0.0,0.0,3.0,2.0,0.0,0.0,0.0,0.0,0.0,0.0,4.0,9.0,4.0,1.0,0.0,3.0,12.0,7.0,0.0,0.0,3.0,0.0,0.0,0.0,0.0,0.0,0.0,0.0,0.0,0.0,0.0,0.0,0.0,2.0,0.0,0.0,0.0,0.0,3.0,0.0,0.0,0.0,0.0,0.0,0.0,0.0,3.0,5.0,2.0,2444407786.0,-1.0,三明市明溪县,三明市明溪县雪峰镇,10.0,22.3,0.0,2.2,34.5,27.91111111111111,31.99574468085106,44.672332730560576
福建省,三明市,明溪县,盖洋镇,117.061138,26.438779,0.0,5.0,3.0,0.0,18.0,0.0,0.0,0.0,0.0,0.0,0.0,0.0,0.0,0.0,0.0,0.0,0.0,0.0,0.0,0.0,2.0,0.0,0.0,0.0,0.0,1.0,0.0,0.0,0.0,0.0,0.0,0.0,0.0,2.0,6.0,3.0,0.0,5.0,2.0,0.0,16.0,0.0,0.0,0.0,0.0,0.0,0.0,0.0,0.0,0.0,0.0,0.0,0.0,0.0,0.0,0.0,2.0,0.0,0.0,0.0,0.0,1.0,0.0,0.0,0.0,0.0,0.0,0.0,0.0,1.0,4.0,2.0,4254175316.0,-1.0,三明市明溪县,三明市明溪县盖洋镇,8.0,16.4,0.0,1.5,25.9,27.91111111111111,31.99574468085106,44.672332730560576
福建省,三明市,明溪县,胡坊镇,117.229121,26.218037,0.0,6.0,1.0,5.0,18.0,0.0,0.0,0.0,0.0,0.0,0.0,0.0,0.0,0.0,0.0,0.0,0.0,0.0,0.0,0.0,4.0,0.0,0.0,0.0,0.0,1.0,0.0,0.0,0.0,0.0,0.0,0.0,0.0,2.0,7.0,3.0,0.0,3.0,0.0,5.0,15.0,0.0,0.0,0.0,0.0,0.0,0.0,0.0,0.0,0.0,0.0,0.0,0.0,0.0,0.0,0.0,4.0,0.0,0.0,0.0,0.0,1.0,0.0,0.0,0.0,0.0,0.0,0.0,0.0,2.0,6.0,3.0,2444407725.0,-1.0,三明市明溪县,三明市明溪县胡坊镇,8.0,21.6,0.0,1.5,31.1,27.91111111111111,31.99574468085106,44.672332730560576
福建省,三明市,明溪县,瀚仙镇,117.290102,26.359737,1.0,1.0,0.0,7.0,3.0,0.0,0.0,0.0,0.0,0.0,0.0,0.0,0.0,0.0,0.0,0.0,0.0,0.0,0.0,0.0,0.0,0.0,0.0,0.0,0.0,1.0,0.0,0.0,0.0,0.0,0.0,0.0,0.0,1.0,4.0,1.0,0.0,0.0,0.0,1.0,0.0,0.0,0.0,0.0,0.0,0.0,0.0,0.0,0.0,0.0,0.0,0.0,0.0,0.0,0.0,0.0,0.0,0.0,0.0,0.0,0.0,1.0,0.0,0.0,0.0,0.0,0.0,0.0,0.0,1.0,1.0,0.0,2444407703.0,-1.0,三明市明溪县,三明市明溪县瀚仙镇,8.0,12.6,0.0,0.5,21.1,27.91111111111111,31.99574468085106,44.672332730560576
福建省,三明市,明溪县,城关乡,117.1946811,26.3569971,4.0,6.0,3.0,15.0,21.0,0.0,0.0,5.0,0.0,0.0,1.0,0.0,0.0,0.0,0.0,0.0,0.0,0.0,0.0,0.0,3.0,0.0,0.0,0.0,0.0,3.0,2.0,0.0,0.0,0.0,0.0,0.0,0.0,4.0,9.0,4.0,2.0,0.0,3.0,12.0,10.0,0.0,0.0,3.0,0.0,0.0,0.0,0.0,0.0,0.0,0.0,0.0,0.0,0.0,0.0,0.0,2.0,0.0,0.0,0.0,0.0,3.0,2.0,0.0,0.0,0.0,0.0,0.0,0.0,3.0,5.0,2.0,5099826268.0,-1.0,三明市明溪县,三明市明溪县城关乡,10.0,23.2,0.0,2.4,35.6,27.91111111111111,31.99574468085106,44.672332730560576
福建省,三明市,明溪县,沙溪乡,117.347159,26.334411,3.0,0.0,0.0,0.0,17.0,1.0,0.0,0.0,0.0,0.0,0.0,0.0,0.0,0.0,0.0,0.0,0.0,0.0,0.0,0.0,3.0,0.0,1.0,0.0,0.0,1.0,0.0,0.0,0.0,0.0,0.0,0.0,0.0,2.0,5.0,3.0,1.0,0.0,0.0,0.0,12.0,0.0,0.0,0.0,0.0,0.0,0.0,0.0,0.0,0.0,0.0,0.0,0.0,0.0,0.0,0.0,0.0,0.0,0.0,0.0,0.0,1.0,0.0,0.0,0.0,0.0,0.0,0.0,0.0,1.0,3.0,1.0,2444407757.0,-1.0,三明市明溪县,三明市明溪县沙溪乡,8.0,14.5,0.0,1.5,24.0,27.91111111111111,31.99574468085106,44.672332730560576
福建省,三明市,明溪县,夏阳乡,117.4565283,26.4285334,0.0,0.0,0.0,3.0,0.0,0.0,0.0,0.0,0.0,0.0,0.0,0.0,0.0,0.0,0.0,0.0,0.0,0.0,0.0,0.0,4.0,0.0,0.0,0.0,0.0,1.0,0.0,0.0,0.0,0.0,0.0,0.0,0.0,1.0,2.0,1.0,0.0,0.0,0.0,3.0,0.0,0.0,0.0,0.0,0.0,0.0,0.0,0.0,0.0,0.0,0.0,0.0,0.0,0.0,0.0,0.0,2.0,0.0,0.0,0.0,0.0,1.0,0.0,0.0,0.0,0.0,0.0,0.0,0.0,1.0,1.0,1.0,8223903981.0,12012452.0,三明市明溪县,三明市明溪县夏阳乡,16.0,4.0,0.0,0.5,20.5,27.91111111111111,31.99574468085106,44.672332730560576
福建省,三明市,明溪县,枫溪乡,116.851117,26.511209,0.0,0.0,3.0,9.0,5.0,0.0,0.0,0.0,0.0,0.0,0.0,0.0,0.0,0.0,0.0,0.0,0.0,0.0,0.0,0.0,0.0,0.0,0.0,0.0,0.0,1.0,0.0,0.0,0.0,0.0,0.0,0.0,0.0,4.0,6.0,1.0,0.0,0.0,1.0,8.0,5.0,0.0,0.0,0.0,0.0,0.0,0.0,0.0,0.0,0.0,0.0,0.0,0.0,0.0,0.0,0.0,0.0,0.0,0.0,0.0,0.0,1.0,0.0,0.0,0.0,0.0,0.0,0.0,0.0,2.0,6.0,1.0,8223903980.0,12012451.0,三明市明溪县,三明市明溪县枫溪乡,16.0,15.5,0.0,0.5,32.0,27.91111111111111,31.99574468085106,44.672332730560576
福建省,三明市,明溪县,夏坊乡,116.934046,26.572473,0.0,3.0,0.0,3.0,0.0,0.0,0.0,0.0,0.0,0.0,0.0,0.0,0.0,0.0,0.0,0.0,0.0,0.0,0.0,0.0,1.0,0.0,0.0,0.0,0.0,1.0,0.0,0.0,0.0,0.0,0.0,0.0,0.0,2.0,2.0,3.0,0.0,2.0,0.0,0.0,0.0,0.0,0.0,0.0,0.0,0.0,0.0,0.0,0.0,0.0,0.0,0.0,0.0,0.0,0.0,0.0,1.0,0.0,0.0,0.0,0.0,1.0,0.0,0.0,0.0,0.0,0.0,0.0,0.0,1.0,1.0,2.0,2444407771.0,12012450.0,三明市明溪县,三明市明溪县夏坊乡,16.0,9.0,0.0,1.5,26.5,27.91111111111111,31.99574468085106,44.672332730560576
福建省,三明市,清流县,龙津镇,116.8062245,26.1699889,11.0,3.0,3.0,34.0,14.0,0.0,0.0,0.0,0.0,0.0,0.0,0.0,0.0,0.0,1.0,1.0,0.0,0.0,0.0,0.0,5.0,0.0,0.0,0.0,0.0,3.0,5.0,0.0,0.0,0.0,0.0,1.0,0.0,4.0,6.0,6.0,4.0,0.0,1.0,10.0,4.0,0.0,0.0,0.0,0.0,0.0,0.0,0.0,0.0,0.0,0.0,0.0,0.0,0.0,0.0,0.0,3.0,0.0,0.0,0.0,0.0,1.0,0.0,0.0,0.0,0.0,0.0,1.0,0.0,1.0,4.0,6.0,638891682.0,-1.0,三明市清流县,三明市清流县龙津镇,10.0,17.0,0.0,3.5,30.5,18.638461538461538,31.99574468085106,44.672332730560576
福建省,三明市,清流县,嵩溪镇,116.945074,26.265471,4.0,0.0,0.0,0.0,0.0,0.0,0.0,0.0,0.0,0.0,0.0,0.0,0.0,0.0,0.0,0.0,0.0,0.0,0.0,0.0,0.0,0.0,0.0,0.0,0.0,1.0,0.0,0.0,0.0,0.0,0.0,0.0,0.0,1.0,1.0,2.0,3.0,0.0,0.0,0.0,0.0,0.0,0.0,0.0,0.0,0.0,0.0,0.0,0.0,0.0,0.0,0.0,0.0,0.0,0.0,0.0,0.0,0.0,0.0,0.0,0.0,1.0,0.0,0.0,0.0,0.0,0.0,0.0,0.0,1.0,1.0,1.0,2540017213.0,-1.0,三明市清流县,三明市清流县嵩溪镇,8.0,5.5,0.0,1.0,14.5,18.638461538461538,31.99574468085106,44.672332730560576
福建省,三明市,清流县,嵩口镇,116.887226,26.144116,7.0,0.0,6.0,2.0,11.0,0.0,0.0,0.0,0.0,0.0,0.0,0.0,0.0,0.0,0.0,0.0,0.0,0.0,0.0,0.0,4.0,0.0,1.0,0.0,0.0,1.0,0.0,0.0,0.0,1.0,0.0,0.0,0.0,3.0,6.0,8.0,3.0,0.0,5.0,2.0,11.0,0.0,0.0,0.0,0.0,0.0,0.0,0.0,0.0,0.0,0.0,0.0,0.0,0.0,0.0,0.0,4.0,0.0,1.0,0.0,0.0,1.0,0.0,0.0,0.0,1.0,0.0,0.0,0.0,2.0,6.0,7.0,2540017207.0,-1.0,三明市清流县,三明市清流县嵩口镇,8.0,15.5,0.0,4.2,27.7,18.638461538461538,31.99574468085106,44.672332730560576
福建省,三明市,清流县,灵地镇,116.812691,25.869197,0.0,0.0,2.0,4.0,0.0,0.0,0.0,0.0,0.0,0.0,0.0,0.0,0.0,0.0,0.0,0.0,0.0,0.0,0.0,0.0,3.0,0.0,0.0,0.0,0.0,1.0,0.0,0.0,0.0,0.0,0.0,0.0,0.0,5.0,2.0,3.0,0.0,0.0,1.0,2.0,0.0,0.0,0.0,0.0,0.0,0.0,0.0,0.0,0.0,0.0,0.0,0.0,0.0,0.0,0.0,0.0,0.0,0.0,0.0,0.0,0.0,1.0,0.0,0.0,0.0,0.0,0.0,0.0,0.0,1.0,2.0,1.0,2540017169.0,-1.0,三明市清流县,三明市清流县灵地镇,8.0,10.0,0.0,1.5,19.5,18.638461538461538,31.99574468085106,44.672332730560576
福建省,三明市,清流县,长校镇,116.712851,25.950611,0.0,4.0,0.0,0.0,5.0,0.0,0.0,0.0,0.0,0.0,0.0,0.0,0.0,0.0,0.0,0.0,0.0,0.0,0.0,0.0,5.0,0.0,0.0,0.0,0.0,1.0,0.0,0.0,0.0,0.0,0.0,1.0,0.0,1.0,2.0,5.0,0.0,3.0,0.0,0.0,2.0,0.0,0.0,0.0,0.0,0.0,0.0,0.0,0.0,0.0,0.0,0.0,0.0,0.0,0.0,0.0,1.0,0.0,0.0,0.0,0.0,1.0,0.0,0.0,0.0,0.0,0.0,0.0,0.0,1.0,2.0,3.0,2540017089.0,-1.0,三明市清流县,三明市清流县长校镇,8.0,7.6,0.0,2.5,18.1,18.638461538461538,31.99574468085106,44.672332730560576
福建省,三明市,清流县,赖坊镇,116.884154,25.936022,0.0,0.0,0.0,1.0,0.0,0.0,0.0,0.0,0.0,0.0,0.0,0.0,0.0,0.0,0.0,0.0,0.0,0.0,0.0,0.0,0.0,0.0,0.0,0.0,0.0,2.0,0.0,0.0,0.0,0.0,0.0,0.0,0.0,1.0,1.0,2.0,0.0,0.0,0.0,1.0,0.0,0.0,0.0,0.0,0.0,0.0,0.0,0.0,0.0,0.0,0.0,0.0,0.0,0.0,0.0,0.0,0.0,0.0,0.0,0.0,0.0,1.0,0.0,0.0,0.0,0.0,0.0,0.0,0.0,1.0,1.0,2.0,8213933016.0,-1.0,三明市清流县,三明市清流县赖坊镇,9.0,1.5,0.0,1.0,11.5,18.638461538461538,31.99574468085106,44.672332730560576
福建省,三明市,清流县,林畲镇,117.071164,26.318344,2.0,0.0,0.0,0.0,0.0,0.0,0.0,0.0,0.0,0.0,0.0,0.0,0.0,0.0,0.0,0.0,0.0,0.0,0.0,0.0,0.0,0.0,0.0,0.0,0.0,1.0,0.0,0.0,0.0,0.0,0.0,0.0,0.0,3.0,1.0,0.0,0.0,0.0,0.0,0.0,0.0,0.0,0.0,0.0,0.0,0.0,0.0,0.0,0.0,0.0,0.0,0.0,0.0,0.0,0.0,0.0,0.0,0.0,0.0,0.0,0.0,1.0,0.0,0.0,0.0,0.0,0.0,0.0,0.0,1.0,0.0,0.0,8213953422.0,-1.0,三明市清流县,三明市清流县林畲镇,8.0,5.5,0.0,0.0,13.5,18.638461538461538,31.99574468085106,44.672332730560576
福建省,三明市,清流县,温郊乡,117.018101,26.233759,0.0,0.0,0.0,0.0,0.0,0.0,0.0,0.0,0.0,0.0,0.0,0.0,0.0,0.0,0.0,0.0,0.0,0.0,0.0,0.0,0.0,0.0,0.0,0.0,0.0,1.0,0.0,0.0,0.0,0.0,0.0,0.0,0.0,1.0,0.0,1.0,0.0,0.0,0.0,0.0,0.0,0.0,0.0,0.0,0.0,0.0,0.0,0.0,0.0,0.0,0.0,0.0,0.0,0.0,0.0,0.0,0.0,0.0,0.0,0.0,0.0,1.0,0.0,0.0,0.0,0.0,0.0,0.0,0.0,1.0,0.0,1.0,8213953421.0,-1.0,三明市清流县,三明市清流县温郊乡,8.0,0.0,0.0,0.5,8.5,18.638461538461538,31.99574468085106,44.672332730560576
福建省,三明市,清流县,田源乡,116.8506535,26.0550625,0.0,0.0,5.0,4.0,5.0,0.0,0.0,0.0,0.0,0.0,0.0,0.0,0.0,0.0,0.0,0.0,0.0,0.0,0.0,0.0,2.0,0.0,0.0,0.0,0.0,1.0,0.0,0.0,0.0,0.0,0.0,0.0,0.0,1.0,3.0,3.0,0.0,0.0,2.0,3.0,5.0,0.0,0.0,0.0,0.0,0.0,0.0,0.0,0.0,0.0,0.0,0.0,0.0,0.0,0.0,0.0,2.0,0.0,0.0,0.0,0.0,1.0,0.0,0.0,0.0,0.0,0.0,0.0,0.0,1.0,3.0,3.0,8213953419.0,-1.0,三明市清流县,三明市清流县田源乡,8.0,13.0,0.0,1.5,22.5,18.638461538461538,31.99574468085106,44.672332730560576
福建省,三明市,清流县,沙芜乡,116.967041,26.020104,5.0,0.0,0.0,1.0,2.0,0.0,0.0,0.0,0.0,0.0,0.0,0.0,0.0,0.0,0.0,0.0,0.0,0.0,0.0,0.0,0.0,0.0,0.0,0.0,0.0,2.0,0.0,0.0,0.0,0.0,0.0,0.0,0.0,3.0,4.0,3.0,0.0,0.0,0.0,1.0,2.0,0.0,0.0,0.0,0.0,0.0,0.0,0.0,0.0,0.0,0.0,0.0,0.0,0.0,0.0,0.0,0.0,0.0,0.0,0.0,0.0,1.0,0.0,0.0,0.0,0.0,0.0,0.0,0.0,2.0,3.0,2.0,4258064092.0,-1.0,三明市清流县,三明市清流县沙芜乡,9.0,9.0,0.0,1.5,19.5,18.638461538461538,31.99574468085106,44.672332730560576
福建省,三明市,清流县,余朋乡,117.042499,26.101608,0.0,0.0,0.0,0.0,1.0,0.0,0.0,0.0,0.0,0.0,0.0,0.0,0.0,0.0,0.0,0.0,0.0,0.0,0.0,0.0,0.0,0.0,0.0,0.0,0.0,1.0,0.0,0.0,0.0,0.0,0.0,0.0,0.0,3.0,1.0,1.0,0.0,0.0,0.0,0.0,1.0,0.0,0.0,0.0,0.0,0.0,0.0,0.0,0.0,0.0,0.0,0.0,0.0,0.0,0.0,0.0,0.0,0.0,0.0,0.0,0.0,1.0,0.0,0.0,0.0,0.0,0.0,0.0,0.0,1.0,1.0,1.0,8213953420.0,-1.0,三明市清流县,三明市清流县余朋乡,8.0,1.0,0.0,0.5,9.5,18.638461538461538,31.99574468085106,44.672332730560576
福建省,三明市,清流县,李家乡,116.7908992,25.8283671,0.0,0.0,3.0,2.0,0.0,0.0,0.0,0.0,1.0,0.0,0.0,0.0,0.0,0.0,1.0,1.0,0.0,0.0,0.0,0.0,2.0,0.0,0.0,0.0,0.0,1.0,0.0,0.0,0.0,0.0,0.0,0.0,0.0,5.0,2.0,3.0,0.0,0.0,3.0,1.0,0.0,0.0,0.0,0.0,0.0,0.0,0.0,0.0,0.0,0.0,1.0,1.0,0.0,0.0,0.0,0.0,0.0,0.0,0.0,0.0,0.0,1.0,0.0,0.0,0.0,0.0,0.0,0.0,0.0,1.0,2.0,1.0,8213933015.0,-1.0,三明市清流县,三明市清流县李家乡,8.0,10.0,5.0,1.5,24.5,18.638461538461538,31.99574468085106,44.672332730560576
福建省,三明市,清流县,里田乡,116.698284,26.015244,0.0,1.0,0.0,0.0,0.0,0.0,0.0,0.0,0.0,0.0,0.0,0.0,0.0,0.0,0.0,0.0,0.0,0.0,0.0,0.0,0.0,0.0,0.0,0.0,0.0,1.0,0.0,0.0,0.0,0.0,0.0,0.0,0.0,3.0,1.0,2.0,0.0,1.0,0.0,0.0,0.0,0.0,0.0,0.0,0.0,0.0,0.0,0.0,0.0,0.0,0.0,0.0,0.0,0.0,0.0,0.0,0.0,0.0,0.0,0.0,0.0,1.0,0.0,0.0,0.0,0.0,0.0,0.0,0.0,1.0,1.0,2.0,8213953418.0,12000707.0,三明市清流县,三明市清流县里田乡,16.0,5.5,0.0,1.0,22.5,18.638461538461538,31.99574468085106,44.672332730560576
福建省,三明市,宁化县,翠江镇,116.6527459,26.2644643,2.0,39.0,11.0,43.0,113.0,37.0,0.0,1.0,0.0,0.0,2.0,2.0,1.0,1.0,0.0,1.0,0.0,0.0,0.0,0.0,5.0,4.0,0.0,1.0,4.0,3.0,11.0,0.0,0.0,0.0,1.0,20.0,2.0,5.0,14.0,11.0,0.0,13.0,5.0,15.0,41.0,2.0,0.0,0.0,0.0,0.0,0.0,2.0,1.0,1.0,0.0,1.0,0.0,0.0,0.0,0.0,1.0,0.0,0.0,0.0,1.0,3.0,6.0,0.0,0.0,0.0,1.0,4.0,1.0,3.0,7.0,7.0,2444407689.0,-1.0,三明市宁化县,三明市宁化县翠江镇,10.0,26.0,10.0,5.7,51.7,28.16875,31.99574468085106,44.672332730560576
福建省,三明市,宁化县,泉上镇,116.962357,26.419222,0.0,0.0,4.0,0.0,23.0,0.0,0.0,0.0,0.0,0.0,0.0,0.0,0.0,0.0,0.0,0.0,0.0,0.0,0.0,0.0,0.0,0.0,0.0,0.0,0.0,1.0,0.0,0.0,0.0,0.0,0.0,0.0,0.0,2.0,7.0,3.0,0.0,0.0,3.0,0.0,20.0,0.0,0.0,0.0,0.0,0.0,0.0,0.0,0.0,0.0,0.0,0.0,0.0,0.0,0.0,0.0,0.0,0.0,0.0,0.0,0.0,1.0,0.0,0.0,0.0,0.0,0.0,0.0,0.0,1.0,3.0,3.0,2444407741.0,11998009.0,三明市宁化县,三明市宁化县泉上镇,16.0,19.1,0.0,1.5,36.6,28.16875,31.99574468085106,44.672332730560576
福建省,三明市,宁化县,湖村镇,116.8402448,26.3536379,0.0,0.0,6.0,1.0,14.0,2.0,0.0,0.0,0.0,0.0,0.0,0.0,0.0,0.0,0.0,0.0,0.0,0.0,0.0,0.0,3.0,0.0,4.0,0.0,0.0,1.0,0.0,0.0,0.0,0.0,0.0,0.0,0.0,2.0,5.0,6.0,0.0,0.0,1.0,0.0,8.0,0.0,0.0,0.0,0.0,0.0,0.0,0.0,0.0,0.0,0.0,0.0,0.0,0.0,0.0,0.0,2.0,0.0,2.0,0.0,0.0,1.0,0.0,0.0,0.0,0.0,0.0,0.0,0.0,1.0,3.0,4.0,2444407718.0,-1.0,三明市宁化县,三明市宁化县湖村镇,8.0,13.7,0.0,3.0,24.7,28.16875,31.99574468085106,44.672332730560576
福建省,三明市,宁化县,石壁镇,116.514202,26.24859,3.0,6.0,0.0,11.0,14.0,0.0,0.0,0.0,0.0,0.0,0.0,0.0,0.0,0.0,0.0,0.0,0.0,0.0,0.0,0.0,8.0,0.0,0.0,0.0,0.0,1.0,0.0,0.0,0.0,0.0,0.0,1.0,0.0,3.0,10.0,5.0,1.0,1.0,0.0,8.0,4.0,0.0,0.0,0.0,0.0,0.0,0.0,0.0,0.0,0.0,0.0,0.0,0.0,0.0,0.0,0.0,1.0,0.0,0.0,0.0,0.0,1.0,0.0,0.0,0.0,0.0,0.0,1.0,0.0,2.0,4.0,4.0,2539776820.0,-1.0,三明市宁化县,三明市宁化县石壁镇,8.0,18.0,0.0,2.5,28.5,28.16875,31.99574468085106,44.672332730560576
福建省,三明市,宁化县,曹坊镇,116.615702,26.063529,0.0,2.0,2.0,2.0,0.0,0.0,0.0,0.0,0.0,0.0,0.0,0.0,0.0,0.0,0.0,0.0,0.0,0.0,0.0,0.0,2.0,0.0,0.0,0.0,0.0,1.0,0.0,0.0,0.0,0.0,0.0,0.0,0.0,1.0,4.0,2.0,0.0,2.0,1.0,2.0,0.0,0.0,0.0,0.0,0.0,0.0,0.0,0.0,0.0,0.0,0.0,0.0,0.0,0.0,0.0,0.0,2.0,0.0,0.0,0.0,0.0,1.0,0.0,0.0,0.0,0.0,0.0,0.0,0.0,1.0,3.0,1.0,8210505469.0,-1.0,三明市宁化县,三明市宁化县曹坊镇,8.0,9.0,0.0,1.0,18.0,28.16875,31.99574468085106,44.672332730560576
福建省,三明市,宁化县,安远镇,116.673563,26.577937,0.0,6.0,2.0,3.0,14.0,0.0,0.0,0.0,0.0,0.0,0.0,0.0,0.0,0.0,0.0,0.0,0.0,0.0,0.0,0.0,2.0,0.0,0.0,0.0,0.0,1.0,0.0,0.0,0.0,0.0,0.0,0.0,0.0,1.0,5.0,2.0,0.0,4.0,2.0,3.0,11.0,0.0,0.0,0.0,0.0,0.0,0.0,0.0,0.0,0.0,0.0,0.0,0.0,0.0,0.0,0.0,2.0,0.0,0.0,0.0,0.0,1.0,0.0,0.0,0.0,0.0,0.0,0.0,0.0,1.0,5.0,2.0,8210505478.0,11998008.0,三明市宁化县,三明市宁化县安远镇,16.0,16.6,0.0,1.0,33.6,28.16875,31.99574468085106,44.672332730560576
福建省,三明市,宁化县,淮土镇,116.467086,26.191376,0.0,0.0,0.0,14.0,23.0,1.0,0.0,0.0,0.0,0.0,0.0,0.0,0.0,0.0,2.0,2.0,0.0,0.0,0.0,0.0,2.0,0.0,0.0,0.0,0.0,1.0,0.0,0.0,0.0,0.0,0.0,0.0,0.0,8.0,4.0,5.0,0.0,0.0,0.0,9.0,3.0,1.0,0.0,0.0,0.0,0.0,0.0,0.0,0.0,0.0,2.0,2.0,0.0,0.0,0.0,0.0,0.0,0.0,0.0,0.0,0.0,1.0,0.0,0.0,0.0,0.0,0.0,0.0,0.0,1.0,3.0,2.0,8210505473.0,-1.0,三明市宁化县,三明市宁化县淮土镇,8.0,12.5,5.0,2.5,28.0,28.16875,31.99574468085106,44.672332730560576
福建省,三明市,宁化县,安乐镇,116.732052,26.111777,2.0,1.0,0.0,2.0,0.0,0.0,0.0,0.0,0.0,0.0,0.0,0.0,0.0,0.0,0.0,0.0,0.0,0.0,0.0,0.0,3.0,0.0,0.0,0.0,0.0,1.0,0.0,0.0,0.0,0.0,0.0,0.0,0.0,1.0,3.0,2.0,1.0,0.0,0.0,1.0,0.0,0.0,0.0,0.0,0.0,0.0,0.0,0.0,0.0,0.0,0.0,0.0,0.0,0.0,0.0,0.0,2.0,0.0,0.0,0.0,0.0,1.0,0.0,0.0,0.0,0.0,0.0,0.0,0.0,1.0,2.0,2.0,8210505470.0,-1.0,三明市宁化县,三明市宁化县安乐镇,8.0,8.5,0.0,1.0,17.5,28.16875,31.99574468085106,44.672332730560576
福建省,三明市,宁化县,水茜镇,116.743152,26.466594,0.0,0.0,6.0,4.0,32.0,1.0,0.0,0.0,0.0,0.0,0.0,0.0,0.0,0.0,0.0,0.0,0.0,0.0,0.0,0.0,5.0,0.0,2.0,0.0,0.0,2.0,0.0,0.0,0.0,0.0,0.0,0.0,0.0,1.0,6.0,7.0,0.0,0.0,5.0,3.0,22.0,1.0,0.0,0.0,0.0,0.0,0.0,0.0,0.0,0.0,0.0,0.0,0.0,0.0,0.0,0.0,5.0,0.0,1.0,0.0,0.0,1.0,0.0,0.0,0.0,0.0,0.0,0.0,0.0,1.0,6.0,3.0,8210505477.0,-1.0,三明市宁化县,三明市宁化县水茜镇,9.0,23.0,0.0,3.5,35.5,28.16875,31.99574468085106,44.672332730560576
福建省,三明市,宁化县,城郊镇,116.6524833,26.2671142,1.0,39.0,14.0,42.0,116.0,38.0,0.0,1.0,0.0,0.0,2.0,2.0,1.0,1.0,0.0,1.0,0.0,0.0,0.0,0.0,5.0,2.0,0.0,1.0,4.0,3.0,11.0,0.0,0.0,0.0,1.0,20.0,2.0,5.0,14.0,11.0,0.0,11.0,4.0,10.0,42.0,19.0,0.0,0.0,0.0,0.0,0.0,2.0,1.0,1.0,0.0,1.0,0.0,0.0,0.0,0.0,0.0,0.0,0.0,0.0,1.0,3.0,6.0,0.0,0.0,0.0,1.0,3.0,0.0,3.0,8.0,4.0,5099830980.0,-1.0,三明市宁化县,三明市宁化县城郊镇,10.0,26.0,10.0,5.7,51.7,28.16875,31.99574468085106,44.672332730560576
福建省,三明市,宁化县,城南镇,116.6780881,26.2377861,7.0,20.0,1.0,23.0,30.0,3.0,0.0,2.0,0.0,0.0,2.0,0.0,0.0,0.0,0.0,0.0,0.0,0.0,0.0,0.0,8.0,4.0,4.0,0.0,1.0,1.0,3.0,0.0,0.0,0.0,0.0,9.0,2.0,2.0,11.0,12.0,6.0,5.0,0.0,2.0,15.0,1.0,0.0,0.0,0.0,0.0,0.0,0.0,0.0,0.0,0.0,0.0,0.0,0.0,0.0,0.0,3.0,2.0,0.0,0.0,0.0,1.0,0.0,0.0,0.0,0.0,0.0,1.0,0.0,2.0,6.0,8.0,8210505471.0,-1.0,三明市宁化县,三明市宁化县城南镇,8.0,26.0,0.0,4.3,38.3,28.16875,31.99574468085106,44.672332730560576
福建省,三明市,宁化县,济村乡,116.554572,26.338241,0.0,0.0,0.0,3.0,1.0,0.0,0.0,0.0,0.0,0.0,0.0,0.0,0.0,0.0,0.0,0.0,0.0,0.0,0.0,0.0,0.0,0.0,0.0,0.0,0.0,1.0,0.0,0.0,0.0,0.0,0.0,0.0,0.0,1.0,2.0,2.0,0.0,0.0,0.0,3.0,1.0,0.0,0.0,0.0,0.0,0.0,0.0,0.0,0.0,0.0,0.0,0.0,0.0,0.0,0.0,0.0,0.0,0.0,0.0,0.0,0.0,1.0,0.0,0.0,0.0,0.0,0.0,0.0,0.0,1.0,2.0,1.0,8210505474.0,-1.0,三明市宁化县,三明市宁化县济村乡,8.0,4.5,0.0,1.0,13.5,28.16875,31.99574468085106,44.672332730560576
福建省,三明市,宁化县,方田乡,116.5407799,26.184885,0.0,1.0,0.0,5.0,1.0,0.0,0.0,0.0,0.0,0.0,0.0,0.0,0.0,0.0,0.0,0.0,0.0,0.0,0.0,0.0,0.0,0.0,0.0,0.0,0.0,1.0,0.0,0.0,0.0,0.0,0.0,0.0,0.0,1.0,3.0,2.0,0.0,1.0,0.0,1.0,1.0,0.0,0.0,0.0,0.0,0.0,0.0,0.0,0.0,0.0,0.0,0.0,0.0,0.0,0.0,0.0,0.0,0.0,0.0,0.0,0.0,1.0,0.0,0.0,0.0,0.0,0.0,0.0,0.0,1.0,3.0,1.0,8210505472.0,-1.0,三明市宁化县,三明市宁化县方田乡,8.0,12.0,0.0,1.0,21.0,28.16875,31.99574468085106,44.672332730560576
福建省,三明市,宁化县,治平畲族乡,116.51691,26.039018,0.0,0.0,1.0,0.0,0.0,0.0,0.0,0.0,0.0,0.0,0.0,0.0,0.0,0.0,0.0,0.0,0.0,0.0,0.0,0.0,0.0,0.0,0.0,0.0,0.0,1.0,0.0,0.0,0.0,0.0,0.0,0.0,0.0,1.0,1.0,1.0,0.0,0.0,1.0,0.0,0.0,0.0,0.0,0.0,0.0,0.0,0.0,0.0,0.0,0.0,0.0,0.0,0.0,0.0,0.0,0.0,0.0,0.0,0.0,0.0,0.0,1.0,0.0,0.0,0.0,0.0,0.0,0.0,0.0,1.0,1.0,1.0,2539776891.0,-1.0,三明市宁化县,三明市宁化县治平畲族乡,8.0,5.5,0.0,0.5,14.0,28.16875,31.99574468085106,44.672332730560576
福建省,三明市,宁化县,中沙乡,116.692149,26.374371,0.0,3.0,0.0,2.0,3.0,0.0,0.0,0.0,0.0,0.0,0.0,0.0,0.0,0.0,0.0,0.0,0.0,0.0,0.0,0.0,0.0,0.0,0.0,0.0,0.0,2.0,0.0,0.0,0.0,0.0,0.0,0.0,0.0,1.0,3.0,1.0,0.0,3.0,0.0,1.0,1.0,0.0,0.0,0.0,0.0,0.0,0.0,0.0,0.0,0.0,0.0,0.0,0.0,0.0,0.0,0.0,0.0,0.0,0.0,0.0,0.0,1.0,0.0,0.0,0.0,0.0,0.0,0.0,0.0,1.0,3.0,1.0,8210505475.0,-1.0,三明市宁化县,三明市宁化县中沙乡,9.0,9.4,0.0,0.5,18.9,28.16875,31.99574468085106,44.672332730560576
福建省,三明市,宁化县,河龙乡,116.65186,26.447215,0.0,1.0,1.0,3.0,1.0,0.0,0.0,0.0,0.0,0.0,0.0,0.0,0.0,0.0,0.0,0.0,0.0,0.0,0.0,0.0,0.0,0.0,0.0,0.0,0.0,1.0,0.0,0.0,0.0,0.0,0.0,0.0,0.0,8.0,4.0,2.0,0.0,1.0,0.0,0.0,0.0,0.0,0.0,0.0,0.0,0.0,0.0,0.0,0.0,0.0,0.0,0.0,0.0,0.0,0.0,0.0,0.0,0.0,0.0,0.0,0.0,1.0,0.0,0.0,0.0,0.0,0.0,0.0,0.0,1.0,1.0,0.0,8210505476.0,-1.0,三明市宁化县,三明市宁化县河龙乡,8.0,10.2,0.0,1.0,19.2,28.16875,31.99574468085106,44.672332730560576
福建省,三明市,大田县,均溪镇,117.8465034,25.6973833,1.0,0.0,46.0,23.0,43.0,4.0,0.0,46.0,1.0,0.0,1.0,1.0,1.0,1.0,3.0,3.0,0.0,0.0,0.0,0.0,9.0,0.0,1.0,0.0,0.0,4.0,1.0,0.0,0.0,1.0,0.0,13.0,0.0,2.0,11.0,6.0,0.0,0.0,7.0,10.0,24.0,2.0,0.0,21.0,0.0,0.0,0.0,1.0,1.0,1.0,3.0,3.0,0.0,0.0,0.0,0.0,5.0,0.0,0.0,0.0,0.0,2.0,0.0,0.0,0.0,0.0,0.0,6.0,0.0,2.0,8.0,4.0,1618103133.0,-1.0,三明市大田县,三明市大田县均溪镇,11.0,28.0,15.0,3.2,57.2,28.522222222222222,31.99574468085106,44.672332730560576
福建省,三明市,大田县,石牌镇,117.8337595,25.6538001,25.0,0.0,20.0,3.0,11.0,6.0,0.0,1.0,0.0,0.0,0.0,0.0,0.0,0.0,0.0,0.0,0.0,0.0,0.0,0.0,4.0,0.0,0.0,0.0,0.0,2.0,1.0,0.0,0.0,0.0,0.0,5.0,0.0,3.0,11.0,4.0,9.0,0.0,16.0,2.0,6.0,0.0,0.0,0.0,0.0,0.0,0.0,0.0,0.0,0.0,0.0,0.0,0.0,0.0,0.0,0.0,2.0,0.0,0.0,0.0,0.0,1.0,0.0,0.0,0.0,0.0,0.0,0.0,0.0,3.0,9.0,3.0,3450492739.0,-1.0,三明市大田县,三明市大田县石牌镇,9.0,16.0,0.0,2.1,27.1,28.522222222222222,31.99574468085106,44.672332730560576
福建省,三明市,大田县,上京镇,117.6692819,25.7235439,4.0,0.0,0.0,7.0,1.0,2.0,0.0,0.0,0.0,0.0,2.0,0.0,0.0,0.0,0.0,0.0,0.0,0.0,0.0,0.0,0.0,0.0,1.0,0.0,0.0,1.0,3.0,0.0,0.0,0.0,0.0,0.0,0.0,3.0,5.0,1.0,2.0,0.0,0.0,2.0,0.0,0.0,0.0,0.0,0.0,0.0,0.0,0.0,0.0,0.0,0.0,0.0,0.0,0.0,0.0,0.0,0.0,0.0,0.0,0.0,0.0,1.0,0.0,0.0,0.0,0.0,0.0,0.0,0.0,3.0,3.0,0.0,8218906455.0,-1.0,三明市大田县,三明市大田县上京镇,8.0,14.7,0.0,0.8,23.5,28.522222222222222,31.99574468085106,44.672332730560576
福建省,三明市,大田县,广平镇,117.8207097,26.0911243,3.0,0.0,0.0,7.0,18.0,0.0,0.0,0.0,0.0,0.0,0.0,0.0,0.0,0.0,0.0,0.0,0.0,0.0,0.0,0.0,1.0,0.0,3.0,0.0,0.0,1.0,0.0,0.0,0.0,1.0,0.0,0.0,0.0,2.0,4.0,4.0,3.0,0.0,0.0,2.0,16.0,0.0,0.0,0.0,0.0,0.0,0.0,0.0,0.0,0.0,0.0,0.0,0.0,0.0,0.0,0.0,0.0,0.0,0.0,0.0,0.0,1.0,0.0,0.0,0.0,0.0,0.0,0.0,0.0,1.0,4.0,2.0,2540017139.0,12002902.0,三明市大田县,三明市大田县广平镇,16.0,20.4,0.0,2.1,38.5,28.522222222222222,31.99574468085106,44.672332730560576
福建省,三明市,大田县,桃源镇,117.575705,25.787761,1.0,0.0,0.0,4.0,14.0,3.0,0.0,0.0,0.0,0.0,0.0,0.0,0.0,0.0,0.0,0.0,0.0,0.0,0.0,0.0,0.0,0.0,0.0,0.0,0.0,1.0,0.0,0.0,0.0,0.0,0.0,0.0,0.0,3.0,8.0,2.0,1.0,0.0,0.0,4.0,7.0,3.0,0.0,0.0,0.0,0.0,0.0,0.0,0.0,0.0,0.0,0.0,0.0,0.0,0.0,0.0,0.0,0.0,0.0,0.0,0.0,1.0,0.0,0.0,0.0,0.0,0.0,0.0,0.0,2.0,6.0,1.0,8218906453.0,-1.0,三明市大田县,三明市大田县桃源镇,8.0,17.9,0.0,1.0,26.9,28.522222222222222,31.99574468085106,44.672332730560576
福建省,三明市,大田县,太华镇,117.7196121,25.8182866,0.0,5.0,0.0,6.0,23.0,2.0,0.0,0.0,0.0,1.0,0.0,0.0,0.0,0.0,0.0,0.0,0.0,0.0,0.0,0.0,1.0,0.0,0.0,0.0,0.0,1.0,27.0,0.0,8.0,2.0,0.0,6.0,0.0,1.0,5.0,5.0,0.0,5.0,0.0,6.0,19.0,0.0,0.0,0.0,0.0,1.0,0.0,0.0,0.0,0.0,0.0,0.0,0.0,0.0,0.0,0.0,1.0,0.0,0.0,0.0,0.0,1.0,14.0,0.0,1.0,0.0,0.0,6.0,0.0,1.0,4.0,5.0,8218906454.0,-1.0,三明市大田县,三明市大田县太华镇,8.0,24.5,0.0,6.8,39.3,28.522222222222222,31.99574468085106,44.672332730560576
福建省,三明市,大田县,建设镇,117.7851259,25.9831976,0.0,2.0,0.0,4.0,22.0,3.0,0.0,0.0,0.0,0.0,1.0,0.0,0.0,0.0,0.0,0.0,0.0,0.0,0.0,0.0,0.0,0.0,0.0,0.0,0.0,2.0,5.0,0.0,0.0,1.0,0.0,3.0,0.0,5.0,7.0,4.0,0.0,1.0,0.0,2.0,5.0,1.0,0.0,0.0,0.0,0.0,1.0,0.0,0.0,0.0,0.0,0.0,0.0,0.0,0.0,0.0,0.0,0.0,0.0,0.0,0.0,1.0,1.0,0.0,0.0,1.0,0.0,0.0,0.0,4.0,5.0,2.0,4797681655.0,-1.0,三明市大田县,三明市大田县建设镇,9.0,20.4,0.0,2.8,32.199999999999996,28.522222222222222,31.99574468085106,44.672332730560576
福建省,三明市,大田县,奇韬镇,117.8659602,26.056419,5.0,0.0,5.0,6.0,20.0,2.0,0.0,3.0,0.0,0.0,0.0,0.0,0.0,0.0,0.0,0.0,0.0,0.0,0.0,0.0,1.0,0.0,2.0,0.0,0.0,1.0,0.0,0.0,0.0,0.0,0.0,0.0,0.0,2.0,8.0,4.0,3.0,0.0,3.0,6.0,19.0,0.0,0.0,3.0,0.0,0.0,0.0,0.0,0.0,0.0,0.0,0.0,0.0,0.0,0.0,0.0,0.0,0.0,0.0,0.0,0.0,1.0,0.0,0.0,0.0,0.0,0.0,0.0,0.0,1.0,7.0,2.0,8218906450.0,12002901.0,三明市大田县,三明市大田县奇韬镇,16.0,23.7,0.0,2.0,41.7,28.522222222222222,31.99574468085106,44.672332730560576
福建省,三明市,大田县,华兴镇,117.8832529,25.6924599,0.0,0.0,12.0,4.0,17.0,3.0,0.0,1.0,0.0,0.0,0.0,0.0,0.0,0.0,0.0,0.0,0.0,0.0,0.0,0.0,6.0,0.0,1.0,0.0,0.0,1.0,0.0,0.0,0.0,1.0,0.0,1.0,0.0,1.0,7.0,6.0,0.0,0.0,2.0,0.0,5.0,3.0,0.0,0.0,0.0,0.0,0.0,0.0,0.0,0.0,0.0,0.0,0.0,0.0,0.0,0.0,2.0,0.0,0.0,0.0,0.0,1.0,0.0,0.0,0.0,1.0,0.0,0.0,0.0,1.0,4.0,3.0,3473162151.0,-1.0,三明市大田县,三明市大田县华兴镇,8.0,17.4,0.0,3.2,28.599999999999998,28.522222222222222,31.99574468085106,44.672332730560576
福建省,三明市,大田县,吴山镇,117.8993409,25.5370852,2.0,0.0,3.0,1.0,11.0,4.0,0.0,0.0,0.0,0.0,2.0,0.0,0.0,0.0,0.0,0.0,0.0,0.0,0.0,0.0,4.0,0.0,3.0,0.0,0.0,1.0,2.0,0.0,0.0,0.0,0.0,0.0,0.0,3.0,10.0,5.0,1.0,0.0,0.0,0.0,1.0,0.0,0.0,0.0,0.0,0.0,0.0,0.0,0.0,0.0,0.0,0.0,0.0,0.0,0.0,0.0,0.0,0.0,0.0,0.0,0.0,1.0,0.0,0.0,0.0,0.0,0.0,0.0,0.0,2.0,2.0,1.0,8218906458.0,-1.0,三明市大田县,三明市大田县吴山镇,8.0,14.5,0.0,2.7,25.2,28.522222222222222,31.99574468085106,44.672332730560576
福建省,三明市,大田县,文江镇,117.867222,25.989966,10.0,0.0,0.0,6.0,1.0,0.0,0.0,0.0,0.0,0.0,0.0,0.0,0.0,0.0,0.0,0.0,0.0,0.0,0.0,0.0,3.0,0.0,0.0,0.0,0.0,1.0,0.0,0.0,0.0,0.0,0.0,0.0,0.0,5.0,4.0,4.0,4.0,0.0,0.0,3.0,1.0,0.0,0.0,0.0,0.0,0.0,0.0,0.0,0.0,0.0,0.0,0.0,0.0,0.0,0.0,0.0,3.0,0.0,0.0,0.0,0.0,1.0,0.0,0.0,0.0,0.0,0.0,0.0,0.0,1.0,3.0,4.0,8218906452.0,-1.0,三明市大田县,三明市大田县文江镇,8.0,12.5,0.0,2.0,22.5,28.522222222222222,31.99574468085106,44.672332730560576
福建省,三明市,大田县,梅山镇,117.9198856,25.9553293,7.0,0.0,3.0,2.0,10.0,0.0,0.0,3.0,0.0,0.0,0.0,0.0,0.0,0.0,0.0,0.0,0.0,0.0,0.0,0.0,0.0,0.0,1.0,0.0,0.0,3.0,0.0,0.0,0.0,1.0,0.0,0.0,0.0,3.0,5.0,3.0,2.0,0.0,1.0,1.0,6.0,0.0,0.0,0.0,0.0,0.0,0.0,0.0,0.0,0.0,0.0,0.0,0.0,0.0,0.0,0.0,0.0,0.0,0.0,0.0,0.0,2.0,0.0,0.0,0.0,0.0,0.0,0.0,0.0,1.0,4.0,1.0,4472892287.0,-1.0,三明市大田县,三明市大田县梅山镇,10.0,13.3,0.0,1.6,24.900000000000002,28.522222222222222,31.99574468085106,44.672332730560576
福建省,三明市,大田县,屏山乡,117.8946591,25.5950786,0.0,0.0,4.0,1.0,11.0,0.0,0.0,0.0,0.0,1.0,0.0,0.0,0.0,0.0,0.0,0.0,0.0,0.0,0.0,0.0,0.0,0.0,1.0,0.0,0.0,1.0,0.0,0.0,0.0,0.0,0.0,0.0,0.0,1.0,5.0,2.0,0.0,0.0,2.0,1.0,6.0,0.0,0.0,0.0,0.0,0.0,0.0,0.0,0.0,0.0,0.0,0.0,0.0,0.0,0.0,0.0,0.0,0.0,0.0,0.0,0.0,1.0,0.0,0.0,0.0,0.0,0.0,0.0,0.0,1.0,4.0,1.0,8218906459.0,-1.0,三明市大田县,三明市大田县屏山乡,8.0,14.5,0.0,1.0,23.5,28.522222222222222,31.99574468085106,44.672332730560576
福建省,三明市,大田县,济阳乡,117.958426,25.540756,4.0,0.0,0.0,1.0,1.0,0.0,0.0,0.0,0.0,0.0,1.0,0.0,0.0,0.0,0.0,0.0,0.0,0.0,0.0,0.0,0.0,0.0,0.0,0.0,0.0,1.0,1.0,0.0,0.0,0.0,0.0,0.0,0.0,7.0,4.0,1.0,0.0,0.0,0.0,1.0,1.0,0.0,0.0,0.0,0.0,0.0,0.0,0.0,0.0,0.0,0.0,0.0,0.0,0.0,0.0,0.0,0.0,0.0,0.0,0.0,0.0,1.0,0.0,0.0,0.0,0.0,0.0,0.0,0.0,1.0,2.0,1.0,8218906456.0,-1.0,三明市大田县,三明市大田县济阳乡,8.0,10.5,0.0,0.6,19.1,28.522222222222222,31.99574468085106,44.672332730560576
福建省,三明市,大田县,武陵乡,117.7142377,25.6314212,5.0,0.0,0.0,1.0,9.0,0.0,0.0,0.0,0.0,0.0,0.0,0.0,0.0,0.0,0.0,0.0,0.0,0.0,0.0,0.0,3.0,0.0,0.0,0.0,0.0,1.0,0.0,0.0,0.0,0.0,0.0,0.0,0.0,5.0,3.0,3.0,3.0,0.0,0.0,1.0,9.0,0.0,0.0,0.0,0.0,0.0,0.0,0.0,0.0,0.0,0.0,0.0,0.0,0.0,0.0,0.0,1.0,0.0,0.0,0.0,0.0,1.0,0.0,0.0,0.0,0.0,0.0,0.0,0.0,1.0,3.0,2.0,8208302277.0,-1.0,三明市大田县,三明市大田县武陵乡,8.0,12.0,0.0,1.5,21.5,28.522222222222222,31.99574468085106,44.672332730560576
福建省,三明市,大田县,谢洋乡,117.7550349,25.5529105,0.0,0.0,1.0,0.0,8.0,0.0,0.0,0.0,0.0,0.0,0.0,0.0,0.0,0.0,0.0,0.0,0.0,0.0,0.0,0.0,1.0,0.0,0.0,0.0,0.0,1.0,0.0,0.0,0.0,0.0,0.0,0.0,0.0,5.0,3.0,2.0,0.0,0.0,1.0,0.0,8.0,0.0,0.0,0.0,0.0,0.0,0.0,0.0,0.0,0.0,0.0,0.0,0.0,0.0,0.0,0.0,1.0,0.0,0.0,0.0,0.0,1.0,0.0,0.0,0.0,0.0,0.0,0.0,0.0,1.0,3.0,2.0,8218906457.0,-1.0,三明市大田县,三明市大田县谢洋乡,8.0,10.5,0.0,1.0,19.5,28.522222222222222,31.99574468085106,44.672332730560576
福建省,三明市,大田县,湖美乡,117.9286201,25.8031715,21.0,0.0,9.0,0.0,16.0,0.0,0.0,0.0,0.0,0.0,0.0,0.0,0.0,0.0,0.0,0.0,0.0,0.0,0.0,0.0,0.0,0.0,0.0,0.0,0.0,1.0,0.0,0.0,0.0,0.0,0.0,0.0,0.0,2.0,4.0,3.0,5.0,0.0,5.0,0.0,15.0,0.0,0.0,0.0,0.0,0.0,0.0,0.0,0.0,0.0,0.0,0.0,0.0,0.0,0.0,0.0,0.0,0.0,0.0,0.0,0.0,1.0,0.0,0.0,0.0,0.0,0.0,0.0,0.0,1.0,4.0,2.0,8218906449.0,-1.0,三明市大田县,三明市大田县湖美乡,8.0,14.7,0.0,1.5,24.2,28.522222222222222,31.99574468085106,44.672332730560576
福建省,三明市,大田县,前坪乡,117.863205,25.842876,0.0,0.0,8.0,0.0,5.0,0.0,0.0,0.0,0.0,0.0,0.0,0.0,0.0,0.0,0.0,0.0,0.0,0.0,0.0,0.0,1.0,0.0,0.0,0.0,0.0,1.0,0.0,0.0,0.0,0.0,0.0,0.0,0.0,1.0,3.0,2.0,0.0,0.0,7.0,0.0,5.0,0.0,0.0,0.0,0.0,0.0,0.0,0.0,0.0,0.0,0.0,0.0,0.0,0.0,0.0,0.0,1.0,0.0,0.0,0.0,0.0,1.0,0.0,0.0,0.0,0.0,0.0,0.0,0.0,1.0,3.0,1.0,8218906451.0,-1.0,三明市大田县,三明市大田县前坪乡,8.0,9.0,0.0,1.0,18.0,28.522222222222222,31.99574468085106,44.672332730560576
福建省,三明市,尤溪县,城关镇,118.1838959,26.1727952,18.0,2.0,21.0,32.0,42.0,5.0,0.0,23.0,0.0,0.0,0.0,1.0,0.0,0.0,4.0,4.0,0.0,0.0,0.0,0.0,1.0,0.0,0.0,0.0,0.0,2.0,90.0,0.0,1.0,0.0,0.0,26.0,0.0,3.0,13.0,5.0,11.0,0.0,1.0,9.0,19.0,1.0,0.0,13.0,0.0,0.0,0.0,1.0,0.0,0.0,3.0,3.0,0.0,0.0,0.0,0.0,0.0,0.0,0.0,0.0,0.0,2.0,62.0,0.0,1.0,0.0,0.0,21.0,0.0,2.0,8.0,4.0,5099819364.0,-1.0,三明市尤溪县,三明市尤溪县城关镇,9.0,24.0,10.0,17.700000000000003,60.7,28.42,31.99574468085106,44.672332730560576
福建省,三明市,尤溪县,梅仙镇,118.248472,26.2395524,3.0,0.0,0.0,11.0,20.0,0.0,0.0,0.0,0.0,0.0,0.0,0.0,0.0,0.0,0.0,0.0,0.0,0.0,0.0,0.0,4.0,0.0,1.0,0.0,0.0,6.0,0.0,0.0,0.0,0.0,0.0,0.0,0.0,1.0,4.0,5.0,1.0,0.0,0.0,7.0,5.0,0.0,0.0,0.0,0.0,0.0,0.0,0.0,0.0,0.0,0.0,0.0,0.0,0.0,0.0,0.0,1.0,0.0,0.0,0.0,0.0,2.0,0.0,0.0,0.0,0.0,0.0,0.0,0.0,1.0,3.0,3.0,2115024088.0,-1.0,三明市尤溪县,三明市尤溪县梅仙镇,12.0,17.5,0.0,2.5,32.0,28.42,31.99574468085106,44.672332730560576
福建省,三明市,尤溪县,西滨镇,118.3847317,26.3665978,3.0,0.0,12.0,11.0,42.0,2.0,0.0,3.0,0.0,0.0,0.0,0.0,0.0,0.0,0.0,0.0,0.0,0.0,0.0,0.0,3.0,0.0,8.0,0.0,0.0,1.0,0.0,0.0,0.0,0.0,0.0,0.0,0.0,1.0,7.0,5.0,1.0,0.0,12.0,7.0,33.0,1.0,0.0,3.0,0.0,0.0,0.0,0.0,0.0,0.0,0.0,0.0,0.0,0.0,0.0,0.0,2.0,0.0,2.0,0.0,0.0,1.0,0.0,0.0,0.0,0.0,0.0,0.0,0.0,1.0,7.0,5.0,4493825539.0,-1.0,三明市尤溪县,三明市尤溪县西滨镇,8.0,23.5,0.0,2.5,34.0,28.42,31.99574468085106,44.672332730560576
福建省,三明市,尤溪县,洋中镇,118.4727953,26.2767729,0.0,0.0,9.0,11.0,0.0,0.0,0.0,0.0,0.0,0.0,0.0,0.0,0.0,0.0,0.0,0.0,0.0,0.0,0.0,0.0,4.0,0.0,0.0,0.0,0.0,1.0,0.0,0.0,0.0,0.0,0.0,0.0,0.0,2.0,5.0,4.0,0.0,0.0,8.0,7.0,0.0,0.0,0.0,0.0,0.0,0.0,0.0,0.0,0.0,0.0,0.0,0.0,0.0,0.0,0.0,0.0,2.0,0.0,0.0,0.0,0.0,1.0,0.0,0.0,0.0,0.0,0.0,0.0,0.0,2.0,4.0,3.0,4493824804.0,-1.0,三明市尤溪县,三明市尤溪县洋中镇,8.0,12.5,0.0,2.0,22.5,28.42,31.99574468085106,44.672332730560576
福建省,三明市,尤溪县,新阳镇,117.94488,26.051195,9.0,0.0,0.0,3.0,15.0,1.0,0.0,0.0,0.0,0.0,0.0,0.0,0.0,0.0,0.0,0.0,0.0,0.0,0.0,0.0,0.0,0.0,1.0,0.0,0.0,4.0,0.0,0.0,0.0,0.0,0.0,0.0,0.0,1.0,5.0,3.0,5.0,0.0,0.0,0.0,12.0,1.0,0.0,0.0,0.0,0.0,0.0,0.0,0.0,0.0,0.0,0.0,0.0,0.0,0.0,0.0,0.0,0.0,0.0,0.0,0.0,4.0,0.0,0.0,0.0,0.0,0.0,0.0,0.0,1.0,4.0,1.0,8220124745.0,-1.0,三明市尤溪县,三明市尤溪县新阳镇,11.0,17.1,0.0,1.5,29.6,28.42,31.99574468085106,44.672332730560576
福建省,三明市,尤溪县,管前镇,117.9597194,26.1781038,0.0,2.0,0.0,4.0,8.0,0.0,0.0,0.0,0.0,0.0,0.0,0.0,0.0,0.0,0.0,0.0,0.0,0.0,0.0,0.0,1.0,0.0,4.0,0.0,0.0,2.0,0.0,0.0,0.0,0.0,0.0,0.0,0.0,1.0,4.0,5.0,0.0,2.0,0.0,2.0,8.0,0.0,0.0,0.0,0.0,0.0,0.0,0.0,0.0,0.0,0.0,0.0,0.0,0.0,0.0,0.0,1.0,0.0,2.0,0.0,0.0,1.0,0.0,0.0,0.0,0.0,0.0,0.0,0.0,1.0,4.0,4.0,2181895294.0,-1.0,三明市尤溪县,三明市尤溪县管前镇,9.0,15.0,0.0,2.5,26.5,28.42,31.99574468085106,44.672332730560576
福建省,三明市,尤溪县,西城镇,118.1489057,26.1636972,13.0,5.0,15.0,38.0,49.0,14.0,0.0,3.0,0.0,0.0,0.0,0.0,0.0,0.0,1.0,1.0,0.0,0.0,0.0,0.0,3.0,0.0,1.0,0.0,0.0,1.0,28.0,0.0,0.0,0.0,0.0,6.0,0.0,3.0,10.0,7.0,11.0,2.0,2.0,2.0,28.0,0.0,0.0,0.0,0.0,0.0,0.0,0.0,0.0,0.0,0.0,0.0,0.0,0.0,0.0,0.0,2.0,0.0,0.0,0.0,0.0,1.0,0.0,0.0,0.0,0.0,0.0,0.0,0.0,2.0,6.0,4.0,4579560366.0,-1.0,三明市尤溪县,三明市尤溪县西城镇,8.0,24.0,0.0,6.300000000000001,38.3,28.42,31.99574468085106,44.672332730560576
福建省,三明市,尤溪县,尤溪口镇,118.443895,26.398116,6.0,0.0,0.0,1.0,3.0,0.0,0.0,0.0,0.0,0.0,0.0,0.0,0.0,0.0,0.0,0.0,0.0,0.0,0.0,0.0,5.0,0.0,0.0,0.0,0.0,1.0,0.0,0.0,0.0,0.0,0.0,0.0,0.0,7.0,3.0,4.0,3.0,0.0,0.0,1.0,3.0,0.0,0.0,0.0,0.0,0.0,0.0,0.0,0.0,0.0,0.0,0.0,0.0,0.0,0.0,0.0,5.0,0.0,0.0,0.0,0.0,1.0,0.0,0.0,0.0,0.0,0.0,0.0,0.0,2.0,3.0,3.0,8244728744.0,12042394.0,三明市尤溪县,三明市尤溪县尤溪口镇,16.0,9.0,0.0,2.0,27.0,28.42,31.99574468085106,44.672332730560576
福建省,三明市,尤溪县,坂面镇,118.1223379,26.0348435,1.0,3.0,10.0,1.0,0.0,0.0,0.0,0.0,0.0,0.0,0.0,0.0,0.0,0.0,0.0,0.0,0.0,0.0,0.0,0.0,2.0,0.0,0.0,0.0,0.0,1.0,0.0,0.0,0.0,0.0,0.0,0.0,0.0,2.0,4.0,4.0,0.0,1.0,5.0,1.0,0.0,0.0,0.0,0.0,0.0,0.0,0.0,0.0,0.0,0.0,0.0,0.0,0.0,0.0,0.0,0.0,2.0,0.0,0.0,0.0,0.0,1.0,0.0,0.0,0.0,0.0,0.0,0.0,0.0,1.0,3.0,3.0,4499433733.0,-1.0,三明市尤溪县,三明市尤溪县坂面镇,8.0,8.0,0.0,2.0,18.0,28.42,31.99574468085106,44.672332730560576
福建省,三明市,尤溪县,联合镇,118.2277684,26.3734283,0.0,0.0,5.0,1.0,26.0,0.0,0.0,0.0,0.0,0.0,0.0,0.0,0.0,0.0,0.0,0.0,0.0,0.0,0.0,0.0,0.0,0.0,0.0,0.0,0.0,6.0,0.0,0.0,0.0,0.0,0.0,1.0,0.0,3.0,6.0,5.0,0.0,0.0,4.0,0.0,16.0,0.0,0.0,0.0,0.0,0.0,0.0,0.0,0.0,0.0,0.0,0.0,0.0,0.0,0.0,0.0,0.0,0.0,0.0,0.0,0.0,3.0,0.0,0.0,0.0,0.0,0.0,1.0,0.0,1.0,4.0,4.0,4540826251.0,-1.0,三明市尤溪县,三明市尤溪县联合镇,12.0,19.0,0.0,2.5,33.5,28.42,31.99574468085106,44.672332730560576
福建省,三明市,尤溪县,中仙镇,118.369889,25.950907,0.0,0.0,0.0,8.0,1.0,0.0,0.0,0.0,0.0,0.0,0.0,0.0,0.0,0.0,0.0,0.0,0.0,0.0,0.0,0.0,0.0,0.0,0.0,0.0,0.0,2.0,0.0,0.0,0.0,0.0,0.0,0.0,0.0,7.0,6.0,1.0,0.0,0.0,0.0,3.0,1.0,0.0,0.0,0.0,0.0,0.0,0.0,0.0,0.0,0.0,0.0,0.0,0.0,0.0,0.0,0.0,0.0,0.0,0.0,0.0,0.0,1.0,0.0,0.0,0.0,0.0,0.0,0.0,0.0,3.0,3.0,1.0,2494977621.0,-1.0,三明市尤溪县,三明市尤溪县中仙镇,9.0,8.5,0.0,0.5,18.0,28.42,31.99574468085106,44.672332730560576
福建省,三明市,尤溪县,汤川乡,118.4304817,26.1165529,0.0,0.0,1.0,6.0,57.0,0.0,0.0,0.0,0.0,0.0,0.0,0.0,0.0,0.0,1.0,1.0,0.0,0.0,0.0,0.0,0.0,0.0,0.0,0.0,0.0,2.0,0.0,0.0,0.0,0.0,0.0,1.0,0.0,1.0,3.0,3.0,0.0,0.0,1.0,3.0,36.0,0.0,0.0,0.0,0.0,0.0,0.0,0.0,0.0,0.0,1.0,1.0,0.0,0.0,0.0,0.0,0.0,0.0,0.0,0.0,0.0,1.0,0.0,0.0,0.0,0.0,0.0,1.0,0.0,1.0,3.0,2.0,3616726498.0,-1.0,三明市尤溪县,三明市尤溪县汤川乡,9.0,21.5,5.0,1.5,37.0,28.42,31.99574468085106,44.672332730560576
福建省,三明市,尤溪县,溪尾乡,118.374263,26.189813,0.0,0.0,4.0,0.0,3.0,0.0,0.0,0.0,0.0,0.0,0.0,0.0,0.0,0.0,0.0,0.0,0.0,0.0,0.0,0.0,0.0,0.0,0.0,0.0,0.0,1.0,0.0,0.0,0.0,0.0,0.0,2.0,0.0,1.0,2.0,3.0,0.0,0.0,2.0,0.0,3.0,0.0,0.0,0.0,0.0,0.0,0.0,0.0,0.0,0.0,0.0,0.0,0.0,0.0,0.0,0.0,0.0,0.0,0.0,0.0,0.0,1.0,0.0,0.0,0.0,0.0,0.0,2.0,0.0,1.0,2.0,3.0,4579560368.0,-1.0,三明市尤溪县,三明市尤溪县溪尾乡,8.0,7.5,0.0,1.5,17.0,28.42,31.99574468085106,44.672332730560576
福建省,三明市,尤溪县,台溪乡,118.2482187,26.1027506,0.0,0.0,2.0,2.0,0.0,0.0,0.0,0.0,0.0,0.0,0.0,0.0,0.0,0.0,0.0,0.0,0.0,0.0,0.0,0.0,1.0,0.0,0.0,0.0,0.0,1.0,0.0,0.0,0.0,0.0,0.0,0.0,0.0,1.0,2.0,2.0,0.0,0.0,2.0,1.0,0.0,0.0,0.0,0.0,0.0,0.0,0.0,0.0,0.0,0.0,0.0,0.0,0.0,0.0,0.0,0.0,1.0,0.0,0.0,0.0,0.0,1.0,0.0,0.0,0.0,0.0,0.0,0.0,0.0,1.0,2.0,2.0,8221932835.0,-1.0,三明市尤溪县,三明市尤溪县台溪乡,8.0,8.0,0.0,1.0,17.0,28.42,31.99574468085106,44.672332730560576
福建省,三明市,尤溪县,八字桥乡,117.8490254,26.1874475,0.0,2.0,0.0,0.0,1.0,0.0,0.0,0.0,0.0,0.0,0.0,0.0,0.0,0.0,0.0,0.0,0.0,0.0,0.0,0.0,1.0,0.0,0.0,0.0,0.0,1.0,0.0,0.0,0.0,0.0,0.0,0.0,0.0,4.0,2.0,2.0,0.0,1.0,0.0,0.0,0.0,0.0,0.0,0.0,0.0,0.0,0.0,0.0,0.0,0.0,0.0,0.0,0.0,0.0,0.0,0.0,1.0,0.0,0.0,0.0,0.0,1.0,0.0,0.0,0.0,0.0,0.0,0.0,0.0,1.0,1.0,2.0,2540017050.0,-1.0,三明市尤溪县,三明市尤溪县八字桥乡,8.0,6.2,0.0,1.0,15.2,28.42,31.99574468085106,44.672332730560576
福建省,三明市,将乐县,古镛镇,117.4672481,26.730564,0.0,18.0,42.0,66.0,127.0,13.0,0.0,15.0,193.0,3.0,6.0,13.0,3.0,3.0,7.0,13.0,8.0,0.0,1.0,6.0,30.0,4.0,9.0,0.0,0.0,16.0,35.0,0.0,0.0,7.0,0.0,21.0,7.0,4.0,14.0,12.0,0.0,6.0,25.0,44.0,65.0,1.0,0.0,13.0,78.0,0.0,0.0,5.0,0.0,0.0,4.0,7.0,0.0,0.0,1.0,1.0,4.0,2.0,0.0,0.0,0.0,5.0,6.0,0.0,0.0,0.0,0.0,4.0,1.0,3.0,12.0,9.0,4253773072.0,-1.0,三明市将乐县,三明市将乐县古镛镇,12.0,30.0,13.0,8.8,63.8,30.069230769230767,31.99574468085106,44.672332730560576
福建省,三明市,将乐县,万安镇,117.42667,26.892709,1.0,0.0,0.0,0.0,4.0,0.0,0.0,0.0,0.0,0.0,0.0,0.0,0.0,0.0,0.0,0.0,0.0,0.0,0.0,0.0,8.0,0.0,0.0,0.0,0.0,1.0,0.0,0.0,0.0,0.0,0.0,0.0,0.0,2.0,5.0,2.0,1.0,0.0,0.0,0.0,4.0,0.0,0.0,0.0,0.0,0.0,0.0,0.0,0.0,0.0,0.0,0.0,0.0,0.0,0.0,0.0,3.0,0.0,0.0,0.0,0.0,1.0,0.0,0.0,0.0,0.0,0.0,0.0,0.0,2.0,5.0,2.0,4254073201.0,-1.0,三明市将乐县,三明市将乐县万安镇,8.0,9.5,0.0,1.0,18.5,30.069230769230767,31.99574468085106,44.672332730560576
福建省,三明市,将乐县,高唐镇,117.5907432,26.8044526,5.0,0.0,0.0,5.0,5.0,0.0,0.0,0.0,0.0,0.0,0.0,0.0,0.0,0.0,0.0,0.0,0.0,0.0,0.0,0.0,8.0,0.0,0.0,0.0,0.0,1.0,1.0,0.0,0.0,0.0,0.0,0.0,0.0,1.0,5.0,3.0,1.0,0.0,0.0,4.0,2.0,0.0,0.0,0.0,0.0,0.0,0.0,0.0,0.0,0.0,0.0,0.0,0.0,0.0,0.0,0.0,5.0,0.0,0.0,0.0,0.0,1.0,0.0,0.0,0.0,0.0,0.0,0.0,0.0,1.0,4.0,3.0,4253299934.0,-1.0,三明市将乐县,三明市将乐县高唐镇,8.0,14.1,0.0,1.6,23.700000000000003,30.069230769230767,31.99574468085106,44.672332730560576
福建省,三明市,将乐县,白莲镇,117.3807055,26.5157184,0.0,10.0,0.0,4.0,3.0,0.0,0.0,0.0,0.0,0.0,0.0,0.0,0.0,0.0,1.0,1.0,0.0,0.0,0.0,0.0,22.0,0.0,0.0,0.0,0.0,1.0,0.0,0.0,0.0,0.0,0.0,0.0,0.0,1.0,3.0,2.0,0.0,8.0,0.0,4.0,3.0,0.0,0.0,0.0,0.0,0.0,0.0,0.0,0.0,0.0,1.0,1.0,0.0,0.0,0.0,0.0,5.0,0.0,0.0,0.0,0.0,1.0,0.0,0.0,0.0,0.0,0.0,0.0,0.0,1.0,3.0,2.0,2540017042.0,-1.0,三明市将乐县,三明市将乐县白莲镇,8.0,12.0,5.0,1.0,26.0,30.069230769230767,31.99574468085106,44.672332730560576
福建省,三明市,将乐县,黄潭镇,117.320478,26.677123,0.0,0.0,3.0,0.0,7.0,0.0,0.0,0.0,0.0,0.0,0.0,0.0,0.0,0.0,0.0,0.0,0.0,0.0,0.0,0.0,8.0,0.0,0.0,0.0,0.0,1.0,2.0,0.0,0.0,0.0,0.0,1.0,0.0,1.0,3.0,4.0,0.0,0.0,3.0,0.0,4.0,0.0,0.0,0.0,0.0,0.0,0.0,0.0,0.0,0.0,0.0,0.0,0.0,0.0,0.0,0.0,3.0,0.0,0.0,0.0,0.0,1.0,0.0,0.0,0.0,0.0,0.0,1.0,0.0,1.0,3.0,4.0,2539776727.0,-1.0,三明市将乐县,三明市将乐县黄潭镇,8.0,9.1,0.0,2.2,19.3,30.069230769230767,31.99574468085106,44.672332730560576
福建省,三明市,将乐县,水南镇,117.4717318,26.7194988,0.0,19.0,42.0,68.0,126.0,35.0,0.0,15.0,197.0,4.0,6.0,13.0,3.0,3.0,7.0,13.0,9.0,0.0,1.0,6.0,28.0,4.0,6.0,0.0,0.0,16.0,39.0,0.0,0.0,8.0,0.0,21.0,7.0,5.0,14.0,13.0,0.0,7.0,28.0,18.0,56.0,8.0,0.0,0.0,75.0,2.0,1.0,9.0,2.0,2.0,1.0,3.0,7.0,0.0,1.0,4.0,14.0,2.0,0.0,0.0,0.0,8.0,11.0,0.0,0.0,0.0,0.0,6.0,5.0,2.0,10.0,9.0,4253773074.0,12014257.0,三明市将乐县,三明市将乐县水南镇,20.0,30.0,26.0,9.8,85.8,30.069230769230767,31.99574468085106,44.672332730560576
福建省,三明市,将乐县,光明镇,117.3937711,26.7942907,0.0,0.0,2.0,2.0,14.0,0.0,0.0,0.0,0.0,0.0,0.0,0.0,0.0,0.0,0.0,0.0,0.0,0.0,0.0,0.0,1.0,0.0,0.0,0.0,0.0,1.0,0.0,0.0,0.0,0.0,0.0,0.0,0.0,2.0,5.0,3.0,0.0,0.0,1.0,1.0,11.0,0.0,0.0,0.0,0.0,0.0,0.0,0.0,0.0,0.0,0.0,0.0,0.0,0.0,0.0,0.0,1.0,0.0,0.0,0.0,0.0,1.0,0.0,0.0,0.0,0.0,0.0,0.0,0.0,2.0,5.0,3.0,4253799333.0,-1.0,三明市将乐县,三明市将乐县光明镇,8.0,15.6,0.0,1.5,25.1,30.069230769230767,31.99574468085106,44.672332730560576
福建省,三明市,将乐县,南口镇,117.418433,26.626159,0.0,5.0,5.0,12.0,9.0,0.0,0.0,0.0,0.0,0.0,0.0,0.0,0.0,0.0,0.0,0.0,0.0,0.0,0.0,0.0,10.0,0.0,1.0,0.0,0.0,5.0,0.0,0.0,0.0,0.0,0.0,1.0,0.0,1.0,5.0,6.0,0.0,5.0,1.0,10.0,4.0,0.0,0.0,0.0,0.0,0.0,0.0,0.0,0.0,0.0,0.0,0.0,0.0,0.0,0.0,0.0,5.0,0.0,0.0,0.0,0.0,1.0,0.0,0.0,0.0,0.0,0.0,1.0,0.0,1.0,4.0,3.0,8225154520.0,-1.0,三明市将乐县,三明市将乐县南口镇,12.0,15.5,0.0,3.0,30.5,30.069230769230767,31.99574468085106,44.672332730560576
福建省,三明市,将乐县,漠源乡,117.5494995,26.679693,0.0,6.0,0.0,12.0,13.0,0.0,0.0,0.0,0.0,0.0,0.0,0.0,0.0,0.0,0.0,0.0,0.0,0.0,0.0,0.0,10.0,0.0,0.0,0.0,0.0,3.0,0.0,0.0,0.0,0.0,0.0,0.0,0.0,2.0,4.0,4.0,0.0,3.0,0.0,9.0,11.0,0.0,0.0,0.0,0.0,0.0,0.0,0.0,0.0,0.0,0.0,0.0,0.0,0.0,0.0,0.0,7.0,0.0,0.0,0.0,0.0,1.0,0.0,0.0,0.0,0.0,0.0,0.0,0.0,2.0,4.0,3.0,2540017189.0,-1.0,三明市将乐县,三明市将乐县漠源乡,10.0,17.9,0.0,2.0,29.9,30.069230769230767,31.99574468085106,44.672332730560576
福建省,三明市,将乐县,万全乡,117.1852001,26.6745529,0.0,0.0,1.0,0.0,4.0,0.0,0.0,0.0,0.0,0.0,0.0,0.0,0.0,0.0,0.0,0.0,0.0,0.0,0.0,0.0,2.0,0.0,0.0,0.0,0.0,1.0,1.0,0.0,0.0,0.0,0.0,0.0,0.0,4.0,2.0,3.0,0.0,0.0,1.0,0.0,3.0,0.0,0.0,0.0,0.0,0.0,0.0,0.0,0.0,0.0,0.0,0.0,0.0,0.0,0.0,0.0,1.0,0.0,0.0,0.0,0.0,1.0,0.0,0.0,0.0,0.0,0.0,0.0,0.0,1.0,2.0,3.0,2539776862.0,-1.0,三明市将乐县,三明市将乐县万全乡,8.0,7.7,0.0,1.6,17.3,30.069230769230767,31.99574468085106,44.672332730560576
福建省,三明市,将乐县,安仁乡,117.431656,26.969314,0.0,0.0,0.0,1.0,0.0,0.0,0.0,0.0,0.0,0.0,0.0,0.0,0.0,0.0,0.0,0.0,0.0,0.0,0.0,0.0,7.0,0.0,0.0,0.0,0.0,1.0,0.0,0.0,0.0,0.0,0.0,0.0,0.0,1.0,1.0,1.0,0.0,0.0,0.0,1.0,0.0,0.0,0.0,0.0,0.0,0.0,0.0,0.0,0.0,0.0,0.0,0.0,0.0,0.0,0.0,0.0,5.0,0.0,0.0,0.0,0.0,1.0,0.0,0.0,0.0,0.0,0.0,0.0,0.0,1.0,1.0,1.0,4254073197.0,-1.0,三明市将乐县,三明市将乐县安仁乡,8.0,1.5,0.0,0.5,10.0,30.069230769230767,31.99574468085106,44.672332730560576
福建省,三明市,将乐县,大源乡,117.373719,26.940198,3.0,0.0,0.0,2.0,0.0,0.0,0.0,0.0,0.0,0.0,0.0,0.0,0.0,0.0,0.0,0.0,0.0,0.0,0.0,0.0,4.0,0.0,0.0,0.0,0.0,1.0,0.0,0.0,0.0,0.0,0.0,0.0,0.0,2.0,3.0,2.0,1.0,0.0,0.0,1.0,0.0,0.0,0.0,0.0,0.0,0.0,0.0,0.0,0.0,0.0,0.0,0.0,0.0,0.0,0.0,0.0,2.0,0.0,0.0,0.0,0.0,1.0,0.0,0.0,0.0,0.0,0.0,0.0,0.0,1.0,2.0,1.0,2539776689.0,-1.0,三明市将乐县,三明市将乐县大源乡,8.0,8.5,0.0,1.0,17.5,30.069230769230767,31.99574468085106,44.672332730560576
福建省,三明市,将乐县,余坊乡,117.254815,26.902194,1.0,0.0,0.0,4.0,6.0,0.0,0.0,0.0,0.0,0.0,0.0,0.0,0.0,0.0,0.0,0.0,0.0,0.0,0.0,0.0,5.0,0.0,0.0,0.0,0.0,1.0,0.0,0.0,0.0,0.0,0.0,0.0,0.0,4.0,4.0,3.0,0.0,0.0,0.0,3.0,6.0,0.0,0.0,0.0,0.0,0.0,0.0,0.0,0.0,0.0,0.0,0.0,0.0,0.0,0.0,0.0,4.0,0.0,0.0,0.0,0.0,1.0,0.0,0.0,0.0,0.0,0.0,0.0,0.0,3.0,3.0,3.0,2539776887.0,-1.0,三明市将乐县,三明市将乐县余坊乡,8.0,14.0,0.0,1.5,23.5,30.069230769230767,31.99574468085106,44.672332730560576
福建省,三明市,泰宁县,杉城镇,117.1721984,26.902543,21.0,7.0,30.0,74.0,60.0,8.0,0.0,19.0,131.0,0.0,1.0,0.0,1.0,1.0,5.0,6.0,0.0,0.0,0.0,0.0,6.0,1.0,2.0,0.0,2.0,4.0,9.0,0.0,0.0,2.0,0.0,7.0,1.0,5.0,16.0,8.0,0.0,6.0,16.0,43.0,35.0,2.0,0.0,19.0,75.0,0.0,0.0,0.0,1.0,1.0,2.0,2.0,0.0,0.0,0.0,0.0,0.0,0.0,0.0,0.0,0.0,4.0,2.0,0.0,0.0,1.0,0.0,1.0,1.0,3.0,11.0,4.0,856969465.0,-1.0,三明市泰宁县,三明市泰宁县杉城镇,11.0,28.0,10.0,5.4,54.4,25.155555555555555,31.99574468085106,44.672332730560576
福建省,三明市,泰宁县,朱口镇,117.260883,26.9798621,0.0,3.0,5.0,10.0,3.0,0.0,0.0,0.0,0.0,0.0,0.0,0.0,0.0,0.0,0.0,0.0,0.0,0.0,0.0,0.0,12.0,0.0,0.0,0.0,0.0,1.0,0.0,0.0,0.0,1.0,0.0,2.0,0.0,6.0,8.0,4.0,0.0,3.0,3.0,5.0,2.0,0.0,0.0,0.0,0.0,0.0,0.0,0.0,0.0,0.0,0.0,0.0,0.0,0.0,0.0,0.0,2.0,0.0,0.0,0.0,0.0,1.0,0.0,0.0,0.0,0.0,0.0,2.0,0.0,3.0,5.0,3.0,856965864.0,12011707.0,三明市泰宁县,三明市泰宁县朱口镇,16.0,15.2,0.0,2.1,33.3,25.155555555555555,31.99574468085106,44.672332730560576
福建省,三明市,泰宁县,下渠镇,117.1585346,26.8239902,0.0,0.0,6.0,0.0,0.0,0.0,0.0,0.0,0.0,0.0,0.0,0.0,0.0,0.0,0.0,0.0,0.0,0.0,0.0,0.0,3.0,0.0,1.0,0.0,0.0,1.0,0.0,0.0,0.0,0.0,0.0,1.0,0.0,1.0,2.0,4.0,0.0,0.0,6.0,0.0,0.0,0.0,0.0,0.0,0.0,0.0,0.0,0.0,0.0,0.0,0.0,0.0,0.0,0.0,0.0,0.0,1.0,0.0,1.0,0.0,0.0,1.0,0.0,0.0,0.0,0.0,0.0,1.0,0.0,1.0,2.0,4.0,2539776878.0,-1.0,三明市泰宁县,三明市泰宁县下渠镇,8.0,6.0,0.0,2.0,16.0,25.155555555555555,31.99574468085106,44.672332730560576
福建省,三明市,泰宁县,新桥乡,117.099542,27.047467,0.0,0.0,4.0,0.0,2.0,0.0,0.0,0.0,0.0,0.0,0.0,0.0,0.0,0.0,0.0,0.0,0.0,0.0,0.0,0.0,0.0,0.0,0.0,0.0,0.0,1.0,0.0,0.0,0.0,0.0,0.0,0.0,0.0,2.0,2.0,2.0,0.0,0.0,1.0,0.0,2.0,0.0,0.0,0.0,0.0,0.0,0.0,0.0,0.0,0.0,0.0,0.0,0.0,0.0,0.0,0.0,0.0,0.0,0.0,0.0,0.0,1.0,0.0,0.0,0.0,0.0,0.0,0.0,0.0,1.0,2.0,0.0,8223565539.0,-1.0,三明市泰宁县,三明市泰宁县新桥乡,8.0,7.0,0.0,1.0,16.0,25.155555555555555,31.99574468085106,44.672332730560576
福建省,三明市,泰宁县,上青乡,117.168002,27.041951,0.0,0.0,1.0,1.0,0.0,0.0,0.0,0.0,0.0,0.0,0.0,0.0,0.0,0.0,0.0,0.0,0.0,0.0,0.0,0.0,0.0,0.0,0.0,0.0,0.0,1.0,0.0,0.0,0.0,0.0,0.0,0.0,0.0,1.0,2.0,1.0,0.0,0.0,1.0,1.0,0.0,0.0,0.0,0.0,0.0,0.0,0.0,0.0,0.0,0.0,0.0,0.0,0.0,0.0,0.0,0.0,0.0,0.0,0.0,0.0,0.0,1.0,0.0,0.0,0.0,0.0,0.0,0.0,0.0,1.0,2.0,0.0,8223565540.0,-1.0,三明市泰宁县,三明市泰宁县上青乡,8.0,7.0,0.0,0.5,15.5,25.155555555555555,31.99574468085106,44.672332730560576
福建省,三明市,泰宁县,大田乡,116.999895,26.928642,5.0,0.0,1.0,8.0,10.0,0.0,0.0,0.0,0.0,0.0,0.0,0.0,0.0,0.0,0.0,0.0,0.0,0.0,0.0,0.0,8.0,0.0,1.0,0.0,0.0,1.0,0.0,0.0,0.0,0.0,0.0,0.0,0.0,3.0,8.0,4.0,3.0,0.0,0.0,8.0,10.0,0.0,0.0,0.0,0.0,0.0,0.0,0.0,0.0,0.0,0.0,0.0,0.0,0.0,0.0,0.0,3.0,0.0,1.0,0.0,0.0,1.0,0.0,0.0,0.0,0.0,0.0,0.0,0.0,1.0,4.0,3.0,2539776687.0,-1.0,三明市泰宁县,三明市泰宁县大田乡,8.0,19.0,0.0,2.0,29.0,25.155555555555555,31.99574468085106,44.672332730560576
福建省,三明市,泰宁县,梅口乡,117.0943031,26.8035323,0.0,0.0,9.0,0.0,7.0,0.0,0.0,0.0,0.0,0.0,0.0,0.0,0.0,0.0,0.0,0.0,0.0,0.0,0.0,0.0,3.0,0.0,0.0,0.0,0.0,1.0,0.0,0.0,0.0,0.0,0.0,1.0,0.0,3.0,3.0,4.0,0.0,0.0,5.0,0.0,7.0,0.0,0.0,0.0,0.0,0.0,0.0,0.0,0.0,0.0,0.0,0.0,0.0,0.0,0.0,0.0,2.0,0.0,0.0,0.0,0.0,1.0,0.0,0.0,0.0,0.0,0.0,0.0,0.0,1.0,3.0,2.0,4254121490.0,-1.0,三明市泰宁县,三明市泰宁县梅口乡,8.0,10.0,0.0,2.0,20.0,25.155555555555555,31.99574468085106,44.672332730560576
福建省,三明市,泰宁县,开善乡,117.180136,26.753281,0.0,0.0,4.0,0.0,2.0,0.0,0.0,0.0,0.0,0.0,0.0,0.0,0.0,0.0,0.0,0.0,0.0,0.0,0.0,0.0,8.0,1.0,0.0,0.0,0.0,2.0,0.0,0.0,0.0,0.0,0.0,0.0,0.0,1.0,2.0,4.0,0.0,0.0,2.0,0.0,2.0,0.0,0.0,0.0,0.0,0.0,0.0,0.0,0.0,0.0,0.0,0.0,0.0,0.0,0.0,0.0,3.0,1.0,0.0,0.0,0.0,1.0,0.0,0.0,0.0,0.0,0.0,0.0,0.0,1.0,2.0,4.0,2539776746.0,-1.0,三明市泰宁县,三明市泰宁县开善乡,9.0,7.0,0.0,2.0,18.0,25.155555555555555,31.99574468085106,44.672332730560576
福建省,三明市,泰宁县,大龙乡,117.009348,26.714073,0.0,0.0,6.0,3.0,3.0,1.0,0.0,4.0,0.0,0.0,0.0,0.0,0.0,0.0,0.0,0.0,0.0,0.0,0.0,0.0,0.0,0.0,0.0,0.0,0.0,3.0,0.0,0.0,0.0,0.0,0.0,1.0,0.0,3.0,6.0,4.0,0.0,0.0,6.0,3.0,2.0,0.0,0.0,0.0,0.0,0.0,0.0,0.0,0.0,0.0,0.0,0.0,0.0,0.0,0.0,0.0,0.0,0.0,0.0,0.0,0.0,1.0,0.0,0.0,0.0,0.0,0.0,1.0,0.0,3.0,3.0,2.0,2539776686.0,-1.0,三明市泰宁县,三明市泰宁县大龙乡,10.0,12.2,0.0,2.0,24.2,25.155555555555555,31.99574468085106,44.672332730560576
福建省,三明市,建宁县,濉溪镇,116.8382263,26.8335873,3.0,41.0,1.0,25.0,44.0,3.0,0.0,26.0,0.0,0.0,2.0,1.0,0.0,0.0,1.0,1.0,0.0,0.0,0.0,0.0,3.0,0.0,2.0,0.0,0.0,4.0,13.0,0.0,0.0,1.0,0.0,10.0,0.0,4.0,9.0,7.0,0.0,8.0,0.0,11.0,25.0,2.0,0.0,25.0,0.0,0.0,0.0,1.0,0.0,0.0,1.0,1.0,0.0,0.0,0.0,0.0,3.0,0.0,0.0,0.0,0.0,3.0,6.0,0.0,0.0,1.0,0.0,6.0,0.0,3.0,6.0,5.0,5099837237.0,-1.0,三明市建宁县,三明市建宁县濉溪镇,11.0,26.0,10.0,5.6,52.6,27.077777777777776,31.99574468085106,44.672332730560576
福建省,三明市,建宁县,里心镇,116.670507,26.831266,4.0,6.0,0.0,7.0,7.0,0.0,0.0,0.0,0.0,0.0,0.0,0.0,0.0,0.0,0.0,0.0,0.0,0.0,0.0,0.0,1.0,0.0,0.0,0.0,0.0,1.0,0.0,0.0,0.0,0.0,0.0,0.0,0.0,2.0,9.0,5.0,0.0,4.0,0.0,4.0,7.0,0.0,0.0,0.0,0.0,0.0,0.0,0.0,0.0,0.0,0.0,0.0,0.0,0.0,0.0,0.0,1.0,0.0,0.0,0.0,0.0,1.0,0.0,0.0,0.0,0.0,0.0,0.0,0.0,1.0,4.0,5.0,2539776758.0,-1.0,三明市建宁县,三明市建宁县里心镇,8.0,17.5,0.0,2.5,28.0,27.077777777777776,31.99574468085106,44.672332730560576
福建省,三明市,建宁县,溪口镇,116.832331,26.84556,9.0,34.0,2.0,25.0,44.0,3.0,0.0,26.0,0.0,0.0,2.0,1.0,0.0,0.0,1.0,1.0,0.0,0.0,0.0,0.0,3.0,0.0,4.0,0.0,0.0,4.0,13.0,0.0,0.0,2.0,0.0,10.0,0.0,5.0,12.0,6.0,0.0,12.0,1.0,4.0,8.0,0.0,0.0,1.0,0.0,0.0,0.0,0.0,0.0,0.0,1.0,1.0,0.0,0.0,0.0,0.0,2.0,0.0,0.0,0.0,0.0,1.0,0.0,0.0,0.0,0.0,0.0,2.0,0.0,1.0,5.0,3.0,2539776880.0,-1.0,三明市建宁县,三明市建宁县溪口镇,11.0,26.0,10.0,4.5,51.5,27.077777777777776,31.99574468085106,44.672332730560576
福建省,三明市,建宁县,均口镇,116.794673,26.658144,0.0,18.0,0.0,9.0,2.0,0.0,0.0,0.0,0.0,0.0,0.0,0.0,0.0,0.0,0.0,0.0,0.0,0.0,0.0,0.0,1.0,0.0,0.0,0.0,0.0,1.0,0.0,0.0,0.0,0.0,0.0,0.0,0.0,2.0,6.0,2.0,0.0,7.0,0.0,8.0,2.0,0.0,0.0,0.0,0.0,0.0,0.0,0.0,0.0,0.0,0.0,0.0,0.0,0.0,0.0,0.0,1.0,0.0,0.0,0.0,0.0,1.0,0.0,0.0,0.0,0.0,0.0,0.0,0.0,2.0,4.0,2.0,8222139181.0,-1.0,三明市建宁县,三明市建宁县均口镇,8.0,14.0,0.0,1.0,23.0,27.077777777777776,31.99574468085106,44.672332730560576
福建省,三明市,建宁县,伊家乡,116.7530513,26.6890655,0.0,4.0,2.0,0.0,0.0,0.0,0.0,0.0,0.0,0.0,0.0,0.0,0.0,0.0,0.0,0.0,0.0,0.0,0.0,0.0,0.0,0.0,0.0,0.0,0.0,1.0,0.0,0.0,0.0,0.0,0.0,0.0,0.0,2.0,5.0,2.0,0.0,2.0,2.0,0.0,0.0,0.0,0.0,0.0,0.0,0.0,0.0,0.0,0.0,0.0,0.0,0.0,0.0,0.0,0.0,0.0,0.0,0.0,0.0,0.0,0.0,1.0,0.0,0.0,0.0,0.0,0.0,0.0,0.0,1.0,2.0,0.0,8222139182.0,-1.0,三明市建宁县,三明市建宁县伊家乡,8.0,7.5,0.0,1.0,16.5,27.077777777777776,31.99574468085106,44.672332730560576
福建省,三明市,建宁县,黄坊乡,116.879194,26.979689,0.0,0.0,1.0,0.0,0.0,0.0,0.0,0.0,0.0,0.0,0.0,0.0,0.0,0.0,0.0,0.0,0.0,0.0,0.0,0.0,0.0,0.0,0.0,0.0,0.0,1.0,0.0,0.0,0.0,0.0,0.0,0.0,0.0,1.0,1.0,0.0,0.0,0.0,1.0,0.0,0.0,0.0,0.0,0.0,0.0,0.0,0.0,0.0,0.0,0.0,0.0,0.0,0.0,0.0,0.0,0.0,0.0,0.0,0.0,0.0,0.0,1.0,0.0,0.0,0.0,0.0,0.0,0.0,0.0,1.0,1.0,0.0,2539776719.0,-1.0,三明市建宁县,三明市建宁县黄坊乡,8.0,5.5,0.0,0.0,13.5,27.077777777777776,31.99574468085106,44.672332730560576
福建省,三明市,建宁县,溪源乡,116.9885158,27.0165432,0.0,0.0,0.0,0.0,0.0,0.0,0.0,0.0,0.0,0.0,0.0,0.0,0.0,0.0,0.0,0.0,0.0,0.0,0.0,0.0,0.0,0.0,0.0,0.0,0.0,1.0,0.0,0.0,0.0,0.0,0.0,0.0,0.0,1.0,0.0,2.0,0.0,0.0,0.0,0.0,0.0,0.0,0.0,0.0,0.0,0.0,0.0,0.0,0.0,0.0,0.0,0.0,0.0,0.0,0.0,0.0,0.0,0.0,0.0,0.0,0.0,1.0,0.0,0.0,0.0,0.0,0.0,0.0,0.0,1.0,0.0,1.0,6512708822.0,12008738.0,三明市建宁县,三明市建宁县溪源乡,16.0,0.0,0.0,1.0,17.0,27.077777777777776,31.99574468085106,44.672332730560576
福建省,三明市,建宁县,客坊乡,116.5846689,26.7188559,0.0,0.0,9.0,6.0,2.0,0.0,0.0,0.0,0.0,0.0,0.0,0.0,0.0,0.0,0.0,0.0,0.0,0.0,0.0,0.0,2.0,0.0,0.0,0.0,0.0,1.0,0.0,0.0,0.0,0.0,0.0,0.0,0.0,1.0,3.0,3.0,0.0,0.0,9.0,4.0,2.0,0.0,0.0,0.0,0.0,0.0,0.0,0.0,0.0,0.0,0.0,0.0,0.0,0.0,0.0,0.0,2.0,0.0,0.0,0.0,0.0,1.0,0.0,0.0,0.0,0.0,0.0,0.0,0.0,1.0,3.0,3.0,8222139184.0,-1.0,三明市建宁县,三明市建宁县客坊乡,8.0,12.5,0.0,1.5,22.0,27.077777777777776,31.99574468085106,44.672332730560576
福建省,三明市,建宁县,黄埠乡,116.6538359,26.7424839,0.0,6.0,2.0,1.0,6.0,0.0,0.0,0.0,0.0,0.0,0.0,0.0,0.0,0.0,0.0,0.0,0.0,0.0,0.0,0.0,3.0,0.0,0.0,0.0,0.0,1.0,0.0,0.0,0.0,0.0,0.0,0.0,0.0,1.0,5.0,2.0,0.0,2.0,1.0,0.0,3.0,0.0,0.0,0.0,0.0,0.0,0.0,0.0,0.0,0.0,0.0,0.0,0.0,0.0,0.0,0.0,1.0,0.0,0.0,0.0,0.0,1.0,0.0,0.0,0.0,0.0,0.0,0.0,0.0,1.0,4.0,2.0,8222139183.0,-1.0,三明市建宁县,三明市建宁县黄埠乡,8.0,10.6,0.0,1.0,19.6,27.077777777777776,31.99574468085106,44.672332730560576
福建省,三明市,永安市,燕东街道,117.3674422,25.9693835,18.0,50.0,23.0,17.0,101.0,11.0,1.0,17.0,4.0,0.0,2.0,1.0,3.0,3.0,0.0,0.0,1.0,1.0,4.0,4.0,9.0,0.0,2.0,0.0,0.0,7.0,15.0,0.0,0.0,3.0,0.0,15.0,1.0,9.0,13.0,12.0,0.0,8.0,7.0,7.0,43.0,0.0,0.0,1.0,0.0,0.0,0.0,0.0,2.0,2.0,0.0,0.0,0.0,0.0,0.0,0.0,1.0,0.0,0.0,0.0,0.0,2.0,7.0,0.0,0.0,0.0,0.0,7.0,0.0,5.0,6.0,7.0,5099847277.0,6344049.0,三明市永安市,三明市永安市燕东街道,20.0,28.0,10.0,6.5,64.5,41.92666666666666,31.99574468085106,44.672332730560576
福建省,三明市,永安市,燕西街道,117.3530924,25.9759857,19.0,46.0,17.0,20.0,102.0,4.0,1.0,17.0,4.0,0.0,3.0,0.0,3.0,3.0,0.0,0.0,1.0,1.0,4.0,4.0,10.0,0.0,2.0,0.0,0.0,5.0,16.0,0.0,0.0,6.0,0.0,15.0,1.0,9.0,14.0,12.0,5.0,13.0,4.0,8.0,35.0,2.0,1.0,6.0,2.0,0.0,0.0,0.0,2.0,2.0,0.0,0.0,0.0,1.0,4.0,4.0,4.0,0.0,1.0,0.0,0.0,3.0,2.0,0.0,0.0,0.0,0.0,5.0,1.0,5.0,10.0,9.0,5099847276.0,6344051.0,三明市永安市,三明市永安市燕西街道,20.0,28.0,13.0,6.4,67.4,41.92666666666666,31.99574468085106,44.672332730560576
福建省,三明市,永安市,燕南街道,117.3582637,25.9724074,19.0,46.0,20.0,18.0,101.0,8.0,1.0,17.0,4.0,0.0,3.0,0.0,3.0,3.0,0.0,0.0,1.0,1.0,4.0,4.0,10.0,0.0,2.0,0.0,0.0,5.0,16.0,0.0,0.0,5.0,0.0,15.0,1.0,9.0,14.0,12.0,6.0,16.0,7.0,8.0,45.0,2.0,1.0,4.0,2.0,0.0,0.0,0.0,2.0,2.0,0.0,0.0,0.0,1.0,4.0,3.0,0.0,0.0,1.0,0.0,0.0,4.0,3.0,0.0,0.0,0.0,0.0,6.0,0.0,5.0,10.0,7.0,5099847275.0,6344050.0,三明市永安市,三明市永安市燕南街道,20.0,28.0,12.0,6.4,66.4,41.92666666666666,31.99574468085106,44.672332730560576
福建省,三明市,永安市,燕北街道,117.358017,25.9803596,19.0,38.0,18.0,17.0,101.0,6.0,1.0,17.0,4.0,0.0,4.0,0.0,3.0,3.0,0.0,0.0,1.0,1.0,4.0,5.0,10.0,0.0,3.0,0.0,0.0,6.0,17.0,0.0,0.0,9.0,0.0,15.0,2.0,9.0,15.0,12.0,5.0,13.0,6.0,4.0,43.0,2.0,1.0,11.0,2.0,0.0,0.0,0.0,1.0,1.0,0.0,0.0,1.0,1.0,4.0,4.0,5.0,0.0,1.0,0.0,0.0,3.0,3.0,0.0,0.0,0.0,0.0,4.0,1.0,5.0,10.0,10.0,5099847274.0,6344048.0,三明市永安市,三明市永安市燕北街道,20.0,28.0,18.0,6.9,72.9,41.92666666666666,31.99574468085106,44.672332730560576
福建省,三明市,永安市,西洋镇,117.43399,25.814051,6.0,0.0,0.0,3.0,0.0,0.0,0.0,0.0,0.0,0.0,0.0,0.0,0.0,0.0,0.0,0.0,0.0,0.0,0.0,0.0,0.0,0.0,0.0,0.0,0.0,1.0,0.0,0.0,0.0,0.0,0.0,0.0,0.0,4.0,6.0,2.0,3.0,0.0,0.0,3.0,0.0,0.0,0.0,0.0,0.0,0.0,0.0,0.0,0.0,0.0,0.0,0.0,0.0,0.0,0.0,0.0,0.0,0.0,0.0,0.0,0.0,1.0,0.0,0.0,0.0,0.0,0.0,0.0,0.0,4.0,3.0,2.0,8218444819.0,-1.0,三明市永安市,三明市永安市西洋镇,8.0,11.0,0.0,1.0,20.0,41.92666666666666,31.99574468085106,44.672332730560576
福建省,三明市,永安市,贡川镇,117.4419761,26.085895,3.0,0.0,14.0,5.0,33.0,2.0,0.0,4.0,0.0,1.0,0.0,0.0,0.0,0.0,0.0,0.0,0.0,0.0,0.0,0.0,2.0,0.0,7.0,0.0,0.0,1.0,0.0,0.0,0.0,9.0,0.0,0.0,0.0,3.0,11.0,6.0,1.0,0.0,10.0,5.0,22.0,2.0,0.0,4.0,0.0,1.0,0.0,0.0,0.0,0.0,0.0,0.0,0.0,0.0,0.0,0.0,2.0,0.0,1.0,0.0,0.0,1.0,0.0,0.0,0.0,5.0,0.0,0.0,0.0,2.0,9.0,4.0,2540017135.0,12002639.0,三明市永安市,三明市永安市贡川镇,16.0,26.0,0.0,4.4,46.4,41.92666666666666,31.99574468085106,44.672332730560576
福建省,三明市,永安市,安砂镇,117.1268536,26.0338814,0.0,0.0,4.0,3.0,14.0,2.0,0.0,0.0,0.0,0.0,0.0,0.0,0.0,0.0,0.0,0.0,0.0,0.0,0.0,0.0,0.0,0.0,2.0,0.0,0.0,3.0,1.0,0.0,0.0,0.0,0.0,0.0,0.0,2.0,6.0,5.0,0.0,0.0,1.0,3.0,12.0,0.0,0.0,0.0,0.0,0.0,0.0,0.0,0.0,0.0,0.0,0.0,0.0,0.0,0.0,0.0,0.0,0.0,0.0,0.0,0.0,1.0,0.0,0.0,0.0,0.0,0.0,0.0,0.0,1.0,4.0,3.0,2540017032.0,-1.0,三明市永安市,三明市永安市安砂镇,10.0,17.4,0.0,2.6,30.0,41.92666666666666,31.99574468085106,44.672332730560576
福建省,三明市,永安市,小陶镇,117.1240428,25.7345932,3.0,0.0,3.0,26.0,92.0,5.0,0.0,0.0,0.0,0.0,0.0,0.0,0.0,0.0,0.0,0.0,0.0,0.0,0.0,0.0,4.0,0.0,0.0,0.0,0.0,3.0,0.0,0.0,0.0,0.0,0.0,2.0,0.0,2.0,9.0,4.0,1.0,0.0,3.0,7.0,54.0,1.0,0.0,0.0,0.0,0.0,0.0,0.0,0.0,0.0,0.0,0.0,0.0,0.0,0.0,0.0,2.0,0.0,0.0,0.0,0.0,1.0,0.0,0.0,0.0,0.0,0.0,2.0,0.0,1.0,6.0,4.0,2540017240.0,-1.0,三明市永安市,三明市永安市小陶镇,10.0,24.0,0.0,2.0,36.0,41.92666666666666,31.99574468085106,44.672332730560576
福建省,三明市,永安市,大湖镇,117.3243117,26.0517881,0.0,2.0,2.0,11.0,25.0,4.0,0.0,8.0,1.0,0.0,0.0,0.0,0.0,0.0,0.0,0.0,0.0,0.0,0.0,0.0,3.0,0.0,4.0,0.0,0.0,2.0,10.0,0.0,0.0,3.0,1.0,10.0,0.0,3.0,8.0,8.0,0.0,2.0,2.0,5.0,5.0,0.0,0.0,8.0,0.0,0.0,0.0,0.0,0.0,0.0,0.0,0.0,0.0,0.0,0.0,0.0,0.0,0.0,0.0,0.0,0.0,1.0,0.0,0.0,0.0,0.0,0.0,4.0,0.0,1.0,5.0,2.0,2540017103.0,-1.0,三明市永安市,三明市永安市大湖镇,9.0,22.5,0.0,5.3,36.8,41.92666666666666,31.99574468085106,44.672332730560576
福建省,三明市,永安市,曹远镇,117.33304,26.032678,2.0,4.0,2.0,9.0,36.0,0.0,0.0,8.0,1.0,0.0,0.0,0.0,0.0,0.0,0.0,0.0,0.0,0.0,0.0,0.0,0.0,0.0,11.0,0.0,0.0,4.0,3.0,0.0,0.0,3.0,0.0,6.0,0.0,5.0,7.0,6.0,0.0,0.0,1.0,0.0,18.0,0.0,0.0,0.0,1.0,0.0,0.0,0.0,0.0,0.0,0.0,0.0,0.0,0.0,0.0,0.0,0.0,0.0,1.0,0.0,0.0,1.0,0.0,0.0,0.0,0.0,0.0,2.0,0.0,1.0,3.0,2.0,2540017068.0,-1.0,三明市永安市,三明市永安市曹远镇,11.0,25.5,0.0,3.6,40.1,41.92666666666666,31.99574468085106,44.672332730560576
福建省,三明市,永安市,洪田镇,117.249009,25.856509,2.0,0.0,0.0,1.0,1.0,0.0,0.0,0.0,0.0,0.0,0.0,0.0,0.0,0.0,0.0,0.0,0.0,0.0,0.0,0.0,1.0,0.0,0.0,0.0,0.0,1.0,0.0,0.0,0.0,0.0,0.0,0.0,0.0,2.0,6.0,3.0,1.0,0.0,0.0,1.0,1.0,0.0,0.0,0.0,0.0,0.0,0.0,0.0,0.0,0.0,0.0,0.0,0.0,0.0,0.0,0.0,1.0,0.0,0.0,0.0,0.0,1.0,0.0,0.0,0.0,0.0,0.0,0.0,0.0,2.0,6.0,3.0,2540017151.0,-1.0,三明市永安市,三明市永安市洪田镇,8.0,9.5,0.0,1.5,19.0,41.92666666666666,31.99574468085106,44.672332730560576
福建省,三明市,永安市,槐南镇,117.728271,25.9879588,0.0,0.0,0.0,5.0,21.0,17.0,0.0,1.0,0.0,0.0,1.0,0.0,0.0,0.0,0.0,1.0,0.0,0.0,0.0,1.0,0.0,1.0,1.0,1.0,0.0,8.0,10.0,0.0,0.0,0.0,0.0,0.0,1.0,3.0,5.0,6.0,0.0,0.0,0.0,5.0,16.0,17.0,0.0,1.0,0.0,0.0,1.0,0.0,0.0,0.0,0.0,1.0,0.0,0.0,0.0,1.0,0.0,1.0,0.0,1.0,0.0,8.0,10.0,0.0,0.0,0.0,0.0,0.0,1.0,1.0,5.0,5.0,4797681656.0,12002640.0,三明市永安市,三明市永安市槐南镇,20.0,18.5,1.0,5.0,44.5,41.92666666666666,31.99574468085106,44.672332730560576
福建省,三明市,永安市,上坪乡,117.507378,25.963287,0.0,0.0,4.0,0.0,0.0,2.0,0.0,1.0,0.0,0.0,0.0,0.0,0.0,0.0,0.0,0.0,0.0,0.0,0.0,0.0,0.0,0.0,0.0,0.0,0.0,1.0,0.0,0.0,0.0,0.0,0.0,0.0,0.0,1.0,3.0,1.0,0.0,0.0,2.0,0.0,0.0,1.0,0.0,0.0,0.0,0.0,0.0,0.0,0.0,0.0,0.0,0.0,0.0,0.0,0.0,0.0,0.0,0.0,0.0,0.0,0.0,1.0,0.0,0.0,0.0,0.0,0.0,0.0,0.0,1.0,2.0,0.0,4797577433.0,12002638.0,三明市永安市,三明市永安市上坪乡,16.0,6.5,0.0,0.5,23.0,41.92666666666666,31.99574468085106,44.672332730560576
福建省,三明市,永安市,罗坊乡,117.0102276,25.9172697,0.0,0.0,3.0,2.0,15.0,0.0,0.0,0.0,0.0,0.0,0.0,0.0,0.0,0.0,0.0,0.0,0.0,0.0,0.0,0.0,0.0,0.0,0.0,0.0,0.0,3.0,0.0,0.0,0.0,0.0,0.0,0.0,0.0,1.0,5.0,2.0,0.0,0.0,3.0,2.0,12.0,0.0,0.0,0.0,0.0,0.0,0.0,0.0,0.0,0.0,0.0,0.0,0.0,0.0,0.0,0.0,0.0,0.0,0.0,0.0,0.0,1.0,0.0,0.0,0.0,0.0,0.0,0.0,0.0,1.0,5.0,2.0,4257323833.0,-1.0,三明市永安市,三明市永安市罗坊乡,10.0,16.1,0.0,1.0,27.1,41.92666666666666,31.99574468085106,44.672332730560576
福建省,三明市,永安市,青水畲族乡,117.6200151,25.8810408,0.0,0.0,0.0,7.0,13.0,18.0,0.0,7.0,0.0,0.0,0.0,0.0,0.0,0.0,0.0,0.0,0.0,0.0,0.0,0.0,0.0,0.0,0.0,1.0,0.0,1.0,18.0,0.0,0.0,0.0,0.0,1.0,1.0,3.0,7.0,7.0,0.0,0.0,0.0,3.0,2.0,5.0,0.0,7.0,0.0,0.0,0.0,0.0,0.0,0.0,0.0,0.0,0.0,0.0,0.0,0.0,0.0,0.0,0.0,1.0,0.0,1.0,18.0,0.0,0.0,0.0,0.0,1.0,0.0,1.0,7.0,6.0,8218444818.0,12002637.0,三明市永安市,三明市永安市青水畲族乡,16.0,11.7,0.0,7.1,34.8,41.92666666666666,31.99574468085106,44.672332730560576
福建省,泉州市,鲤城区,海滨街道,118.5744952,24.9087027,28.0,71.0,105.0,70.0,271.0,75.0,1.0,202.0,57.0,6.0,3.0,4.0,11.0,29.0,19.0,27.0,3.0,3.0,7.0,157.0,37.0,6.0,0.0,3.0,0.0,52.0,133.0,0.0,5.0,5.0,21.0,59.0,21.0,25.0,19.0,13.0,0.0,3.0,10.0,7.0,57.0,6.0,0.0,24.0,3.0,2.0,0.0,2.0,0.0,4.0,1.0,1.0,0.0,1.0,3.0,41.0,10.0,2.0,0.0,0.0,0.0,5.0,24.0,0.0,0.0,1.0,3.0,5.0,5.0,8.0,11.0,8.0,8280865940.0,12120022.0,泉州市鲤城区,泉州市鲤城区海滨街道,20.0,30.0,20.0,20.0,90.0,75.4125,46.42638036809816,44.672332730560576
福建省,泉州市,鲤城区,临江街道,118.5834646,24.898154,36.0,85.0,154.0,48.0,340.0,81.0,7.0,203.0,65.0,8.0,2.0,5.0,9.0,27.0,20.0,28.0,3.0,3.0,7.0,160.0,47.0,6.0,0.0,3.0,0.0,51.0,140.0,0.0,6.0,10.0,25.0,54.0,27.0,29.0,20.0,13.0,0.0,16.0,17.0,19.0,62.0,9.0,0.0,40.0,11.0,0.0,1.0,0.0,3.0,6.0,3.0,6.0,0.0,0.0,2.0,48.0,18.0,1.0,0.0,0.0,0.0,10.0,22.0,0.0,3.0,3.0,3.0,10.0,3.0,14.0,16.0,7.0,8280855414.0,12120024.0,泉州市鲤城区,泉州市鲤城区临江街道,20.0,30.0,23.0,20.0,93.0,75.4125,46.42638036809816,44.672332730560576
福建省,泉州市,鲤城区,鲤中街道,118.5859966,24.9137237,38.0,48.0,97.0,78.0,313.0,68.0,0.0,213.0,71.0,9.0,4.0,3.0,10.0,28.0,19.0,26.0,3.0,3.0,7.0,158.0,31.0,4.0,0.0,2.0,0.0,49.0,170.0,0.0,6.0,7.0,27.0,62.0,26.0,27.0,18.0,15.0,0.0,0.0,18.0,6.0,49.0,44.0,0.0,82.0,15.0,3.0,0.0,3.0,3.0,18.0,9.0,10.0,2.0,1.0,3.0,103.0,6.0,2.0,0.0,0.0,0.0,5.0,72.0,0.0,2.0,3.0,14.0,21.0,12.0,11.0,12.0,9.0,8280866180.0,12120023.0,泉州市鲤城区,泉州市鲤城区鲤中街道,20.0,30.0,30.0,20.0,100.0,75.4125,46.42638036809816,44.672332730560576
福建省,泉州市,鲤城区,开元街道,118.5884159,24.9207684,30.0,33.0,88.0,75.0,289.0,69.0,0.0,226.0,71.0,8.0,4.0,3.0,10.0,28.0,20.0,31.0,2.0,3.0,7.0,151.0,20.0,4.0,0.0,2.0,0.0,35.0,151.0,0.0,5.0,6.0,22.0,61.0,25.0,25.0,17.0,16.0,0.0,3.0,12.0,20.0,27.0,34.0,0.0,46.0,19.0,2.0,2.0,0.0,2.0,7.0,10.0,13.0,2.0,1.0,0.0,25.0,2.0,1.0,0.0,0.0,0.0,5.0,32.0,0.0,1.0,2.0,8.0,19.0,5.0,10.0,13.0,8.0,8280862647.0,17663822.0,泉州市鲤城区,泉州市鲤城区开元街道,20.0,30.0,28.0,20.0,98.0,75.4125,46.42638036809816,44.672332730560576
福建省,泉州市,鲤城区,浮桥街道,118.54718,24.9357587,0.0,38.0,31.0,30.0,149.0,16.0,0.0,34.0,7.0,0.0,0.0,1.0,5.0,5.0,2.0,2.0,0.0,0.0,0.0,2.0,0.0,0.0,0.0,0.0,0.0,27.0,10.0,0.0,0.0,0.0,0.0,18.0,1.0,14.0,16.0,6.0,0.0,6.0,0.0,2.0,6.0,0.0,0.0,0.0,0.0,0.0,0.0,0.0,0.0,0.0,0.0,0.0,0.0,0.0,0.0,1.0,0.0,0.0,0.0,0.0,0.0,2.0,0.0,0.0,0.0,0.0,0.0,3.0,0.0,2.0,4.0,4.0,8280863250.0,12120019.0,泉州市鲤城区,泉州市鲤城区浮桥街道,20.0,26.0,6.0,4.0,56.0,75.4125,46.42638036809816,44.672332730560576
福建省,泉州市,鲤城区,江南街道,118.5550975,24.8954681,24.0,65.0,68.0,40.0,164.0,20.0,0.0,38.0,3.0,0.0,0.0,1.0,2.0,2.0,4.0,5.0,0.0,0.0,1.0,11.0,25.0,4.0,0.0,1.0,0.0,37.0,21.0,0.0,0.0,2.0,1.0,26.0,3.0,21.0,17.0,9.0,6.0,18.0,8.0,2.0,25.0,15.0,0.0,0.0,0.0,0.0,0.0,1.0,0.0,0.0,0.0,1.0,0.0,0.0,0.0,1.0,0.0,0.0,0.0,0.0,0.0,4.0,1.0,0.0,0.0,0.0,0.0,3.0,0.0,5.0,9.0,3.0,8280857701.0,12120021.0,泉州市鲤城区,泉州市鲤城区江南街道,20.0,26.0,6.0,6.4,58.4,75.4125,46.42638036809816,44.672332730560576
福建省,泉州市,鲤城区,金龙街道,118.5367297,24.905511,1.0,26.0,30.0,11.0,90.0,17.0,0.0,3.0,0.0,0.0,0.0,1.0,3.0,3.0,0.0,1.0,0.0,0.0,0.0,4.0,0.0,0.0,0.0,0.0,0.0,29.0,16.0,0.0,0.0,2.0,1.0,14.0,0.0,11.0,13.0,4.0,0.0,8.0,11.0,0.0,14.0,0.0,0.0,0.0,0.0,0.0,0.0,0.0,0.0,0.0,0.0,0.0,0.0,0.0,0.0,0.0,0.0,0.0,0.0,0.0,0.0,3.0,5.0,0.0,0.0,0.0,0.0,3.0,0.0,3.0,4.0,3.0,8280865541.0,12120020.0,泉州市鲤城区,泉州市鲤城区金龙街道,20.0,24.0,5.0,4.300000000000001,53.3,75.4125,46.42638036809816,44.672332730560576
福建省,泉州市,鲤城区,常泰街道,118.5148429,24.916098,0.0,17.0,21.0,7.0,68.0,11.0,0.0,11.0,0.0,1.0,1.0,0.0,1.0,1.0,0.0,0.0,0.0,0.0,0.0,3.0,1.0,1.0,1.0,0.0,1.0,19.0,22.0,0.0,0.0,4.0,1.0,8.0,1.0,11.0,14.0,11.0,0.0,2.0,6.0,2.0,18.0,0.0,0.0,0.0,0.0,0.0,0.0,0.0,0.0,0.0,0.0,0.0,0.0,0.0,0.0,0.0,0.0,1.0,0.0,0.0,0.0,6.0,0.0,0.0,0.0,0.0,0.0,1.0,0.0,1.0,5.0,3.0,8280863249.0,12120018.0,泉州市鲤城区,泉州市鲤城区常泰街道,20.0,28.0,0.0,6.6,54.6,75.4125,46.42638036809816,44.672332730560576
福建省,泉州市,丰泽区,东湖街道,118.6015059,24.9156892,56.0,29.0,82.0,62.0,285.0,73.0,2.0,194.0,67.0,10.0,4.0,4.0,9.0,27.0,19.0,28.0,3.0,3.0,8.0,154.0,34.0,5.0,1.0,2.0,0.0,34.0,171.0,0.0,6.0,6.0,28.0,56.0,25.0,22.0,20.0,19.0,0.0,5.0,18.0,2.0,31.0,11.0,0.0,16.0,13.0,1.0,0.0,0.0,2.0,5.0,1.0,3.0,0.0,0.0,0.0,6.0,0.0,0.0,0.0,1.0,0.0,3.0,7.0,0.0,1.0,1.0,5.0,9.0,4.0,7.0,11.0,6.0,8280739626.0,12119803.0,泉州市丰泽区,泉州市丰泽区东湖街道,20.0,30.0,21.0,20.0,91.0,78.7875,46.42638036809816,44.672332730560576
福建省,泉州市,丰泽区,丰泽街道,118.6011027,24.8985044,33.0,59.0,124.0,33.0,323.0,80.0,21.0,218.0,72.0,7.0,3.0,4.0,10.0,28.0,20.0,30.0,3.0,2.0,7.0,152.0,41.0,3.0,0.0,3.0,0.0,44.0,159.0,0.0,6.0,22.0,28.0,77.0,27.0,26.0,22.0,18.0,2.0,1.0,21.0,5.0,71.0,2.0,0.0,15.0,15.0,1.0,0.0,1.0,0.0,0.0,2.0,2.0,1.0,0.0,1.0,11.0,7.0,0.0,0.0,2.0,0.0,10.0,29.0,0.0,1.0,0.0,4.0,1.0,3.0,7.0,12.0,6.0,8280735076.0,12119804.0,泉州市丰泽区,泉州市丰泽区丰泽街道,20.0,30.0,23.0,20.0,93.0,78.7875,46.42638036809816,44.672332730560576
福建省,泉州市,丰泽区,泉秀街道,118.5967254,24.8842564,34.0,73.0,146.0,39.0,294.0,38.0,18.0,131.0,48.0,3.0,2.0,1.0,8.0,16.0,13.0,19.0,1.0,1.0,6.0,91.0,45.0,2.0,0.0,4.0,0.0,44.0,87.0,0.0,5.0,17.0,11.0,49.0,12.0,29.0,22.0,14.0,6.0,8.0,17.0,1.0,38.0,5.0,8.0,35.0,6.0,0.0,1.0,0.0,1.0,1.0,1.0,1.0,0.0,0.0,0.0,5.0,4.0,0.0,0.0,0.0,0.0,6.0,16.0,0.0,0.0,5.0,2.0,4.0,4.0,7.0,16.0,5.0,8280735077.0,12119805.0,泉州市丰泽区,泉州市丰泽区泉秀街道,20.0,30.0,20.0,16.5,86.5,78.7875,46.42638036809816,44.672332730560576
福建省,泉州市,丰泽区,清源街道,118.5879062,24.932293,28.0,23.0,59.0,60.0,209.0,63.0,0.0,220.0,47.0,9.0,3.0,3.0,6.0,22.0,14.0,22.0,2.0,3.0,4.0,111.0,9.0,3.0,0.0,1.0,0.0,29.0,122.0,0.0,2.0,6.0,17.0,54.0,26.0,20.0,17.0,15.0,10.0,3.0,10.0,28.0,24.0,4.0,0.0,16.0,4.0,2.0,2.0,0.0,0.0,0.0,1.0,1.0,0.0,1.0,0.0,2.0,1.0,0.0,0.0,0.0,0.0,3.0,16.0,0.0,0.0,0.0,0.0,8.0,2.0,6.0,14.0,7.0,8280739623.0,17994740.0,泉州市丰泽区,泉州市丰泽区清源街道,20.0,30.0,14.0,18.4,82.4,78.7875,46.42638036809816,44.672332730560576
福建省,泉州市,丰泽区,华大街道,118.6271738,24.9408591,32.0,2.0,11.0,30.0,77.0,42.0,0.0,42.0,2.0,1.0,3.0,0.0,0.0,0.0,3.0,4.0,0.0,0.0,0.0,2.0,24.0,3.0,5.0,2.0,0.0,12.0,32.0,0.0,0.0,8.0,0.0,45.0,24.0,11.0,18.0,16.0,0.0,0.0,0.0,1.0,11.0,5.0,0.0,1.0,0.0,0.0,0.0,0.0,0.0,0.0,1.0,1.0,0.0,0.0,0.0,0.0,0.0,0.0,0.0,0.0,0.0,3.0,0.0,0.0,0.0,0.0,0.0,9.0,0.0,1.0,4.0,5.0,8280739624.0,17994741.0,泉州市丰泽区,泉州市丰泽区华大街道,20.0,30.0,5.0,8.0,63.0,78.7875,46.42638036809816,44.672332730560576
福建省,泉州市,丰泽区,城东街道,118.642538,24.9251406,42.0,23.0,21.0,46.0,118.0,71.0,6.0,33.0,2.0,1.0,5.0,0.0,1.0,1.0,9.0,12.0,0.0,0.0,0.0,6.0,51.0,6.0,10.0,3.0,4.0,13.0,41.0,0.0,0.0,4.0,0.0,78.0,31.0,10.0,24.0,18.0,6.0,0.0,9.0,10.0,25.0,7.0,0.0,9.0,2.0,0.0,0.0,0.0,0.0,0.0,2.0,3.0,0.0,0.0,0.0,1.0,8.0,2.0,2.0,0.0,0.0,2.0,12.0,0.0,0.0,1.0,0.0,7.0,11.0,4.0,10.0,9.0,8280739625.0,17994742.0,泉州市丰泽区,泉州市丰泽区城东街道,20.0,30.0,6.0,9.8,65.8,78.7875,46.42638036809816,44.672332730560576
福建省,泉州市,丰泽区,东海街道,118.671204,24.8630258,8.0,11.0,12.0,41.0,88.0,97.0,0.0,158.0,37.0,16.0,3.0,6.0,1.0,2.0,3.0,7.0,0.0,0.0,1.0,23.0,19.0,4.0,4.0,0.0,6.0,9.0,109.0,0.0,0.0,24.0,0.0,26.0,2.0,10.0,20.0,15.0,0.0,7.0,6.0,21.0,22.0,35.0,0.0,86.0,8.0,2.0,1.0,0.0,0.0,0.0,0.0,2.0,0.0,0.0,0.0,0.0,2.0,1.0,0.0,0.0,1.0,2.0,35.0,0.0,0.0,0.0,0.0,8.0,1.0,2.0,15.0,9.0,7229823967.0,12119806.0,泉州市丰泽区,泉州市丰泽区东海街道,20.0,30.0,5.0,20.0,75.0,78.7875,46.42638036809816,44.672332730560576
福建省,泉州市,丰泽区,北峰街道,118.5708688,24.9325313,14.0,37.0,48.0,70.0,172.0,54.0,0.0,135.0,35.0,7.0,2.0,2.0,4.0,12.0,13.0,20.0,2.0,2.0,2.0,76.0,8.0,3.0,0.0,0.0,0.0,32.0,92.0,0.0,1.0,3.0,15.0,46.0,15.0,19.0,18.0,13.0,0.0,3.0,8.0,10.0,35.0,0.0,0.0,5.0,5.0,0.0,0.0,0.0,1.0,1.0,0.0,0.0,0.0,0.0,0.0,0.0,0.0,0.0,0.0,0.0,0.0,3.0,1.0,0.0,0.0,0.0,0.0,1.0,0.0,5.0,12.0,3.0,8280739622.0,17994739.0,泉州市丰泽区,泉州市丰泽区北峰街道,20.0,30.0,10.0,13.600000000000001,73.6,78.7875,46.42638036809816,44.672332730560576
福建省,泉州市,洛江区,万安街道,118.6665915,24.949799,20.0,2.0,19.0,32.0,99.0,36.0,0.0,9.0,0.0,0.0,3.0,1.0,3.0,3.0,8.0,9.0,0.0,0.0,1.0,3.0,39.0,2.0,3.0,3.0,5.0,13.0,16.0,0.0,0.0,0.0,3.0,68.0,28.0,10.0,20.0,14.0,8.0,0.0,14.0,9.0,44.0,5.0,0.0,5.0,0.0,0.0,0.0,1.0,0.0,0.0,2.0,2.0,0.0,0.0,1.0,1.0,11.0,0.0,2.0,0.0,0.0,2.0,7.0,0.0,0.0,0.0,3.0,4.0,6.0,5.0,15.0,9.0,8276998922.0,12115580.0,泉州市洛江区,泉州市洛江区万安街道,20.0,26.0,13.0,6.300000000000001,65.3,50.083333333333336,46.42638036809816,44.672332730560576
福建省,泉州市,洛江区,双阳街道,118.6110661,24.9969549,0.0,4.0,14.0,4.0,17.0,5.0,0.0,0.0,0.0,0.0,0.0,0.0,0.0,0.0,0.0,0.0,0.0,0.0,0.0,0.0,0.0,0.0,0.0,0.0,0.0,7.0,2.0,0.0,0.0,0.0,0.0,7.0,0.0,11.0,10.0,5.0,0.0,2.0,2.0,1.0,6.0,1.0,0.0,0.0,0.0,0.0,0.0,0.0,0.0,0.0,0.0,0.0,0.0,0.0,0.0,0.0,0.0,0.0,0.0,0.0,0.0,3.0,0.0,0.0,0.0,0.0,0.0,2.0,0.0,3.0,5.0,2.0,1777161905.0,12115579.0,泉州市洛江区,泉州市洛江区双阳街道,20.0,18.2,0.0,2.7,40.900000000000006,50.083333333333336,46.42638036809816,44.672332730560576
福建省,泉州市,洛江区,罗溪镇,118.605982,25.212986,0.0,0.0,14.0,10.0,8.0,0.0,0.0,0.0,0.0,0.0,0.0,0.0,0.0,0.0,1.0,1.0,0.0,0.0,0.0,0.0,0.0,0.0,0.0,0.0,0.0,9.0,2.0,0.0,0.0,0.0,0.0,2.0,0.0,5.0,8.0,4.0,0.0,0.0,7.0,7.0,4.0,0.0,0.0,0.0,0.0,0.0,0.0,0.0,0.0,0.0,1.0,1.0,0.0,0.0,0.0,0.0,0.0,0.0,0.0,0.0,0.0,3.0,0.0,0.0,0.0,0.0,0.0,2.0,0.0,2.0,4.0,2.0,1776781183.0,12115576.0,泉州市洛江区,泉州市洛江区罗溪镇,20.0,16.8,5.0,2.2,44.0,50.083333333333336,46.42638036809816,44.672332730560576
福建省,泉州市,洛江区,马甲镇,118.616556,25.12173,0.0,0.0,3.0,29.0,8.0,0.0,0.0,2.0,0.0,1.0,0.0,0.0,1.0,1.0,1.0,3.0,0.0,0.0,0.0,0.0,0.0,0.0,1.0,0.0,0.0,6.0,5.0,0.0,0.0,0.0,0.0,6.0,1.0,5.0,6.0,7.0,0.0,0.0,1.0,19.0,5.0,0.0,0.0,0.0,0.0,0.0,0.0,0.0,1.0,1.0,0.0,1.0,0.0,0.0,0.0,0.0,0.0,0.0,0.0,0.0,0.0,1.0,0.0,0.0,0.0,0.0,0.0,2.0,0.0,3.0,4.0,4.0,3646041357.0,12115577.0,泉州市洛江区,泉州市洛江区马甲镇,20.0,18.1,5.0,4.0,47.1,50.083333333333336,46.42638036809816,44.672332730560576
福建省,泉州市,洛江区,河市镇,118.620544,25.04938,0.0,0.0,22.0,30.0,66.0,20.0,0.0,1.0,0.0,1.0,0.0,0.0,1.0,1.0,3.0,3.0,0.0,0.0,0.0,0.0,9.0,4.0,1.0,0.0,1.0,7.0,15.0,0.0,0.0,7.0,0.0,9.0,0.0,4.0,9.0,10.0,0.0,0.0,7.0,6.0,20.0,0.0,0.0,0.0,0.0,0.0,0.0,0.0,0.0,0.0,2.0,2.0,0.0,0.0,0.0,0.0,2.0,0.0,0.0,0.0,0.0,1.0,0.0,0.0,0.0,0.0,0.0,1.0,0.0,1.0,6.0,6.0,3646041354.0,12115578.0,泉州市洛江区,泉州市洛江区河市镇,20.0,26.0,5.0,6.2,57.2,50.083333333333336,46.42638036809816,44.672332730560576
福建省,泉州市,洛江区,虹山乡,118.591394,25.278171,0.0,0.0,13.0,1.0,36.0,0.0,0.0,0.0,0.0,1.0,0.0,0.0,0.0,0.0,0.0,0.0,0.0,0.0,0.0,0.0,1.0,0.0,0.0,0.0,0.0,10.0,0.0,0.0,0.0,0.0,0.0,0.0,0.0,8.0,5.0,3.0,0.0,0.0,2.0,0.0,30.0,0.0,0.0,0.0,0.0,1.0,0.0,0.0,0.0,0.0,0.0,0.0,0.0,0.0,0.0,0.0,0.0,0.0,0.0,0.0,0.0,2.0,0.0,0.0,0.0,0.0,0.0,0.0,0.0,1.0,3.0,1.0,2499247534.0,12115575.0,泉州市洛江区,泉州市洛江区虹山乡,20.0,24.5,0.0,1.5,46.0,50.083333333333336,46.42638036809816,44.672332730560576
福建省,泉州市,泉港区,山腰街道,118.9021538,25.1295113,4.0,0.0,13.0,15.0,48.0,10.0,0.0,0.0,1.0,0.0,0.0,1.0,1.0,1.0,1.0,1.0,0.0,0.0,0.0,1.0,1.0,0.0,3.0,0.0,0.0,9.0,2.0,0.0,0.0,0.0,15.0,26.0,0.0,4.0,8.0,7.0,0.0,0.0,2.0,6.0,17.0,0.0,0.0,0.0,0.0,0.0,0.0,0.0,0.0,0.0,0.0,0.0,0.0,0.0,0.0,1.0,1.0,0.0,0.0,0.0,0.0,3.0,1.0,0.0,0.0,0.0,3.0,2.0,0.0,1.0,4.0,3.0,8278675738.0,17994748.0,泉州市泉港区,泉州市泉港区山腰街道,20.0,26.0,6.0,3.8,55.8,47.614285714285714,46.42638036809816,44.672332730560576
福建省,泉州市,泉港区,南埔镇,118.9077013,25.1813554,0.0,0.0,8.0,13.0,20.0,1.0,0.0,0.0,1.0,0.0,0.0,0.0,0.0,0.0,0.0,0.0,0.0,0.0,0.0,0.0,3.0,0.0,4.0,0.0,0.0,6.0,7.0,0.0,0.0,2.0,0.0,1.0,0.0,2.0,5.0,6.0,0.0,0.0,3.0,1.0,3.0,0.0,0.0,0.0,0.0,0.0,0.0,0.0,0.0,0.0,0.0,0.0,0.0,0.0,0.0,0.0,0.0,0.0,0.0,0.0,0.0,1.0,3.0,0.0,0.0,0.0,0.0,1.0,0.0,1.0,3.0,1.0,-1.0,-1.0,泉州市泉港区,泉州市泉港区南埔镇,5.0,19.4,0.0,4.2,28.599999999999998,47.614285714285714,46.42638036809816,44.672332730560576
福建省,泉州市,泉港区,界山镇,118.861324,25.2245544,17.0,4.0,1.0,8.0,66.0,0.0,0.0,0.0,0.0,0.0,0.0,0.0,0.0,0.0,0.0,0.0,0.0,0.0,0.0,0.0,2.0,0.0,0.0,0.0,0.0,9.0,2.0,0.0,0.0,0.0,0.0,1.0,0.0,13.0,10.0,7.0,2.0,2.0,0.0,1.0,26.0,0.0,0.0,0.0,0.0,0.0,0.0,0.0,0.0,0.0,0.0,0.0,0.0,0.0,0.0,0.0,1.0,0.0,0.0,0.0,0.0,3.0,0.0,0.0,0.0,0.0,0.0,0.0,0.0,9.0,6.0,2.0,1776781021.0,17994743.0,泉州市泉港区,泉州市泉港区界山镇,20.0,24.0,0.0,3.7,47.7,47.614285714285714,46.42638036809816,44.672332730560576
福建省,泉州市,泉港区,后龙镇,118.9343434,25.1442653,2.0,0.0,13.0,12.0,41.0,5.0,0.0,0.0,0.0,0.0,2.0,1.0,1.0,1.0,1.0,1.0,0.0,0.0,0.0,0.0,2.0,0.0,2.0,0.0,0.0,12.0,0.0,0.0,0.0,1.0,10.0,25.0,0.0,4.0,8.0,7.0,2.0,0.0,2.0,0.0,2.0,1.0,0.0,0.0,0.0,0.0,0.0,0.0,0.0,0.0,0.0,0.0,0.0,0.0,0.0,0.0,0.0,0.0,0.0,0.0,0.0,3.0,0.0,0.0,0.0,0.0,0.0,1.0,0.0,2.0,6.0,4.0,8278675740.0,17994747.0,泉州市泉港区,泉州市泉港区后龙镇,20.0,24.8,5.0,3.6,53.4,47.614285714285714,46.42638036809816,44.672332730560576
福建省,泉州市,泉港区,峰尾镇,118.9456005,25.1209356,2.0,0.0,6.0,10.0,30.0,4.0,0.0,0.0,0.0,0.0,2.0,0.0,1.0,1.0,1.0,1.0,0.0,0.0,0.0,0.0,2.0,0.0,0.0,0.0,0.0,13.0,6.0,0.0,0.0,3.0,10.0,19.0,0.0,3.0,7.0,6.0,2.0,0.0,0.0,6.0,15.0,0.0,0.0,0.0,0.0,0.0,0.0,0.0,0.0,0.0,0.0,0.0,0.0,0.0,0.0,0.0,1.0,0.0,0.0,0.0,0.0,4.0,0.0,0.0,0.0,1.0,0.0,1.0,0.0,2.0,4.0,4.0,8278675739.0,17994746.0,泉州市泉港区,泉州市泉港区峰尾镇,20.0,25.5,0.0,4.0,49.5,47.614285714285714,46.42638036809816,44.672332730560576
福建省,泉州市,泉港区,前黄镇,118.8614684,25.1313065,0.0,0.0,16.0,7.0,52.0,14.0,0.0,0.0,1.0,0.0,0.0,0.0,0.0,0.0,0.0,1.0,0.0,0.0,0.0,0.0,1.0,0.0,3.0,0.0,0.0,11.0,0.0,0.0,0.0,1.0,0.0,1.0,0.0,7.0,6.0,6.0,0.0,0.0,6.0,0.0,11.0,0.0,0.0,0.0,0.0,0.0,0.0,0.0,0.0,0.0,0.0,0.0,0.0,0.0,0.0,0.0,0.0,0.0,1.0,0.0,0.0,4.0,0.0,0.0,0.0,1.0,0.0,0.0,0.0,2.0,3.0,1.0,3331636101.0,17994745.0,泉州市泉港区,泉州市泉港区前黄镇,20.0,25.0,0.0,3.2,48.2,47.614285714285714,46.42638036809816,44.672332730560576
福建省,泉州市,泉港区,涂岭镇,118.8388883,25.1794981,2.0,0.0,16.0,0.0,80.0,5.0,0.0,0.0,0.0,1.0,0.0,0.0,0.0,0.0,2.0,2.0,0.0,0.0,0.0,0.0,2.0,0.0,1.0,0.0,0.0,8.0,1.0,0.0,0.0,0.0,0.0,2.0,1.0,6.0,11.0,8.0,2.0,0.0,0.0,0.0,17.0,0.0,0.0,0.0,0.0,0.0,0.0,0.0,0.0,0.0,0.0,0.0,0.0,0.0,0.0,0.0,0.0,0.0,0.0,0.0,0.0,3.0,0.0,0.0,0.0,0.0,0.0,0.0,0.0,5.0,4.0,1.0,8278675742.0,12117039.0,泉州市泉港区,泉州市泉港区涂岭镇,20.0,26.0,0.0,4.1,50.1,47.614285714285714,46.42638036809816,44.672332730560576
福建省,泉州市,惠安县,螺城镇,118.799393,25.040038,6.0,5.0,18.0,16.0,78.0,43.0,0.0,30.0,0.0,1.0,2.0,2.0,2.0,2.0,5.0,5.0,0.0,0.0,0.0,3.0,21.0,2.0,2.0,0.0,0.0,8.0,75.0,0.0,2.0,3.0,12.0,35.0,4.0,7.0,12.0,12.0,2.0,0.0,5.0,2.0,24.0,4.0,0.0,5.0,0.0,0.0,2.0,2.0,1.0,1.0,4.0,4.0,0.0,0.0,0.0,3.0,3.0,0.0,0.0,0.0,0.0,1.0,14.0,0.0,2.0,0.0,12.0,10.0,1.0,3.0,8.0,5.0,8279032373.0,19175619.0,泉州市惠安县,泉州市惠安县螺城镇,20.0,28.0,18.0,13.200000000000001,79.2,53.09375,46.42638036809816,44.672332730560576
福建省,泉州市,惠安县,螺阳镇,118.78319,25.0118416,18.0,5.0,21.0,32.0,70.0,11.0,0.0,20.0,0.0,2.0,3.0,2.0,2.0,2.0,2.0,2.0,0.0,0.0,0.0,2.0,42.0,0.0,10.0,2.0,1.0,4.0,24.0,0.0,0.0,0.0,1.0,16.0,2.0,7.0,13.0,14.0,10.0,0.0,10.0,14.0,14.0,0.0,0.0,0.0,0.0,1.0,0.0,1.0,0.0,0.0,0.0,0.0,0.0,0.0,0.0,0.0,2.0,0.0,1.0,0.0,0.0,1.0,2.0,0.0,0.0,0.0,0.0,3.0,0.0,4.0,4.0,5.0,7155896405.0,19175618.0,泉州市惠安县,泉州市惠安县螺阳镇,19.0,28.0,5.0,6.6,58.6,53.09375,46.42638036809816,44.672332730560576
福建省,泉州市,惠安县,黄塘镇,118.7051652,25.0157153,0.0,6.0,12.0,36.0,62.0,21.0,0.0,1.0,4.0,0.0,1.0,0.0,0.0,0.0,2.0,2.0,0.0,0.0,0.0,0.0,22.0,2.0,3.0,1.0,2.0,4.0,18.0,0.0,0.0,2.0,0.0,22.0,0.0,8.0,13.0,13.0,0.0,2.0,2.0,9.0,13.0,0.0,0.0,0.0,4.0,0.0,0.0,0.0,0.0,0.0,0.0,0.0,0.0,0.0,0.0,0.0,0.0,0.0,1.0,0.0,0.0,2.0,0.0,0.0,0.0,0.0,0.0,5.0,0.0,1.0,8.0,3.0,7187757802.0,19175605.0,泉州市惠安县,泉州市惠安县黄塘镇,19.0,28.0,0.0,6.0,53.0,53.09375,46.42638036809816,44.672332730560576
福建省,泉州市,惠安县,紫山镇,118.7265079,25.0495398,0.0,4.0,48.0,6.0,104.0,5.0,0.0,2.0,3.0,2.0,0.0,0.0,0.0,0.0,1.0,1.0,0.0,0.0,0.0,0.0,17.0,1.0,1.0,0.0,0.0,2.0,7.0,0.0,0.0,0.0,0.0,11.0,0.0,6.0,11.0,8.0,0.0,4.0,12.0,4.0,12.0,0.0,0.0,0.0,0.0,0.0,0.0,0.0,0.0,0.0,0.0,0.0,0.0,0.0,0.0,0.0,4.0,0.0,0.0,0.0,0.0,1.0,1.0,0.0,0.0,0.0,0.0,1.0,0.0,1.0,7.0,5.0,7187757801.0,19175604.0,泉州市惠安县,泉州市惠安县紫山镇,17.0,28.0,0.0,4.8,49.8,53.09375,46.42638036809816,44.672332730560576
福建省,泉州市,惠安县,洛阳镇,118.714028,24.957449,18.0,5.0,21.0,32.0,70.0,11.0,0.0,20.0,0.0,2.0,3.0,2.0,2.0,2.0,2.0,2.0,0.0,0.0,0.0,2.0,42.0,0.0,10.0,2.0,1.0,4.0,24.0,0.0,0.0,0.0,1.0,16.0,2.0,7.0,13.0,14.0,10.0,0.0,10.0,14.0,14.0,0.0,0.0,0.0,0.0,1.0,0.0,1.0,0.0,0.0,0.0,0.0,0.0,0.0,0.0,0.0,2.0,0.0,1.0,0.0,0.0,1.0,2.0,0.0,0.0,0.0,0.0,3.0,0.0,4.0,4.0,5.0,-1.0,-1.0,泉州市惠安县,泉州市惠安县洛阳镇,4.0,28.0,5.0,6.6,43.6,53.09375,46.42638036809816,44.672332730560576
福建省,泉州市,惠安县,东园镇,118.7500981,24.9191594,4.0,10.0,27.0,20.0,57.0,77.0,0.0,0.0,4.0,1.0,0.0,0.0,1.0,1.0,3.0,3.0,1.0,0.0,0.0,0.0,32.0,0.0,4.0,0.0,3.0,12.0,35.0,0.0,0.0,1.0,0.0,11.0,0.0,7.0,15.0,8.0,0.0,2.0,4.0,5.0,10.0,4.0,0.0,0.0,0.0,0.0,0.0,0.0,0.0,0.0,1.0,1.0,0.0,0.0,0.0,0.0,6.0,0.0,0.0,0.0,1.0,2.0,0.0,0.0,0.0,0.0,0.0,4.0,0.0,1.0,7.0,4.0,6863211433.0,19175608.0,泉州市惠安县,泉州市惠安县东园镇,20.0,28.0,5.0,7.6,60.6,53.09375,46.42638036809816,44.672332730560576
福建省,泉州市,惠安县,张坂镇,118.7987827,24.9058653,0.0,7.0,34.0,17.0,18.0,1.0,0.0,0.0,0.0,7.0,0.0,0.0,0.0,0.0,0.0,0.0,0.0,0.0,0.0,0.0,12.0,2.0,3.0,0.0,1.0,17.0,4.0,0.0,0.0,12.0,0.0,9.0,0.0,4.0,13.0,9.0,0.0,3.0,5.0,3.0,7.0,1.0,0.0,0.0,0.0,0.0,0.0,0.0,0.0,0.0,0.0,0.0,0.0,0.0,0.0,0.0,1.0,0.0,0.0,0.0,0.0,4.0,0.0,0.0,0.0,0.0,0.0,2.0,0.0,2.0,7.0,3.0,7153922225.0,19175609.0,泉州市惠安县,泉州市惠安县张坂镇,20.0,21.7,0.0,5.6,47.300000000000004,53.09375,46.42638036809816,44.672332730560576
福建省,泉州市,惠安县,崇武镇,118.9129694,24.8994339,2.0,0.0,5.0,4.0,83.0,2.0,0.0,18.0,0.0,0.0,0.0,0.0,0.0,0.0,0.0,0.0,0.0,0.0,0.0,0.0,4.0,0.0,0.0,0.0,0.0,11.0,11.0,0.0,0.0,2.0,0.0,4.0,2.0,4.0,10.0,9.0,0.0,0.0,2.0,0.0,25.0,0.0,0.0,0.0,0.0,0.0,0.0,0.0,0.0,0.0,0.0,0.0,0.0,0.0,0.0,0.0,1.0,0.0,0.0,0.0,0.0,3.0,0.0,0.0,0.0,0.0,0.0,2.0,0.0,1.0,3.0,2.0,7153964378.0,19175613.0,泉州市惠安县,泉州市惠安县崇武镇,20.0,24.0,0.0,5.3,49.3,53.09375,46.42638036809816,44.672332730560576
福建省,泉州市,惠安县,山霞镇,118.8797601,24.9410251,6.0,0.0,10.0,5.0,59.0,1.0,0.0,0.0,0.0,0.0,0.0,0.0,0.0,0.0,0.0,0.0,0.0,0.0,0.0,0.0,23.0,0.0,3.0,0.0,0.0,12.0,0.0,0.0,0.0,1.0,0.0,5.0,0.0,7.0,6.0,6.0,0.0,0.0,6.0,3.0,19.0,0.0,0.0,0.0,0.0,0.0,0.0,0.0,0.0,0.0,0.0,0.0,0.0,0.0,0.0,0.0,2.0,0.0,2.0,0.0,0.0,2.0,0.0,0.0,0.0,0.0,0.0,2.0,0.0,3.0,4.0,4.0,7153964379.0,19175612.0,泉州市惠安县,泉州市惠安县山霞镇,20.0,23.0,0.0,3.1,46.1,53.09375,46.42638036809816,44.672332730560576
福建省,泉州市,惠安县,涂寨镇,118.829166,24.9870061,0.0,0.0,11.0,14.0,37.0,12.0,0.0,0.0,0.0,0.0,0.0,0.0,0.0,0.0,0.0,0.0,0.0,0.0,0.0,0.0,17.0,0.0,3.0,0.0,0.0,17.0,20.0,0.0,0.0,0.0,0.0,8.0,0.0,5.0,11.0,6.0,0.0,0.0,2.0,8.0,13.0,2.0,0.0,0.0,0.0,0.0,0.0,0.0,0.0,0.0,0.0,0.0,0.0,0.0,0.0,0.0,1.0,0.0,1.0,0.0,0.0,5.0,0.0,0.0,0.0,0.0,0.0,6.0,0.0,1.0,6.0,4.0,7155896394.0,19175610.0,泉州市惠安县,泉州市惠安县涂寨镇,20.0,24.0,0.0,5.0,49.0,53.09375,46.42638036809816,44.672332730560576
福建省,泉州市,惠安县,东岭镇,118.8975284,24.985148,2.0,0.0,11.0,13.0,63.0,6.0,0.0,1.0,0.0,0.0,2.0,0.0,0.0,0.0,3.0,3.0,0.0,0.0,0.0,0.0,32.0,0.0,13.0,0.0,2.0,16.0,3.0,0.0,0.0,1.0,0.0,6.0,0.0,6.0,16.0,7.0,0.0,0.0,4.0,2.0,15.0,0.0,0.0,0.0,0.0,0.0,0.0,0.0,0.0,0.0,0.0,0.0,0.0,0.0,0.0,0.0,2.0,0.0,2.0,0.0,0.0,4.0,0.0,0.0,0.0,0.0,0.0,2.0,0.0,2.0,4.0,5.0,3331628083.0,19175611.0,泉州市惠安县,泉州市惠安县东岭镇,20.0,26.0,0.0,3.9,49.9,53.09375,46.42638036809816,44.672332730560576
福建省,泉州市,惠安县,东桥镇,118.9045185,25.0143717,6.0,0.0,7.0,11.0,37.0,4.0,0.0,0.0,0.0,0.0,2.0,0.0,0.0,0.0,0.0,0.0,0.0,0.0,0.0,0.0,34.0,0.0,8.0,0.0,1.0,9.0,3.0,0.0,0.0,1.0,0.0,2.0,0.0,5.0,7.0,8.0,6.0,0.0,2.0,1.0,3.0,0.0,0.0,0.0,0.0,0.0,0.0,0.0,0.0,0.0,0.0,0.0,0.0,0.0,0.0,0.0,6.0,0.0,0.0,0.0,0.0,2.0,0.0,0.0,0.0,0.0,0.0,1.0,0.0,2.0,4.0,3.0,3331629233.0,19175616.0,泉州市惠安县,泉州市惠安县东桥镇,20.0,23.8,0.0,4.4,48.199999999999996,53.09375,46.42638036809816,44.672332730560576
福建省,泉州市,惠安县,净峰镇,118.9698666,24.9802677,0.0,0.0,6.0,5.0,25.0,6.0,0.0,0.0,2.0,0.0,0.0,0.0,0.0,0.0,0.0,0.0,0.0,0.0,0.0,0.0,4.0,0.0,0.0,0.0,0.0,6.0,0.0,0.0,0.0,0.0,0.0,2.0,0.0,4.0,10.0,4.0,0.0,0.0,1.0,2.0,3.0,2.0,0.0,0.0,0.0,0.0,0.0,0.0,0.0,0.0,0.0,0.0,0.0,0.0,0.0,0.0,1.0,0.0,0.0,0.0,0.0,1.0,0.0,0.0,0.0,0.0,0.0,1.0,0.0,1.0,5.0,3.0,7171428012.0,19175615.0,泉州市惠安县,泉州市惠安县净峰镇,20.0,21.9,0.0,2.0,43.9,53.09375,46.42638036809816,44.672332730560576
福建省,泉州市,惠安县,小岞镇,118.9914203,24.9543852,0.0,0.0,1.0,2.0,22.0,0.0,0.0,0.0,2.0,0.0,0.0,1.0,0.0,0.0,0.0,0.0,0.0,0.0,0.0,0.0,1.0,0.0,0.0,0.0,0.0,7.0,0.0,0.0,0.0,0.0,0.0,4.0,0.0,2.0,8.0,6.0,0.0,0.0,1.0,2.0,10.0,0.0,0.0,0.0,0.0,0.0,0.0,1.0,0.0,0.0,0.0,0.0,0.0,0.0,0.0,0.0,1.0,0.0,0.0,0.0,0.0,4.0,0.0,0.0,0.0,0.0,0.0,2.0,0.0,1.0,4.0,3.0,5952795458.0,19175614.0,泉州市惠安县,泉州市惠安县小岞镇,20.0,20.4,5.0,3.0,48.4,53.09375,46.42638036809816,44.672332730560576
福建省,泉州市,惠安县,辋川镇,118.8520136,25.077957,6.0,0.0,3.0,8.0,34.0,8.0,0.0,1.0,1.0,0.0,0.0,1.0,0.0,0.0,2.0,2.0,0.0,0.0,0.0,0.0,5.0,0.0,0.0,0.0,1.0,11.0,3.0,0.0,0.0,3.0,0.0,2.0,0.0,5.0,7.0,7.0,6.0,0.0,1.0,1.0,13.0,1.0,0.0,1.0,0.0,0.0,0.0,1.0,0.0,0.0,2.0,2.0,0.0,0.0,0.0,0.0,1.0,0.0,0.0,0.0,0.0,3.0,0.0,0.0,0.0,0.0,0.0,1.0,0.0,4.0,7.0,5.0,7154279510.0,19175617.0,泉州市惠安县,泉州市惠安县辋川镇,20.0,25.5,10.0,4.1,59.6,53.09375,46.42638036809816,44.672332730560576
福建省,泉州市,惠安县,百崎回族乡,118.7163789,24.8841991,26.0,19.0,26.0,14.0,33.0,66.0,0.0,0.0,0.0,1.0,0.0,0.0,0.0,0.0,1.0,1.0,0.0,0.0,0.0,0.0,15.0,0.0,1.0,0.0,0.0,10.0,66.0,0.0,0.0,3.0,1.0,13.0,14.0,11.0,12.0,12.0,0.0,2.0,0.0,5.0,10.0,0.0,0.0,0.0,0.0,0.0,0.0,0.0,0.0,0.0,1.0,1.0,0.0,0.0,0.0,0.0,1.0,0.0,0.0,0.0,0.0,4.0,15.0,0.0,0.0,0.0,0.0,2.0,0.0,1.0,4.0,5.0,7153920219.0,19175603.0,泉州市惠安县,泉州市惠安县百崎回族乡,20.0,25.6,5.0,12.4,63.0,53.09375,46.42638036809816,44.672332730560576
福建省,泉州市,安溪县,凤城镇,118.1804788,25.0552689,0.0,19.0,67.0,70.0,141.0,13.0,0.0,15.0,1.0,0.0,0.0,2.0,2.0,2.0,9.0,9.0,1.0,0.0,0.0,0.0,31.0,2.0,1.0,1.0,0.0,12.0,8.0,0.0,0.0,2.0,2.0,33.0,3.0,9.0,13.0,10.0,0.0,0.0,25.0,30.0,25.0,5.0,0.0,1.0,0.0,0.0,0.0,1.0,1.0,1.0,3.0,3.0,0.0,0.0,0.0,0.0,16.0,0.0,0.0,0.0,0.0,3.0,3.0,0.0,0.0,2.0,0.0,5.0,1.0,3.0,6.0,6.0,5099791669.0,-1.0,泉州市安溪县,泉州市安溪县凤城镇,12.0,26.0,15.0,5.5,58.5,34.71666666666666,46.42638036809816,44.672332730560576
福建省,泉州市,安溪县,蓬莱镇,118.092589,25.1378988,0.0,4.0,0.0,12.0,148.0,7.0,0.0,0.0,0.0,0.0,0.0,0.0,0.0,0.0,0.0,0.0,0.0,0.0,0.0,0.0,10.0,0.0,0.0,0.0,0.0,4.0,2.0,0.0,0.0,0.0,0.0,4.0,2.0,4.0,7.0,7.0,0.0,0.0,0.0,5.0,77.0,0.0,0.0,0.0,0.0,0.0,0.0,0.0,0.0,0.0,0.0,0.0,0.0,0.0,0.0,0.0,3.0,0.0,0.0,0.0,0.0,3.0,0.0,0.0,0.0,0.0,0.0,3.0,0.0,1.0,3.0,3.0,7922023164.0,-1.0,泉州市安溪县,泉州市安溪县蓬莱镇,11.0,23.5,0.0,3.7,38.2,34.71666666666666,46.42638036809816,44.672332730560576
福建省,泉州市,安溪县,湖头镇,118.0321413,25.2359479,0.0,4.0,24.0,18.0,26.0,18.0,0.0,2.0,1.0,0.0,0.0,1.0,1.0,1.0,1.0,1.0,0.0,0.0,0.0,0.0,2.0,0.0,4.0,0.0,0.0,3.0,9.0,0.0,0.0,5.0,0.0,6.0,0.0,3.0,11.0,7.0,0.0,0.0,16.0,12.0,8.0,6.0,0.0,0.0,0.0,0.0,0.0,1.0,0.0,0.0,0.0,0.0,0.0,0.0,0.0,0.0,1.0,0.0,2.0,0.0,0.0,1.0,3.0,0.0,0.0,1.0,0.0,2.0,0.0,2.0,5.0,4.0,2085714334.0,-1.0,泉州市安溪县,泉州市安溪县湖头镇,10.0,23.6,5.0,5.3,43.9,34.71666666666666,46.42638036809816,44.672332730560576
福建省,泉州市,安溪县,官桥镇,118.0916834,25.0231923,4.0,1.0,0.0,20.0,124.0,0.0,0.0,0.0,0.0,0.0,0.0,0.0,1.0,1.0,0.0,0.0,0.0,0.0,0.0,0.0,0.0,0.0,0.0,0.0,0.0,2.0,0.0,0.0,0.0,0.0,0.0,2.0,0.0,5.0,7.0,3.0,4.0,1.0,0.0,8.0,31.0,0.0,0.0,0.0,0.0,0.0,0.0,0.0,1.0,1.0,0.0,0.0,0.0,0.0,0.0,0.0,0.0,0.0,0.0,0.0,0.0,1.0,0.0,0.0,0.0,0.0,0.0,2.0,0.0,2.0,5.0,2.0,8172297295.0,-1.0,泉州市安溪县,泉州市安溪县官桥镇,9.0,23.5,5.0,1.5,39.0,34.71666666666666,46.42638036809816,44.672332730560576
福建省,泉州市,安溪县,剑斗镇,117.9281432,25.3221684,0.0,5.0,5.0,2.0,49.0,10.0,0.0,8.0,2.0,0.0,0.0,0.0,0.0,0.0,3.0,3.0,0.0,0.0,0.0,0.0,0.0,0.0,3.0,0.0,3.0,1.0,9.0,0.0,0.0,0.0,0.0,3.0,0.0,3.0,12.0,12.0,0.0,3.0,2.0,1.0,28.0,2.0,0.0,8.0,0.0,0.0,0.0,0.0,0.0,0.0,3.0,3.0,0.0,0.0,0.0,0.0,0.0,0.0,0.0,0.0,3.0,1.0,2.0,0.0,0.0,0.0,0.0,3.0,0.0,2.0,9.0,9.0,7154744786.0,-1.0,泉州市安溪县,泉州市安溪县剑斗镇,8.0,26.0,5.0,5.1,44.1,34.71666666666666,46.42638036809816,44.672332730560576
福建省,泉州市,安溪县,城厢镇,118.1906689,25.0488359,0.0,20.0,65.0,65.0,90.0,14.0,0.0,14.0,1.0,0.0,0.0,2.0,1.0,1.0,9.0,9.0,1.0,0.0,0.0,0.0,31.0,2.0,1.0,1.0,0.0,10.0,8.0,0.0,0.0,2.0,2.0,29.0,3.0,7.0,13.0,9.0,0.0,8.0,27.0,26.0,15.0,1.0,0.0,0.0,0.0,0.0,0.0,0.0,0.0,0.0,4.0,4.0,0.0,0.0,0.0,0.0,11.0,2.0,0.0,1.0,0.0,4.0,1.0,0.0,0.0,0.0,0.0,4.0,0.0,1.0,6.0,7.0,8182399838.0,-1.0,泉州市安溪县,泉州市安溪县城厢镇,12.0,26.0,10.0,5.1,53.1,34.71666666666666,46.42638036809816,44.672332730560576
福建省,泉州市,安溪县,金谷镇,118.1161937,25.1704966,0.0,8.0,2.0,9.0,37.0,0.0,0.0,0.0,1.0,0.0,0.0,1.0,0.0,0.0,0.0,0.0,0.0,0.0,0.0,0.0,8.0,0.0,0.0,0.0,0.0,2.0,2.0,0.0,0.0,0.0,0.0,0.0,0.0,4.0,10.0,3.0,0.0,6.0,2.0,3.0,8.0,0.0,0.0,0.0,0.0,0.0,0.0,1.0,0.0,0.0,0.0,0.0,0.0,0.0,0.0,0.0,1.0,0.0,0.0,0.0,0.0,1.0,1.0,0.0,0.0,0.0,0.0,0.0,0.0,4.0,7.0,3.0,2085714341.0,-1.0,泉州市安溪县,泉州市安溪县金谷镇,9.0,25.8,5.0,1.8,41.599999999999994,34.71666666666666,46.42638036809816,44.672332730560576
福建省,泉州市,安溪县,龙门镇,118.0853119,24.9537403,0.0,3.0,0.0,4.0,53.0,2.0,0.0,0.0,0.0,0.0,0.0,0.0,0.0,0.0,0.0,0.0,0.0,0.0,0.0,0.0,0.0,0.0,0.0,0.0,0.0,2.0,0.0,0.0,0.0,0.0,0.0,0.0,0.0,4.0,8.0,2.0,0.0,3.0,0.0,1.0,10.0,2.0,0.0,0.0,0.0,0.0,0.0,0.0,0.0,0.0,0.0,0.0,0.0,0.0,0.0,0.0,0.0,0.0,0.0,0.0,0.0,1.0,0.0,0.0,0.0,0.0,0.0,0.0,0.0,1.0,5.0,1.0,8182399852.0,-1.0,泉州市安溪县,泉州市安溪县龙门镇,9.0,24.0,0.0,1.0,34.0,34.71666666666666,46.42638036809816,44.672332730560576
福建省,泉州市,安溪县,虎邱镇,117.9978643,25.0149771,5.0,0.0,0.0,7.0,52.0,0.0,0.0,0.0,0.0,0.0,0.0,0.0,0.0,0.0,0.0,0.0,0.0,0.0,0.0,0.0,0.0,0.0,0.0,0.0,0.0,7.0,0.0,0.0,0.0,1.0,0.0,0.0,0.0,4.0,5.0,2.0,5.0,0.0,0.0,0.0,33.0,0.0,0.0,0.0,0.0,0.0,0.0,0.0,0.0,0.0,0.0,0.0,0.0,0.0,0.0,0.0,0.0,0.0,0.0,0.0,0.0,3.0,0.0,0.0,0.0,0.0,0.0,0.0,0.0,3.0,3.0,2.0,8270351422.0,-1.0,泉州市安溪县,泉州市安溪县虎邱镇,12.0,22.5,0.0,1.1,35.6,34.71666666666666,46.42638036809816,44.672332730560576
福建省,泉州市,安溪县,芦田镇,117.8249446,25.0216849,5.0,0.0,2.0,0.0,3.0,0.0,0.0,0.0,0.0,0.0,0.0,0.0,0.0,0.0,0.0,0.0,0.0,0.0,0.0,0.0,0.0,0.0,0.0,0.0,0.0,2.0,0.0,0.0,0.0,0.0,0.0,0.0,0.0,2.0,3.0,3.0,3.0,0.0,0.0,0.0,3.0,0.0,0.0,0.0,0.0,0.0,0.0,0.0,0.0,0.0,0.0,0.0,0.0,0.0,0.0,0.0,0.0,0.0,0.0,0.0,0.0,1.0,0.0,0.0,0.0,0.0,0.0,0.0,0.0,2.0,2.0,2.0,8270351423.0,-1.0,泉州市安溪县,泉州市安溪县芦田镇,9.0,8.0,0.0,1.5,18.5,34.71666666666666,46.42638036809816,44.672332730560576
福建省,泉州市,安溪县,感德镇,117.8476555,25.2996827,0.0,0.0,13.0,2.0,42.0,0.0,0.0,4.0,0.0,0.0,0.0,0.0,0.0,0.0,0.0,0.0,0.0,0.0,0.0,1.0,0.0,0.0,0.0,0.0,0.0,1.0,8.0,0.0,0.0,0.0,1.0,1.0,0.0,3.0,7.0,4.0,0.0,0.0,6.0,1.0,19.0,0.0,0.0,1.0,0.0,0.0,0.0,0.0,0.0,0.0,0.0,0.0,0.0,0.0,0.0,1.0,0.0,0.0,0.0,0.0,0.0,1.0,6.0,0.0,0.0,0.0,1.0,1.0,0.0,2.0,5.0,3.0,7154744785.0,-1.0,泉州市安溪县,泉州市安溪县感德镇,8.0,23.5,1.0,3.4000000000000004,35.9,34.71666666666666,46.42638036809816,44.672332730560576
福建省,泉州市,安溪县,魁斗镇,118.1549845,25.133747,12.0,3.0,0.0,0.0,44.0,1.0,0.0,0.0,1.0,0.0,0.0,0.0,0.0,0.0,0.0,0.0,0.0,0.0,0.0,0.0,0.0,0.0,0.0,0.0,0.0,6.0,1.0,0.0,0.0,1.0,0.0,0.0,0.0,3.0,6.0,5.0,6.0,1.0,0.0,0.0,12.0,0.0,0.0,0.0,0.0,0.0,0.0,0.0,0.0,0.0,0.0,0.0,0.0,0.0,0.0,0.0,0.0,0.0,0.0,0.0,0.0,1.0,0.0,0.0,0.0,1.0,0.0,0.0,0.0,3.0,3.0,5.0,8270351430.0,-1.0,泉州市安溪县,泉州市安溪县魁斗镇,12.0,22.4,0.0,2.8,37.199999999999996,34.71666666666666,46.42638036809816,44.672332730560576
福建省,泉州市,安溪县,西坪镇,117.9434493,25.0235764,2.0,0.0,0.0,23.0,21.0,0.0,0.0,0.0,0.0,0.0,0.0,0.0,0.0,0.0,0.0,0.0,0.0,0.0,0.0,0.0,0.0,0.0,0.0,0.0,0.0,6.0,0.0,0.0,0.0,0.0,0.0,0.0,1.0,3.0,4.0,3.0,1.0,0.0,0.0,14.0,13.0,0.0,0.0,0.0,0.0,0.0,0.0,0.0,0.0,0.0,0.0,0.0,0.0,0.0,0.0,0.0,0.0,0.0,0.0,0.0,0.0,2.0,0.0,0.0,0.0,0.0,0.0,0.0,0.0,2.0,3.0,1.0,4660358145.0,-1.0,泉州市安溪县,泉州市安溪县西坪镇,12.0,20.1,0.0,1.5,33.6,34.71666666666666,46.42638036809816,44.672332730560576
福建省,泉州市,安溪县,参内镇,118.2159179,25.0778263,0.0,22.0,30.0,33.0,38.0,5.0,0.0,9.0,1.0,0.0,0.0,1.0,0.0,0.0,5.0,5.0,0.0,0.0,0.0,0.0,13.0,1.0,0.0,0.0,0.0,4.0,7.0,0.0,1.0,1.0,1.0,13.0,2.0,7.0,16.0,9.0,0.0,0.0,7.0,18.0,9.0,0.0,0.0,1.0,0.0,0.0,0.0,0.0,0.0,0.0,0.0,0.0,0.0,0.0,0.0,0.0,0.0,0.0,0.0,0.0,0.0,1.0,1.0,0.0,1.0,0.0,0.0,2.0,0.0,1.0,6.0,4.0,8182398652.0,-1.0,泉州市安溪县,泉州市安溪县参内镇,11.0,26.0,5.0,4.9,46.9,34.71666666666666,46.42638036809816,44.672332730560576
福建省,泉州市,安溪县,长卿镇,117.867405,25.196375,0.0,3.0,9.0,3.0,15.0,0.0,0.0,0.0,0.0,0.0,0.0,0.0,0.0,0.0,0.0,0.0,0.0,0.0,0.0,0.0,34.0,0.0,0.0,0.0,0.0,1.0,0.0,0.0,0.0,0.0,0.0,0.0,0.0,1.0,5.0,2.0,0.0,1.0,4.0,1.0,8.0,0.0,0.0,0.0,0.0,0.0,0.0,0.0,0.0,0.0,0.0,0.0,0.0,0.0,0.0,0.0,8.0,0.0,0.0,0.0,0.0,1.0,0.0,0.0,0.0,0.0,0.0,0.0,0.0,1.0,5.0,1.0,8270351425.0,-1.0,泉州市安溪县,泉州市安溪县长卿镇,8.0,15.9,0.0,1.0,24.9,34.71666666666666,46.42638036809816,44.672332730560576
福建省,泉州市,安溪县,白濑乡,118.0280868,25.2771201,0.0,1.0,0.0,2.0,1.0,2.0,0.0,0.0,0.0,0.0,0.0,0.0,0.0,0.0,0.0,0.0,0.0,0.0,0.0,0.0,0.0,0.0,1.0,0.0,0.0,1.0,4.0,0.0,0.0,0.0,0.0,0.0,0.0,5.0,5.0,4.0,0.0,1.0,0.0,1.0,0.0,2.0,0.0,0.0,0.0,0.0,0.0,0.0,0.0,0.0,0.0,0.0,0.0,0.0,0.0,0.0,0.0,0.0,0.0,0.0,0.0,1.0,0.0,0.0,0.0,0.0,0.0,0.0,0.0,2.0,3.0,1.0,2085714328.0,-1.0,泉州市安溪县,泉州市安溪县白濑乡,8.0,9.7,0.0,2.4,20.099999999999998,34.71666666666666,46.42638036809816,44.672332730560576
福建省,泉州市,安溪县,湖上乡,117.962778,25.246944,0.0,0.0,2.0,8.0,0.0,0.0,0.0,0.0,0.0,0.0,0.0,0.0,0.0,0.0,0.0,0.0,0.0,0.0,0.0,0.0,0.0,0.0,0.0,0.0,0.0,2.0,0.0,0.0,0.0,0.0,0.0,0.0,0.0,1.0,4.0,2.0,0.0,0.0,0.0,4.0,0.0,0.0,0.0,0.0,0.0,0.0,0.0,0.0,0.0,0.0,0.0,0.0,0.0,0.0,0.0,0.0,0.0,0.0,0.0,0.0,0.0,1.0,0.0,0.0,0.0,0.0,0.0,0.0,0.0,1.0,1.0,1.0,8270351429.0,-1.0,泉州市安溪县,泉州市安溪县湖上乡,9.0,12.0,0.0,1.0,22.0,34.71666666666666,46.42638036809816,44.672332730560576
福建省,泉州市,安溪县,尚卿乡,117.965074,25.108273,0.0,1.0,7.0,21.0,30.0,0.0,0.0,0.0,0.0,0.0,0.0,0.0,0.0,0.0,0.0,0.0,0.0,0.0,0.0,0.0,8.0,0.0,0.0,0.0,0.0,1.0,1.0,0.0,0.0,0.0,0.0,1.0,0.0,1.0,5.0,4.0,0.0,1.0,3.0,15.0,11.0,0.0,0.0,0.0,0.0,0.0,0.0,0.0,0.0,0.0,0.0,0.0,0.0,0.0,0.0,0.0,2.0,0.0,0.0,0.0,0.0,1.0,0.0,0.0,0.0,0.0,0.0,1.0,0.0,1.0,5.0,3.0,8270351432.0,-1.0,泉州市安溪县,泉州市安溪县尚卿乡,8.0,21.8,0.0,2.1,31.900000000000002,34.71666666666666,46.42638036809816,44.672332730560576
福建省,泉州市,安溪县,大坪乡,117.9721986,24.8963814,0.0,0.0,5.0,7.0,2.0,0.0,0.0,0.0,0.0,0.0,0.0,0.0,0.0,0.0,0.0,0.0,0.0,0.0,0.0,0.0,4.0,0.0,0.0,0.0,0.0,5.0,0.0,0.0,0.0,2.0,0.0,0.0,0.0,6.0,3.0,3.0,0.0,0.0,2.0,4.0,1.0,0.0,0.0,0.0,0.0,0.0,0.0,0.0,0.0,0.0,0.0,0.0,0.0,0.0,0.0,0.0,3.0,0.0,0.0,0.0,0.0,2.0,0.0,0.0,0.0,2.0,0.0,0.0,0.0,1.0,3.0,3.0,2481309330.0,-1.0,泉州市安溪县,泉州市安溪县大坪乡,12.0,12.2,0.0,1.9,26.099999999999998,34.71666666666666,46.42638036809816,44.672332730560576
福建省,泉州市,安溪县,龙涓乡,117.7316312,24.96077,0.0,0.0,8.0,22.0,45.0,0.0,0.0,0.0,0.0,0.0,0.0,0.0,0.0,0.0,1.0,1.0,0.0,0.0,0.0,0.0,0.0,0.0,0.0,0.0,0.0,7.0,0.0,0.0,0.0,2.0,0.0,0.0,0.0,2.0,4.0,2.0,0.0,0.0,3.0,9.0,17.0,0.0,0.0,0.0,0.0,0.0,0.0,0.0,0.0,0.0,1.0,1.0,0.0,0.0,0.0,0.0,0.0,0.0,0.0,0.0,0.0,1.0,0.0,0.0,0.0,2.0,0.0,0.0,0.0,2.0,4.0,1.0,2481309342.0,-1.0,泉州市安溪县,泉州市安溪县龙涓乡,12.0,22.0,5.0,1.4,40.4,34.71666666666666,46.42638036809816,44.672332730560576
福建省,泉州市,安溪县,蓝田乡,117.8739347,25.1343454,0.0,0.0,10.0,4.0,16.0,0.0,0.0,1.0,0.0,0.0,0.0,0.0,0.0,0.0,0.0,0.0,0.0,0.0,0.0,0.0,0.0,0.0,0.0,0.0,0.0,1.0,0.0,0.0,0.0,0.0,0.0,0.0,0.0,2.0,5.0,4.0,0.0,0.0,4.0,4.0,13.0,0.0,0.0,1.0,0.0,0.0,0.0,0.0,0.0,0.0,0.0,0.0,0.0,0.0,0.0,0.0,0.0,0.0,0.0,0.0,0.0,1.0,0.0,0.0,0.0,0.0,0.0,0.0,0.0,1.0,5.0,0.0,8270351424.0,-1.0,泉州市安溪县,泉州市安溪县蓝田乡,8.0,18.6,0.0,2.0,28.6,34.71666666666666,46.42638036809816,44.672332730560576
福建省,泉州市,安溪县,祥华乡,117.734533,25.188151,0.0,11.0,6.0,9.0,13.0,0.0,0.0,0.0,0.0,0.0,0.0,0.0,0.0,0.0,0.0,0.0,0.0,0.0,0.0,0.0,6.0,0.0,0.0,0.0,0.0,5.0,0.0,0.0,0.0,1.0,0.0,0.0,0.0,2.0,6.0,4.0,0.0,3.0,4.0,7.0,12.0,0.0,0.0,0.0,0.0,0.0,0.0,0.0,0.0,0.0,0.0,0.0,0.0,0.0,0.0,0.0,1.0,0.0,0.0,0.0,0.0,3.0,0.0,0.0,0.0,1.0,0.0,0.0,0.0,2.0,5.0,4.0,8270351426.0,-1.0,泉州市安溪县,泉州市安溪县祥华乡,12.0,19.2,0.0,2.2,33.4,34.71666666666666,46.42638036809816,44.672332730560576
福建省,泉州市,安溪县,桃舟乡,117.769772,25.353994,0.0,0.0,7.0,8.0,2.0,0.0,0.0,0.0,0.0,0.0,0.0,0.0,0.0,0.0,0.0,0.0,0.0,0.0,0.0,0.0,0.0,0.0,0.0,0.0,0.0,1.0,0.0,0.0,0.0,0.0,0.0,0.0,0.0,1.0,3.0,2.0,0.0,0.0,5.0,4.0,1.0,0.0,0.0,0.0,0.0,0.0,0.0,0.0,0.0,0.0,0.0,0.0,0.0,0.0,0.0,0.0,0.0,0.0,0.0,0.0,0.0,1.0,0.0,0.0,0.0,0.0,0.0,0.0,0.0,1.0,3.0,2.0,8270351428.0,-1.0,泉州市安溪县,泉州市安溪县桃舟乡,8.0,12.2,0.0,1.0,21.2,34.71666666666666,46.42638036809816,44.672332730560576
福建省,泉州市,安溪县,福田乡,117.613179,25.264674,0.0,0.0,5.0,3.0,13.0,0.0,0.0,0.0,0.0,0.0,0.0,0.0,0.0,0.0,0.0,0.0,0.0,0.0,0.0,0.0,6.0,0.0,2.0,0.0,0.0,2.0,0.0,0.0,0.0,0.0,0.0,0.0,0.0,7.0,4.0,4.0,0.0,0.0,4.0,3.0,3.0,0.0,0.0,0.0,0.0,0.0,0.0,0.0,0.0,0.0,0.0,0.0,0.0,0.0,0.0,0.0,2.0,0.0,0.0,0.0,0.0,1.0,0.0,0.0,0.0,0.0,0.0,0.0,0.0,7.0,4.0,3.0,8270351427.0,-1.0,泉州市安溪县,泉州市安溪县福田乡,9.0,13.5,0.0,2.0,24.5,34.71666666666666,46.42638036809816,44.672332730560576
福建省,泉州市,永春县,桃城镇,118.2922374,25.3253384,10.0,14.0,39.0,40.0,293.0,116.0,0.0,95.0,12.0,3.0,0.0,5.0,3.0,3.0,16.0,18.0,2.0,0.0,1.0,2.0,54.0,0.0,2.0,0.0,0.0,9.0,170.0,0.0,2.0,0.0,0.0,71.0,7.0,6.0,11.0,9.0,2.0,0.0,20.0,17.0,124.0,21.0,0.0,27.0,0.0,0.0,0.0,3.0,1.0,1.0,7.0,8.0,0.0,0.0,0.0,0.0,12.0,0.0,0.0,0.0,0.0,2.0,76.0,0.0,2.0,0.0,0.0,25.0,4.0,4.0,7.0,7.0,2086278666.0,14532730.0,泉州市永春县,泉州市永春县桃城镇,20.0,28.0,15.0,20.0,83.0,36.42727272727273,46.42638036809816,44.672332730560576
福建省,泉州市,永春县,五里街镇,118.2691756,25.3325518,26.0,13.0,29.0,26.0,245.0,130.0,0.0,63.0,12.0,2.0,0.0,5.0,3.0,3.0,16.0,17.0,2.0,0.0,1.0,2.0,46.0,0.0,1.0,0.0,0.0,8.0,128.0,0.0,0.0,0.0,0.0,50.0,5.0,7.0,13.0,9.0,0.0,2.0,13.0,6.0,79.0,45.0,0.0,2.0,0.0,0.0,0.0,2.0,0.0,0.0,7.0,8.0,1.0,0.0,1.0,2.0,25.0,0.0,1.0,0.0,0.0,5.0,38.0,0.0,0.0,0.0,0.0,6.0,1.0,2.0,7.0,6.0,2087024601.0,14532729.0,泉州市永春县,泉州市永春县五里街镇,20.0,28.0,19.0,20.0,87.0,36.42727272727273,46.42638036809816,44.672332730560576
福建省,泉州市,永春县,一都镇,117.8068354,25.4573882,0.0,6.0,4.0,4.0,37.0,3.0,0.0,8.0,0.0,0.0,0.0,0.0,0.0,0.0,0.0,0.0,0.0,0.0,0.0,0.0,0.0,0.0,4.0,0.0,0.0,2.0,82.0,0.0,0.0,0.0,0.0,0.0,0.0,1.0,8.0,4.0,0.0,3.0,3.0,1.0,19.0,0.0,0.0,8.0,0.0,0.0,0.0,0.0,0.0,0.0,0.0,0.0,0.0,0.0,0.0,0.0,0.0,0.0,0.0,0.0,0.0,1.0,82.0,0.0,0.0,0.0,0.0,0.0,0.0,1.0,7.0,2.0,8267526632.0,-1.0,泉州市永春县,泉州市永春县一都镇,9.0,24.0,0.0,18.0,51.0,36.42727272727273,46.42638036809816,44.672332730560576
福建省,泉州市,永春县,下洋镇,117.998333,25.495556,7.0,3.0,4.0,1.0,3.0,0.0,0.0,0.0,1.0,0.0,1.0,0.0,0.0,0.0,0.0,0.0,0.0,0.0,0.0,0.0,0.0,0.0,0.0,0.0,0.0,1.0,1.0,0.0,0.0,0.0,0.0,2.0,0.0,3.0,9.0,3.0,3.0,1.0,0.0,0.0,1.0,0.0,0.0,0.0,1.0,0.0,0.0,0.0,0.0,0.0,0.0,0.0,0.0,0.0,0.0,0.0,0.0,0.0,0.0,0.0,0.0,1.0,0.0,0.0,0.0,0.0,0.0,0.0,0.0,3.0,4.0,1.0,8267526634.0,-1.0,泉州市永春县,泉州市永春县下洋镇,8.0,14.9,0.0,1.6,24.5,36.42727272727273,46.42638036809816,44.672332730560576
福建省,泉州市,永春县,蓬壶镇,118.1596518,25.3827039,0.0,6.0,1.0,6.0,16.0,0.0,0.0,0.0,1.0,0.0,0.0,0.0,1.0,1.0,0.0,0.0,0.0,0.0,0.0,0.0,0.0,0.0,0.0,0.0,0.0,4.0,0.0,0.0,0.0,2.0,0.0,3.0,0.0,4.0,9.0,2.0,0.0,5.0,0.0,3.0,11.0,0.0,0.0,0.0,1.0,0.0,0.0,0.0,1.0,1.0,0.0,0.0,0.0,0.0,0.0,0.0,0.0,0.0,0.0,0.0,0.0,4.0,0.0,0.0,0.0,1.0,0.0,1.0,0.0,4.0,6.0,2.0,2086278665.0,-1.0,泉州市永春县,泉州市永春县蓬壶镇,11.0,22.5,5.0,1.3,39.8,36.42727272727273,46.42638036809816,44.672332730560576
福建省,泉州市,永春县,达埔镇,118.1621501,25.3106299,29.0,1.0,0.0,9.0,13.0,4.0,0.0,0.0,0.0,0.0,2.0,0.0,0.0,0.0,0.0,0.0,0.0,0.0,0.0,0.0,0.0,0.0,0.0,0.0,0.0,3.0,2.0,0.0,0.0,0.0,0.0,1.0,0.0,8.0,10.0,3.0,14.0,1.0,0.0,2.0,4.0,0.0,0.0,0.0,0.0,0.0,0.0,0.0,0.0,0.0,0.0,0.0,0.0,0.0,0.0,0.0,0.0,0.0,0.0,0.0,0.0,2.0,0.0,0.0,0.0,0.0,0.0,0.0,0.0,6.0,7.0,1.0,3380658177.0,-1.0,泉州市永春县,泉州市永春县达埔镇,10.0,19.8,0.0,1.7,31.5,36.42727272727273,46.42638036809816,44.672332730560576
福建省,泉州市,永春县,吾峰镇,118.240556,25.3925,0.0,1.0,7.0,0.0,2.0,0.0,0.0,0.0,0.0,0.0,0.0,0.0,0.0,0.0,0.0,0.0,0.0,0.0,0.0,0.0,0.0,0.0,0.0,0.0,0.0,1.0,0.0,0.0,0.0,0.0,0.0,0.0,0.0,3.0,4.0,1.0,0.0,1.0,4.0,0.0,1.0,0.0,0.0,0.0,0.0,0.0,0.0,0.0,0.0,0.0,0.0,0.0,0.0,0.0,0.0,0.0,0.0,0.0,0.0,0.0,0.0,1.0,0.0,0.0,0.0,0.0,0.0,0.0,0.0,1.0,3.0,0.0,8267526629.0,-1.0,泉州市永春县,泉州市永春县吾峰镇,8.0,7.7,0.0,0.5,16.2,36.42727272727273,46.42638036809816,44.672332730560576
福建省,泉州市,永春县,石鼓镇,118.247,25.339148,23.0,6.0,12.0,5.0,58.0,65.0,0.0,1.0,0.0,0.0,0.0,2.0,1.0,1.0,5.0,6.0,1.0,0.0,1.0,2.0,25.0,0.0,1.0,0.0,0.0,6.0,32.0,0.0,0.0,0.0,0.0,5.0,1.0,5.0,9.0,7.0,6.0,2.0,0.0,0.0,0.0,10.0,0.0,0.0,0.0,0.0,0.0,0.0,0.0,0.0,0.0,0.0,0.0,0.0,0.0,0.0,0.0,0.0,0.0,0.0,0.0,1.0,0.0,0.0,0.0,0.0,0.0,0.0,0.0,3.0,3.0,2.0,8267526628.0,-1.0,泉州市永春县,泉州市永春县石鼓镇,12.0,24.0,5.0,6.7,47.7,36.42727272727273,46.42638036809816,44.672332730560576
福建省,泉州市,永春县,岵山镇,118.2542777,25.2836484,17.0,2.0,3.0,14.0,111.0,7.0,0.0,23.0,0.0,0.0,1.0,0.0,0.0,0.0,2.0,2.0,0.0,0.0,0.0,1.0,41.0,0.0,0.0,0.0,0.0,7.0,424.0,0.0,10.0,3.0,0.0,9.0,22.0,6.0,15.0,11.0,6.0,0.0,0.0,11.0,61.0,3.0,0.0,6.0,0.0,0.0,1.0,0.0,0.0,0.0,2.0,2.0,0.0,0.0,0.0,1.0,25.0,0.0,0.0,0.0,0.0,5.0,319.0,0.0,10.0,1.0,0.0,7.0,17.0,5.0,8.0,8.0,3380675220.0,-1.0,泉州市永春县,泉州市永春县岵山镇,12.0,26.0,6.0,20.0,64.0,36.42727272727273,46.42638036809816,44.672332730560576
福建省,泉州市,永春县,东平镇,118.3335531,25.3075024,9.0,1.0,4.0,13.0,9.0,2.0,0.0,10.0,0.0,1.0,0.0,0.0,0.0,0.0,0.0,0.0,0.0,0.0,0.0,0.0,0.0,0.0,0.0,0.0,0.0,3.0,1.0,0.0,0.0,0.0,0.0,3.0,0.0,5.0,12.0,3.0,7.0,1.0,1.0,5.0,4.0,0.0,0.0,0.0,0.0,0.0,0.0,0.0,0.0,0.0,0.0,0.0,0.0,0.0,0.0,0.0,0.0,0.0,0.0,0.0,0.0,1.0,0.0,0.0,0.0,0.0,0.0,0.0,0.0,5.0,9.0,2.0,3380713988.0,-1.0,泉州市永春县,泉州市永春县东平镇,10.0,19.0,0.0,1.6,30.6,36.42727272727273,46.42638036809816,44.672332730560576
福建省,泉州市,永春县,湖洋镇,118.4253967,25.4045202,0.0,0.0,7.0,11.0,30.0,0.0,0.0,0.0,0.0,0.0,0.0,0.0,0.0,0.0,0.0,0.0,0.0,0.0,0.0,0.0,1.0,0.0,1.0,0.0,0.0,3.0,0.0,0.0,0.0,0.0,0.0,0.0,0.0,4.0,6.0,5.0,0.0,0.0,2.0,4.0,14.0,0.0,0.0,0.0,0.0,0.0,0.0,0.0,0.0,0.0,0.0,0.0,0.0,0.0,0.0,0.0,0.0,0.0,0.0,0.0,0.0,2.0,0.0,0.0,0.0,0.0,0.0,0.0,0.0,2.0,4.0,1.0,3856765580.0,-1.0,泉州市永春县,泉州市永春县湖洋镇,10.0,23.0,0.0,2.5,35.5,36.42727272727273,46.42638036809816,44.672332730560576
福建省,泉州市,永春县,坑仔口镇,118.017372,25.422139,3.0,0.0,1.0,3.0,9.0,0.0,0.0,0.0,0.0,0.0,0.0,0.0,0.0,0.0,0.0,0.0,0.0,0.0,0.0,0.0,0.0,0.0,0.0,0.0,0.0,1.0,0.0,0.0,0.0,0.0,0.0,0.0,0.0,2.0,4.0,2.0,1.0,0.0,1.0,0.0,6.0,0.0,0.0,0.0,0.0,0.0,0.0,0.0,0.0,0.0,0.0,0.0,0.0,0.0,0.0,0.0,0.0,0.0,0.0,0.0,0.0,1.0,0.0,0.0,0.0,0.0,0.0,0.0,0.0,2.0,3.0,1.0,8267526635.0,-1.0,泉州市永春县,泉州市永春县坑仔口镇,8.0,13.6,0.0,1.0,22.6,36.42727272727273,46.42638036809816,44.672332730560576
福建省,泉州市,永春县,玉斗镇,118.0345965,25.3938596,3.0,0.0,2.0,3.0,7.0,0.0,0.0,0.0,0.0,0.0,0.0,0.0,0.0,0.0,0.0,0.0,0.0,0.0,0.0,0.0,0.0,0.0,0.0,0.0,0.0,1.0,0.0,0.0,0.0,0.0,0.0,0.0,0.0,2.0,4.0,1.0,3.0,0.0,1.0,0.0,6.0,0.0,0.0,0.0,0.0,0.0,0.0,0.0,0.0,0.0,0.0,0.0,0.0,0.0,0.0,0.0,0.0,0.0,0.0,0.0,0.0,1.0,0.0,0.0,0.0,0.0,0.0,0.0,0.0,2.0,3.0,1.0,8267526631.0,-1.0,泉州市永春县,泉州市永春县玉斗镇,8.0,13.2,0.0,0.5,21.7,36.42727272727273,46.42638036809816,44.672332730560576
福建省,泉州市,永春县,锦斗镇,118.101705,25.432379,0.0,8.0,6.0,3.0,11.0,4.0,0.0,0.0,0.0,0.0,0.0,0.0,0.0,0.0,0.0,0.0,0.0,0.0,0.0,0.0,0.0,0.0,0.0,0.0,0.0,1.0,0.0,0.0,0.0,0.0,0.0,2.0,0.0,2.0,7.0,6.0,0.0,1.0,6.0,0.0,9.0,0.0,0.0,0.0,0.0,0.0,0.0,0.0,0.0,0.0,0.0,0.0,0.0,0.0,0.0,0.0,0.0,0.0,0.0,0.0,0.0,1.0,0.0,0.0,0.0,0.0,0.0,2.0,0.0,2.0,4.0,2.0,8267526637.0,-1.0,泉州市永春县,泉州市永春县锦斗镇,8.0,16.4,0.0,3.0,27.4,36.42727272727273,46.42638036809816,44.672332730560576
福建省,泉州市,永春县,东关镇,118.371411,25.2906138,3.0,0.0,4.0,5.0,7.0,0.0,0.0,1.0,0.0,0.0,0.0,0.0,0.0,0.0,0.0,0.0,0.0,0.0,0.0,0.0,0.0,0.0,0.0,0.0,0.0,4.0,0.0,0.0,0.0,0.0,0.0,0.0,0.0,5.0,6.0,2.0,1.0,0.0,3.0,0.0,5.0,0.0,0.0,1.0,0.0,0.0,0.0,0.0,0.0,0.0,0.0,0.0,0.0,0.0,0.0,0.0,0.0,0.0,0.0,0.0,0.0,2.0,0.0,0.0,0.0,0.0,0.0,0.0,0.0,3.0,5.0,1.0,2087024597.0,-1.0,泉州市永春县,泉州市永春县东关镇,11.0,15.9,0.0,1.0,27.9,36.42727272727273,46.42638036809816,44.672332730560576
福建省,泉州市,永春县,桂洋镇,118.07226,25.481755,0.0,3.0,0.0,4.0,2.0,0.0,0.0,0.0,0.0,0.0,0.0,0.0,0.0,0.0,0.0,0.0,0.0,0.0,0.0,0.0,0.0,0.0,0.0,0.0,0.0,1.0,0.0,0.0,0.0,0.0,0.0,0.0,0.0,2.0,4.0,1.0,0.0,0.0,0.0,4.0,2.0,0.0,0.0,0.0,0.0,0.0,0.0,0.0,0.0,0.0,0.0,0.0,0.0,0.0,0.0,0.0,0.0,0.0,0.0,0.0,0.0,1.0,0.0,0.0,0.0,0.0,0.0,0.0,0.0,2.0,3.0,1.0,8267526636.0,-1.0,泉州市永春县,泉州市永春县桂洋镇,8.0,12.0,0.0,0.5,20.5,36.42727272727273,46.42638036809816,44.672332730560576
福建省,泉州市,永春县,苏坑镇,118.2113383,25.4371133,0.0,1.0,0.0,0.0,11.0,9.0,0.0,3.0,0.0,0.0,0.0,0.0,0.0,0.0,0.0,0.0,0.0,0.0,0.0,0.0,0.0,0.0,2.0,0.0,0.0,1.0,2.0,0.0,0.0,0.0,0.0,0.0,0.0,4.0,8.0,8.0,0.0,1.0,0.0,0.0,0.0,0.0,0.0,0.0,0.0,0.0,0.0,0.0,0.0,0.0,0.0,0.0,0.0,0.0,0.0,0.0,0.0,0.0,0.0,0.0,0.0,1.0,0.0,0.0,0.0,0.0,0.0,0.0,0.0,2.0,2.0,0.0,3431117105.0,-1.0,泉州市永春县,泉州市永春县苏坑镇,8.0,11.2,0.0,4.2,23.4,36.42727272727273,46.42638036809816,44.672332730560576
福建省,泉州市,永春县,仙夹镇,118.2095128,25.2645272,0.0,0.0,1.0,1.0,4.0,0.0,0.0,3.0,0.0,0.0,0.0,0.0,0.0,0.0,0.0,0.0,0.0,0.0,0.0,0.0,0.0,0.0,0.0,0.0,0.0,1.0,0.0,0.0,0.0,0.0,0.0,0.0,0.0,1.0,6.0,2.0,0.0,0.0,1.0,0.0,3.0,0.0,0.0,0.0,0.0,0.0,0.0,0.0,0.0,0.0,0.0,0.0,0.0,0.0,0.0,0.0,0.0,0.0,0.0,0.0,0.0,1.0,0.0,0.0,0.0,0.0,0.0,0.0,0.0,1.0,2.0,0.0,3380675219.0,-1.0,泉州市永春县,泉州市永春县仙夹镇,8.0,10.7,0.0,1.0,19.7,36.42727272727273,46.42638036809816,44.672332730560576
福建省,泉州市,永春县,横口乡,117.8955826,25.3956898,0.0,5.0,6.0,0.0,8.0,2.0,0.0,1.0,0.0,0.0,1.0,0.0,0.0,0.0,0.0,0.0,0.0,0.0,0.0,0.0,3.0,0.0,1.0,0.0,0.0,3.0,1.0,0.0,0.0,0.0,0.0,0.0,0.0,3.0,6.0,4.0,0.0,2.0,4.0,0.0,4.0,2.0,0.0,1.0,0.0,0.0,1.0,0.0,0.0,0.0,0.0,0.0,0.0,0.0,0.0,0.0,3.0,0.0,0.0,0.0,0.0,1.0,1.0,0.0,0.0,0.0,0.0,0.0,0.0,3.0,6.0,3.0,8267526633.0,-1.0,泉州市永春县,泉州市永春县横口乡,10.0,12.8,0.0,2.2,25.0,36.42727272727273,46.42638036809816,44.672332730560576
福建省,泉州市,永春县,呈祥乡,118.140278,25.4475,0.0,5.0,0.0,6.0,6.0,14.0,0.0,2.0,0.0,1.0,0.0,0.0,1.0,1.0,2.0,2.0,0.0,0.0,0.0,1.0,0.0,0.0,0.0,0.0,0.0,1.0,9.0,0.0,0.0,1.0,0.0,6.0,0.0,4.0,9.0,8.0,0.0,0.0,0.0,1.0,1.0,1.0,0.0,0.0,0.0,0.0,0.0,0.0,1.0,1.0,2.0,2.0,0.0,0.0,0.0,1.0,0.0,0.0,0.0,0.0,0.0,1.0,6.0,0.0,0.0,0.0,0.0,3.0,0.0,1.0,4.0,2.0,8267526638.0,-1.0,泉州市永春县,泉州市永春县呈祥乡,8.0,17.5,11.0,5.6,42.1,36.42727272727273,46.42638036809816,44.672332730560576
福建省,泉州市,永春县,介福乡,118.310465,25.430929,5.0,0.0,6.0,5.0,30.0,0.0,0.0,0.0,0.0,0.0,0.0,0.0,0.0,0.0,0.0,0.0,0.0,0.0,0.0,0.0,2.0,0.0,3.0,0.0,0.0,3.0,1.0,0.0,0.0,0.0,0.0,0.0,0.0,5.0,5.0,7.0,2.0,0.0,3.0,0.0,17.0,0.0,0.0,0.0,0.0,0.0,0.0,0.0,0.0,0.0,0.0,0.0,0.0,0.0,0.0,0.0,0.0,0.0,1.0,0.0,0.0,1.0,0.0,0.0,0.0,0.0,0.0,0.0,0.0,2.0,4.0,2.0,8267526639.0,-1.0,泉州市永春县,泉州市永春县介福乡,10.0,22.5,0.0,3.6,36.1,36.42727272727273,46.42638036809816,44.672332730560576
福建省,泉州市,永春县,外山乡,118.472512,25.320859,5.0,0.0,5.0,0.0,16.0,1.0,0.0,0.0,0.0,0.0,1.0,0.0,0.0,0.0,0.0,0.0,0.0,0.0,0.0,0.0,5.0,0.0,1.0,0.0,0.0,1.0,0.0,0.0,0.0,0.0,0.0,0.0,0.0,5.0,5.0,4.0,1.0,0.0,3.0,0.0,5.0,0.0,0.0,0.0,0.0,0.0,0.0,0.0,0.0,0.0,0.0,0.0,0.0,0.0,0.0,0.0,5.0,0.0,1.0,0.0,0.0,1.0,0.0,0.0,0.0,0.0,0.0,0.0,0.0,3.0,4.0,3.0,8267526630.0,-1.0,泉州市永春县,泉州市永春县外山乡,8.0,14.2,0.0,2.0,24.2,36.42727272727273,46.42638036809816,44.672332730560576
福建省,泉州市,德化县,浔中镇,118.2420409,25.5038013,11.0,2.0,60.0,31.0,95.0,5.0,0.0,27.0,0.0,4.0,0.0,1.0,1.0,1.0,2.0,3.0,0.0,0.0,0.0,1.0,2.0,0.0,4.0,0.0,3.0,3.0,5.0,0.0,0.0,0.0,1.0,16.0,3.0,5.0,12.0,12.0,0.0,0.0,13.0,13.0,20.0,0.0,0.0,5.0,0.0,0.0,0.0,1.0,1.0,1.0,0.0,0.0,0.0,0.0,0.0,0.0,0.0,0.0,0.0,0.0,0.0,1.0,0.0,0.0,0.0,0.0,0.0,3.0,0.0,1.0,5.0,3.0,5099791668.0,-1.0,泉州市德化县,泉州市德化县浔中镇,10.0,26.0,10.0,4.5,50.5,27.9,46.42638036809816,44.672332730560576
福建省,泉州市,德化县,龙浔镇,118.224349,25.4872707,0.0,14.0,44.0,37.0,93.0,10.0,0.0,28.0,0.0,4.0,0.0,1.0,1.0,1.0,4.0,5.0,0.0,0.0,0.0,1.0,6.0,0.0,0.0,0.0,3.0,4.0,5.0,0.0,0.0,3.0,1.0,18.0,3.0,4.0,18.0,11.0,0.0,2.0,14.0,4.0,36.0,0.0,0.0,0.0,0.0,0.0,0.0,0.0,0.0,0.0,2.0,2.0,0.0,0.0,0.0,1.0,2.0,0.0,0.0,0.0,3.0,1.0,0.0,0.0,0.0,0.0,1.0,4.0,1.0,1.0,6.0,6.0,8264711560.0,-1.0,泉州市德化县,泉州市德化县龙浔镇,11.0,26.0,11.0,4.8,52.8,27.9,46.42638036809816,44.672332730560576
福建省,泉州市,德化县,三班镇,118.2911997,25.4513846,9.0,0.0,12.0,16.0,25.0,0.0,0.0,0.0,0.0,0.0,0.0,0.0,0.0,0.0,0.0,0.0,0.0,0.0,0.0,0.0,6.0,0.0,1.0,0.0,0.0,3.0,0.0,0.0,0.0,0.0,0.0,0.0,0.0,5.0,5.0,7.0,1.0,0.0,8.0,6.0,11.0,0.0,0.0,0.0,0.0,0.0,0.0,0.0,0.0,0.0,0.0,0.0,0.0,0.0,0.0,0.0,3.0,0.0,0.0,0.0,0.0,1.0,0.0,0.0,0.0,0.0,0.0,0.0,0.0,2.0,5.0,3.0,8267054904.0,-1.0,泉州市德化县,泉州市德化县三班镇,10.0,20.8,0.0,3.5,34.3,27.9,46.42638036809816,44.672332730560576
福建省,泉州市,德化县,龙门滩镇,118.3507047,25.4990607,0.0,0.0,3.0,7.0,0.0,0.0,0.0,0.0,0.0,0.0,0.0,0.0,0.0,0.0,0.0,0.0,0.0,0.0,0.0,0.0,0.0,0.0,0.0,0.0,0.0,1.0,0.0,0.0,0.0,0.0,0.0,0.0,0.0,3.0,3.0,3.0,0.0,0.0,1.0,1.0,0.0,0.0,0.0,0.0,0.0,0.0,0.0,0.0,0.0,0.0,0.0,0.0,0.0,0.0,0.0,0.0,0.0,0.0,0.0,0.0,0.0,1.0,0.0,0.0,0.0,0.0,0.0,0.0,0.0,3.0,3.0,2.0,3872500652.0,-1.0,泉州市德化县,泉州市德化县龙门滩镇,8.0,11.5,0.0,1.5,21.0,27.9,46.42638036809816,44.672332730560576
福建省,泉州市,德化县,雷峰镇,118.2949305,25.5750541,1.0,0.0,1.0,1.0,2.0,0.0,0.0,0.0,0.0,0.0,0.0,0.0,0.0,0.0,0.0,0.0,0.0,0.0,0.0,0.0,0.0,0.0,0.0,0.0,0.0,1.0,0.0,0.0,0.0,0.0,0.0,0.0,0.0,2.0,5.0,2.0,1.0,0.0,1.0,0.0,1.0,0.0,0.0,0.0,0.0,0.0,0.0,0.0,0.0,0.0,0.0,0.0,0.0,0.0,0.0,0.0,0.0,0.0,0.0,0.0,0.0,1.0,0.0,0.0,0.0,0.0,0.0,0.0,0.0,2.0,3.0,1.0,3431113184.0,-1.0,泉州市德化县,泉州市德化县雷峰镇,8.0,9.2,0.0,1.0,18.2,27.9,46.42638036809816,44.672332730560576
福建省,泉州市,德化县,南埕镇,118.384883,25.6326255,1.0,0.0,0.0,1.0,6.0,4.0,0.0,0.0,0.0,0.0,0.0,0.0,0.0,0.0,0.0,0.0,0.0,0.0,0.0,0.0,0.0,0.0,0.0,0.0,0.0,4.0,1.0,0.0,0.0,0.0,0.0,0.0,0.0,4.0,7.0,3.0,1.0,0.0,0.0,1.0,5.0,0.0,0.0,0.0,0.0,0.0,0.0,0.0,0.0,0.0,0.0,0.0,0.0,0.0,0.0,0.0,0.0,0.0,0.0,0.0,0.0,2.0,1.0,0.0,0.0,0.0,0.0,0.0,0.0,4.0,4.0,3.0,3472861799.0,-1.0,泉州市德化县,泉州市德化县南埕镇,11.0,12.2,0.0,1.7,24.9,27.9,46.42638036809816,44.672332730560576
福建省,泉州市,德化县,水口镇,118.4399985,25.7029486,5.0,0.0,1.0,1.0,3.0,4.0,0.0,0.0,0.0,1.0,0.0,0.0,0.0,0.0,0.0,0.0,0.0,0.0,0.0,0.0,0.0,0.0,0.0,0.0,0.0,3.0,1.0,0.0,0.0,0.0,0.0,1.0,0.0,7.0,5.0,4.0,3.0,0.0,0.0,1.0,3.0,0.0,0.0,0.0,0.0,0.0,0.0,0.0,0.0,0.0,0.0,0.0,0.0,0.0,0.0,0.0,0.0,0.0,0.0,0.0,0.0,2.0,1.0,0.0,0.0,0.0,0.0,0.0,0.0,3.0,3.0,3.0,3472864661.0,-1.0,泉州市德化县,泉州市德化县水口镇,10.0,12.0,0.0,2.2,24.2,27.9,46.42638036809816,44.672332730560576
福建省,泉州市,德化县,赤水镇,118.1324851,25.6441438,0.0,5.0,2.0,5.0,13.0,3.0,0.0,2.0,0.0,0.0,0.0,0.0,0.0,0.0,0.0,0.0,0.0,0.0,0.0,0.0,3.0,0.0,0.0,0.0,0.0,10.0,0.0,0.0,0.0,0.0,0.0,1.0,0.0,2.0,11.0,7.0,0.0,1.0,2.0,0.0,8.0,0.0,0.0,0.0,0.0,0.0,0.0,0.0,0.0,0.0,0.0,0.0,0.0,0.0,0.0,0.0,3.0,0.0,0.0,0.0,0.0,1.0,0.0,0.0,0.0,0.0,0.0,1.0,0.0,1.0,5.0,3.0,3473157353.0,-1.0,泉州市德化县,泉州市德化县赤水镇,12.0,19.0,0.0,3.5,34.5,27.9,46.42638036809816,44.672332730560576
福建省,泉州市,德化县,上涌镇,118.1581776,25.7296124,0.0,3.0,4.0,4.0,12.0,16.0,0.0,12.0,0.0,2.0,0.0,0.0,0.0,0.0,0.0,0.0,0.0,0.0,0.0,0.0,0.0,0.0,0.0,0.0,0.0,12.0,38.0,0.0,0.0,1.0,0.0,1.0,0.0,2.0,15.0,3.0,0.0,3.0,3.0,1.0,9.0,3.0,0.0,0.0,0.0,0.0,0.0,0.0,0.0,0.0,0.0,0.0,0.0,0.0,0.0,0.0,0.0,0.0,0.0,0.0,0.0,2.0,21.0,0.0,0.0,0.0,0.0,1.0,0.0,2.0,10.0,3.0,3473162158.0,-1.0,泉州市德化县,泉州市德化县上涌镇,12.0,20.1,0.0,7.5,39.6,27.9,46.42638036809816,44.672332730560576
福建省,泉州市,德化县,葛坑镇,118.2033783,25.8451138,0.0,0.0,3.0,4.0,11.0,0.0,0.0,0.0,0.0,0.0,0.0,0.0,0.0,0.0,0.0,0.0,0.0,0.0,0.0,0.0,0.0,0.0,0.0,0.0,0.0,2.0,0.0,0.0,0.0,0.0,0.0,0.0,0.0,1.0,4.0,2.0,0.0,0.0,2.0,2.0,10.0,0.0,0.0,0.0,0.0,0.0,0.0,0.0,0.0,0.0,0.0,0.0,0.0,0.0,0.0,0.0,0.0,0.0,0.0,0.0,0.0,1.0,0.0,0.0,0.0,0.0,0.0,0.0,0.0,1.0,4.0,1.0,3940866917.0,-1.0,泉州市德化县,泉州市德化县葛坑镇,9.0,16.2,0.0,1.0,26.2,27.9,46.42638036809816,44.672332730560576
福建省,泉州市,德化县,盖德镇,118.1823777,25.5097759,0.0,9.0,47.0,32.0,38.0,23.0,0.0,15.0,6.0,0.0,0.0,0.0,0.0,0.0,2.0,2.0,0.0,0.0,0.0,0.0,3.0,0.0,4.0,0.0,1.0,3.0,10.0,0.0,0.0,2.0,0.0,6.0,0.0,3.0,20.0,18.0,0.0,0.0,22.0,11.0,11.0,8.0,0.0,4.0,6.0,0.0,0.0,0.0,0.0,0.0,1.0,1.0,0.0,0.0,0.0,0.0,1.0,0.0,3.0,0.0,1.0,1.0,1.0,0.0,0.0,1.0,0.0,2.0,0.0,1.0,8.0,9.0,6206966366.0,-1.0,泉州市德化县,泉州市德化县盖德镇,10.0,26.0,5.0,5.4,46.4,27.9,46.42638036809816,44.672332730560576
福建省,泉州市,德化县,美湖镇,118.0744886,25.6166468,0.0,0.0,1.0,0.0,3.0,0.0,0.0,0.0,0.0,0.0,0.0,0.0,0.0,0.0,0.0,0.0,0.0,0.0,0.0,0.0,0.0,0.0,0.0,0.0,0.0,1.0,0.0,0.0,0.0,0.0,0.0,0.0,0.0,1.0,2.0,2.0,0.0,0.0,1.0,0.0,3.0,0.0,0.0,0.0,0.0,0.0,0.0,0.0,0.0,0.0,0.0,0.0,0.0,0.0,0.0,0.0,0.0,0.0,0.0,0.0,0.0,1.0,0.0,0.0,0.0,0.0,0.0,0.0,0.0,1.0,2.0,1.0,6206966365.0,-1.0,泉州市德化县,泉州市德化县美湖镇,8.0,7.5,0.0,1.0,16.5,27.9,46.42638036809816,44.672332730560576
福建省,泉州市,德化县,杨梅乡,118.2761525,25.8721205,0.0,0.0,1.0,2.0,10.0,0.0,0.0,0.0,0.0,0.0,0.0,0.0,0.0,0.0,0.0,0.0,0.0,0.0,0.0,0.0,0.0,0.0,0.0,0.0,0.0,4.0,0.0,0.0,0.0,0.0,0.0,0.0,0.0,1.0,4.0,1.0,0.0,0.0,1.0,0.0,6.0,0.0,0.0,0.0,0.0,0.0,0.0,0.0,0.0,0.0,0.0,0.0,0.0,0.0,0.0,0.0,0.0,0.0,0.0,0.0,0.0,1.0,0.0,0.0,0.0,0.0,0.0,0.0,0.0,1.0,3.0,1.0,4540826192.0,-1.0,泉州市德化县,泉州市德化县杨梅乡,11.0,12.8,0.0,0.5,24.3,27.9,46.42638036809816,44.672332730560576
福建省,泉州市,德化县,汤头乡,118.1299484,25.8057408,0.0,0.0,0.0,1.0,1.0,0.0,0.0,0.0,0.0,0.0,0.0,0.0,0.0,0.0,0.0,0.0,0.0,0.0,0.0,0.0,0.0,0.0,0.0,0.0,0.0,1.0,0.0,0.0,0.0,0.0,0.0,0.0,0.0,1.0,2.0,2.0,0.0,0.0,0.0,1.0,1.0,0.0,0.0,0.0,0.0,0.0,0.0,0.0,0.0,0.0,0.0,0.0,0.0,0.0,0.0,0.0,0.0,0.0,0.0,0.0,0.0,1.0,0.0,0.0,0.0,0.0,0.0,0.0,0.0,1.0,2.0,0.0,8265830999.0,-1.0,泉州市德化县,泉州市德化县汤头乡,8.0,2.5,0.0,1.0,11.5,27.9,46.42638036809816,44.672332730560576
福建省,泉州市,德化县,桂阳乡,118.2314674,25.774715,0.0,0.0,4.0,1.0,0.0,0.0,0.0,0.0,0.0,0.0,0.0,0.0,0.0,0.0,0.0,0.0,0.0,0.0,0.0,0.0,0.0,0.0,0.0,0.0,0.0,1.0,0.0,0.0,0.0,0.0,0.0,0.0,0.0,1.0,2.0,2.0,0.0,0.0,2.0,0.0,0.0,0.0,0.0,0.0,0.0,0.0,0.0,0.0,0.0,0.0,0.0,0.0,0.0,0.0,0.0,0.0,0.0,0.0,0.0,0.0,0.0,1.0,0.0,0.0,0.0,0.0,0.0,0.0,0.0,1.0,1.0,1.0,3940866556.0,-1.0,泉州市德化县,泉州市德化县桂阳乡,8.0,7.0,0.0,1.0,16.0,27.9,46.42638036809816,44.672332730560576
福建省,泉州市,德化县,国宝乡,118.179552,25.6051042,0.0,3.0,1.0,1.0,6.0,0.0,0.0,0.0,0.0,0.0,0.0,0.0,0.0,0.0,0.0,0.0,0.0,0.0,0.0,0.0,0.0,0.0,0.0,0.0,0.0,3.0,1.0,0.0,0.0,0.0,0.0,0.0,0.0,2.0,8.0,3.0,0.0,1.0,0.0,0.0,6.0,0.0,0.0,0.0,0.0,0.0,0.0,0.0,0.0,0.0,0.0,0.0,0.0,0.0,0.0,0.0,0.0,0.0,0.0,0.0,0.0,1.0,0.0,0.0,0.0,0.0,0.0,0.0,0.0,2.0,4.0,2.0,3473156426.0,-1.0,泉州市德化县,泉州市德化县国宝乡,10.0,13.0,0.0,1.6,24.6,27.9,46.42638036809816,44.672332730560576
福建省,泉州市,德化县,大铭乡,118.0800054,25.688967,0.0,0.0,5.0,1.0,5.0,1.0,0.0,1.0,0.0,0.0,0.0,0.0,0.0,0.0,0.0,0.0,0.0,0.0,0.0,0.0,2.0,0.0,0.0,0.0,0.0,3.0,0.0,0.0,0.0,0.0,0.0,1.0,0.0,1.0,7.0,3.0,0.0,0.0,3.0,1.0,4.0,0.0,0.0,0.0,0.0,0.0,0.0,0.0,0.0,0.0,0.0,0.0,0.0,0.0,0.0,0.0,2.0,0.0,0.0,0.0,0.0,3.0,0.0,0.0,0.0,0.0,0.0,1.0,0.0,1.0,4.0,2.0,3473162152.0,-1.0,泉州市德化县,泉州市德化县大铭乡,10.0,11.7,0.0,1.5,23.2,27.9,46.42638036809816,44.672332730560576
福建省,泉州市,德化县,春美乡,117.9934119,25.684696,0.0,0.0,3.0,0.0,0.0,0.0,0.0,0.0,0.0,0.0,0.0,0.0,0.0,0.0,0.0,0.0,0.0,0.0,0.0,0.0,0.0,0.0,0.0,0.0,0.0,1.0,0.0,0.0,0.0,0.0,0.0,0.0,0.0,5.0,1.0,0.0,0.0,0.0,2.0,0.0,0.0,0.0,0.0,0.0,0.0,0.0,0.0,0.0,0.0,0.0,0.0,0.0,0.0,0.0,0.0,0.0,0.0,0.0,0.0,0.0,0.0,1.0,0.0,0.0,0.0,0.0,0.0,0.0,0.0,5.0,1.0,0.0,3473162153.0,-1.0,泉州市德化县,泉州市德化县春美乡,8.0,5.5,0.0,0.0,13.5,27.9,46.42638036809816,44.672332730560576
福建省,泉州市,石狮市,湖滨街道,118.6432564,24.7374187,0.0,8.0,62.0,54.0,308.0,52.0,0.0,46.0,1.0,0.0,0.0,1.0,2.0,2.0,7.0,11.0,1.0,0.0,0.0,10.0,10.0,0.0,0.0,0.0,0.0,36.0,55.0,0.0,0.0,0.0,0.0,39.0,4.0,30.0,14.0,8.0,0.0,0.0,16.0,5.0,93.0,31.0,0.0,9.0,0.0,0.0,0.0,1.0,0.0,0.0,1.0,1.0,0.0,0.0,0.0,8.0,3.0,0.0,0.0,0.0,0.0,7.0,5.0,0.0,0.0,0.0,0.0,11.0,3.0,6.0,6.0,5.0,5099803738.0,12118138.0,泉州市石狮市,泉州市石狮市湖滨街道,20.0,26.0,16.0,10.0,72.0,59.55555555555556,46.42638036809816,44.672332730560576
福建省,泉州市,石狮市,凤里街道,118.6215091,24.7441031,2.0,19.0,68.0,50.0,286.0,50.0,0.0,45.0,4.0,1.0,0.0,1.0,1.0,1.0,6.0,7.0,1.0,0.0,0.0,11.0,4.0,0.0,0.0,1.0,1.0,39.0,62.0,0.0,0.0,0.0,0.0,36.0,4.0,28.0,17.0,9.0,0.0,0.0,20.0,18.0,50.0,7.0,0.0,0.0,1.0,0.0,0.0,0.0,0.0,0.0,2.0,2.0,0.0,0.0,0.0,1.0,1.0,0.0,0.0,0.0,0.0,9.0,25.0,0.0,0.0,0.0,0.0,5.0,2.0,6.0,5.0,7.0,5099803737.0,12118137.0,泉州市石狮市,泉州市石狮市凤里街道,20.0,28.0,11.0,12.700000000000001,71.7,59.55555555555556,46.42638036809816,44.672332730560576
福建省,泉州市,石狮市,灵秀镇,118.6107304,24.7346762,2.0,29.0,48.0,48.0,244.0,37.0,0.0,3.0,7.0,1.0,0.0,0.0,1.0,1.0,3.0,4.0,1.0,0.0,0.0,2.0,2.0,0.0,0.0,1.0,1.0,32.0,44.0,0.0,0.0,1.0,0.0,19.0,3.0,25.0,16.0,11.0,0.0,4.0,7.0,7.0,22.0,0.0,0.0,0.0,0.0,0.0,0.0,0.0,0.0,0.0,0.0,0.0,1.0,0.0,0.0,1.0,0.0,0.0,0.0,0.0,1.0,8.0,3.0,0.0,0.0,0.0,0.0,4.0,1.0,6.0,6.0,5.0,6863220418.0,12118136.0,泉州市石狮市,泉州市石狮市灵秀镇,20.0,28.0,6.0,8.8,62.8,59.55555555555556,46.42638036809816,44.672332730560576
福建省,泉州市,石狮市,宝盖镇,118.6529462,24.7465805,0.0,2.0,55.0,44.0,282.0,52.0,0.0,46.0,1.0,0.0,0.0,1.0,3.0,3.0,5.0,9.0,1.0,0.0,0.0,9.0,10.0,0.0,0.0,0.0,0.0,32.0,56.0,0.0,0.0,0.0,0.0,40.0,3.0,28.0,12.0,8.0,0.0,0.0,12.0,5.0,29.0,0.0,0.0,1.0,0.0,0.0,0.0,0.0,0.0,0.0,1.0,1.0,0.0,0.0,0.0,0.0,1.0,0.0,0.0,0.0,0.0,5.0,1.0,0.0,0.0,0.0,0.0,5.0,0.0,6.0,4.0,4.0,6869007813.0,12118135.0,泉州市石狮市,泉州市石狮市宝盖镇,20.0,26.0,10.0,9.7,65.7,59.55555555555556,46.42638036809816,44.672332730560576
福建省,泉州市,石狮市,蚶江镇,118.6891713,24.7931212,4.0,11.0,8.0,23.0,29.0,9.0,0.0,0.0,0.0,0.0,0.0,0.0,0.0,0.0,1.0,1.0,0.0,0.0,0.0,0.0,2.0,0.0,3.0,0.0,0.0,9.0,0.0,0.0,0.0,2.0,0.0,5.0,0.0,12.0,11.0,8.0,2.0,6.0,1.0,12.0,13.0,0.0,0.0,0.0,0.0,0.0,0.0,0.0,0.0,0.0,0.0,0.0,0.0,0.0,0.0,0.0,1.0,0.0,1.0,0.0,0.0,2.0,0.0,0.0,0.0,0.0,0.0,2.0,0.0,3.0,7.0,5.0,6862746655.0,17928337.0,泉州市石狮市,泉州市石狮市蚶江镇,20.0,23.700000000000003,0.0,4.2,47.900000000000006,59.55555555555556,46.42638036809816,44.672332730560576
福建省,泉州市,石狮市,祥芝镇,118.7706589,24.7702516,7.0,2.0,4.0,13.0,33.0,4.0,0.0,4.0,0.0,0.0,0.0,0.0,0.0,0.0,0.0,1.0,0.0,0.0,0.0,0.0,2.0,0.0,0.0,0.0,0.0,12.0,2.0,0.0,0.0,4.0,0.0,11.0,0.0,12.0,9.0,5.0,4.0,0.0,2.0,1.0,17.0,1.0,0.0,4.0,0.0,0.0,0.0,0.0,0.0,0.0,0.0,0.0,0.0,0.0,0.0,0.0,0.0,0.0,0.0,0.0,0.0,5.0,0.0,0.0,0.0,0.0,0.0,2.0,0.0,4.0,7.0,2.0,6863220953.0,17928336.0,泉州市石狮市,泉州市石狮市祥芝镇,20.0,24.0,0.0,3.1,47.1,59.55555555555556,46.42638036809816,44.672332730560576
福建省,泉州市,石狮市,鸿山镇,118.7477875,24.7514514,7.0,4.0,21.0,26.0,67.0,11.0,0.0,3.0,0.0,0.0,1.0,0.0,0.0,0.0,0.0,1.0,0.0,0.0,0.0,0.0,10.0,0.0,5.0,0.0,0.0,20.0,7.0,0.0,0.0,7.0,0.0,15.0,0.0,20.0,11.0,7.0,0.0,0.0,13.0,10.0,9.0,0.0,0.0,0.0,0.0,0.0,0.0,0.0,0.0,0.0,0.0,0.0,0.0,0.0,0.0,0.0,5.0,0.0,1.0,0.0,0.0,4.0,0.0,0.0,0.0,3.0,0.0,3.0,0.0,4.0,3.0,4.0,6869019237.0,17928335.0,泉州市石狮市,泉州市石狮市鸿山镇,20.0,26.0,0.0,5.2,51.2,59.55555555555556,46.42638036809816,44.672332730560576
福建省,泉州市,石狮市,锦尚镇,118.7237941,24.7252889,6.0,2.0,25.0,36.0,106.0,24.0,0.0,19.0,0.0,0.0,2.0,1.0,0.0,0.0,0.0,0.0,0.0,0.0,0.0,0.0,11.0,0.0,6.0,0.0,0.0,23.0,9.0,0.0,0.0,16.0,0.0,14.0,0.0,20.0,13.0,12.0,1.0,0.0,7.0,10.0,37.0,12.0,0.0,18.0,0.0,0.0,0.0,1.0,0.0,0.0,0.0,0.0,0.0,0.0,0.0,0.0,4.0,0.0,1.0,0.0,0.0,4.0,2.0,0.0,0.0,1.0,0.0,11.0,0.0,5.0,11.0,9.0,6875048410.0,17928334.0,泉州市石狮市,泉州市石狮市锦尚镇,20.0,26.0,5.0,6.800000000000001,57.8,59.55555555555556,46.42638036809816,44.672332730560576
福建省,泉州市,石狮市,永宁镇,118.688895,24.6883346,8.0,2.0,13.0,16.0,94.0,2.0,0.0,0.0,0.0,0.0,0.0,1.0,1.0,1.0,2.0,2.0,0.0,0.0,0.0,1.0,12.0,0.0,1.0,0.0,0.0,18.0,3.0,0.0,0.0,5.0,1.0,13.0,3.0,21.0,10.0,9.0,5.0,2.0,1.0,1.0,17.0,0.0,0.0,0.0,0.0,0.0,0.0,1.0,0.0,0.0,1.0,1.0,0.0,0.0,0.0,1.0,4.0,0.0,0.0,0.0,0.0,1.0,0.0,0.0,0.0,0.0,1.0,3.0,1.0,2.0,5.0,5.0,6865756958.0,17928333.0,泉州市石狮市,泉州市石狮市永宁镇,20.0,24.0,11.0,4.8,59.8,59.55555555555556,46.42638036809816,44.672332730560576
福建省,泉州市,晋江市,青阳街道,118.5770112,24.8181873,8.0,47.0,45.0,45.0,213.0,92.0,0.0,43.0,3.0,6.0,1.0,1.0,4.0,4.0,3.0,3.0,0.0,0.0,0.0,9.0,0.0,0.0,1.0,0.0,0.0,27.0,29.0,0.0,0.0,1.0,4.0,27.0,8.0,20.0,15.0,10.0,0.0,6.0,1.0,13.0,21.0,0.0,0.0,14.0,1.0,0.0,0.0,0.0,1.0,1.0,1.0,1.0,0.0,0.0,0.0,5.0,0.0,0.0,0.0,0.0,0.0,4.0,5.0,0.0,0.0,0.0,0.0,4.0,3.0,3.0,6.0,5.0,5099803736.0,-1.0,泉州市晋江市,泉州市晋江市青阳街道,12.0,30.0,20.0,7.5,69.5,51.38421052631579,46.42638036809816,44.672332730560576
福建省,泉州市,晋江市,梅岭街道,118.5665452,24.8218146,8.0,56.0,41.0,33.0,187.0,60.0,0.0,28.0,3.0,5.0,1.0,0.0,4.0,4.0,3.0,4.0,0.0,0.0,0.0,9.0,0.0,0.0,1.0,0.0,0.0,20.0,20.0,0.0,0.0,1.0,4.0,17.0,8.0,15.0,13.0,11.0,0.0,2.0,2.0,2.0,14.0,0.0,0.0,14.0,0.0,0.0,0.0,0.0,1.0,1.0,1.0,1.0,0.0,0.0,0.0,2.0,0.0,0.0,0.0,0.0,0.0,2.0,5.0,0.0,0.0,0.0,0.0,4.0,2.0,2.0,6.0,5.0,5099803735.0,-1.0,泉州市晋江市,泉州市晋江市梅岭街道,12.0,30.0,12.0,6.6,60.6,51.38421052631579,46.42638036809816,44.672332730560576
福建省,泉州市,晋江市,西园街道,118.5406566,24.8213375,0.0,32.0,9.0,6.0,136.0,0.0,0.0,0.0,0.0,0.0,0.0,0.0,1.0,1.0,2.0,3.0,0.0,0.0,0.0,3.0,0.0,0.0,0.0,0.0,0.0,18.0,47.0,0.0,0.0,7.0,0.0,12.0,2.0,13.0,10.0,9.0,0.0,6.0,0.0,0.0,24.0,0.0,0.0,0.0,0.0,0.0,0.0,0.0,0.0,0.0,0.0,1.0,0.0,0.0,0.0,0.0,0.0,0.0,0.0,0.0,0.0,3.0,11.0,0.0,0.0,0.0,0.0,4.0,0.0,2.0,6.0,3.0,5099803734.0,-1.0,泉州市晋江市,泉州市晋江市西园街道,12.0,24.0,0.0,10.5,46.5,51.38421052631579,46.42638036809816,44.672332730560576
福建省,泉州市,晋江市,罗山街道,118.5613847,24.7852443,2.0,18.0,28.0,15.0,148.0,55.0,0.0,10.0,1.0,5.0,0.0,2.0,2.0,2.0,6.0,7.0,0.0,0.0,0.0,3.0,3.0,1.0,1.0,1.0,0.0,21.0,24.0,0.0,0.0,2.0,1.0,22.0,3.0,13.0,15.0,12.0,0.0,8.0,13.0,4.0,22.0,2.0,0.0,1.0,0.0,3.0,0.0,0.0,0.0,0.0,0.0,0.0,0.0,0.0,0.0,0.0,3.0,1.0,0.0,1.0,0.0,4.0,1.0,0.0,0.0,0.0,0.0,1.0,0.0,3.0,8.0,5.0,5099803733.0,-1.0,泉州市晋江市,泉州市晋江市罗山街道,12.0,28.0,5.0,6.7,51.7,51.38421052631579,46.42638036809816,44.672332730560576
福建省,泉州市,晋江市,新塘街道,118.600266,24.7712171,9.0,21.0,31.0,22.0,87.0,18.0,0.0,11.0,3.0,1.0,0.0,0.0,0.0,0.0,1.0,1.0,0.0,0.0,0.0,0.0,1.0,0.0,1.0,0.0,0.0,17.0,25.0,0.0,0.0,1.0,1.0,4.0,1.0,17.0,18.0,9.0,3.0,2.0,6.0,2.0,2.0,0.0,0.0,0.0,0.0,0.0,0.0,0.0,0.0,0.0,0.0,0.0,0.0,0.0,0.0,0.0,0.0,0.0,0.0,0.0,0.0,3.0,0.0,0.0,0.0,1.0,0.0,1.0,0.0,3.0,6.0,2.0,5099803732.0,-1.0,泉州市晋江市,泉州市晋江市新塘街道,12.0,28.0,0.0,6.7,46.7,51.38421052631579,46.42638036809816,44.672332730560576
福建省,泉州市,晋江市,灵源街道,118.5242849,24.7510992,0.0,36.0,4.0,46.0,62.0,5.0,0.0,1.0,0.0,1.0,0.0,0.0,0.0,0.0,2.0,2.0,0.0,0.0,0.0,0.0,0.0,0.0,2.0,0.0,0.0,7.0,31.0,0.0,0.0,4.0,0.0,7.0,0.0,10.0,13.0,8.0,0.0,2.0,4.0,10.0,3.0,2.0,0.0,0.0,0.0,0.0,0.0,0.0,0.0,0.0,0.0,0.0,0.0,0.0,0.0,0.0,0.0,0.0,0.0,0.0,0.0,2.0,18.0,0.0,0.0,0.0,0.0,4.0,0.0,4.0,8.0,3.0,8280394784.0,12119006.0,泉州市晋江市,泉州市晋江市灵源街道,20.0,26.0,0.0,9.3,55.3,51.38421052631579,46.42638036809816,44.672332730560576
福建省,泉州市,晋江市,安海镇,118.470791,24.719584,17.0,29.0,26.0,33.0,133.0,5.0,0.0,9.0,1.0,2.0,1.0,0.0,2.0,2.0,7.0,7.0,0.0,0.0,0.0,1.0,1.0,0.0,3.0,0.0,0.0,29.0,53.0,0.0,0.0,2.0,5.0,22.0,0.0,22.0,13.0,10.0,0.0,12.0,0.0,15.0,32.0,0.0,0.0,0.0,1.0,0.0,0.0,0.0,1.0,1.0,1.0,1.0,0.0,0.0,0.0,0.0,1.0,0.0,0.0,0.0,0.0,6.0,4.0,0.0,0.0,0.0,0.0,3.0,0.0,4.0,6.0,6.0,2635501145.0,-1.0,泉州市晋江市,泉州市晋江市安海镇,12.0,30.0,10.0,9.9,61.9,51.38421052631579,46.42638036809816,44.672332730560576
福建省,泉州市,晋江市,磁灶镇,118.488091,24.820332,0.0,0.0,13.0,24.0,174.0,27.0,0.0,39.0,0.0,2.0,0.0,0.0,0.0,0.0,7.0,9.0,0.0,0.0,0.0,9.0,2.0,0.0,0.0,1.0,1.0,13.0,42.0,0.0,0.0,10.0,0.0,11.0,1.0,8.0,14.0,9.0,0.0,0.0,4.0,4.0,65.0,0.0,0.0,34.0,0.0,2.0,0.0,0.0,0.0,0.0,2.0,4.0,0.0,0.0,0.0,8.0,2.0,0.0,0.0,1.0,0.0,3.0,16.0,0.0,0.0,0.0,0.0,4.0,1.0,1.0,9.0,4.0,2469923176.0,-1.0,泉州市晋江市,泉州市晋江市磁灶镇,12.0,26.0,11.0,10.8,59.8,51.38421052631579,46.42638036809816,44.672332730560576
福建省,泉州市,晋江市,陈埭镇,118.596426,24.8265807,8.0,47.0,39.0,52.0,204.0,60.0,0.0,34.0,2.0,5.0,1.0,1.0,2.0,2.0,2.0,2.0,0.0,0.0,0.0,9.0,1.0,0.0,1.0,0.0,0.0,30.0,12.0,0.0,0.0,0.0,4.0,16.0,6.0,20.0,14.0,10.0,0.0,10.0,2.0,14.0,43.0,0.0,0.0,0.0,0.0,0.0,0.0,1.0,1.0,1.0,0.0,0.0,0.0,0.0,0.0,0.0,0.0,0.0,0.0,0.0,0.0,8.0,1.0,0.0,0.0,0.0,0.0,3.0,0.0,8.0,5.0,4.0,6862746656.0,-1.0,泉州市晋江市,泉州市晋江市陈埭镇,12.0,30.0,10.0,5.3,57.3,51.38421052631579,46.42638036809816,44.672332730560576
福建省,泉州市,晋江市,东石镇,118.4538269,24.6673347,17.0,26.0,15.0,19.0,123.0,16.0,0.0,25.0,0.0,5.0,0.0,0.0,1.0,1.0,9.0,9.0,0.0,0.0,0.0,2.0,9.0,1.0,4.0,0.0,0.0,10.0,35.0,0.0,0.0,2.0,0.0,8.0,1.0,17.0,17.0,11.0,0.0,6.0,4.0,1.0,43.0,1.0,0.0,14.0,0.0,0.0,0.0,0.0,0.0,0.0,3.0,3.0,0.0,0.0,0.0,0.0,0.0,0.0,0.0,0.0,0.0,2.0,0.0,0.0,0.0,0.0,0.0,3.0,0.0,2.0,10.0,5.0,6863220934.0,-1.0,泉州市晋江市,泉州市晋江市东石镇,12.0,26.0,5.0,7.7,50.7,51.38421052631579,46.42638036809816,44.672332730560576
福建省,泉州市,晋江市,深沪镇,118.6741,24.6220721,15.0,2.0,8.0,14.0,28.0,6.0,0.0,0.0,0.0,0.0,1.0,1.0,1.0,1.0,1.0,1.0,0.0,0.0,0.0,0.0,9.0,0.0,5.0,0.0,0.0,7.0,12.0,0.0,0.0,8.0,0.0,11.0,0.0,5.0,10.0,8.0,9.0,0.0,0.0,5.0,17.0,2.0,0.0,0.0,0.0,0.0,0.0,1.0,1.0,1.0,0.0,0.0,0.0,0.0,0.0,0.0,3.0,0.0,1.0,0.0,0.0,4.0,1.0,0.0,0.0,0.0,0.0,6.0,0.0,2.0,5.0,5.0,6865756957.0,-1.0,泉州市晋江市,泉州市晋江市深沪镇,12.0,26.0,10.0,6.1,54.1,51.38421052631579,46.42638036809816,44.672332730560576
福建省,泉州市,晋江市,金井镇,118.60031,24.5762197,11.0,16.0,26.0,11.0,69.0,10.0,0.0,0.0,1.0,0.0,0.0,1.0,1.0,1.0,0.0,1.0,0.0,0.0,0.0,1.0,12.0,0.0,1.0,0.0,1.0,6.0,22.0,0.0,20.0,0.0,0.0,4.0,1.0,8.0,9.0,11.0,0.0,2.0,13.0,3.0,22.0,6.0,0.0,0.0,0.0,0.0,0.0,0.0,1.0,1.0,0.0,0.0,0.0,0.0,0.0,1.0,1.0,0.0,1.0,0.0,0.0,2.0,13.0,0.0,12.0,0.0,0.0,3.0,1.0,2.0,7.0,7.0,6863220935.0,-1.0,泉州市晋江市,泉州市晋江市金井镇,12.0,26.0,11.0,7.5,56.5,51.38421052631579,46.42638036809816,44.672332730560576
福建省,泉州市,晋江市,池店镇,118.5744375,24.8688802,36.0,67.0,91.0,44.0,163.0,19.0,8.0,33.0,1.0,0.0,0.0,1.0,2.0,2.0,4.0,5.0,0.0,0.0,0.0,9.0,22.0,2.0,0.0,1.0,0.0,36.0,9.0,0.0,0.0,7.0,0.0,24.0,5.0,28.0,20.0,11.0,3.0,11.0,25.0,4.0,11.0,0.0,0.0,0.0,0.0,0.0,0.0,0.0,1.0,1.0,0.0,0.0,0.0,0.0,0.0,0.0,1.0,0.0,0.0,0.0,0.0,5.0,3.0,0.0,0.0,0.0,0.0,1.0,0.0,4.0,8.0,4.0,6865799844.0,-1.0,泉州市晋江市,泉州市晋江市池店镇,12.0,26.0,10.0,5.9,53.9,51.38421052631579,46.42638036809816,44.672332730560576
福建省,泉州市,晋江市,内坑镇,118.460375,24.785441,0.0,8.0,39.0,22.0,95.0,12.0,0.0,1.0,1.0,1.0,0.0,1.0,1.0,1.0,2.0,4.0,0.0,0.0,0.0,1.0,0.0,0.0,0.0,0.0,1.0,23.0,5.0,0.0,0.0,0.0,0.0,6.0,0.0,16.0,12.0,4.0,0.0,0.0,6.0,4.0,17.0,4.0,0.0,0.0,0.0,0.0,0.0,1.0,1.0,1.0,0.0,2.0,0.0,0.0,0.0,0.0,0.0,0.0,0.0,0.0,0.0,3.0,0.0,0.0,0.0,0.0,0.0,2.0,0.0,3.0,6.0,1.0,2469923179.0,-1.0,泉州市晋江市,泉州市晋江市内坑镇,12.0,28.0,10.0,2.5,52.5,51.38421052631579,46.42638036809816,44.672332730560576
福建省,泉州市,晋江市,龙湖镇,118.6241515,24.6770955,6.0,8.0,0.0,18.0,74.0,3.0,0.0,0.0,0.0,1.0,3.0,0.0,1.0,1.0,3.0,3.0,0.0,0.0,0.0,0.0,20.0,1.0,1.0,0.0,0.0,20.0,1.0,0.0,0.0,1.0,0.0,4.0,1.0,16.0,10.0,12.0,0.0,6.0,0.0,8.0,9.0,0.0,0.0,0.0,0.0,0.0,0.0,0.0,0.0,0.0,0.0,0.0,0.0,0.0,0.0,0.0,4.0,0.0,0.0,0.0,0.0,2.0,0.0,0.0,0.0,0.0,0.0,1.0,0.0,2.0,6.0,3.0,6863220936.0,-1.0,泉州市晋江市,泉州市晋江市龙湖镇,12.0,28.0,0.0,4.2,44.2,51.38421052631579,46.42638036809816,44.672332730560576
福建省,泉州市,晋江市,永和镇,118.5624205,24.6970379,0.0,26.0,3.0,33.0,16.0,0.0,0.0,6.0,0.0,0.0,0.0,0.0,0.0,0.0,0.0,0.0,0.0,0.0,0.0,0.0,0.0,0.0,0.0,0.0,0.0,15.0,9.0,0.0,0.0,3.0,0.0,6.0,0.0,12.0,13.0,4.0,0.0,6.0,0.0,3.0,4.0,0.0,0.0,0.0,0.0,0.0,0.0,0.0,0.0,0.0,0.0,0.0,0.0,0.0,0.0,0.0,0.0,0.0,0.0,0.0,0.0,3.0,0.0,0.0,0.0,0.0,0.0,1.0,0.0,4.0,4.0,2.0,6865756959.0,-1.0,泉州市晋江市,泉州市晋江市永和镇,12.0,18.4,0.0,3.2,33.6,51.38421052631579,46.42638036809816,44.672332730560576
福建省,泉州市,晋江市,英林镇,118.5737648,24.6309945,0.0,14.0,5.0,16.0,26.0,1.0,0.0,0.0,0.0,0.0,0.0,0.0,0.0,0.0,0.0,0.0,0.0,0.0,0.0,0.0,7.0,1.0,0.0,0.0,0.0,14.0,0.0,0.0,0.0,1.0,0.0,2.0,0.0,10.0,9.0,6.0,0.0,2.0,0.0,2.0,14.0,0.0,0.0,0.0,0.0,0.0,0.0,0.0,0.0,0.0,0.0,0.0,0.0,0.0,0.0,0.0,1.0,0.0,0.0,0.0,0.0,2.0,0.0,0.0,0.0,0.0,0.0,0.0,0.0,1.0,4.0,2.0,6875048411.0,-1.0,泉州市晋江市,泉州市晋江市英林镇,12.0,23.4,0.0,3.1,38.5,51.38421052631579,46.42638036809816,44.672332730560576
福建省,泉州市,晋江市,紫帽镇,118.5212117,24.8672987,22.0,12.0,5.0,11.0,91.0,2.0,0.0,10.0,0.0,0.0,1.0,0.0,1.0,1.0,1.0,1.0,0.0,0.0,0.0,0.0,6.0,0.0,2.0,0.0,0.0,19.0,29.0,0.0,0.0,4.0,0.0,6.0,0.0,16.0,16.0,6.0,18.0,6.0,4.0,0.0,37.0,1.0,0.0,0.0,0.0,0.0,0.0,0.0,0.0,0.0,0.0,0.0,0.0,0.0,0.0,0.0,5.0,0.0,1.0,0.0,0.0,3.0,9.0,0.0,0.0,0.0,0.0,1.0,0.0,7.0,8.0,5.0,7649501319.0,-1.0,泉州市晋江市,泉州市晋江市紫帽镇,12.0,26.0,0.0,7.2,45.2,51.38421052631579,46.42638036809816,44.672332730560576
福建省,泉州市,晋江市,西滨镇,118.6255147,24.7983966,10.0,8.0,18.0,14.0,81.0,1.0,0.0,1.0,0.0,0.0,0.0,0.0,0.0,0.0,0.0,0.0,0.0,0.0,0.0,0.0,0.0,0.0,0.0,0.0,0.0,15.0,2.0,0.0,0.0,1.0,1.0,2.0,0.0,17.0,13.0,3.0,0.0,0.0,2.0,1.0,9.0,0.0,0.0,0.0,0.0,0.0,0.0,0.0,0.0,0.0,0.0,0.0,0.0,0.0,0.0,0.0,0.0,0.0,0.0,0.0,0.0,2.0,0.0,0.0,0.0,0.0,0.0,0.0,0.0,2.0,3.0,0.0,6863220954.0,-1.0,泉州市晋江市,泉州市晋江市西滨镇,12.0,24.0,0.0,1.8,37.8,51.38421052631579,46.42638036809816,44.672332730560576
福建省,泉州市,南安市,溪美街道,118.376683,24.9606568,0.0,46.0,61.0,61.0,54.0,7.0,0.0,17.0,1.0,0.0,0.0,1.0,2.0,2.0,9.0,13.0,0.0,0.0,0.0,4.0,53.0,7.0,0.0,1.0,0.0,10.0,8.0,0.0,0.0,1.0,0.0,20.0,5.0,9.0,11.0,9.0,0.0,6.0,12.0,26.0,20.0,4.0,0.0,13.0,0.0,0.0,0.0,1.0,1.0,1.0,5.0,8.0,0.0,0.0,0.0,2.0,19.0,1.0,0.0,1.0,0.0,2.0,4.0,0.0,0.0,0.0,0.0,8.0,2.0,3.0,9.0,7.0,5099806099.0,-1.0,泉州市南安市,泉州市南安市溪美街道,12.0,26.0,17.0,5.3,60.3,46.21153846153846,46.42638036809816,44.672332730560576
福建省,泉州市,南安市,柳城街道,118.3927144,24.9558116,0.0,54.0,69.0,71.0,52.0,7.0,0.0,17.0,1.0,0.0,0.0,1.0,2.0,2.0,9.0,15.0,1.0,0.0,0.0,5.0,66.0,13.0,0.0,1.0,0.0,9.0,9.0,0.0,0.0,1.0,0.0,19.0,6.0,6.0,11.0,9.0,0.0,13.0,6.0,14.0,11.0,1.0,0.0,10.0,0.0,0.0,0.0,0.0,0.0,0.0,1.0,1.0,0.0,0.0,0.0,0.0,12.0,2.0,0.0,0.0,0.0,1.0,0.0,0.0,0.0,0.0,0.0,5.0,0.0,2.0,8.0,6.0,5099806098.0,-1.0,泉州市南安市,泉州市南安市柳城街道,12.0,26.0,10.0,5.0,53.0,46.21153846153846,46.42638036809816,44.672332730560576
福建省,泉州市,南安市,美林街道,118.3823311,24.9777626,0.0,54.0,62.0,61.0,57.0,14.0,0.0,15.0,3.0,0.0,0.0,1.0,2.0,2.0,9.0,13.0,1.0,0.0,0.0,4.0,59.0,8.0,0.0,1.0,0.0,13.0,17.0,0.0,0.0,1.0,0.0,22.0,5.0,10.0,10.0,9.0,0.0,7.0,17.0,9.0,7.0,1.0,0.0,0.0,0.0,0.0,0.0,0.0,1.0,1.0,2.0,2.0,0.0,0.0,0.0,1.0,6.0,1.0,0.0,0.0,0.0,2.0,0.0,0.0,0.0,0.0,0.0,4.0,1.0,2.0,8.0,7.0,5099806097.0,-1.0,泉州市南安市,泉州市南安市美林街道,12.0,26.0,16.0,5.8,59.8,46.21153846153846,46.42638036809816,44.672332730560576
福建省,泉州市,南安市,省新镇,118.3793652,25.0393834,0.0,4.0,20.0,10.0,28.0,7.0,0.0,0.0,1.0,0.0,2.0,1.0,1.0,1.0,1.0,1.0,0.0,0.0,0.0,0.0,4.0,0.0,0.0,0.0,0.0,14.0,3.0,0.0,0.0,2.0,0.0,7.0,0.0,4.0,11.0,8.0,0.0,0.0,6.0,2.0,6.0,0.0,0.0,0.0,0.0,0.0,0.0,0.0,0.0,0.0,1.0,1.0,0.0,0.0,0.0,0.0,0.0,0.0,0.0,0.0,0.0,3.0,0.0,0.0,0.0,0.0,0.0,2.0,0.0,2.0,4.0,3.0,3647517115.0,-1.0,泉州市南安市,泉州市南安市省新镇,12.0,25.4,10.0,4.5,51.9,46.21153846153846,46.42638036809816,44.672332730560576
福建省,泉州市,南安市,仑苍镇,118.280641,25.009639,0.0,12.0,3.0,3.0,61.0,0.0,0.0,0.0,1.0,0.0,0.0,1.0,0.0,0.0,0.0,0.0,0.0,0.0,0.0,0.0,0.0,0.0,0.0,0.0,1.0,10.0,2.0,0.0,0.0,0.0,0.0,0.0,0.0,4.0,9.0,4.0,0.0,4.0,1.0,3.0,17.0,0.0,0.0,0.0,0.0,0.0,0.0,1.0,0.0,0.0,0.0,0.0,0.0,0.0,0.0,0.0,0.0,0.0,0.0,0.0,0.0,2.0,0.0,0.0,0.0,0.0,0.0,0.0,0.0,3.0,4.0,2.0,2470036262.0,-1.0,泉州市南安市,泉州市南安市仑苍镇,12.0,26.0,5.0,2.2,45.2,46.21153846153846,46.42638036809816,44.672332730560576
福建省,泉州市,南安市,东田镇,118.2950496,24.9148322,0.0,8.0,9.0,4.0,33.0,19.0,0.0,2.0,0.0,0.0,0.0,0.0,0.0,0.0,1.0,1.0,0.0,0.0,0.0,0.0,6.0,0.0,1.0,0.0,0.0,10.0,99.0,0.0,0.0,0.0,0.0,5.0,0.0,1.0,9.0,6.0,0.0,2.0,6.0,0.0,12.0,2.0,0.0,0.0,0.0,0.0,0.0,0.0,0.0,0.0,0.0,0.0,0.0,0.0,0.0,0.0,5.0,0.0,0.0,0.0,0.0,2.0,0.0,0.0,0.0,0.0,0.0,1.0,0.0,1.0,5.0,4.0,2469923177.0,-1.0,泉州市南安市,泉州市南安市东田镇,12.0,23.2,0.0,12.9,48.1,46.21153846153846,46.42638036809816,44.672332730560576
福建省,泉州市,南安市,英都镇,118.2481653,24.9714405,0.0,0.0,14.0,3.0,58.0,0.0,0.0,0.0,0.0,0.0,0.0,0.0,1.0,1.0,0.0,0.0,0.0,0.0,0.0,0.0,0.0,0.0,7.0,0.0,1.0,5.0,4.0,0.0,1.0,0.0,0.0,7.0,0.0,4.0,5.0,7.0,0.0,0.0,6.0,3.0,23.0,0.0,0.0,0.0,0.0,0.0,0.0,0.0,1.0,1.0,0.0,0.0,0.0,0.0,0.0,0.0,0.0,0.0,0.0,0.0,0.0,3.0,2.0,0.0,0.0,0.0,0.0,5.0,0.0,1.0,5.0,4.0,2470036268.0,-1.0,泉州市南安市,泉州市南安市英都镇,12.0,22.5,5.0,4.1,43.6,46.21153846153846,46.42638036809816,44.672332730560576
福建省,泉州市,南安市,翔云镇,118.1608717,24.9700146,0.0,0.0,6.0,6.0,19.0,0.0,0.0,0.0,0.0,0.0,0.0,0.0,0.0,0.0,0.0,0.0,0.0,0.0,0.0,0.0,0.0,0.0,0.0,0.0,0.0,3.0,0.0,0.0,0.0,0.0,0.0,2.0,0.0,3.0,5.0,5.0,0.0,0.0,4.0,5.0,13.0,0.0,0.0,0.0,0.0,0.0,0.0,0.0,0.0,0.0,0.0,0.0,0.0,0.0,0.0,0.0,0.0,0.0,0.0,0.0,0.0,1.0,0.0,0.0,0.0,0.0,0.0,2.0,0.0,1.0,4.0,2.0,2470036266.0,-1.0,泉州市南安市,泉州市南安市翔云镇,10.0,20.2,0.0,2.5,32.7,46.21153846153846,46.42638036809816,44.672332730560576
福建省,泉州市,南安市,金淘镇,118.352722,25.120365,0.0,3.0,8.0,2.0,122.0,2.0,0.0,0.0,0.0,0.0,0.0,0.0,0.0,0.0,0.0,0.0,0.0,0.0,0.0,0.0,16.0,0.0,3.0,0.0,0.0,11.0,6.0,0.0,0.0,0.0,0.0,1.0,0.0,3.0,11.0,6.0,0.0,1.0,0.0,1.0,42.0,0.0,0.0,0.0,0.0,0.0,0.0,0.0,0.0,0.0,0.0,0.0,0.0,0.0,0.0,0.0,6.0,0.0,0.0,0.0,0.0,1.0,0.0,0.0,0.0,0.0,0.0,1.0,0.0,2.0,4.0,3.0,3647507874.0,-1.0,泉州市南安市,泉州市南安市金淘镇,12.0,24.0,0.0,3.6,39.6,46.21153846153846,46.42638036809816,44.672332730560576
福建省,泉州市,南安市,诗山镇,118.28322,25.186094,8.0,3.0,7.0,4.0,35.0,3.0,0.0,0.0,0.0,1.0,0.0,1.0,1.0,1.0,0.0,0.0,0.0,0.0,0.0,1.0,2.0,0.0,0.0,0.0,0.0,14.0,15.0,0.0,0.0,0.0,0.0,3.0,1.0,3.0,9.0,8.0,3.0,2.0,3.0,4.0,18.0,0.0,0.0,0.0,0.0,0.0,0.0,1.0,0.0,0.0,0.0,0.0,0.0,0.0,0.0,0.0,1.0,0.0,0.0,0.0,0.0,3.0,2.0,0.0,0.0,0.0,0.0,1.0,0.0,3.0,6.0,4.0,3647517121.0,-1.0,泉州市南安市,泉州市南安市诗山镇,12.0,26.0,5.0,5.7,48.7,46.21153846153846,46.42638036809816,44.672332730560576
福建省,泉州市,南安市,蓬华镇,118.1879234,25.2011171,0.0,0.0,1.0,0.0,30.0,0.0,0.0,0.0,0.0,0.0,0.0,0.0,0.0,0.0,0.0,0.0,0.0,0.0,0.0,0.0,0.0,0.0,0.0,0.0,0.0,4.0,1.0,0.0,0.0,0.0,0.0,1.0,0.0,4.0,2.0,4.0,0.0,0.0,1.0,0.0,14.0,0.0,0.0,0.0,0.0,0.0,0.0,0.0,0.0,0.0,0.0,0.0,0.0,0.0,0.0,0.0,0.0,0.0,0.0,0.0,0.0,4.0,0.0,0.0,0.0,0.0,0.0,1.0,0.0,1.0,2.0,1.0,8274578598.0,-1.0,泉州市南安市,泉州市南安市蓬华镇,11.0,16.2,0.0,2.1,29.3,46.21153846153846,46.42638036809816,44.672332730560576
福建省,泉州市,南安市,码头镇,118.363187,25.192445,0.0,0.0,4.0,12.0,2.0,0.0,0.0,0.0,0.0,0.0,0.0,0.0,0.0,0.0,0.0,0.0,0.0,0.0,0.0,0.0,0.0,0.0,2.0,0.0,0.0,10.0,0.0,0.0,0.0,0.0,0.0,1.0,0.0,4.0,4.0,4.0,0.0,0.0,3.0,7.0,2.0,0.0,0.0,0.0,0.0,0.0,0.0,0.0,0.0,0.0,0.0,0.0,0.0,0.0,0.0,0.0,0.0,0.0,1.0,0.0,0.0,2.0,0.0,0.0,0.0,0.0,0.0,1.0,0.0,3.0,4.0,4.0,3647507888.0,-1.0,泉州市南安市,泉州市南安市码头镇,12.0,13.0,0.0,2.0,27.0,46.21153846153846,46.42638036809816,44.672332730560576
福建省,泉州市,南安市,九都镇,118.4540117,25.2050711,0.0,0.0,1.0,1.0,7.0,0.0,0.0,0.0,0.0,0.0,0.0,0.0,0.0,0.0,0.0,0.0,0.0,0.0,0.0,0.0,0.0,0.0,0.0,0.0,0.0,9.0,1.0,0.0,0.0,0.0,0.0,0.0,0.0,2.0,4.0,5.0,0.0,0.0,1.0,0.0,2.0,0.0,0.0,0.0,0.0,0.0,0.0,0.0,0.0,0.0,0.0,0.0,0.0,0.0,0.0,0.0,0.0,0.0,0.0,0.0,0.0,1.0,0.0,0.0,0.0,0.0,0.0,0.0,0.0,2.0,2.0,2.0,3646579259.0,-1.0,泉州市南安市,泉州市南安市九都镇,12.0,10.0,0.0,2.6,24.6,46.21153846153846,46.42638036809816,44.672332730560576
福建省,泉州市,南安市,乐峰镇,118.542427,25.205596,0.0,0.0,10.0,8.0,42.0,18.0,0.0,2.0,0.0,2.0,0.0,0.0,0.0,0.0,2.0,2.0,0.0,0.0,0.0,1.0,5.0,0.0,0.0,0.0,0.0,10.0,134.0,0.0,0.0,0.0,0.0,5.0,0.0,6.0,10.0,5.0,0.0,0.0,5.0,5.0,10.0,0.0,0.0,2.0,0.0,1.0,0.0,0.0,0.0,0.0,2.0,2.0,0.0,0.0,0.0,0.0,0.0,0.0,0.0,0.0,0.0,2.0,1.0,0.0,0.0,0.0,0.0,3.0,0.0,3.0,7.0,3.0,8274578600.0,-1.0,泉州市南安市,泉州市南安市乐峰镇,12.0,26.0,5.0,16.0,59.0,46.21153846153846,46.42638036809816,44.672332730560576
福建省,泉州市,南安市,罗东镇,118.493604,25.158947,0.0,0.0,5.0,14.0,27.0,0.0,0.0,1.0,0.0,0.0,0.0,0.0,0.0,0.0,0.0,0.0,0.0,0.0,0.0,0.0,0.0,0.0,0.0,0.0,0.0,9.0,2.0,0.0,0.0,0.0,0.0,2.0,0.0,5.0,6.0,3.0,0.0,0.0,1.0,3.0,4.0,0.0,0.0,0.0,0.0,0.0,0.0,0.0,0.0,0.0,0.0,0.0,0.0,0.0,0.0,0.0,0.0,0.0,0.0,0.0,0.0,1.0,0.0,0.0,0.0,0.0,0.0,1.0,0.0,2.0,4.0,2.0,3646579269.0,-1.0,泉州市南安市,泉州市南安市罗东镇,12.0,19.6,0.0,1.7,33.300000000000004,46.21153846153846,46.42638036809816,44.672332730560576
福建省,泉州市,南安市,梅山镇,118.46599,25.119862,0.0,3.0,9.0,16.0,64.0,0.0,0.0,0.0,2.0,0.0,0.0,0.0,3.0,3.0,0.0,0.0,0.0,0.0,0.0,2.0,0.0,0.0,0.0,0.0,0.0,14.0,3.0,0.0,0.0,0.0,0.0,6.0,1.0,6.0,9.0,6.0,0.0,3.0,1.0,6.0,11.0,0.0,0.0,0.0,2.0,0.0,0.0,0.0,0.0,0.0,0.0,0.0,0.0,0.0,0.0,2.0,0.0,0.0,0.0,0.0,0.0,2.0,0.0,0.0,0.0,0.0,0.0,1.0,0.0,3.0,5.0,3.0,3646579273.0,-1.0,泉州市南安市,泉州市南安市梅山镇,12.0,26.0,2.0,3.3,43.3,46.21153846153846,46.42638036809816,44.672332730560576
福建省,泉州市,南安市,洪濑镇,118.516259,25.078953,0.0,7.0,18.0,20.0,41.0,0.0,0.0,0.0,1.0,1.0,0.0,1.0,0.0,0.0,0.0,0.0,0.0,0.0,0.0,1.0,0.0,0.0,0.0,0.0,0.0,12.0,8.0,0.0,1.0,0.0,0.0,2.0,1.0,4.0,5.0,6.0,0.0,3.0,3.0,8.0,13.0,0.0,0.0,0.0,1.0,0.0,0.0,1.0,0.0,0.0,0.0,0.0,0.0,0.0,0.0,0.0,0.0,0.0,0.0,0.0,0.0,4.0,1.0,0.0,1.0,0.0,0.0,0.0,0.0,3.0,4.0,2.0,3646579252.0,-1.0,泉州市南安市,泉州市南安市洪濑镇,12.0,26.5,5.0,3.9,47.4,46.21153846153846,46.42638036809816,44.672332730560576
福建省,泉州市,南安市,洪梅镇,118.537936,25.111489,0.0,0.0,3.0,9.0,6.0,0.0,0.0,0.0,0.0,1.0,0.0,0.0,0.0,0.0,0.0,0.0,0.0,0.0,0.0,0.0,0.0,0.0,0.0,0.0,0.0,9.0,0.0,0.0,0.0,0.0,0.0,0.0,0.0,6.0,4.0,4.0,0.0,0.0,1.0,7.0,0.0,0.0,0.0,0.0,0.0,0.0,0.0,0.0,0.0,0.0,0.0,0.0,0.0,0.0,0.0,0.0,0.0,0.0,0.0,0.0,0.0,1.0,0.0,0.0,0.0,0.0,0.0,0.0,0.0,2.0,2.0,2.0,3646579253.0,-1.0,泉州市南安市,泉州市南安市洪梅镇,12.0,15.2,0.0,2.0,29.2,46.21153846153846,46.42638036809816,44.672332730560576
福建省,泉州市,南安市,康美镇,118.4780032,25.0433695,0.0,2.0,9.0,10.0,27.0,0.0,0.0,0.0,0.0,0.0,0.0,1.0,0.0,0.0,0.0,1.0,0.0,0.0,0.0,0.0,0.0,0.0,0.0,0.0,1.0,7.0,2.0,0.0,0.0,1.0,0.0,2.0,0.0,5.0,5.0,4.0,0.0,0.0,5.0,0.0,9.0,0.0,0.0,0.0,0.0,0.0,0.0,1.0,0.0,0.0,0.0,1.0,0.0,0.0,0.0,0.0,0.0,0.0,0.0,0.0,0.0,1.0,0.0,0.0,0.0,0.0,0.0,2.0,0.0,3.0,2.0,3.0,8235712907.0,-1.0,泉州市南安市,泉州市南安市康美镇,12.0,20.6,5.0,2.3,39.9,46.21153846153846,46.42638036809816,44.672332730560576
福建省,泉州市,南安市,丰州镇,118.5318159,24.9568895,0.0,59.0,10.0,14.0,126.0,23.0,0.0,16.0,3.0,0.0,1.0,1.0,1.0,1.0,2.0,2.0,0.0,0.0,0.0,1.0,0.0,0.0,0.0,0.0,0.0,20.0,29.0,0.0,1.0,3.0,0.0,9.0,1.0,12.0,14.0,7.0,0.0,4.0,2.0,0.0,56.0,2.0,0.0,9.0,0.0,0.0,0.0,1.0,1.0,1.0,1.0,1.0,0.0,0.0,0.0,0.0,0.0,0.0,0.0,0.0,0.0,4.0,19.0,0.0,1.0,1.0,0.0,6.0,0.0,2.0,9.0,5.0,8274578599.0,-1.0,泉州市南安市,泉州市南安市丰州镇,12.0,28.0,15.0,8.7,63.7,46.21153846153846,46.42638036809816,44.672332730560576
福建省,泉州市,南安市,霞美镇,118.4841493,24.9375406,0.0,11.0,19.0,6.0,29.0,10.0,0.0,0.0,0.0,0.0,1.0,1.0,1.0,1.0,1.0,1.0,0.0,0.0,0.0,1.0,1.0,0.0,2.0,0.0,1.0,18.0,0.0,0.0,0.0,0.0,1.0,8.0,0.0,15.0,10.0,9.0,0.0,2.0,6.0,1.0,18.0,1.0,0.0,0.0,0.0,0.0,0.0,1.0,1.0,1.0,1.0,1.0,0.0,0.0,0.0,0.0,0.0,0.0,0.0,0.0,0.0,3.0,0.0,0.0,0.0,0.0,0.0,1.0,0.0,2.0,8.0,2.0,2469923180.0,-1.0,泉州市南安市,泉州市南安市霞美镇,12.0,26.0,15.0,4.0,57.0,46.21153846153846,46.42638036809816,44.672332730560576
福建省,泉州市,南安市,官桥镇,118.426944,24.806111,18.0,7.0,26.0,28.0,83.0,34.0,0.0,0.0,1.0,3.0,0.0,1.0,1.0,1.0,3.0,3.0,0.0,0.0,0.0,1.0,0.0,0.0,3.0,0.0,4.0,16.0,30.0,0.0,0.0,7.0,0.0,31.0,0.0,15.0,16.0,9.0,0.0,0.0,9.0,9.0,45.0,9.0,0.0,0.0,0.0,0.0,0.0,1.0,1.0,1.0,1.0,1.0,0.0,0.0,0.0,0.0,0.0,0.0,1.0,0.0,0.0,2.0,0.0,0.0,0.0,0.0,0.0,3.0,0.0,4.0,6.0,3.0,2469923178.0,-1.0,泉州市南安市,泉州市南安市官桥镇,12.0,28.0,15.0,7.7,62.7,46.21153846153846,46.42638036809816,44.672332730560576
福建省,泉州市,南安市,水头镇,118.4286351,24.7076172,29.0,15.0,22.0,35.0,217.0,24.0,0.0,47.0,1.0,2.0,3.0,2.0,1.0,1.0,8.0,8.0,0.0,0.0,0.0,11.0,7.0,1.0,3.0,0.0,1.0,15.0,62.0,2.0,3.0,5.0,1.0,11.0,2.0,16.0,20.0,13.0,10.0,0.0,7.0,7.0,54.0,3.0,0.0,29.0,1.0,0.0,1.0,2.0,1.0,1.0,4.0,4.0,0.0,0.0,0.0,7.0,3.0,1.0,2.0,0.0,0.0,4.0,32.0,2.0,3.0,1.0,0.0,4.0,1.0,7.0,13.0,11.0,6863220933.0,12113617.0,泉州市南安市,泉州市南安市水头镇,20.0,30.0,21.0,14.0,85.0,46.21153846153846,46.42638036809816,44.672332730560576
福建省,泉州市,南安市,石井镇,118.4243482,24.6306412,11.0,17.0,2.0,24.0,84.0,1.0,0.0,2.0,2.0,0.0,0.0,1.0,1.0,1.0,0.0,0.0,0.0,0.0,0.0,0.0,3.0,0.0,2.0,0.0,4.0,11.0,17.0,0.0,0.0,29.0,0.0,7.0,0.0,16.0,18.0,13.0,9.0,2.0,0.0,11.0,24.0,0.0,0.0,2.0,2.0,0.0,0.0,1.0,1.0,1.0,0.0,0.0,0.0,0.0,0.0,0.0,2.0,0.0,0.0,0.0,0.0,3.0,1.0,0.0,0.0,11.0,0.0,3.0,0.0,5.0,7.0,7.0,6862746657.0,12113618.0,泉州市南安市,泉州市南安市石井镇,20.0,26.0,10.0,9.8,65.8,46.21153846153846,46.42638036809816,44.672332730560576
福建省,泉州市,南安市,眉山乡,118.3057991,25.087721,0.0,0.0,3.0,8.0,11.0,0.0,0.0,0.0,0.0,0.0,0.0,0.0,0.0,0.0,0.0,0.0,0.0,0.0,0.0,0.0,0.0,0.0,1.0,0.0,0.0,7.0,0.0,0.0,0.0,0.0,0.0,0.0,0.0,5.0,7.0,4.0,0.0,0.0,1.0,2.0,5.0,0.0,0.0,0.0,0.0,0.0,0.0,0.0,0.0,0.0,0.0,0.0,0.0,0.0,0.0,0.0,0.0,0.0,0.0,0.0,0.0,1.0,0.0,0.0,0.0,0.0,0.0,0.0,0.0,1.0,4.0,2.0,3647507890.0,-1.0,泉州市南安市,泉州市南安市眉山乡,12.0,17.2,0.0,2.0,31.2,46.21153846153846,46.42638036809816,44.672332730560576
福建省,泉州市,南安市,向阳乡,118.48799,25.269592,0.0,0.0,1.0,1.0,2.0,0.0,0.0,0.0,0.0,0.0,0.0,0.0,0.0,0.0,0.0,0.0,0.0,0.0,0.0,0.0,0.0,0.0,0.0,0.0,0.0,7.0,0.0,0.0,0.0,0.0,0.0,0.0,0.0,3.0,3.0,0.0,0.0,0.0,1.0,1.0,1.0,0.0,0.0,0.0,0.0,0.0,0.0,0.0,0.0,0.0,0.0,0.0,0.0,0.0,0.0,0.0,0.0,0.0,0.0,0.0,0.0,3.0,0.0,0.0,0.0,0.0,0.0,0.0,0.0,1.0,3.0,0.0,3644993255.0,-1.0,泉州市南安市,泉州市南安市向阳乡,12.0,8.2,0.0,0.0,20.2,46.21153846153846,46.42638036809816,44.672332730560576
福建省,漳州市,芗城区,东铺头街道,117.6430017,24.5133934,13.0,49.0,97.0,130.0,349.0,181.0,3.0,125.0,10.0,6.0,0.0,5.0,6.0,6.0,16.0,28.0,0.0,0.0,0.0,13.0,32.0,1.0,5.0,0.0,14.0,12.0,125.0,0.0,0.0,13.0,3.0,131.0,10.0,14.0,20.0,18.0,0.0,14.0,12.0,32.0,61.0,31.0,0.0,19.0,0.0,0.0,0.0,5.0,4.0,4.0,3.0,8.0,0.0,0.0,0.0,5.0,2.0,0.0,0.0,0.0,1.0,6.0,28.0,0.0,0.0,0.0,0.0,21.0,3.0,10.0,10.0,12.0,8190864907.0,11975619.0,漳州市芗城区,漳州市芗城区东铺头街道,20.0,28.0,20.0,20.0,88.0,70.5,49.05983606557377,44.672332730560576
福建省,漳州市,芗城区,西桥街道,117.6454465,24.5059803,24.0,47.0,95.0,139.0,362.0,208.0,3.0,131.0,8.0,7.0,1.0,5.0,7.0,7.0,18.0,29.0,0.0,0.0,0.0,16.0,36.0,1.0,2.0,0.0,11.0,13.0,91.0,0.0,0.0,4.0,5.0,88.0,10.0,19.0,21.0,16.0,5.0,8.0,18.0,35.0,78.0,14.0,0.0,14.0,0.0,0.0,0.0,1.0,0.0,0.0,4.0,7.0,0.0,0.0,0.0,4.0,1.0,0.0,0.0,0.0,2.0,5.0,7.0,0.0,0.0,2.0,0.0,13.0,1.0,10.0,12.0,7.0,8190820889.0,11975622.0,漳州市芗城区,漳州市芗城区西桥街道,20.0,30.0,14.0,14.4,78.4,70.5,49.05983606557377,44.672332730560576
福建省,漳州市,芗城区,新桥街道,117.6589876,24.5085686,53.0,43.0,126.0,151.0,369.0,221.0,3.0,277.0,17.0,11.0,1.0,7.0,7.0,7.0,21.0,30.0,0.0,0.0,0.0,16.0,46.0,0.0,4.0,0.0,12.0,14.0,106.0,0.0,0.0,16.0,6.0,80.0,8.0,19.0,23.0,16.0,0.0,8.0,40.0,16.0,77.0,3.0,0.0,29.0,0.0,0.0,0.0,0.0,1.0,1.0,3.0,3.0,0.0,0.0,0.0,3.0,4.0,0.0,0.0,0.0,0.0,2.0,7.0,0.0,0.0,2.0,3.0,7.0,1.0,7.0,10.0,8.0,8190820869.0,11975620.0,漳州市芗城区,漳州市芗城区新桥街道,20.0,30.0,18.0,17.1,85.1,70.5,49.05983606557377,44.672332730560576
福建省,漳州市,芗城区,巷口街道,117.659056,24.5119731,51.0,45.0,129.0,150.0,351.0,202.0,3.0,268.0,17.0,11.0,1.0,7.0,7.0,7.0,22.0,31.0,0.0,0.0,0.0,16.0,43.0,0.0,5.0,0.0,11.0,14.0,107.0,0.0,0.0,15.0,6.0,83.0,8.0,18.0,22.0,16.0,0.0,8.0,37.0,13.0,68.0,18.0,0.0,30.0,0.0,0.0,0.0,1.0,1.0,1.0,4.0,4.0,0.0,0.0,0.0,6.0,4.0,0.0,0.0,0.0,1.0,3.0,18.0,0.0,0.0,1.0,3.0,8.0,3.0,8.0,12.0,9.0,8190820870.0,11975621.0,漳州市芗城区,漳州市芗城区巷口街道,20.0,30.0,21.0,18.1,89.1,70.5,49.05983606557377,44.672332730560576
福建省,漳州市,芗城区,南坑街道,117.6647586,24.5204902,69.0,21.0,131.0,145.0,306.0,140.0,3.0,194.0,15.0,11.0,0.0,6.0,8.0,8.0,22.0,27.0,0.0,0.0,0.0,15.0,48.0,0.0,4.0,0.0,11.0,15.0,115.0,0.0,0.0,17.0,6.0,81.0,6.0,19.0,21.0,16.0,0.0,10.0,28.0,9.0,47.0,28.0,0.0,38.0,0.0,1.0,0.0,0.0,1.0,1.0,5.0,5.0,0.0,0.0,0.0,3.0,7.0,0.0,0.0,0.0,2.0,1.0,13.0,0.0,0.0,0.0,3.0,5.0,1.0,2.0,13.0,9.0,8190889548.0,11975618.0,漳州市芗城区,漳州市芗城区南坑街道,20.0,28.0,18.0,18.5,84.5,70.5,49.05983606557377,44.672332730560576
福建省,漳州市,芗城区,通北街道,117.64984,24.5258074,35.0,51.0,92.0,114.0,306.0,152.0,0.0,125.0,10.0,5.0,0.0,5.0,6.0,6.0,19.0,27.0,0.0,0.0,0.0,11.0,28.0,1.0,4.0,0.0,9.0,12.0,118.0,0.0,0.0,16.0,3.0,129.0,7.0,18.0,19.0,17.0,0.0,0.0,28.0,9.0,17.0,18.0,0.0,49.0,2.0,0.0,0.0,2.0,2.0,2.0,6.0,8.0,0.0,0.0,0.0,4.0,6.0,0.0,0.0,0.0,2.0,1.0,30.0,0.0,0.0,2.0,0.0,6.0,3.0,3.0,11.0,10.0,8190849093.0,11975617.0,漳州市芗城区,漳州市芗城区通北街道,20.0,28.0,19.0,20.0,87.0,70.5,49.05983606557377,44.672332730560576
福建省,漳州市,芗城区,芝山街道,117.616466,24.522727,23.0,80.0,23.0,184.0,164.0,106.0,14.0,149.0,61.0,5.0,0.0,4.0,2.0,2.0,13.0,19.0,0.0,0.0,0.0,2.0,46.0,3.0,13.0,0.0,9.0,4.0,44.0,0.0,0.0,14.0,0.0,96.0,2.0,11.0,22.0,19.0,0.0,12.0,0.0,38.0,17.0,4.0,0.0,0.0,1.0,0.0,0.0,1.0,0.0,0.0,1.0,2.0,0.0,0.0,0.0,2.0,17.0,0.0,3.0,0.0,5.0,1.0,5.0,0.0,0.0,2.0,0.0,11.0,0.0,1.0,7.0,7.0,2657240830.0,-1.0,漳州市芗城区,漳州市芗城区芝山街道,11.0,28.0,12.0,10.5,61.5,70.5,49.05983606557377,44.672332730560576
福建省,漳州市,芗城区,石亭街道,117.6163097,24.5814402,11.0,6.0,15.0,31.0,81.0,41.0,0.0,7.0,0.0,1.0,0.0,0.0,0.0,0.0,1.0,1.0,0.0,0.0,0.0,0.0,13.0,3.0,23.0,0.0,1.0,2.0,26.0,1.0,0.0,1.0,0.0,11.0,1.0,4.0,18.0,13.0,5.0,4.0,1.0,5.0,11.0,9.0,0.0,6.0,0.0,0.0,0.0,0.0,0.0,0.0,0.0,0.0,0.0,0.0,0.0,0.0,0.0,0.0,0.0,0.0,1.0,1.0,9.0,1.0,0.0,0.0,0.0,6.0,0.0,1.0,11.0,4.0,2657240828.0,-1.0,漳州市芗城区,漳州市芗城区石亭街道,9.0,26.0,0.0,7.6,42.6,70.5,49.05983606557377,44.672332730560576
福建省,漳州市,芗城区,浦南镇,117.6821247,24.636596,10.0,0.0,12.0,16.0,61.0,0.0,0.0,0.0,2.0,0.0,0.0,0.0,0.0,0.0,0.0,0.0,0.0,0.0,0.0,0.0,10.0,0.0,11.0,0.0,0.0,5.0,0.0,0.0,0.0,8.0,0.0,0.0,0.0,11.0,13.0,7.0,6.0,0.0,1.0,3.0,15.0,0.0,0.0,0.0,0.0,0.0,0.0,0.0,0.0,0.0,0.0,0.0,0.0,0.0,0.0,0.0,3.0,0.0,0.0,0.0,0.0,1.0,0.0,0.0,0.0,1.0,0.0,0.0,0.0,6.0,6.0,3.0,8190849092.0,-1.0,漳州市芗城区,漳州市芗城区浦南镇,12.0,26.0,0.0,4.4,42.4,70.5,49.05983606557377,44.672332730560576
福建省,漳州市,芗城区,天宝镇,117.560278,24.588611,16.0,0.0,4.0,42.0,99.0,4.0,0.0,2.0,10.0,0.0,1.0,0.0,0.0,0.0,4.0,4.0,0.0,0.0,0.0,0.0,20.0,0.0,3.0,0.0,0.0,2.0,1.0,0.0,0.0,2.0,0.0,3.0,0.0,6.0,17.0,8.0,2.0,0.0,0.0,17.0,22.0,2.0,0.0,2.0,6.0,0.0,0.0,0.0,0.0,0.0,2.0,2.0,0.0,0.0,0.0,0.0,3.0,0.0,0.0,0.0,0.0,1.0,0.0,0.0,0.0,1.0,0.0,1.0,0.0,5.0,11.0,5.0,2657240829.0,-1.0,漳州市芗城区,漳州市芗城区天宝镇,9.0,28.0,5.0,4.4,46.4,70.5,49.05983606557377,44.672332730560576
福建省,漳州市,龙文区,步文街道,117.686944,24.512222,95.0,37.0,150.0,165.0,252.0,107.0,0.0,275.0,26.0,13.0,0.0,4.0,4.0,4.0,14.0,14.0,0.0,0.0,0.0,10.0,83.0,0.0,3.0,0.0,11.0,8.0,70.0,0.0,0.0,28.0,6.0,45.0,3.0,12.0,21.0,15.0,26.0,0.0,16.0,24.0,41.0,1.0,0.0,13.0,8.0,0.0,0.0,2.0,1.0,1.0,3.0,3.0,0.0,0.0,0.0,3.0,10.0,0.0,1.0,0.0,3.0,1.0,10.0,0.0,0.0,2.0,0.0,5.0,0.0,3.0,15.0,8.0,8190632976.0,11975472.0,漳州市龙文区,漳州市龙文区步文街道,20.0,28.0,18.0,15.0,81.0,69.45,49.05983606557377,44.672332730560576
福建省,漳州市,龙文区,碧湖街道,117.6694858,24.497244,73.0,37.0,107.0,138.0,455.0,204.0,3.0,302.0,28.0,15.0,1.0,5.0,6.0,6.0,14.0,17.0,0.0,0.0,0.0,18.0,65.0,0.0,4.0,0.0,11.0,12.0,103.0,0.0,0.0,18.0,6.0,54.0,7.0,17.0,23.0,16.0,5.0,2.0,14.0,11.0,36.0,27.0,1.0,56.0,2.0,4.0,0.0,0.0,1.0,1.0,3.0,3.0,0.0,0.0,0.0,5.0,13.0,0.0,0.0,0.0,0.0,1.0,17.0,0.0,0.0,2.0,2.0,20.0,1.0,7.0,15.0,7.0,8190620628.0,-1.0,漳州市龙文区,漳州市龙文区碧湖街道,12.0,30.0,20.0,18.0,80.0,69.45,49.05983606557377,44.672332730560576
福建省,漳州市,龙文区,蓝田街道,117.7175,24.503056,61.0,29.0,68.0,143.0,192.0,201.0,0.0,52.0,8.0,4.0,2.0,2.0,1.0,1.0,9.0,9.0,0.0,0.0,0.0,5.0,71.0,0.0,30.0,0.0,15.0,6.0,106.0,0.0,0.0,21.0,1.0,29.0,1.0,8.0,19.0,15.0,6.0,2.0,13.0,35.0,33.0,16.0,0.0,0.0,0.0,0.0,0.0,0.0,1.0,1.0,3.0,3.0,0.0,0.0,0.0,0.0,12.0,0.0,5.0,0.0,3.0,3.0,0.0,0.0,0.0,7.0,0.0,15.0,0.0,3.0,11.0,9.0,8190632977.0,11975471.0,漳州市龙文区,漳州市龙文区蓝田街道,20.0,30.0,15.0,17.4,82.4,69.45,49.05983606557377,44.672332730560576
福建省,漳州市,龙文区,朝阳街道,117.7133169,24.5376066,26.0,33.0,35.0,83.0,100.0,147.0,0.0,3.0,0.0,0.0,3.0,0.0,0.0,0.0,2.0,2.0,0.0,0.0,0.0,1.0,52.0,2.0,13.0,0.0,1.0,6.0,28.0,0.0,0.0,7.0,0.0,8.0,0.0,12.0,16.0,10.0,0.0,4.0,2.0,5.0,7.0,1.0,0.0,0.0,0.0,0.0,0.0,0.0,0.0,0.0,0.0,0.0,0.0,0.0,0.0,0.0,6.0,0.0,0.0,0.0,0.0,1.0,0.0,0.0,0.0,0.0,0.0,0.0,0.0,2.0,10.0,2.0,8190632975.0,11975473.0,漳州市龙文区,漳州市龙文区朝阳街道,20.0,26.0,0.0,7.5,53.5,69.45,49.05983606557377,44.672332730560576
福建省,漳州市,龙文区,景山街道,117.716875,24.5208878,43.0,29.0,79.0,125.0,155.0,200.0,0.0,9.0,6.0,2.0,4.0,0.0,2.0,2.0,10.0,10.0,0.0,0.0,0.0,5.0,75.0,1.0,29.0,0.0,8.0,9.0,77.0,0.0,0.0,20.0,0.0,26.0,0.0,11.0,19.0,11.0,2.0,0.0,4.0,4.0,20.0,8.0,0.0,0.0,0.0,0.0,1.0,0.0,0.0,0.0,2.0,2.0,0.0,0.0,0.0,1.0,15.0,0.0,3.0,0.0,0.0,2.0,2.0,0.0,0.0,0.0,0.0,4.0,0.0,2.0,6.0,4.0,8190620627.0,-1.0,漳州市龙文区,漳州市龙文区景山街道,12.0,30.0,6.0,13.9,61.9,69.45,49.05983606557377,44.672332730560576
福建省,漳州市,龙文区,郭坑镇,117.7365965,24.5633777,0.0,33.0,2.0,37.0,97.0,14.0,0.0,3.0,5.0,0.0,0.0,0.0,0.0,0.0,1.0,1.0,0.0,0.0,0.0,0.0,19.0,2.0,13.0,0.0,0.0,6.0,2.0,0.0,0.0,27.0,0.0,2.0,0.0,8.0,17.0,13.0,0.0,5.0,2.0,5.0,8.0,0.0,0.0,0.0,5.0,0.0,0.0,0.0,0.0,0.0,1.0,1.0,0.0,0.0,0.0,0.0,4.0,0.0,0.0,0.0,0.0,1.0,0.0,0.0,0.0,0.0,0.0,1.0,0.0,4.0,6.0,4.0,8190632974.0,11975474.0,漳州市龙文区,漳州市龙文区郭坑镇,20.0,26.0,5.0,6.9,57.9,69.45,49.05983606557377,44.672332730560576
福建省,漳州市,龙海区,石码街道,117.8124744,24.4484486,0.0,32.0,44.0,62.0,219.0,18.0,0.0,11.0,4.0,0.0,0.0,2.0,1.0,1.0,8.0,9.0,2.0,0.0,0.0,3.0,64.0,2.0,5.0,0.0,2.0,7.0,32.0,5.0,4.0,27.0,0.0,19.0,1.0,7.0,19.0,12.0,0.0,2.0,17.0,27.0,54.0,5.0,0.0,0.0,0.0,0.0,0.0,2.0,0.0,0.0,5.0,5.0,1.0,0.0,0.0,1.0,22.0,0.0,0.0,0.0,1.0,3.0,9.0,1.0,0.0,5.0,0.0,7.0,1.0,3.0,8.0,8.0,5099875151.0,11970667.0,漳州市龙海区,漳州市龙海区石码街道,20.0,26.0,16.0,11.3,73.3,53.81428571428571,49.05983606557377,44.672332730560576
福建省,漳州市,龙海区,海澄镇,117.850556,24.412222,0.0,20.0,22.0,29.0,180.0,81.0,0.0,9.0,28.0,1.0,0.0,0.0,1.0,1.0,5.0,5.0,0.0,0.0,0.0,0.0,18.0,0.0,6.0,0.0,2.0,13.0,39.0,0.0,5.0,71.0,0.0,27.0,0.0,4.0,14.0,14.0,0.0,12.0,1.0,5.0,21.0,11.0,0.0,0.0,0.0,0.0,0.0,0.0,1.0,1.0,2.0,2.0,0.0,0.0,0.0,0.0,1.0,0.0,2.0,0.0,1.0,2.0,8.0,0.0,5.0,0.0,0.0,10.0,0.0,1.0,9.0,7.0,2481040414.0,-1.0,漳州市龙海区,漳州市龙海区海澄镇,12.0,28.0,10.0,15.8,65.8,53.81428571428571,49.05983606557377,44.672332730560576
福建省,漳州市,龙海区,角美镇,117.895833,24.526389,34.0,2.0,83.0,27.0,437.0,245.0,1.0,143.0,12.0,6.0,1.0,1.0,2.0,2.0,10.0,11.0,3.0,0.0,0.0,3.0,29.0,8.0,51.0,0.0,14.0,4.0,294.0,12.0,61.0,47.0,0.0,33.0,0.0,13.0,26.0,19.0,6.0,0.0,34.0,1.0,110.0,16.0,0.0,7.0,0.0,0.0,0.0,0.0,2.0,2.0,4.0,4.0,0.0,0.0,0.0,0.0,8.0,1.0,1.0,0.0,4.0,2.0,36.0,2.0,28.0,3.0,0.0,9.0,0.0,4.0,13.0,11.0,2481375094.0,-1.0,漳州市龙海区,漳州市龙海区角美镇,11.0,30.0,15.0,20.0,76.0,53.81428571428571,49.05983606557377,44.672332730560576
福建省,漳州市,龙海区,白水镇,117.868056,24.332222,0.0,0.0,12.0,16.0,97.0,3.0,0.0,1.0,0.0,0.0,0.0,0.0,0.0,0.0,2.0,2.0,0.0,0.0,0.0,0.0,3.0,0.0,0.0,0.0,0.0,2.0,4.0,0.0,0.0,0.0,0.0,0.0,0.0,6.0,13.0,6.0,0.0,0.0,8.0,8.0,11.0,0.0,0.0,0.0,0.0,0.0,0.0,0.0,0.0,0.0,1.0,1.0,0.0,0.0,0.0,0.0,2.0,0.0,0.0,0.0,0.0,1.0,0.0,0.0,0.0,0.0,0.0,0.0,0.0,2.0,5.0,3.0,2481040395.0,-1.0,漳州市龙海区,漳州市龙海区白水镇,9.0,24.0,5.0,3.4,41.4,53.81428571428571,49.05983606557377,44.672332730560576
福建省,漳州市,龙海区,浮宫镇,117.905,24.371111,0.0,40.0,25.0,51.0,218.0,52.0,0.0,7.0,1.0,0.0,0.0,0.0,0.0,0.0,4.0,4.0,0.0,0.0,0.0,1.0,36.0,0.0,13.0,0.0,6.0,3.0,14.0,0.0,0.0,7.0,0.0,9.0,0.0,2.0,16.0,13.0,0.0,2.0,1.0,9.0,40.0,4.0,0.0,0.0,1.0,0.0,0.0,0.0,0.0,0.0,1.0,1.0,0.0,0.0,0.0,0.0,6.0,0.0,2.0,0.0,0.0,2.0,0.0,0.0,0.0,0.0,0.0,1.0,0.0,1.0,7.0,6.0,8186151222.0,-1.0,漳州市龙海区,漳州市龙海区浮宫镇,10.0,26.0,5.0,6.1,47.1,53.81428571428571,49.05983606557377,44.672332730560576
福建省,漳州市,龙海区,程溪镇,117.5858023,24.3940404,0.0,0.0,4.0,12.0,132.0,72.0,0.0,14.0,0.0,0.0,0.0,0.0,0.0,0.0,2.0,2.0,0.0,0.0,0.0,0.0,2.0,0.0,5.0,0.0,0.0,1.0,40.0,0.0,0.0,6.0,0.0,3.0,0.0,1.0,10.0,16.0,0.0,0.0,3.0,6.0,49.0,14.0,0.0,0.0,0.0,0.0,0.0,0.0,0.0,0.0,1.0,1.0,0.0,0.0,0.0,0.0,2.0,0.0,1.0,0.0,0.0,1.0,1.0,0.0,0.0,3.0,0.0,0.0,0.0,1.0,7.0,7.0,2481040400.0,-1.0,漳州市龙海区,漳州市龙海区程溪镇,8.0,24.0,5.0,9.0,46.0,53.81428571428571,49.05983606557377,44.672332730560576
福建省,漳州市,龙海区,港尾镇,118.00636,24.316071,0.0,17.0,20.0,9.0,271.0,48.0,0.0,1.0,8.0,1.0,1.0,0.0,0.0,0.0,5.0,6.0,0.0,0.0,0.0,0.0,25.0,0.0,10.0,0.0,2.0,4.0,63.0,0.0,0.0,23.0,0.0,0.0,0.0,1.0,14.0,16.0,0.0,10.0,0.0,7.0,117.0,5.0,0.0,1.0,0.0,0.0,1.0,0.0,0.0,0.0,3.0,4.0,0.0,0.0,0.0,0.0,8.0,0.0,0.0,0.0,0.0,1.0,3.0,0.0,0.0,0.0,0.0,0.0,0.0,1.0,10.0,5.0,2481040411.0,-1.0,漳州市龙海区,漳州市龙海区港尾镇,11.0,30.0,5.0,12.9,58.9,53.81428571428571,49.05983606557377,44.672332730560576
福建省,漳州市,龙海区,九湖镇,117.6463535,24.4843007,46.0,27.0,35.0,127.0,383.0,125.0,3.0,56.0,32.0,3.0,2.0,0.0,3.0,3.0,6.0,13.0,0.0,0.0,0.0,4.0,35.0,0.0,5.0,0.0,8.0,8.0,22.0,0.0,0.0,8.0,0.0,38.0,4.0,15.0,22.0,11.0,2.0,0.0,2.0,13.0,64.0,38.0,0.0,0.0,0.0,0.0,0.0,0.0,0.0,0.0,0.0,1.0,0.0,0.0,0.0,0.0,6.0,0.0,0.0,0.0,1.0,2.0,1.0,0.0,0.0,0.0,0.0,0.0,0.0,5.0,8.0,4.0,2481040416.0,-1.0,漳州市龙海区,漳州市龙海区九湖镇,12.0,30.0,0.0,7.1,49.1,53.81428571428571,49.05983606557377,44.672332730560576
福建省,漳州市,龙海区,颜厝镇,117.6731631,24.4667676,69.0,20.0,9.0,103.0,382.0,133.0,1.0,130.0,20.0,7.0,1.0,0.0,1.0,1.0,5.0,6.0,0.0,0.0,0.0,0.0,39.0,0.0,5.0,0.0,3.0,6.0,37.0,0.0,0.0,17.0,1.0,23.0,0.0,8.0,21.0,16.0,13.0,0.0,0.0,6.0,103.0,4.0,0.0,13.0,0.0,2.0,0.0,0.0,0.0,0.0,0.0,0.0,0.0,0.0,0.0,0.0,6.0,0.0,0.0,0.0,0.0,2.0,0.0,0.0,0.0,0.0,0.0,0.0,0.0,1.0,12.0,5.0,2481040491.0,-1.0,漳州市龙海区,漳州市龙海区颜厝镇,12.0,30.0,0.0,9.4,51.4,53.81428571428571,49.05983606557377,44.672332730560576
福建省,漳州市,龙海区,榜山镇,117.785483,24.441951,9.0,22.0,16.0,43.0,224.0,27.0,0.0,10.0,0.0,0.0,1.0,2.0,1.0,1.0,10.0,11.0,2.0,0.0,0.0,2.0,58.0,2.0,8.0,0.0,2.0,5.0,36.0,4.0,5.0,6.0,0.0,15.0,1.0,6.0,20.0,13.0,0.0,2.0,2.0,2.0,20.0,0.0,0.0,0.0,0.0,0.0,0.0,0.0,0.0,0.0,2.0,2.0,0.0,0.0,0.0,0.0,4.0,0.0,0.0,0.0,0.0,1.0,1.0,0.0,0.0,0.0,0.0,1.0,0.0,2.0,10.0,4.0,2481040396.0,-1.0,漳州市龙海区,漳州市龙海区榜山镇,12.0,26.0,10.0,8.3,56.3,53.81428571428571,49.05983606557377,44.672332730560576
福建省,漳州市,龙海区,紫泥镇,117.832222,24.4675,18.0,10.0,40.0,60.0,106.0,12.0,0.0,7.0,0.0,0.0,0.0,0.0,0.0,0.0,3.0,3.0,0.0,0.0,0.0,0.0,17.0,0.0,4.0,0.0,1.0,6.0,4.0,0.0,0.0,15.0,0.0,5.0,0.0,6.0,17.0,7.0,0.0,0.0,3.0,1.0,2.0,0.0,0.0,0.0,0.0,0.0,0.0,0.0,0.0,0.0,0.0,0.0,0.0,0.0,0.0,0.0,2.0,0.0,0.0,0.0,0.0,1.0,0.0,0.0,0.0,0.0,0.0,2.0,0.0,3.0,5.0,4.0,8186151221.0,-1.0,漳州市龙海区,漳州市龙海区紫泥镇,12.0,24.0,0.0,5.4,41.4,53.81428571428571,49.05983606557377,44.672332730560576
福建省,漳州市,龙海区,东园镇,117.864722,24.356111,0.0,34.0,18.0,26.0,132.0,25.0,0.0,5.0,0.0,1.0,0.0,0.0,0.0,0.0,2.0,2.0,0.0,0.0,0.0,0.0,9.0,0.0,3.0,0.0,0.0,2.0,5.0,0.0,0.0,5.0,0.0,3.0,0.0,4.0,15.0,11.0,0.0,2.0,3.0,4.0,22.0,3.0,0.0,2.0,0.0,0.0,0.0,0.0,0.0,0.0,0.0,0.0,0.0,0.0,0.0,0.0,2.0,0.0,0.0,0.0,0.0,1.0,3.0,0.0,0.0,0.0,0.0,0.0,0.0,3.0,11.0,4.0,2481040407.0,-1.0,漳州市龙海区,漳州市龙海区东园镇,9.0,26.0,0.0,5.3,40.3,53.81428571428571,49.05983606557377,44.672332730560576
福建省,漳州市,龙海区,东泗乡,117.775041,24.3647226,0.0,0.0,7.0,3.0,36.0,9.0,0.0,0.0,0.0,0.0,0.0,0.0,0.0,0.0,2.0,2.0,0.0,0.0,0.0,0.0,6.0,0.0,2.0,0.0,0.0,1.0,1.0,0.0,0.0,0.0,0.0,2.0,0.0,4.0,11.0,9.0,0.0,0.0,1.0,1.0,12.0,7.0,0.0,0.0,0.0,0.0,0.0,0.0,0.0,0.0,1.0,1.0,0.0,0.0,0.0,0.0,2.0,0.0,0.0,0.0,0.0,1.0,0.0,0.0,0.0,0.0,0.0,1.0,0.0,1.0,8.0,5.0,2481040406.0,-1.0,漳州市龙海区,漳州市龙海区东泗乡,8.0,22.8,5.0,4.1,39.9,53.81428571428571,49.05983606557377,44.672332730560576
福建省,漳州市,龙海区,隆教畲族乡,118.0584042,24.2589584,12.0,5.0,0.0,9.0,132.0,68.0,0.0,22.0,0.0,1.0,0.0,2.0,0.0,0.0,3.0,3.0,1.0,0.0,0.0,0.0,15.0,0.0,0.0,0.0,2.0,11.0,64.0,0.0,0.0,4.0,0.0,2.0,0.0,2.0,14.0,16.0,6.0,3.0,0.0,0.0,36.0,24.0,0.0,2.0,0.0,1.0,0.0,2.0,0.0,0.0,2.0,2.0,1.0,0.0,0.0,0.0,6.0,0.0,0.0,0.0,0.0,3.0,26.0,0.0,0.0,1.0,0.0,2.0,0.0,2.0,11.0,8.0,2481040420.0,-1.0,漳州市龙海区,漳州市龙海区隆教畲族乡,12.0,26.0,15.0,13.5,66.5,53.81428571428571,49.05983606557377,44.672332730560576
福建省,漳州市,长泰区,武安镇,117.7517867,24.6255428,4.0,22.0,40.0,29.0,158.0,109.0,0.0,66.0,24.0,2.0,0.0,0.0,1.0,1.0,4.0,4.0,1.0,0.0,0.0,0.0,29.0,1.0,20.0,0.0,4.0,2.0,47.0,0.0,0.0,6.0,0.0,30.0,0.0,5.0,20.0,18.0,0.0,10.0,11.0,3.0,28.0,8.0,0.0,1.0,2.0,0.0,0.0,0.0,1.0,1.0,2.0,2.0,0.0,0.0,0.0,0.0,9.0,0.0,0.0,0.0,0.0,2.0,1.0,0.0,0.0,0.0,0.0,6.0,0.0,4.0,7.0,8.0,5099862384.0,-1.0,漳州市长泰区,漳州市长泰区武安镇,9.0,28.0,10.0,9.4,56.4,48.54,49.05983606557377,44.672332730560576
福建省,漳州市,长泰区,岩溪镇,117.7649341,24.7465068,11.0,0.0,4.0,10.0,107.0,3.0,0.0,0.0,0.0,0.0,0.0,0.0,0.0,0.0,0.0,0.0,0.0,0.0,0.0,0.0,0.0,0.0,2.0,0.0,0.0,1.0,0.0,0.0,0.0,1.0,0.0,0.0,0.0,3.0,9.0,5.0,3.0,0.0,1.0,8.0,28.0,1.0,0.0,0.0,0.0,0.0,0.0,0.0,0.0,0.0,0.0,0.0,0.0,0.0,0.0,0.0,0.0,0.0,1.0,0.0,0.0,1.0,0.0,0.0,0.0,0.0,0.0,0.0,0.0,3.0,7.0,4.0,2481309350.0,-1.0,漳州市长泰区,漳州市长泰区岩溪镇,8.0,24.0,0.0,2.6,34.6,48.54,49.05983606557377,44.672332730560576
福建省,漳州市,长泰区,陈巷镇,117.7922002,24.6609355,0.0,2.0,8.0,13.0,75.0,83.0,0.0,0.0,0.0,1.0,1.0,0.0,0.0,0.0,0.0,0.0,0.0,0.0,0.0,0.0,3.0,0.0,2.0,0.0,3.0,1.0,178.0,0.0,0.0,3.0,0.0,3.0,1.0,5.0,14.0,12.0,0.0,0.0,3.0,7.0,8.0,1.0,0.0,0.0,0.0,0.0,0.0,0.0,0.0,0.0,0.0,0.0,0.0,0.0,0.0,0.0,0.0,0.0,0.0,0.0,0.0,1.0,0.0,0.0,0.0,0.0,0.0,1.0,0.0,1.0,6.0,2.0,8173142506.0,-1.0,漳州市长泰区,漳州市长泰区陈巷镇,8.0,28.0,0.0,20.0,56.0,48.54,49.05983606557377,44.672332730560576
福建省,漳州市,长泰区,枋洋镇,117.8602048,24.8234464,6.0,0.0,8.0,3.0,76.0,7.0,0.0,0.0,0.0,0.0,0.0,0.0,0.0,0.0,1.0,1.0,0.0,0.0,0.0,0.0,8.0,0.0,0.0,0.0,0.0,2.0,543.0,0.0,0.0,0.0,0.0,2.0,0.0,3.0,9.0,7.0,3.0,0.0,3.0,3.0,34.0,4.0,0.0,0.0,0.0,0.0,0.0,0.0,0.0,0.0,1.0,1.0,0.0,0.0,0.0,0.0,1.0,0.0,0.0,0.0,0.0,2.0,370.0,0.0,0.0,0.0,0.0,0.0,0.0,3.0,7.0,3.0,2481309331.0,-1.0,漳州市长泰区,漳州市长泰区枋洋镇,9.0,24.0,5.0,19.5,57.5,48.54,49.05983606557377,44.672332730560576
福建省,漳州市,长泰区,坂里乡,117.6520749,24.7822617,0.0,0.0,7.0,2.0,33.0,1.0,0.0,0.0,0.0,0.0,0.0,0.0,0.0,0.0,0.0,0.0,0.0,0.0,0.0,0.0,17.0,0.0,4.0,0.0,0.0,7.0,0.0,0.0,0.0,1.0,0.0,0.0,0.0,2.0,5.0,7.0,0.0,0.0,2.0,1.0,22.0,1.0,0.0,0.0,0.0,0.0,0.0,0.0,0.0,0.0,0.0,0.0,0.0,0.0,0.0,0.0,6.0,0.0,2.0,0.0,0.0,2.0,0.0,0.0,0.0,1.0,0.0,0.0,0.0,2.0,5.0,5.0,2481309329.0,-1.0,漳州市长泰区,漳州市长泰区坂里乡,12.0,22.5,0.0,3.7,38.2,48.54,49.05983606557377,44.672332730560576
福建省,漳州市,云霄县,云陵镇,117.3370472,23.9567886,24.0,6.0,7.0,60.0,425.0,52.0,0.0,24.0,9.0,0.0,0.0,2.0,2.0,2.0,5.0,5.0,1.0,0.0,0.0,4.0,5.0,0.0,1.0,0.0,5.0,3.0,15.0,0.0,0.0,3.0,0.0,16.0,3.0,5.0,19.0,13.0,8.0,0.0,2.0,25.0,116.0,5.0,0.0,0.0,5.0,0.0,0.0,2.0,2.0,2.0,2.0,2.0,0.0,0.0,0.0,0.0,2.0,0.0,0.0,0.0,0.0,2.0,1.0,0.0,0.0,0.0,0.0,3.0,0.0,4.0,12.0,4.0,72672133.0,-1.0,漳州市云霄县,漳州市云霄县云陵镇,10.0,26.0,15.0,5.9,56.9,41.355555555555554,49.05983606557377,44.672332730560576
福建省,漳州市,云霄县,陈岱镇,117.40133,23.794646,12.0,0.0,6.0,5.0,88.0,20.0,0.0,6.0,0.0,0.0,1.0,0.0,0.0,0.0,0.0,0.0,0.0,0.0,0.0,0.0,11.0,0.0,2.0,0.0,0.0,1.0,0.0,0.0,0.0,6.0,0.0,1.0,0.0,9.0,14.0,9.0,6.0,0.0,2.0,1.0,16.0,4.0,0.0,4.0,0.0,0.0,0.0,0.0,0.0,0.0,0.0,0.0,0.0,0.0,0.0,0.0,2.0,0.0,1.0,0.0,0.0,1.0,0.0,0.0,0.0,1.0,0.0,1.0,0.0,3.0,9.0,4.0,2481040399.0,-1.0,漳州市云霄县,漳州市云霄县陈岱镇,8.0,26.0,0.0,4.7,38.7,41.355555555555554,49.05983606557377,44.672332730560576
福建省,漳州市,云霄县,东厦镇,117.3782008,23.9506058,0.0,0.0,5.0,6.0,74.0,1.0,0.0,0.0,0.0,0.0,0.0,0.0,0.0,0.0,0.0,0.0,0.0,0.0,0.0,0.0,6.0,0.0,0.0,0.0,0.0,3.0,0.0,0.0,0.0,7.0,0.0,0.0,0.0,3.0,7.0,6.0,0.0,0.0,1.0,0.0,1.0,0.0,0.0,0.0,0.0,0.0,0.0,0.0,0.0,0.0,0.0,0.0,0.0,0.0,0.0,0.0,1.0,0.0,0.0,0.0,0.0,1.0,0.0,0.0,0.0,0.0,0.0,0.0,0.0,1.0,2.0,3.0,3331617431.0,-1.0,漳州市云霄县,漳州市云霄县东厦镇,10.0,23.5,0.0,3.7,37.2,41.355555555555554,49.05983606557377,44.672332730560576
福建省,漳州市,云霄县,莆美镇,117.337045,23.9355211,10.0,0.0,10.0,41.0,377.0,41.0,0.0,16.0,9.0,0.0,0.0,1.0,2.0,2.0,3.0,3.0,1.0,0.0,0.0,4.0,9.0,0.0,1.0,0.0,3.0,3.0,11.0,0.0,0.0,4.0,0.0,10.0,3.0,5.0,14.0,11.0,2.0,0.0,2.0,7.0,81.0,11.0,0.0,1.0,2.0,0.0,0.0,0.0,0.0,0.0,0.0,0.0,0.0,0.0,0.0,0.0,2.0,0.0,0.0,0.0,1.0,1.0,1.0,0.0,0.0,0.0,0.0,0.0,0.0,3.0,10.0,4.0,3331614145.0,-1.0,漳州市云霄县,漳州市云霄县莆美镇,10.0,26.0,5.0,5.6,46.6,41.355555555555554,49.05983606557377,44.672332730560576
福建省,漳州市,云霄县,列屿镇,117.462375,23.823943,25.0,0.0,17.0,11.0,57.0,55.0,0.0,6.0,0.0,0.0,0.0,0.0,0.0,0.0,0.0,0.0,0.0,0.0,0.0,0.0,5.0,0.0,1.0,0.0,1.0,1.0,17.0,0.0,0.0,4.0,0.0,5.0,2.0,3.0,11.0,16.0,17.0,0.0,5.0,6.0,30.0,6.0,0.0,3.0,0.0,0.0,0.0,0.0,0.0,0.0,0.0,0.0,0.0,0.0,0.0,0.0,1.0,0.0,1.0,0.0,0.0,1.0,1.0,0.0,0.0,3.0,0.0,3.0,2.0,2.0,10.0,10.0,2481040418.0,-1.0,漳州市云霄县,漳州市云霄县列屿镇,8.0,24.0,0.0,6.5,38.5,41.355555555555554,49.05983606557377,44.672332730560576
福建省,漳州市,云霄县,火田镇,117.379775,24.008404,12.0,1.0,0.0,21.0,95.0,20.0,0.0,4.0,0.0,0.0,0.0,0.0,0.0,0.0,0.0,0.0,0.0,0.0,0.0,0.0,6.0,0.0,2.0,0.0,2.0,4.0,116.0,0.0,0.0,3.0,0.0,1.0,0.0,2.0,19.0,8.0,6.0,0.0,0.0,11.0,37.0,6.0,0.0,0.0,0.0,0.0,0.0,0.0,0.0,0.0,0.0,0.0,0.0,0.0,0.0,0.0,1.0,0.0,0.0,0.0,1.0,1.0,0.0,0.0,0.0,0.0,0.0,1.0,0.0,1.0,8.0,4.0,-1.0,-1.0,漳州市云霄县,漳州市云霄县火田镇,4.0,24.0,0.0,15.9,43.9,41.355555555555554,49.05983606557377,44.672332730560576
福建省,漳州市,云霄县,下河乡,117.3093987,23.9735964,10.0,14.0,9.0,36.0,241.0,27.0,0.0,24.0,0.0,0.0,0.0,0.0,1.0,1.0,7.0,7.0,0.0,0.0,0.0,4.0,13.0,0.0,4.0,0.0,7.0,1.0,42.0,0.0,0.0,0.0,0.0,10.0,3.0,2.0,17.0,14.0,3.0,3.0,1.0,3.0,18.0,0.0,0.0,0.0,0.0,0.0,0.0,0.0,0.0,0.0,0.0,0.0,0.0,0.0,0.0,0.0,3.0,0.0,1.0,0.0,4.0,1.0,32.0,0.0,0.0,0.0,0.0,0.0,0.0,2.0,8.0,6.0,8184645608.0,-1.0,漳州市云霄县,漳州市云霄县下河乡,8.0,24.0,0.0,11.4,43.4,41.355555555555554,49.05983606557377,44.672332730560576
福建省,漳州市,云霄县,马铺乡,117.276944,24.124444,2.0,0.0,7.0,4.0,20.0,3.0,0.0,0.0,0.0,0.0,0.0,0.0,0.0,0.0,1.0,1.0,0.0,0.0,0.0,0.0,18.0,0.0,2.0,0.0,0.0,2.0,1.0,0.0,0.0,2.0,0.0,2.0,0.0,5.0,6.0,6.0,0.0,0.0,2.0,0.0,4.0,3.0,0.0,0.0,0.0,0.0,0.0,0.0,0.0,0.0,1.0,1.0,0.0,0.0,0.0,0.0,6.0,0.0,0.0,0.0,0.0,1.0,0.0,0.0,0.0,0.0,0.0,2.0,0.0,2.0,4.0,3.0,8184645609.0,-1.0,漳州市云霄县,漳州市云霄县马铺乡,9.0,17.2,5.0,3.3,34.5,41.355555555555554,49.05983606557377,44.672332730560576
福建省,漳州市,云霄县,和平乡,117.2654036,23.9572951,0.0,0.0,8.0,0.0,97.0,10.0,0.0,0.0,0.0,0.0,0.0,0.0,0.0,0.0,1.0,1.0,0.0,0.0,0.0,0.0,3.0,0.0,2.0,0.0,0.0,1.0,0.0,0.0,0.0,0.0,0.0,1.0,0.0,1.0,4.0,5.0,0.0,0.0,4.0,0.0,20.0,6.0,0.0,0.0,0.0,0.0,0.0,0.0,0.0,0.0,0.0,0.0,0.0,0.0,0.0,0.0,0.0,0.0,0.0,0.0,0.0,1.0,0.0,0.0,0.0,0.0,0.0,1.0,0.0,1.0,4.0,2.0,8184645607.0,-1.0,漳州市云霄县,漳州市云霄县和平乡,8.0,22.0,0.0,2.5,32.5,41.355555555555554,49.05983606557377,44.672332730560576
福建省,漳州市,漳浦县,绥安镇,117.6134389,24.1181934,8.0,24.0,30.0,37.0,614.0,179.0,0.0,44.0,0.0,3.0,4.0,8.0,3.0,3.0,7.0,8.0,1.0,0.0,0.0,2.0,16.0,5.0,3.0,0.0,5.0,14.0,53.0,0.0,0.0,7.0,1.0,20.0,8.0,5.0,16.0,16.0,0.0,8.0,2.0,9.0,169.0,33.0,0.0,26.0,0.0,3.0,1.0,5.0,0.0,0.0,0.0,0.0,0.0,0.0,0.0,1.0,2.0,2.0,0.0,0.0,1.0,3.0,42.0,0.0,0.0,4.0,0.0,9.0,4.0,3.0,13.0,13.0,2290244799.0,-1.0,漳州市漳浦县,漳州市漳浦县绥安镇,12.0,28.0,6.0,14.600000000000001,60.6,47.52857142857143,49.05983606557377,44.672332730560576
福建省,漳州市,漳浦县,旧镇镇,117.702222,24.050556,6.0,30.0,0.0,14.0,94.0,20.0,0.0,0.0,0.0,0.0,0.0,0.0,0.0,0.0,0.0,0.0,0.0,0.0,0.0,0.0,2.0,0.0,2.0,0.0,0.0,9.0,1.0,0.0,0.0,0.0,0.0,0.0,0.0,3.0,11.0,8.0,0.0,5.0,0.0,5.0,25.0,1.0,0.0,0.0,0.0,0.0,0.0,0.0,0.0,0.0,0.0,0.0,0.0,0.0,0.0,0.0,0.0,0.0,0.0,0.0,0.0,1.0,0.0,0.0,0.0,0.0,0.0,0.0,0.0,2.0,9.0,3.0,2481040417.0,-1.0,漳州市漳浦县,漳州市漳浦县旧镇镇,12.0,24.0,0.0,4.1,40.1,47.52857142857143,49.05983606557377,44.672332730560576
福建省,漳州市,漳浦县,佛昙镇,117.908611,24.183333,0.0,7.0,8.0,23.0,128.0,25.0,0.0,2.0,0.0,0.0,0.0,0.0,0.0,0.0,0.0,0.0,0.0,0.0,0.0,0.0,18.0,0.0,2.0,0.0,1.0,7.0,17.0,0.0,0.0,3.0,0.0,7.0,0.0,1.0,11.0,16.0,0.0,1.0,0.0,7.0,26.0,11.0,0.0,0.0,0.0,0.0,0.0,0.0,0.0,0.0,0.0,0.0,0.0,0.0,0.0,0.0,3.0,0.0,0.0,0.0,0.0,2.0,9.0,0.0,0.0,1.0,0.0,6.0,0.0,1.0,7.0,9.0,2481040410.0,-1.0,漳州市漳浦县,漳州市漳浦县佛昙镇,12.0,24.0,0.0,7.0,43.0,47.52857142857143,49.05983606557377,44.672332730560576
福建省,漳州市,漳浦县,赤湖镇,117.8742021,24.1061919,6.0,11.0,13.0,11.0,167.0,5.0,0.0,0.0,0.0,0.0,0.0,0.0,0.0,0.0,1.0,1.0,0.0,0.0,0.0,0.0,5.0,0.0,4.0,0.0,2.0,9.0,7.0,0.0,0.0,3.0,1.0,0.0,0.0,2.0,12.0,11.0,0.0,5.0,1.0,3.0,59.0,0.0,0.0,0.0,0.0,0.0,0.0,0.0,0.0,0.0,0.0,0.0,0.0,0.0,0.0,0.0,1.0,0.0,0.0,0.0,0.0,1.0,0.0,0.0,0.0,0.0,0.0,0.0,0.0,1.0,6.0,3.0,8187532086.0,-1.0,漳州市漳浦县,漳州市漳浦县赤湖镇,12.0,24.0,0.0,5.0,41.0,47.52857142857143,49.05983606557377,44.672332730560576
福建省,漳州市,漳浦县,杜浔镇,117.602003,23.944601,16.0,0.0,7.0,24.0,261.0,23.0,0.0,1.0,0.0,0.0,0.0,0.0,1.0,1.0,5.0,6.0,0.0,0.0,0.0,0.0,33.0,0.0,0.0,0.0,0.0,1.0,2.0,0.0,0.0,9.0,0.0,4.0,0.0,3.0,14.0,10.0,0.0,0.0,5.0,7.0,61.0,14.0,0.0,0.0,0.0,0.0,0.0,0.0,1.0,1.0,1.0,1.0,0.0,0.0,0.0,0.0,2.0,0.0,0.0,0.0,0.0,1.0,2.0,0.0,0.0,2.0,0.0,4.0,0.0,1.0,8.0,4.0,2481040408.0,-1.0,漳州市漳浦县,漳州市漳浦县杜浔镇,8.0,24.0,10.0,5.5,47.5,47.52857142857143,49.05983606557377,44.672332730560576
福建省,漳州市,漳浦县,霞美镇,117.68224,23.997404,22.0,13.0,0.0,13.0,232.0,10.0,0.0,3.0,0.0,0.0,1.0,0.0,0.0,0.0,2.0,2.0,0.0,0.0,0.0,0.0,13.0,0.0,0.0,0.0,0.0,3.0,0.0,0.0,0.0,27.0,0.0,1.0,0.0,3.0,13.0,9.0,9.0,3.0,0.0,4.0,49.0,2.0,0.0,0.0,0.0,0.0,0.0,0.0,0.0,0.0,0.0,0.0,0.0,0.0,0.0,0.0,4.0,0.0,0.0,0.0,0.0,1.0,0.0,0.0,0.0,23.0,0.0,0.0,0.0,2.0,6.0,4.0,8187532088.0,-1.0,漳州市漳浦县,漳州市漳浦县霞美镇,10.0,26.0,0.0,9.0,45.0,47.52857142857143,49.05983606557377,44.672332730560576
福建省,漳州市,漳浦县,官浔镇,117.748056,24.326111,0.0,0.0,13.0,3.0,98.0,1.0,0.0,2.0,0.0,0.0,0.0,0.0,0.0,0.0,1.0,1.0,0.0,0.0,0.0,0.0,0.0,0.0,0.0,0.0,0.0,2.0,1.0,0.0,0.0,3.0,0.0,2.0,1.0,3.0,11.0,7.0,0.0,0.0,3.0,3.0,28.0,0.0,0.0,1.0,0.0,0.0,0.0,0.0,0.0,0.0,1.0,1.0,0.0,0.0,0.0,0.0,0.0,0.0,0.0,0.0,0.0,1.0,0.0,0.0,0.0,0.0,0.0,2.0,0.0,3.0,7.0,4.0,2481040412.0,-1.0,漳州市漳浦县,漳州市漳浦县官浔镇,9.0,24.0,5.0,3.9,41.9,47.52857142857143,49.05983606557377,44.672332730560576
福建省,漳州市,漳浦县,石榴镇,117.534167,24.144167,0.0,0.0,5.0,20.0,137.0,3.0,0.0,3.0,0.0,0.0,0.0,0.0,0.0,0.0,1.0,1.0,0.0,0.0,0.0,0.0,0.0,0.0,0.0,0.0,0.0,9.0,0.0,0.0,0.0,1.0,0.0,0.0,0.0,1.0,9.0,3.0,0.0,0.0,3.0,2.0,26.0,2.0,0.0,0.0,0.0,0.0,0.0,0.0,0.0,0.0,1.0,1.0,0.0,0.0,0.0,0.0,0.0,0.0,0.0,0.0,0.0,1.0,0.0,0.0,0.0,0.0,0.0,0.0,0.0,1.0,5.0,2.0,2481040444.0,-1.0,漳州市漳浦县,漳州市漳浦县石榴镇,12.0,24.0,5.0,1.6,42.6,47.52857142857143,49.05983606557377,44.672332730560576
福建省,漳州市,漳浦县,盘陀镇,117.502222,24.067222,8.0,0.0,0.0,11.0,175.0,53.0,0.0,12.0,0.0,0.0,1.0,0.0,1.0,1.0,2.0,2.0,0.0,0.0,0.0,1.0,4.0,0.0,0.0,0.0,0.0,9.0,25.0,0.0,0.0,2.0,0.0,1.0,1.0,3.0,12.0,10.0,2.0,0.0,0.0,5.0,43.0,11.0,0.0,8.0,0.0,0.0,1.0,0.0,0.0,0.0,2.0,2.0,0.0,0.0,0.0,1.0,0.0,0.0,0.0,0.0,0.0,3.0,23.0,0.0,0.0,0.0,0.0,0.0,1.0,2.0,11.0,4.0,2481040427.0,-1.0,漳州市漳浦县,漳州市漳浦县盘陀镇,12.0,26.0,6.0,9.0,53.0,47.52857142857143,49.05983606557377,44.672332730560576
福建省,漳州市,漳浦县,长桥镇,117.651667,24.242778,6.0,0.0,0.0,18.0,44.0,32.0,0.0,0.0,0.0,0.0,0.0,0.0,0.0,0.0,1.0,1.0,0.0,0.0,0.0,0.0,10.0,0.0,5.0,0.0,0.0,2.0,68.0,0.0,0.0,0.0,0.0,1.0,1.0,5.0,8.0,6.0,6.0,0.0,0.0,13.0,24.0,20.0,0.0,0.0,0.0,0.0,0.0,0.0,0.0,0.0,1.0,1.0,0.0,0.0,0.0,0.0,4.0,0.0,2.0,0.0,0.0,1.0,30.0,0.0,0.0,0.0,0.0,0.0,1.0,2.0,6.0,4.0,2481040398.0,-1.0,漳州市漳浦县,漳州市漳浦县长桥镇,9.0,24.0,5.0,12.8,50.8,47.52857142857143,49.05983606557377,44.672332730560576
福建省,漳州市,漳浦县,前亭镇,117.970278,24.233333,0.0,2.0,13.0,9.0,58.0,48.0,0.0,4.0,0.0,0.0,0.0,0.0,0.0,0.0,2.0,2.0,0.0,0.0,0.0,0.0,6.0,0.0,7.0,0.0,1.0,1.0,16.0,0.0,0.0,8.0,0.0,3.0,0.0,1.0,14.0,13.0,0.0,0.0,6.0,1.0,15.0,1.0,0.0,1.0,0.0,0.0,0.0,0.0,0.0,0.0,1.0,1.0,0.0,0.0,0.0,0.0,1.0,0.0,0.0,0.0,1.0,1.0,0.0,0.0,0.0,0.0,0.0,1.0,0.0,1.0,9.0,7.0,2481040428.0,-1.0,漳州市漳浦县,漳州市漳浦县前亭镇,8.0,24.0,5.0,6.4,43.4,47.52857142857143,49.05983606557377,44.672332730560576
福建省,漳州市,漳浦县,马坪镇,117.9053718,24.2513457,0.0,0.0,12.0,4.0,211.0,4.0,0.0,1.0,0.0,0.0,0.0,0.0,0.0,0.0,3.0,3.0,0.0,0.0,0.0,0.0,2.0,0.0,0.0,0.0,0.0,1.0,7.0,0.0,0.0,4.0,0.0,0.0,0.0,5.0,8.0,7.0,0.0,0.0,9.0,1.0,73.0,0.0,0.0,0.0,0.0,0.0,0.0,0.0,0.0,0.0,3.0,3.0,0.0,0.0,0.0,0.0,0.0,0.0,0.0,0.0,0.0,1.0,0.0,0.0,0.0,2.0,0.0,0.0,0.0,1.0,4.0,4.0,2481040422.0,-1.0,漳州市漳浦县,漳州市漳浦县马坪镇,8.0,24.0,5.0,4.8,41.8,47.52857142857143,49.05983606557377,44.672332730560576
福建省,漳州市,漳浦县,深土镇,117.799722,24.068889,9.0,4.0,1.0,9.0,276.0,11.0,0.0,18.0,0.0,0.0,0.0,0.0,0.0,0.0,2.0,2.0,0.0,0.0,0.0,0.0,2.0,0.0,1.0,0.0,0.0,8.0,15.0,0.0,0.0,0.0,0.0,2.0,0.0,2.0,16.0,8.0,0.0,1.0,0.0,1.0,54.0,0.0,0.0,0.0,0.0,0.0,0.0,0.0,0.0,0.0,1.0,1.0,0.0,0.0,0.0,0.0,0.0,0.0,0.0,0.0,0.0,1.0,0.0,0.0,0.0,0.0,0.0,2.0,0.0,1.0,5.0,3.0,8187532087.0,-1.0,漳州市漳浦县,漳州市漳浦县深土镇,12.0,24.0,5.0,5.5,46.5,47.52857142857143,49.05983606557377,44.672332730560576
福建省,漳州市,漳浦县,六鳌镇,117.745888,23.9368256,0.0,0.0,3.0,7.0,96.0,31.0,0.0,9.0,0.0,0.0,0.0,0.0,0.0,0.0,3.0,3.0,0.0,0.0,0.0,0.0,5.0,0.0,1.0,0.0,0.0,1.0,3.0,0.0,0.0,4.0,0.0,4.0,4.0,1.0,11.0,16.0,0.0,0.0,1.0,1.0,36.0,5.0,0.0,4.0,0.0,0.0,0.0,0.0,0.0,0.0,2.0,2.0,0.0,0.0,0.0,0.0,3.0,0.0,0.0,0.0,0.0,1.0,0.0,0.0,0.0,0.0,0.0,2.0,1.0,1.0,9.0,9.0,2481040419.0,-1.0,漳州市漳浦县,漳州市漳浦县六鳌镇,8.0,24.0,5.0,4.7,41.7,47.52857142857143,49.05983606557377,44.672332730560576
福建省,漳州市,漳浦县,沙西镇,117.53127,23.93,34.0,0.0,5.0,0.0,164.0,33.0,0.0,2.0,0.0,0.0,0.0,0.0,0.0,0.0,2.0,2.0,0.0,0.0,0.0,0.0,8.0,0.0,1.0,0.0,0.0,1.0,15.0,0.0,0.0,1.0,0.0,3.0,0.0,3.0,14.0,15.0,0.0,0.0,3.0,0.0,43.0,2.0,0.0,0.0,0.0,0.0,0.0,0.0,0.0,0.0,2.0,2.0,0.0,0.0,0.0,0.0,4.0,0.0,0.0,0.0,0.0,1.0,0.0,0.0,0.0,0.0,0.0,2.0,0.0,2.0,5.0,5.0,2481040439.0,-1.0,漳州市漳浦县,漳州市漳浦县沙西镇,8.0,24.0,5.0,5.6,42.6,47.52857142857143,49.05983606557377,44.672332730560576
福建省,漳州市,漳浦县,古雷镇,117.6155683,23.837942,0.0,3.0,0.0,7.0,8.0,29.0,0.0,0.0,0.0,0.0,0.0,0.0,0.0,0.0,0.0,0.0,0.0,0.0,0.0,0.0,0.0,0.0,8.0,0.0,4.0,1.0,0.0,0.0,0.0,29.0,0.0,1.0,0.0,1.0,7.0,6.0,0.0,2.0,0.0,5.0,4.0,4.0,0.0,0.0,0.0,0.0,0.0,0.0,0.0,0.0,0.0,0.0,0.0,0.0,0.0,0.0,0.0,0.0,3.0,0.0,2.0,1.0,0.0,0.0,0.0,1.0,0.0,1.0,0.0,1.0,6.0,6.0,2481040413.0,-1.0,漳州市漳浦县,漳州市漳浦县古雷镇,8.0,16.3,0.0,6.0,30.3,47.52857142857143,49.05983606557377,44.672332730560576
福建省,漳州市,漳浦县,大南坂镇,117.5742404,24.0937715,6.0,7.0,6.0,37.0,215.0,57.0,0.0,7.0,2.0,5.0,2.0,0.0,0.0,0.0,0.0,1.0,0.0,0.0,0.0,0.0,14.0,5.0,10.0,0.0,5.0,8.0,82.0,0.0,0.0,2.0,0.0,9.0,0.0,4.0,18.0,14.0,2.0,0.0,3.0,6.0,41.0,11.0,0.0,1.0,0.0,0.0,0.0,0.0,0.0,0.0,0.0,0.0,0.0,0.0,0.0,0.0,2.0,1.0,3.0,0.0,1.0,3.0,55.0,0.0,0.0,0.0,0.0,1.0,0.0,2.0,9.0,8.0,2481040404.0,-1.0,漳州市漳浦县,漳州市漳浦县大南坂镇,12.0,30.0,0.0,17.9,59.9,47.52857142857143,49.05983606557377,44.672332730560576
福建省,漳州市,漳浦县,南浦乡,117.538095,24.2551649,0.0,0.0,7.0,5.0,74.0,12.0,0.0,0.0,0.0,0.0,0.0,0.0,0.0,0.0,1.0,1.0,0.0,0.0,0.0,0.0,0.0,0.0,0.0,0.0,0.0,1.0,0.0,0.0,0.0,0.0,0.0,0.0,0.0,1.0,8.0,6.0,0.0,0.0,4.0,4.0,40.0,2.0,0.0,0.0,0.0,0.0,0.0,0.0,0.0,0.0,1.0,1.0,0.0,0.0,0.0,0.0,0.0,0.0,0.0,0.0,0.0,1.0,0.0,0.0,0.0,0.0,0.0,0.0,0.0,1.0,6.0,1.0,2481040425.0,-1.0,漳州市漳浦县,漳州市漳浦县南浦乡,8.0,24.0,5.0,3.0,40.0,47.52857142857143,49.05983606557377,44.672332730560576
福建省,漳州市,漳浦县,赤岭畲族乡,117.813056,24.245278,0.0,0.0,6.0,6.0,30.0,6.0,0.0,0.0,0.0,0.0,0.0,0.0,0.0,0.0,2.0,2.0,0.0,0.0,0.0,0.0,4.0,0.0,4.0,0.0,0.0,1.0,0.0,0.0,0.0,0.0,0.0,3.0,0.0,2.0,8.0,9.0,0.0,0.0,5.0,2.0,14.0,3.0,0.0,0.0,0.0,0.0,0.0,0.0,0.0,0.0,2.0,2.0,0.0,0.0,0.0,0.0,2.0,0.0,1.0,0.0,0.0,1.0,0.0,0.0,0.0,0.0,0.0,3.0,0.0,1.0,7.0,5.0,8187532085.0,-1.0,漳州市漳浦县,漳州市漳浦县赤岭畲族乡,8.0,24.0,5.0,4.0,41.0,47.52857142857143,49.05983606557377,44.672332730560576
福建省,漳州市,漳浦县,湖西畲族乡,117.8208898,24.1793314,0.0,0.0,22.0,12.0,182.0,40.0,0.0,15.0,0.0,1.0,0.0,3.0,1.0,1.0,5.0,7.0,1.0,1.0,1.0,8.0,19.0,0.0,2.0,2.0,0.0,16.0,59.0,0.0,0.0,0.0,0.0,5.0,2.0,4.0,12.0,14.0,0.0,0.0,7.0,8.0,58.0,19.0,0.0,1.0,0.0,1.0,0.0,2.0,1.0,1.0,2.0,4.0,1.0,1.0,1.0,8.0,10.0,0.0,0.0,2.0,0.0,6.0,14.0,0.0,0.0,0.0,0.0,5.0,1.0,3.0,12.0,13.0,3580042191.0,-1.0,漳州市漳浦县,漳州市漳浦县湖西畲族乡,12.0,26.0,30.0,11.3,79.3,47.52857142857143,49.05983606557377,44.672332730560576
福建省,漳州市,漳浦县,赤土乡,117.7008333,24.1482245,0.0,14.0,32.0,65.0,191.0,40.0,0.0,11.0,0.0,0.0,2.0,4.0,1.0,1.0,4.0,4.0,1.0,0.0,0.0,0.0,14.0,0.0,1.0,0.0,1.0,23.0,21.0,0.0,0.0,8.0,0.0,3.0,2.0,1.0,13.0,12.0,0.0,0.0,4.0,6.0,40.0,7.0,0.0,1.0,0.0,0.0,0.0,4.0,1.0,1.0,2.0,2.0,1.0,0.0,0.0,0.0,2.0,0.0,0.0,0.0,0.0,3.0,12.0,0.0,0.0,0.0,0.0,2.0,2.0,1.0,8.0,7.0,2481040401.0,-1.0,漳州市漳浦县,漳州市漳浦县赤土乡,12.0,26.0,20.0,8.100000000000001,66.1,47.52857142857143,49.05983606557377,44.672332730560576
福建省,漳州市,诏安县,南诏镇,117.1817796,23.7089175,10.0,12.0,11.0,55.0,447.0,47.0,0.0,29.0,1.0,0.0,0.0,1.0,1.0,1.0,0.0,0.0,0.0,0.0,0.0,0.0,7.0,0.0,0.0,0.0,2.0,18.0,1.0,0.0,0.0,0.0,0.0,7.0,0.0,5.0,15.0,7.0,0.0,2.0,6.0,16.0,116.0,5.0,0.0,5.0,0.0,0.0,0.0,0.0,1.0,1.0,0.0,0.0,0.0,0.0,0.0,0.0,2.0,0.0,0.0,0.0,0.0,3.0,0.0,0.0,0.0,0.0,0.0,1.0,0.0,1.0,6.0,4.0,72667517.0,-1.0,漳州市诏安县,漳州市诏安县南诏镇,12.0,26.0,10.0,3.6,51.6,43.34666666666667,49.05983606557377,44.672332730560576
福建省,漳州市,诏安县,四都镇,117.273509,23.783561,18.0,2.0,2.0,1.0,128.0,23.0,0.0,1.0,0.0,0.0,0.0,0.0,0.0,0.0,1.0,1.0,0.0,0.0,0.0,0.0,8.0,0.0,6.0,0.0,0.0,1.0,0.0,0.0,0.0,3.0,0.0,5.0,0.0,4.0,14.0,6.0,6.0,0.0,0.0,1.0,49.0,9.0,0.0,0.0,0.0,0.0,0.0,0.0,0.0,0.0,0.0,0.0,0.0,0.0,0.0,0.0,2.0,0.0,1.0,0.0,0.0,1.0,0.0,0.0,0.0,0.0,0.0,1.0,0.0,3.0,6.0,4.0,8183983412.0,-1.0,漳州市诏安县,漳州市诏安县四都镇,8.0,24.0,0.0,3.3,35.3,43.34666666666667,49.05983606557377,44.672332730560576
福建省,漳州市,诏安县,梅岭镇,117.2595519,23.6608181,0.0,0.0,0.0,5.0,88.0,18.0,0.0,0.0,0.0,0.0,0.0,0.0,0.0,0.0,3.0,3.0,0.0,0.0,0.0,0.0,5.0,0.0,0.0,0.0,0.0,2.0,0.0,0.0,0.0,0.0,0.0,1.0,0.0,1.0,5.0,6.0,0.0,0.0,0.0,1.0,24.0,7.0,0.0,0.0,0.0,0.0,0.0,0.0,0.0,0.0,2.0,2.0,0.0,0.0,0.0,0.0,1.0,0.0,0.0,0.0,0.0,1.0,0.0,0.0,0.0,0.0,0.0,0.0,0.0,1.0,5.0,3.0,3331619565.0,-1.0,漳州市诏安县,漳州市诏安县梅岭镇,9.0,22.5,5.0,3.0,39.5,43.34666666666667,49.05983606557377,44.672332730560576
福建省,漳州市,诏安县,桥东镇,117.190707,23.704975,10.0,17.0,14.0,53.0,376.0,45.0,0.0,21.0,1.0,0.0,0.0,1.0,1.0,1.0,0.0,0.0,0.0,0.0,0.0,0.0,8.0,0.0,0.0,0.0,2.0,16.0,1.0,0.0,0.0,0.0,0.0,7.0,0.0,5.0,14.0,9.0,0.0,11.0,6.0,8.0,80.0,12.0,0.0,0.0,0.0,0.0,0.0,0.0,0.0,0.0,0.0,0.0,0.0,0.0,0.0,0.0,4.0,0.0,0.0,0.0,0.0,3.0,0.0,0.0,0.0,0.0,0.0,1.0,0.0,1.0,8.0,4.0,2499349575.0,-1.0,漳州市诏安县,漳州市诏安县桥东镇,12.0,26.0,5.0,4.1,47.1,43.34666666666667,49.05983606557377,44.672332730560576
福建省,漳州市,诏安县,深桥镇,117.147586,23.7229139,9.0,3.0,7.0,55.0,291.0,72.0,0.0,24.0,0.0,0.0,0.0,1.0,0.0,0.0,0.0,0.0,0.0,0.0,0.0,0.0,8.0,0.0,1.0,0.0,1.0,12.0,1.0,0.0,0.0,0.0,0.0,4.0,0.0,5.0,18.0,6.0,3.0,0.0,0.0,7.0,33.0,34.0,0.0,0.0,0.0,0.0,0.0,0.0,0.0,0.0,0.0,0.0,0.0,0.0,0.0,0.0,2.0,0.0,0.0,0.0,0.0,2.0,0.0,0.0,0.0,0.0,0.0,0.0,0.0,2.0,5.0,1.0,8183960191.0,-1.0,漳州市诏安县,漳州市诏安县深桥镇,12.0,24.0,5.0,3.1,44.1,43.34666666666667,49.05983606557377,44.672332730560576
福建省,漳州市,诏安县,太平镇,117.0177904,23.9008214,1.0,1.0,0.0,5.0,25.0,0.0,0.0,0.0,0.0,0.0,0.0,0.0,0.0,0.0,2.0,2.0,0.0,0.0,0.0,0.0,6.0,0.0,2.0,0.0,0.0,2.0,2.0,0.0,0.0,0.0,0.0,0.0,0.0,1.0,6.0,5.0,1.0,1.0,0.0,3.0,6.0,0.0,0.0,0.0,0.0,0.0,0.0,0.0,0.0,0.0,1.0,1.0,0.0,0.0,0.0,0.0,3.0,0.0,2.0,0.0,0.0,1.0,0.0,0.0,0.0,0.0,0.0,0.0,0.0,1.0,6.0,4.0,2482219501.0,-1.0,漳州市诏安县,漳州市诏安县太平镇,9.0,19.8,5.0,2.7,36.5,43.34666666666667,49.05983606557377,44.672332730560576
福建省,漳州市,诏安县,霞葛镇,117.0162092,23.9905667,1.0,8.0,3.0,8.0,73.0,9.0,0.0,3.0,0.0,0.0,0.0,0.0,0.0,0.0,2.0,2.0,0.0,0.0,0.0,0.0,36.0,0.0,0.0,0.0,0.0,2.0,2.0,0.0,0.0,9.0,0.0,3.0,29.0,2.0,16.0,9.0,0.0,3.0,1.0,4.0,16.0,2.0,0.0,2.0,0.0,0.0,0.0,0.0,0.0,0.0,2.0,2.0,0.0,0.0,0.0,0.0,8.0,0.0,0.0,0.0,0.0,1.0,0.0,0.0,0.0,2.0,0.0,2.0,6.0,1.0,8.0,6.0,3705969865.0,-1.0,漳州市诏安县,漳州市诏安县霞葛镇,9.0,24.0,5.0,5.3,43.3,43.34666666666667,49.05983606557377,44.672332730560576
福建省,漳州市,诏安县,官陂镇,117.0665211,24.0183536,0.0,2.0,0.0,21.0,24.0,17.0,0.0,3.0,0.0,7.0,1.0,0.0,0.0,0.0,4.0,4.0,0.0,0.0,0.0,0.0,51.0,0.0,1.0,0.0,0.0,2.0,39.0,0.0,0.0,0.0,0.0,5.0,1.0,2.0,12.0,8.0,0.0,1.0,0.0,2.0,4.0,3.0,0.0,0.0,0.0,6.0,0.0,0.0,0.0,0.0,3.0,3.0,0.0,0.0,0.0,0.0,17.0,0.0,0.0,0.0,0.0,1.0,11.0,0.0,0.0,0.0,0.0,4.0,1.0,1.0,4.0,5.0,3706099320.0,-1.0,漳州市诏安县,漳州市诏安县官陂镇,9.0,24.0,5.0,9.0,47.0,43.34666666666667,49.05983606557377,44.672332730560576
福建省,漳州市,诏安县,秀篆镇,116.9633769,24.0995619,0.0,0.0,5.0,10.0,71.0,13.0,0.0,3.0,0.0,1.0,0.0,0.0,0.0,0.0,3.0,3.0,0.0,0.0,0.0,0.0,27.0,0.0,0.0,0.0,0.0,2.0,13.0,0.0,0.0,3.0,1.0,3.0,10.0,1.0,10.0,11.0,0.0,0.0,5.0,4.0,28.0,2.0,0.0,0.0,0.0,1.0,0.0,0.0,0.0,0.0,3.0,3.0,0.0,0.0,0.0,0.0,7.0,0.0,0.0,0.0,0.0,1.0,1.0,0.0,0.0,1.0,0.0,3.0,3.0,1.0,8.0,10.0,2481040487.0,11966255.0,漳州市诏安县,漳州市诏安县秀篆镇,17.0,26.0,5.0,5.8,53.8,43.34666666666667,49.05983606557377,44.672332730560576
福建省,漳州市,诏安县,西潭镇,117.124594,23.7578746,3.0,3.0,10.0,10.0,92.0,6.0,0.0,0.0,0.0,0.0,0.0,0.0,0.0,0.0,2.0,2.0,0.0,0.0,0.0,0.0,14.0,0.0,3.0,0.0,1.0,8.0,1.0,0.0,0.0,0.0,0.0,0.0,0.0,1.0,8.0,6.0,3.0,0.0,0.0,3.0,19.0,0.0,0.0,0.0,0.0,0.0,0.0,0.0,0.0,0.0,1.0,1.0,0.0,0.0,0.0,0.0,5.0,0.0,0.0,0.0,0.0,3.0,0.0,0.0,0.0,0.0,0.0,0.0,0.0,1.0,4.0,4.0,5423917013.0,-1.0,漳州市诏安县,漳州市诏安县西潭镇,12.0,24.0,5.0,3.1,44.1,43.34666666666667,49.05983606557377,44.672332730560576
福建省,漳州市,诏安县,金星乡,117.255336,23.760582,3.0,2.0,4.0,12.0,92.0,10.0,0.0,0.0,0.0,0.0,0.0,0.0,0.0,0.0,0.0,0.0,0.0,0.0,0.0,0.0,7.0,0.0,7.0,0.0,1.0,1.0,0.0,0.0,0.0,0.0,0.0,2.0,0.0,4.0,11.0,7.0,2.0,2.0,2.0,3.0,23.0,3.0,0.0,0.0,0.0,0.0,0.0,0.0,0.0,0.0,0.0,0.0,0.0,0.0,0.0,0.0,3.0,0.0,4.0,0.0,0.0,1.0,0.0,0.0,0.0,0.0,0.0,1.0,0.0,3.0,8.0,3.0,8183983411.0,-1.0,漳州市诏安县,漳州市诏安县金星乡,8.0,24.0,0.0,3.5,35.5,43.34666666666667,49.05983606557377,44.672332730560576
福建省,漳州市,诏安县,白洋乡,117.0957842,23.7356255,2.0,22.0,6.0,31.0,79.0,2.0,0.0,0.0,0.0,0.0,0.0,0.0,0.0,0.0,0.0,0.0,0.0,0.0,0.0,0.0,11.0,0.0,1.0,0.0,2.0,12.0,0.0,0.0,0.0,0.0,0.0,0.0,0.0,2.0,11.0,6.0,0.0,11.0,4.0,10.0,10.0,0.0,0.0,0.0,0.0,0.0,0.0,0.0,0.0,0.0,0.0,0.0,0.0,0.0,0.0,0.0,1.0,0.0,0.0,0.0,0.0,2.0,0.0,0.0,0.0,0.0,0.0,0.0,0.0,1.0,5.0,2.0,5423917012.0,-1.0,漳州市诏安县,漳州市诏安县白洋乡,12.0,24.0,0.0,3.0,39.0,43.34666666666667,49.05983606557377,44.672332730560576
福建省,漳州市,诏安县,建设乡,117.1008118,23.800962,1.0,0.0,7.0,10.0,43.0,26.0,0.0,0.0,2.0,0.0,0.0,0.0,0.0,0.0,0.0,0.0,0.0,0.0,0.0,0.0,1.0,0.0,2.0,0.0,0.0,1.0,16.0,0.0,0.0,3.0,0.0,2.0,0.0,2.0,7.0,10.0,1.0,0.0,7.0,7.0,12.0,6.0,0.0,0.0,0.0,0.0,0.0,0.0,0.0,0.0,0.0,0.0,0.0,0.0,0.0,0.0,0.0,0.0,0.0,0.0,0.0,1.0,0.0,0.0,0.0,1.0,0.0,2.0,0.0,1.0,7.0,2.0,8183983415.0,-1.0,漳州市诏安县,漳州市诏安县建设乡,8.0,25.5,0.0,6.0,39.5,43.34666666666667,49.05983606557377,44.672332730560576
福建省,漳州市,诏安县,红星乡,117.0990843,23.8701351,0.0,0.0,9.0,11.0,40.0,0.0,0.0,0.0,0.0,0.0,0.0,0.0,0.0,0.0,2.0,2.0,0.0,0.0,0.0,0.0,18.0,0.0,7.0,0.0,0.0,6.0,6.0,0.0,0.0,0.0,0.0,2.0,3.0,2.0,5.0,10.0,0.0,0.0,4.0,6.0,13.0,0.0,0.0,0.0,0.0,0.0,0.0,0.0,0.0,0.0,1.0,1.0,0.0,0.0,0.0,0.0,5.0,0.0,3.0,0.0,0.0,2.0,2.0,0.0,0.0,0.0,0.0,0.0,0.0,2.0,5.0,6.0,8183983414.0,-1.0,漳州市诏安县,漳州市诏安县红星乡,12.0,22.5,5.0,4.8,44.3,43.34666666666667,49.05983606557377,44.672332730560576
福建省,漳州市,诏安县,梅洲乡,117.313313,23.808561,18.0,0.0,0.0,5.0,98.0,6.0,0.0,3.0,0.0,0.0,0.0,0.0,0.0,0.0,1.0,1.0,0.0,0.0,0.0,0.0,5.0,0.0,2.0,0.0,1.0,1.0,2.0,0.0,0.0,4.0,0.0,3.0,0.0,4.0,11.0,9.0,10.0,0.0,0.0,1.0,41.0,2.0,0.0,1.0,0.0,0.0,0.0,0.0,0.0,0.0,1.0,1.0,0.0,0.0,0.0,0.0,3.0,0.0,1.0,0.0,0.0,1.0,0.0,0.0,0.0,0.0,0.0,3.0,0.0,3.0,8.0,5.0,8183983413.0,11966256.0,漳州市诏安县,漳州市诏安县梅洲乡,16.0,24.0,5.0,4.6,49.6,43.34666666666667,49.05983606557377,44.672332730560576
福建省,漳州市,东山县,西埔镇,117.4253333,23.6981817,5.0,18.0,23.0,23.0,389.0,78.0,0.0,6.0,0.0,3.0,0.0,1.0,3.0,3.0,5.0,5.0,0.0,0.0,0.0,0.0,14.0,1.0,1.0,0.0,0.0,4.0,134.0,0.0,0.0,11.0,0.0,10.0,1.0,3.0,16.0,14.0,0.0,3.0,10.0,3.0,119.0,10.0,0.0,0.0,0.0,0.0,0.0,1.0,0.0,0.0,2.0,2.0,0.0,0.0,0.0,0.0,1.0,0.0,0.0,0.0,0.0,2.0,0.0,0.0,0.0,0.0,0.0,5.0,0.0,2.0,6.0,2.0,369501648.0,-1.0,漳州市东山县,漳州市东山县西埔镇,11.0,26.0,10.0,18.5,65.5,49.01428571428572,49.05983606557377,44.672332730560576
福建省,漳州市,东山县,樟塘镇,117.446679,23.721411,0.0,24.0,6.0,14.0,292.0,48.0,0.0,0.0,0.0,1.0,1.0,1.0,1.0,1.0,2.0,2.0,0.0,0.0,0.0,0.0,22.0,1.0,0.0,1.0,0.0,2.0,58.0,0.0,0.0,1.0,0.0,1.0,0.0,5.0,13.0,9.0,0.0,2.0,0.0,4.0,35.0,6.0,0.0,0.0,0.0,0.0,1.0,0.0,0.0,0.0,0.0,0.0,0.0,0.0,0.0,0.0,2.0,0.0,0.0,1.0,0.0,1.0,1.0,0.0,0.0,0.0,0.0,0.0,0.0,3.0,8.0,4.0,8189511244.0,-1.0,漳州市东山县,漳州市东山县樟塘镇,9.0,28.0,5.0,10.0,52.0,49.01428571428572,49.05983606557377,44.672332730560576
福建省,漳州市,东山县,康美镇,117.472655,23.735591,0.0,25.0,14.0,10.0,209.0,97.0,0.0,1.0,0.0,0.0,0.0,0.0,0.0,0.0,0.0,0.0,0.0,0.0,0.0,0.0,18.0,0.0,2.0,0.0,1.0,1.0,27.0,0.0,0.0,16.0,0.0,3.0,0.0,4.0,11.0,9.0,0.0,2.0,0.0,1.0,41.0,8.0,0.0,0.0,0.0,0.0,0.0,0.0,0.0,0.0,0.0,0.0,0.0,0.0,0.0,0.0,3.0,0.0,0.0,0.0,1.0,1.0,2.0,0.0,0.0,3.0,0.0,0.0,0.0,1.0,7.0,2.0,8189511243.0,-1.0,漳州市东山县,漳州市东山县康美镇,8.0,24.0,0.0,8.8,40.8,49.01428571428572,49.05983606557377,44.672332730560576
福建省,漳州市,东山县,杏陈镇,117.389642,23.754159,8.0,10.0,5.0,10.0,112.0,16.0,0.0,0.0,0.0,0.0,1.0,0.0,0.0,0.0,1.0,1.0,0.0,0.0,0.0,0.0,6.0,0.0,1.0,0.0,0.0,1.0,21.0,0.0,0.0,11.0,0.0,2.0,0.0,7.0,14.0,8.0,2.0,0.0,0.0,3.0,45.0,0.0,0.0,0.0,0.0,0.0,0.0,0.0,0.0,0.0,0.0,0.0,0.0,0.0,0.0,0.0,1.0,0.0,0.0,0.0,0.0,1.0,0.0,0.0,0.0,0.0,0.0,0.0,0.0,2.0,4.0,2.0,8189511242.0,11974521.0,漳州市东山县,漳州市东山县杏陈镇,16.0,26.0,0.0,7.2,49.2,49.01428571428572,49.05983606557377,44.672332730560576
福建省,漳州市,东山县,陈城镇,117.3824561,23.5962491,8.0,2.0,4.0,17.0,95.0,66.0,0.0,2.0,16.0,2.0,0.0,0.0,0.0,0.0,2.0,2.0,0.0,0.0,0.0,0.0,7.0,0.0,0.0,0.0,0.0,2.0,16.0,0.0,0.0,12.0,0.0,6.0,0.0,3.0,13.0,15.0,5.0,0.0,4.0,3.0,42.0,24.0,0.0,1.0,10.0,1.0,0.0,0.0,0.0,0.0,2.0,2.0,0.0,0.0,0.0,0.0,1.0,0.0,0.0,0.0,0.0,1.0,7.0,0.0,0.0,3.0,0.0,5.0,0.0,2.0,12.0,9.0,3331619566.0,-1.0,漳州市东山县,漳州市东山县陈城镇,9.0,28.0,5.0,7.800000000000001,49.8,49.01428571428572,49.05983606557377,44.672332730560576
福建省,漳州市,东山县,前楼镇,117.3883024,23.6881664,3.0,0.0,13.0,18.0,95.0,18.0,0.0,0.0,0.0,0.0,0.0,0.0,1.0,1.0,2.0,2.0,0.0,0.0,0.0,0.0,14.0,0.0,0.0,0.0,0.0,1.0,0.0,0.0,0.0,2.0,0.0,1.0,0.0,2.0,10.0,7.0,0.0,0.0,6.0,0.0,25.0,5.0,0.0,0.0,0.0,0.0,0.0,0.0,0.0,0.0,0.0,0.0,0.0,0.0,0.0,0.0,4.0,0.0,0.0,0.0,0.0,1.0,0.0,0.0,0.0,0.0,0.0,0.0,0.0,1.0,3.0,3.0,8189511245.0,-1.0,漳州市东山县,漳州市东山县前楼镇,8.0,24.0,0.0,3.7,35.7,49.01428571428572,49.05983606557377,44.672332730560576
福建省,漳州市,东山县,铜陵镇,117.5101802,23.7391908,0.0,11.0,17.0,16.0,252.0,79.0,0.0,40.0,0.0,3.0,1.0,0.0,0.0,0.0,0.0,0.0,0.0,0.0,0.0,0.0,19.0,0.0,7.0,1.0,2.0,3.0,27.0,0.0,0.0,50.0,0.0,14.0,11.0,3.0,13.0,16.0,0.0,7.0,4.0,4.0,140.0,12.0,0.0,0.0,0.0,0.0,1.0,0.0,0.0,0.0,0.0,0.0,0.0,0.0,0.0,0.0,10.0,0.0,1.0,1.0,0.0,3.0,1.0,0.0,0.0,3.0,0.0,5.0,0.0,2.0,9.0,7.0,2481040455.0,-1.0,漳州市东山县,漳州市东山县铜陵镇,10.0,28.0,0.0,12.1,50.1,49.01428571428572,49.05983606557377,44.672332730560576
福建省,漳州市,南靖县,山城镇,117.3579311,24.5149334,0.0,10.0,23.0,27.0,123.0,80.0,0.0,11.0,1.0,1.0,7.0,21.0,2.0,2.0,11.0,14.0,0.0,0.0,1.0,5.0,51.0,11.0,1.0,0.0,3.0,14.0,68.0,1.0,0.0,2.0,0.0,22.0,2.0,3.0,19.0,16.0,0.0,0.0,6.0,15.0,59.0,23.0,0.0,6.0,0.0,1.0,1.0,15.0,0.0,0.0,6.0,8.0,0.0,0.0,1.0,3.0,32.0,9.0,0.0,0.0,2.0,5.0,44.0,1.0,0.0,1.0,0.0,8.0,1.0,2.0,9.0,8.0,5099873695.0,-1.0,漳州市南靖县,漳州市南靖县山城镇,12.0,30.0,15.0,15.5,72.5,49.49090909090909,49.05983606557377,44.672332730560576
福建省,漳州市,南靖县,丰田镇,117.444197,24.604572,6.0,2.0,16.0,0.0,34.0,5.0,0.0,1.0,1.0,0.0,0.0,0.0,0.0,0.0,0.0,0.0,0.0,0.0,0.0,0.0,1.0,0.0,3.0,0.0,0.0,2.0,0.0,0.0,0.0,0.0,0.0,1.0,1.0,5.0,10.0,8.0,2.0,0.0,9.0,0.0,7.0,3.0,0.0,1.0,0.0,0.0,0.0,0.0,0.0,0.0,0.0,0.0,0.0,0.0,0.0,0.0,0.0,0.0,2.0,0.0,0.0,1.0,0.0,0.0,0.0,0.0,0.0,1.0,0.0,2.0,7.0,3.0,2481040409.0,-1.0,漳州市南靖县,漳州市南靖县丰田镇,9.0,19.9,0.0,4.0,32.9,49.49090909090909,49.05983606557377,44.672332730560576
福建省,漳州市,南靖县,靖城镇,117.504167,24.576111,2.0,0.0,12.0,17.0,108.0,35.0,0.0,11.0,4.0,0.0,1.0,0.0,0.0,0.0,1.0,1.0,0.0,0.0,0.0,0.0,15.0,1.0,25.0,0.0,1.0,2.0,19.0,1.0,0.0,7.0,0.0,2.0,0.0,5.0,19.0,11.0,2.0,0.0,5.0,4.0,19.0,1.0,0.0,2.0,0.0,0.0,0.0,0.0,0.0,0.0,0.0,0.0,0.0,0.0,0.0,0.0,3.0,1.0,1.0,0.0,0.0,1.0,0.0,0.0,0.0,4.0,0.0,1.0,0.0,2.0,14.0,7.0,2657240827.0,11958533.0,漳州市南靖县,漳州市南靖县靖城镇,17.0,28.0,0.0,7.0,52.0,49.49090909090909,49.05983606557377,44.672332730560576
福建省,漳州市,南靖县,龙山镇,117.3594356,24.6759975,4.0,0.0,1.0,22.0,70.0,14.0,0.0,1.0,0.0,0.0,0.0,0.0,0.0,0.0,1.0,1.0,1.0,0.0,0.0,0.0,1.0,1.0,2.0,0.0,0.0,9.0,4.0,0.0,0.0,1.0,0.0,4.0,1.0,3.0,10.0,11.0,2.0,0.0,1.0,13.0,37.0,10.0,0.0,1.0,0.0,0.0,0.0,0.0,0.0,0.0,1.0,1.0,1.0,0.0,0.0,0.0,1.0,1.0,2.0,0.0,0.0,7.0,4.0,0.0,0.0,0.0,0.0,3.0,1.0,3.0,9.0,8.0,2481040421.0,-1.0,漳州市南靖县,漳州市南靖县龙山镇,12.0,24.0,10.0,4.9,50.9,49.49090909090909,49.05983606557377,44.672332730560576
福建省,漳州市,南靖县,金山镇,117.3364456,24.759093,2.0,0.0,3.0,14.0,223.0,56.0,0.0,3.0,4.0,0.0,0.0,1.0,3.0,3.0,5.0,7.0,2.0,0.0,0.0,0.0,0.0,4.0,4.0,0.0,0.0,32.0,25.0,0.0,0.0,9.0,0.0,6.0,0.0,4.0,13.0,13.0,1.0,0.0,0.0,0.0,65.0,11.0,0.0,1.0,0.0,0.0,0.0,0.0,1.0,1.0,1.0,1.0,0.0,0.0,0.0,0.0,0.0,1.0,3.0,0.0,0.0,1.0,2.0,0.0,0.0,0.0,0.0,2.0,0.0,3.0,9.0,8.0,3255585898.0,-1.0,漳州市南靖县,漳州市南靖县金山镇,12.0,26.0,15.0,7.6,60.6,49.49090909090909,49.05983606557377,44.672332730560576
福建省,漳州市,南靖县,和溪镇,117.2257576,24.8797304,29.0,0.0,5.0,7.0,13.0,7.0,0.0,0.0,0.0,0.0,1.0,0.0,0.0,0.0,0.0,0.0,0.0,0.0,0.0,0.0,7.0,0.0,2.0,0.0,0.0,2.0,3.0,0.0,0.0,0.0,0.0,0.0,1.0,4.0,10.0,4.0,18.0,0.0,1.0,2.0,10.0,7.0,0.0,0.0,0.0,0.0,1.0,0.0,0.0,0.0,0.0,0.0,0.0,0.0,0.0,0.0,6.0,0.0,0.0,0.0,0.0,1.0,0.0,0.0,0.0,0.0,0.0,0.0,0.0,3.0,9.0,2.0,2481309336.0,11958532.0,漳州市南靖县,漳州市南靖县和溪镇,17.0,21.6,0.0,2.3,40.9,49.49090909090909,49.05983606557377,44.672332730560576
福建省,漳州市,南靖县,奎洋镇,117.1810344,24.8253125,2.0,0.0,0.0,7.0,51.0,13.0,0.0,0.0,0.0,0.0,0.0,0.0,0.0,0.0,2.0,2.0,0.0,0.0,0.0,0.0,15.0,1.0,6.0,0.0,0.0,6.0,0.0,0.0,0.0,0.0,0.0,1.0,0.0,9.0,8.0,7.0,2.0,0.0,0.0,1.0,22.0,3.0,0.0,0.0,0.0,0.0,0.0,0.0,0.0,0.0,1.0,1.0,0.0,0.0,0.0,0.0,5.0,1.0,4.0,0.0,0.0,2.0,0.0,0.0,0.0,0.0,0.0,1.0,0.0,4.0,6.0,5.0,2481309339.0,-1.0,漳州市南靖县,漳州市南靖县奎洋镇,12.0,24.0,5.0,3.5,44.5,49.49090909090909,49.05983606557377,44.672332730560576
福建省,漳州市,南靖县,梅林镇,117.0647636,24.6990742,0.0,0.0,0.0,18.0,26.0,6.0,0.0,1.0,0.0,0.0,0.0,0.0,0.0,0.0,0.0,0.0,0.0,0.0,0.0,0.0,21.0,0.0,2.0,0.0,0.0,4.0,32.0,0.0,0.0,1.0,0.0,0.0,17.0,1.0,6.0,8.0,0.0,0.0,0.0,8.0,17.0,2.0,0.0,1.0,0.0,0.0,0.0,0.0,0.0,0.0,0.0,0.0,0.0,0.0,0.0,0.0,8.0,0.0,2.0,0.0,0.0,1.0,9.0,0.0,0.0,1.0,0.0,0.0,7.0,1.0,5.0,8.0,2481040423.0,-1.0,漳州市南靖县,漳州市南靖县梅林镇,11.0,18.3,0.0,8.3,37.6,49.49090909090909,49.05983606557377,44.672332730560576
福建省,漳州市,南靖县,书洋镇,117.1081572,24.6281701,0.0,9.0,0.0,23.0,62.0,70.0,0.0,1.0,2.0,6.0,3.0,12.0,1.0,1.0,2.0,3.0,1.0,0.0,0.0,4.0,29.0,0.0,2.0,0.0,0.0,10.0,108.0,0.0,0.0,1.0,0.0,8.0,10.0,2.0,12.0,9.0,0.0,3.0,0.0,19.0,26.0,25.0,0.0,0.0,1.0,2.0,2.0,8.0,0.0,0.0,1.0,2.0,1.0,0.0,0.0,2.0,10.0,0.0,1.0,0.0,0.0,3.0,34.0,0.0,0.0,0.0,0.0,2.0,4.0,2.0,9.0,8.0,2481040449.0,-1.0,漳州市南靖县,漳州市南靖县书洋镇,12.0,30.0,17.0,18.3,77.3,49.49090909090909,49.05983606557377,44.672332730560576
福建省,漳州市,南靖县,船场镇,117.2388137,24.6276822,0.0,5.0,0.0,11.0,23.0,0.0,0.0,0.0,0.0,0.0,0.0,0.0,0.0,0.0,2.0,2.0,0.0,0.0,0.0,4.0,21.0,0.0,2.0,0.0,0.0,3.0,1.0,0.0,0.0,0.0,0.0,1.0,1.0,2.0,6.0,5.0,0.0,3.0,0.0,7.0,9.0,0.0,0.0,0.0,0.0,0.0,0.0,0.0,0.0,0.0,1.0,1.0,0.0,0.0,0.0,2.0,7.0,0.0,1.0,0.0,0.0,1.0,0.0,0.0,0.0,0.0,0.0,1.0,0.0,1.0,4.0,4.0,2481040402.0,-1.0,漳州市南靖县,漳州市南靖县船场镇,10.0,20.3,7.0,2.6,39.9,49.49090909090909,49.05983606557377,44.672332730560576
福建省,漳州市,南靖县,南坑镇,117.2968515,24.5595467,0.0,7.0,0.0,4.0,18.0,3.0,0.0,0.0,0.0,0.0,0.0,0.0,0.0,0.0,0.0,0.0,0.0,0.0,0.0,0.0,4.0,0.0,2.0,0.0,0.0,4.0,2.0,0.0,0.0,0.0,0.0,0.0,0.0,2.0,11.0,9.0,0.0,7.0,0.0,3.0,11.0,0.0,0.0,0.0,0.0,0.0,0.0,0.0,0.0,0.0,0.0,0.0,0.0,0.0,0.0,0.0,4.0,0.0,0.0,0.0,0.0,1.0,2.0,0.0,0.0,0.0,0.0,0.0,0.0,2.0,8.0,5.0,2481040424.0,-1.0,漳州市南靖县,漳州市南靖县南坑镇,11.0,19.9,0.0,4.4,35.3,49.49090909090909,49.05983606557377,44.672332730560576
福建省,漳州市,平和县,小溪镇,117.3071194,24.3643868,9.0,15.0,13.0,21.0,115.0,30.0,0.0,7.0,0.0,0.0,1.0,0.0,1.0,1.0,4.0,4.0,0.0,0.0,0.0,1.0,5.0,0.0,1.0,0.0,0.0,2.0,12.0,0.0,0.0,8.0,0.0,13.0,6.0,3.0,20.0,9.0,0.0,0.0,11.0,6.0,68.0,9.0,0.0,1.0,0.0,0.0,0.0,0.0,1.0,1.0,3.0,3.0,0.0,0.0,0.0,1.0,3.0,0.0,0.0,0.0,0.0,2.0,8.0,0.0,0.0,1.0,0.0,7.0,1.0,2.0,9.0,6.0,5099873694.0,-1.0,漳州市平和县,漳州市平和县小溪镇,9.0,26.0,11.0,6.9,52.9,38.31333333333334,49.05983606557377,44.672332730560576
福建省,漳州市,平和县,山格镇,117.3392544,24.3981371,6.0,0.0,6.0,12.0,24.0,0.0,0.0,5.0,0.0,0.0,0.0,0.0,0.0,0.0,1.0,1.0,0.0,0.0,0.0,0.0,3.0,0.0,1.0,0.0,0.0,1.0,0.0,0.0,0.0,1.0,0.0,1.0,1.0,2.0,10.0,7.0,6.0,0.0,3.0,6.0,4.0,0.0,0.0,0.0,0.0,0.0,0.0,0.0,0.0,0.0,0.0,0.0,0.0,0.0,0.0,0.0,0.0,0.0,0.0,0.0,0.0,1.0,0.0,0.0,0.0,0.0,0.0,0.0,0.0,1.0,5.0,1.0,3706208788.0,-1.0,漳州市平和县,漳州市平和县山格镇,8.0,20.0,0.0,3.6,31.6,38.31333333333334,49.05983606557377,44.672332730560576
福建省,漳州市,平和县,文峰镇,117.409281,24.4122762,2.0,0.0,8.0,5.0,6.0,0.0,0.0,1.0,0.0,0.0,0.0,0.0,0.0,0.0,0.0,0.0,0.0,0.0,0.0,0.0,0.0,0.0,0.0,0.0,0.0,1.0,0.0,0.0,0.0,1.0,0.0,0.0,0.0,2.0,9.0,2.0,2.0,0.0,4.0,3.0,2.0,0.0,0.0,0.0,0.0,0.0,0.0,0.0,0.0,0.0,0.0,0.0,0.0,0.0,0.0,0.0,0.0,0.0,0.0,0.0,0.0,1.0,0.0,0.0,0.0,0.0,0.0,0.0,0.0,1.0,4.0,1.0,2481040478.0,-1.0,漳州市平和县,漳州市平和县文峰镇,8.0,15.8,0.0,1.1,24.900000000000002,38.31333333333334,49.05983606557377,44.672332730560576
福建省,漳州市,平和县,南胜镇,117.3556023,24.2312161,0.0,0.0,5.0,28.0,85.0,13.0,0.0,5.0,0.0,0.0,1.0,0.0,0.0,0.0,2.0,2.0,0.0,0.0,0.0,0.0,0.0,0.0,0.0,0.0,0.0,1.0,4.0,0.0,0.0,3.0,0.0,2.0,0.0,1.0,9.0,3.0,0.0,0.0,5.0,17.0,42.0,12.0,0.0,5.0,0.0,0.0,1.0,0.0,0.0,0.0,2.0,2.0,0.0,0.0,0.0,0.0,0.0,0.0,0.0,0.0,0.0,1.0,4.0,0.0,0.0,3.0,0.0,2.0,0.0,1.0,9.0,3.0,2481040426.0,-1.0,漳州市平和县,漳州市平和县南胜镇,8.0,26.0,5.0,2.9000000000000004,41.9,38.31333333333334,49.05983606557377,44.672332730560576
福建省,漳州市,平和县,坂仔镇,117.259626,24.2861962,0.0,2.0,0.0,12.0,40.0,11.0,0.0,0.0,0.0,0.0,0.0,0.0,0.0,0.0,1.0,1.0,0.0,0.0,0.0,0.0,6.0,0.0,1.0,0.0,1.0,1.0,4.0,0.0,0.0,1.0,0.0,1.0,0.0,3.0,12.0,6.0,0.0,2.0,0.0,8.0,15.0,10.0,0.0,0.0,0.0,0.0,0.0,0.0,0.0,0.0,1.0,1.0,0.0,0.0,0.0,0.0,2.0,0.0,1.0,0.0,0.0,1.0,3.0,0.0,0.0,1.0,0.0,1.0,0.0,2.0,10.0,5.0,2481088199.0,-1.0,漳州市平和县,漳州市平和县坂仔镇,8.0,24.0,5.0,3.9,40.9,38.31333333333334,49.05983606557377,44.672332730560576
福建省,漳州市,平和县,安厚镇,117.218611,24.139167,6.0,1.0,0.0,14.0,211.0,3.0,0.0,5.0,0.0,0.0,0.0,0.0,0.0,0.0,1.0,1.0,0.0,0.0,0.0,0.0,39.0,1.0,0.0,0.0,0.0,1.0,9.0,0.0,0.0,1.0,0.0,1.0,19.0,4.0,13.0,11.0,4.0,1.0,0.0,3.0,47.0,2.0,0.0,0.0,0.0,0.0,0.0,0.0,0.0,0.0,1.0,1.0,0.0,0.0,0.0,0.0,11.0,0.0,0.0,0.0,0.0,1.0,0.0,0.0,0.0,0.0,0.0,0.0,5.0,2.0,8.0,5.0,2481088198.0,-1.0,漳州市平和县,漳州市平和县安厚镇,8.0,24.0,5.0,5.0,42.0,38.31333333333334,49.05983606557377,44.672332730560576
福建省,漳州市,平和县,大溪镇,117.110278,24.113056,0.0,3.0,14.0,4.0,70.0,0.0,0.0,6.0,0.0,0.0,0.0,0.0,0.0,0.0,0.0,0.0,0.0,0.0,0.0,0.0,49.0,0.0,0.0,0.0,0.0,3.0,46.0,0.0,3.0,1.0,0.0,2.0,29.0,2.0,10.0,8.0,0.0,1.0,1.0,3.0,42.0,0.0,0.0,6.0,0.0,0.0,0.0,0.0,0.0,0.0,0.0,0.0,0.0,0.0,0.0,0.0,16.0,0.0,0.0,0.0,0.0,1.0,45.0,0.0,3.0,1.0,0.0,2.0,12.0,1.0,7.0,7.0,2481088200.0,-1.0,漳州市平和县,漳州市平和县大溪镇,10.0,24.0,0.0,13.3,47.3,38.31333333333334,49.05983606557377,44.672332730560576
福建省,漳州市,平和县,霞寨镇,117.171057,24.3495156,17.0,0.0,3.0,0.0,23.0,3.0,0.0,0.0,0.0,0.0,0.0,0.0,0.0,0.0,2.0,2.0,0.0,0.0,0.0,0.0,4.0,0.0,1.0,0.0,0.0,4.0,0.0,0.0,0.0,1.0,0.0,3.0,6.0,3.0,7.0,5.0,6.0,0.0,1.0,0.0,16.0,3.0,0.0,0.0,0.0,0.0,0.0,0.0,0.0,0.0,2.0,2.0,0.0,0.0,0.0,0.0,3.0,0.0,1.0,0.0,0.0,1.0,0.0,0.0,0.0,0.0,0.0,3.0,2.0,2.0,6.0,5.0,1492774540.0,-1.0,漳州市平和县,漳州市平和县霞寨镇,11.0,17.9,5.0,2.6,36.5,38.31333333333334,49.05983606557377,44.672332730560576
福建省,漳州市,平和县,九峰镇,117.0161986,24.2535862,3.0,0.0,5.0,6.0,30.0,0.0,0.0,0.0,0.0,0.0,0.0,0.0,0.0,0.0,1.0,1.0,0.0,0.0,0.0,0.0,6.0,0.0,0.0,0.0,0.0,8.0,2.0,0.0,0.0,0.0,0.0,0.0,1.0,3.0,10.0,4.0,3.0,0.0,4.0,5.0,19.0,0.0,0.0,0.0,0.0,0.0,0.0,0.0,0.0,0.0,0.0,0.0,0.0,0.0,0.0,0.0,3.0,0.0,0.0,0.0,0.0,2.0,1.0,0.0,0.0,0.0,0.0,0.0,0.0,2.0,7.0,2.0,2481040415.0,-1.0,漳州市平和县,漳州市平和县九峰镇,12.0,24.0,0.0,2.3,38.3,38.31333333333334,49.05983606557377,44.672332730560576
福建省,漳州市,平和县,芦溪镇,117.0349056,24.4842287,7.0,0.0,6.0,0.0,26.0,0.0,0.0,0.0,0.0,0.0,1.0,0.0,0.0,0.0,0.0,0.0,0.0,0.0,0.0,0.0,21.0,0.0,0.0,0.0,0.0,1.0,2.0,0.0,0.0,1.0,0.0,0.0,0.0,4.0,4.0,2.0,3.0,0.0,4.0,0.0,18.0,0.0,0.0,0.0,0.0,0.0,1.0,0.0,0.0,0.0,0.0,0.0,0.0,0.0,0.0,0.0,7.0,0.0,0.0,0.0,0.0,1.0,0.0,0.0,0.0,1.0,0.0,0.0,0.0,3.0,4.0,2.0,2481088203.0,-1.0,漳州市平和县,漳州市平和县芦溪镇,8.0,19.6,0.0,1.4,29.0,38.31333333333334,49.05983606557377,44.672332730560576
福建省,漳州市,平和县,五寨乡,117.398889,24.165556,0.0,0.0,1.0,16.0,57.0,4.0,0.0,0.0,0.0,0.0,0.0,0.0,0.0,0.0,1.0,1.0,0.0,0.0,0.0,0.0,1.0,0.0,0.0,0.0,0.0,9.0,20.0,0.0,0.0,0.0,0.0,0.0,0.0,1.0,9.0,4.0,0.0,0.0,1.0,7.0,30.0,4.0,0.0,0.0,0.0,0.0,0.0,0.0,0.0,0.0,1.0,1.0,0.0,0.0,0.0,0.0,1.0,0.0,0.0,0.0,0.0,4.0,20.0,0.0,0.0,0.0,0.0,0.0,0.0,1.0,8.0,4.0,2481040483.0,11965740.0,漳州市平和县,漳州市平和县五寨乡,20.0,24.0,5.0,6.0,55.0,38.31333333333334,49.05983606557377,44.672332730560576
福建省,漳州市,平和县,国强乡,117.215556,24.255278,4.0,3.0,3.0,0.0,47.0,5.0,0.0,1.0,0.0,0.0,0.0,0.0,0.0,0.0,2.0,2.0,0.0,0.0,0.0,0.0,2.0,0.0,0.0,0.0,0.0,1.0,3.0,0.0,0.0,2.0,0.0,2.0,0.0,3.0,11.0,7.0,1.0,3.0,1.0,0.0,28.0,5.0,0.0,0.0,0.0,0.0,0.0,0.0,0.0,0.0,2.0,2.0,0.0,0.0,0.0,0.0,1.0,0.0,0.0,0.0,0.0,1.0,2.0,0.0,0.0,2.0,0.0,1.0,0.0,2.0,8.0,4.0,2481088202.0,-1.0,漳州市平和县,漳州市平和县国强乡,8.0,24.0,5.0,4.4,41.4,38.31333333333334,49.05983606557377,44.672332730560576
福建省,漳州市,平和县,崎岭乡,117.068611,24.318333,3.0,0.0,0.0,3.0,0.0,0.0,0.0,0.0,0.0,0.0,0.0,0.0,0.0,0.0,0.0,0.0,0.0,0.0,0.0,0.0,3.0,0.0,0.0,0.0,0.0,1.0,0.0,0.0,0.0,0.0,0.0,0.0,0.0,3.0,4.0,3.0,3.0,0.0,0.0,3.0,0.0,0.0,0.0,0.0,0.0,0.0,0.0,0.0,0.0,0.0,0.0,0.0,0.0,0.0,0.0,0.0,1.0,0.0,0.0,0.0,0.0,1.0,0.0,0.0,0.0,0.0,0.0,0.0,0.0,2.0,2.0,2.0,2481040429.0,-1.0,漳州市平和县,漳州市平和县崎岭乡,8.0,10.0,0.0,1.5,19.5,38.31333333333334,49.05983606557377,44.672332730560576
福建省,漳州市,平和县,长乐乡,116.936507,24.294823,0.0,0.0,3.0,7.0,49.0,1.0,0.0,0.0,0.0,0.0,0.0,0.0,0.0,0.0,1.0,1.0,0.0,0.0,0.0,0.0,3.0,0.0,0.0,0.0,0.0,2.0,1.0,0.0,0.0,0.0,0.0,0.0,0.0,12.0,8.0,4.0,0.0,0.0,1.0,0.0,9.0,0.0,0.0,0.0,0.0,0.0,0.0,0.0,0.0,0.0,1.0,1.0,0.0,0.0,0.0,0.0,2.0,0.0,0.0,0.0,0.0,1.0,0.0,0.0,0.0,0.0,0.0,0.0,0.0,10.0,3.0,3.0,2481040397.0,-1.0,漳州市平和县,漳州市平和县长乐乡,9.0,24.0,5.0,2.1,40.1,38.31333333333334,49.05983606557377,44.672332730560576
福建省,漳州市,平和县,秀峰乡,116.979563,24.3322031,0.0,0.0,5.0,2.0,30.0,2.0,0.0,0.0,0.0,0.0,0.0,0.0,0.0,0.0,0.0,0.0,0.0,0.0,0.0,0.0,10.0,0.0,0.0,0.0,0.0,2.0,0.0,0.0,0.0,0.0,0.0,0.0,2.0,2.0,8.0,4.0,0.0,0.0,3.0,0.0,18.0,2.0,0.0,0.0,0.0,0.0,0.0,0.0,0.0,0.0,0.0,0.0,0.0,0.0,0.0,0.0,3.0,0.0,0.0,0.0,0.0,1.0,0.0,0.0,0.0,0.0,0.0,0.0,2.0,2.0,5.0,3.0,2481040484.0,-1.0,漳州市平和县,漳州市平和县秀峰乡,9.0,22.4,0.0,2.0,33.4,38.31333333333334,49.05983606557377,44.672332730560576
福建省,漳州市,华安县,华丰镇,117.5335548,25.0039455,8.0,13.0,17.0,30.0,198.0,69.0,0.0,108.0,78.0,12.0,3.0,7.0,3.0,4.0,6.0,6.0,4.0,2.0,1.0,15.0,29.0,2.0,9.0,1.0,9.0,7.0,180.0,0.0,0.0,6.0,0.0,15.0,3.0,7.0,17.0,16.0,0.0,1.0,10.0,14.0,66.0,20.0,0.0,64.0,37.0,6.0,0.0,1.0,0.0,0.0,1.0,1.0,1.0,1.0,1.0,6.0,10.0,0.0,2.0,0.0,3.0,2.0,110.0,0.0,0.0,1.0,0.0,7.0,1.0,5.0,11.0,10.0,1583788085.0,-1.0,漳州市华安县,漳州市华安县华丰镇,12.0,30.0,25.0,20.0,87.0,42.75555555555556,49.05983606557377,44.672332730560576
福建省,漳州市,华安县,丰山镇,117.6304741,24.6548841,0.0,2.0,10.0,13.0,26.0,15.0,0.0,0.0,0.0,0.0,0.0,0.0,0.0,0.0,2.0,2.0,0.0,0.0,0.0,0.0,13.0,0.0,26.0,0.0,5.0,4.0,72.0,0.0,0.0,23.0,0.0,3.0,1.0,6.0,10.0,11.0,0.0,0.0,6.0,2.0,6.0,0.0,0.0,0.0,0.0,0.0,0.0,0.0,0.0,0.0,1.0,1.0,0.0,0.0,0.0,0.0,5.0,0.0,1.0,0.0,2.0,3.0,0.0,0.0,0.0,0.0,0.0,0.0,0.0,4.0,4.0,7.0,3255349364.0,11956561.0,漳州市华安县,漳州市华安县丰山镇,19.0,21.0,5.0,13.5,58.5,42.75555555555556,49.05983606557377,44.672332730560576
福建省,漳州市,华安县,沙建镇,117.556389,24.715556,0.0,0.0,7.0,5.0,22.0,1.0,0.0,0.0,0.0,0.0,0.0,0.0,0.0,0.0,1.0,1.0,0.0,0.0,0.0,0.0,6.0,0.0,2.0,0.0,0.0,7.0,1.0,0.0,0.0,1.0,0.0,0.0,0.0,2.0,5.0,7.0,0.0,0.0,5.0,2.0,14.0,0.0,0.0,0.0,0.0,0.0,0.0,0.0,0.0,0.0,1.0,1.0,0.0,0.0,0.0,0.0,4.0,0.0,0.0,0.0,0.0,4.0,0.0,0.0,0.0,0.0,0.0,0.0,0.0,2.0,4.0,3.0,2481309344.0,-1.0,漳州市华安县,漳州市华安县沙建镇,12.0,21.1,5.0,3.7,41.800000000000004,42.75555555555556,49.05983606557377,44.672332730560576
福建省,漳州市,华安县,新圩镇,117.553555,24.9304955,0.0,6.0,1.0,4.0,16.0,3.0,0.0,0.0,8.0,0.0,0.0,0.0,0.0,0.0,0.0,0.0,0.0,0.0,0.0,0.0,15.0,1.0,5.0,0.0,0.0,8.0,3.0,0.0,0.0,3.0,0.0,0.0,0.0,4.0,12.0,8.0,0.0,1.0,0.0,1.0,1.0,0.0,0.0,0.0,4.0,0.0,0.0,0.0,0.0,0.0,0.0,0.0,0.0,0.0,0.0,0.0,4.0,0.0,0.0,0.0,0.0,1.0,0.0,0.0,0.0,1.0,0.0,0.0,0.0,3.0,5.0,4.0,2481309349.0,-1.0,漳州市华安县,漳州市华安县新圩镇,12.0,18.5,0.0,4.7,35.2,42.75555555555556,49.05983606557377,44.672332730560576
福建省,漳州市,华安县,高安镇,117.3947787,24.857222,0.0,0.0,8.0,10.0,24.0,0.0,0.0,3.0,0.0,0.0,0.0,0.0,0.0,0.0,2.0,2.0,0.0,0.0,0.0,0.0,10.0,0.0,0.0,0.0,0.0,10.0,0.0,0.0,0.0,0.0,0.0,2.0,0.0,1.0,6.0,7.0,0.0,0.0,4.0,7.0,8.0,0.0,0.0,0.0,0.0,0.0,0.0,0.0,0.0,0.0,2.0,2.0,0.0,0.0,0.0,0.0,3.0,0.0,0.0,0.0,0.0,2.0,0.0,0.0,0.0,0.0,0.0,2.0,0.0,1.0,3.0,7.0,2481309333.0,-1.0,漳州市华安县,漳州市华安县高安镇,12.0,20.200000000000003,5.0,3.5,40.7,42.75555555555556,49.05983606557377,44.672332730560576
福建省,漳州市,华安县,仙都镇,117.64774,25.0238677,4.0,0.0,0.0,0.0,7.0,0.0,0.0,0.0,0.0,0.0,0.0,0.0,0.0,0.0,0.0,0.0,0.0,0.0,0.0,0.0,1.0,0.0,0.0,0.0,0.0,6.0,0.0,0.0,0.0,0.0,0.0,0.0,0.0,7.0,2.0,4.0,1.0,0.0,0.0,0.0,5.0,0.0,0.0,0.0,0.0,0.0,0.0,0.0,0.0,0.0,0.0,0.0,0.0,0.0,0.0,0.0,0.0,0.0,0.0,0.0,0.0,2.0,0.0,0.0,0.0,0.0,0.0,0.0,0.0,3.0,2.0,1.0,2481309346.0,-1.0,漳州市华安县,漳州市华安县仙都镇,12.0,8.9,0.0,2.0,22.9,42.75555555555556,49.05983606557377,44.672332730560576
福建省,漳州市,华安县,高车乡,117.4706357,24.8796493,0.0,0.0,9.0,7.0,27.0,10.0,0.0,3.0,0.0,0.0,0.0,2.0,0.0,0.0,1.0,1.0,0.0,1.0,1.0,0.0,12.0,0.0,0.0,0.0,0.0,14.0,0.0,0.0,0.0,1.0,0.0,0.0,0.0,2.0,9.0,5.0,0.0,0.0,3.0,2.0,6.0,1.0,0.0,0.0,0.0,0.0,0.0,2.0,0.0,0.0,1.0,1.0,0.0,1.0,1.0,0.0,7.0,0.0,0.0,0.0,0.0,6.0,0.0,0.0,0.0,0.0,0.0,0.0,0.0,2.0,7.0,4.0,2481309332.0,-1.0,漳州市华安县,漳州市华安县高车乡,12.0,21.2,14.0,2.6,49.800000000000004,42.75555555555556,49.05983606557377,44.672332730560576
福建省,漳州市,华安县,马坑乡,117.3506495,24.9600812,0.0,0.0,3.0,2.0,9.0,0.0,0.0,0.0,0.0,0.0,0.0,0.0,0.0,0.0,0.0,0.0,0.0,0.0,0.0,0.0,6.0,0.0,0.0,0.0,0.0,5.0,0.0,0.0,0.0,0.0,0.0,0.0,0.0,5.0,4.0,3.0,0.0,0.0,1.0,0.0,7.0,0.0,0.0,0.0,0.0,0.0,0.0,0.0,0.0,0.0,0.0,0.0,0.0,0.0,0.0,0.0,3.0,0.0,0.0,0.0,0.0,1.0,0.0,0.0,0.0,0.0,0.0,0.0,0.0,1.0,3.0,3.0,3255438277.0,-1.0,漳州市华安县,漳州市华安县马坑乡,12.0,12.9,0.0,1.5,26.4,42.75555555555556,49.05983606557377,44.672332730560576
福建省,漳州市,华安县,湖林乡,117.54937,25.116585,0.0,1.0,0.0,1.0,1.0,0.0,0.0,0.0,1.0,0.0,0.0,0.0,0.0,0.0,0.0,0.0,0.0,0.0,0.0,1.0,6.0,0.0,5.0,0.0,0.0,2.0,0.0,0.0,0.0,0.0,0.0,0.0,0.0,3.0,3.0,5.0,0.0,1.0,0.0,0.0,1.0,0.0,0.0,0.0,1.0,0.0,0.0,0.0,0.0,0.0,0.0,0.0,0.0,0.0,0.0,1.0,4.0,0.0,1.0,0.0,0.0,1.0,0.0,0.0,0.0,0.0,0.0,0.0,0.0,3.0,2.0,5.0,2481309338.0,-1.0,漳州市华安县,漳州市华安县湖林乡,9.0,10.0,1.0,2.5,22.5,42.75555555555556,49.05983606557377,44.672332730560576
福建省,南平市,延平区,梅山街道,118.1753216,26.6486426,57.0,13.0,89.0,15.0,143.0,13.0,1.0,56.0,15.0,2.0,0.0,2.0,4.0,4.0,9.0,9.0,0.0,0.0,0.0,0.0,10.0,1.0,2.0,0.0,0.0,8.0,6.0,0.0,0.0,2.0,7.0,14.0,1.0,11.0,19.0,10.0,5.0,0.0,39.0,4.0,54.0,2.0,0.0,16.0,12.0,1.0,0.0,1.0,2.0,2.0,5.0,5.0,0.0,0.0,0.0,0.0,2.0,0.0,1.0,0.0,0.0,5.0,1.0,0.0,0.0,1.0,6.0,4.0,0.0,7.0,12.0,5.0,4577596071.0,6828760.0,南平市延平区,南平市延平区梅山街道,20.0,28.0,15.0,5.0,68.0,39.57142857142857,37.57535211267606,44.672332730560576
福建省,南平市,延平区,黄墩街道,118.1654079,26.6591338,43.0,3.0,68.0,13.0,137.0,13.0,0.0,49.0,13.0,2.0,0.0,2.0,4.0,4.0,10.0,10.0,0.0,0.0,0.0,0.0,10.0,1.0,2.0,0.0,0.0,7.0,5.0,0.0,0.0,2.0,6.0,14.0,1.0,10.0,16.0,11.0,16.0,0.0,15.0,1.0,7.0,0.0,0.0,0.0,1.0,0.0,0.0,0.0,1.0,1.0,1.0,1.0,0.0,0.0,0.0,0.0,1.0,0.0,1.0,0.0,0.0,1.0,0.0,0.0,0.0,1.0,0.0,1.0,0.0,5.0,7.0,6.0,4577596067.0,6828759.0,南平市延平区,南平市延平区黄墩街道,20.0,28.0,15.0,4.8,67.8,39.57142857142857,37.57535211267606,44.672332730560576
福建省,南平市,延平区,紫云街道,118.1701812,26.644123,63.0,7.0,80.0,17.0,145.0,16.0,1.0,56.0,15.0,2.0,0.0,2.0,4.0,4.0,9.0,9.0,0.0,0.0,0.0,0.0,9.0,0.0,3.0,0.0,0.0,8.0,6.0,0.0,0.0,2.0,7.0,10.0,1.0,11.0,20.0,9.0,13.0,2.0,32.0,4.0,51.0,2.0,0.0,18.0,2.0,0.0,0.0,2.0,1.0,1.0,4.0,4.0,0.0,0.0,0.0,0.0,2.0,0.0,0.0,0.0,0.0,4.0,1.0,0.0,0.0,1.0,4.0,2.0,0.0,7.0,12.0,4.0,4577596081.0,6828764.0,南平市延平区,南平市延平区紫云街道,20.0,28.0,15.0,5.0,68.0,39.57142857142857,37.57535211267606,44.672332730560576
福建省,南平市,延平区,四鹤街道,118.1674381,26.6320736,47.0,13.0,72.0,16.0,150.0,14.0,1.0,58.0,14.0,1.0,0.0,2.0,4.0,4.0,9.0,9.0,0.0,0.0,0.0,0.0,10.0,0.0,2.0,0.0,0.0,7.0,15.0,0.0,0.0,1.0,7.0,10.0,1.0,11.0,21.0,9.0,27.0,0.0,19.0,5.0,42.0,1.0,0.0,21.0,2.0,0.0,0.0,1.0,1.0,1.0,3.0,3.0,0.0,0.0,0.0,0.0,2.0,0.0,0.0,0.0,0.0,1.0,2.0,0.0,0.0,0.0,2.0,6.0,0.0,5.0,12.0,5.0,4577596077.0,6828763.0,南平市延平区,南平市延平区四鹤街道,20.0,28.0,15.0,5.8,68.8,39.57142857142857,37.57535211267606,44.672332730560576
福建省,南平市,延平区,水南街道,118.1717232,26.6226345,45.0,13.0,53.0,14.0,109.0,6.0,1.0,55.0,2.0,0.0,0.0,2.0,3.0,3.0,6.0,6.0,0.0,0.0,0.0,0.0,11.0,0.0,1.0,0.0,0.0,6.0,21.0,0.0,0.0,1.0,6.0,8.0,1.0,9.0,18.0,9.0,30.0,0.0,8.0,4.0,11.0,0.0,1.0,6.0,2.0,0.0,0.0,0.0,0.0,0.0,1.0,1.0,0.0,0.0,0.0,0.0,3.0,0.0,0.0,0.0,0.0,1.0,1.0,0.0,0.0,0.0,1.0,2.0,0.0,4.0,13.0,5.0,4577596076.0,6828762.0,南平市延平区,南平市延平区水南街道,20.0,26.0,10.0,6.300000000000001,62.3,39.57142857142857,37.57535211267606,44.672332730560576
福建省,南平市,延平区,水东街道,118.1770887,26.6554265,42.0,7.0,74.0,12.0,148.0,13.0,1.0,55.0,13.0,2.0,0.0,2.0,4.0,4.0,10.0,10.0,0.0,0.0,0.0,0.0,12.0,1.0,2.0,0.0,0.0,8.0,5.0,0.0,0.0,2.0,6.0,12.0,1.0,10.0,16.0,11.0,4.0,0.0,27.0,4.0,41.0,1.0,0.0,4.0,13.0,1.0,0.0,0.0,1.0,1.0,2.0,2.0,0.0,0.0,0.0,0.0,2.0,0.0,1.0,0.0,0.0,2.0,1.0,0.0,0.0,0.0,1.0,2.0,0.0,5.0,10.0,6.0,4577596074.0,6828761.0,南平市延平区,南平市延平区水东街道,20.0,28.0,15.0,4.8,67.8,39.57142857142857,37.57535211267606,44.672332730560576
福建省,南平市,延平区,来舟镇,117.9794001,26.6229943,6.0,0.0,5.0,5.0,16.0,9.0,0.0,0.0,1.0,0.0,0.0,0.0,0.0,0.0,0.0,0.0,0.0,0.0,0.0,0.0,1.0,0.0,3.0,0.0,0.0,12.0,1.0,0.0,0.0,1.0,0.0,0.0,0.0,13.0,10.0,6.0,4.0,0.0,1.0,3.0,8.0,2.0,0.0,0.0,1.0,0.0,0.0,0.0,0.0,0.0,0.0,0.0,0.0,0.0,0.0,0.0,0.0,0.0,3.0,0.0,0.0,6.0,0.0,0.0,0.0,0.0,0.0,0.0,0.0,7.0,5.0,5.0,638913803.0,-1.0,南平市延平区,南平市延平区来舟镇,12.0,21.6,0.0,3.2,36.800000000000004,39.57142857142857,37.57535211267606,44.672332730560576
福建省,南平市,延平区,樟湖镇,118.483777,26.385843,6.0,0.0,1.0,1.0,13.0,0.0,0.0,0.0,0.0,0.0,0.0,0.0,0.0,0.0,0.0,0.0,0.0,0.0,0.0,0.0,5.0,0.0,0.0,0.0,0.0,1.0,0.0,0.0,0.0,0.0,0.0,0.0,0.0,7.0,5.0,4.0,4.0,0.0,0.0,0.0,9.0,0.0,0.0,0.0,0.0,0.0,0.0,0.0,0.0,0.0,0.0,0.0,0.0,0.0,0.0,0.0,4.0,0.0,0.0,0.0,0.0,1.0,0.0,0.0,0.0,0.0,0.0,0.0,0.0,1.0,2.0,3.0,8244728743.0,-1.0,南平市延平区,南平市延平区樟湖镇,8.0,13.8,0.0,2.0,23.8,39.57142857142857,37.57535211267606,44.672332730560576
福建省,南平市,延平区,夏道镇,118.2674583,26.5765591,17.0,14.0,15.0,14.0,48.0,7.0,0.0,4.0,8.0,1.0,0.0,0.0,0.0,0.0,1.0,1.0,0.0,0.0,0.0,0.0,8.0,0.0,5.0,0.0,1.0,3.0,5.0,0.0,0.0,0.0,1.0,14.0,0.0,8.0,12.0,12.0,0.0,3.0,2.0,7.0,8.0,0.0,0.0,0.0,0.0,0.0,0.0,0.0,0.0,0.0,0.0,0.0,0.0,0.0,0.0,0.0,3.0,0.0,0.0,0.0,1.0,1.0,0.0,0.0,0.0,0.0,0.0,0.0,0.0,3.0,5.0,5.0,2479346791.0,-1.0,南平市延平区,南平市延平区夏道镇,10.0,28.0,0.0,4.5,42.5,39.57142857142857,37.57535211267606,44.672332730560576
福建省,南平市,延平区,西芹镇,118.109926,26.572072,2.0,0.0,28.0,6.0,28.0,19.0,0.0,1.0,3.0,7.0,0.0,0.0,0.0,0.0,1.0,2.0,0.0,0.0,0.0,0.0,16.0,0.0,24.0,0.0,0.0,2.0,44.0,0.0,0.0,1.0,0.0,11.0,0.0,8.0,12.0,14.0,1.0,0.0,19.0,3.0,7.0,4.0,0.0,1.0,3.0,3.0,0.0,0.0,0.0,0.0,0.0,0.0,0.0,0.0,0.0,0.0,6.0,0.0,3.0,0.0,0.0,1.0,1.0,0.0,0.0,0.0,0.0,3.0,0.0,3.0,8.0,11.0,2479346801.0,-1.0,南平市延平区,南平市延平区西芹镇,9.0,25.700000000000003,0.0,8.600000000000001,43.300000000000004,39.57142857142857,37.57535211267606,44.672332730560576
福建省,南平市,延平区,峡阳镇,117.993308,26.773626,4.0,0.0,0.0,1.0,7.0,6.0,0.0,0.0,0.0,0.0,0.0,0.0,0.0,0.0,0.0,0.0,0.0,0.0,0.0,0.0,5.0,0.0,0.0,0.0,0.0,3.0,1.0,0.0,0.0,0.0,0.0,1.0,0.0,3.0,5.0,5.0,1.0,0.0,0.0,1.0,7.0,5.0,0.0,0.0,0.0,0.0,0.0,0.0,0.0,0.0,0.0,0.0,0.0,0.0,0.0,0.0,2.0,0.0,0.0,0.0,0.0,1.0,1.0,0.0,0.0,0.0,0.0,1.0,0.0,3.0,5.0,5.0,2479346796.0,-1.0,南平市延平区,南平市延平区峡阳镇,10.0,12.0,0.0,2.7,24.7,39.57142857142857,37.57535211267606,44.672332730560576
福建省,南平市,延平区,南山镇,118.3274935,26.6186918,0.0,0.0,4.0,0.0,4.0,1.0,0.0,0.0,0.0,0.0,0.0,0.0,0.0,0.0,0.0,0.0,0.0,0.0,0.0,0.0,7.0,0.0,1.0,0.0,0.0,3.0,0.0,0.0,0.0,1.0,0.0,1.0,0.0,1.0,3.0,7.0,0.0,0.0,2.0,0.0,1.0,1.0,0.0,0.0,0.0,0.0,0.0,0.0,0.0,0.0,0.0,0.0,0.0,0.0,0.0,0.0,3.0,0.0,0.0,0.0,0.0,1.0,0.0,0.0,0.0,1.0,0.0,0.0,0.0,1.0,3.0,4.0,2479346771.0,-1.0,南平市延平区,南平市延平区南山镇,10.0,7.6,0.0,3.7,21.3,39.57142857142857,37.57535211267606,44.672332730560576
福建省,南平市,延平区,大横镇,118.2584344,26.7657067,2.0,0.0,0.0,0.0,4.0,5.0,0.0,0.0,1.0,0.0,2.0,0.0,0.0,0.0,0.0,0.0,0.0,0.0,0.0,0.0,4.0,1.0,2.0,0.0,0.0,1.0,0.0,0.0,0.0,0.0,0.0,2.0,0.0,7.0,8.0,7.0,1.0,0.0,0.0,0.0,4.0,2.0,0.0,0.0,0.0,0.0,0.0,0.0,0.0,0.0,0.0,0.0,0.0,0.0,0.0,0.0,1.0,0.0,2.0,0.0,0.0,1.0,0.0,0.0,0.0,0.0,0.0,1.0,0.0,3.0,4.0,6.0,3707541567.0,-1.0,南平市延平区,南平市延平区大横镇,8.0,15.0,0.0,3.5,26.5,39.57142857142857,37.57535211267606,44.672332730560576
福建省,南平市,延平区,王台镇,117.969143,26.639858,10.0,0.0,4.0,4.0,16.0,9.0,0.0,0.0,1.0,0.0,0.0,0.0,0.0,0.0,0.0,0.0,0.0,0.0,0.0,0.0,1.0,0.0,2.0,0.0,0.0,12.0,1.0,0.0,0.0,2.0,0.0,0.0,0.0,13.0,9.0,6.0,3.0,0.0,0.0,1.0,0.0,0.0,0.0,0.0,0.0,0.0,0.0,0.0,0.0,0.0,0.0,0.0,0.0,0.0,0.0,0.0,1.0,0.0,0.0,0.0,0.0,1.0,0.0,0.0,0.0,1.0,0.0,0.0,0.0,3.0,3.0,4.0,2479346786.0,-1.0,南平市延平区,南平市延平区王台镇,12.0,18.2,0.0,3.4,33.6,39.57142857142857,37.57535211267606,44.672332730560576
福建省,南平市,延平区,太平镇,118.4095066,26.4431834,8.0,0.0,0.0,1.0,11.0,4.0,0.0,0.0,0.0,0.0,0.0,0.0,0.0,0.0,0.0,0.0,0.0,0.0,0.0,0.0,7.0,0.0,0.0,0.0,0.0,1.0,1.0,0.0,0.0,0.0,0.0,0.0,0.0,4.0,5.0,5.0,1.0,0.0,0.0,1.0,11.0,4.0,0.0,0.0,0.0,0.0,0.0,0.0,0.0,0.0,0.0,0.0,0.0,0.0,0.0,0.0,3.0,0.0,0.0,0.0,0.0,1.0,0.0,0.0,0.0,0.0,0.0,0.0,0.0,3.0,5.0,4.0,3736933579.0,-1.0,南平市延平区,南平市延平区太平镇,8.0,14.0,0.0,2.6,24.6,39.57142857142857,37.57535211267606,44.672332730560576
福建省,南平市,延平区,塔前镇,118.1522423,26.4409311,0.0,0.0,13.0,1.0,20.0,8.0,0.0,0.0,0.0,0.0,2.0,0.0,0.0,0.0,0.0,0.0,0.0,0.0,0.0,0.0,0.0,0.0,0.0,0.0,0.0,4.0,2.0,0.0,0.0,0.0,0.0,0.0,0.0,3.0,8.0,2.0,0.0,0.0,7.0,1.0,11.0,0.0,0.0,0.0,0.0,0.0,0.0,0.0,0.0,0.0,0.0,0.0,0.0,0.0,0.0,0.0,0.0,0.0,0.0,0.0,0.0,1.0,0.0,0.0,0.0,0.0,0.0,0.0,0.0,3.0,6.0,2.0,4577886106.0,-1.0,南平市延平区,南平市延平区塔前镇,11.0,19.3,0.0,1.2,31.5,39.57142857142857,37.57535211267606,44.672332730560576
福建省,南平市,延平区,茫荡镇,118.1572359,26.6890179,39.0,0.0,11.0,2.0,24.0,1.0,0.0,0.0,0.0,0.0,0.0,0.0,0.0,0.0,2.0,2.0,0.0,0.0,0.0,0.0,10.0,0.0,1.0,0.0,0.0,6.0,0.0,0.0,0.0,2.0,0.0,5.0,0.0,5.0,9.0,8.0,5.0,0.0,5.0,0.0,3.0,1.0,0.0,0.0,0.0,0.0,0.0,0.0,0.0,0.0,0.0,0.0,0.0,0.0,0.0,0.0,0.0,0.0,0.0,0.0,0.0,1.0,0.0,0.0,0.0,0.0,0.0,0.0,0.0,5.0,6.0,2.0,2479346752.0,-1.0,南平市延平区,南平市延平区茫荡镇,12.0,16.700000000000003,0.0,4.2,32.900000000000006,39.57142857142857,37.57535211267606,44.672332730560576
福建省,南平市,延平区,洋后镇,118.5132156,26.6327631,0.0,0.0,9.0,3.0,5.0,1.0,0.0,0.0,0.0,0.0,0.0,0.0,0.0,0.0,0.0,0.0,0.0,0.0,0.0,0.0,15.0,0.0,0.0,0.0,0.0,1.0,0.0,0.0,0.0,0.0,0.0,0.0,0.0,6.0,8.0,3.0,0.0,0.0,5.0,1.0,0.0,1.0,0.0,0.0,0.0,0.0,0.0,0.0,0.0,0.0,0.0,0.0,0.0,0.0,0.0,0.0,7.0,0.0,0.0,0.0,0.0,1.0,0.0,0.0,0.0,0.0,0.0,0.0,0.0,3.0,6.0,2.0,3707634274.0,-1.0,南平市延平区,南平市延平区洋后镇,8.0,13.0,0.0,1.5,22.5,39.57142857142857,37.57535211267606,44.672332730560576
福建省,南平市,延平区,炉下镇,118.29611,26.490043,6.0,0.0,0.0,3.0,15.0,0.0,0.0,0.0,0.0,0.0,0.0,0.0,0.0,0.0,0.0,0.0,0.0,0.0,0.0,0.0,0.0,0.0,0.0,0.0,0.0,1.0,0.0,0.0,0.0,0.0,0.0,0.0,0.0,1.0,3.0,1.0,0.0,0.0,0.0,2.0,9.0,0.0,0.0,0.0,0.0,0.0,0.0,0.0,0.0,0.0,0.0,0.0,0.0,0.0,0.0,0.0,0.0,0.0,0.0,0.0,0.0,1.0,0.0,0.0,0.0,0.0,0.0,0.0,0.0,1.0,2.0,1.0,4577886103.0,-1.0,南平市延平区,南平市延平区炉下镇,8.0,15.2,0.0,0.5,23.7,39.57142857142857,37.57535211267606,44.672332730560576
福建省,南平市,延平区,巨口乡,118.531962,26.498455,0.0,0.0,7.0,2.0,1.0,1.0,0.0,0.0,0.0,0.0,0.0,0.0,0.0,0.0,0.0,0.0,0.0,0.0,0.0,0.0,4.0,0.0,0.0,0.0,0.0,1.0,0.0,0.0,0.0,1.0,0.0,2.0,0.0,2.0,4.0,7.0,0.0,0.0,5.0,2.0,1.0,1.0,0.0,0.0,0.0,0.0,0.0,0.0,0.0,0.0,0.0,0.0,0.0,0.0,0.0,0.0,1.0,0.0,0.0,0.0,0.0,1.0,0.0,0.0,0.0,0.0,0.0,2.0,0.0,2.0,4.0,5.0,8244728745.0,-1.0,南平市延平区,南平市延平区巨口乡,8.0,9.5,0.0,3.6,21.1,39.57142857142857,37.57535211267606,44.672332730560576
福建省,南平市,延平区,赤门乡,118.447763,26.54549,0.0,0.0,9.0,3.0,0.0,0.0,0.0,0.0,0.0,0.0,0.0,0.0,0.0,0.0,0.0,0.0,0.0,0.0,0.0,0.0,8.0,0.0,0.0,0.0,0.0,1.0,0.0,0.0,0.0,0.0,0.0,1.0,0.0,2.0,2.0,5.0,0.0,0.0,8.0,0.0,0.0,0.0,0.0,0.0,0.0,0.0,0.0,0.0,0.0,0.0,0.0,0.0,0.0,0.0,0.0,0.0,4.0,0.0,0.0,0.0,0.0,1.0,0.0,0.0,0.0,0.0,0.0,0.0,0.0,1.0,1.0,4.0,8244728746.0,-1.0,南平市延平区,南平市延平区赤门乡,8.0,9.0,0.0,2.5,19.5,39.57142857142857,37.57535211267606,44.672332730560576
福建省,南平市,建阳区,潭城街道,118.1181084,27.3343228,39.0,101.0,35.0,38.0,117.0,87.0,32.0,336.0,9.0,7.0,3.0,4.0,5.0,5.0,16.0,17.0,1.0,0.0,0.0,10.0,121.0,11.0,7.0,0.0,4.0,3.0,961.0,0.0,0.0,40.0,0.0,92.0,12.0,7.0,21.0,18.0,19.0,37.0,18.0,11.0,39.0,47.0,10.0,117.0,5.0,2.0,1.0,2.0,3.0,3.0,7.0,7.0,1.0,0.0,0.0,3.0,60.0,5.0,1.0,0.0,1.0,3.0,674.0,0.0,0.0,11.0,0.0,42.0,4.0,4.0,15.0,15.0,8240996022.0,-1.0,南平市建阳区,南平市建阳区潭城街道,10.0,30.0,23.0,20.0,83.0,45.1125,37.57535211267606,44.672332730560576
福建省,南平市,建阳区,童游街道,118.1208363,27.3414477,26.0,101.0,35.0,41.0,112.0,79.0,32.0,323.0,9.0,6.0,3.0,4.0,5.0,5.0,16.0,17.0,1.0,0.0,0.0,11.0,123.0,9.0,8.0,0.0,4.0,3.0,986.0,0.0,0.0,39.0,0.0,94.0,12.0,7.0,20.0,18.0,12.0,57.0,7.0,4.0,49.0,19.0,5.0,79.0,0.0,3.0,1.0,3.0,2.0,2.0,6.0,6.0,0.0,0.0,0.0,2.0,42.0,4.0,0.0,0.0,2.0,3.0,323.0,0.0,0.0,6.0,0.0,20.0,3.0,5.0,16.0,11.0,8240996026.0,-1.0,南平市建阳区,南平市建阳区童游街道,10.0,30.0,17.0,20.0,77.0,45.1125,37.57535211267606,44.672332730560576
福建省,南平市,建阳区,宝山街道,118.117167,27.323897,48.0,81.0,35.0,28.0,116.0,80.0,32.0,283.0,6.0,6.0,2.0,3.0,5.0,5.0,15.0,16.0,1.0,0.0,0.0,8.0,112.0,10.0,7.0,0.0,4.0,4.0,891.0,0.0,0.0,29.0,0.0,81.0,11.0,6.0,21.0,17.0,10.0,3.0,5.0,5.0,21.0,24.0,0.0,28.0,5.0,0.0,1.0,0.0,1.0,1.0,5.0,5.0,1.0,0.0,0.0,2.0,26.0,1.0,1.0,0.0,1.0,0.0,322.0,0.0,0.0,4.0,0.0,19.0,3.0,1.0,13.0,14.0,-1.0,-1.0,南平市建阳区,南平市建阳区宝山街道,4.0,30.0,22.0,20.0,76.0,45.1125,37.57535211267606,44.672332730560576
福建省,南平市,建阳区,崇阳街道,118.099966,27.392972,46.0,76.0,20.0,68.0,32.0,4.0,6.0,63.0,0.0,2.0,1.0,1.0,0.0,0.0,5.0,5.0,0.0,0.0,0.0,2.0,40.0,3.0,19.0,0.0,2.0,1.0,89.0,0.0,0.0,4.0,0.0,13.0,1.0,4.0,16.0,14.0,2.0,15.0,1.0,7.0,3.0,0.0,1.0,0.0,0.0,0.0,0.0,0.0,0.0,0.0,0.0,0.0,0.0,0.0,0.0,0.0,6.0,0.0,3.0,0.0,0.0,0.0,8.0,0.0,0.0,0.0,0.0,0.0,0.0,2.0,6.0,5.0,-1.0,-1.0,南平市建阳区,南平市建阳区崇阳街道,1.0,25.3,5.0,14.100000000000001,45.400000000000006,45.1125,37.57535211267606,44.672332730560576
福建省,南平市,建阳区,崇泰街道,118.104259,27.374373,52.0,123.0,13.0,48.0,51.0,19.0,9.0,86.0,3.0,3.0,2.0,1.0,0.0,0.0,4.0,5.0,0.0,0.0,0.0,5.0,59.0,4.0,23.0,0.0,3.0,0.0,199.0,0.0,0.0,14.0,0.0,10.0,3.0,4.0,18.0,17.0,0.0,15.0,0.0,11.0,9.0,4.0,0.0,0.0,0.0,1.0,1.0,0.0,0.0,0.0,0.0,0.0,0.0,0.0,0.0,0.0,8.0,0.0,11.0,0.0,0.0,0.0,28.0,0.0,0.0,0.0,0.0,0.0,0.0,1.0,7.0,3.0,-1.0,-1.0,南平市建阳区,南平市建阳区崇泰街道,0.0,30.0,5.0,20.0,55.0,45.1125,37.57535211267606,44.672332730560576
福建省,南平市,建阳区,将口镇,118.0743531,27.4445105,35.0,6.0,3.0,18.0,9.0,13.0,8.0,4.0,2.0,0.0,0.0,1.0,1.0,1.0,0.0,0.0,0.0,0.0,0.0,0.0,10.0,0.0,2.0,0.0,0.0,1.0,25.0,0.0,0.0,2.0,0.0,0.0,0.0,6.0,12.0,8.0,1.0,0.0,0.0,9.0,6.0,2.0,2.0,1.0,2.0,0.0,0.0,1.0,0.0,0.0,0.0,0.0,0.0,0.0,0.0,0.0,3.0,0.0,2.0,0.0,0.0,1.0,2.0,0.0,0.0,0.0,0.0,0.0,0.0,4.0,8.0,6.0,3711381190.0,-1.0,南平市建阳区,南平市建阳区将口镇,8.0,19.6,5.0,6.9,39.5,45.1125,37.57535211267606,44.672332730560576
福建省,南平市,建阳区,徐市镇,118.0939147,27.2268554,0.0,0.0,8.0,17.0,31.0,11.0,0.0,0.0,0.0,0.0,0.0,0.0,0.0,0.0,0.0,0.0,0.0,0.0,0.0,0.0,16.0,0.0,3.0,0.0,0.0,1.0,31.0,0.0,0.0,0.0,0.0,1.0,1.0,2.0,9.0,7.0,0.0,0.0,1.0,5.0,21.0,0.0,0.0,0.0,0.0,0.0,0.0,0.0,0.0,0.0,0.0,0.0,0.0,0.0,0.0,0.0,5.0,0.0,0.0,0.0,0.0,1.0,4.0,0.0,0.0,0.0,0.0,0.0,1.0,1.0,4.0,5.0,3711384149.0,-1.0,南平市建阳区,南平市建阳区徐市镇,8.0,24.0,0.0,7.0,39.0,45.1125,37.57535211267606,44.672332730560576
福建省,南平市,建阳区,莒口镇,117.9451189,27.3705361,0.0,1.0,3.0,8.0,19.0,4.0,0.0,0.0,0.0,0.0,0.0,0.0,0.0,0.0,1.0,1.0,0.0,0.0,0.0,0.0,6.0,0.0,2.0,0.0,0.0,1.0,13.0,0.0,0.0,0.0,0.0,0.0,0.0,1.0,6.0,5.0,0.0,1.0,3.0,7.0,7.0,4.0,0.0,0.0,0.0,0.0,0.0,0.0,0.0,0.0,1.0,1.0,0.0,0.0,0.0,0.0,4.0,0.0,2.0,0.0,0.0,1.0,5.0,0.0,0.0,0.0,0.0,0.0,0.0,1.0,6.0,5.0,3707677177.0,-1.0,南平市建阳区,南平市建阳区莒口镇,8.0,18.9,5.0,4.3,36.199999999999996,45.1125,37.57535211267606,44.672332730560576
福建省,南平市,建阳区,麻沙镇,117.8346348,27.3937407,0.0,8.0,1.0,11.0,17.0,5.0,0.0,1.0,0.0,0.0,0.0,0.0,0.0,0.0,1.0,1.0,0.0,0.0,0.0,0.0,8.0,0.0,1.0,0.0,0.0,3.0,8.0,0.0,0.0,2.0,0.0,2.0,0.0,2.0,12.0,6.0,0.0,5.0,1.0,8.0,12.0,0.0,0.0,1.0,0.0,0.0,0.0,0.0,0.0,0.0,0.0,0.0,0.0,0.0,0.0,0.0,5.0,0.0,1.0,0.0,0.0,2.0,2.0,0.0,0.0,2.0,0.0,2.0,0.0,2.0,10.0,5.0,3519617112.0,12036370.0,南平市建阳区,南平市建阳区麻沙镇,18.0,21.0,0.0,4.4,43.4,45.1125,37.57535211267606,44.672332730560576
福建省,南平市,建阳区,黄坑镇,117.6491578,27.5751882,0.0,0.0,2.0,7.0,17.0,2.0,0.0,0.0,0.0,0.0,0.0,0.0,0.0,0.0,0.0,0.0,0.0,0.0,0.0,0.0,2.0,0.0,0.0,0.0,0.0,3.0,3.0,0.0,0.0,1.0,0.0,2.0,1.0,3.0,7.0,7.0,0.0,0.0,2.0,5.0,13.0,1.0,0.0,0.0,0.0,0.0,0.0,0.0,0.0,0.0,0.0,0.0,0.0,0.0,0.0,0.0,2.0,0.0,0.0,0.0,0.0,1.0,0.0,0.0,0.0,0.0,0.0,1.0,0.0,1.0,6.0,4.0,3519629670.0,12036371.0,南平市建阳区,南平市建阳区黄坑镇,18.0,20.8,0.0,3.9,42.699999999999996,45.1125,37.57535211267606,44.672332730560576
福建省,南平市,建阳区,水吉镇,118.3427799,27.4186811,3.0,14.0,11.0,2.0,38.0,18.0,0.0,0.0,0.0,0.0,1.0,0.0,0.0,0.0,0.0,0.0,0.0,0.0,0.0,0.0,11.0,0.0,2.0,0.0,0.0,1.0,4.0,0.0,0.0,2.0,0.0,0.0,0.0,2.0,13.0,8.0,1.0,7.0,1.0,0.0,20.0,13.0,0.0,0.0,0.0,0.0,0.0,0.0,0.0,0.0,0.0,0.0,0.0,0.0,0.0,0.0,4.0,0.0,0.0,0.0,0.0,1.0,0.0,0.0,0.0,2.0,0.0,0.0,0.0,1.0,9.0,6.0,3707509155.0,-1.0,南平市建阳区,南平市建阳区水吉镇,8.0,26.0,0.0,4.8,38.8,45.1125,37.57535211267606,44.672332730560576
福建省,南平市,建阳区,漳墩镇,118.4606874,27.4760466,7.0,8.0,0.0,1.0,17.0,3.0,0.0,0.0,0.0,0.0,0.0,0.0,0.0,0.0,0.0,0.0,0.0,0.0,0.0,0.0,2.0,0.0,0.0,0.0,0.0,1.0,4.0,0.0,0.0,0.0,0.0,0.0,0.0,2.0,7.0,3.0,0.0,3.0,0.0,0.0,16.0,0.0,0.0,0.0,0.0,0.0,0.0,0.0,0.0,0.0,0.0,0.0,0.0,0.0,0.0,0.0,1.0,0.0,0.0,0.0,0.0,1.0,0.0,0.0,0.0,0.0,0.0,0.0,0.0,2.0,3.0,2.0,8240996023.0,-1.0,南平市建阳区,南平市建阳区漳墩镇,8.0,17.7,0.0,1.9,27.599999999999998,45.1125,37.57535211267606,44.672332730560576
福建省,南平市,建阳区,小湖镇,118.2677567,27.3311053,4.0,3.0,3.0,0.0,20.0,1.0,0.0,0.0,0.0,0.0,1.0,0.0,0.0,0.0,0.0,0.0,0.0,0.0,0.0,0.0,9.0,0.0,1.0,1.0,0.0,1.0,1.0,0.0,0.0,0.0,0.0,0.0,0.0,1.0,6.0,6.0,2.0,3.0,3.0,0.0,9.0,1.0,0.0,0.0,0.0,0.0,1.0,0.0,0.0,0.0,0.0,0.0,0.0,0.0,0.0,0.0,2.0,0.0,1.0,1.0,0.0,1.0,1.0,0.0,0.0,0.0,0.0,0.0,0.0,1.0,6.0,6.0,3707509534.0,-1.0,南平市建阳区,南平市建阳区小湖镇,8.0,16.7,0.0,3.2,27.9,45.1125,37.57535211267606,44.672332730560576
福建省,南平市,建阳区,崇雒乡,118.1824661,27.4873091,0.0,0.0,6.0,7.0,6.0,0.0,0.0,0.0,0.0,0.0,0.0,0.0,0.0,0.0,0.0,0.0,0.0,0.0,0.0,0.0,4.0,0.0,1.0,0.0,0.0,2.0,0.0,0.0,0.0,0.0,0.0,0.0,0.0,2.0,5.0,4.0,0.0,0.0,2.0,3.0,6.0,0.0,0.0,0.0,0.0,0.0,0.0,0.0,0.0,0.0,0.0,0.0,0.0,0.0,0.0,0.0,3.0,0.0,0.0,0.0,0.0,1.0,0.0,0.0,0.0,0.0,0.0,0.0,0.0,1.0,4.0,2.0,8240996025.0,-1.0,南平市建阳区,南平市建阳区崇雒乡,9.0,15.5,0.0,2.0,26.5,45.1125,37.57535211267606,44.672332730560576
福建省,南平市,建阳区,书坊乡,117.827039,27.309872,0.0,0.0,2.0,4.0,24.0,0.0,0.0,0.0,0.0,0.0,0.0,0.0,0.0,0.0,0.0,0.0,0.0,0.0,0.0,0.0,6.0,0.0,2.0,0.0,0.0,1.0,0.0,0.0,0.0,0.0,0.0,0.0,0.0,1.0,5.0,3.0,0.0,0.0,2.0,3.0,16.0,0.0,0.0,0.0,0.0,0.0,0.0,0.0,0.0,0.0,0.0,0.0,0.0,0.0,0.0,0.0,6.0,0.0,2.0,0.0,0.0,1.0,0.0,0.0,0.0,0.0,0.0,0.0,0.0,1.0,5.0,3.0,8240996027.0,-1.0,南平市建阳区,南平市建阳区书坊乡,8.0,21.1,0.0,1.5,30.6,45.1125,37.57535211267606,44.672332730560576
福建省,南平市,建阳区,回龙乡,118.403926,27.480632,15.0,0.0,0.0,10.0,16.0,3.0,0.0,0.0,0.0,0.0,0.0,0.0,0.0,0.0,0.0,0.0,0.0,0.0,0.0,0.0,6.0,0.0,0.0,0.0,0.0,1.0,6.0,0.0,0.0,0.0,0.0,0.0,0.0,2.0,7.0,6.0,8.0,0.0,0.0,10.0,16.0,0.0,0.0,0.0,0.0,0.0,0.0,0.0,0.0,0.0,0.0,0.0,0.0,0.0,0.0,0.0,2.0,0.0,0.0,0.0,0.0,1.0,1.0,0.0,0.0,0.0,0.0,0.0,0.0,2.0,5.0,3.0,8240996024.0,-1.0,南平市建阳区,南平市建阳区回龙乡,8.0,21.5,0.0,3.7,33.2,45.1125,37.57535211267606,44.672332730560576
福建省,南平市,顺昌县,双溪街道,117.8206563,26.7897179,20.0,6.0,4.0,33.0,49.0,7.0,0.0,17.0,2.0,1.0,0.0,1.0,0.0,0.0,0.0,0.0,0.0,0.0,0.0,0.0,10.0,0.0,3.0,0.0,0.0,2.0,10.0,0.0,0.0,1.0,0.0,7.0,1.0,7.0,16.0,7.0,4.0,1.0,2.0,5.0,6.0,2.0,0.0,4.0,0.0,0.0,0.0,0.0,0.0,0.0,0.0,0.0,0.0,0.0,0.0,0.0,0.0,0.0,0.0,0.0,0.0,1.0,0.0,0.0,0.0,0.0,0.0,2.0,0.0,2.0,7.0,4.0,8244165755.0,-1.0,南平市顺昌县,南平市顺昌县双溪街道,9.0,28.0,5.0,4.6,46.6,32.175000000000004,37.57535211267606,44.672332730560576
福建省,南平市,顺昌县,建西镇,117.951321,26.814722,10.0,8.0,0.0,0.0,9.0,0.0,0.0,0.0,0.0,0.0,0.0,0.0,0.0,0.0,0.0,0.0,0.0,0.0,0.0,0.0,5.0,0.0,3.0,0.0,0.0,4.0,0.0,0.0,0.0,0.0,0.0,0.0,0.0,5.0,4.0,5.0,4.0,5.0,0.0,0.0,6.0,0.0,0.0,0.0,0.0,0.0,0.0,0.0,0.0,0.0,0.0,0.0,0.0,0.0,0.0,0.0,3.0,0.0,0.0,0.0,0.0,2.0,0.0,0.0,0.0,0.0,0.0,0.0,0.0,1.0,4.0,2.0,2479346734.0,-1.0,南平市顺昌县,南平市顺昌县建西镇,11.0,10.6,0.0,2.5,24.1,32.175000000000004,37.57535211267606,44.672332730560576
福建省,南平市,顺昌县,洋口镇,117.899596,26.800602,4.0,6.0,0.0,3.0,30.0,0.0,0.0,0.0,0.0,0.0,0.0,0.0,0.0,0.0,0.0,0.0,0.0,0.0,0.0,0.0,2.0,0.0,3.0,0.0,0.0,1.0,1.0,0.0,0.0,0.0,0.0,0.0,0.0,7.0,6.0,6.0,1.0,2.0,0.0,3.0,14.0,0.0,0.0,0.0,0.0,0.0,0.0,0.0,0.0,0.0,0.0,0.0,0.0,0.0,0.0,0.0,1.0,0.0,0.0,0.0,0.0,1.0,1.0,0.0,0.0,0.0,0.0,0.0,0.0,3.0,5.0,4.0,2479346807.0,-1.0,南平市顺昌县,南平市顺昌县洋口镇,8.0,21.2,0.0,3.2,32.4,32.175000000000004,37.57535211267606,44.672332730560576
福建省,南平市,顺昌县,元坑镇,117.7117217,26.7601252,0.0,0.0,3.0,1.0,15.0,1.0,0.0,3.0,0.0,0.0,0.0,0.0,0.0,0.0,0.0,0.0,0.0,0.0,0.0,0.0,5.0,0.0,2.0,0.0,0.0,5.0,0.0,0.0,0.0,0.0,0.0,0.0,0.0,2.0,8.0,8.0,0.0,0.0,1.0,1.0,13.0,1.0,0.0,3.0,0.0,0.0,0.0,0.0,0.0,0.0,0.0,0.0,0.0,0.0,0.0,0.0,2.0,0.0,1.0,0.0,0.0,3.0,0.0,0.0,0.0,0.0,0.0,0.0,0.0,1.0,6.0,6.0,2479346811.0,-1.0,南平市顺昌县,南平市顺昌县元坑镇,12.0,16.9,0.0,4.0,32.9,32.175000000000004,37.57535211267606,44.672332730560576
福建省,南平市,顺昌县,埔上镇,117.7701083,26.9329744,3.0,0.0,10.0,6.0,5.0,0.0,0.0,1.0,0.0,0.0,0.0,0.0,0.0,0.0,0.0,0.0,0.0,0.0,0.0,0.0,11.0,0.0,5.0,0.0,0.0,1.0,0.0,0.0,0.0,0.0,0.0,5.0,0.0,4.0,8.0,7.0,2.0,0.0,2.0,0.0,0.0,0.0,0.0,1.0,0.0,0.0,0.0,0.0,0.0,0.0,0.0,0.0,0.0,0.0,0.0,0.0,6.0,0.0,1.0,0.0,0.0,1.0,0.0,0.0,0.0,0.0,0.0,1.0,0.0,3.0,3.0,6.0,4577025650.0,-1.0,南平市顺昌县,南平市顺昌县埔上镇,8.0,15.0,0.0,3.5,26.5,32.175000000000004,37.57535211267606,44.672332730560576
福建省,南平市,顺昌县,大历镇,118.0050826,26.8874278,1.0,0.0,5.0,0.0,29.0,0.0,0.0,0.0,0.0,0.0,0.0,0.0,0.0,0.0,0.0,0.0,0.0,0.0,0.0,0.0,4.0,0.0,1.0,0.0,0.0,5.0,0.0,0.0,0.0,0.0,0.0,0.0,0.0,1.0,5.0,4.0,1.0,0.0,4.0,0.0,15.0,0.0,0.0,0.0,0.0,0.0,0.0,0.0,0.0,0.0,0.0,0.0,0.0,0.0,0.0,0.0,2.0,0.0,1.0,0.0,0.0,1.0,0.0,0.0,0.0,0.0,0.0,0.0,0.0,1.0,5.0,4.0,2479346714.0,-1.0,南平市顺昌县,南平市顺昌县大历镇,12.0,17.8,0.0,2.0,31.8,32.175000000000004,37.57535211267606,44.672332730560576
福建省,南平市,顺昌县,大干镇,117.732809,26.931598,2.0,0.0,6.0,2.0,7.0,1.0,0.0,0.0,0.0,0.0,0.0,0.0,0.0,0.0,0.0,0.0,0.0,0.0,0.0,0.0,11.0,0.0,3.0,0.0,0.0,3.0,1.0,0.0,0.0,0.0,0.0,8.0,1.0,6.0,11.0,9.0,1.0,0.0,3.0,0.0,6.0,1.0,0.0,0.0,0.0,0.0,0.0,0.0,0.0,0.0,0.0,0.0,0.0,0.0,0.0,0.0,6.0,0.0,0.0,0.0,0.0,1.0,1.0,0.0,0.0,0.0,0.0,8.0,1.0,4.0,9.0,7.0,4577025646.0,-1.0,南平市顺昌县,南平市顺昌县大干镇,10.0,14.2,0.0,4.2,28.4,32.175000000000004,37.57535211267606,44.672332730560576
福建省,南平市,顺昌县,仁寿镇,117.896074,27.091691,0.0,0.0,3.0,0.0,14.0,0.0,0.0,0.0,0.0,0.0,0.0,0.0,0.0,0.0,1.0,1.0,0.0,0.0,0.0,0.0,6.0,0.0,1.0,0.0,0.0,3.0,0.0,0.0,0.0,0.0,0.0,0.0,0.0,2.0,4.0,4.0,0.0,0.0,3.0,0.0,14.0,0.0,0.0,0.0,0.0,0.0,0.0,0.0,0.0,0.0,1.0,1.0,0.0,0.0,0.0,0.0,4.0,0.0,0.0,0.0,0.0,1.0,0.0,0.0,0.0,0.0,0.0,0.0,0.0,1.0,3.0,2.0,4577025651.0,-1.0,南平市顺昌县,南平市顺昌县仁寿镇,10.0,14.0,5.0,2.0,31.0,32.175000000000004,37.57535211267606,44.672332730560576
福建省,南平市,顺昌县,郑坊镇,117.7073054,26.7137798,0.0,0.0,4.0,0.0,36.0,1.0,0.0,0.0,0.0,0.0,0.0,0.0,0.0,0.0,0.0,0.0,0.0,0.0,0.0,0.0,13.0,0.0,4.0,0.0,0.0,6.0,2.0,0.0,0.0,0.0,0.0,0.0,0.0,2.0,6.0,5.0,0.0,0.0,2.0,0.0,24.0,0.0,0.0,0.0,0.0,0.0,0.0,0.0,0.0,0.0,0.0,0.0,0.0,0.0,0.0,0.0,5.0,0.0,1.0,0.0,0.0,3.0,2.0,0.0,0.0,0.0,0.0,0.0,0.0,1.0,5.0,5.0,2479346817.0,-1.0,南平市顺昌县,南平市顺昌县郑坊镇,12.0,22.4,0.0,2.9,37.3,32.175000000000004,37.57535211267606,44.672332730560576
福建省,南平市,顺昌县,洋墩乡,117.874398,27.025225,0.0,0.0,8.0,3.0,4.0,0.0,0.0,0.0,0.0,0.0,1.0,0.0,0.0,0.0,0.0,0.0,0.0,0.0,0.0,0.0,7.0,0.0,2.0,0.0,0.0,1.0,7.0,0.0,0.0,0.0,0.0,0.0,0.0,3.0,4.0,4.0,0.0,0.0,7.0,1.0,3.0,0.0,0.0,0.0,0.0,0.0,1.0,0.0,0.0,0.0,0.0,0.0,0.0,0.0,0.0,0.0,2.0,0.0,0.0,0.0,0.0,1.0,0.0,0.0,0.0,0.0,0.0,0.0,0.0,2.0,4.0,3.0,4577025655.0,-1.0,南平市顺昌县,南平市顺昌县洋墩乡,8.0,13.7,0.0,2.7,24.4,32.175000000000004,37.57535211267606,44.672332730560576
福建省,南平市,顺昌县,岚下乡,117.9865692,26.9621242,0.0,0.0,6.0,9.0,17.0,0.0,0.0,3.0,0.0,0.0,0.0,0.0,0.0,0.0,0.0,0.0,0.0,0.0,0.0,0.0,5.0,0.0,1.0,0.0,0.0,4.0,0.0,0.0,0.0,0.0,0.0,0.0,0.0,1.0,6.0,4.0,0.0,0.0,2.0,7.0,4.0,0.0,0.0,3.0,0.0,0.0,0.0,0.0,0.0,0.0,0.0,0.0,0.0,0.0,0.0,0.0,2.0,0.0,0.0,0.0,0.0,1.0,0.0,0.0,0.0,0.0,0.0,0.0,0.0,1.0,6.0,3.0,4253283805.0,-1.0,南平市顺昌县,南平市顺昌县岚下乡,11.0,17.6,0.0,2.0,30.6,32.175000000000004,37.57535211267606,44.672332730560576
福建省,南平市,顺昌县,高阳乡,118.1412277,26.910249,11.0,0.0,0.0,5.0,24.0,0.0,0.0,0.0,0.0,0.0,0.0,0.0,0.0,0.0,0.0,0.0,0.0,0.0,0.0,0.0,7.0,0.0,0.0,0.0,0.0,5.0,0.0,0.0,0.0,0.0,0.0,0.0,0.0,2.0,5.0,2.0,3.0,0.0,0.0,1.0,6.0,0.0,0.0,0.0,0.0,0.0,0.0,0.0,0.0,0.0,0.0,0.0,0.0,0.0,0.0,0.0,3.0,0.0,0.0,0.0,0.0,1.0,0.0,0.0,0.0,0.0,0.0,0.0,0.0,2.0,4.0,2.0,4577047153.0,12041633.0,南平市顺昌县,南平市顺昌县高阳乡,20.0,19.1,0.0,1.0,40.1,32.175000000000004,37.57535211267606,44.672332730560576
福建省,南平市,浦城县,南浦街道,118.5338221,27.9215163,16.0,0.0,33.0,33.0,53.0,9.0,0.0,29.0,1.0,0.0,2.0,1.0,1.0,1.0,9.0,9.0,0.0,0.0,0.0,2.0,44.0,0.0,3.0,0.0,0.0,5.0,18.0,0.0,0.0,2.0,1.0,16.0,2.0,7.0,16.0,13.0,0.0,0.0,17.0,14.0,18.0,1.0,0.0,20.0,0.0,0.0,0.0,1.0,1.0,1.0,8.0,8.0,0.0,0.0,0.0,2.0,28.0,0.0,0.0,0.0,0.0,3.0,10.0,0.0,0.0,1.0,1.0,9.0,1.0,3.0,10.0,9.0,8235238654.0,12029042.0,南平市浦城县,南平市浦城县南浦街道,20.0,28.0,17.0,7.1,72.1,37.06315789473685,37.57535211267606,44.672332730560576
福建省,南平市,浦城县,河滨街道,118.5296487,27.9175251,14.0,0.0,33.0,33.0,53.0,11.0,0.0,29.0,1.0,0.0,3.0,1.0,1.0,1.0,9.0,9.0,0.0,0.0,0.0,2.0,45.0,0.0,3.0,0.0,0.0,5.0,19.0,0.0,0.0,2.0,1.0,17.0,2.0,7.0,16.0,13.0,0.0,0.0,12.0,14.0,17.0,1.0,0.0,0.0,0.0,0.0,0.0,1.0,1.0,1.0,7.0,7.0,0.0,0.0,0.0,0.0,18.0,0.0,0.0,0.0,0.0,3.0,1.0,0.0,0.0,0.0,0.0,3.0,0.0,3.0,7.0,8.0,8235254740.0,12029043.0,南平市浦城县,南平市浦城县河滨街道,20.0,28.0,15.0,6.2,69.2,37.06315789473685,37.57535211267606,44.672332730560576
福建省,南平市,浦城县,富岭镇,118.6418852,27.8956389,5.0,0.0,0.0,8.0,19.0,0.0,0.0,3.0,0.0,0.0,0.0,0.0,0.0,0.0,0.0,0.0,0.0,0.0,0.0,0.0,15.0,0.0,0.0,0.0,0.0,3.0,55.0,0.0,0.0,0.0,0.0,1.0,0.0,2.0,7.0,9.0,3.0,0.0,0.0,4.0,10.0,0.0,0.0,0.0,0.0,0.0,0.0,0.0,0.0,0.0,0.0,0.0,0.0,0.0,0.0,0.0,2.0,0.0,0.0,0.0,0.0,1.0,0.0,0.0,0.0,0.0,0.0,0.0,0.0,1.0,3.0,2.0,2507459772.0,-1.0,南平市浦城县,南平市浦城县富岭镇,10.0,20.3,0.0,9.5,39.8,37.06315789473685,37.57535211267606,44.672332730560576
福建省,南平市,浦城县,石陂镇,118.3650637,27.7006654,5.0,0.0,0.0,0.0,21.0,0.0,0.0,0.0,0.0,0.0,0.0,0.0,0.0,0.0,0.0,0.0,0.0,0.0,0.0,0.0,11.0,0.0,1.0,0.0,0.0,4.0,0.0,0.0,0.0,0.0,0.0,0.0,0.0,2.0,6.0,3.0,1.0,0.0,0.0,0.0,21.0,0.0,0.0,0.0,0.0,0.0,0.0,0.0,0.0,0.0,0.0,0.0,0.0,0.0,0.0,0.0,6.0,0.0,0.0,0.0,0.0,1.0,0.0,0.0,0.0,0.0,0.0,0.0,0.0,2.0,4.0,2.0,3707457459.0,-1.0,南平市浦城县,南平市浦城县石陂镇,11.0,18.5,0.0,1.5,31.0,37.06315789473685,37.57535211267606,44.672332730560576
福建省,南平市,浦城县,临江镇,118.4547784,27.8183704,3.0,0.0,8.0,6.0,27.0,2.0,0.0,2.0,0.0,0.0,0.0,0.0,0.0,0.0,0.0,0.0,0.0,0.0,0.0,0.0,7.0,0.0,4.0,0.0,0.0,3.0,12.0,0.0,0.0,0.0,0.0,0.0,0.0,2.0,11.0,3.0,3.0,0.0,5.0,1.0,17.0,1.0,0.0,2.0,0.0,0.0,0.0,0.0,0.0,0.0,0.0,0.0,0.0,0.0,0.0,0.0,3.0,0.0,0.0,0.0,0.0,1.0,0.0,0.0,0.0,0.0,0.0,0.0,0.0,2.0,11.0,2.0,3707456253.0,-1.0,南平市浦城县,南平市浦城县临江镇,10.0,24.0,0.0,2.7,36.7,37.06315789473685,37.57535211267606,44.672332730560576
福建省,南平市,浦城县,仙阳镇,118.5191199,28.0467322,3.0,0.0,10.0,7.0,20.0,0.0,0.0,0.0,0.0,0.0,1.0,0.0,0.0,0.0,0.0,0.0,0.0,0.0,0.0,0.0,8.0,0.0,1.0,0.0,0.0,3.0,1.0,0.0,0.0,0.0,0.0,5.0,0.0,3.0,7.0,7.0,3.0,0.0,7.0,3.0,17.0,0.0,0.0,0.0,0.0,0.0,1.0,0.0,0.0,0.0,0.0,0.0,0.0,0.0,0.0,0.0,4.0,0.0,1.0,0.0,0.0,1.0,1.0,0.0,0.0,0.0,0.0,4.0,0.0,3.0,7.0,6.0,2507459778.0,-1.0,南平市浦城县,南平市浦城县仙阳镇,10.0,24.6,0.0,3.7,38.300000000000004,37.06315789473685,37.57535211267606,44.672332730560576
福建省,南平市,浦城县,水北街镇,118.5672509,27.695274,2.0,0.0,4.0,7.0,12.0,1.0,0.0,0.0,0.0,0.0,1.0,0.0,0.0,0.0,0.0,0.0,0.0,0.0,0.0,0.0,5.0,0.0,1.0,0.0,0.0,3.0,0.0,0.0,0.0,0.0,0.0,0.0,0.0,2.0,6.0,4.0,0.0,0.0,1.0,7.0,9.0,0.0,0.0,0.0,0.0,0.0,0.0,0.0,0.0,0.0,0.0,0.0,0.0,0.0,0.0,0.0,3.0,0.0,0.0,0.0,0.0,1.0,0.0,0.0,0.0,0.0,0.0,0.0,0.0,1.0,4.0,3.0,8235255186.0,-1.0,南平市浦城县,南平市浦城县水北街镇,10.0,20.1,0.0,2.0,32.1,37.06315789473685,37.57535211267606,44.672332730560576
福建省,南平市,浦城县,永兴镇,118.3716312,27.9289481,0.0,0.0,11.0,10.0,9.0,2.0,0.0,0.0,0.0,0.0,0.0,0.0,0.0,0.0,0.0,0.0,0.0,0.0,0.0,0.0,5.0,0.0,13.0,0.0,0.0,2.0,0.0,0.0,0.0,0.0,0.0,0.0,0.0,1.0,5.0,6.0,0.0,0.0,3.0,5.0,1.0,1.0,0.0,0.0,0.0,0.0,0.0,0.0,0.0,0.0,0.0,0.0,0.0,0.0,0.0,0.0,2.0,0.0,0.0,0.0,0.0,1.0,0.0,0.0,0.0,0.0,0.0,0.0,0.0,1.0,4.0,3.0,3707457037.0,-1.0,南平市浦城县,南平市浦城县永兴镇,9.0,14.6,0.0,3.0,26.6,37.06315789473685,37.57535211267606,44.672332730560576
福建省,南平市,浦城县,忠信镇,118.5809671,28.1263794,0.0,0.0,1.0,5.0,6.0,0.0,0.0,0.0,0.0,0.0,2.0,0.0,0.0,0.0,0.0,0.0,0.0,0.0,0.0,0.0,1.0,0.0,0.0,0.0,0.0,3.0,2.0,0.0,0.0,1.0,0.0,0.0,0.0,2.0,5.0,3.0,0.0,0.0,1.0,4.0,6.0,0.0,0.0,0.0,0.0,0.0,0.0,0.0,0.0,0.0,0.0,0.0,0.0,0.0,0.0,0.0,1.0,0.0,0.0,0.0,0.0,3.0,0.0,0.0,0.0,1.0,0.0,0.0,0.0,1.0,3.0,3.0,5395128535.0,-1.0,南平市浦城县,南平市浦城县忠信镇,10.0,17.5,0.0,1.9,29.4,37.06315789473685,37.57535211267606,44.672332730560576
福建省,南平市,浦城县,莲塘镇,118.516111,27.923889,12.0,0.0,26.0,31.0,48.0,12.0,0.0,29.0,1.0,0.0,3.0,1.0,1.0,1.0,9.0,9.0,0.0,0.0,0.0,2.0,47.0,0.0,3.0,1.0,0.0,4.0,19.0,0.0,0.0,2.0,1.0,16.0,1.0,6.0,15.0,15.0,2.0,0.0,14.0,11.0,22.0,1.0,0.0,1.0,1.0,0.0,1.0,0.0,0.0,0.0,3.0,3.0,0.0,0.0,0.0,0.0,15.0,0.0,0.0,0.0,0.0,1.0,1.0,0.0,0.0,0.0,0.0,3.0,0.0,3.0,10.0,8.0,2507459775.0,-1.0,南平市浦城县,南平市浦城县莲塘镇,11.0,28.0,10.0,6.2,55.2,37.06315789473685,37.57535211267606,44.672332730560576
福建省,南平市,浦城县,九牧镇,118.4441381,28.1712988,5.0,0.0,2.0,0.0,7.0,0.0,0.0,1.0,0.0,0.0,0.0,0.0,0.0,0.0,1.0,1.0,0.0,0.0,0.0,0.0,0.0,0.0,0.0,0.0,0.0,2.0,0.0,0.0,0.0,0.0,0.0,0.0,0.0,2.0,6.0,3.0,2.0,0.0,1.0,0.0,3.0,0.0,0.0,0.0,0.0,0.0,0.0,0.0,0.0,0.0,0.0,0.0,0.0,0.0,0.0,0.0,0.0,0.0,0.0,0.0,0.0,1.0,0.0,0.0,0.0,0.0,0.0,0.0,0.0,2.0,4.0,1.0,3145059098.0,-1.0,南平市浦城县,南平市浦城县九牧镇,9.0,10.3,0.0,1.5,20.8,37.06315789473685,37.57535211267606,44.672332730560576
福建省,南平市,浦城县,万安乡,118.553889,27.916667,8.0,0.0,26.0,22.0,30.0,1.0,0.0,27.0,0.0,0.0,1.0,1.0,1.0,1.0,8.0,8.0,0.0,0.0,0.0,2.0,29.0,0.0,3.0,0.0,0.0,4.0,11.0,0.0,0.0,1.0,1.0,14.0,2.0,6.0,15.0,11.0,1.0,0.0,9.0,0.0,3.0,0.0,0.0,6.0,0.0,0.0,1.0,0.0,0.0,0.0,0.0,0.0,0.0,0.0,0.0,0.0,0.0,0.0,2.0,0.0,0.0,1.0,1.0,0.0,0.0,0.0,0.0,1.0,1.0,4.0,5.0,8.0,2507459776.0,12029041.0,南平市浦城县,南平市浦城县万安乡,19.0,22.9,5.0,5.3,52.199999999999996,37.06315789473685,37.57535211267606,44.672332730560576
福建省,南平市,浦城县,古楼乡,118.337073,28.0425565,0.0,0.0,3.0,3.0,3.0,0.0,0.0,0.0,0.0,0.0,0.0,0.0,0.0,0.0,0.0,0.0,0.0,0.0,0.0,0.0,2.0,0.0,0.0,0.0,0.0,2.0,0.0,0.0,0.0,0.0,0.0,0.0,0.0,1.0,3.0,6.0,0.0,0.0,3.0,3.0,3.0,0.0,0.0,0.0,0.0,0.0,0.0,0.0,0.0,0.0,0.0,0.0,0.0,0.0,0.0,0.0,2.0,0.0,0.0,0.0,0.0,1.0,0.0,0.0,0.0,0.0,0.0,0.0,0.0,1.0,3.0,4.0,8235255183.0,-1.0,南平市浦城县,南平市浦城县古楼乡,9.0,11.0,0.0,3.0,23.0,37.06315789473685,37.57535211267606,44.672332730560576
福建省,南平市,浦城县,山下乡,118.3023318,27.7973542,0.0,0.0,8.0,8.0,13.0,1.0,0.0,0.0,0.0,0.0,0.0,0.0,0.0,0.0,0.0,0.0,0.0,0.0,0.0,0.0,5.0,0.0,0.0,0.0,0.0,4.0,0.0,0.0,0.0,0.0,0.0,0.0,0.0,1.0,5.0,3.0,0.0,0.0,1.0,6.0,9.0,0.0,0.0,0.0,0.0,0.0,0.0,0.0,0.0,0.0,0.0,0.0,0.0,0.0,0.0,0.0,4.0,0.0,0.0,0.0,0.0,1.0,0.0,0.0,0.0,0.0,0.0,0.0,0.0,1.0,4.0,3.0,8235255185.0,-1.0,南平市浦城县,南平市浦城县山下乡,11.0,17.8,0.0,1.5,30.3,37.06315789473685,37.57535211267606,44.672332730560576
福建省,南平市,浦城县,枫溪乡,118.2524908,27.8255435,0.0,0.0,5.0,4.0,7.0,1.0,0.0,0.0,0.0,0.0,0.0,0.0,0.0,0.0,0.0,0.0,0.0,0.0,0.0,0.0,2.0,0.0,2.0,0.0,0.0,1.0,0.0,0.0,0.0,0.0,0.0,0.0,0.0,1.0,5.0,3.0,0.0,0.0,3.0,2.0,5.0,0.0,0.0,0.0,0.0,0.0,0.0,0.0,0.0,0.0,0.0,0.0,0.0,0.0,0.0,0.0,2.0,0.0,0.0,0.0,0.0,1.0,0.0,0.0,0.0,0.0,0.0,0.0,0.0,1.0,4.0,1.0,8235255184.0,-1.0,南平市浦城县,南平市浦城县枫溪乡,8.0,14.4,0.0,1.5,23.9,37.06315789473685,37.57535211267606,44.672332730560576
福建省,南平市,浦城县,濠村乡,118.4691229,27.590438,0.0,0.0,3.0,1.0,17.0,1.0,0.0,1.0,0.0,0.0,0.0,0.0,0.0,0.0,0.0,0.0,0.0,0.0,0.0,0.0,7.0,0.0,0.0,0.0,0.0,2.0,0.0,0.0,0.0,0.0,0.0,0.0,0.0,1.0,7.0,2.0,0.0,0.0,1.0,1.0,7.0,1.0,0.0,1.0,0.0,0.0,0.0,0.0,0.0,0.0,0.0,0.0,0.0,0.0,0.0,0.0,4.0,0.0,0.0,0.0,0.0,1.0,0.0,0.0,0.0,0.0,0.0,0.0,0.0,1.0,6.0,2.0,8235255187.0,-1.0,南平市浦城县,南平市浦城县濠村乡,9.0,15.0,0.0,1.0,25.0,37.06315789473685,37.57535211267606,44.672332730560576
福建省,南平市,浦城县,管厝乡,118.6297461,28.0355054,0.0,0.0,5.0,4.0,16.0,0.0,0.0,0.0,0.0,0.0,0.0,0.0,0.0,0.0,0.0,0.0,0.0,0.0,0.0,0.0,1.0,0.0,0.0,0.0,0.0,4.0,0.0,0.0,0.0,0.0,0.0,0.0,0.0,1.0,6.0,3.0,0.0,0.0,2.0,0.0,6.0,0.0,0.0,0.0,0.0,0.0,0.0,0.0,0.0,0.0,0.0,0.0,0.0,0.0,0.0,0.0,1.0,0.0,0.0,0.0,0.0,2.0,0.0,0.0,0.0,0.0,0.0,0.0,0.0,1.0,3.0,3.0,5432527592.0,-1.0,南平市浦城县,南平市浦城县管厝乡,11.0,17.0,0.0,1.5,29.5,37.06315789473685,37.57535211267606,44.672332730560576
福建省,南平市,浦城县,盘亭乡,118.4267438,28.2437068,8.0,0.0,0.0,0.0,20.0,8.0,0.0,13.0,0.0,0.0,2.0,0.0,0.0,0.0,2.0,2.0,0.0,0.0,0.0,0.0,5.0,0.0,0.0,0.0,0.0,9.0,2.0,0.0,0.0,1.0,0.0,0.0,0.0,8.0,7.0,5.0,1.0,0.0,0.0,0.0,9.0,3.0,0.0,8.0,0.0,0.0,0.0,0.0,0.0,0.0,2.0,2.0,0.0,0.0,0.0,0.0,0.0,0.0,0.0,0.0,0.0,3.0,0.0,0.0,0.0,0.0,0.0,0.0,0.0,2.0,6.0,1.0,3145059100.0,-1.0,南平市浦城县,南平市浦城县盘亭乡,12.0,17.2,5.0,2.8,37.0,37.06315789473685,37.57535211267606,44.672332730560576
福建省,南平市,浦城县,官路乡,118.525714,28.209643,0.0,0.0,4.0,4.0,20.0,13.0,0.0,1.0,0.0,0.0,0.0,0.0,0.0,0.0,0.0,0.0,0.0,0.0,0.0,0.0,0.0,0.0,0.0,0.0,0.0,1.0,20.0,0.0,0.0,0.0,0.0,2.0,0.0,2.0,9.0,3.0,0.0,0.0,3.0,4.0,8.0,1.0,0.0,0.0,0.0,0.0,0.0,0.0,0.0,0.0,0.0,0.0,0.0,0.0,0.0,0.0,0.0,0.0,0.0,0.0,0.0,1.0,12.0,0.0,0.0,0.0,0.0,2.0,0.0,2.0,7.0,2.0,8235255182.0,-1.0,南平市浦城县,南平市浦城县官路乡,8.0,19.4,0.0,4.7,32.1,37.06315789473685,37.57535211267606,44.672332730560576
福建省,南平市,光泽县,杭川镇,117.3365122,27.5479639,11.0,0.0,50.0,39.0,114.0,11.0,0.0,97.0,2.0,6.0,5.0,19.0,1.0,2.0,14.0,19.0,1.0,0.0,5.0,7.0,50.0,0.0,9.0,1.0,0.0,2.0,58.0,0.0,0.0,2.0,0.0,47.0,11.0,6.0,18.0,12.0,2.0,0.0,31.0,3.0,56.0,6.0,0.0,72.0,1.0,4.0,1.0,10.0,0.0,1.0,8.0,11.0,1.0,0.0,5.0,4.0,17.0,0.0,1.0,0.0,0.0,2.0,36.0,0.0,0.0,0.0,0.0,28.0,5.0,3.0,14.0,9.0,2651986575.0,12025050.0,南平市光泽县,南平市光泽县杭川镇,17.0,30.0,21.0,13.600000000000001,81.6,32.0875,37.57535211267606,44.672332730560576
福建省,南平市,光泽县,寨里镇,117.4105615,27.6965015,0.0,0.0,3.0,0.0,4.0,0.0,0.0,1.0,0.0,0.0,0.0,0.0,0.0,0.0,0.0,0.0,0.0,0.0,0.0,0.0,2.0,0.0,0.0,0.0,0.0,1.0,0.0,0.0,0.0,2.0,0.0,1.0,0.0,1.0,5.0,4.0,0.0,0.0,1.0,0.0,0.0,0.0,0.0,1.0,0.0,0.0,0.0,0.0,0.0,0.0,0.0,0.0,0.0,0.0,0.0,0.0,1.0,0.0,0.0,0.0,0.0,1.0,0.0,0.0,0.0,2.0,0.0,1.0,0.0,1.0,3.0,4.0,2651986570.0,-1.0,南平市光泽县,南平市光泽县寨里镇,8.0,8.3,0.0,2.4,18.7,32.0875,37.57535211267606,44.672332730560576
福建省,南平市,光泽县,止马镇,117.166234,27.4751388,2.0,0.0,2.0,1.0,2.0,0.0,0.0,0.0,0.0,0.0,0.0,0.0,0.0,0.0,0.0,0.0,0.0,0.0,0.0,0.0,4.0,0.0,9.0,0.0,0.0,1.0,0.0,0.0,0.0,0.0,0.0,0.0,0.0,1.0,4.0,4.0,1.0,0.0,0.0,0.0,2.0,0.0,0.0,0.0,0.0,0.0,0.0,0.0,0.0,0.0,0.0,0.0,0.0,0.0,0.0,0.0,2.0,0.0,0.0,0.0,0.0,1.0,0.0,0.0,0.0,0.0,0.0,0.0,0.0,1.0,2.0,3.0,2651986576.0,-1.0,南平市光泽县,南平市光泽县止马镇,8.0,9.0,0.0,2.0,19.0,32.0875,37.57535211267606,44.672332730560576
福建省,南平市,光泽县,鸾凤乡,117.366493,27.5285076,17.0,2.0,5.0,4.0,8.0,4.0,0.0,33.0,0.0,0.0,1.0,0.0,0.0,0.0,0.0,0.0,0.0,0.0,0.0,1.0,7.0,1.0,6.0,0.0,0.0,1.0,8.0,0.0,0.0,5.0,0.0,3.0,6.0,7.0,16.0,11.0,7.0,2.0,0.0,0.0,2.0,0.0,0.0,5.0,0.0,0.0,0.0,0.0,0.0,0.0,0.0,0.0,0.0,0.0,0.0,0.0,0.0,1.0,1.0,0.0,0.0,1.0,0.0,0.0,0.0,2.0,0.0,1.0,0.0,3.0,5.0,8.0,2651987962.0,-1.0,南平市光泽县,南平市光泽县鸾凤乡,8.0,17.2,0.0,5.5,30.7,32.0875,37.57535211267606,44.672332730560576
福建省,南平市,光泽县,崇仁乡,117.3406797,27.599724,0.0,0.0,7.0,10.0,13.0,2.0,0.0,0.0,0.0,0.0,0.0,0.0,0.0,0.0,1.0,1.0,0.0,0.0,0.0,0.0,5.0,0.0,17.0,0.0,0.0,3.0,2.0,0.0,0.0,2.0,0.0,2.0,0.0,1.0,6.0,7.0,0.0,0.0,1.0,1.0,6.0,1.0,0.0,0.0,0.0,0.0,0.0,0.0,0.0,0.0,1.0,1.0,0.0,0.0,0.0,0.0,2.0,0.0,2.0,0.0,0.0,1.0,0.0,0.0,0.0,0.0,0.0,2.0,0.0,1.0,5.0,7.0,2651986571.0,-1.0,南平市光泽县,南平市光泽县崇仁乡,10.0,17.4,5.0,3.9,36.3,32.0875,37.57535211267606,44.672332730560576
福建省,南平市,光泽县,李坊乡,117.13551,27.385331,0.0,0.0,1.0,0.0,1.0,0.0,0.0,0.0,0.0,0.0,0.0,0.0,0.0,0.0,0.0,0.0,0.0,0.0,0.0,0.0,2.0,0.0,1.0,0.0,0.0,1.0,0.0,0.0,0.0,0.0,0.0,0.0,0.0,8.0,3.0,2.0,0.0,0.0,1.0,0.0,0.0,0.0,0.0,0.0,0.0,0.0,0.0,0.0,0.0,0.0,0.0,0.0,0.0,0.0,0.0,0.0,1.0,0.0,0.0,0.0,0.0,1.0,0.0,0.0,0.0,0.0,0.0,0.0,0.0,1.0,2.0,1.0,8231822739.0,12025051.0,南平市光泽县,南平市光泽县李坊乡,16.0,6.7,0.0,1.0,23.7,32.0875,37.57535211267606,44.672332730560576
福建省,南平市,光泽县,华桥乡,117.203916,27.5649524,5.0,0.0,0.0,1.0,3.0,0.0,0.0,0.0,1.0,0.0,1.0,0.0,0.0,0.0,0.0,0.0,0.0,0.0,0.0,0.0,4.0,0.0,4.0,0.0,0.0,2.0,0.0,0.0,0.0,0.0,0.0,0.0,0.0,2.0,4.0,6.0,2.0,0.0,0.0,1.0,2.0,0.0,0.0,0.0,1.0,0.0,1.0,0.0,0.0,0.0,0.0,0.0,0.0,0.0,0.0,0.0,2.0,0.0,2.0,0.0,0.0,1.0,0.0,0.0,0.0,0.0,0.0,0.0,0.0,2.0,3.0,4.0,5025470814.0,-1.0,南平市光泽县,南平市光泽县华桥乡,9.0,13.2,0.0,3.0,25.2,32.0875,37.57535211267606,44.672332730560576
福建省,南平市,光泽县,司前乡,117.5244746,27.9086773,0.0,0.0,1.0,8.0,0.0,0.0,0.0,0.0,0.0,0.0,0.0,0.0,0.0,0.0,0.0,0.0,0.0,0.0,0.0,0.0,1.0,0.0,0.0,0.0,0.0,2.0,0.0,0.0,0.0,0.0,0.0,0.0,0.0,1.0,2.0,3.0,0.0,0.0,1.0,4.0,0.0,0.0,0.0,0.0,0.0,0.0,0.0,0.0,0.0,0.0,0.0,0.0,0.0,0.0,0.0,0.0,1.0,0.0,0.0,0.0,0.0,2.0,0.0,0.0,0.0,0.0,0.0,0.0,0.0,1.0,2.0,3.0,2651986565.0,-1.0,南平市光泽县,南平市光泽县司前乡,9.0,11.0,0.0,1.5,21.5,32.0875,37.57535211267606,44.672332730560576
福建省,南平市,松溪县,松源街道,118.776568,27.527299,15.0,0.0,14.0,58.0,45.0,5.0,0.0,7.0,0.0,1.0,1.0,0.0,0.0,0.0,0.0,0.0,0.0,0.0,0.0,2.0,15.0,0.0,2.0,0.0,0.0,3.0,4.0,0.0,0.0,1.0,0.0,5.0,2.0,6.0,13.0,8.0,0.0,0.0,5.0,12.0,34.0,4.0,0.0,2.0,0.0,1.0,0.0,0.0,0.0,0.0,0.0,0.0,0.0,0.0,0.0,2.0,4.0,0.0,0.0,0.0,0.0,2.0,4.0,0.0,0.0,0.0,0.0,4.0,2.0,2.0,8.0,5.0,8238162852.0,-1.0,南平市松溪县,南平市松溪县松源街道,10.0,28.0,2.0,4.9,44.9,34.18888888888889,37.57535211267606,44.672332730560576
福建省,南平市,松溪县,郑墩镇,118.697832,27.495618,0.0,3.0,3.0,1.0,12.0,1.0,0.0,0.0,0.0,0.0,2.0,0.0,0.0,0.0,0.0,0.0,0.0,0.0,0.0,0.0,3.0,0.0,6.0,0.0,0.0,1.0,1.0,0.0,0.0,0.0,0.0,0.0,0.0,2.0,8.0,3.0,0.0,1.0,0.0,1.0,12.0,0.0,0.0,0.0,0.0,0.0,0.0,0.0,0.0,0.0,0.0,0.0,0.0,0.0,0.0,0.0,2.0,0.0,5.0,0.0,0.0,1.0,0.0,0.0,0.0,0.0,0.0,0.0,0.0,2.0,5.0,3.0,8238162853.0,-1.0,南平市松溪县,南平市松溪县郑墩镇,8.0,18.0,0.0,1.6,27.6,34.18888888888889,37.57535211267606,44.672332730560576
福建省,南平市,松溪县,渭田镇,118.7874609,27.7115695,0.0,0.0,5.0,14.0,22.0,1.0,0.0,3.0,0.0,0.0,1.0,0.0,0.0,0.0,0.0,0.0,0.0,0.0,0.0,0.0,12.0,0.0,0.0,0.0,0.0,4.0,0.0,0.0,0.0,0.0,0.0,0.0,0.0,1.0,7.0,3.0,0.0,0.0,2.0,9.0,8.0,1.0,0.0,3.0,0.0,0.0,1.0,0.0,0.0,0.0,0.0,0.0,0.0,0.0,0.0,0.0,4.0,0.0,0.0,0.0,0.0,1.0,0.0,0.0,0.0,0.0,0.0,0.0,0.0,1.0,6.0,3.0,2507459777.0,-1.0,南平市松溪县,南平市松溪县渭田镇,11.0,22.3,0.0,1.5,34.8,34.18888888888889,37.57535211267606,44.672332730560576
福建省,南平市,松溪县,河东乡,118.790833,27.525833,13.0,0.0,6.0,52.0,45.0,5.0,0.0,7.0,0.0,1.0,1.0,0.0,0.0,0.0,0.0,0.0,0.0,0.0,0.0,2.0,17.0,0.0,0.0,0.0,0.0,3.0,4.0,0.0,0.0,1.0,0.0,5.0,2.0,6.0,12.0,7.0,0.0,0.0,0.0,4.0,10.0,0.0,0.0,2.0,0.0,0.0,0.0,0.0,0.0,0.0,0.0,0.0,0.0,0.0,0.0,0.0,6.0,0.0,0.0,0.0,0.0,2.0,0.0,0.0,0.0,0.0,0.0,0.0,0.0,3.0,7.0,3.0,8238162851.0,-1.0,南平市松溪县,南平市松溪县河东乡,10.0,28.0,0.0,4.0,42.0,34.18888888888889,37.57535211267606,44.672332730560576
福建省,南平市,松溪县,茶平乡,118.8135936,27.4797199,2.0,0.0,0.0,7.0,31.0,0.0,0.0,0.0,1.0,0.0,0.0,0.0,0.0,0.0,0.0,0.0,0.0,0.0,0.0,0.0,14.0,0.0,0.0,0.0,0.0,2.0,0.0,0.0,0.0,0.0,0.0,0.0,0.0,3.0,5.0,3.0,2.0,0.0,0.0,3.0,17.0,0.0,0.0,0.0,0.0,0.0,0.0,0.0,0.0,0.0,0.0,0.0,0.0,0.0,0.0,0.0,4.0,0.0,0.0,0.0,0.0,1.0,0.0,0.0,0.0,0.0,0.0,0.0,0.0,3.0,5.0,3.0,8238162854.0,-1.0,南平市松溪县,南平市松溪县茶平乡,9.0,24.5,0.0,1.5,35.0,34.18888888888889,37.57535211267606,44.672332730560576
福建省,南平市,松溪县,旧县乡,118.8560431,27.6053856,0.0,0.0,0.0,15.0,17.0,0.0,0.0,0.0,0.0,0.0,0.0,0.0,0.0,0.0,0.0,0.0,0.0,0.0,0.0,0.0,5.0,0.0,0.0,0.0,0.0,1.0,2.0,0.0,0.0,2.0,0.0,0.0,0.0,3.0,7.0,4.0,0.0,0.0,0.0,7.0,5.0,0.0,0.0,0.0,0.0,0.0,0.0,0.0,0.0,0.0,0.0,0.0,0.0,0.0,0.0,0.0,1.0,0.0,0.0,0.0,0.0,1.0,1.0,0.0,0.0,2.0,0.0,0.0,0.0,1.0,2.0,3.0,2507459774.0,-1.0,南平市松溪县,南平市松溪县旧县乡,8.0,13.4,0.0,2.7,24.099999999999998,34.18888888888889,37.57535211267606,44.672332730560576
福建省,南平市,松溪县,溪东乡,118.7778552,27.7512037,0.0,0.0,8.0,0.0,27.0,1.0,0.0,0.0,0.0,0.0,0.0,0.0,0.0,0.0,0.0,0.0,0.0,0.0,0.0,0.0,4.0,0.0,1.0,0.0,0.0,4.0,0.0,0.0,0.0,0.0,0.0,0.0,0.0,1.0,5.0,5.0,0.0,0.0,3.0,0.0,25.0,1.0,0.0,0.0,0.0,0.0,0.0,0.0,0.0,0.0,0.0,0.0,0.0,0.0,0.0,0.0,2.0,0.0,0.0,0.0,0.0,1.0,0.0,0.0,0.0,0.0,0.0,0.0,0.0,1.0,5.0,4.0,2507459779.0,-1.0,南平市松溪县,南平市松溪县溪东乡,11.0,20.4,0.0,2.5,33.9,34.18888888888889,37.57535211267606,44.672332730560576
福建省,南平市,松溪县,花桥乡,118.716682,27.594869,3.0,0.0,0.0,9.0,16.0,0.0,0.0,3.0,0.0,0.0,0.0,0.0,0.0,0.0,0.0,0.0,0.0,0.0,0.0,0.0,2.0,0.0,1.0,0.0,0.0,2.0,0.0,0.0,0.0,0.0,0.0,0.0,0.0,4.0,6.0,6.0,1.0,0.0,0.0,7.0,14.0,0.0,0.0,3.0,0.0,0.0,0.0,0.0,0.0,0.0,0.0,0.0,0.0,0.0,0.0,0.0,2.0,0.0,0.0,0.0,0.0,1.0,0.0,0.0,0.0,0.0,0.0,0.0,0.0,2.0,5.0,4.0,2507459773.0,-1.0,南平市松溪县,南平市松溪县花桥乡,9.0,20.4,0.0,3.0,32.4,34.18888888888889,37.57535211267606,44.672332730560576
福建省,南平市,松溪县,祖墩乡,118.6936151,27.652318,5.0,0.0,0.0,4.0,28.0,0.0,0.0,7.0,0.0,0.0,0.0,0.0,0.0,0.0,0.0,0.0,0.0,0.0,0.0,0.0,5.0,0.0,0.0,0.0,0.0,1.0,0.0,0.0,0.0,0.0,0.0,0.0,0.0,2.0,6.0,4.0,1.0,0.0,0.0,2.0,21.0,0.0,0.0,7.0,0.0,0.0,0.0,0.0,0.0,0.0,0.0,0.0,0.0,0.0,0.0,0.0,4.0,0.0,0.0,0.0,0.0,1.0,0.0,0.0,0.0,0.0,0.0,0.0,0.0,2.0,6.0,3.0,2507459780.0,-1.0,南平市松溪县,南平市松溪县祖墩乡,8.0,23.0,0.0,2.0,33.0,34.18888888888889,37.57535211267606,44.672332730560576
福建省,南平市,政和县,熊山街道,118.857109,27.364391,3.0,0.0,0.0,23.0,52.0,3.0,0.0,1.0,0.0,0.0,0.0,1.0,0.0,0.0,0.0,0.0,0.0,0.0,0.0,0.0,0.0,0.0,0.0,0.0,0.0,3.0,8.0,0.0,0.0,0.0,0.0,5.0,0.0,5.0,6.0,3.0,2.0,0.0,0.0,1.0,28.0,1.0,0.0,1.0,0.0,0.0,0.0,1.0,0.0,0.0,0.0,0.0,0.0,0.0,0.0,0.0,0.0,0.0,0.0,0.0,0.0,3.0,1.0,0.0,0.0,0.0,0.0,5.0,0.0,4.0,6.0,3.0,8242138819.0,12038272.0,南平市政和县,南平市政和县熊山街道,18.0,23.0,5.0,2.4,48.4,28.639999999999997,37.57535211267606,44.672332730560576
福建省,南平市,政和县,东平镇,118.6387111,27.4274981,0.0,2.0,0.0,0.0,0.0,0.0,0.0,0.0,0.0,0.0,0.0,0.0,0.0,0.0,0.0,0.0,0.0,0.0,0.0,0.0,6.0,0.0,0.0,0.0,0.0,1.0,0.0,0.0,0.0,0.0,0.0,0.0,0.0,3.0,1.0,1.0,0.0,2.0,0.0,0.0,0.0,0.0,0.0,0.0,0.0,0.0,0.0,0.0,0.0,0.0,0.0,0.0,0.0,0.0,0.0,0.0,1.0,0.0,0.0,0.0,0.0,1.0,0.0,0.0,0.0,0.0,0.0,0.0,0.0,1.0,1.0,1.0,3707514786.0,12038271.0,南平市政和县,南平市政和县东平镇,16.0,5.5,0.0,0.5,22.0,28.639999999999997,37.57535211267606,44.672332730560576
福建省,南平市,政和县,石屯镇,118.7595168,27.3556689,2.0,14.0,9.0,1.0,26.0,3.0,0.0,0.0,0.0,0.0,0.0,0.0,0.0,0.0,0.0,0.0,0.0,0.0,0.0,0.0,5.0,0.0,1.0,0.0,0.0,1.0,0.0,0.0,0.0,0.0,0.0,0.0,0.0,2.0,11.0,3.0,1.0,3.0,0.0,0.0,15.0,0.0,0.0,0.0,0.0,0.0,0.0,0.0,0.0,0.0,0.0,0.0,0.0,0.0,0.0,0.0,0.0,0.0,0.0,0.0,0.0,1.0,0.0,0.0,0.0,0.0,0.0,0.0,0.0,2.0,5.0,1.0,3073095885.0,12038270.0,南平市政和县,南平市政和县石屯镇,16.0,19.7,0.0,1.5,37.2,28.639999999999997,37.57535211267606,44.672332730560576
福建省,南平市,政和县,铁山镇,118.9262501,27.3968576,3.0,0.0,0.0,0.0,6.0,0.0,0.0,0.0,0.0,0.0,0.0,0.0,0.0,0.0,0.0,0.0,0.0,0.0,0.0,0.0,18.0,0.0,0.0,0.0,0.0,1.0,0.0,0.0,0.0,0.0,0.0,0.0,0.0,1.0,3.0,3.0,1.0,0.0,0.0,0.0,4.0,0.0,0.0,0.0,0.0,0.0,0.0,0.0,0.0,0.0,0.0,0.0,0.0,0.0,0.0,0.0,2.0,0.0,0.0,0.0,0.0,1.0,0.0,0.0,0.0,0.0,0.0,0.0,0.0,1.0,3.0,3.0,3707526674.0,-1.0,南平市政和县,南平市政和县铁山镇,8.0,8.9,0.0,1.5,18.4,28.639999999999997,37.57535211267606,44.672332730560576
福建省,南平市,政和县,镇前镇,119.0949386,27.2425237,16.0,0.0,1.0,5.0,14.0,0.0,0.0,0.0,0.0,0.0,0.0,0.0,0.0,0.0,0.0,0.0,0.0,0.0,0.0,0.0,2.0,0.0,0.0,0.0,0.0,2.0,0.0,0.0,0.0,0.0,0.0,0.0,0.0,2.0,5.0,5.0,10.0,0.0,0.0,2.0,14.0,0.0,0.0,0.0,0.0,0.0,0.0,0.0,0.0,0.0,0.0,0.0,0.0,0.0,0.0,0.0,1.0,0.0,0.0,0.0,0.0,1.0,0.0,0.0,0.0,0.0,0.0,0.0,0.0,2.0,4.0,4.0,3291904921.0,-1.0,南平市政和县,南平市政和县镇前镇,9.0,19.5,0.0,2.5,31.0,28.639999999999997,37.57535211267606,44.672332730560576
福建省,南平市,政和县,星溪乡,118.858063,27.36759,7.0,0.0,0.0,21.0,53.0,3.0,0.0,1.0,0.0,0.0,0.0,1.0,0.0,0.0,0.0,0.0,0.0,0.0,0.0,0.0,0.0,0.0,0.0,0.0,0.0,3.0,11.0,0.0,0.0,0.0,0.0,5.0,0.0,5.0,7.0,3.0,2.0,0.0,0.0,0.0,30.0,1.0,0.0,1.0,0.0,0.0,0.0,1.0,0.0,0.0,0.0,0.0,0.0,0.0,0.0,0.0,0.0,0.0,0.0,0.0,0.0,3.0,1.0,0.0,0.0,0.0,0.0,5.0,0.0,4.0,5.0,3.0,8242138818.0,-1.0,南平市政和县,南平市政和县星溪乡,10.0,23.5,5.0,2.7,41.2,28.639999999999997,37.57535211267606,44.672332730560576
福建省,南平市,政和县,外屯乡,118.988056,27.334722,1.0,0.0,0.0,0.0,9.0,0.0,0.0,4.0,0.0,0.0,0.0,0.0,0.0,0.0,0.0,0.0,0.0,0.0,0.0,0.0,5.0,0.0,0.0,0.0,0.0,2.0,0.0,0.0,0.0,0.0,0.0,0.0,0.0,3.0,3.0,2.0,1.0,0.0,0.0,0.0,7.0,0.0,0.0,0.0,0.0,0.0,0.0,0.0,0.0,0.0,0.0,0.0,0.0,0.0,0.0,0.0,2.0,0.0,0.0,0.0,0.0,1.0,0.0,0.0,0.0,0.0,0.0,0.0,0.0,2.0,2.0,2.0,8242138817.0,-1.0,南平市政和县,南平市政和县外屯乡,9.0,10.4,0.0,1.0,20.4,28.639999999999997,37.57535211267606,44.672332730560576
福建省,南平市,政和县,杨源乡,119.015833,27.151111,3.0,0.0,2.0,3.0,17.0,0.0,0.0,6.0,0.0,0.0,0.0,0.0,0.0,0.0,0.0,0.0,0.0,0.0,0.0,0.0,2.0,0.0,0.0,0.0,0.0,1.0,0.0,0.0,0.0,0.0,0.0,0.0,0.0,7.0,11.0,3.0,1.0,0.0,2.0,0.0,9.0,0.0,0.0,6.0,0.0,0.0,0.0,0.0,0.0,0.0,0.0,0.0,0.0,0.0,0.0,0.0,1.0,0.0,0.0,0.0,0.0,1.0,0.0,0.0,0.0,0.0,0.0,0.0,0.0,2.0,10.0,3.0,5755084935.0,-1.0,南平市政和县,南平市政和县杨源乡,8.0,18.1,0.0,1.5,27.6,28.639999999999997,37.57535211267606,44.672332730560576
福建省,南平市,政和县,澄源乡,119.1562172,27.3192322,2.0,0.0,0.0,0.0,12.0,0.0,0.0,0.0,0.0,0.0,0.0,0.0,0.0,0.0,0.0,0.0,0.0,0.0,0.0,0.0,2.0,0.0,0.0,0.0,0.0,2.0,1.0,0.0,0.0,0.0,0.0,0.0,0.0,1.0,4.0,3.0,2.0,0.0,0.0,0.0,12.0,0.0,0.0,0.0,0.0,0.0,0.0,0.0,0.0,0.0,0.0,0.0,0.0,0.0,0.0,0.0,1.0,0.0,0.0,0.0,0.0,1.0,1.0,0.0,0.0,0.0,0.0,0.0,0.0,1.0,4.0,2.0,3301717380.0,-1.0,南平市政和县,南平市政和县澄源乡,9.0,13.0,0.0,1.7,23.7,28.639999999999997,37.57535211267606,44.672332730560576
福建省,南平市,政和县,岭腰乡,118.982628,27.472195,1.0,0.0,0.0,1.0,0.0,0.0,0.0,0.0,0.0,0.0,0.0,0.0,0.0,0.0,0.0,0.0,0.0,0.0,0.0,0.0,5.0,0.0,0.0,0.0,0.0,1.0,0.0,0.0,0.0,0.0,0.0,0.0,0.0,7.0,2.0,3.0,1.0,0.0,0.0,0.0,0.0,0.0,0.0,0.0,0.0,0.0,0.0,0.0,0.0,0.0,0.0,0.0,0.0,0.0,0.0,0.0,0.0,0.0,0.0,0.0,0.0,1.0,0.0,0.0,0.0,0.0,0.0,0.0,0.0,7.0,1.0,2.0,8242137216.0,-1.0,南平市政和县,南平市政和县岭腰乡,8.0,7.0,0.0,1.5,16.5,28.639999999999997,37.57535211267606,44.672332730560576
福建省,南平市,邵武市,昭阳街道,117.4934576,27.3395974,0.0,46.0,31.0,31.0,81.0,5.0,0.0,55.0,2.0,5.0,1.0,5.0,1.0,1.0,12.0,14.0,0.0,1.0,0.0,4.0,22.0,2.0,5.0,7.0,1.0,8.0,221.0,0.0,0.0,0.0,0.0,26.0,7.0,9.0,12.0,14.0,0.0,12.0,4.0,13.0,35.0,2.0,0.0,24.0,0.0,0.0,0.0,3.0,1.0,1.0,6.0,6.0,0.0,0.0,0.0,0.0,10.0,1.0,1.0,3.0,0.0,2.0,97.0,0.0,0.0,0.0,0.0,8.0,1.0,7.0,11.0,12.0,8231094341.0,12024022.0,南平市邵武市,南平市邵武市昭阳街道,20.0,30.0,15.0,20.0,85.0,39.16315789473684,37.57535211267606,44.672332730560576
福建省,南平市,邵武市,通泰街道,117.4830507,27.3361854,0.0,44.0,29.0,34.0,77.0,5.0,0.0,55.0,2.0,5.0,1.0,5.0,1.0,1.0,12.0,14.0,0.0,1.0,0.0,6.0,21.0,2.0,2.0,7.0,1.0,6.0,223.0,0.0,0.0,0.0,0.0,26.0,7.0,9.0,13.0,14.0,0.0,28.0,14.0,11.0,31.0,0.0,0.0,19.0,0.0,3.0,0.0,5.0,1.0,1.0,8.0,9.0,0.0,1.0,0.0,3.0,9.0,1.0,0.0,4.0,0.0,1.0,88.0,0.0,0.0,0.0,0.0,10.0,5.0,3.0,9.0,9.0,8231094339.0,12024021.0,南平市邵武市,南平市邵武市通泰街道,20.0,30.0,20.0,20.0,90.0,39.16315789473684,37.57535211267606,44.672332730560576
福建省,南平市,邵武市,水北街道,117.482128,27.350271,0.0,43.0,26.0,26.0,69.0,5.0,0.0,50.0,2.0,5.0,0.0,5.0,1.0,1.0,12.0,14.0,0.0,1.0,0.0,6.0,17.0,2.0,2.0,6.0,0.0,5.0,218.0,0.0,0.0,0.0,0.0,22.0,7.0,10.0,13.0,12.0,0.0,8.0,1.0,7.0,6.0,0.0,0.0,19.0,2.0,1.0,0.0,1.0,0.0,0.0,3.0,4.0,0.0,1.0,0.0,0.0,2.0,0.0,0.0,2.0,0.0,3.0,17.0,0.0,0.0,0.0,0.0,3.0,1.0,9.0,7.0,8.0,8231094340.0,12024023.0,南平市邵武市,南平市邵武市水北街道,20.0,28.0,12.0,20.0,80.0,39.16315789473684,37.57535211267606,44.672332730560576
福建省,南平市,邵武市,晒口街道,117.5621277,27.3036951,18.0,2.0,0.0,9.0,6.0,8.0,0.0,0.0,1.0,0.0,1.0,0.0,0.0,0.0,0.0,0.0,0.0,0.0,0.0,0.0,9.0,0.0,12.0,0.0,0.0,4.0,0.0,0.0,0.0,0.0,0.0,3.0,0.0,7.0,9.0,8.0,1.0,0.0,0.0,8.0,3.0,5.0,0.0,0.0,1.0,0.0,1.0,0.0,0.0,0.0,0.0,0.0,0.0,0.0,0.0,0.0,3.0,0.0,3.0,0.0,0.0,2.0,0.0,0.0,0.0,0.0,0.0,1.0,0.0,3.0,5.0,5.0,8231094342.0,-1.0,南平市邵武市,南平市邵武市晒口街道,11.0,20.1,0.0,4.0,35.1,39.16315789473684,37.57535211267606,44.672332730560576
福建省,南平市,邵武市,城郊镇,117.494305,27.302695,14.0,11.0,18.0,31.0,25.0,6.0,0.0,10.0,0.0,0.0,0.0,0.0,0.0,0.0,1.0,1.0,0.0,0.0,0.0,2.0,21.0,0.0,5.0,2.0,1.0,4.0,44.0,0.0,0.0,13.0,0.0,12.0,2.0,4.0,13.0,9.0,5.0,2.0,0.0,8.0,6.0,0.0,0.0,1.0,0.0,0.0,0.0,0.0,0.0,0.0,0.0,0.0,0.0,0.0,0.0,0.0,6.0,0.0,1.0,0.0,0.0,1.0,2.0,0.0,0.0,2.0,0.0,5.0,0.0,2.0,5.0,4.0,3134789256.0,-1.0,南平市邵武市,南平市邵武市城郊镇,11.0,20.8,0.0,10.100000000000001,41.900000000000006,39.16315789473684,37.57535211267606,44.672332730560576
福建省,南平市,邵武市,水北镇,117.4852919,27.3481172,0.0,44.0,29.0,27.0,71.0,5.0,0.0,54.0,2.0,5.0,1.0,5.0,1.0,1.0,12.0,14.0,0.0,1.0,0.0,6.0,19.0,2.0,2.0,6.0,0.0,5.0,222.0,0.0,0.0,0.0,0.0,24.0,7.0,10.0,13.0,12.0,0.0,8.0,1.0,8.0,9.0,0.0,0.0,30.0,2.0,1.0,0.0,1.0,0.0,0.0,5.0,6.0,0.0,1.0,0.0,0.0,6.0,0.0,0.0,2.0,0.0,3.0,20.0,0.0,0.0,0.0,0.0,4.0,3.0,8.0,8.0,7.0,3134789257.0,12024024.0,南平市邵武市,南平市邵武市水北镇,20.0,30.0,12.0,20.0,82.0,39.16315789473684,37.57535211267606,44.672332730560576
福建省,南平市,邵武市,下沙镇,117.5683858,27.3192409,13.0,2.0,0.0,10.0,6.0,8.0,0.0,0.0,1.0,0.0,1.0,0.0,0.0,0.0,0.0,0.0,0.0,0.0,0.0,0.0,9.0,0.0,11.0,0.0,0.0,3.0,0.0,0.0,0.0,0.0,0.0,3.0,0.0,7.0,9.0,7.0,5.0,0.0,0.0,2.0,3.0,0.0,0.0,0.0,0.0,0.0,0.0,0.0,0.0,0.0,0.0,0.0,0.0,0.0,0.0,0.0,4.0,0.0,4.0,0.0,0.0,1.0,0.0,0.0,0.0,0.0,0.0,1.0,0.0,3.0,6.0,4.0,3134789258.0,-1.0,南平市邵武市,南平市邵武市下沙镇,10.0,20.1,0.0,3.5,33.6,39.16315789473684,37.57535211267606,44.672332730560576
福建省,南平市,邵武市,卫闽镇,117.6814546,27.0674429,2.0,0.0,0.0,7.0,8.0,0.0,0.0,0.0,1.0,0.0,0.0,0.0,0.0,0.0,0.0,0.0,0.0,0.0,0.0,0.0,9.0,0.0,0.0,0.0,0.0,2.0,0.0,0.0,0.0,0.0,0.0,3.0,1.0,5.0,7.0,7.0,1.0,0.0,0.0,5.0,4.0,0.0,0.0,0.0,1.0,0.0,0.0,0.0,0.0,0.0,0.0,0.0,0.0,0.0,0.0,0.0,1.0,0.0,0.0,0.0,0.0,1.0,0.0,0.0,0.0,0.0,0.0,3.0,1.0,3.0,3.0,7.0,4577025653.0,-1.0,南平市邵武市,南平市邵武市卫闽镇,9.0,18.3,0.0,3.5,30.8,39.16315789473684,37.57535211267606,44.672332730560576
福建省,南平市,邵武市,沿山镇,117.358453,27.303485,0.0,0.0,3.0,0.0,0.0,0.0,0.0,0.0,0.0,0.0,0.0,0.0,0.0,0.0,0.0,0.0,0.0,0.0,0.0,0.0,24.0,0.0,0.0,0.0,0.0,4.0,0.0,0.0,0.0,0.0,0.0,0.0,0.0,1.0,1.0,2.0,0.0,0.0,3.0,0.0,0.0,0.0,0.0,0.0,0.0,0.0,0.0,0.0,0.0,0.0,0.0,0.0,0.0,0.0,0.0,0.0,5.0,0.0,0.0,0.0,0.0,1.0,0.0,0.0,0.0,0.0,0.0,0.0,0.0,1.0,1.0,2.0,3134905306.0,-1.0,南平市邵武市,南平市邵武市沿山镇,11.0,5.5,0.0,1.0,17.5,39.16315789473684,37.57535211267606,44.672332730560576
福建省,南平市,邵武市,拿口镇,117.6430368,27.1412069,2.0,0.0,0.0,6.0,12.0,2.0,0.0,0.0,1.0,0.0,1.0,0.0,0.0,0.0,0.0,0.0,0.0,0.0,0.0,0.0,10.0,0.0,3.0,0.0,0.0,1.0,2.0,0.0,0.0,0.0,0.0,1.0,0.0,5.0,11.0,6.0,0.0,0.0,0.0,6.0,6.0,0.0,0.0,0.0,1.0,0.0,0.0,0.0,0.0,0.0,0.0,0.0,0.0,0.0,0.0,0.0,6.0,0.0,1.0,0.0,0.0,1.0,0.0,0.0,0.0,0.0,0.0,1.0,0.0,3.0,3.0,6.0,8088371376.0,-1.0,南平市邵武市,南平市邵武市拿口镇,8.0,22.2,0.0,3.2,33.4,39.16315789473684,37.57535211267606,44.672332730560576
福建省,南平市,邵武市,洪墩镇,117.6624155,26.9736002,0.0,0.0,0.0,2.0,19.0,0.0,0.0,0.0,0.0,0.0,0.0,0.0,0.0,0.0,0.0,0.0,0.0,0.0,0.0,0.0,15.0,0.0,0.0,0.0,0.0,1.0,0.0,0.0,0.0,0.0,0.0,2.0,0.0,1.0,2.0,3.0,0.0,0.0,0.0,1.0,11.0,0.0,0.0,0.0,0.0,0.0,0.0,0.0,0.0,0.0,0.0,0.0,0.0,0.0,0.0,0.0,4.0,0.0,0.0,0.0,0.0,1.0,0.0,0.0,0.0,0.0,0.0,2.0,0.0,1.0,2.0,3.0,8087874472.0,-1.0,南平市邵武市,南平市邵武市洪墩镇,8.0,10.1,0.0,1.5,19.6,39.16315789473684,37.57535211267606,44.672332730560576
福建省,南平市,邵武市,大埠岗镇,117.3474491,27.1562566,0.0,3.0,0.0,2.0,5.0,1.0,0.0,1.0,0.0,0.0,0.0,0.0,0.0,0.0,0.0,0.0,0.0,0.0,0.0,0.0,14.0,0.0,0.0,0.0,0.0,1.0,0.0,0.0,0.0,0.0,0.0,1.0,0.0,2.0,7.0,3.0,0.0,1.0,0.0,2.0,2.0,0.0,0.0,0.0,0.0,0.0,0.0,0.0,0.0,0.0,0.0,0.0,0.0,0.0,0.0,0.0,4.0,0.0,0.0,0.0,0.0,1.0,0.0,0.0,0.0,0.0,0.0,0.0,0.0,2.0,5.0,2.0,8231094344.0,-1.0,南平市邵武市,南平市邵武市大埠岗镇,8.0,12.1,0.0,1.5,21.6,39.16315789473684,37.57535211267606,44.672332730560576
福建省,南平市,邵武市,和平镇,117.2976376,27.159732,0.0,1.0,3.0,12.0,22.0,0.0,0.0,19.0,0.0,0.0,0.0,0.0,0.0,0.0,0.0,0.0,0.0,0.0,0.0,0.0,15.0,1.0,0.0,0.0,0.0,2.0,0.0,0.0,0.0,1.0,0.0,4.0,10.0,2.0,10.0,7.0,0.0,0.0,3.0,7.0,15.0,0.0,0.0,19.0,0.0,0.0,0.0,0.0,0.0,0.0,0.0,0.0,0.0,0.0,0.0,0.0,4.0,0.0,0.0,0.0,0.0,1.0,0.0,0.0,0.0,1.0,0.0,3.0,10.0,1.0,6.0,4.0,8231038688.0,-1.0,南平市邵武市,南平市邵武市和平镇,9.0,22.9,0.0,3.7,35.6,39.16315789473684,37.57535211267606,44.672332730560576
福建省,南平市,邵武市,肖家坊镇,117.255823,27.1265361,0.0,0.0,0.0,3.0,7.0,0.0,0.0,2.0,0.0,0.0,0.0,0.0,0.0,0.0,0.0,0.0,0.0,0.0,0.0,0.0,18.0,0.0,0.0,0.0,0.0,1.0,0.0,0.0,0.0,0.0,0.0,1.0,0.0,8.0,6.0,7.0,0.0,0.0,0.0,1.0,3.0,0.0,0.0,2.0,0.0,0.0,0.0,0.0,0.0,0.0,0.0,0.0,0.0,0.0,0.0,0.0,4.0,0.0,0.0,0.0,0.0,1.0,0.0,0.0,0.0,0.0,0.0,1.0,0.0,3.0,6.0,6.0,8231038689.0,-1.0,南平市邵武市,南平市邵武市肖家坊镇,8.0,8.3,0.0,3.5,19.8,39.16315789473684,37.57535211267606,44.672332730560576
福建省,南平市,邵武市,大竹镇,117.573527,27.189247,4.0,0.0,0.0,2.0,4.0,0.0,0.0,0.0,0.0,0.0,0.0,0.0,0.0,0.0,0.0,0.0,0.0,0.0,0.0,0.0,16.0,0.0,0.0,0.0,0.0,1.0,0.0,0.0,0.0,0.0,0.0,1.0,0.0,3.0,4.0,7.0,3.0,0.0,0.0,1.0,1.0,0.0,0.0,0.0,0.0,0.0,0.0,0.0,0.0,0.0,0.0,0.0,0.0,0.0,0.0,0.0,3.0,0.0,0.0,0.0,0.0,1.0,0.0,0.0,0.0,0.0,0.0,1.0,0.0,2.0,3.0,5.0,3134912706.0,-1.0,南平市邵武市,南平市邵武市大竹镇,8.0,10.1,0.0,3.5,21.6,39.16315789473684,37.57535211267606,44.672332730560576
福建省,南平市,邵武市,吴家塘镇,117.612073,27.250925,3.0,0.0,13.0,7.0,9.0,3.0,0.0,0.0,1.0,0.0,1.0,0.0,0.0,0.0,0.0,0.0,0.0,0.0,0.0,0.0,5.0,0.0,11.0,0.0,0.0,1.0,1.0,0.0,0.0,4.0,0.0,2.0,0.0,5.0,11.0,7.0,1.0,0.0,5.0,4.0,5.0,1.0,0.0,0.0,1.0,0.0,0.0,0.0,0.0,0.0,0.0,0.0,0.0,0.0,0.0,0.0,2.0,0.0,4.0,0.0,0.0,1.0,0.0,0.0,0.0,2.0,0.0,0.0,0.0,3.0,5.0,6.0,3134912707.0,-1.0,南平市邵武市,南平市邵武市吴家塘镇,8.0,21.3,0.0,4.2,33.5,39.16315789473684,37.57535211267606,44.672332730560576
福建省,南平市,邵武市,桂林乡,117.164557,27.1391438,0.0,0.0,1.0,0.0,4.0,0.0,0.0,0.0,0.0,0.0,0.0,0.0,0.0,0.0,0.0,0.0,0.0,0.0,0.0,0.0,5.0,0.0,0.0,0.0,0.0,1.0,0.0,0.0,0.0,0.0,0.0,0.0,0.0,6.0,3.0,2.0,0.0,0.0,1.0,0.0,0.0,0.0,0.0,0.0,0.0,0.0,0.0,0.0,0.0,0.0,0.0,0.0,0.0,0.0,0.0,0.0,2.0,0.0,0.0,0.0,0.0,1.0,0.0,0.0,0.0,0.0,0.0,0.0,0.0,1.0,1.0,1.0,8231038690.0,-1.0,南平市邵武市,南平市邵武市桂林乡,8.0,7.3,0.0,1.0,16.3,39.16315789473684,37.57535211267606,44.672332730560576
福建省,南平市,邵武市,张厝乡,117.514032,27.042598,0.0,0.0,4.0,4.0,8.0,1.0,0.0,3.0,0.0,0.0,0.0,0.0,0.0,0.0,0.0,0.0,0.0,0.0,0.0,0.0,6.0,0.0,0.0,0.0,0.0,5.0,0.0,0.0,0.0,0.0,0.0,0.0,0.0,5.0,7.0,3.0,0.0,0.0,1.0,0.0,4.0,1.0,0.0,0.0,0.0,0.0,0.0,0.0,0.0,0.0,0.0,0.0,0.0,0.0,0.0,0.0,1.0,0.0,0.0,0.0,0.0,1.0,0.0,0.0,0.0,0.0,0.0,0.0,0.0,1.0,4.0,3.0,8231094343.0,-1.0,南平市邵武市,南平市邵武市张厝乡,12.0,15.3,0.0,1.5,28.8,39.16315789473684,37.57535211267606,44.672332730560576
福建省,南平市,邵武市,金坑乡,117.186121,27.253935,0.0,0.0,6.0,1.0,2.0,0.0,0.0,0.0,0.0,0.0,0.0,0.0,0.0,0.0,0.0,0.0,0.0,0.0,0.0,0.0,2.0,0.0,0.0,0.0,0.0,1.0,0.0,0.0,0.0,0.0,0.0,0.0,0.0,1.0,3.0,3.0,0.0,0.0,6.0,1.0,2.0,0.0,0.0,0.0,0.0,0.0,0.0,0.0,0.0,0.0,0.0,0.0,0.0,0.0,0.0,0.0,1.0,0.0,0.0,0.0,0.0,1.0,0.0,0.0,0.0,0.0,0.0,0.0,0.0,1.0,3.0,3.0,8231038687.0,-1.0,南平市邵武市,南平市邵武市金坑乡,8.0,8.5,0.0,1.5,18.0,39.16315789473684,37.57535211267606,44.672332730560576
福建省,南平市,武夷山市,崇安街道,118.0293417,27.7571335,1.0,24.0,29.0,25.0,116.0,21.0,2.0,39.0,3.0,4.0,0.0,0.0,0.0,0.0,6.0,6.0,0.0,0.0,0.0,2.0,8.0,0.0,8.0,0.0,0.0,3.0,20.0,0.0,0.0,4.0,3.0,9.0,3.0,12.0,17.0,12.0,0.0,17.0,9.0,10.0,34.0,0.0,0.0,3.0,0.0,1.0,0.0,0.0,0.0,0.0,5.0,5.0,0.0,0.0,0.0,2.0,1.0,0.0,0.0,0.0,0.0,2.0,4.0,0.0,0.0,1.0,0.0,4.0,1.0,4.0,10.0,6.0,5245324733.0,14091696.0,南平市武夷山市,南平市武夷山市崇安街道,18.0,28.0,7.0,6.9,59.9,44.57,37.57535211267606,44.672332730560576
福建省,南平市,武夷山市,新丰街道,118.0219173,27.7458632,1.0,26.0,26.0,22.0,126.0,10.0,2.0,46.0,0.0,4.0,0.0,0.0,1.0,1.0,6.0,7.0,0.0,0.0,0.0,2.0,9.0,0.0,6.0,0.0,0.0,3.0,13.0,0.0,0.0,3.0,1.0,12.0,4.0,10.0,15.0,12.0,0.0,5.0,7.0,5.0,30.0,2.0,1.0,22.0,0.0,0.0,0.0,0.0,0.0,0.0,4.0,4.0,0.0,0.0,0.0,0.0,1.0,0.0,0.0,0.0,0.0,1.0,1.0,0.0,0.0,0.0,0.0,3.0,0.0,4.0,8.0,4.0,5245324732.0,14091593.0,南平市武夷山市,南平市武夷山市新丰街道,18.0,26.0,5.0,5.7,54.7,44.57,37.57535211267606,44.672332730560576
福建省,南平市,武夷山市,武夷街道,117.9996291,27.7213025,10.0,10.0,11.0,15.0,101.0,76.0,2.0,34.0,2.0,10.0,0.0,0.0,1.0,1.0,0.0,1.0,0.0,0.0,0.0,0.0,27.0,1.0,3.0,0.0,1.0,2.0,88.0,0.0,0.0,4.0,2.0,36.0,1.0,8.0,17.0,19.0,7.0,4.0,4.0,2.0,17.0,16.0,0.0,0.0,0.0,0.0,0.0,0.0,0.0,0.0,0.0,1.0,0.0,0.0,0.0,0.0,0.0,0.0,0.0,0.0,0.0,1.0,19.0,0.0,0.0,1.0,0.0,5.0,0.0,3.0,8.0,6.0,3134975559.0,14091714.0,南平市武夷山市,南平市武夷山市武夷街道,17.0,28.0,0.0,15.200000000000001,60.2,44.57,37.57535211267606,44.672332730560576
福建省,南平市,武夷山市,星村镇,117.9212189,27.6373655,5.0,0.0,5.0,16.0,6.0,9.0,0.0,59.0,4.0,7.0,1.0,0.0,0.0,0.0,0.0,0.0,0.0,0.0,0.0,8.0,4.0,0.0,0.0,0.0,0.0,4.0,17.0,0.0,0.0,1.0,0.0,1.0,27.0,5.0,12.0,16.0,1.0,0.0,2.0,14.0,6.0,3.0,0.0,14.0,0.0,5.0,1.0,0.0,0.0,0.0,0.0,0.0,0.0,0.0,0.0,4.0,1.0,0.0,0.0,0.0,0.0,2.0,1.0,0.0,0.0,1.0,0.0,1.0,8.0,2.0,8.0,10.0,648982283.0,14523923.0,南平市武夷山市,南平市武夷山市星村镇,19.0,23.0,4.0,6.0,52.0,44.57,37.57535211267606,44.672332730560576
福建省,南平市,武夷山市,兴田镇,118.0666241,27.5044537,25.0,2.0,3.0,5.0,17.0,5.0,6.0,0.0,3.0,0.0,0.0,1.0,0.0,0.0,0.0,0.0,0.0,0.0,0.0,0.0,6.0,0.0,2.0,0.0,0.0,2.0,3.0,0.0,0.0,0.0,0.0,2.0,0.0,9.0,11.0,7.0,5.0,0.0,0.0,0.0,14.0,0.0,3.0,0.0,1.0,0.0,0.0,1.0,0.0,0.0,0.0,0.0,0.0,0.0,0.0,0.0,2.0,0.0,0.0,0.0,0.0,1.0,0.0,0.0,0.0,0.0,0.0,0.0,0.0,7.0,4.0,3.0,2467269180.0,14523889.0,南平市武夷山市,南平市武夷山市兴田镇,17.0,23.6,5.0,3.8,49.4,44.57,37.57535211267606,44.672332730560576
福建省,南平市,武夷山市,五夫镇,118.20501,27.612392,0.0,0.0,18.0,0.0,25.0,0.0,0.0,6.0,0.0,0.0,0.0,0.0,0.0,0.0,0.0,0.0,0.0,0.0,0.0,0.0,6.0,0.0,1.0,0.0,0.0,5.0,0.0,0.0,0.0,1.0,0.0,0.0,0.0,2.0,8.0,5.0,0.0,0.0,5.0,0.0,16.0,0.0,0.0,6.0,0.0,0.0,0.0,0.0,0.0,0.0,0.0,0.0,0.0,0.0,0.0,0.0,3.0,0.0,0.0,0.0,0.0,1.0,0.0,0.0,0.0,1.0,0.0,0.0,0.0,1.0,5.0,4.0,2467269178.0,12026543.0,南平市武夷山市,南平市武夷山市五夫镇,20.0,18.8,0.0,2.7,41.5,44.57,37.57535211267606,44.672332730560576
福建省,南平市,武夷山市,上梅乡,118.1438999,27.6887743,0.0,0.0,10.0,9.0,15.0,3.0,0.0,0.0,0.0,0.0,0.0,0.0,0.0,0.0,0.0,0.0,0.0,0.0,0.0,0.0,6.0,0.0,0.0,0.0,0.0,2.0,1.0,0.0,0.0,0.0,0.0,0.0,0.0,2.0,6.0,2.0,0.0,0.0,4.0,3.0,7.0,1.0,0.0,0.0,0.0,0.0,0.0,0.0,0.0,0.0,0.0,0.0,0.0,0.0,0.0,0.0,5.0,0.0,0.0,0.0,0.0,1.0,0.0,0.0,0.0,0.0,0.0,0.0,0.0,1.0,6.0,2.0,3134975558.0,14523888.0,南平市武夷山市,南平市武夷山市上梅乡,17.0,18.1,0.0,1.1,36.2,44.57,37.57535211267606,44.672332730560576
福建省,南平市,武夷山市,吴屯乡,118.1257789,27.8480325,0.0,0.0,1.0,6.0,7.0,1.0,0.0,0.0,0.0,0.0,0.0,0.0,0.0,0.0,0.0,0.0,0.0,0.0,0.0,0.0,0.0,0.0,0.0,0.0,0.0,2.0,0.0,0.0,0.0,0.0,0.0,0.0,0.0,2.0,5.0,2.0,0.0,0.0,1.0,5.0,6.0,0.0,0.0,0.0,0.0,0.0,0.0,0.0,0.0,0.0,0.0,0.0,0.0,0.0,0.0,0.0,0.0,0.0,0.0,0.0,0.0,1.0,0.0,0.0,0.0,0.0,0.0,0.0,0.0,1.0,4.0,1.0,8233087856.0,14523809.0,南平市武夷山市,南平市武夷山市吴屯乡,17.0,15.7,0.0,1.0,33.7,44.57,37.57535211267606,44.672332730560576
福建省,南平市,武夷山市,岚谷乡,118.1778412,27.933204,0.0,0.0,1.0,1.0,0.0,2.0,0.0,0.0,0.0,0.0,0.0,0.0,0.0,0.0,0.0,0.0,0.0,0.0,0.0,0.0,0.0,0.0,0.0,0.0,0.0,1.0,0.0,0.0,0.0,0.0,0.0,0.0,0.0,1.0,5.0,2.0,0.0,0.0,1.0,0.0,0.0,2.0,0.0,0.0,0.0,0.0,0.0,0.0,0.0,0.0,0.0,0.0,0.0,0.0,0.0,0.0,0.0,0.0,0.0,0.0,0.0,1.0,0.0,0.0,0.0,0.0,0.0,0.0,0.0,1.0,4.0,2.0,3895964142.0,14523810.0,南平市武夷山市,南平市武夷山市岚谷乡,16.0,8.5,0.0,1.0,25.5,44.57,37.57535211267606,44.672332730560576
福建省,南平市,武夷山市,洋庄乡,117.9489079,27.8090986,2.0,0.0,3.0,1.0,1.0,2.0,0.0,0.0,0.0,0.0,1.0,0.0,0.0,0.0,0.0,0.0,0.0,0.0,0.0,0.0,0.0,0.0,0.0,0.0,0.0,4.0,1.0,0.0,0.0,1.0,0.0,0.0,0.0,5.0,8.0,2.0,1.0,0.0,0.0,1.0,0.0,2.0,0.0,0.0,0.0,0.0,1.0,0.0,0.0,0.0,0.0,0.0,0.0,0.0,0.0,0.0,0.0,0.0,0.0,0.0,0.0,1.0,1.0,0.0,0.0,1.0,0.0,0.0,0.0,4.0,5.0,2.0,2666398568.0,14091725.0,南平市武夷山市,南平市武夷山市洋庄乡,19.0,12.2,0.0,1.4,32.6,44.57,37.57535211267606,44.672332730560576
福建省,南平市,建瓯市,建安街道,118.3193205,27.0373015,10.0,3.0,54.0,110.0,412.0,0.0,0.0,833.0,2.0,0.0,0.0,3.0,1.0,1.0,6.0,6.0,0.0,0.0,0.0,0.0,9.0,0.0,3.0,1.0,0.0,5.0,1286.0,0.0,0.0,0.0,0.0,21.0,0.0,10.0,12.0,11.0,0.0,0.0,25.0,33.0,249.0,0.0,0.0,334.0,0.0,0.0,0.0,0.0,0.0,0.0,0.0,0.0,0.0,0.0,0.0,0.0,5.0,0.0,0.0,1.0,0.0,2.0,893.0,0.0,0.0,0.0,0.0,7.0,0.0,5.0,6.0,8.0,8243323106.0,12040102.0,南平市建瓯市,南平市建瓯市建安街道,20.0,26.0,5.0,20.0,71.0,36.22222222222222,37.57535211267606,44.672332730560576
福建省,南平市,建瓯市,通济街道,118.3206131,27.0345828,8.0,3.0,53.0,110.0,411.0,0.0,0.0,832.0,0.0,0.0,0.0,3.0,1.0,1.0,6.0,6.0,0.0,0.0,0.0,0.0,9.0,0.0,2.0,1.0,0.0,5.0,1286.0,0.0,0.0,0.0,0.0,21.0,0.0,10.0,12.0,11.0,0.0,0.0,25.0,42.0,277.0,0.0,0.0,408.0,0.0,0.0,0.0,1.0,1.0,1.0,1.0,1.0,0.0,0.0,0.0,0.0,5.0,0.0,0.0,1.0,0.0,2.0,973.0,0.0,0.0,0.0,0.0,7.0,0.0,5.0,6.0,8.0,8243327448.0,12040105.0,南平市建瓯市,南平市建瓯市通济街道,20.0,24.0,15.0,20.0,79.0,36.22222222222222,37.57535211267606,44.672332730560576
福建省,南平市,建瓯市,瓯宁街道,118.3074507,27.0276894,18.0,4.0,51.0,116.0,437.0,0.0,0.0,866.0,4.0,0.0,0.0,3.0,1.0,1.0,5.0,5.0,0.0,0.0,0.0,0.0,10.0,0.0,0.0,1.0,0.0,5.0,1305.0,2.0,0.0,0.0,0.0,22.0,0.0,11.0,15.0,9.0,5.0,0.0,27.0,33.0,38.0,0.0,0.0,188.0,0.0,0.0,0.0,2.0,0.0,0.0,2.0,2.0,0.0,0.0,0.0,0.0,1.0,0.0,0.0,0.0,0.0,2.0,171.0,0.0,0.0,0.0,0.0,12.0,0.0,5.0,8.0,6.0,8243306036.0,12040104.0,南平市建瓯市,南平市建瓯市瓯宁街道,20.0,26.0,10.0,20.0,76.0,36.22222222222222,37.57535211267606,44.672332730560576
福建省,南平市,建瓯市,芝山街道,118.318665,27.0478168,14.0,4.0,48.0,105.0,407.0,0.0,0.0,779.0,0.0,0.0,0.0,3.0,1.0,1.0,6.0,6.0,0.0,0.0,0.0,0.0,9.0,0.0,7.0,1.0,0.0,4.0,1260.0,0.0,0.0,0.0,0.0,21.0,0.0,9.0,13.0,11.0,0.0,1.0,2.0,18.0,110.0,0.0,0.0,79.0,0.0,0.0,0.0,0.0,0.0,0.0,3.0,3.0,0.0,0.0,0.0,0.0,0.0,0.0,0.0,0.0,0.0,1.0,201.0,0.0,0.0,0.0,0.0,8.0,0.0,2.0,7.0,4.0,8243306037.0,12040103.0,南平市建瓯市,南平市建瓯市芝山街道,19.0,24.0,10.0,20.0,73.0,36.22222222222222,37.57535211267606,44.672332730560576
福建省,南平市,建瓯市,徐墩镇,118.2346753,27.1383249,2.0,0.0,0.0,3.0,7.0,4.0,0.0,0.0,0.0,0.0,0.0,0.0,0.0,0.0,0.0,0.0,0.0,0.0,0.0,0.0,14.0,1.0,0.0,0.0,0.0,1.0,0.0,0.0,0.0,0.0,0.0,0.0,0.0,6.0,7.0,4.0,1.0,0.0,0.0,3.0,7.0,4.0,0.0,0.0,0.0,0.0,0.0,0.0,0.0,0.0,0.0,0.0,0.0,0.0,0.0,0.0,1.0,1.0,0.0,0.0,0.0,1.0,0.0,0.0,0.0,0.0,0.0,0.0,0.0,5.0,7.0,4.0,3707679241.0,-1.0,南平市建瓯市,南平市建瓯市徐墩镇,8.0,15.0,0.0,2.0,25.0,36.22222222222222,37.57535211267606,44.672332730560576
福建省,南平市,建瓯市,吉阳镇,118.131671,27.139317,0.0,0.0,1.0,11.0,8.0,0.0,0.0,0.0,0.0,0.0,0.0,0.0,0.0,0.0,0.0,0.0,0.0,0.0,0.0,0.0,0.0,0.0,0.0,0.0,0.0,1.0,0.0,0.0,0.0,0.0,0.0,0.0,0.0,1.0,4.0,1.0,0.0,0.0,1.0,9.0,3.0,0.0,0.0,0.0,0.0,0.0,0.0,0.0,0.0,0.0,0.0,0.0,0.0,0.0,0.0,0.0,0.0,0.0,0.0,0.0,0.0,1.0,0.0,0.0,0.0,0.0,0.0,0.0,0.0,1.0,4.0,1.0,4577025649.0,-1.0,南平市建瓯市,南平市建瓯市吉阳镇,8.0,14.5,0.0,0.5,23.0,36.22222222222222,37.57535211267606,44.672332730560576
福建省,南平市,建瓯市,房道镇,118.1267691,27.0106712,3.0,0.0,11.0,25.0,11.0,0.0,0.0,0.0,0.0,0.0,0.0,0.0,0.0,0.0,0.0,0.0,0.0,0.0,0.0,0.0,16.0,0.0,6.0,0.0,0.0,5.0,0.0,0.0,0.0,0.0,0.0,0.0,0.0,2.0,6.0,5.0,0.0,0.0,5.0,11.0,4.0,0.0,0.0,0.0,0.0,0.0,0.0,0.0,0.0,0.0,0.0,0.0,0.0,0.0,0.0,0.0,2.0,0.0,2.0,0.0,0.0,1.0,0.0,0.0,0.0,0.0,0.0,0.0,0.0,2.0,4.0,4.0,4577025647.0,-1.0,南平市建瓯市,南平市建瓯市房道镇,12.0,16.4,0.0,2.5,30.9,36.22222222222222,37.57535211267606,44.672332730560576
福建省,南平市,建瓯市,南雅镇,118.3084074,26.8762962,5.0,0.0,7.0,4.0,7.0,1.0,0.0,0.0,0.0,0.0,0.0,0.0,0.0,0.0,0.0,0.0,0.0,0.0,0.0,0.0,18.0,0.0,2.0,0.0,0.0,5.0,0.0,0.0,0.0,0.0,0.0,0.0,0.0,7.0,9.0,5.0,1.0,0.0,6.0,2.0,2.0,0.0,0.0,0.0,0.0,0.0,0.0,0.0,0.0,0.0,0.0,0.0,0.0,0.0,0.0,0.0,3.0,0.0,0.0,0.0,0.0,2.0,0.0,0.0,0.0,0.0,0.0,0.0,0.0,4.0,5.0,3.0,3707540892.0,-1.0,南平市建瓯市,南平市建瓯市南雅镇,12.0,15.0,0.0,2.5,29.5,36.22222222222222,37.57535211267606,44.672332730560576
福建省,南平市,建瓯市,迪口镇,118.4641283,26.7497451,0.0,0.0,15.0,8.0,10.0,0.0,0.0,3.0,0.0,0.0,0.0,0.0,0.0,0.0,0.0,0.0,0.0,0.0,0.0,0.0,3.0,0.0,0.0,0.0,0.0,1.0,1.0,0.0,0.0,0.0,0.0,0.0,0.0,2.0,8.0,3.0,0.0,0.0,9.0,1.0,6.0,0.0,0.0,0.0,0.0,0.0,0.0,0.0,0.0,0.0,0.0,0.0,0.0,0.0,0.0,0.0,0.0,0.0,0.0,0.0,0.0,1.0,0.0,0.0,0.0,0.0,0.0,0.0,0.0,1.0,3.0,2.0,3707562290.0,-1.0,南平市建瓯市,南平市建瓯市迪口镇,8.0,17.8,0.0,1.6,27.400000000000002,36.22222222222222,37.57535211267606,44.672332730560576
福建省,南平市,建瓯市,小桥镇,118.4674987,26.953539,3.0,3.0,8.0,4.0,20.0,0.0,0.0,0.0,0.0,0.0,0.0,0.0,0.0,0.0,0.0,0.0,0.0,0.0,0.0,0.0,11.0,0.0,0.0,0.0,0.0,1.0,5.0,0.0,0.0,0.0,0.0,0.0,0.0,2.0,7.0,2.0,3.0,3.0,8.0,0.0,5.0,0.0,0.0,0.0,0.0,0.0,0.0,0.0,0.0,0.0,0.0,0.0,0.0,0.0,0.0,0.0,1.0,0.0,0.0,0.0,0.0,1.0,3.0,0.0,0.0,0.0,0.0,0.0,0.0,2.0,5.0,2.0,3707539829.0,-1.0,南平市建瓯市,南平市建瓯市小桥镇,8.0,18.0,0.0,1.8,27.8,36.22222222222222,37.57535211267606,44.672332730560576
福建省,南平市,建瓯市,玉山镇,118.5678251,26.9079952,6.0,0.0,1.0,13.0,5.0,0.0,0.0,0.0,0.0,0.0,0.0,0.0,0.0,0.0,0.0,0.0,0.0,0.0,0.0,0.0,11.0,0.0,0.0,0.0,0.0,1.0,17.0,0.0,0.0,0.0,0.0,0.0,0.0,2.0,5.0,5.0,3.0,0.0,1.0,9.0,4.0,0.0,0.0,0.0,0.0,0.0,0.0,0.0,0.0,0.0,0.0,0.0,0.0,0.0,0.0,0.0,2.0,0.0,0.0,0.0,0.0,1.0,16.0,0.0,0.0,0.0,0.0,0.0,0.0,2.0,5.0,2.0,3558268410.0,-1.0,南平市建瓯市,南平市建瓯市玉山镇,8.0,14.7,0.0,5.800000000000001,28.5,36.22222222222222,37.57535211267606,44.672332730560576
福建省,南平市,建瓯市,东游镇,118.6336386,27.1641386,3.0,3.0,10.0,6.0,15.0,0.0,0.0,0.0,0.0,0.0,0.0,0.0,0.0,0.0,0.0,0.0,0.0,0.0,0.0,0.0,6.0,0.0,1.0,0.0,0.0,1.0,0.0,0.0,0.0,0.0,0.0,0.0,0.0,2.0,9.0,5.0,3.0,3.0,6.0,6.0,4.0,0.0,0.0,0.0,0.0,0.0,0.0,0.0,0.0,0.0,0.0,0.0,0.0,0.0,0.0,0.0,2.0,0.0,0.0,0.0,0.0,1.0,0.0,0.0,0.0,0.0,0.0,0.0,0.0,1.0,7.0,2.0,3558268404.0,-1.0,南平市建瓯市,南平市建瓯市东游镇,8.0,18.2,0.0,2.5,28.7,36.22222222222222,37.57535211267606,44.672332730560576
福建省,南平市,建瓯市,东峰镇,118.4985237,27.1043873,2.0,3.0,8.0,16.0,6.0,2.0,0.0,0.0,0.0,0.0,0.0,0.0,0.0,0.0,1.0,1.0,0.0,0.0,0.0,0.0,4.0,0.0,1.0,0.0,0.0,1.0,0.0,0.0,0.0,0.0,0.0,1.0,0.0,2.0,9.0,5.0,2.0,3.0,5.0,8.0,1.0,1.0,0.0,0.0,0.0,0.0,0.0,0.0,0.0,0.0,1.0,1.0,0.0,0.0,0.0,0.0,1.0,0.0,0.0,0.0,0.0,1.0,0.0,0.0,0.0,0.0,0.0,1.0,0.0,1.0,6.0,4.0,3707529966.0,-1.0,南平市建瓯市,南平市建瓯市东峰镇,8.0,15.5,5.0,2.5,31.0,36.22222222222222,37.57535211267606,44.672332730560576
福建省,南平市,建瓯市,小松镇,118.3864135,27.1728444,0.0,3.0,1.0,0.0,1.0,0.0,0.0,0.0,0.0,0.0,0.0,0.0,0.0,0.0,0.0,0.0,0.0,0.0,0.0,0.0,11.0,0.0,0.0,0.0,0.0,1.0,0.0,0.0,0.0,0.0,0.0,0.0,0.0,1.0,3.0,3.0,0.0,3.0,1.0,0.0,1.0,0.0,0.0,0.0,0.0,0.0,0.0,0.0,0.0,0.0,0.0,0.0,0.0,0.0,0.0,0.0,7.0,0.0,0.0,0.0,0.0,1.0,0.0,0.0,0.0,0.0,0.0,0.0,0.0,1.0,3.0,2.0,3707524013.0,-1.0,南平市建瓯市,南平市建瓯市小松镇,8.0,7.0,0.0,1.5,16.5,36.22222222222222,37.57535211267606,44.672332730560576
福建省,南平市,建瓯市,顺阳乡,118.5850289,27.0899935,0.0,0.0,0.0,2.0,0.0,0.0,0.0,0.0,0.0,0.0,0.0,0.0,0.0,0.0,0.0,0.0,0.0,0.0,0.0,0.0,6.0,0.0,0.0,0.0,0.0,3.0,0.0,0.0,0.0,0.0,0.0,0.0,0.0,2.0,2.0,1.0,0.0,0.0,0.0,2.0,0.0,0.0,0.0,0.0,0.0,0.0,0.0,0.0,0.0,0.0,0.0,0.0,0.0,0.0,0.0,0.0,2.0,0.0,0.0,0.0,0.0,1.0,0.0,0.0,0.0,0.0,0.0,0.0,0.0,1.0,1.0,1.0,3558268409.0,-1.0,南平市建瓯市,南平市建瓯市顺阳乡,10.0,3.0,0.0,0.5,13.5,36.22222222222222,37.57535211267606,44.672332730560576
福建省,南平市,建瓯市,水源乡,118.7395345,27.1611349,0.0,0.0,4.0,3.0,17.0,0.0,0.0,0.0,0.0,0.0,0.0,0.0,0.0,0.0,0.0,0.0,0.0,0.0,0.0,0.0,1.0,0.0,0.0,0.0,0.0,1.0,1.0,0.0,0.0,0.0,0.0,0.0,0.0,1.0,5.0,2.0,0.0,0.0,3.0,1.0,5.0,0.0,0.0,0.0,0.0,0.0,0.0,0.0,0.0,0.0,0.0,0.0,0.0,0.0,0.0,0.0,0.0,0.0,0.0,0.0,0.0,1.0,1.0,0.0,0.0,0.0,0.0,0.0,0.0,1.0,3.0,1.0,3558268405.0,-1.0,南平市建瓯市,南平市建瓯市水源乡,8.0,15.4,0.0,1.2,24.599999999999998,36.22222222222222,37.57535211267606,44.672332730560576
福建省,南平市,建瓯市,川石乡,118.684631,27.252095,2.0,0.0,0.0,0.0,26.0,0.0,0.0,0.0,0.0,0.0,0.0,0.0,0.0,0.0,0.0,0.0,0.0,0.0,0.0,0.0,2.0,0.0,1.0,0.0,0.0,2.0,0.0,0.0,0.0,0.0,0.0,0.0,0.0,2.0,7.0,5.0,1.0,0.0,0.0,0.0,8.0,0.0,0.0,0.0,0.0,0.0,0.0,0.0,0.0,0.0,0.0,0.0,0.0,0.0,0.0,0.0,2.0,0.0,0.0,0.0,0.0,1.0,0.0,0.0,0.0,0.0,0.0,0.0,0.0,2.0,6.0,2.0,8243306038.0,-1.0,南平市建瓯市,南平市建瓯市川石乡,9.0,16.1,0.0,2.5,27.6,36.22222222222222,37.57535211267606,44.672332730560576
福建省,南平市,建瓯市,龙村乡,118.4934846,27.2580667,0.0,0.0,2.0,2.0,1.0,0.0,0.0,0.0,0.0,0.0,0.0,0.0,0.0,0.0,0.0,0.0,0.0,0.0,0.0,0.0,0.0,0.0,0.0,0.0,0.0,2.0,0.0,0.0,0.0,0.0,0.0,0.0,0.0,1.0,3.0,2.0,0.0,0.0,2.0,2.0,1.0,0.0,0.0,0.0,0.0,0.0,0.0,0.0,0.0,0.0,0.0,0.0,0.0,0.0,0.0,0.0,0.0,0.0,0.0,0.0,0.0,1.0,0.0,0.0,0.0,0.0,0.0,0.0,0.0,1.0,3.0,0.0,4273277331.0,-1.0,南平市建瓯市,南平市建瓯市龙村乡,9.0,9.0,0.0,1.0,19.0,36.22222222222222,37.57535211267606,44.672332730560576
福建省,龙岩市,新罗区,东城街道,117.0465373,25.1143574,27.0,19.0,55.0,36.0,70.0,3.0,0.0,48.0,42.0,0.0,3.0,2.0,2.0,2.0,4.0,4.0,0.0,0.0,5.0,7.0,13.0,0.0,3.0,0.0,0.0,5.0,36.0,0.0,0.0,4.0,4.0,37.0,2.0,8.0,21.0,12.0,13.0,4.0,1.0,0.0,5.0,0.0,0.0,0.0,0.0,0.0,0.0,0.0,0.0,0.0,1.0,1.0,0.0,0.0,0.0,0.0,1.0,0.0,2.0,0.0,0.0,1.0,1.0,0.0,0.0,0.0,0.0,4.0,0.0,4.0,8.0,7.0,8201276107.0,-1.0,龙岩市新罗区,龙岩市新罗区东城街道,12.0,28.0,10.0,8.100000000000001,58.1,51.06,35.172180451127815,44.672332730560576
福建省,龙岩市,新罗区,南城街道,117.0452499,25.0904184,16.0,24.0,108.0,47.0,92.0,7.0,3.0,97.0,50.0,5.0,1.0,2.0,3.0,3.0,6.0,6.0,0.0,0.0,13.0,11.0,9.0,0.0,1.0,0.0,0.0,7.0,164.0,0.0,0.0,1.0,1.0,55.0,3.0,10.0,20.0,15.0,9.0,6.0,10.0,3.0,10.0,1.0,0.0,13.0,4.0,0.0,0.0,0.0,0.0,0.0,1.0,1.0,0.0,0.0,1.0,0.0,2.0,0.0,0.0,0.0,0.0,1.0,42.0,0.0,0.0,1.0,1.0,6.0,0.0,5.0,12.0,5.0,8201276108.0,-1.0,龙岩市新罗区,龙岩市新罗区南城街道,12.0,30.0,12.0,20.0,74.0,51.06,35.172180451127815,44.672332730560576
福建省,龙岩市,新罗区,西城街道,117.0225906,25.0916621,17.0,35.0,162.0,52.0,106.0,15.0,3.0,129.0,116.0,6.0,1.0,3.0,4.0,4.0,8.0,8.0,0.0,0.0,15.0,21.0,21.0,2.0,0.0,0.0,0.0,9.0,204.0,0.0,0.0,4.0,2.0,67.0,7.0,16.0,21.0,16.0,0.0,2.0,38.0,6.0,43.0,1.0,2.0,26.0,23.0,4.0,0.0,0.0,1.0,1.0,1.0,1.0,0.0,0.0,8.0,11.0,7.0,1.0,0.0,0.0,0.0,2.0,106.0,0.0,0.0,0.0,0.0,19.0,3.0,3.0,12.0,8.0,8201276109.0,-1.0,龙岩市新罗区,龙岩市新罗区西城街道,12.0,30.0,23.0,20.0,85.0,51.06,35.172180451127815,44.672332730560576
福建省,龙岩市,新罗区,中城街道,117.0214748,25.1095389,14.0,20.0,133.0,46.0,84.0,7.0,2.0,59.0,128.0,4.0,1.0,2.0,4.0,4.0,6.0,6.0,0.0,0.0,15.0,21.0,26.0,3.0,4.0,0.0,0.0,7.0,159.0,0.0,0.0,1.0,4.0,59.0,6.0,14.0,23.0,14.0,4.0,4.0,14.0,8.0,4.0,0.0,0.0,1.0,28.0,0.0,0.0,0.0,1.0,1.0,4.0,4.0,0.0,0.0,2.0,2.0,3.0,0.0,0.0,0.0,0.0,1.0,2.0,0.0,0.0,0.0,1.0,21.0,0.0,3.0,9.0,4.0,8201276110.0,-1.0,龙岩市新罗区,龙岩市新罗区中城街道,12.0,30.0,19.0,20.0,81.0,51.06,35.172180451127815,44.672332730560576
福建省,龙岩市,新罗区,西陂街道,117.010556,25.091667,12.0,30.0,173.0,54.0,100.0,14.0,3.0,123.0,121.0,6.0,0.0,3.0,3.0,3.0,7.0,7.0,0.0,0.0,15.0,21.0,22.0,2.0,1.0,0.0,0.0,7.0,177.0,0.0,0.0,3.0,2.0,58.0,8.0,12.0,21.0,16.0,0.0,4.0,25.0,4.0,10.0,3.0,0.0,0.0,19.0,0.0,0.0,0.0,0.0,0.0,1.0,1.0,0.0,0.0,6.0,9.0,14.0,1.0,0.0,0.0,0.0,2.0,80.0,0.0,0.0,0.0,0.0,8.0,2.0,3.0,9.0,5.0,8201276112.0,-1.0,龙岩市新罗区,龙岩市新罗区西陂街道,12.0,28.0,18.0,20.0,78.0,51.06,35.172180451127815,44.672332730560576
福建省,龙岩市,新罗区,曹溪街道,117.031531,25.070447,30.0,37.0,94.0,64.0,108.0,13.0,3.0,104.0,38.0,6.0,0.0,1.0,1.0,1.0,4.0,4.0,0.0,0.0,9.0,13.0,20.0,1.0,1.0,0.0,0.0,5.0,153.0,0.0,0.0,0.0,1.0,36.0,4.0,10.0,20.0,13.0,2.0,13.0,18.0,6.0,16.0,1.0,0.0,10.0,1.0,1.0,0.0,0.0,0.0,0.0,1.0,1.0,0.0,0.0,0.0,0.0,1.0,0.0,0.0,0.0,0.0,1.0,1.0,0.0,0.0,0.0,0.0,2.0,0.0,4.0,13.0,5.0,8201276113.0,-1.0,龙岩市新罗区,龙岩市新罗区曹溪街道,12.0,28.0,10.0,19.4,69.4,51.06,35.172180451127815,44.672332730560576
福建省,龙岩市,新罗区,东肖街道,117.008001,25.028581,6.0,4.0,8.0,22.0,82.0,24.0,0.0,41.0,0.0,3.0,0.0,0.0,0.0,0.0,0.0,2.0,0.0,0.0,0.0,0.0,19.0,0.0,3.0,0.0,4.0,1.0,105.0,0.0,20.0,0.0,2.0,20.0,34.0,6.0,17.0,16.0,6.0,0.0,2.0,7.0,31.0,4.0,0.0,2.0,0.0,2.0,0.0,0.0,0.0,0.0,0.0,1.0,0.0,0.0,0.0,0.0,7.0,0.0,2.0,0.0,2.0,1.0,26.0,0.0,2.0,0.0,0.0,11.0,2.0,3.0,10.0,10.0,8201276114.0,-1.0,龙岩市新罗区,龙岩市新罗区东肖街道,8.0,26.0,0.0,17.1,51.1,51.06,35.172180451127815,44.672332730560576
福建省,龙岩市,新罗区,龙门街道,116.967822,25.096973,22.0,5.0,36.0,11.0,37.0,11.0,0.0,0.0,14.0,2.0,2.0,0.0,0.0,0.0,3.0,3.0,0.0,0.0,2.0,0.0,6.0,1.0,1.0,0.0,0.0,2.0,30.0,0.0,0.0,7.0,0.0,6.0,0.0,9.0,17.0,8.0,8.0,2.0,0.0,1.0,5.0,0.0,0.0,0.0,0.0,0.0,0.0,0.0,0.0,0.0,1.0,1.0,0.0,0.0,2.0,0.0,2.0,0.0,0.0,0.0,0.0,1.0,2.0,0.0,0.0,0.0,0.0,0.0,0.0,6.0,8.0,4.0,8201276115.0,-1.0,龙岩市新罗区,龙岩市新罗区龙门街道,9.0,28.9,7.0,7.9,52.8,51.06,35.172180451127815,44.672332730560576
福建省,龙岩市,新罗区,铁山街道,117.059631,25.140484,16.0,9.0,0.0,15.0,28.0,0.0,0.0,0.0,1.0,0.0,2.0,0.0,0.0,0.0,2.0,2.0,0.0,0.0,0.0,0.0,4.0,0.0,6.0,0.0,0.0,1.0,2.0,0.0,0.0,4.0,0.0,0.0,1.0,4.0,12.0,8.0,3.0,1.0,0.0,7.0,17.0,0.0,0.0,0.0,1.0,0.0,0.0,0.0,0.0,0.0,1.0,1.0,0.0,0.0,0.0,0.0,1.0,0.0,1.0,0.0,0.0,1.0,0.0,0.0,0.0,1.0,0.0,0.0,1.0,3.0,8.0,5.0,8201276106.0,-1.0,龙岩市新罗区,龙岩市新罗区铁山街道,8.0,28.0,5.0,4.7,45.7,51.06,35.172180451127815,44.672332730560576
福建省,龙岩市,新罗区,北城街道,116.9855116,25.1076737,16.0,6.0,77.0,21.0,35.0,14.0,0.0,0.0,59.0,0.0,2.0,0.0,1.0,1.0,3.0,3.0,0.0,0.0,4.0,5.0,14.0,1.0,2.0,0.0,0.0,2.0,41.0,0.0,0.0,5.0,0.0,2.0,3.0,10.0,18.0,10.0,10.0,0.0,15.0,4.0,18.0,0.0,0.0,0.0,14.0,0.0,0.0,0.0,0.0,0.0,0.0,0.0,0.0,0.0,0.0,0.0,0.0,1.0,1.0,0.0,0.0,1.0,17.0,0.0,0.0,0.0,0.0,0.0,0.0,6.0,10.0,5.0,8201276103.0,-1.0,龙岩市新罗区,龙岩市新罗区北城街道,9.0,28.0,0.0,10.3,47.3,51.06,35.172180451127815,44.672332730560576
福建省,龙岩市,新罗区,红坊镇,116.9604731,25.0295636,15.0,0.0,5.0,27.0,37.0,5.0,0.0,8.0,12.0,0.0,0.0,0.0,0.0,0.0,0.0,0.0,0.0,0.0,0.0,0.0,22.0,4.0,15.0,0.0,1.0,1.0,13.0,0.0,0.0,5.0,0.0,4.0,1.0,5.0,17.0,13.0,11.0,0.0,3.0,15.0,16.0,2.0,0.0,5.0,0.0,0.0,0.0,0.0,0.0,0.0,0.0,0.0,0.0,0.0,0.0,0.0,8.0,4.0,5.0,0.0,0.0,1.0,1.0,0.0,0.0,1.0,0.0,2.0,0.0,5.0,14.0,8.0,4553127775.0,-1.0,龙岩市新罗区,龙岩市新罗区红坊镇,8.0,26.0,0.0,6.0,40.0,51.06,35.172180451127815,44.672332730560576
福建省,龙岩市,新罗区,适中镇,117.1036374,24.8823074,7.0,0.0,5.0,1.0,78.0,149.0,0.0,1.0,0.0,0.0,2.0,1.0,1.0,1.0,4.0,5.0,1.0,0.0,0.0,1.0,47.0,0.0,11.0,0.0,0.0,19.0,198.0,0.0,0.0,0.0,1.0,10.0,1.0,2.0,7.0,10.0,3.0,0.0,0.0,0.0,41.0,67.0,0.0,0.0,0.0,0.0,1.0,1.0,1.0,1.0,3.0,4.0,0.0,0.0,0.0,1.0,12.0,0.0,0.0,0.0,0.0,9.0,102.0,0.0,0.0,0.0,1.0,9.0,1.0,2.0,3.0,5.0,8201276111.0,11988742.0,龙岩市新罗区,龙岩市新罗区适中镇,20.0,25.5,16.0,20.0,81.5,51.06,35.172180451127815,44.672332730560576
福建省,龙岩市,新罗区,雁石镇,117.1431773,25.2544216,9.0,10.0,0.0,14.0,11.0,2.0,0.0,0.0,2.0,0.0,0.0,0.0,0.0,0.0,1.0,1.0,0.0,0.0,0.0,0.0,1.0,0.0,3.0,0.0,0.0,1.0,2.0,0.0,0.0,4.0,0.0,1.0,0.0,4.0,9.0,6.0,6.0,8.0,0.0,3.0,9.0,0.0,0.0,0.0,1.0,0.0,0.0,0.0,0.0,0.0,1.0,1.0,0.0,0.0,0.0,0.0,0.0,0.0,0.0,0.0,0.0,1.0,0.0,0.0,0.0,0.0,0.0,1.0,0.0,2.0,5.0,3.0,4473253056.0,-1.0,龙岩市新罗区,龙岩市新罗区雁石镇,8.0,20.9,5.0,3.6,37.5,51.06,35.172180451127815,44.672332730560576
福建省,龙岩市,新罗区,白沙镇,117.2274635,25.3837996,0.0,6.0,0.0,5.0,5.0,0.0,0.0,0.0,0.0,0.0,0.0,0.0,0.0,0.0,0.0,0.0,0.0,0.0,0.0,0.0,0.0,0.0,0.0,0.0,0.0,1.0,0.0,0.0,0.0,0.0,0.0,0.0,0.0,1.0,3.0,3.0,0.0,3.0,0.0,5.0,1.0,0.0,0.0,0.0,0.0,0.0,0.0,0.0,0.0,0.0,0.0,0.0,0.0,0.0,0.0,0.0,0.0,0.0,0.0,0.0,0.0,1.0,0.0,0.0,0.0,0.0,0.0,0.0,0.0,1.0,3.0,1.0,4191929636.0,-1.0,龙岩市新罗区,龙岩市新罗区白沙镇,8.0,12.8,0.0,1.5,22.3,51.06,35.172180451127815,44.672332730560576
福建省,龙岩市,新罗区,万安镇,117.0616458,25.4106773,0.0,0.0,4.0,3.0,17.0,1.0,0.0,0.0,0.0,0.0,0.0,0.0,0.0,0.0,2.0,2.0,0.0,0.0,0.0,0.0,0.0,0.0,0.0,0.0,0.0,1.0,1.0,0.0,0.0,0.0,0.0,0.0,0.0,2.0,5.0,2.0,0.0,0.0,3.0,2.0,16.0,1.0,0.0,0.0,0.0,0.0,0.0,0.0,0.0,0.0,2.0,2.0,0.0,0.0,0.0,0.0,0.0,0.0,0.0,0.0,0.0,1.0,0.0,0.0,0.0,0.0,0.0,0.0,0.0,1.0,5.0,1.0,4473298680.0,-1.0,龙岩市新罗区,龙岩市新罗区万安镇,8.0,18.7,5.0,1.1,32.8,51.06,35.172180451127815,44.672332730560576
福建省,龙岩市,新罗区,大池镇,116.8011666,25.1272285,1.0,0.0,1.0,18.0,12.0,7.0,0.0,0.0,0.0,0.0,0.0,0.0,0.0,0.0,1.0,1.0,0.0,0.0,0.0,0.0,29.0,0.0,2.0,0.0,0.0,1.0,7.0,0.0,0.0,2.0,0.0,0.0,1.0,4.0,6.0,8.0,1.0,0.0,0.0,10.0,4.0,2.0,0.0,0.0,0.0,0.0,0.0,0.0,0.0,0.0,1.0,1.0,0.0,0.0,0.0,0.0,8.0,0.0,0.0,0.0,0.0,1.0,4.0,0.0,0.0,1.0,0.0,0.0,0.0,3.0,5.0,4.0,2460781542.0,-1.0,龙岩市新罗区,龙岩市新罗区大池镇,8.0,16.6,5.0,5.4,35.0,51.06,35.172180451127815,44.672332730560576
福建省,龙岩市,新罗区,小池镇,116.885438,25.144341,2.0,6.0,7.0,8.0,18.0,3.0,0.0,8.0,1.0,0.0,0.0,0.0,0.0,0.0,0.0,0.0,0.0,0.0,0.0,0.0,0.0,0.0,0.0,0.0,0.0,2.0,11.0,0.0,2.0,0.0,1.0,0.0,0.0,6.0,11.0,3.0,0.0,0.0,1.0,0.0,7.0,0.0,0.0,5.0,0.0,0.0,0.0,0.0,0.0,0.0,0.0,0.0,0.0,0.0,0.0,0.0,0.0,0.0,0.0,0.0,0.0,1.0,3.0,0.0,2.0,0.0,1.0,0.0,0.0,1.0,4.0,1.0,2540079381.0,-1.0,龙岩市新罗区,龙岩市新罗区小池镇,9.0,21.7,0.0,2.9000000000000004,33.6,51.06,35.172180451127815,44.672332730560576
福建省,龙岩市,新罗区,江山镇,116.973284,25.180165,0.0,0.0,4.0,7.0,3.0,1.0,0.0,1.0,0.0,0.0,0.0,0.0,0.0,0.0,0.0,0.0,0.0,0.0,0.0,0.0,1.0,0.0,2.0,0.0,0.0,2.0,0.0,0.0,0.0,0.0,0.0,0.0,0.0,1.0,9.0,4.0,0.0,0.0,2.0,6.0,1.0,1.0,0.0,0.0,0.0,0.0,0.0,0.0,0.0,0.0,0.0,0.0,0.0,0.0,0.0,0.0,1.0,0.0,0.0,0.0,0.0,1.0,0.0,0.0,0.0,0.0,0.0,0.0,0.0,1.0,5.0,2.0,2540079372.0,-1.0,龙岩市新罗区,龙岩市新罗区江山镇,9.0,14.9,0.0,2.0,25.9,51.06,35.172180451127815,44.672332730560576
福建省,龙岩市,新罗区,岩山镇,117.1813371,25.1514757,0.0,0.0,4.0,2.0,8.0,3.0,0.0,0.0,0.0,0.0,0.0,0.0,0.0,0.0,0.0,0.0,0.0,0.0,0.0,0.0,5.0,0.0,2.0,0.0,0.0,1.0,0.0,0.0,0.0,1.0,0.0,0.0,0.0,2.0,5.0,6.0,0.0,0.0,1.0,2.0,7.0,0.0,0.0,0.0,0.0,0.0,0.0,0.0,0.0,0.0,0.0,0.0,0.0,0.0,0.0,0.0,2.0,0.0,0.0,0.0,0.0,1.0,0.0,0.0,0.0,0.0,0.0,0.0,0.0,2.0,4.0,4.0,8201276105.0,-1.0,龙岩市新罗区,龙岩市新罗区岩山镇,8.0,13.2,0.0,3.1,24.3,51.06,35.172180451127815,44.672332730560576
福建省,龙岩市,新罗区,苏坂镇,117.274722,25.315,5.0,2.0,0.0,6.0,19.0,1.0,0.0,18.0,0.0,0.0,0.0,1.0,1.0,1.0,2.0,2.0,0.0,0.0,0.0,2.0,1.0,0.0,0.0,0.0,0.0,5.0,6.0,0.0,0.0,1.0,0.0,1.0,1.0,3.0,11.0,8.0,2.0,0.0,0.0,2.0,4.0,1.0,0.0,0.0,0.0,0.0,0.0,1.0,0.0,0.0,1.0,1.0,0.0,0.0,0.0,0.0,0.0,0.0,0.0,0.0,0.0,1.0,2.0,0.0,0.0,0.0,0.0,0.0,0.0,3.0,5.0,2.0,8201276104.0,-1.0,龙岩市新罗区,龙岩市新罗区苏坂镇,12.0,19.0,10.0,4.9,45.9,51.06,35.172180451127815,44.672332730560576
福建省,龙岩市,永定区,凤城街道,116.7271416,24.7219026,21.0,17.0,25.0,39.0,41.0,8.0,0.0,7.0,1.0,0.0,0.0,1.0,0.0,0.0,6.0,6.0,0.0,0.0,0.0,0.0,18.0,3.0,4.0,0.0,4.0,2.0,3.0,0.0,0.0,0.0,1.0,15.0,0.0,5.0,12.0,9.0,3.0,0.0,14.0,23.0,16.0,2.0,0.0,6.0,0.0,0.0,0.0,1.0,0.0,0.0,2.0,2.0,0.0,0.0,0.0,0.0,12.0,2.0,0.0,0.0,1.0,2.0,3.0,0.0,0.0,0.0,1.0,12.0,0.0,5.0,8.0,7.0,645002143.0,11976525.0,龙岩市永定区,龙岩市永定区凤城街道,17.0,26.0,10.0,4.6,57.6,37.12916666666667,35.172180451127815,44.672332730560576
福建省,龙岩市,永定区,坎市镇,116.888333,24.918611,6.0,0.0,15.0,1.0,17.0,17.0,0.0,0.0,0.0,0.0,0.0,0.0,0.0,0.0,0.0,0.0,0.0,0.0,0.0,0.0,11.0,0.0,8.0,0.0,0.0,1.0,7.0,0.0,0.0,6.0,0.0,3.0,0.0,3.0,9.0,8.0,6.0,0.0,9.0,0.0,6.0,0.0,0.0,0.0,0.0,0.0,0.0,0.0,0.0,0.0,0.0,0.0,0.0,0.0,0.0,0.0,0.0,0.0,2.0,0.0,0.0,1.0,3.0,0.0,0.0,0.0,0.0,2.0,0.0,3.0,6.0,5.0,2095389215.0,-1.0,龙岩市永定区,龙岩市永定区坎市镇,8.0,15.2,0.0,5.6,28.799999999999997,37.12916666666667,35.172180451127815,44.672332730560576
福建省,龙岩市,永定区,下洋镇,116.827245,24.599661,4.0,0.0,0.0,21.0,26.0,3.0,0.0,3.0,0.0,0.0,0.0,0.0,1.0,1.0,1.0,1.0,0.0,0.0,0.0,1.0,5.0,0.0,5.0,0.0,0.0,2.0,17.0,0.0,0.0,0.0,0.0,0.0,1.0,3.0,10.0,5.0,2.0,0.0,0.0,10.0,22.0,0.0,0.0,0.0,0.0,0.0,0.0,0.0,1.0,1.0,1.0,1.0,0.0,0.0,0.0,1.0,0.0,0.0,0.0,0.0,0.0,1.0,0.0,0.0,0.0,0.0,0.0,0.0,1.0,3.0,5.0,2.0,2095389219.0,-1.0,龙岩市永定区,龙岩市永定区下洋镇,9.0,24.0,11.0,4.2,48.2,37.12916666666667,35.172180451127815,44.672332730560576
福建省,龙岩市,永定区,湖雷镇,116.8168871,24.7970404,0.0,0.0,9.0,27.0,11.0,0.0,0.0,0.0,0.0,0.0,0.0,0.0,0.0,0.0,0.0,0.0,0.0,0.0,0.0,0.0,10.0,0.0,0.0,0.0,0.0,2.0,1.0,0.0,0.0,0.0,0.0,1.0,0.0,3.0,7.0,5.0,0.0,0.0,7.0,15.0,8.0,0.0,0.0,0.0,0.0,0.0,0.0,0.0,0.0,0.0,0.0,0.0,0.0,0.0,0.0,0.0,5.0,0.0,0.0,0.0,0.0,2.0,0.0,0.0,0.0,0.0,0.0,0.0,0.0,3.0,4.0,3.0,3752454054.0,-1.0,龙岩市永定区,龙岩市永定区湖雷镇,9.0,18.1,0.0,2.6,29.700000000000003,37.12916666666667,35.172180451127815,44.672332730560576
福建省,龙岩市,永定区,高陂镇,116.8715065,24.9771511,1.0,0.0,37.0,21.0,86.0,25.0,0.0,2.0,0.0,0.0,0.0,0.0,0.0,0.0,5.0,5.0,0.0,0.0,0.0,0.0,80.0,1.0,32.0,0.0,4.0,2.0,73.0,0.0,0.0,5.0,0.0,6.0,1.0,4.0,13.0,15.0,0.0,0.0,5.0,4.0,8.0,3.0,0.0,0.0,0.0,0.0,0.0,0.0,0.0,0.0,1.0,1.0,0.0,0.0,0.0,0.0,8.0,0.0,4.0,0.0,3.0,1.0,4.0,0.0,0.0,0.0,0.0,2.0,0.0,1.0,7.0,10.0,2095389212.0,-1.0,龙岩市永定区,龙岩市永定区高陂镇,9.0,24.0,5.0,12.200000000000001,50.2,37.12916666666667,35.172180451127815,44.672332730560576
福建省,龙岩市,永定区,抚市镇,116.91867,24.836771,7.0,1.0,14.0,13.0,55.0,0.0,0.0,0.0,0.0,0.0,1.0,0.0,0.0,0.0,3.0,3.0,0.0,0.0,0.0,0.0,57.0,0.0,3.0,0.0,0.0,1.0,17.0,0.0,0.0,3.0,0.0,3.0,3.0,2.0,9.0,11.0,1.0,0.0,0.0,6.0,37.0,0.0,0.0,0.0,0.0,0.0,1.0,0.0,0.0,0.0,3.0,3.0,0.0,0.0,0.0,0.0,12.0,0.0,0.0,0.0,0.0,1.0,10.0,0.0,0.0,0.0,0.0,3.0,3.0,2.0,6.0,7.0,2095389211.0,-1.0,龙岩市永定区,龙岩市永定区抚市镇,8.0,26.0,5.0,7.0,46.0,37.12916666666667,35.172180451127815,44.672332730560576
福建省,龙岩市,永定区,湖坑镇,116.9460538,24.6495045,4.0,18.0,0.0,15.0,29.0,24.0,0.0,0.0,1.0,7.0,1.0,0.0,0.0,0.0,2.0,2.0,0.0,0.0,0.0,4.0,25.0,1.0,3.0,0.0,0.0,2.0,51.0,0.0,0.0,3.0,0.0,2.0,7.0,5.0,13.0,10.0,1.0,10.0,0.0,6.0,14.0,3.0,0.0,0.0,0.0,1.0,0.0,0.0,0.0,0.0,2.0,2.0,0.0,0.0,0.0,1.0,7.0,0.0,1.0,0.0,0.0,1.0,26.0,0.0,0.0,2.0,0.0,1.0,1.0,4.0,7.0,7.0,2095389214.0,-1.0,龙岩市永定区,龙岩市永定区湖坑镇,9.0,30.0,6.0,12.200000000000001,57.2,37.12916666666667,35.172180451127815,44.672332730560576
福建省,龙岩市,永定区,培丰镇,116.940711,24.9117559,0.0,0.0,8.0,5.0,41.0,2.0,0.0,0.0,0.0,0.0,0.0,0.0,0.0,0.0,0.0,0.0,0.0,0.0,0.0,0.0,3.0,0.0,0.0,0.0,0.0,1.0,1.0,0.0,0.0,0.0,0.0,0.0,0.0,2.0,8.0,6.0,0.0,0.0,1.0,2.0,25.0,2.0,0.0,0.0,0.0,0.0,0.0,0.0,0.0,0.0,0.0,0.0,0.0,0.0,0.0,0.0,0.0,0.0,0.0,0.0,0.0,1.0,0.0,0.0,0.0,0.0,0.0,0.0,0.0,2.0,7.0,4.0,2095389217.0,-1.0,龙岩市永定区,龙岩市永定区培丰镇,8.0,24.0,0.0,3.1,35.1,37.12916666666667,35.172180451127815,44.672332730560576
福建省,龙岩市,永定区,龙潭镇,117.008073,24.846683,0.0,0.0,6.0,7.0,14.0,20.0,0.0,0.0,0.0,0.0,0.0,0.0,0.0,0.0,0.0,0.0,0.0,0.0,0.0,0.0,22.0,0.0,11.0,0.0,0.0,1.0,10.0,0.0,0.0,3.0,0.0,1.0,0.0,1.0,6.0,9.0,0.0,0.0,3.0,1.0,5.0,0.0,0.0,0.0,0.0,0.0,0.0,0.0,0.0,0.0,0.0,0.0,0.0,0.0,0.0,0.0,6.0,0.0,0.0,0.0,0.0,1.0,4.0,0.0,0.0,1.0,0.0,0.0,0.0,1.0,4.0,5.0,8191462081.0,-1.0,龙岩市永定区,龙岩市永定区龙潭镇,8.0,17.3,0.0,5.8,31.1,37.12916666666667,35.172180451127815,44.672332730560576
福建省,龙岩市,永定区,峰市镇,116.6218014,24.6757309,0.0,2.0,7.0,0.0,24.0,1.0,0.0,0.0,0.0,0.0,0.0,0.0,0.0,0.0,0.0,0.0,0.0,0.0,0.0,0.0,5.0,0.0,0.0,0.0,0.0,2.0,0.0,0.0,0.0,0.0,0.0,0.0,0.0,14.0,6.0,4.0,0.0,1.0,5.0,0.0,5.0,0.0,0.0,0.0,0.0,0.0,0.0,0.0,0.0,0.0,0.0,0.0,0.0,0.0,0.0,0.0,1.0,0.0,0.0,0.0,0.0,1.0,0.0,0.0,0.0,0.0,0.0,0.0,0.0,2.0,4.0,2.0,2095389210.0,-1.0,龙岩市永定区,龙岩市永定区峰市镇,9.0,14.3,0.0,2.0,25.3,37.12916666666667,35.172180451127815,44.672332730560576
福建省,龙岩市,永定区,城郊镇,116.7013422,24.7062284,5.0,17.0,9.0,11.0,18.0,0.0,0.0,0.0,0.0,0.0,0.0,0.0,0.0,0.0,5.0,5.0,0.0,0.0,0.0,0.0,11.0,1.0,3.0,0.0,1.0,1.0,2.0,0.0,0.0,2.0,1.0,3.0,0.0,5.0,8.0,9.0,0.0,7.0,2.0,1.0,0.0,0.0,0.0,0.0,0.0,0.0,0.0,0.0,0.0,0.0,2.0,2.0,0.0,0.0,0.0,0.0,0.0,0.0,1.0,0.0,0.0,1.0,0.0,0.0,0.0,2.0,0.0,0.0,0.0,3.0,3.0,3.0,8191462089.0,-1.0,龙岩市永定区,龙岩市永定区城郊镇,8.0,17.6,5.0,4.6,35.2,37.12916666666667,35.172180451127815,44.672332730560576
福建省,龙岩市,永定区,仙师镇,116.6251792,24.6957733,0.0,2.0,5.0,0.0,22.0,0.0,0.0,0.0,0.0,0.0,0.0,0.0,0.0,0.0,0.0,0.0,0.0,0.0,0.0,0.0,3.0,0.0,0.0,0.0,0.0,2.0,0.0,0.0,0.0,0.0,0.0,0.0,0.0,4.0,4.0,4.0,0.0,1.0,3.0,0.0,13.0,0.0,0.0,0.0,0.0,0.0,0.0,0.0,0.0,0.0,0.0,0.0,0.0,0.0,0.0,0.0,2.0,0.0,0.0,0.0,0.0,1.0,0.0,0.0,0.0,0.0,0.0,0.0,0.0,2.0,4.0,3.0,8191462088.0,-1.0,龙岩市永定区,龙岩市永定区仙师镇,9.0,15.3,0.0,2.0,26.3,37.12916666666667,35.172180451127815,44.672332730560576
福建省,龙岩市,永定区,虎岗镇,116.793405,24.996616,0.0,0.0,12.0,13.0,48.0,3.0,0.0,9.0,0.0,0.0,0.0,0.0,0.0,0.0,1.0,1.0,0.0,0.0,0.0,0.0,26.0,1.0,2.0,0.0,0.0,1.0,19.0,0.0,0.0,1.0,0.0,2.0,0.0,2.0,7.0,9.0,0.0,0.0,3.0,5.0,22.0,0.0,0.0,0.0,0.0,0.0,0.0,0.0,0.0,0.0,1.0,1.0,0.0,0.0,0.0,0.0,15.0,0.0,2.0,0.0,0.0,1.0,4.0,0.0,0.0,0.0,0.0,1.0,0.0,2.0,4.0,7.0,8191462082.0,-1.0,龙岩市永定区,龙岩市永定区虎岗镇,8.0,23.5,5.0,6.4,42.9,37.12916666666667,35.172180451127815,44.672332730560576
福建省,龙岩市,永定区,堂堡镇,116.811784,24.873877,0.0,0.0,3.0,4.0,24.0,3.0,0.0,0.0,0.0,0.0,0.0,0.0,0.0,0.0,1.0,1.0,0.0,0.0,0.0,0.0,2.0,0.0,0.0,0.0,0.0,1.0,0.0,0.0,0.0,0.0,0.0,0.0,0.0,1.0,7.0,4.0,0.0,0.0,2.0,3.0,7.0,3.0,0.0,0.0,0.0,0.0,0.0,0.0,0.0,0.0,1.0,1.0,0.0,0.0,0.0,0.0,1.0,0.0,0.0,0.0,0.0,1.0,0.0,0.0,0.0,0.0,0.0,0.0,0.0,1.0,6.0,3.0,8191462083.0,-1.0,龙岩市永定区,龙岩市永定区堂堡镇,8.0,19.4,5.0,2.0,34.4,37.12916666666667,35.172180451127815,44.672332730560576
福建省,龙岩市,永定区,岐岭镇,116.8797331,24.6676195,16.0,0.0,0.0,1.0,8.0,0.0,0.0,0.0,0.0,0.0,0.0,0.0,0.0,0.0,0.0,0.0,0.0,0.0,0.0,0.0,0.0,0.0,3.0,0.0,0.0,1.0,1.0,0.0,0.0,0.0,0.0,0.0,0.0,5.0,7.0,4.0,14.0,0.0,0.0,0.0,1.0,0.0,0.0,0.0,0.0,0.0,0.0,0.0,0.0,0.0,0.0,0.0,0.0,0.0,0.0,0.0,0.0,0.0,0.0,0.0,0.0,1.0,0.0,0.0,0.0,0.0,0.0,0.0,0.0,3.0,4.0,2.0,2095389218.0,-1.0,龙岩市永定区,龙岩市永定区岐岭镇,8.0,11.4,0.0,2.1,21.5,37.12916666666667,35.172180451127815,44.672332730560576
福建省,龙岩市,永定区,金砂镇,116.684952,24.748161,10.0,2.0,0.0,0.0,27.0,1.0,0.0,0.0,0.0,0.0,0.0,0.0,0.0,0.0,0.0,0.0,0.0,0.0,0.0,0.0,0.0,0.0,2.0,0.0,3.0,1.0,2.0,0.0,0.0,1.0,0.0,0.0,1.0,3.0,7.0,7.0,3.0,0.0,0.0,0.0,22.0,0.0,0.0,0.0,0.0,0.0,0.0,0.0,0.0,0.0,0.0,0.0,0.0,0.0,0.0,0.0,0.0,0.0,1.0,0.0,0.0,1.0,2.0,0.0,0.0,1.0,0.0,0.0,1.0,2.0,3.0,4.0,8191462086.0,-1.0,龙岩市永定区,龙岩市永定区金砂镇,8.0,20.5,0.0,4.1,32.6,37.12916666666667,35.172180451127815,44.672332730560576
福建省,龙岩市,永定区,洪山镇,116.515363,24.746301,0.0,6.0,2.0,2.0,34.0,9.0,0.0,9.0,0.0,0.0,0.0,0.0,0.0,0.0,1.0,1.0,0.0,0.0,0.0,0.0,3.0,0.0,3.0,0.0,1.0,4.0,1.0,0.0,0.0,1.0,0.0,0.0,0.0,3.0,12.0,13.0,0.0,2.0,0.0,1.0,12.0,1.0,0.0,4.0,0.0,0.0,0.0,0.0,0.0,0.0,1.0,1.0,0.0,0.0,0.0,0.0,2.0,0.0,2.0,0.0,0.0,1.0,1.0,0.0,0.0,1.0,0.0,0.0,0.0,1.0,8.0,7.0,8191462087.0,-1.0,龙岩市永定区,龙岩市永定区洪山镇,11.0,21.4,5.0,4.4,41.8,37.12916666666667,35.172180451127815,44.672332730560576
福建省,龙岩市,永定区,高头镇,117.0084232,24.6628488,0.0,14.0,0.0,7.0,39.0,17.0,0.0,19.0,2.0,5.0,1.0,0.0,0.0,0.0,1.0,1.0,0.0,0.0,0.0,0.0,28.0,0.0,1.0,0.0,0.0,5.0,100.0,0.0,0.0,2.0,1.0,2.0,5.0,8.0,16.0,9.0,0.0,9.0,0.0,3.0,27.0,7.0,0.0,19.0,2.0,5.0,0.0,0.0,0.0,0.0,0.0,0.0,0.0,0.0,0.0,0.0,5.0,0.0,0.0,0.0,0.0,5.0,61.0,0.0,0.0,1.0,1.0,2.0,5.0,4.0,12.0,8.0,2676626831.0,-1.0,龙岩市永定区,龙岩市永定区高头镇,12.0,30.0,0.0,20.0,62.0,37.12916666666667,35.172180451127815,44.672332730560576
福建省,龙岩市,永定区,西溪乡,116.732424,24.781184,0.0,0.0,0.0,3.0,10.0,3.0,0.0,0.0,0.0,0.0,0.0,0.0,0.0,0.0,0.0,0.0,0.0,0.0,0.0,0.0,3.0,0.0,1.0,0.0,0.0,1.0,2.0,0.0,0.0,3.0,0.0,0.0,0.0,4.0,9.0,5.0,0.0,0.0,0.0,0.0,2.0,0.0,0.0,0.0,0.0,0.0,0.0,0.0,0.0,0.0,0.0,0.0,0.0,0.0,0.0,0.0,0.0,0.0,0.0,0.0,0.0,1.0,1.0,0.0,0.0,1.0,0.0,0.0,0.0,1.0,3.0,1.0,8191462085.0,-1.0,龙岩市永定区,龙岩市永定区西溪乡,8.0,9.6,0.0,3.2,20.8,37.12916666666667,35.172180451127815,44.672332730560576
福建省,龙岩市,永定区,湖山乡,116.873571,24.470263,0.0,0.0,0.0,4.0,2.0,0.0,0.0,0.0,0.0,0.0,0.0,0.0,0.0,0.0,1.0,1.0,0.0,0.0,0.0,0.0,1.0,0.0,0.0,0.0,0.0,2.0,0.0,0.0,0.0,0.0,0.0,0.0,0.0,9.0,3.0,2.0,0.0,0.0,0.0,3.0,0.0,0.0,0.0,0.0,0.0,0.0,0.0,0.0,0.0,0.0,1.0,1.0,0.0,0.0,0.0,0.0,0.0,0.0,0.0,0.0,0.0,1.0,0.0,0.0,0.0,0.0,0.0,0.0,0.0,1.0,2.0,0.0,8191470904.0,11976526.0,龙岩市永定区,龙岩市永定区湖山乡,17.0,5.9,5.0,1.0,28.9,37.12916666666667,35.172180451127815,44.672332730560576
福建省,龙岩市,永定区,古竹乡,116.9828745,24.7007204,0.0,0.0,0.0,6.0,11.0,1.0,0.0,0.0,0.0,0.0,0.0,0.0,0.0,0.0,1.0,1.0,0.0,0.0,0.0,0.0,27.0,0.0,0.0,0.0,0.0,1.0,17.0,0.0,0.0,1.0,0.0,5.0,2.0,2.0,5.0,5.0,0.0,0.0,0.0,4.0,8.0,1.0,0.0,0.0,0.0,0.0,0.0,0.0,0.0,0.0,1.0,1.0,0.0,0.0,0.0,0.0,11.0,0.0,0.0,0.0,0.0,1.0,4.0,0.0,0.0,1.0,0.0,4.0,2.0,1.0,4.0,4.0,8191470903.0,-1.0,龙岩市永定区,龙岩市永定区古竹乡,8.0,12.1,5.0,4.800000000000001,29.900000000000002,37.12916666666667,35.172180451127815,44.672332730560576
福建省,龙岩市,永定区,合溪乡,116.724394,24.8781479,0.0,0.0,1.0,4.0,5.0,3.0,0.0,0.0,0.0,0.0,0.0,0.0,0.0,0.0,0.0,0.0,0.0,0.0,0.0,0.0,26.0,0.0,0.0,0.0,0.0,1.0,9.0,0.0,0.0,0.0,0.0,0.0,0.0,3.0,5.0,4.0,0.0,0.0,1.0,4.0,0.0,1.0,0.0,0.0,0.0,0.0,0.0,0.0,0.0,0.0,0.0,0.0,0.0,0.0,0.0,0.0,7.0,0.0,0.0,0.0,0.0,1.0,1.0,0.0,0.0,0.0,0.0,0.0,0.0,1.0,3.0,3.0,8191462084.0,-1.0,龙岩市永定区,龙岩市永定区合溪乡,8.0,12.5,0.0,3.0,23.5,37.12916666666667,35.172180451127815,44.672332730560576
福建省,龙岩市,永定区,大溪乡,116.9061948,24.6339787,6.0,0.0,0.0,14.0,43.0,0.0,0.0,4.0,0.0,1.0,0.0,0.0,0.0,0.0,1.0,1.0,0.0,0.0,0.0,0.0,23.0,0.0,3.0,0.0,0.0,1.0,88.0,0.0,0.0,0.0,0.0,3.0,10.0,4.0,10.0,9.0,4.0,0.0,0.0,13.0,22.0,0.0,0.0,0.0,0.0,1.0,0.0,0.0,0.0,0.0,1.0,1.0,0.0,0.0,0.0,0.0,9.0,0.0,1.0,0.0,0.0,1.0,42.0,0.0,0.0,0.0,0.0,3.0,2.0,3.0,7.0,8.0,2676512035.0,-1.0,龙岩市永定区,龙岩市永定区大溪乡,8.0,26.0,5.0,17.0,56.0,37.12916666666667,35.172180451127815,44.672332730560576
福建省,龙岩市,永定区,陈东乡,116.9122083,24.7179096,2.0,0.0,0.0,6.0,2.0,0.0,0.0,0.0,0.0,0.0,0.0,0.0,0.0,0.0,0.0,0.0,0.0,0.0,0.0,0.0,0.0,0.0,0.0,0.0,0.0,5.0,2.0,0.0,0.0,0.0,0.0,0.0,0.0,3.0,4.0,3.0,2.0,0.0,0.0,4.0,0.0,0.0,0.0,0.0,0.0,0.0,0.0,0.0,0.0,0.0,0.0,0.0,0.0,0.0,0.0,0.0,0.0,0.0,0.0,0.0,0.0,2.0,0.0,0.0,0.0,0.0,0.0,0.0,0.0,2.0,2.0,2.0,2676449630.0,-1.0,龙岩市永定区,龙岩市永定区陈东乡,12.0,12.4,0.0,1.7,26.099999999999998,37.12916666666667,35.172180451127815,44.672332730560576
福建省,龙岩市,长汀县,汀州镇,116.3585538,25.8383673,29.0,38.0,25.0,22.0,105.0,3.0,0.0,38.0,2.0,0.0,0.0,2.0,0.0,0.0,16.0,16.0,0.0,0.0,0.0,0.0,60.0,1.0,20.0,0.0,0.0,3.0,31.0,0.0,0.0,0.0,0.0,47.0,0.0,7.0,14.0,8.0,0.0,28.0,12.0,5.0,20.0,0.0,0.0,32.0,0.0,0.0,0.0,2.0,0.0,0.0,5.0,5.0,0.0,0.0,0.0,0.0,16.0,1.0,2.0,0.0,0.0,3.0,3.0,0.0,0.0,0.0,0.0,17.0,0.0,4.0,8.0,7.0,988549039.0,-1.0,龙岩市长汀县,龙岩市长汀县汀州镇,10.0,26.0,10.0,7.4,53.4,27.083333333333332,35.172180451127815,44.672332730560576
福建省,龙岩市,长汀县,大同镇,116.358856,25.842312,28.0,36.0,26.0,25.0,113.0,3.0,0.0,38.0,2.0,0.0,0.0,2.0,0.0,0.0,17.0,17.0,0.0,0.0,0.0,0.0,61.0,1.0,22.0,0.0,0.0,3.0,35.0,0.0,0.0,0.0,0.0,50.0,0.0,7.0,14.0,8.0,0.0,32.0,12.0,4.0,21.0,0.0,0.0,30.0,0.0,0.0,0.0,2.0,0.0,0.0,7.0,7.0,0.0,0.0,0.0,0.0,19.0,1.0,3.0,0.0,0.0,3.0,4.0,0.0,0.0,0.0,0.0,12.0,0.0,4.0,8.0,7.0,2540017118.0,-1.0,龙岩市长汀县,龙岩市长汀县大同镇,10.0,26.0,10.0,7.9,53.9,27.083333333333332,35.172180451127815,44.672332730560576
福建省,龙岩市,长汀县,古城镇,116.167992,25.864502,1.0,0.0,0.0,0.0,2.0,0.0,0.0,0.0,1.0,0.0,0.0,0.0,0.0,0.0,0.0,0.0,0.0,0.0,0.0,0.0,0.0,0.0,1.0,0.0,0.0,1.0,0.0,0.0,0.0,0.0,0.0,0.0,0.0,13.0,4.0,3.0,1.0,0.0,0.0,0.0,1.0,0.0,0.0,0.0,1.0,0.0,0.0,0.0,0.0,0.0,0.0,0.0,0.0,0.0,0.0,0.0,0.0,0.0,1.0,0.0,0.0,1.0,0.0,0.0,0.0,0.0,0.0,0.0,0.0,5.0,4.0,2.0,2539776697.0,-1.0,龙岩市长汀县,龙岩市长汀县古城镇,8.0,9.7,0.0,1.5,19.2,27.083333333333332,35.172180451127815,44.672332730560576
福建省,龙岩市,长汀县,新桥镇,116.451643,25.880961,5.0,0.0,7.0,0.0,30.0,0.0,0.0,0.0,0.0,0.0,0.0,0.0,0.0,0.0,0.0,0.0,0.0,0.0,0.0,0.0,12.0,0.0,0.0,0.0,0.0,1.0,0.0,0.0,0.0,0.0,0.0,0.0,0.0,2.0,4.0,3.0,3.0,0.0,4.0,0.0,24.0,0.0,0.0,0.0,0.0,0.0,0.0,0.0,0.0,0.0,0.0,0.0,0.0,0.0,0.0,0.0,4.0,0.0,0.0,0.0,0.0,1.0,0.0,0.0,0.0,0.0,0.0,0.0,0.0,2.0,4.0,3.0,2539776882.0,-1.0,龙岩市长汀县,龙岩市长汀县新桥镇,8.0,20.2,0.0,1.5,29.7,27.083333333333332,35.172180451127815,44.672332730560576
福建省,龙岩市,长汀县,馆前镇,116.54305,25.937016,0.0,1.0,0.0,2.0,0.0,0.0,0.0,0.0,0.0,0.0,0.0,0.0,0.0,0.0,0.0,0.0,0.0,0.0,0.0,0.0,2.0,0.0,0.0,0.0,0.0,1.0,0.0,0.0,0.0,0.0,0.0,0.0,0.0,1.0,2.0,2.0,0.0,1.0,0.0,2.0,0.0,0.0,0.0,0.0,0.0,0.0,0.0,0.0,0.0,0.0,0.0,0.0,0.0,0.0,0.0,0.0,1.0,0.0,0.0,0.0,0.0,1.0,0.0,0.0,0.0,0.0,0.0,0.0,0.0,1.0,2.0,1.0,2539776694.0,-1.0,龙岩市长汀县,龙岩市长汀县馆前镇,8.0,8.0,0.0,1.0,17.0,27.083333333333332,35.172180451127815,44.672332730560576
福建省,龙岩市,长汀县,童坊镇,116.5523259,25.8064894,0.0,0.0,6.0,5.0,4.0,0.0,0.0,0.0,0.0,0.0,0.0,0.0,0.0,0.0,1.0,1.0,0.0,0.0,0.0,0.0,0.0,0.0,0.0,0.0,0.0,1.0,0.0,0.0,0.0,0.0,0.0,0.0,0.0,1.0,3.0,2.0,0.0,0.0,4.0,5.0,0.0,0.0,0.0,0.0,0.0,0.0,0.0,0.0,0.0,0.0,1.0,1.0,0.0,0.0,0.0,0.0,0.0,0.0,0.0,0.0,0.0,1.0,0.0,0.0,0.0,0.0,0.0,0.0,0.0,1.0,2.0,2.0,2540017227.0,-1.0,龙岩市长汀县,龙岩市长汀县童坊镇,8.0,12.3,5.0,1.0,26.3,27.083333333333332,35.172180451127815,44.672332730560576
福建省,龙岩市,长汀县,河田镇,116.4204326,25.6668036,5.0,0.0,10.0,17.0,111.0,1.0,0.0,0.0,1.0,0.0,0.0,0.0,0.0,0.0,1.0,1.0,0.0,0.0,0.0,0.0,3.0,0.0,2.0,0.0,0.0,1.0,5.0,0.0,0.0,1.0,0.0,0.0,0.0,6.0,10.0,3.0,1.0,0.0,0.0,7.0,26.0,0.0,0.0,0.0,0.0,0.0,0.0,0.0,0.0,0.0,1.0,1.0,0.0,0.0,0.0,0.0,0.0,0.0,0.0,0.0,0.0,1.0,0.0,0.0,0.0,0.0,0.0,0.0,0.0,3.0,4.0,1.0,2540017147.0,-1.0,龙岩市长汀县,龙岩市长汀县河田镇,8.0,26.0,5.0,2.1,41.1,27.083333333333332,35.172180451127815,44.672332730560576
福建省,龙岩市,长汀县,南山镇,116.496102,25.599046,5.0,0.0,1.0,11.0,22.0,0.0,0.0,0.0,0.0,0.0,0.0,0.0,0.0,0.0,0.0,0.0,0.0,0.0,0.0,0.0,0.0,0.0,0.0,0.0,0.0,1.0,0.0,0.0,0.0,0.0,0.0,0.0,0.0,3.0,6.0,2.0,3.0,0.0,0.0,9.0,11.0,0.0,0.0,0.0,0.0,0.0,0.0,0.0,0.0,0.0,0.0,0.0,0.0,0.0,0.0,0.0,0.0,0.0,0.0,0.0,0.0,1.0,0.0,0.0,0.0,0.0,0.0,0.0,0.0,3.0,3.0,2.0,2540079375.0,-1.0,龙岩市长汀县,龙岩市长汀县南山镇,8.0,20.7,0.0,1.0,29.7,27.083333333333332,35.172180451127815,44.672332730560576
福建省,龙岩市,长汀县,濯田镇,116.275679,25.558227,0.0,3.0,1.0,8.0,18.0,0.0,0.0,0.0,0.0,0.0,0.0,0.0,0.0,0.0,1.0,1.0,0.0,0.0,0.0,0.0,7.0,0.0,0.0,0.0,0.0,2.0,0.0,0.0,0.0,0.0,0.0,0.0,0.0,2.0,5.0,3.0,0.0,1.0,0.0,7.0,11.0,0.0,0.0,0.0,0.0,0.0,0.0,0.0,0.0,0.0,1.0,1.0,0.0,0.0,0.0,0.0,2.0,0.0,0.0,0.0,0.0,1.0,0.0,0.0,0.0,0.0,0.0,0.0,0.0,2.0,4.0,2.0,2540143513.0,-1.0,龙岩市长汀县,龙岩市长汀县濯田镇,9.0,19.4,5.0,1.5,34.9,27.083333333333332,35.172180451127815,44.672332730560576
福建省,龙岩市,长汀县,四都镇,116.198713,25.655183,0.0,0.0,7.0,1.0,2.0,0.0,0.0,0.0,0.0,0.0,0.0,0.0,0.0,0.0,0.0,0.0,0.0,0.0,0.0,0.0,1.0,0.0,0.0,0.0,0.0,1.0,0.0,0.0,0.0,0.0,0.0,0.0,0.0,3.0,3.0,4.0,0.0,0.0,1.0,0.0,2.0,0.0,0.0,0.0,0.0,0.0,0.0,0.0,0.0,0.0,0.0,0.0,0.0,0.0,0.0,0.0,1.0,0.0,0.0,0.0,0.0,1.0,0.0,0.0,0.0,0.0,0.0,0.0,0.0,2.0,2.0,3.0,2540143487.0,-1.0,龙岩市长汀县,龙岩市长汀县四都镇,8.0,8.5,0.0,2.0,18.5,27.083333333333332,35.172180451127815,44.672332730560576
福建省,龙岩市,长汀县,涂坊镇,116.45812,25.471232,0.0,0.0,5.0,11.0,1.0,0.0,0.0,0.0,0.0,0.0,0.0,0.0,0.0,0.0,0.0,0.0,0.0,0.0,0.0,0.0,0.0,0.0,0.0,0.0,0.0,2.0,2.0,0.0,0.0,0.0,0.0,0.0,0.0,4.0,4.0,5.0,0.0,0.0,3.0,6.0,0.0,0.0,0.0,0.0,0.0,0.0,0.0,0.0,0.0,0.0,0.0,0.0,0.0,0.0,0.0,0.0,0.0,0.0,0.0,0.0,0.0,1.0,0.0,0.0,0.0,0.0,0.0,0.0,0.0,2.0,2.0,2.0,2540079380.0,-1.0,龙岩市长汀县,龙岩市长汀县涂坊镇,9.0,12.2,0.0,2.7,23.9,27.083333333333332,35.172180451127815,44.672332730560576
福建省,龙岩市,长汀县,策武镇,116.347917,25.72843,0.0,5.0,0.0,8.0,4.0,0.0,0.0,0.0,0.0,0.0,2.0,0.0,0.0,0.0,0.0,0.0,0.0,0.0,0.0,0.0,2.0,0.0,0.0,0.0,1.0,1.0,5.0,0.0,0.0,0.0,0.0,0.0,0.0,4.0,6.0,5.0,0.0,3.0,0.0,4.0,3.0,0.0,0.0,0.0,0.0,0.0,0.0,0.0,0.0,0.0,0.0,0.0,0.0,0.0,0.0,0.0,1.0,0.0,0.0,0.0,0.0,1.0,3.0,0.0,0.0,0.0,0.0,0.0,0.0,3.0,4.0,2.0,2540017081.0,-1.0,龙岩市长汀县,龙岩市长汀县策武镇,8.0,16.7,0.0,3.3,28.0,27.083333333333332,35.172180451127815,44.672332730560576
福建省,龙岩市,长汀县,三洲镇,116.378675,25.592614,0.0,0.0,3.0,2.0,2.0,0.0,0.0,0.0,0.0,0.0,0.0,0.0,0.0,0.0,0.0,0.0,0.0,0.0,0.0,0.0,3.0,0.0,0.0,0.0,0.0,1.0,0.0,0.0,0.0,0.0,0.0,0.0,0.0,2.0,4.0,3.0,0.0,0.0,1.0,1.0,1.0,0.0,0.0,0.0,0.0,0.0,0.0,0.0,0.0,0.0,0.0,0.0,0.0,0.0,0.0,0.0,0.0,0.0,0.0,0.0,0.0,1.0,0.0,0.0,0.0,0.0,0.0,0.0,0.0,2.0,3.0,2.0,8198812932.0,-1.0,龙岩市长汀县,龙岩市长汀县三洲镇,8.0,9.7,0.0,1.5,19.2,27.083333333333332,35.172180451127815,44.672332730560576
福建省,龙岩市,长汀县,铁长乡,116.395472,25.931758,0.0,0.0,1.0,0.0,12.0,0.0,0.0,0.0,0.0,0.0,0.0,0.0,0.0,0.0,0.0,0.0,0.0,0.0,0.0,0.0,0.0,0.0,0.0,0.0,0.0,1.0,0.0,0.0,0.0,0.0,0.0,0.0,0.0,3.0,3.0,4.0,0.0,0.0,0.0,0.0,4.0,0.0,0.0,0.0,0.0,0.0,0.0,0.0,0.0,0.0,0.0,0.0,0.0,0.0,0.0,0.0,0.0,0.0,0.0,0.0,0.0,1.0,0.0,0.0,0.0,0.0,0.0,0.0,0.0,2.0,1.0,1.0,2539776853.0,-1.0,龙岩市长汀县,龙岩市长汀县铁长乡,8.0,10.100000000000001,0.0,2.0,20.1,27.083333333333332,35.172180451127815,44.672332730560576
福建省,龙岩市,长汀县,庵杰乡,116.461895,25.957878,0.0,0.0,1.0,0.0,7.0,0.0,0.0,0.0,0.0,0.0,0.0,0.0,0.0,0.0,0.0,0.0,0.0,0.0,0.0,0.0,0.0,0.0,0.0,0.0,0.0,1.0,0.0,0.0,0.0,0.0,0.0,0.0,0.0,6.0,2.0,2.0,0.0,0.0,1.0,0.0,7.0,0.0,0.0,0.0,0.0,0.0,0.0,0.0,0.0,0.0,0.0,0.0,0.0,0.0,0.0,0.0,0.0,0.0,0.0,0.0,0.0,1.0,0.0,0.0,0.0,0.0,0.0,0.0,0.0,2.0,2.0,2.0,2539776680.0,-1.0,龙岩市长汀县,龙岩市长汀县庵杰乡,8.0,9.5,0.0,1.0,18.5,27.083333333333332,35.172180451127815,44.672332730560576
福建省,龙岩市,长汀县,宣成乡,116.384095,25.409495,0.0,0.0,1.0,0.0,2.0,0.0,0.0,0.0,0.0,0.0,0.0,0.0,0.0,0.0,0.0,0.0,0.0,0.0,0.0,0.0,0.0,0.0,0.0,0.0,0.0,1.0,0.0,0.0,0.0,0.0,0.0,0.0,0.0,3.0,2.0,1.0,0.0,0.0,1.0,0.0,1.0,0.0,0.0,0.0,0.0,0.0,0.0,0.0,0.0,0.0,0.0,0.0,0.0,0.0,0.0,0.0,0.0,0.0,0.0,0.0,0.0,1.0,0.0,0.0,0.0,0.0,0.0,0.0,0.0,1.0,2.0,1.0,2540143495.0,-1.0,龙岩市长汀县,龙岩市长汀县宣成乡,8.0,6.7,0.0,0.5,15.2,27.083333333333332,35.172180451127815,44.672332730560576
福建省,龙岩市,长汀县,红山乡,116.102673,25.495061,0.0,0.0,1.0,3.0,5.0,0.0,0.0,0.0,0.0,0.0,0.0,0.0,0.0,0.0,0.0,0.0,0.0,0.0,0.0,0.0,0.0,0.0,0.0,0.0,0.0,4.0,0.0,0.0,0.0,0.0,0.0,1.0,0.0,1.0,3.0,2.0,0.0,0.0,1.0,3.0,3.0,0.0,0.0,0.0,0.0,0.0,0.0,0.0,0.0,0.0,0.0,0.0,0.0,0.0,0.0,0.0,0.0,0.0,0.0,0.0,0.0,2.0,0.0,0.0,0.0,0.0,0.0,1.0,0.0,1.0,3.0,1.0,2540143483.0,-1.0,龙岩市长汀县,龙岩市长汀县红山乡,11.0,11.4,0.0,1.0,23.4,27.083333333333332,35.172180451127815,44.672332730560576
福建省,龙岩市,长汀县,羊牯乡,116.316287,25.38606,0.0,0.0,3.0,0.0,0.0,0.0,0.0,0.0,0.0,0.0,0.0,0.0,0.0,0.0,0.0,0.0,0.0,0.0,0.0,0.0,1.0,0.0,0.0,0.0,0.0,1.0,0.0,0.0,0.0,0.0,0.0,0.0,0.0,4.0,1.0,4.0,0.0,0.0,1.0,0.0,0.0,0.0,0.0,0.0,0.0,0.0,0.0,0.0,0.0,0.0,0.0,0.0,0.0,0.0,0.0,0.0,1.0,0.0,0.0,0.0,0.0,1.0,0.0,0.0,0.0,0.0,0.0,0.0,0.0,2.0,1.0,3.0,2540143496.0,-1.0,龙岩市长汀县,龙岩市长汀县羊牯乡,8.0,5.5,0.0,2.0,15.5,27.083333333333332,35.172180451127815,44.672332730560576
福建省,龙岩市,上杭县,临江镇,116.4178312,25.0543708,21.0,12.0,30.0,36.0,140.0,29.0,0.0,5.0,0.0,0.0,1.0,1.0,1.0,1.0,4.0,5.0,2.0,0.0,0.0,4.0,3.0,0.0,6.0,0.0,2.0,4.0,15.0,0.0,0.0,4.0,1.0,13.0,5.0,6.0,17.0,13.0,2.0,0.0,7.0,11.0,46.0,16.0,0.0,1.0,0.0,0.0,0.0,1.0,1.0,1.0,3.0,3.0,1.0,0.0,0.0,3.0,1.0,0.0,0.0,0.0,0.0,2.0,3.0,0.0,0.0,0.0,0.0,4.0,4.0,4.0,9.0,6.0,645015972.0,11978943.0,龙岩市上杭县,龙岩市上杭县临江镇,19.0,26.0,23.0,6.2,74.2,32.13333333333333,35.172180451127815,44.672332730560576
福建省,龙岩市,上杭县,临城镇,116.408076,25.059378,22.0,12.0,36.0,60.0,137.0,27.0,0.0,3.0,3.0,0.0,1.0,1.0,1.0,1.0,4.0,5.0,2.0,0.0,0.0,4.0,3.0,0.0,4.0,0.0,2.0,4.0,13.0,0.0,0.0,5.0,1.0,13.0,5.0,7.0,18.0,13.0,8.0,6.0,8.0,10.0,47.0,3.0,0.0,0.0,0.0,0.0,0.0,0.0,1.0,1.0,1.0,1.0,0.0,0.0,0.0,0.0,2.0,0.0,0.0,0.0,1.0,2.0,2.0,0.0,0.0,0.0,0.0,4.0,0.0,4.0,9.0,5.0,8193707650.0,-1.0,龙岩市上杭县,龙岩市上杭县临城镇,11.0,28.0,15.0,6.0,60.0,32.13333333333333,35.172180451127815,44.672332730560576
福建省,龙岩市,上杭县,中都镇,116.4410105,24.8793753,0.0,0.0,2.0,5.0,14.0,2.0,0.0,0.0,0.0,0.0,0.0,0.0,0.0,0.0,0.0,0.0,0.0,0.0,0.0,0.0,0.0,0.0,0.0,0.0,0.0,1.0,39.0,0.0,0.0,0.0,0.0,0.0,0.0,1.0,6.0,1.0,0.0,0.0,2.0,5.0,14.0,2.0,0.0,0.0,0.0,0.0,0.0,0.0,0.0,0.0,0.0,0.0,0.0,0.0,0.0,0.0,0.0,0.0,0.0,0.0,0.0,1.0,39.0,0.0,0.0,0.0,0.0,0.0,0.0,1.0,6.0,1.0,4552949867.0,-1.0,龙岩市上杭县,龙岩市上杭县中都镇,8.0,20.0,0.0,8.3,36.3,32.13333333333333,35.172180451127815,44.672332730560576
福建省,龙岩市,上杭县,蓝溪镇,116.616847,24.914061,3.0,0.0,0.0,9.0,3.0,0.0,0.0,0.0,0.0,2.0,0.0,0.0,0.0,0.0,0.0,0.0,0.0,0.0,0.0,0.0,24.0,0.0,0.0,0.0,0.0,1.0,0.0,0.0,0.0,1.0,0.0,2.0,0.0,2.0,4.0,6.0,3.0,0.0,0.0,4.0,0.0,0.0,0.0,0.0,0.0,2.0,0.0,0.0,0.0,0.0,0.0,0.0,0.0,0.0,0.0,0.0,8.0,0.0,0.0,0.0,0.0,1.0,0.0,0.0,0.0,0.0,0.0,2.0,0.0,2.0,2.0,4.0,8193670875.0,-1.0,龙岩市上杭县,龙岩市上杭县蓝溪镇,8.0,14.6,0.0,3.1,25.700000000000003,32.13333333333333,35.172180451127815,44.672332730560576
福建省,龙岩市,上杭县,稔田镇,116.599208,24.853249,3.0,0.0,3.0,6.0,30.0,6.0,0.0,2.0,0.0,0.0,1.0,0.0,0.0,0.0,0.0,0.0,0.0,0.0,0.0,0.0,25.0,0.0,3.0,0.0,0.0,2.0,1.0,0.0,0.0,0.0,0.0,0.0,2.0,4.0,14.0,7.0,1.0,0.0,0.0,4.0,17.0,3.0,0.0,0.0,0.0,0.0,1.0,0.0,0.0,0.0,0.0,0.0,0.0,0.0,0.0,0.0,5.0,0.0,2.0,0.0,0.0,1.0,0.0,0.0,0.0,0.0,0.0,0.0,0.0,4.0,7.0,5.0,8193670874.0,-1.0,龙岩市上杭县,龙岩市上杭县稔田镇,9.0,26.0,0.0,3.6,38.6,32.13333333333333,35.172180451127815,44.672332730560576
福建省,龙岩市,上杭县,白砂镇,116.5976661,25.1393268,2.0,0.0,4.0,5.0,30.0,0.0,0.0,0.0,0.0,0.0,0.0,0.0,0.0,0.0,0.0,0.0,0.0,0.0,0.0,0.0,22.0,0.0,7.0,0.0,0.0,2.0,1.0,0.0,0.0,0.0,0.0,0.0,0.0,4.0,10.0,5.0,2.0,0.0,1.0,3.0,25.0,0.0,0.0,0.0,0.0,0.0,0.0,0.0,0.0,0.0,0.0,0.0,0.0,0.0,0.0,0.0,8.0,0.0,0.0,0.0,0.0,1.0,0.0,0.0,0.0,0.0,0.0,0.0,0.0,2.0,5.0,3.0,2540095638.0,-1.0,龙岩市上杭县,龙岩市上杭县白砂镇,9.0,24.0,0.0,2.6,35.6,32.13333333333333,35.172180451127815,44.672332730560576
福建省,龙岩市,上杭县,古田镇,116.8204667,25.2276159,2.0,5.0,5.0,2.0,51.0,7.0,5.0,4.0,0.0,4.0,0.0,0.0,0.0,0.0,0.0,0.0,0.0,0.0,0.0,1.0,2.0,0.0,0.0,0.0,0.0,5.0,7.0,0.0,0.0,2.0,0.0,1.0,4.0,5.0,11.0,7.0,0.0,1.0,3.0,1.0,28.0,2.0,3.0,2.0,0.0,3.0,0.0,0.0,0.0,0.0,0.0,0.0,0.0,0.0,0.0,1.0,2.0,0.0,0.0,0.0,0.0,1.0,5.0,0.0,0.0,2.0,0.0,1.0,3.0,5.0,10.0,6.0,2460781548.0,-1.0,龙岩市上杭县,龙岩市上杭县古田镇,12.0,26.0,1.0,5.1,44.1,32.13333333333333,35.172180451127815,44.672332730560576
福建省,龙岩市,上杭县,才溪镇,116.416206,25.263978,3.0,0.0,1.0,3.0,5.0,0.0,0.0,0.0,0.0,0.0,0.0,0.0,0.0,0.0,0.0,0.0,0.0,0.0,0.0,0.0,0.0,0.0,0.0,0.0,0.0,1.0,0.0,0.0,0.0,0.0,0.0,0.0,0.0,1.0,5.0,2.0,3.0,0.0,1.0,1.0,5.0,0.0,0.0,0.0,0.0,0.0,0.0,0.0,0.0,0.0,0.0,0.0,0.0,0.0,0.0,0.0,0.0,0.0,0.0,0.0,0.0,1.0,0.0,0.0,0.0,0.0,0.0,0.0,0.0,1.0,5.0,2.0,2540079371.0,-1.0,龙岩市上杭县,龙岩市上杭县才溪镇,8.0,13.0,0.0,1.0,22.0,32.13333333333333,35.172180451127815,44.672332730560576
福建省,龙岩市,上杭县,南阳镇,116.500234,25.322359,2.0,0.0,5.0,4.0,10.0,0.0,0.0,0.0,0.0,0.0,1.0,0.0,0.0,0.0,0.0,0.0,0.0,0.0,0.0,0.0,0.0,0.0,1.0,0.0,0.0,1.0,0.0,0.0,0.0,0.0,0.0,0.0,0.0,1.0,6.0,3.0,2.0,0.0,1.0,1.0,9.0,0.0,0.0,0.0,0.0,0.0,0.0,0.0,0.0,0.0,0.0,0.0,0.0,0.0,0.0,0.0,0.0,0.0,0.0,0.0,0.0,1.0,0.0,0.0,0.0,0.0,0.0,0.0,0.0,1.0,5.0,2.0,2540079376.0,11978684.0,龙岩市上杭县,龙岩市上杭县南阳镇,16.0,18.7,0.0,1.5,36.2,32.13333333333333,35.172180451127815,44.672332730560576
福建省,龙岩市,上杭县,蛟洋镇,116.7337643,25.2259011,4.0,1.0,0.0,1.0,33.0,0.0,0.0,0.0,0.0,0.0,0.0,0.0,0.0,0.0,0.0,0.0,0.0,0.0,0.0,0.0,0.0,0.0,8.0,0.0,0.0,1.0,15.0,0.0,0.0,0.0,0.0,1.0,0.0,6.0,6.0,5.0,2.0,1.0,0.0,0.0,18.0,0.0,0.0,0.0,0.0,0.0,0.0,0.0,0.0,0.0,0.0,0.0,0.0,0.0,0.0,0.0,0.0,0.0,3.0,0.0,0.0,1.0,8.0,0.0,0.0,0.0,0.0,1.0,0.0,5.0,4.0,5.0,2460781550.0,-1.0,龙岩市上杭县,龙岩市上杭县蛟洋镇,8.0,21.0,0.0,4.800000000000001,33.8,32.13333333333333,35.172180451127815,44.672332730560576
福建省,龙岩市,上杭县,旧县镇,116.4980851,25.2104553,1.0,0.0,8.0,5.0,3.0,3.0,0.0,2.0,0.0,0.0,0.0,0.0,0.0,0.0,0.0,0.0,0.0,0.0,0.0,0.0,14.0,0.0,0.0,0.0,0.0,3.0,0.0,0.0,0.0,0.0,0.0,0.0,0.0,1.0,7.0,4.0,1.0,0.0,5.0,5.0,0.0,0.0,0.0,0.0,0.0,0.0,0.0,0.0,0.0,0.0,0.0,0.0,0.0,0.0,0.0,0.0,10.0,0.0,0.0,0.0,0.0,2.0,0.0,0.0,0.0,0.0,0.0,0.0,0.0,1.0,3.0,4.0,2540079373.0,-1.0,龙岩市上杭县,龙岩市上杭县旧县镇,10.0,14.1,0.0,2.0,26.1,32.13333333333333,35.172180451127815,44.672332730560576
福建省,龙岩市,上杭县,湖洋镇,116.319574,25.042966,1.0,0.0,0.0,1.0,0.0,0.0,0.0,0.0,0.0,0.0,0.0,0.0,0.0,0.0,0.0,0.0,0.0,0.0,0.0,0.0,0.0,0.0,0.0,0.0,0.0,1.0,0.0,0.0,0.0,0.0,0.0,0.0,0.0,6.0,3.0,1.0,1.0,0.0,0.0,0.0,0.0,0.0,0.0,0.0,0.0,0.0,0.0,0.0,0.0,0.0,0.0,0.0,0.0,0.0,0.0,0.0,0.0,0.0,0.0,0.0,0.0,1.0,0.0,0.0,0.0,0.0,0.0,0.0,0.0,3.0,1.0,0.0,8193707651.0,-1.0,龙岩市上杭县,龙岩市上杭县湖洋镇,8.0,7.5,0.0,0.5,16.0,32.13333333333333,35.172180451127815,44.672332730560576
福建省,龙岩市,上杭县,溪口镇,116.6757316,25.0662472,0.0,0.0,8.0,1.0,39.0,0.0,0.0,0.0,0.0,0.0,0.0,0.0,0.0,0.0,0.0,0.0,0.0,0.0,0.0,0.0,18.0,0.0,0.0,0.0,0.0,3.0,1.0,0.0,0.0,2.0,0.0,0.0,0.0,1.0,4.0,4.0,0.0,0.0,5.0,1.0,18.0,0.0,0.0,0.0,0.0,0.0,0.0,0.0,0.0,0.0,0.0,0.0,0.0,0.0,0.0,0.0,6.0,0.0,0.0,0.0,0.0,1.0,0.0,0.0,0.0,1.0,0.0,0.0,0.0,1.0,4.0,2.0,8193670877.0,-1.0,龙岩市上杭县,龙岩市上杭县溪口镇,10.0,21.2,0.0,2.4,33.6,32.13333333333333,35.172180451127815,44.672332730560576
福建省,龙岩市,上杭县,太拔镇,116.635485,24.985363,0.0,0.0,6.0,9.0,10.0,0.0,0.0,0.0,0.0,0.0,0.0,0.0,0.0,0.0,0.0,0.0,0.0,0.0,0.0,0.0,18.0,0.0,0.0,0.0,0.0,1.0,4.0,0.0,0.0,0.0,0.0,1.0,0.0,1.0,4.0,6.0,0.0,0.0,4.0,4.0,0.0,0.0,0.0,0.0,0.0,0.0,0.0,0.0,0.0,0.0,0.0,0.0,0.0,0.0,0.0,0.0,2.0,0.0,0.0,0.0,0.0,1.0,0.0,0.0,0.0,0.0,0.0,1.0,0.0,1.0,2.0,6.0,8193670876.0,-1.0,龙岩市上杭县,龙岩市上杭县太拔镇,8.0,14.0,0.0,3.4,25.4,32.13333333333333,35.172180451127815,44.672332730560576
福建省,龙岩市,上杭县,通贤镇,116.456405,25.301689,1.0,0.0,0.0,2.0,18.0,0.0,0.0,0.0,0.0,0.0,0.0,0.0,0.0,0.0,0.0,0.0,0.0,0.0,0.0,0.0,0.0,0.0,0.0,0.0,0.0,1.0,0.0,0.0,0.0,0.0,0.0,0.0,0.0,2.0,4.0,2.0,1.0,0.0,0.0,2.0,18.0,0.0,0.0,0.0,0.0,0.0,0.0,0.0,0.0,0.0,0.0,0.0,0.0,0.0,0.0,0.0,0.0,0.0,0.0,0.0,0.0,1.0,0.0,0.0,0.0,0.0,0.0,0.0,0.0,1.0,4.0,1.0,2540079379.0,-1.0,龙岩市上杭县,龙岩市上杭县通贤镇,8.0,18.0,0.0,1.0,27.0,32.13333333333333,35.172180451127815,44.672332730560576
福建省,龙岩市,上杭县,下都镇,116.4610098,24.8226622,0.0,0.0,0.0,7.0,5.0,0.0,0.0,0.0,0.0,0.0,0.0,0.0,0.0,0.0,0.0,0.0,0.0,0.0,0.0,0.0,0.0,0.0,0.0,0.0,0.0,1.0,0.0,0.0,0.0,0.0,0.0,0.0,0.0,2.0,2.0,3.0,0.0,0.0,0.0,5.0,0.0,0.0,0.0,0.0,0.0,0.0,0.0,0.0,0.0,0.0,0.0,0.0,0.0,0.0,0.0,0.0,0.0,0.0,0.0,0.0,0.0,1.0,0.0,0.0,0.0,0.0,0.0,0.0,0.0,1.0,1.0,2.0,4552951810.0,-1.0,龙岩市上杭县,龙岩市上杭县下都镇,8.0,7.0,0.0,1.5,16.5,32.13333333333333,35.172180451127815,44.672332730560576
福建省,龙岩市,上杭县,茶地镇,116.5806315,25.0236674,0.0,0.0,6.0,4.0,0.0,0.0,0.0,0.0,0.0,0.0,0.0,0.0,0.0,0.0,0.0,0.0,0.0,0.0,0.0,0.0,9.0,1.0,0.0,0.0,0.0,2.0,0.0,0.0,0.0,0.0,0.0,0.0,0.0,1.0,2.0,5.0,0.0,0.0,3.0,3.0,0.0,0.0,0.0,0.0,0.0,0.0,0.0,0.0,0.0,0.0,0.0,0.0,0.0,0.0,0.0,0.0,4.0,1.0,0.0,0.0,0.0,1.0,0.0,0.0,0.0,0.0,0.0,0.0,0.0,1.0,2.0,3.0,8193670878.0,-1.0,龙岩市上杭县,龙岩市上杭县茶地镇,9.0,10.0,0.0,2.5,21.5,32.13333333333333,35.172180451127815,44.672332730560576
福建省,龙岩市,上杭县,庐丰畲族乡,116.5110392,24.9488865,1.0,0.0,6.0,12.0,65.0,4.0,0.0,0.0,0.0,1.0,0.0,0.0,0.0,0.0,0.0,0.0,0.0,0.0,0.0,0.0,3.0,0.0,0.0,0.0,0.0,2.0,6.0,0.0,0.0,0.0,0.0,0.0,0.0,3.0,11.0,4.0,1.0,0.0,3.0,4.0,29.0,0.0,0.0,0.0,0.0,1.0,0.0,0.0,0.0,0.0,0.0,0.0,0.0,0.0,0.0,0.0,1.0,0.0,0.0,0.0,0.0,1.0,0.0,0.0,0.0,0.0,0.0,0.0,0.0,2.0,6.0,3.0,4552949811.0,-1.0,龙岩市上杭县,龙岩市上杭县庐丰畲族乡,9.0,26.0,0.0,2.6,37.6,32.13333333333333,35.172180451127815,44.672332730560576
福建省,龙岩市,上杭县,泮境乡,116.5280907,25.0532749,0.0,0.0,3.0,10.0,7.0,0.0,0.0,0.0,0.0,0.0,0.0,0.0,0.0,0.0,0.0,0.0,0.0,0.0,0.0,0.0,30.0,0.0,0.0,0.0,0.0,4.0,0.0,0.0,0.0,0.0,0.0,0.0,0.0,2.0,5.0,5.0,0.0,0.0,3.0,9.0,5.0,0.0,0.0,0.0,0.0,0.0,0.0,0.0,0.0,0.0,0.0,0.0,0.0,0.0,0.0,0.0,12.0,0.0,0.0,0.0,0.0,1.0,0.0,0.0,0.0,0.0,0.0,0.0,0.0,2.0,4.0,4.0,8193707652.0,-1.0,龙岩市上杭县,龙岩市上杭县泮境乡,11.0,15.4,0.0,2.5,28.9,32.13333333333333,35.172180451127815,44.672332730560576
福建省,龙岩市,上杭县,官庄畲族乡,116.344722,25.309444,0.0,0.0,8.0,2.0,1.0,0.0,0.0,0.0,0.0,0.0,0.0,0.0,0.0,0.0,0.0,0.0,0.0,0.0,0.0,0.0,0.0,0.0,0.0,0.0,0.0,1.0,0.0,0.0,0.0,0.0,0.0,0.0,0.0,2.0,3.0,3.0,0.0,0.0,8.0,1.0,1.0,0.0,0.0,0.0,0.0,0.0,0.0,0.0,0.0,0.0,0.0,0.0,0.0,0.0,0.0,0.0,0.0,0.0,0.0,0.0,0.0,1.0,0.0,0.0,0.0,0.0,0.0,0.0,0.0,2.0,3.0,3.0,2540143482.0,-1.0,龙岩市上杭县,龙岩市上杭县官庄畲族乡,8.0,9.0,0.0,1.5,18.5,32.13333333333333,35.172180451127815,44.672332730560576
福建省,龙岩市,上杭县,珊瑚乡,116.3210094,25.2308816,0.0,0.0,1.0,1.0,2.0,0.0,0.0,0.0,0.0,0.0,0.0,0.0,0.0,0.0,0.0,0.0,0.0,0.0,0.0,0.0,0.0,0.0,0.0,0.0,0.0,1.0,0.0,0.0,0.0,0.0,0.0,0.0,0.0,3.0,4.0,1.0,0.0,0.0,1.0,1.0,1.0,0.0,0.0,0.0,0.0,0.0,0.0,0.0,0.0,0.0,0.0,0.0,0.0,0.0,0.0,0.0,0.0,0.0,0.0,0.0,0.0,1.0,0.0,0.0,0.0,0.0,0.0,0.0,0.0,1.0,3.0,0.0,2540079378.0,-1.0,龙岩市上杭县,龙岩市上杭县珊瑚乡,8.0,8.7,0.0,0.5,17.2,32.13333333333333,35.172180451127815,44.672332730560576
福建省,龙岩市,武平县,平川街道,116.0934294,25.0964404,16.0,2.0,21.0,46.0,104.0,12.0,0.0,8.0,0.0,0.0,0.0,1.0,1.0,1.0,6.0,6.0,0.0,0.0,0.0,1.0,8.0,0.0,1.0,0.0,0.0,3.0,36.0,0.0,0.0,0.0,0.0,20.0,4.0,5.0,11.0,7.0,7.0,0.0,0.0,11.0,57.0,6.0,0.0,5.0,0.0,0.0,0.0,1.0,1.0,1.0,3.0,3.0,0.0,0.0,0.0,1.0,2.0,0.0,0.0,0.0,0.0,3.0,7.0,0.0,0.0,0.0,0.0,5.0,3.0,4.0,8.0,4.0,4252146503.0,11982207.0,龙岩市武平县,龙岩市武平县平川街道,18.0,24.0,16.0,7.8,65.8,29.03529411764706,35.172180451127815,44.672332730560576
福建省,龙岩市,武平县,中山镇,116.03578,25.027372,3.0,0.0,1.0,3.0,20.0,0.0,0.0,0.0,0.0,0.0,0.0,0.0,0.0,0.0,0.0,0.0,0.0,0.0,0.0,0.0,1.0,0.0,0.0,0.0,0.0,1.0,5.0,0.0,0.0,0.0,0.0,0.0,0.0,4.0,7.0,4.0,0.0,0.0,1.0,2.0,13.0,0.0,0.0,0.0,0.0,0.0,0.0,0.0,0.0,0.0,0.0,0.0,0.0,0.0,0.0,0.0,1.0,0.0,0.0,0.0,0.0,1.0,0.0,0.0,0.0,0.0,0.0,0.0,0.0,2.0,4.0,3.0,1780357730.0,-1.0,龙岩市武平县,龙岩市武平县中山镇,8.0,19.4,0.0,2.5,29.9,29.03529411764706,35.172180451127815,44.672332730560576
福建省,龙岩市,武平县,岩前镇,116.2266628,24.8696835,4.0,0.0,0.0,7.0,111.0,1.0,0.0,0.0,0.0,0.0,0.0,1.0,0.0,0.0,0.0,0.0,0.0,0.0,0.0,0.0,0.0,0.0,1.0,0.0,0.0,6.0,0.0,0.0,0.0,0.0,0.0,1.0,0.0,11.0,9.0,6.0,3.0,0.0,0.0,1.0,31.0,0.0,0.0,0.0,0.0,0.0,0.0,1.0,0.0,0.0,0.0,0.0,0.0,0.0,0.0,0.0,0.0,0.0,0.0,0.0,0.0,2.0,0.0,0.0,0.0,0.0,0.0,0.0,0.0,3.0,5.0,2.0,3331601076.0,-1.0,龙岩市武平县,龙岩市武平县岩前镇,12.0,24.0,5.0,3.0,44.0,29.03529411764706,35.172180451127815,44.672332730560576
福建省,龙岩市,武平县,十方镇,116.2254364,25.0348662,9.0,1.0,2.0,3.0,8.0,0.0,0.0,0.0,0.0,0.0,0.0,0.0,0.0,0.0,0.0,0.0,0.0,0.0,0.0,0.0,0.0,0.0,0.0,0.0,0.0,1.0,16.0,0.0,0.0,0.0,0.0,0.0,0.0,5.0,8.0,1.0,3.0,1.0,2.0,2.0,7.0,0.0,0.0,0.0,0.0,0.0,0.0,0.0,0.0,0.0,0.0,0.0,0.0,0.0,0.0,0.0,0.0,0.0,0.0,0.0,0.0,1.0,13.0,0.0,0.0,0.0,0.0,0.0,0.0,4.0,7.0,1.0,3782908951.0,-1.0,龙岩市武平县,龙岩市武平县十方镇,8.0,15.7,0.0,3.4000000000000004,27.1,29.03529411764706,35.172180451127815,44.672332730560576
福建省,龙岩市,武平县,中堡镇,116.2645574,25.1966561,0.0,0.0,11.0,0.0,12.0,0.0,0.0,0.0,0.0,0.0,0.0,0.0,0.0,0.0,0.0,0.0,0.0,0.0,0.0,0.0,0.0,0.0,0.0,0.0,0.0,1.0,0.0,0.0,0.0,0.0,0.0,0.0,0.0,2.0,3.0,2.0,0.0,0.0,10.0,0.0,12.0,0.0,0.0,0.0,0.0,0.0,0.0,0.0,0.0,0.0,0.0,0.0,0.0,0.0,0.0,0.0,0.0,0.0,0.0,0.0,0.0,1.0,0.0,0.0,0.0,0.0,0.0,0.0,0.0,2.0,3.0,2.0,8196323547.0,-1.0,龙岩市武平县,龙岩市武平县中堡镇,8.0,12.5,0.0,1.0,21.5,29.03529411764706,35.172180451127815,44.672332730560576
福建省,龙岩市,武平县,桃溪镇,116.1881249,25.3643323,0.0,2.0,3.0,0.0,0.0,0.0,0.0,0.0,0.0,0.0,0.0,0.0,0.0,0.0,0.0,0.0,0.0,0.0,0.0,0.0,1.0,0.0,0.0,0.0,0.0,1.0,0.0,0.0,0.0,0.0,0.0,0.0,0.0,2.0,2.0,3.0,0.0,2.0,2.0,0.0,0.0,0.0,0.0,0.0,0.0,0.0,0.0,0.0,0.0,0.0,0.0,0.0,0.0,0.0,0.0,0.0,1.0,0.0,0.0,0.0,0.0,1.0,0.0,0.0,0.0,0.0,0.0,0.0,0.0,2.0,2.0,3.0,1780357938.0,-1.0,龙岩市武平县,龙岩市武平县桃溪镇,8.0,6.0,0.0,1.5,15.5,29.03529411764706,35.172180451127815,44.672332730560576
福建省,龙岩市,武平县,城厢镇,116.100138,25.1003222,16.0,2.0,27.0,45.0,113.0,11.0,0.0,8.0,0.0,0.0,0.0,1.0,1.0,1.0,6.0,6.0,0.0,0.0,0.0,1.0,8.0,0.0,1.0,0.0,0.0,3.0,36.0,0.0,0.0,0.0,0.0,20.0,3.0,5.0,11.0,7.0,2.0,0.0,2.0,5.0,45.0,0.0,0.0,3.0,0.0,0.0,0.0,1.0,1.0,1.0,2.0,2.0,0.0,0.0,0.0,1.0,2.0,0.0,0.0,0.0,0.0,3.0,6.0,0.0,0.0,0.0,0.0,7.0,3.0,4.0,8.0,4.0,4252194081.0,-1.0,龙岩市武平县,龙岩市武平县城厢镇,10.0,24.0,16.0,7.7,57.7,29.03529411764706,35.172180451127815,44.672332730560576
福建省,龙岩市,武平县,东留镇,115.9975744,25.1461889,3.0,0.0,1.0,1.0,0.0,0.0,0.0,0.0,0.0,0.0,0.0,0.0,0.0,0.0,0.0,0.0,0.0,0.0,0.0,0.0,1.0,0.0,0.0,0.0,0.0,1.0,0.0,0.0,0.0,0.0,0.0,0.0,0.0,3.0,3.0,4.0,3.0,0.0,1.0,1.0,0.0,0.0,0.0,0.0,0.0,0.0,0.0,0.0,0.0,0.0,0.0,0.0,0.0,0.0,0.0,0.0,1.0,0.0,0.0,0.0,0.0,1.0,0.0,0.0,0.0,0.0,0.0,0.0,0.0,3.0,3.0,3.0,1780357592.0,-1.0,龙岩市武平县,龙岩市武平县东留镇,8.0,7.5,0.0,2.0,17.5,29.03529411764706,35.172180451127815,44.672332730560576
福建省,龙岩市,武平县,武东镇,116.246003,25.109298,0.0,0.0,1.0,2.0,7.0,0.0,0.0,0.0,0.0,0.0,0.0,0.0,0.0,0.0,0.0,0.0,0.0,0.0,0.0,0.0,0.0,0.0,0.0,0.0,0.0,1.0,0.0,0.0,0.0,0.0,0.0,0.0,0.0,1.0,4.0,3.0,0.0,0.0,1.0,1.0,4.0,0.0,0.0,0.0,0.0,0.0,0.0,0.0,0.0,0.0,0.0,0.0,0.0,0.0,0.0,0.0,0.0,0.0,0.0,0.0,0.0,1.0,0.0,0.0,0.0,0.0,0.0,0.0,0.0,1.0,4.0,1.0,1780357959.0,-1.0,龙岩市武平县,龙岩市武平县武东镇,8.0,11.6,0.0,1.5,21.1,29.03529411764706,35.172180451127815,44.672332730560576
福建省,龙岩市,武平县,万安镇,116.09196,25.134926,12.0,0.0,19.0,7.0,20.0,0.0,0.0,0.0,0.0,0.0,0.0,0.0,0.0,0.0,0.0,0.0,0.0,0.0,0.0,0.0,7.0,0.0,0.0,0.0,0.0,3.0,11.0,0.0,0.0,0.0,0.0,1.0,0.0,4.0,6.0,5.0,1.0,0.0,0.0,0.0,4.0,0.0,0.0,0.0,0.0,0.0,0.0,0.0,0.0,0.0,0.0,0.0,0.0,0.0,0.0,0.0,4.0,0.0,0.0,0.0,0.0,1.0,1.0,0.0,0.0,0.0,0.0,0.0,0.0,2.0,3.0,2.0,1780357945.0,-1.0,龙岩市武平县,龙岩市武平县万安镇,10.0,18.2,0.0,3.7,31.9,29.03529411764706,35.172180451127815,44.672332730560576
福建省,龙岩市,武平县,永平镇,116.114166,25.282124,0.0,0.0,1.0,0.0,0.0,0.0,0.0,0.0,0.0,0.0,0.0,0.0,0.0,0.0,0.0,0.0,0.0,0.0,0.0,0.0,1.0,0.0,0.0,0.0,0.0,1.0,0.0,0.0,0.0,0.0,0.0,1.0,0.0,1.0,1.0,3.0,0.0,0.0,1.0,0.0,0.0,0.0,0.0,0.0,0.0,0.0,0.0,0.0,0.0,0.0,0.0,0.0,0.0,0.0,0.0,0.0,1.0,0.0,0.0,0.0,0.0,1.0,0.0,0.0,0.0,0.0,0.0,1.0,0.0,1.0,1.0,3.0,1780357986.0,-1.0,龙岩市武平县,龙岩市武平县永平镇,8.0,5.5,0.0,1.5,15.0,29.03529411764706,35.172180451127815,44.672332730560576
福建省,龙岩市,武平县,象洞镇,116.3348529,24.9141769,0.0,0.0,18.0,0.0,31.0,0.0,0.0,0.0,0.0,0.0,0.0,0.0,0.0,0.0,0.0,0.0,0.0,0.0,0.0,0.0,0.0,0.0,1.0,0.0,0.0,1.0,0.0,0.0,0.0,0.0,0.0,0.0,0.0,1.0,5.0,4.0,0.0,0.0,12.0,0.0,23.0,0.0,0.0,0.0,0.0,0.0,0.0,0.0,0.0,0.0,0.0,0.0,0.0,0.0,0.0,0.0,0.0,0.0,0.0,0.0,0.0,1.0,0.0,0.0,0.0,0.0,0.0,0.0,0.0,1.0,4.0,3.0,8196319803.0,-1.0,龙岩市武平县,龙岩市武平县象洞镇,8.0,20.6,0.0,2.0,30.6,29.03529411764706,35.172180451127815,44.672332730560576
福建省,龙岩市,武平县,中赤镇,116.1327244,24.9283544,0.0,0.0,9.0,5.0,15.0,0.0,0.0,0.0,0.0,0.0,0.0,0.0,0.0,0.0,0.0,0.0,0.0,0.0,0.0,0.0,9.0,0.0,0.0,0.0,0.0,3.0,0.0,0.0,0.0,0.0,0.0,0.0,0.0,2.0,4.0,4.0,0.0,0.0,5.0,3.0,13.0,0.0,0.0,0.0,0.0,0.0,0.0,0.0,0.0,0.0,0.0,0.0,0.0,0.0,0.0,0.0,5.0,0.0,0.0,0.0,0.0,1.0,0.0,0.0,0.0,0.0,0.0,0.0,0.0,2.0,4.0,4.0,8196319804.0,-1.0,龙岩市武平县,龙岩市武平县中赤镇,10.0,18.9,0.0,2.0,30.9,29.03529411764706,35.172180451127815,44.672332730560576
福建省,龙岩市,武平县,湘店镇,116.209854,25.443622,0.0,1.0,0.0,0.0,1.0,0.0,0.0,0.0,0.0,0.0,0.0,0.0,0.0,0.0,0.0,0.0,0.0,0.0,0.0,0.0,0.0,0.0,0.0,0.0,0.0,1.0,0.0,0.0,0.0,0.0,0.0,0.0,0.0,1.0,2.0,1.0,0.0,1.0,0.0,0.0,1.0,0.0,0.0,0.0,0.0,0.0,0.0,0.0,0.0,0.0,0.0,0.0,0.0,0.0,0.0,0.0,0.0,0.0,0.0,0.0,0.0,1.0,0.0,0.0,0.0,0.0,0.0,0.0,0.0,1.0,2.0,1.0,2540143492.0,11982206.0,龙岩市武平县,龙岩市武平县湘店镇,16.0,6.5,0.0,0.5,23.0,29.03529411764706,35.172180451127815,44.672332730560576
福建省,龙岩市,武平县,大禾镇,116.101365,25.400629,0.0,0.0,1.0,0.0,8.0,0.0,0.0,0.0,0.0,0.0,0.0,0.0,0.0,0.0,0.0,0.0,0.0,0.0,0.0,0.0,5.0,0.0,0.0,0.0,0.0,1.0,0.0,0.0,0.0,0.0,0.0,0.0,0.0,4.0,2.0,3.0,0.0,0.0,1.0,0.0,4.0,0.0,0.0,0.0,0.0,0.0,0.0,0.0,0.0,0.0,0.0,0.0,0.0,0.0,0.0,0.0,5.0,0.0,0.0,0.0,0.0,1.0,0.0,0.0,0.0,0.0,0.0,0.0,0.0,2.0,2.0,3.0,8196323548.0,-1.0,龙岩市武平县,龙岩市武平县大禾镇,8.0,8.8,0.0,1.5,18.3,29.03529411764706,35.172180451127815,44.672332730560576
福建省,龙岩市,武平县,民主乡,115.939786,25.002524,0.0,0.0,0.0,6.0,5.0,0.0,0.0,0.0,0.0,0.0,0.0,0.0,0.0,0.0,0.0,0.0,0.0,0.0,0.0,0.0,0.0,0.0,0.0,0.0,0.0,1.0,0.0,0.0,0.0,0.0,0.0,0.0,0.0,1.0,3.0,2.0,0.0,0.0,0.0,3.0,5.0,0.0,0.0,0.0,0.0,0.0,0.0,0.0,0.0,0.0,0.0,0.0,0.0,0.0,0.0,0.0,0.0,0.0,0.0,0.0,0.0,1.0,0.0,0.0,0.0,0.0,0.0,0.0,0.0,1.0,3.0,1.0,1780357835.0,-1.0,龙岩市武平县,龙岩市武平县民主乡,8.0,9.0,0.0,1.0,18.0,29.03529411764706,35.172180451127815,44.672332730560576
福建省,龙岩市,武平县,下坝乡,116.0423293,24.8840638,7.0,3.0,2.0,7.0,7.0,0.0,0.0,0.0,0.0,0.0,0.0,0.0,0.0,0.0,0.0,0.0,0.0,0.0,0.0,0.0,2.0,0.0,0.0,0.0,0.0,1.0,0.0,0.0,0.0,0.0,0.0,0.0,0.0,11.0,7.0,4.0,7.0,0.0,2.0,2.0,3.0,0.0,0.0,0.0,0.0,0.0,0.0,0.0,0.0,0.0,0.0,0.0,0.0,0.0,0.0,0.0,2.0,0.0,0.0,0.0,0.0,1.0,0.0,0.0,0.0,0.0,0.0,0.0,0.0,10.0,5.0,4.0,8196319805.0,-1.0,龙岩市武平县,龙岩市武平县下坝乡,8.0,15.8,0.0,2.0,25.8,29.03529411764706,35.172180451127815,44.672332730560576
福建省,龙岩市,连城县,莲峰镇,116.750503,25.708893,0.0,21.0,50.0,30.0,125.0,35.0,0.0,27.0,5.0,10.0,1.0,9.0,2.0,2.0,6.0,7.0,1.0,1.0,3.0,3.0,16.0,1.0,4.0,1.0,1.0,2.0,342.0,0.0,1.0,1.0,3.0,19.0,1.0,3.0,12.0,16.0,0.0,3.0,17.0,12.0,63.0,15.0,0.0,2.0,3.0,2.0,0.0,3.0,0.0,0.0,2.0,3.0,1.0,1.0,1.0,1.0,3.0,1.0,0.0,1.0,0.0,2.0,162.0,0.0,1.0,0.0,3.0,5.0,0.0,2.0,9.0,9.0,8199328864.0,-1.0,龙岩市连城县,龙岩市连城县莲峰镇,9.0,30.0,20.0,20.0,79.0,35.46470588235294,35.172180451127815,44.672332730560576
福建省,龙岩市,连城县,北团镇,116.716605,25.800045,0.0,3.0,4.0,6.0,12.0,0.0,0.0,0.0,0.0,0.0,0.0,0.0,0.0,0.0,1.0,1.0,0.0,0.0,0.0,0.0,0.0,0.0,0.0,0.0,0.0,1.0,0.0,0.0,0.0,0.0,0.0,0.0,0.0,1.0,5.0,2.0,0.0,3.0,0.0,2.0,4.0,0.0,0.0,0.0,0.0,0.0,0.0,0.0,0.0,0.0,1.0,1.0,0.0,0.0,0.0,0.0,0.0,0.0,0.0,0.0,0.0,1.0,0.0,0.0,0.0,0.0,0.0,0.0,0.0,1.0,4.0,2.0,2540017058.0,-1.0,龙岩市连城县,龙岩市连城县北团镇,8.0,16.1,5.0,1.0,30.1,35.46470588235294,35.172180451127815,44.672332730560576
福建省,龙岩市,连城县,姑田镇,116.965707,25.695628,2.0,0.0,0.0,3.0,34.0,0.0,0.0,0.0,0.0,0.0,0.0,0.0,0.0,0.0,0.0,0.0,0.0,0.0,0.0,0.0,0.0,0.0,0.0,0.0,0.0,2.0,0.0,0.0,0.0,0.0,0.0,0.0,0.0,2.0,5.0,2.0,1.0,0.0,0.0,3.0,16.0,0.0,0.0,0.0,0.0,0.0,0.0,0.0,0.0,0.0,0.0,0.0,0.0,0.0,0.0,0.0,0.0,0.0,0.0,0.0,0.0,1.0,0.0,0.0,0.0,0.0,0.0,0.0,0.0,1.0,4.0,1.0,4254900758.0,-1.0,龙岩市连城县,龙岩市连城县姑田镇,9.0,22.1,0.0,1.0,32.1,35.46470588235294,35.172180451127815,44.672332730560576
福建省,龙岩市,连城县,朋口镇,116.6867161,25.529412,11.0,0.0,1.0,13.0,25.0,5.0,0.0,9.0,3.0,1.0,0.0,0.0,0.0,0.0,0.0,0.0,0.0,0.0,0.0,0.0,5.0,0.0,4.0,0.0,0.0,4.0,1.0,0.0,0.0,0.0,0.0,2.0,0.0,6.0,10.0,5.0,10.0,0.0,0.0,13.0,15.0,1.0,0.0,2.0,0.0,0.0,0.0,0.0,0.0,0.0,0.0,0.0,0.0,0.0,0.0,0.0,5.0,0.0,1.0,0.0,0.0,1.0,0.0,0.0,0.0,0.0,0.0,2.0,0.0,3.0,9.0,5.0,2540079377.0,-1.0,龙岩市连城县,龙岩市连城县朋口镇,11.0,27.5,0.0,2.6,41.1,35.46470588235294,35.172180451127815,44.672332730560576
福建省,龙岩市,连城县,莒溪镇,116.738707,25.494649,0.0,0.0,1.0,13.0,29.0,8.0,0.0,3.0,0.0,0.0,0.0,0.0,0.0,0.0,1.0,1.0,0.0,0.0,0.0,0.0,1.0,0.0,0.0,0.0,0.0,6.0,36.0,0.0,0.0,0.0,0.0,0.0,0.0,1.0,6.0,3.0,0.0,0.0,1.0,11.0,15.0,0.0,0.0,0.0,0.0,0.0,0.0,0.0,0.0,0.0,1.0,1.0,0.0,0.0,0.0,0.0,0.0,0.0,0.0,0.0,0.0,1.0,0.0,0.0,0.0,0.0,0.0,0.0,0.0,1.0,3.0,2.0,2540079374.0,-1.0,龙岩市连城县,龙岩市连城县莒溪镇,12.0,23.0,5.0,5.1,45.1,35.46470588235294,35.172180451127815,44.672332730560576
福建省,龙岩市,连城县,新泉镇,116.612089,25.354828,10.0,0.0,0.0,0.0,3.0,0.0,0.0,0.0,0.0,0.0,0.0,0.0,0.0,0.0,0.0,0.0,0.0,0.0,0.0,0.0,8.0,0.0,0.0,0.0,0.0,4.0,0.0,0.0,0.0,0.0,0.0,0.0,0.0,8.0,5.0,4.0,9.0,0.0,0.0,0.0,3.0,0.0,0.0,0.0,0.0,0.0,0.0,0.0,0.0,0.0,0.0,0.0,0.0,0.0,0.0,0.0,6.0,0.0,0.0,0.0,0.0,2.0,0.0,0.0,0.0,0.0,0.0,0.0,0.0,3.0,4.0,4.0,2540079382.0,-1.0,龙岩市连城县,龙岩市连城县新泉镇,11.0,9.0,0.0,2.0,22.0,35.46470588235294,35.172180451127815,44.672332730560576
福建省,龙岩市,连城县,庙前镇,116.679942,25.329884,1.0,0.0,0.0,1.0,33.0,2.0,0.0,0.0,0.0,0.0,0.0,0.0,0.0,0.0,0.0,0.0,0.0,0.0,0.0,0.0,3.0,0.0,1.0,0.0,0.0,2.0,0.0,0.0,0.0,0.0,0.0,1.0,0.0,5.0,5.0,6.0,1.0,0.0,0.0,1.0,17.0,1.0,0.0,0.0,0.0,0.0,0.0,0.0,0.0,0.0,0.0,0.0,0.0,0.0,0.0,0.0,2.0,0.0,0.0,0.0,0.0,1.0,0.0,0.0,0.0,0.0,0.0,0.0,0.0,2.0,5.0,4.0,2460781553.0,-1.0,龙岩市连城县,龙岩市连城县庙前镇,9.0,20.2,0.0,3.0,32.2,35.46470588235294,35.172180451127815,44.672332730560576
福建省,龙岩市,连城县,文亨镇,116.754292,25.667424,9.0,17.0,0.0,14.0,37.0,26.0,0.0,0.0,0.0,1.0,0.0,0.0,0.0,0.0,0.0,0.0,0.0,0.0,0.0,0.0,5.0,0.0,4.0,0.0,0.0,1.0,1.0,0.0,0.0,4.0,0.0,11.0,0.0,3.0,8.0,6.0,6.0,5.0,0.0,0.0,28.0,17.0,0.0,0.0,0.0,0.0,0.0,0.0,0.0,0.0,0.0,0.0,0.0,0.0,0.0,0.0,0.0,0.0,1.0,0.0,0.0,1.0,0.0,0.0,0.0,4.0,0.0,2.0,0.0,3.0,7.0,5.0,2540017231.0,-1.0,龙岩市连城县,龙岩市连城县文亨镇,8.0,26.0,0.0,3.9,37.9,35.46470588235294,35.172180451127815,44.672332730560576
福建省,龙岩市,连城县,四堡镇,116.7039357,25.8948165,0.0,3.0,0.0,3.0,13.0,0.0,0.0,0.0,0.0,0.0,0.0,4.0,0.0,0.0,0.0,0.0,0.0,0.0,1.0,1.0,8.0,0.0,0.0,0.0,0.0,1.0,58.0,0.0,3.0,1.0,2.0,3.0,1.0,5.0,5.0,6.0,0.0,3.0,0.0,1.0,8.0,0.0,0.0,0.0,0.0,0.0,0.0,4.0,0.0,0.0,0.0,0.0,0.0,0.0,1.0,1.0,3.0,0.0,0.0,0.0,0.0,1.0,14.0,0.0,2.0,0.0,1.0,3.0,1.0,1.0,4.0,4.0,2540017203.0,-1.0,龙岩市连城县,龙岩市连城县四堡镇,8.0,15.5,8.0,10.3,41.8,35.46470588235294,35.172180451127815,44.672332730560576
福建省,龙岩市,连城县,林坊镇,116.719987,25.6909,0.0,1.0,13.0,11.0,18.0,11.0,0.0,0.0,0.0,0.0,1.0,2.0,1.0,1.0,1.0,1.0,0.0,0.0,0.0,0.0,9.0,0.0,3.0,1.0,2.0,1.0,16.0,0.0,0.0,0.0,0.0,0.0,0.0,2.0,7.0,9.0,0.0,0.0,2.0,3.0,2.0,0.0,0.0,0.0,0.0,0.0,0.0,0.0,0.0,0.0,0.0,0.0,0.0,0.0,0.0,0.0,2.0,0.0,0.0,0.0,0.0,1.0,0.0,0.0,0.0,0.0,0.0,0.0,0.0,1.0,3.0,2.0,8199328865.0,-1.0,龙岩市连城县,龙岩市连城县林坊镇,8.0,19.7,5.0,5.6,38.300000000000004,35.46470588235294,35.172180451127815,44.672332730560576
福建省,龙岩市,连城县,隔川镇,116.740446,25.75689,0.0,3.0,3.0,5.0,4.0,3.0,0.0,0.0,1.0,0.0,0.0,0.0,0.0,0.0,0.0,0.0,0.0,0.0,0.0,0.0,1.0,0.0,2.0,0.0,0.0,1.0,0.0,0.0,0.0,0.0,0.0,2.0,0.0,1.0,6.0,7.0,0.0,3.0,0.0,2.0,3.0,0.0,0.0,0.0,0.0,0.0,0.0,0.0,0.0,0.0,0.0,0.0,0.0,0.0,0.0,0.0,0.0,0.0,1.0,0.0,0.0,1.0,0.0,0.0,0.0,0.0,0.0,2.0,0.0,1.0,4.0,2.0,2540017131.0,-1.0,龙岩市连城县,龙岩市连城县隔川镇,8.0,16.7,0.0,3.5,28.2,35.46470588235294,35.172180451127815,44.672332730560576
福建省,龙岩市,连城县,宣和镇,116.64093,25.610474,0.0,0.0,0.0,8.0,74.0,0.0,0.0,0.0,0.0,0.0,0.0,0.0,0.0,0.0,0.0,0.0,0.0,0.0,0.0,0.0,4.0,0.0,0.0,0.0,0.0,3.0,0.0,0.0,0.0,0.0,0.0,0.0,1.0,1.0,5.0,4.0,0.0,0.0,0.0,4.0,36.0,0.0,0.0,0.0,0.0,0.0,0.0,0.0,0.0,0.0,0.0,0.0,0.0,0.0,0.0,0.0,1.0,0.0,0.0,0.0,0.0,1.0,0.0,0.0,0.0,0.0,0.0,0.0,0.0,1.0,5.0,3.0,2540079384.0,-1.0,龙岩市连城县,龙岩市连城县宣和镇,10.0,22.5,0.0,2.0,34.5,35.46470588235294,35.172180451127815,44.672332730560576
福建省,龙岩市,连城县,揭乐乡,116.782987,25.728483,0.0,9.0,14.0,15.0,58.0,7.0,0.0,49.0,2.0,3.0,0.0,2.0,1.0,1.0,3.0,3.0,0.0,0.0,2.0,3.0,8.0,0.0,0.0,0.0,1.0,1.0,151.0,0.0,0.0,2.0,0.0,16.0,4.0,1.0,11.0,11.0,0.0,0.0,0.0,3.0,6.0,0.0,0.0,1.0,0.0,0.0,0.0,0.0,0.0,0.0,0.0,0.0,0.0,0.0,0.0,0.0,3.0,0.0,0.0,0.0,0.0,1.0,0.0,0.0,0.0,1.0,0.0,1.0,0.0,1.0,4.0,4.0,2540017160.0,-1.0,龙岩市连城县,龙岩市连城县揭乐乡,8.0,28.0,5.0,19.4,60.4,35.46470588235294,35.172180451127815,44.672332730560576
福建省,龙岩市,连城县,塘前乡,116.85271,25.768207,0.0,0.0,0.0,7.0,27.0,0.0,0.0,0.0,0.0,0.0,0.0,0.0,0.0,0.0,0.0,0.0,0.0,0.0,0.0,0.0,0.0,0.0,0.0,0.0,0.0,1.0,0.0,0.0,0.0,0.0,0.0,0.0,0.0,5.0,3.0,2.0,0.0,0.0,0.0,5.0,22.0,0.0,0.0,0.0,0.0,0.0,0.0,0.0,0.0,0.0,0.0,0.0,0.0,0.0,0.0,0.0,0.0,0.0,0.0,0.0,0.0,1.0,0.0,0.0,0.0,0.0,0.0,0.0,0.0,1.0,3.0,1.0,8199328866.0,-1.0,龙岩市连城县,龙岩市连城县塘前乡,8.0,18.5,0.0,1.0,27.5,35.46470588235294,35.172180451127815,44.672332730560576
福建省,龙岩市,连城县,罗坊乡,116.683691,25.750683,0.0,0.0,0.0,3.0,1.0,1.0,0.0,0.0,0.0,0.0,0.0,0.0,0.0,0.0,0.0,0.0,0.0,0.0,0.0,0.0,4.0,0.0,0.0,0.0,0.0,1.0,0.0,0.0,0.0,0.0,0.0,1.0,0.0,1.0,4.0,4.0,0.0,0.0,0.0,3.0,0.0,0.0,0.0,0.0,0.0,0.0,0.0,0.0,0.0,0.0,0.0,0.0,0.0,0.0,0.0,0.0,3.0,0.0,0.0,0.0,0.0,1.0,0.0,0.0,0.0,0.0,0.0,0.0,0.0,1.0,2.0,2.0,2540017184.0,-1.0,龙岩市连城县,龙岩市连城县罗坊乡,8.0,5.2,0.0,2.0,15.2,35.46470588235294,35.172180451127815,44.672332730560576
福建省,龙岩市,连城县,曲溪乡,116.915169,25.65376,2.0,0.0,3.0,0.0,0.0,0.0,0.0,0.0,0.0,0.0,0.0,0.0,0.0,0.0,0.0,0.0,0.0,0.0,0.0,0.0,0.0,0.0,0.0,0.0,0.0,1.0,0.0,0.0,0.0,0.0,0.0,0.0,0.0,2.0,3.0,1.0,1.0,0.0,3.0,0.0,0.0,0.0,0.0,0.0,0.0,0.0,0.0,0.0,0.0,0.0,0.0,0.0,0.0,0.0,0.0,0.0,0.0,0.0,0.0,0.0,0.0,1.0,0.0,0.0,0.0,0.0,0.0,0.0,0.0,1.0,2.0,0.0,2540017199.0,-1.0,龙岩市连城县,龙岩市连城县曲溪乡,8.0,6.5,0.0,0.5,15.0,35.46470588235294,35.172180451127815,44.672332730560576
福建省,龙岩市,连城县,赖源乡,117.017639,25.563251,0.0,0.0,2.0,5.0,0.0,0.0,0.0,0.0,0.0,0.0,0.0,0.0,0.0,0.0,0.0,0.0,0.0,0.0,0.0,0.0,2.0,0.0,0.0,0.0,0.0,2.0,0.0,0.0,0.0,0.0,0.0,0.0,0.0,4.0,2.0,5.0,0.0,0.0,1.0,2.0,0.0,0.0,0.0,0.0,0.0,0.0,0.0,0.0,0.0,0.0,0.0,0.0,0.0,0.0,0.0,0.0,1.0,0.0,0.0,0.0,0.0,1.0,0.0,0.0,0.0,0.0,0.0,0.0,0.0,2.0,2.0,4.0,4254840065.0,-1.0,龙岩市连城县,龙岩市连城县赖源乡,9.0,11.0,0.0,2.5,22.5,35.46470588235294,35.172180451127815,44.672332730560576
福建省,龙岩市,漳平市,菁城街道,117.407778,25.296944,10.0,20.0,28.0,35.0,33.0,14.0,0.0,59.0,1.0,1.0,0.0,1.0,0.0,0.0,1.0,1.0,0.0,0.0,0.0,0.0,11.0,1.0,25.0,0.0,4.0,3.0,4.0,0.0,0.0,5.0,0.0,16.0,6.0,7.0,11.0,16.0,0.0,7.0,11.0,9.0,10.0,0.0,0.0,12.0,0.0,0.0,0.0,1.0,0.0,0.0,0.0,0.0,0.0,0.0,0.0,0.0,5.0,0.0,0.0,0.0,0.0,2.0,0.0,0.0,0.0,1.0,0.0,3.0,0.0,4.0,7.0,7.0,8202776236.0,-1.0,龙岩市漳平市,龙岩市漳平市菁城街道,10.0,27.6,5.0,5.0,47.6,31.675,35.172180451127815,44.672332730560576
福建省,龙岩市,漳平市,桂林街道,117.4144074,25.2892497,12.0,24.0,36.0,36.0,36.0,9.0,0.0,59.0,1.0,1.0,0.0,1.0,0.0,0.0,0.0,0.0,0.0,0.0,0.0,0.0,14.0,1.0,22.0,0.0,4.0,3.0,4.0,0.0,0.0,6.0,0.0,14.0,6.0,7.0,11.0,16.0,0.0,0.0,23.0,9.0,13.0,0.0,0.0,27.0,0.0,0.0,0.0,1.0,0.0,0.0,0.0,0.0,0.0,0.0,0.0,0.0,3.0,1.0,0.0,0.0,1.0,2.0,2.0,0.0,0.0,2.0,0.0,5.0,4.0,4.0,5.0,9.0,8202776233.0,-1.0,龙岩市漳平市,龙岩市漳平市桂林街道,10.0,28.0,5.0,5.4,48.4,31.675,35.172180451127815,44.672332730560576
福建省,龙岩市,漳平市,新桥镇,117.5105966,25.5984463,0.0,0.0,24.0,11.0,23.0,0.0,0.0,0.0,0.0,0.0,0.0,0.0,0.0,0.0,0.0,0.0,0.0,0.0,0.0,0.0,7.0,0.0,0.0,0.0,0.0,2.0,0.0,0.0,0.0,0.0,0.0,0.0,0.0,4.0,7.0,3.0,0.0,0.0,8.0,5.0,19.0,0.0,0.0,0.0,0.0,0.0,0.0,0.0,0.0,0.0,0.0,0.0,0.0,0.0,0.0,0.0,2.0,0.0,0.0,0.0,0.0,1.0,0.0,0.0,0.0,0.0,0.0,0.0,0.0,2.0,4.0,3.0,8202776225.0,-1.0,龙岩市漳平市,龙岩市漳平市新桥镇,9.0,23.5,0.0,1.5,34.0,31.675,35.172180451127815,44.672332730560576
福建省,龙岩市,漳平市,双洋镇,117.36,25.6075,0.0,1.0,7.0,0.0,36.0,4.0,0.0,12.0,0.0,0.0,0.0,0.0,0.0,0.0,0.0,0.0,0.0,0.0,0.0,0.0,5.0,0.0,1.0,0.0,0.0,1.0,1.0,0.0,0.0,0.0,0.0,0.0,0.0,2.0,7.0,4.0,0.0,1.0,4.0,0.0,36.0,1.0,0.0,10.0,0.0,0.0,0.0,0.0,0.0,0.0,0.0,0.0,0.0,0.0,0.0,0.0,5.0,0.0,0.0,0.0,0.0,1.0,0.0,0.0,0.0,0.0,0.0,0.0,0.0,1.0,7.0,3.0,8202776229.0,-1.0,龙岩市漳平市,龙岩市漳平市双洋镇,8.0,23.5,0.0,2.1,33.6,31.675,35.172180451127815,44.672332730560576
福建省,龙岩市,漳平市,永福镇,117.302952,25.065338,5.0,0.0,6.0,18.0,75.0,0.0,0.0,8.0,0.0,0.0,0.0,0.0,0.0,0.0,0.0,0.0,0.0,0.0,0.0,0.0,9.0,0.0,0.0,0.0,0.0,4.0,0.0,0.0,0.0,1.0,0.0,4.0,0.0,3.0,6.0,4.0,0.0,0.0,5.0,9.0,33.0,0.0,0.0,8.0,0.0,0.0,0.0,0.0,0.0,0.0,0.0,0.0,0.0,0.0,0.0,0.0,4.0,0.0,0.0,0.0,0.0,1.0,0.0,0.0,0.0,1.0,0.0,3.0,0.0,2.0,5.0,3.0,8202776239.0,-1.0,龙岩市漳平市,龙岩市漳平市永福镇,11.0,23.0,0.0,2.2,36.2,31.675,35.172180451127815,44.672332730560576
福建省,龙岩市,漳平市,溪南镇,117.5771668,25.4016571,7.0,0.0,5.0,4.0,10.0,0.0,0.0,0.0,0.0,0.0,0.0,0.0,0.0,0.0,0.0,0.0,0.0,0.0,0.0,0.0,16.0,0.0,0.0,0.0,0.0,1.0,0.0,0.0,0.0,0.0,0.0,1.0,0.0,1.0,5.0,4.0,3.0,0.0,1.0,0.0,9.0,0.0,0.0,0.0,0.0,0.0,0.0,0.0,0.0,0.0,0.0,0.0,0.0,0.0,0.0,0.0,11.0,0.0,0.0,0.0,0.0,1.0,0.0,0.0,0.0,0.0,0.0,1.0,0.0,1.0,4.0,4.0,8202776231.0,-1.0,龙岩市漳平市,龙岩市漳平市溪南镇,8.0,16.2,0.0,2.0,26.2,31.675,35.172180451127815,44.672332730560576
福建省,龙岩市,漳平市,和平镇,117.422096,25.341646,1.0,12.0,0.0,4.0,12.0,11.0,0.0,0.0,0.0,0.0,2.0,0.0,0.0,0.0,1.0,1.0,0.0,0.0,0.0,0.0,12.0,1.0,17.0,0.0,1.0,1.0,0.0,0.0,0.0,0.0,0.0,5.0,0.0,4.0,10.0,11.0,0.0,1.0,0.0,0.0,3.0,0.0,0.0,0.0,0.0,0.0,0.0,0.0,0.0,0.0,0.0,0.0,0.0,0.0,0.0,0.0,3.0,0.0,3.0,0.0,0.0,1.0,0.0,0.0,0.0,0.0,0.0,1.0,0.0,3.0,5.0,4.0,8202776234.0,-1.0,龙岩市漳平市,龙岩市漳平市和平镇,8.0,18.3,0.0,4.0,30.3,31.675,35.172180451127815,44.672332730560576
福建省,龙岩市,漳平市,拱桥镇,117.3210505,25.2441388,0.0,0.0,3.0,12.0,10.0,0.0,0.0,0.0,0.0,0.0,0.0,0.0,0.0,0.0,0.0,0.0,0.0,0.0,0.0,0.0,2.0,0.0,1.0,0.0,0.0,1.0,0.0,0.0,0.0,0.0,0.0,0.0,0.0,4.0,4.0,4.0,0.0,0.0,1.0,12.0,4.0,0.0,0.0,0.0,0.0,0.0,0.0,0.0,0.0,0.0,0.0,0.0,0.0,0.0,0.0,0.0,2.0,0.0,0.0,0.0,0.0,1.0,0.0,0.0,0.0,0.0,0.0,0.0,0.0,2.0,3.0,3.0,8202776238.0,-1.0,龙岩市漳平市,龙岩市漳平市拱桥镇,8.0,15.2,0.0,2.0,25.2,31.675,35.172180451127815,44.672332730560576
福建省,龙岩市,漳平市,象湖镇,117.62877,25.420648,3.0,0.0,0.0,0.0,9.0,0.0,0.0,3.0,0.0,0.0,0.0,0.0,0.0,0.0,0.0,0.0,0.0,0.0,0.0,0.0,3.0,0.0,0.0,0.0,0.0,4.0,0.0,0.0,0.0,0.0,0.0,0.0,0.0,1.0,4.0,3.0,1.0,0.0,0.0,0.0,3.0,0.0,0.0,0.0,0.0,0.0,0.0,0.0,0.0,0.0,0.0,0.0,0.0,0.0,0.0,0.0,3.0,0.0,0.0,0.0,0.0,1.0,0.0,0.0,0.0,0.0,0.0,0.0,0.0,1.0,2.0,3.0,8202776230.0,-1.0,龙岩市漳平市,龙岩市漳平市象湖镇,11.0,9.7,0.0,1.5,22.2,31.675,35.172180451127815,44.672332730560576
福建省,龙岩市,漳平市,赤水镇,117.286161,25.61248,0.0,0.0,1.0,5.0,6.0,1.0,0.0,0.0,0.0,0.0,0.0,0.0,0.0,0.0,0.0,0.0,0.0,0.0,0.0,0.0,2.0,0.0,0.0,0.0,0.0,2.0,0.0,0.0,0.0,0.0,0.0,0.0,0.0,1.0,5.0,3.0,0.0,0.0,1.0,3.0,5.0,0.0,0.0,0.0,0.0,0.0,0.0,0.0,0.0,0.0,0.0,0.0,0.0,0.0,0.0,0.0,1.0,0.0,0.0,0.0,0.0,1.0,0.0,0.0,0.0,0.0,0.0,0.0,0.0,1.0,4.0,3.0,8202776228.0,-1.0,龙岩市漳平市,龙岩市漳平市赤水镇,9.0,15.2,0.0,1.5,25.7,31.675,35.172180451127815,44.672332730560576
福建省,龙岩市,漳平市,西园镇,117.3613861,25.3296536,3.0,9.0,14.0,12.0,13.0,21.0,0.0,0.0,1.0,3.0,1.0,0.0,0.0,0.0,0.0,0.0,0.0,0.0,0.0,0.0,13.0,1.0,25.0,0.0,0.0,1.0,20.0,0.0,0.0,9.0,0.0,1.0,0.0,5.0,14.0,15.0,0.0,0.0,7.0,4.0,0.0,8.0,0.0,0.0,0.0,3.0,0.0,0.0,0.0,0.0,0.0,0.0,0.0,0.0,0.0,0.0,3.0,0.0,1.0,0.0,0.0,1.0,1.0,0.0,0.0,0.0,0.0,1.0,0.0,4.0,5.0,7.0,8202776237.0,-1.0,龙岩市漳平市,龙岩市漳平市西园镇,8.0,22.6,0.0,7.0,37.6,31.675,35.172180451127815,44.672332730560576
福建省,龙岩市,漳平市,南洋镇,117.351927,25.4106927,0.0,4.0,0.0,16.0,28.0,2.0,0.0,19.0,0.0,0.0,0.0,0.0,0.0,0.0,0.0,0.0,0.0,0.0,0.0,0.0,5.0,0.0,1.0,0.0,0.0,2.0,0.0,0.0,0.0,2.0,0.0,0.0,0.0,3.0,6.0,6.0,0.0,1.0,0.0,10.0,19.0,0.0,0.0,19.0,0.0,0.0,0.0,0.0,0.0,0.0,0.0,0.0,0.0,0.0,0.0,0.0,3.0,0.0,0.0,0.0,0.0,1.0,0.0,0.0,0.0,1.0,0.0,0.0,0.0,1.0,5.0,5.0,8202776232.0,-1.0,龙岩市漳平市,龙岩市漳平市南洋镇,9.0,23.0,0.0,3.3,35.3,31.675,35.172180451127815,44.672332730560576
福建省,龙岩市,漳平市,芦芝镇,117.4556021,25.2788911,19.0,12.0,14.0,4.0,13.0,2.0,0.0,7.0,0.0,0.0,0.0,0.0,0.0,0.0,0.0,0.0,0.0,0.0,0.0,0.0,9.0,0.0,4.0,0.0,0.0,1.0,0.0,0.0,0.0,1.0,0.0,2.0,0.0,4.0,11.0,8.0,6.0,0.0,0.0,1.0,0.0,0.0,0.0,0.0,0.0,0.0,0.0,0.0,0.0,0.0,0.0,0.0,0.0,0.0,0.0,0.0,3.0,0.0,1.0,0.0,0.0,1.0,0.0,0.0,0.0,0.0,0.0,0.0,0.0,4.0,4.0,5.0,8202776235.0,-1.0,龙岩市漳平市,龙岩市漳平市芦芝镇,8.0,15.6,0.0,4.1,27.700000000000003,31.675,35.172180451127815,44.672332730560576
福建省,龙岩市,漳平市,官田乡,117.480091,25.0500322,0.0,0.0,2.0,5.0,19.0,0.0,0.0,0.0,0.0,0.0,0.0,0.0,0.0,0.0,0.0,0.0,0.0,0.0,0.0,0.0,1.0,0.0,0.0,0.0,0.0,1.0,0.0,0.0,0.0,0.0,0.0,0.0,0.0,7.0,5.0,5.0,0.0,0.0,1.0,4.0,7.0,0.0,0.0,0.0,0.0,0.0,0.0,0.0,0.0,0.0,0.0,0.0,0.0,0.0,0.0,0.0,1.0,0.0,0.0,0.0,0.0,1.0,0.0,0.0,0.0,0.0,0.0,0.0,0.0,2.0,4.0,3.0,2481309335.0,-1.0,龙岩市漳平市,龙岩市漳平市官田乡,8.0,18.4,0.0,2.5,28.9,31.675,35.172180451127815,44.672332730560576
福建省,龙岩市,漳平市,吾祠乡,117.642894,25.594817,4.0,0.0,3.0,1.0,4.0,0.0,0.0,0.0,0.0,0.0,0.0,0.0,0.0,0.0,0.0,0.0,0.0,0.0,0.0,0.0,1.0,0.0,0.0,0.0,0.0,1.0,0.0,0.0,0.0,0.0,0.0,0.0,0.0,1.0,4.0,4.0,2.0,0.0,2.0,0.0,3.0,0.0,0.0,0.0,0.0,0.0,0.0,0.0,0.0,0.0,0.0,0.0,0.0,0.0,0.0,0.0,1.0,0.0,0.0,0.0,0.0,1.0,0.0,0.0,0.0,0.0,0.0,0.0,0.0,1.0,3.0,4.0,8202776227.0,-1.0,龙岩市漳平市,龙岩市漳平市吾祠乡,8.0,9.7,0.0,2.0,19.7,31.675,35.172180451127815,44.672332730560576
福建省,龙岩市,漳平市,灵地乡,117.5853344,25.6084471,0.0,0.0,6.0,1.0,21.0,0.0,0.0,0.0,0.0,0.0,0.0,0.0,0.0,0.0,0.0,0.0,0.0,0.0,0.0,0.0,2.0,0.0,1.0,0.0,0.0,2.0,0.0,0.0,0.0,0.0,0.0,0.0,0.0,1.0,5.0,4.0,0.0,0.0,5.0,1.0,15.0,0.0,0.0,0.0,0.0,0.0,0.0,0.0,0.0,0.0,0.0,0.0,0.0,0.0,0.0,0.0,2.0,0.0,1.0,0.0,0.0,1.0,0.0,0.0,0.0,0.0,0.0,0.0,0.0,1.0,5.0,4.0,8202776226.0,-1.0,龙岩市漳平市,龙岩市漳平市灵地乡,9.0,17.2,0.0,2.0,28.2,31.675,35.172180451127815,44.672332730560576
福建省,宁德市,蕉城区,蕉南街道,119.5250701,26.6593488,18.0,26.0,38.0,40.0,248.0,58.0,0.0,44.0,221.0,15.0,6.0,21.0,16.0,26.0,38.0,41.0,19.0,3.0,34.0,86.0,35.0,4.0,1.0,0.0,0.0,5.0,755.0,0.0,10.0,0.0,16.0,42.0,28.0,6.0,22.0,16.0,6.0,7.0,12.0,22.0,83.0,11.0,0.0,7.0,71.0,1.0,0.0,7.0,7.0,11.0,20.0,21.0,8.0,1.0,28.0,36.0,3.0,2.0,0.0,0.0,0.0,3.0,210.0,0.0,1.0,0.0,3.0,7.0,9.0,4.0,16.0,7.0,8254319681.0,12080605.0,宁德市蕉城区,宁德市蕉城区蕉南街道,20.0,30.0,30.0,20.0,100.0,54.5375,39.788888888888884,44.672332730560576
福建省,宁德市,蕉城区,蕉北街道,119.5166158,26.6635292,18.0,8.0,24.0,49.0,250.0,42.0,0.0,47.0,184.0,11.0,4.0,19.0,15.0,24.0,35.0,38.0,16.0,3.0,34.0,75.0,24.0,4.0,1.0,0.0,0.0,8.0,710.0,0.0,10.0,1.0,14.0,28.0,24.0,7.0,21.0,16.0,11.0,2.0,2.0,16.0,16.0,8.0,0.0,2.0,38.0,3.0,0.0,8.0,7.0,16.0,13.0,13.0,4.0,2.0,24.0,49.0,0.0,1.0,0.0,0.0,0.0,3.0,6.0,0.0,0.0,0.0,1.0,3.0,16.0,3.0,14.0,4.0,8254319748.0,12080606.0,宁德市蕉城区,宁德市蕉城区蕉北街道,20.0,30.0,30.0,20.0,100.0,54.5375,39.788888888888884,44.672332730560576
福建省,宁德市,蕉城区,城南镇,119.5325268,26.6453494,12.0,22.0,45.0,43.0,254.0,54.0,0.0,46.0,188.0,14.0,4.0,21.0,15.0,25.0,37.0,40.0,19.0,2.0,33.0,84.0,40.0,4.0,2.0,0.0,0.0,9.0,717.0,0.0,9.0,2.0,12.0,41.0,20.0,7.0,21.0,14.0,7.0,2.0,21.0,3.0,88.0,13.0,0.0,6.0,47.0,1.0,3.0,10.0,6.0,7.0,7.0,8.0,11.0,0.0,5.0,22.0,16.0,0.0,1.0,0.0,0.0,1.0,540.0,0.0,6.0,0.0,4.0,7.0,4.0,2.0,13.0,7.0,8254320381.0,12080607.0,宁德市蕉城区,宁德市蕉城区城南镇,20.0,30.0,28.0,20.0,98.0,54.5375,39.788888888888884,44.672332730560576
福建省,宁德市,蕉城区,漳湾镇,119.5935665,26.7105631,2.0,24.0,2.0,22.0,53.0,23.0,0.0,1.0,6.0,0.0,0.0,0.0,0.0,0.0,1.0,1.0,0.0,0.0,0.0,0.0,14.0,0.0,14.0,0.0,4.0,4.0,24.0,0.0,0.0,9.0,0.0,2.0,0.0,7.0,14.0,14.0,0.0,0.0,0.0,4.0,7.0,0.0,0.0,0.0,0.0,0.0,0.0,0.0,0.0,0.0,1.0,1.0,0.0,0.0,0.0,0.0,2.0,0.0,0.0,0.0,0.0,1.0,0.0,0.0,0.0,0.0,0.0,1.0,0.0,2.0,4.0,7.0,2480468383.0,-1.0,宁德市蕉城区,宁德市蕉城区漳湾镇,11.0,26.0,5.0,7.300000000000001,49.3,54.5375,39.788888888888884,44.672332730560576
福建省,宁德市,蕉城区,七都镇,119.54435,26.766628,7.0,6.0,7.0,45.0,41.0,7.0,0.0,16.0,11.0,0.0,0.0,0.0,0.0,0.0,0.0,0.0,0.0,0.0,0.0,0.0,11.0,0.0,7.0,0.0,0.0,10.0,9.0,0.0,0.0,0.0,0.0,2.0,0.0,3.0,15.0,13.0,2.0,0.0,2.0,3.0,2.0,1.0,0.0,1.0,1.0,0.0,0.0,0.0,0.0,0.0,0.0,0.0,0.0,0.0,0.0,0.0,1.0,0.0,2.0,0.0,0.0,1.0,0.0,0.0,0.0,0.0,0.0,0.0,0.0,2.0,9.0,8.0,2480468379.0,-1.0,宁德市蕉城区,宁德市蕉城区七都镇,12.0,24.8,0.0,4.9,41.699999999999996,54.5375,39.788888888888884,44.672332730560576
福建省,宁德市,蕉城区,八都镇,119.5646219,26.8140638,32.0,0.0,0.0,9.0,23.0,7.0,0.0,16.0,0.0,0.0,1.0,0.0,1.0,1.0,3.0,3.0,0.0,0.0,0.0,0.0,10.0,0.0,0.0,0.0,0.0,23.0,0.0,0.0,0.0,0.0,0.0,1.0,2.0,3.0,11.0,11.0,10.0,0.0,0.0,4.0,9.0,0.0,0.0,1.0,0.0,0.0,0.0,0.0,1.0,1.0,2.0,2.0,0.0,0.0,0.0,0.0,2.0,0.0,0.0,0.0,0.0,3.0,0.0,0.0,0.0,0.0,0.0,1.0,1.0,2.0,8.0,8.0,3928528497.0,-1.0,宁德市蕉城区,宁德市蕉城区八都镇,12.0,23.3,10.0,4.0,49.3,54.5375,39.788888888888884,44.672332730560576
福建省,宁德市,蕉城区,九都镇,119.46679,26.8119268,8.0,0.0,0.0,8.0,30.0,1.0,0.0,1.0,1.0,0.0,0.0,0.0,0.0,0.0,0.0,0.0,0.0,0.0,0.0,0.0,0.0,0.0,0.0,0.0,0.0,11.0,6.0,0.0,0.0,0.0,0.0,0.0,0.0,3.0,6.0,3.0,8.0,0.0,0.0,8.0,11.0,1.0,0.0,0.0,0.0,0.0,0.0,0.0,0.0,0.0,0.0,0.0,0.0,0.0,0.0,0.0,0.0,0.0,0.0,0.0,0.0,4.0,2.0,0.0,0.0,0.0,0.0,0.0,0.0,3.0,4.0,2.0,2480367200.0,-1.0,宁德市蕉城区,宁德市蕉城区九都镇,12.0,24.3,0.0,2.3,38.599999999999994,54.5375,39.788888888888884,44.672332730560576
福建省,宁德市,蕉城区,霍童镇,119.4169449,26.8520592,3.0,0.0,8.0,1.0,49.0,7.0,0.0,10.0,0.0,0.0,0.0,0.0,1.0,1.0,2.0,3.0,0.0,0.0,0.0,5.0,5.0,0.0,1.0,0.0,0.0,11.0,17.0,0.0,4.0,0.0,0.0,1.0,0.0,2.0,9.0,11.0,1.0,0.0,5.0,0.0,23.0,6.0,0.0,6.0,0.0,0.0,0.0,0.0,1.0,1.0,2.0,3.0,0.0,0.0,0.0,5.0,1.0,0.0,1.0,0.0,0.0,1.0,16.0,0.0,4.0,0.0,0.0,1.0,0.0,2.0,7.0,8.0,2480468377.0,-1.0,宁德市蕉城区,宁德市蕉城区霍童镇,12.0,24.0,15.0,7.300000000000001,58.3,54.5375,39.788888888888884,44.672332730560576
福建省,宁德市,蕉城区,赤溪镇,119.482968,26.913196,0.0,0.0,0.0,7.0,70.0,2.0,0.0,12.0,0.0,0.0,0.0,0.0,0.0,0.0,1.0,1.0,0.0,0.0,0.0,0.0,0.0,0.0,0.0,0.0,0.0,11.0,0.0,0.0,0.0,0.0,0.0,1.0,0.0,1.0,7.0,5.0,0.0,0.0,0.0,6.0,30.0,0.0,0.0,3.0,0.0,0.0,0.0,0.0,0.0,0.0,1.0,1.0,0.0,0.0,0.0,0.0,0.0,0.0,0.0,0.0,0.0,2.0,0.0,0.0,0.0,0.0,0.0,1.0,0.0,1.0,6.0,2.0,2480367198.0,-1.0,宁德市蕉城区,宁德市蕉城区赤溪镇,12.0,23.5,5.0,2.5,43.0,54.5375,39.788888888888884,44.672332730560576
福建省,宁德市,蕉城区,洋中镇,119.3762288,26.707391,0.0,0.0,3.0,10.0,45.0,6.0,0.0,6.0,0.0,0.0,1.0,0.0,1.0,1.0,1.0,1.0,0.0,0.0,0.0,0.0,28.0,0.0,1.0,0.0,0.0,23.0,1.0,0.0,0.0,0.0,0.0,0.0,0.0,2.0,9.0,5.0,0.0,0.0,3.0,1.0,20.0,1.0,0.0,2.0,0.0,0.0,1.0,0.0,1.0,1.0,1.0,1.0,0.0,0.0,0.0,0.0,9.0,0.0,0.0,0.0,0.0,5.0,1.0,0.0,0.0,0.0,0.0,0.0,0.0,1.0,7.0,3.0,2480468382.0,-1.0,宁德市蕉城区,宁德市蕉城区洋中镇,12.0,26.0,10.0,2.7,50.7,54.5375,39.788888888888884,44.672332730560576
福建省,宁德市,蕉城区,飞鸾镇,119.5944134,26.5669833,10.0,0.0,0.0,9.0,18.0,9.0,0.0,11.0,1.0,0.0,0.0,0.0,0.0,0.0,1.0,1.0,0.0,0.0,0.0,0.0,11.0,0.0,6.0,0.0,1.0,11.0,0.0,0.0,0.0,7.0,0.0,1.0,0.0,12.0,11.0,15.0,5.0,0.0,0.0,3.0,9.0,4.0,0.0,4.0,1.0,0.0,0.0,0.0,0.0,0.0,1.0,1.0,0.0,0.0,0.0,0.0,3.0,0.0,1.0,0.0,0.0,2.0,0.0,0.0,0.0,1.0,0.0,1.0,0.0,5.0,10.0,6.0,2480468375.0,12080608.0,宁德市蕉城区,宁德市蕉城区飞鸾镇,20.0,22.3,5.0,4.8,52.099999999999994,54.5375,39.788888888888884,44.672332730560576
福建省,宁德市,蕉城区,三都镇,119.668611,26.641111,0.0,0.0,0.0,7.0,3.0,18.0,0.0,6.0,2.0,3.0,0.0,0.0,0.0,0.0,0.0,0.0,0.0,0.0,0.0,0.0,50.0,3.0,0.0,0.0,0.0,1.0,58.0,0.0,0.0,65.0,0.0,22.0,1.0,1.0,6.0,14.0,0.0,0.0,0.0,5.0,1.0,8.0,0.0,5.0,1.0,2.0,0.0,0.0,0.0,0.0,0.0,0.0,0.0,0.0,0.0,0.0,3.0,1.0,0.0,0.0,0.0,1.0,30.0,0.0,0.0,24.0,0.0,11.0,1.0,1.0,4.0,12.0,2480468380.0,12080604.0,宁德市蕉城区,宁德市蕉城区三都镇,16.0,12.9,0.0,20.0,48.9,54.5375,39.788888888888884,44.672332730560576
福建省,宁德市,蕉城区,虎贝镇,119.2795005,26.766645,0.0,0.0,0.0,10.0,26.0,2.0,0.0,9.0,0.0,0.0,0.0,0.0,0.0,0.0,0.0,0.0,0.0,0.0,0.0,0.0,3.0,0.0,0.0,0.0,0.0,10.0,4.0,0.0,0.0,1.0,0.0,0.0,0.0,2.0,6.0,8.0,0.0,0.0,0.0,6.0,11.0,0.0,0.0,0.0,0.0,0.0,0.0,0.0,0.0,0.0,0.0,0.0,0.0,0.0,0.0,0.0,1.0,0.0,0.0,0.0,0.0,1.0,0.0,0.0,0.0,0.0,0.0,0.0,0.0,2.0,4.0,3.0,-1.0,-1.0,宁德市蕉城区,宁德市蕉城区虎贝镇,5.0,16.5,0.0,4.5,26.0,54.5375,39.788888888888884,44.672332730560576
福建省,宁德市,蕉城区,金涵畲族乡,119.50287,26.67976,15.0,2.0,5.0,33.0,77.0,17.0,0.0,19.0,113.0,3.0,2.0,6.0,7.0,16.0,10.0,10.0,4.0,2.0,22.0,47.0,1.0,1.0,0.0,0.0,0.0,8.0,11.0,0.0,0.0,0.0,6.0,4.0,15.0,6.0,18.0,13.0,0.0,0.0,0.0,9.0,18.0,0.0,0.0,0.0,0.0,0.0,0.0,0.0,0.0,0.0,1.0,1.0,0.0,0.0,0.0,0.0,0.0,0.0,0.0,0.0,0.0,1.0,0.0,0.0,0.0,0.0,3.0,1.0,0.0,2.0,3.0,3.0,8254320382.0,-1.0,宁德市蕉城区,宁德市蕉城区金涵畲族乡,12.0,30.0,10.0,5.1,57.1,54.5375,39.788888888888884,44.672332730560576
福建省,宁德市,蕉城区,洪口乡,119.337312,26.8834615,3.0,0.0,0.0,0.0,13.0,4.0,0.0,0.0,0.0,0.0,0.0,0.0,0.0,0.0,0.0,0.0,0.0,0.0,0.0,0.0,0.0,0.0,0.0,0.0,0.0,5.0,0.0,0.0,0.0,0.0,0.0,0.0,0.0,5.0,4.0,3.0,1.0,0.0,0.0,0.0,1.0,3.0,0.0,0.0,0.0,0.0,0.0,0.0,0.0,0.0,0.0,0.0,0.0,0.0,0.0,0.0,0.0,0.0,0.0,0.0,0.0,2.0,0.0,0.0,0.0,0.0,0.0,0.0,0.0,5.0,3.0,2.0,2480468376.0,-1.0,宁德市蕉城区,宁德市蕉城区洪口乡,12.0,9.9,0.0,1.5,23.4,54.5375,39.788888888888884,44.672332730560576
福建省,宁德市,蕉城区,石后乡,119.4176393,26.7045408,0.0,0.0,5.0,2.0,35.0,1.0,0.0,2.0,0.0,0.0,0.0,0.0,0.0,0.0,0.0,0.0,0.0,0.0,0.0,0.0,9.0,0.0,0.0,0.0,0.0,19.0,0.0,0.0,0.0,0.0,0.0,0.0,0.0,2.0,8.0,4.0,0.0,0.0,3.0,2.0,14.0,0.0,0.0,0.0,0.0,0.0,0.0,0.0,0.0,0.0,0.0,0.0,0.0,0.0,0.0,0.0,3.0,0.0,0.0,0.0,0.0,4.0,0.0,0.0,0.0,0.0,0.0,0.0,0.0,2.0,6.0,2.0,2480468381.0,-1.0,宁德市蕉城区,宁德市蕉城区石后乡,12.0,22.2,0.0,2.0,36.2,54.5375,39.788888888888884,44.672332730560576
福建省,宁德市,霞浦县,松城街道,120.0016402,26.8877478,23.0,10.0,29.0,56.0,218.0,24.0,0.0,56.0,270.0,1.0,2.0,1.0,4.0,4.0,16.0,18.0,0.0,0.0,0.0,7.0,44.0,0.0,1.0,3.0,2.0,5.0,49.0,0.0,0.0,2.0,0.0,40.0,7.0,7.0,21.0,14.0,0.0,2.0,13.0,16.0,77.0,8.0,0.0,9.0,133.0,0.0,1.0,1.0,2.0,2.0,8.0,10.0,0.0,0.0,0.0,2.0,9.0,0.0,0.0,0.0,0.0,4.0,10.0,0.0,0.0,0.0,0.0,1.0,2.0,4.0,16.0,7.0,2288863910.0,-1.0,宁德市霞浦县,宁德市霞浦县松城街道,12.0,30.0,17.0,10.100000000000001,69.1,40.82666666666667,39.788888888888884,44.672332730560576
福建省,宁德市,霞浦县,松港街道,119.9988682,26.8864952,23.0,10.0,25.0,50.0,210.0,23.0,0.0,56.0,261.0,1.0,2.0,1.0,4.0,4.0,16.0,18.0,0.0,0.0,0.0,7.0,40.0,0.0,1.0,3.0,1.0,5.0,43.0,0.0,0.0,1.0,0.0,38.0,7.0,7.0,21.0,14.0,0.0,2.0,12.0,15.0,72.0,7.0,0.0,8.0,110.0,0.0,1.0,1.0,2.0,2.0,9.0,11.0,0.0,0.0,0.0,1.0,3.0,0.0,0.0,0.0,0.0,4.0,9.0,0.0,0.0,0.0,0.0,1.0,1.0,4.0,15.0,7.0,8261253246.0,-1.0,宁德市霞浦县,宁德市霞浦县松港街道,12.0,30.0,16.0,9.3,67.3,40.82666666666667,39.788888888888884,44.672332730560576
福建省,宁德市,霞浦县,松山街道,120.0242615,26.8720474,29.0,9.0,25.0,67.0,197.0,37.0,0.0,58.0,205.0,1.0,2.0,1.0,2.0,2.0,10.0,10.0,0.0,0.0,0.0,7.0,53.0,5.0,14.0,3.0,4.0,6.0,31.0,0.0,0.0,8.0,0.0,45.0,7.0,7.0,20.0,20.0,13.0,4.0,1.0,22.0,9.0,5.0,0.0,1.0,36.0,0.0,0.0,0.0,1.0,1.0,0.0,0.0,0.0,0.0,0.0,1.0,10.0,1.0,1.0,0.0,2.0,1.0,3.0,0.0,0.0,2.0,0.0,6.0,0.0,2.0,11.0,10.0,8261253245.0,-1.0,宁德市霞浦县,宁德市霞浦县松山街道,12.0,30.0,11.0,8.4,61.4,40.82666666666667,39.788888888888884,44.672332730560576
福建省,宁德市,霞浦县,长春镇,120.040142,26.728571,0.0,0.0,2.0,5.0,68.0,1.0,0.0,1.0,2.0,0.0,0.0,0.0,0.0,0.0,0.0,0.0,0.0,0.0,0.0,0.0,11.0,0.0,0.0,0.0,0.0,3.0,5.0,0.0,0.0,0.0,0.0,0.0,0.0,1.0,8.0,6.0,0.0,0.0,1.0,2.0,24.0,1.0,0.0,0.0,2.0,0.0,0.0,0.0,0.0,0.0,0.0,0.0,0.0,0.0,0.0,0.0,4.0,0.0,0.0,0.0,0.0,1.0,2.0,0.0,0.0,0.0,0.0,0.0,0.0,1.0,7.0,2.0,675618202.0,-1.0,宁德市霞浦县,宁德市霞浦县长春镇,10.0,26.0,0.0,3.7,39.7,40.82666666666667,39.788888888888884,44.672332730560576
福建省,宁德市,霞浦县,牙城镇,120.188348,26.988292,10.0,0.0,0.0,11.0,105.0,2.0,0.0,0.0,1.0,0.0,0.0,0.0,0.0,0.0,0.0,0.0,0.0,0.0,0.0,0.0,2.0,0.0,1.0,0.0,0.0,2.0,1.0,0.0,0.0,1.0,0.0,2.0,0.0,7.0,8.0,5.0,10.0,0.0,0.0,9.0,50.0,0.0,0.0,0.0,0.0,0.0,0.0,0.0,0.0,0.0,0.0,0.0,0.0,0.0,0.0,0.0,1.0,0.0,1.0,0.0,0.0,1.0,1.0,0.0,0.0,0.0,0.0,2.0,0.0,3.0,6.0,3.0,2499454692.0,-1.0,宁德市霞浦县,宁德市霞浦县牙城镇,9.0,26.0,0.0,2.8,37.8,40.82666666666667,39.788888888888884,44.672332730560576
福建省,宁德市,霞浦县,溪南镇,119.8562735,26.7248537,0.0,0.0,2.0,8.0,25.0,0.0,0.0,0.0,0.0,0.0,0.0,0.0,0.0,0.0,0.0,0.0,0.0,0.0,0.0,0.0,13.0,0.0,0.0,0.0,0.0,1.0,0.0,0.0,0.0,0.0,0.0,0.0,0.0,2.0,5.0,4.0,0.0,0.0,1.0,7.0,14.0,0.0,0.0,0.0,0.0,0.0,0.0,0.0,0.0,0.0,0.0,0.0,0.0,0.0,0.0,0.0,5.0,0.0,0.0,0.0,0.0,1.0,0.0,0.0,0.0,0.0,0.0,0.0,0.0,1.0,4.0,2.0,3736835149.0,-1.0,宁德市霞浦县,宁德市霞浦县溪南镇,8.0,21.7,0.0,2.0,31.7,40.82666666666667,39.788888888888884,44.672332730560576
福建省,宁德市,霞浦县,沙江镇,119.965631,26.783094,2.0,0.0,2.0,1.0,23.0,1.0,0.0,0.0,0.0,0.0,0.0,0.0,0.0,0.0,0.0,0.0,0.0,0.0,0.0,0.0,2.0,0.0,0.0,0.0,0.0,2.0,0.0,0.0,0.0,0.0,0.0,0.0,0.0,2.0,6.0,4.0,0.0,0.0,0.0,1.0,4.0,0.0,0.0,0.0,0.0,0.0,0.0,0.0,0.0,0.0,0.0,0.0,0.0,0.0,0.0,0.0,0.0,0.0,0.0,0.0,0.0,1.0,0.0,0.0,0.0,0.0,0.0,0.0,0.0,1.0,3.0,1.0,8261253247.0,-1.0,宁德市霞浦县,宁德市霞浦县沙江镇,9.0,14.8,0.0,2.0,25.8,40.82666666666667,39.788888888888884,44.672332730560576
福建省,宁德市,霞浦县,下浒镇,119.951815,26.614966,0.0,2.0,2.0,7.0,32.0,0.0,0.0,14.0,0.0,0.0,0.0,0.0,0.0,0.0,0.0,0.0,0.0,0.0,0.0,0.0,13.0,0.0,1.0,0.0,0.0,1.0,0.0,0.0,0.0,4.0,0.0,2.0,2.0,1.0,7.0,12.0,0.0,0.0,0.0,4.0,21.0,0.0,0.0,2.0,0.0,0.0,0.0,0.0,0.0,0.0,0.0,0.0,0.0,0.0,0.0,0.0,3.0,0.0,0.0,0.0,0.0,1.0,0.0,0.0,0.0,0.0,0.0,0.0,0.0,1.0,4.0,6.0,8261253249.0,-1.0,宁德市霞浦县,宁德市霞浦县下浒镇,8.0,23.5,0.0,4.4,35.9,40.82666666666667,39.788888888888884,44.672332730560576
福建省,宁德市,霞浦县,三沙镇,120.20877,26.924202,8.0,1.0,1.0,2.0,73.0,2.0,0.0,1.0,1.0,0.0,0.0,0.0,0.0,0.0,0.0,0.0,0.0,0.0,0.0,0.0,5.0,1.0,1.0,0.0,0.0,1.0,0.0,0.0,0.0,7.0,0.0,2.0,0.0,2.0,8.0,8.0,1.0,1.0,0.0,1.0,22.0,0.0,0.0,1.0,0.0,0.0,0.0,0.0,0.0,0.0,0.0,0.0,0.0,0.0,0.0,0.0,1.0,0.0,0.0,0.0,0.0,1.0,0.0,0.0,0.0,2.0,0.0,1.0,0.0,2.0,5.0,4.0,2499454690.0,-1.0,宁德市霞浦县,宁德市霞浦县三沙镇,8.0,26.0,0.0,4.9,38.9,40.82666666666667,39.788888888888884,44.672332730560576
福建省,宁德市,霞浦县,盐田畲族乡,119.8575,26.8523375,10.0,2.0,1.0,3.0,19.0,0.0,0.0,0.0,0.0,0.0,0.0,0.0,0.0,0.0,0.0,0.0,0.0,0.0,0.0,0.0,6.0,0.0,1.0,0.0,0.0,4.0,0.0,0.0,0.0,0.0,0.0,0.0,0.0,5.0,9.0,7.0,6.0,2.0,0.0,0.0,14.0,0.0,0.0,0.0,0.0,0.0,0.0,0.0,0.0,0.0,0.0,0.0,0.0,0.0,0.0,0.0,2.0,0.0,1.0,0.0,0.0,1.0,0.0,0.0,0.0,0.0,0.0,0.0,0.0,5.0,6.0,5.0,8255483759.0,-1.0,宁德市霞浦县,宁德市霞浦县盐田畲族乡,11.0,20.0,0.0,3.5,34.5,40.82666666666667,39.788888888888884,44.672332730560576
福建省,宁德市,霞浦县,水门畲族乡,120.068965,26.971734,0.0,0.0,2.0,11.0,85.0,55.0,0.0,0.0,0.0,1.0,0.0,0.0,0.0,0.0,0.0,0.0,0.0,0.0,0.0,0.0,7.0,0.0,1.0,0.0,1.0,2.0,117.0,0.0,0.0,4.0,0.0,10.0,0.0,2.0,7.0,9.0,0.0,0.0,1.0,4.0,25.0,13.0,0.0,0.0,0.0,0.0,0.0,0.0,0.0,0.0,0.0,0.0,0.0,0.0,0.0,0.0,1.0,0.0,0.0,0.0,1.0,2.0,12.0,0.0,0.0,3.0,0.0,3.0,0.0,1.0,5.0,5.0,8261253243.0,-1.0,宁德市霞浦县,宁德市霞浦县水门畲族乡,9.0,25.5,0.0,17.6,52.1,40.82666666666667,39.788888888888884,44.672332730560576
福建省,宁德市,霞浦县,崇儒畲族乡,119.9322732,26.9462526,0.0,0.0,4.0,3.0,54.0,0.0,0.0,0.0,0.0,0.0,0.0,0.0,0.0,0.0,0.0,0.0,0.0,0.0,0.0,0.0,4.0,0.0,0.0,0.0,0.0,3.0,0.0,0.0,0.0,0.0,0.0,0.0,0.0,1.0,5.0,2.0,0.0,0.0,3.0,1.0,19.0,0.0,0.0,0.0,0.0,0.0,0.0,0.0,0.0,0.0,0.0,0.0,0.0,0.0,0.0,0.0,4.0,0.0,0.0,0.0,0.0,2.0,0.0,0.0,0.0,0.0,0.0,0.0,0.0,1.0,3.0,2.0,8261253244.0,-1.0,宁德市霞浦县,宁德市霞浦县崇儒畲族乡,10.0,22.5,0.0,1.0,33.5,40.82666666666667,39.788888888888884,44.672332730560576
福建省,宁德市,霞浦县,柏洋乡,119.8655784,27.0546518,0.0,0.0,1.0,7.0,100.0,0.0,0.0,0.0,0.0,0.0,0.0,0.0,0.0,0.0,0.0,0.0,0.0,0.0,0.0,0.0,2.0,0.0,0.0,0.0,0.0,1.0,0.0,0.0,0.0,0.0,0.0,0.0,0.0,1.0,5.0,3.0,0.0,0.0,1.0,4.0,23.0,0.0,0.0,0.0,0.0,0.0,0.0,0.0,0.0,0.0,0.0,0.0,0.0,0.0,0.0,0.0,2.0,0.0,0.0,0.0,0.0,1.0,0.0,0.0,0.0,0.0,0.0,0.0,0.0,1.0,5.0,3.0,2481399399.0,-1.0,宁德市霞浦县,宁德市霞浦县柏洋乡,8.0,22.5,0.0,1.5,32.0,40.82666666666667,39.788888888888884,44.672332730560576
福建省,宁德市,霞浦县,北壁乡,119.858453,26.561373,0.0,3.0,2.0,4.0,17.0,1.0,0.0,0.0,0.0,0.0,0.0,0.0,0.0,0.0,0.0,0.0,0.0,0.0,0.0,0.0,14.0,0.0,0.0,0.0,0.0,1.0,0.0,0.0,0.0,1.0,0.0,0.0,0.0,1.0,8.0,6.0,0.0,3.0,0.0,3.0,9.0,0.0,0.0,0.0,0.0,0.0,0.0,0.0,0.0,0.0,0.0,0.0,0.0,0.0,0.0,0.0,4.0,0.0,0.0,0.0,0.0,1.0,0.0,0.0,0.0,1.0,0.0,0.0,0.0,1.0,6.0,3.0,2480468373.0,-1.0,宁德市霞浦县,宁德市霞浦县北壁乡,8.0,19.1,0.0,3.2,30.3,40.82666666666667,39.788888888888884,44.672332730560576
福建省,宁德市,霞浦县,海岛乡,120.048166,26.504426,0.0,0.0,0.0,3.0,8.0,0.0,0.0,1.0,0.0,0.0,0.0,0.0,0.0,0.0,0.0,0.0,0.0,0.0,0.0,0.0,4.0,0.0,0.0,0.0,0.0,2.0,5.0,0.0,0.0,2.0,0.0,0.0,0.0,1.0,5.0,6.0,0.0,0.0,0.0,3.0,8.0,0.0,0.0,0.0,0.0,0.0,0.0,0.0,0.0,0.0,0.0,0.0,0.0,0.0,0.0,0.0,4.0,0.0,0.0,0.0,0.0,2.0,2.0,0.0,0.0,0.0,0.0,0.0,0.0,1.0,4.0,5.0,8261253242.0,-1.0,宁德市霞浦县,宁德市霞浦县海岛乡,9.0,9.5,0.0,3.9,22.4,40.82666666666667,39.788888888888884,44.672332730560576
福建省,宁德市,古田县,城东街道,118.7517004,26.5834041,13.0,0.0,53.0,36.0,71.0,5.0,0.0,18.0,141.0,0.0,1.0,1.0,2.0,2.0,8.0,10.0,1.0,0.0,0.0,1.0,16.0,0.0,0.0,0.0,2.0,5.0,25.0,0.0,0.0,4.0,0.0,4.0,1.0,4.0,13.0,7.0,2.0,0.0,22.0,12.0,19.0,0.0,0.0,13.0,50.0,0.0,0.0,1.0,0.0,0.0,3.0,4.0,1.0,0.0,0.0,0.0,9.0,0.0,0.0,0.0,1.0,1.0,4.0,0.0,0.0,0.0,0.0,2.0,1.0,1.0,9.0,5.0,8251637226.0,-1.0,宁德市古田县,宁德市古田县城东街道,12.0,28.0,15.0,6.800000000000001,61.8,38.271428571428565,39.788888888888884,44.672332730560576
福建省,宁德市,古田县,城西街道,118.7291622,26.5793164,16.0,0.0,38.0,33.0,57.0,1.0,0.0,15.0,154.0,0.0,1.0,1.0,2.0,2.0,8.0,10.0,1.0,0.0,0.0,0.0,10.0,0.0,0.0,0.0,2.0,3.0,10.0,0.0,0.0,4.0,0.0,4.0,1.0,3.0,13.0,7.0,0.0,0.0,11.0,6.0,24.0,0.0,0.0,0.0,56.0,0.0,0.0,0.0,0.0,0.0,4.0,4.0,0.0,0.0,0.0,0.0,0.0,0.0,0.0,0.0,0.0,1.0,0.0,0.0,0.0,4.0,0.0,1.0,0.0,1.0,5.0,2.0,8251637227.0,-1.0,宁德市古田县,宁德市古田县城西街道,10.0,28.0,10.0,5.3,53.3,38.271428571428565,39.788888888888884,44.672332730560576
福建省,宁德市,古田县,平湖镇,118.7952574,26.7363591,0.0,0.0,0.0,22.0,73.0,1.0,3.0,0.0,0.0,1.0,0.0,0.0,0.0,0.0,0.0,0.0,0.0,0.0,0.0,0.0,1.0,0.0,3.0,0.0,0.0,1.0,0.0,0.0,0.0,0.0,0.0,0.0,0.0,2.0,6.0,5.0,0.0,0.0,0.0,11.0,46.0,0.0,0.0,0.0,0.0,1.0,0.0,0.0,0.0,0.0,0.0,0.0,0.0,0.0,0.0,0.0,0.0,0.0,0.0,0.0,0.0,1.0,0.0,0.0,0.0,0.0,0.0,0.0,0.0,2.0,3.0,2.0,2518360273.0,-1.0,宁德市古田县,宁德市古田县平湖镇,8.0,25.0,0.0,2.5,35.5,38.271428571428565,39.788888888888884,44.672332730560576
福建省,宁德市,古田县,大桥镇,118.906389,26.615,0.0,0.0,21.0,20.0,18.0,1.0,0.0,1.0,0.0,0.0,0.0,0.0,0.0,0.0,0.0,0.0,0.0,0.0,0.0,0.0,2.0,0.0,1.0,0.0,0.0,4.0,0.0,0.0,0.0,0.0,0.0,0.0,0.0,4.0,10.0,6.0,0.0,0.0,5.0,4.0,4.0,0.0,0.0,0.0,0.0,0.0,0.0,0.0,0.0,0.0,0.0,0.0,0.0,0.0,0.0,0.0,2.0,0.0,1.0,0.0,0.0,1.0,0.0,0.0,0.0,0.0,0.0,0.0,0.0,2.0,3.0,5.0,2518360267.0,-1.0,宁德市古田县,宁德市古田县大桥镇,11.0,18.8,0.0,3.0,32.8,38.271428571428565,39.788888888888884,44.672332730560576
福建省,宁德市,古田县,黄田镇,118.6202476,26.4369443,9.0,0.0,0.0,6.0,11.0,1.0,0.0,0.0,1.0,0.0,0.0,0.0,0.0,0.0,1.0,1.0,0.0,0.0,0.0,0.0,2.0,1.0,1.0,0.0,0.0,1.0,8.0,0.0,0.0,1.0,1.0,3.0,0.0,4.0,4.0,8.0,5.0,0.0,0.0,3.0,9.0,0.0,0.0,0.0,1.0,0.0,0.0,0.0,0.0,0.0,1.0,1.0,0.0,0.0,0.0,0.0,1.0,0.0,1.0,0.0,0.0,1.0,8.0,0.0,0.0,0.0,1.0,3.0,0.0,4.0,3.0,7.0,2696082162.0,12076553.0,宁德市古田县,宁德市古田县黄田镇,16.0,18.9,5.0,5.7,45.6,38.271428571428565,39.788888888888884,44.672332730560576
福建省,宁德市,古田县,鹤塘镇,119.1139321,26.65656,0.0,0.0,6.0,11.0,25.0,2.0,0.0,0.0,0.0,0.0,0.0,0.0,0.0,0.0,1.0,1.0,0.0,0.0,0.0,0.0,6.0,0.0,7.0,0.0,0.0,3.0,20.0,0.0,0.0,0.0,0.0,0.0,0.0,2.0,10.0,6.0,0.0,0.0,3.0,4.0,11.0,1.0,0.0,0.0,0.0,0.0,0.0,0.0,0.0,0.0,1.0,1.0,0.0,0.0,0.0,0.0,1.0,0.0,1.0,0.0,0.0,1.0,4.0,0.0,0.0,0.0,0.0,0.0,0.0,1.0,5.0,3.0,2199860737.0,-1.0,宁德市古田县,宁德市古田县鹤塘镇,10.0,22.3,5.0,5.4,42.699999999999996,38.271428571428565,39.788888888888884,44.672332730560576
福建省,宁德市,古田县,杉洋镇,119.2040816,26.6690032,0.0,0.0,7.0,9.0,16.0,4.0,0.0,1.0,0.0,1.0,0.0,1.0,0.0,0.0,3.0,3.0,0.0,0.0,0.0,0.0,1.0,0.0,0.0,0.0,0.0,5.0,0.0,0.0,0.0,0.0,0.0,0.0,0.0,2.0,11.0,2.0,0.0,0.0,4.0,9.0,11.0,2.0,0.0,0.0,0.0,1.0,0.0,1.0,0.0,0.0,3.0,3.0,0.0,0.0,0.0,0.0,1.0,0.0,0.0,0.0,0.0,1.0,0.0,0.0,0.0,0.0,0.0,0.0,0.0,1.0,6.0,2.0,4064435264.0,-1.0,宁德市古田县,宁德市古田县杉洋镇,12.0,22.5,10.0,1.0,45.5,38.271428571428565,39.788888888888884,44.672332730560576
福建省,宁德市,古田县,凤都镇,118.6482842,26.6240861,0.0,0.0,6.0,6.0,4.0,5.0,0.0,0.0,0.0,0.0,3.0,0.0,0.0,0.0,0.0,0.0,0.0,0.0,0.0,0.0,1.0,0.0,0.0,0.0,0.0,2.0,0.0,0.0,0.0,0.0,0.0,0.0,0.0,2.0,9.0,3.0,0.0,0.0,4.0,3.0,3.0,0.0,0.0,0.0,0.0,0.0,1.0,0.0,0.0,0.0,0.0,0.0,0.0,0.0,0.0,0.0,0.0,0.0,0.0,0.0,0.0,2.0,0.0,0.0,0.0,0.0,0.0,0.0,0.0,2.0,4.0,1.0,3707671653.0,-1.0,宁德市古田县,宁德市古田县凤都镇,9.0,17.7,0.0,1.5,28.2,38.271428571428565,39.788888888888884,44.672332730560576
福建省,宁德市,古田县,水口镇,118.7238196,26.3678401,2.0,0.0,0.0,6.0,2.0,0.0,0.0,0.0,0.0,0.0,0.0,0.0,0.0,0.0,0.0,0.0,0.0,0.0,0.0,0.0,2.0,0.0,0.0,0.0,0.0,2.0,0.0,0.0,0.0,0.0,0.0,0.0,0.0,8.0,3.0,4.0,2.0,0.0,0.0,5.0,0.0,0.0,0.0,0.0,0.0,0.0,0.0,0.0,0.0,0.0,0.0,0.0,0.0,0.0,0.0,0.0,0.0,0.0,0.0,0.0,0.0,1.0,0.0,0.0,0.0,0.0,0.0,0.0,0.0,2.0,2.0,3.0,2696084106.0,12076554.0,宁德市古田县,宁德市古田县水口镇,17.0,11.9,0.0,2.0,30.9,38.271428571428565,39.788888888888884,44.672332730560576
福建省,宁德市,古田县,大甲镇,119.2785876,26.639254,0.0,0.0,3.0,11.0,37.0,4.0,0.0,6.0,0.0,0.0,0.0,0.0,0.0,0.0,0.0,0.0,0.0,0.0,0.0,0.0,2.0,0.0,1.0,0.0,0.0,6.0,0.0,0.0,0.0,0.0,0.0,0.0,0.0,2.0,9.0,7.0,0.0,0.0,3.0,5.0,11.0,1.0,0.0,1.0,0.0,0.0,0.0,0.0,0.0,0.0,0.0,0.0,0.0,0.0,0.0,0.0,1.0,0.0,1.0,0.0,0.0,2.0,0.0,0.0,0.0,0.0,0.0,0.0,0.0,2.0,7.0,3.0,2518654106.0,12079963.0,宁德市古田县,宁德市古田县大甲镇,20.0,24.0,0.0,3.5,47.5,38.271428571428565,39.788888888888884,44.672332730560576
福建省,宁德市,古田县,吉巷乡,118.916103,26.6751851,6.0,0.0,0.0,6.0,24.0,1.0,0.0,0.0,0.0,0.0,1.0,0.0,0.0,0.0,0.0,0.0,0.0,0.0,0.0,0.0,7.0,0.0,0.0,0.0,0.0,3.0,0.0,0.0,0.0,0.0,0.0,0.0,0.0,4.0,9.0,3.0,5.0,0.0,0.0,3.0,17.0,1.0,0.0,0.0,0.0,0.0,0.0,0.0,0.0,0.0,0.0,0.0,0.0,0.0,0.0,0.0,5.0,0.0,0.0,0.0,0.0,1.0,0.0,0.0,0.0,0.0,0.0,0.0,0.0,4.0,8.0,3.0,2518360272.0,-1.0,宁德市古田县,宁德市古田县吉巷乡,10.0,25.9,0.0,1.5,37.4,38.271428571428565,39.788888888888884,44.672332730560576
福建省,宁德市,古田县,泮洋乡,118.83322,26.5496685,0.0,0.0,0.0,1.0,15.0,2.0,0.0,0.0,0.0,0.0,0.0,0.0,0.0,0.0,0.0,0.0,0.0,0.0,0.0,0.0,6.0,0.0,0.0,0.0,0.0,5.0,0.0,0.0,0.0,0.0,0.0,0.0,0.0,3.0,7.0,2.0,0.0,0.0,0.0,1.0,14.0,1.0,0.0,0.0,0.0,0.0,0.0,0.0,0.0,0.0,0.0,0.0,0.0,0.0,0.0,0.0,1.0,0.0,0.0,0.0,0.0,1.0,0.0,0.0,0.0,0.0,0.0,0.0,0.0,2.0,3.0,2.0,2499454689.0,-1.0,宁德市古田县,宁德市古田县泮洋乡,12.0,11.7,0.0,1.0,24.7,38.271428571428565,39.788888888888884,44.672332730560576
福建省,宁德市,古田县,凤埔乡,118.7610785,26.6825885,0.0,0.0,0.0,10.0,6.0,1.0,2.0,0.0,0.0,0.0,0.0,0.0,0.0,0.0,0.0,0.0,0.0,0.0,0.0,0.0,6.0,0.0,7.0,0.0,0.0,4.0,0.0,0.0,0.0,0.0,0.0,0.0,0.0,3.0,5.0,5.0,0.0,0.0,0.0,2.0,5.0,0.0,0.0,0.0,0.0,0.0,0.0,0.0,0.0,0.0,0.0,0.0,0.0,0.0,0.0,0.0,1.0,0.0,1.0,0.0,0.0,1.0,0.0,0.0,0.0,0.0,0.0,0.0,0.0,1.0,3.0,3.0,2518360269.0,-1.0,宁德市古田县,宁德市古田县凤埔乡,11.0,10.2,0.0,2.5,23.7,38.271428571428565,39.788888888888884,44.672332730560576
福建省,宁德市,古田县,卓洋乡,119.0236482,26.6289724,0.0,0.0,2.0,22.0,5.0,0.0,0.0,0.0,0.0,0.0,0.0,0.0,0.0,0.0,0.0,0.0,0.0,0.0,0.0,0.0,4.0,0.0,0.0,0.0,0.0,4.0,0.0,0.0,0.0,0.0,0.0,0.0,0.0,1.0,4.0,2.0,0.0,0.0,0.0,13.0,4.0,0.0,0.0,0.0,0.0,0.0,0.0,0.0,0.0,0.0,0.0,0.0,0.0,0.0,0.0,0.0,1.0,0.0,0.0,0.0,0.0,1.0,0.0,0.0,0.0,0.0,0.0,0.0,0.0,1.0,2.0,2.0,2518360281.0,-1.0,宁德市古田县,宁德市古田县卓洋乡,11.0,14.2,0.0,1.0,26.2,38.271428571428565,39.788888888888884,44.672332730560576
福建省,宁德市,屏南县,古峰镇,118.9830279,26.9135175,22.0,0.0,12.0,6.0,77.0,3.0,0.0,14.0,164.0,0.0,0.0,2.0,0.0,0.0,0.0,0.0,0.0,0.0,0.0,0.0,2.0,0.0,0.0,0.0,0.0,4.0,1.0,0.0,0.0,0.0,0.0,4.0,0.0,6.0,12.0,4.0,6.0,0.0,6.0,0.0,49.0,0.0,0.0,14.0,80.0,0.0,0.0,2.0,0.0,0.0,0.0,0.0,0.0,0.0,0.0,0.0,0.0,0.0,0.0,0.0,0.0,3.0,1.0,0.0,0.0,0.0,0.0,3.0,0.0,4.0,7.0,2.0,5099725379.0,-1.0,宁德市屏南县,宁德市屏南县古峰镇,11.0,26.0,5.0,2.2,44.2,35.70909090909091,39.788888888888884,44.672332730560576
福建省,宁德市,屏南县,双溪镇,119.0419274,27.0219562,6.0,0.0,2.0,7.0,63.0,25.0,0.0,44.0,2.0,1.0,0.0,1.0,0.0,2.0,3.0,3.0,1.0,1.0,1.0,17.0,3.0,0.0,0.0,0.0,0.0,5.0,43.0,0.0,0.0,1.0,20.0,0.0,8.0,3.0,14.0,9.0,2.0,0.0,0.0,2.0,47.0,23.0,0.0,34.0,2.0,1.0,0.0,1.0,0.0,2.0,3.0,3.0,1.0,1.0,1.0,17.0,2.0,0.0,0.0,0.0,0.0,2.0,40.0,0.0,0.0,0.0,20.0,0.0,5.0,2.0,10.0,6.0,3558146002.0,-1.0,宁德市屏南县,宁德市屏南县双溪镇,12.0,28.0,25.0,12.4,77.4,35.70909090909091,39.788888888888884,44.672332730560576
福建省,宁德市,屏南县,代溪镇,119.1142235,26.8146416,0.0,0.0,0.0,17.0,20.0,0.0,0.0,0.0,0.0,0.0,0.0,0.0,0.0,0.0,0.0,0.0,0.0,0.0,0.0,0.0,6.0,0.0,2.0,0.0,0.0,4.0,0.0,0.0,0.0,0.0,0.0,1.0,0.0,1.0,3.0,6.0,0.0,0.0,0.0,16.0,12.0,0.0,0.0,0.0,0.0,0.0,0.0,0.0,0.0,0.0,0.0,0.0,0.0,0.0,0.0,0.0,3.0,0.0,2.0,0.0,0.0,1.0,0.0,0.0,0.0,0.0,0.0,1.0,0.0,1.0,3.0,6.0,3872359718.0,-1.0,宁德市屏南县,宁德市屏南县代溪镇,11.0,14.1,0.0,3.0,28.1,35.70909090909091,39.788888888888884,44.672332730560576
福建省,宁德市,屏南县,长桥镇,118.8432944,26.8245937,0.0,0.0,0.0,6.0,38.0,0.0,0.0,0.0,0.0,0.0,0.0,0.0,0.0,0.0,0.0,0.0,0.0,0.0,0.0,0.0,6.0,0.0,0.0,0.0,0.0,6.0,0.0,0.0,0.0,0.0,0.0,0.0,1.0,4.0,4.0,5.0,0.0,0.0,0.0,6.0,30.0,0.0,0.0,0.0,0.0,0.0,0.0,0.0,0.0,0.0,0.0,0.0,0.0,0.0,0.0,0.0,4.0,0.0,0.0,0.0,0.0,2.0,0.0,0.0,0.0,0.0,0.0,0.0,1.0,2.0,3.0,4.0,3558210350.0,-1.0,宁德市屏南县,宁德市屏南县长桥镇,12.0,22.0,0.0,2.5,36.5,35.70909090909091,39.788888888888884,44.672332730560576
福建省,宁德市,屏南县,棠口镇,119.0122042,26.9568634,6.0,0.0,0.0,10.0,39.0,0.0,0.0,2.0,14.0,0.0,0.0,0.0,0.0,0.0,1.0,1.0,0.0,0.0,0.0,0.0,10.0,0.0,0.0,0.0,0.0,2.0,0.0,0.0,0.0,0.0,0.0,2.0,0.0,3.0,10.0,5.0,5.0,0.0,0.0,8.0,14.0,0.0,0.0,2.0,0.0,0.0,0.0,0.0,0.0,0.0,1.0,1.0,0.0,0.0,0.0,0.0,4.0,0.0,0.0,0.0,0.0,1.0,0.0,0.0,0.0,0.0,0.0,2.0,0.0,3.0,9.0,4.0,3558146003.0,-1.0,宁德市屏南县,宁德市屏南县棠口镇,9.0,26.0,5.0,2.5,42.5,35.70909090909091,39.788888888888884,44.672332730560576
福建省,宁德市,屏南县,屏城乡,118.9811021,26.9063757,22.0,0.0,12.0,6.0,75.0,3.0,0.0,14.0,146.0,0.0,0.0,2.0,0.0,0.0,0.0,0.0,0.0,0.0,0.0,0.0,1.0,0.0,0.0,0.0,0.0,4.0,1.0,0.0,0.0,0.0,0.0,4.0,0.0,6.0,12.0,4.0,8.0,0.0,7.0,4.0,43.0,1.0,0.0,14.0,77.0,0.0,0.0,2.0,0.0,0.0,0.0,0.0,0.0,0.0,0.0,0.0,0.0,0.0,0.0,0.0,0.0,3.0,0.0,0.0,0.0,0.0,0.0,3.0,0.0,5.0,8.0,2.0,5099725377.0,-1.0,宁德市屏南县,宁德市屏南县屏城乡,11.0,26.0,5.0,2.1,44.1,35.70909090909091,39.788888888888884,44.672332730560576
福建省,宁德市,屏南县,甘棠乡,118.9377439,26.7964095,1.0,0.0,0.0,2.0,15.0,11.0,0.0,0.0,0.0,0.0,2.0,0.0,0.0,0.0,0.0,0.0,0.0,0.0,0.0,2.0,3.0,0.0,0.0,0.0,0.0,4.0,0.0,0.0,0.0,0.0,0.0,0.0,0.0,4.0,9.0,4.0,1.0,0.0,0.0,1.0,13.0,8.0,0.0,0.0,0.0,0.0,1.0,0.0,0.0,0.0,0.0,0.0,0.0,0.0,0.0,1.0,3.0,0.0,0.0,0.0,0.0,2.0,0.0,0.0,0.0,0.0,0.0,0.0,0.0,2.0,8.0,4.0,3558239255.0,-1.0,宁德市屏南县,宁德市屏南县甘棠乡,11.0,19.9,1.0,2.0,33.9,35.70909090909091,39.788888888888884,44.672332730560576
福建省,宁德市,屏南县,熙岭乡,119.0500772,26.8147613,0.0,0.0,0.0,9.0,10.0,0.0,0.0,0.0,0.0,0.0,0.0,0.0,0.0,0.0,0.0,0.0,0.0,0.0,0.0,0.0,1.0,0.0,0.0,0.0,0.0,5.0,0.0,0.0,0.0,0.0,0.0,0.0,0.0,1.0,3.0,3.0,0.0,0.0,0.0,4.0,4.0,0.0,0.0,0.0,0.0,0.0,0.0,0.0,0.0,0.0,0.0,0.0,0.0,0.0,0.0,0.0,1.0,0.0,0.0,0.0,0.0,1.0,0.0,0.0,0.0,0.0,0.0,0.0,0.0,1.0,3.0,1.0,3926669832.0,-1.0,宁德市屏南县,宁德市屏南县熙岭乡,12.0,9.7,0.0,1.5,23.2,35.70909090909091,39.788888888888884,44.672332730560576
福建省,宁德市,屏南县,路下乡,118.8131036,26.9284678,9.0,0.0,4.0,0.0,15.0,1.0,0.0,0.0,0.0,0.0,0.0,0.0,0.0,0.0,0.0,0.0,0.0,0.0,0.0,0.0,14.0,0.0,4.0,0.0,0.0,5.0,0.0,0.0,0.0,0.0,0.0,0.0,0.0,3.0,6.0,3.0,3.0,0.0,4.0,0.0,10.0,1.0,0.0,0.0,0.0,0.0,0.0,0.0,0.0,0.0,0.0,0.0,0.0,0.0,0.0,0.0,2.0,0.0,3.0,0.0,0.0,2.0,0.0,0.0,0.0,0.0,0.0,0.0,0.0,3.0,6.0,3.0,3883105615.0,-1.0,宁德市屏南县,宁德市屏南县路下乡,12.0,14.0,0.0,1.5,27.5,35.70909090909091,39.788888888888884,44.672332730560576
福建省,宁德市,屏南县,寿山乡,119.1519995,26.9552437,0.0,0.0,0.0,1.0,10.0,3.0,0.0,5.0,0.0,0.0,0.0,0.0,0.0,0.0,0.0,0.0,0.0,0.0,0.0,0.0,2.0,0.0,0.0,0.0,0.0,8.0,0.0,0.0,0.0,0.0,0.0,0.0,0.0,1.0,6.0,4.0,0.0,0.0,0.0,1.0,5.0,2.0,0.0,1.0,0.0,0.0,0.0,0.0,0.0,0.0,0.0,0.0,0.0,0.0,0.0,0.0,0.0,0.0,0.0,0.0,0.0,1.0,0.0,0.0,0.0,0.0,0.0,0.0,0.0,1.0,5.0,0.0,2499496139.0,-1.0,宁德市屏南县,宁德市屏南县寿山乡,12.0,7.5,0.0,2.0,21.5,35.70909090909091,39.788888888888884,44.672332730560576
福建省,宁德市,屏南县,岭下乡,118.9615828,27.0779043,0.0,0.0,0.0,2.0,4.0,0.0,0.0,0.0,0.0,0.0,0.0,0.0,0.0,0.0,0.0,0.0,0.0,0.0,0.0,0.0,0.0,0.0,0.0,0.0,0.0,1.0,0.0,0.0,0.0,0.0,0.0,0.0,2.0,1.0,3.0,2.0,0.0,0.0,0.0,2.0,2.0,0.0,0.0,0.0,0.0,0.0,0.0,0.0,0.0,0.0,0.0,0.0,0.0,0.0,0.0,0.0,0.0,0.0,0.0,0.0,0.0,1.0,0.0,0.0,0.0,0.0,0.0,0.0,2.0,1.0,3.0,1.0,3445763597.0,-1.0,宁德市屏南县,宁德市屏南县岭下乡,8.0,4.9,0.0,1.0,13.9,35.70909090909091,39.788888888888884,44.672332730560576
福建省,宁德市,寿宁县,鳌阳镇,119.5015226,27.4606392,2.0,9.0,41.0,33.0,28.0,10.0,0.0,63.0,113.0,5.0,0.0,2.0,1.0,1.0,0.0,0.0,0.0,0.0,0.0,0.0,18.0,0.0,0.0,0.0,1.0,2.0,3.0,0.0,0.0,0.0,0.0,3.0,7.0,2.0,11.0,9.0,0.0,6.0,17.0,11.0,14.0,10.0,0.0,56.0,73.0,4.0,0.0,2.0,0.0,0.0,0.0,0.0,0.0,0.0,0.0,0.0,12.0,0.0,0.0,0.0,0.0,2.0,2.0,0.0,0.0,0.0,0.0,3.0,5.0,2.0,9.0,6.0,3887112563.0,-1.0,宁德市寿宁县,宁德市寿宁县鳌阳镇,9.0,27.8,5.0,4.5,46.3,23.74285714285714,39.788888888888884,44.672332730560576
福建省,宁德市,寿宁县,斜滩镇,119.5316655,27.3194895,0.0,0.0,6.0,14.0,6.0,0.0,0.0,12.0,0.0,0.0,0.0,0.0,0.0,0.0,0.0,0.0,0.0,0.0,0.0,0.0,4.0,0.0,0.0,0.0,0.0,2.0,0.0,0.0,0.0,0.0,0.0,1.0,1.0,2.0,8.0,6.0,0.0,0.0,1.0,5.0,4.0,0.0,0.0,12.0,0.0,0.0,0.0,0.0,0.0,0.0,0.0,0.0,0.0,0.0,0.0,0.0,2.0,0.0,0.0,0.0,0.0,1.0,0.0,0.0,0.0,0.0,0.0,1.0,1.0,1.0,5.0,4.0,8245094859.0,-1.0,宁德市寿宁县,宁德市寿宁县斜滩镇,9.0,16.4,0.0,3.0,28.4,23.74285714285714,39.788888888888884,44.672332730560576
福建省,宁德市,寿宁县,南阳镇,119.5903638,27.3957839,1.0,3.0,10.0,4.0,7.0,0.0,0.0,0.0,0.0,0.0,0.0,0.0,0.0,0.0,0.0,0.0,0.0,0.0,0.0,0.0,3.0,0.0,1.0,0.0,0.0,1.0,0.0,0.0,0.0,2.0,0.0,0.0,0.0,2.0,10.0,3.0,0.0,0.0,1.0,2.0,4.0,0.0,0.0,0.0,0.0,0.0,0.0,0.0,0.0,0.0,0.0,0.0,0.0,0.0,0.0,0.0,1.0,0.0,0.0,0.0,0.0,1.0,0.0,0.0,0.0,0.0,0.0,0.0,0.0,2.0,6.0,1.0,3301741398.0,-1.0,宁德市寿宁县,宁德市寿宁县南阳镇,8.0,15.6,0.0,1.7,25.3,23.74285714285714,39.788888888888884,44.672332730560576
福建省,宁德市,寿宁县,武曲镇,119.565556,27.233611,0.0,0.0,1.0,13.0,7.0,0.0,0.0,0.0,0.0,0.0,0.0,0.0,0.0,0.0,0.0,0.0,0.0,0.0,0.0,0.0,3.0,0.0,0.0,0.0,0.0,3.0,0.0,0.0,0.0,0.0,0.0,0.0,0.0,5.0,5.0,2.0,0.0,0.0,1.0,3.0,2.0,0.0,0.0,0.0,0.0,0.0,0.0,0.0,0.0,0.0,0.0,0.0,0.0,0.0,0.0,0.0,0.0,0.0,0.0,0.0,0.0,1.0,0.0,0.0,0.0,0.0,0.0,0.0,0.0,2.0,5.0,1.0,2481399413.0,-1.0,宁德市寿宁县,宁德市寿宁县武曲镇,10.0,14.5,0.0,1.0,25.5,23.74285714285714,39.788888888888884,44.672332730560576
福建省,宁德市,寿宁县,犀溪镇,119.6375892,27.4614406,8.0,0.0,5.0,3.0,6.0,0.0,0.0,0.0,0.0,0.0,0.0,0.0,0.0,0.0,0.0,0.0,0.0,0.0,0.0,0.0,2.0,0.0,0.0,0.0,0.0,1.0,0.0,0.0,0.0,0.0,0.0,0.0,0.0,2.0,10.0,4.0,3.0,0.0,5.0,1.0,4.0,0.0,0.0,0.0,0.0,0.0,0.0,0.0,0.0,0.0,0.0,0.0,0.0,0.0,0.0,0.0,1.0,0.0,0.0,0.0,0.0,1.0,0.0,0.0,0.0,0.0,0.0,0.0,0.0,2.0,9.0,3.0,3889965195.0,-1.0,宁德市寿宁县,宁德市寿宁县犀溪镇,8.0,14.4,0.0,2.0,24.4,23.74285714285714,39.788888888888884,44.672332730560576
福建省,宁德市,寿宁县,平溪镇,119.3253752,27.3415857,6.0,4.0,0.0,0.0,18.0,0.0,0.0,0.0,0.0,0.0,0.0,0.0,0.0,0.0,0.0,0.0,0.0,0.0,0.0,0.0,0.0,0.0,0.0,0.0,0.0,1.0,0.0,0.0,0.0,0.0,0.0,0.0,0.0,1.0,4.0,2.0,2.0,3.0,0.0,0.0,14.0,0.0,0.0,0.0,0.0,0.0,0.0,0.0,0.0,0.0,0.0,0.0,0.0,0.0,0.0,0.0,0.0,0.0,0.0,0.0,0.0,1.0,0.0,0.0,0.0,0.0,0.0,0.0,0.0,1.0,4.0,2.0,3301746461.0,-1.0,宁德市寿宁县,宁德市寿宁县平溪镇,8.0,14.8,0.0,1.0,23.8,23.74285714285714,39.788888888888884,44.672332730560576
福建省,宁德市,寿宁县,凤阳镇,119.467222,27.225833,0.0,0.0,0.0,11.0,2.0,0.0,0.0,0.0,0.0,0.0,0.0,0.0,0.0,0.0,0.0,0.0,0.0,0.0,0.0,0.0,0.0,0.0,0.0,0.0,0.0,2.0,0.0,0.0,0.0,0.0,0.0,0.0,0.0,4.0,2.0,4.0,0.0,0.0,0.0,1.0,2.0,0.0,0.0,0.0,0.0,0.0,0.0,0.0,0.0,0.0,0.0,0.0,0.0,0.0,0.0,0.0,0.0,0.0,0.0,0.0,0.0,1.0,0.0,0.0,0.0,0.0,0.0,0.0,0.0,3.0,2.0,0.0,2499562071.0,-1.0,宁德市寿宁县,宁德市寿宁县凤阳镇,9.0,7.0,0.0,2.0,18.0,23.74285714285714,39.788888888888884,44.672332730560576
福建省,宁德市,寿宁县,清源镇,119.4908672,27.4031576,0.0,0.0,0.0,7.0,2.0,0.0,0.0,0.0,0.0,0.0,0.0,0.0,0.0,0.0,0.0,0.0,0.0,0.0,0.0,0.0,3.0,0.0,0.0,0.0,0.0,2.0,0.0,0.0,0.0,0.0,0.0,0.0,0.0,2.0,2.0,2.0,0.0,0.0,0.0,4.0,0.0,0.0,0.0,0.0,0.0,0.0,0.0,0.0,0.0,0.0,0.0,0.0,0.0,0.0,0.0,0.0,0.0,0.0,0.0,0.0,0.0,1.0,0.0,0.0,0.0,0.0,0.0,0.0,0.0,1.0,1.0,0.0,3301741399.0,-1.0,宁德市寿宁县,宁德市寿宁县清源镇,9.0,6.4,0.0,1.0,16.4,23.74285714285714,39.788888888888884,44.672332730560576
福建省,宁德市,寿宁县,大安乡,119.5180345,27.5095512,0.0,0.0,3.0,10.0,1.0,0.0,0.0,0.0,0.0,0.0,0.0,0.0,0.0,0.0,0.0,0.0,0.0,0.0,0.0,0.0,7.0,0.0,0.0,0.0,0.0,1.0,0.0,0.0,0.0,0.0,0.0,0.0,0.0,1.0,3.0,2.0,0.0,0.0,1.0,3.0,0.0,0.0,0.0,0.0,0.0,0.0,0.0,0.0,0.0,0.0,0.0,0.0,0.0,0.0,0.0,0.0,2.0,0.0,0.0,0.0,0.0,1.0,0.0,0.0,0.0,0.0,0.0,0.0,0.0,1.0,2.0,2.0,3887172534.0,-1.0,宁德市寿宁县,宁德市寿宁县大安乡,8.0,11.7,0.0,1.0,20.7,23.74285714285714,39.788888888888884,44.672332730560576
福建省,宁德市,寿宁县,坑底乡,119.5170608,27.5872427,0.0,0.0,0.0,9.0,7.0,0.0,0.0,0.0,0.0,0.0,0.0,0.0,0.0,0.0,0.0,0.0,0.0,0.0,0.0,0.0,2.0,0.0,0.0,0.0,0.0,3.0,0.0,0.0,0.0,0.0,0.0,0.0,0.0,7.0,2.0,2.0,0.0,0.0,0.0,4.0,1.0,0.0,0.0,0.0,0.0,0.0,0.0,0.0,0.0,0.0,0.0,0.0,0.0,0.0,0.0,0.0,1.0,0.0,0.0,0.0,0.0,2.0,0.0,0.0,0.0,0.0,0.0,0.0,0.0,1.0,2.0,2.0,3887172535.0,12043257.0,宁德市寿宁县,宁德市寿宁县坑底乡,18.0,7.7,0.0,1.0,26.7,23.74285714285714,39.788888888888884,44.672332730560576
福建省,宁德市,寿宁县,竹管垅乡,119.5626854,27.3414452,0.0,0.0,12.0,14.0,3.0,0.0,0.0,0.0,0.0,0.0,0.0,0.0,0.0,0.0,0.0,0.0,0.0,0.0,0.0,0.0,4.0,0.0,0.0,0.0,0.0,2.0,0.0,0.0,0.0,0.0,0.0,0.0,0.0,2.0,5.0,3.0,0.0,0.0,1.0,3.0,3.0,0.0,0.0,0.0,0.0,0.0,0.0,0.0,0.0,0.0,0.0,0.0,0.0,0.0,0.0,0.0,1.0,0.0,0.0,0.0,0.0,1.0,0.0,0.0,0.0,0.0,0.0,0.0,0.0,1.0,4.0,1.0,3301741400.0,-1.0,宁德市寿宁县,宁德市寿宁县竹管垅乡,9.0,14.0,0.0,1.5,24.5,23.74285714285714,39.788888888888884,44.672332730560576
福建省,宁德市,寿宁县,芹洋乡,119.3916328,27.3852461,11.0,7.0,6.0,3.0,6.0,0.0,0.0,0.0,0.0,0.0,0.0,0.0,0.0,0.0,0.0,0.0,0.0,0.0,0.0,0.0,0.0,0.0,0.0,0.0,0.0,2.0,0.0,0.0,0.0,0.0,0.0,0.0,0.0,1.0,7.0,2.0,3.0,4.0,2.0,1.0,4.0,0.0,0.0,0.0,0.0,0.0,0.0,0.0,0.0,0.0,0.0,0.0,0.0,0.0,0.0,0.0,0.0,0.0,0.0,0.0,0.0,1.0,0.0,0.0,0.0,0.0,0.0,0.0,0.0,1.0,6.0,2.0,3301741401.0,-1.0,宁德市寿宁县,宁德市寿宁县芹洋乡,9.0,13.9,0.0,1.0,23.9,23.74285714285714,39.788888888888884,44.672332730560576
福建省,宁德市,寿宁县,托溪乡,119.3637083,27.4451441,0.0,0.0,0.0,1.0,0.0,0.0,0.0,0.0,0.0,0.0,0.0,0.0,0.0,0.0,0.0,0.0,0.0,0.0,0.0,0.0,0.0,0.0,0.0,0.0,0.0,2.0,0.0,0.0,0.0,0.0,0.0,0.0,0.0,1.0,1.0,3.0,0.0,0.0,0.0,1.0,0.0,0.0,0.0,0.0,0.0,0.0,0.0,0.0,0.0,0.0,0.0,0.0,0.0,0.0,0.0,0.0,0.0,0.0,0.0,0.0,0.0,1.0,0.0,0.0,0.0,0.0,0.0,0.0,0.0,1.0,1.0,2.0,6014257968.0,-1.0,宁德市寿宁县,宁德市寿宁县托溪乡,9.0,1.5,0.0,1.5,12.0,23.74285714285714,39.788888888888884,44.672332730560576
福建省,宁德市,寿宁县,下党乡,119.3062233,27.414024,0.0,0.0,3.0,0.0,0.0,0.0,0.0,0.0,0.0,0.0,0.0,0.0,0.0,0.0,0.0,0.0,0.0,0.0,0.0,0.0,0.0,0.0,0.0,0.0,0.0,2.0,0.0,0.0,0.0,0.0,0.0,0.0,0.0,1.0,1.0,4.0,0.0,0.0,2.0,0.0,0.0,0.0,0.0,0.0,0.0,0.0,0.0,0.0,0.0,0.0,0.0,0.0,0.0,0.0,0.0,0.0,0.0,0.0,0.0,0.0,0.0,1.0,0.0,0.0,0.0,0.0,0.0,0.0,0.0,1.0,1.0,3.0,6014257967.0,-1.0,宁德市寿宁县,宁德市寿宁县下党乡,9.0,5.5,0.0,2.0,16.5,23.74285714285714,39.788888888888884,44.672332730560576
福建省,宁德市,周宁县,狮城镇,119.3327189,27.1059237,16.0,17.0,29.0,49.0,43.0,3.0,0.0,17.0,110.0,0.0,0.0,0.0,0.0,0.0,2.0,2.0,0.0,0.0,0.0,1.0,4.0,0.0,0.0,0.0,0.0,2.0,4.0,0.0,0.0,1.0,0.0,3.0,2.0,3.0,13.0,7.0,2.0,0.0,0.0,38.0,14.0,0.0,0.0,8.0,40.0,0.0,0.0,0.0,0.0,0.0,0.0,0.0,0.0,0.0,0.0,0.0,1.0,0.0,0.0,0.0,0.0,2.0,2.0,0.0,0.0,0.0,0.0,1.0,1.0,3.0,7.0,6.0,1615767198.0,-1.0,宁德市周宁县,宁德市周宁县狮城镇,9.0,26.0,0.0,4.2,39.2,30.711111111111116,39.788888888888884,44.672332730560576
福建省,宁德市,周宁县,咸村镇,119.3615932,26.9391662,0.0,2.0,11.0,4.0,51.0,0.0,0.0,0.0,1.0,0.0,0.0,0.0,0.0,0.0,0.0,0.0,0.0,0.0,0.0,0.0,11.0,0.0,1.0,0.0,0.0,5.0,0.0,0.0,0.0,1.0,0.0,0.0,0.0,2.0,6.0,7.0,0.0,2.0,6.0,1.0,32.0,0.0,0.0,0.0,0.0,0.0,0.0,0.0,0.0,0.0,0.0,0.0,0.0,0.0,0.0,0.0,5.0,0.0,0.0,0.0,0.0,3.0,0.0,0.0,0.0,0.0,0.0,0.0,0.0,2.0,5.0,4.0,2499496141.0,-1.0,宁德市周宁县,宁德市周宁县咸村镇,12.0,25.0,0.0,3.6,40.6,30.711111111111116,39.788888888888884,44.672332730560576
福建省,宁德市,周宁县,浦源镇,119.294444,27.123333,4.0,15.0,7.0,14.0,20.0,4.0,0.0,49.0,23.0,0.0,0.0,0.0,0.0,0.0,1.0,1.0,0.0,0.0,0.0,1.0,12.0,0.0,0.0,0.0,0.0,3.0,3.0,0.0,0.0,0.0,0.0,0.0,3.0,2.0,12.0,3.0,3.0,0.0,0.0,1.0,6.0,0.0,0.0,46.0,0.0,0.0,0.0,0.0,0.0,0.0,0.0,0.0,0.0,0.0,0.0,0.0,3.0,0.0,0.0,0.0,0.0,1.0,0.0,0.0,0.0,0.0,0.0,0.0,1.0,2.0,5.0,3.0,2499496137.0,-1.0,宁德市周宁县,宁德市周宁县浦源镇,10.0,21.8,0.0,1.8,33.6,30.711111111111116,39.788888888888884,44.672332730560576
福建省,宁德市,周宁县,七步镇,119.342628,27.076442,22.0,20.0,20.0,26.0,24.0,6.0,0.0,11.0,125.0,0.0,0.0,0.0,0.0,0.0,0.0,0.0,0.0,0.0,0.0,0.0,9.0,0.0,0.0,0.0,0.0,1.0,1.0,0.0,0.0,1.0,0.0,3.0,0.0,3.0,17.0,5.0,5.0,2.0,7.0,3.0,4.0,2.0,0.0,0.0,42.0,0.0,0.0,0.0,0.0,0.0,0.0,0.0,0.0,0.0,0.0,0.0,2.0,0.0,0.0,0.0,0.0,1.0,0.0,0.0,0.0,0.0,0.0,0.0,0.0,3.0,11.0,2.0,2499496138.0,-1.0,宁德市周宁县,宁德市周宁县七步镇,8.0,22.0,0.0,2.7,32.7,30.711111111111116,39.788888888888884,44.672332730560576
福建省,宁德市,周宁县,李墩镇,119.2825196,27.050981,0.0,0.0,0.0,3.0,11.0,0.0,0.0,0.0,0.0,0.0,0.0,0.0,0.0,0.0,0.0,0.0,0.0,0.0,0.0,0.0,6.0,0.0,0.0,0.0,0.0,2.0,0.0,0.0,0.0,0.0,0.0,0.0,0.0,2.0,4.0,5.0,0.0,0.0,0.0,3.0,6.0,0.0,0.0,0.0,0.0,0.0,0.0,0.0,0.0,0.0,0.0,0.0,0.0,0.0,0.0,0.0,2.0,0.0,0.0,0.0,0.0,1.0,0.0,0.0,0.0,0.0,0.0,0.0,0.0,1.0,3.0,3.0,2499496134.0,-1.0,宁德市周宁县,宁德市周宁县李墩镇,9.0,9.0,0.0,2.5,20.5,30.711111111111116,39.788888888888884,44.672332730560576
福建省,宁德市,周宁县,纯池镇,119.3139064,27.2430623,0.0,0.0,2.0,10.0,15.0,0.0,0.0,0.0,0.0,0.0,0.0,0.0,0.0,0.0,0.0,0.0,0.0,0.0,0.0,0.0,0.0,0.0,0.0,0.0,0.0,1.0,0.0,0.0,0.0,0.0,0.0,0.0,0.0,2.0,4.0,2.0,0.0,0.0,1.0,10.0,13.0,0.0,0.0,0.0,0.0,0.0,0.0,0.0,0.0,0.0,0.0,0.0,0.0,0.0,0.0,0.0,0.0,0.0,0.0,0.0,0.0,1.0,0.0,0.0,0.0,0.0,0.0,0.0,0.0,1.0,4.0,2.0,2499562070.0,12046129.0,宁德市周宁县,宁德市周宁县纯池镇,16.0,18.9,0.0,1.0,35.9,30.711111111111116,39.788888888888884,44.672332730560576
福建省,宁德市,周宁县,泗桥乡,119.2147488,27.1665118,6.0,0.0,0.0,4.0,11.0,0.0,0.0,0.0,0.0,0.0,0.0,0.0,0.0,0.0,0.0,0.0,0.0,0.0,0.0,0.0,5.0,0.0,0.0,0.0,0.0,3.0,0.0,0.0,0.0,0.0,0.0,0.0,0.0,6.0,5.0,3.0,3.0,0.0,0.0,2.0,6.0,0.0,0.0,0.0,0.0,0.0,0.0,0.0,0.0,0.0,0.0,0.0,0.0,0.0,0.0,0.0,3.0,0.0,0.0,0.0,0.0,1.0,0.0,0.0,0.0,0.0,0.0,0.0,0.0,2.0,4.0,2.0,2499496140.0,-1.0,宁德市周宁县,宁德市周宁县泗桥乡,10.0,15.5,0.0,1.5,27.0,30.711111111111116,39.788888888888884,44.672332730560576
福建省,宁德市,周宁县,礼门乡,119.2071695,27.0434421,0.0,0.0,0.0,5.0,6.0,2.0,0.0,8.0,0.0,0.0,0.0,0.0,0.0,0.0,0.0,0.0,0.0,0.0,0.0,0.0,3.0,0.0,0.0,0.0,0.0,4.0,0.0,0.0,0.0,0.0,0.0,0.0,1.0,1.0,6.0,5.0,0.0,0.0,0.0,1.0,3.0,0.0,0.0,0.0,0.0,0.0,0.0,0.0,0.0,0.0,0.0,0.0,0.0,0.0,0.0,0.0,0.0,0.0,0.0,0.0,0.0,1.0,0.0,0.0,0.0,0.0,0.0,0.0,0.0,1.0,3.0,0.0,2499496135.0,-1.0,宁德市周宁县,宁德市周宁县礼门乡,11.0,10.1,0.0,2.5,23.6,30.711111111111116,39.788888888888884,44.672332730560576
福建省,宁德市,周宁县,玛坑乡,119.425907,26.984558,0.0,0.0,0.0,6.0,19.0,0.0,0.0,0.0,0.0,0.0,0.0,0.0,0.0,0.0,0.0,0.0,0.0,0.0,0.0,0.0,4.0,0.0,0.0,0.0,0.0,3.0,1.0,0.0,0.0,0.0,0.0,0.0,0.0,1.0,4.0,3.0,0.0,0.0,0.0,3.0,3.0,0.0,0.0,0.0,0.0,0.0,0.0,0.0,0.0,0.0,0.0,0.0,0.0,0.0,0.0,0.0,1.0,0.0,0.0,0.0,0.0,1.0,0.0,0.0,0.0,0.0,0.0,0.0,0.0,1.0,3.0,1.0,2499496136.0,-1.0,宁德市周宁县,宁德市周宁县玛坑乡,10.0,11.7,0.0,1.6,23.3,30.711111111111116,39.788888888888884,44.672332730560576
福建省,宁德市,柘荣县,双城镇,119.8951006,27.2358077,4.0,0.0,48.0,5.0,170.0,8.0,0.0,35.0,148.0,2.0,1.0,1.0,0.0,0.0,0.0,0.0,0.0,0.0,0.0,1.0,5.0,0.0,4.0,0.0,0.0,5.0,2.0,0.0,0.0,2.0,0.0,3.0,5.0,5.0,15.0,9.0,2.0,0.0,30.0,0.0,62.0,1.0,0.0,10.0,106.0,1.0,0.0,1.0,0.0,0.0,0.0,0.0,0.0,0.0,0.0,1.0,2.0,0.0,0.0,0.0,0.0,2.0,0.0,0.0,0.0,1.0,0.0,1.0,1.0,2.0,7.0,5.0,1616951454.0,-1.0,宁德市柘荣县,宁德市柘荣县双城镇,12.0,30.0,6.0,4.5,52.5,33.58888888888889,39.788888888888884,44.672332730560576
福建省,宁德市,柘荣县,富溪镇,119.8284834,27.1891255,0.0,0.0,0.0,3.0,37.0,0.0,0.0,3.0,0.0,0.0,0.0,0.0,0.0,0.0,0.0,0.0,0.0,0.0,0.0,0.0,11.0,0.0,0.0,0.0,0.0,2.0,0.0,0.0,0.0,0.0,0.0,0.0,0.0,2.0,8.0,3.0,0.0,0.0,0.0,3.0,14.0,0.0,0.0,3.0,0.0,0.0,0.0,0.0,0.0,0.0,0.0,0.0,0.0,0.0,0.0,0.0,6.0,0.0,0.0,0.0,0.0,1.0,0.0,0.0,0.0,0.0,0.0,0.0,0.0,2.0,8.0,2.0,2481399405.0,-1.0,宁德市柘荣县,宁德市柘荣县富溪镇,9.0,18.6,0.0,1.5,29.1,33.58888888888889,39.788888888888884,44.672332730560576
福建省,宁德市,柘荣县,城郊乡,119.8870978,27.2300959,6.0,0.0,47.0,6.0,186.0,8.0,0.0,21.0,155.0,1.0,1.0,1.0,0.0,0.0,0.0,0.0,0.0,0.0,0.0,1.0,5.0,0.0,4.0,0.0,0.0,7.0,3.0,0.0,0.0,3.0,0.0,3.0,1.0,5.0,15.0,8.0,4.0,0.0,22.0,1.0,46.0,1.0,0.0,9.0,77.0,1.0,0.0,1.0,0.0,0.0,0.0,0.0,0.0,0.0,0.0,0.0,3.0,0.0,0.0,0.0,0.0,1.0,0.0,0.0,0.0,2.0,0.0,2.0,0.0,1.0,9.0,4.0,8258167255.0,-1.0,宁德市柘荣县,宁德市柘荣县城郊乡,12.0,30.0,5.0,4.8,51.8,33.58888888888889,39.788888888888884,44.672332730560576
福建省,宁德市,柘荣县,乍洋乡,119.9787014,27.2397372,3.0,0.0,0.0,3.0,38.0,1.0,0.0,0.0,0.0,0.0,0.0,0.0,0.0,0.0,0.0,0.0,0.0,0.0,0.0,0.0,1.0,0.0,5.0,0.0,0.0,3.0,1.0,0.0,0.0,1.0,0.0,0.0,0.0,4.0,6.0,4.0,1.0,0.0,0.0,3.0,7.0,1.0,0.0,0.0,0.0,0.0,0.0,0.0,0.0,0.0,0.0,0.0,0.0,0.0,0.0,0.0,1.0,0.0,1.0,0.0,0.0,1.0,1.0,0.0,0.0,0.0,0.0,0.0,0.0,3.0,5.0,4.0,2481399421.0,-1.0,宁德市柘荣县,宁德市柘荣县乍洋乡,10.0,20.700000000000003,0.0,2.3,33.0,33.58888888888889,39.788888888888884,44.672332730560576
福建省,宁德市,柘荣县,东源乡,119.896309,27.213333,1.0,0.0,43.0,5.0,115.0,7.0,0.0,30.0,154.0,1.0,1.0,1.0,0.0,0.0,0.0,0.0,0.0,0.0,0.0,1.0,5.0,0.0,4.0,0.0,0.0,6.0,2.0,0.0,0.0,2.0,0.0,3.0,1.0,5.0,14.0,11.0,0.0,0.0,15.0,0.0,13.0,2.0,0.0,3.0,21.0,0.0,1.0,0.0,0.0,0.0,0.0,0.0,0.0,0.0,0.0,0.0,2.0,0.0,4.0,0.0,0.0,1.0,2.0,0.0,0.0,0.0,0.0,0.0,0.0,2.0,8.0,4.0,2481399403.0,-1.0,宁德市柘荣县,宁德市柘荣县东源乡,12.0,30.0,5.0,4.6,51.6,33.58888888888889,39.788888888888884,44.672332730560576
福建省,宁德市,柘荣县,黄柏乡,119.784164,27.1839284,0.0,0.0,0.0,3.0,7.0,0.0,0.0,0.0,0.0,0.0,0.0,0.0,0.0,0.0,0.0,0.0,0.0,0.0,0.0,0.0,7.0,0.0,0.0,0.0,0.0,3.0,0.0,0.0,0.0,0.0,0.0,0.0,0.0,2.0,5.0,2.0,0.0,0.0,0.0,2.0,2.0,0.0,0.0,0.0,0.0,0.0,0.0,0.0,0.0,0.0,0.0,0.0,0.0,0.0,0.0,0.0,3.0,0.0,0.0,0.0,0.0,1.0,0.0,0.0,0.0,0.0,0.0,0.0,0.0,2.0,4.0,1.0,2481399407.0,-1.0,宁德市柘荣县,宁德市柘荣县黄柏乡,10.0,7.5,0.0,1.0,18.5,33.58888888888889,39.788888888888884,44.672332730560576
福建省,宁德市,柘荣县,宅中乡,119.8643764,27.1230048,0.0,0.0,0.0,1.0,35.0,0.0,0.0,0.0,0.0,0.0,0.0,0.0,0.0,0.0,0.0,0.0,0.0,0.0,0.0,0.0,5.0,0.0,0.0,0.0,0.0,2.0,0.0,0.0,0.0,0.0,0.0,0.0,0.0,3.0,3.0,4.0,0.0,0.0,0.0,1.0,13.0,0.0,0.0,0.0,0.0,0.0,0.0,0.0,0.0,0.0,0.0,0.0,0.0,0.0,0.0,0.0,4.0,0.0,0.0,0.0,0.0,1.0,0.0,0.0,0.0,0.0,0.0,0.0,0.0,1.0,3.0,1.0,2481399418.0,-1.0,宁德市柘荣县,宁德市柘荣县宅中乡,9.0,13.4,0.0,2.0,24.4,33.58888888888889,39.788888888888884,44.672332730560576
福建省,宁德市,柘荣县,楮坪乡,119.8155543,27.232743,2.0,0.0,0.0,0.0,5.0,0.0,0.0,0.0,0.0,0.0,0.0,0.0,0.0,0.0,0.0,0.0,0.0,0.0,0.0,0.0,12.0,0.0,0.0,0.0,0.0,3.0,0.0,0.0,0.0,0.0,0.0,0.0,0.0,1.0,2.0,3.0,2.0,0.0,0.0,0.0,4.0,0.0,0.0,0.0,0.0,0.0,0.0,0.0,0.0,0.0,0.0,0.0,0.0,0.0,0.0,0.0,4.0,0.0,0.0,0.0,0.0,1.0,0.0,0.0,0.0,0.0,0.0,0.0,0.0,1.0,2.0,2.0,8258080630.0,-1.0,宁德市柘荣县,宁德市柘荣县楮坪乡,10.0,8.2,0.0,1.5,19.7,33.58888888888889,39.788888888888884,44.672332730560576
福建省,宁德市,柘荣县,英山乡,119.8183591,27.279557,0.0,0.0,0.0,3.0,18.0,0.0,0.0,0.0,0.0,0.0,0.0,0.0,0.0,0.0,0.0,0.0,0.0,0.0,0.0,0.0,5.0,0.0,0.0,0.0,0.0,3.0,0.0,0.0,0.0,0.0,0.0,0.0,0.0,7.0,4.0,5.0,0.0,0.0,0.0,1.0,2.0,0.0,0.0,0.0,0.0,0.0,0.0,0.0,0.0,0.0,0.0,0.0,0.0,0.0,0.0,0.0,2.0,0.0,0.0,0.0,0.0,1.0,0.0,0.0,0.0,0.0,0.0,0.0,0.0,1.0,2.0,2.0,2481399416.0,-1.0,宁德市柘荣县,宁德市柘荣县英山乡,10.0,9.2,0.0,2.5,21.7,33.58888888888889,39.788888888888884,44.672332730560576
福建省,宁德市,福安市,城南街道,119.6475184,27.0884636,25.0,38.0,35.0,58.0,123.0,18.0,0.0,7.0,154.0,0.0,1.0,1.0,1.0,1.0,1.0,1.0,0.0,0.0,0.0,3.0,17.0,3.0,12.0,0.0,5.0,6.0,29.0,1.0,1.0,2.0,0.0,14.0,3.0,7.0,16.0,9.0,19.0,3.0,12.0,31.0,37.0,0.0,0.0,0.0,75.0,0.0,0.0,1.0,1.0,1.0,1.0,1.0,0.0,0.0,0.0,2.0,1.0,0.0,0.0,0.0,0.0,2.0,7.0,0.0,0.0,0.0,0.0,2.0,1.0,4.0,7.0,5.0,5099743853.0,12081663.0,宁德市福安市,宁德市福安市城南街道,20.0,28.0,17.0,7.800000000000001,72.8,45.845454545454544,39.788888888888884,44.672332730560576
福建省,宁德市,福安市,城北街道,119.637959,27.0980629,23.0,30.0,35.0,57.0,123.0,18.0,0.0,6.0,154.0,0.0,1.0,1.0,1.0,1.0,1.0,1.0,0.0,0.0,0.0,3.0,12.0,2.0,10.0,0.0,5.0,6.0,33.0,1.0,1.0,1.0,0.0,14.0,3.0,7.0,15.0,9.0,4.0,1.0,13.0,11.0,40.0,0.0,0.0,0.0,38.0,0.0,0.0,1.0,0.0,0.0,0.0,0.0,0.0,0.0,0.0,1.0,0.0,0.0,0.0,0.0,0.0,2.0,6.0,0.0,0.0,0.0,0.0,10.0,0.0,4.0,6.0,4.0,5099743852.0,12081665.0,宁德市福安市,宁德市福安市城北街道,20.0,28.0,6.0,8.0,62.0,45.845454545454544,39.788888888888884,44.672332730560576
福建省,宁德市,福安市,阳头街道,119.6400511,27.0820063,24.0,30.0,35.0,53.0,120.0,5.0,0.0,7.0,147.0,0.0,0.0,1.0,1.0,1.0,1.0,1.0,0.0,0.0,0.0,3.0,10.0,2.0,1.0,0.0,4.0,6.0,22.0,1.0,1.0,2.0,0.0,14.0,3.0,7.0,17.0,9.0,10.0,7.0,16.0,32.0,34.0,0.0,0.0,1.0,70.0,0.0,0.0,0.0,1.0,1.0,1.0,1.0,0.0,0.0,0.0,3.0,0.0,0.0,0.0,0.0,0.0,1.0,5.0,1.0,1.0,0.0,0.0,1.0,1.0,3.0,8.0,4.0,5099743851.0,12081664.0,宁德市福安市,宁德市福安市阳头街道,20.0,26.0,18.0,6.9,70.9,45.845454545454544,39.788888888888884,44.672332730560576
福建省,宁德市,福安市,罗江街道,119.6677208,26.9746329,14.0,9.0,4.0,12.0,25.0,4.0,0.0,3.0,1.0,0.0,0.0,1.0,2.0,2.0,0.0,0.0,0.0,0.0,0.0,0.0,16.0,0.0,5.0,0.0,0.0,2.0,3.0,0.0,0.0,3.0,0.0,0.0,0.0,4.0,13.0,6.0,13.0,0.0,1.0,5.0,6.0,3.0,0.0,0.0,0.0,0.0,0.0,1.0,2.0,2.0,0.0,0.0,0.0,0.0,0.0,0.0,3.0,0.0,0.0,0.0,0.0,1.0,1.0,0.0,0.0,0.0,0.0,0.0,0.0,2.0,7.0,4.0,5099743850.0,-1.0,宁德市福安市,宁德市福安市罗江街道,9.0,22.8,10.0,3.7,45.5,45.845454545454544,39.788888888888884,44.672332730560576
福建省,宁德市,福安市,赛岐镇,119.6794796,26.9672702,14.0,7.0,1.0,12.0,23.0,4.0,0.0,2.0,1.0,0.0,0.0,1.0,2.0,2.0,0.0,0.0,0.0,0.0,0.0,0.0,16.0,0.0,2.0,0.0,0.0,2.0,3.0,0.0,0.0,1.0,0.0,0.0,0.0,4.0,12.0,6.0,3.0,1.0,1.0,6.0,17.0,0.0,0.0,1.0,1.0,0.0,0.0,1.0,2.0,2.0,0.0,0.0,0.0,0.0,0.0,0.0,4.0,0.0,0.0,0.0,0.0,1.0,2.0,0.0,0.0,0.0,0.0,0.0,0.0,2.0,11.0,4.0,5099746383.0,-1.0,宁德市福安市,宁德市福安市赛岐镇,9.0,25.7,10.0,3.6,48.300000000000004,45.845454545454544,39.788888888888884,44.672332730560576
福建省,宁德市,福安市,穆阳镇,119.5209743,27.0609493,1.0,0.0,28.0,4.0,82.0,5.0,1.0,28.0,2.0,1.0,1.0,5.0,0.0,0.0,6.0,6.0,1.0,0.0,0.0,0.0,21.0,0.0,3.0,0.0,0.0,5.0,17.0,0.0,7.0,0.0,8.0,4.0,0.0,6.0,16.0,6.0,1.0,0.0,3.0,0.0,14.0,1.0,0.0,0.0,0.0,0.0,0.0,0.0,0.0,0.0,1.0,1.0,0.0,0.0,0.0,0.0,5.0,0.0,3.0,0.0,0.0,1.0,1.0,0.0,0.0,0.0,1.0,1.0,0.0,3.0,7.0,4.0,2499562074.0,12081668.0,宁德市福安市,宁德市福安市穆阳镇,20.0,30.0,10.0,4.8,64.8,45.845454545454544,39.788888888888884,44.672332730560576
福建省,宁德市,福安市,上白石镇,119.724286,27.2421927,3.0,0.0,0.0,21.0,15.0,0.0,0.0,0.0,0.0,0.0,0.0,0.0,0.0,0.0,0.0,0.0,0.0,0.0,0.0,0.0,15.0,0.0,0.0,0.0,0.0,4.0,0.0,0.0,0.0,0.0,0.0,0.0,0.0,1.0,5.0,2.0,1.0,0.0,0.0,11.0,10.0,0.0,0.0,0.0,0.0,0.0,0.0,0.0,0.0,0.0,0.0,0.0,0.0,0.0,0.0,0.0,5.0,0.0,0.0,0.0,0.0,1.0,0.0,0.0,0.0,0.0,0.0,0.0,0.0,1.0,5.0,2.0,2481399408.0,-1.0,宁德市福安市,宁德市福安市上白石镇,11.0,18.5,0.0,1.0,30.5,45.845454545454544,39.788888888888884,44.672332730560576
福建省,宁德市,福安市,潭头镇,119.6606525,27.2015695,1.0,0.0,0.0,14.0,24.0,1.0,0.0,0.0,0.0,0.0,0.0,0.0,0.0,0.0,0.0,0.0,0.0,0.0,0.0,0.0,12.0,0.0,3.0,0.0,0.0,5.0,0.0,0.0,0.0,0.0,0.0,0.0,0.0,1.0,6.0,4.0,1.0,0.0,0.0,7.0,4.0,0.0,0.0,0.0,0.0,0.0,0.0,0.0,0.0,0.0,0.0,0.0,0.0,0.0,0.0,0.0,1.0,0.0,0.0,0.0,0.0,1.0,0.0,0.0,0.0,0.0,0.0,0.0,0.0,1.0,4.0,3.0,2481399411.0,-1.0,宁德市福安市,宁德市福安市潭头镇,12.0,19.0,0.0,2.0,33.0,45.845454545454544,39.788888888888884,44.672332730560576
福建省,宁德市,福安市,社口镇,119.571389,27.211944,0.0,0.0,1.0,6.0,9.0,0.0,0.0,0.0,0.0,0.0,0.0,0.0,0.0,0.0,0.0,0.0,0.0,0.0,0.0,0.0,2.0,0.0,0.0,0.0,0.0,3.0,0.0,0.0,0.0,0.0,0.0,0.0,0.0,5.0,6.0,3.0,0.0,0.0,1.0,3.0,2.0,0.0,0.0,0.0,0.0,0.0,0.0,0.0,0.0,0.0,0.0,0.0,0.0,0.0,0.0,0.0,0.0,0.0,0.0,0.0,0.0,2.0,0.0,0.0,0.0,0.0,0.0,0.0,0.0,4.0,5.0,1.0,2481399409.0,-1.0,宁德市福安市,宁德市福安市社口镇,10.0,15.4,0.0,1.5,26.9,45.845454545454544,39.788888888888884,44.672332730560576
福建省,宁德市,福安市,晓阳镇,119.451044,27.1832827,0.0,0.0,0.0,13.0,17.0,0.0,0.0,3.0,0.0,0.0,0.0,0.0,0.0,0.0,0.0,0.0,0.0,0.0,0.0,0.0,3.0,0.0,0.0,0.0,0.0,8.0,0.0,0.0,0.0,0.0,0.0,0.0,0.0,4.0,5.0,6.0,0.0,0.0,0.0,3.0,12.0,0.0,0.0,0.0,0.0,0.0,0.0,0.0,0.0,0.0,0.0,0.0,0.0,0.0,0.0,0.0,1.0,0.0,0.0,0.0,0.0,1.0,0.0,0.0,0.0,0.0,0.0,0.0,0.0,1.0,3.0,2.0,3928294301.0,-1.0,宁德市福安市,宁德市福安市晓阳镇,12.0,14.5,0.0,3.0,29.5,45.845454545454544,39.788888888888884,44.672332730560576
福建省,宁德市,福安市,溪潭镇,119.6166025,27.0061079,1.0,35.0,1.0,15.0,6.0,8.0,0.0,5.0,1.0,2.0,0.0,0.0,0.0,0.0,0.0,0.0,0.0,0.0,0.0,0.0,22.0,0.0,0.0,0.0,2.0,5.0,1.0,0.0,0.0,2.0,0.0,3.0,0.0,3.0,14.0,10.0,1.0,1.0,0.0,5.0,1.0,1.0,0.0,0.0,0.0,0.0,0.0,0.0,0.0,0.0,0.0,0.0,0.0,0.0,0.0,0.0,3.0,0.0,0.0,0.0,1.0,1.0,0.0,0.0,0.0,0.0,0.0,0.0,0.0,2.0,5.0,4.0,2481399415.0,-1.0,宁德市福安市,宁德市福安市溪潭镇,12.0,19.5,0.0,4.3,35.8,45.845454545454544,39.788888888888884,44.672332730560576
福建省,宁德市,福安市,甘棠镇,119.632582,26.921649,5.0,0.0,3.0,7.0,39.0,3.0,0.0,8.0,0.0,0.0,0.0,0.0,0.0,0.0,0.0,0.0,0.0,0.0,0.0,0.0,5.0,0.0,10.0,0.0,0.0,3.0,3.0,0.0,0.0,8.0,0.0,1.0,0.0,1.0,8.0,8.0,1.0,0.0,1.0,3.0,21.0,1.0,0.0,3.0,0.0,0.0,0.0,0.0,0.0,0.0,0.0,0.0,0.0,0.0,0.0,0.0,2.0,0.0,1.0,0.0,0.0,1.0,0.0,0.0,0.0,0.0,0.0,1.0,0.0,1.0,8.0,4.0,2480367199.0,-1.0,宁德市福安市,宁德市福安市甘棠镇,10.0,24.0,0.0,5.1,39.1,45.845454545454544,39.788888888888884,44.672332730560576
福建省,宁德市,福安市,下白石镇,119.6812435,26.815401,4.0,0.0,4.0,2.0,39.0,14.0,0.0,0.0,1.0,0.0,0.0,0.0,0.0,0.0,0.0,0.0,0.0,0.0,0.0,0.0,19.0,1.0,6.0,0.0,0.0,3.0,3.0,0.0,0.0,64.0,0.0,2.0,0.0,5.0,8.0,9.0,4.0,0.0,2.0,1.0,12.0,8.0,0.0,0.0,0.0,0.0,0.0,0.0,0.0,0.0,0.0,0.0,0.0,0.0,0.0,0.0,2.0,0.0,3.0,0.0,0.0,1.0,2.0,0.0,0.0,17.0,0.0,2.0,0.0,3.0,7.0,7.0,2480367202.0,12081662.0,宁德市福安市,宁德市福安市下白石镇,18.0,24.4,0.0,12.6,55.0,45.845454545454544,39.788888888888884,44.672332730560576
福建省,宁德市,福安市,溪尾镇,119.792885,26.855605,5.0,0.0,0.0,1.0,38.0,15.0,0.0,0.0,1.0,0.0,2.0,0.0,0.0,0.0,0.0,0.0,0.0,0.0,0.0,0.0,3.0,0.0,0.0,0.0,0.0,1.0,2.0,0.0,0.0,0.0,0.0,0.0,0.0,8.0,9.0,6.0,2.0,0.0,0.0,0.0,10.0,0.0,0.0,0.0,1.0,0.0,0.0,0.0,0.0,0.0,0.0,0.0,0.0,0.0,0.0,0.0,0.0,0.0,0.0,0.0,0.0,1.0,0.0,0.0,0.0,0.0,0.0,0.0,0.0,4.0,3.0,2.0,8254950445.0,-1.0,宁德市福安市,宁德市福安市溪尾镇,8.0,24.6,0.0,3.2,35.800000000000004,45.845454545454544,39.788888888888884,44.672332730560576
福建省,宁德市,福安市,溪柄镇,119.725979,26.980498,10.0,0.0,1.0,2.0,29.0,1.0,0.0,0.0,0.0,0.0,0.0,0.0,0.0,0.0,0.0,0.0,0.0,0.0,0.0,0.0,16.0,1.0,1.0,0.0,0.0,1.0,0.0,0.0,0.0,0.0,0.0,0.0,0.0,1.0,8.0,7.0,8.0,0.0,1.0,0.0,15.0,0.0,0.0,0.0,0.0,0.0,0.0,0.0,0.0,0.0,0.0,0.0,0.0,0.0,0.0,0.0,3.0,0.0,0.0,0.0,0.0,1.0,0.0,0.0,0.0,0.0,0.0,0.0,0.0,1.0,6.0,3.0,2481399414.0,-1.0,宁德市福安市,宁德市福安市溪柄镇,8.0,21.3,0.0,3.5,32.8,45.845454545454544,39.788888888888884,44.672332730560576
福建省,宁德市,福安市,湾坞镇,119.7150877,26.8346471,2.0,0.0,5.0,12.0,29.0,4.0,0.0,0.0,2.0,1.0,1.0,0.0,0.0,0.0,0.0,0.0,0.0,0.0,0.0,0.0,12.0,3.0,6.0,0.0,1.0,2.0,0.0,0.0,0.0,18.0,0.0,0.0,0.0,7.0,9.0,10.0,2.0,0.0,5.0,11.0,10.0,2.0,0.0,0.0,2.0,1.0,0.0,0.0,0.0,0.0,0.0,0.0,0.0,0.0,0.0,0.0,3.0,0.0,2.0,0.0,1.0,1.0,0.0,0.0,0.0,1.0,0.0,0.0,0.0,7.0,9.0,7.0,2480367201.0,-1.0,宁德市福安市,宁德市福安市湾坞镇,9.0,28.8,0.0,5.9,43.699999999999996,45.845454545454544,39.788888888888884,44.672332730560576
福建省,宁德市,福安市,城阳镇,119.6622725,27.0965026,24.0,13.0,25.0,59.0,73.0,17.0,0.0,4.0,112.0,0.0,1.0,1.0,1.0,1.0,1.0,1.0,0.0,0.0,0.0,2.0,16.0,3.0,13.0,0.0,2.0,5.0,26.0,1.0,1.0,1.0,0.0,13.0,3.0,5.0,10.0,9.0,0.0,4.0,9.0,11.0,8.0,1.0,0.0,0.0,0.0,0.0,0.0,0.0,0.0,0.0,0.0,0.0,0.0,0.0,0.0,0.0,10.0,0.0,8.0,0.0,2.0,1.0,3.0,0.0,0.0,0.0,0.0,0.0,0.0,3.0,5.0,5.0,8254955425.0,-1.0,宁德市福安市,宁德市福安市城阳镇,12.0,28.0,5.0,7.0,52.0,45.845454545454544,39.788888888888884,44.672332730560576
福建省,宁德市,福安市,坂中畲族乡,119.6275,27.100833,22.0,22.0,30.0,37.0,115.0,8.0,0.0,2.0,147.0,0.0,0.0,1.0,1.0,1.0,1.0,1.0,0.0,0.0,0.0,3.0,3.0,2.0,0.0,0.0,3.0,6.0,21.0,0.0,0.0,1.0,0.0,12.0,2.0,6.0,14.0,8.0,0.0,6.0,10.0,2.0,44.0,0.0,0.0,0.0,42.0,0.0,0.0,0.0,0.0,0.0,0.0,0.0,0.0,0.0,0.0,0.0,0.0,0.0,0.0,0.0,2.0,1.0,9.0,0.0,0.0,0.0,0.0,2.0,0.0,3.0,5.0,4.0,2481399402.0,-1.0,宁德市福安市,宁德市福安市坂中畲族乡,12.0,26.0,5.0,7.1,50.1,45.845454545454544,39.788888888888884,44.672332730560576
福建省,宁德市,福安市,范坑乡,119.7236539,27.3050373,0.0,0.0,0.0,6.0,20.0,2.0,0.0,0.0,0.0,0.0,0.0,0.0,0.0,0.0,0.0,0.0,0.0,0.0,0.0,0.0,8.0,0.0,0.0,0.0,0.0,5.0,5.0,0.0,0.0,0.0,0.0,0.0,0.0,1.0,5.0,3.0,0.0,0.0,0.0,4.0,4.0,0.0,0.0,0.0,0.0,0.0,0.0,0.0,0.0,0.0,0.0,0.0,0.0,0.0,0.0,0.0,1.0,0.0,0.0,0.0,0.0,1.0,0.0,0.0,0.0,0.0,0.0,0.0,0.0,1.0,3.0,3.0,2481399404.0,-1.0,宁德市福安市,宁德市福安市范坑乡,12.0,12.7,0.0,2.0,26.7,45.845454545454544,39.788888888888884,44.672332730560576
福建省,宁德市,福安市,穆云畲族乡,119.541402,27.061255,1.0,0.0,28.0,4.0,80.0,5.0,1.0,26.0,2.0,1.0,1.0,5.0,0.0,0.0,6.0,6.0,1.0,0.0,0.0,0.0,20.0,0.0,3.0,0.0,0.0,4.0,20.0,0.0,7.0,1.0,10.0,5.0,0.0,6.0,17.0,6.0,1.0,0.0,20.0,4.0,41.0,1.0,0.0,21.0,2.0,0.0,1.0,4.0,0.0,0.0,5.0,5.0,1.0,0.0,0.0,0.0,7.0,0.0,0.0,0.0,0.0,2.0,13.0,0.0,6.0,0.0,7.0,3.0,0.0,3.0,13.0,5.0,8254958752.0,-1.0,宁德市福安市,宁德市福安市穆云畲族乡,11.0,30.0,15.0,6.4,62.4,45.845454545454544,39.788888888888884,44.672332730560576
福建省,宁德市,福安市,康厝畲族乡,119.531719,27.052576,1.0,0.0,28.0,4.0,77.0,5.0,1.0,27.0,2.0,1.0,1.0,5.0,0.0,0.0,6.0,6.0,1.0,0.0,0.0,0.0,19.0,0.0,3.0,0.0,0.0,4.0,20.0,0.0,7.0,1.0,10.0,5.0,0.0,6.0,17.0,6.0,1.0,0.0,4.0,0.0,35.0,3.0,0.0,0.0,0.0,0.0,0.0,1.0,0.0,0.0,1.0,1.0,0.0,0.0,0.0,0.0,3.0,0.0,0.0,0.0,0.0,1.0,4.0,0.0,1.0,0.0,0.0,2.0,0.0,3.0,7.0,3.0,2499562072.0,-1.0,宁德市福安市,宁德市福安市康厝畲族乡,11.0,30.0,10.0,5.5,56.5,45.845454545454544,39.788888888888884,44.672332730560576
福建省,宁德市,福安市,松罗乡,119.7942906,26.9579095,3.0,0.0,0.0,1.0,52.0,0.0,0.0,3.0,0.0,0.0,0.0,0.0,0.0,0.0,0.0,0.0,0.0,0.0,0.0,0.0,6.0,0.0,0.0,0.0,0.0,2.0,0.0,0.0,0.0,0.0,0.0,0.0,0.0,1.0,7.0,4.0,1.0,0.0,0.0,1.0,18.0,0.0,0.0,1.0,0.0,0.0,0.0,0.0,0.0,0.0,0.0,0.0,0.0,0.0,0.0,0.0,4.0,0.0,0.0,0.0,0.0,1.0,0.0,0.0,0.0,0.0,0.0,0.0,0.0,1.0,6.0,3.0,2481399410.0,-1.0,宁德市福安市,宁德市福安市松罗乡,9.0,23.5,0.0,2.0,34.5,45.845454545454544,39.788888888888884,44.672332730560576
福建省,宁德市,福鼎市,桐山街道,120.2098596,27.3330497,32.0,61.0,68.0,43.0,226.0,30.0,0.0,23.0,169.0,2.0,0.0,2.0,1.0,1.0,10.0,11.0,0.0,0.0,0.0,1.0,8.0,0.0,0.0,0.0,0.0,4.0,23.0,0.0,0.0,1.0,2.0,21.0,0.0,8.0,21.0,6.0,8.0,28.0,12.0,24.0,54.0,17.0,0.0,8.0,60.0,2.0,0.0,2.0,1.0,1.0,6.0,7.0,0.0,0.0,0.0,0.0,4.0,0.0,0.0,0.0,0.0,3.0,19.0,0.0,0.0,0.0,2.0,10.0,0.0,4.0,14.0,4.0,5099749906.0,12092830.0,宁德市福鼎市,宁德市福鼎市桐山街道,19.0,28.0,15.0,7.3,69.3,42.50625,39.788888888888884,44.672332730560576
福建省,宁德市,福鼎市,桐城街道,120.2060294,27.3290847,36.0,61.0,67.0,46.0,223.0,30.0,0.0,22.0,183.0,2.0,0.0,2.0,1.0,1.0,13.0,14.0,0.0,0.0,0.0,1.0,8.0,0.0,0.0,0.0,0.0,4.0,23.0,0.0,0.0,2.0,2.0,22.0,0.0,8.0,21.0,6.0,0.0,26.0,9.0,20.0,43.0,18.0,0.0,7.0,50.0,2.0,0.0,2.0,1.0,1.0,7.0,8.0,0.0,0.0,0.0,0.0,3.0,0.0,0.0,0.0,0.0,3.0,18.0,0.0,0.0,0.0,2.0,9.0,0.0,4.0,12.0,4.0,5099749905.0,12092831.0,宁德市福鼎市,宁德市福鼎市桐城街道,19.0,28.0,15.0,7.3,69.3,42.50625,39.788888888888884,44.672332730560576
福建省,宁德市,福鼎市,山前街道,120.2187967,27.3284366,31.0,61.0,67.0,47.0,203.0,30.0,0.0,21.0,176.0,2.0,0.0,2.0,1.0,1.0,14.0,15.0,0.0,0.0,0.0,1.0,10.0,0.0,0.0,0.0,0.0,4.0,23.0,0.0,0.0,1.0,2.0,22.0,0.0,8.0,21.0,6.0,13.0,43.0,10.0,13.0,59.0,5.0,0.0,8.0,47.0,2.0,0.0,1.0,1.0,1.0,5.0,5.0,0.0,0.0,0.0,0.0,2.0,0.0,0.0,0.0,0.0,2.0,2.0,0.0,0.0,0.0,1.0,1.0,0.0,6.0,15.0,4.0,5099749904.0,12092829.0,宁德市福鼎市,宁德市福鼎市山前街道,19.0,28.0,15.0,5.6,67.6,42.50625,39.788888888888884,44.672332730560576
福建省,宁德市,福鼎市,贯岭镇,120.227937,27.392535,4.0,0.0,0.0,8.0,146.0,1.0,0.0,0.0,1.0,0.0,0.0,0.0,0.0,0.0,0.0,0.0,0.0,0.0,0.0,0.0,0.0,0.0,0.0,0.0,0.0,1.0,4.0,0.0,0.0,1.0,0.0,0.0,0.0,7.0,9.0,3.0,3.0,0.0,0.0,0.0,30.0,0.0,0.0,0.0,1.0,0.0,0.0,0.0,0.0,0.0,0.0,0.0,0.0,0.0,0.0,0.0,0.0,0.0,0.0,0.0,0.0,1.0,4.0,0.0,0.0,0.0,0.0,0.0,0.0,5.0,6.0,1.0,2479045003.0,-1.0,宁德市福鼎市,宁德市福鼎市贯岭镇,8.0,26.0,0.0,2.4,36.4,42.50625,39.788888888888884,44.672332730560576
福建省,宁德市,福鼎市,前岐镇,120.318406,27.312747,9.0,0.0,7.0,6.0,157.0,0.0,0.0,0.0,0.0,0.0,0.0,0.0,0.0,0.0,0.0,0.0,0.0,0.0,0.0,0.0,0.0,0.0,1.0,0.0,0.0,1.0,0.0,0.0,0.0,1.0,0.0,12.0,0.0,2.0,7.0,9.0,6.0,0.0,1.0,3.0,74.0,0.0,0.0,0.0,0.0,0.0,0.0,0.0,0.0,0.0,0.0,0.0,0.0,0.0,0.0,0.0,0.0,0.0,0.0,0.0,0.0,1.0,0.0,0.0,0.0,0.0,0.0,12.0,0.0,2.0,6.0,3.0,2479045005.0,-1.0,宁德市福鼎市,宁德市福鼎市前岐镇,8.0,23.5,0.0,4.1,35.6,42.50625,39.788888888888884,44.672332730560576
福建省,宁德市,福鼎市,沙埕镇,120.4166071,27.1664894,0.0,0.0,6.0,1.0,18.0,10.0,0.0,9.0,0.0,0.0,0.0,0.0,0.0,0.0,0.0,0.0,0.0,0.0,0.0,0.0,2.0,0.0,0.0,0.0,0.0,2.0,2.0,0.0,0.0,19.0,0.0,0.0,2.0,10.0,7.0,9.0,0.0,0.0,4.0,0.0,12.0,5.0,0.0,9.0,0.0,0.0,0.0,0.0,0.0,0.0,0.0,0.0,0.0,0.0,0.0,0.0,1.0,0.0,0.0,0.0,0.0,1.0,0.0,0.0,0.0,9.0,0.0,0.0,2.0,1.0,6.0,4.0,8260037673.0,-1.0,宁德市福鼎市,宁德市福鼎市沙埕镇,9.0,16.7,0.0,7.0,32.7,42.50625,39.788888888888884,44.672332730560576
福建省,宁德市,福鼎市,店下镇,120.3243462,27.1605935,2.0,0.0,6.0,6.0,37.0,0.0,0.0,0.0,0.0,0.0,0.0,0.0,0.0,0.0,0.0,0.0,0.0,0.0,0.0,0.0,2.0,0.0,2.0,0.0,0.0,2.0,0.0,0.0,0.0,0.0,0.0,0.0,0.0,2.0,6.0,4.0,1.0,0.0,0.0,1.0,24.0,0.0,0.0,0.0,0.0,0.0,0.0,0.0,0.0,0.0,0.0,0.0,0.0,0.0,0.0,0.0,1.0,0.0,1.0,0.0,0.0,1.0,0.0,0.0,0.0,0.0,0.0,0.0,0.0,2.0,4.0,4.0,2479137442.0,-1.0,宁德市福鼎市,宁德市福鼎市店下镇,9.0,23.0,0.0,2.0,34.0,42.50625,39.788888888888884,44.672332730560576
福建省,宁德市,福鼎市,太姥山镇,120.248114,27.104177,18.0,5.0,0.0,21.0,94.0,11.0,0.0,7.0,1.0,0.0,0.0,0.0,0.0,0.0,0.0,0.0,0.0,0.0,0.0,1.0,6.0,1.0,1.0,0.0,0.0,3.0,0.0,0.0,0.0,5.0,0.0,3.0,4.0,5.0,12.0,12.0,15.0,5.0,0.0,13.0,50.0,4.0,0.0,7.0,0.0,0.0,0.0,0.0,0.0,0.0,0.0,0.0,0.0,0.0,0.0,0.0,2.0,1.0,1.0,0.0,0.0,1.0,0.0,0.0,0.0,0.0,0.0,3.0,1.0,3.0,12.0,11.0,2479137445.0,-1.0,宁德市福鼎市,宁德市福鼎市太姥山镇,10.0,26.0,0.0,4.5,40.5,42.50625,39.788888888888884,44.672332730560576
福建省,宁德市,福鼎市,磻溪镇,120.113124,27.155731,0.0,0.0,0.0,8.0,69.0,2.0,0.0,0.0,0.0,0.0,0.0,0.0,0.0,0.0,0.0,0.0,0.0,0.0,0.0,0.0,2.0,0.0,0.0,0.0,0.0,3.0,1.0,0.0,0.0,0.0,0.0,0.0,0.0,1.0,5.0,4.0,0.0,0.0,0.0,7.0,11.0,1.0,0.0,0.0,0.0,0.0,0.0,0.0,0.0,0.0,0.0,0.0,0.0,0.0,0.0,0.0,0.0,0.0,0.0,0.0,0.0,1.0,0.0,0.0,0.0,0.0,0.0,0.0,0.0,1.0,4.0,2.0,2479137444.0,-1.0,宁德市福鼎市,宁德市福鼎市磻溪镇,10.0,22.5,0.0,2.1,34.6,42.50625,39.788888888888884,44.672332730560576
福建省,宁德市,福鼎市,白琳镇,120.171227,27.18295,0.0,0.0,19.0,15.0,156.0,0.0,0.0,15.0,1.0,0.0,1.0,0.0,0.0,0.0,1.0,1.0,0.0,0.0,0.0,0.0,6.0,2.0,1.0,0.0,0.0,1.0,1.0,0.0,0.0,1.0,0.0,1.0,0.0,4.0,5.0,10.0,0.0,0.0,8.0,3.0,73.0,0.0,0.0,0.0,0.0,0.0,0.0,0.0,0.0,0.0,1.0,1.0,0.0,0.0,0.0,0.0,1.0,1.0,0.0,0.0,0.0,1.0,0.0,0.0,0.0,0.0,0.0,1.0,0.0,1.0,4.0,6.0,2479137434.0,-1.0,宁德市福鼎市,宁德市福鼎市白琳镇,8.0,26.5,5.0,4.2,43.7,42.50625,39.788888888888884,44.672332730560576
福建省,宁德市,福鼎市,点头镇,120.175719,27.236498,0.0,0.0,6.0,19.0,172.0,0.0,0.0,0.0,1.0,0.0,0.0,0.0,0.0,0.0,1.0,1.0,0.0,0.0,0.0,0.0,1.0,0.0,2.0,0.0,0.0,1.0,0.0,0.0,0.0,0.0,0.0,1.0,0.0,4.0,3.0,8.0,0.0,0.0,0.0,19.0,55.0,0.0,0.0,0.0,1.0,0.0,0.0,0.0,0.0,0.0,1.0,1.0,0.0,0.0,0.0,0.0,1.0,0.0,1.0,0.0,0.0,1.0,0.0,0.0,0.0,0.0,0.0,1.0,0.0,3.0,2.0,5.0,2479137440.0,-1.0,宁德市福鼎市,宁德市福鼎市点头镇,8.0,23.5,5.0,4.0,40.5,42.50625,39.788888888888884,44.672332730560576
福建省,宁德市,福鼎市,管阳镇,120.029249,27.255848,7.0,0.0,1.0,5.0,104.0,1.0,0.0,0.0,0.0,0.0,0.0,0.0,0.0,0.0,0.0,0.0,0.0,0.0,0.0,0.0,0.0,0.0,0.0,0.0,0.0,1.0,0.0,0.0,0.0,0.0,0.0,0.0,0.0,2.0,6.0,1.0,3.0,0.0,0.0,3.0,31.0,0.0,0.0,0.0,0.0,0.0,0.0,0.0,0.0,0.0,0.0,0.0,0.0,0.0,0.0,0.0,0.0,0.0,0.0,0.0,0.0,1.0,0.0,0.0,0.0,0.0,0.0,0.0,0.0,1.0,3.0,0.0,2479137443.0,-1.0,宁德市福鼎市,宁德市福鼎市管阳镇,8.0,23.0,0.0,0.5,31.5,42.50625,39.788888888888884,44.672332730560576
福建省,宁德市,福鼎市,嵛山镇,120.3223696,26.9577227,0.0,0.0,0.0,5.0,10.0,3.0,0.0,34.0,0.0,0.0,0.0,0.0,0.0,0.0,1.0,1.0,0.0,0.0,0.0,0.0,4.0,0.0,0.0,0.0,0.0,3.0,2.0,0.0,0.0,2.0,0.0,1.0,7.0,2.0,6.0,9.0,0.0,0.0,0.0,5.0,2.0,0.0,0.0,16.0,0.0,0.0,0.0,0.0,0.0,0.0,1.0,1.0,0.0,0.0,0.0,0.0,2.0,0.0,0.0,0.0,0.0,1.0,1.0,0.0,0.0,2.0,0.0,0.0,5.0,2.0,3.0,4.0,3885756196.0,12092828.0,宁德市福鼎市,宁德市福鼎市嵛山镇,18.0,10.6,5.0,4.7,38.300000000000004,42.50625,39.788888888888884,44.672332730560576
福建省,宁德市,福鼎市,硖门畲族乡,120.2246706,27.034421,7.0,0.0,8.0,2.0,80.0,0.0,0.0,0.0,1.0,0.0,0.0,0.0,0.0,0.0,0.0,0.0,0.0,0.0,0.0,0.0,8.0,0.0,2.0,0.0,0.0,1.0,1.0,0.0,0.0,1.0,0.0,3.0,1.0,5.0,9.0,10.0,1.0,0.0,3.0,2.0,25.0,0.0,0.0,0.0,0.0,0.0,0.0,0.0,0.0,0.0,0.0,0.0,0.0,0.0,0.0,0.0,3.0,0.0,0.0,0.0,0.0,1.0,1.0,0.0,0.0,0.0,0.0,1.0,0.0,3.0,5.0,5.0,8260037675.0,-1.0,宁德市福鼎市,宁德市福鼎市硖门畲族乡,8.0,26.0,0.0,4.3,38.3,42.50625,39.788888888888884,44.672332730560576
福建省,宁德市,福鼎市,叠石乡,120.10459,27.3936376,0.0,0.0,2.0,2.0,97.0,0.0,0.0,1.0,0.0,0.0,0.0,0.0,0.0,0.0,0.0,0.0,0.0,0.0,0.0,0.0,0.0,0.0,0.0,0.0,0.0,1.0,2.0,0.0,0.0,0.0,0.0,0.0,0.0,8.0,5.0,4.0,0.0,0.0,1.0,2.0,7.0,0.0,0.0,0.0,0.0,0.0,0.0,0.0,0.0,0.0,0.0,0.0,0.0,0.0,0.0,0.0,0.0,0.0,0.0,0.0,0.0,1.0,0.0,0.0,0.0,0.0,0.0,0.0,0.0,7.0,3.0,2.0,8260067933.0,-1.0,宁德市福鼎市,宁德市福鼎市叠石乡,8.0,22.5,0.0,2.2,32.7,42.50625,39.788888888888884,44.672332730560576
福建省,宁德市,福鼎市,佳阳乡,120.351491,27.279438,7.0,0.0,2.0,4.0,77.0,0.0,0.0,0.0,0.0,0.0,0.0,0.0,0.0,0.0,0.0,0.0,0.0,0.0,0.0,0.0,1.0,0.0,1.0,0.0,0.0,1.0,0.0,0.0,0.0,1.0,0.0,0.0,0.0,2.0,6.0,8.0,1.0,0.0,1.0,1.0,8.0,0.0,0.0,0.0,0.0,0.0,0.0,0.0,0.0,0.0,0.0,0.0,0.0,0.0,0.0,0.0,1.0,0.0,0.0,0.0,0.0,1.0,0.0,0.0,0.0,0.0,0.0,0.0,0.0,2.0,4.0,3.0,2479045004.0,-1.0,宁德市福鼎市,宁德市福鼎市佳阳乡,8.0,23.0,0.0,4.1,35.1,42.50625,39.788888888888884,44.672332730560576
