addr_1,addr_2,addr_3,addr_4,lon,lat,hw_trunk_3km,hw_primary_3km,hw_secondary_3km,hw_tertiary_3km,hw_res_uncl_3km,hw_service_3km,hw_cycleway_3km,hw_footway_3km,hw_bus_stop_3km,hw_parking_3km,hw_fuel_3km,am_gov_3km,am_medical_3km,am_healthcare_3km,am_school_3km,am_education_3km,am_police_3km,am_post_3km,am_bank_3km,am_shop_3km,lu_residential_3km,lu_commercial_3km,lu_industrial_3km,lu_retail_3km,lu_construction_3km,pl_3km,bld_3km,blp_3km,bll_3km,mm_3km,ad_3km,lsr_3km,trs_3km,wd_3km,hw_types_3km,lu_types_3km,hw_trunk_1km,hw_primary_1km,hw_secondary_1km,hw_tertiary_1km,hw_res_uncl_1km,hw_service_1km,hw_cycleway_1km,hw_footway_1km,hw_bus_stop_1km,hw_parking_1km,hw_fuel_1km,am_gov_1km,am_medical_1km,am_healthcare_1km,am_school_1km,am_education_1km,am_police_1km,am_post_1km,am_bank_1km,am_shop_1km,lu_residential_1km,lu_commercial_1km,lu_industrial_1km,lu_retail_1km,lu_construction_1km,pl_1km,bld_1km,blp_1km,bll_1km,mm_1km,ad_1km,lsr_1km,trs_1km,wd_1km,hw_types_1km,lu_types_1km,node,boundary,u_addr_3,u_addr_4,score_1,score_2,score_3,score_4,score,u_addr_3_avg_score,addr_2_avg_score,addr_1_avg_score
海南省,海口市,秀英区,秀英街道,110.2641347,20.0059782,35.0,31.0,71.0,62.0,149.0,73.0,0.0,42.0,60.0,2.0,1.0,1.0,1.0,1.0,10.0,12.0,0.0,1.0,0.0,9.0,97.0,15.0,42.0,0.0,4.0,4.0,216.0,0.0,2.0,29.0,0.0,56.0,16.0,11.0,20.0,16.0,3.0,2.0,13.0,17.0,3.0,0.0,0.0,0.0,0.0,0.0,0.0,0.0,0.0,0.0,1.0,1.0,0.0,0.0,0.0,0.0,8.0,0.0,1.0,0.0,0.0,2.0,1.0,0.0,0.0,1.0,0.0,0.0,0.0,3.0,8.0,5.0,12361353789.0,18311857.0,海口市秀英区,海口市秀英区秀英街道,19.0,30.0,10.0,20.0,79.0,64.25,66.12558139534885,40.486363636363635
海南省,海口市,秀英区,海秀街道,110.2605915,20.0140204,15.0,27.0,54.0,56.0,133.0,87.0,0.0,17.0,54.0,2.0,1.0,1.0,1.0,1.0,5.0,7.0,0.0,1.0,0.0,6.0,81.0,14.0,32.0,0.0,1.0,2.0,214.0,1.0,7.0,25.0,1.0,49.0,1.0,8.0,19.0,15.0,0.0,2.0,17.0,20.0,16.0,1.0,0.0,2.0,0.0,0.0,0.0,0.0,0.0,0.0,1.0,1.0,0.0,0.0,0.0,0.0,20.0,2.0,1.0,0.0,0.0,2.0,35.0,0.0,0.0,0.0,0.0,0.0,0.0,2.0,11.0,5.0,12361353788.0,18311858.0,海口市秀英区,海口市秀英区海秀街道,17.0,30.0,10.0,20.0,77.0,64.25,66.12558139534885,40.486363636363635
海南省,海口市,秀英区,长流镇,110.202214,20.014491,11.0,20.0,34.0,47.0,131.0,14.0,0.0,49.0,20.0,0.0,0.0,0.0,2.0,2.0,5.0,6.0,0.0,0.0,0.0,0.0,39.0,3.0,5.0,0.0,16.0,1.0,22.0,16.0,15.0,0.0,1.0,34.0,0.0,4.0,22.0,14.0,0.0,7.0,5.0,5.0,24.0,0.0,0.0,0.0,2.0,0.0,0.0,0.0,1.0,1.0,1.0,1.0,0.0,0.0,0.0,0.0,12.0,0.0,1.0,0.0,3.0,1.0,2.0,0.0,0.0,0.0,0.0,1.0,0.0,1.0,10.0,7.0,5363735396.0,18311855.0,海口市秀英区,海口市秀英区长流镇,16.0,26.0,10.0,6.4,58.4,64.25,66.12558139534885,40.486363636363635
海南省,海口市,秀英区,西秀镇,110.1663755,20.0056745,12.0,20.0,6.0,24.0,96.0,96.0,0.0,21.0,6.0,2.0,2.0,1.0,1.0,1.0,4.0,4.0,0.0,0.0,0.0,0.0,30.0,0.0,9.0,0.0,2.0,1.0,90.0,0.0,0.0,1.0,0.0,20.0,0.0,6.0,19.0,12.0,0.0,11.0,0.0,1.0,17.0,8.0,0.0,0.0,0.0,0.0,0.0,1.0,1.0,1.0,1.0,1.0,0.0,0.0,0.0,0.0,5.0,0.0,2.0,0.0,1.0,1.0,12.0,0.0,0.0,0.0,0.0,3.0,0.0,3.0,8.0,7.0,12361353787.0,18311854.0,海口市秀英区,海口市秀英区西秀镇,16.0,30.0,15.0,14.3,75.3,64.25,66.12558139534885,40.486363636363635
海南省,海口市,秀英区,海秀镇,110.2844846,19.9946135,36.0,10.0,69.0,59.0,178.0,67.0,0.0,36.0,52.0,1.0,3.0,2.0,1.0,1.0,11.0,13.0,0.0,1.0,0.0,7.0,109.0,7.0,35.0,0.0,3.0,4.0,80.0,0.0,1.0,7.0,0.0,60.0,18.0,11.0,20.0,16.0,11.0,0.0,14.0,11.0,15.0,0.0,0.0,4.0,6.0,0.0,0.0,0.0,0.0,0.0,2.0,2.0,0.0,0.0,0.0,0.0,27.0,0.0,6.0,0.0,0.0,1.0,1.0,0.0,0.0,0.0,0.0,14.0,0.0,5.0,8.0,5.0,12361352621.0,18311856.0,海口市秀英区,海口市秀英区海秀镇,19.0,30.0,10.0,12.8,71.8,64.25,66.12558139534885,40.486363636363635
海南省,海口市,秀英区,石山镇,110.2052742,19.9392711,0.0,0.0,14.0,6.0,81.0,14.0,0.0,29.0,2.0,1.0,1.0,0.0,0.0,0.0,0.0,0.0,0.0,0.0,0.0,0.0,26.0,2.0,2.0,0.0,0.0,9.0,14.0,0.0,0.0,5.0,0.0,14.0,27.0,5.0,17.0,14.0,0.0,0.0,2.0,3.0,24.0,0.0,0.0,0.0,0.0,0.0,0.0,0.0,0.0,0.0,0.0,0.0,0.0,0.0,0.0,0.0,4.0,1.0,0.0,0.0,0.0,3.0,0.0,0.0,0.0,0.0,0.0,1.0,4.0,2.0,5.0,6.0,1875783506.0,18311853.0,海口市秀英区,海口市秀英区石山镇,20.0,30.0,0.0,5.9,55.9,64.25,66.12558139534885,40.486363636363635
海南省,海口市,秀英区,永兴镇,110.2631979,19.8936046,4.0,1.0,0.0,6.0,85.0,31.0,0.0,2.0,0.0,4.0,0.0,0.0,0.0,0.0,0.0,0.0,0.0,0.0,0.0,0.0,36.0,0.0,1.0,0.0,0.0,3.0,18.0,0.0,0.0,8.0,0.0,42.0,1.0,2.0,12.0,9.0,2.0,1.0,0.0,3.0,17.0,0.0,0.0,0.0,0.0,0.0,0.0,0.0,0.0,0.0,0.0,0.0,0.0,0.0,0.0,0.0,7.0,0.0,0.0,0.0,0.0,1.0,0.0,0.0,0.0,0.0,0.0,1.0,0.0,2.0,5.0,2.0,2284335898.0,18311852.0,海口市秀英区,海口市秀英区永兴镇,18.0,26.0,0.0,6.6,50.6,64.25,66.12558139534885,40.486363636363635
海南省,海口市,秀英区,东山镇,110.2348052,19.7515732,1.0,0.0,2.0,8.0,28.0,9.0,0.0,0.0,2.0,0.0,0.0,0.0,0.0,0.0,0.0,0.0,0.0,0.0,0.0,1.0,14.0,0.0,1.0,0.0,1.0,1.0,1.0,0.0,0.0,3.0,1.0,11.0,1.0,6.0,7.0,11.0,0.0,0.0,2.0,6.0,15.0,0.0,0.0,0.0,0.0,0.0,0.0,0.0,0.0,0.0,0.0,0.0,0.0,0.0,0.0,0.0,4.0,0.0,0.0,0.0,1.0,1.0,0.0,0.0,0.0,1.0,0.0,8.0,0.0,2.0,4.0,6.0,3926652800.0,18311851.0,海口市秀英区,海口市秀英区东山镇,16.0,25.5,0.0,4.5,46.0,64.25,66.12558139534885,40.486363636363635
海南省,海口市,龙华区,中山街道,110.3411275,20.0402563,56.0,79.0,123.0,98.0,824.0,48.0,8.0,267.0,124.0,17.0,2.0,13.0,3.0,4.0,14.0,22.0,3.0,2.0,9.0,77.0,142.0,13.0,1.0,16.0,5.0,24.0,359.0,0.0,16.0,4.0,11.0,140.0,30.0,22.0,26.0,15.0,0.0,15.0,19.0,18.0,45.0,1.0,2.0,59.0,25.0,1.0,0.0,0.0,0.0,0.0,2.0,2.0,0.0,0.0,0.0,16.0,0.0,0.0,0.0,3.0,1.0,2.0,11.0,0.0,1.0,0.0,0.0,19.0,10.0,7.0,15.0,8.0,12361353795.0,18311869.0,海口市龙华区,海口市龙华区中山街道,20.0,30.0,16.0,20.0,86.0,69.26363636363637,66.12558139534885,40.486363636363635
海南省,海口市,龙华区,滨海街道,110.3210807,20.038495,62.0,35.0,127.0,128.0,726.0,72.0,9.0,415.0,109.0,32.0,4.0,8.0,2.0,3.0,9.0,17.0,1.0,2.0,11.0,74.0,108.0,18.0,1.0,17.0,7.0,10.0,412.0,0.0,19.0,32.0,19.0,151.0,33.0,19.0,24.0,14.0,51.0,3.0,14.0,24.0,105.0,7.0,0.0,34.0,18.0,3.0,0.0,4.0,0.0,0.0,1.0,1.0,0.0,1.0,0.0,2.0,12.0,2.0,0.0,1.0,0.0,3.0,46.0,0.0,0.0,0.0,3.0,15.0,2.0,5.0,13.0,10.0,12361353794.0,18311867.0,海口市龙华区,海口市龙华区滨海街道,20.0,30.0,14.0,20.0,84.0,69.26363636363637,66.12558139534885,40.486363636363635
海南省,海口市,龙华区,金贸街道,110.3129107,20.028874,58.0,27.0,152.0,105.0,277.0,87.0,4.0,180.0,100.0,12.0,2.0,7.0,1.0,2.0,10.0,15.0,0.0,1.0,4.0,36.0,138.0,17.0,2.0,8.0,2.0,6.0,249.0,0.0,15.0,0.0,24.0,77.0,16.0,17.0,23.0,13.0,14.0,2.0,27.0,11.0,52.0,11.0,0.0,16.0,9.0,1.0,0.0,1.0,0.0,0.0,3.0,3.0,0.0,0.0,1.0,11.0,17.0,8.0,0.0,2.0,0.0,2.0,67.0,0.0,2.0,0.0,8.0,9.0,1.0,4.0,11.0,7.0,12361353793.0,18311866.0,海口市龙华区,海口市龙华区金贸街道,20.0,30.0,18.0,20.0,88.0,69.26363636363637,66.12558139534885,40.486363636363635
海南省,海口市,龙华区,大同街道,110.3283709,20.0276971,64.0,33.0,155.0,115.0,362.0,70.0,5.0,261.0,131.0,10.0,2.0,10.0,2.0,3.0,14.0,20.0,0.0,1.0,4.0,60.0,116.0,19.0,1.0,12.0,5.0,11.0,295.0,0.0,9.0,3.0,14.0,101.0,25.0,21.0,24.0,14.0,9.0,8.0,33.0,14.0,69.0,8.0,0.0,12.0,25.0,0.0,0.0,3.0,0.0,0.0,1.0,1.0,0.0,0.0,1.0,11.0,4.0,0.0,0.0,1.0,0.0,2.0,58.0,0.0,0.0,0.0,1.0,15.0,3.0,4.0,19.0,8.0,12361353792.0,18311868.0,海口市龙华区,海口市龙华区大同街道,20.0,30.0,18.0,20.0,88.0,69.26363636363637,66.12558139534885,40.486363636363635
海南省,海口市,龙华区,海垦街道,110.3014147,20.00219,34.0,9.0,138.0,89.0,210.0,86.0,0.0,62.0,81.0,7.0,4.0,2.0,1.0,1.0,14.0,18.0,0.0,0.0,1.0,11.0,155.0,16.0,18.0,1.0,1.0,5.0,202.0,0.0,7.0,2.0,7.0,88.0,16.0,13.0,20.0,14.0,4.0,0.0,14.0,11.0,21.0,0.0,0.0,1.0,0.0,0.0,0.0,0.0,0.0,0.0,1.0,3.0,0.0,0.0,0.0,0.0,16.0,0.0,2.0,0.0,1.0,1.0,7.0,0.0,0.0,0.0,0.0,9.0,0.0,2.0,5.0,4.0,12361353791.0,18311865.0,海口市龙华区,海口市龙华区海垦街道,20.0,30.0,10.0,20.0,80.0,69.26363636363637,66.12558139534885,40.486363636363635
海南省,海口市,龙华区,金宇街道,110.3163332,20.0020539,45.0,11.0,151.0,107.0,230.0,108.0,0.0,75.0,93.0,5.0,3.0,1.0,2.0,2.0,13.0,18.0,0.0,0.0,2.0,17.0,139.0,12.0,10.0,2.0,2.0,4.0,714.0,0.0,6.0,1.0,6.0,92.0,18.0,13.0,21.0,15.0,3.0,0.0,25.0,11.0,8.0,1.0,0.0,8.0,2.0,0.0,0.0,0.0,0.0,0.0,2.0,2.0,0.0,0.0,0.0,0.0,21.0,2.0,0.0,0.0,0.0,1.0,11.0,0.0,0.0,0.0,0.0,1.0,0.0,2.0,7.0,4.0,12361353790.0,18311864.0,海口市龙华区,海口市龙华区金宇街道,19.0,30.0,10.0,20.0,79.0,69.26363636363637,66.12558139534885,40.486363636363635
海南省,海口市,龙华区,城西镇,110.3319583,19.9993524,41.0,23.0,129.0,110.0,197.0,101.0,0.0,130.0,85.0,4.0,2.0,1.0,2.0,2.0,13.0,16.0,0.0,0.0,4.0,27.0,82.0,10.0,4.0,1.0,2.0,5.0,834.0,0.0,6.0,4.0,4.0,73.0,9.0,13.0,21.0,16.0,15.0,0.0,14.0,22.0,13.0,17.0,0.0,5.0,10.0,0.0,1.0,0.0,2.0,2.0,4.0,5.0,0.0,0.0,0.0,2.0,22.0,1.0,0.0,0.0,0.0,1.0,199.0,0.0,0.0,0.0,2.0,7.0,2.0,4.0,10.0,5.0,12361353649.0,18311863.0,海口市龙华区,海口市龙华区城西镇,20.0,30.0,17.0,20.0,87.0,69.26363636363637,66.12558139534885,40.486363636363635
海南省,海口市,龙华区,龙桥镇,110.3611025,19.9219374,14.0,2.0,8.0,9.0,78.0,11.0,0.0,0.0,0.0,2.0,2.0,0.0,0.0,0.0,1.0,2.0,0.0,0.0,0.0,0.0,40.0,3.0,4.0,0.0,5.0,4.0,7.0,0.0,0.0,2.0,0.0,4.0,20.0,5.0,14.0,11.0,0.0,0.0,6.0,2.0,14.0,2.0,0.0,0.0,0.0,0.0,2.0,0.0,0.0,0.0,0.0,0.0,0.0,0.0,0.0,0.0,8.0,0.0,1.0,0.0,2.0,2.0,5.0,0.0,0.0,0.0,0.0,1.0,0.0,2.0,9.0,5.0,2260922286.0,18311862.0,海口市龙华区,海口市龙华区龙桥镇,19.0,28.0,0.0,5.4,52.4,69.26363636363637,66.12558139534885,40.486363636363635
海南省,海口市,龙华区,新坡镇,110.362907,19.7774561,0.0,0.0,4.0,6.0,17.0,0.0,0.0,0.0,0.0,0.0,1.0,0.0,0.0,0.0,0.0,0.0,0.0,0.0,0.0,0.0,12.0,0.0,1.0,0.0,0.0,2.0,1.0,0.0,0.0,0.0,0.0,2.0,0.0,5.0,8.0,7.0,0.0,0.0,1.0,1.0,1.0,0.0,0.0,0.0,0.0,0.0,1.0,0.0,0.0,0.0,0.0,0.0,0.0,0.0,0.0,0.0,2.0,0.0,0.0,0.0,0.0,1.0,1.0,0.0,0.0,0.0,0.0,1.0,0.0,2.0,7.0,4.0,12361352620.0,18311859.0,海口市龙华区,海口市龙华区新坡镇,17.0,19.7,0.0,3.7,40.400000000000006,69.26363636363637,66.12558139534885,40.486363636363635
海南省,海口市,龙华区,遵谭镇,110.3012752,19.8140095,0.0,0.0,2.0,4.0,6.0,0.0,0.0,0.0,0.0,0.0,0.0,0.0,0.0,0.0,1.0,1.0,0.0,0.0,0.0,0.0,35.0,0.0,0.0,0.0,0.0,1.0,0.0,0.0,0.0,1.0,0.0,0.0,0.0,1.0,3.0,2.0,0.0,0.0,2.0,1.0,0.0,0.0,0.0,0.0,0.0,0.0,0.0,0.0,0.0,0.0,1.0,1.0,0.0,0.0,0.0,0.0,5.0,0.0,0.0,0.0,0.0,1.0,0.0,0.0,0.0,0.0,0.0,0.0,0.0,1.0,2.0,2.0,12361353781.0,18311860.0,海口市龙华区,海口市龙华区遵谭镇,16.0,11.7,5.0,1.1,33.800000000000004,69.26363636363637,66.12558139534885,40.486363636363635
海南省,海口市,龙华区,龙泉镇,110.3597474,19.8554992,0.0,0.0,2.0,5.0,44.0,1.0,0.0,0.0,0.0,0.0,0.0,0.0,0.0,0.0,0.0,0.0,0.0,0.0,0.0,0.0,28.0,0.0,0.0,0.0,2.0,2.0,1.0,0.0,0.0,1.0,0.0,0.0,0.0,4.0,10.0,4.0,0.0,0.0,1.0,5.0,10.0,1.0,0.0,0.0,0.0,0.0,0.0,0.0,0.0,0.0,0.0,0.0,0.0,0.0,0.0,0.0,8.0,0.0,0.0,0.0,1.0,1.0,1.0,0.0,0.0,0.0,0.0,0.0,0.0,2.0,9.0,2.0,12361353782.0,18311861.0,海口市龙华区,海口市龙华区龙泉镇,17.0,24.0,0.0,2.3,43.3,69.26363636363637,66.12558139534885,40.486363636363635
海南省,海口市,琼山区,国兴街道,110.359675,20.0135504,27.0,40.0,90.0,91.0,198.0,43.0,1.0,130.0,96.0,2.0,1.0,8.0,0.0,0.0,15.0,21.0,3.0,0.0,3.0,35.0,85.0,8.0,1.0,7.0,4.0,18.0,405.0,0.0,40.0,4.0,5.0,81.0,18.0,18.0,25.0,15.0,10.0,15.0,12.0,20.0,34.0,3.0,1.0,13.0,23.0,0.0,0.0,0.0,0.0,0.0,2.0,4.0,0.0,0.0,0.0,2.0,2.0,2.0,1.0,1.0,2.0,1.0,32.0,0.0,0.0,0.0,0.0,26.0,4.0,5.0,14.0,11.0,12361353786.0,18311880.0,海口市琼山区,海口市琼山区国兴街道,20.0,30.0,12.0,20.0,82.0,53.86363636363637,66.12558139534885,40.486363636363635
海南省,海口市,琼山区,府城街道,110.3492063,20.0050129,39.0,42.0,112.0,100.0,191.0,69.0,1.0,115.0,104.0,1.0,1.0,1.0,2.0,2.0,18.0,25.0,1.0,0.0,5.0,29.0,75.0,8.0,1.0,4.0,4.0,8.0,610.0,0.0,10.0,3.0,6.0,74.0,14.0,16.0,25.0,17.0,8.0,4.0,12.0,17.0,12.0,5.0,0.0,15.0,12.0,0.0,0.0,0.0,0.0,0.0,3.0,4.0,0.0,0.0,0.0,1.0,1.0,1.0,0.0,0.0,0.0,1.0,72.0,0.0,0.0,0.0,0.0,3.0,6.0,3.0,12.0,9.0,12361353785.0,18311879.0,海口市琼山区,海口市琼山区府城街道,20.0,30.0,11.0,20.0,81.0,53.86363636363637,66.12558139534885,40.486363636363635
海南省,海口市,琼山区,滨江街道,110.3796467,19.9905503,24.0,12.0,57.0,39.0,95.0,38.0,2.0,24.0,14.0,1.0,1.0,1.0,1.0,1.0,13.0,15.0,1.0,0.0,0.0,5.0,39.0,0.0,2.0,0.0,3.0,2.0,58.0,0.0,12.0,1.0,3.0,54.0,7.0,6.0,19.0,11.0,8.0,3.0,11.0,6.0,5.0,0.0,0.0,0.0,0.0,0.0,0.0,1.0,0.0,0.0,1.0,1.0,1.0,0.0,0.0,0.0,7.0,0.0,0.0,0.0,0.0,2.0,1.0,0.0,0.0,0.0,2.0,4.0,0.0,5.0,10.0,4.0,12361353784.0,18311878.0,海口市琼山区,海口市琼山区滨江街道,17.0,30.0,15.0,10.0,72.0,53.86363636363637,66.12558139534885,40.486363636363635
海南省,海口市,琼山区,凤翔街道,110.3470525,19.9896278,40.0,21.0,72.0,85.0,137.0,67.0,0.0,37.0,50.0,2.0,1.0,1.0,3.0,3.0,16.0,21.0,1.0,0.0,3.0,14.0,66.0,4.0,0.0,1.0,1.0,5.0,1220.0,0.0,4.0,4.0,5.0,54.0,10.0,13.0,17.0,14.0,1.0,8.0,13.0,10.0,24.0,22.0,0.0,4.0,9.0,0.0,0.0,0.0,0.0,0.0,2.0,3.0,0.0,0.0,3.0,2.0,1.0,0.0,0.0,0.0,0.0,2.0,194.0,0.0,0.0,0.0,1.0,5.0,0.0,5.0,11.0,7.0,12361353783.0,18311877.0,海口市琼山区,海口市琼山区凤翔街道,20.0,30.0,14.0,20.0,84.0,53.86363636363637,66.12558139534885,40.486363636363635
海南省,海口市,琼山区,龙塘镇,110.4114416,19.8853002,0.0,10.0,2.0,4.0,40.0,0.0,0.0,0.0,0.0,0.0,0.0,0.0,0.0,0.0,0.0,0.0,0.0,0.0,0.0,0.0,30.0,0.0,1.0,0.0,2.0,1.0,0.0,0.0,0.0,3.0,0.0,1.0,0.0,2.0,6.0,6.0,0.0,1.0,1.0,2.0,9.0,0.0,0.0,0.0,0.0,0.0,0.0,0.0,0.0,0.0,0.0,0.0,0.0,0.0,0.0,0.0,4.0,0.0,0.0,0.0,1.0,1.0,0.0,0.0,0.0,2.0,0.0,0.0,0.0,2.0,4.0,4.0,12361333812.0,18311876.0,海口市琼山区,海口市琼山区龙塘镇,16.0,22.7,0.0,3.5,42.2,53.86363636363637,66.12558139534885,40.486363636363635
海南省,海口市,琼山区,云龙镇,110.4679127,19.8753755,4.0,12.0,2.0,9.0,26.0,8.0,0.0,0.0,0.0,0.0,0.0,0.0,0.0,0.0,0.0,1.0,0.0,0.0,0.0,0.0,27.0,0.0,6.0,0.0,0.0,1.0,4.0,0.0,0.0,0.0,0.0,7.0,0.0,2.0,7.0,6.0,4.0,5.0,2.0,0.0,19.0,0.0,0.0,0.0,0.0,0.0,0.0,0.0,0.0,0.0,0.0,0.0,0.0,0.0,0.0,0.0,8.0,0.0,0.0,0.0,0.0,1.0,0.0,0.0,0.0,0.0,0.0,2.0,0.0,2.0,4.0,3.0,5175889125.0,18311875.0,海口市琼山区,海口市琼山区云龙镇,16.0,23.5,0.0,3.4,42.9,53.86363636363637,66.12558139534885,40.486363636363635
海南省,海口市,琼山区,红旗镇,110.5077365,19.8204013,1.0,0.0,1.0,1.0,8.0,0.0,0.0,0.0,0.0,0.0,0.0,0.0,0.0,0.0,0.0,0.0,0.0,0.0,0.0,0.0,18.0,0.0,0.0,0.0,0.0,1.0,1.0,0.0,0.0,0.0,0.0,2.0,0.0,2.0,5.0,6.0,1.0,0.0,1.0,1.0,4.0,0.0,0.0,0.0,0.0,0.0,0.0,0.0,0.0,0.0,0.0,0.0,0.0,0.0,0.0,0.0,2.0,0.0,0.0,0.0,0.0,1.0,1.0,0.0,0.0,0.0,0.0,2.0,0.0,2.0,5.0,4.0,5382215348.0,18311874.0,海口市琼山区,海口市琼山区红旗镇,16.0,11.3,0.0,3.2,30.5,53.86363636363637,66.12558139534885,40.486363636363635
海南省,海口市,琼山区,三门坡镇,110.558052,19.716546,1.0,0.0,1.0,5.0,41.0,0.0,0.0,0.0,0.0,0.0,0.0,0.0,0.0,0.0,0.0,0.0,0.0,0.0,0.0,0.0,5.0,0.0,0.0,0.0,0.0,1.0,0.0,0.0,0.0,1.0,0.0,5.0,0.0,2.0,5.0,7.0,1.0,0.0,1.0,1.0,23.0,0.0,0.0,0.0,0.0,0.0,0.0,0.0,0.0,0.0,0.0,0.0,0.0,0.0,0.0,0.0,1.0,0.0,0.0,0.0,0.0,1.0,0.0,0.0,0.0,1.0,0.0,2.0,0.0,2.0,5.0,4.0,3921507738.0,18311872.0,海口市琼山区,海口市琼山区三门坡镇,16.0,22.5,0.0,3.7,42.2,53.86363636363637,66.12558139534885,40.486363636363635
海南省,海口市,琼山区,大坡镇,110.5642667,19.6290002,13.0,0.0,1.0,0.0,30.0,0.0,0.0,0.0,0.0,0.0,0.0,0.0,0.0,0.0,0.0,0.0,0.0,0.0,0.0,0.0,9.0,0.0,0.0,0.0,0.0,4.0,1.0,0.0,0.0,2.0,0.0,0.0,0.0,2.0,7.0,4.0,2.0,0.0,1.0,0.0,3.0,0.0,0.0,0.0,0.0,0.0,0.0,0.0,0.0,0.0,0.0,0.0,0.0,0.0,0.0,0.0,0.0,0.0,0.0,0.0,0.0,1.0,0.0,0.0,0.0,0.0,0.0,0.0,0.0,2.0,4.0,1.0,3911104626.0,18311870.0,海口市琼山区,海口市琼山区大坡镇,19.0,15.4,0.0,2.3,36.699999999999996,53.86363636363637,66.12558139534885,40.486363636363635
海南省,海口市,琼山区,甲子镇,110.4942701,19.6087804,0.0,0.0,3.0,3.0,59.0,5.0,0.0,0.0,0.0,0.0,0.0,0.0,0.0,0.0,0.0,0.0,0.0,0.0,0.0,0.0,23.0,0.0,1.0,0.0,0.0,1.0,3.0,0.0,0.0,1.0,0.0,0.0,0.0,4.0,10.0,7.0,0.0,0.0,1.0,1.0,22.0,0.0,0.0,0.0,0.0,0.0,0.0,0.0,0.0,0.0,0.0,0.0,0.0,0.0,0.0,0.0,5.0,0.0,0.0,0.0,0.0,1.0,2.0,0.0,0.0,0.0,0.0,0.0,0.0,1.0,5.0,3.0,2272766640.0,18311871.0,海口市琼山区,海口市琼山区甲子镇,16.0,24.0,0.0,4.1,44.1,53.86363636363637,66.12558139534885,40.486363636363635
海南省,海口市,琼山区,旧州镇,110.4072547,19.7632,0.0,3.0,0.0,4.0,16.0,0.0,0.0,0.0,0.0,0.0,0.0,0.0,0.0,0.0,0.0,0.0,0.0,0.0,0.0,0.0,20.0,0.0,0.0,0.0,0.0,1.0,1.0,0.0,0.0,0.0,0.0,5.0,0.0,4.0,4.0,8.0,0.0,1.0,0.0,2.0,2.0,0.0,0.0,0.0,0.0,0.0,0.0,0.0,0.0,0.0,0.0,0.0,0.0,0.0,0.0,0.0,4.0,0.0,0.0,0.0,0.0,1.0,0.0,0.0,0.0,0.0,0.0,4.0,0.0,1.0,3.0,7.0,12361352226.0,18311873.0,海口市琼山区,海口市琼山区旧州镇,16.0,14.8,0.0,4.1,34.9,53.86363636363637,66.12558139534885,40.486363636363635
海南省,海口市,美兰区,海府街道,110.3477043,20.0301163,32.0,77.0,127.0,116.0,350.0,35.0,5.0,197.0,127.0,5.0,1.0,12.0,2.0,3.0,15.0,20.0,3.0,1.0,6.0,63.0,133.0,10.0,1.0,12.0,6.0,24.0,312.0,0.0,62.0,3.0,5.0,119.0,31.0,23.0,26.0,15.0,0.0,5.0,23.0,4.0,46.0,1.0,0.0,16.0,24.0,1.0,0.0,2.0,0.0,0.0,0.0,0.0,0.0,0.0,0.0,12.0,6.0,3.0,0.0,1.0,0.0,3.0,6.0,0.0,0.0,0.0,0.0,3.0,4.0,6.0,14.0,7.0,12361352897.0,18311893.0,海口市美兰区,海口市美兰区海府街道,20.0,30.0,11.0,20.0,81.0,75.0,66.12558139534885,40.486363636363635
海南省,海口市,美兰区,蓝天街道,110.3543508,20.0268075,17.0,71.0,113.0,107.0,247.0,28.0,5.0,191.0,122.0,3.0,1.0,8.0,1.0,2.0,14.0,18.0,2.0,0.0,4.0,51.0,104.0,8.0,1.0,12.0,5.0,22.0,290.0,0.0,66.0,3.0,4.0,112.0,30.0,24.0,25.0,16.0,0.0,13.0,28.0,12.0,56.0,2.0,1.0,10.0,28.0,1.0,0.0,3.0,0.0,0.0,4.0,5.0,0.0,0.0,0.0,3.0,17.0,4.0,1.0,0.0,2.0,4.0,14.0,0.0,2.0,0.0,0.0,8.0,2.0,5.0,13.0,10.0,12361352896.0,18311892.0,海口市美兰区,海口市美兰区蓝天街道,20.0,30.0,13.0,20.0,83.0,75.0,66.12558139534885,40.486363636363635
海南省,海口市,美兰区,博爱街道,110.3447217,20.044482,48.0,94.0,117.0,90.0,917.0,30.0,8.0,243.0,105.0,18.0,3.0,14.0,4.0,5.0,16.0,27.0,4.0,2.0,9.0,73.0,147.0,10.0,1.0,16.0,5.0,26.0,358.0,0.0,54.0,1.0,10.0,132.0,32.0,22.0,24.0,13.0,0.0,16.0,14.0,20.0,45.0,2.0,3.0,23.0,14.0,2.0,0.0,0.0,0.0,0.0,2.0,2.0,0.0,0.0,1.0,11.0,12.0,0.0,0.0,4.0,1.0,2.0,35.0,0.0,1.0,0.0,1.0,31.0,9.0,7.0,12.0,9.0,12361352895.0,18311888.0,海口市美兰区,海口市美兰区博爱街道,20.0,30.0,18.0,20.0,88.0,75.0,66.12558139534885,40.486363636363635
海南省,海口市,美兰区,海甸街道,110.3524572,20.0616153,10.0,75.0,59.0,87.0,1038.0,30.0,5.0,582.0,81.0,17.0,3.0,2.0,4.0,4.0,15.0,26.0,4.0,1.0,6.0,46.0,132.0,6.0,0.0,11.0,14.0,22.0,537.0,0.0,14.0,64.0,8.0,73.0,25.0,16.0,22.0,11.0,4.0,19.0,16.0,3.0,184.0,1.0,1.0,12.0,16.0,0.0,0.0,0.0,0.0,0.0,2.0,5.0,0.0,0.0,0.0,7.0,29.0,1.0,0.0,0.0,1.0,2.0,5.0,0.0,0.0,0.0,1.0,5.0,5.0,3.0,16.0,9.0,12361352894.0,18311886.0,海口市美兰区,海口市美兰区海甸街道,20.0,30.0,16.0,20.0,86.0,75.0,66.12558139534885,40.486363636363635
海南省,海口市,美兰区,人民街道,110.334651,20.0556435,58.0,74.0,81.0,134.0,1038.0,32.0,10.0,441.0,99.0,33.0,3.0,7.0,4.0,5.0,14.0,28.0,3.0,2.0,8.0,73.0,157.0,6.0,0.0,16.0,9.0,12.0,344.0,0.0,16.0,75.0,13.0,141.0,37.0,20.0,23.0,13.0,0.0,11.0,16.0,7.0,273.0,11.0,3.0,56.0,8.0,9.0,1.0,2.0,2.0,2.0,3.0,8.0,1.0,0.0,5.0,17.0,32.0,2.0,0.0,4.0,2.0,1.0,68.0,0.0,0.0,1.0,1.0,25.0,4.0,7.0,13.0,10.0,-1.0,-1.0,海口市美兰区,海口市美兰区人民街道,5.0,30.0,28.0,20.0,83.0,75.0,66.12558139534885,40.486363636363635
海南省,海口市,美兰区,白龙街道,110.3619522,20.0309655,12.0,71.0,79.0,81.0,258.0,22.0,4.0,164.0,99.0,3.0,1.0,8.0,1.0,2.0,10.0,15.0,2.0,0.0,4.0,45.0,89.0,8.0,1.0,12.0,3.0,22.0,230.0,0.0,66.0,7.0,3.0,86.0,25.0,22.0,23.0,15.0,0.0,13.0,13.0,11.0,53.0,3.0,0.0,7.0,10.0,1.0,0.0,4.0,0.0,0.0,4.0,4.0,2.0,0.0,1.0,5.0,50.0,1.0,0.0,4.0,0.0,11.0,33.0,0.0,0.0,0.0,0.0,22.0,5.0,3.0,11.0,9.0,12361352871.0,18311891.0,海口市美兰区,海口市美兰区白龙街道,20.0,30.0,22.0,20.0,92.0,75.0,66.12558139534885,40.486363636363635
海南省,海口市,美兰区,和平南街道,110.3528863,20.037603,5.0,88.0,114.0,94.0,538.0,24.0,6.0,179.0,112.0,7.0,2.0,10.0,4.0,5.0,14.0,23.0,4.0,1.0,10.0,64.0,125.0,11.0,1.0,12.0,6.0,27.0,261.0,0.0,62.0,8.0,5.0,110.0,29.0,24.0,25.0,14.0,0.0,8.0,10.0,11.0,52.0,2.0,0.0,24.0,14.0,1.0,1.0,2.0,0.0,0.0,1.0,1.0,0.0,0.0,0.0,4.0,12.0,1.0,0.0,0.0,0.0,5.0,18.0,0.0,1.0,0.0,1.0,6.0,3.0,2.0,13.0,8.0,12361352892.0,18311889.0,海口市美兰区,海口市美兰区和平南街道,20.0,30.0,14.0,20.0,84.0,75.0,66.12558139534885,40.486363636363635
海南省,海口市,美兰区,白沙街道,110.353927,20.0472335,6.0,86.0,108.0,68.0,857.0,21.0,6.0,161.0,109.0,12.0,2.0,8.0,5.0,6.0,16.0,26.0,5.0,1.0,8.0,62.0,147.0,9.0,0.0,14.0,5.0,27.0,240.0,0.0,60.0,28.0,4.0,91.0,34.0,18.0,23.0,12.0,0.0,23.0,17.0,9.0,26.0,0.0,3.0,13.0,6.0,0.0,1.0,0.0,0.0,0.0,2.0,2.0,0.0,0.0,0.0,1.0,26.0,0.0,0.0,3.0,0.0,1.0,11.0,0.0,1.0,0.0,1.0,12.0,2.0,4.0,11.0,8.0,12361352872.0,18311890.0,海口市美兰区,海口市美兰区白沙街道,20.0,30.0,11.0,20.0,81.0,75.0,66.12558139534885,40.486363636363635
海南省,海口市,美兰区,新埠街道,110.360322,20.0552473,12.0,79.0,61.0,67.0,846.0,19.0,4.0,302.0,82.0,8.0,1.0,4.0,4.0,4.0,13.0,21.0,4.0,0.0,7.0,35.0,128.0,5.0,1.0,7.0,5.0,28.0,206.0,0.0,60.0,63.0,3.0,71.0,24.0,16.0,21.0,12.0,0.0,35.0,8.0,4.0,143.0,0.0,1.0,3.0,10.0,0.0,0.0,0.0,1.0,1.0,2.0,4.0,1.0,0.0,0.0,0.0,16.0,1.0,0.0,1.0,0.0,4.0,4.0,0.0,0.0,0.0,0.0,7.0,0.0,3.0,11.0,8.0,2256378465.0,18311887.0,海口市美兰区,海口市美兰区新埠街道,20.0,30.0,20.0,20.0,90.0,75.0,66.12558139534885,40.486363636363635
海南省,海口市,美兰区,灵山镇,110.4296775,19.9664583,27.0,13.0,18.0,24.0,149.0,44.0,0.0,23.0,2.0,1.0,1.0,2.0,0.0,0.0,5.0,6.0,0.0,0.0,0.0,8.0,31.0,1.0,9.0,0.0,1.0,2.0,176.0,0.0,0.0,13.0,3.0,21.0,6.0,8.0,19.0,12.0,4.0,3.0,1.0,0.0,68.0,3.0,0.0,4.0,0.0,0.0,0.0,0.0,0.0,0.0,1.0,2.0,0.0,0.0,0.0,4.0,14.0,0.0,0.0,0.0,0.0,2.0,17.0,0.0,0.0,0.0,0.0,0.0,1.0,2.0,12.0,4.0,6509706488.0,18311884.0,海口市美兰区,海口市美兰区灵山镇,17.0,30.0,14.0,20.0,81.0,75.0,66.12558139534885,40.486363636363635
海南省,海口市,美兰区,演丰镇,110.5563411,19.9522732,0.0,0.0,4.0,3.0,40.0,5.0,0.0,1.0,0.0,1.0,0.0,0.0,0.0,0.0,2.0,2.0,0.0,0.0,0.0,0.0,20.0,0.0,0.0,0.0,1.0,1.0,0.0,0.0,0.0,1.0,0.0,1.0,1.0,4.0,9.0,11.0,0.0,0.0,4.0,3.0,8.0,5.0,0.0,0.0,0.0,1.0,0.0,0.0,0.0,0.0,2.0,2.0,0.0,0.0,0.0,0.0,7.0,0.0,0.0,0.0,0.0,1.0,0.0,0.0,0.0,0.0,0.0,0.0,0.0,1.0,5.0,4.0,3920899062.0,18311883.0,海口市美兰区,海口市美兰区演丰镇,16.0,24.4,5.0,4.1,49.5,75.0,66.12558139534885,40.486363636363635
海南省,海口市,美兰区,三江镇,110.601024,19.880616,0.0,6.0,0.0,11.0,23.0,0.0,0.0,0.0,0.0,0.0,0.0,0.0,0.0,0.0,0.0,0.0,0.0,0.0,0.0,0.0,2.0,0.0,0.0,0.0,0.0,1.0,9.0,0.0,0.0,0.0,0.0,2.0,0.0,4.0,8.0,7.0,0.0,4.0,0.0,1.0,15.0,0.0,0.0,0.0,0.0,0.0,0.0,0.0,0.0,0.0,0.0,0.0,0.0,0.0,0.0,0.0,1.0,0.0,0.0,0.0,0.0,1.0,0.0,0.0,0.0,0.0,0.0,2.0,0.0,1.0,4.0,3.0,3920682982.0,18311882.0,海口市美兰区,海口市美兰区三江镇,16.0,23.1,0.0,4.4,43.5,75.0,66.12558139534885,40.486363636363635
海南省,海口市,美兰区,大致坡镇,110.6831605,19.802294,0.0,3.0,10.0,0.0,17.0,1.0,0.0,0.0,0.0,0.0,0.0,0.0,0.0,0.0,0.0,0.0,0.0,0.0,0.0,0.0,4.0,0.0,1.0,0.0,0.0,1.0,0.0,0.0,0.0,0.0,0.0,0.0,0.0,5.0,7.0,3.0,0.0,1.0,4.0,0.0,12.0,0.0,0.0,0.0,0.0,0.0,0.0,0.0,0.0,0.0,0.0,0.0,0.0,0.0,0.0,0.0,0.0,0.0,1.0,0.0,0.0,1.0,0.0,0.0,0.0,0.0,0.0,0.0,0.0,5.0,6.0,2.0,2274706580.0,18311881.0,海口市美兰区,海口市美兰区大致坡镇,16.0,15.5,0.0,1.5,33.0,75.0,66.12558139534885,40.486363636363635
海南省,三亚市,海棠区,海棠区,109.7483584,18.4020254,15.0,0.0,30.0,34.0,123.0,36.0,0.0,7.0,2.0,2.0,0.0,3.0,0.0,0.0,1.0,1.0,0.0,0.0,0.0,7.0,22.0,2.0,1.0,1.0,5.0,3.0,496.0,0.0,475.0,10.0,1.0,16.0,7.0,6.0,18.0,22.0,5.0,0.0,4.0,9.0,28.0,4.0,0.0,1.0,2.0,0.0,0.0,2.0,0.0,0.0,0.0,0.0,0.0,0.0,0.0,3.0,8.0,0.0,0.0,0.0,0.0,1.0,185.0,0.0,182.0,5.0,1.0,6.0,1.0,4.0,9.0,6.0,3672884829.0,5401262.0,三亚市海棠区,三亚市海棠区海棠区,18.0,28.0,8.0,20.0,74.0,74.0,75.975,40.486363636363635
海南省,三亚市,吉阳区,吉阳区,109.5742278,18.2829459,19.0,2.0,17.0,18.0,63.0,92.0,0.0,20.0,33.0,0.0,3.0,1.0,0.0,0.0,2.0,2.0,1.0,0.0,1.0,14.0,31.0,11.0,3.0,0.0,2.0,2.0,1750.0,0.0,962.0,5.0,8.0,29.0,3.0,6.0,14.0,16.0,10.0,1.0,0.0,6.0,13.0,21.0,0.0,1.0,8.0,0.0,2.0,1.0,0.0,0.0,2.0,2.0,1.0,0.0,1.0,8.0,10.0,2.0,2.0,0.0,1.0,2.0,439.0,0.0,303.0,2.0,1.0,14.0,1.0,3.0,12.0,9.0,3672902956.0,5401287.0,三亚市吉阳区,三亚市吉阳区吉阳区,17.0,28.0,23.0,20.0,88.0,88.0,75.975,40.486363636363635
海南省,三亚市,天涯区,天涯区,109.4481593,18.3011325,10.0,25.0,22.0,15.0,232.0,162.0,3.0,30.0,50.0,3.0,5.0,2.0,1.0,4.0,3.0,3.0,1.0,1.0,2.0,69.0,13.0,10.0,0.0,0.0,0.0,3.0,2527.0,0.0,631.0,2.0,28.0,56.0,27.0,7.0,20.0,12.0,8.0,6.0,5.0,5.0,52.0,29.0,0.0,5.0,3.0,0.0,2.0,2.0,0.0,0.0,2.0,2.0,0.0,1.0,0.0,18.0,2.0,0.0,0.0,0.0,0.0,3.0,984.0,0.0,129.0,0.0,1.0,7.0,2.0,3.0,11.0,7.0,3672908631.0,5401297.0,三亚市天涯区,三亚市天涯区天涯区,18.0,30.0,18.0,20.0,86.0,86.0,75.975,40.486363636363635
海南省,三亚市,崖州区,崖州区,109.167372,18.359129,12.0,5.0,8.0,57.0,90.0,19.0,0.0,1.0,8.0,2.0,0.0,3.0,0.0,0.0,3.0,3.0,0.0,0.0,0.0,5.0,37.0,3.0,5.0,0.0,23.0,2.0,6.0,0.0,0.0,13.0,0.0,21.0,5.0,5.0,12.0,14.0,6.0,1.0,0.0,6.0,18.0,2.0,0.0,1.0,0.0,0.0,0.0,2.0,0.0,0.0,0.0,0.0,0.0,0.0,0.0,0.0,17.0,1.0,1.0,0.0,5.0,1.0,0.0,0.0,0.0,0.0,0.0,4.0,1.0,2.0,7.0,8.0,3672909292.0,5401301.0,三亚市崖州区,三亚市崖州区崖州区,17.0,28.0,5.0,5.9,55.9,55.9,75.975,40.486363636363635
海南省,儋州市,儋州市,那大镇,109.5424275,19.5167948,15.0,12.0,19.0,15.0,45.0,0.0,0.0,0.0,5.0,0.0,0.0,1.0,0.0,0.0,1.0,1.0,0.0,0.0,0.0,0.0,4.0,0.0,3.0,0.0,0.0,24.0,2.0,0.0,0.0,1.0,0.0,5.0,0.0,7.0,12.0,7.0,1.0,6.0,4.0,3.0,4.0,0.0,0.0,0.0,0.0,0.0,0.0,1.0,0.0,0.0,0.0,0.0,0.0,0.0,0.0,0.0,2.0,0.0,1.0,0.0,0.0,4.0,0.0,0.0,0.0,0.0,0.0,0.0,0.0,2.0,8.0,3.0,3914485932.0,18320785.0,儋州市儋州市,儋州市儋州市那大镇,20.0,26.0,5.0,3.8,54.8,44.3375,44.3375,40.486363636363635
海南省,儋州市,儋州市,和庆镇,109.6367984,19.5271355,3.0,2.0,0.0,0.0,1.0,0.0,0.0,0.0,0.0,0.0,0.0,0.0,0.0,0.0,0.0,0.0,0.0,0.0,0.0,0.0,1.0,0.0,1.0,0.0,0.0,23.0,11.0,0.0,0.0,0.0,0.0,3.0,0.0,4.0,4.0,4.0,1.0,0.0,0.0,0.0,0.0,0.0,0.0,0.0,0.0,0.0,0.0,0.0,0.0,0.0,0.0,0.0,0.0,0.0,0.0,0.0,0.0,0.0,0.0,0.0,0.0,4.0,1.0,0.0,0.0,0.0,0.0,0.0,0.0,2.0,1.0,1.0,9461886770.0,18320784.0,儋州市儋州市,儋州市儋州市和庆镇,20.0,7.2,0.0,3.2,30.4,44.3375,44.3375,40.486363636363635
海南省,儋州市,儋州市,南丰镇,109.5477358,19.4198354,0.0,0.0,1.0,3.0,3.0,0.0,0.0,0.0,0.0,0.0,0.0,0.0,0.0,0.0,0.0,0.0,0.0,0.0,0.0,0.0,1.0,0.0,0.0,0.0,0.0,26.0,0.0,0.0,0.0,0.0,0.0,0.0,0.0,2.0,4.0,4.0,0.0,0.0,1.0,1.0,0.0,0.0,0.0,0.0,0.0,0.0,0.0,0.0,0.0,0.0,0.0,0.0,0.0,0.0,0.0,0.0,0.0,0.0,0.0,0.0,0.0,4.0,0.0,0.0,0.0,0.0,0.0,0.0,0.0,2.0,2.0,2.0,3914164446.0,18320782.0,儋州市儋州市,儋州市儋州市南丰镇,20.0,10.6,0.0,2.0,32.6,44.3375,44.3375,40.486363636363635
海南省,儋州市,儋州市,大成镇,109.3952862,19.509798,0.0,2.0,0.0,1.0,8.0,0.0,0.0,0.0,0.0,0.0,0.0,0.0,0.0,0.0,0.0,0.0,0.0,0.0,0.0,0.0,1.0,0.0,0.0,0.0,0.0,61.0,0.0,0.0,0.0,0.0,0.0,1.0,0.0,1.0,3.0,3.0,0.0,2.0,0.0,1.0,2.0,0.0,0.0,0.0,0.0,0.0,0.0,0.0,0.0,0.0,0.0,0.0,0.0,0.0,0.0,0.0,1.0,0.0,0.0,0.0,0.0,6.0,0.0,0.0,0.0,0.0,0.0,1.0,0.0,1.0,3.0,2.0,3926544272.0,18320781.0,儋州市儋州市,儋州市儋州市大成镇,20.0,9.7,0.0,1.5,31.2,44.3375,44.3375,40.486363636363635
海南省,儋州市,儋州市,雅星镇,109.2650666,19.4462757,2.0,0.0,0.0,2.0,0.0,0.0,0.0,0.0,0.0,0.0,0.0,0.0,0.0,0.0,0.0,0.0,0.0,0.0,0.0,0.0,19.0,0.0,2.0,0.0,0.0,21.0,0.0,0.0,0.0,2.0,0.0,0.0,0.0,2.0,2.0,4.0,2.0,0.0,0.0,2.0,0.0,0.0,0.0,0.0,0.0,0.0,0.0,0.0,0.0,0.0,0.0,0.0,0.0,0.0,0.0,0.0,3.0,0.0,1.0,0.0,0.0,4.0,0.0,0.0,0.0,0.0,0.0,0.0,0.0,2.0,2.0,4.0,3914804457.0,18320780.0,儋州市儋州市,儋州市儋州市雅星镇,20.0,8.0,0.0,2.2,30.2,44.3375,44.3375,40.486363636363635
海南省,儋州市,儋州市,兰洋镇,109.6598637,19.4619177,0.0,1.0,0.0,3.0,10.0,0.0,0.0,0.0,0.0,0.0,0.0,0.0,0.0,0.0,0.0,0.0,0.0,0.0,0.0,0.0,2.0,0.0,0.0,0.0,0.0,25.0,0.0,0.0,0.0,0.0,0.0,1.0,0.0,2.0,5.0,3.0,0.0,1.0,0.0,1.0,1.0,0.0,0.0,0.0,0.0,0.0,0.0,0.0,0.0,0.0,0.0,0.0,0.0,0.0,0.0,0.0,0.0,0.0,0.0,0.0,0.0,4.0,0.0,0.0,0.0,0.0,0.0,0.0,0.0,2.0,4.0,0.0,3917129535.0,18320783.0,儋州市儋州市,儋州市儋州市兰洋镇,20.0,12.8,0.0,1.5,34.3,44.3375,44.3375,40.486363636363635
海南省,儋州市,儋州市,光村镇,109.4771472,19.8200519,0.0,0.0,9.0,5.0,31.0,0.0,0.0,0.0,0.0,0.0,0.0,0.0,0.0,0.0,0.0,0.0,0.0,0.0,0.0,0.0,12.0,0.0,0.0,0.0,0.0,23.0,1.0,0.0,0.0,0.0,0.0,0.0,1.0,3.0,4.0,6.0,0.0,0.0,2.0,1.0,10.0,0.0,0.0,0.0,0.0,0.0,0.0,0.0,0.0,0.0,0.0,0.0,0.0,0.0,0.0,0.0,2.0,0.0,0.0,0.0,0.0,5.0,0.0,0.0,0.0,0.0,0.0,0.0,0.0,3.0,3.0,4.0,3920290910.0,18320774.0,儋州市儋州市,儋州市儋州市光村镇,20.0,21.2,0.0,3.1,44.300000000000004,44.3375,44.3375,40.486363636363635
海南省,儋州市,儋州市,木棠镇,109.345846,19.805749,0.0,2.0,3.0,1.0,21.0,0.0,0.0,1.0,0.0,0.0,0.0,0.0,0.0,0.0,0.0,0.0,0.0,0.0,0.0,0.0,19.0,0.0,0.0,0.0,0.0,52.0,2.0,0.0,0.0,0.0,0.0,3.0,0.0,2.0,8.0,5.0,0.0,0.0,1.0,1.0,2.0,0.0,0.0,0.0,0.0,0.0,0.0,0.0,0.0,0.0,0.0,0.0,0.0,0.0,0.0,0.0,5.0,0.0,0.0,0.0,0.0,8.0,0.0,0.0,0.0,0.0,0.0,1.0,0.0,1.0,4.0,3.0,9461886771.0,18320773.0,儋州市儋州市,儋州市儋州市木棠镇,20.0,14.8,0.0,2.7,37.5,44.3375,44.3375,40.486363636363635
海南省,儋州市,儋州市,海头镇,108.9494656,19.5048999,0.0,0.0,19.0,7.0,16.0,0.0,0.0,0.0,0.0,0.0,0.0,0.0,0.0,0.0,0.0,0.0,0.0,0.0,0.0,0.0,9.0,0.0,0.0,0.0,0.0,9.0,0.0,0.0,0.0,0.0,0.0,0.0,0.0,5.0,4.0,5.0,0.0,0.0,5.0,1.0,10.0,0.0,0.0,0.0,0.0,0.0,0.0,0.0,0.0,0.0,0.0,0.0,0.0,0.0,0.0,0.0,3.0,0.0,0.0,0.0,0.0,3.0,0.0,0.0,0.0,0.0,0.0,0.0,0.0,5.0,4.0,5.0,9461886769.0,18320779.0,儋州市儋州市,儋州市儋州市海头镇,20.0,18.2,0.0,2.5,40.7,44.3375,44.3375,40.486363636363635
海南省,儋州市,儋州市,峨蔓镇,109.2632178,19.8566891,0.0,7.0,1.0,7.0,10.0,0.0,0.0,0.0,0.0,0.0,0.0,0.0,0.0,0.0,0.0,0.0,0.0,0.0,0.0,0.0,19.0,0.0,0.0,0.0,0.0,30.0,0.0,0.0,0.0,0.0,0.0,0.0,1.0,4.0,6.0,7.0,0.0,4.0,1.0,3.0,2.0,0.0,0.0,0.0,0.0,0.0,0.0,0.0,0.0,0.0,0.0,0.0,0.0,0.0,0.0,0.0,4.0,0.0,0.0,0.0,0.0,8.0,0.0,0.0,0.0,0.0,0.0,0.0,0.0,3.0,4.0,4.0,9461886768.0,18320772.0,儋州市儋州市,儋州市儋州市峨蔓镇,20.0,15.6,0.0,3.5,39.1,44.3375,44.3375,40.486363636363635
海南省,儋州市,儋州市,王五镇,109.2916134,19.6554899,0.0,2.0,16.0,3.0,37.0,7.0,0.0,0.0,0.0,0.0,0.0,0.0,0.0,0.0,0.0,0.0,0.0,0.0,0.0,0.0,6.0,0.0,0.0,0.0,0.0,31.0,1.0,0.0,0.0,1.0,0.0,2.0,0.0,4.0,8.0,4.0,0.0,2.0,3.0,0.0,13.0,1.0,0.0,0.0,0.0,0.0,0.0,0.0,0.0,0.0,0.0,0.0,0.0,0.0,0.0,0.0,1.0,0.0,0.0,0.0,0.0,7.0,0.0,0.0,0.0,0.0,0.0,0.0,0.0,1.0,5.0,2.0,2270169195.0,18320776.0,儋州市儋州市,儋州市儋州市王五镇,20.0,23.3,0.0,2.2,45.5,44.3375,44.3375,40.486363636363635
海南省,儋州市,儋州市,白马井镇,109.2148397,19.698303,0.0,12.0,13.0,21.0,74.0,16.0,0.0,8.0,2.0,0.0,1.0,0.0,0.0,0.0,0.0,0.0,0.0,0.0,0.0,3.0,17.0,0.0,0.0,0.0,9.0,25.0,1.0,0.0,0.0,4.0,0.0,3.0,1.0,6.0,14.0,10.0,0.0,5.0,3.0,11.0,13.0,1.0,0.0,2.0,0.0,0.0,0.0,0.0,0.0,0.0,0.0,0.0,0.0,0.0,0.0,1.0,2.0,0.0,0.0,0.0,1.0,2.0,0.0,0.0,0.0,0.0,0.0,2.0,0.0,4.0,7.0,7.0,2264179310.0,18320777.0,儋州市儋州市,儋州市儋州市白马井镇,20.0,28.0,1.0,4.5,53.5,44.3375,44.3375,40.486363636363635
海南省,儋州市,儋州市,中和镇,109.3452361,19.7457692,0.0,0.0,5.0,4.0,225.0,109.0,0.0,10.0,0.0,1.0,0.0,1.0,0.0,0.0,2.0,2.0,0.0,0.0,0.0,0.0,29.0,1.0,0.0,0.0,0.0,37.0,98.0,0.0,0.0,2.0,0.0,9.0,2.0,5.0,5.0,8.0,0.0,0.0,4.0,1.0,68.0,32.0,0.0,10.0,0.0,1.0,0.0,1.0,0.0,0.0,2.0,2.0,0.0,0.0,0.0,0.0,6.0,1.0,0.0,0.0,0.0,4.0,86.0,0.0,0.0,1.0,0.0,9.0,2.0,4.0,5.0,8.0,3920358266.0,18320771.0,儋州市儋州市,儋州市儋州市中和镇,20.0,24.5,10.0,20.0,74.5,44.3375,44.3375,40.486363636363635
海南省,儋州市,儋州市,排浦镇,109.1592447,19.640315,0.0,0.0,37.0,16.0,105.0,53.0,0.0,9.0,12.0,0.0,0.0,0.0,0.0,0.0,0.0,0.0,0.0,0.0,0.0,7.0,15.0,0.0,1.0,1.0,0.0,17.0,161.0,0.0,2.0,1.0,1.0,8.0,9.0,4.0,13.0,11.0,0.0,0.0,14.0,2.0,24.0,3.0,0.0,0.0,0.0,0.0,0.0,0.0,0.0,0.0,0.0,0.0,0.0,0.0,0.0,0.0,4.0,0.0,0.0,0.0,0.0,4.0,6.0,0.0,0.0,1.0,0.0,0.0,0.0,4.0,5.0,5.0,9461886772.0,18320778.0,儋州市儋州市,儋州市儋州市排浦镇,20.0,26.0,0.0,20.0,66.0,44.3375,44.3375,40.486363636363635
海南省,儋州市,儋州市,东成镇,109.457151,19.70564,0.0,2.0,2.0,1.0,1.0,0.0,0.0,0.0,0.0,0.0,1.0,0.0,0.0,0.0,1.0,1.0,0.0,0.0,0.0,0.0,5.0,0.0,1.0,0.0,0.0,25.0,1.0,0.0,0.0,0.0,0.0,0.0,0.0,1.0,5.0,3.0,0.0,2.0,2.0,0.0,0.0,0.0,0.0,0.0,0.0,0.0,0.0,0.0,0.0,0.0,1.0,1.0,0.0,0.0,0.0,0.0,1.0,0.0,0.0,0.0,0.0,4.0,0.0,0.0,0.0,0.0,0.0,0.0,0.0,1.0,2.0,2.0,3920290908.0,18320775.0,儋州市儋州市,儋州市儋州市东成镇,20.0,10.7,5.0,1.6,37.300000000000004,44.3375,44.3375,40.486363636363635
海南省,儋州市,儋州市,新州镇,109.3120471,19.7161532,0.0,3.0,5.0,1.0,158.0,20.0,0.0,0.0,0.0,0.0,0.0,1.0,0.0,0.0,4.0,4.0,0.0,0.0,0.0,0.0,10.0,2.0,0.0,0.0,0.0,30.0,7.0,0.0,0.0,1.0,0.0,0.0,0.0,4.0,6.0,6.0,0.0,0.0,2.0,1.0,41.0,7.0,0.0,0.0,0.0,0.0,0.0,1.0,0.0,0.0,3.0,3.0,0.0,0.0,0.0,0.0,2.0,1.0,0.0,0.0,0.0,5.0,7.0,0.0,0.0,0.0,0.0,0.0,0.0,1.0,4.0,4.0,3920358265.0,18320770.0,儋州市儋州市,儋州市儋州市新州镇,20.0,23.0,10.0,4.5,57.5,44.3375,44.3375,40.486363636363635
海南省,省直辖县级行政区划,五指山市,通什镇,109.5129964,18.778524,8.0,0.0,13.0,14.0,52.0,0.0,0.0,2.0,1.0,0.0,1.0,2.0,0.0,0.0,2.0,6.0,0.0,0.0,0.0,0.0,3.0,0.0,0.0,0.0,0.0,3.0,21.0,0.0,0.0,0.0,0.0,0.0,1.0,5.0,10.0,13.0,7.0,0.0,9.0,6.0,28.0,0.0,0.0,2.0,1.0,0.0,0.0,2.0,0.0,0.0,1.0,5.0,0.0,0.0,0.0,0.0,2.0,0.0,0.0,0.0,0.0,2.0,1.0,0.0,0.0,0.0,0.0,0.0,1.0,5.0,7.0,4.0,1711536924.0,-1.0,省直辖县级行政区划五指山市,省直辖县级行政区划五指山市通什镇,10.0,28.0,10.0,6.2,54.2,33.357142857142854,32.16751592356688,40.486363636363635
海南省,省直辖县级行政区划,五指山市,南圣镇,109.5881243,18.7399142,0.0,0.0,5.0,4.0,34.0,4.0,0.0,0.0,0.0,0.0,0.0,0.0,0.0,0.0,0.0,0.0,0.0,0.0,0.0,0.0,4.0,0.0,0.0,0.0,0.0,2.0,7.0,0.0,0.0,0.0,0.0,3.0,0.0,3.0,10.0,5.0,0.0,0.0,3.0,1.0,20.0,0.0,0.0,0.0,0.0,0.0,0.0,0.0,0.0,0.0,0.0,0.0,0.0,0.0,0.0,0.0,2.0,0.0,0.0,0.0,0.0,1.0,2.0,0.0,0.0,0.0,0.0,1.0,0.0,3.0,4.0,5.0,3916422801.0,-1.0,省直辖县级行政区划五指山市,省直辖县级行政区划五指山市南圣镇,9.0,24.0,0.0,3.4,36.4,33.357142857142854,32.16751592356688,40.486363636363635
海南省,省直辖县级行政区划,五指山市,毛阳镇,109.5281232,18.9406237,9.0,0.0,1.0,13.0,15.0,0.0,0.0,0.0,0.0,0.0,0.0,0.0,0.0,0.0,0.0,0.0,0.0,0.0,0.0,0.0,7.0,0.0,2.0,0.0,0.0,2.0,1.0,0.0,0.0,0.0,0.0,0.0,0.0,6.0,10.0,6.0,3.0,0.0,1.0,5.0,2.0,0.0,0.0,0.0,0.0,0.0,0.0,0.0,0.0,0.0,0.0,0.0,0.0,0.0,0.0,0.0,3.0,0.0,0.0,0.0,0.0,1.0,0.0,0.0,0.0,0.0,0.0,0.0,0.0,2.0,5.0,2.0,3916093649.0,-1.0,省直辖县级行政区划五指山市,省直辖县级行政区划五指山市毛阳镇,9.0,17.6,0.0,3.1,29.700000000000003,33.357142857142854,32.16751592356688,40.486363636363635
海南省,省直辖县级行政区划,五指山市,番阳镇,109.3942702,18.8773362,5.0,0.0,4.0,0.0,42.0,0.0,0.0,0.0,0.0,0.0,0.0,0.0,0.0,0.0,0.0,0.0,0.0,0.0,0.0,0.0,13.0,0.0,1.0,0.0,0.0,1.0,3.0,0.0,0.0,0.0,0.0,2.0,0.0,2.0,7.0,8.0,1.0,0.0,1.0,0.0,17.0,0.0,0.0,0.0,0.0,0.0,0.0,0.0,0.0,0.0,0.0,0.0,0.0,0.0,0.0,0.0,4.0,0.0,0.0,0.0,0.0,1.0,3.0,0.0,0.0,0.0,0.0,2.0,0.0,2.0,3.0,5.0,9264918709.0,-1.0,省直辖县级行政区划五指山市,省直辖县级行政区划五指山市番阳镇,8.0,22.0,0.0,4.6,34.6,33.357142857142854,32.16751592356688,40.486363636363635
海南省,省直辖县级行政区划,五指山市,畅好乡,109.4782358,18.7371218,0.0,0.0,4.0,5.0,3.0,0.0,0.0,0.0,0.0,0.0,0.0,0.0,0.0,0.0,0.0,0.0,0.0,0.0,0.0,0.0,1.0,0.0,0.0,0.0,0.0,1.0,2.0,0.0,0.0,0.0,0.0,0.0,0.0,1.0,3.0,4.0,0.0,0.0,2.0,4.0,1.0,0.0,0.0,0.0,0.0,0.0,0.0,0.0,0.0,0.0,0.0,0.0,0.0,0.0,0.0,0.0,0.0,0.0,0.0,0.0,0.0,1.0,0.0,0.0,0.0,0.0,0.0,0.0,0.0,1.0,3.0,1.0,3917099628.0,-1.0,省直辖县级行政区划五指山市,省直辖县级行政区划五指山市畅好乡,8.0,12.4,0.0,2.2,22.599999999999998,33.357142857142854,32.16751592356688,40.486363636363635
海南省,省直辖县级行政区划,五指山市,毛道乡,109.4058466,18.7933804,0.0,0.0,4.0,1.0,4.0,0.0,0.0,0.0,0.0,0.0,1.0,0.0,0.0,0.0,0.0,0.0,0.0,0.0,0.0,0.0,3.0,0.0,0.0,0.0,0.0,2.0,0.0,0.0,0.0,0.0,0.0,0.0,0.0,1.0,8.0,4.0,0.0,0.0,1.0,0.0,4.0,0.0,0.0,0.0,0.0,0.0,0.0,0.0,0.0,0.0,0.0,0.0,0.0,0.0,0.0,0.0,2.0,0.0,0.0,0.0,0.0,1.0,0.0,0.0,0.0,0.0,0.0,0.0,0.0,1.0,3.0,3.0,9464176717.0,-1.0,省直辖县级行政区划五指山市,省直辖县级行政区划五指山市毛道乡,9.0,14.0,0.0,2.0,25.0,33.357142857142854,32.16751592356688,40.486363636363635
海南省,省直辖县级行政区划,五指山市,水满乡,109.6588899,18.8852224,0.0,0.0,18.0,0.0,18.0,0.0,0.0,7.0,2.0,1.0,0.0,0.0,0.0,0.0,0.0,0.0,0.0,0.0,0.0,0.0,13.0,0.0,0.0,0.0,0.0,7.0,4.0,0.0,0.0,0.0,0.0,0.0,0.0,0.0,6.0,4.0,0.0,0.0,6.0,0.0,2.0,0.0,0.0,0.0,2.0,0.0,0.0,0.0,0.0,0.0,0.0,0.0,0.0,0.0,0.0,0.0,4.0,0.0,0.0,0.0,0.0,2.0,4.0,0.0,0.0,0.0,0.0,0.0,0.0,0.0,3.0,2.0,3916093653.0,-1.0,省直辖县级行政区划五指山市,省直辖县级行政区划五指山市水满乡,12.0,16.2,0.0,2.8,31.0,33.357142857142854,32.16751592356688,40.486363636363635
海南省,省直辖县级行政区划,琼海市,嘉积镇,110.4575005,19.242508,18.0,15.0,19.0,29.0,550.0,45.0,0.0,6.0,43.0,2.0,2.0,2.0,1.0,1.0,4.0,5.0,0.0,0.0,0.0,6.0,39.0,3.0,4.0,0.0,2.0,2.0,22.0,0.0,0.0,1.0,7.0,62.0,4.0,5.0,16.0,11.0,10.0,1.0,8.0,8.0,115.0,3.0,0.0,3.0,1.0,1.0,0.0,0.0,0.0,0.0,1.0,1.0,0.0,0.0,0.0,4.0,3.0,1.0,0.0,0.0,0.0,1.0,11.0,0.0,0.0,0.0,6.0,8.0,3.0,2.0,10.0,7.0,4531889590.0,-1.0,省直辖县级行政区划琼海市,省直辖县级行政区划琼海市嘉积镇,9.0,30.0,14.0,7.4,60.4,33.49166666666667,32.16751592356688,40.486363636363635
海南省,省直辖县级行政区划,琼海市,万泉镇,110.4063214,19.245657,1.0,6.0,6.0,3.0,13.0,0.0,0.0,0.0,0.0,0.0,0.0,0.0,0.0,0.0,0.0,0.0,0.0,0.0,0.0,0.0,5.0,0.0,0.0,0.0,0.0,1.0,0.0,0.0,0.0,0.0,0.0,0.0,0.0,3.0,6.0,3.0,0.0,0.0,3.0,1.0,2.0,0.0,0.0,0.0,0.0,0.0,0.0,0.0,0.0,0.0,0.0,0.0,0.0,0.0,0.0,0.0,2.0,0.0,0.0,0.0,0.0,1.0,0.0,0.0,0.0,0.0,0.0,0.0,0.0,1.0,3.0,3.0,3922270560.0,-1.0,省直辖县级行政区划琼海市,省直辖县级行政区划琼海市万泉镇,8.0,14.2,0.0,1.5,23.7,33.49166666666667,32.16751592356688,40.486363636363635
海南省,省直辖县级行政区划,琼海市,石壁镇,110.3039789,19.164926,0.0,0.0,12.0,1.0,1.0,0.0,0.0,0.0,0.0,0.0,0.0,0.0,0.0,0.0,0.0,0.0,0.0,0.0,0.0,0.0,2.0,0.0,0.0,0.0,0.0,2.0,0.0,0.0,0.0,0.0,0.0,0.0,0.0,2.0,3.0,3.0,0.0,0.0,7.0,1.0,0.0,0.0,0.0,0.0,0.0,0.0,0.0,0.0,0.0,0.0,0.0,0.0,0.0,0.0,0.0,0.0,1.0,0.0,0.0,0.0,0.0,1.0,0.0,0.0,0.0,0.0,0.0,0.0,0.0,1.0,2.0,3.0,12469446261.0,-1.0,省直辖县级行政区划琼海市,省直辖县级行政区划琼海市石壁镇,9.0,7.7,0.0,1.5,18.2,33.49166666666667,32.16751592356688,40.486363636363635
海南省,省直辖县级行政区划,琼海市,中原镇,110.467589,19.147874,3.0,32.0,19.0,21.0,69.0,77.0,0.0,10.0,6.0,7.0,3.0,0.0,8.0,10.0,1.0,1.0,0.0,0.0,1.0,1.0,21.0,0.0,3.0,0.0,1.0,1.0,39.0,0.0,0.0,12.0,0.0,19.0,0.0,7.0,18.0,9.0,1.0,17.0,6.0,2.0,28.0,3.0,0.0,0.0,0.0,1.0,0.0,0.0,0.0,0.0,1.0,1.0,0.0,0.0,0.0,0.0,3.0,0.0,0.0,0.0,0.0,1.0,2.0,0.0,0.0,5.0,0.0,10.0,0.0,4.0,9.0,5.0,3922339108.0,-1.0,省直辖县级行政区划琼海市,省直辖县级行政区划琼海市中原镇,8.0,30.0,5.0,9.8,52.8,33.49166666666667,32.16751592356688,40.486363636363635
海南省,省直辖县级行政区划,琼海市,博鳌镇,110.5816874,19.163968,0.0,8.0,1.0,22.0,69.0,24.0,0.0,57.0,0.0,8.0,1.0,1.0,0.0,0.0,0.0,0.0,0.0,0.0,0.0,13.0,35.0,1.0,0.0,0.0,2.0,4.0,91.0,0.0,0.0,3.0,1.0,14.0,12.0,2.0,14.0,13.0,0.0,4.0,0.0,9.0,33.0,11.0,0.0,12.0,0.0,1.0,0.0,1.0,0.0,0.0,0.0,0.0,0.0,0.0,0.0,5.0,15.0,0.0,0.0,0.0,1.0,3.0,67.0,0.0,0.0,2.0,0.0,6.0,4.0,2.0,9.0,8.0,2274572752.0,-1.0,省直辖县级行政区划琼海市,省直辖县级行政区划琼海市博鳌镇,11.0,28.0,10.0,20.0,69.0,33.49166666666667,32.16751592356688,40.486363636363635
海南省,省直辖县级行政区划,琼海市,阳江镇,110.3438882,19.1015495,0.0,0.0,2.0,2.0,6.0,0.0,0.0,2.0,0.0,0.0,0.0,0.0,0.0,0.0,0.0,0.0,0.0,0.0,0.0,0.0,1.0,0.0,0.0,0.0,0.0,1.0,0.0,0.0,0.0,0.0,0.0,0.0,0.0,2.0,9.0,1.0,0.0,0.0,2.0,0.0,0.0,0.0,0.0,0.0,0.0,0.0,0.0,0.0,0.0,0.0,0.0,0.0,0.0,0.0,0.0,0.0,1.0,0.0,0.0,0.0,0.0,1.0,0.0,0.0,0.0,0.0,0.0,0.0,0.0,1.0,1.0,1.0,3927542843.0,-1.0,省直辖县级行政区划琼海市,省直辖县级行政区划琼海市阳江镇,8.0,12.2,0.0,0.5,20.7,33.49166666666667,32.16751592356688,40.486363636363635
海南省,省直辖县级行政区划,琼海市,龙江镇,110.3215206,19.148746,0.0,0.0,14.0,1.0,4.0,0.0,0.0,3.0,0.0,0.0,0.0,0.0,0.0,0.0,0.0,0.0,0.0,0.0,0.0,0.0,2.0,0.0,0.0,0.0,0.0,2.0,0.0,0.0,0.0,0.0,0.0,0.0,0.0,3.0,9.0,3.0,0.0,0.0,2.0,0.0,0.0,0.0,0.0,0.0,0.0,0.0,0.0,0.0,0.0,0.0,0.0,0.0,0.0,0.0,0.0,0.0,1.0,0.0,0.0,0.0,0.0,1.0,0.0,0.0,0.0,0.0,0.0,0.0,0.0,1.0,1.0,3.0,12469446260.0,-1.0,省直辖县级行政区划琼海市,省直辖县级行政区划琼海市龙江镇,9.0,10.8,0.0,1.5,21.3,33.49166666666667,32.16751592356688,40.486363636363635
海南省,省直辖县级行政区划,琼海市,潭门镇,110.611507,19.243559,0.0,0.0,17.0,7.0,44.0,1.0,0.0,4.0,0.0,1.0,0.0,0.0,0.0,0.0,0.0,0.0,0.0,0.0,0.0,0.0,18.0,1.0,0.0,0.0,1.0,1.0,5.0,0.0,1.0,1.0,1.0,0.0,1.0,2.0,7.0,8.0,0.0,0.0,9.0,0.0,20.0,0.0,0.0,0.0,0.0,0.0,0.0,0.0,0.0,0.0,0.0,0.0,0.0,0.0,0.0,0.0,3.0,0.0,0.0,0.0,0.0,1.0,0.0,0.0,0.0,0.0,0.0,0.0,0.0,2.0,3.0,3.0,3921684580.0,-1.0,省直辖县级行政区划琼海市,省直辖县级行政区划琼海市潭门镇,8.0,25.5,0.0,4.6,38.1,33.49166666666667,32.16751592356688,40.486363636363635
海南省,省直辖县级行政区划,琼海市,塔洋镇,110.5047643,19.290066,0.0,3.0,2.0,0.0,7.0,1.0,0.0,0.0,0.0,0.0,0.0,0.0,0.0,0.0,0.0,0.0,0.0,0.0,0.0,0.0,1.0,0.0,0.0,0.0,0.0,1.0,1.0,0.0,0.0,0.0,0.0,0.0,0.0,2.0,6.0,2.0,0.0,1.0,0.0,0.0,5.0,0.0,0.0,0.0,0.0,0.0,0.0,0.0,0.0,0.0,0.0,0.0,0.0,0.0,0.0,0.0,1.0,0.0,0.0,0.0,0.0,1.0,0.0,0.0,0.0,0.0,0.0,0.0,0.0,1.0,2.0,1.0,3922270559.0,-1.0,省直辖县级行政区划琼海市,省直辖县级行政区划琼海市塔洋镇,8.0,10.9,0.0,1.1,20.0,33.49166666666667,32.16751592356688,40.486363636363635
海南省,省直辖县级行政区划,琼海市,长坡镇,110.607734,19.3422034,0.0,2.0,3.0,5.0,10.0,0.0,0.0,0.0,0.0,0.0,0.0,0.0,0.0,0.0,0.0,0.0,0.0,0.0,0.0,0.0,3.0,0.0,0.0,0.0,0.0,1.0,1.0,0.0,0.0,1.0,0.0,3.0,0.0,5.0,8.0,5.0,0.0,2.0,3.0,2.0,10.0,0.0,0.0,0.0,0.0,0.0,0.0,0.0,0.0,0.0,0.0,0.0,0.0,0.0,0.0,0.0,3.0,0.0,0.0,0.0,0.0,1.0,0.0,0.0,0.0,1.0,0.0,3.0,0.0,2.0,5.0,3.0,3921639550.0,-1.0,省直辖县级行政区划琼海市,省直辖县级行政区划琼海市长坡镇,8.0,19.0,0.0,2.8,29.8,33.49166666666667,32.16751592356688,40.486363636363635
海南省,省直辖县级行政区划,琼海市,大路镇,110.4701568,19.383632,3.0,0.0,0.0,9.0,2.0,0.0,0.0,0.0,0.0,0.0,0.0,0.0,0.0,0.0,0.0,0.0,0.0,0.0,0.0,0.0,1.0,0.0,0.0,0.0,0.0,1.0,0.0,0.0,0.0,0.0,0.0,0.0,0.0,3.0,4.0,3.0,1.0,0.0,0.0,5.0,0.0,0.0,0.0,0.0,0.0,0.0,0.0,0.0,0.0,0.0,0.0,0.0,0.0,0.0,0.0,0.0,1.0,0.0,0.0,0.0,0.0,1.0,0.0,0.0,0.0,0.0,0.0,0.0,0.0,2.0,2.0,1.0,3926898303.0,-1.0,省直辖县级行政区划琼海市,省直辖县级行政区划琼海市大路镇,8.0,12.4,0.0,1.5,21.9,33.49166666666667,32.16751592356688,40.486363636363635
海南省,省直辖县级行政区划,琼海市,会山镇,110.261029,19.069405,0.0,0.0,5.0,8.0,12.0,0.0,0.0,0.0,0.0,0.0,0.0,0.0,0.0,0.0,0.0,0.0,0.0,0.0,0.0,0.0,1.0,0.0,1.0,0.0,0.0,1.0,0.0,0.0,0.0,0.0,0.0,0.0,0.0,3.0,6.0,4.0,0.0,0.0,3.0,0.0,2.0,0.0,0.0,0.0,0.0,0.0,0.0,0.0,0.0,0.0,0.0,0.0,0.0,0.0,0.0,0.0,0.0,0.0,0.0,0.0,0.0,1.0,0.0,0.0,0.0,0.0,0.0,0.0,0.0,1.0,2.0,1.0,3927542842.0,-1.0,省直辖县级行政区划琼海市,省直辖县级行政区划琼海市会山镇,8.0,16.0,0.0,2.0,26.0,33.49166666666667,32.16751592356688,40.486363636363635
海南省,省直辖县级行政区划,文昌市,文城镇,110.7497889,19.6139589,0.0,41.0,62.0,20.0,65.0,13.0,0.0,14.0,5.0,0.0,0.0,1.0,0.0,0.0,6.0,7.0,1.0,0.0,0.0,1.0,0.0,0.0,0.0,0.0,0.0,1.0,73.0,0.0,0.0,0.0,1.0,8.0,2.0,4.0,12.0,6.0,0.0,27.0,23.0,5.0,42.0,12.0,0.0,14.0,0.0,0.0,0.0,1.0,0.0,0.0,1.0,1.0,1.0,0.0,0.0,1.0,0.0,0.0,0.0,0.0,0.0,1.0,65.0,0.0,0.0,0.0,0.0,1.0,2.0,1.0,8.0,5.0,5207792405.0,-1.0,省直辖县级行政区划文昌市,省直辖县级行政区划文昌市文城镇,8.0,26.0,16.0,16.8,66.8,32.129411764705885,32.16751592356688,40.486363636363635
海南省,省直辖县级行政区划,文昌市,重兴镇,110.595562,19.413172,0.0,0.0,1.0,1.0,11.0,0.0,0.0,0.0,0.0,0.0,0.0,0.0,0.0,0.0,0.0,0.0,0.0,0.0,0.0,0.0,5.0,0.0,0.0,0.0,0.0,1.0,1.0,0.0,0.0,0.0,0.0,0.0,0.0,4.0,6.0,4.0,0.0,0.0,1.0,1.0,11.0,0.0,0.0,0.0,0.0,0.0,0.0,0.0,0.0,0.0,0.0,0.0,0.0,0.0,0.0,0.0,4.0,0.0,0.0,0.0,0.0,1.0,1.0,0.0,0.0,0.0,0.0,0.0,0.0,1.0,4.0,3.0,3921639551.0,-1.0,省直辖县级行政区划文昌市,省直辖县级行政区划文昌市重兴镇,8.0,14.5,0.0,2.2,24.7,32.129411764705885,32.16751592356688,40.486363636363635
海南省,省直辖县级行政区划,文昌市,蓬莱镇,110.5361209,19.5370197,2.0,1.0,1.0,4.0,19.0,1.0,0.0,0.0,0.0,0.0,1.0,0.0,0.0,0.0,0.0,0.0,0.0,0.0,0.0,0.0,17.0,1.0,1.0,0.0,0.0,1.0,4.0,0.0,0.0,1.0,0.0,3.0,0.0,5.0,8.0,8.0,2.0,1.0,1.0,1.0,14.0,1.0,0.0,0.0,0.0,0.0,1.0,0.0,0.0,0.0,0.0,0.0,0.0,0.0,0.0,0.0,8.0,1.0,0.0,0.0,0.0,1.0,1.0,0.0,0.0,1.0,0.0,3.0,0.0,2.0,7.0,5.0,3911104627.0,-1.0,省直辖县级行政区划文昌市,省直辖县级行政区划文昌市蓬莱镇,8.0,23.0,0.0,4.7,35.7,32.129411764705885,32.16751592356688,40.486363636363635
海南省,省直辖县级行政区划,文昌市,会文镇,110.724644,19.463367,0.0,4.0,4.0,11.0,43.0,2.0,0.0,0.0,0.0,0.0,1.0,0.0,0.0,0.0,0.0,0.0,0.0,0.0,0.0,0.0,11.0,0.0,0.0,0.0,0.0,1.0,0.0,0.0,0.0,0.0,0.0,2.0,0.0,2.0,10.0,4.0,0.0,1.0,2.0,2.0,21.0,0.0,0.0,0.0,0.0,0.0,0.0,0.0,0.0,0.0,0.0,0.0,0.0,0.0,0.0,0.0,1.0,0.0,0.0,0.0,0.0,1.0,0.0,0.0,0.0,0.0,0.0,2.0,0.0,1.0,4.0,3.0,3921639553.0,-1.0,省直辖县级行政区划文昌市,省直辖县级行政区划文昌市会文镇,8.0,26.0,0.0,2.0,36.0,32.129411764705885,32.16751592356688,40.486363636363635
海南省,省直辖县级行政区划,文昌市,东路镇,110.6786571,19.7408421,0.0,0.0,3.0,6.0,2.0,0.0,0.0,0.0,0.0,0.0,0.0,0.0,0.0,0.0,0.0,0.0,0.0,0.0,0.0,0.0,1.0,0.0,0.0,0.0,0.0,1.0,2.0,0.0,0.0,0.0,0.0,0.0,0.0,4.0,5.0,4.0,0.0,0.0,3.0,1.0,0.0,0.0,0.0,0.0,0.0,0.0,0.0,0.0,0.0,0.0,0.0,0.0,0.0,0.0,0.0,0.0,0.0,0.0,0.0,0.0,0.0,1.0,2.0,0.0,0.0,0.0,0.0,0.0,0.0,3.0,2.0,2.0,3921050161.0,-1.0,省直辖县级行政区划文昌市,省直辖县级行政区划文昌市东路镇,8.0,12.9,0.0,2.4,23.299999999999997,32.129411764705885,32.16751592356688,40.486363636363635
海南省,省直辖县级行政区划,文昌市,潭牛镇,110.7320609,19.7122376,0.0,1.0,3.0,4.0,20.0,0.0,0.0,0.0,0.0,0.0,0.0,0.0,0.0,0.0,0.0,0.0,0.0,0.0,0.0,0.0,7.0,0.0,0.0,0.0,0.0,1.0,0.0,0.0,0.0,0.0,0.0,1.0,0.0,2.0,8.0,3.0,0.0,1.0,1.0,1.0,15.0,0.0,0.0,0.0,0.0,0.0,0.0,0.0,0.0,0.0,0.0,0.0,0.0,0.0,0.0,0.0,1.0,0.0,0.0,0.0,0.0,1.0,0.0,0.0,0.0,0.0,0.0,0.0,0.0,1.0,4.0,2.0,4757096798.0,-1.0,省直辖县级行政区划文昌市,省直辖县级行政区划文昌市潭牛镇,8.0,21.5,0.0,1.5,31.0,32.129411764705885,32.16751592356688,40.486363636363635
海南省,省直辖县级行政区划,文昌市,东阁镇,110.838205,19.645635,0.0,3.0,0.0,2.0,6.0,0.0,0.0,0.0,0.0,0.0,0.0,0.0,0.0,0.0,0.0,0.0,0.0,0.0,0.0,0.0,8.0,0.0,0.0,0.0,0.0,0.0,0.0,0.0,0.0,2.0,0.0,2.0,0.0,1.0,4.0,7.0,0.0,1.0,0.0,0.0,0.0,0.0,0.0,0.0,0.0,0.0,0.0,0.0,0.0,0.0,0.0,0.0,0.0,0.0,0.0,0.0,0.0,0.0,0.0,0.0,0.0,0.0,0.0,0.0,0.0,0.0,0.0,0.0,0.0,0.0,1.0,0.0,-1.0,-1.0,省直辖县级行政区划文昌市,省直辖县级行政区划文昌市东阁镇,0.0,10.2,0.0,3.7,13.899999999999999,32.129411764705885,32.16751592356688,40.486363636363635
海南省,省直辖县级行政区划,文昌市,文教镇,110.90782,19.66768,0.0,6.0,0.0,5.0,51.0,7.0,0.0,0.0,0.0,0.0,1.0,0.0,0.0,0.0,0.0,0.0,0.0,0.0,0.0,0.0,30.0,1.0,4.0,0.0,0.0,0.0,1.0,0.0,0.0,0.0,0.0,1.0,0.0,0.0,6.0,6.0,0.0,5.0,0.0,3.0,32.0,0.0,0.0,0.0,0.0,0.0,0.0,0.0,0.0,0.0,0.0,0.0,0.0,0.0,0.0,0.0,3.0,0.0,0.0,0.0,0.0,0.0,0.0,0.0,0.0,0.0,0.0,1.0,0.0,0.0,4.0,4.0,-1.0,-1.0,省直辖县级行政区划文昌市,省直辖县级行政区划文昌市文教镇,0.0,25.0,0.0,3.1,28.1,32.129411764705885,32.16751592356688,40.486363636363635
海南省,省直辖县级行政区划,文昌市,东郊镇,110.856197,19.576958,5.0,0.0,13.0,10.0,25.0,0.0,0.0,0.0,0.0,0.0,0.0,0.0,0.0,0.0,0.0,0.0,0.0,0.0,0.0,0.0,9.0,0.0,0.0,0.0,0.0,1.0,0.0,0.0,0.0,0.0,0.0,0.0,0.0,2.0,6.0,4.0,2.0,0.0,3.0,9.0,19.0,0.0,0.0,0.0,0.0,0.0,0.0,0.0,0.0,0.0,0.0,0.0,0.0,0.0,0.0,0.0,0.0,0.0,0.0,0.0,0.0,1.0,0.0,0.0,0.0,0.0,0.0,0.0,0.0,1.0,5.0,1.0,3911217597.0,-1.0,省直辖县级行政区划文昌市,省直辖县级行政区划文昌市东郊镇,8.0,23.0,0.0,2.0,33.0,32.129411764705885,32.16751592356688,40.486363636363635
海南省,省直辖县级行政区划,文昌市,龙楼镇,110.9646045,19.6537718,2.0,11.0,4.0,26.0,79.0,156.0,0.0,18.0,2.0,9.0,0.0,1.0,0.0,0.0,3.0,3.0,0.0,0.0,0.0,3.0,16.0,5.0,3.0,1.0,4.0,2.0,82.0,0.0,2.0,10.0,0.0,33.0,3.0,3.0,15.0,18.0,0.0,4.0,2.0,3.0,36.0,12.0,0.0,11.0,2.0,0.0,0.0,1.0,0.0,0.0,2.0,2.0,0.0,0.0,0.0,3.0,2.0,0.0,0.0,0.0,0.0,2.0,6.0,0.0,0.0,0.0,0.0,1.0,0.0,1.0,10.0,3.0,10013086285.0,-1.0,省直辖县级行政区划文昌市,省直辖县级行政区划文昌市龙楼镇,9.0,28.0,13.0,13.8,63.8,32.129411764705885,32.16751592356688,40.486363636363635
海南省,省直辖县级行政区划,文昌市,昌洒镇,110.900498,19.76179,0.0,1.0,0.0,3.0,3.0,0.0,0.0,0.0,0.0,0.0,0.0,0.0,0.0,0.0,0.0,0.0,0.0,0.0,0.0,0.0,0.0,0.0,0.0,0.0,0.0,0.0,0.0,0.0,0.0,0.0,0.0,0.0,0.0,0.0,4.0,1.0,0.0,1.0,0.0,1.0,3.0,0.0,0.0,0.0,0.0,0.0,0.0,0.0,0.0,0.0,0.0,0.0,0.0,0.0,0.0,0.0,0.0,0.0,0.0,0.0,0.0,0.0,0.0,0.0,0.0,0.0,0.0,0.0,0.0,0.0,4.0,0.0,-1.0,-1.0,省直辖县级行政区划文昌市,省直辖县级行政区划文昌市昌洒镇,0.0,11.5,0.0,0.5,12.0,32.129411764705885,32.16751592356688,40.486363636363635
海南省,省直辖县级行政区划,文昌市,翁田镇,110.8736325,19.9325281,0.0,0.0,4.0,7.0,13.0,0.0,0.0,0.0,0.0,0.0,0.0,0.0,0.0,0.0,0.0,0.0,0.0,0.0,0.0,0.0,2.0,0.0,0.0,0.0,0.0,1.0,2.0,0.0,0.0,0.0,0.0,0.0,0.0,1.0,4.0,4.0,0.0,0.0,2.0,4.0,10.0,0.0,0.0,0.0,0.0,0.0,0.0,0.0,0.0,0.0,0.0,0.0,0.0,0.0,0.0,0.0,2.0,0.0,0.0,0.0,0.0,1.0,0.0,0.0,0.0,0.0,0.0,0.0,0.0,1.0,3.0,2.0,3920775940.0,-1.0,省直辖县级行政区划文昌市,省直辖县级行政区划文昌市翁田镇,8.0,17.6,0.0,2.2,27.8,32.129411764705885,32.16751592356688,40.486363636363635
海南省,省直辖县级行政区划,文昌市,抱罗镇,110.7461072,19.8434544,0.0,5.0,3.0,2.0,39.0,1.0,0.0,0.0,0.0,0.0,1.0,0.0,0.0,0.0,0.0,0.0,0.0,0.0,0.0,0.0,1.0,0.0,1.0,0.0,0.0,1.0,0.0,0.0,0.0,0.0,0.0,0.0,0.0,1.0,8.0,3.0,0.0,3.0,0.0,1.0,17.0,1.0,0.0,0.0,0.0,0.0,0.0,0.0,0.0,0.0,0.0,0.0,0.0,0.0,0.0,0.0,0.0,0.0,0.0,0.0,0.0,1.0,0.0,0.0,0.0,0.0,0.0,0.0,0.0,1.0,4.0,1.0,3920541002.0,-1.0,省直辖县级行政区划文昌市,省直辖县级行政区划文昌市抱罗镇,8.0,25.9,0.0,1.5,35.4,32.129411764705885,32.16751592356688,40.486363636363635
海南省,省直辖县级行政区划,文昌市,冯坡镇,110.776567,19.967965,0.0,0.0,1.0,3.0,9.0,0.0,0.0,0.0,0.0,0.0,0.0,0.0,0.0,0.0,0.0,0.0,0.0,0.0,0.0,0.0,1.0,0.0,2.0,0.0,0.0,1.0,1.0,0.0,0.0,0.0,0.0,0.0,0.0,1.0,4.0,3.0,0.0,0.0,1.0,3.0,3.0,0.0,0.0,0.0,0.0,0.0,0.0,0.0,0.0,0.0,0.0,0.0,0.0,0.0,0.0,0.0,1.0,0.0,0.0,0.0,0.0,1.0,0.0,0.0,0.0,0.0,0.0,0.0,0.0,1.0,3.0,1.0,3920718743.0,-1.0,省直辖县级行政区划文昌市,省直辖县级行政区划文昌市冯坡镇,8.0,12.7,0.0,1.6,22.3,32.129411764705885,32.16751592356688,40.486363636363635
海南省,省直辖县级行政区划,文昌市,锦山镇,110.6913806,20.0015346,0.0,2.0,5.0,3.0,19.0,0.0,0.0,0.0,0.0,0.0,0.0,0.0,0.0,0.0,0.0,0.0,0.0,0.0,0.0,0.0,1.0,0.0,0.0,0.0,0.0,2.0,0.0,0.0,0.0,0.0,0.0,1.0,0.0,1.0,5.0,2.0,0.0,2.0,1.0,2.0,12.0,0.0,0.0,0.0,0.0,0.0,0.0,0.0,0.0,0.0,0.0,0.0,0.0,0.0,0.0,0.0,1.0,0.0,0.0,0.0,0.0,1.0,0.0,0.0,0.0,0.0,0.0,1.0,0.0,1.0,5.0,2.0,3920718744.0,-1.0,省直辖县级行政区划文昌市,省直辖县级行政区划文昌市锦山镇,9.0,17.9,0.0,1.0,27.9,32.129411764705885,32.16751592356688,40.486363636363635
海南省,省直辖县级行政区划,文昌市,铺前镇,110.5772707,20.0273831,0.0,8.0,0.0,3.0,59.0,3.0,0.0,7.0,0.0,0.0,0.0,0.0,0.0,0.0,2.0,2.0,0.0,0.0,0.0,0.0,17.0,0.0,5.0,0.0,0.0,2.0,31.0,0.0,0.0,2.0,0.0,4.0,1.0,6.0,7.0,11.0,0.0,5.0,0.0,0.0,20.0,1.0,0.0,4.0,0.0,0.0,0.0,0.0,0.0,0.0,2.0,2.0,0.0,0.0,0.0,0.0,4.0,0.0,1.0,0.0,0.0,1.0,30.0,0.0,0.0,2.0,0.0,3.0,1.0,6.0,5.0,7.0,369492023.0,-1.0,省直辖县级行政区划文昌市,省直辖县级行政区划文昌市铺前镇,9.0,23.5,5.0,10.5,48.0,32.129411764705885,32.16751592356688,40.486363636363635
海南省,省直辖县级行政区划,文昌市,公坡镇,110.8040821,19.7913779,0.0,3.0,1.0,1.0,0.0,0.0,0.0,0.0,0.0,0.0,0.0,0.0,0.0,0.0,0.0,0.0,0.0,0.0,0.0,0.0,2.0,0.0,0.0,0.0,0.0,1.0,0.0,0.0,0.0,0.0,0.0,0.0,0.0,1.0,3.0,2.0,0.0,3.0,1.0,1.0,0.0,0.0,0.0,0.0,0.0,0.0,0.0,0.0,0.0,0.0,0.0,0.0,0.0,0.0,0.0,0.0,2.0,0.0,0.0,0.0,0.0,1.0,0.0,0.0,0.0,0.0,0.0,0.0,0.0,1.0,3.0,2.0,6202804014.0,-1.0,省直辖县级行政区划文昌市,省直辖县级行政区划文昌市公坡镇,8.0,7.5,0.0,1.0,16.5,32.129411764705885,32.16751592356688,40.486363636363635
海南省,省直辖县级行政区划,万宁市,万城镇,110.3966948,18.7974862,10.0,15.0,55.0,32.0,210.0,11.0,0.0,14.0,9.0,1.0,0.0,2.0,2.0,2.0,3.0,3.0,0.0,0.0,0.0,11.0,14.0,2.0,0.0,0.0,2.0,3.0,56.0,0.0,0.0,4.0,0.0,13.0,3.0,6.0,18.0,9.0,0.0,7.0,13.0,13.0,29.0,1.0,0.0,2.0,0.0,0.0,0.0,1.0,1.0,1.0,3.0,3.0,0.0,0.0,0.0,0.0,3.0,0.0,0.0,0.0,0.0,1.0,12.0,0.0,0.0,0.0,0.0,3.0,0.0,1.0,10.0,3.0,4531885134.0,-1.0,省直辖县级行政区划万宁市,省直辖县级行政区划万宁市万城镇,10.0,28.0,15.0,11.2,64.2,32.65,32.16751592356688,40.486363636363635
海南省,省直辖县级行政区划,万宁市,龙滚镇,110.5134006,19.0610246,6.0,6.0,2.0,3.0,16.0,0.0,0.0,0.0,0.0,0.0,0.0,0.0,0.0,0.0,0.0,0.0,0.0,0.0,0.0,0.0,1.0,0.0,0.0,0.0,0.0,1.0,0.0,0.0,0.0,0.0,0.0,0.0,0.0,6.0,8.0,2.0,1.0,0.0,1.0,1.0,0.0,0.0,0.0,0.0,0.0,0.0,0.0,0.0,0.0,0.0,0.0,0.0,0.0,0.0,0.0,0.0,1.0,0.0,0.0,0.0,0.0,1.0,0.0,0.0,0.0,0.0,0.0,0.0,0.0,3.0,3.0,1.0,3922407229.0,-1.0,省直辖县级行政区划万宁市,省直辖县级行政区划万宁市龙滚镇,8.0,15.2,0.0,1.0,24.2,32.65,32.16751592356688,40.486363636363635
海南省,省直辖县级行政区划,万宁市,和乐镇,110.4727316,18.9051812,4.0,0.0,8.0,1.0,28.0,3.0,0.0,0.0,1.0,0.0,0.0,0.0,0.0,0.0,0.0,0.0,0.0,0.0,0.0,0.0,1.0,0.0,0.0,0.0,0.0,1.0,3.0,0.0,0.0,0.0,0.0,0.0,0.0,4.0,6.0,3.0,0.0,0.0,2.0,0.0,7.0,0.0,0.0,0.0,0.0,0.0,0.0,0.0,0.0,0.0,0.0,0.0,0.0,0.0,0.0,0.0,0.0,0.0,0.0,0.0,0.0,1.0,0.0,0.0,0.0,0.0,0.0,0.0,0.0,1.0,2.0,1.0,2272230744.0,-1.0,省直辖县级行政区划万宁市,省直辖县级行政区划万宁市和乐镇,8.0,18.700000000000003,0.0,1.8,28.500000000000004,32.65,32.16751592356688,40.486363636363635
海南省,省直辖县级行政区划,万宁市,后安镇,110.4453775,18.8662618,0.0,0.0,4.0,1.0,7.0,0.0,0.0,0.0,0.0,0.0,0.0,0.0,0.0,0.0,0.0,0.0,0.0,0.0,0.0,0.0,0.0,0.0,0.0,0.0,0.0,1.0,0.0,0.0,0.0,0.0,0.0,0.0,1.0,2.0,3.0,3.0,0.0,0.0,4.0,1.0,7.0,0.0,0.0,0.0,0.0,0.0,0.0,0.0,0.0,0.0,0.0,0.0,0.0,0.0,0.0,0.0,0.0,0.0,0.0,0.0,0.0,1.0,0.0,0.0,0.0,0.0,0.0,0.0,0.0,1.0,3.0,1.0,3923323847.0,-1.0,省直辖县级行政区划万宁市,省直辖县级行政区划万宁市后安镇,8.0,11.0,0.0,1.5,20.5,32.65,32.16751592356688,40.486363636363635
海南省,省直辖县级行政区划,万宁市,大茂镇,110.3925025,18.849782,12.0,2.0,14.0,4.0,34.0,0.0,0.0,0.0,1.0,0.0,0.0,0.0,0.0,0.0,0.0,0.0,0.0,0.0,0.0,0.0,0.0,0.0,0.0,0.0,0.0,1.0,1.0,0.0,0.0,1.0,0.0,0.0,0.0,4.0,9.0,1.0,2.0,0.0,3.0,0.0,5.0,0.0,0.0,0.0,0.0,0.0,0.0,0.0,0.0,0.0,0.0,0.0,0.0,0.0,0.0,0.0,0.0,0.0,0.0,0.0,0.0,1.0,0.0,0.0,0.0,0.0,0.0,0.0,0.0,3.0,5.0,0.0,5157168008.0,-1.0,省直辖县级行政区划万宁市,省直辖县级行政区划万宁市大茂镇,8.0,23.3,0.0,0.7,32.0,32.65,32.16751592356688,40.486363636363635
海南省,省直辖县级行政区划,万宁市,东澳镇,110.3990603,18.7168565,0.0,0.0,5.0,1.0,62.0,3.0,0.0,0.0,0.0,1.0,0.0,0.0,0.0,0.0,1.0,1.0,0.0,0.0,0.0,0.0,2.0,0.0,1.0,0.0,0.0,1.0,14.0,0.0,0.0,0.0,0.0,3.0,0.0,1.0,5.0,6.0,0.0,0.0,3.0,1.0,13.0,0.0,0.0,0.0,0.0,0.0,0.0,0.0,0.0,0.0,0.0,0.0,0.0,0.0,0.0,0.0,1.0,0.0,0.0,0.0,0.0,1.0,0.0,0.0,0.0,0.0,0.0,0.0,0.0,1.0,4.0,2.0,2266521247.0,-1.0,省直辖县级行政区划万宁市,省直辖县级行政区划万宁市东澳镇,8.0,24.5,0.0,4.4,36.9,32.65,32.16751592356688,40.486363636363635
海南省,省直辖县级行政区划,万宁市,礼纪镇,110.3150815,18.7510842,0.0,0.0,5.0,2.0,76.0,0.0,0.0,1.0,1.0,0.0,0.0,0.0,0.0,0.0,0.0,0.0,0.0,0.0,0.0,0.0,2.0,0.0,0.0,0.0,0.0,2.0,0.0,0.0,0.0,0.0,0.0,0.0,0.0,5.0,9.0,4.0,0.0,0.0,4.0,1.0,49.0,0.0,0.0,0.0,0.0,0.0,0.0,0.0,0.0,0.0,0.0,0.0,0.0,0.0,0.0,0.0,1.0,0.0,0.0,0.0,0.0,1.0,0.0,0.0,0.0,0.0,0.0,0.0,0.0,3.0,4.0,3.0,3923323849.0,-1.0,省直辖县级行政区划万宁市,省直辖县级行政区划万宁市礼纪镇,9.0,26.0,0.0,2.0,37.0,32.65,32.16751592356688,40.486363636363635
海南省,省直辖县级行政区划,万宁市,长丰镇,110.3217776,18.803769,4.0,0.0,3.0,1.0,26.0,0.0,0.0,0.0,0.0,0.0,0.0,0.0,0.0,0.0,0.0,0.0,0.0,0.0,0.0,0.0,15.0,0.0,2.0,0.0,0.0,5.0,0.0,0.0,0.0,0.0,0.0,6.0,0.0,3.0,6.0,8.0,2.0,0.0,1.0,1.0,7.0,0.0,0.0,0.0,0.0,0.0,0.0,0.0,0.0,0.0,0.0,0.0,0.0,0.0,0.0,0.0,2.0,0.0,1.0,0.0,0.0,1.0,0.0,0.0,0.0,0.0,0.0,0.0,0.0,3.0,5.0,3.0,3923629259.0,-1.0,省直辖县级行政区划万宁市,省直辖县级行政区划万宁市长丰镇,12.0,16.3,0.0,4.0,32.3,32.65,32.16751592356688,40.486363636363635
海南省,省直辖县级行政区划,万宁市,山根镇,110.482294,18.969483,4.0,0.0,0.0,18.0,20.0,0.0,0.0,0.0,0.0,0.0,0.0,0.0,0.0,0.0,0.0,0.0,0.0,0.0,0.0,0.0,4.0,0.0,0.0,0.0,0.0,1.0,0.0,0.0,0.0,0.0,0.0,0.0,0.0,4.0,9.0,1.0,1.0,0.0,0.0,6.0,0.0,0.0,0.0,0.0,0.0,0.0,0.0,0.0,0.0,0.0,0.0,0.0,0.0,0.0,0.0,0.0,0.0,0.0,0.0,0.0,0.0,1.0,0.0,0.0,0.0,0.0,0.0,0.0,0.0,4.0,3.0,0.0,3923043899.0,-1.0,省直辖县级行政区划万宁市,省直辖县级行政区划万宁市山根镇,8.0,18.0,0.0,0.5,26.5,32.65,32.16751592356688,40.486363636363635
海南省,省直辖县级行政区划,万宁市,北大镇,110.330788,18.924164,0.0,0.0,8.0,5.0,19.0,0.0,0.0,5.0,0.0,0.0,0.0,0.0,0.0,0.0,0.0,0.0,0.0,0.0,0.0,0.0,3.0,0.0,1.0,0.0,0.0,1.0,0.0,0.0,0.0,1.0,0.0,0.0,0.0,1.0,5.0,4.0,0.0,0.0,5.0,2.0,17.0,0.0,0.0,5.0,0.0,0.0,0.0,0.0,0.0,0.0,0.0,0.0,0.0,0.0,0.0,0.0,2.0,0.0,0.0,0.0,0.0,1.0,0.0,0.0,0.0,0.0,0.0,0.0,0.0,1.0,5.0,3.0,3923429390.0,-1.0,省直辖县级行政区划万宁市,省直辖县级行政区划万宁市北大镇,8.0,21.4,0.0,2.1,31.5,32.65,32.16751592356688,40.486363636363635
海南省,省直辖县级行政区划,万宁市,南桥镇,110.1549554,18.6839417,4.0,0.0,0.0,3.0,37.0,0.0,0.0,0.0,0.0,0.0,0.0,0.0,0.0,0.0,2.0,2.0,0.0,0.0,0.0,0.0,0.0,0.0,0.0,0.0,0.0,1.0,0.0,0.0,0.0,0.0,0.0,0.0,0.0,2.0,5.0,2.0,1.0,0.0,0.0,2.0,19.0,0.0,0.0,0.0,0.0,0.0,0.0,0.0,0.0,0.0,2.0,2.0,0.0,0.0,0.0,0.0,0.0,0.0,0.0,0.0,0.0,1.0,0.0,0.0,0.0,0.0,0.0,0.0,0.0,2.0,4.0,2.0,3923629264.0,-1.0,省直辖县级行政区划万宁市,省直辖县级行政区划万宁市南桥镇,8.0,22.5,5.0,1.0,36.5,32.65,32.16751592356688,40.486363636363635
海南省,省直辖县级行政区划,万宁市,三更罗镇,110.180507,18.863063,0.0,3.0,7.0,8.0,6.0,0.0,0.0,0.0,0.0,0.0,0.0,0.0,0.0,0.0,0.0,0.0,0.0,0.0,0.0,0.0,0.0,0.0,0.0,0.0,0.0,1.0,0.0,0.0,0.0,0.0,0.0,0.0,0.0,1.0,4.0,1.0,0.0,3.0,3.0,1.0,0.0,0.0,0.0,0.0,0.0,0.0,0.0,0.0,0.0,0.0,0.0,0.0,0.0,0.0,0.0,0.0,0.0,0.0,0.0,0.0,0.0,1.0,0.0,0.0,0.0,0.0,0.0,0.0,0.0,1.0,3.0,1.0,3923629265.0,-1.0,省直辖县级行政区划万宁市,省直辖县级行政区划万宁市三更罗镇,8.0,13.2,0.0,0.5,21.7,32.65,32.16751592356688,40.486363636363635
海南省,省直辖县级行政区划,东方市,八所镇,108.6397541,19.1004852,0.0,11.0,26.0,38.0,57.0,23.0,0.0,3.0,3.0,1.0,0.0,2.0,0.0,0.0,5.0,5.0,1.0,0.0,0.0,2.0,6.0,0.0,3.0,0.0,1.0,3.0,59.0,0.0,0.0,15.0,0.0,55.0,4.0,4.0,10.0,11.0,0.0,0.0,14.0,10.0,13.0,1.0,0.0,0.0,1.0,0.0,0.0,1.0,0.0,0.0,2.0,2.0,1.0,0.0,0.0,0.0,2.0,0.0,0.0,0.0,0.0,2.0,7.0,0.0,0.0,0.0,0.0,21.0,1.0,2.0,5.0,5.0,4531936663.0,-1.0,省直辖县级行政区划东方市,省直辖县级行政区划东方市八所镇,10.0,28.0,15.0,12.1,65.1,32.05,32.16751592356688,40.486363636363635
海南省,省直辖县级行政区划,东方市,东河镇,108.9395416,19.0491769,0.0,5.0,3.0,7.0,24.0,0.0,0.0,0.0,0.0,0.0,0.0,0.0,0.0,0.0,0.0,0.0,0.0,0.0,0.0,0.0,2.0,0.0,0.0,0.0,0.0,2.0,1.0,0.0,0.0,0.0,0.0,0.0,0.0,1.0,6.0,4.0,0.0,3.0,1.0,2.0,6.0,0.0,0.0,0.0,0.0,0.0,0.0,0.0,0.0,0.0,0.0,0.0,0.0,0.0,0.0,0.0,1.0,0.0,0.0,0.0,0.0,1.0,1.0,0.0,0.0,0.0,0.0,0.0,0.0,1.0,4.0,2.0,3928927860.0,-1.0,省直辖县级行政区划东方市,省直辖县级行政区划东方市东河镇,9.0,19.6,0.0,2.2,30.8,32.05,32.16751592356688,40.486363636363635
海南省,省直辖县级行政区划,东方市,大田镇,108.821062,19.1085673,1.0,2.0,0.0,2.0,19.0,0.0,0.0,0.0,0.0,0.0,0.0,0.0,0.0,0.0,0.0,0.0,0.0,0.0,0.0,0.0,1.0,0.0,0.0,0.0,0.0,1.0,0.0,0.0,0.0,0.0,0.0,2.0,0.0,2.0,6.0,3.0,0.0,0.0,0.0,0.0,2.0,0.0,0.0,0.0,0.0,0.0,0.0,0.0,0.0,0.0,0.0,0.0,0.0,0.0,0.0,0.0,0.0,0.0,0.0,0.0,0.0,1.0,0.0,0.0,0.0,0.0,0.0,0.0,0.0,1.0,2.0,1.0,3928927859.0,-1.0,省直辖县级行政区划东方市,省直辖县级行政区划东方市大田镇,8.0,14.4,0.0,1.5,23.9,32.05,32.16751592356688,40.486363636363635
海南省,省直辖县级行政区划,东方市,感城镇,108.640365,18.851571,3.0,0.0,0.0,4.0,52.0,2.0,0.0,0.0,0.0,0.0,0.0,0.0,0.0,0.0,0.0,0.0,0.0,0.0,0.0,0.0,5.0,0.0,1.0,0.0,0.0,2.0,0.0,0.0,0.0,2.0,0.0,5.0,0.0,4.0,5.0,12.0,2.0,0.0,0.0,1.0,14.0,1.0,0.0,0.0,0.0,0.0,0.0,0.0,0.0,0.0,0.0,0.0,0.0,0.0,0.0,0.0,1.0,0.0,1.0,0.0,0.0,1.0,0.0,0.0,0.0,0.0,0.0,3.0,0.0,2.0,5.0,5.0,3928170878.0,-1.0,省直辖县级行政区划东方市,省直辖县级行政区划东方市感城镇,9.0,22.5,0.0,4.2,35.7,32.05,32.16751592356688,40.486363636363635
海南省,省直辖县级行政区划,东方市,板桥镇,108.689541,18.79478,3.0,0.0,3.0,9.0,32.0,25.0,0.0,0.0,2.0,2.0,0.0,0.0,0.0,0.0,0.0,0.0,0.0,0.0,0.0,0.0,6.0,0.0,3.0,0.0,3.0,0.0,7.0,0.0,0.0,4.0,0.0,5.0,0.0,5.0,11.0,11.0,1.0,0.0,0.0,3.0,11.0,0.0,0.0,0.0,0.0,0.0,0.0,0.0,0.0,0.0,0.0,0.0,0.0,0.0,0.0,0.0,1.0,0.0,0.0,0.0,1.0,0.0,0.0,0.0,0.0,0.0,0.0,2.0,0.0,1.0,4.0,4.0,-1.0,-1.0,省直辖县级行政区划东方市,省直辖县级行政区划东方市板桥镇,0.0,27.7,0.0,5.1,32.8,32.05,32.16751592356688,40.486363636363635
海南省,省直辖县级行政区划,东方市,三家镇,108.7575136,19.2441357,0.0,0.0,6.0,7.0,30.0,1.0,0.0,0.0,0.0,0.0,0.0,0.0,0.0,0.0,0.0,0.0,0.0,0.0,0.0,0.0,9.0,0.0,1.0,0.0,0.0,5.0,0.0,0.0,0.0,3.0,0.0,3.0,0.0,4.0,5.0,6.0,0.0,0.0,2.0,4.0,3.0,0.0,0.0,0.0,0.0,0.0,0.0,0.0,0.0,0.0,0.0,0.0,0.0,0.0,0.0,0.0,1.0,0.0,0.0,0.0,0.0,2.0,0.0,0.0,0.0,0.0,0.0,2.0,0.0,2.0,3.0,3.0,9785749498.0,-1.0,省直辖县级行政区划东方市,省直辖县级行政区划东方市三家镇,12.0,19.4,0.0,3.3,34.699999999999996,32.05,32.16751592356688,40.486363636363635
海南省,省直辖县级行政区划,东方市,四更镇,108.6778429,19.2262199,0.0,0.0,1.0,1.0,14.0,0.0,0.0,0.0,0.0,0.0,0.0,0.0,0.0,0.0,0.0,0.0,0.0,0.0,0.0,0.0,12.0,0.0,0.0,0.0,0.0,1.0,0.0,0.0,0.0,0.0,0.0,0.0,0.0,1.0,4.0,1.0,0.0,0.0,1.0,0.0,3.0,0.0,0.0,0.0,0.0,0.0,0.0,0.0,0.0,0.0,0.0,0.0,0.0,0.0,0.0,0.0,2.0,0.0,0.0,0.0,0.0,1.0,0.0,0.0,0.0,0.0,0.0,0.0,0.0,1.0,2.0,1.0,9785761060.0,-1.0,省直辖县级行政区划东方市,省直辖县级行政区划东方市四更镇,8.0,11.7,0.0,0.5,20.2,32.05,32.16751592356688,40.486363636363635
海南省,省直辖县级行政区划,东方市,新龙镇,108.684686,18.952575,3.0,0.0,0.0,5.0,32.0,10.0,0.0,1.0,0.0,0.0,0.0,0.0,0.0,0.0,0.0,0.0,0.0,0.0,0.0,0.0,3.0,0.0,6.0,0.0,0.0,0.0,1.0,0.0,0.0,1.0,0.0,5.0,0.0,3.0,10.0,8.0,1.0,0.0,0.0,3.0,11.0,0.0,0.0,0.0,0.0,0.0,0.0,0.0,0.0,0.0,0.0,0.0,0.0,0.0,0.0,0.0,2.0,0.0,0.0,0.0,0.0,0.0,0.0,0.0,0.0,0.0,0.0,5.0,0.0,1.0,4.0,2.0,-1.0,-1.0,省直辖县级行政区划东方市,省直辖县级行政区划东方市新龙镇,0.0,23.7,0.0,4.2,27.9,32.05,32.16751592356688,40.486363636363635
海南省,省直辖县级行政区划,东方市,天安乡,108.908839,19.019871,0.0,0.0,3.0,6.0,23.0,0.0,0.0,0.0,0.0,0.0,0.0,0.0,0.0,0.0,0.0,0.0,0.0,0.0,0.0,0.0,1.0,0.0,0.0,0.0,0.0,3.0,0.0,0.0,0.0,0.0,0.0,0.0,0.0,1.0,5.0,4.0,0.0,0.0,1.0,4.0,11.0,0.0,0.0,0.0,0.0,0.0,0.0,0.0,0.0,0.0,0.0,0.0,0.0,0.0,0.0,0.0,0.0,0.0,0.0,0.0,0.0,1.0,0.0,0.0,0.0,0.0,0.0,0.0,0.0,1.0,3.0,1.0,3928211754.0,-1.0,省直辖县级行政区划东方市,省直辖县级行政区划东方市天安乡,10.0,20.4,0.0,2.0,32.4,32.05,32.16751592356688,40.486363636363635
海南省,省直辖县级行政区划,东方市,江边乡,108.9732599,18.8966539,0.0,2.0,0.0,0.0,1.0,0.0,0.0,0.0,0.0,0.0,0.0,0.0,0.0,0.0,0.0,0.0,0.0,0.0,0.0,0.0,6.0,0.0,0.0,0.0,0.0,1.0,0.0,0.0,0.0,0.0,0.0,0.0,0.0,2.0,2.0,5.0,0.0,2.0,0.0,0.0,1.0,0.0,0.0,0.0,0.0,0.0,0.0,0.0,0.0,0.0,0.0,0.0,0.0,0.0,0.0,0.0,2.0,0.0,0.0,0.0,0.0,1.0,0.0,0.0,0.0,0.0,0.0,0.0,0.0,1.0,2.0,2.0,6202777747.0,-1.0,省直辖县级行政区划东方市,省直辖县级行政区划东方市江边乡,8.0,6.5,0.0,2.5,17.0,32.05,32.16751592356688,40.486363636363635
海南省,省直辖县级行政区划,定安县,定城镇,110.323769,19.6997478,0.0,16.0,13.0,15.0,61.0,4.0,0.0,2.0,2.0,1.0,1.0,0.0,2.0,2.0,6.0,6.0,0.0,0.0,0.0,1.0,12.0,0.0,3.0,0.0,0.0,2.0,7.0,0.0,0.0,3.0,0.0,7.0,0.0,7.0,12.0,9.0,0.0,4.0,4.0,9.0,19.0,1.0,0.0,1.0,1.0,0.0,0.0,0.0,1.0,1.0,4.0,4.0,0.0,0.0,0.0,1.0,4.0,0.0,1.0,0.0,0.0,1.0,2.0,0.0,0.0,0.0,0.0,2.0,0.0,1.0,7.0,5.0,3912610366.0,-1.0,省直辖县级行政区划定安县,省直辖县级行政区划定安县定城镇,9.0,30.0,11.0,5.2,55.2,27.1,32.16751592356688,40.486363636363635
海南省,省直辖县级行政区划,定安县,新竹镇,110.206504,19.621577,0.0,3.0,5.0,4.0,10.0,0.0,0.0,0.0,0.0,0.0,0.0,0.0,0.0,0.0,0.0,0.0,0.0,0.0,0.0,0.0,5.0,0.0,0.0,0.0,0.0,1.0,0.0,0.0,0.0,0.0,0.0,0.0,0.0,3.0,4.0,3.0,0.0,1.0,1.0,1.0,1.0,0.0,0.0,0.0,0.0,0.0,0.0,0.0,0.0,0.0,0.0,0.0,0.0,0.0,0.0,0.0,1.0,0.0,0.0,0.0,0.0,1.0,0.0,0.0,0.0,0.0,0.0,0.0,0.0,3.0,4.0,1.0,3927231392.0,-1.0,省直辖县级行政区划定安县,省直辖县级行政区划定安县新竹镇,8.0,13.3,0.0,1.5,22.8,27.1,32.16751592356688,40.486363636363635
海南省,省直辖县级行政区划,定安县,龙湖镇,110.397491,19.57642,0.0,0.0,5.0,3.0,28.0,0.0,0.0,0.0,0.0,0.0,0.0,0.0,0.0,0.0,0.0,0.0,0.0,0.0,0.0,0.0,21.0,0.0,3.0,0.0,2.0,0.0,0.0,0.0,0.0,0.0,0.0,2.0,0.0,4.0,9.0,7.0,0.0,0.0,4.0,0.0,5.0,0.0,0.0,0.0,0.0,0.0,0.0,0.0,0.0,0.0,0.0,0.0,0.0,0.0,0.0,0.0,4.0,0.0,1.0,0.0,0.0,0.0,0.0,0.0,0.0,0.0,0.0,2.0,0.0,1.0,7.0,5.0,-1.0,-1.0,省直辖县级行政区划定安县,省直辖县级行政区划定安县龙湖镇,0.0,19.1,0.0,3.5,22.6,27.1,32.16751592356688,40.486363636363635
海南省,省直辖县级行政区划,定安县,黄竹镇,110.4412982,19.4766281,2.0,2.0,0.0,5.0,37.0,0.0,0.0,0.0,0.0,0.0,1.0,0.0,0.0,0.0,0.0,0.0,0.0,0.0,0.0,0.0,0.0,0.0,0.0,0.0,0.0,1.0,0.0,0.0,0.0,0.0,0.0,0.0,0.0,3.0,8.0,3.0,1.0,0.0,0.0,4.0,32.0,0.0,0.0,0.0,0.0,0.0,0.0,0.0,0.0,0.0,0.0,0.0,0.0,0.0,0.0,0.0,0.0,0.0,0.0,0.0,0.0,1.0,0.0,0.0,0.0,0.0,0.0,0.0,0.0,3.0,5.0,2.0,3927119555.0,-1.0,省直辖县级行政区划定安县,省直辖县级行政区划定安县黄竹镇,8.0,26.0,0.0,1.5,35.5,27.1,32.16751592356688,40.486363636363635
海南省,省直辖县级行政区划,定安县,雷鸣镇,110.3216747,19.5560961,0.0,5.0,1.0,3.0,25.0,0.0,0.0,0.0,0.0,0.0,0.0,0.0,0.0,0.0,0.0,0.0,0.0,0.0,0.0,0.0,39.0,0.0,0.0,0.0,0.0,1.0,1.0,0.0,0.0,0.0,0.0,1.0,0.0,2.0,5.0,5.0,0.0,3.0,0.0,2.0,6.0,0.0,0.0,0.0,0.0,0.0,0.0,0.0,0.0,0.0,0.0,0.0,0.0,0.0,0.0,0.0,5.0,0.0,0.0,0.0,0.0,1.0,1.0,0.0,0.0,0.0,0.0,1.0,0.0,1.0,4.0,3.0,3927231389.0,-1.0,省直辖县级行政区划定安县,省直辖县级行政区划定安县雷鸣镇,8.0,17.3,0.0,2.7,28.0,27.1,32.16751592356688,40.486363636363635
海南省,省直辖县级行政区划,定安县,龙门镇,110.3263378,19.4455101,0.0,2.0,1.0,2.0,5.0,0.0,0.0,0.0,0.0,0.0,0.0,0.0,0.0,0.0,0.0,0.0,0.0,0.0,0.0,0.0,0.0,0.0,0.0,0.0,0.0,1.0,0.0,0.0,0.0,0.0,0.0,0.0,0.0,2.0,4.0,1.0,0.0,2.0,0.0,1.0,5.0,0.0,0.0,0.0,0.0,0.0,0.0,0.0,0.0,0.0,0.0,0.0,0.0,0.0,0.0,0.0,0.0,0.0,0.0,0.0,0.0,1.0,0.0,0.0,0.0,0.0,0.0,0.0,0.0,1.0,3.0,0.0,9352693693.0,-1.0,省直辖县级行政区划定安县,省直辖县级行政区划定安县龙门镇,8.0,11.5,0.0,0.5,20.0,27.1,32.16751592356688,40.486363636363635
海南省,省直辖县级行政区划,定安县,龙河镇,110.2135574,19.3831313,0.0,4.0,0.0,4.0,12.0,0.0,0.0,0.0,0.0,0.0,0.0,0.0,0.0,0.0,0.0,0.0,0.0,0.0,0.0,0.0,0.0,0.0,0.0,0.0,0.0,1.0,0.0,0.0,0.0,0.0,0.0,0.0,0.0,1.0,3.0,2.0,0.0,2.0,0.0,3.0,12.0,0.0,0.0,0.0,0.0,0.0,0.0,0.0,0.0,0.0,0.0,0.0,0.0,0.0,0.0,0.0,0.0,0.0,0.0,0.0,0.0,1.0,0.0,0.0,0.0,0.0,0.0,0.0,0.0,1.0,3.0,0.0,11593565758.0,-1.0,省直辖县级行政区划定安县,省直辖县级行政区划定安县龙河镇,8.0,16.5,0.0,1.0,25.5,27.1,32.16751592356688,40.486363636363635
海南省,省直辖县级行政区划,定安县,岭口镇,110.3038135,19.3451588,0.0,1.0,1.0,0.0,18.0,0.0,0.0,0.0,0.0,0.0,0.0,0.0,0.0,0.0,0.0,0.0,0.0,0.0,0.0,0.0,0.0,0.0,0.0,0.0,0.0,1.0,0.0,0.0,0.0,0.0,0.0,0.0,0.0,3.0,3.0,0.0,0.0,1.0,1.0,0.0,3.0,0.0,0.0,0.0,0.0,0.0,0.0,0.0,0.0,0.0,0.0,0.0,0.0,0.0,0.0,0.0,0.0,0.0,0.0,0.0,0.0,1.0,0.0,0.0,0.0,0.0,0.0,0.0,0.0,1.0,3.0,0.0,11283555784.0,-1.0,省直辖县级行政区划定安县,省直辖县级行政区划定安县岭口镇,8.0,11.0,0.0,0.0,19.0,27.1,32.16751592356688,40.486363636363635
海南省,省直辖县级行政区划,定安县,翰林镇,110.2585445,19.333483,0.0,4.0,1.0,1.0,20.0,0.0,0.0,0.0,0.0,0.0,0.0,0.0,0.0,0.0,0.0,0.0,0.0,0.0,0.0,0.0,10.0,0.0,0.0,0.0,0.0,1.0,0.0,0.0,0.0,1.0,0.0,0.0,0.0,1.0,5.0,2.0,0.0,3.0,1.0,1.0,15.0,0.0,0.0,0.0,0.0,0.0,0.0,0.0,0.0,0.0,0.0,0.0,0.0,0.0,0.0,0.0,1.0,0.0,0.0,0.0,0.0,1.0,0.0,0.0,0.0,0.0,0.0,0.0,0.0,1.0,5.0,1.0,5068026387.0,-1.0,省直辖县级行政区划定安县,省直辖县级行政区划定安县翰林镇,8.0,17.0,0.0,1.1,26.1,27.1,32.16751592356688,40.486363636363635
海南省,省直辖县级行政区划,定安县,富文镇,110.2578752,19.5531383,0.0,0.0,3.0,0.0,1.0,0.0,0.0,0.0,0.0,0.0,0.0,0.0,0.0,0.0,0.0,0.0,0.0,0.0,0.0,0.0,2.0,0.0,0.0,0.0,0.0,1.0,1.0,0.0,0.0,0.0,0.0,0.0,0.0,1.0,2.0,4.0,0.0,0.0,3.0,0.0,0.0,0.0,0.0,0.0,0.0,0.0,0.0,0.0,0.0,0.0,0.0,0.0,0.0,0.0,0.0,0.0,1.0,0.0,0.0,0.0,0.0,1.0,0.0,0.0,0.0,0.0,0.0,0.0,0.0,1.0,1.0,1.0,3927231388.0,-1.0,省直辖县级行政区划定安县,省直辖县级行政区划定安县富文镇,8.0,6.2,0.0,2.1,16.3,27.1,32.16751592356688,40.486363636363635
海南省,省直辖县级行政区划,屯昌县,屯城镇,110.0957964,19.357786,5.0,9.0,3.0,18.0,157.0,3.0,0.0,10.0,0.0,1.0,1.0,3.0,2.0,2.0,0.0,0.0,0.0,0.0,0.0,2.0,29.0,0.0,3.0,0.0,0.0,2.0,28.0,0.0,0.0,6.0,0.0,29.0,1.0,3.0,11.0,10.0,2.0,5.0,2.0,5.0,68.0,1.0,0.0,1.0,0.0,1.0,0.0,1.0,2.0,2.0,0.0,0.0,0.0,0.0,0.0,2.0,1.0,0.0,0.0,0.0,0.0,2.0,5.0,0.0,0.0,3.0,0.0,4.0,1.0,3.0,8.0,6.0,3919194331.0,-1.0,省直辖县级行政区划屯昌县,省直辖县级行政区划屯昌县屯城镇,9.0,28.0,12.0,8.2,57.2,40.0625,32.16751592356688,40.486363636363635
海南省,省直辖县级行政区划,屯昌县,新兴镇,110.1777234,19.5110509,2.0,0.0,0.0,2.0,8.0,0.0,0.0,0.0,0.0,0.0,0.0,0.0,0.0,0.0,0.0,0.0,0.0,0.0,0.0,0.0,0.0,0.0,0.0,0.0,0.0,1.0,1.0,0.0,0.0,1.0,0.0,0.0,0.0,2.0,4.0,2.0,2.0,0.0,0.0,2.0,6.0,0.0,0.0,0.0,0.0,0.0,0.0,0.0,0.0,0.0,0.0,0.0,0.0,0.0,0.0,0.0,0.0,0.0,0.0,0.0,0.0,1.0,0.0,0.0,0.0,0.0,0.0,0.0,0.0,2.0,3.0,0.0,3918762099.0,-1.0,省直辖县级行政区划屯昌县,省直辖县级行政区划屯昌县新兴镇,8.0,12.4,0.0,1.2,21.599999999999998,40.0625,32.16751592356688,40.486363636363635
海南省,省直辖县级行政区划,屯昌县,枫木镇,110.0098194,19.210943,11.0,0.0,2.0,13.0,33.0,7.0,0.0,0.0,0.0,0.0,1.0,1.0,1.0,1.0,2.0,2.0,0.0,0.0,0.0,0.0,13.0,0.0,0.0,0.0,0.0,10.0,18.0,0.0,0.0,1.0,0.0,2.0,0.0,4.0,11.0,6.0,2.0,0.0,1.0,5.0,6.0,1.0,0.0,0.0,0.0,0.0,1.0,1.0,1.0,1.0,1.0,1.0,0.0,0.0,0.0,0.0,4.0,0.0,0.0,0.0,0.0,2.0,0.0,0.0,0.0,0.0,0.0,2.0,0.0,2.0,5.0,3.0,3912911918.0,-1.0,省直辖县级行政区划屯昌县,省直辖县级行政区划屯昌县枫木镇,12.0,24.4,15.0,4.9,56.3,40.0625,32.16751592356688,40.486363636363635
海南省,省直辖县级行政区划,屯昌县,乌坡镇,110.0707224,19.1812883,0.0,0.0,4.0,21.0,7.0,0.0,0.0,0.0,0.0,0.0,0.0,0.0,0.0,0.0,0.0,0.0,0.0,0.0,0.0,0.0,14.0,0.0,0.0,0.0,0.0,1.0,0.0,0.0,0.0,0.0,0.0,0.0,0.0,1.0,4.0,2.0,0.0,0.0,1.0,9.0,4.0,0.0,0.0,0.0,0.0,0.0,0.0,0.0,0.0,0.0,0.0,0.0,0.0,0.0,0.0,0.0,1.0,0.0,0.0,0.0,0.0,1.0,0.0,0.0,0.0,0.0,0.0,0.0,0.0,1.0,4.0,1.0,3912911921.0,-1.0,省直辖县级行政区划屯昌县,省直辖县级行政区划屯昌县乌坡镇,8.0,14.6,0.0,1.0,23.6,40.0625,32.16751592356688,40.486363636363635
海南省,省直辖县级行政区划,屯昌县,南吕镇,110.0769138,19.2509887,1.0,0.0,5.0,12.0,80.0,0.0,0.0,0.0,0.0,0.0,0.0,0.0,0.0,0.0,0.0,0.0,0.0,0.0,0.0,0.0,6.0,0.0,0.0,0.0,0.0,1.0,43.0,0.0,0.0,0.0,0.0,1.0,0.0,2.0,6.0,5.0,0.0,0.0,2.0,6.0,28.0,0.0,0.0,0.0,0.0,0.0,0.0,0.0,0.0,0.0,0.0,0.0,0.0,0.0,0.0,0.0,1.0,0.0,0.0,0.0,0.0,1.0,4.0,0.0,0.0,0.0,0.0,0.0,0.0,1.0,5.0,2.0,6912364712.0,-1.0,省直辖县级行政区划屯昌县,省直辖县级行政区划屯昌县南吕镇,8.0,23.0,0.0,7.2,38.2,40.0625,32.16751592356688,40.486363636363635
海南省,省直辖县级行政区划,屯昌县,南坤镇,109.9460752,19.3187322,0.0,0.0,7.0,3.0,40.0,3.0,0.0,1.0,0.0,1.0,0.0,0.0,2.0,3.0,3.0,3.0,2.0,1.0,1.0,6.0,8.0,0.0,1.0,0.0,0.0,10.0,13.0,0.0,0.0,0.0,2.0,5.0,3.0,2.0,8.0,8.0,0.0,0.0,4.0,2.0,36.0,3.0,0.0,1.0,0.0,1.0,0.0,0.0,2.0,3.0,2.0,2.0,2.0,1.0,1.0,6.0,3.0,0.0,1.0,0.0,0.0,3.0,13.0,0.0,0.0,0.0,1.0,5.0,3.0,2.0,8.0,8.0,3912788575.0,-1.0,省直辖县级行政区划屯昌县,省直辖县级行政区划屯昌县南坤镇,12.0,26.0,25.0,6.6,69.6,40.0625,32.16751592356688,40.486363636363635
海南省,省直辖县级行政区划,屯昌县,坡心镇,110.089992,19.307854,1.0,0.0,1.0,6.0,49.0,1.0,0.0,0.0,0.0,0.0,0.0,0.0,0.0,0.0,0.0,0.0,0.0,0.0,0.0,0.0,14.0,0.0,6.0,0.0,0.0,0.0,0.0,0.0,0.0,0.0,0.0,0.0,0.0,1.0,6.0,4.0,1.0,0.0,0.0,0.0,9.0,0.0,0.0,0.0,0.0,0.0,0.0,0.0,0.0,0.0,0.0,0.0,0.0,0.0,0.0,0.0,4.0,0.0,0.0,0.0,0.0,0.0,0.0,0.0,0.0,0.0,0.0,0.0,0.0,1.0,3.0,3.0,-1.0,-1.0,省直辖县级行政区划屯昌县,省直辖县级行政区划屯昌县坡心镇,0.0,23.0,0.0,2.0,25.0,40.0625,32.16751592356688,40.486363636363635
海南省,省直辖县级行政区划,屯昌县,西昌镇,110.0409347,19.4352108,0.0,3.0,1.0,2.0,11.0,0.0,0.0,0.0,0.0,0.0,0.0,1.0,0.0,0.0,0.0,0.0,0.0,0.0,0.0,0.0,10.0,2.0,0.0,0.0,0.0,2.0,0.0,0.0,0.0,0.0,0.0,0.0,0.0,3.0,5.0,3.0,0.0,3.0,1.0,1.0,6.0,0.0,0.0,0.0,0.0,0.0,0.0,1.0,0.0,0.0,0.0,0.0,0.0,0.0,0.0,0.0,5.0,0.0,0.0,0.0,0.0,2.0,0.0,0.0,0.0,0.0,0.0,0.0,0.0,1.0,5.0,1.0,4531914465.0,-1.0,省直辖县级行政区划屯昌县,省直辖县级行政区划屯昌县西昌镇,9.0,13.5,5.0,1.5,29.0,40.0625,32.16751592356688,40.486363636363635
海南省,省直辖县级行政区划,澄迈县,金江镇,110.0056865,19.7383584,0.0,20.0,12.0,22.0,52.0,1.0,0.0,0.0,0.0,0.0,3.0,2.0,0.0,0.0,1.0,1.0,0.0,0.0,0.0,0.0,2.0,0.0,0.0,0.0,0.0,2.0,13.0,0.0,0.0,2.0,0.0,14.0,0.0,3.0,8.0,5.0,0.0,8.0,7.0,14.0,28.0,1.0,0.0,0.0,0.0,0.0,1.0,2.0,0.0,0.0,0.0,0.0,0.0,0.0,0.0,0.0,1.0,0.0,0.0,0.0,0.0,2.0,2.0,0.0,0.0,0.0,0.0,0.0,0.0,3.0,6.0,4.0,4531910028.0,-1.0,省直辖县级行政区划澄迈县,省直辖县级行政区划澄迈县金江镇,9.0,26.0,5.0,4.2,44.2,29.91818181818182,32.16751592356688,40.486363636363635
海南省,省直辖县级行政区划,澄迈县,老城镇,110.11647,19.945385,17.0,6.0,17.0,43.0,58.0,26.0,0.0,2.0,3.0,1.0,0.0,1.0,0.0,0.0,5.0,5.0,0.0,0.0,0.0,0.0,47.0,5.0,14.0,0.0,9.0,0.0,21.0,0.0,6.0,3.0,1.0,20.0,0.0,8.0,14.0,15.0,0.0,0.0,11.0,8.0,4.0,0.0,0.0,0.0,0.0,0.0,0.0,1.0,0.0,0.0,1.0,1.0,0.0,0.0,0.0,0.0,15.0,2.0,1.0,0.0,4.0,0.0,2.0,0.0,0.0,0.0,1.0,5.0,0.0,0.0,3.0,7.0,-1.0,-1.0,省直辖县级行政区划澄迈县,省直辖县级行政区划澄迈县老城镇,0.0,28.0,10.0,6.6,44.6,29.91818181818182,32.16751592356688,40.486363636363635
海南省,省直辖县级行政区划,澄迈县,瑞溪镇,110.1247455,19.735498,0.0,0.0,4.0,11.0,10.0,0.0,0.0,0.0,0.0,0.0,0.0,0.0,0.0,0.0,0.0,0.0,0.0,0.0,0.0,0.0,3.0,0.0,0.0,0.0,0.0,3.0,0.0,0.0,0.0,0.0,0.0,0.0,0.0,2.0,4.0,5.0,0.0,0.0,1.0,2.0,3.0,0.0,0.0,0.0,0.0,0.0,0.0,0.0,0.0,0.0,0.0,0.0,0.0,0.0,0.0,0.0,0.0,0.0,0.0,0.0,0.0,1.0,0.0,0.0,0.0,0.0,0.0,0.0,0.0,2.0,3.0,2.0,3919137785.0,-1.0,省直辖县级行政区划澄迈县,省直辖县级行政区划澄迈县瑞溪镇,10.0,14.9,0.0,2.5,27.4,29.91818181818182,32.16751592356688,40.486363636363635
海南省,省直辖县级行政区划,澄迈县,永发镇,110.194837,19.748335,3.0,0.0,7.0,11.0,32.0,0.0,0.0,0.0,0.0,0.0,0.0,0.0,0.0,0.0,0.0,0.0,0.0,0.0,0.0,0.0,14.0,0.0,3.0,0.0,1.0,1.0,1.0,0.0,0.0,2.0,0.0,0.0,0.0,6.0,7.0,7.0,3.0,0.0,1.0,1.0,4.0,0.0,0.0,0.0,0.0,0.0,0.0,0.0,0.0,0.0,0.0,0.0,0.0,0.0,0.0,0.0,4.0,0.0,2.0,0.0,0.0,1.0,0.0,0.0,0.0,2.0,0.0,0.0,0.0,3.0,4.0,4.0,3926851063.0,-1.0,省直辖县级行政区划澄迈县,省直辖县级行政区划澄迈县永发镇,8.0,21.1,0.0,4.0,33.1,29.91818181818182,32.16751592356688,40.486363636363635
海南省,省直辖县级行政区划,澄迈县,加乐镇,109.9965978,19.5868237,0.0,2.0,0.0,0.0,6.0,0.0,0.0,0.0,0.0,0.0,0.0,0.0,0.0,0.0,0.0,0.0,0.0,0.0,0.0,0.0,0.0,0.0,0.0,0.0,0.0,1.0,0.0,0.0,0.0,0.0,0.0,0.0,0.0,1.0,2.0,0.0,0.0,1.0,0.0,0.0,0.0,0.0,0.0,0.0,0.0,0.0,0.0,0.0,0.0,0.0,0.0,0.0,0.0,0.0,0.0,0.0,0.0,0.0,0.0,0.0,0.0,1.0,0.0,0.0,0.0,0.0,0.0,0.0,0.0,1.0,1.0,0.0,9237850070.0,-1.0,省直辖县级行政区划澄迈县,省直辖县级行政区划澄迈县加乐镇,8.0,7.2,0.0,0.0,15.2,29.91818181818182,32.16751592356688,40.486363636363635
海南省,省直辖县级行政区划,澄迈县,文儒镇,110.0553703,19.5381944,0.0,4.0,3.0,0.0,4.0,1.0,0.0,0.0,0.0,0.0,0.0,0.0,0.0,0.0,1.0,1.0,0.0,0.0,0.0,0.0,0.0,0.0,0.0,0.0,0.0,3.0,0.0,0.0,0.0,0.0,0.0,0.0,0.0,1.0,4.0,2.0,0.0,3.0,1.0,0.0,2.0,1.0,0.0,0.0,0.0,0.0,0.0,0.0,0.0,0.0,1.0,1.0,0.0,0.0,0.0,0.0,0.0,0.0,0.0,0.0,0.0,2.0,0.0,0.0,0.0,0.0,0.0,0.0,0.0,1.0,4.0,0.0,6912368588.0,-1.0,省直辖县级行政区划澄迈县,省直辖县级行政区划澄迈县文儒镇,10.0,8.4,5.0,1.0,24.4,29.91818181818182,32.16751592356688,40.486363636363635
海南省,省直辖县级行政区划,澄迈县,中兴镇,109.85419,19.5694809,0.0,0.0,6.0,3.0,10.0,0.0,0.0,0.0,0.0,0.0,0.0,0.0,0.0,0.0,0.0,0.0,0.0,0.0,0.0,0.0,5.0,0.0,0.0,0.0,0.0,1.0,0.0,0.0,0.0,0.0,0.0,0.0,0.0,2.0,4.0,3.0,0.0,0.0,5.0,0.0,3.0,0.0,0.0,0.0,0.0,0.0,0.0,0.0,0.0,0.0,0.0,0.0,0.0,0.0,0.0,0.0,0.0,0.0,0.0,0.0,0.0,1.0,0.0,0.0,0.0,0.0,0.0,0.0,0.0,1.0,2.0,0.0,3919300051.0,-1.0,省直辖县级行政区划澄迈县,省直辖县级行政区划澄迈县中兴镇,8.0,12.9,0.0,1.5,22.4,29.91818181818182,32.16751592356688,40.486363636363635
海南省,省直辖县级行政区划,澄迈县,仁兴镇,109.893303,19.504041,0.0,1.0,3.0,2.0,17.0,0.0,0.0,0.0,0.0,0.0,0.0,0.0,0.0,0.0,0.0,0.0,0.0,0.0,0.0,0.0,4.0,0.0,0.0,0.0,0.0,2.0,0.0,0.0,0.0,1.0,0.0,0.0,0.0,0.0,5.0,2.0,0.0,1.0,2.0,0.0,2.0,0.0,0.0,0.0,0.0,0.0,0.0,0.0,0.0,0.0,0.0,0.0,0.0,0.0,0.0,0.0,0.0,0.0,0.0,0.0,0.0,0.0,0.0,0.0,0.0,0.0,0.0,0.0,0.0,0.0,3.0,0.0,-1.0,-1.0,省直辖县级行政区划澄迈县,省直辖县级行政区划澄迈县仁兴镇,2.0,13.5,0.0,1.1,16.6,29.91818181818182,32.16751592356688,40.486363636363635
海南省,省直辖县级行政区划,澄迈县,福山镇,109.9260761,19.8375397,10.0,0.0,5.0,3.0,7.0,0.0,0.0,0.0,0.0,0.0,0.0,0.0,0.0,0.0,0.0,0.0,0.0,0.0,0.0,0.0,5.0,0.0,1.0,0.0,1.0,1.0,0.0,0.0,0.0,1.0,0.0,2.0,0.0,2.0,6.0,9.0,6.0,0.0,5.0,1.0,6.0,0.0,0.0,0.0,0.0,0.0,0.0,0.0,0.0,0.0,0.0,0.0,0.0,0.0,0.0,0.0,1.0,0.0,0.0,0.0,0.0,1.0,0.0,0.0,0.0,0.0,0.0,1.0,0.0,2.0,6.0,3.0,3928146534.0,-1.0,省直辖县级行政区划澄迈县,省直辖县级行政区划澄迈县福山镇,8.0,14.2,0.0,4.1,26.299999999999997,29.91818181818182,32.16751592356688,40.486363636363635
海南省,省直辖县级行政区划,澄迈县,桥头镇,109.9270444,19.9630681,0.0,16.0,2.0,8.0,292.0,2.0,0.0,6.0,0.0,0.0,0.0,2.0,0.0,0.0,0.0,0.0,0.0,0.0,0.0,0.0,25.0,0.0,0.0,0.0,0.0,6.0,0.0,0.0,0.0,4.0,0.0,2.0,0.0,2.0,9.0,8.0,0.0,0.0,2.0,1.0,46.0,0.0,0.0,0.0,0.0,0.0,0.0,1.0,0.0,0.0,0.0,0.0,0.0,0.0,0.0,0.0,2.0,0.0,0.0,0.0,0.0,1.0,0.0,0.0,0.0,0.0,0.0,1.0,0.0,1.0,4.0,3.0,12339066964.0,-1.0,省直辖县级行政区划澄迈县,省直辖县级行政区划澄迈县桥头镇,12.0,24.0,5.0,4.4,45.4,29.91818181818182,32.16751592356688,40.486363636363635
海南省,省直辖县级行政区划,澄迈县,大丰镇,110.038147,19.855536,0.0,6.0,0.0,6.0,27.0,2.0,0.0,8.0,0.0,1.0,0.0,0.0,0.0,0.0,1.0,1.0,0.0,0.0,0.0,0.0,12.0,0.0,1.0,0.0,3.0,0.0,0.0,0.0,0.0,0.0,0.0,5.0,0.0,0.0,7.0,6.0,0.0,0.0,0.0,3.0,2.0,0.0,0.0,0.0,0.0,0.0,0.0,0.0,0.0,0.0,1.0,1.0,0.0,0.0,0.0,0.0,1.0,0.0,1.0,0.0,0.0,0.0,0.0,0.0,0.0,0.0,0.0,2.0,0.0,0.0,2.0,4.0,-1.0,-1.0,省直辖县级行政区划澄迈县,省直辖县级行政区划澄迈县大丰镇,0.0,21.5,5.0,3.0,29.5,29.91818181818182,32.16751592356688,40.486363636363635
海南省,省直辖县级行政区划,临高县,临城镇,109.6843135,19.9086497,0.0,56.0,2.0,16.0,79.0,1.0,0.0,1.0,0.0,1.0,0.0,2.0,1.0,1.0,3.0,3.0,1.0,0.0,2.0,10.0,30.0,1.0,2.0,0.0,0.0,2.0,3.0,0.0,0.0,7.0,0.0,37.0,1.0,2.0,8.0,9.0,0.0,38.0,1.0,6.0,50.0,0.0,0.0,1.0,0.0,0.0,0.0,1.0,0.0,0.0,1.0,1.0,1.0,0.0,1.0,0.0,0.0,0.0,0.0,0.0,0.0,2.0,0.0,0.0,0.0,2.0,0.0,10.0,0.0,2.0,6.0,3.0,4531946568.0,-1.0,省直辖县级行政区划临高县,省直辖县级行政区划临高县临城镇,9.0,26.0,17.0,5.2,57.2,33.12,32.16751592356688,40.486363636363635
海南省,省直辖县级行政区划,临高县,波莲镇,109.650246,19.869187,0.0,1.0,1.0,4.0,3.0,0.0,0.0,0.0,0.0,0.0,0.0,0.0,0.0,0.0,2.0,2.0,0.0,0.0,0.0,0.0,22.0,0.0,0.0,0.0,0.0,0.0,0.0,0.0,0.0,1.0,0.0,10.0,0.0,1.0,4.0,6.0,0.0,1.0,1.0,1.0,3.0,0.0,0.0,0.0,0.0,0.0,0.0,0.0,0.0,0.0,2.0,2.0,0.0,0.0,0.0,0.0,5.0,0.0,0.0,0.0,0.0,0.0,0.0,0.0,0.0,0.0,0.0,8.0,0.0,0.0,4.0,3.0,-1.0,-1.0,省直辖县级行政区划临高县,省直辖县级行政区划临高县波莲镇,0.0,12.5,5.0,3.1,20.6,33.12,32.16751592356688,40.486363636363635
海南省,省直辖县级行政区划,临高县,东英镇,109.648634,19.959022,0.0,0.0,1.0,5.0,3.0,5.0,0.0,0.0,0.0,0.0,0.0,0.0,0.0,0.0,0.0,0.0,0.0,0.0,0.0,0.0,10.0,0.0,0.0,0.0,0.0,0.0,4.0,0.0,0.0,44.0,0.0,6.0,0.0,0.0,6.0,7.0,0.0,0.0,1.0,4.0,0.0,0.0,0.0,0.0,0.0,0.0,0.0,0.0,0.0,0.0,0.0,0.0,0.0,0.0,0.0,0.0,5.0,0.0,0.0,0.0,0.0,0.0,0.0,0.0,0.0,0.0,0.0,2.0,0.0,0.0,2.0,2.0,-1.0,-1.0,省直辖县级行政区划临高县,省直辖县级行政区划临高县东英镇,0.0,13.6,0.0,8.3,21.9,33.12,32.16751592356688,40.486363636363635
海南省,省直辖县级行政区划,临高县,博厚镇,109.745762,19.883721,0.0,24.0,5.0,4.0,12.0,6.0,0.0,0.0,3.0,1.0,0.0,0.0,0.0,0.0,0.0,0.0,0.0,0.0,0.0,0.0,22.0,0.0,1.0,0.0,0.0,0.0,3.0,0.0,0.0,3.0,0.0,10.0,0.0,3.0,11.0,11.0,0.0,2.0,0.0,4.0,5.0,0.0,0.0,0.0,0.0,0.0,0.0,0.0,0.0,0.0,0.0,0.0,0.0,0.0,0.0,0.0,6.0,0.0,0.0,0.0,0.0,0.0,2.0,0.0,0.0,0.0,0.0,8.0,0.0,0.0,4.0,8.0,-1.0,-1.0,省直辖县级行政区划临高县,省直辖县级行政区划临高县博厚镇,0.0,20.9,0.0,4.8,25.7,33.12,32.16751592356688,40.486363636363635
海南省,省直辖县级行政区划,临高县,皇桐镇,109.846393,19.832887,0.0,3.0,0.0,3.0,18.0,2.0,0.0,0.0,0.0,0.0,0.0,0.0,0.0,0.0,0.0,0.0,0.0,0.0,0.0,0.0,15.0,0.0,0.0,0.0,0.0,1.0,0.0,0.0,0.0,0.0,0.0,3.0,0.0,2.0,5.0,6.0,0.0,1.0,0.0,2.0,2.0,2.0,0.0,0.0,0.0,0.0,0.0,0.0,0.0,0.0,0.0,0.0,0.0,0.0,0.0,0.0,3.0,0.0,0.0,0.0,0.0,0.0,0.0,0.0,0.0,0.0,0.0,3.0,0.0,0.0,4.0,3.0,-1.0,-1.0,省直辖县级行政区划临高县,省直辖县级行政区划临高县皇桐镇,1.0,14.7,0.0,3.0,18.7,33.12,32.16751592356688,40.486363636363635
海南省,省直辖县级行政区划,临高县,多文镇,109.7654235,19.7751442,2.0,0.0,5.0,7.0,29.0,3.0,0.0,0.0,0.0,0.0,1.0,0.0,0.0,0.0,0.0,0.0,0.0,0.0,0.0,0.0,14.0,0.0,2.0,0.0,0.0,5.0,12.0,0.0,0.0,4.0,0.0,1.0,0.0,2.0,6.0,8.0,1.0,0.0,2.0,1.0,16.0,1.0,0.0,0.0,0.0,0.0,0.0,0.0,0.0,0.0,0.0,0.0,0.0,0.0,0.0,0.0,2.0,0.0,1.0,0.0,0.0,2.0,4.0,0.0,0.0,1.0,0.0,0.0,0.0,2.0,6.0,3.0,8818244142.0,-1.0,省直辖县级行政区划临高县,省直辖县级行政区划临高县多文镇,12.0,25.0,0.0,6.1,43.1,33.12,32.16751592356688,40.486363636363635
海南省,省直辖县级行政区划,临高县,和舍镇,109.720752,19.597343,8.0,0.0,1.0,14.0,18.0,0.0,0.0,0.0,0.0,0.0,0.0,0.0,0.0,0.0,0.0,0.0,0.0,0.0,0.0,0.0,10.0,0.0,1.0,0.0,0.0,8.0,0.0,0.0,0.0,0.0,0.0,1.0,0.0,5.0,5.0,6.0,3.0,0.0,1.0,8.0,15.0,0.0,0.0,0.0,0.0,0.0,0.0,0.0,0.0,0.0,0.0,0.0,0.0,0.0,0.0,0.0,1.0,0.0,0.0,0.0,0.0,1.0,0.0,0.0,0.0,0.0,0.0,1.0,0.0,5.0,5.0,3.0,3920154214.0,-1.0,省直辖县级行政区划临高县,省直辖县级行政区划临高县和舍镇,12.0,20.6,0.0,3.0,35.6,33.12,32.16751592356688,40.486363636363635
海南省,省直辖县级行政区划,临高县,南宝镇,109.5922039,19.6805842,0.0,2.0,1.0,2.0,4.0,0.0,0.0,0.0,0.0,0.0,0.0,0.0,0.0,0.0,0.0,0.0,0.0,0.0,0.0,0.0,0.0,0.0,0.0,0.0,0.0,2.0,0.0,0.0,0.0,0.0,0.0,1.0,0.0,4.0,4.0,1.0,0.0,1.0,0.0,1.0,4.0,0.0,0.0,0.0,0.0,0.0,0.0,0.0,0.0,0.0,0.0,0.0,0.0,0.0,0.0,0.0,0.0,0.0,0.0,0.0,0.0,1.0,0.0,0.0,0.0,0.0,0.0,1.0,0.0,1.0,3.0,1.0,5042025343.0,-1.0,省直辖县级行政区划临高县,省直辖县级行政区划临高县南宝镇,9.0,11.0,0.0,0.5,20.5,33.12,32.16751592356688,40.486363636363635
海南省,省直辖县级行政区划,临高县,新盈镇,109.536349,19.89513,0.0,0.0,4.0,2.0,47.0,27.0,0.0,0.0,0.0,0.0,0.0,0.0,0.0,0.0,0.0,0.0,0.0,0.0,0.0,0.0,13.0,0.0,7.0,0.0,0.0,5.0,24.0,0.0,1.0,10.0,0.0,19.0,2.0,5.0,6.0,14.0,0.0,0.0,1.0,1.0,19.0,4.0,0.0,0.0,0.0,0.0,0.0,0.0,0.0,0.0,0.0,0.0,0.0,0.0,0.0,0.0,2.0,0.0,1.0,0.0,0.0,1.0,7.0,0.0,1.0,0.0,0.0,12.0,1.0,0.0,6.0,7.0,-1.0,-1.0,省直辖县级行政区划临高县,省直辖县级行政区划临高县新盈镇,5.0,23.0,0.0,8.100000000000001,36.1,33.12,32.16751592356688,40.486363636363635
海南省,省直辖县级行政区划,临高县,调楼镇,109.5424434,19.9312613,0.0,0.0,14.0,7.0,46.0,35.0,0.0,1.0,0.0,0.0,1.0,1.0,0.0,0.0,4.0,4.0,0.0,0.0,0.0,0.0,19.0,0.0,0.0,0.0,0.0,7.0,2.0,0.0,0.0,6.0,0.0,20.0,0.0,3.0,6.0,8.0,0.0,0.0,4.0,2.0,17.0,20.0,0.0,1.0,0.0,0.0,1.0,1.0,0.0,0.0,3.0,3.0,0.0,0.0,0.0,0.0,5.0,0.0,0.0,0.0,0.0,2.0,0.0,0.0,0.0,0.0,0.0,7.0,0.0,0.0,5.0,5.0,9937586013.0,-1.0,省直辖县级行政区划临高县,省直辖县级行政区划临高县调楼镇,12.0,25.0,10.0,4.8,51.8,33.12,32.16751592356688,40.486363636363635
海南省,省直辖县级行政区划,白沙黎族自治县,牙叉镇,109.4454011,19.2260317,15.0,6.0,8.0,12.0,72.0,4.0,0.0,3.0,1.0,0.0,0.0,2.0,0.0,0.0,4.0,4.0,0.0,0.0,0.0,0.0,6.0,0.0,0.0,0.0,0.0,3.0,61.0,0.0,0.0,2.0,0.0,20.0,0.0,4.0,12.0,5.0,2.0,6.0,3.0,6.0,39.0,1.0,0.0,0.0,1.0,0.0,0.0,1.0,0.0,0.0,3.0,3.0,0.0,0.0,0.0,0.0,3.0,0.0,0.0,0.0,0.0,2.0,55.0,0.0,0.0,1.0,0.0,12.0,0.0,3.0,6.0,4.0,4531946536.0,-1.0,省直辖县级行政区划白沙黎族自治县,省直辖县级行政区划白沙黎族自治县牙叉镇,10.0,26.0,10.0,14.4,60.4,23.7,32.16751592356688,40.486363636363635
海南省,省直辖县级行政区划,白沙黎族自治县,七坊镇,109.235744,19.299924,1.0,0.0,3.0,1.0,6.0,0.0,0.0,0.0,0.0,0.0,0.0,0.0,0.0,0.0,0.0,0.0,0.0,0.0,0.0,0.0,1.0,0.0,0.0,0.0,0.0,4.0,2.0,0.0,0.0,0.0,0.0,0.0,0.0,3.0,5.0,3.0,1.0,0.0,1.0,0.0,3.0,0.0,0.0,0.0,0.0,0.0,0.0,0.0,0.0,0.0,0.0,0.0,0.0,0.0,0.0,0.0,0.0,0.0,0.0,0.0,0.0,2.0,0.0,0.0,0.0,0.0,0.0,0.0,0.0,2.0,3.0,1.0,3914857719.0,-1.0,省直辖县级行政区划白沙黎族自治县,省直辖县级行政区划白沙黎族自治县七坊镇,11.0,10.6,0.0,1.7,23.3,23.7,32.16751592356688,40.486363636363635
海南省,省直辖县级行政区划,白沙黎族自治县,邦溪镇,109.09786,19.370636,3.0,1.0,0.0,3.0,9.0,1.0,0.0,0.0,0.0,0.0,0.0,0.0,0.0,0.0,0.0,0.0,0.0,0.0,0.0,0.0,0.0,0.0,0.0,0.0,0.0,2.0,2.0,0.0,0.0,0.0,0.0,0.0,0.0,3.0,6.0,2.0,3.0,1.0,0.0,0.0,3.0,1.0,0.0,0.0,0.0,0.0,0.0,0.0,0.0,0.0,0.0,0.0,0.0,0.0,0.0,0.0,0.0,0.0,0.0,0.0,0.0,1.0,0.0,0.0,0.0,0.0,0.0,0.0,0.0,2.0,4.0,1.0,3915104701.0,-1.0,省直辖县级行政区划白沙黎族自治县,省直辖县级行政区划白沙黎族自治县邦溪镇,9.0,13.7,0.0,1.2,23.9,23.7,32.16751592356688,40.486363636363635
海南省,省直辖县级行政区划,白沙黎族自治县,打安镇,109.368541,19.285349,6.0,0.0,3.0,0.0,5.0,0.0,0.0,0.0,0.0,0.0,0.0,0.0,0.0,0.0,0.0,0.0,0.0,0.0,0.0,0.0,3.0,0.0,1.0,0.0,0.0,1.0,2.0,0.0,0.0,0.0,0.0,0.0,0.0,1.0,5.0,4.0,1.0,0.0,0.0,0.0,4.0,0.0,0.0,0.0,0.0,0.0,0.0,0.0,0.0,0.0,0.0,0.0,0.0,0.0,0.0,0.0,2.0,0.0,0.0,0.0,0.0,1.0,1.0,0.0,0.0,0.0,0.0,0.0,0.0,1.0,3.0,2.0,3914016084.0,-1.0,省直辖县级行政区划白沙黎族自治县,省直辖县级行政区划白沙黎族自治县打安镇,8.0,9.7,0.0,2.3,20.0,23.7,32.16751592356688,40.486363636363635
海南省,省直辖县级行政区划,白沙黎族自治县,细水乡,109.561383,19.206635,0.0,0.0,1.0,3.0,3.0,0.0,0.0,0.0,0.0,0.0,0.0,0.0,0.0,0.0,0.0,0.0,0.0,0.0,0.0,0.0,1.0,0.0,0.0,0.0,0.0,1.0,2.0,0.0,0.0,0.0,0.0,0.0,0.0,1.0,4.0,4.0,0.0,0.0,1.0,0.0,0.0,0.0,0.0,0.0,0.0,0.0,0.0,0.0,0.0,0.0,0.0,0.0,0.0,0.0,0.0,0.0,0.0,0.0,0.0,0.0,0.0,0.0,0.0,0.0,0.0,0.0,0.0,0.0,0.0,1.0,1.0,1.0,-1.0,-1.0,省直辖县级行政区划白沙黎族自治县,省直辖县级行政区划白沙黎族自治县细水乡,1.0,10.6,0.0,2.2,13.8,23.7,32.16751592356688,40.486363636363635
海南省,省直辖县级行政区划,白沙黎族自治县,元门乡,109.4832467,19.159638,3.0,0.0,0.0,0.0,4.0,0.0,0.0,0.0,0.0,0.0,0.0,0.0,0.0,0.0,0.0,0.0,0.0,0.0,0.0,0.0,2.0,0.0,0.0,0.0,0.0,2.0,0.0,0.0,0.0,0.0,0.0,0.0,0.0,3.0,2.0,5.0,1.0,0.0,0.0,0.0,4.0,0.0,0.0,0.0,0.0,0.0,0.0,0.0,0.0,0.0,0.0,0.0,0.0,0.0,0.0,0.0,0.0,0.0,0.0,0.0,0.0,1.0,0.0,0.0,0.0,0.0,0.0,0.0,0.0,1.0,2.0,0.0,3918762101.0,-1.0,省直辖县级行政区划白沙黎族自治县,省直辖县级行政区划白沙黎族自治县元门乡,9.0,8.0,0.0,2.5,19.5,23.7,32.16751592356688,40.486363636363635
海南省,省直辖县级行政区划,白沙黎族自治县,南开乡,109.4099885,19.0794223,0.0,0.0,4.0,3.0,15.0,0.0,0.0,0.0,0.0,0.0,0.0,0.0,0.0,0.0,0.0,0.0,0.0,0.0,0.0,0.0,3.0,0.0,0.0,0.0,0.0,4.0,3.0,0.0,0.0,0.0,0.0,0.0,0.0,2.0,4.0,3.0,0.0,0.0,3.0,1.0,1.0,0.0,0.0,0.0,0.0,0.0,0.0,0.0,0.0,0.0,0.0,0.0,0.0,0.0,0.0,0.0,1.0,0.0,0.0,0.0,0.0,1.0,0.0,0.0,0.0,0.0,0.0,0.0,0.0,2.0,3.0,3.0,3915760372.0,-1.0,省直辖县级行政区划白沙黎族自治县,省直辖县级行政区划白沙黎族自治县南开乡,11.0,13.3,0.0,1.8,26.1,23.7,32.16751592356688,40.486363636363635
海南省,省直辖县级行政区划,白沙黎族自治县,阜龙乡,109.4563234,19.3245123,0.0,4.0,8.0,10.0,9.0,0.0,0.0,0.0,0.0,0.0,0.0,0.0,0.0,0.0,0.0,0.0,0.0,0.0,0.0,0.0,5.0,0.0,0.0,0.0,0.0,2.0,2.0,0.0,0.0,0.0,0.0,0.0,0.0,4.0,10.0,3.0,0.0,3.0,7.0,6.0,5.0,0.0,0.0,0.0,0.0,0.0,0.0,0.0,0.0,0.0,0.0,0.0,0.0,0.0,0.0,0.0,4.0,0.0,0.0,0.0,0.0,1.0,1.0,0.0,0.0,0.0,0.0,0.0,0.0,1.0,10.0,2.0,3913984498.0,-1.0,省直辖县级行政区划白沙黎族自治县,省直辖县级行政区划白沙黎族自治县阜龙乡,9.0,17.3,0.0,1.8,28.1,23.7,32.16751592356688,40.486363636363635
海南省,省直辖县级行政区划,白沙黎族自治县,青松乡,109.270939,19.155189,0.0,0.0,0.0,3.0,2.0,0.0,0.0,0.0,0.0,0.0,0.0,0.0,0.0,0.0,0.0,0.0,0.0,0.0,0.0,0.0,1.0,0.0,0.0,0.0,0.0,0.0,0.0,0.0,0.0,0.0,0.0,0.0,0.0,0.0,2.0,3.0,0.0,0.0,0.0,1.0,2.0,0.0,0.0,0.0,0.0,0.0,0.0,0.0,0.0,0.0,0.0,0.0,0.0,0.0,0.0,0.0,0.0,0.0,0.0,0.0,0.0,0.0,0.0,0.0,0.0,0.0,0.0,0.0,0.0,0.0,2.0,0.0,-1.0,-1.0,省直辖县级行政区划白沙黎族自治县,省直辖县级行政区划白沙黎族自治县青松乡,0.0,5.0,0.0,1.5,6.5,23.7,32.16751592356688,40.486363636363635
海南省,省直辖县级行政区划,白沙黎族自治县,金波乡,109.1720734,19.2381023,0.0,0.0,3.0,3.0,9.0,0.0,0.0,0.0,0.0,0.0,0.0,0.0,0.0,0.0,0.0,0.0,0.0,0.0,0.0,0.0,2.0,0.0,0.0,0.0,0.0,2.0,0.0,0.0,0.0,0.0,0.0,0.0,0.0,2.0,5.0,3.0,0.0,0.0,1.0,2.0,7.0,0.0,0.0,0.0,0.0,0.0,0.0,0.0,0.0,0.0,0.0,0.0,0.0,0.0,0.0,0.0,2.0,0.0,0.0,0.0,0.0,1.0,0.0,0.0,0.0,0.0,0.0,0.0,0.0,2.0,4.0,3.0,3914970501.0,-1.0,省直辖县级行政区划白沙黎族自治县,省直辖县级行政区划白沙黎族自治县金波乡,9.0,14.4,0.0,1.5,24.9,23.7,32.16751592356688,40.486363636363635
海南省,省直辖县级行政区划,白沙黎族自治县,荣邦乡,109.173431,19.414339,1.0,0.0,1.0,0.0,2.0,0.0,0.0,0.0,0.0,0.0,0.0,0.0,0.0,0.0,0.0,0.0,0.0,0.0,0.0,0.0,0.0,0.0,0.0,0.0,0.0,5.0,2.0,0.0,0.0,0.0,0.0,0.0,0.0,4.0,3.0,3.0,1.0,0.0,0.0,0.0,2.0,0.0,0.0,0.0,0.0,0.0,0.0,0.0,0.0,0.0,0.0,0.0,0.0,0.0,0.0,0.0,0.0,0.0,0.0,0.0,0.0,1.0,0.0,0.0,0.0,0.0,0.0,0.0,0.0,4.0,2.0,1.0,-1.0,-1.0,省直辖县级行政区划白沙黎族自治县,省直辖县级行政区划白沙黎族自治县荣邦乡,5.0,7.5,0.0,1.7,14.2,23.7,32.16751592356688,40.486363636363635
海南省,省直辖县级行政区划,昌江黎族自治县,石碌镇,109.0473774,19.2599196,0.0,11.0,44.0,28.0,35.0,1.0,0.0,0.0,1.0,0.0,0.0,1.0,1.0,1.0,0.0,0.0,0.0,0.0,0.0,2.0,1.0,0.0,4.0,0.0,0.0,1.0,15.0,0.0,0.0,3.0,0.0,0.0,1.0,1.0,7.0,8.0,0.0,5.0,3.0,16.0,8.0,0.0,0.0,0.0,0.0,0.0,0.0,0.0,0.0,0.0,0.0,0.0,0.0,0.0,0.0,1.0,0.0,0.0,1.0,0.0,0.0,1.0,0.0,0.0,0.0,0.0,0.0,0.0,1.0,1.0,6.0,4.0,4531938561.0,-1.0,省直辖县级行政区划昌江黎族自治县,省直辖县级行政区划昌江黎族自治县石碌镇,8.0,24.9,6.0,5.8,44.699999999999996,27.8375,32.16751592356688,40.486363636363635
海南省,省直辖县级行政区划,昌江黎族自治县,叉河镇,108.954452,19.2417014,3.0,3.0,1.0,11.0,16.0,3.0,0.0,0.0,0.0,0.0,1.0,0.0,0.0,0.0,1.0,1.0,0.0,0.0,0.0,0.0,5.0,0.0,7.0,0.0,0.0,1.0,0.0,0.0,0.0,0.0,0.0,5.0,0.0,4.0,8.0,7.0,3.0,0.0,1.0,2.0,11.0,1.0,0.0,0.0,0.0,0.0,1.0,0.0,0.0,0.0,0.0,0.0,0.0,0.0,0.0,0.0,0.0,0.0,1.0,0.0,0.0,1.0,0.0,0.0,0.0,0.0,0.0,0.0,0.0,2.0,7.0,3.0,9785761059.0,-1.0,省直辖县级行政区划昌江黎族自治县,省直辖县级行政区划昌江黎族自治县叉河镇,8.0,22.5,0.0,3.5,34.0,27.8375,32.16751592356688,40.486363636363635
海南省,省直辖县级行政区划,昌江黎族自治县,十月田镇,108.952224,19.328109,0.0,2.0,3.0,2.0,1.0,0.0,0.0,0.0,0.0,0.0,0.0,0.0,0.0,0.0,0.0,0.0,0.0,0.0,0.0,0.0,0.0,0.0,0.0,0.0,0.0,1.0,0.0,0.0,0.0,0.0,0.0,0.0,0.0,0.0,4.0,1.0,0.0,1.0,3.0,2.0,0.0,0.0,0.0,0.0,0.0,0.0,0.0,0.0,0.0,0.0,0.0,0.0,0.0,0.0,0.0,0.0,0.0,0.0,0.0,0.0,0.0,0.0,0.0,0.0,0.0,0.0,0.0,0.0,0.0,0.0,3.0,1.0,-1.0,-1.0,省直辖县级行政区划昌江黎族自治县,省直辖县级行政区划昌江黎族自治县十月田镇,1.0,9.2,0.0,0.5,10.7,27.8375,32.16751592356688,40.486363636363635
海南省,省直辖县级行政区划,昌江黎族自治县,乌烈镇,108.793947,19.288485,0.0,0.0,4.0,0.0,22.0,0.0,0.0,0.0,0.0,0.0,0.0,0.0,0.0,0.0,0.0,0.0,0.0,0.0,0.0,0.0,1.0,0.0,0.0,0.0,0.0,0.0,0.0,0.0,0.0,1.0,0.0,0.0,0.0,1.0,4.0,2.0,0.0,0.0,1.0,0.0,3.0,0.0,0.0,0.0,0.0,0.0,0.0,0.0,0.0,0.0,0.0,0.0,0.0,0.0,0.0,0.0,0.0,0.0,0.0,0.0,0.0,0.0,0.0,0.0,0.0,0.0,0.0,0.0,0.0,0.0,2.0,0.0,-1.0,-1.0,省直辖县级行政区划昌江黎族自治县,省直辖县级行政区划昌江黎族自治县乌烈镇,0.0,12.3,0.0,1.1,13.4,27.8375,32.16751592356688,40.486363636363635
海南省,省直辖县级行政区划,昌江黎族自治县,昌化镇,108.6772033,19.3311602,0.0,0.0,15.0,9.0,23.0,13.0,0.0,1.0,0.0,0.0,0.0,0.0,0.0,0.0,0.0,0.0,0.0,0.0,0.0,0.0,6.0,2.0,0.0,0.0,3.0,1.0,1.0,0.0,0.0,2.0,0.0,3.0,1.0,5.0,7.0,15.0,0.0,0.0,5.0,3.0,10.0,6.0,0.0,0.0,0.0,0.0,0.0,0.0,0.0,0.0,0.0,0.0,0.0,0.0,0.0,0.0,2.0,0.0,0.0,0.0,3.0,1.0,0.0,0.0,0.0,1.0,0.0,1.0,0.0,3.0,5.0,9.0,9785715679.0,-1.0,省直辖县级行政区划昌江黎族自治县,省直辖县级行政区划昌江黎族自治县昌化镇,8.0,21.1,0.0,4.4,33.5,27.8375,32.16751592356688,40.486363636363635
海南省,省直辖县级行政区划,昌江黎族自治县,海尾镇,108.8151348,19.4238715,0.0,0.0,10.0,1.0,31.0,1.0,0.0,0.0,0.0,0.0,0.0,0.0,0.0,0.0,2.0,2.0,0.0,0.0,0.0,0.0,5.0,0.0,0.0,0.0,0.0,1.0,1.0,0.0,0.0,7.0,0.0,7.0,0.0,3.0,5.0,6.0,0.0,0.0,3.0,1.0,18.0,1.0,0.0,0.0,0.0,0.0,0.0,0.0,0.0,0.0,2.0,2.0,0.0,0.0,0.0,0.0,5.0,0.0,0.0,0.0,0.0,1.0,1.0,0.0,0.0,3.0,0.0,6.0,0.0,3.0,5.0,6.0,9779569601.0,-1.0,省直辖县级行政区划昌江黎族自治县,省直辖县级行政区划昌江黎族自治县海尾镇,8.0,20.1,5.0,4.2,37.300000000000004,27.8375,32.16751592356688,40.486363636363635
海南省,省直辖县级行政区划,昌江黎族自治县,七叉镇,109.0672543,19.1165786,0.0,0.0,5.0,15.0,81.0,1.0,0.0,0.0,0.0,0.0,0.0,0.0,0.0,0.0,0.0,0.0,0.0,0.0,0.0,0.0,3.0,0.0,0.0,0.0,0.0,2.0,1.0,0.0,0.0,0.0,0.0,0.0,0.0,1.0,6.0,4.0,0.0,0.0,3.0,1.0,39.0,0.0,0.0,0.0,0.0,0.0,0.0,0.0,0.0,0.0,0.0,0.0,0.0,0.0,0.0,0.0,1.0,0.0,0.0,0.0,0.0,1.0,0.0,0.0,0.0,0.0,0.0,0.0,0.0,1.0,4.0,2.0,3928964075.0,-1.0,省直辖县级行政区划昌江黎族自治县,省直辖县级行政区划昌江黎族自治县七叉镇,9.0,23.0,0.0,2.1,34.1,27.8375,32.16751592356688,40.486363636363635
海南省,省直辖县级行政区划,昌江黎族自治县,王下乡,109.14213,19.0065471,0.0,0.0,3.0,0.0,0.0,0.0,0.0,0.0,0.0,0.0,0.0,0.0,0.0,0.0,0.0,0.0,0.0,0.0,0.0,0.0,0.0,0.0,0.0,0.0,0.0,1.0,0.0,0.0,0.0,0.0,0.0,0.0,0.0,0.0,1.0,3.0,0.0,0.0,3.0,0.0,0.0,0.0,0.0,0.0,0.0,0.0,0.0,0.0,0.0,0.0,0.0,0.0,0.0,0.0,0.0,0.0,0.0,0.0,0.0,0.0,0.0,1.0,0.0,0.0,0.0,0.0,0.0,0.0,0.0,0.0,1.0,3.0,3929137795.0,-1.0,省直辖县级行政区划昌江黎族自治县,省直辖县级行政区划昌江黎族自治县王下乡,8.0,5.5,0.0,1.5,15.0,27.8375,32.16751592356688,40.486363636363635
海南省,省直辖县级行政区划,乐东黎族自治县,抱由镇,109.1694923,18.751684,7.0,5.0,3.0,31.0,108.0,3.0,0.0,11.0,1.0,1.0,1.0,2.0,0.0,0.0,2.0,2.0,0.0,0.0,0.0,2.0,9.0,0.0,0.0,0.0,1.0,2.0,3.0,0.0,0.0,1.0,0.0,4.0,1.0,4.0,14.0,7.0,1.0,4.0,0.0,14.0,45.0,0.0,0.0,3.0,1.0,0.0,1.0,2.0,0.0,0.0,0.0,0.0,0.0,0.0,0.0,0.0,5.0,0.0,0.0,0.0,0.0,2.0,1.0,0.0,0.0,1.0,0.0,0.0,0.0,3.0,9.0,3.0,1711536920.0,-1.0,省直辖县级行政区划乐东黎族自治县,省直辖县级行政区划乐东黎族自治县抱由镇,9.0,30.0,5.0,4.1,48.1,33.23636363636364,32.16751592356688,40.486363636363635
海南省,省直辖县级行政区划,乐东黎族自治县,万冲镇,109.317078,18.848635,3.0,0.0,0.0,2.0,11.0,0.0,0.0,0.0,0.0,0.0,0.0,0.0,0.0,0.0,0.0,0.0,0.0,0.0,0.0,0.0,5.0,0.0,1.0,0.0,0.0,1.0,0.0,0.0,0.0,0.0,0.0,2.0,0.0,2.0,8.0,6.0,2.0,0.0,0.0,0.0,6.0,0.0,0.0,0.0,0.0,0.0,0.0,0.0,0.0,0.0,0.0,0.0,0.0,0.0,0.0,0.0,1.0,0.0,1.0,0.0,0.0,1.0,0.0,0.0,0.0,0.0,0.0,2.0,0.0,2.0,3.0,5.0,3916013471.0,-1.0,省直辖县级行政区划乐东黎族自治县,省直辖县级行政区划乐东黎族自治县万冲镇,8.0,15.0,0.0,3.0,26.0,33.23636363636364,32.16751592356688,40.486363636363635
海南省,省直辖县级行政区划,乐东黎族自治县,大安镇,109.2101399,18.6941737,0.0,3.0,0.0,1.0,6.0,5.0,0.0,0.0,0.0,0.0,0.0,0.0,0.0,0.0,0.0,0.0,0.0,0.0,0.0,0.0,1.0,0.0,0.0,0.0,0.0,2.0,11.0,0.0,0.0,0.0,0.0,0.0,0.0,1.0,5.0,6.0,0.0,1.0,0.0,0.0,2.0,0.0,0.0,0.0,0.0,0.0,0.0,0.0,0.0,0.0,0.0,0.0,0.0,0.0,0.0,0.0,1.0,0.0,0.0,0.0,0.0,1.0,0.0,0.0,0.0,0.0,0.0,0.0,0.0,1.0,2.0,2.0,3927395437.0,-1.0,省直辖县级行政区划乐东黎族自治县,省直辖县级行政区划乐东黎族自治县大安镇,9.0,10.3,0.0,4.1,23.4,33.23636363636364,32.16751592356688,40.486363636363635
海南省,省直辖县级行政区划,乐东黎族自治县,志仲镇,109.2609353,18.6309503,0.0,5.0,4.0,3.0,21.0,0.0,0.0,0.0,0.0,0.0,0.0,0.0,0.0,0.0,0.0,0.0,0.0,0.0,0.0,0.0,13.0,0.0,0.0,0.0,0.0,2.0,0.0,0.0,0.0,0.0,0.0,1.0,0.0,1.0,6.0,8.0,0.0,3.0,0.0,3.0,15.0,0.0,0.0,0.0,0.0,0.0,0.0,0.0,0.0,0.0,0.0,0.0,0.0,0.0,0.0,0.0,8.0,0.0,0.0,0.0,0.0,1.0,0.0,0.0,0.0,0.0,0.0,1.0,0.0,1.0,5.0,7.0,3927395442.0,-1.0,省直辖县级行政区划乐东黎族自治县,省直辖县级行政区划乐东黎族自治县志仲镇,9.0,19.7,0.0,4.0,32.7,33.23636363636364,32.16751592356688,40.486363636363635
海南省,省直辖县级行政区划,乐东黎族自治县,千家镇,109.0818769,18.5666787,3.0,0.0,4.0,2.0,1.0,0.0,0.0,0.0,0.0,0.0,0.0,0.0,0.0,0.0,1.0,1.0,0.0,0.0,0.0,0.0,10.0,0.0,0.0,0.0,0.0,1.0,0.0,0.0,0.0,0.0,0.0,2.0,0.0,2.0,4.0,5.0,1.0,0.0,1.0,0.0,1.0,0.0,0.0,0.0,0.0,0.0,0.0,0.0,0.0,0.0,1.0,1.0,0.0,0.0,0.0,0.0,2.0,0.0,0.0,0.0,0.0,1.0,0.0,0.0,0.0,0.0,0.0,2.0,0.0,2.0,3.0,3.0,3925898692.0,-1.0,省直辖县级行政区划乐东黎族自治县,省直辖县级行政区划乐东黎族自治县千家镇,8.0,9.5,5.0,2.5,25.0,33.23636363636364,32.16751592356688,40.486363636363635
海南省,省直辖县级行政区划,乐东黎族自治县,九所镇,108.950153,18.4567756,11.0,0.0,0.0,8.0,54.0,65.0,0.0,13.0,4.0,2.0,2.0,1.0,0.0,0.0,0.0,0.0,0.0,0.0,0.0,1.0,21.0,2.0,9.0,0.0,5.0,1.0,107.0,0.0,0.0,19.0,3.0,34.0,2.0,6.0,13.0,16.0,5.0,0.0,0.0,4.0,12.0,7.0,0.0,0.0,0.0,0.0,1.0,1.0,0.0,0.0,0.0,0.0,0.0,0.0,0.0,1.0,10.0,0.0,3.0,0.0,2.0,1.0,13.0,0.0,0.0,0.0,2.0,17.0,2.0,3.0,9.0,6.0,8398812285.0,-1.0,省直辖县级行政区划乐东黎族自治县,省直辖县级行政区划乐东黎族自治县九所镇,8.0,30.0,6.0,17.9,61.9,33.23636363636364,32.16751592356688,40.486363636363635
海南省,省直辖县级行政区划,乐东黎族自治县,利国镇,108.897274,18.472102,5.0,0.0,0.0,9.0,47.0,10.0,0.0,0.0,0.0,0.0,0.0,0.0,0.0,0.0,0.0,0.0,0.0,0.0,0.0,0.0,24.0,1.0,0.0,0.0,0.0,0.0,65.0,0.0,0.0,2.0,0.0,5.0,0.0,2.0,6.0,5.0,3.0,0.0,0.0,3.0,14.0,3.0,0.0,0.0,0.0,0.0,0.0,0.0,0.0,0.0,0.0,0.0,0.0,0.0,0.0,0.0,4.0,1.0,0.0,0.0,0.0,0.0,47.0,0.0,0.0,0.0,0.0,1.0,0.0,1.0,5.0,5.0,-1.0,-1.0,省直辖县级行政区划乐东黎族自治县,省直辖县级行政区划乐东黎族自治县利国镇,0.0,23.0,0.0,13.9,36.9,33.23636363636364,32.16751592356688,40.486363636363635
海南省,省直辖县级行政区划,乐东黎族自治县,黄流镇,108.794872,18.506684,5.0,0.0,2.0,4.0,127.0,7.0,0.0,0.0,0.0,0.0,0.0,0.0,0.0,0.0,0.0,0.0,0.0,0.0,0.0,0.0,10.0,0.0,0.0,0.0,0.0,0.0,0.0,0.0,0.0,1.0,0.0,0.0,0.0,2.0,7.0,9.0,2.0,0.0,0.0,3.0,0.0,0.0,0.0,0.0,0.0,0.0,0.0,0.0,0.0,0.0,0.0,0.0,0.0,0.0,0.0,0.0,1.0,0.0,0.0,0.0,0.0,0.0,0.0,0.0,0.0,0.0,0.0,0.0,0.0,1.0,2.0,1.0,-1.0,-1.0,省直辖县级行政区划乐东黎族自治县,省直辖县级行政区划乐东黎族自治县黄流镇,0.0,23.5,0.0,4.1,27.6,33.23636363636364,32.16751592356688,40.486363636363635
海南省,省直辖县级行政区划,乐东黎族自治县,佛罗镇,108.7323454,18.5792949,3.0,0.0,0.0,6.0,25.0,3.0,0.0,0.0,0.0,0.0,1.0,0.0,0.0,0.0,0.0,0.0,0.0,0.0,0.0,0.0,12.0,0.0,0.0,0.0,0.0,1.0,1.0,0.0,0.0,1.0,0.0,2.0,0.0,2.0,5.0,7.0,3.0,0.0,0.0,2.0,2.0,0.0,0.0,0.0,0.0,0.0,0.0,0.0,0.0,0.0,0.0,0.0,0.0,0.0,0.0,0.0,1.0,0.0,0.0,0.0,0.0,1.0,0.0,0.0,0.0,0.0,0.0,1.0,0.0,2.0,4.0,3.0,9772646840.0,-1.0,省直辖县级行政区划乐东黎族自治县,省直辖县级行政区划乐东黎族自治县佛罗镇,8.0,20.1,0.0,3.7,31.8,33.23636363636364,32.16751592356688,40.486363636363635
海南省,省直辖县级行政区划,乐东黎族自治县,尖峰镇,108.7913418,18.694007,0.0,0.0,2.0,1.0,0.0,0.0,0.0,0.0,0.0,0.0,0.0,0.0,0.0,0.0,0.0,0.0,0.0,0.0,0.0,0.0,3.0,0.0,0.0,0.0,0.0,1.0,0.0,0.0,0.0,0.0,0.0,0.0,0.0,1.0,2.0,3.0,0.0,0.0,1.0,0.0,0.0,0.0,0.0,0.0,0.0,0.0,0.0,0.0,0.0,0.0,0.0,0.0,0.0,0.0,0.0,0.0,2.0,0.0,0.0,0.0,0.0,1.0,0.0,0.0,0.0,0.0,0.0,0.0,0.0,1.0,1.0,3.0,6202774644.0,-1.0,省直辖县级行政区划乐东黎族自治县,省直辖县级行政区划乐东黎族自治县尖峰镇,8.0,7.0,0.0,1.5,16.5,33.23636363636364,32.16751592356688,40.486363636363635
海南省,省直辖县级行政区划,乐东黎族自治县,莺歌海镇,108.693707,18.5122985,0.0,0.0,0.0,10.0,18.0,2.0,0.0,0.0,0.0,0.0,0.0,0.0,0.0,0.0,2.0,2.0,0.0,0.0,0.0,0.0,2.0,0.0,2.0,0.0,1.0,1.0,0.0,0.0,0.0,13.0,0.0,7.0,0.0,3.0,6.0,16.0,0.0,0.0,0.0,4.0,18.0,0.0,0.0,0.0,0.0,0.0,0.0,0.0,0.0,0.0,2.0,2.0,0.0,0.0,0.0,0.0,1.0,0.0,0.0,0.0,0.0,1.0,0.0,0.0,0.0,4.0,0.0,7.0,0.0,3.0,4.0,11.0,1941083612.0,-1.0,省直辖县级行政区划乐东黎族自治县,省直辖县级行政区划乐东黎族自治县莺歌海镇,8.0,17.0,5.0,5.7,35.7,33.23636363636364,32.16751592356688,40.486363636363635
海南省,省直辖县级行政区划,陵水黎族自治县,椰林镇,110.0363472,18.5057632,17.0,19.0,19.0,28.0,138.0,2.0,0.0,0.0,24.0,0.0,3.0,3.0,0.0,0.0,6.0,7.0,1.0,0.0,1.0,8.0,20.0,2.0,1.0,0.0,0.0,2.0,69.0,0.0,1.0,1.0,0.0,11.0,4.0,4.0,13.0,9.0,14.0,3.0,8.0,13.0,24.0,0.0,0.0,0.0,6.0,0.0,0.0,1.0,0.0,0.0,1.0,1.0,0.0,0.0,1.0,1.0,4.0,1.0,0.0,0.0,0.0,2.0,11.0,0.0,0.0,0.0,0.0,0.0,0.0,3.0,8.0,4.0,4531881219.0,-1.0,省直辖县级行政区划陵水黎族自治县,省直辖县级行政区划陵水黎族自治县椰林镇,9.0,28.0,13.0,12.1,62.1,46.02727272727273,32.16751592356688,40.486363636363635
海南省,省直辖县级行政区划,陵水黎族自治县,光坡镇,110.0449677,18.5470069,13.0,2.0,8.0,8.0,170.0,8.0,0.0,2.0,3.0,2.0,1.0,1.0,0.0,0.0,0.0,0.0,0.0,0.0,0.0,0.0,24.0,1.0,6.0,0.0,0.0,1.0,15.0,0.0,0.0,0.0,0.0,0.0,1.0,5.0,15.0,7.0,1.0,0.0,6.0,1.0,20.0,0.0,0.0,0.0,0.0,0.0,0.0,0.0,0.0,0.0,0.0,0.0,0.0,0.0,0.0,0.0,4.0,0.0,0.0,0.0,0.0,1.0,0.0,0.0,0.0,0.0,0.0,0.0,0.0,4.0,6.0,2.0,12364483994.0,-1.0,省直辖县级行政区划陵水黎族自治县,省直辖县级行政区划陵水黎族自治县光坡镇,8.0,30.0,5.0,5.0,48.0,46.02727272727273,32.16751592356688,40.486363636363635
海南省,省直辖县级行政区划,陵水黎族自治县,三才镇,110.0012587,18.4772531,4.0,18.0,10.0,6.0,37.0,77.0,0.0,0.0,12.0,1.0,2.0,0.0,0.0,0.0,1.0,1.0,0.0,0.0,0.0,1.0,19.0,0.0,2.0,0.0,2.0,2.0,94.0,0.0,0.0,15.0,0.0,52.0,1.0,3.0,11.0,15.0,1.0,0.0,0.0,1.0,9.0,7.0,0.0,0.0,2.0,0.0,0.0,0.0,0.0,0.0,0.0,0.0,0.0,0.0,0.0,1.0,8.0,0.0,0.0,0.0,1.0,1.0,17.0,0.0,0.0,0.0,0.0,21.0,1.0,3.0,6.0,8.0,3923690312.0,-1.0,省直辖县级行政区划陵水黎族自治县,省直辖县级行政区划陵水黎族自治县三才镇,9.0,30.0,1.0,16.6,56.6,46.02727272727273,32.16751592356688,40.486363636363635
海南省,省直辖县级行政区划,陵水黎族自治县,英州镇,109.8565437,18.4251861,7.0,16.0,18.0,13.0,358.0,35.0,0.0,43.0,14.0,1.0,1.0,0.0,0.0,0.0,2.0,2.0,0.0,0.0,1.0,11.0,25.0,2.0,1.0,1.0,2.0,8.0,264.0,0.0,235.0,1.0,3.0,9.0,4.0,3.0,20.0,16.0,2.0,4.0,6.0,1.0,49.0,1.0,0.0,4.0,0.0,0.0,0.0,0.0,0.0,0.0,1.0,1.0,0.0,0.0,0.0,2.0,3.0,0.0,0.0,0.0,0.0,1.0,25.0,0.0,25.0,0.0,0.0,4.0,0.0,2.0,11.0,4.0,1805898372.0,-1.0,省直辖县级行政区划陵水黎族自治县,省直辖县级行政区划陵水黎族自治县英州镇,12.0,30.0,7.0,20.0,69.0,46.02727272727273,32.16751592356688,40.486363636363635
海南省,省直辖县级行政区划,陵水黎族自治县,隆广镇,109.899134,18.505259,0.0,0.0,4.0,4.0,110.0,1.0,0.0,0.0,0.0,0.0,0.0,0.0,0.0,0.0,1.0,1.0,0.0,0.0,0.0,0.0,28.0,0.0,0.0,0.0,0.0,17.0,2.0,0.0,0.0,2.0,0.0,3.0,0.0,2.0,6.0,6.0,0.0,0.0,4.0,3.0,15.0,0.0,0.0,0.0,0.0,0.0,0.0,0.0,0.0,0.0,0.0,0.0,0.0,0.0,0.0,0.0,7.0,0.0,0.0,0.0,0.0,4.0,0.0,0.0,0.0,0.0,0.0,2.0,0.0,2.0,4.0,3.0,3923690311.0,-1.0,省直辖县级行政区划陵水黎族自治县,省直辖县级行政区划陵水黎族自治县隆广镇,12.0,23.0,0.0,3.4,38.4,46.02727272727273,32.16751592356688,40.486363636363635
海南省,省直辖县级行政区划,陵水黎族自治县,文罗镇,109.952894,18.517894,0.0,0.0,8.0,15.0,106.0,16.0,0.0,2.0,0.0,0.0,0.0,2.0,0.0,0.0,3.0,3.0,0.0,0.0,0.0,0.0,16.0,0.0,0.0,0.0,1.0,3.0,21.0,0.0,0.0,4.0,0.0,4.0,0.0,4.0,9.0,10.0,0.0,0.0,3.0,7.0,32.0,0.0,0.0,0.0,0.0,0.0,0.0,0.0,0.0,0.0,2.0,2.0,0.0,0.0,0.0,0.0,2.0,0.0,0.0,0.0,0.0,1.0,0.0,0.0,0.0,1.0,0.0,0.0,0.0,2.0,4.0,3.0,3923690314.0,-1.0,省直辖县级行政区划陵水黎族自治县,省直辖县级行政区划陵水黎族自治县文罗镇,10.0,24.0,10.0,6.6,50.6,46.02727272727273,32.16751592356688,40.486363636363635
海南省,省直辖县级行政区划,陵水黎族自治县,本号镇,109.962463,18.608751,1.0,0.0,0.0,2.0,35.0,0.0,0.0,2.0,0.0,0.0,0.0,0.0,0.0,0.0,0.0,0.0,0.0,0.0,0.0,0.0,13.0,0.0,0.0,0.0,0.0,0.0,0.0,0.0,0.0,0.0,0.0,2.0,0.0,0.0,5.0,6.0,1.0,0.0,0.0,0.0,12.0,0.0,0.0,0.0,0.0,0.0,0.0,0.0,0.0,0.0,0.0,0.0,0.0,0.0,0.0,0.0,4.0,0.0,0.0,0.0,0.0,0.0,0.0,0.0,0.0,0.0,0.0,2.0,0.0,0.0,2.0,3.0,-1.0,-1.0,省直辖县级行政区划陵水黎族自治县,省直辖县级行政区划陵水黎族自治县本号镇,0.0,20.1,0.0,3.0,23.1,46.02727272727273,32.16751592356688,40.486363636363635
海南省,省直辖县级行政区划,陵水黎族自治县,新村镇,109.9670767,18.4150085,5.0,6.0,0.0,18.0,100.0,35.0,0.0,9.0,7.0,2.0,0.0,0.0,0.0,0.0,1.0,1.0,1.0,0.0,0.0,27.0,101.0,1.0,0.0,0.0,0.0,7.0,39.0,0.0,0.0,11.0,5.0,10.0,11.0,4.0,12.0,13.0,0.0,3.0,0.0,7.0,54.0,9.0,0.0,2.0,4.0,1.0,0.0,0.0,0.0,0.0,0.0,0.0,1.0,0.0,0.0,21.0,37.0,0.0,0.0,0.0,0.0,4.0,8.0,0.0,0.0,10.0,4.0,4.0,4.0,2.0,8.0,10.0,1806984590.0,-1.0,省直辖县级行政区划陵水黎族自治县,省直辖县级行政区划陵水黎族自治县新村镇,12.0,28.0,11.0,10.8,61.8,46.02727272727273,32.16751592356688,40.486363636363635
海南省,省直辖县级行政区划,陵水黎族自治县,黎安镇,110.066902,18.4348811,0.0,10.0,8.0,8.0,67.0,22.0,0.0,2.0,0.0,1.0,0.0,0.0,0.0,0.0,0.0,0.0,0.0,0.0,0.0,0.0,1.0,0.0,0.0,0.0,0.0,1.0,0.0,0.0,0.0,4.0,0.0,1.0,1.0,3.0,11.0,9.0,0.0,0.0,1.0,1.0,15.0,0.0,0.0,0.0,0.0,0.0,0.0,0.0,0.0,0.0,0.0,0.0,0.0,0.0,0.0,0.0,0.0,0.0,0.0,0.0,0.0,1.0,0.0,0.0,0.0,2.0,0.0,0.0,0.0,2.0,3.0,3.0,1806984919.0,-1.0,省直辖县级行政区划陵水黎族自治县,省直辖县级行政区划陵水黎族自治县黎安镇,8.0,26.0,0.0,4.6,38.6,46.02727272727273,32.16751592356688,40.486363636363635
海南省,省直辖县级行政区划,陵水黎族自治县,提蒙乡,110.013034,18.564805,3.0,0.0,0.0,0.0,70.0,5.0,0.0,0.0,0.0,0.0,0.0,0.0,0.0,0.0,0.0,0.0,0.0,0.0,0.0,0.0,18.0,1.0,6.0,0.0,0.0,0.0,0.0,0.0,0.0,0.0,0.0,0.0,1.0,0.0,5.0,8.0,1.0,0.0,0.0,0.0,12.0,0.0,0.0,0.0,0.0,0.0,0.0,0.0,0.0,0.0,0.0,0.0,0.0,0.0,0.0,0.0,3.0,0.0,0.0,0.0,0.0,0.0,0.0,0.0,0.0,0.0,0.0,0.0,0.0,0.0,2.0,3.0,-1.0,-1.0,省直辖县级行政区划陵水黎族自治县,省直辖县级行政区划陵水黎族自治县提蒙乡,0.0,22.5,0.0,4.0,26.5,46.02727272727273,32.16751592356688,40.486363636363635
海南省,省直辖县级行政区划,陵水黎族自治县,群英乡,109.8713402,18.5845688,0.0,0.0,1.0,2.0,53.0,2.0,0.0,0.0,0.0,0.0,0.0,0.0,0.0,0.0,0.0,0.0,0.0,0.0,0.0,0.0,0.0,0.0,0.0,0.0,0.0,1.0,1.0,0.0,0.0,0.0,0.0,0.0,0.0,1.0,5.0,2.0,0.0,0.0,1.0,1.0,16.0,0.0,0.0,0.0,0.0,0.0,0.0,0.0,0.0,0.0,0.0,0.0,0.0,0.0,0.0,0.0,0.0,0.0,0.0,0.0,0.0,1.0,0.0,0.0,0.0,0.0,0.0,0.0,0.0,1.0,4.0,1.0,3925300900.0,-1.0,省直辖县级行政区划陵水黎族自治县,省直辖县级行政区划陵水黎族自治县群英乡,8.0,22.5,0.0,1.1,31.6,46.02727272727273,32.16751592356688,40.486363636363635
海南省,省直辖县级行政区划,保亭黎族苗族自治县,保城镇,109.6994385,18.6432259,6.0,2.0,12.0,29.0,22.0,3.0,0.0,1.0,0.0,0.0,0.0,2.0,0.0,0.0,0.0,0.0,0.0,0.0,0.0,0.0,4.0,0.0,0.0,0.0,0.0,2.0,12.0,0.0,0.0,0.0,0.0,6.0,1.0,3.0,9.0,5.0,0.0,2.0,7.0,19.0,11.0,0.0,0.0,0.0,0.0,0.0,0.0,2.0,0.0,0.0,0.0,0.0,0.0,0.0,0.0,0.0,3.0,0.0,0.0,0.0,0.0,2.0,0.0,0.0,0.0,0.0,0.0,2.0,1.0,3.0,6.0,5.0,4531879727.0,-1.0,省直辖县级行政区划保亭黎族苗族自治县,省直辖县级行政区划保亭黎族苗族自治县保城镇,9.0,21.7,5.0,3.7,39.400000000000006,28.488888888888887,32.16751592356688,40.486363636363635
海南省,省直辖县级行政区划,保亭黎族苗族自治县,什玲镇,109.7778607,18.6667401,3.0,2.0,1.0,4.0,42.0,3.0,0.0,0.0,0.0,0.0,0.0,0.0,0.0,0.0,0.0,0.0,0.0,0.0,0.0,0.0,1.0,0.0,0.0,0.0,0.0,1.0,2.0,0.0,0.0,0.0,0.0,5.0,0.0,1.0,7.0,4.0,3.0,0.0,1.0,1.0,18.0,3.0,0.0,0.0,0.0,0.0,0.0,0.0,0.0,0.0,0.0,0.0,0.0,0.0,0.0,0.0,1.0,0.0,0.0,0.0,0.0,1.0,2.0,0.0,0.0,0.0,0.0,5.0,0.0,1.0,6.0,4.0,3924117308.0,-1.0,省直辖县级行政区划保亭黎族苗族自治县,省直辖县级行政区划保亭黎族苗族自治县什玲镇,8.0,23.5,0.0,2.4,33.9,28.488888888888887,32.16751592356688,40.486363636363635
海南省,省直辖县级行政区划,保亭黎族苗族自治县,加茂镇,109.6998221,18.5509355,0.0,0.0,17.0,4.0,4.0,0.0,0.0,0.0,0.0,0.0,0.0,0.0,0.0,0.0,0.0,0.0,0.0,0.0,0.0,0.0,11.0,4.0,0.0,0.0,0.0,1.0,0.0,0.0,0.0,1.0,0.0,0.0,0.0,1.0,7.0,5.0,0.0,0.0,7.0,4.0,2.0,0.0,0.0,0.0,0.0,0.0,0.0,0.0,0.0,0.0,0.0,0.0,0.0,0.0,0.0,0.0,7.0,3.0,0.0,0.0,0.0,1.0,0.0,0.0,0.0,1.0,0.0,0.0,0.0,1.0,5.0,4.0,8357824539.0,-1.0,省直辖县级行政区划保亭黎族苗族自治县,省直辖县级行政区划保亭黎族苗族自治县加茂镇,8.0,13.9,0.0,2.7,24.599999999999998,28.488888888888887,32.16751592356688,40.486363636363635
海南省,省直辖县级行政区划,保亭黎族苗族自治县,响水镇,109.6180357,18.5861873,9.0,0.0,3.0,4.0,52.0,0.0,0.0,0.0,0.0,0.0,0.0,0.0,0.0,0.0,0.0,0.0,0.0,0.0,0.0,0.0,2.0,0.0,0.0,0.0,0.0,1.0,0.0,0.0,0.0,0.0,0.0,0.0,0.0,3.0,4.0,3.0,3.0,0.0,0.0,0.0,10.0,0.0,0.0,0.0,0.0,0.0,0.0,0.0,0.0,0.0,0.0,0.0,0.0,0.0,0.0,0.0,0.0,0.0,0.0,0.0,0.0,1.0,0.0,0.0,0.0,0.0,0.0,0.0,0.0,2.0,2.0,2.0,3924258857.0,-1.0,省直辖县级行政区划保亭黎族苗族自治县,省直辖县级行政区划保亭黎族苗族自治县响水镇,8.0,22.0,0.0,1.5,31.5,28.488888888888887,32.16751592356688,40.486363636363635
海南省,省直辖县级行政区划,保亭黎族苗族自治县,新政镇,109.6253833,18.54353,3.0,0.0,0.0,3.0,35.0,3.0,0.0,0.0,0.0,0.0,0.0,0.0,0.0,0.0,0.0,0.0,0.0,0.0,0.0,0.0,1.0,0.0,0.0,0.0,0.0,1.0,1.0,0.0,0.0,0.0,0.0,0.0,0.0,2.0,6.0,3.0,3.0,0.0,0.0,2.0,9.0,1.0,0.0,0.0,0.0,0.0,0.0,0.0,0.0,0.0,0.0,0.0,0.0,0.0,0.0,0.0,1.0,0.0,0.0,0.0,0.0,1.0,0.0,0.0,0.0,0.0,0.0,0.0,0.0,2.0,5.0,2.0,3924258858.0,-1.0,省直辖县级行政区划保亭黎族苗族自治县,省直辖县级行政区划保亭黎族苗族自治县新政镇,8.0,20.7,0.0,1.6,30.3,28.488888888888887,32.16751592356688,40.486363636363635
海南省,省直辖县级行政区划,保亭黎族苗族自治县,三道镇,109.668672,18.464576,1.0,0.0,11.0,2.0,39.0,105.0,1.0,14.0,4.0,3.0,0.0,0.0,0.0,0.0,1.0,1.0,0.0,0.0,0.0,2.0,20.0,1.0,0.0,0.0,0.0,0.0,966.0,0.0,930.0,1.0,1.0,2.0,6.0,2.0,12.0,7.0,1.0,0.0,4.0,0.0,7.0,4.0,0.0,0.0,0.0,0.0,0.0,0.0,0.0,0.0,0.0,0.0,0.0,0.0,0.0,0.0,5.0,0.0,0.0,0.0,0.0,0.0,49.0,0.0,49.0,0.0,0.0,0.0,0.0,1.0,6.0,2.0,-1.0,-1.0,省直辖县级行政区划保亭黎族苗族自治县,省直辖县级行政区划保亭黎族苗族自治县三道镇,0.0,24.9,0.0,19.5,44.4,28.488888888888887,32.16751592356688,40.486363636363635
海南省,省直辖县级行政区划,保亭黎族苗族自治县,六弓乡,109.78511,18.539483,0.0,0.0,1.0,0.0,1.0,0.0,0.0,0.0,0.0,0.0,0.0,0.0,0.0,0.0,0.0,0.0,0.0,0.0,0.0,0.0,9.0,0.0,0.0,0.0,0.0,0.0,0.0,0.0,0.0,0.0,0.0,0.0,0.0,5.0,2.0,4.0,0.0,0.0,1.0,0.0,0.0,0.0,0.0,0.0,0.0,0.0,0.0,0.0,0.0,0.0,0.0,0.0,0.0,0.0,0.0,0.0,4.0,0.0,0.0,0.0,0.0,0.0,0.0,0.0,0.0,0.0,0.0,0.0,0.0,0.0,1.0,4.0,-1.0,-1.0,省直辖县级行政区划保亭黎族苗族自治县,省直辖县级行政区划保亭黎族苗族自治县六弓乡,0.0,6.2,0.0,2.0,8.2,28.488888888888887,32.16751592356688,40.486363636363635
海南省,省直辖县级行政区划,保亭黎族苗族自治县,南林乡,109.6132813,18.4075948,1.0,0.0,4.0,3.0,12.0,6.0,0.0,0.0,0.0,0.0,0.0,0.0,0.0,0.0,1.0,1.0,0.0,0.0,0.0,0.0,10.0,0.0,0.0,0.0,0.0,1.0,42.0,0.0,39.0,0.0,0.0,3.0,0.0,5.0,7.0,6.0,0.0,0.0,1.0,3.0,9.0,3.0,0.0,0.0,0.0,0.0,0.0,0.0,0.0,0.0,1.0,1.0,0.0,0.0,0.0,0.0,6.0,0.0,0.0,0.0,0.0,1.0,13.0,0.0,10.0,0.0,0.0,3.0,0.0,1.0,6.0,5.0,3925452283.0,-1.0,省直辖县级行政区划保亭黎族苗族自治县,省直辖县级行政区划保亭黎族苗族自治县南林乡,8.0,16.6,5.0,8.5,38.1,28.488888888888887,32.16751592356688,40.486363636363635
海南省,省直辖县级行政区划,保亭黎族苗族自治县,毛感乡,109.50901,18.613029,0.0,0.0,1.0,0.0,0.0,0.0,0.0,0.0,0.0,0.0,0.0,0.0,0.0,0.0,0.0,0.0,0.0,0.0,0.0,0.0,0.0,0.0,0.0,0.0,0.0,0.0,0.0,0.0,0.0,0.0,0.0,0.0,0.0,0.0,1.0,1.0,0.0,0.0,1.0,0.0,0.0,0.0,0.0,0.0,0.0,0.0,0.0,0.0,0.0,0.0,0.0,0.0,0.0,0.0,0.0,0.0,0.0,0.0,0.0,0.0,0.0,0.0,0.0,0.0,0.0,0.0,0.0,0.0,0.0,0.0,1.0,0.0,-1.0,-1.0,省直辖县级行政区划保亭黎族苗族自治县,省直辖县级行政区划保亭黎族苗族自治县毛感乡,0.0,5.5,0.0,0.5,6.0,28.488888888888887,32.16751592356688,40.486363636363635
海南省,省直辖县级行政区划,琼中黎族苗族自治县,营根镇,109.8361654,19.0370568,6.0,2.0,19.0,24.0,58.0,8.0,0.0,10.0,1.0,0.0,0.0,2.0,0.0,0.0,7.0,7.0,0.0,0.0,0.0,0.0,8.0,0.0,1.0,0.0,0.0,3.0,126.0,0.0,0.0,2.0,0.0,19.0,0.0,3.0,10.0,6.0,3.0,0.0,9.0,15.0,15.0,1.0,0.0,0.0,0.0,0.0,0.0,2.0,0.0,0.0,3.0,3.0,0.0,0.0,0.0,0.0,2.0,0.0,0.0,0.0,0.0,2.0,18.0,0.0,0.0,1.0,0.0,1.0,0.0,3.0,6.0,5.0,369498349.0,-1.0,省直辖县级行政区划琼中黎族苗族自治县,省直辖县级行政区划琼中黎族苗族自治县营根镇,10.0,26.0,10.0,17.700000000000003,63.7,29.29,32.16751592356688,40.486363636363635
海南省,省直辖县级行政区划,琼中黎族苗族自治县,湾岭镇,109.9369799,19.1743966,8.0,0.0,0.0,0.0,45.0,2.0,0.0,0.0,0.0,0.0,0.0,0.0,0.0,0.0,1.0,1.0,0.0,0.0,0.0,0.0,1.0,0.0,1.0,0.0,0.0,1.0,6.0,0.0,0.0,1.0,0.0,0.0,0.0,5.0,7.0,5.0,4.0,0.0,0.0,0.0,17.0,2.0,0.0,0.0,0.0,0.0,0.0,0.0,0.0,0.0,1.0,1.0,0.0,0.0,0.0,0.0,1.0,0.0,1.0,0.0,0.0,1.0,0.0,0.0,0.0,1.0,0.0,0.0,0.0,3.0,6.0,4.0,3912937180.0,-1.0,省直辖县级行政区划琼中黎族苗族自治县,省直辖县级行政区划琼中黎族苗族自治县湾岭镇,8.0,22.6,5.0,3.3,38.9,29.29,32.16751592356688,40.486363636363635
海南省,省直辖县级行政区划,琼中黎族苗族自治县,黎母山镇,109.811195,19.258634,0.0,1.0,0.0,0.0,13.0,0.0,0.0,0.0,0.0,0.0,0.0,0.0,0.0,0.0,0.0,0.0,0.0,0.0,0.0,0.0,0.0,0.0,0.0,0.0,0.0,2.0,0.0,0.0,0.0,0.0,0.0,0.0,0.0,4.0,3.0,3.0,0.0,0.0,0.0,0.0,2.0,0.0,0.0,0.0,0.0,0.0,0.0,0.0,0.0,0.0,0.0,0.0,0.0,0.0,0.0,0.0,0.0,0.0,0.0,0.0,0.0,0.0,0.0,0.0,0.0,0.0,0.0,0.0,0.0,0.0,1.0,0.0,-1.0,-1.0,省直辖县级行政区划琼中黎族苗族自治县,省直辖县级行政区划琼中黎族苗族自治县黎母山镇,2.0,9.7,0.0,1.5,13.2,29.29,32.16751592356688,40.486363636363635
海南省,省直辖县级行政区划,琼中黎族苗族自治县,和平镇,109.948541,18.937063,0.0,2.0,0.0,0.0,15.0,0.0,0.0,0.0,0.0,0.0,0.0,0.0,0.0,0.0,0.0,0.0,0.0,0.0,0.0,0.0,0.0,0.0,0.0,0.0,0.0,0.0,0.0,0.0,0.0,0.0,0.0,0.0,0.0,0.0,2.0,2.0,0.0,2.0,0.0,0.0,0.0,0.0,0.0,0.0,0.0,0.0,0.0,0.0,0.0,0.0,0.0,0.0,0.0,0.0,0.0,0.0,0.0,0.0,0.0,0.0,0.0,0.0,0.0,0.0,0.0,0.0,0.0,0.0,0.0,0.0,1.0,1.0,-1.0,-1.0,省直辖县级行政区划琼中黎族苗族自治县,省直辖县级行政区划琼中黎族苗族自治县和平镇,0.0,9.0,0.0,1.0,10.0,29.29,32.16751592356688,40.486363636363635
海南省,省直辖县级行政区划,琼中黎族苗族自治县,长征镇,109.8755456,18.9611033,0.0,6.0,0.0,1.0,30.0,3.0,0.0,0.0,0.0,0.0,0.0,0.0,0.0,0.0,0.0,0.0,0.0,0.0,0.0,0.0,0.0,0.0,0.0,0.0,0.0,3.0,0.0,0.0,0.0,0.0,0.0,0.0,0.0,1.0,5.0,2.0,0.0,6.0,0.0,1.0,19.0,3.0,0.0,0.0,0.0,0.0,0.0,0.0,0.0,0.0,0.0,0.0,0.0,0.0,0.0,0.0,0.0,0.0,0.0,0.0,0.0,1.0,0.0,0.0,0.0,0.0,0.0,0.0,0.0,1.0,5.0,1.0,1805826844.0,-1.0,省直辖县级行政区划琼中黎族苗族自治县,省直辖县级行政区划琼中黎族苗族自治县长征镇,10.0,20.2,0.0,1.0,31.2,29.29,32.16751592356688,40.486363636363635
海南省,省直辖县级行政区划,琼中黎族苗族自治县,红毛镇,109.6858862,19.0376555,6.0,0.0,0.0,16.0,18.0,2.0,0.0,1.0,0.0,0.0,0.0,0.0,0.0,0.0,0.0,0.0,0.0,0.0,0.0,0.0,8.0,0.0,0.0,0.0,0.0,3.0,0.0,0.0,0.0,0.0,0.0,3.0,0.0,2.0,8.0,5.0,2.0,0.0,0.0,5.0,8.0,2.0,0.0,0.0,0.0,0.0,0.0,0.0,0.0,0.0,0.0,0.0,0.0,0.0,0.0,0.0,2.0,0.0,0.0,0.0,0.0,1.0,0.0,0.0,0.0,0.0,0.0,1.0,0.0,2.0,7.0,3.0,3915780930.0,-1.0,省直辖县级行政区划琼中黎族苗族自治县,省直辖县级行政区划琼中黎族苗族自治县红毛镇,10.0,20.0,0.0,2.5,32.5,29.29,32.16751592356688,40.486363636363635
海南省,省直辖县级行政区划,琼中黎族苗族自治县,中平镇,110.0516852,19.0595705,0.0,0.0,8.0,1.0,0.0,0.0,0.0,0.0,0.0,0.0,0.0,0.0,0.0,0.0,0.0,0.0,0.0,0.0,0.0,0.0,2.0,0.0,0.0,0.0,0.0,1.0,0.0,0.0,0.0,0.0,0.0,0.0,0.0,1.0,2.0,2.0,0.0,0.0,3.0,1.0,0.0,0.0,0.0,0.0,0.0,0.0,0.0,0.0,0.0,0.0,0.0,0.0,0.0,0.0,0.0,0.0,2.0,0.0,0.0,0.0,0.0,1.0,0.0,0.0,0.0,0.0,0.0,0.0,0.0,1.0,2.0,2.0,3918762102.0,-1.0,省直辖县级行政区划琼中黎族苗族自治县,省直辖县级行政区划琼中黎族苗族自治县中平镇,8.0,7.0,0.0,1.0,16.0,29.29,32.16751592356688,40.486363636363635
海南省,省直辖县级行政区划,琼中黎族苗族自治县,吊罗山乡,109.8746753,18.7946499,0.0,0.0,0.0,1.0,55.0,13.0,0.0,0.0,0.0,0.0,0.0,0.0,0.0,0.0,1.0,1.0,0.0,0.0,0.0,0.0,3.0,0.0,0.0,0.0,0.0,4.0,20.0,0.0,0.0,0.0,0.0,2.0,0.0,1.0,5.0,7.0,0.0,0.0,0.0,1.0,33.0,9.0,0.0,0.0,0.0,0.0,0.0,0.0,0.0,0.0,1.0,1.0,0.0,0.0,0.0,0.0,0.0,0.0,0.0,0.0,0.0,3.0,6.0,0.0,0.0,0.0,0.0,2.0,0.0,1.0,5.0,4.0,9531378575.0,-1.0,省直辖县级行政区划琼中黎族苗族自治县,省直辖县级行政区划琼中黎族苗族自治县吊罗山乡,11.0,22.5,5.0,6.1,44.6,29.29,32.16751592356688,40.486363636363635
海南省,省直辖县级行政区划,琼中黎族苗族自治县,上安乡,109.837284,18.87683,0.0,0.0,0.0,6.0,32.0,0.0,0.0,0.0,0.0,0.0,0.0,0.0,0.0,0.0,0.0,0.0,0.0,0.0,0.0,0.0,3.0,0.0,0.0,0.0,0.0,6.0,0.0,0.0,0.0,0.0,0.0,0.0,0.0,0.0,3.0,4.0,0.0,0.0,0.0,4.0,3.0,0.0,0.0,0.0,0.0,0.0,0.0,0.0,0.0,0.0,0.0,0.0,0.0,0.0,0.0,0.0,2.0,0.0,0.0,0.0,0.0,0.0,0.0,0.0,0.0,0.0,0.0,0.0,0.0,0.0,3.0,3.0,-1.0,-1.0,省直辖县级行政区划琼中黎族苗族自治县,省直辖县级行政区划琼中黎族苗族自治县上安乡,5.0,13.8,0.0,2.0,20.8,29.29,32.16751592356688,40.486363636363635
海南省,省直辖县级行政区划,琼中黎族苗族自治县,什运乡,109.600797,18.99482,9.0,0.0,0.0,0.0,9.0,0.0,0.0,0.0,0.0,0.0,0.0,0.0,0.0,0.0,0.0,0.0,0.0,0.0,0.0,0.0,3.0,0.0,0.0,0.0,0.0,1.0,16.0,0.0,0.0,0.0,0.0,4.0,0.0,2.0,4.0,4.0,5.0,0.0,0.0,0.0,0.0,0.0,0.0,0.0,0.0,0.0,0.0,0.0,0.0,0.0,0.0,0.0,0.0,0.0,0.0,0.0,3.0,0.0,0.0,0.0,0.0,1.0,16.0,0.0,0.0,0.0,0.0,4.0,0.0,2.0,2.0,3.0,1711536923.0,-1.0,省直辖县级行政区划琼中黎族苗族自治县,省直辖县级行政区划琼中黎族苗族自治县什运乡,8.0,8.8,0.0,5.2,22.0,29.29,32.16751592356688,40.486363636363635
