addr_1,addr_2,addr_3,addr_4,lon,lat,hw_trunk_3km,hw_primary_3km,hw_secondary_3km,hw_tertiary_3km,hw_res_uncl_3km,hw_service_3km,hw_cycleway_3km,hw_footway_3km,hw_bus_stop_3km,hw_parking_3km,hw_fuel_3km,am_gov_3km,am_medical_3km,am_healthcare_3km,am_school_3km,am_education_3km,am_police_3km,am_post_3km,am_bank_3km,am_shop_3km,lu_residential_3km,lu_commercial_3km,lu_industrial_3km,lu_retail_3km,lu_construction_3km,pl_3km,bld_3km,blp_3km,bll_3km,mm_3km,ad_3km,lsr_3km,trs_3km,wd_3km,hw_types_3km,lu_types_3km,hw_trunk_1km,hw_primary_1km,hw_secondary_1km,hw_tertiary_1km,hw_res_uncl_1km,hw_service_1km,hw_cycleway_1km,hw_footway_1km,hw_bus_stop_1km,hw_parking_1km,hw_fuel_1km,am_gov_1km,am_medical_1km,am_healthcare_1km,am_school_1km,am_education_1km,am_police_1km,am_post_1km,am_bank_1km,am_shop_1km,lu_residential_1km,lu_commercial_1km,lu_industrial_1km,lu_retail_1km,lu_construction_1km,pl_1km,bld_1km,blp_1km,bll_1km,mm_1km,ad_1km,lsr_1km,trs_1km,wd_1km,hw_types_1km,lu_types_1km,node,boundary,u_addr_3,u_addr_4,score_1,score_2,score_3,score_4,score,u_addr_3_avg_score,addr_2_avg_score,addr_1_avg_score
甘肃省,兰州市,城关区,酒泉路街道,103.8310669,36.0499514,118.0,203.0,195.0,146.0,503.0,1567.0,10.0,1288.0,596.0,79.0,3.0,62.0,41.0,87.0,55.0,87.0,20.0,7.0,197.0,718.0,153.0,20.0,6.0,8.0,14.0,43.0,6380.0,209.0,70.0,66.0,674.0,192.0,193.0,46.0,27.0,30.0,0.0,24.0,45.0,43.0,98.0,306.0,1.0,149.0,110.0,13.0,0.0,18.0,10.0,26.0,16.0,18.0,4.0,2.0,70.0,182.0,20.0,5.0,0.0,0.0,3.0,8.0,1330.0,45.0,5.0,9.0,175.0,37.0,40.0,10.0,17.0,11.0,11637481789.0,7034375.0,兰州市城关区,兰州市城关区酒泉路街道,20.0,30.0,30.0,20.0,100.0,96.76,74.52743362831859,46.79183823529412
甘肃省,兰州市,城关区,张掖路街道,103.8196284,36.0617157,121.0,215.0,167.0,148.0,465.0,1334.0,9.0,1088.0,483.0,67.0,2.0,56.0,36.0,72.0,48.0,66.0,19.0,8.0,156.0,527.0,143.0,16.0,7.0,5.0,18.0,42.0,5698.0,185.0,46.0,72.0,501.0,165.0,144.0,38.0,26.0,25.0,14.0,59.0,38.0,16.0,59.0,232.0,1.0,285.0,97.0,13.0,0.0,14.0,5.0,9.0,7.0,10.0,6.0,0.0,30.0,157.0,20.0,5.0,0.0,4.0,6.0,4.0,855.0,104.0,19.0,15.0,144.0,17.0,34.0,16.0,20.0,16.0,11637224128.0,7034374.0,兰州市城关区,兰州市城关区张掖路街道,20.0,30.0,28.0,20.0,98.0,96.76,74.52743362831859,46.79183823529412
甘肃省,兰州市,城关区,雁南街道,103.8767704,36.0613868,0.0,145.0,168.0,133.0,525.0,1288.0,10.0,477.0,434.0,48.0,9.0,18.0,18.0,37.0,37.0,69.0,7.0,5.0,85.0,283.0,148.0,31.0,16.0,8.0,13.0,24.0,4439.0,101.0,181.0,22.0,377.0,154.0,79.0,24.0,26.0,18.0,0.0,13.0,25.0,6.0,102.0,142.0,0.0,31.0,50.0,5.0,0.0,1.0,1.0,2.0,3.0,8.0,1.0,1.0,13.0,22.0,28.0,7.0,4.0,0.0,0.0,5.0,561.0,14.0,7.0,0.0,41.0,12.0,5.0,3.0,16.0,7.0,8063069867.0,17205648.0,兰州市城关区,兰州市城关区雁南街道,20.0,30.0,30.0,20.0,100.0,96.76,74.52743362831859,46.79183823529412
甘肃省,兰州市,城关区,临夏路街道,103.8116283,36.0594324,139.0,214.0,139.0,145.0,483.0,1231.0,6.0,1076.0,459.0,61.0,1.0,49.0,33.0,69.0,45.0,64.0,19.0,7.0,140.0,486.0,137.0,14.0,8.0,5.0,16.0,42.0,5313.0,183.0,33.0,67.0,477.0,122.0,121.0,41.0,26.0,27.0,32.0,83.0,9.0,15.0,77.0,210.0,1.0,251.0,76.0,10.0,0.0,8.0,8.0,12.0,6.0,8.0,3.0,1.0,25.0,152.0,24.0,3.0,0.0,4.0,2.0,6.0,809.0,84.0,18.0,11.0,126.0,11.0,37.0,19.0,19.0,13.0,11637224127.0,7034373.0,兰州市城关区,兰州市城关区临夏路街道,20.0,30.0,30.0,20.0,100.0,96.76,74.52743362831859,46.79183823529412
甘肃省,兰州市,城关区,雁北街道,103.8767704,36.0613868,0.0,147.0,171.0,133.0,531.0,1304.0,10.0,481.0,434.0,50.0,9.0,18.0,18.0,37.0,38.0,71.0,8.0,5.0,87.0,289.0,149.0,31.0,16.0,8.0,13.0,24.0,4477.0,101.0,181.0,22.0,382.0,154.0,80.0,24.0,26.0,18.0,0.0,13.0,25.0,6.0,101.0,144.0,0.0,28.0,48.0,5.0,0.0,1.0,1.0,2.0,3.0,8.0,1.0,1.0,11.0,21.0,26.0,7.0,4.0,0.0,0.0,5.0,573.0,14.0,3.0,0.0,39.0,11.0,5.0,3.0,16.0,7.0,-2.0,7034361.0,兰州市城关区,兰州市城关区雁北街道,13.0,30.0,30.0,20.0,93.0,96.76,74.52743362831859,46.79183823529412
甘肃省,兰州市,城关区,五泉街道,103.8316598,36.0432592,121.0,182.0,177.0,135.0,452.0,1481.0,10.0,1211.0,560.0,72.0,3.0,62.0,39.0,86.0,54.0,83.0,17.0,7.0,191.0,694.0,138.0,19.0,7.0,7.0,15.0,38.0,5888.0,183.0,62.0,56.0,646.0,181.0,186.0,44.0,26.0,30.0,11.0,5.0,38.0,29.0,103.0,296.0,1.0,210.0,101.0,10.0,0.0,9.0,8.0,23.0,17.0,20.0,3.0,2.0,45.0,119.0,28.0,3.0,0.0,1.0,3.0,12.0,1306.0,11.0,9.0,6.0,113.0,22.0,27.0,7.0,18.0,12.0,11637481790.0,7034370.0,兰州市城关区,兰州市城关区五泉街道,20.0,30.0,30.0,20.0,100.0,96.76,74.52743362831859,46.79183823529412
甘肃省,兰州市,城关区,白银路街道,103.8201897,36.0521933,127.0,192.0,172.0,133.0,466.0,1373.0,9.0,1159.0,519.0,58.0,1.0,59.0,35.0,70.0,55.0,78.0,20.0,9.0,172.0,563.0,137.0,17.0,9.0,6.0,14.0,47.0,5867.0,184.0,47.0,74.0,532.0,163.0,151.0,40.0,26.0,28.0,10.0,61.0,43.0,28.0,74.0,333.0,0.0,230.0,103.0,11.0,0.0,12.0,10.0,20.0,12.0,16.0,6.0,2.0,55.0,207.0,25.0,4.0,0.0,4.0,3.0,6.0,1129.0,75.0,10.0,1.0,173.0,23.0,40.0,14.0,21.0,13.0,11637224129.0,7034372.0,兰州市城关区,兰州市城关区白银路街道,20.0,30.0,30.0,20.0,100.0,96.76,74.52743362831859,46.79183823529412
甘肃省,兰州市,城关区,皋兰路街道,103.8382105,36.0473755,48.0,195.0,221.0,164.0,476.0,1650.0,10.0,1266.0,619.0,84.0,6.0,62.0,44.0,96.0,62.0,96.0,20.0,6.0,207.0,757.0,155.0,22.0,4.0,10.0,16.0,41.0,6620.0,201.0,76.0,54.0,708.0,199.0,192.0,45.0,27.0,28.0,0.0,14.0,36.0,56.0,87.0,276.0,1.0,147.0,114.0,13.0,0.0,21.0,12.0,27.0,17.0,21.0,3.0,2.0,61.0,201.0,26.0,6.0,0.0,2.0,2.0,10.0,1241.0,18.0,12.0,10.0,162.0,31.0,45.0,10.0,19.0,12.0,11637481788.0,7034360.0,兰州市城关区,兰州市城关区皋兰路街道,20.0,30.0,30.0,20.0,100.0,96.76,74.52743362831859,46.79183823529412
甘肃省,兰州市,城关区,广武门街道,103.8428369,36.0555326,39.0,230.0,232.0,179.0,567.0,1787.0,10.0,1320.0,684.0,88.0,6.0,63.0,44.0,96.0,65.0,101.0,19.0,6.0,214.0,795.0,171.0,26.0,10.0,11.0,17.0,41.0,7212.0,222.0,71.0,59.0,739.0,211.0,203.0,43.0,28.0,27.0,2.0,15.0,43.0,46.0,48.0,262.0,1.0,176.0,88.0,18.0,0.0,25.0,7.0,16.0,12.0,16.0,5.0,1.0,51.0,148.0,16.0,7.0,0.0,1.0,1.0,3.0,959.0,20.0,5.0,12.0,137.0,52.0,33.0,7.0,19.0,14.0,11684580562.0,7034371.0,兰州市城关区,兰州市城关区广武门街道,20.0,30.0,30.0,20.0,100.0,96.76,74.52743362831859,46.79183823529412
甘肃省,兰州市,城关区,伏龙坪街道,103.8081184,36.0509143,146.0,188.0,123.0,129.0,468.0,1214.0,6.0,1058.0,411.0,56.0,0.0,43.0,33.0,68.0,42.0,61.0,18.0,7.0,138.0,433.0,130.0,13.0,7.0,4.0,13.0,46.0,5042.0,169.0,31.0,59.0,449.0,109.0,122.0,39.0,26.0,29.0,62.0,50.0,12.0,16.0,90.0,174.0,0.0,85.0,45.0,6.0,0.0,1.0,7.0,10.0,5.0,9.0,2.0,1.0,5.0,32.0,35.0,1.0,1.0,2.0,1.0,5.0,612.0,19.0,2.0,1.0,47.0,8.0,14.0,15.0,18.0,14.0,11637224130.0,7034376.0,兰州市城关区,兰州市城关区伏龙坪街道,20.0,28.0,30.0,20.0,98.0,96.76,74.52743362831859,46.79183823529412
甘肃省,兰州市,城关区,靖远路街道,103.8258061,36.0712859,78.0,204.0,151.0,120.0,437.0,1079.0,9.0,849.0,412.0,57.0,4.0,52.0,30.0,56.0,41.0,59.0,17.0,6.0,139.0,434.0,128.0,16.0,9.0,5.0,18.0,27.0,4757.0,178.0,47.0,54.0,442.0,148.0,109.0,34.0,26.0,24.0,8.0,50.0,32.0,11.0,52.0,82.0,1.0,64.0,45.0,5.0,0.0,1.0,1.0,1.0,5.0,8.0,3.0,0.0,1.0,3.0,20.0,1.0,1.0,0.0,8.0,5.0,531.0,10.0,1.0,10.0,10.0,12.0,2.0,8.0,20.0,12.0,11637481771.0,7034359.0,兰州市城关区,兰州市城关区靖远路街道,20.0,30.0,25.0,20.0,95.0,96.76,74.52743362831859,46.79183823529412
甘肃省,兰州市,城关区,草场街街道,103.8318227,36.0707663,41.0,234.0,161.0,125.0,425.0,1229.0,12.0,917.0,464.0,65.0,5.0,50.0,28.0,58.0,39.0,60.0,18.0,6.0,152.0,513.0,120.0,24.0,9.0,6.0,18.0,25.0,4925.0,204.0,51.0,55.0,506.0,152.0,135.0,34.0,27.0,24.0,7.0,54.0,29.0,11.0,57.0,84.0,0.0,114.0,51.0,5.0,1.0,0.0,1.0,1.0,5.0,9.0,1.0,0.0,2.0,7.0,19.0,1.0,2.0,0.0,5.0,6.0,608.0,12.0,0.0,12.0,15.0,17.0,3.0,6.0,17.0,11.0,11637224142.0,7034358.0,兰州市城关区,兰州市城关区草场街街道,20.0,30.0,28.0,20.0,98.0,96.76,74.52743362831859,46.79183823529412
甘肃省,兰州市,城关区,火车站街道,103.8654886,36.0261705,18.0,42.0,76.0,86.0,248.0,837.0,2.0,323.0,351.0,28.0,8.0,17.0,22.0,48.0,27.0,53.0,3.0,2.0,68.0,319.0,96.0,6.0,11.0,5.0,13.0,23.0,3483.0,35.0,30.0,22.0,280.0,81.0,89.0,30.0,26.0,23.0,6.0,0.0,9.0,4.0,12.0,89.0,0.0,9.0,24.0,2.0,2.0,1.0,2.0,2.0,2.0,4.0,0.0,0.0,0.0,10.0,9.0,0.0,3.0,0.0,1.0,1.0,328.0,2.0,5.0,1.0,10.0,8.0,1.0,7.0,12.0,10.0,11701051109.0,7034354.0,兰州市城关区,兰州市城关区火车站街道,20.0,30.0,21.0,20.0,91.0,96.76,74.52743362831859,46.79183823529412
甘肃省,兰州市,城关区,拱星墩街道,103.9037049,36.0394505,37.0,30.0,88.0,73.0,334.0,661.0,2.0,130.0,207.0,12.0,11.0,6.0,9.0,16.0,18.0,38.0,1.0,4.0,27.0,97.0,104.0,21.0,32.0,5.0,24.0,12.0,2776.0,21.0,18.0,14.0,109.0,52.0,24.0,21.0,26.0,17.0,8.0,13.0,12.0,13.0,55.0,108.0,0.0,41.0,37.0,4.0,3.0,1.0,4.0,8.0,3.0,9.0,0.0,0.0,4.0,31.0,31.0,5.0,9.0,2.0,6.0,2.0,559.0,6.0,2.0,5.0,8.0,12.0,5.0,10.0,15.0,14.0,11701051120.0,7034368.0,兰州市城关区,兰州市城关区拱星墩街道,20.0,30.0,23.0,20.0,93.0,96.76,74.52743362831859,46.79183823529412
甘肃省,兰州市,城关区,东岗街道,103.9105865,36.0474537,37.0,34.0,86.0,83.0,326.0,589.0,2.0,104.0,202.0,10.0,13.0,6.0,8.0,13.0,20.0,37.0,1.0,3.0,20.0,63.0,96.0,22.0,31.0,3.0,22.0,14.0,2382.0,18.0,22.0,13.0,88.0,50.0,20.0,20.0,26.0,18.0,4.0,12.0,17.0,24.0,60.0,71.0,0.0,28.0,41.0,2.0,3.0,2.0,3.0,6.0,5.0,11.0,1.0,0.0,4.0,23.0,27.0,5.0,5.0,0.0,12.0,2.0,382.0,6.0,13.0,1.0,7.0,13.0,5.0,4.0,15.0,11.0,5643817730.0,7034367.0,兰州市城关区,兰州市城关区东岗街道,20.0,30.0,28.0,20.0,98.0,96.76,74.52743362831859,46.79183823529412
甘肃省,兰州市,城关区,团结新村街道,103.8650705,36.0385735,17.0,62.0,140.0,133.0,432.0,1348.0,9.0,468.0,526.0,53.0,9.0,37.0,31.0,67.0,42.0,79.0,8.0,6.0,124.0,520.0,145.0,24.0,16.0,8.0,15.0,28.0,5433.0,72.0,53.0,27.0,492.0,151.0,130.0,31.0,26.0,21.0,0.0,10.0,19.0,30.0,58.0,254.0,2.0,45.0,72.0,11.0,1.0,4.0,6.0,13.0,6.0,15.0,0.0,1.0,17.0,100.0,26.0,1.0,4.0,3.0,3.0,5.0,843.0,4.0,12.0,2.0,62.0,12.0,19.0,9.0,16.0,15.0,11701051110.0,7034369.0,兰州市城关区,兰州市城关区团结新村街道,20.0,30.0,25.0,20.0,95.0,96.76,74.52743362831859,46.79183823529412
甘肃省,兰州市,城关区,东岗西路街道,103.8483457,36.0477617,33.0,134.0,213.0,180.0,511.0,1797.0,9.0,1143.0,649.0,81.0,7.0,64.0,42.0,93.0,61.0,101.0,20.0,7.0,209.0,752.0,158.0,27.0,9.0,10.0,16.0,39.0,6992.0,183.0,68.0,49.0,720.0,197.0,192.0,38.0,26.0,25.0,0.0,40.0,25.0,37.0,58.0,266.0,3.0,106.0,129.0,12.0,0.0,17.0,10.0,22.0,13.0,22.0,2.0,1.0,47.0,217.0,18.0,6.0,0.0,1.0,2.0,7.0,1019.0,25.0,12.0,7.0,156.0,52.0,53.0,11.0,19.0,14.0,5643817729.0,7034366.0,兰州市城关区,兰州市城关区东岗西路街道,20.0,30.0,30.0,20.0,100.0,96.76,74.52743362831859,46.79183823529412
甘肃省,兰州市,城关区,铁路东村街道,103.8395902,36.0367915,37.0,91.0,162.0,146.0,385.0,1360.0,6.0,971.0,535.0,66.0,4.0,55.0,39.0,86.0,51.0,78.0,14.0,6.0,177.0,605.0,111.0,19.0,5.0,8.0,11.0,37.0,5515.0,121.0,43.0,31.0,596.0,151.0,164.0,37.0,28.0,28.0,10.0,3.0,33.0,19.0,68.0,199.0,0.0,143.0,93.0,4.0,1.0,6.0,4.0,9.0,10.0,12.0,1.0,1.0,28.0,94.0,32.0,3.0,1.0,1.0,4.0,8.0,895.0,13.0,9.0,6.0,59.0,12.0,29.0,14.0,21.0,13.0,11637481792.0,7034364.0,兰州市城关区,兰州市城关区铁路东村街道,20.0,30.0,30.0,20.0,100.0,96.76,74.52743362831859,46.79183823529412
甘肃省,兰州市,城关区,铁路西村街道,103.8309862,36.0357604,98.0,100.0,142.0,120.0,376.0,1255.0,5.0,929.0,471.0,57.0,3.0,54.0,35.0,77.0,50.0,75.0,14.0,6.0,170.0,635.0,123.0,19.0,6.0,7.0,10.0,37.0,5063.0,124.0,37.0,31.0,528.0,139.0,161.0,35.0,27.0,29.0,14.0,2.0,20.0,10.0,63.0,144.0,0.0,296.0,50.0,3.0,0.0,7.0,2.0,7.0,9.0,10.0,1.0,0.0,10.0,36.0,21.0,3.0,0.0,1.0,0.0,10.0,807.0,1.0,8.0,5.0,32.0,16.0,13.0,7.0,17.0,15.0,11637481791.0,7034365.0,兰州市城关区,兰州市城关区铁路西村街道,20.0,30.0,28.0,20.0,98.0,96.76,74.52743362831859,46.79183823529412
甘肃省,兰州市,城关区,渭源路街道,103.8641249,36.0559333,4.0,140.0,205.0,163.0,594.0,1632.0,11.0,718.0,567.0,79.0,6.0,45.0,33.0,71.0,53.0,92.0,10.0,7.0,166.0,588.0,169.0,32.0,14.0,8.0,15.0,25.0,6162.0,131.0,185.0,39.0,586.0,187.0,155.0,34.0,26.0,20.0,0.0,15.0,36.0,30.0,69.0,239.0,4.0,101.0,103.0,11.0,2.0,2.0,5.0,7.0,8.0,17.0,1.0,0.0,15.0,55.0,20.0,4.0,1.0,3.0,1.0,4.0,887.0,23.0,6.0,1.0,131.0,23.0,12.0,9.0,14.0,14.0,11701051111.0,7034363.0,兰州市城关区,兰州市城关区渭源路街道,20.0,30.0,28.0,20.0,98.0,96.76,74.52743362831859,46.79183823529412
甘肃省,兰州市,城关区,盐场路街道,103.8367343,36.0705771,24.0,235.0,161.0,121.0,421.0,1302.0,8.0,892.0,477.0,66.0,4.0,52.0,28.0,57.0,41.0,62.0,17.0,5.0,158.0,530.0,117.0,25.0,10.0,6.0,16.0,26.0,5097.0,210.0,54.0,50.0,527.0,152.0,144.0,36.0,28.0,24.0,4.0,45.0,26.0,10.0,53.0,91.0,1.0,112.0,44.0,7.0,1.0,1.0,1.0,2.0,4.0,8.0,0.0,0.0,4.0,7.0,20.0,2.0,2.0,0.0,3.0,5.0,602.0,19.0,1.0,13.0,18.0,18.0,4.0,6.0,17.0,11.0,9690096929.0,7034357.0,兰州市城关区,兰州市城关区盐场路街道,20.0,30.0,23.0,20.0,93.0,96.76,74.52743362831859,46.79183823529412
甘肃省,兰州市,城关区,嘉峪关路街道,103.8780651,36.0395707,18.0,60.0,145.0,127.0,439.0,1247.0,7.0,327.0,446.0,40.0,12.0,16.0,27.0,55.0,31.0,70.0,3.0,4.0,84.0,371.0,143.0,23.0,24.0,8.0,17.0,26.0,4833.0,69.0,37.0,21.0,368.0,111.0,102.0,29.0,26.0,23.0,0.0,5.0,15.0,17.0,57.0,173.0,0.0,35.0,64.0,3.0,1.0,2.0,2.0,4.0,7.0,15.0,0.0,1.0,10.0,50.0,28.0,0.0,3.0,3.0,5.0,3.0,791.0,3.0,4.0,2.0,45.0,11.0,7.0,7.0,15.0,13.0,11701051119.0,7034356.0,兰州市城关区,兰州市城关区嘉峪关路街道,20.0,30.0,25.0,20.0,95.0,96.76,74.52743362831859,46.79183823529412
甘肃省,兰州市,城关区,焦家湾街道,103.8960041,36.0389873,29.0,38.0,99.0,107.0,363.0,836.0,4.0,160.0,286.0,19.0,12.0,7.0,16.0,28.0,22.0,49.0,2.0,4.0,36.0,133.0,121.0,22.0,27.0,6.0,24.0,13.0,3340.0,30.0,26.0,13.0,151.0,67.0,27.0,26.0,27.0,18.0,7.0,7.0,13.0,9.0,42.0,136.0,0.0,40.0,43.0,3.0,4.0,1.0,3.0,5.0,3.0,8.0,0.0,0.0,2.0,18.0,27.0,4.0,8.0,1.0,3.0,3.0,595.0,3.0,2.0,5.0,14.0,14.0,5.0,9.0,13.0,13.0,11701051121.0,7034362.0,兰州市城关区,兰州市城关区焦家湾街道,20.0,30.0,23.0,20.0,93.0,96.76,74.52743362831859,46.79183823529412
甘肃省,兰州市,城关区,青白石街道,103.9028205,36.0716825,22.0,74.0,103.0,81.0,357.0,462.0,2.0,106.0,141.0,15.0,5.0,3.0,2.0,4.0,18.0,27.0,2.0,3.0,24.0,38.0,85.0,19.0,21.0,2.0,15.0,13.0,1653.0,29.0,143.0,11.0,77.0,30.0,13.0,8.0,27.0,18.0,0.0,20.0,10.0,9.0,33.0,40.0,0.0,5.0,27.0,1.0,1.0,0.0,1.0,1.0,4.0,5.0,0.0,0.0,0.0,1.0,6.0,1.0,3.0,0.0,1.0,2.0,134.0,0.0,0.0,1.0,5.0,5.0,0.0,4.0,17.0,10.0,9690096927.0,7034355.0,兰州市城关区,兰州市城关区青白石街道,20.0,30.0,16.0,20.0,86.0,96.76,74.52743362831859,46.79183823529412
甘肃省,兰州市,城关区,雁园街道,103.8824981,36.0662245,10.0,130.0,135.0,117.0,464.0,1031.0,8.0,335.0,329.0,37.0,8.0,9.0,12.0,22.0,30.0,53.0,5.0,5.0,52.0,170.0,133.0,29.0,19.0,6.0,14.0,17.0,3552.0,81.0,168.0,10.0,262.0,87.0,40.0,20.0,27.0,18.0,0.0,16.0,26.0,5.0,96.0,162.0,0.0,27.0,40.0,10.0,1.0,1.0,1.0,1.0,5.0,8.0,1.0,0.0,5.0,5.0,21.0,3.0,3.0,1.0,0.0,3.0,507.0,17.0,126.0,0.0,20.0,10.0,0.0,2.0,15.0,9.0,11637481793.0,17205650.0,兰州市城关区,兰州市城关区雁园街道,20.0,30.0,27.0,20.0,97.0,96.76,74.52743362831859,46.79183823529412
甘肃省,兰州市,七里河区,西园街道,103.793553,36.060683,164.0,162.0,75.0,118.0,451.0,1030.0,8.0,693.0,387.0,49.0,5.0,23.0,26.0,50.0,38.0,55.0,15.0,5.0,76.0,414.0,145.0,8.0,11.0,7.0,13.0,45.0,4201.0,167.0,57.0,55.0,342.0,111.0,91.0,46.0,28.0,26.0,28.0,29.0,4.0,29.0,74.0,187.0,0.0,93.0,57.0,10.0,0.0,3.0,9.0,16.0,4.0,7.0,3.0,3.0,11.0,48.0,21.0,1.0,1.0,0.0,1.0,11.0,823.0,18.0,1.0,13.0,51.0,17.0,16.0,18.0,17.0,14.0,-1.0,7065632.0,兰州市七里河区,兰州市七里河区西园街道,20.0,30.0,30.0,20.0,100.0,88.36,74.52743362831859,46.79183823529412
甘肃省,兰州市,七里河区,西湖街道,103.785026,36.064516,145.0,148.0,52.0,107.0,503.0,917.0,8.0,587.0,379.0,43.0,6.0,13.0,23.0,44.0,34.0,52.0,10.0,4.0,52.0,346.0,143.0,6.0,14.0,6.0,16.0,45.0,3946.0,133.0,97.0,49.0,264.0,108.0,66.0,42.0,28.0,24.0,27.0,35.0,0.0,36.0,90.0,200.0,0.0,70.0,62.0,17.0,0.0,5.0,8.0,17.0,6.0,8.0,3.0,1.0,16.0,67.0,25.0,2.0,0.0,0.0,1.0,8.0,755.0,31.0,1.0,4.0,67.0,25.0,14.0,18.0,17.0,12.0,-1.0,7065622.0,兰州市七里河区,兰州市七里河区西湖街道,20.0,30.0,30.0,20.0,100.0,88.36,74.52743362831859,46.79183823529412
甘肃省,兰州市,七里河区,建兰路街道,103.7701771,36.0708761,91.0,82.0,69.0,108.0,523.0,844.0,11.0,524.0,396.0,38.0,10.0,9.0,14.0,31.0,39.0,57.0,8.0,4.0,39.0,277.0,139.0,6.0,15.0,4.0,17.0,45.0,3940.0,81.0,85.0,42.0,229.0,123.0,43.0,41.0,26.0,22.0,10.0,21.0,17.0,41.0,78.0,214.0,0.0,107.0,100.0,14.0,2.0,3.0,5.0,11.0,12.0,15.0,4.0,1.0,17.0,153.0,41.0,3.0,0.0,2.0,5.0,14.0,846.0,37.0,34.0,8.0,101.0,25.0,17.0,22.0,19.0,13.0,2292219437.0,7065631.0,兰州市七里河区,兰州市七里河区建兰路街道,20.0,30.0,30.0,20.0,100.0,88.36,74.52743362831859,46.79183823529412
甘肃省,兰州市,七里河区,敦煌路街道,103.765299,36.075299,95.0,85.0,68.0,112.0,507.0,822.0,7.0,509.0,385.0,40.0,9.0,5.0,17.0,37.0,39.0,62.0,8.0,2.0,38.0,286.0,141.0,6.0,17.0,5.0,20.0,39.0,3802.0,88.0,87.0,36.0,240.0,134.0,41.0,39.0,26.0,22.0,10.0,16.0,24.0,24.0,111.0,190.0,0.0,113.0,87.0,11.0,1.0,0.0,6.0,13.0,11.0,14.0,2.0,1.0,14.0,156.0,33.0,3.0,1.0,2.0,6.0,13.0,780.0,36.0,63.0,3.0,86.0,24.0,11.0,11.0,19.0,12.0,-1.0,7065623.0,兰州市七里河区,兰州市七里河区敦煌路街道,20.0,30.0,30.0,20.0,100.0,88.36,74.52743362831859,46.79183823529412
甘肃省,兰州市,七里河区,西站街道,103.763087,36.067596,91.0,85.0,71.0,114.0,565.0,918.0,7.0,513.0,398.0,39.0,11.0,6.0,17.0,34.0,40.0,61.0,8.0,3.0,39.0,278.0,156.0,6.0,18.0,5.0,18.0,43.0,4169.0,87.0,83.0,38.0,231.0,157.0,40.0,39.0,26.0,26.0,7.0,16.0,27.0,19.0,78.0,148.0,0.0,86.0,89.0,9.0,1.0,0.0,2.0,5.0,11.0,14.0,1.0,0.0,10.0,115.0,36.0,2.0,3.0,3.0,6.0,8.0,676.0,24.0,50.0,9.0,51.0,24.0,14.0,11.0,20.0,13.0,-1.0,7065625.0,兰州市七里河区,兰州市七里河区西站街道,20.0,30.0,28.0,20.0,98.0,88.36,74.52743362831859,46.79183823529412
甘肃省,兰州市,七里河区,晏家坪街道,103.785026,36.064516,145.0,148.0,52.0,107.0,503.0,917.0,8.0,587.0,379.0,43.0,6.0,13.0,23.0,44.0,34.0,52.0,10.0,4.0,52.0,346.0,143.0,6.0,14.0,6.0,16.0,45.0,3946.0,133.0,97.0,49.0,264.0,108.0,66.0,42.0,28.0,24.0,27.0,35.0,0.0,36.0,90.0,200.0,0.0,70.0,62.0,17.0,0.0,5.0,8.0,17.0,6.0,8.0,3.0,1.0,16.0,67.0,25.0,2.0,0.0,0.0,1.0,8.0,755.0,31.0,1.0,4.0,67.0,25.0,14.0,18.0,17.0,12.0,-1.0,7065624.0,兰州市七里河区,兰州市七里河区晏家坪街道,20.0,30.0,30.0,20.0,100.0,88.36,74.52743362831859,46.79183823529412
甘肃省,兰州市,七里河区,龚家湾街道,103.785026,36.064516,145.0,148.0,52.0,107.0,503.0,917.0,8.0,587.0,379.0,43.0,6.0,13.0,23.0,44.0,34.0,52.0,10.0,4.0,52.0,346.0,143.0,6.0,14.0,6.0,16.0,45.0,3946.0,133.0,97.0,49.0,264.0,108.0,66.0,42.0,28.0,24.0,27.0,35.0,0.0,36.0,90.0,200.0,0.0,70.0,62.0,17.0,0.0,5.0,8.0,17.0,6.0,8.0,3.0,1.0,16.0,67.0,25.0,2.0,0.0,0.0,1.0,8.0,755.0,31.0,1.0,4.0,67.0,25.0,14.0,18.0,17.0,12.0,-1.0,7065626.0,兰州市七里河区,兰州市七里河区龚家湾街道,20.0,30.0,30.0,20.0,100.0,88.36,74.52743362831859,46.79183823529412
甘肃省,兰州市,七里河区,土门墩街道,103.765299,36.075299,95.0,85.0,68.0,112.0,507.0,822.0,7.0,509.0,385.0,40.0,9.0,5.0,17.0,37.0,39.0,62.0,8.0,2.0,38.0,286.0,141.0,6.0,17.0,5.0,20.0,39.0,3802.0,88.0,87.0,36.0,240.0,134.0,41.0,39.0,26.0,22.0,10.0,16.0,24.0,24.0,111.0,190.0,0.0,113.0,87.0,11.0,1.0,0.0,6.0,13.0,11.0,14.0,2.0,1.0,14.0,156.0,33.0,3.0,1.0,2.0,6.0,13.0,780.0,36.0,63.0,3.0,86.0,24.0,11.0,11.0,19.0,12.0,-1.0,7065621.0,兰州市七里河区,兰州市七里河区土门墩街道,20.0,30.0,30.0,20.0,100.0,88.36,74.52743362831859,46.79183823529412
甘肃省,兰州市,七里河区,秀川街道,103.718061,36.084486,48.0,79.0,88.0,96.0,397.0,856.0,2.0,481.0,251.0,20.0,7.0,7.0,9.0,12.0,35.0,57.0,4.0,0.0,16.0,95.0,116.0,16.0,25.0,10.0,28.0,47.0,3097.0,56.0,15.0,29.0,114.0,123.0,24.0,29.0,28.0,20.0,9.0,16.0,15.0,7.0,22.0,41.0,1.0,103.0,16.0,1.0,0.0,0.0,0.0,0.0,4.0,5.0,0.0,0.0,0.0,11.0,12.0,6.0,2.0,2.0,8.0,1.0,266.0,13.0,1.0,1.0,5.0,9.0,2.0,7.0,19.0,14.0,-1.0,7065630.0,兰州市七里河区,兰州市七里河区秀川街道,20.0,30.0,16.0,20.0,86.0,88.36,74.52743362831859,46.79183823529412
甘肃省,兰州市,七里河区,阿干镇,103.8492752,35.9181281,1.0,34.0,0.0,12.0,60.0,43.0,0.0,8.0,20.0,1.0,0.0,1.0,0.0,2.0,3.0,4.0,0.0,0.0,1.0,18.0,33.0,0.0,2.0,0.0,0.0,6.0,176.0,0.0,0.0,3.0,2.0,3.0,2.0,4.0,11.0,12.0,0.0,7.0,0.0,11.0,13.0,23.0,0.0,3.0,6.0,1.0,0.0,1.0,0.0,0.0,1.0,1.0,0.0,0.0,0.0,2.0,8.0,0.0,1.0,0.0,0.0,3.0,56.0,0.0,0.0,1.0,1.0,0.0,1.0,2.0,8.0,6.0,4107239878.0,9004683.0,兰州市七里河区,兰州市七里河区阿干镇,20.0,28.0,12.0,20.0,80.0,88.36,74.52743362831859,46.79183823529412
甘肃省,兰州市,七里河区,八里镇,103.8214043,36.0055935,22.0,0.0,6.0,6.0,130.0,90.0,0.0,85.0,26.0,4.0,0.0,0.0,0.0,0.0,2.0,3.0,1.0,0.0,0.0,2.0,36.0,1.0,6.0,0.0,1.0,10.0,415.0,0.0,0.0,9.0,5.0,6.0,7.0,9.0,18.0,18.0,8.0,0.0,0.0,1.0,42.0,8.0,0.0,0.0,6.0,0.0,0.0,0.0,0.0,0.0,0.0,0.0,0.0,0.0,0.0,0.0,10.0,0.0,3.0,0.0,0.0,2.0,94.0,0.0,0.0,0.0,0.0,0.0,0.0,3.0,8.0,7.0,4108384888.0,7065629.0,兰州市七里河区,兰州市七里河区八里镇,20.0,28.0,0.0,20.0,68.0,88.36,74.52743362831859,46.79183823529412
甘肃省,兰州市,七里河区,彭家坪镇,103.7241142,36.0516459,16.0,24.0,32.0,35.0,246.0,381.0,0.0,137.0,118.0,6.0,3.0,2.0,4.0,4.0,18.0,26.0,3.0,0.0,5.0,36.0,80.0,0.0,31.0,3.0,18.0,15.0,1572.0,3.0,0.0,17.0,19.0,63.0,4.0,18.0,24.0,20.0,0.0,0.0,12.0,11.0,28.0,46.0,0.0,26.0,14.0,1.0,0.0,1.0,0.0,0.0,2.0,5.0,1.0,0.0,1.0,2.0,10.0,0.0,8.0,0.0,2.0,2.0,113.0,0.0,0.0,0.0,2.0,11.0,0.0,2.0,10.0,10.0,6075240659.0,7065634.0,兰州市七里河区,兰州市七里河区彭家坪镇,20.0,30.0,19.0,20.0,89.0,88.36,74.52743362831859,46.79183823529412
甘肃省,兰州市,七里河区,西果园镇,103.7640345,35.9725275,6.0,0.0,0.0,3.0,83.0,22.0,0.0,2.0,11.0,0.0,1.0,0.0,0.0,0.0,5.0,5.0,0.0,1.0,0.0,1.0,24.0,0.0,3.0,0.0,1.0,13.0,168.0,0.0,0.0,2.0,3.0,4.0,0.0,6.0,13.0,13.0,3.0,0.0,0.0,2.0,23.0,12.0,0.0,0.0,4.0,0.0,1.0,0.0,0.0,0.0,3.0,3.0,0.0,1.0,0.0,0.0,3.0,0.0,3.0,0.0,0.0,2.0,88.0,0.0,0.0,0.0,2.0,3.0,0.0,3.0,9.0,8.0,4129071402.0,7065633.0,兰州市七里河区,兰州市七里河区西果园镇,20.0,28.0,7.0,20.0,75.0,88.36,74.52743362831859,46.79183823529412
甘肃省,兰州市,七里河区,黄峪镇,103.7128679,36.0146726,0.0,0.0,6.0,2.0,69.0,13.0,0.0,0.0,2.0,0.0,0.0,0.0,0.0,0.0,4.0,5.0,0.0,0.0,0.0,0.0,27.0,0.0,3.0,0.0,0.0,11.0,105.0,0.0,0.0,1.0,1.0,0.0,0.0,3.0,10.0,10.0,0.0,0.0,2.0,1.0,17.0,1.0,0.0,0.0,0.0,0.0,0.0,0.0,0.0,0.0,3.0,3.0,0.0,0.0,0.0,0.0,7.0,0.0,1.0,0.0,0.0,2.0,24.0,0.0,0.0,0.0,1.0,0.0,0.0,1.0,5.0,5.0,4730345587.0,7065628.0,兰州市七里河区,兰州市七里河区黄峪镇,20.0,26.0,5.0,17.0,68.0,88.36,74.52743362831859,46.79183823529412
甘肃省,兰州市,七里河区,魏岭乡,103.8330371,35.9519098,34.0,0.0,0.0,7.0,43.0,25.0,0.0,1.0,8.0,0.0,1.0,0.0,0.0,0.0,2.0,2.0,1.0,0.0,0.0,0.0,21.0,0.0,3.0,0.0,2.0,7.0,40.0,0.0,0.0,2.0,3.0,0.0,0.0,4.0,12.0,14.0,1.0,0.0,0.0,0.0,8.0,0.0,0.0,0.0,0.0,0.0,0.0,0.0,0.0,0.0,1.0,1.0,0.0,0.0,0.0,0.0,4.0,0.0,0.0,0.0,0.0,3.0,2.0,0.0,0.0,0.0,2.0,0.0,0.0,1.0,3.0,4.0,6075456712.0,7065627.0,兰州市七里河区,兰州市七里河区魏岭乡,20.0,28.0,5.0,8.4,61.4,88.36,74.52743362831859,46.79183823529412
甘肃省,兰州市,西固区,陈坪街道,103.624029,36.098213,36.0,22.0,48.0,123.0,370.0,557.0,0.0,142.0,197.0,13.0,7.0,2.0,9.0,14.0,27.0,36.0,5.0,0.0,22.0,59.0,74.0,2.0,26.0,3.0,7.0,29.0,3610.0,51.0,6.0,32.0,31.0,65.0,8.0,16.0,24.0,22.0,0.0,2.0,20.0,24.0,82.0,90.0,0.0,50.0,61.0,1.0,0.0,1.0,3.0,7.0,13.0,14.0,1.0,0.0,13.0,33.0,26.0,1.0,2.0,3.0,3.0,7.0,918.0,18.0,4.0,2.0,15.0,13.0,2.0,7.0,15.0,10.0,-1.0,7065271.0,兰州市西固区,兰州市西固区陈坪街道,20.0,30.0,28.0,20.0,98.0,83.63846153846154,74.52743362831859,46.79183823529412
甘肃省,兰州市,西固区,先锋路街道,103.6362443,36.0888787,42.0,33.0,60.0,112.0,381.0,443.0,0.0,137.0,179.0,12.0,6.0,2.0,10.0,15.0,23.0,32.0,3.0,0.0,21.0,58.0,71.0,2.0,24.0,4.0,12.0,19.0,3166.0,49.0,6.0,45.0,33.0,60.0,8.0,14.0,26.0,22.0,10.0,4.0,19.0,52.0,88.0,71.0,0.0,24.0,60.0,4.0,2.0,1.0,3.0,5.0,6.0,8.0,1.0,0.0,10.0,17.0,19.0,0.0,4.0,1.0,3.0,1.0,689.0,20.0,1.0,1.0,6.0,22.0,4.0,7.0,17.0,12.0,8596178283.0,7065266.0,兰州市西固区,兰州市西固区先锋路街道,20.0,30.0,28.0,20.0,98.0,83.63846153846154,74.52743362831859,46.79183823529412
甘肃省,兰州市,西固区,福利路街道,103.624708,36.092191,37.0,20.0,47.0,115.0,378.0,505.0,0.0,144.0,180.0,13.0,6.0,2.0,9.0,14.0,26.0,34.0,4.0,0.0,20.0,57.0,75.0,2.0,23.0,3.0,7.0,26.0,3330.0,51.0,6.0,24.0,30.0,65.0,8.0,16.0,25.0,22.0,10.0,0.0,23.0,40.0,82.0,63.0,0.0,62.0,54.0,1.0,0.0,2.0,4.0,9.0,10.0,12.0,1.0,0.0,14.0,25.0,21.0,0.0,0.0,2.0,2.0,5.0,865.0,22.0,3.0,2.0,12.0,16.0,1.0,9.0,13.0,10.0,-1.0,7065265.0,兰州市西固区,兰州市西固区福利路街道,20.0,30.0,28.0,20.0,98.0,83.63846153846154,74.52743362831859,46.79183823529412
甘肃省,兰州市,西固区,西固城街道,103.6276937,36.0997242,36.0,22.0,48.0,127.0,383.0,564.0,0.0,146.0,206.0,15.0,8.0,2.0,10.0,15.0,27.0,36.0,5.0,0.0,23.0,59.0,78.0,2.0,38.0,4.0,7.0,27.0,3637.0,51.0,6.0,31.0,33.0,66.0,8.0,14.0,24.0,23.0,0.0,3.0,20.0,19.0,89.0,94.0,0.0,53.0,57.0,2.0,0.0,1.0,4.0,9.0,10.0,10.0,1.0,0.0,13.0,41.0,27.0,1.0,4.0,3.0,2.0,7.0,852.0,17.0,4.0,2.0,14.0,17.0,2.0,8.0,17.0,9.0,8596178282.0,7065267.0,兰州市西固区,兰州市西固区西固城街道,20.0,30.0,28.0,20.0,98.0,83.63846153846154,74.52743362831859,46.79183823529412
甘肃省,兰州市,西固区,四季青街道,103.624029,36.098213,36.0,22.0,48.0,123.0,370.0,557.0,0.0,142.0,197.0,13.0,7.0,2.0,9.0,14.0,27.0,36.0,5.0,0.0,22.0,59.0,74.0,2.0,26.0,3.0,7.0,29.0,3610.0,51.0,6.0,32.0,31.0,65.0,8.0,16.0,24.0,22.0,0.0,2.0,20.0,24.0,82.0,90.0,0.0,50.0,61.0,1.0,0.0,1.0,3.0,7.0,13.0,14.0,1.0,0.0,13.0,33.0,26.0,1.0,2.0,3.0,3.0,7.0,918.0,18.0,4.0,2.0,15.0,13.0,2.0,7.0,15.0,10.0,-1.0,7065264.0,兰州市西固区,兰州市西固区四季青街道,20.0,30.0,28.0,20.0,98.0,83.63846153846154,74.52743362831859,46.79183823529412
甘肃省,兰州市,西固区,临洮街街道,103.6036491,36.1023418,43.0,19.0,33.0,100.0,275.0,456.0,0.0,133.0,157.0,7.0,4.0,2.0,8.0,13.0,24.0,31.0,6.0,0.0,18.0,48.0,64.0,2.0,23.0,3.0,5.0,29.0,2706.0,33.0,5.0,24.0,28.0,46.0,6.0,18.0,22.0,22.0,16.0,2.0,8.0,25.0,40.0,92.0,0.0,23.0,31.0,3.0,0.0,0.0,2.0,2.0,3.0,5.0,1.0,0.0,0.0,0.0,20.0,0.0,5.0,0.0,1.0,8.0,443.0,12.0,0.0,1.0,2.0,10.0,0.0,8.0,18.0,12.0,6860394262.0,7065268.0,兰州市西固区,兰州市西固区临洮街街道,20.0,30.0,20.0,20.0,90.0,83.63846153846154,74.52743362831859,46.79183823529412
甘肃省,兰州市,西固区,西柳沟街道,103.6083162,36.1104118,46.0,30.0,36.0,103.0,290.0,497.0,4.0,108.0,162.0,10.0,7.0,2.0,7.0,11.0,24.0,31.0,6.0,0.0,17.0,48.0,67.0,3.0,28.0,3.0,5.0,28.0,3168.0,37.0,5.0,34.0,31.0,48.0,6.0,18.0,23.0,21.0,0.0,12.0,3.0,21.0,50.0,94.0,0.0,15.0,26.0,2.0,2.0,0.0,0.0,0.0,3.0,6.0,1.0,0.0,0.0,2.0,15.0,0.0,6.0,0.0,0.0,7.0,540.0,11.0,0.0,7.0,5.0,6.0,1.0,6.0,15.0,9.0,6860464603.0,7065262.0,兰州市西固区,兰州市西固区西柳沟街道,20.0,30.0,17.0,20.0,87.0,83.63846153846154,74.52743362831859,46.79183823529412
甘肃省,兰州市,西固区,新城镇,103.4559399,36.1673346,42.0,6.0,4.0,13.0,123.0,61.0,0.0,11.0,18.0,2.0,3.0,2.0,0.0,0.0,4.0,5.0,0.0,0.0,0.0,0.0,17.0,0.0,9.0,0.0,0.0,13.0,264.0,0.0,1.0,19.0,2.0,5.0,0.0,9.0,17.0,11.0,4.0,0.0,0.0,1.0,25.0,9.0,0.0,1.0,5.0,0.0,0.0,0.0,0.0,0.0,1.0,1.0,0.0,0.0,0.0,0.0,2.0,0.0,4.0,0.0,0.0,5.0,102.0,0.0,0.0,4.0,2.0,2.0,0.0,4.0,9.0,6.0,3756741325.0,7065261.0,兰州市西固区,兰州市西固区新城镇,20.0,30.0,10.0,20.0,80.0,83.63846153846154,74.52743362831859,46.79183823529412
甘肃省,兰州市,西固区,东川镇,103.4948545,36.1437458,20.0,0.0,18.0,26.0,60.0,120.0,0.0,11.0,27.0,0.0,4.0,1.0,1.0,1.0,6.0,6.0,0.0,0.0,0.0,0.0,11.0,0.0,9.0,0.0,1.0,9.0,365.0,0.0,0.0,8.0,1.0,10.0,0.0,5.0,15.0,16.0,10.0,0.0,8.0,20.0,32.0,7.0,0.0,5.0,8.0,0.0,2.0,0.0,1.0,1.0,4.0,4.0,0.0,0.0,0.0,0.0,4.0,0.0,6.0,0.0,0.0,3.0,128.0,0.0,0.0,0.0,0.0,6.0,0.0,3.0,11.0,8.0,6002431831.0,7065263.0,兰州市西固区,兰州市西固区东川镇,20.0,28.0,15.0,20.0,83.0,83.63846153846154,74.52743362831859,46.79183823529412
甘肃省,兰州市,西固区,河口镇,103.4359117,36.1724363,47.0,0.0,0.0,1.0,115.0,43.0,0.0,8.0,14.0,2.0,2.0,1.0,0.0,0.0,4.0,5.0,0.0,0.0,0.0,0.0,17.0,0.0,7.0,0.0,0.0,11.0,190.0,0.0,1.0,16.0,2.0,5.0,0.0,9.0,14.0,10.0,19.0,0.0,0.0,0.0,27.0,17.0,0.0,6.0,2.0,1.0,0.0,0.0,0.0,0.0,1.0,1.0,0.0,0.0,0.0,0.0,4.0,0.0,1.0,0.0,0.0,1.0,27.0,0.0,0.0,1.0,0.0,2.0,0.0,5.0,8.0,9.0,4547669953.0,-1.0,兰州市西固区,兰州市西固区河口镇,12.0,30.0,10.0,20.0,72.0,83.63846153846154,74.52743362831859,46.79183823529412
甘肃省,兰州市,西固区,达川镇,103.3576314,36.1293889,17.0,0.0,4.0,11.0,47.0,6.0,0.0,0.0,2.0,0.0,0.0,0.0,0.0,0.0,2.0,2.0,0.0,0.0,0.0,0.0,12.0,0.0,3.0,0.0,0.0,3.0,61.0,0.0,0.0,6.0,0.0,0.0,0.0,13.0,10.0,8.0,1.0,0.0,1.0,5.0,5.0,0.0,0.0,0.0,0.0,0.0,0.0,0.0,0.0,0.0,1.0,1.0,0.0,0.0,0.0,0.0,6.0,0.0,0.0,0.0,0.0,1.0,3.0,0.0,0.0,0.0,0.0,0.0,0.0,7.0,5.0,5.0,4624375862.0,7065259.0,兰州市西固区,兰州市西固区达川镇,18.0,26.0,5.0,11.0,60.0,83.63846153846154,74.52743362831859,46.79183823529412
甘肃省,兰州市,西固区,柳泉镇,103.5810771,36.100918,39.0,23.0,9.0,51.0,122.0,216.0,14.0,50.0,51.0,5.0,1.0,0.0,2.0,2.0,8.0,13.0,3.0,0.0,0.0,1.0,36.0,0.0,12.0,0.0,2.0,20.0,964.0,12.0,0.0,18.0,6.0,11.0,1.0,17.0,21.0,20.0,0.0,1.0,0.0,1.0,22.0,3.0,0.0,13.0,2.0,0.0,0.0,0.0,0.0,0.0,2.0,2.0,0.0,0.0,0.0,0.0,3.0,0.0,2.0,0.0,0.0,4.0,5.0,0.0,0.0,2.0,0.0,0.0,1.0,2.0,11.0,9.0,4517042859.0,7065269.0,兰州市西固区,兰州市西固区柳泉镇,20.0,30.0,5.0,20.0,75.0,83.63846153846154,74.52743362831859,46.79183823529412
甘肃省,兰州市,西固区,金沟乡,103.6695057,36.0339925,0.0,0.0,3.0,3.0,24.0,2.0,0.0,0.0,0.0,0.0,0.0,0.0,0.0,0.0,1.0,1.0,0.0,0.0,0.0,0.0,16.0,0.0,2.0,0.0,0.0,8.0,15.0,0.0,0.0,1.0,0.0,0.0,0.0,6.0,7.0,13.0,0.0,0.0,2.0,0.0,8.0,1.0,0.0,0.0,0.0,0.0,0.0,0.0,0.0,0.0,1.0,1.0,0.0,0.0,0.0,0.0,2.0,0.0,0.0,0.0,0.0,2.0,10.0,0.0,0.0,0.0,0.0,0.0,0.0,4.0,5.0,5.0,4591199983.0,7065272.0,兰州市西固区,兰州市西固区金沟乡,20.0,18.700000000000003,5.0,6.6,50.300000000000004,83.63846153846154,74.52743362831859,46.79183823529412
甘肃省,兰州市,安宁区,培黎街道,103.7423408,36.0985709,55.0,55.0,99.0,65.0,364.0,570.0,6.0,397.0,227.0,14.0,4.0,2.0,6.0,11.0,26.0,43.0,2.0,0.0,18.0,82.0,79.0,11.0,17.0,10.0,19.0,33.0,2553.0,44.0,38.0,21.0,122.0,128.0,21.0,20.0,24.0,21.0,10.0,0.0,13.0,5.0,114.0,88.0,0.0,56.0,35.0,5.0,0.0,0.0,2.0,3.0,4.0,12.0,0.0,0.0,5.0,12.0,14.0,0.0,3.0,1.0,3.0,4.0,487.0,7.0,4.0,4.0,24.0,32.0,4.0,4.0,12.0,12.0,5202463097.0,7065391.0,兰州市安宁区,兰州市安宁区培黎街道,20.0,30.0,23.0,20.0,93.0,84.7,74.52743362831859,46.79183823529412
甘肃省,兰州市,安宁区,西路街道,103.707708,36.1063238,60.0,93.0,109.0,68.0,262.0,626.0,9.0,434.0,213.0,16.0,5.0,6.0,5.0,6.0,28.0,45.0,4.0,0.0,10.0,55.0,80.0,21.0,23.0,8.0,22.0,46.0,2428.0,51.0,13.0,17.0,94.0,132.0,17.0,17.0,25.0,22.0,0.0,4.0,16.0,11.0,56.0,102.0,0.0,9.0,51.0,0.0,2.0,2.0,1.0,2.0,7.0,9.0,1.0,0.0,3.0,14.0,23.0,3.0,6.0,0.0,2.0,15.0,520.0,8.0,0.0,3.0,23.0,10.0,5.0,7.0,14.0,7.0,4730348592.0,7065388.0,兰州市安宁区,兰州市安宁区西路街道,20.0,30.0,28.0,20.0,98.0,84.7,74.52743362831859,46.79183823529412
甘肃省,兰州市,安宁区,沙井驿街道,103.6239595,36.1488103,29.0,34.0,8.0,34.0,98.0,208.0,6.0,47.0,65.0,5.0,3.0,0.0,0.0,0.0,3.0,4.0,2.0,0.0,2.0,14.0,14.0,3.0,25.0,2.0,3.0,4.0,696.0,5.0,0.0,17.0,2.0,20.0,0.0,9.0,21.0,15.0,2.0,4.0,0.0,13.0,7.0,44.0,0.0,5.0,4.0,2.0,0.0,0.0,0.0,0.0,1.0,1.0,0.0,0.0,0.0,8.0,0.0,0.0,0.0,2.0,1.0,1.0,115.0,0.0,0.0,1.0,1.0,6.0,0.0,2.0,12.0,8.0,4375946791.0,7065386.0,兰州市安宁区,兰州市安宁区沙井驿街道,19.0,30.0,11.0,20.0,80.0,84.7,74.52743362831859,46.79183823529412
甘肃省,兰州市,安宁区,十里店街道,103.7583301,36.091067,47.0,46.0,80.0,78.0,353.0,604.0,5.0,524.0,301.0,26.0,7.0,1.0,10.0,20.0,28.0,45.0,5.0,1.0,26.0,221.0,89.0,7.0,15.0,9.0,18.0,31.0,2581.0,70.0,73.0,25.0,188.0,114.0,29.0,31.0,23.0,24.0,25.0,8.0,23.0,7.0,43.0,30.0,1.0,61.0,30.0,1.0,1.0,0.0,1.0,2.0,5.0,7.0,0.0,0.0,2.0,12.0,13.0,0.0,3.0,0.0,2.0,5.0,253.0,0.0,1.0,3.0,22.0,10.0,3.0,7.0,20.0,11.0,4375942607.0,7065390.0,兰州市安宁区,兰州市安宁区十里店街道,20.0,30.0,23.0,20.0,93.0,84.7,74.52743362831859,46.79183823529412
甘肃省,兰州市,安宁区,孔家崖街道,103.7204228,36.0990039,58.0,72.0,112.0,69.0,391.0,693.0,4.0,511.0,259.0,20.0,5.0,5.0,7.0,11.0,32.0,57.0,3.0,0.0,17.0,77.0,107.0,19.0,24.0,10.0,26.0,54.0,3082.0,64.0,17.0,21.0,125.0,152.0,27.0,20.0,27.0,21.0,2.0,5.0,25.0,20.0,31.0,147.0,0.0,99.0,46.0,3.0,1.0,2.0,2.0,3.0,5.0,9.0,1.0,0.0,4.0,16.0,16.0,5.0,1.0,4.0,2.0,9.0,491.0,6.0,4.0,4.0,26.0,19.0,7.0,10.0,17.0,15.0,4730348590.0,7065392.0,兰州市安宁区,兰州市安宁区孔家崖街道,20.0,30.0,28.0,20.0,98.0,84.7,74.52743362831859,46.79183823529412
甘肃省,兰州市,安宁区,银滩路街道,103.7056488,36.1032621,56.0,106.0,114.0,73.0,280.0,660.0,9.0,483.0,228.0,16.0,5.0,8.0,6.0,7.0,30.0,48.0,4.0,0.0,10.0,55.0,92.0,22.0,25.0,8.0,25.0,47.0,2631.0,55.0,13.0,18.0,95.0,139.0,18.0,19.0,25.0,20.0,0.0,5.0,23.0,18.0,46.0,86.0,0.0,35.0,58.0,0.0,2.0,4.0,0.0,1.0,5.0,6.0,1.0,0.0,3.0,14.0,25.0,7.0,5.0,1.0,6.0,12.0,484.0,15.0,1.0,3.0,29.0,8.0,4.0,8.0,17.0,8.0,4730348589.0,7065393.0,兰州市安宁区,兰州市安宁区银滩路街道,20.0,30.0,23.0,20.0,93.0,84.7,74.52743362831859,46.79183823529412
甘肃省,兰州市,安宁区,刘家堡街道,103.6930415,36.1075849,45.0,87.0,81.0,75.0,233.0,587.0,8.0,384.0,206.0,17.0,4.0,9.0,4.0,5.0,24.0,38.0,2.0,0.0,9.0,41.0,80.0,20.0,24.0,5.0,20.0,44.0,2118.0,42.0,6.0,44.0,68.0,140.0,14.0,16.0,27.0,18.0,0.0,4.0,24.0,14.0,23.0,86.0,0.0,13.0,43.0,1.0,1.0,0.0,1.0,1.0,4.0,6.0,0.0,0.0,1.0,11.0,21.0,5.0,10.0,1.0,7.0,9.0,358.0,14.0,0.0,3.0,16.0,9.0,1.0,5.0,14.0,11.0,4730345584.0,7065387.0,兰州市安宁区,兰州市安宁区刘家堡街道,20.0,30.0,23.0,20.0,93.0,84.7,74.52743362831859,46.79183823529412
甘肃省,兰州市,安宁区,安宁堡街道,103.6821253,36.1270094,40.0,26.0,34.0,50.0,158.0,275.0,1.0,190.0,80.0,6.0,2.0,1.0,1.0,1.0,11.0,16.0,1.0,0.0,1.0,13.0,43.0,9.0,23.0,1.0,11.0,19.0,1041.0,17.0,0.0,10.0,77.0,31.0,4.0,13.0,20.0,20.0,0.0,10.0,8.0,5.0,27.0,56.0,0.0,23.0,0.0,1.0,1.0,0.0,0.0,0.0,2.0,3.0,0.0,0.0,0.0,0.0,3.0,0.0,5.0,0.0,0.0,3.0,145.0,0.0,0.0,0.0,0.0,4.0,0.0,2.0,11.0,9.0,6002413548.0,7065385.0,兰州市安宁区,兰州市安宁区安宁堡街道,20.0,30.0,10.0,20.0,80.0,84.7,74.52743362831859,46.79183823529412
甘肃省,兰州市,安宁区,忠和镇,103.8010283,36.2279601,5.0,0.0,0.0,12.0,33.0,32.0,0.0,0.0,1.0,2.0,0.0,0.0,0.0,0.0,2.0,3.0,0.0,0.0,0.0,0.0,13.0,0.0,13.0,0.0,1.0,2.0,101.0,0.0,0.0,0.0,0.0,4.0,2.0,6.0,9.0,13.0,1.0,0.0,0.0,6.0,12.0,4.0,0.0,0.0,0.0,0.0,0.0,0.0,0.0,0.0,2.0,3.0,0.0,0.0,0.0,0.0,7.0,0.0,6.0,0.0,1.0,2.0,38.0,0.0,0.0,0.0,0.0,3.0,0.0,4.0,9.0,8.0,4375932764.0,6887828.0,兰州市安宁区,兰州市安宁区忠和镇,17.0,28.0,5.0,17.9,67.9,84.7,74.52743362831859,46.79183823529412
甘肃省,兰州市,安宁区,九合镇,103.629567,36.2596617,30.0,0.0,2.0,1.0,13.0,13.0,0.0,2.0,0.0,0.0,0.0,0.0,0.0,0.0,3.0,3.0,0.0,0.0,0.0,0.0,8.0,0.0,7.0,0.0,0.0,6.0,66.0,0.0,0.0,1.0,0.0,0.0,0.0,4.0,11.0,10.0,14.0,0.0,1.0,1.0,5.0,3.0,0.0,0.0,0.0,0.0,0.0,0.0,0.0,0.0,2.0,2.0,0.0,0.0,0.0,0.0,1.0,0.0,2.0,0.0,0.0,2.0,12.0,0.0,0.0,1.0,0.0,0.0,0.0,2.0,9.0,8.0,4613940231.0,6887829.0,兰州市安宁区,兰州市安宁区九合镇,20.0,14.1,5.0,12.0,51.1,84.7,74.52743362831859,46.79183823529412
甘肃省,兰州市,红古区,窑街街道,102.8726292,36.4334888,0.0,3.0,0.0,11.0,35.0,10.0,0.0,0.0,0.0,0.0,0.0,0.0,0.0,0.0,2.0,2.0,0.0,0.0,0.0,0.0,0.0,0.0,6.0,0.0,0.0,3.0,28.0,0.0,0.0,3.0,0.0,3.0,0.0,5.0,6.0,4.0,0.0,2.0,0.0,9.0,11.0,2.0,0.0,0.0,0.0,0.0,0.0,0.0,0.0,0.0,2.0,2.0,0.0,0.0,0.0,0.0,0.0,0.0,4.0,0.0,0.0,1.0,6.0,0.0,0.0,2.0,0.0,2.0,0.0,4.0,6.0,3.0,5163772082.0,8836146.0,兰州市红古区,兰州市红古区窑街街道,18.0,23.0,5.0,5.9,51.9,65.25714285714285,74.52743362831859,46.79183823529412
甘肃省,兰州市,红古区,矿区街道,102.8659519,36.4156768,0.0,7.0,0.0,11.0,39.0,17.0,0.0,0.0,0.0,0.0,2.0,0.0,0.0,0.0,2.0,2.0,0.0,0.0,0.0,0.0,0.0,0.0,6.0,0.0,0.0,3.0,34.0,0.0,0.0,2.0,0.0,3.0,0.0,5.0,6.0,5.0,0.0,2.0,0.0,3.0,24.0,8.0,0.0,0.0,0.0,0.0,0.0,0.0,0.0,0.0,0.0,0.0,0.0,0.0,0.0,0.0,0.0,0.0,2.0,0.0,0.0,2.0,21.0,0.0,0.0,1.0,0.0,1.0,0.0,5.0,5.0,4.0,5163772083.0,8836179.0,兰州市红古区,兰州市红古区矿区街道,18.0,25.0,0.0,8.3,51.3,65.25714285714285,74.52743362831859,46.79183823529412
甘肃省,兰州市,红古区,华龙街道,102.8783981,36.3437005,11.0,8.0,38.0,30.0,176.0,50.0,2.0,43.0,80.0,1.0,7.0,1.0,1.0,1.0,8.0,10.0,2.0,0.0,2.0,4.0,8.0,0.0,5.0,0.0,0.0,5.0,194.0,0.0,0.0,11.0,6.0,8.0,2.0,11.0,20.0,13.0,7.0,3.0,5.0,11.0,37.0,9.0,0.0,27.0,28.0,0.0,1.0,0.0,0.0,0.0,1.0,2.0,1.0,0.0,0.0,1.0,5.0,0.0,1.0,0.0,0.0,2.0,51.0,0.0,0.0,3.0,1.0,1.0,1.0,9.0,15.0,9.0,6002698857.0,-1.0,兰州市红古区,兰州市红古区华龙街道,12.0,30.0,16.0,20.0,78.0,65.25714285714285,74.52743362831859,46.79183823529412
甘肃省,兰州市,红古区,海石湾镇,102.8574731,36.3449907,14.0,8.0,45.0,35.0,193.0,46.0,3.0,37.0,81.0,1.0,6.0,1.0,1.0,1.0,10.0,12.0,2.0,0.0,2.0,4.0,12.0,0.0,5.0,0.0,0.0,6.0,206.0,0.0,0.0,11.0,5.0,11.0,1.0,11.0,18.0,12.0,4.0,3.0,0.0,15.0,71.0,20.0,0.0,9.0,49.0,1.0,0.0,1.0,1.0,1.0,6.0,6.0,2.0,0.0,2.0,3.0,2.0,0.0,2.0,0.0,0.0,2.0,92.0,0.0,0.0,3.0,5.0,5.0,0.0,3.0,10.0,6.0,4475362064.0,-1.0,兰州市红古区,兰州市红古区海石湾镇,12.0,30.0,25.0,20.0,87.0,65.25714285714285,74.52743362831859,46.79183823529412
甘肃省,兰州市,红古区,花庄镇,103.1756638,36.1891016,3.0,0.0,0.0,11.0,56.0,3.0,0.0,0.0,0.0,0.0,0.0,0.0,0.0,0.0,3.0,3.0,0.0,0.0,0.0,0.0,8.0,0.0,4.0,0.0,0.0,5.0,106.0,0.0,0.0,9.0,0.0,0.0,0.0,11.0,9.0,7.0,1.0,0.0,0.0,3.0,16.0,2.0,0.0,0.0,0.0,0.0,0.0,0.0,0.0,0.0,1.0,1.0,0.0,0.0,0.0,0.0,5.0,0.0,3.0,0.0,0.0,2.0,53.0,0.0,0.0,3.0,0.0,0.0,0.0,5.0,7.0,5.0,1674452354.0,8836279.0,兰州市红古区,兰州市红古区花庄镇,20.0,24.0,5.0,19.5,68.5,65.25714285714285,74.52743362831859,46.79183823529412
甘肃省,兰州市,红古区,平安镇,103.2838944,36.1667963,5.0,0.0,2.0,18.0,60.0,11.0,0.0,0.0,1.0,2.0,2.0,1.0,0.0,0.0,2.0,2.0,0.0,0.0,0.0,0.0,13.0,0.0,3.0,0.0,0.0,5.0,85.0,0.0,0.0,4.0,0.0,2.0,0.0,8.0,11.0,8.0,2.0,0.0,2.0,8.0,24.0,3.0,0.0,0.0,1.0,2.0,2.0,1.0,0.0,0.0,2.0,2.0,0.0,0.0,0.0,0.0,5.0,0.0,1.0,0.0,0.0,1.0,33.0,0.0,0.0,2.0,0.0,0.0,0.0,3.0,8.0,3.0,4624375861.0,8836221.0,兰州市红古区,兰州市红古区平安镇,20.0,30.0,10.0,16.4,76.4,65.25714285714285,74.52743362831859,46.79183823529412
甘肃省,兰州市,红古区,红古镇,102.9585105,36.2927026,5.0,4.0,1.0,3.0,64.0,7.0,0.0,0.0,1.0,0.0,1.0,0.0,0.0,0.0,2.0,2.0,0.0,0.0,0.0,0.0,12.0,0.0,5.0,0.0,0.0,2.0,27.0,0.0,0.0,1.0,0.0,5.0,0.0,11.0,14.0,6.0,1.0,0.0,0.0,0.0,17.0,2.0,0.0,0.0,1.0,0.0,0.0,0.0,0.0,0.0,0.0,0.0,0.0,0.0,0.0,0.0,2.0,0.0,1.0,0.0,0.0,1.0,9.0,0.0,0.0,0.0,0.0,0.0,0.0,10.0,5.0,5.0,6002868095.0,-1.0,兰州市红古区,兰州市红古区红古镇,9.0,28.0,0.0,6.7,43.7,65.25714285714285,74.52743362831859,46.79183823529412
甘肃省,兰州市,永登县,城关镇,103.2586357,36.7339512,5.0,7.0,24.0,34.0,173.0,33.0,0.0,39.0,11.0,0.0,4.0,0.0,0.0,0.0,3.0,9.0,0.0,0.0,0.0,2.0,9.0,0.0,2.0,0.0,2.0,1.0,895.0,0.0,0.0,7.0,1.0,8.0,0.0,5.0,17.0,14.0,0.0,3.0,5.0,11.0,80.0,19.0,0.0,13.0,3.0,0.0,1.0,0.0,0.0,0.0,1.0,6.0,0.0,0.0,0.0,2.0,1.0,0.0,0.0,0.0,0.0,1.0,635.0,0.0,0.0,3.0,1.0,5.0,0.0,4.0,12.0,6.0,244082322.0,-1.0,兰州市永登县,兰州市永登县城关镇,8.0,28.0,7.0,20.0,63.0,43.71333333333334,74.52743362831859,46.79183823529412
甘肃省,兰州市,永登县,红城镇,103.3915268,36.4561956,2.0,0.0,0.0,14.0,99.0,28.0,0.0,0.0,0.0,0.0,1.0,0.0,0.0,0.0,6.0,6.0,0.0,0.0,0.0,1.0,24.0,0.0,0.0,0.0,5.0,7.0,33.0,0.0,0.0,1.0,0.0,1.0,0.0,5.0,9.0,9.0,1.0,0.0,0.0,3.0,38.0,14.0,0.0,0.0,0.0,0.0,0.0,0.0,0.0,0.0,2.0,2.0,0.0,0.0,0.0,0.0,6.0,0.0,0.0,0.0,1.0,1.0,17.0,0.0,0.0,0.0,0.0,1.0,0.0,5.0,8.0,4.0,4749542383.0,-1.0,兰州市永登县,兰州市永登县红城镇,12.0,26.0,5.0,9.100000000000001,52.1,43.71333333333334,74.52743362831859,46.79183823529412
甘肃省,兰州市,永登县,中堡镇,103.21414,36.805022,6.0,1.0,3.0,6.0,78.0,12.0,0.0,0.0,0.0,0.0,0.0,0.0,0.0,0.0,3.0,3.0,0.0,0.0,0.0,0.0,7.0,0.0,6.0,1.0,0.0,4.0,27.0,0.0,0.0,4.0,0.0,0.0,0.0,6.0,13.0,6.0,1.0,0.0,0.0,0.0,16.0,0.0,0.0,0.0,0.0,0.0,0.0,0.0,0.0,0.0,0.0,0.0,0.0,0.0,0.0,0.0,3.0,0.0,2.0,0.0,0.0,1.0,0.0,0.0,0.0,0.0,0.0,0.0,0.0,5.0,6.0,3.0,5998095549.0,-1.0,兰州市永登县,兰州市永登县中堡镇,11.0,24.0,0.0,6.1,41.1,43.71333333333334,74.52743362831859,46.79183823529412
甘肃省,兰州市,永登县,武胜驿镇,103.169114,36.8821189,7.0,1.0,0.0,1.0,21.0,7.0,0.0,0.0,0.0,0.0,3.0,0.0,0.0,0.0,2.0,2.0,0.0,0.0,0.0,0.0,7.0,0.0,2.0,0.0,0.0,3.0,4.0,0.0,0.0,2.0,0.0,0.0,0.0,6.0,10.0,6.0,1.0,1.0,0.0,1.0,15.0,3.0,0.0,0.0,0.0,0.0,1.0,0.0,0.0,0.0,1.0,1.0,0.0,0.0,0.0,0.0,3.0,0.0,0.0,0.0,0.0,1.0,0.0,0.0,0.0,0.0,0.0,0.0,0.0,5.0,7.0,3.0,4732707888.0,-1.0,兰州市永登县,兰州市永登县武胜驿镇,10.0,20.7,5.0,3.6,39.300000000000004,43.71333333333334,74.52743362831859,46.79183823529412
甘肃省,兰州市,永登县,河桥镇,102.8845105,36.5002995,6.0,7.0,0.0,8.0,23.0,11.0,0.0,0.0,1.0,0.0,1.0,0.0,0.0,0.0,0.0,0.0,0.0,0.0,0.0,0.0,6.0,0.0,2.0,0.0,0.0,2.0,8.0,0.0,0.0,1.0,0.0,0.0,0.0,1.0,7.0,4.0,0.0,1.0,0.0,2.0,4.0,0.0,0.0,0.0,0.0,0.0,0.0,0.0,0.0,0.0,0.0,0.0,0.0,0.0,0.0,0.0,2.0,0.0,0.0,0.0,0.0,1.0,0.0,0.0,0.0,0.0,0.0,0.0,0.0,1.0,3.0,1.0,3755527291.0,-1.0,兰州市永登县,兰州市永登县河桥镇,9.0,23.3,0.0,2.9,35.199999999999996,43.71333333333334,74.52743362831859,46.79183823529412
甘肃省,兰州市,永登县,连城镇,102.8405177,36.5879982,7.0,1.0,0.0,12.0,32.0,5.0,0.0,32.0,1.0,0.0,0.0,0.0,0.0,0.0,1.0,1.0,0.0,0.0,0.0,0.0,8.0,0.0,1.0,0.0,0.0,5.0,57.0,0.0,0.0,0.0,0.0,0.0,2.0,3.0,9.0,9.0,2.0,0.0,0.0,6.0,25.0,3.0,0.0,32.0,0.0,0.0,0.0,0.0,0.0,0.0,1.0,1.0,0.0,0.0,0.0,0.0,3.0,0.0,0.0,0.0,0.0,1.0,55.0,0.0,0.0,0.0,0.0,0.0,1.0,2.0,8.0,6.0,5998060146.0,-1.0,兰州市永登县,兰州市永登县连城镇,12.0,26.0,5.0,15.200000000000001,58.2,43.71333333333334,74.52743362831859,46.79183823529412
甘肃省,兰州市,永登县,苦水镇,103.4311584,36.2722607,7.0,0.0,0.0,0.0,114.0,2.0,0.0,1.0,3.0,0.0,0.0,0.0,0.0,0.0,7.0,7.0,0.0,0.0,0.0,0.0,19.0,0.0,7.0,0.0,0.0,8.0,49.0,0.0,0.0,11.0,0.0,0.0,0.0,3.0,8.0,7.0,1.0,0.0,0.0,0.0,21.0,0.0,0.0,0.0,2.0,0.0,0.0,0.0,0.0,0.0,2.0,2.0,0.0,0.0,0.0,0.0,4.0,0.0,0.0,0.0,0.0,1.0,13.0,0.0,0.0,1.0,0.0,0.0,0.0,3.0,3.0,3.0,3682412009.0,-1.0,兰州市永登县,兰州市永登县苦水镇,12.0,26.0,5.0,10.9,53.9,43.71333333333334,74.52743362831859,46.79183823529412
甘肃省,兰州市,永登县,大同镇,103.3504305,36.6138729,5.0,0.0,1.0,4.0,69.0,2.0,0.0,0.0,1.0,0.0,0.0,0.0,0.0,0.0,3.0,3.0,0.0,0.0,0.0,0.0,17.0,0.0,1.0,0.0,0.0,7.0,20.0,0.0,0.0,4.0,0.0,0.0,0.0,5.0,8.0,5.0,1.0,0.0,0.0,0.0,19.0,0.0,0.0,0.0,0.0,0.0,0.0,0.0,0.0,0.0,1.0,1.0,0.0,0.0,0.0,0.0,2.0,0.0,0.0,0.0,0.0,3.0,7.0,0.0,0.0,1.0,0.0,0.0,0.0,3.0,4.0,3.0,5998485662.0,-1.0,兰州市永登县,兰州市永登县大同镇,12.0,26.0,5.0,5.7,48.7,43.71333333333334,74.52743362831859,46.79183823529412
甘肃省,兰州市,永登县,龙泉寺镇,103.3875615,36.4871352,2.0,0.0,1.0,12.0,70.0,8.0,0.0,0.0,0.0,0.0,2.0,0.0,0.0,1.0,8.0,8.0,0.0,0.0,0.0,4.0,30.0,0.0,3.0,0.0,2.0,5.0,45.0,0.0,0.0,2.0,0.0,1.0,1.0,5.0,11.0,10.0,2.0,0.0,0.0,6.0,21.0,3.0,0.0,0.0,0.0,0.0,2.0,0.0,0.0,1.0,3.0,3.0,0.0,0.0,0.0,4.0,11.0,0.0,3.0,0.0,0.0,2.0,26.0,0.0,0.0,0.0,0.0,0.0,1.0,5.0,9.0,6.0,4749542379.0,-1.0,兰州市永登县,兰州市永登县龙泉寺镇,12.0,26.0,9.0,11.3,58.3,43.71333333333334,74.52743362831859,46.79183823529412
甘肃省,兰州市,永登县,树屏镇,103.5921726,36.3154278,0.0,4.0,0.0,8.0,28.0,9.0,0.0,0.0,0.0,0.0,1.0,0.0,0.0,0.0,1.0,1.0,0.0,0.0,0.0,0.0,7.0,0.0,0.0,0.0,0.0,4.0,91.0,0.0,0.0,3.0,0.0,0.0,0.0,9.0,9.0,3.0,0.0,1.0,0.0,3.0,11.0,1.0,0.0,0.0,0.0,0.0,1.0,0.0,0.0,0.0,1.0,1.0,0.0,0.0,0.0,0.0,4.0,0.0,0.0,0.0,0.0,2.0,23.0,0.0,0.0,2.0,0.0,0.0,0.0,8.0,7.0,2.0,5998512006.0,-1.0,兰州市永登县,兰州市永登县树屏镇,11.0,24.9,5.0,13.4,54.3,43.71333333333334,74.52743362831859,46.79183823529412
甘肃省,兰州市,永登县,柳树镇,103.302133,36.6695907,1.0,0.0,0.0,0.0,143.0,13.0,0.0,3.0,0.0,0.0,1.0,0.0,0.0,0.0,5.0,5.0,0.0,0.0,0.0,0.0,23.0,0.0,0.0,0.0,0.0,5.0,14.0,0.0,0.0,3.0,0.0,1.0,0.0,6.0,8.0,11.0,1.0,0.0,0.0,0.0,29.0,0.0,0.0,0.0,0.0,0.0,0.0,0.0,0.0,0.0,4.0,4.0,0.0,0.0,0.0,0.0,5.0,0.0,0.0,0.0,0.0,1.0,3.0,0.0,0.0,0.0,0.0,0.0,0.0,4.0,3.0,5.0,4624385646.0,-1.0,兰州市永登县,兰州市永登县柳树镇,12.0,26.0,5.0,6.0,49.0,43.71333333333334,74.52743362831859,46.79183823529412
甘肃省,兰州市,永登县,通远镇,103.0298255,36.6478536,1.0,0.0,0.0,1.0,3.0,0.0,0.0,0.0,0.0,0.0,0.0,0.0,0.0,0.0,0.0,0.0,0.0,0.0,0.0,0.0,1.0,0.0,0.0,0.0,0.0,4.0,0.0,0.0,0.0,1.0,0.0,0.0,0.0,2.0,4.0,2.0,1.0,0.0,0.0,1.0,3.0,0.0,0.0,0.0,0.0,0.0,0.0,0.0,0.0,0.0,0.0,0.0,0.0,0.0,0.0,0.0,1.0,0.0,0.0,0.0,0.0,1.0,0.0,0.0,0.0,1.0,0.0,0.0,0.0,1.0,4.0,2.0,4732652703.0,-1.0,兰州市永登县,兰州市永登县通远镇,11.0,9.5,0.0,1.2,21.7,43.71333333333334,74.52743362831859,46.79183823529412
甘肃省,兰州市,永登县,坪城乡,103.3531451,36.9640912,2.0,0.0,0.0,4.0,62.0,0.0,0.0,0.0,0.0,0.0,1.0,0.0,0.0,0.0,2.0,2.0,0.0,0.0,0.0,0.0,2.0,0.0,1.0,0.0,0.0,2.0,8.0,0.0,0.0,3.0,0.0,0.0,0.0,5.0,6.0,4.0,2.0,0.0,0.0,3.0,15.0,0.0,0.0,0.0,0.0,0.0,1.0,0.0,0.0,0.0,2.0,2.0,0.0,0.0,0.0,0.0,1.0,0.0,1.0,0.0,0.0,1.0,8.0,0.0,0.0,3.0,0.0,0.0,0.0,5.0,6.0,3.0,432429322.0,-1.0,兰州市永登县,兰州市永登县坪城乡,9.0,25.0,5.0,4.2,43.2,43.71333333333334,74.52743362831859,46.79183823529412
甘肃省,兰州市,永登县,民乐乡,102.9701726,36.7483426,0.0,2.0,1.0,2.0,5.0,0.0,0.0,0.0,0.0,0.0,0.0,0.0,0.0,0.0,0.0,0.0,0.0,0.0,0.0,0.0,1.0,0.0,0.0,0.0,0.0,2.0,0.0,0.0,0.0,0.0,0.0,0.0,0.0,1.0,4.0,1.0,0.0,0.0,1.0,1.0,4.0,0.0,0.0,0.0,0.0,0.0,0.0,0.0,0.0,0.0,0.0,0.0,0.0,0.0,0.0,0.0,1.0,0.0,0.0,0.0,0.0,1.0,0.0,0.0,0.0,0.0,0.0,0.0,0.0,1.0,3.0,1.0,4732650416.0,-1.0,兰州市永登县,兰州市永登县民乐乡,9.0,11.2,0.0,0.5,20.7,43.71333333333334,74.52743362831859,46.79183823529412
甘肃省,兰州市,永登县,七山乡,103.0447818,36.5135255,0.0,0.0,0.0,2.0,5.0,0.0,0.0,0.0,0.0,0.0,0.0,0.0,0.0,0.0,0.0,0.0,0.0,0.0,0.0,0.0,1.0,0.0,0.0,0.0,0.0,4.0,0.0,0.0,0.0,0.0,0.0,0.0,0.0,1.0,2.0,1.0,0.0,0.0,0.0,2.0,5.0,0.0,0.0,0.0,0.0,0.0,0.0,0.0,0.0,0.0,0.0,0.0,0.0,0.0,0.0,0.0,1.0,0.0,0.0,0.0,0.0,1.0,0.0,0.0,0.0,0.0,0.0,0.0,0.0,1.0,2.0,1.0,5998092785.0,-1.0,兰州市永登县,兰州市永登县七山乡,11.0,5.5,0.0,0.5,17.0,43.71333333333334,74.52743362831859,46.79183823529412
甘肃省,兰州市,皋兰县,石洞镇,103.9488591,36.3211607,0.0,20.0,18.0,27.0,97.0,90.0,0.0,18.0,9.0,0.0,3.0,2.0,1.0,1.0,7.0,10.0,2.0,0.0,0.0,0.0,7.0,1.0,2.0,0.0,2.0,6.0,490.0,0.0,0.0,4.0,3.0,12.0,2.0,3.0,16.0,12.0,0.0,11.0,5.0,7.0,28.0,33.0,0.0,12.0,0.0,0.0,1.0,0.0,1.0,1.0,4.0,5.0,0.0,0.0,0.0,0.0,4.0,0.0,0.0,0.0,0.0,3.0,227.0,0.0,0.0,0.0,2.0,8.0,1.0,2.0,10.0,6.0,4613940230.0,6887826.0,兰州市皋兰县,兰州市皋兰县石洞镇,20.0,28.0,15.0,20.0,83.0,58.4,74.52743362831859,46.79183823529412
甘肃省,兰州市,皋兰县,什川镇,104.0095927,36.1608339,0.0,13.0,10.0,15.0,147.0,45.0,0.0,8.0,2.0,1.0,1.0,1.0,0.0,0.0,3.0,4.0,0.0,0.0,0.0,0.0,8.0,0.0,0.0,0.0,0.0,10.0,66.0,0.0,0.0,5.0,0.0,2.0,1.0,5.0,16.0,10.0,0.0,0.0,1.0,5.0,43.0,19.0,0.0,0.0,0.0,0.0,0.0,0.0,0.0,0.0,2.0,3.0,0.0,0.0,0.0,0.0,3.0,0.0,0.0,0.0,0.0,6.0,12.0,0.0,0.0,0.0,0.0,0.0,1.0,1.0,7.0,5.0,4099720725.0,6887830.0,兰州市皋兰县,兰州市皋兰县什川镇,20.0,30.0,10.0,12.3,72.3,58.4,74.52743362831859,46.79183823529412
甘肃省,兰州市,皋兰县,水阜镇,103.8473042,36.3044065,12.0,2.0,1.0,0.0,6.0,1.0,0.0,0.0,0.0,1.0,0.0,0.0,0.0,0.0,1.0,1.0,0.0,0.0,0.0,0.0,1.0,0.0,3.0,0.0,4.0,2.0,9.0,0.0,0.0,0.0,0.0,0.0,0.0,2.0,10.0,5.0,10.0,0.0,1.0,0.0,6.0,1.0,0.0,0.0,0.0,1.0,0.0,0.0,0.0,0.0,1.0,1.0,0.0,0.0,0.0,0.0,1.0,0.0,1.0,0.0,2.0,1.0,7.0,0.0,0.0,0.0,0.0,0.0,0.0,1.0,8.0,5.0,4607755472.0,-1.0,兰州市皋兰县,兰州市皋兰县水阜镇,9.0,14.0,5.0,4.1,32.1,58.4,74.52743362831859,46.79183823529412
甘肃省,兰州市,皋兰县,黑石镇,103.8853133,36.5133851,14.0,0.0,2.0,3.0,11.0,4.0,0.0,0.0,1.0,0.0,0.0,0.0,0.0,0.0,1.0,1.0,0.0,0.0,0.0,0.0,1.0,0.0,1.0,0.0,1.0,2.0,20.0,0.0,0.0,1.0,0.0,0.0,0.0,1.0,9.0,7.0,0.0,0.0,2.0,2.0,4.0,1.0,0.0,0.0,1.0,0.0,0.0,0.0,0.0,0.0,1.0,1.0,0.0,0.0,0.0,0.0,1.0,0.0,0.0,0.0,0.0,1.0,11.0,0.0,0.0,1.0,0.0,0.0,0.0,1.0,6.0,4.0,4147326681.0,6887824.0,兰州市皋兰县,兰州市皋兰县黑石镇,17.0,17.4,5.0,6.800000000000001,46.2,58.4,74.52743362831859,46.79183823529412
甘肃省,兰州市,榆中县,城关镇,104.109621,35.8429256,0.0,23.0,12.0,58.0,134.0,105.0,1.0,51.0,10.0,0.0,1.0,4.0,1.0,1.0,7.0,11.0,1.0,0.0,0.0,2.0,54.0,2.0,6.0,0.0,2.0,13.0,857.0,0.0,0.0,1.0,3.0,23.0,0.0,2.0,15.0,19.0,0.0,9.0,5.0,25.0,35.0,23.0,0.0,10.0,2.0,0.0,0.0,1.0,1.0,1.0,5.0,6.0,0.0,0.0,0.0,1.0,14.0,0.0,1.0,0.0,0.0,3.0,412.0,0.0,0.0,0.0,1.0,6.0,0.0,2.0,11.0,5.0,8187598903.0,11972025.0,兰州市榆中县,兰州市榆中县城关镇,20.0,28.0,16.0,20.0,84.0,56.42,74.52743362831859,46.79183823529412
甘肃省,兰州市,榆中县,夏官营镇,104.1729782,35.954996,36.0,21.0,7.0,27.0,143.0,110.0,0.0,38.0,1.0,0.0,0.0,1.0,3.0,3.0,6.0,11.0,0.0,0.0,0.0,0.0,16.0,3.0,5.0,0.0,2.0,6.0,256.0,0.0,0.0,6.0,1.0,21.0,2.0,9.0,20.0,12.0,14.0,10.0,0.0,2.0,37.0,10.0,0.0,0.0,1.0,0.0,0.0,0.0,0.0,0.0,2.0,2.0,0.0,0.0,0.0,0.0,3.0,0.0,4.0,0.0,0.0,2.0,51.0,0.0,0.0,1.0,0.0,1.0,1.0,5.0,11.0,7.0,1782660375.0,11972031.0,兰州市榆中县,兰州市榆中县夏官营镇,20.0,26.0,10.0,20.0,76.0,56.42,74.52743362831859,46.79183823529412
甘肃省,兰州市,榆中县,高崖镇,104.2808157,35.6969154,0.0,1.0,4.0,3.0,74.0,1.0,0.0,1.0,1.0,0.0,0.0,0.0,0.0,0.0,2.0,2.0,0.0,0.0,0.0,0.0,15.0,0.0,1.0,0.0,0.0,10.0,57.0,0.0,0.0,5.0,0.0,1.0,0.0,3.0,8.0,10.0,0.0,1.0,0.0,0.0,15.0,0.0,0.0,0.0,0.0,0.0,0.0,0.0,0.0,0.0,1.0,1.0,0.0,0.0,0.0,0.0,4.0,0.0,0.0,0.0,0.0,2.0,12.0,0.0,0.0,1.0,0.0,0.0,0.0,3.0,4.0,5.0,3251136132.0,11972042.0,兰州市榆中县,兰州市榆中县高崖镇,20.0,26.0,5.0,11.5,62.5,56.42,74.52743362831859,46.79183823529412
甘肃省,兰州市,榆中县,金崖镇,104.0960141,36.018743,24.0,0.0,6.0,6.0,144.0,54.0,0.0,3.0,0.0,0.0,1.0,0.0,1.0,1.0,5.0,5.0,0.0,0.0,0.0,0.0,13.0,0.0,21.0,0.0,0.0,5.0,227.0,0.0,0.0,7.0,0.0,2.0,0.0,6.0,15.0,12.0,4.0,0.0,4.0,1.0,40.0,23.0,0.0,0.0,0.0,0.0,1.0,0.0,1.0,1.0,2.0,2.0,0.0,0.0,0.0,0.0,6.0,0.0,8.0,0.0,0.0,1.0,141.0,0.0,0.0,3.0,0.0,2.0,0.0,4.0,10.0,6.0,4254101540.0,11972032.0,兰州市榆中县,兰州市榆中县金崖镇,20.0,26.0,10.0,20.0,76.0,56.42,74.52743362831859,46.79183823529412
甘肃省,兰州市,榆中县,和平镇,103.9665237,36.0067357,13.0,0.0,18.0,35.0,105.0,240.0,0.0,73.0,54.0,3.0,2.0,0.0,1.0,2.0,5.0,13.0,0.0,0.0,4.0,15.0,37.0,6.0,33.0,4.0,6.0,8.0,827.0,0.0,0.0,4.0,7.0,33.0,3.0,7.0,18.0,16.0,6.0,0.0,10.0,6.0,12.0,55.0,0.0,26.0,14.0,0.0,1.0,0.0,1.0,2.0,2.0,7.0,0.0,0.0,4.0,10.0,11.0,2.0,8.0,4.0,0.0,2.0,206.0,0.0,0.0,2.0,5.0,2.0,3.0,4.0,16.0,8.0,3830113235.0,11972035.0,兰州市榆中县,兰州市榆中县和平镇,20.0,30.0,18.0,20.0,88.0,56.42,74.52743362831859,46.79183823529412
甘肃省,兰州市,榆中县,甘草店镇,104.2878356,35.8007933,11.0,3.0,1.0,0.0,72.0,1.0,0.0,0.0,1.0,0.0,1.0,0.0,0.0,0.0,1.0,1.0,0.0,0.0,0.0,0.0,22.0,0.0,2.0,0.0,0.0,2.0,52.0,0.0,0.0,2.0,0.0,1.0,0.0,7.0,12.0,12.0,8.0,1.0,0.0,0.0,45.0,0.0,0.0,0.0,1.0,0.0,1.0,0.0,0.0,0.0,1.0,1.0,0.0,0.0,0.0,0.0,5.0,0.0,1.0,0.0,0.0,1.0,29.0,0.0,0.0,1.0,0.0,1.0,0.0,7.0,10.0,7.0,3251153738.0,11972043.0,兰州市榆中县,兰州市榆中县甘草店镇,17.0,28.0,5.0,12.4,62.4,56.42,74.52743362831859,46.79183823529412
甘肃省,兰州市,榆中县,青城镇,104.189415,36.3289625,0.0,8.0,3.0,14.0,39.0,1.0,0.0,7.0,1.0,2.0,0.0,1.0,0.0,0.0,3.0,4.0,0.0,0.0,0.0,0.0,16.0,0.0,0.0,0.0,0.0,7.0,33.0,0.0,0.0,2.0,0.0,0.0,1.0,7.0,10.0,8.0,0.0,5.0,3.0,1.0,20.0,1.0,0.0,0.0,1.0,2.0,0.0,1.0,0.0,0.0,2.0,3.0,0.0,0.0,0.0,0.0,3.0,0.0,0.0,0.0,0.0,1.0,23.0,0.0,0.0,0.0,0.0,0.0,1.0,7.0,7.0,6.0,4738056708.0,11972028.0,兰州市榆中县,兰州市榆中县青城镇,20.0,28.0,10.0,9.8,67.8,56.42,74.52743362831859,46.79183823529412
甘肃省,兰州市,榆中县,定远镇,104.0040285,35.9637369,26.0,0.0,6.0,21.0,129.0,181.0,0.0,7.0,23.0,0.0,2.0,0.0,0.0,0.0,7.0,9.0,0.0,0.0,0.0,0.0,31.0,0.0,17.0,0.0,8.0,4.0,547.0,0.0,0.0,4.0,2.0,18.0,1.0,4.0,19.0,11.0,19.0,0.0,2.0,4.0,29.0,31.0,0.0,2.0,10.0,0.0,0.0,0.0,0.0,0.0,3.0,4.0,0.0,0.0,0.0,0.0,7.0,0.0,4.0,0.0,1.0,1.0,99.0,0.0,0.0,1.0,0.0,2.0,0.0,4.0,14.0,7.0,6069908992.0,11972033.0,兰州市榆中县,兰州市榆中县定远镇,19.0,28.0,5.0,20.0,72.0,56.42,74.52743362831859,46.79183823529412
甘肃省,兰州市,榆中县,连搭镇,104.0635991,35.9139474,1.0,0.0,7.0,7.0,102.0,10.0,0.0,0.0,0.0,0.0,1.0,0.0,0.0,0.0,4.0,4.0,0.0,0.0,0.0,0.0,30.0,0.0,9.0,0.0,4.0,6.0,127.0,0.0,0.0,5.0,0.0,3.0,0.0,3.0,9.0,13.0,1.0,0.0,0.0,1.0,11.0,1.0,0.0,0.0,0.0,0.0,0.0,0.0,0.0,0.0,1.0,1.0,0.0,0.0,0.0,0.0,3.0,0.0,2.0,0.0,0.0,1.0,4.0,0.0,0.0,0.0,0.0,0.0,0.0,2.0,6.0,5.0,6069037208.0,11972027.0,兰州市榆中县,兰州市榆中县连搭镇,20.0,26.0,5.0,17.6,68.6,56.42,74.52743362831859,46.79183823529412
甘肃省,兰州市,榆中县,新营镇,104.1823904,35.7060113,0.0,3.0,4.0,7.0,30.0,1.0,0.0,3.0,0.0,0.0,0.0,0.0,0.0,0.0,1.0,1.0,0.0,0.0,0.0,0.0,20.0,0.0,2.0,0.0,0.0,3.0,12.0,0.0,0.0,2.0,0.0,0.0,1.0,1.0,7.0,9.0,0.0,0.0,4.0,3.0,6.0,0.0,0.0,3.0,0.0,0.0,0.0,0.0,0.0,0.0,1.0,1.0,0.0,0.0,0.0,0.0,4.0,0.0,0.0,0.0,0.0,1.0,0.0,0.0,0.0,0.0,0.0,0.0,0.0,1.0,5.0,5.0,3251136134.0,11972040.0,兰州市榆中县,兰州市榆中县新营镇,18.0,21.3,5.0,5.4,49.699999999999996,56.42,74.52743362831859,46.79183823529412
甘肃省,兰州市,榆中县,贡井镇,104.376356,36.0559385,2.0,0.0,2.0,2.0,17.0,2.0,0.0,0.0,0.0,0.0,0.0,0.0,0.0,0.0,1.0,1.0,0.0,0.0,0.0,0.0,0.0,0.0,0.0,1.0,0.0,2.0,13.0,0.0,0.0,1.0,0.0,0.0,0.0,1.0,6.0,1.0,2.0,0.0,2.0,1.0,3.0,2.0,0.0,0.0,0.0,0.0,0.0,0.0,0.0,0.0,1.0,1.0,0.0,0.0,0.0,0.0,0.0,0.0,0.0,1.0,0.0,1.0,2.0,0.0,0.0,1.0,0.0,0.0,0.0,1.0,5.0,1.0,4408571877.0,11972030.0,兰州市榆中县,兰州市榆中县贡井镇,17.0,14.3,5.0,2.2,38.5,56.42,74.52743362831859,46.79183823529412
甘肃省,兰州市,榆中县,小康营乡,104.1482803,35.7858024,0.0,0.0,3.0,10.0,76.0,1.0,0.0,1.0,0.0,0.0,0.0,1.0,1.0,1.0,4.0,4.0,0.0,0.0,0.0,0.0,26.0,0.0,3.0,0.0,0.0,11.0,25.0,0.0,0.0,3.0,0.0,0.0,1.0,1.0,7.0,11.0,0.0,0.0,2.0,3.0,7.0,0.0,0.0,0.0,0.0,0.0,0.0,1.0,1.0,1.0,2.0,2.0,0.0,0.0,0.0,0.0,6.0,0.0,1.0,0.0,0.0,3.0,18.0,0.0,0.0,2.0,0.0,0.0,0.0,1.0,4.0,4.0,6069037213.0,11972038.0,兰州市榆中县,兰州市榆中县小康营乡,20.0,23.5,15.0,8.8,67.3,56.42,74.52743362831859,46.79183823529412
甘肃省,兰州市,榆中县,马坡乡,103.995938,35.7826498,0.0,4.0,0.0,2.0,59.0,5.0,0.0,0.0,0.0,1.0,0.0,0.0,0.0,0.0,2.0,2.0,0.0,0.0,0.0,0.0,9.0,0.0,0.0,0.0,0.0,4.0,15.0,0.0,0.0,0.0,0.0,3.0,1.0,1.0,7.0,9.0,0.0,4.0,0.0,2.0,26.0,2.0,0.0,0.0,0.0,0.0,0.0,0.0,0.0,0.0,1.0,1.0,0.0,0.0,0.0,0.0,2.0,0.0,0.0,0.0,0.0,1.0,11.0,0.0,0.0,0.0,0.0,1.0,1.0,1.0,7.0,6.0,4715242104.0,11972037.0,兰州市榆中县,兰州市榆中县马坡乡,19.0,25.5,5.0,6.6,56.1,56.42,74.52743362831859,46.79183823529412
甘肃省,兰州市,榆中县,清水驿乡,104.2325607,35.8750451,42.0,0.0,0.0,8.0,125.0,17.0,0.0,0.0,0.0,0.0,1.0,0.0,0.0,0.0,3.0,3.0,0.0,0.0,0.0,0.0,22.0,0.0,4.0,0.0,0.0,3.0,38.0,0.0,0.0,6.0,0.0,2.0,0.0,7.0,10.0,11.0,17.0,0.0,0.0,2.0,56.0,5.0,0.0,0.0,0.0,0.0,1.0,0.0,0.0,0.0,2.0,2.0,0.0,0.0,0.0,0.0,6.0,0.0,2.0,0.0,0.0,1.0,10.0,0.0,0.0,3.0,0.0,1.0,0.0,4.0,6.0,7.0,6069037210.0,11972039.0,兰州市榆中县,兰州市榆中县清水驿乡,18.0,26.0,5.0,9.7,58.7,56.42,74.52743362831859,46.79183823529412
甘肃省,兰州市,榆中县,龙泉乡,104.2627329,35.6206262,0.0,0.0,3.0,1.0,8.0,0.0,0.0,0.0,0.0,0.0,0.0,0.0,0.0,0.0,0.0,0.0,0.0,0.0,0.0,0.0,1.0,0.0,0.0,0.0,0.0,3.0,0.0,0.0,0.0,0.0,0.0,0.0,0.0,2.0,3.0,3.0,0.0,0.0,3.0,0.0,2.0,0.0,0.0,0.0,0.0,0.0,0.0,0.0,0.0,0.0,0.0,0.0,0.0,0.0,0.0,0.0,1.0,0.0,0.0,0.0,0.0,1.0,0.0,0.0,0.0,0.0,0.0,0.0,0.0,1.0,2.0,3.0,6069037209.0,11972041.0,兰州市榆中县,兰州市榆中县龙泉乡,18.0,9.7,0.0,1.5,29.2,56.42,74.52743362831859,46.79183823529412
甘肃省,兰州市,榆中县,韦营乡,104.4057027,35.8517851,0.0,0.0,2.0,0.0,8.0,0.0,0.0,0.0,0.0,0.0,0.0,0.0,0.0,0.0,0.0,1.0,0.0,0.0,0.0,0.0,2.0,0.0,0.0,0.0,0.0,1.0,2.0,0.0,0.0,2.0,0.0,0.0,0.0,5.0,3.0,6.0,0.0,0.0,2.0,0.0,2.0,0.0,0.0,0.0,0.0,0.0,0.0,0.0,0.0,0.0,0.0,1.0,0.0,0.0,0.0,0.0,0.0,0.0,0.0,0.0,0.0,1.0,0.0,0.0,0.0,2.0,0.0,0.0,0.0,5.0,2.0,0.0,6069037212.0,11972044.0,兰州市榆中县,兰州市榆中县韦营乡,16.0,8.7,0.0,3.6,28.3,56.42,74.52743362831859,46.79183823529412
甘肃省,兰州市,榆中县,中连川乡,104.4131486,36.0235919,3.0,0.0,0.0,2.0,25.0,0.0,0.0,0.0,0.0,0.0,0.0,0.0,0.0,0.0,2.0,2.0,0.0,0.0,0.0,0.0,1.0,0.0,0.0,0.0,0.0,5.0,16.0,0.0,0.0,1.0,0.0,0.0,0.0,1.0,4.0,2.0,1.0,0.0,0.0,0.0,7.0,0.0,0.0,0.0,0.0,0.0,0.0,0.0,0.0,0.0,2.0,2.0,0.0,0.0,0.0,0.0,0.0,0.0,0.0,0.0,0.0,1.0,15.0,0.0,0.0,0.0,0.0,0.0,0.0,1.0,3.0,0.0,6069037216.0,11972045.0,兰州市榆中县,兰州市榆中县中连川乡,20.0,16.1,5.0,4.2,45.300000000000004,56.42,74.52743362831859,46.79183823529412
甘肃省,兰州市,榆中县,园子岔乡,104.434512,36.255439,0.0,0.0,0.0,1.0,45.0,0.0,0.0,0.0,0.0,0.0,0.0,0.0,0.0,0.0,1.0,1.0,0.0,0.0,0.0,0.0,8.0,0.0,0.0,0.0,0.0,1.0,5.0,0.0,0.0,0.0,0.0,0.0,0.0,1.0,4.0,3.0,0.0,0.0,0.0,1.0,14.0,0.0,0.0,0.0,0.0,0.0,0.0,0.0,0.0,0.0,1.0,1.0,0.0,0.0,0.0,0.0,2.0,0.0,0.0,0.0,0.0,1.0,5.0,0.0,0.0,0.0,0.0,0.0,0.0,1.0,4.0,2.0,6069037215.0,11972046.0,兰州市榆中县,兰州市榆中县园子岔乡,16.0,16.2,5.0,2.5,39.7,56.42,74.52743362831859,46.79183823529412
甘肃省,兰州市,榆中县,上花岔乡,104.3944877,36.2003447,0.0,0.0,2.0,2.0,3.0,0.0,0.0,0.0,0.0,0.0,0.0,0.0,0.0,0.0,0.0,0.0,0.0,0.0,0.0,0.0,1.0,0.0,0.0,0.0,0.0,3.0,0.0,0.0,0.0,0.0,0.0,0.0,0.0,1.0,4.0,1.0,0.0,0.0,2.0,2.0,2.0,0.0,0.0,0.0,0.0,0.0,0.0,0.0,0.0,0.0,0.0,0.0,0.0,0.0,0.0,0.0,1.0,0.0,0.0,0.0,0.0,1.0,0.0,0.0,0.0,0.0,0.0,0.0,0.0,1.0,3.0,1.0,6069037211.0,11972047.0,兰州市榆中县,兰州市榆中县上花岔乡,18.0,10.2,0.0,0.5,28.7,56.42,74.52743362831859,46.79183823529412
甘肃省,兰州市,榆中县,哈岘乡,104.3286411,36.1691667,0.0,0.0,1.0,1.0,8.0,0.0,0.0,0.0,0.0,0.0,0.0,0.0,0.0,0.0,0.0,0.0,0.0,0.0,0.0,0.0,0.0,0.0,0.0,0.0,0.0,3.0,0.0,0.0,0.0,0.0,0.0,0.0,0.0,1.0,5.0,0.0,0.0,0.0,0.0,1.0,5.0,0.0,0.0,0.0,0.0,0.0,0.0,0.0,0.0,0.0,0.0,0.0,0.0,0.0,0.0,0.0,0.0,0.0,0.0,0.0,0.0,1.0,0.0,0.0,0.0,0.0,0.0,0.0,0.0,1.0,3.0,0.0,6069037207.0,11972029.0,兰州市榆中县,兰州市榆中县哈岘乡,18.0,11.6,0.0,0.0,29.6,56.42,74.52743362831859,46.79183823529412
甘肃省,兰州市,兰州新区,中川镇,103.660199,36.5134549,0.0,26.0,30.0,89.0,320.0,340.0,0.0,63.0,46.0,11.0,2.0,2.0,4.0,5.0,15.0,18.0,1.0,0.0,3.0,62.0,17.0,10.0,12.0,6.0,7.0,6.0,849.0,11.0,5.0,14.0,3.0,22.0,6.0,3.0,23.0,17.0,0.0,5.0,3.0,15.0,33.0,22.0,0.0,1.0,4.0,0.0,0.0,1.0,0.0,0.0,0.0,0.0,0.0,0.0,0.0,1.0,1.0,1.0,2.0,1.0,0.0,1.0,51.0,0.0,0.0,1.0,1.0,0.0,0.0,1.0,9.0,4.0,3608655351.0,12419793.0,兰州市兰州新区,兰州市兰州新区中川镇,20.0,30.0,6.0,20.0,76.0,67.1,74.52743362831859,46.79183823529412
甘肃省,兰州市,兰州新区,秦川镇,103.6452396,36.6593027,1.0,4.0,11.0,13.0,64.0,0.0,0.0,0.0,3.0,0.0,1.0,1.0,0.0,0.0,4.0,6.0,0.0,0.0,0.0,0.0,9.0,0.0,2.0,1.0,0.0,3.0,29.0,0.0,0.0,1.0,0.0,0.0,0.0,1.0,11.0,7.0,0.0,1.0,2.0,9.0,21.0,0.0,0.0,0.0,2.0,0.0,0.0,1.0,0.0,0.0,4.0,5.0,0.0,0.0,0.0,0.0,2.0,0.0,0.0,0.0,0.0,1.0,12.0,0.0,0.0,1.0,0.0,0.0,0.0,1.0,7.0,3.0,4478539656.0,12419794.0,兰州市兰州新区,兰州市兰州新区秦川镇,18.0,28.0,10.0,7.8,63.8,67.1,74.52743362831859,46.79183823529412
甘肃省,兰州市,兰州新区,西岔镇,103.7594099,36.5253398,10.0,4.0,20.0,29.0,27.0,220.0,0.0,49.0,50.0,0.0,1.0,1.0,0.0,0.0,9.0,15.0,1.0,0.0,1.0,2.0,6.0,1.0,2.0,3.0,4.0,2.0,388.0,0.0,0.0,10.0,1.0,47.0,1.0,1.0,14.0,10.0,0.0,0.0,5.0,3.0,11.0,23.0,0.0,4.0,1.0,0.0,0.0,1.0,0.0,0.0,4.0,4.0,0.0,0.0,0.0,1.0,1.0,0.0,1.0,1.0,0.0,1.0,22.0,0.0,0.0,1.0,0.0,2.0,0.0,1.0,7.0,6.0,4613940229.0,6887825.0,兰州市兰州新区,兰州市兰州新区西岔镇,17.0,26.7,11.0,20.0,74.7,67.1,74.52743362831859,46.79183823529412
甘肃省,兰州市,兰州新区,上川镇,103.6273382,36.72195,1.0,0.0,3.0,1.0,13.0,0.0,0.0,0.0,1.0,0.0,0.0,1.0,1.0,1.0,3.0,4.0,0.0,0.0,0.0,0.0,5.0,0.0,3.0,0.0,0.0,2.0,22.0,0.0,0.0,1.0,0.0,0.0,0.0,3.0,9.0,5.0,0.0,0.0,2.0,0.0,6.0,0.0,0.0,0.0,1.0,0.0,0.0,1.0,1.0,1.0,2.0,3.0,0.0,0.0,0.0,0.0,1.0,0.0,1.0,0.0,0.0,1.0,6.0,0.0,0.0,1.0,0.0,0.0,0.0,2.0,4.0,4.0,3610048126.0,16830163.0,兰州市兰州新区,兰州市兰州新区上川镇,17.0,16.4,15.0,5.5,53.9,67.1,74.52743362831859,46.79183823529412
甘肃省,嘉峪关市,市辖区,雄关街道,98.2745612,39.7829571,0.0,78.0,80.0,27.0,166.0,46.0,0.0,37.0,14.0,2.0,2.0,2.0,4.0,4.0,13.0,23.0,1.0,0.0,1.0,22.0,60.0,3.0,4.0,1.0,0.0,4.0,147.0,0.0,46.0,18.0,6.0,48.0,20.0,9.0,16.0,11.0,0.0,17.0,14.0,10.0,61.0,1.0,0.0,2.0,3.0,0.0,0.0,0.0,0.0,0.0,4.0,8.0,0.0,0.0,0.0,6.0,13.0,0.0,0.0,0.0,0.0,1.0,22.0,0.0,0.0,0.0,2.0,6.0,4.0,1.0,9.0,4.0,8092946353.0,15844561.0,嘉峪关市市辖区,嘉峪关市市辖区雄关街道,19.0,30.0,16.0,20.0,85.0,58.6,58.6,46.79183823529412
甘肃省,嘉峪关市,市辖区,钢城街道,98.3029604,39.7821903,0.0,65.0,54.0,14.0,138.0,34.0,0.0,15.0,6.0,1.0,0.0,2.0,1.0,1.0,9.0,15.0,1.0,0.0,0.0,10.0,36.0,1.0,3.0,0.0,0.0,4.0,117.0,0.0,41.0,23.0,4.0,27.0,10.0,8.0,18.0,13.0,0.0,11.0,15.0,0.0,18.0,9.0,0.0,2.0,0.0,0.0,0.0,0.0,0.0,0.0,1.0,3.0,0.0,0.0,0.0,0.0,8.0,0.0,2.0,0.0,0.0,1.0,0.0,0.0,0.0,0.0,0.0,1.0,0.0,2.0,9.0,5.0,8092946352.0,15844562.0,嘉峪关市市辖区,嘉峪关市市辖区钢城街道,19.0,28.0,10.0,18.0,75.0,58.6,58.6,46.79183823529412
甘肃省,嘉峪关市,市辖区,新城镇,98.451249,39.8740639,0.0,0.0,3.0,4.0,5.0,1.0,0.0,0.0,0.0,1.0,1.0,0.0,0.0,0.0,0.0,0.0,0.0,0.0,0.0,0.0,13.0,0.0,1.0,0.0,0.0,1.0,0.0,0.0,0.0,4.0,0.0,4.0,2.0,2.0,6.0,5.0,0.0,0.0,1.0,2.0,3.0,0.0,0.0,0.0,0.0,0.0,0.0,0.0,0.0,0.0,0.0,0.0,0.0,0.0,0.0,0.0,4.0,0.0,0.0,0.0,0.0,1.0,0.0,0.0,0.0,0.0,0.0,4.0,0.0,1.0,5.0,2.0,8092946351.0,11855463.0,嘉峪关市市辖区,嘉峪关市市辖区新城镇,16.0,17.9,0.0,2.9,36.8,58.6,58.6,46.79183823529412
甘肃省,嘉峪关市,市辖区,峪泉镇,98.230294,39.8078849,4.0,14.0,13.0,11.0,31.0,63.0,0.0,111.0,28.0,5.0,0.0,0.0,1.0,1.0,2.0,4.0,0.0,0.0,0.0,5.0,4.0,3.0,7.0,1.0,0.0,2.0,59.0,0.0,0.0,10.0,2.0,23.0,12.0,8.0,19.0,14.0,0.0,1.0,2.0,4.0,11.0,32.0,0.0,55.0,22.0,0.0,0.0,0.0,1.0,1.0,1.0,1.0,0.0,0.0,0.0,2.0,0.0,2.0,0.0,1.0,0.0,1.0,13.0,0.0,0.0,1.0,1.0,8.0,6.0,3.0,12.0,8.0,8092958295.0,11855461.0,嘉峪关市市辖区,嘉峪关市市辖区峪泉镇,17.0,27.5,12.0,12.3,68.8,58.6,58.6,46.79183823529412
甘肃省,嘉峪关市,市辖区,文殊镇,98.3758306,39.6935664,0.0,1.0,1.0,2.0,4.0,0.0,0.0,0.0,0.0,0.0,0.0,0.0,0.0,0.0,0.0,0.0,0.0,0.0,0.0,0.0,0.0,0.0,1.0,0.0,0.0,1.0,0.0,0.0,0.0,1.0,0.0,0.0,0.0,7.0,4.0,3.0,0.0,0.0,1.0,1.0,0.0,0.0,0.0,0.0,0.0,0.0,0.0,0.0,0.0,0.0,0.0,0.0,0.0,0.0,0.0,0.0,0.0,0.0,0.0,0.0,0.0,1.0,0.0,0.0,0.0,0.0,0.0,0.0,0.0,2.0,2.0,0.0,8092986930.0,11855462.0,嘉峪关市市辖区,嘉峪关市市辖区文殊镇,16.0,9.8,0.0,1.6,27.400000000000002,58.6,58.6,46.79183823529412
甘肃省,金昌市,金川区,滨河路街道,102.1707287,38.4972975,0.0,14.0,16.0,11.0,74.0,34.0,0.0,17.0,0.0,0.0,0.0,1.0,1.0,1.0,5.0,5.0,0.0,0.0,0.0,0.0,0.0,2.0,16.0,0.0,0.0,5.0,20.0,0.0,0.0,4.0,1.0,24.0,2.0,5.0,14.0,13.0,0.0,0.0,3.0,3.0,12.0,2.0,0.0,1.0,0.0,0.0,0.0,0.0,0.0,0.0,5.0,5.0,0.0,0.0,0.0,0.0,0.0,2.0,4.0,0.0,0.0,1.0,7.0,0.0,0.0,1.0,1.0,10.0,0.0,2.0,7.0,5.0,5981692608.0,8811274.0,金昌市金川区,金昌市金川区滨河路街道,20.0,24.0,10.0,7.2,61.2,52.2375,43.233333333333334,46.79183823529412
甘肃省,金昌市,金川区,桂林路街道,102.2036361,38.52788,0.0,11.0,19.0,12.0,85.0,12.0,0.0,3.0,0.0,0.0,0.0,1.0,0.0,0.0,1.0,2.0,0.0,0.0,0.0,0.0,5.0,0.0,2.0,0.0,0.0,6.0,14.0,0.0,0.0,1.0,2.0,17.0,1.0,7.0,10.0,5.0,0.0,1.0,3.0,2.0,18.0,1.0,0.0,0.0,0.0,0.0,0.0,0.0,0.0,0.0,0.0,0.0,0.0,0.0,0.0,0.0,0.0,0.0,0.0,0.0,0.0,2.0,0.0,0.0,0.0,0.0,0.0,0.0,0.0,4.0,6.0,0.0,5981698014.0,8811276.0,金昌市金川区,金昌市金川区桂林路街道,20.0,24.0,5.0,4.0,53.0,52.2375,43.233333333333334,46.79183823529412
甘肃省,金昌市,金川区,北京路街道,102.1836833,38.4930971,3.0,21.0,15.0,10.0,80.0,28.0,0.0,11.0,0.0,1.0,0.0,0.0,1.0,1.0,5.0,5.0,0.0,0.0,0.0,0.0,0.0,2.0,15.0,0.0,0.0,3.0,19.0,0.0,0.0,4.0,1.0,24.0,1.0,6.0,14.0,11.0,0.0,3.0,0.0,5.0,14.0,1.0,0.0,1.0,0.0,0.0,0.0,0.0,0.0,0.0,3.0,3.0,0.0,0.0,0.0,0.0,0.0,0.0,2.0,0.0,0.0,1.0,3.0,0.0,0.0,0.0,1.0,10.0,0.0,2.0,7.0,2.0,5981736002.0,8811315.0,金昌市金川区,金昌市金川区北京路街道,18.0,26.0,5.0,6.6,55.6,52.2375,43.233333333333334,46.79183823529412
甘肃省,金昌市,金川区,金川路街道,102.1846735,38.510075,0.0,21.0,19.0,16.0,100.0,29.0,0.0,17.0,0.0,0.0,0.0,1.0,1.0,1.0,6.0,6.0,0.0,0.0,0.0,0.0,3.0,2.0,8.0,0.0,0.0,8.0,26.0,0.0,0.0,5.0,3.0,29.0,1.0,8.0,15.0,12.0,0.0,1.0,11.0,2.0,23.0,5.0,0.0,4.0,0.0,0.0,0.0,0.0,0.0,0.0,0.0,0.0,0.0,0.0,0.0,0.0,0.0,0.0,1.0,0.0,0.0,1.0,9.0,0.0,0.0,0.0,0.0,2.0,0.0,4.0,8.0,2.0,5981736004.0,8811317.0,金昌市金川区,金昌市金川区金川路街道,20.0,24.0,5.0,8.0,57.0,52.2375,43.233333333333334,46.79183823529412
甘肃省,金昌市,金川区,新华路街道,102.1791658,38.5229939,0.0,9.0,20.0,15.0,100.0,30.0,0.0,16.0,0.0,0.0,1.0,1.0,0.0,0.0,6.0,8.0,0.0,0.0,0.0,0.0,4.0,0.0,3.0,0.0,0.0,7.0,25.0,0.0,0.0,4.0,3.0,38.0,1.0,8.0,13.0,11.0,0.0,7.0,9.0,1.0,18.0,2.0,0.0,3.0,0.0,0.0,0.0,1.0,0.0,0.0,1.0,1.0,0.0,0.0,0.0,0.0,1.0,0.0,0.0,0.0,0.0,2.0,2.0,0.0,0.0,0.0,2.0,2.0,0.0,4.0,10.0,2.0,5981736005.0,8811318.0,金昌市金川区,金昌市金川区新华路街道,20.0,26.0,10.0,7.1,63.1,52.2375,43.233333333333334,46.79183823529412
甘肃省,金昌市,金川区,广州路街道,102.1987421,38.5232516,0.0,19.0,22.0,14.0,97.0,18.0,0.0,8.0,0.0,0.0,0.0,1.0,0.0,0.0,2.0,2.0,0.0,0.0,0.0,0.0,5.0,0.0,2.0,0.0,0.0,6.0,23.0,0.0,0.0,2.0,3.0,15.0,1.0,8.0,11.0,5.0,0.0,1.0,8.0,3.0,20.0,1.0,0.0,0.0,0.0,0.0,0.0,0.0,0.0,0.0,0.0,0.0,0.0,0.0,0.0,0.0,0.0,0.0,1.0,0.0,0.0,3.0,0.0,0.0,0.0,0.0,0.0,1.0,0.0,6.0,7.0,2.0,5981736003.0,8811316.0,金昌市金川区,金昌市金川区广州路街道,20.0,24.0,5.0,5.0,54.0,52.2375,43.233333333333334,46.79183823529412
甘肃省,金昌市,金川区,宁远堡镇,102.1822453,38.4418969,10.0,0.0,0.0,13.0,35.0,3.0,0.0,0.0,0.0,0.0,0.0,0.0,0.0,0.0,0.0,0.0,0.0,0.0,0.0,0.0,2.0,0.0,2.0,0.0,0.0,1.0,0.0,0.0,0.0,2.0,0.0,0.0,0.0,4.0,9.0,4.0,2.0,0.0,0.0,9.0,11.0,1.0,0.0,0.0,0.0,0.0,0.0,0.0,0.0,0.0,0.0,0.0,0.0,0.0,0.0,0.0,1.0,0.0,0.0,0.0,0.0,1.0,0.0,0.0,0.0,0.0,0.0,0.0,0.0,3.0,6.0,1.0,3608756323.0,-1.0,金昌市金川区,金昌市金川区宁远堡镇,8.0,24.0,0.0,2.2,34.2,52.2375,43.233333333333334,46.79183823529412
甘肃省,金昌市,金川区,双湾镇,102.3366314,38.6246527,0.0,0.0,1.0,9.0,101.0,2.0,0.0,0.0,0.0,0.0,0.0,0.0,0.0,0.0,0.0,0.0,0.0,0.0,0.0,0.0,16.0,0.0,2.0,0.0,0.0,16.0,1.0,0.0,0.0,5.0,0.0,0.0,1.0,1.0,6.0,8.0,0.0,0.0,1.0,5.0,40.0,1.0,0.0,0.0,0.0,0.0,0.0,0.0,0.0,0.0,0.0,0.0,0.0,0.0,0.0,0.0,0.0,0.0,0.0,0.0,0.0,2.0,0.0,0.0,0.0,2.0,0.0,0.0,0.0,1.0,5.0,0.0,5981618087.0,-1.0,金昌市金川区,金昌市金川区双湾镇,12.0,23.0,0.0,4.8,39.8,52.2375,43.233333333333334,46.79183823529412
甘肃省,金昌市,永昌县,城关镇,101.9824361,38.2432361,3.0,12.0,16.0,19.0,102.0,5.0,0.0,0.0,0.0,0.0,5.0,0.0,0.0,0.0,3.0,4.0,0.0,0.0,0.0,0.0,5.0,0.0,2.0,0.0,0.0,3.0,29.0,0.0,0.0,3.0,0.0,6.0,1.0,8.0,16.0,9.0,0.0,5.0,4.0,6.0,23.0,0.0,0.0,0.0,0.0,0.0,0.0,0.0,0.0,0.0,1.0,1.0,0.0,0.0,0.0,0.0,1.0,0.0,1.0,0.0,0.0,1.0,1.0,0.0,0.0,0.0,0.0,0.0,1.0,1.0,7.0,5.0,8096637582.0,-1.0,金昌市永昌县,金昌市永昌县城关镇,10.0,26.0,5.0,7.300000000000001,48.3,36.03,43.233333333333334,46.79183823529412
甘肃省,金昌市,永昌县,河西堡镇,102.0863184,38.3813844,0.0,1.0,28.0,25.0,53.0,23.0,0.0,0.0,4.0,1.0,1.0,0.0,0.0,0.0,3.0,3.0,0.0,0.0,0.0,0.0,4.0,0.0,6.0,0.0,0.0,1.0,89.0,0.0,29.0,3.0,0.0,3.0,0.0,2.0,10.0,8.0,0.0,0.0,9.0,5.0,13.0,2.0,0.0,0.0,0.0,0.0,0.0,0.0,0.0,0.0,3.0,3.0,0.0,0.0,0.0,0.0,1.0,0.0,3.0,0.0,0.0,1.0,17.0,0.0,0.0,1.0,0.0,2.0,0.0,1.0,6.0,5.0,5980983997.0,-1.0,金昌市永昌县,金昌市永昌县河西堡镇,8.0,30.0,5.0,15.0,58.0,36.03,43.233333333333334,46.79183823529412
甘肃省,金昌市,永昌县,新城子镇,101.5888558,38.1992375,0.0,4.0,3.0,4.0,51.0,0.0,0.0,0.0,0.0,0.0,0.0,0.0,0.0,0.0,0.0,0.0,0.0,0.0,0.0,0.0,2.0,0.0,0.0,0.0,0.0,9.0,0.0,0.0,0.0,1.0,0.0,0.0,0.0,1.0,6.0,3.0,0.0,2.0,2.0,3.0,32.0,0.0,0.0,0.0,0.0,0.0,0.0,0.0,0.0,0.0,0.0,0.0,0.0,0.0,0.0,0.0,1.0,0.0,0.0,0.0,0.0,1.0,0.0,0.0,0.0,1.0,0.0,0.0,0.0,1.0,6.0,2.0,5980919462.0,-1.0,金昌市永昌县,金昌市永昌县新城子镇,12.0,23.0,0.0,1.7,36.7,36.03,43.233333333333334,46.79183823529412
甘肃省,金昌市,永昌县,朱王堡镇,102.6126751,38.2140076,0.0,1.0,1.0,15.0,70.0,0.0,0.0,0.0,0.0,0.0,0.0,0.0,0.0,0.0,0.0,0.0,0.0,0.0,0.0,0.0,36.0,0.0,5.0,0.0,0.0,1.0,0.0,0.0,0.0,1.0,0.0,5.0,0.0,2.0,5.0,6.0,0.0,0.0,1.0,8.0,11.0,0.0,0.0,0.0,0.0,0.0,0.0,0.0,0.0,0.0,0.0,0.0,0.0,0.0,0.0,0.0,10.0,0.0,1.0,0.0,0.0,1.0,0.0,0.0,0.0,0.0,0.0,5.0,0.0,1.0,4.0,5.0,5981086791.0,-1.0,金昌市永昌县,金昌市永昌县朱王堡镇,8.0,22.5,0.0,3.1,33.6,36.03,43.233333333333334,46.79183823529412
甘肃省,金昌市,永昌县,东寨镇,102.064122,38.2144031,16.0,1.0,0.0,2.0,20.0,1.0,0.0,0.0,0.0,0.0,0.0,0.0,0.0,0.0,0.0,0.0,0.0,0.0,0.0,0.0,3.0,0.0,0.0,0.0,0.0,1.0,0.0,0.0,0.0,2.0,0.0,0.0,0.0,4.0,11.0,4.0,6.0,1.0,0.0,1.0,3.0,1.0,0.0,0.0,0.0,0.0,0.0,0.0,0.0,0.0,0.0,0.0,0.0,0.0,0.0,0.0,3.0,0.0,0.0,0.0,0.0,1.0,0.0,0.0,0.0,0.0,0.0,0.0,0.0,4.0,8.0,2.0,5981112716.0,-1.0,金昌市永昌县,金昌市永昌县东寨镇,8.0,15.9,0.0,2.2,26.099999999999998,36.03,43.233333333333334,46.79183823529412
甘肃省,金昌市,永昌县,水源镇,102.5283988,38.1898342,0.0,0.0,1.0,8.0,78.0,1.0,0.0,0.0,0.0,0.0,0.0,0.0,0.0,0.0,0.0,0.0,0.0,0.0,0.0,0.0,11.0,0.0,0.0,0.0,0.0,1.0,0.0,0.0,0.0,1.0,0.0,0.0,0.0,6.0,8.0,5.0,0.0,0.0,1.0,1.0,10.0,1.0,0.0,0.0,0.0,0.0,0.0,0.0,0.0,0.0,0.0,0.0,0.0,0.0,0.0,0.0,0.0,0.0,0.0,0.0,0.0,1.0,0.0,0.0,0.0,0.0,0.0,0.0,0.0,5.0,7.0,1.0,3610055911.0,-1.0,金昌市永昌县,金昌市永昌县水源镇,8.0,24.0,0.0,2.6,34.6,36.03,43.233333333333334,46.79183823529412
甘肃省,金昌市,永昌县,红山窑镇,101.5836414,38.3087657,0.0,0.0,0.0,5.0,0.0,0.0,0.0,0.0,0.0,0.0,0.0,0.0,0.0,0.0,0.0,0.0,0.0,0.0,0.0,0.0,1.0,0.0,0.0,0.0,0.0,7.0,0.0,0.0,0.0,0.0,0.0,0.0,0.0,1.0,1.0,1.0,0.0,0.0,0.0,5.0,0.0,0.0,0.0,0.0,0.0,0.0,0.0,0.0,0.0,0.0,0.0,0.0,0.0,0.0,0.0,0.0,1.0,0.0,0.0,0.0,0.0,1.0,0.0,0.0,0.0,0.0,0.0,0.0,0.0,1.0,1.0,1.0,5978987649.0,-1.0,金昌市永昌县,金昌市永昌县红山窑镇,12.0,5.5,0.0,0.5,18.0,36.03,43.233333333333334,46.79183823529412
甘肃省,金昌市,永昌县,焦家庄镇,101.8389173,38.2633423,19.0,5.0,0.0,3.0,24.0,0.0,0.0,0.0,0.0,0.0,1.0,0.0,0.0,0.0,0.0,0.0,0.0,0.0,0.0,0.0,2.0,0.0,0.0,0.0,0.0,7.0,1.0,0.0,0.0,3.0,0.0,0.0,0.0,5.0,7.0,4.0,0.0,1.0,0.0,3.0,9.0,0.0,0.0,0.0,0.0,0.0,0.0,0.0,0.0,0.0,0.0,0.0,0.0,0.0,0.0,0.0,2.0,0.0,0.0,0.0,0.0,1.0,0.0,0.0,0.0,0.0,0.0,0.0,0.0,1.0,4.0,2.0,5981174154.0,-1.0,金昌市永昌县,金昌市永昌县焦家庄镇,12.0,21.0,0.0,2.4,35.4,36.03,43.233333333333334,46.79183823529412
甘肃省,金昌市,永昌县,六坝镇,102.151325,38.1611823,4.0,0.0,0.0,5.0,19.0,0.0,0.0,0.0,0.0,0.0,1.0,0.0,0.0,0.0,0.0,0.0,0.0,0.0,0.0,0.0,1.0,0.0,0.0,0.0,0.0,1.0,10.0,0.0,0.0,1.0,0.0,0.0,0.0,5.0,6.0,2.0,4.0,0.0,0.0,4.0,11.0,0.0,0.0,0.0,0.0,0.0,1.0,0.0,0.0,0.0,0.0,0.0,0.0,0.0,0.0,0.0,1.0,0.0,0.0,0.0,0.0,1.0,9.0,0.0,0.0,0.0,0.0,0.0,0.0,4.0,6.0,1.0,5981551806.0,-1.0,金昌市永昌县,金昌市永昌县六坝镇,8.0,22.1,0.0,3.0,33.1,36.03,43.233333333333334,46.79183823529412
甘肃省,金昌市,永昌县,南坝乡,102.101669,38.1075291,0.0,5.0,0.0,2.0,65.0,0.0,0.0,0.0,0.0,0.0,0.0,0.0,0.0,0.0,0.0,0.0,0.0,0.0,0.0,0.0,1.0,0.0,0.0,0.0,0.0,4.0,0.0,0.0,0.0,0.0,0.0,0.0,0.0,1.0,5.0,6.0,0.0,0.0,0.0,2.0,16.0,0.0,0.0,0.0,0.0,0.0,0.0,0.0,0.0,0.0,0.0,0.0,0.0,0.0,0.0,0.0,1.0,0.0,0.0,0.0,0.0,1.0,0.0,0.0,0.0,0.0,0.0,0.0,0.0,1.0,3.0,2.0,5981570704.0,-1.0,金昌市永昌县,金昌市永昌县南坝乡,11.0,22.5,0.0,3.0,36.5,36.03,43.233333333333334,46.79183823529412
甘肃省,白银市,白银区,人民路街道,104.165886,36.5409524,23.0,123.0,144.0,118.0,470.0,320.0,3.0,1324.0,282.0,493.0,8.0,25.0,9.0,10.0,33.0,51.0,7.0,4.0,10.0,55.0,95.0,28.0,11.0,12.0,11.0,38.0,1935.0,1569.0,2117.0,26.0,18.0,647.0,27.0,12.0,24.0,25.0,8.0,31.0,30.0,29.0,75.0,41.0,0.0,354.0,65.0,78.0,2.0,10.0,1.0,1.0,7.0,10.0,1.0,1.0,8.0,28.0,29.0,13.0,0.0,3.0,3.0,9.0,635.0,804.0,1005.0,4.0,7.0,223.0,8.0,6.0,16.0,17.0,-1.0,8972728.0,白银市白银区,白银市白银区人民路街道,20.0,30.0,30.0,20.0,100.0,83.16,50.955128205128204,46.79183823529412
甘肃省,白银市,白银区,公园路街道,104.177327,36.534578,22.0,78.0,120.0,101.0,444.0,297.0,3.0,1118.0,220.0,472.0,5.0,14.0,8.0,9.0,27.0,39.0,5.0,4.0,9.0,44.0,62.0,23.0,12.0,10.0,10.0,33.0,1751.0,1477.0,1936.0,23.0,15.0,609.0,18.0,10.0,25.0,25.0,12.0,14.0,30.0,20.0,63.0,25.0,0.0,84.0,68.0,3.0,2.0,3.0,1.0,1.0,7.0,10.0,1.0,2.0,2.0,12.0,6.0,1.0,1.0,1.0,2.0,6.0,221.0,2.0,7.0,0.0,4.0,29.0,4.0,4.0,12.0,12.0,-1.0,8972727.0,白银市白银区,白银市白银区公园路街道,20.0,30.0,30.0,20.0,100.0,83.16,50.955128205128204,46.79183823529412
甘肃省,白银市,白银区,四龙路街道,104.174814,36.550716,18.0,96.0,124.0,96.0,423.0,326.0,3.0,1285.0,235.0,478.0,7.0,15.0,8.0,9.0,31.0,45.0,5.0,4.0,9.0,49.0,62.0,22.0,10.0,9.0,11.0,33.0,1764.0,1517.0,2022.0,18.0,15.0,634.0,23.0,10.0,23.0,24.0,0.0,32.0,30.0,36.0,67.0,58.0,0.0,379.0,66.0,68.0,0.0,6.0,3.0,3.0,14.0,17.0,2.0,1.0,6.0,24.0,19.0,11.0,0.0,2.0,3.0,11.0,465.0,607.0,768.0,2.0,7.0,156.0,5.0,7.0,15.0,17.0,-1.0,8972729.0,白银市白银区,白银市白银区四龙路街道,20.0,30.0,30.0,20.0,100.0,83.16,50.955128205128204,46.79183823529412
甘肃省,白银市,白银区,工农路街道,104.166866,36.549262,21.0,113.0,138.0,111.0,431.0,323.0,3.0,1339.0,271.0,478.0,7.0,22.0,8.0,9.0,31.0,48.0,7.0,4.0,10.0,52.0,81.0,27.0,9.0,12.0,10.0,37.0,1847.0,1517.0,2040.0,23.0,18.0,639.0,25.0,11.0,23.0,24.0,0.0,32.0,42.0,38.0,191.0,95.0,1.0,800.0,78.0,391.0,0.0,7.0,5.0,6.0,10.0,18.0,2.0,1.0,7.0,29.0,32.0,14.0,0.0,7.0,4.0,13.0,877.0,1308.0,1666.0,6.0,11.0,445.0,9.0,7.0,17.0,19.0,-1.0,8972726.0,白银市白银区,白银市白银区工农路街道,20.0,30.0,30.0,20.0,100.0,83.16,50.955128205128204,46.79183823529412
甘肃省,白银市,白银区,纺织路街道,104.148527,36.54518,42.0,126.0,154.0,116.0,373.0,336.0,3.0,1338.0,277.0,479.0,9.0,25.0,8.0,9.0,29.0,47.0,7.0,3.0,10.0,54.0,94.0,27.0,11.0,14.0,11.0,35.0,1890.0,1901.0,2074.0,28.0,27.0,660.0,23.0,11.0,24.0,26.0,0.0,14.0,34.0,19.0,141.0,52.0,0.0,184.0,44.0,206.0,0.0,6.0,2.0,2.0,4.0,8.0,1.0,1.0,2.0,13.0,25.0,9.0,2.0,3.0,4.0,4.0,374.0,258.0,405.0,4.0,2.0,165.0,9.0,3.0,16.0,19.0,-1.0,8972725.0,白银市白银区,白银市白银区纺织路街道,20.0,30.0,30.0,20.0,100.0,83.16,50.955128205128204,46.79183823529412
甘肃省,白银市,白银区,水川镇,104.2358759,36.366513,0.0,5.0,23.0,7.0,136.0,15.0,0.0,30.0,3.0,1.0,1.0,2.0,1.0,1.0,8.0,8.0,0.0,0.0,0.0,0.0,22.0,0.0,3.0,0.0,2.0,8.0,33.0,0.0,0.0,9.0,3.0,1.0,0.0,7.0,11.0,11.0,0.0,2.0,7.0,1.0,39.0,6.0,0.0,7.0,0.0,1.0,0.0,2.0,1.0,1.0,1.0,1.0,0.0,0.0,0.0,0.0,3.0,0.0,1.0,0.0,1.0,1.0,13.0,0.0,0.0,1.0,0.0,1.0,0.0,6.0,8.0,9.0,4221782905.0,11875452.0,白银市白银区,白银市白银区水川镇,20.0,30.0,15.0,9.600000000000001,74.6,83.16,50.955128205128204,46.79183823529412
甘肃省,白银市,白银区,四龙镇,104.3960306,36.4366231,0.0,0.0,13.0,16.0,136.0,6.0,0.0,3.0,1.0,0.0,1.0,1.0,0.0,0.0,5.0,5.0,0.0,0.0,0.0,0.0,23.0,0.0,0.0,0.0,0.0,10.0,47.0,0.0,0.0,11.0,0.0,4.0,0.0,6.0,8.0,10.0,0.0,0.0,6.0,2.0,20.0,1.0,0.0,0.0,0.0,0.0,1.0,1.0,0.0,0.0,1.0,1.0,0.0,0.0,0.0,0.0,5.0,0.0,0.0,0.0,0.0,3.0,20.0,0.0,0.0,1.0,0.0,3.0,0.0,4.0,6.0,5.0,6068662277.0,11875451.0,白银市白银区,白银市白银区四龙镇,20.0,28.0,10.0,11.9,69.9,83.16,50.955128205128204,46.79183823529412
甘肃省,白银市,白银区,王岘镇,104.168601,36.534889,21.0,89.0,134.0,117.0,455.0,310.0,3.0,1259.0,246.0,477.0,5.0,16.0,8.0,9.0,30.0,45.0,6.0,4.0,10.0,54.0,80.0,27.0,12.0,12.0,11.0,35.0,1844.0,1517.0,2040.0,21.0,16.0,632.0,26.0,10.0,27.0,25.0,16.0,17.0,29.0,18.0,30.0,26.0,0.0,79.0,52.0,4.0,3.0,3.0,1.0,1.0,4.0,5.0,1.0,1.0,1.0,8.0,6.0,3.0,0.0,1.0,2.0,5.0,226.0,53.0,66.0,0.0,2.0,35.0,5.0,5.0,12.0,12.0,-1.0,11875454.0,白银市白银区,白银市白银区王岘镇,20.0,30.0,30.0,20.0,100.0,83.16,50.955128205128204,46.79183823529412
甘肃省,白银市,白银区,强湾乡,104.2116397,36.4246494,0.0,0.0,3.0,0.0,67.0,5.0,0.0,1.0,0.0,0.0,0.0,0.0,0.0,0.0,0.0,0.0,0.0,0.0,0.0,0.0,10.0,0.0,0.0,0.0,0.0,3.0,6.0,0.0,0.0,0.0,0.0,1.0,0.0,1.0,5.0,6.0,0.0,0.0,3.0,0.0,36.0,3.0,0.0,1.0,0.0,0.0,0.0,0.0,0.0,0.0,0.0,0.0,0.0,0.0,0.0,0.0,3.0,0.0,0.0,0.0,0.0,1.0,6.0,0.0,0.0,0.0,0.0,1.0,0.0,1.0,5.0,6.0,6068662275.0,11875450.0,白银市白银区,白银市白银区强湾乡,18.0,22.5,0.0,4.2,44.7,83.16,50.955128205128204,46.79183823529412
甘肃省,白银市,白银区,武川乡,104.0586452,36.6822615,6.0,0.0,0.0,9.0,33.0,0.0,0.0,0.0,0.0,0.0,0.0,0.0,0.0,0.0,0.0,0.0,0.0,0.0,0.0,0.0,0.0,0.0,0.0,0.0,0.0,3.0,3.0,0.0,0.0,0.0,0.0,0.0,1.0,2.0,5.0,3.0,0.0,0.0,0.0,3.0,11.0,0.0,0.0,0.0,0.0,0.0,0.0,0.0,0.0,0.0,0.0,0.0,0.0,0.0,0.0,0.0,0.0,0.0,0.0,0.0,0.0,1.0,2.0,0.0,0.0,0.0,0.0,0.0,0.0,1.0,2.0,1.0,6068662280.0,11875453.0,白银市白银区,白银市白银区武川乡,18.0,22.4,0.0,2.0,42.4,83.16,50.955128205128204,46.79183823529412
甘肃省,白银市,平川区,长征街道,104.8442633,36.7198286,3.0,0.0,31.0,21.0,114.0,26.0,0.0,4.0,1.0,1.0,4.0,1.0,2.0,6.0,7.0,10.0,0.0,0.0,0.0,3.0,28.0,0.0,6.0,0.0,0.0,7.0,232.0,2.0,2.0,1.0,4.0,11.0,2.0,5.0,13.0,13.0,0.0,0.0,17.0,8.0,52.0,2.0,0.0,4.0,1.0,1.0,0.0,0.0,1.0,4.0,1.0,1.0,0.0,0.0,0.0,2.0,15.0,0.0,1.0,0.0,0.0,2.0,79.0,0.0,0.0,0.0,3.0,3.0,1.0,3.0,9.0,8.0,6068181817.0,-1.0,白银市平川区,白银市平川区长征街道,12.0,30.0,17.0,20.0,79.0,60.972727272727276,50.955128205128204,46.79183823529412
甘肃省,白银市,平川区,电力路街道,104.7708177,36.7292712,9.0,8.0,33.0,18.0,50.0,37.0,0.0,8.0,2.0,2.0,5.0,0.0,1.0,1.0,6.0,11.0,1.0,0.0,0.0,61.0,22.0,0.0,29.0,0.0,3.0,1.0,245.0,0.0,0.0,10.0,2.0,5.0,2.0,5.0,14.0,9.0,1.0,0.0,12.0,6.0,17.0,12.0,0.0,1.0,2.0,0.0,1.0,0.0,0.0,0.0,1.0,2.0,0.0,0.0,0.0,0.0,8.0,0.0,6.0,0.0,0.0,1.0,105.0,0.0,0.0,3.0,1.0,1.0,0.0,5.0,9.0,4.0,4859640453.0,-1.0,白银市平川区,白银市平川区电力路街道,8.0,30.0,5.0,20.0,63.0,60.972727272727276,50.955128205128204,46.79183823529412
甘肃省,白银市,平川区,红会路街道,105.0332838,36.668252,0.0,0.0,6.0,7.0,54.0,14.0,0.0,11.0,0.0,0.0,2.0,0.0,0.0,0.0,1.0,1.0,0.0,0.0,0.0,0.0,9.0,0.0,4.0,0.0,0.0,2.0,223.0,0.0,0.0,8.0,0.0,3.0,0.0,4.0,7.0,9.0,0.0,0.0,6.0,2.0,29.0,12.0,0.0,8.0,0.0,0.0,1.0,0.0,0.0,0.0,0.0,0.0,0.0,0.0,0.0,0.0,3.0,0.0,1.0,0.0,0.0,1.0,137.0,0.0,0.0,3.0,0.0,3.0,0.0,3.0,6.0,6.0,4603466461.0,11873717.0,白银市平川区,白银市平川区红会路街道,17.0,25.5,0.0,20.0,62.5,60.972727272727276,50.955128205128204,46.79183823529412
甘肃省,白银市,平川区,兴平路街道,104.8144414,36.7294025,3.0,7.0,35.0,30.0,134.0,40.0,0.0,17.0,1.0,3.0,5.0,1.0,3.0,7.0,11.0,18.0,1.0,0.0,0.0,5.0,38.0,0.0,14.0,0.0,2.0,5.0,369.0,4.0,4.0,4.0,5.0,13.0,4.0,5.0,15.0,14.0,0.0,0.0,10.0,7.0,44.0,12.0,0.0,9.0,0.0,0.0,1.0,1.0,1.0,2.0,4.0,8.0,0.0,0.0,0.0,1.0,11.0,0.0,0.0,0.0,0.0,2.0,162.0,4.0,4.0,2.0,1.0,9.0,1.0,2.0,9.0,5.0,4859640452.0,-1.0,白银市平川区,白银市平川区兴平路街道,12.0,30.0,16.0,20.0,78.0,60.972727272727276,50.955128205128204,46.79183823529412
甘肃省,白银市,平川区,王家山镇,104.8222732,36.9029601,1.0,0.0,3.0,6.0,51.0,17.0,0.0,0.0,0.0,0.0,3.0,0.0,0.0,0.0,2.0,2.0,0.0,0.0,0.0,0.0,9.0,0.0,5.0,0.0,0.0,4.0,111.0,0.0,0.0,4.0,0.0,1.0,0.0,5.0,11.0,6.0,0.0,0.0,1.0,3.0,25.0,1.0,0.0,0.0,0.0,0.0,0.0,0.0,0.0,0.0,2.0,2.0,0.0,0.0,0.0,0.0,7.0,0.0,1.0,0.0,0.0,1.0,55.0,0.0,0.0,0.0,0.0,1.0,0.0,2.0,8.0,4.0,4859643839.0,7253606.0,白银市平川区,白银市平川区王家山镇,19.0,26.0,5.0,19.0,69.0,60.972727272727276,50.955128205128204,46.79183823529412
甘肃省,白银市,平川区,水泉镇,104.6958274,36.7759176,5.0,0.0,16.0,4.0,88.0,9.0,0.0,1.0,0.0,0.0,1.0,0.0,0.0,0.0,3.0,3.0,0.0,0.0,0.0,0.0,6.0,0.0,0.0,1.0,2.0,6.0,19.0,0.0,0.0,0.0,0.0,1.0,0.0,3.0,9.0,9.0,1.0,0.0,1.0,2.0,18.0,6.0,0.0,0.0,0.0,0.0,0.0,0.0,0.0,0.0,1.0,1.0,0.0,0.0,0.0,0.0,1.0,0.0,0.0,1.0,0.0,1.0,5.0,0.0,0.0,0.0,0.0,1.0,0.0,2.0,6.0,6.0,4608368783.0,7253607.0,白银市平川区,白银市平川区水泉镇,20.0,26.0,5.0,6.4,57.4,60.972727272727276,50.955128205128204,46.79183823529412
甘肃省,白银市,平川区,共和镇,105.0169811,36.6403788,5.0,0.0,5.0,5.0,71.0,11.0,0.0,1.0,0.0,0.0,2.0,0.0,0.0,0.0,5.0,5.0,0.0,0.0,0.0,0.0,9.0,0.0,2.0,0.0,0.0,2.0,92.0,0.0,0.0,5.0,0.0,1.0,0.0,4.0,9.0,10.0,3.0,0.0,2.0,1.0,47.0,5.0,0.0,1.0,0.0,0.0,0.0,0.0,0.0,0.0,5.0,5.0,0.0,0.0,0.0,0.0,2.0,0.0,0.0,0.0,0.0,1.0,18.0,0.0,0.0,0.0,0.0,0.0,0.0,1.0,7.0,4.0,4603623776.0,7253604.0,白银市平川区,白银市平川区共和镇,17.0,26.0,5.0,15.5,63.5,60.972727272727276,50.955128205128204,46.79183823529412
甘肃省,白银市,平川区,宝积镇,104.8395074,36.7227935,3.0,0.0,31.0,20.0,145.0,27.0,0.0,9.0,1.0,1.0,4.0,1.0,2.0,7.0,8.0,11.0,0.0,0.0,0.0,3.0,31.0,0.0,7.0,0.0,0.0,6.0,264.0,4.0,4.0,2.0,5.0,13.0,2.0,5.0,13.0,14.0,0.0,0.0,16.0,6.0,39.0,5.0,0.0,4.0,1.0,1.0,0.0,0.0,1.0,4.0,1.0,1.0,0.0,0.0,0.0,2.0,15.0,0.0,2.0,0.0,0.0,2.0,83.0,0.0,0.0,0.0,3.0,3.0,1.0,3.0,10.0,9.0,1782991878.0,7253605.0,白银市平川区,白银市平川区宝积镇,20.0,30.0,17.0,20.0,87.0,60.972727272727276,50.955128205128204,46.79183823529412
甘肃省,白银市,平川区,黄峤镇,105.1781702,36.6301486,7.0,0.0,3.0,0.0,5.0,0.0,0.0,0.0,0.0,0.0,0.0,0.0,0.0,0.0,2.0,2.0,0.0,0.0,0.0,0.0,1.0,0.0,0.0,0.0,0.0,2.0,8.0,0.0,0.0,2.0,0.0,0.0,0.0,1.0,5.0,4.0,1.0,0.0,1.0,0.0,3.0,0.0,0.0,0.0,0.0,0.0,0.0,0.0,0.0,0.0,2.0,2.0,0.0,0.0,0.0,0.0,1.0,0.0,0.0,0.0,0.0,1.0,8.0,0.0,0.0,0.0,0.0,0.0,0.0,1.0,3.0,2.0,4603622159.0,11873718.0,白银市平川区,白银市平川区黄峤镇,17.0,9.4,5.0,3.8,35.199999999999996,60.972727272727276,50.955128205128204,46.79183823529412
甘肃省,白银市,平川区,种田乡,105.3270113,36.4469534,0.0,0.0,1.0,1.0,8.0,0.0,0.0,0.0,0.0,0.0,0.0,0.0,0.0,0.0,1.0,1.0,0.0,0.0,0.0,0.0,0.0,0.0,0.0,0.0,0.0,1.0,0.0,0.0,0.0,0.0,0.0,0.0,0.0,9.0,4.0,0.0,0.0,0.0,1.0,1.0,3.0,0.0,0.0,0.0,0.0,0.0,0.0,0.0,0.0,0.0,1.0,1.0,0.0,0.0,0.0,0.0,0.0,0.0,0.0,0.0,0.0,1.0,0.0,0.0,0.0,0.0,0.0,0.0,0.0,1.0,4.0,0.0,4859643267.0,7253602.0,白银市平川区,白银市平川区种田乡,16.0,10.5,5.0,0.0,31.5,60.972727272727276,50.955128205128204,46.79183823529412
甘肃省,白银市,平川区,复兴乡,105.3624701,36.390594,0.0,0.0,4.0,6.0,16.0,1.0,0.0,0.0,0.0,0.0,0.0,0.0,0.0,0.0,3.0,3.0,0.0,0.0,0.0,0.0,0.0,0.0,0.0,0.0,0.0,5.0,1.0,0.0,0.0,1.0,0.0,0.0,0.0,1.0,5.0,4.0,0.0,0.0,2.0,6.0,5.0,1.0,0.0,0.0,0.0,0.0,0.0,0.0,0.0,0.0,2.0,2.0,0.0,0.0,0.0,0.0,0.0,0.0,0.0,0.0,0.0,1.0,1.0,0.0,0.0,1.0,0.0,0.0,0.0,1.0,5.0,3.0,4859643266.0,11873720.0,白银市平川区,白银市平川区复兴乡,20.0,17.2,5.0,2.4,44.6,60.972727272727276,50.955128205128204,46.79183823529412
甘肃省,白银市,靖远县,北湾镇,104.4519813,36.467531,0.0,0.0,2.0,4.0,71.0,1.0,0.0,0.0,1.0,0.0,1.0,0.0,0.0,0.0,3.0,3.0,0.0,0.0,0.0,0.0,14.0,0.0,0.0,0.0,0.0,8.0,10.0,0.0,0.0,15.0,0.0,0.0,0.0,4.0,7.0,5.0,0.0,0.0,2.0,0.0,25.0,0.0,0.0,0.0,1.0,0.0,0.0,0.0,0.0,0.0,1.0,1.0,0.0,0.0,0.0,0.0,2.0,0.0,0.0,0.0,0.0,2.0,7.0,0.0,0.0,0.0,0.0,0.0,0.0,3.0,5.0,2.0,4606909307.0,-1.0,白银市靖远县,白银市靖远县北湾镇,12.0,27.5,5.0,5.7,50.2,45.02222222222222,50.955128205128204,46.79183823529412
甘肃省,白银市,靖远县,东湾镇,104.7363169,36.6718634,0.0,0.0,12.0,2.0,21.0,1.0,0.0,4.0,0.0,0.0,0.0,0.0,0.0,0.0,3.0,3.0,0.0,0.0,0.0,0.0,6.0,0.0,1.0,0.0,0.0,4.0,22.0,0.0,0.0,2.0,1.0,3.0,0.0,4.0,8.0,7.0,0.0,0.0,3.0,1.0,7.0,0.0,0.0,0.0,0.0,0.0,0.0,0.0,0.0,0.0,1.0,1.0,0.0,0.0,0.0,0.0,2.0,0.0,1.0,0.0,0.0,2.0,5.0,0.0,0.0,1.0,0.0,0.0,0.0,3.0,3.0,4.0,1782991879.0,-1.0,白银市靖远县,白银市靖远县东湾镇,11.0,17.3,5.0,6.5,39.8,45.02222222222222,50.955128205128204,46.79183823529412
甘肃省,白银市,靖远县,乌兰镇,104.6798372,36.563841,17.0,0.0,65.0,47.0,280.0,74.0,4.0,41.0,8.0,0.0,5.0,1.0,2.0,2.0,24.0,29.0,0.0,0.0,5.0,23.0,21.0,2.0,7.0,4.0,1.0,6.0,989.0,0.0,0.0,19.0,1.0,12.0,7.0,6.0,19.0,13.0,0.0,0.0,18.0,21.0,107.0,31.0,0.0,27.0,2.0,0.0,0.0,0.0,2.0,2.0,10.0,14.0,0.0,0.0,3.0,19.0,2.0,1.0,0.0,1.0,1.0,2.0,530.0,0.0,0.0,7.0,1.0,8.0,6.0,3.0,14.0,7.0,6818458709.0,20148879.0,白银市靖远县,白银市靖远县乌兰镇,20.0,28.0,23.0,20.0,91.0,45.02222222222222,50.955128205128204,46.79183823529412
甘肃省,白银市,靖远县,刘川镇,104.4536773,36.6493122,8.0,0.0,0.0,5.0,62.0,2.0,0.0,0.0,0.0,0.0,2.0,0.0,0.0,0.0,3.0,4.0,0.0,0.0,0.0,0.0,13.0,0.0,1.0,0.0,0.0,4.0,21.0,0.0,0.0,3.0,0.0,0.0,0.0,3.0,9.0,5.0,5.0,0.0,0.0,1.0,22.0,1.0,0.0,0.0,0.0,0.0,0.0,0.0,0.0,0.0,1.0,2.0,0.0,0.0,0.0,0.0,4.0,0.0,1.0,0.0,0.0,1.0,19.0,0.0,0.0,1.0,0.0,0.0,0.0,2.0,6.0,4.0,4608275936.0,-1.0,白银市靖远县,白银市靖远县刘川镇,11.0,26.0,5.0,6.9,48.9,45.02222222222222,50.955128205128204,46.79183823529412
甘肃省,白银市,靖远县,北滩镇,104.8726193,37.0318602,1.0,4.0,0.0,4.0,113.0,13.0,0.0,3.0,5.0,2.0,2.0,1.0,0.0,0.0,2.0,2.0,0.0,0.0,0.0,0.0,9.0,0.0,1.0,0.0,0.0,2.0,102.0,0.0,0.0,1.0,0.0,1.0,0.0,2.0,10.0,6.0,1.0,3.0,0.0,0.0,5.0,3.0,0.0,0.0,0.0,0.0,0.0,1.0,0.0,0.0,0.0,0.0,0.0,0.0,0.0,0.0,1.0,0.0,0.0,0.0,0.0,1.0,40.0,0.0,0.0,0.0,0.0,0.0,0.0,1.0,4.0,3.0,6067864945.0,-1.0,白银市靖远县,白银市靖远县北滩镇,9.0,30.0,5.0,17.3,61.3,45.02222222222222,50.955128205128204,46.79183823529412
甘肃省,白银市,靖远县,五合镇,105.110975,36.9689626,2.0,0.0,1.0,7.0,37.0,0.0,0.0,0.0,0.0,0.0,0.0,0.0,0.0,0.0,1.0,1.0,0.0,0.0,0.0,0.0,3.0,0.0,0.0,0.0,0.0,3.0,0.0,0.0,0.0,0.0,0.0,0.0,0.0,2.0,7.0,4.0,2.0,0.0,1.0,1.0,3.0,0.0,0.0,0.0,0.0,0.0,0.0,0.0,0.0,0.0,1.0,1.0,0.0,0.0,0.0,0.0,2.0,0.0,0.0,0.0,0.0,1.0,0.0,0.0,0.0,0.0,0.0,0.0,0.0,1.0,5.0,2.0,5915572481.0,11873631.0,白银市靖远县,白银市靖远县五合镇,18.0,21.8,5.0,2.0,46.8,45.02222222222222,50.955128205128204,46.79183823529412
甘肃省,白银市,靖远县,大芦镇,104.8096327,36.3460844,3.0,0.0,0.0,1.0,12.0,0.0,0.0,0.0,0.0,0.0,0.0,0.0,0.0,0.0,1.0,1.0,0.0,0.0,0.0,0.0,4.0,0.0,0.0,0.0,0.0,1.0,18.0,0.0,0.0,1.0,0.0,0.0,0.0,2.0,4.0,4.0,3.0,0.0,0.0,0.0,6.0,0.0,0.0,0.0,0.0,0.0,0.0,0.0,0.0,0.0,0.0,0.0,0.0,0.0,0.0,0.0,2.0,0.0,0.0,0.0,0.0,1.0,18.0,0.0,0.0,0.0,0.0,0.0,0.0,2.0,3.0,2.0,4602518167.0,-1.0,白银市靖远县,白银市靖远县大芦镇,8.0,12.2,0.0,5.7,25.9,45.02222222222222,50.955128205128204,46.79183823529412
甘肃省,白银市,靖远县,糜滩镇,104.674214,36.595011,9.0,1.0,30.0,29.0,142.0,16.0,3.0,26.0,2.0,0.0,1.0,1.0,0.0,0.0,8.0,9.0,0.0,0.0,0.0,8.0,26.0,2.0,0.0,1.0,0.0,6.0,333.0,0.0,0.0,8.0,0.0,4.0,0.0,3.0,19.0,10.0,0.0,0.0,0.0,7.0,22.0,1.0,0.0,0.0,0.0,0.0,0.0,0.0,0.0,0.0,3.0,3.0,0.0,0.0,0.0,0.0,8.0,0.0,0.0,0.0,0.0,1.0,6.0,0.0,0.0,1.0,0.0,0.0,0.0,0.0,4.0,2.0,-1.0,-1.0,白银市靖远县,白银市靖远县糜滩镇,5.0,28.0,10.0,20.0,63.0,45.02222222222222,50.955128205128204,46.79183823529412
甘肃省,白银市,靖远县,高湾镇,104.9960589,36.4625684,0.0,0.0,3.0,6.0,13.0,1.0,0.0,0.0,0.0,0.0,0.0,1.0,0.0,0.0,3.0,3.0,0.0,0.0,0.0,0.0,6.0,0.0,0.0,0.0,0.0,3.0,1.0,0.0,0.0,2.0,0.0,0.0,0.0,1.0,5.0,4.0,0.0,0.0,3.0,5.0,9.0,1.0,0.0,0.0,0.0,0.0,0.0,1.0,0.0,0.0,3.0,3.0,0.0,0.0,0.0,0.0,1.0,0.0,0.0,0.0,0.0,1.0,1.0,0.0,0.0,2.0,0.0,0.0,0.0,1.0,5.0,2.0,4308886668.0,-1.0,白银市靖远县,白银市靖远县高湾镇,10.0,17.8,10.0,2.6,40.4,45.02222222222222,50.955128205128204,46.79183823529412
甘肃省,白银市,靖远县,平堡镇,104.4003699,36.4196357,0.0,0.0,11.0,16.0,130.0,3.0,0.0,3.0,0.0,0.0,1.0,1.0,0.0,0.0,4.0,4.0,0.0,0.0,0.0,0.0,18.0,0.0,0.0,0.0,1.0,10.0,42.0,0.0,0.0,8.0,0.0,4.0,0.0,6.0,7.0,11.0,0.0,0.0,0.0,7.0,37.0,1.0,0.0,0.0,0.0,0.0,0.0,0.0,0.0,0.0,1.0,1.0,0.0,0.0,0.0,0.0,5.0,0.0,0.0,0.0,0.0,1.0,6.0,0.0,0.0,1.0,0.0,0.0,0.0,1.0,4.0,6.0,4221784205.0,-1.0,白银市靖远县,白银市靖远县平堡镇,12.0,25.5,10.0,9.7,57.2,45.02222222222222,50.955128205128204,46.79183823529412
甘肃省,白银市,靖远县,东升镇,104.9750296,37.0154851,1.0,0.0,0.0,2.0,76.0,0.0,0.0,0.0,0.0,0.0,0.0,0.0,0.0,0.0,4.0,4.0,0.0,0.0,0.0,0.0,11.0,0.0,0.0,0.0,0.0,4.0,20.0,0.0,0.0,1.0,0.0,0.0,0.0,7.0,5.0,4.0,1.0,0.0,0.0,1.0,25.0,0.0,0.0,0.0,0.0,0.0,0.0,0.0,0.0,0.0,1.0,1.0,0.0,0.0,0.0,0.0,4.0,0.0,0.0,0.0,0.0,1.0,17.0,0.0,0.0,1.0,0.0,0.0,0.0,1.0,5.0,2.0,5915559201.0,8714121.0,白银市靖远县,白银市靖远县东升镇,19.0,22.5,5.0,5.9,52.4,45.02222222222222,50.955128205128204,46.79183823529412
甘肃省,白银市,靖远县,双龙镇,104.464079,37.0534811,0.0,0.0,4.0,0.0,10.0,0.0,0.0,0.0,0.0,0.0,0.0,0.0,0.0,0.0,2.0,2.0,0.0,0.0,0.0,0.0,2.0,0.0,0.0,0.0,0.0,1.0,0.0,0.0,0.0,0.0,0.0,0.0,0.0,1.0,3.0,3.0,0.0,0.0,4.0,0.0,10.0,0.0,0.0,0.0,0.0,0.0,0.0,0.0,0.0,0.0,2.0,2.0,0.0,0.0,0.0,0.0,2.0,0.0,0.0,0.0,0.0,1.0,0.0,0.0,0.0,0.0,0.0,0.0,0.0,1.0,3.0,2.0,6067864949.0,-1.0,白银市靖远县,白银市靖远县双龙镇,8.0,11.5,5.0,1.5,26.0,45.02222222222222,50.955128205128204,46.79183823529412
甘肃省,白银市,靖远县,三滩镇,104.6695063,36.6885836,1.0,0.0,1.0,9.0,114.0,2.0,0.0,0.0,0.0,1.0,2.0,0.0,0.0,0.0,3.0,3.0,0.0,0.0,0.0,0.0,7.0,0.0,1.0,0.0,0.0,7.0,20.0,0.0,0.0,1.0,0.0,0.0,0.0,3.0,8.0,7.0,1.0,0.0,0.0,2.0,34.0,0.0,0.0,0.0,0.0,1.0,0.0,0.0,0.0,0.0,2.0,2.0,0.0,0.0,0.0,0.0,1.0,0.0,1.0,0.0,0.0,2.0,8.0,0.0,0.0,0.0,0.0,0.0,0.0,2.0,4.0,5.0,1782991880.0,-1.0,白银市靖远县,白银市靖远县三滩镇,12.0,28.0,5.0,6.4,51.4,45.02222222222222,50.955128205128204,46.79183823529412
甘肃省,白银市,靖远县,兴隆乡,104.5225801,37.1348169,0.0,0.0,4.0,0.0,2.0,0.0,0.0,0.0,0.0,0.0,0.0,0.0,0.0,0.0,0.0,0.0,0.0,0.0,0.0,0.0,0.0,0.0,0.0,0.0,0.0,1.0,0.0,0.0,0.0,0.0,0.0,0.0,0.0,1.0,2.0,1.0,0.0,0.0,3.0,0.0,0.0,0.0,0.0,0.0,0.0,0.0,0.0,0.0,0.0,0.0,0.0,0.0,0.0,0.0,0.0,0.0,0.0,0.0,0.0,0.0,0.0,1.0,0.0,0.0,0.0,0.0,0.0,0.0,0.0,1.0,1.0,1.0,6067864950.0,-1.0,白银市靖远县,白银市靖远县兴隆乡,8.0,6.4,0.0,0.5,14.9,45.02222222222222,50.955128205128204,46.79183823529412
甘肃省,白银市,靖远县,石门乡,104.3726761,37.054194,0.0,0.0,2.0,3.0,19.0,0.0,0.0,0.0,0.0,0.0,0.0,0.0,0.0,0.0,1.0,1.0,0.0,0.0,0.0,0.0,0.0,0.0,0.0,0.0,0.0,1.0,0.0,0.0,0.0,2.0,0.0,0.0,0.0,1.0,5.0,4.0,0.0,0.0,2.0,1.0,11.0,0.0,0.0,0.0,0.0,0.0,0.0,0.0,0.0,0.0,1.0,1.0,0.0,0.0,0.0,0.0,0.0,0.0,0.0,0.0,0.0,1.0,0.0,0.0,0.0,0.0,0.0,0.0,0.0,1.0,4.0,2.0,6067864948.0,-1.0,白银市靖远县,白银市靖远县石门乡,8.0,17.6,5.0,2.2,32.800000000000004,45.02222222222222,50.955128205128204,46.79183823529412
甘肃省,白银市,靖远县,靖安乡,105.2282939,36.8746041,0.0,0.0,6.0,4.0,54.0,1.0,0.0,0.0,0.0,0.0,0.0,0.0,0.0,0.0,1.0,1.0,0.0,0.0,0.0,0.0,3.0,0.0,0.0,0.0,0.0,4.0,20.0,0.0,0.0,1.0,0.0,0.0,0.0,8.0,5.0,4.0,0.0,0.0,3.0,1.0,15.0,0.0,0.0,0.0,0.0,0.0,0.0,0.0,0.0,0.0,1.0,1.0,0.0,0.0,0.0,0.0,0.0,0.0,0.0,0.0,0.0,3.0,19.0,0.0,0.0,0.0,0.0,0.0,0.0,1.0,4.0,1.0,6067864946.0,11873632.0,白银市靖远县,白银市靖远县靖安乡,19.0,22.5,5.0,6.0,52.5,45.02222222222222,50.955128205128204,46.79183823529412
甘肃省,白银市,靖远县,永新乡,104.6346739,37.071756,0.0,3.0,0.0,0.0,104.0,0.0,0.0,0.0,0.0,0.0,0.0,0.0,0.0,0.0,2.0,2.0,0.0,0.0,0.0,0.0,0.0,0.0,0.0,0.0,0.0,1.0,0.0,0.0,0.0,0.0,0.0,0.0,0.0,1.0,4.0,0.0,0.0,3.0,0.0,0.0,77.0,0.0,0.0,0.0,0.0,0.0,0.0,0.0,0.0,0.0,2.0,2.0,0.0,0.0,0.0,0.0,0.0,0.0,0.0,0.0,0.0,1.0,0.0,0.0,0.0,0.0,0.0,0.0,0.0,1.0,3.0,0.0,6067864951.0,-1.0,白银市靖远县,白银市靖远县永新乡,8.0,22.0,5.0,0.0,35.0,45.02222222222222,50.955128205128204,46.79183823529412
甘肃省,白银市,靖远县,若笠乡,104.5833984,36.2633903,0.0,0.0,2.0,0.0,10.0,0.0,0.0,0.0,0.0,0.0,0.0,0.0,0.0,0.0,0.0,0.0,0.0,0.0,0.0,0.0,4.0,0.0,0.0,0.0,0.0,2.0,10.0,0.0,0.0,0.0,0.0,0.0,0.0,1.0,3.0,1.0,0.0,0.0,2.0,0.0,3.0,0.0,0.0,0.0,0.0,0.0,0.0,0.0,0.0,0.0,0.0,0.0,0.0,0.0,0.0,0.0,1.0,0.0,0.0,0.0,0.0,1.0,10.0,0.0,0.0,0.0,0.0,0.0,0.0,1.0,3.0,1.0,4305763686.0,-1.0,白银市靖远县,白银市靖远县若笠乡,9.0,9.4,0.0,2.5,20.9,45.02222222222222,50.955128205128204,46.79183823529412
甘肃省,白银市,会宁县,会师镇,105.0559042,35.6920189,11.0,12.0,11.0,17.0,99.0,40.0,0.0,16.0,2.0,2.0,3.0,1.0,2.0,2.0,10.0,11.0,0.0,0.0,0.0,4.0,10.0,0.0,0.0,1.0,0.0,4.0,518.0,0.0,0.0,6.0,0.0,19.0,4.0,5.0,14.0,10.0,2.0,6.0,5.0,6.0,44.0,15.0,0.0,3.0,0.0,1.0,1.0,1.0,1.0,1.0,3.0,3.0,0.0,0.0,0.0,2.0,4.0,0.0,0.0,0.0,0.0,2.0,285.0,0.0,0.0,1.0,0.0,2.0,2.0,4.0,11.0,6.0,8105827775.0,6776073.0,白银市会宁县,白银市会宁县会师镇,19.0,30.0,17.0,20.0,86.0,44.30357142857143,50.955128205128204,46.79183823529412
甘肃省,白银市,会宁县,郭城驿镇,104.8856619,36.2297632,6.0,0.0,10.0,1.0,126.0,1.0,0.0,0.0,0.0,0.0,1.0,0.0,0.0,0.0,3.0,3.0,0.0,0.0,0.0,0.0,19.0,0.0,0.0,0.0,0.0,5.0,161.0,0.0,0.0,1.0,0.0,3.0,0.0,3.0,8.0,7.0,3.0,0.0,5.0,0.0,55.0,1.0,0.0,0.0,0.0,0.0,0.0,0.0,0.0,0.0,1.0,1.0,0.0,0.0,0.0,0.0,3.0,0.0,0.0,0.0,0.0,1.0,69.0,0.0,0.0,1.0,0.0,2.0,0.0,2.0,6.0,5.0,4246129626.0,6776079.0,白银市会宁县,白银市会宁县郭城驿镇,20.0,26.0,5.0,19.5,70.5,44.30357142857143,50.955128205128204,46.79183823529412
甘肃省,白银市,会宁县,河畔镇,104.9589805,36.1201257,5.0,0.0,3.0,7.0,31.0,0.0,0.0,0.0,0.0,0.0,1.0,0.0,0.0,0.0,5.0,5.0,0.0,0.0,0.0,0.0,9.0,0.0,0.0,0.0,0.0,4.0,18.0,0.0,0.0,0.0,0.0,0.0,0.0,3.0,5.0,7.0,5.0,0.0,3.0,3.0,10.0,0.0,0.0,0.0,0.0,0.0,1.0,0.0,0.0,0.0,3.0,3.0,0.0,0.0,0.0,0.0,1.0,0.0,0.0,0.0,0.0,1.0,17.0,0.0,0.0,0.0,0.0,0.0,0.0,2.0,5.0,4.0,2344332208.0,6776067.0,白银市会宁县,白银市会宁县河畔镇,19.0,23.7,5.0,7.0,54.7,44.30357142857143,50.955128205128204,46.79183823529412
甘肃省,白银市,会宁县,头寨子镇,104.7472451,36.0565547,0.0,0.0,6.0,4.0,57.0,0.0,0.0,1.0,0.0,0.0,1.0,0.0,0.0,0.0,0.0,0.0,0.0,0.0,0.0,0.0,11.0,0.0,0.0,0.0,0.0,7.0,14.0,0.0,0.0,0.0,0.0,0.0,0.0,2.0,7.0,3.0,0.0,0.0,1.0,2.0,18.0,0.0,0.0,1.0,0.0,0.0,1.0,0.0,0.0,0.0,0.0,0.0,0.0,0.0,0.0,0.0,4.0,0.0,0.0,0.0,0.0,2.0,14.0,0.0,0.0,0.0,0.0,0.0,0.0,2.0,5.0,3.0,4275251228.0,6776077.0,白银市会宁县,白银市会宁县头寨子镇,20.0,25.5,0.0,4.300000000000001,49.8,44.30357142857143,50.955128205128204,46.79183823529412
甘肃省,白银市,会宁县,太平店镇,105.3534458,35.7076466,1.0,0.0,7.0,2.0,39.0,0.0,0.0,0.0,0.0,0.0,0.0,0.0,0.0,0.0,1.0,2.0,0.0,0.0,0.0,0.0,12.0,0.0,0.0,0.0,0.0,1.0,10.0,0.0,0.0,4.0,0.0,1.0,0.0,4.0,7.0,5.0,1.0,0.0,2.0,2.0,12.0,0.0,0.0,0.0,0.0,0.0,0.0,0.0,0.0,0.0,0.0,1.0,0.0,0.0,0.0,0.0,1.0,0.0,0.0,0.0,0.0,1.0,8.0,0.0,0.0,0.0,0.0,1.0,0.0,3.0,7.0,2.0,4270031108.0,6776087.0,白银市会宁县,白银市会宁县太平店镇,16.0,21.9,0.0,4.7,42.6,44.30357142857143,50.955128205128204,46.79183823529412
甘肃省,白银市,会宁县,甘沟驿镇,105.0199118,35.9572214,9.0,0.0,2.0,3.0,45.0,5.0,1.0,1.0,0.0,0.0,1.0,1.0,1.0,1.0,3.0,3.0,0.0,0.0,0.0,0.0,11.0,0.0,1.0,1.0,0.0,6.0,43.0,0.0,0.0,1.0,0.0,1.0,1.0,3.0,11.0,8.0,2.0,0.0,1.0,0.0,17.0,2.0,0.0,0.0,0.0,0.0,0.0,1.0,0.0,0.0,3.0,3.0,0.0,0.0,0.0,0.0,4.0,0.0,0.0,0.0,0.0,1.0,20.0,0.0,0.0,0.0,0.0,1.0,0.0,2.0,6.0,5.0,4273863163.0,6776075.0,白银市会宁县,白银市会宁县甘沟驿镇,20.0,26.0,10.0,10.4,66.4,44.30357142857143,50.955128205128204,46.79183823529412
甘肃省,白银市,会宁县,侯家川镇,105.2205667,35.4930005,2.0,0.0,0.0,0.0,9.0,0.0,0.0,0.0,0.0,0.0,0.0,0.0,0.0,0.0,2.0,2.0,0.0,0.0,0.0,0.0,2.0,0.0,0.0,0.0,0.0,6.0,0.0,0.0,0.0,0.0,0.0,0.0,0.0,8.0,3.0,2.0,1.0,0.0,0.0,0.0,7.0,0.0,0.0,0.0,0.0,0.0,0.0,0.0,0.0,0.0,1.0,1.0,0.0,0.0,0.0,0.0,0.0,0.0,0.0,0.0,0.0,1.0,0.0,0.0,0.0,0.0,0.0,0.0,0.0,2.0,3.0,1.0,4535522446.0,6776090.0,白银市会宁县,白银市会宁县侯家川镇,20.0,10.4,5.0,1.0,36.4,44.30357142857143,50.955128205128204,46.79183823529412
甘肃省,白银市,会宁县,柴家门镇,104.9859909,35.7894085,1.0,0.0,0.0,1.0,42.0,0.0,0.0,0.0,0.0,0.0,0.0,0.0,0.0,0.0,4.0,4.0,0.0,0.0,0.0,0.0,12.0,0.0,0.0,0.0,0.0,2.0,0.0,0.0,0.0,0.0,0.0,0.0,0.0,2.0,5.0,4.0,1.0,0.0,0.0,1.0,9.0,0.0,0.0,0.0,0.0,0.0,0.0,0.0,0.0,0.0,2.0,2.0,0.0,0.0,0.0,0.0,5.0,0.0,0.0,0.0,0.0,1.0,0.0,0.0,0.0,0.0,0.0,0.0,0.0,2.0,4.0,3.0,4547915269.0,6776074.0,白银市会宁县,白银市会宁县柴家门镇,17.0,19.6,5.0,2.0,43.6,44.30357142857143,50.955128205128204,46.79183823529412
甘肃省,白银市,会宁县,汉家岔镇,104.8428057,35.981558,2.0,0.0,0.0,3.0,34.0,0.0,0.0,0.0,0.0,0.0,0.0,0.0,0.0,0.0,3.0,3.0,0.0,0.0,0.0,0.0,7.0,0.0,0.0,0.0,0.0,1.0,6.0,0.0,0.0,1.0,0.0,1.0,0.0,1.0,4.0,3.0,2.0,0.0,0.0,3.0,18.0,0.0,0.0,0.0,0.0,0.0,0.0,0.0,0.0,0.0,2.0,2.0,0.0,0.0,0.0,0.0,4.0,0.0,0.0,0.0,0.0,1.0,5.0,0.0,0.0,1.0,0.0,1.0,0.0,1.0,4.0,2.0,4275590097.0,6776076.0,白银市会宁县,白银市会宁县汉家岔镇,16.0,22.0,5.0,2.8,45.8,44.30357142857143,50.955128205128204,46.79183823529412
甘肃省,白银市,会宁县,刘家寨子镇,105.3226398,36.2667009,0.0,0.0,7.0,3.0,7.0,0.0,0.0,0.0,0.0,0.0,0.0,0.0,0.0,0.0,0.0,0.0,0.0,0.0,0.0,0.0,4.0,0.0,0.0,0.0,0.0,4.0,0.0,0.0,0.0,1.0,0.0,0.0,0.0,1.0,4.0,2.0,0.0,0.0,7.0,2.0,3.0,0.0,0.0,0.0,0.0,0.0,0.0,0.0,0.0,0.0,0.0,0.0,0.0,0.0,0.0,0.0,1.0,0.0,0.0,0.0,0.0,1.0,0.0,0.0,0.0,1.0,0.0,0.0,0.0,1.0,4.0,2.0,4542974111.0,6776082.0,白银市会宁县,白银市会宁县刘家寨子镇,19.0,12.3,0.0,1.2,32.5,44.30357142857143,50.955128205128204,46.79183823529412
甘肃省,白银市,会宁县,白草塬镇,105.0231162,36.2047156,0.0,0.0,3.0,3.0,129.0,31.0,0.0,2.0,0.0,0.0,1.0,0.0,0.0,0.0,4.0,4.0,0.0,0.0,0.0,0.0,25.0,0.0,1.0,0.0,0.0,11.0,32.0,0.0,0.0,3.0,0.0,1.0,0.0,1.0,7.0,10.0,0.0,0.0,1.0,3.0,24.0,18.0,0.0,0.0,0.0,0.0,0.0,0.0,0.0,0.0,1.0,1.0,0.0,0.0,0.0,0.0,4.0,0.0,0.0,0.0,0.0,3.0,26.0,0.0,0.0,0.0,0.0,1.0,0.0,1.0,6.0,7.0,4542785163.0,6776066.0,白银市会宁县,白银市会宁县白草塬镇,20.0,25.5,5.0,10.100000000000001,60.6,44.30357142857143,50.955128205128204,46.79183823529412
甘肃省,白银市,会宁县,大沟镇,105.2325538,35.9798649,1.0,0.0,0.0,4.0,8.0,0.0,0.0,0.0,0.0,0.0,0.0,0.0,0.0,0.0,0.0,0.0,0.0,0.0,0.0,0.0,6.0,0.0,0.0,0.0,0.0,2.0,0.0,0.0,0.0,0.0,0.0,0.0,0.0,1.0,4.0,2.0,1.0,0.0,0.0,1.0,5.0,0.0,0.0,0.0,0.0,0.0,0.0,0.0,0.0,0.0,0.0,0.0,0.0,0.0,0.0,0.0,1.0,0.0,0.0,0.0,0.0,1.0,0.0,0.0,0.0,0.0,0.0,0.0,0.0,1.0,4.0,1.0,4546725938.0,6776084.0,白银市会宁县,白银市会宁县大沟镇,17.0,14.1,0.0,1.0,32.1,44.30357142857143,50.955128205128204,46.79183823529412
甘肃省,白银市,会宁县,四房吴镇,105.12438,36.0556617,0.0,0.0,3.0,0.0,4.0,0.0,0.0,0.0,0.0,0.0,0.0,0.0,0.0,0.0,3.0,3.0,0.0,0.0,0.0,0.0,6.0,1.0,0.0,0.0,0.0,5.0,0.0,0.0,0.0,1.0,0.0,0.0,0.0,1.0,2.0,2.0,0.0,0.0,1.0,0.0,3.0,0.0,0.0,0.0,0.0,0.0,0.0,0.0,0.0,0.0,2.0,2.0,0.0,0.0,0.0,0.0,3.0,1.0,0.0,0.0,0.0,1.0,0.0,0.0,0.0,1.0,0.0,0.0,0.0,1.0,2.0,2.0,4546648535.0,6776068.0,白银市会宁县,白银市会宁县四房吴镇,20.0,7.7,5.0,1.2,33.900000000000006,44.30357142857143,50.955128205128204,46.79183823529412
甘肃省,白银市,会宁县,中川镇,105.0795636,35.4974423,0.0,0.0,0.0,3.0,23.0,0.0,0.0,0.0,0.0,0.0,0.0,0.0,0.0,0.0,1.0,1.0,0.0,0.0,0.0,0.0,7.0,0.0,0.0,0.0,0.0,5.0,0.0,0.0,0.0,0.0,0.0,0.0,0.0,3.0,3.0,4.0,0.0,0.0,0.0,1.0,12.0,0.0,0.0,0.0,0.0,0.0,0.0,0.0,0.0,0.0,1.0,1.0,0.0,0.0,0.0,0.0,1.0,0.0,0.0,0.0,0.0,1.0,0.0,0.0,0.0,0.0,0.0,0.0,0.0,1.0,3.0,3.0,4535522130.0,6776091.0,白银市会宁县,白银市会宁县中川镇,20.0,12.7,5.0,2.0,39.7,44.30357142857143,50.955128205128204,46.79183823529412
甘肃省,白银市,会宁县,老君坡镇,105.4238658,35.7471053,0.0,0.0,7.0,4.0,28.0,1.0,0.0,0.0,0.0,0.0,0.0,0.0,0.0,0.0,0.0,0.0,0.0,0.0,0.0,0.0,2.0,0.0,0.0,0.0,0.0,2.0,11.0,0.0,0.0,0.0,0.0,0.0,0.0,10.0,9.0,4.0,0.0,0.0,4.0,2.0,3.0,0.0,0.0,0.0,0.0,0.0,0.0,0.0,0.0,0.0,0.0,0.0,0.0,0.0,0.0,0.0,1.0,0.0,0.0,0.0,0.0,1.0,11.0,0.0,0.0,0.0,0.0,0.0,0.0,2.0,4.0,2.0,4547915267.0,6776086.0,白银市会宁县,白银市会宁县老君坡镇,17.0,19.5,0.0,4.2,40.7,44.30357142857143,50.955128205128204,46.79183823529412
甘肃省,白银市,会宁县,平头川镇,105.3274334,35.8742633,0.0,0.0,4.0,4.0,18.0,0.0,0.0,0.0,0.0,0.0,0.0,0.0,0.0,0.0,2.0,2.0,0.0,0.0,0.0,0.0,8.0,0.0,1.0,0.0,0.0,3.0,0.0,0.0,0.0,0.0,0.0,0.0,0.0,8.0,5.0,5.0,0.0,0.0,4.0,4.0,5.0,0.0,0.0,0.0,0.0,0.0,0.0,0.0,0.0,0.0,1.0,1.0,0.0,0.0,0.0,0.0,2.0,0.0,1.0,0.0,0.0,1.0,0.0,0.0,0.0,0.0,0.0,0.0,0.0,1.0,5.0,2.0,4547915266.0,6776085.0,白银市会宁县,白银市会宁县平头川镇,18.0,16.6,5.0,2.5,42.1,44.30357142857143,50.955128205128204,46.79183823529412
甘肃省,白银市,会宁县,丁家沟镇,105.0207138,35.5307354,0.0,0.0,0.0,2.0,7.0,0.0,0.0,0.0,0.0,0.0,0.0,0.0,0.0,0.0,0.0,0.0,0.0,0.0,0.0,0.0,10.0,1.0,1.0,0.0,1.0,2.0,0.0,0.0,0.0,2.0,0.0,0.0,0.0,1.0,3.0,5.0,0.0,0.0,0.0,2.0,3.0,0.0,0.0,0.0,0.0,0.0,0.0,0.0,0.0,0.0,0.0,0.0,0.0,0.0,0.0,0.0,4.0,1.0,1.0,0.0,0.0,1.0,0.0,0.0,0.0,2.0,0.0,0.0,0.0,1.0,3.0,4.0,7305721828.0,6776092.0,白银市会宁县,白银市会宁县丁家沟镇,17.0,5.8,0.0,2.9,25.7,44.30357142857143,50.955128205128204,46.79183823529412
甘肃省,白银市,会宁县,杨崖集镇,105.4345901,35.6159032,0.0,0.0,0.0,11.0,16.0,1.0,0.0,0.0,0.0,0.0,0.0,0.0,0.0,0.0,1.0,1.0,0.0,0.0,0.0,0.0,6.0,0.0,0.0,0.0,0.0,1.0,11.0,0.0,0.0,2.0,0.0,0.0,0.0,2.0,5.0,4.0,0.0,0.0,0.0,6.0,8.0,1.0,0.0,0.0,0.0,0.0,0.0,0.0,0.0,0.0,1.0,1.0,0.0,0.0,0.0,0.0,3.0,0.0,0.0,0.0,0.0,1.0,11.0,0.0,0.0,1.0,0.0,0.0,0.0,2.0,5.0,3.0,4295687341.0,6776088.0,白银市会宁县,白银市会宁县杨崖集镇,16.0,13.1,5.0,4.5,38.6,44.30357142857143,50.955128205128204,46.79183823529412
甘肃省,白银市,会宁县,翟家所镇,105.2585688,35.6886217,3.0,0.0,0.0,5.0,29.0,1.0,0.0,0.0,0.0,0.0,0.0,0.0,0.0,0.0,2.0,2.0,0.0,0.0,0.0,0.0,7.0,0.0,0.0,0.0,0.0,1.0,11.0,0.0,0.0,1.0,0.0,0.0,0.0,4.0,7.0,5.0,1.0,0.0,0.0,5.0,8.0,0.0,0.0,0.0,0.0,0.0,0.0,0.0,0.0,0.0,1.0,1.0,0.0,0.0,0.0,0.0,1.0,0.0,0.0,0.0,0.0,1.0,11.0,0.0,0.0,0.0,0.0,0.0,0.0,3.0,6.0,3.0,4547915268.0,6776071.0,白银市会宁县,白银市会宁县翟家所镇,16.0,21.700000000000003,5.0,4.800000000000001,47.5,44.30357142857143,50.955128205128204,46.79183823529412
甘肃省,白银市,会宁县,韩家集镇,105.1307843,35.8759155,0.0,0.0,1.0,6.0,11.0,0.0,0.0,1.0,0.0,0.0,0.0,0.0,0.0,0.0,2.0,2.0,0.0,0.0,0.0,0.0,1.0,1.0,0.0,0.0,0.0,5.0,0.0,0.0,0.0,1.0,0.0,0.0,0.0,1.0,5.0,2.0,0.0,0.0,1.0,2.0,7.0,0.0,0.0,1.0,0.0,0.0,0.0,0.0,0.0,0.0,0.0,0.0,0.0,0.0,0.0,0.0,1.0,1.0,0.0,0.0,0.0,1.0,0.0,0.0,0.0,1.0,0.0,0.0,0.0,1.0,5.0,2.0,4544625452.0,6776069.0,白银市会宁县,白银市会宁县韩家集镇,20.0,16.8,0.0,1.2,38.0,44.30357142857143,50.955128205128204,46.79183823529412
甘肃省,白银市,会宁县,土门岘镇,105.2401207,36.1579606,0.0,0.0,6.0,4.0,20.0,0.0,0.0,0.0,0.0,0.0,0.0,0.0,0.0,0.0,1.0,1.0,0.0,0.0,0.0,0.0,9.0,0.0,3.0,0.0,0.0,5.0,21.0,0.0,0.0,2.0,0.0,0.0,0.0,1.0,4.0,4.0,0.0,0.0,3.0,1.0,8.0,0.0,0.0,0.0,0.0,0.0,0.0,0.0,0.0,0.0,0.0,0.0,0.0,0.0,0.0,0.0,1.0,0.0,2.0,0.0,0.0,1.0,15.0,0.0,0.0,1.0,0.0,0.0,0.0,1.0,4.0,4.0,4547915264.0,6776065.0,白银市会宁县,白银市会宁县土门岘镇,20.0,17.4,0.0,5.9,43.3,44.30357142857143,50.955128205128204,46.79183823529412
甘肃省,白银市,会宁县,新塬镇,105.3629668,36.1628264,0.0,0.0,3.0,1.0,9.0,0.0,0.0,0.0,0.0,0.0,1.0,1.0,0.0,0.0,3.0,4.0,0.0,0.0,0.0,0.0,9.0,1.0,0.0,0.0,0.0,6.0,1.0,0.0,0.0,3.0,0.0,0.0,0.0,2.0,4.0,3.0,0.0,0.0,2.0,1.0,3.0,0.0,0.0,0.0,0.0,0.0,1.0,1.0,0.0,0.0,3.0,4.0,0.0,0.0,0.0,0.0,5.0,1.0,0.0,0.0,0.0,1.0,1.0,0.0,0.0,1.0,0.0,0.0,0.0,1.0,4.0,3.0,4545044288.0,6776083.0,白银市会宁县,白银市会宁县新塬镇,20.0,12.7,10.0,2.1,44.800000000000004,44.30357142857143,50.955128205128204,46.79183823529412
甘肃省,白银市,会宁县,草滩镇,105.1733191,36.2487884,0.0,0.0,4.0,1.0,11.0,0.0,0.0,0.0,0.0,0.0,0.0,0.0,0.0,0.0,0.0,0.0,0.0,0.0,0.0,0.0,11.0,1.0,0.0,0.0,0.0,4.0,4.0,0.0,0.0,1.0,0.0,0.0,0.0,2.0,5.0,2.0,0.0,0.0,2.0,0.0,5.0,0.0,0.0,0.0,0.0,0.0,0.0,0.0,0.0,0.0,0.0,0.0,0.0,0.0,0.0,0.0,3.0,1.0,0.0,0.0,0.0,2.0,4.0,0.0,0.0,1.0,0.0,0.0,0.0,1.0,4.0,2.0,4542974713.0,6776081.0,白银市会宁县,白银市会宁县草滩镇,19.0,12.2,0.0,2.0,33.2,44.30357142857143,50.955128205128204,46.79183823529412
甘肃省,白银市,会宁县,新庄镇,104.750302,36.2052929,0.0,0.0,0.0,1.0,66.0,0.0,0.0,2.0,0.0,0.0,0.0,0.0,0.0,0.0,1.0,1.0,0.0,0.0,0.0,0.0,7.0,0.0,0.0,0.0,0.0,5.0,4.0,0.0,0.0,0.0,0.0,0.0,0.0,1.0,5.0,2.0,0.0,0.0,0.0,1.0,12.0,0.0,0.0,0.0,0.0,0.0,0.0,0.0,0.0,0.0,1.0,1.0,0.0,0.0,0.0,0.0,1.0,0.0,0.0,0.0,0.0,1.0,4.0,0.0,0.0,0.0,0.0,0.0,0.0,1.0,3.0,2.0,4547915270.0,6776078.0,白银市会宁县,白银市会宁县新庄镇,20.0,20.3,5.0,1.8,47.099999999999994,44.30357142857143,50.955128205128204,46.79183823529412
甘肃省,白银市,会宁县,新添堡回族乡,105.1365122,35.5890717,5.0,0.0,0.0,0.0,13.0,0.0,0.0,0.0,0.0,0.0,0.0,0.0,0.0,0.0,2.0,2.0,0.0,0.0,0.0,0.0,5.0,1.0,0.0,0.0,0.0,2.0,7.0,0.0,0.0,0.0,0.0,0.0,0.0,2.0,3.0,5.0,3.0,0.0,0.0,0.0,4.0,0.0,0.0,0.0,0.0,0.0,0.0,0.0,0.0,0.0,1.0,1.0,0.0,0.0,0.0,0.0,3.0,1.0,0.0,0.0,0.0,1.0,1.0,0.0,0.0,0.0,0.0,0.0,0.0,2.0,3.0,3.0,4535473070.0,6776072.0,白银市会宁县,白银市会宁县新添堡回族乡,17.0,10.3,5.0,3.3,35.599999999999994,44.30357142857143,50.955128205128204,46.79183823529412
甘肃省,白银市,会宁县,党家岘乡,105.3023532,35.5310923,0.0,0.0,3.0,3.0,0.0,0.0,0.0,0.0,0.0,0.0,0.0,0.0,0.0,0.0,0.0,0.0,0.0,0.0,0.0,0.0,1.0,0.0,0.0,0.0,0.0,1.0,0.0,0.0,0.0,1.0,0.0,0.0,0.0,2.0,2.0,3.0,0.0,0.0,2.0,2.0,0.0,0.0,0.0,0.0,0.0,0.0,0.0,0.0,0.0,0.0,0.0,0.0,0.0,0.0,0.0,0.0,1.0,0.0,0.0,0.0,0.0,1.0,0.0,0.0,0.0,1.0,0.0,0.0,0.0,1.0,2.0,3.0,4295687340.0,6776089.0,白银市会宁县,白银市会宁县党家岘乡,16.0,9.0,0.0,1.7,26.7,44.30357142857143,50.955128205128204,46.79183823529412
甘肃省,白银市,会宁县,八里湾乡,105.2278586,35.7855924,0.0,0.0,1.0,7.0,8.0,3.0,0.0,0.0,0.0,0.0,0.0,1.0,0.0,0.0,2.0,3.0,0.0,0.0,0.0,0.0,10.0,0.0,0.0,0.0,0.0,2.0,9.0,0.0,0.0,0.0,0.0,0.0,0.0,1.0,5.0,1.0,0.0,0.0,1.0,4.0,6.0,3.0,0.0,0.0,0.0,0.0,0.0,1.0,0.0,0.0,2.0,3.0,0.0,0.0,0.0,0.0,1.0,0.0,0.0,0.0,0.0,1.0,9.0,0.0,0.0,0.0,0.0,0.0,0.0,1.0,4.0,1.0,4547158616.0,6776070.0,白银市会宁县,白银市会宁县八里湾乡,17.0,15.9,10.0,2.3,45.199999999999996,44.30357142857143,50.955128205128204,46.79183823529412
甘肃省,白银市,会宁县,土高山乡,105.1717915,36.345704,0.0,0.0,0.0,4.0,13.0,0.0,0.0,0.0,0.0,0.0,0.0,0.0,0.0,0.0,2.0,2.0,0.0,0.0,0.0,0.0,7.0,1.0,0.0,0.0,0.0,4.0,6.0,0.0,0.0,2.0,0.0,0.0,0.0,3.0,3.0,3.0,0.0,0.0,0.0,1.0,8.0,0.0,0.0,0.0,0.0,0.0,0.0,0.0,0.0,0.0,2.0,2.0,0.0,0.0,0.0,0.0,2.0,1.0,0.0,0.0,0.0,1.0,6.0,0.0,0.0,0.0,0.0,0.0,0.0,1.0,3.0,3.0,4547915265.0,6776080.0,白银市会宁县,白银市会宁县土高山乡,19.0,10.5,5.0,2.9000000000000004,37.4,44.30357142857143,50.955128205128204,46.79183823529412
甘肃省,白银市,景泰县,一条山镇,104.0694949,37.1980656,1.0,9.0,8.0,42.0,50.0,12.0,0.0,8.0,40.0,1.0,3.0,2.0,1.0,1.0,5.0,6.0,1.0,0.0,1.0,0.0,11.0,0.0,4.0,1.0,0.0,4.0,225.0,0.0,0.0,16.0,1.0,6.0,1.0,5.0,11.0,14.0,1.0,1.0,4.0,17.0,10.0,2.0,0.0,2.0,10.0,0.0,0.0,1.0,1.0,1.0,1.0,2.0,0.0,0.0,1.0,0.0,2.0,0.0,0.0,1.0,0.0,2.0,57.0,0.0,0.0,1.0,0.0,3.0,0.0,1.0,8.0,6.0,8101580407.0,-1.0,白银市景泰县,白银市景泰县一条山镇,11.0,30.0,17.0,20.0,78.0,38.300000000000004,50.955128205128204,46.79183823529412
甘肃省,白银市,景泰县,芦阳镇,104.1540578,37.1399563,0.0,0.0,0.0,6.0,27.0,0.0,0.0,0.0,0.0,0.0,0.0,0.0,0.0,0.0,2.0,2.0,0.0,0.0,0.0,0.0,5.0,0.0,1.0,0.0,0.0,4.0,5.0,0.0,0.0,1.0,0.0,0.0,1.0,2.0,3.0,7.0,0.0,0.0,0.0,5.0,15.0,0.0,0.0,0.0,0.0,0.0,0.0,0.0,0.0,0.0,2.0,2.0,0.0,0.0,0.0,0.0,2.0,0.0,0.0,0.0,0.0,2.0,2.0,0.0,0.0,1.0,0.0,0.0,0.0,1.0,3.0,3.0,4612149993.0,-1.0,白银市景泰县,白银市景泰县芦阳镇,11.0,16.4,5.0,4.4,36.8,38.300000000000004,50.955128205128204,46.79183823529412
甘肃省,白银市,景泰县,上沙沃镇,104.0332074,37.4128051,0.0,5.0,4.0,2.0,6.0,0.0,0.0,0.0,0.0,0.0,0.0,0.0,0.0,0.0,0.0,0.0,0.0,0.0,0.0,0.0,3.0,0.0,1.0,0.0,0.0,1.0,0.0,0.0,0.0,1.0,0.0,0.0,0.0,1.0,4.0,4.0,0.0,3.0,1.0,1.0,0.0,0.0,0.0,0.0,0.0,0.0,0.0,0.0,0.0,0.0,0.0,0.0,0.0,0.0,0.0,0.0,1.0,0.0,0.0,0.0,0.0,1.0,0.0,0.0,0.0,0.0,0.0,0.0,0.0,1.0,3.0,2.0,5999956127.0,-1.0,白银市景泰县,白银市景泰县上沙沃镇,8.0,10.2,0.0,2.1,20.3,38.300000000000004,50.955128205128204,46.79183823529412
甘肃省,白银市,景泰县,喜泉镇,104.0263708,37.0788122,1.0,0.0,1.0,1.0,11.0,3.0,0.0,0.0,0.0,0.0,2.0,0.0,0.0,0.0,0.0,0.0,0.0,0.0,0.0,0.0,1.0,0.0,2.0,0.0,0.0,2.0,3.0,0.0,0.0,1.0,0.0,0.0,0.0,2.0,9.0,4.0,1.0,0.0,0.0,0.0,9.0,0.0,0.0,0.0,0.0,0.0,1.0,0.0,0.0,0.0,0.0,0.0,0.0,0.0,0.0,0.0,1.0,0.0,2.0,0.0,0.0,1.0,2.0,0.0,0.0,1.0,0.0,0.0,0.0,1.0,4.0,2.0,4612150016.0,-1.0,白银市景泰县,白银市景泰县喜泉镇,9.0,16.9,0.0,2.7,28.599999999999998,38.300000000000004,50.955128205128204,46.79183823529412
甘肃省,白银市,景泰县,草窝滩镇,104.1013438,37.2691107,3.0,0.0,0.0,4.0,64.0,0.0,0.0,1.0,0.0,0.0,0.0,0.0,0.0,0.0,4.0,4.0,0.0,0.0,0.0,0.0,16.0,0.0,4.0,0.0,0.0,8.0,6.0,0.0,0.0,2.0,0.0,0.0,0.0,1.0,6.0,7.0,3.0,0.0,0.0,1.0,15.0,0.0,0.0,0.0,0.0,0.0,0.0,0.0,0.0,0.0,3.0,3.0,0.0,0.0,0.0,0.0,3.0,0.0,2.0,0.0,0.0,1.0,1.0,0.0,0.0,2.0,0.0,0.0,0.0,1.0,5.0,4.0,4612150072.0,-1.0,白银市景泰县,白银市景泰县草窝滩镇,12.0,23.0,5.0,4.6,44.6,38.300000000000004,50.955128205128204,46.79183823529412
甘肃省,白银市,景泰县,红水镇,103.828101,37.5406119,0.0,0.0,1.0,5.0,23.0,0.0,0.0,0.0,0.0,0.0,0.0,0.0,0.0,0.0,0.0,0.0,0.0,0.0,0.0,0.0,9.0,0.0,4.0,0.0,0.0,1.0,5.0,0.0,0.0,1.0,0.0,0.0,0.0,1.0,4.0,9.0,0.0,0.0,1.0,1.0,13.0,0.0,0.0,0.0,0.0,0.0,0.0,0.0,0.0,0.0,0.0,0.0,0.0,0.0,0.0,0.0,2.0,0.0,2.0,0.0,0.0,1.0,5.0,0.0,0.0,1.0,0.0,0.0,0.0,1.0,4.0,4.0,6000715028.0,-1.0,白银市景泰县,白银市景泰县红水镇,8.0,20.5,0.0,5.2,33.7,38.300000000000004,50.955128205128204,46.79183823529412
甘肃省,白银市,景泰县,中泉镇,104.322316,36.895357,0.0,5.0,0.0,8.0,24.0,33.0,0.0,6.0,0.0,3.0,0.0,0.0,0.0,0.0,1.0,1.0,0.0,0.0,0.0,1.0,4.0,0.0,0.0,0.0,0.0,4.0,35.0,0.0,0.0,7.0,0.0,0.0,5.0,3.0,10.0,9.0,0.0,0.0,0.0,4.0,11.0,14.0,0.0,2.0,0.0,0.0,0.0,0.0,0.0,0.0,0.0,0.0,0.0,0.0,0.0,0.0,1.0,0.0,0.0,0.0,0.0,1.0,9.0,0.0,0.0,3.0,0.0,0.0,2.0,3.0,8.0,8.0,-1.0,-1.0,白银市景泰县,白银市景泰县中泉镇,4.0,24.1,0.0,9.4,37.5,38.300000000000004,50.955128205128204,46.79183823529412
甘肃省,白银市,景泰县,正路镇,103.6937809,36.8947935,0.0,0.0,1.0,0.0,16.0,0.0,0.0,0.0,0.0,0.0,0.0,0.0,0.0,0.0,0.0,0.0,0.0,0.0,0.0,0.0,4.0,0.0,0.0,0.0,0.0,1.0,0.0,0.0,0.0,0.0,0.0,0.0,0.0,2.0,5.0,4.0,0.0,0.0,1.0,0.0,16.0,0.0,0.0,0.0,0.0,0.0,0.0,0.0,0.0,0.0,0.0,0.0,0.0,0.0,0.0,0.0,4.0,0.0,0.0,0.0,0.0,1.0,0.0,0.0,0.0,0.0,0.0,0.0,0.0,2.0,5.0,3.0,6000715029.0,-1.0,白银市景泰县,白银市景泰县正路镇,8.0,15.5,0.0,2.0,25.5,38.300000000000004,50.955128205128204,46.79183823529412
甘肃省,白银市,景泰县,寺滩乡,103.8731135,37.2337227,1.0,0.0,2.0,3.0,49.0,0.0,0.0,0.0,0.0,0.0,0.0,0.0,0.0,0.0,0.0,0.0,0.0,0.0,0.0,0.0,4.0,0.0,0.0,0.0,0.0,3.0,8.0,0.0,0.0,1.0,0.0,0.0,0.0,2.0,9.0,3.0,0.0,0.0,1.0,1.0,27.0,0.0,0.0,0.0,0.0,0.0,0.0,0.0,0.0,0.0,0.0,0.0,0.0,0.0,0.0,0.0,2.0,0.0,0.0,0.0,0.0,1.0,0.0,0.0,0.0,0.0,0.0,0.0,0.0,2.0,5.0,2.0,4612149994.0,-1.0,白银市景泰县,白银市景泰县寺滩乡,10.0,24.0,0.0,2.4,36.4,38.300000000000004,50.955128205128204,46.79183823529412
甘肃省,白银市,景泰县,五佛乡,104.3312764,37.1981973,0.0,3.0,0.0,3.0,42.0,0.0,0.0,0.0,0.0,0.0,0.0,0.0,1.0,1.0,4.0,4.0,0.0,0.0,0.0,0.0,7.0,0.0,0.0,0.0,0.0,18.0,0.0,0.0,0.0,1.0,0.0,0.0,0.0,4.0,4.0,5.0,0.0,0.0,0.0,3.0,24.0,0.0,0.0,0.0,0.0,0.0,0.0,0.0,1.0,1.0,2.0,2.0,0.0,0.0,0.0,0.0,3.0,0.0,0.0,0.0,0.0,11.0,0.0,0.0,0.0,0.0,0.0,0.0,0.0,1.0,3.0,2.0,6000815836.0,-1.0,白银市景泰县,白银市景泰县五佛乡,12.0,22.0,10.0,2.6,46.6,38.300000000000004,50.955128205128204,46.79183823529412
甘肃省,白银市,景泰县,漫水滩乡,104.0079179,37.4991667,0.0,0.0,3.0,3.0,50.0,0.0,0.0,0.0,0.0,0.0,0.0,0.0,0.0,0.0,0.0,0.0,0.0,0.0,0.0,0.0,12.0,0.0,0.0,0.0,0.0,1.0,9.0,0.0,0.0,4.0,0.0,1.0,0.0,11.0,4.0,4.0,0.0,0.0,1.0,1.0,24.0,0.0,0.0,0.0,0.0,0.0,0.0,0.0,0.0,0.0,0.0,0.0,0.0,0.0,0.0,0.0,1.0,0.0,0.0,0.0,0.0,1.0,0.0,0.0,0.0,0.0,0.0,1.0,0.0,1.0,4.0,4.0,6000843655.0,-1.0,白银市景泰县,白银市景泰县漫水滩乡,8.0,22.0,0.0,3.3,33.3,38.300000000000004,50.955128205128204,46.79183823529412
甘肃省,天水市,秦州区,大城街道,105.7232006,34.5816133,58.0,45.0,134.0,40.0,300.0,235.0,17.0,212.0,229.0,18.0,7.0,12.0,11.0,16.0,18.0,23.0,4.0,1.0,27.0,99.0,30.0,4.0,4.0,1.0,6.0,20.0,1959.0,10.0,10.0,11.0,42.0,49.0,59.0,14.0,24.0,20.0,26.0,9.0,56.0,6.0,72.0,74.0,0.0,65.0,51.0,7.0,1.0,6.0,5.0,8.0,11.0,12.0,1.0,1.0,20.0,55.0,4.0,1.0,0.0,1.0,2.0,4.0,646.0,10.0,4.0,3.0,28.0,11.0,30.0,8.0,17.0,10.0,6052931320.0,8911217.0,天水市秦州区,天水市秦州区大城街道,20.0,30.0,30.0,20.0,100.0,66.2695652173913,51.56991869918699,46.79183823529412
甘肃省,天水市,秦州区,七里墩街道,105.7557353,34.5753948,23.0,61.0,80.0,41.0,256.0,114.0,27.0,165.0,128.0,8.0,5.0,7.0,5.0,9.0,12.0,17.0,3.0,0.0,20.0,48.0,36.0,3.0,6.0,0.0,18.0,17.0,1219.0,0.0,5.0,10.0,27.0,32.0,26.0,10.0,25.0,17.0,0.0,27.0,21.0,7.0,49.0,25.0,8.0,62.0,33.0,2.0,1.0,1.0,1.0,1.0,2.0,3.0,0.0,0.0,3.0,4.0,9.0,1.0,2.0,0.0,8.0,3.0,305.0,0.0,0.0,3.0,5.0,13.0,5.0,3.0,18.0,12.0,4100962888.0,8911219.0,天水市秦州区,天水市秦州区七里墩街道,20.0,30.0,21.0,20.0,91.0,66.2695652173913,51.56991869918699,46.79183823529412
甘肃省,天水市,秦州区,东关街道,105.7281188,34.5813003,53.0,55.0,132.0,40.0,302.0,232.0,18.0,231.0,220.0,18.0,6.0,12.0,12.0,17.0,18.0,22.0,4.0,1.0,27.0,98.0,32.0,4.0,4.0,1.0,11.0,24.0,1992.0,10.0,10.0,11.0,43.0,43.0,58.0,13.0,25.0,19.0,14.0,21.0,70.0,7.0,75.0,55.0,0.0,58.0,58.0,8.0,3.0,3.0,4.0,9.0,10.0,11.0,1.0,0.0,21.0,54.0,6.0,1.0,0.0,1.0,2.0,3.0,605.0,10.0,4.0,2.0,25.0,13.0,28.0,8.0,17.0,10.0,6052931321.0,8911218.0,天水市秦州区,天水市秦州区东关街道,20.0,30.0,28.0,20.0,98.0,66.2695652173913,51.56991869918699,46.79183823529412
甘肃省,天水市,秦州区,中城街道,105.7169498,34.5840693,70.0,48.0,135.0,36.0,297.0,237.0,16.0,209.0,223.0,17.0,7.0,11.0,14.0,19.0,18.0,23.0,4.0,1.0,27.0,99.0,28.0,3.0,4.0,1.0,3.0,16.0,1915.0,10.0,10.0,11.0,43.0,49.0,58.0,14.0,24.0,19.0,30.0,7.0,40.0,5.0,72.0,82.0,0.0,57.0,44.0,9.0,1.0,5.0,4.0,5.0,7.0,8.0,0.0,1.0,11.0,50.0,3.0,1.0,0.0,1.0,1.0,5.0,534.0,10.0,2.0,3.0,19.0,9.0,29.0,7.0,17.0,13.0,6052931325.0,8911223.0,天水市秦州区,天水市秦州区中城街道,20.0,30.0,25.0,20.0,95.0,66.2695652173913,51.56991869918699,46.79183823529412
甘肃省,天水市,秦州区,西关街道,105.7083731,34.5802008,82.0,38.0,135.0,17.0,295.0,258.0,2.0,176.0,224.0,15.0,8.0,10.0,12.0,17.0,18.0,26.0,4.0,1.0,28.0,82.0,24.0,3.0,4.0,2.0,2.0,16.0,1975.0,11.0,8.0,11.0,41.0,44.0,53.0,15.0,25.0,20.0,6.0,3.0,37.0,5.0,56.0,73.0,0.0,50.0,72.0,6.0,0.0,4.0,4.0,5.0,4.0,5.0,1.0,1.0,3.0,25.0,3.0,1.0,2.0,1.0,0.0,5.0,500.0,10.0,1.0,4.0,12.0,11.0,18.0,7.0,16.0,12.0,6052931324.0,8911222.0,天水市秦州区,天水市秦州区西关街道,20.0,30.0,30.0,20.0,100.0,66.2695652173913,51.56991869918699,46.79183823529412
甘肃省,天水市,秦州区,石马坪街道,105.7151181,34.5700589,70.0,39.0,133.0,31.0,278.0,248.0,2.0,201.0,223.0,15.0,8.0,12.0,14.0,19.0,18.0,25.0,5.0,1.0,28.0,98.0,22.0,3.0,4.0,1.0,2.0,15.0,1995.0,10.0,10.0,11.0,44.0,48.0,56.0,12.0,25.0,22.0,0.0,10.0,30.0,4.0,54.0,48.0,0.0,31.0,68.0,2.0,0.0,1.0,3.0,3.0,2.0,4.0,0.0,0.0,4.0,13.0,3.0,0.0,3.0,1.0,0.0,1.0,379.0,0.0,5.0,2.0,5.0,11.0,7.0,6.0,15.0,11.0,6052931322.0,8911220.0,天水市秦州区,天水市秦州区石马坪街道,20.0,30.0,23.0,20.0,93.0,66.2695652173913,51.56991869918699,46.79183823529412
甘肃省,天水市,秦州区,天水郡街道,105.6848397,34.5647584,51.0,17.0,47.0,16.0,247.0,210.0,2.0,137.0,183.0,3.0,6.0,3.0,8.0,8.0,8.0,22.0,4.0,0.0,5.0,21.0,42.0,2.0,12.0,3.0,2.0,15.0,1408.0,1.0,1.0,7.0,10.0,35.0,15.0,12.0,27.0,22.0,24.0,2.0,7.0,0.0,40.0,45.0,0.0,14.0,21.0,0.0,1.0,1.0,0.0,0.0,0.0,3.0,2.0,0.0,1.0,1.0,10.0,0.0,0.0,1.0,0.0,3.0,276.0,1.0,1.0,1.0,1.0,6.0,2.0,6.0,17.0,9.0,6052931323.0,8911221.0,天水市秦州区,天水市秦州区天水郡街道,20.0,30.0,13.0,20.0,83.0,66.2695652173913,51.56991869918699,46.79183823529412
甘肃省,天水市,秦州区,玉泉镇,105.7057736,34.577642,76.0,39.0,136.0,20.0,294.0,268.0,1.0,185.0,227.0,14.0,8.0,9.0,12.0,17.0,19.0,27.0,5.0,1.0,26.0,81.0,29.0,3.0,6.0,2.0,2.0,16.0,1974.0,11.0,8.0,11.0,40.0,46.0,52.0,15.0,24.0,20.0,4.0,4.0,28.0,6.0,59.0,74.0,0.0,43.0,81.0,3.0,0.0,2.0,4.0,4.0,5.0,7.0,1.0,0.0,0.0,9.0,4.0,2.0,2.0,1.0,0.0,4.0,552.0,0.0,0.0,3.0,9.0,11.0,12.0,7.0,16.0,13.0,6052724531.0,6790258.0,天水市秦州区,天水市秦州区玉泉镇,20.0,30.0,26.0,20.0,96.0,66.2695652173913,51.56991869918699,46.79183823529412
甘肃省,天水市,秦州区,太京镇,105.5495307,34.5645092,10.0,0.0,0.0,12.0,104.0,6.0,0.0,3.0,37.0,0.0,0.0,1.0,0.0,0.0,0.0,1.0,0.0,0.0,0.0,0.0,30.0,0.0,4.0,0.0,4.0,5.0,52.0,0.0,0.0,1.0,0.0,2.0,0.0,4.0,12.0,12.0,8.0,0.0,0.0,5.0,42.0,4.0,0.0,2.0,12.0,0.0,0.0,1.0,0.0,0.0,0.0,1.0,0.0,0.0,0.0,0.0,8.0,0.0,0.0,0.0,0.0,1.0,47.0,0.0,0.0,1.0,0.0,1.0,0.0,3.0,10.0,9.0,4100962887.0,6790256.0,天水市秦州区,天水市秦州区太京镇,20.0,26.0,5.0,14.100000000000001,65.1,66.2695652173913,51.56991869918699,46.79183823529412
甘肃省,天水市,秦州区,藉口镇,105.4866806,34.5586196,24.0,0.0,3.0,11.0,64.0,31.0,0.0,1.0,13.0,0.0,0.0,0.0,0.0,0.0,1.0,1.0,0.0,0.0,0.0,0.0,23.0,0.0,2.0,0.0,3.0,5.0,67.0,1.0,0.0,2.0,0.0,0.0,0.0,4.0,13.0,9.0,14.0,0.0,1.0,6.0,27.0,29.0,0.0,0.0,4.0,0.0,0.0,0.0,0.0,0.0,1.0,1.0,0.0,0.0,0.0,0.0,3.0,0.0,0.0,0.0,1.0,2.0,49.0,0.0,0.0,1.0,0.0,0.0,0.0,3.0,12.0,7.0,-2.0,6790255.0,天水市秦州区,天水市秦州区藉口镇,13.0,26.0,5.0,15.9,59.9,66.2695652173913,51.56991869918699,46.79183823529412
甘肃省,天水市,秦州区,皂郊镇,105.7066993,34.4733114,11.0,0.0,5.0,0.0,65.0,18.0,0.0,0.0,16.0,0.0,1.0,0.0,0.0,0.0,0.0,1.0,0.0,0.0,0.0,0.0,19.0,0.0,4.0,0.0,0.0,8.0,69.0,0.0,0.0,0.0,0.0,0.0,0.0,6.0,10.0,8.0,8.0,0.0,5.0,0.0,16.0,10.0,0.0,0.0,7.0,0.0,1.0,0.0,0.0,0.0,0.0,1.0,0.0,0.0,0.0,0.0,3.0,0.0,0.0,0.0,0.0,2.0,23.0,0.0,0.0,0.0,0.0,0.0,0.0,6.0,10.0,5.0,4100965410.0,6790259.0,天水市秦州区,天水市秦州区皂郊镇,20.0,28.0,0.0,13.200000000000001,61.2,66.2695652173913,51.56991869918699,46.79183823529412
甘肃省,天水市,秦州区,汪川镇,105.5793825,34.2247917,0.0,3.0,0.0,13.0,40.0,2.0,0.0,0.0,0.0,0.0,0.0,0.0,0.0,0.0,0.0,0.0,0.0,0.0,0.0,0.0,19.0,0.0,0.0,0.0,0.0,6.0,2.0,0.0,0.0,1.0,0.0,0.0,0.0,5.0,5.0,8.0,0.0,1.0,0.0,8.0,7.0,0.0,0.0,0.0,0.0,0.0,0.0,0.0,0.0,0.0,0.0,0.0,0.0,0.0,0.0,0.0,5.0,0.0,0.0,0.0,0.0,2.0,1.0,0.0,0.0,1.0,0.0,0.0,0.0,1.0,4.0,4.0,4284755228.0,6790264.0,天水市秦州区,天水市秦州区汪川镇,20.0,22.5,0.0,4.5,47.0,66.2695652173913,51.56991869918699,46.79183823529412
甘肃省,天水市,秦州区,牡丹镇,105.4981062,34.4405753,0.0,0.0,4.0,10.0,16.0,0.0,0.0,0.0,0.0,0.0,0.0,0.0,0.0,0.0,1.0,1.0,0.0,0.0,0.0,0.0,13.0,0.0,0.0,0.0,0.0,5.0,0.0,0.0,0.0,0.0,0.0,0.0,0.0,3.0,5.0,4.0,0.0,0.0,0.0,6.0,4.0,0.0,0.0,0.0,0.0,0.0,0.0,0.0,0.0,0.0,1.0,1.0,0.0,0.0,0.0,0.0,3.0,0.0,0.0,0.0,0.0,1.0,0.0,0.0,0.0,0.0,0.0,0.0,0.0,2.0,3.0,2.0,4552457563.0,6790267.0,天水市秦州区,天水市秦州区牡丹镇,20.0,16.9,5.0,2.0,43.9,66.2695652173913,51.56991869918699,46.79183823529412
甘肃省,天水市,秦州区,关子镇,105.3746738,34.6305825,38.0,0.0,5.0,17.0,62.0,6.0,0.0,5.0,0.0,0.0,1.0,0.0,0.0,0.0,1.0,2.0,0.0,0.0,0.0,0.0,21.0,0.0,1.0,0.0,0.0,8.0,56.0,0.0,0.0,2.0,0.0,0.0,1.0,5.0,15.0,10.0,21.0,0.0,4.0,6.0,24.0,0.0,0.0,0.0,0.0,0.0,1.0,0.0,0.0,0.0,1.0,2.0,0.0,0.0,0.0,0.0,3.0,0.0,0.0,0.0,0.0,2.0,29.0,0.0,0.0,0.0,0.0,0.0,0.0,3.0,9.0,4.0,4102457699.0,6790270.0,天水市秦州区,天水市秦州区关子镇,20.0,26.0,5.0,12.700000000000001,63.7,66.2695652173913,51.56991869918699,46.79183823529412
甘肃省,天水市,秦州区,平南镇,105.6786962,34.3529748,5.0,0.0,2.0,6.0,59.0,15.0,0.0,0.0,0.0,0.0,0.0,0.0,0.0,0.0,1.0,1.0,0.0,0.0,0.0,0.0,25.0,0.0,0.0,1.0,0.0,15.0,16.0,0.0,0.0,2.0,0.0,2.0,0.0,7.0,8.0,13.0,2.0,0.0,1.0,3.0,17.0,0.0,0.0,0.0,0.0,0.0,0.0,0.0,0.0,0.0,1.0,1.0,0.0,0.0,0.0,0.0,5.0,0.0,0.0,1.0,0.0,1.0,9.0,0.0,0.0,1.0,0.0,1.0,0.0,3.0,5.0,5.0,3648241088.0,6790260.0,天水市秦州区,天水市秦州区平南镇,20.0,24.0,5.0,6.800000000000001,55.8,66.2695652173913,51.56991869918699,46.79183823529412
甘肃省,天水市,秦州区,天水镇,105.5988369,34.3094588,5.0,0.0,0.0,23.0,67.0,63.0,0.0,0.0,0.0,0.0,1.0,0.0,0.0,0.0,0.0,0.0,0.0,0.0,0.0,0.0,23.0,0.0,0.0,1.0,0.0,8.0,3.0,0.0,0.0,2.0,0.0,0.0,0.0,5.0,11.0,6.0,1.0,0.0,0.0,13.0,27.0,41.0,0.0,0.0,0.0,0.0,1.0,0.0,0.0,0.0,0.0,0.0,0.0,0.0,0.0,0.0,5.0,0.0,0.0,1.0,0.0,1.0,3.0,0.0,0.0,0.0,0.0,0.0,0.0,5.0,9.0,5.0,3648241077.0,6790265.0,天水市秦州区,天水市秦州区天水镇,20.0,26.0,0.0,3.8,49.8,66.2695652173913,51.56991869918699,46.79183823529412
甘肃省,天水市,秦州区,娘娘坝镇,105.8218575,34.3062221,4.0,5.0,0.0,7.0,11.0,0.0,0.0,0.0,0.0,0.0,0.0,0.0,0.0,0.0,0.0,0.0,0.0,0.0,0.0,0.0,9.0,0.0,0.0,0.0,0.0,5.0,4.0,0.0,0.0,0.0,0.0,0.0,0.0,2.0,5.0,3.0,1.0,0.0,0.0,1.0,5.0,0.0,0.0,0.0,0.0,0.0,0.0,0.0,0.0,0.0,0.0,0.0,0.0,0.0,0.0,0.0,1.0,0.0,0.0,0.0,0.0,1.0,4.0,0.0,0.0,0.0,0.0,0.0,0.0,1.0,3.0,2.0,4552457561.0,6790262.0,天水市秦州区,天水市秦州区娘娘坝镇,20.0,16.2,0.0,2.3,38.5,66.2695652173913,51.56991869918699,46.79183823529412
甘肃省,天水市,秦州区,中梁镇,105.6447822,34.6042883,0.0,0.0,1.0,6.0,89.0,4.0,0.0,0.0,13.0,0.0,0.0,1.0,0.0,0.0,1.0,1.0,0.0,0.0,0.0,0.0,17.0,0.0,0.0,0.0,3.0,6.0,72.0,0.0,0.0,2.0,0.0,0.0,0.0,4.0,8.0,8.0,0.0,0.0,1.0,1.0,22.0,4.0,0.0,0.0,3.0,0.0,0.0,1.0,0.0,0.0,1.0,1.0,0.0,0.0,0.0,0.0,3.0,0.0,0.0,0.0,1.0,1.0,15.0,0.0,0.0,2.0,0.0,0.0,0.0,1.0,7.0,6.0,4513463768.0,6790257.0,天水市秦州区,天水市秦州区中梁镇,20.0,26.0,10.0,13.1,69.1,66.2695652173913,51.56991869918699,46.79183823529412
甘肃省,天水市,秦州区,杨家寺镇,105.3559346,34.4498371,0.0,0.0,0.0,7.0,33.0,6.0,0.0,0.0,0.0,0.0,0.0,0.0,0.0,0.0,0.0,0.0,0.0,0.0,0.0,0.0,16.0,0.0,0.0,0.0,0.0,3.0,3.0,0.0,0.0,3.0,0.0,1.0,0.0,5.0,4.0,7.0,0.0,0.0,0.0,6.0,12.0,3.0,0.0,0.0,0.0,0.0,0.0,0.0,0.0,0.0,0.0,0.0,0.0,0.0,0.0,0.0,6.0,0.0,0.0,0.0,0.0,1.0,3.0,0.0,0.0,1.0,0.0,0.0,0.0,1.0,4.0,4.0,2135370882.0,6790269.0,天水市秦州区,天水市秦州区杨家寺镇,18.0,17.2,0.0,4.5,39.7,66.2695652173913,51.56991869918699,46.79183823529412
甘肃省,天水市,秦州区,齐寿镇,105.7550684,34.3567419,3.0,0.0,2.0,2.0,41.0,2.0,0.0,0.0,0.0,0.0,0.0,0.0,0.0,0.0,2.0,2.0,0.0,0.0,0.0,0.0,13.0,0.0,0.0,0.0,0.0,12.0,24.0,0.0,0.0,3.0,0.0,0.0,0.0,3.0,7.0,5.0,0.0,0.0,1.0,0.0,3.0,0.0,0.0,0.0,0.0,0.0,0.0,0.0,0.0,0.0,1.0,1.0,0.0,0.0,0.0,0.0,1.0,0.0,0.0,0.0,0.0,1.0,4.0,0.0,0.0,0.0,0.0,0.0,0.0,1.0,2.0,2.0,4552457560.0,6790261.0,天水市秦州区,天水市秦州区齐寿镇,20.0,19.6,5.0,5.6,50.2,66.2695652173913,51.56991869918699,46.79183823529412
甘肃省,天水市,秦州区,大门镇,105.6832344,34.2349545,0.0,4.0,0.0,14.0,39.0,0.0,0.0,1.0,0.0,0.0,0.0,0.0,0.0,0.0,0.0,0.0,0.0,0.0,0.0,0.0,4.0,0.0,0.0,0.0,0.0,8.0,0.0,0.0,0.0,1.0,0.0,0.0,0.0,3.0,5.0,8.0,0.0,1.0,0.0,6.0,12.0,0.0,0.0,0.0,0.0,0.0,0.0,0.0,0.0,0.0,0.0,0.0,0.0,0.0,0.0,0.0,1.0,0.0,0.0,0.0,0.0,1.0,0.0,0.0,0.0,0.0,0.0,0.0,0.0,1.0,4.0,2.0,4284569439.0,6790263.0,天水市秦州区,天水市秦州区大门镇,20.0,22.5,0.0,4.1,46.6,66.2695652173913,51.56991869918699,46.79183823529412
甘肃省,天水市,秦州区,秦岭镇,105.4380011,34.4716317,0.0,0.0,5.0,1.0,29.0,0.0,0.0,0.0,0.0,0.0,0.0,0.0,0.0,0.0,2.0,2.0,0.0,0.0,0.0,0.0,16.0,0.0,0.0,0.0,0.0,5.0,1.0,0.0,0.0,3.0,0.0,0.0,0.0,4.0,5.0,6.0,0.0,0.0,3.0,1.0,8.0,0.0,0.0,0.0,0.0,0.0,0.0,0.0,0.0,0.0,2.0,2.0,0.0,0.0,0.0,0.0,1.0,0.0,0.0,0.0,0.0,1.0,1.0,0.0,0.0,2.0,0.0,0.0,0.0,1.0,4.0,4.0,4552457564.0,6790268.0,天水市秦州区,天水市秦州区秦岭镇,20.0,16.700000000000003,5.0,3.7,45.400000000000006,66.2695652173913,51.56991869918699,46.79183823529412
甘肃省,天水市,秦州区,华歧镇,105.5610406,34.3635726,0.0,0.0,5.0,3.0,34.0,3.0,0.0,0.0,0.0,0.0,1.0,0.0,0.0,0.0,0.0,0.0,0.0,0.0,0.0,0.0,10.0,1.0,0.0,0.0,0.0,6.0,1.0,0.0,0.0,1.0,0.0,0.0,0.0,3.0,6.0,6.0,0.0,0.0,3.0,1.0,14.0,3.0,0.0,0.0,0.0,0.0,0.0,0.0,0.0,0.0,0.0,0.0,0.0,0.0,0.0,0.0,3.0,1.0,0.0,0.0,0.0,3.0,1.0,0.0,0.0,0.0,0.0,0.0,0.0,2.0,6.0,4.0,-1.0,-1.0,天水市秦州区,天水市秦州区华歧镇,5.0,24.0,0.0,3.3,32.3,66.2695652173913,51.56991869918699,46.79183823529412
甘肃省,天水市,麦积区,道北街道,105.8914247,34.5701029,18.0,53.0,34.0,16.0,276.0,203.0,5.0,130.0,134.0,5.0,3.0,2.0,4.0,5.0,13.0,21.0,3.0,1.0,5.0,77.0,38.0,5.0,17.0,2.0,4.0,10.0,2078.0,0.0,0.0,13.0,16.0,26.0,16.0,13.0,23.0,16.0,0.0,5.0,17.0,5.0,71.0,84.0,2.0,51.0,58.0,2.0,0.0,2.0,2.0,2.0,7.0,8.0,3.0,0.0,4.0,52.0,10.0,0.0,4.0,2.0,1.0,7.0,370.0,0.0,0.0,7.0,12.0,13.0,12.0,9.0,14.0,10.0,4681771953.0,8867459.0,天水市麦积区,天水市麦积区道北街道,20.0,30.0,28.0,20.0,98.0,71.16,51.56991869918699,46.79183823529412
甘肃省,天水市,麦积区,北道埠街道,105.8911084,34.5664468,18.0,53.0,34.0,16.0,310.0,218.0,5.0,145.0,148.0,5.0,3.0,2.0,4.0,5.0,13.0,22.0,3.0,1.0,5.0,77.0,39.0,5.0,18.0,2.0,4.0,12.0,2182.0,0.0,0.0,15.0,16.0,28.0,16.0,13.0,23.0,16.0,6.0,12.0,17.0,4.0,48.0,81.0,2.0,73.0,64.0,2.0,0.0,2.0,3.0,3.0,7.0,8.0,3.0,1.0,4.0,52.0,10.0,0.0,5.0,2.0,1.0,5.0,481.0,0.0,0.0,7.0,12.0,16.0,13.0,10.0,17.0,9.0,6025352842.0,8867519.0,天水市麦积区,天水市麦积区北道埠街道,20.0,30.0,30.0,20.0,100.0,71.16,51.56991869918699,46.79183823529412
甘肃省,天水市,麦积区,桥南街道,105.8923123,34.5532762,18.0,60.0,34.0,18.0,335.0,267.0,5.0,149.0,151.0,5.0,5.0,2.0,4.0,5.0,13.0,23.0,3.0,1.0,5.0,77.0,45.0,5.0,20.0,2.0,3.0,14.0,2252.0,0.0,0.0,16.0,16.0,28.0,17.0,13.0,22.0,18.0,14.0,21.0,3.0,4.0,65.0,32.0,2.0,42.0,16.0,1.0,1.0,0.0,0.0,1.0,3.0,7.0,0.0,1.0,1.0,10.0,7.0,2.0,1.0,0.0,0.0,1.0,683.0,0.0,0.0,1.0,2.0,6.0,2.0,5.0,19.0,8.0,6025380913.0,8867601.0,天水市麦积区,天水市麦积区桥南街道,20.0,30.0,20.0,20.0,90.0,71.16,51.56991869918699,46.79183823529412
甘肃省,天水市,麦积区,社棠镇,105.9731594,34.557836,18.0,5.0,27.0,35.0,189.0,131.0,0.0,7.0,37.0,0.0,4.0,3.0,2.0,2.0,7.0,11.0,1.0,0.0,1.0,4.0,35.0,0.0,28.0,0.0,2.0,8.0,689.0,0.0,0.0,5.0,4.0,9.0,1.0,7.0,17.0,14.0,0.0,0.0,1.0,9.0,51.0,53.0,0.0,0.0,17.0,0.0,1.0,2.0,1.0,1.0,2.0,5.0,1.0,0.0,1.0,4.0,11.0,0.0,5.0,0.0,0.0,5.0,317.0,0.0,0.0,1.0,0.0,0.0,1.0,2.0,7.0,7.0,3696422804.0,6791200.0,天水市麦积区,天水市麦积区社棠镇,20.0,28.0,26.0,20.0,94.0,71.16,51.56991869918699,46.79183823529412
甘肃省,天水市,麦积区,马跑泉镇,105.9068738,34.5397234,18.0,56.0,20.0,26.0,271.0,168.0,3.0,115.0,95.0,1.0,4.0,0.0,1.0,2.0,8.0,18.0,1.0,1.0,2.0,31.0,45.0,3.0,17.0,1.0,2.0,6.0,1722.0,0.0,0.0,6.0,5.0,15.0,6.0,11.0,22.0,16.0,0.0,17.0,4.0,7.0,52.0,60.0,0.0,22.0,18.0,0.0,1.0,0.0,0.0,0.0,0.0,2.0,0.0,0.0,0.0,0.0,11.0,0.0,0.0,0.0,0.0,3.0,175.0,0.0,0.0,0.0,0.0,1.0,1.0,2.0,15.0,9.0,4341303187.0,6791199.0,天水市麦积区,天水市麦积区马跑泉镇,20.0,30.0,0.0,20.0,70.0,71.16,51.56991869918699,46.79183823529412
甘肃省,天水市,麦积区,甘泉镇,105.9354366,34.4541133,0.0,28.0,0.0,13.0,112.0,27.0,0.0,2.0,19.0,2.0,3.0,1.0,1.0,1.0,3.0,3.0,0.0,1.0,0.0,0.0,18.0,0.0,1.0,1.0,2.0,4.0,168.0,0.0,0.0,3.0,0.0,0.0,0.0,3.0,15.0,11.0,0.0,10.0,0.0,7.0,39.0,5.0,0.0,0.0,6.0,0.0,0.0,1.0,1.0,1.0,2.0,2.0,0.0,1.0,0.0,0.0,4.0,0.0,0.0,1.0,0.0,1.0,87.0,0.0,0.0,1.0,0.0,0.0,0.0,3.0,8.0,6.0,4100973950.0,6791210.0,天水市麦积区,天水市麦积区甘泉镇,19.0,30.0,17.0,20.0,86.0,71.16,51.56991869918699,46.79183823529412
甘肃省,天水市,麦积区,渭南镇,105.6595688,34.6791542,14.0,6.0,10.0,32.0,339.0,40.0,0.0,0.0,12.0,0.0,4.0,0.0,0.0,1.0,3.0,3.0,0.0,0.0,0.0,9.0,25.0,0.0,8.0,0.0,2.0,12.0,201.0,0.0,0.0,8.0,0.0,8.0,1.0,6.0,17.0,20.0,0.0,0.0,0.0,12.0,42.0,3.0,0.0,0.0,4.0,0.0,0.0,0.0,0.0,0.0,1.0,1.0,0.0,0.0,0.0,0.0,3.0,0.0,1.0,0.0,0.0,3.0,18.0,0.0,0.0,0.0,0.0,6.0,0.0,3.0,7.0,10.0,3650389614.0,6791215.0,天水市麦积区,天水市麦积区渭南镇,20.0,28.0,5.0,20.0,73.0,71.16,51.56991869918699,46.79183823529412
甘肃省,天水市,麦积区,东岔镇,106.6603329,34.3814152,9.0,0.0,4.0,7.0,53.0,23.0,0.0,5.0,2.0,0.0,1.0,1.0,0.0,0.0,0.0,1.0,2.0,0.0,1.0,3.0,8.0,0.0,1.0,0.0,0.0,11.0,138.0,0.0,0.0,0.0,1.0,1.0,1.0,16.0,14.0,15.0,3.0,0.0,1.0,7.0,34.0,9.0,0.0,4.0,0.0,0.0,0.0,1.0,0.0,0.0,0.0,1.0,2.0,0.0,1.0,3.0,5.0,0.0,1.0,0.0,0.0,5.0,112.0,0.0,0.0,0.0,1.0,1.0,1.0,15.0,13.0,10.0,3696410415.0,6791203.0,天水市麦积区,天水市麦积区东岔镇,20.0,28.0,15.0,20.0,83.0,71.16,51.56991869918699,46.79183823529412
甘肃省,天水市,麦积区,花牛镇,105.8230864,34.5658674,0.0,40.0,1.0,23.0,129.0,134.0,4.0,64.0,93.0,1.0,4.0,0.0,0.0,0.0,5.0,7.0,0.0,0.0,0.0,1.0,22.0,1.0,20.0,0.0,4.0,8.0,438.0,0.0,0.0,6.0,0.0,27.0,1.0,7.0,19.0,17.0,0.0,3.0,0.0,2.0,16.0,40.0,1.0,5.0,8.0,0.0,2.0,0.0,0.0,0.0,2.0,4.0,0.0,0.0,0.0,0.0,2.0,0.0,9.0,0.0,0.0,3.0,145.0,0.0,0.0,2.0,0.0,2.0,0.0,3.0,12.0,7.0,4100964422.0,6791211.0,天水市麦积区,天水市麦积区花牛镇,20.0,30.0,5.0,20.0,75.0,71.16,51.56991869918699,46.79183823529412
甘肃省,天水市,麦积区,中滩镇,105.6574973,34.7029056,12.0,7.0,12.0,30.0,340.0,65.0,0.0,1.0,12.0,0.0,6.0,0.0,0.0,1.0,3.0,3.0,0.0,0.0,0.0,9.0,26.0,0.0,5.0,0.0,1.0,10.0,249.0,0.0,0.0,8.0,0.0,7.0,1.0,7.0,18.0,17.0,0.0,2.0,3.0,2.0,46.0,19.0,0.0,1.0,3.0,0.0,0.0,0.0,0.0,1.0,2.0,2.0,0.0,0.0,0.0,9.0,6.0,0.0,4.0,0.0,0.0,1.0,100.0,0.0,0.0,3.0,0.0,0.0,0.0,5.0,13.0,8.0,4593174231.0,6791212.0,天水市麦积区,天水市麦积区中滩镇,20.0,28.0,11.0,20.0,79.0,71.16,51.56991869918699,46.79183823529412
甘肃省,天水市,麦积区,新阳镇,105.5164627,34.6902307,0.0,9.0,6.0,14.0,46.0,27.0,0.0,2.0,2.0,0.0,1.0,0.0,0.0,0.0,3.0,3.0,1.0,0.0,0.0,0.0,16.0,1.0,3.0,0.0,0.0,10.0,27.0,0.0,0.0,1.0,0.0,7.0,1.0,5.0,10.0,15.0,0.0,5.0,6.0,4.0,27.0,10.0,0.0,1.0,0.0,0.0,1.0,0.0,0.0,0.0,1.0,1.0,1.0,0.0,0.0,0.0,5.0,1.0,0.0,0.0,0.0,2.0,11.0,0.0,0.0,0.0,0.0,7.0,0.0,3.0,10.0,9.0,4513463671.0,6791208.0,天水市麦积区,天水市麦积区新阳镇,20.0,28.0,10.0,7.9,65.9,71.16,51.56991869918699,46.79183823529412
甘肃省,天水市,麦积区,元龙镇,106.1590658,34.5326272,9.0,0.0,0.0,7.0,58.0,1.0,0.0,0.0,2.0,0.0,1.0,0.0,0.0,0.0,2.0,2.0,0.0,0.0,0.0,0.0,17.0,0.0,1.0,0.0,0.0,6.0,13.0,0.0,0.0,1.0,0.0,0.0,0.0,4.0,7.0,11.0,3.0,0.0,0.0,5.0,18.0,0.0,0.0,0.0,0.0,0.0,0.0,0.0,0.0,0.0,1.0,1.0,0.0,0.0,0.0,0.0,7.0,0.0,0.0,0.0,0.0,2.0,1.0,0.0,0.0,0.0,0.0,0.0,0.0,4.0,5.0,6.0,3696420840.0,6791202.0,天水市麦积区,天水市麦积区元龙镇,20.0,27.5,5.0,5.5,58.0,71.16,51.56991869918699,46.79183823529412
甘肃省,天水市,麦积区,伯阳镇,106.0553067,34.5307223,14.0,0.0,0.0,15.0,80.0,7.0,0.0,0.0,0.0,0.0,1.0,0.0,0.0,0.0,2.0,3.0,0.0,0.0,0.0,0.0,14.0,0.0,2.0,0.0,0.0,5.0,80.0,0.0,0.0,5.0,0.0,0.0,0.0,4.0,10.0,12.0,6.0,0.0,0.0,5.0,27.0,4.0,0.0,0.0,0.0,0.0,0.0,0.0,0.0,0.0,1.0,2.0,0.0,0.0,0.0,0.0,3.0,0.0,1.0,0.0,0.0,1.0,47.0,0.0,0.0,2.0,0.0,0.0,0.0,2.0,8.0,7.0,3696420868.0,6791205.0,天水市麦积区,天水市麦积区伯阳镇,20.0,26.0,5.0,17.4,68.4,71.16,51.56991869918699,46.79183823529412
甘肃省,天水市,麦积区,麦积镇,105.996683,34.3898738,0.0,16.0,7.0,12.0,60.0,9.0,0.0,5.0,8.0,3.0,1.0,0.0,0.0,0.0,2.0,2.0,0.0,2.0,0.0,1.0,20.0,0.0,0.0,1.0,0.0,4.0,49.0,0.0,0.0,1.0,0.0,0.0,0.0,2.0,10.0,8.0,0.0,9.0,4.0,1.0,26.0,2.0,0.0,5.0,2.0,0.0,1.0,0.0,0.0,0.0,2.0,2.0,0.0,2.0,0.0,1.0,10.0,0.0,0.0,1.0,0.0,2.0,39.0,0.0,0.0,0.0,0.0,0.0,0.0,1.0,9.0,6.0,4100973649.0,6791206.0,天水市麦积区,天水市麦积区麦积镇,19.0,30.0,8.0,12.9,69.9,71.16,51.56991869918699,46.79183823529412
甘肃省,天水市,麦积区,石佛镇,105.7049465,34.7026334,0.0,2.0,13.0,11.0,198.0,3.0,0.0,0.0,3.0,0.0,0.0,0.0,0.0,0.0,2.0,2.0,0.0,0.0,0.0,0.0,23.0,0.0,2.0,0.0,3.0,3.0,81.0,0.0,0.0,8.0,0.0,0.0,0.0,5.0,10.0,12.0,0.0,0.0,5.0,2.0,45.0,0.0,0.0,0.0,0.0,0.0,0.0,0.0,0.0,0.0,2.0,2.0,0.0,0.0,0.0,0.0,4.0,0.0,1.0,0.0,2.0,1.0,59.0,0.0,0.0,2.0,0.0,0.0,0.0,4.0,6.0,7.0,6025345587.0,6791209.0,天水市麦积区,天水市麦积区石佛镇,18.0,26.0,5.0,19.0,68.0,71.16,51.56991869918699,46.79183823529412
甘肃省,天水市,麦积区,三岔镇,106.4015312,34.5159409,6.0,0.0,0.0,15.0,57.0,12.0,0.0,0.0,2.0,0.0,1.0,0.0,0.0,0.0,1.0,1.0,0.0,0.0,0.0,0.0,14.0,0.0,0.0,0.0,0.0,3.0,10.0,0.0,0.0,0.0,0.0,1.0,0.0,13.0,8.0,9.0,3.0,0.0,0.0,6.0,32.0,10.0,0.0,0.0,2.0,0.0,0.0,0.0,0.0,0.0,1.0,1.0,0.0,0.0,0.0,0.0,5.0,0.0,0.0,0.0,0.0,1.0,3.0,0.0,0.0,0.0,0.0,1.0,0.0,12.0,8.0,6.0,3696432824.0,6791201.0,天水市麦积区,天水市麦积区三岔镇,18.0,28.0,5.0,5.3,56.3,71.16,51.56991869918699,46.79183823529412
甘肃省,天水市,麦积区,琥珀镇,105.4629287,34.7111885,0.0,13.0,0.0,7.0,64.0,3.0,0.0,8.0,0.0,0.0,1.0,0.0,0.0,0.0,2.0,2.0,0.0,0.0,0.0,0.0,18.0,0.0,2.0,1.0,0.0,3.0,12.0,0.0,0.0,0.0,0.0,3.0,0.0,8.0,9.0,15.0,0.0,0.0,0.0,3.0,30.0,1.0,0.0,3.0,0.0,0.0,0.0,0.0,0.0,0.0,2.0,2.0,0.0,0.0,0.0,0.0,3.0,0.0,0.0,0.0,0.0,1.0,5.0,0.0,0.0,0.0,0.0,3.0,0.0,2.0,7.0,8.0,6025345585.0,6791213.0,天水市麦积区,天水市麦积区琥珀镇,18.0,26.0,5.0,5.7,54.7,71.16,51.56991869918699,46.79183823529412
甘肃省,天水市,麦积区,利桥镇,106.4046228,34.2442912,0.0,0.0,1.0,6.0,13.0,20.0,0.0,1.0,0.0,0.0,0.0,1.0,0.0,0.0,1.0,1.0,0.0,0.0,0.0,0.0,3.0,0.0,0.0,0.0,0.0,5.0,3.0,0.0,0.0,1.0,0.0,0.0,0.0,1.0,7.0,5.0,0.0,0.0,1.0,2.0,6.0,20.0,0.0,1.0,0.0,0.0,0.0,1.0,0.0,0.0,1.0,1.0,0.0,0.0,0.0,0.0,1.0,0.0,0.0,0.0,0.0,1.0,3.0,0.0,0.0,0.0,0.0,0.0,0.0,1.0,7.0,5.0,4642181603.0,6791204.0,天水市麦积区,天水市麦积区利桥镇,20.0,17.9,10.0,3.2,51.1,71.16,51.56991869918699,46.79183823529412
甘肃省,天水市,麦积区,五龙镇,105.5166152,34.7543684,0.0,0.0,0.0,3.0,42.0,1.0,0.0,0.0,0.0,0.0,0.0,0.0,0.0,0.0,1.0,1.0,0.0,0.0,0.0,0.0,20.0,1.0,0.0,0.0,0.0,4.0,5.0,0.0,0.0,3.0,0.0,0.0,0.0,3.0,5.0,4.0,0.0,0.0,0.0,3.0,16.0,0.0,0.0,0.0,0.0,0.0,0.0,0.0,0.0,0.0,1.0,1.0,0.0,0.0,0.0,0.0,3.0,1.0,0.0,0.0,0.0,1.0,5.0,0.0,0.0,3.0,0.0,0.0,0.0,1.0,4.0,3.0,4574656067.0,6791214.0,天水市麦积区,天水市麦积区五龙镇,19.0,18.7,5.0,3.6,46.300000000000004,71.16,51.56991869918699,46.79183823529412
甘肃省,天水市,麦积区,党川镇,106.1366567,34.3358984,0.0,0.0,13.0,1.0,12.0,0.0,0.0,0.0,0.0,0.0,0.0,0.0,0.0,0.0,0.0,0.0,0.0,0.0,0.0,0.0,5.0,0.0,0.0,0.0,0.0,6.0,1.0,0.0,0.0,0.0,0.0,0.0,0.0,5.0,9.0,4.0,0.0,0.0,3.0,1.0,7.0,0.0,0.0,0.0,0.0,0.0,0.0,0.0,0.0,0.0,0.0,0.0,0.0,0.0,0.0,0.0,3.0,0.0,0.0,0.0,0.0,2.0,0.0,0.0,0.0,0.0,0.0,0.0,0.0,4.0,9.0,4.0,4642180839.0,6791207.0,天水市麦积区,天水市麦积区党川镇,20.0,14.5,0.0,2.1,36.6,71.16,51.56991869918699,46.79183823529412
甘肃省,天水市,清水县,永清镇,106.1326806,34.7488552,0.0,14.0,23.0,29.0,102.0,36.0,1.0,20.0,13.0,1.0,2.0,1.0,3.0,3.0,16.0,16.0,2.0,0.0,0.0,0.0,29.0,0.0,4.0,1.0,1.0,6.0,91.0,0.0,0.0,7.0,3.0,7.0,0.0,4.0,11.0,11.0,0.0,3.0,6.0,15.0,36.0,13.0,0.0,2.0,1.0,0.0,1.0,1.0,2.0,2.0,6.0,6.0,0.0,0.0,0.0,0.0,1.0,0.0,0.0,1.0,0.0,2.0,22.0,0.0,0.0,2.0,2.0,2.0,0.0,2.0,6.0,5.0,3216864579.0,-1.0,天水市清水县,天水市清水县永清镇,12.0,30.0,15.0,16.200000000000003,73.2,35.53888888888889,51.56991869918699,46.79183823529412
甘肃省,天水市,清水县,红堡镇,106.0628802,34.7547376,11.0,15.0,1.0,7.0,79.0,10.0,0.0,0.0,0.0,0.0,1.0,0.0,0.0,0.0,6.0,6.0,0.0,0.0,0.0,0.0,15.0,0.0,5.0,0.0,0.0,6.0,21.0,0.0,0.0,3.0,0.0,3.0,0.0,3.0,13.0,10.0,5.0,6.0,1.0,1.0,20.0,4.0,0.0,0.0,0.0,0.0,1.0,0.0,0.0,0.0,4.0,4.0,0.0,0.0,0.0,0.0,3.0,0.0,2.0,0.0,0.0,1.0,5.0,0.0,0.0,1.0,0.0,2.0,0.0,3.0,10.0,6.0,6027083798.0,-1.0,天水市清水县,天水市清水县红堡镇,12.0,26.0,5.0,7.0,50.0,35.53888888888889,51.56991869918699,46.79183823529412
甘肃省,天水市,清水县,白驼镇,106.0036238,34.8520619,0.0,1.0,0.0,5.0,23.0,2.0,0.0,0.0,0.0,0.0,0.0,0.0,0.0,0.0,2.0,2.0,0.0,0.0,0.0,0.0,20.0,0.0,0.0,0.0,0.0,1.0,2.0,0.0,0.0,0.0,0.0,0.0,0.0,1.0,5.0,3.0,0.0,1.0,0.0,5.0,9.0,2.0,0.0,0.0,0.0,0.0,0.0,0.0,0.0,0.0,1.0,1.0,0.0,0.0,0.0,0.0,5.0,0.0,0.0,0.0,0.0,1.0,2.0,0.0,0.0,0.0,0.0,0.0,0.0,1.0,5.0,1.0,6027083796.0,-1.0,天水市清水县,天水市清水县白驼镇,8.0,19.8,5.0,1.9,34.699999999999996,35.53888888888889,51.56991869918699,46.79183823529412
甘肃省,天水市,清水县,金集镇,105.8944287,34.65372,0.0,0.0,2.0,4.0,26.0,0.0,0.0,0.0,0.0,0.0,0.0,0.0,0.0,0.0,3.0,3.0,0.0,0.0,0.0,0.0,12.0,0.0,0.0,0.0,0.0,1.0,0.0,0.0,0.0,2.0,0.0,0.0,0.0,1.0,5.0,4.0,0.0,0.0,2.0,3.0,9.0,0.0,0.0,0.0,0.0,0.0,0.0,0.0,0.0,0.0,2.0,2.0,0.0,0.0,0.0,0.0,4.0,0.0,0.0,0.0,0.0,1.0,0.0,0.0,0.0,0.0,0.0,0.0,0.0,1.0,4.0,2.0,4395886750.0,-1.0,天水市清水县,天水市清水县金集镇,8.0,19.4,5.0,2.2,34.6,35.53888888888889,51.56991869918699,46.79183823529412
甘肃省,天水市,清水县,秦亭镇,106.3555859,34.7375378,0.0,3.0,0.0,16.0,14.0,0.0,0.0,0.0,0.0,0.0,0.0,0.0,0.0,0.0,1.0,1.0,0.0,0.0,0.0,0.0,17.0,1.0,0.0,0.0,0.0,1.0,0.0,0.0,0.0,1.0,0.0,0.0,0.0,2.0,4.0,4.0,0.0,3.0,0.0,1.0,4.0,0.0,0.0,0.0,0.0,0.0,0.0,0.0,0.0,0.0,0.0,0.0,0.0,0.0,0.0,0.0,6.0,1.0,0.0,0.0,0.0,1.0,0.0,0.0,0.0,0.0,0.0,0.0,0.0,2.0,4.0,3.0,6027083802.0,-1.0,天水市清水县,天水市清水县秦亭镇,8.0,16.0,0.0,2.1,26.1,35.53888888888889,51.56991869918699,46.79183823529412
甘肃省,天水市,清水县,山门镇,106.3580854,34.6891667,0.0,0.0,2.0,7.0,52.0,0.0,0.0,2.0,0.0,0.0,0.0,0.0,0.0,0.0,1.0,1.0,0.0,0.0,0.0,0.0,10.0,1.0,0.0,0.0,0.0,1.0,0.0,0.0,0.0,0.0,0.0,0.0,0.0,3.0,5.0,4.0,0.0,0.0,1.0,5.0,48.0,0.0,0.0,2.0,0.0,0.0,0.0,0.0,0.0,0.0,0.0,0.0,0.0,0.0,0.0,0.0,8.0,1.0,0.0,0.0,0.0,1.0,0.0,0.0,0.0,0.0,0.0,0.0,0.0,3.0,5.0,4.0,6027083803.0,-1.0,天水市清水县,天水市清水县山门镇,8.0,22.5,0.0,2.0,32.5,35.53888888888889,51.56991869918699,46.79183823529412
甘肃省,天水市,清水县,白沙镇,106.2574268,34.7137953,0.0,7.0,2.0,2.0,17.0,0.0,0.0,0.0,0.0,1.0,0.0,0.0,0.0,0.0,0.0,0.0,0.0,0.0,0.0,0.0,4.0,0.0,0.0,0.0,0.0,2.0,0.0,0.0,0.0,1.0,0.0,0.0,0.0,3.0,5.0,6.0,0.0,5.0,1.0,0.0,9.0,0.0,0.0,0.0,0.0,0.0,0.0,0.0,0.0,0.0,0.0,0.0,0.0,0.0,0.0,0.0,2.0,0.0,0.0,0.0,0.0,1.0,0.0,0.0,0.0,0.0,0.0,0.0,0.0,3.0,4.0,2.0,4587051326.0,-1.0,天水市清水县,天水市清水县白沙镇,9.0,17.6,0.0,3.1,29.700000000000003,35.53888888888889,51.56991869918699,46.79183823529412
甘肃省,天水市,清水县,王河镇,105.9488205,34.9014725,0.0,0.0,0.0,4.0,22.0,0.0,0.0,0.0,0.0,0.0,0.0,0.0,0.0,0.0,1.0,1.0,0.0,0.0,0.0,0.0,7.0,0.0,0.0,0.0,0.0,1.0,0.0,0.0,0.0,4.0,0.0,0.0,0.0,5.0,4.0,5.0,0.0,0.0,0.0,4.0,12.0,0.0,0.0,0.0,0.0,0.0,0.0,0.0,0.0,0.0,1.0,1.0,0.0,0.0,0.0,0.0,5.0,0.0,0.0,0.0,0.0,1.0,0.0,0.0,0.0,0.0,0.0,0.0,0.0,1.0,3.0,2.0,6027083806.0,-1.0,天水市清水县,天水市清水县王河镇,8.0,14.0,5.0,2.9,29.9,35.53888888888889,51.56991869918699,46.79183823529412
甘肃省,天水市,清水县,郭川镇,105.8038966,34.685011,0.0,0.0,0.0,9.0,129.0,1.0,0.0,0.0,0.0,0.0,0.0,0.0,0.0,0.0,0.0,0.0,0.0,0.0,0.0,0.0,16.0,0.0,0.0,0.0,0.0,2.0,0.0,0.0,0.0,0.0,0.0,0.0,0.0,1.0,5.0,5.0,0.0,0.0,0.0,6.0,21.0,1.0,0.0,0.0,0.0,0.0,0.0,0.0,0.0,0.0,0.0,0.0,0.0,0.0,0.0,0.0,3.0,0.0,0.0,0.0,0.0,1.0,0.0,0.0,0.0,0.0,0.0,0.0,0.0,1.0,4.0,2.0,4478827666.0,-1.0,天水市清水县,天水市清水县郭川镇,9.0,22.5,0.0,2.5,34.0,35.53888888888889,51.56991869918699,46.79183823529412
甘肃省,天水市,清水县,黄门镇,106.1728888,34.845303,8.0,0.0,2.0,3.0,40.0,6.0,0.0,0.0,0.0,0.0,1.0,0.0,0.0,0.0,2.0,2.0,0.0,0.0,0.0,0.0,18.0,0.0,0.0,0.0,0.0,2.0,5.0,0.0,0.0,3.0,0.0,0.0,0.0,2.0,10.0,8.0,1.0,0.0,0.0,0.0,12.0,4.0,0.0,0.0,0.0,0.0,1.0,0.0,0.0,0.0,1.0,1.0,0.0,0.0,0.0,0.0,5.0,0.0,0.0,0.0,0.0,1.0,1.0,0.0,0.0,2.0,0.0,0.0,0.0,2.0,7.0,4.0,6027083799.0,-1.0,天水市清水县,天水市清水县黄门镇,9.0,25.6,5.0,5.1,44.7,35.53888888888889,51.56991869918699,46.79183823529412
甘肃省,天水市,清水县,松树镇,106.0508287,34.9315979,0.0,0.0,0.0,7.0,4.0,0.0,0.0,0.0,0.0,0.0,0.0,0.0,0.0,0.0,0.0,0.0,0.0,0.0,0.0,0.0,5.0,0.0,0.0,0.0,0.0,1.0,0.0,0.0,0.0,1.0,0.0,0.0,0.0,5.0,2.0,3.0,0.0,0.0,0.0,4.0,1.0,0.0,0.0,0.0,0.0,0.0,0.0,0.0,0.0,0.0,0.0,0.0,0.0,0.0,0.0,0.0,4.0,0.0,0.0,0.0,0.0,1.0,0.0,0.0,0.0,1.0,0.0,0.0,0.0,1.0,2.0,2.0,6027083804.0,-1.0,天水市清水县,天水市清水县松树镇,8.0,7.1,0.0,1.7,16.8,35.53888888888889,51.56991869918699,46.79183823529412
甘肃省,天水市,清水县,远门镇,105.896064,34.8007407,0.0,2.0,2.0,0.0,26.0,3.0,0.0,0.0,1.0,0.0,0.0,0.0,0.0,0.0,0.0,0.0,0.0,0.0,0.0,0.0,13.0,0.0,0.0,0.0,0.0,5.0,12.0,0.0,0.0,0.0,0.0,0.0,0.0,5.0,7.0,7.0,0.0,0.0,1.0,0.0,8.0,3.0,0.0,0.0,0.0,0.0,0.0,0.0,0.0,0.0,0.0,0.0,0.0,0.0,0.0,0.0,2.0,0.0,0.0,0.0,0.0,1.0,12.0,0.0,0.0,0.0,0.0,0.0,0.0,1.0,5.0,5.0,6027083808.0,-1.0,天水市清水县,天水市清水县远门镇,12.0,18.1,0.0,5.9,36.0,35.53888888888889,51.56991869918699,46.79183823529412
甘肃省,天水市,清水县,土门镇,105.8752402,34.7732244,0.0,0.0,4.0,7.0,44.0,1.0,0.0,0.0,1.0,0.0,0.0,0.0,0.0,0.0,1.0,1.0,0.0,0.0,0.0,0.0,15.0,0.0,0.0,0.0,0.0,6.0,11.0,0.0,0.0,1.0,0.0,1.0,0.0,4.0,7.0,8.0,0.0,0.0,3.0,3.0,3.0,1.0,0.0,0.0,0.0,0.0,0.0,0.0,0.0,0.0,0.0,0.0,0.0,0.0,0.0,0.0,2.0,0.0,0.0,0.0,0.0,1.0,8.0,0.0,0.0,0.0,0.0,0.0,0.0,4.0,5.0,3.0,6027083805.0,-1.0,天水市清水县,天水市清水县土门镇,12.0,25.200000000000003,0.0,6.0,43.2,35.53888888888889,51.56991869918699,46.79183823529412
甘肃省,天水市,清水县,草川铺镇,106.0620888,34.6506645,0.0,0.0,5.0,8.0,21.0,0.0,0.0,1.0,0.0,0.0,0.0,0.0,0.0,0.0,2.0,2.0,0.0,0.0,0.0,0.0,2.0,0.0,0.0,0.0,0.0,4.0,2.0,0.0,0.0,0.0,0.0,1.0,0.0,1.0,5.0,5.0,0.0,0.0,1.0,4.0,8.0,0.0,0.0,0.0,0.0,0.0,0.0,0.0,0.0,0.0,2.0,2.0,0.0,0.0,0.0,0.0,2.0,0.0,0.0,0.0,0.0,1.0,2.0,0.0,0.0,0.0,0.0,1.0,0.0,1.0,4.0,4.0,4905692572.0,-1.0,天水市清水县,天水市清水县草川铺镇,11.0,19.1,5.0,2.9,38.0,35.53888888888889,51.56991869918699,46.79183823529412
甘肃省,天水市,清水县,陇东镇,106.1842022,34.6220851,0.0,0.0,2.0,10.0,13.0,0.0,0.0,0.0,0.0,0.0,0.0,0.0,0.0,0.0,0.0,0.0,0.0,0.0,0.0,0.0,10.0,0.0,0.0,0.0,0.0,4.0,2.0,0.0,0.0,0.0,0.0,0.0,0.0,1.0,4.0,2.0,0.0,0.0,2.0,3.0,1.0,0.0,0.0,0.0,0.0,0.0,0.0,0.0,0.0,0.0,0.0,0.0,0.0,0.0,0.0,0.0,4.0,0.0,0.0,0.0,0.0,1.0,1.0,0.0,0.0,0.0,0.0,0.0,0.0,1.0,3.0,2.0,6027083801.0,-1.0,天水市清水县,天水市清水县陇东镇,11.0,14.9,0.0,1.3,27.2,35.53888888888889,51.56991869918699,46.79183823529412
甘肃省,天水市,清水县,贾川乡,105.931361,34.6965845,0.0,0.0,0.0,7.0,28.0,0.0,0.0,0.0,0.0,0.0,0.0,0.0,0.0,0.0,0.0,0.0,0.0,0.0,0.0,0.0,17.0,0.0,0.0,0.0,0.0,1.0,1.0,0.0,0.0,2.0,0.0,0.0,0.0,1.0,4.0,8.0,0.0,0.0,0.0,1.0,14.0,0.0,0.0,0.0,0.0,0.0,0.0,0.0,0.0,0.0,0.0,0.0,0.0,0.0,0.0,0.0,5.0,0.0,0.0,0.0,0.0,1.0,1.0,0.0,0.0,1.0,0.0,0.0,0.0,1.0,4.0,4.0,6027083800.0,-1.0,天水市清水县,天水市清水县贾川乡,8.0,16.8,0.0,4.5,29.3,35.53888888888889,51.56991869918699,46.79183823529412
甘肃省,天水市,清水县,丰望乡,105.9890497,34.6383677,0.0,0.0,3.0,1.0,35.0,0.0,0.0,0.0,0.0,0.0,0.0,0.0,0.0,0.0,0.0,0.0,0.0,0.0,0.0,0.0,3.0,0.0,0.0,0.0,0.0,3.0,2.0,0.0,0.0,2.0,0.0,0.0,0.0,1.0,4.0,6.0,0.0,0.0,0.0,1.0,1.0,0.0,0.0,0.0,0.0,0.0,0.0,0.0,0.0,0.0,0.0,0.0,0.0,0.0,0.0,0.0,1.0,0.0,0.0,0.0,0.0,1.0,0.0,0.0,0.0,0.0,0.0,0.0,0.0,1.0,2.0,1.0,6027083797.0,-1.0,天水市清水县,天水市清水县丰望乡,10.0,15.3,0.0,3.4,28.7,35.53888888888889,51.56991869918699,46.79183823529412
甘肃省,天水市,清水县,新城乡,106.2193035,34.8574499,4.0,0.0,2.0,12.0,18.0,0.0,0.0,0.0,0.0,0.0,0.0,0.0,0.0,0.0,1.0,1.0,0.0,0.0,0.0,0.0,11.0,0.0,1.0,0.0,0.0,1.0,5.0,0.0,0.0,4.0,0.0,0.0,0.0,2.0,6.0,9.0,0.0,0.0,2.0,6.0,5.0,0.0,0.0,0.0,0.0,0.0,0.0,0.0,0.0,0.0,0.0,0.0,0.0,0.0,0.0,0.0,1.0,0.0,1.0,0.0,0.0,1.0,1.0,0.0,0.0,0.0,0.0,0.0,0.0,2.0,3.0,4.0,6027083807.0,-1.0,天水市清水县,天水市清水县新城乡,8.0,18.1,0.0,5.0,31.1,35.53888888888889,51.56991869918699,46.79183823529412
甘肃省,天水市,秦安县,兴国镇,105.6677959,34.8592449,9.0,24.0,60.0,25.0,138.0,129.0,0.0,20.0,31.0,2.0,7.0,3.0,3.0,3.0,13.0,18.0,1.0,0.0,0.0,5.0,25.0,2.0,6.0,1.0,2.0,7.0,370.0,0.0,0.0,3.0,3.0,11.0,3.0,7.0,23.0,16.0,0.0,13.0,12.0,3.0,29.0,92.0,0.0,12.0,5.0,0.0,0.0,2.0,3.0,3.0,5.0,7.0,1.0,0.0,0.0,0.0,6.0,2.0,0.0,0.0,1.0,2.0,163.0,0.0,0.0,0.0,3.0,5.0,1.0,4.0,11.0,6.0,633122092.0,6772045.0,天水市秦安县,天水市秦安县兴国镇,20.0,30.0,20.0,20.0,90.0,50.27058823529412,51.56991869918699,46.79183823529412
甘肃省,天水市,秦安县,莲花镇,105.7971252,35.0613312,0.0,7.0,10.0,7.0,41.0,0.0,0.0,0.0,0.0,0.0,1.0,0.0,0.0,0.0,1.0,1.0,0.0,0.0,0.0,0.0,12.0,0.0,0.0,0.0,0.0,7.0,3.0,0.0,0.0,0.0,0.0,0.0,0.0,8.0,6.0,4.0,0.0,0.0,6.0,2.0,7.0,0.0,0.0,0.0,0.0,0.0,0.0,0.0,0.0,0.0,0.0,0.0,0.0,0.0,0.0,0.0,1.0,0.0,0.0,0.0,0.0,2.0,0.0,0.0,0.0,0.0,0.0,0.0,0.0,5.0,4.0,2.0,2890058552.0,6772039.0,天水市秦安县,天水市秦安县莲花镇,20.0,25.0,0.0,2.3,47.3,50.27058823529412,51.56991869918699,46.79183823529412
甘肃省,天水市,秦安县,西川镇,105.6470624,34.8646538,9.0,24.0,60.0,22.0,148.0,126.0,0.0,20.0,25.0,2.0,7.0,3.0,3.0,3.0,13.0,18.0,1.0,0.0,0.0,5.0,31.0,2.0,4.0,1.0,2.0,11.0,360.0,0.0,0.0,5.0,3.0,10.0,3.0,6.0,23.0,16.0,7.0,5.0,5.0,4.0,13.0,0.0,0.0,0.0,1.0,0.0,2.0,0.0,0.0,0.0,1.0,1.0,0.0,0.0,0.0,2.0,3.0,0.0,2.0,1.0,0.0,1.0,36.0,0.0,0.0,1.0,0.0,2.0,1.0,4.0,14.0,9.0,1707125549.0,6791198.0,天水市秦安县,天水市秦安县西川镇,20.0,30.0,12.0,20.0,82.0,50.27058823529412,51.56991869918699,46.79183823529412
甘肃省,天水市,秦安县,陇城镇,105.9719277,35.0020579,0.0,0.0,1.0,0.0,62.0,0.0,0.0,2.0,0.0,0.0,0.0,0.0,0.0,0.0,3.0,3.0,0.0,0.0,0.0,0.0,20.0,0.0,0.0,0.0,0.0,2.0,10.0,0.0,0.0,2.0,0.0,1.0,0.0,4.0,5.0,8.0,0.0,0.0,1.0,0.0,19.0,0.0,0.0,0.0,0.0,0.0,0.0,0.0,0.0,0.0,2.0,2.0,0.0,0.0,0.0,0.0,2.0,0.0,0.0,0.0,0.0,1.0,7.0,0.0,0.0,0.0,0.0,0.0,0.0,1.0,3.0,4.0,4233965945.0,6772037.0,天水市秦安县,天水市秦安县陇城镇,17.0,22.5,5.0,5.9,50.4,50.27058823529412,51.56991869918699,46.79183823529412
甘肃省,天水市,秦安县,郭嘉镇,105.557077,34.9716858,3.0,6.0,3.0,14.0,6.0,2.0,0.0,0.0,0.0,0.0,1.0,1.0,0.0,0.0,0.0,0.0,0.0,0.0,0.0,0.0,12.0,0.0,0.0,0.0,0.0,2.0,2.0,0.0,0.0,1.0,0.0,0.0,0.0,2.0,9.0,5.0,1.0,4.0,0.0,3.0,2.0,0.0,0.0,0.0,0.0,0.0,0.0,1.0,0.0,0.0,0.0,0.0,0.0,0.0,0.0,0.0,2.0,0.0,0.0,0.0,0.0,1.0,2.0,0.0,0.0,0.0,0.0,0.0,0.0,2.0,7.0,4.0,1707125545.0,6772044.0,天水市秦安县,天水市秦安县郭嘉镇,17.0,17.8,5.0,3.0,42.8,50.27058823529412,51.56991869918699,46.79183823529412
甘肃省,天水市,秦安县,五营镇,105.8999543,35.0144456,0.0,0.0,7.0,3.0,67.0,2.0,0.0,0.0,0.0,0.0,0.0,0.0,0.0,0.0,1.0,1.0,0.0,0.0,0.0,0.0,34.0,0.0,0.0,0.0,0.0,1.0,9.0,0.0,0.0,1.0,0.0,0.0,1.0,1.0,6.0,9.0,0.0,0.0,3.0,1.0,21.0,1.0,0.0,0.0,0.0,0.0,0.0,0.0,0.0,0.0,0.0,0.0,0.0,0.0,0.0,0.0,3.0,0.0,0.0,0.0,0.0,1.0,7.0,0.0,0.0,0.0,0.0,0.0,1.0,1.0,6.0,5.0,4233965946.0,6772038.0,天水市秦安县,天水市秦安县五营镇,16.0,23.0,0.0,5.7,44.7,50.27058823529412,51.56991869918699,46.79183823529412
甘肃省,天水市,秦安县,叶堡镇,105.6422595,34.9400807,8.0,11.0,0.0,3.0,88.0,11.0,0.0,1.0,0.0,0.0,1.0,0.0,0.0,0.0,4.0,4.0,0.0,0.0,0.0,0.0,26.0,0.0,7.0,0.0,0.0,5.0,17.0,0.0,0.0,1.0,0.0,1.0,0.0,5.0,12.0,7.0,0.0,7.0,0.0,2.0,32.0,11.0,0.0,1.0,0.0,0.0,1.0,0.0,0.0,0.0,2.0,2.0,0.0,0.0,0.0,0.0,5.0,0.0,1.0,0.0,0.0,2.0,13.0,0.0,0.0,0.0,0.0,0.0,0.0,4.0,8.0,5.0,1707125550.0,6772051.0,天水市秦安县,天水市秦安县叶堡镇,20.0,26.0,5.0,6.6,57.6,50.27058823529412,51.56991869918699,46.79183823529412
甘肃省,天水市,秦安县,魏店镇,105.5690392,35.1016455,0.0,0.0,6.0,9.0,47.0,5.0,0.0,0.0,0.0,0.0,0.0,0.0,0.0,0.0,2.0,2.0,0.0,0.0,0.0,0.0,11.0,0.0,0.0,0.0,0.0,6.0,1.0,0.0,0.0,2.0,0.0,0.0,0.0,6.0,6.0,5.0,0.0,0.0,3.0,1.0,15.0,3.0,0.0,0.0,0.0,0.0,0.0,0.0,0.0,0.0,1.0,1.0,0.0,0.0,0.0,0.0,3.0,0.0,0.0,0.0,0.0,1.0,1.0,0.0,0.0,0.0,0.0,0.0,0.0,1.0,5.0,3.0,4431253584.0,6772031.0,天水市秦安县,天水市秦安县魏店镇,20.0,23.0,5.0,2.9,50.9,50.27058823529412,51.56991869918699,46.79183823529412
甘肃省,天水市,秦安县,安伏镇,105.6329425,34.9738972,0.0,4.0,0.0,2.0,21.0,0.0,0.0,0.0,0.0,0.0,0.0,0.0,0.0,0.0,0.0,0.0,0.0,0.0,0.0,0.0,13.0,0.0,6.0,0.0,0.0,3.0,7.0,0.0,0.0,0.0,0.0,0.0,0.0,5.0,8.0,5.0,0.0,4.0,0.0,1.0,5.0,0.0,0.0,0.0,0.0,0.0,0.0,0.0,0.0,0.0,0.0,0.0,0.0,0.0,0.0,0.0,2.0,0.0,2.0,0.0,0.0,1.0,3.0,0.0,0.0,0.0,0.0,0.0,0.0,2.0,6.0,4.0,1707125544.0,6772032.0,天水市秦安县,天水市秦安县安伏镇,18.0,16.7,0.0,3.5,38.2,50.27058823529412,51.56991869918699,46.79183823529412
甘肃省,天水市,秦安县,千户镇,105.57398,34.8060786,0.0,3.0,0.0,4.0,44.0,1.0,0.0,0.0,0.0,0.0,0.0,0.0,0.0,0.0,5.0,5.0,0.0,0.0,0.0,0.0,28.0,0.0,0.0,0.0,0.0,5.0,0.0,0.0,0.0,2.0,0.0,0.0,0.0,4.0,6.0,5.0,0.0,1.0,0.0,0.0,6.0,1.0,0.0,0.0,0.0,0.0,0.0,0.0,0.0,0.0,1.0,1.0,0.0,0.0,0.0,0.0,2.0,0.0,0.0,0.0,0.0,1.0,0.0,0.0,0.0,0.0,0.0,0.0,0.0,1.0,4.0,3.0,1707125547.0,6772048.0,天水市秦安县,天水市秦安县千户镇,20.0,22.6,5.0,2.7,50.300000000000004,50.27058823529412,51.56991869918699,46.79183823529412
甘肃省,天水市,秦安县,王尹镇,105.7468642,34.8129719,0.0,0.0,3.0,3.0,58.0,0.0,0.0,0.0,0.0,0.0,0.0,0.0,0.0,0.0,4.0,4.0,0.0,0.0,0.0,0.0,23.0,0.0,0.0,0.0,0.0,1.0,1.0,0.0,0.0,1.0,0.0,0.0,0.0,2.0,5.0,2.0,0.0,0.0,3.0,2.0,16.0,0.0,0.0,0.0,0.0,0.0,0.0,0.0,0.0,0.0,1.0,1.0,0.0,0.0,0.0,0.0,4.0,0.0,0.0,0.0,0.0,1.0,0.0,0.0,0.0,0.0,0.0,0.0,0.0,1.0,4.0,2.0,1707125548.0,6772033.0,天水市秦安县,天水市秦安县王尹镇,16.0,22.5,5.0,1.2,44.7,50.27058823529412,51.56991869918699,46.79183823529412
甘肃省,天水市,秦安县,兴丰镇,105.8369869,34.8651672,0.0,4.0,0.0,1.0,17.0,0.0,0.0,0.0,0.0,0.0,0.0,0.0,0.0,0.0,1.0,1.0,0.0,0.0,0.0,0.0,15.0,0.0,0.0,0.0,0.0,5.0,0.0,0.0,0.0,1.0,0.0,0.0,0.0,1.0,4.0,2.0,0.0,3.0,0.0,1.0,0.0,0.0,0.0,0.0,0.0,0.0,0.0,0.0,0.0,0.0,0.0,0.0,0.0,0.0,0.0,0.0,3.0,0.0,0.0,0.0,0.0,2.0,0.0,0.0,0.0,1.0,0.0,0.0,0.0,1.0,2.0,2.0,4577142498.0,6772035.0,天水市秦安县,天水市秦安县兴丰镇,20.0,11.4,0.0,1.2,32.6,50.27058823529412,51.56991869918699,46.79183823529412
甘肃省,天水市,秦安县,中山镇,105.8785345,34.9439272,0.0,0.0,2.0,4.0,14.0,0.0,0.0,0.0,0.0,0.0,0.0,0.0,0.0,0.0,1.0,1.0,0.0,0.0,0.0,0.0,6.0,0.0,0.0,1.0,0.0,1.0,5.0,0.0,0.0,2.0,0.0,0.0,0.0,2.0,4.0,3.0,0.0,0.0,2.0,2.0,2.0,0.0,0.0,0.0,0.0,0.0,0.0,0.0,0.0,0.0,0.0,0.0,0.0,0.0,0.0,0.0,2.0,0.0,0.0,1.0,0.0,1.0,5.0,0.0,0.0,1.0,0.0,0.0,0.0,1.0,4.0,2.0,6027139519.0,6772036.0,天水市秦安县,天水市秦安县中山镇,16.0,14.4,0.0,2.8,33.199999999999996,50.27058823529412,51.56991869918699,46.79183823529412
甘肃省,天水市,秦安县,刘坪镇,105.7228899,34.8970385,0.0,0.0,1.0,5.0,35.0,0.0,0.0,0.0,0.0,0.0,0.0,0.0,0.0,0.0,2.0,2.0,0.0,0.0,0.0,0.0,15.0,0.0,0.0,0.0,0.0,4.0,5.0,0.0,0.0,4.0,0.0,0.0,0.0,4.0,4.0,5.0,0.0,0.0,1.0,2.0,1.0,0.0,0.0,0.0,0.0,0.0,0.0,0.0,0.0,0.0,0.0,0.0,0.0,0.0,0.0,0.0,2.0,0.0,0.0,0.0,0.0,1.0,5.0,0.0,0.0,0.0,0.0,0.0,0.0,1.0,3.0,3.0,1707125546.0,6772050.0,天水市秦安县,天水市秦安县刘坪镇,19.0,19.3,0.0,3.9000000000000004,42.199999999999996,50.27058823529412,51.56991869918699,46.79183823529412
甘肃省,天水市,秦安县,王铺镇,105.4368474,35.0584828,3.0,1.0,2.0,3.0,56.0,8.0,0.0,28.0,0.0,0.0,0.0,1.0,0.0,0.0,4.0,4.0,0.0,0.0,0.0,0.0,20.0,0.0,0.0,0.0,0.0,34.0,33.0,0.0,0.0,1.0,0.0,0.0,0.0,1.0,11.0,13.0,2.0,1.0,1.0,1.0,4.0,5.0,0.0,10.0,0.0,0.0,0.0,1.0,0.0,0.0,2.0,2.0,0.0,0.0,0.0,0.0,1.0,0.0,0.0,0.0,0.0,2.0,8.0,0.0,0.0,0.0,0.0,0.0,0.0,1.0,9.0,7.0,4590217604.0,6772042.0,天水市秦安县,天水市秦安县王铺镇,20.0,24.0,10.0,8.2,62.2,50.27058823529412,51.56991869918699,46.79183823529412
甘肃省,天水市,秦安县,王窑镇,105.5639367,34.8889162,0.0,0.0,2.0,15.0,28.0,0.0,0.0,0.0,0.0,0.0,0.0,0.0,0.0,0.0,1.0,1.0,0.0,0.0,0.0,0.0,29.0,0.0,0.0,0.0,0.0,7.0,1.0,0.0,0.0,2.0,0.0,0.0,0.0,3.0,4.0,5.0,0.0,0.0,2.0,1.0,6.0,0.0,0.0,0.0,0.0,0.0,0.0,0.0,0.0,0.0,0.0,0.0,0.0,0.0,0.0,0.0,4.0,0.0,0.0,0.0,0.0,2.0,0.0,0.0,0.0,1.0,0.0,0.0,0.0,1.0,4.0,2.0,4541237176.0,6772047.0,天水市秦安县,天水市秦安县王窑镇,20.0,19.4,0.0,2.9,42.3,50.27058823529412,51.56991869918699,46.79183823529412
甘肃省,天水市,秦安县,云山镇,105.7945538,34.7607872,0.0,2.0,2.0,4.0,56.0,0.0,0.0,0.0,0.0,0.0,0.0,0.0,0.0,0.0,0.0,0.0,0.0,0.0,0.0,0.0,10.0,0.0,0.0,0.0,0.0,3.0,3.0,0.0,0.0,1.0,0.0,0.0,0.0,6.0,6.0,3.0,0.0,1.0,1.0,1.0,4.0,0.0,0.0,0.0,0.0,0.0,0.0,0.0,0.0,0.0,0.0,0.0,0.0,0.0,0.0,0.0,1.0,0.0,0.0,0.0,0.0,1.0,2.0,0.0,0.0,1.0,0.0,0.0,0.0,1.0,5.0,2.0,6025484613.0,6772034.0,天水市秦安县,天水市秦安县云山镇,18.0,23.0,0.0,2.2,43.2,50.27058823529412,51.56991869918699,46.79183823529412
甘肃省,天水市,甘谷县,大像山镇,105.3333299,34.7378573,27.0,23.0,25.0,22.0,416.0,108.0,0.0,9.0,9.0,2.0,5.0,1.0,5.0,5.0,13.0,18.0,1.0,0.0,4.0,6.0,26.0,0.0,1.0,0.0,0.0,11.0,423.0,0.0,0.0,7.0,4.0,10.0,6.0,11.0,19.0,12.0,0.0,8.0,2.0,6.0,98.0,18.0,0.0,5.0,3.0,0.0,0.0,0.0,2.0,2.0,3.0,5.0,0.0,0.0,2.0,2.0,1.0,0.0,0.0,0.0,0.0,3.0,122.0,0.0,0.0,0.0,1.0,4.0,1.0,3.0,13.0,7.0,8118941556.0,-1.0,天水市甘谷县,天水市甘谷县大像山镇,12.0,30.0,19.0,20.0,81.0,43.080000000000005,51.56991869918699,46.79183823529412
甘肃省,天水市,甘谷县,新兴镇,105.3244463,34.7615548,14.0,29.0,36.0,23.0,463.0,140.0,0.0,8.0,15.0,1.0,8.0,1.0,6.0,6.0,16.0,20.0,2.0,0.0,4.0,7.0,23.0,0.0,3.0,0.0,0.0,8.0,427.0,0.0,0.0,4.0,4.0,8.0,5.0,7.0,19.0,10.0,0.0,9.0,8.0,7.0,74.0,39.0,0.0,0.0,4.0,1.0,2.0,0.0,2.0,2.0,3.0,6.0,1.0,0.0,2.0,2.0,3.0,0.0,0.0,0.0,0.0,1.0,146.0,0.0,0.0,2.0,2.0,1.0,2.0,4.0,9.0,6.0,4102457700.0,-1.0,天水市甘谷县,天水市甘谷县新兴镇,12.0,30.0,24.0,20.0,86.0,43.080000000000005,51.56991869918699,46.79183823529412
甘肃省,天水市,甘谷县,磐安镇,105.115326,34.7559088,16.0,0.0,20.0,10.0,152.0,41.0,0.0,0.0,3.0,0.0,1.0,0.0,0.0,0.0,3.0,3.0,0.0,0.0,0.0,3.0,21.0,0.0,3.0,0.0,0.0,8.0,76.0,0.0,0.0,7.0,0.0,1.0,0.0,8.0,11.0,11.0,0.0,0.0,3.0,4.0,77.0,24.0,0.0,0.0,3.0,0.0,0.0,0.0,0.0,0.0,2.0,2.0,0.0,0.0,0.0,3.0,4.0,0.0,2.0,0.0,0.0,4.0,58.0,0.0,0.0,1.0,0.0,1.0,0.0,5.0,6.0,9.0,4102461635.0,-1.0,天水市甘谷县,天水市甘谷县磐安镇,12.0,28.0,8.0,18.200000000000003,66.2,43.080000000000005,51.56991869918699,46.79183823529412
甘肃省,天水市,甘谷县,六峰镇,105.3828849,34.7355607,0.0,3.0,4.0,20.0,226.0,10.0,0.0,1.0,3.0,0.0,1.0,0.0,0.0,0.0,2.0,3.0,0.0,0.0,0.0,0.0,22.0,0.0,1.0,0.0,0.0,12.0,28.0,0.0,0.0,2.0,0.0,0.0,0.0,4.0,9.0,10.0,0.0,0.0,0.0,9.0,37.0,1.0,0.0,0.0,0.0,0.0,0.0,0.0,0.0,0.0,1.0,2.0,0.0,0.0,0.0,0.0,5.0,0.0,0.0,0.0,0.0,5.0,22.0,0.0,0.0,0.0,0.0,0.0,0.0,1.0,4.0,4.0,6050986229.0,-1.0,天水市甘谷县,天水市甘谷县六峰镇,12.0,28.0,5.0,9.2,54.2,43.080000000000005,51.56991869918699,46.79183823529412
甘肃省,天水市,甘谷县,安远镇,105.2749443,34.8839243,0.0,0.0,7.0,10.0,50.0,0.0,0.0,0.0,0.0,0.0,1.0,0.0,0.0,0.0,1.0,1.0,0.0,0.0,0.0,0.0,9.0,0.0,0.0,0.0,0.0,6.0,22.0,0.0,0.0,1.0,0.0,0.0,0.0,2.0,4.0,7.0,0.0,0.0,3.0,7.0,31.0,0.0,0.0,0.0,0.0,0.0,1.0,0.0,0.0,0.0,1.0,1.0,0.0,0.0,0.0,0.0,3.0,0.0,0.0,0.0,0.0,1.0,22.0,0.0,0.0,0.0,0.0,0.0,0.0,2.0,4.0,3.0,4353737839.0,-1.0,天水市甘谷县,天水市甘谷县安远镇,12.0,24.0,5.0,8.0,49.0,43.080000000000005,51.56991869918699,46.79183823529412
甘肃省,天水市,甘谷县,金山镇,105.4440092,34.8171906,0.0,2.0,2.0,10.0,13.0,0.0,0.0,0.0,0.0,0.0,0.0,0.0,0.0,0.0,2.0,2.0,0.0,0.0,0.0,0.0,17.0,0.0,0.0,0.0,0.0,7.0,0.0,0.0,0.0,0.0,0.0,0.0,0.0,1.0,5.0,6.0,0.0,2.0,0.0,3.0,4.0,0.0,0.0,0.0,0.0,0.0,0.0,0.0,0.0,0.0,1.0,1.0,0.0,0.0,0.0,0.0,2.0,0.0,0.0,0.0,0.0,1.0,0.0,0.0,0.0,0.0,0.0,0.0,0.0,1.0,4.0,1.0,4716645276.0,-1.0,天水市甘谷县,天水市甘谷县金山镇,12.0,16.3,5.0,3.0,36.3,43.080000000000005,51.56991869918699,46.79183823529412
甘肃省,天水市,甘谷县,大石镇,105.1859835,34.9005873,0.0,0.0,4.0,7.0,37.0,4.0,0.0,0.0,0.0,0.0,1.0,0.0,0.0,0.0,0.0,0.0,0.0,0.0,0.0,0.0,24.0,0.0,0.0,0.0,0.0,1.0,9.0,0.0,0.0,0.0,0.0,0.0,0.0,1.0,6.0,3.0,0.0,0.0,4.0,6.0,14.0,4.0,0.0,0.0,0.0,0.0,1.0,0.0,0.0,0.0,0.0,0.0,0.0,0.0,0.0,0.0,4.0,0.0,0.0,0.0,0.0,1.0,9.0,0.0,0.0,0.0,0.0,0.0,0.0,1.0,6.0,2.0,4353737838.0,-1.0,天水市甘谷县,天水市甘谷县大石镇,8.0,25.0,0.0,3.3,36.3,43.080000000000005,51.56991869918699,46.79183823529412
甘肃省,天水市,甘谷县,礼辛镇,105.0833917,34.9116736,0.0,0.0,3.0,9.0,56.0,0.0,0.0,0.0,0.0,0.0,0.0,0.0,0.0,0.0,1.0,1.0,0.0,0.0,0.0,0.0,7.0,0.0,0.0,0.0,0.0,2.0,3.0,0.0,0.0,1.0,0.0,2.0,0.0,1.0,5.0,7.0,0.0,0.0,3.0,4.0,23.0,0.0,0.0,0.0,0.0,0.0,0.0,0.0,0.0,0.0,1.0,1.0,0.0,0.0,0.0,0.0,1.0,0.0,0.0,0.0,0.0,1.0,2.0,0.0,0.0,1.0,0.0,1.0,0.0,1.0,4.0,3.0,4353737840.0,-1.0,天水市甘谷县,天水市甘谷县礼辛镇,9.0,22.5,5.0,4.2,40.7,43.080000000000005,51.56991869918699,46.79183823529412
甘肃省,天水市,甘谷县,武家河镇,105.2311197,34.6779439,0.0,0.0,1.0,1.0,40.0,1.0,0.0,0.0,0.0,0.0,1.0,0.0,0.0,0.0,0.0,0.0,0.0,0.0,0.0,0.0,3.0,0.0,0.0,0.0,0.0,1.0,0.0,0.0,0.0,2.0,0.0,0.0,0.0,2.0,4.0,3.0,0.0,0.0,1.0,1.0,4.0,0.0,0.0,0.0,0.0,0.0,1.0,0.0,0.0,0.0,0.0,0.0,0.0,0.0,0.0,0.0,1.0,0.0,0.0,0.0,0.0,1.0,0.0,0.0,0.0,0.0,0.0,0.0,0.0,1.0,3.0,2.0,6050986230.0,-1.0,天水市甘谷县,天水市甘谷县武家河镇,8.0,19.2,0.0,1.7,28.9,43.080000000000005,51.56991869918699,46.79183823529412
甘肃省,天水市,甘谷县,大庄镇,105.3481196,34.9785778,0.0,0.0,11.0,3.0,5.0,0.0,0.0,0.0,0.0,0.0,0.0,0.0,0.0,0.0,0.0,0.0,0.0,0.0,0.0,0.0,4.0,0.0,0.0,0.0,0.0,2.0,0.0,0.0,0.0,0.0,0.0,0.0,0.0,4.0,3.0,2.0,0.0,0.0,4.0,1.0,1.0,0.0,0.0,0.0,0.0,0.0,0.0,0.0,0.0,0.0,0.0,0.0,0.0,0.0,0.0,0.0,1.0,0.0,0.0,0.0,0.0,1.0,0.0,0.0,0.0,0.0,0.0,0.0,0.0,1.0,3.0,1.0,4309712526.0,-1.0,天水市甘谷县,天水市甘谷县大庄镇,9.0,10.8,0.0,1.0,20.8,43.080000000000005,51.56991869918699,46.79183823529412
甘肃省,天水市,甘谷县,古坡镇,105.2788965,34.6260687,0.0,0.0,0.0,7.0,13.0,0.0,0.0,1.0,0.0,0.0,0.0,0.0,0.0,0.0,0.0,0.0,0.0,0.0,0.0,0.0,12.0,0.0,0.0,0.0,0.0,3.0,1.0,0.0,0.0,0.0,0.0,0.0,0.0,4.0,5.0,6.0,0.0,0.0,0.0,5.0,3.0,0.0,0.0,0.0,0.0,0.0,0.0,0.0,0.0,0.0,0.0,0.0,0.0,0.0,0.0,0.0,5.0,0.0,0.0,0.0,0.0,1.0,0.0,0.0,0.0,0.0,0.0,0.0,0.0,1.0,2.0,5.0,6050986228.0,11891281.0,天水市甘谷县,天水市甘谷县古坡镇,18.0,11.0,0.0,3.1,32.1,43.080000000000005,51.56991869918699,46.79183823529412
甘肃省,天水市,甘谷县,八里湾镇,105.3647304,34.8498923,0.0,0.0,2.0,1.0,30.0,0.0,0.0,0.0,0.0,0.0,0.0,0.0,0.0,0.0,1.0,1.0,0.0,0.0,0.0,0.0,7.0,0.0,0.0,0.0,0.0,1.0,0.0,0.0,0.0,0.0,0.0,0.0,0.0,1.0,5.0,3.0,0.0,0.0,2.0,0.0,4.0,0.0,0.0,0.0,0.0,0.0,0.0,0.0,0.0,0.0,0.0,0.0,0.0,0.0,0.0,0.0,1.0,0.0,0.0,0.0,0.0,1.0,0.0,0.0,0.0,0.0,0.0,0.0,0.0,1.0,4.0,2.0,4356342820.0,-1.0,天水市甘谷县,天水市甘谷县八里湾镇,8.0,15.7,0.0,1.5,25.2,43.080000000000005,51.56991869918699,46.79183823529412
甘肃省,天水市,甘谷县,西坪镇,105.4491935,34.9048837,0.0,0.0,6.0,6.0,9.0,0.0,0.0,0.0,0.0,0.0,0.0,0.0,0.0,0.0,0.0,0.0,0.0,0.0,0.0,0.0,11.0,0.0,0.0,0.0,0.0,2.0,0.0,0.0,0.0,1.0,0.0,0.0,0.0,4.0,4.0,2.0,0.0,0.0,1.0,3.0,3.0,0.0,0.0,0.0,0.0,0.0,0.0,0.0,0.0,0.0,0.0,0.0,0.0,0.0,0.0,0.0,3.0,0.0,0.0,0.0,0.0,1.0,0.0,0.0,0.0,0.0,0.0,0.0,0.0,1.0,4.0,2.0,4355972752.0,-1.0,天水市甘谷县,天水市甘谷县西坪镇,9.0,14.7,0.0,1.1,24.8,43.080000000000005,51.56991869918699,46.79183823529412
甘肃省,天水市,甘谷县,谢家湾乡,105.1667672,34.814303,0.0,0.0,4.0,8.0,5.0,0.0,0.0,0.0,0.0,0.0,0.0,0.0,0.0,0.0,0.0,0.0,0.0,0.0,0.0,0.0,6.0,0.0,0.0,0.0,0.0,1.0,0.0,0.0,0.0,0.0,0.0,0.0,0.0,1.0,4.0,3.0,0.0,0.0,3.0,1.0,4.0,0.0,0.0,0.0,0.0,0.0,0.0,0.0,0.0,0.0,0.0,0.0,0.0,0.0,0.0,0.0,1.0,0.0,0.0,0.0,0.0,1.0,0.0,0.0,0.0,0.0,0.0,0.0,0.0,1.0,4.0,1.0,6050986231.0,-1.0,天水市甘谷县,天水市甘谷县谢家湾乡,8.0,14.2,0.0,1.5,23.7,43.080000000000005,51.56991869918699,46.79183823529412
甘肃省,天水市,甘谷县,白家湾乡,105.3146066,34.6978791,16.0,0.0,1.0,7.0,37.0,0.0,0.0,0.0,0.0,0.0,0.0,0.0,0.0,0.0,1.0,1.0,0.0,0.0,0.0,0.0,18.0,0.0,0.0,0.0,0.0,4.0,6.0,0.0,0.0,3.0,0.0,0.0,0.0,3.0,7.0,4.0,0.0,0.0,1.0,3.0,4.0,0.0,0.0,0.0,0.0,0.0,0.0,0.0,0.0,0.0,1.0,1.0,0.0,0.0,0.0,0.0,3.0,0.0,0.0,0.0,0.0,1.0,0.0,0.0,0.0,0.0,0.0,0.0,0.0,1.0,3.0,1.0,6050986227.0,-1.0,天水市甘谷县,天水市甘谷县白家湾乡,11.0,22.1,5.0,2.9,41.0,43.080000000000005,51.56991869918699,46.79183823529412
甘肃省,天水市,武山县,城关镇,104.8879548,34.7233083,13.0,17.0,39.0,42.0,157.0,37.0,0.0,24.0,14.0,0.0,3.0,6.0,1.0,2.0,10.0,13.0,1.0,0.0,1.0,5.0,36.0,6.0,5.0,1.0,0.0,18.0,587.0,0.0,0.0,9.0,0.0,13.0,4.0,6.0,21.0,15.0,7.0,7.0,22.0,22.0,51.0,13.0,0.0,12.0,3.0,0.0,0.0,1.0,1.0,1.0,5.0,6.0,0.0,0.0,0.0,2.0,6.0,0.0,0.0,1.0,0.0,3.0,214.0,0.0,0.0,1.0,0.0,3.0,1.0,4.0,14.0,8.0,8118980784.0,-1.0,天水市武山县,天水市武山县城关镇,12.0,28.0,17.0,20.0,77.0,45.20666666666667,51.56991869918699,46.79183823529412
甘肃省,天水市,武山县,洛门镇,105.0206292,34.7576068,12.0,12.0,29.0,27.0,175.0,58.0,0.0,26.0,3.0,0.0,2.0,1.0,2.0,2.0,6.0,7.0,1.0,1.0,3.0,1.0,20.0,0.0,4.0,0.0,1.0,10.0,177.0,0.0,0.0,5.0,0.0,2.0,1.0,6.0,22.0,13.0,8.0,6.0,10.0,13.0,48.0,49.0,0.0,17.0,2.0,0.0,0.0,1.0,2.0,2.0,3.0,4.0,1.0,1.0,3.0,1.0,5.0,0.0,0.0,0.0,1.0,1.0,140.0,0.0,0.0,3.0,0.0,0.0,1.0,5.0,21.0,7.0,2953808116.0,-1.0,天水市武山县,天水市武山县洛门镇,12.0,28.0,25.0,20.0,85.0,45.20666666666667,51.56991869918699,46.79183823529412
甘肃省,天水市,武山县,鸳鸯镇,104.7803465,34.7959392,9.0,0.0,3.0,22.0,43.0,15.0,0.0,1.0,0.0,0.0,1.0,0.0,0.0,0.0,4.0,4.0,0.0,0.0,0.0,0.0,10.0,0.0,2.0,0.0,0.0,2.0,107.0,0.0,0.0,3.0,0.0,0.0,0.0,6.0,12.0,10.0,3.0,0.0,0.0,9.0,17.0,5.0,0.0,0.0,0.0,0.0,1.0,0.0,0.0,0.0,2.0,2.0,0.0,0.0,0.0,0.0,3.0,0.0,2.0,0.0,0.0,2.0,63.0,0.0,0.0,1.0,0.0,0.0,0.0,5.0,10.0,5.0,1706632273.0,-1.0,天水市武山县,天水市武山县鸳鸯镇,9.0,26.0,5.0,20.0,60.0,45.20666666666667,51.56991869918699,46.79183823529412
甘肃省,天水市,武山县,滩歌镇,104.840622,34.627641,0.0,0.0,11.0,7.0,47.0,86.0,0.0,4.0,1.0,0.0,0.0,0.0,0.0,0.0,3.0,3.0,0.0,0.0,0.0,0.0,19.0,0.0,0.0,1.0,0.0,4.0,7.0,0.0,0.0,1.0,0.0,0.0,0.0,1.0,8.0,6.0,0.0,0.0,7.0,5.0,29.0,30.0,0.0,0.0,1.0,0.0,0.0,0.0,0.0,0.0,2.0,2.0,0.0,0.0,0.0,0.0,6.0,0.0,0.0,1.0,0.0,1.0,7.0,0.0,0.0,1.0,0.0,0.0,0.0,1.0,7.0,4.0,1706632259.0,11891407.0,天水市武山县,天水市武山县滩歌镇,19.0,26.0,5.0,4.6,54.6,45.20666666666667,51.56991869918699,46.79183823529412
甘肃省,天水市,武山县,四门镇,105.0109657,34.6252711,0.0,7.0,4.0,15.0,209.0,0.0,0.0,0.0,0.0,0.0,0.0,0.0,0.0,0.0,1.0,1.0,0.0,0.0,0.0,0.0,15.0,0.0,0.0,0.0,0.0,4.0,2.0,0.0,0.0,1.0,0.0,0.0,0.0,1.0,6.0,6.0,0.0,7.0,1.0,12.0,67.0,0.0,0.0,0.0,0.0,0.0,0.0,0.0,0.0,0.0,0.0,0.0,0.0,0.0,0.0,0.0,5.0,0.0,0.0,0.0,0.0,2.0,2.0,0.0,0.0,0.0,0.0,0.0,0.0,1.0,5.0,3.0,2953819366.0,-1.0,天水市武山县,天水市武山县四门镇,11.0,23.0,0.0,3.5,37.5,45.20666666666667,51.56991869918699,46.79183823529412
甘肃省,天水市,武山县,马力镇,104.698746,34.6643523,0.0,0.0,9.0,14.0,17.0,5.0,0.0,1.0,0.0,0.0,1.0,0.0,0.0,0.0,2.0,2.0,0.0,0.0,0.0,0.0,10.0,0.0,1.0,0.0,0.0,5.0,12.0,0.0,0.0,2.0,0.0,0.0,0.0,5.0,7.0,5.0,0.0,0.0,3.0,7.0,13.0,0.0,0.0,0.0,0.0,0.0,0.0,0.0,0.0,0.0,2.0,2.0,0.0,0.0,0.0,0.0,5.0,0.0,0.0,0.0,0.0,1.0,12.0,0.0,0.0,0.0,0.0,0.0,0.0,5.0,4.0,3.0,1706632232.0,-1.0,天水市武山县,天水市武山县马力镇,12.0,22.8,5.0,5.1,44.9,45.20666666666667,51.56991869918699,46.79183823529412
甘肃省,天水市,武山县,山丹镇,104.831342,34.75106,11.0,0.0,8.0,11.0,69.0,28.0,0.0,1.0,4.0,0.0,0.0,0.0,0.0,0.0,0.0,0.0,0.0,0.0,0.0,0.0,11.0,0.0,2.0,0.0,0.0,4.0,31.0,0.0,0.0,3.0,0.0,0.0,0.0,6.0,10.0,9.0,0.0,0.0,7.0,3.0,17.0,9.0,0.0,0.0,4.0,0.0,0.0,0.0,0.0,0.0,0.0,0.0,0.0,0.0,0.0,0.0,1.0,0.0,1.0,0.0,0.0,1.0,18.0,0.0,0.0,2.0,0.0,0.0,0.0,3.0,7.0,4.0,1706632254.0,-1.0,天水市武山县,天水市武山县山丹镇,11.0,26.0,0.0,9.4,46.4,45.20666666666667,51.56991869918699,46.79183823529412
甘肃省,天水市,武山县,温泉镇,105.050745,34.6537288,0.0,3.0,4.0,3.0,30.0,1.0,0.0,0.0,0.0,0.0,0.0,0.0,0.0,0.0,0.0,0.0,0.0,0.0,0.0,0.0,13.0,0.0,0.0,0.0,0.0,2.0,5.0,0.0,0.0,1.0,0.0,0.0,1.0,1.0,7.0,9.0,0.0,0.0,4.0,2.0,3.0,1.0,0.0,0.0,0.0,0.0,0.0,0.0,0.0,0.0,0.0,0.0,0.0,0.0,0.0,0.0,1.0,0.0,0.0,0.0,0.0,1.0,4.0,0.0,0.0,1.0,0.0,0.0,1.0,1.0,5.0,4.0,6052610177.0,-1.0,天水市武山县,天水市武山县温泉镇,9.0,18.4,0.0,5.1,32.5,45.20666666666667,51.56991869918699,46.79183823529412
甘肃省,天水市,武山县,桦林镇,104.7538589,34.8257031,8.0,0.0,0.0,10.0,68.0,6.0,0.0,0.0,0.0,2.0,2.0,0.0,0.0,0.0,5.0,5.0,0.0,0.0,0.0,0.0,16.0,0.0,0.0,0.0,0.0,5.0,52.0,0.0,0.0,1.0,0.0,0.0,0.0,5.0,10.0,8.0,3.0,0.0,0.0,3.0,15.0,3.0,0.0,0.0,0.0,1.0,1.0,0.0,0.0,0.0,2.0,2.0,0.0,0.0,0.0,0.0,3.0,0.0,0.0,0.0,0.0,1.0,14.0,0.0,0.0,0.0,0.0,0.0,0.0,4.0,10.0,2.0,1706632226.0,-1.0,天水市武山县,天水市武山县桦林镇,12.0,28.0,5.0,10.7,55.7,45.20666666666667,51.56991869918699,46.79183823529412
甘肃省,天水市,武山县,龙台镇,104.896263,34.59885,0.0,0.0,2.0,1.0,6.0,54.0,0.0,1.0,0.0,0.0,0.0,0.0,0.0,0.0,0.0,0.0,0.0,0.0,0.0,0.0,8.0,0.0,0.0,0.0,0.0,3.0,0.0,0.0,0.0,1.0,0.0,0.0,0.0,2.0,6.0,2.0,0.0,0.0,2.0,1.0,2.0,46.0,0.0,0.0,0.0,0.0,0.0,0.0,0.0,0.0,0.0,0.0,0.0,0.0,0.0,0.0,2.0,0.0,0.0,0.0,0.0,1.0,0.0,0.0,0.0,0.0,0.0,0.0,0.0,2.0,5.0,1.0,1706632229.0,-1.0,天水市武山县,天水市武山县龙台镇,10.0,10.8,0.0,1.1,21.900000000000002,45.20666666666667,51.56991869918699,46.79183823529412
甘肃省,天水市,武山县,榆盘镇,104.9165372,34.9157368,0.0,0.0,3.0,8.0,30.0,0.0,0.0,0.0,0.0,0.0,0.0,0.0,0.0,0.0,2.0,2.0,0.0,0.0,0.0,0.0,10.0,0.0,0.0,0.0,0.0,5.0,0.0,0.0,0.0,0.0,0.0,0.0,0.0,7.0,4.0,4.0,0.0,0.0,2.0,4.0,15.0,0.0,0.0,0.0,0.0,0.0,0.0,0.0,0.0,0.0,1.0,1.0,0.0,0.0,0.0,0.0,3.0,0.0,0.0,0.0,0.0,2.0,0.0,0.0,0.0,0.0,0.0,0.0,0.0,5.0,4.0,3.0,1706632275.0,-1.0,天水市武山县,天水市武山县榆盘镇,12.0,22.0,5.0,2.0,41.0,45.20666666666667,51.56991869918699,46.79183823529412
甘肃省,天水市,武山县,高楼镇,104.670473,34.762639,0.0,0.0,1.0,2.0,16.0,0.0,0.0,0.0,0.0,0.0,0.0,0.0,0.0,0.0,0.0,0.0,0.0,0.0,0.0,0.0,4.0,0.0,0.0,0.0,0.0,4.0,0.0,0.0,0.0,0.0,0.0,0.0,0.0,2.0,4.0,4.0,0.0,0.0,1.0,1.0,8.0,0.0,0.0,0.0,0.0,0.0,0.0,0.0,0.0,0.0,0.0,0.0,0.0,0.0,0.0,0.0,1.0,0.0,0.0,0.0,0.0,1.0,0.0,0.0,0.0,0.0,0.0,0.0,0.0,1.0,4.0,2.0,1706632220.0,-1.0,天水市武山县,天水市武山县高楼镇,11.0,14.6,0.0,2.0,27.6,45.20666666666667,51.56991869918699,46.79183823529412
甘肃省,天水市,武山县,杨河镇,105.0062628,34.519098,0.0,3.0,6.0,0.0,13.0,4.0,0.0,0.0,0.0,0.0,0.0,0.0,0.0,0.0,1.0,1.0,0.0,0.0,0.0,0.0,5.0,0.0,0.0,0.0,0.0,3.0,2.0,0.0,0.0,2.0,0.0,2.0,0.0,1.0,6.0,6.0,0.0,3.0,5.0,0.0,6.0,4.0,0.0,0.0,0.0,0.0,0.0,0.0,0.0,0.0,1.0,1.0,0.0,0.0,0.0,0.0,3.0,0.0,0.0,0.0,0.0,1.0,2.0,0.0,0.0,1.0,0.0,2.0,0.0,1.0,6.0,4.0,6052610179.0,-1.0,天水市武山县,天水市武山县杨河镇,10.0,12.4,5.0,3.7,31.099999999999998,45.20666666666667,51.56991869918699,46.79183823529412
甘肃省,天水市,武山县,嘴头乡,105.0376832,34.820691,0.0,0.0,0.0,3.0,36.0,0.0,0.0,0.0,0.0,0.0,0.0,0.0,0.0,0.0,1.0,1.0,0.0,0.0,0.0,0.0,9.0,0.0,0.0,0.0,0.0,2.0,5.0,0.0,0.0,2.0,0.0,0.0,0.0,1.0,4.0,3.0,0.0,0.0,0.0,1.0,6.0,0.0,0.0,0.0,0.0,0.0,0.0,0.0,0.0,0.0,0.0,0.0,0.0,0.0,0.0,0.0,4.0,0.0,0.0,0.0,0.0,1.0,5.0,0.0,0.0,0.0,0.0,0.0,0.0,1.0,3.0,2.0,6052610175.0,-1.0,天水市武山县,天水市武山县嘴头乡,9.0,14.0,0.0,2.7,25.7,45.20666666666667,51.56991869918699,46.79183823529412
甘肃省,天水市,武山县,沿安乡,104.9175102,34.4612091,0.0,0.0,1.0,8.0,27.0,26.0,0.0,3.0,0.0,0.0,0.0,0.0,0.0,0.0,0.0,0.0,0.0,0.0,0.0,0.0,13.0,0.0,0.0,0.0,0.0,4.0,18.0,0.0,0.0,2.0,0.0,4.0,0.0,6.0,7.0,6.0,0.0,0.0,0.0,6.0,2.0,22.0,0.0,3.0,0.0,0.0,0.0,0.0,0.0,0.0,0.0,0.0,0.0,0.0,0.0,0.0,3.0,0.0,0.0,0.0,0.0,1.0,17.0,0.0,0.0,0.0,0.0,4.0,0.0,1.0,4.0,4.0,1706632268.0,-1.0,天水市武山县,天水市武山县沿安乡,11.0,19.5,0.0,6.7,37.2,45.20666666666667,51.56991869918699,46.79183823529412
甘肃省,天水市,张家川回族自治县,张家川镇,106.2113999,34.9969218,6.0,10.0,19.0,32.0,122.0,24.0,0.0,11.0,6.0,1.0,2.0,1.0,3.0,4.0,6.0,6.0,0.0,0.0,0.0,5.0,27.0,0.0,4.0,0.0,0.0,4.0,95.0,0.0,0.0,2.0,4.0,16.0,3.0,3.0,15.0,8.0,0.0,0.0,9.0,15.0,34.0,8.0,0.0,5.0,0.0,0.0,0.0,0.0,1.0,1.0,1.0,1.0,0.0,0.0,0.0,0.0,7.0,0.0,0.0,0.0,0.0,1.0,26.0,0.0,0.0,0.0,1.0,4.0,0.0,2.0,7.0,4.0,8116642194.0,-1.0,天水市张家川回族自治县,天水市张家川回族自治县张家川镇,11.0,30.0,15.0,16.3,72.3,38.473333333333336,51.56991869918699,46.79183823529412
甘肃省,天水市,张家川回族自治县,龙山镇,106.0841249,35.0381225,0.0,0.0,6.0,17.0,92.0,0.0,0.0,1.0,0.0,0.0,1.0,0.0,1.0,1.0,4.0,4.0,0.0,0.0,0.0,0.0,21.0,0.0,0.0,0.0,0.0,2.0,52.0,0.0,0.0,2.0,1.0,2.0,0.0,1.0,5.0,9.0,0.0,0.0,4.0,11.0,37.0,0.0,0.0,1.0,0.0,0.0,0.0,0.0,1.0,1.0,3.0,3.0,0.0,0.0,0.0,0.0,6.0,0.0,0.0,0.0,0.0,2.0,29.0,0.0,0.0,1.0,1.0,1.0,0.0,1.0,5.0,5.0,2655504120.0,-1.0,天水市张家川回族自治县,天水市张家川回族自治县龙山镇,9.0,24.5,10.0,12.4,55.9,38.473333333333336,51.56991869918699,46.79183823529412
甘肃省,天水市,张家川回族自治县,恭门镇,106.2981039,34.9419579,0.0,11.0,1.0,11.0,29.0,4.0,0.0,0.0,0.0,0.0,1.0,0.0,0.0,0.0,1.0,1.0,0.0,0.0,0.0,0.0,10.0,0.0,0.0,0.0,1.0,2.0,58.0,0.0,0.0,3.0,0.0,0.0,0.0,2.0,8.0,5.0,0.0,10.0,1.0,5.0,14.0,4.0,0.0,0.0,0.0,0.0,1.0,0.0,0.0,0.0,1.0,1.0,0.0,0.0,0.0,0.0,3.0,0.0,0.0,0.0,0.0,1.0,52.0,0.0,0.0,1.0,0.0,0.0,0.0,2.0,7.0,4.0,4246758031.0,-1.0,天水市张家川回族自治县,天水市张家川回族自治县恭门镇,9.0,26.0,5.0,13.9,53.9,38.473333333333336,51.56991869918699,46.79183823529412
甘肃省,天水市,张家川回族自治县,马鹿镇,106.4535456,34.9116499,0.0,3.0,0.0,0.0,33.0,0.0,0.0,0.0,0.0,0.0,0.0,0.0,0.0,0.0,0.0,0.0,0.0,0.0,0.0,0.0,13.0,0.0,0.0,0.0,0.0,1.0,0.0,0.0,0.0,1.0,0.0,0.0,0.0,1.0,4.0,6.0,0.0,1.0,0.0,0.0,11.0,0.0,0.0,0.0,0.0,0.0,0.0,0.0,0.0,0.0,0.0,0.0,0.0,0.0,0.0,0.0,2.0,0.0,0.0,0.0,0.0,1.0,0.0,0.0,0.0,1.0,0.0,0.0,0.0,1.0,3.0,3.0,4007925749.0,11888670.0,天水市张家川回族自治县,天水市张家川回族自治县马鹿镇,16.0,16.9,0.0,3.2,36.1,38.473333333333336,51.56991869918699,46.79183823529412
甘肃省,天水市,张家川回族自治县,梁山镇,105.974003,35.073185,0.0,0.0,2.0,2.0,40.0,0.0,0.0,0.0,0.0,0.0,0.0,0.0,0.0,0.0,0.0,0.0,0.0,0.0,0.0,0.0,20.0,0.0,0.0,0.0,0.0,1.0,1.0,0.0,0.0,4.0,0.0,0.0,0.0,8.0,4.0,4.0,0.0,0.0,1.0,1.0,5.0,0.0,0.0,0.0,0.0,0.0,0.0,0.0,0.0,0.0,0.0,0.0,0.0,0.0,0.0,0.0,5.0,0.0,0.0,0.0,0.0,1.0,0.0,0.0,0.0,3.0,0.0,0.0,0.0,1.0,3.0,2.0,6027549227.0,-1.0,天水市张家川回族自治县,天水市张家川回族自治县梁山镇,8.0,18.5,0.0,2.8,29.3,38.473333333333336,51.56991869918699,46.79183823529412
甘肃省,天水市,张家川回族自治县,马关镇,106.0360148,35.06627,0.0,0.0,9.0,6.0,41.0,0.0,0.0,0.0,0.0,0.0,0.0,0.0,0.0,0.0,0.0,0.0,0.0,0.0,0.0,0.0,30.0,0.0,0.0,0.0,0.0,2.0,14.0,0.0,0.0,7.0,0.0,0.0,0.0,1.0,5.0,7.0,0.0,0.0,4.0,5.0,7.0,0.0,0.0,0.0,0.0,0.0,0.0,0.0,0.0,0.0,0.0,0.0,0.0,0.0,0.0,0.0,5.0,0.0,0.0,0.0,0.0,1.0,4.0,0.0,0.0,0.0,0.0,0.0,0.0,1.0,4.0,3.0,6027549229.0,-1.0,天水市张家川回族自治县,天水市张家川回族自治县马关镇,9.0,22.5,0.0,6.0,37.5,38.473333333333336,51.56991869918699,46.79183823529412
甘肃省,天水市,张家川回族自治县,刘堡镇,106.2341988,35.0583241,16.0,0.0,0.0,10.0,27.0,0.0,0.0,0.0,0.0,0.0,0.0,0.0,0.0,0.0,2.0,2.0,0.0,0.0,0.0,0.0,10.0,0.0,0.0,0.0,0.0,10.0,7.0,0.0,0.0,1.0,0.0,0.0,0.0,2.0,4.0,4.0,3.0,0.0,0.0,6.0,7.0,0.0,0.0,0.0,0.0,0.0,0.0,0.0,0.0,0.0,0.0,0.0,0.0,0.0,0.0,0.0,0.0,0.0,0.0,0.0,0.0,1.0,0.0,0.0,0.0,0.0,0.0,0.0,0.0,2.0,4.0,1.0,4905854462.0,-1.0,天水市张家川回族自治县,天水市张家川回族自治县刘堡镇,12.0,19.5,0.0,2.8,34.3,38.473333333333336,51.56991869918699,46.79183823529412
甘肃省,天水市,张家川回族自治县,胡川镇,106.1444527,34.9265003,3.0,0.0,0.0,1.0,58.0,1.0,0.0,0.0,0.0,0.0,1.0,0.0,0.0,0.0,1.0,1.0,0.0,0.0,0.0,0.0,12.0,0.0,1.0,0.0,0.0,1.0,4.0,0.0,0.0,0.0,0.0,0.0,0.0,4.0,8.0,7.0,3.0,0.0,0.0,0.0,16.0,0.0,0.0,0.0,0.0,0.0,1.0,0.0,0.0,0.0,0.0,0.0,0.0,0.0,0.0,0.0,3.0,0.0,1.0,0.0,0.0,1.0,1.0,0.0,0.0,0.0,0.0,0.0,0.0,2.0,4.0,3.0,6027125224.0,-1.0,天水市张家川回族自治县,天水市张家川回族自治县胡川镇,8.0,26.0,0.0,4.0,38.0,38.473333333333336,51.56991869918699,46.79183823529412
甘肃省,天水市,张家川回族自治县,大阳镇,106.0701433,34.9863922,0.0,0.0,0.0,9.0,51.0,0.0,0.0,0.0,0.0,0.0,0.0,0.0,0.0,0.0,1.0,1.0,0.0,0.0,0.0,0.0,24.0,0.0,0.0,0.0,0.0,7.0,15.0,0.0,0.0,0.0,0.0,0.0,0.0,5.0,6.0,6.0,0.0,0.0,0.0,7.0,10.0,0.0,0.0,0.0,0.0,0.0,0.0,0.0,0.0,0.0,0.0,0.0,0.0,0.0,0.0,0.0,5.0,0.0,0.0,0.0,0.0,1.0,0.0,0.0,0.0,0.0,0.0,0.0,0.0,1.0,3.0,2.0,6027549226.0,-1.0,天水市张家川回族自治县,天水市张家川回族自治县大阳镇,12.0,21.200000000000003,0.0,4.5,37.7,38.473333333333336,51.56991869918699,46.79183823529412
甘肃省,天水市,张家川回族自治县,川王镇,106.1507373,35.0830907,0.0,0.0,0.0,3.0,19.0,0.0,0.0,0.0,0.0,0.0,0.0,0.0,0.0,0.0,2.0,2.0,0.0,0.0,0.0,0.0,8.0,0.0,0.0,0.0,0.0,4.0,4.0,0.0,0.0,0.0,0.0,0.0,0.0,1.0,3.0,3.0,0.0,0.0,0.0,3.0,1.0,0.0,0.0,0.0,0.0,0.0,0.0,0.0,0.0,0.0,0.0,0.0,0.0,0.0,0.0,0.0,2.0,0.0,0.0,0.0,0.0,1.0,0.0,0.0,0.0,0.0,0.0,0.0,0.0,1.0,2.0,2.0,6027549225.0,-1.0,天水市张家川回族自治县,天水市张家川回族自治县川王镇,11.0,8.600000000000001,0.0,1.9,21.5,38.473333333333336,51.56991869918699,46.79183823529412
甘肃省,天水市,张家川回族自治县,张棉乡,106.232214,35.1460295,5.0,0.0,2.0,6.0,25.0,0.0,0.0,0.0,0.0,0.0,0.0,0.0,0.0,0.0,0.0,0.0,0.0,0.0,0.0,0.0,15.0,0.0,0.0,0.0,0.0,5.0,4.0,0.0,0.0,2.0,0.0,0.0,0.0,5.0,7.0,7.0,4.0,0.0,2.0,5.0,8.0,0.0,0.0,0.0,0.0,0.0,0.0,0.0,0.0,0.0,0.0,0.0,0.0,0.0,0.0,0.0,3.0,0.0,0.0,0.0,0.0,1.0,2.0,0.0,0.0,1.0,0.0,0.0,0.0,1.0,6.0,3.0,4905853172.0,-1.0,天水市张家川回族自治县,天水市张家川回族自治县张棉乡,12.0,20.9,0.0,4.4,37.3,38.473333333333336,51.56991869918699,46.79183823529412
甘肃省,天水市,张家川回族自治县,木河乡,106.1372512,35.0229908,0.0,0.0,3.0,1.0,40.0,0.0,0.0,0.0,0.0,0.0,0.0,0.0,0.0,0.0,0.0,0.0,0.0,0.0,0.0,0.0,7.0,0.0,0.0,0.0,0.0,6.0,7.0,0.0,0.0,0.0,0.0,0.0,0.0,1.0,4.0,3.0,0.0,0.0,1.0,0.0,11.0,0.0,0.0,0.0,0.0,0.0,0.0,0.0,0.0,0.0,0.0,0.0,0.0,0.0,0.0,0.0,2.0,0.0,0.0,0.0,0.0,2.0,3.0,0.0,0.0,0.0,0.0,0.0,0.0,1.0,3.0,2.0,6027549230.0,-1.0,天水市张家川回族自治县,天水市张家川回族自治县木河乡,12.0,19.3,0.0,2.5,33.8,38.473333333333336,51.56991869918699,46.79183823529412
甘肃省,天水市,张家川回族自治县,连五乡,106.1070134,35.0955787,0.0,0.0,0.0,8.0,34.0,0.0,0.0,0.0,0.0,0.0,0.0,0.0,0.0,0.0,2.0,2.0,0.0,0.0,0.0,0.0,8.0,0.0,0.0,0.0,0.0,1.0,7.0,0.0,0.0,1.0,0.0,0.0,0.0,5.0,3.0,5.0,0.0,0.0,0.0,3.0,8.0,0.0,0.0,0.0,0.0,0.0,0.0,0.0,0.0,0.0,1.0,1.0,0.0,0.0,0.0,0.0,2.0,0.0,0.0,0.0,0.0,1.0,3.0,0.0,0.0,1.0,0.0,0.0,0.0,1.0,3.0,2.0,6027549228.0,-1.0,天水市张家川回族自治县,天水市张家川回族自治县连五乡,8.0,15.700000000000001,5.0,3.7,32.400000000000006,38.473333333333336,51.56991869918699,46.79183823529412
甘肃省,天水市,张家川回族自治县,平安乡,106.3141196,35.0205075,0.0,0.0,0.0,3.0,8.0,0.0,0.0,0.0,0.0,0.0,0.0,0.0,0.0,0.0,1.0,1.0,0.0,0.0,0.0,0.0,12.0,0.0,1.0,0.0,0.0,2.0,12.0,0.0,0.0,5.0,0.0,0.0,0.0,1.0,4.0,7.0,0.0,0.0,0.0,3.0,6.0,0.0,0.0,0.0,0.0,0.0,0.0,0.0,0.0,0.0,1.0,1.0,0.0,0.0,0.0,0.0,6.0,0.0,0.0,0.0,0.0,2.0,9.0,0.0,0.0,2.0,0.0,0.0,0.0,1.0,4.0,2.0,4290759352.0,-1.0,天水市张家川回族自治县,天水市张家川回族自治县平安乡,9.0,8.4,5.0,6.300000000000001,28.7,38.473333333333336,51.56991869918699,46.79183823529412
甘肃省,天水市,张家川回族自治县,阎家乡,106.3762597,34.9235937,0.0,1.0,0.0,6.0,10.0,2.0,0.0,0.0,0.0,0.0,0.0,0.0,0.0,0.0,0.0,0.0,0.0,0.0,0.0,0.0,5.0,0.0,0.0,0.0,0.0,1.0,11.0,0.0,0.0,1.0,0.0,0.0,0.0,2.0,6.0,6.0,0.0,1.0,0.0,4.0,3.0,0.0,0.0,0.0,0.0,0.0,0.0,0.0,0.0,0.0,0.0,0.0,0.0,0.0,0.0,0.0,2.0,0.0,0.0,0.0,0.0,1.0,3.0,0.0,0.0,0.0,0.0,0.0,0.0,1.0,5.0,3.0,6027549231.0,-1.0,天水市张家川回族自治县,天水市张家川回族自治县阎家乡,8.0,15.9,0.0,4.5,28.4,38.473333333333336,51.56991869918699,46.79183823529412
甘肃省,武威市,凉州区,东大街街道,102.6390855,37.926625,0.0,38.0,25.0,49.0,79.0,5.0,6.0,22.0,4.0,7.0,3.0,5.0,10.0,10.0,28.0,36.0,1.0,0.0,0.0,26.0,26.0,2.0,3.0,0.0,1.0,13.0,141.0,0.0,0.0,10.0,4.0,77.0,29.0,14.0,14.0,11.0,0.0,2.0,7.0,8.0,14.0,0.0,0.0,11.0,0.0,0.0,0.0,2.0,4.0,4.0,12.0,12.0,0.0,0.0,0.0,4.0,1.0,0.0,0.0,0.0,0.0,4.0,24.0,0.0,0.0,2.0,0.0,23.0,7.0,7.0,8.0,3.0,5990274508.0,8821850.0,武威市凉州区,武威市凉州区东大街街道,20.0,30.0,19.0,20.0,89.0,50.91304347826087,42.1313725490196,46.79183823529412
甘肃省,武威市,凉州区,西大街街道,102.62783,37.9323663,0.0,34.0,27.0,46.0,94.0,12.0,6.0,27.0,2.0,7.0,4.0,5.0,12.0,12.0,30.0,39.0,2.0,0.0,0.0,29.0,27.0,3.0,2.0,0.0,1.0,12.0,159.0,0.0,0.0,10.0,4.0,84.0,29.0,14.0,14.0,11.0,0.0,8.0,4.0,10.0,12.0,0.0,0.0,3.0,0.0,0.0,0.0,1.0,3.0,3.0,8.0,9.0,0.0,0.0,0.0,6.0,1.0,0.0,0.0,0.0,0.0,4.0,27.0,0.0,0.0,1.0,1.0,17.0,4.0,6.0,9.0,3.0,5990314946.0,8821851.0,武威市凉州区,武威市凉州区西大街街道,20.0,30.0,21.0,20.0,91.0,50.91304347826087,42.1313725490196,46.79183823529412
甘肃省,武威市,凉州区,东关街街道,102.6499313,37.926805,0.0,36.0,22.0,47.0,80.0,4.0,6.0,22.0,2.0,1.0,2.0,5.0,13.0,13.0,25.0,30.0,0.0,0.0,0.0,17.0,27.0,1.0,3.0,0.0,1.0,12.0,107.0,0.0,0.0,12.0,1.0,76.0,22.0,12.0,14.0,10.0,0.0,5.0,11.0,9.0,17.0,0.0,0.0,0.0,0.0,0.0,0.0,1.0,2.0,2.0,4.0,5.0,0.0,0.0,0.0,1.0,2.0,0.0,0.0,0.0,0.0,3.0,19.0,0.0,0.0,3.0,0.0,14.0,4.0,5.0,6.0,5.0,5990624741.0,8822084.0,武威市凉州区,武威市凉州区东关街街道,20.0,30.0,16.0,18.1,84.1,50.91304347826087,42.1313725490196,46.79183823529412
甘肃省,武威市,凉州区,西关街街道,102.6111403,37.9270264,1.0,21.0,19.0,44.0,144.0,7.0,1.0,20.0,4.0,8.0,5.0,4.0,12.0,12.0,29.0,37.0,2.0,0.0,0.0,28.0,27.0,4.0,0.0,0.0,3.0,13.0,133.0,0.0,0.0,2.0,7.0,63.0,24.0,16.0,16.0,10.0,0.0,2.0,4.0,6.0,7.0,0.0,0.0,0.0,0.0,0.0,0.0,0.0,0.0,0.0,6.0,8.0,0.0,0.0,0.0,5.0,0.0,1.0,0.0,0.0,0.0,1.0,25.0,0.0,0.0,1.0,2.0,5.0,3.0,4.0,6.0,4.0,5990624742.0,8822085.0,武威市凉州区,武威市凉州区西关街街道,20.0,30.0,15.0,20.0,85.0,50.91304347826087,42.1313725490196,46.79183823529412
甘肃省,武威市,凉州区,火车站街街道,102.6191353,37.9171176,3.0,19.0,20.0,37.0,144.0,1.0,0.0,16.0,4.0,5.0,4.0,4.0,12.0,12.0,27.0,34.0,1.0,0.0,0.0,24.0,17.0,2.0,1.0,0.0,1.0,15.0,138.0,0.0,0.0,5.0,6.0,65.0,24.0,16.0,15.0,11.0,0.0,8.0,2.0,6.0,14.0,0.0,0.0,2.0,0.0,0.0,2.0,2.0,1.0,1.0,7.0,7.0,0.0,0.0,0.0,7.0,2.0,0.0,0.0,0.0,0.0,2.0,26.0,0.0,0.0,0.0,0.0,14.0,5.0,4.0,10.0,5.0,5990669203.0,11865415.0,武威市凉州区,武威市凉州区火车站街街道,20.0,30.0,21.0,20.0,91.0,50.91304347826087,42.1313725490196,46.79183823529412
甘肃省,武威市,凉州区,地质新村街街道,102.6249299,37.9367277,0.0,32.0,21.0,43.0,121.0,12.0,6.0,26.0,0.0,6.0,4.0,5.0,13.0,13.0,29.0,38.0,2.0,0.0,0.0,29.0,29.0,3.0,1.0,0.0,2.0,11.0,146.0,0.0,0.0,7.0,4.0,84.0,28.0,13.0,14.0,11.0,0.0,6.0,4.0,15.0,7.0,0.0,0.0,2.0,0.0,4.0,0.0,0.0,3.0,3.0,4.0,6.0,0.0,0.0,0.0,8.0,3.0,0.0,0.0,0.0,0.0,2.0,37.0,0.0,0.0,1.0,1.0,8.0,8.0,5.0,8.0,4.0,5990669202.0,8822104.0,武威市凉州区,武威市凉州区地质新村街街道,20.0,28.0,21.0,20.0,89.0,50.91304347826087,42.1313725490196,46.79183823529412
甘肃省,武威市,凉州区,荣华街街道,102.6626048,37.9177259,0.0,17.0,20.0,25.0,73.0,9.0,3.0,18.0,0.0,2.0,1.0,2.0,10.0,10.0,16.0,20.0,0.0,0.0,0.0,6.0,35.0,2.0,6.0,0.0,1.0,6.0,58.0,0.0,0.0,10.0,0.0,56.0,13.0,9.0,14.0,10.0,0.0,6.0,11.0,10.0,4.0,0.0,0.0,1.0,0.0,0.0,0.0,0.0,2.0,2.0,0.0,0.0,0.0,0.0,0.0,1.0,8.0,1.0,1.0,0.0,0.0,1.0,6.0,0.0,0.0,2.0,0.0,3.0,1.0,3.0,6.0,8.0,5990852041.0,8822229.0,武威市凉州区,武威市凉州区荣华街街道,20.0,28.0,11.0,11.600000000000001,70.6,50.91304347826087,42.1313725490196,46.79183823529412
甘肃省,武威市,凉州区,宣武街街道,102.612671,37.939353,1.0,24.0,18.0,38.0,192.0,18.0,4.0,25.0,1.0,5.0,5.0,5.0,13.0,13.0,26.0,32.0,2.0,0.0,0.0,25.0,33.0,9.0,0.0,0.0,2.0,12.0,130.0,0.0,0.0,3.0,4.0,67.0,20.0,15.0,16.0,11.0,0.0,4.0,4.0,13.0,4.0,0.0,0.0,1.0,0.0,3.0,0.0,0.0,6.0,6.0,4.0,8.0,2.0,0.0,0.0,7.0,4.0,2.0,0.0,0.0,0.0,0.0,43.0,0.0,0.0,1.0,2.0,13.0,6.0,4.0,7.0,5.0,-1.0,-1.0,武威市凉州区,武威市凉州区宣武街街道,5.0,30.0,26.0,20.0,81.0,50.91304347826087,42.1313725490196,46.79183823529412
甘肃省,武威市,凉州区,黄羊河街道,102.881062,37.7666608,0.0,0.0,0.0,0.0,39.0,0.0,0.0,0.0,0.0,0.0,0.0,0.0,0.0,0.0,0.0,0.0,0.0,0.0,0.0,0.0,6.0,1.0,1.0,0.0,0.0,1.0,0.0,0.0,0.0,8.0,0.0,0.0,1.0,3.0,3.0,5.0,0.0,0.0,0.0,0.0,4.0,0.0,0.0,0.0,0.0,0.0,0.0,0.0,0.0,0.0,0.0,0.0,0.0,0.0,0.0,0.0,1.0,0.0,0.0,0.0,0.0,1.0,0.0,0.0,0.0,0.0,0.0,0.0,0.0,1.0,2.0,1.0,5990852040.0,-1.0,武威市凉州区,武威市凉州区黄羊河街道,8.0,10.5,0.0,3.3,21.8,50.91304347826087,42.1313725490196,46.79183823529412
甘肃省,武威市,凉州区,黄羊镇,102.846206,37.6725268,1.0,0.0,9.0,15.0,51.0,1.0,0.0,1.0,0.0,0.0,1.0,1.0,0.0,0.0,4.0,4.0,0.0,0.0,0.0,0.0,10.0,0.0,1.0,0.0,0.0,21.0,2.0,0.0,0.0,3.0,0.0,10.0,0.0,6.0,10.0,7.0,0.0,0.0,2.0,4.0,10.0,0.0,0.0,0.0,0.0,0.0,0.0,0.0,0.0,0.0,4.0,4.0,0.0,0.0,0.0,0.0,8.0,0.0,0.0,0.0,0.0,4.0,0.0,0.0,0.0,0.0,0.0,9.0,0.0,1.0,3.0,4.0,2340595338.0,-1.0,武威市凉州区,武威市凉州区黄羊镇,12.0,26.0,10.0,4.0,52.0,50.91304347826087,42.1313725490196,46.79183823529412
甘肃省,武威市,凉州区,武南镇,102.7243196,37.8270124,2.0,4.0,9.0,7.0,86.0,6.0,0.0,0.0,0.0,0.0,1.0,1.0,0.0,0.0,2.0,2.0,0.0,0.0,0.0,0.0,8.0,0.0,8.0,0.0,0.0,1.0,182.0,0.0,7.0,13.0,0.0,3.0,0.0,6.0,10.0,7.0,0.0,0.0,5.0,1.0,25.0,0.0,0.0,0.0,0.0,0.0,0.0,1.0,0.0,0.0,1.0,1.0,0.0,0.0,0.0,0.0,1.0,0.0,1.0,0.0,0.0,1.0,124.0,0.0,6.0,5.0,0.0,0.0,0.0,2.0,4.0,3.0,5984597123.0,-1.0,武威市凉州区,武威市凉州区武南镇,8.0,26.0,10.0,19.5,63.5,50.91304347826087,42.1313725490196,46.79183823529412
甘肃省,武威市,凉州区,清源镇,102.8014947,37.8849714,0.0,3.0,2.0,5.0,53.0,4.0,0.0,0.0,0.0,0.0,1.0,0.0,0.0,0.0,1.0,1.0,0.0,0.0,0.0,0.0,20.0,0.0,5.0,0.0,0.0,5.0,0.0,0.0,0.0,2.0,0.0,0.0,0.0,1.0,7.0,3.0,0.0,2.0,2.0,1.0,8.0,2.0,0.0,0.0,0.0,0.0,1.0,0.0,0.0,0.0,1.0,1.0,0.0,0.0,0.0,0.0,4.0,0.0,0.0,0.0,0.0,1.0,0.0,0.0,0.0,0.0,0.0,0.0,0.0,1.0,7.0,2.0,5984590971.0,-1.0,武威市凉州区,武威市凉州区清源镇,12.0,25.5,5.0,1.7,44.2,50.91304347826087,42.1313725490196,46.79183823529412
甘肃省,武威市,凉州区,永昌镇,102.5936786,38.0613593,0.0,1.0,3.0,10.0,177.0,14.0,0.0,1.0,0.0,1.0,0.0,2.0,2.0,2.0,2.0,2.0,0.0,0.0,1.0,0.0,38.0,2.0,7.0,0.0,0.0,7.0,16.0,0.0,0.0,7.0,1.0,6.0,1.0,2.0,11.0,8.0,0.0,1.0,0.0,3.0,17.0,0.0,0.0,0.0,0.0,0.0,0.0,1.0,1.0,1.0,1.0,1.0,0.0,0.0,1.0,0.0,0.0,0.0,0.0,0.0,0.0,3.0,3.0,0.0,0.0,1.0,1.0,3.0,1.0,1.0,5.0,2.0,3610018031.0,-1.0,武威市凉州区,武威市凉州区永昌镇,12.0,26.0,17.0,6.7,61.7,50.91304347826087,42.1313725490196,46.79183823529412
甘肃省,武威市,凉州区,双城镇,102.5900179,38.1534897,0.0,3.0,0.0,9.0,91.0,0.0,0.0,0.0,0.0,0.0,2.0,1.0,1.0,1.0,0.0,0.0,0.0,0.0,1.0,1.0,51.0,3.0,6.0,0.0,0.0,5.0,9.0,0.0,0.0,5.0,4.0,1.0,0.0,6.0,5.0,8.0,0.0,1.0,0.0,3.0,12.0,0.0,0.0,0.0,0.0,0.0,1.0,1.0,1.0,1.0,0.0,0.0,0.0,0.0,1.0,1.0,11.0,2.0,3.0,0.0,0.0,1.0,7.0,0.0,0.0,0.0,4.0,1.0,0.0,1.0,4.0,4.0,3610042043.0,-1.0,武威市凉州区,武威市凉州区双城镇,12.0,24.5,13.0,6.1,55.6,50.91304347826087,42.1313725490196,46.79183823529412
甘肃省,武威市,凉州区,丰乐镇,102.3637852,38.070694,3.0,2.0,0.0,1.0,73.0,0.0,0.0,0.0,0.0,0.0,2.0,0.0,0.0,0.0,0.0,0.0,0.0,0.0,0.0,2.0,11.0,0.0,0.0,0.0,1.0,1.0,2.0,0.0,0.0,1.0,0.0,0.0,0.0,5.0,8.0,4.0,1.0,2.0,0.0,1.0,19.0,0.0,0.0,0.0,0.0,0.0,2.0,0.0,0.0,0.0,0.0,0.0,0.0,0.0,0.0,2.0,3.0,0.0,0.0,0.0,1.0,1.0,1.0,0.0,0.0,0.0,0.0,0.0,0.0,4.0,8.0,2.0,3610047847.0,-1.0,武威市凉州区,武威市凉州区丰乐镇,8.0,26.0,2.0,2.4,38.4,50.91304347826087,42.1313725490196,46.79183823529412
甘肃省,武威市,凉州区,高坝镇,102.6477815,37.8828441,9.0,6.0,8.0,10.0,83.0,3.0,0.0,0.0,0.0,0.0,1.0,0.0,1.0,1.0,3.0,3.0,0.0,0.0,0.0,0.0,35.0,2.0,11.0,0.0,0.0,2.0,17.0,0.0,0.0,7.0,0.0,23.0,1.0,7.0,13.0,9.0,1.0,0.0,2.0,1.0,23.0,1.0,0.0,0.0,0.0,0.0,0.0,0.0,0.0,0.0,1.0,1.0,0.0,0.0,0.0,0.0,8.0,1.0,0.0,0.0,0.0,1.0,4.0,0.0,0.0,1.0,0.0,5.0,0.0,3.0,6.0,4.0,5984607340.0,-1.0,武威市凉州区,武威市凉州区高坝镇,9.0,26.0,5.0,6.9,46.9,50.91304347826087,42.1313725490196,46.79183823529412
甘肃省,武威市,凉州区,金羊镇,102.6421434,37.9455503,0.0,28.0,23.0,44.0,117.0,11.0,6.0,24.0,0.0,4.0,0.0,3.0,9.0,9.0,20.0,26.0,2.0,0.0,0.0,12.0,14.0,1.0,1.0,0.0,0.0,8.0,100.0,0.0,0.0,10.0,2.0,64.0,18.0,12.0,12.0,9.0,0.0,5.0,4.0,9.0,6.0,2.0,6.0,6.0,0.0,0.0,0.0,1.0,0.0,0.0,2.0,2.0,0.0,0.0,0.0,0.0,2.0,0.0,1.0,0.0,0.0,1.0,16.0,0.0,0.0,2.0,0.0,10.0,3.0,3.0,9.0,6.0,5984607341.0,-1.0,武威市凉州区,武威市凉州区金羊镇,12.0,26.0,10.0,16.8,64.8,50.91304347826087,42.1313725490196,46.79183823529412
甘肃省,武威市,凉州区,和平镇,102.6238839,37.9139451,7.0,20.0,26.0,33.0,138.0,1.0,0.0,16.0,4.0,5.0,3.0,4.0,6.0,6.0,26.0,33.0,0.0,0.0,0.0,22.0,18.0,2.0,1.0,0.0,1.0,15.0,126.0,0.0,0.0,6.0,5.0,61.0,21.0,16.0,15.0,11.0,0.0,9.0,3.0,10.0,9.0,0.0,0.0,2.0,2.0,3.0,2.0,2.0,1.0,1.0,3.0,3.0,0.0,0.0,0.0,8.0,2.0,0.0,0.0,0.0,1.0,2.0,22.0,0.0,0.0,1.0,0.0,10.0,5.0,5.0,9.0,7.0,5984621612.0,-1.0,武威市凉州区,武威市凉州区和平镇,12.0,30.0,21.0,19.5,82.5,50.91304347826087,42.1313725490196,46.79183823529412
甘肃省,武威市,凉州区,羊下坝镇,102.6670882,38.0069903,1.0,2.0,0.0,3.0,197.0,0.0,0.0,0.0,0.0,0.0,0.0,1.0,0.0,0.0,1.0,1.0,0.0,0.0,0.0,0.0,9.0,0.0,0.0,0.0,0.0,8.0,2.0,0.0,0.0,3.0,0.0,1.0,0.0,3.0,8.0,3.0,1.0,0.0,0.0,1.0,32.0,0.0,0.0,0.0,0.0,0.0,0.0,1.0,0.0,0.0,0.0,0.0,0.0,0.0,0.0,0.0,0.0,0.0,0.0,0.0,0.0,2.0,1.0,0.0,0.0,0.0,0.0,0.0,0.0,1.0,5.0,0.0,5984621613.0,-1.0,武威市凉州区,武威市凉州区羊下坝镇,12.0,24.0,5.0,2.1,43.1,50.91304347826087,42.1313725490196,46.79183823529412
甘肃省,武威市,凉州区,中坝镇,102.6558598,37.9836557,1.0,13.0,0.0,13.0,123.0,0.0,0.0,0.0,0.0,0.0,0.0,1.0,0.0,0.0,0.0,0.0,0.0,0.0,0.0,0.0,15.0,0.0,0.0,0.0,0.0,6.0,2.0,0.0,0.0,6.0,0.0,1.0,0.0,3.0,7.0,3.0,1.0,7.0,0.0,2.0,14.0,0.0,0.0,0.0,0.0,0.0,0.0,0.0,0.0,0.0,0.0,0.0,0.0,0.0,0.0,0.0,0.0,0.0,0.0,0.0,0.0,2.0,0.0,0.0,0.0,1.0,0.0,0.0,0.0,1.0,6.0,0.0,5984629139.0,-1.0,武威市凉州区,武威市凉州区中坝镇,12.0,23.5,5.0,2.4,42.9,50.91304347826087,42.1313725490196,46.79183823529412
甘肃省,武威市,凉州区,永丰镇,102.466289,38.0145695,3.0,0.0,0.0,8.0,120.0,1.0,0.0,0.0,0.0,0.0,0.0,0.0,0.0,0.0,0.0,0.0,0.0,0.0,0.0,0.0,1.0,0.0,0.0,0.0,0.0,1.0,0.0,0.0,0.0,3.0,0.0,0.0,0.0,6.0,7.0,6.0,1.0,0.0,0.0,6.0,21.0,0.0,0.0,0.0,0.0,0.0,0.0,0.0,0.0,0.0,0.0,0.0,0.0,0.0,0.0,0.0,1.0,0.0,0.0,0.0,0.0,1.0,0.0,0.0,0.0,1.0,0.0,0.0,0.0,4.0,6.0,2.0,5984631941.0,-1.0,武威市凉州区,武威市凉州区永丰镇,8.0,23.5,0.0,3.4,34.9,50.91304347826087,42.1313725490196,46.79183823529412
甘肃省,武威市,凉州区,古城镇,102.6443957,37.746384,0.0,1.0,3.0,4.0,117.0,0.0,0.0,0.0,0.0,0.0,0.0,1.0,0.0,0.0,1.0,2.0,0.0,0.0,0.0,0.0,6.0,0.0,0.0,0.0,0.0,3.0,2.0,0.0,0.0,3.0,4.0,2.0,0.0,1.0,6.0,4.0,0.0,1.0,0.0,0.0,19.0,0.0,0.0,0.0,0.0,0.0,0.0,1.0,0.0,0.0,1.0,2.0,0.0,0.0,0.0,0.0,1.0,0.0,0.0,0.0,0.0,1.0,2.0,0.0,0.0,2.0,4.0,2.0,0.0,1.0,3.0,2.0,5984947914.0,-1.0,武威市凉州区,武威市凉州区古城镇,10.0,23.0,10.0,2.9,45.9,50.91304347826087,42.1313725490196,46.79183823529412
甘肃省,武威市,凉州区,张义镇,102.6593413,37.5230449,0.0,0.0,5.0,0.0,17.0,0.0,0.0,0.0,0.0,0.0,0.0,0.0,0.0,0.0,0.0,0.0,0.0,0.0,0.0,0.0,3.0,0.0,1.0,0.0,0.0,2.0,0.0,0.0,0.0,0.0,0.0,0.0,0.0,1.0,3.0,3.0,0.0,0.0,1.0,0.0,12.0,0.0,0.0,0.0,0.0,0.0,0.0,0.0,0.0,0.0,0.0,0.0,0.0,0.0,0.0,0.0,3.0,0.0,1.0,0.0,0.0,1.0,0.0,0.0,0.0,0.0,0.0,0.0,0.0,1.0,3.0,2.0,5985027320.0,-1.0,武威市凉州区,武威市凉州区张义镇,9.0,13.5,0.0,1.5,24.0,50.91304347826087,42.1313725490196,46.79183823529412
甘肃省,武威市,凉州区,发放镇,102.6887885,37.9391442,0.0,16.0,4.0,16.0,116.0,2.0,0.0,2.0,1.0,1.0,1.0,1.0,5.0,5.0,2.0,3.0,0.0,0.0,0.0,0.0,12.0,0.0,2.0,0.0,1.0,3.0,20.0,0.0,0.0,5.0,0.0,5.0,0.0,4.0,8.0,8.0,0.0,4.0,0.0,3.0,20.0,1.0,0.0,0.0,0.0,0.0,1.0,1.0,0.0,0.0,1.0,1.0,0.0,0.0,0.0,0.0,2.0,0.0,0.0,0.0,0.0,1.0,5.0,0.0,0.0,1.0,0.0,0.0,0.0,2.0,5.0,3.0,5985275379.0,-1.0,武威市凉州区,武威市凉州区发放镇,10.0,30.0,10.0,7.1,57.1,50.91304347826087,42.1313725490196,46.79183823529412
甘肃省,武威市,凉州区,西营镇,102.4345078,37.9715393,1.0,3.0,0.0,0.0,139.0,1.0,0.0,0.0,0.0,0.0,0.0,0.0,0.0,0.0,1.0,1.0,0.0,0.0,0.0,0.0,33.0,0.0,0.0,0.0,0.0,5.0,0.0,0.0,0.0,2.0,0.0,0.0,0.0,1.0,7.0,5.0,1.0,0.0,0.0,0.0,21.0,0.0,0.0,0.0,0.0,0.0,0.0,0.0,0.0,0.0,1.0,1.0,0.0,0.0,0.0,0.0,8.0,0.0,0.0,0.0,0.0,4.0,0.0,0.0,0.0,1.0,0.0,0.0,0.0,1.0,3.0,3.0,5985298526.0,-1.0,武威市凉州区,武威市凉州区西营镇,12.0,23.5,5.0,2.8,43.3,50.91304347826087,42.1313725490196,46.79183823529412
甘肃省,武威市,凉州区,四坝镇,102.6820979,38.1107396,3.0,0.0,0.0,8.0,144.0,0.0,0.0,0.0,0.0,0.0,0.0,1.0,1.0,1.0,0.0,0.0,0.0,0.0,0.0,0.0,19.0,1.0,0.0,0.0,0.0,2.0,0.0,0.0,0.0,6.0,0.0,0.0,0.0,1.0,5.0,6.0,0.0,0.0,0.0,2.0,41.0,0.0,0.0,0.0,0.0,0.0,0.0,1.0,1.0,1.0,0.0,0.0,0.0,0.0,0.0,0.0,1.0,0.0,0.0,0.0,0.0,1.0,0.0,0.0,0.0,0.0,0.0,0.0,0.0,1.0,3.0,2.0,3824225560.0,-1.0,武威市凉州区,武威市凉州区四坝镇,9.0,22.5,10.0,3.6,45.1,50.91304347826087,42.1313725490196,46.79183823529412
甘肃省,武威市,凉州区,洪祥镇,102.5319154,38.1216719,0.0,0.0,0.0,13.0,142.0,0.0,0.0,0.0,0.0,0.0,2.0,1.0,0.0,0.0,0.0,0.0,0.0,0.0,0.0,1.0,51.0,0.0,0.0,0.0,0.0,4.0,1.0,0.0,0.0,0.0,1.0,1.0,0.0,2.0,7.0,3.0,0.0,0.0,0.0,2.0,17.0,0.0,0.0,0.0,0.0,0.0,0.0,1.0,0.0,0.0,0.0,0.0,0.0,0.0,0.0,0.0,8.0,0.0,0.0,0.0,0.0,1.0,0.0,0.0,0.0,0.0,0.0,1.0,0.0,1.0,3.0,3.0,3610041676.0,-1.0,武威市凉州区,武威市凉州区洪祥镇,11.0,25.5,5.0,1.6,43.1,50.91304347826087,42.1313725490196,46.79183823529412
甘肃省,武威市,凉州区,谢河镇,102.7752686,37.6975706,1.0,0.0,2.0,3.0,95.0,0.0,0.0,0.0,0.0,0.0,0.0,0.0,0.0,0.0,0.0,0.0,0.0,0.0,0.0,0.0,1.0,0.0,0.0,0.0,0.0,1.0,0.0,0.0,0.0,0.0,0.0,0.0,0.0,5.0,6.0,2.0,1.0,0.0,0.0,0.0,17.0,0.0,0.0,0.0,0.0,0.0,0.0,0.0,0.0,0.0,0.0,0.0,0.0,0.0,0.0,0.0,0.0,0.0,0.0,0.0,0.0,1.0,0.0,0.0,0.0,0.0,0.0,0.0,0.0,4.0,4.0,1.0,5983779678.0,-1.0,武威市凉州区,武威市凉州区谢河镇,8.0,23.0,0.0,1.0,32.0,50.91304347826087,42.1313725490196,46.79183823529412
甘肃省,武威市,凉州区,金沙镇,102.5973779,37.9629986,0.0,15.0,8.0,20.0,211.0,20.0,0.0,6.0,1.0,4.0,2.0,1.0,7.0,7.0,6.0,8.0,2.0,0.0,1.0,7.0,30.0,8.0,1.0,0.0,2.0,2.0,35.0,0.0,0.0,3.0,2.0,28.0,4.0,5.0,15.0,12.0,0.0,2.0,2.0,1.0,75.0,4.0,0.0,1.0,0.0,1.0,0.0,1.0,1.0,1.0,2.0,2.0,0.0,0.0,1.0,0.0,8.0,4.0,0.0,0.0,1.0,1.0,2.0,0.0,0.0,0.0,0.0,5.0,0.0,2.0,9.0,6.0,5985585419.0,-1.0,武威市凉州区,武威市凉州区金沙镇,9.0,30.0,17.0,8.0,64.0,50.91304347826087,42.1313725490196,46.79183823529412
甘肃省,武威市,凉州区,松树镇,102.5448725,37.9418034,10.0,6.0,8.0,8.0,134.0,1.0,0.0,0.0,0.0,0.0,1.0,0.0,0.0,0.0,0.0,0.0,0.0,0.0,0.0,0.0,30.0,0.0,17.0,0.0,0.0,6.0,3.0,0.0,0.0,10.0,0.0,0.0,0.0,7.0,11.0,7.0,3.0,3.0,1.0,1.0,24.0,0.0,0.0,0.0,0.0,0.0,0.0,0.0,0.0,0.0,0.0,0.0,0.0,0.0,0.0,0.0,5.0,0.0,4.0,0.0,0.0,2.0,0.0,0.0,0.0,1.0,0.0,0.0,0.0,4.0,7.0,3.0,5985705485.0,-1.0,武威市凉州区,武威市凉州区松树镇,12.0,26.0,0.0,4.9,42.9,50.91304347826087,42.1313725490196,46.79183823529412
甘肃省,武威市,凉州区,怀安镇,102.5340318,37.9781223,3.0,0.0,0.0,5.0,100.0,12.0,0.0,0.0,0.0,0.0,1.0,0.0,0.0,0.0,0.0,0.0,0.0,0.0,0.0,0.0,17.0,0.0,9.0,0.0,0.0,2.0,0.0,0.0,0.0,8.0,0.0,2.0,1.0,6.0,7.0,7.0,1.0,0.0,0.0,2.0,22.0,0.0,0.0,0.0,0.0,0.0,0.0,0.0,0.0,0.0,0.0,0.0,0.0,0.0,0.0,0.0,2.0,0.0,1.0,0.0,0.0,1.0,0.0,0.0,0.0,1.0,0.0,0.0,0.0,4.0,4.0,2.0,5985627462.0,-1.0,武威市凉州区,武威市凉州区怀安镇,9.0,25.5,0.0,4.4,38.9,50.91304347826087,42.1313725490196,46.79183823529412
甘肃省,武威市,凉州区,下双镇,102.7125856,38.0718863,5.0,0.0,0.0,4.0,159.0,2.0,0.0,0.0,0.0,0.0,0.0,0.0,0.0,0.0,0.0,0.0,0.0,0.0,0.0,0.0,2.0,0.0,0.0,0.0,0.0,5.0,0.0,0.0,0.0,3.0,0.0,0.0,0.0,1.0,6.0,5.0,0.0,0.0,0.0,1.0,39.0,0.0,0.0,0.0,0.0,0.0,0.0,0.0,0.0,0.0,0.0,0.0,0.0,0.0,0.0,0.0,0.0,0.0,0.0,0.0,0.0,2.0,0.0,0.0,0.0,1.0,0.0,0.0,0.0,1.0,3.0,1.0,5985811828.0,-1.0,武威市凉州区,武威市凉州区下双镇,12.0,23.0,0.0,2.9,37.9,50.91304347826087,42.1313725490196,46.79183823529412
甘肃省,武威市,凉州区,清水镇,102.7370874,37.8949571,0.0,15.0,1.0,11.0,29.0,0.0,0.0,0.0,0.0,0.0,0.0,1.0,0.0,0.0,1.0,1.0,0.0,0.0,0.0,0.0,36.0,0.0,1.0,0.0,1.0,5.0,2.0,0.0,0.0,6.0,0.0,0.0,0.0,3.0,9.0,4.0,0.0,3.0,0.0,2.0,7.0,0.0,0.0,0.0,0.0,0.0,0.0,1.0,0.0,0.0,0.0,0.0,0.0,0.0,0.0,0.0,6.0,0.0,0.0,0.0,0.0,1.0,1.0,0.0,0.0,1.0,0.0,0.0,0.0,1.0,4.0,1.0,5985778870.0,-1.0,武威市凉州区,武威市凉州区清水镇,12.0,21.9,5.0,3.0,41.9,50.91304347826087,42.1313725490196,46.79183823529412
甘肃省,武威市,凉州区,河东镇,102.7882503,37.7553916,0.0,2.0,1.0,8.0,115.0,0.0,0.0,0.0,0.0,0.0,0.0,0.0,0.0,0.0,0.0,0.0,0.0,0.0,0.0,0.0,8.0,0.0,0.0,0.0,0.0,3.0,0.0,0.0,0.0,1.0,0.0,0.0,0.0,3.0,7.0,2.0,0.0,0.0,0.0,1.0,20.0,0.0,0.0,0.0,0.0,0.0,0.0,0.0,0.0,0.0,0.0,0.0,0.0,0.0,0.0,0.0,1.0,0.0,0.0,0.0,0.0,1.0,0.0,0.0,0.0,0.0,0.0,0.0,0.0,1.0,3.0,1.0,5985643880.0,-1.0,武威市凉州区,武威市凉州区河东镇,10.0,23.5,0.0,1.1,34.6,50.91304347826087,42.1313725490196,46.79183823529412
甘肃省,武威市,凉州区,五和镇,102.506011,38.0454582,0.0,2.0,0.0,6.0,137.0,0.0,0.0,0.0,0.0,0.0,1.0,1.0,1.0,1.0,1.0,1.0,0.0,0.0,1.0,0.0,13.0,0.0,1.0,0.0,0.0,6.0,3.0,0.0,0.0,6.0,1.0,1.0,0.0,2.0,5.0,6.0,0.0,0.0,0.0,1.0,23.0,0.0,0.0,0.0,0.0,0.0,1.0,1.0,1.0,1.0,1.0,1.0,0.0,0.0,1.0,0.0,3.0,0.0,0.0,0.0,0.0,2.0,3.0,0.0,0.0,1.0,1.0,1.0,0.0,1.0,3.0,2.0,5985855020.0,-1.0,武威市凉州区,武威市凉州区五和镇,12.0,24.5,17.0,4.3,57.8,50.91304347826087,42.1313725490196,46.79183823529412
甘肃省,武威市,凉州区,长城镇,102.9017807,37.9111448,0.0,0.0,2.0,4.0,2.0,0.0,0.0,0.0,0.0,0.0,0.0,0.0,0.0,0.0,0.0,0.0,0.0,0.0,0.0,0.0,6.0,0.0,0.0,0.0,0.0,1.0,0.0,0.0,0.0,2.0,0.0,1.0,2.0,3.0,3.0,5.0,0.0,0.0,1.0,3.0,0.0,0.0,0.0,0.0,0.0,0.0,0.0,0.0,0.0,0.0,0.0,0.0,0.0,0.0,0.0,0.0,1.0,0.0,0.0,0.0,0.0,1.0,0.0,0.0,0.0,1.0,0.0,1.0,1.0,2.0,2.0,4.0,3755251278.0,-1.0,武威市凉州区,武威市凉州区长城镇,8.0,10.9,0.0,2.8,21.7,50.91304347826087,42.1313725490196,46.79183823529412
甘肃省,武威市,凉州区,吴家井镇,102.9867678,37.7903055,0.0,1.0,1.0,3.0,61.0,0.0,0.0,0.0,0.0,0.0,0.0,0.0,0.0,0.0,0.0,0.0,0.0,0.0,0.0,0.0,15.0,0.0,1.0,0.0,0.0,1.0,0.0,0.0,0.0,1.0,0.0,1.0,0.0,4.0,5.0,5.0,0.0,1.0,1.0,1.0,17.0,0.0,0.0,0.0,0.0,0.0,0.0,0.0,0.0,0.0,0.0,0.0,0.0,0.0,0.0,0.0,3.0,0.0,0.0,0.0,0.0,1.0,0.0,0.0,0.0,0.0,0.0,1.0,0.0,1.0,5.0,2.0,5985879720.0,-1.0,武威市凉州区,武威市凉州区吴家井镇,8.0,22.5,0.0,2.6,33.1,50.91304347826087,42.1313725490196,46.79183823529412
甘肃省,武威市,凉州区,金河镇,102.8180177,37.8137427,0.0,2.0,0.0,6.0,112.0,1.0,0.0,0.0,0.0,0.0,0.0,1.0,0.0,0.0,1.0,1.0,0.0,0.0,0.0,0.0,16.0,0.0,1.0,0.0,0.0,2.0,2.0,0.0,0.0,2.0,0.0,1.0,0.0,2.0,6.0,4.0,0.0,0.0,0.0,4.0,17.0,0.0,0.0,0.0,0.0,0.0,0.0,1.0,0.0,0.0,1.0,1.0,0.0,0.0,0.0,0.0,5.0,0.0,0.0,0.0,0.0,1.0,1.0,0.0,0.0,0.0,0.0,1.0,0.0,1.0,3.0,2.0,5985880151.0,-1.0,武威市凉州区,武威市凉州区金河镇,9.0,23.0,10.0,2.5,44.5,50.91304347826087,42.1313725490196,46.79183823529412
甘肃省,武威市,凉州区,韩佐镇,102.6856344,37.7698923,1.0,3.0,1.0,5.0,85.0,0.0,0.0,0.0,0.0,0.0,0.0,0.0,0.0,0.0,0.0,0.0,0.0,0.0,0.0,0.0,7.0,0.0,4.0,0.0,0.0,1.0,1.0,0.0,0.0,1.0,0.0,0.0,0.0,4.0,9.0,4.0,0.0,1.0,0.0,0.0,17.0,0.0,0.0,0.0,0.0,0.0,0.0,0.0,0.0,0.0,0.0,0.0,0.0,0.0,0.0,0.0,4.0,0.0,1.0,0.0,0.0,1.0,0.0,0.0,0.0,0.0,0.0,0.0,0.0,1.0,3.0,2.0,5986547759.0,-1.0,武威市凉州区,武威市凉州区韩佐镇,8.0,24.0,0.0,2.2,34.2,50.91304347826087,42.1313725490196,46.79183823529412
甘肃省,武威市,凉州区,大柳镇,102.7160438,37.9922768,0.0,0.0,0.0,4.0,175.0,2.0,0.0,0.0,0.0,0.0,0.0,0.0,0.0,0.0,1.0,1.0,0.0,0.0,0.0,0.0,12.0,0.0,0.0,0.0,0.0,10.0,0.0,0.0,0.0,2.0,0.0,0.0,0.0,2.0,7.0,4.0,0.0,0.0,0.0,2.0,36.0,0.0,0.0,0.0,0.0,0.0,0.0,0.0,0.0,0.0,0.0,0.0,0.0,0.0,0.0,0.0,1.0,0.0,0.0,0.0,0.0,1.0,0.0,0.0,0.0,0.0,0.0,0.0,0.0,1.0,3.0,1.0,5986579266.0,-1.0,武威市凉州区,武威市凉州区大柳镇,12.0,23.5,0.0,2.2,37.7,50.91304347826087,42.1313725490196,46.79183823529412
甘肃省,武威市,凉州区,柏树镇,102.5675304,37.906904,1.0,0.0,10.0,7.0,196.0,1.0,0.0,0.0,0.0,0.0,0.0,0.0,1.0,1.0,1.0,1.0,0.0,0.0,0.0,0.0,47.0,0.0,3.0,0.0,0.0,9.0,11.0,0.0,0.0,3.0,0.0,1.0,0.0,6.0,10.0,5.0,0.0,0.0,0.0,2.0,39.0,1.0,0.0,0.0,0.0,0.0,0.0,0.0,1.0,1.0,1.0,1.0,0.0,0.0,0.0,0.0,8.0,0.0,0.0,0.0,0.0,1.0,0.0,0.0,0.0,2.0,0.0,1.0,0.0,1.0,5.0,2.0,5986595070.0,-1.0,武威市凉州区,武威市凉州区柏树镇,12.0,24.0,10.0,4.1,50.1,50.91304347826087,42.1313725490196,46.79183823529412
甘肃省,武威市,凉州区,金塔镇,102.5749006,37.8573696,0.0,0.0,6.0,3.0,169.0,2.0,0.0,0.0,0.0,0.0,0.0,1.0,0.0,0.0,1.0,1.0,0.0,0.0,0.0,0.0,34.0,0.0,0.0,0.0,0.0,1.0,3.0,0.0,0.0,1.0,0.0,2.0,0.0,1.0,6.0,5.0,0.0,0.0,1.0,1.0,39.0,1.0,0.0,0.0,0.0,0.0,0.0,1.0,0.0,0.0,0.0,0.0,0.0,0.0,0.0,0.0,8.0,0.0,0.0,0.0,0.0,1.0,0.0,0.0,0.0,1.0,0.0,0.0,0.0,1.0,6.0,2.0,5986613886.0,-1.0,武威市凉州区,武威市凉州区金塔镇,8.0,23.0,5.0,3.0,39.0,50.91304347826087,42.1313725490196,46.79183823529412
甘肃省,武威市,凉州区,九墩镇,102.7351444,38.1421288,1.0,0.0,0.0,4.0,57.0,4.0,0.0,0.0,0.0,0.0,0.0,0.0,0.0,0.0,0.0,0.0,0.0,0.0,0.0,0.0,12.0,0.0,0.0,0.0,0.0,1.0,0.0,0.0,0.0,0.0,0.0,0.0,0.0,4.0,10.0,5.0,1.0,0.0,0.0,2.0,11.0,4.0,0.0,0.0,0.0,0.0,0.0,0.0,0.0,0.0,0.0,0.0,0.0,0.0,0.0,0.0,2.0,0.0,0.0,0.0,0.0,1.0,0.0,0.0,0.0,0.0,0.0,0.0,0.0,1.0,5.0,2.0,5986635376.0,-1.0,武威市凉州区,武威市凉州区九墩镇,8.0,24.0,0.0,2.5,34.5,50.91304347826087,42.1313725490196,46.79183823529412
甘肃省,武威市,凉州区,金山镇,102.2551576,38.0736594,0.0,2.0,0.0,2.0,30.0,0.0,0.0,0.0,0.0,0.0,0.0,0.0,0.0,0.0,0.0,0.0,0.0,0.0,0.0,0.0,7.0,0.0,1.0,0.0,0.0,2.0,1.0,0.0,0.0,2.0,0.0,0.0,0.0,2.0,5.0,5.0,0.0,2.0,0.0,2.0,16.0,0.0,0.0,0.0,0.0,0.0,0.0,0.0,0.0,0.0,0.0,0.0,0.0,0.0,0.0,0.0,3.0,0.0,0.0,0.0,0.0,1.0,0.0,0.0,0.0,0.0,0.0,0.0,0.0,1.0,5.0,2.0,5987923794.0,-1.0,武威市凉州区,武威市凉州区金山镇,9.0,20.3,0.0,2.8,32.1,50.91304347826087,42.1313725490196,46.79183823529412
甘肃省,武威市,凉州区,新华镇,102.6004964,37.8285005,0.0,0.0,10.0,3.0,91.0,10.0,0.0,0.0,0.0,1.0,0.0,0.0,0.0,0.0,0.0,0.0,0.0,0.0,0.0,0.0,32.0,0.0,0.0,0.0,0.0,1.0,1.0,0.0,0.0,2.0,0.0,1.0,0.0,1.0,7.0,10.0,0.0,0.0,1.0,2.0,23.0,0.0,0.0,0.0,0.0,0.0,0.0,0.0,0.0,0.0,0.0,0.0,0.0,0.0,0.0,0.0,11.0,0.0,0.0,0.0,0.0,1.0,0.0,0.0,0.0,0.0,0.0,0.0,0.0,1.0,5.0,1.0,5987866064.0,-1.0,武威市凉州区,武威市凉州区新华镇,8.0,25.5,0.0,4.3,37.8,50.91304347826087,42.1313725490196,46.79183823529412
甘肃省,武威市,凉州区,康宁镇,102.3530849,38.0184077,0.0,6.0,0.0,3.0,72.0,0.0,0.0,0.0,0.0,0.0,0.0,0.0,0.0,0.0,0.0,0.0,0.0,0.0,0.0,0.0,4.0,0.0,2.0,0.0,0.0,4.0,0.0,0.0,0.0,3.0,0.0,0.0,0.0,1.0,5.0,4.0,0.0,1.0,0.0,2.0,15.0,0.0,0.0,0.0,0.0,0.0,0.0,0.0,0.0,0.0,0.0,0.0,0.0,0.0,0.0,0.0,2.0,0.0,0.0,0.0,0.0,1.0,0.0,0.0,0.0,0.0,0.0,0.0,0.0,1.0,4.0,2.0,5988019472.0,-1.0,武威市凉州区,武威市凉州区康宁镇,11.0,22.5,0.0,2.3,35.8,50.91304347826087,42.1313725490196,46.79183823529412
甘肃省,武威市,民勤县,三雷镇,103.0902096,38.6286728,10.0,2.0,16.0,25.0,96.0,1.0,0.0,17.0,0.0,2.0,0.0,0.0,2.0,2.0,7.0,8.0,0.0,0.0,0.0,0.0,11.0,0.0,1.0,0.0,1.0,8.0,94.0,0.0,0.0,7.0,0.0,60.0,0.0,3.0,11.0,9.0,0.0,0.0,10.0,6.0,19.0,1.0,0.0,11.0,0.0,2.0,0.0,0.0,1.0,1.0,5.0,6.0,0.0,0.0,0.0,0.0,6.0,0.0,0.0,0.0,0.0,2.0,11.0,0.0,0.0,0.0,0.0,39.0,0.0,2.0,8.0,5.0,8096930595.0,-1.0,武威市民勤县,武威市民勤县三雷镇,12.0,26.0,10.0,15.200000000000001,63.2,39.333333333333336,42.1313725490196,46.79183823529412
甘肃省,武威市,民勤县,东坝镇,103.2694577,38.6553403,0.0,0.0,1.0,10.0,37.0,0.0,0.0,0.0,0.0,0.0,0.0,0.0,0.0,0.0,0.0,0.0,0.0,0.0,0.0,0.0,1.0,0.0,0.0,0.0,0.0,33.0,0.0,0.0,0.0,2.0,0.0,0.0,0.0,1.0,5.0,3.0,0.0,0.0,1.0,4.0,21.0,0.0,0.0,0.0,0.0,0.0,0.0,0.0,0.0,0.0,0.0,0.0,0.0,0.0,0.0,0.0,1.0,0.0,0.0,0.0,0.0,7.0,0.0,0.0,0.0,2.0,0.0,0.0,0.0,1.0,4.0,2.0,5982687707.0,-1.0,武威市民勤县,武威市民勤县东坝镇,12.0,22.5,0.0,1.9,36.4,39.333333333333336,42.1313725490196,46.79183823529412
甘肃省,武威市,民勤县,泉山镇,103.306494,38.8603622,1.0,0.0,0.0,1.0,27.0,0.0,0.0,0.0,0.0,0.0,0.0,0.0,0.0,0.0,0.0,0.0,0.0,0.0,0.0,0.0,1.0,0.0,0.0,0.0,0.0,34.0,0.0,0.0,0.0,0.0,0.0,0.0,0.0,1.0,8.0,2.0,1.0,0.0,0.0,0.0,9.0,0.0,0.0,0.0,0.0,0.0,0.0,0.0,0.0,0.0,0.0,0.0,0.0,0.0,0.0,0.0,1.0,0.0,0.0,0.0,0.0,7.0,0.0,0.0,0.0,0.0,0.0,0.0,0.0,1.0,4.0,2.0,3824226670.0,-1.0,武威市民勤县,武威市民勤县泉山镇,12.0,18.1,0.0,1.0,31.1,39.333333333333336,42.1313725490196,46.79183823529412
甘肃省,武威市,民勤县,西渠镇,103.5408276,38.9783024,2.0,0.0,2.0,11.0,47.0,2.0,0.0,0.0,0.0,0.0,1.0,0.0,0.0,0.0,1.0,1.0,0.0,1.0,0.0,0.0,5.0,0.0,0.0,0.0,0.0,14.0,66.0,0.0,0.0,3.0,0.0,5.0,0.0,1.0,7.0,3.0,2.0,0.0,2.0,3.0,30.0,2.0,0.0,0.0,0.0,0.0,1.0,0.0,0.0,0.0,1.0,1.0,0.0,1.0,0.0,0.0,5.0,0.0,0.0,0.0,0.0,2.0,35.0,0.0,0.0,1.0,0.0,5.0,0.0,1.0,6.0,2.0,2494612726.0,-1.0,武威市民勤县,武威市民勤县西渠镇,12.0,25.5,7.0,12.0,56.5,39.333333333333336,42.1313725490196,46.79183823529412
甘肃省,武威市,民勤县,东湖镇,103.673425,38.9498195,0.0,0.0,1.0,4.0,67.0,0.0,0.0,0.0,0.0,0.0,0.0,0.0,0.0,0.0,1.0,1.0,0.0,0.0,0.0,0.0,12.0,0.0,0.0,0.0,0.0,17.0,14.0,0.0,0.0,1.0,0.0,0.0,0.0,1.0,4.0,2.0,0.0,0.0,1.0,3.0,30.0,0.0,0.0,0.0,0.0,0.0,0.0,0.0,0.0,0.0,1.0,1.0,0.0,0.0,0.0,0.0,4.0,0.0,0.0,0.0,0.0,4.0,3.0,0.0,0.0,1.0,0.0,0.0,0.0,1.0,4.0,1.0,3824226765.0,-1.0,武威市民勤县,武威市民勤县东湖镇,12.0,22.0,5.0,2.9000000000000004,41.9,39.333333333333336,42.1313725490196,46.79183823529412
甘肃省,武威市,民勤县,红砂岗镇,102.4646584,38.9426855,0.0,3.0,1.0,6.0,13.0,7.0,0.0,0.0,0.0,0.0,0.0,1.0,0.0,0.0,0.0,0.0,0.0,0.0,0.0,1.0,3.0,0.0,7.0,0.0,1.0,4.0,15.0,0.0,0.0,5.0,0.0,3.0,1.0,1.0,7.0,9.0,0.0,0.0,0.0,4.0,8.0,4.0,0.0,0.0,0.0,0.0,0.0,1.0,0.0,0.0,0.0,0.0,0.0,0.0,0.0,0.0,2.0,0.0,1.0,0.0,1.0,3.0,14.0,0.0,0.0,3.0,0.0,3.0,0.0,1.0,5.0,7.0,5982701999.0,-1.0,武威市民勤县,武威市民勤县红砂岗镇,11.0,18.5,5.0,7.7,42.2,39.333333333333336,42.1313725490196,46.79183823529412
甘肃省,武威市,民勤县,昌宁镇,102.5006387,38.6190045,0.0,0.0,1.0,4.0,13.0,0.0,0.0,0.0,0.0,0.0,0.0,0.0,0.0,0.0,1.0,1.0,0.0,0.0,0.0,0.0,12.0,0.0,1.0,0.0,0.0,9.0,1.0,0.0,0.0,5.0,0.0,5.0,0.0,1.0,6.0,6.0,0.0,0.0,1.0,1.0,9.0,0.0,0.0,0.0,0.0,0.0,0.0,0.0,0.0,0.0,1.0,1.0,0.0,0.0,0.0,0.0,5.0,0.0,1.0,0.0,0.0,3.0,1.0,0.0,0.0,2.0,0.0,4.0,0.0,1.0,5.0,3.0,5983119064.0,-1.0,武威市民勤县,武威市民勤县昌宁镇,12.0,17.3,5.0,3.9,38.199999999999996,39.333333333333336,42.1313725490196,46.79183823529412
甘肃省,武威市,民勤县,重兴镇,102.8582785,38.3459344,1.0,0.0,0.0,8.0,32.0,0.0,0.0,0.0,0.0,1.0,0.0,0.0,0.0,0.0,0.0,0.0,0.0,0.0,0.0,0.0,12.0,0.0,0.0,0.0,0.0,1.0,18.0,0.0,0.0,4.0,0.0,0.0,0.0,2.0,5.0,6.0,1.0,0.0,0.0,4.0,14.0,0.0,0.0,0.0,0.0,0.0,0.0,0.0,0.0,0.0,0.0,0.0,0.0,0.0,0.0,0.0,3.0,0.0,0.0,0.0,0.0,1.0,0.0,0.0,0.0,2.0,0.0,0.0,0.0,1.0,4.0,1.0,3824225880.0,-1.0,武威市民勤县,武威市民勤县重兴镇,8.0,24.5,0.0,5.4,37.9,39.333333333333336,42.1313725490196,46.79183823529412
甘肃省,武威市,民勤县,薛百镇,103.0197478,38.5468516,3.0,0.0,3.0,2.0,64.0,0.0,0.0,0.0,0.0,0.0,0.0,0.0,0.0,0.0,0.0,0.0,0.0,0.0,0.0,0.0,2.0,0.0,0.0,0.0,0.0,1.0,10.0,0.0,0.0,3.0,0.0,0.0,0.0,1.0,5.0,4.0,0.0,0.0,1.0,2.0,14.0,0.0,0.0,0.0,0.0,0.0,0.0,0.0,0.0,0.0,0.0,0.0,0.0,0.0,0.0,0.0,1.0,0.0,0.0,0.0,0.0,1.0,3.0,0.0,0.0,1.0,0.0,0.0,0.0,1.0,4.0,1.0,5983121854.0,-1.0,武威市民勤县,武威市民勤县薛百镇,8.0,22.5,0.0,3.7,34.2,39.333333333333336,42.1313725490196,46.79183823529412
甘肃省,武威市,民勤县,大坝镇,103.031812,38.6461852,0.0,0.0,1.0,4.0,57.0,0.0,0.0,0.0,0.0,0.0,0.0,0.0,0.0,0.0,0.0,0.0,0.0,0.0,0.0,0.0,9.0,0.0,0.0,0.0,0.0,1.0,2.0,0.0,0.0,0.0,0.0,0.0,0.0,1.0,5.0,1.0,0.0,0.0,0.0,2.0,17.0,0.0,0.0,0.0,0.0,0.0,0.0,0.0,0.0,0.0,0.0,0.0,0.0,0.0,0.0,0.0,3.0,0.0,0.0,0.0,0.0,1.0,0.0,0.0,0.0,0.0,0.0,0.0,0.0,1.0,3.0,1.0,5983127856.0,-1.0,武威市民勤县,武威市民勤县大坝镇,8.0,22.5,0.0,0.7,31.2,39.333333333333336,42.1313725490196,46.79183823529412
甘肃省,武威市,民勤县,苏武镇,103.115655,38.6185666,10.0,2.0,14.0,23.0,85.0,2.0,0.0,17.0,0.0,2.0,1.0,0.0,1.0,1.0,5.0,5.0,0.0,0.0,0.0,0.0,10.0,0.0,2.0,0.0,1.0,16.0,162.0,0.0,0.0,9.0,0.0,56.0,0.0,3.0,12.0,11.0,9.0,0.0,4.0,6.0,9.0,0.0,0.0,5.0,0.0,0.0,0.0,0.0,0.0,0.0,0.0,0.0,0.0,0.0,0.0,0.0,3.0,0.0,0.0,0.0,0.0,1.0,24.0,0.0,0.0,1.0,0.0,7.0,0.0,1.0,7.0,6.0,5983141540.0,-1.0,武威市民勤县,武威市民勤县苏武镇,12.0,28.0,0.0,20.0,60.0,39.333333333333336,42.1313725490196,46.79183823529412
甘肃省,武威市,民勤县,大滩镇,103.2464903,38.7666793,1.0,0.0,0.0,3.0,15.0,0.0,0.0,0.0,0.0,0.0,0.0,0.0,0.0,0.0,0.0,0.0,0.0,0.0,0.0,0.0,4.0,0.0,0.0,0.0,0.0,31.0,2.0,0.0,0.0,0.0,0.0,0.0,0.0,1.0,5.0,2.0,1.0,0.0,0.0,2.0,11.0,0.0,0.0,0.0,0.0,0.0,0.0,0.0,0.0,0.0,0.0,0.0,0.0,0.0,0.0,0.0,4.0,0.0,0.0,0.0,0.0,4.0,0.0,0.0,0.0,0.0,0.0,0.0,0.0,1.0,4.0,1.0,5983153914.0,-1.0,武威市民勤县,武威市民勤县大滩镇,12.0,16.8,0.0,1.2,30.0,39.333333333333336,42.1313725490196,46.79183823529412
甘肃省,武威市,民勤县,双茨科镇,103.2886223,38.7471732,0.0,0.0,0.0,5.0,34.0,0.0,0.0,0.0,0.0,0.0,0.0,0.0,0.0,0.0,0.0,0.0,0.0,0.0,0.0,0.0,1.0,0.0,0.0,0.0,0.0,29.0,0.0,0.0,0.0,0.0,0.0,0.0,0.0,1.0,4.0,2.0,0.0,0.0,0.0,2.0,15.0,0.0,0.0,0.0,0.0,0.0,0.0,0.0,0.0,0.0,0.0,0.0,0.0,0.0,0.0,0.0,1.0,0.0,0.0,0.0,0.0,3.0,0.0,0.0,0.0,0.0,0.0,0.0,0.0,1.0,3.0,1.0,5983160976.0,-1.0,武威市民勤县,武威市民勤县双茨科镇,12.0,18.3,0.0,1.0,31.3,39.333333333333336,42.1313725490196,46.79183823529412
甘肃省,武威市,民勤县,红沙梁镇,103.3959863,38.9770413,1.0,0.0,0.0,5.0,43.0,0.0,0.0,0.0,0.0,0.0,0.0,0.0,0.0,0.0,0.0,0.0,0.0,0.0,0.0,0.0,7.0,0.0,0.0,0.0,0.0,12.0,0.0,0.0,0.0,2.0,0.0,0.0,0.0,1.0,5.0,1.0,0.0,0.0,0.0,3.0,7.0,0.0,0.0,0.0,0.0,0.0,0.0,0.0,0.0,0.0,0.0,0.0,0.0,0.0,0.0,0.0,4.0,0.0,0.0,0.0,0.0,2.0,0.0,0.0,0.0,2.0,0.0,0.0,0.0,1.0,4.0,1.0,5983195204.0,-1.0,武威市民勤县,武威市民勤县红沙梁镇,12.0,22.5,0.0,0.9,35.4,39.333333333333336,42.1313725490196,46.79183823529412
甘肃省,武威市,民勤县,蔡旗镇,102.7463086,38.2206596,0.0,0.0,4.0,3.0,25.0,4.0,0.0,2.0,0.0,0.0,1.0,0.0,0.0,0.0,2.0,2.0,0.0,0.0,0.0,0.0,13.0,0.0,0.0,0.0,0.0,1.0,26.0,0.0,0.0,4.0,0.0,3.0,0.0,6.0,7.0,7.0,0.0,0.0,3.0,2.0,13.0,4.0,0.0,2.0,0.0,0.0,1.0,0.0,0.0,0.0,2.0,2.0,0.0,0.0,0.0,0.0,6.0,0.0,0.0,0.0,0.0,1.0,0.0,0.0,0.0,2.0,0.0,3.0,0.0,1.0,6.0,6.0,5983206980.0,-1.0,武威市民勤县,武威市民勤县蔡旗镇,8.0,22.4,5.0,6.7,42.1,39.333333333333336,42.1313725490196,46.79183823529412
甘肃省,武威市,民勤县,夹河镇,103.2991754,38.5942229,0.0,0.0,2.0,4.0,18.0,0.0,0.0,0.0,0.0,0.0,0.0,0.0,0.0,0.0,0.0,0.0,0.0,0.0,0.0,0.0,3.0,0.0,0.0,0.0,0.0,15.0,0.0,0.0,0.0,2.0,0.0,0.0,0.0,1.0,4.0,2.0,0.0,0.0,2.0,3.0,10.0,0.0,0.0,0.0,0.0,0.0,0.0,0.0,0.0,0.0,0.0,0.0,0.0,0.0,0.0,0.0,2.0,0.0,0.0,0.0,0.0,1.0,0.0,0.0,0.0,2.0,0.0,0.0,0.0,1.0,4.0,2.0,5983310614.0,-1.0,武威市民勤县,武威市民勤县夹河镇,12.0,17.6,0.0,1.4,31.0,39.333333333333336,42.1313725490196,46.79183823529412
甘肃省,武威市,民勤县,收成镇,103.6032049,38.9001553,0.0,0.0,0.0,3.0,39.0,0.0,0.0,0.0,0.0,0.0,0.0,0.0,0.0,0.0,0.0,0.0,0.0,0.0,0.0,0.0,6.0,0.0,0.0,0.0,0.0,20.0,30.0,0.0,0.0,1.0,0.0,0.0,0.0,1.0,3.0,3.0,0.0,0.0,0.0,1.0,14.0,0.0,0.0,0.0,0.0,0.0,0.0,0.0,0.0,0.0,0.0,0.0,0.0,0.0,0.0,0.0,3.0,0.0,0.0,0.0,0.0,2.0,9.0,0.0,0.0,1.0,0.0,0.0,0.0,1.0,3.0,3.0,5983251301.0,-1.0,武威市民勤县,武威市民勤县收成镇,12.0,16.5,0.0,5.6000000000000005,34.1,39.333333333333336,42.1313725490196,46.79183823529412
甘肃省,武威市,民勤县,南湖镇,103.2636648,38.1836608,0.0,0.0,3.0,0.0,7.0,1.0,0.0,0.0,0.0,0.0,0.0,1.0,1.0,1.0,0.0,0.0,0.0,0.0,0.0,0.0,2.0,0.0,0.0,0.0,0.0,1.0,1.0,0.0,0.0,1.0,0.0,1.0,0.0,1.0,5.0,4.0,0.0,0.0,3.0,0.0,7.0,1.0,0.0,0.0,0.0,0.0,0.0,1.0,1.0,1.0,0.0,0.0,0.0,0.0,0.0,0.0,2.0,0.0,0.0,0.0,0.0,1.0,1.0,0.0,0.0,0.0,0.0,1.0,0.0,1.0,4.0,4.0,4974412564.0,-1.0,武威市民勤县,武威市民勤县南湖镇,8.0,11.0,10.0,2.3,31.3,39.333333333333336,42.1313725490196,46.79183823529412
甘肃省,武威市,古浪县,古浪镇,102.8973269,37.4764589,4.0,1.0,25.0,25.0,60.0,77.0,0.0,43.0,2.0,2.0,4.0,1.0,1.0,1.0,6.0,6.0,1.0,0.0,0.0,2.0,4.0,0.0,3.0,0.0,1.0,2.0,566.0,0.0,0.0,12.0,0.0,12.0,3.0,10.0,20.0,9.0,4.0,1.0,12.0,11.0,27.0,41.0,0.0,8.0,2.0,0.0,1.0,1.0,1.0,1.0,4.0,4.0,1.0,0.0,0.0,2.0,2.0,0.0,0.0,0.0,0.0,2.0,365.0,0.0,0.0,5.0,0.0,7.0,2.0,4.0,10.0,5.0,8097951093.0,20393451.0,武威市古浪县,武威市古浪县古浪镇,17.0,30.0,22.0,20.0,89.0,31.76842105263158,42.1313725490196,46.79183823529412
甘肃省,武威市,古浪县,泗水镇,102.9379468,37.5874781,0.0,4.0,0.0,1.0,32.0,0.0,0.0,0.0,0.0,0.0,0.0,0.0,0.0,0.0,0.0,0.0,0.0,0.0,0.0,0.0,2.0,0.0,2.0,0.0,0.0,1.0,11.0,0.0,0.0,3.0,0.0,0.0,0.0,2.0,5.0,4.0,0.0,1.0,0.0,1.0,17.0,0.0,0.0,0.0,0.0,0.0,0.0,0.0,0.0,0.0,0.0,0.0,0.0,0.0,0.0,0.0,1.0,0.0,2.0,0.0,0.0,1.0,0.0,0.0,0.0,1.0,0.0,0.0,0.0,1.0,4.0,2.0,5998648844.0,-1.0,武威市古浪县,武威市古浪县泗水镇,8.0,20.0,0.0,3.5,31.5,31.76842105263158,42.1313725490196,46.79183823529412
甘肃省,武威市,古浪县,土门镇,103.071966,37.615712,0.0,5.0,0.0,8.0,41.0,0.0,0.0,0.0,0.0,0.0,0.0,0.0,0.0,0.0,0.0,0.0,0.0,0.0,0.0,0.0,6.0,0.0,2.0,0.0,0.0,5.0,1.0,0.0,0.0,1.0,0.0,0.0,1.0,3.0,6.0,5.0,0.0,1.0,0.0,5.0,23.0,0.0,0.0,0.0,0.0,0.0,0.0,0.0,0.0,0.0,0.0,0.0,0.0,0.0,0.0,0.0,2.0,0.0,0.0,0.0,0.0,1.0,0.0,0.0,0.0,0.0,0.0,0.0,1.0,2.0,5.0,4.0,5998694491.0,-1.0,武威市古浪县,武威市古浪县土门镇,12.0,23.0,0.0,2.7,37.7,31.76842105263158,42.1313725490196,46.79183823529412
甘肃省,武威市,古浪县,大靖镇,103.40996,37.4741166,0.0,5.0,2.0,17.0,47.0,2.0,0.0,0.0,0.0,0.0,1.0,0.0,0.0,0.0,1.0,1.0,0.0,0.0,0.0,0.0,11.0,2.0,2.0,0.0,1.0,4.0,0.0,0.0,0.0,7.0,0.0,1.0,3.0,2.0,8.0,8.0,0.0,1.0,2.0,10.0,13.0,0.0,0.0,0.0,0.0,0.0,0.0,0.0,0.0,0.0,0.0,0.0,0.0,0.0,0.0,0.0,4.0,0.0,0.0,0.0,0.0,1.0,0.0,0.0,0.0,2.0,0.0,0.0,0.0,1.0,6.0,2.0,2340595333.0,-1.0,武威市古浪县,武威市古浪县大靖镇,11.0,26.0,0.0,4.9,41.9,31.76842105263158,42.1313725490196,46.79183823529412
甘肃省,武威市,古浪县,裴家营镇,103.5258255,37.4735612,0.0,3.0,0.0,5.0,57.0,0.0,0.0,0.0,0.0,0.0,0.0,0.0,0.0,0.0,0.0,0.0,0.0,0.0,0.0,0.0,1.0,0.0,0.0,0.0,0.0,1.0,0.0,0.0,0.0,1.0,0.0,0.0,1.0,3.0,5.0,3.0,0.0,3.0,0.0,4.0,30.0,0.0,0.0,0.0,0.0,0.0,0.0,0.0,0.0,0.0,0.0,0.0,0.0,0.0,0.0,0.0,1.0,0.0,0.0,0.0,0.0,1.0,0.0,0.0,0.0,1.0,0.0,0.0,0.0,1.0,4.0,2.0,2340595340.0,-1.0,武威市古浪县,武威市古浪县裴家营镇,8.0,22.5,0.0,1.7,32.2,31.76842105263158,42.1313725490196,46.79183823529412
甘肃省,武威市,古浪县,海子滩镇,103.588752,37.5786357,0.0,0.0,0.0,4.0,45.0,0.0,0.0,0.0,2.0,0.0,0.0,0.0,0.0,0.0,0.0,0.0,0.0,0.0,0.0,0.0,4.0,0.0,0.0,0.0,0.0,1.0,1.0,0.0,0.0,0.0,0.0,0.0,0.0,2.0,3.0,1.0,0.0,0.0,0.0,1.0,20.0,0.0,0.0,0.0,0.0,0.0,0.0,0.0,0.0,0.0,0.0,0.0,0.0,0.0,0.0,0.0,1.0,0.0,0.0,0.0,0.0,1.0,0.0,0.0,0.0,0.0,0.0,0.0,0.0,1.0,3.0,1.0,2340595335.0,-1.0,武威市古浪县,武威市古浪县海子滩镇,8.0,22.5,0.0,0.6,31.1,31.76842105263158,42.1313725490196,46.79183823529412
甘肃省,武威市,古浪县,定宁镇,102.9656813,37.54923,0.0,1.0,6.0,0.0,34.0,0.0,0.0,0.0,0.0,0.0,0.0,0.0,0.0,0.0,0.0,0.0,0.0,0.0,0.0,0.0,3.0,0.0,0.0,0.0,0.0,3.0,27.0,0.0,0.0,0.0,0.0,0.0,0.0,1.0,4.0,3.0,0.0,0.0,1.0,0.0,5.0,0.0,0.0,0.0,0.0,0.0,0.0,0.0,0.0,0.0,0.0,0.0,0.0,0.0,0.0,0.0,2.0,0.0,0.0,0.0,0.0,1.0,0.0,0.0,0.0,0.0,0.0,0.0,0.0,1.0,3.0,1.0,5998704348.0,-1.0,武威市古浪县,武威市古浪县定宁镇,10.0,15.3,0.0,4.2,29.5,31.76842105263158,42.1313725490196,46.79183823529412
甘肃省,武威市,古浪县,黄羊川镇,103.0635928,37.3804653,0.0,0.0,2.0,3.0,3.0,0.0,0.0,0.0,0.0,0.0,0.0,0.0,0.0,0.0,0.0,0.0,0.0,0.0,0.0,0.0,1.0,0.0,0.0,0.0,0.0,2.0,1.0,0.0,0.0,0.0,0.0,0.0,0.0,1.0,4.0,3.0,0.0,0.0,2.0,2.0,3.0,0.0,0.0,0.0,0.0,0.0,0.0,0.0,0.0,0.0,0.0,0.0,0.0,0.0,0.0,0.0,0.0,0.0,0.0,0.0,0.0,1.0,1.0,0.0,0.0,0.0,0.0,0.0,0.0,1.0,4.0,2.0,4734995326.0,-1.0,武威市古浪县,武威市古浪县黄羊川镇,9.0,11.5,0.0,1.7,22.2,31.76842105263158,42.1313725490196,46.79183823529412
甘肃省,武威市,古浪县,黑松驿镇,102.9108067,37.3543414,3.0,0.0,0.0,0.0,13.0,0.0,0.0,0.0,1.0,0.0,0.0,0.0,0.0,0.0,0.0,0.0,0.0,0.0,0.0,0.0,3.0,0.0,1.0,0.0,0.0,3.0,0.0,0.0,0.0,0.0,0.0,0.0,1.0,5.0,4.0,6.0,1.0,0.0,0.0,0.0,4.0,0.0,0.0,0.0,1.0,0.0,0.0,0.0,0.0,0.0,0.0,0.0,0.0,0.0,0.0,0.0,3.0,0.0,1.0,0.0,0.0,1.0,0.0,0.0,0.0,0.0,0.0,0.0,1.0,5.0,2.0,4.0,3684153950.0,-1.0,武威市古浪县,武威市古浪县黑松驿镇,10.0,12.8,0.0,3.0,25.8,31.76842105263158,42.1313725490196,46.79183823529412
甘肃省,武威市,古浪县,永丰滩镇,103.0173722,37.7306501,0.0,1.0,2.0,5.0,77.0,0.0,0.0,0.0,0.0,0.0,0.0,0.0,0.0,0.0,0.0,0.0,0.0,0.0,0.0,0.0,10.0,0.0,0.0,0.0,0.0,1.0,0.0,0.0,0.0,3.0,0.0,0.0,0.0,2.0,7.0,2.0,0.0,1.0,2.0,1.0,21.0,0.0,0.0,0.0,0.0,0.0,0.0,0.0,0.0,0.0,0.0,0.0,0.0,0.0,0.0,0.0,2.0,0.0,0.0,0.0,0.0,1.0,0.0,0.0,0.0,0.0,0.0,0.0,0.0,1.0,6.0,1.0,5998719946.0,-1.0,武威市古浪县,武威市古浪县永丰滩镇,8.0,23.5,0.0,1.3,32.8,31.76842105263158,42.1313725490196,46.79183823529412
甘肃省,武威市,古浪县,黄花滩镇,103.1280661,37.668409,0.0,5.0,1.0,10.0,42.0,0.0,0.0,0.0,0.0,0.0,0.0,0.0,0.0,0.0,0.0,0.0,0.0,0.0,0.0,0.0,7.0,0.0,0.0,0.0,0.0,1.0,7.0,0.0,0.0,0.0,0.0,2.0,0.0,3.0,5.0,4.0,0.0,0.0,0.0,3.0,6.0,0.0,0.0,0.0,0.0,0.0,0.0,0.0,0.0,0.0,0.0,0.0,0.0,0.0,0.0,0.0,1.0,0.0,0.0,0.0,0.0,1.0,1.0,0.0,0.0,0.0,0.0,1.0,0.0,2.0,3.0,3.0,2340595337.0,-1.0,武威市古浪县,武威市古浪县黄花滩镇,8.0,22.5,0.0,2.8,33.3,31.76842105263158,42.1313725490196,46.79183823529412
甘肃省,武威市,古浪县,西靖镇,103.304175,37.5631413,0.0,1.0,0.0,0.0,22.0,0.0,0.0,0.0,0.0,0.0,0.0,0.0,0.0,0.0,0.0,0.0,0.0,0.0,0.0,0.0,1.0,0.0,0.0,0.0,0.0,1.0,1.0,0.0,0.0,1.0,0.0,0.0,1.0,4.0,5.0,3.0,0.0,1.0,0.0,0.0,18.0,0.0,0.0,0.0,0.0,0.0,0.0,0.0,0.0,0.0,0.0,0.0,0.0,0.0,0.0,0.0,1.0,0.0,0.0,0.0,0.0,1.0,1.0,0.0,0.0,1.0,0.0,0.0,0.0,1.0,4.0,1.0,2340595347.0,-1.0,武威市古浪县,武威市古浪县西靖镇,8.0,17.3,0.0,1.9,27.2,31.76842105263158,42.1313725490196,46.79183823529412
甘肃省,武威市,古浪县,民权镇,103.3815909,37.4419315,0.0,0.0,3.0,4.0,32.0,0.0,0.0,0.0,0.0,0.0,0.0,0.0,0.0,0.0,0.0,0.0,0.0,0.0,0.0,0.0,3.0,0.0,0.0,0.0,0.0,7.0,0.0,0.0,0.0,0.0,0.0,0.0,0.0,1.0,3.0,2.0,0.0,0.0,3.0,1.0,8.0,0.0,0.0,0.0,0.0,0.0,0.0,0.0,0.0,0.0,0.0,0.0,0.0,0.0,0.0,0.0,1.0,0.0,0.0,0.0,0.0,3.0,0.0,0.0,0.0,0.0,0.0,0.0,0.0,1.0,3.0,2.0,5998729457.0,-1.0,武威市古浪县,武威市古浪县民权镇,12.0,19.3,0.0,1.0,32.3,31.76842105263158,42.1313725490196,46.79183823529412
甘肃省,武威市,古浪县,直滩镇,103.7349515,37.5475572,0.0,0.0,1.0,4.0,36.0,0.0,0.0,0.0,0.0,0.0,0.0,0.0,0.0,0.0,0.0,0.0,0.0,0.0,0.0,0.0,26.0,0.0,2.0,0.0,0.0,1.0,0.0,0.0,0.0,2.0,0.0,0.0,0.0,5.0,5.0,6.0,0.0,0.0,1.0,3.0,17.0,0.0,0.0,0.0,0.0,0.0,0.0,0.0,0.0,0.0,0.0,0.0,0.0,0.0,0.0,0.0,4.0,0.0,0.0,0.0,0.0,1.0,0.0,0.0,0.0,2.0,0.0,0.0,0.0,1.0,4.0,3.0,5998741120.0,-1.0,武威市古浪县,武威市古浪县直滩镇,8.0,22.5,0.0,3.4,33.9,31.76842105263158,42.1313725490196,46.79183823529412
甘肃省,武威市,古浪县,古丰镇,102.8326855,37.4339048,0.0,0.0,4.0,0.0,4.0,0.0,0.0,0.0,0.0,0.0,0.0,0.0,0.0,0.0,0.0,0.0,0.0,0.0,0.0,0.0,1.0,0.0,0.0,0.0,0.0,1.0,1.0,0.0,0.0,0.0,0.0,0.0,0.0,3.0,6.0,2.0,0.0,0.0,1.0,0.0,3.0,0.0,0.0,0.0,0.0,0.0,0.0,0.0,0.0,0.0,0.0,0.0,0.0,0.0,0.0,0.0,1.0,0.0,0.0,0.0,0.0,1.0,0.0,0.0,0.0,0.0,0.0,0.0,0.0,3.0,4.0,2.0,5998627128.0,-1.0,武威市古浪县,武威市古浪县古丰镇,8.0,9.7,0.0,1.1,18.8,31.76842105263158,42.1313725490196,46.79183823529412
甘肃省,武威市,古浪县,新堡乡,103.550086,37.2257588,1.0,0.0,0.0,0.0,3.0,0.0,0.0,0.0,0.0,0.0,0.0,0.0,0.0,0.0,2.0,2.0,0.0,0.0,0.0,0.0,0.0,0.0,0.0,0.0,0.0,3.0,0.0,0.0,0.0,0.0,0.0,0.0,0.0,1.0,3.0,0.0,1.0,0.0,0.0,0.0,2.0,0.0,0.0,0.0,0.0,0.0,0.0,0.0,0.0,0.0,1.0,1.0,0.0,0.0,0.0,0.0,0.0,0.0,0.0,0.0,0.0,1.0,0.0,0.0,0.0,0.0,0.0,0.0,0.0,1.0,2.0,0.0,4734999970.0,-1.0,武威市古浪县,武威市古浪县新堡乡,10.0,7.7,5.0,0.0,22.7,31.76842105263158,42.1313725490196,46.79183823529412
甘肃省,武威市,古浪县,干城乡,103.4263033,37.2382734,3.0,0.0,1.0,0.0,6.0,0.0,0.0,0.0,0.0,0.0,0.0,0.0,0.0,0.0,0.0,0.0,0.0,0.0,0.0,0.0,3.0,0.0,0.0,0.0,0.0,1.0,0.0,0.0,0.0,0.0,0.0,0.0,1.0,1.0,3.0,2.0,3.0,0.0,1.0,0.0,6.0,0.0,0.0,0.0,0.0,0.0,0.0,0.0,0.0,0.0,0.0,0.0,0.0,0.0,0.0,0.0,3.0,0.0,0.0,0.0,0.0,1.0,0.0,0.0,0.0,0.0,0.0,0.0,0.0,1.0,3.0,1.0,4734999971.0,-1.0,武威市古浪县,武威市古浪县干城乡,8.0,9.5,0.0,1.0,18.5,31.76842105263158,42.1313725490196,46.79183823529412
甘肃省,武威市,古浪县,横梁乡,103.2046737,37.3766101,0.0,0.0,1.0,0.0,0.0,0.0,0.0,0.0,0.0,0.0,0.0,0.0,0.0,0.0,1.0,1.0,0.0,0.0,0.0,0.0,0.0,0.0,0.0,0.0,0.0,4.0,0.0,0.0,0.0,0.0,0.0,0.0,0.0,3.0,1.0,0.0,0.0,0.0,1.0,0.0,0.0,0.0,0.0,0.0,0.0,0.0,0.0,0.0,0.0,0.0,1.0,1.0,0.0,0.0,0.0,0.0,0.0,0.0,0.0,0.0,0.0,1.0,0.0,0.0,0.0,0.0,0.0,0.0,0.0,1.0,1.0,0.0,4734995760.0,-1.0,武威市古浪县,武威市古浪县横梁乡,11.0,5.5,5.0,0.0,21.5,31.76842105263158,42.1313725490196,46.79183823529412
甘肃省,武威市,古浪县,十八里堡乡,102.9239261,37.3978239,1.0,0.0,3.0,1.0,1.0,8.0,0.0,0.0,0.0,0.0,1.0,0.0,0.0,0.0,0.0,0.0,0.0,0.0,0.0,0.0,4.0,0.0,1.0,0.0,0.0,1.0,1.0,0.0,0.0,1.0,0.0,0.0,0.0,4.0,5.0,5.0,1.0,0.0,3.0,1.0,1.0,1.0,0.0,0.0,0.0,0.0,1.0,0.0,0.0,0.0,0.0,0.0,0.0,0.0,0.0,0.0,3.0,0.0,0.0,0.0,0.0,1.0,0.0,0.0,0.0,0.0,0.0,0.0,0.0,4.0,5.0,2.0,5998585250.0,-1.0,武威市古浪县,武威市古浪县十八里堡乡,8.0,11.0,0.0,2.7,21.7,31.76842105263158,42.1313725490196,46.79183823529412
甘肃省,武威市,天祝藏族自治县,华藏寺镇,103.1263443,36.9838035,7.0,0.0,30.0,48.0,56.0,24.0,0.0,6.0,29.0,1.0,2.0,0.0,1.0,1.0,7.0,9.0,0.0,0.0,0.0,0.0,12.0,0.0,3.0,0.0,0.0,5.0,199.0,0.0,0.0,3.0,0.0,11.0,0.0,7.0,11.0,11.0,1.0,0.0,0.0,15.0,17.0,9.0,0.0,0.0,0.0,0.0,0.0,0.0,0.0,0.0,2.0,3.0,0.0,0.0,0.0,0.0,5.0,0.0,0.0,0.0,0.0,2.0,32.0,0.0,0.0,1.0,0.0,4.0,0.0,4.0,5.0,6.0,8097861530.0,-1.0,武威市天祝藏族自治县,武威市天祝藏族自治县华藏寺镇,12.0,30.0,5.0,20.0,67.0,33.88421052631579,42.1313725490196,46.79183823529412
甘肃省,武威市,天祝藏族自治县,打柴沟镇,102.9904363,37.0879183,3.0,0.0,7.0,0.0,17.0,1.0,0.0,0.0,2.0,0.0,0.0,0.0,0.0,0.0,0.0,0.0,0.0,0.0,0.0,0.0,5.0,0.0,1.0,0.0,0.0,4.0,3.0,0.0,0.0,0.0,0.0,0.0,1.0,6.0,7.0,6.0,1.0,0.0,3.0,0.0,8.0,1.0,0.0,0.0,2.0,0.0,0.0,0.0,0.0,0.0,0.0,0.0,0.0,0.0,0.0,0.0,2.0,0.0,1.0,0.0,0.0,1.0,3.0,0.0,0.0,0.0,0.0,0.0,1.0,3.0,5.0,5.0,4338221326.0,-1.0,武威市天祝藏族自治县,武威市天祝藏族自治县打柴沟镇,11.0,16.3,0.0,3.6,30.900000000000002,33.88421052631579,42.1313725490196,46.79183823529412
甘肃省,武威市,天祝藏族自治县,安远镇,102.852543,37.256769,9.0,0.0,0.0,2.0,57.0,3.0,0.0,0.0,0.0,0.0,1.0,0.0,0.0,0.0,0.0,0.0,0.0,0.0,0.0,0.0,5.0,0.0,0.0,0.0,0.0,3.0,11.0,0.0,0.0,1.0,0.0,0.0,0.0,6.0,9.0,5.0,5.0,0.0,0.0,1.0,30.0,0.0,0.0,0.0,0.0,0.0,1.0,0.0,0.0,0.0,0.0,0.0,0.0,0.0,0.0,0.0,4.0,0.0,0.0,0.0,0.0,1.0,10.0,0.0,0.0,1.0,0.0,0.0,0.0,2.0,4.0,1.0,2635501314.0,-1.0,武威市天祝藏族自治县,武威市天祝藏族自治县安远镇,10.0,26.0,0.0,4.800000000000001,40.8,33.88421052631579,42.1313725490196,46.79183823529412
甘肃省,武威市,天祝藏族自治县,炭山岭镇,102.6826739,36.9495944,7.0,0.0,4.0,12.0,35.0,9.0,0.0,0.0,0.0,0.0,0.0,0.0,0.0,0.0,0.0,0.0,0.0,0.0,0.0,0.0,6.0,0.0,1.0,0.0,0.0,3.0,28.0,0.0,0.0,2.0,0.0,0.0,0.0,1.0,7.0,5.0,0.0,0.0,1.0,10.0,19.0,0.0,0.0,0.0,0.0,0.0,0.0,0.0,0.0,0.0,0.0,0.0,0.0,0.0,0.0,0.0,3.0,0.0,0.0,0.0,0.0,2.0,6.0,0.0,0.0,1.0,0.0,0.0,0.0,1.0,4.0,2.0,4732623382.0,-1.0,武威市天祝藏族自治县,武威市天祝藏族自治县炭山岭镇,10.0,23.5,0.0,6.2,39.7,33.88421052631579,42.1313725490196,46.79183823529412
甘肃省,武威市,天祝藏族自治县,哈溪镇,102.5942075,37.4406084,0.0,0.0,6.0,3.0,48.0,0.0,0.0,0.0,0.0,0.0,0.0,0.0,0.0,0.0,0.0,0.0,0.0,0.0,0.0,0.0,15.0,0.0,0.0,0.0,0.0,5.0,0.0,0.0,0.0,0.0,0.0,0.0,0.0,4.0,5.0,2.0,0.0,0.0,4.0,2.0,24.0,0.0,0.0,0.0,0.0,0.0,0.0,0.0,0.0,0.0,0.0,0.0,0.0,0.0,0.0,0.0,7.0,0.0,0.0,0.0,0.0,1.0,0.0,0.0,0.0,0.0,0.0,0.0,0.0,3.0,5.0,2.0,5985027312.0,11866240.0,武威市天祝藏族自治县,武威市天祝藏族自治县哈溪镇,20.0,22.5,0.0,1.0,43.5,33.88421052631579,42.1313725490196,46.79183823529412
甘肃省,武威市,天祝藏族自治县,赛什斯镇,102.7866157,36.8465645,0.0,0.0,7.0,5.0,22.0,1.0,0.0,0.0,0.0,0.0,0.0,0.0,0.0,0.0,0.0,0.0,0.0,0.0,0.0,0.0,3.0,0.0,0.0,0.0,0.0,1.0,31.0,0.0,0.0,0.0,0.0,0.0,0.0,5.0,6.0,3.0,0.0,0.0,5.0,4.0,19.0,0.0,0.0,0.0,0.0,0.0,0.0,0.0,0.0,0.0,0.0,0.0,0.0,0.0,0.0,0.0,3.0,0.0,0.0,0.0,0.0,1.0,16.0,0.0,0.0,0.0,0.0,0.0,0.0,1.0,5.0,3.0,5995809484.0,-1.0,武威市天祝藏族自治县,武威市天祝藏族自治县赛什斯镇,8.0,23.0,0.0,6.2,37.2,33.88421052631579,42.1313725490196,46.79183823529412
甘肃省,武威市,天祝藏族自治县,石门镇,103.0402066,37.0000761,9.0,0.0,1.0,1.0,21.0,4.0,0.0,0.0,4.0,0.0,0.0,0.0,0.0,0.0,0.0,0.0,0.0,0.0,0.0,0.0,0.0,0.0,4.0,0.0,0.0,10.0,7.0,0.0,0.0,0.0,0.0,0.0,0.0,1.0,7.0,2.0,6.0,0.0,1.0,1.0,13.0,0.0,0.0,0.0,4.0,0.0,0.0,0.0,0.0,0.0,0.0,0.0,0.0,0.0,0.0,0.0,0.0,0.0,1.0,0.0,0.0,4.0,4.0,0.0,0.0,0.0,0.0,0.0,0.0,1.0,5.0,2.0,5995693773.0,-1.0,武威市天祝藏族自治县,武威市天祝藏族自治县石门镇,12.0,19.6,0.0,2.1,33.7,33.88421052631579,42.1313725490196,46.79183823529412
甘肃省,武威市,天祝藏族自治县,松山镇,103.291636,36.967142,7.0,0.0,1.0,4.0,31.0,1.0,0.0,0.0,0.0,1.0,1.0,0.0,0.0,0.0,1.0,1.0,0.0,0.0,0.0,0.0,2.0,0.0,0.0,0.0,0.0,4.0,9.0,0.0,0.0,1.0,0.0,0.0,0.0,4.0,7.0,6.0,7.0,0.0,1.0,2.0,7.0,0.0,0.0,0.0,0.0,0.0,1.0,0.0,0.0,0.0,0.0,0.0,0.0,0.0,0.0,0.0,2.0,0.0,0.0,0.0,0.0,1.0,9.0,0.0,0.0,1.0,0.0,0.0,0.0,0.0,6.0,4.0,-1.0,-1.0,武威市天祝藏族自治县,武威市天祝藏族自治县松山镇,4.0,24.8,0.0,5.0,33.8,33.88421052631579,42.1313725490196,46.79183823529412
甘肃省,武威市,天祝藏族自治县,天堂镇,102.5124564,36.9430731,6.0,3.0,0.0,18.0,41.0,11.0,0.0,0.0,2.0,0.0,0.0,0.0,1.0,1.0,1.0,1.0,0.0,0.0,0.0,0.0,7.0,0.0,0.0,0.0,0.0,9.0,28.0,0.0,0.0,1.0,0.0,2.0,0.0,9.0,9.0,8.0,6.0,3.0,0.0,8.0,8.0,11.0,0.0,0.0,0.0,0.0,0.0,0.0,1.0,1.0,0.0,0.0,0.0,0.0,0.0,0.0,2.0,0.0,0.0,0.0,0.0,1.0,19.0,0.0,0.0,0.0,0.0,2.0,0.0,8.0,7.0,8.0,4115829852.0,-1.0,武威市天祝藏族自治县,武威市天祝藏族自治县天堂镇,12.0,26.0,5.0,8.8,51.8,33.88421052631579,42.1313725490196,46.79183823529412
甘肃省,武威市,天祝藏族自治县,朵什镇,102.9993799,37.3196721,0.0,0.0,2.0,0.0,2.0,0.0,0.0,0.0,0.0,0.0,0.0,0.0,0.0,0.0,0.0,0.0,0.0,0.0,0.0,0.0,0.0,0.0,0.0,0.0,0.0,6.0,5.0,0.0,0.0,0.0,0.0,0.0,0.0,3.0,3.0,1.0,0.0,0.0,2.0,0.0,2.0,0.0,0.0,0.0,0.0,0.0,0.0,0.0,0.0,0.0,0.0,0.0,0.0,0.0,0.0,0.0,0.0,0.0,0.0,0.0,0.0,1.0,5.0,0.0,0.0,0.0,0.0,0.0,0.0,1.0,3.0,1.0,4734994006.0,-1.0,武威市天祝藏族自治县,武威市天祝藏族自治县朵什镇,12.0,7.5,0.0,1.5,21.0,33.88421052631579,42.1313725490196,46.79183823529412
甘肃省,武威市,天祝藏族自治县,西大滩镇,103.1720242,37.2978441,0.0,0.0,3.0,1.0,0.0,0.0,0.0,0.0,0.0,0.0,0.0,0.0,0.0,0.0,0.0,0.0,0.0,0.0,0.0,0.0,4.0,0.0,0.0,0.0,0.0,2.0,0.0,0.0,0.0,0.0,0.0,0.0,0.0,1.0,2.0,3.0,0.0,0.0,3.0,0.0,0.0,0.0,0.0,0.0,0.0,0.0,0.0,0.0,0.0,0.0,0.0,0.0,0.0,0.0,0.0,0.0,3.0,0.0,0.0,0.0,0.0,1.0,0.0,0.0,0.0,0.0,0.0,0.0,0.0,1.0,1.0,3.0,4734994683.0,-1.0,武威市天祝藏族自治县,武威市天祝藏族自治县西大滩镇,9.0,7.0,0.0,1.5,17.5,33.88421052631579,42.1313725490196,46.79183823529412
甘肃省,武威市,天祝藏族自治县,抓喜秀龙镇,102.7982394,37.1858176,2.0,0.0,1.0,7.0,4.0,1.0,0.0,0.0,0.0,0.0,0.0,0.0,0.0,0.0,0.0,0.0,0.0,0.0,0.0,0.0,1.0,0.0,0.0,0.0,0.0,3.0,1.0,0.0,0.0,1.0,0.0,0.0,0.0,4.0,7.0,2.0,0.0,0.0,0.0,5.0,0.0,1.0,0.0,0.0,0.0,0.0,0.0,0.0,0.0,0.0,0.0,0.0,0.0,0.0,0.0,0.0,1.0,0.0,0.0,0.0,0.0,2.0,0.0,0.0,0.0,0.0,0.0,0.0,0.0,1.0,2.0,2.0,5993503788.0,-1.0,武威市天祝藏族自治县,武威市天祝藏族自治县抓喜秀龙镇,10.0,14.3,0.0,1.2,25.5,33.88421052631579,42.1313725490196,46.79183823529412
甘肃省,武威市,天祝藏族自治县,大红沟镇,102.5739554,37.4835568,0.0,0.0,1.0,4.0,25.0,0.0,0.0,0.0,0.0,0.0,0.0,0.0,0.0,0.0,0.0,0.0,0.0,0.0,0.0,0.0,9.0,0.0,0.0,0.0,0.0,4.0,0.0,0.0,0.0,0.0,0.0,0.0,0.0,3.0,4.0,3.0,0.0,0.0,0.0,2.0,7.0,0.0,0.0,0.0,0.0,0.0,0.0,0.0,0.0,0.0,0.0,0.0,0.0,0.0,0.0,0.0,3.0,0.0,0.0,0.0,0.0,1.0,0.0,0.0,0.0,0.0,0.0,0.0,0.0,3.0,3.0,2.0,5986228840.0,11866241.0,武威市天祝藏族自治县,武威市天祝藏族自治县大红沟镇,19.0,18.1,0.0,1.5,38.6,33.88421052631579,42.1313725490196,46.79183823529412
甘肃省,武威市,天祝藏族自治县,祁连镇,102.4178212,37.6755532,0.0,0.0,4.0,6.0,15.0,2.0,0.0,1.0,0.0,0.0,0.0,0.0,0.0,0.0,0.0,0.0,0.0,0.0,0.0,0.0,17.0,0.0,0.0,0.0,0.0,4.0,0.0,0.0,0.0,0.0,0.0,0.0,0.0,1.0,7.0,3.0,0.0,0.0,2.0,5.0,9.0,1.0,0.0,0.0,0.0,0.0,0.0,0.0,0.0,0.0,0.0,0.0,0.0,0.0,0.0,0.0,10.0,0.0,0.0,0.0,0.0,1.0,0.0,0.0,0.0,0.0,0.0,0.0,0.0,1.0,6.0,3.0,5992567465.0,11866239.0,武威市天祝藏族自治县,武威市天祝藏族自治县祁连镇,19.0,19.2,0.0,1.5,39.7,33.88421052631579,42.1313725490196,46.79183823529412
甘肃省,武威市,天祝藏族自治县,东坪乡,102.7574095,36.5504983,0.0,0.0,0.0,4.0,1.0,0.0,0.0,0.0,0.0,0.0,0.0,0.0,0.0,0.0,0.0,0.0,0.0,0.0,0.0,0.0,1.0,0.0,0.0,0.0,0.0,1.0,0.0,0.0,0.0,0.0,0.0,0.0,0.0,7.0,2.0,2.0,0.0,0.0,0.0,1.0,0.0,0.0,0.0,0.0,0.0,0.0,0.0,0.0,0.0,0.0,0.0,0.0,0.0,0.0,0.0,0.0,1.0,0.0,0.0,0.0,0.0,1.0,0.0,0.0,0.0,0.0,0.0,0.0,0.0,7.0,1.0,2.0,5994879669.0,-1.0,武威市天祝藏族自治县,武威市天祝藏族自治县东坪乡,8.0,5.2,0.0,1.0,14.2,33.88421052631579,42.1313725490196,46.79183823529412
甘肃省,武威市,天祝藏族自治县,赛拉隆乡,102.7815678,36.6286959,1.0,0.0,0.0,3.0,11.0,5.0,0.0,0.0,0.0,0.0,0.0,0.0,0.0,0.0,0.0,0.0,0.0,0.0,0.0,0.0,2.0,0.0,2.0,0.0,0.0,1.0,20.0,0.0,0.0,8.0,0.0,0.0,0.0,1.0,4.0,7.0,1.0,0.0,0.0,0.0,6.0,0.0,0.0,0.0,0.0,0.0,0.0,0.0,0.0,0.0,0.0,0.0,0.0,0.0,0.0,0.0,1.0,0.0,0.0,0.0,0.0,1.0,0.0,0.0,0.0,0.0,0.0,0.0,0.0,1.0,2.0,6.0,5994875265.0,-1.0,武威市天祝藏族自治县,武威市天祝藏族自治县赛拉隆乡,8.0,14.0,0.0,6.300000000000001,28.3,33.88421052631579,42.1313725490196,46.79183823529412
甘肃省,武威市,天祝藏族自治县,东大滩乡,103.362802,37.2251023,0.0,0.0,3.0,2.0,1.0,0.0,0.0,0.0,0.0,0.0,0.0,0.0,0.0,0.0,0.0,0.0,0.0,0.0,0.0,0.0,2.0,0.0,0.0,0.0,0.0,3.0,0.0,0.0,0.0,0.0,0.0,0.0,0.0,3.0,3.0,2.0,0.0,0.0,0.0,1.0,1.0,0.0,0.0,0.0,0.0,0.0,0.0,0.0,0.0,0.0,0.0,0.0,0.0,0.0,0.0,0.0,2.0,0.0,0.0,0.0,0.0,1.0,0.0,0.0,0.0,0.0,0.0,0.0,0.0,1.0,2.0,1.0,5993555889.0,-1.0,武威市天祝藏族自治县,武威市天祝藏族自治县东大滩乡,10.0,9.0,0.0,1.0,20.0,33.88421052631579,42.1313725490196,46.79183823529412
甘肃省,武威市,天祝藏族自治县,毛藏乡,102.414563,37.5155421,0.0,0.0,0.0,10.0,13.0,0.0,0.0,0.0,0.0,0.0,0.0,0.0,0.0,0.0,0.0,0.0,0.0,0.0,0.0,0.0,3.0,0.0,0.0,0.0,0.0,2.0,1.0,0.0,0.0,4.0,0.0,0.0,0.0,1.0,4.0,4.0,0.0,0.0,0.0,4.0,9.0,0.0,0.0,0.0,0.0,0.0,0.0,0.0,0.0,0.0,0.0,0.0,0.0,0.0,0.0,0.0,2.0,0.0,0.0,0.0,0.0,1.0,0.0,0.0,0.0,3.0,0.0,0.0,0.0,1.0,3.0,4.0,5992231700.0,11866242.0,武威市天祝藏族自治县,武威市天祝藏族自治县毛藏乡,17.0,12.3,0.0,2.8,32.1,33.88421052631579,42.1313725490196,46.79183823529412
甘肃省,武威市,天祝藏族自治县,旦马乡,102.2727769,37.7871383,0.0,0.0,0.0,3.0,10.0,1.0,0.0,0.0,0.0,0.0,0.0,0.0,0.0,0.0,0.0,0.0,0.0,0.0,0.0,0.0,8.0,0.0,0.0,0.0,0.0,4.0,0.0,0.0,0.0,0.0,0.0,0.0,0.0,1.0,6.0,3.0,0.0,0.0,0.0,3.0,0.0,1.0,0.0,0.0,0.0,0.0,0.0,0.0,0.0,0.0,0.0,0.0,0.0,0.0,0.0,0.0,4.0,0.0,0.0,0.0,0.0,2.0,0.0,0.0,0.0,0.0,0.0,0.0,0.0,1.0,2.0,1.0,5989831079.0,11866243.0,武威市天祝藏族自治县,武威市天祝藏族自治县旦马乡,19.0,8.0,0.0,1.5,28.5,33.88421052631579,42.1313725490196,46.79183823529412
甘肃省,张掖市,甘州区,东街街道,100.4645204,38.9284007,1.0,28.0,34.0,28.0,178.0,19.0,0.0,3.0,12.0,6.0,2.0,7.0,5.0,5.0,21.0,28.0,3.0,2.0,5.0,43.0,107.0,17.0,2.0,6.0,3.0,8.0,431.0,0.0,0.0,3.0,7.0,50.0,31.0,15.0,14.0,9.0,0.0,3.0,4.0,7.0,50.0,10.0,0.0,1.0,7.0,4.0,0.0,1.0,1.0,1.0,5.0,5.0,1.0,2.0,1.0,17.0,21.0,5.0,0.0,5.0,0.0,2.0,73.0,0.0,0.0,2.0,1.0,5.0,12.0,6.0,10.0,6.0,8095727116.0,11863477.0,张掖市甘州区,张掖市甘州区东街街道,20.0,30.0,30.0,20.0,100.0,47.27826086956522,36.88307692307693,46.79183823529412
甘肃省,张掖市,甘州区,南街街道,100.4488563,38.9281337,1.0,29.0,32.0,34.0,241.0,17.0,0.0,10.0,17.0,6.0,2.0,8.0,6.0,6.0,21.0,28.0,2.0,2.0,5.0,45.0,132.0,15.0,0.0,6.0,4.0,8.0,458.0,0.0,1.0,3.0,8.0,66.0,32.0,15.0,16.0,9.0,0.0,7.0,5.0,7.0,45.0,7.0,0.0,1.0,7.0,2.0,0.0,5.0,2.0,2.0,9.0,15.0,0.0,0.0,4.0,16.0,29.0,6.0,0.0,4.0,0.0,1.0,138.0,0.0,0.0,1.0,2.0,13.0,14.0,5.0,10.0,5.0,8095722977.0,11863476.0,张掖市甘州区,张掖市甘州区南街街道,20.0,30.0,23.0,20.0,93.0,47.27826086956522,36.88307692307693,46.79183823529412
甘肃省,张掖市,甘州区,西街街道,100.446968,38.9407189,0.0,29.0,41.0,36.0,250.0,33.0,0.0,42.0,19.0,16.0,2.0,21.0,6.0,6.0,23.0,30.0,2.0,3.0,5.0,47.0,141.0,17.0,0.0,7.0,6.0,8.0,501.0,0.0,1.0,4.0,8.0,72.0,37.0,13.0,14.0,10.0,0.0,7.0,14.0,6.0,37.0,5.0,0.0,0.0,3.0,0.0,0.0,0.0,3.0,3.0,8.0,10.0,0.0,0.0,0.0,18.0,33.0,1.0,0.0,4.0,1.0,2.0,154.0,0.0,0.0,0.0,4.0,17.0,12.0,7.0,9.0,7.0,8095726416.0,11863475.0,张掖市甘州区,张掖市甘州区西街街道,20.0,30.0,21.0,20.0,91.0,47.27826086956522,36.88307692307693,46.79183823529412
甘肃省,张掖市,甘州区,北街街道,100.4606151,38.9414532,0.0,30.0,39.0,26.0,197.0,34.0,0.0,42.0,14.0,7.0,2.0,7.0,5.0,5.0,21.0,28.0,3.0,2.0,5.0,43.0,112.0,17.0,5.0,6.0,5.0,8.0,482.0,0.0,1.0,4.0,7.0,69.0,35.0,11.0,15.0,9.0,0.0,5.0,17.0,4.0,28.0,12.0,0.0,3.0,4.0,4.0,0.0,0.0,2.0,2.0,9.0,9.0,1.0,1.0,0.0,26.0,23.0,1.0,0.0,6.0,2.0,2.0,70.0,0.0,0.0,1.0,2.0,14.0,16.0,8.0,11.0,8.0,8095733043.0,11863474.0,张掖市甘州区,张掖市甘州区北街街道,20.0,30.0,28.0,20.0,98.0,47.27826086956522,36.88307692307693,46.79183823529412
甘肃省,张掖市,甘州区,火车站街道,100.4739188,38.9412529,1.0,18.0,32.0,22.0,168.0,27.0,0.0,10.0,12.0,7.0,0.0,4.0,5.0,5.0,19.0,25.0,3.0,2.0,5.0,42.0,83.0,17.0,6.0,6.0,2.0,8.0,420.0,0.0,0.0,3.0,7.0,49.0,30.0,11.0,15.0,9.0,0.0,5.0,8.0,7.0,11.0,2.0,0.0,2.0,1.0,2.0,0.0,0.0,1.0,1.0,5.0,5.0,1.0,0.0,0.0,3.0,14.0,6.0,0.0,0.0,1.0,1.0,40.0,0.0,0.0,0.0,1.0,13.0,3.0,4.0,10.0,6.0,8095732877.0,11863473.0,张掖市甘州区,张掖市甘州区火车站街道,20.0,28.0,23.0,20.0,91.0,47.27826086956522,36.88307692307693,46.79183823529412
甘肃省,张掖市,甘州区,梁家墩镇,100.4607069,38.9248224,1.0,28.0,37.0,27.0,182.0,18.0,0.0,3.0,16.0,7.0,2.0,7.0,5.0,5.0,21.0,28.0,3.0,2.0,5.0,44.0,103.0,16.0,0.0,6.0,3.0,8.0,416.0,0.0,0.0,3.0,8.0,55.0,32.0,15.0,14.0,9.0,0.0,5.0,2.0,5.0,49.0,8.0,0.0,0.0,6.0,4.0,0.0,2.0,0.0,0.0,5.0,7.0,0.0,0.0,4.0,11.0,20.0,7.0,0.0,1.0,0.0,2.0,83.0,0.0,0.0,2.0,1.0,3.0,11.0,4.0,9.0,6.0,5975666646.0,11863472.0,张掖市甘州区,张掖市甘州区梁家墩镇,20.0,30.0,18.0,20.0,88.0,47.27826086956522,36.88307692307693,46.79183823529412
甘肃省,张掖市,甘州区,上秦镇,100.5240066,38.9380821,1.0,5.0,1.0,0.0,53.0,1.0,0.0,0.0,0.0,0.0,1.0,0.0,0.0,0.0,0.0,0.0,0.0,0.0,0.0,0.0,24.0,1.0,2.0,0.0,0.0,1.0,20.0,0.0,0.0,1.0,0.0,2.0,0.0,5.0,7.0,8.0,1.0,0.0,0.0,0.0,12.0,0.0,0.0,0.0,0.0,0.0,1.0,0.0,0.0,0.0,0.0,0.0,0.0,0.0,0.0,0.0,4.0,0.0,0.0,0.0,0.0,1.0,1.0,0.0,0.0,0.0,0.0,2.0,0.0,2.0,3.0,4.0,5975673148.0,-1.0,张掖市甘州区,张掖市甘州区上秦镇,8.0,24.700000000000003,0.0,6.2,38.900000000000006,47.27826086956522,36.88307692307693,46.79183823529412
甘肃省,张掖市,甘州区,大满镇,100.4007918,38.7969161,0.0,0.0,1.0,1.0,16.0,1.0,0.0,0.0,0.0,0.0,1.0,0.0,0.0,0.0,0.0,0.0,0.0,0.0,0.0,0.0,0.0,0.0,0.0,1.0,0.0,1.0,1.0,0.0,0.0,0.0,0.0,0.0,0.0,1.0,5.0,1.0,0.0,0.0,1.0,0.0,6.0,1.0,0.0,0.0,0.0,0.0,1.0,0.0,0.0,0.0,0.0,0.0,0.0,0.0,0.0,0.0,0.0,0.0,0.0,1.0,0.0,1.0,1.0,0.0,0.0,0.0,0.0,0.0,0.0,1.0,4.0,1.0,5975472733.0,-1.0,张掖市甘州区,张掖市甘州区大满镇,8.0,15.5,0.0,0.7,24.2,47.27826086956522,36.88307692307693,46.79183823529412
甘肃省,张掖市,甘州区,沙井镇,100.2674777,39.099452,3.0,0.0,1.0,7.0,31.0,0.0,0.0,0.0,0.0,0.0,0.0,0.0,0.0,0.0,0.0,0.0,0.0,0.0,0.0,0.0,1.0,0.0,0.0,0.0,0.0,1.0,0.0,0.0,0.0,1.0,0.0,0.0,0.0,4.0,5.0,1.0,2.0,0.0,1.0,4.0,16.0,0.0,0.0,0.0,0.0,0.0,0.0,0.0,0.0,0.0,0.0,0.0,0.0,0.0,0.0,0.0,1.0,0.0,0.0,0.0,0.0,1.0,0.0,0.0,0.0,1.0,0.0,0.0,0.0,4.0,5.0,1.0,5974372090.0,-1.0,张掖市甘州区,张掖市甘州区沙井镇,8.0,22.5,0.0,0.7,31.2,47.27826086956522,36.88307692307693,46.79183823529412
甘肃省,张掖市,甘州区,乌江镇,100.4210437,39.0387814,0.0,10.0,0.0,7.0,14.0,0.0,0.0,0.0,0.0,0.0,0.0,0.0,0.0,0.0,0.0,0.0,0.0,0.0,0.0,0.0,0.0,0.0,0.0,0.0,0.0,1.0,0.0,0.0,0.0,1.0,0.0,0.0,0.0,4.0,4.0,2.0,0.0,0.0,0.0,4.0,3.0,0.0,0.0,0.0,0.0,0.0,0.0,0.0,0.0,0.0,0.0,0.0,0.0,0.0,0.0,0.0,0.0,0.0,0.0,0.0,0.0,1.0,0.0,0.0,0.0,0.0,0.0,0.0,0.0,3.0,2.0,2.0,5975847059.0,-1.0,张掖市甘州区,张掖市甘州区乌江镇,8.0,15.7,0.0,1.1,24.8,47.27826086956522,36.88307692307693,46.79183823529412
甘肃省,张掖市,甘州区,甘浚镇,100.1740442,38.96393,0.0,10.0,0.0,4.0,19.0,0.0,0.0,0.0,0.0,0.0,1.0,0.0,0.0,0.0,0.0,0.0,0.0,0.0,0.0,0.0,1.0,0.0,1.0,1.0,0.0,1.0,2.0,0.0,0.0,0.0,0.0,0.0,0.0,1.0,5.0,4.0,0.0,6.0,0.0,1.0,10.0,0.0,0.0,0.0,0.0,0.0,1.0,0.0,0.0,0.0,0.0,0.0,0.0,0.0,0.0,0.0,1.0,0.0,1.0,1.0,0.0,1.0,2.0,0.0,0.0,0.0,0.0,0.0,0.0,1.0,5.0,4.0,5975622872.0,-1.0,张掖市甘州区,张掖市甘州区甘浚镇,8.0,20.3,0.0,2.4,30.7,47.27826086956522,36.88307692307693,46.79183823529412
甘肃省,张掖市,甘州区,新墩镇,100.4055352,38.9193611,3.0,19.0,20.0,24.0,240.0,5.0,0.0,1.0,5.0,12.0,3.0,16.0,2.0,2.0,6.0,8.0,1.0,1.0,0.0,3.0,61.0,18.0,3.0,0.0,2.0,1.0,140.0,0.0,0.0,0.0,1.0,27.0,2.0,8.0,14.0,9.0,3.0,4.0,4.0,6.0,22.0,0.0,0.0,0.0,0.0,0.0,1.0,0.0,0.0,0.0,2.0,2.0,0.0,0.0,0.0,0.0,6.0,1.0,1.0,0.0,1.0,1.0,3.0,0.0,0.0,0.0,0.0,3.0,0.0,4.0,10.0,5.0,5975903682.0,11863471.0,张掖市甘州区,张掖市甘州区新墩镇,16.0,30.0,10.0,18.3,74.3,47.27826086956522,36.88307692307693,46.79183823529412
甘肃省,张掖市,甘州区,党寨镇,100.4705911,38.8546245,0.0,0.0,0.0,2.0,19.0,13.0,0.0,0.0,0.0,0.0,0.0,0.0,0.0,0.0,0.0,0.0,0.0,0.0,0.0,0.0,0.0,0.0,0.0,0.0,0.0,1.0,0.0,0.0,0.0,0.0,0.0,0.0,0.0,2.0,4.0,1.0,0.0,0.0,0.0,2.0,4.0,0.0,0.0,0.0,0.0,0.0,0.0,0.0,0.0,0.0,0.0,0.0,0.0,0.0,0.0,0.0,0.0,0.0,0.0,0.0,0.0,1.0,0.0,0.0,0.0,0.0,0.0,0.0,0.0,1.0,3.0,0.0,5975924267.0,-1.0,张掖市甘州区,张掖市甘州区党寨镇,8.0,9.0,0.0,0.5,17.5,47.27826086956522,36.88307692307693,46.79183823529412
甘肃省,张掖市,甘州区,碱滩镇,100.6259335,38.9004558,0.0,0.0,0.0,10.0,39.0,2.0,0.0,0.0,0.0,0.0,2.0,0.0,0.0,0.0,0.0,0.0,0.0,0.0,0.0,0.0,9.0,0.0,0.0,0.0,0.0,2.0,2.0,0.0,0.0,3.0,0.0,0.0,0.0,5.0,9.0,2.0,0.0,0.0,0.0,7.0,4.0,0.0,0.0,0.0,0.0,0.0,0.0,0.0,0.0,0.0,0.0,0.0,0.0,0.0,0.0,0.0,3.0,0.0,0.0,0.0,0.0,1.0,0.0,0.0,0.0,2.0,0.0,0.0,0.0,3.0,4.0,1.0,4550886073.0,-1.0,张掖市甘州区,张掖市甘州区碱滩镇,9.0,20.0,0.0,1.7000000000000002,30.7,47.27826086956522,36.88307692307693,46.79183823529412
甘肃省,张掖市,甘州区,三闸镇,100.5146741,38.9977065,0.0,0.0,2.0,7.0,38.0,0.0,0.0,2.0,5.0,0.0,0.0,0.0,0.0,0.0,0.0,0.0,0.0,0.0,0.0,0.0,12.0,0.0,4.0,0.0,0.0,2.0,1.0,0.0,0.0,1.0,0.0,1.0,0.0,6.0,7.0,5.0,0.0,0.0,0.0,1.0,15.0,0.0,0.0,0.0,0.0,0.0,0.0,0.0,0.0,0.0,0.0,0.0,0.0,0.0,0.0,0.0,4.0,0.0,0.0,0.0,0.0,2.0,0.0,0.0,0.0,0.0,0.0,0.0,0.0,2.0,3.0,1.0,5975876779.0,-1.0,张掖市甘州区,张掖市甘州区三闸镇,9.0,25.5,0.0,2.7,37.2,47.27826086956522,36.88307692307693,46.79183823529412
甘肃省,张掖市,甘州区,小满镇,100.3531577,38.8493376,0.0,0.0,2.0,0.0,6.0,0.0,0.0,0.0,0.0,0.0,0.0,0.0,0.0,0.0,0.0,0.0,0.0,0.0,0.0,0.0,0.0,0.0,0.0,0.0,0.0,1.0,0.0,0.0,0.0,0.0,0.0,0.0,0.0,1.0,3.0,1.0,0.0,0.0,1.0,0.0,5.0,0.0,0.0,0.0,0.0,0.0,0.0,0.0,0.0,0.0,0.0,0.0,0.0,0.0,0.0,0.0,0.0,0.0,0.0,0.0,0.0,1.0,0.0,0.0,0.0,0.0,0.0,0.0,0.0,1.0,3.0,0.0,5975931011.0,-1.0,张掖市甘州区,张掖市甘州区小满镇,8.0,9.2,0.0,0.5,17.7,47.27826086956522,36.88307692307693,46.79183823529412
甘肃省,张掖市,甘州区,明永镇,100.3063311,39.0121356,0.0,0.0,0.0,1.0,10.0,0.0,0.0,0.0,0.0,0.0,0.0,0.0,0.0,0.0,0.0,0.0,0.0,0.0,0.0,0.0,0.0,0.0,0.0,0.0,0.0,1.0,0.0,0.0,0.0,0.0,0.0,0.0,0.0,4.0,4.0,0.0,0.0,0.0,0.0,1.0,6.0,0.0,0.0,0.0,0.0,0.0,0.0,0.0,0.0,0.0,0.0,0.0,0.0,0.0,0.0,0.0,0.0,0.0,0.0,0.0,0.0,1.0,0.0,0.0,0.0,0.0,0.0,0.0,0.0,1.0,3.0,0.0,5975996376.0,-1.0,张掖市甘州区,张掖市甘州区明永镇,8.0,6.8,0.0,0.0,14.8,47.27826086956522,36.88307692307693,46.79183823529412
甘肃省,张掖市,甘州区,长安镇,100.4297933,38.889562,1.0,0.0,4.0,1.0,85.0,0.0,0.0,0.0,0.0,0.0,0.0,0.0,0.0,0.0,0.0,0.0,0.0,0.0,0.0,0.0,2.0,0.0,0.0,0.0,0.0,1.0,0.0,0.0,0.0,0.0,0.0,0.0,0.0,9.0,6.0,1.0,0.0,0.0,1.0,0.0,20.0,0.0,0.0,0.0,0.0,0.0,0.0,0.0,0.0,0.0,0.0,0.0,0.0,0.0,0.0,0.0,0.0,0.0,0.0,0.0,0.0,1.0,0.0,0.0,0.0,0.0,0.0,0.0,0.0,1.0,3.0,0.0,5975945182.0,-1.0,张掖市甘州区,张掖市甘州区长安镇,8.0,23.0,0.0,0.5,31.5,47.27826086956522,36.88307692307693,46.79183823529412
甘肃省,张掖市,甘州区,龙渠乡,100.2837795,38.8161328,0.0,0.0,4.0,2.0,21.0,0.0,0.0,0.0,0.0,0.0,0.0,0.0,0.0,0.0,0.0,0.0,0.0,0.0,0.0,0.0,8.0,0.0,0.0,0.0,0.0,1.0,0.0,0.0,0.0,0.0,0.0,0.0,0.0,1.0,4.0,6.0,0.0,0.0,2.0,1.0,6.0,0.0,0.0,0.0,0.0,0.0,0.0,0.0,0.0,0.0,0.0,0.0,0.0,0.0,0.0,0.0,1.0,0.0,0.0,0.0,0.0,1.0,0.0,0.0,0.0,0.0,0.0,0.0,0.0,1.0,4.0,1.0,5975409946.0,-1.0,张掖市甘州区,张掖市甘州区龙渠乡,8.0,15.0,0.0,3.0,26.0,47.27826086956522,36.88307692307693,46.79183823529412
甘肃省,张掖市,甘州区,安阳乡,100.4112174,38.6189788,0.0,1.0,2.0,6.0,26.0,0.0,0.0,0.0,0.0,0.0,0.0,0.0,0.0,0.0,0.0,0.0,0.0,0.0,0.0,0.0,3.0,0.0,0.0,0.0,0.0,3.0,0.0,0.0,0.0,1.0,0.0,0.0,0.0,1.0,6.0,4.0,0.0,0.0,0.0,1.0,7.0,0.0,0.0,0.0,0.0,0.0,0.0,0.0,0.0,0.0,0.0,0.0,0.0,0.0,0.0,0.0,1.0,0.0,0.0,0.0,0.0,1.0,0.0,0.0,0.0,0.0,0.0,0.0,0.0,1.0,3.0,2.0,5975308368.0,-1.0,张掖市甘州区,张掖市甘州区安阳乡,10.0,20.3,0.0,2.1,32.4,47.27826086956522,36.88307692307693,46.79183823529412
甘肃省,张掖市,甘州区,花寨乡,100.3637827,38.62326,0.0,1.0,2.0,12.0,16.0,0.0,0.0,0.0,0.0,0.0,0.0,0.0,0.0,0.0,0.0,0.0,0.0,0.0,0.0,0.0,3.0,0.0,0.0,0.0,0.0,4.0,0.0,0.0,0.0,1.0,0.0,0.0,0.0,1.0,6.0,3.0,0.0,0.0,1.0,9.0,12.0,0.0,0.0,0.0,0.0,0.0,0.0,0.0,0.0,0.0,0.0,0.0,0.0,0.0,0.0,0.0,1.0,0.0,0.0,0.0,0.0,1.0,0.0,0.0,0.0,0.0,0.0,0.0,0.0,1.0,4.0,3.0,3323858716.0,-1.0,张掖市甘州区,张掖市甘州区花寨乡,11.0,19.8,0.0,1.6,32.4,47.27826086956522,36.88307692307693,46.79183823529412
甘肃省,张掖市,甘州区,靖安乡,100.4196033,39.0941752,0.0,0.0,2.0,1.0,39.0,0.0,0.0,0.0,0.0,0.0,0.0,0.0,0.0,0.0,0.0,0.0,0.0,0.0,0.0,0.0,7.0,0.0,1.0,0.0,0.0,1.0,1.0,0.0,0.0,2.0,0.0,0.0,0.0,2.0,4.0,4.0,0.0,0.0,1.0,0.0,9.0,0.0,0.0,0.0,0.0,0.0,0.0,0.0,0.0,0.0,0.0,0.0,0.0,0.0,0.0,0.0,6.0,0.0,0.0,0.0,0.0,1.0,0.0,0.0,0.0,1.0,0.0,0.0,0.0,1.0,3.0,1.0,5974581519.0,-1.0,张掖市甘州区,张掖市甘州区靖安乡,8.0,18.5,0.0,2.4,28.9,47.27826086956522,36.88307692307693,46.79183823529412
甘肃省,张掖市,甘州区,平山湖蒙古族乡,100.8324199,39.1696003,0.0,7.0,0.0,4.0,13.0,1.0,0.0,0.0,1.0,0.0,0.0,0.0,0.0,0.0,0.0,0.0,0.0,0.0,0.0,1.0,4.0,0.0,0.0,0.0,0.0,3.0,0.0,0.0,0.0,3.0,0.0,0.0,0.0,10.0,7.0,5.0,0.0,3.0,0.0,3.0,7.0,1.0,0.0,0.0,1.0,0.0,0.0,0.0,0.0,0.0,0.0,0.0,0.0,0.0,0.0,1.0,1.0,0.0,0.0,0.0,0.0,1.0,0.0,0.0,0.0,2.0,0.0,0.0,0.0,1.0,6.0,3.0,3981323868.0,-1.0,张掖市甘州区,张掖市甘州区平山湖蒙古族乡,10.0,19.2,1.0,3.0,33.2,47.27826086956522,36.88307692307693,46.79183823529412
甘肃省,张掖市,肃南裕固族自治县,红湾寺镇,99.6155264,38.8378047,9.0,3.0,2.0,25.0,17.0,1.0,0.0,0.0,0.0,0.0,1.0,0.0,0.0,0.0,1.0,1.0,0.0,0.0,0.0,0.0,17.0,0.0,1.0,0.0,0.0,3.0,10.0,0.0,0.0,0.0,0.0,2.0,0.0,3.0,8.0,5.0,1.0,3.0,2.0,18.0,11.0,0.0,0.0,0.0,0.0,0.0,0.0,0.0,0.0,0.0,1.0,1.0,0.0,0.0,0.0,0.0,12.0,0.0,0.0,0.0,0.0,2.0,0.0,0.0,0.0,0.0,0.0,1.0,0.0,3.0,7.0,4.0,431405718.0,11856781.0,张掖市肃南裕固族自治县,张掖市肃南裕固族自治县红湾寺镇,18.0,22.7,5.0,3.5,49.2,37.400000000000006,36.88307692307693,46.79183823529412
甘肃省,张掖市,肃南裕固族自治县,皇城镇,101.8095005,37.9090592,0.0,3.0,0.0,4.0,18.0,2.0,0.0,0.0,0.0,0.0,0.0,0.0,0.0,0.0,0.0,0.0,0.0,0.0,0.0,0.0,3.0,0.0,0.0,0.0,0.0,1.0,29.0,0.0,0.0,1.0,0.0,1.0,0.0,2.0,7.0,4.0,0.0,2.0,0.0,2.0,13.0,1.0,0.0,0.0,0.0,0.0,0.0,0.0,0.0,0.0,0.0,0.0,0.0,0.0,0.0,0.0,3.0,0.0,0.0,0.0,0.0,1.0,17.0,0.0,0.0,0.0,0.0,1.0,0.0,1.0,6.0,3.0,5966660141.0,-1.0,张掖市肃南裕固族自治县,张掖市肃南裕固族自治县皇城镇,8.0,20.0,0.0,6.7,34.7,37.400000000000006,36.88307692307693,46.79183823529412
甘肃省,张掖市,肃南裕固族自治县,康乐镇,99.9145586,38.9655835,0.0,5.0,0.0,9.0,37.0,6.0,0.0,5.0,3.0,2.0,1.0,0.0,0.0,0.0,0.0,0.0,0.0,0.0,0.0,2.0,3.0,0.0,0.0,0.0,0.0,2.0,57.0,0.0,0.0,0.0,0.0,12.0,5.0,2.0,7.0,4.0,0.0,3.0,0.0,5.0,19.0,3.0,0.0,5.0,3.0,2.0,0.0,0.0,0.0,0.0,0.0,0.0,0.0,0.0,0.0,2.0,3.0,0.0,0.0,0.0,0.0,1.0,40.0,0.0,0.0,0.0,0.0,11.0,4.0,1.0,7.0,4.0,5966936635.0,-1.0,张掖市肃南裕固族自治县,张掖市肃南裕固族自治县康乐镇,9.0,29.5,2.0,11.700000000000001,52.2,37.400000000000006,36.88307692307693,46.79183823529412
甘肃省,张掖市,肃南裕固族自治县,马蹄藏族乡,100.4288854,38.5073603,0.0,0.0,1.0,0.0,12.0,2.0,0.0,6.0,1.0,2.0,0.0,0.0,0.0,0.0,0.0,0.0,0.0,0.0,0.0,1.0,21.0,0.0,0.0,0.0,0.0,2.0,12.0,0.0,0.0,0.0,0.0,0.0,9.0,4.0,9.0,8.0,0.0,0.0,1.0,0.0,4.0,0.0,0.0,3.0,1.0,1.0,0.0,0.0,0.0,0.0,0.0,0.0,0.0,0.0,0.0,1.0,8.0,0.0,0.0,0.0,0.0,1.0,8.0,0.0,0.0,0.0,0.0,0.0,6.0,3.0,6.0,6.0,3323563586.0,11857105.0,张掖市肃南裕固族自治县,张掖市肃南裕固族自治县马蹄藏族乡,17.0,16.6,1.0,6.0,40.6,37.400000000000006,36.88307692307693,46.79183823529412
甘肃省,张掖市,肃南裕固族自治县,白银蒙古族乡,99.924648,38.9604354,0.0,7.0,0.0,9.0,21.0,6.0,0.0,5.0,3.0,2.0,1.0,0.0,0.0,0.0,0.0,0.0,0.0,0.0,0.0,2.0,3.0,0.0,0.0,0.0,0.0,2.0,55.0,0.0,0.0,0.0,0.0,12.0,5.0,2.0,7.0,4.0,0.0,3.0,0.0,5.0,18.0,2.0,0.0,1.0,0.0,1.0,1.0,0.0,0.0,0.0,0.0,0.0,0.0,0.0,0.0,0.0,3.0,0.0,0.0,0.0,0.0,1.0,38.0,0.0,0.0,0.0,0.0,6.0,2.0,1.0,6.0,4.0,5967065289.0,-1.0,张掖市肃南裕固族自治县,张掖市肃南裕固族自治县白银蒙古族乡,9.0,29.1,0.0,11.3,49.400000000000006,37.400000000000006,36.88307692307693,46.79183823529412
甘肃省,张掖市,肃南裕固族自治县,大河乡,99.5015212,39.0016497,3.0,0.0,0.0,1.0,3.0,0.0,0.0,0.0,0.0,0.0,0.0,0.0,0.0,0.0,0.0,0.0,0.0,0.0,0.0,0.0,8.0,0.0,0.0,0.0,0.0,1.0,0.0,0.0,0.0,0.0,0.0,0.0,0.0,2.0,3.0,2.0,3.0,0.0,0.0,1.0,3.0,0.0,0.0,0.0,0.0,0.0,0.0,0.0,0.0,0.0,0.0,0.0,0.0,0.0,0.0,0.0,7.0,0.0,0.0,0.0,0.0,1.0,0.0,0.0,0.0,0.0,0.0,0.0,0.0,2.0,3.0,2.0,4118850689.0,-1.0,张掖市肃南裕固族自治县,张掖市肃南裕固族自治县大河乡,8.0,9.0,0.0,1.0,18.0,37.400000000000006,36.88307692307693,46.79183823529412
甘肃省,张掖市,肃南裕固族自治县,明花乡,99.4468144,39.3891888,0.0,1.0,1.0,3.0,14.0,1.0,0.0,0.0,0.0,0.0,0.0,0.0,0.0,0.0,0.0,0.0,0.0,0.0,0.0,0.0,5.0,0.0,0.0,0.0,0.0,1.0,0.0,0.0,0.0,1.0,0.0,0.0,0.0,3.0,7.0,1.0,0.0,0.0,0.0,2.0,1.0,1.0,0.0,0.0,0.0,0.0,0.0,0.0,0.0,0.0,0.0,0.0,0.0,0.0,0.0,0.0,2.0,0.0,0.0,0.0,0.0,1.0,0.0,0.0,0.0,0.0,0.0,0.0,0.0,1.0,3.0,1.0,5968335660.0,11856779.0,张掖市肃南裕固族自治县,张掖市肃南裕固族自治县明花乡,16.0,14.6,0.0,0.6,31.200000000000003,37.400000000000006,36.88307692307693,46.79183823529412
甘肃省,张掖市,肃南裕固族自治县,祁丰蔵族乡,98.3490502,39.6519274,0.0,6.0,4.0,9.0,15.0,5.0,0.0,0.0,0.0,0.0,0.0,0.0,0.0,0.0,0.0,0.0,0.0,0.0,0.0,0.0,2.0,0.0,0.0,0.0,0.0,1.0,1.0,0.0,0.0,1.0,0.0,0.0,0.0,9.0,7.0,5.0,0.0,0.0,0.0,5.0,12.0,0.0,0.0,0.0,0.0,0.0,0.0,0.0,0.0,0.0,0.0,0.0,0.0,0.0,0.0,0.0,2.0,0.0,0.0,0.0,0.0,1.0,1.0,0.0,0.0,0.0,0.0,0.0,0.0,5.0,2.0,4.0,-1.0,-1.0,张掖市肃南裕固族自治县,张掖市肃南裕固族自治县祁丰蔵族乡,1.0,20.1,0.0,2.8,23.900000000000002,37.400000000000006,36.88307692307693,46.79183823529412
甘肃省,张掖市,民乐县,洪水镇,100.8233785,38.4428671,1.0,1.0,13.0,19.0,29.0,3.0,0.0,5.0,0.0,0.0,3.0,0.0,0.0,0.0,3.0,3.0,0.0,0.0,0.0,1.0,4.0,0.0,3.0,1.0,0.0,5.0,3.0,0.0,0.0,2.0,0.0,23.0,1.0,3.0,9.0,8.0,1.0,0.0,6.0,6.0,3.0,0.0,0.0,0.0,0.0,0.0,1.0,0.0,0.0,0.0,2.0,2.0,0.0,0.0,0.0,1.0,1.0,0.0,1.0,0.0,0.0,1.0,2.0,0.0,0.0,2.0,0.0,7.0,1.0,2.0,6.0,4.0,8094491401.0,-1.0,张掖市民乐县,张掖市民乐县洪水镇,12.0,22.700000000000003,6.0,4.9,45.6,27.54,36.88307692307693,46.79183823529412
甘肃省,张掖市,民乐县,六坝镇,100.7214052,38.6523782,1.0,0.0,4.0,6.0,16.0,0.0,0.0,0.0,0.0,0.0,0.0,0.0,0.0,0.0,0.0,0.0,0.0,0.0,0.0,0.0,0.0,0.0,0.0,0.0,0.0,3.0,0.0,0.0,0.0,1.0,0.0,0.0,0.0,4.0,5.0,1.0,0.0,0.0,2.0,4.0,11.0,0.0,0.0,0.0,0.0,0.0,0.0,0.0,0.0,0.0,0.0,0.0,0.0,0.0,0.0,0.0,0.0,0.0,0.0,0.0,0.0,1.0,0.0,0.0,0.0,1.0,0.0,0.0,0.0,2.0,3.0,0.0,3323644241.0,-1.0,张掖市民乐县,张掖市民乐县六坝镇,10.0,19.0,0.0,0.7,29.7,27.54,36.88307692307693,46.79183823529412
甘肃省,张掖市,民乐县,新天镇,100.541281,38.5301516,0.0,1.0,1.0,1.0,20.0,0.0,0.0,0.0,0.0,0.0,0.0,0.0,0.0,0.0,0.0,0.0,0.0,0.0,0.0,0.0,3.0,0.0,0.0,0.0,0.0,1.0,0.0,0.0,0.0,0.0,0.0,0.0,0.0,1.0,6.0,2.0,0.0,0.0,0.0,0.0,18.0,0.0,0.0,0.0,0.0,0.0,0.0,0.0,0.0,0.0,0.0,0.0,0.0,0.0,0.0,0.0,1.0,0.0,0.0,0.0,0.0,1.0,0.0,0.0,0.0,0.0,0.0,0.0,0.0,1.0,2.0,2.0,3323498858.0,-1.0,张掖市民乐县,张掖市民乐县新天镇,8.0,18.4,0.0,1.0,27.4,27.54,36.88307692307693,46.79183823529412
甘肃省,张掖市,民乐县,南古镇,100.4944455,38.5389194,0.0,1.0,0.0,2.0,53.0,0.0,0.0,0.0,0.0,0.0,0.0,0.0,0.0,0.0,0.0,0.0,0.0,0.0,0.0,0.0,3.0,0.0,0.0,0.0,0.0,3.0,0.0,0.0,0.0,0.0,0.0,0.0,0.0,1.0,6.0,2.0,0.0,1.0,0.0,1.0,43.0,0.0,0.0,0.0,0.0,0.0,0.0,0.0,0.0,0.0,0.0,0.0,0.0,0.0,0.0,0.0,1.0,0.0,0.0,0.0,0.0,1.0,0.0,0.0,0.0,0.0,0.0,0.0,0.0,1.0,4.0,2.0,3323498856.0,-1.0,张掖市民乐县,张掖市民乐县南古镇,10.0,23.0,0.0,1.0,34.0,27.54,36.88307692307693,46.79183823529412
甘肃省,张掖市,民乐县,永固镇,100.9275042,38.3701745,0.0,0.0,0.0,3.0,8.0,1.0,0.0,0.0,0.0,0.0,0.0,0.0,0.0,0.0,0.0,0.0,0.0,0.0,0.0,0.0,2.0,0.0,0.0,0.0,0.0,1.0,0.0,0.0,0.0,0.0,0.0,0.0,2.0,2.0,4.0,3.0,0.0,0.0,0.0,1.0,6.0,1.0,0.0,0.0,0.0,0.0,0.0,0.0,0.0,0.0,0.0,0.0,0.0,0.0,0.0,0.0,1.0,0.0,0.0,0.0,0.0,1.0,0.0,0.0,0.0,0.0,0.0,0.0,0.0,1.0,4.0,1.0,3323290493.0,-1.0,张掖市民乐县,张掖市民乐县永固镇,8.0,8.4,0.0,1.5,17.9,27.54,36.88307692307693,46.79183823529412
甘肃省,张掖市,民乐县,三堡镇,100.7812822,38.5577757,1.0,0.0,1.0,7.0,3.0,0.0,0.0,0.0,0.0,0.0,0.0,0.0,0.0,0.0,0.0,0.0,0.0,0.0,0.0,0.0,8.0,0.0,0.0,0.0,0.0,1.0,0.0,0.0,0.0,0.0,0.0,0.0,0.0,3.0,4.0,2.0,1.0,0.0,1.0,3.0,0.0,0.0,0.0,0.0,0.0,0.0,0.0,0.0,0.0,0.0,0.0,0.0,0.0,0.0,0.0,0.0,2.0,0.0,0.0,0.0,0.0,1.0,0.0,0.0,0.0,0.0,0.0,0.0,0.0,2.0,3.0,1.0,3323644242.0,-1.0,张掖市民乐县,张掖市民乐县三堡镇,8.0,12.6,0.0,1.0,21.6,27.54,36.88307692307693,46.79183823529412
甘肃省,张掖市,民乐县,南丰镇,100.899581,38.3046759,1.0,0.0,0.0,3.0,2.0,0.0,0.0,0.0,0.0,0.0,0.0,0.0,0.0,0.0,0.0,0.0,0.0,0.0,0.0,0.0,7.0,0.0,0.0,0.0,0.0,1.0,0.0,0.0,0.0,0.0,0.0,0.0,0.0,3.0,4.0,2.0,1.0,0.0,0.0,1.0,0.0,0.0,0.0,0.0,0.0,0.0,0.0,0.0,0.0,0.0,0.0,0.0,0.0,0.0,0.0,0.0,3.0,0.0,0.0,0.0,0.0,1.0,0.0,0.0,0.0,0.0,0.0,0.0,0.0,2.0,2.0,1.0,3323290491.0,-1.0,张掖市民乐县,张掖市民乐县南丰镇,8.0,10.4,0.0,1.0,19.4,27.54,36.88307692307693,46.79183823529412
甘肃省,张掖市,民乐县,民联镇,100.8810568,38.5079788,0.0,0.0,1.0,1.0,5.0,0.0,0.0,0.0,0.0,0.0,0.0,0.0,0.0,0.0,0.0,0.0,0.0,0.0,0.0,0.0,4.0,0.0,0.0,0.0,0.0,1.0,0.0,0.0,0.0,0.0,0.0,0.0,0.0,1.0,3.0,1.0,0.0,0.0,1.0,1.0,5.0,0.0,0.0,0.0,0.0,0.0,0.0,0.0,0.0,0.0,0.0,0.0,0.0,0.0,0.0,0.0,2.0,0.0,0.0,0.0,0.0,1.0,0.0,0.0,0.0,0.0,0.0,0.0,0.0,1.0,3.0,1.0,8094491402.0,-1.0,张掖市民乐县,张掖市民乐县民联镇,8.0,10.0,0.0,0.5,18.5,27.54,36.88307692307693,46.79183823529412
甘肃省,张掖市,民乐县,顺化镇,100.7183632,38.4665624,0.0,3.0,1.0,2.0,16.0,1.0,0.0,0.0,0.0,0.0,1.0,0.0,0.0,0.0,0.0,0.0,0.0,0.0,0.0,0.0,3.0,0.0,0.0,1.0,0.0,1.0,1.0,0.0,0.0,0.0,0.0,0.0,0.0,1.0,7.0,3.0,0.0,1.0,0.0,2.0,4.0,1.0,0.0,0.0,0.0,0.0,1.0,0.0,0.0,0.0,0.0,0.0,0.0,0.0,0.0,0.0,1.0,0.0,0.0,1.0,0.0,1.0,1.0,0.0,0.0,0.0,0.0,0.0,0.0,1.0,6.0,2.0,3323498857.0,-1.0,张掖市民乐县,张掖市民乐县顺化镇,8.0,16.9,0.0,1.7,26.599999999999998,27.54,36.88307692307693,46.79183823529412
甘肃省,张掖市,民乐县,丰乐镇,100.652266,38.4961687,0.0,3.0,0.0,2.0,29.0,1.0,0.0,0.0,0.0,0.0,1.0,0.0,0.0,0.0,0.0,0.0,0.0,0.0,0.0,0.0,2.0,0.0,0.0,1.0,0.0,1.0,1.0,0.0,0.0,0.0,0.0,2.0,0.0,1.0,5.0,4.0,0.0,1.0,0.0,0.0,29.0,1.0,0.0,0.0,0.0,0.0,1.0,0.0,0.0,0.0,0.0,0.0,0.0,0.0,0.0,0.0,1.0,0.0,0.0,1.0,0.0,1.0,1.0,0.0,0.0,0.0,0.0,2.0,0.0,1.0,4.0,3.0,5980721112.0,-1.0,张掖市民乐县,张掖市民乐县丰乐镇,8.0,24.5,0.0,2.2,34.7,27.54,36.88307692307693,46.79183823529412
甘肃省,张掖市,临泽县,沙河镇,100.1531713,39.1540684,0.0,6.0,15.0,33.0,72.0,32.0,0.0,6.0,1.0,1.0,2.0,0.0,0.0,0.0,0.0,0.0,0.0,0.0,0.0,1.0,2.0,0.0,2.0,1.0,0.0,2.0,40.0,0.0,0.0,0.0,0.0,4.0,0.0,4.0,13.0,6.0,0.0,3.0,2.0,12.0,21.0,6.0,0.0,0.0,1.0,1.0,1.0,0.0,0.0,0.0,0.0,0.0,0.0,0.0,0.0,1.0,1.0,0.0,0.0,1.0,0.0,1.0,7.0,0.0,0.0,0.0,0.0,1.0,0.0,3.0,9.0,3.0,5972944389.0,-1.0,张掖市临泽县,张掖市临泽县沙河镇,9.0,30.0,1.0,7.7,47.7,26.885714285714283,36.88307692307693,46.79183823529412
甘肃省,张掖市,临泽县,新华镇,100.018078,39.1939776,3.0,0.0,0.0,6.0,28.0,0.0,0.0,0.0,0.0,0.0,1.0,0.0,0.0,0.0,0.0,0.0,0.0,0.0,0.0,0.0,4.0,0.0,0.0,0.0,0.0,1.0,1.0,0.0,0.0,1.0,0.0,0.0,0.0,6.0,6.0,2.0,3.0,0.0,0.0,3.0,10.0,0.0,0.0,0.0,0.0,0.0,1.0,0.0,0.0,0.0,0.0,0.0,0.0,0.0,0.0,0.0,3.0,0.0,0.0,0.0,0.0,1.0,1.0,0.0,0.0,0.0,0.0,0.0,0.0,2.0,4.0,2.0,5972535842.0,-1.0,张掖市临泽县,张掖市临泽县新华镇,8.0,23.6,0.0,1.3,32.9,26.885714285714283,36.88307692307693,46.79183823529412
甘肃省,张掖市,临泽县,蓼泉镇,100.0633959,39.3175163,0.0,0.0,4.0,0.0,11.0,0.0,0.0,0.0,0.0,0.0,0.0,0.0,0.0,0.0,0.0,0.0,0.0,0.0,0.0,0.0,1.0,0.0,0.0,0.0,0.0,2.0,0.0,0.0,0.0,0.0,0.0,0.0,0.0,2.0,3.0,3.0,0.0,0.0,1.0,0.0,11.0,0.0,0.0,0.0,0.0,0.0,0.0,0.0,0.0,0.0,0.0,0.0,0.0,0.0,0.0,0.0,1.0,0.0,0.0,0.0,0.0,1.0,0.0,0.0,0.0,0.0,0.0,0.0,0.0,1.0,3.0,1.0,5972794451.0,-1.0,张掖市临泽县,张掖市临泽县蓼泉镇,9.0,12.0,0.0,1.5,22.5,26.885714285714283,36.88307692307693,46.79183823529412
甘肃省,张掖市,临泽县,平川镇,100.097088,39.335522,0.0,0.0,8.0,0.0,6.0,0.0,0.0,0.0,0.0,0.0,0.0,0.0,0.0,0.0,0.0,0.0,0.0,0.0,0.0,0.0,1.0,0.0,1.0,0.0,0.0,3.0,0.0,0.0,0.0,1.0,0.0,0.0,0.0,2.0,3.0,5.0,0.0,0.0,5.0,0.0,4.0,0.0,0.0,0.0,0.0,0.0,0.0,0.0,0.0,0.0,0.0,0.0,0.0,0.0,0.0,0.0,1.0,0.0,0.0,0.0,0.0,1.0,0.0,0.0,0.0,0.0,0.0,0.0,0.0,2.0,3.0,4.0,5972922740.0,-1.0,张掖市临泽县,张掖市临泽县平川镇,10.0,8.9,0.0,2.6,21.5,26.885714285714283,36.88307692307693,46.79183823529412
甘肃省,张掖市,临泽县,板桥镇,100.2837738,39.2765918,0.0,0.0,6.0,1.0,14.0,0.0,0.0,0.0,0.0,0.0,0.0,0.0,0.0,0.0,0.0,0.0,0.0,0.0,0.0,0.0,0.0,0.0,0.0,0.0,0.0,1.0,0.0,0.0,0.0,0.0,0.0,0.0,0.0,2.0,4.0,2.0,0.0,0.0,1.0,1.0,6.0,0.0,0.0,0.0,0.0,0.0,0.0,0.0,0.0,0.0,0.0,0.0,0.0,0.0,0.0,0.0,0.0,0.0,0.0,0.0,0.0,1.0,0.0,0.0,0.0,0.0,0.0,0.0,0.0,1.0,3.0,0.0,5972910137.0,-1.0,张掖市临泽县,张掖市临泽县板桥镇,8.0,12.6,0.0,1.0,21.6,26.885714285714283,36.88307692307693,46.79183823529412
甘肃省,张掖市,临泽县,鸭暖镇,100.2341625,39.2728529,0.0,0.0,1.0,1.0,7.0,0.0,0.0,0.0,0.0,0.0,0.0,0.0,0.0,0.0,0.0,0.0,0.0,0.0,0.0,0.0,1.0,0.0,0.0,0.0,0.0,1.0,0.0,0.0,0.0,0.0,0.0,0.0,0.0,2.0,4.0,3.0,0.0,0.0,0.0,1.0,2.0,0.0,0.0,0.0,0.0,0.0,0.0,0.0,0.0,0.0,0.0,0.0,0.0,0.0,0.0,0.0,1.0,0.0,0.0,0.0,0.0,1.0,0.0,0.0,0.0,0.0,0.0,0.0,0.0,1.0,3.0,1.0,5972928635.0,-1.0,张掖市临泽县,张掖市临泽县鸭暖镇,8.0,10.0,0.0,1.5,19.5,26.885714285714283,36.88307692307693,46.79183823529412
甘肃省,张掖市,临泽县,倪家营镇,100.1254304,39.0307298,0.0,2.0,4.0,0.0,25.0,0.0,0.0,0.0,0.0,0.0,0.0,0.0,0.0,0.0,0.0,0.0,0.0,0.0,0.0,0.0,3.0,0.0,0.0,0.0,0.0,1.0,0.0,0.0,0.0,0.0,0.0,0.0,0.0,1.0,4.0,2.0,0.0,0.0,4.0,0.0,5.0,0.0,0.0,0.0,0.0,0.0,0.0,0.0,0.0,0.0,0.0,0.0,0.0,0.0,0.0,0.0,1.0,0.0,0.0,0.0,0.0,1.0,0.0,0.0,0.0,0.0,0.0,0.0,0.0,1.0,3.0,2.0,5972937937.0,-1.0,张掖市临泽县,张掖市临泽县倪家营镇,8.0,13.5,0.0,1.0,22.5,26.885714285714283,36.88307692307693,46.79183823529412
甘肃省,张掖市,高台县,城关镇,99.8148313,39.3733206,0.0,0.0,17.0,21.0,37.0,2.0,0.0,19.0,0.0,0.0,0.0,0.0,0.0,0.0,1.0,1.0,0.0,0.0,0.0,1.0,2.0,0.0,0.0,0.0,0.0,3.0,1.0,0.0,0.0,2.0,0.0,7.0,1.0,4.0,9.0,5.0,0.0,0.0,9.0,12.0,26.0,0.0,0.0,0.0,0.0,0.0,0.0,0.0,0.0,0.0,0.0,0.0,0.0,0.0,0.0,1.0,1.0,0.0,0.0,0.0,0.0,2.0,0.0,0.0,0.0,0.0,0.0,5.0,1.0,2.0,5.0,4.0,5972413611.0,-1.0,张掖市高台县,张掖市高台县城关镇,10.0,24.0,1.0,2.8,37.8,31.73333333333333,36.88307692307693,46.79183823529412
甘肃省,张掖市,高台县,宣化镇,99.7037212,39.4305881,0.0,0.0,2.0,2.0,40.0,0.0,0.0,0.0,0.0,0.0,0.0,0.0,0.0,0.0,0.0,0.0,0.0,0.0,0.0,0.0,2.0,0.0,0.0,0.0,0.0,1.0,6.0,0.0,0.0,0.0,0.0,0.0,0.0,1.0,4.0,1.0,0.0,0.0,2.0,1.0,16.0,0.0,0.0,0.0,0.0,0.0,0.0,0.0,0.0,0.0,0.0,0.0,0.0,0.0,0.0,0.0,2.0,0.0,0.0,0.0,0.0,1.0,1.0,0.0,0.0,0.0,0.0,0.0,0.0,1.0,4.0,1.0,5972564680.0,-1.0,张掖市高台县,张掖市高台县宣化镇,8.0,21.8,0.0,1.2000000000000002,31.0,31.73333333333333,36.88307692307693,46.79183823529412
甘肃省,张掖市,高台县,南华镇,99.7988851,39.306536,2.0,0.0,2.0,1.0,39.0,5.0,0.0,6.0,0.0,2.0,1.0,0.0,0.0,0.0,0.0,0.0,0.0,0.0,1.0,2.0,1.0,0.0,1.0,1.0,0.0,1.0,11.0,0.0,0.0,1.0,0.0,0.0,0.0,5.0,13.0,5.0,2.0,0.0,1.0,0.0,21.0,0.0,0.0,0.0,0.0,0.0,0.0,0.0,0.0,0.0,0.0,0.0,0.0,0.0,1.0,2.0,1.0,0.0,1.0,0.0,0.0,1.0,0.0,0.0,0.0,1.0,0.0,0.0,0.0,2.0,4.0,2.0,5972423585.0,-1.0,张掖市高台县,张掖市高台县南华镇,8.0,28.0,4.0,3.8,43.8,31.73333333333333,36.88307692307693,46.79183823529412
甘肃省,张掖市,高台县,巷道镇,99.8310395,39.3696792,0.0,0.0,17.0,17.0,37.0,3.0,0.0,12.0,0.0,0.0,0.0,0.0,0.0,0.0,0.0,0.0,0.0,0.0,0.0,1.0,2.0,0.0,0.0,0.0,0.0,4.0,0.0,0.0,0.0,2.0,0.0,7.0,1.0,5.0,9.0,5.0,0.0,0.0,4.0,3.0,8.0,1.0,0.0,0.0,0.0,0.0,0.0,0.0,0.0,0.0,0.0,0.0,0.0,0.0,0.0,0.0,1.0,0.0,0.0,0.0,0.0,1.0,0.0,0.0,0.0,0.0,0.0,0.0,0.0,1.0,5.0,1.0,5972575192.0,-1.0,张掖市高台县,张掖市高台县巷道镇,11.0,23.8,0.0,2.7,37.5,31.73333333333333,36.88307692307693,46.79183823529412
甘肃省,张掖市,高台县,合黎镇,99.8498653,39.391519,0.0,0.0,10.0,7.0,19.0,3.0,0.0,0.0,0.0,0.0,0.0,0.0,0.0,0.0,0.0,0.0,0.0,0.0,0.0,0.0,2.0,0.0,2.0,0.0,0.0,2.0,0.0,0.0,0.0,1.0,0.0,3.0,1.0,4.0,5.0,7.0,0.0,0.0,3.0,0.0,5.0,1.0,0.0,0.0,0.0,0.0,0.0,0.0,0.0,0.0,0.0,0.0,0.0,0.0,0.0,0.0,1.0,0.0,0.0,0.0,0.0,1.0,0.0,0.0,0.0,0.0,0.0,0.0,1.0,2.0,4.0,2.0,5972746317.0,-1.0,张掖市高台县,张掖市高台县合黎镇,9.0,17.8,0.0,3.6,30.400000000000002,31.73333333333333,36.88307692307693,46.79183823529412
甘肃省,张掖市,高台县,骆驼城镇,99.6265052,39.3515411,0.0,0.0,0.0,4.0,3.0,0.0,0.0,0.0,0.0,0.0,0.0,0.0,0.0,0.0,0.0,0.0,0.0,0.0,0.0,0.0,3.0,0.0,0.0,0.0,0.0,1.0,0.0,0.0,0.0,0.0,0.0,0.0,0.0,1.0,3.0,1.0,0.0,0.0,0.0,2.0,0.0,0.0,0.0,0.0,0.0,0.0,0.0,0.0,0.0,0.0,0.0,0.0,0.0,0.0,0.0,0.0,3.0,0.0,0.0,0.0,0.0,1.0,0.0,0.0,0.0,0.0,0.0,0.0,0.0,1.0,1.0,1.0,5972714852.0,-1.0,张掖市高台县,张掖市高台县骆驼城镇,8.0,6.1,0.0,0.5,14.6,31.73333333333333,36.88307692307693,46.79183823529412
甘肃省,张掖市,高台县,新坝镇,99.4002879,39.1516753,0.0,0.0,0.0,5.0,30.0,0.0,0.0,0.0,0.0,0.0,0.0,0.0,0.0,0.0,0.0,0.0,0.0,0.0,0.0,0.0,0.0,0.0,0.0,0.0,0.0,1.0,0.0,0.0,0.0,1.0,0.0,0.0,0.0,1.0,4.0,1.0,0.0,0.0,0.0,3.0,24.0,0.0,0.0,0.0,0.0,0.0,0.0,0.0,0.0,0.0,0.0,0.0,0.0,0.0,0.0,0.0,0.0,0.0,0.0,0.0,0.0,1.0,0.0,0.0,0.0,1.0,0.0,0.0,0.0,1.0,4.0,0.0,5972618235.0,-1.0,张掖市高台县,张掖市高台县新坝镇,8.0,20.2,0.0,0.7,28.9,31.73333333333333,36.88307692307693,46.79183823529412
甘肃省,张掖市,高台县,黑泉镇,99.6265322,39.5335189,0.0,0.0,1.0,6.0,30.0,0.0,0.0,0.0,0.0,0.0,0.0,0.0,0.0,0.0,0.0,0.0,0.0,0.0,0.0,0.0,1.0,0.0,0.0,0.0,0.0,1.0,0.0,0.0,0.0,2.0,0.0,0.0,0.0,2.0,4.0,3.0,0.0,0.0,1.0,1.0,14.0,0.0,0.0,0.0,0.0,0.0,0.0,0.0,0.0,0.0,0.0,0.0,0.0,0.0,0.0,0.0,1.0,0.0,0.0,0.0,0.0,1.0,0.0,0.0,0.0,2.0,0.0,0.0,0.0,1.0,4.0,2.0,5972547500.0,-1.0,张掖市高台县,张掖市高台县黑泉镇,8.0,22.0,0.0,1.9,31.9,31.73333333333333,36.88307692307693,46.79183823529412
甘肃省,张掖市,高台县,罗城镇,99.5806678,39.6840071,0.0,0.0,2.0,5.0,18.0,0.0,0.0,0.0,0.0,0.0,0.0,0.0,0.0,0.0,0.0,0.0,0.0,0.0,0.0,0.0,1.0,0.0,0.0,0.0,0.0,1.0,0.0,0.0,0.0,1.0,0.0,0.0,1.0,3.0,4.0,4.0,0.0,0.0,0.0,2.0,13.0,0.0,0.0,0.0,0.0,0.0,0.0,0.0,0.0,0.0,0.0,0.0,0.0,0.0,0.0,0.0,1.0,0.0,0.0,0.0,0.0,1.0,0.0,0.0,0.0,1.0,0.0,0.0,0.0,1.0,3.0,2.0,5972563036.0,-1.0,张掖市高台县,张掖市高台县罗城镇,8.0,19.5,0.0,2.2,29.7,31.73333333333333,36.88307692307693,46.79183823529412
甘肃省,张掖市,山丹县,清泉镇,101.0818791,38.7823407,3.0,24.0,22.0,46.0,86.0,12.0,3.0,9.0,0.0,0.0,2.0,0.0,0.0,0.0,6.0,9.0,0.0,0.0,0.0,5.0,34.0,4.0,3.0,1.0,0.0,6.0,12.0,0.0,0.0,3.0,0.0,25.0,6.0,5.0,13.0,9.0,0.0,6.0,12.0,26.0,9.0,0.0,0.0,9.0,0.0,0.0,0.0,0.0,0.0,0.0,4.0,5.0,0.0,0.0,0.0,1.0,19.0,2.0,0.0,0.0,0.0,2.0,1.0,0.0,0.0,1.0,0.0,4.0,1.0,2.0,8.0,6.0,8094356906.0,-1.0,张掖市山丹县,张掖市山丹县清泉镇,12.0,26.0,6.0,5.7,49.7,32.7,36.88307692307693,46.79183823529412
甘肃省,张掖市,山丹县,位奇镇,101.1317463,38.6322468,0.0,1.0,0.0,2.0,32.0,0.0,0.0,0.0,0.0,0.0,0.0,0.0,0.0,0.0,0.0,0.0,0.0,0.0,0.0,0.0,1.0,0.0,0.0,0.0,0.0,3.0,0.0,0.0,0.0,2.0,0.0,0.0,0.0,2.0,4.0,2.0,0.0,1.0,0.0,2.0,7.0,0.0,0.0,0.0,0.0,0.0,0.0,0.0,0.0,0.0,0.0,0.0,0.0,0.0,0.0,0.0,1.0,0.0,0.0,0.0,0.0,1.0,0.0,0.0,0.0,1.0,0.0,0.0,0.0,2.0,3.0,1.0,4550296714.0,-1.0,张掖市山丹县,张掖市山丹县位奇镇,10.0,17.5,0.0,1.3,28.8,32.7,36.88307692307693,46.79183823529412
甘肃省,张掖市,山丹县,霍城镇,101.0519528,38.3978399,0.0,0.0,1.0,3.0,8.0,0.0,0.0,0.0,0.0,0.0,0.0,0.0,0.0,0.0,0.0,0.0,0.0,0.0,0.0,0.0,0.0,0.0,0.0,0.0,0.0,1.0,0.0,0.0,0.0,0.0,0.0,0.0,0.0,1.0,4.0,2.0,0.0,0.0,1.0,3.0,0.0,0.0,0.0,0.0,0.0,0.0,0.0,0.0,0.0,0.0,0.0,0.0,0.0,0.0,0.0,0.0,0.0,0.0,0.0,0.0,0.0,1.0,0.0,0.0,0.0,0.0,0.0,0.0,0.0,1.0,2.0,1.0,3323290490.0,-1.0,张掖市山丹县,张掖市山丹县霍城镇,8.0,11.6,0.0,1.0,20.6,32.7,36.88307692307693,46.79183823529412
甘肃省,张掖市,山丹县,陈户镇,101.2392759,38.5790885,0.0,1.0,1.0,0.0,38.0,0.0,0.0,0.0,0.0,0.0,0.0,0.0,0.0,0.0,0.0,0.0,0.0,0.0,0.0,0.0,0.0,0.0,0.0,0.0,0.0,6.0,0.0,0.0,0.0,3.0,0.0,0.0,1.0,3.0,4.0,1.0,0.0,0.0,1.0,0.0,12.0,0.0,0.0,0.0,0.0,0.0,0.0,0.0,0.0,0.0,0.0,0.0,0.0,0.0,0.0,0.0,0.0,0.0,0.0,0.0,0.0,1.0,0.0,0.0,0.0,2.0,0.0,0.0,0.0,2.0,3.0,0.0,5977511763.0,-1.0,张掖市山丹县,张掖市山丹县陈户镇,12.0,18.2,0.0,1.0,31.2,32.7,36.88307692307693,46.79183823529412
甘肃省,张掖市,山丹县,大马营镇,101.1901411,38.3403996,0.0,3.0,1.0,5.0,22.0,0.0,0.0,0.0,0.0,0.0,0.0,0.0,0.0,0.0,0.0,0.0,0.0,0.0,0.0,0.0,2.0,0.0,0.0,0.0,0.0,6.0,0.0,0.0,0.0,2.0,0.0,0.0,0.0,1.0,5.0,3.0,0.0,2.0,0.0,2.0,3.0,0.0,0.0,0.0,0.0,0.0,0.0,0.0,0.0,0.0,0.0,0.0,0.0,0.0,0.0,0.0,1.0,0.0,0.0,0.0,0.0,1.0,0.0,0.0,0.0,0.0,0.0,0.0,0.0,1.0,4.0,2.0,3323290489.0,-1.0,张掖市山丹县,张掖市山丹县大马营镇,12.0,17.8,0.0,1.7,31.5,32.7,36.88307692307693,46.79183823529412
甘肃省,张掖市,山丹县,东乐镇,100.8231811,38.8244603,1.0,14.0,4.0,3.0,47.0,0.0,0.0,0.0,0.0,0.0,1.0,0.0,0.0,0.0,0.0,0.0,0.0,0.0,0.0,0.0,3.0,0.0,0.0,0.0,0.0,7.0,1.0,0.0,0.0,1.0,0.0,2.0,1.0,5.0,8.0,3.0,0.0,6.0,1.0,1.0,16.0,0.0,0.0,0.0,0.0,0.0,0.0,0.0,0.0,0.0,0.0,0.0,0.0,0.0,0.0,0.0,2.0,0.0,0.0,0.0,0.0,1.0,1.0,0.0,0.0,0.0,0.0,2.0,0.0,1.0,5.0,2.0,4550462676.0,-1.0,张掖市山丹县,张掖市山丹县东乐镇,12.0,26.0,0.0,1.8,39.8,32.7,36.88307692307693,46.79183823529412
甘肃省,张掖市,山丹县,老军乡,101.3662668,38.5552775,1.0,5.0,0.0,0.0,20.0,0.0,0.0,0.0,0.0,0.0,1.0,0.0,0.0,0.0,0.0,0.0,0.0,0.0,0.0,0.0,0.0,0.0,0.0,0.0,0.0,1.0,1.0,0.0,0.0,1.0,0.0,0.0,1.0,5.0,9.0,2.0,1.0,3.0,0.0,0.0,10.0,0.0,0.0,0.0,0.0,0.0,0.0,0.0,0.0,0.0,0.0,0.0,0.0,0.0,0.0,0.0,0.0,0.0,0.0,0.0,0.0,1.0,0.0,0.0,0.0,0.0,0.0,0.0,0.0,4.0,6.0,1.0,5977544458.0,-1.0,张掖市山丹县,张掖市山丹县老军乡,8.0,18.0,0.0,1.2,27.2,32.7,36.88307692307693,46.79183823529412
甘肃省,张掖市,山丹县,李桥乡,101.1074854,38.4754365,0.0,4.0,1.0,6.0,17.0,0.0,0.0,0.0,0.0,0.0,0.0,0.0,0.0,0.0,0.0,0.0,0.0,0.0,0.0,0.0,5.0,0.0,0.0,0.0,0.0,4.0,0.0,0.0,0.0,0.0,0.0,0.0,0.0,2.0,6.0,3.0,0.0,0.0,1.0,3.0,13.0,0.0,0.0,0.0,0.0,0.0,0.0,0.0,0.0,0.0,0.0,0.0,0.0,0.0,0.0,0.0,4.0,0.0,0.0,0.0,0.0,1.0,0.0,0.0,0.0,0.0,0.0,0.0,0.0,1.0,4.0,2.0,5978057770.0,-1.0,张掖市山丹县,张掖市山丹县李桥乡,11.0,20.3,0.0,1.5,32.8,32.7,36.88307692307693,46.79183823529412
甘肃省,平凉市,崆峒区,东关街道,106.6921952,35.5370333,1.0,26.0,107.0,81.0,374.0,142.0,0.0,65.0,44.0,0.0,3.0,3.0,3.0,3.0,16.0,25.0,2.0,0.0,0.0,68.0,38.0,2.0,4.0,1.0,4.0,6.0,1468.0,1.0,0.0,17.0,6.0,38.0,8.0,11.0,20.0,15.0,0.0,8.0,25.0,20.0,71.0,39.0,0.0,12.0,18.0,0.0,0.0,0.0,1.0,1.0,4.0,5.0,0.0,0.0,0.0,57.0,9.0,0.0,0.0,1.0,2.0,2.0,395.0,1.0,0.0,2.0,1.0,3.0,1.0,3.0,16.0,8.0,6041814816.0,8896630.0,平凉市崆峒区,平凉市崆峒区东关街道,20.0,28.0,21.0,20.0,89.0,52.19500000000001,45.541818181818186,46.79183823529412
甘肃省,平凉市,崆峒区,中街街道,106.6788222,35.5404782,3.0,36.0,101.0,90.0,417.0,114.0,0.0,58.0,41.0,0.0,3.0,3.0,3.0,3.0,19.0,27.0,3.0,0.0,0.0,69.0,42.0,2.0,2.0,1.0,3.0,7.0,1584.0,1.0,0.0,10.0,6.0,36.0,9.0,11.0,22.0,13.0,0.0,8.0,24.0,37.0,78.0,22.0,0.0,25.0,7.0,0.0,1.0,1.0,2.0,2.0,2.0,3.0,0.0,0.0,0.0,61.0,5.0,0.0,0.0,1.0,0.0,3.0,410.0,1.0,0.0,2.0,3.0,5.0,1.0,5.0,13.0,6.0,6041814818.0,8896633.0,平凉市崆峒区,平凉市崆峒区中街街道,20.0,28.0,21.0,20.0,89.0,52.19500000000001,45.541818181818186,46.79183823529412
甘肃省,平凉市,崆峒区,西郊街道,106.657986,35.5489719,3.0,43.0,82.0,87.0,357.0,69.0,0.0,47.0,23.0,0.0,3.0,3.0,3.0,3.0,14.0,19.0,3.0,0.0,0.0,67.0,33.0,2.0,2.0,1.0,2.0,8.0,1320.0,1.0,0.0,9.0,6.0,31.0,6.0,11.0,22.0,14.0,0.0,14.0,36.0,20.0,63.0,5.0,0.0,1.0,8.0,0.0,1.0,1.0,0.0,0.0,4.0,5.0,1.0,0.0,0.0,3.0,9.0,1.0,0.0,0.0,0.0,2.0,326.0,0.0,0.0,0.0,1.0,16.0,3.0,3.0,10.0,7.0,6041814817.0,8896632.0,平凉市崆峒区,平凉市崆峒区西郊街道,20.0,28.0,18.0,20.0,86.0,52.19500000000001,45.541818181818186,46.79183823529412
甘肃省,平凉市,崆峒区,崆峒镇,106.5954009,35.546874,0.0,0.0,31.0,6.0,124.0,32.0,0.0,1.0,2.0,2.0,2.0,1.0,1.0,1.0,3.0,4.0,0.0,0.0,0.0,2.0,21.0,1.0,0.0,1.0,0.0,7.0,78.0,0.0,0.0,3.0,2.0,7.0,4.0,6.0,14.0,12.0,0.0,0.0,12.0,0.0,23.0,17.0,0.0,0.0,1.0,1.0,1.0,1.0,0.0,0.0,1.0,1.0,0.0,0.0,0.0,1.0,2.0,1.0,0.0,0.0,0.0,3.0,33.0,0.0,0.0,0.0,0.0,4.0,1.0,3.0,11.0,7.0,6041566235.0,-1.0,平凉市崆峒区,平凉市崆峒区崆峒镇,12.0,30.0,11.0,15.4,68.4,52.19500000000001,45.541818181818186,46.79183823529412
甘肃省,平凉市,崆峒区,白水镇,106.9903451,35.4333429,7.0,0.0,6.0,11.0,86.0,1.0,0.0,0.0,0.0,0.0,0.0,0.0,0.0,0.0,4.0,4.0,0.0,0.0,0.0,0.0,17.0,0.0,0.0,0.0,0.0,4.0,6.0,0.0,0.0,1.0,0.0,0.0,0.0,5.0,11.0,6.0,5.0,0.0,0.0,6.0,26.0,0.0,0.0,0.0,0.0,0.0,0.0,0.0,0.0,0.0,1.0,1.0,0.0,0.0,0.0,0.0,2.0,0.0,0.0,0.0,0.0,1.0,1.0,0.0,0.0,0.0,0.0,0.0,0.0,4.0,7.0,6.0,4757550732.0,-1.0,平凉市崆峒区,平凉市崆峒区白水镇,11.0,24.0,5.0,3.8,43.8,52.19500000000001,45.541818181818186,46.79183823529412
甘肃省,平凉市,崆峒区,草峰镇,106.8958003,35.5703458,0.0,3.0,0.0,0.0,42.0,0.0,0.0,0.0,0.0,0.0,0.0,0.0,0.0,0.0,0.0,0.0,0.0,0.0,0.0,0.0,6.0,0.0,0.0,0.0,0.0,1.0,0.0,0.0,0.0,1.0,0.0,0.0,0.0,6.0,4.0,5.0,0.0,1.0,0.0,0.0,16.0,0.0,0.0,0.0,0.0,0.0,0.0,0.0,0.0,0.0,0.0,0.0,0.0,0.0,0.0,0.0,2.0,0.0,0.0,0.0,0.0,1.0,0.0,0.0,0.0,1.0,0.0,0.0,0.0,1.0,3.0,2.0,6041566232.0,-1.0,平凉市崆峒区,平凉市崆峒区草峰镇,8.0,20.2,0.0,2.7,30.9,52.19500000000001,45.541818181818186,46.79183823529412
甘肃省,平凉市,崆峒区,安国镇,106.5150466,35.6410003,4.0,0.0,8.0,2.0,80.0,7.0,0.0,0.0,1.0,0.0,0.0,0.0,0.0,0.0,3.0,3.0,0.0,0.0,0.0,0.0,20.0,0.0,1.0,0.0,0.0,2.0,102.0,0.0,0.0,2.0,0.0,4.0,0.0,4.0,9.0,9.0,3.0,0.0,0.0,0.0,25.0,5.0,0.0,0.0,0.0,0.0,0.0,0.0,0.0,0.0,3.0,3.0,0.0,0.0,0.0,0.0,5.0,0.0,0.0,0.0,0.0,1.0,28.0,0.0,0.0,1.0,0.0,3.0,0.0,3.0,6.0,5.0,6041566231.0,-1.0,平凉市崆峒区,平凉市崆峒区安国镇,9.0,26.0,5.0,17.3,57.3,52.19500000000001,45.541818181818186,46.79183823529412
甘肃省,平凉市,崆峒区,柳湖镇,106.6840705,35.5334132,1.0,28.0,106.0,86.0,394.0,118.0,0.0,60.0,40.0,0.0,3.0,3.0,3.0,3.0,15.0,23.0,2.0,0.0,0.0,68.0,40.0,2.0,4.0,1.0,3.0,8.0,1515.0,1.0,0.0,13.0,6.0,37.0,8.0,11.0,21.0,15.0,0.0,7.0,19.0,23.0,97.0,11.0,0.0,15.0,10.0,0.0,0.0,0.0,1.0,1.0,2.0,3.0,0.0,0.0,0.0,59.0,4.0,0.0,0.0,1.0,0.0,3.0,326.0,1.0,0.0,2.0,3.0,0.0,1.0,3.0,14.0,6.0,6041566236.0,8896631.0,平凉市崆峒区,平凉市崆峒区柳湖镇,20.0,28.0,21.0,20.0,89.0,52.19500000000001,45.541818181818186,46.79183823529412
甘肃省,平凉市,崆峒区,四十里铺镇,106.856903,35.4732192,3.0,8.0,13.0,19.0,84.0,13.0,0.0,0.0,1.0,0.0,3.0,0.0,0.0,0.0,2.0,2.0,0.0,0.0,0.0,0.0,23.0,0.0,11.0,0.0,0.0,4.0,113.0,0.0,0.0,8.0,0.0,1.0,0.0,8.0,13.0,9.0,0.0,4.0,2.0,5.0,32.0,3.0,0.0,0.0,0.0,0.0,0.0,0.0,0.0,0.0,0.0,0.0,0.0,0.0,0.0,0.0,6.0,0.0,3.0,0.0,0.0,2.0,63.0,0.0,0.0,4.0,0.0,0.0,0.0,3.0,7.0,8.0,4757550731.0,-1.0,平凉市崆峒区,平凉市崆峒区四十里铺镇,11.0,28.0,0.0,20.0,59.0,52.19500000000001,45.541818181818186,46.79183823529412
甘肃省,平凉市,崆峒区,花所镇,107.0851507,35.4050259,6.0,0.0,4.0,6.0,62.0,1.0,0.0,0.0,1.0,0.0,1.0,0.0,0.0,0.0,1.0,1.0,0.0,0.0,0.0,0.0,19.0,0.0,0.0,0.0,0.0,2.0,28.0,0.0,0.0,2.0,0.0,1.0,0.0,9.0,8.0,8.0,1.0,0.0,1.0,1.0,21.0,0.0,0.0,0.0,0.0,0.0,0.0,0.0,0.0,0.0,0.0,0.0,0.0,0.0,0.0,0.0,3.0,0.0,0.0,0.0,0.0,1.0,26.0,0.0,0.0,0.0,0.0,1.0,0.0,4.0,7.0,5.0,6041566233.0,-1.0,平凉市崆峒区,平凉市崆峒区花所镇,9.0,28.0,0.0,9.600000000000001,46.6,52.19500000000001,45.541818181818186,46.79183823529412
甘肃省,平凉市,崆峒区,索罗乡,107.1417708,35.4473731,0.0,0.0,0.0,2.0,100.0,1.0,0.0,0.0,0.0,0.0,0.0,0.0,0.0,0.0,4.0,4.0,0.0,0.0,0.0,0.0,33.0,0.0,0.0,0.0,0.0,9.0,42.0,0.0,0.0,6.0,0.0,0.0,0.0,6.0,5.0,8.0,0.0,0.0,0.0,2.0,29.0,1.0,0.0,0.0,0.0,0.0,0.0,0.0,0.0,0.0,1.0,1.0,0.0,0.0,0.0,0.0,10.0,0.0,0.0,0.0,0.0,2.0,8.0,0.0,0.0,2.0,0.0,0.0,0.0,1.0,5.0,6.0,6041566238.0,-1.0,平凉市崆峒区,平凉市崆峒区索罗乡,12.0,22.5,5.0,9.8,49.3,52.19500000000001,45.541818181818186,46.79183823529412
甘肃省,平凉市,崆峒区,香莲乡,106.8240672,35.5646793,0.0,1.0,0.0,0.0,19.0,0.0,0.0,0.0,0.0,0.0,0.0,0.0,0.0,0.0,0.0,0.0,0.0,0.0,0.0,0.0,4.0,0.0,0.0,0.0,0.0,3.0,0.0,0.0,0.0,0.0,0.0,0.0,0.0,2.0,5.0,4.0,0.0,1.0,0.0,0.0,1.0,0.0,0.0,0.0,0.0,0.0,0.0,0.0,0.0,0.0,0.0,0.0,0.0,0.0,0.0,0.0,1.0,0.0,0.0,0.0,0.0,1.0,0.0,0.0,0.0,0.0,0.0,0.0,0.0,1.0,2.0,1.0,6041566239.0,-1.0,平凉市崆峒区,平凉市崆峒区香莲乡,10.0,11.600000000000001,0.0,2.0,23.6,52.19500000000001,45.541818181818186,46.79183823529412
甘肃省,平凉市,崆峒区,西阳乡,106.5770282,35.6848593,0.0,0.0,0.0,12.0,30.0,0.0,0.0,0.0,0.0,0.0,0.0,0.0,0.0,0.0,1.0,1.0,0.0,0.0,0.0,0.0,3.0,0.0,0.0,0.0,0.0,2.0,4.0,0.0,0.0,0.0,0.0,0.0,0.0,1.0,4.0,6.0,0.0,0.0,0.0,5.0,12.0,0.0,0.0,0.0,0.0,0.0,0.0,0.0,0.0,0.0,0.0,0.0,0.0,0.0,0.0,0.0,3.0,0.0,0.0,0.0,0.0,1.0,0.0,0.0,0.0,0.0,0.0,0.0,0.0,1.0,4.0,3.0,6041597206.0,-1.0,平凉市崆峒区,平凉市崆峒区西阳乡,9.0,16.6,0.0,3.4,29.0,52.19500000000001,45.541818181818186,46.79183823529412
甘肃省,平凉市,崆峒区,大秦乡,106.6170329,35.6161656,0.0,0.0,1.0,5.0,39.0,0.0,0.0,0.0,0.0,0.0,0.0,0.0,0.0,0.0,0.0,0.0,0.0,0.0,0.0,0.0,6.0,0.0,0.0,0.0,0.0,1.0,7.0,0.0,0.0,1.0,0.0,0.0,0.0,2.0,5.0,4.0,0.0,0.0,1.0,2.0,10.0,0.0,0.0,0.0,0.0,0.0,0.0,0.0,0.0,0.0,0.0,0.0,0.0,0.0,0.0,0.0,1.0,0.0,0.0,0.0,0.0,1.0,0.0,0.0,0.0,1.0,0.0,0.0,0.0,1.0,5.0,1.0,6041597203.0,-1.0,平凉市崆峒区,平凉市崆峒区大秦乡,8.0,22.5,0.0,2.9,33.4,52.19500000000001,45.541818181818186,46.79183823529412
甘肃省,平凉市,崆峒区,白庙乡,106.7091016,35.58474,3.0,11.0,36.0,27.0,160.0,33.0,0.0,18.0,8.0,0.0,1.0,1.0,1.0,1.0,5.0,7.0,1.0,0.0,0.0,2.0,24.0,1.0,3.0,0.0,2.0,1.0,469.0,0.0,0.0,4.0,1.0,8.0,3.0,8.0,15.0,14.0,0.0,1.0,0.0,0.0,24.0,1.0,0.0,0.0,0.0,0.0,0.0,0.0,0.0,0.0,0.0,0.0,0.0,0.0,0.0,0.0,4.0,0.0,1.0,0.0,0.0,0.0,1.0,0.0,0.0,1.0,0.0,0.0,0.0,1.0,5.0,8.0,6041597202.0,-1.0,平凉市崆峒区,平凉市崆峒区白庙乡,8.0,28.0,5.0,20.0,61.0,52.19500000000001,45.541818181818186,46.79183823529412
甘肃省,平凉市,崆峒区,寨河乡,106.6956547,35.6559011,0.0,2.0,0.0,11.0,20.0,0.0,0.0,0.0,0.0,0.0,0.0,0.0,0.0,0.0,2.0,2.0,0.0,0.0,0.0,0.0,4.0,0.0,0.0,0.0,0.0,8.0,7.0,0.0,0.0,1.0,0.0,0.0,0.0,2.0,5.0,4.0,0.0,1.0,0.0,2.0,5.0,0.0,0.0,0.0,0.0,0.0,0.0,0.0,0.0,0.0,2.0,2.0,0.0,0.0,0.0,0.0,1.0,0.0,0.0,0.0,0.0,1.0,4.0,0.0,0.0,1.0,0.0,0.0,0.0,1.0,4.0,2.0,6041597207.0,-1.0,平凉市崆峒区,平凉市崆峒区寨河乡,12.0,18.0,5.0,3.3,38.3,52.19500000000001,45.541818181818186,46.79183823529412
甘肃省,平凉市,崆峒区,大寨乡,106.8182688,35.3904594,0.0,2.0,0.0,6.0,31.0,4.0,0.0,0.0,0.0,0.0,1.0,0.0,0.0,0.0,0.0,0.0,0.0,0.0,0.0,0.0,12.0,0.0,0.0,0.0,0.0,2.0,11.0,0.0,0.0,3.0,0.0,0.0,0.0,4.0,9.0,5.0,0.0,1.0,0.0,0.0,13.0,1.0,0.0,0.0,0.0,0.0,0.0,0.0,0.0,0.0,0.0,0.0,0.0,0.0,0.0,0.0,3.0,0.0,0.0,0.0,0.0,1.0,1.0,0.0,0.0,2.0,0.0,0.0,0.0,1.0,5.0,2.0,6041597204.0,-1.0,平凉市崆峒区,平凉市崆峒区大寨乡,9.0,26.0,0.0,4.2,39.2,52.19500000000001,45.541818181818186,46.79183823529412
甘肃省,平凉市,崆峒区,上杨乡,106.7576406,35.4618588,36.0,0.0,0.0,1.0,61.0,3.0,0.0,0.0,0.0,0.0,0.0,0.0,0.0,0.0,2.0,2.0,0.0,0.0,0.0,0.0,14.0,0.0,3.0,0.0,0.0,2.0,8.0,0.0,0.0,2.0,0.0,0.0,0.0,2.0,8.0,6.0,6.0,0.0,0.0,1.0,31.0,0.0,0.0,0.0,0.0,0.0,0.0,0.0,0.0,0.0,0.0,0.0,0.0,0.0,0.0,0.0,6.0,0.0,0.0,0.0,0.0,1.0,0.0,0.0,0.0,0.0,0.0,0.0,0.0,1.0,6.0,4.0,6041597205.0,-1.0,平凉市崆峒区,平凉市崆峒区上杨乡,9.0,24.0,0.0,4.0,37.0,52.19500000000001,45.541818181818186,46.79183823529412
甘肃省,平凉市,崆峒区,麻武乡,106.5627653,35.4497848,0.0,0.0,1.0,6.0,14.0,0.0,0.0,0.0,0.0,0.0,0.0,0.0,0.0,0.0,0.0,0.0,0.0,0.0,0.0,0.0,4.0,0.0,0.0,0.0,0.0,4.0,0.0,0.0,0.0,0.0,0.0,0.0,0.0,1.0,5.0,6.0,0.0,0.0,1.0,3.0,8.0,0.0,0.0,0.0,0.0,0.0,0.0,0.0,0.0,0.0,0.0,0.0,0.0,0.0,0.0,0.0,2.0,0.0,0.0,0.0,0.0,2.0,0.0,0.0,0.0,0.0,0.0,0.0,0.0,1.0,5.0,4.0,6041566237.0,-1.0,平凉市崆峒区,平凉市崆峒区麻武乡,11.0,17.7,0.0,3.0,31.7,52.19500000000001,45.541818181818186,46.79183823529412
甘肃省,平凉市,崆峒区,峡门乡,106.6723112,35.4635999,0.0,0.0,7.0,5.0,35.0,9.0,0.0,0.0,1.0,0.0,0.0,0.0,0.0,0.0,0.0,0.0,0.0,0.0,0.0,0.0,6.0,0.0,1.0,0.0,0.0,4.0,11.0,0.0,0.0,4.0,1.0,2.0,0.0,1.0,6.0,8.0,0.0,0.0,3.0,0.0,24.0,5.0,0.0,0.0,1.0,0.0,0.0,0.0,0.0,0.0,0.0,0.0,0.0,0.0,0.0,0.0,2.0,0.0,1.0,0.0,0.0,1.0,8.0,0.0,0.0,1.0,1.0,0.0,0.0,1.0,5.0,5.0,4665666513.0,-1.0,平凉市崆峒区,平凉市崆峒区峡门乡,11.0,25.0,0.0,6.4,42.4,52.19500000000001,45.541818181818186,46.79183823529412
甘肃省,平凉市,泾川县,城市社区街道,107.3615956,35.3437826,14.0,7.0,27.0,26.0,143.0,33.0,0.0,33.0,1.0,0.0,2.0,0.0,0.0,0.0,12.0,12.0,0.0,0.0,1.0,1.0,32.0,2.0,3.0,0.0,0.0,7.0,543.0,0.0,4.0,11.0,1.0,28.0,1.0,7.0,18.0,13.0,8.0,2.0,20.0,8.0,26.0,6.0,0.0,16.0,1.0,0.0,0.0,0.0,0.0,0.0,2.0,2.0,0.0,0.0,0.0,1.0,4.0,0.0,0.0,0.0,0.0,2.0,196.0,0.0,0.0,4.0,1.0,16.0,1.0,6.0,13.0,9.0,8110870562.0,11880382.0,平凉市泾川县,平凉市泾川县城市社区街道,20.0,28.0,6.0,20.0,74.0,49.20666666666667,45.541818181818186,46.79183823529412
甘肃省,平凉市,泾川县,城关镇,107.3593855,35.3376563,14.0,7.0,27.0,29.0,135.0,34.0,0.0,36.0,1.0,0.0,2.0,0.0,1.0,1.0,11.0,11.0,0.0,0.0,1.0,1.0,32.0,2.0,5.0,0.0,0.0,8.0,551.0,0.0,4.0,9.0,1.0,28.0,1.0,7.0,19.0,12.0,12.0,0.0,19.0,18.0,37.0,15.0,0.0,24.0,1.0,0.0,0.0,0.0,0.0,0.0,4.0,4.0,0.0,0.0,1.0,1.0,10.0,2.0,0.0,0.0,0.0,3.0,283.0,0.0,4.0,3.0,1.0,20.0,1.0,7.0,13.0,8.0,8110870563.0,11880381.0,平凉市泾川县,平凉市泾川县城关镇,20.0,28.0,8.0,20.0,76.0,49.20666666666667,45.541818181818186,46.79183823529412
甘肃省,平凉市,泾川县,玉都镇,107.3061311,35.452439,0.0,5.0,0.0,1.0,73.0,1.0,0.0,0.0,0.0,0.0,1.0,0.0,0.0,0.0,2.0,3.0,0.0,0.0,0.0,0.0,12.0,0.0,1.0,0.0,0.0,7.0,2.0,0.0,0.0,1.0,0.0,0.0,0.0,1.0,6.0,6.0,0.0,3.0,0.0,1.0,24.0,0.0,0.0,0.0,0.0,0.0,1.0,0.0,0.0,0.0,2.0,2.0,0.0,0.0,0.0,0.0,3.0,0.0,0.0,0.0,0.0,1.0,0.0,0.0,0.0,0.0,0.0,0.0,0.0,1.0,4.0,4.0,5194816030.0,-1.0,平凉市泾川县,平凉市泾川县玉都镇,12.0,25.0,5.0,3.3,45.3,49.20666666666667,45.541818181818186,46.79183823529412
甘肃省,平凉市,泾川县,高平镇,107.5272567,35.2966084,5.0,0.0,4.0,4.0,65.0,3.0,0.0,0.0,0.0,0.0,1.0,0.0,0.0,0.0,5.0,5.0,0.0,1.0,0.0,0.0,16.0,1.0,0.0,1.0,0.0,2.0,25.0,0.0,0.0,3.0,0.0,5.0,0.0,2.0,8.0,9.0,1.0,0.0,3.0,4.0,21.0,1.0,0.0,0.0,0.0,0.0,0.0,0.0,0.0,0.0,3.0,3.0,0.0,1.0,0.0,0.0,0.0,1.0,0.0,1.0,0.0,1.0,9.0,0.0,0.0,2.0,0.0,5.0,0.0,2.0,7.0,6.0,6064324344.0,-1.0,平凉市泾川县,平凉市泾川县高平镇,9.0,26.0,7.0,7.9,49.9,49.20666666666667,45.541818181818186,46.79183823529412
甘肃省,平凉市,泾川县,荔堡镇,107.5561176,35.4645542,0.0,2.0,1.0,4.0,108.0,8.0,0.0,0.0,0.0,0.0,1.0,0.0,0.0,0.0,2.0,3.0,0.0,0.0,0.0,0.0,5.0,0.0,0.0,0.0,0.0,2.0,14.0,0.0,0.0,0.0,0.0,0.0,0.0,5.0,7.0,4.0,0.0,2.0,1.0,0.0,28.0,8.0,0.0,0.0,0.0,0.0,0.0,0.0,0.0,0.0,0.0,1.0,0.0,0.0,0.0,0.0,1.0,0.0,0.0,0.0,0.0,1.0,14.0,0.0,0.0,0.0,0.0,0.0,0.0,5.0,5.0,1.0,5194816229.0,-1.0,平凉市泾川县,平凉市泾川县荔堡镇,9.0,25.5,0.0,4.800000000000001,39.3,49.20666666666667,45.541818181818186,46.79183823529412
甘肃省,平凉市,泾川县,王村镇,107.203697,35.3699913,1.0,0.0,3.0,15.0,100.0,2.0,0.0,0.0,0.0,0.0,0.0,0.0,0.0,0.0,1.0,1.0,0.0,0.0,0.0,0.0,9.0,0.0,0.0,0.0,0.0,3.0,0.0,0.0,0.0,3.0,0.0,0.0,0.0,8.0,8.0,7.0,1.0,0.0,0.0,10.0,22.0,2.0,0.0,0.0,0.0,0.0,0.0,0.0,0.0,0.0,1.0,1.0,0.0,0.0,0.0,0.0,1.0,0.0,0.0,0.0,0.0,1.0,0.0,0.0,0.0,2.0,0.0,0.0,0.0,5.0,7.0,4.0,4757550733.0,-1.0,平凉市泾川县,平凉市泾川县王村镇,10.0,24.0,5.0,4.0,43.0,49.20666666666667,45.541818181818186,46.79183823529412
甘肃省,平凉市,泾川县,窑店镇,107.6827049,35.2597616,1.0,0.0,0.0,5.0,124.0,1.0,0.0,0.0,0.0,0.0,2.0,0.0,0.0,0.0,1.0,1.0,0.0,0.0,0.0,0.0,14.0,0.0,1.0,0.0,0.0,9.0,24.0,0.0,0.0,17.0,0.0,0.0,0.0,12.0,10.0,6.0,1.0,0.0,0.0,2.0,20.0,1.0,0.0,0.0,0.0,0.0,0.0,0.0,0.0,0.0,0.0,0.0,0.0,0.0,0.0,0.0,1.0,0.0,1.0,0.0,0.0,1.0,2.0,0.0,0.0,5.0,0.0,0.0,0.0,11.0,7.0,6.0,6064345313.0,12631214.0,平凉市泾川县,平凉市泾川县窑店镇,20.0,26.0,0.0,7.800000000000001,53.8,49.20666666666667,45.541818181818186,46.79183823529412
甘肃省,平凉市,泾川县,飞云镇,107.6001598,35.2996604,1.0,0.0,0.0,3.0,60.0,0.0,0.0,0.0,0.0,0.0,0.0,0.0,0.0,0.0,0.0,0.0,0.0,0.0,0.0,0.0,22.0,0.0,0.0,0.0,0.0,2.0,6.0,0.0,0.0,2.0,0.0,0.0,0.0,2.0,5.0,5.0,1.0,0.0,0.0,3.0,14.0,0.0,0.0,0.0,0.0,0.0,0.0,0.0,0.0,0.0,0.0,0.0,0.0,0.0,0.0,0.0,2.0,0.0,0.0,0.0,0.0,1.0,0.0,0.0,0.0,0.0,0.0,0.0,0.0,2.0,5.0,4.0,6065388111.0,12631213.0,平凉市泾川县,平凉市泾川县飞云镇,17.0,22.5,0.0,3.3,42.8,49.20666666666667,45.541818181818186,46.79183823529412
甘肃省,平凉市,泾川县,丰台镇,107.4308478,35.4304158,0.0,2.0,0.0,4.0,75.0,0.0,0.0,0.0,0.0,0.0,1.0,0.0,0.0,0.0,0.0,0.0,0.0,0.0,0.0,0.0,6.0,0.0,0.0,0.0,0.0,7.0,16.0,0.0,0.0,2.0,0.0,1.0,0.0,1.0,5.0,7.0,0.0,2.0,0.0,1.0,19.0,0.0,0.0,0.0,0.0,0.0,1.0,0.0,0.0,0.0,0.0,0.0,0.0,0.0,0.0,0.0,1.0,0.0,0.0,0.0,0.0,1.0,16.0,0.0,0.0,0.0,0.0,0.0,0.0,1.0,5.0,3.0,6065388112.0,-1.0,平凉市泾川县,平凉市泾川县丰台镇,12.0,24.5,0.0,6.9,43.4,49.20666666666667,45.541818181818186,46.79183823529412
甘肃省,平凉市,泾川县,党原镇,107.2256744,35.4504388,0.0,2.0,2.0,6.0,88.0,8.0,0.0,0.0,0.0,0.0,1.0,0.0,0.0,0.0,2.0,2.0,0.0,0.0,0.0,0.0,25.0,0.0,1.0,0.0,0.0,10.0,2.0,0.0,0.0,10.0,0.0,0.0,0.0,1.0,7.0,9.0,0.0,2.0,2.0,0.0,29.0,2.0,0.0,0.0,0.0,0.0,1.0,0.0,0.0,0.0,2.0,2.0,0.0,0.0,0.0,0.0,6.0,0.0,0.0,0.0,0.0,1.0,0.0,0.0,0.0,5.0,0.0,0.0,0.0,1.0,6.0,5.0,5194816031.0,-1.0,平凉市泾川县,平凉市泾川县党原镇,12.0,25.5,5.0,5.7,48.2,49.20666666666667,45.541818181818186,46.79183823529412
甘肃省,平凉市,泾川县,汭丰镇,107.252651,35.3070308,0.0,7.0,1.0,2.0,72.0,3.0,0.0,0.0,0.0,0.0,0.0,0.0,0.0,0.0,3.0,3.0,0.0,0.0,0.0,0.0,7.0,0.0,2.0,0.0,0.0,10.0,11.0,0.0,0.0,3.0,0.0,0.0,0.0,2.0,8.0,7.0,0.0,3.0,0.0,0.0,23.0,1.0,0.0,0.0,0.0,0.0,0.0,0.0,0.0,0.0,2.0,2.0,0.0,0.0,0.0,0.0,1.0,0.0,0.0,0.0,0.0,2.0,0.0,0.0,0.0,0.0,0.0,0.0,0.0,2.0,5.0,3.0,6065399024.0,-1.0,平凉市泾川县,平凉市泾川县汭丰镇,12.0,24.0,5.0,4.9,45.9,49.20666666666667,45.541818181818186,46.79183823529412
甘肃省,平凉市,泾川县,太平镇,107.38611,35.2740485,0.0,0.0,4.0,1.0,37.0,2.0,0.0,0.0,0.0,0.0,1.0,0.0,0.0,0.0,2.0,2.0,0.0,0.0,0.0,0.0,12.0,0.0,0.0,0.0,0.0,3.0,1.0,0.0,0.0,4.0,0.0,0.0,0.0,1.0,6.0,4.0,0.0,0.0,1.0,1.0,15.0,0.0,0.0,0.0,0.0,0.0,0.0,0.0,0.0,0.0,1.0,1.0,0.0,0.0,0.0,0.0,6.0,0.0,0.0,0.0,0.0,1.0,0.0,0.0,0.0,1.0,0.0,0.0,0.0,1.0,5.0,3.0,6065495856.0,-1.0,平凉市泾川县,平凉市泾川县太平镇,10.0,22.9,5.0,2.6,40.5,49.20666666666667,45.541818181818186,46.79183823529412
甘肃省,平凉市,泾川县,罗汉洞乡,107.4868048,35.3549364,18.0,0.0,0.0,3.0,100.0,1.0,0.0,3.0,0.0,0.0,0.0,0.0,0.0,0.0,1.0,1.0,0.0,0.0,0.0,0.0,11.0,0.0,0.0,0.0,0.0,11.0,18.0,0.0,0.0,0.0,0.0,0.0,0.0,5.0,11.0,9.0,11.0,0.0,0.0,2.0,38.0,1.0,0.0,3.0,0.0,0.0,0.0,0.0,0.0,0.0,1.0,1.0,0.0,0.0,0.0,0.0,2.0,0.0,0.0,0.0,0.0,2.0,11.0,0.0,0.0,0.0,0.0,0.0,0.0,5.0,11.0,7.0,6065530940.0,-1.0,平凉市泾川县,平凉市泾川县罗汉洞乡,12.0,24.0,5.0,6.9,47.9,49.20666666666667,45.541818181818186,46.79183823529412
甘肃省,平凉市,泾川县,泾明乡,107.6298198,35.3626176,6.0,0.0,0.0,10.0,100.0,9.0,0.0,2.0,1.0,0.0,1.0,0.0,0.0,0.0,1.0,1.0,0.0,0.0,0.0,0.0,10.0,0.0,0.0,0.0,0.0,6.0,26.0,0.0,0.0,2.0,0.0,0.0,0.0,4.0,8.0,9.0,3.0,0.0,0.0,5.0,22.0,0.0,0.0,0.0,0.0,0.0,0.0,0.0,0.0,0.0,1.0,1.0,0.0,0.0,0.0,0.0,1.0,0.0,0.0,0.0,0.0,1.0,18.0,0.0,0.0,0.0,0.0,0.0,0.0,4.0,5.0,4.0,6065567404.0,-1.0,平凉市泾川县,平凉市泾川县泾明乡,12.0,28.0,5.0,8.600000000000001,53.6,49.20666666666667,45.541818181818186,46.79183823529412
甘肃省,平凉市,泾川县,红河乡,107.467317,35.4551041,0.0,6.0,0.0,7.0,37.0,1.0,0.0,0.0,0.0,0.0,0.0,0.0,0.0,0.0,0.0,0.0,0.0,0.0,0.0,0.0,7.0,0.0,1.0,0.0,0.0,1.0,2.0,0.0,0.0,3.0,0.0,0.0,0.0,6.0,6.0,6.0,0.0,5.0,0.0,4.0,16.0,1.0,0.0,0.0,0.0,0.0,0.0,0.0,0.0,0.0,0.0,0.0,0.0,0.0,0.0,0.0,2.0,0.0,0.0,0.0,0.0,1.0,0.0,0.0,0.0,0.0,0.0,0.0,0.0,6.0,5.0,3.0,5194816204.0,-1.0,平凉市泾川县,平凉市泾川县红河乡,8.0,23.0,0.0,3.5,34.5,49.20666666666667,45.541818181818186,46.79183823529412
甘肃省,平凉市,灵台县,中台镇,107.6097321,35.0678085,3.0,6.0,17.0,31.0,41.0,3.0,0.0,6.0,5.0,0.0,2.0,0.0,2.0,2.0,4.0,5.0,0.0,0.0,0.0,2.0,15.0,0.0,3.0,0.0,1.0,6.0,33.0,0.0,1.0,2.0,1.0,7.0,1.0,4.0,14.0,9.0,1.0,6.0,6.0,8.0,13.0,3.0,0.0,6.0,3.0,0.0,1.0,0.0,2.0,2.0,3.0,4.0,0.0,0.0,0.0,2.0,4.0,0.0,2.0,0.0,1.0,4.0,17.0,0.0,0.0,0.0,1.0,6.0,1.0,4.0,13.0,6.0,8111070890.0,-1.0,平凉市灵台县,平凉市灵台县中台镇,12.0,28.0,12.0,9.2,61.2,42.66153846153846,45.541818181818186,46.79183823529412
甘肃省,平凉市,灵台县,邵寨镇,107.8054738,34.9920231,0.0,0.0,3.0,1.0,54.0,4.0,0.0,1.0,0.0,0.0,1.0,0.0,0.0,0.0,3.0,3.0,0.0,0.0,0.0,0.0,25.0,0.0,1.0,0.0,0.0,5.0,66.0,0.0,0.0,6.0,0.0,2.0,0.0,12.0,8.0,6.0,0.0,0.0,2.0,0.0,18.0,0.0,0.0,0.0,0.0,0.0,0.0,0.0,0.0,0.0,1.0,1.0,0.0,0.0,0.0,0.0,3.0,0.0,0.0,0.0,0.0,1.0,13.0,0.0,0.0,0.0,0.0,1.0,0.0,1.0,4.0,3.0,5374172677.0,-1.0,平凉市灵台县,平凉市灵台县邵寨镇,12.0,26.0,5.0,11.5,54.5,42.66153846153846,45.541818181818186,46.79183823529412
甘肃省,平凉市,灵台县,独店镇,107.638956,35.1298784,0.0,0.0,4.0,5.0,71.0,1.0,0.0,0.0,0.0,0.0,1.0,0.0,0.0,0.0,2.0,3.0,0.0,0.0,0.0,0.0,12.0,0.0,2.0,0.0,0.0,3.0,18.0,0.0,0.0,6.0,0.0,0.0,1.0,1.0,6.0,9.0,0.0,0.0,4.0,5.0,9.0,0.0,0.0,0.0,0.0,0.0,0.0,0.0,0.0,0.0,2.0,3.0,0.0,0.0,0.0,0.0,3.0,0.0,1.0,0.0,0.0,1.0,0.0,0.0,0.0,0.0,0.0,0.0,0.0,1.0,4.0,4.0,5375775170.0,-1.0,平凉市灵台县,平凉市灵台县独店镇,10.0,25.0,5.0,6.4,46.4,42.66153846153846,45.541818181818186,46.79183823529412
甘肃省,平凉市,灵台县,什字镇,107.4076048,35.1440385,1.0,2.0,2.0,4.0,66.0,5.0,0.0,0.0,0.0,0.0,1.0,0.0,0.0,0.0,3.0,3.0,0.0,0.0,0.0,0.0,6.0,0.0,1.0,0.0,0.0,15.0,8.0,0.0,0.0,3.0,0.0,2.0,0.0,1.0,12.0,6.0,0.0,2.0,2.0,4.0,28.0,1.0,0.0,0.0,0.0,0.0,0.0,0.0,0.0,0.0,2.0,2.0,0.0,0.0,0.0,0.0,1.0,0.0,1.0,0.0,0.0,2.0,5.0,0.0,0.0,0.0,0.0,1.0,0.0,1.0,7.0,4.0,4763706721.0,-1.0,平凉市灵台县,平凉市灵台县什字镇,12.0,26.0,5.0,4.6,47.6,42.66153846153846,45.541818181818186,46.79183823529412
甘肃省,平凉市,灵台县,朝那镇,107.2131617,35.0896179,0.0,7.0,4.0,2.0,38.0,0.0,0.0,0.0,0.0,0.0,1.0,0.0,0.0,0.0,0.0,0.0,0.0,0.0,0.0,0.0,3.0,0.0,0.0,1.0,0.0,12.0,51.0,0.0,0.0,3.0,0.0,3.0,0.0,1.0,6.0,5.0,0.0,3.0,3.0,2.0,20.0,0.0,0.0,0.0,0.0,0.0,1.0,0.0,0.0,0.0,0.0,0.0,0.0,0.0,0.0,0.0,2.0,0.0,0.0,1.0,0.0,3.0,51.0,0.0,0.0,2.0,0.0,2.0,0.0,1.0,6.0,5.0,4763707056.0,-1.0,平凉市灵台县,平凉市灵台县朝那镇,12.0,25.0,0.0,13.200000000000001,50.2,42.66153846153846,45.541818181818186,46.79183823529412
甘肃省,平凉市,灵台县,西屯镇,107.484306,35.1268393,0.0,1.0,0.0,2.0,55.0,1.0,0.0,0.0,0.0,0.0,0.0,0.0,0.0,0.0,1.0,1.0,0.0,0.0,0.0,0.0,18.0,0.0,0.0,0.0,0.0,8.0,0.0,0.0,0.0,2.0,0.0,0.0,0.0,1.0,6.0,5.0,0.0,1.0,0.0,1.0,15.0,1.0,0.0,0.0,0.0,0.0,0.0,0.0,0.0,0.0,1.0,1.0,0.0,0.0,0.0,0.0,3.0,0.0,0.0,0.0,0.0,3.0,0.0,0.0,0.0,0.0,0.0,0.0,0.0,1.0,6.0,2.0,6066149176.0,-1.0,平凉市灵台县,平凉市灵台县西屯镇,12.0,23.0,5.0,2.7,42.7,42.66153846153846,45.541818181818186,46.79183823529412
甘肃省,平凉市,灵台县,上良镇,107.2875989,35.1241761,0.0,2.0,0.0,1.0,61.0,1.0,0.0,0.0,0.0,0.0,0.0,0.0,0.0,0.0,0.0,0.0,0.0,0.0,0.0,0.0,6.0,0.0,0.0,0.0,0.0,10.0,0.0,0.0,0.0,0.0,0.0,0.0,0.0,1.0,7.0,8.0,0.0,2.0,0.0,1.0,11.0,1.0,0.0,0.0,0.0,0.0,0.0,0.0,0.0,0.0,0.0,0.0,0.0,0.0,0.0,0.0,1.0,0.0,0.0,0.0,0.0,2.0,0.0,0.0,0.0,0.0,0.0,0.0,0.0,1.0,7.0,4.0,4763706722.0,-1.0,平凉市灵台县,平凉市灵台县上良镇,12.0,23.5,0.0,4.0,39.5,42.66153846153846,45.541818181818186,46.79183823529412
甘肃省,平凉市,灵台县,百里镇,107.3896954,35.0331142,0.0,0.0,6.0,7.0,34.0,0.0,0.0,1.0,0.0,0.0,0.0,0.0,0.0,0.0,0.0,0.0,0.0,0.0,0.0,0.0,9.0,0.0,0.0,0.0,0.0,5.0,0.0,0.0,0.0,0.0,0.0,1.0,0.0,2.0,5.0,6.0,0.0,0.0,3.0,5.0,9.0,0.0,0.0,1.0,0.0,0.0,0.0,0.0,0.0,0.0,0.0,0.0,0.0,0.0,0.0,0.0,4.0,0.0,0.0,0.0,0.0,1.0,0.0,0.0,0.0,0.0,0.0,1.0,0.0,2.0,5.0,5.0,4763705947.0,-1.0,平凉市灵台县,平凉市灵台县百里镇,12.0,22.0,0.0,3.0,37.0,42.66153846153846,45.541818181818186,46.79183823529412
甘肃省,平凉市,灵台县,蒲窝镇,107.521793,34.973787,0.0,0.0,0.0,3.0,30.0,0.0,0.0,0.0,0.0,0.0,0.0,0.0,0.0,0.0,2.0,2.0,0.0,0.0,0.0,0.0,8.0,0.0,0.0,0.0,0.0,6.0,0.0,0.0,0.0,1.0,0.0,0.0,0.0,1.0,4.0,5.0,0.0,0.0,0.0,1.0,7.0,0.0,0.0,0.0,0.0,0.0,0.0,0.0,0.0,0.0,0.0,0.0,0.0,0.0,0.0,0.0,4.0,0.0,0.0,0.0,0.0,1.0,0.0,0.0,0.0,0.0,0.0,0.0,0.0,1.0,3.0,2.0,4763706297.0,-1.0,平凉市灵台县,平凉市灵台县蒲窝镇,12.0,13.1,0.0,2.6,27.700000000000003,42.66153846153846,45.541818181818186,46.79183823529412
甘肃省,平凉市,灵台县,新开乡,107.6481206,35.0128901,0.0,0.0,1.0,4.0,29.0,1.0,0.0,0.0,0.0,0.0,0.0,0.0,0.0,0.0,3.0,3.0,0.0,0.0,0.0,0.0,7.0,0.0,0.0,0.0,0.0,5.0,0.0,0.0,0.0,1.0,0.0,0.0,0.0,1.0,5.0,5.0,0.0,0.0,1.0,3.0,17.0,0.0,0.0,0.0,0.0,0.0,0.0,0.0,0.0,0.0,3.0,3.0,0.0,0.0,0.0,0.0,7.0,0.0,0.0,0.0,0.0,3.0,0.0,0.0,0.0,1.0,0.0,0.0,0.0,1.0,4.0,3.0,5375837749.0,-1.0,平凉市灵台县,平凉市灵台县新开乡,12.0,22.4,5.0,2.7,42.1,42.66153846153846,45.541818181818186,46.79183823529412
甘肃省,平凉市,灵台县,梁原乡,107.1756907,35.1661554,0.0,7.0,4.0,10.0,7.0,0.0,0.0,0.0,0.0,0.0,0.0,0.0,0.0,0.0,2.0,2.0,0.0,0.0,0.0,0.0,3.0,0.0,0.0,0.0,0.0,4.0,3.0,0.0,0.0,0.0,0.0,0.0,0.0,1.0,9.0,5.0,0.0,5.0,4.0,4.0,2.0,0.0,0.0,0.0,0.0,0.0,0.0,0.0,0.0,0.0,1.0,1.0,0.0,0.0,0.0,0.0,1.0,0.0,0.0,0.0,0.0,1.0,3.0,0.0,0.0,0.0,0.0,0.0,0.0,1.0,6.0,5.0,4763706225.0,-1.0,平凉市灵台县,平凉市灵台县梁原乡,11.0,16.0,5.0,3.1,35.1,42.66153846153846,45.541818181818186,46.79183823529412
甘肃省,平凉市,灵台县,龙门乡,107.1038595,35.1129798,0.0,0.0,5.0,8.0,16.0,0.0,0.0,0.0,0.0,0.0,0.0,0.0,0.0,0.0,0.0,0.0,0.0,0.0,0.0,0.0,6.0,0.0,0.0,0.0,0.0,3.0,1.0,0.0,0.0,0.0,0.0,0.0,0.0,1.0,5.0,5.0,0.0,0.0,0.0,7.0,6.0,0.0,0.0,0.0,0.0,0.0,0.0,0.0,0.0,0.0,0.0,0.0,0.0,0.0,0.0,0.0,4.0,0.0,0.0,0.0,0.0,2.0,0.0,0.0,0.0,0.0,0.0,0.0,0.0,1.0,4.0,2.0,6066149173.0,-1.0,平凉市灵台县,平凉市灵台县龙门乡,10.0,17.5,0.0,2.6,30.1,42.66153846153846,45.541818181818186,46.79183823529412
甘肃省,平凉市,灵台县,星火乡,107.34434,35.0659164,0.0,0.0,3.0,2.0,41.0,0.0,0.0,0.0,0.0,0.0,0.0,0.0,0.0,0.0,3.0,3.0,0.0,0.0,0.0,0.0,14.0,0.0,0.0,0.0,0.0,7.0,0.0,0.0,0.0,0.0,0.0,3.0,0.0,1.0,5.0,5.0,0.0,0.0,1.0,0.0,11.0,0.0,0.0,0.0,0.0,0.0,0.0,0.0,0.0,0.0,2.0,2.0,0.0,0.0,0.0,0.0,5.0,0.0,0.0,0.0,0.0,2.0,0.0,0.0,0.0,0.0,0.0,3.0,0.0,1.0,4.0,3.0,6066149175.0,-1.0,平凉市灵台县,平凉市灵台县星火乡,12.0,21.0,5.0,2.5,40.5,42.66153846153846,45.541818181818186,46.79183823529412
甘肃省,平凉市,崇信县,城市社区管理委员会街道,107.0276926,35.3009067,3.0,16.0,11.0,18.0,46.0,16.0,0.0,19.0,1.0,0.0,1.0,1.0,1.0,1.0,4.0,5.0,0.0,0.0,0.0,0.0,22.0,1.0,1.0,0.0,0.0,6.0,52.0,0.0,0.0,5.0,0.0,6.0,1.0,7.0,12.0,13.0,0.0,4.0,7.0,9.0,20.0,10.0,0.0,2.0,1.0,0.0,0.0,1.0,0.0,0.0,3.0,4.0,0.0,0.0,0.0,0.0,7.0,0.0,0.0,0.0,0.0,3.0,27.0,0.0,0.0,2.0,0.0,2.0,0.0,4.0,10.0,7.0,8110190904.0,-1.0,平凉市崇信县,平凉市崇信县城市社区管理委员会街道,12.0,28.0,10.0,12.6,62.6,48.42857142857143,45.541818181818186,46.79183823529412
甘肃省,平凉市,崇信县,锦屏镇,107.0231788,35.3018792,3.0,16.0,11.0,18.0,49.0,16.0,0.0,19.0,1.0,0.0,1.0,1.0,1.0,1.0,4.0,5.0,0.0,0.0,0.0,0.0,22.0,1.0,1.0,0.0,0.0,7.0,52.0,0.0,0.0,5.0,0.0,6.0,1.0,7.0,13.0,13.0,0.0,5.0,8.0,12.0,23.0,11.0,0.0,19.0,1.0,0.0,0.0,1.0,0.0,0.0,2.0,3.0,0.0,0.0,0.0,0.0,10.0,1.0,0.0,0.0,0.0,4.0,30.0,0.0,0.0,2.0,0.0,4.0,0.0,4.0,11.0,9.0,6061391439.0,8940723.0,平凉市崇信县,平凉市崇信县锦屏镇,20.0,28.0,10.0,12.9,70.9,48.42857142857143,45.541818181818186,46.79183823529412
甘肃省,平凉市,崇信县,新窑镇,106.9116776,35.1568634,0.0,0.0,13.0,4.0,6.0,6.0,0.0,0.0,0.0,0.0,1.0,0.0,0.0,0.0,0.0,0.0,0.0,0.0,0.0,0.0,3.0,0.0,4.0,0.0,0.0,1.0,8.0,0.0,0.0,5.0,0.0,1.0,0.0,1.0,5.0,6.0,0.0,0.0,1.0,3.0,0.0,0.0,0.0,0.0,0.0,0.0,0.0,0.0,0.0,0.0,0.0,0.0,0.0,0.0,0.0,0.0,0.0,0.0,1.0,0.0,0.0,1.0,0.0,0.0,0.0,2.0,0.0,1.0,0.0,1.0,2.0,3.0,3648493844.0,8951220.0,平凉市崇信县,平凉市崇信县新窑镇,16.0,14.7,0.0,4.5,35.2,48.42857142857143,45.541818181818186,46.79183823529412
甘肃省,平凉市,崇信县,柏树镇,107.1678469,35.3446101,0.0,0.0,1.0,0.0,71.0,2.0,0.0,0.0,0.0,0.0,0.0,0.0,0.0,0.0,0.0,0.0,0.0,0.0,0.0,0.0,9.0,0.0,0.0,0.0,0.0,15.0,15.0,0.0,0.0,0.0,0.0,0.0,0.0,5.0,5.0,9.0,0.0,0.0,1.0,0.0,36.0,0.0,0.0,0.0,0.0,0.0,0.0,0.0,0.0,0.0,0.0,0.0,0.0,0.0,0.0,0.0,4.0,0.0,0.0,0.0,0.0,4.0,0.0,0.0,0.0,0.0,0.0,0.0,0.0,1.0,4.0,4.0,6061391437.0,11879808.0,平凉市崇信县,平凉市崇信县柏树镇,20.0,22.5,0.0,5.5,48.0,48.42857142857143,45.541818181818186,46.79183823529412
甘肃省,平凉市,崇信县,黄寨镇,106.9520958,35.3682312,0.0,0.0,2.0,2.0,35.0,0.0,0.0,0.0,0.0,0.0,0.0,0.0,0.0,0.0,0.0,0.0,0.0,0.0,0.0,0.0,6.0,0.0,0.0,0.0,0.0,5.0,2.0,0.0,0.0,2.0,0.0,0.0,0.0,3.0,4.0,3.0,0.0,0.0,0.0,1.0,9.0,0.0,0.0,0.0,0.0,0.0,0.0,0.0,0.0,0.0,0.0,0.0,0.0,0.0,0.0,0.0,1.0,0.0,0.0,0.0,0.0,1.0,2.0,0.0,0.0,0.0,0.0,0.0,0.0,1.0,3.0,2.0,6061391438.0,11879809.0,平凉市崇信县,平凉市崇信县黄寨镇,20.0,18.7,0.0,2.1,40.800000000000004,48.42857142857143,45.541818181818186,46.79183823529412
甘肃省,平凉市,崇信县,黄花乡,107.005236,35.2197717,0.0,0.0,2.0,2.0,15.0,0.0,0.0,0.0,0.0,0.0,0.0,0.0,0.0,0.0,0.0,0.0,0.0,0.0,0.0,0.0,6.0,0.0,0.0,0.0,0.0,4.0,0.0,0.0,0.0,0.0,0.0,0.0,0.0,1.0,4.0,4.0,0.0,0.0,2.0,0.0,4.0,0.0,0.0,0.0,0.0,0.0,0.0,0.0,0.0,0.0,0.0,0.0,0.0,0.0,0.0,0.0,1.0,0.0,0.0,0.0,0.0,1.0,0.0,0.0,0.0,0.0,0.0,0.0,0.0,1.0,2.0,3.0,4530002584.0,8951215.0,平凉市崇信县,平凉市崇信县黄花乡,19.0,13.2,0.0,2.0,34.2,48.42857142857143,45.541818181818186,46.79183823529412
甘肃省,平凉市,崇信县,木林乡,107.1395802,35.2476269,0.0,0.0,2.0,3.0,36.0,2.0,0.0,0.0,0.0,0.0,0.0,0.0,0.0,0.0,1.0,1.0,0.0,0.0,0.0,0.0,11.0,0.0,0.0,0.0,0.0,1.0,6.0,0.0,0.0,0.0,0.0,0.0,0.0,4.0,6.0,6.0,0.0,0.0,2.0,3.0,13.0,0.0,0.0,0.0,0.0,0.0,0.0,0.0,0.0,0.0,1.0,1.0,0.0,0.0,0.0,0.0,4.0,0.0,0.0,0.0,0.0,1.0,6.0,0.0,0.0,0.0,0.0,0.0,0.0,1.0,5.0,4.0,6061391440.0,11879810.0,平凉市崇信县,平凉市崇信县木林乡,16.0,22.1,5.0,4.2,47.300000000000004,48.42857142857143,45.541818181818186,46.79183823529412
甘肃省,平凉市,庄浪县,水洛街道,106.0348677,35.2007098,5.0,1.0,29.0,22.0,127.0,16.0,0.0,20.0,1.0,1.0,2.0,1.0,2.0,2.0,11.0,11.0,0.0,0.0,0.0,0.0,10.0,0.0,1.0,1.0,0.0,7.0,180.0,0.0,0.0,1.0,0.0,12.0,0.0,3.0,13.0,8.0,1.0,0.0,15.0,9.0,37.0,5.0,0.0,5.0,0.0,0.0,0.0,1.0,0.0,0.0,3.0,3.0,0.0,0.0,0.0,0.0,2.0,0.0,0.0,0.0,0.0,4.0,100.0,0.0,0.0,0.0,0.0,8.0,0.0,2.0,8.0,4.0,8109084767.0,11878194.0,平凉市庄浪县,平凉市庄浪县水洛街道,20.0,30.0,10.0,20.0,80.0,41.53684210526316,45.541818181818186,46.79183823529412
甘肃省,平凉市,庄浪县,水洛镇,106.0360693,35.2087049,5.0,1.0,30.0,22.0,124.0,16.0,0.0,20.0,1.0,1.0,2.0,1.0,2.0,2.0,11.0,11.0,0.0,0.0,0.0,0.0,7.0,0.0,0.0,1.0,0.0,7.0,184.0,0.0,0.0,1.0,0.0,11.0,0.0,3.0,13.0,7.0,1.0,0.0,3.0,6.0,38.0,7.0,0.0,7.0,0.0,1.0,0.0,1.0,0.0,0.0,3.0,3.0,0.0,0.0,0.0,0.0,2.0,0.0,0.0,0.0,0.0,3.0,83.0,0.0,0.0,0.0,0.0,4.0,0.0,2.0,8.0,5.0,8109035400.0,11878193.0,平凉市庄浪县,平凉市庄浪县水洛镇,20.0,30.0,10.0,19.5,79.5,41.53684210526316,45.541818181818186,46.79183823529412
甘肃省,平凉市,庄浪县,南湖镇,105.9620113,35.3378321,11.0,1.0,3.0,12.0,47.0,2.0,0.0,0.0,0.0,0.0,1.0,0.0,0.0,0.0,4.0,4.0,0.0,0.0,0.0,0.0,20.0,0.0,0.0,0.0,0.0,3.0,43.0,0.0,0.0,4.0,0.0,3.0,0.0,2.0,9.0,8.0,2.0,1.0,3.0,8.0,16.0,2.0,0.0,0.0,0.0,0.0,0.0,0.0,0.0,0.0,3.0,3.0,0.0,0.0,0.0,0.0,9.0,0.0,0.0,0.0,0.0,1.0,27.0,0.0,0.0,1.0,0.0,2.0,0.0,2.0,8.0,6.0,4349624871.0,-1.0,平凉市庄浪县,平凉市庄浪县南湖镇,10.0,26.0,5.0,11.5,52.5,41.53684210526316,45.541818181818186,46.79183823529412
甘肃省,平凉市,庄浪县,朱店镇,105.9514862,35.1186595,0.0,3.0,0.0,9.0,75.0,0.0,0.0,0.0,0.0,0.0,0.0,0.0,0.0,0.0,0.0,0.0,0.0,0.0,0.0,0.0,16.0,0.0,1.0,0.0,0.0,3.0,24.0,0.0,0.0,3.0,0.0,1.0,0.0,6.0,8.0,9.0,0.0,1.0,0.0,6.0,17.0,0.0,0.0,0.0,0.0,0.0,0.0,0.0,0.0,0.0,0.0,0.0,0.0,0.0,0.0,0.0,1.0,0.0,1.0,0.0,0.0,1.0,9.0,0.0,0.0,0.0,0.0,1.0,0.0,2.0,5.0,6.0,6044469415.0,-1.0,平凉市庄浪县,平凉市庄浪县朱店镇,10.0,24.0,0.0,7.6,41.6,41.53684210526316,45.541818181818186,46.79183823529412
甘肃省,平凉市,庄浪县,万泉镇,105.856495,35.087235,0.0,7.0,0.0,0.0,64.0,6.0,0.0,0.0,0.0,0.0,0.0,0.0,0.0,0.0,0.0,0.0,0.0,0.0,0.0,0.0,11.0,0.0,2.0,0.0,1.0,4.0,7.0,0.0,0.0,0.0,0.0,0.0,0.0,7.0,8.0,8.0,0.0,3.0,0.0,0.0,22.0,6.0,0.0,0.0,0.0,0.0,0.0,0.0,0.0,0.0,0.0,0.0,0.0,0.0,0.0,0.0,5.0,0.0,2.0,0.0,0.0,2.0,3.0,0.0,0.0,0.0,0.0,0.0,0.0,2.0,5.0,6.0,6044469410.0,-1.0,平凉市庄浪县,平凉市庄浪县万泉镇,11.0,24.0,0.0,5.0,40.0,41.53684210526316,45.541818181818186,46.79183823529412
甘肃省,平凉市,庄浪县,韩店镇,106.2165719,35.2154013,6.0,5.0,0.0,6.0,9.0,1.0,0.0,0.0,0.0,0.0,1.0,0.0,0.0,0.0,2.0,2.0,0.0,0.0,0.0,0.0,11.0,0.0,0.0,0.0,0.0,8.0,1.0,0.0,0.0,1.0,0.0,0.0,1.0,2.0,12.0,5.0,4.0,3.0,0.0,5.0,2.0,0.0,0.0,0.0,0.0,0.0,0.0,0.0,0.0,0.0,2.0,2.0,0.0,0.0,0.0,0.0,3.0,0.0,0.0,0.0,0.0,3.0,0.0,0.0,0.0,0.0,0.0,0.0,1.0,2.0,6.0,3.0,4905854486.0,-1.0,平凉市庄浪县,平凉市庄浪县韩店镇,12.0,18.4,5.0,2.7,38.1,41.53684210526316,45.541818181818186,46.79183823529412
甘肃省,平凉市,庄浪县,卧龙镇,105.8916794,35.2318049,0.0,0.0,1.0,3.0,16.0,0.0,0.0,0.0,0.0,0.0,0.0,0.0,0.0,0.0,0.0,0.0,0.0,0.0,0.0,0.0,4.0,0.0,0.0,0.0,0.0,3.0,0.0,0.0,0.0,0.0,0.0,0.0,0.0,1.0,4.0,2.0,0.0,0.0,1.0,1.0,7.0,0.0,0.0,0.0,0.0,0.0,0.0,0.0,0.0,0.0,0.0,0.0,0.0,0.0,0.0,0.0,1.0,0.0,0.0,0.0,0.0,1.0,0.0,0.0,0.0,0.0,0.0,0.0,0.0,1.0,4.0,1.0,6044469411.0,-1.0,平凉市庄浪县,平凉市庄浪县卧龙镇,10.0,15.3,0.0,1.0,26.3,41.53684210526316,45.541818181818186,46.79183823529412
甘肃省,平凉市,庄浪县,阳川镇,105.8141188,35.1571709,0.0,0.0,8.0,6.0,18.0,0.0,0.0,0.0,0.0,0.0,0.0,0.0,0.0,0.0,0.0,0.0,0.0,0.0,0.0,0.0,4.0,0.0,0.0,0.0,0.0,9.0,0.0,0.0,0.0,0.0,0.0,0.0,0.0,5.0,4.0,3.0,0.0,0.0,7.0,3.0,0.0,0.0,0.0,0.0,0.0,0.0,0.0,0.0,0.0,0.0,0.0,0.0,0.0,0.0,0.0,0.0,2.0,0.0,0.0,0.0,0.0,2.0,0.0,0.0,0.0,0.0,0.0,0.0,0.0,2.0,2.0,3.0,2890058375.0,-1.0,平凉市庄浪县,平凉市庄浪县阳川镇,12.0,15.6,0.0,1.5,29.1,41.53684210526316,45.541818181818186,46.79183823529412
甘肃省,平凉市,庄浪县,盘安镇,106.1214355,35.1571452,0.0,0.0,3.0,2.0,16.0,0.0,0.0,0.0,0.0,0.0,0.0,0.0,0.0,0.0,1.0,1.0,0.0,0.0,0.0,0.0,9.0,0.0,0.0,0.0,0.0,6.0,0.0,0.0,0.0,0.0,0.0,0.0,0.0,5.0,5.0,5.0,0.0,0.0,2.0,0.0,5.0,0.0,0.0,0.0,0.0,0.0,0.0,0.0,0.0,0.0,0.0,0.0,0.0,0.0,0.0,0.0,2.0,0.0,0.0,0.0,0.0,3.0,0.0,0.0,0.0,0.0,0.0,0.0,0.0,1.0,3.0,2.0,6044469407.0,-1.0,平凉市庄浪县,平凉市庄浪县盘安镇,12.0,14.2,0.0,2.5,28.7,41.53684210526316,45.541818181818186,46.79183823529412
甘肃省,平凉市,庄浪县,大庄镇,105.8602461,35.1497684,0.0,0.0,2.0,3.0,80.0,0.0,0.0,0.0,0.0,0.0,0.0,0.0,0.0,0.0,1.0,1.0,0.0,0.0,0.0,0.0,1.0,0.0,0.0,0.0,0.0,10.0,1.0,0.0,0.0,2.0,0.0,0.0,0.0,1.0,5.0,1.0,0.0,0.0,2.0,0.0,16.0,0.0,0.0,0.0,0.0,0.0,0.0,0.0,0.0,0.0,0.0,0.0,0.0,0.0,0.0,0.0,1.0,0.0,0.0,0.0,0.0,1.0,0.0,0.0,0.0,0.0,0.0,0.0,0.0,1.0,4.0,1.0,6044555588.0,-1.0,平凉市庄浪县,平凉市庄浪县大庄镇,12.0,22.5,0.0,0.8,35.3,41.53684210526316,45.541818181818186,46.79183823529412
甘肃省,平凉市,庄浪县,通化镇,106.1228582,35.344158,0.0,0.0,1.0,3.0,55.0,0.0,0.0,0.0,0.0,0.0,0.0,0.0,0.0,0.0,1.0,1.0,0.0,0.0,0.0,0.0,16.0,0.0,0.0,0.0,0.0,5.0,8.0,0.0,0.0,2.0,0.0,0.0,0.0,9.0,4.0,7.0,0.0,0.0,1.0,1.0,23.0,0.0,0.0,0.0,0.0,0.0,0.0,0.0,0.0,0.0,0.0,0.0,0.0,0.0,0.0,0.0,4.0,0.0,0.0,0.0,0.0,1.0,7.0,0.0,0.0,0.0,0.0,0.0,0.0,1.0,4.0,3.0,6044469409.0,-1.0,平凉市庄浪县,平凉市庄浪县通化镇,12.0,22.0,0.0,5.2,39.2,41.53684210526316,45.541818181818186,46.79183823529412
甘肃省,平凉市,庄浪县,永宁镇,106.1648729,35.3031097,0.0,0.0,6.0,14.0,39.0,0.0,0.0,0.0,0.0,1.0,0.0,1.0,0.0,0.0,4.0,4.0,0.0,0.0,0.0,0.0,13.0,0.0,0.0,0.0,0.0,3.0,2.0,0.0,0.0,6.0,0.0,1.0,0.0,1.0,5.0,7.0,0.0,0.0,3.0,6.0,8.0,0.0,0.0,0.0,0.0,0.0,0.0,0.0,0.0,0.0,3.0,3.0,0.0,0.0,0.0,0.0,2.0,0.0,0.0,0.0,0.0,1.0,1.0,0.0,0.0,1.0,0.0,0.0,0.0,1.0,4.0,3.0,6044469412.0,-1.0,平凉市庄浪县,平凉市庄浪县永宁镇,10.0,24.5,10.0,4.5,49.0,41.53684210526316,45.541818181818186,46.79183823529412
甘肃省,平凉市,庄浪县,良邑镇,106.0932674,35.2698191,0.0,0.0,6.0,16.0,55.0,0.0,0.0,0.0,0.0,0.0,0.0,0.0,0.0,0.0,1.0,2.0,0.0,0.0,0.0,0.0,21.0,0.0,0.0,0.0,0.0,6.0,13.0,0.0,0.0,0.0,0.0,0.0,0.0,2.0,6.0,7.0,0.0,0.0,6.0,8.0,8.0,0.0,0.0,0.0,0.0,0.0,0.0,0.0,0.0,0.0,0.0,1.0,0.0,0.0,0.0,0.0,4.0,0.0,0.0,0.0,0.0,1.0,10.0,0.0,0.0,0.0,0.0,0.0,0.0,1.0,6.0,5.0,6044469404.0,-1.0,平凉市庄浪县,平凉市庄浪县良邑镇,12.0,23.0,0.0,5.800000000000001,40.8,41.53684210526316,45.541818181818186,46.79183823529412
甘肃省,平凉市,庄浪县,岳堡镇,106.0324218,35.4130638,0.0,2.0,1.0,9.0,87.0,6.0,0.0,2.0,0.0,0.0,0.0,0.0,0.0,0.0,0.0,0.0,0.0,0.0,0.0,0.0,22.0,0.0,0.0,0.0,0.0,4.0,0.0,0.0,0.0,1.0,0.0,0.0,0.0,9.0,8.0,6.0,0.0,1.0,0.0,6.0,26.0,0.0,0.0,0.0,0.0,0.0,0.0,0.0,0.0,0.0,0.0,0.0,0.0,0.0,0.0,0.0,5.0,0.0,0.0,0.0,0.0,1.0,0.0,0.0,0.0,0.0,0.0,0.0,0.0,2.0,5.0,3.0,4349626344.0,-1.0,平凉市庄浪县,平凉市庄浪县岳堡镇,11.0,24.0,0.0,3.1,38.1,41.53684210526316,45.541818181818186,46.79183823529412
甘肃省,平凉市,庄浪县,柳梁镇,105.9865353,35.2696346,2.0,0.0,0.0,0.0,19.0,0.0,0.0,0.0,0.0,0.0,0.0,0.0,0.0,0.0,0.0,0.0,0.0,0.0,0.0,0.0,7.0,0.0,0.0,0.0,0.0,5.0,0.0,0.0,0.0,0.0,0.0,0.0,0.0,1.0,5.0,5.0,1.0,0.0,0.0,0.0,0.0,0.0,0.0,0.0,0.0,0.0,0.0,0.0,0.0,0.0,0.0,0.0,0.0,0.0,0.0,0.0,1.0,0.0,0.0,0.0,0.0,2.0,0.0,0.0,0.0,0.0,0.0,0.0,0.0,1.0,1.0,1.0,6044469405.0,-1.0,平凉市庄浪县,平凉市庄浪县柳梁镇,12.0,11.3,0.0,2.5,25.8,41.53684210526316,45.541818181818186,46.79183823529412
甘肃省,平凉市,庄浪县,南坪镇,106.0872793,35.2038484,4.0,0.0,6.0,5.0,98.0,7.0,0.0,0.0,0.0,0.0,1.0,1.0,1.0,1.0,3.0,4.0,0.0,0.0,0.0,0.0,18.0,0.0,0.0,0.0,0.0,3.0,14.0,0.0,0.0,1.0,0.0,5.0,0.0,3.0,9.0,7.0,4.0,0.0,2.0,1.0,28.0,1.0,0.0,0.0,0.0,0.0,0.0,1.0,0.0,0.0,2.0,3.0,0.0,0.0,0.0,0.0,3.0,0.0,0.0,0.0,0.0,2.0,5.0,0.0,0.0,0.0,0.0,4.0,0.0,2.0,8.0,4.0,6044469406.0,-1.0,平凉市庄浪县,平凉市庄浪县南坪镇,10.0,26.0,10.0,5.5,51.5,41.53684210526316,45.541818181818186,46.79183823529412
甘肃省,平凉市,庄浪县,杨河乡,106.0417779,35.3442022,0.0,0.0,1.0,7.0,4.0,0.0,0.0,0.0,0.0,0.0,0.0,0.0,0.0,0.0,0.0,0.0,0.0,0.0,0.0,0.0,3.0,0.0,0.0,0.0,0.0,2.0,0.0,0.0,0.0,0.0,0.0,0.0,0.0,1.0,4.0,3.0,0.0,0.0,1.0,4.0,3.0,0.0,0.0,0.0,0.0,0.0,0.0,0.0,0.0,0.0,0.0,0.0,0.0,0.0,0.0,0.0,2.0,0.0,0.0,0.0,0.0,1.0,0.0,0.0,0.0,0.0,0.0,0.0,0.0,1.0,3.0,2.0,4511194748.0,-1.0,平凉市庄浪县,平凉市庄浪县杨河乡,9.0,13.7,0.0,1.5,24.2,41.53684210526316,45.541818181818186,46.79183823529412
甘肃省,平凉市,庄浪县,赵墩乡,105.9410664,35.3643611,2.0,1.0,0.0,8.0,60.0,3.0,0.0,1.0,0.0,0.0,0.0,0.0,0.0,0.0,2.0,2.0,0.0,0.0,0.0,0.0,25.0,0.0,0.0,0.0,0.0,2.0,34.0,0.0,0.0,6.0,0.0,1.0,0.0,2.0,10.0,9.0,0.0,0.0,0.0,4.0,19.0,3.0,0.0,1.0,0.0,0.0,0.0,0.0,0.0,0.0,0.0,0.0,0.0,0.0,0.0,0.0,5.0,0.0,0.0,0.0,0.0,1.0,15.0,0.0,0.0,1.0,0.0,0.0,0.0,1.0,6.0,3.0,6044469413.0,-1.0,平凉市庄浪县,平凉市庄浪县赵墩乡,9.0,24.0,0.0,9.600000000000001,42.6,41.53684210526316,45.541818181818186,46.79183823529412
甘肃省,平凉市,庄浪县,郑河乡,106.2577668,35.2635797,0.0,0.0,0.0,6.0,24.0,0.0,0.0,0.0,0.0,0.0,0.0,0.0,0.0,0.0,0.0,0.0,0.0,0.0,0.0,0.0,13.0,0.0,0.0,0.0,0.0,4.0,3.0,0.0,0.0,1.0,0.0,0.0,0.0,1.0,4.0,3.0,0.0,0.0,0.0,2.0,7.0,0.0,0.0,0.0,0.0,0.0,0.0,0.0,0.0,0.0,0.0,0.0,0.0,0.0,0.0,0.0,2.0,0.0,0.0,0.0,0.0,1.0,0.0,0.0,0.0,1.0,0.0,0.0,0.0,1.0,4.0,1.0,6044469414.0,-1.0,平凉市庄浪县,平凉市庄浪县郑河乡,11.0,13.9,0.0,2.0,26.9,41.53684210526316,45.541818181818186,46.79183823529412
甘肃省,平凉市,静宁县,城区街道,105.7311343,35.5259397,9.0,0.0,37.0,52.0,208.0,101.0,7.0,26.0,1.0,7.0,5.0,1.0,2.0,2.0,14.0,16.0,0.0,0.0,1.0,5.0,28.0,0.0,13.0,0.0,4.0,9.0,289.0,1.0,0.0,9.0,13.0,29.0,2.0,5.0,22.0,15.0,1.0,0.0,8.0,23.0,71.0,28.0,0.0,16.0,0.0,1.0,0.0,1.0,1.0,1.0,7.0,7.0,0.0,0.0,1.0,2.0,6.0,0.0,3.0,0.0,2.0,3.0,167.0,0.0,0.0,3.0,3.0,13.0,1.0,4.0,13.0,10.0,8108911447.0,11877952.0,平凉市静宁县,平凉市静宁县城区街道,20.0,30.0,19.0,20.0,89.0,39.3,45.541818181818186,46.79183823529412
甘肃省,平凉市,静宁县,城关镇,105.7194398,35.5242109,10.0,0.0,37.0,52.0,213.0,103.0,7.0,26.0,1.0,7.0,7.0,1.0,2.0,2.0,14.0,16.0,0.0,0.0,1.0,6.0,25.0,0.0,14.0,0.0,4.0,8.0,308.0,1.0,0.0,9.0,31.0,29.0,3.0,6.0,22.0,15.0,2.0,0.0,12.0,15.0,54.0,26.0,0.0,15.0,0.0,0.0,0.0,1.0,1.0,1.0,7.0,7.0,0.0,0.0,0.0,0.0,6.0,0.0,2.0,0.0,4.0,4.0,101.0,0.0,0.0,5.0,1.0,15.0,0.0,3.0,11.0,6.0,8108911527.0,11877951.0,平凉市静宁县,平凉市静宁县城关镇,20.0,30.0,15.0,20.0,85.0,39.3,45.541818181818186,46.79183823529412
甘肃省,平凉市,静宁县,威戎镇,105.7611599,35.3712411,5.0,0.0,7.0,7.0,41.0,0.0,0.0,0.0,0.0,0.0,0.0,0.0,0.0,0.0,2.0,2.0,0.0,0.0,0.0,0.0,18.0,0.0,3.0,0.0,0.0,2.0,15.0,0.0,0.0,1.0,0.0,0.0,0.0,2.0,9.0,6.0,0.0,0.0,2.0,2.0,15.0,0.0,0.0,0.0,0.0,0.0,0.0,0.0,0.0,0.0,1.0,1.0,0.0,0.0,0.0,0.0,1.0,0.0,0.0,0.0,0.0,1.0,13.0,0.0,0.0,1.0,0.0,0.0,0.0,1.0,5.0,3.0,3127950097.0,-1.0,平凉市静宁县,平凉市静宁县威戎镇,9.0,24.0,5.0,6.0,44.0,39.3,45.541818181818186,46.79183823529412
甘肃省,平凉市,静宁县,界石铺镇,105.5399051,35.6122472,1.0,0.0,5.0,1.0,25.0,1.0,0.0,0.0,0.0,0.0,1.0,0.0,0.0,0.0,0.0,0.0,0.0,0.0,0.0,1.0,2.0,0.0,0.0,1.0,0.0,5.0,2.0,0.0,0.0,4.0,0.0,0.0,1.0,7.0,7.0,9.0,1.0,0.0,1.0,1.0,6.0,0.0,0.0,0.0,0.0,0.0,0.0,0.0,0.0,0.0,0.0,0.0,0.0,0.0,0.0,1.0,1.0,0.0,0.0,0.0,0.0,1.0,0.0,0.0,0.0,1.0,0.0,0.0,1.0,2.0,6.0,4.0,6045928474.0,-1.0,平凉市静宁县,平凉市静宁县界石铺镇,12.0,18.3,1.0,4.7,36.0,39.3,45.541818181818186,46.79183823529412
甘肃省,平凉市,静宁县,八里镇,105.7111091,35.5485605,9.0,0.0,19.0,14.0,164.0,29.0,0.0,7.0,0.0,2.0,4.0,0.0,1.0,1.0,5.0,5.0,0.0,0.0,0.0,0.0,17.0,0.0,8.0,0.0,1.0,6.0,136.0,1.0,0.0,9.0,1.0,7.0,0.0,5.0,17.0,13.0,2.0,0.0,2.0,1.0,25.0,0.0,0.0,0.0,0.0,0.0,1.0,0.0,0.0,0.0,0.0,0.0,0.0,0.0,0.0,0.0,2.0,0.0,1.0,0.0,0.0,1.0,11.0,1.0,0.0,0.0,0.0,1.0,0.0,5.0,10.0,6.0,6045807696.0,-1.0,平凉市静宁县,平凉市静宁县八里镇,12.0,28.0,0.0,19.6,59.6,39.3,45.541818181818186,46.79183823529412
甘肃省,平凉市,静宁县,李店镇,105.6833387,35.2340753,0.0,0.0,14.0,1.0,11.0,0.0,0.0,0.0,0.0,0.0,0.0,0.0,0.0,0.0,0.0,0.0,0.0,0.0,0.0,0.0,7.0,0.0,4.0,1.0,0.0,6.0,0.0,0.0,0.0,0.0,0.0,0.0,0.0,3.0,4.0,5.0,0.0,0.0,6.0,1.0,9.0,0.0,0.0,0.0,0.0,0.0,0.0,0.0,0.0,0.0,0.0,0.0,0.0,0.0,0.0,0.0,1.0,0.0,2.0,1.0,0.0,2.0,0.0,0.0,0.0,0.0,0.0,0.0,0.0,2.0,4.0,4.0,4421891581.0,-1.0,平凉市静宁县,平凉市静宁县李店镇,12.0,12.9,0.0,2.5,27.4,39.3,45.541818181818186,46.79183823529412
甘肃省,平凉市,静宁县,古城镇,105.8770377,35.4481093,0.0,0.0,3.0,5.0,35.0,0.0,0.0,0.0,0.0,0.0,0.0,0.0,0.0,0.0,1.0,1.0,0.0,0.0,0.0,0.0,20.0,0.0,0.0,0.0,0.0,3.0,0.0,0.0,0.0,0.0,0.0,0.0,0.0,8.0,5.0,6.0,0.0,0.0,3.0,4.0,11.0,0.0,0.0,0.0,0.0,0.0,0.0,0.0,0.0,0.0,1.0,1.0,0.0,0.0,0.0,0.0,2.0,0.0,0.0,0.0,0.0,1.0,0.0,0.0,0.0,0.0,0.0,0.0,0.0,8.0,4.0,5.0,4302097020.0,-1.0,平凉市静宁县,平凉市静宁县古城镇,10.0,22.5,5.0,3.0,40.5,39.3,45.541818181818186,46.79183823529412
甘肃省,平凉市,静宁县,仁大镇,105.7490831,35.1380585,0.0,0.0,3.0,7.0,10.0,0.0,0.0,0.0,0.0,0.0,0.0,0.0,0.0,0.0,1.0,1.0,0.0,0.0,0.0,0.0,4.0,0.0,2.0,0.0,0.0,4.0,9.0,0.0,0.0,1.0,0.0,0.0,0.0,4.0,4.0,4.0,0.0,0.0,3.0,4.0,4.0,0.0,0.0,0.0,0.0,0.0,0.0,0.0,0.0,0.0,1.0,1.0,0.0,0.0,0.0,0.0,3.0,0.0,1.0,0.0,0.0,1.0,9.0,0.0,0.0,0.0,0.0,0.0,0.0,2.0,4.0,4.0,4421891699.0,11877950.0,平凉市静宁县,平凉市静宁县仁大镇,19.0,15.2,5.0,3.9000000000000004,43.1,39.3,45.541818181818186,46.79183823529412
甘肃省,平凉市,静宁县,甘沟镇,105.5905992,35.4073433,0.0,0.0,17.0,1.0,47.0,0.0,0.0,0.0,0.0,0.0,1.0,0.0,0.0,0.0,1.0,1.0,0.0,0.0,0.0,0.0,5.0,0.0,1.0,0.0,0.0,8.0,29.0,0.0,0.0,2.0,0.0,1.0,0.0,1.0,5.0,7.0,0.0,0.0,11.0,1.0,27.0,0.0,0.0,0.0,0.0,0.0,1.0,0.0,0.0,0.0,0.0,0.0,0.0,0.0,0.0,0.0,1.0,0.0,1.0,0.0,0.0,1.0,20.0,0.0,0.0,1.0,0.0,1.0,0.0,1.0,4.0,6.0,6049216307.0,-1.0,平凉市静宁县,平凉市静宁县甘沟镇,12.0,24.5,0.0,8.7,45.2,39.3,45.541818181818186,46.79183823529412
甘肃省,平凉市,静宁县,城川镇,105.7187517,35.4689875,4.0,0.0,9.0,3.0,89.0,6.0,0.0,0.0,0.0,0.0,1.0,0.0,0.0,0.0,1.0,1.0,0.0,0.0,0.0,0.0,11.0,0.0,3.0,0.0,0.0,3.0,1.0,0.0,0.0,1.0,0.0,0.0,0.0,3.0,11.0,7.0,0.0,0.0,2.0,0.0,28.0,0.0,0.0,0.0,0.0,0.0,0.0,0.0,0.0,0.0,1.0,1.0,0.0,0.0,0.0,0.0,2.0,0.0,0.0,0.0,0.0,1.0,1.0,0.0,0.0,0.0,0.0,0.0,0.0,1.0,4.0,2.0,4511169698.0,-1.0,平凉市静宁县,平凉市静宁县城川镇,10.0,26.0,5.0,3.8,44.8,39.3,45.541818181818186,46.79183823529412
甘肃省,平凉市,静宁县,曹务镇,105.9950719,35.4826066,0.0,0.0,3.0,6.0,53.0,0.0,0.0,0.0,0.0,0.0,1.0,0.0,0.0,0.0,0.0,0.0,0.0,0.0,0.0,0.0,21.0,0.0,0.0,0.0,0.0,3.0,0.0,0.0,0.0,1.0,0.0,0.0,0.0,10.0,5.0,6.0,0.0,0.0,1.0,5.0,5.0,0.0,0.0,0.0,0.0,0.0,0.0,0.0,0.0,0.0,0.0,0.0,0.0,0.0,0.0,0.0,2.0,0.0,0.0,0.0,0.0,1.0,0.0,0.0,0.0,1.0,0.0,0.0,0.0,8.0,4.0,4.0,2109049291.0,-1.0,平凉市静宁县,平凉市静宁县曹务镇,10.0,24.5,0.0,3.2,37.7,39.3,45.541818181818186,46.79183823529412
甘肃省,平凉市,静宁县,雷大镇,105.758389,35.2821395,0.0,0.0,2.0,4.0,9.0,0.0,0.0,0.0,0.0,0.0,0.0,0.0,0.0,0.0,0.0,0.0,0.0,0.0,0.0,0.0,7.0,0.0,0.0,0.0,0.0,5.0,0.0,0.0,0.0,1.0,0.0,0.0,0.0,1.0,4.0,2.0,0.0,0.0,2.0,3.0,1.0,0.0,0.0,0.0,0.0,0.0,0.0,0.0,0.0,0.0,0.0,0.0,0.0,0.0,0.0,0.0,1.0,0.0,0.0,0.0,0.0,2.0,0.0,0.0,0.0,0.0,0.0,0.0,0.0,1.0,3.0,1.0,4423810311.0,11877948.0,平凉市静宁县,平凉市静宁县雷大镇,20.0,13.1,0.0,1.1,34.2,39.3,45.541818181818186,46.79183823529412
甘肃省,平凉市,静宁县,四河镇,105.4613181,35.4615805,0.0,0.0,3.0,8.0,42.0,0.0,0.0,0.0,0.0,0.0,0.0,0.0,0.0,0.0,2.0,2.0,0.0,0.0,0.0,0.0,15.0,0.0,0.0,0.0,0.0,6.0,17.0,0.0,0.0,2.0,0.0,0.0,0.0,1.0,4.0,6.0,0.0,0.0,3.0,5.0,9.0,0.0,0.0,0.0,0.0,0.0,0.0,0.0,0.0,0.0,1.0,1.0,0.0,0.0,0.0,0.0,2.0,0.0,0.0,0.0,0.0,2.0,17.0,0.0,0.0,0.0,0.0,0.0,0.0,1.0,3.0,3.0,6045928478.0,-1.0,平凉市静宁县,平凉市静宁县四河镇,12.0,22.0,5.0,6.6,45.6,39.3,45.541818181818186,46.79183823529412
甘肃省,平凉市,静宁县,细巷镇,105.5855243,35.4929301,0.0,0.0,2.0,8.0,7.0,0.0,0.0,0.0,0.0,0.0,0.0,0.0,0.0,0.0,0.0,0.0,0.0,0.0,0.0,0.0,5.0,1.0,0.0,0.0,0.0,3.0,0.0,0.0,0.0,0.0,0.0,0.0,0.0,1.0,4.0,4.0,0.0,0.0,2.0,2.0,7.0,0.0,0.0,0.0,0.0,0.0,0.0,0.0,0.0,0.0,0.0,0.0,0.0,0.0,0.0,0.0,3.0,1.0,0.0,0.0,0.0,1.0,0.0,0.0,0.0,0.0,0.0,0.0,0.0,1.0,4.0,3.0,4428926367.0,-1.0,平凉市静宁县,平凉市静宁县细巷镇,10.0,15.5,0.0,2.0,27.5,39.3,45.541818181818186,46.79183823529412
甘肃省,平凉市,静宁县,双岘镇,105.695382,35.3313032,0.0,0.0,0.0,4.0,2.0,0.0,0.0,0.0,0.0,0.0,0.0,0.0,0.0,0.0,0.0,0.0,0.0,0.0,0.0,0.0,1.0,1.0,0.0,0.0,0.0,2.0,0.0,0.0,0.0,0.0,0.0,0.0,0.0,1.0,3.0,2.0,0.0,0.0,0.0,4.0,2.0,0.0,0.0,0.0,0.0,0.0,0.0,0.0,0.0,0.0,0.0,0.0,0.0,0.0,0.0,0.0,1.0,1.0,0.0,0.0,0.0,1.0,0.0,0.0,0.0,0.0,0.0,0.0,0.0,1.0,3.0,2.0,4423766738.0,-1.0,平凉市静宁县,平凉市静宁县双岘镇,9.0,6.5,0.0,1.0,16.5,39.3,45.541818181818186,46.79183823529412
甘肃省,平凉市,静宁县,治平镇,105.6158651,35.2945461,0.0,0.0,2.0,6.0,3.0,0.0,0.0,0.0,0.0,0.0,0.0,0.0,0.0,0.0,0.0,0.0,0.0,0.0,0.0,0.0,9.0,0.0,2.0,0.0,0.0,7.0,0.0,0.0,0.0,1.0,0.0,0.0,0.0,2.0,4.0,4.0,0.0,0.0,1.0,5.0,0.0,0.0,0.0,0.0,0.0,0.0,0.0,0.0,0.0,0.0,0.0,0.0,0.0,0.0,0.0,0.0,2.0,0.0,2.0,0.0,0.0,1.0,0.0,0.0,0.0,0.0,0.0,0.0,0.0,2.0,2.0,4.0,4420444378.0,-1.0,平凉市静宁县,平凉市静宁县治平镇,12.0,12.6,0.0,2.1,26.700000000000003,39.3,45.541818181818186,46.79183823529412
甘肃省,平凉市,静宁县,红寺镇,105.5133793,35.5107931,0.0,0.0,1.0,6.0,25.0,1.0,0.0,0.0,0.0,0.0,0.0,0.0,0.0,0.0,3.0,3.0,0.0,0.0,0.0,0.0,11.0,0.0,0.0,0.0,0.0,2.0,6.0,0.0,0.0,3.0,0.0,0.0,0.0,1.0,5.0,4.0,0.0,0.0,1.0,6.0,4.0,0.0,0.0,0.0,0.0,0.0,0.0,0.0,0.0,0.0,1.0,1.0,0.0,0.0,0.0,0.0,2.0,0.0,0.0,0.0,0.0,1.0,0.0,0.0,0.0,1.0,0.0,0.0,0.0,1.0,4.0,1.0,4428926565.0,-1.0,平凉市静宁县,平凉市静宁县红寺镇,9.0,18.7,5.0,3.0,35.7,39.3,45.541818181818186,46.79183823529412
甘肃省,平凉市,静宁县,原安镇,105.6358343,35.7007841,0.0,0.0,2.0,10.0,31.0,1.0,0.0,0.0,0.0,0.0,0.0,0.0,0.0,0.0,0.0,0.0,0.0,0.0,0.0,0.0,4.0,0.0,0.0,0.0,0.0,5.0,0.0,0.0,0.0,2.0,0.0,0.0,1.0,1.0,6.0,4.0,0.0,0.0,0.0,5.0,10.0,1.0,0.0,0.0,0.0,0.0,0.0,0.0,0.0,0.0,0.0,0.0,0.0,0.0,0.0,0.0,0.0,0.0,0.0,0.0,0.0,1.0,0.0,0.0,0.0,1.0,0.0,0.0,0.0,1.0,4.0,0.0,6045807702.0,-1.0,平凉市静宁县,平凉市静宁县原安镇,12.0,22.2,0.0,2.3,36.5,39.3,45.541818181818186,46.79183823529412
甘肃省,平凉市,静宁县,司桥乡,105.7918772,35.5027684,0.0,0.0,0.0,2.0,52.0,6.0,0.0,0.0,0.0,0.0,0.0,0.0,0.0,0.0,2.0,2.0,0.0,0.0,0.0,0.0,4.0,0.0,0.0,0.0,0.0,3.0,2.0,0.0,0.0,0.0,0.0,0.0,0.0,3.0,5.0,7.0,0.0,0.0,0.0,1.0,11.0,1.0,0.0,0.0,0.0,0.0,0.0,0.0,0.0,0.0,0.0,0.0,0.0,0.0,0.0,0.0,2.0,0.0,0.0,0.0,0.0,1.0,2.0,0.0,0.0,0.0,0.0,0.0,0.0,1.0,4.0,3.0,6045807700.0,-1.0,平凉市静宁县,平凉市静宁县司桥乡,10.0,18.2,0.0,3.9,32.1,39.3,45.541818181818186,46.79183823529412
甘肃省,平凉市,静宁县,余湾乡,105.7734973,35.2052957,0.0,0.0,2.0,0.0,19.0,0.0,0.0,0.0,0.0,0.0,0.0,0.0,0.0,0.0,0.0,0.0,0.0,0.0,0.0,0.0,1.0,0.0,0.0,0.0,0.0,8.0,0.0,0.0,0.0,0.0,0.0,0.0,0.0,3.0,3.0,4.0,0.0,0.0,2.0,0.0,7.0,0.0,0.0,0.0,0.0,0.0,0.0,0.0,0.0,0.0,0.0,0.0,0.0,0.0,0.0,0.0,0.0,0.0,0.0,0.0,0.0,2.0,0.0,0.0,0.0,0.0,0.0,0.0,0.0,1.0,3.0,2.0,4927003015.0,11877949.0,平凉市静宁县,平凉市静宁县余湾乡,20.0,12.4,0.0,2.0,34.4,39.3,45.541818181818186,46.79183823529412
甘肃省,平凉市,静宁县,贾河乡,105.7054512,35.1318921,0.0,0.0,0.0,7.0,6.0,0.0,0.0,0.0,0.0,0.0,0.0,0.0,0.0,0.0,2.0,2.0,0.0,0.0,0.0,0.0,1.0,0.0,0.0,0.0,0.0,7.0,0.0,0.0,0.0,2.0,0.0,0.0,0.0,2.0,3.0,3.0,0.0,0.0,0.0,3.0,0.0,0.0,0.0,0.0,0.0,0.0,0.0,0.0,0.0,0.0,1.0,1.0,0.0,0.0,0.0,0.0,0.0,0.0,0.0,0.0,0.0,1.0,0.0,0.0,0.0,1.0,0.0,0.0,0.0,2.0,1.0,1.0,4927003063.0,-1.0,平凉市静宁县,平凉市静宁县贾河乡,12.0,7.7,5.0,1.8,26.5,39.3,45.541818181818186,46.79183823529412
甘肃省,平凉市,静宁县,深沟乡,105.5892472,35.2662357,0.0,0.0,3.0,5.0,3.0,0.0,0.0,0.0,0.0,0.0,0.0,0.0,0.0,0.0,0.0,0.0,0.0,0.0,0.0,0.0,5.0,0.0,0.0,0.0,0.0,4.0,0.0,0.0,0.0,1.0,0.0,0.0,0.0,1.0,4.0,1.0,0.0,0.0,3.0,2.0,0.0,0.0,0.0,0.0,0.0,0.0,0.0,0.0,0.0,0.0,0.0,0.0,0.0,0.0,0.0,0.0,0.0,0.0,0.0,0.0,0.0,2.0,0.0,0.0,0.0,0.0,0.0,0.0,0.0,1.0,2.0,0.0,6045807699.0,-1.0,平凉市静宁县,平凉市静宁县深沟乡,11.0,12.6,0.0,0.6,24.200000000000003,39.3,45.541818181818186,46.79183823529412
甘肃省,平凉市,静宁县,新店乡,105.5196881,35.3528533,0.0,0.0,3.0,3.0,11.0,0.0,0.0,0.0,0.0,0.0,0.0,0.0,0.0,0.0,1.0,1.0,0.0,0.0,0.0,0.0,6.0,0.0,1.0,0.0,0.0,2.0,1.0,0.0,0.0,2.0,0.0,0.0,0.0,6.0,5.0,5.0,0.0,0.0,3.0,0.0,7.0,0.0,0.0,0.0,0.0,0.0,0.0,0.0,0.0,0.0,0.0,0.0,0.0,0.0,0.0,0.0,1.0,0.0,0.0,0.0,0.0,1.0,1.0,0.0,0.0,0.0,0.0,0.0,0.0,6.0,4.0,3.0,6045807701.0,-1.0,平凉市静宁县,平凉市静宁县新店乡,9.0,14.8,0.0,2.9,26.7,39.3,45.541818181818186,46.79183823529412
甘肃省,平凉市,静宁县,三合乡,105.508031,35.674075,0.0,0.0,2.0,4.0,24.0,0.0,0.0,1.0,0.0,0.0,0.0,0.0,0.0,0.0,2.0,2.0,0.0,0.0,0.0,0.0,2.0,0.0,0.0,0.0,0.0,1.0,5.0,0.0,0.0,4.0,0.0,0.0,0.0,2.0,7.0,5.0,0.0,0.0,1.0,2.0,5.0,0.0,0.0,0.0,0.0,0.0,0.0,0.0,0.0,0.0,0.0,0.0,0.0,0.0,0.0,0.0,2.0,0.0,0.0,0.0,0.0,1.0,0.0,0.0,0.0,1.0,0.0,0.0,0.0,1.0,4.0,2.0,6045928477.0,-1.0,平凉市静宁县,平凉市静宁县三合乡,8.0,18.8,0.0,3.5,30.3,39.3,45.541818181818186,46.79183823529412
甘肃省,平凉市,静宁县,灵芝乡,105.6729807,35.6122777,0.0,0.0,3.0,1.0,41.0,0.0,0.0,2.0,0.0,0.0,0.0,0.0,0.0,0.0,0.0,0.0,0.0,0.0,0.0,0.0,2.0,0.0,0.0,0.0,0.0,2.0,0.0,0.0,0.0,4.0,0.0,0.0,1.0,2.0,8.0,3.0,0.0,0.0,0.0,1.0,14.0,0.0,0.0,0.0,0.0,0.0,0.0,0.0,0.0,0.0,0.0,0.0,0.0,0.0,0.0,0.0,1.0,0.0,0.0,0.0,0.0,1.0,0.0,0.0,0.0,0.0,0.0,0.0,0.0,1.0,3.0,1.0,6045928476.0,-1.0,平凉市静宁县,平凉市静宁县灵芝乡,9.0,22.400000000000002,0.0,1.9,33.300000000000004,39.3,45.541818181818186,46.79183823529412
甘肃省,平凉市,华亭市,东华街道,106.6505418,35.2185662,10.0,0.0,13.0,22.0,151.0,61.0,0.0,27.0,12.0,0.0,4.0,1.0,1.0,1.0,5.0,5.0,0.0,0.0,0.0,0.0,19.0,0.0,13.0,0.0,0.0,9.0,698.0,0.0,0.0,7.0,0.0,32.0,1.0,3.0,14.0,10.0,9.0,0.0,3.0,12.0,75.0,17.0,0.0,15.0,9.0,0.0,0.0,0.0,1.0,1.0,3.0,3.0,0.0,0.0,0.0,0.0,5.0,0.0,3.0,0.0,0.0,3.0,352.0,0.0,0.0,0.0,0.0,18.0,0.0,2.0,11.0,6.0,8110068507.0,11879746.0,平凉市华亭市,平凉市华亭市东华街道,20.0,28.0,15.0,20.0,83.0,51.11818181818182,45.541818181818186,46.79183823529412
甘肃省,平凉市,华亭市,东华镇,106.6344701,35.2088627,10.0,0.0,13.0,39.0,196.0,79.0,0.0,29.0,11.0,0.0,3.0,1.0,2.0,2.0,8.0,8.0,1.0,0.0,0.0,0.0,25.0,0.0,11.0,0.0,0.0,7.0,848.0,0.0,0.0,11.0,0.0,58.0,1.0,3.0,14.0,10.0,1.0,0.0,6.0,10.0,41.0,12.0,0.0,21.0,1.0,0.0,3.0,1.0,0.0,0.0,2.0,2.0,0.0,0.0,0.0,0.0,5.0,0.0,4.0,0.0,0.0,1.0,224.0,0.0,0.0,3.0,0.0,15.0,1.0,2.0,11.0,7.0,8110096780.0,-1.0,平凉市华亭市,平凉市华亭市东华镇,12.0,28.0,10.0,20.0,70.0,51.11818181818182,45.541818181818186,46.79183823529412
甘肃省,平凉市,华亭市,安口镇,106.792778,35.221944,7.0,3.0,0.0,8.0,16.0,2.0,0.0,0.0,11.0,0.0,3.0,0.0,0.0,0.0,2.0,2.0,0.0,0.0,0.0,0.0,6.0,0.0,7.0,0.0,0.0,6.0,27.0,0.0,0.0,1.0,0.0,0.0,0.0,4.0,7.0,6.0,0.0,2.0,0.0,7.0,11.0,1.0,0.0,0.0,2.0,0.0,1.0,0.0,0.0,0.0,1.0,1.0,0.0,0.0,0.0,0.0,1.0,0.0,2.0,0.0,0.0,1.0,6.0,0.0,0.0,0.0,0.0,0.0,0.0,3.0,6.0,4.0,2369200343.0,-1.0,平凉市华亭市,平凉市华亭市安口镇,12.0,24.0,5.0,6.4,47.4,51.11818181818182,45.541818181818186,46.79183823529412
甘肃省,平凉市,华亭市,西华镇,106.5743656,35.1960341,8.0,0.0,7.0,32.0,97.0,14.0,0.0,14.0,10.0,2.0,2.0,0.0,1.0,1.0,4.0,4.0,0.0,0.0,0.0,0.0,25.0,0.0,2.0,0.0,0.0,3.0,171.0,0.0,0.0,3.0,0.0,37.0,0.0,4.0,12.0,9.0,4.0,0.0,2.0,11.0,19.0,1.0,0.0,0.0,7.0,0.0,1.0,0.0,0.0,0.0,1.0,1.0,0.0,0.0,0.0,0.0,3.0,0.0,2.0,0.0,0.0,1.0,27.0,0.0,0.0,2.0,0.0,0.0,0.0,2.0,8.0,7.0,6044013618.0,-1.0,平凉市华亭市,平凉市华亭市西华镇,10.0,30.0,5.0,20.0,65.0,51.11818181818182,45.541818181818186,46.79183823529412
甘肃省,平凉市,华亭市,马峡镇,106.5267956,35.2394767,22.0,1.0,4.0,9.0,28.0,2.0,0.0,0.0,9.0,0.0,1.0,1.0,0.0,0.0,1.0,1.0,0.0,0.0,0.0,0.0,23.0,0.0,1.0,0.0,0.0,4.0,1.0,0.0,0.0,3.0,0.0,1.0,0.0,3.0,14.0,7.0,7.0,0.0,4.0,5.0,11.0,0.0,0.0,0.0,1.0,0.0,1.0,1.0,0.0,0.0,0.0,0.0,0.0,0.0,0.0,0.0,4.0,0.0,0.0,0.0,0.0,1.0,1.0,0.0,0.0,0.0,0.0,1.0,0.0,3.0,8.0,5.0,5165033665.0,-1.0,平凉市华亭市,平凉市华亭市马峡镇,11.0,26.9,5.0,4.0,46.9,51.11818181818182,45.541818181818186,46.79183823529412
甘肃省,平凉市,华亭市,策底镇,106.603154,35.3100537,24.0,0.0,9.0,4.0,31.0,5.0,0.0,0.0,0.0,0.0,1.0,0.0,0.0,0.0,2.0,2.0,0.0,0.0,0.0,0.0,8.0,0.0,6.0,0.0,0.0,6.0,2.0,0.0,0.0,2.0,0.0,0.0,0.0,2.0,8.0,7.0,0.0,0.0,7.0,4.0,15.0,3.0,0.0,0.0,0.0,0.0,1.0,0.0,0.0,0.0,2.0,2.0,0.0,0.0,0.0,0.0,3.0,0.0,1.0,0.0,0.0,1.0,1.0,0.0,0.0,0.0,0.0,0.0,0.0,2.0,6.0,5.0,4665666559.0,-1.0,平凉市华亭市,平凉市华亭市策底镇,12.0,25.7,5.0,4.0,46.7,51.11818181818182,45.541818181818186,46.79183823529412
甘肃省,平凉市,华亭市,上关镇,106.6366008,35.0933778,0.0,0.0,3.0,3.0,34.0,0.0,0.0,0.0,0.0,0.0,0.0,0.0,0.0,0.0,0.0,0.0,0.0,0.0,0.0,0.0,20.0,0.0,0.0,0.0,0.0,8.0,1.0,0.0,0.0,0.0,0.0,0.0,0.0,10.0,5.0,6.0,0.0,0.0,2.0,1.0,13.0,0.0,0.0,0.0,0.0,0.0,0.0,0.0,0.0,0.0,0.0,0.0,0.0,0.0,0.0,0.0,3.0,0.0,0.0,0.0,0.0,1.0,0.0,0.0,0.0,0.0,0.0,0.0,0.0,1.0,4.0,3.0,4664907666.0,-1.0,平凉市华亭市,平凉市华亭市上关镇,12.0,21.200000000000003,0.0,3.1,36.300000000000004,51.11818181818182,45.541818181818186,46.79183823529412
甘肃省,平凉市,华亭市,河西镇,106.548482,35.3334002,0.0,0.0,3.0,4.0,30.0,0.0,0.0,0.0,0.0,0.0,0.0,0.0,0.0,0.0,1.0,1.0,0.0,0.0,0.0,0.0,4.0,0.0,0.0,0.0,0.0,6.0,1.0,0.0,0.0,0.0,0.0,0.0,0.0,2.0,5.0,5.0,0.0,0.0,2.0,0.0,20.0,0.0,0.0,0.0,0.0,0.0,0.0,0.0,0.0,0.0,1.0,1.0,0.0,0.0,0.0,0.0,1.0,0.0,0.0,0.0,0.0,2.0,0.0,0.0,0.0,0.0,0.0,0.0,0.0,2.0,4.0,4.0,4665994926.0,-1.0,平凉市华亭市,平凉市华亭市河西镇,12.0,22.5,5.0,2.6,42.1,51.11818181818182,45.541818181818186,46.79183823529412
甘肃省,平凉市,华亭市,神峪乡,106.8055951,35.132799,5.0,0.0,11.0,2.0,30.0,2.0,0.0,0.0,4.0,0.0,3.0,0.0,0.0,0.0,0.0,0.0,1.0,0.0,0.0,0.0,7.0,0.0,1.0,0.0,0.0,8.0,21.0,0.0,0.0,4.0,0.0,0.0,0.0,5.0,9.0,6.0,3.0,0.0,4.0,2.0,10.0,0.0,0.0,0.0,0.0,0.0,1.0,0.0,0.0,0.0,0.0,0.0,1.0,0.0,0.0,0.0,3.0,0.0,1.0,0.0,0.0,1.0,6.0,0.0,0.0,2.0,0.0,0.0,0.0,2.0,7.0,6.0,4871481104.0,-1.0,平凉市华亭市,平凉市华亭市神峪乡,12.0,24.0,5.0,6.300000000000001,47.3,51.11818181818182,45.541818181818186,46.79183823529412
甘肃省,平凉市,华亭市,山寨乡,106.4735269,35.2888441,8.0,0.0,2.0,2.0,45.0,0.0,0.0,0.0,0.0,0.0,0.0,0.0,0.0,0.0,1.0,1.0,0.0,0.0,0.0,0.0,19.0,0.0,0.0,0.0,0.0,4.0,2.0,0.0,0.0,4.0,0.0,0.0,0.0,10.0,9.0,7.0,4.0,0.0,2.0,2.0,22.0,0.0,0.0,0.0,0.0,0.0,0.0,0.0,0.0,0.0,0.0,0.0,0.0,0.0,0.0,0.0,5.0,0.0,0.0,0.0,0.0,2.0,0.0,0.0,0.0,0.0,0.0,0.0,0.0,2.0,9.0,6.0,5165033661.0,-1.0,平凉市华亭市,平凉市华亭市山寨乡,11.0,24.0,0.0,4.1,39.1,51.11818181818182,45.541818181818186,46.79183823529412
甘肃省,平凉市,华亭市,砚峡乡,106.6676234,35.2507159,0.0,0.0,1.0,7.0,36.0,4.0,0.0,0.0,0.0,0.0,0.0,0.0,0.0,0.0,1.0,1.0,0.0,0.0,0.0,0.0,3.0,0.0,7.0,0.0,0.0,2.0,23.0,0.0,0.0,4.0,0.0,1.0,0.0,2.0,6.0,9.0,0.0,0.0,0.0,3.0,6.0,3.0,0.0,0.0,0.0,0.0,0.0,0.0,0.0,0.0,0.0,0.0,0.0,0.0,0.0,0.0,2.0,0.0,4.0,0.0,0.0,1.0,6.0,0.0,0.0,2.0,0.0,0.0,0.0,1.0,5.0,3.0,6044013619.0,-1.0,平凉市华亭市,平凉市华亭市砚峡乡,9.0,22.0,0.0,7.5,38.5,51.11818181818182,45.541818181818186,46.79183823529412
甘肃省,酒泉市,肃州区,东北街街道,98.5162466,39.7473169,11.0,20.0,37.0,48.0,106.0,1.0,0.0,9.0,8.0,1.0,7.0,0.0,3.0,3.0,3.0,3.0,1.0,1.0,0.0,4.0,13.0,0.0,0.0,1.0,1.0,7.0,26.0,0.0,0.0,0.0,1.0,33.0,7.0,11.0,16.0,11.0,0.0,2.0,1.0,15.0,36.0,0.0,0.0,6.0,2.0,0.0,1.0,0.0,1.0,1.0,1.0,1.0,0.0,0.0,0.0,1.0,1.0,0.0,0.0,0.0,1.0,4.0,12.0,0.0,0.0,0.0,0.0,8.0,2.0,6.0,9.0,4.0,5969969915.0,8793664.0,酒泉市肃州区,酒泉市肃州区东北街街道,20.0,30.0,11.0,7.800000000000001,68.8,42.34090909090909,38.48684210526316,46.79183823529412
甘肃省,酒泉市,肃州区,东南街街道,98.5204345,39.7425573,11.0,19.0,32.0,47.0,107.0,2.0,0.0,9.0,8.0,0.0,8.0,0.0,3.0,3.0,4.0,4.0,1.0,1.0,0.0,4.0,11.0,0.0,0.0,1.0,1.0,7.0,28.0,0.0,0.0,0.0,1.0,33.0,7.0,11.0,16.0,10.0,0.0,1.0,7.0,15.0,36.0,0.0,0.0,4.0,0.0,0.0,3.0,0.0,1.0,1.0,1.0,1.0,0.0,0.0,0.0,1.0,1.0,0.0,0.0,0.0,1.0,2.0,14.0,0.0,0.0,0.0,0.0,9.0,3.0,5.0,7.0,5.0,5969985035.0,8793681.0,酒泉市肃州区,酒泉市肃州区东南街街道,20.0,28.0,11.0,8.2,67.2,42.34090909090909,38.48684210526316,46.79183823529412
甘肃省,酒泉市,肃州区,工业园街道,98.4932685,39.6968685,1.0,14.0,4.0,13.0,55.0,3.0,0.0,1.0,2.0,0.0,2.0,0.0,0.0,0.0,3.0,3.0,0.0,0.0,0.0,0.0,3.0,0.0,5.0,1.0,0.0,3.0,2.0,0.0,0.0,1.0,0.0,4.0,0.0,6.0,15.0,9.0,0.0,3.0,0.0,2.0,17.0,0.0,0.0,1.0,0.0,0.0,0.0,0.0,0.0,0.0,0.0,0.0,0.0,0.0,0.0,0.0,1.0,0.0,2.0,0.0,0.0,1.0,0.0,0.0,0.0,0.0,0.0,0.0,0.0,3.0,10.0,5.0,8091538696.0,11848394.0,酒泉市肃州区,酒泉市肃州区工业园街道,18.0,28.0,0.0,4.3,50.3,42.34090909090909,38.48684210526316,46.79183823529412
甘肃省,酒泉市,肃州区,新城街道,98.4894569,39.7353383,16.0,22.0,41.0,51.0,104.0,5.0,0.0,9.0,8.0,1.0,9.0,0.0,3.0,3.0,7.0,7.0,1.0,1.0,0.0,5.0,6.0,0.0,1.0,2.0,1.0,9.0,38.0,0.0,0.0,1.0,1.0,34.0,6.0,12.0,17.0,12.0,5.0,11.0,5.0,11.0,14.0,1.0,0.0,3.0,0.0,1.0,1.0,0.0,0.0,0.0,2.0,2.0,0.0,0.0,0.0,0.0,0.0,0.0,0.0,1.0,0.0,2.0,6.0,0.0,0.0,0.0,0.0,6.0,0.0,5.0,12.0,5.0,5970004080.0,8795473.0,酒泉市肃州区,酒泉市肃州区新城街道,20.0,30.0,5.0,8.5,63.5,42.34090909090909,38.48684210526316,46.79183823529412
甘肃省,酒泉市,肃州区,西北街街道,98.506344,39.7442313,16.0,20.0,41.0,52.0,113.0,3.0,0.0,9.0,8.0,1.0,10.0,0.0,3.0,3.0,7.0,7.0,1.0,1.0,0.0,4.0,13.0,0.0,0.0,2.0,1.0,8.0,34.0,0.0,0.0,0.0,1.0,36.0,7.0,10.0,17.0,11.0,0.0,7.0,12.0,14.0,40.0,0.0,0.0,6.0,4.0,0.0,0.0,0.0,2.0,2.0,1.0,1.0,0.0,0.0,0.0,3.0,1.0,0.0,0.0,0.0,1.0,4.0,13.0,0.0,0.0,0.0,1.0,8.0,4.0,8.0,10.0,4.0,5971155059.0,8795472.0,酒泉市肃州区,酒泉市肃州区西北街街道,20.0,30.0,13.0,8.7,71.7,42.34090909090909,38.48684210526316,46.79183823529412
甘肃省,酒泉市,肃州区,西南街街道,98.506516,39.739645,16.0,20.0,42.0,53.0,107.0,4.0,0.0,9.0,8.0,1.0,11.0,0.0,3.0,3.0,7.0,7.0,1.0,1.0,0.0,4.0,9.0,0.0,0.0,2.0,1.0,8.0,34.0,0.0,0.0,0.0,1.0,37.0,7.0,10.0,16.0,11.0,0.0,6.0,13.0,11.0,47.0,0.0,0.0,5.0,6.0,0.0,2.0,0.0,1.0,1.0,2.0,2.0,0.0,0.0,0.0,3.0,1.0,0.0,0.0,0.0,1.0,3.0,19.0,0.0,0.0,0.0,1.0,4.0,4.0,8.0,11.0,5.0,5971144109.0,8795443.0,酒泉市肃州区,酒泉市肃州区西南街街道,20.0,30.0,13.0,9.3,72.3,42.34090909090909,38.48684210526316,46.79183823529412
甘肃省,酒泉市,肃州区,玉门油田生活基地街道,98.4860453,39.7228212,10.0,24.0,26.0,39.0,82.0,5.0,0.0,6.0,6.0,1.0,9.0,0.0,2.0,2.0,7.0,7.0,1.0,1.0,0.0,5.0,4.0,0.0,3.0,2.0,0.0,7.0,23.0,0.0,0.0,0.0,1.0,21.0,5.0,12.0,19.0,12.0,4.0,0.0,4.0,12.0,7.0,1.0,0.0,0.0,0.0,0.0,1.0,0.0,0.0,0.0,2.0,2.0,0.0,0.0,0.0,1.0,1.0,0.0,0.0,1.0,0.0,1.0,9.0,0.0,0.0,0.0,0.0,3.0,1.0,3.0,6.0,6.0,6176044819.0,11848395.0,酒泉市肃州区,酒泉市肃州区玉门油田生活基地街道,20.0,30.0,6.0,7.2,63.2,42.34090909090909,38.48684210526316,46.79183823529412
甘肃省,酒泉市,肃州区,西洞镇,98.4514437,39.647926,0.0,3.0,1.0,6.0,16.0,4.0,0.0,3.0,1.0,1.0,1.0,0.0,0.0,0.0,0.0,0.0,0.0,0.0,0.0,0.0,1.0,0.0,0.0,0.0,0.0,1.0,1.0,0.0,0.0,2.0,0.0,1.0,0.0,6.0,9.0,6.0,0.0,3.0,1.0,0.0,12.0,4.0,0.0,3.0,1.0,1.0,1.0,0.0,0.0,0.0,0.0,0.0,0.0,0.0,0.0,0.0,1.0,0.0,0.0,0.0,0.0,1.0,1.0,0.0,0.0,0.0,0.0,1.0,0.0,4.0,8.0,3.0,2115334366.0,-1.0,酒泉市肃州区,酒泉市肃州区西洞镇,8.0,26.8,0.0,3.4,38.199999999999996,42.34090909090909,38.48684210526316,46.79183823529412
甘肃省,酒泉市,肃州区,清水镇,99.0533728,39.359918,2.0,1.0,0.0,8.0,35.0,0.0,0.0,0.0,1.0,0.0,0.0,0.0,0.0,0.0,0.0,0.0,0.0,0.0,0.0,1.0,5.0,0.0,0.0,0.0,0.0,1.0,1.0,0.0,0.0,3.0,0.0,0.0,1.0,9.0,10.0,5.0,2.0,1.0,0.0,1.0,20.0,0.0,0.0,0.0,0.0,0.0,0.0,0.0,0.0,0.0,0.0,0.0,0.0,0.0,0.0,1.0,3.0,0.0,0.0,0.0,0.0,1.0,0.0,0.0,0.0,2.0,0.0,0.0,1.0,4.0,6.0,5.0,4131049913.0,-1.0,酒泉市肃州区,酒泉市肃州区清水镇,8.0,26.0,1.0,3.1,38.1,42.34090909090909,38.48684210526316,46.79183823529412
甘肃省,酒泉市,肃州区,总寨镇,98.6633306,39.6485434,1.0,0.0,0.0,2.0,18.0,0.0,0.0,0.0,0.0,0.0,0.0,0.0,0.0,0.0,0.0,0.0,0.0,0.0,0.0,0.0,2.0,0.0,0.0,0.0,0.0,1.0,0.0,0.0,0.0,0.0,0.0,0.0,0.0,6.0,5.0,1.0,1.0,0.0,0.0,2.0,10.0,0.0,0.0,0.0,0.0,0.0,0.0,0.0,0.0,0.0,0.0,0.0,0.0,0.0,0.0,0.0,2.0,0.0,0.0,0.0,0.0,1.0,0.0,0.0,0.0,0.0,0.0,0.0,0.0,3.0,3.0,1.0,2403514659.0,-1.0,酒泉市肃州区,酒泉市肃州区总寨镇,8.0,16.1,0.0,0.5,24.6,42.34090909090909,38.48684210526316,46.79183823529412
甘肃省,酒泉市,肃州区,金佛寺镇,98.7722175,39.4197408,0.0,2.0,0.0,2.0,19.0,0.0,0.0,0.0,0.0,0.0,0.0,0.0,0.0,0.0,0.0,0.0,0.0,0.0,0.0,0.0,1.0,0.0,1.0,0.0,0.0,1.0,0.0,0.0,0.0,0.0,0.0,0.0,0.0,1.0,4.0,2.0,0.0,2.0,0.0,1.0,8.0,0.0,0.0,0.0,0.0,0.0,0.0,0.0,0.0,0.0,0.0,0.0,0.0,0.0,0.0,0.0,1.0,0.0,0.0,0.0,0.0,1.0,0.0,0.0,0.0,0.0,0.0,0.0,0.0,1.0,4.0,1.0,5968765913.0,-1.0,酒泉市肃州区,酒泉市肃州区金佛寺镇,8.0,15.2,0.0,1.0,24.2,42.34090909090909,38.48684210526316,46.79183823529412
甘肃省,酒泉市,肃州区,上坝镇,98.7040256,39.6077557,5.0,0.0,0.0,5.0,47.0,1.0,0.0,0.0,0.0,0.0,0.0,0.0,0.0,0.0,0.0,0.0,0.0,0.0,0.0,0.0,2.0,0.0,0.0,0.0,0.0,1.0,24.0,0.0,0.0,0.0,0.0,0.0,0.0,6.0,8.0,2.0,1.0,0.0,0.0,2.0,7.0,0.0,0.0,0.0,0.0,0.0,0.0,0.0,0.0,0.0,0.0,0.0,0.0,0.0,0.0,0.0,2.0,0.0,0.0,0.0,0.0,1.0,12.0,0.0,0.0,0.0,0.0,0.0,0.0,4.0,4.0,1.0,5968860714.0,-1.0,酒泉市肃州区,酒泉市肃州区上坝镇,8.0,24.0,0.0,4.6,36.6,42.34090909090909,38.48684210526316,46.79183823529412
甘肃省,酒泉市,肃州区,三墩镇,98.7242655,39.7831695,0.0,2.0,0.0,8.0,11.0,2.0,0.0,0.0,0.0,0.0,1.0,0.0,0.0,0.0,0.0,0.0,0.0,0.0,0.0,0.0,8.0,0.0,0.0,0.0,0.0,4.0,0.0,0.0,0.0,2.0,0.0,0.0,0.0,1.0,5.0,3.0,0.0,2.0,0.0,3.0,5.0,2.0,0.0,0.0,0.0,0.0,1.0,0.0,0.0,0.0,0.0,0.0,0.0,0.0,0.0,0.0,3.0,0.0,0.0,0.0,0.0,1.0,0.0,0.0,0.0,2.0,0.0,0.0,0.0,1.0,5.0,1.0,5968883060.0,-1.0,酒泉市肃州区,酒泉市肃州区三墩镇,11.0,18.2,0.0,1.9,31.099999999999998,42.34090909090909,38.48684210526316,46.79183823529412
甘肃省,酒泉市,肃州区,银达镇,98.5631321,39.7997243,1.0,0.0,2.0,11.0,39.0,0.0,0.0,0.0,0.0,0.0,1.0,0.0,0.0,0.0,0.0,0.0,0.0,0.0,0.0,0.0,15.0,0.0,0.0,0.0,0.0,1.0,26.0,0.0,0.0,1.0,0.0,0.0,0.0,3.0,7.0,4.0,1.0,0.0,0.0,6.0,5.0,0.0,0.0,0.0,0.0,0.0,1.0,0.0,0.0,0.0,0.0,0.0,0.0,0.0,0.0,0.0,4.0,0.0,0.0,0.0,0.0,1.0,0.0,0.0,0.0,0.0,0.0,0.0,0.0,2.0,4.0,3.0,5968909129.0,-1.0,酒泉市肃州区,酒泉市肃州区银达镇,8.0,24.8,0.0,4.7,37.5,42.34090909090909,38.48684210526316,46.79183823529412
甘肃省,酒泉市,肃州区,西峰镇,98.4687603,39.7264355,10.0,16.0,16.0,28.0,55.0,4.0,0.0,3.0,0.0,1.0,5.0,0.0,1.0,1.0,5.0,5.0,1.0,0.0,0.0,1.0,2.0,0.0,1.0,1.0,0.0,4.0,20.0,0.0,0.0,0.0,0.0,17.0,1.0,9.0,20.0,11.0,0.0,0.0,5.0,4.0,7.0,0.0,0.0,0.0,0.0,0.0,0.0,0.0,0.0,0.0,0.0,0.0,0.0,0.0,0.0,1.0,1.0,0.0,0.0,0.0,0.0,1.0,5.0,0.0,0.0,0.0,0.0,1.0,1.0,2.0,6.0,3.0,5969222526.0,-1.0,酒泉市肃州区,酒泉市肃州区西峰镇,11.0,28.0,1.0,6.5,46.5,42.34090909090909,38.48684210526316,46.79183823529412
甘肃省,酒泉市,肃州区,泉湖镇,98.5643654,39.7482243,3.0,3.0,1.0,4.0,32.0,0.0,0.0,0.0,0.0,0.0,0.0,0.0,0.0,0.0,0.0,0.0,0.0,0.0,0.0,0.0,7.0,0.0,1.0,0.0,0.0,1.0,8.0,0.0,0.0,3.0,0.0,2.0,2.0,5.0,13.0,7.0,0.0,0.0,0.0,1.0,14.0,0.0,0.0,0.0,0.0,0.0,0.0,0.0,0.0,0.0,0.0,0.0,0.0,0.0,0.0,0.0,1.0,0.0,0.0,0.0,0.0,1.0,0.0,0.0,0.0,0.0,0.0,0.0,0.0,1.0,5.0,1.0,5968923010.0,-1.0,酒泉市肃州区,酒泉市肃州区泉湖镇,8.0,23.6,0.0,4.6,36.2,42.34090909090909,38.48684210526316,46.79183823529412
甘肃省,酒泉市,肃州区,果园镇,98.4803153,39.7800009,5.0,0.0,14.0,3.0,48.0,0.0,0.0,0.0,2.0,0.0,0.0,0.0,0.0,0.0,0.0,0.0,0.0,0.0,0.0,0.0,30.0,0.0,2.0,0.0,0.0,1.0,0.0,0.0,0.0,1.0,0.0,1.0,0.0,4.0,9.0,8.0,0.0,0.0,1.0,0.0,7.0,0.0,0.0,0.0,0.0,0.0,0.0,0.0,0.0,0.0,0.0,0.0,0.0,0.0,0.0,0.0,4.0,0.0,2.0,0.0,0.0,1.0,0.0,0.0,0.0,0.0,0.0,0.0,0.0,1.0,2.0,2.0,5969199470.0,-1.0,酒泉市肃州区,酒泉市肃州区果园镇,8.0,25.700000000000003,0.0,4.1,37.800000000000004,42.34090909090909,38.48684210526316,46.79183823529412
甘肃省,酒泉市,肃州区,下河清镇,98.9730186,39.5537005,0.0,0.0,1.0,5.0,11.0,0.0,0.0,0.0,0.0,0.0,0.0,0.0,0.0,0.0,0.0,0.0,0.0,0.0,0.0,0.0,10.0,0.0,0.0,0.0,0.0,2.0,0.0,0.0,0.0,3.0,0.0,0.0,0.0,1.0,3.0,1.0,0.0,0.0,1.0,2.0,0.0,0.0,0.0,0.0,0.0,0.0,0.0,0.0,0.0,0.0,0.0,0.0,0.0,0.0,0.0,0.0,1.0,0.0,0.0,0.0,0.0,1.0,0.0,0.0,0.0,0.0,0.0,0.0,0.0,1.0,2.0,1.0,2393599511.0,-1.0,酒泉市肃州区,酒泉市肃州区下河清镇,9.0,13.7,0.0,0.8,23.5,42.34090909090909,38.48684210526316,46.79183823529412
甘肃省,酒泉市,肃州区,铧尖镇,98.6503784,39.7105242,0.0,0.0,2.0,2.0,12.0,0.0,0.0,0.0,0.0,0.0,0.0,0.0,0.0,0.0,0.0,0.0,0.0,0.0,0.0,0.0,1.0,0.0,0.0,0.0,0.0,1.0,1.0,0.0,0.0,0.0,0.0,0.0,0.0,2.0,5.0,4.0,0.0,0.0,1.0,0.0,9.0,0.0,0.0,0.0,0.0,0.0,0.0,0.0,0.0,0.0,0.0,0.0,0.0,0.0,0.0,0.0,1.0,0.0,0.0,0.0,0.0,1.0,1.0,0.0,0.0,0.0,0.0,0.0,0.0,1.0,4.0,4.0,5969250265.0,-1.0,酒泉市肃州区,酒泉市肃州区铧尖镇,8.0,14.6,0.0,2.2,24.8,42.34090909090909,38.48684210526316,46.79183823529412
甘肃省,酒泉市,肃州区,东洞镇,98.6254442,39.5436944,0.0,2.0,0.0,10.0,15.0,3.0,0.0,0.0,0.0,0.0,0.0,0.0,0.0,0.0,0.0,0.0,0.0,0.0,0.0,0.0,1.0,0.0,0.0,0.0,0.0,1.0,0.0,0.0,0.0,1.0,0.0,0.0,0.0,3.0,4.0,1.0,0.0,2.0,0.0,5.0,4.0,0.0,0.0,0.0,0.0,0.0,0.0,0.0,0.0,0.0,0.0,0.0,0.0,0.0,0.0,0.0,1.0,0.0,0.0,0.0,0.0,1.0,0.0,0.0,0.0,0.0,0.0,0.0,0.0,2.0,3.0,1.0,2115334361.0,-1.0,酒泉市肃州区,酒泉市肃州区东洞镇,8.0,16.2,0.0,0.6,24.8,42.34090909090909,38.48684210526316,46.79183823529412
甘肃省,酒泉市,肃州区,丰乐镇,98.8897595,39.3830333,0.0,1.0,0.0,3.0,15.0,0.0,0.0,0.0,0.0,0.0,0.0,0.0,0.0,0.0,0.0,0.0,0.0,0.0,0.0,0.0,1.0,0.0,0.0,0.0,0.0,1.0,0.0,0.0,0.0,2.0,0.0,0.0,0.0,1.0,4.0,2.0,0.0,1.0,0.0,3.0,6.0,0.0,0.0,0.0,0.0,0.0,0.0,0.0,0.0,0.0,0.0,0.0,0.0,0.0,0.0,0.0,1.0,0.0,0.0,0.0,0.0,1.0,0.0,0.0,0.0,2.0,0.0,0.0,0.0,1.0,4.0,1.0,5969881399.0,-1.0,酒泉市肃州区,酒泉市肃州区丰乐镇,8.0,14.8,0.0,1.4,24.2,42.34090909090909,38.48684210526316,46.79183823529412
甘肃省,酒泉市,肃州区,黄泥堡乡,98.8279859,39.7144568,0.0,0.0,0.0,2.0,7.0,0.0,0.0,0.0,0.0,0.0,0.0,0.0,0.0,0.0,0.0,0.0,0.0,0.0,0.0,0.0,0.0,0.0,0.0,0.0,0.0,1.0,27.0,0.0,0.0,0.0,0.0,1.0,0.0,1.0,3.0,1.0,0.0,0.0,0.0,2.0,4.0,0.0,0.0,0.0,0.0,0.0,0.0,0.0,0.0,0.0,0.0,0.0,0.0,0.0,0.0,0.0,0.0,0.0,0.0,0.0,0.0,1.0,11.0,0.0,0.0,0.0,0.0,1.0,0.0,1.0,3.0,1.0,8091533084.0,11848392.0,酒泉市肃州区,酒泉市肃州区黄泥堡乡,16.0,6.1,0.0,4.300000000000001,26.400000000000002,42.34090909090909,38.48684210526316,46.79183823529412
甘肃省,酒泉市,金塔县,中东镇,98.817158,40.11899,0.0,0.0,1.0,9.0,19.0,0.0,0.0,0.0,0.0,0.0,0.0,0.0,0.0,0.0,0.0,0.0,0.0,0.0,0.0,0.0,3.0,0.0,0.0,0.0,0.0,1.0,0.0,0.0,0.0,0.0,0.0,0.0,0.0,1.0,4.0,1.0,0.0,0.0,0.0,3.0,8.0,0.0,0.0,0.0,0.0,0.0,0.0,0.0,0.0,0.0,0.0,0.0,0.0,0.0,0.0,0.0,3.0,0.0,0.0,0.0,0.0,1.0,0.0,0.0,0.0,0.0,0.0,0.0,0.0,1.0,3.0,1.0,5971202804.0,-1.0,酒泉市金塔县,酒泉市金塔县中东镇,8.0,18.2,0.0,0.5,26.7,30.211111111111116,38.48684210526316,46.79183823529412
甘肃省,酒泉市,金塔县,鼎新镇,99.5086621,40.3077521,1.0,0.0,5.0,0.0,38.0,0.0,0.0,0.0,0.0,0.0,1.0,0.0,0.0,0.0,1.0,1.0,0.0,0.0,0.0,0.0,11.0,0.0,0.0,0.0,0.0,19.0,1.0,0.0,0.0,1.0,0.0,0.0,0.0,4.0,6.0,5.0,1.0,0.0,0.0,0.0,16.0,0.0,0.0,0.0,0.0,0.0,1.0,0.0,0.0,0.0,1.0,1.0,0.0,0.0,0.0,0.0,1.0,0.0,0.0,0.0,0.0,6.0,0.0,0.0,0.0,0.0,0.0,0.0,0.0,2.0,3.0,1.0,5971742456.0,-1.0,酒泉市金塔县,酒泉市金塔县鼎新镇,12.0,22.4,5.0,2.7,42.1,30.211111111111116,38.48684210526316,46.79183823529412
甘肃省,酒泉市,金塔县,金塔镇,98.9021441,39.9899529,1.0,4.0,11.0,18.0,77.0,0.0,2.0,25.0,0.0,1.0,0.0,0.0,0.0,0.0,0.0,0.0,0.0,0.0,0.0,0.0,22.0,0.0,0.0,0.0,0.0,2.0,35.0,0.0,0.0,0.0,0.0,11.0,0.0,3.0,10.0,5.0,0.0,2.0,5.0,5.0,14.0,0.0,0.0,4.0,0.0,0.0,0.0,0.0,0.0,0.0,0.0,0.0,0.0,0.0,0.0,0.0,3.0,0.0,0.0,0.0,0.0,2.0,0.0,0.0,0.0,0.0,0.0,0.0,0.0,2.0,6.0,1.0,8088350555.0,-1.0,酒泉市金塔县,酒泉市金塔县金塔镇,9.0,26.0,0.0,6.0,41.0,30.211111111111116,38.48684210526316,46.79183823529412
甘肃省,酒泉市,金塔县,东坝镇,99.0039273,40.1725082,2.0,0.0,1.0,1.0,8.0,0.0,0.0,0.0,0.0,0.0,0.0,0.0,0.0,0.0,0.0,0.0,0.0,0.0,0.0,0.0,2.0,0.0,0.0,0.0,0.0,2.0,0.0,0.0,0.0,0.0,0.0,0.0,0.0,3.0,5.0,1.0,0.0,0.0,1.0,1.0,5.0,0.0,0.0,0.0,0.0,0.0,0.0,0.0,0.0,0.0,0.0,0.0,0.0,0.0,0.0,0.0,1.0,0.0,0.0,0.0,0.0,2.0,0.0,0.0,0.0,0.0,0.0,0.0,0.0,1.0,4.0,1.0,5971719853.0,-1.0,酒泉市金塔县,酒泉市金塔县东坝镇,9.0,11.6,0.0,0.5,21.1,30.211111111111116,38.48684210526316,46.79183823529412
甘肃省,酒泉市,金塔县,航天镇,99.6335022,40.3708815,1.0,0.0,0.0,3.0,25.0,1.0,0.0,0.0,0.0,0.0,0.0,0.0,0.0,0.0,0.0,0.0,0.0,0.0,0.0,0.0,21.0,0.0,3.0,0.0,0.0,3.0,1.0,0.0,0.0,1.0,0.0,4.0,0.0,4.0,6.0,8.0,1.0,0.0,0.0,3.0,10.0,0.0,0.0,0.0,0.0,0.0,0.0,0.0,0.0,0.0,0.0,0.0,0.0,0.0,0.0,0.0,8.0,0.0,2.0,0.0,0.0,1.0,0.0,0.0,0.0,0.0,0.0,4.0,0.0,2.0,4.0,5.0,5971540822.0,-1.0,酒泉市金塔县,酒泉市金塔县航天镇,10.0,19.0,0.0,4.2,33.2,30.211111111111116,38.48684210526316,46.79183823529412
甘肃省,酒泉市,金塔县,大庄子镇,99.0544485,40.2325906,2.0,2.0,2.0,5.0,19.0,2.0,0.0,0.0,0.0,0.0,0.0,0.0,0.0,0.0,0.0,0.0,0.0,0.0,0.0,0.0,4.0,0.0,0.0,0.0,0.0,1.0,0.0,0.0,0.0,0.0,0.0,0.0,0.0,3.0,9.0,2.0,0.0,2.0,2.0,2.0,6.0,2.0,0.0,0.0,0.0,0.0,0.0,0.0,0.0,0.0,0.0,0.0,0.0,0.0,0.0,0.0,3.0,0.0,0.0,0.0,0.0,1.0,0.0,0.0,0.0,0.0,0.0,0.0,0.0,1.0,6.0,1.0,5971437772.0,-1.0,酒泉市金塔县,酒泉市金塔县大庄子镇,8.0,19.6,0.0,1.0,28.6,30.211111111111116,38.48684210526316,46.79183823529412
甘肃省,酒泉市,金塔县,西坝镇,98.7531281,40.1646016,0.0,0.0,1.0,5.0,21.0,0.0,0.0,0.0,0.0,0.0,0.0,0.0,0.0,0.0,0.0,0.0,0.0,0.0,0.0,0.0,7.0,0.0,1.0,0.0,0.0,1.0,0.0,0.0,0.0,0.0,0.0,0.0,0.0,1.0,5.0,2.0,0.0,0.0,1.0,2.0,10.0,0.0,0.0,0.0,0.0,0.0,0.0,0.0,0.0,0.0,0.0,0.0,0.0,0.0,0.0,0.0,4.0,0.0,1.0,0.0,0.0,1.0,0.0,0.0,0.0,0.0,0.0,0.0,0.0,1.0,5.0,2.0,5971417518.0,-1.0,酒泉市金塔县,酒泉市金塔县西坝镇,8.0,19.7,0.0,1.0,28.7,30.211111111111116,38.48684210526316,46.79183823529412
甘肃省,酒泉市,金塔县,古城乡,98.8617851,40.138638,0.0,0.0,0.0,7.0,19.0,0.0,0.0,0.0,0.0,0.0,0.0,0.0,0.0,0.0,0.0,0.0,0.0,0.0,0.0,0.0,0.0,0.0,0.0,0.0,0.0,1.0,0.0,0.0,0.0,1.0,0.0,0.0,0.0,1.0,3.0,0.0,0.0,0.0,0.0,4.0,8.0,0.0,0.0,0.0,0.0,0.0,0.0,0.0,0.0,0.0,0.0,0.0,0.0,0.0,0.0,0.0,0.0,0.0,0.0,0.0,0.0,1.0,0.0,0.0,0.0,1.0,0.0,0.0,0.0,1.0,3.0,0.0,5971202803.0,-1.0,酒泉市金塔县,酒泉市金塔县古城乡,8.0,12.7,0.0,0.2,20.9,30.211111111111116,38.48684210526316,46.79183823529412
甘肃省,酒泉市,金塔县,羊井子湾乡,98.996443,40.022188,0.0,0.0,3.0,7.0,13.0,0.0,0.0,0.0,0.0,0.0,0.0,0.0,0.0,0.0,0.0,0.0,0.0,0.0,0.0,0.0,1.0,0.0,2.0,0.0,0.0,1.0,0.0,0.0,0.0,1.0,0.0,1.0,0.0,3.0,6.0,7.0,0.0,0.0,0.0,3.0,8.0,0.0,0.0,0.0,0.0,0.0,0.0,0.0,0.0,0.0,0.0,0.0,0.0,0.0,0.0,0.0,1.0,0.0,0.0,0.0,0.0,1.0,0.0,0.0,0.0,0.0,0.0,1.0,0.0,2.0,3.0,3.0,5971422563.0,-1.0,酒泉市金塔县,酒泉市金塔县羊井子湾乡,8.0,18.0,0.0,3.6,29.6,30.211111111111116,38.48684210526316,46.79183823529412
甘肃省,酒泉市,瓜州县,渊泉镇,95.7818298,40.5123612,0.0,3.0,10.0,29.0,73.0,23.0,0.0,7.0,0.0,1.0,2.0,2.0,0.0,0.0,0.0,0.0,0.0,0.0,0.0,1.0,42.0,1.0,4.0,0.0,2.0,2.0,402.0,0.0,358.0,8.0,0.0,41.0,2.0,2.0,9.0,14.0,0.0,0.0,4.0,16.0,19.0,4.0,0.0,0.0,0.0,0.0,2.0,0.0,0.0,0.0,0.0,0.0,0.0,0.0,0.0,1.0,26.0,0.0,1.0,0.0,0.0,2.0,296.0,0.0,267.0,4.0,0.0,25.0,2.0,2.0,6.0,8.0,5962205216.0,-1.0,酒泉市瓜州县,酒泉市瓜州县渊泉镇,9.0,28.0,6.0,20.0,63.0,31.6,38.48684210526316,46.79183823529412
甘肃省,酒泉市,瓜州县,柳园镇,95.497767,41.1039794,1.0,0.0,0.0,7.0,25.0,9.0,0.0,1.0,0.0,0.0,0.0,0.0,0.0,0.0,0.0,0.0,0.0,0.0,0.0,2.0,1.0,1.0,19.0,0.0,2.0,1.0,119.0,0.0,5.0,8.0,0.0,1.0,2.0,5.0,8.0,9.0,1.0,0.0,0.0,0.0,16.0,3.0,0.0,0.0,0.0,0.0,0.0,0.0,0.0,0.0,0.0,0.0,0.0,0.0,0.0,2.0,1.0,0.0,7.0,0.0,0.0,1.0,70.0,0.0,4.0,0.0,0.0,0.0,2.0,3.0,6.0,4.0,306088813.0,-1.0,酒泉市瓜州县,酒泉市瓜州县柳园镇,8.0,23.8,2.0,20.0,53.8,31.6,38.48684210526316,46.79183823529412
甘肃省,酒泉市,瓜州县,三道沟镇,96.866659,40.4345489,0.0,0.0,7.0,18.0,30.0,0.0,0.0,0.0,0.0,0.0,0.0,0.0,0.0,0.0,0.0,0.0,0.0,0.0,0.0,0.0,6.0,0.0,0.0,0.0,0.0,1.0,0.0,0.0,0.0,0.0,0.0,0.0,0.0,5.0,5.0,4.0,0.0,0.0,5.0,15.0,26.0,0.0,0.0,0.0,0.0,0.0,0.0,0.0,0.0,0.0,0.0,0.0,0.0,0.0,0.0,0.0,3.0,0.0,0.0,0.0,0.0,1.0,0.0,0.0,0.0,0.0,0.0,0.0,0.0,3.0,3.0,2.0,3472622673.0,-1.0,酒泉市瓜州县,酒泉市瓜州县三道沟镇,8.0,22.5,0.0,2.0,32.5,31.6,38.48684210526316,46.79183823529412
甘肃省,酒泉市,瓜州县,南岔镇,95.6635438,40.4096412,0.0,1.0,1.0,4.0,4.0,0.0,0.0,0.0,0.0,0.0,0.0,0.0,0.0,0.0,0.0,0.0,0.0,0.0,0.0,0.0,1.0,0.0,0.0,0.0,0.0,1.0,1.0,0.0,0.0,0.0,0.0,0.0,0.0,1.0,6.0,3.0,0.0,0.0,1.0,4.0,2.0,0.0,0.0,0.0,0.0,0.0,0.0,0.0,0.0,0.0,0.0,0.0,0.0,0.0,0.0,0.0,1.0,0.0,0.0,0.0,0.0,1.0,0.0,0.0,0.0,0.0,0.0,0.0,0.0,1.0,3.0,3.0,5962084101.0,-1.0,酒泉市瓜州县,酒泉市瓜州县南岔镇,8.0,13.4,0.0,1.6,23.0,31.6,38.48684210526316,46.79183823529412
甘肃省,酒泉市,瓜州县,锁阳城镇,95.98021,40.262612,0.0,0.0,7.0,0.0,11.0,0.0,0.0,0.0,0.0,0.0,0.0,0.0,0.0,0.0,0.0,0.0,0.0,0.0,0.0,0.0,4.0,0.0,0.0,0.0,0.0,5.0,0.0,0.0,0.0,2.0,0.0,0.0,0.0,1.0,5.0,2.0,0.0,0.0,5.0,0.0,6.0,0.0,0.0,0.0,0.0,0.0,0.0,0.0,0.0,0.0,0.0,0.0,0.0,0.0,0.0,0.0,4.0,0.0,0.0,0.0,0.0,1.0,0.0,0.0,0.0,2.0,0.0,0.0,0.0,1.0,5.0,1.0,4045802721.0,-1.0,酒泉市瓜州县,酒泉市瓜州县锁阳城镇,12.0,11.5,0.0,1.4,24.9,31.6,38.48684210526316,46.79183823529412
甘肃省,酒泉市,瓜州县,瓜州镇,95.6710212,40.4642701,0.0,0.0,1.0,4.0,33.0,0.0,0.0,0.0,0.0,0.0,0.0,0.0,0.0,0.0,0.0,0.0,0.0,0.0,0.0,0.0,3.0,0.0,0.0,0.0,0.0,6.0,9.0,0.0,0.0,0.0,0.0,0.0,1.0,1.0,5.0,3.0,0.0,0.0,1.0,2.0,7.0,0.0,0.0,0.0,0.0,0.0,0.0,0.0,0.0,0.0,0.0,0.0,0.0,0.0,0.0,0.0,1.0,0.0,0.0,0.0,0.0,1.0,0.0,0.0,0.0,0.0,0.0,0.0,1.0,1.0,4.0,2.0,4046053284.0,-1.0,酒泉市瓜州县,酒泉市瓜州县瓜州镇,12.0,20.200000000000003,0.0,2.4,34.6,31.6,38.48684210526316,46.79183823529412
甘肃省,酒泉市,瓜州县,西湖镇,94.9911311,40.5386839,8.0,0.0,0.0,2.0,9.0,0.0,0.0,0.0,0.0,0.0,0.0,0.0,0.0,0.0,1.0,1.0,0.0,0.0,0.0,0.0,3.0,0.0,0.0,0.0,0.0,2.0,0.0,0.0,0.0,3.0,0.0,0.0,0.0,1.0,8.0,2.0,3.0,0.0,0.0,2.0,5.0,0.0,0.0,0.0,0.0,0.0,0.0,0.0,0.0,0.0,0.0,0.0,0.0,0.0,0.0,0.0,2.0,0.0,0.0,0.0,0.0,1.0,0.0,0.0,0.0,3.0,0.0,0.0,0.0,1.0,6.0,2.0,5962253263.0,-1.0,酒泉市瓜州县,酒泉市瓜州县西湖镇,9.0,14.3,0.0,1.6,24.900000000000002,31.6,38.48684210526316,46.79183823529412
甘肃省,酒泉市,瓜州县,河东镇,96.771308,40.504078,0.0,0.0,5.0,5.0,9.0,0.0,0.0,0.0,0.0,0.0,0.0,0.0,0.0,0.0,0.0,0.0,0.0,0.0,0.0,0.0,10.0,0.0,1.0,0.0,0.0,1.0,0.0,0.0,0.0,0.0,0.0,0.0,0.0,2.0,4.0,3.0,0.0,0.0,1.0,2.0,7.0,0.0,0.0,0.0,0.0,0.0,0.0,0.0,0.0,0.0,0.0,0.0,0.0,0.0,0.0,0.0,3.0,0.0,1.0,0.0,0.0,1.0,0.0,0.0,0.0,0.0,0.0,0.0,0.0,1.0,4.0,2.0,5962314278.0,-1.0,酒泉市瓜州县,酒泉市瓜州县河东镇,8.0,15.9,0.0,1.5,25.4,31.6,38.48684210526316,46.79183823529412
甘肃省,酒泉市,瓜州县,双塔镇,96.5012042,40.4632085,0.0,0.0,0.0,6.0,19.0,0.0,0.0,0.0,0.0,0.0,1.0,0.0,0.0,0.0,1.0,1.0,0.0,0.0,0.0,0.0,16.0,0.0,1.0,0.0,1.0,1.0,0.0,0.0,0.0,5.0,0.0,1.0,0.0,1.0,3.0,5.0,0.0,0.0,0.0,6.0,15.0,0.0,0.0,0.0,0.0,0.0,1.0,0.0,0.0,0.0,1.0,1.0,0.0,0.0,0.0,0.0,13.0,0.0,0.0,0.0,1.0,1.0,0.0,0.0,0.0,3.0,0.0,1.0,0.0,1.0,2.0,4.0,5963329629.0,-1.0,酒泉市瓜州县,酒泉市瓜州县双塔镇,8.0,16.8,5.0,3.3,33.1,31.6,38.48684210526316,46.79183823529412
甘肃省,酒泉市,瓜州县,腰站子东乡族镇,96.7263293,40.4729924,0.0,0.0,0.0,10.0,23.0,0.0,0.0,0.0,0.0,0.0,0.0,0.0,0.0,0.0,0.0,0.0,0.0,0.0,0.0,0.0,1.0,0.0,0.0,0.0,0.0,1.0,0.0,0.0,0.0,1.0,0.0,0.0,0.0,3.0,4.0,2.0,0.0,0.0,0.0,4.0,8.0,0.0,0.0,0.0,0.0,0.0,0.0,0.0,0.0,0.0,0.0,0.0,0.0,0.0,0.0,0.0,1.0,0.0,0.0,0.0,0.0,1.0,0.0,0.0,0.0,0.0,0.0,0.0,0.0,2.0,3.0,1.0,5963312375.0,-1.0,酒泉市瓜州县,酒泉市瓜州县腰站子东乡族镇,8.0,14.0,0.0,1.1,23.1,31.6,38.48684210526316,46.79183823529412
甘肃省,酒泉市,瓜州县,布隆吉乡,96.5255973,40.5333066,0.0,0.0,5.0,3.0,14.0,0.0,0.0,0.0,0.0,0.0,0.0,0.0,0.0,0.0,0.0,0.0,0.0,0.0,0.0,0.0,5.0,0.0,0.0,0.0,0.0,1.0,0.0,0.0,0.0,4.0,0.0,0.0,0.0,1.0,5.0,4.0,0.0,0.0,3.0,1.0,2.0,0.0,0.0,0.0,0.0,0.0,0.0,0.0,0.0,0.0,0.0,0.0,0.0,0.0,0.0,0.0,3.0,0.0,0.0,0.0,0.0,1.0,0.0,0.0,0.0,3.0,0.0,0.0,0.0,1.0,4.0,1.0,1601166944.0,-1.0,酒泉市瓜州县,酒泉市瓜州县布隆吉乡,8.0,13.9,0.0,2.7,24.599999999999998,31.6,38.48684210526316,46.79183823529412
甘肃省,酒泉市,瓜州县,七墩回族东乡族乡,96.895135,40.52442,0.0,0.0,0.0,8.0,27.0,0.0,0.0,0.0,0.0,0.0,0.0,0.0,0.0,0.0,0.0,0.0,0.0,0.0,0.0,0.0,0.0,0.0,0.0,0.0,0.0,2.0,0.0,0.0,0.0,2.0,0.0,0.0,0.0,4.0,3.0,1.0,0.0,0.0,0.0,2.0,8.0,0.0,0.0,0.0,0.0,0.0,0.0,0.0,0.0,0.0,0.0,0.0,0.0,0.0,0.0,0.0,0.0,0.0,0.0,0.0,0.0,1.0,0.0,0.0,0.0,2.0,0.0,0.0,0.0,1.0,3.0,0.0,5963340776.0,-1.0,酒泉市瓜州县,酒泉市瓜州县七墩回族东乡族乡,9.0,14.3,0.0,0.9,24.2,31.6,38.48684210526316,46.79183823529412
甘肃省,酒泉市,瓜州县,广至藏族乡,95.5742149,40.4104436,0.0,0.0,0.0,2.0,45.0,0.0,0.0,0.0,0.0,0.0,0.0,0.0,0.0,0.0,0.0,0.0,0.0,0.0,0.0,0.0,4.0,0.0,0.0,0.0,0.0,1.0,0.0,0.0,0.0,2.0,0.0,0.0,2.0,1.0,3.0,4.0,0.0,0.0,0.0,2.0,36.0,0.0,0.0,0.0,0.0,0.0,0.0,0.0,0.0,0.0,0.0,0.0,0.0,0.0,0.0,0.0,1.0,0.0,0.0,0.0,0.0,1.0,0.0,0.0,0.0,1.0,0.0,0.0,0.0,1.0,3.0,3.0,5963356866.0,-1.0,酒泉市瓜州县,酒泉市瓜州县广至藏族乡,8.0,21.5,0.0,2.3,31.8,31.6,38.48684210526316,46.79183823529412
甘肃省,酒泉市,瓜州县,沙河回族乡,96.6439911,40.4600559,0.0,0.0,0.0,6.0,26.0,0.0,0.0,0.0,0.0,0.0,1.0,0.0,0.0,0.0,0.0,0.0,0.0,0.0,0.0,0.0,6.0,0.0,1.0,0.0,0.0,1.0,0.0,0.0,0.0,3.0,0.0,0.0,0.0,1.0,3.0,2.0,0.0,0.0,0.0,2.0,14.0,0.0,0.0,0.0,0.0,0.0,1.0,0.0,0.0,0.0,0.0,0.0,0.0,0.0,0.0,0.0,1.0,0.0,0.0,0.0,0.0,1.0,0.0,0.0,0.0,2.0,0.0,0.0,0.0,1.0,3.0,1.0,5963345667.0,-1.0,酒泉市瓜州县,酒泉市瓜州县沙河回族乡,8.0,17.9,0.0,1.5,27.4,31.6,38.48684210526316,46.79183823529412
甘肃省,酒泉市,瓜州县,梁湖乡,96.0023907,40.4939575,0.0,0.0,0.0,4.0,24.0,0.0,0.0,0.0,0.0,0.0,0.0,0.0,0.0,0.0,0.0,0.0,0.0,0.0,0.0,0.0,0.0,0.0,0.0,0.0,0.0,1.0,18.0,0.0,18.0,0.0,0.0,0.0,0.0,1.0,3.0,1.0,0.0,0.0,0.0,3.0,18.0,0.0,0.0,0.0,0.0,0.0,0.0,0.0,0.0,0.0,0.0,0.0,0.0,0.0,0.0,0.0,0.0,0.0,0.0,0.0,0.0,1.0,17.0,0.0,17.0,0.0,0.0,0.0,0.0,1.0,3.0,0.0,5962228976.0,-1.0,酒泉市瓜州县,酒泉市瓜州县梁湖乡,8.0,15.7,0.0,4.0,27.7,31.6,38.48684210526316,46.79183823529412
甘肃省,酒泉市,肃北蒙古族自治县,党城湾镇,94.8725942,39.5160197,3.0,10.0,14.0,14.0,39.0,8.0,0.0,2.0,0.0,0.0,1.0,0.0,1.0,1.0,1.0,1.0,0.0,0.0,0.0,1.0,4.0,1.0,9.0,0.0,0.0,4.0,25.0,0.0,0.0,10.0,0.0,18.0,2.0,3.0,10.0,13.0,1.0,10.0,11.0,8.0,21.0,2.0,0.0,2.0,0.0,0.0,1.0,0.0,1.0,1.0,1.0,1.0,0.0,0.0,0.0,1.0,2.0,0.0,2.0,0.0,0.0,3.0,7.0,0.0,0.0,3.0,0.0,8.0,2.0,3.0,9.0,9.0,5010497846.0,7441148.0,酒泉市肃北蒙古族自治县,酒泉市肃北蒙古族自治县党城湾镇,19.0,26.0,11.0,8.5,64.5,49.65,38.48684210526316,46.79183823529412
甘肃省,酒泉市,肃北蒙古族自治县,马鬃山镇,97.0279122,41.8086875,6.0,0.0,0.0,4.0,22.0,7.0,0.0,1.0,0.0,0.0,1.0,3.0,1.0,2.0,0.0,0.0,1.0,1.0,0.0,6.0,2.0,5.0,8.0,0.0,0.0,1.0,48.0,0.0,0.0,8.0,0.0,3.0,9.0,1.0,8.0,11.0,6.0,0.0,0.0,4.0,8.0,6.0,0.0,1.0,0.0,0.0,0.0,3.0,1.0,2.0,0.0,0.0,1.0,1.0,0.0,6.0,2.0,5.0,7.0,0.0,0.0,1.0,47.0,0.0,0.0,7.0,0.0,2.0,9.0,1.0,8.0,8.0,4017828150.0,7441164.0,酒泉市肃北蒙古族自治县,酒泉市肃北蒙古族自治县马鬃山镇,16.0,21.8,23.0,15.0,75.8,49.65,38.48684210526316,46.79183823529412
甘肃省,酒泉市,肃北蒙古族自治县,盐池湾乡,96.0625202,38.9729112,0.0,0.0,1.0,0.0,13.0,0.0,0.0,0.0,0.0,0.0,0.0,0.0,0.0,0.0,0.0,0.0,0.0,0.0,0.0,0.0,1.0,0.0,0.0,0.0,0.0,1.0,0.0,0.0,0.0,0.0,0.0,1.0,0.0,1.0,4.0,3.0,0.0,0.0,1.0,0.0,11.0,0.0,0.0,0.0,0.0,0.0,0.0,0.0,0.0,0.0,0.0,0.0,0.0,0.0,0.0,0.0,1.0,0.0,0.0,0.0,0.0,1.0,0.0,0.0,0.0,0.0,0.0,1.0,0.0,1.0,3.0,3.0,4017472200.0,7441175.0,酒泉市肃北蒙古族自治县,酒泉市肃北蒙古族自治县盐池湾乡,16.0,12.9,0.0,1.5,30.4,49.65,38.48684210526316,46.79183823529412
甘肃省,酒泉市,肃北蒙古族自治县,石包城乡,96.0207798,39.8093429,0.0,0.0,4.0,1.0,5.0,0.0,0.0,0.0,0.0,0.0,0.0,0.0,0.0,0.0,0.0,0.0,0.0,0.0,0.0,0.0,3.0,0.0,0.0,0.0,0.0,1.0,0.0,0.0,0.0,0.0,0.0,0.0,0.0,1.0,5.0,3.0,0.0,0.0,4.0,1.0,3.0,0.0,0.0,0.0,0.0,0.0,0.0,0.0,0.0,0.0,0.0,0.0,0.0,0.0,0.0,0.0,2.0,0.0,0.0,0.0,0.0,1.0,0.0,0.0,0.0,0.0,0.0,0.0,0.0,1.0,4.0,3.0,4017724405.0,7441179.0,酒泉市肃北蒙古族自治县,酒泉市肃北蒙古族自治县石包城乡,16.0,10.4,0.0,1.5,27.9,49.65,38.48684210526316,46.79183823529412
甘肃省,酒泉市,阿克塞哈萨克族自治县,红柳湾镇,94.3384302,39.6348198,8.0,0.0,0.0,10.0,26.0,16.0,0.0,0.0,0.0,0.0,1.0,2.0,0.0,0.0,1.0,1.0,0.0,0.0,2.0,2.0,8.0,0.0,2.0,0.0,0.0,8.0,130.0,0.0,0.0,13.0,0.0,22.0,1.0,5.0,9.0,9.0,2.0,0.0,0.0,4.0,17.0,15.0,0.0,0.0,0.0,0.0,1.0,1.0,0.0,0.0,1.0,1.0,0.0,0.0,2.0,1.0,7.0,0.0,0.0,0.0,0.0,7.0,92.0,0.0,0.0,4.0,0.0,19.0,0.0,4.0,7.0,3.0,5010483342.0,7441142.0,酒泉市阿克塞哈萨克族自治县,酒泉市阿克塞哈萨克族自治县红柳湾镇,20.0,26.0,13.0,20.0,79.0,45.475,38.48684210526316,46.79183823529412
甘肃省,酒泉市,阿克塞哈萨克族自治县,阿克旗乡,93.4790825,39.7453751,0.0,0.0,2.0,1.0,14.0,0.0,0.0,0.0,0.0,0.0,0.0,0.0,0.0,0.0,0.0,0.0,0.0,0.0,0.0,0.0,4.0,0.0,0.0,0.0,0.0,7.0,0.0,0.0,0.0,1.0,0.0,0.0,0.0,1.0,5.0,3.0,0.0,0.0,1.0,0.0,11.0,0.0,0.0,0.0,0.0,0.0,0.0,0.0,0.0,0.0,0.0,0.0,0.0,0.0,0.0,0.0,3.0,0.0,0.0,0.0,0.0,4.0,0.0,0.0,0.0,1.0,0.0,0.0,0.0,1.0,3.0,3.0,5010568395.0,7441144.0,酒泉市阿克塞哈萨克族自治县,酒泉市阿克塞哈萨克族自治县阿克旗乡,20.0,14.6,0.0,1.7,36.300000000000004,45.475,38.48684210526316,46.79183823529412
甘肃省,酒泉市,阿克塞哈萨克族自治县,阿勒腾乡,95.1031051,38.880877,0.0,0.0,0.0,2.0,2.0,0.0,0.0,0.0,0.0,0.0,0.0,0.0,0.0,0.0,0.0,0.0,0.0,0.0,0.0,0.0,3.0,0.0,0.0,0.0,0.0,2.0,0.0,0.0,0.0,1.0,0.0,0.0,0.0,1.0,3.0,2.0,0.0,0.0,0.0,0.0,2.0,0.0,0.0,0.0,0.0,0.0,0.0,0.0,0.0,0.0,0.0,0.0,0.0,0.0,0.0,0.0,3.0,0.0,0.0,0.0,0.0,2.0,0.0,0.0,0.0,0.0,0.0,0.0,0.0,1.0,1.0,2.0,4017643840.0,5994255.0,酒泉市阿克塞哈萨克族自治县,酒泉市阿克塞哈萨克族自治县阿勒腾乡,17.0,4.5,0.0,1.1,22.6,45.475,38.48684210526316,46.79183823529412
甘肃省,酒泉市,阿克塞哈萨克族自治县,阿伊纳乡,94.3604518,38.9698561,0.0,0.0,3.0,0.0,5.0,3.0,0.0,0.0,0.0,1.0,1.0,0.0,0.0,0.0,0.0,0.0,0.0,0.0,0.0,2.0,0.0,0.0,0.0,0.0,0.0,2.0,45.0,0.0,0.0,5.0,0.0,1.0,0.0,4.0,8.0,4.0,0.0,0.0,3.0,0.0,2.0,2.0,0.0,0.0,0.0,1.0,1.0,0.0,0.0,0.0,0.0,0.0,0.0,0.0,0.0,2.0,0.0,0.0,0.0,0.0,0.0,2.0,30.0,0.0,0.0,4.0,0.0,0.0,0.0,4.0,8.0,2.0,7474794722.0,11062492.0,酒泉市阿克塞哈萨克族自治县,酒泉市阿克塞哈萨克族自治县阿伊纳乡,17.0,14.6,2.0,10.4,44.0,45.475,38.48684210526316,46.79183823529412
甘肃省,酒泉市,玉门市,新市区街道,97.0320204,40.2852506,5.0,8.0,17.0,48.0,106.0,7.0,0.0,12.0,5.0,2.0,1.0,0.0,0.0,0.0,0.0,0.0,0.0,0.0,0.0,6.0,11.0,0.0,5.0,0.0,0.0,3.0,13.0,0.0,0.0,1.0,1.0,8.0,2.0,6.0,12.0,10.0,2.0,4.0,5.0,16.0,26.0,0.0,0.0,4.0,0.0,0.0,0.0,0.0,0.0,0.0,0.0,0.0,0.0,0.0,0.0,5.0,1.0,0.0,0.0,0.0,0.0,2.0,1.0,0.0,0.0,0.0,1.0,3.0,1.0,5.0,9.0,3.0,5963885331.0,8785523.0,酒泉市玉门市,酒泉市玉门市新市区街道,18.0,30.0,5.0,5.5,58.5,31.23076923076923,38.48684210526316,46.79183823529412
甘肃省,酒泉市,玉门市,玉门镇,97.0263526,40.2801246,5.0,8.0,17.0,46.0,106.0,8.0,0.0,12.0,5.0,2.0,1.0,0.0,0.0,0.0,0.0,0.0,0.0,0.0,0.0,6.0,12.0,0.0,5.0,0.0,0.0,3.0,13.0,0.0,0.0,2.0,1.0,8.0,2.0,7.0,12.0,10.0,2.0,0.0,4.0,13.0,22.0,0.0,0.0,2.0,0.0,0.0,0.0,0.0,0.0,0.0,0.0,0.0,0.0,0.0,0.0,4.0,1.0,0.0,0.0,0.0,0.0,2.0,1.0,0.0,0.0,0.0,0.0,0.0,0.0,5.0,8.0,1.0,5963899406.0,-1.0,酒泉市玉门市,酒泉市玉门市玉门镇,10.0,30.0,4.0,5.6,49.6,31.23076923076923,38.48684210526316,46.79183823529412
甘肃省,酒泉市,玉门市,赤金镇,97.4259231,40.0142792,1.0,0.0,4.0,1.0,19.0,8.0,0.0,0.0,0.0,0.0,2.0,0.0,0.0,0.0,0.0,0.0,0.0,0.0,0.0,0.0,14.0,0.0,0.0,0.0,0.0,1.0,2.0,0.0,0.0,4.0,0.0,0.0,0.0,6.0,9.0,2.0,0.0,0.0,3.0,0.0,10.0,0.0,0.0,0.0,0.0,0.0,0.0,0.0,0.0,0.0,0.0,0.0,0.0,0.0,0.0,0.0,7.0,0.0,0.0,0.0,0.0,1.0,0.0,0.0,0.0,3.0,0.0,0.0,0.0,1.0,3.0,1.0,3472596872.0,-1.0,酒泉市玉门市,酒泉市玉门市赤金镇,8.0,18.8,0.0,1.9,28.7,31.23076923076923,38.48684210526316,46.79183823529412
甘肃省,酒泉市,玉门市,花海镇,97.736346,40.303027,0.0,0.0,0.0,6.0,16.0,0.0,0.0,0.0,0.0,0.0,0.0,0.0,0.0,0.0,0.0,0.0,0.0,0.0,0.0,0.0,11.0,0.0,0.0,0.0,0.0,1.0,0.0,0.0,0.0,0.0,0.0,0.0,0.0,1.0,4.0,1.0,0.0,0.0,0.0,6.0,8.0,0.0,0.0,0.0,0.0,0.0,0.0,0.0,0.0,0.0,0.0,0.0,0.0,0.0,0.0,0.0,1.0,0.0,0.0,0.0,0.0,1.0,0.0,0.0,0.0,0.0,0.0,0.0,0.0,1.0,4.0,1.0,5964210727.0,-1.0,酒泉市玉门市,酒泉市玉门市花海镇,8.0,12.6,0.0,0.5,21.1,31.23076923076923,38.48684210526316,46.79183823529412
甘肃省,酒泉市,玉门市,老君庙镇,97.5663615,39.8199444,0.0,0.0,7.0,13.0,38.0,13.0,0.0,1.0,1.0,0.0,0.0,0.0,0.0,0.0,0.0,0.0,0.0,0.0,0.0,0.0,7.0,0.0,2.0,0.0,0.0,1.0,0.0,0.0,0.0,9.0,0.0,5.0,0.0,1.0,7.0,5.0,0.0,0.0,0.0,10.0,9.0,0.0,0.0,1.0,0.0,0.0,0.0,0.0,0.0,0.0,0.0,0.0,0.0,0.0,0.0,0.0,2.0,0.0,0.0,0.0,0.0,1.0,0.0,0.0,0.0,0.0,0.0,3.0,0.0,1.0,4.0,2.0,1600586328.0,-1.0,酒泉市玉门市,酒泉市玉门市老君庙镇,8.0,25.5,0.0,3.4,36.9,31.23076923076923,38.48684210526316,46.79183823529412
甘肃省,酒泉市,玉门市,黄闸湾镇,97.0637302,40.3840803,1.0,0.0,0.0,7.0,5.0,0.0,0.0,0.0,0.0,0.0,0.0,0.0,0.0,0.0,0.0,0.0,0.0,0.0,0.0,0.0,1.0,0.0,0.0,0.0,0.0,5.0,0.0,0.0,0.0,1.0,0.0,0.0,0.0,4.0,4.0,3.0,1.0,0.0,0.0,7.0,4.0,0.0,0.0,0.0,0.0,0.0,0.0,0.0,0.0,0.0,0.0,0.0,0.0,0.0,0.0,0.0,1.0,0.0,0.0,0.0,0.0,2.0,0.0,0.0,0.0,0.0,0.0,0.0,0.0,2.0,3.0,2.0,5965906712.0,-1.0,酒泉市玉门市,酒泉市玉门市黄闸湾镇,12.0,14.2,0.0,1.6,27.8,31.23076923076923,38.48684210526316,46.79183823529412
甘肃省,酒泉市,玉门市,下西号镇,97.1212099,40.3191476,0.0,0.0,1.0,5.0,9.0,0.0,0.0,0.0,0.0,0.0,0.0,0.0,0.0,0.0,0.0,0.0,0.0,0.0,0.0,0.0,5.0,0.0,2.0,0.0,0.0,1.0,0.0,0.0,0.0,0.0,0.0,0.0,0.0,1.0,4.0,3.0,0.0,0.0,0.0,3.0,1.0,0.0,0.0,0.0,0.0,0.0,0.0,0.0,0.0,0.0,0.0,0.0,0.0,0.0,0.0,0.0,3.0,0.0,0.0,0.0,0.0,1.0,0.0,0.0,0.0,0.0,0.0,0.0,0.0,1.0,2.0,1.0,2115334365.0,-1.0,酒泉市玉门市,酒泉市玉门市下西号镇,8.0,14.1,0.0,1.5,23.6,31.23076923076923,38.48684210526316,46.79183823529412
甘肃省,酒泉市,玉门市,柳河镇,96.9401944,40.4089918,0.0,0.0,1.0,3.0,21.0,0.0,0.0,0.0,0.0,0.0,0.0,0.0,0.0,0.0,0.0,0.0,0.0,0.0,0.0,0.0,5.0,0.0,0.0,0.0,0.0,3.0,0.0,0.0,0.0,1.0,0.0,0.0,0.0,2.0,4.0,3.0,0.0,0.0,1.0,0.0,17.0,0.0,0.0,0.0,0.0,0.0,0.0,0.0,0.0,0.0,0.0,0.0,0.0,0.0,0.0,0.0,2.0,0.0,0.0,0.0,0.0,3.0,0.0,0.0,0.0,0.0,0.0,0.0,0.0,1.0,3.0,2.0,8088368489.0,-1.0,酒泉市玉门市,酒泉市玉门市柳河镇,10.0,19.3,0.0,1.6,30.900000000000002,31.23076923076923,38.48684210526316,46.79183823529412
甘肃省,酒泉市,玉门市,昌马镇,96.7777915,39.8546399,0.0,0.0,0.0,7.0,20.0,0.0,0.0,0.0,0.0,0.0,0.0,0.0,0.0,0.0,0.0,0.0,0.0,0.0,0.0,0.0,3.0,0.0,0.0,0.0,0.0,2.0,0.0,0.0,0.0,0.0,0.0,0.0,0.0,1.0,5.0,3.0,0.0,0.0,0.0,2.0,12.0,0.0,0.0,0.0,0.0,0.0,0.0,0.0,0.0,0.0,0.0,0.0,0.0,0.0,0.0,0.0,1.0,0.0,0.0,0.0,0.0,1.0,0.0,0.0,0.0,0.0,0.0,0.0,0.0,1.0,4.0,1.0,2115334359.0,-1.0,酒泉市玉门市,酒泉市玉门市昌马镇,9.0,15.1,0.0,1.5,25.6,31.23076923076923,38.48684210526316,46.79183823529412
甘肃省,酒泉市,玉门市,柳湖镇,97.6154204,40.3423659,0.0,0.0,0.0,2.0,20.0,0.0,0.0,0.0,0.0,0.0,0.0,0.0,0.0,0.0,0.0,0.0,0.0,0.0,0.0,0.0,10.0,1.0,1.0,0.0,0.0,1.0,0.0,0.0,0.0,4.0,0.0,2.0,0.0,1.0,4.0,7.0,0.0,0.0,0.0,2.0,12.0,0.0,0.0,0.0,0.0,0.0,0.0,0.0,0.0,0.0,0.0,0.0,0.0,0.0,0.0,0.0,6.0,1.0,0.0,0.0,0.0,1.0,0.0,0.0,0.0,3.0,0.0,2.0,0.0,1.0,4.0,4.0,5965906714.0,-1.0,酒泉市玉门市,酒泉市玉门市柳湖镇,8.0,11.6,0.0,4.2,23.8,31.23076923076923,38.48684210526316,46.79183823529412
甘肃省,酒泉市,玉门市,六墩镇,96.9148614,40.52073,1.0,0.0,0.0,12.0,20.0,0.0,0.0,0.0,0.0,0.0,0.0,0.0,0.0,0.0,0.0,0.0,0.0,0.0,0.0,0.0,0.0,0.0,0.0,0.0,0.0,2.0,0.0,0.0,0.0,2.0,0.0,0.0,0.0,7.0,6.0,1.0,0.0,0.0,0.0,2.0,10.0,0.0,0.0,0.0,0.0,0.0,0.0,0.0,0.0,0.0,0.0,0.0,0.0,0.0,0.0,0.0,0.0,0.0,0.0,0.0,0.0,1.0,0.0,0.0,0.0,0.0,0.0,0.0,0.0,3.0,3.0,1.0,5966036229.0,-1.0,酒泉市玉门市,酒泉市玉门市六墩镇,9.0,20.0,0.0,0.7,29.7,31.23076923076923,38.48684210526316,46.79183823529412
甘肃省,酒泉市,玉门市,小金湾东乡族乡,97.7034039,40.2493491,0.0,0.0,0.0,4.0,20.0,0.0,0.0,0.0,0.0,0.0,0.0,0.0,0.0,0.0,0.0,0.0,0.0,0.0,0.0,0.0,9.0,0.0,3.0,0.0,0.0,1.0,0.0,0.0,0.0,1.0,0.0,0.0,0.0,1.0,3.0,2.0,0.0,0.0,0.0,1.0,15.0,0.0,0.0,0.0,0.0,0.0,0.0,0.0,0.0,0.0,0.0,0.0,0.0,0.0,0.0,0.0,5.0,0.0,0.0,0.0,0.0,1.0,0.0,0.0,0.0,1.0,0.0,0.0,0.0,1.0,2.0,1.0,5964301271.0,-1.0,酒泉市玉门市,酒泉市玉门市小金湾东乡族乡,8.0,14.0,0.0,1.2,23.2,31.23076923076923,38.48684210526316,46.79183823529412
甘肃省,酒泉市,玉门市,独山子东乡族乡,97.7951052,40.278075,0.0,0.0,0.0,4.0,26.0,0.0,0.0,0.0,0.0,0.0,0.0,0.0,0.0,0.0,0.0,0.0,0.0,0.0,0.0,0.0,2.0,0.0,0.0,0.0,0.0,1.0,0.0,0.0,0.0,1.0,0.0,0.0,0.0,1.0,5.0,2.0,0.0,0.0,0.0,3.0,19.0,0.0,0.0,0.0,0.0,0.0,0.0,0.0,0.0,0.0,0.0,0.0,0.0,0.0,0.0,0.0,1.0,0.0,0.0,0.0,0.0,1.0,0.0,0.0,0.0,1.0,0.0,0.0,0.0,1.0,5.0,2.0,5964387474.0,-1.0,酒泉市玉门市,酒泉市玉门市独山子东乡族乡,8.0,17.4,0.0,1.2,26.599999999999998,31.23076923076923,38.48684210526316,46.79183823529412
甘肃省,酒泉市,敦煌市,七里镇,94.5969694,40.1153447,6.0,11.0,11.0,19.0,88.0,75.0,0.0,1.0,0.0,0.0,3.0,0.0,0.0,0.0,2.0,2.0,0.0,0.0,0.0,2.0,10.0,0.0,8.0,0.0,0.0,2.0,780.0,0.0,167.0,4.0,0.0,14.0,1.0,3.0,11.0,8.0,2.0,0.0,1.0,6.0,22.0,8.0,0.0,0.0,0.0,0.0,0.0,0.0,0.0,0.0,0.0,0.0,0.0,0.0,0.0,1.0,2.0,0.0,0.0,0.0,0.0,2.0,205.0,0.0,2.0,0.0,0.0,5.0,0.0,1.0,5.0,4.0,2115334363.0,-1.0,酒泉市敦煌市,酒泉市敦煌市七里镇,9.0,26.0,1.0,20.0,56.0,51.23333333333333,38.48684210526316,46.79183823529412
甘肃省,酒泉市,敦煌市,沙州镇,94.6634006,40.1379901,18.0,11.0,37.0,46.0,120.0,74.0,0.0,40.0,22.0,6.0,1.0,1.0,2.0,3.0,7.0,9.0,0.0,1.0,3.0,32.0,37.0,5.0,0.0,0.0,0.0,4.0,1316.0,0.0,1212.0,4.0,7.0,13.0,24.0,6.0,17.0,10.0,16.0,7.0,21.0,20.0,40.0,22.0,0.0,39.0,15.0,3.0,0.0,1.0,1.0,2.0,4.0,5.0,0.0,1.0,3.0,22.0,16.0,4.0,0.0,0.0,0.0,2.0,754.0,0.0,727.0,4.0,6.0,12.0,13.0,3.0,13.0,9.0,2115334364.0,8781089.0,酒泉市敦煌市,酒泉市敦煌市沙州镇,19.0,30.0,25.0,20.0,94.0,51.23333333333333,38.48684210526316,46.79183823529412
甘肃省,酒泉市,敦煌市,肃州镇,94.6426497,40.1442211,18.0,7.0,37.0,43.0,85.0,70.0,0.0,40.0,20.0,6.0,1.0,1.0,2.0,3.0,6.0,8.0,0.0,1.0,3.0,26.0,29.0,5.0,0.0,0.0,0.0,4.0,1273.0,0.0,1186.0,4.0,7.0,13.0,19.0,6.0,16.0,10.0,2.0,0.0,7.0,14.0,12.0,5.0,0.0,0.0,0.0,0.0,0.0,0.0,1.0,1.0,2.0,3.0,0.0,0.0,0.0,4.0,8.0,1.0,0.0,0.0,0.0,1.0,262.0,0.0,229.0,0.0,0.0,0.0,2.0,2.0,8.0,6.0,3837126077.0,8781090.0,酒泉市敦煌市,酒泉市敦煌市肃州镇,19.0,30.0,19.0,20.0,88.0,51.23333333333333,38.48684210526316,46.79183823529412
甘肃省,酒泉市,敦煌市,莫高镇,94.8048505,40.176326,0.0,8.0,0.0,9.0,28.0,56.0,0.0,11.0,3.0,3.0,1.0,0.0,0.0,0.0,1.0,1.0,0.0,0.0,0.0,1.0,2.0,0.0,0.0,0.0,1.0,2.0,31.0,0.0,23.0,5.0,0.0,1.0,2.0,4.0,12.0,8.0,0.0,4.0,0.0,3.0,5.0,20.0,0.0,0.0,0.0,2.0,1.0,0.0,0.0,0.0,1.0,1.0,0.0,0.0,0.0,1.0,1.0,0.0,0.0,0.0,0.0,1.0,15.0,0.0,12.0,1.0,0.0,0.0,1.0,3.0,6.0,2.0,5960607090.0,-1.0,酒泉市敦煌市,酒泉市敦煌市莫高镇,9.0,27.1,6.0,9.2,51.3,51.23333333333333,38.48684210526316,46.79183823529412
甘肃省,酒泉市,敦煌市,转渠口镇,94.7419134,40.2478829,1.0,0.0,1.0,4.0,9.0,0.0,0.0,0.0,0.0,0.0,0.0,0.0,0.0,0.0,0.0,0.0,0.0,0.0,0.0,0.0,1.0,0.0,1.0,0.0,0.0,1.0,1.0,0.0,0.0,0.0,0.0,0.0,0.0,1.0,6.0,3.0,1.0,0.0,1.0,3.0,4.0,0.0,0.0,0.0,0.0,0.0,0.0,0.0,0.0,0.0,0.0,0.0,0.0,0.0,0.0,0.0,1.0,0.0,1.0,0.0,0.0,1.0,1.0,0.0,0.0,0.0,0.0,0.0,0.0,1.0,5.0,3.0,5960652219.0,-1.0,酒泉市敦煌市,酒泉市敦煌市转渠口镇,8.0,15.0,0.0,1.7,24.7,51.23333333333333,38.48684210526316,46.79183823529412
甘肃省,酒泉市,敦煌市,阳关镇,94.0945933,39.9021735,0.0,0.0,0.0,2.0,9.0,4.0,0.0,0.0,0.0,0.0,0.0,0.0,0.0,0.0,0.0,0.0,0.0,0.0,0.0,0.0,18.0,0.0,0.0,0.0,0.0,3.0,6.0,0.0,0.0,1.0,0.0,5.0,1.0,1.0,5.0,10.0,0.0,0.0,0.0,2.0,3.0,2.0,0.0,0.0,0.0,0.0,0.0,0.0,0.0,0.0,0.0,0.0,0.0,0.0,0.0,0.0,9.0,0.0,0.0,0.0,0.0,2.0,3.0,0.0,0.0,0.0,0.0,5.0,0.0,1.0,4.0,6.0,4017643842.0,-1.0,酒泉市敦煌市,酒泉市敦煌市阳关镇,10.0,7.2,0.0,5.0,22.2,51.23333333333333,38.48684210526316,46.79183823529412
甘肃省,酒泉市,敦煌市,月牙泉镇,94.6632564,40.1256588,16.0,20.0,38.0,49.0,114.0,106.0,0.0,54.0,24.0,12.0,1.0,1.0,2.0,3.0,7.0,9.0,0.0,1.0,3.0,39.0,38.0,5.0,0.0,0.0,0.0,4.0,1369.0,0.0,1211.0,7.0,7.0,19.0,30.0,6.0,20.0,11.0,0.0,1.0,8.0,11.0,21.0,22.0,0.0,0.0,8.0,1.0,0.0,0.0,0.0,0.0,0.0,1.0,0.0,0.0,0.0,5.0,13.0,1.0,0.0,0.0,0.0,1.0,133.0,0.0,114.0,1.0,2.0,3.0,6.0,2.0,8.0,7.0,5958958824.0,-1.0,酒泉市敦煌市,酒泉市敦煌市月牙泉镇,11.0,30.0,10.0,20.0,71.0,51.23333333333333,38.48684210526316,46.79183823529412
甘肃省,酒泉市,敦煌市,郭家堡镇,94.7664495,40.1965065,0.0,0.0,3.0,5.0,34.0,22.0,0.0,0.0,0.0,0.0,0.0,0.0,0.0,0.0,0.0,0.0,0.0,0.0,0.0,0.0,1.0,0.0,0.0,0.0,0.0,2.0,4.0,0.0,0.0,2.0,0.0,0.0,0.0,1.0,7.0,3.0,0.0,0.0,2.0,3.0,7.0,1.0,0.0,0.0,0.0,0.0,0.0,0.0,0.0,0.0,0.0,0.0,0.0,0.0,0.0,0.0,1.0,0.0,0.0,0.0,0.0,1.0,1.0,0.0,0.0,1.0,0.0,0.0,0.0,1.0,6.0,1.0,5960640278.0,-1.0,酒泉市敦煌市,酒泉市敦煌市郭家堡镇,9.0,22.4,0.0,2.3,33.699999999999996,51.23333333333333,38.48684210526316,46.79183823529412
甘肃省,酒泉市,敦煌市,黄渠镇,94.7060544,40.2796637,0.0,0.0,0.0,2.0,23.0,0.0,0.0,0.0,0.0,0.0,0.0,0.0,0.0,0.0,0.0,0.0,0.0,0.0,0.0,0.0,2.0,0.0,0.0,0.0,0.0,1.0,0.0,0.0,0.0,0.0,0.0,0.0,0.0,1.0,5.0,2.0,0.0,0.0,0.0,2.0,7.0,0.0,0.0,0.0,0.0,0.0,0.0,0.0,0.0,0.0,0.0,0.0,0.0,0.0,0.0,0.0,2.0,0.0,0.0,0.0,0.0,1.0,0.0,0.0,0.0,0.0,0.0,0.0,0.0,1.0,4.0,1.0,5960973159.0,-1.0,酒泉市敦煌市,酒泉市敦煌市黄渠镇,8.0,11.200000000000001,0.0,1.0,20.200000000000003,51.23333333333333,38.48684210526316,46.79183823529412
甘肃省,庆阳市,西峰区,北街街道,107.6394292,35.7483902,15.0,50.0,86.0,78.0,394.0,258.0,0.0,108.0,40.0,2.0,6.0,4.0,2.0,4.0,14.0,33.0,1.0,1.0,2.0,24.0,53.0,0.0,18.0,1.0,2.0,26.0,2392.0,0.0,0.0,19.0,1.0,20.0,9.0,7.0,21.0,14.0,0.0,26.0,9.0,18.0,88.0,66.0,0.0,0.0,11.0,0.0,1.0,1.0,1.0,1.0,3.0,8.0,0.0,0.0,0.0,0.0,14.0,0.0,5.0,0.0,1.0,4.0,657.0,0.0,0.0,2.0,1.0,2.0,1.0,1.0,8.0,10.0,-1.0,-1.0,庆阳市西峰区,庆阳市西峰区北街街道,5.0,30.0,15.0,20.0,70.0,68.6,41.910084033613444,46.79183823529412
甘肃省,庆阳市,西峰区,南街街道,107.6374924,35.7141229,13.0,78.0,166.0,142.0,441.0,307.0,0.0,146.0,52.0,12.0,7.0,9.0,2.0,4.0,23.0,35.0,1.0,1.0,3.0,40.0,88.0,7.0,11.0,3.0,6.0,39.0,2260.0,1.0,0.0,23.0,1.0,32.0,12.0,8.0,23.0,18.0,0.0,24.0,51.0,55.0,60.0,68.0,0.0,27.0,0.0,2.0,1.0,4.0,1.0,1.0,5.0,6.0,1.0,0.0,1.0,13.0,20.0,1.0,1.0,0.0,2.0,8.0,348.0,0.0,0.0,2.0,1.0,4.0,3.0,3.0,12.0,8.0,-1.0,-1.0,庆阳市西峰区,庆阳市西峰区南街街道,5.0,30.0,28.0,20.0,83.0,68.6,41.910084033613444,46.79183823529412
甘肃省,庆阳市,西峰区,西街街道,107.6295874,35.7299596,17.0,88.0,162.0,132.0,482.0,313.0,0.0,128.0,38.0,6.0,8.0,8.0,3.0,5.0,22.0,42.0,1.0,1.0,3.0,39.0,75.0,1.0,15.0,2.0,7.0,33.0,2849.0,0.0,0.0,28.0,2.0,24.0,13.0,8.0,23.0,15.0,7.0,13.0,24.0,24.0,83.0,91.0,0.0,25.0,9.0,0.0,2.0,3.0,1.0,2.0,3.0,8.0,0.0,1.0,2.0,20.0,12.0,0.0,1.0,1.0,1.0,6.0,767.0,0.0,0.0,9.0,0.0,9.0,7.0,3.0,15.0,9.0,-1.0,-1.0,庆阳市西峰区,庆阳市西峰区西街街道,5.0,30.0,25.0,20.0,80.0,68.6,41.910084033613444,46.79183823529412
甘肃省,庆阳市,西峰区,肖金镇,107.6462081,35.5852468,7.0,1.0,4.0,15.0,173.0,2.0,0.0,0.0,0.0,0.0,1.0,0.0,0.0,0.0,3.0,4.0,0.0,0.0,0.0,0.0,4.0,0.0,0.0,0.0,0.0,8.0,60.0,0.0,0.0,13.0,0.0,0.0,1.0,2.0,13.0,8.0,2.0,0.0,2.0,4.0,51.0,2.0,0.0,0.0,0.0,0.0,0.0,0.0,0.0,0.0,1.0,2.0,0.0,0.0,0.0,0.0,0.0,0.0,0.0,0.0,0.0,2.0,42.0,0.0,0.0,1.0,0.0,0.0,1.0,1.0,6.0,5.0,2987179666.0,19019622.0,庆阳市西峰区,庆阳市西峰区肖金镇,20.0,26.0,5.0,15.600000000000001,66.6,68.6,41.910084033613444,46.79183823529412
甘肃省,庆阳市,西峰区,董志镇,107.6456276,35.6632894,7.0,30.0,25.0,48.0,155.0,103.0,20.0,6.0,31.0,2.0,3.0,1.0,2.0,2.0,1.0,2.0,3.0,0.0,0.0,2.0,19.0,11.0,13.0,0.0,1.0,8.0,192.0,1.0,0.0,12.0,1.0,30.0,3.0,4.0,20.0,14.0,5.0,8.0,9.0,3.0,20.0,5.0,0.0,0.0,7.0,0.0,2.0,0.0,0.0,0.0,0.0,0.0,0.0,0.0,0.0,0.0,2.0,0.0,5.0,0.0,0.0,2.0,29.0,0.0,0.0,1.0,0.0,10.0,0.0,2.0,10.0,7.0,6039779531.0,19324891.0,庆阳市西峰区,庆阳市西峰区董志镇,20.0,30.0,5.0,20.0,75.0,68.6,41.910084033613444,46.79183823529412
甘肃省,庆阳市,西峰区,后官寨镇,107.6160632,35.7301092,8.0,32.0,59.0,78.0,481.0,259.0,0.0,58.0,18.0,3.0,7.0,6.0,3.0,5.0,17.0,32.0,0.0,1.0,2.0,37.0,46.0,1.0,11.0,1.0,4.0,29.0,2435.0,0.0,0.0,27.0,2.0,19.0,10.0,8.0,21.0,15.0,4.0,0.0,4.0,8.0,60.0,41.0,0.0,0.0,1.0,0.0,2.0,0.0,0.0,0.0,0.0,3.0,0.0,0.0,0.0,0.0,5.0,0.0,2.0,0.0,0.0,3.0,222.0,0.0,0.0,5.0,0.0,0.0,0.0,5.0,10.0,7.0,6039779532.0,-1.0,庆阳市西峰区,庆阳市西峰区后官寨镇,12.0,30.0,5.0,20.0,67.0,68.6,41.910084033613444,46.79183823529412
甘肃省,庆阳市,西峰区,彭原镇,107.6107744,35.809063,4.0,4.0,3.0,14.0,191.0,68.0,0.0,44.0,0.0,2.0,2.0,0.0,0.0,0.0,6.0,6.0,0.0,0.0,0.0,0.0,11.0,0.0,5.0,0.0,0.0,1.0,57.0,0.0,0.0,7.0,0.0,3.0,0.0,3.0,12.0,11.0,2.0,3.0,2.0,6.0,36.0,25.0,0.0,0.0,0.0,2.0,2.0,0.0,0.0,0.0,2.0,2.0,0.0,0.0,0.0,0.0,1.0,0.0,0.0,0.0,0.0,1.0,24.0,0.0,0.0,1.0,0.0,0.0,0.0,3.0,8.0,5.0,3191198021.0,-1.0,庆阳市西峰区,庆阳市西峰区彭原镇,8.0,28.0,5.0,12.9,53.9,68.6,41.910084033613444,46.79183823529412
甘肃省,庆阳市,西峰区,温泉镇,107.6683005,35.7254324,0.0,35.0,48.0,70.0,300.0,249.0,0.0,93.0,36.0,5.0,4.0,5.0,3.0,5.0,15.0,23.0,2.0,1.0,3.0,53.0,68.0,1.0,5.0,2.0,4.0,26.0,1529.0,0.0,0.0,23.0,2.0,19.0,12.0,5.0,19.0,14.0,0.0,4.0,6.0,10.0,37.0,61.0,0.0,16.0,0.0,1.0,1.0,0.0,0.0,0.0,3.0,5.0,0.0,0.0,0.0,0.0,12.0,0.0,2.0,0.0,0.0,7.0,226.0,0.0,0.0,2.0,1.0,6.0,1.0,1.0,11.0,9.0,6039779535.0,-1.0,庆阳市西峰区,庆阳市西峰区温泉镇,12.0,30.0,10.0,20.0,72.0,68.6,41.910084033613444,46.79183823529412
甘肃省,庆阳市,西峰区,什社乡,107.8194694,35.6573773,0.0,1.0,0.0,7.0,92.0,12.0,0.0,0.0,0.0,0.0,0.0,0.0,0.0,0.0,2.0,2.0,0.0,0.0,0.0,0.0,4.0,0.0,1.0,0.0,0.0,5.0,206.0,0.0,0.0,11.0,0.0,0.0,0.0,1.0,6.0,8.0,0.0,1.0,0.0,2.0,25.0,9.0,0.0,0.0,0.0,0.0,0.0,0.0,0.0,0.0,1.0,1.0,0.0,0.0,0.0,0.0,1.0,0.0,0.0,0.0,0.0,2.0,196.0,0.0,0.0,3.0,0.0,0.0,0.0,1.0,6.0,4.0,6039779534.0,19318767.0,庆阳市西峰区,庆阳市西峰区什社乡,20.0,23.0,5.0,20.0,68.0,68.6,41.910084033613444,46.79183823529412
甘肃省,庆阳市,西峰区,显胜乡,107.6613715,35.4983332,0.0,1.0,0.0,3.0,99.0,0.0,0.0,0.0,0.0,0.0,0.0,0.0,0.0,0.0,2.0,2.0,0.0,0.0,0.0,0.0,10.0,0.0,0.0,0.0,0.0,6.0,5.0,0.0,0.0,3.0,0.0,0.0,0.0,1.0,5.0,4.0,0.0,1.0,0.0,2.0,18.0,0.0,0.0,0.0,0.0,0.0,0.0,0.0,0.0,0.0,2.0,2.0,0.0,0.0,0.0,0.0,1.0,0.0,0.0,0.0,0.0,2.0,1.0,0.0,0.0,1.0,0.0,0.0,0.0,1.0,5.0,3.0,5194684548.0,8893674.0,庆阳市西峰区,庆阳市西峰区显胜乡,20.0,22.5,5.0,3.0,50.5,68.6,41.910084033613444,46.79183823529412
甘肃省,庆阳市,庆城县,庆城镇,107.879044,36.008623,15.0,1.0,48.0,39.0,96.0,81.0,0.0,46.0,8.0,5.0,4.0,3.0,2.0,2.0,12.0,15.0,3.0,0.0,1.0,5.0,6.0,0.0,14.0,0.0,3.0,5.0,526.0,0.0,0.0,18.0,0.0,16.0,6.0,3.0,17.0,13.0,1.0,0.0,29.0,20.0,38.0,20.0,0.0,7.0,0.0,0.0,0.0,1.0,0.0,0.0,6.0,7.0,1.0,0.0,0.0,3.0,1.0,0.0,2.0,0.0,0.0,2.0,256.0,0.0,0.0,4.0,0.0,7.0,4.0,2.0,11.0,9.0,8114432514.0,-1.0,庆阳市庆城县,庆阳市庆城县庆城镇,12.0,30.0,18.0,20.0,80.0,39.806666666666665,41.910084033613444,46.79183823529412
甘肃省,庆阳市,庆城县,驿马镇,107.6007283,35.8871137,5.0,0.0,0.0,9.0,155.0,23.0,0.0,0.0,0.0,0.0,0.0,0.0,0.0,0.0,4.0,4.0,0.0,0.0,0.0,0.0,7.0,0.0,13.0,0.0,0.0,1.0,38.0,0.0,0.0,4.0,0.0,1.0,0.0,4.0,9.0,9.0,2.0,0.0,0.0,3.0,24.0,1.0,0.0,0.0,0.0,0.0,0.0,0.0,0.0,0.0,1.0,1.0,0.0,0.0,0.0,0.0,1.0,0.0,1.0,0.0,0.0,1.0,5.0,0.0,0.0,0.0,0.0,0.0,0.0,1.0,5.0,6.0,3191198022.0,-1.0,庆阳市庆城县,庆阳市庆城县驿马镇,8.0,24.0,5.0,8.7,45.7,39.806666666666665,41.910084033613444,46.79183823529412
甘肃省,庆阳市,庆城县,三十里铺镇,107.7792358,36.097517,3.0,0.0,0.0,13.0,49.0,14.0,0.0,1.0,0.0,1.0,2.0,0.0,0.0,0.0,1.0,2.0,0.0,0.0,0.0,2.0,6.0,0.0,3.0,0.0,0.0,1.0,155.0,0.0,0.0,10.0,0.0,0.0,0.0,3.0,11.0,7.0,1.0,0.0,0.0,5.0,25.0,4.0,0.0,0.0,0.0,0.0,2.0,0.0,0.0,0.0,1.0,2.0,0.0,0.0,0.0,2.0,1.0,0.0,1.0,0.0,0.0,1.0,73.0,0.0,0.0,2.0,0.0,0.0,0.0,2.0,10.0,4.0,3191187427.0,-1.0,庆阳市庆城县,庆阳市庆城县三十里铺镇,8.0,28.0,7.0,19.5,62.5,39.806666666666665,41.910084033613444,46.79183823529412
甘肃省,庆阳市,庆城县,马岭镇,107.6448491,36.2176444,3.0,0.0,8.0,18.0,16.0,7.0,0.0,1.0,0.0,0.0,0.0,0.0,0.0,0.0,0.0,1.0,0.0,0.0,0.0,0.0,3.0,0.0,2.0,0.0,0.0,2.0,17.0,0.0,0.0,1.0,0.0,0.0,0.0,3.0,11.0,6.0,3.0,0.0,4.0,11.0,2.0,4.0,0.0,1.0,0.0,0.0,0.0,0.0,0.0,0.0,0.0,0.0,0.0,0.0,0.0,0.0,2.0,0.0,0.0,0.0,0.0,1.0,3.0,0.0,0.0,1.0,0.0,0.0,0.0,3.0,7.0,3.0,3824162877.0,-1.0,庆阳市庆城县,庆阳市庆城县马岭镇,9.0,17.8,0.0,5.2,32.0,39.806666666666665,41.910084033613444,46.79183823529412
甘肃省,庆阳市,庆城县,玄马镇,107.8944628,36.0774206,4.0,0.0,2.0,12.0,51.0,1.0,0.0,0.0,0.0,0.0,0.0,0.0,0.0,0.0,2.0,3.0,0.0,0.0,0.0,0.0,3.0,0.0,0.0,0.0,0.0,2.0,75.0,0.0,0.0,11.0,0.0,0.0,0.0,1.0,10.0,6.0,3.0,0.0,0.0,0.0,21.0,0.0,0.0,0.0,0.0,0.0,0.0,0.0,0.0,0.0,2.0,3.0,0.0,0.0,0.0,0.0,2.0,0.0,0.0,0.0,0.0,1.0,43.0,0.0,0.0,6.0,0.0,0.0,0.0,1.0,7.0,6.0,979121699.0,-1.0,庆阳市庆城县,庆阳市庆城县玄马镇,9.0,24.0,5.0,16.5,54.5,39.806666666666665,41.910084033613444,46.79183823529412
甘肃省,庆阳市,庆城县,白马铺镇,107.7497862,35.8986947,4.0,2.0,1.0,2.0,35.0,12.0,0.0,0.0,0.0,0.0,0.0,0.0,0.0,0.0,1.0,2.0,0.0,0.0,0.0,0.0,4.0,0.0,11.0,0.0,0.0,1.0,112.0,0.0,0.0,11.0,0.0,0.0,0.0,1.0,8.0,6.0,4.0,2.0,1.0,0.0,9.0,5.0,0.0,0.0,0.0,0.0,0.0,0.0,0.0,0.0,0.0,1.0,0.0,0.0,0.0,0.0,1.0,0.0,6.0,0.0,0.0,1.0,84.0,0.0,0.0,2.0,0.0,0.0,0.0,1.0,6.0,3.0,3191210358.0,-1.0,庆阳市庆城县,庆阳市庆城县白马铺镇,8.0,20.7,0.0,19.0,47.7,39.806666666666665,41.910084033613444,46.79183823529412
甘肃省,庆阳市,庆城县,桐川镇,107.5187369,36.0134108,4.0,2.0,0.0,3.0,20.0,9.0,0.0,0.0,0.0,0.0,1.0,0.0,0.0,0.0,2.0,2.0,0.0,0.0,0.0,0.0,3.0,0.0,2.0,0.0,0.0,1.0,19.0,0.0,0.0,2.0,0.0,0.0,0.0,1.0,7.0,8.0,2.0,2.0,0.0,3.0,10.0,8.0,0.0,0.0,0.0,0.0,1.0,0.0,0.0,0.0,1.0,1.0,0.0,0.0,0.0,0.0,2.0,0.0,0.0,0.0,0.0,1.0,18.0,0.0,0.0,0.0,0.0,0.0,0.0,1.0,7.0,3.0,5194817129.0,-1.0,庆阳市庆城县,庆阳市庆城县桐川镇,8.0,20.5,5.0,7.9,41.4,39.806666666666665,41.910084033613444,46.79183823529412
甘肃省,庆阳市,庆城县,赤城镇,107.8135173,35.8260155,0.0,2.0,0.0,2.0,83.0,30.0,0.0,0.0,0.0,0.0,0.0,0.0,0.0,0.0,3.0,3.0,0.0,0.0,0.0,0.0,3.0,0.0,1.0,0.0,0.0,1.0,63.0,0.0,0.0,7.0,0.0,1.0,0.0,1.0,6.0,9.0,0.0,2.0,0.0,1.0,26.0,7.0,0.0,0.0,0.0,0.0,0.0,0.0,0.0,0.0,2.0,2.0,0.0,0.0,0.0,0.0,1.0,0.0,0.0,0.0,0.0,1.0,20.0,0.0,0.0,1.0,0.0,0.0,0.0,1.0,6.0,5.0,3191210357.0,-1.0,庆阳市庆城县,庆阳市庆城县赤城镇,8.0,23.0,5.0,13.1,49.1,39.806666666666665,41.910084033613444,46.79183823529412
甘肃省,庆阳市,庆城县,高楼镇,107.8609664,35.9148942,6.0,0.0,1.0,6.0,25.0,3.0,0.0,0.0,0.0,0.0,0.0,0.0,0.0,0.0,1.0,1.0,0.0,0.0,0.0,0.0,3.0,0.0,0.0,0.0,0.0,1.0,0.0,0.0,0.0,2.0,0.0,0.0,0.0,2.0,8.0,5.0,4.0,0.0,1.0,1.0,9.0,1.0,0.0,0.0,0.0,0.0,0.0,0.0,0.0,0.0,1.0,1.0,0.0,0.0,0.0,0.0,2.0,0.0,0.0,0.0,0.0,1.0,0.0,0.0,0.0,2.0,0.0,0.0,0.0,2.0,8.0,3.0,3191210359.0,-1.0,庆阳市庆城县,庆阳市庆城县高楼镇,8.0,21.7,5.0,2.9,37.6,39.806666666666665,41.910084033613444,46.79183823529412
甘肃省,庆阳市,庆城县,太白梁乡,107.421874,35.9749974,4.0,0.0,2.0,6.0,9.0,0.0,0.0,0.0,0.0,0.0,0.0,0.0,0.0,0.0,0.0,0.0,0.0,0.0,0.0,0.0,0.0,0.0,0.0,0.0,0.0,1.0,0.0,0.0,0.0,1.0,0.0,0.0,0.0,1.0,6.0,2.0,2.0,0.0,0.0,1.0,5.0,0.0,0.0,0.0,0.0,0.0,0.0,0.0,0.0,0.0,0.0,0.0,0.0,0.0,0.0,0.0,0.0,0.0,0.0,0.0,0.0,1.0,0.0,0.0,0.0,0.0,0.0,0.0,0.0,1.0,5.0,1.0,6036896255.0,-1.0,庆阳市庆城县,庆阳市庆城县太白梁乡,8.0,16.3,0.0,1.1,25.400000000000002,39.806666666666665,41.910084033613444,46.79183823529412
甘肃省,庆阳市,庆城县,土桥乡,107.4375049,36.1027965,0.0,3.0,0.0,3.0,11.0,0.0,0.0,0.0,0.0,0.0,0.0,0.0,0.0,0.0,0.0,0.0,0.0,0.0,0.0,0.0,0.0,0.0,0.0,0.0,0.0,1.0,2.0,0.0,0.0,1.0,0.0,0.0,0.0,1.0,4.0,1.0,0.0,1.0,0.0,2.0,4.0,0.0,0.0,0.0,0.0,0.0,0.0,0.0,0.0,0.0,0.0,0.0,0.0,0.0,0.0,0.0,0.0,0.0,0.0,0.0,0.0,1.0,0.0,0.0,0.0,1.0,0.0,0.0,0.0,1.0,4.0,1.0,6036896256.0,-1.0,庆阳市庆城县,庆阳市庆城县土桥乡,8.0,13.4,0.0,0.9,22.299999999999997,39.806666666666665,41.910084033613444,46.79183823529412
甘肃省,庆阳市,庆城县,蔡口集乡,107.3690555,36.1364402,0.0,5.0,0.0,6.0,4.0,0.0,0.0,0.0,0.0,0.0,0.0,0.0,0.0,0.0,0.0,0.0,0.0,0.0,0.0,0.0,5.0,0.0,0.0,0.0,0.0,1.0,0.0,0.0,0.0,0.0,0.0,0.0,0.0,1.0,4.0,3.0,0.0,2.0,0.0,5.0,1.0,0.0,0.0,0.0,0.0,0.0,0.0,0.0,0.0,0.0,0.0,0.0,0.0,0.0,0.0,0.0,3.0,0.0,0.0,0.0,0.0,1.0,0.0,0.0,0.0,0.0,0.0,0.0,0.0,1.0,3.0,2.0,5194816392.0,-1.0,庆阳市庆城县,庆阳市庆城县蔡口集乡,8.0,13.1,0.0,1.5,22.6,39.806666666666665,41.910084033613444,46.79183823529412
甘肃省,庆阳市,庆城县,南庄乡,107.9838575,36.0682996,0.0,2.0,2.0,3.0,1.0,0.0,0.0,0.0,0.0,0.0,0.0,0.0,0.0,0.0,1.0,1.0,0.0,0.0,0.0,0.0,1.0,0.0,0.0,0.0,0.0,21.0,0.0,0.0,0.0,2.0,0.0,0.0,0.0,1.0,4.0,4.0,0.0,1.0,1.0,1.0,0.0,0.0,0.0,0.0,0.0,0.0,0.0,0.0,0.0,0.0,1.0,1.0,0.0,0.0,0.0,0.0,1.0,0.0,0.0,0.0,0.0,2.0,0.0,0.0,0.0,1.0,0.0,0.0,0.0,1.0,3.0,1.0,6036896253.0,-1.0,庆阳市庆城县,庆阳市庆城县南庄乡,12.0,10.2,5.0,2.3,29.5,39.806666666666665,41.910084033613444,46.79183823529412
甘肃省,庆阳市,庆城县,翟家河乡,107.636867,36.1366291,0.0,0.0,1.0,3.0,10.0,0.0,0.0,0.0,0.0,0.0,0.0,0.0,0.0,0.0,0.0,0.0,0.0,0.0,0.0,0.0,0.0,0.0,0.0,0.0,0.0,2.0,0.0,0.0,0.0,0.0,0.0,0.0,0.0,1.0,4.0,3.0,0.0,0.0,1.0,1.0,5.0,0.0,0.0,0.0,0.0,0.0,0.0,0.0,0.0,0.0,0.0,0.0,0.0,0.0,0.0,0.0,0.0,0.0,0.0,0.0,0.0,1.0,0.0,0.0,0.0,0.0,0.0,0.0,0.0,1.0,4.0,1.0,4517482177.0,-1.0,庆阳市庆城县,庆阳市庆城县翟家河乡,9.0,13.5,0.0,1.5,24.0,39.806666666666665,41.910084033613444,46.79183823529412
甘肃省,庆阳市,庆城县,蔡家庙乡,107.7175939,36.0529692,0.0,0.0,4.0,4.0,3.0,0.0,0.0,1.0,0.0,0.0,0.0,0.0,0.0,0.0,0.0,0.0,0.0,0.0,0.0,0.0,2.0,0.0,0.0,0.0,0.0,1.0,19.0,0.0,0.0,2.0,0.0,0.0,0.0,1.0,4.0,2.0,0.0,0.0,4.0,3.0,0.0,0.0,0.0,1.0,0.0,0.0,0.0,0.0,0.0,0.0,0.0,0.0,0.0,0.0,0.0,0.0,2.0,0.0,0.0,0.0,0.0,1.0,0.0,0.0,0.0,1.0,0.0,0.0,0.0,1.0,3.0,2.0,6036896252.0,-1.0,庆阳市庆城县,庆阳市庆城县蔡家庙乡,8.0,11.6,0.0,3.2,22.8,39.806666666666665,41.910084033613444,46.79183823529412
甘肃省,庆阳市,环县,环城镇,107.2955811,36.5788423,8.0,12.0,8.0,49.0,138.0,52.0,0.0,16.0,0.0,0.0,2.0,1.0,0.0,0.0,9.0,10.0,0.0,0.0,0.0,0.0,7.0,0.0,4.0,0.0,1.0,3.0,439.0,0.0,0.0,5.0,0.0,8.0,1.0,4.0,16.0,11.0,5.0,4.0,4.0,16.0,36.0,14.0,0.0,3.0,0.0,0.0,1.0,0.0,0.0,0.0,5.0,6.0,0.0,0.0,0.0,0.0,2.0,0.0,2.0,0.0,0.0,1.0,158.0,0.0,0.0,1.0,0.0,5.0,1.0,2.0,11.0,6.0,8113653395.0,-1.0,庆阳市环县,庆阳市环县环城镇,10.0,26.0,10.0,20.0,66.0,33.495,41.910084033613444,46.79183823529412
甘肃省,庆阳市,环县,曲子镇,107.5138854,36.2922195,1.0,0.0,1.0,20.0,23.0,0.0,0.0,2.0,0.0,0.0,0.0,0.0,0.0,0.0,4.0,4.0,0.0,0.0,0.0,0.0,3.0,0.0,3.0,0.0,0.0,1.0,22.0,0.0,0.0,4.0,0.0,0.0,0.0,5.0,7.0,8.0,1.0,0.0,1.0,10.0,15.0,0.0,0.0,2.0,0.0,0.0,0.0,0.0,0.0,0.0,3.0,3.0,0.0,0.0,0.0,0.0,1.0,0.0,0.0,0.0,0.0,1.0,14.0,0.0,0.0,2.0,0.0,0.0,0.0,3.0,7.0,4.0,2988976966.0,-1.0,庆阳市环县,庆阳市环县曲子镇,8.0,22.6,5.0,8.2,43.8,33.495,41.910084033613444,46.79183823529412
甘肃省,庆阳市,环县,甜水镇,106.784595,37.148588,6.0,0.0,6.0,6.0,34.0,8.0,0.0,0.0,3.0,0.0,1.0,0.0,0.0,0.0,0.0,0.0,0.0,0.0,0.0,0.0,4.0,0.0,3.0,0.0,0.0,1.0,18.0,0.0,0.0,4.0,0.0,1.0,0.0,9.0,8.0,5.0,1.0,0.0,3.0,0.0,20.0,4.0,0.0,0.0,0.0,0.0,0.0,0.0,0.0,0.0,0.0,0.0,0.0,0.0,0.0,0.0,1.0,0.0,2.0,0.0,0.0,1.0,6.0,0.0,0.0,1.0,0.0,1.0,0.0,8.0,6.0,4.0,2989285877.0,-1.0,庆阳市环县,庆阳市环县甜水镇,8.0,28.0,0.0,5.4,41.4,33.495,41.910084033613444,46.79183823529412
甘肃省,庆阳市,环县,木钵镇,107.4373346,36.4462558,3.0,1.0,0.0,18.0,10.0,2.0,0.0,2.0,0.0,0.0,0.0,1.0,0.0,0.0,2.0,2.0,0.0,0.0,0.0,0.0,2.0,0.0,0.0,0.0,0.0,1.0,0.0,0.0,0.0,1.0,0.0,0.0,0.0,3.0,10.0,4.0,3.0,1.0,0.0,9.0,5.0,0.0,0.0,1.0,0.0,0.0,0.0,1.0,0.0,0.0,1.0,1.0,0.0,0.0,0.0,0.0,1.0,0.0,0.0,0.0,0.0,1.0,0.0,0.0,0.0,1.0,0.0,0.0,0.0,3.0,8.0,3.0,2989219051.0,-1.0,庆阳市环县,庆阳市环县木钵镇,8.0,17.5,10.0,2.2,37.7,33.495,41.910084033613444,46.79183823529412
甘肃省,庆阳市,环县,洪德镇,107.1823557,36.7698666,7.0,8.0,1.0,4.0,17.0,4.0,0.0,0.0,0.0,0.0,1.0,0.0,0.0,0.0,0.0,0.0,0.0,0.0,0.0,0.0,3.0,0.0,0.0,0.0,0.0,1.0,37.0,0.0,0.0,2.0,0.0,1.0,0.0,3.0,12.0,5.0,6.0,4.0,1.0,4.0,8.0,0.0,0.0,0.0,0.0,0.0,1.0,0.0,0.0,0.0,0.0,0.0,0.0,0.0,0.0,0.0,2.0,0.0,0.0,0.0,0.0,1.0,24.0,0.0,0.0,1.0,0.0,0.0,0.0,3.0,7.0,2.0,2987181652.0,-1.0,庆阳市环县,庆阳市环县洪德镇,8.0,20.8,0.0,8.9,37.7,33.495,41.910084033613444,46.79183823529412
甘肃省,庆阳市,环县,合道镇,107.1884053,36.2987268,0.0,9.0,0.0,5.0,4.0,0.0,0.0,0.0,0.0,0.0,0.0,0.0,0.0,0.0,2.0,2.0,0.0,0.0,0.0,0.0,2.0,0.0,0.0,0.0,0.0,1.0,12.0,0.0,0.0,4.0,0.0,0.0,0.0,1.0,3.0,4.0,0.0,7.0,0.0,1.0,4.0,0.0,0.0,0.0,0.0,0.0,0.0,0.0,0.0,0.0,2.0,2.0,0.0,0.0,0.0,0.0,0.0,0.0,0.0,0.0,0.0,1.0,11.0,0.0,0.0,2.0,0.0,0.0,0.0,1.0,3.0,1.0,2988970436.0,-1.0,庆阳市环县,庆阳市环县合道镇,8.0,13.5,5.0,4.9,31.4,33.495,41.910084033613444,46.79183823529412
甘肃省,庆阳市,环县,虎洞镇,106.9757591,36.5500742,20.0,10.0,4.0,9.0,9.0,0.0,0.0,0.0,0.0,0.0,1.0,0.0,0.0,0.0,0.0,0.0,0.0,0.0,0.0,0.0,3.0,0.0,0.0,0.0,0.0,3.0,12.0,0.0,0.0,1.0,0.0,0.0,0.0,1.0,7.0,5.0,6.0,7.0,4.0,2.0,6.0,0.0,0.0,0.0,0.0,0.0,1.0,0.0,0.0,0.0,0.0,0.0,0.0,0.0,0.0,0.0,3.0,0.0,0.0,0.0,0.0,1.0,11.0,0.0,0.0,0.0,0.0,0.0,0.0,1.0,7.0,3.0,2987263843.0,-1.0,庆阳市环县,庆阳市环县虎洞镇,10.0,19.1,0.0,4.9,34.0,33.495,41.910084033613444,46.79183823529412
甘肃省,庆阳市,环县,毛井镇,106.606558,36.464481,0.0,0.0,1.0,2.0,33.0,6.0,0.0,0.0,0.0,0.0,0.0,0.0,0.0,0.0,0.0,0.0,0.0,0.0,0.0,0.0,1.0,0.0,0.0,0.0,0.0,1.0,0.0,0.0,0.0,0.0,0.0,0.0,0.0,1.0,6.0,1.0,0.0,0.0,1.0,1.0,26.0,5.0,0.0,0.0,0.0,0.0,0.0,0.0,0.0,0.0,0.0,0.0,0.0,0.0,0.0,0.0,1.0,0.0,0.0,0.0,0.0,1.0,0.0,0.0,0.0,0.0,0.0,0.0,0.0,1.0,6.0,1.0,2987492943.0,-1.0,庆阳市环县,庆阳市环县毛井镇,8.0,23.0,0.0,0.5,31.5,33.495,41.910084033613444,46.79183823529412
甘肃省,庆阳市,环县,樊家川镇,107.462129,36.5802704,0.0,1.0,0.0,9.0,3.0,0.0,0.0,1.0,0.0,0.0,0.0,0.0,0.0,0.0,0.0,0.0,0.0,0.0,0.0,0.0,2.0,0.0,0.0,0.0,0.0,1.0,1.0,0.0,0.0,0.0,0.0,0.0,0.0,1.0,4.0,3.0,0.0,1.0,0.0,4.0,3.0,0.0,0.0,0.0,0.0,0.0,0.0,0.0,0.0,0.0,0.0,0.0,0.0,0.0,0.0,0.0,2.0,0.0,0.0,0.0,0.0,1.0,1.0,0.0,0.0,0.0,0.0,0.0,0.0,1.0,3.0,3.0,2989208299.0,-1.0,庆阳市环县,庆阳市环县樊家川镇,8.0,13.5,0.0,1.7,23.2,33.495,41.910084033613444,46.79183823529412
甘肃省,庆阳市,环县,车道镇,106.735124,36.400773,0.0,0.0,2.0,14.0,23.0,1.0,0.0,0.0,0.0,0.0,0.0,0.0,0.0,0.0,4.0,4.0,0.0,0.0,0.0,0.0,1.0,0.0,0.0,0.0,0.0,1.0,4.0,0.0,0.0,0.0,0.0,1.0,0.0,1.0,5.0,8.0,0.0,0.0,1.0,6.0,16.0,1.0,0.0,0.0,0.0,0.0,0.0,0.0,0.0,0.0,4.0,4.0,0.0,0.0,0.0,0.0,1.0,0.0,0.0,0.0,0.0,1.0,4.0,0.0,0.0,0.0,0.0,1.0,0.0,1.0,5.0,6.0,2987492941.0,-1.0,庆阳市环县,庆阳市环县车道镇,8.0,21.9,5.0,4.8,39.699999999999996,33.495,41.910084033613444,46.79183823529412
甘肃省,庆阳市,环县,天池乡,107.3169241,36.2372717,0.0,0.0,4.0,2.0,3.0,0.0,0.0,0.0,0.0,0.0,1.0,0.0,0.0,0.0,1.0,1.0,0.0,0.0,0.0,0.0,0.0,0.0,0.0,0.0,0.0,1.0,0.0,0.0,0.0,4.0,0.0,0.0,0.0,3.0,3.0,0.0,0.0,0.0,2.0,0.0,3.0,0.0,0.0,0.0,0.0,0.0,1.0,0.0,0.0,0.0,1.0,1.0,0.0,0.0,0.0,0.0,0.0,0.0,0.0,0.0,0.0,1.0,0.0,0.0,0.0,0.0,0.0,0.0,0.0,1.0,2.0,0.0,6027885049.0,-1.0,庆阳市环县,庆阳市环县天池乡,8.0,12.0,5.0,0.4,25.4,33.495,41.910084033613444,46.79183823529412
甘肃省,庆阳市,环县,演武乡,107.0755346,36.1573951,0.0,6.0,0.0,10.0,6.0,0.0,0.0,0.0,0.0,0.0,0.0,0.0,0.0,0.0,0.0,0.0,0.0,0.0,0.0,0.0,2.0,0.0,0.0,0.0,0.0,1.0,0.0,0.0,0.0,0.0,0.0,0.0,0.0,1.0,4.0,2.0,0.0,4.0,0.0,6.0,6.0,0.0,0.0,0.0,0.0,0.0,0.0,0.0,0.0,0.0,0.0,0.0,0.0,0.0,0.0,0.0,0.0,0.0,0.0,0.0,0.0,1.0,0.0,0.0,0.0,0.0,0.0,0.0,0.0,1.0,4.0,1.0,2988260384.0,-1.0,庆阳市环县,庆阳市环县演武乡,8.0,15.0,0.0,1.0,24.0,33.495,41.910084033613444,46.79183823529412
甘肃省,庆阳市,环县,八珠乡,107.5543196,36.545324,0.0,7.0,0.0,12.0,13.0,0.0,0.0,0.0,0.0,0.0,0.0,0.0,0.0,0.0,0.0,0.0,0.0,0.0,0.0,0.0,2.0,0.0,1.0,0.0,0.0,1.0,0.0,0.0,0.0,0.0,0.0,0.0,0.0,1.0,5.0,5.0,0.0,2.0,0.0,1.0,2.0,0.0,0.0,0.0,0.0,0.0,0.0,0.0,0.0,0.0,0.0,0.0,0.0,0.0,0.0,0.0,2.0,0.0,0.0,0.0,0.0,1.0,0.0,0.0,0.0,0.0,0.0,0.0,0.0,1.0,4.0,1.0,2989043710.0,-1.0,庆阳市环县,庆阳市环县八珠乡,8.0,15.7,0.0,2.5,26.2,33.495,41.910084033613444,46.79183823529412
甘肃省,庆阳市,环县,耿湾乡,107.257833,36.881351,0.0,7.0,4.0,6.0,8.0,0.0,0.0,0.0,0.0,0.0,0.0,1.0,0.0,0.0,0.0,0.0,0.0,0.0,0.0,0.0,1.0,0.0,0.0,0.0,0.0,1.0,4.0,0.0,0.0,0.0,0.0,0.0,0.0,1.0,5.0,2.0,0.0,3.0,0.0,2.0,4.0,0.0,0.0,0.0,0.0,0.0,0.0,1.0,0.0,0.0,0.0,0.0,0.0,0.0,0.0,0.0,1.0,0.0,0.0,0.0,0.0,1.0,0.0,0.0,0.0,0.0,0.0,0.0,0.0,1.0,3.0,2.0,2989285875.0,-1.0,庆阳市环县,庆阳市环县耿湾乡,8.0,15.3,5.0,1.4,29.7,33.495,41.910084033613444,46.79183823529412
甘肃省,庆阳市,环县,秦团庄乡,107.1738673,37.0578675,0.0,3.0,0.0,2.0,24.0,2.0,0.0,0.0,0.0,0.0,1.0,0.0,0.0,0.0,2.0,2.0,0.0,0.0,0.0,0.0,2.0,0.0,2.0,0.0,0.0,1.0,0.0,0.0,0.0,2.0,0.0,0.0,0.0,1.0,6.0,5.0,0.0,2.0,0.0,2.0,13.0,2.0,0.0,0.0,0.0,0.0,1.0,0.0,0.0,0.0,2.0,2.0,0.0,0.0,0.0,0.0,1.0,0.0,1.0,0.0,0.0,1.0,0.0,0.0,0.0,1.0,0.0,0.0,0.0,1.0,6.0,3.0,6027885048.0,-1.0,庆阳市环县,庆阳市环县秦团庄乡,8.0,20.700000000000003,5.0,2.8,36.5,33.495,41.910084033613444,46.79183823529412
甘肃省,庆阳市,环县,山城乡,107.0276418,36.9577095,4.0,0.0,4.0,8.0,10.0,0.0,0.0,0.0,0.0,0.0,1.0,0.0,0.0,0.0,1.0,2.0,0.0,0.0,0.0,0.0,2.0,0.0,2.0,0.0,0.0,1.0,20.0,0.0,0.0,3.0,0.0,1.0,1.0,3.0,9.0,6.0,1.0,0.0,4.0,5.0,5.0,0.0,0.0,0.0,0.0,0.0,0.0,0.0,0.0,0.0,1.0,2.0,0.0,0.0,0.0,0.0,1.0,0.0,2.0,0.0,0.0,1.0,18.0,0.0,0.0,1.0,0.0,1.0,1.0,3.0,6.0,5.0,2989285876.0,-1.0,庆阳市环县,庆阳市环县山城乡,8.0,19.5,5.0,7.2,39.7,33.495,41.910084033613444,46.79183823529412
甘肃省,庆阳市,环县,南湫乡,106.7052929,36.9081302,0.0,2.0,3.0,5.0,0.0,0.0,0.0,0.0,0.0,0.0,0.0,0.0,0.0,0.0,0.0,0.0,0.0,0.0,0.0,0.0,1.0,0.0,0.0,0.0,0.0,1.0,0.0,0.0,0.0,1.0,0.0,0.0,0.0,1.0,3.0,2.0,0.0,2.0,2.0,5.0,0.0,0.0,0.0,0.0,0.0,0.0,0.0,0.0,0.0,0.0,0.0,0.0,0.0,0.0,0.0,0.0,1.0,0.0,0.0,0.0,0.0,1.0,0.0,0.0,0.0,1.0,0.0,0.0,0.0,1.0,3.0,1.0,2987646763.0,-1.0,庆阳市环县,庆阳市环县南湫乡,8.0,11.5,0.0,1.2,20.7,33.495,41.910084033613444,46.79183823529412
甘肃省,庆阳市,环县,罗山川乡,106.9368346,36.7956773,0.0,3.0,0.0,3.0,2.0,0.0,0.0,0.0,0.0,0.0,0.0,0.0,0.0,0.0,0.0,0.0,0.0,0.0,0.0,0.0,9.0,0.0,0.0,0.0,0.0,1.0,0.0,0.0,0.0,0.0,0.0,0.0,0.0,1.0,4.0,3.0,0.0,2.0,0.0,2.0,1.0,0.0,0.0,0.0,0.0,0.0,0.0,0.0,0.0,0.0,0.0,0.0,0.0,0.0,0.0,0.0,5.0,0.0,0.0,0.0,0.0,1.0,0.0,0.0,0.0,0.0,0.0,0.0,0.0,1.0,3.0,2.0,2987179665.0,-1.0,庆阳市环县,庆阳市环县罗山川乡,8.0,10.7,0.0,1.5,20.2,33.495,41.910084033613444,46.79183823529412
甘肃省,庆阳市,环县,小南沟乡,106.8193524,36.6244549,0.0,2.0,0.0,7.0,3.0,0.0,0.0,0.0,0.0,0.0,1.0,0.0,0.0,0.0,2.0,2.0,0.0,0.0,0.0,0.0,0.0,0.0,0.0,0.0,0.0,1.0,1.0,0.0,0.0,1.0,0.0,0.0,0.0,1.0,4.0,0.0,0.0,2.0,0.0,1.0,2.0,0.0,0.0,0.0,0.0,0.0,1.0,0.0,0.0,0.0,2.0,2.0,0.0,0.0,0.0,0.0,0.0,0.0,0.0,0.0,0.0,1.0,1.0,0.0,0.0,1.0,0.0,0.0,0.0,1.0,3.0,0.0,2987263845.0,-1.0,庆阳市环县,庆阳市环县小南沟乡,8.0,15.2,5.0,0.4,28.599999999999998,33.495,41.910084033613444,46.79183823529412
甘肃省,庆阳市,环县,芦家湾乡,106.5882865,36.3747353,10.0,0.0,2.0,6.0,25.0,1.0,0.0,1.0,0.0,0.0,0.0,0.0,0.0,0.0,0.0,0.0,0.0,0.0,0.0,0.0,1.0,0.0,0.0,0.0,0.0,1.0,0.0,0.0,0.0,0.0,0.0,0.0,0.0,1.0,10.0,5.0,0.0,0.0,1.0,4.0,10.0,0.0,0.0,1.0,0.0,0.0,0.0,0.0,0.0,0.0,0.0,0.0,0.0,0.0,0.0,0.0,1.0,0.0,0.0,0.0,0.0,1.0,0.0,0.0,0.0,0.0,0.0,0.0,0.0,1.0,5.0,3.0,2987492942.0,-1.0,庆阳市环县,庆阳市环县芦家湾乡,8.0,22.0,0.0,2.5,32.5,33.495,41.910084033613444,46.79183823529412
甘肃省,庆阳市,华池县,悦乐镇,107.9113264,36.264702,5.0,0.0,15.0,5.0,34.0,0.0,0.0,0.0,0.0,0.0,0.0,0.0,0.0,0.0,2.0,2.0,0.0,0.0,0.0,1.0,1.0,0.0,6.0,0.0,0.0,2.0,47.0,0.0,0.0,1.0,0.0,2.0,0.0,1.0,10.0,7.0,1.0,0.0,3.0,0.0,22.0,0.0,0.0,0.0,0.0,0.0,0.0,0.0,0.0,0.0,1.0,1.0,0.0,0.0,0.0,0.0,1.0,0.0,1.0,0.0,0.0,1.0,31.0,0.0,0.0,0.0,0.0,2.0,0.0,1.0,5.0,5.0,4584765055.0,-1.0,庆阳市华池县,庆阳市华池县悦乐镇,9.0,24.0,5.0,11.4,49.4,31.886666666666667,41.910084033613444,46.79183823529412
甘肃省,庆阳市,华池县,柔远镇,107.9938245,36.458638,4.0,0.0,5.0,30.0,49.0,5.0,0.0,0.0,0.0,0.0,1.0,0.0,0.0,0.0,3.0,6.0,1.0,0.0,0.0,0.0,10.0,0.0,6.0,0.0,0.0,5.0,95.0,0.0,0.0,18.0,0.0,5.0,1.0,2.0,9.0,8.0,4.0,0.0,3.0,14.0,21.0,1.0,0.0,0.0,0.0,0.0,0.0,0.0,0.0,0.0,1.0,3.0,1.0,0.0,0.0,0.0,4.0,0.0,1.0,0.0,0.0,2.0,32.0,0.0,0.0,6.0,0.0,1.0,1.0,2.0,7.0,6.0,8113693085.0,-1.0,庆阳市华池县,庆阳市华池县柔远镇,12.0,26.0,10.0,19.1,67.1,31.886666666666667,41.910084033613444,46.79183823529412
甘肃省,庆阳市,华池县,元城镇,107.789567,36.652024,0.0,0.0,3.0,8.0,5.0,1.0,0.0,0.0,0.0,0.0,0.0,0.0,0.0,0.0,0.0,0.0,0.0,0.0,0.0,0.0,3.0,0.0,2.0,0.0,0.0,2.0,1.0,0.0,0.0,1.0,0.0,0.0,0.0,1.0,7.0,3.0,0.0,0.0,3.0,7.0,1.0,0.0,0.0,0.0,0.0,0.0,0.0,0.0,0.0,0.0,0.0,0.0,0.0,0.0,0.0,0.0,3.0,0.0,0.0,0.0,0.0,1.0,0.0,0.0,0.0,0.0,0.0,0.0,0.0,1.0,5.0,2.0,6029119788.0,-1.0,庆阳市华池县,庆阳市华池县元城镇,9.0,14.8,0.0,1.7,25.5,31.886666666666667,41.910084033613444,46.79183823529412
甘肃省,庆阳市,华池县,南梁镇,108.3382237,36.3994583,0.0,7.0,0.0,6.0,15.0,4.0,0.0,1.0,0.0,1.0,0.0,1.0,0.0,0.0,0.0,0.0,0.0,0.0,0.0,0.0,1.0,0.0,0.0,0.0,0.0,4.0,9.0,0.0,0.0,0.0,0.0,1.0,1.0,1.0,7.0,5.0,0.0,1.0,0.0,4.0,7.0,4.0,0.0,1.0,0.0,1.0,0.0,1.0,0.0,0.0,0.0,0.0,0.0,0.0,0.0,0.0,1.0,0.0,0.0,0.0,0.0,1.0,8.0,0.0,0.0,0.0,0.0,1.0,1.0,1.0,6.0,4.0,6029152851.0,-1.0,庆阳市华池县,庆阳市华池县南梁镇,11.0,20.6,5.0,4.2,40.800000000000004,31.886666666666667,41.910084033613444,46.79183823529412
甘肃省,庆阳市,华池县,城壕镇,108.0176961,36.2398123,0.0,6.0,0.0,10.0,5.0,2.0,0.0,0.0,0.0,0.0,0.0,0.0,0.0,0.0,0.0,0.0,0.0,0.0,0.0,0.0,1.0,0.0,2.0,0.0,0.0,1.0,0.0,0.0,0.0,0.0,0.0,0.0,0.0,1.0,5.0,4.0,0.0,5.0,0.0,5.0,1.0,0.0,0.0,0.0,0.0,0.0,0.0,0.0,0.0,0.0,0.0,0.0,0.0,0.0,0.0,0.0,1.0,0.0,0.0,0.0,0.0,1.0,0.0,0.0,0.0,0.0,0.0,0.0,0.0,1.0,3.0,2.0,6029163824.0,-1.0,庆阳市华池县,庆阳市华池县城壕镇,8.0,13.8,0.0,2.0,23.8,31.886666666666667,41.910084033613444,46.79183823529412
甘肃省,庆阳市,华池县,五蛟镇,107.8058628,36.4495555,0.0,15.0,1.0,2.0,15.0,0.0,0.0,0.0,0.0,0.0,1.0,0.0,0.0,0.0,1.0,1.0,0.0,0.0,0.0,0.0,1.0,0.0,1.0,0.0,0.0,1.0,6.0,0.0,0.0,1.0,0.0,0.0,0.0,1.0,6.0,5.0,0.0,11.0,1.0,1.0,5.0,0.0,0.0,0.0,0.0,0.0,1.0,0.0,0.0,0.0,0.0,0.0,0.0,0.0,0.0,0.0,1.0,0.0,0.0,0.0,0.0,1.0,6.0,0.0,0.0,0.0,0.0,0.0,0.0,1.0,5.0,3.0,2671044857.0,-1.0,庆阳市华池县,庆阳市华池县五蛟镇,8.0,16.5,0.0,3.8,28.3,31.886666666666667,41.910084033613444,46.79183823529412
甘肃省,庆阳市,华池县,上里塬乡,107.7176239,36.2887343,0.0,2.0,1.0,4.0,4.0,0.0,0.0,0.0,0.0,0.0,0.0,0.0,0.0,0.0,2.0,2.0,0.0,0.0,0.0,0.0,2.0,0.0,0.0,0.0,0.0,3.0,0.0,0.0,0.0,1.0,0.0,0.0,0.0,3.0,5.0,1.0,0.0,1.0,0.0,1.0,2.0,0.0,0.0,0.0,0.0,0.0,0.0,0.0,0.0,0.0,1.0,1.0,0.0,0.0,0.0,0.0,2.0,0.0,0.0,0.0,0.0,1.0,0.0,0.0,0.0,0.0,0.0,0.0,0.0,1.0,3.0,1.0,4517442029.0,-1.0,庆阳市华池县,庆阳市华池县上里塬乡,10.0,12.9,5.0,0.6,28.5,31.886666666666667,41.910084033613444,46.79183823529412
甘肃省,庆阳市,华池县,王咀子乡,107.7783819,36.2204697,0.0,8.0,5.0,3.0,16.0,3.0,0.0,0.0,0.0,0.0,0.0,0.0,0.0,0.0,0.0,0.0,0.0,0.0,0.0,0.0,1.0,0.0,0.0,0.0,0.0,1.0,0.0,0.0,0.0,0.0,0.0,2.0,0.0,3.0,7.0,4.0,0.0,5.0,3.0,2.0,9.0,0.0,0.0,0.0,0.0,0.0,0.0,0.0,0.0,0.0,0.0,0.0,0.0,0.0,0.0,0.0,1.0,0.0,0.0,0.0,0.0,1.0,0.0,0.0,0.0,0.0,0.0,2.0,0.0,1.0,5.0,4.0,4517442030.0,-1.0,庆阳市华池县,庆阳市华池县王咀子乡,8.0,17.4,0.0,2.0,27.4,31.886666666666667,41.910084033613444,46.79183823529412
甘肃省,庆阳市,华池县,白马乡,107.727164,36.592608,0.0,3.0,0.0,1.0,7.0,2.0,0.0,0.0,0.0,0.0,0.0,0.0,0.0,0.0,0.0,0.0,0.0,0.0,0.0,0.0,1.0,0.0,1.0,0.0,0.0,1.0,0.0,0.0,0.0,2.0,0.0,0.0,0.0,1.0,5.0,4.0,0.0,3.0,0.0,1.0,4.0,0.0,0.0,0.0,0.0,0.0,0.0,0.0,0.0,0.0,0.0,0.0,0.0,0.0,0.0,0.0,1.0,0.0,0.0,0.0,0.0,1.0,0.0,0.0,0.0,2.0,0.0,0.0,0.0,1.0,4.0,2.0,6029184605.0,-1.0,庆阳市华池县,庆阳市华池县白马乡,8.0,11.1,0.0,2.4,21.5,31.886666666666667,41.910084033613444,46.79183823529412
甘肃省,庆阳市,华池县,怀安乡,107.8198684,36.5826742,0.0,0.0,3.0,1.0,5.0,0.0,0.0,0.0,0.0,0.0,0.0,0.0,0.0,0.0,0.0,0.0,0.0,0.0,0.0,0.0,1.0,0.0,0.0,0.0,0.0,1.0,0.0,0.0,0.0,0.0,0.0,0.0,0.0,1.0,5.0,2.0,0.0,0.0,3.0,1.0,4.0,0.0,0.0,0.0,0.0,0.0,0.0,0.0,0.0,0.0,0.0,0.0,0.0,0.0,0.0,0.0,1.0,0.0,0.0,0.0,0.0,1.0,0.0,0.0,0.0,0.0,0.0,0.0,0.0,1.0,5.0,2.0,6029119786.0,-1.0,庆阳市华池县,庆阳市华池县怀安乡,8.0,10.7,0.0,1.0,19.7,31.886666666666667,41.910084033613444,46.79183823529412
甘肃省,庆阳市,华池县,乔川乡,107.669691,36.763726,0.0,0.0,7.0,5.0,9.0,1.0,0.0,0.0,0.0,0.0,0.0,0.0,0.0,0.0,0.0,0.0,0.0,0.0,0.0,0.0,2.0,0.0,1.0,0.0,0.0,1.0,2.0,0.0,0.0,0.0,0.0,0.0,0.0,1.0,7.0,6.0,0.0,0.0,3.0,1.0,5.0,0.0,0.0,0.0,0.0,0.0,0.0,0.0,0.0,0.0,0.0,0.0,0.0,0.0,0.0,0.0,2.0,0.0,0.0,0.0,0.0,1.0,0.0,0.0,0.0,0.0,0.0,0.0,0.0,1.0,5.0,4.0,6029192668.0,-1.0,庆阳市华池县,庆阳市华池县乔川乡,8.0,16.8,0.0,3.2,28.0,31.886666666666667,41.910084033613444,46.79183823529412
甘肃省,庆阳市,华池县,乔河乡,108.0292731,36.5138124,1.0,0.0,0.0,6.0,17.0,0.0,0.0,0.0,0.0,0.0,0.0,0.0,0.0,0.0,1.0,1.0,0.0,0.0,0.0,0.0,5.0,0.0,2.0,0.0,0.0,4.0,2.0,0.0,0.0,0.0,0.0,0.0,0.0,1.0,8.0,5.0,1.0,0.0,0.0,2.0,10.0,0.0,0.0,0.0,0.0,0.0,0.0,0.0,0.0,0.0,1.0,1.0,0.0,0.0,0.0,0.0,2.0,0.0,2.0,0.0,0.0,1.0,2.0,0.0,0.0,0.0,0.0,0.0,0.0,1.0,8.0,3.0,6029282585.0,-1.0,庆阳市华池县,庆阳市华池县乔河乡,11.0,20.4,5.0,2.9,39.3,31.886666666666667,41.910084033613444,46.79183823529412
甘肃省,庆阳市,华池县,山庄乡,108.2279284,36.3725133,0.0,12.0,2.0,3.0,3.0,1.0,0.0,0.0,0.0,0.0,1.0,0.0,0.0,0.0,1.0,1.0,0.0,0.0,0.0,0.0,3.0,0.0,0.0,0.0,0.0,3.0,24.0,0.0,0.0,1.0,0.0,0.0,0.0,1.0,8.0,5.0,0.0,8.0,1.0,0.0,1.0,0.0,0.0,0.0,0.0,0.0,1.0,0.0,0.0,0.0,0.0,0.0,0.0,0.0,0.0,0.0,2.0,0.0,0.0,0.0,0.0,1.0,0.0,0.0,0.0,0.0,0.0,0.0,0.0,1.0,6.0,3.0,6029289628.0,-1.0,庆阳市华池县,庆阳市华池县山庄乡,10.0,14.9,0.0,5.0,29.9,31.886666666666667,41.910084033613444,46.79183823529412
甘肃省,庆阳市,华池县,林镇乡,108.3754625,36.3173814,0.0,5.0,7.0,0.0,4.0,0.0,0.0,0.0,0.0,0.0,1.0,0.0,0.0,0.0,0.0,0.0,0.0,0.0,0.0,0.0,1.0,0.0,0.0,0.0,0.0,5.0,3.0,0.0,0.0,0.0,0.0,0.0,0.0,1.0,4.0,5.0,0.0,0.0,1.0,0.0,4.0,0.0,0.0,0.0,0.0,0.0,0.0,0.0,0.0,0.0,0.0,0.0,0.0,0.0,0.0,0.0,1.0,0.0,0.0,0.0,0.0,1.0,0.0,0.0,0.0,0.0,0.0,0.0,0.0,1.0,3.0,4.0,6029361486.0,-1.0,庆阳市华池县,庆阳市华池县林镇乡,12.0,11.0,0.0,2.8,25.8,31.886666666666667,41.910084033613444,46.79183823529412
甘肃省,庆阳市,华池县,紫坊畔乡,108.1874325,36.5332211,0.0,1.0,0.0,8.0,3.0,0.0,0.0,0.0,0.0,0.0,0.0,0.0,0.0,0.0,0.0,0.0,0.0,0.0,0.0,0.0,1.0,0.0,4.0,0.0,0.0,1.0,0.0,0.0,0.0,11.0,0.0,0.0,0.0,1.0,5.0,2.0,0.0,1.0,0.0,3.0,0.0,0.0,0.0,0.0,0.0,0.0,0.0,0.0,0.0,0.0,0.0,0.0,0.0,0.0,0.0,0.0,1.0,0.0,0.0,0.0,0.0,1.0,0.0,0.0,0.0,1.0,0.0,0.0,0.0,1.0,2.0,1.0,6029366061.0,-1.0,庆阳市华池县,庆阳市华池县紫坊畔乡,8.0,13.1,0.0,2.2,23.3,31.886666666666667,41.910084033613444,46.79183823529412
甘肃省,庆阳市,合水县,西华池镇,108.0122243,35.8096872,9.0,1.0,10.0,16.0,50.0,9.0,0.0,2.0,3.0,0.0,2.0,2.0,2.0,2.0,6.0,7.0,0.0,0.0,0.0,1.0,10.0,0.0,5.0,1.0,1.0,5.0,49.0,0.0,0.0,5.0,0.0,5.0,3.0,2.0,12.0,10.0,6.0,1.0,6.0,3.0,12.0,1.0,0.0,1.0,0.0,0.0,0.0,1.0,1.0,1.0,3.0,4.0,0.0,0.0,0.0,0.0,1.0,0.0,1.0,0.0,1.0,2.0,17.0,0.0,0.0,1.0,0.0,1.0,0.0,1.0,8.0,5.0,8113784313.0,-1.0,庆阳市合水县,庆阳市合水县西华池镇,12.0,28.0,15.0,11.2,66.2,35.975,41.910084033613444,46.79183823529412
甘肃省,庆阳市,合水县,老城镇,108.1181748,36.0132591,3.0,0.0,0.0,1.0,17.0,1.0,0.0,1.0,0.0,0.0,0.0,0.0,0.0,0.0,0.0,0.0,0.0,0.0,0.0,0.0,4.0,0.0,0.0,0.0,0.0,1.0,0.0,0.0,0.0,2.0,0.0,0.0,0.0,2.0,9.0,4.0,3.0,0.0,0.0,1.0,8.0,1.0,0.0,1.0,0.0,0.0,0.0,0.0,0.0,0.0,0.0,0.0,0.0,0.0,0.0,0.0,2.0,0.0,0.0,0.0,0.0,1.0,0.0,0.0,0.0,1.0,0.0,0.0,0.0,2.0,8.0,3.0,6031402524.0,-1.0,庆阳市合水县,庆阳市合水县老城镇,8.0,15.8,0.0,2.3,26.1,35.975,41.910084033613444,46.79183823529412
甘肃省,庆阳市,合水县,太白镇,108.6769937,36.1184679,7.0,0.0,3.0,2.0,6.0,0.0,0.0,0.0,0.0,0.0,0.0,0.0,0.0,0.0,0.0,0.0,0.0,0.0,0.0,0.0,2.0,0.0,0.0,0.0,0.0,3.0,11.0,0.0,0.0,2.0,0.0,0.0,0.0,11.0,9.0,7.0,5.0,0.0,3.0,2.0,6.0,0.0,0.0,0.0,0.0,0.0,0.0,0.0,0.0,0.0,0.0,0.0,0.0,0.0,0.0,0.0,2.0,0.0,0.0,0.0,0.0,1.0,5.0,0.0,0.0,0.0,0.0,0.0,0.0,2.0,7.0,7.0,3192422261.0,-1.0,庆阳市合水县,庆阳市合水县太白镇,10.0,14.0,0.0,5.3,29.3,35.975,41.910084033613444,46.79183823529412
甘肃省,庆阳市,合水县,板桥镇,107.9654201,35.8911649,18.0,0.0,3.0,6.0,23.0,2.0,0.0,0.0,0.0,0.0,1.0,0.0,0.0,0.0,1.0,1.0,0.0,0.0,0.0,0.0,5.0,0.0,2.0,0.0,0.0,1.0,5.0,0.0,0.0,0.0,0.0,0.0,0.0,4.0,7.0,6.0,14.0,0.0,2.0,2.0,6.0,2.0,0.0,0.0,0.0,0.0,1.0,0.0,0.0,0.0,1.0,1.0,0.0,0.0,0.0,0.0,3.0,0.0,2.0,0.0,0.0,1.0,5.0,0.0,0.0,0.0,0.0,0.0,0.0,3.0,6.0,3.0,3191210356.0,-1.0,庆阳市合水县,庆阳市合水县板桥镇,8.0,21.9,5.0,4.0,38.9,35.975,41.910084033613444,46.79183823529412
甘肃省,庆阳市,合水县,何家畔镇,107.8592936,35.7736857,18.0,2.0,0.0,6.0,61.0,18.0,0.0,0.0,0.0,0.0,1.0,0.0,0.0,0.0,4.0,4.0,0.0,0.0,0.0,0.0,2.0,0.0,3.0,0.0,0.0,1.0,13.0,0.0,0.0,7.0,0.0,0.0,0.0,3.0,7.0,6.0,0.0,2.0,0.0,3.0,16.0,3.0,0.0,0.0,0.0,0.0,1.0,0.0,0.0,0.0,2.0,2.0,0.0,0.0,0.0,0.0,1.0,0.0,2.0,0.0,0.0,1.0,12.0,0.0,0.0,4.0,0.0,0.0,0.0,3.0,6.0,5.0,6031423305.0,-1.0,庆阳市合水县,庆阳市合水县何家畔镇,8.0,25.5,5.0,6.6,45.1,35.975,41.910084033613444,46.79183823529412
甘肃省,庆阳市,合水县,吉岘镇,107.973371,35.7322628,1.0,0.0,0.0,7.0,39.0,3.0,0.0,0.0,0.0,0.0,0.0,0.0,0.0,0.0,2.0,2.0,0.0,0.0,0.0,0.0,7.0,0.0,2.0,0.0,0.0,2.0,7.0,0.0,0.0,6.0,0.0,0.0,0.0,2.0,7.0,5.0,1.0,0.0,0.0,1.0,19.0,2.0,0.0,0.0,0.0,0.0,0.0,0.0,0.0,0.0,1.0,1.0,0.0,0.0,0.0,0.0,2.0,0.0,0.0,0.0,0.0,1.0,4.0,0.0,0.0,3.0,0.0,0.0,0.0,2.0,7.0,3.0,6031447023.0,-1.0,庆阳市合水县,庆阳市合水县吉岘镇,9.0,23.5,5.0,4.5,42.0,35.975,41.910084033613444,46.79183823529412
甘肃省,庆阳市,合水县,肖咀镇,108.0773199,35.6914569,0.0,0.0,2.0,0.0,39.0,1.0,0.0,0.0,0.0,0.0,0.0,0.0,0.0,0.0,1.0,1.0,0.0,0.0,0.0,0.0,1.0,0.0,0.0,0.0,0.0,3.0,3.0,0.0,0.0,0.0,0.0,0.0,0.0,1.0,5.0,6.0,0.0,0.0,2.0,0.0,14.0,0.0,0.0,0.0,0.0,0.0,0.0,0.0,0.0,0.0,0.0,0.0,0.0,0.0,0.0,0.0,1.0,0.0,0.0,0.0,0.0,1.0,0.0,0.0,0.0,0.0,0.0,0.0,0.0,1.0,3.0,4.0,6031447024.0,-1.0,庆阳市合水县,庆阳市合水县肖咀镇,10.0,19.5,0.0,3.3,32.8,35.975,41.910084033613444,46.79183823529412
甘肃省,庆阳市,合水县,固城镇,108.2240735,35.8555689,0.0,3.0,0.0,3.0,5.0,4.0,0.0,0.0,0.0,0.0,0.0,0.0,0.0,0.0,0.0,0.0,0.0,0.0,0.0,0.0,2.0,0.0,0.0,0.0,0.0,1.0,7.0,0.0,0.0,10.0,0.0,0.0,0.0,3.0,6.0,6.0,0.0,1.0,0.0,1.0,2.0,1.0,0.0,0.0,0.0,0.0,0.0,0.0,0.0,0.0,0.0,0.0,0.0,0.0,0.0,0.0,1.0,0.0,0.0,0.0,0.0,1.0,0.0,0.0,0.0,0.0,0.0,0.0,0.0,1.0,5.0,4.0,6031447022.0,-1.0,庆阳市合水县,庆阳市合水县固城镇,8.0,12.6,0.0,4.7,25.3,35.975,41.910084033613444,46.79183823529412
甘肃省,庆阳市,合水县,段家集乡,108.130513,35.7290951,0.0,2.0,1.0,0.0,20.0,2.0,0.0,0.0,0.0,0.0,0.0,0.0,0.0,0.0,0.0,0.0,0.0,0.0,0.0,0.0,5.0,0.0,0.0,0.0,0.0,1.0,1.0,0.0,0.0,1.0,0.0,0.0,0.0,3.0,6.0,3.0,0.0,2.0,1.0,0.0,8.0,1.0,0.0,0.0,0.0,0.0,0.0,0.0,0.0,0.0,0.0,0.0,0.0,0.0,0.0,0.0,2.0,0.0,0.0,0.0,0.0,1.0,0.0,0.0,0.0,1.0,0.0,0.0,0.0,3.0,5.0,3.0,6031447021.0,-1.0,庆阳市合水县,庆阳市合水县段家集乡,8.0,14.4,0.0,1.8,24.2,35.975,41.910084033613444,46.79183823529412
甘肃省,庆阳市,合水县,太莪乡,108.1950551,35.9111928,0.0,0.0,6.0,1.0,7.0,0.0,0.0,0.0,0.0,0.0,0.0,0.0,0.0,0.0,1.0,1.0,0.0,0.0,0.0,0.0,2.0,0.0,0.0,0.0,0.0,3.0,0.0,0.0,0.0,1.0,0.0,0.0,0.0,1.0,4.0,2.0,0.0,0.0,5.0,0.0,4.0,0.0,0.0,0.0,0.0,0.0,0.0,0.0,0.0,0.0,1.0,1.0,0.0,0.0,0.0,0.0,1.0,0.0,0.0,0.0,0.0,1.0,0.0,0.0,0.0,1.0,0.0,0.0,0.0,1.0,3.0,2.0,6031488304.0,-1.0,庆阳市合水县,庆阳市合水县太莪乡,10.0,10.6,5.0,1.2,26.8,35.975,41.910084033613444,46.79183823529412
甘肃省,庆阳市,合水县,店子乡,108.1204176,35.8660121,0.0,2.0,1.0,1.0,45.0,4.0,0.0,0.0,0.0,0.0,0.0,0.0,0.0,0.0,3.0,3.0,0.0,0.0,0.0,0.0,5.0,0.0,2.0,0.0,0.0,2.0,36.0,0.0,0.0,3.0,0.0,0.0,0.0,1.0,7.0,5.0,0.0,2.0,1.0,1.0,12.0,2.0,0.0,0.0,0.0,0.0,0.0,0.0,0.0,0.0,2.0,2.0,0.0,0.0,0.0,0.0,4.0,0.0,0.0,0.0,0.0,1.0,13.0,0.0,0.0,1.0,0.0,0.0,0.0,1.0,7.0,4.0,6031488302.0,-1.0,庆阳市合水县,庆阳市合水县店子乡,9.0,22.1,5.0,7.800000000000001,43.900000000000006,35.975,41.910084033613444,46.79183823529412
甘肃省,庆阳市,合水县,蒿咀铺乡,108.2103816,36.0507064,3.0,0.0,0.0,0.0,16.0,2.0,0.0,0.0,0.0,0.0,1.0,0.0,0.0,0.0,1.0,1.0,0.0,0.0,0.0,0.0,4.0,0.0,0.0,0.0,0.0,1.0,2.0,0.0,0.0,0.0,0.0,0.0,0.0,2.0,6.0,4.0,1.0,0.0,0.0,0.0,9.0,0.0,0.0,0.0,0.0,0.0,1.0,0.0,0.0,0.0,1.0,1.0,0.0,0.0,0.0,0.0,3.0,0.0,0.0,0.0,0.0,1.0,0.0,0.0,0.0,0.0,0.0,0.0,0.0,2.0,5.0,2.0,6031488303.0,-1.0,庆阳市合水县,庆阳市合水县蒿咀铺乡,8.0,15.9,5.0,2.2,31.099999999999998,35.975,41.910084033613444,46.79183823529412
甘肃省,庆阳市,正宁县,山河镇,108.3536295,35.4950363,11.0,3.0,6.0,27.0,178.0,43.0,0.0,9.0,13.0,0.0,4.0,1.0,2.0,2.0,12.0,15.0,0.0,0.0,3.0,12.0,41.0,0.0,6.0,1.0,1.0,7.0,260.0,0.0,0.0,7.0,1.0,13.0,3.0,3.0,13.0,13.0,3.0,2.0,4.0,18.0,59.0,20.0,0.0,6.0,2.0,0.0,1.0,1.0,2.0,2.0,8.0,10.0,0.0,0.0,2.0,9.0,8.0,0.0,1.0,1.0,0.0,2.0,120.0,0.0,0.0,1.0,1.0,5.0,2.0,2.0,10.0,10.0,8113853866.0,-1.0,庆阳市正宁县,庆阳市正宁县山河镇,12.0,28.0,23.0,20.0,83.0,41.3,41.910084033613444,46.79183823529412
甘肃省,庆阳市,正宁县,榆林子镇,108.1981911,35.3838936,2.0,3.0,1.0,2.0,124.0,5.0,0.0,0.0,0.0,0.0,0.0,0.0,0.0,0.0,2.0,2.0,0.0,0.0,0.0,0.0,5.0,0.0,0.0,0.0,0.0,1.0,3.0,0.0,0.0,1.0,0.0,0.0,0.0,2.0,12.0,4.0,0.0,1.0,1.0,1.0,24.0,1.0,0.0,0.0,0.0,0.0,0.0,0.0,0.0,0.0,1.0,1.0,0.0,0.0,0.0,0.0,2.0,0.0,0.0,0.0,0.0,1.0,2.0,0.0,0.0,0.0,0.0,0.0,0.0,1.0,6.0,2.0,3671158746.0,-1.0,庆阳市正宁县,庆阳市正宁县榆林子镇,8.0,24.0,5.0,2.6,39.6,41.3,41.910084033613444,46.79183823529412
甘肃省,庆阳市,正宁县,宫河镇,108.0906831,35.3282703,3.0,0.0,2.0,3.0,53.0,1.0,0.0,0.0,0.0,0.0,0.0,0.0,0.0,0.0,2.0,2.0,0.0,0.0,0.0,4.0,9.0,0.0,1.0,1.0,0.0,1.0,5.0,0.0,0.0,0.0,0.0,0.0,0.0,1.0,7.0,5.0,1.0,0.0,1.0,1.0,15.0,0.0,0.0,0.0,0.0,0.0,0.0,0.0,0.0,0.0,1.0,1.0,0.0,0.0,0.0,4.0,1.0,0.0,0.0,1.0,0.0,1.0,0.0,0.0,0.0,0.0,0.0,0.0,0.0,1.0,6.0,2.0,4031076651.0,-1.0,庆阳市正宁县,庆阳市正宁县宫河镇,8.0,23.5,9.0,3.0,43.5,41.3,41.910084033613444,46.79183823529412
甘肃省,庆阳市,正宁县,永和镇,108.3104447,35.3207755,0.0,0.0,1.0,1.0,29.0,0.0,0.0,0.0,0.0,0.0,0.0,0.0,0.0,0.0,0.0,0.0,0.0,0.0,0.0,0.0,8.0,0.0,0.0,0.0,0.0,1.0,2.0,0.0,0.0,1.0,0.0,0.0,0.0,1.0,5.0,5.0,0.0,0.0,1.0,0.0,15.0,0.0,0.0,0.0,0.0,0.0,0.0,0.0,0.0,0.0,0.0,0.0,0.0,0.0,0.0,0.0,1.0,0.0,0.0,0.0,0.0,1.0,1.0,0.0,0.0,0.0,0.0,0.0,0.0,1.0,3.0,2.0,5377590460.0,-1.0,庆阳市正宁县,庆阳市正宁县永和镇,8.0,18.8,0.0,2.9,29.7,41.3,41.910084033613444,46.79183823529412
甘肃省,庆阳市,正宁县,永正镇,108.2501028,35.4249231,0.0,3.0,0.0,2.0,108.0,7.0,0.0,0.0,0.0,0.0,0.0,0.0,0.0,0.0,4.0,4.0,0.0,0.0,1.0,0.0,11.0,0.0,1.0,0.0,0.0,1.0,14.0,0.0,0.0,5.0,0.0,0.0,0.0,3.0,10.0,6.0,0.0,2.0,0.0,1.0,25.0,2.0,0.0,0.0,0.0,0.0,0.0,0.0,0.0,0.0,2.0,2.0,0.0,0.0,1.0,0.0,2.0,0.0,0.0,0.0,0.0,1.0,12.0,0.0,0.0,3.0,0.0,0.0,0.0,1.0,9.0,3.0,4031076657.0,-1.0,庆阳市正宁县,庆阳市正宁县永正镇,8.0,24.0,7.0,6.4,45.4,41.3,41.910084033613444,46.79183823529412
甘肃省,庆阳市,正宁县,周家镇,108.0387045,35.2990079,2.0,1.0,0.0,3.0,62.0,4.0,0.0,0.0,0.0,0.0,0.0,0.0,0.0,0.0,2.0,2.0,0.0,0.0,0.0,0.0,4.0,0.0,1.0,0.0,0.0,1.0,0.0,0.0,0.0,1.0,0.0,0.0,0.0,1.0,7.0,4.0,0.0,1.0,0.0,1.0,14.0,0.0,0.0,0.0,0.0,0.0,0.0,0.0,0.0,0.0,1.0,1.0,0.0,0.0,0.0,0.0,1.0,0.0,0.0,0.0,0.0,1.0,0.0,0.0,0.0,0.0,0.0,0.0,0.0,1.0,5.0,1.0,4031076658.0,-1.0,庆阳市正宁县,庆阳市正宁县周家镇,8.0,23.5,5.0,2.1,38.6,41.3,41.910084033613444,46.79183823529412
甘肃省,庆阳市,正宁县,湫头镇,108.4336921,35.3798364,0.0,1.0,0.0,1.0,25.0,0.0,0.0,0.0,0.0,0.0,0.0,0.0,0.0,0.0,0.0,0.0,0.0,0.0,0.0,0.0,5.0,0.0,0.0,0.0,0.0,1.0,6.0,0.0,0.0,1.0,0.0,0.0,0.0,1.0,5.0,3.0,0.0,1.0,0.0,0.0,7.0,0.0,0.0,0.0,0.0,0.0,0.0,0.0,0.0,0.0,0.0,0.0,0.0,0.0,0.0,0.0,2.0,0.0,0.0,0.0,0.0,1.0,6.0,0.0,0.0,1.0,0.0,0.0,0.0,1.0,4.0,2.0,5377642643.0,-1.0,庆阳市正宁县,庆阳市正宁县湫头镇,8.0,15.6,0.0,2.9000000000000004,26.5,41.3,41.910084033613444,46.79183823529412
甘肃省,庆阳市,正宁县,西坡镇,108.4174634,35.4963543,2.0,0.0,1.0,6.0,43.0,0.0,0.0,0.0,0.0,0.0,1.0,0.0,0.0,0.0,4.0,4.0,0.0,0.0,0.0,0.0,8.0,0.0,3.0,0.0,0.0,3.0,46.0,0.0,0.0,3.0,0.0,0.0,0.0,1.0,5.0,5.0,0.0,0.0,1.0,4.0,11.0,0.0,0.0,0.0,0.0,0.0,0.0,0.0,0.0,0.0,2.0,2.0,0.0,0.0,0.0,0.0,3.0,0.0,0.0,0.0,0.0,1.0,3.0,0.0,0.0,0.0,0.0,0.0,0.0,1.0,4.0,3.0,4031076656.0,-1.0,庆阳市正宁县,庆阳市正宁县西坡镇,10.0,24.5,5.0,7.7,47.2,41.3,41.910084033613444,46.79183823529412
甘肃省,庆阳市,正宁县,五顷塬回族乡,108.4612551,35.4004786,2.0,1.0,0.0,0.0,29.0,0.0,0.0,0.0,0.0,0.0,1.0,0.0,0.0,0.0,0.0,0.0,0.0,0.0,0.0,0.0,12.0,0.0,0.0,0.0,0.0,1.0,7.0,0.0,0.0,1.0,0.0,0.0,0.0,1.0,5.0,5.0,2.0,1.0,0.0,0.0,12.0,0.0,0.0,0.0,0.0,0.0,1.0,0.0,0.0,0.0,0.0,0.0,0.0,0.0,0.0,0.0,3.0,0.0,0.0,0.0,0.0,1.0,4.0,0.0,0.0,1.0,0.0,0.0,0.0,1.0,4.0,2.0,4031076655.0,-1.0,庆阳市正宁县,庆阳市正宁县五顷塬回族乡,8.0,18.9,0.0,3.8,30.7,41.3,41.910084033613444,46.79183823529412
甘肃省,庆阳市,正宁县,三嘉乡,108.4307201,35.285131,0.0,1.0,0.0,1.0,29.0,6.0,0.0,0.0,0.0,0.0,0.0,0.0,0.0,0.0,0.0,0.0,0.0,0.0,0.0,0.0,10.0,0.0,0.0,0.0,0.0,2.0,3.0,0.0,0.0,0.0,0.0,0.0,0.0,10.0,6.0,4.0,0.0,1.0,0.0,1.0,9.0,5.0,0.0,0.0,0.0,0.0,0.0,0.0,0.0,0.0,0.0,0.0,0.0,0.0,0.0,0.0,5.0,0.0,0.0,0.0,0.0,1.0,0.0,0.0,0.0,0.0,0.0,0.0,0.0,1.0,6.0,3.0,5377238739.0,-1.0,庆阳市正宁县,庆阳市正宁县三嘉乡,9.0,17.5,0.0,2.3,28.8,41.3,41.910084033613444,46.79183823529412
甘肃省,庆阳市,宁县,新宁镇,107.908784,35.5097865,19.0,1.0,23.0,34.0,69.0,47.0,0.0,47.0,8.0,1.0,1.0,2.0,1.0,3.0,5.0,6.0,3.0,0.0,4.0,20.0,18.0,0.0,1.0,1.0,1.0,11.0,567.0,0.0,0.0,11.0,5.0,8.0,5.0,4.0,22.0,18.0,13.0,0.0,12.0,13.0,14.0,8.0,0.0,40.0,6.0,0.0,0.0,0.0,0.0,1.0,1.0,1.0,0.0,0.0,2.0,4.0,9.0,0.0,0.0,1.0,0.0,4.0,171.0,0.0,0.0,1.0,0.0,5.0,1.0,2.0,14.0,10.0,979126712.0,-1.0,庆阳市宁县,庆阳市宁县新宁镇,12.0,30.0,16.0,20.0,78.0,50.02777777777778,41.910084033613444,46.79183823529412
甘肃省,庆阳市,宁县,平子镇,108.1820004,35.4493094,1.0,0.0,0.0,5.0,72.0,1.0,0.0,0.0,0.0,0.0,1.0,0.0,0.0,0.0,0.0,0.0,0.0,0.0,0.0,0.0,7.0,0.0,2.0,0.0,0.0,1.0,0.0,0.0,0.0,0.0,0.0,0.0,0.0,1.0,6.0,7.0,1.0,0.0,0.0,2.0,30.0,1.0,0.0,0.0,0.0,0.0,1.0,0.0,0.0,0.0,0.0,0.0,0.0,0.0,0.0,0.0,2.0,0.0,0.0,0.0,0.0,1.0,0.0,0.0,0.0,0.0,0.0,0.0,0.0,1.0,6.0,3.0,4031076654.0,-1.0,庆阳市宁县,庆阳市宁县平子镇,8.0,25.0,0.0,3.5,36.5,50.02777777777778,41.910084033613444,46.79183823529412
甘肃省,庆阳市,宁县,早胜镇,108.0070242,35.4056373,5.0,0.0,2.0,10.0,134.0,18.0,0.0,0.0,0.0,0.0,3.0,0.0,1.0,2.0,5.0,5.0,0.0,0.0,0.0,6.0,7.0,0.0,6.0,0.0,0.0,2.0,78.0,0.0,0.0,10.0,0.0,0.0,0.0,2.0,12.0,7.0,3.0,0.0,1.0,5.0,38.0,10.0,0.0,0.0,0.0,0.0,1.0,0.0,1.0,2.0,2.0,2.0,0.0,0.0,0.0,4.0,1.0,0.0,1.0,0.0,0.0,1.0,57.0,0.0,0.0,1.0,0.0,0.0,0.0,1.0,6.0,5.0,3034670903.0,-1.0,庆阳市宁县,庆阳市宁县早胜镇,9.0,26.0,14.0,18.1,67.1,50.02777777777778,41.910084033613444,46.79183823529412
甘肃省,庆阳市,宁县,长庆桥镇,107.7437474,35.3249608,7.0,8.0,0.0,15.0,81.0,16.0,0.0,2.0,2.0,0.0,2.0,2.0,0.0,0.0,1.0,1.0,0.0,0.0,0.0,0.0,5.0,0.0,5.0,0.0,0.0,5.0,108.0,0.0,0.0,6.0,0.0,0.0,0.0,15.0,15.0,8.0,0.0,5.0,0.0,6.0,37.0,5.0,0.0,0.0,0.0,0.0,0.0,2.0,0.0,0.0,1.0,1.0,0.0,0.0,0.0,0.0,2.0,0.0,1.0,0.0,0.0,4.0,49.0,0.0,0.0,2.0,0.0,0.0,0.0,8.0,9.0,7.0,4644535335.0,18774750.0,庆阳市宁县,庆阳市宁县长庆桥镇,20.0,28.0,10.0,20.0,78.0,50.02777777777778,41.910084033613444,46.79183823529412
甘肃省,庆阳市,宁县,和盛镇,107.7591923,35.4468198,1.0,0.0,0.0,0.0,86.0,1.0,0.0,0.0,0.0,0.0,2.0,0.0,0.0,0.0,1.0,1.0,0.0,0.0,0.0,0.0,13.0,0.0,2.0,0.0,0.0,12.0,17.0,0.0,0.0,8.0,0.0,1.0,0.0,2.0,6.0,7.0,1.0,0.0,0.0,0.0,14.0,0.0,0.0,0.0,0.0,0.0,1.0,0.0,0.0,0.0,0.0,0.0,0.0,0.0,0.0,0.0,1.0,0.0,1.0,0.0,0.0,5.0,9.0,0.0,0.0,1.0,0.0,1.0,0.0,1.0,3.0,5.0,6033609013.0,18966188.0,庆阳市宁县,庆阳市宁县和盛镇,20.0,25.0,0.0,7.0,52.0,50.02777777777778,41.910084033613444,46.79183823529412
甘肃省,庆阳市,宁县,湘乐镇,108.1422009,35.5950708,0.0,9.0,1.0,4.0,21.0,2.0,0.0,0.0,0.0,0.0,0.0,0.0,0.0,0.0,1.0,1.0,0.0,0.0,0.0,0.0,1.0,0.0,2.0,0.0,0.0,4.0,39.0,0.0,0.0,0.0,0.0,0.0,0.0,2.0,6.0,7.0,0.0,5.0,1.0,4.0,8.0,2.0,0.0,0.0,0.0,0.0,0.0,0.0,0.0,0.0,1.0,1.0,0.0,0.0,0.0,0.0,1.0,0.0,0.0,0.0,0.0,1.0,37.0,0.0,0.0,0.0,0.0,0.0,0.0,2.0,6.0,5.0,6033406401.0,-1.0,庆阳市宁县,庆阳市宁县湘乐镇,11.0,18.6,5.0,11.100000000000001,45.7,50.02777777777778,41.910084033613444,46.79183823529412
甘肃省,庆阳市,宁县,新庄镇,107.8143589,35.3417461,0.0,0.0,0.0,6.0,76.0,2.0,0.0,0.0,0.0,0.0,0.0,0.0,0.0,0.0,1.0,1.0,0.0,0.0,0.0,0.0,4.0,0.0,0.0,0.0,0.0,11.0,0.0,0.0,0.0,6.0,0.0,0.0,0.0,1.0,5.0,3.0,0.0,0.0,0.0,4.0,15.0,0.0,0.0,0.0,0.0,0.0,0.0,0.0,0.0,0.0,1.0,1.0,0.0,0.0,0.0,0.0,1.0,0.0,0.0,0.0,0.0,3.0,0.0,0.0,0.0,0.0,0.0,0.0,0.0,1.0,3.0,3.0,6033609014.0,18774748.0,庆阳市宁县,庆阳市宁县新庄镇,20.0,22.5,5.0,2.1,49.6,50.02777777777778,41.910084033613444,46.79183823529412
甘肃省,庆阳市,宁县,盘克镇,108.2439227,35.7485753,0.0,0.0,3.0,6.0,46.0,9.0,0.0,0.0,0.0,0.0,1.0,0.0,0.0,0.0,2.0,2.0,0.0,0.0,0.0,0.0,15.0,0.0,1.0,0.0,0.0,4.0,52.0,0.0,0.0,2.0,0.0,1.0,0.0,1.0,6.0,7.0,0.0,0.0,3.0,4.0,19.0,4.0,0.0,0.0,0.0,0.0,1.0,0.0,0.0,0.0,1.0,1.0,0.0,0.0,0.0,0.0,5.0,0.0,0.0,0.0,0.0,2.0,44.0,0.0,0.0,0.0,0.0,1.0,0.0,1.0,6.0,4.0,6033617796.0,-1.0,庆阳市宁县,庆阳市宁县盘克镇,11.0,25.0,5.0,13.3,54.3,50.02777777777778,41.910084033613444,46.79183823529412
甘肃省,庆阳市,宁县,中村镇,107.9837766,35.3601754,1.0,0.0,1.0,5.0,123.0,1.0,0.0,2.0,0.0,0.0,0.0,0.0,0.0,0.0,3.0,3.0,0.0,0.0,0.0,0.0,7.0,0.0,0.0,0.0,0.0,4.0,5.0,0.0,0.0,10.0,0.0,3.0,0.0,1.0,10.0,4.0,0.0,0.0,1.0,2.0,39.0,0.0,0.0,1.0,0.0,0.0,0.0,0.0,0.0,0.0,2.0,2.0,0.0,0.0,0.0,0.0,2.0,0.0,0.0,0.0,0.0,1.0,2.0,0.0,0.0,1.0,0.0,0.0,0.0,1.0,6.0,1.0,6033582306.0,-1.0,庆阳市宁县,庆阳市宁县中村镇,11.0,24.0,5.0,3.8,43.8,50.02777777777778,41.910084033613444,46.79183823529412
甘肃省,庆阳市,宁县,焦村镇,107.7894642,35.5191406,1.0,0.0,0.0,3.0,86.0,0.0,0.0,0.0,0.0,0.0,0.0,0.0,0.0,0.0,3.0,3.0,0.0,0.0,0.0,0.0,15.0,0.0,0.0,0.0,0.0,8.0,9.0,0.0,0.0,3.0,0.0,0.0,0.0,2.0,6.0,5.0,0.0,0.0,0.0,1.0,23.0,0.0,0.0,0.0,0.0,0.0,0.0,0.0,0.0,0.0,0.0,0.0,0.0,0.0,0.0,0.0,3.0,0.0,0.0,0.0,0.0,2.0,5.0,0.0,0.0,1.0,0.0,0.0,0.0,2.0,4.0,3.0,6033627250.0,19015309.0,庆阳市宁县,庆阳市宁县焦村镇,20.0,23.0,0.0,4.3,47.3,50.02777777777778,41.910084033613444,46.79183823529412
甘肃省,庆阳市,宁县,米桥镇,108.2961444,35.4985731,2.0,0.0,1.0,2.0,85.0,8.0,0.0,0.0,2.0,0.0,1.0,0.0,0.0,0.0,1.0,1.0,0.0,0.0,0.0,0.0,15.0,0.0,1.0,0.0,0.0,2.0,19.0,0.0,0.0,5.0,0.0,0.0,0.0,3.0,9.0,6.0,1.0,0.0,0.0,0.0,23.0,1.0,0.0,0.0,0.0,0.0,0.0,0.0,0.0,0.0,0.0,0.0,0.0,0.0,0.0,0.0,3.0,0.0,0.0,0.0,0.0,1.0,2.0,0.0,0.0,1.0,0.0,0.0,0.0,1.0,5.0,4.0,4031076653.0,-1.0,庆阳市宁县,庆阳市宁县米桥镇,9.0,28.0,0.0,5.7,42.7,50.02777777777778,41.910084033613444,46.79183823529412
甘肃省,庆阳市,宁县,良平镇,108.0867363,35.4442389,1.0,0.0,0.0,3.0,71.0,5.0,0.0,0.0,0.0,0.0,0.0,0.0,0.0,0.0,2.0,2.0,0.0,0.0,0.0,0.0,6.0,0.0,0.0,0.0,0.0,1.0,2.0,0.0,0.0,2.0,0.0,0.0,0.0,1.0,6.0,3.0,1.0,0.0,0.0,2.0,15.0,3.0,0.0,0.0,0.0,0.0,0.0,0.0,0.0,0.0,2.0,2.0,0.0,0.0,0.0,0.0,1.0,0.0,0.0,0.0,0.0,1.0,2.0,0.0,0.0,2.0,0.0,0.0,0.0,1.0,6.0,2.0,3034665089.0,-1.0,庆阳市宁县,庆阳市宁县良平镇,8.0,23.0,5.0,2.3,38.3,50.02777777777778,41.910084033613444,46.79183823529412
甘肃省,庆阳市,宁县,太昌镇,107.7743063,35.4003077,1.0,0.0,0.0,3.0,128.0,4.0,0.0,0.0,0.0,0.0,0.0,0.0,0.0,0.0,5.0,5.0,0.0,0.0,0.0,0.0,18.0,0.0,0.0,0.0,0.0,8.0,24.0,0.0,0.0,11.0,0.0,0.0,0.0,2.0,7.0,9.0,1.0,0.0,0.0,0.0,31.0,2.0,0.0,0.0,0.0,0.0,0.0,0.0,0.0,0.0,3.0,3.0,0.0,0.0,0.0,0.0,1.0,0.0,0.0,0.0,0.0,2.0,13.0,0.0,0.0,2.0,0.0,0.0,0.0,1.0,5.0,5.0,6033705200.0,18774749.0,庆阳市宁县,庆阳市宁县太昌镇,20.0,23.5,5.0,9.0,57.5,50.02777777777778,41.910084033613444,46.79183823529412
甘肃省,庆阳市,宁县,春荣镇,108.037788,35.5319105,0.0,2.0,0.0,2.0,55.0,1.0,0.0,0.0,0.0,0.0,0.0,0.0,0.0,0.0,0.0,0.0,0.0,0.0,0.0,0.0,5.0,0.0,1.0,0.0,0.0,1.0,1.0,0.0,0.0,0.0,0.0,0.0,0.0,1.0,6.0,6.0,0.0,2.0,0.0,1.0,16.0,0.0,0.0,0.0,0.0,0.0,0.0,0.0,0.0,0.0,0.0,0.0,0.0,0.0,0.0,0.0,2.0,0.0,0.0,0.0,0.0,1.0,0.0,0.0,0.0,0.0,0.0,0.0,0.0,1.0,5.0,3.0,4031361862.0,-1.0,庆阳市宁县,庆阳市宁县春荣镇,8.0,23.0,0.0,3.1,34.1,50.02777777777778,41.910084033613444,46.79183823529412
甘肃省,庆阳市,宁县,南义乡,107.9619929,35.633381,1.0,0.0,0.0,5.0,63.0,24.0,0.0,0.0,0.0,0.0,0.0,0.0,0.0,0.0,2.0,3.0,0.0,0.0,0.0,2.0,7.0,0.0,1.0,0.0,0.0,1.0,111.0,0.0,0.0,4.0,0.0,0.0,2.0,2.0,8.0,8.0,1.0,0.0,0.0,2.0,24.0,22.0,0.0,0.0,0.0,0.0,0.0,0.0,0.0,0.0,2.0,3.0,0.0,0.0,0.0,2.0,3.0,0.0,0.0,0.0,0.0,1.0,110.0,0.0,0.0,1.0,0.0,0.0,2.0,2.0,7.0,5.0,6033898360.0,-1.0,庆阳市宁县,庆阳市宁县南义乡,8.0,24.0,7.0,20.0,59.0,50.02777777777778,41.910084033613444,46.79183823529412
甘肃省,庆阳市,宁县,瓦斜乡,107.8799434,35.6251117,0.0,0.0,0.0,1.0,66.0,2.0,0.0,0.0,0.0,0.0,1.0,0.0,0.0,0.0,0.0,0.0,0.0,0.0,0.0,0.0,10.0,0.0,0.0,0.0,0.0,5.0,7.0,0.0,0.0,2.0,0.0,0.0,0.0,3.0,5.0,5.0,0.0,0.0,0.0,1.0,14.0,2.0,0.0,0.0,0.0,0.0,1.0,0.0,0.0,0.0,0.0,0.0,0.0,0.0,0.0,0.0,5.0,0.0,0.0,0.0,0.0,3.0,2.0,0.0,0.0,0.0,0.0,0.0,0.0,1.0,5.0,4.0,6033930673.0,19015308.0,庆阳市宁县,庆阳市宁县瓦斜乡,20.0,22.900000000000002,0.0,3.6,46.50000000000001,50.02777777777778,41.910084033613444,46.79183823529412
甘肃省,庆阳市,宁县,金村乡,108.2935582,35.6504242,0.0,2.0,0.0,1.0,6.0,0.0,0.0,0.0,0.0,0.0,0.0,0.0,0.0,0.0,0.0,0.0,0.0,0.0,0.0,0.0,1.0,0.0,0.0,0.0,0.0,1.0,0.0,0.0,0.0,0.0,0.0,0.0,0.0,1.0,4.0,2.0,0.0,2.0,0.0,1.0,2.0,0.0,0.0,0.0,0.0,0.0,0.0,0.0,0.0,0.0,0.0,0.0,0.0,0.0,0.0,0.0,1.0,0.0,0.0,0.0,0.0,1.0,0.0,0.0,0.0,0.0,0.0,0.0,0.0,1.0,3.0,2.0,6034001501.0,-1.0,庆阳市宁县,庆阳市宁县金村乡,8.0,9.8,0.0,1.0,18.8,50.02777777777778,41.910084033613444,46.79183823529412
甘肃省,庆阳市,宁县,九岘乡,108.3697404,35.6086881,0.0,2.0,2.0,7.0,17.0,0.0,0.0,0.0,0.0,0.0,0.0,1.0,0.0,0.0,2.0,2.0,0.0,0.0,0.0,0.0,7.0,0.0,0.0,0.0,0.0,5.0,43.0,0.0,0.0,0.0,0.0,0.0,0.0,1.0,6.0,5.0,0.0,2.0,2.0,2.0,6.0,0.0,0.0,0.0,0.0,0.0,0.0,1.0,0.0,0.0,2.0,2.0,0.0,0.0,0.0,0.0,3.0,0.0,0.0,0.0,0.0,1.0,43.0,0.0,0.0,0.0,0.0,0.0,0.0,1.0,6.0,3.0,6034037565.0,-1.0,庆阳市宁县,庆阳市宁县九岘乡,12.0,18.2,10.0,11.1,51.300000000000004,50.02777777777778,41.910084033613444,46.79183823529412
甘肃省,庆阳市,镇原县,城关镇,107.1956633,35.672498,4.0,17.0,18.0,37.0,81.0,49.0,0.0,24.0,10.0,4.0,5.0,1.0,2.0,3.0,5.0,8.0,4.0,0.0,4.0,19.0,15.0,0.0,3.0,1.0,0.0,2.0,429.0,0.0,0.0,12.0,1.0,13.0,7.0,2.0,14.0,12.0,3.0,13.0,7.0,15.0,28.0,39.0,0.0,12.0,6.0,3.0,3.0,1.0,2.0,3.0,0.0,3.0,3.0,0.0,4.0,15.0,4.0,0.0,0.0,0.0,0.0,2.0,223.0,0.0,0.0,2.0,1.0,7.0,6.0,2.0,12.0,7.0,8112494919.0,-1.0,庆阳市镇原县,庆阳市镇原县城关镇,9.0,30.0,23.0,20.0,82.0,42.67368421052632,41.910084033613444,46.79183823529412
甘肃省,庆阳市,镇原县,屯字镇,107.3673668,35.5786133,2.0,1.0,0.0,3.0,105.0,7.0,0.0,0.0,0.0,0.0,2.0,0.0,0.0,0.0,2.0,3.0,0.0,0.0,0.0,0.0,12.0,0.0,4.0,0.0,0.0,4.0,51.0,0.0,0.0,1.0,0.0,0.0,0.0,1.0,8.0,7.0,1.0,0.0,0.0,1.0,33.0,7.0,0.0,0.0,0.0,0.0,1.0,0.0,0.0,0.0,1.0,2.0,0.0,0.0,0.0,0.0,2.0,0.0,0.0,0.0,0.0,1.0,42.0,0.0,0.0,0.0,0.0,0.0,0.0,1.0,6.0,3.0,5194816388.0,-1.0,庆阳市镇原县,庆阳市镇原县屯字镇,11.0,26.0,5.0,12.9,54.9,42.67368421052632,41.910084033613444,46.79183823529412
甘肃省,庆阳市,镇原县,孟坝镇,107.2589137,35.8354955,0.0,2.0,1.0,5.0,80.0,17.0,0.0,0.0,0.0,1.0,1.0,0.0,0.0,0.0,5.0,6.0,0.0,0.0,0.0,8.0,8.0,0.0,6.0,1.0,0.0,2.0,157.0,0.0,6.0,14.0,0.0,4.0,6.0,1.0,8.0,8.0,0.0,0.0,1.0,3.0,36.0,9.0,0.0,0.0,0.0,1.0,1.0,0.0,0.0,0.0,3.0,4.0,0.0,0.0,0.0,8.0,3.0,0.0,2.0,1.0,0.0,1.0,136.0,0.0,6.0,4.0,0.0,4.0,6.0,1.0,6.0,7.0,3824162375.0,-1.0,庆阳市镇原县,庆阳市镇原县孟坝镇,9.0,28.0,11.0,20.0,68.0,42.67368421052632,41.910084033613444,46.79183823529412
甘肃省,庆阳市,镇原县,三岔镇,107.045397,36.051098,9.0,14.0,4.0,10.0,6.0,0.0,0.0,0.0,0.0,0.0,1.0,0.0,0.0,0.0,1.0,1.0,0.0,0.0,0.0,0.0,6.0,0.0,2.0,0.0,0.0,1.0,1.0,0.0,0.0,1.0,0.0,0.0,0.0,1.0,6.0,4.0,1.0,9.0,3.0,2.0,5.0,0.0,0.0,0.0,0.0,0.0,0.0,0.0,0.0,0.0,1.0,1.0,0.0,0.0,0.0,0.0,6.0,0.0,0.0,0.0,0.0,1.0,0.0,0.0,0.0,0.0,0.0,0.0,0.0,1.0,6.0,2.0,2989421441.0,-1.0,庆阳市镇原县,庆阳市镇原县三岔镇,8.0,17.7,5.0,2.2,32.9,42.67368421052632,41.910084033613444,46.79183823529412
甘肃省,庆阳市,镇原县,平泉镇,107.0270504,35.6228321,0.0,3.0,3.0,5.0,70.0,6.0,0.0,3.0,0.0,1.0,1.0,1.0,0.0,1.0,3.0,3.0,0.0,0.0,1.0,9.0,15.0,0.0,1.0,1.0,0.0,2.0,39.0,0.0,0.0,11.0,0.0,1.0,0.0,1.0,10.0,7.0,0.0,2.0,2.0,0.0,24.0,4.0,0.0,3.0,0.0,1.0,1.0,1.0,0.0,1.0,3.0,3.0,0.0,0.0,1.0,7.0,4.0,0.0,0.0,1.0,0.0,1.0,17.0,0.0,0.0,3.0,0.0,1.0,0.0,1.0,8.0,6.0,5194816048.0,-1.0,庆阳市镇原县,庆阳市镇原县平泉镇,9.0,28.0,18.0,10.5,65.5,42.67368421052632,41.910084033613444,46.79183823529412
甘肃省,庆阳市,镇原县,开边镇,107.0648073,35.7756643,11.0,0.0,4.0,7.0,21.0,0.0,0.0,0.0,0.0,0.0,0.0,0.0,0.0,0.0,0.0,0.0,0.0,0.0,0.0,0.0,3.0,0.0,0.0,0.0,0.0,2.0,0.0,0.0,0.0,5.0,0.0,0.0,1.0,1.0,7.0,6.0,3.0,0.0,0.0,5.0,0.0,0.0,0.0,0.0,0.0,0.0,0.0,0.0,0.0,0.0,0.0,0.0,0.0,0.0,0.0,0.0,2.0,0.0,0.0,0.0,0.0,1.0,0.0,0.0,0.0,0.0,0.0,0.0,1.0,1.0,2.0,4.0,4530123571.0,-1.0,庆阳市镇原县,庆阳市镇原县开边镇,9.0,17.7,0.0,3.5,30.2,42.67368421052632,41.910084033613444,46.79183823529412
甘肃省,庆阳市,镇原县,太平镇,107.4049145,35.7116227,0.0,2.0,1.0,5.0,35.0,10.0,0.0,0.0,0.0,0.0,1.0,0.0,0.0,0.0,2.0,2.0,0.0,0.0,0.0,1.0,2.0,0.0,0.0,0.0,0.0,5.0,16.0,0.0,0.0,0.0,0.0,0.0,0.0,1.0,7.0,3.0,0.0,2.0,1.0,0.0,9.0,8.0,0.0,0.0,0.0,0.0,1.0,0.0,0.0,0.0,2.0,2.0,0.0,0.0,0.0,1.0,1.0,0.0,0.0,0.0,0.0,1.0,14.0,0.0,0.0,0.0,0.0,0.0,0.0,1.0,6.0,1.0,5194816495.0,-1.0,庆阳市镇原县,庆阳市镇原县太平镇,12.0,25.2,6.0,4.5,47.7,42.67368421052632,41.910084033613444,46.79183823529412
甘肃省,庆阳市,镇原县,临泾镇,107.277739,35.6910428,0.0,1.0,0.0,7.0,69.0,10.0,0.0,0.0,0.0,0.0,0.0,0.0,0.0,0.0,4.0,4.0,0.0,0.0,0.0,0.0,13.0,0.0,0.0,0.0,0.0,5.0,13.0,0.0,0.0,4.0,0.0,0.0,0.0,1.0,6.0,7.0,0.0,1.0,0.0,4.0,15.0,1.0,0.0,0.0,0.0,0.0,0.0,0.0,0.0,0.0,1.0,1.0,0.0,0.0,0.0,0.0,1.0,0.0,0.0,0.0,0.0,1.0,9.0,0.0,0.0,2.0,0.0,0.0,0.0,1.0,6.0,4.0,5165101014.0,-1.0,庆阳市镇原县,庆阳市镇原县临泾镇,12.0,23.0,5.0,6.300000000000001,46.3,42.67368421052632,41.910084033613444,46.79183823529412
甘肃省,庆阳市,镇原县,新城镇,106.9283462,35.6336871,0.0,1.0,0.0,9.0,58.0,1.0,0.0,0.0,0.0,0.0,1.0,0.0,0.0,0.0,3.0,4.0,0.0,0.0,0.0,0.0,19.0,0.0,1.0,0.0,0.0,1.0,57.0,0.0,0.0,9.0,0.0,0.0,0.0,1.0,6.0,3.0,0.0,1.0,0.0,2.0,7.0,1.0,0.0,0.0,0.0,0.0,0.0,0.0,0.0,0.0,2.0,2.0,0.0,0.0,0.0,0.0,1.0,0.0,0.0,0.0,0.0,1.0,25.0,0.0,0.0,3.0,0.0,0.0,0.0,1.0,5.0,2.0,5194816017.0,-1.0,庆阳市镇原县,庆阳市镇原县新城镇,8.0,25.0,5.0,10.9,48.9,42.67368421052632,41.910084033613444,46.79183823529412
甘肃省,庆阳市,镇原县,上肖镇,107.4914491,35.4973984,0.0,0.0,1.0,7.0,41.0,0.0,0.0,0.0,0.0,0.0,0.0,0.0,0.0,0.0,0.0,0.0,0.0,0.0,0.0,0.0,1.0,0.0,0.0,0.0,0.0,5.0,0.0,0.0,0.0,0.0,0.0,0.0,0.0,5.0,5.0,2.0,0.0,0.0,1.0,2.0,12.0,0.0,0.0,0.0,0.0,0.0,0.0,0.0,0.0,0.0,0.0,0.0,0.0,0.0,0.0,0.0,0.0,0.0,0.0,0.0,0.0,1.0,0.0,0.0,0.0,0.0,0.0,0.0,0.0,1.0,5.0,0.0,5194816252.0,-1.0,庆阳市镇原县,庆阳市镇原县上肖镇,12.0,22.5,0.0,1.0,35.5,42.67368421052632,41.910084033613444,46.79183823529412
甘肃省,庆阳市,镇原县,新集镇,107.3710134,35.8977277,0.0,0.0,0.0,3.0,34.0,1.0,0.0,0.0,0.0,0.0,1.0,0.0,0.0,0.0,2.0,3.0,0.0,0.0,0.0,0.0,7.0,0.0,1.0,0.0,0.0,2.0,10.0,0.0,0.0,5.0,0.0,1.0,0.0,1.0,6.0,6.0,0.0,0.0,0.0,2.0,27.0,0.0,0.0,0.0,0.0,0.0,0.0,0.0,0.0,0.0,2.0,3.0,0.0,0.0,0.0,0.0,5.0,0.0,0.0,0.0,0.0,1.0,6.0,0.0,0.0,1.0,0.0,1.0,0.0,1.0,4.0,4.0,5194816494.0,-1.0,庆阳市镇原县,庆阳市镇原县新集镇,9.0,22.9,5.0,5.2,42.1,42.67368421052632,41.910084033613444,46.79183823529412
甘肃省,庆阳市,镇原县,马渠镇,106.9925218,35.9487901,0.0,3.0,1.0,1.0,13.0,0.0,0.0,0.0,0.0,0.0,0.0,0.0,0.0,0.0,1.0,1.0,0.0,0.0,0.0,0.0,1.0,0.0,1.0,0.0,0.0,1.0,0.0,0.0,0.0,0.0,0.0,0.0,0.0,1.0,5.0,4.0,0.0,2.0,1.0,0.0,7.0,0.0,0.0,0.0,0.0,0.0,0.0,0.0,0.0,0.0,1.0,1.0,0.0,0.0,0.0,0.0,1.0,0.0,0.0,0.0,0.0,1.0,0.0,0.0,0.0,0.0,0.0,0.0,0.0,1.0,4.0,2.0,5194817314.0,-1.0,庆阳市镇原县,庆阳市镇原县马渠镇,8.0,13.2,5.0,2.0,28.2,42.67368421052632,41.910084033613444,46.79183823529412
甘肃省,庆阳市,镇原县,庙渠镇,107.0704695,35.927638,0.0,1.0,2.0,2.0,18.0,0.0,0.0,0.0,0.0,0.0,0.0,0.0,0.0,0.0,2.0,2.0,0.0,0.0,0.0,0.0,7.0,0.0,0.0,0.0,0.0,1.0,2.0,0.0,0.0,4.0,0.0,0.0,0.0,1.0,5.0,6.0,0.0,1.0,1.0,0.0,10.0,0.0,0.0,0.0,0.0,0.0,0.0,0.0,0.0,0.0,1.0,1.0,0.0,0.0,0.0,0.0,6.0,0.0,0.0,0.0,0.0,1.0,2.0,0.0,0.0,3.0,0.0,0.0,0.0,1.0,4.0,3.0,6039050488.0,-1.0,庆阳市镇原县,庆阳市镇原县庙渠镇,8.0,16.1,5.0,4.1,33.2,42.67368421052632,41.910084033613444,46.79183823529412
甘肃省,庆阳市,镇原县,南川乡,107.1940407,35.6232718,7.0,1.0,0.0,18.0,23.0,2.0,0.0,0.0,0.0,0.0,0.0,0.0,0.0,0.0,1.0,1.0,0.0,0.0,0.0,0.0,0.0,0.0,0.0,0.0,0.0,2.0,11.0,0.0,0.0,2.0,0.0,0.0,0.0,1.0,6.0,3.0,0.0,0.0,0.0,13.0,8.0,2.0,0.0,0.0,0.0,0.0,0.0,0.0,0.0,0.0,1.0,1.0,0.0,0.0,0.0,0.0,0.0,0.0,0.0,0.0,0.0,1.0,11.0,0.0,0.0,0.0,0.0,0.0,0.0,1.0,4.0,2.0,5194816190.0,-1.0,庆阳市镇原县,庆阳市镇原县南川乡,9.0,20.0,5.0,3.9000000000000004,37.9,42.67368421052632,41.910084033613444,46.79183823529412
甘肃省,庆阳市,镇原县,方山乡,107.2111794,35.9742065,6.0,0.0,1.0,2.0,3.0,0.0,0.0,0.0,0.0,0.0,0.0,0.0,0.0,0.0,0.0,0.0,0.0,0.0,0.0,0.0,0.0,0.0,0.0,0.0,0.0,1.0,0.0,0.0,0.0,0.0,0.0,0.0,0.0,1.0,4.0,1.0,3.0,0.0,1.0,2.0,3.0,0.0,0.0,0.0,0.0,0.0,0.0,0.0,0.0,0.0,0.0,0.0,0.0,0.0,0.0,0.0,0.0,0.0,0.0,0.0,0.0,1.0,0.0,0.0,0.0,0.0,0.0,0.0,0.0,1.0,4.0,1.0,5194817128.0,-1.0,庆阳市镇原县,庆阳市镇原县方山乡,8.0,10.5,0.0,0.5,19.0,42.67368421052632,41.910084033613444,46.79183823529412
甘肃省,庆阳市,镇原县,殷家城乡,106.9439977,36.1876824,0.0,5.0,0.0,7.0,5.0,0.0,0.0,0.0,0.0,0.0,0.0,0.0,0.0,0.0,1.0,1.0,0.0,0.0,0.0,0.0,2.0,0.0,0.0,0.0,0.0,1.0,0.0,0.0,0.0,1.0,0.0,0.0,0.0,3.0,4.0,3.0,0.0,1.0,0.0,5.0,5.0,0.0,0.0,0.0,0.0,0.0,0.0,0.0,0.0,0.0,1.0,1.0,0.0,0.0,0.0,0.0,2.0,0.0,0.0,0.0,0.0,1.0,0.0,0.0,0.0,1.0,0.0,0.0,0.0,1.0,4.0,3.0,2988260385.0,11882686.0,庆阳市镇原县,庆阳市镇原县殷家城乡,16.0,14.5,5.0,1.7,37.2,42.67368421052632,41.910084033613444,46.79183823529412
甘肃省,庆阳市,镇原县,武沟乡,106.9636494,35.8556637,0.0,1.0,2.0,1.0,8.0,1.0,0.0,0.0,0.0,0.0,0.0,0.0,0.0,0.0,1.0,1.0,0.0,0.0,0.0,0.0,2.0,0.0,0.0,0.0,0.0,1.0,3.0,0.0,0.0,4.0,0.0,0.0,0.0,1.0,6.0,3.0,0.0,1.0,1.0,1.0,5.0,1.0,0.0,0.0,0.0,0.0,0.0,0.0,0.0,0.0,1.0,1.0,0.0,0.0,0.0,0.0,1.0,0.0,0.0,0.0,0.0,1.0,3.0,0.0,0.0,3.0,0.0,0.0,0.0,1.0,6.0,3.0,6039050489.0,-1.0,庆阳市镇原县,庆阳市镇原县武沟乡,8.0,12.1,5.0,2.8,27.900000000000002,42.67368421052632,41.910084033613444,46.79183823529412
甘肃省,庆阳市,镇原县,郭原乡,106.9444476,35.7424905,0.0,2.0,0.0,2.0,17.0,0.0,0.0,0.0,0.0,0.0,1.0,0.0,0.0,0.0,1.0,1.0,0.0,0.0,0.0,0.0,0.0,0.0,0.0,0.0,0.0,3.0,5.0,0.0,0.0,2.0,0.0,3.0,0.0,1.0,5.0,4.0,0.0,2.0,0.0,2.0,9.0,0.0,0.0,0.0,0.0,0.0,1.0,0.0,0.0,0.0,1.0,1.0,0.0,0.0,0.0,0.0,0.0,0.0,0.0,0.0,0.0,1.0,5.0,0.0,0.0,2.0,0.0,3.0,0.0,1.0,5.0,3.0,5194815950.0,-1.0,庆阳市镇原县,庆阳市镇原县郭原乡,10.0,17.6,5.0,3.4000000000000004,36.0,42.67368421052632,41.910084033613444,46.79183823529412
甘肃省,庆阳市,镇原县,中原乡,107.0993624,35.5241677,0.0,1.0,0.0,1.0,34.0,3.0,0.0,0.0,0.0,0.0,0.0,0.0,0.0,0.0,2.0,2.0,0.0,0.0,0.0,0.0,13.0,0.0,0.0,0.0,0.0,1.0,9.0,0.0,0.0,5.0,0.0,0.0,0.0,1.0,6.0,5.0,0.0,1.0,0.0,1.0,14.0,0.0,0.0,0.0,0.0,0.0,0.0,0.0,0.0,0.0,1.0,1.0,0.0,0.0,0.0,0.0,4.0,0.0,0.0,0.0,0.0,1.0,3.0,0.0,0.0,2.0,0.0,0.0,0.0,1.0,5.0,3.0,5194816018.0,-1.0,庆阳市镇原县,庆阳市镇原县中原乡,8.0,20.0,5.0,4.4,37.4,42.67368421052632,41.910084033613444,46.79183823529412
甘肃省,定西市,安定区,中华路街道,104.6215516,35.5861064,12.0,16.0,40.0,74.0,299.0,121.0,3.0,74.0,30.0,6.0,3.0,8.0,4.0,20.0,16.0,24.0,4.0,1.0,4.0,29.0,35.0,7.0,9.0,1.0,2.0,8.0,1279.0,0.0,2.0,18.0,21.0,51.0,15.0,8.0,24.0,17.0,7.0,5.0,20.0,20.0,92.0,23.0,0.0,1.0,12.0,0.0,0.0,1.0,0.0,11.0,4.0,5.0,1.0,0.0,2.0,13.0,5.0,1.0,3.0,0.0,1.0,2.0,342.0,0.0,1.0,5.0,13.0,9.0,6.0,6.0,15.0,12.0,6070920049.0,8974732.0,定西市安定区,定西市安定区中华路街道,20.0,30.0,23.0,20.0,93.0,48.13181818181818,44.966393442622945,46.79183823529412
甘肃省,定西市,安定区,永定路街道,104.6235744,35.5767598,12.0,20.0,43.0,75.0,315.0,136.0,4.0,70.0,27.0,6.0,3.0,5.0,4.0,20.0,14.0,22.0,3.0,1.0,3.0,26.0,27.0,4.0,8.0,0.0,1.0,9.0,1262.0,0.0,2.0,19.0,20.0,52.0,16.0,9.0,25.0,18.0,8.0,8.0,19.0,26.0,71.0,49.0,3.0,22.0,9.0,1.0,0.0,0.0,2.0,10.0,7.0,8.0,1.0,1.0,2.0,17.0,2.0,0.0,3.0,0.0,1.0,3.0,481.0,0.0,1.0,3.0,12.0,19.0,5.0,4.0,18.0,12.0,6070920048.0,8974731.0,定西市安定区,定西市安定区永定路街道,20.0,30.0,30.0,20.0,100.0,48.13181818181818,44.966393442622945,46.79183823529412
甘肃省,定西市,安定区,福台路街道,104.5910776,35.6023056,8.0,0.0,45.0,54.0,154.0,63.0,2.0,62.0,26.0,7.0,4.0,5.0,2.0,7.0,8.0,12.0,3.0,0.0,2.0,10.0,36.0,6.0,9.0,1.0,4.0,6.0,624.0,0.0,0.0,10.0,7.0,28.0,9.0,8.0,19.0,18.0,0.0,0.0,12.0,16.0,17.0,18.0,2.0,18.0,9.0,3.0,0.0,2.0,0.0,0.0,4.0,5.0,1.0,0.0,0.0,6.0,8.0,3.0,0.0,1.0,2.0,1.0,132.0,0.0,0.0,1.0,1.0,4.0,4.0,2.0,12.0,12.0,6070920047.0,-1.0,定西市安定区,定西市安定区福台路街道,12.0,30.0,21.0,20.0,83.0,48.13181818181818,44.966393442622945,46.79183823529412
甘肃省,定西市,安定区,凤翔镇,104.6009166,35.5640189,4.0,15.0,42.0,54.0,255.0,114.0,4.0,34.0,8.0,5.0,3.0,4.0,2.0,10.0,10.0,15.0,2.0,0.0,2.0,12.0,18.0,3.0,5.0,0.0,2.0,12.0,1047.0,0.0,2.0,30.0,11.0,39.0,4.0,6.0,20.0,17.0,0.0,5.0,5.0,2.0,70.0,18.0,0.0,0.0,0.0,0.0,0.0,0.0,0.0,0.0,1.0,3.0,0.0,0.0,0.0,1.0,3.0,0.0,1.0,0.0,0.0,2.0,147.0,0.0,0.0,2.0,0.0,2.0,1.0,2.0,9.0,11.0,6070773818.0,-1.0,定西市安定区,定西市安定区凤翔镇,12.0,30.0,11.0,20.0,73.0,48.13181818181818,44.966393442622945,46.79183823529412
甘肃省,定西市,安定区,内官营镇,104.4100574,35.515627,0.0,6.0,3.0,10.0,81.0,4.0,0.0,3.0,1.0,0.0,2.0,0.0,0.0,0.0,4.0,5.0,0.0,0.0,0.0,0.0,10.0,1.0,4.0,1.0,0.0,2.0,39.0,0.0,0.0,3.0,0.0,0.0,0.0,1.0,12.0,11.0,0.0,4.0,1.0,7.0,41.0,0.0,0.0,0.0,1.0,0.0,0.0,0.0,0.0,0.0,4.0,5.0,0.0,0.0,0.0,0.0,1.0,0.0,2.0,0.0,0.0,1.0,25.0,0.0,0.0,2.0,0.0,0.0,0.0,1.0,6.0,4.0,3251136133.0,-1.0,定西市安定区,定西市安定区内官营镇,9.0,28.0,5.0,10.9,52.9,48.13181818181818,44.966393442622945,46.79183823529412
甘肃省,定西市,安定区,巉口镇,104.5294812,35.7154458,11.0,0.0,5.0,18.0,88.0,8.0,0.0,0.0,1.0,0.0,2.0,0.0,0.0,0.0,0.0,0.0,0.0,0.0,0.0,0.0,12.0,0.0,4.0,0.0,0.0,4.0,94.0,0.0,0.0,2.0,0.0,0.0,0.0,7.0,11.0,8.0,9.0,0.0,1.0,8.0,47.0,2.0,0.0,0.0,0.0,0.0,2.0,0.0,0.0,0.0,0.0,0.0,0.0,0.0,0.0,0.0,6.0,0.0,4.0,0.0,0.0,1.0,66.0,0.0,0.0,1.0,0.0,0.0,0.0,7.0,10.0,5.0,3251136131.0,-1.0,定西市安定区,定西市安定区巉口镇,11.0,28.0,0.0,20.0,59.0,48.13181818181818,44.966393442622945,46.79183823529412
甘肃省,定西市,安定区,称钩驿镇,104.4075623,35.6771722,0.0,0.0,7.0,9.0,45.0,4.0,0.0,1.0,1.0,0.0,1.0,0.0,0.0,0.0,0.0,0.0,0.0,0.0,0.0,0.0,21.0,0.0,1.0,0.0,0.0,3.0,22.0,0.0,0.0,2.0,0.0,0.0,0.0,2.0,11.0,8.0,0.0,0.0,2.0,6.0,21.0,3.0,0.0,1.0,1.0,0.0,0.0,0.0,0.0,0.0,0.0,0.0,0.0,0.0,0.0,0.0,5.0,0.0,0.0,0.0,0.0,1.0,22.0,0.0,0.0,0.0,0.0,0.0,0.0,2.0,7.0,4.0,6070773817.0,-1.0,定西市安定区,定西市安定区称钩驿镇,10.0,28.0,0.0,8.600000000000001,46.6,48.13181818181818,44.966393442622945,46.79183823529412
甘肃省,定西市,安定区,鲁家沟镇,104.5712548,35.8465737,0.0,0.0,6.0,4.0,25.0,2.0,0.0,0.0,3.0,0.0,0.0,0.0,0.0,0.0,0.0,0.0,0.0,0.0,0.0,0.0,7.0,0.0,0.0,0.0,0.0,6.0,4.0,0.0,0.0,0.0,0.0,1.0,1.0,2.0,6.0,6.0,0.0,0.0,4.0,3.0,10.0,1.0,0.0,0.0,3.0,0.0,0.0,0.0,0.0,0.0,0.0,0.0,0.0,0.0,0.0,0.0,1.0,0.0,0.0,0.0,0.0,2.0,3.0,0.0,0.0,0.0,0.0,0.0,1.0,2.0,6.0,5.0,6070773820.0,-1.0,定西市安定区,定西市安定区鲁家沟镇,12.0,22.0,0.0,3.7,37.7,48.13181818181818,44.966393442622945,46.79183823529412
甘肃省,定西市,安定区,西巩驿镇,104.8509784,35.6576257,3.0,0.0,0.0,9.0,46.0,4.0,0.0,0.0,0.0,0.0,1.0,1.0,1.0,1.0,2.0,2.0,0.0,0.0,0.0,3.0,9.0,0.0,1.0,0.0,0.0,2.0,13.0,0.0,0.0,3.0,0.0,0.0,1.0,3.0,10.0,7.0,3.0,0.0,0.0,3.0,15.0,4.0,0.0,0.0,0.0,0.0,1.0,1.0,1.0,1.0,1.0,1.0,0.0,0.0,0.0,3.0,2.0,0.0,0.0,0.0,0.0,2.0,13.0,0.0,0.0,2.0,0.0,0.0,1.0,3.0,9.0,5.0,1191286960.0,-1.0,定西市安定区,定西市安定区西巩驿镇,9.0,26.0,18.0,6.6,59.6,48.13181818181818,44.966393442622945,46.79183823529412
甘肃省,定西市,安定区,宁远镇,104.8899865,35.4569781,1.0,1.0,1.0,1.0,40.0,0.0,0.0,0.0,1.0,0.0,0.0,0.0,0.0,0.0,2.0,2.0,0.0,0.0,0.0,0.0,10.0,0.0,0.0,0.0,0.0,3.0,31.0,0.0,0.0,2.0,0.0,3.0,0.0,1.0,8.0,6.0,0.0,1.0,0.0,0.0,21.0,0.0,0.0,0.0,1.0,0.0,0.0,0.0,0.0,0.0,2.0,2.0,0.0,0.0,0.0,0.0,2.0,0.0,0.0,0.0,0.0,1.0,29.0,0.0,0.0,2.0,0.0,3.0,0.0,1.0,4.0,4.0,4102391697.0,-1.0,定西市安定区,定西市安定区宁远镇,10.0,26.0,5.0,9.4,50.4,48.13181818181818,44.966393442622945,46.79183823529412
甘肃省,定西市,安定区,李家堡镇,104.7361069,35.4681456,6.0,0.0,0.0,3.0,45.0,21.0,0.0,4.0,0.0,0.0,1.0,0.0,0.0,0.0,2.0,2.0,0.0,0.0,0.0,0.0,14.0,0.0,2.0,0.0,0.0,4.0,47.0,0.0,0.0,4.0,0.0,0.0,0.0,1.0,12.0,7.0,5.0,0.0,0.0,0.0,23.0,15.0,0.0,3.0,0.0,0.0,0.0,0.0,0.0,0.0,2.0,2.0,0.0,0.0,0.0,0.0,4.0,0.0,1.0,0.0,0.0,1.0,22.0,0.0,0.0,3.0,0.0,0.0,0.0,1.0,9.0,6.0,4102451021.0,-1.0,定西市安定区,定西市安定区李家堡镇,11.0,26.0,5.0,11.100000000000001,53.1,48.13181818181818,44.966393442622945,46.79183823529412
甘肃省,定西市,安定区,团结镇,104.5873735,35.462747,0.0,1.0,0.0,5.0,12.0,5.0,0.0,0.0,0.0,0.0,0.0,0.0,0.0,0.0,0.0,0.0,0.0,0.0,0.0,0.0,9.0,0.0,1.0,0.0,0.0,2.0,17.0,0.0,0.0,2.0,0.0,0.0,0.0,2.0,5.0,9.0,0.0,1.0,0.0,5.0,6.0,0.0,0.0,0.0,0.0,0.0,0.0,0.0,0.0,0.0,0.0,0.0,0.0,0.0,0.0,0.0,4.0,0.0,1.0,0.0,0.0,1.0,2.0,0.0,0.0,2.0,0.0,0.0,0.0,2.0,3.0,3.0,6070773822.0,-1.0,定西市安定区,定西市安定区团结镇,9.0,16.7,0.0,6.300000000000001,32.0,48.13181818181818,44.966393442622945,46.79183823529412
甘肃省,定西市,安定区,香泉镇,104.5115967,35.4283384,0.0,0.0,3.0,4.0,79.0,2.0,0.0,0.0,1.0,0.0,0.0,0.0,0.0,0.0,4.0,4.0,0.0,0.0,0.0,0.0,21.0,0.0,0.0,0.0,0.0,4.0,48.0,0.0,0.0,1.0,0.0,0.0,0.0,1.0,7.0,9.0,0.0,0.0,1.0,2.0,18.0,1.0,0.0,0.0,1.0,0.0,0.0,0.0,0.0,0.0,1.0,1.0,0.0,0.0,0.0,0.0,5.0,0.0,0.0,0.0,0.0,1.0,33.0,0.0,0.0,0.0,0.0,0.0,0.0,1.0,7.0,6.0,5744232708.0,-1.0,定西市安定区,定西市安定区香泉镇,11.0,25.5,5.0,12.200000000000001,53.7,48.13181818181818,44.966393442622945,46.79183823529412
甘肃省,定西市,安定区,符家川镇,104.3396025,35.5786095,0.0,0.0,4.0,2.0,24.0,1.0,0.0,0.0,0.0,0.0,1.0,0.0,0.0,0.0,2.0,2.0,0.0,0.0,0.0,0.0,3.0,0.0,0.0,0.0,0.0,4.0,20.0,0.0,0.0,0.0,0.0,0.0,0.0,1.0,6.0,4.0,0.0,0.0,4.0,1.0,14.0,1.0,0.0,0.0,0.0,0.0,1.0,0.0,0.0,0.0,1.0,1.0,0.0,0.0,0.0,0.0,1.0,0.0,0.0,0.0,0.0,1.0,20.0,0.0,0.0,0.0,0.0,0.0,0.0,1.0,5.0,2.0,6070773819.0,-1.0,定西市安定区,定西市安定区符家川镇,11.0,21.0,5.0,6.0,43.0,48.13181818181818,44.966393442622945,46.79183823529412
甘肃省,定西市,安定区,葛家岔镇,104.688209,35.7699924,0.0,1.0,4.0,2.0,12.0,5.0,0.0,0.0,0.0,0.0,1.0,0.0,0.0,0.0,4.0,4.0,0.0,0.0,0.0,0.0,0.0,0.0,0.0,0.0,0.0,5.0,14.0,0.0,0.0,3.0,0.0,0.0,0.0,1.0,6.0,5.0,0.0,1.0,4.0,2.0,5.0,5.0,0.0,0.0,0.0,0.0,1.0,0.0,0.0,0.0,3.0,3.0,0.0,0.0,0.0,0.0,0.0,0.0,0.0,0.0,0.0,1.0,12.0,0.0,0.0,2.0,0.0,0.0,0.0,1.0,6.0,2.0,3251198478.0,-1.0,定西市安定区,定西市安定区葛家岔镇,12.0,15.9,5.0,5.6,38.5,48.13181818181818,44.966393442622945,46.79183823529412
甘肃省,定西市,安定区,白碌乡,104.5144835,35.9826271,1.0,0.0,0.0,4.0,6.0,0.0,0.0,0.0,0.0,0.0,0.0,0.0,0.0,0.0,0.0,0.0,0.0,0.0,0.0,0.0,0.0,0.0,0.0,0.0,0.0,1.0,0.0,0.0,0.0,1.0,0.0,0.0,0.0,1.0,4.0,1.0,0.0,0.0,0.0,2.0,4.0,0.0,0.0,0.0,0.0,0.0,0.0,0.0,0.0,0.0,0.0,0.0,0.0,0.0,0.0,0.0,0.0,0.0,0.0,0.0,0.0,1.0,0.0,0.0,0.0,0.0,0.0,0.0,0.0,1.0,3.0,0.0,6070773816.0,-1.0,定西市安定区,定西市安定区白碌乡,8.0,13.4,0.0,0.6,22.0,48.13181818181818,44.966393442622945,46.79183823529412
甘肃省,定西市,安定区,石峡湾乡,104.7092737,35.8931499,0.0,0.0,2.0,0.0,1.0,0.0,0.0,0.0,0.0,0.0,0.0,0.0,0.0,0.0,0.0,0.0,0.0,0.0,0.0,0.0,0.0,0.0,0.0,0.0,0.0,2.0,0.0,0.0,0.0,0.0,0.0,0.0,0.0,1.0,2.0,0.0,0.0,0.0,2.0,0.0,0.0,0.0,0.0,0.0,0.0,0.0,0.0,0.0,0.0,0.0,0.0,0.0,0.0,0.0,0.0,0.0,0.0,0.0,0.0,0.0,0.0,1.0,0.0,0.0,0.0,0.0,0.0,0.0,0.0,1.0,1.0,0.0,4265816468.0,-1.0,定西市安定区,定西市安定区石峡湾乡,9.0,6.2,0.0,0.0,15.2,48.13181818181818,44.966393442622945,46.79183823529412
甘肃省,定西市,安定区,新集乡,104.8008692,35.7592331,0.0,0.0,2.0,4.0,10.0,0.0,0.0,0.0,0.0,0.0,0.0,0.0,0.0,0.0,0.0,0.0,0.0,0.0,0.0,0.0,0.0,0.0,0.0,0.0,0.0,4.0,0.0,0.0,0.0,2.0,0.0,0.0,0.0,1.0,4.0,2.0,0.0,0.0,2.0,3.0,2.0,0.0,0.0,0.0,0.0,0.0,0.0,0.0,0.0,0.0,0.0,0.0,0.0,0.0,0.0,0.0,0.0,0.0,0.0,0.0,0.0,1.0,0.0,0.0,0.0,2.0,0.0,0.0,0.0,1.0,3.0,1.0,4929389235.0,-1.0,定西市安定区,定西市安定区新集乡,11.0,13.6,0.0,1.4,26.0,48.13181818181818,44.966393442622945,46.79183823529412
甘肃省,定西市,安定区,青岚山乡,104.721626,35.6357614,0.0,4.0,4.0,2.0,28.0,8.0,0.0,2.0,0.0,0.0,0.0,0.0,0.0,0.0,1.0,1.0,0.0,0.0,1.0,1.0,3.0,0.0,0.0,0.0,0.0,4.0,12.0,0.0,0.0,0.0,0.0,2.0,0.0,2.0,9.0,7.0,0.0,0.0,2.0,2.0,8.0,6.0,0.0,2.0,0.0,0.0,0.0,0.0,0.0,0.0,1.0,1.0,0.0,0.0,1.0,1.0,1.0,0.0,0.0,0.0,0.0,1.0,10.0,0.0,0.0,0.0,0.0,2.0,0.0,2.0,7.0,3.0,4505260100.0,-1.0,定西市安定区,定西市安定区青岚山乡,11.0,19.0,8.0,5.7,43.7,48.13181818181818,44.966393442622945,46.79183823529412
甘肃省,定西市,安定区,高峰乡,104.3398383,35.4643312,0.0,0.0,0.0,1.0,24.0,0.0,0.0,0.0,0.0,0.0,0.0,0.0,0.0,0.0,0.0,0.0,0.0,0.0,0.0,0.0,3.0,0.0,0.0,0.0,0.0,1.0,0.0,0.0,0.0,0.0,0.0,0.0,0.0,4.0,4.0,3.0,0.0,0.0,0.0,1.0,4.0,0.0,0.0,0.0,0.0,0.0,0.0,0.0,0.0,0.0,0.0,0.0,0.0,0.0,0.0,0.0,1.0,0.0,0.0,0.0,0.0,1.0,0.0,0.0,0.0,0.0,0.0,0.0,0.0,1.0,3.0,1.0,4264563299.0,-1.0,定西市安定区,定西市安定区高峰乡,8.0,9.0,0.0,1.5,18.5,48.13181818181818,44.966393442622945,46.79183823529412
甘肃省,定西市,安定区,石泉乡,104.8962663,35.5612668,0.0,0.0,0.0,1.0,9.0,0.0,0.0,0.0,0.0,0.0,0.0,0.0,0.0,0.0,2.0,2.0,0.0,0.0,0.0,0.0,3.0,0.0,0.0,0.0,0.0,4.0,0.0,0.0,0.0,0.0,0.0,0.0,0.0,1.0,3.0,3.0,0.0,0.0,0.0,1.0,4.0,0.0,0.0,0.0,0.0,0.0,0.0,0.0,0.0,0.0,1.0,1.0,0.0,0.0,0.0,0.0,2.0,0.0,0.0,0.0,0.0,2.0,0.0,0.0,0.0,0.0,0.0,0.0,0.0,1.0,3.0,2.0,6070773821.0,-1.0,定西市安定区,定西市安定区石泉乡,11.0,5.5,5.0,1.5,23.0,48.13181818181818,44.966393442622945,46.79183823529412
甘肃省,定西市,安定区,杏园乡,104.9059163,35.3874397,1.0,0.0,1.0,5.0,24.0,1.0,0.0,0.0,0.0,0.0,0.0,0.0,0.0,0.0,1.0,1.0,0.0,0.0,0.0,0.0,3.0,0.0,0.0,0.0,0.0,1.0,4.0,0.0,0.0,2.0,0.0,0.0,1.0,1.0,6.0,4.0,1.0,0.0,1.0,0.0,5.0,1.0,0.0,0.0,0.0,0.0,0.0,0.0,0.0,0.0,1.0,1.0,0.0,0.0,0.0,0.0,1.0,0.0,0.0,0.0,0.0,1.0,1.0,0.0,0.0,0.0,0.0,0.0,0.0,1.0,4.0,2.0,4505260098.0,-1.0,定西市安定区,定西市安定区杏园乡,8.0,19.3,5.0,2.7,35.0,48.13181818181818,44.966393442622945,46.79183823529412
甘肃省,定西市,通渭县,平襄镇,105.24993,35.2051019,14.0,12.0,31.0,33.0,142.0,110.0,0.0,13.0,0.0,2.0,2.0,4.0,2.0,2.0,10.0,12.0,3.0,0.0,0.0,0.0,18.0,2.0,8.0,2.0,0.0,6.0,448.0,0.0,0.0,6.0,0.0,11.0,0.0,3.0,16.0,10.0,8.0,7.0,11.0,12.0,42.0,67.0,0.0,11.0,0.0,1.0,0.0,0.0,1.0,1.0,3.0,3.0,1.0,0.0,0.0,0.0,4.0,0.0,1.0,1.0,0.0,3.0,195.0,0.0,0.0,0.0,0.0,6.0,0.0,3.0,11.0,8.0,6920252247.0,10221793.0,定西市通渭县,定西市通渭县平襄镇,20.0,28.0,20.0,20.0,88.0,45.62222222222223,44.966393442622945,46.79183823529412
甘肃省,定西市,通渭县,马营镇,105.0201119,35.3054937,5.0,1.0,7.0,15.0,35.0,4.0,0.0,0.0,0.0,0.0,2.0,0.0,0.0,0.0,2.0,2.0,0.0,0.0,0.0,0.0,13.0,0.0,0.0,0.0,0.0,2.0,0.0,0.0,0.0,2.0,0.0,0.0,0.0,1.0,15.0,6.0,1.0,0.0,6.0,2.0,23.0,3.0,0.0,0.0,0.0,0.0,0.0,0.0,0.0,0.0,1.0,1.0,0.0,0.0,0.0,0.0,6.0,0.0,0.0,0.0,0.0,1.0,0.0,0.0,0.0,0.0,0.0,0.0,0.0,1.0,9.0,3.0,4099763748.0,10221838.0,定西市通渭县,定西市通渭县马营镇,17.0,26.0,5.0,3.2,51.2,45.62222222222223,44.966393442622945,46.79183823529412
甘肃省,定西市,通渭县,鸡川镇,105.4668067,35.1510858,0.0,0.0,5.0,4.0,6.0,0.0,0.0,1.0,0.0,0.0,0.0,0.0,0.0,0.0,0.0,0.0,0.0,0.0,0.0,0.0,11.0,0.0,0.0,0.0,0.0,2.0,0.0,0.0,0.0,0.0,0.0,0.0,0.0,7.0,4.0,5.0,0.0,0.0,5.0,3.0,1.0,0.0,0.0,0.0,0.0,0.0,0.0,0.0,0.0,0.0,0.0,0.0,0.0,0.0,0.0,0.0,3.0,0.0,0.0,0.0,0.0,1.0,0.0,0.0,0.0,0.0,0.0,0.0,0.0,1.0,3.0,1.0,4422859785.0,10221796.0,定西市通渭县,定西市通渭县鸡川镇,17.0,12.5,0.0,2.5,32.0,45.62222222222223,44.966393442622945,46.79183823529412
甘肃省,定西市,通渭县,榜罗镇,104.9384822,35.0358757,0.0,0.0,6.0,3.0,32.0,1.0,0.0,0.0,0.0,0.0,0.0,1.0,0.0,0.0,1.0,1.0,0.0,0.0,0.0,0.0,6.0,0.0,0.0,0.0,0.0,3.0,3.0,0.0,0.0,2.0,0.0,0.0,0.0,1.0,6.0,3.0,0.0,0.0,2.0,1.0,12.0,1.0,0.0,0.0,0.0,0.0,0.0,1.0,0.0,0.0,1.0,1.0,0.0,0.0,0.0,0.0,3.0,0.0,0.0,0.0,0.0,1.0,3.0,0.0,0.0,0.0,0.0,0.0,0.0,1.0,4.0,3.0,4511026734.0,10221841.0,定西市通渭县,定西市通渭县榜罗镇,18.0,21.0,10.0,2.3,51.3,45.62222222222223,44.966393442622945,46.79183823529412
甘肃省,定西市,通渭县,常家河镇,105.1473865,34.9920745,0.0,0.0,5.0,8.0,2.0,2.0,0.0,0.0,0.0,0.0,0.0,0.0,0.0,0.0,0.0,0.0,0.0,0.0,0.0,0.0,17.0,0.0,0.0,0.0,0.0,4.0,5.0,0.0,0.0,0.0,0.0,0.0,0.0,6.0,5.0,2.0,0.0,0.0,5.0,3.0,1.0,0.0,0.0,0.0,0.0,0.0,0.0,0.0,0.0,0.0,0.0,0.0,0.0,0.0,0.0,0.0,4.0,0.0,0.0,0.0,0.0,1.0,0.0,0.0,0.0,0.0,0.0,0.0,0.0,1.0,3.0,2.0,4353813343.0,10221842.0,定西市通渭县,定西市通渭县常家河镇,19.0,13.2,0.0,1.5,33.7,45.62222222222223,44.966393442622945,46.79183823529412
甘肃省,定西市,通渭县,义岗川镇,105.2676939,35.429829,7.0,0.0,0.0,4.0,42.0,0.0,0.0,0.0,0.0,0.0,0.0,0.0,0.0,0.0,2.0,2.0,0.0,0.0,0.0,0.0,4.0,0.0,0.0,0.0,0.0,3.0,16.0,0.0,0.0,3.0,0.0,0.0,0.0,3.0,4.0,3.0,3.0,0.0,0.0,3.0,36.0,0.0,0.0,0.0,0.0,0.0,0.0,0.0,0.0,0.0,2.0,2.0,0.0,0.0,0.0,0.0,1.0,0.0,0.0,0.0,0.0,1.0,15.0,0.0,0.0,0.0,0.0,0.0,0.0,2.0,4.0,3.0,6049643367.0,10221801.0,定西市通渭县,定西市通渭县义岗川镇,18.0,22.0,5.0,4.9,49.9,45.62222222222223,44.966393442622945,46.79183823529412
甘肃省,定西市,通渭县,陇阳镇,105.3273943,35.2836704,0.0,0.0,3.0,3.0,18.0,2.0,0.0,0.0,0.0,0.0,0.0,0.0,0.0,0.0,2.0,2.0,0.0,0.0,0.0,0.0,12.0,0.0,0.0,0.0,0.0,5.0,75.0,0.0,0.0,0.0,0.0,2.0,0.0,2.0,6.0,3.0,0.0,0.0,3.0,2.0,11.0,2.0,0.0,0.0,0.0,0.0,0.0,0.0,0.0,0.0,1.0,1.0,0.0,0.0,0.0,0.0,4.0,0.0,0.0,0.0,0.0,1.0,75.0,0.0,0.0,0.0,0.0,2.0,0.0,1.0,6.0,3.0,4428708506.0,10221794.0,定西市通渭县,定西市通渭县陇阳镇,20.0,17.9,5.0,16.5,59.4,45.62222222222223,44.966393442622945,46.79183823529412
甘肃省,定西市,通渭县,陇山镇,105.4109633,35.2639881,0.0,0.0,2.0,7.0,30.0,0.0,0.0,0.0,0.0,0.0,0.0,0.0,0.0,0.0,1.0,1.0,0.0,0.0,0.0,0.0,11.0,0.0,0.0,0.0,0.0,3.0,18.0,0.0,0.0,1.0,0.0,0.0,0.0,2.0,4.0,4.0,0.0,0.0,2.0,2.0,7.0,0.0,0.0,0.0,0.0,0.0,0.0,0.0,0.0,0.0,1.0,1.0,0.0,0.0,0.0,0.0,2.0,0.0,0.0,0.0,0.0,1.0,18.0,0.0,0.0,0.0,0.0,0.0,0.0,1.0,4.0,2.0,4428708109.0,10221798.0,定西市通渭县,定西市通渭县陇山镇,18.0,20.1,5.0,5.7,48.800000000000004,45.62222222222223,44.966393442622945,46.79183823529412
甘肃省,定西市,通渭县,陇川镇,105.4476508,35.342809,0.0,0.0,1.0,10.0,59.0,0.0,0.0,0.0,0.0,0.0,0.0,0.0,0.0,0.0,0.0,0.0,0.0,0.0,0.0,0.0,7.0,0.0,0.0,0.0,0.0,1.0,0.0,0.0,0.0,3.0,0.0,0.0,0.0,5.0,5.0,4.0,0.0,0.0,1.0,8.0,31.0,0.0,0.0,0.0,0.0,0.0,0.0,0.0,0.0,0.0,0.0,0.0,0.0,0.0,0.0,0.0,1.0,0.0,0.0,0.0,0.0,1.0,0.0,0.0,0.0,0.0,0.0,0.0,0.0,5.0,4.0,3.0,4428709505.0,10221799.0,定西市通渭县,定西市通渭县陇川镇,16.0,22.5,0.0,2.3,40.8,45.62222222222223,44.966393442622945,46.79183823529412
甘肃省,定西市,通渭县,碧玉镇,105.3596796,35.1481428,3.0,5.0,0.0,20.0,50.0,3.0,0.0,0.0,0.0,0.0,1.0,0.0,0.0,0.0,2.0,2.0,0.0,0.0,0.0,0.0,17.0,0.0,0.0,0.0,0.0,2.0,2.0,0.0,0.0,3.0,0.0,0.0,0.0,2.0,8.0,3.0,1.0,3.0,0.0,10.0,21.0,0.0,0.0,0.0,0.0,0.0,0.0,0.0,0.0,0.0,1.0,1.0,0.0,0.0,0.0,0.0,4.0,0.0,0.0,0.0,0.0,1.0,2.0,0.0,0.0,1.0,0.0,0.0,0.0,2.0,7.0,3.0,4099778229.0,10221795.0,定西市通渭县,定西市通渭县碧玉镇,17.0,26.0,5.0,2.3,50.3,45.62222222222223,44.966393442622945,46.79183823529412
甘肃省,定西市,通渭县,襄南镇,105.2442,35.0642371,0.0,0.0,6.0,6.0,18.0,0.0,0.0,0.0,0.0,0.0,0.0,0.0,0.0,0.0,2.0,2.0,0.0,0.0,0.0,0.0,15.0,0.0,0.0,0.0,0.0,5.0,0.0,0.0,0.0,0.0,0.0,0.0,0.0,1.0,5.0,1.0,0.0,0.0,5.0,3.0,2.0,0.0,0.0,0.0,0.0,0.0,0.0,0.0,0.0,0.0,2.0,2.0,0.0,0.0,0.0,0.0,3.0,0.0,0.0,0.0,0.0,1.0,0.0,0.0,0.0,0.0,0.0,0.0,0.0,1.0,5.0,1.0,4512509541.0,10221844.0,定西市通渭县,定西市通渭县襄南镇,20.0,16.7,5.0,0.5,42.2,45.62222222222223,44.966393442622945,46.79183823529412
甘肃省,定西市,通渭县,什川镇,104.9003051,35.1663198,0.0,0.0,3.0,4.0,10.0,0.0,0.0,0.0,0.0,0.0,0.0,0.0,0.0,0.0,2.0,2.0,0.0,0.0,0.0,0.0,11.0,0.0,2.0,0.0,0.0,6.0,1.0,0.0,0.0,0.0,0.0,0.0,0.0,3.0,4.0,5.0,0.0,0.0,2.0,3.0,1.0,0.0,0.0,0.0,0.0,0.0,0.0,0.0,0.0,0.0,1.0,1.0,0.0,0.0,0.0,0.0,1.0,0.0,2.0,0.0,0.0,1.0,1.0,0.0,0.0,0.0,0.0,0.0,0.0,1.0,3.0,3.0,4510893242.0,10221840.0,定西市通渭县,定西市通渭县什川镇,20.0,13.3,5.0,2.7,41.0,45.62222222222223,44.966393442622945,46.79183823529412
甘肃省,定西市,通渭县,华家岭镇,105.0103215,35.3795278,0.0,2.0,1.0,1.0,24.0,6.0,0.0,0.0,0.0,0.0,0.0,0.0,0.0,0.0,3.0,3.0,0.0,0.0,0.0,0.0,12.0,0.0,0.0,0.0,0.0,5.0,3.0,0.0,0.0,3.0,0.0,0.0,0.0,2.0,8.0,5.0,0.0,2.0,1.0,0.0,5.0,2.0,0.0,0.0,0.0,0.0,0.0,0.0,0.0,0.0,1.0,1.0,0.0,0.0,0.0,0.0,2.0,0.0,0.0,0.0,0.0,2.0,3.0,0.0,0.0,3.0,0.0,0.0,0.0,1.0,5.0,5.0,4505257084.0,10221802.0,定西市通渭县,定西市通渭县华家岭镇,20.0,16.3,5.0,3.7,45.0,45.62222222222223,44.966393442622945,46.79183823529412
甘肃省,定西市,通渭县,北城铺镇,105.2320165,35.3446691,2.0,0.0,0.0,6.0,17.0,0.0,0.0,0.0,0.0,0.0,0.0,0.0,0.0,0.0,0.0,0.0,0.0,0.0,0.0,0.0,1.0,0.0,0.0,0.0,0.0,5.0,0.0,0.0,0.0,2.0,0.0,0.0,0.0,3.0,4.0,1.0,0.0,0.0,0.0,1.0,4.0,0.0,0.0,0.0,0.0,0.0,0.0,0.0,0.0,0.0,0.0,0.0,0.0,0.0,0.0,0.0,0.0,0.0,0.0,0.0,0.0,1.0,0.0,0.0,0.0,0.0,0.0,0.0,0.0,1.0,3.0,0.0,4288267288.0,10221800.0,定西市通渭县,定西市通渭县北城铺镇,20.0,16.6,0.0,0.7,37.300000000000004,45.62222222222223,44.966393442622945,46.79183823529412
甘肃省,定西市,通渭县,新景乡,105.5711004,35.196804,0.0,0.0,3.0,4.0,8.0,0.0,0.0,0.0,0.0,0.0,0.0,0.0,0.0,0.0,1.0,1.0,0.0,0.0,0.0,0.0,3.0,1.0,0.0,0.0,0.0,4.0,1.0,0.0,0.0,2.0,0.0,0.0,0.0,8.0,4.0,5.0,0.0,0.0,2.0,4.0,2.0,0.0,0.0,0.0,0.0,0.0,0.0,0.0,0.0,0.0,1.0,1.0,0.0,0.0,0.0,0.0,2.0,1.0,0.0,0.0,0.0,1.0,1.0,0.0,0.0,0.0,0.0,0.0,0.0,5.0,3.0,3.0,4429096387.0,10221797.0,定西市通渭县,定西市通渭县新景乡,19.0,13.2,5.0,2.9,40.1,45.62222222222223,44.966393442622945,46.79183823529412
甘肃省,定西市,通渭县,李家店乡,105.1690721,35.0653343,0.0,0.0,5.0,4.0,1.0,0.0,0.0,0.0,0.0,0.0,0.0,0.0,0.0,0.0,0.0,0.0,0.0,0.0,0.0,0.0,12.0,0.0,0.0,0.0,0.0,2.0,0.0,0.0,0.0,0.0,0.0,0.0,0.0,1.0,3.0,2.0,0.0,0.0,4.0,0.0,0.0,0.0,0.0,0.0,0.0,0.0,0.0,0.0,0.0,0.0,0.0,0.0,0.0,0.0,0.0,0.0,4.0,0.0,0.0,0.0,0.0,1.0,0.0,0.0,0.0,0.0,0.0,0.0,0.0,1.0,1.0,2.0,4353813344.0,10221843.0,定西市通渭县,定西市通渭县李家店乡,17.0,10.7,0.0,1.0,28.7,45.62222222222223,44.966393442622945,46.79183823529412
甘肃省,定西市,通渭县,第三铺乡,105.0639118,35.1903631,0.0,0.0,2.0,7.0,12.0,0.0,0.0,0.0,0.0,0.0,0.0,0.0,0.0,0.0,1.0,1.0,0.0,0.0,0.0,0.0,9.0,0.0,0.0,0.0,0.0,5.0,2.0,0.0,0.0,2.0,0.0,0.0,0.0,2.0,5.0,4.0,0.0,0.0,1.0,4.0,1.0,0.0,0.0,0.0,0.0,0.0,0.0,0.0,0.0,0.0,0.0,0.0,0.0,0.0,0.0,0.0,1.0,0.0,0.0,0.0,0.0,1.0,0.0,0.0,0.0,1.0,0.0,0.0,0.0,1.0,4.0,2.0,4504425794.0,10221839.0,定西市通渭县,定西市通渭县第三铺乡,20.0,15.2,0.0,2.5,37.7,45.62222222222223,44.966393442622945,46.79183823529412
甘肃省,定西市,通渭县,寺子川乡,105.3092218,35.3858748,0.0,0.0,3.0,5.0,36.0,0.0,0.0,0.0,0.0,0.0,0.0,0.0,0.0,0.0,0.0,0.0,0.0,0.0,0.0,0.0,3.0,0.0,0.0,0.0,0.0,4.0,8.0,0.0,0.0,0.0,0.0,0.0,0.0,2.0,5.0,2.0,0.0,0.0,3.0,4.0,16.0,0.0,0.0,0.0,0.0,0.0,0.0,0.0,0.0,0.0,0.0,0.0,0.0,0.0,0.0,0.0,2.0,0.0,0.0,0.0,0.0,1.0,5.0,0.0,0.0,0.0,0.0,0.0,0.0,1.0,5.0,2.0,6049643366.0,11898914.0,定西市通渭县,定西市通渭县寺子川乡,19.0,22.5,0.0,2.3,43.8,45.62222222222223,44.966393442622945,46.79183823529412
甘肃省,定西市,陇西县,巩昌镇,104.6415996,35.0057453,11.0,15.0,45.0,37.0,285.0,137.0,0.0,46.0,157.0,7.0,4.0,0.0,1.0,4.0,15.0,19.0,2.0,0.0,0.0,1.0,47.0,4.0,15.0,1.0,2.0,5.0,275.0,0.0,0.0,16.0,3.0,24.0,6.0,3.0,23.0,16.0,0.0,9.0,19.0,6.0,70.0,31.0,0.0,31.0,58.0,3.0,0.0,0.0,0.0,2.0,4.0,7.0,1.0,0.0,0.0,1.0,11.0,0.0,0.0,0.0,0.0,3.0,96.0,0.0,0.0,0.0,2.0,3.0,2.0,2.0,14.0,4.0,8124490781.0,-1.0,定西市陇西县,定西市陇西县巩昌镇,12.0,30.0,11.0,20.0,73.0,38.629411764705885,44.966393442622945,46.79183823529412
甘肃省,定西市,陇西县,文峰镇,104.6973519,34.9503986,8.0,24.0,28.0,10.0,112.0,143.0,5.0,5.0,91.0,0.0,3.0,0.0,2.0,7.0,2.0,4.0,0.0,0.0,2.0,6.0,17.0,1.0,10.0,1.0,0.0,4.0,230.0,0.0,0.0,10.0,4.0,6.0,5.0,6.0,17.0,17.0,3.0,6.0,7.0,7.0,38.0,58.0,0.0,2.0,50.0,0.0,1.0,0.0,2.0,7.0,2.0,4.0,0.0,0.0,2.0,6.0,2.0,0.0,2.0,1.0,0.0,1.0,94.0,0.0,0.0,2.0,4.0,2.0,4.0,2.0,10.0,6.0,1706632261.0,-1.0,定西市陇西县,定西市陇西县文峰镇,11.0,28.0,18.0,20.0,77.0,38.629411764705885,44.966393442622945,46.79183823529412
甘肃省,定西市,陇西县,首阳镇,104.4321854,35.0835734,3.0,0.0,0.0,17.0,66.0,81.0,0.0,0.0,10.0,0.0,1.0,0.0,1.0,1.0,0.0,0.0,0.0,0.0,0.0,0.0,8.0,0.0,2.0,0.0,1.0,7.0,17.0,0.0,0.0,0.0,0.0,0.0,0.0,2.0,11.0,5.0,3.0,0.0,0.0,9.0,50.0,25.0,0.0,0.0,2.0,0.0,0.0,0.0,0.0,0.0,0.0,0.0,0.0,0.0,0.0,0.0,1.0,0.0,1.0,0.0,1.0,2.0,15.0,0.0,0.0,0.0,0.0,0.0,0.0,1.0,7.0,3.0,3251010031.0,-1.0,定西市陇西县,定西市陇西县首阳镇,12.0,28.0,0.0,5.7,45.7,38.629411764705885,44.966393442622945,46.79183823529412
甘肃省,定西市,陇西县,菜子镇,104.4737558,34.9899143,0.0,4.0,0.0,4.0,18.0,0.0,0.0,0.0,1.0,0.0,0.0,0.0,0.0,0.0,0.0,0.0,0.0,0.0,0.0,0.0,6.0,0.0,0.0,0.0,0.0,6.0,2.0,0.0,0.0,0.0,0.0,0.0,0.0,1.0,6.0,3.0,0.0,4.0,0.0,3.0,3.0,0.0,0.0,0.0,1.0,0.0,0.0,0.0,0.0,0.0,0.0,0.0,0.0,0.0,0.0,0.0,3.0,0.0,0.0,0.0,0.0,1.0,1.0,0.0,0.0,0.0,0.0,0.0,0.0,1.0,5.0,2.0,1706632212.0,-1.0,定西市陇西县,定西市陇西县菜子镇,12.0,18.5,0.0,1.8,32.3,38.629411764705885,44.966393442622945,46.79183823529412
甘肃省,定西市,陇西县,福星镇,104.5780286,35.1829976,0.0,2.0,1.0,5.0,2.0,0.0,0.0,0.0,2.0,0.0,0.0,0.0,0.0,0.0,0.0,0.0,0.0,0.0,0.0,0.0,2.0,0.0,0.0,0.0,0.0,3.0,0.0,0.0,0.0,4.0,0.0,0.0,0.0,2.0,5.0,2.0,0.0,2.0,0.0,3.0,0.0,0.0,0.0,0.0,2.0,0.0,0.0,0.0,0.0,0.0,0.0,0.0,0.0,0.0,0.0,0.0,1.0,0.0,0.0,0.0,0.0,1.0,0.0,0.0,0.0,1.0,0.0,0.0,0.0,1.0,3.0,2.0,3251010028.0,-1.0,定西市陇西县,定西市陇西县福星镇,10.0,14.9,0.0,1.5,26.4,38.629411764705885,44.966393442622945,46.79183823529412
甘肃省,定西市,陇西县,通安驿镇,104.68,35.303889,0.0,5.0,7.0,16.0,32.0,2.0,0.0,0.0,0.0,0.0,0.0,0.0,0.0,0.0,3.0,3.0,0.0,0.0,0.0,0.0,14.0,0.0,1.0,0.0,0.0,6.0,8.0,0.0,0.0,1.0,0.0,0.0,1.0,4.0,11.0,7.0,0.0,3.0,3.0,14.0,16.0,1.0,0.0,0.0,0.0,0.0,0.0,0.0,0.0,0.0,3.0,3.0,0.0,0.0,0.0,0.0,6.0,0.0,1.0,0.0,0.0,2.0,8.0,0.0,0.0,0.0,0.0,0.0,0.0,4.0,7.0,4.0,3027595611.0,-1.0,定西市陇西县,定西市陇西县通安驿镇,12.0,24.0,5.0,5.2,46.2,38.629411764705885,44.966393442622945,46.79183823529412
甘肃省,定西市,陇西县,云田镇,104.717222,35.107222,0.0,9.0,0.0,3.0,59.0,2.0,0.0,0.0,20.0,1.0,0.0,0.0,0.0,0.0,1.0,2.0,0.0,0.0,0.0,0.0,15.0,0.0,4.0,0.0,0.0,7.0,6.0,0.0,0.0,2.0,0.0,0.0,0.0,4.0,8.0,5.0,0.0,2.0,0.0,0.0,18.0,0.0,0.0,0.0,6.0,0.0,0.0,0.0,0.0,0.0,1.0,1.0,0.0,0.0,0.0,0.0,2.0,0.0,1.0,0.0,0.0,1.0,0.0,0.0,0.0,0.0,0.0,0.0,0.0,4.0,5.0,4.0,3027595612.0,-1.0,定西市陇西县,定西市陇西县云田镇,12.0,28.0,5.0,3.3,48.3,38.629411764705885,44.966393442622945,46.79183823529412
甘肃省,定西市,陇西县,碧岩镇,104.3850142,35.0297372,0.0,0.0,4.0,1.0,6.0,1.0,0.0,0.0,2.0,0.0,0.0,0.0,0.0,0.0,0.0,0.0,0.0,0.0,0.0,0.0,8.0,0.0,0.0,0.0,0.0,5.0,17.0,0.0,0.0,0.0,0.0,0.0,0.0,1.0,7.0,3.0,0.0,0.0,1.0,0.0,3.0,0.0,0.0,0.0,0.0,0.0,0.0,0.0,0.0,0.0,0.0,0.0,0.0,0.0,0.0,0.0,4.0,0.0,0.0,0.0,0.0,1.0,17.0,0.0,0.0,0.0,0.0,0.0,0.0,1.0,3.0,2.0,5378176598.0,-1.0,定西市陇西县,定西市陇西县碧岩镇,12.0,13.6,0.0,4.9,30.5,38.629411764705885,44.966393442622945,46.79183823529412
甘肃省,定西市,陇西县,马河镇,104.604722,35.369167,0.0,0.0,5.0,2.0,63.0,0.0,0.0,0.0,0.0,0.0,1.0,0.0,0.0,0.0,0.0,0.0,0.0,0.0,0.0,0.0,18.0,0.0,1.0,0.0,0.0,6.0,11.0,0.0,0.0,2.0,0.0,0.0,0.0,4.0,5.0,9.0,0.0,0.0,1.0,0.0,21.0,0.0,0.0,0.0,0.0,0.0,1.0,0.0,0.0,0.0,0.0,0.0,0.0,0.0,0.0,0.0,1.0,0.0,0.0,0.0,0.0,1.0,3.0,0.0,0.0,1.0,0.0,0.0,0.0,2.0,3.0,5.0,3027595610.0,-1.0,定西市陇西县,定西市陇西县马河镇,12.0,24.5,0.0,5.7,42.2,38.629411764705885,44.966393442622945,46.79183823529412
甘肃省,定西市,陇西县,柯寨镇,104.4892787,35.1142074,0.0,0.0,3.0,5.0,7.0,0.0,0.0,0.0,0.0,0.0,0.0,0.0,0.0,0.0,1.0,1.0,0.0,0.0,0.0,0.0,9.0,0.0,0.0,0.0,0.0,1.0,0.0,0.0,0.0,1.0,0.0,0.0,0.0,1.0,4.0,1.0,0.0,0.0,2.0,4.0,3.0,0.0,0.0,0.0,0.0,0.0,0.0,0.0,0.0,0.0,1.0,1.0,0.0,0.0,0.0,0.0,5.0,0.0,0.0,0.0,0.0,1.0,0.0,0.0,0.0,0.0,0.0,0.0,0.0,1.0,3.0,1.0,3251010029.0,-1.0,定西市陇西县,定西市陇西县柯寨镇,8.0,14.3,5.0,0.6,27.900000000000002,38.629411764705885,44.966393442622945,46.79183823529412
甘肃省,定西市,陇西县,双泉镇,104.4148988,35.1314139,0.0,0.0,0.0,8.0,5.0,27.0,0.0,0.0,1.0,0.0,0.0,0.0,0.0,0.0,0.0,0.0,0.0,0.0,0.0,0.0,1.0,0.0,0.0,0.0,0.0,2.0,2.0,0.0,0.0,0.0,0.0,0.0,0.0,2.0,6.0,2.0,0.0,0.0,0.0,4.0,3.0,12.0,0.0,0.0,1.0,0.0,0.0,0.0,0.0,0.0,0.0,0.0,0.0,0.0,0.0,0.0,1.0,0.0,0.0,0.0,0.0,1.0,2.0,0.0,0.0,0.0,0.0,0.0,0.0,2.0,6.0,2.0,3251010032.0,-1.0,定西市陇西县,定西市陇西县双泉镇,9.0,11.9,0.0,1.4,22.299999999999997,38.629411764705885,44.966393442622945,46.79183823529412
甘肃省,定西市,陇西县,权家湾镇,104.7789978,35.1925491,0.0,3.0,0.0,14.0,17.0,1.0,0.0,0.0,0.0,0.0,0.0,0.0,0.0,0.0,1.0,1.0,0.0,0.0,0.0,0.0,5.0,0.0,0.0,0.0,0.0,2.0,0.0,0.0,0.0,2.0,0.0,0.0,0.0,4.0,5.0,5.0,0.0,3.0,0.0,8.0,4.0,0.0,0.0,0.0,0.0,0.0,0.0,0.0,0.0,0.0,0.0,0.0,0.0,0.0,0.0,0.0,1.0,0.0,0.0,0.0,0.0,1.0,0.0,0.0,0.0,0.0,0.0,0.0,0.0,1.0,4.0,4.0,3251010030.0,-1.0,定西市陇西县,定西市陇西县权家湾镇,9.0,17.1,0.0,2.7,28.8,38.629411764705885,44.966393442622945,46.79183823529412
甘肃省,定西市,陇西县,渭阳乡,104.7686694,35.081411,0.0,0.0,0.0,3.0,6.0,0.0,0.0,0.0,0.0,0.0,0.0,0.0,0.0,0.0,2.0,2.0,0.0,0.0,0.0,0.0,5.0,0.0,0.0,0.0,0.0,4.0,1.0,0.0,0.0,0.0,0.0,0.0,0.0,1.0,3.0,3.0,0.0,0.0,0.0,2.0,4.0,0.0,0.0,0.0,0.0,0.0,0.0,0.0,0.0,0.0,2.0,2.0,0.0,0.0,0.0,0.0,3.0,0.0,0.0,0.0,0.0,1.0,1.0,0.0,0.0,0.0,0.0,0.0,0.0,1.0,3.0,2.0,3251010033.0,-1.0,定西市陇西县,定西市陇西县渭阳乡,11.0,6.9,5.0,1.7,24.599999999999998,38.629411764705885,44.966393442622945,46.79183823529412
甘肃省,定西市,陇西县,宏伟乡,104.7933378,35.3005212,0.0,0.0,1.0,5.0,8.0,2.0,0.0,0.0,0.0,0.0,0.0,0.0,0.0,0.0,1.0,1.0,0.0,0.0,0.0,0.0,9.0,0.0,0.0,0.0,0.0,4.0,29.0,0.0,0.0,0.0,0.0,0.0,0.0,1.0,5.0,4.0,0.0,0.0,1.0,1.0,5.0,2.0,0.0,0.0,0.0,0.0,0.0,0.0,0.0,0.0,1.0,1.0,0.0,0.0,0.0,0.0,2.0,0.0,0.0,0.0,0.0,2.0,28.0,0.0,0.0,0.0,0.0,0.0,0.0,1.0,4.0,2.0,4506523695.0,-1.0,定西市陇西县,定西市陇西县宏伟乡,11.0,15.6,5.0,7.7,39.300000000000004,38.629411764705885,44.966393442622945,46.79183823529412
甘肃省,定西市,陇西县,和平乡,104.817733,34.975413,0.0,0.0,5.0,4.0,20.0,0.0,0.0,0.0,1.0,0.0,0.0,0.0,0.0,0.0,0.0,0.0,0.0,0.0,0.0,0.0,1.0,0.0,0.0,0.0,0.0,9.0,14.0,0.0,0.0,0.0,0.0,0.0,0.0,1.0,5.0,1.0,0.0,0.0,2.0,1.0,3.0,0.0,0.0,0.0,0.0,0.0,0.0,0.0,0.0,0.0,0.0,0.0,0.0,0.0,0.0,0.0,0.0,0.0,0.0,0.0,0.0,2.0,1.0,0.0,0.0,0.0,0.0,0.0,0.0,1.0,4.0,0.0,1706632224.0,-1.0,定西市陇西县,定西市陇西县和平乡,12.0,18.4,0.0,2.0,32.4,38.629411764705885,44.966393442622945,46.79183823529412
甘肃省,定西市,陇西县,德兴乡,104.4869135,35.2443734,0.0,0.0,4.0,2.0,11.0,0.0,0.0,0.0,0.0,0.0,0.0,0.0,0.0,0.0,1.0,1.0,0.0,0.0,0.0,0.0,1.0,0.0,0.0,0.0,0.0,1.0,0.0,0.0,0.0,2.0,0.0,0.0,1.0,1.0,4.0,5.0,0.0,0.0,2.0,1.0,9.0,0.0,0.0,0.0,0.0,0.0,0.0,0.0,0.0,0.0,1.0,1.0,0.0,0.0,0.0,0.0,1.0,0.0,0.0,0.0,0.0,1.0,0.0,0.0,0.0,2.0,0.0,0.0,1.0,1.0,4.0,3.0,3251010027.0,-1.0,定西市陇西县,定西市陇西县德兴乡,8.0,13.9,5.0,2.9,29.799999999999997,38.629411764705885,44.966393442622945,46.79183823529412
甘肃省,定西市,陇西县,永吉乡,104.842364,34.903108,0.0,0.0,2.0,2.0,6.0,0.0,0.0,0.0,0.0,0.0,0.0,0.0,0.0,0.0,3.0,3.0,0.0,0.0,0.0,0.0,5.0,0.0,0.0,0.0,0.0,7.0,0.0,0.0,0.0,2.0,0.0,0.0,0.0,1.0,5.0,2.0,0.0,0.0,0.0,1.0,3.0,0.0,0.0,0.0,0.0,0.0,0.0,0.0,0.0,0.0,3.0,3.0,0.0,0.0,0.0,0.0,2.0,0.0,0.0,0.0,0.0,2.0,0.0,0.0,0.0,2.0,0.0,0.0,0.0,1.0,4.0,1.0,1706632269.0,-1.0,定西市陇西县,定西市陇西县永吉乡,12.0,11.6,5.0,1.4,30.0,38.629411764705885,44.966393442622945,46.79183823529412
甘肃省,定西市,渭源县,清源镇,104.2117209,35.1374079,22.0,0.0,56.0,31.0,91.0,13.0,0.0,34.0,58.0,1.0,2.0,1.0,2.0,2.0,8.0,9.0,0.0,0.0,2.0,3.0,22.0,4.0,4.0,0.0,1.0,4.0,355.0,0.0,0.0,12.0,1.0,6.0,5.0,5.0,19.0,13.0,6.0,0.0,23.0,9.0,25.0,0.0,0.0,19.0,24.0,1.0,0.0,1.0,0.0,0.0,1.0,2.0,0.0,0.0,2.0,0.0,7.0,1.0,0.0,0.0,0.0,4.0,152.0,0.0,0.0,0.0,0.0,4.0,2.0,4.0,13.0,8.0,2110356901.0,-1.0,定西市渭源县,定西市渭源县清源镇,11.0,30.0,12.0,20.0,73.0,42.51875,44.966393442622945,46.79183823529412
甘肃省,定西市,渭源县,莲峰镇,104.3121871,35.0372985,0.0,0.0,11.0,14.0,24.0,0.0,0.0,0.0,2.0,0.0,0.0,0.0,0.0,0.0,2.0,2.0,0.0,0.0,0.0,0.0,13.0,0.0,0.0,0.0,0.0,11.0,26.0,0.0,0.0,0.0,0.0,0.0,0.0,4.0,6.0,3.0,0.0,0.0,3.0,6.0,21.0,0.0,0.0,0.0,1.0,0.0,0.0,0.0,0.0,0.0,1.0,1.0,0.0,0.0,0.0,0.0,1.0,0.0,0.0,0.0,0.0,1.0,26.0,0.0,0.0,0.0,0.0,0.0,0.0,1.0,4.0,3.0,3250441188.0,-1.0,定西市渭源县,定西市渭源县莲峰镇,12.0,25.0,5.0,6.7,48.7,42.51875,44.966393442622945,46.79183823529412
甘肃省,定西市,渭源县,会川镇,103.9847035,35.1133028,11.0,0.0,4.0,16.0,130.0,23.0,0.0,5.0,3.0,0.0,1.0,0.0,0.0,0.0,6.0,6.0,0.0,0.0,0.0,0.0,26.0,0.0,5.0,0.0,0.0,7.0,79.0,0.0,0.0,3.0,0.0,1.0,0.0,3.0,14.0,8.0,6.0,0.0,1.0,9.0,47.0,7.0,0.0,0.0,0.0,0.0,0.0,0.0,0.0,0.0,5.0,5.0,0.0,0.0,0.0,0.0,5.0,0.0,1.0,0.0,0.0,1.0,45.0,0.0,0.0,1.0,0.0,0.0,0.0,2.0,7.0,5.0,3027503681.0,-1.0,定西市渭源县,定西市渭源县会川镇,12.0,28.0,5.0,16.8,61.8,42.51875,44.966393442622945,46.79183823529412
甘肃省,定西市,渭源县,五竹镇,104.116244,35.0500882,4.0,0.0,3.0,14.0,63.0,1.0,0.0,0.0,0.0,0.0,0.0,0.0,0.0,0.0,1.0,1.0,0.0,0.0,0.0,0.0,11.0,0.0,0.0,0.0,0.0,2.0,1.0,0.0,0.0,0.0,0.0,0.0,0.0,2.0,8.0,5.0,1.0,0.0,0.0,5.0,29.0,0.0,0.0,0.0,0.0,0.0,0.0,0.0,0.0,0.0,1.0,1.0,0.0,0.0,0.0,0.0,3.0,0.0,0.0,0.0,0.0,1.0,0.0,0.0,0.0,0.0,0.0,0.0,0.0,2.0,4.0,3.0,2110356902.0,-1.0,定西市渭源县,定西市渭源县五竹镇,9.0,24.0,5.0,2.6,40.6,42.51875,44.966393442622945,46.79183823529412
甘肃省,定西市,渭源县,路园镇,104.3155662,35.1095232,7.0,0.0,3.0,9.0,34.0,0.0,0.0,1.0,0.0,0.0,0.0,0.0,0.0,0.0,1.0,1.0,0.0,0.0,0.0,0.0,23.0,0.0,1.0,0.0,0.0,6.0,0.0,0.0,0.0,0.0,0.0,0.0,0.0,3.0,8.0,8.0,2.0,0.0,0.0,4.0,11.0,0.0,0.0,0.0,0.0,0.0,0.0,0.0,0.0,0.0,1.0,1.0,0.0,0.0,0.0,0.0,6.0,0.0,0.0,0.0,0.0,1.0,0.0,0.0,0.0,0.0,0.0,0.0,0.0,2.0,4.0,6.0,2110356900.0,-1.0,定西市渭源县,定西市渭源县路园镇,12.0,24.0,5.0,4.0,45.0,42.51875,44.966393442622945,46.79183823529412
甘肃省,定西市,渭源县,北寨镇,104.3294029,35.2701459,0.0,0.0,12.0,12.0,8.0,13.0,0.0,0.0,0.0,0.0,0.0,0.0,0.0,0.0,0.0,0.0,0.0,0.0,0.0,0.0,2.0,0.0,0.0,0.0,0.0,3.0,26.0,0.0,0.0,0.0,0.0,0.0,0.0,2.0,6.0,3.0,0.0,0.0,9.0,8.0,7.0,11.0,0.0,0.0,0.0,0.0,0.0,0.0,0.0,0.0,0.0,0.0,0.0,0.0,0.0,0.0,2.0,0.0,0.0,0.0,0.0,1.0,26.0,0.0,0.0,0.0,0.0,0.0,0.0,2.0,6.0,3.0,3250491132.0,-1.0,定西市渭源县,定西市渭源县北寨镇,10.0,16.7,0.0,6.7,33.4,42.51875,44.966393442622945,46.79183823529412
甘肃省,定西市,渭源县,新寨镇,104.1842524,35.2798627,0.0,1.0,2.0,18.0,17.0,1.0,0.0,0.0,0.0,0.0,0.0,0.0,0.0,0.0,1.0,1.0,0.0,0.0,0.0,0.0,1.0,1.0,0.0,0.0,0.0,1.0,4.0,0.0,0.0,3.0,0.0,0.0,0.0,1.0,6.0,4.0,0.0,0.0,1.0,6.0,9.0,0.0,0.0,0.0,0.0,0.0,0.0,0.0,0.0,0.0,1.0,1.0,0.0,0.0,0.0,0.0,1.0,1.0,0.0,0.0,0.0,1.0,1.0,0.0,0.0,1.0,0.0,0.0,0.0,1.0,4.0,2.0,3250815822.0,-1.0,定西市渭源县,定西市渭源县新寨镇,8.0,19.1,5.0,2.9,35.0,42.51875,44.966393442622945,46.79183823529412
甘肃省,定西市,渭源县,麻家集镇,103.8504133,35.1036244,0.0,0.0,7.0,1.0,77.0,4.0,0.0,0.0,0.0,0.0,1.0,1.0,0.0,0.0,2.0,2.0,0.0,0.0,0.0,0.0,10.0,0.0,0.0,0.0,1.0,2.0,3.0,0.0,0.0,2.0,0.0,1.0,0.0,4.0,6.0,7.0,0.0,0.0,1.0,0.0,21.0,0.0,0.0,0.0,0.0,0.0,0.0,1.0,0.0,0.0,2.0,2.0,0.0,0.0,0.0,0.0,1.0,0.0,0.0,0.0,0.0,1.0,0.0,0.0,0.0,0.0,0.0,0.0,0.0,1.0,3.0,3.0,6072165305.0,-1.0,定西市渭源县,定西市渭源县麻家集镇,9.0,25.0,10.0,4.0,48.0,42.51875,44.966393442622945,46.79183823529412
甘肃省,定西市,渭源县,锹峪镇,104.1845463,35.0720221,0.0,0.0,9.0,3.0,39.0,0.0,0.0,0.0,2.0,0.0,0.0,0.0,0.0,0.0,0.0,0.0,0.0,0.0,0.0,0.0,10.0,0.0,0.0,0.0,0.0,1.0,6.0,0.0,0.0,0.0,0.0,0.0,0.0,2.0,5.0,5.0,0.0,0.0,2.0,1.0,12.0,0.0,0.0,0.0,2.0,0.0,0.0,0.0,0.0,0.0,0.0,0.0,0.0,0.0,0.0,0.0,2.0,0.0,0.0,0.0,0.0,1.0,0.0,0.0,0.0,0.0,0.0,0.0,0.0,2.0,5.0,4.0,3250441200.0,-1.0,定西市渭源县,定西市渭源县锹峪镇,8.0,23.9,0.0,3.1,35.0,42.51875,44.966393442622945,46.79183823529412
甘肃省,定西市,渭源县,庆坪镇,104.1130493,35.2185468,13.0,0.0,6.0,2.0,20.0,0.0,0.0,0.0,2.0,0.0,0.0,0.0,0.0,0.0,0.0,0.0,0.0,0.0,0.0,0.0,7.0,0.0,0.0,0.0,0.0,1.0,9.0,0.0,0.0,1.0,0.0,1.0,1.0,2.0,6.0,6.0,9.0,0.0,3.0,2.0,11.0,0.0,0.0,0.0,2.0,0.0,0.0,0.0,0.0,0.0,0.0,0.0,0.0,0.0,0.0,0.0,4.0,0.0,0.0,0.0,0.0,1.0,8.0,0.0,0.0,0.0,0.0,1.0,0.0,1.0,6.0,4.0,3250491133.0,-1.0,定西市渭源县,定西市渭源县庆坪镇,8.0,19.3,0.0,4.8,32.1,42.51875,44.966393442622945,46.79183823529412
甘肃省,定西市,渭源县,祁家庙镇,104.066622,35.1226334,0.0,0.0,6.0,7.0,11.0,0.0,0.0,0.0,0.0,0.0,0.0,0.0,0.0,0.0,1.0,1.0,0.0,0.0,0.0,0.0,4.0,0.0,0.0,0.0,0.0,1.0,3.0,0.0,0.0,3.0,0.0,0.0,0.0,2.0,5.0,5.0,0.0,0.0,6.0,1.0,3.0,0.0,0.0,0.0,0.0,0.0,0.0,0.0,0.0,0.0,0.0,0.0,0.0,0.0,0.0,0.0,2.0,0.0,0.0,0.0,0.0,1.0,3.0,0.0,0.0,0.0,0.0,0.0,0.0,2.0,4.0,3.0,3250441201.0,-1.0,定西市渭源县,定西市渭源县祁家庙镇,8.0,15.6,0.0,3.4,27.0,42.51875,44.966393442622945,46.79183823529412
甘肃省,定西市,渭源县,上湾镇,103.9509591,35.169658,9.0,0.0,0.0,6.0,44.0,9.0,0.0,0.0,2.0,0.0,2.0,0.0,0.0,0.0,0.0,0.0,0.0,0.0,0.0,2.0,16.0,0.0,0.0,1.0,0.0,1.0,4.0,0.0,0.0,0.0,0.0,0.0,0.0,3.0,12.0,5.0,7.0,0.0,0.0,4.0,20.0,1.0,0.0,0.0,0.0,0.0,0.0,0.0,0.0,0.0,0.0,0.0,0.0,0.0,0.0,0.0,5.0,0.0,0.0,1.0,0.0,1.0,0.0,0.0,0.0,0.0,0.0,0.0,0.0,3.0,6.0,4.0,3250863000.0,11897852.0,定西市渭源县,定西市渭源县上湾镇,16.0,28.0,0.0,2.9,46.9,42.51875,44.966393442622945,46.79183823529412
甘肃省,定西市,渭源县,大安乡,104.4281495,35.3392361,0.0,0.0,2.0,5.0,13.0,1.0,0.0,0.0,0.0,0.0,0.0,0.0,0.0,0.0,3.0,3.0,0.0,0.0,0.0,0.0,0.0,0.0,0.0,0.0,0.0,6.0,0.0,0.0,0.0,1.0,0.0,0.0,0.0,2.0,5.0,4.0,0.0,0.0,0.0,1.0,4.0,1.0,0.0,0.0,0.0,0.0,0.0,0.0,0.0,0.0,1.0,1.0,0.0,0.0,0.0,0.0,0.0,0.0,0.0,0.0,0.0,2.0,0.0,0.0,0.0,0.0,0.0,0.0,0.0,1.0,4.0,1.0,5744231657.0,-1.0,定西市渭源县,定西市渭源县大安乡,12.0,16.3,5.0,2.1,35.4,42.51875,44.966393442622945,46.79183823529412
甘肃省,定西市,渭源县,秦祁乡,104.2519122,35.3476832,0.0,0.0,3.0,7.0,11.0,0.0,0.0,0.0,0.0,0.0,0.0,0.0,0.0,0.0,0.0,0.0,0.0,0.0,0.0,0.0,2.0,0.0,0.0,0.0,0.0,1.0,0.0,0.0,0.0,2.0,0.0,0.0,0.0,1.0,5.0,2.0,0.0,0.0,1.0,3.0,3.0,0.0,0.0,0.0,0.0,0.0,0.0,0.0,0.0,0.0,0.0,0.0,0.0,0.0,0.0,0.0,1.0,0.0,0.0,0.0,0.0,1.0,0.0,0.0,0.0,2.0,0.0,0.0,0.0,1.0,3.0,1.0,4264563298.0,-1.0,定西市渭源县,定西市渭源县秦祁乡,8.0,15.6,0.0,1.4,25.0,42.51875,44.966393442622945,46.79183823529412
甘肃省,定西市,渭源县,峡城乡,103.802666,34.996038,0.0,0.0,13.0,0.0,23.0,0.0,0.0,0.0,0.0,0.0,0.0,0.0,0.0,0.0,3.0,3.0,0.0,0.0,0.0,0.0,7.0,0.0,0.0,0.0,0.0,3.0,1.0,0.0,0.0,1.0,0.0,1.0,0.0,7.0,3.0,9.0,0.0,0.0,6.0,0.0,4.0,0.0,0.0,0.0,0.0,0.0,0.0,0.0,0.0,0.0,1.0,1.0,0.0,0.0,0.0,0.0,2.0,0.0,0.0,0.0,0.0,1.0,0.0,0.0,0.0,1.0,0.0,1.0,0.0,7.0,3.0,6.0,4288262604.0,11897853.0,定西市渭源县,定西市渭源县峡城乡,18.0,12.3,5.0,4.3,39.599999999999994,42.51875,44.966393442622945,46.79183823529412
甘肃省,定西市,渭源县,田家河乡,103.9427267,35.0627158,1.0,0.0,2.0,9.0,68.0,2.0,0.0,0.0,0.0,1.0,1.0,0.0,0.0,0.0,2.0,2.0,0.0,0.0,0.0,0.0,12.0,0.0,1.0,0.0,0.0,6.0,52.0,0.0,0.0,2.0,0.0,0.0,2.0,2.0,6.0,7.0,0.0,0.0,2.0,5.0,24.0,0.0,0.0,0.0,0.0,0.0,0.0,0.0,0.0,0.0,2.0,2.0,0.0,0.0,0.0,0.0,3.0,0.0,0.0,0.0,0.0,1.0,8.0,0.0,0.0,1.0,0.0,0.0,0.0,1.0,4.0,2.0,3250441219.0,-1.0,定西市渭源县,定西市渭源县田家河乡,12.0,27.0,5.0,9.8,53.8,42.51875,44.966393442622945,46.79183823529412
甘肃省,定西市,临洮县,洮阳镇,103.8619108,35.3747999,26.0,10.0,38.0,30.0,270.0,111.0,3.0,29.0,2.0,3.0,4.0,1.0,3.0,6.0,16.0,20.0,0.0,0.0,4.0,12.0,51.0,3.0,8.0,0.0,6.0,6.0,776.0,0.0,0.0,20.0,4.0,48.0,5.0,7.0,21.0,18.0,11.0,2.0,12.0,8.0,60.0,44.0,0.0,9.0,1.0,0.0,0.0,0.0,2.0,3.0,5.0,7.0,0.0,0.0,4.0,11.0,6.0,0.0,1.0,0.0,2.0,1.0,281.0,0.0,0.0,5.0,2.0,14.0,2.0,2.0,12.0,8.0,674190700.0,6718637.0,定西市临洮县,定西市临洮县洮阳镇,20.0,30.0,23.0,20.0,93.0,51.66111111111111,44.966393442622945,46.79183823529412
甘肃省,定西市,临洮县,八里铺镇,103.8734487,35.4250086,15.0,3.0,4.0,29.0,154.0,40.0,0.0,0.0,0.0,1.0,2.0,0.0,0.0,0.0,6.0,6.0,0.0,0.0,0.0,0.0,37.0,3.0,16.0,0.0,2.0,7.0,189.0,1.0,0.0,15.0,0.0,8.0,0.0,5.0,17.0,14.0,1.0,0.0,0.0,0.0,28.0,3.0,0.0,0.0,0.0,0.0,0.0,0.0,0.0,0.0,1.0,1.0,0.0,0.0,0.0,0.0,7.0,0.0,1.0,0.0,0.0,2.0,12.0,0.0,0.0,1.0,0.0,0.0,0.0,3.0,4.0,5.0,4506007200.0,6718627.0,定西市临洮县,定西市临洮县八里铺镇,20.0,28.0,5.0,20.0,73.0,51.66111111111111,44.966393442622945,46.79183823529412
甘肃省,定西市,临洮县,新添镇,103.8380601,35.5315725,4.0,1.0,4.0,4.0,98.0,11.0,0.0,0.0,0.0,0.0,0.0,0.0,0.0,0.0,1.0,1.0,0.0,0.0,0.0,0.0,27.0,0.0,1.0,0.0,0.0,4.0,3.0,0.0,0.0,0.0,0.0,1.0,1.0,8.0,9.0,8.0,1.0,0.0,0.0,0.0,5.0,0.0,0.0,0.0,0.0,0.0,0.0,0.0,0.0,0.0,0.0,0.0,0.0,0.0,0.0,0.0,5.0,0.0,0.0,0.0,0.0,1.0,0.0,0.0,0.0,0.0,0.0,0.0,0.0,3.0,3.0,3.0,3250863001.0,6718639.0,定西市临洮县,定西市临洮县新添镇,19.0,24.0,0.0,4.3,47.3,51.66111111111111,44.966393442622945,46.79183823529412
甘肃省,定西市,临洮县,辛店镇,103.7806469,35.613556,4.0,1.0,3.0,8.0,89.0,10.0,0.0,1.0,0.0,0.0,2.0,0.0,0.0,0.0,1.0,1.0,0.0,0.0,0.0,0.0,13.0,0.0,3.0,0.0,0.0,6.0,68.0,0.0,0.0,1.0,0.0,0.0,0.0,10.0,12.0,9.0,4.0,0.0,1.0,1.0,10.0,5.0,0.0,1.0,0.0,0.0,0.0,0.0,0.0,0.0,0.0,0.0,0.0,0.0,0.0,0.0,3.0,0.0,1.0,0.0,0.0,1.0,27.0,0.0,0.0,1.0,0.0,0.0,0.0,8.0,9.0,5.0,4506007425.0,11898651.0,定西市临洮县,定西市临洮县辛店镇,20.0,26.0,0.0,13.700000000000001,59.7,51.66111111111111,44.966393442622945,46.79183823529412
甘肃省,定西市,临洮县,太石镇,103.7495532,35.6545224,5.0,4.0,0.0,6.0,78.0,29.0,0.0,8.0,0.0,1.0,2.0,0.0,0.0,0.0,4.0,4.0,0.0,1.0,0.0,3.0,11.0,0.0,0.0,0.0,0.0,5.0,36.0,0.0,0.0,1.0,0.0,3.0,1.0,10.0,13.0,9.0,3.0,0.0,0.0,0.0,27.0,2.0,0.0,0.0,0.0,0.0,0.0,0.0,0.0,0.0,2.0,2.0,0.0,1.0,0.0,0.0,2.0,0.0,0.0,0.0,0.0,2.0,4.0,0.0,0.0,0.0,0.0,0.0,0.0,2.0,6.0,3.0,4506007403.0,6718636.0,定西市临洮县,定西市临洮县太石镇,20.0,28.0,7.0,8.100000000000001,63.1,51.66111111111111,44.966393442622945,46.79183823529412
甘肃省,定西市,临洮县,中铺镇,103.7434092,35.7877033,8.0,0.0,0.0,7.0,48.0,14.0,0.0,0.0,0.0,0.0,1.0,0.0,0.0,0.0,2.0,3.0,0.0,0.0,0.0,2.0,9.0,0.0,2.0,0.0,0.0,4.0,54.0,0.0,0.0,1.0,1.0,1.0,1.0,3.0,6.0,7.0,4.0,0.0,0.0,0.0,19.0,11.0,0.0,0.0,0.0,0.0,0.0,0.0,0.0,0.0,2.0,3.0,0.0,0.0,0.0,1.0,6.0,0.0,0.0,0.0,0.0,3.0,25.0,0.0,0.0,1.0,0.0,1.0,0.0,3.0,5.0,4.0,4506007679.0,6718643.0,定西市临洮县,定西市临洮县中铺镇,19.0,25.0,6.0,11.6,61.6,51.66111111111111,44.966393442622945,46.79183823529412
甘肃省,定西市,临洮县,峡口镇,104.048593,35.5239068,0.0,7.0,0.0,3.0,2.0,0.0,0.0,0.0,0.0,0.0,0.0,0.0,0.0,0.0,0.0,0.0,0.0,0.0,0.0,0.0,6.0,0.0,0.0,0.0,0.0,2.0,4.0,0.0,0.0,1.0,0.0,0.0,0.0,1.0,3.0,3.0,0.0,1.0,0.0,3.0,1.0,0.0,0.0,0.0,0.0,0.0,0.0,0.0,0.0,0.0,0.0,0.0,0.0,0.0,0.0,0.0,3.0,0.0,0.0,0.0,0.0,1.0,0.0,0.0,0.0,0.0,0.0,0.0,0.0,1.0,3.0,2.0,4506007418.0,6718638.0,定西市临洮县,定西市临洮县峡口镇,17.0,10.2,0.0,2.0,29.2,51.66111111111111,44.966393442622945,46.79183823529412
甘肃省,定西市,临洮县,龙门镇,103.9361775,35.3552968,6.0,2.0,0.0,7.0,63.0,2.0,0.0,0.0,0.0,0.0,2.0,0.0,0.0,0.0,3.0,3.0,0.0,0.0,0.0,0.0,11.0,0.0,2.0,0.0,1.0,4.0,41.0,0.0,0.0,4.0,0.0,0.0,0.0,1.0,12.0,6.0,5.0,0.0,0.0,7.0,18.0,0.0,0.0,0.0,0.0,0.0,0.0,0.0,0.0,0.0,2.0,2.0,0.0,0.0,0.0,0.0,3.0,0.0,0.0,0.0,0.0,3.0,17.0,0.0,0.0,0.0,0.0,0.0,0.0,1.0,7.0,3.0,4508484132.0,6718632.0,定西市临洮县,定西市临洮县龙门镇,19.0,26.0,5.0,9.2,59.2,51.66111111111111,44.966393442622945,46.79183823529412
甘肃省,定西市,临洮县,窑店镇,104.0540918,35.3005831,17.0,0.0,0.0,9.0,15.0,0.0,0.0,0.0,0.0,0.0,0.0,0.0,0.0,0.0,1.0,1.0,0.0,0.0,0.0,0.0,10.0,0.0,1.0,0.0,0.0,5.0,0.0,0.0,0.0,1.0,0.0,0.0,0.0,1.0,4.0,5.0,10.0,0.0,0.0,2.0,4.0,0.0,0.0,0.0,0.0,0.0,0.0,0.0,0.0,0.0,1.0,1.0,0.0,0.0,0.0,0.0,4.0,0.0,0.0,0.0,0.0,1.0,0.0,0.0,0.0,0.0,0.0,0.0,0.0,1.0,3.0,2.0,3250863002.0,11898649.0,定西市临洮县,定西市临洮县窑店镇,20.0,16.2,5.0,2.6,43.800000000000004,51.66111111111111,44.966393442622945,46.79183823529412
甘肃省,定西市,临洮县,玉井镇,103.8360105,35.2783848,5.0,0.0,6.0,7.0,48.0,22.0,0.0,0.0,0.0,1.0,1.0,0.0,0.0,0.0,1.0,1.0,0.0,0.0,0.0,0.0,31.0,0.0,4.0,0.0,0.0,3.0,10.0,0.0,0.0,10.0,0.0,1.0,0.0,5.0,8.0,10.0,1.0,0.0,2.0,1.0,8.0,0.0,0.0,0.0,0.0,0.0,0.0,0.0,0.0,0.0,1.0,1.0,0.0,0.0,0.0,0.0,3.0,0.0,0.0,0.0,0.0,1.0,0.0,0.0,0.0,0.0,0.0,0.0,0.0,2.0,5.0,2.0,4506007409.0,6718641.0,定西市临洮县,定西市临洮县玉井镇,18.0,28.0,5.0,6.0,57.0,51.66111111111111,44.966393442622945,46.79183823529412
甘肃省,定西市,临洮县,衙下集镇,103.8104008,35.2156287,0.0,0.0,4.0,10.0,51.0,4.0,0.0,6.0,0.0,0.0,0.0,0.0,0.0,0.0,2.0,2.0,0.0,0.0,0.0,0.0,28.0,0.0,0.0,0.0,0.0,2.0,36.0,0.0,0.0,2.0,0.0,1.0,0.0,4.0,7.0,8.0,0.0,0.0,2.0,3.0,17.0,1.0,0.0,0.0,0.0,0.0,0.0,0.0,0.0,0.0,2.0,2.0,0.0,0.0,0.0,0.0,4.0,0.0,0.0,0.0,0.0,1.0,34.0,0.0,0.0,1.0,0.0,0.0,0.0,1.0,5.0,5.0,4471446139.0,6718640.0,定西市临洮县,定西市临洮县衙下集镇,17.0,23.5,5.0,11.3,56.8,51.66111111111111,44.966393442622945,46.79183823529412
甘肃省,定西市,临洮县,南屏镇,103.8127018,35.1647248,0.0,8.0,2.0,10.0,119.0,0.0,0.0,5.0,0.0,0.0,1.0,1.0,0.0,0.0,4.0,5.0,0.0,0.0,0.0,0.0,34.0,0.0,2.0,0.0,0.0,4.0,47.0,0.0,0.0,0.0,0.0,1.0,0.0,3.0,8.0,12.0,0.0,0.0,2.0,2.0,36.0,0.0,0.0,5.0,0.0,0.0,1.0,1.0,0.0,0.0,1.0,1.0,0.0,0.0,0.0,0.0,6.0,0.0,1.0,0.0,0.0,2.0,42.0,0.0,0.0,0.0,0.0,0.0,0.0,3.0,6.0,7.0,6072223942.0,6718634.0,定西市临洮县,定西市临洮县南屏镇,19.0,26.0,10.0,12.9,67.9,51.66111111111111,44.966393442622945,46.79183823529412
甘肃省,定西市,临洮县,红旗乡,103.5990338,35.7811351,0.0,1.0,3.0,3.0,6.0,0.0,0.0,0.0,0.0,0.0,0.0,0.0,0.0,0.0,1.0,1.0,0.0,0.0,0.0,0.0,12.0,0.0,3.0,0.0,0.0,2.0,19.0,0.0,0.0,1.0,0.0,0.0,0.0,6.0,7.0,5.0,0.0,0.0,1.0,1.0,1.0,0.0,0.0,0.0,0.0,0.0,0.0,0.0,0.0,0.0,1.0,1.0,0.0,0.0,0.0,0.0,3.0,0.0,1.0,0.0,0.0,1.0,9.0,0.0,0.0,0.0,0.0,0.0,0.0,6.0,4.0,4.0,6072223941.0,6718628.0,定西市临洮县,定西市临洮县红旗乡,17.0,13.0,5.0,5.4,40.4,51.66111111111111,44.966393442622945,46.79183823529412
甘肃省,定西市,临洮县,上营乡,104.0240356,35.6249182,0.0,0.0,1.0,0.0,64.0,1.0,0.0,0.0,0.0,0.0,0.0,0.0,0.0,0.0,0.0,0.0,0.0,0.0,0.0,0.0,2.0,0.0,0.0,0.0,0.0,4.0,0.0,0.0,0.0,0.0,0.0,0.0,0.0,1.0,5.0,2.0,0.0,0.0,1.0,0.0,12.0,0.0,0.0,0.0,0.0,0.0,0.0,0.0,0.0,0.0,0.0,0.0,0.0,0.0,0.0,0.0,0.0,0.0,0.0,0.0,0.0,1.0,0.0,0.0,0.0,0.0,0.0,0.0,0.0,1.0,4.0,1.0,4506007283.0,6718635.0,定西市临洮县,定西市临洮县上营乡,19.0,22.5,0.0,1.0,42.5,51.66111111111111,44.966393442622945,46.79183823529412
甘肃省,定西市,临洮县,康家集乡,104.0047075,35.247064,0.0,0.0,0.0,13.0,10.0,0.0,0.0,0.0,0.0,0.0,0.0,0.0,0.0,0.0,0.0,0.0,0.0,0.0,0.0,0.0,2.0,0.0,0.0,0.0,0.0,1.0,0.0,0.0,0.0,0.0,0.0,0.0,0.0,2.0,2.0,3.0,0.0,0.0,0.0,4.0,1.0,0.0,0.0,0.0,0.0,0.0,0.0,0.0,0.0,0.0,0.0,0.0,0.0,0.0,0.0,0.0,2.0,0.0,0.0,0.0,0.0,1.0,0.0,0.0,0.0,0.0,0.0,0.0,0.0,1.0,2.0,2.0,3250862999.0,6718629.0,定西市临洮县,定西市临洮县康家集乡,16.0,8.3,0.0,1.5,25.8,51.66111111111111,44.966393442622945,46.79183823529412
甘肃省,定西市,临洮县,站滩乡,104.1653601,35.5066263,0.0,0.0,0.0,3.0,9.0,3.0,0.0,0.0,0.0,0.0,0.0,0.0,0.0,0.0,1.0,1.0,0.0,0.0,0.0,0.0,4.0,0.0,1.0,0.0,0.0,1.0,28.0,0.0,0.0,0.0,0.0,0.0,0.0,2.0,4.0,4.0,0.0,0.0,0.0,2.0,0.0,0.0,0.0,0.0,0.0,0.0,0.0,0.0,0.0,0.0,1.0,1.0,0.0,0.0,0.0,0.0,1.0,0.0,1.0,0.0,0.0,1.0,28.0,0.0,0.0,0.0,0.0,0.0,0.0,1.0,1.0,3.0,3250863003.0,6718642.0,定西市临洮县,定西市临洮县站滩乡,16.0,6.8,5.0,7.6000000000000005,35.4,51.66111111111111,44.966393442622945,46.79183823529412
甘肃省,定西市,临洮县,漫洼乡,104.2510069,35.454028,0.0,5.0,2.0,3.0,9.0,15.0,0.0,3.0,0.0,1.0,0.0,0.0,0.0,0.0,1.0,1.0,0.0,0.0,0.0,0.0,3.0,0.0,3.0,0.0,0.0,1.0,3.0,0.0,0.0,0.0,0.0,0.0,0.0,5.0,11.0,5.0,0.0,0.0,2.0,1.0,1.0,7.0,0.0,0.0,0.0,0.0,0.0,0.0,0.0,0.0,1.0,1.0,0.0,0.0,0.0,0.0,1.0,0.0,2.0,0.0,0.0,1.0,2.0,0.0,0.0,0.0,0.0,0.0,0.0,1.0,9.0,3.0,4264563297.0,6718633.0,定西市临洮县,定西市临洮县漫洼乡,16.0,16.1,5.0,3.0,40.1,51.66111111111111,44.966393442622945,46.79183823529412
甘肃省,定西市,临洮县,连儿湾乡,104.1600284,35.4445402,0.0,2.0,0.0,5.0,9.0,1.0,0.0,0.0,0.0,0.0,0.0,0.0,0.0,0.0,0.0,0.0,0.0,0.0,0.0,0.0,6.0,0.0,0.0,0.0,0.0,1.0,0.0,0.0,0.0,2.0,0.0,0.0,0.0,2.0,6.0,4.0,0.0,2.0,0.0,1.0,3.0,0.0,0.0,0.0,0.0,0.0,0.0,0.0,0.0,0.0,0.0,0.0,0.0,0.0,0.0,0.0,2.0,0.0,0.0,0.0,0.0,1.0,0.0,0.0,0.0,2.0,0.0,0.0,0.0,1.0,4.0,1.0,4506007248.0,6718630.0,定西市临洮县,定西市临洮县连儿湾乡,16.0,15.7,0.0,2.4,34.1,51.66111111111111,44.966393442622945,46.79183823529412
甘肃省,定西市,漳县,武阳镇,104.4616126,34.850443,0.0,14.0,27.0,21.0,133.0,74.0,0.0,6.0,5.0,1.0,1.0,0.0,1.0,2.0,10.0,11.0,1.0,0.0,0.0,0.0,9.0,0.0,5.0,0.0,1.0,8.0,325.0,0.0,0.0,6.0,2.0,12.0,4.0,4.0,11.0,11.0,0.0,1.0,12.0,11.0,51.0,52.0,0.0,6.0,0.0,0.0,0.0,0.0,1.0,2.0,8.0,8.0,0.0,0.0,0.0,0.0,1.0,0.0,1.0,0.0,0.0,2.0,225.0,0.0,0.0,1.0,2.0,9.0,2.0,3.0,9.0,7.0,8123261853.0,-1.0,定西市漳县,定西市漳县武阳镇,12.0,30.0,10.0,20.0,72.0,40.36923076923077,44.966393442622945,46.79183823529412
甘肃省,定西市,漳县,三岔镇,104.3307144,34.8768757,0.0,19.0,0.0,8.0,51.0,9.0,0.0,0.0,0.0,0.0,0.0,0.0,0.0,0.0,1.0,1.0,0.0,0.0,0.0,0.0,10.0,0.0,2.0,0.0,0.0,5.0,98.0,0.0,0.0,2.0,0.0,0.0,0.0,3.0,10.0,5.0,0.0,3.0,0.0,0.0,31.0,8.0,0.0,0.0,0.0,0.0,0.0,0.0,0.0,0.0,1.0,1.0,0.0,0.0,0.0,0.0,3.0,0.0,1.0,0.0,0.0,2.0,61.0,0.0,0.0,1.0,0.0,0.0,0.0,3.0,6.0,5.0,5378395670.0,-1.0,定西市漳县,定西市漳县三岔镇,12.0,24.0,5.0,18.5,59.5,40.36923076923077,44.966393442622945,46.79183823529412
甘肃省,定西市,漳县,新寺镇,104.6297171,34.6506191,0.0,0.0,1.0,13.0,54.0,3.0,0.0,0.0,1.0,0.0,0.0,0.0,0.0,0.0,1.0,1.0,0.0,0.0,0.0,0.0,16.0,0.0,0.0,0.0,0.0,8.0,4.0,0.0,0.0,2.0,0.0,0.0,0.0,5.0,6.0,6.0,0.0,0.0,1.0,8.0,40.0,0.0,0.0,0.0,1.0,0.0,0.0,0.0,0.0,0.0,1.0,1.0,0.0,0.0,0.0,0.0,3.0,0.0,0.0,0.0,0.0,2.0,0.0,0.0,0.0,2.0,0.0,0.0,0.0,5.0,5.0,4.0,1706632266.0,-1.0,定西市漳县,定西市漳县新寺镇,12.0,25.0,5.0,3.8,45.8,40.36923076923077,44.966393442622945,46.79183823529412
甘肃省,定西市,漳县,金钟镇,104.146708,34.8092825,0.0,0.0,5.0,1.0,17.0,0.0,0.0,0.0,0.0,0.0,0.0,0.0,0.0,0.0,0.0,0.0,0.0,0.0,0.0,0.0,16.0,0.0,0.0,0.0,0.0,7.0,5.0,0.0,0.0,0.0,0.0,0.0,0.0,3.0,4.0,6.0,0.0,0.0,5.0,1.0,6.0,0.0,0.0,0.0,0.0,0.0,0.0,0.0,0.0,0.0,0.0,0.0,0.0,0.0,0.0,0.0,2.0,0.0,0.0,0.0,0.0,1.0,5.0,0.0,0.0,0.0,0.0,0.0,0.0,1.0,4.0,2.0,6071176108.0,11897426.0,定西市漳县,定西市漳县金钟镇,20.0,13.2,0.0,4.0,37.2,40.36923076923077,44.966393442622945,46.79183823529412
甘肃省,定西市,漳县,盐井镇,104.4446489,34.841466,0.0,11.0,22.0,21.0,131.0,64.0,0.0,6.0,5.0,0.0,2.0,0.0,1.0,2.0,10.0,11.0,1.0,0.0,0.0,0.0,13.0,0.0,4.0,0.0,0.0,9.0,325.0,0.0,0.0,5.0,2.0,13.0,3.0,4.0,10.0,10.0,0.0,5.0,4.0,7.0,38.0,3.0,0.0,0.0,3.0,0.0,1.0,0.0,0.0,0.0,1.0,1.0,0.0,0.0,0.0,0.0,4.0,0.0,0.0,0.0,0.0,1.0,42.0,0.0,0.0,1.0,0.0,2.0,0.0,1.0,7.0,6.0,6071176110.0,-1.0,定西市漳县,定西市漳县盐井镇,12.0,28.0,5.0,20.0,65.0,40.36923076923077,44.966393442622945,46.79183823529412
甘肃省,定西市,漳县,殪虎桥镇,104.2952777,34.855724,11.0,13.0,0.0,6.0,26.0,11.0,0.0,0.0,1.0,0.0,3.0,0.0,0.0,0.0,0.0,0.0,0.0,0.0,0.0,0.0,5.0,0.0,0.0,0.0,0.0,3.0,7.0,0.0,0.0,0.0,0.0,0.0,0.0,4.0,12.0,5.0,11.0,4.0,0.0,3.0,6.0,1.0,0.0,0.0,1.0,0.0,0.0,0.0,0.0,0.0,0.0,0.0,0.0,0.0,0.0,0.0,2.0,0.0,0.0,0.0,0.0,1.0,0.0,0.0,0.0,0.0,0.0,0.0,0.0,3.0,9.0,2.0,5133486309.0,11897657.0,定西市漳县,定西市漳县殪虎桥镇,18.0,25.0,0.0,3.2,46.2,40.36923076923077,44.966393442622945,46.79183823529412
甘肃省,定西市,漳县,大草滩镇,104.1825866,34.749203,10.0,0.0,0.0,5.0,28.0,3.0,0.0,0.0,0.0,0.0,0.0,0.0,0.0,0.0,0.0,0.0,0.0,0.0,0.0,0.0,13.0,0.0,0.0,0.0,0.0,7.0,19.0,0.0,0.0,1.0,0.0,1.0,0.0,5.0,9.0,4.0,7.0,0.0,0.0,5.0,4.0,0.0,0.0,0.0,0.0,0.0,0.0,0.0,0.0,0.0,0.0,0.0,0.0,0.0,0.0,0.0,2.0,0.0,0.0,0.0,0.0,1.0,17.0,0.0,0.0,1.0,0.0,0.0,0.0,3.0,4.0,3.0,6071176106.0,-1.0,定西市漳县,定西市漳县大草滩镇,12.0,20.8,0.0,5.800000000000001,38.599999999999994,40.36923076923077,44.966393442622945,46.79183823529412
甘肃省,定西市,漳县,四族镇,104.3899632,34.689464,0.0,0.0,7.0,3.0,46.0,0.0,0.0,0.0,0.0,0.0,0.0,0.0,0.0,0.0,1.0,1.0,0.0,0.0,0.0,0.0,12.0,0.0,0.0,0.0,0.0,3.0,5.0,0.0,0.0,3.0,0.0,0.0,0.0,1.0,4.0,6.0,0.0,0.0,5.0,2.0,21.0,0.0,0.0,0.0,0.0,0.0,0.0,0.0,0.0,0.0,1.0,1.0,0.0,0.0,0.0,0.0,2.0,0.0,0.0,0.0,0.0,1.0,0.0,0.0,0.0,0.0,0.0,0.0,0.0,1.0,4.0,2.0,6071176109.0,-1.0,定西市漳县,定西市漳县四族镇,10.0,22.0,5.0,3.8,40.8,40.36923076923077,44.966393442622945,46.79183823529412
甘肃省,定西市,漳县,石川镇,104.3214031,34.5869029,0.0,0.0,7.0,1.0,47.0,0.0,0.0,0.0,0.0,0.0,1.0,0.0,0.0,0.0,0.0,0.0,0.0,0.0,0.0,0.0,5.0,0.0,0.0,0.0,0.0,3.0,0.0,0.0,0.0,0.0,0.0,0.0,0.0,3.0,4.0,3.0,0.0,0.0,3.0,1.0,10.0,0.0,0.0,0.0,0.0,0.0,1.0,0.0,0.0,0.0,0.0,0.0,0.0,0.0,0.0,0.0,2.0,0.0,0.0,0.0,0.0,1.0,0.0,0.0,0.0,0.0,0.0,0.0,0.0,1.0,3.0,2.0,2392982738.0,-1.0,定西市漳县,定西市漳县石川镇,10.0,22.4,0.0,1.5,33.9,40.36923076923077,44.966393442622945,46.79183823529412
甘肃省,定西市,漳县,贵清山镇,104.4990214,34.5949067,0.0,0.0,2.0,1.0,3.0,0.0,0.0,0.0,0.0,0.0,0.0,0.0,0.0,0.0,0.0,0.0,0.0,0.0,0.0,0.0,5.0,0.0,0.0,0.0,0.0,4.0,3.0,0.0,0.0,3.0,0.0,1.0,0.0,1.0,4.0,4.0,0.0,0.0,1.0,1.0,0.0,0.0,0.0,0.0,0.0,0.0,0.0,0.0,0.0,0.0,0.0,0.0,0.0,0.0,0.0,0.0,1.0,0.0,0.0,0.0,0.0,1.0,0.0,0.0,0.0,0.0,0.0,0.0,0.0,1.0,2.0,1.0,1706632213.0,-1.0,定西市漳县,定西市漳县贵清山镇,11.0,8.6,0.0,2.6,22.200000000000003,40.36923076923077,44.966393442622945,46.79183823529412
甘肃省,定西市,漳县,马泉乡,104.4592171,34.7279711,0.0,0.0,3.0,6.0,4.0,1.0,0.0,0.0,0.0,0.0,0.0,0.0,0.0,0.0,0.0,0.0,0.0,0.0,0.0,0.0,8.0,0.0,0.0,0.0,0.0,3.0,1.0,0.0,0.0,0.0,0.0,0.0,0.0,1.0,5.0,2.0,0.0,0.0,3.0,5.0,1.0,1.0,0.0,0.0,0.0,0.0,0.0,0.0,0.0,0.0,0.0,0.0,0.0,0.0,0.0,0.0,3.0,0.0,0.0,0.0,0.0,2.0,1.0,0.0,0.0,0.0,0.0,0.0,0.0,1.0,4.0,2.0,6071176107.0,-1.0,定西市漳县,定西市漳县马泉乡,10.0,13.6,0.0,1.2,24.8,40.36923076923077,44.966393442622945,46.79183823529412
甘肃省,定西市,漳县,武当乡,104.5620495,34.7063919,0.0,0.0,3.0,2.0,7.0,0.0,0.0,0.0,0.0,0.0,0.0,0.0,0.0,0.0,0.0,0.0,0.0,0.0,0.0,0.0,4.0,0.0,0.0,0.0,0.0,5.0,3.0,0.0,0.0,1.0,0.0,0.0,0.0,5.0,4.0,3.0,0.0,0.0,3.0,2.0,2.0,0.0,0.0,0.0,0.0,0.0,0.0,0.0,0.0,0.0,0.0,0.0,0.0,0.0,0.0,0.0,2.0,0.0,0.0,0.0,0.0,1.0,3.0,0.0,0.0,1.0,0.0,0.0,0.0,1.0,3.0,2.0,1706632262.0,-1.0,定西市漳县,定西市漳县武当乡,12.0,11.0,0.0,2.3,25.3,40.36923076923077,44.966393442622945,46.79183823529412
甘肃省,定西市,漳县,东泉乡,104.657321,34.59064,0.0,0.0,0.0,1.0,0.0,0.0,0.0,0.0,0.0,0.0,0.0,0.0,0.0,0.0,0.0,0.0,0.0,0.0,0.0,0.0,0.0,0.0,0.0,0.0,0.0,4.0,0.0,0.0,0.0,0.0,0.0,0.0,0.0,5.0,1.0,2.0,0.0,0.0,0.0,1.0,0.0,0.0,0.0,0.0,0.0,0.0,0.0,0.0,0.0,0.0,0.0,0.0,0.0,0.0,0.0,0.0,0.0,0.0,0.0,0.0,0.0,1.0,0.0,0.0,0.0,0.0,0.0,0.0,0.0,1.0,1.0,0.0,1706632218.0,-1.0,定西市漳县,定西市漳县东泉乡,11.0,1.5,0.0,1.0,13.5,40.36923076923077,44.966393442622945,46.79183823529412
甘肃省,定西市,岷县,岷阳镇,104.033918,34.4417079,20.0,12.0,9.0,44.0,192.0,135.0,0.0,9.0,63.0,1.0,6.0,1.0,2.0,2.0,15.0,16.0,0.0,0.0,0.0,4.0,21.0,0.0,5.0,0.0,1.0,12.0,501.0,0.0,0.0,5.0,4.0,15.0,6.0,7.0,18.0,14.0,3.0,10.0,5.0,19.0,50.0,59.0,0.0,6.0,28.0,1.0,0.0,1.0,1.0,1.0,4.0,4.0,0.0,0.0,0.0,1.0,4.0,0.0,1.0,0.0,0.0,4.0,178.0,0.0,0.0,0.0,0.0,3.0,1.0,4.0,11.0,9.0,8123219133.0,-1.0,定西市岷县,定西市岷县岷阳镇,12.0,30.0,16.0,20.0,78.0,45.22777777777778,44.966393442622945,46.79183823529412
甘肃省,定西市,岷县,蒲麻镇,104.409971,34.539732,0.0,0.0,7.0,7.0,53.0,1.0,0.0,0.0,0.0,0.0,1.0,0.0,0.0,0.0,2.0,2.0,0.0,0.0,0.0,1.0,12.0,0.0,0.0,0.0,0.0,4.0,18.0,0.0,0.0,0.0,0.0,0.0,0.0,3.0,5.0,6.0,0.0,0.0,7.0,4.0,29.0,0.0,0.0,0.0,0.0,0.0,0.0,0.0,0.0,0.0,2.0,2.0,0.0,0.0,0.0,0.0,3.0,0.0,0.0,0.0,0.0,1.0,7.0,0.0,0.0,0.0,0.0,0.0,0.0,1.0,4.0,3.0,2392917700.0,-1.0,定西市岷县,定西市岷县蒲麻镇,11.0,24.5,5.0,5.5,46.0,45.22777777777778,44.966393442622945,46.79183823529412
甘肃省,定西市,岷县,西寨镇,103.801752,34.493658,8.0,1.0,0.0,0.0,81.0,1.0,0.0,8.0,0.0,1.0,1.0,0.0,0.0,0.0,4.0,4.0,0.0,0.0,0.0,0.0,16.0,0.0,0.0,0.0,0.0,1.0,14.0,0.0,0.0,1.0,0.0,1.0,0.0,9.0,13.0,8.0,3.0,1.0,0.0,0.0,23.0,0.0,0.0,3.0,0.0,0.0,0.0,0.0,0.0,0.0,1.0,1.0,0.0,0.0,0.0,0.0,3.0,0.0,0.0,0.0,0.0,1.0,7.0,0.0,0.0,0.0,0.0,0.0,0.0,8.0,9.0,5.0,4287174473.0,-1.0,定西市岷县,定西市岷县西寨镇,8.0,28.0,5.0,6.2,47.2,45.22777777777778,44.966393442622945,46.79183823529412
甘肃省,定西市,岷县,梅川镇,104.0669059,34.5411216,36.0,0.0,11.0,23.0,42.0,2.0,0.0,1.0,0.0,0.0,1.0,0.0,0.0,0.0,4.0,5.0,0.0,0.0,0.0,1.0,16.0,0.0,1.0,0.0,0.0,7.0,15.0,0.0,0.0,1.0,2.0,1.0,1.0,5.0,11.0,11.0,10.0,0.0,5.0,11.0,14.0,0.0,0.0,0.0,0.0,0.0,1.0,0.0,0.0,0.0,3.0,4.0,0.0,0.0,0.0,0.0,3.0,0.0,0.0,0.0,0.0,2.0,11.0,0.0,0.0,1.0,0.0,1.0,0.0,4.0,6.0,4.0,2393060202.0,-1.0,定西市岷县,定西市岷县梅川镇,12.0,26.0,5.0,6.800000000000001,49.8,45.22777777777778,44.966393442622945,46.79183823529412
甘肃省,定西市,岷县,西江镇,104.011424,34.5652172,0.0,0.0,3.0,3.0,36.0,0.0,0.0,1.0,0.0,0.0,0.0,0.0,0.0,0.0,2.0,2.0,0.0,0.0,0.0,0.0,4.0,0.0,0.0,0.0,0.0,6.0,1.0,0.0,0.0,0.0,0.0,0.0,0.0,3.0,6.0,7.0,0.0,0.0,0.0,1.0,7.0,0.0,0.0,0.0,0.0,0.0,0.0,0.0,0.0,0.0,2.0,2.0,0.0,0.0,0.0,0.0,2.0,0.0,0.0,0.0,0.0,1.0,1.0,0.0,0.0,0.0,0.0,0.0,0.0,3.0,3.0,5.0,4656599077.0,-1.0,定西市岷县,定西市岷县西江镇,12.0,20.3,5.0,3.7,41.0,45.22777777777778,44.966393442622945,46.79183823529412
甘肃省,定西市,岷县,闾井镇,104.55724,34.319781,3.0,0.0,6.0,6.0,80.0,2.0,0.0,2.0,0.0,0.0,1.0,0.0,0.0,0.0,4.0,4.0,0.0,0.0,0.0,0.0,19.0,0.0,0.0,0.0,0.0,5.0,21.0,0.0,0.0,1.0,0.0,3.0,0.0,1.0,9.0,7.0,0.0,0.0,6.0,3.0,35.0,2.0,0.0,1.0,0.0,0.0,0.0,0.0,0.0,0.0,2.0,2.0,0.0,0.0,0.0,0.0,3.0,0.0,0.0,0.0,0.0,1.0,8.0,0.0,0.0,0.0,0.0,3.0,0.0,1.0,8.0,4.0,1706632230.0,11897412.0,定西市岷县,定西市岷县闾井镇,20.0,26.0,5.0,6.5,57.5,45.22777777777778,44.966393442622945,46.79183823529412
甘肃省,定西市,岷县,十里镇,103.9530644,34.4229946,3.0,4.0,3.0,0.0,76.0,3.0,0.0,0.0,0.0,0.0,0.0,0.0,0.0,0.0,2.0,2.0,0.0,0.0,0.0,0.0,15.0,0.0,1.0,0.0,2.0,8.0,6.0,0.0,0.0,2.0,0.0,2.0,0.0,3.0,9.0,10.0,3.0,1.0,1.0,0.0,14.0,1.0,0.0,0.0,0.0,0.0,0.0,0.0,0.0,0.0,1.0,1.0,0.0,0.0,0.0,0.0,5.0,0.0,0.0,0.0,0.0,1.0,1.0,0.0,0.0,2.0,0.0,0.0,0.0,3.0,9.0,5.0,4656599075.0,-1.0,定西市岷县,定西市岷县十里镇,12.0,24.0,5.0,5.1,46.1,45.22777777777778,44.966393442622945,46.79183823529412
甘肃省,定西市,岷县,茶埠镇,104.0915993,34.4863402,19.0,1.0,0.0,19.0,45.0,3.0,0.0,0.0,0.0,0.0,1.0,0.0,0.0,0.0,2.0,2.0,0.0,0.0,0.0,0.0,27.0,0.0,3.0,0.0,0.0,7.0,18.0,0.0,0.0,2.0,0.0,0.0,0.0,5.0,8.0,6.0,12.0,1.0,0.0,11.0,11.0,1.0,0.0,0.0,0.0,0.0,1.0,0.0,0.0,0.0,2.0,2.0,0.0,0.0,0.0,0.0,6.0,0.0,1.0,0.0,0.0,1.0,13.0,0.0,0.0,0.0,0.0,0.0,0.0,3.0,6.0,6.0,2393050493.0,-1.0,定西市岷县,定西市岷县茶埠镇,12.0,26.0,5.0,6.300000000000001,49.3,45.22777777777778,44.966393442622945,46.79183823529412
甘肃省,定西市,岷县,中寨镇,103.964853,34.648509,0.0,0.0,4.0,11.0,14.0,0.0,0.0,0.0,0.0,0.0,0.0,0.0,0.0,0.0,1.0,1.0,0.0,0.0,0.0,0.0,8.0,0.0,0.0,0.0,0.0,3.0,2.0,0.0,0.0,0.0,0.0,0.0,0.0,3.0,4.0,6.0,0.0,0.0,3.0,7.0,12.0,0.0,0.0,0.0,0.0,0.0,0.0,0.0,0.0,0.0,1.0,1.0,0.0,0.0,0.0,0.0,6.0,0.0,0.0,0.0,0.0,1.0,2.0,0.0,0.0,0.0,0.0,0.0,0.0,2.0,3.0,4.0,6071348412.0,-1.0,定西市岷县,定西市岷县中寨镇,10.0,18.4,5.0,3.4,36.8,45.22777777777778,44.966393442622945,46.79183823529412
甘肃省,定西市,岷县,清水镇,103.9088235,34.454712,5.0,3.0,0.0,6.0,54.0,4.0,0.0,4.0,0.0,0.0,0.0,0.0,0.0,0.0,3.0,3.0,0.0,0.0,0.0,0.0,17.0,0.0,0.0,0.0,0.0,4.0,21.0,0.0,0.0,1.0,0.0,1.0,0.0,3.0,10.0,8.0,5.0,0.0,0.0,2.0,8.0,1.0,0.0,0.0,0.0,0.0,0.0,0.0,0.0,0.0,2.0,2.0,0.0,0.0,0.0,0.0,8.0,0.0,0.0,0.0,0.0,1.0,5.0,0.0,0.0,0.0,0.0,0.0,0.0,2.0,6.0,5.0,6071348411.0,-1.0,定西市岷县,定西市岷县清水镇,11.0,24.0,5.0,6.7,46.7,45.22777777777778,44.966393442622945,46.79183823529412
甘肃省,定西市,岷县,寺沟镇,104.0794214,34.3656106,4.0,0.0,0.0,0.0,42.0,3.0,0.0,0.0,1.0,0.0,0.0,0.0,0.0,0.0,1.0,1.0,0.0,0.0,0.0,0.0,10.0,0.0,1.0,0.0,0.0,4.0,7.0,0.0,0.0,0.0,0.0,0.0,0.0,4.0,7.0,7.0,1.0,0.0,0.0,0.0,11.0,0.0,0.0,0.0,0.0,0.0,0.0,0.0,0.0,0.0,1.0,1.0,0.0,0.0,0.0,0.0,3.0,0.0,0.0,0.0,0.0,1.0,7.0,0.0,0.0,0.0,0.0,0.0,0.0,4.0,5.0,6.0,1706632257.0,-1.0,定西市岷县,定西市岷县寺沟镇,11.0,22.2,5.0,4.9,43.1,45.22777777777778,44.966393442622945,46.79183823529412
甘肃省,定西市,岷县,麻子川镇,104.110582,34.282573,3.0,0.0,6.0,1.0,36.0,0.0,0.0,0.0,0.0,0.0,1.0,1.0,0.0,0.0,1.0,3.0,0.0,0.0,0.0,0.0,12.0,0.0,0.0,0.0,0.0,3.0,10.0,0.0,0.0,1.0,0.0,0.0,0.0,8.0,7.0,9.0,1.0,0.0,0.0,0.0,16.0,0.0,0.0,0.0,0.0,0.0,0.0,1.0,0.0,0.0,1.0,2.0,0.0,0.0,0.0,0.0,3.0,0.0,0.0,0.0,0.0,1.0,5.0,0.0,0.0,0.0,0.0,0.0,0.0,2.0,3.0,6.0,1706632239.0,-1.0,定西市岷县,定西市岷县麻子川镇,10.0,23.5,10.0,5.6,49.1,45.22777777777778,44.966393442622945,46.79183823529412
甘肃省,定西市,岷县,维新镇,103.8697851,34.6686725,0.0,0.0,0.0,14.0,1.0,0.0,0.0,0.0,0.0,0.0,0.0,0.0,0.0,0.0,0.0,0.0,0.0,0.0,0.0,0.0,5.0,0.0,0.0,0.0,0.0,4.0,0.0,0.0,0.0,1.0,0.0,0.0,0.0,7.0,3.0,6.0,0.0,0.0,0.0,4.0,0.0,0.0,0.0,0.0,0.0,0.0,0.0,0.0,0.0,0.0,0.0,0.0,0.0,0.0,0.0,0.0,1.0,0.0,0.0,0.0,0.0,1.0,0.0,0.0,0.0,0.0,0.0,0.0,0.0,2.0,1.0,4.0,4287138548.0,-1.0,定西市岷县,定西市岷县维新镇,11.0,6.7,0.0,3.1,20.8,45.22777777777778,44.966393442622945,46.79183823529412
甘肃省,定西市,岷县,禾驮镇,104.2230237,34.4577369,1.0,0.0,0.0,0.0,73.0,0.0,0.0,0.0,0.0,0.0,0.0,0.0,0.0,0.0,0.0,0.0,0.0,0.0,0.0,0.0,6.0,0.0,0.0,0.0,0.0,5.0,0.0,0.0,0.0,0.0,0.0,0.0,0.0,1.0,3.0,1.0,1.0,0.0,0.0,0.0,36.0,0.0,0.0,0.0,0.0,0.0,0.0,0.0,0.0,0.0,0.0,0.0,0.0,0.0,0.0,0.0,2.0,0.0,0.0,0.0,0.0,1.0,0.0,0.0,0.0,0.0,0.0,0.0,0.0,1.0,3.0,1.0,1706632225.0,-1.0,定西市岷县,定西市岷县禾驮镇,12.0,21.5,0.0,0.5,34.0,45.22777777777778,44.966393442622945,46.79183823529412
甘肃省,定西市,岷县,马坞镇,104.9177873,34.4305664,5.0,0.0,3.0,4.0,19.0,28.0,0.0,0.0,0.0,0.0,1.0,0.0,0.0,0.0,1.0,1.0,0.0,0.0,0.0,0.0,8.0,0.0,0.0,0.0,0.0,2.0,3.0,0.0,0.0,2.0,0.0,0.0,0.0,5.0,8.0,4.0,3.0,0.0,3.0,3.0,10.0,15.0,0.0,0.0,0.0,0.0,0.0,0.0,0.0,0.0,0.0,0.0,0.0,0.0,0.0,0.0,3.0,0.0,0.0,0.0,0.0,1.0,2.0,0.0,0.0,2.0,0.0,0.0,0.0,5.0,8.0,4.0,1706632235.0,11897414.0,定西市岷县,定西市岷县马坞镇,17.0,21.8,0.0,2.9,41.699999999999996,45.22777777777778,44.966393442622945,46.79183823529412
甘肃省,定西市,岷县,秦许乡,103.9952921,34.3692456,0.0,0.0,0.0,13.0,97.0,0.0,0.0,1.0,0.0,0.0,0.0,0.0,0.0,0.0,1.0,1.0,0.0,0.0,0.0,0.0,14.0,0.0,0.0,0.0,0.0,4.0,13.0,0.0,0.0,1.0,0.0,0.0,0.0,1.0,5.0,8.0,0.0,0.0,0.0,4.0,26.0,0.0,0.0,1.0,0.0,0.0,0.0,0.0,0.0,0.0,0.0,0.0,0.0,0.0,0.0,0.0,2.0,0.0,0.0,0.0,0.0,1.0,4.0,0.0,0.0,0.0,0.0,0.0,0.0,1.0,4.0,4.0,4656599027.0,-1.0,定西市岷县,定西市岷县秦许乡,11.0,22.5,0.0,5.8,39.3,45.22777777777778,44.966393442622945,46.79183823529412
甘肃省,定西市,岷县,申都乡,104.393308,34.406468,7.0,0.0,0.0,4.0,39.0,3.0,0.0,0.0,0.0,0.0,0.0,0.0,0.0,0.0,0.0,0.0,0.0,0.0,0.0,0.0,11.0,0.0,0.0,0.0,0.0,6.0,0.0,0.0,0.0,0.0,0.0,0.0,0.0,1.0,5.0,3.0,5.0,0.0,0.0,0.0,7.0,0.0,0.0,0.0,0.0,0.0,0.0,0.0,0.0,0.0,0.0,0.0,0.0,0.0,0.0,0.0,1.0,0.0,0.0,0.0,0.0,1.0,0.0,0.0,0.0,0.0,0.0,0.0,0.0,1.0,3.0,2.0,1706632256.0,-1.0,定西市岷县,定西市岷县申都乡,12.0,21.4,0.0,1.5,34.9,45.22777777777778,44.966393442622945,46.79183823529412
甘肃省,定西市,岷县,锁龙乡,104.70459,34.383031,1.0,0.0,0.0,6.0,71.0,0.0,0.0,3.0,0.0,0.0,1.0,0.0,0.0,0.0,2.0,2.0,0.0,0.0,0.0,0.0,5.0,0.0,0.0,0.0,0.0,2.0,12.0,0.0,0.0,2.0,0.0,1.0,0.0,1.0,6.0,7.0,1.0,0.0,0.0,2.0,45.0,0.0,0.0,3.0,0.0,0.0,0.0,0.0,0.0,0.0,1.0,1.0,0.0,0.0,0.0,0.0,2.0,0.0,0.0,0.0,0.0,1.0,9.0,0.0,0.0,0.0,0.0,1.0,0.0,1.0,6.0,4.0,1706632258.0,11897413.0,定西市岷县,定西市岷县锁龙乡,17.0,25.0,5.0,5.800000000000001,52.8,45.22777777777778,44.966393442622945,46.79183823529412
甘肃省,陇南市,武都区,钟楼街道,104.9091384,33.4051863,10.0,5.0,1.0,37.0,144.0,52.0,0.0,21.0,18.0,2.0,4.0,2.0,5.0,6.0,10.0,13.0,1.0,0.0,9.0,28.0,15.0,0.0,4.0,2.0,0.0,22.0,402.0,0.0,2.0,4.0,2.0,13.0,3.0,10.0,20.0,11.0,2.0,0.0,0.0,13.0,38.0,20.0,0.0,6.0,11.0,0.0,0.0,1.0,2.0,2.0,2.0,3.0,1.0,0.0,3.0,8.0,5.0,0.0,2.0,1.0,0.0,9.0,160.0,0.0,0.0,2.0,0.0,5.0,0.0,7.0,12.0,9.0,6021891107.0,-1.0,陇南市武都区,陇南市武都区钟楼街道,12.0,30.0,28.0,20.0,90.0,42.7125,40.822613065326635,46.79183823529412
甘肃省,陇南市,武都区,吉石坝街道,104.8304616,33.4135626,6.0,0.0,6.0,15.0,55.0,23.0,0.0,0.0,1.0,0.0,1.0,0.0,0.0,0.0,3.0,3.0,0.0,0.0,0.0,0.0,5.0,0.0,2.0,0.0,0.0,5.0,8.0,0.0,0.0,1.0,0.0,0.0,0.0,6.0,12.0,7.0,2.0,0.0,0.0,10.0,6.0,0.0,0.0,0.0,0.0,0.0,0.0,0.0,0.0,0.0,2.0,2.0,0.0,0.0,0.0,0.0,0.0,0.0,1.0,0.0,0.0,1.0,4.0,0.0,0.0,0.0,0.0,0.0,0.0,5.0,5.0,5.0,6021891106.0,-1.0,陇南市武都区,陇南市武都区吉石坝街道,12.0,28.0,5.0,4.8,49.8,42.7125,40.822613065326635,46.79183823529412
甘肃省,陇南市,武都区,江北街道,104.9632714,33.3711567,6.0,9.0,29.0,37.0,153.0,72.0,0.0,27.0,26.0,1.0,7.0,3.0,1.0,1.0,4.0,5.0,1.0,0.0,5.0,15.0,23.0,0.0,0.0,0.0,2.0,15.0,394.0,1.0,1.0,3.0,0.0,12.0,8.0,9.0,20.0,11.0,2.0,2.0,15.0,13.0,37.0,35.0,0.0,6.0,8.0,1.0,3.0,2.0,0.0,0.0,2.0,3.0,1.0,0.0,0.0,3.0,5.0,0.0,0.0,0.0,0.0,3.0,119.0,0.0,0.0,2.0,0.0,5.0,2.0,8.0,16.0,5.0,6021891104.0,-1.0,陇南市武都区,陇南市武都区江北街道,12.0,30.0,18.0,20.0,80.0,42.7125,40.822613065326635,46.79183823529412
甘肃省,陇南市,武都区,江南街道,104.902751,33.4025361,17.0,5.0,1.0,32.0,142.0,47.0,0.0,21.0,17.0,2.0,4.0,1.0,5.0,5.0,10.0,13.0,1.0,0.0,5.0,19.0,15.0,0.0,4.0,2.0,0.0,22.0,400.0,0.0,2.0,4.0,2.0,13.0,2.0,10.0,20.0,12.0,5.0,0.0,0.0,12.0,36.0,8.0,0.0,5.0,10.0,0.0,0.0,1.0,1.0,1.0,2.0,2.0,1.0,0.0,3.0,4.0,7.0,0.0,3.0,1.0,0.0,6.0,120.0,0.0,0.0,2.0,0.0,5.0,0.0,6.0,13.0,8.0,6021891105.0,-1.0,陇南市武都区,陇南市武都区江南街道,12.0,30.0,26.0,20.0,88.0,42.7125,40.822613065326635,46.79183823529412
甘肃省,陇南市,武都区,城关镇,104.921216,33.3941745,14.0,12.0,5.0,43.0,190.0,64.0,0.0,41.0,31.0,2.0,3.0,3.0,5.0,6.0,8.0,11.0,1.0,0.0,14.0,38.0,17.0,0.0,4.0,2.0,0.0,23.0,527.0,0.0,2.0,4.0,1.0,13.0,9.0,10.0,20.0,11.0,8.0,5.0,1.0,17.0,47.0,25.0,0.0,15.0,5.0,2.0,0.0,0.0,4.0,4.0,5.0,7.0,0.0,0.0,2.0,9.0,5.0,0.0,0.0,2.0,0.0,10.0,196.0,0.0,2.0,0.0,1.0,4.0,1.0,7.0,14.0,9.0,4716377393.0,-1.0,陇南市武都区,陇南市武都区城关镇,12.0,30.0,23.0,20.0,85.0,42.7125,40.822613065326635,46.79183823529412
甘肃省,陇南市,武都区,安化镇,105.041864,33.5064599,8.0,0.0,1.0,7.0,31.0,2.0,0.0,0.0,0.0,0.0,1.0,0.0,0.0,0.0,1.0,2.0,0.0,0.0,0.0,0.0,17.0,0.0,1.0,0.0,0.0,6.0,21.0,0.0,0.0,1.0,0.0,4.0,0.0,3.0,12.0,7.0,3.0,0.0,0.0,3.0,14.0,1.0,0.0,0.0,0.0,0.0,1.0,0.0,0.0,0.0,1.0,1.0,0.0,0.0,0.0,0.0,6.0,0.0,0.0,0.0,0.0,1.0,12.0,0.0,0.0,0.0,0.0,4.0,0.0,3.0,6.0,4.0,3417034285.0,-1.0,陇南市武都区,陇南市武都区安化镇,12.0,26.0,5.0,6.9,49.9,42.7125,40.822613065326635,46.79183823529412
甘肃省,陇南市,武都区,东江镇,104.9515924,33.3787244,6.0,9.0,23.0,49.0,170.0,69.0,0.0,43.0,30.0,2.0,6.0,4.0,3.0,4.0,5.0,7.0,1.0,0.0,10.0,34.0,21.0,0.0,0.0,1.0,2.0,11.0,469.0,1.0,3.0,3.0,1.0,15.0,11.0,11.0,21.0,12.0,2.0,2.0,4.0,11.0,48.0,20.0,0.0,7.0,14.0,1.0,0.0,1.0,1.0,1.0,1.0,2.0,0.0,0.0,0.0,2.0,5.0,0.0,0.0,0.0,0.0,2.0,112.0,0.0,0.0,0.0,0.0,2.0,1.0,5.0,13.0,5.0,3416489532.0,-1.0,陇南市武都区,陇南市武都区东江镇,12.0,30.0,17.0,20.0,79.0,42.7125,40.822613065326635,46.79183823529412
甘肃省,陇南市,武都区,两水镇,104.8057958,33.4308016,13.0,0.0,15.0,13.0,94.0,36.0,0.0,0.0,1.0,0.0,1.0,0.0,0.0,0.0,5.0,5.0,0.0,0.0,0.0,0.0,3.0,0.0,1.0,0.0,0.0,7.0,56.0,0.0,0.0,1.0,0.0,1.0,0.0,7.0,12.0,6.0,3.0,0.0,6.0,2.0,31.0,28.0,0.0,0.0,0.0,0.0,0.0,0.0,0.0,0.0,3.0,3.0,0.0,0.0,0.0,0.0,1.0,0.0,0.0,0.0,0.0,1.0,2.0,0.0,0.0,0.0,0.0,1.0,0.0,4.0,10.0,4.0,853128628.0,-1.0,陇南市武都区,陇南市武都区两水镇,12.0,28.0,5.0,8.9,53.9,42.7125,40.822613065326635,46.79183823529412
甘肃省,陇南市,武都区,汉王镇,105.0091833,33.34506,10.0,0.0,7.0,16.0,136.0,45.0,0.0,1.0,0.0,1.0,1.0,0.0,1.0,1.0,4.0,7.0,0.0,0.0,0.0,0.0,9.0,0.0,1.0,0.0,0.0,9.0,60.0,0.0,0.0,1.0,0.0,1.0,0.0,6.0,13.0,12.0,7.0,0.0,2.0,6.0,24.0,26.0,0.0,0.0,0.0,0.0,0.0,0.0,0.0,0.0,3.0,6.0,0.0,0.0,0.0,0.0,2.0,0.0,0.0,0.0,0.0,2.0,15.0,0.0,0.0,0.0,0.0,0.0,0.0,6.0,11.0,6.0,3417035994.0,-1.0,陇南市武都区,陇南市武都区汉王镇,12.0,28.0,5.0,11.600000000000001,56.6,42.7125,40.822613065326635,46.79183823529412
甘肃省,陇南市,武都区,洛塘镇,105.2667922,33.070498,0.0,6.0,0.0,7.0,14.0,2.0,0.0,0.0,0.0,0.0,2.0,0.0,0.0,0.0,0.0,0.0,0.0,0.0,0.0,0.0,14.0,0.0,0.0,0.0,0.0,3.0,39.0,0.0,0.0,1.0,0.0,0.0,0.0,3.0,10.0,4.0,0.0,4.0,0.0,1.0,5.0,0.0,0.0,0.0,0.0,0.0,0.0,0.0,0.0,0.0,0.0,0.0,0.0,0.0,0.0,0.0,3.0,0.0,0.0,0.0,0.0,1.0,21.0,0.0,0.0,1.0,0.0,0.0,0.0,3.0,6.0,3.0,3409200946.0,11895813.0,陇南市武都区,陇南市武都区洛塘镇,18.0,20.3,0.0,8.2,46.5,42.7125,40.822613065326635,46.79183823529412
甘肃省,陇南市,武都区,角弓镇,104.6421731,33.5666828,3.0,0.0,4.0,3.0,19.0,0.0,0.0,0.0,0.0,0.0,1.0,0.0,0.0,0.0,2.0,2.0,0.0,0.0,0.0,0.0,6.0,0.0,1.0,0.0,0.0,4.0,3.0,0.0,0.0,0.0,0.0,1.0,0.0,7.0,10.0,7.0,3.0,0.0,2.0,3.0,6.0,0.0,0.0,0.0,0.0,0.0,0.0,0.0,0.0,0.0,2.0,2.0,0.0,0.0,0.0,0.0,2.0,0.0,1.0,0.0,0.0,1.0,2.0,0.0,0.0,0.0,0.0,1.0,0.0,5.0,7.0,6.0,3417036029.0,-1.0,陇南市武都区,陇南市武都区角弓镇,11.0,19.6,5.0,4.0,39.6,42.7125,40.822613065326635,46.79183823529412
甘肃省,陇南市,武都区,马街镇,104.9550509,33.4600071,7.0,2.0,2.0,5.0,34.0,1.0,0.0,0.0,1.0,0.0,1.0,0.0,0.0,0.0,2.0,3.0,0.0,0.0,0.0,0.0,16.0,0.0,2.0,0.0,0.0,8.0,3.0,0.0,0.0,0.0,0.0,1.0,0.0,3.0,10.0,5.0,5.0,1.0,0.0,1.0,7.0,0.0,0.0,0.0,0.0,0.0,0.0,0.0,0.0,0.0,2.0,2.0,0.0,0.0,0.0,0.0,6.0,0.0,1.0,0.0,0.0,1.0,0.0,0.0,0.0,0.0,0.0,0.0,0.0,3.0,8.0,3.0,3417036092.0,-1.0,陇南市武都区,陇南市武都区马街镇,12.0,26.9,5.0,2.8,46.699999999999996,42.7125,40.822613065326635,46.79183823529412
甘肃省,陇南市,武都区,三河镇,105.164892,33.3003697,0.0,9.0,2.0,8.0,53.0,1.0,0.0,0.0,0.0,0.0,0.0,0.0,0.0,0.0,0.0,0.0,0.0,0.0,0.0,0.0,25.0,0.0,1.0,0.0,0.0,7.0,13.0,0.0,0.0,2.0,0.0,0.0,0.0,2.0,8.0,7.0,0.0,5.0,2.0,3.0,16.0,0.0,0.0,0.0,0.0,0.0,0.0,0.0,0.0,0.0,0.0,0.0,0.0,0.0,0.0,0.0,6.0,0.0,0.0,0.0,0.0,2.0,1.0,0.0,0.0,1.0,0.0,0.0,0.0,2.0,6.0,3.0,3417036139.0,-1.0,陇南市武都区,陇南市武都区三河镇,12.0,24.0,0.0,5.2,41.2,42.7125,40.822613065326635,46.79183823529412
甘肃省,陇南市,武都区,甘泉镇,105.159783,33.44178,5.0,0.0,0.0,0.0,33.0,8.0,0.0,0.0,0.0,0.0,0.0,0.0,0.0,0.0,0.0,0.0,0.0,0.0,0.0,0.0,8.0,0.0,0.0,0.0,0.0,6.0,7.0,0.0,0.0,0.0,0.0,0.0,0.0,2.0,5.0,7.0,1.0,0.0,0.0,0.0,18.0,2.0,0.0,0.0,0.0,0.0,0.0,0.0,0.0,0.0,0.0,0.0,0.0,0.0,0.0,0.0,3.0,0.0,0.0,0.0,0.0,2.0,0.0,0.0,0.0,0.0,0.0,0.0,0.0,2.0,5.0,3.0,3417035876.0,-1.0,陇南市武都区,陇南市武都区甘泉镇,12.0,19.5,0.0,4.2,35.7,42.7125,40.822613065326635,46.79183823529412
甘肃省,陇南市,武都区,鱼龙镇,105.181198,33.510034,0.0,0.0,2.0,1.0,8.0,0.0,0.0,0.0,0.0,0.0,0.0,0.0,0.0,0.0,0.0,0.0,0.0,0.0,0.0,0.0,9.0,0.0,0.0,0.0,0.0,4.0,0.0,0.0,0.0,0.0,0.0,0.0,0.0,1.0,4.0,1.0,0.0,0.0,1.0,1.0,1.0,0.0,0.0,0.0,0.0,0.0,0.0,0.0,0.0,0.0,0.0,0.0,0.0,0.0,0.0,0.0,5.0,0.0,0.0,0.0,0.0,1.0,0.0,0.0,0.0,0.0,0.0,0.0,0.0,1.0,3.0,1.0,3417036375.0,-1.0,陇南市武都区,陇南市武都区鱼龙镇,11.0,9.9,0.0,0.5,21.4,42.7125,40.822613065326635,46.79183823529412
甘肃省,陇南市,武都区,琵琶镇,105.3145682,33.1664887,0.0,5.0,6.0,0.0,20.0,8.0,0.0,3.0,0.0,0.0,0.0,0.0,0.0,0.0,0.0,0.0,0.0,0.0,0.0,0.0,7.0,0.0,0.0,0.0,0.0,6.0,7.0,0.0,0.0,1.0,0.0,0.0,0.0,3.0,10.0,5.0,0.0,1.0,3.0,0.0,4.0,8.0,0.0,0.0,0.0,0.0,0.0,0.0,0.0,0.0,0.0,0.0,0.0,0.0,0.0,0.0,2.0,0.0,0.0,0.0,0.0,1.0,0.0,0.0,0.0,1.0,0.0,0.0,0.0,3.0,7.0,4.0,3409200947.0,-1.0,陇南市武都区,陇南市武都区琵琶镇,12.0,14.2,0.0,3.4,29.599999999999998,42.7125,40.822613065326635,46.79183823529412
甘肃省,陇南市,武都区,外纳镇,105.049722,33.206389,9.0,0.0,5.0,2.0,8.0,17.0,0.0,0.0,0.0,0.0,0.0,0.0,0.0,0.0,1.0,1.0,0.0,0.0,0.0,0.0,2.0,0.0,0.0,0.0,0.0,3.0,8.0,0.0,0.0,0.0,0.0,0.0,0.0,4.0,10.0,4.0,5.0,0.0,0.0,0.0,2.0,5.0,0.0,0.0,0.0,0.0,0.0,0.0,0.0,0.0,1.0,1.0,0.0,0.0,0.0,0.0,2.0,0.0,0.0,0.0,0.0,1.0,8.0,0.0,0.0,0.0,0.0,0.0,0.0,4.0,6.0,3.0,3417036190.0,-1.0,陇南市武都区,陇南市武都区外纳镇,10.0,13.2,5.0,3.6,31.8,42.7125,40.822613065326635,46.79183823529412
甘肃省,陇南市,武都区,马营镇,104.8616529,33.5819118,1.0,2.0,0.0,1.0,2.0,2.0,0.0,0.0,0.0,0.0,0.0,0.0,0.0,0.0,0.0,0.0,0.0,0.0,0.0,0.0,4.0,0.0,0.0,0.0,0.0,5.0,0.0,0.0,0.0,0.0,0.0,0.0,0.0,2.0,5.0,1.0,0.0,2.0,0.0,1.0,1.0,0.0,0.0,0.0,0.0,0.0,0.0,0.0,0.0,0.0,0.0,0.0,0.0,0.0,0.0,0.0,1.0,0.0,0.0,0.0,0.0,2.0,0.0,0.0,0.0,0.0,0.0,0.0,0.0,1.0,3.0,1.0,3417036097.0,-1.0,陇南市武都区,陇南市武都区马营镇,12.0,9.2,0.0,0.5,21.7,42.7125,40.822613065326635,46.79183823529412
甘肃省,陇南市,武都区,柏林镇,105.0033114,33.4851292,6.0,0.0,0.0,2.0,32.0,2.0,0.0,0.0,0.0,0.0,0.0,0.0,0.0,0.0,2.0,2.0,0.0,0.0,0.0,0.0,16.0,0.0,0.0,0.0,0.0,5.0,9.0,0.0,0.0,0.0,0.0,0.0,0.0,3.0,8.0,4.0,3.0,0.0,0.0,0.0,18.0,2.0,0.0,0.0,0.0,0.0,0.0,0.0,0.0,0.0,2.0,2.0,0.0,0.0,0.0,0.0,6.0,0.0,0.0,0.0,0.0,2.0,2.0,0.0,0.0,0.0,0.0,0.0,0.0,3.0,6.0,3.0,6021285340.0,-1.0,陇南市武都区,陇南市武都区柏林镇,12.0,22.8,5.0,3.1,42.9,42.7125,40.822613065326635,46.79183823529412
甘肃省,陇南市,武都区,姚寨镇,104.9236358,33.3839547,12.0,12.0,7.0,46.0,189.0,66.0,0.0,47.0,39.0,2.0,2.0,3.0,6.0,7.0,9.0,13.0,1.0,0.0,14.0,38.0,15.0,0.0,1.0,2.0,1.0,19.0,571.0,1.0,3.0,4.0,1.0,16.0,10.0,11.0,17.0,13.0,2.0,2.0,1.0,14.0,51.0,14.0,0.0,15.0,4.0,1.0,0.0,1.0,3.0,4.0,2.0,3.0,0.0,0.0,6.0,21.0,2.0,0.0,0.0,1.0,0.0,3.0,110.0,0.0,0.0,0.0,0.0,4.0,4.0,6.0,15.0,6.0,6021285338.0,-1.0,陇南市武都区,陇南市武都区姚寨镇,12.0,30.0,23.0,20.0,85.0,42.7125,40.822613065326635,46.79183823529412
甘肃省,陇南市,武都区,佛崖镇,105.2746701,33.4378189,3.0,0.0,0.0,3.0,24.0,0.0,0.0,3.0,1.0,0.0,2.0,0.0,0.0,0.0,0.0,0.0,0.0,0.0,0.0,0.0,16.0,0.0,0.0,0.0,0.0,4.0,34.0,0.0,0.0,0.0,0.0,0.0,0.0,2.0,11.0,6.0,1.0,0.0,0.0,3.0,9.0,0.0,0.0,0.0,0.0,0.0,0.0,0.0,0.0,0.0,0.0,0.0,0.0,0.0,0.0,0.0,5.0,0.0,0.0,0.0,0.0,1.0,22.0,0.0,0.0,0.0,0.0,0.0,0.0,2.0,8.0,5.0,3417035871.0,16327977.0,陇南市武都区,陇南市武都区佛崖镇,19.0,23.5,0.0,8.600000000000001,51.1,42.7125,40.822613065326635,46.79183823529412
甘肃省,陇南市,武都区,石门镇,104.7365703,33.4826443,5.0,0.0,0.0,0.0,29.0,0.0,0.0,0.0,0.0,0.0,0.0,0.0,0.0,0.0,2.0,2.0,0.0,0.0,0.0,0.0,8.0,0.0,1.0,0.0,0.0,4.0,2.0,0.0,0.0,0.0,0.0,0.0,0.0,5.0,5.0,5.0,3.0,0.0,0.0,0.0,20.0,0.0,0.0,0.0,0.0,0.0,0.0,0.0,0.0,0.0,1.0,1.0,0.0,0.0,0.0,0.0,3.0,0.0,1.0,0.0,0.0,2.0,2.0,0.0,0.0,0.0,0.0,0.0,0.0,5.0,4.0,4.0,3417036161.0,-1.0,陇南市武都区,陇南市武都区石门镇,11.0,19.3,5.0,2.9,38.199999999999996,42.7125,40.822613065326635,46.79183823529412
甘肃省,陇南市,武都区,五马镇,105.444141,33.0579176,0.0,0.0,9.0,9.0,18.0,0.0,0.0,0.0,0.0,0.0,0.0,0.0,0.0,0.0,0.0,0.0,0.0,0.0,0.0,0.0,1.0,0.0,0.0,0.0,0.0,4.0,17.0,0.0,0.0,0.0,0.0,1.0,0.0,2.0,4.0,4.0,0.0,0.0,6.0,2.0,9.0,0.0,0.0,0.0,0.0,0.0,0.0,0.0,0.0,0.0,0.0,0.0,0.0,0.0,0.0,0.0,1.0,0.0,0.0,0.0,0.0,1.0,17.0,0.0,0.0,0.0,0.0,0.0,0.0,1.0,4.0,3.0,3419554653.0,11895814.0,陇南市武都区,陇南市武都区五马镇,19.0,18.3,0.0,5.4,42.699999999999996,42.7125,40.822613065326635,46.79183823529412
甘肃省,陇南市,武都区,裕河镇,105.486139,32.999066,0.0,0.0,13.0,2.0,11.0,0.0,0.0,0.0,0.0,0.0,0.0,0.0,0.0,0.0,0.0,0.0,0.0,0.0,0.0,0.0,1.0,0.0,0.0,0.0,0.0,5.0,3.0,0.0,0.0,0.0,0.0,1.0,0.0,3.0,5.0,6.0,0.0,0.0,10.0,2.0,4.0,0.0,0.0,0.0,0.0,0.0,0.0,0.0,0.0,0.0,0.0,0.0,0.0,0.0,0.0,0.0,1.0,0.0,0.0,0.0,0.0,2.0,0.0,0.0,0.0,0.0,0.0,0.0,0.0,1.0,4.0,4.0,3419554674.0,11895815.0,陇南市武都区,陇南市武都区裕河镇,20.0,12.9,0.0,3.3,36.199999999999996,42.7125,40.822613065326635,46.79183823529412
甘肃省,陇南市,武都区,汉林镇,104.902897,33.4756228,1.0,0.0,3.0,4.0,31.0,1.0,0.0,1.0,0.0,0.0,0.0,0.0,0.0,0.0,0.0,0.0,0.0,0.0,0.0,0.0,20.0,0.0,0.0,0.0,0.0,6.0,1.0,0.0,0.0,0.0,0.0,0.0,0.0,3.0,8.0,2.0,0.0,0.0,1.0,1.0,7.0,0.0,0.0,0.0,0.0,0.0,0.0,0.0,0.0,0.0,0.0,0.0,0.0,0.0,0.0,0.0,2.0,0.0,0.0,0.0,0.0,1.0,0.0,0.0,0.0,0.0,0.0,0.0,0.0,1.0,4.0,1.0,3416489535.0,-1.0,陇南市武都区,陇南市武都区汉林镇,12.0,21.3,0.0,1.1,34.4,42.7125,40.822613065326635,46.79183823529412
甘肃省,陇南市,武都区,桔柑镇,105.0987566,33.2893633,6.0,1.0,0.0,1.0,64.0,9.0,0.0,6.0,1.0,0.0,0.0,0.0,0.0,0.0,0.0,1.0,0.0,0.0,0.0,0.0,18.0,0.0,1.0,0.0,0.0,6.0,34.0,0.0,0.0,0.0,0.0,1.0,0.0,6.0,14.0,10.0,4.0,0.0,0.0,1.0,32.0,5.0,0.0,3.0,1.0,0.0,0.0,0.0,0.0,0.0,0.0,1.0,0.0,0.0,0.0,0.0,8.0,0.0,1.0,0.0,0.0,3.0,28.0,0.0,0.0,0.0,0.0,1.0,0.0,6.0,11.0,6.0,3417036030.0,-1.0,陇南市武都区,陇南市武都区桔柑镇,12.0,26.0,0.0,10.2,48.2,42.7125,40.822613065326635,46.79183823529412
甘肃省,陇南市,武都区,隆兴镇,105.1946001,33.5975603,0.0,0.0,1.0,0.0,20.0,3.0,0.0,0.0,0.0,0.0,0.0,0.0,0.0,0.0,1.0,1.0,0.0,0.0,0.0,0.0,8.0,0.0,0.0,0.0,0.0,4.0,1.0,0.0,0.0,0.0,0.0,0.0,0.0,1.0,5.0,3.0,0.0,0.0,1.0,0.0,5.0,3.0,0.0,0.0,0.0,0.0,0.0,0.0,0.0,0.0,0.0,0.0,0.0,0.0,0.0,0.0,2.0,0.0,0.0,0.0,0.0,1.0,0.0,0.0,0.0,0.0,0.0,0.0,0.0,1.0,4.0,2.0,3417036065.0,-1.0,陇南市武都区,陇南市武都区隆兴镇,11.0,13.0,0.0,1.6,25.6,42.7125,40.822613065326635,46.79183823529412
甘肃省,陇南市,武都区,黄坪镇,105.3333858,33.322332,0.0,0.0,3.0,9.0,12.0,0.0,0.0,0.0,0.0,0.0,0.0,0.0,0.0,0.0,0.0,0.0,0.0,0.0,0.0,0.0,3.0,0.0,0.0,0.0,0.0,5.0,0.0,0.0,0.0,0.0,0.0,0.0,0.0,4.0,4.0,8.0,0.0,0.0,3.0,3.0,6.0,0.0,0.0,0.0,0.0,0.0,0.0,0.0,0.0,0.0,0.0,0.0,0.0,0.0,0.0,0.0,1.0,0.0,0.0,0.0,0.0,2.0,0.0,0.0,0.0,0.0,0.0,0.0,0.0,1.0,4.0,7.0,3417036019.0,-1.0,陇南市武都区,陇南市武都区黄坪镇,12.0,16.2,0.0,4.0,32.2,42.7125,40.822613065326635,46.79183823529412
甘肃省,陇南市,武都区,五库镇,105.0147252,33.0274325,0.0,0.0,4.0,1.0,8.0,0.0,0.0,0.0,0.0,0.0,0.0,0.0,0.0,0.0,0.0,0.0,0.0,0.0,0.0,0.0,2.0,0.0,0.0,0.0,0.0,6.0,0.0,0.0,0.0,0.0,0.0,0.0,0.0,2.0,4.0,2.0,0.0,0.0,1.0,1.0,6.0,0.0,0.0,0.0,0.0,0.0,0.0,0.0,0.0,0.0,0.0,0.0,0.0,0.0,0.0,0.0,1.0,0.0,0.0,0.0,0.0,1.0,0.0,0.0,0.0,0.0,0.0,0.0,0.0,2.0,4.0,2.0,3419554652.0,11895812.0,陇南市武都区,陇南市武都区五库镇,20.0,11.4,0.0,1.0,32.4,42.7125,40.822613065326635,46.79183823529412
甘肃省,陇南市,武都区,三仓镇,105.112417,33.0177074,0.0,0.0,0.0,11.0,29.0,0.0,0.0,0.0,0.0,0.0,0.0,0.0,0.0,0.0,1.0,1.0,0.0,0.0,0.0,0.0,11.0,0.0,0.0,0.0,0.0,4.0,0.0,0.0,0.0,1.0,0.0,0.0,0.0,2.0,3.0,3.0,0.0,0.0,0.0,7.0,1.0,0.0,0.0,0.0,0.0,0.0,0.0,0.0,0.0,0.0,0.0,0.0,0.0,0.0,0.0,0.0,5.0,0.0,0.0,0.0,0.0,1.0,0.0,0.0,0.0,0.0,0.0,0.0,0.0,1.0,2.0,2.0,3419554618.0,11895811.0,陇南市武都区,陇南市武都区三仓镇,19.0,12.600000000000001,0.0,1.6,33.2,42.7125,40.822613065326635,46.79183823529412
甘肃省,陇南市,武都区,坪垭藏族乡,104.6805146,33.5228691,11.0,0.0,0.0,3.0,19.0,0.0,0.0,0.0,0.0,0.0,0.0,0.0,0.0,0.0,1.0,1.0,0.0,0.0,0.0,0.0,10.0,0.0,0.0,0.0,0.0,4.0,3.0,0.0,0.0,0.0,0.0,0.0,0.0,5.0,5.0,4.0,5.0,0.0,0.0,1.0,4.0,0.0,0.0,0.0,0.0,0.0,0.0,0.0,0.0,0.0,1.0,1.0,0.0,0.0,0.0,0.0,5.0,0.0,0.0,0.0,0.0,1.0,1.0,0.0,0.0,0.0,0.0,0.0,0.0,5.0,5.0,4.0,8308805291.0,-1.0,陇南市武都区,陇南市武都区坪垭藏族乡,11.0,15.5,5.0,2.4,33.9,42.7125,40.822613065326635,46.79183823529412
甘肃省,陇南市,武都区,蒲池乡,104.8122989,33.529754,0.0,0.0,0.0,3.0,5.0,0.0,0.0,0.0,0.0,0.0,0.0,0.0,0.0,0.0,0.0,0.0,0.0,0.0,0.0,0.0,4.0,0.0,0.0,0.0,0.0,8.0,0.0,0.0,0.0,0.0,0.0,0.0,0.0,1.0,3.0,2.0,0.0,0.0,0.0,3.0,2.0,0.0,0.0,0.0,0.0,0.0,0.0,0.0,0.0,0.0,0.0,0.0,0.0,0.0,0.0,0.0,4.0,0.0,0.0,0.0,0.0,1.0,0.0,0.0,0.0,0.0,0.0,0.0,0.0,1.0,2.0,2.0,3417036125.0,-1.0,陇南市武都区,陇南市武都区蒲池乡,12.0,6.1,0.0,1.0,19.1,42.7125,40.822613065326635,46.79183823529412
甘肃省,陇南市,武都区,池坝乡,104.7803762,33.6419761,0.0,0.0,0.0,2.0,2.0,0.0,0.0,0.0,0.0,0.0,0.0,0.0,0.0,0.0,0.0,0.0,0.0,0.0,0.0,0.0,1.0,0.0,0.0,0.0,0.0,6.0,0.0,0.0,0.0,0.0,0.0,0.0,0.0,4.0,2.0,1.0,0.0,0.0,0.0,1.0,0.0,0.0,0.0,0.0,0.0,0.0,0.0,0.0,0.0,0.0,0.0,0.0,0.0,0.0,0.0,0.0,1.0,0.0,0.0,0.0,0.0,1.0,0.0,0.0,0.0,0.0,0.0,0.0,0.0,1.0,1.0,1.0,3417035835.0,-1.0,陇南市武都区,陇南市武都区池坝乡,12.0,3.4,0.0,0.5,15.9,42.7125,40.822613065326635,46.79183823529412
甘肃省,陇南市,武都区,龙坝乡,105.2952448,33.6223081,0.0,0.0,1.0,0.0,17.0,0.0,0.0,3.0,0.0,0.0,0.0,0.0,0.0,0.0,0.0,0.0,0.0,0.0,0.0,0.0,6.0,0.0,0.0,0.0,0.0,6.0,7.0,0.0,0.0,0.0,0.0,0.0,0.0,1.0,4.0,4.0,0.0,0.0,1.0,0.0,3.0,0.0,0.0,0.0,0.0,0.0,0.0,0.0,0.0,0.0,0.0,0.0,0.0,0.0,0.0,0.0,3.0,0.0,0.0,0.0,0.0,1.0,0.0,0.0,0.0,0.0,0.0,0.0,0.0,1.0,2.0,2.0,3417036062.0,-1.0,陇南市武都区,陇南市武都区龙坝乡,12.0,11.3,0.0,2.7,26.0,42.7125,40.822613065326635,46.79183823529412
甘肃省,陇南市,武都区,龙凤乡,105.0428319,33.3968691,0.0,0.0,0.0,6.0,31.0,0.0,0.0,0.0,0.0,0.0,0.0,0.0,0.0,0.0,0.0,0.0,0.0,0.0,0.0,0.0,6.0,0.0,0.0,0.0,0.0,3.0,4.0,0.0,0.0,0.0,0.0,0.0,0.0,1.0,4.0,5.0,0.0,0.0,0.0,2.0,9.0,0.0,0.0,0.0,0.0,0.0,0.0,0.0,0.0,0.0,0.0,0.0,0.0,0.0,0.0,0.0,2.0,0.0,0.0,0.0,0.0,1.0,3.0,0.0,0.0,0.0,0.0,0.0,0.0,1.0,3.0,2.0,3417036063.0,-1.0,陇南市武都区,陇南市武都区龙凤乡,10.0,15.9,0.0,3.2,29.099999999999998,42.7125,40.822613065326635,46.79183823529412
甘肃省,陇南市,武都区,磨坝藏族乡,104.98658,33.2484502,0.0,0.0,0.0,0.0,25.0,3.0,0.0,4.0,0.0,0.0,0.0,0.0,0.0,0.0,0.0,0.0,0.0,0.0,0.0,0.0,19.0,0.0,0.0,0.0,0.0,6.0,0.0,0.0,0.0,0.0,0.0,0.0,0.0,2.0,5.0,3.0,0.0,0.0,0.0,0.0,11.0,3.0,0.0,0.0,0.0,0.0,0.0,0.0,0.0,0.0,0.0,0.0,0.0,0.0,0.0,0.0,11.0,0.0,0.0,0.0,0.0,1.0,0.0,0.0,0.0,0.0,0.0,0.0,0.0,2.0,3.0,3.0,3417036107.0,-1.0,陇南市武都区,陇南市武都区磨坝藏族乡,12.0,10.8,0.0,1.5,24.3,42.7125,40.822613065326635,46.79183823529412
甘肃省,陇南市,武都区,玉皇乡,105.2261754,33.2925844,0.0,0.0,0.0,3.0,28.0,0.0,0.0,0.0,0.0,0.0,0.0,0.0,0.0,0.0,0.0,0.0,0.0,0.0,0.0,0.0,8.0,0.0,0.0,0.0,0.0,5.0,6.0,0.0,0.0,1.0,0.0,0.0,0.0,2.0,5.0,5.0,0.0,0.0,0.0,3.0,4.0,0.0,0.0,0.0,0.0,0.0,0.0,0.0,0.0,0.0,0.0,0.0,0.0,0.0,0.0,0.0,1.0,0.0,0.0,0.0,0.0,1.0,2.0,0.0,0.0,0.0,0.0,0.0,0.0,2.0,3.0,5.0,3417036373.0,-1.0,陇南市武都区,陇南市武都区玉皇乡,12.0,12.3,0.0,3.4,27.7,42.7125,40.822613065326635,46.79183823529412
甘肃省,陇南市,武都区,郭河乡,105.1505822,33.3507056,0.0,0.0,0.0,18.0,28.0,1.0,0.0,0.0,0.0,0.0,0.0,0.0,0.0,0.0,0.0,0.0,0.0,0.0,0.0,0.0,18.0,0.0,0.0,0.0,0.0,6.0,0.0,0.0,0.0,0.0,0.0,0.0,0.0,1.0,5.0,6.0,0.0,0.0,0.0,9.0,4.0,0.0,0.0,0.0,0.0,0.0,0.0,0.0,0.0,0.0,0.0,0.0,0.0,0.0,0.0,0.0,10.0,0.0,0.0,0.0,0.0,2.0,0.0,0.0,0.0,0.0,0.0,0.0,0.0,1.0,4.0,1.0,3417035888.0,-1.0,陇南市武都区,陇南市武都区郭河乡,12.0,14.3,0.0,3.0,29.3,42.7125,40.822613065326635,46.79183823529412
甘肃省,陇南市,武都区,枫相乡,105.3123557,32.9068029,0.0,11.0,0.0,1.0,3.0,0.0,0.0,0.0,0.0,0.0,0.0,0.0,0.0,0.0,0.0,0.0,0.0,0.0,0.0,0.0,0.0,0.0,0.0,0.0,0.0,7.0,0.0,0.0,0.0,0.0,0.0,1.0,0.0,4.0,5.0,3.0,0.0,7.0,0.0,0.0,3.0,0.0,0.0,0.0,0.0,0.0,0.0,0.0,0.0,0.0,0.0,0.0,0.0,0.0,0.0,0.0,0.0,0.0,0.0,0.0,0.0,1.0,0.0,0.0,0.0,0.0,0.0,1.0,0.0,3.0,4.0,3.0,3419553331.0,11895816.0,陇南市武都区,陇南市武都区枫相乡,20.0,10.0,0.0,1.5,31.5,42.7125,40.822613065326635,46.79183823529412
甘肃省,陇南市,武都区,月照乡,105.15594,33.1421459,0.0,0.0,9.0,3.0,2.0,0.0,0.0,0.0,0.0,0.0,0.0,0.0,0.0,0.0,0.0,0.0,0.0,0.0,0.0,0.0,7.0,0.0,0.0,0.0,0.0,3.0,0.0,0.0,0.0,0.0,0.0,0.0,0.0,5.0,5.0,4.0,0.0,0.0,7.0,1.0,1.0,0.0,0.0,0.0,0.0,0.0,0.0,0.0,0.0,0.0,0.0,0.0,0.0,0.0,0.0,0.0,3.0,0.0,0.0,0.0,0.0,1.0,0.0,0.0,0.0,0.0,0.0,0.0,0.0,2.0,3.0,3.0,3417036372.0,-1.0,陇南市武都区,陇南市武都区月照乡,10.0,11.2,0.0,2.0,23.2,42.7125,40.822613065326635,46.79183823529412
甘肃省,陇南市,成县,城关镇,105.7269036,33.7413597,0.0,9.0,40.0,39.0,252.0,35.0,0.0,10.0,12.0,0.0,3.0,1.0,2.0,2.0,10.0,12.0,1.0,1.0,10.0,27.0,30.0,0.0,4.0,2.0,0.0,8.0,475.0,0.0,0.0,8.0,9.0,18.0,13.0,4.0,14.0,14.0,0.0,3.0,15.0,11.0,44.0,12.0,0.0,7.0,8.0,0.0,0.0,0.0,1.0,1.0,5.0,6.0,0.0,1.0,7.0,17.0,4.0,0.0,2.0,2.0,0.0,2.0,151.0,0.0,0.0,1.0,4.0,1.0,7.0,2.0,11.0,10.0,978890473.0,-1.0,陇南市成县,陇南市成县城关镇,12.0,28.0,25.0,20.0,85.0,48.370588235294115,40.822613065326635,46.79183823529412
甘肃省,陇南市,成县,黄渚镇,105.681534,33.9713339,0.0,7.0,0.0,1.0,57.0,6.0,0.0,4.0,0.0,0.0,1.0,0.0,0.0,0.0,1.0,1.0,0.0,0.0,0.0,0.0,11.0,0.0,5.0,0.0,0.0,2.0,97.0,0.0,0.0,3.0,0.0,0.0,0.0,1.0,7.0,8.0,0.0,5.0,0.0,1.0,35.0,0.0,0.0,0.0,0.0,0.0,0.0,0.0,0.0,0.0,1.0,1.0,0.0,0.0,0.0,0.0,7.0,0.0,2.0,0.0,0.0,1.0,70.0,0.0,0.0,3.0,0.0,0.0,0.0,1.0,4.0,4.0,4284304904.0,7105569.0,陇南市成县,陇南市成县黄渚镇,17.0,25.5,5.0,20.0,67.5,48.370588235294115,40.822613065326635,46.79183823529412
甘肃省,陇南市,成县,红川镇,105.8934079,33.752358,0.0,4.0,0.0,9.0,126.0,23.0,0.0,0.0,0.0,0.0,0.0,0.0,0.0,0.0,1.0,1.0,0.0,0.0,0.0,0.0,23.0,0.0,2.0,0.0,1.0,1.0,12.0,0.0,0.0,1.0,0.0,0.0,0.0,4.0,8.0,12.0,0.0,1.0,0.0,5.0,32.0,21.0,0.0,0.0,0.0,0.0,0.0,0.0,0.0,0.0,1.0,1.0,0.0,0.0,0.0,0.0,2.0,0.0,2.0,0.0,0.0,1.0,10.0,0.0,0.0,0.0,0.0,0.0,0.0,2.0,7.0,7.0,4285740283.0,-1.0,陇南市成县,陇南市成县红川镇,8.0,24.0,5.0,6.300000000000001,43.3,48.370588235294115,40.822613065326635,46.79183823529412
甘肃省,陇南市,成县,小川镇,105.5628482,33.6780457,4.0,0.0,0.0,21.0,119.0,4.0,0.0,1.0,0.0,0.0,2.0,0.0,0.0,0.0,2.0,3.0,0.0,0.0,0.0,0.0,24.0,0.0,1.0,0.0,0.0,4.0,33.0,0.0,0.0,0.0,0.0,2.0,0.0,2.0,12.0,12.0,4.0,0.0,0.0,6.0,36.0,0.0,0.0,0.0,0.0,0.0,0.0,0.0,0.0,0.0,2.0,3.0,0.0,0.0,0.0,0.0,5.0,0.0,0.0,0.0,0.0,1.0,24.0,0.0,0.0,0.0,0.0,1.0,0.0,1.0,5.0,5.0,3824159169.0,-1.0,陇南市成县,陇南市成县小川镇,11.0,26.0,5.0,9.7,51.7,48.370588235294115,40.822613065326635,46.79183823529412
甘肃省,陇南市,成县,纸坊镇,105.4850313,33.7249653,6.0,0.0,0.0,7.0,60.0,1.0,0.0,0.0,2.0,0.0,0.0,0.0,0.0,0.0,2.0,3.0,0.0,0.0,0.0,0.0,14.0,0.0,0.0,0.0,0.0,6.0,26.0,0.0,0.0,1.0,0.0,0.0,0.0,3.0,10.0,5.0,4.0,0.0,0.0,3.0,10.0,0.0,0.0,0.0,0.0,0.0,0.0,0.0,0.0,0.0,1.0,2.0,0.0,0.0,0.0,0.0,1.0,0.0,0.0,0.0,0.0,1.0,2.0,0.0,0.0,0.0,0.0,0.0,0.0,1.0,4.0,4.0,4753236445.0,-1.0,陇南市成县,陇南市成县纸坊镇,12.0,26.0,5.0,5.4,48.4,48.370588235294115,40.822613065326635,46.79183823529412
甘肃省,陇南市,成县,抛沙镇,105.6764536,33.7228445,6.0,2.0,0.0,6.0,184.0,8.0,0.0,1.0,1.0,0.0,2.0,0.0,0.0,0.0,4.0,4.0,0.0,0.0,0.0,0.0,29.0,0.0,4.0,0.0,0.0,10.0,75.0,0.0,0.0,2.0,0.0,1.0,0.0,4.0,12.0,13.0,4.0,2.0,0.0,2.0,37.0,5.0,0.0,0.0,0.0,0.0,1.0,0.0,0.0,0.0,3.0,3.0,0.0,0.0,0.0,0.0,5.0,0.0,4.0,0.0,0.0,1.0,51.0,0.0,0.0,1.0,0.0,0.0,0.0,2.0,8.0,5.0,3334237413.0,-1.0,陇南市成县,陇南市成县抛沙镇,12.0,28.0,5.0,16.9,61.9,48.370588235294115,40.822613065326635,46.79183823529412
甘肃省,陇南市,成县,店村镇,105.8361451,33.7613898,0.0,3.0,3.0,4.0,101.0,2.0,0.0,0.0,0.0,0.0,1.0,0.0,0.0,0.0,2.0,2.0,0.0,0.0,0.0,0.0,21.0,0.0,0.0,0.0,0.0,1.0,18.0,0.0,0.0,2.0,0.0,0.0,0.0,2.0,11.0,5.0,0.0,2.0,2.0,4.0,22.0,1.0,0.0,0.0,0.0,0.0,1.0,0.0,0.0,0.0,0.0,0.0,0.0,0.0,0.0,0.0,4.0,0.0,0.0,0.0,0.0,1.0,9.0,0.0,0.0,0.0,0.0,0.0,0.0,2.0,10.0,3.0,4285740281.0,-1.0,陇南市成县,陇南市成县店村镇,8.0,26.0,0.0,5.4,39.4,48.370588235294115,40.822613065326635,46.79183823529412
甘肃省,陇南市,成县,王磨镇,105.6780837,33.8507014,0.0,0.0,0.0,8.0,37.0,0.0,0.0,2.0,0.0,0.0,0.0,0.0,0.0,0.0,0.0,0.0,0.0,0.0,0.0,0.0,8.0,0.0,2.0,0.0,0.0,4.0,2.0,0.0,0.0,0.0,0.0,0.0,0.0,1.0,5.0,6.0,0.0,0.0,0.0,6.0,8.0,0.0,0.0,0.0,0.0,0.0,0.0,0.0,0.0,0.0,0.0,0.0,0.0,0.0,0.0,0.0,3.0,0.0,1.0,0.0,0.0,1.0,0.0,0.0,0.0,0.0,0.0,0.0,0.0,1.0,4.0,6.0,4753663415.0,-1.0,陇南市成县,陇南市成县王磨镇,11.0,17.3,0.0,3.2,31.5,48.370588235294115,40.822613065326635,46.79183823529412
甘肃省,陇南市,成县,陈院镇,105.6774456,33.7624603,0.0,0.0,2.0,10.0,75.0,2.0,0.0,0.0,1.0,0.0,0.0,0.0,0.0,0.0,3.0,3.0,0.0,0.0,0.0,0.0,29.0,0.0,1.0,0.0,0.0,15.0,8.0,0.0,0.0,2.0,0.0,1.0,0.0,2.0,7.0,10.0,0.0,0.0,1.0,1.0,8.0,0.0,0.0,0.0,0.0,0.0,0.0,0.0,0.0,0.0,0.0,0.0,0.0,0.0,0.0,0.0,5.0,0.0,0.0,0.0,0.0,2.0,0.0,0.0,0.0,1.0,0.0,1.0,0.0,1.0,4.0,6.0,3824159859.0,-1.0,陇南市成县,陇南市成县陈院镇,12.0,25.5,0.0,5.1,42.6,48.370588235294115,40.822613065326635,46.79183823529412
甘肃省,陇南市,成县,沙坝镇,105.566889,33.7326698,4.0,0.0,0.0,2.0,58.0,6.0,0.0,0.0,0.0,0.0,0.0,0.0,0.0,0.0,2.0,3.0,0.0,0.0,1.0,1.0,10.0,0.0,0.0,0.0,0.0,12.0,5.0,0.0,0.0,2.0,0.0,0.0,1.0,1.0,6.0,9.0,3.0,0.0,0.0,0.0,16.0,5.0,0.0,0.0,0.0,0.0,0.0,0.0,0.0,0.0,1.0,1.0,0.0,0.0,1.0,0.0,4.0,0.0,0.0,0.0,0.0,2.0,5.0,0.0,0.0,2.0,0.0,0.0,0.0,1.0,5.0,6.0,4753238466.0,-1.0,陇南市成县,陇南市成县沙坝镇,12.0,23.0,7.0,5.4,47.4,48.370588235294115,40.822613065326635,46.79183823529412
甘肃省,陇南市,成县,黄陈镇,105.6019699,33.5882632,0.0,0.0,0.0,7.0,36.0,3.0,0.0,0.0,0.0,0.0,0.0,0.0,0.0,0.0,1.0,1.0,0.0,0.0,0.0,0.0,22.0,0.0,0.0,0.0,0.0,2.0,6.0,0.0,0.0,2.0,0.0,0.0,0.0,2.0,6.0,5.0,0.0,0.0,0.0,2.0,14.0,0.0,0.0,0.0,0.0,0.0,0.0,0.0,0.0,0.0,1.0,1.0,0.0,0.0,0.0,0.0,11.0,0.0,0.0,0.0,0.0,1.0,3.0,0.0,0.0,0.0,0.0,0.0,0.0,1.0,5.0,4.0,6022884867.0,-1.0,陇南市成县,陇南市成县黄陈镇,9.0,19.4,5.0,3.6,37.0,48.370588235294115,40.822613065326635,46.79183823529412
甘肃省,陇南市,成县,鸡峰镇,105.6549107,33.6575124,0.0,0.0,5.0,4.0,122.0,9.0,0.0,7.0,0.0,1.0,0.0,0.0,0.0,0.0,1.0,1.0,0.0,0.0,0.0,0.0,23.0,0.0,0.0,0.0,0.0,7.0,140.0,0.0,0.0,4.0,0.0,3.0,1.0,3.0,7.0,9.0,0.0,0.0,3.0,2.0,31.0,0.0,0.0,0.0,0.0,0.0,0.0,0.0,0.0,0.0,0.0,0.0,0.0,0.0,0.0,0.0,4.0,0.0,0.0,0.0,0.0,1.0,42.0,0.0,0.0,2.0,0.0,0.0,0.0,2.0,5.0,5.0,4753236803.0,-1.0,陇南市成县,陇南市成县鸡峰镇,12.0,25.5,0.0,20.0,57.5,48.370588235294115,40.822613065326635,46.79183823529412
甘肃省,陇南市,成县,苏元镇,105.4524876,33.6741852,0.0,0.0,0.0,8.0,69.0,2.0,0.0,1.0,0.0,0.0,0.0,0.0,0.0,0.0,1.0,1.0,0.0,0.0,0.0,0.0,18.0,0.0,0.0,0.0,0.0,4.0,12.0,0.0,0.0,0.0,0.0,0.0,0.0,5.0,6.0,5.0,0.0,0.0,0.0,2.0,19.0,0.0,0.0,0.0,0.0,0.0,0.0,0.0,0.0,0.0,1.0,1.0,0.0,0.0,0.0,0.0,4.0,0.0,0.0,0.0,0.0,1.0,7.0,0.0,0.0,0.0,0.0,0.0,0.0,1.0,3.0,3.0,4753237912.0,-1.0,陇南市成县,陇南市成县苏元镇,11.0,23.0,5.0,4.4,43.4,48.370588235294115,40.822613065326635,46.79183823529412
甘肃省,陇南市,成县,索池镇,105.5149812,33.6452685,5.0,0.0,0.0,5.0,73.0,7.0,0.0,0.0,0.0,0.0,0.0,0.0,0.0,0.0,1.0,1.0,0.0,0.0,0.0,0.0,22.0,0.0,0.0,0.0,0.0,8.0,44.0,0.0,0.0,3.0,0.0,0.0,0.0,1.0,6.0,7.0,3.0,0.0,0.0,0.0,18.0,1.0,0.0,0.0,0.0,0.0,0.0,0.0,0.0,0.0,1.0,1.0,0.0,0.0,0.0,0.0,2.0,0.0,0.0,0.0,0.0,2.0,21.0,0.0,0.0,1.0,0.0,0.0,0.0,1.0,5.0,5.0,4753237194.0,-1.0,陇南市成县,陇南市成县索池镇,12.0,23.0,5.0,10.4,50.4,48.370588235294115,40.822613065326635,46.79183823529412
甘肃省,陇南市,成县,宋坪乡,105.9134257,33.6023104,0.0,0.0,5.0,3.0,27.0,1.0,0.0,3.0,0.0,0.0,0.0,0.0,0.0,0.0,0.0,0.0,0.0,0.0,0.0,0.0,4.0,0.0,0.0,0.0,0.0,2.0,5.0,0.0,0.0,1.0,0.0,0.0,0.0,1.0,7.0,7.0,0.0,0.0,3.0,1.0,16.0,0.0,0.0,3.0,0.0,0.0,0.0,0.0,0.0,0.0,0.0,0.0,0.0,0.0,0.0,0.0,2.0,0.0,0.0,0.0,0.0,1.0,3.0,0.0,0.0,0.0,0.0,0.0,0.0,1.0,5.0,5.0,6022884868.0,-1.0,陇南市成县,陇南市成县宋坪乡,9.0,21.7,0.0,4.4,35.1,48.370588235294115,40.822613065326635,46.79183823529412
甘肃省,陇南市,成县,二郎乡,105.5961546,33.8366145,0.0,0.0,1.0,8.0,5.0,0.0,0.0,0.0,0.0,0.0,0.0,0.0,0.0,0.0,1.0,1.0,0.0,0.0,0.0,0.0,5.0,0.0,0.0,0.0,0.0,1.0,6.0,0.0,0.0,0.0,0.0,0.0,0.0,2.0,4.0,6.0,0.0,0.0,0.0,1.0,3.0,0.0,0.0,0.0,0.0,0.0,0.0,0.0,0.0,0.0,1.0,1.0,0.0,0.0,0.0,0.0,3.0,0.0,0.0,0.0,0.0,1.0,1.0,0.0,0.0,0.0,0.0,0.0,0.0,2.0,3.0,4.0,4753661068.0,16340195.0,陇南市成县,陇南市成县二郎乡,16.0,13.9,5.0,3.7,38.6,48.370588235294115,40.822613065326635,46.79183823529412
甘肃省,陇南市,成县,镡河乡,105.6572965,33.5372432,3.0,0.0,16.0,1.0,26.0,11.0,0.0,0.0,0.0,0.0,1.0,0.0,0.0,0.0,1.0,1.0,0.0,0.0,0.0,0.0,5.0,0.0,0.0,0.0,0.0,4.0,17.0,0.0,0.0,1.0,0.0,0.0,0.0,4.0,8.0,6.0,0.0,0.0,8.0,1.0,2.0,0.0,0.0,0.0,0.0,0.0,1.0,0.0,0.0,0.0,0.0,0.0,0.0,0.0,0.0,0.0,1.0,0.0,0.0,0.0,0.0,1.0,0.0,0.0,0.0,0.0,0.0,0.0,0.0,4.0,3.0,5.0,6022884866.0,11894037.0,陇南市成县,陇南市成县镡河乡,19.0,17.8,0.0,4.8,41.599999999999994,48.370588235294115,40.822613065326635,46.79183823529412
甘肃省,陇南市,文县,城关镇,104.6899652,32.9376661,5.0,0.0,9.0,18.0,89.0,28.0,0.0,9.0,0.0,0.0,0.0,0.0,0.0,0.0,1.0,1.0,0.0,0.0,0.0,0.0,8.0,0.0,0.0,0.0,0.0,3.0,281.0,0.0,0.0,1.0,0.0,1.0,0.0,4.0,14.0,7.0,1.0,0.0,0.0,7.0,40.0,6.0,0.0,0.0,0.0,0.0,0.0,0.0,0.0,0.0,0.0,0.0,0.0,0.0,0.0,0.0,2.0,0.0,0.0,0.0,0.0,1.0,111.0,0.0,0.0,0.0,0.0,0.0,0.0,3.0,7.0,2.0,8121568352.0,-1.0,陇南市文县,陇南市文县城关镇,10.0,24.0,0.0,19.5,53.5,33.864999999999995,40.822613065326635,46.79183823529412
甘肃省,陇南市,文县,碧口镇,105.2426235,32.7496032,10.0,0.0,2.0,13.0,41.0,8.0,0.0,0.0,0.0,0.0,0.0,0.0,0.0,0.0,1.0,1.0,0.0,0.0,0.0,0.0,8.0,0.0,1.0,0.0,0.0,7.0,221.0,0.0,0.0,2.0,0.0,6.0,0.0,7.0,6.0,8.0,3.0,0.0,0.0,8.0,23.0,4.0,0.0,0.0,0.0,0.0,0.0,0.0,0.0,0.0,1.0,1.0,0.0,0.0,0.0,0.0,3.0,0.0,0.0,0.0,0.0,1.0,210.0,0.0,0.0,2.0,0.0,4.0,0.0,3.0,4.0,6.0,3784223657.0,-1.0,陇南市文县,陇南市文县碧口镇,12.0,23.0,5.0,20.0,60.0,33.864999999999995,40.822613065326635,46.79183823529412
甘肃省,陇南市,文县,尚德镇,104.7586809,32.9044393,4.0,0.0,0.0,7.0,20.0,1.0,0.0,0.0,0.0,0.0,0.0,0.0,0.0,0.0,0.0,0.0,0.0,0.0,0.0,0.0,5.0,0.0,0.0,0.0,0.0,2.0,6.0,0.0,0.0,0.0,0.0,0.0,0.0,4.0,6.0,3.0,3.0,0.0,0.0,3.0,13.0,0.0,0.0,0.0,0.0,0.0,0.0,0.0,0.0,0.0,0.0,0.0,0.0,0.0,0.0,0.0,3.0,0.0,0.0,0.0,0.0,1.0,2.0,0.0,0.0,0.0,0.0,0.0,0.0,3.0,4.0,2.0,4186780802.0,-1.0,陇南市文县,陇南市文县尚德镇,9.0,20.9,0.0,2.3,32.199999999999996,33.864999999999995,40.822613065326635,46.79183823529412
甘肃省,陇南市,文县,中寨镇,104.4180261,33.1892739,0.0,0.0,7.0,2.0,38.0,1.0,0.0,0.0,0.0,0.0,0.0,0.0,0.0,0.0,0.0,0.0,0.0,0.0,0.0,0.0,3.0,0.0,0.0,0.0,0.0,1.0,31.0,0.0,0.0,0.0,0.0,0.0,0.0,1.0,6.0,4.0,0.0,0.0,1.0,1.0,20.0,1.0,0.0,0.0,0.0,0.0,0.0,0.0,0.0,0.0,0.0,0.0,0.0,0.0,0.0,0.0,1.0,0.0,0.0,0.0,0.0,1.0,29.0,0.0,0.0,0.0,0.0,0.0,0.0,1.0,5.0,4.0,4186739712.0,-1.0,陇南市文县,陇南市文县中寨镇,8.0,23.0,0.0,8.0,39.0,33.864999999999995,40.822613065326635,46.79183823529412
甘肃省,陇南市,文县,临江镇,104.9313923,33.0681691,5.0,0.0,0.0,0.0,14.0,13.0,0.0,2.0,0.0,0.0,0.0,0.0,0.0,0.0,0.0,0.0,0.0,0.0,0.0,0.0,6.0,0.0,0.0,0.0,0.0,5.0,7.0,0.0,0.0,0.0,0.0,0.0,0.0,5.0,9.0,4.0,1.0,0.0,0.0,0.0,2.0,4.0,0.0,0.0,0.0,0.0,0.0,0.0,0.0,0.0,0.0,0.0,0.0,0.0,0.0,0.0,1.0,0.0,0.0,0.0,0.0,1.0,5.0,0.0,0.0,0.0,0.0,0.0,0.0,4.0,4.0,2.0,3418009033.0,-1.0,陇南市文县,陇南市文县临江镇,12.0,12.4,0.0,3.2,27.599999999999998,33.864999999999995,40.822613065326635,46.79183823529412
甘肃省,陇南市,文县,桥头镇,104.8061558,33.1120091,4.0,0.0,3.0,10.0,12.0,13.0,0.0,10.0,0.0,0.0,0.0,0.0,0.0,0.0,0.0,0.0,0.0,0.0,0.0,0.0,8.0,0.0,0.0,0.0,0.0,5.0,6.0,0.0,0.0,1.0,0.0,0.0,0.0,3.0,8.0,3.0,0.0,0.0,3.0,7.0,5.0,3.0,0.0,0.0,0.0,0.0,0.0,0.0,0.0,0.0,0.0,0.0,0.0,0.0,0.0,0.0,6.0,0.0,0.0,0.0,0.0,1.0,5.0,0.0,0.0,0.0,0.0,0.0,0.0,2.0,4.0,3.0,3418009064.0,-1.0,陇南市文县,陇南市文县桥头镇,12.0,17.9,0.0,2.7,32.6,33.864999999999995,40.822613065326635,46.79183823529412
甘肃省,陇南市,文县,梨坪镇,104.8881326,33.1832465,0.0,0.0,3.0,2.0,26.0,2.0,0.0,0.0,0.0,0.0,0.0,0.0,0.0,0.0,0.0,0.0,0.0,0.0,0.0,0.0,14.0,0.0,0.0,0.0,0.0,6.0,0.0,0.0,0.0,0.0,0.0,0.0,0.0,2.0,5.0,2.0,0.0,0.0,1.0,2.0,11.0,1.0,0.0,0.0,0.0,0.0,0.0,0.0,0.0,0.0,0.0,0.0,0.0,0.0,0.0,0.0,6.0,0.0,0.0,0.0,0.0,2.0,0.0,0.0,0.0,0.0,0.0,0.0,0.0,2.0,5.0,2.0,3418009034.0,-1.0,陇南市文县,陇南市文县梨坪镇,12.0,18.0,0.0,1.0,31.0,33.864999999999995,40.822613065326635,46.79183823529412
甘肃省,陇南市,文县,天池镇,104.7773039,33.1676954,0.0,0.0,7.0,10.0,25.0,0.0,0.0,0.0,0.0,0.0,0.0,0.0,0.0,0.0,0.0,0.0,0.0,0.0,0.0,0.0,10.0,0.0,0.0,0.0,0.0,7.0,0.0,0.0,0.0,0.0,0.0,0.0,0.0,2.0,4.0,2.0,0.0,0.0,1.0,4.0,2.0,0.0,0.0,0.0,0.0,0.0,0.0,0.0,0.0,0.0,0.0,0.0,0.0,0.0,0.0,0.0,1.0,0.0,0.0,0.0,0.0,2.0,0.0,0.0,0.0,0.0,0.0,0.0,0.0,2.0,4.0,2.0,3418009087.0,-1.0,陇南市文县,陇南市文县天池镇,12.0,17.6,0.0,1.0,30.6,33.864999999999995,40.822613065326635,46.79183823529412
甘肃省,陇南市,文县,堡子坝镇,104.6193728,33.0636824,7.0,0.0,0.0,9.0,30.0,0.0,0.0,0.0,0.0,0.0,0.0,0.0,0.0,0.0,1.0,1.0,0.0,0.0,0.0,0.0,14.0,0.0,0.0,0.0,0.0,13.0,8.0,0.0,0.0,0.0,0.0,0.0,0.0,2.0,5.0,2.0,4.0,0.0,0.0,7.0,8.0,0.0,0.0,0.0,0.0,0.0,0.0,0.0,0.0,0.0,1.0,1.0,0.0,0.0,0.0,0.0,4.0,0.0,0.0,0.0,0.0,1.0,3.0,0.0,0.0,0.0,0.0,0.0,0.0,2.0,4.0,2.0,3418008874.0,-1.0,陇南市文县,陇南市文县堡子坝镇,12.0,20.9,5.0,2.1,40.0,33.864999999999995,40.822613065326635,46.79183823529412
甘肃省,陇南市,文县,石坊镇,104.571446,33.002746,1.0,0.0,0.0,0.0,39.0,2.0,0.0,0.0,0.0,0.0,0.0,0.0,0.0,0.0,1.0,1.0,0.0,0.0,0.0,0.0,6.0,0.0,0.0,0.0,0.0,1.0,8.0,0.0,0.0,0.0,0.0,0.0,0.0,4.0,6.0,4.0,1.0,0.0,0.0,0.0,22.0,1.0,0.0,0.0,0.0,0.0,0.0,0.0,0.0,0.0,1.0,1.0,0.0,0.0,0.0,0.0,3.0,0.0,0.0,0.0,0.0,1.0,5.0,0.0,0.0,0.0,0.0,0.0,0.0,4.0,5.0,2.0,4186806399.0,-1.0,陇南市文县,陇南市文县石坊镇,8.0,22.4,5.0,3.3,38.699999999999996,33.864999999999995,40.822613065326635,46.79183823529412
甘肃省,陇南市,文县,石鸡坝镇,104.4468581,33.064742,10.0,0.0,3.0,0.0,28.0,15.0,0.0,1.0,0.0,0.0,1.0,0.0,0.0,0.0,0.0,0.0,0.0,0.0,0.0,0.0,9.0,0.0,1.0,0.0,0.0,5.0,9.0,0.0,0.0,1.0,0.0,0.0,0.0,4.0,10.0,5.0,3.0,0.0,3.0,0.0,12.0,11.0,0.0,0.0,0.0,0.0,1.0,0.0,0.0,0.0,0.0,0.0,0.0,0.0,0.0,0.0,4.0,0.0,0.0,0.0,0.0,1.0,3.0,0.0,0.0,0.0,0.0,0.0,0.0,4.0,8.0,2.0,3029635430.0,-1.0,陇南市文县,陇南市文县石鸡坝镇,12.0,20.2,0.0,3.8,36.0,33.864999999999995,40.822613065326635,46.79183823529412
甘肃省,陇南市,文县,丹堡镇,104.7734155,32.861622,0.0,0.0,5.0,6.0,10.0,0.0,0.0,2.0,0.0,0.0,0.0,0.0,0.0,0.0,0.0,0.0,0.0,0.0,0.0,0.0,4.0,0.0,0.0,0.0,0.0,4.0,8.0,0.0,0.0,0.0,0.0,0.0,0.0,1.0,6.0,3.0,0.0,0.0,3.0,0.0,3.0,0.0,0.0,0.0,0.0,0.0,0.0,0.0,0.0,0.0,0.0,0.0,0.0,0.0,0.0,0.0,2.0,0.0,0.0,0.0,0.0,1.0,2.0,0.0,0.0,0.0,0.0,0.0,0.0,1.0,2.0,2.0,4186780799.0,-1.0,陇南市文县,陇南市文县丹堡镇,11.0,15.9,0.0,2.5,29.4,33.864999999999995,40.822613065326635,46.79183823529412
甘肃省,陇南市,文县,中庙镇,105.3500882,32.7686235,9.0,0.0,0.0,0.0,32.0,1.0,0.0,0.0,0.0,0.0,0.0,0.0,0.0,0.0,0.0,0.0,0.0,0.0,0.0,0.0,4.0,0.0,1.0,0.0,0.0,5.0,12.0,0.0,0.0,0.0,0.0,2.0,0.0,6.0,5.0,8.0,2.0,0.0,0.0,0.0,8.0,0.0,0.0,0.0,0.0,0.0,0.0,0.0,0.0,0.0,0.0,0.0,0.0,0.0,0.0,0.0,1.0,0.0,0.0,0.0,0.0,1.0,0.0,0.0,0.0,0.0,0.0,0.0,0.0,3.0,3.0,4.0,6019432127.0,-1.0,陇南市文县,陇南市文县中庙镇,12.0,16.3,0.0,5.2,33.5,33.864999999999995,40.822613065326635,46.79183823529412
甘肃省,陇南市,文县,范坝镇,105.107671,32.7341333,0.0,0.0,6.0,0.0,27.0,2.0,0.0,0.0,0.0,0.0,0.0,0.0,0.0,0.0,0.0,0.0,0.0,0.0,0.0,0.0,6.0,0.0,0.0,0.0,0.0,6.0,3.0,0.0,0.0,0.0,0.0,1.0,0.0,3.0,4.0,6.0,0.0,0.0,2.0,0.0,14.0,0.0,0.0,0.0,0.0,0.0,0.0,0.0,0.0,0.0,0.0,0.0,0.0,0.0,0.0,0.0,6.0,0.0,0.0,0.0,0.0,1.0,1.0,0.0,0.0,0.0,0.0,1.0,0.0,3.0,3.0,6.0,5387124283.0,16335250.0,陇南市文县,陇南市文县范坝镇,20.0,16.6,0.0,3.4,40.0,33.864999999999995,40.822613065326635,46.79183823529412
甘肃省,陇南市,文县,铁楼藏族乡,104.4643154,32.9114285,0.0,0.0,1.0,2.0,7.0,0.0,0.0,0.0,0.0,0.0,0.0,0.0,0.0,0.0,0.0,0.0,0.0,0.0,0.0,0.0,7.0,0.0,0.0,0.0,0.0,2.0,0.0,0.0,0.0,0.0,0.0,1.0,0.0,1.0,4.0,4.0,0.0,0.0,1.0,1.0,4.0,0.0,0.0,0.0,0.0,0.0,0.0,0.0,0.0,0.0,0.0,0.0,0.0,0.0,0.0,0.0,6.0,0.0,0.0,0.0,0.0,1.0,0.0,0.0,0.0,0.0,0.0,1.0,0.0,1.0,3.0,4.0,4186761435.0,-1.0,陇南市文县,陇南市文县铁楼藏族乡,9.0,11.6,0.0,2.0,22.6,33.864999999999995,40.822613065326635,46.79183823529412
甘肃省,陇南市,文县,刘家坪乡,104.8191559,32.7931456,0.0,0.0,1.0,1.0,5.0,1.0,0.0,0.0,0.0,0.0,0.0,0.0,0.0,0.0,0.0,0.0,0.0,0.0,0.0,0.0,1.0,0.0,0.0,0.0,0.0,1.0,0.0,0.0,0.0,0.0,0.0,2.0,0.0,2.0,5.0,5.0,0.0,0.0,1.0,1.0,4.0,0.0,0.0,0.0,0.0,0.0,0.0,0.0,0.0,0.0,0.0,0.0,0.0,0.0,0.0,0.0,0.0,0.0,0.0,0.0,0.0,1.0,0.0,0.0,0.0,0.0,0.0,1.0,0.0,2.0,3.0,3.0,4186778455.0,-1.0,陇南市文县,陇南市文县刘家坪乡,8.0,10.7,0.0,2.5,21.2,33.864999999999995,40.822613065326635,46.79183823529412
甘肃省,陇南市,文县,玉垒乡,105.0252134,32.8304747,4.0,0.0,0.0,0.0,3.0,2.0,0.0,3.0,0.0,0.0,0.0,0.0,0.0,0.0,0.0,0.0,0.0,0.0,0.0,0.0,6.0,0.0,0.0,0.0,0.0,2.0,2.0,0.0,0.0,1.0,0.0,0.0,0.0,5.0,4.0,6.0,2.0,0.0,0.0,0.0,0.0,0.0,0.0,3.0,0.0,0.0,0.0,0.0,0.0,0.0,0.0,0.0,0.0,0.0,0.0,0.0,3.0,0.0,0.0,0.0,0.0,1.0,0.0,0.0,0.0,0.0,0.0,0.0,0.0,4.0,2.0,5.0,4187107158.0,-1.0,陇南市文县,陇南市文县玉垒乡,9.0,7.6,0.0,3.3,19.900000000000002,33.864999999999995,40.822613065326635,46.79183823529412
甘肃省,陇南市,文县,口头坝乡,104.9248409,32.9456795,0.0,0.0,0.0,10.0,11.0,0.0,0.0,0.0,0.0,0.0,0.0,0.0,0.0,0.0,1.0,1.0,0.0,0.0,0.0,0.0,6.0,0.0,0.0,0.0,0.0,9.0,0.0,0.0,0.0,0.0,0.0,0.0,0.0,3.0,3.0,7.0,0.0,0.0,0.0,3.0,4.0,0.0,0.0,0.0,0.0,0.0,0.0,0.0,0.0,0.0,1.0,1.0,0.0,0.0,0.0,0.0,4.0,0.0,0.0,0.0,0.0,2.0,0.0,0.0,0.0,0.0,0.0,0.0,0.0,1.0,3.0,3.0,5435799413.0,-1.0,陇南市文县,陇南市文县口头坝乡,12.0,9.9,5.0,3.5,30.4,33.864999999999995,40.822613065326635,46.79183823529412
甘肃省,陇南市,文县,尖山乡,104.8608734,33.0355622,2.0,0.0,0.0,10.0,32.0,6.0,0.0,0.0,0.0,0.0,0.0,0.0,0.0,0.0,0.0,0.0,0.0,0.0,0.0,0.0,12.0,0.0,0.0,0.0,0.0,8.0,1.0,0.0,0.0,0.0,0.0,0.0,0.0,5.0,6.0,6.0,2.0,0.0,0.0,5.0,11.0,0.0,0.0,0.0,0.0,0.0,0.0,0.0,0.0,0.0,0.0,0.0,0.0,0.0,0.0,0.0,6.0,0.0,0.0,0.0,0.0,2.0,1.0,0.0,0.0,0.0,0.0,0.0,0.0,4.0,5.0,2.0,3418009018.0,-1.0,陇南市文县,陇南市文县尖山乡,12.0,22.7,0.0,3.2,37.900000000000006,33.864999999999995,40.822613065326635,46.79183823529412
甘肃省,陇南市,文县,舍书乡,104.9481556,33.2033063,0.0,0.0,0.0,3.0,10.0,0.0,0.0,0.0,0.0,0.0,0.0,0.0,0.0,0.0,0.0,0.0,0.0,0.0,0.0,0.0,2.0,0.0,0.0,0.0,0.0,4.0,0.0,0.0,0.0,0.0,0.0,0.0,0.0,3.0,3.0,2.0,0.0,0.0,0.0,2.0,9.0,0.0,0.0,0.0,0.0,0.0,0.0,0.0,0.0,0.0,0.0,0.0,0.0,0.0,0.0,0.0,2.0,0.0,0.0,0.0,0.0,1.0,0.0,0.0,0.0,0.0,0.0,0.0,0.0,1.0,3.0,2.0,3418009077.0,-1.0,陇南市文县,陇南市文县舍书乡,11.0,9.2,0.0,1.0,21.2,33.864999999999995,40.822613065326635,46.79183823529412
甘肃省,陇南市,宕昌县,城关镇,104.3891716,34.0421697,8.0,0.0,34.0,14.0,112.0,3.0,0.0,6.0,2.0,1.0,1.0,0.0,1.0,1.0,5.0,5.0,1.0,0.0,0.0,1.0,11.0,0.0,3.0,1.0,0.0,8.0,223.0,0.0,0.0,2.0,0.0,8.0,3.0,4.0,14.0,12.0,3.0,0.0,21.0,7.0,48.0,1.0,0.0,4.0,1.0,1.0,0.0,0.0,1.0,1.0,4.0,4.0,1.0,0.0,0.0,1.0,5.0,0.0,0.0,1.0,0.0,5.0,100.0,0.0,0.0,2.0,0.0,6.0,3.0,3.0,12.0,8.0,8121046804.0,-1.0,陇南市宕昌县,陇南市宕昌县城关镇,12.0,30.0,16.0,20.0,78.0,32.328,40.822613065326635,46.79183823529412
甘肃省,陇南市,宕昌县,哈达铺镇,104.223006,34.231324,8.0,0.0,16.0,6.0,73.0,1.0,0.0,0.0,4.0,0.0,0.0,0.0,0.0,0.0,0.0,1.0,0.0,0.0,0.0,0.0,18.0,0.0,1.0,0.0,0.0,5.0,10.0,0.0,0.0,0.0,0.0,1.0,0.0,6.0,10.0,8.0,1.0,0.0,0.0,1.0,34.0,0.0,0.0,0.0,0.0,0.0,0.0,0.0,0.0,0.0,0.0,0.0,0.0,0.0,0.0,0.0,6.0,0.0,0.0,0.0,0.0,1.0,3.0,0.0,0.0,0.0,0.0,1.0,0.0,5.0,5.0,5.0,1706632222.0,-1.0,陇南市宕昌县,陇南市宕昌县哈达铺镇,12.0,26.0,0.0,5.3,43.3,32.328,40.822613065326635,46.79183823529412
甘肃省,陇南市,宕昌县,理川镇,104.319475,34.248446,0.0,0.0,10.0,1.0,49.0,0.0,0.0,0.0,0.0,0.0,0.0,0.0,0.0,0.0,0.0,0.0,0.0,0.0,0.0,0.0,16.0,0.0,2.0,0.0,0.0,6.0,14.0,0.0,0.0,0.0,0.0,0.0,0.0,2.0,4.0,3.0,0.0,0.0,6.0,1.0,25.0,0.0,0.0,0.0,0.0,0.0,0.0,0.0,0.0,0.0,0.0,0.0,0.0,0.0,0.0,0.0,3.0,0.0,0.0,0.0,0.0,1.0,12.0,0.0,0.0,0.0,0.0,0.0,0.0,1.0,4.0,2.0,1706632228.0,-1.0,陇南市宕昌县,陇南市宕昌县理川镇,12.0,22.0,0.0,4.1,38.1,32.328,40.822613065326635,46.79183823529412
甘肃省,陇南市,宕昌县,南阳镇,104.6422011,33.9643302,0.0,0.0,12.0,8.0,27.0,0.0,0.0,0.0,0.0,0.0,0.0,0.0,0.0,0.0,0.0,0.0,0.0,0.0,0.0,0.0,16.0,0.0,0.0,0.0,0.0,4.0,2.0,0.0,0.0,0.0,0.0,0.0,0.0,2.0,4.0,3.0,0.0,0.0,10.0,5.0,12.0,0.0,0.0,0.0,0.0,0.0,0.0,0.0,0.0,0.0,0.0,0.0,0.0,0.0,0.0,0.0,5.0,0.0,0.0,0.0,0.0,2.0,2.0,0.0,0.0,0.0,0.0,0.0,0.0,2.0,4.0,2.0,4932140916.0,-1.0,陇南市宕昌县,陇南市宕昌县南阳镇,11.0,21.0,0.0,1.9,33.9,32.328,40.822613065326635,46.79183823529412
甘肃省,陇南市,宕昌县,官亭镇,104.5337184,33.8193045,4.0,0.0,0.0,0.0,7.0,0.0,0.0,3.0,0.0,0.0,0.0,0.0,0.0,0.0,0.0,0.0,0.0,0.0,0.0,0.0,6.0,0.0,0.0,0.0,0.0,1.0,3.0,0.0,0.0,0.0,0.0,0.0,0.0,4.0,5.0,6.0,3.0,0.0,0.0,0.0,7.0,0.0,0.0,3.0,0.0,0.0,0.0,0.0,0.0,0.0,0.0,0.0,0.0,0.0,0.0,0.0,4.0,0.0,0.0,0.0,0.0,1.0,3.0,0.0,0.0,0.0,0.0,0.0,0.0,3.0,5.0,4.0,6054578399.0,-1.0,陇南市宕昌县,陇南市宕昌县官亭镇,8.0,11.0,0.0,3.6,22.6,32.328,40.822613065326635,46.79183823529412
甘肃省,陇南市,宕昌县,沙湾镇,104.5559939,33.6258511,16.0,0.0,0.0,16.0,11.0,6.0,0.0,0.0,1.0,0.0,3.0,0.0,0.0,0.0,0.0,0.0,0.0,0.0,0.0,0.0,8.0,0.0,1.0,0.0,0.0,2.0,6.0,0.0,0.0,2.0,0.0,0.0,0.0,10.0,9.0,6.0,10.0,0.0,0.0,11.0,10.0,0.0,0.0,0.0,0.0,0.0,0.0,0.0,0.0,0.0,0.0,0.0,0.0,0.0,0.0,0.0,6.0,0.0,0.0,0.0,0.0,2.0,4.0,0.0,0.0,1.0,0.0,0.0,0.0,5.0,4.0,3.0,6054578404.0,-1.0,陇南市宕昌县,陇南市宕昌县沙湾镇,9.0,23.2,0.0,4.3,36.5,32.328,40.822613065326635,46.79183823529412
甘肃省,陇南市,宕昌县,阿坞镇,104.1432088,34.288476,3.0,0.0,0.0,0.0,46.0,1.0,0.0,0.0,0.0,0.0,0.0,2.0,0.0,0.0,1.0,3.0,0.0,0.0,0.0,0.0,13.0,0.0,0.0,0.0,0.0,4.0,9.0,0.0,0.0,0.0,0.0,0.0,0.0,8.0,7.0,7.0,3.0,0.0,0.0,0.0,13.0,0.0,0.0,0.0,0.0,0.0,0.0,1.0,0.0,0.0,0.0,1.0,0.0,0.0,0.0,0.0,4.0,0.0,0.0,0.0,0.0,1.0,3.0,0.0,0.0,0.0,0.0,0.0,0.0,4.0,5.0,5.0,1706632207.0,-1.0,陇南市宕昌县,陇南市宕昌县阿坞镇,11.0,21.6,5.0,4.7,42.300000000000004,32.328,40.822613065326635,46.79183823529412
甘肃省,陇南市,宕昌县,南河镇,104.2591304,34.0952518,5.0,4.0,0.0,1.0,32.0,1.0,0.0,0.0,0.0,0.0,0.0,0.0,0.0,0.0,1.0,1.0,0.0,0.0,0.0,0.0,4.0,0.0,0.0,0.0,0.0,2.0,2.0,0.0,0.0,0.0,0.0,0.0,0.0,3.0,8.0,2.0,1.0,2.0,0.0,1.0,24.0,1.0,0.0,0.0,0.0,0.0,0.0,0.0,0.0,0.0,1.0,1.0,0.0,0.0,0.0,0.0,1.0,0.0,0.0,0.0,0.0,1.0,2.0,0.0,0.0,0.0,0.0,0.0,0.0,3.0,8.0,2.0,6054578403.0,-1.0,陇南市宕昌县,陇南市宕昌县南河镇,9.0,23.6,5.0,1.4,39.0,32.328,40.822613065326635,46.79183823529412
甘肃省,陇南市,宕昌县,八力镇,104.369152,34.306126,0.0,0.0,9.0,1.0,9.0,0.0,0.0,0.0,0.0,0.0,0.0,0.0,0.0,0.0,0.0,0.0,0.0,0.0,0.0,0.0,8.0,0.0,0.0,0.0,0.0,2.0,0.0,0.0,0.0,0.0,0.0,0.0,0.0,5.0,4.0,4.0,0.0,0.0,3.0,0.0,3.0,0.0,0.0,0.0,0.0,0.0,0.0,0.0,0.0,0.0,0.0,0.0,0.0,0.0,0.0,0.0,3.0,0.0,0.0,0.0,0.0,1.0,0.0,0.0,0.0,0.0,0.0,0.0,0.0,1.0,2.0,2.0,1706632208.0,-1.0,陇南市宕昌县,陇南市宕昌县八力镇,9.0,10.7,0.0,2.0,21.7,32.328,40.822613065326635,46.79183823529412
甘肃省,陇南市,宕昌县,临江铺镇,104.5030133,33.9598926,8.0,0.0,8.0,0.0,8.0,0.0,0.0,0.0,1.0,0.0,0.0,0.0,0.0,0.0,1.0,1.0,0.0,0.0,0.0,0.0,9.0,0.0,0.0,0.0,0.0,2.0,3.0,0.0,0.0,1.0,0.0,0.0,0.0,4.0,7.0,4.0,6.0,0.0,3.0,0.0,1.0,0.0,0.0,0.0,0.0,0.0,0.0,0.0,0.0,0.0,1.0,1.0,0.0,0.0,0.0,0.0,4.0,0.0,0.0,0.0,0.0,2.0,2.0,0.0,0.0,1.0,0.0,0.0,0.0,3.0,5.0,3.0,6054578402.0,-1.0,陇南市宕昌县,陇南市宕昌县临江铺镇,9.0,12.4,5.0,2.7,29.099999999999998,32.328,40.822613065326635,46.79183823529412
甘肃省,陇南市,宕昌县,两河口镇,104.4870646,33.6933239,12.0,1.0,0.0,4.0,9.0,0.0,0.0,1.0,0.0,0.0,0.0,0.0,0.0,0.0,0.0,0.0,0.0,0.0,0.0,0.0,12.0,0.0,0.0,0.0,0.0,4.0,5.0,0.0,0.0,3.0,0.0,0.0,0.0,8.0,10.0,6.0,6.0,0.0,0.0,4.0,3.0,0.0,0.0,1.0,0.0,0.0,0.0,0.0,0.0,0.0,0.0,0.0,0.0,0.0,0.0,0.0,4.0,0.0,0.0,0.0,0.0,1.0,5.0,0.0,0.0,0.0,0.0,0.0,0.0,8.0,7.0,3.0,6054578401.0,-1.0,陇南市宕昌县,陇南市宕昌县两河口镇,11.0,15.7,0.0,4.3,31.0,32.328,40.822613065326635,46.79183823529412
甘肃省,陇南市,宕昌县,木耳乡,104.3473106,34.2575417,0.0,0.0,9.0,1.0,47.0,0.0,0.0,0.0,0.0,0.0,0.0,0.0,0.0,0.0,0.0,0.0,0.0,0.0,0.0,0.0,17.0,0.0,2.0,0.0,0.0,5.0,14.0,0.0,0.0,0.0,0.0,0.0,0.0,2.0,5.0,3.0,0.0,0.0,0.0,0.0,7.0,0.0,0.0,0.0,0.0,0.0,0.0,0.0,0.0,0.0,0.0,0.0,0.0,0.0,0.0,0.0,4.0,0.0,1.0,0.0,0.0,1.0,1.0,0.0,0.0,0.0,0.0,0.0,0.0,1.0,2.0,3.0,1706632246.0,-1.0,陇南市宕昌县,陇南市宕昌县木耳乡,12.0,20.0,0.0,3.0,35.0,32.328,40.822613065326635,46.79183823529412
甘肃省,陇南市,宕昌县,庞家乡,104.2829081,34.2880159,0.0,0.0,4.0,1.0,16.0,1.0,0.0,0.0,0.0,0.0,0.0,0.0,0.0,0.0,0.0,0.0,0.0,0.0,0.0,0.0,13.0,0.0,1.0,0.0,0.0,1.0,1.0,0.0,0.0,0.0,0.0,0.0,0.0,1.0,5.0,3.0,0.0,0.0,2.0,1.0,6.0,1.0,0.0,0.0,0.0,0.0,0.0,0.0,0.0,0.0,0.0,0.0,0.0,0.0,0.0,0.0,6.0,0.0,0.0,0.0,0.0,1.0,0.0,0.0,0.0,0.0,0.0,0.0,0.0,1.0,5.0,2.0,1706632249.0,-1.0,陇南市宕昌县,陇南市宕昌县庞家乡,8.0,13.5,0.0,1.6,23.1,32.328,40.822613065326635,46.79183823529412
甘肃省,陇南市,宕昌县,何家堡乡,104.3169728,34.0404149,5.0,0.0,3.0,0.0,25.0,11.0,0.0,0.0,0.0,0.0,1.0,0.0,0.0,0.0,0.0,0.0,0.0,0.0,0.0,0.0,17.0,0.0,2.0,0.0,0.0,5.0,8.0,0.0,0.0,0.0,0.0,1.0,0.0,3.0,9.0,9.0,1.0,0.0,0.0,0.0,12.0,4.0,0.0,0.0,0.0,0.0,0.0,0.0,0.0,0.0,0.0,0.0,0.0,0.0,0.0,0.0,7.0,0.0,1.0,0.0,0.0,1.0,6.0,0.0,0.0,0.0,0.0,0.0,0.0,3.0,7.0,4.0,4932141963.0,-1.0,陇南市宕昌县,陇南市宕昌县何家堡乡,12.0,19.6,0.0,5.4,37.0,32.328,40.822613065326635,46.79183823529412
甘肃省,陇南市,宕昌县,贾河乡,104.3687491,34.0936725,0.0,0.0,8.0,1.0,32.0,0.0,0.0,0.0,0.0,0.0,0.0,0.0,0.0,0.0,0.0,0.0,0.0,0.0,0.0,0.0,16.0,0.0,1.0,0.0,0.0,4.0,2.0,0.0,0.0,0.0,0.0,0.0,0.0,2.0,4.0,5.0,0.0,0.0,2.0,0.0,16.0,0.0,0.0,0.0,0.0,0.0,0.0,0.0,0.0,0.0,0.0,0.0,0.0,0.0,0.0,0.0,6.0,0.0,1.0,0.0,0.0,1.0,2.0,0.0,0.0,0.0,0.0,0.0,0.0,1.0,3.0,4.0,4932141981.0,-1.0,陇南市宕昌县,陇南市宕昌县贾河乡,11.0,19.2,0.0,2.9,33.1,32.328,40.822613065326635,46.79183823529412
甘肃省,陇南市,宕昌县,将台乡,104.40406,34.091933,0.0,0.0,1.0,4.0,18.0,0.0,0.0,0.0,0.0,0.0,0.0,0.0,0.0,0.0,0.0,0.0,0.0,0.0,0.0,0.0,10.0,0.0,0.0,0.0,0.0,5.0,0.0,0.0,0.0,0.0,0.0,0.0,0.0,3.0,4.0,4.0,0.0,0.0,1.0,4.0,5.0,0.0,0.0,0.0,0.0,0.0,0.0,0.0,0.0,0.0,0.0,0.0,0.0,0.0,0.0,0.0,6.0,0.0,0.0,0.0,0.0,1.0,0.0,0.0,0.0,0.0,0.0,0.0,0.0,2.0,4.0,2.0,4932142002.0,-1.0,陇南市宕昌县,陇南市宕昌县将台乡,12.0,16.1,0.0,2.0,30.1,32.328,40.822613065326635,46.79183823529412
甘肃省,陇南市,宕昌县,车拉乡,104.4801851,34.1036397,0.0,0.0,6.0,8.0,1.0,0.0,0.0,0.0,0.0,0.0,0.0,0.0,0.0,0.0,0.0,0.0,0.0,0.0,0.0,0.0,5.0,0.0,0.0,0.0,0.0,6.0,0.0,0.0,0.0,1.0,0.0,0.0,0.0,1.0,3.0,5.0,0.0,0.0,4.0,4.0,0.0,0.0,0.0,0.0,0.0,0.0,0.0,0.0,0.0,0.0,0.0,0.0,0.0,0.0,0.0,0.0,4.0,0.0,0.0,0.0,0.0,1.0,0.0,0.0,0.0,0.0,0.0,0.0,0.0,1.0,2.0,3.0,1707188730.0,11895006.0,陇南市宕昌县,陇南市宕昌县车拉乡,20.0,11.7,0.0,2.6,34.3,32.328,40.822613065326635,46.79183823529412
甘肃省,陇南市,宕昌县,新城子藏族乡,104.445068,34.011561,17.0,0.0,6.0,7.0,18.0,0.0,0.0,4.0,1.0,0.0,0.0,0.0,0.0,0.0,0.0,0.0,0.0,0.0,0.0,0.0,14.0,0.0,0.0,0.0,0.0,5.0,11.0,0.0,0.0,1.0,0.0,0.0,0.0,4.0,12.0,6.0,13.0,0.0,4.0,5.0,7.0,0.0,0.0,2.0,1.0,0.0,0.0,0.0,0.0,0.0,0.0,0.0,0.0,0.0,0.0,0.0,6.0,0.0,0.0,0.0,0.0,1.0,5.0,0.0,0.0,1.0,0.0,0.0,0.0,3.0,9.0,4.0,1707188764.0,-1.0,陇南市宕昌县,陇南市宕昌县新城子藏族乡,12.0,21.7,0.0,4.8,38.5,32.328,40.822613065326635,46.79183823529412
甘肃省,陇南市,宕昌县,好梯乡,104.7522998,33.9752179,0.0,0.0,6.0,1.0,0.0,0.0,0.0,0.0,0.0,0.0,0.0,0.0,0.0,0.0,0.0,0.0,0.0,0.0,0.0,0.0,6.0,0.0,0.0,0.0,0.0,5.0,1.0,0.0,0.0,0.0,0.0,0.0,0.0,3.0,2.0,1.0,0.0,0.0,3.0,1.0,0.0,0.0,0.0,0.0,0.0,0.0,0.0,0.0,0.0,0.0,0.0,0.0,0.0,0.0,0.0,0.0,4.0,0.0,0.0,0.0,0.0,1.0,1.0,0.0,0.0,0.0,0.0,0.0,0.0,1.0,2.0,1.0,4932140568.0,-1.0,陇南市宕昌县,陇南市宕昌县好梯乡,12.0,7.0,0.0,0.7,19.7,32.328,40.822613065326635,46.79183823529412
甘肃省,陇南市,宕昌县,韩院乡,104.6802191,33.9582909,0.0,0.0,10.0,3.0,8.0,0.0,0.0,0.0,0.0,0.0,0.0,0.0,0.0,0.0,0.0,0.0,0.0,0.0,0.0,0.0,17.0,0.0,0.0,0.0,0.0,5.0,0.0,0.0,0.0,0.0,0.0,0.0,0.0,2.0,4.0,4.0,0.0,0.0,9.0,1.0,2.0,0.0,0.0,0.0,0.0,0.0,0.0,0.0,0.0,0.0,0.0,0.0,0.0,0.0,0.0,0.0,4.0,0.0,0.0,0.0,0.0,2.0,0.0,0.0,0.0,0.0,0.0,0.0,0.0,2.0,3.0,2.0,4932140579.0,-1.0,陇南市宕昌县,陇南市宕昌县韩院乡,12.0,12.2,0.0,2.0,26.2,32.328,40.822613065326635,46.79183823529412
甘肃省,陇南市,宕昌县,竹院乡,104.6946787,33.8847297,0.0,0.0,0.0,4.0,10.0,0.0,0.0,0.0,0.0,0.0,0.0,0.0,0.0,0.0,0.0,0.0,0.0,0.0,0.0,0.0,1.0,0.0,0.0,0.0,0.0,6.0,0.0,0.0,0.0,0.0,0.0,0.0,0.0,2.0,3.0,2.0,0.0,0.0,0.0,4.0,0.0,0.0,0.0,0.0,0.0,0.0,0.0,0.0,0.0,0.0,0.0,0.0,0.0,0.0,0.0,0.0,1.0,0.0,0.0,0.0,0.0,1.0,0.0,0.0,0.0,0.0,0.0,0.0,0.0,2.0,1.0,2.0,4932140863.0,-1.0,陇南市宕昌县,陇南市宕昌县竹院乡,12.0,7.5,0.0,1.0,20.5,32.328,40.822613065326635,46.79183823529412
甘肃省,陇南市,宕昌县,兴化乡,104.5837027,34.0809926,0.0,0.0,6.0,1.0,11.0,0.0,0.0,0.0,0.0,0.0,0.0,0.0,0.0,0.0,0.0,0.0,0.0,0.0,0.0,0.0,9.0,0.0,0.0,0.0,0.0,6.0,1.0,0.0,0.0,0.0,0.0,0.0,0.0,1.0,5.0,6.0,0.0,0.0,4.0,1.0,2.0,0.0,0.0,0.0,0.0,0.0,0.0,0.0,0.0,0.0,0.0,0.0,0.0,0.0,0.0,0.0,7.0,0.0,0.0,0.0,0.0,1.0,0.0,0.0,0.0,0.0,0.0,0.0,0.0,1.0,3.0,3.0,1706632265.0,11895007.0,陇南市宕昌县,陇南市宕昌县兴化乡,20.0,11.3,0.0,3.1,34.4,32.328,40.822613065326635,46.79183823529412
甘肃省,陇南市,宕昌县,甘江头乡,104.5242394,33.9303084,7.0,0.0,2.0,0.0,4.0,0.0,0.0,0.0,0.0,0.0,0.0,0.0,0.0,0.0,0.0,0.0,0.0,0.0,0.0,0.0,8.0,0.0,0.0,0.0,0.0,1.0,0.0,0.0,0.0,1.0,0.0,0.0,0.0,4.0,8.0,2.0,3.0,0.0,0.0,0.0,2.0,0.0,0.0,0.0,0.0,0.0,0.0,0.0,0.0,0.0,0.0,0.0,0.0,0.0,0.0,0.0,6.0,0.0,0.0,0.0,0.0,1.0,0.0,0.0,0.0,1.0,0.0,0.0,0.0,3.0,4.0,2.0,6054578398.0,-1.0,陇南市宕昌县,陇南市宕昌县甘江头乡,8.0,10.4,0.0,1.2,19.599999999999998,32.328,40.822613065326635,46.79183823529412
甘肃省,陇南市,宕昌县,新寨乡,104.6788834,33.6452297,0.0,0.0,2.0,0.0,3.0,0.0,0.0,0.0,0.0,0.0,0.0,0.0,0.0,0.0,0.0,0.0,0.0,0.0,0.0,0.0,9.0,0.0,0.0,0.0,0.0,4.0,0.0,0.0,0.0,0.0,0.0,0.0,0.0,4.0,2.0,2.0,0.0,0.0,2.0,0.0,3.0,0.0,0.0,0.0,0.0,0.0,0.0,0.0,0.0,0.0,0.0,0.0,0.0,0.0,0.0,0.0,5.0,0.0,0.0,0.0,0.0,1.0,0.0,0.0,0.0,0.0,0.0,0.0,0.0,2.0,2.0,2.0,4931025525.0,-1.0,陇南市宕昌县,陇南市宕昌县新寨乡,11.0,7.5,0.0,1.0,19.5,32.328,40.822613065326635,46.79183823529412
甘肃省,陇南市,宕昌县,狮子乡,104.6704924,33.7439688,0.0,0.0,1.0,3.0,5.0,0.0,0.0,0.0,0.0,0.0,0.0,0.0,0.0,0.0,0.0,0.0,0.0,0.0,0.0,0.0,3.0,0.0,0.0,0.0,0.0,1.0,0.0,0.0,0.0,0.0,0.0,0.0,0.0,1.0,4.0,3.0,0.0,0.0,1.0,2.0,4.0,0.0,0.0,0.0,0.0,0.0,0.0,0.0,0.0,0.0,0.0,0.0,0.0,0.0,0.0,0.0,3.0,0.0,0.0,0.0,0.0,1.0,0.0,0.0,0.0,0.0,0.0,0.0,0.0,1.0,4.0,3.0,4931026062.0,-1.0,陇南市宕昌县,陇南市宕昌县狮子乡,8.0,12.2,0.0,1.5,21.7,32.328,40.822613065326635,46.79183823529412
甘肃省,陇南市,康县,城关镇,105.5946636,33.3301518,6.0,0.0,15.0,22.0,44.0,10.0,0.0,14.0,1.0,0.0,1.0,0.0,0.0,0.0,3.0,3.0,0.0,0.0,0.0,0.0,12.0,0.0,1.0,0.0,0.0,5.0,32.0,0.0,0.0,1.0,0.0,3.0,2.0,2.0,10.0,9.0,1.0,0.0,5.0,10.0,17.0,7.0,0.0,13.0,0.0,0.0,1.0,0.0,0.0,0.0,1.0,1.0,0.0,0.0,0.0,0.0,4.0,0.0,0.0,0.0,0.0,2.0,7.0,0.0,0.0,1.0,0.0,1.0,1.0,2.0,8.0,5.0,8120560885.0,-1.0,陇南市康县,陇南市康县城关镇,12.0,28.0,5.0,8.100000000000001,53.1,40.50476190476191,40.822613065326635,46.79183823529412
甘肃省,陇南市,康县,平洛镇,105.4146577,33.5476435,0.0,8.0,1.0,6.0,32.0,5.0,0.0,0.0,0.0,0.0,0.0,0.0,0.0,0.0,3.0,3.0,0.0,0.0,0.0,0.0,12.0,0.0,0.0,0.0,0.0,6.0,16.0,0.0,0.0,0.0,0.0,0.0,0.0,2.0,11.0,6.0,0.0,1.0,0.0,5.0,15.0,3.0,0.0,0.0,0.0,0.0,0.0,0.0,0.0,0.0,3.0,3.0,0.0,0.0,0.0,0.0,5.0,0.0,0.0,0.0,0.0,3.0,9.0,0.0,0.0,0.0,0.0,0.0,0.0,2.0,6.0,3.0,2325114075.0,-1.0,陇南市康县,陇南市康县平洛镇,12.0,24.0,5.0,5.5,46.5,40.50476190476191,40.822613065326635,46.79183823529412
甘肃省,陇南市,康县,大堡镇,105.576536,33.470598,15.0,0.0,3.0,7.0,66.0,1.0,0.0,0.0,0.0,0.0,0.0,0.0,0.0,0.0,1.0,1.0,0.0,0.0,0.0,0.0,21.0,0.0,0.0,0.0,0.0,7.0,6.0,0.0,0.0,0.0,0.0,0.0,0.0,2.0,6.0,7.0,7.0,0.0,3.0,6.0,25.0,0.0,0.0,0.0,0.0,0.0,0.0,0.0,0.0,0.0,1.0,1.0,0.0,0.0,0.0,0.0,9.0,0.0,0.0,0.0,0.0,1.0,6.0,0.0,0.0,0.0,0.0,0.0,0.0,2.0,5.0,4.0,2325113810.0,-1.0,陇南市康县,陇南市康县大堡镇,12.0,23.0,5.0,4.7,44.7,40.50476190476191,40.822613065326635,46.79183823529412
甘肃省,陇南市,康县,岸门口镇,105.6268266,33.2739356,0.0,0.0,4.0,4.0,8.0,0.0,0.0,0.0,0.0,0.0,0.0,0.0,0.0,0.0,0.0,0.0,0.0,0.0,0.0,0.0,6.0,0.0,0.0,0.0,0.0,5.0,0.0,0.0,0.0,0.0,0.0,0.0,0.0,1.0,4.0,4.0,0.0,0.0,2.0,3.0,4.0,0.0,0.0,0.0,0.0,0.0,0.0,0.0,0.0,0.0,0.0,0.0,0.0,0.0,0.0,0.0,6.0,0.0,0.0,0.0,0.0,1.0,0.0,0.0,0.0,0.0,0.0,0.0,0.0,1.0,3.0,3.0,2325113774.0,-1.0,陇南市康县,陇南市康县岸门口镇,12.0,13.8,0.0,2.0,27.8,40.50476190476191,40.822613065326635,46.79183823529412
甘肃省,陇南市,康县,两河镇,105.919466,33.121676,0.0,0.0,7.0,5.0,11.0,0.0,0.0,0.0,0.0,0.0,0.0,0.0,0.0,0.0,0.0,0.0,0.0,0.0,0.0,0.0,7.0,0.0,0.0,0.0,0.0,5.0,0.0,0.0,0.0,0.0,0.0,0.0,0.0,10.0,4.0,4.0,0.0,0.0,5.0,3.0,5.0,0.0,0.0,0.0,0.0,0.0,0.0,0.0,0.0,0.0,0.0,0.0,0.0,0.0,0.0,0.0,4.0,0.0,0.0,0.0,0.0,1.0,0.0,0.0,0.0,0.0,0.0,0.0,0.0,10.0,3.0,3.0,2325113992.0,11894609.0,陇南市康县,陇南市康县两河镇,20.0,15.7,0.0,2.0,37.7,40.50476190476191,40.822613065326635,46.79183823529412
甘肃省,陇南市,康县,长坝镇,105.434576,33.428432,4.0,0.0,0.0,14.0,61.0,11.0,0.0,2.0,0.0,2.0,1.0,0.0,0.0,0.0,3.0,3.0,0.0,0.0,0.0,0.0,12.0,0.0,0.0,0.0,0.0,7.0,36.0,0.0,0.0,0.0,0.0,1.0,2.0,1.0,11.0,8.0,1.0,0.0,0.0,7.0,16.0,4.0,0.0,1.0,0.0,2.0,0.0,0.0,0.0,0.0,3.0,3.0,0.0,0.0,0.0,0.0,2.0,0.0,0.0,0.0,0.0,1.0,6.0,0.0,0.0,0.0,0.0,1.0,0.0,1.0,10.0,5.0,2325113796.0,-1.0,陇南市康县,陇南市康县长坝镇,12.0,28.0,5.0,8.2,53.2,40.50476190476191,40.822613065326635,46.79183823529412
甘肃省,陇南市,康县,云台镇,105.6660056,33.441992,0.0,0.0,8.0,3.0,45.0,2.0,0.0,0.0,0.0,0.0,0.0,0.0,0.0,0.0,1.0,1.0,0.0,0.0,0.0,0.0,10.0,0.0,0.0,0.0,0.0,7.0,71.0,0.0,0.0,1.0,0.0,0.0,0.0,2.0,6.0,6.0,0.0,0.0,3.0,2.0,12.0,0.0,0.0,0.0,0.0,0.0,0.0,0.0,0.0,0.0,1.0,1.0,0.0,0.0,0.0,0.0,2.0,0.0,0.0,0.0,0.0,2.0,27.0,0.0,0.0,1.0,0.0,0.0,0.0,2.0,5.0,4.0,2325114301.0,-1.0,陇南市康县,陇南市康县云台镇,12.0,23.0,5.0,13.0,53.0,40.50476190476191,40.822613065326635,46.79183823529412
甘肃省,陇南市,康县,阳坝镇,105.759904,33.0085926,0.0,0.0,1.0,9.0,23.0,4.0,0.0,0.0,0.0,0.0,1.0,0.0,0.0,0.0,1.0,1.0,0.0,0.0,0.0,0.0,2.0,0.0,0.0,0.0,0.0,8.0,66.0,0.0,0.0,1.0,0.0,2.0,0.0,1.0,5.0,6.0,0.0,0.0,1.0,7.0,11.0,1.0,0.0,0.0,0.0,0.0,0.0,0.0,0.0,0.0,1.0,1.0,0.0,0.0,0.0,0.0,2.0,0.0,0.0,0.0,0.0,2.0,37.0,0.0,0.0,0.0,0.0,2.0,0.0,1.0,5.0,5.0,2325114208.0,11894610.0,陇南市康县,陇南市康县阳坝镇,20.0,22.4,5.0,13.4,60.8,40.50476190476191,40.822613065326635,46.79183823529412
甘肃省,陇南市,康县,王坝镇,105.6944319,33.3419718,6.0,0.0,0.0,1.0,40.0,1.0,0.0,0.0,0.0,0.0,1.0,0.0,0.0,0.0,1.0,1.0,0.0,0.0,0.0,0.0,21.0,0.0,3.0,0.0,1.0,5.0,32.0,0.0,0.0,0.0,0.0,0.0,0.0,1.0,6.0,9.0,1.0,0.0,0.0,0.0,12.0,0.0,0.0,0.0,0.0,0.0,1.0,0.0,0.0,0.0,0.0,0.0,0.0,0.0,0.0,0.0,9.0,0.0,2.0,0.0,1.0,2.0,14.0,0.0,0.0,0.0,0.0,0.0,0.0,1.0,4.0,6.0,2325114145.0,-1.0,陇南市康县,陇南市康县王坝镇,12.0,22.6,0.0,8.600000000000001,43.2,40.50476190476191,40.822613065326635,46.79183823529412
甘肃省,陇南市,康县,碾坝镇,105.4697238,33.305154,0.0,0.0,4.0,5.0,9.0,0.0,0.0,0.0,0.0,0.0,0.0,0.0,0.0,0.0,1.0,1.0,0.0,0.0,0.0,0.0,3.0,0.0,0.0,0.0,0.0,5.0,0.0,0.0,0.0,0.0,0.0,0.0,0.0,1.0,4.0,6.0,0.0,0.0,4.0,3.0,7.0,0.0,0.0,0.0,0.0,0.0,0.0,0.0,0.0,0.0,1.0,1.0,0.0,0.0,0.0,0.0,2.0,0.0,0.0,0.0,0.0,1.0,0.0,0.0,0.0,0.0,0.0,0.0,0.0,1.0,4.0,4.0,2325114066.0,-1.0,陇南市康县,陇南市康县碾坝镇,12.0,15.9,5.0,3.0,35.9,40.50476190476191,40.822613065326635,46.79183823529412
甘肃省,陇南市,康县,豆坝镇,105.467252,33.2563813,0.0,0.0,4.0,1.0,7.0,0.0,0.0,0.0,0.0,0.0,0.0,0.0,0.0,0.0,1.0,1.0,0.0,0.0,0.0,0.0,3.0,0.0,0.0,0.0,0.0,3.0,2.0,0.0,0.0,0.0,0.0,0.0,0.0,1.0,3.0,4.0,0.0,0.0,4.0,1.0,1.0,0.0,0.0,0.0,0.0,0.0,0.0,0.0,0.0,0.0,1.0,1.0,0.0,0.0,0.0,0.0,1.0,0.0,0.0,0.0,0.0,1.0,2.0,0.0,0.0,0.0,0.0,0.0,0.0,1.0,3.0,3.0,2325113838.0,-1.0,陇南市康县,陇南市康县豆坝镇,10.0,9.2,5.0,2.4,26.599999999999998,40.50476190476191,40.822613065326635,46.79183823529412
甘肃省,陇南市,康县,望关镇,105.3697458,33.4576006,6.0,1.0,6.0,3.0,34.0,0.0,0.0,1.0,1.0,0.0,1.0,0.0,0.0,0.0,1.0,1.0,0.0,0.0,0.0,0.0,15.0,0.0,0.0,0.0,0.0,6.0,10.0,0.0,0.0,1.0,0.0,0.0,0.0,5.0,13.0,6.0,4.0,1.0,0.0,0.0,15.0,0.0,0.0,0.0,0.0,0.0,1.0,0.0,0.0,0.0,1.0,1.0,0.0,0.0,0.0,0.0,6.0,0.0,0.0,0.0,0.0,2.0,8.0,0.0,0.0,1.0,0.0,0.0,0.0,2.0,9.0,6.0,2325114146.0,-1.0,陇南市康县,陇南市康县望关镇,12.0,27.3,5.0,5.0,49.3,40.50476190476191,40.822613065326635,46.79183823529412
甘肃省,陇南市,康县,大南峪镇,105.7597009,33.4315106,0.0,0.0,9.0,6.0,38.0,22.0,0.0,2.0,0.0,0.0,0.0,0.0,0.0,0.0,1.0,1.0,0.0,0.0,0.0,0.0,14.0,0.0,0.0,0.0,0.0,6.0,13.0,0.0,0.0,3.0,0.0,0.0,0.0,2.0,7.0,6.0,0.0,0.0,5.0,5.0,15.0,0.0,0.0,2.0,0.0,0.0,0.0,0.0,0.0,0.0,1.0,1.0,0.0,0.0,0.0,0.0,4.0,0.0,0.0,0.0,0.0,1.0,5.0,0.0,0.0,1.0,0.0,0.0,0.0,2.0,6.0,5.0,2325113816.0,-1.0,陇南市康县,陇南市康县大南峪镇,12.0,23.5,5.0,5.2,45.7,40.50476190476191,40.822613065326635,46.79183823529412
甘肃省,陇南市,康县,周家坝镇,105.5247702,33.5752894,5.0,4.0,0.0,16.0,72.0,7.0,0.0,0.0,0.0,0.0,0.0,0.0,0.0,0.0,0.0,0.0,0.0,0.0,0.0,0.0,21.0,0.0,0.0,0.0,0.0,5.0,36.0,0.0,0.0,0.0,0.0,1.0,0.0,4.0,8.0,9.0,0.0,1.0,0.0,5.0,4.0,0.0,0.0,0.0,0.0,0.0,0.0,0.0,0.0,0.0,0.0,0.0,0.0,0.0,0.0,0.0,8.0,0.0,0.0,0.0,0.0,1.0,4.0,0.0,0.0,0.0,0.0,1.0,0.0,1.0,3.0,5.0,4754952189.0,-1.0,陇南市康县,陇南市康县周家坝镇,12.0,24.0,0.0,8.0,44.0,40.50476190476191,40.822613065326635,46.79183823529412
甘肃省,陇南市,康县,寺台镇,105.6112118,33.486099,10.0,0.0,0.0,2.0,95.0,3.0,0.0,0.0,0.0,0.0,0.0,0.0,0.0,0.0,0.0,0.0,0.0,0.0,0.0,0.0,11.0,0.0,0.0,0.0,0.0,7.0,48.0,0.0,0.0,2.0,0.0,0.0,0.0,2.0,8.0,9.0,4.0,0.0,0.0,2.0,9.0,0.0,0.0,0.0,0.0,0.0,0.0,0.0,0.0,0.0,0.0,0.0,0.0,0.0,0.0,0.0,3.0,0.0,0.0,0.0,0.0,2.0,1.0,0.0,0.0,0.0,0.0,0.0,0.0,2.0,5.0,4.0,2325114122.0,-1.0,陇南市康县,陇南市康县寺台镇,12.0,24.0,0.0,9.100000000000001,45.1,40.50476190476191,40.822613065326635,46.79183823529412
甘肃省,陇南市,康县,白杨镇,105.7862058,33.1687015,0.0,0.0,4.0,0.0,33.0,0.0,0.0,1.0,0.0,0.0,0.0,0.0,0.0,0.0,0.0,0.0,0.0,0.0,0.0,0.0,1.0,0.0,0.0,0.0,0.0,5.0,5.0,0.0,0.0,0.0,0.0,0.0,0.0,1.0,5.0,4.0,0.0,0.0,1.0,0.0,4.0,0.0,0.0,0.0,0.0,0.0,0.0,0.0,0.0,0.0,0.0,0.0,0.0,0.0,0.0,0.0,1.0,0.0,0.0,0.0,0.0,1.0,0.0,0.0,0.0,0.0,0.0,0.0,0.0,1.0,3.0,3.0,2325113785.0,-1.0,陇南市康县,陇南市康县白杨镇,12.0,15.3,0.0,2.5,29.8,40.50476190476191,40.822613065326635,46.79183823529412
甘肃省,陇南市,康县,铜钱镇,105.7656492,33.0689145,0.0,0.0,4.0,11.0,20.0,2.0,0.0,3.0,0.0,0.0,0.0,0.0,0.0,0.0,0.0,0.0,0.0,0.0,0.0,0.0,4.0,0.0,0.0,0.0,0.0,6.0,13.0,0.0,0.0,0.0,0.0,0.0,0.0,2.0,7.0,5.0,0.0,0.0,3.0,3.0,8.0,1.0,0.0,3.0,0.0,0.0,0.0,0.0,0.0,0.0,0.0,0.0,0.0,0.0,0.0,0.0,4.0,0.0,0.0,0.0,0.0,1.0,0.0,0.0,0.0,0.0,0.0,0.0,0.0,1.0,6.0,3.0,2325114137.0,11894608.0,陇南市康县,陇南市康县铜钱镇,20.0,19.9,0.0,3.8,43.699999999999996,40.50476190476191,40.822613065326635,46.79183823529412
甘肃省,陇南市,康县,三河坝镇,105.6835722,33.1409953,0.0,0.0,0.0,3.0,24.0,3.0,0.0,0.0,0.0,0.0,0.0,0.0,0.0,0.0,0.0,0.0,0.0,0.0,0.0,0.0,6.0,0.0,1.0,0.0,0.0,5.0,2.0,0.0,0.0,0.0,0.0,0.0,0.0,1.0,5.0,5.0,0.0,0.0,0.0,3.0,9.0,0.0,0.0,0.0,0.0,0.0,0.0,0.0,0.0,0.0,0.0,0.0,0.0,0.0,0.0,0.0,4.0,0.0,0.0,0.0,0.0,1.0,2.0,0.0,0.0,0.0,0.0,0.0,0.0,1.0,4.0,3.0,2325114090.0,-1.0,陇南市康县,陇南市康县三河坝镇,12.0,13.0,0.0,2.9,27.9,40.50476190476191,40.822613065326635,46.79183823529412
甘肃省,陇南市,康县,迷坝乡,105.7825964,33.5412664,0.0,0.0,0.0,7.0,4.0,0.0,0.0,0.0,0.0,0.0,0.0,0.0,0.0,0.0,0.0,0.0,0.0,0.0,0.0,0.0,1.0,0.0,0.0,0.0,0.0,4.0,4.0,0.0,0.0,1.0,0.0,0.0,0.0,1.0,3.0,5.0,0.0,0.0,0.0,3.0,1.0,0.0,0.0,0.0,0.0,0.0,0.0,0.0,0.0,0.0,0.0,0.0,0.0,0.0,0.0,0.0,1.0,0.0,0.0,0.0,0.0,1.0,0.0,0.0,0.0,1.0,0.0,0.0,0.0,1.0,2.0,4.0,2325114060.0,-1.0,陇南市康县,陇南市康县迷坝乡,11.0,7.6,0.0,3.1,21.700000000000003,40.50476190476191,40.822613065326635,46.79183823529412
甘肃省,陇南市,康县,店子乡,105.5005374,33.217686,0.0,0.0,0.0,7.0,15.0,0.0,0.0,0.0,0.0,0.0,0.0,0.0,0.0,0.0,0.0,0.0,0.0,0.0,0.0,0.0,6.0,0.0,0.0,0.0,0.0,4.0,0.0,0.0,0.0,0.0,0.0,0.0,0.0,1.0,3.0,5.0,0.0,0.0,0.0,1.0,4.0,0.0,0.0,0.0,0.0,0.0,0.0,0.0,0.0,0.0,0.0,0.0,0.0,0.0,0.0,0.0,3.0,0.0,0.0,0.0,0.0,1.0,0.0,0.0,0.0,0.0,0.0,0.0,0.0,1.0,3.0,4.0,2325113830.0,-1.0,陇南市康县,陇南市康县店子乡,11.0,10.7,0.0,2.5,24.2,40.50476190476191,40.822613065326635,46.79183823529412
甘肃省,陇南市,康县,太石乡,105.4562394,33.617798,0.0,0.0,0.0,8.0,36.0,0.0,0.0,0.0,0.0,0.0,0.0,0.0,0.0,0.0,2.0,2.0,0.0,0.0,0.0,0.0,9.0,0.0,0.0,0.0,0.0,4.0,12.0,0.0,0.0,0.0,0.0,0.0,0.0,5.0,5.0,6.0,0.0,0.0,0.0,3.0,5.0,0.0,0.0,0.0,0.0,0.0,0.0,0.0,0.0,0.0,2.0,2.0,0.0,0.0,0.0,0.0,3.0,0.0,0.0,0.0,0.0,1.0,3.0,0.0,0.0,0.0,0.0,0.0,0.0,5.0,3.0,4.0,2325114128.0,-1.0,陇南市康县,陇南市康县太石乡,11.0,16.2,5.0,4.5,36.7,40.50476190476191,40.822613065326635,46.79183823529412
甘肃省,陇南市,西和县,汉源镇,105.2960799,34.0162954,7.0,1.0,30.0,35.0,211.0,100.0,1.0,8.0,6.0,1.0,2.0,1.0,4.0,6.0,11.0,15.0,1.0,1.0,10.0,58.0,33.0,0.0,1.0,0.0,0.0,10.0,189.0,0.0,0.0,9.0,0.0,4.0,10.0,5.0,15.0,10.0,3.0,0.0,14.0,17.0,23.0,44.0,1.0,7.0,2.0,1.0,0.0,1.0,1.0,3.0,1.0,2.0,1.0,1.0,10.0,38.0,5.0,0.0,0.0,0.0,0.0,3.0,55.0,0.0,0.0,3.0,0.0,2.0,6.0,3.0,11.0,7.0,8120673499.0,-1.0,陇南市西和县,陇南市西和县汉源镇,12.0,30.0,30.0,20.0,92.0,41.480000000000004,40.822613065326635,46.79183823529412
甘肃省,陇南市,西和县,长道镇,105.3331269,34.2073697,7.0,0.0,0.0,15.0,117.0,13.0,0.0,0.0,0.0,0.0,0.0,0.0,0.0,0.0,6.0,6.0,0.0,0.0,0.0,0.0,22.0,0.0,2.0,0.0,0.0,7.0,30.0,0.0,0.0,2.0,0.0,0.0,0.0,9.0,11.0,8.0,1.0,0.0,0.0,12.0,25.0,10.0,0.0,0.0,0.0,0.0,0.0,0.0,0.0,0.0,4.0,4.0,0.0,0.0,0.0,0.0,5.0,0.0,0.0,0.0,0.0,2.0,8.0,0.0,0.0,0.0,0.0,0.0,0.0,7.0,7.0,4.0,3724102185.0,-1.0,陇南市西和县,陇南市西和县长道镇,12.0,24.0,5.0,8.0,49.0,41.480000000000004,40.822613065326635,46.79183823529412
甘肃省,陇南市,西和县,何坝镇,105.225374,33.9363567,0.0,0.0,3.0,2.0,107.0,7.0,0.0,0.0,0.0,0.0,0.0,0.0,0.0,0.0,4.0,4.0,0.0,0.0,0.0,0.0,29.0,0.0,3.0,0.0,0.0,4.0,10.0,0.0,0.0,3.0,0.0,2.0,0.0,2.0,6.0,13.0,0.0,0.0,3.0,0.0,29.0,7.0,0.0,0.0,0.0,0.0,0.0,0.0,0.0,0.0,0.0,0.0,0.0,0.0,0.0,0.0,9.0,0.0,1.0,0.0,0.0,2.0,3.0,0.0,0.0,0.0,0.0,1.0,0.0,2.0,4.0,10.0,3824138476.0,-1.0,陇南市西和县,陇南市西和县何坝镇,11.0,23.0,0.0,5.6,39.6,41.480000000000004,40.822613065326635,46.79183823529412
甘肃省,陇南市,西和县,姜席镇,105.2023666,33.9982305,0.0,0.0,5.0,5.0,109.0,11.0,0.0,0.0,0.0,0.0,0.0,0.0,0.0,0.0,4.0,4.0,0.0,1.0,0.0,1.0,26.0,0.0,0.0,0.0,0.0,2.0,8.0,0.0,0.0,4.0,0.0,0.0,0.0,1.0,6.0,6.0,0.0,0.0,3.0,2.0,41.0,4.0,0.0,0.0,0.0,0.0,0.0,0.0,0.0,0.0,1.0,1.0,0.0,1.0,0.0,1.0,4.0,0.0,0.0,0.0,0.0,1.0,3.0,0.0,0.0,2.0,0.0,0.0,0.0,1.0,6.0,5.0,3824129867.0,-1.0,陇南市西和县,陇南市西和县姜席镇,9.0,23.0,8.0,4.7,44.7,41.480000000000004,40.822613065326635,46.79183823529412
甘肃省,陇南市,西和县,石峡镇,105.3858475,33.7829397,7.0,0.0,4.0,6.0,29.0,6.0,0.0,2.0,0.0,0.0,2.0,0.0,0.0,0.0,0.0,0.0,0.0,0.0,0.0,0.0,6.0,0.0,1.0,0.0,0.0,2.0,9.0,0.0,0.0,0.0,0.0,0.0,0.0,3.0,12.0,6.0,3.0,0.0,0.0,2.0,20.0,0.0,0.0,0.0,0.0,0.0,0.0,0.0,0.0,0.0,0.0,0.0,0.0,0.0,0.0,0.0,2.0,0.0,0.0,0.0,0.0,1.0,0.0,0.0,0.0,0.0,0.0,0.0,0.0,3.0,5.0,3.0,3824125880.0,-1.0,陇南市西和县,陇南市西和县石峡镇,9.0,26.0,0.0,3.9,38.9,41.480000000000004,40.822613065326635,46.79183823529412
甘肃省,陇南市,西和县,洛峪镇,105.2323873,33.8406593,0.0,0.0,5.0,3.0,22.0,0.0,0.0,0.0,0.0,0.0,1.0,0.0,0.0,0.0,2.0,2.0,0.0,0.0,0.0,0.0,13.0,0.0,0.0,0.0,0.0,3.0,0.0,0.0,0.0,0.0,0.0,0.0,0.0,2.0,5.0,5.0,0.0,0.0,3.0,1.0,9.0,0.0,0.0,0.0,0.0,0.0,0.0,0.0,0.0,0.0,1.0,1.0,0.0,0.0,0.0,0.0,6.0,0.0,0.0,0.0,0.0,2.0,0.0,0.0,0.0,0.0,0.0,0.0,0.0,1.0,5.0,4.0,3824142169.0,-1.0,陇南市西和县,陇南市西和县洛峪镇,10.0,19.6,5.0,2.5,37.1,41.480000000000004,40.822613065326635,46.79183823529412
甘肃省,陇南市,西和县,西峪镇,105.3091341,34.0525213,10.0,3.0,10.0,12.0,212.0,39.0,0.0,1.0,0.0,0.0,1.0,0.0,1.0,1.0,10.0,12.0,0.0,0.0,0.0,6.0,20.0,0.0,7.0,0.0,0.0,10.0,109.0,0.0,0.0,4.0,0.0,3.0,2.0,4.0,15.0,13.0,3.0,0.0,2.0,5.0,53.0,15.0,0.0,0.0,0.0,0.0,0.0,0.0,0.0,0.0,1.0,1.0,0.0,0.0,0.0,0.0,4.0,0.0,3.0,0.0,0.0,3.0,17.0,0.0,0.0,1.0,0.0,1.0,0.0,4.0,10.0,8.0,6057726322.0,-1.0,陇南市西和县,陇南市西和县西峪镇,12.0,26.0,5.0,17.1,60.1,41.480000000000004,40.822613065326635,46.79183823529412
甘肃省,陇南市,西和县,马元镇,105.522781,34.053971,0.0,0.0,3.0,9.0,28.0,0.0,0.0,0.0,0.0,0.0,0.0,0.0,0.0,0.0,0.0,0.0,0.0,0.0,0.0,0.0,17.0,0.0,0.0,0.0,0.0,3.0,1.0,0.0,0.0,1.0,0.0,0.0,0.0,1.0,4.0,7.0,0.0,0.0,1.0,8.0,7.0,0.0,0.0,0.0,0.0,0.0,0.0,0.0,0.0,0.0,0.0,0.0,0.0,0.0,0.0,0.0,4.0,0.0,0.0,0.0,0.0,1.0,0.0,0.0,0.0,0.0,0.0,0.0,0.0,1.0,4.0,5.0,4284485607.0,-1.0,陇南市西和县,陇南市西和县马元镇,10.0,19.700000000000003,0.0,3.7,33.400000000000006,41.480000000000004,40.822613065326635,46.79183823529412
甘肃省,陇南市,西和县,大桥镇,105.2796767,33.744336,0.0,0.0,10.0,9.0,6.0,3.0,0.0,0.0,0.0,0.0,0.0,0.0,0.0,0.0,0.0,0.0,0.0,0.0,0.0,0.0,19.0,0.0,2.0,0.0,0.0,4.0,1.0,0.0,0.0,1.0,0.0,1.0,0.0,2.0,5.0,10.0,0.0,0.0,4.0,7.0,4.0,3.0,0.0,0.0,0.0,0.0,0.0,0.0,0.0,0.0,0.0,0.0,0.0,0.0,0.0,0.0,7.0,0.0,0.0,0.0,0.0,1.0,0.0,0.0,0.0,1.0,0.0,1.0,0.0,2.0,5.0,5.0,6057726314.0,-1.0,陇南市西和县,陇南市西和县大桥镇,11.0,14.9,0.0,4.3,30.2,41.480000000000004,40.822613065326635,46.79183823529412
甘肃省,陇南市,西和县,十里镇,105.29662,33.9583079,5.0,0.0,12.0,15.0,112.0,8.0,0.0,0.0,0.0,0.0,1.0,0.0,0.0,0.0,5.0,5.0,0.0,0.0,0.0,1.0,21.0,0.0,1.0,0.0,0.0,6.0,16.0,0.0,0.0,4.0,0.0,1.0,0.0,4.0,12.0,10.0,3.0,0.0,1.0,3.0,12.0,4.0,0.0,0.0,0.0,0.0,1.0,0.0,0.0,0.0,1.0,1.0,0.0,0.0,0.0,1.0,5.0,0.0,0.0,0.0,0.0,3.0,4.0,0.0,0.0,0.0,0.0,1.0,0.0,4.0,11.0,4.0,4753241623.0,-1.0,陇南市西和县,陇南市西和县十里镇,12.0,26.0,6.0,6.4,50.4,41.480000000000004,40.822613065326635,46.79183823529412
甘肃省,陇南市,西和县,石堡镇,105.3141001,34.107937,9.0,0.0,0.0,7.0,82.0,3.0,0.0,3.0,0.0,0.0,2.0,0.0,0.0,0.0,3.0,3.0,0.0,0.0,0.0,0.0,18.0,0.0,4.0,0.0,0.0,5.0,72.0,0.0,0.0,1.0,0.0,3.0,0.0,4.0,11.0,8.0,3.0,0.0,0.0,0.0,31.0,0.0,0.0,0.0,0.0,0.0,0.0,0.0,0.0,0.0,0.0,0.0,0.0,0.0,0.0,0.0,3.0,0.0,1.0,0.0,0.0,1.0,7.0,0.0,0.0,0.0,0.0,0.0,0.0,4.0,4.0,6.0,6057726318.0,-1.0,陇南市西和县,陇南市西和县石堡镇,12.0,26.0,0.0,12.0,50.0,41.480000000000004,40.822613065326635,46.79183823529412
甘肃省,陇南市,西和县,兴隆镇,105.3416633,34.0361442,2.0,3.0,1.0,0.0,61.0,3.0,0.0,0.0,0.0,0.0,0.0,0.0,0.0,0.0,0.0,0.0,0.0,0.0,0.0,0.0,27.0,0.0,0.0,0.0,0.0,7.0,4.0,0.0,0.0,0.0,0.0,0.0,0.0,2.0,7.0,6.0,0.0,1.0,0.0,0.0,0.0,0.0,0.0,0.0,0.0,0.0,0.0,0.0,0.0,0.0,0.0,0.0,0.0,0.0,0.0,0.0,2.0,0.0,0.0,0.0,0.0,1.0,0.0,0.0,0.0,0.0,0.0,0.0,0.0,1.0,1.0,2.0,4753248430.0,-1.0,陇南市西和县,陇南市西和县兴隆镇,12.0,20.700000000000003,0.0,3.4,36.1,41.480000000000004,40.822613065326635,46.79183823529412
甘肃省,陇南市,西和县,苏合镇,105.2273796,34.0576845,0.0,0.0,0.0,11.0,70.0,0.0,0.0,0.0,0.0,0.0,0.0,0.0,0.0,0.0,1.0,1.0,0.0,0.0,0.0,0.0,27.0,0.0,0.0,0.0,0.0,5.0,4.0,0.0,0.0,2.0,0.0,0.0,0.0,2.0,4.0,4.0,0.0,0.0,0.0,3.0,10.0,0.0,0.0,0.0,0.0,0.0,0.0,0.0,0.0,0.0,0.0,0.0,0.0,0.0,0.0,0.0,5.0,0.0,0.0,0.0,0.0,1.0,1.0,0.0,0.0,0.0,0.0,0.0,0.0,2.0,4.0,4.0,6057726319.0,-1.0,陇南市西和县,陇南市西和县苏合镇,12.0,22.0,0.0,2.7,36.7,41.480000000000004,40.822613065326635,46.79183823529412
甘肃省,陇南市,西和县,卢河镇,105.3453364,34.0068919,0.0,0.0,1.0,3.0,24.0,0.0,0.0,2.0,0.0,0.0,0.0,0.0,0.0,0.0,0.0,0.0,0.0,0.0,0.0,0.0,16.0,0.0,0.0,0.0,0.0,6.0,0.0,0.0,0.0,0.0,0.0,0.0,0.0,1.0,6.0,3.0,0.0,0.0,1.0,0.0,9.0,0.0,0.0,0.0,0.0,0.0,0.0,0.0,0.0,0.0,0.0,0.0,0.0,0.0,0.0,0.0,4.0,0.0,0.0,0.0,0.0,1.0,0.0,0.0,0.0,0.0,0.0,0.0,0.0,1.0,4.0,2.0,4753243843.0,-1.0,陇南市西和县,陇南市西和县卢河镇,12.0,18.5,0.0,1.5,32.0,41.480000000000004,40.822613065326635,46.79183823529412
甘肃省,陇南市,西和县,稍峪镇,105.3673429,34.0632211,0.0,1.0,2.0,2.0,23.0,3.0,0.0,0.0,0.0,0.0,0.0,0.0,0.0,0.0,0.0,0.0,0.0,0.0,0.0,0.0,16.0,0.0,0.0,0.0,0.0,7.0,2.0,0.0,0.0,0.0,0.0,0.0,0.0,2.0,6.0,6.0,0.0,0.0,0.0,1.0,1.0,0.0,0.0,0.0,0.0,0.0,0.0,0.0,0.0,0.0,0.0,0.0,0.0,0.0,0.0,0.0,2.0,0.0,0.0,0.0,0.0,2.0,0.0,0.0,0.0,0.0,0.0,0.0,0.0,1.0,2.0,2.0,6057726317.0,-1.0,陇南市西和县,陇南市西和县稍峪镇,12.0,14.9,0.0,3.2,30.099999999999998,41.480000000000004,40.822613065326635,46.79183823529412
甘肃省,陇南市,西和县,西高山镇,105.3936052,33.7374828,0.0,0.0,6.0,2.0,28.0,0.0,0.0,1.0,0.0,0.0,0.0,0.0,0.0,0.0,0.0,0.0,0.0,0.0,0.0,0.0,20.0,0.0,0.0,0.0,0.0,2.0,0.0,0.0,0.0,0.0,0.0,0.0,0.0,3.0,7.0,5.0,0.0,0.0,2.0,0.0,15.0,0.0,0.0,0.0,0.0,0.0,0.0,0.0,0.0,0.0,0.0,0.0,0.0,0.0,0.0,0.0,6.0,0.0,0.0,0.0,0.0,1.0,0.0,0.0,0.0,0.0,0.0,0.0,0.0,1.0,3.0,1.0,5046716203.0,-1.0,陇南市西和县,陇南市西和县西高山镇,9.0,20.6,0.0,2.5,32.1,41.480000000000004,40.822613065326635,46.79183823529412
甘肃省,陇南市,西和县,晒经乡,105.5401374,33.9947221,0.0,3.0,0.0,8.0,7.0,0.0,0.0,0.0,0.0,0.0,0.0,0.0,0.0,0.0,1.0,1.0,0.0,0.0,0.0,0.0,7.0,0.0,0.0,0.0,0.0,3.0,2.0,0.0,0.0,1.0,0.0,0.0,0.0,1.0,5.0,5.0,0.0,1.0,0.0,2.0,1.0,0.0,0.0,0.0,0.0,0.0,0.0,0.0,0.0,0.0,0.0,0.0,0.0,0.0,0.0,0.0,3.0,0.0,0.0,0.0,0.0,1.0,0.0,0.0,0.0,0.0,0.0,0.0,0.0,1.0,3.0,3.0,4284502299.0,-1.0,陇南市西和县,陇南市西和县晒经乡,10.0,14.2,0.0,2.8,27.0,41.480000000000004,40.822613065326635,46.79183823529412
甘肃省,陇南市,西和县,蒿林乡,105.213448,33.767912,0.0,0.0,6.0,3.0,29.0,1.0,0.0,3.0,0.0,0.0,0.0,0.0,0.0,0.0,1.0,1.0,0.0,0.0,0.0,0.0,10.0,0.0,0.0,0.0,0.0,1.0,4.0,0.0,0.0,1.0,1.0,0.0,0.0,3.0,7.0,5.0,0.0,0.0,5.0,0.0,20.0,1.0,0.0,3.0,0.0,0.0,0.0,0.0,0.0,0.0,0.0,0.0,0.0,0.0,0.0,0.0,5.0,0.0,0.0,0.0,0.0,1.0,4.0,0.0,0.0,0.0,1.0,0.0,0.0,2.0,6.0,4.0,6057726315.0,11894633.0,陇南市西和县,陇南市西和县蒿林乡,16.0,23.3,0.0,3.4,42.699999999999996,41.480000000000004,40.822613065326635,46.79183823529412
甘肃省,陇南市,西和县,太石河乡,105.181225,33.705776,0.0,0.0,0.0,12.0,20.0,1.0,0.0,0.0,0.0,0.0,0.0,0.0,0.0,0.0,0.0,0.0,0.0,0.0,0.0,0.0,13.0,0.0,0.0,0.0,0.0,4.0,5.0,0.0,0.0,0.0,0.0,0.0,0.0,3.0,4.0,5.0,0.0,0.0,0.0,7.0,8.0,1.0,0.0,0.0,0.0,0.0,0.0,0.0,0.0,0.0,0.0,0.0,0.0,0.0,0.0,0.0,3.0,0.0,0.0,0.0,0.0,1.0,5.0,0.0,0.0,0.0,0.0,0.0,0.0,1.0,4.0,5.0,6057726320.0,11894634.0,陇南市西和县,陇南市西和县太石河乡,19.0,13.4,0.0,3.5,35.9,41.480000000000004,40.822613065326635,46.79183823529412
甘肃省,陇南市,西和县,六巷乡,105.4463543,33.8000397,0.0,0.0,4.0,3.0,20.0,3.0,0.0,0.0,0.0,0.0,0.0,0.0,0.0,0.0,0.0,0.0,0.0,0.0,0.0,0.0,6.0,0.0,0.0,0.0,0.0,4.0,7.0,0.0,0.0,0.0,0.0,0.0,0.0,3.0,5.0,6.0,0.0,0.0,4.0,1.0,7.0,1.0,0.0,0.0,0.0,0.0,0.0,0.0,0.0,0.0,0.0,0.0,0.0,0.0,0.0,0.0,3.0,0.0,0.0,0.0,0.0,1.0,3.0,0.0,0.0,0.0,0.0,0.0,0.0,1.0,5.0,4.0,4753239450.0,-1.0,陇南市西和县,陇南市西和县六巷乡,11.0,16.6,0.0,4.0,31.6,41.480000000000004,40.822613065326635,46.79183823529412
甘肃省,陇南市,礼县,城关镇,105.2014301,34.1930618,25.0,0.0,15.0,60.0,111.0,113.0,0.0,12.0,29.0,0.0,2.0,2.0,1.0,7.0,6.0,6.0,0.0,1.0,10.0,33.0,26.0,0.0,4.0,1.0,2.0,7.0,174.0,0.0,1.0,13.0,4.0,20.0,12.0,5.0,16.0,14.0,16.0,0.0,1.0,25.0,20.0,11.0,0.0,7.0,12.0,0.0,1.0,0.0,0.0,0.0,3.0,3.0,0.0,0.0,0.0,4.0,7.0,0.0,1.0,0.0,1.0,2.0,49.0,0.0,1.0,1.0,1.0,14.0,2.0,3.0,12.0,7.0,8120901094.0,-1.0,陇南市礼县,陇南市礼县城关镇,12.0,28.0,14.0,20.0,74.0,37.54137931034483,40.822613065326635,46.79183823529412
甘肃省,陇南市,礼县,盐官镇,105.4663913,34.2635349,3.0,0.0,0.0,11.0,48.0,1.0,0.0,0.0,0.0,0.0,1.0,0.0,0.0,0.0,2.0,2.0,0.0,0.0,0.0,0.0,10.0,0.0,0.0,1.0,0.0,4.0,27.0,0.0,0.0,0.0,0.0,0.0,0.0,5.0,10.0,6.0,3.0,0.0,0.0,7.0,24.0,0.0,0.0,0.0,0.0,0.0,1.0,0.0,0.0,0.0,1.0,1.0,0.0,0.0,0.0,0.0,2.0,0.0,0.0,1.0,0.0,1.0,19.0,0.0,0.0,0.0,0.0,0.0,0.0,5.0,5.0,5.0,3365707498.0,-1.0,陇南市礼县,陇南市礼县盐官镇,11.0,26.0,5.0,7.6000000000000005,49.6,37.54137931034483,40.822613065326635,46.79183823529412
甘肃省,陇南市,礼县,石桥镇,105.1207923,34.1423207,6.0,0.0,4.0,7.0,59.0,34.0,0.0,2.0,0.0,0.0,1.0,0.0,0.0,0.0,4.0,4.0,0.0,0.0,0.0,0.0,18.0,0.0,3.0,0.0,0.0,6.0,29.0,0.0,0.0,0.0,0.0,1.0,0.0,3.0,8.0,8.0,1.0,0.0,3.0,5.0,19.0,1.0,0.0,0.0,0.0,0.0,1.0,0.0,0.0,0.0,2.0,2.0,0.0,0.0,0.0,0.0,3.0,0.0,1.0,0.0,0.0,2.0,13.0,0.0,0.0,0.0,0.0,0.0,0.0,3.0,7.0,4.0,4932146370.0,-1.0,陇南市礼县,陇南市礼县石桥镇,12.0,26.0,5.0,8.2,51.2,37.54137931034483,40.822613065326635,46.79183823529412
甘肃省,陇南市,礼县,白河镇,104.856756,33.8651967,0.0,9.0,1.0,9.0,31.0,0.0,0.0,4.0,0.0,0.0,0.0,0.0,0.0,0.0,0.0,0.0,0.0,0.0,0.0,0.0,36.0,0.0,3.0,0.0,0.0,9.0,3.0,0.0,0.0,0.0,0.0,0.0,0.0,3.0,9.0,3.0,0.0,3.0,0.0,4.0,16.0,0.0,0.0,3.0,0.0,0.0,0.0,0.0,0.0,0.0,0.0,0.0,0.0,0.0,0.0,0.0,8.0,0.0,2.0,0.0,0.0,1.0,2.0,0.0,0.0,0.0,0.0,0.0,0.0,1.0,5.0,3.0,4932141342.0,-1.0,陇南市礼县,陇南市礼县白河镇,12.0,24.0,0.0,2.0,38.0,37.54137931034483,40.822613065326635,46.79183823529412
甘肃省,陇南市,礼县,宽川镇,105.5119945,34.1596422,0.0,0.0,0.0,7.0,65.0,0.0,0.0,0.0,0.0,0.0,0.0,0.0,0.0,0.0,1.0,1.0,0.0,0.0,0.0,0.0,21.0,0.0,0.0,0.0,0.0,8.0,3.0,0.0,0.0,1.0,0.0,0.0,0.0,7.0,5.0,4.0,0.0,0.0,0.0,2.0,16.0,0.0,0.0,0.0,0.0,0.0,0.0,0.0,0.0,0.0,0.0,0.0,0.0,0.0,0.0,0.0,4.0,0.0,0.0,0.0,0.0,2.0,0.0,0.0,0.0,0.0,0.0,0.0,0.0,2.0,5.0,3.0,4558716890.0,-1.0,陇南市礼县,陇南市礼县宽川镇,12.0,22.5,0.0,2.4,36.9,37.54137931034483,40.822613065326635,46.79183823529412
甘肃省,陇南市,礼县,永兴镇,105.3264223,34.2120039,7.0,0.0,0.0,19.0,118.0,14.0,0.0,0.0,0.0,0.0,0.0,0.0,0.0,0.0,5.0,5.0,0.0,0.0,0.0,0.0,24.0,0.0,3.0,0.0,0.0,7.0,29.0,0.0,0.0,2.0,0.0,0.0,0.0,9.0,12.0,8.0,4.0,0.0,0.0,12.0,28.0,7.0,0.0,0.0,0.0,0.0,0.0,0.0,0.0,0.0,5.0,5.0,0.0,0.0,0.0,0.0,4.0,0.0,0.0,0.0,0.0,2.0,7.0,0.0,0.0,1.0,0.0,0.0,0.0,6.0,6.0,4.0,6053097468.0,-1.0,陇南市礼县,陇南市礼县永兴镇,12.0,24.0,5.0,7.9,48.9,37.54137931034483,40.822613065326635,46.79183823529412
甘肃省,陇南市,礼县,祁山镇,105.3905172,34.2327728,8.0,0.0,0.0,4.0,85.0,17.0,0.0,0.0,0.0,2.0,3.0,1.0,0.0,0.0,1.0,2.0,0.0,0.0,0.0,2.0,11.0,0.0,4.0,0.0,0.0,5.0,10.0,0.0,0.0,1.0,0.0,0.0,0.0,7.0,10.0,8.0,6.0,0.0,0.0,1.0,5.0,1.0,0.0,0.0,0.0,0.0,0.0,1.0,0.0,0.0,0.0,0.0,0.0,0.0,0.0,0.0,2.0,0.0,0.0,0.0,0.0,1.0,1.0,0.0,0.0,0.0,0.0,0.0,0.0,7.0,6.0,4.0,3724102186.0,-1.0,陇南市礼县,陇南市礼县祁山镇,12.0,28.0,5.0,5.2,50.2,37.54137931034483,40.822613065326635,46.79183823529412
甘肃省,陇南市,礼县,红河镇,105.3913847,34.4099291,0.0,0.0,0.0,11.0,64.0,6.0,0.0,0.0,0.0,0.0,0.0,0.0,0.0,0.0,4.0,4.0,0.0,0.0,0.0,0.0,15.0,0.0,0.0,0.0,0.0,3.0,5.0,0.0,0.0,3.0,0.0,0.0,0.0,9.0,5.0,7.0,0.0,0.0,0.0,9.0,21.0,0.0,0.0,0.0,0.0,0.0,0.0,0.0,0.0,0.0,3.0,3.0,0.0,0.0,0.0,0.0,4.0,0.0,0.0,0.0,0.0,1.0,0.0,0.0,0.0,0.0,0.0,0.0,0.0,7.0,4.0,4.0,6053097461.0,-1.0,陇南市礼县,陇南市礼县红河镇,10.0,22.5,5.0,4.3,41.8,37.54137931034483,40.822613065326635,46.79183823529412
甘肃省,陇南市,礼县,永坪镇,105.2684855,34.2914738,0.0,0.0,5.0,9.0,28.0,1.0,0.0,0.0,0.0,0.0,0.0,0.0,0.0,0.0,0.0,0.0,0.0,0.0,0.0,0.0,12.0,0.0,0.0,0.0,0.0,1.0,0.0,0.0,0.0,1.0,0.0,0.0,0.0,2.0,6.0,8.0,0.0,0.0,5.0,7.0,14.0,1.0,0.0,0.0,0.0,0.0,0.0,0.0,0.0,0.0,0.0,0.0,0.0,0.0,0.0,0.0,5.0,0.0,0.0,0.0,0.0,1.0,0.0,0.0,0.0,0.0,0.0,0.0,0.0,2.0,5.0,4.0,5020653828.0,-1.0,陇南市礼县,陇南市礼县永坪镇,8.0,22.8,0.0,4.1,34.9,37.54137931034483,40.822613065326635,46.79183823529412
甘肃省,陇南市,礼县,中坝镇,105.0065625,34.0482059,0.0,7.0,0.0,0.0,31.0,0.0,0.0,0.0,0.0,0.0,0.0,0.0,0.0,0.0,1.0,1.0,0.0,0.0,0.0,0.0,15.0,0.0,2.0,0.0,0.0,4.0,4.0,0.0,0.0,0.0,0.0,1.0,0.0,2.0,3.0,8.0,0.0,5.0,0.0,0.0,19.0,0.0,0.0,0.0,0.0,0.0,0.0,0.0,0.0,0.0,1.0,1.0,0.0,0.0,0.0,0.0,8.0,0.0,1.0,0.0,0.0,1.0,3.0,0.0,0.0,0.0,0.0,0.0,0.0,2.0,3.0,4.0,4932140607.0,-1.0,陇南市礼县,陇南市礼县中坝镇,11.0,18.4,5.0,4.7,39.1,37.54137931034483,40.822613065326635,46.79183823529412
甘肃省,陇南市,礼县,罗坝镇,105.064722,34.322778,5.0,0.0,1.0,1.0,36.0,7.0,0.0,0.0,0.0,0.0,1.0,0.0,0.0,0.0,3.0,3.0,0.0,0.0,0.0,0.0,8.0,0.0,3.0,0.0,0.0,5.0,35.0,0.0,0.0,2.0,0.0,2.0,1.0,2.0,9.0,9.0,3.0,0.0,0.0,1.0,9.0,2.0,0.0,0.0,0.0,0.0,1.0,0.0,0.0,0.0,2.0,2.0,0.0,0.0,0.0,0.0,3.0,0.0,1.0,0.0,0.0,1.0,21.0,0.0,0.0,0.0,0.0,2.0,0.0,2.0,7.0,7.0,4932146401.0,-1.0,陇南市礼县,陇南市礼县罗坝镇,12.0,21.9,5.0,9.8,48.7,37.54137931034483,40.822613065326635,46.79183823529412
甘肃省,陇南市,礼县,雷坝镇,105.0474981,33.7900222,10.0,0.0,12.0,13.0,41.0,12.0,0.0,3.0,0.0,0.0,1.0,0.0,0.0,0.0,0.0,0.0,0.0,0.0,0.0,0.0,11.0,0.0,2.0,0.0,0.0,2.0,10.0,0.0,0.0,0.0,0.0,0.0,0.0,3.0,9.0,6.0,6.0,0.0,4.0,4.0,20.0,5.0,0.0,0.0,0.0,0.0,0.0,0.0,0.0,0.0,0.0,0.0,0.0,0.0,0.0,0.0,2.0,0.0,2.0,0.0,0.0,1.0,10.0,0.0,0.0,0.0,0.0,0.0,0.0,2.0,7.0,5.0,2105823913.0,-1.0,陇南市礼县,陇南市礼县雷坝镇,9.0,26.0,0.0,5.0,40.0,37.54137931034483,40.822613065326635,46.79183823529412
甘肃省,陇南市,礼县,崖城镇,105.1366942,34.3214046,0.0,4.0,0.0,1.0,22.0,1.0,0.0,0.0,0.0,0.0,0.0,0.0,0.0,0.0,1.0,1.0,0.0,0.0,0.0,0.0,4.0,0.0,0.0,0.0,0.0,6.0,2.0,0.0,0.0,4.0,0.0,0.0,0.0,1.0,5.0,6.0,0.0,4.0,0.0,1.0,10.0,0.0,0.0,0.0,0.0,0.0,0.0,0.0,0.0,0.0,1.0,1.0,0.0,0.0,0.0,0.0,2.0,0.0,0.0,0.0,0.0,1.0,2.0,0.0,0.0,1.0,0.0,0.0,0.0,1.0,4.0,4.0,4932146001.0,-1.0,陇南市礼县,陇南市礼县崖城镇,12.0,15.9,5.0,3.9,36.8,37.54137931034483,40.822613065326635,46.79183823529412
甘肃省,陇南市,礼县,洮坪镇,104.952803,34.161094,0.0,0.0,4.0,6.0,38.0,2.0,0.0,9.0,0.0,0.0,2.0,0.0,0.0,0.0,2.0,2.0,0.0,0.0,0.0,0.0,14.0,0.0,1.0,0.0,0.0,3.0,34.0,0.0,0.0,0.0,0.0,0.0,0.0,2.0,7.0,10.0,0.0,0.0,1.0,3.0,14.0,0.0,0.0,5.0,0.0,0.0,1.0,0.0,0.0,0.0,2.0,2.0,0.0,0.0,0.0,0.0,4.0,0.0,0.0,0.0,0.0,1.0,15.0,0.0,0.0,0.0,0.0,0.0,0.0,2.0,6.0,5.0,1706632260.0,-1.0,陇南市礼县,陇南市礼县洮坪镇,10.0,25.5,5.0,8.9,49.4,37.54137931034483,40.822613065326635,46.79183823529412
甘肃省,陇南市,礼县,龙林镇,105.0777581,33.9406478,5.0,0.0,0.0,7.0,26.0,8.0,0.0,0.0,0.0,0.0,0.0,0.0,0.0,0.0,0.0,0.0,0.0,0.0,0.0,0.0,5.0,0.0,0.0,0.0,0.0,3.0,0.0,0.0,0.0,0.0,0.0,0.0,0.0,3.0,6.0,2.0,3.0,0.0,0.0,3.0,23.0,3.0,0.0,0.0,0.0,0.0,0.0,0.0,0.0,0.0,0.0,0.0,0.0,0.0,0.0,0.0,2.0,0.0,0.0,0.0,0.0,1.0,0.0,0.0,0.0,0.0,0.0,0.0,0.0,3.0,6.0,2.0,4932140849.0,-1.0,陇南市礼县,陇南市礼县龙林镇,10.0,23.0,0.0,1.0,34.0,37.54137931034483,40.822613065326635,46.79183823529412
甘肃省,陇南市,礼县,固城镇,105.2045308,34.455794,0.0,0.0,2.0,3.0,10.0,0.0,0.0,0.0,0.0,0.0,0.0,0.0,0.0,0.0,1.0,1.0,0.0,0.0,0.0,0.0,11.0,0.0,0.0,0.0,0.0,3.0,0.0,0.0,0.0,0.0,0.0,0.0,0.0,3.0,4.0,5.0,0.0,0.0,2.0,3.0,2.0,0.0,0.0,0.0,0.0,0.0,0.0,0.0,0.0,0.0,0.0,0.0,0.0,0.0,0.0,0.0,3.0,0.0,0.0,0.0,0.0,1.0,0.0,0.0,0.0,0.0,0.0,0.0,0.0,1.0,3.0,4.0,6053097460.0,-1.0,陇南市礼县,陇南市礼县固城镇,10.0,12.6,0.0,2.5,25.1,37.54137931034483,40.822613065326635,46.79183823529412
甘肃省,陇南市,礼县,江口镇,105.0988921,34.0557954,6.0,3.0,4.0,1.0,24.0,2.0,0.0,0.0,0.0,0.0,1.0,0.0,0.0,0.0,2.0,2.0,0.0,0.0,0.0,0.0,14.0,0.0,0.0,0.0,0.0,2.0,4.0,0.0,0.0,0.0,0.0,0.0,2.0,3.0,9.0,8.0,4.0,0.0,2.0,1.0,12.0,1.0,0.0,0.0,0.0,0.0,1.0,0.0,0.0,0.0,1.0,1.0,0.0,0.0,0.0,0.0,7.0,0.0,0.0,0.0,0.0,1.0,0.0,0.0,0.0,0.0,0.0,0.0,2.0,3.0,8.0,4.0,4932140907.0,-1.0,陇南市礼县,陇南市礼县江口镇,9.0,20.4,5.0,4.4,38.8,37.54137931034483,40.822613065326635,46.79183823529412
甘肃省,陇南市,礼县,湫山镇,104.897341,34.355839,0.0,0.0,4.0,7.0,54.0,20.0,0.0,5.0,0.0,0.0,0.0,0.0,0.0,0.0,0.0,0.0,0.0,0.0,0.0,0.0,12.0,0.0,0.0,0.0,0.0,6.0,20.0,0.0,0.0,0.0,0.0,1.0,0.0,7.0,8.0,9.0,0.0,0.0,1.0,3.0,31.0,6.0,0.0,1.0,0.0,0.0,0.0,0.0,0.0,0.0,0.0,0.0,0.0,0.0,0.0,0.0,5.0,0.0,0.0,0.0,0.0,1.0,12.0,0.0,0.0,0.0,0.0,0.0,0.0,1.0,8.0,5.0,1706632252.0,-1.0,陇南市礼县,陇南市礼县湫山镇,12.0,24.0,0.0,7.2,43.2,37.54137931034483,40.822613065326635,46.79183823529412
甘肃省,陇南市,礼县,白关镇,104.9259413,33.9678636,0.0,5.0,0.0,9.0,16.0,1.0,0.0,0.0,0.0,0.0,0.0,0.0,0.0,0.0,0.0,0.0,0.0,0.0,0.0,0.0,22.0,0.0,0.0,0.0,0.0,4.0,0.0,0.0,0.0,0.0,0.0,0.0,0.0,2.0,7.0,3.0,0.0,4.0,0.0,3.0,7.0,0.0,0.0,0.0,0.0,0.0,0.0,0.0,0.0,0.0,0.0,0.0,0.0,0.0,0.0,0.0,9.0,0.0,0.0,0.0,0.0,1.0,0.0,0.0,0.0,0.0,0.0,0.0,0.0,1.0,3.0,2.0,4932140581.0,-1.0,陇南市礼县,陇南市礼县白关镇,11.0,18.8,0.0,1.5,31.3,37.54137931034483,40.822613065326635,46.79183823529412
甘肃省,陇南市,礼县,桥头镇,104.8141224,33.7530547,0.0,9.0,0.0,0.0,4.0,0.0,0.0,0.0,0.0,0.0,0.0,0.0,0.0,0.0,0.0,0.0,0.0,0.0,0.0,0.0,4.0,0.0,0.0,0.0,0.0,5.0,2.0,0.0,0.0,0.0,0.0,0.0,0.0,1.0,3.0,3.0,0.0,3.0,0.0,0.0,4.0,0.0,0.0,0.0,0.0,0.0,0.0,0.0,0.0,0.0,0.0,0.0,0.0,0.0,0.0,0.0,2.0,0.0,0.0,0.0,0.0,2.0,1.0,0.0,0.0,0.0,0.0,0.0,0.0,1.0,3.0,3.0,4932135290.0,-1.0,陇南市礼县,陇南市礼县桥头镇,12.0,8.5,0.0,1.8,22.3,37.54137931034483,40.822613065326635,46.79183823529412
甘肃省,陇南市,礼县,王坝镇,105.0141864,33.7468619,8.0,0.0,0.0,3.0,24.0,0.0,0.0,0.0,0.0,0.0,0.0,0.0,0.0,0.0,0.0,0.0,0.0,0.0,0.0,0.0,4.0,0.0,0.0,0.0,0.0,1.0,0.0,0.0,0.0,0.0,0.0,0.0,0.0,2.0,4.0,2.0,5.0,0.0,0.0,1.0,18.0,0.0,0.0,0.0,0.0,0.0,0.0,0.0,0.0,0.0,0.0,0.0,0.0,0.0,0.0,0.0,4.0,0.0,0.0,0.0,0.0,1.0,0.0,0.0,0.0,0.0,0.0,0.0,0.0,2.0,4.0,2.0,6053097466.0,-1.0,陇南市礼县,陇南市礼县王坝镇,8.0,20.2,0.0,1.0,29.2,37.54137931034483,40.822613065326635,46.79183823529412
甘肃省,陇南市,礼县,滩坪镇,104.9827139,33.8108,0.0,0.0,6.0,5.0,11.0,0.0,0.0,0.0,0.0,0.0,0.0,0.0,0.0,0.0,0.0,0.0,0.0,0.0,0.0,0.0,16.0,0.0,1.0,0.0,0.0,2.0,1.0,0.0,0.0,0.0,0.0,0.0,0.0,2.0,4.0,3.0,0.0,0.0,0.0,2.0,3.0,0.0,0.0,0.0,0.0,0.0,0.0,0.0,0.0,0.0,0.0,0.0,0.0,0.0,0.0,0.0,4.0,0.0,1.0,0.0,0.0,1.0,1.0,0.0,0.0,0.0,0.0,0.0,0.0,2.0,3.0,3.0,6053097465.0,-1.0,陇南市礼县,陇南市礼县滩坪镇,9.0,15.1,0.0,1.7,25.8,37.54137931034483,40.822613065326635,46.79183823529412
甘肃省,陇南市,礼县,马河乡,105.410967,34.3201975,0.0,0.0,0.0,1.0,8.0,0.0,0.0,0.0,0.0,0.0,0.0,0.0,0.0,0.0,1.0,1.0,0.0,0.0,0.0,0.0,3.0,0.0,0.0,0.0,0.0,2.0,0.0,0.0,0.0,1.0,0.0,0.0,0.0,1.0,3.0,5.0,0.0,0.0,0.0,1.0,3.0,0.0,0.0,0.0,0.0,0.0,0.0,0.0,0.0,0.0,1.0,1.0,0.0,0.0,0.0,0.0,3.0,0.0,0.0,0.0,0.0,1.0,0.0,0.0,0.0,0.0,0.0,0.0,0.0,1.0,2.0,3.0,5121426134.0,-1.0,陇南市礼县,陇南市礼县马河乡,9.0,5.0,5.0,2.6,21.6,37.54137931034483,40.822613065326635,46.79183823529412
甘肃省,陇南市,礼县,上坪乡,104.8619704,34.1759037,0.0,0.0,1.0,3.0,12.0,0.0,0.0,0.0,0.0,0.0,0.0,0.0,0.0,0.0,1.0,1.0,0.0,0.0,0.0,0.0,2.0,0.0,0.0,0.0,0.0,4.0,0.0,0.0,0.0,0.0,0.0,0.0,0.0,2.0,5.0,6.0,0.0,0.0,1.0,0.0,7.0,0.0,0.0,0.0,0.0,0.0,0.0,0.0,0.0,0.0,1.0,1.0,0.0,0.0,0.0,0.0,2.0,0.0,0.0,0.0,0.0,1.0,0.0,0.0,0.0,0.0,0.0,0.0,0.0,2.0,3.0,5.0,1706632255.0,-1.0,陇南市礼县,陇南市礼县上坪乡,11.0,15.0,5.0,3.0,34.0,37.54137931034483,40.822613065326635,46.79183823529412
甘肃省,陇南市,礼县,雷王乡,105.1467425,34.0516264,0.0,0.0,5.0,2.0,43.0,0.0,0.0,0.0,0.0,0.0,0.0,0.0,0.0,0.0,2.0,2.0,0.0,0.0,0.0,0.0,16.0,0.0,0.0,0.0,0.0,1.0,14.0,0.0,0.0,1.0,0.0,0.0,0.0,1.0,4.0,4.0,0.0,0.0,4.0,1.0,10.0,0.0,0.0,0.0,0.0,0.0,0.0,0.0,0.0,0.0,1.0,1.0,0.0,0.0,0.0,0.0,4.0,0.0,0.0,0.0,0.0,1.0,2.0,0.0,0.0,0.0,0.0,0.0,0.0,1.0,4.0,4.0,6053097462.0,-1.0,陇南市礼县,陇南市礼县雷王乡,8.0,20.6,5.0,3.7,37.300000000000004,37.54137931034483,40.822613065326635,46.79183823529412
甘肃省,陇南市,礼县,沙金乡,104.8112743,33.9855296,0.0,0.0,6.0,5.0,18.0,0.0,0.0,0.0,0.0,0.0,0.0,0.0,0.0,0.0,0.0,0.0,0.0,0.0,0.0,0.0,20.0,0.0,0.0,0.0,0.0,5.0,1.0,0.0,0.0,0.0,0.0,0.0,0.0,3.0,4.0,3.0,0.0,0.0,4.0,1.0,6.0,0.0,0.0,0.0,0.0,0.0,0.0,0.0,0.0,0.0,0.0,0.0,0.0,0.0,0.0,0.0,4.0,0.0,0.0,0.0,0.0,1.0,1.0,0.0,0.0,0.0,0.0,0.0,0.0,3.0,4.0,2.0,6053097464.0,-1.0,陇南市礼县,陇南市礼县沙金乡,12.0,17.4,0.0,1.7,31.099999999999998,37.54137931034483,40.822613065326635,46.79183823529412
甘肃省,陇南市,礼县,草坪乡,104.81254,33.6819743,0.0,7.0,0.0,1.0,5.0,0.0,0.0,0.0,0.0,0.0,0.0,0.0,0.0,0.0,0.0,0.0,0.0,0.0,0.0,0.0,10.0,0.0,0.0,0.0,0.0,1.0,0.0,0.0,0.0,0.0,0.0,0.0,0.0,1.0,4.0,3.0,0.0,4.0,0.0,0.0,2.0,0.0,0.0,0.0,0.0,0.0,0.0,0.0,0.0,0.0,0.0,0.0,0.0,0.0,0.0,0.0,2.0,0.0,0.0,0.0,0.0,1.0,0.0,0.0,0.0,0.0,0.0,0.0,0.0,1.0,3.0,2.0,6053097458.0,-1.0,陇南市礼县,陇南市礼县草坪乡,8.0,9.6,0.0,1.5,19.1,37.54137931034483,40.822613065326635,46.79183823529412
甘肃省,陇南市,礼县,肖良乡,105.0928086,33.7585688,0.0,0.0,0.0,12.0,31.0,0.0,0.0,0.0,0.0,0.0,0.0,0.0,0.0,0.0,1.0,1.0,0.0,0.0,0.0,0.0,9.0,0.0,0.0,0.0,0.0,1.0,1.0,0.0,0.0,0.0,0.0,1.0,0.0,1.0,4.0,6.0,0.0,0.0,0.0,8.0,10.0,0.0,0.0,0.0,0.0,0.0,0.0,0.0,0.0,0.0,1.0,1.0,0.0,0.0,0.0,0.0,2.0,0.0,0.0,0.0,0.0,1.0,1.0,0.0,0.0,0.0,0.0,1.0,0.0,1.0,4.0,6.0,6053097467.0,-1.0,陇南市礼县,陇南市礼县肖良乡,8.0,16.2,5.0,3.2,32.4,37.54137931034483,40.822613065326635,46.79183823529412
甘肃省,陇南市,礼县,三峪乡,105.0342387,33.6952295,0.0,0.0,0.0,8.0,20.0,0.0,0.0,1.0,0.0,0.0,0.0,0.0,0.0,0.0,0.0,0.0,0.0,0.0,0.0,0.0,13.0,0.0,0.0,0.0,0.0,1.0,0.0,0.0,0.0,0.0,0.0,0.0,0.0,4.0,4.0,4.0,0.0,0.0,0.0,3.0,10.0,0.0,0.0,0.0,0.0,0.0,0.0,0.0,0.0,0.0,0.0,0.0,0.0,0.0,0.0,0.0,5.0,0.0,0.0,0.0,0.0,1.0,0.0,0.0,0.0,0.0,0.0,0.0,0.0,1.0,3.0,3.0,6053097463.0,-1.0,陇南市礼县,陇南市礼县三峪乡,8.0,14.0,0.0,2.0,24.0,37.54137931034483,40.822613065326635,46.79183823529412
甘肃省,陇南市,徽县,城关镇,106.0813236,33.7680887,6.0,8.0,21.0,28.0,161.0,17.0,0.0,34.0,6.0,2.0,5.0,3.0,3.0,6.0,9.0,11.0,2.0,3.0,14.0,31.0,16.0,0.0,1.0,1.0,0.0,6.0,456.0,0.0,1.0,7.0,13.0,5.0,7.0,3.0,16.0,13.0,0.0,5.0,11.0,15.0,68.0,12.0,0.0,33.0,4.0,2.0,1.0,3.0,2.0,5.0,4.0,6.0,1.0,3.0,13.0,29.0,1.0,0.0,0.0,1.0,0.0,4.0,252.0,0.0,1.0,3.0,10.0,2.0,7.0,2.0,12.0,9.0,8120087140.0,-1.0,陇南市徽县,陇南市徽县城关镇,12.0,30.0,30.0,20.0,92.0,49.44666666666667,40.822613065326635,46.79183823529412
甘肃省,陇南市,徽县,伏家镇,105.9563778,33.8155271,1.0,11.0,0.0,15.0,79.0,30.0,0.0,0.0,2.0,0.0,1.0,0.0,0.0,0.0,3.0,4.0,0.0,0.0,0.0,0.0,18.0,0.0,5.0,0.0,0.0,2.0,85.0,0.0,0.0,2.0,0.0,1.0,0.0,1.0,9.0,10.0,1.0,11.0,0.0,6.0,31.0,4.0,0.0,0.0,0.0,0.0,0.0,0.0,0.0,0.0,2.0,2.0,0.0,0.0,0.0,0.0,3.0,0.0,1.0,0.0,0.0,1.0,15.0,0.0,0.0,0.0,0.0,0.0,0.0,1.0,8.0,4.0,3779045961.0,-1.0,陇南市徽县,陇南市徽县伏家镇,9.0,28.0,5.0,14.200000000000001,56.2,49.44666666666667,40.822613065326635,46.79183823529412
甘肃省,陇南市,徽县,江洛镇,105.8259777,33.8910248,9.0,3.0,0.0,1.0,60.0,0.0,0.0,0.0,0.0,0.0,1.0,0.0,0.0,0.0,3.0,4.0,0.0,0.0,0.0,0.0,13.0,0.0,1.0,0.0,0.0,5.0,40.0,0.0,0.0,2.0,0.0,0.0,0.0,1.0,6.0,8.0,3.0,3.0,0.0,1.0,19.0,0.0,0.0,0.0,0.0,0.0,1.0,0.0,0.0,0.0,2.0,3.0,0.0,0.0,0.0,0.0,4.0,0.0,0.0,0.0,0.0,1.0,16.0,0.0,0.0,1.0,0.0,0.0,0.0,1.0,6.0,6.0,2187080831.0,-1.0,陇南市徽县,陇南市徽县江洛镇,12.0,25.0,5.0,9.9,51.9,49.44666666666667,40.822613065326635,46.79183823529412
甘肃省,陇南市,徽县,泥阳镇,105.8228227,33.8174394,0.0,3.0,0.0,11.0,100.0,11.0,0.0,0.0,0.0,0.0,0.0,0.0,0.0,0.0,3.0,3.0,0.0,0.0,0.0,0.0,16.0,0.0,1.0,0.0,1.0,15.0,14.0,0.0,0.0,2.0,0.0,0.0,0.0,3.0,6.0,10.0,0.0,3.0,0.0,4.0,24.0,3.0,0.0,0.0,0.0,0.0,0.0,0.0,0.0,0.0,2.0,2.0,0.0,0.0,0.0,0.0,2.0,0.0,1.0,0.0,1.0,2.0,9.0,0.0,0.0,0.0,0.0,0.0,0.0,1.0,6.0,7.0,4285676235.0,-1.0,陇南市徽县,陇南市徽县泥阳镇,12.0,23.0,5.0,6.5,46.5,49.44666666666667,40.822613065326635,46.79183823529412
甘肃省,陇南市,徽县,柳林镇,106.1680131,33.8725538,0.0,0.0,3.0,11.0,28.0,0.0,0.0,0.0,0.0,0.0,0.0,0.0,0.0,0.0,1.0,1.0,0.0,0.0,0.0,0.0,9.0,0.0,7.0,0.0,0.0,6.0,3.0,0.0,0.0,1.0,0.0,1.0,0.0,2.0,10.0,9.0,0.0,0.0,2.0,5.0,8.0,0.0,0.0,0.0,0.0,0.0,0.0,0.0,0.0,0.0,1.0,1.0,0.0,0.0,0.0,0.0,1.0,0.0,4.0,0.0,0.0,1.0,3.0,0.0,0.0,1.0,0.0,1.0,0.0,2.0,6.0,7.0,4285775322.0,-1.0,陇南市徽县,陇南市徽县柳林镇,12.0,22.0,5.0,4.8,43.8,49.44666666666667,40.822613065326635,46.79183823529412
甘肃省,陇南市,徽县,嘉陵镇,106.1971683,33.6994833,0.0,4.0,1.0,4.0,46.0,4.0,0.0,0.0,2.0,0.0,0.0,0.0,0.0,0.0,3.0,3.0,0.0,0.0,0.0,0.0,10.0,0.0,0.0,0.0,0.0,4.0,82.0,0.0,0.0,1.0,0.0,0.0,0.0,4.0,6.0,6.0,0.0,4.0,0.0,4.0,12.0,1.0,0.0,0.0,2.0,0.0,0.0,0.0,0.0,0.0,3.0,3.0,0.0,0.0,0.0,0.0,3.0,0.0,0.0,0.0,0.0,1.0,1.0,0.0,0.0,0.0,0.0,0.0,0.0,3.0,5.0,3.0,2373216517.0,-1.0,陇南市徽县,陇南市徽县嘉陵镇,11.0,25.0,5.0,11.4,52.4,49.44666666666667,40.822613065326635,46.79183823529412
甘肃省,陇南市,徽县,永宁镇,106.18669,33.837551,6.0,0.0,1.0,9.0,58.0,0.0,0.0,1.0,0.0,0.0,1.0,0.0,0.0,0.0,0.0,0.0,1.0,0.0,0.0,2.0,18.0,0.0,0.0,0.0,0.0,8.0,29.0,0.0,0.0,0.0,0.0,1.0,0.0,2.0,7.0,8.0,5.0,0.0,0.0,5.0,18.0,0.0,0.0,0.0,0.0,0.0,1.0,0.0,0.0,0.0,0.0,0.0,1.0,0.0,0.0,2.0,7.0,0.0,0.0,0.0,0.0,3.0,12.0,0.0,0.0,0.0,0.0,1.0,0.0,2.0,5.0,6.0,4285676240.0,-1.0,陇南市徽县,陇南市徽县永宁镇,12.0,25.5,7.0,8.100000000000001,52.6,49.44666666666667,40.822613065326635,46.79183823529412
甘肃省,陇南市,徽县,银杏树镇,106.0386329,33.8049584,3.0,0.0,0.0,16.0,90.0,3.0,0.0,1.0,0.0,0.0,0.0,0.0,0.0,0.0,1.0,1.0,0.0,0.0,0.0,2.0,9.0,1.0,5.0,0.0,1.0,4.0,47.0,0.0,0.0,1.0,0.0,1.0,1.0,1.0,11.0,16.0,3.0,0.0,0.0,4.0,19.0,0.0,0.0,0.0,0.0,0.0,0.0,0.0,0.0,0.0,1.0,1.0,0.0,0.0,0.0,0.0,1.0,1.0,2.0,0.0,1.0,1.0,17.0,0.0,0.0,0.0,0.0,0.0,0.0,1.0,9.0,7.0,4285740288.0,-1.0,陇南市徽县,陇南市徽县银杏树镇,11.0,24.0,5.0,10.5,50.5,49.44666666666667,40.822613065326635,46.79183823529412
甘肃省,陇南市,徽县,水阳镇,106.0999836,33.7472831,0.0,12.0,19.0,17.0,162.0,12.0,0.0,18.0,2.0,1.0,2.0,1.0,1.0,4.0,6.0,7.0,1.0,1.0,5.0,19.0,16.0,0.0,2.0,1.0,0.0,9.0,272.0,0.0,1.0,5.0,6.0,6.0,3.0,3.0,13.0,16.0,0.0,3.0,5.0,6.0,27.0,1.0,0.0,0.0,0.0,0.0,1.0,0.0,0.0,0.0,1.0,1.0,0.0,0.0,0.0,0.0,3.0,0.0,1.0,0.0,0.0,3.0,34.0,0.0,0.0,0.0,2.0,3.0,0.0,1.0,8.0,8.0,2373216518.0,-1.0,陇南市徽县,陇南市徽县水阳镇,12.0,30.0,10.0,20.0,72.0,49.44666666666667,40.822613065326635,46.79183823529412
甘肃省,陇南市,徽县,栗川镇,105.9448054,33.7740202,0.0,10.0,0.0,14.0,82.0,14.0,0.0,0.0,0.0,0.0,2.0,0.0,0.0,0.0,3.0,3.0,0.0,0.0,0.0,0.0,22.0,0.0,1.0,0.0,0.0,4.0,9.0,0.0,0.0,0.0,0.0,0.0,0.0,4.0,10.0,10.0,0.0,9.0,0.0,3.0,16.0,1.0,0.0,0.0,0.0,0.0,0.0,0.0,0.0,0.0,1.0,1.0,0.0,0.0,0.0,0.0,5.0,0.0,0.0,0.0,0.0,2.0,0.0,0.0,0.0,0.0,0.0,0.0,0.0,1.0,6.0,5.0,4285740284.0,-1.0,陇南市徽县,陇南市徽县栗川镇,11.0,26.0,5.0,4.9,46.9,49.44666666666667,40.822613065326635,46.79183823529412
甘肃省,陇南市,徽县,麻沿河镇,105.7327547,34.0728701,10.0,0.0,5.0,4.0,8.0,0.0,0.0,0.0,0.0,0.0,2.0,0.0,0.0,0.0,1.0,1.0,0.0,0.0,0.0,0.0,7.0,0.0,0.0,0.0,0.0,2.0,13.0,0.0,0.0,0.0,0.0,0.0,0.0,1.0,6.0,4.0,4.0,0.0,3.0,4.0,6.0,0.0,0.0,0.0,0.0,0.0,2.0,0.0,0.0,0.0,1.0,1.0,0.0,0.0,0.0,0.0,2.0,0.0,0.0,0.0,0.0,1.0,13.0,0.0,0.0,0.0,0.0,0.0,0.0,1.0,5.0,3.0,4284801394.0,11893984.0,陇南市徽县,陇南市徽县麻沿河镇,17.0,17.4,5.0,4.6,44.0,49.44666666666667,40.822613065326635,46.79183823529412
甘肃省,陇南市,徽县,高桥镇,105.9450799,34.0957606,0.0,0.0,7.0,2.0,10.0,0.0,0.0,0.0,0.0,0.0,0.0,0.0,0.0,0.0,0.0,0.0,0.0,0.0,0.0,0.0,5.0,0.0,0.0,0.0,0.0,2.0,0.0,0.0,0.0,1.0,0.0,0.0,0.0,1.0,4.0,4.0,0.0,0.0,7.0,1.0,10.0,0.0,0.0,0.0,0.0,0.0,0.0,0.0,0.0,0.0,0.0,0.0,0.0,0.0,0.0,0.0,5.0,0.0,0.0,0.0,0.0,1.0,0.0,0.0,0.0,1.0,0.0,0.0,0.0,1.0,4.0,3.0,4284789901.0,16344184.0,陇南市徽县,陇南市徽县高桥镇,17.0,14.0,0.0,2.2,33.2,49.44666666666667,40.822613065326635,46.79183823529412
甘肃省,陇南市,徽县,大河店镇,106.0510913,33.6554989,0.0,0.0,0.0,11.0,28.0,1.0,0.0,3.0,0.0,0.0,0.0,0.0,0.0,0.0,1.0,1.0,0.0,0.0,0.0,0.0,5.0,0.0,1.0,0.0,0.0,1.0,13.0,0.0,0.0,0.0,0.0,0.0,0.0,2.0,7.0,8.0,0.0,0.0,0.0,7.0,4.0,0.0,0.0,0.0,0.0,0.0,0.0,0.0,0.0,0.0,1.0,1.0,0.0,0.0,0.0,0.0,1.0,0.0,0.0,0.0,0.0,1.0,0.0,0.0,0.0,0.0,0.0,0.0,0.0,2.0,4.0,3.0,3826646944.0,-1.0,陇南市徽县,陇南市徽县大河店镇,8.0,15.3,5.0,5.3,33.6,49.44666666666667,40.822613065326635,46.79183823529412
甘肃省,陇南市,徽县,榆树乡,106.0066492,33.959579,0.0,0.0,5.0,2.0,7.0,0.0,0.0,0.0,0.0,0.0,0.0,1.0,0.0,0.0,1.0,1.0,0.0,0.0,0.0,0.0,1.0,0.0,0.0,0.0,0.0,4.0,1.0,0.0,0.0,0.0,0.0,0.0,0.0,1.0,3.0,4.0,0.0,0.0,5.0,2.0,4.0,0.0,0.0,0.0,0.0,0.0,0.0,1.0,0.0,0.0,1.0,1.0,0.0,0.0,0.0,0.0,1.0,0.0,0.0,0.0,0.0,1.0,1.0,0.0,0.0,0.0,0.0,0.0,0.0,1.0,3.0,3.0,4284744114.0,-1.0,陇南市徽县,陇南市徽县榆树乡,11.0,11.1,10.0,2.2,34.300000000000004,49.44666666666667,40.822613065326635,46.79183823529412
甘肃省,陇南市,徽县,虞关乡,106.1681188,33.6315041,0.0,3.0,0.0,14.0,19.0,0.0,0.0,0.0,0.0,0.0,1.0,0.0,0.0,0.0,0.0,0.0,0.0,0.0,0.0,0.0,5.0,0.0,0.0,0.0,0.0,2.0,11.0,0.0,0.0,0.0,0.0,0.0,0.0,3.0,4.0,4.0,0.0,3.0,0.0,6.0,4.0,0.0,0.0,0.0,0.0,0.0,0.0,0.0,0.0,0.0,0.0,0.0,0.0,0.0,0.0,0.0,3.0,0.0,0.0,0.0,0.0,1.0,7.0,0.0,0.0,0.0,0.0,0.0,0.0,3.0,3.0,3.0,2373216520.0,-1.0,陇南市徽县,陇南市徽县虞关乡,9.0,19.0,0.0,3.8,31.8,49.44666666666667,40.822613065326635,46.79183823529412
甘肃省,陇南市,两当县,城关镇,106.3033548,33.9145064,9.0,0.0,12.0,30.0,95.0,40.0,0.0,30.0,0.0,1.0,4.0,4.0,4.0,5.0,3.0,3.0,0.0,0.0,2.0,29.0,8.0,1.0,2.0,0.0,0.0,5.0,214.0,0.0,0.0,7.0,10.0,11.0,16.0,3.0,15.0,12.0,7.0,0.0,5.0,25.0,54.0,32.0,0.0,29.0,0.0,1.0,4.0,4.0,4.0,5.0,3.0,3.0,0.0,0.0,2.0,27.0,3.0,0.0,1.0,0.0,0.0,4.0,182.0,0.0,0.0,4.0,9.0,11.0,12.0,3.0,10.0,9.0,5194885285.0,11893974.0,陇南市两当县,陇南市两当县城关镇,20.0,28.0,23.0,20.0,91.0,49.73333333333333,40.822613065326635,46.79183823529412
甘肃省,陇南市,两当县,站儿巷镇,106.3030994,33.7750719,0.0,0.0,5.0,18.0,18.0,13.0,0.0,8.0,2.0,0.0,0.0,0.0,0.0,0.0,1.0,1.0,0.0,0.0,0.0,0.0,3.0,0.0,1.0,0.0,0.0,3.0,26.0,0.0,0.0,1.0,0.0,1.0,0.0,6.0,9.0,9.0,0.0,0.0,2.0,7.0,9.0,13.0,0.0,8.0,2.0,0.0,0.0,0.0,0.0,0.0,1.0,1.0,0.0,0.0,0.0,0.0,1.0,0.0,1.0,0.0,0.0,1.0,25.0,0.0,0.0,0.0,0.0,1.0,0.0,4.0,9.0,7.0,5196185889.0,-1.0,陇南市两当县,陇南市两当县站儿巷镇,10.0,22.3,5.0,9.2,46.5,49.73333333333333,40.822613065326635,46.79183823529412
甘肃省,陇南市,两当县,西坡镇,106.4240661,33.8465613,0.0,0.0,4.0,12.0,6.0,0.0,0.0,0.0,1.0,0.0,0.0,0.0,0.0,0.0,0.0,0.0,0.0,0.0,0.0,0.0,9.0,0.0,0.0,0.0,0.0,4.0,2.0,0.0,0.0,0.0,1.0,0.0,0.0,12.0,4.0,6.0,0.0,0.0,3.0,7.0,2.0,0.0,0.0,0.0,1.0,0.0,0.0,0.0,0.0,0.0,0.0,0.0,0.0,0.0,0.0,0.0,3.0,0.0,0.0,0.0,0.0,1.0,0.0,0.0,0.0,0.0,0.0,0.0,0.0,3.0,4.0,3.0,2373342143.0,-1.0,陇南市两当县,陇南市两当县西坡镇,11.0,15.8,0.0,3.2,30.0,49.73333333333333,40.822613065326635,46.79183823529412
甘肃省,陇南市,两当县,杨店镇,106.4198526,33.9310481,5.0,0.0,0.0,5.0,70.0,17.0,0.0,4.0,0.0,0.0,3.0,2.0,0.0,0.0,0.0,0.0,0.0,1.0,2.0,4.0,11.0,2.0,0.0,0.0,0.0,5.0,25.0,0.0,0.0,3.0,0.0,4.0,0.0,11.0,16.0,9.0,3.0,0.0,0.0,0.0,23.0,3.0,0.0,0.0,0.0,0.0,2.0,2.0,0.0,0.0,0.0,0.0,0.0,1.0,2.0,4.0,4.0,1.0,0.0,0.0,0.0,1.0,19.0,0.0,0.0,1.0,0.0,4.0,0.0,10.0,9.0,7.0,4115752064.0,11893970.0,陇南市两当县,陇南市两当县杨店镇,20.0,26.0,13.0,8.8,67.8,49.73333333333333,40.822613065326635,46.79183823529412
甘肃省,陇南市,两当县,显龙镇,106.2478207,33.8137385,0.0,0.0,0.0,7.0,61.0,3.0,0.0,0.0,0.0,0.0,0.0,0.0,0.0,0.0,1.0,1.0,0.0,0.0,0.0,0.0,14.0,0.0,0.0,0.0,0.0,3.0,12.0,0.0,0.0,1.0,0.0,0.0,0.0,3.0,5.0,6.0,0.0,0.0,0.0,5.0,10.0,0.0,0.0,0.0,0.0,0.0,0.0,0.0,0.0,0.0,0.0,0.0,0.0,0.0,0.0,0.0,1.0,0.0,0.0,0.0,0.0,1.0,0.0,0.0,0.0,0.0,0.0,0.0,0.0,3.0,2.0,3.0,5196185772.0,-1.0,陇南市两当县,陇南市两当县显龙镇,10.0,22.5,0.0,4.3,36.8,49.73333333333333,40.822613065326635,46.79183823529412
甘肃省,陇南市,两当县,云屏镇,106.412891,33.6968861,0.0,0.0,7.0,1.0,15.0,1.0,0.0,0.0,0.0,0.0,0.0,0.0,0.0,0.0,1.0,1.0,0.0,0.0,0.0,0.0,1.0,0.0,0.0,0.0,0.0,3.0,11.0,0.0,0.0,0.0,0.0,0.0,0.0,3.0,5.0,4.0,0.0,0.0,1.0,1.0,10.0,0.0,0.0,0.0,0.0,0.0,0.0,0.0,0.0,0.0,1.0,1.0,0.0,0.0,0.0,0.0,1.0,0.0,0.0,0.0,0.0,1.0,6.0,0.0,0.0,0.0,0.0,0.0,0.0,1.0,4.0,4.0,5196185740.0,11893973.0,陇南市两当县,陇南市两当县云屏镇,18.0,14.5,5.0,3.7,41.2,49.73333333333333,40.822613065326635,46.79183823529412
甘肃省,陇南市,两当县,左家乡,106.4064905,33.9673225,1.0,0.0,0.0,9.0,59.0,8.0,0.0,0.0,0.0,0.0,1.0,0.0,0.0,0.0,0.0,0.0,0.0,0.0,0.0,0.0,14.0,0.0,1.0,0.0,0.0,10.0,23.0,0.0,0.0,0.0,0.0,0.0,0.0,2.0,9.0,8.0,0.0,0.0,0.0,1.0,21.0,1.0,0.0,0.0,0.0,0.0,0.0,0.0,0.0,0.0,0.0,0.0,0.0,0.0,0.0,0.0,4.0,0.0,1.0,0.0,0.0,4.0,6.0,0.0,0.0,0.0,0.0,0.0,0.0,1.0,5.0,6.0,5196185811.0,11893971.0,陇南市两当县,陇南市两当县左家乡,20.0,26.0,0.0,6.9,52.9,49.73333333333333,40.822613065326635,46.79183823529412
甘肃省,陇南市,两当县,鱼池乡,106.275456,33.837399,0.0,0.0,3.0,2.0,22.0,3.0,0.0,0.0,0.0,0.0,0.0,0.0,0.0,0.0,0.0,0.0,0.0,0.0,0.0,0.0,3.0,0.0,0.0,0.0,0.0,5.0,9.0,0.0,0.0,0.0,0.0,0.0,0.0,4.0,6.0,6.0,0.0,0.0,2.0,1.0,4.0,0.0,0.0,0.0,0.0,0.0,0.0,0.0,0.0,0.0,0.0,0.0,0.0,0.0,0.0,0.0,0.0,0.0,0.0,0.0,0.0,1.0,4.0,0.0,0.0,0.0,0.0,0.0,0.0,1.0,4.0,1.0,5196185773.0,-1.0,陇南市两当县,陇南市两当县鱼池乡,12.0,15.600000000000001,0.0,4.3,31.900000000000002,49.73333333333333,40.822613065326635,46.79183823529412
甘肃省,陇南市,两当县,兴化乡,106.3284946,33.8461731,0.0,0.0,9.0,2.0,29.0,0.0,0.0,1.0,0.0,0.0,0.0,0.0,0.0,0.0,0.0,0.0,0.0,0.0,0.0,0.0,9.0,0.0,0.0,0.0,0.0,5.0,12.0,0.0,0.0,1.0,0.0,0.0,0.0,2.0,6.0,6.0,0.0,0.0,1.0,0.0,14.0,0.0,0.0,0.0,0.0,0.0,0.0,0.0,0.0,0.0,0.0,0.0,0.0,0.0,0.0,0.0,5.0,0.0,0.0,0.0,0.0,2.0,0.0,0.0,0.0,0.0,0.0,0.0,0.0,1.0,4.0,6.0,5196185768.0,-1.0,陇南市两当县,陇南市两当县兴化乡,12.0,20.0,0.0,4.3,36.3,49.73333333333333,40.822613065326635,46.79183823529412
甘肃省,陇南市,两当县,张家乡,106.5381353,34.1288265,0.0,0.0,0.0,8.0,27.0,1.0,0.0,0.0,0.0,0.0,0.0,0.0,0.0,0.0,1.0,1.0,0.0,0.0,0.0,0.0,4.0,0.0,1.0,0.0,0.0,4.0,24.0,0.0,0.0,0.0,0.0,0.0,0.0,10.0,5.0,5.0,0.0,0.0,0.0,2.0,16.0,0.0,0.0,0.0,0.0,0.0,0.0,0.0,0.0,0.0,1.0,1.0,0.0,0.0,0.0,0.0,2.0,0.0,0.0,0.0,0.0,1.0,9.0,0.0,0.0,0.0,0.0,0.0,0.0,1.0,3.0,3.0,5313862656.0,11893975.0,陇南市两当县,陇南市两当县张家乡,19.0,17.7,5.0,5.800000000000001,47.5,49.73333333333333,40.822613065326635,46.79183823529412
甘肃省,陇南市,两当县,泰山乡,106.4495784,33.7727778,0.0,0.0,0.0,2.0,20.0,3.0,0.0,0.0,0.0,0.0,0.0,0.0,0.0,0.0,0.0,0.0,0.0,0.0,0.0,0.0,1.0,0.0,0.0,0.0,0.0,3.0,8.0,0.0,0.0,0.0,0.0,0.0,0.0,12.0,3.0,4.0,0.0,0.0,0.0,2.0,12.0,0.0,0.0,0.0,0.0,0.0,0.0,0.0,0.0,0.0,0.0,0.0,0.0,0.0,0.0,0.0,1.0,0.0,0.0,0.0,0.0,2.0,0.0,0.0,0.0,0.0,0.0,0.0,0.0,1.0,2.0,3.0,5196185743.0,-1.0,陇南市两当县,陇南市两当县泰山乡,10.0,11.1,0.0,2.8,23.900000000000002,49.73333333333333,40.822613065326635,46.79183823529412
甘肃省,陇南市,两当县,金洞乡,106.3075695,33.9091554,10.0,0.0,12.0,30.0,101.0,40.0,0.0,29.0,0.0,1.0,4.0,4.0,4.0,5.0,3.0,3.0,0.0,0.0,2.0,29.0,9.0,1.0,2.0,0.0,0.0,5.0,216.0,0.0,0.0,7.0,10.0,11.0,16.0,3.0,15.0,12.0,5.0,0.0,4.0,21.0,43.0,25.0,0.0,25.0,0.0,0.0,2.0,3.0,3.0,4.0,2.0,2.0,0.0,0.0,2.0,24.0,2.0,0.0,0.0,0.0,0.0,3.0,144.0,0.0,0.0,5.0,8.0,8.0,9.0,3.0,11.0,8.0,5194885170.0,11893972.0,陇南市两当县,陇南市两当县金洞乡,20.0,28.0,23.0,20.0,91.0,49.73333333333333,40.822613065326635,46.79183823529412
甘肃省,临夏回族自治州,临夏市,城南街道,103.211705,35.5964347,33.0,48.0,43.0,46.0,318.0,176.0,0.0,117.0,21.0,4.0,7.0,7.0,5.0,6.0,27.0,35.0,4.0,0.0,2.0,39.0,52.0,5.0,15.0,4.0,2.0,14.0,1446.0,0.0,0.0,6.0,18.0,18.0,30.0,19.0,20.0,17.0,0.0,16.0,21.0,2.0,32.0,42.0,0.0,72.0,7.0,2.0,0.0,1.0,2.0,3.0,2.0,5.0,3.0,0.0,1.0,25.0,6.0,1.0,0.0,1.0,0.0,2.0,494.0,0.0,0.0,1.0,16.0,3.0,19.0,9.0,14.0,9.0,6009308130.0,8844098.0,临夏回族自治州临夏市,临夏回族自治州临夏市城南街道,20.0,30.0,28.0,20.0,98.0,86.96363636363637,49.706870229007635,46.79183823529412
甘肃省,临夏回族自治州,临夏市,城北街道,103.2082693,35.6059671,27.0,42.0,38.0,30.0,284.0,148.0,0.0,99.0,20.0,4.0,6.0,6.0,4.0,5.0,23.0,29.0,3.0,0.0,2.0,33.0,54.0,3.0,9.0,4.0,2.0,13.0,1369.0,0.0,0.0,8.0,18.0,19.0,27.0,18.0,20.0,17.0,11.0,8.0,14.0,5.0,25.0,7.0,0.0,15.0,5.0,0.0,1.0,1.0,1.0,1.0,2.0,5.0,0.0,0.0,0.0,2.0,3.0,1.0,1.0,1.0,0.0,2.0,395.0,0.0,0.0,1.0,1.0,6.0,1.0,8.0,16.0,8.0,8085808036.0,11840766.0,临夏回族自治州临夏市,临夏回族自治州临夏市城北街道,20.0,30.0,17.0,20.0,87.0,86.96363636363637,49.706870229007635,46.79183823529412
甘肃省,临夏回族自治州,临夏市,东关街道,103.2146644,35.5900745,25.0,54.0,43.0,47.0,292.0,181.0,0.0,118.0,19.0,3.0,9.0,7.0,5.0,6.0,26.0,34.0,4.0,0.0,2.0,41.0,47.0,5.0,15.0,4.0,3.0,15.0,1417.0,0.0,0.0,4.0,18.0,18.0,31.0,18.0,20.0,16.0,2.0,26.0,14.0,2.0,37.0,38.0,0.0,68.0,5.0,2.0,1.0,0.0,2.0,3.0,6.0,7.0,3.0,0.0,1.0,26.0,5.0,1.0,0.0,1.0,0.0,3.0,327.0,0.0,0.0,1.0,16.0,2.0,20.0,8.0,15.0,9.0,8085788772.0,11840762.0,临夏回族自治州临夏市,临夏回族自治州临夏市东关街道,20.0,30.0,28.0,20.0,98.0,86.96363636363637,49.706870229007635,46.79183823529412
甘肃省,临夏回族自治州,临夏市,西关街道,103.1977129,35.5916449,31.0,38.0,40.0,20.0,303.0,157.0,0.0,113.0,21.0,3.0,7.0,4.0,5.0,6.0,22.0,29.0,3.0,0.0,2.0,34.0,35.0,2.0,11.0,3.0,1.0,14.0,1231.0,0.0,0.0,7.0,18.0,15.0,27.0,18.0,20.0,19.0,10.0,3.0,10.0,2.0,42.0,68.0,0.0,41.0,2.0,1.0,2.0,3.0,1.0,2.0,7.0,9.0,1.0,0.0,0.0,9.0,6.0,0.0,1.0,0.0,0.0,3.0,277.0,0.0,0.0,0.0,8.0,4.0,6.0,9.0,13.0,9.0,8085788774.0,11840764.0,临夏回族自治州临夏市,临夏回族自治州临夏市西关街道,20.0,30.0,26.0,20.0,96.0,86.96363636363637,49.706870229007635,46.79183823529412
甘肃省,临夏回族自治州,临夏市,八坊街道,103.2057809,35.5882946,31.0,42.0,42.0,32.0,288.0,170.0,0.0,118.0,21.0,3.0,10.0,5.0,4.0,5.0,22.0,30.0,4.0,0.0,2.0,38.0,39.0,3.0,13.0,4.0,1.0,12.0,1317.0,0.0,0.0,6.0,18.0,14.0,27.0,17.0,20.0,19.0,2.0,15.0,11.0,4.0,44.0,70.0,0.0,73.0,3.0,3.0,0.0,1.0,2.0,3.0,7.0,8.0,3.0,0.0,1.0,27.0,9.0,0.0,0.0,1.0,0.0,3.0,337.0,0.0,0.0,1.0,16.0,3.0,23.0,11.0,14.0,9.0,8085788773.0,11840763.0,临夏回族自治州临夏市,临夏回族自治州临夏市八坊街道,20.0,30.0,28.0,20.0,98.0,86.96363636363637,49.706870229007635,46.79183823529412
甘肃省,临夏回族自治州,临夏市,红园街道,103.1997728,35.602672,33.0,38.0,36.0,26.0,284.0,138.0,0.0,99.0,21.0,4.0,5.0,4.0,4.0,5.0,26.0,32.0,3.0,0.0,2.0,33.0,46.0,2.0,9.0,4.0,0.0,11.0,1258.0,0.0,0.0,8.0,18.0,17.0,26.0,16.0,19.0,17.0,9.0,4.0,9.0,6.0,23.0,20.0,0.0,7.0,2.0,0.0,0.0,2.0,0.0,0.0,1.0,3.0,0.0,0.0,0.0,3.0,2.0,1.0,1.0,0.0,0.0,2.0,234.0,0.0,0.0,0.0,3.0,2.0,2.0,7.0,16.0,9.0,8085808019.0,11840765.0,临夏回族自治州临夏市,临夏回族自治州临夏市红园街道,20.0,30.0,13.0,20.0,83.0,86.96363636363637,49.706870229007635,46.79183823529412
甘肃省,临夏回族自治州,临夏市,东区街道,103.247838,35.6153024,25.0,31.0,29.0,24.0,231.0,61.0,0.0,17.0,15.0,3.0,4.0,2.0,2.0,2.0,15.0,16.0,0.0,0.0,1.0,1.0,59.0,2.0,9.0,3.0,3.0,11.0,688.0,0.0,0.0,7.0,0.0,23.0,4.0,12.0,17.0,14.0,1.0,4.0,10.0,2.0,36.0,11.0,0.0,9.0,1.0,0.0,0.0,0.0,0.0,0.0,4.0,5.0,0.0,0.0,0.0,0.0,14.0,0.0,1.0,0.0,0.0,2.0,166.0,0.0,0.0,1.0,0.0,10.0,0.0,4.0,13.0,6.0,6009353147.0,-1.0,临夏回族自治州临夏市,临夏回族自治州临夏市东区街道,12.0,30.0,10.0,20.0,72.0,86.96363636363637,49.706870229007635,46.79183823529412
甘肃省,临夏回族自治州,临夏市,城郊镇,103.1890767,35.5890069,33.0,32.0,29.0,17.0,277.0,130.0,0.0,94.0,15.0,3.0,6.0,4.0,5.0,6.0,20.0,27.0,3.0,0.0,1.0,33.0,29.0,2.0,10.0,1.0,1.0,12.0,1013.0,0.0,0.0,6.0,18.0,8.0,25.0,16.0,20.0,19.0,14.0,3.0,4.0,2.0,56.0,42.0,0.0,8.0,6.0,1.0,3.0,2.0,1.0,1.0,6.0,6.0,0.0,0.0,0.0,3.0,5.0,0.0,3.0,0.0,0.0,2.0,165.0,0.0,0.0,0.0,0.0,1.0,1.0,6.0,11.0,7.0,4384215617.0,8843919.0,临夏回族自治州临夏市,临夏回族自治州临夏市城郊镇,20.0,30.0,18.0,20.0,88.0,86.96363636363637,49.706870229007635,46.79183823529412
甘肃省,临夏回族自治州,临夏市,枹罕镇,103.1398201,35.5533603,40.0,4.0,6.0,24.0,209.0,48.0,0.0,3.0,6.0,2.0,5.0,0.0,0.0,0.0,12.0,12.0,0.0,0.0,0.0,0.0,35.0,0.0,15.0,0.0,0.0,11.0,81.0,0.0,0.0,6.0,0.0,6.0,0.0,5.0,17.0,13.0,6.0,2.0,0.0,0.0,26.0,9.0,0.0,0.0,0.0,0.0,0.0,0.0,0.0,0.0,1.0,1.0,0.0,0.0,0.0,0.0,10.0,0.0,1.0,0.0,0.0,3.0,9.0,0.0,0.0,0.0,0.0,2.0,0.0,1.0,7.0,8.0,2967429993.0,8843920.0,临夏回族自治州临夏市,临夏回族自治州临夏市枹罕镇,20.0,30.0,5.0,13.600000000000001,68.6,86.96363636363637,49.706870229007635,46.79183823529412
甘肃省,临夏回族自治州,临夏市,南龙镇,103.2253526,35.5794492,6.0,52.0,37.0,35.0,245.0,166.0,0.0,105.0,13.0,4.0,5.0,4.0,4.0,5.0,15.0,21.0,4.0,0.0,2.0,38.0,35.0,5.0,13.0,4.0,1.0,11.0,991.0,0.0,0.0,5.0,17.0,7.0,30.0,15.0,21.0,16.0,0.0,16.0,4.0,7.0,37.0,46.0,0.0,22.0,0.0,0.0,1.0,1.0,0.0,0.0,3.0,4.0,1.0,0.0,0.0,3.0,2.0,2.0,5.0,0.0,0.0,2.0,70.0,0.0,0.0,2.0,0.0,0.0,1.0,4.0,10.0,9.0,6009185057.0,8843921.0,临夏回族自治州临夏市,临夏回族自治州临夏市南龙镇,20.0,30.0,18.0,20.0,88.0,86.96363636363637,49.706870229007635,46.79183823529412
甘肃省,临夏回族自治州,临夏市,折桥镇,103.2368266,35.6198114,24.0,37.0,37.0,25.0,251.0,72.0,0.0,29.0,21.0,2.0,4.0,2.0,3.0,3.0,16.0,18.0,0.0,0.0,1.0,2.0,62.0,2.0,9.0,3.0,3.0,11.0,907.0,0.0,0.0,9.0,0.0,28.0,3.0,14.0,19.0,18.0,0.0,1.0,6.0,2.0,31.0,5.0,0.0,0.0,0.0,0.0,1.0,0.0,0.0,0.0,3.0,3.0,0.0,0.0,0.0,0.0,11.0,0.0,4.0,0.0,3.0,2.0,109.0,0.0,0.0,1.0,0.0,3.0,0.0,1.0,9.0,5.0,6009185058.0,8843922.0,临夏回族自治州临夏市,临夏回族自治州临夏市折桥镇,20.0,30.0,10.0,20.0,80.0,86.96363636363637,49.706870229007635,46.79183823529412
甘肃省,临夏回族自治州,临夏县,韩集镇,102.994443,35.4912499,0.0,4.0,9.0,19.0,310.0,1.0,0.0,0.0,2.0,0.0,2.0,0.0,0.0,0.0,4.0,5.0,0.0,0.0,0.0,0.0,36.0,0.0,1.0,0.0,0.0,1.0,167.0,0.0,0.0,7.0,0.0,0.0,0.0,2.0,12.0,9.0,0.0,3.0,4.0,8.0,98.0,0.0,0.0,0.0,0.0,0.0,0.0,0.0,0.0,0.0,1.0,2.0,0.0,0.0,0.0,0.0,5.0,0.0,1.0,0.0,0.0,1.0,75.0,0.0,0.0,1.0,0.0,0.0,0.0,1.0,7.0,5.0,8075349081.0,-1.0,临夏回族自治州临夏县,临夏回族自治州临夏县韩集镇,8.0,28.0,5.0,20.0,61.0,50.43600000000001,49.706870229007635,46.79183823529412
甘肃省,临夏回族自治州,临夏县,土桥镇,103.1871433,35.6570577,0.0,0.0,5.0,10.0,177.0,7.0,0.0,0.0,0.0,0.0,0.0,0.0,1.0,1.0,9.0,10.0,0.0,0.0,0.0,0.0,49.0,0.0,3.0,0.0,1.0,17.0,138.0,0.0,0.0,3.0,0.0,1.0,0.0,1.0,7.0,11.0,0.0,0.0,3.0,4.0,28.0,0.0,0.0,0.0,0.0,0.0,0.0,0.0,1.0,1.0,3.0,4.0,0.0,0.0,0.0,0.0,4.0,0.0,0.0,0.0,1.0,2.0,97.0,0.0,0.0,0.0,0.0,1.0,0.0,1.0,6.0,6.0,4337449279.0,-1.0,临夏回族自治州临夏县,临夏回族自治州临夏县土桥镇,12.0,23.5,10.0,20.0,65.5,50.43600000000001,49.706870229007635,46.79183823529412
甘肃省,临夏回族自治州,临夏县,马集镇,102.9915981,35.4480605,3.0,0.0,0.0,18.0,190.0,2.0,0.0,0.0,1.0,0.0,2.0,1.0,0.0,0.0,1.0,1.0,0.0,0.0,0.0,3.0,35.0,0.0,0.0,0.0,0.0,3.0,49.0,0.0,0.0,10.0,0.0,1.0,0.0,5.0,7.0,7.0,3.0,0.0,0.0,7.0,30.0,1.0,0.0,0.0,0.0,0.0,1.0,0.0,0.0,0.0,1.0,1.0,0.0,0.0,0.0,3.0,8.0,0.0,0.0,0.0,0.0,1.0,15.0,0.0,0.0,0.0,0.0,1.0,0.0,2.0,5.0,5.0,4624306035.0,-1.0,临夏回族自治州临夏县,临夏回族自治州临夏县马集镇,10.0,27.5,13.0,10.9,61.4,50.43600000000001,49.706870229007635,46.79183823529412
甘肃省,临夏回族自治州,临夏县,莲花镇,103.1394993,35.7521599,0.0,0.0,9.0,1.0,41.0,2.0,0.0,1.0,0.0,0.0,0.0,0.0,0.0,0.0,2.0,2.0,0.0,0.0,0.0,0.0,17.0,0.0,0.0,0.0,0.0,5.0,1.0,0.0,0.0,1.0,0.0,0.0,0.0,1.0,8.0,6.0,0.0,0.0,7.0,1.0,3.0,0.0,0.0,0.0,0.0,0.0,0.0,0.0,0.0,0.0,0.0,0.0,0.0,0.0,0.0,0.0,4.0,0.0,0.0,0.0,0.0,1.0,0.0,0.0,0.0,0.0,0.0,0.0,0.0,1.0,4.0,3.0,4755031505.0,-1.0,临夏回族自治州临夏县,临夏回族自治州临夏县莲花镇,12.0,19.1,0.0,3.2,34.300000000000004,50.43600000000001,49.706870229007635,46.79183823529412
甘肃省,临夏回族自治州,临夏县,新集镇,103.0849645,35.5116203,4.0,11.0,10.0,15.0,283.0,18.0,0.0,0.0,0.0,0.0,2.0,0.0,0.0,0.0,8.0,8.0,0.0,0.0,0.0,1.0,43.0,0.0,3.0,1.0,0.0,7.0,159.0,0.0,0.0,6.0,0.0,2.0,0.0,5.0,13.0,13.0,0.0,3.0,0.0,3.0,43.0,0.0,0.0,0.0,0.0,0.0,1.0,0.0,0.0,0.0,2.0,2.0,0.0,0.0,0.0,0.0,9.0,0.0,0.0,0.0,0.0,1.0,22.0,0.0,0.0,0.0,0.0,0.0,0.0,2.0,4.0,6.0,6008254022.0,-1.0,临夏回族自治州临夏县,临夏回族自治州临夏县新集镇,12.0,26.0,5.0,20.0,63.0,50.43600000000001,49.706870229007635,46.79183823529412
甘肃省,临夏回族自治州,临夏县,尹集镇,103.0605335,35.4723772,12.0,5.0,16.0,37.0,203.0,14.0,0.0,1.0,1.0,0.0,3.0,1.0,1.0,1.0,8.0,8.0,1.0,0.0,0.0,1.0,27.0,1.0,8.0,2.0,0.0,8.0,381.0,0.0,0.0,4.0,0.0,4.0,0.0,4.0,15.0,12.0,0.0,0.0,3.0,3.0,31.0,0.0,0.0,0.0,0.0,0.0,1.0,0.0,0.0,0.0,1.0,1.0,0.0,0.0,0.0,1.0,3.0,0.0,1.0,0.0,0.0,1.0,35.0,0.0,0.0,0.0,0.0,0.0,0.0,2.0,5.0,4.0,4624306037.0,-1.0,临夏回族自治州临夏县,临夏回族自治州临夏县尹集镇,12.0,28.0,11.0,20.0,71.0,50.43600000000001,49.706870229007635,46.79183823529412
甘肃省,临夏回族自治州,临夏县,刁祁镇,103.0044267,35.4413374,5.0,0.0,0.0,13.0,196.0,2.0,0.0,0.0,1.0,0.0,2.0,1.0,0.0,0.0,3.0,3.0,0.0,0.0,0.0,3.0,31.0,0.0,0.0,0.0,0.0,4.0,48.0,0.0,0.0,10.0,0.0,1.0,0.0,4.0,9.0,7.0,1.0,0.0,0.0,8.0,39.0,1.0,0.0,0.0,0.0,0.0,0.0,1.0,0.0,0.0,0.0,0.0,0.0,0.0,0.0,0.0,9.0,0.0,0.0,0.0,0.0,1.0,10.0,0.0,0.0,2.0,0.0,0.0,0.0,3.0,7.0,4.0,4624306036.0,-1.0,临夏回族自治州临夏县,临夏回族自治州临夏县刁祁镇,11.0,28.0,5.0,10.5,54.5,50.43600000000001,49.706870229007635,46.79183823529412
甘肃省,临夏回族自治州,临夏县,北塬镇,103.1976699,35.6176101,23.0,13.0,27.0,22.0,227.0,56.0,0.0,60.0,14.0,1.0,1.0,4.0,3.0,4.0,11.0,16.0,1.0,0.0,1.0,13.0,50.0,1.0,9.0,4.0,1.0,11.0,833.0,0.0,0.0,7.0,16.0,15.0,10.0,13.0,20.0,17.0,6.0,0.0,4.0,4.0,37.0,2.0,0.0,4.0,0.0,0.0,0.0,0.0,0.0,0.0,0.0,0.0,0.0,0.0,0.0,0.0,8.0,0.0,0.0,0.0,0.0,2.0,22.0,0.0,0.0,3.0,0.0,0.0,0.0,5.0,10.0,6.0,4384133743.0,-1.0,临夏回族自治州临夏县,临夏回族自治州临夏县北塬镇,12.0,30.0,5.0,20.0,67.0,50.43600000000001,49.706870229007635,46.79183823529412
甘肃省,临夏回族自治州,临夏县,黄泥湾镇,103.2317954,35.5380047,0.0,15.0,4.0,9.0,105.0,0.0,0.0,0.0,0.0,0.0,0.0,0.0,0.0,0.0,2.0,2.0,0.0,0.0,0.0,1.0,31.0,0.0,6.0,0.0,0.0,6.0,63.0,0.0,0.0,4.0,0.0,0.0,0.0,6.0,11.0,8.0,0.0,5.0,4.0,2.0,16.0,0.0,0.0,0.0,0.0,0.0,0.0,0.0,0.0,0.0,0.0,0.0,0.0,0.0,0.0,0.0,7.0,0.0,2.0,0.0,0.0,1.0,4.0,0.0,0.0,0.0,0.0,0.0,0.0,2.0,7.0,6.0,6008254015.0,-1.0,临夏回族自治州临夏县,临夏回族自治州临夏县黄泥湾镇,12.0,24.0,0.0,11.100000000000001,47.1,50.43600000000001,49.706870229007635,46.79183823529412
甘肃省,临夏回族自治州,临夏县,营滩乡,102.971182,35.573473,4.0,0.0,6.0,15.0,71.0,0.0,0.0,0.0,0.0,0.0,0.0,0.0,0.0,0.0,2.0,3.0,0.0,0.0,0.0,0.0,15.0,0.0,4.0,0.0,0.0,4.0,24.0,0.0,0.0,3.0,0.0,0.0,0.0,3.0,9.0,7.0,2.0,0.0,0.0,6.0,13.0,0.0,0.0,0.0,0.0,0.0,0.0,0.0,0.0,0.0,0.0,0.0,0.0,0.0,0.0,0.0,3.0,0.0,0.0,0.0,0.0,1.0,4.0,0.0,0.0,1.0,0.0,0.0,0.0,1.0,5.0,2.0,6006891448.0,-1.0,临夏回族自治州临夏县,临夏回族自治州临夏县营滩乡,11.0,24.0,0.0,6.7,41.7,50.43600000000001,49.706870229007635,46.79183823529412
甘肃省,临夏回族自治州,临夏县,掌子沟乡,102.970186,35.5244731,0.0,2.0,3.0,8.0,167.0,0.0,0.0,0.0,0.0,0.0,0.0,0.0,0.0,0.0,2.0,2.0,0.0,0.0,0.0,0.0,24.0,0.0,1.0,0.0,1.0,1.0,23.0,0.0,0.0,0.0,0.0,0.0,0.0,1.0,7.0,10.0,0.0,0.0,2.0,0.0,16.0,0.0,0.0,0.0,0.0,0.0,0.0,0.0,0.0,0.0,1.0,1.0,0.0,0.0,0.0,0.0,4.0,0.0,1.0,0.0,0.0,1.0,4.0,0.0,0.0,0.0,0.0,0.0,0.0,1.0,3.0,4.0,6008254023.0,-1.0,临夏回族自治州临夏县,临夏回族自治州临夏县掌子沟乡,8.0,23.5,5.0,6.7,43.2,50.43600000000001,49.706870229007635,46.79183823529412
甘肃省,临夏回族自治州,临夏县,麻尼寺沟乡,102.9256665,35.5121526,0.0,3.0,2.0,11.0,70.0,1.0,0.0,0.0,0.0,0.0,0.0,0.0,0.0,0.0,2.0,2.0,0.0,0.0,0.0,0.0,20.0,1.0,1.0,0.0,0.0,2.0,23.0,0.0,0.0,4.0,0.0,0.0,0.0,2.0,12.0,9.0,0.0,1.0,0.0,3.0,22.0,0.0,0.0,0.0,0.0,0.0,0.0,0.0,0.0,0.0,0.0,0.0,0.0,0.0,0.0,0.0,4.0,0.0,0.0,0.0,0.0,1.0,5.0,0.0,0.0,0.0,0.0,0.0,0.0,1.0,5.0,2.0,4624306020.0,-1.0,临夏回族自治州临夏县,临夏回族自治州临夏县麻尼寺沟乡,9.0,24.0,0.0,7.2,40.2,50.43600000000001,49.706870229007635,46.79183823529412
甘肃省,临夏回族自治州,临夏县,漠泥沟乡,102.9472436,35.4691735,0.0,0.0,0.0,16.0,112.0,0.0,0.0,0.0,0.0,0.0,0.0,0.0,1.0,1.0,4.0,4.0,0.0,0.0,0.0,0.0,18.0,0.0,0.0,0.0,0.0,2.0,30.0,0.0,0.0,10.0,0.0,0.0,0.0,1.0,5.0,8.0,0.0,0.0,0.0,3.0,41.0,0.0,0.0,0.0,0.0,0.0,0.0,0.0,1.0,1.0,2.0,2.0,0.0,0.0,0.0,0.0,7.0,0.0,0.0,0.0,0.0,1.0,8.0,0.0,0.0,8.0,0.0,0.0,0.0,1.0,3.0,6.0,4624306034.0,11839744.0,临夏回族自治州临夏县,临夏回族自治州临夏县漠泥沟乡,17.0,22.5,10.0,9.600000000000001,59.1,50.43600000000001,49.706870229007635,46.79183823529412
甘肃省,临夏回族自治州,临夏县,漫路乡,103.101435,35.4236691,0.0,0.0,0.0,9.0,103.0,0.0,0.0,0.0,0.0,0.0,0.0,0.0,0.0,0.0,1.0,1.0,0.0,0.0,0.0,0.0,4.0,0.0,0.0,0.0,0.0,7.0,3.0,0.0,0.0,2.0,0.0,0.0,0.0,1.0,3.0,3.0,0.0,0.0,0.0,7.0,24.0,0.0,0.0,0.0,0.0,0.0,0.0,0.0,0.0,0.0,0.0,0.0,0.0,0.0,0.0,0.0,2.0,0.0,0.0,0.0,0.0,2.0,0.0,0.0,0.0,1.0,0.0,0.0,0.0,1.0,3.0,1.0,4624306039.0,-1.0,临夏回族自治州临夏县,临夏回族自治州临夏县漫路乡,12.0,21.5,0.0,2.1,35.6,50.43600000000001,49.706870229007635,46.79183823529412
甘肃省,临夏回族自治州,临夏县,榆林乡,103.1404248,35.484548,0.0,0.0,0.0,1.0,227.0,1.0,0.0,0.0,0.0,0.0,0.0,0.0,0.0,0.0,1.0,1.0,0.0,0.0,0.0,0.0,22.0,0.0,0.0,0.0,0.0,3.0,21.0,0.0,0.0,0.0,0.0,0.0,0.0,4.0,5.0,6.0,0.0,0.0,0.0,1.0,63.0,0.0,0.0,0.0,0.0,0.0,0.0,0.0,0.0,0.0,0.0,0.0,0.0,0.0,0.0,0.0,8.0,0.0,0.0,0.0,0.0,1.0,9.0,0.0,0.0,0.0,0.0,0.0,0.0,1.0,3.0,2.0,4624306038.0,-1.0,临夏回族自治州临夏县,临夏回族自治州临夏县榆林乡,10.0,22.5,0.0,6.0,38.5,50.43600000000001,49.706870229007635,46.79183823529412
甘肃省,临夏回族自治州,临夏县,井沟乡,103.0929136,35.5918892,0.0,0.0,4.0,2.0,134.0,0.0,0.0,0.0,0.0,0.0,1.0,0.0,0.0,0.0,2.0,2.0,0.0,0.0,0.0,0.0,29.0,0.0,0.0,0.0,0.0,7.0,33.0,0.0,0.0,1.0,0.0,1.0,0.0,1.0,5.0,6.0,0.0,0.0,2.0,1.0,15.0,0.0,0.0,0.0,0.0,0.0,1.0,0.0,0.0,0.0,0.0,0.0,0.0,0.0,0.0,0.0,3.0,0.0,0.0,0.0,0.0,2.0,8.0,0.0,0.0,0.0,0.0,0.0,0.0,1.0,4.0,4.0,4847684209.0,-1.0,临夏回族自治州临夏县,临夏回族自治州临夏县井沟乡,12.0,24.5,0.0,7.2,43.7,50.43600000000001,49.706870229007635,46.79183823529412
甘肃省,临夏回族自治州,临夏县,坡头乡,103.1355499,35.6412896,0.0,0.0,3.0,2.0,85.0,4.0,0.0,0.0,0.0,0.0,0.0,0.0,0.0,0.0,2.0,2.0,0.0,0.0,0.0,0.0,28.0,0.0,0.0,0.0,0.0,5.0,9.0,0.0,0.0,1.0,0.0,0.0,0.0,1.0,6.0,5.0,0.0,0.0,2.0,2.0,17.0,1.0,0.0,0.0,0.0,0.0,0.0,0.0,0.0,0.0,0.0,0.0,0.0,0.0,0.0,0.0,7.0,0.0,0.0,0.0,0.0,2.0,1.0,0.0,0.0,0.0,0.0,0.0,0.0,1.0,6.0,4.0,4847684708.0,-1.0,临夏回族自治州临夏县,临夏回族自治州临夏县坡头乡,12.0,23.0,0.0,3.6,38.6,50.43600000000001,49.706870229007635,46.79183823529412
甘肃省,临夏回族自治州,临夏县,桥寺乡,103.1850139,35.6899682,0.0,0.0,2.0,19.0,198.0,1.0,0.0,0.0,0.0,0.0,0.0,1.0,0.0,0.0,5.0,5.0,0.0,0.0,0.0,0.0,45.0,0.0,0.0,0.0,0.0,10.0,35.0,0.0,0.0,2.0,0.0,1.0,0.0,2.0,7.0,8.0,0.0,0.0,0.0,2.0,12.0,0.0,0.0,0.0,0.0,0.0,0.0,0.0,0.0,0.0,0.0,0.0,0.0,0.0,0.0,0.0,5.0,0.0,0.0,0.0,0.0,1.0,0.0,0.0,0.0,0.0,0.0,0.0,0.0,1.0,5.0,3.0,6008254020.0,-1.0,临夏回族自治州临夏县,临夏回族自治州临夏县桥寺乡,12.0,23.5,5.0,7.7,48.2,50.43600000000001,49.706870229007635,46.79183823529412
甘肃省,临夏回族自治州,临夏县,先锋乡,103.2090804,35.6787125,0.0,0.0,3.0,22.0,247.0,6.0,0.0,0.0,0.0,0.0,0.0,1.0,0.0,0.0,9.0,10.0,0.0,0.0,0.0,0.0,53.0,0.0,0.0,0.0,0.0,15.0,130.0,0.0,0.0,4.0,0.0,1.0,0.0,3.0,7.0,10.0,0.0,0.0,0.0,11.0,40.0,1.0,0.0,0.0,0.0,0.0,0.0,1.0,0.0,0.0,1.0,1.0,0.0,0.0,0.0,0.0,7.0,0.0,0.0,0.0,0.0,2.0,9.0,0.0,0.0,0.0,0.0,0.0,0.0,1.0,6.0,3.0,6008254021.0,-1.0,临夏回族自治州临夏县,临夏回族自治州临夏县先锋乡,12.0,23.5,10.0,18.3,63.8,50.43600000000001,49.706870229007635,46.79183823529412
甘肃省,临夏回族自治州,临夏县,河西乡,103.231431,35.7105844,1.0,0.0,3.0,17.0,226.0,4.0,0.0,1.0,0.0,0.0,0.0,0.0,0.0,0.0,7.0,7.0,0.0,0.0,0.0,0.0,46.0,0.0,0.0,0.0,0.0,11.0,34.0,0.0,0.0,2.0,0.0,0.0,0.0,4.0,9.0,6.0,0.0,0.0,3.0,2.0,35.0,0.0,0.0,0.0,0.0,0.0,0.0,0.0,0.0,0.0,1.0,1.0,0.0,0.0,0.0,0.0,1.0,0.0,0.0,0.0,0.0,2.0,5.0,0.0,0.0,0.0,0.0,0.0,0.0,4.0,5.0,4.0,6008254013.0,-1.0,临夏回族自治州临夏县,临夏回族自治州临夏县河西乡,12.0,24.0,5.0,7.1000000000000005,48.1,50.43600000000001,49.706870229007635,46.79183823529412
甘肃省,临夏回族自治州,临夏县,安家坡乡,103.2418444,35.6808516,7.0,0.0,3.0,21.0,251.0,4.0,0.0,0.0,0.0,0.0,1.0,1.0,0.0,0.0,5.0,5.0,0.0,0.0,0.0,0.0,50.0,0.0,0.0,0.0,0.0,13.0,76.0,0.0,0.0,5.0,0.0,1.0,0.0,6.0,9.0,9.0,0.0,0.0,0.0,6.0,20.0,1.0,0.0,0.0,0.0,0.0,0.0,0.0,0.0,0.0,0.0,0.0,0.0,0.0,0.0,0.0,7.0,0.0,0.0,0.0,0.0,2.0,16.0,0.0,0.0,2.0,0.0,0.0,0.0,1.0,5.0,5.0,6008254012.0,-1.0,临夏回族自治州临夏县,临夏回族自治州临夏县安家坡乡,12.0,26.0,5.0,13.9,56.9,50.43600000000001,49.706870229007635,46.79183823529412
甘肃省,临夏回族自治州,临夏县,南塬乡,103.1370742,35.7097997,0.0,0.0,2.0,2.0,50.0,2.0,0.0,2.0,0.0,0.0,0.0,0.0,0.0,0.0,0.0,0.0,0.0,0.0,0.0,0.0,5.0,0.0,0.0,0.0,0.0,1.0,5.0,0.0,0.0,1.0,0.0,0.0,0.0,1.0,9.0,3.0,0.0,0.0,0.0,1.0,18.0,0.0,0.0,0.0,0.0,0.0,0.0,0.0,0.0,0.0,0.0,0.0,0.0,0.0,0.0,0.0,0.0,0.0,0.0,0.0,0.0,1.0,3.0,0.0,0.0,0.0,0.0,0.0,0.0,1.0,3.0,0.0,6008254019.0,-1.0,临夏回族自治州临夏县,临夏回族自治州临夏县南塬乡,8.0,24.0,0.0,2.4,34.4,50.43600000000001,49.706870229007635,46.79183823529412
甘肃省,临夏回族自治州,临夏县,红台乡,103.0469034,35.5555917,2.0,0.0,5.0,7.0,148.0,2.0,0.0,0.0,0.0,0.0,1.0,0.0,0.0,0.0,4.0,4.0,0.0,0.0,0.0,0.0,33.0,0.0,0.0,0.0,0.0,4.0,24.0,0.0,0.0,3.0,0.0,0.0,0.0,2.0,7.0,7.0,1.0,0.0,4.0,3.0,44.0,0.0,0.0,0.0,0.0,0.0,1.0,0.0,0.0,0.0,1.0,1.0,0.0,0.0,0.0,0.0,8.0,0.0,0.0,0.0,0.0,1.0,9.0,0.0,0.0,0.0,0.0,0.0,0.0,1.0,5.0,5.0,6008254014.0,-1.0,临夏回族自治州临夏县,临夏回族自治州临夏县红台乡,11.0,25.5,5.0,7.1,48.6,50.43600000000001,49.706870229007635,46.79183823529412
甘肃省,临夏回族自治州,临夏县,路盘乡,103.2562343,35.5562954,10.0,14.0,3.0,11.0,101.0,6.0,0.0,0.0,0.0,0.0,2.0,1.0,0.0,0.0,3.0,3.0,0.0,0.0,0.0,3.0,23.0,0.0,7.0,0.0,0.0,4.0,75.0,0.0,0.0,4.0,0.0,0.0,1.0,6.0,14.0,9.0,0.0,0.0,0.0,3.0,16.0,0.0,0.0,0.0,0.0,0.0,0.0,1.0,0.0,0.0,0.0,0.0,0.0,0.0,0.0,0.0,3.0,0.0,0.0,0.0,0.0,2.0,8.0,0.0,0.0,1.0,0.0,0.0,0.0,1.0,4.0,3.0,6008254017.0,-1.0,临夏回族自治州临夏县,临夏回族自治州临夏县路盘乡,11.0,26.0,5.0,12.8,54.8,50.43600000000001,49.706870229007635,46.79183823529412
甘肃省,临夏回族自治州,临夏县,民主乡,103.1963046,35.535924,0.0,1.0,2.0,10.0,74.0,1.0,0.0,1.0,0.0,0.0,0.0,0.0,0.0,0.0,2.0,2.0,0.0,0.0,0.0,0.0,32.0,0.0,4.0,0.0,0.0,8.0,8.0,0.0,0.0,3.0,0.0,0.0,0.0,4.0,10.0,7.0,0.0,0.0,0.0,2.0,21.0,1.0,0.0,0.0,0.0,0.0,0.0,0.0,0.0,0.0,0.0,0.0,0.0,0.0,0.0,0.0,9.0,0.0,0.0,0.0,0.0,1.0,1.0,0.0,0.0,0.0,0.0,0.0,0.0,1.0,5.0,4.0,6008254018.0,-1.0,临夏回族自治州临夏县,临夏回族自治州临夏县民主乡,12.0,24.0,0.0,4.7,40.7,50.43600000000001,49.706870229007635,46.79183823529412
甘肃省,临夏回族自治州,康乐县,附城镇,103.7005516,35.3697355,11.0,1.0,30.0,39.0,70.0,10.0,1.0,3.0,0.0,1.0,1.0,0.0,1.0,1.0,4.0,4.0,0.0,0.0,8.0,29.0,14.0,0.0,4.0,0.0,2.0,3.0,155.0,0.0,6.0,4.0,16.0,14.0,0.0,4.0,18.0,12.0,0.0,0.0,12.0,15.0,21.0,1.0,0.0,1.0,0.0,0.0,1.0,0.0,0.0,0.0,2.0,2.0,0.0,0.0,6.0,23.0,2.0,0.0,0.0,0.0,0.0,2.0,34.0,0.0,0.0,2.0,10.0,6.0,0.0,2.0,6.0,7.0,8085698097.0,-1.0,临夏回族自治州康乐县,临夏回族自治州康乐县附城镇,10.0,28.0,13.0,20.0,71.0,41.64,49.706870229007635,46.79183823529412
甘肃省,临夏回族自治州,康乐县,苏集镇,103.5763307,35.3460116,2.0,0.0,5.0,3.0,40.0,1.0,0.0,0.0,0.0,0.0,0.0,0.0,1.0,1.0,2.0,2.0,0.0,0.0,0.0,1.0,4.0,1.0,0.0,0.0,0.0,6.0,8.0,0.0,0.0,2.0,0.0,0.0,0.0,1.0,8.0,3.0,2.0,0.0,3.0,2.0,9.0,0.0,0.0,0.0,0.0,0.0,0.0,0.0,1.0,1.0,2.0,2.0,0.0,0.0,0.0,1.0,2.0,1.0,0.0,0.0,0.0,1.0,2.0,0.0,0.0,0.0,0.0,0.0,0.0,1.0,7.0,3.0,6073983593.0,-1.0,临夏回族自治州康乐县,临夏回族自治州康乐县苏集镇,12.0,22.7,11.0,2.7,48.400000000000006,41.64,49.706870229007635,46.79183823529412
甘肃省,临夏回族自治州,康乐县,胭脂镇,103.7069194,35.2925496,3.0,0.0,3.0,1.0,57.0,1.0,0.0,1.0,0.0,0.0,1.0,0.0,0.0,0.0,2.0,2.0,0.0,0.0,0.0,0.0,7.0,0.0,1.0,0.0,0.0,2.0,22.0,0.0,0.0,4.0,0.0,0.0,0.0,7.0,8.0,7.0,3.0,0.0,3.0,1.0,22.0,0.0,0.0,0.0,0.0,0.0,0.0,0.0,0.0,0.0,1.0,1.0,0.0,0.0,0.0,0.0,1.0,0.0,0.0,0.0,0.0,1.0,16.0,0.0,0.0,1.0,0.0,0.0,0.0,2.0,6.0,3.0,6073983595.0,-1.0,临夏回族自治州康乐县,临夏回族自治州康乐县胭脂镇,9.0,26.0,5.0,7.8,47.8,41.64,49.706870229007635,46.79183823529412
甘肃省,临夏回族自治州,康乐县,景古镇,103.6900507,35.1333861,5.0,0.0,1.0,10.0,53.0,0.0,0.0,0.0,0.0,0.0,0.0,0.0,0.0,0.0,0.0,0.0,0.0,0.0,0.0,0.0,22.0,0.0,0.0,0.0,0.0,1.0,3.0,0.0,0.0,1.0,0.0,0.0,0.0,7.0,6.0,4.0,1.0,0.0,0.0,4.0,18.0,0.0,0.0,0.0,0.0,0.0,0.0,0.0,0.0,0.0,0.0,0.0,0.0,0.0,0.0,0.0,7.0,0.0,0.0,0.0,0.0,1.0,3.0,0.0,0.0,0.0,0.0,0.0,0.0,2.0,4.0,3.0,6073983590.0,-1.0,临夏回族自治州康乐县,临夏回族自治州康乐县景古镇,8.0,23.0,0.0,2.7,33.7,41.64,49.706870229007635,46.79183823529412
甘肃省,临夏回族自治州,康乐县,莲麓镇,103.747127,35.015287,2.0,0.0,8.0,8.0,50.0,1.0,0.0,0.0,0.0,1.0,0.0,0.0,0.0,0.0,3.0,3.0,0.0,0.0,0.0,0.0,19.0,0.0,0.0,0.0,0.0,8.0,45.0,0.0,0.0,2.0,0.0,1.0,0.0,11.0,7.0,7.0,1.0,0.0,0.0,2.0,15.0,0.0,0.0,0.0,0.0,0.0,0.0,0.0,0.0,0.0,2.0,2.0,0.0,0.0,0.0,0.0,5.0,0.0,0.0,0.0,0.0,1.0,34.0,0.0,0.0,0.0,0.0,1.0,0.0,2.0,4.0,6.0,3969687651.0,5910315.0,临夏回族自治州康乐县,临夏回族自治州康乐县莲麓镇,20.0,25.5,5.0,11.6,62.1,41.64,49.706870229007635,46.79183823529412
甘肃省,临夏回族自治州,康乐县,康丰乡,103.7058727,35.3784764,11.0,1.0,27.0,41.0,64.0,8.0,1.0,3.0,0.0,1.0,2.0,0.0,1.0,1.0,2.0,2.0,0.0,0.0,8.0,29.0,12.0,0.0,4.0,0.0,2.0,3.0,142.0,0.0,6.0,4.0,16.0,15.0,0.0,4.0,19.0,12.0,2.0,0.0,13.0,15.0,15.0,0.0,1.0,0.0,0.0,0.0,0.0,0.0,0.0,0.0,2.0,2.0,0.0,0.0,6.0,10.0,2.0,0.0,0.0,0.0,0.0,2.0,38.0,0.0,0.0,2.0,10.0,4.0,0.0,3.0,8.0,5.0,4384268101.0,-1.0,临夏回族自治州康乐县,临夏回族自治州康乐县康丰乡,10.0,28.0,13.0,20.0,71.0,41.64,49.706870229007635,46.79183823529412
甘肃省,临夏回族自治州,康乐县,虎关乡,103.7487871,35.4195501,8.0,0.0,0.0,7.0,93.0,0.0,0.0,0.0,0.0,0.0,0.0,0.0,0.0,0.0,1.0,1.0,0.0,0.0,0.0,0.0,17.0,0.0,1.0,0.0,0.0,5.0,10.0,0.0,0.0,0.0,0.0,3.0,0.0,3.0,5.0,10.0,5.0,0.0,0.0,4.0,24.0,0.0,0.0,0.0,0.0,0.0,0.0,0.0,0.0,0.0,0.0,0.0,0.0,0.0,0.0,0.0,4.0,0.0,1.0,0.0,0.0,1.0,6.0,0.0,0.0,0.0,0.0,1.0,0.0,1.0,5.0,7.0,6073983589.0,-1.0,临夏回族自治州康乐县,临夏回族自治州康乐县虎关乡,12.0,22.5,0.0,5.6,40.1,41.64,49.706870229007635,46.79183823529412
甘肃省,临夏回族自治州,康乐县,流川乡,103.6657022,35.4380544,1.0,0.0,1.0,0.0,61.0,0.0,0.0,0.0,0.0,0.0,0.0,0.0,0.0,0.0,0.0,0.0,0.0,0.0,0.0,0.0,11.0,0.0,0.0,0.0,0.0,2.0,13.0,0.0,0.0,3.0,0.0,0.0,0.0,3.0,6.0,5.0,1.0,0.0,0.0,0.0,14.0,0.0,0.0,0.0,0.0,0.0,0.0,0.0,0.0,0.0,0.0,0.0,0.0,0.0,0.0,0.0,3.0,0.0,0.0,0.0,0.0,1.0,0.0,0.0,0.0,0.0,0.0,0.0,0.0,3.0,4.0,4.0,6073983591.0,-1.0,临夏回族自治州康乐县,临夏回族自治州康乐县流川乡,9.0,23.0,0.0,4.1,36.1,41.64,49.706870229007635,46.79183823529412
甘肃省,临夏回族自治州,康乐县,白王乡,103.5814822,35.4157646,2.0,0.0,2.0,7.0,32.0,0.0,0.0,0.0,0.0,0.0,0.0,0.0,0.0,0.0,3.0,3.0,0.0,0.0,0.0,0.0,3.0,0.0,0.0,0.0,0.0,3.0,6.0,0.0,0.0,2.0,0.0,0.0,0.0,3.0,6.0,2.0,1.0,0.0,0.0,1.0,2.0,0.0,0.0,0.0,0.0,0.0,0.0,0.0,0.0,0.0,0.0,0.0,0.0,0.0,0.0,0.0,1.0,0.0,0.0,0.0,0.0,1.0,1.0,0.0,0.0,0.0,0.0,0.0,0.0,3.0,4.0,1.0,6073983586.0,-1.0,临夏回族自治州康乐县,临夏回族自治州康乐县白王乡,10.0,20.0,0.0,1.9,31.9,41.64,49.706870229007635,46.79183823529412
甘肃省,临夏回族自治州,康乐县,八松乡,103.484756,35.3106218,2.0,0.0,0.0,9.0,2.0,0.0,0.0,0.0,0.0,0.0,0.0,0.0,0.0,0.0,0.0,0.0,0.0,0.0,0.0,0.0,1.0,0.0,0.0,0.0,0.0,8.0,2.0,0.0,0.0,0.0,0.0,0.0,0.0,3.0,3.0,2.0,2.0,0.0,0.0,6.0,0.0,0.0,0.0,0.0,0.0,0.0,0.0,0.0,0.0,0.0,0.0,0.0,0.0,0.0,0.0,0.0,1.0,0.0,0.0,0.0,0.0,2.0,0.0,0.0,0.0,0.0,0.0,0.0,0.0,1.0,2.0,2.0,6073983587.0,-1.0,临夏回族自治州康乐县,临夏回族自治州康乐县八松乡,12.0,11.9,0.0,1.2,25.099999999999998,41.64,49.706870229007635,46.79183823529412
甘肃省,临夏回族自治州,康乐县,鸣鹿乡,103.5532064,35.2941368,0.0,0.0,3.0,3.0,4.0,0.0,0.0,0.0,0.0,0.0,0.0,0.0,0.0,0.0,0.0,0.0,0.0,0.0,0.0,0.0,1.0,0.0,0.0,0.0,0.0,3.0,0.0,0.0,0.0,0.0,0.0,0.0,0.0,1.0,4.0,3.0,0.0,0.0,1.0,2.0,0.0,0.0,0.0,0.0,0.0,0.0,0.0,0.0,0.0,0.0,0.0,0.0,0.0,0.0,0.0,0.0,1.0,0.0,0.0,0.0,0.0,1.0,0.0,0.0,0.0,0.0,0.0,0.0,0.0,1.0,2.0,2.0,6073983592.0,-1.0,临夏回族自治州康乐县,临夏回族自治州康乐县鸣鹿乡,10.0,10.8,0.0,1.5,22.3,41.64,49.706870229007635,46.79183823529412
甘肃省,临夏回族自治州,康乐县,八丹乡,103.6076769,35.3102199,0.0,0.0,2.0,5.0,20.0,6.0,0.0,0.0,0.0,0.0,0.0,0.0,0.0,0.0,1.0,1.0,0.0,0.0,0.0,0.0,5.0,0.0,0.0,0.0,0.0,5.0,9.0,0.0,0.0,1.0,0.0,0.0,0.0,1.0,7.0,2.0,0.0,0.0,0.0,2.0,0.0,0.0,0.0,0.0,0.0,0.0,0.0,0.0,0.0,0.0,0.0,0.0,0.0,0.0,0.0,0.0,1.0,0.0,0.0,0.0,0.0,1.0,0.0,0.0,0.0,0.0,0.0,0.0,0.0,1.0,2.0,1.0,6073983585.0,-1.0,临夏回族自治州康乐县,临夏回族自治州康乐县八丹乡,12.0,17.5,0.0,2.0,31.5,41.64,49.706870229007635,46.79183823529412
甘肃省,临夏回族自治州,康乐县,上湾乡,103.6178558,35.283356,0.0,0.0,0.0,6.0,19.0,6.0,0.0,0.0,0.0,0.0,0.0,0.0,0.0,0.0,1.0,1.0,0.0,0.0,0.0,0.0,6.0,0.0,0.0,0.0,0.0,4.0,13.0,0.0,0.0,0.0,0.0,0.0,0.0,1.0,5.0,4.0,0.0,0.0,0.0,2.0,3.0,6.0,0.0,0.0,0.0,0.0,0.0,0.0,0.0,0.0,1.0,1.0,0.0,0.0,0.0,0.0,3.0,0.0,0.0,0.0,0.0,1.0,10.0,0.0,0.0,0.0,0.0,0.0,0.0,1.0,4.0,2.0,5115129179.0,-1.0,临夏回族自治州康乐县,临夏回族自治州康乐县上湾乡,11.0,12.2,5.0,4.300000000000001,32.5,41.64,49.706870229007635,46.79183823529412
甘肃省,临夏回族自治州,康乐县,草滩乡,103.6572624,35.216881,6.0,0.0,5.0,8.0,63.0,0.0,0.0,0.0,0.0,0.0,0.0,0.0,0.0,0.0,1.0,1.0,0.0,0.0,0.0,0.0,8.0,0.0,1.0,0.0,0.0,1.0,16.0,0.0,0.0,4.0,0.0,0.0,0.0,7.0,7.0,7.0,0.0,0.0,0.0,5.0,23.0,0.0,0.0,0.0,0.0,0.0,0.0,0.0,0.0,0.0,0.0,0.0,0.0,0.0,0.0,0.0,1.0,0.0,0.0,0.0,0.0,1.0,6.0,0.0,0.0,1.0,0.0,0.0,0.0,1.0,4.0,2.0,6073983588.0,-1.0,临夏回族自治州康乐县,临夏回族自治州康乐县草滩乡,8.0,23.5,0.0,6.2,37.7,41.64,49.706870229007635,46.79183823529412
甘肃省,临夏回族自治州,康乐县,五户乡,103.6966667,35.1762067,4.0,0.0,2.0,5.0,27.0,0.0,0.0,4.0,0.0,0.0,0.0,0.0,0.0,0.0,1.0,1.0,0.0,0.0,0.0,0.0,12.0,0.0,2.0,0.0,0.0,1.0,4.0,0.0,0.0,1.0,0.0,0.0,0.0,8.0,8.0,5.0,1.0,0.0,0.0,1.0,10.0,0.0,0.0,0.0,0.0,0.0,0.0,0.0,0.0,0.0,0.0,0.0,0.0,0.0,0.0,0.0,4.0,0.0,0.0,0.0,0.0,1.0,0.0,0.0,0.0,0.0,0.0,0.0,0.0,2.0,5.0,2.0,6073983594.0,-1.0,临夏回族自治州康乐县,临夏回族自治州康乐县五户乡,8.0,22.4,0.0,3.0,33.4,41.64,49.706870229007635,46.79183823529412
甘肃省,临夏回族自治州,永靖县,刘家峡镇,103.3033702,35.9389374,18.0,34.0,22.0,33.0,184.0,53.0,2.0,42.0,20.0,2.0,4.0,2.0,3.0,3.0,10.0,10.0,1.0,1.0,2.0,11.0,21.0,0.0,6.0,0.0,0.0,6.0,629.0,5.0,17.0,10.0,5.0,17.0,9.0,5.0,18.0,14.0,5.0,7.0,5.0,14.0,50.0,8.0,1.0,17.0,4.0,1.0,1.0,0.0,1.0,1.0,3.0,3.0,0.0,0.0,0.0,5.0,4.0,0.0,0.0,0.0,0.0,1.0,121.0,4.0,3.0,1.0,1.0,5.0,2.0,2.0,13.0,5.0,4223934545.0,-1.0,临夏回族自治州永靖县,临夏回族自治州永靖县刘家峡镇,12.0,30.0,20.0,20.0,82.0,39.57647058823529,49.706870229007635,46.79183823529412
甘肃省,临夏回族自治州,永靖县,盐锅峡镇,103.2836161,36.0734755,17.0,0.0,17.0,12.0,113.0,7.0,0.0,2.0,2.0,0.0,1.0,0.0,0.0,0.0,1.0,1.0,0.0,0.0,0.0,0.0,16.0,0.0,6.0,0.0,0.0,5.0,51.0,0.0,0.0,3.0,0.0,3.0,0.0,4.0,12.0,7.0,7.0,0.0,4.0,4.0,24.0,0.0,0.0,0.0,0.0,0.0,0.0,0.0,0.0,0.0,0.0,0.0,0.0,0.0,0.0,0.0,4.0,0.0,3.0,0.0,0.0,2.0,19.0,0.0,0.0,1.0,0.0,2.0,0.0,3.0,5.0,6.0,4529073482.0,-1.0,临夏回族自治州永靖县,临夏回族自治州永靖县盐锅峡镇,12.0,28.0,0.0,10.9,50.9,39.57647058823529,49.706870229007635,46.79183823529412
甘肃省,临夏回族自治州,永靖县,太极镇,103.2699857,35.9604,18.0,11.0,22.0,33.0,237.0,70.0,5.0,18.0,23.0,1.0,0.0,2.0,2.0,2.0,13.0,13.0,0.0,0.0,0.0,2.0,20.0,0.0,8.0,0.0,0.0,6.0,507.0,3.0,1.0,17.0,1.0,14.0,3.0,4.0,19.0,12.0,2.0,0.0,7.0,12.0,63.0,10.0,0.0,2.0,14.0,0.0,0.0,1.0,2.0,2.0,3.0,3.0,0.0,0.0,0.0,0.0,4.0,0.0,0.0,0.0,0.0,1.0,209.0,3.0,0.0,1.0,0.0,4.0,0.0,1.0,9.0,4.0,6003309942.0,-1.0,临夏回族自治州永靖县,临夏回族自治州永靖县太极镇,12.0,28.0,15.0,20.0,75.0,39.57647058823529,49.706870229007635,46.79183823529412
甘肃省,临夏回族自治州,永靖县,西河镇,103.2088627,36.1636025,2.0,0.0,0.0,19.0,20.0,0.0,0.0,0.0,0.0,0.0,1.0,0.0,0.0,0.0,1.0,1.0,0.0,0.0,0.0,0.0,3.0,0.0,1.0,0.0,0.0,4.0,65.0,0.0,0.0,3.0,0.0,0.0,0.0,11.0,5.0,8.0,1.0,0.0,0.0,9.0,10.0,0.0,0.0,0.0,0.0,0.0,0.0,0.0,0.0,0.0,1.0,1.0,0.0,0.0,0.0,0.0,1.0,0.0,0.0,0.0,0.0,1.0,0.0,0.0,0.0,0.0,0.0,0.0,0.0,8.0,4.0,4.0,4624375860.0,-1.0,临夏回族自治州永靖县,临夏回族自治州永靖县西河镇,11.0,21.5,5.0,10.8,48.3,39.57647058823529,49.706870229007635,46.79183823529412
甘肃省,临夏回族自治州,永靖县,三塬镇,103.200367,35.8907645,0.0,4.0,13.0,6.0,112.0,1.0,0.0,0.0,0.0,0.0,0.0,0.0,0.0,0.0,0.0,0.0,0.0,0.0,0.0,0.0,23.0,0.0,2.0,0.0,0.0,4.0,33.0,0.0,0.0,3.0,0.0,0.0,0.0,1.0,7.0,5.0,0.0,2.0,0.0,1.0,30.0,0.0,0.0,0.0,0.0,0.0,0.0,0.0,0.0,0.0,0.0,0.0,0.0,0.0,0.0,0.0,3.0,0.0,0.0,0.0,0.0,1.0,13.0,0.0,0.0,1.0,0.0,0.0,0.0,1.0,4.0,2.0,4315647198.0,-1.0,临夏回族自治州永靖县,临夏回族自治州永靖县三塬镇,11.0,23.5,0.0,7.5,42.0,39.57647058823529,49.706870229007635,46.79183823529412
甘肃省,临夏回族自治州,永靖县,岘塬镇,103.269863,35.9119708,0.0,6.0,8.0,1.0,97.0,15.0,0.0,1.0,0.0,0.0,1.0,0.0,0.0,0.0,3.0,3.0,0.0,0.0,0.0,0.0,12.0,0.0,0.0,0.0,0.0,5.0,50.0,0.0,0.0,2.0,0.0,2.0,0.0,1.0,8.0,12.0,0.0,3.0,0.0,0.0,20.0,0.0,0.0,0.0,0.0,0.0,0.0,0.0,0.0,0.0,2.0,2.0,0.0,0.0,0.0,0.0,3.0,0.0,0.0,0.0,0.0,1.0,14.0,0.0,0.0,0.0,0.0,1.0,0.0,1.0,4.0,4.0,4248224405.0,-1.0,临夏回族自治州永靖县,临夏回族自治州永靖县岘塬镇,12.0,26.0,5.0,10.600000000000001,53.6,39.57647058823529,49.706870229007635,46.79183823529412
甘肃省,临夏回族自治州,永靖县,陈井镇,103.4626647,36.0483764,3.0,0.0,0.0,2.0,17.0,1.0,0.0,0.0,0.0,0.0,0.0,0.0,0.0,0.0,1.0,1.0,0.0,0.0,0.0,0.0,17.0,0.0,1.0,0.0,0.0,5.0,11.0,0.0,0.0,3.0,0.0,0.0,0.0,1.0,5.0,3.0,2.0,0.0,0.0,1.0,2.0,0.0,0.0,0.0,0.0,0.0,0.0,0.0,0.0,0.0,1.0,1.0,0.0,0.0,0.0,0.0,2.0,0.0,0.0,0.0,0.0,1.0,8.0,0.0,0.0,0.0,0.0,0.0,0.0,1.0,4.0,1.0,4529073467.0,-1.0,临夏回族自治州永靖县,临夏回族自治州永靖县陈井镇,12.0,13.5,5.0,3.7,34.2,39.57647058823529,49.706870229007635,46.79183823529412
甘肃省,临夏回族自治州,永靖县,川城镇,102.9510733,35.9542589,0.0,2.0,0.0,0.0,15.0,0.0,0.0,0.0,0.0,0.0,1.0,0.0,0.0,0.0,1.0,1.0,0.0,0.0,0.0,0.0,1.0,0.0,1.0,0.0,0.0,1.0,4.0,0.0,0.0,1.0,0.0,0.0,0.0,7.0,3.0,2.0,0.0,1.0,0.0,0.0,12.0,0.0,0.0,0.0,0.0,0.0,0.0,0.0,0.0,0.0,1.0,1.0,0.0,0.0,0.0,0.0,1.0,0.0,1.0,0.0,0.0,1.0,2.0,0.0,0.0,1.0,0.0,0.0,0.0,7.0,3.0,2.0,6003323351.0,-1.0,临夏回族自治州永靖县,临夏回族自治州永靖县川城镇,8.0,15.1,5.0,1.8,29.900000000000002,39.57647058823529,49.706870229007635,46.79183823529412
甘肃省,临夏回族自治州,永靖县,王台镇,103.0342484,35.8815485,0.0,8.0,2.0,1.0,5.0,0.0,0.0,0.0,0.0,0.0,0.0,0.0,0.0,0.0,1.0,1.0,0.0,0.0,0.0,0.0,2.0,0.0,0.0,0.0,0.0,2.0,0.0,0.0,0.0,1.0,0.0,0.0,0.0,1.0,5.0,1.0,0.0,3.0,2.0,0.0,3.0,0.0,0.0,0.0,0.0,0.0,0.0,0.0,0.0,0.0,1.0,1.0,0.0,0.0,0.0,0.0,2.0,0.0,0.0,0.0,0.0,1.0,0.0,0.0,0.0,1.0,0.0,0.0,0.0,1.0,3.0,1.0,2967440342.0,-1.0,临夏回族自治州永靖县,临夏回族自治州永靖县王台镇,9.0,10.4,5.0,0.7,25.099999999999998,39.57647058823529,49.706870229007635,46.79183823529412
甘肃省,临夏回族自治州,永靖县,红泉镇,103.0593109,35.9136707,0.0,0.0,1.0,3.0,3.0,0.0,0.0,0.0,0.0,0.0,0.0,0.0,0.0,0.0,0.0,0.0,0.0,0.0,0.0,0.0,6.0,0.0,0.0,0.0,0.0,4.0,8.0,0.0,0.0,0.0,0.0,0.0,0.0,1.0,4.0,1.0,0.0,0.0,1.0,2.0,1.0,0.0,0.0,0.0,0.0,0.0,0.0,0.0,0.0,0.0,0.0,0.0,0.0,0.0,0.0,0.0,4.0,0.0,0.0,0.0,0.0,1.0,7.0,0.0,0.0,0.0,0.0,0.0,0.0,1.0,3.0,1.0,4386760211.0,-1.0,临夏回族自治州永靖县,临夏回族自治州永靖县红泉镇,11.0,10.9,0.0,2.0,23.9,39.57647058823529,49.706870229007635,46.79183823529412
甘肃省,临夏回族自治州,永靖县,关山乡,103.585626,36.0036925,3.0,0.0,0.0,2.0,19.0,4.0,0.0,3.0,0.0,0.0,0.0,0.0,0.0,0.0,0.0,0.0,0.0,0.0,0.0,0.0,23.0,0.0,0.0,0.0,0.0,7.0,18.0,0.0,0.0,2.0,0.0,0.0,0.0,1.0,7.0,6.0,1.0,0.0,0.0,1.0,5.0,3.0,0.0,0.0,0.0,0.0,0.0,0.0,0.0,0.0,0.0,0.0,0.0,0.0,0.0,0.0,8.0,0.0,0.0,0.0,0.0,3.0,13.0,0.0,0.0,0.0,0.0,0.0,0.0,1.0,5.0,1.0,4126767971.0,-1.0,临夏回族自治州永靖县,临夏回族自治州永靖县关山乡,12.0,15.8,0.0,6.300000000000001,34.1,39.57647058823529,49.706870229007635,46.79183823529412
甘肃省,临夏回族自治州,永靖县,徐顶乡,103.5149377,36.0082124,6.0,1.0,0.0,1.0,8.0,0.0,0.0,0.0,0.0,0.0,0.0,0.0,0.0,0.0,0.0,0.0,0.0,0.0,0.0,0.0,12.0,0.0,1.0,0.0,0.0,6.0,0.0,0.0,0.0,0.0,0.0,0.0,0.0,3.0,5.0,5.0,1.0,0.0,0.0,0.0,2.0,0.0,0.0,0.0,0.0,0.0,0.0,0.0,0.0,0.0,0.0,0.0,0.0,0.0,0.0,0.0,1.0,0.0,1.0,0.0,0.0,1.0,0.0,0.0,0.0,0.0,0.0,0.0,0.0,2.0,3.0,3.0,4342978235.0,-1.0,临夏回族自治州永靖县,临夏回族自治州永靖县徐顶乡,12.0,10.7,0.0,2.5,25.2,39.57647058823529,49.706870229007635,46.79183823529412
甘肃省,临夏回族自治州,永靖县,三条岘乡,103.3813262,35.9824644,0.0,5.0,2.0,7.0,16.0,16.0,0.0,0.0,1.0,0.0,0.0,0.0,0.0,0.0,0.0,1.0,0.0,0.0,0.0,0.0,7.0,0.0,5.0,0.0,1.0,2.0,8.0,0.0,0.0,1.0,0.0,0.0,0.0,2.0,8.0,5.0,0.0,3.0,0.0,3.0,3.0,0.0,0.0,0.0,0.0,0.0,0.0,0.0,0.0,0.0,0.0,0.0,0.0,0.0,0.0,0.0,2.0,0.0,2.0,0.0,1.0,1.0,1.0,0.0,0.0,0.0,0.0,0.0,0.0,2.0,6.0,4.0,4075345818.0,11840474.0,临夏回族自治州永靖县,临夏回族自治州永靖县三条岘乡,17.0,20.1,0.0,3.5,40.6,39.57647058823529,49.706870229007635,46.79183823529412
甘肃省,临夏回族自治州,永靖县,坪沟乡,103.0385601,36.1604911,0.0,4.0,0.0,0.0,17.0,0.0,0.0,0.0,0.0,0.0,0.0,0.0,0.0,0.0,0.0,0.0,0.0,0.0,0.0,0.0,2.0,0.0,0.0,0.0,0.0,3.0,0.0,0.0,0.0,1.0,0.0,0.0,0.0,1.0,4.0,1.0,0.0,2.0,0.0,0.0,5.0,0.0,0.0,0.0,0.0,0.0,0.0,0.0,0.0,0.0,0.0,0.0,0.0,0.0,0.0,0.0,1.0,0.0,0.0,0.0,0.0,1.0,0.0,0.0,0.0,0.0,0.0,0.0,0.0,1.0,4.0,1.0,4529073699.0,-1.0,临夏回族自治州永靖县,临夏回族自治州永靖县坪沟乡,10.0,11.9,0.0,0.6,22.5,39.57647058823529,49.706870229007635,46.79183823529412
甘肃省,临夏回族自治州,永靖县,新寺乡,103.0242603,36.0437813,0.0,5.0,0.0,7.0,4.0,4.0,0.0,0.0,0.0,0.0,0.0,1.0,0.0,0.0,0.0,0.0,0.0,0.0,0.0,0.0,5.0,0.0,0.0,0.0,0.0,4.0,0.0,0.0,0.0,2.0,0.0,0.0,0.0,1.0,5.0,5.0,0.0,2.0,0.0,6.0,0.0,3.0,0.0,0.0,0.0,0.0,0.0,1.0,0.0,0.0,0.0,0.0,0.0,0.0,0.0,0.0,3.0,0.0,0.0,0.0,0.0,2.0,0.0,0.0,0.0,0.0,0.0,0.0,0.0,1.0,4.0,3.0,4529073719.0,-1.0,临夏回族自治州永靖县,临夏回族自治州永靖县新寺乡,11.0,13.3,5.0,2.7,32.0,39.57647058823529,49.706870229007635,46.79183823529412
甘肃省,临夏回族自治州,永靖县,小岭乡,102.9955572,35.8948925,0.0,6.0,1.0,1.0,15.0,1.0,0.0,0.0,0.0,0.0,0.0,0.0,0.0,0.0,2.0,2.0,0.0,0.0,0.0,0.0,6.0,0.0,0.0,0.0,0.0,4.0,7.0,0.0,0.0,1.0,0.0,0.0,0.0,1.0,7.0,3.0,0.0,2.0,0.0,1.0,2.0,1.0,0.0,0.0,0.0,0.0,0.0,0.0,0.0,0.0,1.0,1.0,0.0,0.0,0.0,0.0,2.0,0.0,0.0,0.0,0.0,1.0,4.0,0.0,0.0,0.0,0.0,0.0,0.0,1.0,4.0,3.0,2967440534.0,-1.0,临夏回族自治州永靖县,临夏回族自治州永靖县小岭乡,11.0,13.1,5.0,2.7,31.8,39.57647058823529,49.706870229007635,46.79183823529412
甘肃省,临夏回族自治州,永靖县,杨塔乡,103.0771552,35.8439374,0.0,1.0,0.0,0.0,12.0,0.0,0.0,1.0,0.0,0.0,0.0,0.0,0.0,0.0,0.0,0.0,0.0,0.0,0.0,0.0,12.0,0.0,0.0,0.0,0.0,4.0,0.0,0.0,0.0,0.0,0.0,0.0,0.0,1.0,5.0,1.0,0.0,1.0,0.0,0.0,1.0,0.0,0.0,0.0,0.0,0.0,0.0,0.0,0.0,0.0,0.0,0.0,0.0,0.0,0.0,0.0,3.0,0.0,0.0,0.0,0.0,1.0,0.0,0.0,0.0,0.0,0.0,0.0,0.0,1.0,2.0,1.0,6004112418.0,-1.0,临夏回族自治州永靖县,临夏回族自治州永靖县杨塔乡,11.0,10.2,0.0,0.5,21.7,39.57647058823529,49.706870229007635,46.79183823529412
甘肃省,临夏回族自治州,广河县,城关镇,103.5779214,35.4820946,5.0,6.0,22.0,20.0,159.0,6.0,0.0,5.0,0.0,0.0,3.0,1.0,1.0,1.0,4.0,7.0,1.0,0.0,0.0,1.0,12.0,1.0,3.0,0.0,2.0,6.0,161.0,0.0,0.0,3.0,0.0,6.0,0.0,3.0,14.0,8.0,3.0,4.0,6.0,16.0,15.0,0.0,0.0,3.0,0.0,0.0,1.0,1.0,1.0,1.0,0.0,0.0,0.0,0.0,0.0,1.0,4.0,1.0,0.0,0.0,0.0,3.0,52.0,0.0,0.0,0.0,0.0,3.0,0.0,1.0,6.0,5.0,8085664443.0,-1.0,临夏回族自治州广河县,临夏回族自治州广河县城关镇,12.0,26.0,11.0,20.0,69.0,49.48888888888889,49.706870229007635,46.79183823529412
甘肃省,临夏回族自治州,广河县,三甲集镇,103.7524366,35.5636888,5.0,1.0,9.0,24.0,221.0,11.0,0.0,3.0,0.0,0.0,3.0,1.0,0.0,0.0,6.0,6.0,0.0,0.0,0.0,0.0,12.0,0.0,4.0,0.0,2.0,6.0,87.0,0.0,0.0,1.0,0.0,0.0,0.0,2.0,13.0,9.0,0.0,1.0,6.0,8.0,73.0,8.0,0.0,1.0,0.0,0.0,0.0,1.0,0.0,0.0,0.0,0.0,0.0,0.0,0.0,0.0,2.0,0.0,2.0,0.0,1.0,2.0,37.0,0.0,0.0,1.0,0.0,0.0,0.0,2.0,10.0,6.0,5114560766.0,-1.0,临夏回族自治州广河县,临夏回族自治州广河县三甲集镇,12.0,26.0,5.0,16.6,59.6,49.48888888888889,49.706870229007635,46.79183823529412
甘肃省,临夏回族自治州,广河县,祁家集镇,103.6734042,35.5057078,3.0,0.0,6.0,7.0,110.0,4.0,0.0,0.0,0.0,0.0,0.0,0.0,0.0,0.0,3.0,3.0,0.0,0.0,0.0,0.0,11.0,0.0,1.0,0.0,0.0,5.0,56.0,0.0,0.0,1.0,0.0,0.0,0.0,2.0,11.0,7.0,1.0,0.0,1.0,6.0,23.0,0.0,0.0,0.0,0.0,0.0,0.0,0.0,0.0,0.0,2.0,2.0,0.0,0.0,0.0,0.0,3.0,0.0,0.0,0.0,0.0,1.0,16.0,0.0,0.0,0.0,0.0,0.0,0.0,2.0,7.0,4.0,6072970174.0,-1.0,临夏回族自治州广河县,临夏回族自治州广河县祁家集镇,12.0,24.0,5.0,10.8,51.8,49.48888888888889,49.706870229007635,46.79183823529412
甘肃省,临夏回族自治州,广河县,庄窠集镇,103.4713626,35.3759466,0.0,0.0,1.0,6.0,50.0,0.0,0.0,0.0,0.0,0.0,1.0,0.0,0.0,0.0,2.0,2.0,0.0,0.0,0.0,0.0,4.0,0.0,0.0,0.0,0.0,5.0,13.0,0.0,0.0,1.0,0.0,0.0,0.0,3.0,4.0,3.0,0.0,0.0,1.0,1.0,18.0,0.0,0.0,0.0,0.0,0.0,1.0,0.0,0.0,0.0,1.0,1.0,0.0,0.0,0.0,0.0,2.0,0.0,0.0,0.0,0.0,1.0,12.0,0.0,0.0,1.0,0.0,0.0,0.0,1.0,4.0,3.0,5115134454.0,-1.0,临夏回族自治州广河县,临夏回族自治州广河县庄窠集镇,12.0,24.0,5.0,4.2,45.2,49.48888888888889,49.706870229007635,46.79183823529412
甘肃省,临夏回族自治州,广河县,买家巷镇,103.4564869,35.4556376,0.0,1.0,2.0,5.0,102.0,5.0,0.0,1.0,0.0,2.0,2.0,0.0,0.0,0.0,2.0,2.0,0.0,0.0,0.0,0.0,6.0,0.0,0.0,0.0,0.0,5.0,14.0,0.0,0.0,1.0,0.0,0.0,0.0,6.0,9.0,3.0,0.0,1.0,1.0,3.0,20.0,0.0,0.0,0.0,0.0,0.0,0.0,0.0,0.0,0.0,0.0,0.0,0.0,0.0,0.0,0.0,2.0,0.0,0.0,0.0,0.0,1.0,4.0,0.0,0.0,0.0,0.0,0.0,0.0,2.0,6.0,3.0,6072970172.0,-1.0,临夏回族自治州广河县,临夏回族自治州广河县买家巷镇,12.0,28.0,0.0,3.4000000000000004,43.4,49.48888888888889,49.706870229007635,46.79183823529412
甘肃省,临夏回族自治州,广河县,齐家镇,103.8327257,35.4884265,0.0,0.0,18.0,7.0,164.0,7.0,0.0,0.0,0.0,0.0,1.0,0.0,0.0,0.0,2.0,2.0,0.0,0.0,0.0,0.0,16.0,0.0,0.0,0.0,0.0,3.0,19.0,0.0,0.0,1.0,0.0,0.0,0.0,8.0,6.0,10.0,0.0,0.0,3.0,3.0,23.0,3.0,0.0,0.0,0.0,0.0,0.0,0.0,0.0,0.0,1.0,1.0,0.0,0.0,0.0,0.0,2.0,0.0,0.0,0.0,0.0,1.0,11.0,0.0,0.0,0.0,0.0,0.0,0.0,1.0,6.0,4.0,6072970173.0,-1.0,临夏回族自治州广河县,临夏回族自治州广河县齐家镇,10.0,25.0,5.0,7.1,47.1,49.48888888888889,49.706870229007635,46.79183823529412
甘肃省,临夏回族自治州,广河县,水泉乡,103.7215515,35.4679096,0.0,0.0,9.0,4.0,105.0,1.0,0.0,0.0,0.0,0.0,0.0,0.0,0.0,0.0,4.0,4.0,0.0,0.0,0.0,0.0,17.0,0.0,1.0,0.0,0.0,4.0,18.0,0.0,0.0,2.0,0.0,0.0,0.0,3.0,6.0,7.0,0.0,0.0,3.0,0.0,25.0,1.0,0.0,0.0,0.0,0.0,0.0,0.0,0.0,0.0,2.0,2.0,0.0,0.0,0.0,0.0,6.0,0.0,1.0,0.0,0.0,1.0,8.0,0.0,0.0,0.0,0.0,0.0,0.0,1.0,5.0,5.0,6072970175.0,-1.0,临夏回族自治州广河县,临夏回族自治州广河县水泉乡,11.0,23.0,5.0,6.300000000000001,45.3,49.48888888888889,49.706870229007635,46.79183823529412
甘肃省,临夏回族自治州,广河县,官坊乡,103.4545973,35.404236,0.0,0.0,1.0,8.0,52.0,0.0,0.0,0.0,0.0,0.0,0.0,0.0,0.0,0.0,3.0,4.0,0.0,0.0,0.0,0.0,4.0,0.0,0.0,0.0,0.0,4.0,2.0,0.0,0.0,1.0,0.0,0.0,0.0,4.0,4.0,1.0,0.0,0.0,0.0,3.0,8.0,0.0,0.0,0.0,0.0,0.0,0.0,0.0,0.0,0.0,1.0,1.0,0.0,0.0,0.0,0.0,0.0,0.0,0.0,0.0,0.0,2.0,0.0,0.0,0.0,0.0,0.0,0.0,0.0,1.0,3.0,0.0,6072970171.0,-1.0,临夏回族自治州广河县,临夏回族自治州广河县官坊乡,11.0,22.0,5.0,0.8,38.8,49.48888888888889,49.706870229007635,46.79183823529412
甘肃省,临夏回族自治州,广河县,阿力麻土东乡族乡,103.4996637,35.4801204,0.0,3.0,7.0,4.0,95.0,10.0,0.0,0.0,0.0,2.0,3.0,1.0,0.0,0.0,2.0,3.0,0.0,0.0,0.0,0.0,10.0,0.0,0.0,0.0,0.0,1.0,19.0,0.0,0.0,1.0,0.0,0.0,0.0,4.0,10.0,4.0,0.0,0.0,5.0,1.0,13.0,4.0,0.0,0.0,0.0,0.0,0.0,1.0,0.0,0.0,0.0,1.0,0.0,0.0,0.0,0.0,4.0,0.0,0.0,0.0,0.0,1.0,2.0,0.0,0.0,0.0,0.0,0.0,0.0,2.0,6.0,3.0,6072970170.0,-1.0,临夏回族自治州广河县,临夏回族自治州广河县阿力麻土东乡族乡,8.0,28.0,5.0,4.2,45.2,49.48888888888889,49.706870229007635,46.79183823529412
甘肃省,临夏回族自治州,和政县,城关镇,103.3496332,35.4266253,5.0,0.0,23.0,48.0,120.0,5.0,1.0,1.0,0.0,1.0,1.0,0.0,2.0,2.0,5.0,7.0,1.0,0.0,0.0,1.0,28.0,0.0,4.0,0.0,0.0,12.0,121.0,0.0,0.0,3.0,1.0,9.0,1.0,6.0,9.0,10.0,3.0,0.0,12.0,23.0,31.0,1.0,0.0,1.0,0.0,0.0,0.0,0.0,1.0,1.0,3.0,4.0,0.0,0.0,0.0,0.0,8.0,0.0,0.0,0.0,0.0,2.0,58.0,0.0,0.0,0.0,0.0,0.0,0.0,4.0,7.0,4.0,8085719300.0,5910323.0,临夏回族自治州和政县,临夏回族自治州和政县城关镇,20.0,28.0,10.0,20.0,78.0,55.76923076923077,49.706870229007635,46.79183823529412
甘肃省,临夏回族自治州,和政县,三合镇,103.3609223,35.4577087,6.0,10.0,9.0,19.0,93.0,7.0,1.0,0.0,1.0,1.0,3.0,0.0,0.0,0.0,7.0,8.0,1.0,0.0,0.0,1.0,26.0,0.0,5.0,0.0,0.0,4.0,75.0,0.0,0.0,3.0,1.0,3.0,1.0,8.0,13.0,9.0,1.0,2.0,1.0,3.0,25.0,2.0,0.0,0.0,1.0,0.0,1.0,0.0,0.0,0.0,3.0,3.0,0.0,0.0,0.0,0.0,5.0,0.0,3.0,0.0,0.0,2.0,27.0,0.0,0.0,0.0,0.0,0.0,0.0,3.0,10.0,5.0,3969699197.0,5910329.0,临夏回族自治州和政县,临夏回族自治州和政县三合镇,19.0,30.0,5.0,14.5,68.5,55.76923076923077,49.706870229007635,46.79183823529412
甘肃省,临夏回族自治州,和政县,三十里铺镇,103.2566969,35.468956,0.0,5.0,0.0,12.0,125.0,0.0,0.0,0.0,0.0,0.0,0.0,0.0,0.0,0.0,2.0,2.0,0.0,0.0,1.0,0.0,8.0,0.0,0.0,0.0,0.0,4.0,31.0,0.0,0.0,2.0,0.0,0.0,0.0,4.0,6.0,8.0,0.0,5.0,0.0,1.0,41.0,0.0,0.0,0.0,0.0,0.0,0.0,0.0,0.0,0.0,0.0,0.0,0.0,0.0,1.0,0.0,2.0,0.0,0.0,0.0,0.0,1.0,5.0,0.0,0.0,1.0,0.0,0.0,0.0,2.0,5.0,3.0,3969759163.0,5910427.0,临夏回族自治州和政县,临夏回族自治州和政县三十里铺镇,19.0,23.0,2.0,7.9,51.9,55.76923076923077,49.706870229007635,46.79183823529412
甘肃省,临夏回族自治州,和政县,马家堡镇,103.2075511,35.459904,0.0,9.0,10.0,6.0,119.0,1.0,0.0,0.0,0.0,0.0,1.0,0.0,0.0,0.0,3.0,3.0,0.0,0.0,0.0,0.0,20.0,0.0,0.0,0.0,0.0,9.0,16.0,0.0,0.0,2.0,0.0,0.0,0.0,3.0,7.0,7.0,0.0,3.0,4.0,0.0,43.0,1.0,0.0,0.0,0.0,0.0,0.0,0.0,0.0,0.0,0.0,0.0,0.0,0.0,0.0,0.0,5.0,0.0,0.0,0.0,0.0,1.0,8.0,0.0,0.0,0.0,0.0,0.0,0.0,1.0,5.0,5.0,3969762877.0,5910429.0,临夏回族自治州和政县,临夏回族自治州和政县马家堡镇,20.0,25.5,0.0,6.1,51.6,55.76923076923077,49.706870229007635,46.79183823529412
甘肃省,临夏回族自治州,和政县,买家集镇,103.2543839,35.377208,0.0,0.0,7.0,7.0,45.0,2.0,0.0,0.0,0.0,0.0,0.0,0.0,0.0,0.0,1.0,1.0,0.0,0.0,0.0,0.0,7.0,0.0,1.0,0.0,0.0,7.0,10.0,0.0,0.0,2.0,0.0,1.0,0.0,6.0,6.0,7.0,0.0,0.0,5.0,2.0,12.0,0.0,0.0,0.0,0.0,0.0,0.0,0.0,0.0,0.0,1.0,1.0,0.0,0.0,0.0,0.0,4.0,0.0,0.0,0.0,0.0,1.0,5.0,0.0,0.0,0.0,0.0,0.0,0.0,2.0,4.0,2.0,3969681142.0,5910309.0,临夏回族自治州和政县,临夏回族自治州和政县买家集镇,20.0,23.0,5.0,5.2,53.2,55.76923076923077,49.706870229007635,46.79183823529412
甘肃省,临夏回族自治州,和政县,松鸣镇,103.4061838,35.2724396,9.0,0.0,15.0,6.0,66.0,21.0,0.0,11.0,0.0,1.0,1.0,0.0,0.0,0.0,1.0,1.0,0.0,0.0,0.0,0.0,15.0,0.0,0.0,0.0,0.0,6.0,60.0,0.0,0.0,0.0,0.0,8.0,0.0,5.0,9.0,8.0,5.0,0.0,9.0,6.0,33.0,12.0,0.0,0.0,0.0,1.0,1.0,0.0,0.0,0.0,1.0,1.0,0.0,0.0,0.0,0.0,7.0,0.0,0.0,0.0,0.0,2.0,54.0,0.0,0.0,0.0,0.0,6.0,0.0,1.0,6.0,7.0,3969668271.0,5910314.0,临夏回族自治州和政县,临夏回族自治州和政县松鸣镇,20.0,28.0,5.0,15.4,68.4,55.76923076923077,49.706870229007635,46.79183823529412
甘肃省,临夏回族自治州,和政县,陈家集镇,103.3266174,35.5014678,0.0,7.0,9.0,17.0,101.0,6.0,0.0,0.0,0.0,0.0,1.0,1.0,0.0,0.0,4.0,4.0,0.0,0.0,0.0,0.0,15.0,0.0,0.0,0.0,0.0,3.0,20.0,0.0,0.0,0.0,0.0,0.0,0.0,5.0,8.0,5.0,0.0,0.0,6.0,1.0,27.0,3.0,0.0,0.0,0.0,0.0,0.0,1.0,0.0,0.0,1.0,1.0,0.0,0.0,0.0,0.0,3.0,0.0,0.0,0.0,0.0,1.0,4.0,0.0,0.0,0.0,0.0,0.0,0.0,3.0,5.0,3.0,3969765275.0,5910433.0,临夏回族自治州和政县,临夏回族自治州和政县陈家集镇,18.0,26.0,10.0,4.9,58.9,55.76923076923077,49.706870229007635,46.79183823529412
甘肃省,临夏回族自治州,和政县,罗家集镇,103.1802271,35.408808,0.0,6.0,5.0,6.0,38.0,0.0,0.0,0.0,0.0,0.0,0.0,1.0,0.0,0.0,1.0,1.0,0.0,0.0,0.0,0.0,9.0,0.0,0.0,0.0,0.0,3.0,3.0,0.0,0.0,1.0,0.0,1.0,0.0,4.0,5.0,7.0,0.0,1.0,3.0,3.0,18.0,0.0,0.0,0.0,0.0,0.0,0.0,1.0,0.0,0.0,0.0,0.0,0.0,0.0,0.0,0.0,3.0,0.0,0.0,0.0,0.0,1.0,3.0,0.0,0.0,0.0,0.0,0.0,0.0,1.0,5.0,3.0,3969762806.0,5910434.0,临夏回族自治州和政县,临夏回族自治州和政县罗家集镇,18.0,22.5,5.0,4.2,49.7,55.76923076923077,49.706870229007635,46.79183823529412
甘肃省,临夏回族自治州,和政县,新营镇,103.2680599,35.336851,0.0,0.0,8.0,1.0,56.0,5.0,0.0,0.0,0.0,0.0,0.0,0.0,0.0,0.0,0.0,0.0,0.0,0.0,0.0,0.0,4.0,0.0,1.0,0.0,0.0,9.0,2.0,0.0,0.0,0.0,0.0,1.0,0.0,2.0,6.0,7.0,0.0,0.0,5.0,0.0,4.0,0.0,0.0,0.0,0.0,0.0,0.0,0.0,0.0,0.0,0.0,0.0,0.0,0.0,0.0,0.0,2.0,0.0,0.0,0.0,0.0,3.0,0.0,0.0,0.0,0.0,0.0,0.0,0.0,1.0,3.0,3.0,3969683248.0,5910311.0,临夏回族自治州和政县,临夏回族自治州和政县新营镇,20.0,21.4,0.0,3.7,45.1,55.76923076923077,49.706870229007635,46.79183823529412
甘肃省,临夏回族自治州,和政县,梁家寺乡,103.396877,35.508791,0.0,1.0,0.0,3.0,85.0,1.0,0.0,0.0,0.0,0.0,0.0,0.0,0.0,0.0,0.0,1.0,0.0,0.0,0.0,0.0,8.0,0.0,0.0,0.0,0.0,1.0,1.0,0.0,0.0,0.0,0.0,0.0,0.0,4.0,6.0,2.0,0.0,1.0,0.0,2.0,18.0,0.0,0.0,0.0,0.0,0.0,0.0,0.0,0.0,0.0,0.0,1.0,0.0,0.0,0.0,0.0,1.0,0.0,0.0,0.0,0.0,1.0,0.0,0.0,0.0,0.0,0.0,0.0,0.0,1.0,5.0,1.0,3969756773.0,5910432.0,临夏回族自治州和政县,临夏回族自治州和政县梁家寺乡,16.0,23.0,0.0,1.1,40.1,55.76923076923077,49.706870229007635,46.79183823529412
甘肃省,临夏回族自治州,和政县,卜家庄乡,103.298216,35.418372,0.0,1.0,5.0,1.0,108.0,2.0,0.0,0.0,0.0,0.0,0.0,1.0,0.0,0.0,3.0,3.0,0.0,0.0,0.0,0.0,10.0,0.0,0.0,0.0,0.0,25.0,10.0,0.0,0.0,1.0,0.0,0.0,0.0,5.0,6.0,4.0,0.0,0.0,1.0,0.0,16.0,0.0,0.0,0.0,0.0,0.0,0.0,1.0,0.0,0.0,1.0,1.0,0.0,0.0,0.0,0.0,1.0,0.0,0.0,0.0,0.0,2.0,0.0,0.0,0.0,0.0,0.0,0.0,0.0,1.0,3.0,3.0,3969756811.0,5910446.0,临夏回族自治州和政县,临夏回族自治州和政县卜家庄乡,20.0,23.0,10.0,3.1,56.1,55.76923076923077,49.706870229007635,46.79183823529412
甘肃省,临夏回族自治州,和政县,新庄乡,103.3580825,35.3335381,0.0,0.0,7.0,7.0,14.0,0.0,0.0,0.0,0.0,0.0,0.0,1.0,0.0,0.0,1.0,1.0,0.0,0.0,0.0,0.0,4.0,0.0,0.0,0.0,0.0,4.0,3.0,0.0,0.0,0.0,0.0,0.0,0.0,2.0,4.0,4.0,0.0,0.0,5.0,6.0,7.0,0.0,0.0,0.0,0.0,0.0,0.0,1.0,0.0,0.0,1.0,1.0,0.0,0.0,0.0,0.0,3.0,0.0,0.0,0.0,0.0,1.0,3.0,0.0,0.0,0.0,0.0,0.0,0.0,1.0,4.0,3.0,3969684100.0,5910312.0,临夏回族自治州和政县,临夏回族自治州和政县新庄乡,19.0,16.9,10.0,2.6,48.5,55.76923076923077,49.706870229007635,46.79183823529412
甘肃省,临夏回族自治州,和政县,达浪乡,103.3773131,35.412633,5.0,0.0,10.0,44.0,89.0,2.0,1.0,0.0,0.0,0.0,0.0,0.0,1.0,1.0,5.0,6.0,0.0,0.0,0.0,0.0,21.0,0.0,1.0,0.0,0.0,8.0,69.0,0.0,0.0,1.0,0.0,6.0,0.0,6.0,9.0,9.0,1.0,0.0,3.0,4.0,19.0,0.0,0.0,0.0,0.0,0.0,0.0,0.0,0.0,0.0,0.0,0.0,0.0,0.0,0.0,0.0,2.0,0.0,0.0,0.0,0.0,1.0,0.0,0.0,0.0,0.0,0.0,0.0,0.0,2.0,5.0,4.0,3969767060.0,5910447.0,临夏回族自治州和政县,临夏回族自治州和政县达浪乡,20.0,24.0,0.0,11.0,55.0,55.76923076923077,49.706870229007635,46.79183823529412
甘肃省,临夏回族自治州,东乡族自治县,锁南镇,103.3926558,35.6650108,7.0,4.0,11.0,13.0,90.0,10.0,0.0,3.0,0.0,0.0,3.0,1.0,1.0,1.0,4.0,4.0,0.0,0.0,0.0,1.0,6.0,0.0,1.0,0.0,1.0,2.0,134.0,0.0,0.0,7.0,0.0,14.0,5.0,2.0,14.0,9.0,3.0,0.0,6.0,7.0,20.0,5.0,0.0,3.0,0.0,0.0,0.0,1.0,1.0,1.0,3.0,3.0,0.0,0.0,0.0,0.0,1.0,0.0,0.0,0.0,0.0,2.0,69.0,0.0,0.0,0.0,0.0,10.0,3.0,2.0,11.0,4.0,8085608332.0,-1.0,临夏回族自治州东乡族自治县,临夏回族自治州东乡族自治县锁南镇,9.0,26.0,15.0,20.0,70.0,41.40833333333333,49.706870229007635,46.79183823529412
甘肃省,临夏回族自治州,东乡族自治县,达板镇,103.6338138,35.7272937,10.0,7.0,6.0,2.0,48.0,31.0,0.0,0.0,2.0,0.0,2.0,1.0,0.0,0.0,3.0,3.0,0.0,0.0,0.0,1.0,8.0,1.0,4.0,0.0,3.0,3.0,129.0,0.0,0.0,4.0,0.0,0.0,1.0,10.0,11.0,10.0,5.0,4.0,1.0,1.0,12.0,29.0,0.0,0.0,0.0,0.0,1.0,1.0,0.0,0.0,1.0,1.0,0.0,0.0,0.0,0.0,3.0,1.0,3.0,0.0,1.0,1.0,63.0,0.0,0.0,0.0,0.0,0.0,1.0,8.0,8.0,8.0,4461663849.0,-1.0,临夏回族自治州东乡族自治县,临夏回族自治州东乡族自治县达板镇,10.0,28.0,10.0,20.0,68.0,41.40833333333333,49.706870229007635,46.79183823529412
甘肃省,临夏回族自治州,东乡族自治县,河滩镇,103.2374565,35.7373709,3.0,0.0,3.0,7.0,68.0,0.0,0.0,1.0,0.0,0.0,1.0,0.0,0.0,0.0,3.0,3.0,0.0,0.0,0.0,0.0,28.0,0.0,0.0,0.0,0.0,6.0,17.0,0.0,0.0,1.0,0.0,0.0,0.0,4.0,8.0,5.0,1.0,0.0,0.0,2.0,12.0,0.0,0.0,1.0,0.0,0.0,1.0,0.0,0.0,0.0,1.0,1.0,0.0,0.0,0.0,0.0,3.0,0.0,0.0,0.0,0.0,1.0,11.0,0.0,0.0,0.0,0.0,0.0,0.0,1.0,6.0,2.0,4337449634.0,-1.0,临夏回族自治州东乡族自治县,临夏回族自治州东乡族自治县河滩镇,12.0,26.0,5.0,5.4,48.4,41.40833333333333,49.706870229007635,46.79183823529412
甘肃省,临夏回族自治州,东乡族自治县,那勒寺镇,103.4839937,35.5523606,34.0,8.0,3.0,2.0,76.0,0.0,0.0,0.0,0.0,0.0,0.0,1.0,0.0,0.0,3.0,3.0,0.0,0.0,0.0,0.0,15.0,0.0,0.0,0.0,0.0,6.0,24.0,0.0,0.0,2.0,0.0,0.0,0.0,2.0,9.0,5.0,10.0,0.0,3.0,1.0,35.0,0.0,0.0,0.0,0.0,0.0,0.0,0.0,0.0,0.0,1.0,1.0,0.0,0.0,0.0,0.0,5.0,0.0,0.0,0.0,0.0,1.0,7.0,0.0,0.0,2.0,0.0,0.0,0.0,1.0,5.0,3.0,6074227227.0,-1.0,临夏回族自治州东乡族自治县,临夏回族自治州东乡族自治县那勒寺镇,12.0,24.0,10.0,6.0,52.0,41.40833333333333,49.706870229007635,46.79183823529412
甘肃省,临夏回族自治州,东乡族自治县,唐汪镇,103.5383762,35.7963716,0.0,10.0,9.0,15.0,64.0,25.0,0.0,10.0,2.0,1.0,0.0,1.0,0.0,0.0,5.0,6.0,0.0,0.0,0.0,1.0,8.0,0.0,1.0,0.0,0.0,5.0,33.0,0.0,0.0,9.0,0.0,5.0,2.0,7.0,12.0,15.0,0.0,3.0,4.0,4.0,25.0,16.0,0.0,0.0,0.0,0.0,0.0,1.0,0.0,0.0,3.0,3.0,0.0,0.0,0.0,1.0,2.0,0.0,0.0,0.0,0.0,2.0,15.0,0.0,0.0,4.0,0.0,0.0,1.0,1.0,6.0,5.0,4506007404.0,-1.0,临夏回族自治州东乡族自治县,临夏回族自治州东乡族自治县唐汪镇,12.0,28.0,11.0,10.100000000000001,61.1,41.40833333333333,49.706870229007635,46.79183823529412
甘肃省,临夏回族自治州,东乡族自治县,果园镇,103.6540292,35.5787876,9.0,0.0,6.0,0.0,63.0,0.0,0.0,0.0,0.0,0.0,0.0,0.0,0.0,0.0,3.0,3.0,0.0,0.0,0.0,0.0,10.0,0.0,0.0,0.0,0.0,4.0,20.0,0.0,0.0,1.0,0.0,0.0,0.0,4.0,5.0,6.0,2.0,0.0,1.0,0.0,21.0,0.0,0.0,0.0,0.0,0.0,0.0,0.0,0.0,0.0,2.0,2.0,0.0,0.0,0.0,0.0,0.0,0.0,0.0,0.0,0.0,1.0,5.0,0.0,0.0,0.0,0.0,0.0,0.0,1.0,4.0,3.0,6074227224.0,-1.0,临夏回族自治州东乡族自治县,临夏回族自治州东乡族自治县果园镇,11.0,22.5,5.0,5.6,44.1,41.40833333333333,49.706870229007635,46.79183823529412
甘肃省,临夏回族自治州,东乡族自治县,汪集镇,103.5096324,35.6161905,2.0,0.0,2.0,2.0,10.0,0.0,0.0,0.0,0.0,0.0,0.0,0.0,0.0,0.0,0.0,0.0,0.0,0.0,0.0,0.0,3.0,0.0,1.0,0.0,0.0,1.0,5.0,0.0,0.0,0.0,0.0,0.0,0.0,1.0,5.0,3.0,0.0,0.0,2.0,1.0,1.0,0.0,0.0,0.0,0.0,0.0,0.0,0.0,0.0,0.0,0.0,0.0,0.0,0.0,0.0,0.0,1.0,0.0,1.0,0.0,0.0,1.0,3.0,0.0,0.0,0.0,0.0,0.0,0.0,1.0,3.0,3.0,6074227229.0,-1.0,临夏回族自治州东乡族自治县,临夏回族自治州东乡族自治县汪集镇,8.0,11.8,0.0,2.3,22.1,41.40833333333333,49.706870229007635,46.79183823529412
甘肃省,临夏回族自治州,东乡族自治县,龙泉镇,103.4130297,35.7562883,1.0,0.0,0.0,4.0,13.0,0.0,0.0,0.0,0.0,0.0,0.0,0.0,0.0,0.0,1.0,1.0,0.0,0.0,0.0,0.0,2.0,0.0,0.0,0.0,0.0,6.0,8.0,0.0,0.0,1.0,0.0,0.0,0.0,1.0,4.0,2.0,1.0,0.0,0.0,2.0,1.0,0.0,0.0,0.0,0.0,0.0,0.0,0.0,0.0,0.0,0.0,0.0,0.0,0.0,0.0,0.0,1.0,0.0,0.0,0.0,0.0,2.0,0.0,0.0,0.0,0.0,0.0,0.0,0.0,1.0,3.0,1.0,6074227226.0,-1.0,临夏回族自治州东乡族自治县,临夏回族自治州东乡族自治县龙泉镇,12.0,13.9,0.0,1.9,27.799999999999997,41.40833333333333,49.706870229007635,46.79183823529412
甘肃省,临夏回族自治州,东乡族自治县,春台乡,103.3530221,35.6847171,3.0,0.0,2.0,4.0,56.0,2.0,0.0,0.0,0.0,0.0,0.0,0.0,0.0,0.0,1.0,1.0,0.0,0.0,0.0,0.0,13.0,0.0,0.0,0.0,0.0,4.0,15.0,0.0,0.0,1.0,0.0,0.0,0.0,1.0,7.0,4.0,0.0,0.0,0.0,1.0,12.0,0.0,0.0,0.0,0.0,0.0,0.0,0.0,0.0,0.0,0.0,0.0,0.0,0.0,0.0,0.0,1.0,0.0,0.0,0.0,0.0,1.0,3.0,0.0,0.0,0.0,0.0,0.0,0.0,1.0,2.0,2.0,6074227217.0,-1.0,临夏回族自治州东乡族自治县,临夏回族自治州东乡族自治县春台乡,11.0,23.5,0.0,3.9000000000000004,38.4,41.40833333333333,49.706870229007635,46.79183823529412
甘肃省,临夏回族自治州,东乡族自治县,柳树乡,103.2814679,35.7130695,5.0,0.0,3.0,3.0,65.0,0.0,0.0,0.0,0.0,0.0,1.0,0.0,0.0,0.0,1.0,1.0,0.0,0.0,0.0,0.0,11.0,0.0,1.0,0.0,0.0,5.0,13.0,0.0,0.0,2.0,0.0,0.0,0.0,6.0,6.0,5.0,0.0,0.0,0.0,1.0,3.0,0.0,0.0,0.0,0.0,0.0,0.0,0.0,0.0,0.0,0.0,0.0,0.0,0.0,0.0,0.0,1.0,0.0,0.0,0.0,0.0,1.0,1.0,0.0,0.0,2.0,0.0,0.0,0.0,1.0,3.0,1.0,6074227225.0,-1.0,临夏回族自治州东乡族自治县,临夏回族自治州东乡族自治县柳树乡,12.0,25.0,0.0,4.3,41.3,41.40833333333333,49.706870229007635,46.79183823529412
甘肃省,临夏回族自治州,东乡族自治县,东塬乡,103.2688434,35.643649,17.0,15.0,4.0,6.0,154.0,38.0,0.0,1.0,9.0,1.0,4.0,0.0,0.0,0.0,2.0,3.0,0.0,0.0,0.0,0.0,27.0,0.0,1.0,0.0,1.0,9.0,160.0,0.0,0.0,5.0,0.0,4.0,0.0,7.0,14.0,11.0,3.0,0.0,3.0,0.0,24.0,5.0,0.0,0.0,0.0,0.0,1.0,0.0,0.0,0.0,1.0,1.0,0.0,0.0,0.0,0.0,4.0,0.0,1.0,0.0,0.0,1.0,37.0,0.0,0.0,1.0,0.0,0.0,0.0,6.0,7.0,5.0,6074227221.0,-1.0,临夏回族自治州东乡族自治县,临夏回族自治州东乡族自治县东塬乡,12.0,30.0,5.0,20.0,67.0,41.40833333333333,49.706870229007635,46.79183823529412
甘肃省,临夏回族自治州,东乡族自治县,坪庄乡,103.400394,35.5865049,0.0,7.0,1.0,3.0,76.0,2.0,0.0,0.0,0.0,0.0,0.0,0.0,0.0,0.0,2.0,2.0,0.0,0.0,0.0,0.0,8.0,0.0,1.0,0.0,0.0,1.0,7.0,0.0,0.0,0.0,0.0,0.0,0.0,1.0,7.0,6.0,0.0,0.0,0.0,1.0,13.0,2.0,0.0,0.0,0.0,0.0,0.0,0.0,0.0,0.0,0.0,0.0,0.0,0.0,0.0,0.0,1.0,0.0,0.0,0.0,0.0,1.0,2.0,0.0,0.0,0.0,0.0,0.0,0.0,1.0,4.0,1.0,6074227228.0,-1.0,临夏回族自治州东乡族自治县,临夏回族自治州东乡族自治县坪庄乡,8.0,23.5,0.0,3.9,35.4,41.40833333333333,49.706870229007635,46.79183823529412
甘肃省,临夏回族自治州,东乡族自治县,百和乡,103.3534634,35.5565297,10.0,0.0,3.0,4.0,89.0,3.0,0.0,0.0,0.0,0.0,0.0,0.0,0.0,0.0,0.0,0.0,0.0,0.0,0.0,0.0,15.0,0.0,0.0,0.0,0.0,3.0,1.0,0.0,0.0,3.0,0.0,0.0,0.0,1.0,9.0,5.0,2.0,0.0,3.0,2.0,12.0,0.0,0.0,0.0,0.0,0.0,0.0,0.0,0.0,0.0,0.0,0.0,0.0,0.0,0.0,0.0,2.0,0.0,0.0,0.0,0.0,1.0,0.0,0.0,0.0,0.0,0.0,0.0,0.0,1.0,5.0,1.0,4849100007.0,-1.0,临夏回族自治州东乡族自治县,临夏回族自治州东乡族自治县百和乡,10.0,24.0,0.0,2.9,36.9,41.40833333333333,49.706870229007635,46.79183823529412
甘肃省,临夏回族自治州,东乡族自治县,关卜乡,103.3287871,35.524822,0.0,0.0,9.0,5.0,106.0,6.0,0.0,0.0,0.0,0.0,0.0,1.0,0.0,0.0,1.0,1.0,0.0,0.0,0.0,0.0,14.0,0.0,0.0,0.0,0.0,3.0,7.0,0.0,0.0,1.0,0.0,0.0,0.0,4.0,7.0,6.0,0.0,0.0,1.0,0.0,13.0,0.0,0.0,0.0,0.0,0.0,0.0,0.0,0.0,0.0,0.0,0.0,0.0,0.0,0.0,0.0,2.0,0.0,0.0,0.0,0.0,1.0,0.0,0.0,0.0,0.0,0.0,0.0,0.0,1.0,3.0,2.0,5081281575.0,-1.0,临夏回族自治州东乡族自治县,临夏回族自治州东乡族自治县关卜乡,10.0,23.5,5.0,3.8,42.3,41.40833333333333,49.706870229007635,46.79183823529412
甘肃省,临夏回族自治州,东乡族自治县,赵家乡,103.5141614,35.5551768,44.0,0.0,3.0,6.0,75.0,0.0,0.0,0.0,0.0,0.0,0.0,1.0,0.0,0.0,2.0,2.0,0.0,0.0,0.0,0.0,13.0,0.0,0.0,0.0,0.0,7.0,24.0,0.0,0.0,3.0,0.0,0.0,0.0,2.0,9.0,5.0,14.0,0.0,1.0,3.0,19.0,0.0,0.0,0.0,0.0,0.0,0.0,1.0,0.0,0.0,1.0,1.0,0.0,0.0,0.0,0.0,2.0,0.0,0.0,0.0,0.0,1.0,9.0,0.0,0.0,0.0,0.0,0.0,0.0,1.0,5.0,5.0,6074227232.0,-1.0,临夏回族自治州东乡族自治县,临夏回族自治州东乡族自治县赵家乡,12.0,24.0,10.0,6.1,52.1,41.40833333333333,49.706870229007635,46.79183823529412
甘肃省,临夏回族自治州,东乡族自治县,五家乡,103.5549545,35.5597523,36.0,0.0,2.0,1.0,110.0,2.0,0.0,0.0,0.0,0.0,0.0,0.0,0.0,0.0,1.0,1.0,0.0,0.0,0.0,0.0,15.0,0.0,0.0,0.0,0.0,7.0,37.0,0.0,0.0,2.0,0.0,0.0,0.0,1.0,11.0,4.0,14.0,0.0,1.0,0.0,18.0,0.0,0.0,0.0,0.0,0.0,0.0,0.0,0.0,0.0,1.0,1.0,0.0,0.0,0.0,0.0,4.0,0.0,0.0,0.0,0.0,3.0,10.0,0.0,0.0,0.0,0.0,0.0,0.0,1.0,4.0,4.0,6074227230.0,-1.0,临夏回族自治州东乡族自治县,临夏回族自治州东乡族自治县五家乡,12.0,24.0,5.0,6.9,47.9,41.40833333333333,49.706870229007635,46.79183823529412
甘肃省,临夏回族自治州,东乡族自治县,沿岭乡,103.4388724,35.6433497,0.0,0.0,1.0,4.0,29.0,0.0,0.0,0.0,0.0,0.0,0.0,0.0,0.0,0.0,1.0,1.0,0.0,0.0,0.0,0.0,3.0,0.0,1.0,0.0,0.0,1.0,8.0,0.0,0.0,0.0,0.0,0.0,0.0,1.0,4.0,5.0,0.0,0.0,1.0,1.0,2.0,0.0,0.0,0.0,0.0,0.0,0.0,0.0,0.0,0.0,0.0,0.0,0.0,0.0,0.0,0.0,0.0,0.0,0.0,0.0,0.0,1.0,2.0,0.0,0.0,0.0,0.0,0.0,0.0,1.0,3.0,2.0,6074227231.0,-1.0,临夏回族自治州东乡族自治县,临夏回族自治州东乡族自治县沿岭乡,8.0,17.4,0.0,3.5,28.9,41.40833333333333,49.706870229007635,46.79183823529412
甘肃省,临夏回族自治州,东乡族自治县,风山乡,103.5773364,35.6216283,2.0,0.0,0.0,4.0,12.0,0.0,0.0,0.0,0.0,0.0,0.0,0.0,0.0,0.0,0.0,0.0,0.0,0.0,0.0,0.0,2.0,0.0,0.0,0.0,0.0,1.0,9.0,0.0,0.0,4.0,0.0,0.0,0.0,1.0,5.0,3.0,2.0,0.0,0.0,0.0,2.0,0.0,0.0,0.0,0.0,0.0,0.0,0.0,0.0,0.0,0.0,0.0,0.0,0.0,0.0,0.0,0.0,0.0,0.0,0.0,0.0,1.0,6.0,0.0,0.0,1.0,0.0,0.0,0.0,1.0,3.0,0.0,-1.0,-1.0,临夏回族自治州东乡族自治县,临夏回族自治州东乡族自治县风山乡,1.0,14.5,0.0,3.5,19.0,41.40833333333333,49.706870229007635,46.79183823529412
甘肃省,临夏回族自治州,东乡族自治县,车家湾乡,103.6669769,35.6012027,3.0,0.0,2.0,0.0,20.0,0.0,0.0,0.0,0.0,0.0,0.0,0.0,0.0,0.0,1.0,1.0,0.0,0.0,0.0,0.0,2.0,0.0,0.0,0.0,0.0,3.0,7.0,0.0,0.0,2.0,0.0,0.0,0.0,2.0,4.0,4.0,2.0,0.0,1.0,0.0,5.0,0.0,0.0,0.0,0.0,0.0,0.0,0.0,0.0,0.0,0.0,0.0,0.0,0.0,0.0,0.0,1.0,0.0,0.0,0.0,0.0,1.0,6.0,0.0,0.0,1.0,0.0,0.0,0.0,1.0,3.0,2.0,6074227216.0,-1.0,临夏回族自治州东乡族自治县,临夏回族自治州东乡族自治县车家湾乡,10.0,12.5,0.0,3.6,26.1,41.40833333333333,49.706870229007635,46.79183823529412
甘肃省,临夏回族自治州,东乡族自治县,高山乡,103.5676476,35.6830434,2.0,7.0,0.0,0.0,30.0,1.0,0.0,4.0,0.0,0.0,0.0,0.0,0.0,0.0,1.0,1.0,0.0,0.0,0.0,0.0,4.0,0.0,0.0,0.0,0.0,2.0,4.0,0.0,0.0,1.0,0.0,0.0,0.0,1.0,8.0,3.0,1.0,0.0,0.0,0.0,1.0,0.0,0.0,0.0,0.0,0.0,0.0,0.0,0.0,0.0,0.0,0.0,0.0,0.0,0.0,0.0,1.0,0.0,0.0,0.0,0.0,1.0,1.0,0.0,0.0,1.0,0.0,0.0,0.0,1.0,2.0,2.0,6074227223.0,-1.0,临夏回族自治州东乡族自治县,临夏回族自治州东乡族自治县高山乡,9.0,15.3,0.0,2.2,26.5,41.40833333333333,49.706870229007635,46.79183823529412
甘肃省,临夏回族自治州,东乡族自治县,大树乡,103.4819091,35.7020765,0.0,5.0,0.0,3.0,25.0,0.0,0.0,0.0,0.0,0.0,0.0,0.0,0.0,0.0,2.0,2.0,0.0,0.0,0.0,0.0,2.0,0.0,0.0,0.0,0.0,1.0,11.0,0.0,0.0,0.0,0.0,1.0,0.0,1.0,5.0,3.0,0.0,0.0,0.0,1.0,6.0,0.0,0.0,0.0,0.0,0.0,0.0,0.0,0.0,0.0,1.0,1.0,0.0,0.0,0.0,0.0,0.0,0.0,0.0,0.0,0.0,1.0,7.0,0.0,0.0,0.0,0.0,0.0,0.0,1.0,3.0,0.0,6074227218.0,-1.0,临夏回族自治州东乡族自治县,临夏回族自治州东乡族自治县大树乡,8.0,17.3,5.0,3.3,33.6,41.40833333333333,49.706870229007635,46.79183823529412
甘肃省,临夏回族自治州,东乡族自治县,北岭乡,103.4304199,35.7219396,2.0,1.0,1.0,3.0,15.0,0.0,0.0,0.0,0.0,0.0,0.0,0.0,0.0,0.0,1.0,1.0,0.0,0.0,0.0,0.0,1.0,0.0,0.0,0.0,0.0,7.0,1.0,0.0,0.0,0.0,0.0,1.0,0.0,1.0,6.0,3.0,2.0,0.0,1.0,0.0,0.0,0.0,0.0,0.0,0.0,0.0,0.0,0.0,0.0,0.0,0.0,0.0,0.0,0.0,0.0,0.0,0.0,0.0,0.0,0.0,0.0,1.0,0.0,0.0,0.0,0.0,0.0,0.0,0.0,1.0,2.0,0.0,6074227215.0,-1.0,临夏回族自治州东乡族自治县,临夏回族自治州东乡族自治县北岭乡,12.0,14.0,0.0,1.6,27.6,41.40833333333333,49.706870229007635,46.79183823529412
甘肃省,临夏回族自治州,东乡族自治县,考勒乡,103.2911414,35.8400447,9.0,0.0,0.0,4.0,31.0,4.0,0.0,2.0,0.0,2.0,0.0,0.0,0.0,0.0,0.0,0.0,0.0,0.0,0.0,0.0,10.0,0.0,2.0,0.0,0.0,8.0,9.0,0.0,0.0,2.0,0.0,1.0,2.0,5.0,10.0,9.0,0.0,0.0,0.0,4.0,19.0,0.0,0.0,0.0,0.0,0.0,0.0,0.0,0.0,0.0,0.0,0.0,0.0,0.0,0.0,0.0,3.0,0.0,0.0,0.0,0.0,3.0,8.0,0.0,0.0,0.0,0.0,1.0,0.0,1.0,3.0,4.0,4537723316.0,-1.0,临夏回族自治州东乡族自治县,临夏回族自治州东乡族自治县考勒乡,12.0,26.0,0.0,5.9,43.9,41.40833333333333,49.706870229007635,46.79183823529412
甘肃省,临夏回族自治州,东乡族自治县,董岭乡,103.4391626,35.8618156,2.0,0.0,0.0,2.0,19.0,7.0,0.0,1.0,0.0,0.0,0.0,0.0,0.0,0.0,2.0,2.0,0.0,0.0,0.0,0.0,4.0,0.0,0.0,0.0,0.0,1.0,9.0,0.0,0.0,1.0,0.0,0.0,0.0,1.0,7.0,2.0,2.0,0.0,0.0,0.0,12.0,4.0,0.0,1.0,0.0,0.0,0.0,0.0,0.0,0.0,1.0,1.0,0.0,0.0,0.0,0.0,1.0,0.0,0.0,0.0,0.0,1.0,4.0,0.0,0.0,1.0,0.0,0.0,0.0,1.0,6.0,2.0,6074227219.0,-1.0,临夏回族自治州东乡族自治县,临夏回族自治州东乡族自治县董岭乡,8.0,17.9,5.0,2.5,33.4,41.40833333333333,49.706870229007635,46.79183823529412
甘肃省,临夏回族自治州,积石山保安族东乡族撒拉族自治县,吹麻滩镇,102.8773176,35.7166918,8.0,0.0,12.0,27.0,305.0,6.0,0.0,2.0,0.0,0.0,4.0,0.0,1.0,1.0,11.0,15.0,0.0,0.0,1.0,4.0,31.0,0.0,2.0,0.0,0.0,20.0,315.0,0.0,0.0,10.0,0.0,7.0,5.0,2.0,15.0,11.0,1.0,0.0,11.0,10.0,76.0,1.0,0.0,2.0,0.0,0.0,0.0,0.0,1.0,1.0,2.0,4.0,0.0,0.0,0.0,0.0,3.0,0.0,0.0,0.0,0.0,2.0,108.0,0.0,0.0,0.0,0.0,4.0,0.0,2.0,9.0,7.0,8084822306.0,-1.0,临夏回族自治州积石山保安族东乡族撒拉族自治县,临夏回族自治州积石山保安族东乡族撒拉族自治县吹麻滩镇,12.0,26.0,10.0,20.0,68.0,48.970588235294116,49.706870229007635,46.79183823529412
甘肃省,临夏回族自治州,积石山保安族东乡族撒拉族自治县,大河家镇,102.7584444,35.8361899,9.0,6.0,3.0,21.0,236.0,29.0,0.0,2.0,0.0,2.0,3.0,0.0,0.0,0.0,7.0,7.0,0.0,0.0,1.0,6.0,39.0,2.0,6.0,0.0,1.0,7.0,137.0,0.0,0.0,6.0,0.0,8.0,3.0,9.0,16.0,17.0,7.0,1.0,1.0,12.0,60.0,14.0,0.0,2.0,0.0,2.0,2.0,0.0,0.0,0.0,3.0,3.0,0.0,0.0,1.0,6.0,7.0,0.0,2.0,0.0,1.0,2.0,61.0,0.0,0.0,1.0,0.0,3.0,2.0,8.0,14.0,11.0,1195113431.0,-1.0,临夏回族自治州积石山保安族东乡族撒拉族自治县,临夏回族自治州积石山保安族东乡族撒拉族自治县大河家镇,12.0,28.0,13.0,20.0,73.0,48.970588235294116,49.706870229007635,46.79183823529412
甘肃省,临夏回族自治州,积石山保安族东乡族撒拉族自治县,居集镇,102.927788,35.6528149,5.0,0.0,0.0,26.0,217.0,3.0,0.0,2.0,0.0,0.0,0.0,0.0,0.0,0.0,5.0,5.0,0.0,0.0,0.0,0.0,39.0,0.0,4.0,0.0,0.0,19.0,106.0,0.0,0.0,10.0,0.0,5.0,0.0,3.0,8.0,10.0,2.0,0.0,0.0,10.0,21.0,0.0,0.0,0.0,0.0,0.0,0.0,0.0,0.0,0.0,2.0,2.0,0.0,0.0,0.0,0.0,7.0,0.0,1.0,0.0,0.0,2.0,28.0,0.0,0.0,0.0,0.0,2.0,0.0,1.0,4.0,6.0,6004171534.0,-1.0,临夏回族自治州积石山保安族东乡族撒拉族自治县,临夏回族自治州积石山保安族东乡族撒拉族自治县居集镇,12.0,24.0,5.0,18.4,59.4,48.970588235294116,49.706870229007635,46.79183823529412
甘肃省,临夏回族自治州,积石山保安族东乡族撒拉族自治县,癿藏镇,102.940294,35.600584,7.0,0.0,0.0,10.0,131.0,0.0,0.0,0.0,0.0,0.0,0.0,0.0,0.0,0.0,5.0,6.0,0.0,0.0,0.0,0.0,14.0,0.0,0.0,0.0,0.0,16.0,14.0,0.0,0.0,5.0,0.0,0.0,0.0,3.0,5.0,6.0,3.0,0.0,0.0,5.0,13.0,0.0,0.0,0.0,0.0,0.0,0.0,0.0,0.0,0.0,1.0,1.0,0.0,0.0,0.0,0.0,6.0,0.0,0.0,0.0,0.0,2.0,4.0,0.0,0.0,1.0,0.0,0.0,0.0,1.0,4.0,3.0,6004357695.0,-1.0,临夏回族自治州积石山保安族东乡族撒拉族自治县,临夏回族自治州积石山保安族东乡族撒拉族自治县癿藏镇,12.0,22.5,5.0,5.4,44.9,48.970588235294116,49.706870229007635,46.79183823529412
甘肃省,临夏回族自治州,积石山保安族东乡族撒拉族自治县,石塬镇,102.8067989,35.758572,1.0,0.0,0.0,7.0,63.0,0.0,0.0,0.0,0.0,0.0,0.0,0.0,0.0,0.0,4.0,4.0,0.0,0.0,0.0,0.0,21.0,0.0,0.0,0.0,0.0,20.0,8.0,0.0,0.0,1.0,0.0,0.0,2.0,2.0,6.0,8.0,1.0,0.0,0.0,1.0,23.0,0.0,0.0,0.0,0.0,0.0,0.0,0.0,0.0,0.0,0.0,0.0,0.0,0.0,0.0,0.0,2.0,0.0,0.0,0.0,0.0,4.0,4.0,0.0,0.0,0.0,0.0,0.0,1.0,1.0,4.0,5.0,4338729796.0,-1.0,临夏回族自治州积石山保安族东乡族撒拉族自治县,临夏回族自治州积石山保安族东乡族撒拉族自治县石塬镇,12.0,23.0,0.0,5.3,40.3,48.970588235294116,49.706870229007635,46.79183823529412
甘肃省,临夏回族自治州,积石山保安族东乡族撒拉族自治县,安集镇,103.0060808,35.7441798,0.0,0.0,2.0,2.0,62.0,2.0,0.0,0.0,0.0,0.0,0.0,0.0,0.0,0.0,0.0,0.0,0.0,0.0,0.0,0.0,7.0,0.0,0.0,0.0,0.0,25.0,4.0,0.0,0.0,0.0,0.0,2.0,0.0,1.0,5.0,5.0,0.0,0.0,2.0,1.0,14.0,0.0,0.0,0.0,0.0,0.0,0.0,0.0,0.0,0.0,0.0,0.0,0.0,0.0,0.0,0.0,4.0,0.0,0.0,0.0,0.0,6.0,2.0,0.0,0.0,0.0,0.0,0.0,0.0,1.0,4.0,2.0,6005182292.0,-1.0,临夏回族自治州积石山保安族东乡族撒拉族自治县,临夏回族自治州积石山保安族东乡族撒拉族自治县安集镇,12.0,22.5,0.0,3.1,37.6,48.970588235294116,49.706870229007635,46.79183823529412
甘肃省,临夏回族自治州,积石山保安族东乡族撒拉族自治县,银川镇,103.0719895,35.679224,0.0,0.0,7.0,6.0,23.0,1.0,0.0,0.0,0.0,0.0,0.0,0.0,0.0,0.0,0.0,0.0,0.0,0.0,0.0,0.0,15.0,0.0,0.0,0.0,0.0,1.0,25.0,0.0,0.0,0.0,0.0,0.0,0.0,3.0,5.0,5.0,0.0,0.0,3.0,3.0,7.0,0.0,0.0,0.0,0.0,0.0,0.0,0.0,0.0,0.0,0.0,0.0,0.0,0.0,0.0,0.0,3.0,0.0,0.0,0.0,0.0,1.0,20.0,0.0,0.0,0.0,0.0,0.0,0.0,1.0,4.0,3.0,2107166101.0,-1.0,临夏回族自治州积石山保安族东乡族撒拉族自治县,临夏回族自治州积石山保安族东乡族撒拉族自治县银川镇,8.0,19.200000000000003,0.0,7.0,34.2,48.970588235294116,49.706870229007635,46.79183823529412
甘肃省,临夏回族自治州,积石山保安族东乡族撒拉族自治县,刘集乡,102.7884166,35.7705253,3.0,0.0,0.0,12.0,114.0,3.0,0.0,0.0,0.0,0.0,0.0,0.0,0.0,0.0,3.0,3.0,0.0,0.0,0.0,0.0,32.0,0.0,0.0,0.0,0.0,9.0,14.0,0.0,0.0,5.0,0.0,0.0,2.0,2.0,7.0,10.0,1.0,0.0,0.0,1.0,5.0,0.0,0.0,0.0,0.0,0.0,0.0,0.0,0.0,0.0,1.0,1.0,0.0,0.0,0.0,0.0,6.0,0.0,0.0,0.0,0.0,1.0,1.0,0.0,0.0,0.0,0.0,0.0,0.0,1.0,3.0,5.0,6004149943.0,-1.0,临夏回族自治州积石山保安族东乡族撒拉族自治县,临夏回族自治州积石山保安族东乡族撒拉族自治县刘集乡,12.0,23.5,5.0,6.0,46.5,48.970588235294116,49.706870229007635,46.79183823529412
甘肃省,临夏回族自治州,积石山保安族东乡族撒拉族自治县,柳沟乡,102.853432,35.74399,2.0,0.0,1.0,9.0,79.0,18.0,0.0,0.0,0.0,0.0,1.0,0.0,0.0,0.0,2.0,2.0,0.0,0.0,0.0,0.0,12.0,0.0,1.0,0.0,0.0,24.0,13.0,0.0,0.0,2.0,0.0,0.0,0.0,1.0,11.0,7.0,0.0,0.0,0.0,4.0,13.0,0.0,0.0,0.0,0.0,0.0,0.0,0.0,0.0,0.0,1.0,1.0,0.0,0.0,0.0,0.0,2.0,0.0,0.0,0.0,0.0,2.0,2.0,0.0,0.0,0.0,0.0,0.0,0.0,1.0,3.0,4.0,6004158586.0,-1.0,临夏回族自治州积石山保安族东乡族撒拉族自治县,临夏回族自治州积石山保安族东乡族撒拉族自治县柳沟乡,12.0,26.0,5.0,5.2,48.2,48.970588235294116,49.706870229007635,46.79183823529412
甘肃省,临夏回族自治州,积石山保安族东乡族撒拉族自治县,关家川乡,102.9306532,35.7607086,0.0,0.0,4.0,10.0,51.0,1.0,0.0,0.0,0.0,0.0,0.0,0.0,0.0,0.0,1.0,1.0,0.0,0.0,0.0,0.0,20.0,0.0,1.0,0.0,0.0,5.0,9.0,0.0,0.0,0.0,0.0,0.0,0.0,1.0,6.0,6.0,0.0,0.0,1.0,9.0,14.0,1.0,0.0,0.0,0.0,0.0,0.0,0.0,0.0,0.0,1.0,1.0,0.0,0.0,0.0,0.0,8.0,0.0,0.0,0.0,0.0,1.0,1.0,0.0,0.0,0.0,0.0,0.0,0.0,1.0,5.0,3.0,6004150328.0,-1.0,临夏回族自治州积石山保安族东乡族撒拉族自治县,临夏回族自治州积石山保安族东乡族撒拉族自治县关家川乡,12.0,23.0,5.0,4.0,44.0,48.970588235294116,49.706870229007635,46.79183823529412
甘肃省,临夏回族自治州,积石山保安族东乡族撒拉族自治县,胡林家乡,102.9100013,35.7322195,0.0,0.0,9.0,11.0,147.0,14.0,0.0,0.0,0.0,0.0,1.0,0.0,0.0,0.0,5.0,5.0,0.0,0.0,0.0,0.0,20.0,0.0,3.0,0.0,0.0,15.0,66.0,0.0,0.0,4.0,0.0,0.0,0.0,1.0,10.0,8.0,0.0,0.0,9.0,5.0,19.0,0.0,0.0,0.0,0.0,0.0,0.0,0.0,0.0,0.0,0.0,0.0,0.0,0.0,0.0,0.0,6.0,0.0,2.0,0.0,0.0,3.0,5.0,0.0,0.0,0.0,0.0,0.0,0.0,1.0,8.0,5.0,6004156059.0,-1.0,临夏回族自治州积石山保安族东乡族撒拉族自治县,临夏回族自治州积石山保安族东乡族撒拉族自治县胡林家乡,12.0,26.0,0.0,11.5,49.5,48.970588235294116,49.706870229007635,46.79183823529412
甘肃省,临夏回族自治州,积石山保安族东乡族撒拉族自治县,寨子沟乡,102.8921498,35.679746,6.0,0.0,0.0,7.0,255.0,1.0,0.0,3.0,0.0,0.0,0.0,0.0,0.0,0.0,6.0,6.0,0.0,0.0,0.0,0.0,31.0,0.0,1.0,0.0,0.0,22.0,35.0,0.0,0.0,9.0,0.0,2.0,0.0,1.0,9.0,12.0,3.0,0.0,0.0,1.0,43.0,0.0,0.0,1.0,0.0,0.0,0.0,0.0,0.0,0.0,3.0,3.0,0.0,0.0,0.0,0.0,5.0,0.0,0.0,0.0,0.0,6.0,5.0,0.0,0.0,0.0,0.0,0.0,0.0,1.0,6.0,5.0,6004169789.0,-1.0,临夏回族自治州积石山保安族东乡族撒拉族自治县,临夏回族自治州积石山保安族东乡族撒拉族自治县寨子沟乡,12.0,24.0,5.0,8.9,49.9,48.970588235294116,49.706870229007635,46.79183823529412
甘肃省,临夏回族自治州,积石山保安族东乡族撒拉族自治县,郭干乡,102.9897434,35.6527087,3.0,0.0,0.0,6.0,118.0,1.0,0.0,0.0,0.0,0.0,1.0,0.0,0.0,0.0,6.0,6.0,0.0,0.0,0.0,0.0,34.0,0.0,0.0,0.0,0.0,8.0,21.0,0.0,0.0,3.0,0.0,3.0,0.0,1.0,10.0,8.0,0.0,0.0,0.0,2.0,11.0,0.0,0.0,0.0,0.0,0.0,0.0,0.0,0.0,0.0,0.0,0.0,0.0,0.0,0.0,0.0,5.0,0.0,0.0,0.0,0.0,1.0,0.0,0.0,0.0,0.0,0.0,0.0,0.0,1.0,3.0,3.0,6004424716.0,-1.0,临夏回族自治州积石山保安族东乡族撒拉族自治县,临夏回族自治州积石山保安族东乡族撒拉族自治县郭干乡,12.0,26.0,0.0,6.4,44.4,48.970588235294116,49.706870229007635,46.79183823529412
甘肃省,临夏回族自治州,积石山保安族东乡族撒拉族自治县,徐扈家乡,102.9386024,35.6673262,4.0,0.0,0.0,17.0,241.0,1.0,0.0,0.0,0.0,0.0,0.0,0.0,0.0,0.0,5.0,5.0,0.0,0.0,0.0,0.0,38.0,0.0,4.0,0.0,0.0,13.0,81.0,0.0,0.0,8.0,0.0,2.0,0.0,2.0,7.0,10.0,0.0,0.0,0.0,2.0,27.0,0.0,0.0,0.0,0.0,0.0,0.0,0.0,0.0,0.0,0.0,0.0,0.0,0.0,0.0,0.0,3.0,0.0,1.0,0.0,0.0,1.0,6.0,0.0,0.0,1.0,0.0,0.0,0.0,1.0,4.0,3.0,6004171779.0,-1.0,临夏回族自治州积石山保安族东乡族撒拉族自治县,临夏回族自治州积石山保安族东乡族撒拉族自治县徐扈家乡,12.0,23.5,0.0,13.600000000000001,49.1,48.970588235294116,49.706870229007635,46.79183823529412
甘肃省,临夏回族自治州,积石山保安族东乡族撒拉族自治县,中咀岭乡,102.9269967,35.6301864,3.0,0.0,0.0,27.0,170.0,3.0,0.0,0.0,0.0,0.0,0.0,0.0,0.0,0.0,7.0,8.0,0.0,0.0,0.0,0.0,34.0,0.0,4.0,0.0,0.0,18.0,94.0,0.0,0.0,9.0,0.0,3.0,0.0,2.0,7.0,8.0,0.0,0.0,0.0,5.0,17.0,2.0,0.0,0.0,0.0,0.0,0.0,0.0,0.0,0.0,0.0,0.0,0.0,0.0,0.0,0.0,5.0,0.0,0.0,0.0,0.0,3.0,13.0,0.0,0.0,0.0,0.0,1.0,0.0,1.0,5.0,5.0,6004339915.0,-1.0,临夏回族自治州积石山保安族东乡族撒拉族自治县,临夏回族自治州积石山保安族东乡族撒拉族自治县中咀岭乡,12.0,23.5,0.0,15.600000000000001,51.1,48.970588235294116,49.706870229007635,46.79183823529412
甘肃省,临夏回族自治州,积石山保安族东乡族撒拉族自治县,小关乡,102.8923907,35.5864463,0.0,0.0,0.0,9.0,149.0,0.0,0.0,1.0,0.0,1.0,0.0,0.0,0.0,0.0,4.0,4.0,0.0,0.0,0.0,0.0,25.0,0.0,0.0,0.0,0.0,9.0,39.0,0.0,0.0,8.0,0.0,2.0,0.0,3.0,5.0,9.0,0.0,0.0,0.0,5.0,54.0,0.0,0.0,0.0,0.0,0.0,0.0,0.0,0.0,0.0,2.0,2.0,0.0,0.0,0.0,0.0,12.0,0.0,0.0,0.0,0.0,3.0,14.0,0.0,0.0,2.0,0.0,2.0,0.0,1.0,4.0,6.0,6004392396.0,-1.0,临夏回族自治州积石山保安族东乡族撒拉族自治县,临夏回族自治州积石山保安族东乡族撒拉族自治县小关乡,12.0,24.5,5.0,10.3,51.8,48.970588235294116,49.706870229007635,46.79183823529412
甘肃省,临夏回族自治州,积石山保安族东乡族撒拉族自治县,铺川乡,103.032764,35.6220426,0.0,0.0,5.0,1.0,122.0,3.0,0.0,0.0,0.0,0.0,0.0,0.0,0.0,0.0,1.0,1.0,0.0,0.0,0.0,0.0,35.0,0.0,1.0,0.0,0.0,4.0,23.0,0.0,0.0,5.0,0.0,2.0,0.0,3.0,5.0,7.0,0.0,0.0,3.0,0.0,21.0,1.0,0.0,0.0,0.0,0.0,0.0,0.0,0.0,0.0,0.0,0.0,0.0,0.0,0.0,0.0,8.0,0.0,0.0,0.0,0.0,1.0,8.0,0.0,0.0,0.0,0.0,0.0,0.0,1.0,4.0,4.0,6004457684.0,-1.0,临夏回族自治州积石山保安族东乡族撒拉族自治县,临夏回族自治州积石山保安族东乡族撒拉族自治县铺川乡,11.0,22.5,0.0,7.1,40.6,48.970588235294116,49.706870229007635,46.79183823529412
甘肃省,甘南藏族自治州,合作市,当周街道,102.9033885,34.9687639,18.0,9.0,49.0,26.0,107.0,48.0,0.0,38.0,2.0,5.0,4.0,2.0,1.0,1.0,4.0,6.0,0.0,0.0,1.0,13.0,15.0,8.0,4.0,1.0,1.0,4.0,362.0,0.0,0.0,19.0,2.0,57.0,7.0,8.0,17.0,17.0,8.0,5.0,28.0,1.0,32.0,21.0,0.0,24.0,0.0,2.0,2.0,0.0,0.0,0.0,2.0,3.0,0.0,0.0,0.0,4.0,8.0,0.0,2.0,0.0,1.0,1.0,116.0,0.0,0.0,4.0,1.0,26.0,3.0,5.0,10.0,10.0,6074054149.0,6393550.0,甘南藏族自治州合作市,甘南藏族自治州合作市当周街道,19.0,30.0,14.0,20.0,83.0,60.339999999999996,41.298989898989895,46.79183823529412
甘肃省,甘南藏族自治州,合作市,伊合昂街道,102.9065569,34.9923774,10.0,27.0,54.0,29.0,138.0,103.0,0.0,78.0,1.0,3.0,4.0,2.0,1.0,1.0,5.0,6.0,1.0,0.0,1.0,14.0,22.0,5.0,4.0,0.0,1.0,8.0,547.0,0.0,0.0,42.0,2.0,37.0,10.0,11.0,18.0,19.0,3.0,0.0,20.0,13.0,32.0,8.0,0.0,8.0,1.0,1.0,1.0,1.0,1.0,1.0,1.0,1.0,0.0,0.0,1.0,7.0,4.0,4.0,1.0,0.0,0.0,1.0,204.0,0.0,0.0,5.0,0.0,8.0,2.0,5.0,11.0,9.0,4289070025.0,6393554.0,甘南藏族自治州合作市,甘南藏族自治州合作市伊合昂街道,20.0,30.0,23.0,20.0,93.0,60.339999999999996,41.298989898989895,46.79183823529412
甘肃省,甘南藏族自治州,合作市,坚木克尔街道,102.9124587,35.0012771,8.0,25.0,32.0,29.0,129.0,92.0,0.0,55.0,1.0,3.0,4.0,2.0,1.0,1.0,4.0,4.0,1.0,0.0,1.0,10.0,22.0,5.0,3.0,0.0,0.0,9.0,498.0,0.0,0.0,39.0,1.0,37.0,7.0,10.0,19.0,16.0,5.0,2.0,27.0,4.0,38.0,63.0,0.0,41.0,1.0,2.0,2.0,0.0,0.0,0.0,2.0,2.0,0.0,0.0,0.0,2.0,11.0,0.0,1.0,0.0,0.0,2.0,240.0,0.0,0.0,23.0,0.0,11.0,5.0,6.0,15.0,12.0,6074054150.0,6393551.0,甘南藏族自治州合作市,甘南藏族自治州合作市坚木克尔街道,20.0,30.0,12.0,20.0,82.0,60.339999999999996,41.298989898989895,46.79183823529412
甘肃省,甘南藏族自治州,合作市,通钦街道,102.9116209,34.979237,13.0,15.0,61.0,28.0,146.0,54.0,0.0,37.0,1.0,5.0,5.0,2.0,1.0,1.0,4.0,6.0,0.0,0.0,1.0,14.0,23.0,5.0,4.0,0.0,1.0,8.0,472.0,0.0,0.0,29.0,2.0,57.0,8.0,11.0,17.0,16.0,2.0,4.0,18.0,21.0,24.0,9.0,0.0,8.0,0.0,0.0,1.0,2.0,1.0,1.0,1.0,1.0,0.0,0.0,1.0,3.0,3.0,3.0,0.0,0.0,1.0,1.0,150.0,0.0,0.0,8.0,1.0,15.0,0.0,5.0,14.0,7.0,6074054153.0,6393553.0,甘南藏族自治州合作市,甘南藏族自治州合作市通钦街道,20.0,30.0,20.0,20.0,90.0,60.339999999999996,41.298989898989895,46.79183823529412
甘肃省,甘南藏族自治州,合作市,那吾镇,102.9430527,35.0049121,3.0,26.0,10.0,1.0,78.0,62.0,0.0,29.0,0.0,2.0,2.0,0.0,0.0,0.0,1.0,1.0,1.0,0.0,0.0,1.0,17.0,0.0,1.0,0.0,0.0,8.0,205.0,0.0,0.0,27.0,0.0,18.0,4.0,6.0,15.0,14.0,0.0,4.0,0.0,0.0,14.0,0.0,0.0,0.0,0.0,0.0,0.0,0.0,0.0,0.0,0.0,0.0,0.0,0.0,0.0,0.0,4.0,0.0,0.0,0.0,0.0,3.0,8.0,0.0,0.0,0.0,0.0,0.0,0.0,2.0,6.0,3.0,6074054152.0,6393552.0,甘南藏族自治州合作市,甘南藏族自治州合作市那吾镇,20.0,28.0,0.0,20.0,68.0,60.339999999999996,41.298989898989895,46.79183823529412
甘肃省,甘南藏族自治州,合作市,勒秀镇,103.003863,34.708588,0.0,0.0,0.0,11.0,12.0,0.0,0.0,0.0,0.0,0.0,0.0,0.0,0.0,0.0,0.0,0.0,0.0,0.0,0.0,0.0,12.0,0.0,0.0,0.0,0.0,3.0,3.0,0.0,0.0,0.0,0.0,0.0,0.0,2.0,4.0,8.0,0.0,0.0,0.0,5.0,5.0,0.0,0.0,0.0,0.0,0.0,0.0,0.0,0.0,0.0,0.0,0.0,0.0,0.0,0.0,0.0,4.0,0.0,0.0,0.0,0.0,1.0,3.0,0.0,0.0,0.0,0.0,0.0,0.0,2.0,3.0,3.0,2105622085.0,11839278.0,甘南藏族自治州合作市,甘南藏族自治州合作市勒秀镇,18.0,10.9,0.0,4.6,33.5,60.339999999999996,41.298989898989895,46.79183823529412
甘肃省,甘南藏族自治州,合作市,佐盖曼玛镇,103.0471761,34.997583,0.0,4.0,0.0,6.0,12.0,0.0,0.0,0.0,0.0,0.0,0.0,0.0,0.0,0.0,0.0,0.0,0.0,0.0,0.0,0.0,8.0,0.0,0.0,0.0,0.0,4.0,4.0,0.0,0.0,0.0,0.0,0.0,0.0,1.0,5.0,4.0,0.0,4.0,0.0,6.0,8.0,0.0,0.0,0.0,0.0,0.0,0.0,0.0,0.0,0.0,0.0,0.0,0.0,0.0,0.0,0.0,2.0,0.0,0.0,0.0,0.0,1.0,4.0,0.0,0.0,0.0,0.0,0.0,0.0,1.0,5.0,4.0,4605780564.0,16381424.0,甘南藏族自治州合作市,甘南藏族自治州合作市佐盖曼玛镇,19.0,17.3,0.0,2.8,39.099999999999994,60.339999999999996,41.298989898989895,46.79183823529412
甘肃省,甘南藏族自治州,合作市,卡加曼乡,102.913927,35.088514,6.0,0.0,0.0,3.0,7.0,0.0,0.0,0.0,0.0,0.0,0.0,0.0,0.0,0.0,1.0,1.0,0.0,0.0,0.0,0.0,4.0,0.0,0.0,0.0,0.0,1.0,7.0,0.0,0.0,0.0,0.0,1.0,0.0,3.0,3.0,4.0,2.0,0.0,0.0,1.0,3.0,0.0,0.0,0.0,0.0,0.0,0.0,0.0,0.0,0.0,1.0,1.0,0.0,0.0,0.0,0.0,3.0,0.0,0.0,0.0,0.0,1.0,3.0,0.0,0.0,0.0,0.0,0.0,0.0,1.0,3.0,3.0,6074054151.0,11839277.0,甘南藏族自治州合作市,甘南藏族自治州合作市卡加曼乡,16.0,11.8,5.0,3.0,35.8,60.339999999999996,41.298989898989895,46.79183823529412
甘肃省,甘南藏族自治州,合作市,卡加道乡,103.0015375,35.1201547,0.0,0.0,6.0,1.0,10.0,0.0,0.0,0.0,0.0,0.0,0.0,0.0,0.0,0.0,1.0,1.0,0.0,0.0,0.0,0.0,3.0,0.0,2.0,0.0,0.0,6.0,2.0,0.0,0.0,1.0,0.0,0.0,0.0,1.0,4.0,4.0,0.0,0.0,1.0,1.0,8.0,0.0,0.0,0.0,0.0,0.0,0.0,0.0,0.0,0.0,1.0,1.0,0.0,0.0,0.0,0.0,3.0,0.0,0.0,0.0,0.0,2.0,2.0,0.0,0.0,1.0,0.0,0.0,0.0,1.0,3.0,2.0,4605777617.0,16381413.0,甘南藏族自治州合作市,甘南藏族自治州合作市卡加道乡,20.0,12.4,5.0,2.6,40.0,60.339999999999996,41.298989898989895,46.79183823529412
甘肃省,甘南藏族自治州,合作市,佐盖多玛乡,103.1313138,35.0550609,0.0,4.0,0.0,3.0,19.0,0.0,0.0,0.0,0.0,0.0,0.0,0.0,0.0,0.0,0.0,0.0,0.0,0.0,0.0,0.0,2.0,0.0,0.0,0.0,0.0,1.0,0.0,0.0,0.0,0.0,0.0,0.0,0.0,2.0,6.0,5.0,0.0,4.0,0.0,3.0,19.0,0.0,0.0,0.0,0.0,0.0,0.0,0.0,0.0,0.0,0.0,0.0,0.0,0.0,0.0,0.0,2.0,0.0,0.0,0.0,0.0,1.0,0.0,0.0,0.0,0.0,0.0,0.0,0.0,1.0,6.0,4.0,4605782470.0,16381423.0,甘南藏族自治州合作市,甘南藏族自治州合作市佐盖多玛乡,16.0,20.5,0.0,2.5,39.0,60.339999999999996,41.298989898989895,46.79183823529412
甘肃省,甘南藏族自治州,临潭县,城关镇,103.3568644,34.6836874,8.0,0.0,7.0,14.0,103.0,0.0,0.0,1.0,0.0,0.0,0.0,0.0,0.0,0.0,1.0,1.0,0.0,0.0,0.0,0.0,15.0,1.0,10.0,0.0,0.0,4.0,14.0,0.0,0.0,6.0,0.0,3.0,0.0,5.0,12.0,7.0,4.0,0.0,2.0,7.0,43.0,0.0,0.0,1.0,0.0,0.0,0.0,0.0,0.0,0.0,1.0,1.0,0.0,0.0,0.0,0.0,5.0,0.0,1.0,0.0,0.0,1.0,11.0,0.0,0.0,1.0,0.0,0.0,0.0,2.0,9.0,4.0,8081585174.0,6389976.0,甘南藏族自治州临潭县,甘南藏族自治州临潭县城关镇,19.0,24.0,5.0,6.7,54.7,37.54375,41.298989898989895,46.79183823529412
甘肃省,甘南藏族自治州,临潭县,新城镇,103.5868,34.674309,11.0,2.0,5.0,7.0,32.0,0.0,0.0,3.0,0.0,0.0,0.0,0.0,0.0,0.0,0.0,0.0,0.0,0.0,0.0,0.0,27.0,0.0,3.0,0.0,0.0,5.0,14.0,0.0,0.0,3.0,0.0,3.0,1.0,3.0,9.0,5.0,3.0,2.0,3.0,0.0,20.0,0.0,0.0,3.0,0.0,0.0,0.0,0.0,0.0,0.0,0.0,0.0,0.0,0.0,0.0,0.0,4.0,0.0,1.0,0.0,0.0,1.0,4.0,0.0,0.0,2.0,0.0,3.0,1.0,3.0,6.0,5.0,2105622961.0,-1.0,甘南藏族自治州临潭县,甘南藏族自治州临潭县新城镇,12.0,24.0,0.0,4.800000000000001,40.8,37.54375,41.298989898989895,46.79183823529412
甘肃省,甘南藏族自治州,临潭县,冶力关镇,103.660491,34.964398,4.0,6.0,1.0,9.0,28.0,4.0,0.0,0.0,0.0,1.0,1.0,0.0,0.0,0.0,0.0,0.0,0.0,0.0,0.0,0.0,14.0,1.0,1.0,0.0,2.0,3.0,16.0,0.0,0.0,9.0,0.0,2.0,1.0,8.0,8.0,13.0,3.0,4.0,0.0,2.0,18.0,1.0,0.0,0.0,0.0,0.0,0.0,0.0,0.0,0.0,0.0,0.0,0.0,0.0,0.0,0.0,5.0,0.0,1.0,0.0,0.0,1.0,4.0,0.0,0.0,0.0,0.0,1.0,0.0,2.0,6.0,5.0,2109427311.0,11835235.0,甘南藏族自治州临潭县,甘南藏族自治州临潭县冶力关镇,18.0,28.0,0.0,6.9,52.9,37.54375,41.298989898989895,46.79183823529412
甘肃省,甘南藏族自治州,临潭县,羊永镇,103.478081,34.648527,12.0,0.0,1.0,8.0,22.0,0.0,0.0,2.0,0.0,1.0,1.0,0.0,0.0,0.0,2.0,2.0,0.0,0.0,0.0,0.0,20.0,0.0,4.0,0.0,0.0,8.0,0.0,0.0,0.0,0.0,0.0,2.0,3.0,5.0,10.0,7.0,5.0,0.0,1.0,3.0,7.0,0.0,0.0,2.0,0.0,1.0,0.0,0.0,0.0,0.0,2.0,2.0,0.0,0.0,0.0,0.0,5.0,0.0,1.0,0.0,0.0,1.0,0.0,0.0,0.0,0.0,0.0,2.0,3.0,2.0,10.0,6.0,2105623027.0,-1.0,甘南藏族自治州临潭县,甘南藏族自治州临潭县羊永镇,12.0,24.5,5.0,3.5,45.0,37.54375,41.298989898989895,46.79183823529412
甘肃省,甘南藏族自治州,临潭县,王旗镇,103.7767263,34.6552817,0.0,0.0,0.0,3.0,0.0,0.0,0.0,0.0,0.0,0.0,0.0,0.0,0.0,0.0,0.0,0.0,0.0,0.0,0.0,0.0,4.0,0.0,0.0,0.0,0.0,3.0,0.0,0.0,0.0,0.0,0.0,0.0,0.0,2.0,1.0,2.0,0.0,0.0,0.0,1.0,0.0,0.0,0.0,0.0,0.0,0.0,0.0,0.0,0.0,0.0,0.0,0.0,0.0,0.0,0.0,0.0,4.0,0.0,0.0,0.0,0.0,1.0,0.0,0.0,0.0,0.0,0.0,0.0,0.0,1.0,1.0,1.0,2105622134.0,-1.0,甘南藏族自治州临潭县,甘南藏族自治州临潭县王旗镇,10.0,3.5,0.0,1.0,14.5,37.54375,41.298989898989895,46.79183823529412
甘肃省,甘南藏族自治州,临潭县,古战镇,103.2964363,34.69794,3.0,0.0,0.0,11.0,54.0,6.0,0.0,5.0,0.0,1.0,1.0,0.0,0.0,0.0,0.0,0.0,0.0,0.0,0.0,0.0,19.0,0.0,3.0,0.0,2.0,4.0,3.0,0.0,0.0,12.0,0.0,1.0,1.0,5.0,14.0,11.0,0.0,0.0,0.0,7.0,27.0,1.0,0.0,3.0,0.0,0.0,0.0,0.0,0.0,0.0,0.0,0.0,0.0,0.0,0.0,0.0,4.0,0.0,0.0,0.0,0.0,1.0,0.0,0.0,0.0,5.0,0.0,1.0,0.0,1.0,6.0,5.0,2105621912.0,6389978.0,甘南藏族自治州临潭县,甘南藏族自治州临潭县古战镇,19.0,28.0,0.0,6.0,53.0,37.54375,41.298989898989895,46.79183823529412
甘肃省,甘南藏族自治州,临潭县,洮滨镇,103.688726,34.552713,3.0,0.0,0.0,3.0,9.0,0.0,0.0,0.0,0.0,0.0,0.0,0.0,0.0,0.0,0.0,0.0,0.0,0.0,0.0,0.0,10.0,0.0,0.0,0.0,0.0,4.0,0.0,0.0,0.0,0.0,0.0,0.0,0.0,5.0,5.0,2.0,3.0,0.0,0.0,3.0,1.0,0.0,0.0,0.0,0.0,0.0,0.0,0.0,0.0,0.0,0.0,0.0,0.0,0.0,0.0,0.0,2.0,0.0,0.0,0.0,0.0,1.0,0.0,0.0,0.0,0.0,0.0,0.0,0.0,5.0,3.0,2.0,2105623157.0,-1.0,甘南藏族自治州临潭县,甘南藏族自治州临潭县洮滨镇,11.0,12.6,0.0,1.0,24.6,37.54375,41.298989898989895,46.79183823529412
甘肃省,甘南藏族自治州,临潭县,八角镇,103.6973995,35.0266082,0.0,0.0,0.0,4.0,16.0,1.0,0.0,1.0,0.0,1.0,0.0,0.0,0.0,0.0,1.0,1.0,0.0,0.0,0.0,0.0,8.0,0.0,0.0,0.0,0.0,4.0,5.0,0.0,0.0,2.0,0.0,1.0,0.0,8.0,6.0,4.0,0.0,0.0,0.0,1.0,5.0,0.0,0.0,0.0,0.0,0.0,0.0,0.0,0.0,0.0,1.0,1.0,0.0,0.0,0.0,0.0,2.0,0.0,0.0,0.0,0.0,1.0,2.0,0.0,0.0,0.0,0.0,0.0,0.0,1.0,3.0,3.0,4287138546.0,11835236.0,甘南藏族自治州临潭县,甘南藏族自治州临潭县八角镇,19.0,13.7,5.0,2.9,40.6,37.54375,41.298989898989895,46.79183823529412
甘肃省,甘南藏族自治州,临潭县,流顺镇,103.5431083,34.6466172,2.0,0.0,3.0,1.0,39.0,1.0,0.0,2.0,0.0,0.0,1.0,0.0,0.0,0.0,0.0,0.0,0.0,0.0,0.0,0.0,24.0,0.0,1.0,0.0,0.0,6.0,1.0,0.0,0.0,0.0,0.0,1.0,1.0,5.0,11.0,7.0,1.0,0.0,3.0,1.0,17.0,1.0,0.0,2.0,0.0,0.0,1.0,0.0,0.0,0.0,0.0,0.0,0.0,0.0,0.0,0.0,4.0,0.0,1.0,0.0,0.0,1.0,1.0,0.0,0.0,0.0,0.0,1.0,1.0,2.0,10.0,6.0,2105622121.0,-1.0,甘南藏族自治州临潭县,甘南藏族自治州临潭县流顺镇,12.0,24.9,0.0,3.7,40.6,37.54375,41.298989898989895,46.79183823529412
甘肃省,甘南藏族自治州,临潭县,店子镇,103.6668152,34.6312052,0.0,5.0,0.0,4.0,7.0,0.0,0.0,0.0,0.0,0.0,0.0,0.0,0.0,0.0,0.0,0.0,0.0,0.0,0.0,0.0,11.0,0.0,0.0,0.0,0.0,2.0,0.0,0.0,0.0,1.0,0.0,1.0,0.0,1.0,4.0,4.0,0.0,3.0,0.0,1.0,0.0,0.0,0.0,0.0,0.0,0.0,0.0,0.0,0.0,0.0,0.0,0.0,0.0,0.0,0.0,0.0,4.0,0.0,0.0,0.0,0.0,1.0,0.0,0.0,0.0,0.0,0.0,1.0,0.0,1.0,2.0,3.0,2105621426.0,-1.0,甘南藏族自治州临潭县,甘南藏族自治州临潭县店子镇,9.0,12.4,0.0,2.1,23.5,37.54375,41.298989898989895,46.79183823529412
甘肃省,甘南藏族自治州,临潭县,羊沙镇,103.6703828,34.8285691,14.0,0.0,1.0,1.0,5.0,4.0,0.0,0.0,0.0,0.0,1.0,0.0,0.0,0.0,0.0,0.0,0.0,0.0,0.0,0.0,4.0,0.0,0.0,0.0,0.0,2.0,6.0,0.0,2.0,1.0,0.0,2.0,0.0,4.0,7.0,6.0,9.0,0.0,0.0,1.0,2.0,3.0,0.0,0.0,0.0,0.0,0.0,0.0,0.0,0.0,0.0,0.0,0.0,0.0,0.0,0.0,1.0,0.0,0.0,0.0,0.0,1.0,6.0,0.0,2.0,0.0,0.0,2.0,0.0,2.0,5.0,4.0,2105623011.0,-1.0,甘南藏族自治州临潭县,甘南藏族自治州临潭县羊沙镇,9.0,13.1,0.0,4.3,26.400000000000002,37.54375,41.298989898989895,46.79183823529412
甘肃省,甘南藏族自治州,临潭县,术布乡,103.2929391,34.6190642,0.0,8.0,0.0,13.0,27.0,0.0,0.0,0.0,0.0,0.0,0.0,0.0,0.0,0.0,0.0,0.0,0.0,0.0,0.0,0.0,10.0,0.0,1.0,0.0,0.0,7.0,0.0,0.0,0.0,0.0,0.0,0.0,0.0,5.0,7.0,5.0,0.0,3.0,0.0,5.0,13.0,0.0,0.0,0.0,0.0,0.0,0.0,0.0,0.0,0.0,0.0,0.0,0.0,0.0,0.0,0.0,3.0,0.0,1.0,0.0,0.0,1.0,0.0,0.0,0.0,0.0,0.0,0.0,0.0,4.0,5.0,4.0,2105621402.0,6389977.0,甘南藏族自治州临潭县,甘南藏族自治州临潭县术布乡,20.0,22.8,0.0,2.5,45.3,37.54375,41.298989898989895,46.79183823529412
甘肃省,甘南藏族自治州,临潭县,卓洛乡,103.339741,34.732124,5.0,0.0,1.0,5.0,34.0,12.0,0.0,0.0,0.0,0.0,0.0,0.0,0.0,0.0,0.0,0.0,0.0,0.0,0.0,0.0,11.0,0.0,6.0,0.0,0.0,3.0,1.0,0.0,0.0,3.0,0.0,0.0,0.0,4.0,8.0,6.0,0.0,0.0,0.0,1.0,21.0,0.0,0.0,0.0,0.0,0.0,0.0,0.0,0.0,0.0,0.0,0.0,0.0,0.0,0.0,0.0,2.0,0.0,0.0,0.0,0.0,1.0,0.0,0.0,0.0,0.0,0.0,0.0,0.0,4.0,3.0,4.0,2105623136.0,6389980.0,甘南藏族自治州临潭县,甘南藏族自治州临潭县卓洛乡,18.0,24.0,0.0,3.4,45.4,37.54375,41.298989898989895,46.79183823529412
甘肃省,甘南藏族自治州,临潭县,长川乡,103.429698,34.715433,0.0,0.0,2.0,10.0,73.0,0.0,0.0,0.0,0.0,0.0,0.0,0.0,0.0,0.0,0.0,0.0,0.0,0.0,0.0,0.0,25.0,0.0,3.0,0.0,0.0,5.0,1.0,0.0,0.0,1.0,0.0,0.0,0.0,5.0,7.0,5.0,0.0,0.0,0.0,4.0,4.0,0.0,0.0,0.0,0.0,0.0,0.0,0.0,0.0,0.0,0.0,0.0,0.0,0.0,0.0,0.0,1.0,0.0,0.0,0.0,0.0,1.0,0.0,0.0,0.0,0.0,0.0,0.0,0.0,1.0,3.0,2.0,2105621394.0,6389975.0,甘南藏族自治州临潭县,甘南藏族自治州临潭县长川乡,20.0,23.5,0.0,2.7,46.2,37.54375,41.298989898989895,46.79183823529412
甘肃省,甘南藏族自治州,临潭县,三岔乡,103.7646804,34.5890799,0.0,3.0,0.0,0.0,3.0,0.0,0.0,0.0,0.0,0.0,0.0,0.0,0.0,0.0,0.0,0.0,0.0,0.0,0.0,0.0,9.0,0.0,0.0,0.0,0.0,5.0,0.0,0.0,0.0,0.0,0.0,0.0,0.0,1.0,4.0,3.0,0.0,3.0,0.0,0.0,2.0,0.0,0.0,0.0,0.0,0.0,0.0,0.0,0.0,0.0,0.0,0.0,0.0,0.0,0.0,0.0,2.0,0.0,0.0,0.0,0.0,1.0,0.0,0.0,0.0,0.0,0.0,0.0,0.0,1.0,2.0,2.0,2105622434.0,16410585.0,甘南藏族自治州临潭县,甘南藏族自治州临潭县三岔乡,20.0,8.2,0.0,1.5,29.7,37.54375,41.298989898989895,46.79183823529412
甘肃省,甘南藏族自治州,临潭县,石门乡,103.701484,34.736018,0.0,0.0,2.0,0.0,0.0,0.0,0.0,0.0,0.0,0.0,0.0,0.0,0.0,0.0,0.0,0.0,0.0,0.0,0.0,0.0,1.0,0.0,0.0,0.0,0.0,4.0,0.0,0.0,0.0,0.0,0.0,0.0,0.0,1.0,1.0,2.0,0.0,0.0,2.0,0.0,0.0,0.0,0.0,0.0,0.0,0.0,0.0,0.0,0.0,0.0,0.0,0.0,0.0,0.0,0.0,0.0,1.0,0.0,0.0,0.0,0.0,1.0,0.0,0.0,0.0,0.0,0.0,0.0,0.0,1.0,1.0,2.0,2105622507.0,-1.0,甘南藏族自治州临潭县,甘南藏族自治州临潭县石门乡,11.0,5.5,0.0,1.0,17.5,37.54375,41.298989898989895,46.79183823529412
甘肃省,甘南藏族自治州,卓尼县,柳林镇,103.4995321,34.5906936,14.0,2.0,26.0,5.0,41.0,35.0,0.0,24.0,1.0,0.0,1.0,2.0,1.0,1.0,8.0,8.0,1.0,1.0,0.0,1.0,17.0,3.0,4.0,0.0,1.0,11.0,97.0,0.0,0.0,12.0,0.0,21.0,3.0,6.0,13.0,16.0,2.0,1.0,12.0,2.0,17.0,6.0,0.0,3.0,1.0,0.0,1.0,1.0,1.0,1.0,4.0,4.0,1.0,1.0,0.0,0.0,7.0,2.0,0.0,0.0,1.0,4.0,34.0,0.0,0.0,3.0,0.0,3.0,0.0,4.0,10.0,8.0,3409842155.0,16405869.0,甘南藏族自治州卓尼县,甘南藏族自治州卓尼县柳林镇,20.0,28.0,22.0,18.6,88.6,40.059999999999995,41.298989898989895,46.79183823529412
甘肃省,甘南藏族自治州,卓尼县,木耳镇,103.5879196,34.5682007,3.0,0.0,5.0,4.0,14.0,0.0,0.0,0.0,0.0,0.0,0.0,0.0,0.0,0.0,0.0,0.0,0.0,0.0,0.0,0.0,14.0,0.0,0.0,0.0,0.0,4.0,1.0,0.0,0.0,0.0,0.0,0.0,0.0,4.0,6.0,3.0,3.0,0.0,4.0,2.0,4.0,0.0,0.0,0.0,0.0,0.0,0.0,0.0,0.0,0.0,0.0,0.0,0.0,0.0,0.0,0.0,3.0,0.0,0.0,0.0,0.0,1.0,1.0,0.0,0.0,0.0,0.0,0.0,0.0,4.0,5.0,3.0,2105622219.0,-1.0,甘南藏族自治州卓尼县,甘南藏族自治州卓尼县木耳镇,11.0,16.0,0.0,1.7,28.7,40.059999999999995,41.298989898989895,46.79183823529412
甘肃省,甘南藏族自治州,卓尼县,扎古录镇,103.185728,34.6540623,4.0,4.0,1.0,10.0,12.0,16.0,0.0,2.0,0.0,0.0,1.0,0.0,0.0,0.0,1.0,1.0,0.0,0.0,0.0,1.0,12.0,0.0,0.0,1.0,0.0,7.0,11.0,0.0,0.0,0.0,0.0,3.0,2.0,5.0,11.0,9.0,2.0,3.0,1.0,5.0,5.0,15.0,0.0,2.0,0.0,0.0,1.0,0.0,0.0,0.0,1.0,1.0,0.0,0.0,0.0,1.0,2.0,0.0,0.0,1.0,0.0,2.0,10.0,0.0,0.0,0.0,0.0,3.0,2.0,3.0,10.0,8.0,2105623097.0,-1.0,甘南藏族自治州卓尼县,甘南藏族自治州卓尼县扎古录镇,12.0,19.9,6.0,6.1,44.0,40.059999999999995,41.298989898989895,46.79183823529412
甘肃省,甘南藏族自治州,卓尼县,喀尔钦镇,103.352928,34.6049991,0.0,25.0,2.0,12.0,14.0,4.0,0.0,0.0,0.0,0.0,0.0,1.0,0.0,0.0,1.0,1.0,0.0,0.0,0.0,2.0,11.0,0.0,3.0,0.0,0.0,8.0,0.0,0.0,0.0,5.0,0.0,5.0,2.0,3.0,7.0,7.0,0.0,6.0,0.0,8.0,2.0,3.0,0.0,0.0,0.0,0.0,0.0,1.0,0.0,0.0,1.0,1.0,0.0,0.0,0.0,2.0,3.0,0.0,0.0,0.0,0.0,3.0,0.0,0.0,0.0,0.0,0.0,4.0,1.0,2.0,4.0,6.0,2105622031.0,-1.0,甘南藏族自治州卓尼县,甘南藏族自治州卓尼县喀尔钦镇,12.0,16.9,12.0,4.0,44.9,40.059999999999995,41.298989898989895,46.79183823529412
甘肃省,甘南藏族自治州,卓尼县,藏巴哇镇,103.8631229,34.8765419,0.0,0.0,5.0,10.0,3.0,0.0,0.0,0.0,0.0,0.0,0.0,0.0,0.0,0.0,0.0,0.0,0.0,0.0,0.0,0.0,2.0,0.0,0.0,0.0,0.0,2.0,0.0,0.0,0.0,0.0,0.0,0.0,0.0,5.0,4.0,3.0,0.0,0.0,2.0,7.0,1.0,0.0,0.0,0.0,0.0,0.0,0.0,0.0,0.0,0.0,0.0,0.0,0.0,0.0,0.0,0.0,1.0,0.0,0.0,0.0,0.0,1.0,0.0,0.0,0.0,0.0,0.0,0.0,0.0,1.0,3.0,3.0,5133484373.0,8850810.0,甘南藏族自治州卓尼县,甘南藏族自治州卓尼县藏巴哇镇,17.0,12.9,0.0,1.5,31.4,40.059999999999995,41.298989898989895,46.79183823529412
甘肃省,甘南藏族自治州,卓尼县,纳浪镇,103.7032536,34.5155883,7.0,0.0,0.0,0.0,15.0,0.0,0.0,0.0,0.0,0.0,0.0,0.0,0.0,0.0,0.0,0.0,0.0,0.0,0.0,0.0,11.0,0.0,0.0,0.0,0.0,4.0,0.0,0.0,0.0,0.0,0.0,0.0,0.0,4.0,4.0,5.0,3.0,0.0,0.0,0.0,12.0,0.0,0.0,0.0,0.0,0.0,0.0,0.0,0.0,0.0,0.0,0.0,0.0,0.0,0.0,0.0,5.0,0.0,0.0,0.0,0.0,1.0,0.0,0.0,0.0,0.0,0.0,0.0,0.0,4.0,3.0,4.0,2105622227.0,11835238.0,甘南藏族自治州卓尼县,甘南藏族自治州卓尼县纳浪镇,19.0,13.6,0.0,2.5,35.1,40.059999999999995,41.298989898989895,46.79183823529412
甘肃省,甘南藏族自治州,卓尼县,洮砚镇,103.7962461,34.7711503,0.0,0.0,6.0,4.0,18.0,2.0,0.0,1.0,0.0,0.0,0.0,0.0,0.0,0.0,0.0,0.0,0.0,0.0,0.0,0.0,13.0,0.0,0.0,0.0,0.0,5.0,1.0,0.0,0.0,0.0,0.0,1.0,0.0,6.0,8.0,5.0,0.0,0.0,1.0,1.0,7.0,2.0,0.0,1.0,0.0,0.0,0.0,0.0,0.0,0.0,0.0,0.0,0.0,0.0,0.0,0.0,3.0,0.0,0.0,0.0,0.0,1.0,1.0,0.0,0.0,0.0,0.0,0.0,0.0,4.0,7.0,3.0,2105622603.0,8850811.0,甘南藏族自治州卓尼县,甘南藏族自治州卓尼县洮砚镇,20.0,18.7,0.0,2.7,41.400000000000006,40.059999999999995,41.298989898989895,46.79183823529412
甘肃省,甘南藏族自治州,卓尼县,阿子滩镇,103.3144101,34.708624,3.0,0.0,1.0,10.0,40.0,13.0,0.0,5.0,0.0,1.0,1.0,0.0,0.0,0.0,0.0,0.0,0.0,0.0,0.0,0.0,13.0,0.0,5.0,0.0,2.0,4.0,4.0,0.0,0.0,11.0,0.0,1.0,1.0,6.0,14.0,10.0,1.0,0.0,0.0,0.0,0.0,0.0,0.0,0.0,0.0,0.0,0.0,0.0,0.0,0.0,0.0,0.0,0.0,0.0,0.0,0.0,2.0,0.0,1.0,0.0,2.0,1.0,0.0,0.0,0.0,0.0,0.0,0.0,0.0,5.0,2.0,3.0,2105621332.0,-1.0,甘南藏族自治州卓尼县,甘南藏族自治州卓尼县阿子滩镇,11.0,26.0,0.0,5.5,42.5,40.059999999999995,41.298989898989895,46.79183823529412
甘肃省,甘南藏族自治州,卓尼县,申藏镇,103.380354,34.734648,0.0,0.0,4.0,1.0,37.0,5.0,0.0,0.0,0.0,0.0,0.0,0.0,0.0,0.0,0.0,0.0,0.0,0.0,0.0,0.0,15.0,0.0,1.0,0.0,0.0,2.0,0.0,0.0,0.0,0.0,0.0,0.0,0.0,6.0,7.0,4.0,0.0,0.0,3.0,0.0,11.0,1.0,0.0,0.0,0.0,0.0,0.0,0.0,0.0,0.0,0.0,0.0,0.0,0.0,0.0,0.0,5.0,0.0,0.0,0.0,0.0,2.0,0.0,0.0,0.0,0.0,0.0,0.0,0.0,2.0,5.0,2.0,2105622499.0,16390704.0,甘南藏族自治州卓尼县,甘南藏族自治州卓尼县申藏镇,17.0,20.2,0.0,2.0,39.2,40.059999999999995,41.298989898989895,46.79183823529412
甘肃省,甘南藏族自治州,卓尼县,完冒镇,103.2002139,34.8015419,1.0,0.0,0.0,0.0,20.0,7.0,0.0,0.0,0.0,0.0,1.0,0.0,1.0,1.0,1.0,1.0,1.0,0.0,0.0,0.0,8.0,1.0,0.0,1.0,0.0,4.0,3.0,0.0,0.0,0.0,0.0,4.0,0.0,4.0,6.0,5.0,1.0,0.0,0.0,0.0,3.0,4.0,0.0,0.0,0.0,0.0,1.0,0.0,1.0,1.0,1.0,1.0,1.0,0.0,0.0,0.0,1.0,1.0,0.0,1.0,0.0,2.0,3.0,0.0,0.0,0.0,0.0,4.0,0.0,4.0,4.0,4.0,6014928626.0,-1.0,甘南藏族自治州卓尼县,甘南藏族自治州卓尼县完冒镇,11.0,14.9,15.0,3.1,44.0,40.059999999999995,41.298989898989895,46.79183823529412
甘肃省,甘南藏族自治州,卓尼县,尼巴镇,103.0849578,34.4564265,5.0,0.0,0.0,0.0,20.0,0.0,0.0,0.0,0.0,0.0,0.0,0.0,0.0,0.0,0.0,0.0,0.0,0.0,0.0,0.0,5.0,1.0,0.0,0.0,0.0,4.0,0.0,0.0,0.0,0.0,0.0,1.0,0.0,2.0,4.0,4.0,5.0,0.0,0.0,0.0,14.0,0.0,0.0,0.0,0.0,0.0,0.0,0.0,0.0,0.0,0.0,0.0,0.0,0.0,0.0,0.0,4.0,1.0,0.0,0.0,0.0,3.0,0.0,0.0,0.0,0.0,0.0,1.0,0.0,2.0,3.0,4.0,2105622255.0,-1.0,甘南藏族自治州卓尼县,甘南藏族自治州卓尼县尼巴镇,11.0,15.2,0.0,2.0,28.2,40.059999999999995,41.298989898989895,46.79183823529412
甘肃省,甘南藏族自治州,卓尼县,刀告乡,103.1235314,34.5018767,4.0,0.0,0.0,0.0,33.0,0.0,0.0,0.0,0.0,0.0,0.0,0.0,0.0,0.0,0.0,0.0,0.0,0.0,0.0,0.0,7.0,0.0,0.0,0.0,0.0,6.0,3.0,0.0,0.0,0.0,0.0,0.0,0.0,3.0,4.0,5.0,1.0,0.0,0.0,0.0,8.0,0.0,0.0,0.0,0.0,0.0,0.0,0.0,0.0,0.0,0.0,0.0,0.0,0.0,0.0,0.0,2.0,0.0,0.0,0.0,0.0,2.0,3.0,0.0,0.0,0.0,0.0,0.0,0.0,3.0,3.0,4.0,2105621418.0,-1.0,甘南藏族自治州卓尼县,甘南藏族自治州卓尼县刀告乡,12.0,16.0,0.0,3.1,31.1,40.059999999999995,41.298989898989895,46.79183823529412
甘肃省,甘南藏族自治州,卓尼县,恰盖乡,103.4613052,34.8417016,0.0,0.0,3.0,3.0,7.0,0.0,0.0,0.0,0.0,0.0,0.0,0.0,0.0,0.0,0.0,0.0,0.0,0.0,0.0,0.0,0.0,0.0,0.0,0.0,0.0,5.0,0.0,0.0,0.0,0.0,0.0,0.0,0.0,1.0,4.0,4.0,0.0,0.0,1.0,0.0,3.0,0.0,0.0,0.0,0.0,0.0,0.0,0.0,0.0,0.0,0.0,0.0,0.0,0.0,0.0,0.0,0.0,0.0,0.0,0.0,0.0,2.0,0.0,0.0,0.0,0.0,0.0,0.0,0.0,1.0,3.0,4.0,2105622310.0,-1.0,甘南藏族自治州卓尼县,甘南藏族自治州卓尼县恰盖乡,12.0,12.3,0.0,2.0,26.3,40.059999999999995,41.298989898989895,46.79183823529412
甘肃省,甘南藏族自治州,卓尼县,康多乡,103.5367931,35.0340174,0.0,15.0,0.0,1.0,18.0,0.0,0.0,0.0,0.0,1.0,0.0,0.0,0.0,0.0,0.0,0.0,0.0,0.0,0.0,0.0,0.0,0.0,0.0,0.0,0.0,2.0,9.0,0.0,0.0,0.0,0.0,0.0,0.0,2.0,3.0,4.0,0.0,0.0,0.0,1.0,5.0,0.0,0.0,0.0,0.0,0.0,0.0,0.0,0.0,0.0,0.0,0.0,0.0,0.0,0.0,0.0,0.0,0.0,0.0,0.0,0.0,1.0,5.0,0.0,0.0,0.0,0.0,0.0,0.0,1.0,2.0,3.0,4605782137.0,16386572.0,甘南藏族自治州卓尼县,甘南藏族自治州卓尼县康多乡,17.0,14.6,0.0,3.4000000000000004,35.0,40.059999999999995,41.298989898989895,46.79183823529412
甘肃省,甘南藏族自治州,卓尼县,杓哇土族乡,103.5726057,34.9798294,0.0,9.0,0.0,7.0,22.0,1.0,0.0,0.0,0.0,0.0,0.0,0.0,0.0,0.0,0.0,0.0,0.0,0.0,0.0,0.0,1.0,0.0,0.0,0.0,0.0,5.0,3.0,0.0,0.0,1.0,0.0,0.0,0.0,5.0,5.0,4.0,0.0,4.0,0.0,1.0,3.0,0.0,0.0,0.0,0.0,0.0,0.0,0.0,0.0,0.0,0.0,0.0,0.0,0.0,0.0,0.0,0.0,0.0,0.0,0.0,0.0,2.0,2.0,0.0,0.0,1.0,0.0,0.0,0.0,1.0,3.0,0.0,4605781760.0,11835237.0,甘南藏族自治州卓尼县,甘南藏族自治州卓尼县杓哇土族乡,20.0,17.8,0.0,2.7,40.5,40.059999999999995,41.298989898989895,46.79183823529412
甘肃省,甘南藏族自治州,舟曲县,城关镇,104.3724364,33.7818734,13.0,24.0,1.0,15.0,53.0,0.0,0.0,4.0,0.0,0.0,0.0,0.0,0.0,0.0,0.0,0.0,0.0,0.0,0.0,0.0,26.0,0.0,2.0,0.0,0.0,10.0,19.0,0.0,0.0,1.0,0.0,0.0,0.0,4.0,9.0,3.0,3.0,10.0,0.0,12.0,20.0,0.0,0.0,3.0,0.0,0.0,0.0,0.0,0.0,0.0,0.0,0.0,0.0,0.0,0.0,0.0,8.0,0.0,1.0,0.0,0.0,2.0,2.0,0.0,0.0,0.0,0.0,0.0,0.0,3.0,6.0,3.0,6766071244.0,-1.0,甘南藏族自治州舟曲县,甘南藏族自治州舟曲县城关镇,12.0,24.0,0.0,3.7,39.7,39.21578947368421,41.298989898989895,46.79183823529412
甘肃省,甘南藏族自治州,舟曲县,大川镇,104.4348379,33.7159927,12.0,9.0,0.0,3.0,10.0,0.0,0.0,3.0,0.0,0.0,0.0,0.0,0.0,0.0,0.0,0.0,0.0,0.0,0.0,0.0,12.0,0.0,0.0,0.0,0.0,4.0,9.0,0.0,0.0,3.0,0.0,0.0,0.0,3.0,7.0,7.0,7.0,3.0,0.0,1.0,1.0,0.0,0.0,0.0,0.0,0.0,0.0,0.0,0.0,0.0,0.0,0.0,0.0,0.0,0.0,0.0,1.0,0.0,0.0,0.0,0.0,1.0,6.0,0.0,0.0,0.0,0.0,0.0,0.0,2.0,4.0,3.0,3421603829.0,-1.0,甘南藏族自治州舟曲县,甘南藏族自治州舟曲县大川镇,11.0,13.8,0.0,5.3,30.1,39.21578947368421,41.298989898989895,46.79183823529412
甘肃省,甘南藏族自治州,舟曲县,峰迭镇,104.2472117,33.8095995,13.0,0.0,5.0,7.0,43.0,14.0,0.0,0.0,0.0,0.0,1.0,4.0,0.0,1.0,3.0,4.0,0.0,0.0,0.0,0.0,11.0,0.0,2.0,0.0,0.0,5.0,174.0,0.0,0.0,1.0,0.0,3.0,0.0,4.0,7.0,6.0,5.0,0.0,1.0,3.0,7.0,3.0,0.0,0.0,0.0,0.0,0.0,0.0,0.0,0.0,0.0,0.0,0.0,0.0,0.0,0.0,5.0,0.0,1.0,0.0,0.0,1.0,17.0,0.0,0.0,0.0,0.0,1.0,0.0,2.0,6.0,4.0,3421603842.0,-1.0,甘南藏族自治州舟曲县,甘南藏族自治州舟曲县峰迭镇,12.0,25.5,5.0,19.0,61.5,39.21578947368421,41.298989898989895,46.79183823529412
甘肃省,甘南藏族自治州,舟曲县,立节镇,104.0679974,33.8973345,20.0,10.0,5.0,11.0,35.0,7.0,0.0,4.0,0.0,1.0,0.0,0.0,0.0,0.0,0.0,0.0,0.0,0.0,0.0,0.0,23.0,0.0,0.0,0.0,0.0,4.0,3.0,0.0,0.0,1.0,0.0,0.0,0.0,2.0,11.0,4.0,6.0,3.0,3.0,5.0,9.0,0.0,0.0,3.0,0.0,0.0,0.0,0.0,0.0,0.0,0.0,0.0,0.0,0.0,0.0,0.0,5.0,0.0,0.0,0.0,0.0,1.0,0.0,0.0,0.0,1.0,0.0,0.0,0.0,2.0,7.0,2.0,3421605165.0,-1.0,甘南藏族自治州舟曲县,甘南藏族自治州舟曲县立节镇,11.0,25.7,0.0,2.5,39.2,39.21578947368421,41.298989898989895,46.79183823529412
甘肃省,甘南藏族自治州,舟曲县,东山镇,104.4334381,33.7608715,0.0,4.0,2.0,1.0,23.0,1.0,0.0,0.0,0.0,0.0,0.0,0.0,0.0,0.0,0.0,0.0,0.0,0.0,0.0,0.0,25.0,0.0,0.0,0.0,0.0,9.0,5.0,0.0,0.0,0.0,0.0,0.0,0.0,5.0,7.0,8.0,0.0,1.0,1.0,0.0,5.0,0.0,0.0,0.0,0.0,0.0,0.0,0.0,0.0,0.0,0.0,0.0,0.0,0.0,0.0,0.0,5.0,0.0,0.0,0.0,0.0,1.0,0.0,0.0,0.0,0.0,0.0,0.0,0.0,1.0,5.0,2.0,3421603858.0,-1.0,甘南藏族自治州舟曲县,甘南藏族自治州舟曲县东山镇,12.0,15.600000000000001,0.0,4.5,32.1,39.21578947368421,41.298989898989895,46.79183823529412
甘肃省,甘南藏族自治州,舟曲县,曲告纳镇,104.6071547,33.4294424,0.0,0.0,4.0,1.0,72.0,5.0,0.0,0.0,0.0,3.0,0.0,0.0,0.0,0.0,0.0,0.0,0.0,0.0,0.0,0.0,19.0,0.0,0.0,0.0,0.0,8.0,6.0,0.0,0.0,1.0,0.0,1.0,0.0,7.0,8.0,5.0,0.0,0.0,4.0,1.0,6.0,5.0,0.0,0.0,0.0,0.0,0.0,0.0,0.0,0.0,0.0,0.0,0.0,0.0,0.0,0.0,3.0,0.0,0.0,0.0,0.0,1.0,5.0,0.0,0.0,1.0,0.0,1.0,0.0,2.0,6.0,4.0,3421603832.0,11836056.0,甘南藏族自治州舟曲县,甘南藏族自治州舟曲县曲告纳镇,20.0,26.0,0.0,3.8,49.8,39.21578947368421,41.298989898989895,46.79183823529412
甘肃省,甘南藏族自治州,舟曲县,博峪镇,104.4031162,33.4168155,0.0,0.0,0.0,3.0,16.0,7.0,0.0,1.0,0.0,0.0,0.0,0.0,0.0,0.0,0.0,0.0,0.0,0.0,0.0,0.0,9.0,0.0,0.0,0.0,0.0,6.0,4.0,0.0,0.0,0.0,0.0,0.0,0.0,5.0,6.0,2.0,0.0,0.0,0.0,3.0,8.0,4.0,0.0,1.0,0.0,0.0,0.0,0.0,0.0,0.0,0.0,0.0,0.0,0.0,0.0,0.0,2.0,0.0,0.0,0.0,0.0,2.0,4.0,0.0,0.0,0.0,0.0,0.0,0.0,2.0,5.0,2.0,3421603814.0,11835951.0,甘南藏族自治州舟曲县,甘南藏族自治州舟曲县博峪镇,20.0,11.6,0.0,1.8,33.4,39.21578947368421,41.298989898989895,46.79183823529412
甘肃省,甘南藏族自治州,舟曲县,巴藏镇,104.0328212,33.9017189,17.0,5.0,0.0,10.0,34.0,7.0,0.0,1.0,0.0,0.0,0.0,0.0,0.0,0.0,0.0,0.0,0.0,0.0,0.0,0.0,23.0,0.0,0.0,0.0,1.0,4.0,3.0,0.0,0.0,0.0,0.0,0.0,0.0,3.0,11.0,5.0,6.0,0.0,0.0,1.0,2.0,0.0,0.0,0.0,0.0,0.0,0.0,0.0,0.0,0.0,0.0,0.0,0.0,0.0,0.0,0.0,4.0,0.0,0.0,0.0,1.0,1.0,0.0,0.0,0.0,0.0,0.0,0.0,0.0,2.0,4.0,5.0,2105586835.0,-1.0,甘南藏族自治州舟曲县,甘南藏族自治州舟曲县巴藏镇,11.0,21.4,0.0,2.8,35.199999999999996,39.21578947368421,41.298989898989895,46.79183823529412
甘肃省,甘南藏族自治州,舟曲县,憨班镇,104.1816054,33.8766218,13.0,0.0,0.0,9.0,19.0,0.0,0.0,0.0,0.0,0.0,0.0,0.0,0.0,0.0,0.0,0.0,0.0,0.0,0.0,0.0,14.0,0.0,0.0,0.0,0.0,7.0,1.0,0.0,0.0,0.0,0.0,0.0,0.0,3.0,4.0,4.0,4.0,0.0,0.0,8.0,10.0,0.0,0.0,0.0,0.0,0.0,0.0,0.0,0.0,0.0,0.0,0.0,0.0,0.0,0.0,0.0,5.0,0.0,0.0,0.0,0.0,3.0,0.0,0.0,0.0,0.0,0.0,0.0,0.0,2.0,4.0,3.0,3421603866.0,-1.0,甘南藏族自治州舟曲县,甘南藏族自治州舟曲县憨班镇,12.0,18.8,0.0,2.1,32.9,39.21578947368421,41.298989898989895,46.79183823529412
甘肃省,甘南藏族自治州,舟曲县,坪定镇,104.31073,33.82545,0.0,0.0,0.0,5.0,16.0,0.0,0.0,0.0,0.0,0.0,0.0,0.0,0.0,0.0,0.0,0.0,0.0,0.0,0.0,0.0,15.0,0.0,0.0,0.0,0.0,6.0,0.0,0.0,0.0,0.0,0.0,0.0,0.0,1.0,4.0,4.0,0.0,0.0,0.0,3.0,10.0,0.0,0.0,0.0,0.0,0.0,0.0,0.0,0.0,0.0,0.0,0.0,0.0,0.0,0.0,0.0,8.0,0.0,0.0,0.0,0.0,2.0,0.0,0.0,0.0,0.0,0.0,0.0,0.0,1.0,3.0,3.0,3421605185.0,16476919.0,甘南藏族自治州舟曲县,甘南藏族自治州舟曲县坪定镇,20.0,13.2,0.0,2.0,35.2,39.21578947368421,41.298989898989895,46.79183823529412
甘肃省,甘南藏族自治州,舟曲县,果耶镇,104.4346987,33.6482675,0.0,0.0,2.0,4.0,47.0,0.0,0.0,0.0,0.0,0.0,0.0,0.0,0.0,0.0,0.0,0.0,0.0,0.0,0.0,0.0,35.0,0.0,0.0,0.0,0.0,9.0,0.0,0.0,0.0,0.0,0.0,0.0,0.0,3.0,6.0,4.0,0.0,0.0,0.0,2.0,10.0,0.0,0.0,0.0,0.0,0.0,0.0,0.0,0.0,0.0,0.0,0.0,0.0,0.0,0.0,0.0,8.0,0.0,0.0,0.0,0.0,1.0,0.0,0.0,0.0,0.0,0.0,0.0,0.0,2.0,4.0,2.0,3421606394.0,-1.0,甘南藏族自治州舟曲县,甘南藏族自治州舟曲县果耶镇,12.0,23.0,0.0,2.0,37.0,39.21578947368421,41.298989898989895,46.79183823529412
甘肃省,甘南藏族自治州,舟曲县,武坪镇,104.3387896,33.6215445,0.0,0.0,9.0,14.0,32.0,0.0,0.0,0.0,0.0,0.0,0.0,0.0,0.0,0.0,0.0,0.0,0.0,0.0,0.0,0.0,26.0,0.0,0.0,0.0,0.0,10.0,5.0,0.0,0.0,0.0,0.0,0.0,0.0,8.0,6.0,3.0,0.0,0.0,1.0,5.0,14.0,0.0,0.0,0.0,0.0,0.0,0.0,0.0,0.0,0.0,0.0,0.0,0.0,0.0,0.0,0.0,11.0,0.0,0.0,0.0,0.0,4.0,0.0,0.0,0.0,0.0,0.0,0.0,0.0,4.0,5.0,2.0,3421606422.0,16500249.0,甘南藏族自治州舟曲县,甘南藏族自治州舟曲县武坪镇,20.0,23.0,0.0,2.0,45.0,39.21578947368421,41.298989898989895,46.79183823529412
甘肃省,甘南藏族自治州,舟曲县,大峪镇,104.0355166,33.8312074,0.0,0.0,16.0,7.0,29.0,3.0,0.0,0.0,0.0,0.0,0.0,0.0,0.0,0.0,0.0,0.0,0.0,0.0,0.0,0.0,28.0,0.0,0.0,0.0,0.0,5.0,0.0,0.0,0.0,0.0,0.0,0.0,0.0,2.0,6.0,2.0,0.0,0.0,9.0,3.0,1.0,0.0,0.0,0.0,0.0,0.0,0.0,0.0,0.0,0.0,0.0,0.0,0.0,0.0,0.0,0.0,3.0,0.0,0.0,0.0,0.0,1.0,0.0,0.0,0.0,0.0,0.0,0.0,0.0,2.0,3.0,2.0,3421603835.0,-1.0,甘南藏族自治州舟曲县,甘南藏族自治州舟曲县大峪镇,12.0,19.1,0.0,1.0,32.1,39.21578947368421,41.298989898989895,46.79183823529412
甘肃省,甘南藏族自治州,舟曲县,江盘镇,104.3575117,33.7819619,16.0,20.0,1.0,17.0,53.0,0.0,0.0,4.0,0.0,0.0,0.0,0.0,0.0,0.0,0.0,0.0,0.0,0.0,0.0,0.0,24.0,0.0,1.0,0.0,0.0,9.0,19.0,0.0,0.0,0.0,0.0,0.0,0.0,4.0,10.0,4.0,6.0,7.0,1.0,4.0,18.0,0.0,0.0,3.0,0.0,0.0,0.0,0.0,0.0,0.0,0.0,0.0,0.0,0.0,0.0,0.0,6.0,0.0,0.0,0.0,0.0,2.0,11.0,0.0,0.0,0.0,0.0,0.0,0.0,2.0,8.0,2.0,3421603880.0,-1.0,甘南藏族自治州舟曲县,甘南藏族自治州舟曲县江盘镇,12.0,24.0,0.0,5.0,41.0,39.21578947368421,41.298989898989895,46.79183823529412
甘肃省,甘南藏族自治州,舟曲县,拱坝镇,104.5321485,33.4848087,0.0,0.0,0.0,8.0,68.0,8.0,0.0,4.0,0.0,2.0,0.0,0.0,0.0,0.0,0.0,0.0,0.0,0.0,0.0,0.0,17.0,0.0,0.0,0.0,0.0,10.0,3.0,0.0,0.0,0.0,0.0,0.0,0.0,7.0,8.0,4.0,0.0,0.0,0.0,1.0,20.0,0.0,0.0,0.0,0.0,0.0,0.0,0.0,0.0,0.0,0.0,0.0,0.0,0.0,0.0,0.0,4.0,0.0,0.0,0.0,0.0,3.0,0.0,0.0,0.0,0.0,0.0,0.0,0.0,2.0,6.0,3.0,3421603855.0,11836055.0,甘南藏族自治州舟曲县,甘南藏族自治州舟曲县拱坝镇,20.0,26.0,0.0,2.3,48.3,39.21578947368421,41.298989898989895,46.79183823529412
甘肃省,甘南藏族自治州,舟曲县,曲瓦乡,104.0069264,33.9327799,24.0,0.0,0.0,19.0,33.0,0.0,0.0,0.0,0.0,0.0,0.0,0.0,0.0,0.0,0.0,0.0,0.0,0.0,0.0,0.0,11.0,0.0,1.0,0.0,0.0,6.0,0.0,0.0,0.0,1.0,0.0,0.0,0.0,5.0,7.0,5.0,12.0,0.0,0.0,7.0,7.0,0.0,0.0,0.0,0.0,0.0,0.0,0.0,0.0,0.0,0.0,0.0,0.0,0.0,0.0,0.0,3.0,0.0,1.0,0.0,0.0,1.0,0.0,0.0,0.0,1.0,0.0,0.0,0.0,2.0,4.0,5.0,2105587230.0,16468765.0,甘南藏族自治州舟曲县,甘南藏族自治州舟曲县曲瓦乡,20.0,22.200000000000003,0.0,2.7,44.900000000000006,39.21578947368421,41.298989898989895,46.79183823529412
甘肃省,甘南藏族自治州,舟曲县,南峪乡,104.4139344,33.723704,12.0,9.0,0.0,3.0,15.0,0.0,0.0,4.0,0.0,0.0,0.0,0.0,0.0,0.0,0.0,0.0,0.0,0.0,0.0,0.0,12.0,0.0,0.0,0.0,0.0,5.0,8.0,0.0,0.0,1.0,0.0,0.0,0.0,3.0,8.0,6.0,3.0,7.0,0.0,2.0,6.0,0.0,0.0,3.0,0.0,0.0,0.0,0.0,0.0,0.0,0.0,0.0,0.0,0.0,0.0,0.0,3.0,0.0,0.0,0.0,0.0,1.0,0.0,0.0,0.0,0.0,0.0,0.0,0.0,2.0,6.0,2.0,3421605179.0,-1.0,甘南藏族自治州舟曲县,甘南藏族自治州舟曲县南峪乡,12.0,16.8,0.0,3.9,32.7,39.21578947368421,41.298989898989895,46.79183823529412
甘肃省,甘南藏族自治州,舟曲县,八楞乡,104.5183258,33.6013454,0.0,0.0,0.0,14.0,26.0,0.0,0.0,0.0,0.0,0.0,0.0,0.0,0.0,0.0,0.0,0.0,0.0,0.0,0.0,0.0,9.0,0.0,0.0,0.0,0.0,4.0,10.0,0.0,0.0,0.0,0.0,0.0,0.0,7.0,5.0,4.0,0.0,0.0,0.0,6.0,13.0,0.0,0.0,0.0,0.0,0.0,0.0,0.0,0.0,0.0,0.0,0.0,0.0,0.0,0.0,0.0,4.0,0.0,0.0,0.0,0.0,1.0,9.0,0.0,0.0,0.0,0.0,0.0,0.0,7.0,4.0,4.0,3421603803.0,-1.0,甘南藏族自治州舟曲县,甘南藏族自治州舟曲县八楞乡,11.0,16.6,0.0,3.9000000000000004,31.5,39.21578947368421,41.298989898989895,46.79183823529412
甘肃省,甘南藏族自治州,舟曲县,插岗乡,104.3548187,33.5821931,0.0,0.0,2.0,9.0,23.0,2.0,0.0,0.0,0.0,0.0,0.0,0.0,0.0,0.0,0.0,0.0,0.0,0.0,0.0,0.0,15.0,0.0,0.0,0.0,0.0,8.0,0.0,0.0,0.0,0.0,0.0,0.0,0.0,8.0,7.0,3.0,0.0,0.0,1.0,3.0,13.0,2.0,0.0,0.0,0.0,0.0,0.0,0.0,0.0,0.0,0.0,0.0,0.0,0.0,0.0,0.0,7.0,0.0,0.0,0.0,0.0,3.0,0.0,0.0,0.0,0.0,0.0,0.0,0.0,4.0,7.0,2.0,3421603818.0,16492835.0,甘南藏族自治州舟曲县,甘南藏族自治州舟曲县插岗乡,20.0,22.0,0.0,1.5,43.5,39.21578947368421,41.298989898989895,46.79183823529412
甘肃省,甘南藏族自治州,迭部县,电尕镇,103.2075404,34.0588816,3.0,0.0,5.0,18.0,48.0,6.0,0.0,7.0,0.0,0.0,0.0,0.0,0.0,0.0,0.0,0.0,0.0,0.0,0.0,0.0,15.0,0.0,2.0,0.0,0.0,4.0,1.0,0.0,0.0,5.0,0.0,0.0,0.0,4.0,11.0,8.0,1.0,0.0,4.0,9.0,22.0,1.0,0.0,3.0,0.0,0.0,0.0,0.0,0.0,0.0,0.0,0.0,0.0,0.0,0.0,0.0,8.0,0.0,2.0,0.0,0.0,2.0,1.0,0.0,0.0,2.0,0.0,0.0,0.0,2.0,7.0,7.0,8081952031.0,11835950.0,甘南藏族自治州迭部县,甘南藏族自治州迭部县电尕镇,19.0,24.0,0.0,4.9,47.9,38.28181818181818,41.298989898989895,46.79183823529412
甘肃省,甘南藏族自治州,迭部县,益哇镇,103.1701024,34.1382738,3.0,0.0,0.0,0.0,12.0,0.0,0.0,7.0,0.0,0.0,0.0,1.0,0.0,0.0,0.0,0.0,0.0,0.0,0.0,1.0,3.0,0.0,0.0,0.0,0.0,4.0,8.0,0.0,0.0,0.0,0.0,0.0,0.0,4.0,5.0,6.0,1.0,0.0,0.0,0.0,8.0,0.0,0.0,1.0,0.0,0.0,0.0,1.0,0.0,0.0,0.0,0.0,0.0,0.0,0.0,0.0,2.0,0.0,0.0,0.0,0.0,1.0,6.0,0.0,0.0,0.0,0.0,0.0,0.0,3.0,5.0,4.0,2105587486.0,16413565.0,甘南藏族自治州迭部县,甘南藏族自治州迭部县益哇镇,19.0,12.3,5.0,4.4,40.699999999999996,38.28181818181818,41.298989898989895,46.79183823529412
甘肃省,甘南藏族自治州,迭部县,旺藏镇,103.6050684,33.9544711,8.0,0.0,0.0,0.0,36.0,1.0,0.0,2.0,0.0,0.0,0.0,0.0,0.0,0.0,0.0,0.0,0.0,0.0,0.0,0.0,8.0,0.0,0.0,0.0,0.0,4.0,0.0,0.0,0.0,0.0,0.0,0.0,0.0,4.0,8.0,5.0,3.0,0.0,0.0,0.0,20.0,1.0,0.0,2.0,0.0,0.0,0.0,0.0,0.0,0.0,0.0,0.0,0.0,0.0,0.0,0.0,3.0,0.0,0.0,0.0,0.0,2.0,0.0,0.0,0.0,0.0,0.0,0.0,0.0,3.0,7.0,5.0,2105587382.0,16450088.0,甘南藏族自治州迭部县,甘南藏族自治州迭部县旺藏镇,19.0,22.2,0.0,2.5,43.7,38.28181818181818,41.298989898989895,46.79183823529412
甘肃省,甘南藏族自治州,迭部县,腊子口镇,103.9293816,34.1317635,0.0,4.0,0.0,0.0,5.0,0.0,0.0,0.0,0.0,0.0,0.0,0.0,0.0,0.0,0.0,0.0,0.0,0.0,0.0,0.0,2.0,0.0,0.0,0.0,0.0,3.0,11.0,0.0,0.0,0.0,0.0,0.0,1.0,2.0,3.0,4.0,0.0,1.0,0.0,0.0,1.0,0.0,0.0,0.0,0.0,0.0,0.0,0.0,0.0,0.0,0.0,0.0,0.0,0.0,0.0,0.0,0.0,0.0,0.0,0.0,0.0,2.0,8.0,0.0,0.0,0.0,0.0,0.0,1.0,1.0,2.0,2.0,2105587071.0,16413564.0,甘南藏族自治州迭部县,甘南藏族自治州迭部县腊子口镇,18.0,7.8,0.0,3.9000000000000004,29.700000000000003,38.28181818181818,41.298989898989895,46.79183823529412
甘肃省,甘南藏族自治州,迭部县,洛大镇,103.980495,33.9856934,16.0,0.0,0.0,6.0,36.0,2.0,0.0,0.0,0.0,0.0,0.0,0.0,0.0,0.0,1.0,1.0,0.0,0.0,0.0,0.0,5.0,0.0,0.0,0.0,0.0,4.0,2.0,0.0,0.0,2.0,0.0,0.0,0.0,7.0,5.0,5.0,6.0,0.0,0.0,5.0,15.0,0.0,0.0,0.0,0.0,0.0,0.0,0.0,0.0,0.0,1.0,1.0,0.0,0.0,0.0,0.0,3.0,0.0,0.0,0.0,0.0,1.0,0.0,0.0,0.0,0.0,0.0,0.0,0.0,2.0,4.0,2.0,2105587088.0,11835948.0,甘南藏族自治州迭部县,甘南藏族自治州迭部县洛大镇,19.0,22.5,5.0,2.9,49.4,38.28181818181818,41.298989898989895,46.79183823529412
甘肃省,甘南藏族自治州,迭部县,卡坝乡,103.4943529,33.9781341,5.0,0.0,0.0,7.0,18.0,0.0,0.0,4.0,0.0,0.0,0.0,0.0,0.0,0.0,0.0,0.0,0.0,0.0,0.0,0.0,6.0,0.0,0.0,0.0,0.0,1.0,1.0,0.0,0.0,2.0,0.0,0.0,0.0,6.0,6.0,6.0,3.0,0.0,0.0,3.0,7.0,0.0,0.0,4.0,0.0,0.0,0.0,0.0,0.0,0.0,0.0,0.0,0.0,0.0,0.0,0.0,1.0,0.0,0.0,0.0,0.0,1.0,0.0,0.0,0.0,0.0,0.0,0.0,0.0,4.0,6.0,4.0,2105587055.0,11835949.0,甘南藏族自治州迭部县,甘南藏族自治州迭部县卡坝乡,16.0,18.7,0.0,3.3,38.0,38.28181818181818,41.298989898989895,46.79183823529412
甘肃省,甘南藏族自治州,迭部县,达拉乡,103.3391948,33.8667329,0.0,0.0,1.0,6.0,15.0,0.0,0.0,0.0,0.0,0.0,0.0,0.0,0.0,0.0,0.0,0.0,0.0,0.0,0.0,0.0,9.0,0.0,0.0,0.0,0.0,3.0,1.0,0.0,0.0,0.0,0.0,0.0,0.0,3.0,4.0,2.0,0.0,0.0,0.0,2.0,5.0,0.0,0.0,0.0,0.0,0.0,0.0,0.0,0.0,0.0,0.0,0.0,0.0,0.0,0.0,0.0,4.0,0.0,0.0,0.0,0.0,1.0,0.0,0.0,0.0,0.0,0.0,0.0,0.0,2.0,3.0,2.0,2105586899.0,16421540.0,甘南藏族自治州迭部县,甘南藏族自治州迭部县达拉乡,18.0,16.5,0.0,1.1,35.6,38.28181818181818,41.298989898989895,46.79183823529412
甘肃省,甘南藏族自治州,迭部县,尼傲乡,103.550521,33.960834,3.0,0.0,0.0,4.0,8.0,0.0,0.0,0.0,0.0,0.0,0.0,0.0,0.0,0.0,0.0,0.0,0.0,0.0,0.0,0.0,1.0,0.0,0.0,0.0,0.0,1.0,0.0,0.0,0.0,0.0,0.0,0.0,0.0,5.0,4.0,4.0,2.0,0.0,0.0,3.0,4.0,0.0,0.0,0.0,0.0,0.0,0.0,0.0,0.0,0.0,0.0,0.0,0.0,0.0,0.0,0.0,1.0,0.0,0.0,0.0,0.0,1.0,0.0,0.0,0.0,0.0,0.0,0.0,0.0,2.0,3.0,4.0,2105587135.0,16450087.0,甘南藏族自治州迭部县,甘南藏族自治州迭部县尼傲乡,16.0,13.8,0.0,2.0,31.8,38.28181818181818,41.298989898989895,46.79183823529412
甘肃省,甘南藏族自治州,迭部县,阿夏乡,103.7676848,33.8278498,0.0,0.0,0.0,5.0,19.0,0.0,0.0,0.0,0.0,0.0,0.0,0.0,0.0,0.0,0.0,0.0,0.0,0.0,0.0,0.0,6.0,0.0,0.0,0.0,0.0,3.0,0.0,0.0,0.0,0.0,0.0,0.0,0.0,3.0,3.0,3.0,0.0,0.0,0.0,3.0,11.0,0.0,0.0,0.0,0.0,0.0,0.0,0.0,0.0,0.0,0.0,0.0,0.0,0.0,0.0,0.0,2.0,0.0,0.0,0.0,0.0,1.0,0.0,0.0,0.0,0.0,0.0,0.0,0.0,2.0,3.0,3.0,2105586800.0,16446198.0,甘南藏族自治州迭部县,甘南藏族自治州迭部县阿夏乡,18.0,13.6,0.0,1.5,33.1,38.28181818181818,41.298989898989895,46.79183823529412
甘肃省,甘南藏族自治州,迭部县,多儿乡,103.8747148,33.8147021,0.0,0.0,0.0,2.0,26.0,0.0,0.0,2.0,0.0,0.0,0.0,0.0,0.0,0.0,0.0,0.0,0.0,0.0,0.0,0.0,8.0,0.0,0.0,0.0,0.0,5.0,0.0,0.0,0.0,0.0,0.0,0.0,0.0,5.0,6.0,4.0,0.0,0.0,0.0,1.0,14.0,0.0,0.0,0.0,0.0,0.0,0.0,0.0,0.0,0.0,0.0,0.0,0.0,0.0,0.0,0.0,5.0,0.0,0.0,0.0,0.0,2.0,0.0,0.0,0.0,0.0,0.0,0.0,0.0,3.0,3.0,2.0,6018806819.0,16438852.0,甘南藏族自治州迭部县,甘南藏族自治州迭部县多儿乡,20.0,14.4,0.0,2.0,36.4,38.28181818181818,41.298989898989895,46.79183823529412
甘肃省,甘南藏族自治州,迭部县,桑坝乡,103.7908175,34.0404905,0.0,0.0,0.0,11.0,17.0,0.0,0.0,0.0,0.0,0.0,0.0,0.0,0.0,0.0,0.0,0.0,0.0,0.0,0.0,0.0,7.0,0.0,0.0,0.0,0.0,5.0,2.0,0.0,0.0,0.0,0.0,0.0,0.0,3.0,5.0,4.0,0.0,0.0,0.0,4.0,5.0,0.0,0.0,0.0,0.0,0.0,0.0,0.0,0.0,0.0,0.0,0.0,0.0,0.0,0.0,0.0,3.0,0.0,0.0,0.0,0.0,1.0,2.0,0.0,0.0,0.0,0.0,0.0,0.0,3.0,2.0,3.0,2105587284.0,16413563.0,甘南藏族自治州迭部县,甘南藏族自治州迭部县桑坝乡,20.0,12.4,0.0,2.4,34.8,38.28181818181818,41.298989898989895,46.79183823529412
甘肃省,甘南藏族自治州,玛曲县,尼玛镇,102.0747256,33.9963195,9.0,6.0,0.0,13.0,96.0,1.0,0.0,1.0,0.0,0.0,1.0,0.0,0.0,0.0,4.0,4.0,0.0,0.0,0.0,0.0,3.0,0.0,2.0,0.0,0.0,3.0,516.0,0.0,0.0,5.0,0.0,7.0,0.0,4.0,9.0,8.0,4.0,2.0,0.0,9.0,42.0,0.0,0.0,1.0,0.0,0.0,0.0,0.0,0.0,0.0,3.0,3.0,0.0,0.0,0.0,0.0,1.0,0.0,1.0,0.0,0.0,2.0,78.0,0.0,0.0,2.0,0.0,4.0,0.0,3.0,7.0,5.0,8078271548.0,11829852.0,甘南藏族自治州玛曲县,甘南藏族自治州玛曲县尼玛镇,18.0,26.0,5.0,20.0,69.0,35.05,41.298989898989895,46.79183823529412
甘肃省,甘南藏族自治州,玛曲县,曼日玛镇,102.0697078,33.6515006,0.0,0.0,5.0,0.0,20.0,0.0,0.0,0.0,0.0,0.0,0.0,0.0,0.0,0.0,0.0,0.0,0.0,0.0,0.0,0.0,3.0,0.0,0.0,0.0,0.0,1.0,5.0,0.0,0.0,1.0,0.0,0.0,0.0,1.0,4.0,5.0,0.0,0.0,3.0,0.0,13.0,0.0,0.0,0.0,0.0,0.0,0.0,0.0,0.0,0.0,0.0,0.0,0.0,0.0,0.0,0.0,3.0,0.0,0.0,0.0,0.0,1.0,5.0,0.0,0.0,0.0,0.0,0.0,0.0,1.0,3.0,2.0,6013124281.0,-1.0,甘南藏族自治州玛曲县,甘南藏族自治州玛曲县曼日玛镇,8.0,14.9,0.0,3.6,26.5,35.05,41.298989898989895,46.79183823529412
甘肃省,甘南藏族自治州,玛曲县,阿万仓镇,101.697165,33.770927,6.0,0.0,0.0,4.0,21.0,0.0,0.0,0.0,0.0,0.0,0.0,0.0,0.0,0.0,1.0,1.0,0.0,0.0,0.0,0.0,3.0,0.0,0.0,0.0,0.0,1.0,169.0,0.0,0.0,1.0,0.0,0.0,0.0,1.0,4.0,4.0,3.0,0.0,0.0,4.0,14.0,0.0,0.0,0.0,0.0,0.0,0.0,0.0,0.0,0.0,1.0,1.0,0.0,0.0,0.0,0.0,3.0,0.0,0.0,0.0,0.0,1.0,168.0,0.0,0.0,1.0,0.0,0.0,0.0,1.0,4.0,1.0,3872555733.0,-1.0,甘南藏族自治州玛曲县,甘南藏族自治州玛曲县阿万仓镇,8.0,19.4,5.0,18.0,50.4,35.05,41.298989898989895,46.79183823529412
甘肃省,甘南藏族自治州,玛曲县,齐哈玛镇,101.9537798,33.4005379,0.0,0.0,1.0,5.0,10.0,1.0,0.0,0.0,0.0,0.0,0.0,0.0,0.0,0.0,0.0,0.0,0.0,0.0,0.0,0.0,3.0,0.0,0.0,0.0,0.0,1.0,0.0,0.0,0.0,0.0,0.0,0.0,0.0,3.0,6.0,4.0,0.0,0.0,1.0,2.0,8.0,0.0,0.0,0.0,0.0,0.0,0.0,0.0,0.0,0.0,0.0,0.0,0.0,0.0,0.0,0.0,3.0,0.0,0.0,0.0,0.0,1.0,0.0,0.0,0.0,0.0,0.0,0.0,0.0,2.0,4.0,2.0,3329593895.0,-1.0,甘南藏族自治州玛曲县,甘南藏族自治州玛曲县齐哈玛镇,8.0,17.4,0.0,2.0,27.4,35.05,41.298989898989895,46.79183823529412
甘肃省,甘南藏族自治州,玛曲县,采日玛镇,102.0962642,33.3650023,0.0,0.0,1.0,1.0,3.0,0.0,0.0,0.0,0.0,0.0,0.0,0.0,0.0,0.0,0.0,0.0,0.0,0.0,0.0,0.0,2.0,0.0,0.0,0.0,0.0,1.0,0.0,0.0,0.0,2.0,0.0,0.0,0.0,2.0,3.0,3.0,0.0,0.0,1.0,1.0,3.0,0.0,0.0,0.0,0.0,0.0,0.0,0.0,0.0,0.0,0.0,0.0,0.0,0.0,0.0,0.0,2.0,0.0,0.0,0.0,0.0,1.0,0.0,0.0,0.0,2.0,0.0,0.0,0.0,1.0,3.0,1.0,3329798889.0,-1.0,甘南藏族自治州玛曲县,甘南藏族自治州玛曲县采日玛镇,8.0,9.0,0.0,1.9,18.9,35.05,41.298989898989895,46.79183823529412
甘肃省,甘南藏族自治州,玛曲县,欧拉镇,101.721832,34.076542,0.0,0.0,3.0,0.0,12.0,0.0,0.0,0.0,0.0,0.0,0.0,0.0,0.0,0.0,0.0,0.0,0.0,0.0,0.0,0.0,6.0,0.0,0.0,0.0,0.0,2.0,13.0,0.0,0.0,0.0,0.0,0.0,0.0,9.0,5.0,4.0,0.0,0.0,3.0,0.0,9.0,0.0,0.0,0.0,0.0,0.0,0.0,0.0,0.0,0.0,0.0,0.0,0.0,0.0,0.0,0.0,6.0,0.0,0.0,0.0,0.0,1.0,2.0,0.0,0.0,0.0,0.0,0.0,0.0,1.0,4.0,3.0,6013124282.0,-1.0,甘南藏族自治州玛曲县,甘南藏族自治州玛曲县欧拉镇,9.0,12.6,0.0,3.5,25.1,35.05,41.298989898989895,46.79183823529412
甘肃省,甘南藏族自治州,玛曲县,欧拉秀玛乡,101.1166916,34.2415383,0.0,0.0,9.0,0.0,40.0,0.0,0.0,0.0,0.0,0.0,0.0,0.0,0.0,0.0,0.0,0.0,0.0,0.0,0.0,0.0,1.0,0.0,0.0,0.0,0.0,1.0,0.0,0.0,0.0,2.0,0.0,0.0,0.0,1.0,3.0,2.0,0.0,0.0,7.0,0.0,36.0,0.0,0.0,0.0,0.0,0.0,0.0,0.0,0.0,0.0,0.0,0.0,0.0,0.0,0.0,0.0,1.0,0.0,0.0,0.0,0.0,1.0,0.0,0.0,0.0,2.0,0.0,0.0,0.0,1.0,3.0,2.0,2768011032.0,-1.0,甘南藏族自治州玛曲县,甘南藏族自治州玛曲县欧拉秀玛乡,8.0,21.5,0.0,1.4,30.9,35.05,41.298989898989895,46.79183823529412
甘肃省,甘南藏族自治州,玛曲县,木西合乡,101.2439278,33.7553541,0.0,0.0,1.0,1.0,11.0,0.0,0.0,0.0,0.0,0.0,0.0,0.0,0.0,0.0,0.0,0.0,0.0,0.0,0.0,0.0,1.0,0.0,0.0,0.0,0.0,1.0,0.0,0.0,0.0,1.0,0.0,0.0,0.0,2.0,5.0,4.0,0.0,0.0,1.0,1.0,11.0,0.0,0.0,0.0,0.0,0.0,0.0,0.0,0.0,0.0,0.0,0.0,0.0,0.0,0.0,0.0,1.0,0.0,0.0,0.0,0.0,1.0,0.0,0.0,0.0,1.0,0.0,0.0,0.0,2.0,4.0,4.0,4371729179.0,11829848.0,甘南藏族自治州玛曲县,甘南藏族自治州玛曲县木西合乡,16.0,14.0,0.0,2.2,32.2,35.05,41.298989898989895,46.79183823529412
甘肃省,甘南藏族自治州,碌曲县,郎木寺镇,102.6369098,34.0922906,4.0,6.0,0.0,3.0,32.0,8.0,0.0,41.0,3.0,5.0,0.0,0.0,1.0,1.0,1.0,1.0,2.0,1.0,1.0,23.0,8.0,0.0,1.0,0.0,0.0,3.0,1441.0,0.0,1.0,4.0,2.0,1.0,27.0,12.0,10.0,10.0,0.0,3.0,0.0,2.0,29.0,8.0,0.0,33.0,3.0,5.0,0.0,0.0,1.0,1.0,1.0,1.0,2.0,1.0,1.0,23.0,3.0,0.0,0.0,0.0,0.0,3.0,1277.0,0.0,1.0,4.0,2.0,1.0,25.0,11.0,9.0,8.0,628593384.0,-1.0,甘南藏族自治州碌曲县,甘南藏族自治州碌曲县郎木寺镇,10.0,28.0,25.0,20.0,83.0,40.17142857142857,41.298989898989895,46.79183823529412
甘肃省,甘南藏族自治州,碌曲县,玛艾镇,102.4820706,34.5938365,7.0,6.0,13.0,13.0,20.0,4.0,0.0,5.0,0.0,0.0,1.0,1.0,0.0,0.0,0.0,0.0,0.0,0.0,0.0,3.0,9.0,0.0,4.0,0.0,0.0,2.0,68.0,0.0,0.0,5.0,0.0,8.0,5.0,5.0,14.0,8.0,0.0,2.0,6.0,6.0,8.0,0.0,0.0,5.0,0.0,0.0,0.0,1.0,0.0,0.0,0.0,0.0,0.0,0.0,0.0,3.0,1.0,0.0,0.0,0.0,0.0,2.0,51.0,0.0,0.0,1.0,0.0,7.0,5.0,3.0,7.0,5.0,627797261.0,11831232.0,甘南藏族自治州碌曲县,甘南藏族自治州碌曲县玛艾镇,17.0,22.4,8.0,16.5,63.9,40.17142857142857,41.298989898989895,46.79183823529412
甘肃省,甘南藏族自治州,碌曲县,西仓镇,102.5699952,34.5667835,0.0,5.0,0.0,0.0,28.0,0.0,0.0,0.0,0.0,0.0,0.0,0.0,0.0,0.0,0.0,0.0,0.0,0.0,0.0,0.0,6.0,0.0,0.0,0.0,0.0,1.0,5.0,0.0,0.0,1.0,0.0,0.0,0.0,3.0,5.0,3.0,0.0,4.0,0.0,0.0,18.0,0.0,0.0,0.0,0.0,0.0,0.0,0.0,0.0,0.0,0.0,0.0,0.0,0.0,0.0,0.0,5.0,0.0,0.0,0.0,0.0,1.0,4.0,0.0,0.0,0.0,0.0,0.0,0.0,3.0,4.0,3.0,3027080450.0,-1.0,甘南藏族自治州碌曲县,甘南藏族自治州碌曲县西仓镇,8.0,18.5,0.0,2.5,29.0,40.17142857142857,41.298989898989895,46.79183823529412
甘肃省,甘南藏族自治州,碌曲县,尕海镇,102.3693689,34.256721,1.0,2.0,0.0,0.0,23.0,1.0,0.0,10.0,0.0,0.0,0.0,0.0,0.0,0.0,0.0,0.0,0.0,0.0,0.0,2.0,4.0,0.0,0.0,0.0,0.0,2.0,1.0,0.0,0.0,3.0,0.0,1.0,3.0,4.0,6.0,4.0,1.0,2.0,0.0,0.0,21.0,0.0,0.0,0.0,0.0,0.0,0.0,0.0,0.0,0.0,0.0,0.0,0.0,0.0,0.0,0.0,3.0,0.0,0.0,0.0,0.0,1.0,0.0,0.0,0.0,3.0,0.0,1.0,2.0,3.0,4.0,3.0,3027025815.0,-1.0,甘南藏族自治州碌曲县,甘南藏族自治州碌曲县尕海镇,9.0,18.9,0.0,2.7,30.599999999999998,40.17142857142857,41.298989898989895,46.79183823529412
甘肃省,甘南藏族自治州,碌曲县,双岔镇,102.8288132,34.5636628,0.0,0.0,3.0,1.0,11.0,0.0,0.0,0.0,0.0,0.0,0.0,0.0,0.0,0.0,0.0,0.0,0.0,0.0,0.0,0.0,10.0,0.0,0.0,0.0,0.0,3.0,0.0,0.0,0.0,0.0,0.0,0.0,0.0,2.0,4.0,3.0,0.0,0.0,3.0,1.0,7.0,0.0,0.0,0.0,0.0,0.0,0.0,0.0,0.0,0.0,0.0,0.0,0.0,0.0,0.0,0.0,5.0,0.0,0.0,0.0,0.0,2.0,0.0,0.0,0.0,0.0,0.0,0.0,0.0,2.0,4.0,3.0,3027097096.0,-1.0,甘南藏族自治州碌曲县,甘南藏族自治州碌曲县双岔镇,10.0,12.3,0.0,1.5,23.8,40.17142857142857,41.298989898989895,46.79183823529412
甘肃省,甘南藏族自治州,碌曲县,拉仁关乡,102.6352214,34.5317326,0.0,3.0,0.0,0.0,24.0,3.0,0.0,0.0,0.0,0.0,0.0,0.0,0.0,0.0,0.0,0.0,0.0,0.0,0.0,0.0,6.0,0.0,1.0,0.0,0.0,2.0,5.0,0.0,0.0,0.0,0.0,0.0,0.0,3.0,6.0,4.0,0.0,2.0,0.0,0.0,1.0,0.0,0.0,0.0,0.0,0.0,0.0,0.0,0.0,0.0,0.0,0.0,0.0,0.0,0.0,0.0,2.0,0.0,1.0,0.0,0.0,1.0,2.0,0.0,0.0,0.0,0.0,0.0,0.0,2.0,2.0,3.0,3027080448.0,-1.0,甘南藏族自治州碌曲县,甘南藏族自治州碌曲县拉仁关乡,9.0,13.100000000000001,0.0,2.7,24.8,40.17142857142857,41.298989898989895,46.79183823529412
甘肃省,甘南藏族自治州,碌曲县,阿拉乡,102.886887,34.627884,0.0,0.0,7.0,1.0,19.0,0.0,0.0,0.0,0.0,0.0,0.0,0.0,0.0,0.0,0.0,0.0,0.0,0.0,0.0,0.0,8.0,0.0,0.0,0.0,0.0,6.0,2.0,0.0,0.0,0.0,0.0,0.0,0.0,2.0,4.0,3.0,0.0,0.0,5.0,0.0,2.0,0.0,0.0,0.0,0.0,0.0,0.0,0.0,0.0,0.0,0.0,0.0,0.0,0.0,0.0,0.0,5.0,0.0,0.0,0.0,0.0,3.0,0.0,0.0,0.0,0.0,0.0,0.0,0.0,2.0,2.0,2.0,3027080447.0,-1.0,甘南藏族自治州碌曲县,甘南藏族自治州碌曲县阿拉乡,12.0,12.4,0.0,1.7,26.099999999999998,40.17142857142857,41.298989898989895,46.79183823529412
甘肃省,甘南藏族自治州,夏河县,拉卜楞镇,102.5158488,35.1965367,8.0,1.0,10.0,9.0,55.0,3.0,0.0,40.0,0.0,2.0,0.0,0.0,0.0,0.0,0.0,0.0,0.0,1.0,1.0,21.0,15.0,0.0,0.0,0.0,0.0,4.0,46.0,0.0,0.0,2.0,1.0,2.0,26.0,5.0,12.0,7.0,2.0,0.0,4.0,6.0,15.0,1.0,0.0,29.0,0.0,1.0,0.0,0.0,0.0,0.0,0.0,0.0,0.0,1.0,1.0,16.0,4.0,0.0,0.0,0.0,0.0,2.0,22.0,0.0,0.0,1.0,1.0,2.0,16.0,4.0,8.0,7.0,8083446024.0,11838569.0,甘南藏族自治州夏河县,甘南藏族自治州夏河县拉卜楞镇,19.0,26.0,10.0,10.600000000000001,65.6,42.75384615384615,41.298989898989895,46.79183823529412
甘肃省,甘南藏族自治州,夏河县,王格尔塘镇,102.8257711,35.2394051,6.0,7.0,0.0,0.0,54.0,10.0,0.0,2.0,0.0,0.0,3.0,1.0,0.0,0.0,1.0,1.0,1.0,1.0,0.0,0.0,16.0,0.0,5.0,0.0,0.0,8.0,23.0,0.0,0.0,0.0,0.0,2.0,2.0,3.0,12.0,8.0,3.0,0.0,0.0,0.0,17.0,4.0,0.0,1.0,0.0,0.0,2.0,1.0,0.0,0.0,1.0,1.0,0.0,1.0,0.0,0.0,3.0,0.0,1.0,0.0,0.0,1.0,12.0,0.0,0.0,0.0,0.0,0.0,2.0,3.0,8.0,5.0,2109467443.0,11838567.0,甘南藏族自治州夏河县,甘南藏族自治州夏河县王格尔塘镇,20.0,26.0,12.0,7.5,65.5,42.75384615384615,41.298989898989895,46.79183823529412
甘肃省,甘南藏族自治州,夏河县,阿木去乎镇,102.6879208,34.8117093,7.0,0.0,1.0,1.0,54.0,3.0,0.0,1.0,0.0,1.0,1.0,1.0,0.0,0.0,0.0,0.0,0.0,0.0,0.0,0.0,11.0,0.0,0.0,0.0,0.0,3.0,14.0,0.0,0.0,2.0,0.0,0.0,1.0,3.0,11.0,4.0,7.0,0.0,1.0,1.0,18.0,3.0,0.0,0.0,0.0,0.0,1.0,1.0,0.0,0.0,0.0,0.0,0.0,0.0,0.0,0.0,2.0,0.0,0.0,0.0,0.0,1.0,12.0,0.0,0.0,0.0,0.0,0.0,0.0,1.0,7.0,3.0,4371565208.0,-1.0,甘南藏族自治州夏河县,甘南藏族自治州夏河县阿木去乎镇,10.0,28.0,5.0,4.800000000000001,47.8,42.75384615384615,41.298989898989895,46.79183823529412
甘肃省,甘南藏族自治州,夏河县,桑科镇,102.4236021,35.1252479,3.0,11.0,2.0,3.0,11.0,1.0,0.0,0.0,0.0,0.0,0.0,0.0,0.0,0.0,1.0,1.0,0.0,0.0,0.0,1.0,4.0,0.0,0.0,0.0,0.0,1.0,5.0,0.0,0.0,0.0,0.0,0.0,5.0,2.0,10.0,4.0,1.0,5.0,2.0,2.0,0.0,0.0,0.0,0.0,0.0,0.0,0.0,0.0,0.0,0.0,1.0,1.0,0.0,0.0,0.0,0.0,3.0,0.0,0.0,0.0,0.0,1.0,2.0,0.0,0.0,0.0,0.0,0.0,0.0,2.0,4.0,3.0,4054101384.0,-1.0,甘南藏族自治州夏河县,甘南藏族自治州夏河县桑科镇,8.0,14.2,5.0,2.7,29.9,42.75384615384615,41.298989898989895,46.79183823529412
甘肃省,甘南藏族自治州,夏河县,甘加镇,102.516396,35.401239,3.0,0.0,0.0,5.0,3.0,0.0,0.0,0.0,0.0,0.0,0.0,0.0,0.0,0.0,1.0,1.0,0.0,0.0,0.0,1.0,3.0,0.0,0.0,0.0,0.0,1.0,2.0,0.0,0.0,2.0,0.0,0.0,2.0,1.0,5.0,3.0,3.0,0.0,0.0,4.0,2.0,0.0,0.0,0.0,0.0,0.0,0.0,0.0,0.0,0.0,1.0,1.0,0.0,0.0,0.0,1.0,1.0,0.0,0.0,0.0,0.0,1.0,2.0,0.0,0.0,2.0,0.0,0.0,1.0,1.0,4.0,3.0,6010058115.0,11838564.0,甘南藏族自治州夏河县,甘南藏族自治州夏河县甘加镇,16.0,13.7,6.0,2.3,38.0,42.75384615384615,41.298989898989895,46.79183823529412
甘肃省,甘南藏族自治州,夏河县,麻当镇,102.7819371,35.3186035,11.0,0.0,0.0,1.0,43.0,4.0,0.0,0.0,0.0,0.0,0.0,1.0,0.0,0.0,1.0,1.0,0.0,0.0,0.0,0.0,14.0,0.0,1.0,0.0,0.0,7.0,4.0,0.0,0.0,1.0,0.0,0.0,0.0,4.0,7.0,7.0,5.0,0.0,0.0,1.0,19.0,4.0,0.0,0.0,0.0,0.0,0.0,1.0,0.0,0.0,1.0,1.0,0.0,0.0,0.0,0.0,8.0,0.0,1.0,0.0,0.0,2.0,0.0,0.0,0.0,0.0,0.0,0.0,0.0,3.0,7.0,3.0,2109467439.0,11838565.0,甘南藏族自治州夏河县,甘南藏族自治州夏河县麻当镇,20.0,23.5,10.0,4.0,57.5,42.75384615384615,41.298989898989895,46.79183823529412
甘肃省,甘南藏族自治州,夏河县,博拉镇,102.8427907,34.8254532,3.0,0.0,5.0,0.0,14.0,1.0,0.0,0.0,1.0,0.0,0.0,0.0,0.0,0.0,0.0,0.0,0.0,0.0,0.0,0.0,8.0,0.0,0.0,0.0,0.0,1.0,2.0,0.0,0.0,2.0,0.0,0.0,0.0,2.0,6.0,5.0,3.0,0.0,5.0,0.0,9.0,1.0,0.0,0.0,0.0,0.0,0.0,0.0,0.0,0.0,0.0,0.0,0.0,0.0,0.0,0.0,3.0,0.0,0.0,0.0,0.0,1.0,2.0,0.0,0.0,2.0,0.0,0.0,0.0,1.0,5.0,4.0,6010745767.0,-1.0,甘南藏族自治州夏河县,甘南藏族自治州夏河县博拉镇,8.0,15.5,0.0,3.3,26.8,42.75384615384615,41.298989898989895,46.79183823529412
甘肃省,甘南藏族自治州,夏河县,科才镇,102.2234476,34.6415287,0.0,5.0,0.0,11.0,27.0,0.0,0.0,0.0,0.0,0.0,0.0,0.0,0.0,0.0,0.0,0.0,0.0,0.0,0.0,0.0,2.0,0.0,0.0,0.0,0.0,1.0,0.0,0.0,0.0,2.0,0.0,0.0,0.0,5.0,5.0,2.0,0.0,3.0,0.0,8.0,26.0,0.0,0.0,0.0,0.0,0.0,0.0,0.0,0.0,0.0,0.0,0.0,0.0,0.0,0.0,0.0,2.0,0.0,0.0,0.0,0.0,1.0,0.0,0.0,0.0,2.0,0.0,0.0,0.0,2.0,5.0,2.0,3027137962.0,-1.0,甘南藏族自治州夏河县,甘南藏族自治州夏河县科才镇,8.0,22.5,0.0,1.4,31.9,42.75384615384615,41.298989898989895,46.79183823529412
甘肃省,甘南藏族自治州,夏河县,达麦乡,102.664143,35.200065,0.0,5.0,0.0,0.0,24.0,0.0,0.0,0.0,0.0,0.0,0.0,0.0,0.0,0.0,0.0,0.0,0.0,0.0,0.0,1.0,18.0,0.0,0.0,0.0,0.0,10.0,0.0,0.0,0.0,0.0,0.0,0.0,0.0,3.0,5.0,2.0,0.0,1.0,0.0,0.0,11.0,0.0,0.0,0.0,0.0,0.0,0.0,0.0,0.0,0.0,0.0,0.0,0.0,0.0,0.0,1.0,5.0,0.0,0.0,0.0,0.0,3.0,0.0,0.0,0.0,0.0,0.0,0.0,0.0,2.0,4.0,2.0,6074081708.0,11838570.0,甘南藏族自治州夏河县,甘南藏族自治州夏河县达麦乡,20.0,15.600000000000001,1.0,1.0,37.6,42.75384615384615,41.298989898989895,46.79183823529412
甘肃省,甘南藏族自治州,夏河县,曲奥乡,102.8801841,35.364968,8.0,0.0,0.0,0.0,22.0,3.0,0.0,1.0,0.0,1.0,0.0,0.0,0.0,0.0,0.0,0.0,0.0,0.0,0.0,0.0,10.0,0.0,1.0,0.0,0.0,4.0,5.0,0.0,0.0,0.0,0.0,0.0,1.0,4.0,8.0,9.0,3.0,0.0,0.0,0.0,5.0,0.0,0.0,0.0,0.0,0.0,0.0,0.0,0.0,0.0,0.0,0.0,0.0,0.0,0.0,0.0,2.0,0.0,0.0,0.0,0.0,1.0,2.0,0.0,0.0,0.0,0.0,0.0,0.0,3.0,4.0,4.0,4537723154.0,11838566.0,甘南藏族自治州夏河县,甘南藏族自治州夏河县曲奥乡,19.0,16.9,0.0,4.7,40.6,42.75384615384615,41.298989898989895,46.79183823529412
甘肃省,甘南藏族自治州,夏河县,唐尕昂乡,102.8505068,35.1424157,7.0,0.0,0.0,7.0,26.0,2.0,0.0,0.0,1.0,0.0,0.0,0.0,0.0,0.0,0.0,0.0,0.0,0.0,0.0,0.0,11.0,0.0,1.0,0.0,0.0,5.0,1.0,0.0,0.0,0.0,0.0,0.0,0.0,6.0,8.0,6.0,7.0,0.0,0.0,6.0,10.0,1.0,0.0,0.0,0.0,0.0,0.0,0.0,0.0,0.0,0.0,0.0,0.0,0.0,0.0,0.0,4.0,0.0,0.0,0.0,0.0,1.0,1.0,0.0,0.0,0.0,0.0,0.0,0.0,2.0,7.0,3.0,6011720825.0,11838571.0,甘南藏族自治州夏河县,甘南藏族自治州夏河县唐尕昂乡,20.0,24.2,0.0,3.2,47.400000000000006,42.75384615384615,41.298989898989895,46.79183823529412
甘肃省,甘南藏族自治州,夏河县,扎油乡,102.7761673,34.9897937,0.0,0.0,2.0,0.0,17.0,0.0,0.0,0.0,0.0,0.0,0.0,0.0,0.0,0.0,0.0,0.0,0.0,0.0,0.0,0.0,9.0,0.0,0.0,0.0,0.0,4.0,2.0,0.0,0.0,0.0,0.0,0.0,0.0,1.0,5.0,4.0,0.0,0.0,2.0,0.0,8.0,0.0,0.0,0.0,0.0,0.0,0.0,0.0,0.0,0.0,0.0,0.0,0.0,0.0,0.0,0.0,2.0,0.0,0.0,0.0,0.0,2.0,2.0,0.0,0.0,0.0,0.0,0.0,0.0,1.0,4.0,3.0,6011754966.0,11838568.0,甘南藏族自治州夏河县,甘南藏族自治州夏河县扎油乡,19.0,13.3,0.0,2.4,34.699999999999996,42.75384615384615,41.298989898989895,46.79183823529412
甘肃省,甘南藏族自治州,夏河县,吉仓乡,102.8243473,34.7185572,0.0,0.0,0.0,5.0,24.0,3.0,0.0,0.0,0.0,0.0,0.0,0.0,0.0,0.0,0.0,0.0,0.0,0.0,0.0,0.0,9.0,0.0,0.0,0.0,0.0,2.0,1.0,0.0,0.0,0.0,0.0,0.0,0.0,4.0,6.0,2.0,0.0,0.0,0.0,1.0,5.0,0.0,0.0,0.0,0.0,0.0,0.0,0.0,0.0,0.0,0.0,0.0,0.0,0.0,0.0,0.0,5.0,0.0,0.0,0.0,0.0,2.0,1.0,0.0,0.0,0.0,0.0,0.0,0.0,1.0,4.0,2.0,6011789612.0,11838563.0,甘南藏族自治州夏河县,甘南藏族自治州夏河县吉仓乡,17.0,14.3,0.0,1.2,32.5,42.75384615384615,41.298989898989895,46.79183823529412
