addr_1,addr_2,addr_3,addr_4,lon,lat,hw_trunk_3km,hw_primary_3km,hw_secondary_3km,hw_tertiary_3km,hw_res_uncl_3km,hw_service_3km,hw_cycleway_3km,hw_footway_3km,hw_bus_stop_3km,hw_parking_3km,hw_fuel_3km,am_gov_3km,am_medical_3km,am_healthcare_3km,am_school_3km,am_education_3km,am_police_3km,am_post_3km,am_bank_3km,am_shop_3km,lu_residential_3km,lu_commercial_3km,lu_industrial_3km,lu_retail_3km,lu_construction_3km,pl_3km,bld_3km,blp_3km,bll_3km,mm_3km,ad_3km,lsr_3km,trs_3km,wd_3km,hw_types_3km,lu_types_3km,hw_trunk_1km,hw_primary_1km,hw_secondary_1km,hw_tertiary_1km,hw_res_uncl_1km,hw_service_1km,hw_cycleway_1km,hw_footway_1km,hw_bus_stop_1km,hw_parking_1km,hw_fuel_1km,am_gov_1km,am_medical_1km,am_healthcare_1km,am_school_1km,am_education_1km,am_police_1km,am_post_1km,am_bank_1km,am_shop_1km,lu_residential_1km,lu_commercial_1km,lu_industrial_1km,lu_retail_1km,lu_construction_1km,pl_1km,bld_1km,blp_1km,bll_1km,mm_1km,ad_1km,lsr_1km,trs_1km,wd_1km,hw_types_1km,lu_types_1km,node,boundary,u_addr_3,u_addr_4,score_1,score_2,score_3,score_4,score,u_addr_3_avg_score,addr_2_avg_score,addr_1_avg_score
辽宁省,沈阳市,和平区,浑河湾街道,123.3775783,41.7584042,40.0,31.0,58.0,115.0,204.0,29.0,31.0,544.0,41.0,8.0,5.0,2.0,4.0,4.0,15.0,23.0,1.0,2.0,1.0,29.0,92.0,26.0,5.0,1.0,0.0,6.0,532.0,0.0,25.0,1.0,21.0,99.0,9.0,32.0,23.0,14.0,20.0,7.0,6.0,20.0,18.0,3.0,1.0,56.0,4.0,2.0,2.0,0.0,0.0,0.0,0.0,0.0,0.0,0.0,0.0,0.0,2.0,0.0,0.0,0.0,0.0,1.0,61.0,0.0,0.0,0.0,0.0,11.0,1.0,14.0,15.0,5.0,6480340038.0,9597403.0,沈阳市和平区,沈阳市和平区浑河湾街道,20.0,30.0,5.0,20.0,75.0,87.46000000000001,45.9878453038674,39.60348923533779
辽宁省,沈阳市,和平区,新华街道,123.383988,41.7751369,37.0,28.0,68.0,101.0,300.0,27.0,10.0,293.0,56.0,11.0,4.0,4.0,8.0,8.0,19.0,26.0,3.0,3.0,5.0,71.0,55.0,7.0,0.0,0.0,1.0,9.0,733.0,2.0,31.0,3.0,32.0,96.0,29.0,48.0,22.0,17.0,0.0,10.0,12.0,7.0,59.0,1.0,2.0,4.0,0.0,0.0,1.0,0.0,0.0,0.0,2.0,2.0,0.0,0.0,0.0,2.0,1.0,0.0,0.0,0.0,0.0,1.0,121.0,0.0,0.0,0.0,0.0,5.0,1.0,10.0,11.0,3.0,6480340046.0,9597411.0,沈阳市和平区,沈阳市和平区新华街道,20.0,30.0,12.0,20.0,82.0,87.46000000000001,45.9878453038674,39.60348923533779
辽宁省,沈阳市,和平区,马路湾街道,123.4046193,41.7764813,37.0,63.0,96.0,70.0,394.0,82.0,19.0,398.0,108.0,12.0,5.0,7.0,14.0,14.0,32.0,43.0,4.0,3.0,15.0,99.0,32.0,7.0,0.0,1.0,2.0,8.0,1184.0,2.0,42.0,3.0,38.0,117.0,38.0,53.0,22.0,18.0,0.0,7.0,21.0,5.0,59.0,2.0,5.0,52.0,2.0,3.0,0.0,2.0,3.0,3.0,2.0,3.0,0.0,1.0,0.0,3.0,0.0,0.0,0.0,0.0,0.0,2.0,68.0,0.0,9.0,1.0,11.0,27.0,3.0,7.0,13.0,9.0,6480340041.0,9597406.0,沈阳市和平区,沈阳市和平区马路湾街道,20.0,30.0,20.0,20.0,90.0,87.46000000000001,45.9878453038674,39.60348923533779
辽宁省,沈阳市,和平区,南湖街道,123.4166375,41.7595995,57.0,62.0,93.0,69.0,270.0,84.0,24.0,621.0,101.0,13.0,3.0,3.0,13.0,13.0,25.0,38.0,4.0,2.0,14.0,81.0,62.0,23.0,0.0,0.0,0.0,7.0,850.0,1.0,23.0,3.0,35.0,118.0,23.0,34.0,23.0,14.0,10.0,1.0,8.0,10.0,60.0,6.0,3.0,98.0,13.0,1.0,0.0,1.0,1.0,1.0,3.0,11.0,1.0,0.0,5.0,27.0,5.0,1.0,0.0,0.0,0.0,1.0,249.0,1.0,2.0,0.0,4.0,28.0,2.0,6.0,17.0,10.0,6480340042.0,9597407.0,沈阳市和平区,沈阳市和平区南湖街道,20.0,30.0,28.0,20.0,98.0,87.46000000000001,45.9878453038674,39.60348923533779
辽宁省,沈阳市,和平区,长白街道,123.3845889,41.7418166,57.0,24.0,51.0,92.0,97.0,25.0,29.0,561.0,56.0,7.0,4.0,0.0,3.0,3.0,17.0,24.0,1.0,0.0,4.0,16.0,112.0,31.0,3.0,1.0,1.0,4.0,277.0,0.0,4.0,3.0,6.0,68.0,4.0,26.0,23.0,12.0,10.0,8.0,19.0,16.0,9.0,7.0,21.0,240.0,8.0,0.0,1.0,0.0,1.0,1.0,5.0,6.0,0.0,0.0,1.0,7.0,31.0,13.0,0.0,1.0,0.0,2.0,13.0,0.0,3.0,0.0,4.0,24.0,1.0,3.0,19.0,7.0,6480340037.0,9597402.0,沈阳市和平区,沈阳市和平区长白街道,19.0,30.0,18.0,20.0,87.0,87.46000000000001,45.9878453038674,39.60348923533779
辽宁省,沈阳市,和平区,太原街街道,123.3979624,41.7901184,19.0,29.0,109.0,74.0,389.0,71.0,9.0,172.0,71.0,7.0,3.0,8.0,13.0,14.0,29.0,33.0,4.0,3.0,9.0,77.0,36.0,3.0,1.0,2.0,2.0,10.0,1122.0,1.0,45.0,3.0,36.0,88.0,38.0,58.0,20.0,21.0,5.0,2.0,20.0,6.0,76.0,7.0,0.0,32.0,25.0,4.0,0.0,0.0,3.0,3.0,6.0,7.0,1.0,1.0,3.0,29.0,3.0,0.0,0.0,0.0,1.0,1.0,135.0,1.0,4.0,2.0,8.0,17.0,16.0,23.0,12.0,11.0,6480340045.0,9597410.0,沈阳市和平区,沈阳市和平区太原街街道,20.0,30.0,30.0,20.0,100.0,87.46000000000001,45.9878453038674,39.60348923533779
辽宁省,沈阳市,和平区,北市场街道,123.4186405,41.8067975,50.0,52.0,123.0,131.0,392.0,80.0,1.0,133.0,135.0,11.0,3.0,9.0,14.0,16.0,36.0,42.0,1.0,2.0,11.0,83.0,10.0,4.0,3.0,4.0,3.0,16.0,1155.0,1.0,39.0,3.0,38.0,87.0,38.0,58.0,19.0,20.0,6.0,9.0,21.0,17.0,56.0,15.0,0.0,23.0,12.0,1.0,0.0,1.0,1.0,2.0,1.0,1.0,0.0,0.0,1.0,3.0,1.0,3.0,0.0,1.0,0.0,2.0,114.0,0.0,3.0,0.0,3.0,11.0,3.0,20.0,13.0,12.0,6480340036.0,9597401.0,沈阳市和平区,沈阳市和平区北市场街道,20.0,30.0,20.0,20.0,90.0,87.46000000000001,45.9878453038674,39.60348923533779
辽宁省,沈阳市,和平区,南市场街道,123.413032,41.7815599,38.0,63.0,99.0,61.0,440.0,98.0,12.0,286.0,124.0,11.0,1.0,9.0,16.0,17.0,37.0,48.0,3.0,3.0,12.0,110.0,21.0,4.0,0.0,1.0,2.0,12.0,1659.0,2.0,42.0,3.0,48.0,109.0,41.0,59.0,22.0,19.0,0.0,1.0,27.0,4.0,57.0,11.0,1.0,17.0,8.0,0.0,1.0,1.0,4.0,4.0,5.0,6.0,1.0,0.0,3.0,8.0,1.0,0.0,0.0,0.0,0.0,3.0,68.0,0.0,2.0,0.0,9.0,18.0,4.0,13.0,12.0,10.0,6480340043.0,9597408.0,沈阳市和平区,沈阳市和平区南市场街道,20.0,30.0,28.0,20.0,98.0,87.46000000000001,45.9878453038674,39.60348923533779
辽宁省,沈阳市,和平区,沈水湾街道,123.4028165,41.7442079,73.0,23.0,65.0,80.0,174.0,33.0,40.0,687.0,82.0,10.0,5.0,1.0,5.0,5.0,19.0,30.0,1.0,2.0,8.0,55.0,107.0,35.0,2.0,1.0,1.0,5.0,431.0,1.0,17.0,1.0,20.0,93.0,15.0,29.0,25.0,14.0,0.0,8.0,12.0,7.0,15.0,5.0,0.0,65.0,23.0,1.0,0.0,0.0,2.0,2.0,3.0,4.0,0.0,0.0,0.0,4.0,36.0,13.0,0.0,0.0,0.0,2.0,2.0,0.0,2.0,0.0,2.0,4.0,0.0,8.0,14.0,5.0,6480340044.0,9597409.0,沈阳市和平区,沈阳市和平区沈水湾街道,20.0,30.0,19.0,20.0,89.0,87.46000000000001,45.9878453038674,39.60348923533779
辽宁省,沈阳市,和平区,浑河站西街道,123.3538313,41.721128,16.0,26.0,28.0,42.0,55.0,50.0,3.0,63.0,2.0,0.0,0.0,0.0,0.0,0.0,5.0,5.0,0.0,0.0,0.0,1.0,25.0,1.0,4.0,0.0,0.0,1.0,140.0,0.0,0.0,5.0,2.0,17.0,0.0,15.0,21.0,10.0,0.0,2.0,8.0,9.0,6.0,0.0,0.0,0.0,2.0,0.0,0.0,0.0,0.0,0.0,1.0,1.0,0.0,0.0,0.0,0.0,1.0,0.0,0.0,0.0,0.0,1.0,0.0,0.0,0.0,1.0,0.0,0.0,0.0,3.0,8.0,3.0,6480340039.0,9597404.0,沈阳市和平区,沈阳市和平区浑河站西街道,16.0,26.0,5.0,18.6,65.6,87.46000000000001,45.9878453038674,39.60348923533779
辽宁省,沈阳市,沈河区,滨河街道,123.4498176,41.7780028,39.0,62.0,67.0,60.0,277.0,70.0,11.0,245.0,95.0,9.0,4.0,5.0,14.0,14.0,33.0,44.0,3.0,0.0,8.0,84.0,17.0,9.0,1.0,5.0,1.0,9.0,1845.0,0.0,9.0,2.0,28.0,61.0,29.0,33.0,19.0,16.0,0.0,5.0,9.0,10.0,24.0,2.0,0.0,9.0,3.0,0.0,0.0,0.0,1.0,1.0,1.0,1.0,0.0,0.0,0.0,6.0,1.0,0.0,0.0,0.0,0.0,1.0,521.0,0.0,0.0,0.0,2.0,6.0,0.0,3.0,10.0,4.0,6480044139.0,9597065.0,沈阳市沈河区,沈阳市沈河区滨河街道,20.0,30.0,21.0,20.0,91.0,86.10909090909091,45.9878453038674,39.60348923533779
辽宁省,沈阳市,沈河区,万莲街道,123.4697649,41.7759854,41.0,27.0,42.0,51.0,217.0,39.0,7.0,144.0,43.0,6.0,3.0,1.0,7.0,7.0,20.0,27.0,1.0,0.0,4.0,40.0,24.0,6.0,2.0,2.0,0.0,8.0,1222.0,0.0,6.0,1.0,11.0,43.0,15.0,23.0,20.0,13.0,9.0,6.0,7.0,5.0,46.0,1.0,0.0,3.0,2.0,0.0,1.0,0.0,2.0,2.0,3.0,5.0,0.0,0.0,0.0,0.0,3.0,0.0,0.0,2.0,0.0,1.0,220.0,0.0,1.0,0.0,1.0,16.0,0.0,6.0,10.0,4.0,6480044150.0,9597076.0,沈阳市沈河区,沈阳市沈河区万莲街道,20.0,30.0,15.0,20.0,85.0,86.10909090909091,45.9878453038674,39.60348923533779
辽宁省,沈阳市,沈河区,朱剪炉街道,123.4332224,41.8028847,31.0,50.0,103.0,135.0,362.0,77.0,7.0,155.0,138.0,9.0,4.0,10.0,13.0,15.0,34.0,38.0,2.0,1.0,13.0,80.0,10.0,8.0,2.0,4.0,2.0,17.0,1446.0,0.0,37.0,3.0,30.0,66.0,37.0,56.0,20.0,17.0,4.0,14.0,38.0,18.0,47.0,10.0,1.0,20.0,36.0,2.0,1.0,2.0,1.0,2.0,6.0,6.0,0.0,0.0,0.0,11.0,0.0,3.0,0.0,1.0,2.0,2.0,302.0,0.0,0.0,0.0,9.0,13.0,5.0,14.0,15.0,7.0,6480044153.0,9597079.0,沈阳市沈河区,沈阳市沈河区朱剪炉街道,20.0,30.0,21.0,20.0,91.0,86.10909090909091,45.9878453038674,39.60348923533779
辽宁省,沈阳市,沈河区,北站街道,123.4364767,41.8137278,57.0,62.0,114.0,142.0,299.0,65.0,1.0,127.0,135.0,11.0,4.0,11.0,10.0,12.0,27.0,31.0,0.0,1.0,5.0,73.0,16.0,9.0,2.0,4.0,2.0,16.0,1169.0,0.0,29.0,3.0,25.0,67.0,33.0,47.0,20.0,17.0,12.0,12.0,34.0,49.0,48.0,8.0,0.0,2.0,42.0,0.0,1.0,2.0,0.0,0.0,1.0,2.0,0.0,1.0,3.0,10.0,0.0,3.0,2.0,0.0,1.0,2.0,20.0,0.0,1.0,1.0,4.0,8.0,6.0,14.0,14.0,7.0,6480044152.0,9597078.0,沈阳市沈河区,沈阳市沈河区北站街道,20.0,30.0,20.0,20.0,90.0,86.10909090909091,45.9878453038674,39.60348923533779
辽宁省,沈阳市,沈河区,风雨坛街道,123.4347388,41.7854302,29.0,71.0,100.0,63.0,374.0,94.0,10.0,209.0,130.0,8.0,3.0,6.0,17.0,18.0,36.0,43.0,4.0,0.0,12.0,91.0,7.0,11.0,0.0,5.0,3.0,13.0,1939.0,1.0,34.0,2.0,40.0,87.0,40.0,48.0,19.0,18.0,6.0,11.0,14.0,8.0,41.0,5.0,5.0,48.0,26.0,1.0,0.0,1.0,1.0,1.0,12.0,12.0,0.0,0.0,2.0,10.0,1.0,0.0,0.0,0.0,0.0,1.0,248.0,0.0,0.0,0.0,3.0,3.0,1.0,7.0,17.0,6.0,6480044144.0,9597070.0,沈阳市沈河区,沈阳市沈河区风雨坛街道,20.0,30.0,23.0,20.0,93.0,86.10909090909091,45.9878453038674,39.60348923533779
辽宁省,沈阳市,沈河区,皇城街道,123.4485682,41.7956027,32.0,50.0,115.0,117.0,295.0,63.0,8.0,139.0,129.0,5.0,4.0,6.0,9.0,10.0,33.0,36.0,1.0,1.0,10.0,77.0,7.0,9.0,4.0,5.0,2.0,15.0,1818.0,0.0,8.0,2.0,25.0,58.0,35.0,43.0,20.0,16.0,4.0,6.0,12.0,15.0,45.0,2.0,1.0,15.0,26.0,1.0,0.0,0.0,1.0,1.0,3.0,3.0,0.0,0.0,0.0,24.0,0.0,0.0,0.0,2.0,0.0,2.0,500.0,0.0,3.0,1.0,5.0,4.0,16.0,12.0,14.0,4.0,6480044145.0,9597071.0,沈阳市沈河区,沈阳市沈河区皇城街道,20.0,30.0,21.0,20.0,91.0,86.10909090909091,45.9878453038674,39.60348923533779
辽宁省,沈阳市,沈河区,五里河街道,123.4363146,41.7611494,53.0,65.0,86.0,58.0,264.0,78.0,23.0,492.0,111.0,10.0,4.0,1.0,10.0,10.0,20.0,33.0,4.0,1.0,13.0,80.0,39.0,28.0,0.0,2.0,0.0,6.0,1090.0,63.0,7.0,2.0,20.0,97.0,20.0,29.0,24.0,14.0,14.0,21.0,4.0,9.0,50.0,39.0,1.0,63.0,24.0,2.0,0.0,0.0,2.0,2.0,7.0,10.0,1.0,0.0,1.0,10.0,5.0,3.0,0.0,0.0,0.0,1.0,69.0,0.0,3.0,0.0,6.0,9.0,6.0,10.0,17.0,7.0,6480044151.0,9597077.0,沈阳市沈河区,沈阳市沈河区五里河街道,20.0,30.0,28.0,20.0,98.0,86.10909090909091,45.9878453038674,39.60348923533779
辽宁省,沈阳市,沈河区,南塔街道,123.4541751,41.7628317,62.0,62.0,72.0,57.0,230.0,66.0,17.0,275.0,96.0,7.0,5.0,2.0,9.0,9.0,20.0,32.0,1.0,0.0,10.0,56.0,52.0,29.0,0.0,2.0,0.0,5.0,976.0,54.0,6.0,2.0,14.0,76.0,15.0,28.0,22.0,12.0,6.0,6.0,6.0,13.0,44.0,11.0,3.0,65.0,0.0,3.0,1.0,0.0,0.0,0.0,5.0,6.0,1.0,0.0,0.0,3.0,6.0,1.0,0.0,0.0,0.0,1.0,41.0,0.0,2.0,0.0,2.0,8.0,1.0,4.0,15.0,7.0,6480044147.0,9597073.0,沈阳市沈河区,沈阳市沈河区南塔街道,20.0,30.0,18.0,20.0,88.0,86.10909090909091,45.9878453038674,39.60348923533779
辽宁省,沈阳市,沈河区,泉园街道,123.5056879,41.7760915,36.0,6.0,29.0,74.0,115.0,20.0,19.0,29.0,11.0,4.0,1.0,1.0,1.0,1.0,9.0,13.0,0.0,0.0,1.0,2.0,63.0,2.0,4.0,0.0,2.0,3.0,224.0,0.0,0.0,0.0,0.0,28.0,0.0,14.0,14.0,11.0,6.0,4.0,0.0,4.0,13.0,0.0,1.0,0.0,0.0,0.0,0.0,0.0,0.0,0.0,0.0,0.0,0.0,0.0,0.0,0.0,0.0,0.0,0.0,0.0,0.0,1.0,0.0,0.0,0.0,0.0,0.0,3.0,0.0,7.0,7.0,4.0,6480044148.0,9597074.0,沈阳市沈河区,沈阳市沈河区泉园街道,18.0,30.0,5.0,20.0,73.0,86.10909090909091,45.9878453038674,39.60348923533779
辽宁省,沈阳市,沈河区,马官桥街道,123.5564191,41.8244241,49.0,0.0,44.0,34.0,154.0,25.0,1.0,11.0,25.0,2.0,2.0,0.0,0.0,0.0,4.0,10.0,0.0,0.0,1.0,0.0,37.0,0.0,2.0,1.0,0.0,3.0,119.0,0.0,0.0,3.0,1.0,5.0,1.0,22.0,18.0,13.0,14.0,0.0,6.0,0.0,46.0,2.0,0.0,1.0,4.0,0.0,1.0,0.0,0.0,0.0,1.0,3.0,0.0,0.0,0.0,0.0,5.0,0.0,0.0,1.0,0.0,1.0,29.0,0.0,0.0,1.0,0.0,1.0,0.0,6.0,9.0,7.0,6480044146.0,9597072.0,沈阳市沈河区,沈阳市沈河区马官桥街道,18.0,30.0,5.0,19.200000000000003,72.2,86.10909090909091,45.9878453038674,39.60348923533779
辽宁省,沈阳市,沈河区,东陵街道,123.5316133,41.8064825,58.0,0.0,43.0,31.0,153.0,20.0,10.0,27.0,20.0,4.0,3.0,0.0,1.0,1.0,6.0,11.0,0.0,0.0,1.0,1.0,49.0,0.0,5.0,1.0,0.0,3.0,190.0,0.0,14.0,2.0,0.0,12.0,0.0,21.0,16.0,11.0,19.0,0.0,8.0,7.0,34.0,0.0,0.0,5.0,4.0,0.0,0.0,0.0,0.0,0.0,1.0,2.0,0.0,0.0,1.0,0.0,20.0,0.0,0.0,0.0,0.0,1.0,31.0,0.0,0.0,0.0,0.0,0.0,0.0,3.0,11.0,6.0,6480044142.0,9597068.0,沈阳市沈河区,沈阳市沈河区东陵街道,18.0,30.0,7.0,20.0,75.0,86.10909090909091,45.9878453038674,39.60348923533779
辽宁省,沈阳市,大东区,大北街道,123.4537739,41.8100976,60.0,46.0,125.0,134.0,236.0,34.0,1.0,90.0,120.0,7.0,4.0,7.0,7.0,8.0,23.0,26.0,0.0,1.0,6.0,66.0,7.0,9.0,5.0,4.0,2.0,16.0,964.0,0.0,4.0,3.0,16.0,44.0,34.0,48.0,19.0,14.0,12.0,16.0,22.0,13.0,26.0,6.0,0.0,12.0,15.0,1.0,1.0,0.0,1.0,1.0,5.0,6.0,0.0,0.0,0.0,5.0,3.0,0.0,0.0,1.0,0.0,1.0,37.0,0.0,0.0,0.0,0.0,3.0,0.0,11.0,13.0,3.0,6482071670.0,9599935.0,沈阳市大东区,沈阳市大东区大北街道,20.0,30.0,20.0,20.0,90.0,73.96000000000001,45.9878453038674,39.60348923533779
辽宁省,沈阳市,大东区,万泉街道,123.4704859,41.7905543,45.0,30.0,65.0,70.0,233.0,22.0,1.0,67.0,65.0,5.0,5.0,2.0,8.0,8.0,21.0,25.0,0.0,0.0,3.0,51.0,8.0,5.0,4.0,4.0,0.0,11.0,1344.0,0.0,4.0,1.0,10.0,41.0,20.0,25.0,19.0,11.0,8.0,0.0,5.0,7.0,22.0,0.0,0.0,7.0,3.0,0.0,0.0,0.0,2.0,2.0,2.0,2.0,0.0,0.0,1.0,0.0,0.0,0.0,1.0,0.0,0.0,1.0,31.0,0.0,0.0,0.0,0.0,4.0,1.0,7.0,8.0,5.0,6482071678.0,9599943.0,沈阳市大东区,沈阳市大东区万泉街道,20.0,30.0,17.0,20.0,87.0,73.96000000000001,45.9878453038674,39.60348923533779
辽宁省,沈阳市,大东区,文官街道,123.4997568,41.9044583,21.0,14.0,8.0,29.0,30.0,57.0,0.0,1.0,1.0,8.0,4.0,0.0,0.0,0.0,2.0,3.0,0.0,0.0,0.0,0.0,14.0,1.0,47.0,4.0,0.0,1.0,47.0,0.0,0.0,1.0,0.0,0.0,0.0,11.0,13.0,8.0,2.0,0.0,0.0,1.0,21.0,0.0,0.0,0.0,1.0,0.0,0.0,0.0,0.0,0.0,0.0,0.0,0.0,0.0,0.0,0.0,1.0,0.0,1.0,0.0,0.0,1.0,1.0,0.0,0.0,0.0,0.0,0.0,0.0,4.0,7.0,3.0,6482071679.0,9599944.0,沈阳市大东区,沈阳市大东区文官街道,16.0,30.0,0.0,8.9,54.9,73.96000000000001,45.9878453038674,39.60348923533779
辽宁省,沈阳市,大东区,二台子街道,123.4900374,41.8401326,45.0,4.0,47.0,56.0,44.0,11.0,0.0,12.0,22.0,2.0,2.0,0.0,1.0,1.0,10.0,11.0,0.0,0.0,0.0,1.0,84.0,5.0,7.0,3.0,2.0,5.0,144.0,0.0,16.0,5.0,2.0,6.0,4.0,24.0,15.0,10.0,8.0,0.0,8.0,4.0,6.0,0.0,0.0,1.0,0.0,0.0,1.0,0.0,0.0,0.0,0.0,0.0,0.0,0.0,0.0,0.0,8.0,1.0,1.0,1.0,0.0,1.0,3.0,0.0,0.0,0.0,0.0,1.0,0.0,6.0,9.0,6.0,6482071673.0,9599938.0,沈阳市大东区,沈阳市大东区二台子街道,20.0,30.0,0.0,19.200000000000003,69.2,73.96000000000001,45.9878453038674,39.60348923533779
辽宁省,沈阳市,大东区,津桥街道,123.4686719,41.8080316,63.0,27.0,100.0,97.0,204.0,27.0,1.0,71.0,94.0,7.0,5.0,2.0,6.0,6.0,16.0,19.0,0.0,0.0,2.0,51.0,7.0,7.0,6.0,2.0,1.0,14.0,624.0,0.0,12.0,5.0,12.0,41.0,25.0,37.0,19.0,12.0,6.0,10.0,16.0,21.0,29.0,0.0,0.0,6.0,4.0,0.0,1.0,2.0,0.0,0.0,3.0,3.0,0.0,0.0,0.0,11.0,1.0,3.0,0.0,0.0,0.0,3.0,2.0,0.0,0.0,0.0,0.0,9.0,2.0,8.0,12.0,6.0,6482071674.0,9599939.0,沈阳市大东区,沈阳市大东区津桥街道,20.0,30.0,16.0,20.0,86.0,73.96000000000001,45.9878453038674,39.60348923533779
辽宁省,沈阳市,大东区,东站街道,123.5118229,41.8360272,25.0,6.0,32.0,44.0,78.0,23.0,0.0,5.0,3.0,1.0,4.0,0.0,0.0,0.0,6.0,10.0,0.0,0.0,0.0,2.0,61.0,4.0,7.0,3.0,2.0,4.0,228.0,0.0,16.0,5.0,1.0,7.0,1.0,15.0,15.0,14.0,3.0,3.0,16.0,8.0,10.0,4.0,0.0,0.0,0.0,0.0,1.0,0.0,0.0,0.0,1.0,1.0,0.0,0.0,0.0,0.0,9.0,2.0,3.0,2.0,0.0,1.0,37.0,0.0,0.0,0.0,0.0,1.0,1.0,7.0,9.0,7.0,6482071672.0,9599937.0,沈阳市大东区,沈阳市大东区东站街道,19.0,30.0,5.0,20.0,74.0,73.96000000000001,45.9878453038674,39.60348923533779
辽宁省,沈阳市,大东区,长安街道,123.493295,41.7884016,47.0,12.0,59.0,51.0,178.0,21.0,8.0,39.0,26.0,5.0,3.0,2.0,5.0,5.0,11.0,14.0,0.0,0.0,3.0,18.0,19.0,5.0,4.0,2.0,0.0,8.0,314.0,0.0,1.0,1.0,3.0,34.0,5.0,22.0,18.0,10.0,0.0,0.0,3.0,8.0,16.0,7.0,0.0,8.0,0.0,0.0,0.0,0.0,0.0,0.0,2.0,2.0,0.0,0.0,0.0,1.0,0.0,0.0,2.0,0.0,0.0,1.0,1.0,0.0,0.0,0.0,0.0,2.0,0.0,5.0,7.0,5.0,6482071669.0,9599934.0,沈阳市大东区,沈阳市大东区长安街道,20.0,30.0,11.0,20.0,81.0,73.96000000000001,45.9878453038674,39.60348923533779
辽宁省,沈阳市,大东区,东塔街道,123.4924626,41.8022638,37.0,12.0,55.0,61.0,156.0,15.0,1.0,37.0,30.0,4.0,3.0,2.0,4.0,4.0,11.0,13.0,0.0,0.0,2.0,25.0,28.0,5.0,5.0,0.0,0.0,7.0,206.0,0.0,16.0,3.0,4.0,26.0,8.0,25.0,18.0,9.0,7.0,0.0,3.0,8.0,33.0,12.0,0.0,6.0,10.0,3.0,0.0,0.0,2.0,2.0,1.0,1.0,0.0,0.0,0.0,3.0,1.0,0.0,2.0,0.0,0.0,1.0,8.0,0.0,0.0,0.0,1.0,5.0,1.0,7.0,9.0,6.0,6482071671.0,9599936.0,沈阳市大东区,沈阳市大东区东塔街道,20.0,30.0,18.0,20.0,88.0,73.96000000000001,45.9878453038674,39.60348923533779
辽宁省,沈阳市,大东区,上园街道,123.4720211,41.8319583,68.0,18.0,73.0,68.0,96.0,16.0,0.0,43.0,36.0,4.0,5.0,0.0,1.0,1.0,7.0,10.0,0.0,0.0,0.0,1.0,57.0,4.0,5.0,1.0,1.0,6.0,100.0,0.0,12.0,6.0,3.0,26.0,3.0,31.0,17.0,12.0,10.0,0.0,13.0,6.0,7.0,0.0,0.0,1.0,10.0,2.0,0.0,0.0,0.0,0.0,0.0,0.0,0.0,0.0,0.0,0.0,2.0,0.0,0.0,0.0,0.0,1.0,16.0,0.0,0.0,1.0,0.0,2.0,3.0,12.0,8.0,4.0,6482071676.0,9599941.0,沈阳市大东区,沈阳市大东区上园街道,20.0,30.0,0.0,16.3,66.3,73.96000000000001,45.9878453038674,39.60348923533779
辽宁省,沈阳市,大东区,前进街道,123.5325556,41.8707556,15.0,9.0,12.0,22.0,7.0,38.0,0.0,3.0,0.0,4.0,5.0,0.0,0.0,0.0,3.0,4.0,1.0,0.0,0.0,1.0,13.0,1.0,33.0,4.0,1.0,1.0,29.0,0.0,0.0,3.0,0.0,0.0,0.0,12.0,16.0,8.0,0.0,3.0,0.0,0.0,2.0,0.0,0.0,0.0,0.0,0.0,0.0,0.0,0.0,0.0,0.0,0.0,0.0,0.0,0.0,0.0,1.0,0.0,2.0,0.0,0.0,1.0,0.0,0.0,0.0,0.0,0.0,0.0,0.0,1.0,5.0,3.0,6482071675.0,9599940.0,沈阳市大东区,沈阳市大东区前进街道,16.0,20.0,0.0,7.2,43.2,73.96000000000001,45.9878453038674,39.60348923533779
辽宁省,沈阳市,皇姑区,三台子街道,123.422923,41.8815,28.0,7.0,24.0,46.0,129.0,83.0,3.0,36.0,10.0,21.0,3.0,0.0,6.0,6.0,18.0,24.0,0.0,1.0,0.0,15.0,82.0,3.0,11.0,2.0,3.0,4.0,337.0,0.0,34.0,5.0,28.0,63.0,23.0,15.0,20.0,16.0,0.0,0.0,6.0,9.0,5.0,4.0,0.0,0.0,0.0,3.0,0.0,0.0,0.0,0.0,5.0,5.0,0.0,0.0,0.0,0.0,10.0,0.0,1.0,0.0,0.0,0.0,19.0,0.0,0.0,1.0,0.0,11.0,0.0,4.0,4.0,4.0,-1.0,-1.0,沈阳市皇姑区,沈阳市皇姑区三台子街道,4.0,30.0,5.0,20.0,59.0,75.57000000000001,45.9878453038674,39.60348923533779
辽宁省,沈阳市,皇姑区,黄河街道,123.4128265,41.8231118,43.0,52.0,125.0,126.0,262.0,64.0,0.0,150.0,84.0,8.0,3.0,7.0,9.0,11.0,14.0,20.0,0.0,2.0,7.0,34.0,11.0,4.0,4.0,2.0,1.0,9.0,323.0,0.0,34.0,1.0,17.0,82.0,24.0,44.0,18.0,17.0,11.0,6.0,11.0,23.0,21.0,0.0,0.0,10.0,7.0,1.0,0.0,0.0,1.0,1.0,2.0,4.0,0.0,0.0,0.0,7.0,0.0,0.0,0.0,0.0,0.0,1.0,13.0,0.0,1.0,0.0,8.0,20.0,0.0,7.0,10.0,2.0,6480934381.0,9598721.0,沈阳市皇姑区,沈阳市皇姑区黄河街道,20.0,30.0,21.0,20.0,91.0,75.57000000000001,45.9878453038674,39.60348923533779
辽宁省,沈阳市,皇姑区,华山街道,123.3924204,41.8163528,35.0,42.0,92.0,97.0,250.0,30.0,0.0,122.0,48.0,9.0,2.0,2.0,8.0,11.0,15.0,21.0,1.0,3.0,7.0,70.0,30.0,5.0,5.0,2.0,0.0,9.0,370.0,1.0,36.0,3.0,33.0,64.0,26.0,48.0,18.0,16.0,3.0,0.0,5.0,14.0,26.0,3.0,0.0,6.0,0.0,0.0,0.0,0.0,0.0,0.0,2.0,3.0,0.0,0.0,0.0,0.0,0.0,0.0,1.0,0.0,0.0,1.0,7.0,0.0,2.0,0.0,0.0,3.0,1.0,9.0,9.0,4.0,6480934382.0,9598722.0,沈阳市皇姑区,沈阳市皇姑区华山街道,20.0,30.0,10.0,20.0,80.0,75.57000000000001,45.9878453038674,39.60348923533779
辽宁省,沈阳市,皇姑区,明廉街道,123.3589519,41.8279411,30.0,19.0,66.0,87.0,91.0,11.0,0.0,72.0,20.0,4.0,2.0,1.0,2.0,4.0,14.0,17.0,0.0,0.0,2.0,18.0,64.0,14.0,13.0,2.0,0.0,4.0,180.0,0.0,17.0,4.0,20.0,45.0,10.0,26.0,18.0,12.0,0.0,4.0,16.0,11.0,14.0,0.0,0.0,1.0,6.0,0.0,0.0,0.0,0.0,0.0,1.0,1.0,0.0,0.0,0.0,0.0,2.0,1.0,1.0,0.0,0.0,1.0,1.0,0.0,0.0,0.0,0.0,4.0,0.0,11.0,6.0,6.0,6480934485.0,9598724.0,沈阳市皇姑区,沈阳市皇姑区明廉街道,19.0,30.0,10.0,20.0,79.0,75.57000000000001,45.9878453038674,39.60348923533779
辽宁省,沈阳市,皇姑区,新乐街道,123.4118345,41.8328265,51.0,42.0,67.0,126.0,184.0,47.0,0.0,147.0,60.0,8.0,1.0,5.0,9.0,10.0,9.0,17.0,0.0,2.0,7.0,23.0,19.0,6.0,4.0,1.0,1.0,9.0,184.0,0.0,17.0,1.0,15.0,76.0,18.0,33.0,18.0,19.0,17.0,16.0,20.0,3.0,30.0,0.0,0.0,34.0,12.0,2.0,0.0,2.0,1.0,1.0,2.0,4.0,0.0,1.0,1.0,11.0,2.0,1.0,0.0,0.0,0.0,1.0,34.0,0.0,1.0,0.0,5.0,32.0,3.0,8.0,10.0,6.0,6480934491.0,9598730.0,沈阳市皇姑区,沈阳市皇姑区新乐街道,20.0,30.0,25.0,20.0,95.0,75.57000000000001,45.9878453038674,39.60348923533779
辽宁省,沈阳市,皇姑区,舍利塔街道,123.3735731,41.838,34.0,19.0,67.0,69.0,117.0,5.0,0.0,55.0,20.0,2.0,0.0,0.0,3.0,4.0,11.0,15.0,0.0,1.0,1.0,8.0,63.0,7.0,10.0,1.0,0.0,3.0,112.0,0.0,12.0,2.0,15.0,42.0,4.0,23.0,16.0,11.0,0.0,0.0,6.0,6.0,33.0,0.0,0.0,46.0,1.0,0.0,0.0,0.0,0.0,0.0,1.0,2.0,0.0,0.0,0.0,0.0,0.0,0.0,2.0,0.0,0.0,1.0,1.0,0.0,0.0,1.0,0.0,4.0,0.0,6.0,6.0,6.0,6480934488.0,9598727.0,沈阳市皇姑区,沈阳市皇姑区舍利塔街道,18.0,28.0,5.0,15.600000000000001,66.6,75.57000000000001,45.9878453038674,39.60348923533779
辽宁省,沈阳市,皇姑区,北塔街道,123.4263569,41.8238605,61.0,56.0,103.0,131.0,248.0,71.0,1.0,171.0,104.0,11.0,3.0,6.0,10.0,12.0,14.0,21.0,0.0,2.0,6.0,36.0,23.0,6.0,2.0,2.0,1.0,10.0,410.0,0.0,15.0,2.0,20.0,74.0,22.0,41.0,19.0,18.0,14.0,19.0,10.0,51.0,30.0,0.0,0.0,1.0,16.0,2.0,1.0,3.0,3.0,3.0,0.0,1.0,0.0,0.0,1.0,4.0,0.0,1.0,0.0,1.0,0.0,2.0,4.0,0.0,3.0,0.0,1.0,1.0,2.0,13.0,11.0,7.0,6480934383.0,9598720.0,沈阳市皇姑区,沈阳市皇姑区北塔街道,20.0,30.0,16.0,20.0,86.0,75.57000000000001,45.9878453038674,39.60348923533779
辽宁省,沈阳市,皇姑区,陵东街道,123.4466949,41.8738865,17.0,8.0,22.0,55.0,91.0,65.0,0.0,48.0,9.0,22.0,2.0,0.0,1.0,1.0,11.0,12.0,0.0,0.0,0.0,2.0,63.0,6.0,19.0,1.0,0.0,1.0,135.0,0.0,0.0,8.0,6.0,47.0,18.0,14.0,12.0,12.0,0.0,4.0,0.0,0.0,10.0,15.0,0.0,0.0,0.0,1.0,0.0,0.0,0.0,0.0,0.0,0.0,0.0,0.0,0.0,0.0,0.0,0.0,2.0,0.0,0.0,1.0,7.0,0.0,0.0,1.0,0.0,0.0,0.0,2.0,5.0,3.0,6480934384.0,17720125.0,沈阳市皇姑区,沈阳市皇姑区陵东街道,16.0,30.0,0.0,19.1,65.1,75.57000000000001,45.9878453038674,39.60348923533779
辽宁省,沈阳市,皇姑区,鸭绿江街道,123.431463,41.892598,16.0,12.0,30.0,41.0,102.0,53.0,3.0,37.0,10.0,11.0,3.0,0.0,2.0,2.0,13.0,18.0,0.0,1.0,0.0,18.0,67.0,6.0,17.0,4.0,3.0,2.0,295.0,0.0,48.0,2.0,25.0,51.0,10.0,14.0,21.0,17.0,0.0,0.0,8.0,10.0,4.0,4.0,0.0,0.0,0.0,1.0,0.0,0.0,0.0,0.0,1.0,1.0,0.0,0.0,0.0,0.0,10.0,1.0,4.0,0.0,0.0,0.0,3.0,0.0,0.0,1.0,1.0,0.0,0.0,3.0,7.0,5.0,-1.0,-1.0,沈阳市皇姑区,沈阳市皇姑区鸭绿江街道,2.0,30.0,5.0,20.0,57.0,75.57000000000001,45.9878453038674,39.60348923533779
辽宁省,沈阳市,皇姑区,四台子街道,123.3988727,41.8995487,20.0,5.0,27.0,60.0,221.0,16.0,3.0,118.0,14.0,1.0,2.0,0.0,2.0,2.0,17.0,27.0,0.0,1.0,0.0,23.0,148.0,4.0,17.0,3.0,3.0,1.0,350.0,8.0,53.0,0.0,27.0,58.0,6.0,14.0,22.0,15.0,12.0,0.0,7.0,11.0,35.0,5.0,3.0,10.0,4.0,0.0,0.0,0.0,0.0,0.0,4.0,6.0,0.0,0.0,0.0,6.0,22.0,1.0,1.0,0.0,0.0,1.0,60.0,0.0,12.0,0.0,1.0,4.0,3.0,7.0,10.0,9.0,6480934487.0,9598726.0,沈阳市皇姑区,沈阳市皇姑区四台子街道,16.0,30.0,11.0,20.0,77.0,75.57000000000001,45.9878453038674,39.60348923533779
辽宁省,沈阳市,铁西区,昆明湖街道,123.2883893,41.7675169,66.0,19.0,30.0,24.0,85.0,22.0,0.0,73.0,24.0,0.0,11.0,1.0,0.0,0.0,10.0,11.0,0.0,0.0,0.0,6.0,79.0,7.0,37.0,12.0,0.0,3.0,81.0,0.0,0.0,1.0,0.0,11.0,2.0,20.0,18.0,11.0,2.0,3.0,5.0,9.0,6.0,7.0,0.0,0.0,4.0,0.0,3.0,0.0,0.0,0.0,2.0,2.0,0.0,0.0,0.0,1.0,21.0,1.0,10.0,2.0,0.0,1.0,1.0,0.0,0.0,0.0,0.0,3.0,0.0,10.0,11.0,7.0,6473084085.0,9588399.0,沈阳市铁西区,沈阳市铁西区昆明湖街道,18.0,28.0,11.0,12.3,69.3,68.21428571428571,45.9878453038674,39.60348923533779
辽宁省,沈阳市,铁西区,工人村街道,123.3226725,41.7838263,77.0,36.0,39.0,92.0,95.0,13.0,0.0,68.0,25.0,1.0,8.0,1.0,3.0,3.0,13.0,15.0,0.0,0.0,0.0,13.0,80.0,9.0,14.0,7.0,0.0,10.0,117.0,0.0,1.0,1.0,5.0,24.0,4.0,27.0,15.0,12.0,23.0,4.0,4.0,13.0,2.0,0.0,0.0,18.0,0.0,0.0,0.0,0.0,0.0,0.0,0.0,0.0,0.0,0.0,0.0,1.0,0.0,0.0,0.0,0.0,0.0,1.0,0.0,0.0,0.0,0.0,1.0,2.0,0.0,9.0,8.0,2.0,6473082282.0,9588396.0,沈阳市铁西区,沈阳市铁西区工人村街道,20.0,30.0,6.0,15.8,71.8,68.21428571428571,45.9878453038674,39.60348923533779
辽宁省,沈阳市,铁西区,启工街道,123.3295782,41.8198861,46.0,22.0,42.0,70.0,75.0,6.0,0.0,27.0,17.0,4.0,2.0,1.0,2.0,2.0,15.0,15.0,0.0,0.0,1.0,12.0,66.0,17.0,16.0,1.0,0.0,6.0,188.0,0.0,15.0,3.0,11.0,43.0,5.0,26.0,17.0,13.0,10.0,0.0,1.0,5.0,10.0,1.0,0.0,0.0,0.0,0.0,1.0,1.0,1.0,1.0,3.0,3.0,0.0,0.0,0.0,0.0,20.0,6.0,5.0,1.0,0.0,1.0,3.0,0.0,0.0,0.0,1.0,10.0,1.0,2.0,8.0,7.0,6473084087.0,9588401.0,沈阳市铁西区,沈阳市铁西区启工街道,20.0,30.0,15.0,20.0,85.0,68.21428571428571,45.9878453038674,39.60348923533779
辽宁省,沈阳市,铁西区,笃工街道,123.3620392,41.8085839,11.0,25.0,89.0,101.0,79.0,14.0,0.0,89.0,42.0,4.0,1.0,2.0,3.0,5.0,18.0,21.0,1.0,0.0,2.0,40.0,75.0,14.0,9.0,1.0,0.0,9.0,355.0,1.0,17.0,4.0,21.0,35.0,17.0,37.0,17.0,13.0,3.0,4.0,7.0,8.0,1.0,6.0,0.0,16.0,0.0,4.0,1.0,1.0,0.0,2.0,1.0,2.0,0.0,0.0,1.0,16.0,23.0,3.0,3.0,1.0,0.0,1.0,80.0,0.0,0.0,1.0,16.0,3.0,4.0,1.0,10.0,8.0,6473082281.0,9588395.0,沈阳市铁西区,沈阳市铁西区笃工街道,20.0,30.0,18.0,20.0,88.0,68.21428571428571,45.9878453038674,39.60348923533779
辽宁省,沈阳市,铁西区,兴华街道,123.3546557,41.7817094,34.0,36.0,50.0,139.0,138.0,10.0,0.0,84.0,33.0,1.0,4.0,2.0,3.0,3.0,15.0,18.0,1.0,0.0,1.0,24.0,82.0,8.0,4.0,1.0,0.0,9.0,385.0,0.0,12.0,2.0,12.0,33.0,11.0,30.0,17.0,12.0,0.0,4.0,3.0,24.0,13.0,0.0,0.0,7.0,2.0,0.0,1.0,0.0,0.0,0.0,3.0,4.0,0.0,0.0,0.0,1.0,1.0,0.0,0.0,0.0,0.0,1.0,100.0,0.0,5.0,0.0,0.0,3.0,0.0,6.0,5.0,3.0,6473084091.0,9588405.0,沈阳市铁西区,沈阳市铁西区兴华街道,20.0,30.0,11.0,20.0,81.0,68.21428571428571,45.9878453038674,39.60348923533779
辽宁省,沈阳市,铁西区,霁虹街道,123.382883,41.8015804,20.0,30.0,88.0,78.0,238.0,42.0,2.0,99.0,59.0,9.0,3.0,5.0,9.0,12.0,21.0,25.0,2.0,1.0,6.0,73.0,63.0,5.0,5.0,1.0,1.0,8.0,573.0,1.0,35.0,5.0,29.0,63.0,33.0,47.0,20.0,20.0,5.0,0.0,22.0,13.0,9.0,4.0,0.0,3.0,2.0,0.0,0.0,0.0,0.0,0.0,3.0,3.0,0.0,0.0,0.0,15.0,9.0,1.0,1.0,0.0,0.0,1.0,91.0,0.0,1.0,1.0,1.0,3.0,3.0,9.0,11.0,6.0,6473082284.0,9588398.0,沈阳市铁西区,沈阳市铁西区霁虹街道,20.0,30.0,16.0,20.0,86.0,68.21428571428571,45.9878453038674,39.60348923533779
辽宁省,沈阳市,铁西区,凌空街道,123.3637511,41.7688411,30.0,35.0,49.0,125.0,172.0,22.0,25.0,252.0,37.0,6.0,6.0,1.0,3.0,3.0,11.0,14.0,1.0,1.0,1.0,20.0,70.0,14.0,4.0,1.0,0.0,6.0,437.0,0.0,20.0,1.0,19.0,62.0,10.0,33.0,21.0,12.0,2.0,0.0,6.0,30.0,24.0,1.0,0.0,3.0,1.0,0.0,0.0,0.0,1.0,1.0,2.0,2.0,0.0,0.0,0.0,1.0,3.0,0.0,0.0,0.0,0.0,1.0,89.0,0.0,8.0,0.0,4.0,8.0,0.0,14.0,10.0,3.0,6473084086.0,9588400.0,沈阳市铁西区,沈阳市铁西区凌空街道,20.0,30.0,16.0,20.0,86.0,68.21428571428571,45.9878453038674,39.60348923533779
辽宁省,沈阳市,铁西区,重工街道,123.3228653,41.7988346,69.0,26.0,27.0,68.0,67.0,8.0,0.0,64.0,24.0,1.0,4.0,2.0,3.0,3.0,15.0,18.0,0.0,0.0,0.0,10.0,67.0,10.0,8.0,2.0,0.0,9.0,178.0,0.0,10.0,0.0,6.0,37.0,6.0,25.0,15.0,14.0,19.0,4.0,6.0,12.0,1.0,1.0,0.0,3.0,4.0,0.0,0.0,0.0,1.0,1.0,4.0,4.0,0.0,0.0,0.0,0.0,1.0,0.0,0.0,0.0,0.0,1.0,15.0,0.0,0.0,0.0,0.0,5.0,0.0,11.0,9.0,4.0,6473084095.0,9588409.0,沈阳市铁西区,沈阳市铁西区重工街道,20.0,30.0,15.0,20.0,85.0,68.21428571428571,45.9878453038674,39.60348923533779
辽宁省,沈阳市,铁西区,兴顺街道,123.3501858,41.7957523,32.0,40.0,57.0,104.0,52.0,11.0,0.0,67.0,26.0,5.0,4.0,3.0,3.0,5.0,17.0,20.0,1.0,0.0,2.0,40.0,75.0,12.0,5.0,1.0,0.0,10.0,460.0,0.0,26.0,3.0,28.0,42.0,16.0,30.0,15.0,13.0,0.0,14.0,9.0,21.0,6.0,1.0,0.0,2.0,4.0,0.0,0.0,0.0,0.0,0.0,2.0,4.0,0.0,0.0,0.0,6.0,18.0,1.0,0.0,0.0,0.0,3.0,55.0,0.0,0.0,0.0,2.0,2.0,4.0,8.0,8.0,7.0,6473084092.0,9588406.0,沈阳市铁西区,沈阳市铁西区兴顺街道,20.0,30.0,16.0,20.0,86.0,68.21428571428571,45.9878453038674,39.60348923533779
辽宁省,沈阳市,铁西区,大青中朝友谊街道,123.222057,41.7519418,9.0,13.0,0.0,33.0,120.0,58.0,0.0,158.0,12.0,1.0,2.0,0.0,1.0,1.0,4.0,10.0,0.0,0.0,0.0,8.0,24.0,5.0,56.0,4.0,1.0,1.0,213.0,0.0,0.0,2.0,3.0,16.0,1.0,9.0,10.0,12.0,0.0,0.0,0.0,6.0,33.0,21.0,0.0,43.0,0.0,0.0,0.0,0.0,0.0,0.0,3.0,5.0,0.0,0.0,0.0,0.0,4.0,0.0,5.0,0.0,0.0,1.0,51.0,0.0,0.0,0.0,1.0,4.0,0.0,2.0,4.0,5.0,6473082279.0,-1.0,沈阳市铁西区,沈阳市铁西区大青中朝友谊街道,8.0,30.0,5.0,20.0,63.0,68.21428571428571,45.9878453038674,39.60348923533779
辽宁省,沈阳市,铁西区,翟家街道,123.2382232,41.710004,17.0,19.0,11.0,40.0,87.0,16.0,0.0,113.0,12.0,1.0,3.0,0.0,2.0,2.0,3.0,5.0,1.0,0.0,0.0,6.0,24.0,3.0,32.0,3.0,0.0,1.0,66.0,0.0,0.0,0.0,1.0,13.0,2.0,8.0,14.0,12.0,0.0,5.0,0.0,13.0,6.0,0.0,0.0,0.0,0.0,0.0,0.0,0.0,0.0,0.0,0.0,0.0,0.0,0.0,0.0,0.0,3.0,0.0,18.0,0.0,0.0,1.0,6.0,0.0,0.0,0.0,0.0,0.0,0.0,1.0,3.0,5.0,6473082280.0,-1.0,沈阳市铁西区,沈阳市铁西区翟家街道,8.0,30.0,0.0,11.2,49.2,68.21428571428571,45.9878453038674,39.60348923533779
辽宁省,沈阳市,铁西区,大潘街道,123.1278492,41.6888404,6.0,11.0,6.0,13.0,23.0,30.0,2.0,4.0,8.0,3.0,3.0,0.0,0.0,0.0,0.0,0.0,1.0,0.0,0.0,0.0,15.0,2.0,13.0,0.0,0.0,1.0,21.0,0.0,0.0,5.0,0.0,4.0,0.0,3.0,13.0,12.0,2.0,0.0,0.0,3.0,8.0,0.0,0.0,0.0,0.0,0.0,0.0,0.0,0.0,0.0,0.0,0.0,0.0,0.0,0.0,0.0,2.0,0.0,0.0,0.0,0.0,1.0,0.0,0.0,0.0,0.0,0.0,2.0,0.0,2.0,5.0,5.0,3239176513.0,-1.0,沈阳市铁西区,沈阳市铁西区大潘街道,8.0,27.0,0.0,6.6,41.6,68.21428571428571,45.9878453038674,39.60348923533779
辽宁省,沈阳市,铁西区,彰驿站街道,123.0810715,41.6526803,2.0,0.0,3.0,10.0,24.0,3.0,0.0,0.0,0.0,0.0,3.0,0.0,0.0,0.0,0.0,0.0,0.0,0.0,0.0,0.0,10.0,0.0,7.0,1.0,0.0,1.0,15.0,0.0,0.0,0.0,0.0,5.0,0.0,4.0,7.0,8.0,2.0,0.0,3.0,4.0,3.0,0.0,0.0,0.0,0.0,0.0,1.0,0.0,0.0,0.0,0.0,0.0,0.0,0.0,0.0,0.0,4.0,0.0,0.0,0.0,0.0,1.0,1.0,0.0,0.0,0.0,0.0,5.0,0.0,2.0,5.0,5.0,3239206826.0,-1.0,沈阳市铁西区,沈阳市铁西区彰驿站街道,8.0,21.200000000000003,0.0,5.6,34.800000000000004,68.21428571428571,45.9878453038674,39.60348923533779
辽宁省,沈阳市,铁西区,高花街道,123.0748058,41.6871098,2.0,2.0,0.0,5.0,7.0,1.0,0.0,0.0,0.0,0.0,2.0,0.0,0.0,0.0,0.0,0.0,0.0,0.0,0.0,0.0,7.0,0.0,3.0,0.0,0.0,1.0,1.0,0.0,0.0,0.0,0.0,0.0,0.0,3.0,7.0,6.0,0.0,0.0,0.0,2.0,1.0,0.0,0.0,0.0,0.0,0.0,1.0,0.0,0.0,0.0,0.0,0.0,0.0,0.0,0.0,0.0,5.0,0.0,0.0,0.0,0.0,1.0,0.0,0.0,0.0,0.0,0.0,0.0,0.0,1.0,2.0,2.0,3239176512.0,-1.0,沈阳市铁西区,沈阳市铁西区高花街道,8.0,17.2,0.0,3.1,28.3,68.21428571428571,45.9878453038674,39.60348923533779
辽宁省,沈阳市,苏家屯区,解放街道,123.3482874,41.6792249,0.0,40.0,16.0,47.0,196.0,173.0,8.0,142.0,70.0,17.0,0.0,5.0,6.0,8.0,15.0,24.0,1.0,1.0,8.0,27.0,66.0,5.0,10.0,4.0,0.0,3.0,632.0,0.0,0.0,15.0,6.0,47.0,5.0,15.0,20.0,16.0,0.0,0.0,4.0,3.0,25.0,53.0,0.0,28.0,2.0,0.0,0.0,1.0,0.0,0.0,0.0,1.0,0.0,0.0,0.0,0.0,1.0,0.0,1.0,0.0,0.0,1.0,96.0,0.0,0.0,5.0,2.0,5.0,2.0,4.0,6.0,11.0,6477468214.0,9593242.0,沈阳市苏家屯区,沈阳市苏家屯区解放街道,18.0,28.0,5.0,20.0,71.0,41.63333333333333,45.9878453038674,39.60348923533779
辽宁省,沈阳市,苏家屯区,民主街道,123.3405131,41.6483022,13.0,53.0,4.0,58.0,179.0,88.0,8.0,20.0,67.0,0.0,1.0,7.0,5.0,7.0,15.0,21.0,1.0,1.0,11.0,33.0,40.0,7.0,8.0,7.0,0.0,2.0,485.0,0.0,17.0,10.0,15.0,25.0,1.0,11.0,19.0,14.0,0.0,0.0,0.0,15.0,32.0,0.0,0.0,0.0,10.0,0.0,0.0,1.0,1.0,1.0,3.0,3.0,0.0,0.0,0.0,8.0,8.0,0.0,0.0,2.0,0.0,1.0,51.0,0.0,0.0,0.0,0.0,2.0,0.0,3.0,5.0,6.0,6477468216.0,9593244.0,沈阳市苏家屯区,沈阳市苏家屯区民主街道,17.0,28.0,21.0,20.0,86.0,41.63333333333333,45.9878453038674,39.60348923533779
辽宁省,沈阳市,苏家屯区,中兴街道,123.373291,41.6753015,0.0,38.0,22.0,76.0,229.0,213.0,8.0,210.0,97.0,34.0,0.0,1.0,3.0,4.0,9.0,21.0,0.0,0.0,3.0,2.0,77.0,2.0,8.0,0.0,1.0,2.0,740.0,0.0,24.0,15.0,10.0,73.0,3.0,20.0,18.0,16.0,0.0,10.0,6.0,11.0,44.0,48.0,0.0,113.0,20.0,19.0,0.0,0.0,1.0,1.0,3.0,10.0,0.0,0.0,0.0,0.0,27.0,0.0,2.0,0.0,0.0,1.0,119.0,0.0,0.0,1.0,2.0,22.0,1.0,1.0,13.0,11.0,6477468217.0,9593245.0,沈阳市苏家屯区,沈阳市苏家屯区中兴街道,17.0,28.0,15.0,20.0,80.0,41.63333333333333,45.9878453038674,39.60348923533779
辽宁省,沈阳市,苏家屯区,林盛街道,123.3589943,41.5773349,0.0,0.0,0.0,14.0,8.0,1.0,0.0,0.0,0.0,0.0,0.0,0.0,0.0,0.0,0.0,0.0,0.0,0.0,0.0,0.0,6.0,0.0,5.0,0.0,0.0,1.0,0.0,0.0,0.0,0.0,0.0,0.0,0.0,2.0,4.0,3.0,0.0,0.0,0.0,4.0,4.0,1.0,0.0,0.0,0.0,0.0,0.0,0.0,0.0,0.0,0.0,0.0,0.0,0.0,0.0,0.0,4.0,0.0,5.0,0.0,0.0,1.0,0.0,0.0,0.0,0.0,0.0,0.0,0.0,2.0,3.0,3.0,2294411374.0,-1.0,沈阳市苏家屯区,沈阳市苏家屯区林盛街道,8.0,9.8,0.0,1.5,19.3,41.63333333333333,45.9878453038674,39.60348923533779
辽宁省,沈阳市,苏家屯区,沙河街道,123.4039952,41.592899,5.0,13.0,5.0,3.0,9.0,0.0,0.0,0.0,0.0,0.0,2.0,0.0,0.0,0.0,0.0,0.0,0.0,0.0,0.0,0.0,3.0,2.0,2.0,0.0,0.0,2.0,2.0,0.0,0.0,0.0,0.0,3.0,0.0,3.0,8.0,6.0,0.0,6.0,0.0,0.0,2.0,0.0,0.0,0.0,0.0,0.0,1.0,0.0,0.0,0.0,0.0,0.0,0.0,0.0,0.0,0.0,0.0,0.0,0.0,0.0,0.0,1.0,1.0,0.0,0.0,0.0,0.0,3.0,0.0,2.0,2.0,2.0,2294411372.0,-1.0,沈阳市苏家屯区,沈阳市苏家屯区沙河街道,9.0,16.4,0.0,3.3,28.7,41.63333333333333,45.9878453038674,39.60348923533779
辽宁省,沈阳市,苏家屯区,十里河街道,123.3638,41.5093277,0.0,9.0,0.0,2.0,3.0,0.0,0.0,0.0,0.0,0.0,0.0,0.0,0.0,0.0,0.0,0.0,0.0,0.0,0.0,0.0,0.0,0.0,0.0,0.0,0.0,2.0,22.0,0.0,0.0,1.0,0.0,0.0,0.0,7.0,3.0,1.0,0.0,7.0,0.0,1.0,3.0,0.0,0.0,0.0,0.0,0.0,0.0,0.0,0.0,0.0,0.0,0.0,0.0,0.0,0.0,0.0,0.0,0.0,0.0,0.0,0.0,1.0,6.0,0.0,0.0,0.0,0.0,0.0,0.0,5.0,3.0,1.0,2291143475.0,-1.0,沈阳市苏家屯区,沈阳市苏家屯区十里河街道,9.0,10.0,0.0,3.4000000000000004,22.4,41.63333333333333,45.9878453038674,39.60348923533779
辽宁省,沈阳市,苏家屯区,陈相街道,123.5029978,41.56973,0.0,0.0,13.0,6.0,7.0,5.0,0.0,0.0,0.0,0.0,0.0,0.0,0.0,0.0,0.0,0.0,0.0,0.0,0.0,0.0,0.0,0.0,0.0,0.0,0.0,1.0,0.0,0.0,0.0,0.0,1.0,0.0,0.0,3.0,5.0,3.0,0.0,0.0,0.0,4.0,2.0,0.0,0.0,0.0,0.0,0.0,0.0,0.0,0.0,0.0,0.0,0.0,0.0,0.0,0.0,0.0,0.0,0.0,0.0,0.0,0.0,1.0,0.0,0.0,0.0,0.0,0.0,0.0,0.0,2.0,3.0,1.0,2294411379.0,-1.0,沈阳市苏家屯区,沈阳市苏家屯区陈相街道,8.0,14.5,0.0,1.5,24.0,41.63333333333333,45.9878453038674,39.60348923533779
辽宁省,沈阳市,苏家屯区,永乐街道,123.1363342,41.586178,0.0,0.0,3.0,0.0,0.0,0.0,0.0,0.0,0.0,0.0,0.0,0.0,0.0,0.0,0.0,0.0,0.0,0.0,0.0,0.0,2.0,0.0,1.0,0.0,0.0,1.0,0.0,0.0,0.0,0.0,0.0,0.0,0.0,5.0,1.0,2.0,0.0,0.0,2.0,0.0,0.0,0.0,0.0,0.0,0.0,0.0,0.0,0.0,0.0,0.0,0.0,0.0,0.0,0.0,0.0,0.0,0.0,0.0,0.0,0.0,0.0,1.0,0.0,0.0,0.0,0.0,0.0,0.0,0.0,1.0,1.0,0.0,2861374201.0,-1.0,沈阳市苏家屯区,沈阳市苏家屯区永乐街道,8.0,5.5,0.0,1.0,14.5,41.63333333333333,45.9878453038674,39.60348923533779
辽宁省,沈阳市,苏家屯区,佟沟街道,123.5458949,41.6078675,4.0,0.0,17.0,16.0,11.0,1.0,0.0,53.0,0.0,0.0,1.0,0.0,0.0,0.0,0.0,2.0,0.0,0.0,0.0,2.0,16.0,1.0,0.0,0.0,0.0,1.0,45.0,0.0,0.0,0.0,1.0,11.0,3.0,5.0,12.0,8.0,2.0,0.0,3.0,7.0,4.0,0.0,0.0,0.0,0.0,0.0,0.0,0.0,0.0,0.0,0.0,0.0,0.0,0.0,0.0,0.0,7.0,1.0,0.0,0.0,0.0,1.0,0.0,0.0,0.0,0.0,0.0,0.0,1.0,3.0,8.0,4.0,2294411373.0,-1.0,沈阳市苏家屯区,沈阳市苏家屯区佟沟街道,8.0,19.4,0.0,8.5,35.9,41.63333333333333,45.9878453038674,39.60348923533779
辽宁省,沈阳市,苏家屯区,八一红菱街道,123.2942575,41.6100439,12.0,11.0,7.0,36.0,14.0,0.0,0.0,0.0,0.0,0.0,0.0,0.0,0.0,0.0,1.0,1.0,0.0,0.0,0.0,0.0,0.0,0.0,5.0,0.0,0.0,3.0,53.0,0.0,0.0,0.0,0.0,0.0,0.0,6.0,11.0,3.0,1.0,0.0,2.0,1.0,0.0,0.0,0.0,0.0,0.0,0.0,0.0,0.0,0.0,0.0,1.0,1.0,0.0,0.0,0.0,0.0,0.0,0.0,1.0,0.0,0.0,2.0,12.0,0.0,0.0,0.0,0.0,0.0,0.0,2.0,3.0,2.0,2294411376.0,-1.0,沈阳市苏家屯区,沈阳市苏家屯区八一红菱街道,10.0,16.8,5.0,8.0,39.8,41.63333333333333,45.9878453038674,39.60348923533779
辽宁省,沈阳市,苏家屯区,沈水街道,123.2816811,41.6680819,0.0,14.0,6.0,36.0,31.0,14.0,0.0,2.0,0.0,0.0,0.0,0.0,0.0,0.0,1.0,1.0,0.0,0.0,0.0,0.0,20.0,0.0,15.0,0.0,0.0,1.0,112.0,0.0,0.0,1.0,2.0,7.0,0.0,10.0,13.0,6.0,0.0,0.0,0.0,12.0,2.0,0.0,0.0,0.0,0.0,0.0,0.0,0.0,0.0,0.0,0.0,0.0,0.0,0.0,0.0,0.0,8.0,0.0,0.0,0.0,0.0,1.0,35.0,0.0,0.0,0.0,0.0,0.0,0.0,1.0,2.0,2.0,6477468215.0,-1.0,沈阳市苏家屯区,沈阳市苏家屯区沈水街道,8.0,20.8,0.0,17.8,46.6,41.63333333333333,45.9878453038674,39.60348923533779
辽宁省,沈阳市,苏家屯区,白清姚千街道,123.682746,41.5767775,0.0,3.0,15.0,5.0,8.0,2.0,0.0,1.0,0.0,1.0,1.0,0.0,0.0,0.0,0.0,2.0,0.0,0.0,0.0,0.0,2.0,0.0,0.0,0.0,0.0,1.0,1.0,0.0,0.0,2.0,2.0,0.0,1.0,7.0,8.0,5.0,0.0,3.0,3.0,5.0,3.0,0.0,0.0,0.0,0.0,0.0,1.0,0.0,0.0,0.0,0.0,0.0,0.0,0.0,0.0,0.0,1.0,0.0,0.0,0.0,0.0,1.0,1.0,0.0,0.0,0.0,0.0,0.0,0.0,1.0,5.0,4.0,4353512443.0,-1.0,沈阳市苏家屯区,沈阳市苏家屯区白清姚千街道,8.0,20.5,0.0,2.9,31.4,41.63333333333333,45.9878453038674,39.60348923533779
辽宁省,沈阳市,浑南区,东湖街道,123.5781506,41.7400869,0.0,15.0,0.0,38.0,5.0,7.0,0.0,0.0,2.0,0.0,0.0,0.0,0.0,0.0,0.0,0.0,0.0,0.0,0.0,0.0,5.0,2.0,29.0,0.0,0.0,2.0,51.0,0.0,0.0,1.0,0.0,0.0,0.0,3.0,8.0,5.0,0.0,0.0,0.0,8.0,0.0,0.0,0.0,0.0,0.0,0.0,0.0,0.0,0.0,0.0,0.0,0.0,0.0,0.0,0.0,0.0,1.0,0.0,2.0,0.0,0.0,1.0,0.0,0.0,0.0,0.0,0.0,0.0,0.0,1.0,1.0,3.0,3232412648.0,-1.0,沈阳市浑南区,沈阳市浑南区东湖街道,9.0,17.0,0.0,7.7,33.7,45.89166666666667,45.9878453038674,39.60348923533779
辽宁省,沈阳市,浑南区,五三街道,123.4695985,41.7346183,83.0,33.0,62.0,90.0,99.0,111.0,18.0,219.0,92.0,22.0,7.0,0.0,5.0,5.0,9.0,16.0,1.0,0.0,0.0,22.0,82.0,61.0,8.0,1.0,1.0,5.0,271.0,62.0,2.0,2.0,13.0,58.0,7.0,25.0,23.0,21.0,8.0,7.0,0.0,21.0,12.0,0.0,0.0,0.0,8.0,0.0,2.0,0.0,0.0,0.0,4.0,5.0,0.0,0.0,0.0,3.0,15.0,6.0,1.0,1.0,0.0,1.0,35.0,3.0,0.0,0.0,2.0,13.0,0.0,5.0,8.0,5.0,6478166931.0,-1.0,沈阳市浑南区,沈阳市浑南区五三街道,12.0,30.0,8.0,20.0,70.0,45.89166666666667,45.9878453038674,39.60348923533779
辽宁省,沈阳市,浑南区,浑河站东街道,123.4066541,41.7149048,30.0,51.0,27.0,76.0,148.0,18.0,12.0,194.0,91.0,2.0,4.0,0.0,2.0,2.0,12.0,14.0,0.0,0.0,0.0,3.0,96.0,15.0,11.0,0.0,1.0,4.0,71.0,0.0,9.0,3.0,5.0,33.0,1.0,17.0,24.0,13.0,0.0,10.0,0.0,4.0,15.0,0.0,0.0,0.0,13.0,0.0,0.0,0.0,0.0,0.0,0.0,0.0,0.0,0.0,0.0,0.0,0.0,0.0,5.0,0.0,0.0,2.0,4.0,0.0,0.0,0.0,0.0,1.0,0.0,6.0,5.0,3.0,6478166928.0,9593992.0,沈阳市浑南区,沈阳市浑南区浑河站东街道,19.0,30.0,0.0,11.8,60.8,45.89166666666667,45.9878453038674,39.60348923533779
辽宁省,沈阳市,浑南区,高坎街道,123.6766561,41.8564461,21.0,2.0,27.0,12.0,27.0,22.0,0.0,19.0,11.0,1.0,1.0,0.0,0.0,0.0,2.0,2.0,0.0,0.0,0.0,0.0,19.0,1.0,2.0,1.0,0.0,1.0,1.0,0.0,0.0,1.0,1.0,3.0,3.0,12.0,16.0,9.0,6.0,0.0,0.0,0.0,12.0,0.0,0.0,0.0,0.0,0.0,0.0,0.0,0.0,0.0,1.0,1.0,0.0,0.0,0.0,0.0,8.0,1.0,0.0,0.0,0.0,1.0,1.0,0.0,0.0,0.0,0.0,0.0,0.0,3.0,5.0,2.0,2294652500.0,-1.0,沈阳市浑南区,沈阳市浑南区高坎街道,8.0,29.0,5.0,4.3,46.3,45.89166666666667,45.9878453038674,39.60348923533779
辽宁省,沈阳市,浑南区,满堂街道,123.6433696,41.8833967,18.0,17.0,4.0,9.0,10.0,22.0,0.0,25.0,0.0,1.0,1.0,0.0,0.0,0.0,0.0,0.0,0.0,0.0,0.0,0.0,23.0,0.0,1.0,1.0,1.0,1.0,2.0,0.0,0.0,1.0,0.0,2.0,4.0,6.0,17.0,11.0,0.0,0.0,2.0,4.0,1.0,0.0,0.0,0.0,0.0,0.0,0.0,0.0,0.0,0.0,0.0,0.0,0.0,0.0,0.0,0.0,4.0,0.0,0.0,0.0,0.0,1.0,0.0,0.0,0.0,0.0,0.0,0.0,0.0,4.0,6.0,4.0,3436335990.0,-1.0,沈阳市浑南区,沈阳市浑南区满堂街道,8.0,20.3,0.0,4.3,32.6,45.89166666666667,45.9878453038674,39.60348923533779
辽宁省,沈阳市,浑南区,深井子街道,123.6532694,41.7788653,19.0,4.0,24.0,38.0,19.0,10.0,0.0,0.0,4.0,0.0,0.0,0.0,1.0,1.0,0.0,1.0,0.0,0.0,0.0,0.0,4.0,8.0,8.0,0.0,0.0,1.0,42.0,0.0,0.0,2.0,1.0,10.0,0.0,6.0,13.0,7.0,6.0,2.0,2.0,13.0,2.0,1.0,0.0,0.0,2.0,0.0,0.0,0.0,0.0,0.0,0.0,0.0,0.0,0.0,0.0,0.0,1.0,0.0,2.0,0.0,0.0,1.0,1.0,0.0,0.0,1.0,0.0,0.0,0.0,6.0,7.0,3.0,2294652496.0,-1.0,沈阳市浑南区,沈阳市浑南区深井子街道,8.0,20.4,0.0,8.100000000000001,36.5,45.89166666666667,45.9878453038674,39.60348923533779
辽宁省,沈阳市,浑南区,祝家街道,123.6826066,41.6792158,0.0,3.0,0.0,18.0,29.0,0.0,0.0,13.0,0.0,1.0,1.0,0.0,0.0,0.0,0.0,0.0,0.0,0.0,0.0,0.0,0.0,0.0,0.0,0.0,0.0,1.0,59.0,0.0,0.0,0.0,0.0,4.0,1.0,1.0,8.0,7.0,0.0,3.0,0.0,4.0,7.0,0.0,0.0,0.0,0.0,0.0,1.0,0.0,0.0,0.0,0.0,0.0,0.0,0.0,0.0,0.0,0.0,0.0,0.0,0.0,0.0,1.0,17.0,0.0,0.0,0.0,0.0,4.0,0.0,1.0,4.0,3.0,3232380937.0,-1.0,沈阳市浑南区,沈阳市浑南区祝家街道,8.0,25.9,0.0,11.100000000000001,45.0,45.89166666666667,45.9878453038674,39.60348923533779
辽宁省,沈阳市,浑南区,白塔街道,123.421334,41.6696405,0.0,44.0,62.0,136.0,111.0,66.0,0.0,259.0,132.0,21.0,2.0,3.0,1.0,1.0,12.0,19.0,0.0,0.0,0.0,1.0,72.0,37.0,9.0,0.0,1.0,1.0,166.0,3.0,12.0,2.0,8.0,88.0,3.0,19.0,18.0,18.0,0.0,6.0,12.0,23.0,4.0,0.0,0.0,0.0,24.0,0.0,0.0,0.0,0.0,0.0,4.0,5.0,0.0,0.0,0.0,0.0,6.0,6.0,0.0,0.0,0.0,1.0,3.0,0.0,0.0,0.0,1.0,5.0,0.0,4.0,10.0,4.0,6478166927.0,-1.0,沈阳市浑南区,沈阳市浑南区白塔街道,8.0,30.0,10.0,20.0,68.0,45.89166666666667,45.9878453038674,39.60348923533779
辽宁省,沈阳市,浑南区,桃仙街道,123.491859,41.6551345,41.0,8.0,11.0,73.0,84.0,133.0,0.0,94.0,28.0,23.0,2.0,0.0,0.0,0.0,3.0,5.0,0.0,0.0,0.0,0.0,25.0,18.0,20.0,1.0,5.0,1.0,156.0,0.0,0.0,0.0,0.0,8.0,0.0,10.0,20.0,12.0,6.0,0.0,2.0,14.0,11.0,2.0,0.0,0.0,0.0,0.0,0.0,0.0,0.0,0.0,0.0,0.0,0.0,0.0,0.0,0.0,0.0,4.0,6.0,0.0,0.0,1.0,0.0,0.0,0.0,0.0,0.0,0.0,0.0,2.0,8.0,5.0,2296606030.0,-1.0,沈阳市浑南区,沈阳市浑南区桃仙街道,8.0,30.0,0.0,19.6,57.6,45.89166666666667,45.9878453038674,39.60348923533779
辽宁省,沈阳市,浑南区,李相街道,123.5959752,41.6430958,0.0,0.0,3.0,11.0,11.0,2.0,0.0,27.0,0.0,0.0,1.0,0.0,0.0,0.0,0.0,0.0,0.0,0.0,0.0,0.0,7.0,0.0,1.0,0.0,0.0,1.0,1.0,0.0,0.0,0.0,0.0,3.0,0.0,3.0,7.0,9.0,0.0,0.0,0.0,3.0,4.0,0.0,0.0,0.0,0.0,0.0,0.0,0.0,0.0,0.0,0.0,0.0,0.0,0.0,0.0,0.0,0.0,0.0,0.0,0.0,0.0,1.0,0.0,0.0,0.0,0.0,0.0,0.0,0.0,1.0,3.0,1.0,6478166930.0,-1.0,沈阳市浑南区,沈阳市浑南区李相街道,8.0,18.9,0.0,4.1,31.0,45.89166666666667,45.9878453038674,39.60348923533779
辽宁省,沈阳市,浑南区,汪家街道,123.6182913,41.8048991,2.0,34.0,45.0,100.0,23.0,5.0,0.0,23.0,90.0,2.0,0.0,1.0,4.0,4.0,3.0,3.0,0.0,0.0,0.0,0.0,28.0,22.0,18.0,0.0,0.0,2.0,9.0,0.0,0.0,0.0,0.0,8.0,2.0,4.0,16.0,8.0,0.0,10.0,11.0,28.0,13.0,0.0,0.0,0.0,35.0,0.0,0.0,0.0,3.0,3.0,2.0,2.0,0.0,0.0,0.0,0.0,9.0,5.0,5.0,0.0,0.0,1.0,3.0,0.0,0.0,0.0,0.0,1.0,0.0,2.0,7.0,5.0,2294652505.0,-1.0,沈阳市浑南区,沈阳市浑南区汪家街道,9.0,26.5,15.0,5.2,55.7,45.89166666666667,45.9878453038674,39.60348923533779
辽宁省,沈阳市,浑南区,王滨街道,123.7545756,41.7161618,0.0,0.0,0.0,5.0,0.0,0.0,0.0,0.0,0.0,0.0,0.0,0.0,0.0,0.0,0.0,0.0,0.0,0.0,0.0,0.0,0.0,0.0,0.0,0.0,0.0,1.0,0.0,0.0,0.0,0.0,0.0,0.0,0.0,1.0,1.0,0.0,0.0,0.0,0.0,2.0,0.0,0.0,0.0,0.0,0.0,0.0,0.0,0.0,0.0,0.0,0.0,0.0,0.0,0.0,0.0,0.0,0.0,0.0,0.0,0.0,0.0,1.0,0.0,0.0,0.0,0.0,0.0,0.0,0.0,1.0,1.0,0.0,3232374360.0,-1.0,沈阳市浑南区,沈阳市浑南区王滨街道,8.0,5.5,0.0,0.0,13.5,45.89166666666667,45.9878453038674,39.60348923533779
辽宁省,沈阳市,沈北新区,新城子街道,123.5140717,42.0519017,5.0,11.0,8.0,12.0,29.0,3.0,0.0,0.0,1.0,0.0,0.0,0.0,0.0,0.0,2.0,2.0,0.0,0.0,0.0,0.0,17.0,0.0,18.0,0.0,0.0,4.0,9.0,0.0,0.0,2.0,0.0,11.0,0.0,4.0,9.0,8.0,1.0,0.0,1.0,2.0,7.0,0.0,0.0,0.0,1.0,0.0,0.0,0.0,0.0,0.0,0.0,0.0,0.0,0.0,0.0,0.0,5.0,0.0,0.0,0.0,0.0,2.0,0.0,0.0,0.0,0.0,0.0,5.0,0.0,2.0,5.0,3.0,6478699502.0,9594383.0,沈阳市沈北新区,沈阳市沈北新区新城子街道,19.0,23.9,0.0,5.1,48.0,43.15,45.9878453038674,39.60348923533779
辽宁省,沈阳市,沈北新区,清水台街道,123.5973857,42.0011096,6.0,2.0,0.0,9.0,26.0,1.0,0.0,0.0,0.0,0.0,1.0,0.0,0.0,0.0,1.0,1.0,0.0,0.0,0.0,0.0,11.0,0.0,5.0,1.0,0.0,2.0,34.0,0.0,0.0,0.0,0.0,1.0,0.0,5.0,11.0,6.0,2.0,0.0,0.0,6.0,1.0,0.0,0.0,0.0,0.0,0.0,0.0,0.0,0.0,0.0,1.0,1.0,0.0,0.0,0.0,0.0,3.0,0.0,0.0,0.0,0.0,1.0,1.0,0.0,0.0,0.0,0.0,0.0,0.0,4.0,4.0,2.0,6478699498.0,9594382.0,沈阳市沈北新区,沈阳市沈北新区清水台街道,17.0,21.5,5.0,6.5,50.0,43.15,45.9878453038674,39.60348923533779
辽宁省,沈阳市,沈北新区,辉山街道,123.5879956,41.9423342,24.0,26.0,22.0,34.0,33.0,26.0,0.0,3.0,3.0,0.0,2.0,0.0,1.0,1.0,7.0,8.0,0.0,0.0,0.0,0.0,37.0,6.0,93.0,3.0,0.0,2.0,144.0,0.0,0.0,1.0,0.0,14.0,0.0,8.0,16.0,8.0,6.0,0.0,6.0,6.0,4.0,1.0,0.0,0.0,0.0,0.0,1.0,0.0,0.0,0.0,0.0,0.0,0.0,0.0,0.0,0.0,7.0,0.0,14.0,1.0,0.0,1.0,11.0,0.0,0.0,0.0,0.0,0.0,0.0,4.0,6.0,5.0,2293205087.0,-1.0,沈阳市沈北新区,沈阳市沈北新区辉山街道,9.0,25.8,0.0,19.6,54.4,43.15,45.9878453038674,39.60348923533779
辽宁省,沈阳市,沈北新区,道义街道,123.383717,41.93603,14.0,8.0,26.0,92.0,147.0,10.0,0.0,110.0,20.0,2.0,0.0,0.0,1.0,1.0,7.0,14.0,0.0,1.0,0.0,8.0,94.0,9.0,7.0,0.0,0.0,1.0,106.0,19.0,2.0,1.0,4.0,27.0,4.0,7.0,12.0,13.0,8.0,2.0,4.0,12.0,10.0,2.0,0.0,0.0,5.0,0.0,0.0,0.0,0.0,0.0,0.0,1.0,0.0,0.0,0.0,1.0,16.0,2.0,0.0,0.0,0.0,1.0,10.0,5.0,0.0,1.0,1.0,2.0,0.0,5.0,8.0,5.0,2291090673.0,-1.0,沈阳市沈北新区,沈阳市沈北新区道义街道,8.0,28.0,1.0,15.8,52.8,43.15,45.9878453038674,39.60348923533779
辽宁省,沈阳市,沈北新区,虎石台街道,123.5157298,41.9483061,2.0,16.0,24.0,43.0,23.0,2.0,0.0,9.0,4.0,0.0,2.0,0.0,0.0,0.0,15.0,18.0,0.0,0.0,0.0,0.0,47.0,17.0,106.0,1.0,1.0,1.0,10.0,0.0,0.0,0.0,2.0,6.0,1.0,6.0,10.0,8.0,2.0,0.0,6.0,8.0,1.0,0.0,0.0,0.0,0.0,0.0,0.0,0.0,0.0,0.0,6.0,6.0,0.0,0.0,0.0,0.0,28.0,6.0,14.0,1.0,0.0,1.0,3.0,0.0,0.0,0.0,0.0,1.0,0.0,4.0,5.0,5.0,2294716502.0,-1.0,沈阳市沈北新区,沈阳市沈北新区虎石台街道,8.0,22.9,5.0,5.3,41.199999999999996,43.15,45.9878453038674,39.60348923533779
辽宁省,沈阳市,沈北新区,财落街道,123.4152745,42.012206,0.0,0.0,1.0,8.0,20.0,1.0,0.0,0.0,0.0,0.0,0.0,0.0,0.0,0.0,0.0,0.0,0.0,0.0,0.0,0.0,0.0,0.0,1.0,0.0,0.0,1.0,0.0,0.0,0.0,1.0,0.0,0.0,0.0,1.0,5.0,1.0,0.0,0.0,1.0,2.0,14.0,0.0,0.0,0.0,0.0,0.0,0.0,0.0,0.0,0.0,0.0,0.0,0.0,0.0,0.0,0.0,0.0,0.0,0.0,0.0,0.0,1.0,0.0,0.0,0.0,0.0,0.0,0.0,0.0,1.0,4.0,0.0,6478699496.0,-1.0,沈阳市沈北新区,沈阳市沈北新区财落街道,8.0,20.7,0.0,0.6,29.3,43.15,45.9878453038674,39.60348923533779
辽宁省,沈阳市,沈北新区,马刚街道,123.6367427,42.0237122,6.0,6.0,0.0,4.0,47.0,2.0,0.0,0.0,0.0,0.0,2.0,0.0,0.0,0.0,0.0,0.0,0.0,0.0,0.0,0.0,6.0,0.0,3.0,2.0,0.0,2.0,102.0,0.0,0.0,0.0,1.0,2.0,1.0,6.0,11.0,7.0,0.0,1.0,0.0,0.0,6.0,0.0,0.0,0.0,0.0,0.0,0.0,0.0,0.0,0.0,0.0,0.0,0.0,0.0,0.0,0.0,0.0,0.0,0.0,0.0,0.0,1.0,31.0,0.0,0.0,0.0,0.0,0.0,0.0,1.0,3.0,2.0,2283236445.0,-1.0,沈阳市沈北新区,沈阳市沈北新区马刚街道,9.0,26.0,0.0,16.8,51.8,43.15,45.9878453038674,39.60348923533779
辽宁省,沈阳市,沈北新区,黄家街道,123.5037984,42.108141,2.0,2.0,0.0,8.0,4.0,0.0,0.0,0.0,0.0,0.0,0.0,0.0,0.0,0.0,0.0,0.0,0.0,0.0,0.0,0.0,0.0,0.0,0.0,0.0,0.0,2.0,0.0,0.0,0.0,0.0,0.0,0.0,0.0,2.0,7.0,2.0,2.0,0.0,0.0,5.0,0.0,0.0,0.0,0.0,0.0,0.0,0.0,0.0,0.0,0.0,0.0,0.0,0.0,0.0,0.0,0.0,0.0,0.0,0.0,0.0,0.0,1.0,0.0,0.0,0.0,0.0,0.0,0.0,0.0,2.0,3.0,0.0,2288621866.0,-1.0,沈阳市沈北新区,沈阳市沈北新区黄家街道,9.0,14.3,0.0,1.0,24.3,43.15,45.9878453038674,39.60348923533779
辽宁省,沈阳市,沈北新区,兴隆台街道,123.353393,42.0625115,3.0,0.0,2.0,11.0,1.0,0.0,0.0,0.0,0.0,0.0,0.0,0.0,0.0,0.0,0.0,0.0,0.0,0.0,0.0,0.0,0.0,0.0,0.0,0.0,0.0,3.0,0.0,0.0,0.0,0.0,0.0,0.0,0.0,1.0,5.0,0.0,0.0,0.0,2.0,6.0,0.0,0.0,0.0,0.0,0.0,0.0,0.0,0.0,0.0,0.0,0.0,0.0,0.0,0.0,0.0,0.0,0.0,0.0,0.0,0.0,0.0,1.0,0.0,0.0,0.0,0.0,0.0,0.0,0.0,1.0,3.0,0.0,2291095165.0,-1.0,沈阳市沈北新区,沈阳市沈北新区兴隆台街道,10.0,12.7,0.0,0.0,22.7,43.15,45.9878453038674,39.60348923533779
辽宁省,沈阳市,沈北新区,正良街道,123.409272,41.923806,16.0,10.0,28.0,72.0,234.0,8.0,3.0,155.0,22.0,1.0,0.0,0.0,2.0,2.0,11.0,20.0,0.0,2.0,0.0,21.0,140.0,27.0,12.0,2.0,2.0,2.0,225.0,19.0,33.0,1.0,5.0,45.0,7.0,13.0,17.0,16.0,0.0,2.0,8.0,14.0,89.0,0.0,0.0,58.0,0.0,0.0,0.0,0.0,0.0,0.0,1.0,6.0,0.0,0.0,0.0,2.0,14.0,5.0,1.0,0.0,0.0,0.0,56.0,9.0,2.0,0.0,3.0,18.0,0.0,2.0,10.0,10.0,-1.0,-1.0,沈阳市沈北新区,沈阳市沈北新区正良街道,2.0,28.0,7.0,20.0,57.0,43.15,45.9878453038674,39.60348923533779
辽宁省,沈阳市,于洪区,迎宾路街道,123.291675,41.7881036,64.0,10.0,20.0,34.0,75.0,23.0,0.0,7.0,15.0,0.0,13.0,1.0,1.0,1.0,7.0,8.0,1.0,0.0,0.0,6.0,63.0,4.0,21.0,12.0,0.0,5.0,31.0,0.0,0.0,1.0,1.0,10.0,0.0,19.0,17.0,10.0,6.0,0.0,5.0,2.0,14.0,5.0,0.0,0.0,4.0,0.0,1.0,1.0,0.0,0.0,1.0,2.0,0.0,0.0,0.0,1.0,13.0,0.0,1.0,2.0,0.0,1.0,13.0,0.0,0.0,0.0,0.0,4.0,0.0,6.0,7.0,5.0,6478859103.0,9594522.0,沈阳市于洪区,沈阳市于洪区迎宾路街道,20.0,28.0,11.0,8.5,67.5,55.489999999999995,45.9878453038674,39.60348923533779
辽宁省,沈阳市,于洪区,陵西街道,123.4055936,41.8589242,38.0,17.0,28.0,38.0,122.0,84.0,0.0,101.0,21.0,20.0,1.0,3.0,10.0,10.0,14.0,19.0,0.0,1.0,1.0,14.0,98.0,9.0,5.0,2.0,2.0,4.0,246.0,0.0,21.0,5.0,30.0,74.0,28.0,12.0,15.0,15.0,22.0,0.0,5.0,8.0,30.0,14.0,0.0,4.0,8.0,0.0,0.0,0.0,6.0,6.0,6.0,8.0,0.0,0.0,0.0,4.0,13.0,1.0,0.0,0.0,0.0,2.0,37.0,0.0,1.0,0.0,4.0,9.0,2.0,7.0,10.0,5.0,6478859100.0,9594520.0,沈阳市于洪区,沈阳市于洪区陵西街道,19.0,30.0,19.0,20.0,88.0,55.489999999999995,45.9878453038674,39.60348923533779
辽宁省,沈阳市,于洪区,北陵街道,123.3802105,41.8731828,23.0,3.0,20.0,55.0,62.0,24.0,0.0,0.0,9.0,0.0,2.0,0.0,7.0,7.0,19.0,21.0,0.0,0.0,0.0,7.0,161.0,10.0,10.0,2.0,2.0,3.0,147.0,0.0,19.0,0.0,25.0,40.0,3.0,13.0,17.0,11.0,0.0,2.0,2.0,10.0,9.0,0.0,0.0,0.0,0.0,0.0,0.0,0.0,1.0,1.0,2.0,2.0,0.0,0.0,0.0,0.0,32.0,4.0,2.0,0.0,0.0,1.0,0.0,0.0,0.0,0.0,0.0,3.0,0.0,4.0,7.0,4.0,6478859096.0,9594516.0,沈阳市于洪区,沈阳市于洪区北陵街道,18.0,28.0,10.0,18.700000000000003,74.7,55.489999999999995,45.9878453038674,39.60348923533779
辽宁省,沈阳市,于洪区,沙岭街道,123.1840966,41.8068115,18.0,0.0,4.0,29.0,68.0,3.0,0.0,0.0,0.0,0.0,2.0,0.0,0.0,0.0,1.0,1.0,0.0,0.0,0.0,0.0,12.0,3.0,23.0,2.0,0.0,1.0,20.0,0.0,0.0,0.0,0.0,0.0,0.0,4.0,9.0,7.0,4.0,0.0,0.0,0.0,21.0,0.0,0.0,0.0,0.0,0.0,0.0,0.0,0.0,0.0,0.0,0.0,0.0,0.0,0.0,0.0,2.0,0.0,0.0,0.0,0.0,1.0,0.0,0.0,0.0,0.0,0.0,0.0,0.0,2.0,3.0,3.0,6478859102.0,-1.0,沈阳市于洪区,沈阳市于洪区沙岭街道,8.0,26.0,0.0,5.5,39.5,55.489999999999995,45.9878453038674,39.60348923533779
辽宁省,沈阳市,于洪区,南阳湖街道,123.309038,41.740949,10.0,45.0,35.0,28.0,81.0,9.0,1.0,89.0,21.0,0.0,1.0,0.0,0.0,0.0,6.0,6.0,0.0,0.0,0.0,3.0,73.0,7.0,8.0,1.0,0.0,2.0,57.0,0.0,0.0,0.0,0.0,7.0,2.0,15.0,18.0,9.0,0.0,0.0,4.0,9.0,5.0,0.0,0.0,1.0,8.0,0.0,0.0,0.0,0.0,0.0,2.0,2.0,0.0,0.0,0.0,0.0,12.0,0.0,0.0,0.0,0.0,1.0,0.0,0.0,0.0,0.0,0.0,1.0,0.0,2.0,5.0,2.0,6478859101.0,9594521.0,沈阳市于洪区,沈阳市于洪区南阳湖街道,17.0,28.0,5.0,9.7,59.7,55.489999999999995,45.9878453038674,39.60348923533779
辽宁省,沈阳市,于洪区,城东湖街道,123.3358167,41.755151,47.0,46.0,28.0,96.0,86.0,15.0,1.0,62.0,19.0,1.0,2.0,0.0,1.0,1.0,14.0,15.0,0.0,0.0,0.0,7.0,104.0,12.0,11.0,3.0,0.0,4.0,80.0,0.0,8.0,1.0,7.0,22.0,4.0,22.0,18.0,10.0,0.0,0.0,2.0,12.0,6.0,5.0,0.0,5.0,6.0,0.0,1.0,0.0,0.0,0.0,0.0,0.0,0.0,0.0,0.0,1.0,25.0,3.0,4.0,1.0,0.0,1.0,5.0,0.0,0.0,1.0,0.0,0.0,1.0,3.0,9.0,6.0,6478859097.0,9594517.0,沈阳市于洪区,沈阳市于洪区城东湖街道,19.0,30.0,1.0,12.700000000000001,62.7,55.489999999999995,45.9878453038674,39.60348923533779
辽宁省,沈阳市,于洪区,平罗街道,123.3278201,41.939493,6.0,0.0,6.0,9.0,12.0,0.0,0.0,0.0,0.0,0.0,0.0,0.0,0.0,0.0,2.0,2.0,0.0,0.0,0.0,0.0,2.0,1.0,1.0,0.0,1.0,1.0,11.0,0.0,0.0,1.0,0.0,3.0,0.0,3.0,6.0,7.0,6.0,0.0,2.0,3.0,5.0,0.0,0.0,0.0,0.0,0.0,0.0,0.0,0.0,0.0,0.0,0.0,0.0,0.0,0.0,0.0,0.0,0.0,0.0,0.0,0.0,1.0,0.0,0.0,0.0,0.0,0.0,0.0,0.0,1.0,5.0,0.0,3152123523.0,-1.0,沈阳市于洪区,沈阳市于洪区平罗街道,8.0,16.9,0.0,4.7,29.599999999999998,55.489999999999995,45.9878453038674,39.60348923533779
辽宁省,沈阳市,于洪区,马三家街道,123.2365522,41.8940958,8.0,0.0,7.0,23.0,28.0,12.0,0.0,10.0,5.0,2.0,0.0,0.0,0.0,0.0,2.0,2.0,1.0,0.0,0.0,0.0,0.0,0.0,3.0,0.0,0.0,2.0,58.0,0.0,0.0,1.0,0.0,2.0,0.0,4.0,11.0,6.0,0.0,0.0,4.0,5.0,7.0,2.0,0.0,4.0,2.0,0.0,0.0,0.0,0.0,0.0,2.0,2.0,0.0,0.0,0.0,0.0,0.0,0.0,0.0,0.0,0.0,1.0,19.0,0.0,0.0,0.0,0.0,1.0,0.0,3.0,7.0,4.0,3152123505.0,-1.0,沈阳市于洪区,沈阳市于洪区马三家街道,9.0,25.700000000000003,5.0,10.8,50.5,55.489999999999995,45.9878453038674,39.60348923533779
辽宁省,沈阳市,于洪区,造化街道,123.3504229,41.8860434,4.0,7.0,26.0,63.0,30.0,3.0,0.0,0.0,4.0,2.0,0.0,0.0,2.0,2.0,8.0,8.0,0.0,0.0,0.0,0.0,88.0,9.0,15.0,0.0,1.0,2.0,11.0,0.0,0.0,7.0,0.0,14.0,0.0,12.0,18.0,12.0,0.0,0.0,5.0,1.0,3.0,0.0,0.0,0.0,0.0,0.0,0.0,0.0,0.0,0.0,0.0,0.0,0.0,0.0,0.0,0.0,11.0,1.0,0.0,0.0,0.0,1.0,0.0,0.0,0.0,0.0,0.0,0.0,0.0,1.0,3.0,2.0,6478859106.0,-1.0,沈阳市于洪区,沈阳市于洪区造化街道,9.0,24.9,0.0,5.8,39.699999999999996,55.489999999999995,45.9878453038674,39.60348923533779
辽宁省,沈阳市,于洪区,光辉街道,123.1469792,41.9669485,0.0,3.0,0.0,2.0,14.0,0.0,0.0,0.0,11.0,0.0,0.0,0.0,0.0,0.0,1.0,1.0,0.0,0.0,0.0,0.0,1.0,0.0,0.0,0.0,0.0,5.0,11.0,0.0,0.0,0.0,0.0,0.0,0.0,7.0,8.0,1.0,0.0,1.0,0.0,1.0,2.0,0.0,0.0,0.0,0.0,0.0,0.0,0.0,0.0,0.0,1.0,1.0,0.0,0.0,0.0,0.0,0.0,0.0,0.0,0.0,0.0,2.0,0.0,0.0,0.0,0.0,0.0,0.0,0.0,5.0,7.0,0.0,6478859099.0,9594519.0,沈阳市于洪区,沈阳市于洪区光辉街道,20.0,16.4,5.0,1.6,43.0,55.489999999999995,45.9878453038674,39.60348923533779
辽宁省,沈阳市,辽中区,蒲西街道,122.7294418,41.5102986,2.0,19.0,14.0,23.0,90.0,0.0,1.0,16.0,0.0,0.0,0.0,0.0,0.0,0.0,0.0,0.0,0.0,0.0,0.0,0.0,6.0,0.0,0.0,0.0,0.0,3.0,17.0,0.0,0.0,5.0,0.0,5.0,0.0,5.0,16.0,7.0,0.0,8.0,4.0,6.0,25.0,0.0,0.0,0.0,0.0,0.0,0.0,0.0,0.0,0.0,0.0,0.0,0.0,0.0,0.0,0.0,0.0,0.0,0.0,0.0,0.0,2.0,1.0,0.0,0.0,0.0,0.0,0.0,0.0,2.0,7.0,0.0,6472028512.0,-1.0,沈阳市辽中区,沈阳市辽中区蒲西街道,10.0,24.0,0.0,5.800000000000001,39.8,23.345,45.9878453038674,39.60348923533779
辽宁省,沈阳市,辽中区,蒲东街道,122.7698154,41.5058437,6.0,9.0,5.0,11.0,37.0,0.0,1.0,16.0,0.0,0.0,0.0,0.0,0.0,0.0,0.0,0.0,0.0,0.0,0.0,0.0,5.0,0.0,0.0,0.0,0.0,2.0,0.0,0.0,0.0,3.0,0.0,5.0,0.0,2.0,10.0,4.0,6.0,3.0,1.0,2.0,8.0,0.0,0.0,0.0,0.0,0.0,0.0,0.0,0.0,0.0,0.0,0.0,0.0,0.0,0.0,0.0,3.0,0.0,0.0,0.0,0.0,1.0,0.0,0.0,0.0,0.0,0.0,1.0,0.0,2.0,6.0,3.0,6472028511.0,-1.0,沈阳市辽中区,沈阳市辽中区蒲东街道,9.0,23.8,0.0,2.3,35.099999999999994,23.345,45.9878453038674,39.60348923533779
辽宁省,沈阳市,辽中区,茨榆坨街道,122.8825184,41.5061007,2.0,1.0,0.0,11.0,18.0,1.0,0.0,0.0,0.0,0.0,0.0,0.0,0.0,0.0,0.0,0.0,0.0,0.0,0.0,0.0,1.0,0.0,1.0,0.0,0.0,2.0,0.0,0.0,0.0,0.0,0.0,0.0,0.0,7.0,6.0,2.0,2.0,1.0,0.0,6.0,5.0,0.0,0.0,0.0,0.0,0.0,0.0,0.0,0.0,0.0,0.0,0.0,0.0,0.0,0.0,0.0,1.0,0.0,0.0,0.0,0.0,1.0,0.0,0.0,0.0,0.0,0.0,0.0,0.0,2.0,5.0,1.0,3233036451.0,-1.0,沈阳市辽中区,沈阳市辽中区茨榆坨街道,9.0,18.1,0.0,1.0,28.1,23.345,45.9878453038674,39.60348923533779
辽宁省,沈阳市,辽中区,城郊街道,122.7027796,41.513247,0.0,10.0,12.0,17.0,64.0,9.0,0.0,0.0,0.0,0.0,2.0,0.0,0.0,0.0,0.0,0.0,0.0,0.0,0.0,0.0,4.0,0.0,0.0,0.0,0.0,3.0,31.0,0.0,0.0,5.0,0.0,1.0,0.0,5.0,12.0,8.0,0.0,0.0,1.0,0.0,12.0,0.0,0.0,0.0,0.0,0.0,0.0,0.0,0.0,0.0,0.0,0.0,0.0,0.0,0.0,0.0,1.0,0.0,0.0,0.0,0.0,1.0,7.0,0.0,0.0,1.0,0.0,0.0,0.0,1.0,4.0,1.0,6472028509.0,-1.0,沈阳市辽中区,沈阳市辽中区城郊街道,10.0,26.0,0.0,8.4,44.4,23.345,45.9878453038674,39.60348923533779
辽宁省,沈阳市,辽中区,于家房镇,122.6032867,41.2462809,0.0,3.0,1.0,0.0,3.0,0.0,0.0,0.0,0.0,0.0,0.0,0.0,0.0,0.0,0.0,0.0,0.0,0.0,0.0,0.0,0.0,0.0,0.0,0.0,0.0,1.0,0.0,0.0,0.0,0.0,0.0,0.0,0.0,5.0,5.0,1.0,0.0,1.0,0.0,0.0,0.0,0.0,0.0,0.0,0.0,0.0,0.0,0.0,0.0,0.0,0.0,0.0,0.0,0.0,0.0,0.0,0.0,0.0,0.0,0.0,0.0,1.0,0.0,0.0,0.0,0.0,0.0,0.0,0.0,1.0,1.0,1.0,2276922826.0,-1.0,沈阳市辽中区,沈阳市辽中区于家房镇,8.0,8.1,0.0,0.5,16.6,23.345,45.9878453038674,39.60348923533779
辽宁省,沈阳市,辽中区,朱家房镇,122.6594199,41.337598,0.0,2.0,0.0,0.0,12.0,0.0,0.0,0.0,0.0,0.0,0.0,0.0,0.0,0.0,0.0,0.0,0.0,0.0,0.0,0.0,0.0,0.0,0.0,0.0,0.0,1.0,35.0,0.0,0.0,0.0,0.0,0.0,0.0,6.0,4.0,1.0,0.0,1.0,0.0,0.0,6.0,0.0,0.0,0.0,0.0,0.0,0.0,0.0,0.0,0.0,0.0,0.0,0.0,0.0,0.0,0.0,0.0,0.0,0.0,0.0,0.0,1.0,11.0,0.0,0.0,0.0,0.0,0.0,0.0,1.0,3.0,0.0,2276922805.0,-1.0,沈阳市辽中区,沈阳市辽中区朱家房镇,8.0,11.2,0.0,5.1000000000000005,24.3,23.345,45.9878453038674,39.60348923533779
辽宁省,沈阳市,辽中区,冷子堡镇,122.7923392,41.6913524,0.0,1.0,0.0,3.0,0.0,0.0,0.0,0.0,0.0,0.0,0.0,0.0,0.0,0.0,0.0,0.0,0.0,0.0,0.0,0.0,1.0,0.0,0.0,0.0,0.0,1.0,0.0,0.0,0.0,0.0,0.0,0.0,0.0,1.0,2.0,2.0,0.0,1.0,0.0,1.0,0.0,0.0,0.0,0.0,0.0,0.0,0.0,0.0,0.0,0.0,0.0,0.0,0.0,0.0,0.0,0.0,1.0,0.0,0.0,0.0,0.0,1.0,0.0,0.0,0.0,0.0,0.0,0.0,0.0,1.0,2.0,1.0,2291127600.0,-1.0,沈阳市辽中区,沈阳市辽中区冷子堡镇,8.0,9.0,0.0,1.0,18.0,23.345,45.9878453038674,39.60348923533779
辽宁省,沈阳市,辽中区,刘二堡镇,122.8767944,41.660055,0.0,0.0,0.0,6.0,22.0,0.0,0.0,0.0,0.0,0.0,0.0,0.0,0.0,0.0,0.0,0.0,0.0,0.0,0.0,0.0,1.0,0.0,0.0,0.0,0.0,1.0,0.0,0.0,0.0,0.0,0.0,0.0,0.0,1.0,3.0,2.0,0.0,0.0,0.0,2.0,22.0,0.0,0.0,0.0,0.0,0.0,0.0,0.0,0.0,0.0,0.0,0.0,0.0,0.0,0.0,0.0,0.0,0.0,0.0,0.0,0.0,1.0,0.0,0.0,0.0,0.0,0.0,0.0,0.0,1.0,3.0,0.0,3239165851.0,-1.0,沈阳市辽中区,沈阳市辽中区刘二堡镇,8.0,17.5,0.0,1.0,26.5,23.345,45.9878453038674,39.60348923533779
辽宁省,沈阳市,辽中区,新民屯镇,123.05749,41.627338,2.0,0.0,1.0,8.0,25.0,1.0,0.0,0.0,0.0,0.0,3.0,0.0,0.0,0.0,0.0,0.0,0.0,0.0,0.0,0.0,11.0,1.0,6.0,1.0,0.0,0.0,2.0,0.0,0.0,0.0,0.0,0.0,0.0,3.0,6.0,6.0,2.0,0.0,0.0,4.0,7.0,1.0,0.0,0.0,0.0,0.0,3.0,0.0,0.0,0.0,0.0,0.0,0.0,0.0,0.0,0.0,2.0,0.0,4.0,1.0,0.0,0.0,2.0,0.0,0.0,0.0,0.0,0.0,0.0,1.0,4.0,4.0,-1.0,-1.0,沈阳市辽中区,沈阳市辽中区新民屯镇,0.0,22.1,0.0,3.4,25.5,23.345,45.9878453038674,39.60348923533779
辽宁省,沈阳市,辽中区,满都户镇,122.6308099,41.5987296,0.0,2.0,0.0,3.0,0.0,0.0,0.0,0.0,0.0,0.0,0.0,0.0,0.0,0.0,0.0,0.0,0.0,0.0,0.0,0.0,0.0,0.0,0.0,0.0,0.0,1.0,2.0,0.0,0.0,0.0,0.0,0.0,0.0,2.0,5.0,0.0,0.0,2.0,0.0,1.0,0.0,0.0,0.0,0.0,0.0,0.0,0.0,0.0,0.0,0.0,0.0,0.0,0.0,0.0,0.0,0.0,0.0,0.0,0.0,0.0,0.0,1.0,0.0,0.0,0.0,0.0,0.0,0.0,0.0,1.0,2.0,0.0,2276407603.0,-1.0,沈阳市辽中区,沈阳市辽中区满都户镇,8.0,10.5,0.0,0.2,18.7,23.345,45.9878453038674,39.60348923533779
辽宁省,沈阳市,辽中区,杨士岗镇,122.9861427,41.6932628,0.0,0.0,0.0,6.0,8.0,2.0,0.0,0.0,0.0,0.0,0.0,0.0,0.0,0.0,0.0,0.0,0.0,0.0,0.0,0.0,0.0,0.0,0.0,0.0,0.0,1.0,0.0,0.0,0.0,0.0,0.0,0.0,0.0,6.0,4.0,0.0,0.0,0.0,0.0,2.0,1.0,0.0,0.0,0.0,0.0,0.0,0.0,0.0,0.0,0.0,0.0,0.0,0.0,0.0,0.0,0.0,0.0,0.0,0.0,0.0,0.0,1.0,0.0,0.0,0.0,0.0,0.0,0.0,0.0,1.0,2.0,0.0,3239176511.0,-1.0,沈阳市辽中区,沈阳市辽中区杨士岗镇,8.0,8.9,0.0,0.0,16.9,23.345,45.9878453038674,39.60348923533779
辽宁省,沈阳市,辽中区,肖寨门镇,122.8592815,41.4675435,2.0,0.0,0.0,3.0,1.0,0.0,0.0,0.0,0.0,0.0,0.0,0.0,0.0,0.0,0.0,0.0,0.0,0.0,0.0,0.0,0.0,0.0,0.0,0.0,0.0,1.0,0.0,0.0,0.0,0.0,0.0,0.0,0.0,2.0,3.0,0.0,0.0,0.0,0.0,1.0,1.0,0.0,0.0,0.0,0.0,0.0,0.0,0.0,0.0,0.0,0.0,0.0,0.0,0.0,0.0,0.0,0.0,0.0,0.0,0.0,0.0,1.0,0.0,0.0,0.0,0.0,0.0,0.0,0.0,1.0,2.0,0.0,3233051308.0,-1.0,沈阳市辽中区,沈阳市辽中区肖寨门镇,8.0,10.0,0.0,0.0,18.0,23.345,45.9878453038674,39.60348923533779
辽宁省,沈阳市,辽中区,长滩镇,123.0366077,41.5546968,0.0,0.0,0.0,1.0,4.0,0.0,0.0,0.0,0.0,0.0,0.0,0.0,0.0,0.0,0.0,0.0,0.0,0.0,0.0,0.0,5.0,0.0,0.0,0.0,0.0,1.0,0.0,0.0,0.0,0.0,0.0,0.0,0.0,6.0,3.0,4.0,0.0,0.0,0.0,1.0,1.0,0.0,0.0,0.0,0.0,0.0,0.0,0.0,0.0,0.0,0.0,0.0,0.0,0.0,0.0,0.0,2.0,0.0,0.0,0.0,0.0,1.0,0.0,0.0,0.0,0.0,0.0,0.0,0.0,5.0,3.0,2.0,3232969543.0,-1.0,沈阳市辽中区,沈阳市辽中区长滩镇,8.0,3.6,0.0,2.0,13.6,23.345,45.9878453038674,39.60348923533779
辽宁省,沈阳市,辽中区,四方台镇,122.9469696,41.5713455,2.0,2.0,0.0,3.0,0.0,0.0,0.0,0.0,0.0,0.0,0.0,0.0,0.0,0.0,0.0,0.0,0.0,0.0,0.0,0.0,0.0,0.0,0.0,0.0,0.0,1.0,0.0,0.0,0.0,0.0,0.0,0.0,0.0,3.0,6.0,2.0,2.0,0.0,0.0,2.0,0.0,0.0,0.0,0.0,0.0,0.0,0.0,0.0,0.0,0.0,0.0,0.0,0.0,0.0,0.0,0.0,0.0,0.0,0.0,0.0,0.0,1.0,0.0,0.0,0.0,0.0,0.0,0.0,0.0,2.0,2.0,0.0,3239146626.0,-1.0,沈阳市辽中区,沈阳市辽中区四方台镇,8.0,11.0,0.0,1.0,20.0,23.345,45.9878453038674,39.60348923533779
辽宁省,沈阳市,辽中区,六间房镇,122.6954688,41.4578687,9.0,2.0,0.0,4.0,10.0,0.0,0.0,0.0,0.0,0.0,1.0,0.0,0.0,0.0,0.0,0.0,0.0,0.0,0.0,0.0,0.0,0.0,0.0,0.0,0.0,1.0,7.0,0.0,0.0,1.0,0.0,0.0,0.0,3.0,8.0,2.0,3.0,1.0,0.0,0.0,2.0,0.0,0.0,0.0,0.0,0.0,1.0,0.0,0.0,0.0,0.0,0.0,0.0,0.0,0.0,0.0,0.0,0.0,0.0,0.0,0.0,1.0,0.0,0.0,0.0,0.0,0.0,0.0,0.0,2.0,3.0,0.0,2276931999.0,-1.0,沈阳市辽中区,沈阳市辽中区六间房镇,8.0,17.6,0.0,1.8,27.400000000000002,23.345,45.9878453038674,39.60348923533779
辽宁省,沈阳市,辽中区,养士堡镇,122.7612666,41.6246929,0.0,1.0,0.0,2.0,3.0,4.0,0.0,0.0,0.0,0.0,0.0,0.0,0.0,0.0,0.0,0.0,0.0,0.0,0.0,0.0,0.0,0.0,0.0,0.0,0.0,1.0,0.0,0.0,0.0,0.0,0.0,0.0,0.0,1.0,4.0,1.0,0.0,1.0,0.0,0.0,1.0,0.0,0.0,0.0,0.0,0.0,0.0,0.0,0.0,0.0,0.0,0.0,0.0,0.0,0.0,0.0,0.0,0.0,0.0,0.0,0.0,1.0,0.0,0.0,0.0,0.0,0.0,0.0,0.0,1.0,2.0,1.0,2276932016.0,-1.0,沈阳市辽中区,沈阳市辽中区养士堡镇,8.0,9.9,0.0,0.5,18.4,23.345,45.9878453038674,39.60348923533779
辽宁省,沈阳市,辽中区,潘家堡镇,122.8398872,41.6086069,0.0,0.0,0.0,2.0,0.0,0.0,0.0,0.0,0.0,0.0,0.0,0.0,0.0,0.0,0.0,0.0,0.0,0.0,0.0,0.0,0.0,0.0,0.0,0.0,0.0,1.0,0.0,0.0,0.0,2.0,0.0,0.0,0.0,3.0,4.0,1.0,0.0,0.0,0.0,1.0,0.0,0.0,0.0,0.0,0.0,0.0,0.0,0.0,0.0,0.0,0.0,0.0,0.0,0.0,0.0,0.0,0.0,0.0,0.0,0.0,0.0,1.0,0.0,0.0,0.0,0.0,0.0,0.0,0.0,1.0,1.0,0.0,3239198226.0,-1.0,沈阳市辽中区,沈阳市辽中区潘家堡镇,8.0,4.0,0.0,0.7,12.7,23.345,45.9878453038674,39.60348923533779
辽宁省,沈阳市,辽中区,老大房镇,122.6499608,41.6663053,0.0,1.0,0.0,0.0,12.0,0.0,0.0,0.0,0.0,0.0,0.0,0.0,0.0,0.0,0.0,0.0,0.0,0.0,0.0,0.0,0.0,0.0,0.0,0.0,0.0,1.0,4.0,0.0,0.0,0.0,0.0,0.0,0.0,3.0,4.0,2.0,0.0,1.0,0.0,0.0,3.0,0.0,0.0,0.0,0.0,0.0,0.0,0.0,0.0,0.0,0.0,0.0,0.0,0.0,0.0,0.0,0.0,0.0,0.0,0.0,0.0,1.0,4.0,0.0,0.0,0.0,0.0,0.0,0.0,2.0,3.0,0.0,2276407616.0,-1.0,沈阳市辽中区,沈阳市辽中区老大房镇,8.0,10.3,0.0,1.8,20.1,23.345,45.9878453038674,39.60348923533779
辽宁省,沈阳市,辽中区,大黑岗子镇,122.6253167,41.7240257,0.0,0.0,0.0,4.0,33.0,0.0,0.0,0.0,0.0,0.0,0.0,0.0,0.0,0.0,0.0,0.0,0.0,0.0,0.0,0.0,0.0,0.0,0.0,0.0,0.0,1.0,18.0,0.0,0.0,0.0,0.0,1.0,0.0,1.0,3.0,2.0,0.0,0.0,0.0,2.0,2.0,0.0,0.0,0.0,0.0,0.0,0.0,0.0,0.0,0.0,0.0,0.0,0.0,0.0,0.0,0.0,0.0,0.0,0.0,0.0,0.0,1.0,2.0,0.0,0.0,0.0,0.0,0.0,0.0,1.0,3.0,0.0,2276407617.0,-1.0,沈阳市辽中区,沈阳市辽中区大黑岗子镇,8.0,12.7,0.0,3.0,23.7,23.345,45.9878453038674,39.60348923533779
辽宁省,沈阳市,辽中区,牛心坨镇,122.550644,41.5908985,0.0,3.0,0.0,2.0,3.0,0.0,0.0,0.0,0.0,0.0,0.0,0.0,0.0,0.0,0.0,0.0,0.0,0.0,0.0,0.0,2.0,0.0,0.0,0.0,0.0,2.0,0.0,0.0,0.0,0.0,0.0,0.0,0.0,1.0,3.0,2.0,0.0,3.0,0.0,1.0,0.0,0.0,0.0,0.0,0.0,0.0,0.0,0.0,0.0,0.0,0.0,0.0,0.0,0.0,0.0,0.0,0.0,0.0,0.0,0.0,0.0,1.0,0.0,0.0,0.0,0.0,0.0,0.0,0.0,1.0,2.0,1.0,2276407615.0,-1.0,沈阳市辽中区,沈阳市辽中区牛心坨镇,9.0,9.1,0.0,1.0,19.1,23.345,45.9878453038674,39.60348923533779
辽宁省,沈阳市,康平县,北三家子街道,123.4610369,42.9632514,3.0,0.0,0.0,3.0,14.0,0.0,0.0,0.0,0.0,0.0,0.0,0.0,0.0,0.0,0.0,0.0,0.0,0.0,0.0,0.0,1.0,0.0,1.0,0.0,0.0,1.0,1.0,0.0,0.0,0.0,0.0,0.0,0.0,2.0,7.0,5.0,1.0,0.0,0.0,0.0,3.0,0.0,0.0,0.0,0.0,0.0,0.0,0.0,0.0,0.0,0.0,0.0,0.0,0.0,0.0,0.0,0.0,0.0,1.0,0.0,0.0,1.0,0.0,0.0,0.0,0.0,0.0,0.0,0.0,1.0,3.0,3.0,6468470821.0,-1.0,沈阳市康平县,沈阳市康平县北三家子街道,8.0,15.2,0.0,2.6,25.8,25.313333333333333,45.9878453038674,39.60348923533779
辽宁省,沈阳市,康平县,胜利街道,123.3461633,42.7483256,1.0,4.0,13.0,24.0,24.0,5.0,0.0,2.0,0.0,1.0,4.0,0.0,0.0,0.0,0.0,0.0,0.0,0.0,0.0,0.0,2.0,0.0,0.0,0.0,0.0,2.0,10.0,0.0,0.0,0.0,0.0,5.0,0.0,2.0,9.0,3.0,1.0,1.0,1.0,7.0,1.0,0.0,0.0,0.0,0.0,0.0,1.0,0.0,0.0,0.0,0.0,0.0,0.0,0.0,0.0,0.0,0.0,0.0,0.0,0.0,0.0,1.0,0.0,0.0,0.0,0.0,0.0,0.0,0.0,1.0,5.0,0.0,6468470822.0,-1.0,沈阳市康平县,沈阳市康平县胜利街道,9.0,23.1,0.0,2.5,34.6,25.313333333333333,45.9878453038674,39.60348923533779
辽宁省,沈阳市,康平县,东关街道,123.34848,42.7011224,3.0,0.0,2.0,7.0,26.0,1.0,0.0,0.0,0.0,0.0,4.0,0.0,0.0,0.0,0.0,0.0,0.0,0.0,0.0,0.0,4.0,0.0,1.0,0.0,0.0,1.0,23.0,0.0,0.0,2.0,0.0,2.0,0.0,3.0,8.0,4.0,1.0,0.0,0.0,1.0,3.0,0.0,0.0,0.0,0.0,0.0,1.0,0.0,0.0,0.0,0.0,0.0,0.0,0.0,0.0,0.0,0.0,0.0,1.0,0.0,0.0,1.0,10.0,0.0,0.0,0.0,0.0,0.0,0.0,3.0,5.0,2.0,3285203727.0,-1.0,沈阳市康平县,沈阳市康平县东关街道,8.0,22.1,0.0,5.5,35.6,25.313333333333333,45.9878453038674,39.60348923533779
辽宁省,沈阳市,康平县,小城子镇,123.2046703,42.888335,0.0,0.0,0.0,1.0,2.0,0.0,0.0,0.0,0.0,0.0,0.0,0.0,0.0,0.0,0.0,0.0,0.0,0.0,0.0,0.0,0.0,0.0,0.0,0.0,0.0,1.0,0.0,0.0,0.0,0.0,0.0,1.0,0.0,7.0,2.0,1.0,0.0,0.0,0.0,1.0,0.0,0.0,0.0,0.0,0.0,0.0,0.0,0.0,0.0,0.0,0.0,0.0,0.0,0.0,0.0,0.0,0.0,0.0,0.0,0.0,0.0,1.0,0.0,0.0,0.0,0.0,0.0,1.0,0.0,1.0,1.0,1.0,6468470823.0,-1.0,沈阳市康平县,沈阳市康平县小城子镇,8.0,2.4,0.0,0.5,10.9,25.313333333333333,45.9878453038674,39.60348923533779
辽宁省,沈阳市,康平县,张强镇,122.9946684,42.6824507,0.0,1.0,1.0,1.0,6.0,0.0,0.0,0.0,0.0,0.0,1.0,0.0,0.0,0.0,0.0,0.0,0.0,0.0,0.0,0.0,0.0,0.0,0.0,0.0,0.0,1.0,25.0,0.0,0.0,0.0,0.0,0.0,0.0,1.0,5.0,1.0,0.0,1.0,0.0,1.0,3.0,0.0,0.0,0.0,0.0,0.0,1.0,0.0,0.0,0.0,0.0,0.0,0.0,0.0,0.0,0.0,0.0,0.0,0.0,0.0,0.0,1.0,14.0,0.0,0.0,0.0,0.0,0.0,0.0,1.0,3.0,0.0,2283888764.0,-1.0,沈阳市康平县,沈阳市康平县张强镇,8.0,12.6,0.0,4.4,25.0,25.313333333333333,45.9878453038674,39.60348923533779
辽宁省,沈阳市,康平县,方家屯镇,123.2252789,42.6254045,0.0,0.0,1.0,1.0,0.0,0.0,0.0,0.0,0.0,0.0,0.0,0.0,0.0,0.0,0.0,0.0,0.0,0.0,0.0,0.0,0.0,0.0,0.0,0.0,0.0,1.0,0.0,0.0,0.0,0.0,0.0,1.0,0.0,1.0,2.0,1.0,0.0,0.0,1.0,1.0,0.0,0.0,0.0,0.0,0.0,0.0,0.0,0.0,0.0,0.0,0.0,0.0,0.0,0.0,0.0,0.0,0.0,0.0,0.0,0.0,0.0,1.0,0.0,0.0,0.0,0.0,0.0,0.0,0.0,1.0,2.0,0.0,3299608908.0,-1.0,沈阳市康平县,沈阳市康平县方家屯镇,8.0,7.0,0.0,0.5,15.5,25.313333333333333,45.9878453038674,39.60348923533779
辽宁省,沈阳市,康平县,郝官屯镇,123.4884524,42.671897,0.0,3.0,3.0,11.0,12.0,0.0,0.0,0.0,0.0,0.0,1.0,0.0,0.0,0.0,1.0,1.0,0.0,0.0,0.0,0.0,1.0,0.0,2.0,0.0,0.0,2.0,7.0,0.0,0.0,1.0,0.0,0.0,0.0,3.0,6.0,4.0,0.0,3.0,0.0,4.0,2.0,0.0,0.0,0.0,0.0,0.0,1.0,0.0,0.0,0.0,1.0,1.0,0.0,0.0,0.0,0.0,1.0,0.0,1.0,0.0,0.0,1.0,5.0,0.0,0.0,0.0,0.0,0.0,0.0,1.0,4.0,3.0,2283870420.0,-1.0,沈阳市康平县,沈阳市康平县郝官屯镇,9.0,18.0,5.0,3.3,35.3,25.313333333333333,45.9878453038674,39.60348923533779
辽宁省,沈阳市,康平县,二牛所口镇,123.1540346,42.7638388,0.0,1.0,0.0,3.0,20.0,0.0,0.0,0.0,0.0,0.0,0.0,0.0,0.0,0.0,0.0,0.0,0.0,0.0,0.0,0.0,0.0,0.0,0.0,0.0,0.0,1.0,28.0,0.0,0.0,0.0,0.0,1.0,0.0,1.0,5.0,1.0,0.0,1.0,0.0,2.0,4.0,0.0,0.0,0.0,0.0,0.0,0.0,0.0,0.0,0.0,0.0,0.0,0.0,0.0,0.0,0.0,0.0,0.0,0.0,0.0,0.0,1.0,4.0,0.0,0.0,0.0,0.0,1.0,0.0,1.0,4.0,1.0,2283888739.0,-1.0,沈阳市康平县,沈阳市康平县二牛所口镇,8.0,15.7,0.0,3.7,27.4,25.313333333333333,45.9878453038674,39.60348923533779
辽宁省,沈阳市,康平县,北四家子乡,123.48727,42.8488937,1.0,0.0,1.0,3.0,5.0,0.0,0.0,0.0,0.0,0.0,2.0,0.0,0.0,0.0,0.0,0.0,0.0,0.0,0.0,0.0,3.0,0.0,0.0,0.0,0.0,1.0,1.0,0.0,0.0,0.0,0.0,0.0,0.0,1.0,5.0,1.0,1.0,0.0,1.0,1.0,1.0,0.0,0.0,0.0,0.0,0.0,0.0,0.0,0.0,0.0,0.0,0.0,0.0,0.0,0.0,0.0,1.0,0.0,0.0,0.0,0.0,1.0,0.0,0.0,0.0,0.0,0.0,0.0,0.0,1.0,5.0,1.0,2283888717.0,-1.0,沈阳市康平县,沈阳市康平县北四家子乡,8.0,13.8,0.0,0.6,22.400000000000002,25.313333333333333,45.9878453038674,39.60348923533779
辽宁省,沈阳市,康平县,两家子乡,123.4876653,42.7747559,0.0,0.0,2.0,4.0,40.0,1.0,0.0,0.0,0.0,0.0,0.0,0.0,0.0,0.0,0.0,0.0,0.0,0.0,0.0,0.0,3.0,0.0,0.0,0.0,0.0,1.0,21.0,0.0,0.0,0.0,0.0,0.0,0.0,2.0,7.0,2.0,0.0,0.0,2.0,3.0,5.0,0.0,0.0,0.0,0.0,0.0,0.0,0.0,0.0,0.0,0.0,0.0,0.0,0.0,0.0,0.0,1.0,0.0,0.0,0.0,0.0,1.0,4.0,0.0,0.0,0.0,0.0,0.0,0.0,1.0,4.0,1.0,2294722942.0,-1.0,沈阳市康平县,沈阳市康平县两家子乡,8.0,22.0,0.0,3.5,33.5,25.313333333333333,45.9878453038674,39.60348923533779
辽宁省,沈阳市,康平县,海洲窝堡乡,123.3694733,42.9385016,0.0,0.0,0.0,2.0,2.0,0.0,0.0,0.0,0.0,0.0,0.0,0.0,0.0,0.0,0.0,0.0,0.0,0.0,0.0,0.0,0.0,0.0,0.0,0.0,0.0,1.0,0.0,0.0,0.0,0.0,0.0,0.0,0.0,1.0,2.0,0.0,0.0,0.0,0.0,1.0,2.0,0.0,0.0,0.0,0.0,0.0,0.0,0.0,0.0,0.0,0.0,0.0,0.0,0.0,0.0,0.0,0.0,0.0,0.0,0.0,0.0,1.0,0.0,0.0,0.0,0.0,0.0,0.0,0.0,1.0,2.0,0.0,2288623078.0,-1.0,沈阳市康平县,沈阳市康平县海洲窝堡乡,8.0,4.0,0.0,0.0,12.0,25.313333333333333,45.9878453038674,39.60348923533779
辽宁省,沈阳市,康平县,沙金台蒙古族满族乡,122.8885603,42.6739179,0.0,1.0,0.0,3.0,23.0,0.0,0.0,0.0,0.0,0.0,3.0,0.0,0.0,0.0,0.0,0.0,0.0,0.0,0.0,0.0,0.0,0.0,0.0,0.0,0.0,1.0,59.0,0.0,0.0,0.0,0.0,1.0,0.0,1.0,5.0,2.0,0.0,1.0,0.0,3.0,7.0,0.0,0.0,0.0,0.0,0.0,2.0,0.0,0.0,0.0,0.0,0.0,0.0,0.0,0.0,0.0,0.0,0.0,0.0,0.0,0.0,1.0,10.0,0.0,0.0,0.0,0.0,1.0,0.0,1.0,4.0,2.0,2283894693.0,-1.0,沈阳市康平县,沈阳市康平县沙金台蒙古族满族乡,8.0,19.200000000000003,0.0,7.9,35.1,25.313333333333333,45.9878453038674,39.60348923533779
辽宁省,沈阳市,康平县,柳树屯蒙古族满族乡,122.9673614,42.6264608,0.0,0.0,0.0,4.0,12.0,0.0,0.0,0.0,0.0,0.0,0.0,0.0,0.0,0.0,0.0,0.0,0.0,0.0,0.0,0.0,0.0,0.0,0.0,0.0,0.0,1.0,40.0,0.0,0.0,0.0,0.0,0.0,0.0,2.0,3.0,1.0,0.0,0.0,0.0,3.0,1.0,0.0,0.0,0.0,0.0,0.0,0.0,0.0,0.0,0.0,0.0,0.0,0.0,0.0,0.0,0.0,0.0,0.0,0.0,0.0,0.0,1.0,4.0,0.0,0.0,0.0,0.0,0.0,0.0,1.0,2.0,0.0,2283900237.0,-1.0,沈阳市康平县,沈阳市康平县柳树屯蒙古族满族乡,8.0,8.2,0.0,4.9,21.1,25.313333333333333,45.9878453038674,39.60348923533779
辽宁省,沈阳市,康平县,西关屯蒙古族满族乡,123.1694674,42.574924,0.0,0.0,0.0,2.0,9.0,0.0,0.0,0.0,0.0,0.0,1.0,0.0,0.0,0.0,0.0,0.0,0.0,0.0,0.0,0.0,0.0,0.0,0.0,0.0,0.0,1.0,6.0,0.0,0.0,0.0,0.0,1.0,0.0,1.0,3.0,2.0,0.0,0.0,0.0,2.0,4.0,0.0,0.0,0.0,0.0,0.0,0.0,0.0,0.0,0.0,0.0,0.0,0.0,0.0,0.0,0.0,0.0,0.0,0.0,0.0,0.0,1.0,3.0,0.0,0.0,0.0,0.0,1.0,0.0,1.0,3.0,1.0,3299606043.0,-1.0,沈阳市康平县,沈阳市康平县西关屯蒙古族满族乡,8.0,8.5,0.0,1.9,18.4,25.313333333333333,45.9878453038674,39.60348923533779
辽宁省,沈阳市,康平县,东升满族蒙古族乡,123.1292772,42.6508819,0.0,0.0,1.0,5.0,10.0,0.0,0.0,0.0,0.0,0.0,0.0,0.0,0.0,0.0,0.0,0.0,0.0,0.0,0.0,0.0,0.0,0.0,0.0,0.0,0.0,1.0,22.0,0.0,0.0,1.0,0.0,1.0,0.0,1.0,4.0,1.0,0.0,0.0,1.0,3.0,5.0,0.0,0.0,0.0,0.0,0.0,0.0,0.0,0.0,0.0,0.0,0.0,0.0,0.0,0.0,0.0,0.0,0.0,0.0,0.0,0.0,1.0,8.0,0.0,0.0,0.0,0.0,1.0,0.0,1.0,4.0,1.0,3299614091.0,-1.0,沈阳市康平县,沈阳市康平县东升满族蒙古族乡,8.0,15.5,0.0,3.6,27.1,25.313333333333333,45.9878453038674,39.60348923533779
辽宁省,沈阳市,法库县,吉祥街道,123.4242095,42.5003513,13.0,0.0,28.0,16.0,15.0,12.0,0.0,2.0,0.0,0.0,1.0,0.0,0.0,0.0,2.0,2.0,0.0,0.0,0.0,0.0,2.0,0.0,1.0,0.0,0.0,2.0,3.0,0.0,0.0,0.0,0.0,16.0,0.0,3.0,13.0,7.0,3.0,0.0,14.0,7.0,2.0,0.0,0.0,0.0,0.0,0.0,0.0,0.0,0.0,0.0,0.0,0.0,0.0,0.0,0.0,0.0,1.0,0.0,0.0,0.0,0.0,1.0,0.0,0.0,0.0,0.0,0.0,0.0,0.0,1.0,6.0,3.0,6469182125.0,-1.0,沈阳市法库县,沈阳市法库县吉祥街道,9.0,19.6,0.0,3.8,32.4,21.07894736842105,45.9878453038674,39.60348923533779
辽宁省,沈阳市,法库县,龙山街道,123.2904402,42.4493067,1.0,0.0,0.0,2.0,1.0,6.0,0.0,0.0,0.0,0.0,0.0,0.0,0.0,0.0,0.0,0.0,0.0,0.0,0.0,0.0,0.0,0.0,0.0,0.0,0.0,2.0,0.0,0.0,0.0,2.0,0.0,0.0,0.0,2.0,5.0,0.0,1.0,0.0,0.0,2.0,1.0,0.0,0.0,0.0,0.0,0.0,0.0,0.0,0.0,0.0,0.0,0.0,0.0,0.0,0.0,0.0,0.0,0.0,0.0,0.0,0.0,1.0,0.0,0.0,0.0,0.0,0.0,0.0,0.0,1.0,3.0,0.0,2276401605.0,-1.0,沈阳市法库县,沈阳市法库县龙山街道,9.0,10.0,0.0,0.2,19.2,21.07894736842105,45.9878453038674,39.60348923533779
辽宁省,沈阳市,法库县,大孤家子镇,123.3779754,42.324366,1.0,0.0,0.0,0.0,1.0,0.0,0.0,0.0,0.0,0.0,0.0,0.0,0.0,0.0,0.0,0.0,0.0,0.0,0.0,0.0,0.0,0.0,0.0,0.0,0.0,2.0,0.0,0.0,0.0,0.0,0.0,0.0,0.0,1.0,2.0,1.0,1.0,0.0,0.0,0.0,1.0,0.0,0.0,0.0,0.0,0.0,0.0,0.0,0.0,0.0,0.0,0.0,0.0,0.0,0.0,0.0,0.0,0.0,0.0,0.0,0.0,1.0,0.0,0.0,0.0,0.0,0.0,0.0,0.0,1.0,2.0,0.0,2283863929.0,-1.0,沈阳市法库县,沈阳市法库县大孤家子镇,9.0,6.5,0.0,0.5,16.0,21.07894736842105,45.9878453038674,39.60348923533779
辽宁省,沈阳市,法库县,三面船镇,123.2987894,42.1955878,0.0,0.0,0.0,4.0,1.0,0.0,0.0,0.0,0.0,0.0,0.0,0.0,0.0,0.0,0.0,0.0,0.0,0.0,0.0,0.0,0.0,0.0,0.0,0.0,0.0,3.0,0.0,0.0,0.0,0.0,0.0,0.0,0.0,5.0,4.0,1.0,0.0,0.0,0.0,1.0,1.0,0.0,0.0,0.0,0.0,0.0,0.0,0.0,0.0,0.0,0.0,0.0,0.0,0.0,0.0,0.0,0.0,0.0,0.0,0.0,0.0,1.0,0.0,0.0,0.0,0.0,0.0,0.0,0.0,1.0,2.0,0.0,2276403065.0,-1.0,沈阳市法库县,沈阳市法库县三面船镇,10.0,6.5,0.0,0.5,17.0,21.07894736842105,45.9878453038674,39.60348923533779
辽宁省,沈阳市,法库县,秀水河子镇,123.0240861,42.3548388,5.0,0.0,0.0,1.0,1.0,0.0,0.0,0.0,0.0,0.0,0.0,0.0,0.0,0.0,0.0,0.0,0.0,0.0,0.0,0.0,1.0,0.0,0.0,0.0,0.0,1.0,0.0,0.0,0.0,0.0,0.0,0.0,0.0,1.0,4.0,2.0,1.0,0.0,0.0,1.0,1.0,0.0,0.0,0.0,0.0,0.0,0.0,0.0,0.0,0.0,0.0,0.0,0.0,0.0,0.0,0.0,1.0,0.0,0.0,0.0,0.0,1.0,0.0,0.0,0.0,0.0,0.0,0.0,0.0,1.0,3.0,1.0,2276391065.0,-1.0,沈阳市法库县,沈阳市法库县秀水河子镇,8.0,8.5,0.0,1.0,17.5,21.07894736842105,45.9878453038674,39.60348923533779
辽宁省,沈阳市,法库县,叶茂台镇,122.8823796,42.325546,4.0,1.0,4.0,2.0,58.0,3.0,0.0,0.0,0.0,0.0,1.0,0.0,0.0,0.0,0.0,0.0,0.0,0.0,0.0,0.0,1.0,0.0,2.0,0.0,0.0,1.0,36.0,0.0,0.0,1.0,0.0,1.0,0.0,6.0,9.0,6.0,2.0,1.0,3.0,0.0,52.0,1.0,0.0,0.0,0.0,0.0,0.0,0.0,0.0,0.0,0.0,0.0,0.0,0.0,0.0,0.0,0.0,0.0,1.0,0.0,0.0,1.0,23.0,0.0,0.0,0.0,0.0,1.0,0.0,2.0,7.0,3.0,2276388331.0,-1.0,沈阳市法库县,沈阳市法库县叶茂台镇,8.0,26.0,0.0,9.0,43.0,21.07894736842105,45.9878453038674,39.60348923533779
辽宁省,沈阳市,法库县,登仕堡子镇,123.121976,42.2856645,1.0,1.0,0.0,0.0,11.0,0.0,0.0,0.0,0.0,0.0,0.0,0.0,0.0,0.0,0.0,0.0,0.0,0.0,0.0,0.0,3.0,0.0,0.0,0.0,0.0,1.0,0.0,0.0,0.0,0.0,0.0,0.0,0.0,3.0,4.0,1.0,1.0,1.0,0.0,0.0,11.0,0.0,0.0,0.0,0.0,0.0,0.0,0.0,0.0,0.0,0.0,0.0,0.0,0.0,0.0,0.0,1.0,0.0,0.0,0.0,0.0,1.0,0.0,0.0,0.0,0.0,0.0,0.0,0.0,1.0,4.0,1.0,2276391061.0,-1.0,沈阳市法库县,沈阳市法库县登仕堡子镇,8.0,12.5,0.0,0.5,21.0,21.07894736842105,45.9878453038674,39.60348923533779
辽宁省,沈阳市,法库县,柏家沟镇,123.6108253,42.5574741,1.0,1.0,1.0,1.0,5.0,0.0,0.0,0.0,0.0,0.0,0.0,0.0,0.0,0.0,0.0,0.0,0.0,0.0,0.0,0.0,2.0,0.0,0.0,0.0,0.0,2.0,1.0,0.0,0.0,6.0,0.0,3.0,0.0,6.0,6.0,2.0,0.0,0.0,1.0,1.0,5.0,0.0,0.0,0.0,0.0,0.0,0.0,0.0,0.0,0.0,0.0,0.0,0.0,0.0,0.0,0.0,1.0,0.0,0.0,0.0,0.0,1.0,0.0,0.0,0.0,0.0,0.0,3.0,0.0,1.0,4.0,2.0,2283857295.0,-1.0,沈阳市法库县,沈阳市法库县柏家沟镇,9.0,11.5,0.0,1.7000000000000002,22.2,21.07894736842105,45.9878453038674,39.60348923533779
辽宁省,沈阳市,法库县,丁家房镇,123.1807829,42.3416048,0.0,1.0,0.0,0.0,0.0,0.0,0.0,0.0,0.0,0.0,0.0,0.0,0.0,0.0,0.0,0.0,0.0,0.0,0.0,0.0,0.0,0.0,0.0,0.0,0.0,1.0,0.0,0.0,0.0,0.0,0.0,0.0,0.0,1.0,1.0,0.0,0.0,1.0,0.0,0.0,0.0,0.0,0.0,0.0,0.0,0.0,0.0,0.0,0.0,0.0,0.0,0.0,0.0,0.0,0.0,0.0,0.0,0.0,0.0,0.0,0.0,1.0,0.0,0.0,0.0,0.0,0.0,0.0,0.0,1.0,1.0,0.0,2276391054.0,-1.0,沈阳市法库县,沈阳市法库县丁家房镇,8.0,5.5,0.0,0.0,13.5,21.07894736842105,45.9878453038674,39.60348923533779
辽宁省,沈阳市,法库县,孟家镇,123.4226852,42.5474365,1.0,0.0,2.0,3.0,0.0,0.0,0.0,0.0,0.0,0.0,1.0,0.0,0.0,0.0,0.0,0.0,0.0,0.0,0.0,0.0,0.0,0.0,0.0,0.0,0.0,1.0,0.0,0.0,0.0,6.0,0.0,0.0,0.0,2.0,5.0,0.0,1.0,0.0,0.0,0.0,0.0,0.0,0.0,0.0,0.0,0.0,0.0,0.0,0.0,0.0,0.0,0.0,0.0,0.0,0.0,0.0,0.0,0.0,0.0,0.0,0.0,1.0,0.0,0.0,0.0,1.0,0.0,0.0,0.0,1.0,2.0,0.0,2288621867.0,-1.0,沈阳市法库县,沈阳市法库县孟家镇,8.0,12.5,0.0,0.7000000000000001,21.2,21.07894736842105,45.9878453038674,39.60348923533779
辽宁省,沈阳市,法库县,十间房镇,123.395987,42.4216891,1.0,0.0,0.0,9.0,0.0,0.0,0.0,0.0,0.0,0.0,0.0,0.0,0.0,0.0,0.0,0.0,0.0,0.0,0.0,0.0,0.0,0.0,0.0,0.0,0.0,2.0,0.0,0.0,0.0,0.0,0.0,3.0,0.0,2.0,3.0,2.0,1.0,0.0,0.0,0.0,0.0,0.0,0.0,0.0,0.0,0.0,0.0,0.0,0.0,0.0,0.0,0.0,0.0,0.0,0.0,0.0,0.0,0.0,0.0,0.0,0.0,1.0,0.0,0.0,0.0,0.0,0.0,3.0,0.0,1.0,1.0,1.0,2283864914.0,-1.0,沈阳市法库县,沈阳市法库县十间房镇,9.0,11.5,0.0,1.0,21.5,21.07894736842105,45.9878453038674,39.60348923533779
辽宁省,沈阳市,法库县,冯贝堡镇,123.4559097,42.3131963,0.0,1.0,0.0,1.0,0.0,0.0,0.0,0.0,0.0,0.0,0.0,0.0,0.0,0.0,0.0,0.0,0.0,0.0,0.0,0.0,0.0,0.0,0.0,0.0,0.0,2.0,0.0,0.0,0.0,0.0,0.0,0.0,0.0,1.0,2.0,0.0,0.0,0.0,0.0,1.0,0.0,0.0,0.0,0.0,0.0,0.0,0.0,0.0,0.0,0.0,0.0,0.0,0.0,0.0,0.0,0.0,0.0,0.0,0.0,0.0,0.0,1.0,0.0,0.0,0.0,0.0,0.0,0.0,0.0,1.0,1.0,0.0,2283863930.0,-1.0,沈阳市法库县,沈阳市法库县冯贝堡镇,9.0,7.0,0.0,0.0,16.0,21.07894736842105,45.9878453038674,39.60348923533779
辽宁省,沈阳市,法库县,依牛堡子镇,123.3585777,42.2050782,0.0,0.0,0.0,2.0,0.0,0.0,0.0,0.0,0.0,0.0,0.0,0.0,0.0,0.0,0.0,0.0,0.0,0.0,0.0,0.0,1.0,0.0,0.0,0.0,0.0,1.0,0.0,0.0,0.0,0.0,0.0,0.0,0.0,2.0,3.0,1.0,0.0,0.0,0.0,1.0,0.0,0.0,0.0,0.0,0.0,0.0,0.0,0.0,0.0,0.0,0.0,0.0,0.0,0.0,0.0,0.0,0.0,0.0,0.0,0.0,0.0,1.0,0.0,0.0,0.0,0.0,0.0,0.0,0.0,1.0,1.0,0.0,2283864239.0,-1.0,沈阳市法库县,沈阳市法库县依牛堡子镇,8.0,3.5,0.0,0.5,12.0,21.07894736842105,45.9878453038674,39.60348923533779
辽宁省,沈阳市,法库县,包家屯镇,122.9379121,42.4756157,0.0,0.0,0.0,4.0,28.0,0.0,0.0,0.0,0.0,0.0,0.0,0.0,0.0,0.0,0.0,0.0,0.0,0.0,0.0,0.0,0.0,0.0,0.0,0.0,0.0,1.0,12.0,0.0,0.0,0.0,0.0,1.0,0.0,2.0,3.0,3.0,0.0,0.0,0.0,3.0,15.0,0.0,0.0,0.0,0.0,0.0,0.0,0.0,0.0,0.0,0.0,0.0,0.0,0.0,0.0,0.0,0.0,0.0,0.0,0.0,0.0,1.0,7.0,0.0,0.0,0.0,0.0,1.0,0.0,1.0,3.0,1.0,2276388253.0,-1.0,沈阳市法库县,沈阳市法库县包家屯镇,8.0,15.600000000000001,0.0,3.4000000000000004,27.0,21.07894736842105,45.9878453038674,39.60348923533779
辽宁省,沈阳市,法库县,慈恩寺乡,123.3359845,42.5555736,0.0,0.0,1.0,2.0,0.0,0.0,0.0,0.0,0.0,0.0,1.0,0.0,0.0,0.0,0.0,0.0,0.0,0.0,0.0,0.0,0.0,0.0,0.0,0.0,0.0,1.0,0.0,0.0,0.0,1.0,0.0,0.0,0.0,2.0,2.0,1.0,0.0,0.0,1.0,2.0,0.0,0.0,0.0,0.0,0.0,0.0,1.0,0.0,0.0,0.0,0.0,0.0,0.0,0.0,0.0,0.0,0.0,0.0,0.0,0.0,0.0,1.0,0.0,0.0,0.0,0.0,0.0,0.0,0.0,1.0,2.0,0.0,3379365549.0,-1.0,沈阳市法库县,沈阳市法库县慈恩寺乡,8.0,10.0,0.0,0.6,18.6,21.07894736842105,45.9878453038674,39.60348923533779
辽宁省,沈阳市,法库县,和平乡,123.60159,42.6364147,0.0,1.0,0.0,1.0,0.0,0.0,0.0,0.0,0.0,0.0,0.0,0.0,0.0,0.0,0.0,0.0,0.0,0.0,0.0,0.0,1.0,0.0,0.0,0.0,0.0,1.0,0.0,0.0,0.0,0.0,0.0,0.0,0.0,7.0,2.0,2.0,0.0,1.0,0.0,0.0,0.0,0.0,0.0,0.0,0.0,0.0,0.0,0.0,0.0,0.0,0.0,0.0,0.0,0.0,0.0,0.0,0.0,0.0,0.0,0.0,0.0,1.0,0.0,0.0,0.0,0.0,0.0,0.0,0.0,3.0,1.0,0.0,2283831032.0,-1.0,沈阳市法库县,沈阳市法库县和平乡,8.0,7.0,0.0,1.0,16.0,21.07894736842105,45.9878453038674,39.60348923533779
辽宁省,沈阳市,法库县,四家子蒙古族乡,123.1682393,42.4979848,0.0,0.0,2.0,4.0,16.0,0.0,0.0,0.0,0.0,0.0,0.0,0.0,0.0,0.0,0.0,0.0,0.0,0.0,0.0,0.0,0.0,0.0,0.0,0.0,0.0,1.0,14.0,0.0,0.0,0.0,0.0,0.0,0.0,1.0,4.0,0.0,0.0,0.0,2.0,3.0,6.0,0.0,0.0,0.0,0.0,0.0,0.0,0.0,0.0,0.0,0.0,0.0,0.0,0.0,0.0,0.0,0.0,0.0,0.0,0.0,0.0,1.0,12.0,0.0,0.0,0.0,0.0,0.0,0.0,1.0,4.0,0.0,2276396158.0,-1.0,沈阳市法库县,沈阳市法库县四家子蒙古族乡,8.0,16.0,0.0,2.6,26.6,21.07894736842105,45.9878453038674,39.60348923533779
辽宁省,沈阳市,法库县,双台子乡,123.1821862,42.4082222,1.0,0.0,0.0,1.0,2.0,0.0,0.0,0.0,0.0,0.0,0.0,0.0,0.0,0.0,0.0,0.0,0.0,0.0,0.0,0.0,0.0,0.0,0.0,0.0,0.0,1.0,8.0,0.0,0.0,0.0,0.0,1.0,0.0,1.0,3.0,1.0,1.0,0.0,0.0,1.0,1.0,0.0,0.0,0.0,0.0,0.0,0.0,0.0,0.0,0.0,0.0,0.0,0.0,0.0,0.0,0.0,0.0,0.0,0.0,0.0,0.0,1.0,2.0,0.0,0.0,0.0,0.0,1.0,0.0,1.0,3.0,1.0,2276396186.0,-1.0,沈阳市法库县,沈阳市法库县双台子乡,8.0,8.2,0.0,1.5,17.7,21.07894736842105,45.9878453038674,39.60348923533779
辽宁省,沈阳市,法库县,卧牛石乡,123.0524802,42.5212081,0.0,0.0,0.0,4.0,11.0,0.0,0.0,0.0,0.0,0.0,0.0,0.0,0.0,0.0,0.0,0.0,0.0,0.0,0.0,0.0,0.0,0.0,0.0,0.0,0.0,1.0,37.0,0.0,0.0,0.0,0.0,1.0,0.0,3.0,3.0,2.0,0.0,0.0,0.0,2.0,3.0,0.0,0.0,0.0,0.0,0.0,0.0,0.0,0.0,0.0,0.0,0.0,0.0,0.0,0.0,0.0,0.0,0.0,0.0,0.0,0.0,1.0,8.0,0.0,0.0,0.0,0.0,1.0,0.0,1.0,3.0,1.0,3299605378.0,-1.0,沈阳市法库县,沈阳市法库县卧牛石乡,8.0,8.6,0.0,5.5,22.1,21.07894736842105,45.9878453038674,39.60348923533779
辽宁省,沈阳市,新民市,东城街道,122.8550324,42.0104631,9.0,8.0,20.0,22.0,24.0,2.0,0.0,0.0,31.0,0.0,0.0,0.0,0.0,0.0,0.0,0.0,0.0,0.0,0.0,1.0,1.0,0.0,5.0,0.0,0.0,1.0,5.0,0.0,0.0,0.0,0.0,2.0,0.0,7.0,9.0,6.0,2.0,2.0,0.0,2.0,0.0,0.0,0.0,0.0,12.0,0.0,0.0,0.0,0.0,0.0,0.0,0.0,0.0,0.0,0.0,0.0,1.0,0.0,0.0,0.0,0.0,1.0,0.0,0.0,0.0,0.0,0.0,0.0,0.0,3.0,4.0,2.0,6469416084.0,9584432.0,沈阳市新民市,沈阳市新民市东城街道,16.0,20.8,0.0,3.5,40.3,27.425,45.9878453038674,39.60348923533779
辽宁省,沈阳市,新民市,辽滨街道,122.8468216,41.9647941,5.0,10.0,17.0,7.0,4.0,1.0,0.0,0.0,0.0,0.0,2.0,1.0,0.0,0.0,0.0,0.0,0.0,0.0,0.0,0.0,1.0,0.0,1.0,0.0,0.0,1.0,4.0,0.0,0.0,1.0,0.0,4.0,0.0,5.0,10.0,5.0,5.0,0.0,4.0,1.0,0.0,1.0,0.0,0.0,0.0,0.0,1.0,0.0,0.0,0.0,0.0,0.0,0.0,0.0,0.0,0.0,0.0,0.0,0.0,0.0,0.0,1.0,1.0,0.0,0.0,0.0,0.0,0.0,0.0,3.0,4.0,2.0,6469416785.0,9584434.0,沈阳市新民市,沈阳市新民市辽滨街道,16.0,16.8,5.0,3.1,40.9,27.425,45.9878453038674,39.60348923533779
辽宁省,沈阳市,新民市,西城街道,122.8206711,41.9381706,0.0,0.0,0.0,3.0,0.0,0.0,0.0,0.0,0.0,0.0,0.0,0.0,0.0,0.0,0.0,0.0,0.0,0.0,0.0,0.0,0.0,0.0,0.0,0.0,0.0,1.0,0.0,0.0,0.0,1.0,0.0,0.0,0.0,3.0,4.0,1.0,0.0,0.0,0.0,0.0,0.0,0.0,0.0,0.0,0.0,0.0,0.0,0.0,0.0,0.0,0.0,0.0,0.0,0.0,0.0,0.0,0.0,0.0,0.0,0.0,0.0,1.0,0.0,0.0,0.0,0.0,0.0,0.0,0.0,2.0,0.0,0.0,6469416786.0,9584435.0,沈阳市新民市,沈阳市新民市西城街道,16.0,5.0,0.0,0.6,21.6,27.425,45.9878453038674,39.60348923533779
辽宁省,沈阳市,新民市,新柳街道,122.7956993,42.0177115,9.0,1.0,4.0,7.0,20.0,15.0,0.0,16.0,6.0,2.0,0.0,0.0,0.0,0.0,0.0,0.0,0.0,0.0,0.0,0.0,1.0,0.0,1.0,0.0,0.0,2.0,6.0,0.0,0.0,0.0,0.0,2.0,0.0,7.0,13.0,6.0,1.0,0.0,0.0,1.0,1.0,9.0,0.0,13.0,6.0,1.0,0.0,0.0,0.0,0.0,0.0,0.0,0.0,0.0,0.0,0.0,1.0,0.0,0.0,0.0,0.0,1.0,1.0,0.0,0.0,0.0,0.0,2.0,0.0,3.0,5.0,3.0,6469416788.0,9584437.0,沈阳市新民市,沈阳市新民市新柳街道,17.0,22.3,0.0,3.7,43.0,27.425,45.9878453038674,39.60348923533779
辽宁省,沈阳市,新民市,大红旗镇,122.6111652,41.8767567,0.0,0.0,0.0,8.0,1.0,2.0,0.0,1.0,2.0,0.0,0.0,0.0,0.0,0.0,0.0,0.0,0.0,0.0,0.0,0.0,0.0,0.0,0.0,0.0,0.0,1.0,3.0,0.0,0.0,0.0,0.0,0.0,0.0,3.0,4.0,0.0,0.0,0.0,0.0,6.0,1.0,2.0,0.0,1.0,2.0,0.0,0.0,0.0,0.0,0.0,0.0,0.0,0.0,0.0,0.0,0.0,0.0,0.0,0.0,0.0,0.0,1.0,3.0,0.0,0.0,0.0,0.0,0.0,0.0,3.0,4.0,0.0,1655741277.0,-1.0,沈阳市新民市,沈阳市新民市大红旗镇,8.0,9.5,0.0,0.6000000000000001,18.1,27.425,45.9878453038674,39.60348923533779
辽宁省,沈阳市,新民市,梁山镇,122.6457144,42.0541273,0.0,1.0,3.0,7.0,0.0,0.0,0.0,0.0,0.0,0.0,0.0,0.0,0.0,0.0,0.0,0.0,0.0,0.0,0.0,0.0,0.0,0.0,0.0,0.0,0.0,2.0,0.0,0.0,0.0,0.0,0.0,0.0,0.0,1.0,3.0,0.0,0.0,1.0,3.0,4.0,0.0,0.0,0.0,0.0,0.0,0.0,0.0,0.0,0.0,0.0,0.0,0.0,0.0,0.0,0.0,0.0,0.0,0.0,0.0,0.0,0.0,1.0,0.0,0.0,0.0,0.0,0.0,0.0,0.0,1.0,3.0,0.0,2276403067.0,-1.0,沈阳市新民市,沈阳市新民市梁山镇,9.0,11.5,0.0,0.0,20.5,27.425,45.9878453038674,39.60348923533779
辽宁省,沈阳市,新民市,公主屯镇,123.0121147,42.1625737,0.0,4.0,2.0,4.0,80.0,0.0,0.0,0.0,0.0,0.0,0.0,0.0,0.0,0.0,0.0,0.0,0.0,0.0,0.0,0.0,1.0,0.0,1.0,0.0,0.0,1.0,27.0,0.0,0.0,0.0,0.0,4.0,0.0,1.0,5.0,5.0,0.0,2.0,1.0,3.0,34.0,0.0,0.0,0.0,0.0,0.0,0.0,0.0,0.0,0.0,0.0,0.0,0.0,0.0,0.0,0.0,1.0,0.0,1.0,0.0,0.0,1.0,27.0,0.0,0.0,0.0,0.0,4.0,0.0,1.0,5.0,4.0,2276403064.0,-1.0,沈阳市新民市,沈阳市新民市公主屯镇,8.0,22.5,0.0,7.9,38.4,27.425,45.9878453038674,39.60348923533779
辽宁省,沈阳市,新民市,兴隆镇,123.0459853,41.9737355,0.0,1.0,0.0,8.0,3.0,0.0,0.0,0.0,2.0,0.0,0.0,0.0,0.0,0.0,1.0,1.0,0.0,0.0,0.0,0.0,0.0,0.0,1.0,0.0,0.0,4.0,0.0,0.0,0.0,0.0,0.0,0.0,0.0,3.0,5.0,1.0,0.0,1.0,0.0,5.0,2.0,0.0,0.0,0.0,2.0,0.0,0.0,0.0,0.0,0.0,1.0,1.0,0.0,0.0,0.0,0.0,0.0,0.0,1.0,0.0,0.0,1.0,0.0,0.0,0.0,0.0,0.0,0.0,0.0,3.0,5.0,1.0,1655741353.0,-1.0,沈阳市新民市,沈阳市新民市兴隆镇,11.0,15.7,5.0,0.5,32.2,27.425,45.9878453038674,39.60348923533779
辽宁省,沈阳市,新民市,前当堡镇,122.8699302,41.7799961,0.0,1.0,0.0,5.0,19.0,1.0,0.0,17.0,0.0,0.0,1.0,0.0,0.0,0.0,0.0,0.0,0.0,0.0,0.0,0.0,1.0,0.0,0.0,0.0,0.0,1.0,1.0,0.0,0.0,0.0,0.0,1.0,0.0,1.0,8.0,3.0,0.0,1.0,0.0,3.0,3.0,0.0,0.0,0.0,0.0,0.0,0.0,0.0,0.0,0.0,0.0,0.0,0.0,0.0,0.0,0.0,0.0,0.0,0.0,0.0,0.0,1.0,0.0,0.0,0.0,0.0,0.0,0.0,0.0,1.0,4.0,0.0,2291127648.0,-1.0,沈阳市新民市,沈阳市新民市前当堡镇,8.0,20.7,0.0,1.6,30.3,27.425,45.9878453038674,39.60348923533779
辽宁省,沈阳市,新民市,大民屯镇,122.9482768,41.8560549,2.0,1.0,0.0,4.0,19.0,0.0,0.0,0.0,0.0,0.0,0.0,0.0,0.0,0.0,0.0,0.0,0.0,0.0,0.0,0.0,1.0,0.0,0.0,0.0,0.0,1.0,0.0,0.0,0.0,0.0,0.0,0.0,0.0,1.0,6.0,1.0,2.0,1.0,0.0,2.0,17.0,0.0,0.0,0.0,0.0,0.0,0.0,0.0,0.0,0.0,0.0,0.0,0.0,0.0,0.0,0.0,1.0,0.0,0.0,0.0,0.0,1.0,0.0,0.0,0.0,0.0,0.0,0.0,0.0,1.0,4.0,1.0,2279315660.0,-1.0,沈阳市新民市,沈阳市新民市大民屯镇,8.0,20.9,0.0,0.5,29.4,27.425,45.9878453038674,39.60348923533779
辽宁省,沈阳市,新民市,大柳屯镇,122.7962139,42.1862699,0.0,0.0,4.0,6.0,8.0,0.0,0.0,0.0,0.0,0.0,0.0,0.0,0.0,0.0,0.0,0.0,0.0,0.0,0.0,0.0,1.0,0.0,0.0,0.0,0.0,2.0,2.0,0.0,0.0,0.0,0.0,0.0,0.0,1.0,4.0,2.0,0.0,0.0,1.0,3.0,5.0,0.0,0.0,0.0,0.0,0.0,0.0,0.0,0.0,0.0,0.0,0.0,0.0,0.0,0.0,0.0,0.0,0.0,0.0,0.0,0.0,1.0,0.0,0.0,0.0,0.0,0.0,0.0,0.0,1.0,3.0,1.0,2349124935.0,-1.0,沈阳市新民市,沈阳市新民市大柳屯镇,9.0,15.1,0.0,1.2,25.3,27.425,45.9878453038674,39.60348923533779
辽宁省,沈阳市,新民市,兴隆堡镇,123.0633925,41.9090275,1.0,0.0,0.0,1.0,35.0,1.0,0.0,0.0,0.0,0.0,0.0,0.0,0.0,0.0,0.0,0.0,0.0,0.0,0.0,0.0,1.0,0.0,2.0,0.0,0.0,1.0,0.0,0.0,0.0,0.0,0.0,1.0,0.0,7.0,5.0,7.0,1.0,0.0,0.0,1.0,19.0,0.0,0.0,0.0,0.0,0.0,0.0,0.0,0.0,0.0,0.0,0.0,0.0,0.0,0.0,0.0,0.0,0.0,0.0,0.0,0.0,1.0,0.0,0.0,0.0,0.0,0.0,0.0,0.0,2.0,4.0,0.0,2291104540.0,-1.0,沈阳市新民市,沈阳市新民市兴隆堡镇,8.0,21.2,0.0,3.5,32.7,27.425,45.9878453038674,39.60348923533779
辽宁省,沈阳市,新民市,胡台镇,123.1409148,41.7888945,2.0,0.0,8.0,23.0,8.0,3.0,0.0,0.0,0.0,0.0,3.0,0.0,0.0,0.0,1.0,1.0,0.0,0.0,0.0,0.0,10.0,2.0,81.0,5.0,0.0,1.0,61.0,0.0,0.0,0.0,0.0,0.0,0.0,4.0,7.0,6.0,2.0,0.0,0.0,10.0,0.0,0.0,0.0,0.0,0.0,0.0,0.0,0.0,0.0,0.0,1.0,1.0,0.0,0.0,0.0,0.0,8.0,1.0,11.0,0.0,0.0,1.0,0.0,0.0,0.0,0.0,0.0,0.0,0.0,3.0,2.0,3.0,2293198566.0,-1.0,沈阳市新民市,沈阳市新民市胡台镇,8.0,17.1,5.0,9.100000000000001,39.2,27.425,45.9878453038674,39.60348923533779
辽宁省,沈阳市,新民市,法哈牛镇,123.0624655,41.7853107,2.0,0.0,0.0,5.0,11.0,5.0,0.0,0.0,0.0,0.0,3.0,0.0,0.0,0.0,1.0,1.0,0.0,0.0,0.0,0.0,0.0,0.0,5.0,4.0,0.0,1.0,0.0,0.0,0.0,0.0,0.0,0.0,0.0,1.0,5.0,3.0,2.0,0.0,0.0,2.0,10.0,2.0,0.0,0.0,0.0,0.0,2.0,0.0,0.0,0.0,0.0,0.0,0.0,0.0,0.0,0.0,0.0,0.0,0.0,2.0,0.0,1.0,0.0,0.0,0.0,0.0,0.0,0.0,0.0,1.0,5.0,1.0,2293198567.0,-1.0,沈阳市新民市,沈阳市新民市法哈牛镇,8.0,19.7,0.0,1.5,29.2,27.425,45.9878453038674,39.60348923533779
辽宁省,沈阳市,新民市,柳河沟镇,122.7208462,41.9277983,2.0,3.0,0.0,2.0,0.0,0.0,0.0,0.0,0.0,0.0,0.0,0.0,0.0,0.0,0.0,0.0,0.0,0.0,0.0,0.0,0.0,0.0,0.0,0.0,0.0,1.0,0.0,0.0,0.0,0.0,0.0,0.0,0.0,2.0,3.0,0.0,0.0,2.0,0.0,2.0,0.0,0.0,0.0,0.0,0.0,0.0,0.0,0.0,0.0,0.0,0.0,0.0,0.0,0.0,0.0,0.0,0.0,0.0,0.0,0.0,0.0,1.0,0.0,0.0,0.0,0.0,0.0,0.0,0.0,2.0,2.0,0.0,2276405660.0,-1.0,沈阳市新民市,沈阳市新民市柳河沟镇,8.0,8.5,0.0,0.0,16.5,27.425,45.9878453038674,39.60348923533779
辽宁省,沈阳市,新民市,高台子镇,122.8598062,42.0659625,0.0,1.0,0.0,2.0,24.0,3.0,0.0,0.0,0.0,1.0,0.0,0.0,0.0,0.0,1.0,1.0,0.0,0.0,0.0,0.0,1.0,0.0,0.0,0.0,0.0,7.0,11.0,0.0,0.0,0.0,0.0,0.0,0.0,3.0,10.0,7.0,0.0,1.0,0.0,1.0,14.0,1.0,0.0,0.0,0.0,1.0,0.0,0.0,0.0,0.0,1.0,1.0,0.0,0.0,0.0,0.0,0.0,0.0,0.0,0.0,0.0,2.0,9.0,0.0,0.0,0.0,0.0,0.0,0.0,2.0,9.0,3.0,2276403066.0,-1.0,沈阳市新民市,沈阳市新民市高台子镇,12.0,22.0,5.0,5.5,44.5,27.425,45.9878453038674,39.60348923533779
辽宁省,沈阳市,新民市,张家屯镇,122.9971033,41.8255441,2.0,0.0,0.0,6.0,0.0,0.0,0.0,0.0,0.0,0.0,0.0,0.0,0.0,0.0,0.0,0.0,0.0,0.0,0.0,0.0,0.0,0.0,0.0,0.0,0.0,1.0,11.0,0.0,0.0,0.0,0.0,1.0,0.0,1.0,4.0,3.0,2.0,0.0,0.0,3.0,0.0,0.0,0.0,0.0,0.0,0.0,0.0,0.0,0.0,0.0,0.0,0.0,0.0,0.0,0.0,0.0,0.0,0.0,0.0,0.0,0.0,1.0,0.0,0.0,0.0,0.0,0.0,0.0,0.0,1.0,3.0,0.0,2293198565.0,-1.0,沈阳市新民市,沈阳市新民市张家屯镇,8.0,12.0,0.0,2.6,22.6,27.425,45.9878453038674,39.60348923533779
辽宁省,沈阳市,新民市,罗家房镇,123.2056998,42.0527135,0.0,0.0,0.0,3.0,13.0,0.0,0.0,0.0,0.0,0.0,0.0,0.0,0.0,0.0,0.0,0.0,0.0,0.0,0.0,0.0,0.0,0.0,0.0,0.0,0.0,1.0,48.0,0.0,0.0,0.0,0.0,1.0,0.0,4.0,3.0,1.0,0.0,0.0,0.0,2.0,9.0,0.0,0.0,0.0,0.0,0.0,0.0,0.0,0.0,0.0,0.0,0.0,0.0,0.0,0.0,0.0,0.0,0.0,0.0,0.0,0.0,1.0,19.0,0.0,0.0,0.0,0.0,1.0,0.0,1.0,3.0,1.0,2291104558.0,-1.0,沈阳市新民市,沈阳市新民市罗家房镇,8.0,9.8,0.0,7.2,25.0,27.425,45.9878453038674,39.60348923533779
辽宁省,沈阳市,新民市,三道岗子镇,123.107967,42.0775408,0.0,0.0,0.0,7.0,1.0,0.0,0.0,0.0,0.0,0.0,0.0,0.0,0.0,0.0,0.0,0.0,0.0,0.0,0.0,0.0,0.0,0.0,0.0,0.0,0.0,3.0,0.0,0.0,0.0,0.0,0.0,0.0,0.0,1.0,2.0,1.0,0.0,0.0,0.0,4.0,0.0,0.0,0.0,0.0,0.0,0.0,0.0,0.0,0.0,0.0,0.0,0.0,0.0,0.0,0.0,0.0,0.0,0.0,0.0,0.0,0.0,1.0,0.0,0.0,0.0,0.0,0.0,0.0,0.0,1.0,1.0,0.0,3297938393.0,-1.0,沈阳市新民市,沈阳市新民市三道岗子镇,10.0,6.2,0.0,0.5,16.7,27.425,45.9878453038674,39.60348923533779
辽宁省,沈阳市,新民市,东蛇山子镇,123.1258813,42.169357,0.0,0.0,0.0,5.0,1.0,0.0,0.0,0.0,0.0,0.0,0.0,0.0,0.0,0.0,0.0,0.0,0.0,0.0,0.0,0.0,0.0,0.0,0.0,0.0,0.0,1.0,11.0,0.0,0.0,0.0,0.0,0.0,0.0,2.0,3.0,0.0,0.0,0.0,0.0,4.0,0.0,0.0,0.0,0.0,0.0,0.0,0.0,0.0,0.0,0.0,0.0,0.0,0.0,0.0,0.0,0.0,0.0,0.0,0.0,0.0,0.0,1.0,0.0,0.0,0.0,0.0,0.0,0.0,0.0,2.0,2.0,0.0,2276403068.0,-1.0,沈阳市新民市,沈阳市新民市东蛇山子镇,8.0,6.7,0.0,1.1,15.799999999999999,27.425,45.9878453038674,39.60348923533779
辽宁省,沈阳市,新民市,陶家屯镇,123.178026,42.1834539,2.0,0.0,0.0,1.0,10.0,0.0,0.0,0.0,0.0,0.0,0.0,0.0,0.0,0.0,0.0,0.0,0.0,0.0,0.0,0.0,0.0,0.0,0.0,0.0,0.0,1.0,16.0,0.0,0.0,0.0,0.0,1.0,0.0,3.0,8.0,2.0,2.0,0.0,0.0,1.0,4.0,0.0,0.0,0.0,0.0,0.0,0.0,0.0,0.0,0.0,0.0,0.0,0.0,0.0,0.0,0.0,0.0,0.0,0.0,0.0,0.0,1.0,7.0,0.0,0.0,0.0,0.0,1.0,0.0,1.0,5.0,1.0,4792796708.0,-1.0,沈阳市新民市,沈阳市新民市陶家屯镇,8.0,13.2,0.0,3.3000000000000003,24.5,27.425,45.9878453038674,39.60348923533779
辽宁省,沈阳市,新民市,周坨子镇,122.5769418,42.1434148,0.0,0.0,1.0,2.0,12.0,0.0,0.0,0.0,0.0,0.0,0.0,0.0,0.0,0.0,0.0,0.0,0.0,0.0,0.0,0.0,2.0,0.0,0.0,0.0,0.0,1.0,7.0,0.0,0.0,0.0,0.0,1.0,0.0,1.0,4.0,2.0,0.0,0.0,1.0,2.0,5.0,0.0,0.0,0.0,0.0,0.0,0.0,0.0,0.0,0.0,0.0,0.0,0.0,0.0,0.0,0.0,0.0,0.0,0.0,0.0,0.0,1.0,6.0,0.0,0.0,0.0,0.0,1.0,0.0,1.0,3.0,1.0,3301675185.0,-1.0,沈阳市新民市,沈阳市新民市周坨子镇,8.0,12.9,0.0,2.3,23.2,27.425,45.9878453038674,39.60348923533779
辽宁省,沈阳市,新民市,金五台子镇,122.6793901,41.7853664,0.0,3.0,0.0,6.0,27.0,0.0,0.0,0.0,0.0,0.0,0.0,0.0,0.0,0.0,0.0,0.0,0.0,0.0,0.0,0.0,0.0,0.0,0.0,0.0,0.0,2.0,20.0,0.0,0.0,0.0,0.0,1.0,0.0,2.0,7.0,1.0,0.0,1.0,0.0,4.0,3.0,0.0,0.0,0.0,0.0,0.0,0.0,0.0,0.0,0.0,0.0,0.0,0.0,0.0,0.0,0.0,0.0,0.0,0.0,0.0,0.0,1.0,14.0,0.0,0.0,0.0,0.0,1.0,0.0,1.0,4.0,1.0,2276407590.0,-1.0,沈阳市新民市,沈阳市新民市金五台子镇,9.0,19.8,0.0,3.9000000000000004,32.7,27.425,45.9878453038674,39.60348923533779
辽宁省,沈阳市,新民市,新农村镇,122.9470267,42.2372813,0.0,2.0,0.0,3.0,60.0,0.0,0.0,0.0,0.0,0.0,0.0,0.0,0.0,0.0,0.0,0.0,0.0,0.0,0.0,0.0,1.0,0.0,0.0,0.0,0.0,2.0,23.0,0.0,0.0,0.0,0.0,0.0,0.0,3.0,4.0,1.0,0.0,2.0,0.0,3.0,56.0,0.0,0.0,0.0,0.0,0.0,0.0,0.0,0.0,0.0,0.0,0.0,0.0,0.0,0.0,0.0,1.0,0.0,0.0,0.0,0.0,1.0,4.0,0.0,0.0,0.0,0.0,0.0,0.0,1.0,4.0,1.0,3299954106.0,-1.0,沈阳市新民市,沈阳市新民市新农村镇,9.0,22.0,0.0,3.2,34.2,27.425,45.9878453038674,39.60348923533779
辽宁省,沈阳市,新民市,红旗乡,122.5385408,41.848383,0.0,0.0,0.0,0.0,0.0,0.0,0.0,0.0,0.0,0.0,0.0,0.0,0.0,0.0,0.0,0.0,0.0,0.0,0.0,0.0,0.0,0.0,0.0,0.0,0.0,3.0,0.0,0.0,0.0,0.0,0.0,0.0,0.0,2.0,0.0,0.0,0.0,0.0,0.0,0.0,0.0,0.0,0.0,0.0,0.0,0.0,0.0,0.0,0.0,0.0,0.0,0.0,0.0,0.0,0.0,0.0,0.0,0.0,0.0,0.0,0.0,1.0,0.0,0.0,0.0,0.0,0.0,0.0,0.0,1.0,0.0,0.0,2292560163.0,9584433.0,沈阳市新民市,沈阳市新民市红旗乡,18.0,0.0,0.0,0.0,18.0,27.425,45.9878453038674,39.60348923533779
辽宁省,沈阳市,新民市,卢家屯乡,122.6258028,41.9693735,0.0,0.0,0.0,3.0,0.0,0.0,0.0,0.0,0.0,0.0,0.0,0.0,0.0,0.0,0.0,0.0,0.0,0.0,0.0,0.0,0.0,0.0,0.0,0.0,0.0,2.0,0.0,0.0,0.0,0.0,0.0,0.0,0.0,1.0,1.0,0.0,0.0,0.0,0.0,3.0,0.0,0.0,0.0,0.0,0.0,0.0,0.0,0.0,0.0,0.0,0.0,0.0,0.0,0.0,0.0,0.0,0.0,0.0,0.0,0.0,0.0,1.0,0.0,0.0,0.0,0.0,0.0,0.0,0.0,1.0,1.0,0.0,2292560164.0,-1.0,沈阳市新民市,沈阳市新民市卢家屯乡,9.0,3.5,0.0,0.0,12.5,27.425,45.9878453038674,39.60348923533779
辽宁省,沈阳市,新民市,姚堡乡,122.4758902,42.0515437,0.0,3.0,0.0,2.0,3.0,0.0,0.0,0.0,0.0,0.0,0.0,0.0,0.0,0.0,0.0,0.0,0.0,0.0,0.0,0.0,2.0,0.0,0.0,0.0,0.0,1.0,5.0,0.0,0.0,1.0,0.0,0.0,0.0,5.0,4.0,2.0,0.0,1.0,0.0,2.0,0.0,0.0,0.0,0.0,0.0,0.0,0.0,0.0,0.0,0.0,0.0,0.0,0.0,0.0,0.0,0.0,0.0,0.0,0.0,0.0,0.0,1.0,0.0,0.0,0.0,0.0,0.0,0.0,0.0,1.0,2.0,0.0,3415745950.0,-1.0,沈阳市新民市,沈阳市新民市姚堡乡,8.0,9.6,0.0,1.6,19.200000000000003,27.425,45.9878453038674,39.60348923533779
辽宁省,沈阳市,新民市,于家窝堡乡,122.6940407,42.2325787,3.0,0.0,2.0,2.0,8.0,0.0,0.0,0.0,0.0,0.0,0.0,0.0,0.0,0.0,0.0,0.0,0.0,0.0,0.0,0.0,0.0,0.0,0.0,0.0,0.0,1.0,3.0,0.0,0.0,0.0,0.0,1.0,0.0,7.0,9.0,1.0,3.0,0.0,2.0,2.0,0.0,0.0,0.0,0.0,0.0,0.0,0.0,0.0,0.0,0.0,0.0,0.0,0.0,0.0,0.0,0.0,0.0,0.0,0.0,0.0,0.0,1.0,0.0,0.0,0.0,0.0,0.0,0.0,0.0,3.0,7.0,0.0,3299907372.0,-1.0,沈阳市新民市,沈阳市新民市于家窝堡乡,8.0,12.6,0.0,0.8,21.400000000000002,27.425,45.9878453038674,39.60348923533779
辽宁省,大连市,中山区,海军广场街道,121.6854352,38.9161325,37.0,78.0,69.0,66.0,276.0,125.0,7.0,209.0,317.0,6.0,2.0,1.0,1.0,1.0,11.0,12.0,0.0,0.0,0.0,26.0,43.0,6.0,0.0,2.0,6.0,11.0,1765.0,0.0,5.0,6.0,5.0,24.0,24.0,18.0,21.0,16.0,4.0,8.0,4.0,12.0,43.0,6.0,3.0,97.0,53.0,0.0,0.0,0.0,0.0,0.0,4.0,4.0,0.0,0.0,0.0,0.0,30.0,2.0,0.0,0.0,2.0,2.0,298.0,0.0,0.0,0.0,0.0,6.0,5.0,9.0,18.0,11.0,6535219100.0,9672547.0,大连市中山区,大连市中山区海军广场街道,20.0,30.0,10.0,20.0,80.0,84.5,51.13288590604027,39.60348923533779
辽宁省,大连市,中山区,人民路街道,121.6478107,38.9260522,49.0,160.0,187.0,149.0,463.0,382.0,2.0,552.0,659.0,29.0,4.0,3.0,3.0,10.0,11.0,16.0,3.0,1.0,24.0,204.0,23.0,6.0,6.0,2.0,8.0,10.0,4136.0,1.0,50.0,10.0,66.0,50.0,100.0,31.0,25.0,21.0,32.0,35.0,47.0,30.0,91.0,80.0,0.0,96.0,129.0,5.0,0.0,0.0,1.0,3.0,0.0,0.0,2.0,0.0,9.0,48.0,4.0,0.0,2.0,0.0,3.0,2.0,609.0,0.0,6.0,5.0,28.0,5.0,15.0,14.0,21.0,12.0,6535219105.0,9672552.0,大连市中山区,大连市中山区人民路街道,20.0,30.0,23.0,20.0,93.0,84.5,51.13288590604027,39.60348923533779
辽宁省,大连市,中山区,青泥洼桥街道,121.6483151,38.9133779,47.0,182.0,222.0,171.0,596.0,418.0,0.0,569.0,795.0,28.0,5.0,3.0,3.0,10.0,15.0,20.0,3.0,1.0,24.0,214.0,26.0,6.0,4.0,2.0,7.0,14.0,5192.0,1.0,61.0,10.0,71.0,55.0,102.0,35.0,24.0,23.0,0.0,16.0,69.0,41.0,129.0,34.0,0.0,67.0,136.0,3.0,1.0,3.0,2.0,2.0,4.0,5.0,0.0,0.0,6.0,24.0,1.0,0.0,0.0,1.0,0.0,2.0,1174.0,0.0,12.0,1.0,13.0,14.0,7.0,6.0,14.0,9.0,6535219099.0,9672551.0,大连市中山区,大连市中山区青泥洼桥街道,20.0,30.0,23.0,20.0,93.0,84.5,51.13288590604027,39.60348923533779
辽宁省,大连市,中山区,葵英街道,121.6458844,38.8987515,8.0,164.0,173.0,122.0,692.0,314.0,0.0,484.0,815.0,22.0,5.0,3.0,3.0,11.0,15.0,20.0,2.0,2.0,25.0,193.0,4.0,1.0,0.0,1.0,0.0,12.0,5703.0,1.0,70.0,2.0,71.0,52.0,77.0,30.0,23.0,14.0,0.0,10.0,16.0,1.0,57.0,11.0,0.0,8.0,68.0,0.0,0.0,0.0,0.0,0.0,1.0,1.0,0.0,0.0,0.0,3.0,0.0,0.0,0.0,0.0,0.0,2.0,579.0,0.0,25.0,0.0,5.0,3.0,3.0,6.0,12.0,4.0,6535219101.0,9672548.0,大连市中山区,大连市中山区葵英街道,20.0,30.0,13.0,20.0,83.0,84.5,51.13288590604027,39.60348923533779
辽宁省,大连市,中山区,桃源街道,121.6532288,38.8770416,42.0,28.0,39.0,15.0,345.0,159.0,0.0,54.0,321.0,9.0,2.0,0.0,1.0,3.0,9.0,10.0,0.0,1.0,1.0,26.0,0.0,0.0,1.0,0.0,0.0,8.0,2845.0,0.0,39.0,6.0,7.0,19.0,26.0,19.0,20.0,16.0,0.0,9.0,2.0,6.0,96.0,26.0,0.0,6.0,62.0,0.0,0.0,0.0,1.0,1.0,2.0,3.0,0.0,0.0,0.0,2.0,0.0,0.0,0.0,0.0,0.0,1.0,611.0,0.0,13.0,0.0,0.0,0.0,0.0,7.0,12.0,3.0,6535219106.0,9672553.0,大连市中山区,大连市中山区桃源街道,20.0,30.0,12.0,20.0,82.0,84.5,51.13288590604027,39.60348923533779
辽宁省,大连市,中山区,老虎滩街道,121.6872217,38.888741,55.0,23.0,17.0,40.0,286.0,100.0,0.0,66.0,203.0,9.0,2.0,0.0,1.0,3.0,9.0,10.0,0.0,0.0,0.0,17.0,13.0,1.0,1.0,0.0,1.0,14.0,1401.0,0.0,2.0,6.0,0.0,36.0,23.0,16.0,22.0,20.0,8.0,0.0,4.0,0.0,66.0,14.0,0.0,3.0,14.0,2.0,0.0,0.0,0.0,1.0,1.0,1.0,0.0,0.0,0.0,1.0,0.0,0.0,1.0,0.0,0.0,2.0,123.0,0.0,1.0,0.0,0.0,2.0,0.0,2.0,9.0,4.0,6535219103.0,9672550.0,大连市中山区,大连市中山区老虎滩街道,20.0,30.0,6.0,20.0,76.0,84.5,51.13288590604027,39.60348923533779
辽宁省,大连市,西岗区,香炉礁街道,121.5999293,38.9376654,104.0,149.0,139.0,117.0,571.0,425.0,0.0,160.0,659.0,8.0,6.0,3.0,3.0,4.0,22.0,23.0,2.0,0.0,3.0,33.0,32.0,1.0,7.0,4.0,6.0,14.0,3593.0,0.0,34.0,3.0,8.0,41.0,16.0,37.0,24.0,22.0,20.0,13.0,3.0,2.0,47.0,57.0,0.0,6.0,19.0,1.0,0.0,0.0,0.0,0.0,1.0,1.0,0.0,0.0,0.0,5.0,0.0,0.0,1.0,1.0,0.0,1.0,117.0,0.0,2.0,0.0,0.0,2.0,0.0,8.0,18.0,8.0,6535318375.0,9672710.0,大连市西岗区,大连市西岗区香炉礁街道,20.0,30.0,15.0,20.0,85.0,85.8,51.13288590604027,39.60348923533779
辽宁省,大连市,西岗区,日新街道,121.6196,38.9127185,89.0,270.0,272.0,200.0,591.0,527.0,0.0,669.0,1059.0,33.0,5.0,6.0,8.0,16.0,18.0,23.0,5.0,1.0,28.0,229.0,25.0,1.0,6.0,1.0,5.0,15.0,6292.0,3.0,107.0,8.0,77.0,81.0,98.0,37.0,23.0,23.0,0.0,53.0,36.0,26.0,114.0,70.0,0.0,139.0,156.0,4.0,2.0,1.0,0.0,3.0,1.0,2.0,1.0,0.0,2.0,47.0,0.0,0.0,0.0,0.0,0.0,3.0,1045.0,0.0,15.0,1.0,10.0,20.0,24.0,13.0,16.0,8.0,6535318374.0,9672709.0,大连市西岗区,大连市西岗区日新街道,20.0,30.0,23.0,20.0,93.0,85.8,51.13288590604027,39.60348923533779
辽宁省,大连市,西岗区,八一路街道,121.6269545,38.8875369,32.0,106.0,89.0,34.0,417.0,270.0,0.0,207.0,529.0,15.0,1.0,2.0,4.0,5.0,11.0,14.0,1.0,1.0,2.0,55.0,3.0,0.0,0.0,0.0,0.0,7.0,4111.0,2.0,76.0,4.0,13.0,44.0,62.0,24.0,23.0,17.0,0.0,10.0,19.0,4.0,49.0,43.0,0.0,2.0,69.0,0.0,0.0,0.0,0.0,0.0,0.0,0.0,0.0,0.0,0.0,2.0,0.0,0.0,0.0,0.0,0.0,1.0,464.0,0.0,0.0,0.0,1.0,3.0,2.0,6.0,14.0,6.0,6535318370.0,9672705.0,大连市西岗区,大连市西岗区八一路街道,20.0,30.0,7.0,20.0,77.0,85.8,51.13288590604027,39.60348923533779
辽宁省,大连市,西岗区,人民广场街道,121.6144341,38.9066993,87.0,264.0,262.0,194.0,570.0,563.0,0.0,704.0,1109.0,34.0,6.0,7.0,9.0,17.0,18.0,22.0,3.0,1.0,30.0,225.0,26.0,1.0,2.0,2.0,4.0,13.0,6084.0,3.0,141.0,4.0,69.0,82.0,96.0,43.0,24.0,23.0,0.0,54.0,21.0,12.0,94.0,37.0,0.0,96.0,163.0,1.0,2.0,2.0,1.0,1.0,1.0,1.0,1.0,0.0,1.0,21.0,1.0,0.0,0.0,0.0,0.0,3.0,772.0,2.0,10.0,1.0,3.0,20.0,2.0,10.0,16.0,11.0,6535318373.0,9672708.0,大连市西岗区,大连市西岗区人民广场街道,20.0,30.0,28.0,20.0,98.0,85.8,51.13288590604027,39.60348923533779
辽宁省,大连市,西岗区,白云街道,121.6087616,38.8956833,91.0,196.0,196.0,155.0,470.0,841.0,0.0,482.0,881.0,22.0,4.0,6.0,5.0,9.0,16.0,19.0,2.0,0.0,15.0,134.0,26.0,7.0,0.0,1.0,3.0,10.0,4995.0,2.0,117.0,4.0,34.0,90.0,103.0,33.0,23.0,21.0,12.0,37.0,6.0,2.0,50.0,6.0,0.0,6.0,58.0,0.0,0.0,0.0,0.0,0.0,0.0,0.0,0.0,0.0,0.0,1.0,0.0,0.0,0.0,0.0,0.0,1.0,524.0,0.0,9.0,0.0,2.0,4.0,2.0,5.0,14.0,6.0,6535318371.0,9672706.0,大连市西岗区,大连市西岗区白云街道,20.0,30.0,6.0,20.0,76.0,85.8,51.13288590604027,39.60348923533779
辽宁省,大连市,沙河口区,春柳街道,121.5776553,38.9372652,122.0,153.0,86.0,84.0,815.0,438.0,0.0,193.0,741.0,66.0,4.0,1.0,4.0,4.0,32.0,42.0,2.0,0.0,1.0,43.0,57.0,7.0,6.0,8.0,3.0,13.0,3195.0,1.0,26.0,3.0,7.0,52.0,12.0,40.0,23.0,22.0,16.0,30.0,10.0,0.0,123.0,32.0,0.0,23.0,115.0,0.0,0.0,0.0,1.0,1.0,8.0,9.0,0.0,0.0,0.0,1.0,4.0,0.0,1.0,0.0,1.0,2.0,502.0,0.0,0.0,1.0,1.0,5.0,5.0,10.0,16.0,7.0,6536349799.0,9674654.0,大连市沙河口区,大连市沙河口区春柳街道,20.0,30.0,16.0,20.0,86.0,87.14285714285714,51.13288590604027,39.60348923533779
辽宁省,大连市,沙河口区,马栏街道,121.5519977,38.9180253,47.0,100.0,68.0,70.0,757.0,447.0,0.0,154.0,559.0,6.0,3.0,0.0,5.0,5.0,24.0,36.0,3.0,0.0,1.0,29.0,30.0,0.0,2.0,1.0,1.0,7.0,3098.0,1.0,23.0,20.0,6.0,66.0,7.0,29.0,21.0,19.0,10.0,15.0,19.0,6.0,124.0,42.0,0.0,22.0,77.0,2.0,0.0,0.0,1.0,1.0,1.0,4.0,1.0,0.0,0.0,0.0,2.0,0.0,1.0,0.0,1.0,2.0,392.0,0.0,3.0,1.0,0.0,13.0,0.0,10.0,17.0,9.0,6536349802.0,9674657.0,大连市沙河口区,大连市沙河口区马栏街道,20.0,30.0,15.0,20.0,85.0,87.14285714285714,51.13288590604027,39.60348923533779
辽宁省,大连市,沙河口区,南沙河口街道,121.5539229,38.8998816,67.0,82.0,105.0,102.0,640.0,886.0,0.0,292.0,636.0,16.0,3.0,2.0,6.0,6.0,17.0,30.0,5.0,0.0,16.0,53.0,23.0,4.0,3.0,1.0,3.0,9.0,4014.0,1.0,128.0,33.0,18.0,114.0,23.0,30.0,24.0,22.0,0.0,10.0,6.0,2.0,80.0,21.0,0.0,5.0,58.0,0.0,1.0,0.0,0.0,0.0,0.0,1.0,0.0,0.0,0.0,1.0,4.0,0.0,1.0,0.0,0.0,1.0,157.0,0.0,0.0,10.0,0.0,4.0,1.0,3.0,13.0,6.0,6536349803.0,9674658.0,大连市沙河口区,大连市沙河口区南沙河口街道,20.0,30.0,6.0,20.0,76.0,87.14285714285714,51.13288590604027,39.60348923533779
辽宁省,大连市,沙河口区,黑石礁街道,121.5450671,38.8755395,34.0,17.0,88.0,60.0,424.0,339.0,0.0,578.0,347.0,28.0,3.0,1.0,7.0,8.0,17.0,37.0,4.0,0.0,22.0,67.0,32.0,3.0,2.0,0.0,3.0,12.0,2807.0,22.0,234.0,32.0,24.0,127.0,33.0,21.0,24.0,21.0,12.0,0.0,22.0,7.0,109.0,79.0,0.0,106.0,84.0,3.0,2.0,0.0,1.0,2.0,9.0,13.0,1.0,0.0,8.0,14.0,5.0,0.0,0.0,0.0,1.0,3.0,806.0,0.0,46.0,4.0,7.0,32.0,2.0,8.0,17.0,11.0,6536349800.0,9674655.0,大连市沙河口区,大连市沙河口区黑石礁街道,20.0,30.0,28.0,20.0,98.0,87.14285714285714,51.13288590604027,39.60348923533779
辽宁省,大连市,沙河口区,李家街道,121.553709,38.9378838,85.0,111.0,71.0,64.0,888.0,358.0,0.0,180.0,628.0,18.0,6.0,0.0,3.0,3.0,27.0,37.0,3.0,0.0,0.0,30.0,72.0,2.0,2.0,0.0,3.0,13.0,2847.0,0.0,14.0,2.0,4.0,46.0,10.0,33.0,23.0,22.0,10.0,6.0,9.0,12.0,118.0,11.0,0.0,14.0,76.0,0.0,0.0,0.0,0.0,0.0,7.0,10.0,0.0,0.0,0.0,4.0,16.0,0.0,0.0,0.0,0.0,1.0,164.0,0.0,0.0,0.0,0.0,5.0,2.0,7.0,16.0,4.0,6536349801.0,9674656.0,大连市沙河口区,大连市沙河口区李家街道,20.0,30.0,9.0,20.0,79.0,87.14285714285714,51.13288590604027,39.60348923533779
辽宁省,大连市,沙河口区,星海湾街道,121.5741022,38.884786,74.0,58.0,95.0,113.0,459.0,916.0,0.0,400.0,533.0,19.0,3.0,3.0,7.0,8.0,13.0,18.0,3.0,0.0,29.0,76.0,24.0,9.0,2.0,1.0,2.0,10.0,3688.0,1.0,188.0,25.0,20.0,97.0,71.0,24.0,23.0,23.0,19.0,0.0,9.0,25.0,56.0,75.0,0.0,94.0,73.0,2.0,0.0,0.0,3.0,3.0,2.0,2.0,0.0,0.0,14.0,21.0,9.0,5.0,0.0,0.0,1.0,1.0,486.0,0.0,15.0,1.0,0.0,13.0,24.0,12.0,14.0,12.0,6536349805.0,9674660.0,大连市沙河口区,大连市沙河口区星海湾街道,20.0,30.0,23.0,20.0,93.0,87.14285714285714,51.13288590604027,39.60348923533779
辽宁省,大连市,沙河口区,西安路街道,121.5922136,38.9155288,125.0,247.0,157.0,153.0,710.0,1016.0,0.0,392.0,1062.0,20.0,7.0,5.0,9.0,13.0,27.0,33.0,4.0,0.0,9.0,101.0,28.0,4.0,5.0,2.0,5.0,12.0,5744.0,3.0,116.0,3.0,21.0,115.0,26.0,45.0,23.0,25.0,20.0,57.0,45.0,29.0,95.0,44.0,0.0,38.0,214.0,3.0,0.0,0.0,2.0,2.0,5.0,6.0,0.0,0.0,2.0,14.0,22.0,0.0,0.0,0.0,1.0,1.0,860.0,0.0,11.0,0.0,4.0,13.0,5.0,14.0,18.0,7.0,6536349806.0,9674661.0,大连市沙河口区,大连市沙河口区西安路街道,20.0,30.0,23.0,20.0,93.0,87.14285714285714,51.13288590604027,39.60348923533779
辽宁省,大连市,甘井子区,周水子街道,121.5662819,38.9489795,105.0,113.0,80.0,69.0,848.0,505.0,1.0,140.0,610.0,80.0,7.0,1.0,1.0,1.0,27.0,32.0,1.0,0.0,0.0,47.0,72.0,10.0,6.0,9.0,2.0,15.0,2307.0,0.0,9.0,12.0,4.0,40.0,12.0,30.0,25.0,18.0,22.0,24.0,10.0,2.0,120.0,36.0,0.0,34.0,115.0,0.0,1.0,0.0,0.0,0.0,4.0,5.0,0.0,0.0,0.0,1.0,7.0,0.0,0.0,0.0,1.0,4.0,125.0,0.0,0.0,0.0,1.0,3.0,0.0,12.0,17.0,8.0,4609594019.0,9674888.0,大连市甘井子区,大连市甘井子区周水子街道,20.0,30.0,11.0,20.0,81.0,74.31333333333333,51.13288590604027,39.60348923533779
辽宁省,大连市,甘井子区,椒金山街道,121.5982516,38.9721738,58.0,38.0,105.0,78.0,706.0,357.0,1.0,107.0,374.0,75.0,4.0,1.0,2.0,2.0,11.0,12.0,1.0,0.0,0.0,23.0,62.0,9.0,11.0,10.0,2.0,12.0,784.0,0.0,0.0,0.0,0.0,26.0,2.0,26.0,24.0,20.0,15.0,0.0,11.0,8.0,128.0,19.0,0.0,0.0,32.0,2.0,0.0,0.0,0.0,0.0,0.0,0.0,0.0,0.0,0.0,0.0,5.0,0.0,0.0,0.0,0.0,2.0,45.0,0.0,0.0,0.0,0.0,7.0,0.0,6.0,11.0,5.0,4609593783.0,9674880.0,大连市甘井子区,大连市甘井子区椒金山街道,20.0,30.0,5.0,20.0,75.0,74.31333333333333,51.13288590604027,39.60348923533779
辽宁省,大连市,甘井子区,甘井子街道,121.635671,38.9816085,35.0,2.0,36.0,58.0,327.0,69.0,0.0,45.0,77.0,0.0,0.0,0.0,2.0,2.0,7.0,8.0,2.0,1.0,0.0,8.0,67.0,2.0,8.0,2.0,0.0,5.0,416.0,0.0,0.0,20.0,0.0,10.0,0.0,17.0,20.0,14.0,7.0,0.0,0.0,6.0,77.0,7.0,0.0,19.0,6.0,0.0,0.0,0.0,0.0,0.0,1.0,1.0,0.0,0.0,0.0,0.0,23.0,0.0,4.0,0.0,0.0,1.0,13.0,0.0,0.0,6.0,0.0,3.0,0.0,3.0,10.0,7.0,6536496530.0,9674878.0,大连市甘井子区,大连市甘井子区甘井子街道,20.0,26.0,5.0,20.0,71.0,74.31333333333333,51.13288590604027,39.60348923533779
辽宁省,大连市,甘井子区,南关岭街道,121.5886983,39.0147809,44.0,33.0,36.0,92.0,338.0,236.0,0.0,76.0,178.0,7.0,4.0,0.0,2.0,2.0,7.0,8.0,2.0,1.0,0.0,9.0,62.0,1.0,4.0,8.0,2.0,6.0,357.0,0.0,0.0,0.0,0.0,60.0,0.0,26.0,22.0,13.0,9.0,12.0,6.0,15.0,78.0,27.0,0.0,13.0,23.0,0.0,3.0,0.0,0.0,0.0,0.0,0.0,1.0,0.0,0.0,0.0,12.0,0.0,2.0,0.0,1.0,1.0,31.0,0.0,0.0,0.0,0.0,1.0,0.0,10.0,18.0,6.0,683046086.0,9674882.0,大连市甘井子区,大连市甘井子区南关岭街道,20.0,30.0,5.0,20.0,75.0,74.31333333333333,51.13288590604027,39.60348923533779
辽宁省,大连市,甘井子区,泡崖街道,121.5432886,38.9785963,16.0,46.0,45.0,39.0,413.0,349.0,0.0,79.0,227.0,19.0,4.0,1.0,1.0,1.0,4.0,4.0,0.0,0.0,0.0,26.0,19.0,0.0,7.0,3.0,0.0,7.0,588.0,0.0,1.0,17.0,0.0,14.0,2.0,22.0,20.0,13.0,0.0,0.0,0.0,18.0,73.0,4.0,0.0,0.0,44.0,0.0,0.0,0.0,0.0,0.0,0.0,0.0,0.0,0.0,0.0,0.0,1.0,0.0,0.0,0.0,0.0,3.0,34.0,0.0,0.0,0.0,0.0,3.0,0.0,1.0,6.0,2.0,6536496532.0,9674883.0,大连市甘井子区,大连市甘井子区泡崖街道,20.0,30.0,5.0,20.0,75.0,74.31333333333333,51.13288590604027,39.60348923533779
辽宁省,大连市,甘井子区,中华路街道,121.578752,38.9938686,40.0,44.0,69.0,74.0,621.0,311.0,0.0,53.0,254.0,5.0,5.0,1.0,3.0,3.0,5.0,7.0,2.0,0.0,0.0,7.0,53.0,0.0,9.0,8.0,1.0,8.0,351.0,0.0,0.0,17.0,0.0,23.0,0.0,26.0,22.0,12.0,3.0,1.0,17.0,8.0,100.0,31.0,0.0,12.0,32.0,0.0,0.0,0.0,0.0,0.0,2.0,2.0,0.0,0.0,0.0,6.0,0.0,0.0,0.0,0.0,1.0,1.0,9.0,0.0,0.0,0.0,0.0,0.0,0.0,7.0,17.0,1.0,6536496535.0,9674887.0,大连市甘井子区,大连市甘井子区中华路街道,20.0,30.0,16.0,20.0,86.0,74.31333333333333,51.13288590604027,39.60348923533779
辽宁省,大连市,甘井子区,机场街道,121.5413674,38.95703,47.0,69.0,46.0,87.0,664.0,402.0,0.0,179.0,427.0,61.0,6.0,1.0,0.0,0.0,17.0,22.0,0.0,0.0,0.0,38.0,66.0,4.0,1.0,4.0,2.0,15.0,1203.0,0.0,2.0,17.0,2.0,50.0,5.0,21.0,25.0,19.0,12.0,0.0,15.0,8.0,78.0,172.0,0.0,30.0,40.0,10.0,2.0,0.0,0.0,0.0,1.0,1.0,0.0,0.0,0.0,18.0,25.0,0.0,0.0,0.0,0.0,1.0,302.0,0.0,1.0,0.0,0.0,1.0,1.0,6.0,16.0,6.0,6536496531.0,9674881.0,大连市甘井子区,大连市甘井子区机场街道,20.0,30.0,16.0,20.0,86.0,74.31333333333333,51.13288590604027,39.60348923533779
辽宁省,大连市,甘井子区,辛寨子街道,121.514814,38.9611787,26.0,42.0,15.0,71.0,486.0,293.0,0.0,145.0,198.0,31.0,3.0,1.0,0.0,0.0,6.0,7.0,0.0,0.0,0.0,20.0,47.0,1.0,1.0,0.0,1.0,8.0,766.0,0.0,2.0,0.0,1.0,50.0,1.0,14.0,24.0,17.0,6.0,10.0,0.0,9.0,58.0,25.0,0.0,1.0,34.0,2.0,0.0,0.0,0.0,0.0,0.0,0.0,0.0,0.0,0.0,0.0,0.0,0.0,0.0,0.0,0.0,1.0,73.0,0.0,0.0,0.0,0.0,8.0,0.0,6.0,16.0,3.0,2195892719.0,9674886.0,大连市甘井子区,大连市甘井子区辛寨子街道,20.0,30.0,5.0,20.0,75.0,74.31333333333333,51.13288590604027,39.60348923533779
辽宁省,大连市,甘井子区,红旗街道,121.542928,38.9229251,49.0,81.0,41.0,52.0,687.0,162.0,0.0,122.0,415.0,5.0,3.0,0.0,3.0,3.0,17.0,26.0,3.0,0.0,0.0,15.0,49.0,1.0,2.0,0.0,2.0,6.0,2325.0,0.0,4.0,13.0,3.0,54.0,4.0,22.0,22.0,19.0,10.0,23.0,22.0,2.0,149.0,33.0,0.0,16.0,69.0,1.0,0.0,0.0,1.0,1.0,0.0,0.0,1.0,0.0,0.0,0.0,1.0,0.0,0.0,0.0,0.0,2.0,624.0,0.0,0.0,1.0,0.0,5.0,0.0,8.0,15.0,7.0,683046217.0,-1.0,大连市甘井子区,大连市甘井子区红旗街道,12.0,30.0,10.0,20.0,72.0,74.31333333333333,51.13288590604027,39.60348923533779
辽宁省,大连市,甘井子区,凌水街道,121.5174612,38.8765195,24.0,0.0,92.0,67.0,282.0,214.0,0.0,454.0,219.0,24.0,2.0,1.0,4.0,5.0,16.0,35.0,3.0,1.0,13.0,48.0,29.0,2.0,3.0,0.0,3.0,8.0,1558.0,22.0,153.0,12.0,26.0,111.0,22.0,17.0,22.0,21.0,0.0,0.0,18.0,15.0,59.0,17.0,0.0,120.0,19.0,8.0,0.0,1.0,3.0,3.0,3.0,12.0,2.0,0.0,1.0,15.0,6.0,0.0,0.0,0.0,0.0,3.0,289.0,10.0,75.0,5.0,5.0,31.0,7.0,6.0,15.0,11.0,683046245.0,-1.0,大连市甘井子区,大连市甘井子区凌水街道,12.0,30.0,28.0,20.0,90.0,74.31333333333333,51.13288590604027,39.60348923533779
辽宁省,大连市,甘井子区,大连湾街道,121.6977416,39.0377405,39.0,17.0,3.0,51.0,186.0,46.0,0.0,2.0,17.0,0.0,1.0,0.0,1.0,1.0,5.0,5.0,0.0,0.0,0.0,0.0,5.0,0.0,1.0,1.0,0.0,1.0,106.0,0.0,4.0,4.0,3.0,6.0,0.0,13.0,23.0,12.0,14.0,7.0,0.0,1.0,71.0,8.0,0.0,1.0,8.0,0.0,0.0,0.0,0.0,0.0,2.0,2.0,0.0,0.0,0.0,0.0,2.0,0.0,0.0,0.0,0.0,1.0,27.0,0.0,3.0,0.0,2.0,2.0,0.0,7.0,12.0,6.0,2268025606.0,9674877.0,大连市甘井子区,大连市甘井子区大连湾街道,16.0,28.0,5.0,17.700000000000003,66.7,74.31333333333333,51.13288590604027,39.60348923533779
辽宁省,大连市,甘井子区,泉水街道,121.6107797,39.0060288,91.0,35.0,34.0,126.0,404.0,241.0,0.0,52.0,198.0,7.0,7.0,0.0,1.0,1.0,11.0,12.0,4.0,1.0,0.0,15.0,82.0,3.0,3.0,9.0,1.0,7.0,518.0,0.0,0.0,0.0,0.0,18.0,0.0,29.0,22.0,15.0,13.0,0.0,0.0,40.0,77.0,91.0,0.0,0.0,32.0,0.0,0.0,0.0,1.0,1.0,4.0,4.0,0.0,1.0,0.0,3.0,36.0,1.0,1.0,9.0,0.0,1.0,155.0,0.0,0.0,0.0,0.0,2.0,0.0,6.0,11.0,8.0,6536496533.0,9674884.0,大连市甘井子区,大连市甘井子区泉水街道,20.0,30.0,15.0,20.0,85.0,74.31333333333333,51.13288590604027,39.60348923533779
辽宁省,大连市,甘井子区,革镇堡街道,121.5283749,39.0067165,5.0,28.0,7.0,32.0,153.0,113.0,0.0,35.0,33.0,1.0,0.0,0.0,2.0,2.0,2.0,2.0,0.0,0.0,0.0,1.0,4.0,0.0,10.0,0.0,1.0,3.0,40.0,0.0,0.0,0.0,0.0,28.0,0.0,14.0,19.0,10.0,0.0,2.0,0.0,12.0,62.0,23.0,0.0,7.0,5.0,0.0,0.0,0.0,0.0,0.0,2.0,2.0,0.0,0.0,0.0,0.0,1.0,0.0,1.0,0.0,1.0,1.0,4.0,0.0,0.0,0.0,0.0,0.0,0.0,5.0,7.0,5.0,2195892722.0,9674879.0,大连市甘井子区,大连市甘井子区革镇堡街道,18.0,28.0,5.0,8.4,59.4,74.31333333333333,51.13288590604027,39.60348923533779
辽宁省,大连市,甘井子区,营城子街道,121.3816044,38.9841694,16.0,9.0,0.0,13.0,164.0,28.0,0.0,0.0,44.0,0.0,1.0,0.0,0.0,0.0,2.0,2.0,0.0,0.0,0.0,0.0,9.0,0.0,0.0,0.0,0.0,4.0,9.0,0.0,0.0,1.0,0.0,2.0,0.0,5.0,11.0,7.0,4.0,0.0,0.0,4.0,19.0,7.0,0.0,0.0,17.0,0.0,1.0,0.0,0.0,0.0,1.0,1.0,0.0,0.0,0.0,0.0,2.0,0.0,0.0,0.0,0.0,1.0,1.0,0.0,0.0,0.0,0.0,0.0,0.0,4.0,8.0,1.0,2195892714.0,-1.0,大连市甘井子区,大连市甘井子区营城子街道,11.0,28.0,5.0,4.6,48.6,74.31333333333333,51.13288590604027,39.60348923533779
辽宁省,大连市,甘井子区,七贤岭街道,121.512279,38.858402,36.0,0.0,49.0,81.0,293.0,154.0,0.0,380.0,170.0,25.0,3.0,1.0,3.0,4.0,13.0,28.0,2.0,1.0,4.0,40.0,38.0,6.0,2.0,2.0,3.0,11.0,970.0,22.0,128.0,7.0,19.0,79.0,26.0,17.0,23.0,23.0,2.0,0.0,7.0,33.0,30.0,15.0,0.0,34.0,29.0,1.0,0.0,0.0,0.0,0.0,2.0,3.0,0.0,0.0,0.0,4.0,12.0,1.0,1.0,1.0,0.0,2.0,100.0,0.0,3.0,0.0,5.0,11.0,1.0,4.0,14.0,7.0,-1.0,-1.0,大连市甘井子区,大连市甘井子区七贤岭街道,5.0,30.0,14.0,20.0,69.0,74.31333333333333,51.13288590604027,39.60348923533779
辽宁省,大连市,旅顺口区,登峰街道,121.2690689,38.8272157,26.0,16.0,27.0,45.0,291.0,99.0,0.0,44.0,236.0,7.0,2.0,0.0,2.0,3.0,8.0,12.0,0.0,0.0,0.0,3.0,56.0,3.0,15.0,1.0,2.0,7.0,1755.0,1.0,0.0,7.0,2.0,30.0,9.0,20.0,20.0,22.0,0.0,0.0,1.0,4.0,46.0,1.0,0.0,2.0,22.0,1.0,0.0,0.0,0.0,0.0,1.0,1.0,0.0,0.0,0.0,0.0,2.0,0.0,1.0,0.0,0.0,1.0,158.0,1.0,0.0,0.0,0.0,2.0,2.0,5.0,10.0,6.0,6537193083.0,9675902.0,大连市旅顺口区,大连市旅顺口区登峰街道,20.0,30.0,5.0,20.0,75.0,59.17,51.13288590604027,39.60348923533779
辽宁省,大连市,旅顺口区,得胜街道,121.2675076,38.8030697,29.0,0.0,19.0,29.0,284.0,92.0,0.0,31.0,190.0,6.0,2.0,0.0,2.0,3.0,8.0,13.0,0.0,0.0,0.0,3.0,41.0,2.0,8.0,1.0,2.0,5.0,2041.0,1.0,2.0,23.0,3.0,52.0,8.0,17.0,18.0,22.0,2.0,0.0,0.0,6.0,80.0,24.0,0.0,4.0,24.0,0.0,0.0,0.0,0.0,0.0,3.0,5.0,0.0,0.0,0.0,2.0,12.0,1.0,2.0,0.0,0.0,1.0,801.0,0.0,0.0,0.0,0.0,13.0,1.0,7.0,13.0,12.0,6537193084.0,9675903.0,大连市旅顺口区,大连市旅顺口区得胜街道,20.0,30.0,7.0,20.0,77.0,59.17,51.13288590604027,39.60348923533779
辽宁省,大连市,旅顺口区,水师营街道,121.241856,38.8525086,12.0,26.0,10.0,20.0,90.0,65.0,0.0,29.0,72.0,1.0,0.0,0.0,0.0,0.0,2.0,2.0,0.0,0.0,0.0,0.0,44.0,1.0,11.0,1.0,0.0,8.0,34.0,0.0,0.0,1.0,0.0,5.0,5.0,11.0,18.0,16.0,6.0,11.0,4.0,2.0,25.0,34.0,0.0,1.0,18.0,0.0,0.0,0.0,0.0,0.0,1.0,1.0,0.0,0.0,0.0,0.0,17.0,0.0,1.0,1.0,0.0,1.0,1.0,0.0,0.0,0.0,0.0,2.0,0.0,2.0,15.0,5.0,1834443527.0,3074323.0,大连市旅顺口区,大连市旅顺口区水师营街道,20.0,28.0,5.0,7.6,60.6,59.17,51.13288590604027,39.60348923533779
辽宁省,大连市,旅顺口区,龙王塘街道,121.4169146,38.8516186,14.0,0.0,0.0,11.0,81.0,12.0,0.0,5.0,9.0,4.0,0.0,0.0,0.0,0.0,1.0,3.0,1.0,0.0,0.0,0.0,18.0,1.0,2.0,2.0,0.0,3.0,31.0,0.0,4.0,1.0,1.0,4.0,0.0,7.0,12.0,10.0,0.0,0.0,0.0,0.0,0.0,0.0,0.0,1.0,0.0,0.0,0.0,0.0,0.0,0.0,0.0,0.0,0.0,0.0,0.0,0.0,0.0,0.0,0.0,0.0,0.0,1.0,4.0,0.0,0.0,0.0,0.0,0.0,0.0,1.0,1.0,1.0,6537144160.0,3074327.0,大连市旅顺口区,大连市旅顺口区龙王塘街道,18.0,28.0,0.0,7.6,53.6,59.17,51.13288590604027,39.60348923533779
辽宁省,大连市,旅顺口区,铁山街道,121.1841049,38.7921473,19.0,20.0,13.0,19.0,119.0,80.0,0.0,11.0,33.0,0.0,0.0,0.0,1.0,1.0,0.0,4.0,0.0,0.0,0.0,0.0,18.0,0.0,5.0,0.0,0.0,8.0,49.0,0.0,1.0,2.0,1.0,21.0,1.0,9.0,16.0,16.0,10.0,6.0,7.0,5.0,10.0,4.0,0.0,0.0,11.0,0.0,0.0,0.0,0.0,0.0,0.0,0.0,0.0,0.0,0.0,0.0,1.0,0.0,0.0,0.0,0.0,1.0,1.0,0.0,0.0,0.0,0.0,0.0,0.0,3.0,11.0,6.0,1834443529.0,3074324.0,大连市旅顺口区,大连市旅顺口区铁山街道,20.0,26.0,0.0,9.2,55.2,59.17,51.13288590604027,39.60348923533779
辽宁省,大连市,旅顺口区,双岛湾街道,121.1756821,38.8941063,5.0,6.0,2.0,3.0,20.0,0.0,0.0,0.0,0.0,0.0,0.0,0.0,0.0,0.0,0.0,0.0,0.0,0.0,0.0,0.0,2.0,0.0,0.0,0.0,0.0,6.0,3.0,0.0,0.0,0.0,0.0,2.0,0.0,5.0,11.0,6.0,4.0,4.0,1.0,0.0,2.0,0.0,0.0,0.0,0.0,0.0,0.0,0.0,0.0,0.0,0.0,0.0,0.0,0.0,0.0,0.0,0.0,0.0,0.0,0.0,0.0,2.0,0.0,0.0,0.0,0.0,0.0,1.0,0.0,2.0,7.0,2.0,1834443518.0,3074322.0,大连市旅顺口区,大连市旅顺口区双岛湾街道,20.0,16.6,0.0,3.3,39.9,59.17,51.13288590604027,39.60348923533779
辽宁省,大连市,旅顺口区,三涧堡街道,121.2670441,38.91082,6.0,0.0,0.0,9.0,56.0,74.0,0.0,3.0,0.0,10.0,0.0,0.0,0.0,0.0,0.0,0.0,0.0,0.0,0.0,0.0,11.0,0.0,5.0,0.0,0.0,7.0,96.0,0.0,1.0,3.0,0.0,21.0,6.0,5.0,12.0,11.0,6.0,0.0,0.0,3.0,15.0,27.0,0.0,0.0,0.0,1.0,0.0,0.0,0.0,0.0,0.0,0.0,0.0,0.0,0.0,0.0,5.0,0.0,0.0,0.0,0.0,3.0,22.0,0.0,0.0,0.0,0.0,11.0,2.0,3.0,8.0,5.0,1834443502.0,3074320.0,大连市旅顺口区,大连市旅顺口区三涧堡街道,20.0,26.0,0.0,16.1,62.1,59.17,51.13288590604027,39.60348923533779
辽宁省,大连市,旅顺口区,长城街道,121.3135466,38.9335493,4.0,0.0,3.0,8.0,125.0,23.0,0.0,3.0,0.0,1.0,1.0,0.0,0.0,0.0,1.0,2.0,0.0,0.0,0.0,0.0,18.0,0.0,4.0,0.0,0.0,7.0,253.0,0.0,0.0,1.0,0.0,2.0,0.0,7.0,13.0,9.0,2.0,0.0,2.0,3.0,27.0,4.0,0.0,3.0,0.0,0.0,0.0,0.0,0.0,0.0,0.0,0.0,0.0,0.0,0.0,0.0,1.0,0.0,0.0,0.0,0.0,2.0,69.0,0.0,0.0,0.0,0.0,0.0,0.0,3.0,10.0,3.0,1834443534.0,3074325.0,大连市旅顺口区,大连市旅顺口区长城街道,20.0,28.0,0.0,20.0,68.0,59.17,51.13288590604027,39.60348923533779
辽宁省,大连市,旅顺口区,龙头街道,121.3064809,38.8677569,0.0,11.0,3.0,18.0,21.0,0.0,0.0,2.0,12.0,0.0,0.0,0.0,0.0,0.0,2.0,2.0,0.0,0.0,0.0,0.0,2.0,0.0,0.0,0.0,0.0,8.0,1.0,0.0,0.0,0.0,0.0,0.0,0.0,7.0,9.0,6.0,0.0,4.0,2.0,7.0,6.0,0.0,0.0,0.0,6.0,0.0,0.0,0.0,0.0,0.0,0.0,0.0,0.0,0.0,0.0,0.0,0.0,0.0,0.0,0.0,0.0,2.0,0.0,0.0,0.0,0.0,0.0,0.0,0.0,2.0,6.0,2.0,1834443551.0,3074326.0,大连市旅顺口区,大连市旅顺口区龙头街道,20.0,22.0,0.0,3.1,45.1,59.17,51.13288590604027,39.60348923533779
辽宁省,大连市,旅顺口区,江西街道,121.1510306,38.8054371,16.0,18.0,9.0,17.0,99.0,146.0,0.0,9.0,46.0,0.0,0.0,0.0,0.0,0.0,0.0,5.0,0.0,0.0,0.0,0.0,24.0,0.0,6.0,0.0,0.0,3.0,65.0,0.0,1.0,2.0,0.0,25.0,0.0,10.0,15.0,14.0,0.0,8.0,1.0,3.0,15.0,16.0,0.0,0.0,13.0,0.0,0.0,0.0,0.0,0.0,0.0,1.0,0.0,0.0,0.0,0.0,10.0,0.0,3.0,0.0,0.0,1.0,5.0,0.0,0.0,0.0,0.0,4.0,0.0,4.0,9.0,4.0,1834443528.0,9675905.0,大连市旅顺口区,大连市旅顺口区江西街道,18.0,26.0,0.0,11.2,55.2,59.17,51.13288590604027,39.60348923533779
辽宁省,大连市,金州区,拥政街道,121.7303923,39.1436955,14.0,2.0,24.0,12.0,124.0,17.0,0.0,10.0,10.0,1.0,3.0,0.0,0.0,0.0,6.0,6.0,0.0,0.0,0.0,0.0,5.0,0.0,1.0,0.0,0.0,4.0,282.0,0.0,0.0,1.0,0.0,11.0,0.0,13.0,14.0,9.0,5.0,0.0,10.0,4.0,7.0,2.0,0.0,2.0,4.0,0.0,1.0,0.0,0.0,0.0,2.0,2.0,0.0,0.0,0.0,0.0,1.0,0.0,1.0,0.0,0.0,1.0,24.0,0.0,0.0,0.0,0.0,2.0,0.0,6.0,10.0,5.0,6534116178.0,9670722.0,大连市金州区,大连市金州区拥政街道,19.0,30.0,5.0,20.0,74.0,51.068000000000005,51.13288590604027,39.60348923533779
辽宁省,大连市,金州区,友谊街道,121.6911286,39.1329642,36.0,8.0,25.0,15.0,115.0,18.0,0.0,2.0,6.0,1.0,3.0,0.0,0.0,0.0,4.0,4.0,0.0,0.0,0.0,0.0,19.0,0.0,1.0,0.0,0.0,6.0,125.0,0.0,1.0,0.0,2.0,11.0,1.0,12.0,16.0,12.0,9.0,4.0,0.0,2.0,6.0,2.0,0.0,0.0,0.0,0.0,0.0,0.0,0.0,0.0,1.0,1.0,0.0,0.0,0.0,0.0,1.0,0.0,0.0,0.0,0.0,4.0,1.0,0.0,0.0,0.0,0.0,1.0,0.0,4.0,8.0,5.0,6534116179.0,9670723.0,大连市金州区,大连市金州区友谊街道,20.0,30.0,5.0,16.6,71.6,51.068000000000005,51.13288590604027,39.60348923533779
辽宁省,大连市,金州区,马桥子街道,121.7668492,39.0500581,11.0,42.0,14.0,57.0,219.0,117.0,0.0,37.0,105.0,2.0,3.0,0.0,0.0,0.0,1.0,3.0,1.0,1.0,1.0,16.0,4.0,0.0,26.0,1.0,0.0,2.0,918.0,0.0,4.0,3.0,6.0,18.0,10.0,16.0,23.0,14.0,0.0,3.0,6.0,12.0,37.0,27.0,0.0,21.0,36.0,0.0,0.0,0.0,0.0,0.0,1.0,2.0,1.0,1.0,1.0,13.0,0.0,0.0,3.0,0.0,0.0,2.0,312.0,0.0,1.0,0.0,0.0,5.0,7.0,5.0,15.0,5.0,6534116176.0,9670720.0,大连市金州区,大连市金州区马桥子街道,17.0,30.0,20.0,20.0,87.0,51.068000000000005,51.13288590604027,39.60348923533779
辽宁省,大连市,金州区,海青岛街道,121.8295252,39.0142248,14.0,2.0,8.0,37.0,59.0,197.0,0.0,5.0,1.0,0.0,0.0,0.0,0.0,0.0,0.0,0.0,0.0,1.0,0.0,1.0,2.0,0.0,14.0,0.0,0.0,2.0,144.0,0.0,0.0,59.0,1.0,1.0,0.0,6.0,18.0,10.0,2.0,0.0,2.0,5.0,2.0,13.0,0.0,0.0,0.0,0.0,0.0,0.0,0.0,0.0,0.0,0.0,0.0,0.0,0.0,0.0,0.0,0.0,1.0,0.0,0.0,1.0,16.0,0.0,0.0,0.0,1.0,0.0,0.0,3.0,9.0,4.0,6534116175.0,9670719.0,大连市金州区,大连市金州区海青岛街道,17.0,26.0,0.0,20.0,63.0,51.068000000000005,51.13288590604027,39.60348923533779
辽宁省,大连市,金州区,大孤山街道,121.8015924,39.0131513,16.0,0.0,11.0,11.0,69.0,131.0,0.0,7.0,1.0,3.0,1.0,0.0,0.0,0.0,0.0,0.0,0.0,1.0,0.0,0.0,1.0,0.0,9.0,0.0,0.0,2.0,100.0,0.0,0.0,8.0,1.0,6.0,1.0,7.0,14.0,12.0,1.0,0.0,4.0,1.0,33.0,26.0,0.0,6.0,1.0,1.0,0.0,0.0,0.0,0.0,0.0,0.0,0.0,0.0,0.0,0.0,0.0,0.0,0.0,0.0,0.0,1.0,7.0,0.0,0.0,0.0,0.0,1.0,0.0,5.0,9.0,6.0,6534116172.0,9670716.0,大连市金州区,大连市金州区大孤山街道,17.0,30.0,0.0,15.5,62.5,51.068000000000005,51.13288590604027,39.60348923533779
辽宁省,大连市,金州区,站前街道,121.7209559,39.0680131,10.0,23.0,31.0,41.0,269.0,84.0,0.0,10.0,48.0,0.0,2.0,0.0,0.0,0.0,5.0,7.0,0.0,0.0,0.0,2.0,5.0,0.0,3.0,0.0,0.0,1.0,618.0,0.0,1.0,1.0,7.0,18.0,0.0,17.0,21.0,10.0,0.0,0.0,0.0,2.0,16.0,11.0,0.0,0.0,0.0,0.0,0.0,0.0,0.0,0.0,0.0,0.0,0.0,0.0,0.0,0.0,0.0,0.0,0.0,0.0,0.0,1.0,9.0,0.0,0.0,0.0,0.0,5.0,0.0,2.0,7.0,4.0,6534116180.0,9670724.0,大连市金州区,大连市金州区站前街道,16.0,28.0,0.0,20.0,64.0,51.068000000000005,51.13288590604027,39.60348923533779
辽宁省,大连市,金州区,先进街道,121.7617943,39.0931348,0.0,12.0,8.0,12.0,179.0,18.0,0.0,13.0,28.0,1.0,1.0,0.0,0.0,0.0,0.0,1.0,0.0,0.0,0.0,0.0,1.0,0.0,5.0,0.0,0.0,1.0,345.0,0.0,0.0,1.0,0.0,5.0,1.0,11.0,18.0,8.0,0.0,0.0,0.0,3.0,19.0,0.0,0.0,1.0,0.0,0.0,0.0,0.0,0.0,0.0,0.0,0.0,0.0,0.0,0.0,0.0,0.0,0.0,0.0,0.0,0.0,1.0,5.0,0.0,0.0,0.0,0.0,0.0,0.0,1.0,5.0,1.0,6534116177.0,9670721.0,大连市金州区,大连市金州区先进街道,16.0,30.0,0.0,20.0,66.0,51.068000000000005,51.13288590604027,39.60348923533779
辽宁省,大连市,金州区,董家沟街道,121.8860501,39.0888655,10.0,16.0,46.0,56.0,65.0,17.0,0.0,3.0,36.0,1.0,0.0,0.0,0.0,0.0,0.0,1.0,0.0,0.0,0.0,0.0,5.0,1.0,13.0,0.0,1.0,1.0,115.0,0.0,0.0,5.0,0.0,6.0,0.0,5.0,16.0,8.0,0.0,0.0,2.0,2.0,3.0,0.0,0.0,0.0,2.0,0.0,0.0,0.0,0.0,0.0,0.0,0.0,0.0,0.0,0.0,0.0,0.0,0.0,2.0,0.0,0.0,1.0,3.0,0.0,0.0,1.0,0.0,1.0,0.0,2.0,5.0,3.0,683046143.0,-1.0,大连市金州区,大连市金州区董家沟街道,8.0,28.0,0.0,16.4,52.4,51.068000000000005,51.13288590604027,39.60348923533779
辽宁省,大连市,金州区,金石滩街道,122.0147176,39.094852,17.0,0.0,17.0,67.0,99.0,53.0,1.0,185.0,138.0,6.0,0.0,0.0,2.0,3.0,5.0,8.0,2.0,0.0,0.0,11.0,42.0,2.0,0.0,0.0,1.0,2.0,129.0,0.0,4.0,0.0,6.0,20.0,12.0,7.0,20.0,14.0,10.0,0.0,5.0,19.0,35.0,10.0,0.0,61.0,54.0,0.0,0.0,0.0,2.0,3.0,3.0,4.0,0.0,0.0,0.0,1.0,23.0,0.0,0.0,0.0,0.0,1.0,15.0,0.0,4.0,0.0,0.0,3.0,0.0,2.0,15.0,3.0,683046186.0,-1.0,大连市金州区,大连市金州区金石滩街道,9.0,28.0,11.0,18.4,66.4,51.068000000000005,51.13288590604027,39.60348923533779
辽宁省,大连市,金州区,湾里街道,121.8490611,39.0638027,16.0,12.0,28.0,68.0,124.0,41.0,0.0,9.0,52.0,1.0,0.0,0.0,0.0,0.0,1.0,3.0,0.0,0.0,0.0,4.0,4.0,0.0,26.0,0.0,0.0,1.0,243.0,0.0,0.0,2.0,2.0,13.0,0.0,10.0,21.0,9.0,4.0,4.0,4.0,10.0,21.0,5.0,0.0,3.0,22.0,0.0,0.0,0.0,0.0,0.0,0.0,0.0,0.0,0.0,0.0,0.0,1.0,0.0,7.0,0.0,0.0,1.0,25.0,0.0,0.0,0.0,0.0,5.0,0.0,3.0,16.0,4.0,2268025609.0,-1.0,大连市金州区,大连市金州区湾里街道,8.0,28.0,0.0,20.0,56.0,51.068000000000005,51.13288590604027,39.60348923533779
辽宁省,大连市,金州区,二十里堡街道,121.7675498,39.1953785,1.0,0.0,3.0,25.0,22.0,0.0,0.0,0.0,8.0,0.0,0.0,0.0,0.0,0.0,0.0,0.0,0.0,0.0,0.0,0.0,0.0,0.0,0.0,0.0,0.0,4.0,16.0,0.0,0.0,0.0,0.0,0.0,0.0,6.0,8.0,4.0,1.0,0.0,2.0,3.0,1.0,0.0,0.0,0.0,0.0,0.0,0.0,0.0,0.0,0.0,0.0,0.0,0.0,0.0,0.0,0.0,0.0,0.0,0.0,0.0,0.0,1.0,0.0,0.0,0.0,0.0,0.0,0.0,0.0,2.0,7.0,0.0,683046172.0,-1.0,大连市金州区,大连市金州区二十里堡街道,11.0,20.7,0.0,3.6,35.3,51.068000000000005,51.13288590604027,39.60348923533779
辽宁省,大连市,金州区,亮甲店街道,121.9320555,39.213233,8.0,8.0,5.0,21.0,30.0,3.0,0.0,0.0,0.0,0.0,0.0,0.0,0.0,0.0,2.0,2.0,0.0,0.0,0.0,0.0,0.0,0.0,0.0,0.0,0.0,4.0,25.0,0.0,0.0,0.0,0.0,0.0,0.0,2.0,8.0,3.0,3.0,5.0,0.0,5.0,7.0,3.0,0.0,0.0,0.0,0.0,0.0,0.0,0.0,0.0,1.0,1.0,0.0,0.0,0.0,0.0,0.0,0.0,0.0,0.0,0.0,1.0,0.0,0.0,0.0,0.0,0.0,0.0,0.0,1.0,6.0,2.0,2260177462.0,-1.0,大连市金州区,大连市金州区亮甲店街道,11.0,22.1,5.0,4.0,42.1,51.068000000000005,51.13288590604027,39.60348923533779
辽宁省,大连市,金州区,登沙河街道,122.0521366,39.224229,0.0,0.0,7.0,28.0,35.0,12.0,0.0,0.0,0.0,0.0,1.0,0.0,0.0,0.0,0.0,0.0,0.0,0.0,0.0,2.0,0.0,0.0,1.0,1.0,1.0,5.0,31.0,0.0,0.0,0.0,1.0,0.0,1.0,6.0,10.0,7.0,0.0,0.0,0.0,8.0,19.0,0.0,0.0,0.0,0.0,0.0,0.0,0.0,0.0,0.0,0.0,0.0,0.0,0.0,0.0,0.0,0.0,0.0,0.0,0.0,0.0,1.0,1.0,0.0,0.0,0.0,0.0,0.0,0.0,2.0,4.0,0.0,2268032906.0,-1.0,大连市金州区,大连市金州区登沙河街道,12.0,26.0,0.0,6.7,44.7,51.068000000000005,51.13288590604027,39.60348923533779
辽宁省,大连市,金州区,大魏家街道,121.6891203,39.2048234,14.0,0.0,4.0,11.0,2.0,2.0,0.0,0.0,0.0,0.0,0.0,0.0,0.0,0.0,0.0,0.0,0.0,0.0,0.0,0.0,2.0,0.0,0.0,0.0,0.0,7.0,5.0,0.0,0.0,0.0,0.0,0.0,0.0,1.0,7.0,2.0,0.0,0.0,2.0,4.0,0.0,0.0,0.0,0.0,0.0,0.0,0.0,0.0,0.0,0.0,0.0,0.0,0.0,0.0,0.0,0.0,0.0,0.0,0.0,0.0,0.0,1.0,0.0,0.0,0.0,0.0,0.0,0.0,0.0,1.0,2.0,0.0,683046129.0,-1.0,大连市金州区,大连市金州区大魏家街道,12.0,13.9,0.0,1.5,27.4,51.068000000000005,51.13288590604027,39.60348923533779
辽宁省,大连市,金州区,杏树街道,122.1525585,39.2681658,1.0,0.0,0.0,25.0,14.0,0.0,0.0,0.0,0.0,0.0,0.0,0.0,0.0,0.0,0.0,0.0,0.0,0.0,0.0,0.0,0.0,0.0,0.0,0.0,0.0,3.0,18.0,0.0,0.0,1.0,0.0,1.0,0.0,8.0,7.0,4.0,0.0,0.0,0.0,12.0,5.0,0.0,0.0,0.0,0.0,0.0,0.0,0.0,0.0,0.0,0.0,0.0,0.0,0.0,0.0,0.0,0.0,0.0,0.0,0.0,0.0,1.0,4.0,0.0,0.0,0.0,0.0,1.0,0.0,3.0,2.0,1.0,2268032921.0,-1.0,大连市金州区,大连市金州区杏树街道,10.0,17.8,0.0,4.300000000000001,32.1,51.068000000000005,51.13288590604027,39.60348923533779
辽宁省,大连市,金州区,七顶山街道,121.7004765,39.2561484,18.0,0.0,1.0,17.0,31.0,1.0,0.0,0.0,0.0,0.0,0.0,0.0,0.0,0.0,0.0,0.0,0.0,0.0,0.0,0.0,4.0,0.0,3.0,0.0,0.0,2.0,5.0,0.0,0.0,2.0,0.0,0.0,0.0,1.0,8.0,7.0,9.0,0.0,0.0,2.0,0.0,0.0,0.0,0.0,0.0,0.0,0.0,0.0,0.0,0.0,0.0,0.0,0.0,0.0,0.0,0.0,1.0,0.0,0.0,0.0,0.0,1.0,0.0,0.0,0.0,0.0,0.0,0.0,0.0,1.0,3.0,3.0,683046100.0,-1.0,大连市金州区,大连市金州区七顶山街道,9.0,20.2,0.0,4.2,33.4,51.068000000000005,51.13288590604027,39.60348923533779
辽宁省,大连市,金州区,华家街道,122.0278486,39.2802386,4.0,0.0,0.0,13.0,3.0,0.0,0.0,0.0,0.0,0.0,0.0,0.0,0.0,0.0,0.0,0.0,0.0,0.0,0.0,0.0,0.0,0.0,0.0,0.0,0.0,7.0,27.0,0.0,0.0,0.0,0.0,0.0,0.0,1.0,4.0,3.0,1.0,0.0,0.0,3.0,0.0,0.0,0.0,0.0,0.0,0.0,0.0,0.0,0.0,0.0,0.0,0.0,0.0,0.0,0.0,0.0,0.0,0.0,0.0,0.0,0.0,1.0,1.0,0.0,0.0,0.0,0.0,0.0,0.0,1.0,2.0,0.0,2268032914.0,-1.0,大连市金州区,大连市金州区华家街道,12.0,12.6,0.0,4.300000000000001,28.900000000000002,51.068000000000005,51.13288590604027,39.60348923533779
辽宁省,大连市,金州区,向应街道,121.9322677,39.2683171,0.0,3.0,0.0,19.0,8.0,1.0,0.0,0.0,0.0,0.0,0.0,0.0,0.0,0.0,0.0,0.0,0.0,0.0,0.0,0.0,1.0,0.0,0.0,0.0,0.0,2.0,7.0,0.0,0.0,0.0,0.0,0.0,0.0,1.0,5.0,4.0,0.0,1.0,0.0,3.0,2.0,0.0,0.0,0.0,0.0,0.0,0.0,0.0,0.0,0.0,0.0,0.0,0.0,0.0,0.0,0.0,0.0,0.0,0.0,0.0,0.0,1.0,0.0,0.0,0.0,0.0,0.0,0.0,0.0,1.0,4.0,1.0,2260920541.0,-1.0,大连市金州区,大连市金州区向应街道,9.0,14.7,0.0,2.7,26.4,51.068000000000005,51.13288590604027,39.60348923533779
辽宁省,大连市,金州区,大李家街道,122.0435077,39.1759748,0.0,0.0,5.0,8.0,10.0,18.0,0.0,5.0,0.0,0.0,0.0,0.0,0.0,0.0,0.0,0.0,0.0,0.0,0.0,0.0,1.0,0.0,1.0,0.0,0.0,3.0,48.0,0.0,0.0,0.0,0.0,0.0,0.0,4.0,7.0,4.0,0.0,0.0,4.0,2.0,1.0,0.0,0.0,0.0,0.0,0.0,0.0,0.0,0.0,0.0,0.0,0.0,0.0,0.0,0.0,0.0,0.0,0.0,0.0,0.0,0.0,1.0,8.0,0.0,0.0,0.0,0.0,0.0,0.0,1.0,3.0,0.0,2260197273.0,-1.0,大连市金州区,大连市金州区大李家街道,10.0,15.8,0.0,7.6000000000000005,33.4,51.068000000000005,51.13288590604027,39.60348923533779
辽宁省,大连市,金州区,得胜街道,121.9515446,39.1546913,0.0,1.0,8.0,14.0,31.0,1.0,0.0,0.0,0.0,0.0,1.0,0.0,0.0,0.0,0.0,0.0,0.0,0.0,0.0,0.0,0.0,0.0,0.0,0.0,0.0,6.0,125.0,0.0,0.0,0.0,0.0,5.0,0.0,2.0,9.0,2.0,0.0,0.0,2.0,2.0,6.0,1.0,0.0,0.0,0.0,0.0,0.0,0.0,0.0,0.0,0.0,0.0,0.0,0.0,0.0,0.0,0.0,0.0,0.0,0.0,0.0,2.0,0.0,0.0,0.0,0.0,0.0,5.0,0.0,1.0,5.0,1.0,683046215.0,-1.0,大连市金州区,大连市金州区得胜街道,12.0,24.0,0.0,13.5,49.5,51.068000000000005,51.13288590604027,39.60348923533779
辽宁省,大连市,金州区,炮台街道,121.7701431,39.4797978,0.0,0.0,3.0,5.0,15.0,0.0,0.0,0.0,0.0,0.0,0.0,0.0,0.0,0.0,0.0,0.0,0.0,0.0,0.0,0.0,1.0,0.0,0.0,0.0,0.0,1.0,10.0,0.0,0.0,0.0,0.0,4.0,0.0,3.0,7.0,4.0,0.0,0.0,3.0,2.0,6.0,0.0,0.0,0.0,0.0,0.0,0.0,0.0,0.0,0.0,0.0,0.0,0.0,0.0,0.0,0.0,1.0,0.0,0.0,0.0,0.0,1.0,2.0,0.0,0.0,0.0,0.0,2.0,0.0,1.0,4.0,2.0,683046230.0,9668910.0,大连市金州区,大连市金州区炮台街道,16.0,18.3,0.0,3.2,37.5,51.068000000000005,51.13288590604027,39.60348923533779
辽宁省,大连市,金州区,复州湾街道,121.6627477,39.4098546,5.0,0.0,1.0,6.0,17.0,0.0,0.0,0.0,0.0,0.0,0.0,0.0,0.0,0.0,0.0,0.0,0.0,0.0,0.0,0.0,12.0,0.0,1.0,0.0,0.0,1.0,1.0,0.0,0.0,0.0,0.0,1.0,0.0,2.0,5.0,6.0,0.0,0.0,1.0,1.0,3.0,0.0,0.0,0.0,0.0,0.0,0.0,0.0,0.0,0.0,0.0,0.0,0.0,0.0,0.0,0.0,4.0,0.0,0.0,0.0,0.0,1.0,0.0,0.0,0.0,0.0,0.0,0.0,0.0,1.0,3.0,2.0,683046071.0,9668909.0,大连市金州区,大连市金州区复州湾街道,16.0,16.8,0.0,3.1,35.9,51.068000000000005,51.13288590604027,39.60348923533779
辽宁省,大连市,金州区,三十里堡街道,121.79688,39.2654536,3.0,0.0,17.0,16.0,70.0,9.0,0.0,0.0,4.0,0.0,2.0,0.0,0.0,0.0,2.0,2.0,0.0,0.0,0.0,0.0,9.0,0.0,0.0,0.0,0.0,4.0,16.0,0.0,0.0,0.0,0.0,1.0,0.0,6.0,10.0,6.0,0.0,0.0,4.0,8.0,40.0,3.0,0.0,0.0,0.0,0.0,0.0,0.0,0.0,0.0,2.0,2.0,0.0,0.0,0.0,0.0,3.0,0.0,0.0,0.0,0.0,1.0,6.0,0.0,0.0,0.0,0.0,1.0,0.0,2.0,4.0,4.0,683046142.0,-1.0,大连市金州区,大连市金州区三十里堡街道,11.0,28.0,5.0,5.2,49.2,51.068000000000005,51.13288590604027,39.60348923533779
辽宁省,大连市,金州区,石河街道,121.8503952,39.3427614,9.0,6.0,6.0,17.0,30.0,4.0,0.0,18.0,8.0,0.0,0.0,0.0,0.0,0.0,3.0,3.0,0.0,0.0,0.0,0.0,0.0,0.0,0.0,0.0,0.0,3.0,106.0,0.0,0.0,0.0,0.0,24.0,0.0,12.0,13.0,9.0,4.0,3.0,3.0,6.0,19.0,1.0,0.0,6.0,0.0,0.0,0.0,0.0,0.0,0.0,3.0,3.0,0.0,0.0,0.0,0.0,0.0,0.0,0.0,0.0,0.0,1.0,14.0,0.0,0.0,0.0,0.0,0.0,0.0,3.0,9.0,1.0,2197777409.0,-1.0,大连市金州区,大连市金州区石河街道,10.0,26.0,5.0,16.0,57.0,51.068000000000005,51.13288590604027,39.60348923533779
辽宁省,大连市,金州区,光中街道,121.7072856,39.094126,34.0,21.0,63.0,37.0,412.0,39.0,0.0,44.0,38.0,1.0,4.0,0.0,1.0,1.0,11.0,12.0,0.0,0.0,0.0,4.0,19.0,0.0,2.0,0.0,0.0,3.0,905.0,0.0,4.0,0.0,26.0,30.0,2.0,20.0,21.0,9.0,0.0,11.0,16.0,5.0,86.0,11.0,0.0,23.0,7.0,0.0,1.0,0.0,1.0,1.0,5.0,5.0,0.0,0.0,0.0,3.0,1.0,0.0,0.0,0.0,0.0,1.0,416.0,0.0,2.0,0.0,21.0,11.0,1.0,4.0,16.0,6.0,6534116174.0,18947269.0,大连市金州区,大连市金州区光中街道,18.0,30.0,13.0,20.0,81.0,51.068000000000005,51.13288590604027,39.60348923533779
辽宁省,大连市,普兰店区,丰荣街道,121.9691263,39.4062939,10.0,27.0,31.0,49.0,78.0,7.0,0.0,0.0,13.0,1.0,0.0,0.0,0.0,0.0,1.0,1.0,0.0,0.0,0.0,2.0,21.0,0.0,1.0,2.0,0.0,4.0,70.0,0.0,0.0,0.0,0.0,14.0,0.0,9.0,12.0,7.0,0.0,7.0,7.0,21.0,25.0,0.0,0.0,0.0,0.0,0.0,0.0,0.0,0.0,0.0,0.0,0.0,0.0,0.0,0.0,0.0,2.0,0.0,0.0,0.0,0.0,2.0,23.0,0.0,0.0,0.0,0.0,2.0,0.0,5.0,9.0,4.0,6531854755.0,9663471.0,大连市普兰店区,大连市普兰店区丰荣街道,19.0,28.0,0.0,12.8,59.8,30.29444444444444,51.13288590604027,39.60348923533779
辽宁省,大连市,普兰店区,铁西街道,121.9561435,39.4736571,0.0,1.0,0.0,6.0,13.0,2.0,0.0,0.0,0.0,0.0,0.0,0.0,0.0,0.0,0.0,0.0,0.0,0.0,0.0,0.0,0.0,0.0,0.0,0.0,0.0,2.0,12.0,0.0,0.0,0.0,0.0,0.0,0.0,2.0,7.0,1.0,0.0,0.0,0.0,1.0,3.0,0.0,0.0,0.0,0.0,0.0,0.0,0.0,0.0,0.0,0.0,0.0,0.0,0.0,0.0,0.0,0.0,0.0,0.0,0.0,0.0,1.0,3.0,0.0,0.0,0.0,0.0,0.0,0.0,1.0,3.0,0.0,6531854757.0,9663473.0,大连市普兰店区,大连市普兰店区铁西街道,17.0,17.0,0.0,2.0,36.0,30.29444444444444,51.13288590604027,39.60348923533779
辽宁省,大连市,普兰店区,太平街道,121.9934839,39.3520636,0.0,1.0,0.0,19.0,48.0,96.0,0.0,0.0,0.0,0.0,0.0,0.0,0.0,0.0,0.0,0.0,0.0,0.0,0.0,0.0,0.0,0.0,1.0,0.0,0.0,3.0,481.0,0.0,0.0,0.0,0.0,1.0,0.0,4.0,7.0,6.0,0.0,0.0,0.0,7.0,3.0,1.0,0.0,0.0,0.0,0.0,0.0,0.0,0.0,0.0,0.0,0.0,0.0,0.0,0.0,0.0,0.0,0.0,0.0,0.0,0.0,2.0,59.0,0.0,0.0,0.0,0.0,0.0,0.0,1.0,4.0,0.0,6531854756.0,9663472.0,大连市普兰店区,大连市普兰店区太平街道,18.0,23.5,0.0,19.0,60.5,30.29444444444444,51.13288590604027,39.60348923533779
辽宁省,大连市,普兰店区,皮口街道,122.3363204,39.4011306,15.0,1.0,13.0,12.0,45.0,3.0,0.0,1.0,0.0,0.0,0.0,0.0,0.0,0.0,1.0,1.0,0.0,0.0,0.0,0.0,0.0,0.0,0.0,0.0,0.0,3.0,0.0,0.0,0.0,1.0,0.0,0.0,0.0,6.0,10.0,7.0,5.0,0.0,7.0,4.0,11.0,2.0,0.0,0.0,0.0,0.0,0.0,0.0,0.0,0.0,0.0,0.0,0.0,0.0,0.0,0.0,0.0,0.0,0.0,0.0,0.0,2.0,0.0,0.0,0.0,1.0,0.0,0.0,0.0,1.0,6.0,1.0,1659252285.0,-1.0,大连市普兰店区,大连市普兰店区皮口街道,10.0,24.0,0.0,3.7,37.7,30.29444444444444,51.13288590604027,39.60348923533779
辽宁省,大连市,普兰店区,城子坦街道,122.4880321,39.5119229,3.0,0.0,1.0,12.0,17.0,2.0,0.0,0.0,0.0,0.0,0.0,0.0,0.0,0.0,0.0,0.0,0.0,0.0,0.0,0.0,0.0,0.0,0.0,0.0,0.0,5.0,9.0,0.0,0.0,0.0,0.0,0.0,0.0,4.0,8.0,2.0,0.0,0.0,1.0,3.0,8.0,0.0,0.0,0.0,0.0,0.0,0.0,0.0,0.0,0.0,0.0,0.0,0.0,0.0,0.0,0.0,0.0,0.0,0.0,0.0,0.0,1.0,0.0,0.0,0.0,0.0,0.0,0.0,0.0,1.0,4.0,2.0,1659252239.0,-1.0,大连市普兰店区,大连市普兰店区城子坦街道,12.0,19.8,0.0,1.9,33.7,30.29444444444444,51.13288590604027,39.60348923533779
辽宁省,大连市,普兰店区,大刘家街道,122.1715416,39.3520206,3.0,0.0,4.0,3.0,8.0,0.0,0.0,0.0,0.0,0.0,0.0,0.0,0.0,0.0,0.0,0.0,0.0,0.0,0.0,0.0,0.0,0.0,0.0,0.0,0.0,2.0,9.0,0.0,0.0,0.0,0.0,1.0,0.0,2.0,9.0,4.0,3.0,0.0,3.0,1.0,4.0,0.0,0.0,0.0,0.0,0.0,0.0,0.0,0.0,0.0,0.0,0.0,0.0,0.0,0.0,0.0,0.0,0.0,0.0,0.0,0.0,1.0,7.0,0.0,0.0,0.0,0.0,0.0,0.0,1.0,4.0,2.0,2260924100.0,-1.0,大连市普兰店区,大连市普兰店区大刘家街道,9.0,14.8,0.0,3.6,27.400000000000002,30.29444444444444,51.13288590604027,39.60348923533779
辽宁省,大连市,普兰店区,杨树房街道,122.2427165,39.4007934,1.0,2.0,1.0,25.0,14.0,0.0,0.0,0.0,0.0,0.0,0.0,0.0,0.0,0.0,0.0,0.0,0.0,0.0,0.0,0.0,0.0,0.0,0.0,0.0,0.0,3.0,0.0,0.0,0.0,0.0,0.0,0.0,0.0,3.0,9.0,1.0,0.0,1.0,0.0,10.0,10.0,0.0,0.0,0.0,0.0,0.0,0.0,0.0,0.0,0.0,0.0,0.0,0.0,0.0,0.0,0.0,0.0,0.0,0.0,0.0,0.0,2.0,0.0,0.0,0.0,0.0,0.0,0.0,0.0,1.0,3.0,1.0,2250337847.0,-1.0,大连市普兰店区,大连市普兰店区杨树房街道,10.0,19.8,0.0,0.5,30.3,30.29444444444444,51.13288590604027,39.60348923533779
辽宁省,大连市,普兰店区,大谭街道,122.1460076,39.4959005,0.0,0.0,1.0,9.0,1.0,0.0,0.0,0.0,0.0,0.0,0.0,0.0,0.0,0.0,0.0,0.0,0.0,0.0,0.0,0.0,0.0,0.0,0.0,0.0,0.0,2.0,0.0,0.0,0.0,0.0,0.0,0.0,0.0,1.0,3.0,1.0,0.0,0.0,1.0,3.0,0.0,0.0,0.0,0.0,0.0,0.0,0.0,0.0,0.0,0.0,0.0,0.0,0.0,0.0,0.0,0.0,0.0,0.0,0.0,0.0,0.0,1.0,0.0,0.0,0.0,0.0,0.0,0.0,0.0,1.0,2.0,0.0,2260930628.0,-1.0,大连市普兰店区,大连市普兰店区大谭街道,9.0,11.7,0.0,0.5,21.2,30.29444444444444,51.13288590604027,39.60348923533779
辽宁省,大连市,普兰店区,唐家房街道,122.1638282,39.3921794,0.0,3.0,1.0,1.0,0.0,0.0,0.0,0.0,0.0,0.0,0.0,0.0,0.0,0.0,0.0,0.0,0.0,0.0,0.0,0.0,0.0,0.0,0.0,0.0,0.0,1.0,0.0,0.0,0.0,0.0,0.0,0.0,0.0,2.0,3.0,2.0,0.0,1.0,0.0,0.0,0.0,0.0,0.0,0.0,0.0,0.0,0.0,0.0,0.0,0.0,0.0,0.0,0.0,0.0,0.0,0.0,0.0,0.0,0.0,0.0,0.0,1.0,0.0,0.0,0.0,0.0,0.0,0.0,0.0,1.0,1.0,0.0,2260924392.0,-1.0,大连市普兰店区,大连市普兰店区唐家房街道,8.0,7.5,0.0,1.0,16.5,30.29444444444444,51.13288590604027,39.60348923533779
辽宁省,大连市,普兰店区,莲山街道,122.2465283,39.5997696,2.0,3.0,3.0,1.0,22.0,0.0,0.0,0.0,0.0,0.0,0.0,0.0,0.0,0.0,0.0,0.0,0.0,0.0,0.0,0.0,0.0,0.0,0.0,0.0,0.0,1.0,62.0,0.0,0.0,0.0,0.0,1.0,0.0,1.0,6.0,2.0,2.0,1.0,3.0,0.0,8.0,0.0,0.0,0.0,0.0,0.0,0.0,0.0,0.0,0.0,0.0,0.0,0.0,0.0,0.0,0.0,0.0,0.0,0.0,0.0,0.0,1.0,26.0,0.0,0.0,0.0,0.0,1.0,0.0,1.0,5.0,1.0,2260953916.0,-1.0,大连市普兰店区,大连市普兰店区莲山街道,8.0,15.8,0.0,9.8,33.6,30.29444444444444,51.13288590604027,39.60348923533779
辽宁省,大连市,普兰店区,安波街道,122.3090716,39.8364,0.0,0.0,1.0,6.0,21.0,0.0,0.0,0.0,0.0,0.0,0.0,0.0,0.0,0.0,0.0,0.0,0.0,0.0,0.0,0.0,1.0,0.0,0.0,0.0,0.0,1.0,10.0,0.0,0.0,0.0,0.0,0.0,0.0,1.0,4.0,4.0,0.0,0.0,1.0,2.0,4.0,0.0,0.0,0.0,0.0,0.0,0.0,0.0,0.0,0.0,0.0,0.0,0.0,0.0,0.0,0.0,0.0,0.0,0.0,0.0,0.0,1.0,5.0,0.0,0.0,0.0,0.0,0.0,0.0,1.0,4.0,0.0,683046243.0,-1.0,大连市普兰店区,大连市普兰店区安波街道,8.0,17.4,0.0,3.5,28.9,30.29444444444444,51.13288590604027,39.60348923533779
辽宁省,大连市,普兰店区,沙包街道,122.2029664,39.677417,0.0,0.0,5.0,6.0,20.0,0.0,0.0,0.0,0.0,0.0,0.0,0.0,0.0,0.0,0.0,0.0,0.0,0.0,0.0,0.0,0.0,0.0,0.0,0.0,0.0,2.0,4.0,0.0,0.0,0.0,0.0,0.0,0.0,2.0,4.0,2.0,0.0,0.0,0.0,3.0,3.0,0.0,0.0,0.0,0.0,0.0,0.0,0.0,0.0,0.0,0.0,0.0,0.0,0.0,0.0,0.0,0.0,0.0,0.0,0.0,0.0,1.0,0.0,0.0,0.0,0.0,0.0,0.0,0.0,2.0,3.0,1.0,683046113.0,-1.0,大连市普兰店区,大连市普兰店区沙包街道,9.0,16.9,0.0,1.4,27.299999999999997,30.29444444444444,51.13288590604027,39.60348923533779
辽宁省,大连市,普兰店区,星台街道,122.3859687,39.6026852,0.0,3.0,1.0,1.0,10.0,0.0,0.0,0.0,0.0,0.0,0.0,0.0,0.0,0.0,0.0,0.0,0.0,0.0,0.0,0.0,0.0,0.0,0.0,0.0,0.0,2.0,0.0,0.0,0.0,0.0,0.0,0.0,0.0,1.0,5.0,0.0,0.0,1.0,1.0,0.0,2.0,0.0,0.0,0.0,0.0,0.0,0.0,0.0,0.0,0.0,0.0,0.0,0.0,0.0,0.0,0.0,0.0,0.0,0.0,0.0,0.0,1.0,0.0,0.0,0.0,0.0,0.0,0.0,0.0,1.0,4.0,0.0,2260953915.0,-1.0,大连市普兰店区,大连市普兰店区星台街道,9.0,11.1,0.0,0.0,20.1,30.29444444444444,51.13288590604027,39.60348923533779
辽宁省,大连市,普兰店区,墨盘街道,122.5201575,39.6567932,0.0,0.0,1.0,4.0,1.0,0.0,0.0,0.0,0.0,0.0,0.0,0.0,0.0,0.0,0.0,0.0,0.0,0.0,0.0,0.0,0.0,0.0,0.0,0.0,0.0,1.0,0.0,0.0,0.0,0.0,0.0,0.0,0.0,1.0,3.0,1.0,0.0,0.0,1.0,2.0,1.0,0.0,0.0,0.0,0.0,0.0,0.0,0.0,0.0,0.0,0.0,0.0,0.0,0.0,0.0,0.0,0.0,0.0,0.0,0.0,0.0,1.0,0.0,0.0,0.0,0.0,0.0,0.0,0.0,1.0,3.0,0.0,-1.0,-1.0,大连市普兰店区,大连市普兰店区墨盘街道,1.0,11.0,0.0,0.5,12.5,30.29444444444444,51.13288590604027,39.60348923533779
辽宁省,大连市,普兰店区,同益街道,122.2364517,39.8445655,0.0,0.0,1.0,6.0,6.0,0.0,0.0,0.0,0.0,0.0,0.0,0.0,0.0,0.0,0.0,0.0,0.0,0.0,0.0,0.0,0.0,0.0,0.0,0.0,0.0,1.0,5.0,0.0,0.0,0.0,0.0,1.0,0.0,1.0,4.0,2.0,0.0,0.0,0.0,3.0,2.0,0.0,0.0,0.0,0.0,0.0,0.0,0.0,0.0,0.0,0.0,0.0,0.0,0.0,0.0,0.0,0.0,0.0,0.0,0.0,0.0,1.0,4.0,0.0,0.0,0.0,0.0,1.0,0.0,1.0,2.0,2.0,2260946927.0,-1.0,大连市普兰店区,大连市普兰店区同益街道,8.0,13.8,0.0,1.9,23.7,30.29444444444444,51.13288590604027,39.60348923533779
辽宁省,大连市,普兰店区,乐甲街道,122.2604971,39.7417776,0.0,0.0,5.0,5.0,16.0,0.0,0.0,0.0,0.0,0.0,0.0,0.0,0.0,0.0,0.0,0.0,0.0,0.0,0.0,0.0,0.0,0.0,0.0,0.0,0.0,2.0,1.0,0.0,0.0,0.0,0.0,0.0,0.0,2.0,5.0,1.0,0.0,0.0,1.0,0.0,9.0,0.0,0.0,0.0,0.0,0.0,0.0,0.0,0.0,0.0,0.0,0.0,0.0,0.0,0.0,0.0,0.0,0.0,0.0,0.0,0.0,2.0,0.0,0.0,0.0,0.0,0.0,0.0,0.0,2.0,2.0,1.0,2260948509.0,-1.0,大连市普兰店区,大连市普兰店区乐甲街道,9.0,18.4,0.0,0.6,28.0,30.29444444444444,51.13288590604027,39.60348923533779
辽宁省,大连市,普兰店区,双塔街道,122.4689241,39.7637911,0.0,0.0,6.0,2.0,30.0,0.0,0.0,0.0,0.0,0.0,0.0,0.0,0.0,0.0,0.0,0.0,0.0,0.0,0.0,0.0,0.0,0.0,0.0,0.0,0.0,2.0,50.0,0.0,0.0,0.0,0.0,0.0,0.0,3.0,6.0,2.0,0.0,0.0,3.0,0.0,8.0,0.0,0.0,0.0,0.0,0.0,0.0,0.0,0.0,0.0,0.0,0.0,0.0,0.0,0.0,0.0,0.0,0.0,0.0,0.0,0.0,1.0,17.0,0.0,0.0,0.0,0.0,0.0,0.0,1.0,5.0,1.0,-1.0,-1.0,大连市普兰店区,大连市普兰店区双塔街道,2.0,18.4,0.0,7.7,28.099999999999998,30.29444444444444,51.13288590604027,39.60348923533779
辽宁省,大连市,普兰店区,四平街道,122.1747936,39.7834416,0.0,0.0,1.0,7.0,0.0,0.0,0.0,0.0,0.0,0.0,0.0,0.0,0.0,0.0,0.0,0.0,0.0,0.0,0.0,0.0,0.0,0.0,0.0,0.0,0.0,1.0,0.0,0.0,0.0,0.0,0.0,0.0,0.0,3.0,2.0,2.0,0.0,0.0,1.0,4.0,0.0,0.0,0.0,0.0,0.0,0.0,0.0,0.0,0.0,0.0,0.0,0.0,0.0,0.0,0.0,0.0,0.0,0.0,0.0,0.0,0.0,1.0,0.0,0.0,0.0,0.0,0.0,0.0,0.0,1.0,2.0,0.0,683046084.0,-1.0,大连市普兰店区,大连市普兰店区四平街道,8.0,11.0,0.0,1.0,20.0,30.29444444444444,51.13288590604027,39.60348923533779
辽宁省,大连市,长海县,大长山岛镇,122.5965808,39.2729457,3.0,0.0,0.0,9.0,30.0,0.0,0.0,0.0,1.0,0.0,0.0,2.0,0.0,0.0,5.0,5.0,0.0,0.0,0.0,0.0,0.0,0.0,0.0,0.0,0.0,2.0,6.0,0.0,0.0,2.0,0.0,8.0,0.0,4.0,4.0,4.0,1.0,0.0,0.0,5.0,9.0,0.0,0.0,0.0,0.0,0.0,0.0,1.0,0.0,0.0,4.0,4.0,0.0,0.0,0.0,0.0,0.0,0.0,0.0,0.0,0.0,1.0,0.0,0.0,0.0,0.0,0.0,6.0,0.0,4.0,3.0,3.0,1660273408.0,9660487.0,大连市长海县,大连市长海县大长山岛镇,17.0,22.7,10.0,2.8,52.5,43.5,51.13288590604027,39.60348923533779
辽宁省,大连市,长海县,獐子岛镇,122.7301481,39.028395,0.0,0.0,0.0,7.0,1.0,0.0,0.0,0.0,1.0,0.0,0.0,1.0,0.0,0.0,0.0,0.0,0.0,0.0,0.0,0.0,4.0,0.0,0.0,0.0,0.0,1.0,0.0,0.0,0.0,0.0,0.0,0.0,0.0,4.0,3.0,4.0,0.0,0.0,0.0,7.0,0.0,0.0,0.0,0.0,0.0,0.0,0.0,1.0,0.0,0.0,0.0,0.0,0.0,0.0,0.0,0.0,2.0,0.0,0.0,0.0,0.0,1.0,0.0,0.0,0.0,0.0,0.0,0.0,0.0,4.0,1.0,4.0,3262703619.0,9660453.0,大连市长海县,大连市长海县獐子岛镇,16.0,8.7,5.0,2.0,31.7,43.5,51.13288590604027,39.60348923533779
辽宁省,大连市,长海县,广鹿岛镇,122.3575262,39.1771981,0.0,0.0,0.0,11.0,69.0,1.0,0.0,1.0,1.0,1.0,0.0,1.0,0.0,0.0,0.0,0.0,0.0,0.0,0.0,0.0,6.0,0.0,0.0,0.0,0.0,6.0,74.0,0.0,0.0,0.0,0.0,0.0,0.0,4.0,6.0,4.0,0.0,0.0,0.0,3.0,4.0,0.0,0.0,0.0,0.0,0.0,0.0,0.0,0.0,0.0,0.0,0.0,0.0,0.0,0.0,0.0,0.0,0.0,0.0,0.0,0.0,1.0,0.0,0.0,0.0,0.0,0.0,0.0,0.0,4.0,2.0,3.0,1660273409.0,9660490.0,大连市长海县,大连市长海县广鹿岛镇,20.0,27.0,5.0,9.4,61.4,43.5,51.13288590604027,39.60348923533779
辽宁省,大连市,长海县,小长山岛镇,122.7096557,39.2335541,1.0,0.0,0.0,2.0,24.0,0.0,0.0,0.0,0.0,0.0,0.0,1.0,0.0,0.0,0.0,0.0,0.0,0.0,0.0,0.0,0.0,0.0,0.0,0.0,0.0,2.0,0.0,0.0,0.0,0.0,0.0,0.0,0.0,4.0,4.0,2.0,1.0,0.0,0.0,2.0,7.0,0.0,0.0,0.0,0.0,0.0,0.0,0.0,0.0,0.0,0.0,0.0,0.0,0.0,0.0,0.0,0.0,0.0,0.0,0.0,0.0,1.0,0.0,0.0,0.0,0.0,0.0,0.0,0.0,4.0,4.0,2.0,1660273410.0,-1.0,大连市长海县,大连市长海县小长山岛镇,9.0,15.9,5.0,1.0,30.9,43.5,51.13288590604027,39.60348923533779
辽宁省,大连市,长海县,海洋岛镇,123.1721676,39.0577331,0.0,0.0,16.0,30.0,34.0,17.0,0.0,0.0,1.0,0.0,0.0,0.0,0.0,0.0,0.0,0.0,0.0,0.0,0.0,0.0,0.0,0.0,0.0,0.0,0.0,2.0,21.0,0.0,6.0,1.0,0.0,1.0,0.0,5.0,6.0,9.0,0.0,0.0,9.0,5.0,17.0,7.0,0.0,0.0,0.0,0.0,0.0,0.0,0.0,0.0,0.0,0.0,0.0,0.0,0.0,0.0,0.0,0.0,0.0,0.0,0.0,1.0,7.0,0.0,0.0,1.0,0.0,1.0,0.0,5.0,6.0,7.0,3262703618.0,-1.0,大连市长海县,大连市长海县海洋岛镇,9.0,25.0,0.0,7.0,41.0,43.5,51.13288590604027,39.60348923533779
辽宁省,大连市,瓦房店市,新华街道,122.0016774,39.6451628,11.0,22.0,29.0,25.0,58.0,13.0,0.0,0.0,0.0,0.0,1.0,0.0,0.0,0.0,0.0,0.0,0.0,0.0,0.0,0.0,0.0,0.0,1.0,0.0,0.0,6.0,25.0,0.0,0.0,1.0,0.0,8.0,0.0,10.0,10.0,6.0,0.0,3.0,6.0,9.0,13.0,8.0,0.0,0.0,0.0,0.0,0.0,0.0,0.0,0.0,0.0,0.0,0.0,0.0,0.0,0.0,0.0,0.0,1.0,0.0,0.0,1.0,9.0,0.0,0.0,1.0,0.0,5.0,0.0,4.0,7.0,4.0,6533361256.0,9669085.0,大连市瓦房店市,大连市瓦房店市新华街道,20.0,26.0,0.0,6.6,52.6,30.753125,51.13288590604027,39.60348923533779
辽宁省,大连市,瓦房店市,文兰街道,121.9827104,39.6177054,13.0,24.0,56.0,20.0,67.0,2.0,0.0,0.0,0.0,0.0,2.0,0.0,0.0,0.0,0.0,0.0,0.0,0.0,0.0,0.0,0.0,0.0,0.0,0.0,0.0,6.0,5.0,0.0,0.0,0.0,0.0,3.0,0.0,11.0,10.0,5.0,2.0,5.0,10.0,1.0,20.0,0.0,0.0,0.0,0.0,0.0,0.0,0.0,0.0,0.0,0.0,0.0,0.0,0.0,0.0,0.0,0.0,0.0,0.0,0.0,0.0,1.0,2.0,0.0,0.0,0.0,0.0,2.0,0.0,3.0,6.0,2.0,6533361255.0,9669084.0,大连市瓦房店市,大连市瓦房店市文兰街道,20.0,26.0,0.0,3.2,49.2,30.753125,51.13288590604027,39.60348923533779
辽宁省,大连市,瓦房店市,岭东街道,122.0262992,39.6276148,12.0,13.0,30.0,23.0,38.0,6.0,0.0,0.0,0.0,0.0,0.0,0.0,0.0,0.0,0.0,0.0,0.0,0.0,0.0,0.0,0.0,0.0,1.0,0.0,0.0,5.0,8.0,0.0,0.0,0.0,0.0,5.0,0.0,11.0,10.0,6.0,2.0,0.0,1.0,1.0,5.0,0.0,0.0,0.0,0.0,0.0,0.0,0.0,0.0,0.0,0.0,0.0,0.0,0.0,0.0,0.0,0.0,0.0,0.0,0.0,0.0,1.0,0.0,0.0,0.0,0.0,0.0,0.0,0.0,3.0,4.0,1.0,6533361253.0,9669082.0,大连市瓦房店市,大连市瓦房店市岭东街道,20.0,23.1,0.0,3.8,46.9,30.753125,51.13288590604027,39.60348923533779
辽宁省,大连市,瓦房店市,共济街道,121.9929077,39.6276022,13.0,29.0,52.0,24.0,77.0,10.0,0.0,0.0,0.0,0.0,1.0,0.0,0.0,0.0,0.0,0.0,0.0,0.0,0.0,0.0,0.0,0.0,1.0,0.0,0.0,7.0,15.0,0.0,0.0,1.0,0.0,9.0,0.0,10.0,11.0,6.0,8.0,13.0,16.0,4.0,18.0,1.0,0.0,0.0,0.0,0.0,0.0,0.0,0.0,0.0,0.0,0.0,0.0,0.0,0.0,0.0,0.0,0.0,0.0,0.0,0.0,1.0,3.0,0.0,0.0,0.0,0.0,1.0,0.0,6.0,7.0,2.0,6533361252.0,9669081.0,大连市瓦房店市,大连市瓦房店市共济街道,20.0,26.0,0.0,4.9,50.9,30.753125,51.13288590604027,39.60348923533779
辽宁省,大连市,瓦房店市,铁东街道,122.0082851,39.6233869,12.0,23.0,42.0,22.0,62.0,8.0,0.0,0.0,0.0,0.0,1.0,0.0,0.0,0.0,0.0,0.0,0.0,0.0,0.0,0.0,0.0,0.0,1.0,0.0,0.0,6.0,12.0,0.0,0.0,0.0,0.0,8.0,0.0,12.0,11.0,7.0,7.0,9.0,10.0,10.0,17.0,1.0,0.0,0.0,0.0,0.0,0.0,0.0,0.0,0.0,0.0,0.0,0.0,0.0,0.0,0.0,0.0,0.0,0.0,0.0,0.0,2.0,1.0,0.0,0.0,0.0,0.0,1.0,0.0,9.0,8.0,4.0,6533361254.0,9669083.0,大连市瓦房店市,大连市瓦房店市铁东街道,20.0,26.0,0.0,4.8,50.8,30.753125,51.13288590604027,39.60348923533779
辽宁省,大连市,瓦房店市,祝华街道,122.003359,39.66689,0.0,10.0,10.0,17.0,31.0,19.0,0.0,0.0,0.0,0.0,0.0,0.0,0.0,0.0,0.0,0.0,0.0,0.0,0.0,0.0,0.0,0.0,1.0,0.0,0.0,3.0,59.0,0.0,0.0,1.0,0.0,7.0,0.0,4.0,8.0,5.0,0.0,3.0,1.0,6.0,0.0,7.0,0.0,0.0,0.0,0.0,0.0,0.0,0.0,0.0,0.0,0.0,0.0,0.0,0.0,0.0,0.0,0.0,0.0,0.0,0.0,1.0,5.0,0.0,0.0,0.0,0.0,0.0,0.0,2.0,4.0,3.0,6533361257.0,9669087.0,大连市瓦房店市,大连市瓦房店市祝华街道,18.0,20.2,0.0,9.0,47.2,30.753125,51.13288590604027,39.60348923533779
辽宁省,大连市,瓦房店市,岗店街道,121.964169,39.6138714,7.0,20.0,39.0,16.0,52.0,1.0,0.0,0.0,0.0,0.0,2.0,0.0,0.0,0.0,0.0,0.0,0.0,0.0,0.0,0.0,0.0,0.0,0.0,0.0,0.0,4.0,3.0,0.0,0.0,0.0,0.0,2.0,0.0,5.0,10.0,2.0,0.0,3.0,3.0,2.0,3.0,0.0,0.0,0.0,0.0,0.0,0.0,0.0,0.0,0.0,0.0,0.0,0.0,0.0,0.0,0.0,0.0,0.0,0.0,0.0,0.0,1.0,0.0,0.0,0.0,0.0,0.0,0.0,0.0,2.0,4.0,1.0,6533361251.0,9669080.0,大连市瓦房店市,大连市瓦房店市岗店街道,19.0,26.0,0.0,1.3,46.3,30.753125,51.13288590604027,39.60348923533779
辽宁省,大连市,瓦房店市,太阳街道,121.8685923,39.7414825,0.0,0.0,1.0,6.0,1.0,0.0,0.0,0.0,0.0,0.0,0.0,0.0,0.0,0.0,0.0,0.0,0.0,0.0,0.0,0.0,0.0,0.0,0.0,0.0,0.0,4.0,0.0,0.0,0.0,0.0,0.0,0.0,0.0,3.0,5.0,1.0,0.0,0.0,1.0,3.0,0.0,0.0,0.0,0.0,0.0,0.0,0.0,0.0,0.0,0.0,0.0,0.0,0.0,0.0,0.0,0.0,0.0,0.0,0.0,0.0,0.0,2.0,0.0,0.0,0.0,0.0,0.0,0.0,0.0,3.0,4.0,0.0,2266977609.0,-1.0,大连市瓦房店市,大连市瓦房店市太阳街道,11.0,12.7,0.0,0.5,24.2,30.753125,51.13288590604027,39.60348923533779
辽宁省,大连市,瓦房店市,长兴岛街道,121.4480847,39.6007284,2.0,0.0,11.0,9.0,34.0,7.0,0.0,1.0,0.0,1.0,1.0,0.0,0.0,0.0,0.0,0.0,0.0,0.0,0.0,1.0,32.0,2.0,3.0,0.0,0.0,1.0,1.0,0.0,0.0,5.0,0.0,11.0,1.0,7.0,6.0,12.0,1.0,0.0,5.0,6.0,22.0,0.0,0.0,1.0,0.0,0.0,0.0,0.0,0.0,0.0,0.0,0.0,0.0,0.0,0.0,1.0,19.0,1.0,0.0,0.0,0.0,1.0,1.0,0.0,0.0,0.0,0.0,1.0,1.0,1.0,5.0,5.0,2264558160.0,9669079.0,大连市瓦房店市,大连市瓦房店市长兴岛街道,16.0,27.0,1.0,4.7,48.7,30.753125,51.13288590604027,39.60348923533779
辽宁省,大连市,瓦房店市,九龙街道,121.8681848,39.5735312,0.0,1.0,0.0,6.0,2.0,0.0,0.0,0.0,0.0,0.0,0.0,0.0,0.0,0.0,0.0,0.0,0.0,0.0,0.0,0.0,0.0,0.0,0.0,0.0,0.0,3.0,0.0,0.0,0.0,0.0,0.0,0.0,0.0,1.0,3.0,2.0,0.0,1.0,0.0,1.0,1.0,0.0,0.0,0.0,0.0,0.0,0.0,0.0,0.0,0.0,0.0,0.0,0.0,0.0,0.0,0.0,0.0,0.0,0.0,0.0,0.0,1.0,0.0,0.0,0.0,0.0,0.0,0.0,0.0,1.0,3.0,1.0,4787634513.0,-1.0,大连市瓦房店市,大连市瓦房店市九龙街道,10.0,12.2,0.0,1.0,23.2,30.753125,51.13288590604027,39.60348923533779
辽宁省,大连市,瓦房店市,交流岛街道,121.4096121,39.4385624,0.0,1.0,2.0,4.0,1.0,0.0,0.0,0.0,0.0,0.0,0.0,0.0,0.0,0.0,0.0,0.0,0.0,0.0,0.0,0.0,3.0,0.0,1.0,0.0,0.0,1.0,0.0,0.0,0.0,1.0,0.0,1.0,0.0,4.0,4.0,6.0,0.0,1.0,0.0,4.0,0.0,0.0,0.0,0.0,0.0,0.0,0.0,0.0,0.0,0.0,0.0,0.0,0.0,0.0,0.0,0.0,1.0,0.0,0.0,0.0,0.0,1.0,0.0,0.0,0.0,0.0,0.0,0.0,0.0,1.0,2.0,3.0,2265778527.0,-1.0,大连市瓦房店市,大连市瓦房店市交流岛街道,8.0,11.2,0.0,3.1,22.3,30.753125,51.13288590604027,39.60348923533779
辽宁省,大连市,瓦房店市,复州城镇,121.709034,39.7308123,3.0,0.0,15.0,7.0,62.0,10.0,0.0,0.0,0.0,0.0,0.0,0.0,0.0,0.0,3.0,3.0,0.0,0.0,0.0,0.0,0.0,0.0,0.0,0.0,0.0,1.0,1.0,0.0,0.0,0.0,0.0,0.0,0.0,2.0,6.0,1.0,0.0,0.0,6.0,4.0,51.0,7.0,0.0,0.0,0.0,0.0,0.0,0.0,0.0,0.0,2.0,2.0,0.0,0.0,0.0,0.0,0.0,0.0,0.0,0.0,0.0,1.0,1.0,0.0,0.0,0.0,0.0,0.0,0.0,1.0,5.0,0.0,2260241635.0,-1.0,大连市瓦房店市,大连市瓦房店市复州城镇,8.0,23.0,5.0,0.7,36.7,30.753125,51.13288590604027,39.60348923533779
辽宁省,大连市,瓦房店市,松树镇,122.0979315,39.8316586,0.0,1.0,1.0,1.0,1.0,0.0,0.0,0.0,0.0,0.0,0.0,0.0,0.0,0.0,0.0,0.0,0.0,0.0,0.0,0.0,0.0,0.0,0.0,0.0,0.0,1.0,0.0,0.0,0.0,0.0,0.0,0.0,0.0,2.0,4.0,2.0,0.0,1.0,1.0,0.0,0.0,0.0,0.0,0.0,0.0,0.0,0.0,0.0,0.0,0.0,0.0,0.0,0.0,0.0,0.0,0.0,0.0,0.0,0.0,0.0,0.0,1.0,0.0,0.0,0.0,0.0,0.0,0.0,0.0,2.0,2.0,1.0,2268087722.0,-1.0,大连市瓦房店市,大连市瓦房店市松树镇,8.0,8.2,0.0,1.0,17.2,30.753125,51.13288590604027,39.60348923533779
辽宁省,大连市,瓦房店市,得利寺镇,122.0565611,39.7820576,0.0,1.0,0.0,9.0,0.0,0.0,0.0,0.0,0.0,0.0,0.0,0.0,0.0,0.0,0.0,0.0,0.0,0.0,0.0,0.0,0.0,0.0,0.0,0.0,0.0,3.0,0.0,0.0,0.0,0.0,0.0,0.0,0.0,2.0,2.0,2.0,0.0,1.0,0.0,1.0,0.0,0.0,0.0,0.0,0.0,0.0,0.0,0.0,0.0,0.0,0.0,0.0,0.0,0.0,0.0,0.0,0.0,0.0,0.0,0.0,0.0,1.0,0.0,0.0,0.0,0.0,0.0,0.0,0.0,2.0,2.0,1.0,2268089988.0,-1.0,大连市瓦房店市,大连市瓦房店市得利寺镇,10.0,11.0,0.0,1.0,22.0,30.753125,51.13288590604027,39.60348923533779
辽宁省,大连市,瓦房店市,万家岭镇,122.1579583,39.938007,0.0,1.0,0.0,4.0,0.0,0.0,0.0,0.0,0.0,0.0,0.0,0.0,0.0,0.0,0.0,0.0,0.0,0.0,0.0,0.0,0.0,0.0,0.0,0.0,0.0,1.0,0.0,0.0,0.0,0.0,0.0,0.0,0.0,2.0,2.0,1.0,0.0,1.0,0.0,2.0,0.0,0.0,0.0,0.0,0.0,0.0,0.0,0.0,0.0,0.0,0.0,0.0,0.0,0.0,0.0,0.0,0.0,0.0,0.0,0.0,0.0,1.0,0.0,0.0,0.0,0.0,0.0,0.0,0.0,2.0,2.0,1.0,2268097656.0,-1.0,大连市瓦房店市,大连市瓦房店市万家岭镇,8.0,10.0,0.0,0.5,18.5,30.753125,51.13288590604027,39.60348923533779
辽宁省,大连市,瓦房店市,许屯镇,122.080354,40.0386371,0.0,0.0,3.0,8.0,0.0,0.0,0.0,0.0,0.0,0.0,0.0,0.0,0.0,0.0,0.0,0.0,0.0,0.0,0.0,0.0,0.0,0.0,0.0,0.0,0.0,1.0,0.0,0.0,0.0,1.0,0.0,0.0,0.0,7.0,2.0,1.0,0.0,0.0,3.0,1.0,0.0,0.0,0.0,0.0,0.0,0.0,0.0,0.0,0.0,0.0,0.0,0.0,0.0,0.0,0.0,0.0,0.0,0.0,0.0,0.0,0.0,1.0,0.0,0.0,0.0,0.0,0.0,0.0,0.0,7.0,2.0,1.0,1660110955.0,-1.0,大连市瓦房店市,大连市瓦房店市许屯镇,8.0,11.0,0.0,0.6,19.6,30.753125,51.13288590604027,39.60348923533779
辽宁省,大连市,瓦房店市,永宁镇,121.8804752,39.9212773,1.0,0.0,1.0,5.0,2.0,0.0,0.0,0.0,0.0,0.0,0.0,0.0,0.0,0.0,0.0,0.0,0.0,0.0,0.0,0.0,0.0,0.0,0.0,0.0,0.0,2.0,0.0,0.0,0.0,0.0,0.0,0.0,0.0,2.0,6.0,0.0,1.0,0.0,1.0,3.0,0.0,0.0,0.0,0.0,0.0,0.0,0.0,0.0,0.0,0.0,0.0,0.0,0.0,0.0,0.0,0.0,0.0,0.0,0.0,0.0,0.0,1.0,0.0,0.0,0.0,0.0,0.0,0.0,0.0,2.0,3.0,0.0,2268091577.0,-1.0,大连市瓦房店市,大连市瓦房店市永宁镇,9.0,13.4,0.0,0.0,22.4,30.753125,51.13288590604027,39.60348923533779
辽宁省,大连市,瓦房店市,谢屯镇,121.519389,39.4465003,1.0,3.0,2.0,12.0,3.0,1.0,0.0,0.0,0.0,0.0,0.0,0.0,0.0,0.0,0.0,0.0,0.0,0.0,0.0,0.0,2.0,0.0,1.0,0.0,0.0,1.0,0.0,0.0,0.0,0.0,0.0,0.0,0.0,2.0,7.0,2.0,0.0,1.0,0.0,5.0,1.0,0.0,0.0,0.0,0.0,0.0,0.0,0.0,0.0,0.0,0.0,0.0,0.0,0.0,0.0,0.0,0.0,0.0,0.0,0.0,0.0,1.0,0.0,0.0,0.0,0.0,0.0,0.0,0.0,1.0,3.0,0.0,683046201.0,-1.0,大连市瓦房店市,大连市瓦房店市谢屯镇,8.0,14.4,0.0,1.0,23.4,30.753125,51.13288590604027,39.60348923533779
辽宁省,大连市,瓦房店市,老虎屯镇,121.8119657,39.655016,3.0,0.0,0.0,6.0,1.0,0.0,0.0,0.0,0.0,0.0,0.0,0.0,0.0,0.0,0.0,0.0,0.0,0.0,0.0,0.0,0.0,0.0,0.0,0.0,0.0,5.0,10.0,0.0,0.0,0.0,0.0,0.0,0.0,4.0,5.0,1.0,0.0,0.0,0.0,3.0,0.0,0.0,0.0,0.0,0.0,0.0,0.0,0.0,0.0,0.0,0.0,0.0,0.0,0.0,0.0,0.0,0.0,0.0,0.0,0.0,0.0,1.0,0.0,0.0,0.0,0.0,0.0,0.0,0.0,1.0,1.0,1.0,2264439355.0,-1.0,大连市瓦房店市,大连市瓦房店市老虎屯镇,12.0,12.7,0.0,1.5,26.2,30.753125,51.13288590604027,39.60348923533779
辽宁省,大连市,瓦房店市,红沿河镇,121.5475243,39.7626458,0.0,0.0,1.0,3.0,0.0,0.0,0.0,0.0,0.0,0.0,0.0,0.0,0.0,0.0,0.0,0.0,0.0,0.0,0.0,0.0,0.0,0.0,0.0,0.0,0.0,2.0,0.0,0.0,0.0,0.0,0.0,0.0,0.0,1.0,2.0,0.0,0.0,0.0,1.0,1.0,0.0,0.0,0.0,0.0,0.0,0.0,0.0,0.0,0.0,0.0,0.0,0.0,0.0,0.0,0.0,0.0,0.0,0.0,0.0,0.0,0.0,1.0,0.0,0.0,0.0,0.0,0.0,0.0,0.0,1.0,2.0,0.0,4974415730.0,-1.0,大连市瓦房店市,大连市瓦房店市红沿河镇,9.0,9.0,0.0,0.0,18.0,30.753125,51.13288590604027,39.60348923533779
辽宁省,大连市,瓦房店市,李官镇,121.9938301,40.0442166,3.0,0.0,1.0,7.0,1.0,1.0,0.0,0.0,0.0,0.0,1.0,0.0,0.0,0.0,0.0,0.0,0.0,0.0,0.0,0.0,7.0,0.0,0.0,0.0,0.0,1.0,0.0,0.0,0.0,0.0,0.0,0.0,0.0,8.0,8.0,3.0,2.0,0.0,0.0,3.0,0.0,0.0,0.0,0.0,0.0,0.0,1.0,0.0,0.0,0.0,0.0,0.0,0.0,0.0,0.0,0.0,1.0,0.0,0.0,0.0,0.0,1.0,0.0,0.0,0.0,0.0,0.0,0.0,0.0,6.0,3.0,2.0,2268978880.0,-1.0,大连市瓦房店市,大连市瓦房店市李官镇,8.0,16.2,0.0,1.5,25.7,30.753125,51.13288590604027,39.60348923533779
辽宁省,大连市,瓦房店市,仙浴湾镇,121.5220428,39.705181,2.0,1.0,0.0,10.0,2.0,0.0,0.0,0.0,0.0,0.0,0.0,0.0,0.0,0.0,0.0,0.0,0.0,0.0,0.0,0.0,0.0,0.0,0.0,0.0,0.0,1.0,0.0,0.0,0.0,0.0,0.0,1.0,0.0,6.0,4.0,4.0,1.0,0.0,0.0,7.0,0.0,0.0,0.0,0.0,0.0,0.0,0.0,0.0,0.0,0.0,0.0,0.0,0.0,0.0,0.0,0.0,0.0,0.0,0.0,0.0,0.0,1.0,0.0,0.0,0.0,0.0,0.0,0.0,0.0,2.0,2.0,0.0,2264556592.0,-1.0,大连市瓦房店市,大连市瓦房店市仙浴湾镇,8.0,12.4,0.0,2.0,22.4,30.753125,51.13288590604027,39.60348923533779
辽宁省,大连市,瓦房店市,元台镇,122.0680399,39.6203175,7.0,0.0,0.0,3.0,2.0,0.0,0.0,0.0,0.0,0.0,0.0,0.0,0.0,0.0,0.0,0.0,0.0,0.0,0.0,0.0,0.0,0.0,1.0,0.0,0.0,1.0,0.0,0.0,0.0,0.0,0.0,0.0,0.0,3.0,3.0,4.0,6.0,0.0,0.0,2.0,0.0,0.0,0.0,0.0,0.0,0.0,0.0,0.0,0.0,0.0,0.0,0.0,0.0,0.0,0.0,0.0,0.0,0.0,0.0,0.0,0.0,1.0,0.0,0.0,0.0,0.0,0.0,0.0,0.0,2.0,2.0,1.0,2268074773.0,9669086.0,大连市瓦房店市,大连市瓦房店市元台镇,16.0,9.9,0.0,2.0,27.9,30.753125,51.13288590604027,39.60348923533779
辽宁省,大连市,瓦房店市,瓦窝镇,122.0266482,39.6921301,0.0,4.0,4.0,6.0,12.0,11.0,0.0,0.0,0.0,0.0,0.0,0.0,0.0,0.0,0.0,0.0,0.0,0.0,0.0,0.0,0.0,0.0,1.0,0.0,0.0,4.0,68.0,0.0,0.0,0.0,0.0,2.0,0.0,3.0,6.0,5.0,0.0,0.0,1.0,1.0,3.0,0.0,0.0,0.0,0.0,0.0,0.0,0.0,0.0,0.0,0.0,0.0,0.0,0.0,0.0,0.0,0.0,0.0,1.0,0.0,0.0,1.0,9.0,0.0,0.0,0.0,0.0,1.0,0.0,3.0,4.0,3.0,2260950096.0,-1.0,大连市瓦房店市,大连市瓦房店市瓦窝镇,11.0,16.3,0.0,10.2,37.5,30.753125,51.13288590604027,39.60348923533779
辽宁省,大连市,瓦房店市,赵屯乡,121.9960506,39.8972755,0.0,0.0,11.0,1.0,23.0,1.0,0.0,0.0,0.0,0.0,0.0,1.0,0.0,0.0,1.0,1.0,0.0,0.0,0.0,0.0,0.0,0.0,0.0,0.0,0.0,1.0,15.0,0.0,0.0,0.0,0.0,0.0,0.0,1.0,5.0,1.0,0.0,0.0,9.0,1.0,16.0,1.0,0.0,0.0,0.0,0.0,0.0,0.0,0.0,0.0,0.0,0.0,0.0,0.0,0.0,0.0,0.0,0.0,0.0,0.0,0.0,1.0,7.0,0.0,0.0,0.0,0.0,0.0,0.0,1.0,5.0,1.0,2268091576.0,-1.0,大连市瓦房店市,大连市瓦房店市赵屯乡,8.0,17.9,5.0,2.7,33.6,30.753125,51.13288590604027,39.60348923533779
辽宁省,大连市,瓦房店市,土城乡,121.9235433,39.9806708,1.0,0.0,0.0,3.0,0.0,0.0,0.0,0.0,0.0,0.0,0.0,0.0,0.0,0.0,0.0,0.0,0.0,0.0,0.0,0.0,0.0,0.0,0.0,0.0,0.0,3.0,0.0,0.0,0.0,0.0,0.0,0.0,0.0,2.0,2.0,0.0,0.0,0.0,0.0,2.0,0.0,0.0,0.0,0.0,0.0,0.0,0.0,0.0,0.0,0.0,0.0,0.0,0.0,0.0,0.0,0.0,0.0,0.0,0.0,0.0,0.0,1.0,0.0,0.0,0.0,0.0,0.0,0.0,0.0,1.0,1.0,0.0,2268951917.0,-1.0,大连市瓦房店市,大连市瓦房店市土城乡,10.0,9.0,0.0,0.0,19.0,30.753125,51.13288590604027,39.60348923533779
辽宁省,大连市,瓦房店市,阎店乡,121.8258482,39.837868,1.0,0.0,0.0,5.0,2.0,0.0,0.0,0.0,0.0,0.0,0.0,0.0,0.0,0.0,0.0,0.0,0.0,0.0,0.0,0.0,0.0,0.0,0.0,0.0,0.0,3.0,63.0,0.0,0.0,0.0,0.0,0.0,0.0,2.0,3.0,0.0,1.0,0.0,0.0,2.0,0.0,0.0,0.0,0.0,0.0,0.0,0.0,0.0,0.0,0.0,0.0,0.0,0.0,0.0,0.0,0.0,0.0,0.0,0.0,0.0,0.0,1.0,15.0,0.0,0.0,0.0,0.0,0.0,0.0,2.0,2.0,0.0,2268089989.0,-1.0,大连市瓦房店市,大连市瓦房店市阎店乡,10.0,11.9,0.0,7.800000000000001,29.7,30.753125,51.13288590604027,39.60348923533779
辽宁省,大连市,瓦房店市,西杨乡,121.7352372,39.8238291,0.0,0.0,2.0,4.0,0.0,0.0,0.0,0.0,0.0,0.0,0.0,0.0,0.0,0.0,0.0,0.0,0.0,0.0,0.0,0.0,0.0,0.0,0.0,0.0,0.0,1.0,0.0,0.0,0.0,0.0,0.0,0.0,0.0,1.0,2.0,1.0,0.0,0.0,2.0,2.0,0.0,0.0,0.0,0.0,0.0,0.0,0.0,0.0,0.0,0.0,0.0,0.0,0.0,0.0,0.0,0.0,0.0,0.0,0.0,0.0,0.0,1.0,0.0,0.0,0.0,0.0,0.0,0.0,0.0,1.0,2.0,0.0,2266977578.0,-1.0,大连市瓦房店市,大连市瓦房店市西杨乡,8.0,10.0,0.0,0.5,18.5,30.753125,51.13288590604027,39.60348923533779
辽宁省,大连市,瓦房店市,驼山乡,121.6516472,39.7967082,0.0,0.0,1.0,4.0,0.0,0.0,0.0,0.0,0.0,0.0,0.0,0.0,0.0,0.0,0.0,0.0,0.0,0.0,0.0,0.0,0.0,0.0,0.0,0.0,0.0,1.0,0.0,0.0,0.0,0.0,0.0,0.0,0.0,1.0,2.0,0.0,0.0,0.0,1.0,3.0,0.0,0.0,0.0,0.0,0.0,0.0,0.0,0.0,0.0,0.0,0.0,0.0,0.0,0.0,0.0,0.0,0.0,0.0,0.0,0.0,0.0,1.0,0.0,0.0,0.0,0.0,0.0,0.0,0.0,1.0,2.0,0.0,2264586040.0,-1.0,大连市瓦房店市,大连市瓦房店市驼山乡,8.0,10.0,0.0,0.0,18.0,30.753125,51.13288590604027,39.60348923533779
辽宁省,大连市,瓦房店市,三台满族乡,121.6036966,39.6408901,7.0,0.0,1.0,7.0,3.0,0.0,0.0,0.0,0.0,0.0,0.0,1.0,0.0,0.0,0.0,0.0,0.0,0.0,0.0,0.0,1.0,0.0,0.0,0.0,0.0,6.0,0.0,0.0,0.0,0.0,0.0,0.0,0.0,5.0,5.0,5.0,3.0,0.0,1.0,2.0,1.0,0.0,0.0,0.0,0.0,0.0,0.0,1.0,0.0,0.0,0.0,0.0,0.0,0.0,0.0,0.0,0.0,0.0,0.0,0.0,0.0,1.0,0.0,0.0,0.0,0.0,0.0,0.0,0.0,1.0,4.0,0.0,2268074775.0,-1.0,大连市瓦房店市,大连市瓦房店市三台满族乡,12.0,13.4,5.0,2.5,32.9,30.753125,51.13288590604027,39.60348923533779
辽宁省,大连市,瓦房店市,泡崖乡,121.6552818,39.5291492,0.0,1.0,0.0,5.0,1.0,0.0,0.0,0.0,0.0,0.0,0.0,0.0,0.0,0.0,0.0,0.0,0.0,0.0,0.0,0.0,0.0,0.0,0.0,0.0,0.0,4.0,0.0,0.0,0.0,0.0,0.0,0.0,0.0,1.0,3.0,0.0,0.0,1.0,0.0,1.0,0.0,0.0,0.0,0.0,0.0,0.0,0.0,0.0,0.0,0.0,0.0,0.0,0.0,0.0,0.0,0.0,0.0,0.0,0.0,0.0,0.0,1.0,0.0,0.0,0.0,0.0,0.0,0.0,0.0,1.0,2.0,0.0,2264501332.0,-1.0,大连市瓦房店市,大连市瓦房店市泡崖乡,11.0,11.7,0.0,0.0,22.7,30.753125,51.13288590604027,39.60348923533779
辽宁省,大连市,瓦房店市,杨家满族乡,121.7531674,39.6429848,5.0,0.0,0.0,9.0,4.0,1.0,0.0,0.0,0.0,0.0,0.0,1.0,0.0,0.0,0.0,0.0,0.0,0.0,0.0,0.0,0.0,0.0,0.0,0.0,0.0,3.0,0.0,0.0,0.0,0.0,0.0,0.0,0.0,2.0,5.0,2.0,1.0,0.0,0.0,4.0,2.0,0.0,0.0,0.0,0.0,0.0,0.0,1.0,0.0,0.0,0.0,0.0,0.0,0.0,0.0,0.0,0.0,0.0,0.0,0.0,0.0,1.0,0.0,0.0,0.0,0.0,0.0,0.0,0.0,2.0,3.0,1.0,2264426340.0,-1.0,大连市瓦房店市,大连市瓦房店市杨家满族乡,10.0,13.9,5.0,1.0,29.9,30.753125,51.13288590604027,39.60348923533779
辽宁省,大连市,庄河市,城关街道,122.9749604,39.6751286,0.0,61.0,52.0,37.0,171.0,15.0,1.0,35.0,352.0,20.0,3.0,17.0,7.0,8.0,17.0,22.0,0.0,5.0,7.0,26.0,98.0,0.0,49.0,1.0,9.0,31.0,87.0,0.0,0.0,1.0,5.0,42.0,11.0,7.0,17.0,12.0,0.0,14.0,10.0,3.0,31.0,5.0,0.0,2.0,70.0,5.0,1.0,9.0,6.0,6.0,2.0,2.0,0.0,1.0,5.0,2.0,24.0,0.0,2.0,0.0,3.0,5.0,14.0,0.0,0.0,0.0,2.0,7.0,1.0,1.0,12.0,6.0,6529267377.0,9661290.0,大连市庄河市,大连市庄河市城关街道,20.0,30.0,21.0,14.200000000000001,85.2,51.646153846153844,51.13288590604027,39.60348923533779
辽宁省,大连市,庄河市,新华街道,122.9538516,39.7040215,31.0,67.0,25.0,22.0,179.0,19.0,1.0,59.0,343.0,5.0,8.0,10.0,2.0,3.0,15.0,19.0,2.0,6.0,5.0,28.0,79.0,0.0,43.0,0.0,4.0,36.0,65.0,0.0,0.0,2.0,3.0,21.0,13.0,6.0,19.0,12.0,16.0,12.0,1.0,9.0,38.0,9.0,0.0,15.0,79.0,2.0,2.0,2.0,0.0,0.0,1.0,2.0,0.0,2.0,1.0,5.0,19.0,0.0,6.0,0.0,2.0,7.0,16.0,0.0,0.0,0.0,0.0,5.0,4.0,2.0,11.0,9.0,6529267380.0,9661292.0,大连市庄河市,大连市庄河市新华街道,20.0,30.0,19.0,12.3,81.3,51.646153846153844,51.13288590604027,39.60348923533779
辽宁省,大连市,庄河市,兴达街道,122.986423,39.6989352,14.0,62.0,32.0,22.0,181.0,12.0,1.0,70.0,342.0,4.0,6.0,13.0,5.0,6.0,16.0,21.0,1.0,6.0,6.0,28.0,85.0,0.0,35.0,1.0,5.0,31.0,33.0,0.0,0.0,1.0,4.0,22.0,14.0,6.0,16.0,14.0,0.0,19.0,0.0,7.0,21.0,3.0,0.0,11.0,52.0,0.0,0.0,1.0,0.0,0.0,4.0,4.0,0.0,1.0,0.0,1.0,4.0,0.0,9.0,1.0,0.0,3.0,2.0,0.0,0.0,0.0,0.0,1.0,1.0,2.0,8.0,8.0,6529267379.0,9661291.0,大连市庄河市,大连市庄河市兴达街道,20.0,30.0,13.0,7.6,70.6,51.646153846153844,51.13288590604027,39.60348923533779
辽宁省,大连市,庄河市,昌盛街道,122.9415207,39.6604132,2.0,40.0,38.0,34.0,120.0,5.0,1.0,29.0,194.0,20.0,1.0,10.0,3.0,3.0,10.0,13.0,0.0,1.0,5.0,9.0,45.0,0.0,59.0,0.0,5.0,32.0,103.0,0.0,0.0,2.0,1.0,31.0,4.0,6.0,15.0,12.0,0.0,4.0,3.0,1.0,23.0,0.0,0.0,0.0,10.0,1.0,1.0,0.0,0.0,0.0,2.0,2.0,0.0,0.0,0.0,1.0,2.0,0.0,22.0,0.0,0.0,8.0,20.0,0.0,0.0,1.0,0.0,0.0,0.0,2.0,7.0,3.0,6529267376.0,9661289.0,大连市庄河市,大连市庄河市昌盛街道,20.0,30.0,11.0,16.6,77.6,51.646153846153844,51.13288590604027,39.60348923533779
辽宁省,大连市,庄河市,明阳街道,122.6122156,39.5629997,5.0,11.0,3.0,20.0,57.0,13.0,0.0,0.0,0.0,0.0,1.0,0.0,0.0,0.0,1.0,1.0,0.0,0.0,0.0,0.0,10.0,0.0,15.0,0.0,0.0,18.0,77.0,0.0,0.0,1.0,0.0,6.0,0.0,2.0,12.0,4.0,2.0,0.0,1.0,1.0,9.0,1.0,0.0,0.0,0.0,0.0,0.0,0.0,0.0,0.0,1.0,1.0,0.0,0.0,0.0,0.0,0.0,0.0,0.0,0.0,0.0,5.0,0.0,0.0,0.0,0.0,0.0,0.0,0.0,2.0,8.0,0.0,1659252277.0,-1.0,大连市庄河市,大连市庄河市明阳街道,12.0,26.0,5.0,9.8,52.8,51.646153846153844,51.13288590604027,39.60348923533779
辽宁省,大连市,庄河市,青堆镇,123.2608096,39.8227888,7.0,0.0,5.0,7.0,52.0,1.0,0.0,0.0,0.0,0.0,2.0,1.0,0.0,0.0,3.0,3.0,0.0,0.0,0.0,0.0,2.0,0.0,3.0,1.0,0.0,14.0,28.0,0.0,0.0,0.0,0.0,3.0,0.0,2.0,8.0,6.0,1.0,0.0,0.0,2.0,25.0,0.0,0.0,0.0,0.0,0.0,0.0,1.0,0.0,0.0,3.0,3.0,0.0,0.0,0.0,0.0,1.0,0.0,2.0,0.0,0.0,4.0,22.0,0.0,0.0,0.0,0.0,3.0,0.0,1.0,3.0,4.0,2167039884.0,-1.0,大连市庄河市,大连市庄河市青堆镇,12.0,26.0,10.0,8.0,56.0,51.646153846153844,51.13288590604027,39.60348923533779
辽宁省,大连市,庄河市,徐岭镇,122.954335,39.7319008,12.0,17.0,20.0,12.0,133.0,9.0,0.0,42.0,137.0,4.0,5.0,1.0,1.0,1.0,8.0,8.0,2.0,3.0,1.0,5.0,25.0,0.0,37.0,0.0,2.0,27.0,21.0,0.0,0.0,2.0,0.0,4.0,3.0,5.0,16.0,12.0,0.0,6.0,3.0,1.0,14.0,0.0,0.0,7.0,0.0,0.0,2.0,0.0,0.0,0.0,1.0,1.0,0.0,0.0,0.0,0.0,3.0,0.0,2.0,0.0,0.0,3.0,0.0,0.0,0.0,0.0,0.0,0.0,0.0,4.0,8.0,3.0,2265846484.0,-1.0,大连市庄河市,大连市庄河市徐岭镇,12.0,30.0,10.0,6.300000000000001,58.3,51.646153846153844,51.13288590604027,39.60348923533779
辽宁省,大连市,庄河市,黑岛镇,123.1734152,39.7087171,1.0,0.0,1.0,11.0,46.0,0.0,0.0,0.0,0.0,0.0,0.0,1.0,1.0,1.0,2.0,3.0,1.0,0.0,0.0,0.0,8.0,0.0,2.0,0.0,1.0,23.0,1.0,0.0,0.0,0.0,0.0,1.0,0.0,2.0,6.0,9.0,0.0,0.0,1.0,4.0,12.0,0.0,0.0,0.0,0.0,0.0,0.0,1.0,1.0,1.0,2.0,3.0,1.0,0.0,0.0,0.0,6.0,0.0,1.0,0.0,0.0,2.0,0.0,0.0,0.0,0.0,0.0,1.0,0.0,1.0,4.0,4.0,2265912573.0,-1.0,大连市庄河市,大连市庄河市黑岛镇,12.0,23.0,20.0,4.1,59.1,51.646153846153844,51.13288590604027,39.60348923533779
辽宁省,大连市,庄河市,栗子房镇,123.4311347,39.8620633,5.0,0.0,6.0,10.0,22.0,4.0,0.0,0.0,0.0,1.0,1.0,0.0,0.0,0.0,2.0,2.0,0.0,0.0,0.0,1.0,2.0,0.0,0.0,0.0,0.0,19.0,144.0,0.0,0.0,0.0,0.0,0.0,1.0,3.0,10.0,4.0,1.0,0.0,2.0,1.0,7.0,2.0,0.0,0.0,0.0,1.0,0.0,0.0,0.0,0.0,1.0,1.0,0.0,0.0,0.0,1.0,1.0,0.0,0.0,0.0,0.0,3.0,112.0,0.0,0.0,0.0,0.0,0.0,1.0,1.0,6.0,3.0,2167039910.0,-1.0,大连市庄河市,大连市庄河市栗子房镇,12.0,24.5,6.0,18.0,60.5,51.646153846153844,51.13288590604027,39.60348923533779
辽宁省,大连市,庄河市,大营镇,123.0860348,39.8779955,0.0,0.0,4.0,13.0,16.0,0.0,0.0,0.0,0.0,0.0,0.0,0.0,0.0,0.0,0.0,0.0,0.0,0.0,0.0,0.0,0.0,0.0,0.0,0.0,0.0,11.0,0.0,0.0,0.0,0.0,0.0,1.0,0.0,1.0,3.0,4.0,0.0,0.0,2.0,3.0,3.0,0.0,0.0,0.0,0.0,0.0,0.0,0.0,0.0,0.0,0.0,0.0,0.0,0.0,0.0,0.0,0.0,0.0,0.0,0.0,0.0,1.0,0.0,0.0,0.0,0.0,0.0,1.0,0.0,1.0,3.0,3.0,2268099050.0,-1.0,大连市庄河市,大连市庄河市大营镇,12.0,15.6,0.0,2.0,29.6,51.646153846153844,51.13288590604027,39.60348923533779
辽宁省,大连市,庄河市,塔岭镇,123.1041415,40.0482485,0.0,4.0,9.0,3.0,24.0,0.0,0.0,0.0,0.0,0.0,0.0,0.0,0.0,0.0,2.0,2.0,0.0,0.0,0.0,0.0,0.0,0.0,4.0,0.0,0.0,15.0,0.0,0.0,0.0,0.0,0.0,0.0,0.0,6.0,5.0,6.0,0.0,1.0,5.0,2.0,8.0,0.0,0.0,0.0,0.0,0.0,0.0,0.0,0.0,0.0,2.0,2.0,0.0,0.0,0.0,0.0,0.0,0.0,3.0,0.0,0.0,4.0,0.0,0.0,0.0,0.0,0.0,0.0,0.0,1.0,5.0,5.0,2255412332.0,-1.0,大连市庄河市,大连市庄河市塔岭镇,12.0,17.700000000000003,5.0,3.0,37.7,51.646153846153844,51.13288590604027,39.60348923533779
辽宁省,大连市,庄河市,仙人洞镇,122.9697483,39.9664038,0.0,0.0,7.0,3.0,17.0,0.0,0.0,0.0,0.0,0.0,0.0,0.0,0.0,0.0,1.0,1.0,1.0,0.0,0.0,1.0,0.0,0.0,0.0,0.0,0.0,20.0,0.0,0.0,0.0,0.0,0.0,0.0,1.0,1.0,3.0,2.0,0.0,0.0,7.0,2.0,6.0,0.0,0.0,0.0,0.0,0.0,0.0,0.0,0.0,0.0,0.0,0.0,0.0,0.0,0.0,0.0,0.0,0.0,0.0,0.0,0.0,4.0,0.0,0.0,0.0,0.0,0.0,0.0,0.0,1.0,3.0,1.0,2253763435.0,-1.0,大连市庄河市,大连市庄河市仙人洞镇,12.0,14.7,0.0,1.0,27.7,51.646153846153844,51.13288590604027,39.60348923533779
辽宁省,大连市,庄河市,蓉花山镇,122.8628814,39.9270014,0.0,0.0,4.0,4.0,31.0,0.0,0.0,0.0,0.0,0.0,1.0,1.0,0.0,0.0,1.0,1.0,0.0,0.0,0.0,0.0,1.0,0.0,0.0,0.0,0.0,9.0,0.0,0.0,0.0,0.0,0.0,1.0,0.0,1.0,4.0,3.0,0.0,0.0,4.0,0.0,14.0,0.0,0.0,0.0,0.0,0.0,0.0,1.0,0.0,0.0,1.0,1.0,0.0,0.0,0.0,0.0,1.0,0.0,0.0,0.0,0.0,4.0,0.0,0.0,0.0,0.0,0.0,1.0,0.0,1.0,3.0,3.0,2179195585.0,-1.0,大连市庄河市,大连市庄河市蓉花山镇,12.0,23.4,10.0,1.5,46.9,51.646153846153844,51.13288590604027,39.60348923533779
辽宁省,大连市,庄河市,长岭镇,122.6778025,39.8398642,2.0,0.0,3.0,7.0,23.0,0.0,0.0,2.0,0.0,0.0,0.0,0.0,0.0,0.0,2.0,2.0,0.0,0.0,0.0,0.0,0.0,0.0,2.0,0.0,0.0,21.0,0.0,0.0,0.0,0.0,0.0,0.0,0.0,1.0,5.0,3.0,2.0,0.0,3.0,3.0,4.0,0.0,0.0,1.0,0.0,0.0,0.0,0.0,0.0,0.0,1.0,1.0,0.0,0.0,0.0,0.0,0.0,0.0,2.0,0.0,0.0,4.0,0.0,0.0,0.0,0.0,0.0,0.0,0.0,1.0,5.0,2.0,2179182945.0,-1.0,大连市庄河市,大连市庄河市长岭镇,12.0,18.3,5.0,1.5,36.8,51.646153846153844,51.13288590604027,39.60348923533779
辽宁省,大连市,庄河市,荷花山镇,122.5456675,39.8173057,0.0,0.0,3.0,3.0,21.0,0.0,0.0,0.0,0.0,0.0,0.0,0.0,0.0,0.0,1.0,1.0,0.0,0.0,0.0,0.0,0.0,0.0,0.0,0.0,0.0,8.0,0.0,0.0,0.0,0.0,0.0,0.0,0.0,1.0,4.0,2.0,0.0,0.0,1.0,1.0,18.0,0.0,0.0,0.0,0.0,0.0,0.0,0.0,0.0,0.0,1.0,1.0,0.0,0.0,0.0,0.0,0.0,0.0,0.0,0.0,0.0,2.0,0.0,0.0,0.0,0.0,0.0,0.0,0.0,1.0,4.0,2.0,2260956597.0,-1.0,大连市庄河市,大连市庄河市荷花山镇,12.0,19.6,5.0,1.0,37.6,51.646153846153844,51.13288590604027,39.60348923533779
辽宁省,大连市,庄河市,城山镇,122.6254031,39.6951838,0.0,0.0,8.0,6.0,28.0,0.0,0.0,1.0,0.0,0.0,0.0,2.0,1.0,1.0,2.0,3.0,0.0,0.0,0.0,0.0,1.0,0.0,3.0,0.0,0.0,24.0,0.0,0.0,0.0,0.0,0.0,1.0,0.0,1.0,5.0,5.0,0.0,0.0,6.0,2.0,11.0,0.0,0.0,0.0,0.0,0.0,0.0,2.0,1.0,1.0,2.0,3.0,0.0,0.0,0.0,0.0,0.0,0.0,2.0,0.0,0.0,5.0,0.0,0.0,0.0,0.0,0.0,1.0,0.0,1.0,4.0,3.0,2260959375.0,-1.0,大连市庄河市,大连市庄河市城山镇,12.0,21.4,15.0,2.5,50.9,51.646153846153844,51.13288590604027,39.60348923533779
辽宁省,大连市,庄河市,光明山镇,122.7960621,39.7562218,6.0,0.0,2.0,9.0,44.0,0.0,0.0,6.0,0.0,0.0,1.0,0.0,0.0,0.0,3.0,3.0,0.0,0.0,0.0,0.0,2.0,0.0,9.0,0.0,0.0,23.0,0.0,0.0,0.0,0.0,0.0,0.0,0.0,2.0,8.0,5.0,2.0,0.0,2.0,4.0,9.0,0.0,0.0,6.0,0.0,0.0,1.0,0.0,0.0,0.0,0.0,0.0,0.0,0.0,0.0,0.0,1.0,0.0,7.0,0.0,0.0,1.0,0.0,0.0,0.0,0.0,0.0,0.0,0.0,1.0,6.0,4.0,2179182959.0,-1.0,大连市庄河市,大连市庄河市光明山镇,12.0,26.0,0.0,2.5,40.5,51.646153846153844,51.13288590604027,39.60348923533779
辽宁省,大连市,庄河市,大郑镇,122.8031187,39.636716,17.0,0.0,11.0,5.0,52.0,0.0,0.0,7.0,0.0,0.0,1.0,1.0,1.0,1.0,2.0,3.0,0.0,0.0,0.0,0.0,13.0,0.0,16.0,0.0,1.0,39.0,2.0,0.0,0.0,0.0,0.0,0.0,0.0,3.0,7.0,8.0,6.0,0.0,7.0,3.0,15.0,0.0,0.0,0.0,0.0,0.0,0.0,1.0,1.0,1.0,2.0,3.0,0.0,0.0,0.0,0.0,2.0,0.0,14.0,0.0,1.0,5.0,1.0,0.0,0.0,0.0,0.0,0.0,0.0,2.0,5.0,5.0,1659252247.0,-1.0,大连市庄河市,大连市庄河市大郑镇,12.0,25.5,15.0,4.3,56.8,51.646153846153844,51.13288590604027,39.60348923533779
辽宁省,大连市,庄河市,吴炉镇,123.0652165,39.7589816,6.0,0.0,3.0,9.0,57.0,6.0,0.0,23.0,32.0,0.0,0.0,1.0,1.0,1.0,1.0,1.0,1.0,0.0,1.0,0.0,0.0,0.0,12.0,0.0,0.0,25.0,4.0,0.0,0.0,0.0,0.0,1.0,0.0,3.0,10.0,7.0,2.0,0.0,1.0,2.0,9.0,0.0,0.0,0.0,12.0,0.0,0.0,1.0,0.0,0.0,1.0,1.0,1.0,0.0,1.0,0.0,0.0,0.0,3.0,0.0,0.0,2.0,0.0,0.0,0.0,0.0,0.0,1.0,0.0,1.0,5.0,4.0,2167039900.0,-1.0,大连市庄河市,大连市庄河市吴炉镇,12.0,26.0,17.0,3.9,58.9,51.646153846153844,51.13288590604027,39.60348923533779
辽宁省,大连市,庄河市,王家镇,123.0766683,39.4464332,0.0,0.0,0.0,2.0,115.0,5.0,0.0,3.0,1.0,0.0,0.0,0.0,0.0,0.0,0.0,0.0,0.0,0.0,0.0,0.0,2.0,0.0,4.0,0.0,0.0,2.0,802.0,0.0,0.0,0.0,0.0,2.0,0.0,4.0,8.0,11.0,0.0,0.0,0.0,2.0,57.0,1.0,0.0,3.0,1.0,0.0,0.0,0.0,0.0,0.0,0.0,0.0,0.0,0.0,0.0,0.0,0.0,0.0,4.0,0.0,0.0,1.0,463.0,0.0,0.0,0.0,0.0,1.0,0.0,4.0,8.0,7.0,2268083299.0,9660427.0,大连市庄河市,大连市庄河市王家镇,17.0,26.0,0.0,20.0,63.0,51.646153846153844,51.13288590604027,39.60348923533779
辽宁省,大连市,庄河市,鞍子山乡,123.2951295,39.8511494,9.0,0.0,3.0,8.0,17.0,4.0,0.0,0.0,0.0,0.0,1.0,0.0,0.0,0.0,0.0,0.0,0.0,0.0,0.0,0.0,2.0,0.0,3.0,0.0,0.0,14.0,1.0,0.0,0.0,0.0,0.0,0.0,0.0,3.0,6.0,4.0,1.0,0.0,0.0,6.0,5.0,3.0,0.0,0.0,0.0,0.0,1.0,0.0,0.0,0.0,0.0,0.0,0.0,0.0,0.0,0.0,0.0,0.0,1.0,0.0,0.0,2.0,1.0,0.0,0.0,0.0,0.0,0.0,0.0,3.0,5.0,2.0,2265949481.0,-1.0,大连市庄河市,大连市庄河市鞍子山乡,12.0,19.9,0.0,2.2,34.1,51.646153846153844,51.13288590604027,39.60348923533779
辽宁省,大连市,庄河市,太平岭满族乡,122.9098601,39.8494433,0.0,0.0,4.0,8.0,38.0,0.0,0.0,8.0,0.0,0.0,1.0,1.0,0.0,0.0,2.0,2.0,0.0,0.0,0.0,0.0,0.0,0.0,1.0,0.0,0.0,15.0,0.0,0.0,0.0,0.0,0.0,0.0,0.0,1.0,4.0,4.0,0.0,0.0,4.0,5.0,8.0,0.0,0.0,7.0,0.0,0.0,1.0,1.0,0.0,0.0,2.0,2.0,0.0,0.0,0.0,0.0,0.0,0.0,1.0,0.0,0.0,4.0,0.0,0.0,0.0,0.0,0.0,0.0,0.0,1.0,4.0,4.0,2179195572.0,-1.0,大连市庄河市,大连市庄河市太平岭满族乡,12.0,24.0,10.0,2.0,48.0,51.646153846153844,51.13288590604027,39.60348923533779
辽宁省,大连市,庄河市,步云山乡,122.7081287,40.023689,0.0,0.0,13.0,3.0,77.0,0.0,0.0,0.0,0.0,0.0,1.0,1.0,0.0,0.0,2.0,2.0,0.0,0.0,0.0,0.0,1.0,0.0,0.0,0.0,0.0,16.0,1.0,0.0,0.0,0.0,0.0,0.0,0.0,2.0,8.0,2.0,0.0,0.0,9.0,1.0,13.0,0.0,0.0,0.0,0.0,0.0,0.0,1.0,0.0,0.0,2.0,2.0,0.0,0.0,0.0,0.0,0.0,0.0,0.0,0.0,0.0,3.0,0.0,0.0,0.0,0.0,0.0,0.0,0.0,1.0,5.0,1.0,2179182958.0,-1.0,大连市庄河市,大连市庄河市步云山乡,12.0,26.0,10.0,1.1,49.1,51.646153846153844,51.13288590604027,39.60348923533779
辽宁省,大连市,庄河市,桂云花满族乡,122.5675241,39.9188443,11.0,0.0,0.0,1.0,13.0,0.0,0.0,0.0,0.0,0.0,0.0,1.0,0.0,0.0,2.0,2.0,0.0,0.0,0.0,0.0,1.0,0.0,0.0,0.0,0.0,5.0,0.0,0.0,0.0,0.0,0.0,0.0,0.0,5.0,3.0,3.0,2.0,0.0,0.0,0.0,8.0,0.0,0.0,0.0,0.0,0.0,0.0,1.0,0.0,0.0,2.0,2.0,0.0,0.0,0.0,0.0,1.0,0.0,0.0,0.0,0.0,1.0,0.0,0.0,0.0,0.0,0.0,0.0,0.0,1.0,2.0,3.0,2179195583.0,-1.0,大连市庄河市,大连市庄河市桂云花满族乡,12.0,12.5,10.0,1.5,36.0,51.646153846153844,51.13288590604027,39.60348923533779
辽宁省,大连市,庄河市,兰店乡,123.0201856,39.7414072,12.0,0.0,0.0,18.0,85.0,0.0,0.0,10.0,76.0,0.0,2.0,0.0,0.0,0.0,1.0,1.0,0.0,0.0,0.0,0.0,2.0,0.0,16.0,0.0,0.0,27.0,5.0,0.0,0.0,0.0,0.0,0.0,0.0,4.0,6.0,6.0,9.0,0.0,0.0,4.0,24.0,0.0,0.0,1.0,24.0,0.0,1.0,0.0,0.0,0.0,1.0,1.0,0.0,0.0,0.0,0.0,2.0,0.0,1.0,0.0,0.0,5.0,0.0,0.0,0.0,0.0,0.0,0.0,0.0,2.0,5.0,5.0,2265885776.0,-1.0,大连市庄河市,大连市庄河市兰店乡,12.0,27.0,5.0,3.5,47.5,51.646153846153844,51.13288590604027,39.60348923533779
辽宁省,大连市,庄河市,石城乡,122.9851161,39.5217413,0.0,0.0,0.0,6.0,39.0,1.0,0.0,0.0,0.0,0.0,0.0,0.0,0.0,0.0,0.0,0.0,0.0,0.0,0.0,0.0,1.0,0.0,0.0,0.0,0.0,14.0,0.0,0.0,0.0,0.0,0.0,1.0,0.0,5.0,4.0,5.0,0.0,0.0,0.0,4.0,10.0,0.0,0.0,0.0,0.0,0.0,0.0,0.0,0.0,0.0,0.0,0.0,0.0,0.0,0.0,0.0,0.0,0.0,0.0,0.0,0.0,4.0,0.0,0.0,0.0,0.0,0.0,1.0,0.0,1.0,3.0,1.0,2268083304.0,9660426.0,大连市庄河市,大连市庄河市石城乡,20.0,17.8,0.0,2.5,40.3,51.646153846153844,51.13288590604027,39.60348923533779
辽宁省,鞍山市,铁东区,解放街道,122.9787204,41.0881931,29.0,73.0,53.0,29.0,500.0,1449.0,1.0,194.0,90.0,22.0,2.0,8.0,6.0,8.0,33.0,40.0,1.0,1.0,6.0,24.0,102.0,0.0,0.0,1.0,10.0,31.0,1055.0,0.0,32.0,4.0,4.0,45.0,14.0,28.0,22.0,14.0,8.0,10.0,3.0,5.0,52.0,148.0,0.0,4.0,0.0,4.0,0.0,1.0,0.0,0.0,4.0,5.0,0.0,0.0,0.0,3.0,17.0,0.0,0.0,0.0,5.0,5.0,43.0,0.0,0.0,1.0,0.0,5.0,0.0,12.0,11.0,10.0,6513294607.0,9641899.0,鞍山市铁东区,鞍山市铁东区解放街道,20.0,30.0,13.0,20.0,83.0,82.47,40.88947368421053,39.60348923533779
辽宁省,鞍山市,铁东区,山南街道,122.9798128,41.0974864,31.0,106.0,69.0,37.0,531.0,1819.0,1.0,263.0,129.0,29.0,2.0,9.0,8.0,10.0,41.0,51.0,1.0,1.0,10.0,27.0,113.0,0.0,1.0,2.0,18.0,39.0,1350.0,0.0,40.0,2.0,5.0,72.0,19.0,35.0,21.0,16.0,7.0,2.0,15.0,5.0,61.0,201.0,0.0,18.0,28.0,3.0,0.0,2.0,0.0,2.0,6.0,6.0,0.0,0.0,0.0,3.0,20.0,0.0,0.0,0.0,0.0,2.0,282.0,0.0,1.0,1.0,0.0,10.0,0.0,11.0,15.0,9.0,6513294610.0,9641901.0,鞍山市铁东区,鞍山市铁东区山南街道,20.0,30.0,13.0,20.0,83.0,82.47,40.88947368421053,39.60348923533779
辽宁省,鞍山市,铁东区,园林街道,122.9972686,41.1053676,22.0,88.0,70.0,33.0,523.0,1608.0,1.0,259.0,111.0,24.0,0.0,8.0,6.0,8.0,38.0,47.0,1.0,2.0,10.0,27.0,91.0,0.0,1.0,2.0,16.0,32.0,1346.0,0.0,36.0,7.0,8.0,61.0,20.0,33.0,21.0,16.0,0.0,29.0,21.0,6.0,63.0,299.0,0.0,137.0,38.0,12.0,0.0,6.0,2.0,2.0,7.0,11.0,0.0,1.0,7.0,5.0,20.0,0.0,0.0,1.0,3.0,9.0,625.0,0.0,24.0,0.0,3.0,32.0,11.0,10.0,14.0,12.0,6513294615.0,9641905.0,鞍山市铁东区,鞍山市铁东区园林街道,20.0,28.0,24.0,20.0,92.0,82.47,40.88947368421053,39.60348923533779
辽宁省,鞍山市,铁东区,站前街道,122.9873991,41.1129703,22.0,82.0,63.0,35.0,490.0,1755.0,1.0,250.0,127.0,23.0,1.0,9.0,5.0,7.0,40.0,50.0,1.0,3.0,10.0,27.0,94.0,0.0,3.0,2.0,16.0,34.0,1343.0,0.0,43.0,12.0,8.0,65.0,19.0,35.0,19.0,16.0,13.0,44.0,36.0,14.0,79.0,264.0,0.0,70.0,54.0,7.0,0.0,3.0,0.0,0.0,7.0,10.0,1.0,1.0,9.0,16.0,20.0,0.0,1.0,1.0,4.0,7.0,573.0,0.0,11.0,0.0,5.0,13.0,7.0,12.0,16.0,12.0,6513294616.0,9641907.0,鞍山市铁东区,鞍山市铁东区站前街道,20.0,30.0,25.0,20.0,95.0,82.47,40.88947368421053,39.60348923533779
辽宁省,鞍山市,铁东区,和平街道,123.0066963,41.1158003,14.0,80.0,64.0,37.0,445.0,1139.0,1.0,249.0,103.0,22.0,2.0,7.0,4.0,6.0,36.0,46.0,1.0,3.0,10.0,26.0,77.0,0.0,1.0,2.0,14.0,34.0,1264.0,0.0,35.0,10.0,8.0,61.0,20.0,27.0,19.0,17.0,0.0,17.0,10.0,5.0,73.0,183.0,0.0,25.0,0.0,4.0,0.0,1.0,1.0,1.0,6.0,10.0,0.0,0.0,4.0,2.0,15.0,0.0,0.0,0.0,5.0,1.0,121.0,0.0,0.0,0.0,1.0,16.0,3.0,10.0,10.0,10.0,6513294605.0,9641897.0,鞍山市铁东区,鞍山市铁东区和平街道,20.0,30.0,19.0,20.0,89.0,82.47,40.88947368421053,39.60348923533779
辽宁省,鞍山市,铁东区,湖南街道,123.0048549,41.0879389,9.0,70.0,48.0,24.0,494.0,996.0,1.0,228.0,67.0,22.0,1.0,8.0,4.0,6.0,24.0,33.0,0.0,1.0,7.0,12.0,102.0,0.0,0.0,1.0,13.0,32.0,1031.0,0.0,28.0,3.0,3.0,67.0,13.0,23.0,23.0,14.0,0.0,7.0,11.0,5.0,100.0,226.0,1.0,14.0,0.0,0.0,0.0,0.0,2.0,2.0,6.0,6.0,0.0,0.0,0.0,2.0,18.0,0.0,0.0,0.0,0.0,3.0,28.0,0.0,2.0,0.0,0.0,10.0,1.0,6.0,14.0,8.0,6513294606.0,9641898.0,鞍山市铁东区,鞍山市铁东区湖南街道,20.0,30.0,17.0,20.0,87.0,82.47,40.88947368421053,39.60348923533779
辽宁省,鞍山市,铁东区,新兴街道,123.0205777,41.0780883,0.0,51.0,14.0,11.0,420.0,600.0,1.0,109.0,6.0,4.0,2.0,0.0,3.0,3.0,14.0,19.0,0.0,0.0,0.0,4.0,73.0,0.0,0.0,0.0,5.0,25.0,186.0,0.0,2.0,2.0,0.0,34.0,4.0,17.0,21.0,12.0,0.0,6.0,6.0,1.0,134.0,75.0,0.0,17.0,0.0,1.0,0.0,0.0,0.0,0.0,3.0,4.0,0.0,0.0,0.0,1.0,33.0,0.0,0.0,0.0,3.0,7.0,23.0,0.0,0.0,0.0,0.0,9.0,1.0,3.0,14.0,9.0,6513294614.0,9641904.0,鞍山市铁东区,鞍山市铁东区新兴街道,20.0,30.0,6.0,20.0,76.0,82.47,40.88947368421053,39.60348923533779
辽宁省,鞍山市,铁东区,旧堡街道,122.9475274,41.0687698,16.0,45.0,10.0,7.0,214.0,237.0,0.0,13.0,2.0,5.0,1.0,1.0,0.0,0.0,5.0,5.0,0.0,0.0,0.0,0.0,20.0,0.0,0.0,0.0,3.0,12.0,78.0,0.0,0.0,3.0,0.0,6.0,0.0,14.0,15.0,11.0,4.0,7.0,0.0,0.0,39.0,16.0,0.0,0.0,0.0,0.0,0.0,1.0,0.0,0.0,3.0,3.0,0.0,0.0,0.0,0.0,2.0,0.0,0.0,0.0,0.0,3.0,0.0,0.0,0.0,0.0,0.0,3.0,0.0,8.0,5.0,5.0,6513294608.0,9641900.0,鞍山市铁东区,鞍山市铁东区旧堡街道,20.0,30.0,10.0,12.1,72.1,82.47,40.88947368421053,39.60348923533779
辽宁省,鞍山市,铁东区,大孤山街道,123.045886,41.0626101,0.0,24.0,6.0,8.0,251.0,197.0,0.0,24.0,5.0,1.0,1.0,0.0,1.0,1.0,5.0,5.0,0.0,0.0,0.0,2.0,31.0,0.0,1.0,0.0,4.0,22.0,25.0,0.0,0.0,0.0,0.0,12.0,0.0,8.0,18.0,13.0,0.0,8.0,1.0,2.0,59.0,61.0,0.0,2.0,1.0,1.0,0.0,0.0,1.0,1.0,3.0,3.0,0.0,0.0,0.0,1.0,5.0,0.0,1.0,0.0,0.0,4.0,1.0,0.0,0.0,0.0,0.0,1.0,0.0,2.0,10.0,7.0,2278066181.0,9641893.0,鞍山市铁东区,鞍山市铁东区大孤山街道,20.0,30.0,11.0,6.6,67.6,82.47,40.88947368421053,39.60348923533779
辽宁省,鞍山市,铁东区,长甸街道,122.9931926,41.078593,16.0,51.0,36.0,18.0,454.0,881.0,1.0,161.0,42.0,19.0,2.0,6.0,4.0,6.0,22.0,28.0,0.0,0.0,1.0,7.0,91.0,0.0,0.0,0.0,11.0,29.0,590.0,0.0,22.0,5.0,0.0,53.0,7.0,24.0,23.0,14.0,0.0,9.0,4.0,2.0,64.0,134.0,0.0,2.0,0.0,0.0,0.0,0.0,0.0,0.0,5.0,7.0,0.0,0.0,0.0,0.0,12.0,0.0,0.0,0.0,0.0,2.0,23.0,0.0,0.0,0.0,0.0,3.0,0.0,6.0,9.0,7.0,6513294602.0,9641891.0,鞍山市铁东区,鞍山市铁东区长甸街道,20.0,30.0,10.0,20.0,80.0,82.47,40.88947368421053,39.60348923533779
辽宁省,鞍山市,铁西区,繁荣街道,122.9722742,41.110155,25.0,83.0,61.0,35.0,476.0,1779.0,0.0,229.0,127.0,26.0,1.0,9.0,6.0,8.0,42.0,51.0,1.0,1.0,10.0,25.0,97.0,0.0,3.0,2.0,19.0,37.0,1291.0,0.0,39.0,12.0,5.0,66.0,18.0,38.0,20.0,16.0,10.0,21.0,18.0,5.0,63.0,343.0,0.0,17.0,40.0,1.0,0.0,0.0,1.0,1.0,8.0,8.0,1.0,0.0,0.0,13.0,14.0,0.0,1.0,2.0,3.0,5.0,241.0,0.0,2.0,0.0,2.0,0.0,3.0,13.0,16.0,11.0,6512533596.0,9640682.0,鞍山市铁西区,鞍山市铁西区繁荣街道,20.0,30.0,26.0,20.0,96.0,78.36666666666666,40.88947368421053,39.60348923533779
辽宁省,鞍山市,铁西区,八家子街道,122.9635672,41.1214504,26.0,66.0,48.0,32.0,412.0,1297.0,0.0,116.0,101.0,11.0,1.0,4.0,3.0,5.0,37.0,41.0,1.0,1.0,8.0,21.0,67.0,0.0,5.0,2.0,13.0,25.0,752.0,3.0,21.0,17.0,5.0,44.0,9.0,30.0,20.0,16.0,0.0,17.0,6.0,4.0,47.0,239.0,0.0,11.0,17.0,1.0,1.0,1.0,1.0,1.0,7.0,7.0,0.0,0.0,0.0,0.0,8.0,0.0,1.0,1.0,4.0,6.0,68.0,0.0,8.0,2.0,0.0,6.0,0.0,9.0,12.0,11.0,6512533592.0,9640678.0,鞍山市铁西区,鞍山市铁西区八家子街道,20.0,30.0,15.0,20.0,85.0,78.36666666666666,40.88947368421053,39.60348923533779
辽宁省,鞍山市,铁西区,共和街道,122.9483497,41.1269171,6.0,44.0,15.0,12.0,290.0,877.0,0.0,48.0,29.0,4.0,1.0,1.0,1.0,1.0,26.0,27.0,0.0,0.0,0.0,6.0,41.0,0.0,5.0,1.0,6.0,16.0,212.0,3.0,8.0,17.0,0.0,23.0,3.0,17.0,18.0,14.0,0.0,5.0,4.0,2.0,81.0,120.0,0.0,0.0,1.0,0.0,0.0,0.0,0.0,0.0,4.0,4.0,0.0,0.0,0.0,0.0,4.0,0.0,1.0,0.0,1.0,2.0,10.0,2.0,0.0,0.0,0.0,4.0,0.0,8.0,8.0,7.0,6512533597.0,9640683.0,鞍山市铁西区,鞍山市铁西区共和街道,20.0,30.0,10.0,20.0,80.0,78.36666666666666,40.88947368421053,39.60348923533779
辽宁省,鞍山市,铁西区,永乐街道,122.9460371,41.1176587,11.0,48.0,16.0,17.0,360.0,1116.0,0.0,47.0,33.0,7.0,1.0,1.0,4.0,4.0,30.0,31.0,1.0,0.0,0.0,9.0,50.0,0.0,3.0,2.0,6.0,21.0,234.0,3.0,8.0,7.0,2.0,26.0,4.0,23.0,19.0,15.0,0.0,4.0,4.0,3.0,73.0,147.0,0.0,16.0,0.0,0.0,0.0,0.0,1.0,1.0,6.0,7.0,0.0,0.0,0.0,0.0,7.0,0.0,0.0,0.0,0.0,1.0,10.0,0.0,5.0,0.0,0.0,5.0,0.0,8.0,8.0,6.0,6512533606.0,9640691.0,鞍山市铁西区,鞍山市铁西区永乐街道,20.0,30.0,15.0,20.0,85.0,78.36666666666666,40.88947368421053,39.60348923533779
辽宁省,鞍山市,铁西区,南华街道,122.9582456,41.0907355,24.0,60.0,30.0,23.0,416.0,1145.0,0.0,62.0,62.0,14.0,1.0,4.0,4.0,6.0,32.0,35.0,1.0,0.0,0.0,14.0,75.0,0.0,0.0,2.0,10.0,20.0,574.0,0.0,10.0,4.0,2.0,36.0,2.0,28.0,19.0,14.0,7.0,9.0,3.0,4.0,78.0,166.0,0.0,0.0,0.0,2.0,0.0,0.0,1.0,1.0,3.0,3.0,0.0,0.0,0.0,0.0,10.0,0.0,0.0,0.0,2.0,1.0,18.0,0.0,0.0,0.0,0.0,3.0,0.0,11.0,9.0,7.0,6512533598.0,9640684.0,鞍山市铁西区,鞍山市铁西区南华街道,20.0,30.0,15.0,20.0,85.0,78.36666666666666,40.88947368421053,39.60348923533779
辽宁省,鞍山市,铁西区,大陆街道,122.9507325,41.106888,29.0,57.0,31.0,24.0,411.0,1288.0,0.0,67.0,71.0,7.0,2.0,2.0,4.0,6.0,33.0,34.0,1.0,0.0,0.0,16.0,63.0,0.0,2.0,2.0,8.0,23.0,504.0,3.0,11.0,2.0,2.0,28.0,4.0,26.0,20.0,15.0,5.0,6.0,3.0,2.0,58.0,163.0,0.0,23.0,0.0,2.0,0.0,0.0,1.0,1.0,6.0,7.0,0.0,0.0,0.0,0.0,18.0,0.0,0.0,0.0,1.0,1.0,5.0,0.0,0.0,0.0,0.0,8.0,0.0,9.0,13.0,5.0,6512533595.0,9640681.0,鞍山市铁西区,鞍山市铁西区大陆街道,20.0,30.0,15.0,20.0,85.0,78.36666666666666,40.88947368421053,39.60348923533779
辽宁省,鞍山市,铁西区,永发街道,122.946452,41.088524,21.0,45.0,12.0,12.0,355.0,744.0,0.0,27.0,10.0,7.0,1.0,1.0,3.0,3.0,20.0,21.0,0.0,0.0,0.0,2.0,53.0,0.0,0.0,0.0,5.0,15.0,124.0,0.0,0.0,3.0,0.0,18.0,0.0,21.0,15.0,10.0,0.0,10.0,1.0,1.0,50.0,52.0,0.0,0.0,0.0,1.0,0.0,0.0,0.0,0.0,0.0,0.0,0.0,0.0,0.0,0.0,7.0,0.0,0.0,0.0,1.0,1.0,35.0,0.0,0.0,0.0,0.0,0.0,0.0,4.0,6.0,4.0,6512533605.0,9640690.0,鞍山市铁西区,鞍山市铁西区永发街道,20.0,30.0,5.0,20.0,75.0,78.36666666666666,40.88947368421053,39.60348923533779
辽宁省,鞍山市,铁西区,宁远街道,122.8788549,41.1159878,4.0,4.0,0.0,4.0,37.0,156.0,0.0,4.0,3.0,4.0,0.0,0.0,0.0,0.0,1.0,1.0,0.0,0.0,0.0,0.0,0.0,0.0,0.0,0.0,0.0,8.0,19.0,0.0,0.0,0.0,1.0,0.0,0.0,11.0,11.0,3.0,2.0,0.0,0.0,0.0,5.0,13.0,0.0,0.0,0.0,0.0,0.0,0.0,0.0,0.0,0.0,0.0,0.0,0.0,0.0,0.0,0.0,0.0,0.0,0.0,0.0,2.0,0.0,0.0,0.0,0.0,0.0,0.0,0.0,1.0,4.0,0.0,6512533599.0,9640685.0,鞍山市铁西区,鞍山市铁西区宁远街道,20.0,25.9,0.0,3.4000000000000004,49.3,78.36666666666666,40.88947368421053,39.60348923533779
辽宁省,鞍山市,铁西区,达道湾街道,122.9328847,41.1643911,15.0,28.0,7.0,16.0,127.0,73.0,0.0,0.0,0.0,3.0,0.0,0.0,0.0,0.0,0.0,0.0,0.0,0.0,0.0,0.0,3.0,0.0,3.0,0.0,0.0,4.0,158.0,0.0,0.0,2.0,0.0,9.0,0.0,12.0,12.0,8.0,0.0,2.0,2.0,0.0,10.0,4.0,0.0,0.0,0.0,0.0,0.0,0.0,0.0,0.0,0.0,0.0,0.0,0.0,0.0,0.0,0.0,0.0,1.0,0.0,0.0,3.0,12.0,0.0,0.0,0.0,0.0,0.0,0.0,1.0,5.0,3.0,6512533594.0,9640680.0,鞍山市铁西区,鞍山市铁西区达道湾街道,19.0,26.0,0.0,20.0,65.0,78.36666666666666,40.88947368421053,39.60348923533779
辽宁省,鞍山市,立山区,友好街道,123.007562,41.1313411,15.0,55.0,33.0,23.0,381.0,758.0,0.0,83.0,33.0,9.0,1.0,2.0,3.0,3.0,26.0,33.0,0.0,4.0,10.0,10.0,58.0,0.0,1.0,2.0,12.0,26.0,594.0,0.0,11.0,11.0,4.0,37.0,12.0,21.0,16.0,16.0,2.0,8.0,5.0,2.0,95.0,125.0,0.0,3.0,0.0,0.0,0.0,0.0,1.0,1.0,9.0,10.0,0.0,2.0,0.0,1.0,14.0,0.0,1.0,0.0,1.0,2.0,16.0,0.0,3.0,0.0,3.0,5.0,1.0,11.0,9.0,9.0,6513774995.0,9642380.0,鞍山市立山区,鞍山市立山区友好街道,20.0,30.0,18.0,20.0,88.0,62.72222222222222,40.88947368421053,39.60348923533779
辽宁省,鞍山市,立山区,双山街道,123.0175312,41.1392146,10.0,33.0,18.0,21.0,352.0,575.0,0.0,20.0,0.0,4.0,1.0,0.0,3.0,3.0,26.0,30.0,0.0,3.0,0.0,2.0,58.0,0.0,1.0,1.0,10.0,26.0,71.0,0.0,4.0,2.0,4.0,27.0,2.0,19.0,14.0,16.0,8.0,6.0,2.0,8.0,59.0,123.0,0.0,10.0,0.0,1.0,1.0,0.0,2.0,2.0,9.0,9.0,0.0,1.0,0.0,2.0,16.0,0.0,0.0,1.0,2.0,3.0,15.0,0.0,0.0,0.0,0.0,8.0,2.0,7.0,9.0,10.0,6513774992.0,9642378.0,鞍山市立山区,鞍山市立山区双山街道,20.0,28.0,14.0,12.8,74.8,62.72222222222222,40.88947368421053,39.60348923533779
辽宁省,鞍山市,立山区,立山街道,123.0226349,41.1529863,10.0,27.0,8.0,19.0,244.0,378.0,0.0,13.0,0.0,4.0,1.0,0.0,2.0,2.0,17.0,18.0,0.0,2.0,0.0,2.0,50.0,0.0,1.0,1.0,6.0,12.0,55.0,0.0,1.0,1.0,1.0,14.0,2.0,14.0,11.0,15.0,4.0,5.0,6.0,4.0,49.0,117.0,0.0,3.0,0.0,1.0,0.0,0.0,1.0,1.0,3.0,3.0,0.0,0.0,0.0,1.0,13.0,0.0,1.0,1.0,1.0,2.0,6.0,0.0,0.0,0.0,1.0,3.0,1.0,9.0,10.0,11.0,6513774988.0,9642374.0,鞍山市立山区,鞍山市立山区立山街道,20.0,28.0,11.0,10.2,69.2,62.72222222222222,40.88947368421053,39.60348923533779
辽宁省,鞍山市,立山区,曙光街道,123.0496652,41.1457958,5.0,32.0,25.0,19.0,218.0,329.0,0.0,12.0,0.0,3.0,0.0,0.0,2.0,2.0,15.0,16.0,0.0,1.0,0.0,1.0,51.0,0.0,0.0,1.0,5.0,15.0,18.0,0.0,1.0,0.0,1.0,13.0,1.0,11.0,14.0,13.0,3.0,5.0,2.0,0.0,18.0,16.0,0.0,0.0,0.0,0.0,0.0,0.0,0.0,0.0,2.0,2.0,0.0,0.0,0.0,0.0,10.0,0.0,0.0,0.0,1.0,1.0,1.0,0.0,0.0,0.0,0.0,2.0,0.0,4.0,7.0,5.0,6513774993.0,9642379.0,鞍山市立山区,鞍山市立山区曙光街道,20.0,26.0,5.0,5.9,56.9,62.72222222222222,40.88947368421053,39.60348923533779
辽宁省,鞍山市,立山区,灵山街道,123.0428177,41.1862729,0.0,19.0,6.0,12.0,90.0,118.0,0.0,3.0,0.0,1.0,0.0,0.0,0.0,0.0,3.0,3.0,0.0,0.0,0.0,0.0,7.0,0.0,4.0,0.0,1.0,2.0,19.0,0.0,1.0,0.0,0.0,0.0,0.0,12.0,8.0,8.0,0.0,8.0,0.0,0.0,23.0,12.0,0.0,1.0,0.0,0.0,0.0,0.0,0.0,0.0,0.0,0.0,0.0,0.0,0.0,0.0,0.0,0.0,1.0,0.0,0.0,1.0,1.0,0.0,0.0,0.0,0.0,0.0,0.0,10.0,5.0,3.0,6513774987.0,9642373.0,鞍山市立山区,鞍山市立山区灵山街道,17.0,26.0,0.0,6.0,49.0,62.72222222222222,40.88947368421053,39.60348923533779
辽宁省,鞍山市,立山区,深沟寺街道,123.0311172,41.1264738,10.0,34.0,24.0,20.0,425.0,593.0,0.0,44.0,0.0,8.0,2.0,0.0,3.0,3.0,26.0,32.0,0.0,3.0,1.0,5.0,84.0,0.0,1.0,3.0,9.0,25.0,92.0,0.0,4.0,0.0,3.0,35.0,3.0,19.0,17.0,14.0,0.0,11.0,4.0,12.0,57.0,21.0,0.0,1.0,0.0,0.0,0.0,0.0,0.0,0.0,4.0,5.0,0.0,0.0,0.0,0.0,2.0,0.0,0.0,0.0,3.0,11.0,0.0,0.0,0.0,0.0,0.0,2.0,0.0,4.0,9.0,9.0,6513774990.0,18947270.0,鞍山市立山区,鞍山市立山区深沟寺街道,20.0,28.0,5.0,13.200000000000001,66.2,62.72222222222222,40.88947368421053,39.60348923533779
辽宁省,鞍山市,立山区,沙河街道,123.0331082,41.1485028,10.0,28.0,17.0,19.0,272.0,412.0,0.0,14.0,0.0,4.0,1.0,0.0,2.0,2.0,20.0,22.0,0.0,2.0,0.0,2.0,50.0,0.0,1.0,1.0,7.0,18.0,29.0,0.0,1.0,0.0,1.0,15.0,2.0,14.0,15.0,16.0,3.0,3.0,2.0,2.0,59.0,61.0,0.0,6.0,0.0,1.0,0.0,0.0,1.0,1.0,4.0,4.0,0.0,0.0,0.0,0.0,22.0,0.0,0.0,0.0,0.0,1.0,7.0,0.0,0.0,0.0,0.0,8.0,0.0,5.0,8.0,7.0,6513774989.0,9642375.0,鞍山市立山区,鞍山市立山区沙河街道,20.0,28.0,10.0,7.6,65.6,62.72222222222222,40.88947368421053,39.60348923533779
辽宁省,鞍山市,立山区,千山街道,123.1008369,41.0859764,3.0,24.0,4.0,8.0,50.0,44.0,0.0,2.0,0.0,1.0,0.0,0.0,0.0,0.0,2.0,2.0,0.0,0.0,0.0,0.0,7.0,0.0,2.0,0.0,0.0,5.0,9.0,0.0,0.0,1.0,0.0,0.0,2.0,6.0,10.0,9.0,0.0,6.0,3.0,5.0,15.0,12.0,0.0,0.0,0.0,0.0,0.0,0.0,0.0,0.0,1.0,1.0,0.0,0.0,0.0,0.0,1.0,0.0,0.0,0.0,0.0,3.0,0.0,0.0,0.0,0.0,0.0,0.0,0.0,1.0,6.0,2.0,2278066192.0,-1.0,鞍山市立山区,鞍山市立山区千山街道,12.0,26.0,5.0,5.0,48.0,62.72222222222222,40.88947368421053,39.60348923533779
辽宁省,鞍山市,立山区,齐大山街道,123.0866171,41.1554511,2.0,9.0,11.0,6.0,60.0,79.0,0.0,0.0,1.0,0.0,0.0,0.0,0.0,0.0,1.0,1.0,0.0,0.0,0.0,0.0,3.0,0.0,1.0,0.0,0.0,5.0,7.0,0.0,0.0,1.0,0.0,0.0,0.0,9.0,10.0,6.0,0.0,2.0,1.0,2.0,14.0,46.0,0.0,0.0,0.0,0.0,0.0,0.0,0.0,0.0,1.0,1.0,0.0,0.0,0.0,0.0,0.0,0.0,0.0,0.0,0.0,3.0,0.0,0.0,0.0,0.0,0.0,0.0,0.0,1.0,6.0,0.0,2278066175.0,-1.0,鞍山市立山区,鞍山市立山区齐大山街道,12.0,26.0,5.0,3.8,46.8,62.72222222222222,40.88947368421053,39.60348923533779
辽宁省,鞍山市,千山区,汤岗子街道,122.9118184,41.0123715,8.0,15.0,6.0,9.0,204.0,67.0,0.0,6.0,0.0,0.0,0.0,0.0,2.0,2.0,5.0,5.0,0.0,0.0,0.0,0.0,7.0,0.0,0.0,1.0,0.0,10.0,3.0,0.0,0.0,0.0,0.0,5.0,1.0,6.0,13.0,11.0,4.0,6.0,4.0,4.0,55.0,25.0,0.0,4.0,0.0,0.0,0.0,0.0,0.0,0.0,3.0,3.0,0.0,0.0,0.0,0.0,3.0,0.0,0.0,0.0,0.0,2.0,0.0,0.0,0.0,0.0,0.0,5.0,1.0,4.0,11.0,9.0,2278066196.0,9638681.0,鞍山市千山区,鞍山市千山区汤岗子街道,20.0,24.0,5.0,4.3,53.3,49.32,40.88947368421053,39.60348923533779
辽宁省,鞍山市,千山区,东鞍山街道,122.9177131,41.0420473,18.0,10.0,0.0,6.0,175.0,94.0,0.0,14.0,4.0,0.0,0.0,0.0,2.0,2.0,3.0,3.0,0.0,0.0,0.0,0.0,3.0,0.0,0.0,0.0,0.0,12.0,3.0,0.0,0.0,0.0,0.0,6.0,0.0,11.0,12.0,8.0,8.0,2.0,0.0,0.0,43.0,7.0,0.0,0.0,4.0,0.0,0.0,0.0,0.0,0.0,1.0,1.0,0.0,0.0,0.0,0.0,0.0,0.0,0.0,0.0,0.0,5.0,0.0,0.0,0.0,0.0,0.0,4.0,0.0,3.0,7.0,3.0,2279011942.0,9638677.0,鞍山市千山区,鞍山市千山区东鞍山街道,20.0,26.0,5.0,4.3,55.3,49.32,40.88947368421053,39.60348923533779
辽宁省,鞍山市,千山区,唐家房镇,122.9902913,41.0253536,0.0,7.0,2.0,9.0,79.0,52.0,0.0,1.0,0.0,0.0,0.0,0.0,2.0,2.0,0.0,0.0,0.0,0.0,0.0,0.0,0.0,0.0,0.0,0.0,0.0,8.0,0.0,0.0,0.0,0.0,0.0,0.0,1.0,5.0,9.0,8.0,0.0,7.0,0.0,3.0,12.0,8.0,0.0,0.0,0.0,0.0,0.0,0.0,0.0,0.0,0.0,0.0,0.0,0.0,0.0,0.0,0.0,0.0,0.0,0.0,0.0,2.0,0.0,0.0,0.0,0.0,0.0,0.0,0.0,1.0,5.0,2.0,2278066178.0,9638682.0,鞍山市千山区,鞍山市千山区唐家房镇,20.0,24.0,0.0,4.0,48.0,49.32,40.88947368421053,39.60348923533779
辽宁省,鞍山市,千山区,大屯镇,122.9127862,40.992063,4.0,9.0,6.0,8.0,164.0,45.0,0.0,4.0,0.0,0.0,0.0,0.0,0.0,0.0,4.0,4.0,0.0,0.0,0.0,0.0,5.0,0.0,2.0,1.0,0.0,12.0,3.0,0.0,0.0,0.0,0.0,5.0,1.0,7.0,11.0,12.0,0.0,3.0,0.0,3.0,51.0,5.0,0.0,0.0,0.0,0.0,0.0,0.0,0.0,0.0,1.0,1.0,0.0,0.0,0.0,0.0,0.0,0.0,0.0,1.0,0.0,4.0,0.0,0.0,0.0,0.0,0.0,0.0,0.0,1.0,5.0,4.0,2278066167.0,9638676.0,鞍山市千山区,鞍山市千山区大屯镇,20.0,24.0,5.0,4.3,53.3,49.32,40.88947368421053,39.60348923533779
辽宁省,鞍山市,千山区,甘泉镇,122.8527031,40.9627594,2.0,0.0,0.0,5.0,11.0,1.0,0.0,0.0,1.0,0.0,0.0,0.0,0.0,0.0,0.0,0.0,0.0,0.0,0.0,0.0,0.0,0.0,0.0,0.0,0.0,3.0,8.0,0.0,0.0,0.0,0.0,0.0,0.0,8.0,5.0,1.0,2.0,0.0,0.0,4.0,2.0,0.0,0.0,0.0,0.0,0.0,0.0,0.0,0.0,0.0,0.0,0.0,0.0,0.0,0.0,0.0,0.0,0.0,0.0,0.0,0.0,1.0,1.0,0.0,0.0,0.0,0.0,0.0,0.0,4.0,4.0,0.0,2294257516.0,9638679.0,鞍山市千山区,鞍山市千山区甘泉镇,18.0,17.3,0.0,1.4,36.699999999999996,49.32,40.88947368421053,39.60348923533779
辽宁省,鞍山市,台安县,八角台街道,122.4215691,41.3850966,3.0,14.0,10.0,14.0,27.0,1.0,0.0,0.0,1.0,1.0,0.0,0.0,0.0,0.0,0.0,0.0,0.0,0.0,0.0,0.0,1.0,0.0,2.0,0.0,0.0,3.0,0.0,0.0,0.0,1.0,0.0,4.0,0.0,4.0,8.0,5.0,0.0,12.0,10.0,2.0,12.0,0.0,0.0,0.0,1.0,0.0,0.0,0.0,0.0,0.0,0.0,0.0,0.0,0.0,0.0,0.0,1.0,0.0,0.0,0.0,0.0,3.0,0.0,0.0,0.0,0.0,0.0,3.0,0.0,3.0,5.0,3.0,6509538332.0,9636528.0,鞍山市台安县,鞍山市台安县八角台街道,18.0,27.0,0.0,2.6,47.6,24.075,40.88947368421053,39.60348923533779
辽宁省,鞍山市,台安县,台东街道,122.4289479,41.3847103,2.0,14.0,10.0,11.0,27.0,1.0,0.0,0.0,1.0,1.0,0.0,0.0,0.0,0.0,0.0,0.0,0.0,0.0,0.0,0.0,1.0,0.0,2.0,0.0,0.0,3.0,0.0,0.0,0.0,1.0,0.0,4.0,0.0,4.0,8.0,5.0,0.0,12.0,9.0,3.0,8.0,0.0,0.0,0.0,1.0,0.0,0.0,0.0,0.0,0.0,0.0,0.0,0.0,0.0,0.0,0.0,1.0,0.0,0.0,0.0,0.0,3.0,0.0,0.0,0.0,0.0,0.0,2.0,0.0,3.0,5.0,2.0,6509538335.0,9636530.0,鞍山市台安县,鞍山市台安县台东街道,18.0,25.8,0.0,2.6,46.4,24.075,40.88947368421053,39.60348923533779
辽宁省,鞍山市,台安县,西佛镇,122.5429198,41.430935,1.0,0.0,0.0,8.0,36.0,0.0,0.0,0.0,0.0,0.0,0.0,0.0,0.0,0.0,0.0,0.0,0.0,0.0,0.0,0.0,1.0,0.0,0.0,0.0,0.0,1.0,2.0,0.0,0.0,0.0,0.0,0.0,0.0,2.0,4.0,1.0,1.0,0.0,0.0,4.0,30.0,0.0,0.0,0.0,0.0,0.0,0.0,0.0,0.0,0.0,0.0,0.0,0.0,0.0,0.0,0.0,1.0,0.0,0.0,0.0,0.0,1.0,2.0,0.0,0.0,0.0,0.0,0.0,0.0,2.0,4.0,1.0,2276932019.0,-1.0,鞍山市台安县,鞍山市台安县西佛镇,8.0,22.0,0.0,0.9,30.9,24.075,40.88947368421053,39.60348923533779
辽宁省,鞍山市,台安县,新开河镇,122.4872162,41.3205179,0.0,2.0,0.0,6.0,1.0,4.0,0.0,0.0,0.0,0.0,0.0,0.0,0.0,0.0,0.0,0.0,0.0,0.0,0.0,0.0,0.0,0.0,0.0,0.0,0.0,1.0,0.0,0.0,0.0,0.0,0.0,0.0,0.0,1.0,4.0,0.0,0.0,2.0,0.0,4.0,1.0,0.0,0.0,0.0,0.0,0.0,0.0,0.0,0.0,0.0,0.0,0.0,0.0,0.0,0.0,0.0,0.0,0.0,0.0,0.0,0.0,1.0,0.0,0.0,0.0,0.0,0.0,0.0,0.0,1.0,3.0,0.0,2276922822.0,-1.0,鞍山市台安县,鞍山市台安县新开河镇,8.0,12.5,0.0,0.0,20.5,24.075,40.88947368421053,39.60348923533779
辽宁省,鞍山市,台安县,黄沙坨镇,122.5152958,41.2077378,0.0,2.0,0.0,1.0,0.0,0.0,0.0,0.0,0.0,0.0,0.0,0.0,0.0,0.0,0.0,0.0,0.0,0.0,0.0,0.0,0.0,0.0,0.0,0.0,0.0,1.0,0.0,0.0,0.0,0.0,0.0,0.0,0.0,1.0,3.0,0.0,0.0,2.0,0.0,1.0,0.0,0.0,0.0,0.0,0.0,0.0,0.0,0.0,0.0,0.0,0.0,0.0,0.0,0.0,0.0,0.0,0.0,0.0,0.0,0.0,0.0,1.0,0.0,0.0,0.0,0.0,0.0,0.0,0.0,1.0,3.0,0.0,2277892602.0,-1.0,鞍山市台安县,鞍山市台安县黄沙坨镇,8.0,7.5,0.0,0.0,15.5,24.075,40.88947368421053,39.60348923533779
辽宁省,鞍山市,台安县,高力房镇,122.4627544,41.1615634,0.0,2.0,2.0,4.0,0.0,0.0,0.0,0.0,0.0,0.0,0.0,0.0,0.0,0.0,0.0,0.0,0.0,0.0,0.0,0.0,0.0,0.0,0.0,0.0,0.0,1.0,0.0,0.0,0.0,0.0,0.0,0.0,0.0,1.0,3.0,0.0,0.0,2.0,2.0,2.0,0.0,0.0,0.0,0.0,0.0,0.0,0.0,0.0,0.0,0.0,0.0,0.0,0.0,0.0,0.0,0.0,0.0,0.0,0.0,0.0,0.0,1.0,0.0,0.0,0.0,0.0,0.0,0.0,0.0,1.0,3.0,0.0,2278075854.0,-1.0,鞍山市台安县,鞍山市台安县高力房镇,8.0,10.5,0.0,0.0,18.5,24.075,40.88947368421053,39.60348923533779
辽宁省,鞍山市,台安县,桑林镇,122.2978378,41.4596383,0.0,3.0,0.0,9.0,49.0,0.0,0.0,0.0,0.0,0.0,0.0,0.0,0.0,0.0,0.0,0.0,0.0,0.0,0.0,0.0,3.0,0.0,1.0,0.0,0.0,2.0,0.0,0.0,0.0,0.0,0.0,0.0,0.0,1.0,8.0,4.0,0.0,3.0,0.0,3.0,34.0,0.0,0.0,0.0,0.0,0.0,0.0,0.0,0.0,0.0,0.0,0.0,0.0,0.0,0.0,0.0,1.0,0.0,0.0,0.0,0.0,1.0,0.0,0.0,0.0,0.0,0.0,0.0,0.0,1.0,5.0,3.0,3239097156.0,-1.0,鞍山市台安县,鞍山市台安县桑林镇,9.0,24.0,0.0,2.0,35.0,24.075,40.88947368421053,39.60348923533779
辽宁省,鞍山市,台安县,富家镇,122.3386563,41.2521487,0.0,0.0,0.0,5.0,0.0,0.0,0.0,0.0,0.0,0.0,0.0,0.0,0.0,0.0,0.0,0.0,0.0,0.0,0.0,0.0,0.0,0.0,0.0,0.0,0.0,1.0,0.0,0.0,0.0,0.0,0.0,0.0,0.0,1.0,1.0,0.0,0.0,0.0,0.0,4.0,0.0,0.0,0.0,0.0,0.0,0.0,0.0,0.0,0.0,0.0,0.0,0.0,0.0,0.0,0.0,0.0,0.0,0.0,0.0,0.0,0.0,1.0,0.0,0.0,0.0,0.0,0.0,0.0,0.0,1.0,1.0,0.0,2277883858.0,-1.0,鞍山市台安县,鞍山市台安县富家镇,8.0,5.5,0.0,0.0,13.5,24.075,40.88947368421053,39.60348923533779
辽宁省,鞍山市,台安县,达牛镇,122.6147928,41.3854249,0.0,0.0,0.0,3.0,0.0,0.0,0.0,0.0,0.0,0.0,0.0,0.0,0.0,0.0,0.0,0.0,0.0,0.0,0.0,0.0,0.0,0.0,0.0,0.0,0.0,1.0,0.0,0.0,0.0,0.0,0.0,0.0,0.0,6.0,1.0,1.0,0.0,0.0,0.0,3.0,0.0,0.0,0.0,0.0,0.0,0.0,0.0,0.0,0.0,0.0,0.0,0.0,0.0,0.0,0.0,0.0,0.0,0.0,0.0,0.0,0.0,1.0,0.0,0.0,0.0,0.0,0.0,0.0,0.0,1.0,1.0,0.0,3233063865.0,-1.0,鞍山市台安县,鞍山市台安县达牛镇,8.0,3.5,0.0,0.5,12.0,24.075,40.88947368421053,39.60348923533779
辽宁省,鞍山市,台安县,韭菜台镇,122.4172124,41.0755677,0.0,0.0,1.0,4.0,0.0,0.0,0.0,0.0,0.0,0.0,0.0,0.0,0.0,0.0,0.0,0.0,0.0,0.0,0.0,0.0,0.0,0.0,0.0,0.0,0.0,1.0,0.0,0.0,0.0,0.0,0.0,0.0,0.0,7.0,2.0,3.0,0.0,0.0,1.0,2.0,0.0,0.0,0.0,0.0,0.0,0.0,0.0,0.0,0.0,0.0,0.0,0.0,0.0,0.0,0.0,0.0,0.0,0.0,0.0,0.0,0.0,1.0,0.0,0.0,0.0,0.0,0.0,0.0,0.0,5.0,2.0,2.0,3397730820.0,-1.0,鞍山市台安县,鞍山市台安县韭菜台镇,8.0,10.0,0.0,1.5,19.5,24.075,40.88947368421053,39.60348923533779
辽宁省,鞍山市,台安县,新台镇,122.3573674,41.3229629,0.0,0.0,0.0,3.0,1.0,0.0,0.0,0.0,0.0,0.0,0.0,0.0,0.0,0.0,0.0,0.0,0.0,0.0,0.0,0.0,0.0,0.0,0.0,0.0,0.0,1.0,0.0,0.0,0.0,0.0,0.0,0.0,0.0,1.0,2.0,0.0,0.0,0.0,0.0,2.0,1.0,0.0,0.0,0.0,0.0,0.0,0.0,0.0,0.0,0.0,0.0,0.0,0.0,0.0,0.0,0.0,0.0,0.0,0.0,0.0,0.0,1.0,0.0,0.0,0.0,0.0,0.0,0.0,0.0,1.0,2.0,0.0,2277883847.0,-1.0,鞍山市台安县,鞍山市台安县新台镇,8.0,4.5,0.0,0.0,12.5,24.075,40.88947368421053,39.60348923533779
辽宁省,鞍山市,台安县,桓洞镇,122.4690987,41.505973,0.0,1.0,0.0,2.0,1.0,0.0,0.0,0.0,0.0,0.0,0.0,0.0,0.0,0.0,0.0,0.0,0.0,0.0,0.0,0.0,0.0,0.0,0.0,0.0,0.0,1.0,0.0,0.0,0.0,0.0,0.0,0.0,0.0,1.0,3.0,0.0,0.0,1.0,0.0,2.0,1.0,0.0,0.0,0.0,0.0,0.0,0.0,0.0,0.0,0.0,0.0,0.0,0.0,0.0,0.0,0.0,0.0,0.0,0.0,0.0,0.0,1.0,0.0,0.0,0.0,0.0,0.0,0.0,0.0,1.0,3.0,0.0,3239069722.0,-1.0,鞍山市台安县,鞍山市台安县桓洞镇,8.0,9.0,0.0,0.0,17.0,24.075,40.88947368421053,39.60348923533779
辽宁省,鞍山市,岫岩满族自治县,阜昌街道,123.2754269,40.28901,14.0,6.0,16.0,13.0,28.0,2.0,0.0,0.0,0.0,0.0,0.0,2.0,0.0,0.0,0.0,0.0,0.0,0.0,0.0,0.0,1.0,0.0,0.0,0.0,0.0,3.0,15.0,0.0,0.0,0.0,0.0,2.0,0.0,5.0,9.0,6.0,0.0,1.0,7.0,8.0,8.0,2.0,0.0,0.0,0.0,0.0,0.0,2.0,0.0,0.0,0.0,0.0,0.0,0.0,0.0,0.0,1.0,0.0,0.0,0.0,0.0,2.0,15.0,0.0,0.0,0.0,0.0,1.0,0.0,2.0,6.0,5.0,2861362312.0,9637896.0,鞍山市岫岩满族自治县,鞍山市岫岩满族自治县阜昌街道,18.0,22.0,5.0,6.0,51.0,22.245833333333334,40.88947368421053,39.60348923533779
辽宁省,鞍山市,岫岩满族自治县,兴隆街道,123.2833891,40.303322,14.0,8.0,14.0,12.0,13.0,2.0,0.0,0.0,0.0,0.0,0.0,2.0,0.0,0.0,0.0,0.0,0.0,0.0,0.0,0.0,1.0,0.0,0.0,0.0,0.0,3.0,15.0,0.0,0.0,0.0,0.0,2.0,0.0,4.0,9.0,6.0,12.0,3.0,1.0,2.0,0.0,0.0,0.0,0.0,0.0,0.0,0.0,0.0,0.0,0.0,0.0,0.0,0.0,0.0,0.0,0.0,1.0,0.0,0.0,0.0,0.0,1.0,0.0,0.0,0.0,0.0,0.0,1.0,0.0,2.0,4.0,6.0,2268986110.0,9637898.0,鞍山市岫岩满族自治县,鞍山市岫岩满族自治县兴隆街道,18.0,16.6,5.0,4.5,44.1,22.245833333333334,40.88947368421053,39.60348923533779
辽宁省,鞍山市,岫岩满族自治县,雅河街道,123.2859544,40.2429786,0.0,4.0,1.0,9.0,14.0,2.0,0.0,0.0,0.0,0.0,0.0,0.0,0.0,0.0,1.0,1.0,0.0,0.0,0.0,0.0,2.0,0.0,0.0,0.0,0.0,2.0,10.0,0.0,0.0,0.0,0.0,1.0,0.0,3.0,8.0,4.0,0.0,1.0,0.0,2.0,4.0,0.0,0.0,0.0,0.0,0.0,0.0,0.0,0.0,0.0,0.0,0.0,0.0,0.0,0.0,0.0,0.0,0.0,0.0,0.0,0.0,2.0,0.0,0.0,0.0,0.0,0.0,0.0,0.0,2.0,4.0,1.0,2268955933.0,9637899.0,鞍山市岫岩满族自治县,鞍山市岫岩满族自治县雅河街道,17.0,18.0,0.0,3.0,38.0,22.245833333333334,40.88947368421053,39.60348923533779
辽宁省,鞍山市,岫岩满族自治县,三家子镇,123.3340708,40.6703923,0.0,1.0,0.0,2.0,5.0,0.0,0.0,0.0,0.0,0.0,0.0,0.0,0.0,0.0,0.0,0.0,0.0,0.0,0.0,0.0,0.0,0.0,0.0,0.0,0.0,1.0,0.0,0.0,0.0,0.0,0.0,0.0,0.0,1.0,3.0,2.0,0.0,1.0,0.0,2.0,1.0,0.0,0.0,0.0,0.0,0.0,0.0,0.0,0.0,0.0,0.0,0.0,0.0,0.0,0.0,0.0,0.0,0.0,0.0,0.0,0.0,1.0,0.0,0.0,0.0,0.0,0.0,0.0,0.0,1.0,3.0,2.0,2296581405.0,-1.0,鞍山市岫岩满族自治县,鞍山市岫岩满族自治县三家子镇,8.0,9.8,0.0,1.0,18.8,22.245833333333334,40.88947368421053,39.60348923533779
辽宁省,鞍山市,岫岩满族自治县,石庙子镇,123.5170672,40.6566569,0.0,1.0,0.0,1.0,0.0,0.0,0.0,0.0,0.0,0.0,0.0,0.0,0.0,0.0,0.0,0.0,0.0,0.0,0.0,0.0,0.0,0.0,0.0,0.0,0.0,1.0,0.0,0.0,0.0,0.0,0.0,0.0,0.0,1.0,2.0,1.0,0.0,1.0,0.0,0.0,0.0,0.0,0.0,0.0,0.0,0.0,0.0,0.0,0.0,0.0,0.0,0.0,0.0,0.0,0.0,0.0,0.0,0.0,0.0,0.0,0.0,1.0,0.0,0.0,0.0,0.0,0.0,0.0,0.0,1.0,1.0,1.0,2269003954.0,-1.0,鞍山市岫岩满族自治县,鞍山市岫岩满族自治县石庙子镇,8.0,7.0,0.0,0.5,15.5,22.245833333333334,40.88947368421053,39.60348923533779
辽宁省,鞍山市,岫岩满族自治县,黄花甸镇,123.4738086,40.5535678,0.0,4.0,0.0,4.0,0.0,0.0,0.0,0.0,0.0,0.0,0.0,0.0,0.0,0.0,0.0,0.0,0.0,0.0,0.0,0.0,0.0,0.0,0.0,0.0,0.0,1.0,0.0,0.0,0.0,0.0,0.0,0.0,0.0,1.0,2.0,2.0,0.0,2.0,0.0,0.0,0.0,0.0,0.0,0.0,0.0,0.0,0.0,0.0,0.0,0.0,0.0,0.0,0.0,0.0,0.0,0.0,0.0,0.0,0.0,0.0,0.0,1.0,0.0,0.0,0.0,0.0,0.0,0.0,0.0,1.0,1.0,2.0,2269002095.0,-1.0,鞍山市岫岩满族自治县,鞍山市岫岩满族自治县黄花甸镇,8.0,10.0,0.0,1.0,19.0,22.245833333333334,40.88947368421053,39.60348923533779
辽宁省,鞍山市,岫岩满族自治县,大营子镇,123.6075773,40.3145638,1.0,0.0,0.0,7.0,2.0,0.0,0.0,0.0,0.0,0.0,0.0,0.0,0.0,0.0,0.0,0.0,0.0,0.0,0.0,0.0,9.0,0.0,1.0,0.0,0.0,2.0,0.0,0.0,0.0,0.0,0.0,0.0,0.0,1.0,3.0,4.0,1.0,0.0,0.0,2.0,0.0,0.0,0.0,0.0,0.0,0.0,0.0,0.0,0.0,0.0,0.0,0.0,0.0,0.0,0.0,0.0,1.0,0.0,0.0,0.0,0.0,1.0,0.0,0.0,0.0,0.0,0.0,0.0,0.0,1.0,2.0,3.0,2254632440.0,-1.0,鞍山市岫岩满族自治县,鞍山市岫岩满族自治县大营子镇,9.0,11.9,0.0,2.0,22.9,22.245833333333334,40.88947368421053,39.60348923533779
辽宁省,鞍山市,岫岩满族自治县,苏子沟镇,123.4084379,40.4012179,0.0,3.0,0.0,2.0,1.0,0.0,0.0,0.0,0.0,0.0,0.0,0.0,0.0,0.0,0.0,0.0,0.0,0.0,0.0,0.0,0.0,0.0,0.0,0.0,0.0,1.0,0.0,0.0,0.0,0.0,0.0,0.0,0.0,1.0,3.0,3.0,0.0,3.0,0.0,2.0,1.0,0.0,0.0,0.0,0.0,0.0,0.0,0.0,0.0,0.0,0.0,0.0,0.0,0.0,0.0,0.0,0.0,0.0,0.0,0.0,0.0,1.0,0.0,0.0,0.0,0.0,0.0,0.0,0.0,1.0,3.0,3.0,2808885741.0,-1.0,鞍山市岫岩满族自治县,鞍山市岫岩满族自治县苏子沟镇,8.0,9.0,0.0,1.5,18.5,22.245833333333334,40.88947368421053,39.60348923533779
辽宁省,鞍山市,岫岩满族自治县,偏岭镇,123.1559393,40.4764488,0.0,1.0,0.0,15.0,14.0,0.0,0.0,0.0,0.0,0.0,0.0,0.0,0.0,0.0,0.0,0.0,0.0,0.0,0.0,0.0,0.0,0.0,0.0,0.0,0.0,2.0,0.0,0.0,0.0,0.0,0.0,0.0,0.0,2.0,8.0,2.0,0.0,1.0,0.0,7.0,8.0,0.0,0.0,0.0,0.0,0.0,0.0,0.0,0.0,0.0,0.0,0.0,0.0,0.0,0.0,0.0,0.0,0.0,0.0,0.0,0.0,2.0,0.0,0.0,0.0,0.0,0.0,0.0,0.0,2.0,8.0,1.0,2255537072.0,-1.0,鞍山市岫岩满族自治县,鞍山市岫岩满族自治县偏岭镇,9.0,19.2,0.0,1.0,29.2,22.245833333333334,40.88947368421053,39.60348923533779
辽宁省,鞍山市,岫岩满族自治县,哈达碑镇,123.1574152,40.357759,0.0,1.0,0.0,2.0,0.0,0.0,0.0,0.0,0.0,0.0,0.0,0.0,0.0,0.0,0.0,0.0,0.0,0.0,0.0,0.0,0.0,0.0,0.0,0.0,0.0,1.0,0.0,0.0,0.0,0.0,0.0,0.0,0.0,1.0,2.0,1.0,0.0,1.0,0.0,1.0,0.0,0.0,0.0,0.0,0.0,0.0,0.0,0.0,0.0,0.0,0.0,0.0,0.0,0.0,0.0,0.0,0.0,0.0,0.0,0.0,0.0,1.0,0.0,0.0,0.0,0.0,0.0,0.0,0.0,1.0,2.0,1.0,3208589926.0,-1.0,鞍山市岫岩满族自治县,鞍山市岫岩满族自治县哈达碑镇,8.0,8.0,0.0,0.5,16.5,22.245833333333334,40.88947368421053,39.60348923533779
辽宁省,鞍山市,岫岩满族自治县,新甸镇,123.1234792,40.0918289,0.0,3.0,0.0,4.0,5.0,0.0,0.0,0.0,0.0,0.0,0.0,0.0,0.0,0.0,0.0,0.0,0.0,0.0,0.0,0.0,1.0,0.0,0.0,0.0,0.0,5.0,0.0,0.0,0.0,0.0,0.0,0.0,0.0,5.0,3.0,2.0,0.0,3.0,0.0,1.0,0.0,0.0,0.0,0.0,0.0,0.0,0.0,0.0,0.0,0.0,0.0,0.0,0.0,0.0,0.0,0.0,1.0,0.0,0.0,0.0,0.0,1.0,0.0,0.0,0.0,0.0,0.0,0.0,0.0,1.0,2.0,2.0,2255470708.0,-1.0,鞍山市岫岩满族自治县,鞍山市岫岩满族自治县新甸镇,12.0,11.5,0.0,1.0,24.5,22.245833333333334,40.88947368421053,39.60348923533779
辽宁省,鞍山市,岫岩满族自治县,洋河镇,123.4061411,40.0593761,0.0,1.0,0.0,3.0,4.0,0.0,0.0,0.0,0.0,0.0,0.0,0.0,0.0,0.0,0.0,0.0,0.0,0.0,0.0,0.0,0.0,0.0,0.0,0.0,0.0,1.0,0.0,0.0,0.0,0.0,0.0,0.0,0.0,2.0,7.0,1.0,0.0,1.0,0.0,2.0,3.0,0.0,0.0,0.0,0.0,0.0,0.0,0.0,0.0,0.0,0.0,0.0,0.0,0.0,0.0,0.0,0.0,0.0,0.0,0.0,0.0,1.0,0.0,0.0,0.0,0.0,0.0,0.0,0.0,1.0,4.0,0.0,2255222516.0,-1.0,鞍山市岫岩满族自治县,鞍山市岫岩满族自治县洋河镇,8.0,13.2,0.0,0.5,21.7,22.245833333333334,40.88947368421053,39.60348923533779
辽宁省,鞍山市,岫岩满族自治县,杨家堡镇,123.3125314,40.1670191,0.0,1.0,0.0,2.0,0.0,1.0,0.0,0.0,0.0,0.0,1.0,0.0,0.0,0.0,0.0,0.0,0.0,0.0,0.0,0.0,0.0,0.0,0.0,1.0,0.0,1.0,1.0,0.0,0.0,0.0,0.0,0.0,0.0,3.0,4.0,1.0,0.0,1.0,0.0,1.0,0.0,0.0,0.0,0.0,0.0,0.0,0.0,0.0,0.0,0.0,0.0,0.0,0.0,0.0,0.0,0.0,0.0,0.0,0.0,0.0,0.0,1.0,0.0,0.0,0.0,0.0,0.0,0.0,0.0,1.0,2.0,0.0,2255390948.0,-1.0,鞍山市岫岩满族自治县,鞍山市岫岩满族自治县杨家堡镇,8.0,11.0,0.0,0.6,19.6,22.245833333333334,40.88947368421053,39.60348923533779
辽宁省,鞍山市,岫岩满族自治县,清凉山镇,123.6108588,40.6005707,0.0,1.0,0.0,3.0,0.0,0.0,0.0,0.0,0.0,0.0,0.0,0.0,0.0,0.0,0.0,0.0,0.0,0.0,0.0,0.0,0.0,0.0,0.0,0.0,0.0,1.0,0.0,0.0,0.0,0.0,0.0,0.0,0.0,1.0,2.0,1.0,0.0,1.0,0.0,1.0,0.0,0.0,0.0,0.0,0.0,0.0,0.0,0.0,0.0,0.0,0.0,0.0,0.0,0.0,0.0,0.0,0.0,0.0,0.0,0.0,0.0,1.0,0.0,0.0,0.0,0.0,0.0,0.0,0.0,1.0,2.0,1.0,2269003957.0,-1.0,鞍山市岫岩满族自治县,鞍山市岫岩满族自治县清凉山镇,8.0,9.0,0.0,0.5,17.5,22.245833333333334,40.88947368421053,39.60348923533779
辽宁省,鞍山市,岫岩满族自治县,石灰窑镇,123.0902195,40.3128878,1.0,0.0,0.0,0.0,0.0,0.0,0.0,0.0,0.0,0.0,1.0,0.0,0.0,0.0,0.0,0.0,0.0,0.0,0.0,0.0,1.0,0.0,0.0,0.0,0.0,1.0,1.0,0.0,0.0,0.0,0.0,0.0,0.0,1.0,1.0,3.0,1.0,0.0,0.0,0.0,0.0,0.0,0.0,0.0,0.0,0.0,1.0,0.0,0.0,0.0,0.0,0.0,0.0,0.0,0.0,0.0,1.0,0.0,0.0,0.0,0.0,1.0,1.0,0.0,0.0,0.0,0.0,0.0,0.0,1.0,1.0,3.0,2268986111.0,-1.0,鞍山市岫岩满族自治县,鞍山市岫岩满族自治县石灰窑镇,8.0,7.5,0.0,1.7,17.2,22.245833333333334,40.88947368421053,39.60348923533779
辽宁省,鞍山市,岫岩满族自治县,前营镇,123.1859325,40.2033711,0.0,0.0,2.0,3.0,1.0,0.0,0.0,0.0,0.0,0.0,0.0,0.0,0.0,0.0,0.0,0.0,0.0,0.0,0.0,0.0,0.0,0.0,0.0,0.0,0.0,1.0,0.0,0.0,0.0,0.0,0.0,0.0,0.0,2.0,3.0,1.0,0.0,0.0,2.0,2.0,0.0,0.0,0.0,0.0,0.0,0.0,0.0,0.0,0.0,0.0,0.0,0.0,0.0,0.0,0.0,0.0,0.0,0.0,0.0,0.0,0.0,1.0,0.0,0.0,0.0,0.0,0.0,0.0,0.0,1.0,2.0,0.0,2268955936.0,-1.0,鞍山市岫岩满族自治县,鞍山市岫岩满族自治县前营镇,8.0,9.7,0.0,0.5,18.2,22.245833333333334,40.88947368421053,39.60348923533779
辽宁省,鞍山市,岫岩满族自治县,龙潭镇,123.1188129,40.1406726,0.0,1.0,1.0,2.0,1.0,0.0,0.0,0.0,0.0,0.0,0.0,0.0,0.0,0.0,0.0,0.0,0.0,0.0,0.0,0.0,0.0,0.0,0.0,0.0,0.0,1.0,0.0,0.0,0.0,0.0,0.0,0.0,0.0,1.0,4.0,3.0,0.0,0.0,1.0,1.0,1.0,0.0,0.0,0.0,0.0,0.0,0.0,0.0,0.0,0.0,0.0,0.0,0.0,0.0,0.0,0.0,0.0,0.0,0.0,0.0,0.0,1.0,0.0,0.0,0.0,0.0,0.0,0.0,0.0,1.0,3.0,1.0,2268955935.0,-1.0,鞍山市岫岩满族自治县,鞍山市岫岩满族自治县龙潭镇,8.0,9.5,0.0,1.5,19.0,22.245833333333334,40.88947368421053,39.60348923533779
辽宁省,鞍山市,岫岩满族自治县,牧牛镇,123.2346789,40.6602359,0.0,0.0,0.0,1.0,5.0,0.0,0.0,0.0,0.0,0.0,0.0,0.0,0.0,0.0,0.0,0.0,0.0,0.0,0.0,0.0,0.0,0.0,0.0,0.0,0.0,1.0,0.0,0.0,0.0,0.0,0.0,0.0,0.0,1.0,2.0,2.0,0.0,0.0,0.0,1.0,2.0,0.0,0.0,0.0,0.0,0.0,0.0,0.0,0.0,0.0,0.0,0.0,0.0,0.0,0.0,0.0,0.0,0.0,0.0,0.0,0.0,1.0,0.0,0.0,0.0,0.0,0.0,0.0,0.0,1.0,2.0,2.0,2296581545.0,-1.0,鞍山市岫岩满族自治县,鞍山市岫岩满族自治县牧牛镇,8.0,3.6,0.0,1.0,12.6,22.245833333333334,40.88947368421053,39.60348923533779
辽宁省,鞍山市,岫岩满族自治县,药山镇,123.3945536,40.602256,0.0,1.0,0.0,4.0,0.0,0.0,0.0,0.0,0.0,0.0,0.0,0.0,0.0,0.0,0.0,0.0,0.0,0.0,0.0,0.0,0.0,0.0,0.0,0.0,0.0,1.0,0.0,0.0,0.0,0.0,0.0,0.0,0.0,1.0,2.0,2.0,0.0,1.0,0.0,1.0,0.0,0.0,0.0,0.0,0.0,0.0,0.0,0.0,0.0,0.0,0.0,0.0,0.0,0.0,0.0,0.0,0.0,0.0,0.0,0.0,0.0,1.0,0.0,0.0,0.0,0.0,0.0,0.0,0.0,1.0,2.0,2.0,2269002089.0,-1.0,鞍山市岫岩满族自治县,鞍山市岫岩满族自治县药山镇,8.0,10.0,0.0,1.0,19.0,22.245833333333334,40.88947368421053,39.60348923533779
辽宁省,鞍山市,岫岩满族自治县,大房身镇,123.3266728,40.4965333,0.0,0.0,0.0,4.0,64.0,1.0,0.0,0.0,0.0,0.0,0.0,0.0,0.0,0.0,0.0,0.0,0.0,0.0,0.0,0.0,1.0,0.0,0.0,0.0,0.0,1.0,0.0,0.0,0.0,0.0,0.0,0.0,0.0,1.0,4.0,3.0,0.0,0.0,0.0,3.0,32.0,0.0,0.0,0.0,0.0,0.0,0.0,0.0,0.0,0.0,0.0,0.0,0.0,0.0,0.0,0.0,0.0,0.0,0.0,0.0,0.0,1.0,0.0,0.0,0.0,0.0,0.0,0.0,0.0,1.0,3.0,2.0,3072946501.0,-1.0,鞍山市岫岩满族自治县,鞍山市岫岩满族自治县大房身镇,8.0,22.0,0.0,1.5,31.5,22.245833333333334,40.88947368421053,39.60348923533779
辽宁省,鞍山市,岫岩满族自治县,朝阳镇,123.5527837,40.4577243,0.0,0.0,0.0,8.0,1.0,0.0,0.0,0.0,0.0,0.0,0.0,0.0,0.0,0.0,0.0,0.0,0.0,0.0,0.0,0.0,1.0,0.0,0.0,0.0,0.0,1.0,0.0,0.0,0.0,0.0,0.0,0.0,0.0,1.0,2.0,3.0,0.0,0.0,0.0,4.0,1.0,0.0,0.0,0.0,0.0,0.0,0.0,0.0,0.0,0.0,0.0,0.0,0.0,0.0,0.0,0.0,0.0,0.0,0.0,0.0,0.0,1.0,0.0,0.0,0.0,0.0,0.0,0.0,0.0,1.0,2.0,2.0,2810485338.0,-1.0,鞍山市岫岩满族自治县,鞍山市岫岩满族自治县朝阳镇,8.0,6.5,0.0,1.5,16.0,22.245833333333334,40.88947368421053,39.60348923533779
辽宁省,鞍山市,岫岩满族自治县,红旗营子乡,123.4360532,40.3432076,3.0,0.0,0.0,1.0,1.0,0.0,0.0,0.0,0.0,0.0,0.0,0.0,0.0,0.0,0.0,0.0,0.0,0.0,0.0,0.0,0.0,0.0,0.0,0.0,0.0,1.0,0.0,0.0,0.0,0.0,0.0,0.0,0.0,1.0,3.0,3.0,3.0,0.0,0.0,1.0,0.0,0.0,0.0,0.0,0.0,0.0,0.0,0.0,0.0,0.0,0.0,0.0,0.0,0.0,0.0,0.0,0.0,0.0,0.0,0.0,0.0,1.0,0.0,0.0,0.0,0.0,0.0,0.0,0.0,1.0,2.0,2.0,2254632423.0,-1.0,鞍山市岫岩满族自治县,鞍山市岫岩满族自治县红旗营子乡,8.0,7.7,0.0,1.5,17.2,22.245833333333334,40.88947368421053,39.60348923533779
辽宁省,鞍山市,岫岩满族自治县,岭沟乡,123.4289191,40.175964,0.0,0.0,0.0,1.0,0.0,0.0,0.0,0.0,0.0,0.0,0.0,0.0,0.0,0.0,0.0,0.0,0.0,0.0,0.0,0.0,0.0,0.0,0.0,0.0,0.0,1.0,5.0,0.0,0.0,0.0,0.0,0.0,0.0,1.0,1.0,1.0,0.0,0.0,0.0,1.0,0.0,0.0,0.0,0.0,0.0,0.0,0.0,0.0,0.0,0.0,0.0,0.0,0.0,0.0,0.0,0.0,0.0,0.0,0.0,0.0,0.0,1.0,5.0,0.0,0.0,0.0,0.0,0.0,0.0,1.0,1.0,1.0,2268955934.0,-1.0,鞍山市岫岩满族自治县,鞍山市岫岩满族自治县岭沟乡,8.0,1.5,0.0,1.5,11.0,22.245833333333334,40.88947368421053,39.60348923533779
辽宁省,鞍山市,岫岩满族自治县,哨子河乡,123.5239337,40.1695369,0.0,0.0,0.0,5.0,2.0,0.0,0.0,0.0,0.0,0.0,0.0,0.0,0.0,0.0,0.0,0.0,0.0,0.0,0.0,0.0,0.0,0.0,0.0,0.0,0.0,1.0,0.0,0.0,0.0,0.0,0.0,0.0,0.0,1.0,2.0,2.0,0.0,0.0,0.0,2.0,0.0,0.0,0.0,0.0,0.0,0.0,0.0,0.0,0.0,0.0,0.0,0.0,0.0,0.0,0.0,0.0,0.0,0.0,0.0,0.0,0.0,1.0,0.0,0.0,0.0,0.0,0.0,0.0,0.0,1.0,1.0,1.0,2268954187.0,-1.0,鞍山市岫岩满族自治县,鞍山市岫岩满族自治县哨子河乡,8.0,6.4,0.0,1.0,15.4,22.245833333333334,40.88947368421053,39.60348923533779
辽宁省,鞍山市,海城市,海州街道,122.8032291,40.7231456,0.0,3.0,3.0,0.0,18.0,0.0,0.0,0.0,0.0,0.0,0.0,0.0,0.0,0.0,0.0,0.0,0.0,0.0,0.0,0.0,0.0,0.0,0.0,0.0,0.0,2.0,11.0,0.0,0.0,0.0,0.0,1.0,0.0,3.0,7.0,2.0,0.0,0.0,0.0,0.0,0.0,0.0,0.0,0.0,0.0,0.0,0.0,0.0,0.0,0.0,0.0,0.0,0.0,0.0,0.0,0.0,0.0,0.0,0.0,0.0,0.0,1.0,0.0,0.0,0.0,0.0,0.0,0.0,0.0,2.0,0.0,0.0,6510676700.0,9637436.0,鞍山市海城市,鞍山市海城市海州街道,17.0,12.1,0.0,2.1,31.200000000000003,27.715384615384615,40.88947368421053,39.60348923533779
辽宁省,鞍山市,海城市,兴海街道,122.7244942,40.8668914,15.0,14.0,58.0,9.0,110.0,8.0,0.0,0.0,0.0,0.0,1.0,0.0,0.0,0.0,4.0,4.0,0.0,0.0,0.0,0.0,10.0,0.0,2.0,0.0,0.0,3.0,93.0,0.0,0.0,0.0,0.0,7.0,0.0,7.0,9.0,7.0,0.0,3.0,9.0,0.0,10.0,0.0,0.0,0.0,0.0,0.0,0.0,0.0,0.0,0.0,1.0,1.0,0.0,0.0,0.0,0.0,0.0,0.0,0.0,0.0,0.0,1.0,0.0,0.0,0.0,0.0,0.0,0.0,0.0,2.0,4.0,2.0,6510676702.0,9637439.0,鞍山市海城市,鞍山市海城市兴海街道,18.0,26.0,5.0,12.8,61.8,27.715384615384615,40.88947368421053,39.60348923533779
辽宁省,鞍山市,海城市,响堂街道,122.7743088,40.8316527,0.0,24.0,15.0,6.0,57.0,16.0,0.0,0.0,0.0,0.0,1.0,0.0,0.0,0.0,0.0,0.0,0.0,0.0,0.0,0.0,0.0,0.0,0.0,0.0,0.0,1.0,6.0,0.0,0.0,0.0,0.0,1.0,0.0,3.0,9.0,3.0,0.0,6.0,1.0,0.0,0.0,0.0,0.0,0.0,0.0,0.0,0.0,0.0,0.0,0.0,0.0,0.0,0.0,0.0,0.0,0.0,0.0,0.0,0.0,0.0,0.0,1.0,0.0,0.0,0.0,0.0,0.0,0.0,0.0,3.0,2.0,0.0,6510676701.0,9637438.0,鞍山市海城市,鞍山市海城市响堂街道,16.0,26.0,0.0,2.1,44.1,27.715384615384615,40.88947368421053,39.60348923533779
辽宁省,鞍山市,海城市,东四街道,122.6243008,40.9002991,0.0,2.0,3.0,5.0,86.0,6.0,0.0,0.0,0.0,0.0,0.0,0.0,0.0,0.0,0.0,0.0,0.0,0.0,0.0,0.0,0.0,0.0,0.0,0.0,0.0,1.0,0.0,0.0,0.0,0.0,0.0,0.0,0.0,2.0,6.0,1.0,0.0,2.0,0.0,1.0,42.0,6.0,0.0,0.0,0.0,0.0,0.0,0.0,0.0,0.0,0.0,0.0,0.0,0.0,0.0,0.0,0.0,0.0,0.0,0.0,0.0,1.0,0.0,0.0,0.0,0.0,0.0,0.0,0.0,1.0,5.0,0.0,2277896612.0,-1.0,鞍山市海城市,鞍山市海城市东四街道,8.0,23.0,0.0,0.5,31.5,27.715384615384615,40.88947368421053,39.60348923533779
辽宁省,鞍山市,海城市,东四方台街道,122.7595099,41.0304424,0.0,11.0,0.0,0.0,7.0,7.0,0.0,0.0,0.0,1.0,0.0,0.0,0.0,0.0,0.0,0.0,0.0,0.0,0.0,0.0,0.0,0.0,0.0,0.0,0.0,1.0,6.0,0.0,0.0,0.0,0.0,0.0,0.0,5.0,7.0,0.0,0.0,1.0,0.0,0.0,1.0,0.0,0.0,0.0,0.0,0.0,0.0,0.0,0.0,0.0,0.0,0.0,0.0,0.0,0.0,0.0,0.0,0.0,0.0,0.0,0.0,1.0,0.0,0.0,0.0,0.0,0.0,0.0,0.0,0.0,2.0,0.0,3240514640.0,-1.0,鞍山市海城市,鞍山市海城市东四方台街道,8.0,12.2,0.0,0.6000000000000001,20.8,27.715384615384615,40.88947368421053,39.60348923533779
辽宁省,鞍山市,海城市,孤山镇,122.9664691,40.5876898,0.0,1.0,1.0,1.0,1.0,0.0,0.0,0.0,0.0,0.0,0.0,0.0,0.0,0.0,0.0,0.0,0.0,0.0,0.0,0.0,0.0,0.0,0.0,0.0,0.0,1.0,0.0,0.0,0.0,0.0,0.0,0.0,0.0,1.0,4.0,1.0,0.0,1.0,1.0,0.0,1.0,0.0,0.0,0.0,0.0,0.0,0.0,0.0,0.0,0.0,0.0,0.0,0.0,0.0,0.0,0.0,0.0,0.0,0.0,0.0,0.0,1.0,0.0,0.0,0.0,0.0,0.0,0.0,0.0,1.0,3.0,1.0,2255609448.0,-1.0,鞍山市海城市,鞍山市海城市孤山镇,8.0,8.5,0.0,0.5,17.0,27.715384615384615,40.88947368421053,39.60348923533779
辽宁省,鞍山市,海城市,岔沟镇,122.8907918,40.6419642,0.0,1.0,0.0,1.0,1.0,0.0,0.0,0.0,0.0,0.0,0.0,0.0,0.0,0.0,0.0,0.0,0.0,0.0,0.0,0.0,0.0,0.0,0.0,0.0,0.0,2.0,0.0,0.0,0.0,0.0,0.0,0.0,0.0,1.0,3.0,1.0,0.0,1.0,0.0,1.0,0.0,0.0,0.0,0.0,0.0,0.0,0.0,0.0,0.0,0.0,0.0,0.0,0.0,0.0,0.0,0.0,0.0,0.0,0.0,0.0,0.0,2.0,0.0,0.0,0.0,0.0,0.0,0.0,0.0,1.0,2.0,0.0,2810979637.0,-1.0,鞍山市海城市,鞍山市海城市岔沟镇,9.0,7.7,0.0,0.5,17.2,27.715384615384615,40.88947368421053,39.60348923533779
辽宁省,鞍山市,海城市,接文镇,123.0105974,40.7086053,0.0,0.0,0.0,1.0,11.0,0.0,0.0,0.0,0.0,0.0,0.0,0.0,0.0,0.0,0.0,0.0,0.0,0.0,0.0,0.0,0.0,0.0,0.0,0.0,0.0,1.0,0.0,0.0,0.0,0.0,0.0,0.0,0.0,1.0,2.0,1.0,0.0,0.0,0.0,1.0,0.0,0.0,0.0,0.0,0.0,0.0,0.0,0.0,0.0,0.0,0.0,0.0,0.0,0.0,0.0,0.0,0.0,0.0,0.0,0.0,0.0,1.0,0.0,0.0,0.0,0.0,0.0,0.0,0.0,1.0,1.0,1.0,3237367232.0,-1.0,鞍山市海城市,鞍山市海城市接文镇,8.0,4.2,0.0,0.5,12.7,27.715384615384615,40.88947368421053,39.60348923533779
辽宁省,鞍山市,海城市,析木镇,122.9098209,40.6986005,0.0,1.0,2.0,10.0,62.0,5.0,0.0,0.0,0.0,0.0,2.0,0.0,0.0,0.0,0.0,0.0,0.0,0.0,0.0,0.0,0.0,0.0,0.0,0.0,0.0,1.0,15.0,0.0,0.0,0.0,0.0,0.0,0.0,2.0,10.0,2.0,0.0,1.0,2.0,9.0,13.0,0.0,0.0,0.0,0.0,0.0,0.0,0.0,0.0,0.0,0.0,0.0,0.0,0.0,0.0,0.0,0.0,0.0,0.0,0.0,0.0,1.0,0.0,0.0,0.0,0.0,0.0,0.0,0.0,2.0,7.0,1.0,2255615760.0,-1.0,鞍山市海城市,鞍山市海城市析木镇,8.0,26.0,0.0,2.5,36.5,27.715384615384615,40.88947368421053,39.60348923533779
辽宁省,鞍山市,海城市,马风镇,122.9098429,40.8087672,0.0,1.0,0.0,4.0,0.0,0.0,0.0,0.0,0.0,0.0,1.0,0.0,0.0,0.0,0.0,0.0,0.0,0.0,0.0,0.0,0.0,0.0,0.0,0.0,0.0,1.0,1.0,0.0,0.0,0.0,0.0,3.0,0.0,1.0,2.0,1.0,0.0,1.0,0.0,4.0,0.0,0.0,0.0,0.0,0.0,0.0,1.0,0.0,0.0,0.0,0.0,0.0,0.0,0.0,0.0,0.0,0.0,0.0,0.0,0.0,0.0,1.0,1.0,0.0,0.0,0.0,0.0,3.0,0.0,1.0,2.0,1.0,2277899466.0,-1.0,鞍山市海城市,鞍山市海城市马风镇,8.0,12.0,0.0,0.7,20.7,27.715384615384615,40.88947368421053,39.60348923533779
辽宁省,鞍山市,海城市,牌楼镇,122.8192395,40.7343483,0.0,3.0,3.0,0.0,23.0,0.0,0.0,0.0,0.0,0.0,0.0,0.0,0.0,0.0,0.0,0.0,0.0,0.0,0.0,0.0,0.0,0.0,0.0,0.0,0.0,2.0,24.0,0.0,0.0,0.0,0.0,1.0,0.0,3.0,7.0,2.0,0.0,3.0,1.0,0.0,5.0,0.0,0.0,0.0,0.0,0.0,0.0,0.0,0.0,0.0,0.0,0.0,0.0,0.0,0.0,0.0,0.0,0.0,0.0,0.0,0.0,1.0,5.0,0.0,0.0,0.0,0.0,1.0,0.0,3.0,6.0,2.0,2255620550.0,9637437.0,鞍山市海城市,鞍山市海城市牌楼镇,17.0,14.600000000000001,0.0,3.9000000000000004,35.5,27.715384615384615,40.88947368421053,39.60348923533779
辽宁省,鞍山市,海城市,八里镇,122.7490986,40.78771,0.0,1.0,0.0,1.0,9.0,0.0,0.0,0.0,0.0,0.0,0.0,0.0,0.0,0.0,0.0,0.0,0.0,0.0,0.0,0.0,0.0,0.0,0.0,0.0,0.0,2.0,7.0,0.0,0.0,1.0,0.0,0.0,0.0,5.0,6.0,1.0,0.0,1.0,0.0,1.0,2.0,0.0,0.0,0.0,0.0,0.0,0.0,0.0,0.0,0.0,0.0,0.0,0.0,0.0,0.0,0.0,0.0,0.0,0.0,0.0,0.0,1.0,1.0,0.0,0.0,0.0,0.0,0.0,0.0,2.0,5.0,1.0,2277896631.0,-1.0,鞍山市海城市,鞍山市海城市八里镇,9.0,11.4,0.0,1.4,21.799999999999997,27.715384615384615,40.88947368421053,39.60348923533779
辽宁省,鞍山市,海城市,毛祁镇,122.693652,40.7958976,0.0,0.0,0.0,1.0,9.0,0.0,0.0,0.0,0.0,0.0,0.0,0.0,0.0,0.0,0.0,0.0,0.0,0.0,0.0,0.0,4.0,0.0,0.0,0.0,0.0,1.0,8.0,0.0,0.0,0.0,0.0,0.0,0.0,2.0,5.0,3.0,0.0,0.0,0.0,1.0,4.0,0.0,0.0,0.0,0.0,0.0,0.0,0.0,0.0,0.0,0.0,0.0,0.0,0.0,0.0,0.0,2.0,0.0,0.0,0.0,0.0,1.0,7.0,0.0,0.0,0.0,0.0,0.0,0.0,2.0,3.0,3.0,2277896504.0,-1.0,鞍山市海城市,鞍山市海城市毛祁镇,8.0,6.5,0.0,3.0,17.5,27.715384615384615,40.88947368421053,39.60348923533779
辽宁省,鞍山市,海城市,英落镇,122.6999063,40.6428626,0.0,0.0,0.0,4.0,14.0,0.0,0.0,0.0,0.0,0.0,0.0,0.0,0.0,0.0,0.0,0.0,0.0,0.0,0.0,0.0,0.0,0.0,0.0,0.0,0.0,1.0,22.0,0.0,0.0,0.0,0.0,1.0,0.0,1.0,3.0,3.0,0.0,0.0,0.0,4.0,2.0,0.0,0.0,0.0,0.0,0.0,0.0,0.0,0.0,0.0,0.0,0.0,0.0,0.0,0.0,0.0,0.0,0.0,0.0,0.0,0.0,1.0,12.0,0.0,0.0,0.0,0.0,1.0,0.0,1.0,2.0,3.0,3237519588.0,-1.0,鞍山市海城市,鞍山市海城市英落镇,8.0,8.9,0.0,4.9,21.799999999999997,27.715384615384615,40.88947368421053,39.60348923533779
辽宁省,鞍山市,海城市,感王镇,122.5496281,40.8108408,0.0,1.0,0.0,2.0,5.0,0.0,0.0,0.0,0.0,0.0,0.0,0.0,0.0,0.0,0.0,0.0,0.0,0.0,0.0,0.0,0.0,0.0,0.0,0.0,0.0,1.0,0.0,0.0,0.0,0.0,0.0,0.0,0.0,6.0,3.0,0.0,0.0,1.0,0.0,2.0,4.0,0.0,0.0,0.0,0.0,0.0,0.0,0.0,0.0,0.0,0.0,0.0,0.0,0.0,0.0,0.0,0.0,0.0,0.0,0.0,0.0,1.0,0.0,0.0,0.0,0.0,0.0,0.0,0.0,1.0,3.0,0.0,2277896523.0,-1.0,鞍山市海城市,鞍山市海城市感王镇,8.0,10.7,0.0,0.0,18.7,27.715384615384615,40.88947368421053,39.60348923533779
辽宁省,鞍山市,海城市,西柳镇,122.6268607,40.8492031,0.0,6.0,5.0,26.0,95.0,8.0,0.0,0.0,0.0,0.0,1.0,0.0,0.0,0.0,0.0,0.0,0.0,0.0,0.0,1.0,0.0,0.0,0.0,0.0,0.0,1.0,23.0,0.0,0.0,0.0,0.0,0.0,0.0,5.0,11.0,2.0,0.0,4.0,0.0,19.0,61.0,3.0,0.0,0.0,0.0,0.0,0.0,0.0,0.0,0.0,0.0,0.0,0.0,0.0,0.0,1.0,0.0,0.0,0.0,0.0,0.0,1.0,11.0,0.0,0.0,0.0,0.0,0.0,0.0,3.0,9.0,2.0,2277896526.0,-1.0,鞍山市海城市,鞍山市海城市西柳镇,8.0,26.0,1.0,4.4,39.4,27.715384615384615,40.88947368421053,39.60348923533779
辽宁省,鞍山市,海城市,中小镇,122.5581104,40.8897366,0.0,0.0,1.0,12.0,100.0,3.0,0.0,1.0,0.0,0.0,0.0,0.0,0.0,0.0,1.0,1.0,0.0,0.0,0.0,0.0,3.0,0.0,0.0,0.0,0.0,1.0,4.0,0.0,0.0,0.0,0.0,0.0,0.0,2.0,6.0,4.0,0.0,0.0,0.0,2.0,4.0,0.0,0.0,0.0,0.0,0.0,0.0,0.0,0.0,0.0,0.0,0.0,0.0,0.0,0.0,0.0,0.0,0.0,0.0,0.0,0.0,1.0,0.0,0.0,0.0,0.0,0.0,0.0,0.0,2.0,2.0,0.0,2277896553.0,-1.0,鞍山市海城市,鞍山市海城市中小镇,8.0,23.0,0.0,2.4,33.4,27.715384615384615,40.88947368421053,39.60348923533779
辽宁省,鞍山市,海城市,王石镇,122.8184546,40.8599154,0.0,0.0,0.0,1.0,1.0,1.0,0.0,0.0,0.0,0.0,0.0,0.0,0.0,0.0,0.0,0.0,0.0,0.0,0.0,0.0,0.0,0.0,0.0,0.0,0.0,1.0,0.0,0.0,0.0,0.0,0.0,0.0,0.0,2.0,3.0,0.0,0.0,0.0,0.0,1.0,0.0,0.0,0.0,0.0,0.0,0.0,0.0,0.0,0.0,0.0,0.0,0.0,0.0,0.0,0.0,0.0,0.0,0.0,0.0,0.0,0.0,1.0,0.0,0.0,0.0,0.0,0.0,0.0,0.0,1.0,1.0,0.0,2277896593.0,-1.0,鞍山市海城市,鞍山市海城市王石镇,8.0,2.7,0.0,0.0,10.7,27.715384615384615,40.88947368421053,39.60348923533779
辽宁省,鞍山市,海城市,南台镇,122.7921303,40.9233376,5.0,0.0,5.0,15.0,60.0,0.0,0.0,0.0,0.0,0.0,0.0,0.0,1.0,1.0,1.0,1.0,0.0,0.0,0.0,0.0,4.0,0.0,0.0,0.0,0.0,1.0,4.0,0.0,0.0,0.0,0.0,1.0,0.0,3.0,5.0,2.0,0.0,0.0,2.0,8.0,30.0,0.0,0.0,0.0,0.0,0.0,0.0,0.0,1.0,1.0,0.0,0.0,0.0,0.0,0.0,0.0,1.0,0.0,0.0,0.0,0.0,1.0,3.0,0.0,0.0,0.0,0.0,1.0,0.0,1.0,4.0,2.0,2294257517.0,-1.0,鞍山市海城市,鞍山市海城市南台镇,8.0,22.5,5.0,1.7000000000000002,37.2,27.715384615384615,40.88947368421053,39.60348923533779
辽宁省,鞍山市,海城市,腾鳌镇,122.8198184,41.074649,0.0,23.0,3.0,13.0,66.0,17.0,0.0,0.0,0.0,0.0,0.0,0.0,0.0,0.0,1.0,1.0,0.0,0.0,0.0,0.0,7.0,0.0,0.0,0.0,0.0,3.0,8.0,0.0,0.0,0.0,1.0,1.0,0.0,10.0,9.0,6.0,0.0,16.0,0.0,6.0,26.0,0.0,0.0,0.0,0.0,0.0,0.0,0.0,0.0,0.0,0.0,0.0,0.0,0.0,0.0,0.0,3.0,0.0,0.0,0.0,0.0,1.0,1.0,0.0,0.0,0.0,0.0,1.0,0.0,9.0,7.0,5.0,2278066189.0,-1.0,鞍山市海城市,鞍山市海城市腾鳌镇,10.0,24.0,0.0,3.9,37.9,27.715384615384615,40.88947368421053,39.60348923533779
辽宁省,鞍山市,海城市,耿庄镇,122.7020046,40.9811911,0.0,1.0,1.0,2.0,3.0,0.0,0.0,0.0,0.0,0.0,0.0,0.0,0.0,0.0,0.0,0.0,0.0,0.0,0.0,0.0,0.0,0.0,0.0,0.0,0.0,1.0,0.0,0.0,0.0,0.0,0.0,0.0,0.0,1.0,4.0,0.0,0.0,1.0,0.0,2.0,1.0,0.0,0.0,0.0,0.0,0.0,0.0,0.0,0.0,0.0,0.0,0.0,0.0,0.0,0.0,0.0,0.0,0.0,0.0,0.0,0.0,1.0,0.0,0.0,0.0,0.0,0.0,0.0,0.0,1.0,3.0,0.0,2277908372.0,-1.0,鞍山市海城市,鞍山市海城市耿庄镇,8.0,9.9,0.0,0.0,17.9,27.715384615384615,40.88947368421053,39.60348923533779
辽宁省,鞍山市,海城市,牛庄镇,122.5276555,40.9416765,0.0,10.0,5.0,3.0,167.0,11.0,0.0,0.0,0.0,0.0,0.0,0.0,0.0,0.0,1.0,1.0,0.0,0.0,0.0,0.0,0.0,0.0,0.0,0.0,0.0,2.0,0.0,0.0,0.0,0.0,0.0,0.0,0.0,7.0,7.0,2.0,0.0,2.0,3.0,2.0,103.0,7.0,0.0,0.0,0.0,0.0,0.0,0.0,0.0,0.0,1.0,1.0,0.0,0.0,0.0,0.0,0.0,0.0,0.0,0.0,0.0,1.0,0.0,0.0,0.0,0.0,0.0,0.0,0.0,1.0,6.0,1.0,2277896556.0,-1.0,鞍山市海城市,鞍山市海城市牛庄镇,9.0,23.5,5.0,1.0,38.5,27.715384615384615,40.88947368421053,39.60348923533779
辽宁省,鞍山市,海城市,西四镇,122.4387628,40.9701781,0.0,2.0,0.0,1.0,9.0,0.0,0.0,0.0,0.0,0.0,0.0,0.0,0.0,0.0,0.0,0.0,0.0,0.0,0.0,0.0,0.0,0.0,0.0,0.0,0.0,1.0,0.0,0.0,0.0,0.0,0.0,0.0,0.0,3.0,3.0,2.0,0.0,2.0,0.0,0.0,0.0,0.0,0.0,0.0,0.0,0.0,0.0,0.0,0.0,0.0,0.0,0.0,0.0,0.0,0.0,0.0,0.0,0.0,0.0,0.0,0.0,1.0,0.0,0.0,0.0,0.0,0.0,0.0,0.0,1.0,1.0,0.0,2277896535.0,-1.0,鞍山市海城市,鞍山市海城市西四镇,8.0,9.3,0.0,1.0,18.3,27.715384615384615,40.88947368421053,39.60348923533779
辽宁省,鞍山市,海城市,望台镇,122.6143635,40.9649606,0.0,3.0,3.0,1.0,61.0,0.0,0.0,0.0,0.0,0.0,0.0,0.0,0.0,0.0,0.0,0.0,0.0,0.0,0.0,0.0,0.0,0.0,0.0,0.0,0.0,1.0,0.0,0.0,0.0,0.0,0.0,0.0,0.0,1.0,5.0,1.0,0.0,1.0,0.0,1.0,29.0,0.0,0.0,0.0,0.0,0.0,0.0,0.0,0.0,0.0,0.0,0.0,0.0,0.0,0.0,0.0,0.0,0.0,0.0,0.0,0.0,1.0,0.0,0.0,0.0,0.0,0.0,0.0,0.0,1.0,4.0,0.0,2277908363.0,-1.0,鞍山市海城市,鞍山市海城市望台镇,8.0,22.5,0.0,0.5,31.0,27.715384615384615,40.88947368421053,39.60348923533779
辽宁省,鞍山市,海城市,温香镇,122.5971019,41.0674217,0.0,0.0,0.0,4.0,71.0,11.0,0.0,0.0,0.0,0.0,0.0,0.0,0.0,0.0,0.0,0.0,0.0,0.0,0.0,0.0,0.0,0.0,0.0,0.0,0.0,1.0,0.0,0.0,0.0,0.0,0.0,0.0,0.0,2.0,5.0,2.0,0.0,0.0,0.0,3.0,21.0,11.0,0.0,0.0,0.0,0.0,0.0,0.0,0.0,0.0,0.0,0.0,0.0,0.0,0.0,0.0,0.0,0.0,0.0,0.0,0.0,1.0,0.0,0.0,0.0,0.0,0.0,0.0,0.0,1.0,5.0,0.0,3235726584.0,-1.0,鞍山市海城市,鞍山市海城市温香镇,8.0,22.5,0.0,1.0,31.5,27.715384615384615,40.88947368421053,39.60348923533779
辽宁省,鞍山市,海城市,高坨镇,122.656043,41.1376374,0.0,3.0,0.0,1.0,0.0,0.0,0.0,0.0,0.0,0.0,0.0,0.0,0.0,0.0,0.0,0.0,0.0,0.0,0.0,0.0,0.0,0.0,0.0,0.0,0.0,1.0,0.0,0.0,0.0,0.0,0.0,0.0,0.0,6.0,2.0,2.0,0.0,1.0,0.0,1.0,0.0,0.0,0.0,0.0,0.0,0.0,0.0,0.0,0.0,0.0,0.0,0.0,0.0,0.0,0.0,0.0,0.0,0.0,0.0,0.0,0.0,1.0,0.0,0.0,0.0,0.0,0.0,0.0,0.0,5.0,2.0,0.0,2278066202.0,-1.0,鞍山市海城市,鞍山市海城市高坨镇,8.0,7.0,0.0,1.0,16.0,27.715384615384615,40.88947368421053,39.60348923533779
辽宁省,抚顺市,新抚区,站前街道,123.896334,41.861328,8.0,55.0,197.0,84.0,244.0,36.0,1.0,60.0,481.0,4.0,1.0,0.0,0.0,0.0,0.0,1.0,0.0,0.0,0.0,8.0,2.0,0.0,1.0,0.0,0.0,11.0,45.0,0.0,1.0,12.0,0.0,9.0,5.0,24.0,20.0,12.0,0.0,2.0,43.0,33.0,91.0,17.0,0.0,8.0,96.0,1.0,0.0,0.0,0.0,0.0,0.0,0.0,0.0,0.0,0.0,3.0,0.0,0.0,0.0,0.0,0.0,2.0,5.0,0.0,0.0,0.0,0.0,0.0,1.0,9.0,12.0,4.0,6522520477.0,9653474.0,抚顺市新抚区,抚顺市新抚区站前街道,20.0,30.0,3.0,10.2,63.2,57.18571428571429,41.36666666666667,39.60348923533779
辽宁省,抚顺市,新抚区,福民街道,123.8788772,41.8613795,6.0,48.0,128.0,84.0,223.0,37.0,0.0,34.0,441.0,6.0,1.0,0.0,0.0,0.0,0.0,1.0,0.0,0.0,0.0,6.0,3.0,0.0,1.0,0.0,0.0,8.0,35.0,0.0,0.0,12.0,0.0,8.0,5.0,21.0,18.0,10.0,0.0,4.0,32.0,6.0,38.0,1.0,0.0,2.0,58.0,0.0,0.0,0.0,0.0,0.0,0.0,0.0,0.0,0.0,0.0,1.0,0.0,0.0,0.0,0.0,0.0,2.0,3.0,0.0,0.0,0.0,0.0,1.0,1.0,8.0,9.0,6.0,6522520469.0,9653465.0,抚顺市新抚区,抚顺市新抚区福民街道,20.0,30.0,1.0,9.0,60.0,57.18571428571429,41.36666666666667,39.60348923533779
辽宁省,抚顺市,新抚区,新抚街道,123.8496857,41.8543938,12.0,52.0,60.0,51.0,88.0,21.0,0.0,29.0,259.0,4.0,1.0,0.0,0.0,0.0,0.0,0.0,0.0,0.0,0.0,1.0,0.0,0.0,3.0,0.0,0.0,5.0,45.0,0.0,0.0,42.0,0.0,6.0,2.0,19.0,16.0,8.0,0.0,6.0,4.0,9.0,8.0,1.0,0.0,0.0,20.0,3.0,0.0,0.0,0.0,0.0,0.0,0.0,0.0,0.0,0.0,0.0,0.0,0.0,1.0,0.0,0.0,1.0,4.0,0.0,0.0,14.0,0.0,1.0,0.0,9.0,9.0,6.0,6522520474.0,9653471.0,抚顺市新抚区,抚顺市新抚区新抚街道,20.0,30.0,0.0,14.5,64.5,57.18571428571429,41.36666666666667,39.60348923533779
辽宁省,抚顺市,新抚区,榆林街道,123.9561933,41.8624085,0.0,71.0,154.0,35.0,34.0,3.0,0.0,5.0,286.0,0.0,1.0,1.0,0.0,0.0,1.0,1.0,1.0,0.0,0.0,0.0,0.0,0.0,1.0,1.0,0.0,6.0,73.0,0.0,0.0,0.0,0.0,8.0,0.0,13.0,13.0,7.0,0.0,0.0,3.0,0.0,4.0,0.0,0.0,0.0,4.0,0.0,0.0,0.0,0.0,0.0,0.0,0.0,1.0,0.0,0.0,0.0,0.0,0.0,0.0,0.0,0.0,1.0,10.0,0.0,0.0,0.0,0.0,1.0,0.0,1.0,4.0,3.0,6522520476.0,9653473.0,抚顺市新抚区,抚顺市新抚区榆林街道,20.0,26.0,10.0,11.8,67.8,57.18571428571429,41.36666666666667,39.60348923533779
辽宁省,抚顺市,新抚区,永安台街道,123.9097187,41.8630364,8.0,46.0,220.0,88.0,237.0,38.0,1.0,52.0,505.0,3.0,0.0,0.0,0.0,0.0,2.0,3.0,0.0,0.0,0.0,8.0,4.0,0.0,1.0,0.0,0.0,12.0,46.0,0.0,1.0,1.0,0.0,9.0,5.0,24.0,20.0,11.0,0.0,5.0,45.0,19.0,90.0,3.0,0.0,17.0,78.0,0.0,0.0,0.0,0.0,0.0,0.0,0.0,0.0,0.0,0.0,5.0,0.0,0.0,0.0,0.0,0.0,2.0,3.0,0.0,0.0,0.0,0.0,1.0,3.0,10.0,12.0,4.0,6522520475.0,9653472.0,抚顺市新抚区,抚顺市新抚区永安台街道,20.0,28.0,5.0,9.0,62.0,57.18571428571429,41.36666666666667,39.60348923533779
辽宁省,抚顺市,新抚区,刘山街道,123.8877104,41.8236884,0.0,7.0,10.0,12.0,6.0,8.0,0.0,9.0,120.0,4.0,0.0,0.0,0.0,0.0,0.0,0.0,0.0,0.0,0.0,0.0,0.0,0.0,0.0,0.0,0.0,3.0,33.0,0.0,0.0,25.0,0.0,1.0,1.0,8.0,12.0,5.0,0.0,0.0,3.0,7.0,0.0,0.0,0.0,0.0,22.0,1.0,0.0,0.0,0.0,0.0,0.0,0.0,0.0,0.0,0.0,0.0,0.0,0.0,0.0,0.0,0.0,1.0,0.0,0.0,0.0,0.0,0.0,0.0,0.0,6.0,3.0,1.0,6522520470.0,9653466.0,抚顺市新抚区,抚顺市新抚区刘山街道,18.0,19.2,0.0,8.3,45.5,57.18571428571429,41.36666666666667,39.60348923533779
辽宁省,抚顺市,新抚区,千金乡,123.9349142,41.8061554,0.0,0.0,7.0,17.0,1.0,1.0,0.0,1.0,64.0,1.0,0.0,0.0,0.0,0.0,0.0,0.0,0.0,0.0,0.0,0.0,0.0,0.0,0.0,0.0,0.0,3.0,0.0,0.0,0.0,1.0,0.0,1.0,0.0,5.0,8.0,2.0,0.0,0.0,2.0,1.0,0.0,0.0,0.0,0.0,12.0,0.0,0.0,0.0,0.0,0.0,0.0,0.0,0.0,0.0,0.0,0.0,0.0,0.0,0.0,0.0,0.0,2.0,0.0,0.0,0.0,0.0,0.0,0.0,0.0,3.0,3.0,0.0,3378942714.0,9653470.0,抚顺市新抚区,抚顺市新抚区千金乡,18.0,18.2,0.0,1.1,37.300000000000004,57.18571428571429,41.36666666666667,39.60348923533779
辽宁省,抚顺市,东洲区,东洲街道,124.0442988,41.863547,0.0,12.0,69.0,10.0,79.0,15.0,0.0,17.0,160.0,1.0,1.0,0.0,0.0,0.0,0.0,0.0,0.0,0.0,0.0,0.0,0.0,0.0,1.0,1.0,0.0,4.0,190.0,0.0,0.0,43.0,0.0,2.0,2.0,8.0,16.0,7.0,0.0,0.0,20.0,2.0,36.0,8.0,0.0,10.0,46.0,0.0,0.0,0.0,0.0,0.0,0.0,0.0,0.0,0.0,0.0,0.0,0.0,0.0,0.0,0.0,0.0,1.0,16.0,0.0,0.0,0.0,0.0,2.0,0.0,1.0,11.0,3.0,6521764446.0,9652482.0,抚顺市东洲区,抚顺市东洲区东洲街道,19.0,30.0,0.0,19.5,68.5,44.79090909090909,41.36666666666667,39.60348923533779
辽宁省,抚顺市,东洲区,搭连街道,124.0132265,41.8595609,0.0,26.0,89.0,16.0,79.0,8.0,0.0,6.0,206.0,3.0,0.0,0.0,0.0,0.0,0.0,0.0,0.0,0.0,0.0,0.0,0.0,0.0,1.0,0.0,0.0,4.0,186.0,0.0,0.0,14.0,0.0,3.0,0.0,9.0,15.0,5.0,0.0,2.0,6.0,0.0,1.0,0.0,0.0,0.0,16.0,0.0,0.0,0.0,0.0,0.0,0.0,0.0,0.0,0.0,0.0,0.0,0.0,0.0,0.0,0.0,0.0,1.0,64.0,0.0,0.0,0.0,0.0,0.0,0.0,1.0,4.0,1.0,6521764445.0,-1.0,抚顺市东洲区,抚顺市东洲区搭连街道,11.0,28.0,0.0,18.5,57.5,44.79090909090909,41.36666666666667,39.60348923533779
辽宁省,抚顺市,东洲区,龙凤街道,124.0054956,41.8404021,0.0,2.0,51.0,36.0,56.0,4.0,0.0,0.0,152.0,4.0,0.0,0.0,0.0,0.0,0.0,0.0,0.0,0.0,0.0,0.0,0.0,0.0,2.0,0.0,0.0,3.0,170.0,0.0,0.0,53.0,0.0,2.0,0.0,10.0,9.0,5.0,0.0,0.0,6.0,8.0,14.0,0.0,0.0,0.0,46.0,2.0,0.0,0.0,0.0,0.0,0.0,0.0,0.0,0.0,0.0,0.0,0.0,0.0,0.0,0.0,0.0,1.0,6.0,0.0,0.0,0.0,0.0,0.0,0.0,1.0,4.0,1.0,6521764449.0,-1.0,抚顺市东洲区,抚顺市东洲区龙凤街道,10.0,28.0,0.0,18.5,56.5,44.79090909090909,41.36666666666667,39.60348923533779
辽宁省,抚顺市,东洲区,新屯街道,123.9752489,41.8356091,0.0,0.0,18.0,56.0,12.0,0.0,0.0,0.0,124.0,2.0,0.0,0.0,0.0,0.0,0.0,0.0,0.0,0.0,0.0,0.0,0.0,0.0,0.0,0.0,0.0,4.0,2.0,0.0,0.0,0.0,0.0,2.0,0.0,8.0,5.0,4.0,0.0,0.0,0.0,23.0,3.0,0.0,0.0,0.0,20.0,0.0,0.0,0.0,0.0,0.0,0.0,0.0,0.0,0.0,0.0,0.0,0.0,0.0,0.0,0.0,0.0,1.0,0.0,0.0,0.0,0.0,0.0,1.0,0.0,4.0,3.0,2.0,6521764454.0,-1.0,抚顺市东洲区,抚顺市东洲区新屯街道,11.0,19.8,0.0,2.2,33.0,44.79090909090909,41.36666666666667,39.60348923533779
辽宁省,抚顺市,东洲区,万新街道,123.9589615,41.8430603,0.0,0.0,16.0,59.0,13.0,0.0,0.0,0.0,144.0,2.0,0.0,0.0,0.0,0.0,0.0,0.0,1.0,0.0,0.0,0.0,0.0,0.0,0.0,0.0,0.0,5.0,14.0,0.0,0.0,0.0,0.0,3.0,0.0,10.0,7.0,5.0,0.0,0.0,2.0,9.0,1.0,0.0,0.0,0.0,32.0,0.0,0.0,0.0,0.0,0.0,0.0,0.0,0.0,0.0,0.0,0.0,0.0,0.0,0.0,0.0,0.0,1.0,0.0,0.0,0.0,0.0,0.0,1.0,0.0,4.0,5.0,2.0,6521764453.0,-1.0,抚顺市东洲区,抚顺市东洲区万新街道,12.0,20.4,0.0,3.9000000000000004,36.3,44.79090909090909,41.36666666666667,39.60348923533779
辽宁省,抚顺市,东洲区,老虎台街道,123.9432023,41.8326484,0.0,0.0,27.0,62.0,13.0,3.0,1.0,10.0,182.0,3.0,0.0,0.0,0.0,0.0,0.0,0.0,0.0,0.0,0.0,0.0,0.0,0.0,0.0,0.0,0.0,5.0,6.0,0.0,1.0,0.0,0.0,3.0,2.0,11.0,13.0,6.0,0.0,0.0,7.0,20.0,5.0,0.0,0.0,0.0,40.0,1.0,0.0,0.0,0.0,0.0,0.0,0.0,0.0,0.0,0.0,0.0,0.0,0.0,0.0,0.0,0.0,1.0,0.0,0.0,0.0,0.0,0.0,0.0,0.0,1.0,5.0,1.0,6521764448.0,-1.0,抚顺市东洲区,抚顺市东洲区老虎台街道,12.0,22.1,0.0,3.6,37.7,44.79090909090909,41.36666666666667,39.60348923533779
辽宁省,抚顺市,东洲区,章党街道,124.0747512,41.912024,10.0,0.0,22.0,12.0,23.0,13.0,0.0,0.0,37.0,1.0,0.0,0.0,0.0,0.0,0.0,0.0,0.0,0.0,0.0,0.0,0.0,0.0,2.0,0.0,0.0,1.0,26.0,0.0,0.0,7.0,0.0,1.0,0.0,12.0,11.0,5.0,3.0,0.0,8.0,7.0,6.0,3.0,0.0,0.0,13.0,0.0,0.0,0.0,0.0,0.0,0.0,0.0,0.0,0.0,0.0,0.0,0.0,0.0,0.0,0.0,0.0,1.0,8.0,0.0,0.0,0.0,0.0,1.0,0.0,3.0,8.0,3.0,6521764455.0,-1.0,抚顺市东洲区,抚顺市东洲区章党街道,8.0,24.4,0.0,6.6000000000000005,39.0,44.79090909090909,41.36666666666667,39.60348923533779
辽宁省,抚顺市,东洲区,章党镇,124.1297569,41.9162829,4.0,0.0,4.0,0.0,38.0,5.0,0.0,5.0,1.0,0.0,0.0,0.0,0.0,0.0,0.0,0.0,0.0,0.0,0.0,0.0,0.0,0.0,3.0,0.0,0.0,1.0,4.0,0.0,0.0,0.0,0.0,0.0,0.0,6.0,9.0,6.0,0.0,0.0,3.0,0.0,20.0,0.0,0.0,0.0,1.0,0.0,0.0,0.0,0.0,0.0,0.0,0.0,0.0,0.0,0.0,0.0,0.0,0.0,0.0,0.0,0.0,1.0,1.0,0.0,0.0,0.0,0.0,0.0,0.0,3.0,5.0,3.0,2287913384.0,-1.0,抚顺市东洲区,抚顺市东洲区章党镇,8.0,24.6,0.0,3.5,36.1,44.79090909090909,41.36666666666667,39.60348923533779
辽宁省,抚顺市,东洲区,哈达镇,124.1419991,41.9722701,0.0,0.0,6.0,0.0,57.0,5.0,0.0,0.0,0.0,0.0,0.0,0.0,0.0,0.0,0.0,0.0,0.0,0.0,0.0,0.0,1.0,0.0,0.0,0.0,0.0,2.0,0.0,0.0,0.0,0.0,0.0,1.0,0.0,2.0,5.0,4.0,0.0,0.0,6.0,0.0,27.0,2.0,0.0,0.0,0.0,0.0,0.0,0.0,0.0,0.0,0.0,0.0,0.0,0.0,0.0,0.0,0.0,0.0,0.0,0.0,0.0,1.0,0.0,0.0,0.0,0.0,0.0,1.0,0.0,1.0,5.0,2.0,2287914556.0,-1.0,抚顺市东洲区,抚顺市东洲区哈达镇,9.0,22.5,0.0,2.0,33.5,44.79090909090909,41.36666666666667,39.60348923533779
辽宁省,抚顺市,东洲区,碾盘乡,124.0404976,41.7982676,0.0,0.0,3.0,9.0,19.0,3.0,0.0,0.0,8.0,0.0,0.0,0.0,0.0,0.0,0.0,0.0,0.0,0.0,0.0,0.0,0.0,0.0,4.0,0.0,0.0,4.0,139.0,0.0,0.0,5.0,0.0,1.0,0.0,7.0,7.0,3.0,0.0,0.0,1.0,3.0,0.0,0.0,0.0,0.0,0.0,0.0,0.0,0.0,0.0,0.0,0.0,0.0,0.0,0.0,0.0,0.0,0.0,0.0,1.0,0.0,0.0,1.0,1.0,0.0,0.0,0.0,0.0,1.0,0.0,2.0,2.0,3.0,6521764450.0,-1.0,抚顺市东洲区,抚顺市东洲区碾盘乡,11.0,19.3,0.0,16.0,46.3,44.79090909090909,41.36666666666667,39.60348923533779
辽宁省,抚顺市,东洲区,兰山乡,124.0797187,41.8080657,0.0,0.0,0.0,15.0,15.0,7.0,0.0,0.0,44.0,0.0,0.0,0.0,0.0,0.0,0.0,0.0,0.0,0.0,0.0,0.0,0.0,0.0,2.0,0.0,0.0,2.0,103.0,0.0,0.0,2.0,0.0,0.0,0.0,5.0,7.0,2.0,0.0,0.0,0.0,2.0,10.0,1.0,0.0,0.0,12.0,0.0,0.0,0.0,0.0,0.0,0.0,0.0,0.0,0.0,0.0,0.0,0.0,0.0,0.0,0.0,0.0,1.0,33.0,0.0,0.0,0.0,0.0,0.0,0.0,1.0,5.0,0.0,6521764452.0,9652484.0,抚顺市东洲区,抚顺市东洲区兰山乡,17.0,16.5,0.0,14.8,48.3,44.79090909090909,41.36666666666667,39.60348923533779
辽宁省,抚顺市,望花区,工农街道,123.761796,41.8385899,16.0,41.0,48.0,44.0,33.0,32.0,0.0,4.0,190.0,2.0,3.0,0.0,0.0,0.0,0.0,1.0,0.0,0.0,0.0,1.0,4.0,0.0,5.0,3.0,0.0,4.0,11.0,0.0,0.0,3.0,1.0,3.0,0.0,9.0,17.0,8.0,0.0,0.0,4.0,12.0,1.0,8.0,0.0,0.0,32.0,1.0,0.0,0.0,0.0,0.0,0.0,0.0,0.0,0.0,0.0,0.0,0.0,0.0,3.0,0.0,0.0,1.0,2.0,0.0,0.0,0.0,0.0,0.0,0.0,2.0,5.0,1.0,6521839678.0,9652607.0,抚顺市望花区,抚顺市望花区工农街道,19.0,26.9,0.0,5.6,51.5,46.43333333333333,41.36666666666667,39.60348923533779
辽宁省,抚顺市,望花区,建设街道,123.7821593,41.8504487,15.0,31.0,39.0,50.0,73.0,39.0,0.0,13.0,228.0,1.0,1.0,0.0,0.0,0.0,0.0,1.0,0.0,0.0,0.0,2.0,1.0,0.0,5.0,1.0,0.0,6.0,32.0,0.0,0.0,2.0,1.0,6.0,1.0,15.0,17.0,8.0,0.0,16.0,21.0,11.0,15.0,0.0,0.0,0.0,60.0,0.0,0.0,0.0,0.0,0.0,0.0,1.0,0.0,0.0,0.0,0.0,0.0,0.0,0.0,0.0,0.0,2.0,2.0,0.0,0.0,0.0,1.0,3.0,0.0,5.0,8.0,3.0,6521839682.0,9652611.0,抚顺市望花区,抚顺市望花区建设街道,20.0,30.0,0.0,7.6,57.6,46.43333333333333,41.36666666666667,39.60348923533779
辽宁省,抚顺市,望花区,和平街道,123.7986322,41.8429384,0.0,43.0,47.0,56.0,71.0,44.0,0.0,16.0,223.0,1.0,0.0,0.0,0.0,0.0,0.0,1.0,0.0,0.0,0.0,2.0,1.0,0.0,6.0,0.0,0.0,7.0,9.0,0.0,0.0,3.0,1.0,6.0,2.0,17.0,15.0,7.0,0.0,0.0,5.0,12.0,21.0,13.0,0.0,5.0,43.0,0.0,0.0,0.0,0.0,0.0,0.0,0.0,0.0,0.0,0.0,0.0,0.0,0.0,2.0,0.0,0.0,2.0,1.0,0.0,0.0,0.0,0.0,1.0,1.0,4.0,9.0,4.0,6521839681.0,9652610.0,抚顺市望花区,抚顺市望花区和平街道,20.0,28.0,0.0,4.8,52.8,46.43333333333333,41.36666666666667,39.60348923533779
辽宁省,抚顺市,望花区,光明街道,123.8090001,41.8469964,0.0,40.0,41.0,43.0,71.0,40.0,0.0,15.0,224.0,1.0,0.0,0.0,0.0,0.0,0.0,1.0,0.0,0.0,0.0,2.0,0.0,0.0,5.0,0.0,0.0,7.0,16.0,0.0,0.0,20.0,1.0,6.0,2.0,18.0,15.0,6.0,0.0,7.0,15.0,11.0,39.0,10.0,0.0,5.0,62.0,0.0,0.0,0.0,0.0,0.0,0.0,0.0,0.0,0.0,0.0,1.0,0.0,0.0,3.0,0.0,0.0,3.0,2.0,0.0,0.0,0.0,0.0,2.0,1.0,4.0,10.0,3.0,6521839679.0,9652608.0,抚顺市望花区,抚顺市望花区光明街道,20.0,28.0,1.0,6.800000000000001,55.8,46.43333333333333,41.36666666666667,39.60348923533779
辽宁省,抚顺市,望花区,朴屯街道,123.8207338,41.8450816,0.0,32.0,26.0,43.0,82.0,32.0,0.0,18.0,203.0,3.0,0.0,0.0,0.0,0.0,0.0,1.0,0.0,0.0,0.0,2.0,0.0,0.0,5.0,0.0,0.0,6.0,22.0,0.0,0.0,21.0,1.0,5.0,3.0,17.0,15.0,7.0,0.0,10.0,20.0,11.0,15.0,16.0,0.0,1.0,49.0,0.0,0.0,0.0,0.0,0.0,0.0,0.0,0.0,0.0,0.0,0.0,0.0,0.0,3.0,0.0,0.0,2.0,2.0,0.0,0.0,1.0,0.0,0.0,0.0,10.0,10.0,3.0,6521839684.0,9652613.0,抚顺市望花区,抚顺市望花区朴屯街道,20.0,28.0,0.0,8.100000000000001,56.1,46.43333333333333,41.36666666666667,39.60348923533779
辽宁省,抚顺市,望花区,演武街道,123.8090441,41.8218142,0.0,2.0,12.0,23.0,21.0,34.0,0.0,6.0,90.0,0.0,0.0,0.0,0.0,0.0,0.0,0.0,0.0,0.0,0.0,0.0,0.0,0.0,6.0,0.0,0.0,4.0,7.0,0.0,0.0,5.0,0.0,1.0,0.0,11.0,9.0,4.0,0.0,0.0,1.0,1.0,0.0,0.0,0.0,0.0,0.0,0.0,0.0,0.0,0.0,0.0,0.0,0.0,0.0,0.0,0.0,0.0,0.0,0.0,0.0,0.0,0.0,1.0,0.0,0.0,0.0,3.0,0.0,0.0,0.0,1.0,2.0,0.0,6521875588.0,9652617.0,抚顺市望花区,抚顺市望花区演武街道,19.0,20.2,0.0,3.5,42.7,46.43333333333333,41.36666666666667,39.60348923533779
辽宁省,抚顺市,望花区,李石街道,123.7206726,41.8214571,7.0,39.0,109.0,48.0,69.0,1.0,0.0,14.0,242.0,6.0,1.0,0.0,0.0,0.0,5.0,6.0,0.0,0.0,0.0,0.0,23.0,7.0,17.0,0.0,0.0,1.0,42.0,0.0,3.0,1.0,8.0,10.0,0.0,9.0,14.0,7.0,0.0,6.0,13.0,10.0,43.0,1.0,0.0,1.0,71.0,0.0,0.0,0.0,0.0,0.0,0.0,0.0,0.0,0.0,0.0,0.0,3.0,1.0,0.0,0.0,0.0,1.0,8.0,0.0,0.0,0.0,0.0,0.0,0.0,2.0,9.0,3.0,6521839683.0,9652612.0,抚顺市望花区,抚顺市望花区李石街道,16.0,30.0,0.0,8.600000000000001,54.6,46.43333333333333,41.36666666666667,39.60348923533779
辽宁省,抚顺市,望花区,塔峪镇,123.8692184,41.7943033,0.0,6.0,2.0,4.0,5.0,0.0,0.0,0.0,48.0,1.0,0.0,0.0,0.0,0.0,0.0,0.0,0.0,0.0,0.0,0.0,0.0,0.0,0.0,0.0,0.0,1.0,0.0,0.0,0.0,1.0,0.0,0.0,0.0,9.0,7.0,1.0,0.0,1.0,0.0,1.0,2.0,0.0,0.0,0.0,12.0,0.0,0.0,0.0,0.0,0.0,0.0,0.0,0.0,0.0,0.0,0.0,0.0,0.0,0.0,0.0,0.0,1.0,0.0,0.0,0.0,1.0,0.0,0.0,0.0,1.0,5.0,1.0,3378943710.0,-1.0,抚顺市望花区,抚顺市望花区塔峪镇,8.0,18.1,0.0,0.7,26.8,46.43333333333333,41.36666666666667,39.60348923533779
辽宁省,抚顺市,望花区,拉古满族乡,123.8145283,41.7216715,2.0,0.0,3.0,2.0,1.0,0.0,0.0,0.0,24.0,0.0,0.0,0.0,0.0,0.0,0.0,0.0,0.0,0.0,0.0,0.0,0.0,0.0,0.0,0.0,0.0,1.0,0.0,0.0,0.0,0.0,0.0,0.0,0.0,6.0,5.0,0.0,1.0,0.0,0.0,0.0,1.0,0.0,0.0,0.0,10.0,0.0,0.0,0.0,0.0,0.0,0.0,0.0,0.0,0.0,0.0,0.0,0.0,0.0,0.0,0.0,0.0,1.0,0.0,0.0,0.0,0.0,0.0,0.0,0.0,1.0,3.0,0.0,3232350672.0,-1.0,抚顺市望花区,抚顺市望花区拉古满族乡,8.0,12.0,0.0,0.0,20.0,46.43333333333333,41.36666666666667,39.60348923533779
辽宁省,抚顺市,顺城区,长春街道,123.9489395,41.8838992,25.0,89.0,186.0,41.0,48.0,7.0,0.0,5.0,367.0,1.0,1.0,1.0,0.0,0.0,2.0,2.0,1.0,0.0,0.0,1.0,2.0,0.0,3.0,1.0,0.0,8.0,132.0,0.0,0.0,4.0,0.0,11.0,0.0,16.0,18.0,9.0,0.0,12.0,53.0,14.0,1.0,1.0,0.0,0.0,96.0,1.0,0.0,1.0,0.0,0.0,0.0,0.0,0.0,0.0,0.0,0.0,0.0,0.0,1.0,0.0,0.0,2.0,27.0,0.0,0.0,0.0,0.0,1.0,0.0,4.0,8.0,2.0,6522627958.0,9653620.0,抚顺市顺城区,抚顺市顺城区长春街道,20.0,29.900000000000002,5.0,20.0,74.9,61.9875,41.36666666666667,39.60348923533779
辽宁省,抚顺市,顺城区,葛布街道,123.8539029,41.8691082,18.0,44.0,64.0,45.0,99.0,22.0,0.0,62.0,294.0,8.0,1.0,0.0,0.0,0.0,0.0,0.0,0.0,0.0,0.0,4.0,2.0,0.0,1.0,0.0,0.0,4.0,20.0,0.0,0.0,18.0,0.0,12.0,2.0,17.0,16.0,10.0,0.0,17.0,8.0,18.0,25.0,0.0,0.0,2.0,66.0,0.0,1.0,0.0,0.0,0.0,0.0,0.0,0.0,0.0,0.0,0.0,0.0,0.0,0.0,0.0,0.0,1.0,0.0,0.0,0.0,0.0,0.0,4.0,0.0,5.0,8.0,3.0,6522627961.0,9653622.0,抚顺市顺城区,抚顺市顺城区葛布街道,19.0,30.0,0.0,7.800000000000001,56.8,61.9875,41.36666666666667,39.60348923533779
辽宁省,抚顺市,顺城区,将军堡街道,123.8836747,41.8718269,16.0,54.0,186.0,90.0,243.0,49.0,0.0,80.0,516.0,8.0,1.0,0.0,0.0,0.0,0.0,1.0,0.0,0.0,0.0,10.0,4.0,0.0,0.0,0.0,0.0,8.0,25.0,0.0,0.0,3.0,0.0,16.0,5.0,21.0,19.0,10.0,4.0,14.0,29.0,7.0,32.0,0.0,0.0,0.0,74.0,1.0,0.0,0.0,0.0,0.0,0.0,0.0,0.0,0.0,0.0,1.0,0.0,0.0,0.0,0.0,0.0,1.0,1.0,0.0,0.0,0.0,0.0,0.0,1.0,11.0,8.0,5.0,6522627964.0,9653626.0,抚顺市顺城区,抚顺市顺城区将军堡街道,20.0,30.0,1.0,6.9,57.9,61.9875,41.36666666666667,39.60348923533779
辽宁省,抚顺市,顺城区,新华街道,123.9182583,41.8809948,24.0,53.0,220.0,76.0,181.0,16.0,0.0,28.0,471.0,3.0,1.0,1.0,0.0,0.0,2.0,3.0,0.0,0.0,0.0,7.0,4.0,0.0,3.0,1.0,0.0,12.0,83.0,0.0,0.0,5.0,0.0,12.0,4.0,20.0,16.0,11.0,0.0,16.0,52.0,9.0,24.0,1.0,0.0,2.0,68.0,0.0,0.0,0.0,0.0,0.0,2.0,2.0,0.0,0.0,0.0,2.0,2.0,0.0,0.0,0.0,0.0,2.0,15.0,0.0,0.0,0.0,0.0,4.0,0.0,10.0,10.0,5.0,6522627966.0,9653628.0,抚顺市顺城区,抚顺市顺城区新华街道,20.0,30.0,12.0,14.3,76.3,61.9875,41.36666666666667,39.60348923533779
辽宁省,抚顺市,顺城区,抚顺城街道,123.9056294,41.881313,24.0,46.0,211.0,78.0,224.0,29.0,0.0,30.0,485.0,4.0,0.0,0.0,0.0,0.0,2.0,3.0,0.0,0.0,0.0,8.0,4.0,0.0,3.0,0.0,0.0,10.0,64.0,0.0,0.0,5.0,0.0,8.0,5.0,24.0,18.0,11.0,6.0,15.0,66.0,7.0,33.0,8.0,0.0,3.0,88.0,0.0,0.0,0.0,0.0,0.0,0.0,0.0,0.0,0.0,0.0,2.0,2.0,0.0,0.0,0.0,0.0,1.0,10.0,0.0,0.0,1.0,0.0,4.0,1.0,7.0,10.0,4.0,6522627960.0,9653621.0,抚顺市顺城区,抚顺市顺城区抚顺城街道,20.0,28.0,2.0,12.0,62.0,61.9875,41.36666666666667,39.60348923533779
辽宁省,抚顺市,顺城区,前甸镇,123.9971304,41.8978161,16.0,64.0,89.0,4.0,28.0,2.0,0.0,0.0,119.0,1.0,0.0,0.0,0.0,0.0,0.0,0.0,0.0,0.0,0.0,0.0,0.0,0.0,0.0,0.0,0.0,1.0,211.0,0.0,0.0,2.0,0.0,2.0,0.0,10.0,13.0,3.0,10.0,0.0,10.0,1.0,1.0,0.0,0.0,0.0,12.0,1.0,0.0,0.0,0.0,0.0,0.0,0.0,0.0,0.0,0.0,0.0,0.0,0.0,0.0,0.0,0.0,1.0,20.0,0.0,0.0,1.0,0.0,0.0,0.0,3.0,7.0,1.0,2287907793.0,9653627.0,抚顺市顺城区,抚顺市顺城区前甸镇,16.0,22.9,0.0,17.5,56.4,61.9875,41.36666666666667,39.60348923533779
辽宁省,抚顺市,顺城区,河北乡,123.932994,41.9036452,21.0,22.0,78.0,33.0,37.0,7.0,0.0,4.0,220.0,2.0,0.0,0.0,0.0,0.0,2.0,2.0,0.0,0.0,0.0,0.0,2.0,0.0,2.0,0.0,0.0,5.0,85.0,0.0,0.0,4.0,0.0,6.0,0.0,12.0,14.0,10.0,0.0,0.0,0.0,0.0,3.0,0.0,0.0,0.0,8.0,0.0,0.0,0.0,0.0,0.0,0.0,0.0,0.0,0.0,0.0,0.0,0.0,0.0,0.0,0.0,0.0,1.0,2.0,0.0,0.0,0.0,0.0,0.0,0.0,3.0,3.0,1.0,6522627962.0,9653623.0,抚顺市顺城区,抚顺市顺城区河北乡,20.0,26.3,0.0,13.1,59.4,61.9875,41.36666666666667,39.60348923533779
辽宁省,抚顺市,顺城区,会元乡,123.8691894,41.9755558,0.0,5.0,0.0,3.0,48.0,1.0,0.0,0.0,0.0,0.0,1.0,0.0,0.0,0.0,0.0,0.0,0.0,0.0,0.0,1.0,0.0,0.0,0.0,1.0,0.0,3.0,69.0,0.0,0.0,0.0,0.0,1.0,0.0,2.0,5.0,4.0,0.0,5.0,0.0,2.0,13.0,0.0,0.0,0.0,0.0,0.0,0.0,0.0,0.0,0.0,0.0,0.0,0.0,0.0,0.0,0.0,0.0,0.0,0.0,0.0,0.0,1.0,8.0,0.0,0.0,0.0,0.0,1.0,0.0,1.0,4.0,1.0,2279206816.0,9653625.0,抚顺市顺城区,抚顺市顺城区会元乡,18.0,24.5,0.0,9.7,52.2,61.9875,41.36666666666667,39.60348923533779
辽宁省,抚顺市,抚顺县,石文镇,123.8983871,41.7272447,1.0,1.0,0.0,1.0,1.0,0.0,0.0,0.0,0.0,0.0,0.0,0.0,0.0,0.0,0.0,0.0,0.0,0.0,0.0,0.0,0.0,0.0,0.0,0.0,0.0,2.0,0.0,0.0,0.0,1.0,0.0,0.0,0.0,4.0,4.0,0.0,0.0,1.0,0.0,1.0,0.0,0.0,0.0,0.0,0.0,0.0,0.0,0.0,0.0,0.0,0.0,0.0,0.0,0.0,0.0,0.0,0.0,0.0,0.0,0.0,0.0,1.0,0.0,0.0,0.0,1.0,0.0,0.0,0.0,2.0,2.0,0.0,3232322488.0,-1.0,抚顺市抚顺县,抚顺市抚顺县石文镇,9.0,8.2,0.0,0.2,17.4,28.575,41.36666666666667,39.60348923533779
辽宁省,抚顺市,抚顺县,后安镇,124.2151596,41.7035677,5.0,0.0,0.0,1.0,0.0,0.0,0.0,0.0,0.0,0.0,0.0,0.0,0.0,0.0,0.0,0.0,0.0,0.0,0.0,0.0,0.0,0.0,0.0,0.0,0.0,1.0,0.0,0.0,0.0,0.0,0.0,0.0,0.0,1.0,2.0,3.0,3.0,0.0,0.0,1.0,0.0,0.0,0.0,0.0,0.0,0.0,0.0,0.0,0.0,0.0,0.0,0.0,0.0,0.0,0.0,0.0,0.0,0.0,0.0,0.0,0.0,1.0,0.0,0.0,0.0,0.0,0.0,0.0,0.0,1.0,2.0,1.0,3068005512.0,-1.0,抚顺市抚顺县,抚顺市抚顺县后安镇,8.0,7.0,0.0,1.5,16.5,28.575,41.36666666666667,39.60348923533779
辽宁省,抚顺市,抚顺县,上马镇,124.1813365,41.7324842,3.0,0.0,1.0,1.0,9.0,0.0,0.0,0.0,0.0,0.0,0.0,0.0,0.0,0.0,0.0,0.0,0.0,0.0,0.0,0.0,0.0,0.0,0.0,0.0,0.0,1.0,1.0,0.0,0.0,0.0,0.0,0.0,0.0,1.0,5.0,2.0,1.0,0.0,0.0,1.0,0.0,0.0,0.0,0.0,0.0,0.0,0.0,0.0,0.0,0.0,0.0,0.0,0.0,0.0,0.0,0.0,0.0,0.0,0.0,0.0,0.0,1.0,0.0,0.0,0.0,0.0,0.0,0.0,0.0,1.0,2.0,1.0,4353516374.0,-1.0,抚顺市抚顺县,抚顺市抚顺县上马镇,8.0,10.3,0.0,1.1,19.400000000000002,28.575,41.36666666666667,39.60348923533779
辽宁省,抚顺市,抚顺县,救兵镇,124.1099065,41.6420223,0.0,0.0,5.0,1.0,59.0,2.0,0.0,0.0,0.0,0.0,0.0,0.0,0.0,0.0,1.0,1.0,0.0,0.0,0.0,0.0,5.0,1.0,4.0,0.0,0.0,1.0,0.0,0.0,0.0,0.0,0.0,0.0,0.0,1.0,5.0,8.0,0.0,0.0,3.0,0.0,45.0,0.0,0.0,0.0,0.0,0.0,0.0,0.0,0.0,0.0,1.0,1.0,0.0,0.0,0.0,0.0,2.0,1.0,0.0,0.0,0.0,1.0,0.0,0.0,0.0,0.0,0.0,0.0,0.0,1.0,3.0,4.0,3274137600.0,-1.0,抚顺市抚顺县,抚顺市抚顺县救兵镇,8.0,22.5,5.0,4.0,39.5,28.575,41.36666666666667,39.60348923533779
辽宁省,抚顺市,抚顺县,马圈子乡,124.3629167,41.5280017,3.0,0.0,5.0,9.0,92.0,1.0,0.0,0.0,0.0,0.0,0.0,0.0,0.0,0.0,0.0,0.0,0.0,0.0,0.0,0.0,11.0,0.0,0.0,0.0,0.0,1.0,0.0,0.0,0.0,0.0,0.0,0.0,0.0,1.0,6.0,5.0,1.0,0.0,3.0,0.0,39.0,0.0,0.0,0.0,0.0,0.0,0.0,0.0,0.0,0.0,0.0,0.0,0.0,0.0,0.0,0.0,4.0,0.0,0.0,0.0,0.0,1.0,0.0,0.0,0.0,0.0,0.0,0.0,0.0,1.0,4.0,3.0,3067978445.0,-1.0,抚顺市抚顺县,抚顺市抚顺县马圈子乡,8.0,23.0,0.0,2.5,33.5,28.575,41.36666666666667,39.60348923533779
辽宁省,抚顺市,抚顺县,峡河乡,123.9791435,41.6472977,0.0,0.0,1.0,11.0,70.0,13.0,0.0,0.0,0.0,0.0,0.0,0.0,0.0,0.0,1.0,1.0,0.0,0.0,0.0,0.0,10.0,1.0,0.0,0.0,0.0,1.0,35.0,0.0,0.0,0.0,0.0,0.0,0.0,1.0,5.0,7.0,0.0,0.0,1.0,3.0,22.0,8.0,0.0,0.0,0.0,0.0,0.0,0.0,0.0,0.0,1.0,1.0,0.0,0.0,0.0,0.0,1.0,1.0,0.0,0.0,0.0,1.0,35.0,0.0,0.0,0.0,0.0,0.0,0.0,1.0,4.0,4.0,3274126053.0,-1.0,抚顺市抚顺县,抚顺市抚顺县峡河乡,8.0,22.5,5.0,10.5,46.0,28.575,41.36666666666667,39.60348923533779
辽宁省,抚顺市,抚顺县,海浪乡,123.7754754,41.5765979,0.0,0.0,5.0,1.0,6.0,0.0,0.0,0.0,0.0,0.0,0.0,0.0,0.0,0.0,0.0,0.0,0.0,0.0,0.0,0.0,0.0,0.0,0.0,0.0,0.0,1.0,0.0,0.0,0.0,1.0,0.0,0.0,0.0,7.0,3.0,3.0,0.0,0.0,3.0,0.0,0.0,0.0,0.0,0.0,0.0,0.0,0.0,0.0,0.0,0.0,0.0,0.0,0.0,0.0,0.0,0.0,0.0,0.0,0.0,0.0,0.0,1.0,0.0,0.0,0.0,0.0,0.0,0.0,0.0,1.0,1.0,0.0,3232342594.0,-1.0,抚顺市抚顺县,抚顺市抚顺县海浪乡,8.0,8.7,0.0,1.6,18.3,28.575,41.36666666666667,39.60348923533779
辽宁省,抚顺市,抚顺县,汤图满族乡,124.3389977,41.8299622,0.0,0.0,1.0,7.0,50.0,1.0,0.0,0.0,0.0,0.0,0.0,0.0,0.0,0.0,1.0,1.0,0.0,0.0,0.0,0.0,5.0,0.0,2.0,0.0,0.0,1.0,0.0,0.0,0.0,0.0,0.0,0.0,0.0,3.0,5.0,5.0,0.0,0.0,1.0,3.0,35.0,1.0,0.0,0.0,0.0,0.0,0.0,0.0,0.0,0.0,1.0,1.0,0.0,0.0,0.0,0.0,3.0,0.0,2.0,0.0,0.0,1.0,0.0,0.0,0.0,0.0,0.0,0.0,0.0,1.0,5.0,5.0,4965048003.0,-1.0,抚顺市抚顺县,抚顺市抚顺县汤图满族乡,8.0,22.5,5.0,2.5,38.0,28.575,41.36666666666667,39.60348923533779
辽宁省,抚顺市,新宾满族自治县,新宾镇,125.03734,41.73907,6.0,1.0,0.0,34.0,83.0,4.0,0.0,0.0,0.0,0.0,0.0,1.0,0.0,0.0,1.0,1.0,0.0,0.0,0.0,0.0,6.0,1.0,1.0,0.0,0.0,1.0,55.0,0.0,0.0,0.0,0.0,6.0,0.0,3.0,7.0,8.0,3.0,0.0,0.0,3.0,12.0,0.0,0.0,0.0,0.0,0.0,0.0,1.0,0.0,0.0,0.0,0.0,0.0,0.0,0.0,0.0,3.0,0.0,1.0,0.0,0.0,0.0,3.0,0.0,0.0,0.0,0.0,2.0,0.0,0.0,4.0,6.0,-1.0,-1.0,抚顺市新宾满族自治县,抚顺市新宾满族自治县新宾镇,1.0,23.5,5.0,9.8,39.3,36.406666666666666,41.36666666666667,39.60348923533779
辽宁省,抚顺市,新宾满族自治县,旺清门镇,125.3008868,41.6806519,3.0,0.0,0.0,15.0,79.0,1.0,0.0,0.0,0.0,0.0,0.0,0.0,0.0,0.0,0.0,0.0,0.0,0.0,0.0,0.0,10.0,0.0,3.0,0.0,0.0,1.0,0.0,0.0,0.0,0.0,0.0,0.0,0.0,7.0,7.0,6.0,3.0,0.0,0.0,4.0,43.0,0.0,0.0,0.0,0.0,0.0,0.0,0.0,0.0,0.0,0.0,0.0,0.0,0.0,0.0,0.0,3.0,0.0,2.0,0.0,0.0,1.0,0.0,0.0,0.0,0.0,0.0,0.0,0.0,7.0,4.0,3.0,3064968906.0,-1.0,抚顺市新宾满族自治县,抚顺市新宾满族自治县旺清门镇,8.0,23.5,0.0,3.0,34.5,36.406666666666666,41.36666666666667,39.60348923533779
辽宁省,抚顺市,新宾满族自治县,永陵镇,124.856667,41.634167,1.0,1.0,0.0,0.0,28.0,1.0,0.0,0.0,0.0,0.0,0.0,0.0,0.0,0.0,0.0,0.0,0.0,0.0,0.0,0.0,2.0,0.0,2.0,0.0,0.0,2.0,0.0,0.0,0.0,0.0,0.0,0.0,0.0,1.0,5.0,6.0,0.0,0.0,0.0,0.0,0.0,0.0,0.0,0.0,0.0,0.0,0.0,0.0,0.0,0.0,0.0,0.0,0.0,0.0,0.0,0.0,0.0,0.0,0.0,0.0,0.0,1.0,0.0,0.0,0.0,0.0,0.0,0.0,0.0,1.0,0.0,1.0,244082097.0,-1.0,抚顺市新宾满族自治县,抚顺市新宾满族自治县永陵镇,9.0,13.100000000000001,0.0,3.0,25.1,36.406666666666666,41.36666666666667,39.60348923533779
辽宁省,抚顺市,新宾满族自治县,平顶山镇,124.7635271,41.4113946,0.0,0.0,3.0,24.0,127.0,5.0,0.0,0.0,0.0,0.0,0.0,0.0,0.0,0.0,0.0,0.0,0.0,0.0,0.0,0.0,13.0,0.0,0.0,0.0,0.0,3.0,0.0,0.0,0.0,0.0,0.0,0.0,0.0,2.0,5.0,5.0,0.0,0.0,1.0,9.0,50.0,4.0,0.0,0.0,0.0,0.0,0.0,0.0,0.0,0.0,0.0,0.0,0.0,0.0,0.0,0.0,3.0,0.0,0.0,0.0,0.0,1.0,0.0,0.0,0.0,0.0,0.0,0.0,0.0,2.0,5.0,3.0,5177597236.0,-1.0,抚顺市新宾满族自治县,抚顺市新宾满族自治县平顶山镇,10.0,22.5,0.0,2.5,35.0,36.406666666666666,41.36666666666667,39.60348923533779
辽宁省,抚顺市,新宾满族自治县,大四平镇,124.7129098,41.3196465,0.0,0.0,12.0,16.0,90.0,0.0,0.0,0.0,0.0,0.0,0.0,0.0,0.0,0.0,0.0,0.0,0.0,0.0,0.0,0.0,6.0,1.0,0.0,0.0,0.0,3.0,0.0,0.0,0.0,0.0,0.0,0.0,0.0,1.0,4.0,6.0,0.0,0.0,10.0,15.0,45.0,0.0,0.0,0.0,0.0,0.0,0.0,0.0,0.0,0.0,0.0,0.0,0.0,0.0,0.0,0.0,3.0,1.0,0.0,0.0,0.0,1.0,0.0,0.0,0.0,0.0,0.0,0.0,0.0,1.0,4.0,4.0,5177633059.0,-1.0,抚顺市新宾满族自治县,抚顺市新宾满族自治县大四平镇,10.0,22.0,0.0,3.0,35.0,36.406666666666666,41.36666666666667,39.60348923533779
辽宁省,抚顺市,新宾满族自治县,苇子峪镇,124.5052136,41.4330828,4.0,0.0,10.0,5.0,69.0,2.0,0.0,0.0,0.0,0.0,0.0,0.0,0.0,0.0,0.0,0.0,0.0,0.0,0.0,0.0,8.0,1.0,0.0,0.0,0.0,2.0,0.0,0.0,0.0,1.0,0.0,0.0,0.0,2.0,7.0,6.0,4.0,0.0,4.0,4.0,32.0,0.0,0.0,0.0,0.0,0.0,0.0,0.0,0.0,0.0,0.0,0.0,0.0,0.0,0.0,0.0,3.0,1.0,0.0,0.0,0.0,1.0,0.0,0.0,0.0,0.0,0.0,0.0,0.0,2.0,6.0,4.0,2269122437.0,-1.0,抚顺市新宾满族自治县,抚顺市新宾满族自治县苇子峪镇,9.0,23.5,0.0,3.1,35.6,36.406666666666666,41.36666666666667,39.60348923533779
辽宁省,抚顺市,新宾满族自治县,木奇镇,124.6228112,41.7710868,4.0,1.0,0.0,8.0,16.0,0.0,0.0,0.0,0.0,0.0,0.0,0.0,0.0,0.0,0.0,0.0,0.0,0.0,0.0,0.0,2.0,0.0,0.0,0.0,0.0,4.0,56.0,0.0,0.0,0.0,0.0,0.0,0.0,2.0,8.0,3.0,2.0,1.0,0.0,4.0,5.0,0.0,0.0,0.0,0.0,0.0,0.0,0.0,0.0,0.0,0.0,0.0,0.0,0.0,0.0,0.0,1.0,0.0,0.0,0.0,0.0,1.0,20.0,0.0,0.0,0.0,0.0,0.0,0.0,2.0,7.0,3.0,2178359603.0,-1.0,抚顺市新宾满族自治县,抚顺市新宾满族自治县木奇镇,11.0,18.7,0.0,9.100000000000001,38.8,36.406666666666666,41.36666666666667,39.60348923533779
辽宁省,抚顺市,新宾满族自治县,上夹河镇,124.4809417,41.8518067,0.0,3.0,0.0,6.0,55.0,4.0,0.0,0.0,0.0,0.0,0.0,0.0,0.0,0.0,0.0,0.0,0.0,0.0,0.0,0.0,6.0,0.0,4.0,0.0,0.0,1.0,0.0,0.0,0.0,2.0,0.0,0.0,0.0,1.0,7.0,4.0,0.0,3.0,0.0,6.0,33.0,2.0,0.0,0.0,0.0,0.0,0.0,0.0,0.0,0.0,0.0,0.0,0.0,0.0,0.0,0.0,2.0,0.0,3.0,0.0,0.0,1.0,0.0,0.0,0.0,0.0,0.0,0.0,0.0,1.0,6.0,3.0,2178352447.0,-1.0,抚顺市新宾满族自治县,抚顺市新宾满族自治县上夹河镇,8.0,23.5,0.0,2.2,33.7,36.406666666666666,41.36666666666667,39.60348923533779
辽宁省,抚顺市,新宾满族自治县,南杂木镇,124.4030932,41.9645808,2.0,3.0,0.0,15.0,28.0,7.0,0.0,0.0,1.0,0.0,0.0,0.0,0.0,0.0,0.0,0.0,0.0,0.0,0.0,0.0,0.0,0.0,0.0,0.0,0.0,1.0,37.0,0.0,0.0,1.0,0.0,0.0,0.0,8.0,12.0,1.0,0.0,0.0,0.0,6.0,11.0,0.0,0.0,0.0,1.0,0.0,0.0,0.0,0.0,0.0,0.0,0.0,0.0,0.0,0.0,0.0,0.0,0.0,0.0,0.0,0.0,1.0,0.0,0.0,0.0,0.0,0.0,0.0,0.0,3.0,5.0,1.0,2178382884.0,-1.0,抚顺市新宾满族自治县,抚顺市新宾满族自治县南杂木镇,8.0,24.9,0.0,4.300000000000001,37.2,36.406666666666666,41.36666666666667,39.60348923533779
辽宁省,抚顺市,新宾满族自治县,红升乡,125.1369896,41.7064706,0.0,5.0,0.0,0.0,57.0,16.0,0.0,0.0,0.0,0.0,0.0,0.0,0.0,0.0,0.0,0.0,0.0,0.0,0.0,0.0,3.0,0.0,0.0,0.0,0.0,1.0,130.0,0.0,0.0,0.0,0.0,0.0,0.0,3.0,7.0,7.0,0.0,5.0,0.0,0.0,43.0,14.0,0.0,0.0,0.0,0.0,0.0,0.0,0.0,0.0,0.0,0.0,0.0,0.0,0.0,0.0,3.0,0.0,0.0,0.0,0.0,1.0,111.0,0.0,0.0,0.0,0.0,0.0,0.0,3.0,6.0,7.0,2284276527.0,-1.0,抚顺市新宾满族自治县,抚顺市新宾满族自治县红升乡,8.0,23.5,0.0,19.5,51.0,36.406666666666666,41.36666666666667,39.60348923533779
辽宁省,抚顺市,新宾满族自治县,响水河子乡,125.3458192,41.6052859,0.0,0.0,0.0,15.0,60.0,1.0,0.0,1.0,0.0,0.0,0.0,0.0,0.0,0.0,0.0,0.0,0.0,0.0,0.0,0.0,8.0,0.0,0.0,0.0,0.0,1.0,64.0,0.0,0.0,0.0,0.0,0.0,0.0,1.0,6.0,3.0,0.0,0.0,0.0,9.0,41.0,0.0,0.0,0.0,0.0,0.0,0.0,0.0,0.0,0.0,0.0,0.0,0.0,0.0,0.0,0.0,2.0,0.0,0.0,0.0,0.0,1.0,0.0,0.0,0.0,0.0,0.0,0.0,0.0,1.0,3.0,3.0,3064968878.0,-1.0,抚顺市新宾满族自治县,抚顺市新宾满族自治县响水河子乡,8.0,23.0,0.0,7.9,38.9,36.406666666666666,41.36666666666667,39.60348923533779
辽宁省,抚顺市,新宾满族自治县,红庙子乡,125.1442246,41.5331011,0.0,1.0,0.0,9.0,55.0,4.0,0.0,0.0,0.0,0.0,0.0,0.0,0.0,0.0,0.0,0.0,0.0,0.0,0.0,0.0,6.0,0.0,0.0,0.0,0.0,2.0,0.0,0.0,0.0,1.0,0.0,0.0,0.0,1.0,6.0,4.0,0.0,1.0,0.0,3.0,31.0,2.0,0.0,0.0,0.0,0.0,0.0,0.0,0.0,0.0,0.0,0.0,0.0,0.0,0.0,0.0,2.0,0.0,0.0,0.0,0.0,1.0,0.0,0.0,0.0,1.0,0.0,0.0,0.0,1.0,6.0,3.0,2284278903.0,-1.0,抚顺市新宾满族自治县,抚顺市新宾满族自治县红庙子乡,9.0,23.0,0.0,2.2,34.2,36.406666666666666,41.36666666666667,39.60348923533779
辽宁省,抚顺市,新宾满族自治县,北四平乡,125.1781369,41.792465,0.0,3.0,0.0,1.0,34.0,0.0,0.0,0.0,0.0,0.0,0.0,0.0,0.0,0.0,0.0,0.0,0.0,0.0,0.0,0.0,5.0,0.0,0.0,0.0,0.0,1.0,0.0,0.0,0.0,0.0,0.0,0.0,0.0,1.0,4.0,3.0,0.0,3.0,0.0,1.0,20.0,0.0,0.0,0.0,0.0,0.0,0.0,0.0,0.0,0.0,0.0,0.0,0.0,0.0,0.0,0.0,1.0,0.0,0.0,0.0,0.0,1.0,0.0,0.0,0.0,0.0,0.0,0.0,0.0,1.0,4.0,2.0,2284276528.0,-1.0,抚顺市新宾满族自治县,抚顺市新宾满族自治县北四平乡,8.0,20.8,0.0,1.5,30.3,36.406666666666666,41.36666666666667,39.60348923533779
辽宁省,抚顺市,新宾满族自治县,榆树乡,124.8155967,41.6421682,5.0,1.0,0.0,3.0,82.0,6.0,0.0,0.0,0.0,0.0,0.0,0.0,0.0,0.0,0.0,0.0,0.0,0.0,0.0,0.0,11.0,0.0,5.0,0.0,0.0,3.0,0.0,0.0,0.0,0.0,0.0,0.0,0.0,1.0,6.0,7.0,3.0,1.0,0.0,3.0,23.0,1.0,0.0,0.0,0.0,0.0,0.0,0.0,0.0,0.0,0.0,0.0,0.0,0.0,0.0,0.0,4.0,0.0,3.0,0.0,0.0,1.0,0.0,0.0,0.0,0.0,0.0,0.0,0.0,1.0,6.0,3.0,2284276526.0,-1.0,抚顺市新宾满族自治县,抚顺市新宾满族自治县榆树乡,10.0,23.0,0.0,3.5,36.5,36.406666666666666,41.36666666666667,39.60348923533779
辽宁省,抚顺市,新宾满族自治县,下夹河乡,124.4294781,41.3790632,1.0,0.0,3.0,1.0,58.0,0.0,0.0,0.0,0.0,0.0,0.0,0.0,0.0,0.0,0.0,0.0,0.0,0.0,0.0,0.0,6.0,0.0,0.0,0.0,0.0,1.0,0.0,0.0,0.0,0.0,0.0,0.0,0.0,2.0,5.0,5.0,1.0,0.0,3.0,1.0,17.0,0.0,0.0,0.0,0.0,0.0,0.0,0.0,0.0,0.0,0.0,0.0,0.0,0.0,0.0,0.0,2.0,0.0,0.0,0.0,0.0,1.0,0.0,0.0,0.0,0.0,0.0,0.0,0.0,2.0,5.0,3.0,2269123294.0,9648412.0,抚顺市新宾满族自治县,抚顺市新宾满族自治县下夹河乡,16.0,22.5,0.0,2.5,41.0,36.406666666666666,41.36666666666667,39.60348923533779
辽宁省,抚顺市,清原满族自治县,清原镇,124.9153284,42.0970875,5.0,2.0,1.0,25.0,29.0,29.0,0.0,12.0,4.0,3.0,0.0,2.0,1.0,1.0,3.0,3.0,2.0,0.0,0.0,0.0,9.0,0.0,3.0,0.0,0.0,1.0,47.0,0.0,0.0,3.0,0.0,9.0,1.0,6.0,18.0,11.0,1.0,2.0,1.0,13.0,11.0,2.0,0.0,10.0,0.0,0.0,0.0,1.0,1.0,1.0,3.0,3.0,0.0,0.0,0.0,0.0,7.0,0.0,2.0,0.0,0.0,1.0,5.0,0.0,0.0,0.0,0.0,6.0,1.0,5.0,11.0,7.0,-2.0,9651056.0,抚顺市清原满族自治县,抚顺市清原满族自治县清原镇,9.0,27.1,15.0,9.5,60.6,28.349999999999998,41.36666666666667,39.60348923533779
辽宁省,抚顺市,清原满族自治县,红透山镇,124.500773,41.9908239,2.0,0.0,0.0,4.0,18.0,2.0,0.0,0.0,1.0,0.0,0.0,0.0,0.0,0.0,0.0,0.0,0.0,0.0,0.0,0.0,0.0,0.0,0.0,0.0,0.0,1.0,3.0,0.0,0.0,0.0,0.0,0.0,0.0,5.0,6.0,3.0,1.0,0.0,0.0,3.0,9.0,0.0,0.0,0.0,0.0,0.0,0.0,0.0,0.0,0.0,0.0,0.0,0.0,0.0,0.0,0.0,0.0,0.0,0.0,0.0,0.0,1.0,0.0,0.0,0.0,0.0,0.0,0.0,0.0,5.0,5.0,2.0,3230887998.0,-1.0,抚顺市清原满族自治县,抚顺市清原满族自治县红透山镇,8.0,20.3,0.0,1.8,30.1,28.349999999999998,41.36666666666667,39.60348923533779
辽宁省,抚顺市,清原满族自治县,草市镇,125.2232271,42.2946068,1.0,0.0,4.0,6.0,32.0,0.0,0.0,0.0,1.0,0.0,0.0,0.0,0.0,0.0,0.0,0.0,0.0,0.0,0.0,0.0,11.0,0.0,1.0,0.0,0.0,7.0,15.0,0.0,0.0,0.0,0.0,0.0,0.0,11.0,10.0,9.0,1.0,0.0,2.0,3.0,4.0,0.0,0.0,0.0,1.0,0.0,0.0,0.0,0.0,0.0,0.0,0.0,0.0,0.0,0.0,0.0,1.0,0.0,0.0,0.0,0.0,1.0,1.0,0.0,0.0,0.0,0.0,0.0,0.0,10.0,6.0,5.0,2287986638.0,-1.0,抚顺市清原满族自治县,抚顺市清原满族自治县草市镇,12.0,23.6,0.0,5.6,41.2,28.349999999999998,41.36666666666667,39.60348923533779
辽宁省,抚顺市,清原满族自治县,英额门镇,125.0762526,42.1693525,4.0,0.0,0.0,3.0,0.0,0.0,0.0,0.0,1.0,0.0,0.0,0.0,0.0,0.0,0.0,0.0,0.0,0.0,0.0,0.0,5.0,0.0,0.0,0.0,0.0,2.0,0.0,0.0,0.0,0.0,0.0,0.0,0.0,5.0,4.0,2.0,2.0,0.0,0.0,0.0,0.0,0.0,0.0,0.0,1.0,0.0,0.0,0.0,0.0,0.0,0.0,0.0,0.0,0.0,0.0,0.0,2.0,0.0,0.0,0.0,0.0,1.0,0.0,0.0,0.0,0.0,0.0,0.0,0.0,5.0,2.0,2.0,2178382975.0,-1.0,抚顺市清原满族自治县,抚顺市清原满族自治县英额门镇,9.0,12.0,0.0,1.0,22.0,28.349999999999998,41.36666666666667,39.60348923533779
辽宁省,抚顺市,清原满族自治县,南口前镇,124.6025854,41.9871793,1.0,0.0,0.0,11.0,1.0,0.0,0.0,0.0,3.0,0.0,0.0,0.0,0.0,0.0,0.0,0.0,0.0,0.0,0.0,0.0,0.0,0.0,0.0,0.0,0.0,7.0,0.0,0.0,0.0,2.0,0.0,0.0,0.0,5.0,5.0,2.0,0.0,0.0,0.0,7.0,0.0,0.0,0.0,0.0,1.0,0.0,0.0,0.0,0.0,0.0,0.0,0.0,0.0,0.0,0.0,0.0,0.0,0.0,0.0,0.0,0.0,1.0,0.0,0.0,0.0,0.0,0.0,0.0,0.0,3.0,1.0,1.0,2287948278.0,-1.0,抚顺市清原满族自治县,抚顺市清原满族自治县南口前镇,12.0,14.7,0.0,1.2,27.9,28.349999999999998,41.36666666666667,39.60348923533779
辽宁省,抚顺市,清原满族自治县,南山城镇,125.2713571,42.1089552,0.0,0.0,2.0,2.0,4.0,0.0,0.0,0.0,0.0,0.0,0.0,0.0,0.0,0.0,0.0,0.0,0.0,0.0,0.0,0.0,8.0,0.0,0.0,0.0,0.0,10.0,0.0,0.0,0.0,0.0,0.0,0.0,0.0,1.0,4.0,3.0,0.0,0.0,2.0,1.0,3.0,0.0,0.0,0.0,0.0,0.0,0.0,0.0,0.0,0.0,0.0,0.0,0.0,0.0,0.0,0.0,2.0,0.0,0.0,0.0,0.0,5.0,0.0,0.0,0.0,0.0,0.0,0.0,0.0,1.0,4.0,3.0,3229076508.0,9651055.0,抚顺市清原满族自治县,抚顺市清原满族自治县南山城镇,20.0,10.7,0.0,1.5,32.2,28.349999999999998,41.36666666666667,39.60348923533779
辽宁省,抚顺市,清原满族自治县,湾甸子镇,125.115507,41.9564299,3.0,0.0,3.0,1.0,13.0,2.0,0.0,0.0,0.0,0.0,0.0,0.0,0.0,0.0,0.0,0.0,0.0,0.0,0.0,0.0,5.0,0.0,3.0,0.0,0.0,2.0,3.0,0.0,0.0,0.0,0.0,0.0,0.0,1.0,6.0,5.0,1.0,0.0,0.0,1.0,0.0,0.0,0.0,0.0,0.0,0.0,0.0,0.0,0.0,0.0,0.0,0.0,0.0,0.0,0.0,0.0,0.0,0.0,0.0,0.0,0.0,1.0,0.0,0.0,0.0,0.0,0.0,0.0,0.0,1.0,2.0,1.0,3069782796.0,9651057.0,抚顺市清原满族自治县,抚顺市清原满族自治县湾甸子镇,17.0,11.6,0.0,2.8,31.400000000000002,28.349999999999998,41.36666666666667,39.60348923533779
辽宁省,抚顺市,清原满族自治县,大孤家镇,124.8421874,42.3760267,0.0,0.0,1.0,0.0,0.0,0.0,0.0,0.0,0.0,0.0,0.0,0.0,0.0,0.0,0.0,0.0,0.0,0.0,0.0,0.0,0.0,0.0,0.0,0.0,0.0,1.0,0.0,0.0,0.0,0.0,0.0,0.0,0.0,1.0,1.0,1.0,0.0,0.0,1.0,0.0,0.0,0.0,0.0,0.0,0.0,0.0,0.0,0.0,0.0,0.0,0.0,0.0,0.0,0.0,0.0,0.0,0.0,0.0,0.0,0.0,0.0,1.0,0.0,0.0,0.0,0.0,0.0,0.0,0.0,1.0,1.0,0.0,3229439743.0,-1.0,抚顺市清原满族自治县,抚顺市清原满族自治县大孤家镇,8.0,5.5,0.0,0.5,14.0,28.349999999999998,41.36666666666667,39.60348923533779
辽宁省,抚顺市,清原满族自治县,夏家堡镇,124.6881338,42.2538059,1.0,0.0,0.0,3.0,82.0,0.0,0.0,0.0,0.0,0.0,0.0,0.0,0.0,0.0,0.0,0.0,0.0,0.0,0.0,0.0,0.0,0.0,0.0,0.0,0.0,3.0,0.0,0.0,0.0,0.0,0.0,0.0,0.0,1.0,3.0,1.0,1.0,0.0,0.0,2.0,31.0,0.0,0.0,0.0,0.0,0.0,0.0,0.0,0.0,0.0,0.0,0.0,0.0,0.0,0.0,0.0,0.0,0.0,0.0,0.0,0.0,1.0,0.0,0.0,0.0,0.0,0.0,0.0,0.0,1.0,3.0,0.0,2284265715.0,-1.0,抚顺市清原满族自治县,抚顺市清原满族自治县夏家堡镇,10.0,21.5,0.0,0.5,32.0,28.349999999999998,41.36666666666667,39.60348923533779
辽宁省,抚顺市,清原满族自治县,北三家镇,124.7156555,42.0484117,10.0,0.0,0.0,2.0,3.0,0.0,0.0,0.0,1.0,0.0,0.0,0.0,0.0,0.0,0.0,0.0,0.0,0.0,0.0,0.0,0.0,0.0,0.0,0.0,0.0,2.0,0.0,0.0,0.0,2.0,0.0,0.0,0.0,5.0,7.0,2.0,1.0,0.0,0.0,1.0,1.0,0.0,0.0,0.0,1.0,0.0,0.0,0.0,0.0,0.0,0.0,0.0,0.0,0.0,0.0,0.0,0.0,0.0,0.0,0.0,0.0,1.0,0.0,0.0,0.0,1.0,0.0,0.0,0.0,5.0,4.0,2.0,-1.0,-1.0,抚顺市清原满族自治县,抚顺市清原满族自治县北三家镇,2.0,13.4,0.0,1.3,16.7,28.349999999999998,41.36666666666667,39.60348923533779
辽宁省,抚顺市,清原满族自治县,土口子乡,125.0672757,42.3221599,0.0,0.0,1.0,2.0,2.0,0.0,0.0,0.0,0.0,0.0,0.0,0.0,0.0,0.0,0.0,0.0,0.0,0.0,0.0,0.0,1.0,0.0,0.0,0.0,0.0,5.0,0.0,0.0,0.0,0.0,0.0,0.0,0.0,1.0,3.0,3.0,0.0,0.0,1.0,1.0,1.0,0.0,0.0,0.0,0.0,0.0,0.0,0.0,0.0,0.0,0.0,0.0,0.0,0.0,0.0,0.0,0.0,0.0,0.0,0.0,0.0,1.0,0.0,0.0,0.0,0.0,0.0,0.0,0.0,1.0,3.0,1.0,3229056763.0,-1.0,抚顺市清原满族自治县,抚顺市清原满族自治县土口子乡,12.0,9.2,0.0,1.5,22.7,28.349999999999998,41.36666666666667,39.60348923533779
辽宁省,抚顺市,清原满族自治县,敖家堡乡,124.7783002,41.9108218,0.0,0.0,0.0,5.0,1.0,0.0,0.0,0.0,0.0,0.0,1.0,0.0,0.0,0.0,0.0,0.0,0.0,0.0,0.0,0.0,0.0,0.0,0.0,0.0,0.0,3.0,1.0,0.0,0.0,0.0,0.0,0.0,0.0,1.0,2.0,1.0,0.0,0.0,0.0,2.0,1.0,0.0,0.0,0.0,0.0,0.0,1.0,0.0,0.0,0.0,0.0,0.0,0.0,0.0,0.0,0.0,0.0,0.0,0.0,0.0,0.0,1.0,1.0,0.0,0.0,0.0,0.0,0.0,0.0,1.0,2.0,0.0,3360773169.0,-1.0,抚顺市清原满族自治县,抚顺市清原满族自治县敖家堡乡,10.0,8.5,0.0,0.7,19.2,28.349999999999998,41.36666666666667,39.60348923533779
辽宁省,抚顺市,清原满族自治县,大苏河乡,124.9542571,41.9191362,0.0,0.0,3.0,8.0,3.0,0.0,0.0,0.0,0.0,0.0,0.0,0.0,0.0,0.0,0.0,0.0,0.0,0.0,0.0,0.0,0.0,0.0,0.0,0.0,0.0,1.0,0.0,0.0,0.0,0.0,0.0,0.0,0.0,1.0,3.0,1.0,0.0,0.0,3.0,3.0,3.0,0.0,0.0,0.0,0.0,0.0,0.0,0.0,0.0,0.0,0.0,0.0,0.0,0.0,0.0,0.0,0.0,0.0,0.0,0.0,0.0,1.0,0.0,0.0,0.0,0.0,0.0,0.0,0.0,1.0,3.0,1.0,3365187141.0,9651054.0,抚顺市清原满族自治县,抚顺市清原满族自治县大苏河乡,16.0,13.0,0.0,0.5,29.5,28.349999999999998,41.36666666666667,39.60348923533779
辽宁省,抚顺市,清原满族自治县,枸乃甸乡,124.9057865,42.1934971,0.0,0.0,0.0,4.0,4.0,0.0,0.0,0.0,0.0,0.0,0.0,0.0,0.0,0.0,0.0,0.0,0.0,0.0,0.0,0.0,6.0,0.0,2.0,0.0,0.0,1.0,2.0,0.0,0.0,0.0,0.0,0.0,0.0,1.0,3.0,4.0,0.0,0.0,0.0,4.0,3.0,0.0,0.0,0.0,0.0,0.0,0.0,0.0,0.0,0.0,0.0,0.0,0.0,0.0,0.0,0.0,2.0,0.0,1.0,0.0,0.0,1.0,0.0,0.0,0.0,0.0,0.0,0.0,0.0,1.0,2.0,3.0,2284265719.0,-1.0,抚顺市清原满族自治县,抚顺市清原满族自治县枸乃甸乡,8.0,7.2,0.0,2.2,17.4,28.349999999999998,41.36666666666667,39.60348923533779
辽宁省,本溪市,平山区,南地街道,123.7427667,41.2812979,17.0,54.0,18.0,60.0,154.0,98.0,0.0,34.0,23.0,1.0,2.0,4.0,4.0,4.0,18.0,20.0,0.0,0.0,1.0,20.0,7.0,0.0,3.0,0.0,0.0,18.0,115.0,1.0,19.0,11.0,5.0,7.0,4.0,25.0,20.0,9.0,6.0,9.0,5.0,15.0,9.0,41.0,0.0,1.0,0.0,0.0,0.0,0.0,0.0,0.0,1.0,1.0,0.0,0.0,0.0,0.0,0.0,0.0,2.0,0.0,0.0,1.0,6.0,0.0,0.0,4.0,1.0,0.0,0.0,9.0,10.0,3.0,6516389385.0,9646112.0,本溪市平山区,本溪市平山区南地街道,20.0,30.0,10.0,17.6,77.6,71.2,45.31224489795919,39.60348923533779
辽宁省,本溪市,平山区,平山街道,123.7764655,41.2849091,19.0,39.0,17.0,82.0,212.0,31.0,0.0,42.0,51.0,1.0,0.0,4.0,6.0,6.0,20.0,23.0,0.0,0.0,1.0,23.0,21.0,0.0,1.0,0.0,0.0,20.0,214.0,1.0,19.0,5.0,8.0,25.0,7.0,25.0,21.0,9.0,0.0,4.0,2.0,17.0,55.0,0.0,0.0,3.0,2.0,0.0,0.0,0.0,0.0,0.0,8.0,10.0,0.0,0.0,0.0,3.0,3.0,0.0,0.0,0.0,0.0,3.0,10.0,0.0,1.0,0.0,1.0,2.0,1.0,10.0,10.0,4.0,6516389386.0,9646113.0,本溪市平山区,本溪市平山区平山街道,20.0,28.0,13.0,20.0,81.0,71.2,45.31224489795919,39.60348923533779
辽宁省,本溪市,平山区,东明街道,123.7716727,41.2936885,16.0,46.0,38.0,85.0,212.0,38.0,6.0,35.0,63.0,1.0,1.0,4.0,6.0,6.0,22.0,25.0,0.0,0.0,1.0,27.0,28.0,0.0,3.0,0.0,0.0,19.0,150.0,1.0,21.0,5.0,8.0,25.0,8.0,30.0,21.0,9.0,0.0,9.0,4.0,22.0,48.0,0.0,0.0,11.0,17.0,0.0,0.0,3.0,3.0,3.0,8.0,9.0,0.0,0.0,0.0,6.0,7.0,0.0,0.0,0.0,0.0,3.0,39.0,0.0,15.0,0.0,4.0,9.0,0.0,10.0,11.0,4.0,6516375583.0,9646110.0,本溪市平山区,本溪市平山区东明街道,20.0,30.0,21.0,20.0,91.0,71.2,45.31224489795919,39.60348923533779
辽宁省,本溪市,平山区,崔东街道,123.7699,41.2817559,17.0,41.0,11.0,78.0,209.0,45.0,0.0,33.0,38.0,1.0,0.0,4.0,6.0,6.0,19.0,22.0,0.0,0.0,1.0,21.0,17.0,0.0,2.0,0.0,0.0,21.0,205.0,1.0,19.0,8.0,8.0,24.0,6.0,24.0,20.0,9.0,0.0,5.0,0.0,15.0,44.0,0.0,0.0,2.0,2.0,0.0,0.0,0.0,0.0,0.0,6.0,7.0,0.0,0.0,0.0,3.0,0.0,0.0,0.0,0.0,0.0,4.0,10.0,0.0,1.0,0.0,0.0,2.0,2.0,8.0,7.0,3.0,6516375582.0,9646109.0,本溪市平山区,本溪市平山区崔东街道,20.0,28.0,13.0,20.0,81.0,71.2,45.31224489795919,39.60348923533779
辽宁省,本溪市,平山区,站前街道,123.7520834,41.2913118,19.0,53.0,28.0,76.0,234.0,85.0,6.0,35.0,45.0,1.0,2.0,4.0,6.0,6.0,23.0,26.0,0.0,0.0,1.0,23.0,16.0,0.0,4.0,0.0,0.0,21.0,138.0,1.0,19.0,11.0,8.0,23.0,4.0,28.0,20.0,9.0,9.0,33.0,0.0,15.0,16.0,16.0,0.0,17.0,7.0,0.0,0.0,2.0,2.0,2.0,5.0,6.0,0.0,0.0,1.0,11.0,0.0,0.0,1.0,0.0,0.0,2.0,18.0,1.0,5.0,4.0,4.0,3.0,0.0,14.0,15.0,5.0,6516389388.0,9646116.0,本溪市平山区,本溪市平山区站前街道,20.0,30.0,23.0,20.0,93.0,71.2,45.31224489795919,39.60348923533779
辽宁省,本溪市,平山区,千金街道,123.7207068,41.2606827,10.0,11.0,20.0,15.0,27.0,82.0,0.0,0.0,0.0,0.0,0.0,0.0,0.0,0.0,0.0,0.0,0.0,0.0,0.0,0.0,0.0,0.0,2.0,0.0,0.0,5.0,10.0,0.0,0.0,5.0,1.0,0.0,0.0,14.0,11.0,4.0,0.0,0.0,3.0,1.0,1.0,1.0,0.0,0.0,0.0,0.0,0.0,0.0,0.0,0.0,0.0,0.0,0.0,0.0,0.0,0.0,0.0,0.0,1.0,0.0,0.0,1.0,0.0,0.0,0.0,0.0,1.0,0.0,0.0,4.0,5.0,1.0,6516389387.0,9646114.0,本溪市平山区,本溪市平山区千金街道,20.0,19.7,0.0,3.5,43.2,71.2,45.31224489795919,39.60348923533779
辽宁省,本溪市,平山区,桥北街道,123.6397909,41.2237154,0.0,14.0,3.0,21.0,28.0,48.0,0.0,0.0,0.0,0.0,0.0,0.0,0.0,0.0,0.0,0.0,0.0,0.0,0.0,0.0,0.0,0.0,2.0,0.0,0.0,1.0,6.0,0.0,0.0,0.0,0.0,0.0,0.0,8.0,11.0,5.0,0.0,7.0,3.0,18.0,3.0,5.0,0.0,0.0,0.0,0.0,0.0,0.0,0.0,0.0,0.0,0.0,0.0,0.0,0.0,0.0,0.0,0.0,1.0,0.0,0.0,1.0,0.0,0.0,0.0,0.0,0.0,0.0,0.0,3.0,6.0,5.0,6516375581.0,-1.0,本溪市平山区,本溪市平山区桥北街道,8.0,20.5,0.0,3.1,31.6,71.2,45.31224489795919,39.60348923533779
辽宁省,本溪市,溪湖区,河东街道,123.7699496,41.3275799,4.0,2.0,34.0,43.0,100.0,0.0,6.0,5.0,31.0,1.0,1.0,1.0,2.0,2.0,7.0,7.0,0.0,0.0,0.0,8.0,15.0,0.0,4.0,0.0,0.0,6.0,30.0,0.0,3.0,0.0,2.0,19.0,4.0,17.0,15.0,8.0,0.0,0.0,6.0,10.0,21.0,0.0,0.0,0.0,4.0,0.0,0.0,1.0,1.0,1.0,1.0,1.0,0.0,0.0,0.0,0.0,2.0,0.0,3.0,0.0,0.0,2.0,1.0,0.0,0.0,0.0,0.0,0.0,0.0,4.0,5.0,3.0,6516316726.0,9646042.0,本溪市溪湖区,本溪市溪湖区河东街道,20.0,30.0,15.0,7.1,72.1,58.17142857142857,45.31224489795919,39.60348923533779
辽宁省,本溪市,溪湖区,河西街道,123.7401956,41.3333481,0.0,2.0,8.0,27.0,61.0,8.0,4.0,1.0,8.0,0.0,0.0,1.0,1.0,1.0,3.0,3.0,0.0,0.0,0.0,0.0,4.0,0.0,5.0,0.0,0.0,4.0,9.0,0.0,0.0,2.0,0.0,1.0,0.0,14.0,11.0,8.0,0.0,0.0,0.0,6.0,6.0,0.0,0.0,0.0,0.0,0.0,0.0,0.0,0.0,0.0,0.0,0.0,0.0,0.0,0.0,0.0,0.0,0.0,0.0,0.0,0.0,1.0,0.0,0.0,0.0,0.0,0.0,1.0,0.0,1.0,2.0,1.0,6516316727.0,9646043.0,本溪市溪湖区,本溪市溪湖区河西街道,19.0,26.0,5.0,5.1,55.1,58.17142857142857,45.31224489795919,39.60348923533779
辽宁省,本溪市,溪湖区,彩屯街道,123.7337155,41.2970804,10.0,53.0,16.0,52.0,127.0,104.0,0.0,32.0,25.0,1.0,3.0,4.0,3.0,3.0,13.0,14.0,0.0,0.0,1.0,16.0,13.0,0.0,5.0,0.0,0.0,12.0,129.0,1.0,18.0,13.0,6.0,12.0,1.0,26.0,17.0,10.0,0.0,16.0,3.0,1.0,30.0,4.0,0.0,3.0,6.0,0.0,2.0,0.0,0.0,0.0,3.0,3.0,0.0,0.0,0.0,2.0,3.0,0.0,2.0,0.0,0.0,2.0,30.0,0.0,0.0,2.0,1.0,0.0,0.0,12.0,10.0,4.0,6516316724.0,9646040.0,本溪市溪湖区,本溪市溪湖区彩屯街道,20.0,30.0,12.0,20.0,82.0,58.17142857142857,45.31224489795919,39.60348923533779
辽宁省,本溪市,溪湖区,东风街道,123.6992117,41.3144209,0.0,7.0,0.0,21.0,66.0,18.0,0.0,10.0,4.0,0.0,2.0,0.0,0.0,0.0,2.0,2.0,0.0,0.0,0.0,1.0,7.0,0.0,1.0,0.0,0.0,4.0,26.0,0.0,0.0,2.0,0.0,2.0,0.0,8.0,9.0,9.0,0.0,0.0,0.0,8.0,21.0,0.0,0.0,0.0,0.0,0.0,0.0,0.0,0.0,0.0,0.0,0.0,0.0,0.0,0.0,0.0,4.0,0.0,0.0,0.0,0.0,1.0,1.0,0.0,0.0,0.0,0.0,0.0,0.0,2.0,3.0,2.0,6516316725.0,9646041.0,本溪市溪湖区,本溪市溪湖区东风街道,19.0,28.0,0.0,6.9,53.9,58.17142857142857,45.31224489795919,39.60348923533779
辽宁省,本溪市,溪湖区,石桥子街道,123.7197837,41.4493708,6.0,0.0,13.0,25.0,79.0,3.0,0.0,0.0,2.0,0.0,3.0,0.0,0.0,0.0,3.0,6.0,0.0,0.0,0.0,2.0,9.0,2.0,9.0,0.0,3.0,2.0,28.0,0.0,1.0,0.0,1.0,6.0,0.0,7.0,12.0,6.0,2.0,0.0,4.0,4.0,21.0,0.0,0.0,0.0,2.0,0.0,1.0,0.0,0.0,0.0,1.0,2.0,0.0,0.0,0.0,1.0,2.0,0.0,0.0,0.0,1.0,1.0,1.0,0.0,1.0,0.0,0.0,0.0,0.0,3.0,7.0,3.0,2178206800.0,9646046.0,本溪市溪湖区,本溪市溪湖区石桥子街道,17.0,28.0,6.0,5.9,56.9,58.17142857142857,45.31224489795919,39.60348923533779
辽宁省,本溪市,溪湖区,日月岛街道,123.6836245,41.4985326,2.0,24.0,32.0,7.0,34.0,0.0,0.0,2.0,3.0,0.0,1.0,1.0,1.0,1.0,1.0,3.0,1.0,0.0,0.0,1.0,1.0,0.0,0.0,0.0,0.0,1.0,42.0,0.0,0.0,1.0,1.0,3.0,1.0,11.0,13.0,4.0,0.0,2.0,13.0,1.0,7.0,0.0,0.0,0.0,0.0,0.0,0.0,0.0,0.0,0.0,1.0,1.0,0.0,0.0,0.0,0.0,1.0,0.0,0.0,0.0,0.0,1.0,10.0,0.0,0.0,0.0,0.0,2.0,0.0,3.0,7.0,3.0,2178206840.0,9646045.0,本溪市溪湖区,本溪市溪湖区日月岛街道,16.0,26.9,10.0,7.300000000000001,60.2,58.17142857142857,45.31224489795919,39.60348923533779
辽宁省,本溪市,溪湖区,火连寨街道,123.718764,41.3687319,0.0,6.0,0.0,32.0,0.0,0.0,0.0,0.0,0.0,0.0,0.0,0.0,0.0,0.0,0.0,0.0,0.0,0.0,0.0,0.0,0.0,0.0,0.0,0.0,0.0,1.0,0.0,0.0,0.0,0.0,0.0,0.0,0.0,7.0,2.0,0.0,0.0,4.0,0.0,2.0,0.0,0.0,0.0,0.0,0.0,0.0,0.0,0.0,0.0,0.0,0.0,0.0,0.0,0.0,0.0,0.0,0.0,0.0,0.0,0.0,0.0,1.0,0.0,0.0,0.0,0.0,0.0,0.0,0.0,2.0,2.0,0.0,2296603337.0,9646044.0,本溪市溪湖区,本溪市溪湖区火连寨街道,16.0,11.0,0.0,0.0,27.0,58.17142857142857,45.31224489795919,39.60348923533779
辽宁省,本溪市,明山区,北地街道,123.7561482,41.3017482,12.0,53.0,37.0,84.0,233.0,58.0,6.0,34.0,61.0,1.0,3.0,5.0,6.0,6.0,25.0,28.0,0.0,0.0,1.0,24.0,21.0,0.0,7.0,0.0,0.0,20.0,139.0,1.0,19.0,6.0,8.0,24.0,4.0,29.0,19.0,9.0,4.0,19.0,5.0,14.0,39.0,8.0,0.0,17.0,15.0,1.0,0.0,2.0,3.0,3.0,6.0,7.0,0.0,0.0,0.0,7.0,4.0,0.0,0.0,0.0,0.0,2.0,60.0,0.0,17.0,0.0,5.0,9.0,1.0,16.0,14.0,6.0,6516819494.0,9646857.0,本溪市明山区,本溪市明山区北地街道,20.0,30.0,21.0,20.0,91.0,61.371428571428574,45.31224489795919,39.60348923533779
辽宁省,本溪市,明山区,高峪街道,123.7897759,41.3013407,10.0,21.0,50.0,73.0,183.0,2.0,6.0,27.0,68.0,1.0,1.0,6.0,5.0,5.0,22.0,25.0,0.0,0.0,0.0,22.0,37.0,0.0,2.0,0.0,0.0,15.0,135.0,1.0,27.0,1.0,9.0,37.0,6.0,22.0,22.0,8.0,2.0,2.0,2.0,14.0,21.0,0.0,0.0,1.0,25.0,0.0,0.0,0.0,1.0,1.0,1.0,1.0,0.0,0.0,0.0,3.0,10.0,0.0,0.0,0.0,0.0,1.0,4.0,0.0,0.0,0.0,0.0,2.0,2.0,8.0,10.0,7.0,6516819496.0,9646860.0,本溪市明山区,本溪市明山区高峪街道,20.0,30.0,18.0,18.0,86.0,61.371428571428574,45.31224489795919,39.60348923533779
辽宁省,本溪市,明山区,明山街道,123.7716449,41.3101879,8.0,38.0,42.0,78.0,189.0,13.0,6.0,32.0,67.0,1.0,2.0,5.0,6.0,6.0,20.0,22.0,0.0,0.0,1.0,25.0,30.0,0.0,5.0,0.0,0.0,15.0,100.0,1.0,21.0,0.0,8.0,24.0,4.0,28.0,21.0,9.0,4.0,2.0,19.0,11.0,53.0,0.0,6.0,1.0,9.0,0.0,1.0,0.0,0.0,0.0,5.0,5.0,0.0,0.0,0.0,3.0,3.0,0.0,0.0,0.0,0.0,2.0,15.0,0.0,0.0,0.0,1.0,15.0,2.0,12.0,12.0,5.0,6516819498.0,9646862.0,本溪市明山区,本溪市明山区明山街道,20.0,30.0,13.0,15.5,78.5,61.371428571428574,45.31224489795919,39.60348923533779
辽宁省,本溪市,明山区,新明街道,123.8148217,41.3104386,10.0,6.0,43.0,27.0,41.0,2.0,0.0,3.0,38.0,0.0,3.0,2.0,1.0,1.0,4.0,4.0,0.0,0.0,0.0,8.0,26.0,0.0,0.0,0.0,0.0,6.0,28.0,0.0,10.0,0.0,2.0,14.0,4.0,16.0,17.0,7.0,8.0,6.0,13.0,7.0,14.0,2.0,0.0,0.0,8.0,0.0,1.0,2.0,0.0,0.0,1.0,1.0,0.0,0.0,0.0,1.0,9.0,0.0,0.0,0.0,0.0,3.0,10.0,0.0,2.0,0.0,2.0,2.0,1.0,6.0,13.0,5.0,6516819500.0,9646865.0,本溪市明山区,本溪市明山区新明街道,20.0,28.0,11.0,7.300000000000001,66.3,61.371428571428574,45.31224489795919,39.60348923533779
辽宁省,本溪市,明山区,牛心台街道,123.8888989,41.3439907,0.0,0.0,0.0,11.0,2.0,0.0,0.0,0.0,0.0,0.0,0.0,1.0,0.0,0.0,1.0,1.0,0.0,0.0,0.0,0.0,1.0,0.0,0.0,0.0,1.0,2.0,1.0,0.0,0.0,0.0,0.0,0.0,0.0,5.0,3.0,4.0,0.0,0.0,0.0,4.0,0.0,0.0,0.0,0.0,0.0,0.0,0.0,0.0,0.0,0.0,0.0,0.0,0.0,0.0,0.0,0.0,0.0,0.0,0.0,0.0,0.0,1.0,0.0,0.0,0.0,0.0,0.0,0.0,0.0,3.0,1.0,2.0,3406414961.0,9646863.0,本溪市明山区,本溪市明山区牛心台街道,17.0,6.9,5.0,2.1,31.0,61.371428571428574,45.31224489795919,39.60348923533779
辽宁省,本溪市,明山区,卧龙街道,123.8542119,41.3286282,10.0,0.0,8.0,26.0,11.0,1.0,0.0,0.0,0.0,0.0,4.0,1.0,1.0,1.0,2.0,2.0,0.0,0.0,0.0,2.0,4.0,0.0,0.0,0.0,1.0,3.0,12.0,0.0,0.0,0.0,1.0,0.0,0.0,7.0,9.0,4.0,6.0,0.0,1.0,8.0,8.0,0.0,0.0,0.0,0.0,0.0,1.0,0.0,0.0,0.0,0.0,0.0,0.0,0.0,0.0,2.0,1.0,0.0,0.0,0.0,0.0,1.0,6.0,0.0,0.0,0.0,0.0,0.0,0.0,1.0,5.0,3.0,6516819499.0,9646864.0,本溪市明山区,本溪市明山区卧龙街道,18.0,20.6,7.0,3.8,49.4,61.371428571428574,45.31224489795919,39.60348923533779
辽宁省,本溪市,明山区,高台子街道,123.8020747,41.3814814,9.0,1.0,1.0,0.0,5.0,1.0,0.0,0.0,0.0,0.0,0.0,0.0,0.0,0.0,0.0,0.0,0.0,0.0,0.0,0.0,0.0,0.0,0.0,0.0,0.0,1.0,1.0,0.0,0.0,1.0,0.0,1.0,0.0,6.0,8.0,2.0,6.0,0.0,1.0,0.0,0.0,1.0,0.0,0.0,0.0,0.0,0.0,0.0,0.0,0.0,0.0,0.0,0.0,0.0,0.0,0.0,0.0,0.0,0.0,0.0,0.0,1.0,1.0,0.0,0.0,1.0,0.0,0.0,0.0,5.0,6.0,1.0,3274044707.0,9646859.0,本溪市明山区,本溪市明山区高台子街道,16.0,10.0,0.0,1.4,27.4,61.371428571428574,45.31224489795919,39.60348923533779
辽宁省,本溪市,南芬区,南芬街道,123.7459283,41.1053405,6.0,0.0,0.0,24.0,35.0,1.0,0.0,7.0,0.0,0.0,0.0,1.0,0.0,0.0,1.0,1.0,0.0,0.0,0.0,1.0,0.0,0.0,0.0,0.0,0.0,3.0,2.0,0.0,0.0,0.0,0.0,0.0,0.0,8.0,12.0,3.0,1.0,0.0,0.0,11.0,21.0,1.0,0.0,6.0,0.0,0.0,0.0,1.0,0.0,0.0,0.0,0.0,0.0,0.0,0.0,1.0,0.0,0.0,0.0,0.0,0.0,3.0,2.0,0.0,0.0,0.0,0.0,0.0,0.0,7.0,10.0,1.0,6517538794.0,9647772.0,本溪市南芬区,本溪市南芬区南芬街道,18.0,24.0,6.0,1.9,49.9,31.53333333333333,45.31224489795919,39.60348923533779
辽宁省,本溪市,南芬区,思山岭街道,123.8036924,41.1912499,3.0,0.0,5.0,1.0,0.0,0.0,0.0,0.0,0.0,0.0,0.0,0.0,0.0,0.0,0.0,0.0,0.0,0.0,0.0,0.0,0.0,0.0,0.0,0.0,0.0,2.0,0.0,0.0,0.0,0.0,0.0,0.0,0.0,5.0,3.0,2.0,0.0,0.0,3.0,1.0,0.0,0.0,0.0,0.0,0.0,0.0,0.0,0.0,0.0,0.0,0.0,0.0,0.0,0.0,0.0,0.0,0.0,0.0,0.0,0.0,0.0,1.0,0.0,0.0,0.0,0.0,0.0,0.0,0.0,1.0,2.0,2.0,2138925511.0,9647773.0,本溪市南芬区,本溪市南芬区思山岭街道,17.0,7.5,0.0,1.0,25.5,31.53333333333333,45.31224489795919,39.60348923533779
辽宁省,本溪市,南芬区,下马塘街道,123.7363933,41.0294009,1.0,0.0,0.0,15.0,3.0,0.0,0.0,0.0,0.0,0.0,0.0,0.0,0.0,0.0,0.0,0.0,0.0,0.0,0.0,0.0,5.0,0.0,0.0,0.0,0.0,3.0,0.0,0.0,0.0,0.0,0.0,0.0,0.0,5.0,7.0,3.0,1.0,0.0,0.0,5.0,2.0,0.0,0.0,0.0,0.0,0.0,0.0,0.0,0.0,0.0,0.0,0.0,0.0,0.0,0.0,0.0,3.0,0.0,0.0,0.0,0.0,2.0,0.0,0.0,0.0,0.0,0.0,0.0,0.0,5.0,7.0,3.0,-1.0,-1.0,本溪市南芬区,本溪市南芬区下马塘街道,3.0,14.7,0.0,1.5,19.2,31.53333333333333,45.31224489795919,39.60348923533779
辽宁省,本溪市,本溪满族自治县,观音阁街道,124.116165,41.3010675,9.0,21.0,18.0,34.0,225.0,9.0,0.0,5.0,1.0,0.0,6.0,2.0,0.0,0.0,1.0,1.0,0.0,0.0,0.0,2.0,4.0,0.0,3.0,0.0,0.0,7.0,69.0,0.0,0.0,0.0,1.0,9.0,2.0,5.0,12.0,12.0,5.0,2.0,5.0,18.0,41.0,4.0,0.0,2.0,1.0,0.0,1.0,2.0,0.0,0.0,1.0,1.0,0.0,0.0,0.0,1.0,2.0,0.0,0.0,0.0,0.0,2.0,12.0,0.0,0.0,0.0,1.0,3.0,1.0,2.0,10.0,9.0,6517693177.0,9648077.0,本溪市本溪满族自治县,本溪市本溪满族自治县观音阁街道,20.0,28.0,11.0,12.1,71.1,33.516666666666666,45.31224489795919,39.60348923533779
辽宁省,本溪市,本溪满族自治县,小市镇,124.0997659,41.2669981,6.0,14.0,2.0,12.0,38.0,0.0,0.0,0.0,0.0,0.0,4.0,0.0,0.0,0.0,0.0,0.0,0.0,0.0,0.0,1.0,2.0,0.0,0.0,0.0,0.0,6.0,3.0,0.0,0.0,0.0,0.0,1.0,1.0,3.0,11.0,6.0,0.0,5.0,0.0,0.0,1.0,0.0,0.0,0.0,0.0,0.0,0.0,0.0,0.0,0.0,0.0,0.0,0.0,0.0,0.0,0.0,1.0,0.0,0.0,0.0,0.0,3.0,0.0,0.0,0.0,0.0,0.0,0.0,0.0,2.0,2.0,4.0,2138927940.0,9648078.0,本溪市本溪满族自治县,本溪市本溪满族自治县小市镇,20.0,23.9,0.0,3.3,47.199999999999996,33.516666666666666,45.31224489795919,39.60348923533779
辽宁省,本溪市,本溪满族自治县,草河掌镇,124.0409464,41.0681767,0.0,0.0,5.0,1.0,1.0,1.0,0.0,0.0,0.0,0.0,0.0,0.0,0.0,0.0,0.0,0.0,0.0,0.0,0.0,0.0,0.0,0.0,0.0,0.0,0.0,1.0,0.0,0.0,0.0,0.0,0.0,0.0,0.0,1.0,4.0,2.0,0.0,0.0,5.0,0.0,0.0,1.0,0.0,0.0,0.0,0.0,0.0,0.0,0.0,0.0,0.0,0.0,0.0,0.0,0.0,0.0,0.0,0.0,0.0,0.0,0.0,1.0,0.0,0.0,0.0,0.0,0.0,0.0,0.0,1.0,2.0,2.0,3072786963.0,-1.0,本溪市本溪满族自治县,本溪市本溪满族自治县草河掌镇,8.0,8.2,0.0,1.0,17.2,33.516666666666666,45.31224489795919,39.60348923533779
辽宁省,本溪市,本溪满族自治县,草河城镇,124.042512,40.8837982,0.0,0.0,7.0,1.0,0.0,0.0,0.0,0.0,0.0,0.0,0.0,0.0,0.0,0.0,0.0,0.0,0.0,0.0,0.0,0.0,0.0,0.0,0.0,0.0,0.0,2.0,0.0,0.0,0.0,0.0,0.0,0.0,0.0,5.0,2.0,2.0,0.0,0.0,1.0,0.0,0.0,0.0,0.0,0.0,0.0,0.0,0.0,0.0,0.0,0.0,0.0,0.0,0.0,0.0,0.0,0.0,0.0,0.0,0.0,0.0,0.0,1.0,0.0,0.0,0.0,0.0,0.0,0.0,0.0,1.0,1.0,2.0,2269002098.0,-1.0,本溪市本溪满族自治县,本溪市本溪满族自治县草河城镇,9.0,7.0,0.0,1.0,17.0,33.516666666666666,45.31224489795919,39.60348923533779
辽宁省,本溪市,本溪满族自治县,草河口镇,123.9028172,40.8777121,5.0,0.0,1.0,7.0,5.0,2.0,0.0,0.0,0.0,0.0,0.0,0.0,0.0,0.0,1.0,1.0,0.0,0.0,0.0,0.0,0.0,0.0,0.0,0.0,0.0,2.0,0.0,0.0,0.0,0.0,0.0,0.0,0.0,4.0,8.0,4.0,1.0,0.0,1.0,7.0,5.0,0.0,0.0,0.0,0.0,0.0,0.0,0.0,0.0,0.0,0.0,0.0,0.0,0.0,0.0,0.0,0.0,0.0,0.0,0.0,0.0,1.0,0.0,0.0,0.0,0.0,0.0,0.0,0.0,4.0,7.0,4.0,1662255975.0,-1.0,本溪市本溪满族自治县,本溪市本溪满族自治县草河口镇,9.0,16.5,0.0,2.0,27.5,33.516666666666666,45.31224489795919,39.60348923533779
辽宁省,本溪市,本溪满族自治县,连山关镇,123.753259,40.9660501,2.0,4.0,0.0,2.0,10.0,0.0,0.0,0.0,0.0,0.0,0.0,0.0,0.0,0.0,0.0,0.0,0.0,0.0,0.0,0.0,9.0,0.0,0.0,0.0,0.0,2.0,1.0,0.0,0.0,0.0,0.0,0.0,0.0,8.0,5.0,4.0,1.0,2.0,0.0,0.0,4.0,0.0,0.0,0.0,0.0,0.0,0.0,0.0,0.0,0.0,0.0,0.0,0.0,0.0,0.0,0.0,3.0,0.0,0.0,0.0,0.0,1.0,0.0,0.0,0.0,0.0,0.0,0.0,0.0,4.0,4.0,4.0,1662255995.0,-1.0,本溪市本溪满族自治县,本溪市本溪满族自治县连山关镇,9.0,12.7,0.0,2.1,23.8,33.516666666666666,45.31224489795919,39.60348923533779
辽宁省,本溪市,本溪满族自治县,清河城镇,124.2258708,41.4549311,0.0,0.0,7.0,7.0,60.0,1.0,0.0,0.0,0.0,0.0,0.0,0.0,0.0,0.0,1.0,1.0,0.0,0.0,0.0,0.0,8.0,0.0,1.0,0.0,0.0,3.0,0.0,0.0,0.0,0.0,0.0,0.0,0.0,2.0,5.0,5.0,0.0,0.0,1.0,4.0,19.0,1.0,0.0,0.0,0.0,0.0,0.0,0.0,0.0,0.0,1.0,1.0,0.0,0.0,0.0,0.0,1.0,0.0,1.0,0.0,0.0,1.0,0.0,0.0,0.0,0.0,0.0,0.0,0.0,1.0,5.0,4.0,6349021093.0,-1.0,本溪市本溪满族自治县,本溪市本溪满族自治县清河城镇,10.0,22.5,5.0,2.5,40.0,33.516666666666666,45.31224489795919,39.60348923533779
辽宁省,本溪市,本溪满族自治县,田师傅镇,124.3463293,41.2528545,4.0,0.0,1.0,3.0,7.0,4.0,0.0,2.0,0.0,2.0,0.0,0.0,0.0,0.0,0.0,0.0,0.0,0.0,0.0,0.0,0.0,0.0,0.0,0.0,0.0,2.0,6.0,0.0,5.0,0.0,0.0,0.0,0.0,1.0,7.0,2.0,2.0,0.0,1.0,1.0,5.0,1.0,0.0,0.0,0.0,2.0,0.0,0.0,0.0,0.0,0.0,0.0,0.0,0.0,0.0,0.0,0.0,0.0,0.0,0.0,0.0,1.0,4.0,0.0,4.0,0.0,0.0,0.0,0.0,1.0,5.0,1.0,3392322894.0,-1.0,本溪市本溪满族自治县,本溪市本溪满族自治县田师傅镇,9.0,16.4,0.0,2.0,27.4,33.516666666666666,45.31224489795919,39.60348923533779
辽宁省,本溪市,本溪满族自治县,南甸子镇,124.3704062,41.2843852,5.0,0.0,0.0,5.0,12.0,1.0,0.0,0.0,0.0,0.0,0.0,0.0,0.0,0.0,0.0,0.0,0.0,0.0,0.0,0.0,0.0,0.0,0.0,0.0,0.0,1.0,0.0,0.0,0.0,0.0,0.0,0.0,0.0,1.0,5.0,1.0,3.0,0.0,0.0,5.0,11.0,1.0,0.0,0.0,0.0,0.0,0.0,0.0,0.0,0.0,0.0,0.0,0.0,0.0,0.0,0.0,0.0,0.0,0.0,0.0,0.0,1.0,0.0,0.0,0.0,0.0,0.0,0.0,0.0,1.0,4.0,1.0,3407074741.0,-1.0,本溪市本溪满族自治县,本溪市本溪满族自治县南甸子镇,8.0,18.2,0.0,0.5,26.7,33.516666666666666,45.31224489795919,39.60348923533779
辽宁省,本溪市,本溪满族自治县,碱厂镇,124.4746681,41.2482254,11.0,0.0,2.0,5.0,22.0,3.0,0.0,0.0,0.0,0.0,1.0,0.0,0.0,0.0,0.0,0.0,0.0,0.0,0.0,0.0,1.0,0.0,0.0,0.0,0.0,2.0,4.0,0.0,0.0,1.0,0.0,1.0,0.0,2.0,10.0,4.0,3.0,0.0,0.0,2.0,22.0,0.0,0.0,0.0,0.0,0.0,0.0,0.0,0.0,0.0,0.0,0.0,0.0,0.0,0.0,0.0,0.0,0.0,0.0,0.0,0.0,1.0,4.0,0.0,0.0,1.0,0.0,1.0,0.0,1.0,3.0,2.0,2269119487.0,-1.0,本溪市本溪满族自治县,本溪市本溪满族自治县碱厂镇,9.0,26.0,0.0,3.0,38.0,33.516666666666666,45.31224489795919,39.60348923533779
辽宁省,本溪市,本溪满族自治县,高官镇,123.9643019,41.4043995,0.0,3.0,0.0,7.0,62.0,0.0,0.0,0.0,1.0,0.0,0.0,0.0,0.0,0.0,1.0,1.0,0.0,0.0,0.0,0.0,9.0,0.0,4.0,0.0,0.0,2.0,1.0,0.0,0.0,0.0,0.0,0.0,0.0,2.0,4.0,5.0,0.0,1.0,0.0,5.0,24.0,0.0,0.0,0.0,0.0,0.0,0.0,0.0,0.0,0.0,1.0,1.0,0.0,0.0,0.0,0.0,3.0,0.0,2.0,0.0,0.0,1.0,0.0,0.0,0.0,0.0,0.0,0.0,0.0,2.0,4.0,4.0,3405191002.0,-1.0,本溪市本溪满族自治县,本溪市本溪满族自治县高官镇,9.0,24.0,5.0,2.6,40.6,33.516666666666666,45.31224489795919,39.60348923533779
辽宁省,本溪市,本溪满族自治县,东营坊乡,124.523268,41.219195,3.0,0.0,0.0,2.0,0.0,0.0,0.0,0.0,0.0,0.0,0.0,0.0,0.0,0.0,0.0,0.0,0.0,0.0,0.0,0.0,0.0,0.0,0.0,0.0,0.0,1.0,0.0,0.0,0.0,1.0,0.0,0.0,0.0,2.0,3.0,2.0,3.0,0.0,0.0,2.0,0.0,0.0,0.0,0.0,0.0,0.0,0.0,0.0,0.0,0.0,0.0,0.0,0.0,0.0,0.0,0.0,0.0,0.0,0.0,0.0,0.0,1.0,0.0,0.0,0.0,1.0,0.0,0.0,0.0,2.0,3.0,2.0,3407103972.0,9648076.0,本溪市本溪满族自治县,本溪市本溪满族自治县东营坊乡,16.0,8.5,0.0,1.2,25.7,33.516666666666666,45.31224489795919,39.60348923533779
辽宁省,本溪市,桓仁满族自治县,八卦城街道,125.3530022,41.2742527,30.0,3.0,19.0,17.0,81.0,0.0,0.0,2.0,3.0,0.0,0.0,1.0,0.0,0.0,0.0,0.0,0.0,0.0,0.0,0.0,4.0,0.0,0.0,0.0,0.0,3.0,34.0,0.0,0.0,0.0,0.0,7.0,1.0,5.0,9.0,8.0,0.0,0.0,3.0,3.0,21.0,0.0,0.0,0.0,0.0,0.0,0.0,0.0,0.0,0.0,0.0,0.0,0.0,0.0,0.0,0.0,1.0,0.0,0.0,0.0,0.0,2.0,3.0,0.0,0.0,0.0,0.0,2.0,0.0,3.0,4.0,6.0,6517956116.0,9648367.0,本溪市桓仁满族自治县,本溪市桓仁满族自治县八卦城街道,18.0,26.0,5.0,7.7,56.7,29.86923076923077,45.31224489795919,39.60348923533779
辽宁省,本溪市,桓仁满族自治县,桓仁镇,125.3671969,41.2878123,16.0,0.0,6.0,15.0,75.0,4.0,0.0,0.0,0.0,1.0,0.0,1.0,0.0,0.0,0.0,0.0,0.0,0.0,0.0,1.0,2.0,0.0,0.0,0.0,0.0,3.0,45.0,0.0,0.0,0.0,0.0,4.0,2.0,6.0,6.0,7.0,1.0,0.0,1.0,1.0,14.0,0.0,0.0,0.0,0.0,0.0,0.0,0.0,0.0,0.0,0.0,0.0,0.0,0.0,0.0,0.0,1.0,0.0,0.0,0.0,0.0,1.0,0.0,0.0,0.0,0.0,0.0,0.0,0.0,3.0,5.0,3.0,6517956118.0,-1.0,本溪市桓仁满族自治县,本溪市桓仁满族自治县桓仁镇,10.0,25.0,5.0,8.0,48.0,29.86923076923077,45.31224489795919,39.60348923533779
辽宁省,本溪市,桓仁满族自治县,普乐堡镇,125.1605408,41.1805588,4.0,0.0,0.0,0.0,1.0,0.0,0.0,0.0,0.0,0.0,0.0,0.0,0.0,0.0,0.0,0.0,0.0,0.0,0.0,0.0,0.0,0.0,0.0,0.0,0.0,1.0,0.0,0.0,0.0,0.0,0.0,0.0,0.0,2.0,2.0,2.0,3.0,0.0,0.0,0.0,0.0,0.0,0.0,0.0,0.0,0.0,0.0,0.0,0.0,0.0,0.0,0.0,0.0,0.0,0.0,0.0,0.0,0.0,0.0,0.0,0.0,1.0,0.0,0.0,0.0,0.0,0.0,0.0,0.0,2.0,1.0,1.0,3064233627.0,-1.0,本溪市桓仁满族自治县,本溪市桓仁满族自治县普乐堡镇,8.0,6.2,0.0,1.0,15.2,29.86923076923077,45.31224489795919,39.60348923533779
辽宁省,本溪市,桓仁满族自治县,二棚甸子镇,125.5072138,41.180682,1.0,0.0,0.0,0.0,0.0,0.0,0.0,0.0,0.0,0.0,0.0,0.0,0.0,0.0,0.0,0.0,0.0,0.0,0.0,0.0,0.0,0.0,0.0,0.0,0.0,1.0,0.0,0.0,0.0,0.0,0.0,0.0,1.0,2.0,2.0,2.0,1.0,0.0,0.0,0.0,0.0,0.0,0.0,0.0,0.0,0.0,0.0,0.0,0.0,0.0,0.0,0.0,0.0,0.0,0.0,0.0,0.0,0.0,0.0,0.0,0.0,1.0,0.0,0.0,0.0,0.0,0.0,0.0,0.0,1.0,1.0,1.0,6517956117.0,-1.0,本溪市桓仁满族自治县,本溪市桓仁满族自治县二棚甸子镇,8.0,6.0,0.0,1.0,15.0,29.86923076923077,45.31224489795919,39.60348923533779
辽宁省,本溪市,桓仁满族自治县,沙尖子镇,125.4803466,41.0132279,1.0,1.0,0.0,0.0,0.0,0.0,0.0,0.0,0.0,0.0,0.0,0.0,0.0,0.0,0.0,0.0,0.0,0.0,0.0,0.0,0.0,0.0,0.0,0.0,0.0,2.0,0.0,0.0,0.0,0.0,0.0,0.0,0.0,6.0,2.0,2.0,0.0,1.0,0.0,0.0,0.0,0.0,0.0,0.0,0.0,0.0,0.0,0.0,0.0,0.0,0.0,0.0,0.0,0.0,0.0,0.0,0.0,0.0,0.0,0.0,0.0,1.0,0.0,0.0,0.0,0.0,0.0,0.0,0.0,1.0,1.0,1.0,3069610203.0,-1.0,本溪市桓仁满族自治县,本溪市桓仁满族自治县沙尖子镇,9.0,6.0,0.0,1.0,16.0,29.86923076923077,45.31224489795919,39.60348923533779
辽宁省,本溪市,桓仁满族自治县,五里甸子镇,125.5565643,41.0048067,3.0,1.0,0.0,0.0,0.0,0.0,0.0,0.0,0.0,0.0,0.0,0.0,0.0,0.0,0.0,0.0,0.0,0.0,0.0,0.0,0.0,0.0,0.0,0.0,0.0,2.0,0.0,0.0,0.0,0.0,0.0,0.0,0.0,1.0,2.0,1.0,1.0,1.0,0.0,0.0,0.0,0.0,0.0,0.0,0.0,0.0,0.0,0.0,0.0,0.0,0.0,0.0,0.0,0.0,0.0,0.0,0.0,0.0,0.0,0.0,0.0,1.0,0.0,0.0,0.0,0.0,0.0,0.0,0.0,1.0,2.0,1.0,2269586142.0,-1.0,本溪市桓仁满族自治县,本溪市桓仁满族自治县五里甸子镇,9.0,6.0,0.0,0.5,15.5,29.86923076923077,45.31224489795919,39.60348923533779
辽宁省,本溪市,桓仁满族自治县,八里甸子镇,124.8868275,41.2390525,5.0,4.0,0.0,5.0,2.0,0.0,0.0,0.0,0.0,0.0,1.0,0.0,0.0,0.0,0.0,0.0,0.0,0.0,0.0,0.0,0.0,0.0,0.0,0.0,0.0,4.0,1.0,0.0,0.0,0.0,0.0,0.0,0.0,2.0,7.0,2.0,3.0,0.0,0.0,3.0,1.0,0.0,0.0,0.0,0.0,0.0,0.0,0.0,0.0,0.0,0.0,0.0,0.0,0.0,0.0,0.0,0.0,0.0,0.0,0.0,0.0,1.0,0.0,0.0,0.0,0.0,0.0,0.0,0.0,2.0,4.0,2.0,3069564954.0,-1.0,本溪市桓仁满族自治县,本溪市桓仁满族自治县八里甸子镇,11.0,16.2,0.0,1.1,28.3,29.86923076923077,45.31224489795919,39.60348923533779
辽宁省,本溪市,桓仁满族自治县,华来镇,125.1112798,41.3751778,3.0,0.0,7.0,14.0,140.0,0.0,0.0,0.0,0.0,0.0,0.0,0.0,0.0,0.0,0.0,0.0,0.0,0.0,0.0,0.0,10.0,0.0,0.0,0.0,0.0,2.0,14.0,0.0,0.0,0.0,0.0,0.0,0.0,3.0,8.0,4.0,1.0,0.0,1.0,4.0,64.0,0.0,0.0,0.0,0.0,0.0,0.0,0.0,0.0,0.0,0.0,0.0,0.0,0.0,0.0,0.0,3.0,0.0,0.0,0.0,0.0,1.0,0.0,0.0,0.0,0.0,0.0,0.0,0.0,1.0,5.0,4.0,3072759354.0,-1.0,本溪市桓仁满族自治县,本溪市桓仁满族自治县华来镇,9.0,24.0,0.0,3.4000000000000004,36.4,29.86923076923077,45.31224489795919,39.60348923533779
辽宁省,本溪市,桓仁满族自治县,古城镇,125.4565484,41.4755745,2.0,0.0,3.0,11.0,63.0,0.0,0.0,0.0,0.0,0.0,0.0,0.0,0.0,0.0,0.0,0.0,0.0,0.0,0.0,0.0,6.0,0.0,0.0,0.0,0.0,4.0,0.0,0.0,0.0,0.0,0.0,0.0,0.0,3.0,7.0,2.0,1.0,0.0,0.0,3.0,25.0,0.0,0.0,0.0,0.0,0.0,0.0,0.0,0.0,0.0,0.0,0.0,0.0,0.0,0.0,0.0,3.0,0.0,0.0,0.0,0.0,1.0,0.0,0.0,0.0,0.0,0.0,0.0,0.0,3.0,5.0,2.0,2293687242.0,-1.0,本溪市桓仁满族自治县,本溪市桓仁满族自治县古城镇,11.0,23.5,0.0,1.0,35.5,29.86923076923077,45.31224489795919,39.60348923533779
辽宁省,本溪市,桓仁满族自治县,雅河朝鲜族乡,125.3114919,41.2092165,5.0,0.0,0.0,5.0,23.0,2.0,0.0,0.0,0.0,2.0,0.0,0.0,0.0,0.0,0.0,0.0,0.0,0.0,0.0,0.0,2.0,0.0,0.0,0.0,0.0,2.0,15.0,0.0,0.0,0.0,0.0,0.0,0.0,6.0,12.0,4.0,1.0,0.0,0.0,1.0,8.0,0.0,0.0,0.0,0.0,0.0,0.0,0.0,0.0,0.0,0.0,0.0,0.0,0.0,0.0,0.0,1.0,0.0,0.0,0.0,0.0,1.0,6.0,0.0,0.0,0.0,0.0,0.0,0.0,3.0,6.0,1.0,2293687244.0,-1.0,本溪市桓仁满族自治县,本溪市桓仁满族自治县雅河朝鲜族乡,9.0,23.0,0.0,4.1,36.1,29.86923076923077,45.31224489795919,39.60348923533779
辽宁省,本溪市,桓仁满族自治县,向阳乡,125.3713827,41.1023759,0.0,0.0,1.0,2.0,0.0,0.0,0.0,0.0,0.0,0.0,0.0,0.0,0.0,0.0,0.0,0.0,0.0,0.0,0.0,0.0,0.0,0.0,0.0,0.0,0.0,1.0,0.0,0.0,0.0,0.0,0.0,0.0,0.0,3.0,2.0,3.0,0.0,0.0,1.0,2.0,0.0,0.0,0.0,0.0,0.0,0.0,0.0,0.0,0.0,0.0,0.0,0.0,0.0,0.0,0.0,0.0,0.0,0.0,0.0,0.0,0.0,1.0,0.0,0.0,0.0,0.0,0.0,0.0,0.0,2.0,2.0,3.0,3074356224.0,-1.0,本溪市桓仁满族自治县,本溪市桓仁满族自治县向阳乡,8.0,8.0,0.0,1.5,17.5,29.86923076923077,45.31224489795919,39.60348923533779
辽宁省,本溪市,桓仁满族自治县,黑沟乡,125.3845388,41.3807169,8.0,0.0,6.0,1.0,67.0,11.0,0.0,0.0,0.0,0.0,0.0,0.0,0.0,0.0,0.0,0.0,0.0,0.0,0.0,0.0,12.0,0.0,4.0,0.0,0.0,1.0,6.0,0.0,0.0,0.0,0.0,0.0,0.0,4.0,7.0,5.0,0.0,0.0,0.0,0.0,18.0,0.0,0.0,0.0,0.0,0.0,0.0,0.0,0.0,0.0,0.0,0.0,0.0,0.0,0.0,0.0,3.0,0.0,0.0,0.0,0.0,1.0,0.0,0.0,0.0,0.0,0.0,0.0,0.0,2.0,3.0,2.0,2178284029.0,-1.0,本溪市桓仁满族自治县,本溪市桓仁满族自治县黑沟乡,8.0,23.5,0.0,3.1,34.6,29.86923076923077,45.31224489795919,39.60348923533779
辽宁省,本溪市,桓仁满族自治县,北甸子乡,125.5593986,41.3625535,0.0,0.0,1.0,7.0,38.0,0.0,0.0,0.0,0.0,0.0,0.0,0.0,0.0,0.0,0.0,0.0,0.0,0.0,0.0,0.0,13.0,0.0,0.0,0.0,0.0,2.0,0.0,0.0,0.0,0.0,0.0,0.0,0.0,8.0,4.0,5.0,0.0,0.0,1.0,6.0,21.0,0.0,0.0,0.0,0.0,0.0,0.0,0.0,0.0,0.0,0.0,0.0,0.0,0.0,0.0,0.0,4.0,0.0,0.0,0.0,0.0,1.0,0.0,0.0,0.0,0.0,0.0,0.0,0.0,2.0,4.0,4.0,2293687246.0,-1.0,本溪市桓仁满族自治县,本溪市桓仁满族自治县北甸子乡,9.0,22.0,0.0,2.5,33.5,29.86923076923077,45.31224489795919,39.60348923533779
辽宁省,丹东市,元宝区,七道街道,124.3694773,40.1419381,14.0,30.0,42.0,57.0,234.0,62.0,0.0,65.0,119.0,7.0,4.0,2.0,3.0,3.0,5.0,5.0,0.0,1.0,0.0,10.0,35.0,1.0,1.0,1.0,0.0,11.0,290.0,0.0,0.0,11.0,5.0,16.0,11.0,33.0,19.0,17.0,0.0,2.0,13.0,9.0,17.0,0.0,0.0,3.0,0.0,0.0,0.0,0.0,1.0,1.0,0.0,0.0,0.0,0.0,0.0,0.0,2.0,0.0,0.0,0.0,0.0,1.0,6.0,0.0,0.0,0.0,0.0,1.0,0.0,9.0,7.0,5.0,6528232695.0,9660098.0,丹东市元宝区,丹东市元宝区七道街道,20.0,30.0,10.0,20.0,80.0,73.64,38.10357142857143,39.60348923533779
辽宁省,丹东市,元宝区,广济街道,124.3885241,40.135462,20.0,33.0,47.0,65.0,264.0,60.0,0.0,58.0,149.0,5.0,4.0,2.0,4.0,4.0,6.0,7.0,1.0,1.0,0.0,14.0,44.0,1.0,3.0,2.0,1.0,15.0,324.0,0.0,0.0,37.0,6.0,24.0,16.0,40.0,21.0,18.0,3.0,10.0,6.0,16.0,88.0,1.0,0.0,3.0,54.0,0.0,1.0,0.0,2.0,2.0,2.0,2.0,0.0,0.0,0.0,1.0,8.0,0.0,0.0,0.0,0.0,3.0,6.0,0.0,0.0,5.0,1.0,7.0,0.0,12.0,13.0,7.0,6528232692.0,9660093.0,丹东市元宝区,丹东市元宝区广济街道,20.0,30.0,16.0,20.0,86.0,73.64,38.10357142857143,39.60348923533779
辽宁省,丹东市,元宝区,九道街道,124.398329,40.158419,17.0,19.0,28.0,40.0,241.0,17.0,0.0,14.0,112.0,0.0,4.0,0.0,2.0,2.0,0.0,1.0,0.0,0.0,0.0,2.0,6.0,0.0,0.0,1.0,2.0,10.0,228.0,0.0,0.0,16.0,0.0,13.0,1.0,27.0,18.0,12.0,0.0,0.0,3.0,5.0,12.0,2.0,0.0,0.0,0.0,0.0,0.0,0.0,0.0,0.0,0.0,0.0,0.0,0.0,0.0,0.0,0.0,0.0,0.0,0.0,0.0,1.0,12.0,0.0,0.0,0.0,0.0,0.0,0.0,6.0,6.0,4.0,6528232693.0,9660096.0,丹东市元宝区,丹东市元宝区九道街道,20.0,28.0,0.0,20.0,68.0,73.64,38.10357142857143,39.60348923533779
辽宁省,丹东市,元宝区,兴东街道,124.4017173,40.1402898,22.0,28.0,39.0,61.0,235.0,59.0,0.0,57.0,157.0,5.0,4.0,2.0,3.0,3.0,2.0,3.0,0.0,1.0,0.0,12.0,24.0,1.0,2.0,1.0,1.0,14.0,303.0,0.0,0.0,39.0,5.0,19.0,14.0,40.0,18.0,18.0,9.0,10.0,12.0,13.0,55.0,0.0,0.0,4.0,42.0,0.0,2.0,0.0,0.0,0.0,0.0,0.0,0.0,0.0,0.0,2.0,3.0,0.0,0.0,0.0,0.0,2.0,3.0,0.0,0.0,9.0,0.0,2.0,1.0,22.0,14.0,6.0,6528232696.0,9660099.0,丹东市元宝区,丹东市元宝区兴东街道,20.0,30.0,7.0,20.0,77.0,73.64,38.10357142857143,39.60348923533779
辽宁省,丹东市,元宝区,金山镇,124.3595268,40.1768724,26.0,15.0,3.0,2.0,43.0,14.0,0.0,1.0,0.0,1.0,2.0,0.0,0.0,0.0,1.0,1.0,0.0,0.0,0.0,0.0,7.0,0.0,1.0,1.0,3.0,1.0,42.0,0.0,0.0,0.0,0.0,11.0,31.0,15.0,13.0,11.0,7.0,8.0,1.0,1.0,19.0,3.0,0.0,0.0,0.0,0.0,0.0,0.0,0.0,0.0,1.0,1.0,0.0,0.0,0.0,0.0,5.0,0.0,0.0,1.0,1.0,1.0,0.0,0.0,0.0,0.0,0.0,10.0,0.0,2.0,8.0,7.0,2178164205.0,9660095.0,丹东市元宝区,丹东市元宝区金山镇,16.0,28.0,5.0,8.2,57.2,73.64,38.10357142857143,39.60348923533779
辽宁省,丹东市,振兴区,站前街道,124.3785146,40.1292937,37.0,47.0,54.0,67.0,306.0,75.0,0.0,86.0,145.0,8.0,4.0,2.0,4.0,5.0,8.0,8.0,2.0,1.0,0.0,17.0,55.0,3.0,4.0,2.0,3.0,16.0,423.0,0.0,0.0,44.0,8.0,21.0,21.0,41.0,21.0,20.0,8.0,4.0,11.0,28.0,52.0,41.0,0.0,33.0,39.0,5.0,0.0,1.0,1.0,1.0,2.0,2.0,0.0,1.0,0.0,8.0,15.0,1.0,0.0,0.0,0.0,2.0,60.0,0.0,0.0,0.0,5.0,5.0,6.0,15.0,14.0,11.0,6527782096.0,9659468.0,丹东市振兴区,丹东市振兴区站前街道,20.0,30.0,23.0,20.0,93.0,69.13,38.10357142857143,39.60348923533779
辽宁省,丹东市,振兴区,临江街道,124.3774985,40.1153156,35.0,51.0,68.0,74.0,354.0,117.0,0.0,90.0,206.0,11.0,0.0,4.0,4.0,5.0,11.0,17.0,2.0,1.0,0.0,18.0,61.0,4.0,5.0,1.0,3.0,30.0,645.0,0.0,0.0,40.0,10.0,38.0,27.0,40.0,18.0,19.0,12.0,6.0,9.0,5.0,34.0,20.0,0.0,17.0,35.0,0.0,0.0,1.0,1.0,1.0,4.0,4.0,1.0,0.0,0.0,4.0,23.0,0.0,0.0,1.0,0.0,1.0,47.0,0.0,0.0,9.0,3.0,4.0,3.0,24.0,12.0,7.0,6527782089.0,9659455.0,丹东市振兴区,丹东市振兴区临江街道,20.0,28.0,24.0,20.0,92.0,69.13,38.10357142857143,39.60348923533779
辽宁省,丹东市,振兴区,帽盔山街道,124.3410563,40.1080887,25.0,16.0,36.0,33.0,205.0,23.0,0.0,42.0,79.0,6.0,0.0,0.0,2.0,2.0,8.0,9.0,1.0,0.0,0.0,5.0,40.0,3.0,3.0,1.0,0.0,7.0,199.0,0.0,0.0,8.0,4.0,21.0,6.0,26.0,14.0,14.0,0.0,0.0,3.0,1.0,16.0,0.0,0.0,6.0,0.0,0.0,0.0,0.0,0.0,0.0,0.0,0.0,0.0,0.0,0.0,0.0,8.0,0.0,0.0,0.0,0.0,1.0,11.0,0.0,0.0,0.0,0.0,6.0,0.0,5.0,5.0,5.0,6527782091.0,9659457.0,丹东市振兴区,丹东市振兴区帽盔山街道,20.0,28.0,0.0,20.0,68.0,69.13,38.10357142857143,39.60348923533779
辽宁省,丹东市,振兴区,纤维街道,124.3483143,40.0930989,26.0,16.0,40.0,38.0,203.0,33.0,0.0,45.0,74.0,6.0,0.0,0.0,2.0,2.0,5.0,6.0,1.0,0.0,0.0,4.0,48.0,3.0,3.0,0.0,0.0,10.0,391.0,0.0,0.0,17.0,3.0,19.0,6.0,24.0,14.0,16.0,3.0,2.0,12.0,16.0,38.0,0.0,0.0,13.0,30.0,2.0,0.0,0.0,1.0,1.0,1.0,1.0,0.0,0.0,0.0,0.0,8.0,1.0,1.0,0.0,0.0,1.0,102.0,0.0,0.0,0.0,0.0,5.0,0.0,8.0,12.0,9.0,6527782093.0,9659465.0,丹东市振兴区,丹东市振兴区纤维街道,20.0,28.0,10.0,20.0,78.0,69.13,38.10357142857143,39.60348923533779
辽宁省,丹东市,振兴区,永昌街道,124.3675425,40.1219601,35.0,44.0,54.0,60.0,269.0,93.0,0.0,78.0,156.0,9.0,1.0,3.0,5.0,6.0,9.0,10.0,2.0,1.0,0.0,16.0,63.0,4.0,3.0,2.0,2.0,18.0,341.0,0.0,0.0,26.0,9.0,30.0,20.0,38.0,19.0,19.0,6.0,0.0,11.0,24.0,43.0,12.0,0.0,23.0,8.0,2.0,0.0,0.0,0.0,0.0,3.0,3.0,0.0,0.0,0.0,0.0,14.0,1.0,0.0,0.0,0.0,1.0,23.0,0.0,0.0,1.0,0.0,3.0,3.0,8.0,11.0,9.0,6527782095.0,9659467.0,丹东市振兴区,丹东市振兴区永昌街道,20.0,30.0,10.0,20.0,80.0,69.13,38.10357142857143,39.60348923533779
辽宁省,丹东市,振兴区,花园街道,124.3430603,40.126532,20.0,16.0,40.0,37.0,127.0,16.0,0.0,35.0,45.0,5.0,0.0,0.0,2.0,2.0,6.0,7.0,0.0,0.0,0.0,1.0,33.0,2.0,2.0,1.0,1.0,7.0,60.0,0.0,0.0,3.0,0.0,15.0,4.0,19.0,15.0,16.0,2.0,0.0,3.0,3.0,6.0,1.0,0.0,0.0,0.0,0.0,0.0,0.0,0.0,0.0,0.0,0.0,0.0,0.0,0.0,0.0,1.0,0.0,1.0,0.0,0.0,1.0,4.0,0.0,0.0,0.0,0.0,0.0,0.0,1.0,6.0,5.0,6527782087.0,9659453.0,丹东市振兴区,丹东市振兴区花园街道,20.0,28.0,0.0,10.7,58.7,69.13,38.10357142857143,39.60348923533779
辽宁省,丹东市,振兴区,江海街道,124.1981778,39.8879294,3.0,3.0,8.0,6.0,38.0,0.0,0.0,4.0,0.0,0.0,0.0,0.0,0.0,0.0,0.0,0.0,0.0,0.0,0.0,0.0,7.0,0.0,3.0,0.0,0.0,1.0,62.0,0.0,0.0,3.0,0.0,1.0,0.0,18.0,9.0,7.0,3.0,0.0,4.0,1.0,12.0,0.0,0.0,0.0,0.0,0.0,0.0,0.0,0.0,0.0,0.0,0.0,0.0,0.0,0.0,0.0,2.0,0.0,2.0,0.0,0.0,1.0,15.0,0.0,0.0,0.0,0.0,1.0,0.0,5.0,6.0,6.0,6527782088.0,9659454.0,丹东市振兴区,丹东市振兴区江海街道,16.0,24.0,0.0,11.5,51.5,69.13,38.10357142857143,39.60348923533779
辽宁省,丹东市,振兴区,浪头镇,124.3339295,40.0370505,12.0,1.0,9.0,27.0,300.0,16.0,0.0,24.0,0.0,4.0,0.0,0.0,0.0,0.0,1.0,4.0,0.0,0.0,0.0,0.0,16.0,0.0,9.0,1.0,2.0,2.0,532.0,0.0,0.0,10.0,0.0,22.0,1.0,18.0,15.0,14.0,5.0,0.0,1.0,2.0,25.0,1.0,0.0,0.0,0.0,0.0,0.0,0.0,0.0,0.0,0.0,0.0,0.0,0.0,0.0,0.0,0.0,0.0,1.0,0.0,0.0,1.0,2.0,0.0,0.0,3.0,0.0,1.0,1.0,4.0,9.0,4.0,2257644442.0,9659451.0,丹东市振兴区,丹东市振兴区浪头镇,17.0,26.0,0.0,20.0,63.0,69.13,38.10357142857143,39.60348923533779
辽宁省,丹东市,振兴区,安民镇,124.3024316,39.9939331,3.0,0.0,5.0,12.0,185.0,0.0,0.0,0.0,0.0,0.0,0.0,0.0,0.0,0.0,1.0,1.0,0.0,0.0,0.0,0.0,3.0,0.0,0.0,0.0,0.0,1.0,101.0,0.0,0.0,0.0,1.0,3.0,0.0,19.0,7.0,10.0,0.0,0.0,1.0,0.0,19.0,0.0,0.0,0.0,0.0,0.0,0.0,0.0,0.0,0.0,0.0,0.0,0.0,0.0,0.0,0.0,0.0,0.0,0.0,0.0,0.0,1.0,2.0,0.0,0.0,0.0,0.0,2.0,0.0,3.0,3.0,2.0,2635501216.0,9659452.0,丹东市振兴区,丹东市振兴区安民镇,16.0,23.5,0.0,14.3,53.8,69.13,38.10357142857143,39.60348923533779
辽宁省,丹东市,振兴区,汤池镇,124.2903171,40.064382,3.0,0.0,2.0,15.0,44.0,17.0,0.0,0.0,0.0,0.0,0.0,0.0,0.0,0.0,0.0,0.0,0.0,0.0,0.0,0.0,3.0,0.0,2.0,0.0,0.0,3.0,47.0,0.0,0.0,0.0,1.0,2.0,0.0,10.0,11.0,7.0,2.0,0.0,2.0,2.0,2.0,0.0,0.0,0.0,0.0,0.0,0.0,0.0,0.0,0.0,0.0,0.0,0.0,0.0,0.0,0.0,0.0,0.0,0.0,0.0,0.0,2.0,37.0,0.0,0.0,0.0,0.0,0.0,0.0,1.0,6.0,2.0,2265981318.0,9659458.0,丹东市振兴区,丹东市振兴区汤池镇,18.0,23.4,0.0,11.9,53.3,69.13,38.10357142857143,39.60348923533779
辽宁省,丹东市,振安区,鸭绿江街道,124.4229193,40.1664919,23.0,0.0,20.0,23.0,127.0,11.0,0.0,4.0,60.0,0.0,2.0,0.0,0.0,0.0,0.0,1.0,0.0,0.0,0.0,0.0,3.0,0.0,0.0,0.0,1.0,7.0,41.0,0.0,0.0,9.0,0.0,10.0,0.0,24.0,13.0,8.0,2.0,0.0,4.0,6.0,49.0,4.0,0.0,0.0,0.0,0.0,0.0,0.0,0.0,0.0,0.0,0.0,0.0,0.0,0.0,0.0,0.0,0.0,0.0,0.0,0.0,1.0,8.0,0.0,0.0,0.0,0.0,0.0,0.0,6.0,8.0,3.0,6527870147.0,9659594.0,丹东市振安区,丹东市振安区鸭绿江街道,20.0,28.0,0.0,9.8,57.8,45.4625,38.10357142857143,39.60348923533779
辽宁省,丹东市,振安区,珍珠街道,124.412665,40.148213,13.0,10.0,20.0,38.0,243.0,10.0,0.0,14.0,122.0,0.0,2.0,0.0,2.0,2.0,1.0,2.0,0.0,0.0,0.0,2.0,13.0,0.0,0.0,1.0,2.0,13.0,199.0,0.0,0.0,28.0,0.0,14.0,1.0,29.0,18.0,13.0,7.0,0.0,11.0,11.0,18.0,0.0,0.0,0.0,34.0,0.0,0.0,0.0,0.0,0.0,0.0,1.0,0.0,0.0,0.0,0.0,0.0,0.0,0.0,0.0,0.0,1.0,9.0,0.0,0.0,4.0,0.0,6.0,0.0,8.0,7.0,3.0,6527870148.0,9659595.0,丹东市振安区,丹东市振安区珍珠街道,20.0,28.0,0.0,20.0,68.0,45.4625,38.10357142857143,39.60348923533779
辽宁省,丹东市,振安区,太平湾街道,124.722028,40.3354356,1.0,4.0,4.0,1.0,61.0,0.0,0.0,0.0,0.0,0.0,0.0,0.0,0.0,0.0,1.0,1.0,0.0,0.0,0.0,0.0,2.0,0.0,0.0,0.0,0.0,1.0,33.0,0.0,0.0,10.0,0.0,0.0,0.0,18.0,7.0,3.0,0.0,0.0,4.0,0.0,53.0,0.0,0.0,0.0,0.0,0.0,0.0,0.0,0.0,0.0,1.0,1.0,0.0,0.0,0.0,0.0,1.0,0.0,0.0,0.0,0.0,1.0,10.0,0.0,0.0,1.0,0.0,0.0,0.0,14.0,2.0,3.0,6527870146.0,9659590.0,丹东市振安区,丹东市振安区太平湾街道,16.0,23.5,5.0,6.9,51.4,45.4625,38.10357142857143,39.60348923533779
辽宁省,丹东市,振安区,同兴镇,124.3018501,40.11537,4.0,0.0,0.0,10.0,32.0,0.0,0.0,0.0,1.0,1.0,0.0,0.0,0.0,0.0,0.0,0.0,0.0,0.0,0.0,0.0,5.0,0.0,1.0,0.0,0.0,1.0,16.0,0.0,0.0,3.0,0.0,1.0,0.0,9.0,6.0,7.0,2.0,0.0,0.0,6.0,4.0,0.0,0.0,0.0,0.0,0.0,0.0,0.0,0.0,0.0,0.0,0.0,0.0,0.0,0.0,0.0,2.0,0.0,0.0,0.0,0.0,1.0,6.0,0.0,0.0,0.0,0.0,1.0,0.0,3.0,6.0,3.0,2257689847.0,9659592.0,丹东市振安区,丹东市振安区同兴镇,16.0,24.6,0.0,6.0,46.6,45.4625,38.10357142857143,39.60348923533779
辽宁省,丹东市,振安区,五龙背镇,124.2710632,40.2630399,0.0,0.0,5.0,14.0,1.0,0.0,0.0,0.0,2.0,0.0,0.0,0.0,0.0,0.0,0.0,0.0,0.0,0.0,0.0,0.0,0.0,0.0,0.0,0.0,0.0,1.0,24.0,0.0,0.0,0.0,0.0,3.0,0.0,3.0,3.0,3.0,0.0,0.0,4.0,2.0,0.0,0.0,0.0,0.0,2.0,0.0,0.0,0.0,0.0,0.0,0.0,0.0,0.0,0.0,0.0,0.0,0.0,0.0,0.0,0.0,0.0,1.0,0.0,0.0,0.0,0.0,0.0,0.0,0.0,3.0,2.0,1.0,2178164208.0,9659593.0,丹东市振安区,丹东市振安区五龙背镇,16.0,13.7,0.0,3.9000000000000004,33.6,45.4625,38.10357142857143,39.60348923533779
辽宁省,丹东市,振安区,楼房镇,124.3924128,40.223784,1.0,0.0,0.0,6.0,3.0,0.0,0.0,0.0,0.0,0.0,0.0,0.0,0.0,0.0,0.0,0.0,0.0,0.0,0.0,0.0,0.0,0.0,0.0,0.0,0.0,1.0,7.0,0.0,0.0,0.0,0.0,0.0,0.0,3.0,3.0,1.0,1.0,0.0,0.0,2.0,2.0,0.0,0.0,0.0,0.0,0.0,0.0,0.0,0.0,0.0,0.0,0.0,0.0,0.0,0.0,0.0,0.0,0.0,0.0,0.0,0.0,1.0,0.0,0.0,0.0,0.0,0.0,0.0,0.0,1.0,3.0,1.0,2178164209.0,9659589.0,丹东市振安区,丹东市振安区楼房镇,16.0,12.7,0.0,1.2000000000000002,29.9,45.4625,38.10357142857143,39.60348923533779
辽宁省,丹东市,振安区,九连城镇,124.4531367,40.1966843,14.0,0.0,5.0,9.0,42.0,2.0,0.0,0.0,0.0,0.0,2.0,0.0,0.0,0.0,0.0,0.0,0.0,0.0,0.0,0.0,0.0,0.0,0.0,0.0,0.0,4.0,9.0,0.0,0.0,6.0,0.0,3.0,0.0,18.0,8.0,4.0,1.0,0.0,4.0,5.0,3.0,1.0,0.0,0.0,0.0,0.0,0.0,0.0,0.0,0.0,0.0,0.0,0.0,0.0,0.0,0.0,0.0,0.0,0.0,0.0,0.0,2.0,0.0,0.0,0.0,0.0,0.0,0.0,0.0,4.0,5.0,1.0,2268993045.0,9659588.0,丹东市振安区,丹东市振安区九连城镇,19.0,25.3,0.0,3.5,47.8,45.4625,38.10357142857143,39.60348923533779
辽宁省,丹东市,振安区,汤山城镇,124.2066193,40.3106952,0.0,0.0,0.0,15.0,9.0,0.0,0.0,0.0,0.0,0.0,0.0,0.0,0.0,0.0,0.0,0.0,0.0,0.0,0.0,0.0,5.0,0.0,0.0,0.0,3.0,1.0,2.0,0.0,0.0,0.0,0.0,0.0,0.0,5.0,3.0,4.0,0.0,0.0,0.0,10.0,7.0,0.0,0.0,0.0,0.0,0.0,0.0,0.0,0.0,0.0,0.0,0.0,0.0,0.0,0.0,0.0,2.0,0.0,0.0,0.0,2.0,1.0,0.0,0.0,0.0,0.0,0.0,0.0,0.0,2.0,3.0,3.0,2178164206.0,9659591.0,丹东市振安区,丹东市振安区汤山城镇,16.0,10.4,0.0,2.2,28.599999999999998,45.4625,38.10357142857143,39.60348923533779
辽宁省,丹东市,宽甸满族自治县,宽甸镇,124.7764357,40.7287994,14.0,10.0,9.0,19.0,26.0,4.0,0.0,20.0,1.0,0.0,1.0,2.0,0.0,0.0,0.0,0.0,0.0,0.0,0.0,0.0,0.0,0.0,0.0,0.0,0.0,2.0,21.0,0.0,19.0,1.0,0.0,1.0,0.0,4.0,12.0,4.0,3.0,1.0,3.0,9.0,17.0,4.0,0.0,11.0,0.0,0.0,0.0,2.0,0.0,0.0,0.0,0.0,0.0,0.0,0.0,0.0,0.0,0.0,0.0,0.0,0.0,1.0,20.0,0.0,19.0,0.0,0.0,1.0,0.0,3.0,7.0,3.0,-2.0,9655516.0,丹东市宽甸满族自治县,丹东市宽甸满族自治县宽甸镇,10.0,28.0,5.0,6.2,49.2,26.127272727272725,38.10357142857143,39.60348923533779
辽宁省,丹东市,宽甸满族自治县,灌水镇,124.5799387,40.873773,0.0,10.0,3.0,2.0,11.0,0.0,0.0,0.0,0.0,0.0,0.0,0.0,0.0,0.0,0.0,0.0,0.0,0.0,0.0,2.0,0.0,0.0,0.0,0.0,0.0,1.0,56.0,0.0,0.0,0.0,0.0,0.0,1.0,4.0,5.0,3.0,0.0,3.0,3.0,0.0,3.0,0.0,0.0,0.0,0.0,0.0,0.0,0.0,0.0,0.0,0.0,0.0,0.0,0.0,0.0,2.0,0.0,0.0,0.0,0.0,0.0,1.0,24.0,0.0,0.0,0.0,0.0,0.0,1.0,4.0,4.0,3.0,1592559540.0,-1.0,丹东市宽甸满族自治县,丹东市宽甸满族自治县灌水镇,8.0,12.6,2.0,9.5,32.1,26.127272727272725,38.10357142857143,39.60348923533779
辽宁省,丹东市,宽甸满族自治县,硼海镇,124.930687,40.7975351,0.0,0.0,0.0,1.0,0.0,0.0,0.0,0.0,0.0,0.0,0.0,0.0,0.0,0.0,0.0,0.0,0.0,0.0,0.0,0.0,0.0,0.0,0.0,0.0,0.0,1.0,0.0,0.0,0.0,0.0,0.0,0.0,0.0,1.0,1.0,2.0,0.0,0.0,0.0,1.0,0.0,0.0,0.0,0.0,0.0,0.0,0.0,0.0,0.0,0.0,0.0,0.0,0.0,0.0,0.0,0.0,0.0,0.0,0.0,0.0,0.0,1.0,0.0,0.0,0.0,0.0,0.0,0.0,0.0,1.0,1.0,2.0,5524414592.0,-1.0,丹东市宽甸满族自治县,丹东市宽甸满族自治县硼海镇,8.0,1.5,0.0,1.0,10.5,26.127272727272725,38.10357142857143,39.60348923533779
辽宁省,丹东市,宽甸满族自治县,红石镇,125.009663,40.6647305,6.0,0.0,1.0,0.0,6.0,0.0,0.0,0.0,0.0,0.0,1.0,0.0,0.0,0.0,0.0,0.0,0.0,0.0,0.0,0.0,0.0,0.0,0.0,0.0,0.0,2.0,1.0,0.0,0.0,0.0,0.0,0.0,0.0,2.0,3.0,1.0,5.0,0.0,0.0,0.0,6.0,0.0,0.0,0.0,0.0,0.0,1.0,0.0,0.0,0.0,0.0,0.0,0.0,0.0,0.0,0.0,0.0,0.0,0.0,0.0,0.0,1.0,1.0,0.0,0.0,0.0,0.0,0.0,0.0,2.0,2.0,1.0,2268995710.0,-1.0,丹东市宽甸满族自治县,丹东市宽甸满族自治县红石镇,9.0,11.5,0.0,0.7,21.2,26.127272727272725,38.10357142857143,39.60348923533779
辽宁省,丹东市,宽甸满族自治县,毛甸子镇,124.5526242,40.6061008,6.0,0.0,0.0,13.0,1.0,1.0,0.0,0.0,0.0,0.0,0.0,0.0,0.0,0.0,0.0,0.0,0.0,0.0,0.0,0.0,0.0,0.0,0.0,0.0,0.0,1.0,41.0,0.0,0.0,2.0,0.0,0.0,0.0,2.0,6.0,2.0,4.0,0.0,0.0,8.0,1.0,0.0,0.0,0.0,0.0,0.0,0.0,0.0,0.0,0.0,0.0,0.0,0.0,0.0,0.0,0.0,0.0,0.0,0.0,0.0,0.0,1.0,39.0,0.0,0.0,0.0,0.0,0.0,0.0,2.0,5.0,2.0,2268995202.0,-1.0,丹东市宽甸满族自治县,丹东市宽甸满族自治县毛甸子镇,8.0,13.5,0.0,9.200000000000001,30.700000000000003,26.127272727272725,38.10357142857143,39.60348923533779
辽宁省,丹东市,宽甸满族自治县,长甸镇,124.8044302,40.4795981,8.0,0.0,0.0,20.0,44.0,0.0,0.0,4.0,0.0,1.0,0.0,0.0,0.0,0.0,0.0,0.0,0.0,0.0,0.0,0.0,6.0,0.0,3.0,0.0,0.0,1.0,69.0,0.0,0.0,0.0,0.0,0.0,0.0,3.0,7.0,8.0,5.0,0.0,0.0,14.0,12.0,0.0,0.0,0.0,0.0,0.0,0.0,0.0,0.0,0.0,0.0,0.0,0.0,0.0,0.0,0.0,1.0,0.0,3.0,0.0,0.0,1.0,24.0,0.0,0.0,0.0,0.0,0.0,0.0,3.0,4.0,4.0,1592559507.0,-1.0,丹东市宽甸满族自治县,丹东市宽甸满族自治县长甸镇,8.0,25.5,0.0,13.3,46.8,26.127272727272725,38.10357142857143,39.60348923533779
辽宁省,丹东市,宽甸满族自治县,永甸镇,124.8325922,40.5562737,3.0,5.0,4.0,1.0,36.0,0.0,0.0,0.0,0.0,0.0,0.0,0.0,0.0,0.0,0.0,0.0,0.0,0.0,0.0,0.0,0.0,0.0,0.0,0.0,0.0,1.0,0.0,0.0,0.0,0.0,0.0,0.0,0.0,3.0,6.0,0.0,1.0,0.0,2.0,1.0,14.0,0.0,0.0,0.0,0.0,0.0,0.0,0.0,0.0,0.0,0.0,0.0,0.0,0.0,0.0,0.0,0.0,0.0,0.0,0.0,0.0,1.0,0.0,0.0,0.0,0.0,0.0,0.0,0.0,3.0,4.0,0.0,1592559621.0,-1.0,丹东市宽甸满族自治县,丹东市宽甸满族自治县永甸镇,8.0,20.4,0.0,0.0,28.4,26.127272727272725,38.10357142857143,39.60348923533779
辽宁省,丹东市,宽甸满族自治县,太平哨镇,125.1567647,40.8708519,0.0,3.0,0.0,1.0,0.0,0.0,0.0,0.0,0.0,0.0,1.0,0.0,0.0,0.0,0.0,0.0,0.0,0.0,0.0,0.0,0.0,0.0,0.0,0.0,0.0,2.0,1.0,0.0,0.0,0.0,0.0,0.0,0.0,1.0,2.0,3.0,0.0,3.0,0.0,1.0,0.0,0.0,0.0,0.0,0.0,0.0,1.0,0.0,0.0,0.0,0.0,0.0,0.0,0.0,0.0,0.0,0.0,0.0,0.0,0.0,0.0,1.0,1.0,0.0,0.0,0.0,0.0,0.0,0.0,1.0,2.0,3.0,3042652701.0,-1.0,丹东市宽甸满族自治县,丹东市宽甸满族自治县太平哨镇,9.0,9.0,0.0,1.7,19.7,26.127272727272725,38.10357142857143,39.60348923533779
辽宁省,丹东市,宽甸满族自治县,青山沟镇,125.1890839,41.0008382,0.0,0.0,0.0,1.0,1.0,0.0,0.0,0.0,0.0,0.0,0.0,0.0,0.0,0.0,0.0,0.0,0.0,0.0,0.0,0.0,0.0,0.0,0.0,0.0,0.0,3.0,0.0,0.0,0.0,0.0,0.0,0.0,0.0,1.0,2.0,3.0,0.0,0.0,0.0,1.0,1.0,0.0,0.0,0.0,0.0,0.0,0.0,0.0,0.0,0.0,0.0,0.0,0.0,0.0,0.0,0.0,0.0,0.0,0.0,0.0,0.0,1.0,0.0,0.0,0.0,0.0,0.0,0.0,0.0,1.0,2.0,2.0,3069596522.0,-1.0,丹东市宽甸满族自治县,丹东市宽甸满族自治县青山沟镇,10.0,2.5,0.0,1.5,14.0,26.127272727272725,38.10357142857143,39.60348923533779
辽宁省,丹东市,宽甸满族自治县,牛毛坞镇,125.0021631,40.9713239,7.0,0.0,0.0,6.0,23.0,0.0,0.0,0.0,0.0,0.0,0.0,0.0,0.0,0.0,0.0,0.0,0.0,0.0,0.0,0.0,0.0,0.0,0.0,0.0,0.0,1.0,21.0,0.0,0.0,0.0,0.0,0.0,0.0,2.0,7.0,2.0,3.0,0.0,0.0,2.0,14.0,0.0,0.0,0.0,0.0,0.0,0.0,0.0,0.0,0.0,0.0,0.0,0.0,0.0,0.0,0.0,0.0,0.0,0.0,0.0,0.0,1.0,10.0,0.0,0.0,0.0,0.0,0.0,0.0,2.0,6.0,2.0,2178269869.0,-1.0,丹东市宽甸满族自治县,丹东市宽甸满族自治县牛毛坞镇,8.0,22.3,0.0,4.1,34.4,26.127272727272725,38.10357142857143,39.60348923533779
辽宁省,丹东市,宽甸满族自治县,大川头镇,124.7911412,40.8307113,6.0,0.0,0.0,1.0,0.0,0.0,0.0,0.0,0.0,0.0,0.0,0.0,0.0,0.0,0.0,0.0,0.0,0.0,0.0,0.0,0.0,0.0,2.0,0.0,0.0,1.0,0.0,0.0,0.0,0.0,0.0,0.0,0.0,2.0,3.0,4.0,2.0,0.0,0.0,0.0,0.0,0.0,0.0,0.0,0.0,0.0,0.0,0.0,0.0,0.0,0.0,0.0,0.0,0.0,0.0,0.0,0.0,0.0,0.0,0.0,0.0,1.0,0.0,0.0,0.0,0.0,0.0,0.0,0.0,2.0,2.0,3.0,2268998140.0,-1.0,丹东市宽甸满族自治县,丹东市宽甸满族自治县大川头镇,8.0,7.5,0.0,2.0,17.5,26.127272727272725,38.10357142857143,39.60348923533779
辽宁省,丹东市,宽甸满族自治县,青椅山镇,124.6176991,40.6770732,3.0,0.0,0.0,3.0,4.0,0.0,0.0,0.0,0.0,0.0,0.0,0.0,0.0,0.0,0.0,0.0,0.0,0.0,0.0,0.0,0.0,0.0,1.0,0.0,0.0,1.0,0.0,0.0,0.0,0.0,0.0,0.0,0.0,2.0,5.0,3.0,1.0,0.0,0.0,2.0,0.0,0.0,0.0,0.0,0.0,0.0,0.0,0.0,0.0,0.0,0.0,0.0,0.0,0.0,0.0,0.0,0.0,0.0,0.0,0.0,0.0,1.0,0.0,0.0,0.0,0.0,0.0,0.0,0.0,2.0,3.0,0.0,2178118923.0,-1.0,丹东市宽甸满族自治县,丹东市宽甸满族自治县青椅山镇,8.0,11.3,0.0,1.5,20.8,26.127272727272725,38.10357142857143,39.60348923533779
辽宁省,丹东市,宽甸满族自治县,杨木川镇,124.4721911,40.500022,1.0,0.0,0.0,1.0,4.0,0.0,0.0,0.0,0.0,0.0,0.0,0.0,0.0,0.0,0.0,0.0,0.0,0.0,0.0,0.0,0.0,0.0,0.0,0.0,0.0,1.0,0.0,0.0,0.0,1.0,0.0,0.0,0.0,2.0,6.0,2.0,1.0,0.0,0.0,1.0,2.0,0.0,0.0,0.0,0.0,0.0,0.0,0.0,0.0,0.0,0.0,0.0,0.0,0.0,0.0,0.0,0.0,0.0,0.0,0.0,0.0,1.0,0.0,0.0,0.0,0.0,0.0,0.0,0.0,1.0,4.0,2.0,2268995200.0,-1.0,丹东市宽甸满族自治县,丹东市宽甸满族自治县杨木川镇,8.0,10.4,0.0,1.1,19.5,26.127272727272725,38.10357142857143,39.60348923533779
辽宁省,丹东市,宽甸满族自治县,虎山镇,124.5376156,40.3386537,0.0,1.0,0.0,3.0,19.0,0.0,0.0,0.0,0.0,0.0,0.0,0.0,0.0,0.0,0.0,0.0,0.0,0.0,0.0,0.0,0.0,0.0,0.0,0.0,0.0,1.0,0.0,0.0,0.0,0.0,0.0,0.0,0.0,2.0,4.0,1.0,0.0,0.0,0.0,1.0,12.0,0.0,0.0,0.0,0.0,0.0,0.0,0.0,0.0,0.0,0.0,0.0,0.0,0.0,0.0,0.0,0.0,0.0,0.0,0.0,0.0,1.0,0.0,0.0,0.0,0.0,0.0,0.0,0.0,2.0,3.0,1.0,2268993046.0,-1.0,丹东市宽甸满族自治县,丹东市宽甸满族自治县虎山镇,8.0,17.4,0.0,0.5,25.9,26.127272727272725,38.10357142857143,39.60348923533779
辽宁省,丹东市,宽甸满族自治县,振江镇,125.428522,40.7586154,4.0,3.0,2.0,1.0,6.0,0.0,0.0,0.0,0.0,0.0,0.0,0.0,1.0,1.0,1.0,1.0,0.0,0.0,0.0,2.0,0.0,0.0,0.0,0.0,0.0,2.0,0.0,0.0,0.0,0.0,0.0,0.0,1.0,3.0,5.0,3.0,4.0,2.0,1.0,1.0,3.0,0.0,0.0,0.0,0.0,0.0,0.0,0.0,1.0,1.0,1.0,1.0,0.0,0.0,0.0,2.0,0.0,0.0,0.0,0.0,0.0,1.0,0.0,0.0,0.0,0.0,0.0,0.0,1.0,2.0,5.0,2.0,3268482062.0,-1.0,丹东市宽甸满族自治县,丹东市宽甸满族自治县振江镇,9.0,10.6,12.0,1.5,33.1,26.127272727272725,38.10357142857143,39.60348923533779
辽宁省,丹东市,宽甸满族自治县,步达远镇,125.3364219,40.9313455,0.0,5.0,0.0,1.0,1.0,0.0,0.0,0.0,0.0,0.0,0.0,0.0,0.0,0.0,0.0,0.0,0.0,0.0,0.0,0.0,0.0,0.0,0.0,0.0,0.0,1.0,1.0,0.0,0.0,0.0,0.0,0.0,0.0,2.0,3.0,2.0,0.0,3.0,0.0,1.0,1.0,0.0,0.0,0.0,0.0,0.0,0.0,0.0,0.0,0.0,0.0,0.0,0.0,0.0,0.0,0.0,0.0,0.0,0.0,0.0,0.0,1.0,1.0,0.0,0.0,0.0,0.0,0.0,0.0,1.0,3.0,0.0,3069610341.0,-1.0,丹东市宽甸满族自治县,丹东市宽甸满族自治县步达远镇,8.0,8.0,0.0,1.2,17.2,26.127272727272725,38.10357142857143,39.60348923533779
辽宁省,丹东市,宽甸满族自治县,大西岔镇,125.1869988,40.71041,3.0,0.0,0.0,1.0,5.0,0.0,0.0,0.0,0.0,0.0,0.0,0.0,0.0,0.0,0.0,0.0,0.0,0.0,0.0,0.0,0.0,0.0,0.0,0.0,0.0,2.0,0.0,0.0,0.0,0.0,0.0,0.0,0.0,2.0,3.0,0.0,1.0,0.0,0.0,1.0,0.0,0.0,0.0,0.0,0.0,0.0,0.0,0.0,0.0,0.0,0.0,0.0,0.0,0.0,0.0,0.0,0.0,0.0,0.0,0.0,0.0,1.0,0.0,0.0,0.0,0.0,0.0,0.0,0.0,2.0,2.0,0.0,3271948648.0,-1.0,丹东市宽甸满族自治县,丹东市宽甸满族自治县大西岔镇,9.0,8.5,0.0,0.0,17.5,26.127272727272725,38.10357142857143,39.60348923533779
辽宁省,丹东市,宽甸满族自治县,八河川镇,124.8104819,41.0273512,0.0,0.0,3.0,4.0,0.0,0.0,0.0,0.0,0.0,0.0,0.0,0.0,0.0,0.0,0.0,0.0,0.0,0.0,0.0,0.0,0.0,0.0,0.0,0.0,0.0,2.0,0.0,0.0,0.0,0.0,0.0,0.0,0.0,2.0,2.0,2.0,0.0,0.0,3.0,1.0,0.0,0.0,0.0,0.0,0.0,0.0,0.0,0.0,0.0,0.0,0.0,0.0,0.0,0.0,0.0,0.0,0.0,0.0,0.0,0.0,0.0,1.0,0.0,0.0,0.0,0.0,0.0,0.0,0.0,2.0,2.0,2.0,5013419403.0,-1.0,丹东市宽甸满族自治县,丹东市宽甸满族自治县八河川镇,9.0,10.0,0.0,1.0,20.0,26.127272727272725,38.10357142857143,39.60348923533779
辽宁省,丹东市,宽甸满族自治县,双山子镇,124.6435553,40.9541841,0.0,7.0,0.0,5.0,4.0,0.0,0.0,0.0,0.0,0.0,0.0,0.0,0.0,0.0,1.0,1.0,0.0,0.0,0.0,0.0,3.0,1.0,0.0,0.0,0.0,4.0,0.0,0.0,0.0,0.0,0.0,0.0,0.0,3.0,8.0,5.0,0.0,3.0,0.0,2.0,3.0,0.0,0.0,0.0,0.0,0.0,0.0,0.0,0.0,0.0,1.0,1.0,0.0,0.0,0.0,0.0,0.0,0.0,0.0,0.0,0.0,1.0,0.0,0.0,0.0,0.0,0.0,0.0,0.0,3.0,3.0,2.0,3412341593.0,-1.0,丹东市宽甸满族自治县,丹东市宽甸满族自治县双山子镇,11.0,15.7,5.0,2.5,34.2,26.127272727272725,38.10357142857143,39.60348923533779
辽宁省,丹东市,宽甸满族自治县,石湖沟乡,124.7864858,40.7037917,3.0,1.0,13.0,18.0,25.0,6.0,0.0,17.0,1.0,0.0,2.0,2.0,0.0,0.0,0.0,0.0,0.0,0.0,0.0,0.0,0.0,0.0,0.0,0.0,0.0,2.0,22.0,0.0,19.0,1.0,0.0,1.0,0.0,4.0,9.0,3.0,0.0,1.0,5.0,5.0,0.0,0.0,0.0,0.0,0.0,0.0,0.0,0.0,0.0,0.0,0.0,0.0,0.0,0.0,0.0,0.0,0.0,0.0,0.0,0.0,0.0,1.0,0.0,0.0,0.0,0.0,0.0,0.0,0.0,3.0,3.0,1.0,2268995201.0,-1.0,丹东市宽甸满族自治县,丹东市宽甸满族自治县石湖沟乡,9.0,23.0,5.0,3.8000000000000003,40.8,26.127272727272725,38.10357142857143,39.60348923533779
辽宁省,丹东市,宽甸满族自治县,古楼子乡,124.6526931,40.3157682,5.0,0.0,0.0,1.0,25.0,1.0,0.0,0.0,0.0,0.0,0.0,0.0,0.0,0.0,0.0,0.0,0.0,0.0,0.0,0.0,1.0,0.0,0.0,0.0,0.0,1.0,1.0,0.0,0.0,19.0,0.0,0.0,0.0,14.0,5.0,5.0,1.0,0.0,0.0,0.0,1.0,0.0,0.0,0.0,0.0,0.0,0.0,0.0,0.0,0.0,0.0,0.0,0.0,0.0,0.0,0.0,0.0,0.0,0.0,0.0,0.0,1.0,0.0,0.0,0.0,0.0,0.0,0.0,0.0,2.0,2.0,0.0,2268993044.0,-1.0,丹东市宽甸满族自治县,丹东市宽甸满族自治县古楼子乡,8.0,13.8,0.0,4.5,26.3,26.127272727272725,38.10357142857143,39.60348923533779
辽宁省,丹东市,宽甸满族自治县,下露河朝鲜族乡,125.5089328,40.8910108,0.0,1.0,0.0,0.0,0.0,0.0,0.0,0.0,0.0,0.0,0.0,0.0,0.0,0.0,0.0,0.0,0.0,0.0,0.0,0.0,0.0,0.0,0.0,0.0,0.0,1.0,0.0,0.0,0.0,0.0,0.0,0.0,0.0,6.0,1.0,3.0,0.0,1.0,0.0,0.0,0.0,0.0,0.0,0.0,0.0,0.0,0.0,0.0,0.0,0.0,0.0,0.0,0.0,0.0,0.0,0.0,0.0,0.0,0.0,0.0,0.0,1.0,0.0,0.0,0.0,0.0,0.0,0.0,0.0,1.0,1.0,0.0,3268469081.0,-1.0,丹东市宽甸满族自治县,丹东市宽甸满族自治县下露河朝鲜族乡,8.0,5.5,0.0,1.5,15.0,26.127272727272725,38.10357142857143,39.60348923533779
辽宁省,丹东市,东港市,大东街道,124.1383598,39.8807385,10.0,1.0,48.0,62.0,96.0,85.0,0.0,118.0,1.0,6.0,0.0,10.0,0.0,0.0,3.0,3.0,0.0,0.0,1.0,2.0,11.0,0.0,5.0,0.0,0.0,3.0,385.0,0.0,0.0,1.0,0.0,48.0,3.0,5.0,16.0,9.0,0.0,0.0,12.0,8.0,25.0,0.0,0.0,18.0,1.0,0.0,0.0,0.0,0.0,0.0,0.0,0.0,0.0,0.0,0.0,1.0,1.0,0.0,0.0,0.0,0.0,2.0,4.0,0.0,0.0,0.0,0.0,1.0,1.0,2.0,8.0,3.0,6524842870.0,9656382.0,丹东市东港市,丹东市东港市大东街道,18.0,28.0,6.0,20.0,72.0,34.416666666666664,38.10357142857143,39.60348923533779
辽宁省,丹东市,东港市,新兴街道,124.1551594,39.8676212,5.0,1.0,47.0,42.0,92.0,95.0,0.0,118.0,1.0,6.0,0.0,10.0,0.0,0.0,3.0,3.0,0.0,0.0,1.0,2.0,9.0,0.0,5.0,0.0,0.0,3.0,374.0,0.0,0.0,2.0,0.0,42.0,3.0,10.0,16.0,11.0,0.0,1.0,24.0,20.0,21.0,67.0,0.0,73.0,0.0,5.0,0.0,9.0,0.0,0.0,2.0,2.0,0.0,0.0,1.0,0.0,7.0,0.0,2.0,0.0,0.0,1.0,281.0,0.0,0.0,0.0,0.0,35.0,1.0,2.0,11.0,9.0,6524842876.0,9656384.0,丹东市东港市,丹东市东港市新兴街道,18.0,28.0,12.0,20.0,78.0,34.416666666666664,38.10357142857143,39.60348923533779
辽宁省,丹东市,东港市,新城街道,124.0956729,39.8937768,5.0,0.0,4.0,26.0,60.0,2.0,0.0,0.0,3.0,1.0,0.0,0.0,0.0,0.0,0.0,0.0,0.0,0.0,0.0,0.0,27.0,1.0,1.0,0.0,0.0,1.0,5.0,0.0,0.0,0.0,0.0,5.0,0.0,4.0,8.0,8.0,0.0,0.0,1.0,4.0,0.0,0.0,0.0,0.0,0.0,0.0,0.0,0.0,0.0,0.0,0.0,0.0,0.0,0.0,0.0,0.0,0.0,0.0,0.0,0.0,0.0,1.0,0.0,0.0,0.0,0.0,0.0,0.0,0.0,2.0,3.0,0.0,6524842874.0,9656383.0,丹东市东港市,丹东市东港市新城街道,16.0,28.0,0.0,4.5,48.5,34.416666666666664,38.10357142857143,39.60348923533779
辽宁省,丹东市,东港市,孤山镇,123.5897471,39.8958199,1.0,1.0,1.0,16.0,11.0,0.0,0.0,0.0,0.0,0.0,0.0,0.0,0.0,0.0,0.0,0.0,0.0,0.0,0.0,0.0,2.0,0.0,0.0,0.0,0.0,1.0,0.0,0.0,0.0,0.0,0.0,1.0,0.0,3.0,6.0,4.0,1.0,0.0,0.0,7.0,6.0,0.0,0.0,0.0,0.0,0.0,0.0,0.0,0.0,0.0,0.0,0.0,0.0,0.0,0.0,0.0,1.0,0.0,0.0,0.0,0.0,1.0,0.0,0.0,0.0,0.0,0.0,1.0,0.0,2.0,4.0,2.0,2167011306.0,-1.0,丹东市东港市,丹东市东港市孤山镇,8.0,17.0,0.0,2.0,27.0,34.416666666666664,38.10357142857143,39.60348923533779
辽宁省,丹东市,东港市,前阳镇,124.1923719,39.9588293,2.0,0.0,0.0,18.0,20.0,0.0,0.0,0.0,0.0,0.0,0.0,0.0,0.0,0.0,0.0,0.0,0.0,0.0,0.0,0.0,0.0,0.0,1.0,0.0,0.0,2.0,9.0,0.0,0.0,0.0,0.0,0.0,0.0,2.0,4.0,6.0,1.0,0.0,0.0,5.0,10.0,0.0,0.0,0.0,0.0,0.0,0.0,0.0,0.0,0.0,0.0,0.0,0.0,0.0,0.0,0.0,0.0,0.0,1.0,0.0,0.0,1.0,4.0,0.0,0.0,0.0,0.0,0.0,0.0,1.0,4.0,1.0,2256512443.0,17614882.0,丹东市东港市,丹东市东港市前阳镇,17.0,19.0,0.0,4.3,40.3,34.416666666666664,38.10357142857143,39.60348923533779
辽宁省,丹东市,东港市,长安镇,124.0812202,40.1229131,0.0,0.0,0.0,15.0,108.0,31.0,0.0,6.0,0.0,0.0,1.0,0.0,2.0,2.0,1.0,1.0,0.0,1.0,0.0,0.0,0.0,0.0,0.0,0.0,0.0,3.0,129.0,0.0,0.0,0.0,0.0,0.0,0.0,1.0,7.0,7.0,0.0,0.0,0.0,5.0,36.0,23.0,0.0,3.0,0.0,0.0,1.0,0.0,2.0,2.0,1.0,1.0,0.0,1.0,0.0,0.0,0.0,0.0,0.0,0.0,0.0,1.0,54.0,0.0,0.0,0.0,0.0,0.0,0.0,1.0,7.0,4.0,2257782388.0,9656381.0,丹东市东港市,丹东市东港市长安镇,18.0,25.5,12.0,19.5,75.0,34.416666666666664,38.10357142857143,39.60348923533779
辽宁省,丹东市,东港市,十字街镇,124.1037223,39.9964575,0.0,0.0,0.0,8.0,0.0,0.0,0.0,0.0,0.0,0.0,0.0,0.0,0.0,0.0,0.0,0.0,0.0,0.0,0.0,0.0,0.0,0.0,0.0,0.0,0.0,1.0,0.0,0.0,0.0,0.0,0.0,0.0,0.0,2.0,2.0,3.0,0.0,0.0,0.0,2.0,0.0,0.0,0.0,0.0,0.0,0.0,0.0,0.0,0.0,0.0,0.0,0.0,0.0,0.0,0.0,0.0,0.0,0.0,0.0,0.0,0.0,1.0,0.0,0.0,0.0,0.0,0.0,0.0,0.0,1.0,1.0,1.0,2257420277.0,17619565.0,丹东市东港市,丹东市东港市十字街镇,16.0,6.0,0.0,1.5,23.5,34.416666666666664,38.10357142857143,39.60348923533779
辽宁省,丹东市,东港市,长山镇,124.0394619,39.8697313,7.0,0.0,1.0,4.0,20.0,1.0,0.0,0.0,0.0,0.0,0.0,0.0,0.0,0.0,0.0,0.0,0.0,0.0,0.0,0.0,4.0,0.0,0.0,0.0,0.0,1.0,0.0,0.0,0.0,0.0,0.0,1.0,0.0,2.0,6.0,3.0,3.0,0.0,1.0,1.0,5.0,1.0,0.0,0.0,0.0,0.0,0.0,0.0,0.0,0.0,0.0,0.0,0.0,0.0,0.0,0.0,1.0,0.0,0.0,0.0,0.0,1.0,0.0,0.0,0.0,0.0,0.0,0.0,0.0,1.0,6.0,2.0,2265970690.0,17585452.0,丹东市东港市,丹东市东港市长山镇,16.0,17.5,0.0,1.5,35.0,34.416666666666664,38.10357142857143,39.60348923533779
辽宁省,丹东市,东港市,北井子镇,123.900543,39.8646474,1.0,0.0,2.0,2.0,0.0,0.0,0.0,0.0,0.0,0.0,0.0,0.0,0.0,0.0,0.0,0.0,0.0,0.0,0.0,0.0,5.0,0.0,0.0,0.0,0.0,1.0,0.0,0.0,0.0,0.0,0.0,1.0,0.0,1.0,3.0,3.0,1.0,0.0,2.0,1.0,0.0,0.0,0.0,0.0,0.0,0.0,0.0,0.0,0.0,0.0,0.0,0.0,0.0,0.0,0.0,0.0,0.0,0.0,0.0,0.0,0.0,1.0,0.0,0.0,0.0,0.0,0.0,1.0,0.0,1.0,3.0,1.0,2256409694.0,-1.0,丹东市东港市,丹东市东港市北井子镇,8.0,8.5,0.0,1.5,18.0,34.416666666666664,38.10357142857143,39.60348923533779
辽宁省,丹东市,东港市,椅圈镇,123.7653522,39.8773043,1.0,0.0,3.0,5.0,22.0,0.0,0.0,0.0,0.0,0.0,0.0,0.0,0.0,0.0,0.0,0.0,0.0,0.0,0.0,0.0,0.0,0.0,0.0,0.0,0.0,1.0,0.0,0.0,0.0,0.0,0.0,1.0,0.0,1.0,5.0,2.0,1.0,0.0,3.0,2.0,1.0,0.0,0.0,0.0,0.0,0.0,0.0,0.0,0.0,0.0,0.0,0.0,0.0,0.0,0.0,0.0,0.0,0.0,0.0,0.0,0.0,1.0,0.0,0.0,0.0,0.0,0.0,1.0,0.0,1.0,4.0,1.0,2256392129.0,-1.0,丹东市东港市,丹东市东港市椅圈镇,8.0,17.2,0.0,1.0,26.2,34.416666666666664,38.10357142857143,39.60348923533779
辽宁省,丹东市,东港市,黄土坎镇,123.6580457,39.9207455,7.0,0.0,1.0,1.0,35.0,0.0,0.0,0.0,0.0,0.0,0.0,0.0,0.0,0.0,0.0,0.0,0.0,0.0,0.0,0.0,2.0,0.0,0.0,0.0,0.0,1.0,0.0,0.0,0.0,0.0,0.0,1.0,0.0,3.0,7.0,5.0,4.0,0.0,1.0,1.0,15.0,0.0,0.0,0.0,0.0,0.0,0.0,0.0,0.0,0.0,0.0,0.0,0.0,0.0,0.0,0.0,0.0,0.0,0.0,0.0,0.0,1.0,0.0,0.0,0.0,0.0,0.0,1.0,0.0,2.0,5.0,4.0,2254532668.0,-1.0,丹东市东港市,丹东市东港市黄土坎镇,8.0,21.0,0.0,2.5,31.5,34.416666666666664,38.10357142857143,39.60348923533779
辽宁省,丹东市,东港市,马家店镇,123.8711204,39.9689628,0.0,0.0,1.0,6.0,7.0,0.0,0.0,0.0,0.0,0.0,0.0,0.0,0.0,0.0,0.0,0.0,0.0,0.0,0.0,0.0,4.0,0.0,0.0,0.0,0.0,4.0,0.0,0.0,0.0,0.0,0.0,0.0,0.0,2.0,3.0,3.0,0.0,0.0,0.0,4.0,3.0,0.0,0.0,0.0,0.0,0.0,0.0,0.0,0.0,0.0,0.0,0.0,0.0,0.0,0.0,0.0,1.0,0.0,0.0,0.0,0.0,1.0,0.0,0.0,0.0,0.0,0.0,0.0,0.0,1.0,2.0,3.0,2254509162.0,-1.0,丹东市东港市,丹东市东港市马家店镇,11.0,13.8,0.0,1.5,26.3,34.416666666666664,38.10357142857143,39.60348923533779
辽宁省,丹东市,东港市,龙王庙镇,123.7400141,40.0175076,0.0,0.0,1.0,4.0,0.0,0.0,0.0,0.0,0.0,0.0,0.0,0.0,0.0,0.0,0.0,0.0,0.0,0.0,0.0,0.0,0.0,0.0,0.0,0.0,0.0,1.0,0.0,0.0,0.0,0.0,0.0,0.0,0.0,3.0,2.0,2.0,0.0,0.0,1.0,1.0,0.0,0.0,0.0,0.0,0.0,0.0,0.0,0.0,0.0,0.0,0.0,0.0,0.0,0.0,0.0,0.0,0.0,0.0,0.0,0.0,0.0,1.0,0.0,0.0,0.0,0.0,0.0,0.0,0.0,1.0,2.0,0.0,2254509063.0,-1.0,丹东市东港市,丹东市东港市龙王庙镇,8.0,10.0,0.0,1.0,19.0,34.416666666666664,38.10357142857143,39.60348923533779
辽宁省,丹东市,东港市,小甸子镇,123.6315108,39.9857537,0.0,0.0,0.0,6.0,0.0,0.0,0.0,0.0,0.0,0.0,0.0,0.0,0.0,0.0,0.0,0.0,0.0,0.0,0.0,0.0,0.0,0.0,0.0,0.0,0.0,1.0,0.0,0.0,0.0,0.0,0.0,1.0,0.0,1.0,2.0,3.0,0.0,0.0,0.0,3.0,0.0,0.0,0.0,0.0,0.0,0.0,0.0,0.0,0.0,0.0,0.0,0.0,0.0,0.0,0.0,0.0,0.0,0.0,0.0,0.0,0.0,1.0,0.0,0.0,0.0,0.0,0.0,0.0,0.0,1.0,1.0,0.0,2265964416.0,-1.0,丹东市东港市,丹东市东港市小甸子镇,8.0,6.0,0.0,1.5,15.5,34.416666666666664,38.10357142857143,39.60348923533779
辽宁省,丹东市,东港市,菩萨庙镇,123.5272587,39.8486784,1.0,0.0,3.0,8.0,11.0,0.0,0.0,0.0,0.0,0.0,0.0,0.0,0.0,0.0,0.0,0.0,0.0,0.0,0.0,0.0,0.0,0.0,0.0,0.0,0.0,2.0,0.0,0.0,0.0,0.0,0.0,1.0,0.0,6.0,6.0,2.0,1.0,0.0,0.0,2.0,3.0,0.0,0.0,0.0,0.0,0.0,0.0,0.0,0.0,0.0,0.0,0.0,0.0,0.0,0.0,0.0,0.0,0.0,0.0,0.0,0.0,1.0,0.0,0.0,0.0,0.0,0.0,0.0,0.0,2.0,4.0,0.0,2265953690.0,-1.0,丹东市东港市,丹东市东港市菩萨庙镇,9.0,16.1,0.0,1.0,26.1,34.416666666666664,38.10357142857143,39.60348923533779
辽宁省,丹东市,东港市,黑沟镇,123.6122992,40.0817263,0.0,0.0,0.0,4.0,2.0,0.0,0.0,0.0,0.0,0.0,0.0,0.0,0.0,0.0,0.0,0.0,0.0,0.0,0.0,0.0,0.0,0.0,0.0,0.0,0.0,1.0,0.0,0.0,0.0,0.0,0.0,0.0,0.0,1.0,2.0,0.0,0.0,0.0,0.0,1.0,0.0,0.0,0.0,0.0,0.0,0.0,0.0,0.0,0.0,0.0,0.0,0.0,0.0,0.0,0.0,0.0,0.0,0.0,0.0,0.0,0.0,1.0,0.0,0.0,0.0,0.0,0.0,0.0,0.0,1.0,1.0,0.0,2265964414.0,-1.0,丹东市东港市,丹东市东港市黑沟镇,8.0,5.4,0.0,0.0,13.4,34.416666666666664,38.10357142857143,39.60348923533779
辽宁省,丹东市,东港市,新农镇,123.4655414,39.9532444,0.0,0.0,1.0,3.0,1.0,1.0,0.0,0.0,0.0,0.0,0.0,0.0,0.0,0.0,0.0,0.0,0.0,0.0,0.0,0.0,0.0,0.0,0.0,0.0,0.0,1.0,0.0,0.0,0.0,0.0,0.0,0.0,0.0,3.0,4.0,2.0,0.0,0.0,1.0,1.0,0.0,0.0,0.0,0.0,0.0,0.0,0.0,0.0,0.0,0.0,0.0,0.0,0.0,0.0,0.0,0.0,0.0,0.0,0.0,0.0,0.0,1.0,0.0,0.0,0.0,0.0,0.0,0.0,0.0,1.0,2.0,0.0,1660639912.0,-1.0,丹东市东港市,丹东市东港市新农镇,8.0,10.2,0.0,1.0,19.2,34.416666666666664,38.10357142857143,39.60348923533779
辽宁省,丹东市,东港市,合隆满族乡,123.9706702,40.0282864,0.0,0.0,0.0,4.0,1.0,0.0,0.0,0.0,0.0,0.0,0.0,1.0,1.0,1.0,0.0,0.0,0.0,0.0,0.0,0.0,0.0,0.0,0.0,0.0,0.0,1.0,0.0,0.0,0.0,0.0,0.0,0.0,0.0,4.0,2.0,3.0,0.0,0.0,0.0,2.0,1.0,0.0,0.0,0.0,0.0,0.0,0.0,1.0,1.0,1.0,0.0,0.0,0.0,0.0,0.0,0.0,0.0,0.0,0.0,0.0,0.0,1.0,0.0,0.0,0.0,0.0,0.0,0.0,0.0,1.0,2.0,0.0,2257197616.0,-1.0,丹东市东港市,丹东市东港市合隆满族乡,8.0,5.5,10.0,1.5,25.0,34.416666666666664,38.10357142857143,39.60348923533779
辽宁省,丹东市,凤城市,凤凰城街道,124.0717755,40.4570248,26.0,2.0,16.0,26.0,41.0,1.0,0.0,0.0,1.0,0.0,3.0,0.0,0.0,0.0,6.0,6.0,0.0,0.0,0.0,1.0,0.0,0.0,0.0,0.0,0.0,3.0,87.0,0.0,0.0,0.0,4.0,13.0,3.0,6.0,9.0,5.0,6.0,1.0,4.0,4.0,10.0,0.0,0.0,0.0,0.0,0.0,1.0,0.0,0.0,0.0,3.0,3.0,0.0,0.0,0.0,1.0,0.0,0.0,0.0,0.0,0.0,1.0,13.0,0.0,0.0,0.0,2.0,7.0,1.0,2.0,6.0,2.0,1660818514.0,9655877.0,丹东市凤城市,丹东市凤城市凤凰城街道,18.0,28.0,6.0,12.5,64.5,27.771428571428572,38.10357142857143,39.60348923533779
辽宁省,丹东市,凤城市,凤山街道,124.0561141,40.4452734,26.0,2.0,16.0,23.0,33.0,14.0,0.0,3.0,2.0,3.0,1.0,0.0,0.0,0.0,5.0,5.0,0.0,0.0,0.0,1.0,0.0,0.0,0.0,0.0,0.0,3.0,65.0,0.0,0.0,0.0,4.0,13.0,4.0,6.0,13.0,5.0,11.0,1.0,12.0,12.0,4.0,0.0,0.0,0.0,1.0,0.0,0.0,0.0,0.0,0.0,2.0,2.0,0.0,0.0,0.0,0.0,0.0,0.0,0.0,0.0,0.0,2.0,6.0,0.0,0.0,0.0,2.0,4.0,1.0,5.0,6.0,4.0,6524229840.0,9655878.0,丹东市凤城市,丹东市凤城市凤山街道,18.0,27.8,5.0,9.600000000000001,60.4,27.771428571428572,38.10357142857143,39.60348923533779
辽宁省,丹东市,凤城市,草河街道,124.109298,40.4725288,4.0,0.0,0.0,11.0,47.0,0.0,0.0,0.0,5.0,0.0,1.0,0.0,0.0,0.0,1.0,1.0,0.0,0.0,0.0,0.0,0.0,0.0,0.0,0.0,0.0,1.0,95.0,0.0,0.0,0.0,0.0,5.0,0.0,7.0,4.0,3.0,4.0,0.0,0.0,4.0,6.0,0.0,0.0,0.0,0.0,0.0,0.0,0.0,0.0,0.0,0.0,0.0,0.0,0.0,0.0,0.0,0.0,0.0,0.0,0.0,0.0,1.0,18.0,0.0,0.0,0.0,0.0,0.0,0.0,3.0,4.0,1.0,6524229839.0,9655876.0,丹东市凤城市,丹东市凤城市草河街道,16.0,26.0,0.0,12.8,54.8,27.771428571428572,38.10357142857143,39.60348923533779
辽宁省,丹东市,凤城市,宝山镇,123.8643688,40.3649559,1.0,0.0,1.0,1.0,2.0,0.0,0.0,0.0,0.0,0.0,0.0,0.0,0.0,0.0,0.0,0.0,0.0,0.0,0.0,0.0,0.0,0.0,0.0,0.0,0.0,2.0,0.0,0.0,0.0,0.0,0.0,0.0,0.0,1.0,4.0,1.0,1.0,0.0,1.0,1.0,1.0,0.0,0.0,0.0,0.0,0.0,0.0,0.0,0.0,0.0,0.0,0.0,0.0,0.0,0.0,0.0,0.0,0.0,0.0,0.0,0.0,1.0,0.0,0.0,0.0,0.0,0.0,0.0,0.0,1.0,4.0,1.0,2813268217.0,-1.0,丹东市凤城市,丹东市凤城市宝山镇,9.0,8.7,0.0,0.5,18.2,27.771428571428572,38.10357142857143,39.60348923533779
辽宁省,丹东市,凤城市,白旗镇,123.8412138,40.308441,0.0,0.0,1.0,1.0,21.0,2.0,0.0,0.0,0.0,0.0,0.0,0.0,0.0,0.0,0.0,0.0,0.0,0.0,0.0,0.0,0.0,0.0,0.0,0.0,0.0,1.0,0.0,0.0,0.0,0.0,0.0,0.0,0.0,1.0,6.0,2.0,0.0,0.0,1.0,1.0,21.0,2.0,0.0,0.0,0.0,0.0,0.0,0.0,0.0,0.0,0.0,0.0,0.0,0.0,0.0,0.0,0.0,0.0,0.0,0.0,0.0,1.0,0.0,0.0,0.0,0.0,0.0,0.0,0.0,1.0,6.0,2.0,2254554623.0,-1.0,丹东市凤城市,丹东市凤城市白旗镇,8.0,19.5,0.0,1.0,28.5,27.771428571428572,38.10357142857143,39.60348923533779
辽宁省,丹东市,凤城市,沙里寨镇,123.6873811,40.188356,0.0,0.0,0.0,2.0,1.0,0.0,0.0,0.0,0.0,0.0,0.0,0.0,0.0,0.0,0.0,0.0,0.0,0.0,0.0,0.0,0.0,0.0,0.0,0.0,0.0,1.0,0.0,0.0,0.0,0.0,0.0,0.0,0.0,1.0,2.0,3.0,0.0,0.0,0.0,1.0,1.0,0.0,0.0,0.0,0.0,0.0,0.0,0.0,0.0,0.0,0.0,0.0,0.0,0.0,0.0,0.0,0.0,0.0,0.0,0.0,0.0,1.0,0.0,0.0,0.0,0.0,0.0,0.0,0.0,1.0,2.0,0.0,2268954185.0,-1.0,丹东市凤城市,丹东市凤城市沙里寨镇,8.0,3.5,0.0,1.5,13.0,27.771428571428572,38.10357142857143,39.60348923533779
辽宁省,丹东市,凤城市,红旗镇,123.8794755,40.1427306,0.0,0.0,3.0,6.0,40.0,1.0,0.0,0.0,0.0,0.0,0.0,0.0,0.0,0.0,0.0,0.0,0.0,0.0,0.0,0.0,0.0,0.0,0.0,0.0,0.0,1.0,0.0,0.0,0.0,0.0,0.0,0.0,0.0,1.0,6.0,2.0,0.0,0.0,3.0,1.0,37.0,1.0,0.0,0.0,0.0,0.0,0.0,0.0,0.0,0.0,0.0,0.0,0.0,0.0,0.0,0.0,0.0,0.0,0.0,0.0,0.0,1.0,0.0,0.0,0.0,0.0,0.0,0.0,0.0,1.0,5.0,2.0,2254543468.0,-1.0,丹东市凤城市,丹东市凤城市红旗镇,8.0,23.0,0.0,1.0,32.0,27.771428571428572,38.10357142857143,39.60348923533779
辽宁省,丹东市,凤城市,蓝旗镇,123.783946,40.1010045,0.0,0.0,1.0,1.0,1.0,0.0,0.0,0.0,0.0,0.0,0.0,0.0,0.0,0.0,0.0,0.0,0.0,0.0,0.0,0.0,0.0,0.0,0.0,0.0,0.0,1.0,0.0,0.0,0.0,0.0,0.0,0.0,0.0,1.0,3.0,1.0,0.0,0.0,0.0,1.0,1.0,0.0,0.0,0.0,0.0,0.0,0.0,0.0,0.0,0.0,0.0,0.0,0.0,0.0,0.0,0.0,0.0,0.0,0.0,0.0,0.0,1.0,0.0,0.0,0.0,0.0,0.0,0.0,0.0,1.0,2.0,1.0,2268954186.0,-1.0,丹东市凤城市,丹东市凤城市蓝旗镇,8.0,8.0,0.0,0.5,16.5,27.771428571428572,38.10357142857143,39.60348923533779
辽宁省,丹东市,凤城市,边门镇,124.0946961,40.3491943,3.0,0.0,0.0,13.0,1.0,0.0,0.0,0.0,0.0,0.0,0.0,0.0,0.0,0.0,0.0,0.0,0.0,0.0,0.0,0.0,0.0,0.0,0.0,0.0,0.0,1.0,0.0,0.0,0.0,0.0,0.0,0.0,0.0,5.0,4.0,2.0,3.0,0.0,0.0,7.0,0.0,0.0,0.0,0.0,0.0,0.0,0.0,0.0,0.0,0.0,0.0,0.0,0.0,0.0,0.0,0.0,0.0,0.0,0.0,0.0,0.0,1.0,0.0,0.0,0.0,0.0,0.0,0.0,0.0,3.0,2.0,1.0,2178164207.0,-1.0,丹东市凤城市,丹东市凤城市边门镇,8.0,12.2,0.0,1.0,21.2,27.771428571428572,38.10357142857143,39.60348923533779
辽宁省,丹东市,凤城市,东汤镇,124.3010009,40.4170738,0.0,3.0,1.0,0.0,2.0,0.0,0.0,0.0,0.0,0.0,1.0,0.0,0.0,0.0,0.0,0.0,0.0,0.0,0.0,0.0,0.0,0.0,0.0,0.0,0.0,1.0,1.0,0.0,0.0,0.0,0.0,0.0,0.0,1.0,3.0,1.0,0.0,0.0,1.0,0.0,2.0,0.0,0.0,0.0,0.0,0.0,1.0,0.0,0.0,0.0,0.0,0.0,0.0,0.0,0.0,0.0,0.0,0.0,0.0,0.0,0.0,1.0,1.0,0.0,0.0,0.0,0.0,0.0,0.0,1.0,2.0,1.0,3067771602.0,-1.0,丹东市凤城市,丹东市凤城市东汤镇,8.0,9.5,0.0,0.7,18.2,27.771428571428572,38.10357142857143,39.60348923533779
辽宁省,丹东市,凤城市,石城镇,124.308929,40.6398468,0.0,1.0,0.0,2.0,3.0,0.0,0.0,0.0,0.0,0.0,0.0,0.0,0.0,0.0,0.0,0.0,0.0,0.0,0.0,0.0,0.0,0.0,0.0,0.0,0.0,1.0,0.0,0.0,0.0,0.0,0.0,0.0,0.0,5.0,3.0,2.0,0.0,1.0,0.0,1.0,3.0,0.0,0.0,0.0,0.0,0.0,0.0,0.0,0.0,0.0,0.0,0.0,0.0,0.0,0.0,0.0,0.0,0.0,0.0,0.0,0.0,1.0,0.0,0.0,0.0,0.0,0.0,0.0,0.0,3.0,3.0,2.0,1592559593.0,-1.0,丹东市凤城市,丹东市凤城市石城镇,8.0,10.0,0.0,1.0,19.0,27.771428571428572,38.10357142857143,39.60348923533779
辽宁省,丹东市,凤城市,大兴镇,124.238781,40.7319865,5.0,3.0,1.0,0.0,0.0,0.0,0.0,0.0,0.0,0.0,0.0,0.0,0.0,0.0,0.0,0.0,0.0,0.0,0.0,0.0,0.0,0.0,0.0,0.0,0.0,1.0,0.0,0.0,0.0,0.0,0.0,0.0,0.0,1.0,3.0,2.0,1.0,1.0,0.0,0.0,0.0,0.0,0.0,0.0,0.0,0.0,0.0,0.0,0.0,0.0,0.0,0.0,0.0,0.0,0.0,0.0,0.0,0.0,0.0,0.0,0.0,1.0,0.0,0.0,0.0,0.0,0.0,0.0,0.0,1.0,2.0,2.0,2268998141.0,-1.0,丹东市凤城市,丹东市凤城市大兴镇,8.0,6.5,0.0,1.0,15.5,27.771428571428572,38.10357142857143,39.60348923533779
辽宁省,丹东市,凤城市,爱阳镇,124.4419681,40.8992729,8.0,1.0,0.0,1.0,12.0,0.0,0.0,0.0,0.0,0.0,0.0,0.0,0.0,0.0,0.0,0.0,0.0,0.0,0.0,0.0,0.0,0.0,0.0,0.0,0.0,1.0,0.0,0.0,0.0,0.0,0.0,0.0,0.0,1.0,5.0,2.0,5.0,0.0,0.0,0.0,6.0,0.0,0.0,0.0,0.0,0.0,0.0,0.0,0.0,0.0,0.0,0.0,0.0,0.0,0.0,0.0,0.0,0.0,0.0,0.0,0.0,1.0,0.0,0.0,0.0,0.0,0.0,0.0,0.0,1.0,3.0,2.0,2268998139.0,9655875.0,丹东市凤城市,丹东市凤城市爱阳镇,16.0,12.7,0.0,1.0,29.7,27.771428571428572,38.10357142857143,39.60348923533779
辽宁省,丹东市,凤城市,赛马镇,124.2510791,40.9745866,0.0,6.0,3.0,2.0,0.0,0.0,0.0,0.0,0.0,0.0,0.0,0.0,0.0,0.0,0.0,0.0,0.0,0.0,0.0,1.0,0.0,0.0,0.0,0.0,0.0,1.0,0.0,0.0,0.0,0.0,0.0,1.0,0.0,1.0,4.0,3.0,0.0,4.0,3.0,1.0,0.0,0.0,0.0,0.0,0.0,0.0,0.0,0.0,0.0,0.0,0.0,0.0,0.0,0.0,0.0,1.0,0.0,0.0,0.0,0.0,0.0,1.0,0.0,0.0,0.0,0.0,0.0,1.0,0.0,1.0,4.0,3.0,2269084733.0,9655879.0,丹东市凤城市,丹东市凤城市赛马镇,16.0,9.0,1.0,1.5,27.5,27.771428571428572,38.10357142857143,39.60348923533779
辽宁省,丹东市,凤城市,弟兄山镇,124.0706752,40.7911757,0.0,2.0,3.0,4.0,2.0,0.0,0.0,0.0,0.0,0.0,0.0,0.0,0.0,0.0,0.0,0.0,0.0,0.0,0.0,0.0,0.0,0.0,0.0,0.0,0.0,1.0,0.0,0.0,0.0,0.0,0.0,0.0,0.0,1.0,4.0,2.0,0.0,1.0,0.0,1.0,0.0,0.0,0.0,0.0,0.0,0.0,0.0,0.0,0.0,0.0,0.0,0.0,0.0,0.0,0.0,0.0,0.0,0.0,0.0,0.0,0.0,1.0,0.0,0.0,0.0,0.0,0.0,0.0,0.0,1.0,2.0,2.0,2269002097.0,-1.0,丹东市凤城市,丹东市凤城市弟兄山镇,8.0,11.4,0.0,1.0,20.4,27.771428571428572,38.10357142857143,39.60348923533779
辽宁省,丹东市,凤城市,鸡冠山镇,123.9176355,40.5182364,0.0,1.0,0.0,0.0,1.0,0.0,0.0,0.0,0.0,0.0,0.0,0.0,0.0,0.0,0.0,0.0,0.0,0.0,0.0,0.0,0.0,0.0,1.0,0.0,0.0,1.0,0.0,0.0,0.0,0.0,0.0,0.0,0.0,2.0,2.0,3.0,0.0,1.0,0.0,0.0,0.0,0.0,0.0,0.0,0.0,0.0,0.0,0.0,0.0,0.0,0.0,0.0,0.0,0.0,0.0,0.0,0.0,0.0,0.0,0.0,0.0,1.0,0.0,0.0,0.0,0.0,0.0,0.0,0.0,2.0,1.0,1.0,1660818522.0,-1.0,丹东市凤城市,丹东市凤城市鸡冠山镇,8.0,6.2,0.0,1.5,15.7,27.771428571428572,38.10357142857143,39.60348923533779
辽宁省,丹东市,凤城市,刘家河镇,123.9823866,40.6687582,2.0,0.0,3.0,5.0,8.0,0.0,0.0,0.0,0.0,0.0,0.0,0.0,0.0,0.0,0.0,0.0,0.0,0.0,0.0,0.0,0.0,0.0,0.0,0.0,0.0,1.0,21.0,0.0,0.0,0.0,0.0,0.0,0.0,6.0,9.0,2.0,1.0,0.0,0.0,3.0,2.0,0.0,0.0,0.0,0.0,0.0,0.0,0.0,0.0,0.0,0.0,0.0,0.0,0.0,0.0,0.0,0.0,0.0,0.0,0.0,0.0,1.0,7.0,0.0,0.0,0.0,0.0,0.0,0.0,5.0,6.0,2.0,1660818529.0,-1.0,丹东市凤城市,丹东市凤城市刘家河镇,8.0,16.2,0.0,3.8000000000000003,28.0,27.771428571428572,38.10357142857143,39.60348923533779
辽宁省,丹东市,凤城市,通远堡镇,123.9194654,40.7839883,4.0,5.0,0.0,2.0,14.0,0.0,0.0,0.0,2.0,0.0,0.0,0.0,0.0,0.0,0.0,0.0,0.0,0.0,0.0,0.0,0.0,0.0,0.0,0.0,0.0,1.0,70.0,0.0,0.0,0.0,0.0,2.0,0.0,5.0,8.0,3.0,4.0,5.0,0.0,1.0,1.0,0.0,0.0,0.0,2.0,0.0,0.0,0.0,0.0,0.0,0.0,0.0,0.0,0.0,0.0,0.0,0.0,0.0,0.0,0.0,0.0,1.0,14.0,0.0,0.0,0.0,0.0,2.0,0.0,5.0,7.0,3.0,1662256021.0,-1.0,丹东市凤城市,丹东市凤城市通远堡镇,8.0,16.1,0.0,9.9,34.0,27.771428571428572,38.10357142857143,39.60348923533779
辽宁省,丹东市,凤城市,四门子镇,123.812968,40.7309337,0.0,1.0,0.0,3.0,0.0,0.0,0.0,0.0,0.0,0.0,0.0,0.0,0.0,0.0,0.0,0.0,0.0,0.0,0.0,0.0,3.0,0.0,0.0,0.0,0.0,2.0,0.0,0.0,0.0,0.0,0.0,0.0,0.0,1.0,2.0,2.0,0.0,1.0,0.0,1.0,0.0,0.0,0.0,0.0,0.0,0.0,0.0,0.0,0.0,0.0,0.0,0.0,0.0,0.0,0.0,0.0,2.0,0.0,0.0,0.0,0.0,1.0,0.0,0.0,0.0,0.0,0.0,0.0,0.0,1.0,2.0,2.0,2269002091.0,-1.0,丹东市凤城市,丹东市凤城市四门子镇,9.0,9.0,0.0,1.0,19.0,27.771428571428572,38.10357142857143,39.60348923533779
辽宁省,丹东市,凤城市,青城子镇,123.6096657,40.7349002,0.0,1.0,0.0,1.0,2.0,0.0,0.0,0.0,0.0,0.0,0.0,0.0,0.0,0.0,0.0,0.0,0.0,0.0,0.0,0.0,6.0,0.0,0.0,0.0,0.0,1.0,0.0,0.0,0.0,0.0,0.0,0.0,0.0,1.0,3.0,2.0,0.0,1.0,0.0,1.0,1.0,0.0,0.0,0.0,0.0,0.0,0.0,0.0,0.0,0.0,0.0,0.0,0.0,0.0,0.0,0.0,1.0,0.0,0.0,0.0,0.0,1.0,0.0,0.0,0.0,0.0,0.0,0.0,0.0,1.0,3.0,2.0,2269003959.0,-1.0,丹东市凤城市,丹东市凤城市青城子镇,8.0,8.2,0.0,1.0,17.2,27.771428571428572,38.10357142857143,39.60348923533779
辽宁省,丹东市,凤城市,大堡蒙古族乡,124.2459871,40.5490417,3.0,0.0,0.0,6.0,23.0,2.0,0.0,0.0,0.0,0.0,0.0,0.0,0.0,0.0,0.0,0.0,0.0,0.0,0.0,0.0,4.0,0.0,0.0,0.0,0.0,2.0,0.0,0.0,0.0,0.0,1.0,0.0,0.0,4.0,6.0,6.0,1.0,0.0,0.0,2.0,1.0,1.0,0.0,0.0,0.0,0.0,0.0,0.0,0.0,0.0,0.0,0.0,0.0,0.0,0.0,0.0,4.0,0.0,0.0,0.0,0.0,1.0,0.0,0.0,0.0,0.0,1.0,0.0,0.0,3.0,5.0,3.0,1662255982.0,-1.0,丹东市凤城市,丹东市凤城市大堡蒙古族乡,9.0,17.9,0.0,3.0,29.9,27.771428571428572,38.10357142857143,39.60348923533779
辽宁省,锦州市,古塔区,石油街道,121.0966358,41.1323965,0.0,35.0,24.0,25.0,129.0,16.0,0.0,15.0,2.0,0.0,0.0,1.0,2.0,2.0,6.0,10.0,0.0,0.0,0.0,1.0,0.0,0.0,6.0,0.0,0.0,16.0,72.0,0.0,0.0,3.0,3.0,18.0,1.0,18.0,10.0,7.0,0.0,2.0,2.0,1.0,32.0,1.0,0.0,0.0,0.0,0.0,0.0,0.0,0.0,0.0,0.0,0.0,0.0,0.0,0.0,0.0,0.0,0.0,5.0,0.0,0.0,1.0,23.0,0.0,0.0,1.0,0.0,1.0,0.0,3.0,6.0,2.0,6504257479.0,9630917.0,锦州市古塔区,锦州市古塔区石油街道,20.0,26.0,5.0,13.4,64.4,74.94,37.92040816326531,39.60348923533779
辽宁省,锦州市,古塔区,古城街道,121.1223805,41.1130387,0.0,38.0,65.0,33.0,171.0,22.0,0.0,81.0,4.0,1.0,0.0,1.0,2.0,2.0,12.0,17.0,0.0,0.0,6.0,6.0,2.0,0.0,4.0,0.0,0.0,17.0,364.0,0.0,2.0,4.0,8.0,29.0,4.0,24.0,13.0,8.0,0.0,7.0,13.0,9.0,49.0,0.0,0.0,33.0,0.0,1.0,0.0,0.0,1.0,1.0,3.0,3.0,0.0,0.0,1.0,2.0,0.0,0.0,0.0,0.0,0.0,5.0,134.0,0.0,1.0,0.0,1.0,4.0,3.0,11.0,9.0,3.0,6504257477.0,18947271.0,锦州市古塔区,锦州市古塔区古城街道,20.0,28.0,19.0,20.0,87.0,74.94,37.92040816326531,39.60348923533779
辽宁省,锦州市,古塔区,敬业街道,121.1182629,41.1354677,0.0,33.0,38.0,23.0,167.0,13.0,0.0,58.0,4.0,1.0,0.0,1.0,2.0,2.0,10.0,17.0,0.0,0.0,4.0,4.0,0.0,0.0,5.0,0.0,0.0,17.0,206.0,0.0,1.0,4.0,5.0,38.0,4.0,25.0,11.0,7.0,0.0,2.0,6.0,4.0,50.0,4.0,0.0,7.0,0.0,0.0,0.0,0.0,1.0,1.0,3.0,7.0,0.0,0.0,0.0,0.0,0.0,0.0,0.0,0.0,0.0,1.0,15.0,0.0,0.0,1.0,2.0,13.0,1.0,8.0,7.0,3.0,6504257474.0,9630913.0,锦州市古塔区,锦州市古塔区敬业街道,20.0,28.0,15.0,19.5,82.5,74.94,37.92040816326531,39.60348923533779
辽宁省,锦州市,古塔区,保安街道,121.115346,41.116399,0.0,35.0,61.0,33.0,187.0,11.0,0.0,72.0,4.0,1.0,0.0,1.0,2.0,2.0,12.0,17.0,0.0,0.0,5.0,5.0,2.0,0.0,5.0,0.0,0.0,17.0,295.0,0.0,1.0,4.0,5.0,36.0,4.0,26.0,13.0,7.0,0.0,2.0,10.0,5.0,42.0,3.0,0.0,29.0,0.0,1.0,0.0,0.0,1.0,1.0,3.0,3.0,0.0,0.0,0.0,2.0,0.0,0.0,0.0,0.0,0.0,5.0,95.0,0.0,1.0,0.0,1.0,5.0,3.0,13.0,9.0,5.0,6504257471.0,9630911.0,锦州市古塔区,锦州市古塔区保安街道,20.0,28.0,17.0,19.5,84.5,74.94,37.92040816326531,39.60348923533779
辽宁省,锦州市,古塔区,士英街道,121.1124931,41.151652,0.0,11.0,13.0,27.0,107.0,14.0,0.0,7.0,0.0,0.0,0.0,1.0,1.0,1.0,5.0,11.0,0.0,0.0,0.0,1.0,0.0,0.0,3.0,0.0,0.0,12.0,42.0,0.0,0.0,1.0,2.0,28.0,1.0,10.0,7.0,7.0,0.0,2.0,2.0,0.0,12.0,0.0,0.0,1.0,0.0,0.0,0.0,0.0,0.0,0.0,0.0,1.0,0.0,0.0,0.0,0.0,0.0,0.0,0.0,0.0,0.0,3.0,0.0,0.0,0.0,0.0,1.0,0.0,0.0,5.0,4.0,0.0,6504257478.0,9630916.0,锦州市古塔区,锦州市古塔区士英街道,20.0,23.5,5.0,7.8,56.3,74.94,37.92040816326531,39.60348923533779
辽宁省,锦州市,凌河区,石桥子街道,121.1318397,41.1388755,0.0,24.0,35.0,14.0,141.0,21.0,0.0,41.0,4.0,0.0,0.0,1.0,2.0,2.0,9.0,16.0,0.0,0.0,4.0,3.0,0.0,0.0,2.0,0.0,0.0,19.0,181.0,0.0,0.0,3.0,5.0,37.0,2.0,24.0,9.0,7.0,0.0,4.0,1.0,4.0,20.0,0.0,0.0,0.0,0.0,0.0,0.0,0.0,1.0,1.0,2.0,5.0,0.0,0.0,0.0,0.0,0.0,0.0,0.0,0.0,0.0,2.0,9.0,0.0,0.0,1.0,2.0,15.0,1.0,7.0,5.0,3.0,6504009969.0,9630577.0,锦州市凌河区,锦州市凌河区石桥子街道,20.0,26.0,15.0,19.5,80.5,73.83333333333333,37.92040816326531,39.60348923533779
辽宁省,锦州市,凌河区,龙江街道,121.1446257,41.1067854,0.0,60.0,63.0,36.0,140.0,27.0,0.0,88.0,4.0,2.0,0.0,1.0,1.0,1.0,12.0,13.0,0.0,0.0,7.0,6.0,5.0,0.0,0.0,0.0,0.0,15.0,381.0,0.0,2.0,2.0,6.0,27.0,3.0,26.0,13.0,6.0,0.0,8.0,8.0,3.0,28.0,0.0,0.0,0.0,0.0,0.0,0.0,0.0,0.0,0.0,1.0,1.0,0.0,0.0,2.0,0.0,0.0,0.0,0.0,0.0,0.0,3.0,37.0,0.0,0.0,0.0,2.0,3.0,0.0,9.0,5.0,3.0,6504009967.0,9630575.0,锦州市凌河区,锦州市凌河区龙江街道,20.0,28.0,12.0,19.0,79.0,73.83333333333333,37.92040816326531,39.60348923533779
辽宁省,锦州市,凌河区,榴花街道,121.1689111,41.1161954,0.0,55.0,47.0,31.0,99.0,41.0,0.0,48.0,4.0,1.0,0.0,0.0,0.0,0.0,7.0,8.0,0.0,0.0,6.0,2.0,2.0,0.0,0.0,0.0,0.0,18.0,375.0,0.0,0.0,3.0,5.0,17.0,0.0,20.0,11.0,6.0,0.0,3.0,16.0,1.0,18.0,17.0,0.0,22.0,0.0,1.0,0.0,0.0,0.0,0.0,2.0,2.0,0.0,0.0,0.0,0.0,2.0,0.0,0.0,0.0,0.0,1.0,32.0,0.0,0.0,0.0,1.0,6.0,0.0,6.0,9.0,4.0,6504009966.0,9630574.0,锦州市凌河区,锦州市凌河区榴花街道,20.0,28.0,5.0,19.0,72.0,73.83333333333333,37.92040816326531,39.60348923533779
辽宁省,锦州市,凌河区,康宁街道,121.1474012,41.1288212,0.0,30.0,51.0,22.0,172.0,43.0,0.0,61.0,4.0,1.0,0.0,0.0,2.0,2.0,11.0,18.0,0.0,0.0,6.0,3.0,2.0,0.0,0.0,0.0,0.0,23.0,371.0,0.0,0.0,4.0,7.0,44.0,2.0,26.0,10.0,7.0,0.0,3.0,25.0,3.0,23.0,13.0,0.0,25.0,0.0,0.0,0.0,0.0,0.0,0.0,0.0,1.0,0.0,0.0,2.0,0.0,0.0,0.0,0.0,0.0,0.0,1.0,87.0,0.0,0.0,2.0,0.0,3.0,0.0,9.0,8.0,2.0,6504009964.0,9630572.0,锦州市凌河区,锦州市凌河区康宁街道,20.0,28.0,2.0,19.5,69.5,73.83333333333333,37.92040816326531,39.60348923533779
辽宁省,锦州市,凌河区,锦铁街道,121.1446703,41.1175433,0.0,42.0,59.0,26.0,159.0,38.0,0.0,90.0,4.0,2.0,0.0,0.0,2.0,2.0,11.0,15.0,0.0,0.0,7.0,5.0,4.0,0.0,0.0,0.0,0.0,19.0,429.0,0.0,1.0,3.0,7.0,24.0,4.0,27.0,12.0,7.0,0.0,6.0,26.0,6.0,20.0,6.0,0.0,15.0,4.0,0.0,0.0,0.0,0.0,0.0,2.0,2.0,0.0,0.0,5.0,2.0,0.0,0.0,0.0,0.0,0.0,2.0,55.0,0.0,0.0,1.0,2.0,6.0,0.0,13.0,6.0,2.0,6504009962.0,9630570.0,锦州市凌河区,锦州市凌河区锦铁街道,20.0,28.0,9.0,19.5,76.5,73.83333333333333,37.92040816326531,39.60348923533779
辽宁省,锦州市,凌河区,紫荆街道,121.1923377,41.1296974,0.0,29.0,19.0,26.0,52.0,33.0,0.0,24.0,0.0,4.0,0.0,0.0,0.0,0.0,4.0,4.0,0.0,0.0,0.0,0.0,7.0,0.0,1.0,0.0,0.0,17.0,232.0,0.0,0.0,2.0,1.0,7.0,0.0,14.0,12.0,7.0,0.0,6.0,0.0,4.0,3.0,7.0,0.0,0.0,0.0,0.0,0.0,0.0,0.0,0.0,0.0,0.0,0.0,0.0,0.0,0.0,0.0,0.0,0.0,0.0,0.0,3.0,75.0,0.0,0.0,0.0,0.0,0.0,0.0,3.0,4.0,4.0,6504009972.0,9630588.0,锦州市凌河区,锦州市凌河区紫荆街道,20.0,26.0,0.0,19.5,65.5,73.83333333333333,37.92040816326531,39.60348923533779
辽宁省,锦州市,太和区,太和街道,121.109243,41.104798,0.0,44.0,48.0,35.0,113.0,79.0,0.0,77.0,6.0,1.0,0.0,1.0,1.0,1.0,10.0,14.0,0.0,0.0,3.0,6.0,5.0,0.0,4.0,0.0,0.0,11.0,313.0,16.0,2.0,2.0,3.0,40.0,3.0,20.0,13.0,9.0,0.0,2.0,23.0,3.0,10.0,0.0,0.0,32.0,0.0,1.0,0.0,0.0,0.0,0.0,0.0,0.0,0.0,0.0,0.0,0.0,0.0,0.0,0.0,0.0,0.0,2.0,15.0,0.0,0.0,0.0,0.0,7.0,2.0,8.0,10.0,4.0,-1.0,-1.0,锦州市太和区,锦州市太和区太和街道,5.0,28.0,5.0,20.0,58.0,42.07,37.92040816326531,39.60348923533779
辽宁省,锦州市,太和区,大薛街道,121.2047,41.203705,0.0,1.0,0.0,4.0,5.0,7.0,0.0,0.0,0.0,0.0,0.0,0.0,0.0,0.0,0.0,0.0,0.0,0.0,0.0,0.0,9.0,0.0,1.0,0.0,0.0,9.0,0.0,0.0,0.0,0.0,0.0,0.0,0.0,3.0,4.0,5.0,0.0,1.0,0.0,1.0,0.0,2.0,0.0,0.0,0.0,0.0,0.0,0.0,0.0,0.0,0.0,0.0,0.0,0.0,0.0,0.0,3.0,0.0,0.0,0.0,0.0,2.0,0.0,0.0,0.0,0.0,0.0,0.0,0.0,1.0,3.0,2.0,-1.0,-1.0,锦州市太和区,锦州市太和区大薛街道,5.0,12.0,0.0,2.5,19.5,42.07,37.92040816326531,39.60348923533779
辽宁省,锦州市,太和区,新民街道,121.090964,41.097594,0.0,14.0,37.0,31.0,65.0,71.0,0.0,69.0,2.0,1.0,0.0,1.0,0.0,0.0,4.0,8.0,0.0,0.0,1.0,2.0,2.0,0.0,2.0,0.0,0.0,7.0,217.0,16.0,2.0,2.0,1.0,38.0,2.0,13.0,12.0,8.0,0.0,0.0,8.0,2.0,12.0,0.0,0.0,0.0,2.0,0.0,0.0,0.0,0.0,0.0,0.0,0.0,0.0,0.0,0.0,0.0,0.0,0.0,0.0,0.0,0.0,0.0,18.0,0.0,0.0,0.0,0.0,2.0,0.0,2.0,4.0,1.0,-1.0,-1.0,锦州市太和区,锦州市太和区新民街道,5.0,28.0,5.0,20.0,58.0,42.07,37.92040816326531,39.60348923533779
辽宁省,锦州市,太和区,营盘街道,121.1608932,41.1440427,0.0,9.0,38.0,17.0,54.0,41.0,0.0,48.0,0.0,1.0,0.0,0.0,0.0,0.0,1.0,4.0,0.0,0.0,2.0,0.0,2.0,0.0,0.0,0.0,0.0,17.0,268.0,0.0,0.0,3.0,1.0,23.0,1.0,15.0,8.0,7.0,0.0,3.0,0.0,2.0,4.0,0.0,0.0,0.0,0.0,0.0,0.0,0.0,0.0,0.0,0.0,1.0,0.0,0.0,0.0,0.0,0.0,0.0,0.0,0.0,0.0,2.0,2.0,0.0,0.0,1.0,0.0,0.0,0.0,5.0,4.0,2.0,-1.0,-1.0,锦州市太和区,锦州市太和区营盘街道,5.0,26.0,0.0,19.5,50.5,42.07,37.92040816326531,39.60348923533779
辽宁省,锦州市,太和区,女儿河街道,121.0258781,41.0566609,0.0,0.0,2.0,6.0,17.0,14.0,0.0,0.0,0.0,0.0,0.0,0.0,0.0,0.0,0.0,0.0,0.0,0.0,0.0,0.0,0.0,0.0,1.0,0.0,0.0,10.0,3.0,0.0,0.0,1.0,0.0,0.0,0.0,8.0,7.0,4.0,0.0,0.0,2.0,0.0,3.0,0.0,0.0,0.0,0.0,0.0,0.0,0.0,0.0,0.0,0.0,0.0,0.0,0.0,0.0,0.0,0.0,0.0,0.0,0.0,0.0,2.0,0.0,0.0,0.0,0.0,0.0,0.0,0.0,6.0,2.0,3.0,1657245410.0,-1.0,锦州市太和区,锦州市太和区女儿河街道,12.0,17.8,0.0,2.4,32.2,42.07,37.92040816326531,39.60348923533779
辽宁省,锦州市,太和区,天桥街道,121.065387,40.8345811,9.0,7.0,5.0,17.0,23.0,9.0,0.0,4.0,1.0,0.0,0.0,0.0,0.0,0.0,2.0,2.0,0.0,0.0,0.0,0.0,1.0,0.0,0.0,0.0,0.0,6.0,157.0,0.0,0.0,20.0,0.0,6.0,1.0,6.0,9.0,7.0,9.0,6.0,1.0,7.0,9.0,1.0,0.0,1.0,0.0,0.0,0.0,0.0,0.0,0.0,0.0,0.0,0.0,0.0,0.0,0.0,1.0,0.0,0.0,0.0,0.0,2.0,14.0,0.0,0.0,0.0,0.0,2.0,1.0,6.0,7.0,6.0,10135187288.0,-1.0,锦州市太和区,锦州市太和区天桥街道,12.0,23.3,0.0,19.5,54.8,42.07,37.92040816326531,39.60348923533779
辽宁省,锦州市,太和区,杏山街道,121.0749734,40.9477157,1.0,2.0,0.0,5.0,1.0,0.0,0.0,0.0,0.0,0.0,0.0,0.0,0.0,0.0,2.0,2.0,0.0,0.0,0.0,0.0,0.0,0.0,2.0,0.0,0.0,14.0,0.0,0.0,0.0,0.0,0.0,0.0,0.0,3.0,5.0,1.0,1.0,2.0,0.0,3.0,0.0,0.0,0.0,0.0,0.0,0.0,0.0,0.0,0.0,0.0,2.0,2.0,0.0,0.0,0.0,0.0,0.0,0.0,0.0,0.0,0.0,3.0,0.0,0.0,0.0,0.0,0.0,0.0,0.0,1.0,3.0,0.0,3325408815.0,-1.0,锦州市太和区,锦州市太和区杏山街道,12.0,12.7,5.0,0.5,30.2,42.07,37.92040816326531,39.60348923533779
辽宁省,锦州市,太和区,娘娘宫街道,121.2241108,40.9956716,0.0,7.0,0.0,7.0,6.0,0.0,0.0,0.0,0.0,0.0,0.0,0.0,0.0,0.0,0.0,0.0,0.0,0.0,0.0,0.0,8.0,0.0,0.0,0.0,0.0,13.0,0.0,0.0,0.0,0.0,0.0,0.0,0.0,3.0,4.0,3.0,0.0,1.0,0.0,2.0,2.0,0.0,0.0,0.0,0.0,0.0,0.0,0.0,0.0,0.0,0.0,0.0,0.0,0.0,0.0,0.0,2.0,0.0,0.0,0.0,0.0,2.0,0.0,0.0,0.0,0.0,0.0,0.0,0.0,0.0,3.0,2.0,2281656118.0,-1.0,锦州市太和区,锦州市太和区娘娘宫街道,12.0,13.8,0.0,1.5,27.3,42.07,37.92040816326531,39.60348923533779
辽宁省,锦州市,太和区,凌南街道,121.134609,41.09469,0.0,43.0,41.0,33.0,110.0,72.0,0.0,69.0,0.0,1.0,0.0,1.0,1.0,1.0,9.0,13.0,0.0,0.0,5.0,6.0,6.0,0.0,0.0,0.0,0.0,11.0,349.0,16.0,2.0,0.0,5.0,43.0,3.0,16.0,12.0,6.0,0.0,17.0,4.0,9.0,4.0,0.0,0.0,0.0,0.0,0.0,0.0,0.0,0.0,0.0,0.0,0.0,0.0,0.0,0.0,1.0,2.0,0.0,0.0,0.0,0.0,0.0,3.0,0.0,0.0,0.0,0.0,1.0,0.0,8.0,5.0,4.0,-1.0,-1.0,锦州市太和区,锦州市太和区凌南街道,5.0,26.0,6.0,19.0,56.0,42.07,37.92040816326531,39.60348923533779
辽宁省,锦州市,太和区,松山街道,121.1440498,41.0253695,1.0,8.0,7.0,16.0,11.0,10.0,0.0,0.0,2.0,0.0,1.0,1.0,0.0,0.0,1.0,1.0,0.0,0.0,0.0,0.0,5.0,0.0,3.0,0.0,0.0,11.0,3.0,0.0,0.0,0.0,0.0,0.0,0.0,5.0,12.0,5.0,1.0,0.0,2.0,5.0,4.0,0.0,0.0,0.0,0.0,0.0,0.0,0.0,0.0,0.0,0.0,0.0,0.0,0.0,0.0,0.0,0.0,0.0,1.0,0.0,0.0,1.0,0.0,0.0,0.0,0.0,0.0,0.0,0.0,3.0,4.0,2.0,-1.0,-1.0,锦州市太和区,锦州市太和区松山街道,5.0,21.4,5.0,2.8,34.199999999999996,42.07,37.92040816326531,39.60348923533779
辽宁省,锦州市,黑山县,黑山街道,122.131303,41.701896,13.0,5.0,9.0,14.0,76.0,1.0,0.0,11.0,1.0,0.0,0.0,0.0,0.0,0.0,0.0,0.0,0.0,0.0,0.0,1.0,6.0,0.0,0.0,0.0,0.0,14.0,99.0,0.0,0.0,0.0,0.0,3.0,1.0,4.0,10.0,5.0,5.0,1.0,0.0,0.0,17.0,1.0,0.0,0.0,0.0,0.0,0.0,0.0,0.0,0.0,0.0,0.0,0.0,0.0,0.0,0.0,4.0,0.0,0.0,0.0,0.0,3.0,18.0,0.0,0.0,0.0,0.0,0.0,0.0,1.0,4.0,2.0,-1.0,-1.0,锦州市黑山县,锦州市黑山县黑山街道,5.0,26.0,0.0,14.200000000000001,45.2,30.538095238095234,37.92040816326531,39.60348923533779
辽宁省,锦州市,黑山县,大虎山街道,122.1477595,41.6167343,0.0,12.0,3.0,11.0,46.0,3.0,0.0,0.0,1.0,0.0,0.0,0.0,0.0,0.0,0.0,0.0,0.0,0.0,0.0,0.0,7.0,0.0,2.0,0.0,0.0,9.0,28.0,0.0,0.0,0.0,0.0,1.0,0.0,4.0,8.0,6.0,0.0,3.0,1.0,6.0,24.0,3.0,0.0,0.0,1.0,0.0,0.0,0.0,0.0,0.0,0.0,0.0,0.0,0.0,0.0,0.0,2.0,0.0,1.0,0.0,0.0,3.0,12.0,0.0,0.0,0.0,0.0,1.0,0.0,4.0,6.0,4.0,1655741280.0,-1.0,锦州市黑山县,锦州市黑山县大虎山街道,12.0,26.0,0.0,7.0,45.0,30.538095238095234,37.92040816326531,39.60348923533779
辽宁省,锦州市,黑山县,芳山镇,122.0681039,41.9006486,0.0,0.0,4.0,2.0,13.0,0.0,0.0,0.0,0.0,0.0,0.0,0.0,0.0,0.0,0.0,0.0,0.0,0.0,0.0,0.0,0.0,0.0,0.0,0.0,0.0,11.0,30.0,0.0,0.0,0.0,0.0,1.0,0.0,3.0,4.0,3.0,0.0,0.0,3.0,0.0,7.0,0.0,0.0,0.0,0.0,0.0,0.0,0.0,0.0,0.0,0.0,0.0,0.0,0.0,0.0,0.0,0.0,0.0,0.0,0.0,0.0,4.0,22.0,0.0,0.0,0.0,0.0,1.0,0.0,2.0,3.0,1.0,2276490884.0,-1.0,锦州市黑山县,锦州市黑山县芳山镇,12.0,13.7,0.0,6.7,32.4,30.538095238095234,37.92040816326531,39.60348923533779
辽宁省,锦州市,黑山县,白厂门镇,121.8728885,41.8282732,0.0,3.0,1.0,3.0,0.0,0.0,0.0,0.0,0.0,0.0,0.0,0.0,0.0,0.0,0.0,0.0,0.0,0.0,0.0,0.0,1.0,0.0,0.0,0.0,0.0,10.0,0.0,0.0,0.0,1.0,0.0,0.0,0.0,6.0,5.0,1.0,0.0,1.0,1.0,2.0,0.0,0.0,0.0,0.0,0.0,0.0,0.0,0.0,0.0,0.0,0.0,0.0,0.0,0.0,0.0,0.0,1.0,0.0,0.0,0.0,0.0,3.0,0.0,0.0,0.0,0.0,0.0,0.0,0.0,1.0,4.0,1.0,2276510047.0,-1.0,锦州市黑山县,锦州市黑山县白厂门镇,12.0,10.5,0.0,0.6,23.1,30.538095238095234,37.92040816326531,39.60348923533779
辽宁省,锦州市,黑山县,常兴镇,122.2767755,41.6542396,0.0,1.0,1.0,6.0,3.0,0.0,0.0,0.0,0.0,0.0,0.0,0.0,0.0,0.0,0.0,0.0,0.0,0.0,0.0,0.0,0.0,0.0,0.0,0.0,0.0,16.0,0.0,0.0,0.0,0.0,0.0,0.0,0.0,1.0,5.0,0.0,0.0,1.0,1.0,2.0,0.0,0.0,0.0,0.0,0.0,0.0,0.0,0.0,0.0,0.0,0.0,0.0,0.0,0.0,0.0,0.0,0.0,0.0,0.0,0.0,0.0,2.0,0.0,0.0,0.0,0.0,0.0,0.0,0.0,1.0,3.0,0.0,2276475421.0,-1.0,锦州市黑山县,锦州市黑山县常兴镇,12.0,13.1,0.0,0.0,25.1,30.538095238095234,37.92040816326531,39.60348923533779
辽宁省,锦州市,黑山县,姜屯镇,122.4169612,41.7039359,0.0,3.0,1.0,0.0,3.0,0.0,0.0,0.0,0.0,0.0,0.0,0.0,0.0,0.0,0.0,0.0,0.0,0.0,0.0,0.0,1.0,0.0,0.0,0.0,0.0,8.0,1.0,0.0,0.0,0.0,0.0,0.0,0.0,1.0,4.0,2.0,0.0,1.0,1.0,0.0,0.0,0.0,0.0,0.0,0.0,0.0,0.0,0.0,0.0,0.0,0.0,0.0,0.0,0.0,0.0,0.0,0.0,0.0,0.0,0.0,0.0,3.0,0.0,0.0,0.0,0.0,0.0,0.0,0.0,1.0,2.0,0.0,2276948423.0,-1.0,锦州市黑山县,锦州市黑山县姜屯镇,12.0,7.6,0.0,1.1,20.700000000000003,30.538095238095234,37.92040816326531,39.60348923533779
辽宁省,锦州市,黑山县,励家镇,122.3524724,41.7339942,0.0,3.0,1.0,1.0,20.0,0.0,0.0,0.0,0.0,0.0,0.0,0.0,0.0,0.0,0.0,0.0,0.0,0.0,0.0,0.0,1.0,0.0,0.0,0.0,0.0,17.0,52.0,0.0,0.0,0.0,0.0,0.0,0.0,3.0,6.0,2.0,0.0,3.0,1.0,0.0,4.0,0.0,0.0,0.0,0.0,0.0,0.0,0.0,0.0,0.0,0.0,0.0,0.0,0.0,0.0,0.0,0.0,0.0,0.0,0.0,0.0,4.0,38.0,0.0,0.0,0.0,0.0,0.0,0.0,3.0,4.0,0.0,1655741304.0,-1.0,锦州市黑山县,锦州市黑山县励家镇,12.0,14.2,0.0,10.0,36.2,30.538095238095234,37.92040816326531,39.60348923533779
辽宁省,锦州市,黑山县,绕阳河镇,122.4617674,41.790835,0.0,0.0,1.0,3.0,3.0,0.0,0.0,0.0,2.0,0.0,0.0,0.0,0.0,0.0,0.0,0.0,0.0,0.0,0.0,0.0,1.0,0.0,0.0,0.0,0.0,15.0,3.0,0.0,0.0,0.0,0.0,0.0,0.0,3.0,5.0,1.0,0.0,0.0,1.0,1.0,1.0,0.0,0.0,0.0,2.0,0.0,0.0,0.0,0.0,0.0,0.0,0.0,0.0,0.0,0.0,0.0,0.0,0.0,0.0,0.0,0.0,3.0,2.0,0.0,0.0,0.0,0.0,0.0,0.0,3.0,3.0,0.0,1655741313.0,-1.0,锦州市黑山县,锦州市黑山县绕阳河镇,12.0,13.4,0.0,1.0,26.4,30.538095238095234,37.92040816326531,39.60348923533779
辽宁省,锦州市,黑山县,半拉门镇,122.4408306,41.8604847,6.0,0.0,1.0,0.0,2.0,0.0,0.0,0.0,0.0,0.0,0.0,0.0,0.0,0.0,0.0,0.0,0.0,0.0,0.0,0.0,0.0,0.0,0.0,0.0,0.0,11.0,5.0,0.0,0.0,0.0,0.0,0.0,0.0,6.0,4.0,0.0,6.0,0.0,1.0,0.0,2.0,0.0,0.0,0.0,0.0,0.0,0.0,0.0,0.0,0.0,0.0,0.0,0.0,0.0,0.0,0.0,0.0,0.0,0.0,0.0,0.0,4.0,5.0,0.0,0.0,0.0,0.0,0.0,0.0,6.0,4.0,0.0,2277868773.0,-1.0,锦州市黑山县,锦州市黑山县半拉门镇,12.0,8.0,0.0,1.0,21.0,30.538095238095234,37.92040816326531,39.60348923533779
辽宁省,锦州市,黑山县,无梁殿镇,122.2666737,41.8808729,0.0,1.0,1.0,0.0,18.0,2.0,0.0,0.0,0.0,0.0,0.0,0.0,0.0,0.0,0.0,0.0,0.0,0.0,0.0,0.0,0.0,0.0,0.0,0.0,0.0,11.0,28.0,0.0,0.0,0.0,0.0,0.0,0.0,1.0,5.0,1.0,0.0,1.0,1.0,0.0,6.0,0.0,0.0,0.0,0.0,0.0,0.0,0.0,0.0,0.0,0.0,0.0,0.0,0.0,0.0,0.0,0.0,0.0,0.0,0.0,0.0,3.0,5.0,0.0,0.0,0.0,0.0,0.0,0.0,1.0,3.0,0.0,2276948429.0,-1.0,锦州市黑山县,锦州市黑山县无梁殿镇,12.0,12.9,0.0,3.8000000000000003,28.7,30.538095238095234,37.92040816326531,39.60348923533779
辽宁省,锦州市,黑山县,胡家镇,122.198831,41.7644924,6.0,6.0,1.0,3.0,13.0,0.0,0.0,0.0,0.0,0.0,0.0,0.0,0.0,0.0,0.0,0.0,0.0,0.0,0.0,0.0,0.0,0.0,0.0,0.0,0.0,8.0,40.0,0.0,0.0,0.0,0.0,0.0,0.0,1.0,6.0,1.0,6.0,3.0,1.0,2.0,4.0,0.0,0.0,0.0,0.0,0.0,0.0,0.0,0.0,0.0,0.0,0.0,0.0,0.0,0.0,0.0,0.0,0.0,0.0,0.0,0.0,2.0,17.0,0.0,0.0,0.0,0.0,0.0,0.0,1.0,5.0,1.0,2276948428.0,-1.0,锦州市黑山县,锦州市黑山县胡家镇,12.0,14.8,0.0,6.2,33.0,30.538095238095234,37.92040816326531,39.60348923533779
辽宁省,锦州市,黑山县,新立屯镇,122.1624615,42.0043694,0.0,11.0,1.0,13.0,27.0,0.0,0.0,0.0,4.0,0.0,0.0,0.0,0.0,0.0,0.0,0.0,0.0,0.0,0.0,0.0,0.0,0.0,0.0,0.0,0.0,14.0,32.0,0.0,0.0,0.0,0.0,0.0,0.0,7.0,5.0,5.0,0.0,5.0,0.0,9.0,22.0,0.0,0.0,0.0,0.0,0.0,0.0,0.0,0.0,0.0,0.0,0.0,0.0,0.0,0.0,0.0,0.0,0.0,0.0,0.0,0.0,7.0,24.0,0.0,0.0,0.0,0.0,0.0,0.0,3.0,4.0,2.0,1655741356.0,-1.0,锦州市黑山县,锦州市黑山县新立屯镇,12.0,24.5,0.0,8.100000000000001,44.6,30.538095238095234,37.92040816326531,39.60348923533779
辽宁省,锦州市,黑山县,八道壕镇,121.9864364,41.817801,0.0,0.0,4.0,3.0,3.0,1.0,0.0,0.0,1.0,0.0,0.0,0.0,0.0,0.0,0.0,0.0,0.0,0.0,0.0,0.0,0.0,0.0,0.0,0.0,0.0,8.0,4.0,0.0,0.0,0.0,0.0,0.0,0.0,2.0,4.0,0.0,0.0,0.0,2.0,1.0,1.0,1.0,0.0,0.0,1.0,0.0,0.0,0.0,0.0,0.0,0.0,0.0,0.0,0.0,0.0,0.0,0.0,0.0,0.0,0.0,0.0,2.0,0.0,0.0,0.0,0.0,0.0,0.0,0.0,1.0,4.0,0.0,2277868774.0,-1.0,锦州市黑山县,锦州市黑山县八道壕镇,12.0,12.9,0.0,0.4,25.299999999999997,30.538095238095234,37.92040816326531,39.60348923533779
辽宁省,锦州市,黑山县,四家子镇,122.2248691,41.5523692,0.0,5.0,3.0,3.0,5.0,0.0,0.0,0.0,0.0,0.0,0.0,0.0,0.0,0.0,0.0,0.0,0.0,0.0,0.0,0.0,0.0,0.0,0.0,0.0,0.0,16.0,1.0,0.0,0.0,0.0,0.0,0.0,0.0,1.0,9.0,1.0,0.0,0.0,3.0,1.0,0.0,0.0,0.0,0.0,0.0,0.0,0.0,0.0,0.0,0.0,0.0,0.0,0.0,0.0,0.0,0.0,0.0,0.0,0.0,0.0,0.0,2.0,0.0,0.0,0.0,0.0,0.0,0.0,0.0,1.0,5.0,1.0,3405642854.0,-1.0,锦州市黑山县,锦州市黑山县四家子镇,12.0,13.0,0.0,0.6,25.6,30.538095238095234,37.92040816326531,39.60348923533779
辽宁省,锦州市,黑山县,新兴镇,122.4330581,41.6354283,0.0,7.0,0.0,0.0,0.0,0.0,0.0,0.0,0.0,0.0,0.0,0.0,0.0,0.0,0.0,0.0,0.0,0.0,0.0,0.0,0.0,0.0,0.0,0.0,0.0,6.0,0.0,0.0,0.0,0.0,0.0,0.0,0.0,1.0,1.0,1.0,0.0,3.0,0.0,0.0,0.0,0.0,0.0,0.0,0.0,0.0,0.0,0.0,0.0,0.0,0.0,0.0,0.0,0.0,0.0,0.0,0.0,0.0,0.0,0.0,0.0,2.0,0.0,0.0,0.0,0.0,0.0,0.0,0.0,1.0,1.0,0.0,2276407613.0,-1.0,锦州市黑山县,锦州市黑山县新兴镇,12.0,5.5,0.0,0.5,18.0,30.538095238095234,37.92040816326531,39.60348923533779
辽宁省,锦州市,黑山县,太和镇,122.0862978,41.8081216,0.0,0.0,2.0,1.0,25.0,0.0,0.0,0.0,0.0,0.0,0.0,0.0,0.0,0.0,0.0,0.0,0.0,0.0,0.0,0.0,0.0,0.0,0.0,0.0,0.0,15.0,37.0,0.0,0.0,0.0,0.0,0.0,0.0,1.0,4.0,0.0,0.0,0.0,2.0,0.0,4.0,0.0,0.0,0.0,0.0,0.0,0.0,0.0,0.0,0.0,0.0,0.0,0.0,0.0,0.0,0.0,0.0,0.0,0.0,0.0,0.0,2.0,11.0,0.0,0.0,0.0,0.0,0.0,0.0,1.0,2.0,0.0,3328516715.0,-1.0,锦州市黑山县,锦州市黑山县太和镇,12.0,14.2,0.0,4.800000000000001,31.0,30.538095238095234,37.92040816326531,39.60348923533779
辽宁省,锦州市,黑山县,镇安镇,122.1306958,41.7091812,11.0,5.0,6.0,12.0,70.0,1.0,0.0,3.0,0.0,0.0,0.0,0.0,0.0,0.0,0.0,0.0,0.0,0.0,0.0,1.0,5.0,0.0,0.0,0.0,0.0,14.0,79.0,0.0,0.0,0.0,0.0,2.0,1.0,2.0,9.0,5.0,5.0,1.0,0.0,1.0,4.0,0.0,0.0,0.0,0.0,0.0,0.0,0.0,0.0,0.0,0.0,0.0,0.0,0.0,0.0,0.0,4.0,0.0,0.0,0.0,0.0,4.0,22.0,0.0,0.0,0.0,0.0,0.0,0.0,1.0,4.0,2.0,6505988437.0,-1.0,锦州市黑山县,锦州市黑山县镇安镇,12.0,24.0,0.0,12.600000000000001,48.6,30.538095238095234,37.92040816326531,39.60348923533779
辽宁省,锦州市,黑山县,英城子乡,122.2848226,42.0085326,0.0,3.0,0.0,1.0,15.0,0.0,0.0,0.0,0.0,0.0,1.0,0.0,0.0,0.0,0.0,0.0,0.0,0.0,0.0,0.0,0.0,0.0,0.0,0.0,0.0,8.0,0.0,0.0,0.0,0.0,0.0,0.0,0.0,1.0,4.0,1.0,0.0,1.0,0.0,1.0,3.0,0.0,0.0,0.0,0.0,0.0,0.0,0.0,0.0,0.0,0.0,0.0,0.0,0.0,0.0,0.0,0.0,0.0,0.0,0.0,0.0,2.0,0.0,0.0,0.0,0.0,0.0,0.0,0.0,1.0,4.0,0.0,2277868009.0,-1.0,锦州市黑山县,锦州市黑山县英城子乡,12.0,13.9,0.0,0.5,26.4,30.538095238095234,37.92040816326531,39.60348923533779
辽宁省,锦州市,黑山县,段家乡,122.06756,41.5951493,0.0,0.0,1.0,11.0,5.0,0.0,0.0,0.0,0.0,0.0,0.0,0.0,0.0,0.0,0.0,0.0,0.0,0.0,0.0,0.0,0.0,0.0,0.0,0.0,0.0,22.0,0.0,0.0,0.0,0.0,0.0,0.0,0.0,4.0,4.0,3.0,0.0,0.0,0.0,3.0,2.0,0.0,0.0,0.0,0.0,0.0,0.0,0.0,0.0,0.0,0.0,0.0,0.0,0.0,0.0,0.0,0.0,0.0,0.0,0.0,0.0,12.0,0.0,0.0,0.0,0.0,0.0,0.0,0.0,1.0,2.0,1.0,2277879089.0,-1.0,锦州市黑山县,锦州市黑山县段家乡,12.0,13.6,0.0,1.5,27.1,30.538095238095234,37.92040816326531,39.60348923533779
辽宁省,锦州市,黑山县,大兴乡,122.3434859,41.6485229,0.0,1.0,1.0,3.0,0.0,0.0,0.0,0.0,0.0,0.0,0.0,0.0,0.0,0.0,0.0,0.0,0.0,0.0,0.0,0.0,0.0,0.0,0.0,0.0,0.0,10.0,0.0,0.0,0.0,0.0,0.0,0.0,0.0,1.0,3.0,0.0,0.0,1.0,1.0,2.0,0.0,0.0,0.0,0.0,0.0,0.0,0.0,0.0,0.0,0.0,0.0,0.0,0.0,0.0,0.0,0.0,0.0,0.0,0.0,0.0,0.0,2.0,0.0,0.0,0.0,0.0,0.0,0.0,0.0,1.0,3.0,0.0,6505988436.0,-1.0,锦州市黑山县,锦州市黑山县大兴乡,12.0,9.5,0.0,0.0,21.5,30.538095238095234,37.92040816326531,39.60348923533779
辽宁省,锦州市,黑山县,薛屯乡,122.1763369,41.8823431,0.0,0.0,1.0,4.0,30.0,0.0,0.0,0.0,0.0,0.0,0.0,0.0,0.0,0.0,0.0,0.0,0.0,0.0,0.0,0.0,1.0,0.0,0.0,0.0,0.0,11.0,35.0,0.0,0.0,0.0,0.0,0.0,0.0,1.0,4.0,3.0,0.0,0.0,1.0,1.0,5.0,0.0,0.0,0.0,0.0,0.0,0.0,0.0,0.0,0.0,0.0,0.0,0.0,0.0,0.0,0.0,0.0,0.0,0.0,0.0,0.0,3.0,9.0,0.0,0.0,0.0,0.0,0.0,0.0,1.0,4.0,1.0,2277868770.0,-1.0,锦州市黑山县,锦州市黑山县薛屯乡,12.0,18.5,0.0,5.9,36.4,30.538095238095234,37.92040816326531,39.60348923533779
辽宁省,锦州市,义县,义州街道,121.2309775,41.5323729,4.0,6.0,0.0,28.0,41.0,1.0,0.0,15.0,3.0,0.0,0.0,2.0,3.0,3.0,9.0,9.0,1.0,0.0,0.0,0.0,5.0,1.0,0.0,0.0,0.0,17.0,14.0,0.0,1.0,0.0,1.0,3.0,3.0,10.0,9.0,10.0,1.0,2.0,0.0,7.0,17.0,0.0,0.0,1.0,1.0,0.0,0.0,1.0,0.0,0.0,3.0,3.0,0.0,0.0,0.0,0.0,4.0,1.0,0.0,0.0,0.0,4.0,3.0,0.0,0.0,0.0,0.0,0.0,2.0,7.0,6.0,4.0,6487189380.0,9607313.0,锦州市义县,锦州市义县义州街道,20.0,26.0,10.0,5.7,61.7,32.38333333333333,37.92040816326531,39.60348923533779
辽宁省,锦州市,义县,城关街道,121.2464353,41.5350155,5.0,6.0,2.0,28.0,48.0,1.0,0.0,15.0,2.0,0.0,0.0,2.0,3.0,3.0,9.0,9.0,1.0,0.0,0.0,0.0,4.0,1.0,0.0,0.0,0.0,17.0,16.0,0.0,1.0,0.0,1.0,3.0,3.0,11.0,13.0,9.0,3.0,2.0,0.0,6.0,17.0,0.0,0.0,10.0,1.0,0.0,0.0,0.0,0.0,0.0,2.0,2.0,0.0,0.0,0.0,0.0,2.0,0.0,0.0,0.0,0.0,4.0,5.0,0.0,1.0,0.0,1.0,0.0,1.0,4.0,7.0,3.0,6487189379.0,9607312.0,锦州市义县,锦州市义县城关街道,20.0,26.0,10.0,6.1,62.1,32.38333333333333,37.92040816326531,39.60348923533779
辽宁省,锦州市,义县,刘龙台镇,120.9180575,41.5105997,4.0,5.0,3.0,2.0,3.0,0.0,0.0,0.0,0.0,0.0,0.0,0.0,0.0,0.0,0.0,0.0,0.0,0.0,0.0,0.0,2.0,0.0,0.0,0.0,0.0,9.0,5.0,0.0,0.0,0.0,0.0,0.0,0.0,5.0,6.0,1.0,4.0,3.0,0.0,0.0,2.0,0.0,0.0,0.0,0.0,0.0,0.0,0.0,0.0,0.0,0.0,0.0,0.0,0.0,0.0,0.0,0.0,0.0,0.0,0.0,0.0,3.0,0.0,0.0,0.0,0.0,0.0,0.0,0.0,1.0,3.0,0.0,3396839558.0,-1.0,锦州市义县,锦州市义县刘龙台镇,12.0,11.2,0.0,1.0,24.2,32.38333333333333,37.92040816326531,39.60348923533779
辽宁省,锦州市,义县,七里河镇,121.2542649,41.3393934,1.0,1.0,0.0,1.0,17.0,0.0,0.0,0.0,1.0,0.0,0.0,0.0,0.0,0.0,0.0,0.0,0.0,0.0,0.0,0.0,1.0,0.0,0.0,0.0,0.0,14.0,15.0,0.0,0.0,1.0,0.0,0.0,0.0,5.0,8.0,2.0,0.0,1.0,0.0,0.0,5.0,0.0,0.0,0.0,1.0,0.0,0.0,0.0,0.0,0.0,0.0,0.0,0.0,0.0,0.0,0.0,0.0,0.0,0.0,0.0,0.0,3.0,0.0,0.0,0.0,0.0,0.0,0.0,0.0,2.0,3.0,1.0,3393309617.0,-1.0,锦州市义县,锦州市义县七里河镇,12.0,16.9,0.0,2.6,31.5,32.38333333333333,37.92040816326531,39.60348923533779
辽宁省,锦州市,义县,大榆树堡镇,121.4551011,41.5208901,1.0,0.0,3.0,7.0,27.0,0.0,0.0,0.0,0.0,0.0,0.0,0.0,0.0,0.0,0.0,0.0,0.0,0.0,0.0,0.0,3.0,0.0,0.0,0.0,0.0,10.0,19.0,0.0,0.0,0.0,0.0,0.0,0.0,1.0,6.0,4.0,0.0,0.0,3.0,3.0,4.0,0.0,0.0,0.0,0.0,0.0,0.0,0.0,0.0,0.0,0.0,0.0,0.0,0.0,0.0,0.0,2.0,0.0,0.0,0.0,0.0,2.0,5.0,0.0,0.0,0.0,0.0,0.0,0.0,1.0,4.0,2.0,2276680426.0,-1.0,锦州市义县,锦州市义县大榆树堡镇,12.0,19.6,0.0,4.4,36.0,32.38333333333333,37.92040816326531,39.60348923533779
辽宁省,锦州市,义县,稍户营子镇,121.5767194,41.7608563,0.0,1.0,0.0,10.0,42.0,0.0,0.0,0.0,0.0,0.0,0.0,0.0,0.0,0.0,0.0,0.0,0.0,0.0,0.0,0.0,3.0,0.0,0.0,0.0,0.0,14.0,8.0,0.0,0.0,0.0,0.0,0.0,0.0,5.0,4.0,1.0,0.0,0.0,0.0,8.0,8.0,0.0,0.0,0.0,0.0,0.0,0.0,0.0,0.0,0.0,0.0,0.0,0.0,0.0,0.0,0.0,0.0,0.0,0.0,0.0,0.0,3.0,4.0,0.0,0.0,0.0,0.0,0.0,0.0,1.0,3.0,0.0,2277869918.0,-1.0,锦州市义县,锦州市义县稍户营子镇,12.0,22.0,0.0,1.7000000000000002,35.7,32.38333333333333,37.92040816326531,39.60348923533779
辽宁省,锦州市,义县,九道岭镇,121.3026658,41.591412,3.0,3.0,0.0,4.0,55.0,1.0,0.0,0.0,0.0,0.0,0.0,0.0,0.0,0.0,0.0,0.0,0.0,0.0,0.0,0.0,0.0,0.0,0.0,0.0,0.0,18.0,65.0,0.0,0.0,0.0,0.0,0.0,0.0,4.0,7.0,1.0,0.0,0.0,0.0,4.0,11.0,0.0,0.0,0.0,0.0,0.0,0.0,0.0,0.0,0.0,0.0,0.0,0.0,0.0,0.0,0.0,0.0,0.0,0.0,0.0,0.0,4.0,11.0,0.0,0.0,0.0,0.0,0.0,0.0,2.0,3.0,1.0,2276680417.0,-1.0,锦州市义县,锦州市义县九道岭镇,12.0,23.5,0.0,8.100000000000001,43.6,32.38333333333333,37.92040816326531,39.60348923533779
辽宁省,锦州市,义县,高台子镇,121.3605097,41.698772,0.0,1.0,0.0,2.0,7.0,0.0,0.0,0.0,0.0,0.0,0.0,0.0,0.0,0.0,0.0,0.0,0.0,0.0,0.0,0.0,0.0,0.0,0.0,0.0,0.0,13.0,0.0,0.0,0.0,0.0,0.0,0.0,0.0,8.0,5.0,1.0,0.0,1.0,0.0,2.0,0.0,0.0,0.0,0.0,0.0,0.0,0.0,0.0,0.0,0.0,0.0,0.0,0.0,0.0,0.0,0.0,0.0,0.0,0.0,0.0,0.0,5.0,0.0,0.0,0.0,0.0,0.0,0.0,0.0,1.0,2.0,0.0,3392598892.0,-1.0,锦州市义县,锦州市义县高台子镇,12.0,10.9,0.0,0.5,23.4,32.38333333333333,37.92040816326531,39.60348923533779
辽宁省,锦州市,义县,瓦子峪镇,121.5243635,41.678352,0.0,0.0,0.0,8.0,45.0,0.0,0.0,0.0,0.0,0.0,0.0,0.0,0.0,0.0,0.0,0.0,0.0,0.0,0.0,0.0,5.0,0.0,0.0,0.0,0.0,8.0,49.0,0.0,0.0,1.0,0.0,1.0,0.0,1.0,4.0,5.0,0.0,0.0,0.0,4.0,17.0,0.0,0.0,0.0,0.0,0.0,0.0,0.0,0.0,0.0,0.0,0.0,0.0,0.0,0.0,0.0,0.0,0.0,0.0,0.0,0.0,1.0,21.0,0.0,0.0,1.0,0.0,0.0,0.0,1.0,4.0,2.0,4765811623.0,-1.0,锦州市义县,锦州市义县瓦子峪镇,12.0,21.1,0.0,9.7,42.8,32.38333333333333,37.92040816326531,39.60348923533779
辽宁省,锦州市,义县,头台镇,121.1956797,41.6415351,1.0,0.0,3.0,0.0,19.0,0.0,0.0,0.0,0.0,0.0,0.0,0.0,0.0,0.0,0.0,0.0,0.0,0.0,0.0,0.0,2.0,0.0,0.0,0.0,0.0,7.0,18.0,0.0,0.0,0.0,0.0,0.0,1.0,2.0,4.0,2.0,0.0,0.0,1.0,0.0,4.0,0.0,0.0,0.0,0.0,0.0,0.0,0.0,0.0,0.0,0.0,0.0,0.0,0.0,0.0,0.0,0.0,0.0,0.0,0.0,0.0,2.0,1.0,0.0,0.0,0.0,0.0,0.0,0.0,1.0,3.0,0.0,-1.0,-1.0,锦州市义县,锦州市义县头台镇,5.0,12.0,0.0,2.9000000000000004,19.9,32.38333333333333,37.92040816326531,39.60348923533779
辽宁省,锦州市,义县,前杨镇,121.2149058,41.5068233,1.0,2.0,0.0,13.0,7.0,4.0,0.0,3.0,1.0,0.0,0.0,1.0,1.0,1.0,3.0,3.0,0.0,0.0,0.0,0.0,1.0,0.0,0.0,0.0,0.0,18.0,4.0,0.0,0.0,0.0,0.0,1.0,1.0,6.0,7.0,7.0,0.0,0.0,0.0,2.0,0.0,3.0,0.0,0.0,0.0,0.0,0.0,0.0,0.0,0.0,0.0,0.0,0.0,0.0,0.0,0.0,1.0,0.0,0.0,0.0,0.0,2.0,0.0,0.0,0.0,0.0,0.0,0.0,0.0,5.0,2.0,2.0,3373205112.0,-1.0,锦州市义县,锦州市义县前杨镇,12.0,16.9,5.0,3.9,37.8,32.38333333333333,37.92040816326531,39.60348923533779
辽宁省,锦州市,义县,张家堡镇,121.4311102,41.3891746,4.0,0.0,2.0,0.0,21.0,0.0,0.0,0.0,0.0,0.0,0.0,0.0,0.0,0.0,0.0,0.0,0.0,0.0,0.0,0.0,0.0,0.0,0.0,0.0,0.0,7.0,18.0,0.0,0.0,0.0,0.0,0.0,0.0,2.0,5.0,2.0,2.0,0.0,2.0,0.0,3.0,0.0,0.0,0.0,0.0,0.0,0.0,0.0,0.0,0.0,0.0,0.0,0.0,0.0,0.0,0.0,0.0,0.0,0.0,0.0,0.0,2.0,7.0,0.0,0.0,0.0,0.0,0.0,0.0,1.0,3.0,0.0,3372876408.0,-1.0,锦州市义县,锦州市义县张家堡镇,12.0,12.6,0.0,3.5,28.1,32.38333333333333,37.92040816326531,39.60348923533779
辽宁省,锦州市,义县,头道河镇,121.1420784,41.5216052,7.0,0.0,1.0,0.0,0.0,0.0,0.0,0.0,0.0,0.0,1.0,1.0,0.0,0.0,0.0,0.0,0.0,0.0,0.0,0.0,0.0,0.0,0.0,0.0,0.0,19.0,1.0,0.0,0.0,0.0,1.0,0.0,0.0,1.0,2.0,1.0,3.0,0.0,1.0,0.0,0.0,0.0,0.0,0.0,0.0,0.0,0.0,1.0,0.0,0.0,0.0,0.0,0.0,0.0,0.0,0.0,0.0,0.0,0.0,0.0,0.0,5.0,1.0,0.0,0.0,0.0,0.0,0.0,0.0,1.0,2.0,1.0,-1.0,-1.0,锦州市义县,锦州市义县头道河镇,5.0,8.0,5.0,0.7,18.7,32.38333333333333,37.92040816326531,39.60348923533779
辽宁省,锦州市,义县,留龙沟镇,121.0490195,41.401243,0.0,3.0,0.0,1.0,0.0,0.0,0.0,0.0,0.0,0.0,0.0,0.0,0.0,0.0,0.0,0.0,0.0,0.0,0.0,0.0,0.0,0.0,0.0,0.0,0.0,13.0,0.0,0.0,0.0,6.0,0.0,0.0,1.0,2.0,2.0,2.0,0.0,1.0,0.0,1.0,0.0,0.0,0.0,0.0,0.0,0.0,0.0,0.0,0.0,0.0,0.0,0.0,0.0,0.0,0.0,0.0,0.0,0.0,0.0,0.0,0.0,4.0,0.0,0.0,0.0,0.0,0.0,0.0,0.0,1.0,2.0,0.0,2279584899.0,-1.0,锦州市义县,锦州市义县留龙沟镇,12.0,7.0,0.0,1.6,20.6,32.38333333333333,37.92040816326531,39.60348923533779
辽宁省,锦州市,义县,聚粮屯镇,121.3141256,41.5083209,0.0,0.0,0.0,6.0,31.0,0.0,0.0,0.0,0.0,0.0,0.0,0.0,0.0,0.0,0.0,0.0,0.0,0.0,0.0,0.0,0.0,0.0,0.0,0.0,0.0,23.0,5.0,0.0,0.0,0.0,0.0,0.0,0.0,2.0,3.0,0.0,0.0,0.0,0.0,5.0,9.0,0.0,0.0,0.0,0.0,0.0,0.0,0.0,0.0,0.0,0.0,0.0,0.0,0.0,0.0,0.0,0.0,0.0,0.0,0.0,0.0,4.0,0.0,0.0,0.0,0.0,0.0,0.0,0.0,1.0,3.0,0.0,3373094197.0,-1.0,锦州市义县,锦州市义县聚粮屯镇,12.0,15.4,0.0,0.5,27.9,32.38333333333333,37.92040816326531,39.60348923533779
辽宁省,锦州市,义县,地藏寺满族乡,120.9483776,41.423934,0.0,1.0,0.0,0.0,5.0,0.0,0.0,0.0,0.0,0.0,0.0,0.0,0.0,0.0,0.0,0.0,0.0,0.0,0.0,0.0,0.0,0.0,0.0,0.0,0.0,12.0,0.0,0.0,0.0,0.0,0.0,0.0,0.0,1.0,3.0,0.0,0.0,1.0,0.0,0.0,3.0,0.0,0.0,0.0,0.0,0.0,0.0,0.0,0.0,0.0,0.0,0.0,0.0,0.0,0.0,0.0,0.0,0.0,0.0,0.0,0.0,2.0,0.0,0.0,0.0,0.0,0.0,0.0,0.0,1.0,3.0,0.0,2279575406.0,-1.0,锦州市义县,锦州市义县地藏寺满族乡,12.0,8.4,0.0,0.0,20.4,32.38333333333333,37.92040816326531,39.60348923533779
辽宁省,锦州市,义县,大定堡满族乡,121.1182849,41.3994563,0.0,0.0,0.0,1.0,1.0,0.0,0.0,0.0,0.0,0.0,0.0,0.0,0.0,0.0,0.0,0.0,0.0,0.0,0.0,0.0,0.0,0.0,0.0,0.0,0.0,12.0,0.0,0.0,0.0,0.0,0.0,0.0,0.0,2.0,3.0,4.0,0.0,0.0,0.0,1.0,1.0,0.0,0.0,0.0,0.0,0.0,0.0,0.0,0.0,0.0,0.0,0.0,0.0,0.0,0.0,0.0,0.0,0.0,0.0,0.0,0.0,3.0,0.0,0.0,0.0,0.0,0.0,0.0,0.0,1.0,2.0,1.0,2279579921.0,-1.0,锦州市义县,锦州市义县大定堡满族乡,12.0,3.0,0.0,2.0,17.0,32.38333333333333,37.92040816326531,39.60348923533779
辽宁省,锦州市,义县,白庙子乡,121.3760697,41.3889966,4.0,0.0,0.0,2.0,18.0,0.0,0.0,0.0,0.0,0.0,0.0,0.0,0.0,0.0,0.0,0.0,0.0,0.0,0.0,0.0,0.0,0.0,0.0,0.0,0.0,9.0,15.0,0.0,0.0,0.0,0.0,0.0,0.0,2.0,5.0,2.0,3.0,0.0,0.0,2.0,9.0,0.0,0.0,0.0,0.0,0.0,0.0,0.0,0.0,0.0,0.0,0.0,0.0,0.0,0.0,0.0,0.0,0.0,0.0,0.0,0.0,4.0,12.0,0.0,0.0,0.0,0.0,0.0,0.0,1.0,4.0,0.0,3372890724.0,-1.0,锦州市义县,锦州市义县白庙子乡,12.0,15.8,0.0,3.7,31.5,32.38333333333333,37.92040816326531,39.60348923533779
辽宁省,锦州市,凌海市,大凌河街道,121.3537276,41.1741391,5.0,11.0,13.0,18.0,42.0,11.0,0.0,10.0,2.0,3.0,0.0,0.0,1.0,1.0,3.0,3.0,0.0,0.0,2.0,0.0,21.0,0.0,4.0,0.0,0.0,3.0,38.0,0.0,0.0,1.0,0.0,4.0,0.0,9.0,10.0,6.0,0.0,4.0,4.0,10.0,26.0,9.0,0.0,0.0,1.0,2.0,0.0,0.0,1.0,1.0,1.0,1.0,0.0,0.0,2.0,0.0,13.0,0.0,2.0,0.0,0.0,2.0,18.0,0.0,0.0,0.0,0.0,3.0,0.0,4.0,6.0,4.0,6503556288.0,-1.0,锦州市凌海市,锦州市凌海市大凌河街道,10.0,28.0,12.0,8.7,58.7,29.130000000000003,37.92040816326531,39.60348923533779
辽宁省,锦州市,凌海市,金城街道,121.4054254,41.190993,6.0,1.0,0.0,7.0,29.0,0.0,0.0,0.0,0.0,0.0,0.0,0.0,0.0,0.0,0.0,0.0,0.0,0.0,0.0,0.0,1.0,0.0,3.0,0.0,0.0,11.0,41.0,0.0,0.0,7.0,0.0,1.0,0.0,5.0,5.0,6.0,2.0,1.0,0.0,4.0,4.0,0.0,0.0,0.0,0.0,0.0,0.0,0.0,0.0,0.0,0.0,0.0,0.0,0.0,0.0,0.0,0.0,0.0,2.0,0.0,0.0,1.0,10.0,0.0,0.0,7.0,0.0,1.0,0.0,3.0,4.0,3.0,3372827911.0,-1.0,锦州市凌海市,锦州市凌海市金城街道,12.0,19.5,0.0,9.5,41.0,29.130000000000003,37.92040816326531,39.60348923533779
辽宁省,锦州市,凌海市,八千街道,121.5507153,40.9960643,0.0,0.0,1.0,4.0,4.0,0.0,0.0,0.0,0.0,0.0,0.0,0.0,0.0,0.0,0.0,0.0,0.0,0.0,0.0,0.0,0.0,0.0,0.0,0.0,0.0,13.0,2.0,0.0,0.0,0.0,0.0,0.0,0.0,1.0,4.0,0.0,0.0,0.0,0.0,2.0,1.0,0.0,0.0,0.0,0.0,0.0,0.0,0.0,0.0,0.0,0.0,0.0,0.0,0.0,0.0,0.0,0.0,0.0,0.0,0.0,0.0,4.0,0.0,0.0,0.0,0.0,0.0,0.0,0.0,1.0,2.0,0.0,3372828490.0,-1.0,锦州市凌海市,锦州市凌海市八千街道,12.0,12.1,0.0,0.2,24.3,29.130000000000003,37.92040816326531,39.60348923533779
辽宁省,锦州市,凌海市,石山镇,121.5067289,41.263483,2.0,0.0,2.0,8.0,2.0,0.0,0.0,0.0,0.0,0.0,0.0,0.0,0.0,0.0,0.0,0.0,0.0,0.0,0.0,0.0,0.0,0.0,0.0,0.0,0.0,13.0,0.0,0.0,0.0,0.0,0.0,0.0,0.0,2.0,5.0,2.0,2.0,0.0,2.0,4.0,0.0,0.0,0.0,0.0,0.0,0.0,0.0,0.0,0.0,0.0,0.0,0.0,0.0,0.0,0.0,0.0,0.0,0.0,0.0,0.0,0.0,5.0,0.0,0.0,0.0,0.0,0.0,0.0,0.0,2.0,3.0,0.0,1582507271.0,-1.0,锦州市凌海市,锦州市凌海市石山镇,12.0,12.9,0.0,1.0,25.9,29.130000000000003,37.92040816326531,39.60348923533779
辽宁省,锦州市,凌海市,余积镇,121.2827607,41.2973956,0.0,3.0,1.0,1.0,38.0,0.0,0.0,0.0,0.0,0.0,0.0,0.0,0.0,0.0,0.0,0.0,0.0,0.0,0.0,0.0,2.0,0.0,0.0,0.0,0.0,19.0,7.0,0.0,0.0,0.0,0.0,0.0,0.0,6.0,6.0,1.0,0.0,0.0,1.0,1.0,9.0,0.0,0.0,0.0,0.0,0.0,0.0,0.0,0.0,0.0,0.0,0.0,0.0,0.0,0.0,0.0,0.0,0.0,0.0,0.0,0.0,3.0,0.0,0.0,0.0,0.0,0.0,0.0,0.0,2.0,5.0,0.0,3393313358.0,-1.0,锦州市凌海市,锦州市凌海市余积镇,12.0,19.3,0.0,1.2000000000000002,32.5,29.130000000000003,37.92040816326531,39.60348923533779
辽宁省,锦州市,凌海市,双羊镇,121.2684878,41.1136215,3.0,3.0,2.0,2.0,40.0,0.0,0.0,0.0,1.0,0.0,0.0,0.0,0.0,0.0,1.0,1.0,0.0,0.0,0.0,0.0,4.0,0.0,2.0,0.0,0.0,11.0,138.0,0.0,0.0,0.0,0.0,3.0,0.0,10.0,11.0,6.0,1.0,2.0,0.0,0.0,7.0,0.0,0.0,0.0,1.0,0.0,0.0,0.0,0.0,0.0,1.0,1.0,0.0,0.0,0.0,0.0,0.0,0.0,2.0,0.0,0.0,2.0,44.0,0.0,0.0,0.0,0.0,0.0,0.0,4.0,4.0,3.0,1582507286.0,-1.0,锦州市凌海市,锦州市凌海市双羊镇,12.0,23.1,5.0,19.0,59.1,29.130000000000003,37.92040816326531,39.60348923533779
辽宁省,锦州市,凌海市,班吉塔镇,120.8677292,41.1921795,0.0,0.0,0.0,3.0,6.0,0.0,0.0,0.0,0.0,0.0,0.0,0.0,0.0,0.0,0.0,0.0,0.0,0.0,0.0,0.0,0.0,0.0,0.0,0.0,0.0,11.0,0.0,0.0,0.0,0.0,0.0,0.0,0.0,3.0,3.0,1.0,0.0,0.0,0.0,2.0,6.0,0.0,0.0,0.0,0.0,0.0,0.0,0.0,0.0,0.0,0.0,0.0,0.0,0.0,0.0,0.0,0.0,0.0,0.0,0.0,0.0,3.0,0.0,0.0,0.0,0.0,0.0,0.0,0.0,2.0,2.0,1.0,6503556287.0,-1.0,锦州市凌海市,锦州市凌海市班吉塔镇,12.0,7.5,0.0,0.5,20.0,29.130000000000003,37.92040816326531,39.60348923533779
辽宁省,锦州市,凌海市,沈家台镇,120.8501195,41.3228889,0.0,0.0,4.0,5.0,12.0,0.0,0.0,0.0,0.0,0.0,0.0,0.0,0.0,0.0,0.0,0.0,0.0,0.0,0.0,0.0,2.0,0.0,0.0,0.0,0.0,13.0,10.0,0.0,0.0,0.0,0.0,0.0,0.0,4.0,5.0,2.0,0.0,0.0,2.0,3.0,4.0,0.0,0.0,0.0,0.0,0.0,0.0,0.0,0.0,0.0,0.0,0.0,0.0,0.0,0.0,0.0,0.0,0.0,0.0,0.0,0.0,3.0,8.0,0.0,0.0,0.0,0.0,0.0,0.0,1.0,4.0,1.0,3412132926.0,-1.0,锦州市凌海市,锦州市凌海市沈家台镇,12.0,16.1,0.0,2.8,30.900000000000002,29.130000000000003,37.92040816326531,39.60348923533779
辽宁省,锦州市,凌海市,三台子镇,121.5837602,41.3455459,5.0,0.0,1.0,0.0,13.0,0.0,0.0,0.0,0.0,0.0,0.0,0.0,0.0,0.0,0.0,0.0,0.0,0.0,0.0,0.0,0.0,0.0,0.0,0.0,0.0,17.0,6.0,0.0,0.0,0.0,0.0,0.0,0.0,2.0,4.0,1.0,5.0,0.0,0.0,0.0,0.0,0.0,0.0,0.0,0.0,0.0,0.0,0.0,0.0,0.0,0.0,0.0,0.0,0.0,0.0,0.0,0.0,0.0,0.0,0.0,0.0,3.0,0.0,0.0,0.0,0.0,0.0,0.0,0.0,2.0,1.0,1.0,2292524875.0,-1.0,锦州市凌海市,锦州市凌海市三台子镇,12.0,9.6,0.0,1.1,22.700000000000003,29.130000000000003,37.92040816326531,39.60348923533779
辽宁省,锦州市,凌海市,右卫镇,121.5264059,41.1125574,0.0,0.0,1.0,2.0,25.0,0.0,0.0,0.0,0.0,0.0,0.0,0.0,0.0,0.0,0.0,0.0,0.0,0.0,0.0,0.0,0.0,0.0,0.0,0.0,0.0,7.0,4.0,0.0,0.0,0.0,0.0,0.0,0.0,2.0,4.0,2.0,0.0,0.0,1.0,2.0,10.0,0.0,0.0,0.0,0.0,0.0,0.0,0.0,0.0,0.0,0.0,0.0,0.0,0.0,0.0,0.0,0.0,0.0,0.0,0.0,0.0,3.0,4.0,0.0,0.0,0.0,0.0,0.0,0.0,1.0,4.0,0.0,3372828431.0,-1.0,锦州市凌海市,锦州市凌海市右卫镇,12.0,17.0,0.0,1.8,30.8,29.130000000000003,37.92040816326531,39.60348923533779
辽宁省,锦州市,凌海市,阎家镇,121.4376762,40.995044,0.0,0.0,0.0,3.0,1.0,0.0,0.0,0.0,0.0,0.0,0.0,0.0,0.0,0.0,0.0,0.0,0.0,0.0,0.0,0.0,0.0,0.0,0.0,0.0,0.0,14.0,0.0,0.0,0.0,0.0,0.0,0.0,0.0,1.0,2.0,0.0,0.0,0.0,0.0,1.0,1.0,0.0,0.0,0.0,0.0,0.0,0.0,0.0,0.0,0.0,0.0,0.0,0.0,0.0,0.0,0.0,0.0,0.0,0.0,0.0,0.0,4.0,0.0,0.0,0.0,0.0,0.0,0.0,0.0,1.0,2.0,0.0,3372841365.0,-1.0,锦州市凌海市,锦州市凌海市阎家镇,12.0,4.5,0.0,0.0,16.5,29.130000000000003,37.92040816326531,39.60348923533779
辽宁省,锦州市,凌海市,新庄子镇,121.3801638,41.0744036,0.0,2.0,0.0,0.0,25.0,0.0,0.0,0.0,0.0,0.0,0.0,0.0,0.0,0.0,0.0,0.0,0.0,0.0,0.0,0.0,0.0,0.0,0.0,0.0,0.0,15.0,2.0,0.0,0.0,0.0,0.0,0.0,0.0,3.0,4.0,0.0,0.0,0.0,0.0,0.0,6.0,0.0,0.0,0.0,0.0,0.0,0.0,0.0,0.0,0.0,0.0,0.0,0.0,0.0,0.0,0.0,0.0,0.0,0.0,0.0,0.0,2.0,0.0,0.0,0.0,0.0,0.0,0.0,0.0,1.0,2.0,0.0,6503556291.0,-1.0,锦州市凌海市,锦州市凌海市新庄子镇,12.0,13.8,0.0,0.2,26.0,29.130000000000003,37.92040816326531,39.60348923533779
辽宁省,锦州市,凌海市,翠岩镇,120.9521196,41.211643,0.0,0.0,1.0,0.0,0.0,0.0,0.0,0.0,0.0,0.0,0.0,0.0,0.0,0.0,0.0,0.0,0.0,0.0,0.0,0.0,0.0,0.0,0.0,0.0,0.0,14.0,0.0,0.0,0.0,0.0,0.0,0.0,0.0,2.0,1.0,2.0,0.0,0.0,1.0,0.0,0.0,0.0,0.0,0.0,0.0,0.0,0.0,0.0,0.0,0.0,0.0,0.0,0.0,0.0,0.0,0.0,0.0,0.0,0.0,0.0,0.0,1.0,0.0,0.0,0.0,0.0,0.0,0.0,0.0,1.0,1.0,1.0,3412166591.0,-1.0,锦州市凌海市,锦州市凌海市翠岩镇,12.0,5.5,0.0,1.0,18.5,29.130000000000003,37.92040816326531,39.60348923533779
辽宁省,锦州市,凌海市,安屯镇,121.6234568,41.0588882,0.0,0.0,0.0,3.0,34.0,0.0,0.0,0.0,0.0,0.0,0.0,0.0,0.0,0.0,0.0,0.0,0.0,0.0,0.0,0.0,0.0,0.0,0.0,0.0,0.0,10.0,64.0,0.0,0.0,0.0,0.0,1.0,0.0,6.0,3.0,1.0,0.0,0.0,0.0,1.0,5.0,0.0,0.0,0.0,0.0,0.0,0.0,0.0,0.0,0.0,0.0,0.0,0.0,0.0,0.0,0.0,0.0,0.0,0.0,0.0,0.0,2.0,5.0,0.0,0.0,0.0,0.0,0.0,0.0,1.0,3.0,0.0,3372812237.0,-1.0,锦州市凌海市,锦州市凌海市安屯镇,12.0,12.8,0.0,7.4,32.2,29.130000000000003,37.92040816326531,39.60348923533779
辽宁省,锦州市,凌海市,大业镇,121.2792845,41.2300072,0.0,0.0,3.0,0.0,10.0,2.0,0.0,0.0,0.0,0.0,0.0,0.0,0.0,0.0,0.0,0.0,0.0,0.0,0.0,0.0,5.0,0.0,0.0,0.0,0.0,18.0,0.0,0.0,0.0,0.0,0.0,0.0,0.0,4.0,5.0,2.0,0.0,0.0,3.0,0.0,6.0,0.0,0.0,0.0,0.0,0.0,0.0,0.0,0.0,0.0,0.0,0.0,0.0,0.0,0.0,0.0,1.0,0.0,0.0,0.0,0.0,4.0,0.0,0.0,0.0,0.0,0.0,0.0,0.0,1.0,2.0,2.0,3393314682.0,-1.0,锦州市凌海市,锦州市凌海市大业镇,12.0,11.3,0.0,1.0,24.3,29.130000000000003,37.92040816326531,39.60348923533779
辽宁省,锦州市,凌海市,建业镇,121.3339152,41.0025405,0.0,2.0,0.0,1.0,0.0,0.0,0.0,0.0,0.0,0.0,0.0,0.0,0.0,0.0,0.0,0.0,0.0,0.0,0.0,0.0,0.0,0.0,0.0,0.0,0.0,16.0,0.0,0.0,0.0,0.0,0.0,0.0,0.0,1.0,2.0,0.0,0.0,0.0,0.0,1.0,0.0,0.0,0.0,0.0,0.0,0.0,0.0,0.0,0.0,0.0,0.0,0.0,0.0,0.0,0.0,0.0,0.0,0.0,0.0,0.0,0.0,3.0,0.0,0.0,0.0,0.0,0.0,0.0,0.0,1.0,1.0,0.0,6503556289.0,-1.0,锦州市凌海市,锦州市凌海市建业镇,12.0,7.0,0.0,0.0,19.0,29.130000000000003,37.92040816326531,39.60348923533779
辽宁省,锦州市,凌海市,温滴楼镇,121.1341805,41.2141359,0.0,1.0,2.0,3.0,9.0,0.0,0.0,0.0,0.0,0.0,0.0,0.0,0.0,0.0,0.0,0.0,0.0,0.0,0.0,0.0,2.0,0.0,0.0,0.0,0.0,8.0,0.0,0.0,0.0,0.0,0.0,0.0,0.0,3.0,5.0,3.0,0.0,1.0,0.0,0.0,0.0,0.0,0.0,0.0,0.0,0.0,0.0,0.0,0.0,0.0,0.0,0.0,0.0,0.0,0.0,0.0,0.0,0.0,0.0,0.0,0.0,2.0,0.0,0.0,0.0,0.0,0.0,0.0,0.0,1.0,1.0,0.0,3396898294.0,-1.0,锦州市凌海市,锦州市凌海市温滴楼镇,12.0,12.3,0.0,1.5,25.8,29.130000000000003,37.92040816326531,39.60348923533779
辽宁省,锦州市,凌海市,白台子镇,121.4191569,41.2520569,0.0,0.0,0.0,8.0,19.0,0.0,0.0,0.0,0.0,0.0,0.0,0.0,0.0,0.0,0.0,0.0,0.0,0.0,0.0,0.0,0.0,0.0,0.0,0.0,0.0,10.0,5.0,0.0,0.0,0.0,0.0,0.0,0.0,1.0,3.0,2.0,0.0,0.0,0.0,6.0,4.0,0.0,0.0,0.0,0.0,0.0,0.0,0.0,0.0,0.0,0.0,0.0,0.0,0.0,0.0,0.0,0.0,0.0,0.0,0.0,0.0,3.0,2.0,0.0,0.0,0.0,0.0,0.0,0.0,1.0,2.0,0.0,4765705405.0,-1.0,锦州市凌海市,锦州市凌海市白台子镇,12.0,11.5,0.0,1.7000000000000002,25.2,29.130000000000003,37.92040816326531,39.60348923533779
辽宁省,锦州市,凌海市,板石沟乡,120.9415542,41.1363165,0.0,0.0,0.0,1.0,0.0,0.0,0.0,0.0,0.0,0.0,0.0,0.0,0.0,0.0,0.0,0.0,0.0,0.0,0.0,0.0,1.0,0.0,0.0,0.0,0.0,12.0,0.0,0.0,0.0,0.0,0.0,0.0,0.0,7.0,2.0,2.0,0.0,0.0,0.0,1.0,0.0,0.0,0.0,0.0,0.0,0.0,0.0,0.0,0.0,0.0,0.0,0.0,0.0,0.0,0.0,0.0,0.0,0.0,0.0,0.0,0.0,2.0,0.0,0.0,0.0,0.0,0.0,0.0,0.0,1.0,1.0,1.0,3408044908.0,-1.0,锦州市凌海市,锦州市凌海市板石沟乡,12.0,2.0,0.0,1.0,15.0,29.130000000000003,37.92040816326531,39.60348923533779
辽宁省,锦州市,凌海市,谢屯乡,121.5290829,41.2267038,0.0,1.0,7.0,10.0,6.0,0.0,0.0,0.0,2.0,0.0,1.0,0.0,0.0,0.0,0.0,0.0,0.0,0.0,0.0,0.0,0.0,0.0,1.0,0.0,0.0,10.0,9.0,0.0,0.0,1.0,0.0,0.0,0.0,3.0,5.0,4.0,0.0,0.0,5.0,5.0,2.0,0.0,0.0,0.0,2.0,0.0,1.0,0.0,0.0,0.0,0.0,0.0,0.0,0.0,0.0,0.0,0.0,0.0,1.0,0.0,0.0,3.0,8.0,0.0,0.0,1.0,0.0,0.0,0.0,3.0,4.0,1.0,6503556290.0,-1.0,锦州市凌海市,锦州市凌海市谢屯乡,12.0,18.3,0.0,3.9000000000000004,34.2,29.130000000000003,37.92040816326531,39.60348923533779
辽宁省,锦州市,北镇市,北镇街道,121.7888716,41.5947311,4.0,20.0,15.0,29.0,89.0,8.0,0.0,27.0,1.0,2.0,0.0,1.0,2.0,2.0,3.0,3.0,0.0,0.0,0.0,3.0,7.0,0.0,0.0,0.0,2.0,37.0,256.0,1.0,169.0,7.0,1.0,14.0,2.0,8.0,14.0,12.0,0.0,11.0,8.0,16.0,42.0,3.0,0.0,10.0,1.0,0.0,0.0,0.0,1.0,1.0,3.0,3.0,0.0,0.0,0.0,2.0,6.0,0.0,0.0,0.0,2.0,6.0,223.0,1.0,169.0,2.0,1.0,8.0,1.0,5.0,10.0,7.0,6505474049.0,9632147.0,锦州市北镇市,锦州市北镇市北镇街道,20.0,28.0,17.0,20.0,85.0,37.27777777777778,37.92040816326531,39.60348923533779
辽宁省,锦州市,北镇市,富屯街道,121.7813577,41.6285509,0.0,4.0,5.0,2.0,33.0,4.0,0.0,11.0,0.0,0.0,0.0,0.0,1.0,1.0,0.0,0.0,0.0,0.0,0.0,0.0,2.0,0.0,0.0,0.0,1.0,28.0,34.0,0.0,9.0,1.0,0.0,1.0,0.0,4.0,8.0,10.0,0.0,0.0,1.0,0.0,5.0,0.0,0.0,0.0,0.0,0.0,0.0,0.0,0.0,0.0,0.0,0.0,0.0,0.0,0.0,0.0,0.0,0.0,0.0,0.0,0.0,3.0,0.0,0.0,0.0,0.0,0.0,0.0,0.0,1.0,3.0,1.0,2277879090.0,-1.0,锦州市北镇市,锦州市北镇市富屯街道,12.0,19.1,0.0,7.5,38.6,37.27777777777778,37.92040816326531,39.60348923533779
辽宁省,锦州市,北镇市,广宁街道,121.7827627,41.5809325,2.0,18.0,18.0,30.0,94.0,8.0,0.0,27.0,1.0,2.0,0.0,1.0,2.0,2.0,3.0,3.0,0.0,0.0,0.0,3.0,7.0,0.0,0.0,0.0,2.0,35.0,246.0,1.0,169.0,7.0,1.0,14.0,2.0,8.0,13.0,12.0,0.0,6.0,1.0,5.0,10.0,0.0,0.0,6.0,0.0,1.0,0.0,0.0,0.0,0.0,0.0,0.0,0.0,0.0,0.0,1.0,0.0,0.0,0.0,0.0,0.0,6.0,0.0,0.0,0.0,2.0,0.0,4.0,1.0,2.0,8.0,3.0,6505474051.0,-1.0,锦州市北镇市,锦州市北镇市广宁街道,12.0,28.0,6.0,20.0,66.0,37.27777777777778,37.92040816326531,39.60348923533779
辽宁省,锦州市,北镇市,沟帮子街道,121.7660449,41.3626118,11.0,2.0,10.0,9.0,102.0,5.0,0.0,1.0,3.0,1.0,0.0,0.0,0.0,0.0,0.0,0.0,0.0,0.0,0.0,0.0,13.0,0.0,3.0,0.0,0.0,12.0,160.0,0.0,0.0,1.0,0.0,2.0,0.0,8.0,9.0,6.0,8.0,2.0,1.0,7.0,32.0,3.0,0.0,1.0,3.0,1.0,0.0,0.0,0.0,0.0,0.0,0.0,0.0,0.0,0.0,0.0,4.0,0.0,3.0,0.0,0.0,1.0,20.0,0.0,0.0,0.0,0.0,1.0,0.0,4.0,9.0,5.0,1582507166.0,-1.0,锦州市北镇市,锦州市北镇市沟帮子街道,12.0,28.0,0.0,19.0,59.0,37.27777777777778,37.92040816326531,39.60348923533779
辽宁省,锦州市,北镇市,大市镇,121.7712606,41.7718243,0.0,2.0,1.0,1.0,4.0,0.0,0.0,0.0,0.0,0.0,1.0,0.0,0.0,0.0,0.0,0.0,0.0,0.0,0.0,1.0,2.0,0.0,0.0,0.0,0.0,4.0,0.0,0.0,0.0,3.0,0.0,0.0,0.0,1.0,4.0,1.0,0.0,2.0,1.0,0.0,4.0,0.0,0.0,0.0,0.0,0.0,1.0,0.0,0.0,0.0,0.0,0.0,0.0,0.0,0.0,1.0,1.0,0.0,0.0,0.0,0.0,3.0,0.0,0.0,0.0,0.0,0.0,0.0,0.0,1.0,3.0,1.0,2276593537.0,-1.0,锦州市北镇市,锦州市北镇市大市镇,11.0,12.0,1.0,0.8,24.8,37.27777777777778,37.92040816326531,39.60348923533779
辽宁省,锦州市,北镇市,罗罗堡镇,121.7144955,41.5510043,1.0,0.0,3.0,2.0,6.0,0.0,0.0,0.0,0.0,0.0,0.0,0.0,0.0,0.0,1.0,1.0,0.0,0.0,0.0,0.0,0.0,0.0,0.0,0.0,0.0,17.0,0.0,0.0,0.0,0.0,0.0,1.0,0.0,1.0,6.0,3.0,1.0,0.0,3.0,1.0,0.0,0.0,0.0,0.0,0.0,0.0,0.0,0.0,0.0,0.0,1.0,1.0,0.0,0.0,0.0,0.0,0.0,0.0,0.0,0.0,0.0,4.0,0.0,0.0,0.0,0.0,0.0,1.0,0.0,1.0,3.0,2.0,2277879091.0,-1.0,锦州市北镇市,锦州市北镇市罗罗堡镇,12.0,11.2,5.0,1.5,29.7,37.27777777777778,37.92040816326531,39.60348923533779
辽宁省,锦州市,北镇市,常兴店镇,121.7281372,41.4457578,0.0,0.0,7.0,8.0,44.0,0.0,0.0,0.0,0.0,0.0,0.0,0.0,0.0,0.0,1.0,1.0,0.0,0.0,0.0,0.0,3.0,0.0,0.0,0.0,0.0,15.0,11.0,0.0,0.0,0.0,0.0,0.0,0.0,1.0,4.0,2.0,0.0,0.0,5.0,5.0,20.0,0.0,0.0,0.0,0.0,0.0,0.0,0.0,0.0,0.0,1.0,1.0,0.0,0.0,0.0,0.0,1.0,0.0,0.0,0.0,0.0,3.0,0.0,0.0,0.0,0.0,0.0,0.0,0.0,1.0,4.0,2.0,3326930909.0,-1.0,锦州市北镇市,锦州市北镇市常兴店镇,12.0,22.0,5.0,2.1,41.1,37.27777777777778,37.92040816326531,39.60348923533779
辽宁省,锦州市,北镇市,正安镇,121.9299808,41.7043402,0.0,3.0,0.0,5.0,13.0,0.0,0.0,0.0,0.0,0.0,0.0,0.0,0.0,0.0,0.0,0.0,0.0,0.0,0.0,0.0,1.0,0.0,0.0,0.0,0.0,11.0,13.0,0.0,0.0,0.0,0.0,0.0,0.0,1.0,4.0,2.0,0.0,3.0,0.0,3.0,8.0,0.0,0.0,0.0,0.0,0.0,0.0,0.0,0.0,0.0,0.0,0.0,0.0,0.0,0.0,0.0,0.0,0.0,0.0,0.0,0.0,3.0,1.0,0.0,0.0,0.0,0.0,0.0,0.0,1.0,3.0,1.0,2276519286.0,-1.0,锦州市北镇市,锦州市北镇市正安镇,12.0,17.0,0.0,2.4000000000000004,31.4,37.27777777777778,37.92040816326531,39.60348923533779
辽宁省,锦州市,北镇市,闾阳镇,121.6640978,41.3831659,6.0,0.0,1.0,8.0,17.0,0.0,0.0,0.0,0.0,0.0,0.0,0.0,0.0,0.0,0.0,0.0,0.0,0.0,0.0,0.0,0.0,0.0,0.0,0.0,0.0,18.0,23.0,0.0,0.0,0.0,0.0,0.0,0.0,4.0,6.0,2.0,6.0,0.0,1.0,3.0,6.0,0.0,0.0,0.0,0.0,0.0,0.0,0.0,0.0,0.0,0.0,0.0,0.0,0.0,0.0,0.0,0.0,0.0,0.0,0.0,0.0,9.0,3.0,0.0,0.0,0.0,0.0,0.0,0.0,2.0,4.0,1.0,2292524849.0,-1.0,锦州市北镇市,锦州市北镇市闾阳镇,12.0,18.2,0.0,3.6,33.8,37.27777777777778,37.92040816326531,39.60348923533779
辽宁省,锦州市,北镇市,中安镇,121.9735815,41.6028073,5.0,1.0,0.0,3.0,9.0,0.0,0.0,0.0,0.0,0.0,1.0,0.0,0.0,0.0,0.0,0.0,0.0,0.0,0.0,0.0,11.0,0.0,0.0,0.0,0.0,10.0,0.0,0.0,0.0,0.0,0.0,0.0,0.0,1.0,6.0,2.0,5.0,0.0,0.0,1.0,4.0,0.0,0.0,0.0,0.0,0.0,0.0,0.0,0.0,0.0,0.0,0.0,0.0,0.0,0.0,0.0,2.0,0.0,0.0,0.0,0.0,4.0,0.0,0.0,0.0,0.0,0.0,0.0,0.0,1.0,5.0,2.0,1188936580.0,-1.0,锦州市北镇市,锦州市北镇市中安镇,12.0,16.0,0.0,1.0,29.0,37.27777777777778,37.92040816326531,39.60348923533779
辽宁省,锦州市,北镇市,廖屯镇,121.7661022,41.4823663,0.0,2.0,2.0,9.0,8.0,0.0,0.0,0.0,0.0,0.0,0.0,0.0,0.0,0.0,0.0,0.0,0.0,0.0,0.0,0.0,0.0,0.0,0.0,0.0,0.0,15.0,1.0,0.0,0.0,0.0,0.0,0.0,0.0,1.0,5.0,2.0,0.0,2.0,1.0,1.0,2.0,0.0,0.0,0.0,0.0,0.0,0.0,0.0,0.0,0.0,0.0,0.0,0.0,0.0,0.0,0.0,0.0,0.0,0.0,0.0,0.0,3.0,0.0,0.0,0.0,0.0,0.0,0.0,0.0,1.0,5.0,1.0,2292524909.0,-1.0,锦州市北镇市,锦州市北镇市廖屯镇,12.0,14.7,0.0,1.1,27.8,37.27777777777778,37.92040816326531,39.60348923533779
辽宁省,锦州市,北镇市,赵屯镇,121.8691307,41.4074607,0.0,0.0,3.0,8.0,36.0,0.0,0.0,8.0,0.0,0.0,0.0,0.0,0.0,1.0,0.0,0.0,0.0,0.0,0.0,1.0,4.0,0.0,0.0,0.0,0.0,8.0,11.0,0.0,0.0,3.0,0.0,0.0,2.0,3.0,8.0,5.0,0.0,0.0,1.0,4.0,13.0,0.0,0.0,0.0,0.0,0.0,0.0,0.0,0.0,1.0,0.0,0.0,0.0,0.0,0.0,0.0,2.0,0.0,0.0,0.0,0.0,2.0,6.0,0.0,0.0,2.0,0.0,0.0,0.0,2.0,6.0,2.0,2201247207.0,-1.0,锦州市北镇市,锦州市北镇市赵屯镇,12.0,24.0,0.0,4.7,40.7,37.27777777777778,37.92040816326531,39.60348923533779
辽宁省,锦州市,北镇市,青堆子镇,121.9048197,41.4515479,0.0,0.0,4.0,0.0,17.0,0.0,0.0,0.0,0.0,0.0,0.0,0.0,0.0,0.0,0.0,0.0,0.0,0.0,0.0,0.0,8.0,0.0,0.0,0.0,0.0,16.0,3.0,0.0,0.0,0.0,0.0,0.0,0.0,2.0,4.0,2.0,0.0,0.0,4.0,0.0,2.0,0.0,0.0,0.0,0.0,0.0,0.0,0.0,0.0,0.0,0.0,0.0,0.0,0.0,0.0,0.0,3.0,0.0,0.0,0.0,0.0,2.0,0.0,0.0,0.0,0.0,0.0,0.0,0.0,2.0,2.0,1.0,3327077040.0,-1.0,锦州市北镇市,锦州市北镇市青堆子镇,12.0,11.0,0.0,1.3,24.3,37.27777777777778,37.92040816326531,39.60348923533779
辽宁省,锦州市,北镇市,高山子镇,122.067848,41.546907,0.0,9.0,6.0,6.0,49.0,0.0,0.0,1.0,0.0,0.0,0.0,0.0,0.0,0.0,0.0,0.0,0.0,0.0,0.0,0.0,1.0,0.0,1.0,0.0,0.0,12.0,7.0,0.0,0.0,0.0,0.0,0.0,0.0,5.0,6.0,4.0,0.0,5.0,2.0,2.0,27.0,0.0,0.0,0.0,0.0,0.0,0.0,0.0,0.0,0.0,0.0,0.0,0.0,0.0,0.0,0.0,1.0,0.0,1.0,0.0,0.0,3.0,0.0,0.0,0.0,0.0,0.0,0.0,0.0,1.0,5.0,3.0,1655741291.0,-1.0,锦州市北镇市,锦州市北镇市高山子镇,12.0,23.0,0.0,2.7,37.7,37.27777777777778,37.92040816326531,39.60348923533779
辽宁省,锦州市,北镇市,吴家镇,122.0009562,41.4589395,0.0,0.0,1.0,0.0,4.0,0.0,0.0,0.0,0.0,0.0,0.0,0.0,0.0,0.0,0.0,0.0,0.0,0.0,0.0,0.0,0.0,0.0,0.0,0.0,0.0,16.0,0.0,0.0,0.0,0.0,0.0,0.0,0.0,1.0,3.0,0.0,0.0,0.0,1.0,0.0,1.0,0.0,0.0,0.0,0.0,0.0,0.0,0.0,0.0,0.0,0.0,0.0,0.0,0.0,0.0,0.0,0.0,0.0,0.0,0.0,0.0,4.0,0.0,0.0,0.0,0.0,0.0,0.0,0.0,1.0,2.0,0.0,3327878686.0,-1.0,锦州市北镇市,锦州市北镇市吴家镇,12.0,7.6,0.0,0.0,19.6,37.27777777777778,37.92040816326531,39.60348923533779
辽宁省,锦州市,北镇市,鲍家乡,121.7085678,41.5010963,0.0,0.0,4.0,14.0,11.0,1.0,0.0,0.0,0.0,0.0,0.0,0.0,0.0,0.0,1.0,1.0,0.0,0.0,0.0,0.0,0.0,0.0,1.0,0.0,0.0,17.0,0.0,0.0,0.0,0.0,0.0,0.0,0.0,1.0,5.0,3.0,0.0,0.0,3.0,2.0,2.0,1.0,0.0,0.0,0.0,0.0,0.0,0.0,0.0,0.0,1.0,1.0,0.0,0.0,0.0,0.0,0.0,0.0,0.0,0.0,0.0,3.0,0.0,0.0,0.0,0.0,0.0,0.0,0.0,1.0,4.0,1.0,3326958722.0,-1.0,锦州市北镇市,锦州市北镇市鲍家乡,12.0,15.3,5.0,1.5,33.8,37.27777777777778,37.92040816326531,39.60348923533779
辽宁省,锦州市,北镇市,大屯乡,121.8598076,41.5142025,0.0,0.0,2.0,3.0,2.0,0.0,0.0,0.0,0.0,0.0,0.0,0.0,0.0,0.0,0.0,0.0,0.0,0.0,0.0,0.0,0.0,0.0,0.0,0.0,0.0,15.0,0.0,0.0,0.0,0.0,0.0,0.0,0.0,1.0,3.0,0.0,0.0,0.0,1.0,2.0,1.0,0.0,0.0,0.0,0.0,0.0,0.0,0.0,0.0,0.0,0.0,0.0,0.0,0.0,0.0,0.0,0.0,0.0,0.0,0.0,0.0,2.0,0.0,0.0,0.0,0.0,0.0,0.0,0.0,1.0,3.0,0.0,3327903291.0,-1.0,锦州市北镇市,锦州市北镇市大屯乡,12.0,10.2,0.0,0.0,22.2,37.27777777777778,37.92040816326531,39.60348923533779
辽宁省,锦州市,北镇市,柳家乡,122.1166852,41.501666,0.0,3.0,0.0,4.0,11.0,0.0,0.0,0.0,0.0,0.0,0.0,0.0,0.0,0.0,0.0,0.0,0.0,0.0,0.0,0.0,0.0,0.0,0.0,0.0,0.0,16.0,0.0,0.0,0.0,0.0,0.0,0.0,0.0,1.0,4.0,2.0,0.0,1.0,0.0,1.0,1.0,0.0,0.0,0.0,0.0,0.0,0.0,0.0,0.0,0.0,0.0,0.0,0.0,0.0,0.0,0.0,0.0,0.0,0.0,0.0,0.0,4.0,0.0,0.0,0.0,0.0,0.0,0.0,0.0,1.0,3.0,0.0,2277880563.0,-1.0,锦州市北镇市,锦州市北镇市柳家乡,12.0,13.5,0.0,1.0,26.5,37.27777777777778,37.92040816326531,39.60348923533779
辽宁省,营口市,站前区,八田地街道,122.2324726,40.6725986,0.0,18.0,13.0,13.0,134.0,39.0,0.0,42.0,0.0,3.0,1.0,2.0,1.0,1.0,3.0,3.0,0.0,0.0,0.0,3.0,0.0,0.0,1.0,0.0,0.0,12.0,105.0,0.0,15.0,1.0,0.0,69.0,3.0,19.0,11.0,7.0,0.0,7.0,3.0,3.0,35.0,22.0,0.0,3.0,0.0,1.0,1.0,0.0,0.0,0.0,3.0,3.0,0.0,0.0,0.0,3.0,0.0,0.0,0.0,0.0,0.0,2.0,44.0,0.0,0.0,0.0,0.0,16.0,2.0,13.0,9.0,5.0,6541382953.0,9680928.0,营口市站前区,营口市站前区八田地街道,20.0,28.0,13.0,18.5,79.5,59.583333333333336,41.04461538461538,39.60348923533779
辽宁省,营口市,站前区,建丰街道,122.2420272,40.6583516,9.0,32.0,18.0,17.0,137.0,42.0,0.0,40.0,0.0,3.0,1.0,2.0,1.0,1.0,3.0,4.0,0.0,0.0,0.0,3.0,0.0,0.0,1.0,0.0,0.0,9.0,88.0,0.0,7.0,1.0,0.0,66.0,3.0,17.0,12.0,7.0,0.0,10.0,2.0,4.0,14.0,5.0,0.0,1.0,0.0,0.0,0.0,0.0,0.0,0.0,0.0,0.0,0.0,0.0,0.0,0.0,0.0,0.0,0.0,0.0,0.0,1.0,6.0,0.0,1.0,0.0,0.0,6.0,0.0,5.0,7.0,1.0,6541382955.0,9680930.0,营口市站前区,营口市站前区建丰街道,20.0,28.0,5.0,13.0,66.0,59.583333333333336,41.04461538461538,39.60348923533779
辽宁省,营口市,站前区,建设街道,122.2465187,40.6739612,0.0,21.0,17.0,18.0,123.0,35.0,0.0,7.0,0.0,1.0,1.0,2.0,1.0,1.0,3.0,3.0,0.0,0.0,0.0,3.0,0.0,0.0,0.0,0.0,0.0,8.0,82.0,0.0,3.0,0.0,0.0,49.0,2.0,17.0,11.0,6.0,0.0,5.0,5.0,3.0,31.0,7.0,0.0,1.0,0.0,0.0,0.0,2.0,0.0,0.0,1.0,1.0,0.0,0.0,0.0,1.0,0.0,0.0,0.0,0.0,0.0,3.0,9.0,0.0,0.0,0.0,0.0,6.0,0.0,9.0,9.0,3.0,6541382956.0,9680931.0,营口市站前区,营口市站前区建设街道,20.0,28.0,11.0,12.1,71.1,59.583333333333336,41.04461538461538,39.60348923533779
辽宁省,营口市,站前区,跃进街道,122.2592581,40.6765625,11.0,29.0,17.0,30.0,116.0,32.0,0.0,7.0,0.0,1.0,1.0,2.0,0.0,0.0,3.0,3.0,0.0,0.0,0.0,3.0,0.0,0.0,1.0,0.0,0.0,7.0,111.0,0.0,0.0,0.0,0.0,39.0,2.0,15.0,13.0,6.0,0.0,5.0,10.0,3.0,28.0,3.0,0.0,0.0,0.0,0.0,0.0,2.0,0.0,0.0,0.0,0.0,0.0,0.0,0.0,0.0,0.0,0.0,0.0,0.0,0.0,2.0,2.0,0.0,0.0,0.0,0.0,1.0,0.0,6.0,7.0,2.0,6541382959.0,9680934.0,营口市站前区,营口市站前区跃进街道,20.0,28.0,5.0,14.3,67.3,59.583333333333336,41.04461538461538,39.60348923533779
辽宁省,营口市,站前区,新建街道,122.3700724,40.8511924,0.0,0.0,0.0,2.0,17.0,0.0,0.0,0.0,0.0,0.0,0.0,1.0,0.0,0.0,1.0,1.0,0.0,0.0,0.0,0.0,0.0,0.0,1.0,0.0,0.0,3.0,1.0,0.0,0.0,11.0,0.0,1.0,0.0,7.0,6.0,4.0,0.0,0.0,0.0,0.0,3.0,0.0,0.0,0.0,0.0,0.0,0.0,0.0,0.0,0.0,0.0,0.0,0.0,0.0,0.0,0.0,0.0,0.0,1.0,0.0,0.0,1.0,0.0,0.0,0.0,0.0,0.0,0.0,0.0,1.0,2.0,2.0,6541382957.0,9680932.0,营口市站前区,营口市站前区新建街道,18.0,9.3,5.0,3.2,35.5,59.583333333333336,41.04461538461538,39.60348923533779
辽宁省,营口市,站前区,东兴街道,122.2565045,40.7207536,10.0,0.0,0.0,5.0,12.0,0.0,0.0,0.0,0.0,0.0,0.0,0.0,0.0,0.0,0.0,0.0,0.0,0.0,0.0,0.0,0.0,0.0,1.0,0.0,0.0,3.0,15.0,0.0,0.0,0.0,0.0,1.0,0.0,7.0,4.0,4.0,0.0,0.0,0.0,2.0,7.0,0.0,0.0,0.0,0.0,0.0,0.0,0.0,0.0,0.0,0.0,0.0,0.0,0.0,0.0,0.0,0.0,0.0,0.0,0.0,0.0,1.0,1.0,0.0,0.0,0.0,0.0,1.0,0.0,3.0,2.0,3.0,6541382958.0,9680933.0,营口市站前区,营口市站前区东兴街道,18.0,16.5,0.0,3.6,38.1,59.583333333333336,41.04461538461538,39.60348923533779
辽宁省,营口市,西市区,清华街道,122.2155841,40.6683246,0.0,17.0,7.0,13.0,129.0,38.0,0.0,42.0,0.0,3.0,1.0,0.0,1.0,1.0,3.0,3.0,0.0,0.0,0.0,3.0,0.0,0.0,1.0,0.0,0.0,12.0,131.0,0.0,15.0,3.0,0.0,70.0,3.0,16.0,10.0,7.0,0.0,2.0,2.0,1.0,31.0,0.0,0.0,4.0,0.0,0.0,0.0,0.0,0.0,0.0,0.0,0.0,0.0,0.0,0.0,0.0,0.0,0.0,0.0,0.0,0.0,1.0,43.0,0.0,0.0,0.0,0.0,16.0,0.0,9.0,7.0,3.0,6539873722.0,9679041.0,营口市西市区,营口市西市区清华街道,20.0,28.0,0.0,19.5,67.5,66.72,41.04461538461538,39.60348923533779
辽宁省,营口市,西市区,滨海街道,122.1974159,40.650098,4.0,12.0,17.0,5.0,90.0,15.0,0.0,36.0,0.0,2.0,0.0,0.0,1.0,1.0,0.0,0.0,0.0,0.0,0.0,0.0,0.0,0.0,1.0,0.0,0.0,5.0,65.0,0.0,7.0,3.0,0.0,45.0,2.0,11.0,10.0,6.0,0.0,4.0,3.0,1.0,15.0,3.0,0.0,0.0,0.0,0.0,0.0,0.0,0.0,0.0,0.0,0.0,0.0,0.0,0.0,0.0,0.0,0.0,1.0,0.0,0.0,1.0,16.0,0.0,0.0,2.0,0.0,0.0,0.0,1.0,6.0,2.0,6539873719.0,9679038.0,营口市西市区,营口市西市区滨海街道,20.0,26.0,0.0,11.6,57.6,66.72,41.04461538461538,39.60348923533779
辽宁省,营口市,西市区,得胜街道,122.1973806,40.6703642,4.0,12.0,5.0,7.0,111.0,25.0,0.0,41.0,0.0,2.0,1.0,0.0,1.0,1.0,2.0,2.0,0.0,0.0,0.0,0.0,0.0,0.0,1.0,0.0,0.0,9.0,162.0,0.0,13.0,3.0,0.0,46.0,2.0,18.0,10.0,9.0,0.0,6.0,1.0,4.0,12.0,0.0,0.0,0.0,0.0,0.0,0.0,0.0,0.0,0.0,0.0,0.0,0.0,0.0,0.0,0.0,0.0,0.0,1.0,0.0,0.0,1.0,0.0,0.0,0.0,0.0,0.0,13.0,0.0,4.0,5.0,2.0,6539873720.0,9679039.0,营口市西市区,营口市西市区得胜街道,20.0,28.0,0.0,20.0,68.0,66.72,41.04461538461538,39.60348923533779
辽宁省,营口市,西市区,五台子街道,122.2203418,40.6551436,0.0,21.0,15.0,15.0,126.0,38.0,0.0,42.0,0.0,3.0,1.0,0.0,1.0,1.0,3.0,4.0,0.0,0.0,0.0,3.0,0.0,0.0,1.0,0.0,0.0,9.0,148.0,0.0,12.0,3.0,0.0,72.0,3.0,18.0,10.0,7.0,0.0,2.0,3.0,1.0,21.0,8.0,0.0,34.0,0.0,2.0,0.0,0.0,1.0,1.0,0.0,0.0,0.0,0.0,0.0,0.0,0.0,0.0,0.0,0.0,0.0,1.0,10.0,0.0,7.0,1.0,0.0,24.0,1.0,5.0,9.0,4.0,6539873724.0,9679043.0,营口市西市区,营口市西市区五台子街道,20.0,28.0,5.0,19.5,72.5,66.72,41.04461538461538,39.60348923533779
辽宁省,营口市,西市区,渔市街道,122.1990666,40.6810733,4.0,8.0,4.0,7.0,98.0,25.0,0.0,37.0,0.0,3.0,1.0,0.0,0.0,0.0,2.0,2.0,0.0,0.0,0.0,1.0,1.0,0.0,1.0,0.0,0.0,7.0,152.0,0.0,12.0,2.0,0.0,47.0,2.0,16.0,11.0,9.0,0.0,3.0,1.0,2.0,16.0,0.0,0.0,2.0,0.0,0.0,0.0,0.0,0.0,0.0,0.0,0.0,0.0,0.0,0.0,0.0,0.0,0.0,0.0,0.0,0.0,1.0,30.0,0.0,6.0,0.0,0.0,4.0,0.0,4.0,6.0,3.0,6539873725.0,9679044.0,营口市西市区,营口市西市区渔市街道,20.0,28.0,0.0,20.0,68.0,66.72,41.04461538461538,39.60348923533779
辽宁省,营口市,鲅鱼圈区,红海街道,122.1137342,40.2319257,10.0,18.0,29.0,18.0,64.0,55.0,0.0,8.0,1.0,8.0,4.0,1.0,0.0,0.0,4.0,4.0,0.0,0.0,0.0,0.0,76.0,2.0,4.0,0.0,6.0,2.0,19.0,0.0,0.0,1.0,0.0,32.0,0.0,12.0,16.0,15.0,10.0,13.0,0.0,7.0,18.0,15.0,0.0,2.0,0.0,3.0,0.0,1.0,0.0,0.0,0.0,0.0,0.0,0.0,0.0,0.0,23.0,0.0,0.0,0.0,2.0,2.0,8.0,0.0,0.0,1.0,0.0,0.0,0.0,3.0,10.0,4.0,6539013031.0,9678111.0,营口市鲅鱼圈区,营口市鲅鱼圈区红海街道,17.0,30.0,5.0,6.9,58.9,51.150000000000006,41.04461538461538,39.60348923533779
辽宁省,营口市,鲅鱼圈区,海星街道,122.1310202,40.271012,6.0,13.0,15.0,22.0,117.0,52.0,0.0,8.0,1.0,2.0,3.0,1.0,0.0,0.0,1.0,1.0,0.0,0.0,0.0,1.0,32.0,4.0,14.0,0.0,0.0,2.0,94.0,0.0,0.0,10.0,0.0,32.0,0.0,10.0,16.0,9.0,2.0,5.0,2.0,9.0,53.0,9.0,0.0,0.0,0.0,0.0,0.0,0.0,0.0,0.0,0.0,0.0,0.0,0.0,0.0,1.0,5.0,0.0,0.0,0.0,0.0,1.0,0.0,0.0,0.0,0.0,0.0,4.0,0.0,3.0,11.0,4.0,6539013030.0,9678110.0,营口市鲅鱼圈区,营口市鲅鱼圈区海星街道,17.0,30.0,6.0,14.4,67.4,51.150000000000006,41.04461538461538,39.60348923533779
辽宁省,营口市,鲅鱼圈区,望海街道,122.1803329,40.3339484,8.0,8.0,5.0,2.0,27.0,1.0,0.0,0.0,0.0,0.0,0.0,0.0,0.0,0.0,0.0,0.0,0.0,0.0,0.0,0.0,0.0,0.0,0.0,0.0,0.0,1.0,0.0,0.0,0.0,5.0,0.0,1.0,0.0,10.0,7.0,7.0,8.0,0.0,3.0,0.0,10.0,0.0,0.0,0.0,0.0,0.0,0.0,0.0,0.0,0.0,0.0,0.0,0.0,0.0,0.0,0.0,0.0,0.0,0.0,0.0,0.0,1.0,0.0,0.0,0.0,0.0,0.0,1.0,0.0,3.0,4.0,2.0,6539013032.0,9678115.0,营口市鲅鱼圈区,营口市鲅鱼圈区望海街道,16.0,18.9,0.0,4.0,38.9,51.150000000000006,41.04461538461538,39.60348923533779
辽宁省,营口市,鲅鱼圈区,熊岳镇,122.1353519,40.1743212,9.0,1.0,9.0,5.0,25.0,5.0,0.0,25.0,0.0,1.0,0.0,0.0,0.0,0.0,0.0,0.0,0.0,0.0,0.0,1.0,37.0,0.0,2.0,0.0,1.0,1.0,5.0,0.0,0.0,0.0,0.0,17.0,1.0,6.0,8.0,9.0,2.0,0.0,0.0,2.0,10.0,0.0,0.0,0.0,0.0,0.0,0.0,0.0,0.0,0.0,0.0,0.0,0.0,0.0,0.0,0.0,9.0,0.0,1.0,0.0,0.0,1.0,1.0,0.0,0.0,0.0,0.0,10.0,0.0,6.0,4.0,6.0,2268968191.0,9678116.0,营口市鲅鱼圈区,营口市鲅鱼圈区熊岳镇,16.0,24.0,0.0,4.6,44.6,51.150000000000006,41.04461538461538,39.60348923533779
辽宁省,营口市,鲅鱼圈区,芦屯镇,122.1836017,40.2559249,6.0,3.0,23.0,12.0,24.0,6.0,0.0,0.0,0.0,0.0,1.0,0.0,0.0,0.0,0.0,0.0,0.0,0.0,0.0,0.0,17.0,2.0,5.0,0.0,0.0,3.0,124.0,0.0,0.0,0.0,0.0,7.0,0.0,11.0,13.0,7.0,0.0,1.0,8.0,1.0,1.0,0.0,0.0,0.0,0.0,0.0,0.0,0.0,0.0,0.0,0.0,0.0,0.0,0.0,0.0,0.0,7.0,0.0,1.0,0.0,0.0,1.0,0.0,0.0,0.0,0.0,0.0,0.0,0.0,3.0,4.0,2.0,2268979498.0,9678113.0,营口市鲅鱼圈区,营口市鲅鱼圈区芦屯镇,18.0,21.1,0.0,15.9,55.0,51.150000000000006,41.04461538461538,39.60348923533779
辽宁省,营口市,鲅鱼圈区,红旗镇,122.151501,40.2213305,2.0,17.0,31.0,12.0,33.0,22.0,0.0,0.0,0.0,3.0,0.0,1.0,0.0,0.0,2.0,2.0,0.0,0.0,0.0,0.0,41.0,3.0,5.0,0.0,4.0,1.0,24.0,0.0,0.0,0.0,0.0,8.0,0.0,10.0,12.0,7.0,0.0,7.0,2.0,3.0,2.0,0.0,0.0,0.0,0.0,0.0,0.0,0.0,0.0,0.0,0.0,0.0,0.0,0.0,0.0,0.0,1.0,0.0,2.0,0.0,0.0,1.0,0.0,0.0,0.0,0.0,0.0,2.0,0.0,3.0,4.0,5.0,2268978045.0,-1.0,营口市鲅鱼圈区,营口市鲅鱼圈区红旗镇,8.0,23.2,5.0,5.9,42.1,51.150000000000006,41.04461538461538,39.60348923533779
辽宁省,营口市,老边区,老边街道,122.3729088,40.6734013,0.0,13.0,9.0,26.0,14.0,8.0,0.0,0.0,0.0,0.0,0.0,0.0,0.0,0.0,0.0,0.0,0.0,0.0,0.0,0.0,1.0,0.0,3.0,0.0,0.0,3.0,16.0,0.0,0.0,7.0,0.0,3.0,0.0,5.0,8.0,4.0,0.0,2.0,3.0,9.0,10.0,0.0,0.0,0.0,0.0,0.0,0.0,0.0,0.0,0.0,0.0,0.0,0.0,0.0,0.0,0.0,0.0,0.0,3.0,0.0,0.0,2.0,1.0,0.0,0.0,0.0,0.0,3.0,0.0,4.0,5.0,3.0,6539455678.0,9678706.0,营口市老边区,营口市老边区老边街道,18.0,19.8,0.0,4.4,42.199999999999996,37.95,41.04461538461538,39.60348923533779
辽宁省,营口市,老边区,路南镇,122.3413455,40.6474287,0.0,10.0,8.0,17.0,14.0,3.0,0.0,0.0,0.0,0.0,0.0,0.0,0.0,0.0,0.0,0.0,0.0,0.0,0.0,0.0,0.0,0.0,2.0,0.0,0.0,2.0,3.0,0.0,0.0,2.0,0.0,0.0,0.0,4.0,7.0,3.0,0.0,0.0,1.0,1.0,0.0,0.0,0.0,0.0,0.0,0.0,0.0,0.0,0.0,0.0,0.0,0.0,0.0,0.0,0.0,0.0,0.0,0.0,0.0,0.0,0.0,2.0,0.0,0.0,0.0,0.0,0.0,0.0,0.0,1.0,2.0,0.0,6539455679.0,9678708.0,营口市老边区,营口市老边区路南镇,17.0,16.3,0.0,2.0,35.3,37.95,41.04461538461538,39.60348923533779
辽宁省,营口市,老边区,柳树镇,122.4190007,40.6144435,0.0,0.0,9.0,11.0,5.0,0.0,0.0,0.0,3.0,0.0,1.0,0.0,0.0,0.0,0.0,0.0,0.0,0.0,0.0,0.0,0.0,0.0,1.0,0.0,0.0,2.0,1.0,0.0,0.0,0.0,0.0,0.0,0.0,9.0,5.0,2.0,0.0,0.0,1.0,2.0,4.0,0.0,0.0,0.0,3.0,0.0,1.0,0.0,0.0,0.0,0.0,0.0,0.0,0.0,0.0,0.0,0.0,0.0,0.0,0.0,0.0,1.0,0.0,0.0,0.0,0.0,0.0,0.0,0.0,4.0,4.0,0.0,2294254013.0,9678707.0,营口市老边区,营口市老边区柳树镇,17.0,18.7,0.0,1.1,36.800000000000004,37.95,41.04461538461538,39.60348923533779
辽宁省,营口市,老边区,边城镇,122.3736248,40.6964734,0.0,2.0,6.0,21.0,12.0,6.0,0.0,0.0,0.0,0.0,0.0,0.0,0.0,0.0,0.0,0.0,0.0,0.0,0.0,0.0,3.0,0.0,1.0,0.0,0.0,4.0,11.0,0.0,0.0,0.0,0.0,3.0,0.0,6.0,6.0,4.0,0.0,0.0,0.0,2.0,0.0,0.0,0.0,0.0,0.0,0.0,0.0,0.0,0.0,0.0,0.0,0.0,0.0,0.0,0.0,0.0,1.0,0.0,0.0,0.0,0.0,1.0,0.0,0.0,0.0,0.0,0.0,0.0,0.0,1.0,1.0,1.0,6539455676.0,9678704.0,营口市老边区,营口市老边区边城镇,19.0,15.4,0.0,3.1,37.5,37.95,41.04461538461538,39.60348923533779
辽宁省,营口市,盖州市,鼓楼街道,122.3570108,40.397254,25.0,4.0,11.0,16.0,75.0,0.0,0.0,0.0,0.0,0.0,0.0,0.0,0.0,0.0,0.0,0.0,0.0,0.0,0.0,0.0,0.0,0.0,0.0,0.0,0.0,4.0,41.0,0.0,0.0,0.0,0.0,0.0,1.0,9.0,7.0,4.0,8.0,0.0,4.0,12.0,31.0,0.0,0.0,0.0,0.0,0.0,0.0,0.0,0.0,0.0,0.0,0.0,0.0,0.0,0.0,0.0,0.0,0.0,0.0,0.0,0.0,1.0,4.0,0.0,0.0,0.0,0.0,0.0,0.0,4.0,5.0,2.0,6538822033.0,9677911.0,营口市盖州市,营口市盖州市鼓楼街道,19.0,23.5,0.0,6.5,49.0,33.92962962962963,41.04461538461538,39.60348923533779
辽宁省,营口市,盖州市,西城街道,122.3368177,40.4148243,28.0,6.0,5.0,20.0,57.0,1.0,0.0,0.0,0.0,0.0,0.0,0.0,0.0,0.0,0.0,0.0,0.0,0.0,0.0,0.0,0.0,0.0,1.0,0.0,0.0,4.0,8.0,0.0,0.0,1.0,0.0,0.0,1.0,9.0,8.0,6.0,9.0,0.0,2.0,3.0,12.0,0.0,0.0,0.0,0.0,0.0,0.0,0.0,0.0,0.0,0.0,0.0,0.0,0.0,0.0,0.0,0.0,0.0,0.0,0.0,0.0,1.0,0.0,0.0,0.0,0.0,0.0,0.0,0.0,2.0,5.0,1.0,6538822038.0,9677922.0,营口市盖州市,营口市盖州市西城街道,19.0,24.0,0.0,3.9,46.9,33.92962962962963,41.04461538461538,39.60348923533779
辽宁省,营口市,盖州市,东城街道,122.3773306,40.396836,18.0,0.0,11.0,16.0,68.0,0.0,0.0,0.0,0.0,0.0,0.0,0.0,0.0,0.0,0.0,0.0,0.0,0.0,0.0,0.0,0.0,0.0,0.0,0.0,0.0,3.0,44.0,0.0,0.0,0.0,0.0,0.0,1.0,7.0,6.0,4.0,1.0,0.0,2.0,2.0,25.0,0.0,0.0,0.0,0.0,0.0,0.0,0.0,0.0,0.0,0.0,0.0,0.0,0.0,0.0,0.0,0.0,0.0,0.0,0.0,0.0,1.0,9.0,0.0,0.0,0.0,0.0,0.0,0.0,2.0,4.0,1.0,6538822031.0,9677917.0,营口市盖州市,营口市盖州市东城街道,18.0,23.0,0.0,7.300000000000001,48.3,33.92962962962963,41.04461538461538,39.60348923533779
辽宁省,营口市,盖州市,太阳升街道,122.3306568,40.3596844,4.0,1.0,4.0,0.0,3.0,0.0,0.0,0.0,0.0,0.0,0.0,0.0,0.0,0.0,0.0,0.0,0.0,0.0,0.0,0.0,0.0,0.0,0.0,0.0,0.0,1.0,10.0,0.0,0.0,0.0,0.0,0.0,0.0,3.0,7.0,2.0,0.0,1.0,0.0,0.0,0.0,0.0,0.0,0.0,0.0,0.0,0.0,0.0,0.0,0.0,0.0,0.0,0.0,0.0,0.0,0.0,0.0,0.0,0.0,0.0,0.0,1.0,0.0,0.0,0.0,0.0,0.0,0.0,0.0,1.0,1.0,0.0,6538822036.0,9677918.0,营口市盖州市,营口市盖州市太阳升街道,16.0,9.1,0.0,2.0,27.1,33.92962962962963,41.04461538461538,39.60348923533779
辽宁省,营口市,盖州市,团山街道,122.2555955,40.4055896,9.0,0.0,8.0,4.0,46.0,4.0,0.0,0.0,0.0,0.0,3.0,0.0,0.0,0.0,0.0,0.0,0.0,0.0,0.0,0.0,1.0,0.0,2.0,0.0,0.0,1.0,7.0,0.0,0.0,0.0,0.0,1.0,1.0,10.0,10.0,11.0,3.0,0.0,2.0,0.0,4.0,0.0,0.0,0.0,0.0,0.0,0.0,0.0,0.0,0.0,0.0,0.0,0.0,0.0,0.0,0.0,0.0,0.0,0.0,0.0,0.0,1.0,1.0,0.0,0.0,0.0,0.0,1.0,1.0,1.0,4.0,3.0,6538822037.0,9677920.0,营口市盖州市,营口市盖州市团山街道,16.0,25.4,0.0,4.8,46.199999999999996,33.92962962962963,41.04461538461538,39.60348923533779
辽宁省,营口市,盖州市,西海街道,122.3230729,40.4380288,11.0,0.0,2.0,14.0,18.0,1.0,0.0,0.0,0.0,0.0,0.0,0.0,0.0,0.0,0.0,0.0,0.0,0.0,0.0,0.0,0.0,0.0,1.0,0.0,0.0,2.0,16.0,0.0,0.0,1.0,0.0,0.0,0.0,10.0,9.0,3.0,6.0,0.0,1.0,7.0,4.0,0.0,0.0,0.0,0.0,0.0,0.0,0.0,0.0,0.0,0.0,0.0,0.0,0.0,0.0,0.0,0.0,0.0,0.0,0.0,0.0,1.0,4.0,0.0,0.0,0.0,0.0,0.0,0.0,3.0,6.0,1.0,6538822039.0,9677923.0,营口市盖州市,营口市盖州市西海街道,17.0,18.8,0.0,3.6,39.4,33.92962962962963,41.04461538461538,39.60348923533779
辽宁省,营口市,盖州市,九垄地街道,122.1076051,40.1520311,7.0,1.0,1.0,7.0,9.0,0.0,0.0,0.0,0.0,0.0,0.0,0.0,0.0,0.0,0.0,0.0,0.0,0.0,0.0,0.0,14.0,0.0,0.0,0.0,0.0,1.0,10.0,0.0,0.0,0.0,0.0,1.0,0.0,8.0,8.0,5.0,1.0,0.0,0.0,2.0,1.0,0.0,0.0,0.0,0.0,0.0,0.0,0.0,0.0,0.0,0.0,0.0,0.0,0.0,0.0,0.0,2.0,0.0,0.0,0.0,0.0,1.0,0.0,0.0,0.0,0.0,0.0,0.0,0.0,2.0,3.0,2.0,2268968192.0,-1.0,营口市盖州市,营口市盖州市九垄地街道,8.0,16.1,0.0,3.5,27.6,33.92962962962963,41.04461538461538,39.60348923533779
辽宁省,营口市,盖州市,归州街道,122.0548756,40.1133075,1.0,0.0,0.0,5.0,4.0,0.0,0.0,0.0,0.0,0.0,0.0,0.0,0.0,0.0,0.0,0.0,0.0,0.0,0.0,0.0,7.0,0.0,0.0,0.0,0.0,1.0,0.0,0.0,0.0,1.0,0.0,0.0,0.0,4.0,5.0,4.0,1.0,0.0,0.0,1.0,0.0,0.0,0.0,0.0,0.0,0.0,0.0,0.0,0.0,0.0,0.0,0.0,0.0,0.0,0.0,0.0,1.0,0.0,0.0,0.0,0.0,1.0,0.0,0.0,0.0,1.0,0.0,0.0,0.0,2.0,2.0,2.0,3351553819.0,-1.0,营口市盖州市,营口市盖州市归州街道,8.0,13.3,0.0,2.2,23.5,33.92962962962963,41.04461538461538,39.60348923533779
辽宁省,营口市,盖州市,高屯镇,122.603365,40.4349049,1.0,0.0,0.0,0.0,39.0,0.0,0.0,0.0,0.0,0.0,2.0,0.0,0.0,0.0,0.0,0.0,0.0,0.0,0.0,0.0,1.0,0.0,0.0,0.0,0.0,2.0,31.0,0.0,0.0,0.0,0.0,2.0,0.0,4.0,3.0,3.0,1.0,0.0,0.0,0.0,5.0,0.0,0.0,0.0,0.0,0.0,2.0,0.0,0.0,0.0,0.0,0.0,0.0,0.0,0.0,0.0,1.0,0.0,0.0,0.0,0.0,1.0,6.0,0.0,0.0,0.0,0.0,2.0,0.0,1.0,3.0,2.0,3413784403.0,9677910.0,营口市盖州市,营口市盖州市高屯镇,17.0,17.8,0.0,5.2,40.0,33.92962962962963,41.04461538461538,39.60348923533779
辽宁省,营口市,盖州市,沙岗镇,122.2581534,40.3515472,2.0,0.0,0.0,6.0,23.0,1.0,0.0,0.0,0.0,0.0,0.0,0.0,0.0,0.0,0.0,0.0,0.0,0.0,0.0,0.0,6.0,0.0,0.0,0.0,0.0,1.0,5.0,0.0,0.0,1.0,0.0,0.0,0.0,9.0,9.0,7.0,0.0,0.0,0.0,4.0,8.0,1.0,0.0,0.0,0.0,0.0,0.0,0.0,0.0,0.0,0.0,0.0,0.0,0.0,0.0,0.0,3.0,0.0,0.0,0.0,0.0,1.0,5.0,0.0,0.0,0.0,0.0,0.0,0.0,5.0,7.0,3.0,2861374855.0,9677916.0,营口市盖州市,营口市盖州市沙岗镇,16.0,21.0,0.0,4.6,41.6,33.92962962962963,41.04461538461538,39.60348923533779
辽宁省,营口市,盖州市,九寨镇,122.107075,40.0893601,0.0,0.0,0.0,14.0,19.0,0.0,0.0,0.0,0.0,0.0,0.0,0.0,0.0,0.0,0.0,0.0,0.0,0.0,0.0,0.0,3.0,0.0,0.0,0.0,0.0,2.0,0.0,0.0,0.0,0.0,0.0,0.0,0.0,2.0,3.0,2.0,0.0,0.0,0.0,5.0,15.0,0.0,0.0,0.0,0.0,0.0,0.0,0.0,0.0,0.0,0.0,0.0,0.0,0.0,0.0,0.0,0.0,0.0,0.0,0.0,0.0,1.0,0.0,0.0,0.0,0.0,0.0,0.0,0.0,2.0,3.0,0.0,2268978042.0,-1.0,营口市盖州市,营口市盖州市九寨镇,9.0,14.8,0.0,1.0,24.8,33.92962962962963,41.04461538461538,39.60348923533779
辽宁省,营口市,盖州市,万福镇,122.5438488,40.1382211,2.0,1.0,0.0,0.0,10.0,0.0,0.0,0.0,0.0,0.0,0.0,0.0,0.0,0.0,0.0,0.0,0.0,0.0,0.0,0.0,0.0,0.0,0.0,0.0,0.0,1.0,0.0,0.0,0.0,0.0,0.0,0.0,0.0,2.0,5.0,2.0,2.0,0.0,0.0,0.0,3.0,0.0,0.0,0.0,0.0,0.0,0.0,0.0,0.0,0.0,0.0,0.0,0.0,0.0,0.0,0.0,0.0,0.0,0.0,0.0,0.0,1.0,0.0,0.0,0.0,0.0,0.0,0.0,0.0,2.0,4.0,2.0,2179195589.0,-1.0,营口市盖州市,营口市盖州市万福镇,8.0,10.4,0.0,1.0,19.4,33.92962962962963,41.04461538461538,39.60348923533779
辽宁省,营口市,盖州市,卧龙泉镇,122.7378963,40.2504224,0.0,0.0,0.0,3.0,5.0,0.0,0.0,0.0,0.0,0.0,0.0,0.0,0.0,0.0,0.0,0.0,0.0,0.0,0.0,0.0,0.0,0.0,0.0,0.0,0.0,1.0,0.0,0.0,0.0,0.0,0.0,0.0,0.0,1.0,2.0,2.0,0.0,0.0,0.0,3.0,4.0,0.0,0.0,0.0,0.0,0.0,0.0,0.0,0.0,0.0,0.0,0.0,0.0,0.0,0.0,0.0,0.0,0.0,0.0,0.0,0.0,1.0,0.0,0.0,0.0,0.0,0.0,0.0,0.0,1.0,2.0,2.0,2268985028.0,9677921.0,营口市盖州市,营口市盖州市卧龙泉镇,16.0,6.2,0.0,1.0,23.2,33.92962962962963,41.04461538461538,39.60348923533779
辽宁省,营口市,盖州市,青石岭镇,122.4271546,40.5007171,3.0,0.0,0.0,0.0,23.0,0.0,0.0,0.0,0.0,0.0,0.0,0.0,0.0,0.0,0.0,0.0,0.0,0.0,0.0,0.0,0.0,0.0,0.0,0.0,0.0,1.0,42.0,0.0,0.0,1.0,0.0,0.0,0.0,7.0,3.0,2.0,3.0,0.0,0.0,0.0,4.0,0.0,0.0,0.0,0.0,0.0,0.0,0.0,0.0,0.0,0.0,0.0,0.0,0.0,0.0,0.0,0.0,0.0,0.0,0.0,0.0,1.0,13.0,0.0,0.0,0.0,0.0,0.0,0.0,2.0,2.0,2.0,2294247734.0,9677915.0,营口市盖州市,营口市盖州市青石岭镇,16.0,12.3,0.0,6.6000000000000005,34.9,33.92962962962963,41.04461538461538,39.60348923533779
辽宁省,营口市,盖州市,暖泉镇,122.4973264,40.383235,0.0,0.0,0.0,7.0,15.0,0.0,0.0,0.0,0.0,0.0,0.0,0.0,0.0,0.0,0.0,0.0,0.0,0.0,0.0,0.0,0.0,0.0,0.0,0.0,0.0,1.0,51.0,0.0,0.0,0.0,0.0,1.0,0.0,3.0,3.0,2.0,0.0,0.0,0.0,4.0,5.0,0.0,0.0,0.0,0.0,0.0,0.0,0.0,0.0,0.0,0.0,0.0,0.0,0.0,0.0,0.0,0.0,0.0,0.0,0.0,0.0,1.0,20.0,0.0,0.0,0.0,0.0,1.0,0.0,1.0,3.0,2.0,6538822035.0,9677914.0,营口市盖州市,营口市盖州市暖泉镇,16.0,11.0,0.0,8.100000000000001,35.1,33.92962962962963,41.04461538461538,39.60348923533779
辽宁省,营口市,盖州市,榜式堡镇,122.6623964,40.4145736,1.0,0.0,0.0,5.0,19.0,0.0,0.0,0.0,0.0,0.0,0.0,0.0,0.0,0.0,0.0,0.0,0.0,0.0,0.0,0.0,1.0,0.0,0.0,0.0,0.0,2.0,33.0,0.0,0.0,0.0,0.0,0.0,0.0,2.0,4.0,2.0,1.0,0.0,0.0,3.0,7.0,0.0,0.0,0.0,0.0,0.0,0.0,0.0,0.0,0.0,0.0,0.0,0.0,0.0,0.0,0.0,0.0,0.0,0.0,0.0,0.0,1.0,0.0,0.0,0.0,0.0,0.0,0.0,0.0,1.0,4.0,1.0,2810676777.0,9677909.0,营口市盖州市,营口市盖州市榜式堡镇,17.0,17.9,0.0,4.300000000000001,39.2,33.92962962962963,41.04461538461538,39.60348923533779
辽宁省,营口市,盖州市,团甸镇,122.4688468,40.433043,1.0,0.0,0.0,2.0,23.0,0.0,0.0,0.0,0.0,0.0,1.0,0.0,0.0,0.0,0.0,0.0,0.0,0.0,0.0,0.0,0.0,0.0,0.0,0.0,0.0,1.0,21.0,0.0,0.0,0.0,0.0,0.0,0.0,5.0,4.0,1.0,1.0,0.0,0.0,1.0,12.0,0.0,0.0,0.0,0.0,0.0,1.0,0.0,0.0,0.0,0.0,0.0,0.0,0.0,0.0,0.0,0.0,0.0,0.0,0.0,0.0,1.0,14.0,0.0,0.0,0.0,0.0,0.0,0.0,2.0,4.0,1.0,3413786127.0,9677919.0,营口市盖州市,营口市盖州市团甸镇,16.0,19.2,0.0,4.0,39.2,33.92962962962963,41.04461538461538,39.60348923533779
辽宁省,营口市,盖州市,双台镇,122.2471181,40.2341326,0.0,1.0,7.0,7.0,57.0,0.0,0.0,0.0,0.0,0.0,0.0,0.0,0.0,0.0,0.0,0.0,0.0,0.0,0.0,0.0,12.0,0.0,0.0,0.0,0.0,1.0,313.0,0.0,0.0,0.0,0.0,2.0,0.0,6.0,5.0,4.0,0.0,0.0,5.0,6.0,42.0,0.0,0.0,0.0,0.0,0.0,0.0,0.0,0.0,0.0,0.0,0.0,0.0,0.0,0.0,0.0,6.0,0.0,0.0,0.0,0.0,1.0,300.0,0.0,0.0,0.0,0.0,2.0,0.0,1.0,4.0,4.0,2268978043.0,9678114.0,营口市盖州市,营口市盖州市双台镇,16.0,22.5,0.0,18.0,56.5,33.92962962962963,41.04461538461538,39.60348923533779
辽宁省,营口市,盖州市,杨运镇,122.2490036,40.0981322,0.0,3.0,3.0,2.0,8.0,0.0,0.0,0.0,0.0,0.0,0.0,0.0,0.0,0.0,0.0,0.0,0.0,0.0,0.0,0.0,6.0,0.0,0.0,0.0,0.0,2.0,4.0,0.0,0.0,0.0,0.0,0.0,0.0,1.0,5.0,2.0,0.0,1.0,3.0,0.0,0.0,0.0,0.0,0.0,0.0,0.0,0.0,0.0,0.0,0.0,0.0,0.0,0.0,0.0,0.0,0.0,3.0,0.0,0.0,0.0,0.0,1.0,0.0,0.0,0.0,0.0,0.0,0.0,0.0,1.0,2.0,2.0,2268978049.0,-1.0,营口市盖州市,营口市盖州市杨运镇,9.0,11.1,0.0,1.4,21.5,33.92962962962963,41.04461538461538,39.60348923533779
辽宁省,营口市,盖州市,徐屯镇,122.3881519,40.3431604,3.0,0.0,0.0,4.0,8.0,0.0,0.0,0.0,0.0,0.0,0.0,0.0,0.0,0.0,0.0,0.0,0.0,0.0,0.0,0.0,0.0,0.0,0.0,0.0,0.0,1.0,10.0,0.0,0.0,0.0,0.0,0.0,0.0,3.0,4.0,2.0,1.0,0.0,0.0,0.0,0.0,0.0,0.0,0.0,0.0,0.0,0.0,0.0,0.0,0.0,0.0,0.0,0.0,0.0,0.0,0.0,0.0,0.0,0.0,0.0,0.0,1.0,0.0,0.0,0.0,0.0,0.0,0.0,0.0,2.0,1.0,1.0,2179195575.0,9677924.0,营口市盖州市,营口市盖州市徐屯镇,16.0,12.6,0.0,2.0,30.6,33.92962962962963,41.04461538461538,39.60348923533779
辽宁省,营口市,盖州市,什字街镇,122.5169681,40.0550575,2.0,0.0,5.0,4.0,8.0,0.0,0.0,1.0,0.0,0.0,0.0,0.0,0.0,0.0,0.0,0.0,0.0,0.0,0.0,0.0,0.0,0.0,0.0,0.0,0.0,6.0,29.0,0.0,0.0,1.0,0.0,0.0,0.0,6.0,6.0,3.0,0.0,0.0,3.0,0.0,4.0,0.0,0.0,0.0,0.0,0.0,0.0,0.0,0.0,0.0,0.0,0.0,0.0,0.0,0.0,0.0,0.0,0.0,0.0,0.0,0.0,1.0,9.0,0.0,0.0,0.0,0.0,0.0,0.0,1.0,3.0,1.0,2268968195.0,-1.0,营口市盖州市,营口市盖州市什字街镇,12.0,14.8,0.0,5.4,32.2,33.92962962962963,41.04461538461538,39.60348923533779
辽宁省,营口市,盖州市,矿洞沟镇,122.7078555,40.1755706,0.0,0.0,3.0,0.0,1.0,0.0,0.0,0.0,0.0,0.0,0.0,0.0,0.0,0.0,0.0,0.0,0.0,0.0,0.0,0.0,0.0,0.0,0.0,0.0,0.0,2.0,0.0,0.0,0.0,0.0,0.0,0.0,0.0,2.0,3.0,3.0,0.0,0.0,1.0,0.0,1.0,0.0,0.0,0.0,0.0,0.0,0.0,0.0,0.0,0.0,0.0,0.0,0.0,0.0,0.0,0.0,0.0,0.0,0.0,0.0,0.0,1.0,0.0,0.0,0.0,0.0,0.0,0.0,0.0,1.0,2.0,2.0,2268968194.0,9677913.0,营口市盖州市,营口市盖州市矿洞沟镇,17.0,7.0,0.0,1.5,25.5,33.92962962962963,41.04461538461538,39.60348923533779
辽宁省,营口市,盖州市,陈屯镇,122.198225,40.1374164,0.0,0.0,3.0,5.0,1.0,0.0,0.0,0.0,0.0,0.0,0.0,0.0,0.0,0.0,0.0,0.0,0.0,0.0,0.0,0.0,13.0,0.0,0.0,0.0,0.0,1.0,12.0,0.0,0.0,1.0,0.0,0.0,0.0,6.0,3.0,4.0,0.0,0.0,1.0,3.0,0.0,0.0,0.0,0.0,0.0,0.0,0.0,0.0,0.0,0.0,0.0,0.0,0.0,0.0,0.0,0.0,3.0,0.0,0.0,0.0,0.0,1.0,4.0,0.0,0.0,1.0,0.0,0.0,0.0,2.0,2.0,3.0,2268978047.0,-1.0,营口市盖州市,营口市盖州市陈屯镇,8.0,11.7,0.0,3.8,23.5,33.92962962962963,41.04461538461538,39.60348923533779
辽宁省,营口市,盖州市,梁屯镇,122.5199878,40.2106235,3.0,0.0,0.0,3.0,46.0,0.0,0.0,0.0,0.0,0.0,0.0,0.0,0.0,0.0,0.0,0.0,0.0,0.0,0.0,0.0,0.0,0.0,0.0,0.0,0.0,1.0,66.0,0.0,0.0,0.0,0.0,0.0,0.0,1.0,4.0,2.0,1.0,0.0,0.0,3.0,8.0,0.0,0.0,0.0,0.0,0.0,0.0,0.0,0.0,0.0,0.0,0.0,0.0,0.0,0.0,0.0,0.0,0.0,0.0,0.0,0.0,1.0,16.0,0.0,0.0,0.0,0.0,0.0,0.0,1.0,4.0,1.0,2179195578.0,-1.0,营口市盖州市,营口市盖州市梁屯镇,8.0,21.6,0.0,9.200000000000001,38.800000000000004,33.92962962962963,41.04461538461538,39.60348923533779
辽宁省,营口市,盖州市,小石棚乡,122.4370261,40.2423391,7.0,0.0,0.0,0.0,11.0,0.0,0.0,0.0,0.0,0.0,1.0,0.0,0.0,1.0,0.0,0.0,0.0,0.0,0.0,1.0,0.0,0.0,0.0,0.0,0.0,1.0,29.0,0.0,1.0,1.0,0.0,0.0,0.0,3.0,6.0,2.0,3.0,0.0,0.0,0.0,4.0,0.0,0.0,0.0,0.0,0.0,1.0,0.0,0.0,1.0,0.0,0.0,0.0,0.0,0.0,1.0,0.0,0.0,0.0,0.0,0.0,1.0,10.0,0.0,1.0,0.0,0.0,0.0,0.0,2.0,3.0,1.0,2179195580.0,-1.0,营口市盖州市,营口市盖州市小石棚乡,8.0,13.4,1.0,5.0,27.4,33.92962962962963,41.04461538461538,39.60348923533779
辽宁省,营口市,盖州市,果园乡,122.2224134,40.1947753,0.0,0.0,2.0,7.0,9.0,0.0,0.0,0.0,0.0,0.0,0.0,0.0,0.0,0.0,0.0,0.0,0.0,0.0,0.0,0.0,4.0,0.0,0.0,0.0,0.0,1.0,1.0,0.0,0.0,1.0,0.0,0.0,0.0,5.0,4.0,4.0,0.0,0.0,0.0,0.0,1.0,0.0,0.0,0.0,0.0,0.0,0.0,0.0,0.0,0.0,0.0,0.0,0.0,0.0,0.0,0.0,0.0,0.0,0.0,0.0,0.0,1.0,0.0,0.0,0.0,0.0,0.0,0.0,0.0,4.0,1.0,1.0,6538822034.0,9677912.0,营口市盖州市,营口市盖州市果园乡,16.0,14.1,0.0,2.2,32.300000000000004,33.92962962962963,41.04461538461538,39.60348923533779
辽宁省,营口市,盖州市,二台乡,122.0715068,40.0734502,0.0,0.0,0.0,7.0,14.0,0.0,0.0,1.0,0.0,0.0,0.0,0.0,0.0,0.0,0.0,0.0,0.0,0.0,0.0,0.0,5.0,0.0,0.0,0.0,0.0,2.0,0.0,0.0,0.0,1.0,0.0,0.0,0.0,7.0,5.0,3.0,0.0,0.0,0.0,2.0,5.0,0.0,0.0,0.0,0.0,0.0,0.0,0.0,0.0,0.0,0.0,0.0,0.0,0.0,0.0,0.0,2.0,0.0,0.0,0.0,0.0,1.0,0.0,0.0,0.0,0.0,0.0,0.0,0.0,2.0,4.0,2.0,2268978044.0,-1.0,营口市盖州市,营口市盖州市二台乡,9.0,11.8,0.0,1.6,22.400000000000002,33.92962962962963,41.04461538461538,39.60348923533779
辽宁省,营口市,大石桥市,金桥街道,122.4693709,40.6375399,0.0,10.0,13.0,29.0,40.0,3.0,0.0,0.0,2.0,0.0,2.0,1.0,0.0,0.0,5.0,5.0,0.0,0.0,0.0,0.0,0.0,0.0,2.0,1.0,0.0,3.0,58.0,0.0,0.0,1.0,0.0,3.0,0.0,13.0,11.0,8.0,0.0,4.0,2.0,2.0,1.0,1.0,0.0,0.0,0.0,0.0,1.0,0.0,0.0,0.0,0.0,0.0,0.0,0.0,0.0,0.0,0.0,0.0,1.0,1.0,0.0,1.0,9.0,0.0,0.0,0.0,0.0,0.0,0.0,3.0,5.0,4.0,6542467299.0,9681964.0,营口市大石桥市,营口市大石桥市金桥街道,18.0,26.3,5.0,10.8,60.099999999999994,35.411764705882355,41.04461538461538,39.60348923533779
辽宁省,营口市,大石桥市,钢都街道,122.5067138,40.6158636,18.0,11.0,19.0,35.0,45.0,0.0,0.0,0.0,0.0,0.0,0.0,0.0,0.0,0.0,6.0,6.0,0.0,0.0,0.0,0.0,0.0,0.0,0.0,0.0,0.0,4.0,23.0,0.0,0.0,2.0,0.0,5.0,0.0,8.0,8.0,4.0,6.0,0.0,1.0,5.0,9.0,0.0,0.0,0.0,0.0,0.0,0.0,0.0,0.0,0.0,0.0,0.0,0.0,0.0,0.0,0.0,0.0,0.0,0.0,0.0,0.0,1.0,3.0,0.0,0.0,0.0,0.0,0.0,0.0,1.0,5.0,1.0,6542467298.0,9681959.0,营口市大石桥市,营口市大石桥市钢都街道,19.0,24.0,0.0,4.800000000000001,47.8,35.411764705882355,41.04461538461538,39.60348923533779
辽宁省,营口市,大石桥市,百寨街道,122.561085,40.60896,8.0,5.0,6.0,6.0,10.0,3.0,0.0,0.0,0.0,0.0,0.0,0.0,0.0,0.0,0.0,0.0,0.0,0.0,0.0,0.0,0.0,0.0,0.0,0.0,0.0,1.0,9.0,0.0,0.0,2.0,0.0,0.0,0.0,3.0,7.0,2.0,0.0,0.0,1.0,1.0,1.0,1.0,0.0,0.0,0.0,0.0,0.0,0.0,0.0,0.0,0.0,0.0,0.0,0.0,0.0,0.0,0.0,0.0,0.0,0.0,0.0,1.0,1.0,0.0,0.0,1.0,0.0,0.0,0.0,2.0,4.0,0.0,-1.0,-1.0,营口市大石桥市,营口市大石桥市百寨街道,1.0,15.8,0.0,2.3,19.1,35.411764705882355,41.04461538461538,39.60348923533779
辽宁省,营口市,大石桥市,镁都街道,122.5015497,40.6409485,8.0,17.0,30.0,32.0,65.0,3.0,0.0,0.0,2.0,0.0,2.0,1.0,0.0,0.0,8.0,8.0,0.0,0.0,0.0,0.0,0.0,0.0,1.0,1.0,0.0,5.0,70.0,0.0,0.0,2.0,0.0,6.0,0.0,9.0,10.0,7.0,0.0,0.0,13.0,10.0,22.0,2.0,0.0,0.0,2.0,0.0,0.0,1.0,0.0,0.0,2.0,2.0,0.0,0.0,0.0,0.0,0.0,0.0,0.0,0.0,0.0,3.0,6.0,0.0,0.0,0.0,0.0,2.0,0.0,7.0,8.0,2.0,6542467302.0,18947268.0,营口市大石桥市,营口市大石桥市镁都街道,20.0,28.0,10.0,11.3,69.3,35.411764705882355,41.04461538461538,39.60348923533779
辽宁省,营口市,大石桥市,水源镇,122.1484025,40.8050512,4.0,1.0,0.0,0.0,0.0,0.0,0.0,0.0,1.0,0.0,0.0,0.0,0.0,0.0,0.0,0.0,0.0,0.0,0.0,0.0,3.0,0.0,0.0,0.0,0.0,1.0,1.0,0.0,0.0,0.0,0.0,0.0,0.0,6.0,2.0,3.0,2.0,1.0,0.0,0.0,0.0,0.0,0.0,0.0,0.0,0.0,0.0,0.0,0.0,0.0,0.0,0.0,0.0,0.0,0.0,0.0,0.0,0.0,0.0,0.0,0.0,1.0,0.0,0.0,0.0,0.0,0.0,0.0,0.0,1.0,2.0,0.0,2277887252.0,9681970.0,营口市大石桥市,营口市大石桥市水源镇,16.0,8.0,0.0,1.6,25.6,35.411764705882355,41.04461538461538,39.60348923533779
辽宁省,营口市,大石桥市,沟沿镇,122.2409027,40.8223341,0.0,1.0,0.0,1.0,17.0,0.0,0.0,0.0,0.0,0.0,0.0,0.0,0.0,0.0,0.0,0.0,0.0,0.0,0.0,0.0,0.0,0.0,0.0,0.0,0.0,1.0,16.0,0.0,0.0,0.0,0.0,0.0,0.0,2.0,4.0,0.0,0.0,1.0,0.0,1.0,10.0,0.0,0.0,0.0,0.0,0.0,0.0,0.0,0.0,0.0,0.0,0.0,0.0,0.0,0.0,0.0,0.0,0.0,0.0,0.0,0.0,1.0,5.0,0.0,0.0,0.0,0.0,0.0,0.0,1.0,4.0,0.0,2277887251.0,9681961.0,营口市大石桥市,营口市大石桥市沟沿镇,16.0,14.4,0.0,2.1,32.5,35.411764705882355,41.04461538461538,39.60348923533779
辽宁省,营口市,大石桥市,石佛镇,122.3312112,40.8768117,0.0,0.0,0.0,1.0,3.0,0.0,0.0,0.0,0.0,0.0,0.0,0.0,0.0,0.0,1.0,1.0,0.0,0.0,0.0,0.0,0.0,0.0,0.0,0.0,0.0,2.0,0.0,0.0,0.0,4.0,0.0,0.0,0.0,10.0,3.0,2.0,0.0,0.0,0.0,1.0,1.0,0.0,0.0,0.0,0.0,0.0,0.0,0.0,0.0,0.0,1.0,1.0,0.0,0.0,0.0,0.0,0.0,0.0,0.0,0.0,0.0,1.0,0.0,0.0,0.0,0.0,0.0,0.0,0.0,5.0,3.0,1.0,2277887258.0,9681968.0,营口市大石桥市,营口市大石桥市石佛镇,17.0,3.4000000000000004,5.0,1.4,26.799999999999997,35.411764705882355,41.04461538461538,39.60348923533779
辽宁省,营口市,大石桥市,高坎镇,122.3820866,40.7713316,0.0,4.0,0.0,3.0,12.0,0.0,0.0,0.0,0.0,0.0,0.0,0.0,0.0,0.0,0.0,0.0,0.0,0.0,0.0,0.0,0.0,0.0,0.0,0.0,0.0,1.0,8.0,0.0,0.0,0.0,0.0,0.0,0.0,2.0,6.0,1.0,0.0,2.0,0.0,1.0,2.0,0.0,0.0,0.0,0.0,0.0,0.0,0.0,0.0,0.0,0.0,0.0,0.0,0.0,0.0,0.0,0.0,0.0,0.0,0.0,0.0,1.0,5.0,0.0,0.0,0.0,0.0,0.0,0.0,1.0,3.0,0.0,2277887256.0,9681960.0,营口市大石桥市,营口市大石桥市高坎镇,16.0,14.0,0.0,1.8,31.8,35.411764705882355,41.04461538461538,39.60348923533779
辽宁省,营口市,大石桥市,旗口镇,122.4268902,40.8570781,0.0,1.0,0.0,2.0,8.0,0.0,0.0,0.0,0.0,0.0,0.0,0.0,0.0,0.0,0.0,0.0,0.0,0.0,0.0,0.0,0.0,0.0,0.0,0.0,0.0,1.0,27.0,0.0,0.0,0.0,0.0,0.0,0.0,5.0,6.0,1.0,0.0,1.0,0.0,1.0,0.0,0.0,0.0,0.0,0.0,0.0,0.0,0.0,0.0,0.0,0.0,0.0,0.0,0.0,0.0,0.0,0.0,0.0,0.0,0.0,0.0,1.0,0.0,0.0,0.0,0.0,0.0,0.0,0.0,2.0,4.0,0.0,2277887253.0,9681966.0,营口市大石桥市,营口市大石桥市旗口镇,16.0,11.6,0.0,3.2,30.8,35.411764705882355,41.04461538461538,39.60348923533779
辽宁省,营口市,大石桥市,虎庄镇,122.5438285,40.7155436,5.0,2.0,0.0,5.0,16.0,0.0,0.0,0.0,0.0,0.0,0.0,0.0,0.0,0.0,0.0,0.0,0.0,0.0,0.0,0.0,0.0,0.0,0.0,0.0,0.0,1.0,14.0,0.0,0.0,0.0,0.0,0.0,0.0,6.0,7.0,0.0,0.0,2.0,0.0,1.0,4.0,0.0,0.0,0.0,0.0,0.0,0.0,0.0,0.0,0.0,0.0,0.0,0.0,0.0,0.0,0.0,0.0,0.0,0.0,0.0,0.0,1.0,0.0,0.0,0.0,0.0,0.0,0.0,0.0,1.0,4.0,0.0,2166907290.0,9681963.0,营口市大石桥市,营口市大石桥市虎庄镇,16.0,17.9,0.0,1.4000000000000001,35.3,35.411764705882355,41.04461538461538,39.60348923533779
辽宁省,营口市,大石桥市,官屯镇,122.5604428,40.6906809,5.0,0.0,0.0,5.0,23.0,0.0,0.0,0.0,0.0,0.0,0.0,0.0,0.0,0.0,0.0,0.0,0.0,0.0,0.0,0.0,0.0,0.0,0.0,0.0,0.0,1.0,47.0,0.0,0.0,0.0,0.0,1.0,0.0,4.0,5.0,1.0,4.0,0.0,0.0,5.0,5.0,0.0,0.0,0.0,0.0,0.0,0.0,0.0,0.0,0.0,0.0,0.0,0.0,0.0,0.0,0.0,0.0,0.0,0.0,0.0,0.0,1.0,14.0,0.0,0.0,0.0,0.0,1.0,0.0,4.0,5.0,1.0,2277899467.0,9681962.0,营口市大石桥市,营口市大石桥市官屯镇,16.0,18.6,0.0,6.6000000000000005,41.2,35.411764705882355,41.04461538461538,39.60348923533779
辽宁省,营口市,大石桥市,博洛铺镇,122.4626885,40.5295582,2.0,0.0,0.0,5.0,10.0,0.0,0.0,0.0,0.0,0.0,0.0,0.0,0.0,0.0,0.0,0.0,0.0,0.0,0.0,0.0,0.0,0.0,0.0,0.0,0.0,6.0,9.0,0.0,0.0,1.0,0.0,0.0,0.0,6.0,4.0,1.0,2.0,0.0,0.0,2.0,0.0,0.0,0.0,0.0,0.0,0.0,0.0,0.0,0.0,0.0,0.0,0.0,0.0,0.0,0.0,0.0,0.0,0.0,0.0,0.0,0.0,1.0,0.0,0.0,0.0,0.0,0.0,0.0,0.0,2.0,2.0,0.0,2294247735.0,-1.0,营口市大石桥市,营口市大石桥市博洛铺镇,12.0,14.0,0.0,1.5,27.5,35.411764705882355,41.04461538461538,39.60348923533779
辽宁省,营口市,大石桥市,永安镇,122.488266,40.5720795,2.0,2.0,1.0,1.0,8.0,0.0,0.0,0.0,0.0,0.0,0.0,0.0,0.0,0.0,0.0,0.0,0.0,0.0,0.0,0.0,2.0,0.0,0.0,0.0,0.0,4.0,23.0,0.0,0.0,1.0,0.0,0.0,0.0,4.0,6.0,1.0,0.0,0.0,0.0,1.0,1.0,0.0,0.0,0.0,0.0,0.0,0.0,0.0,0.0,0.0,0.0,0.0,0.0,0.0,0.0,0.0,1.0,0.0,0.0,0.0,0.0,1.0,7.0,0.0,0.0,0.0,0.0,0.0,0.0,1.0,2.0,1.0,2294252585.0,-1.0,营口市大石桥市,营口市大石桥市永安镇,11.0,10.9,0.0,3.6,25.5,35.411764705882355,41.04461538461538,39.60348923533779
辽宁省,营口市,大石桥市,汤池镇,122.62815,40.5286108,0.0,4.0,0.0,12.0,15.0,0.0,0.0,0.0,0.0,0.0,0.0,0.0,0.0,0.0,0.0,0.0,0.0,0.0,0.0,0.0,0.0,0.0,0.0,0.0,0.0,2.0,62.0,0.0,0.0,0.0,0.0,0.0,0.0,1.0,4.0,1.0,0.0,3.0,0.0,6.0,2.0,0.0,0.0,0.0,0.0,0.0,0.0,0.0,0.0,0.0,0.0,0.0,0.0,0.0,0.0,0.0,0.0,0.0,0.0,0.0,0.0,1.0,3.0,0.0,0.0,0.0,0.0,0.0,0.0,1.0,3.0,1.0,2810995533.0,-1.0,营口市大石桥市,营口市大石桥市汤池镇,9.0,15.6,0.0,7.0,31.6,35.411764705882355,41.04461538461538,39.60348923533779
辽宁省,营口市,大石桥市,建一镇,122.8635599,40.4831618,0.0,3.0,0.0,0.0,23.0,0.0,0.0,0.0,0.0,0.0,0.0,0.0,0.0,0.0,0.0,0.0,0.0,0.0,0.0,0.0,0.0,0.0,0.0,0.0,0.0,1.0,52.0,0.0,0.0,0.0,0.0,0.0,0.0,1.0,3.0,2.0,0.0,1.0,0.0,0.0,7.0,0.0,0.0,0.0,0.0,0.0,0.0,0.0,0.0,0.0,0.0,0.0,0.0,0.0,0.0,0.0,0.0,0.0,0.0,0.0,0.0,1.0,17.0,0.0,0.0,0.0,0.0,0.0,0.0,1.0,3.0,2.0,2811036141.0,-1.0,营口市大石桥市,营口市大石桥市建一镇,8.0,13.200000000000001,0.0,7.9,29.1,35.411764705882355,41.04461538461538,39.60348923533779
辽宁省,营口市,大石桥市,黄土岭镇,122.7919985,40.4136237,0.0,1.0,0.0,0.0,27.0,0.0,0.0,0.0,0.0,0.0,0.0,0.0,0.0,0.0,0.0,0.0,0.0,0.0,0.0,0.0,0.0,0.0,0.0,0.0,0.0,1.0,73.0,0.0,0.0,0.0,0.0,0.0,0.0,4.0,4.0,2.0,0.0,0.0,0.0,0.0,10.0,0.0,0.0,0.0,0.0,0.0,0.0,0.0,0.0,0.0,0.0,0.0,0.0,0.0,0.0,0.0,0.0,0.0,0.0,0.0,0.0,1.0,0.0,0.0,0.0,0.0,0.0,0.0,0.0,1.0,2.0,1.0,2861406196.0,-1.0,营口市大石桥市,营口市大石桥市黄土岭镇,8.0,15.4,0.0,8.3,31.7,35.411764705882355,41.04461538461538,39.60348923533779
辽宁省,营口市,大石桥市,周家镇,122.7451994,40.5454124,0.0,0.0,0.0,8.0,31.0,0.0,0.0,0.0,0.0,0.0,0.0,0.0,0.0,0.0,0.0,0.0,0.0,0.0,0.0,0.0,0.0,0.0,0.0,0.0,0.0,1.0,92.0,0.0,0.0,0.0,0.0,0.0,0.0,1.0,3.0,2.0,0.0,0.0,0.0,1.0,10.0,0.0,0.0,0.0,0.0,0.0,0.0,0.0,0.0,0.0,0.0,0.0,0.0,0.0,0.0,0.0,0.0,0.0,0.0,0.0,0.0,1.0,24.0,0.0,0.0,0.0,0.0,0.0,0.0,1.0,3.0,2.0,2810995532.0,-1.0,营口市大石桥市,营口市大石桥市周家镇,8.0,15.7,0.0,12.600000000000001,36.3,35.411764705882355,41.04461538461538,39.60348923533779
辽宁省,阜新市,海州区,和平街道,121.6558206,42.010453,0.0,23.0,28.0,82.0,33.0,22.0,0.0,10.0,0.0,6.0,0.0,4.0,4.0,4.0,8.0,11.0,1.0,0.0,0.0,10.0,21.0,1.0,1.0,0.0,0.0,13.0,128.0,0.0,30.0,3.0,3.0,14.0,4.0,26.0,10.0,10.0,0.0,9.0,2.0,32.0,5.0,9.0,0.0,2.0,0.0,4.0,0.0,1.0,3.0,3.0,0.0,1.0,0.0,0.0,0.0,6.0,12.0,0.0,0.0,0.0,0.0,2.0,26.0,0.0,7.0,0.0,3.0,7.0,1.0,11.0,9.0,6.0,6484337872.0,9603564.0,阜新市海州区,阜新市海州区和平街道,20.0,24.1,16.0,19.700000000000003,79.80000000000001,59.92857142857143,31.72317073170732,39.60348923533779
辽宁省,阜新市,海州区,西山街道,121.6437253,42.0066854,0.0,25.0,30.0,80.0,31.0,22.0,0.0,5.0,1.0,6.0,0.0,3.0,5.0,5.0,13.0,16.0,1.0,0.0,0.0,11.0,21.0,0.0,1.0,0.0,0.0,12.0,116.0,0.0,26.0,3.0,5.0,14.0,5.0,25.0,10.0,9.0,0.0,7.0,2.0,29.0,4.0,0.0,0.0,0.0,0.0,0.0,0.0,0.0,2.0,2.0,3.0,3.0,0.0,0.0,0.0,5.0,2.0,0.0,0.0,0.0,0.0,2.0,5.0,0.0,1.0,0.0,1.0,3.0,1.0,12.0,6.0,7.0,6484337877.0,9603569.0,阜新市海州区,阜新市海州区西山街道,20.0,25.4,20.0,16.4,81.80000000000001,59.92857142857143,31.72317073170732,39.60348923533779
辽宁省,阜新市,海州区,河北街道,121.630204,42.0029568,0.0,16.0,28.0,75.0,29.0,10.0,0.0,3.0,1.0,3.0,0.0,1.0,4.0,4.0,13.0,15.0,0.0,0.0,0.0,8.0,19.0,0.0,1.0,0.0,0.0,10.0,57.0,0.0,12.0,3.0,5.0,14.0,3.0,27.0,9.0,9.0,0.0,2.0,4.0,19.0,6.0,0.0,0.0,0.0,0.0,0.0,0.0,0.0,1.0,1.0,3.0,4.0,0.0,0.0,0.0,0.0,0.0,0.0,0.0,0.0,0.0,1.0,1.0,0.0,0.0,0.0,1.0,3.0,0.0,7.0,4.0,5.0,6484337871.0,9603563.0,阜新市海州区,阜新市海州区河北街道,20.0,25.6,15.0,10.100000000000001,70.7,59.92857142857143,31.72317073170732,39.60348923533779
辽宁省,阜新市,海州区,站前街道,121.6393093,41.9930686,0.0,15.0,17.0,68.0,18.0,2.0,0.0,1.0,1.0,1.0,0.0,1.0,4.0,4.0,10.0,12.0,0.0,0.0,0.0,7.0,15.0,0.0,1.0,0.0,0.0,12.0,24.0,0.0,4.0,3.0,5.0,7.0,2.0,26.0,8.0,9.0,0.0,0.0,3.0,11.0,1.0,0.0,0.0,0.0,0.0,0.0,0.0,0.0,0.0,0.0,1.0,2.0,0.0,0.0,0.0,1.0,0.0,0.0,0.0,0.0,0.0,1.0,2.0,0.0,1.0,0.0,0.0,1.0,1.0,9.0,3.0,4.0,6484337878.0,9603570.0,阜新市海州区,阜新市海州区站前街道,20.0,21.9,11.0,6.9,59.8,59.92857142857143,31.72317073170732,39.60348923533779
辽宁省,阜新市,海州区,五龙街道,121.6425371,41.9825237,0.0,6.0,9.0,42.0,7.0,1.0,0.0,0.0,1.0,0.0,0.0,0.0,3.0,3.0,7.0,8.0,0.0,0.0,0.0,2.0,0.0,0.0,1.0,0.0,0.0,7.0,7.0,0.0,2.0,3.0,3.0,3.0,1.0,19.0,6.0,8.0,0.0,0.0,3.0,4.0,1.0,1.0,0.0,0.0,1.0,0.0,0.0,0.0,0.0,0.0,0.0,0.0,0.0,0.0,0.0,0.0,0.0,0.0,0.0,0.0,0.0,1.0,2.0,0.0,2.0,0.0,0.0,0.0,0.0,11.0,4.0,0.0,6484337874.0,9603566.0,阜新市海州区,阜新市海州区五龙街道,20.0,16.7,0.0,5.2,41.900000000000006,59.92857142857143,31.72317073170732,39.60348923533779
辽宁省,阜新市,海州区,平安西部街道,121.6167151,41.9684694,0.0,5.0,8.0,9.0,9.0,2.0,0.0,0.0,1.0,0.0,0.0,0.0,1.0,1.0,4.0,5.0,0.0,0.0,0.0,1.0,0.0,0.0,0.0,0.0,0.0,5.0,14.0,0.0,2.0,0.0,2.0,0.0,1.0,13.0,6.0,4.0,0.0,0.0,2.0,0.0,5.0,1.0,0.0,0.0,0.0,0.0,0.0,0.0,0.0,0.0,0.0,0.0,0.0,0.0,0.0,0.0,0.0,0.0,0.0,0.0,0.0,1.0,0.0,0.0,0.0,0.0,0.0,0.0,0.0,6.0,3.0,0.0,6484337873.0,9603565.0,阜新市海州区,阜新市海州区平安西部街道,20.0,18.3,0.0,3.4000000000000004,41.699999999999996,59.92857142857143,31.72317073170732,39.60348923533779
辽宁省,阜新市,海州区,韩家店镇,121.599207,41.9368079,0.0,2.0,7.0,2.0,29.0,3.0,0.0,0.0,0.0,0.0,0.0,0.0,0.0,0.0,0.0,0.0,0.0,0.0,0.0,0.0,0.0,0.0,2.0,0.0,0.0,3.0,8.0,0.0,0.0,0.0,0.0,1.0,0.0,8.0,6.0,5.0,0.0,2.0,3.0,1.0,22.0,3.0,0.0,0.0,0.0,0.0,0.0,0.0,0.0,0.0,0.0,0.0,0.0,0.0,0.0,0.0,0.0,0.0,1.0,0.0,0.0,1.0,1.0,0.0,0.0,0.0,0.0,1.0,0.0,2.0,6.0,3.0,2277874199.0,9603562.0,阜新市海州区,阜新市海州区韩家店镇,18.0,22.4,0.0,3.4,43.8,59.92857142857143,31.72317073170732,39.60348923533779
辽宁省,阜新市,新邱区,街基街道,121.7800947,42.085143,1.0,4.0,11.0,21.0,42.0,0.0,0.0,0.0,1.0,0.0,1.0,1.0,0.0,0.0,0.0,0.0,0.0,0.0,0.0,0.0,5.0,0.0,2.0,0.0,0.0,5.0,22.0,0.0,0.0,1.0,0.0,6.0,0.0,7.0,9.0,5.0,0.0,0.0,5.0,6.0,22.0,0.0,0.0,0.0,1.0,0.0,0.0,1.0,0.0,0.0,0.0,0.0,0.0,0.0,0.0,0.0,2.0,0.0,0.0,0.0,0.0,3.0,3.0,0.0,0.0,0.0,0.0,4.0,0.0,3.0,4.0,3.0,4574679672.0,6824631.0,阜新市新邱区,阜新市新邱区街基街道,20.0,28.0,5.0,5.1,58.1,62.03333333333333,31.72317073170732,39.60348923533779
辽宁省,阜新市,新邱区,新发屯街道,121.7860111,42.0804404,0.0,4.0,11.0,21.0,44.0,0.0,0.0,0.0,1.0,0.0,1.0,1.0,0.0,0.0,0.0,0.0,0.0,0.0,0.0,0.0,4.0,0.0,0.0,0.0,0.0,6.0,19.0,0.0,0.0,1.0,0.0,6.0,0.0,6.0,7.0,4.0,0.0,0.0,5.0,8.0,15.0,0.0,0.0,0.0,1.0,0.0,0.0,1.0,0.0,0.0,0.0,0.0,0.0,0.0,0.0,0.0,1.0,0.0,0.0,0.0,0.0,4.0,2.0,0.0,0.0,0.0,0.0,4.0,0.0,4.0,3.0,4.0,4574679671.0,6824630.0,阜新市新邱区,阜新市新邱区新发屯街道,20.0,27.5,5.0,4.2,56.7,62.03333333333333,31.72317073170732,39.60348923533779
辽宁省,阜新市,新邱区,长营子镇,121.7650943,42.0679998,0.0,19.0,12.0,22.0,72.0,2.0,0.0,1.0,9.0,0.0,2.0,2.0,0.0,0.0,5.0,8.0,0.0,0.0,0.0,0.0,16.0,0.0,3.0,0.0,0.0,6.0,88.0,0.0,0.0,4.0,0.0,12.0,0.0,8.0,9.0,7.0,0.0,0.0,5.0,2.0,21.0,0.0,0.0,0.0,0.0,0.0,1.0,0.0,0.0,0.0,1.0,1.0,0.0,0.0,0.0,0.0,1.0,0.0,1.0,0.0,0.0,1.0,6.0,0.0,0.0,0.0,0.0,2.0,0.0,4.0,3.0,4.0,4574679668.0,6824629.0,阜新市新邱区,阜新市新邱区长营子镇,20.0,28.0,10.0,13.3,71.3,62.03333333333333,31.72317073170732,39.60348923533779
辽宁省,阜新市,太平区,红树街道,121.6684441,42.0070144,0.0,23.0,15.0,71.0,30.0,21.0,0.0,10.0,0.0,6.0,0.0,4.0,4.0,4.0,6.0,8.0,1.0,0.0,0.0,9.0,21.0,1.0,1.0,0.0,0.0,13.0,127.0,0.0,29.0,3.0,3.0,12.0,4.0,24.0,9.0,10.0,0.0,6.0,5.0,16.0,5.0,0.0,0.0,1.0,0.0,1.0,0.0,1.0,0.0,0.0,0.0,0.0,0.0,0.0,0.0,0.0,5.0,0.0,1.0,0.0,0.0,3.0,10.0,0.0,0.0,1.0,0.0,1.0,0.0,8.0,5.0,5.0,6484894155.0,9604101.0,阜新市太平区,阜新市太平区红树街道,20.0,23.5,5.0,18.1,66.6,51.825,31.72317073170732,39.60348923533779
辽宁省,阜新市,太平区,高德街道,121.6956277,42.0094418,0.0,16.0,14.0,36.0,40.0,2.0,0.0,6.0,0.0,2.0,0.0,3.0,0.0,0.0,0.0,1.0,0.0,0.0,0.0,0.0,9.0,1.0,1.0,0.0,0.0,7.0,31.0,0.0,7.0,1.0,1.0,3.0,1.0,20.0,7.0,9.0,0.0,0.0,1.0,6.0,3.0,0.0,0.0,0.0,0.0,0.0,0.0,0.0,0.0,0.0,0.0,0.0,0.0,0.0,0.0,0.0,0.0,0.0,0.0,0.0,0.0,1.0,2.0,0.0,0.0,0.0,0.0,0.0,0.0,6.0,3.0,1.0,6484894154.0,9604100.0,阜新市太平区,阜新市太平区高德街道,20.0,24.4,5.0,7.4,56.8,51.825,31.72317073170732,39.60348923533779
辽宁省,阜新市,太平区,孙家湾街道,121.6856535,41.9801238,0.0,2.0,4.0,12.0,20.0,7.0,0.0,5.0,0.0,2.0,0.0,0.0,0.0,0.0,0.0,0.0,0.0,0.0,0.0,0.0,1.0,0.0,2.0,0.0,0.0,3.0,4.0,0.0,0.0,3.0,0.0,1.0,0.0,12.0,7.0,12.0,0.0,0.0,0.0,2.0,2.0,7.0,0.0,0.0,0.0,0.0,0.0,0.0,0.0,0.0,0.0,0.0,0.0,0.0,0.0,0.0,0.0,0.0,0.0,0.0,0.0,1.0,0.0,0.0,0.0,0.0,0.0,0.0,0.0,1.0,3.0,6.0,6484894157.0,9604104.0,阜新市太平区,阜新市太平区孙家湾街道,18.0,20.1,0.0,4.7,42.800000000000004,51.825,31.72317073170732,39.60348923533779
辽宁省,阜新市,太平区,水泉镇,121.7633938,42.0217395,0.0,6.0,1.0,6.0,27.0,0.0,0.0,0.0,3.0,0.0,0.0,0.0,0.0,0.0,0.0,0.0,0.0,0.0,0.0,0.0,3.0,0.0,3.0,0.0,0.0,1.0,9.0,0.0,0.0,2.0,0.0,0.0,0.0,9.0,9.0,4.0,0.0,1.0,0.0,1.0,2.0,0.0,0.0,0.0,0.0,0.0,0.0,0.0,0.0,0.0,0.0,0.0,0.0,0.0,0.0,0.0,0.0,0.0,0.0,0.0,0.0,1.0,0.0,0.0,0.0,0.0,0.0,0.0,0.0,1.0,3.0,0.0,3302039195.0,9604103.0,阜新市太平区,阜新市太平区水泉镇,16.0,22.0,0.0,3.1,41.1,51.825,31.72317073170732,39.60348923533779
辽宁省,阜新市,清河门区,清河街道,121.4133458,41.7780991,0.0,11.0,9.0,13.0,33.0,0.0,0.0,0.0,1.0,0.0,0.0,0.0,1.0,1.0,2.0,2.0,0.0,0.0,0.0,0.0,0.0,0.0,1.0,0.0,0.0,12.0,32.0,0.0,0.0,1.0,3.0,0.0,0.0,10.0,11.0,5.0,0.0,4.0,6.0,5.0,18.0,0.0,0.0,0.0,0.0,0.0,0.0,0.0,1.0,1.0,1.0,1.0,0.0,0.0,0.0,0.0,0.0,0.0,0.0,0.0,0.0,2.0,12.0,0.0,0.0,0.0,2.0,0.0,0.0,5.0,6.0,1.0,6483856903.0,9602872.0,阜新市清河门区,阜新市清河门区清河街道,20.0,26.0,10.0,7.0,63.0,48.224999999999994,31.72317073170732,39.60348923533779
辽宁省,阜新市,清河门区,新北街道,121.4002972,41.7774645,0.0,9.0,9.0,12.0,25.0,0.0,0.0,0.0,1.0,0.0,0.0,0.0,1.0,1.0,2.0,2.0,0.0,0.0,0.0,0.0,0.0,0.0,1.0,0.0,0.0,13.0,24.0,0.0,0.0,2.0,3.0,0.0,0.0,11.0,11.0,4.0,0.0,6.0,7.0,2.0,10.0,0.0,0.0,0.0,0.0,0.0,0.0,0.0,0.0,0.0,1.0,1.0,0.0,0.0,0.0,0.0,0.0,0.0,0.0,0.0,0.0,1.0,2.0,0.0,0.0,0.0,1.0,0.0,0.0,7.0,8.0,1.0,6483856906.0,9602874.0,阜新市清河门区,阜新市清河门区新北街道,20.0,24.0,5.0,4.800000000000001,53.8,48.224999999999994,31.72317073170732,39.60348923533779
辽宁省,阜新市,清河门区,河西镇,121.3895895,41.7482795,0.0,8.0,1.0,2.0,6.0,0.0,0.0,0.0,0.0,0.0,0.0,0.0,0.0,0.0,1.0,1.0,0.0,0.0,0.0,0.0,0.0,0.0,0.0,0.0,0.0,17.0,10.0,0.0,0.0,1.0,1.0,1.0,0.0,10.0,6.0,3.0,0.0,1.0,0.0,0.0,0.0,0.0,0.0,0.0,0.0,0.0,0.0,0.0,0.0,0.0,0.0,0.0,0.0,0.0,0.0,0.0,0.0,0.0,0.0,0.0,0.0,3.0,0.0,0.0,0.0,0.0,0.0,1.0,0.0,2.0,1.0,1.0,3392595672.0,9602871.0,阜新市清河门区,阜新市清河门区河西镇,20.0,11.2,0.0,2.6,33.8,48.224999999999994,31.72317073170732,39.60348923533779
辽宁省,阜新市,清河门区,乌龙坝镇,121.4570304,41.7569279,0.0,1.0,0.0,2.0,38.0,0.0,0.0,0.0,0.0,0.0,0.0,0.0,0.0,0.0,0.0,0.0,0.0,0.0,0.0,0.0,3.0,0.0,0.0,0.0,0.0,15.0,27.0,0.0,0.0,0.0,0.0,0.0,0.0,5.0,5.0,2.0,0.0,1.0,0.0,1.0,4.0,0.0,0.0,0.0,0.0,0.0,0.0,0.0,0.0,0.0,0.0,0.0,0.0,0.0,0.0,0.0,0.0,0.0,0.0,0.0,0.0,2.0,3.0,0.0,0.0,0.0,0.0,0.0,0.0,1.0,4.0,0.0,6483856905.0,9602873.0,阜新市清河门区,阜新市清河门区乌龙坝镇,20.0,18.3,0.0,4.0,42.3,48.224999999999994,31.72317073170732,39.60348923533779
辽宁省,阜新市,细河区,玉新街道,121.5981076,42.0002912,0.0,10.0,18.0,29.0,18.0,1.0,0.0,0.0,0.0,0.0,0.0,0.0,1.0,1.0,6.0,7.0,0.0,0.0,0.0,0.0,0.0,0.0,0.0,0.0,0.0,3.0,32.0,0.0,0.0,0.0,2.0,3.0,0.0,13.0,6.0,4.0,0.0,3.0,3.0,5.0,2.0,0.0,0.0,0.0,0.0,0.0,0.0,0.0,0.0,0.0,0.0,0.0,0.0,0.0,0.0,0.0,0.0,0.0,0.0,0.0,0.0,1.0,2.0,0.0,0.0,0.0,0.0,0.0,0.0,1.0,4.0,1.0,6484026962.0,-1.0,阜新市细河区,阜新市细河区玉新街道,10.0,17.2,0.0,5.4,32.6,55.725,31.72317073170732,39.60348923533779
辽宁省,阜新市,细河区,玉龙街道,121.6378621,42.0178775,0.0,24.0,33.0,81.0,45.0,26.0,0.0,13.0,0.0,6.0,0.0,2.0,5.0,5.0,10.0,14.0,1.0,0.0,0.0,10.0,22.0,0.0,1.0,0.0,0.0,11.0,112.0,0.0,25.0,3.0,6.0,15.0,4.0,21.0,11.0,9.0,0.0,3.0,4.0,20.0,3.0,0.0,0.0,0.0,0.0,0.0,0.0,0.0,0.0,0.0,6.0,6.0,0.0,0.0,0.0,1.0,11.0,0.0,0.0,0.0,0.0,2.0,10.0,0.0,0.0,0.0,0.0,3.0,0.0,10.0,5.0,4.0,6484026964.0,18947274.0,阜新市细河区,阜新市细河区玉龙街道,20.0,25.9,11.0,16.5,73.4,55.725,31.72317073170732,39.60348923533779
辽宁省,阜新市,细河区,玉丰街道,121.6644286,42.0298855,0.0,25.0,27.0,86.0,100.0,41.0,0.0,44.0,0.0,6.0,0.0,4.0,4.0,4.0,6.0,12.0,1.0,0.0,0.0,13.0,23.0,1.0,1.0,0.0,0.0,9.0,256.0,0.0,41.0,0.0,4.0,16.0,4.0,23.0,11.0,9.0,0.0,2.0,3.0,10.0,3.0,14.0,0.0,0.0,0.0,0.0,0.0,0.0,1.0,1.0,0.0,1.0,1.0,0.0,0.0,2.0,0.0,0.0,0.0,0.0,0.0,1.0,43.0,0.0,5.0,0.0,1.0,0.0,1.0,5.0,5.0,1.0,6484026959.0,18947273.0,阜新市细河区,阜新市细河区玉丰街道,20.0,26.0,17.0,20.0,83.0,55.725,31.72317073170732,39.60348923533779
辽宁省,阜新市,细河区,四合镇,121.5758784,41.9595251,0.0,6.0,7.0,3.0,21.0,2.0,0.0,0.0,0.0,0.0,0.0,0.0,0.0,0.0,0.0,0.0,0.0,0.0,0.0,0.0,0.0,0.0,0.0,0.0,0.0,1.0,6.0,0.0,0.0,0.0,0.0,0.0,0.0,10.0,9.0,2.0,0.0,0.0,3.0,1.0,0.0,0.0,0.0,0.0,0.0,0.0,0.0,0.0,0.0,0.0,0.0,0.0,0.0,0.0,0.0,0.0,0.0,0.0,0.0,0.0,0.0,1.0,1.0,0.0,0.0,0.0,0.0,0.0,0.0,5.0,2.0,1.0,6484026961.0,9603098.0,阜新市细河区,阜新市细河区四合镇,16.0,16.2,0.0,1.7000000000000002,33.900000000000006,55.725,31.72317073170732,39.60348923533779
辽宁省,阜新市,阜新蒙古族自治县,城区街道,121.7286587,42.0586758,0.0,21.0,6.0,17.0,75.0,2.0,0.0,3.0,10.0,0.0,4.0,1.0,0.0,0.0,7.0,10.0,0.0,0.0,0.0,0.0,18.0,0.0,4.0,0.0,0.0,2.0,76.0,0.0,0.0,3.0,0.0,10.0,1.0,12.0,12.0,7.0,0.0,4.0,2.0,3.0,22.0,1.0,0.0,3.0,0.0,0.0,1.0,0.0,0.0,0.0,1.0,2.0,0.0,0.0,0.0,0.0,10.0,0.0,0.0,0.0,0.0,1.0,10.0,0.0,0.0,0.0,0.0,1.0,0.0,1.0,6.0,3.0,6483442562.0,9602093.0,阜新市阜新蒙古族自治县,阜新市阜新蒙古族自治县城区街道,17.0,28.0,10.0,12.4,67.4,23.044444444444444,31.72317073170732,39.60348923533779
辽宁省,阜新市,阜新蒙古族自治县,阜新镇,121.7164711,42.1232429,2.0,5.0,0.0,5.0,1.0,5.0,0.0,0.0,0.0,1.0,0.0,0.0,0.0,0.0,0.0,0.0,0.0,0.0,0.0,0.0,1.0,0.0,0.0,0.0,0.0,1.0,0.0,0.0,0.0,0.0,0.0,0.0,0.0,3.0,9.0,3.0,1.0,3.0,0.0,1.0,0.0,0.0,0.0,0.0,0.0,0.0,0.0,0.0,0.0,0.0,0.0,0.0,0.0,0.0,0.0,0.0,1.0,0.0,0.0,0.0,0.0,1.0,0.0,0.0,0.0,0.0,0.0,0.0,0.0,1.0,3.0,1.0,2277009886.0,-1.0,阜新市阜新蒙古族自治县,阜新市阜新蒙古族自治县阜新镇,8.0,16.2,0.0,1.5,25.7,23.044444444444444,31.72317073170732,39.60348923533779
辽宁省,阜新市,阜新蒙古族自治县,东梁镇,121.556553,41.9057,0.0,1.0,3.0,4.0,26.0,0.0,0.0,0.0,0.0,0.0,0.0,0.0,0.0,0.0,0.0,0.0,0.0,0.0,0.0,0.0,0.0,0.0,1.0,0.0,0.0,3.0,25.0,0.0,0.0,3.0,0.0,1.0,0.0,6.0,7.0,4.0,0.0,0.0,3.0,1.0,7.0,0.0,0.0,0.0,0.0,0.0,0.0,0.0,0.0,0.0,0.0,0.0,0.0,0.0,0.0,0.0,0.0,0.0,1.0,0.0,0.0,1.0,6.0,0.0,0.0,0.0,0.0,1.0,0.0,1.0,4.0,3.0,2276639540.0,-1.0,阜新市阜新蒙古族自治县,阜新市阜新蒙古族自治县东梁镇,10.0,19.8,0.0,5.4,35.2,23.044444444444444,31.72317073170732,39.60348923533779
辽宁省,阜新市,阜新蒙古族自治县,佛寺镇,121.4429952,41.9374463,0.0,0.0,0.0,11.0,32.0,3.0,0.0,12.0,0.0,0.0,0.0,0.0,0.0,0.0,1.0,1.0,0.0,0.0,0.0,0.0,0.0,0.0,0.0,0.0,0.0,1.0,54.0,0.0,0.0,0.0,0.0,1.0,0.0,1.0,5.0,4.0,0.0,0.0,0.0,5.0,16.0,3.0,0.0,12.0,0.0,0.0,0.0,0.0,0.0,0.0,1.0,1.0,0.0,0.0,0.0,0.0,0.0,0.0,0.0,0.0,0.0,1.0,50.0,0.0,0.0,0.0,0.0,1.0,0.0,1.0,4.0,2.0,2277874196.0,-1.0,阜新市阜新蒙古族自治县,阜新市阜新蒙古族自治县佛寺镇,8.0,18.7,5.0,12.4,44.1,23.044444444444444,31.72317073170732,39.60348923533779
辽宁省,阜新市,阜新蒙古族自治县,伊吗图镇,121.475919,41.831628,0.0,1.0,1.0,4.0,36.0,1.0,0.0,0.0,0.0,0.0,0.0,0.0,0.0,0.0,0.0,0.0,0.0,0.0,0.0,0.0,1.0,0.0,1.0,0.0,0.0,1.0,48.0,0.0,0.0,0.0,0.0,2.0,0.0,3.0,7.0,3.0,0.0,1.0,0.0,0.0,5.0,0.0,0.0,0.0,0.0,0.0,0.0,0.0,0.0,0.0,0.0,0.0,0.0,0.0,0.0,0.0,0.0,0.0,0.0,0.0,0.0,0.0,4.0,0.0,0.0,0.0,0.0,2.0,0.0,0.0,2.0,1.0,-1.0,-1.0,阜新市阜新蒙古族自治县,阜新市阜新蒙古族自治县伊吗图镇,1.0,21.2,0.0,6.7,28.9,23.044444444444444,31.72317073170732,39.60348923533779
辽宁省,阜新市,阜新蒙古族自治县,旧庙镇,121.615376,42.3815448,0.0,3.0,0.0,6.0,2.0,0.0,0.0,0.0,0.0,0.0,0.0,0.0,0.0,0.0,0.0,0.0,0.0,0.0,0.0,0.0,3.0,0.0,0.0,0.0,0.0,1.0,0.0,0.0,0.0,0.0,0.0,0.0,0.0,1.0,3.0,1.0,0.0,3.0,0.0,4.0,2.0,0.0,0.0,0.0,0.0,0.0,0.0,0.0,0.0,0.0,0.0,0.0,0.0,0.0,0.0,0.0,2.0,0.0,0.0,0.0,0.0,1.0,0.0,0.0,0.0,0.0,0.0,0.0,0.0,1.0,3.0,1.0,1187077716.0,-1.0,阜新市阜新蒙古族自治县,阜新市阜新蒙古族自治县旧庙镇,8.0,12.5,0.0,0.5,21.0,23.044444444444444,31.72317073170732,39.60348923533779
辽宁省,阜新市,阜新蒙古族自治县,务欢池镇,121.910118,42.3206287,5.0,0.0,4.0,4.0,0.0,0.0,0.0,0.0,0.0,0.0,0.0,0.0,0.0,0.0,0.0,0.0,0.0,0.0,0.0,0.0,1.0,0.0,0.0,0.0,0.0,1.0,0.0,0.0,0.0,0.0,0.0,0.0,0.0,1.0,3.0,2.0,1.0,0.0,2.0,2.0,0.0,0.0,0.0,0.0,0.0,0.0,0.0,0.0,0.0,0.0,0.0,0.0,0.0,0.0,0.0,0.0,0.0,0.0,0.0,0.0,0.0,1.0,0.0,0.0,0.0,0.0,0.0,0.0,0.0,1.0,3.0,0.0,2277001141.0,-1.0,阜新市阜新蒙古族自治县,阜新市阜新蒙古族自治县务欢池镇,8.0,10.5,0.0,1.0,19.5,23.044444444444444,31.72317073170732,39.60348923533779
辽宁省,阜新市,阜新蒙古族自治县,建设镇,122.1059245,42.3237059,0.0,0.0,2.0,2.0,1.0,0.0,0.0,0.0,0.0,0.0,0.0,0.0,0.0,0.0,0.0,0.0,0.0,0.0,0.0,0.0,0.0,0.0,0.0,0.0,0.0,1.0,0.0,0.0,0.0,0.0,0.0,0.0,0.0,1.0,3.0,0.0,0.0,0.0,2.0,2.0,0.0,0.0,0.0,0.0,0.0,0.0,0.0,0.0,0.0,0.0,0.0,0.0,0.0,0.0,0.0,0.0,0.0,0.0,0.0,0.0,0.0,1.0,0.0,0.0,0.0,0.0,0.0,0.0,0.0,1.0,2.0,0.0,3300576201.0,-1.0,阜新市阜新蒙古族自治县,阜新市阜新蒙古族自治县建设镇,8.0,8.7,0.0,0.0,16.7,23.044444444444444,31.72317073170732,39.60348923533779
辽宁省,阜新市,阜新蒙古族自治县,大巴镇,122.0131611,42.0998647,0.0,0.0,0.0,7.0,2.0,0.0,0.0,0.0,0.0,0.0,0.0,0.0,0.0,0.0,0.0,0.0,0.0,0.0,0.0,0.0,0.0,0.0,0.0,0.0,0.0,1.0,0.0,0.0,0.0,1.0,0.0,0.0,0.0,2.0,2.0,2.0,0.0,0.0,0.0,5.0,1.0,0.0,0.0,0.0,0.0,0.0,0.0,0.0,0.0,0.0,0.0,0.0,0.0,0.0,0.0,0.0,0.0,0.0,0.0,0.0,0.0,1.0,0.0,0.0,0.0,1.0,0.0,0.0,0.0,2.0,2.0,1.0,3301988238.0,-1.0,阜新市阜新蒙古族自治县,阜新市阜新蒙古族自治县大巴镇,8.0,6.7,0.0,1.2,15.899999999999999,23.044444444444444,31.72317073170732,39.60348923533779
辽宁省,阜新市,阜新蒙古族自治县,泡子镇,122.3149003,42.2097941,0.0,2.0,1.0,5.0,36.0,0.0,0.0,0.0,1.0,0.0,0.0,0.0,0.0,0.0,0.0,0.0,0.0,0.0,0.0,0.0,0.0,0.0,1.0,0.0,0.0,2.0,0.0,0.0,0.0,0.0,0.0,3.0,0.0,3.0,7.0,6.0,0.0,2.0,1.0,3.0,26.0,0.0,0.0,0.0,1.0,0.0,0.0,0.0,0.0,0.0,0.0,0.0,0.0,0.0,0.0,0.0,0.0,0.0,1.0,0.0,0.0,1.0,0.0,0.0,0.0,0.0,0.0,3.0,0.0,3.0,6.0,3.0,1655741307.0,-1.0,阜新市阜新蒙古族自治县,阜新市阜新蒙古族自治县泡子镇,9.0,25.5,0.0,3.0,37.5,23.044444444444444,31.72317073170732,39.60348923533779
辽宁省,阜新市,阜新蒙古族自治县,十家子镇,122.2580771,42.1033415,0.0,4.0,0.0,4.0,3.0,0.0,0.0,0.0,0.0,0.0,0.0,0.0,0.0,0.0,0.0,0.0,0.0,0.0,0.0,0.0,0.0,0.0,0.0,0.0,0.0,1.0,0.0,0.0,0.0,0.0,0.0,0.0,0.0,2.0,3.0,1.0,0.0,4.0,0.0,1.0,3.0,0.0,0.0,0.0,0.0,0.0,0.0,0.0,0.0,0.0,0.0,0.0,0.0,0.0,0.0,0.0,0.0,0.0,0.0,0.0,0.0,1.0,0.0,0.0,0.0,0.0,0.0,0.0,0.0,2.0,3.0,1.0,1655741323.0,-1.0,阜新市阜新蒙古族自治县,阜新市阜新蒙古族自治县十家子镇,8.0,12.0,0.0,0.5,20.5,23.044444444444444,31.72317073170732,39.60348923533779
辽宁省,阜新市,阜新蒙古族自治县,王府镇,121.5143398,42.0587853,3.0,0.0,0.0,7.0,5.0,0.0,0.0,0.0,0.0,0.0,0.0,0.0,0.0,0.0,0.0,0.0,0.0,0.0,0.0,0.0,0.0,0.0,0.0,0.0,0.0,1.0,4.0,0.0,0.0,0.0,0.0,0.0,0.0,2.0,6.0,1.0,3.0,0.0,0.0,1.0,1.0,0.0,0.0,0.0,0.0,0.0,0.0,0.0,0.0,0.0,0.0,0.0,0.0,0.0,0.0,0.0,0.0,0.0,0.0,0.0,0.0,1.0,3.0,0.0,0.0,0.0,0.0,0.0,0.0,2.0,4.0,1.0,2277009885.0,-1.0,阜新市阜新蒙古族自治县,阜新市阜新蒙古族自治县王府镇,8.0,14.3,0.0,1.2000000000000002,23.5,23.044444444444444,31.72317073170732,39.60348923533779
辽宁省,阜新市,阜新蒙古族自治县,于寺镇,121.2023587,42.1984737,0.0,0.0,1.0,7.0,4.0,0.0,0.0,0.0,0.0,0.0,0.0,0.0,0.0,0.0,0.0,0.0,0.0,0.0,0.0,0.0,2.0,0.0,1.0,0.0,0.0,1.0,0.0,0.0,0.0,0.0,0.0,0.0,0.0,1.0,4.0,3.0,0.0,0.0,1.0,4.0,3.0,0.0,0.0,0.0,0.0,0.0,0.0,0.0,0.0,0.0,0.0,0.0,0.0,0.0,0.0,0.0,2.0,0.0,1.0,0.0,0.0,1.0,0.0,0.0,0.0,0.0,0.0,0.0,0.0,1.0,3.0,3.0,3303666424.0,-1.0,阜新市阜新蒙古族自治县,阜新市阜新蒙古族自治县于寺镇,8.0,13.7,0.0,1.5,23.2,23.044444444444444,31.72317073170732,39.60348923533779
辽宁省,阜新市,阜新蒙古族自治县,富荣镇,122.0164022,41.9680661,0.0,1.0,0.0,1.0,1.0,1.0,0.0,0.0,0.0,0.0,0.0,0.0,0.0,0.0,0.0,0.0,0.0,0.0,0.0,0.0,0.0,0.0,0.0,0.0,0.0,1.0,0.0,0.0,0.0,1.0,0.0,0.0,0.0,1.0,5.0,0.0,0.0,1.0,0.0,1.0,1.0,0.0,0.0,0.0,0.0,0.0,0.0,0.0,0.0,0.0,0.0,0.0,0.0,0.0,0.0,0.0,0.0,0.0,0.0,0.0,0.0,1.0,0.0,0.0,0.0,0.0,0.0,0.0,0.0,1.0,4.0,0.0,2277868005.0,-1.0,阜新市阜新蒙古族自治县,阜新市阜新蒙古族自治县富荣镇,8.0,9.0,0.0,0.1,17.1,23.044444444444444,31.72317073170732,39.60348923533779
辽宁省,阜新市,阜新蒙古族自治县,新民镇,121.700241,41.8826857,0.0,0.0,0.0,4.0,0.0,0.0,0.0,0.0,0.0,0.0,0.0,0.0,0.0,0.0,0.0,0.0,0.0,0.0,0.0,0.0,0.0,0.0,0.0,0.0,0.0,1.0,0.0,0.0,0.0,0.0,0.0,0.0,0.0,1.0,1.0,0.0,0.0,0.0,0.0,4.0,0.0,0.0,0.0,0.0,0.0,0.0,0.0,0.0,0.0,0.0,0.0,0.0,0.0,0.0,0.0,0.0,0.0,0.0,0.0,0.0,0.0,1.0,0.0,0.0,0.0,0.0,0.0,0.0,0.0,1.0,1.0,0.0,2277874204.0,-1.0,阜新市阜新蒙古族自治县,阜新市阜新蒙古族自治县新民镇,8.0,4.5,0.0,0.0,12.5,23.044444444444444,31.72317073170732,39.60348923533779
辽宁省,阜新市,阜新蒙古族自治县,福兴地镇,121.391851,42.4253388,0.0,3.0,0.0,8.0,18.0,0.0,0.0,0.0,0.0,0.0,0.0,0.0,0.0,0.0,0.0,0.0,0.0,0.0,0.0,0.0,3.0,0.0,1.0,0.0,0.0,3.0,0.0,0.0,0.0,0.0,0.0,0.0,0.0,8.0,8.0,5.0,0.0,1.0,0.0,3.0,5.0,0.0,0.0,0.0,0.0,0.0,0.0,0.0,0.0,0.0,0.0,0.0,0.0,0.0,0.0,0.0,1.0,0.0,0.0,0.0,0.0,1.0,0.0,0.0,0.0,0.0,0.0,0.0,0.0,1.0,4.0,3.0,3304252836.0,-1.0,阜新市阜新蒙古族自治县,阜新市阜新蒙古族自治县福兴地镇,10.0,19.1,0.0,2.5,31.6,23.044444444444444,31.72317073170732,39.60348923533779
辽宁省,阜新市,阜新蒙古族自治县,平安地镇,121.870078,42.4840355,0.0,0.0,1.0,1.0,0.0,0.0,0.0,0.0,0.0,0.0,0.0,0.0,0.0,0.0,0.0,0.0,0.0,0.0,0.0,0.0,0.0,0.0,0.0,0.0,0.0,1.0,0.0,0.0,0.0,0.0,0.0,0.0,0.0,1.0,2.0,0.0,0.0,0.0,1.0,1.0,0.0,0.0,0.0,0.0,0.0,0.0,0.0,0.0,0.0,0.0,0.0,0.0,0.0,0.0,0.0,0.0,0.0,0.0,0.0,0.0,0.0,1.0,0.0,0.0,0.0,0.0,0.0,0.0,0.0,1.0,2.0,0.0,3303499656.0,-1.0,阜新市阜新蒙古族自治县,阜新市阜新蒙古族自治县平安地镇,8.0,7.0,0.0,0.0,15.0,23.044444444444444,31.72317073170732,39.60348923533779
辽宁省,阜新市,阜新蒙古族自治县,沙拉镇,121.868236,42.1382229,0.0,0.0,3.0,8.0,1.0,0.0,0.0,0.0,0.0,0.0,0.0,0.0,0.0,0.0,0.0,0.0,0.0,0.0,0.0,0.0,0.0,0.0,0.0,0.0,0.0,1.0,0.0,0.0,0.0,1.0,0.0,0.0,0.0,3.0,4.0,1.0,0.0,0.0,1.0,2.0,1.0,0.0,0.0,0.0,0.0,0.0,0.0,0.0,0.0,0.0,0.0,0.0,0.0,0.0,0.0,0.0,0.0,0.0,0.0,0.0,0.0,1.0,0.0,0.0,0.0,0.0,0.0,0.0,0.0,2.0,4.0,0.0,3302026597.0,-1.0,阜新市阜新蒙古族自治县,阜新市阜新蒙古族自治县沙拉镇,8.0,12.5,0.0,0.6,21.1,23.044444444444444,31.72317073170732,39.60348923533779
辽宁省,阜新市,阜新蒙古族自治县,大固本镇,122.2054451,42.2712986,0.0,0.0,1.0,7.0,2.0,0.0,0.0,0.0,0.0,2.0,2.0,0.0,0.0,0.0,0.0,0.0,0.0,0.0,0.0,0.0,0.0,0.0,0.0,0.0,0.0,1.0,0.0,0.0,0.0,1.0,0.0,0.0,0.0,2.0,9.0,1.0,0.0,0.0,1.0,2.0,0.0,0.0,0.0,0.0,0.0,0.0,0.0,0.0,0.0,0.0,0.0,0.0,0.0,0.0,0.0,0.0,0.0,0.0,0.0,0.0,0.0,1.0,0.0,0.0,0.0,0.0,0.0,0.0,0.0,2.0,3.0,0.0,3300580077.0,-1.0,阜新市阜新蒙古族自治县,阜新市阜新蒙古族自治县大固本镇,8.0,18.4,0.0,0.6,27.0,23.044444444444444,31.72317073170732,39.60348923533779
辽宁省,阜新市,阜新蒙古族自治县,大五家子镇,121.3328642,42.1949764,0.0,0.0,2.0,4.0,0.0,0.0,0.0,0.0,0.0,0.0,0.0,0.0,0.0,0.0,0.0,0.0,0.0,0.0,0.0,0.0,0.0,0.0,0.0,0.0,0.0,2.0,0.0,0.0,0.0,0.0,0.0,0.0,0.0,1.0,2.0,0.0,0.0,0.0,2.0,2.0,0.0,0.0,0.0,0.0,0.0,0.0,0.0,0.0,0.0,0.0,0.0,0.0,0.0,0.0,0.0,0.0,0.0,0.0,0.0,0.0,0.0,1.0,0.0,0.0,0.0,0.0,0.0,0.0,0.0,1.0,2.0,0.0,3303656747.0,-1.0,阜新市阜新蒙古族自治县,阜新市阜新蒙古族自治县大五家子镇,9.0,10.0,0.0,0.0,19.0,23.044444444444444,31.72317073170732,39.60348923533779
辽宁省,阜新市,阜新蒙古族自治县,大板镇,121.8646813,41.9310613,0.0,3.0,0.0,1.0,4.0,0.0,0.0,0.0,0.0,0.0,0.0,0.0,0.0,0.0,0.0,0.0,0.0,0.0,0.0,0.0,0.0,0.0,0.0,0.0,0.0,2.0,0.0,0.0,0.0,0.0,0.0,1.0,0.0,2.0,6.0,1.0,0.0,2.0,0.0,0.0,1.0,0.0,0.0,0.0,0.0,0.0,0.0,0.0,0.0,0.0,0.0,0.0,0.0,0.0,0.0,0.0,0.0,0.0,0.0,0.0,0.0,1.0,0.0,0.0,0.0,0.0,0.0,0.0,0.0,1.0,2.0,0.0,2277868772.0,-1.0,阜新市阜新蒙古族自治县,阜新市阜新蒙古族自治县大板镇,9.0,10.1,0.0,0.5,19.6,23.044444444444444,31.72317073170732,39.60348923533779
辽宁省,阜新市,阜新蒙古族自治县,招束沟镇,121.9963812,42.2094662,0.0,0.0,0.0,5.0,2.0,0.0,0.0,0.0,0.0,0.0,0.0,0.0,0.0,0.0,0.0,0.0,0.0,0.0,0.0,0.0,0.0,0.0,0.0,0.0,0.0,1.0,0.0,0.0,0.0,0.0,0.0,0.0,0.0,2.0,3.0,1.0,0.0,0.0,0.0,3.0,2.0,0.0,0.0,0.0,0.0,0.0,0.0,0.0,0.0,0.0,0.0,0.0,0.0,0.0,0.0,0.0,0.0,0.0,0.0,0.0,0.0,1.0,0.0,0.0,0.0,0.0,0.0,0.0,0.0,1.0,2.0,1.0,3302327851.0,-1.0,阜新市阜新蒙古族自治县,阜新市阜新蒙古族自治县招束沟镇,8.0,7.5,0.0,0.5,16.0,23.044444444444444,31.72317073170732,39.60348923533779
辽宁省,阜新市,阜新蒙古族自治县,八家子镇,121.5124322,42.2833872,0.0,0.0,0.0,4.0,3.0,0.0,0.0,0.0,0.0,0.0,0.0,0.0,0.0,0.0,1.0,1.0,0.0,0.0,0.0,0.0,0.0,0.0,0.0,0.0,0.0,7.0,0.0,0.0,0.0,0.0,0.0,0.0,0.0,1.0,2.0,0.0,0.0,0.0,0.0,3.0,0.0,0.0,0.0,0.0,0.0,0.0,0.0,0.0,0.0,0.0,1.0,1.0,0.0,0.0,0.0,0.0,0.0,0.0,0.0,0.0,0.0,3.0,0.0,0.0,0.0,0.0,0.0,0.0,0.0,1.0,1.0,0.0,3303529832.0,-1.0,阜新市阜新蒙古族自治县,阜新市阜新蒙古族自治县八家子镇,12.0,5.6,5.0,0.0,22.6,23.044444444444444,31.72317073170732,39.60348923533779
辽宁省,阜新市,阜新蒙古族自治县,蜘蛛山镇,121.4020379,41.8042816,0.0,4.0,8.0,10.0,10.0,0.0,0.0,0.0,1.0,0.0,0.0,0.0,1.0,1.0,1.0,1.0,0.0,0.0,0.0,0.0,1.0,0.0,0.0,0.0,0.0,5.0,4.0,0.0,0.0,0.0,1.0,0.0,0.0,8.0,8.0,2.0,0.0,0.0,0.0,1.0,0.0,0.0,0.0,0.0,0.0,0.0,0.0,0.0,0.0,0.0,0.0,0.0,0.0,0.0,0.0,0.0,0.0,0.0,0.0,0.0,0.0,1.0,0.0,0.0,0.0,0.0,0.0,0.0,0.0,4.0,1.0,0.0,3305333034.0,-1.0,阜新市阜新蒙古族自治县,阜新市阜新蒙古族自治县蜘蛛山镇,12.0,18.0,0.0,1.4,31.4,23.044444444444444,31.72317073170732,39.60348923533779
辽宁省,阜新市,阜新蒙古族自治县,塔营子镇,122.0617916,42.4334189,3.0,0.0,0.0,1.0,0.0,0.0,0.0,0.0,0.0,0.0,0.0,0.0,0.0,0.0,0.0,0.0,0.0,0.0,0.0,0.0,0.0,0.0,1.0,0.0,0.0,1.0,0.0,0.0,0.0,1.0,0.0,0.0,0.0,4.0,2.0,2.0,1.0,0.0,0.0,1.0,0.0,0.0,0.0,0.0,0.0,0.0,0.0,0.0,0.0,0.0,0.0,0.0,0.0,0.0,0.0,0.0,0.0,0.0,1.0,0.0,0.0,1.0,0.0,0.0,0.0,1.0,0.0,0.0,0.0,4.0,2.0,2.0,2277001137.0,-1.0,阜新市阜新蒙古族自治县,阜新市阜新蒙古族自治县塔营子镇,8.0,7.0,0.0,1.2,16.2,23.044444444444444,31.72317073170732,39.60348923533779
辽宁省,阜新市,阜新蒙古族自治县,扎兰营子镇,121.8232574,42.2739667,0.0,0.0,0.0,1.0,0.0,0.0,0.0,0.0,0.0,0.0,0.0,0.0,0.0,0.0,0.0,0.0,0.0,0.0,0.0,0.0,0.0,0.0,0.0,0.0,0.0,1.0,0.0,0.0,0.0,0.0,0.0,0.0,0.0,1.0,1.0,0.0,0.0,0.0,0.0,1.0,0.0,0.0,0.0,0.0,0.0,0.0,0.0,0.0,0.0,0.0,0.0,0.0,0.0,0.0,0.0,0.0,0.0,0.0,0.0,0.0,0.0,1.0,0.0,0.0,0.0,0.0,0.0,0.0,0.0,1.0,1.0,0.0,2277001138.0,-1.0,阜新市阜新蒙古族自治县,阜新市阜新蒙古族自治县扎兰营子镇,8.0,1.5,0.0,0.0,9.5,23.044444444444444,31.72317073170732,39.60348923533779
辽宁省,阜新市,阜新蒙古族自治县,七家子镇,121.3441661,42.0352678,1.0,0.0,0.0,1.0,0.0,0.0,0.0,0.0,0.0,0.0,1.0,0.0,0.0,0.0,0.0,0.0,0.0,0.0,0.0,0.0,0.0,0.0,0.0,0.0,0.0,1.0,0.0,0.0,0.0,0.0,0.0,0.0,0.0,2.0,3.0,0.0,1.0,0.0,0.0,0.0,0.0,0.0,0.0,0.0,0.0,0.0,0.0,0.0,0.0,0.0,0.0,0.0,0.0,0.0,0.0,0.0,0.0,0.0,0.0,0.0,0.0,1.0,0.0,0.0,0.0,0.0,0.0,0.0,0.0,1.0,1.0,0.0,2277014831.0,-1.0,阜新市阜新蒙古族自治县,阜新市阜新蒙古族自治县七家子镇,8.0,9.5,0.0,0.0,17.5,23.044444444444444,31.72317073170732,39.60348923533779
辽宁省,阜新市,阜新蒙古族自治县,红帽子镇,121.4572973,42.127775,0.0,0.0,3.0,6.0,18.0,0.0,0.0,0.0,0.0,0.0,0.0,0.0,0.0,0.0,0.0,0.0,0.0,0.0,0.0,0.0,1.0,0.0,0.0,0.0,0.0,1.0,15.0,0.0,0.0,0.0,0.0,0.0,1.0,1.0,5.0,4.0,0.0,0.0,1.0,3.0,6.0,0.0,0.0,0.0,0.0,0.0,0.0,0.0,0.0,0.0,0.0,0.0,0.0,0.0,0.0,0.0,0.0,0.0,0.0,0.0,0.0,1.0,7.0,0.0,0.0,0.0,0.0,0.0,1.0,1.0,4.0,2.0,3303661055.0,-1.0,阜新市阜新蒙古族自治县,阜新市阜新蒙古族自治县红帽子镇,8.0,17.9,0.0,4.2,30.099999999999998,23.044444444444444,31.72317073170732,39.60348923533779
辽宁省,阜新市,阜新蒙古族自治县,紫都台镇,121.2611243,42.0235384,2.0,0.0,0.0,2.0,0.0,0.0,0.0,0.0,0.0,0.0,1.0,0.0,0.0,0.0,0.0,0.0,0.0,0.0,0.0,0.0,0.0,0.0,0.0,0.0,0.0,1.0,0.0,0.0,0.0,0.0,0.0,1.0,0.0,2.0,3.0,2.0,1.0,0.0,0.0,1.0,0.0,0.0,0.0,0.0,0.0,0.0,1.0,0.0,0.0,0.0,0.0,0.0,0.0,0.0,0.0,0.0,0.0,0.0,0.0,0.0,0.0,1.0,0.0,0.0,0.0,0.0,0.0,1.0,0.0,2.0,3.0,2.0,2277014835.0,-1.0,阜新市阜新蒙古族自治县,阜新市阜新蒙古族自治县紫都台镇,8.0,10.5,0.0,1.0,19.5,23.044444444444444,31.72317073170732,39.60348923533779
辽宁省,阜新市,阜新蒙古族自治县,化石戈镇,121.1031796,42.0500739,0.0,0.0,0.0,9.0,0.0,0.0,0.0,0.0,0.0,0.0,0.0,0.0,0.0,0.0,0.0,0.0,0.0,0.0,0.0,0.0,1.0,0.0,0.0,0.0,0.0,1.0,0.0,0.0,0.0,0.0,0.0,0.0,0.0,1.0,1.0,3.0,0.0,0.0,0.0,1.0,0.0,0.0,0.0,0.0,0.0,0.0,0.0,0.0,0.0,0.0,0.0,0.0,0.0,0.0,0.0,0.0,1.0,0.0,0.0,0.0,0.0,1.0,0.0,0.0,0.0,0.0,0.0,0.0,0.0,1.0,1.0,3.0,6483442565.0,-1.0,阜新市阜新蒙古族自治县,阜新市阜新蒙古族自治县化石戈镇,8.0,5.5,0.0,1.5,15.0,23.044444444444444,31.72317073170732,39.60348923533779
辽宁省,阜新市,阜新蒙古族自治县,哈达户稍镇,121.652937,42.2876392,0.0,1.0,0.0,4.0,12.0,0.0,0.0,0.0,0.0,0.0,0.0,0.0,0.0,0.0,0.0,0.0,0.0,0.0,0.0,0.0,3.0,0.0,0.0,0.0,0.0,2.0,7.0,0.0,0.0,2.0,0.0,0.0,0.0,1.0,4.0,2.0,0.0,0.0,0.0,1.0,5.0,0.0,0.0,0.0,0.0,0.0,0.0,0.0,0.0,0.0,0.0,0.0,0.0,0.0,0.0,0.0,0.0,0.0,0.0,0.0,0.0,1.0,4.0,0.0,0.0,2.0,0.0,0.0,0.0,1.0,3.0,0.0,2277874205.0,-1.0,阜新市阜新蒙古族自治县,阜新市阜新蒙古族自治县哈达户稍镇,9.0,14.9,0.0,2.5,26.4,23.044444444444444,31.72317073170732,39.60348923533779
辽宁省,阜新市,阜新蒙古族自治县,老河土镇,122.1795009,42.1356771,0.0,0.0,0.0,2.0,0.0,1.0,0.0,0.0,0.0,0.0,0.0,0.0,0.0,0.0,0.0,0.0,0.0,0.0,0.0,0.0,0.0,0.0,0.0,0.0,0.0,1.0,0.0,0.0,0.0,0.0,0.0,0.0,0.0,1.0,2.0,0.0,0.0,0.0,0.0,2.0,0.0,0.0,0.0,0.0,0.0,0.0,0.0,0.0,0.0,0.0,0.0,0.0,0.0,0.0,0.0,0.0,0.0,0.0,0.0,0.0,0.0,1.0,0.0,0.0,0.0,0.0,0.0,0.0,0.0,1.0,1.0,0.0,3302315615.0,-1.0,阜新市阜新蒙古族自治县,阜新市阜新蒙古族自治县老河土镇,8.0,3.0,0.0,0.0,11.0,23.044444444444444,31.72317073170732,39.60348923533779
辽宁省,阜新市,阜新蒙古族自治县,太平镇,121.1887116,42.271872,0.0,0.0,1.0,2.0,0.0,0.0,0.0,0.0,0.0,0.0,0.0,0.0,0.0,0.0,0.0,0.0,0.0,0.0,0.0,0.0,0.0,0.0,0.0,0.0,0.0,1.0,0.0,0.0,0.0,0.0,0.0,0.0,0.0,1.0,2.0,0.0,0.0,0.0,1.0,2.0,0.0,0.0,0.0,0.0,0.0,0.0,0.0,0.0,0.0,0.0,0.0,0.0,0.0,0.0,0.0,0.0,0.0,0.0,0.0,0.0,0.0,1.0,0.0,0.0,0.0,0.0,0.0,0.0,0.0,1.0,2.0,0.0,-1.0,-1.0,阜新市阜新蒙古族自治县,阜新市阜新蒙古族自治县太平镇,1.0,8.0,0.0,0.0,9.0,23.044444444444444,31.72317073170732,39.60348923533779
辽宁省,阜新市,阜新蒙古族自治县,卧凤沟乡,121.5899373,41.8184519,0.0,0.0,0.0,5.0,37.0,0.0,0.0,0.0,0.0,0.0,0.0,0.0,0.0,0.0,0.0,0.0,0.0,0.0,0.0,0.0,1.0,0.0,0.0,0.0,0.0,1.0,8.0,0.0,0.0,0.0,0.0,0.0,0.0,1.0,3.0,2.0,0.0,0.0,0.0,1.0,6.0,0.0,0.0,0.0,0.0,0.0,0.0,0.0,0.0,0.0,0.0,0.0,0.0,0.0,0.0,0.0,0.0,0.0,0.0,0.0,0.0,1.0,0.0,0.0,0.0,0.0,0.0,0.0,0.0,1.0,3.0,0.0,2277874202.0,-1.0,阜新市阜新蒙古族自治县,阜新市阜新蒙古族自治县卧凤沟乡,8.0,15.7,0.0,1.8,25.5,23.044444444444444,31.72317073170732,39.60348923533779
辽宁省,阜新市,阜新蒙古族自治县,苍土乡,122.127613,42.0494122,0.0,2.0,0.0,1.0,1.0,0.0,0.0,0.0,0.0,0.0,0.0,0.0,0.0,0.0,0.0,0.0,0.0,0.0,0.0,0.0,0.0,0.0,0.0,0.0,0.0,2.0,0.0,0.0,0.0,1.0,0.0,0.0,0.0,6.0,3.0,2.0,0.0,2.0,0.0,1.0,1.0,0.0,0.0,0.0,0.0,0.0,0.0,0.0,0.0,0.0,0.0,0.0,0.0,0.0,0.0,0.0,0.0,0.0,0.0,0.0,0.0,1.0,0.0,0.0,0.0,0.0,0.0,0.0,0.0,1.0,3.0,0.0,2276979483.0,-1.0,阜新市阜新蒙古族自治县,阜新市阜新蒙古族自治县苍土乡,9.0,8.0,0.0,1.1,18.1,23.044444444444444,31.72317073170732,39.60348923533779
辽宁省,阜新市,阜新蒙古族自治县,国华乡,121.8779465,41.8574466,0.0,1.0,1.0,2.0,0.0,0.0,0.0,0.0,0.0,0.0,0.0,0.0,0.0,0.0,0.0,0.0,0.0,0.0,0.0,0.0,1.0,0.0,0.0,0.0,0.0,2.0,0.0,0.0,0.0,3.0,0.0,0.0,1.0,7.0,5.0,2.0,0.0,1.0,0.0,2.0,0.0,0.0,0.0,0.0,0.0,0.0,0.0,0.0,0.0,0.0,0.0,0.0,0.0,0.0,0.0,0.0,0.0,0.0,0.0,0.0,0.0,1.0,0.0,0.0,0.0,0.0,0.0,0.0,0.0,2.0,3.0,0.0,2277868771.0,-1.0,阜新市阜新蒙古族自治县,阜新市阜新蒙古族自治县国华乡,9.0,9.5,0.0,1.3,19.8,23.044444444444444,31.72317073170732,39.60348923533779
辽宁省,阜新市,彰武县,彰武镇,122.536622,42.383227,15.0,16.0,7.0,13.0,79.0,1.0,0.0,0.0,1.0,0.0,0.0,0.0,0.0,0.0,1.0,1.0,0.0,0.0,0.0,0.0,0.0,0.0,0.0,0.0,0.0,2.0,165.0,0.0,0.0,1.0,0.0,10.0,0.0,6.0,13.0,1.0,7.0,6.0,5.0,4.0,13.0,1.0,0.0,0.0,0.0,0.0,0.0,0.0,0.0,0.0,0.0,0.0,0.0,0.0,0.0,0.0,0.0,0.0,0.0,0.0,0.0,1.0,37.0,0.0,0.0,0.0,0.0,7.0,0.0,3.0,9.0,1.0,-1.0,-1.0,阜新市彰武县,阜新市彰武县彰武镇,2.0,26.0,0.0,16.5,44.5,22.625,31.72317073170732,39.60348923533779
辽宁省,阜新市,彰武县,哈尔套镇,122.1276988,42.4881992,5.0,0.0,1.0,3.0,13.0,0.0,0.0,0.0,0.0,0.0,0.0,0.0,0.0,0.0,0.0,0.0,0.0,0.0,0.0,0.0,5.0,0.0,0.0,0.0,0.0,1.0,1.0,0.0,0.0,0.0,0.0,1.0,0.0,1.0,5.0,2.0,5.0,0.0,0.0,2.0,6.0,0.0,0.0,0.0,0.0,0.0,0.0,0.0,0.0,0.0,0.0,0.0,0.0,0.0,0.0,0.0,1.0,0.0,0.0,0.0,0.0,1.0,1.0,0.0,0.0,0.0,0.0,1.0,0.0,1.0,4.0,2.0,2277001139.0,-1.0,阜新市彰武县,阜新市彰武县哈尔套镇,8.0,14.9,0.0,1.2,24.099999999999998,22.625,31.72317073170732,39.60348923533779
辽宁省,阜新市,彰武县,章古台镇,122.4824387,42.7060486,3.0,0.0,6.0,1.0,13.0,0.0,0.0,0.0,1.0,0.0,0.0,0.0,0.0,0.0,0.0,0.0,0.0,0.0,0.0,0.0,0.0,0.0,0.0,0.0,0.0,1.0,0.0,0.0,0.0,0.0,0.0,0.0,0.0,5.0,7.0,1.0,0.0,0.0,3.0,1.0,13.0,0.0,0.0,0.0,1.0,0.0,0.0,0.0,0.0,0.0,0.0,0.0,0.0,0.0,0.0,0.0,0.0,0.0,0.0,0.0,0.0,1.0,0.0,0.0,0.0,0.0,0.0,0.0,0.0,3.0,3.0,1.0,2340355366.0,-1.0,阜新市彰武县,阜新市彰武县章古台镇,8.0,18.0,0.0,0.5,26.5,22.625,31.72317073170732,39.60348923533779
辽宁省,阜新市,彰武县,五峰镇,122.4175705,42.2999208,0.0,1.0,0.0,16.0,12.0,0.0,0.0,0.0,0.0,0.0,0.0,0.0,0.0,0.0,0.0,0.0,0.0,0.0,0.0,0.0,0.0,0.0,0.0,0.0,0.0,1.0,0.0,0.0,0.0,5.0,0.0,1.0,0.0,3.0,7.0,3.0,0.0,1.0,0.0,10.0,4.0,0.0,0.0,0.0,0.0,0.0,0.0,0.0,0.0,0.0,0.0,0.0,0.0,0.0,0.0,0.0,0.0,0.0,0.0,0.0,0.0,1.0,0.0,0.0,0.0,0.0,0.0,1.0,0.0,2.0,4.0,3.0,2276996464.0,-1.0,阜新市彰武县,阜新市彰武县五峰镇,8.0,17.1,0.0,2.0,27.1,22.625,31.72317073170732,39.60348923533779
辽宁省,阜新市,彰武县,冯家镇,122.4941562,42.5606537,1.0,0.0,2.0,0.0,0.0,0.0,0.0,0.0,0.0,0.0,0.0,0.0,0.0,0.0,0.0,0.0,0.0,0.0,0.0,0.0,1.0,0.0,0.0,0.0,0.0,1.0,0.0,0.0,0.0,0.0,0.0,0.0,0.0,3.0,2.0,2.0,1.0,0.0,2.0,0.0,0.0,0.0,0.0,0.0,0.0,0.0,0.0,0.0,0.0,0.0,0.0,0.0,0.0,0.0,0.0,0.0,0.0,0.0,0.0,0.0,0.0,1.0,0.0,0.0,0.0,0.0,0.0,0.0,0.0,3.0,2.0,0.0,3302567874.0,-1.0,阜新市彰武县,阜新市彰武县冯家镇,8.0,6.0,0.0,1.0,15.0,22.625,31.72317073170732,39.60348923533779
辽宁省,阜新市,彰武县,后新秋镇,122.7671956,42.5807988,0.0,1.0,2.0,2.0,7.0,0.0,0.0,0.0,0.0,0.0,0.0,0.0,0.0,0.0,0.0,0.0,0.0,0.0,0.0,0.0,0.0,0.0,0.0,0.0,0.0,1.0,0.0,0.0,0.0,0.0,0.0,4.0,0.0,2.0,5.0,2.0,0.0,1.0,1.0,0.0,1.0,0.0,0.0,0.0,0.0,0.0,0.0,0.0,0.0,0.0,0.0,0.0,0.0,0.0,0.0,0.0,0.0,0.0,0.0,0.0,0.0,1.0,0.0,0.0,0.0,0.0,0.0,4.0,0.0,2.0,3.0,2.0,2283900229.0,-1.0,阜新市彰武县,阜新市彰武县后新秋镇,8.0,11.2,0.0,1.0,20.2,22.625,31.72317073170732,39.60348923533779
辽宁省,阜新市,彰武县,东六家子镇,122.7432702,42.3471739,1.0,0.0,0.0,1.0,33.0,1.0,0.0,0.0,0.0,0.0,0.0,0.0,0.0,0.0,0.0,0.0,0.0,0.0,0.0,0.0,0.0,0.0,0.0,0.0,0.0,1.0,26.0,0.0,0.0,3.0,0.0,1.0,0.0,1.0,5.0,1.0,1.0,0.0,0.0,1.0,10.0,0.0,0.0,0.0,0.0,0.0,0.0,0.0,0.0,0.0,0.0,0.0,0.0,0.0,0.0,0.0,0.0,0.0,0.0,0.0,0.0,1.0,9.0,0.0,0.0,1.0,0.0,1.0,0.0,1.0,4.0,1.0,2276388336.0,-1.0,阜新市彰武县,阜新市彰武县东六家子镇,8.0,18.1,0.0,4.4,30.5,22.625,31.72317073170732,39.60348923533779
辽宁省,阜新市,彰武县,阿尔乡镇,122.4147767,42.8232473,7.0,0.0,0.0,1.0,4.0,2.0,0.0,0.0,1.0,0.0,0.0,0.0,0.0,0.0,0.0,0.0,0.0,0.0,0.0,0.0,4.0,0.0,0.0,0.0,0.0,1.0,0.0,0.0,0.0,1.0,0.0,0.0,0.0,11.0,6.0,3.0,2.0,0.0,0.0,1.0,2.0,0.0,0.0,0.0,1.0,0.0,0.0,0.0,0.0,0.0,0.0,0.0,0.0,0.0,0.0,0.0,2.0,0.0,0.0,0.0,0.0,1.0,0.0,0.0,0.0,0.0,0.0,0.0,0.0,4.0,4.0,3.0,2408462180.0,-1.0,阜新市彰武县,阜新市彰武县阿尔乡镇,8.0,12.4,0.0,1.6,22.0,22.625,31.72317073170732,39.60348923533779
辽宁省,阜新市,彰武县,前福兴地镇,122.4700807,42.470469,0.0,0.0,1.0,2.0,23.0,0.0,0.0,0.0,0.0,0.0,0.0,0.0,0.0,0.0,0.0,0.0,0.0,0.0,0.0,0.0,9.0,0.0,0.0,0.0,0.0,1.0,24.0,0.0,0.0,0.0,0.0,1.0,0.0,1.0,4.0,2.0,0.0,0.0,1.0,1.0,7.0,0.0,0.0,0.0,0.0,0.0,0.0,0.0,0.0,0.0,0.0,0.0,0.0,0.0,0.0,0.0,0.0,0.0,0.0,0.0,0.0,1.0,7.0,0.0,0.0,0.0,0.0,1.0,0.0,1.0,4.0,1.0,3302482790.0,-1.0,阜新市彰武县,阜新市彰武县前福兴地镇,8.0,15.700000000000001,0.0,4.1,27.800000000000004,22.625,31.72317073170732,39.60348923533779
辽宁省,阜新市,彰武县,双庙镇,122.3598708,42.4045333,1.0,0.0,0.0,7.0,37.0,0.0,0.0,0.0,0.0,0.0,0.0,0.0,0.0,0.0,0.0,0.0,0.0,0.0,0.0,0.0,0.0,0.0,0.0,0.0,0.0,2.0,31.0,0.0,0.0,0.0,0.0,1.0,0.0,1.0,4.0,1.0,1.0,0.0,0.0,5.0,11.0,0.0,0.0,0.0,0.0,0.0,0.0,0.0,0.0,0.0,0.0,0.0,0.0,0.0,0.0,0.0,0.0,0.0,0.0,0.0,0.0,1.0,23.0,0.0,0.0,0.0,0.0,1.0,0.0,1.0,4.0,1.0,-1.0,-1.0,阜新市彰武县,阜新市彰武县双庙镇,2.0,22.0,0.0,5.9,29.9,22.625,31.72317073170732,39.60348923533779
辽宁省,阜新市,彰武县,大四家子镇,122.90419,42.5636552,0.0,0.0,0.0,4.0,18.0,0.0,0.0,0.0,0.0,0.0,0.0,0.0,0.0,0.0,0.0,0.0,0.0,0.0,0.0,0.0,0.0,0.0,0.0,0.0,0.0,1.0,33.0,0.0,0.0,0.0,0.0,1.0,0.0,5.0,3.0,2.0,0.0,0.0,0.0,2.0,6.0,0.0,0.0,0.0,0.0,0.0,0.0,0.0,0.0,0.0,0.0,0.0,0.0,0.0,0.0,0.0,0.0,0.0,0.0,0.0,0.0,1.0,14.0,0.0,0.0,0.0,0.0,1.0,0.0,1.0,3.0,1.0,-1.0,-1.0,阜新市彰武县,阜新市彰武县大四家子镇,1.0,10.9,0.0,5.7,17.6,22.625,31.72317073170732,39.60348923533779
辽宁省,阜新市,彰武县,苇子沟镇,122.7953902,42.4105939,0.0,0.0,0.0,5.0,23.0,0.0,0.0,0.0,0.0,0.0,0.0,0.0,0.0,0.0,0.0,0.0,0.0,0.0,0.0,0.0,0.0,0.0,0.0,0.0,0.0,1.0,11.0,0.0,0.0,0.0,0.0,0.0,0.0,5.0,3.0,2.0,0.0,0.0,0.0,2.0,4.0,0.0,0.0,0.0,0.0,0.0,0.0,0.0,0.0,0.0,0.0,0.0,0.0,0.0,0.0,0.0,0.0,0.0,0.0,0.0,0.0,1.0,0.0,0.0,0.0,0.0,0.0,0.0,0.0,1.0,2.0,1.0,-1.0,-1.0,阜新市彰武县,阜新市彰武县苇子沟镇,1.0,12.3,0.0,2.1,15.4,22.625,31.72317073170732,39.60348923533779
辽宁省,阜新市,彰武县,兴隆山镇,122.5460837,42.4409,1.0,5.0,1.0,6.0,49.0,0.0,0.0,0.0,0.0,0.0,1.0,0.0,0.0,0.0,0.0,0.0,0.0,0.0,0.0,0.0,3.0,0.0,0.0,0.0,0.0,2.0,229.0,0.0,0.0,0.0,0.0,1.0,0.0,4.0,9.0,4.0,0.0,0.0,0.0,0.0,6.0,0.0,0.0,0.0,0.0,0.0,0.0,0.0,0.0,0.0,0.0,0.0,0.0,0.0,0.0,0.0,1.0,0.0,0.0,0.0,0.0,1.0,4.0,0.0,0.0,0.0,0.0,1.0,0.0,2.0,3.0,4.0,6482504439.0,-1.0,阜新市彰武县,阜新市彰武县兴隆山镇,9.0,26.0,0.0,18.0,53.0,22.625,31.72317073170732,39.60348923533779
辽宁省,阜新市,彰武县,满堂红镇,122.1187328,42.6308669,0.0,0.0,1.0,7.0,18.0,0.0,0.0,0.0,0.0,0.0,0.0,0.0,0.0,0.0,0.0,0.0,0.0,0.0,0.0,0.0,7.0,0.0,0.0,0.0,0.0,1.0,16.0,0.0,0.0,0.0,0.0,0.0,0.0,1.0,4.0,2.0,0.0,0.0,1.0,2.0,5.0,0.0,0.0,0.0,0.0,0.0,0.0,0.0,0.0,0.0,0.0,0.0,0.0,0.0,0.0,0.0,2.0,0.0,0.0,0.0,0.0,1.0,3.0,0.0,0.0,0.0,0.0,0.0,0.0,1.0,4.0,1.0,3302451365.0,-1.0,阜新市彰武县,阜新市彰武县满堂红镇,8.0,17.1,0.0,2.9000000000000004,28.0,22.625,31.72317073170732,39.60348923533779
辽宁省,阜新市,彰武县,四合城镇,122.6824035,42.7164517,0.0,0.0,1.0,1.0,0.0,0.0,0.0,0.0,0.0,0.0,0.0,0.0,0.0,0.0,0.0,0.0,0.0,0.0,0.0,0.0,0.0,0.0,0.0,0.0,0.0,1.0,0.0,0.0,0.0,0.0,0.0,0.0,0.0,1.0,2.0,0.0,0.0,0.0,1.0,1.0,0.0,0.0,0.0,0.0,0.0,0.0,0.0,0.0,0.0,0.0,0.0,0.0,0.0,0.0,0.0,0.0,0.0,0.0,0.0,0.0,0.0,1.0,0.0,0.0,0.0,0.0,0.0,0.0,0.0,1.0,2.0,0.0,-1.0,-1.0,阜新市彰武县,阜新市彰武县四合城镇,1.0,7.0,0.0,0.0,8.0,22.625,31.72317073170732,39.60348923533779
辽宁省,阜新市,彰武县,大冷镇,122.3252415,42.5909917,0.0,0.0,5.0,1.0,14.0,0.0,0.0,0.0,0.0,0.0,0.0,0.0,0.0,0.0,0.0,0.0,0.0,0.0,0.0,0.0,2.0,0.0,0.0,0.0,0.0,1.0,11.0,0.0,0.0,0.0,0.0,1.0,0.0,1.0,4.0,3.0,0.0,0.0,2.0,0.0,2.0,0.0,0.0,0.0,0.0,0.0,0.0,0.0,0.0,0.0,0.0,0.0,0.0,0.0,0.0,0.0,1.0,0.0,0.0,0.0,0.0,1.0,2.0,0.0,0.0,0.0,0.0,0.0,0.0,1.0,2.0,1.0,-1.0,-1.0,阜新市彰武县,阜新市彰武县大冷镇,1.0,11.4,0.0,2.8,15.2,22.625,31.72317073170732,39.60348923533779
辽宁省,阜新市,彰武县,两家子镇,122.5205725,42.2115691,0.0,0.0,6.0,1.0,4.0,0.0,0.0,0.0,0.0,0.0,0.0,0.0,0.0,0.0,0.0,0.0,0.0,0.0,0.0,0.0,0.0,0.0,0.0,0.0,0.0,1.0,0.0,0.0,0.0,0.0,0.0,0.0,0.0,1.0,3.0,0.0,0.0,0.0,2.0,0.0,0.0,0.0,0.0,0.0,0.0,0.0,0.0,0.0,0.0,0.0,0.0,0.0,0.0,0.0,0.0,0.0,0.0,0.0,0.0,0.0,0.0,1.0,0.0,0.0,0.0,0.0,0.0,0.0,0.0,1.0,1.0,0.0,-1.0,-1.0,阜新市彰武县,阜新市彰武县两家子镇,1.0,8.3,0.0,0.0,9.3,22.625,31.72317073170732,39.60348923533779
辽宁省,阜新市,彰武县,平安镇,122.2477802,42.3808811,0.0,0.0,2.0,6.0,0.0,0.0,0.0,0.0,0.0,0.0,0.0,0.0,0.0,0.0,0.0,0.0,0.0,0.0,0.0,0.0,0.0,0.0,0.0,0.0,0.0,3.0,0.0,0.0,0.0,0.0,0.0,0.0,0.0,3.0,2.0,1.0,0.0,0.0,1.0,1.0,0.0,0.0,0.0,0.0,0.0,0.0,0.0,0.0,0.0,0.0,0.0,0.0,0.0,0.0,0.0,0.0,0.0,0.0,0.0,0.0,0.0,1.0,0.0,0.0,0.0,0.0,0.0,0.0,0.0,1.0,2.0,0.0,-1.0,-1.0,阜新市彰武县,阜新市彰武县平安镇,3.0,11.0,0.0,0.5,14.5,22.625,31.72317073170732,39.60348923533779
辽宁省,阜新市,彰武县,四堡子镇,122.0061196,42.5711508,1.0,0.0,0.0,3.0,0.0,0.0,0.0,0.0,0.0,0.0,0.0,0.0,0.0,0.0,0.0,0.0,0.0,0.0,0.0,0.0,0.0,0.0,0.0,0.0,0.0,1.0,0.0,0.0,0.0,0.0,0.0,0.0,0.0,1.0,2.0,0.0,1.0,0.0,0.0,2.0,0.0,0.0,0.0,0.0,0.0,0.0,0.0,0.0,0.0,0.0,0.0,0.0,0.0,0.0,0.0,0.0,0.0,0.0,0.0,0.0,0.0,1.0,0.0,0.0,0.0,0.0,0.0,0.0,0.0,1.0,2.0,0.0,3303512915.0,-1.0,阜新市彰武县,阜新市彰武县四堡子镇,8.0,9.0,0.0,0.0,17.0,22.625,31.72317073170732,39.60348923533779
辽宁省,阜新市,彰武县,西六家子镇,122.5734749,42.3134972,4.0,0.0,1.0,11.0,4.0,0.0,0.0,0.0,0.0,0.0,0.0,0.0,0.0,0.0,0.0,0.0,0.0,0.0,0.0,0.0,0.0,0.0,0.0,0.0,0.0,1.0,0.0,0.0,0.0,0.0,0.0,0.0,0.0,3.0,6.0,1.0,0.0,0.0,1.0,1.0,0.0,0.0,0.0,0.0,0.0,0.0,0.0,0.0,0.0,0.0,0.0,0.0,0.0,0.0,0.0,0.0,0.0,0.0,0.0,0.0,0.0,1.0,0.0,0.0,0.0,0.0,0.0,0.0,0.0,2.0,2.0,0.0,2276388298.0,-1.0,阜新市彰武县,阜新市彰武县西六家子镇,8.0,13.8,0.0,0.5,22.3,22.625,31.72317073170732,39.60348923533779
辽宁省,阜新市,彰武县,大德镇,122.6182665,42.5661364,0.0,0.0,1.0,1.0,0.0,0.0,0.0,0.0,0.0,0.0,0.0,0.0,0.0,0.0,0.0,0.0,0.0,0.0,0.0,0.0,0.0,0.0,0.0,0.0,0.0,1.0,0.0,0.0,0.0,0.0,0.0,0.0,0.0,1.0,2.0,1.0,0.0,0.0,1.0,1.0,0.0,0.0,0.0,0.0,0.0,0.0,0.0,0.0,0.0,0.0,0.0,0.0,0.0,0.0,0.0,0.0,0.0,0.0,0.0,0.0,0.0,1.0,0.0,0.0,0.0,0.0,0.0,0.0,0.0,1.0,2.0,0.0,2283923673.0,-1.0,阜新市彰武县,阜新市彰武县大德镇,8.0,7.0,0.0,0.5,15.5,22.625,31.72317073170732,39.60348923533779
辽宁省,阜新市,彰武县,兴隆堡镇,122.639265,42.4780788,0.0,1.0,0.0,2.0,8.0,0.0,0.0,0.0,0.0,0.0,1.0,0.0,0.0,0.0,0.0,0.0,0.0,0.0,0.0,0.0,2.0,0.0,0.0,0.0,0.0,1.0,0.0,0.0,0.0,0.0,0.0,0.0,0.0,1.0,4.0,1.0,0.0,1.0,0.0,2.0,6.0,0.0,0.0,0.0,0.0,0.0,1.0,0.0,0.0,0.0,0.0,0.0,0.0,0.0,0.0,0.0,0.0,0.0,0.0,0.0,0.0,1.0,0.0,0.0,0.0,0.0,0.0,0.0,0.0,1.0,4.0,0.0,-1.0,-1.0,阜新市彰武县,阜新市彰武县兴隆堡镇,1.0,14.4,0.0,0.5,15.9,22.625,31.72317073170732,39.60348923533779
辽宁省,阜新市,彰武县,二道河子蒙古族乡,122.6719657,42.3738896,0.0,0.0,0.0,8.0,20.0,0.0,0.0,0.0,0.0,0.0,0.0,0.0,0.0,0.0,0.0,0.0,0.0,0.0,0.0,0.0,0.0,0.0,0.0,0.0,0.0,1.0,0.0,0.0,0.0,2.0,0.0,0.0,0.0,2.0,4.0,1.0,0.0,0.0,0.0,1.0,3.0,0.0,0.0,0.0,0.0,0.0,0.0,0.0,0.0,0.0,0.0,0.0,0.0,0.0,0.0,0.0,0.0,0.0,0.0,0.0,0.0,1.0,0.0,0.0,0.0,0.0,0.0,0.0,0.0,1.0,3.0,0.0,2276388164.0,-1.0,阜新市彰武县,阜新市彰武县二道河子蒙古族乡,8.0,11.9,0.0,0.7,20.599999999999998,22.625,31.72317073170732,39.60348923533779
辽宁省,阜新市,彰武县,丰田乡,122.278807,42.4908518,0.0,0.0,0.0,4.0,25.0,0.0,0.0,0.0,0.0,0.0,0.0,0.0,0.0,0.0,0.0,0.0,0.0,0.0,0.0,0.0,3.0,0.0,0.0,0.0,0.0,1.0,18.0,0.0,0.0,0.0,0.0,0.0,0.0,1.0,3.0,1.0,0.0,0.0,0.0,3.0,7.0,0.0,0.0,0.0,0.0,0.0,0.0,0.0,0.0,0.0,0.0,0.0,0.0,0.0,0.0,0.0,0.0,0.0,0.0,0.0,0.0,1.0,2.0,0.0,0.0,0.0,0.0,0.0,0.0,1.0,2.0,0.0,3302429902.0,-1.0,阜新市彰武县,阜新市彰武县丰田乡,8.0,12.6,0.0,2.5,23.1,22.625,31.72317073170732,39.60348923533779
辽宁省,辽阳市,白塔区,文圣街道,123.1873755,41.2604877,0.0,63.0,38.0,28.0,111.0,24.0,4.0,167.0,75.0,7.0,1.0,2.0,7.0,7.0,25.0,32.0,0.0,0.0,4.0,19.0,2.0,1.0,1.0,1.0,0.0,12.0,242.0,0.0,1.0,1.0,1.0,50.0,9.0,24.0,19.0,14.0,0.0,10.0,12.0,3.0,20.0,0.0,2.0,2.0,20.0,4.0,0.0,0.0,3.0,3.0,4.0,5.0,0.0,0.0,0.0,2.0,0.0,0.0,0.0,0.0,0.0,3.0,33.0,0.0,0.0,0.0,0.0,5.0,1.0,6.0,11.0,3.0,6515913982.0,9645463.0,辽阳市白塔区,辽阳市白塔区文圣街道,20.0,30.0,17.0,20.0,87.0,86.75,37.446,39.60348923533779
辽宁省,辽阳市,白塔区,武圣街道,123.176351,41.2648461,0.0,73.0,27.0,30.0,118.0,45.0,8.0,141.0,58.0,9.0,1.0,3.0,8.0,8.0,25.0,32.0,0.0,0.0,4.0,20.0,2.0,0.0,0.0,1.0,0.0,14.0,416.0,0.0,1.0,2.0,3.0,55.0,9.0,25.0,19.0,11.0,0.0,16.0,8.0,6.0,38.0,0.0,1.0,10.0,24.0,1.0,0.0,0.0,4.0,4.0,6.0,6.0,0.0,0.0,3.0,7.0,0.0,0.0,0.0,1.0,0.0,2.0,31.0,0.0,0.0,0.0,1.0,11.0,3.0,11.0,13.0,6.0,6515913983.0,9645464.0,辽阳市白塔区,辽阳市白塔区武圣街道,20.0,30.0,23.0,20.0,93.0,86.75,37.446,39.60348923533779
辽宁省,辽阳市,白塔区,南门街道,123.1841381,41.2545502,0.0,55.0,30.0,19.0,110.0,35.0,8.0,153.0,71.0,7.0,1.0,2.0,8.0,8.0,23.0,30.0,0.0,0.0,4.0,17.0,2.0,0.0,2.0,1.0,0.0,11.0,384.0,0.0,1.0,0.0,1.0,56.0,7.0,19.0,18.0,14.0,0.0,8.0,12.0,1.0,15.0,0.0,2.0,0.0,16.0,4.0,0.0,0.0,2.0,2.0,4.0,6.0,0.0,0.0,0.0,2.0,0.0,0.0,0.0,0.0,0.0,2.0,20.0,0.0,0.0,0.0,0.0,6.0,0.0,4.0,8.0,2.0,6515913979.0,9645460.0,辽阳市白塔区,辽阳市白塔区南门街道,20.0,30.0,17.0,20.0,87.0,86.75,37.446,39.60348923533779
辽宁省,辽阳市,白塔区,襄平街道,123.1897437,41.2668717,0.0,69.0,40.0,33.0,104.0,27.0,4.0,159.0,71.0,9.0,0.0,0.0,7.0,7.0,22.0,27.0,0.0,0.0,4.0,18.0,0.0,1.0,0.0,1.0,0.0,12.0,152.0,0.0,1.0,2.0,1.0,46.0,9.0,24.0,18.0,12.0,0.0,12.0,3.0,5.0,22.0,0.0,0.0,10.0,12.0,0.0,0.0,0.0,2.0,2.0,6.0,6.0,0.0,0.0,0.0,2.0,0.0,0.0,0.0,0.0,0.0,3.0,21.0,0.0,0.0,0.0,0.0,6.0,1.0,4.0,9.0,2.0,6515913984.0,9645465.0,辽阳市白塔区,辽阳市白塔区襄平街道,20.0,28.0,12.0,20.0,80.0,86.75,37.446,39.60348923533779
辽宁省,辽阳市,文圣区,庆阳街道,123.2870225,41.2699933,0.0,9.0,9.0,11.0,14.0,11.0,0.0,0.0,8.0,2.0,0.0,0.0,0.0,0.0,0.0,0.0,0.0,0.0,0.0,0.0,0.0,0.0,3.0,0.0,0.0,1.0,11.0,0.0,0.0,1.0,0.0,0.0,0.0,2.0,7.0,6.0,0.0,0.0,0.0,2.0,5.0,0.0,0.0,0.0,0.0,1.0,0.0,0.0,0.0,0.0,0.0,0.0,0.0,0.0,0.0,0.0,0.0,0.0,1.0,0.0,0.0,1.0,1.0,0.0,0.0,1.0,0.0,0.0,0.0,1.0,2.0,3.0,6515938809.0,9645511.0,辽阳市文圣区,辽阳市文圣区庆阳街道,16.0,21.8,0.0,4.4,42.199999999999996,44.275,37.446,39.60348923533779
辽宁省,辽阳市,文圣区,东京陵街道,123.2254345,41.2810829,0.0,52.0,32.0,35.0,82.0,8.0,0.0,120.0,32.0,10.0,0.0,2.0,1.0,1.0,7.0,9.0,1.0,0.0,0.0,2.0,1.0,1.0,0.0,0.0,0.0,3.0,29.0,0.0,0.0,0.0,0.0,25.0,2.0,9.0,12.0,10.0,0.0,6.0,7.0,4.0,11.0,0.0,0.0,0.0,0.0,0.0,0.0,1.0,1.0,1.0,2.0,2.0,0.0,0.0,0.0,0.0,0.0,0.0,0.0,0.0,0.0,1.0,4.0,0.0,0.0,0.0,0.0,2.0,0.0,1.0,5.0,3.0,2294373471.0,9645509.0,辽阳市文圣区,辽阳市文圣区东京陵街道,18.0,28.0,15.0,7.300000000000001,68.3,44.275,37.446,39.60348923533779
辽宁省,辽阳市,文圣区,小屯镇,123.3437535,41.2387084,0.0,6.0,5.0,15.0,2.0,0.0,0.0,0.0,1.0,1.0,0.0,0.0,0.0,0.0,0.0,0.0,0.0,0.0,0.0,0.0,0.0,0.0,0.0,0.0,0.0,1.0,8.0,0.0,0.0,8.0,2.0,0.0,0.0,7.0,6.0,5.0,0.0,1.0,1.0,9.0,0.0,0.0,0.0,0.0,1.0,1.0,0.0,0.0,0.0,0.0,0.0,0.0,0.0,0.0,0.0,0.0,0.0,0.0,0.0,0.0,0.0,1.0,0.0,0.0,0.0,0.0,0.0,0.0,0.0,2.0,3.0,2.0,3379135535.0,9645512.0,辽阳市文圣区,辽阳市文圣区小屯镇,16.0,17.4,0.0,4.1,37.5,44.275,37.446,39.60348923533779
辽宁省,辽阳市,文圣区,罗大台镇,123.2848161,41.3240954,0.0,4.0,1.0,3.0,6.0,4.0,0.0,0.0,0.0,0.0,0.0,0.0,0.0,0.0,0.0,0.0,0.0,0.0,0.0,0.0,0.0,0.0,1.0,0.0,0.0,1.0,1.0,0.0,0.0,0.0,0.0,0.0,0.0,7.0,5.0,2.0,0.0,2.0,0.0,1.0,1.0,0.0,0.0,0.0,0.0,0.0,0.0,0.0,0.0,0.0,0.0,0.0,0.0,0.0,0.0,0.0,0.0,0.0,0.0,0.0,0.0,1.0,0.0,0.0,0.0,0.0,0.0,0.0,0.0,2.0,3.0,0.0,2294392135.0,9645510.0,辽阳市文圣区,辽阳市文圣区罗大台镇,16.0,12.0,0.0,1.1,29.1,44.275,37.446,39.60348923533779
辽宁省,辽阳市,宏伟区,工农街道,123.1863571,41.2047183,0.0,17.0,32.0,27.0,241.0,19.0,0.0,64.0,5.0,7.0,0.0,3.0,2.0,2.0,9.0,11.0,1.0,0.0,0.0,3.0,10.0,0.0,4.0,1.0,0.0,8.0,128.0,0.0,0.0,21.0,9.0,24.0,1.0,7.0,15.0,10.0,0.0,0.0,13.0,9.0,63.0,0.0,0.0,5.0,0.0,1.0,0.0,2.0,0.0,0.0,6.0,8.0,0.0,0.0,0.0,0.0,3.0,0.0,0.0,0.0,0.0,2.0,31.0,0.0,0.0,0.0,7.0,8.0,0.0,5.0,5.0,5.0,6515042235.0,9644151.0,辽阳市宏伟区,辽阳市宏伟区工农街道,20.0,28.0,10.0,20.0,78.0,69.925,37.446,39.60348923533779
辽宁省,辽阳市,宏伟区,长征街道,123.2159957,41.2027765,0.0,0.0,24.0,28.0,192.0,55.0,0.0,93.0,7.0,8.0,0.0,3.0,2.0,2.0,9.0,11.0,1.0,0.0,0.0,3.0,8.0,0.0,5.0,0.0,0.0,8.0,130.0,0.0,0.0,42.0,9.0,26.0,1.0,8.0,13.0,8.0,0.0,0.0,2.0,4.0,14.0,3.0,0.0,0.0,0.0,1.0,0.0,0.0,0.0,0.0,0.0,0.0,0.0,0.0,0.0,0.0,0.0,0.0,1.0,0.0,0.0,1.0,0.0,0.0,0.0,1.0,0.0,0.0,0.0,3.0,5.0,1.0,6515042234.0,9644150.0,辽阳市宏伟区,辽阳市宏伟区长征街道,20.0,28.0,5.0,20.0,73.0,69.925,37.446,39.60348923533779
辽宁省,辽阳市,宏伟区,曙光镇,123.2326796,41.1977716,0.0,0.0,5.0,20.0,94.0,45.0,0.0,44.0,4.0,4.0,0.0,0.0,1.0,1.0,1.0,1.0,0.0,0.0,0.0,0.0,1.0,0.0,5.0,0.0,0.0,4.0,13.0,0.0,0.0,43.0,0.0,8.0,1.0,6.0,11.0,7.0,0.0,0.0,0.0,6.0,1.0,6.0,0.0,0.0,0.0,0.0,0.0,0.0,0.0,0.0,0.0,0.0,0.0,0.0,0.0,0.0,0.0,0.0,2.0,0.0,0.0,1.0,1.0,0.0,0.0,3.0,0.0,0.0,0.0,4.0,4.0,1.0,6515042237.0,9644154.0,辽阳市宏伟区,辽阳市宏伟区曙光镇,19.0,28.0,0.0,9.5,56.5,69.925,37.446,39.60348923533779
辽宁省,辽阳市,宏伟区,兰家镇,123.1683089,41.2020815,0.0,17.0,34.0,27.0,226.0,12.0,0.0,40.0,3.0,4.0,0.0,3.0,1.0,1.0,9.0,11.0,1.0,0.0,0.0,3.0,8.0,0.0,2.0,1.0,0.0,7.0,145.0,0.0,0.0,1.0,9.0,13.0,0.0,10.0,17.0,10.0,0.0,9.0,5.0,6.0,37.0,0.0,0.0,0.0,0.0,0.0,0.0,0.0,0.0,0.0,0.0,1.0,0.0,0.0,0.0,0.0,0.0,0.0,0.0,0.0,0.0,1.0,6.0,0.0,0.0,0.0,1.0,0.0,0.0,2.0,5.0,0.0,3417446461.0,9644153.0,辽阳市宏伟区,辽阳市宏伟区兰家镇,20.0,28.0,5.0,19.200000000000003,72.2,69.925,37.446,39.60348923533779
辽宁省,辽阳市,弓长岭区,苏家街道,123.4589221,41.1149391,0.0,0.0,0.0,4.0,2.0,1.0,0.0,1.0,10.0,0.0,0.0,0.0,0.0,0.0,0.0,0.0,0.0,0.0,0.0,0.0,0.0,0.0,0.0,0.0,0.0,1.0,0.0,0.0,0.0,0.0,0.0,0.0,0.0,3.0,6.0,2.0,0.0,0.0,0.0,2.0,0.0,0.0,0.0,0.0,2.0,0.0,0.0,0.0,0.0,0.0,0.0,0.0,0.0,0.0,0.0,0.0,0.0,0.0,0.0,0.0,0.0,1.0,0.0,0.0,0.0,0.0,0.0,0.0,0.0,1.0,2.0,1.0,6515025993.0,-1.0,辽阳市弓长岭区,辽阳市弓长岭区苏家街道,8.0,9.4,0.0,1.0,18.4,28.275,37.446,39.60348923533779
辽宁省,辽阳市,弓长岭区,安平街道,123.4228615,41.1595967,0.0,5.0,0.0,26.0,7.0,3.0,0.0,0.0,24.0,0.0,0.0,0.0,0.0,0.0,0.0,0.0,0.0,0.0,0.0,0.0,4.0,0.0,2.0,0.0,0.0,4.0,1.0,0.0,0.0,0.0,0.0,0.0,0.0,6.0,7.0,7.0,0.0,2.0,0.0,8.0,0.0,0.0,0.0,0.0,12.0,0.0,0.0,0.0,0.0,0.0,0.0,0.0,0.0,0.0,0.0,0.0,4.0,0.0,1.0,0.0,0.0,1.0,0.0,0.0,0.0,0.0,0.0,0.0,0.0,4.0,3.0,3.0,5609993380.0,9644049.0,辽阳市弓长岭区,辽阳市弓长岭区安平街道,19.0,16.9,0.0,3.6,39.5,28.275,37.446,39.60348923533779
辽宁省,辽阳市,弓长岭区,汤河镇,123.3752099,41.1250555,0.0,0.0,0.0,35.0,5.0,1.0,0.0,0.0,0.0,0.0,0.0,0.0,0.0,0.0,0.0,0.0,0.0,0.0,0.0,0.0,0.0,0.0,0.0,0.0,0.0,1.0,0.0,0.0,0.0,0.0,0.0,1.0,0.0,2.0,3.0,4.0,0.0,0.0,0.0,17.0,2.0,1.0,0.0,0.0,0.0,0.0,0.0,0.0,0.0,0.0,0.0,0.0,0.0,0.0,0.0,0.0,0.0,0.0,0.0,0.0,0.0,1.0,0.0,0.0,0.0,0.0,0.0,0.0,0.0,2.0,3.0,1.0,3244339790.0,9644050.0,辽阳市弓长岭区,辽阳市弓长岭区汤河镇,16.0,8.1,0.0,2.0,26.1,28.275,37.446,39.60348923533779
辽宁省,辽阳市,弓长岭区,安平乡,123.4246353,41.1836124,0.0,4.0,0.0,5.0,5.0,2.0,0.0,0.0,20.0,0.0,0.0,0.0,0.0,0.0,0.0,0.0,0.0,0.0,0.0,0.0,7.0,0.0,2.0,0.0,0.0,2.0,1.0,0.0,0.0,0.0,0.0,0.0,0.0,5.0,6.0,5.0,0.0,1.0,0.0,3.0,5.0,0.0,0.0,0.0,4.0,0.0,0.0,0.0,0.0,0.0,0.0,0.0,0.0,0.0,0.0,0.0,1.0,0.0,1.0,0.0,0.0,1.0,0.0,0.0,0.0,0.0,0.0,0.0,0.0,3.0,5.0,2.0,2279078570.0,-1.0,辽阳市弓长岭区,辽阳市弓长岭区安平乡,9.0,17.5,0.0,2.6,29.1,28.275,37.446,39.60348923533779
辽宁省,辽阳市,太子河区,铁西街道,123.1773151,41.2974592,0.0,35.0,20.0,18.0,68.0,15.0,0.0,54.0,15.0,2.0,0.0,0.0,2.0,2.0,5.0,5.0,0.0,0.0,1.0,5.0,0.0,0.0,5.0,0.0,0.0,6.0,68.0,0.0,0.0,3.0,1.0,12.0,4.0,19.0,14.0,10.0,0.0,5.0,7.0,2.0,6.0,0.0,0.0,0.0,0.0,0.0,0.0,0.0,0.0,0.0,0.0,0.0,0.0,0.0,0.0,0.0,0.0,0.0,4.0,0.0,0.0,1.0,5.0,0.0,0.0,2.0,0.0,0.0,0.0,7.0,5.0,2.0,6515091325.0,9644191.0,辽阳市太子河区,辽阳市太子河区铁西街道,20.0,28.0,0.0,11.8,59.8,40.160000000000004,37.446,39.60348923533779
辽宁省,辽阳市,太子河区,祁家镇,123.1287786,41.2854097,0.0,12.0,1.0,9.0,43.0,1.0,0.0,4.0,0.0,2.0,0.0,1.0,0.0,0.0,1.0,1.0,0.0,0.0,0.0,3.0,0.0,0.0,0.0,0.0,0.0,2.0,9.0,0.0,0.0,3.0,2.0,1.0,2.0,12.0,10.0,6.0,0.0,1.0,1.0,1.0,8.0,0.0,0.0,0.0,0.0,0.0,0.0,0.0,0.0,0.0,0.0,0.0,0.0,0.0,0.0,0.0,0.0,0.0,0.0,0.0,0.0,1.0,0.0,0.0,0.0,0.0,0.0,0.0,0.0,2.0,4.0,0.0,2279140785.0,9644189.0,辽阳市太子河区,辽阳市太子河区祁家镇,17.0,26.0,5.0,4.2,52.2,40.160000000000004,37.446,39.60348923533779
辽宁省,辽阳市,太子河区,沙岭镇,123.0199426,41.3353101,0.0,1.0,0.0,0.0,1.0,2.0,0.0,0.0,0.0,0.0,0.0,0.0,0.0,0.0,0.0,0.0,0.0,0.0,0.0,0.0,0.0,0.0,0.0,0.0,0.0,1.0,0.0,0.0,0.0,1.0,0.0,0.0,0.0,5.0,3.0,1.0,0.0,1.0,0.0,0.0,1.0,0.0,0.0,0.0,0.0,0.0,0.0,0.0,0.0,0.0,0.0,0.0,0.0,0.0,0.0,0.0,0.0,0.0,0.0,0.0,0.0,1.0,0.0,0.0,0.0,0.0,0.0,0.0,0.0,1.0,2.0,0.0,2294378711.0,9644190.0,辽阳市太子河区,辽阳市太子河区沙岭镇,16.0,7.0,0.0,0.6,23.6,40.160000000000004,37.446,39.60348923533779
辽宁省,辽阳市,太子河区,王家镇,123.0735696,41.3829896,0.0,0.0,1.0,0.0,0.0,0.0,0.0,0.0,0.0,0.0,0.0,0.0,0.0,0.0,0.0,0.0,0.0,0.0,0.0,0.0,0.0,0.0,0.0,0.0,0.0,1.0,0.0,0.0,0.0,0.0,0.0,0.0,0.0,3.0,1.0,1.0,0.0,0.0,1.0,0.0,0.0,0.0,0.0,0.0,0.0,0.0,0.0,0.0,0.0,0.0,0.0,0.0,0.0,0.0,0.0,0.0,0.0,0.0,0.0,0.0,0.0,1.0,0.0,0.0,0.0,0.0,0.0,0.0,0.0,1.0,1.0,0.0,2294378713.0,9644192.0,辽阳市太子河区,辽阳市太子河区王家镇,16.0,5.5,0.0,0.5,22.0,40.160000000000004,37.446,39.60348923533779
辽宁省,辽阳市,太子河区,东宁卫乡,123.1204487,41.2258173,0.0,11.0,5.0,13.0,25.0,1.0,0.0,0.0,0.0,0.0,0.0,1.0,0.0,0.0,1.0,1.0,0.0,0.0,0.0,0.0,1.0,0.0,0.0,0.0,0.0,1.0,5.0,0.0,0.0,1.0,0.0,2.0,0.0,14.0,7.0,5.0,0.0,0.0,0.0,1.0,2.0,0.0,0.0,0.0,0.0,0.0,0.0,0.0,0.0,0.0,0.0,0.0,0.0,0.0,0.0,0.0,0.0,0.0,0.0,0.0,0.0,1.0,0.0,0.0,0.0,0.0,0.0,0.0,0.0,4.0,3.0,0.0,2279126875.0,9644188.0,辽阳市太子河区,辽阳市太子河区东宁卫乡,16.0,19.1,5.0,3.1,43.2,40.160000000000004,37.446,39.60348923533779
辽宁省,辽阳市,辽阳县,首山镇,123.0743593,41.2118425,0.0,10.0,27.0,17.0,112.0,37.0,0.0,2.0,0.0,0.0,0.0,1.0,0.0,0.0,3.0,3.0,0.0,0.0,0.0,1.0,0.0,0.0,5.0,0.0,0.0,5.0,95.0,0.0,0.0,1.0,0.0,6.0,0.0,13.0,11.0,7.0,0.0,6.0,4.0,4.0,49.0,18.0,0.0,0.0,0.0,0.0,0.0,0.0,0.0,0.0,2.0,2.0,0.0,0.0,0.0,0.0,0.0,0.0,0.0,0.0,0.0,2.0,79.0,0.0,0.0,0.0,0.0,5.0,0.0,1.0,6.0,4.0,2294322208.0,9643709.0,辽阳市辽阳县,辽阳市辽阳县首山镇,20.0,24.0,10.0,19.5,73.5,26.30666666666667,37.446,39.60348923533779
辽宁省,辽阳市,辽阳县,刘二堡镇,122.9110222,41.223126,0.0,0.0,16.0,6.0,20.0,2.0,0.0,0.0,0.0,0.0,0.0,0.0,0.0,0.0,0.0,0.0,0.0,0.0,0.0,1.0,3.0,0.0,1.0,0.0,0.0,1.0,17.0,0.0,0.0,0.0,0.0,0.0,0.0,1.0,5.0,3.0,0.0,0.0,4.0,4.0,13.0,0.0,0.0,0.0,0.0,0.0,0.0,0.0,0.0,0.0,0.0,0.0,0.0,0.0,0.0,1.0,3.0,0.0,0.0,0.0,0.0,1.0,1.0,0.0,0.0,0.0,0.0,0.0,0.0,1.0,4.0,1.0,727728144.0,-1.0,辽阳市辽阳县,辽阳市辽阳县刘二堡镇,8.0,20.4,1.0,3.3,32.699999999999996,26.30666666666667,37.446,39.60348923533779
辽宁省,辽阳市,辽阳县,小北河镇,122.8404195,41.3599923,0.0,5.0,0.0,2.0,0.0,0.0,0.0,0.0,0.0,0.0,0.0,0.0,0.0,0.0,0.0,0.0,0.0,0.0,0.0,0.0,0.0,0.0,0.0,0.0,0.0,1.0,0.0,0.0,0.0,0.0,0.0,0.0,0.0,7.0,2.0,2.0,0.0,1.0,0.0,1.0,0.0,0.0,0.0,0.0,0.0,0.0,0.0,0.0,0.0,0.0,0.0,0.0,0.0,0.0,0.0,0.0,0.0,0.0,0.0,0.0,0.0,1.0,0.0,0.0,0.0,0.0,0.0,0.0,0.0,1.0,2.0,0.0,3379218400.0,-1.0,辽阳市辽阳县,辽阳市辽阳县小北河镇,8.0,8.0,0.0,1.0,17.0,26.30666666666667,37.446,39.60348923533779
辽宁省,辽阳市,辽阳县,黄泥洼镇,122.9044343,41.33571,0.0,1.0,1.0,1.0,0.0,0.0,0.0,0.0,0.0,0.0,0.0,0.0,0.0,0.0,0.0,0.0,0.0,0.0,0.0,0.0,0.0,0.0,0.0,0.0,0.0,1.0,0.0,0.0,0.0,0.0,0.0,0.0,0.0,3.0,5.0,3.0,0.0,1.0,1.0,1.0,0.0,0.0,0.0,0.0,0.0,0.0,0.0,0.0,0.0,0.0,0.0,0.0,0.0,0.0,0.0,0.0,0.0,0.0,0.0,0.0,0.0,1.0,0.0,0.0,0.0,0.0,0.0,0.0,0.0,2.0,5.0,0.0,2279157869.0,-1.0,辽阳市辽阳县,辽阳市辽阳县黄泥洼镇,8.0,8.5,0.0,1.5,18.0,26.30666666666667,37.446,39.60348923533779
辽宁省,辽阳市,辽阳县,唐马寨镇,122.7308873,41.1806747,0.0,0.0,6.0,3.0,5.0,0.0,0.0,0.0,0.0,0.0,0.0,0.0,0.0,0.0,0.0,0.0,0.0,0.0,0.0,0.0,0.0,0.0,0.0,0.0,0.0,1.0,1.0,0.0,0.0,0.0,0.0,0.0,0.0,2.0,6.0,2.0,0.0,0.0,5.0,0.0,3.0,0.0,0.0,0.0,0.0,0.0,0.0,0.0,0.0,0.0,0.0,0.0,0.0,0.0,0.0,0.0,0.0,0.0,0.0,0.0,0.0,1.0,1.0,0.0,0.0,0.0,0.0,0.0,0.0,1.0,4.0,1.0,2278068729.0,-1.0,辽阳市辽阳县,辽阳市辽阳县唐马寨镇,8.0,12.9,0.0,1.2,22.099999999999998,26.30666666666667,37.446,39.60348923533779
辽宁省,辽阳市,辽阳县,穆家镇,122.7940587,41.1044031,0.0,1.0,5.0,9.0,51.0,13.0,0.0,0.0,0.0,0.0,0.0,0.0,0.0,0.0,0.0,0.0,0.0,0.0,0.0,0.0,2.0,0.0,0.0,0.0,0.0,3.0,2.0,0.0,0.0,0.0,0.0,0.0,0.0,7.0,7.0,3.0,0.0,0.0,3.0,1.0,10.0,0.0,0.0,0.0,0.0,0.0,0.0,0.0,0.0,0.0,0.0,0.0,0.0,0.0,0.0,0.0,0.0,0.0,0.0,0.0,0.0,1.0,0.0,0.0,0.0,0.0,0.0,0.0,0.0,1.0,4.0,2.0,2278066171.0,-1.0,辽阳市辽阳县,辽阳市辽阳县穆家镇,10.0,23.5,0.0,1.7,35.2,26.30666666666667,37.446,39.60348923533779
辽宁省,辽阳市,辽阳县,柳壕镇,122.8667055,41.2494424,0.0,0.0,3.0,2.0,10.0,0.0,0.0,0.0,0.0,0.0,0.0,0.0,0.0,0.0,0.0,0.0,0.0,0.0,0.0,0.0,0.0,0.0,0.0,0.0,0.0,1.0,1.0,0.0,0.0,0.0,0.0,0.0,0.0,1.0,4.0,1.0,0.0,0.0,1.0,1.0,0.0,0.0,0.0,0.0,0.0,0.0,0.0,0.0,0.0,0.0,0.0,0.0,0.0,0.0,0.0,0.0,0.0,0.0,0.0,0.0,0.0,1.0,0.0,0.0,0.0,0.0,0.0,0.0,0.0,1.0,2.0,1.0,3274612578.0,-1.0,辽阳市辽阳县,辽阳市辽阳县柳壕镇,8.0,11.0,0.0,0.6,19.6,26.30666666666667,37.446,39.60348923533779
辽宁省,辽阳市,辽阳县,河栏镇,123.417085,40.9869117,0.0,3.0,0.0,3.0,1.0,0.0,0.0,0.0,0.0,0.0,0.0,0.0,0.0,0.0,0.0,0.0,0.0,0.0,0.0,0.0,0.0,0.0,0.0,0.0,0.0,1.0,0.0,0.0,0.0,1.0,0.0,0.0,0.0,1.0,3.0,2.0,0.0,1.0,0.0,2.0,1.0,0.0,0.0,0.0,0.0,0.0,0.0,0.0,0.0,0.0,0.0,0.0,0.0,0.0,0.0,0.0,0.0,0.0,0.0,0.0,0.0,1.0,0.0,0.0,0.0,0.0,0.0,0.0,0.0,1.0,3.0,1.0,2279057895.0,-1.0,辽阳市辽阳县,辽阳市辽阳县河栏镇,8.0,10.0,0.0,1.1,19.1,26.30666666666667,37.446,39.60348923533779
辽宁省,辽阳市,辽阳县,隆昌镇,123.1467883,40.8828648,0.0,1.0,0.0,1.0,38.0,0.0,0.0,0.0,0.0,0.0,0.0,0.0,0.0,0.0,0.0,0.0,0.0,0.0,0.0,0.0,0.0,0.0,0.0,0.0,0.0,1.0,0.0,0.0,0.0,0.0,0.0,0.0,0.0,1.0,4.0,1.0,0.0,1.0,0.0,1.0,32.0,0.0,0.0,0.0,0.0,0.0,0.0,0.0,0.0,0.0,0.0,0.0,0.0,0.0,0.0,0.0,0.0,0.0,0.0,0.0,0.0,1.0,0.0,0.0,0.0,0.0,0.0,0.0,0.0,1.0,4.0,1.0,2296586930.0,-1.0,辽阳市辽阳县,辽阳市辽阳县隆昌镇,8.0,22.0,0.0,0.5,30.5,26.30666666666667,37.446,39.60348923533779
辽宁省,辽阳市,辽阳县,八会镇,123.1997719,40.9335622,0.0,3.0,0.0,1.0,3.0,0.0,0.0,0.0,0.0,0.0,0.0,0.0,0.0,0.0,0.0,0.0,0.0,0.0,0.0,0.0,0.0,0.0,0.0,0.0,0.0,3.0,0.0,0.0,0.0,1.0,0.0,0.0,0.0,1.0,3.0,1.0,0.0,0.0,0.0,1.0,0.0,0.0,0.0,0.0,0.0,0.0,0.0,0.0,0.0,0.0,0.0,0.0,0.0,0.0,0.0,0.0,0.0,0.0,0.0,0.0,0.0,1.0,0.0,0.0,0.0,0.0,0.0,0.0,0.0,1.0,1.0,0.0,3244364233.0,-1.0,辽阳市辽阳县,辽阳市辽阳县八会镇,10.0,8.1,0.0,0.6,18.700000000000003,26.30666666666667,37.446,39.60348923533779
辽宁省,辽阳市,辽阳县,寒岭镇,123.5490176,41.1805301,0.0,3.0,3.0,1.0,1.0,0.0,0.0,0.0,0.0,0.0,0.0,0.0,0.0,0.0,0.0,0.0,0.0,0.0,0.0,0.0,0.0,0.0,0.0,0.0,0.0,1.0,0.0,0.0,0.0,0.0,0.0,0.0,0.0,4.0,5.0,2.0,0.0,1.0,0.0,0.0,0.0,0.0,0.0,0.0,0.0,0.0,0.0,0.0,0.0,0.0,0.0,0.0,0.0,0.0,0.0,0.0,0.0,0.0,0.0,0.0,0.0,1.0,0.0,0.0,0.0,0.0,0.0,0.0,0.0,3.0,2.0,0.0,3379122773.0,-1.0,辽阳市辽阳县,辽阳市辽阳县寒岭镇,8.0,8.7,0.0,1.0,17.7,26.30666666666667,37.446,39.60348923533779
辽宁省,辽阳市,辽阳县,兴隆镇,123.026372,41.2218796,0.0,1.0,4.0,5.0,19.0,14.0,0.0,2.0,0.0,0.0,0.0,0.0,0.0,0.0,0.0,0.0,0.0,0.0,0.0,0.0,0.0,0.0,2.0,0.0,0.0,1.0,19.0,0.0,0.0,0.0,0.0,0.0,0.0,12.0,10.0,5.0,0.0,0.0,4.0,2.0,3.0,0.0,0.0,0.0,0.0,0.0,0.0,0.0,0.0,0.0,0.0,0.0,0.0,0.0,0.0,0.0,0.0,0.0,0.0,0.0,0.0,1.0,0.0,0.0,0.0,0.0,0.0,0.0,0.0,1.0,4.0,1.0,6514763405.0,9643710.0,辽阳市辽阳县,辽阳市辽阳县兴隆镇,16.0,18.7,0.0,4.4,39.1,26.30666666666667,37.446,39.60348923533779
辽宁省,辽阳市,辽阳县,下达河乡,123.277674,40.9987518,0.0,5.0,0.0,0.0,0.0,0.0,0.0,0.0,0.0,0.0,0.0,0.0,0.0,0.0,0.0,0.0,0.0,0.0,0.0,0.0,0.0,0.0,0.0,0.0,0.0,1.0,0.0,0.0,0.0,0.0,0.0,0.0,0.0,1.0,2.0,2.0,0.0,4.0,0.0,0.0,0.0,0.0,0.0,0.0,0.0,0.0,0.0,0.0,0.0,0.0,0.0,0.0,0.0,0.0,0.0,0.0,0.0,0.0,0.0,0.0,0.0,1.0,0.0,0.0,0.0,0.0,0.0,0.0,0.0,1.0,1.0,1.0,3244354528.0,-1.0,辽阳市辽阳县,辽阳市辽阳县下达河乡,8.0,6.0,0.0,1.0,15.0,26.30666666666667,37.446,39.60348923533779
辽宁省,辽阳市,辽阳县,吉洞峪满族乡,123.1427156,40.8078325,0.0,2.0,0.0,1.0,1.0,0.0,0.0,0.0,0.0,0.0,0.0,0.0,0.0,0.0,0.0,0.0,0.0,0.0,0.0,0.0,0.0,0.0,0.0,0.0,0.0,1.0,0.0,0.0,0.0,0.0,0.0,0.0,0.0,1.0,3.0,1.0,0.0,2.0,0.0,1.0,0.0,0.0,0.0,0.0,0.0,0.0,0.0,0.0,0.0,0.0,0.0,0.0,0.0,0.0,0.0,0.0,0.0,0.0,0.0,0.0,0.0,1.0,0.0,0.0,0.0,0.0,0.0,0.0,0.0,1.0,2.0,0.0,2296581485.0,-1.0,辽阳市辽阳县,辽阳市辽阳县吉洞峪满族乡,8.0,7.7,0.0,0.5,16.2,26.30666666666667,37.446,39.60348923533779
辽宁省,辽阳市,辽阳县,甜水满族乡,123.565565,40.9910427,0.0,3.0,1.0,0.0,12.0,0.0,0.0,0.0,0.0,0.0,0.0,0.0,0.0,0.0,0.0,0.0,0.0,0.0,0.0,0.0,4.0,0.0,0.0,0.0,0.0,2.0,0.0,0.0,0.0,1.0,0.0,0.0,0.0,1.0,3.0,3.0,0.0,0.0,1.0,0.0,2.0,0.0,0.0,0.0,0.0,0.0,0.0,0.0,0.0,0.0,0.0,0.0,0.0,0.0,0.0,0.0,2.0,0.0,0.0,0.0,0.0,1.0,0.0,0.0,0.0,1.0,0.0,0.0,0.0,1.0,2.0,3.0,2279065890.0,-1.0,辽阳市辽阳县,辽阳市辽阳县甜水满族乡,9.0,9.5,0.0,1.7,20.2,26.30666666666667,37.446,39.60348923533779
辽宁省,辽阳市,灯塔市,烟台街道,123.3180804,41.4307086,1.0,21.0,28.0,26.0,39.0,4.0,0.0,88.0,0.0,0.0,1.0,0.0,0.0,0.0,0.0,0.0,0.0,0.0,0.0,1.0,3.0,0.0,0.0,0.0,0.0,3.0,131.0,0.0,0.0,4.0,0.0,6.0,1.0,8.0,11.0,5.0,0.0,8.0,11.0,4.0,19.0,0.0,0.0,6.0,0.0,0.0,0.0,0.0,0.0,0.0,0.0,0.0,0.0,0.0,0.0,1.0,0.0,0.0,0.0,0.0,0.0,1.0,11.0,0.0,0.0,0.0,0.0,2.0,1.0,3.0,6.0,2.0,6516101726.0,9645702.0,辽阳市灯塔市,辽阳市灯塔市烟台街道,18.0,26.0,1.0,17.1,62.1,25.714285714285715,37.446,39.60348923533779
辽宁省,辽阳市,灯塔市,万宝桥街道,123.3531176,41.4325499,0.0,11.0,20.0,16.0,30.0,4.0,0.0,72.0,0.0,0.0,0.0,0.0,0.0,0.0,0.0,0.0,0.0,0.0,0.0,0.0,3.0,0.0,0.0,0.0,0.0,3.0,1.0,0.0,0.0,0.0,0.0,3.0,0.0,3.0,8.0,4.0,0.0,5.0,4.0,3.0,0.0,0.0,0.0,3.0,0.0,0.0,0.0,0.0,0.0,0.0,0.0,0.0,0.0,0.0,0.0,0.0,0.0,0.0,0.0,0.0,0.0,1.0,0.0,0.0,0.0,0.0,0.0,0.0,0.0,1.0,5.0,1.0,6516101724.0,9645701.0,辽阳市灯塔市,辽阳市灯塔市万宝桥街道,18.0,20.0,0.0,2.1,40.1,25.714285714285715,37.446,39.60348923533779
辽宁省,辽阳市,灯塔市,古城街道,123.2428463,41.439762,0.0,6.0,0.0,3.0,25.0,0.0,0.0,0.0,0.0,0.0,0.0,0.0,0.0,0.0,0.0,0.0,0.0,0.0,0.0,0.0,0.0,0.0,0.0,0.0,0.0,4.0,52.0,0.0,0.0,0.0,0.0,0.0,0.0,1.0,5.0,1.0,0.0,2.0,0.0,0.0,0.0,0.0,0.0,0.0,0.0,0.0,0.0,0.0,0.0,0.0,0.0,0.0,0.0,0.0,0.0,0.0,0.0,0.0,0.0,0.0,0.0,1.0,13.0,0.0,0.0,0.0,0.0,0.0,0.0,1.0,1.0,0.0,-1.0,-1.0,辽阳市灯塔市,辽阳市灯塔市古城街道,4.0,15.5,0.0,7.0,26.5,25.714285714285715,37.446,39.60348923533779
辽宁省,辽阳市,灯塔市,佟二堡镇,123.0397835,41.4425843,0.0,4.0,10.0,19.0,80.0,0.0,0.0,0.0,0.0,0.0,0.0,0.0,0.0,0.0,1.0,1.0,0.0,0.0,0.0,5.0,0.0,0.0,0.0,0.0,0.0,4.0,10.0,3.0,0.0,0.0,0.0,0.0,0.0,2.0,6.0,0.0,0.0,2.0,3.0,11.0,60.0,0.0,0.0,0.0,0.0,0.0,0.0,0.0,0.0,0.0,1.0,1.0,0.0,0.0,0.0,3.0,0.0,0.0,0.0,0.0,0.0,1.0,2.0,3.0,0.0,0.0,0.0,0.0,0.0,1.0,4.0,0.0,3232938364.0,-1.0,辽阳市灯塔市,辽阳市灯塔市佟二堡镇,11.0,23.0,8.0,1.2000000000000002,43.2,25.714285714285715,37.446,39.60348923533779
辽宁省,辽阳市,灯塔市,铧子镇,123.4478322,41.3987188,0.0,1.0,0.0,5.0,5.0,0.0,0.0,0.0,0.0,0.0,0.0,0.0,0.0,0.0,0.0,0.0,0.0,0.0,0.0,0.0,0.0,0.0,0.0,0.0,0.0,1.0,24.0,0.0,0.0,0.0,0.0,2.0,0.0,1.0,4.0,1.0,0.0,1.0,0.0,2.0,1.0,0.0,0.0,0.0,0.0,0.0,0.0,0.0,0.0,0.0,0.0,0.0,0.0,0.0,0.0,0.0,0.0,0.0,0.0,0.0,0.0,1.0,10.0,0.0,0.0,0.0,0.0,2.0,0.0,1.0,3.0,1.0,2294392137.0,-1.0,辽阳市灯塔市,辽阳市灯塔市铧子镇,8.0,13.3,0.0,3.9000000000000004,25.200000000000003,25.714285714285715,37.446,39.60348923533779
辽宁省,辽阳市,灯塔市,张台子镇,123.2774347,41.352064,0.0,4.0,1.0,1.0,1.0,0.0,0.0,0.0,0.0,0.0,0.0,0.0,0.0,0.0,0.0,0.0,0.0,0.0,0.0,0.0,0.0,0.0,2.0,0.0,0.0,1.0,0.0,0.0,0.0,0.0,0.0,0.0,0.0,7.0,4.0,1.0,0.0,2.0,0.0,0.0,0.0,0.0,0.0,0.0,0.0,0.0,0.0,0.0,0.0,0.0,0.0,0.0,0.0,0.0,0.0,0.0,0.0,0.0,0.0,0.0,0.0,1.0,0.0,0.0,0.0,0.0,0.0,0.0,0.0,2.0,1.0,0.0,2294392138.0,-1.0,辽阳市灯塔市,辽阳市灯塔市张台子镇,8.0,8.2,0.0,0.5,16.7,25.714285714285715,37.446,39.60348923533779
辽宁省,辽阳市,灯塔市,西大窑镇,123.4478945,41.3541258,0.0,0.0,0.0,4.0,2.0,0.0,0.0,0.0,0.0,0.0,0.0,0.0,0.0,0.0,0.0,0.0,0.0,0.0,0.0,0.0,0.0,0.0,0.0,0.0,0.0,1.0,0.0,0.0,0.0,1.0,0.0,0.0,0.0,2.0,2.0,0.0,0.0,0.0,0.0,3.0,0.0,0.0,0.0,0.0,0.0,0.0,0.0,0.0,0.0,0.0,0.0,0.0,0.0,0.0,0.0,0.0,0.0,0.0,0.0,0.0,0.0,1.0,0.0,0.0,0.0,1.0,0.0,0.0,0.0,2.0,1.0,0.0,2294392133.0,-1.0,辽阳市灯塔市,辽阳市灯塔市西大窑镇,8.0,5.4,0.0,0.2,13.6,25.714285714285715,37.446,39.60348923533779
辽宁省,辽阳市,灯塔市,沈旦堡镇,123.1029548,41.5338832,0.0,0.0,1.0,2.0,3.0,0.0,0.0,0.0,0.0,0.0,0.0,0.0,0.0,0.0,0.0,0.0,0.0,0.0,0.0,0.0,0.0,0.0,0.0,0.0,0.0,1.0,0.0,0.0,0.0,0.0,0.0,0.0,0.0,5.0,3.0,1.0,0.0,0.0,1.0,1.0,0.0,0.0,0.0,0.0,0.0,0.0,0.0,0.0,0.0,0.0,0.0,0.0,0.0,0.0,0.0,0.0,0.0,0.0,0.0,0.0,0.0,1.0,0.0,0.0,0.0,0.0,0.0,0.0,0.0,1.0,2.0,1.0,3232938363.0,-1.0,辽阳市灯塔市,辽阳市灯塔市沈旦堡镇,8.0,9.1,0.0,0.5,17.6,25.714285714285715,37.446,39.60348923533779
辽宁省,辽阳市,灯塔市,西马峰镇,123.1910597,41.372066,3.0,0.0,0.0,0.0,4.0,0.0,0.0,0.0,0.0,0.0,0.0,0.0,0.0,0.0,0.0,0.0,0.0,0.0,0.0,0.0,0.0,0.0,2.0,0.0,0.0,1.0,2.0,0.0,0.0,2.0,0.0,0.0,0.0,4.0,3.0,1.0,1.0,0.0,0.0,0.0,4.0,0.0,0.0,0.0,0.0,0.0,0.0,0.0,0.0,0.0,0.0,0.0,0.0,0.0,0.0,0.0,0.0,0.0,0.0,0.0,0.0,1.0,0.0,0.0,0.0,0.0,0.0,0.0,0.0,4.0,3.0,0.0,3274546462.0,-1.0,辽阳市灯塔市,辽阳市灯塔市西马峰镇,8.0,8.5,0.0,0.9,17.4,25.714285714285715,37.446,39.60348923533779
辽宁省,辽阳市,灯塔市,柳条寨镇,123.1926904,41.4762388,0.0,0.0,0.0,4.0,0.0,0.0,0.0,0.0,0.0,0.0,0.0,0.0,0.0,0.0,0.0,0.0,0.0,0.0,0.0,0.0,0.0,0.0,0.0,0.0,0.0,1.0,0.0,0.0,0.0,0.0,0.0,0.0,0.0,2.0,1.0,1.0,0.0,0.0,0.0,4.0,0.0,0.0,0.0,0.0,0.0,0.0,0.0,0.0,0.0,0.0,0.0,0.0,0.0,0.0,0.0,0.0,0.0,0.0,0.0,0.0,0.0,1.0,0.0,0.0,0.0,0.0,0.0,0.0,0.0,1.0,1.0,0.0,2861372447.0,-1.0,辽阳市灯塔市,辽阳市灯塔市柳条寨镇,8.0,4.5,0.0,0.5,13.0,25.714285714285715,37.446,39.60348923533779
辽宁省,辽阳市,灯塔市,柳河子镇,123.5320654,41.4572522,0.0,3.0,3.0,1.0,9.0,0.0,0.0,0.0,0.0,0.0,0.0,0.0,0.0,0.0,0.0,0.0,0.0,0.0,0.0,0.0,0.0,0.0,0.0,0.0,0.0,3.0,0.0,0.0,0.0,0.0,0.0,0.0,0.0,5.0,4.0,0.0,0.0,3.0,1.0,1.0,4.0,0.0,0.0,0.0,0.0,0.0,0.0,0.0,0.0,0.0,0.0,0.0,0.0,0.0,0.0,0.0,0.0,0.0,0.0,0.0,0.0,1.0,0.0,0.0,0.0,0.0,0.0,0.0,0.0,1.0,4.0,0.0,8191007271.0,-1.0,辽阳市灯塔市,辽阳市灯塔市柳河子镇,10.0,11.0,0.0,0.0,21.0,25.714285714285715,37.446,39.60348923533779
辽宁省,辽阳市,灯塔市,大河南镇,123.3554171,41.4975034,0.0,9.0,0.0,2.0,5.0,0.0,0.0,0.0,0.0,0.0,0.0,0.0,0.0,0.0,0.0,0.0,0.0,0.0,0.0,0.0,0.0,0.0,0.0,0.0,0.0,2.0,26.0,0.0,0.0,1.0,0.0,0.0,0.0,7.0,3.0,1.0,0.0,2.0,0.0,1.0,3.0,0.0,0.0,0.0,0.0,0.0,0.0,0.0,0.0,0.0,0.0,0.0,0.0,0.0,0.0,0.0,0.0,0.0,0.0,0.0,0.0,1.0,8.0,0.0,0.0,0.0,0.0,0.0,0.0,5.0,3.0,1.0,3377436358.0,-1.0,辽阳市灯塔市,辽阳市灯塔市大河南镇,9.0,10.4,0.0,4.0,23.4,25.714285714285715,37.446,39.60348923533779
辽宁省,辽阳市,灯塔市,五星镇,122.9998956,41.4729553,0.0,3.0,0.0,0.0,7.0,0.0,0.0,0.0,0.0,0.0,0.0,0.0,0.0,0.0,0.0,0.0,0.0,0.0,0.0,0.0,0.0,0.0,0.0,0.0,0.0,4.0,25.0,0.0,0.0,0.0,0.0,0.0,0.0,6.0,4.0,0.0,0.0,1.0,0.0,0.0,1.0,0.0,0.0,0.0,0.0,0.0,0.0,0.0,0.0,0.0,0.0,0.0,0.0,0.0,0.0,0.0,0.0,0.0,0.0,0.0,0.0,1.0,0.0,0.0,0.0,0.0,0.0,0.0,0.0,1.0,2.0,0.0,6516101725.0,-1.0,辽阳市灯塔市,辽阳市灯塔市五星镇,11.0,8.7,0.0,2.5,22.2,25.714285714285715,37.446,39.60348923533779
辽宁省,辽阳市,灯塔市,鸡冠山乡,123.5915073,41.3311988,0.0,0.0,0.0,4.0,0.0,0.0,0.0,0.0,0.0,0.0,0.0,1.0,0.0,0.0,0.0,0.0,0.0,0.0,0.0,0.0,0.0,0.0,0.0,0.0,0.0,1.0,0.0,0.0,0.0,0.0,0.0,0.0,0.0,1.0,1.0,1.0,0.0,0.0,0.0,4.0,0.0,0.0,0.0,0.0,0.0,0.0,0.0,1.0,0.0,0.0,0.0,0.0,0.0,0.0,0.0,0.0,0.0,0.0,0.0,0.0,0.0,1.0,0.0,0.0,0.0,0.0,0.0,0.0,0.0,1.0,1.0,0.0,6516101723.0,-1.0,辽阳市灯塔市,辽阳市灯塔市鸡冠山乡,8.0,4.5,5.0,0.5,18.0,25.714285714285715,37.446,39.60348923533779
辽宁省,盘锦市,双台子区,胜利街道,122.0410834,41.1849019,12.0,54.0,23.0,30.0,126.0,5.0,0.0,25.0,8.0,4.0,0.0,12.0,5.0,5.0,12.0,14.0,0.0,1.0,0.0,4.0,59.0,55.0,8.0,2.0,0.0,9.0,118.0,0.0,0.0,3.0,0.0,18.0,9.0,16.0,18.0,13.0,0.0,16.0,4.0,9.0,12.0,0.0,0.0,13.0,0.0,3.0,0.0,11.0,3.0,3.0,5.0,6.0,0.0,1.0,0.0,1.0,39.0,47.0,3.0,1.0,0.0,1.0,78.0,0.0,0.0,0.0,0.0,6.0,1.0,7.0,13.0,11.0,6508748573.0,9635786.0,盘锦市双台子区,盘锦市双台子区胜利街道,20.0,28.0,18.0,20.0,86.0,64.0,44.15,39.60348923533779
辽宁省,盘锦市,双台子区,建设街道,122.0615253,41.1794109,0.0,60.0,13.0,32.0,109.0,2.0,0.0,22.0,8.0,4.0,0.0,12.0,5.0,5.0,10.0,12.0,0.0,1.0,0.0,4.0,61.0,55.0,9.0,2.0,0.0,8.0,166.0,0.0,0.0,2.0,0.0,17.0,7.0,18.0,17.0,13.0,0.0,10.0,0.0,10.0,20.0,0.0,0.0,5.0,0.0,0.0,0.0,0.0,0.0,0.0,3.0,3.0,0.0,0.0,0.0,0.0,5.0,1.0,0.0,0.0,0.0,3.0,4.0,0.0,0.0,0.0,0.0,3.0,1.0,11.0,6.0,7.0,6508748571.0,9635782.0,盘锦市双台子区,盘锦市双台子区建设街道,20.0,28.0,10.0,20.0,78.0,64.0,44.15,39.60348923533779
辽宁省,盘锦市,双台子区,红旗街道,122.0478505,41.2043666,0.0,56.0,22.0,40.0,125.0,4.0,0.0,20.0,8.0,4.0,0.0,13.0,5.0,5.0,11.0,13.0,0.0,1.0,0.0,4.0,48.0,54.0,9.0,2.0,0.0,9.0,110.0,0.0,0.0,2.0,0.0,12.0,7.0,18.0,17.0,13.0,0.0,14.0,3.0,3.0,16.0,4.0,0.0,0.0,0.0,0.0,0.0,0.0,0.0,0.0,0.0,0.0,0.0,0.0,0.0,0.0,2.0,0.0,4.0,1.0,0.0,1.0,2.0,0.0,0.0,1.0,0.0,0.0,0.0,4.0,8.0,6.0,6508748569.0,9635780.0,盘锦市双台子区,盘锦市双台子区红旗街道,20.0,28.0,5.0,15.5,68.5,64.0,44.15,39.60348923533779
辽宁省,盘锦市,双台子区,辽河街道,122.0302979,41.1924012,16.0,51.0,19.0,30.0,109.0,15.0,0.0,25.0,8.0,8.0,0.0,12.0,5.0,5.0,11.0,13.0,0.0,1.0,0.0,4.0,50.0,54.0,11.0,2.0,0.0,9.0,123.0,0.0,0.0,21.0,0.0,14.0,9.0,16.0,17.0,13.0,0.0,2.0,12.0,6.0,20.0,0.0,0.0,2.0,0.0,0.0,0.0,6.0,2.0,2.0,5.0,6.0,0.0,0.0,0.0,0.0,13.0,4.0,0.0,1.0,0.0,2.0,24.0,0.0,0.0,0.0,0.0,5.0,1.0,6.0,8.0,8.0,6508748572.0,9635783.0,盘锦市双台子区,盘锦市双台子区辽河街道,20.0,28.0,15.0,20.0,83.0,64.0,44.15,39.60348923533779
辽宁省,盘锦市,双台子区,铁东街道,122.0897882,41.2219418,0.0,8.0,2.0,7.0,24.0,0.0,0.0,0.0,0.0,0.0,0.0,1.0,0.0,0.0,0.0,0.0,0.0,0.0,0.0,0.0,0.0,0.0,0.0,0.0,0.0,1.0,0.0,0.0,0.0,0.0,0.0,0.0,0.0,5.0,7.0,2.0,0.0,0.0,0.0,0.0,3.0,0.0,0.0,0.0,0.0,0.0,0.0,0.0,0.0,0.0,0.0,0.0,0.0,0.0,0.0,0.0,0.0,0.0,0.0,0.0,0.0,1.0,0.0,0.0,0.0,0.0,0.0,0.0,0.0,3.0,1.0,0.0,6508748575.0,9635789.0,盘锦市双台子区,盘锦市双台子区铁东街道,16.0,19.200000000000003,5.0,1.0,41.2,64.0,44.15,39.60348923533779
辽宁省,盘锦市,双台子区,双盛街道,122.0212064,41.2054077,24.0,37.0,17.0,27.0,86.0,33.0,0.0,7.0,2.0,7.0,0.0,9.0,4.0,4.0,8.0,10.0,0.0,0.0,0.0,3.0,34.0,33.0,10.0,2.0,0.0,6.0,67.0,0.0,0.0,45.0,0.0,9.0,4.0,12.0,14.0,12.0,2.0,13.0,5.0,3.0,9.0,0.0,0.0,0.0,0.0,0.0,0.0,0.0,0.0,0.0,0.0,0.0,0.0,0.0,0.0,0.0,0.0,0.0,2.0,0.0,0.0,1.0,0.0,0.0,0.0,1.0,0.0,0.0,0.0,5.0,8.0,2.0,6508748574.0,9635787.0,盘锦市双台子区,盘锦市双台子区双盛街道,20.0,28.0,5.0,15.3,68.3,64.0,44.15,39.60348923533779
辽宁省,盘锦市,双台子区,统一镇,122.071936,41.21651,0.0,19.0,7.0,20.0,57.0,4.0,0.0,0.0,8.0,1.0,0.0,1.0,0.0,0.0,0.0,0.0,0.0,0.0,0.0,2.0,4.0,1.0,4.0,0.0,0.0,2.0,6.0,0.0,0.0,1.0,0.0,0.0,2.0,9.0,12.0,8.0,0.0,4.0,0.0,4.0,8.0,0.0,0.0,0.0,0.0,0.0,0.0,1.0,0.0,0.0,0.0,0.0,0.0,0.0,0.0,0.0,0.0,0.0,0.0,0.0,0.0,0.0,0.0,0.0,0.0,0.0,0.0,0.0,0.0,2.0,4.0,0.0,-1.0,-1.0,盘锦市双台子区,盘锦市双台子区统一镇,2.0,28.0,5.0,4.7,39.7,64.0,44.15,39.60348923533779
辽宁省,盘锦市,双台子区,陆家镇,121.9525828,41.1741596,0.0,6.0,3.0,2.0,43.0,0.0,0.0,0.0,0.0,0.0,0.0,0.0,0.0,0.0,0.0,0.0,0.0,0.0,0.0,0.0,2.0,0.0,1.0,0.0,0.0,2.0,87.0,0.0,0.0,0.0,0.0,2.0,1.0,11.0,6.0,6.0,0.0,1.0,0.0,0.0,0.0,0.0,0.0,0.0,0.0,0.0,0.0,0.0,0.0,0.0,0.0,0.0,0.0,0.0,0.0,0.0,0.0,0.0,0.0,0.0,0.0,1.0,0.0,0.0,0.0,0.0,0.0,0.0,0.0,1.0,1.0,0.0,3397669231.0,9635784.0,盘锦市双台子区,盘锦市双台子区陆家镇,17.0,18.6,0.0,11.700000000000001,47.300000000000004,64.0,44.15,39.60348923533779
辽宁省,盘锦市,兴隆台区,振兴街道,122.0842477,41.1186624,0.0,32.0,50.0,52.0,513.0,0.0,0.0,4.0,0.0,0.0,0.0,1.0,2.0,2.0,11.0,11.0,0.0,0.0,0.0,3.0,18.0,0.0,4.0,0.0,0.0,6.0,52.0,0.0,2.0,1.0,2.0,15.0,3.0,7.0,9.0,6.0,0.0,7.0,8.0,7.0,281.0,0.0,0.0,0.0,0.0,0.0,0.0,0.0,0.0,0.0,0.0,0.0,0.0,0.0,0.0,0.0,7.0,0.0,0.0,0.0,0.0,1.0,18.0,0.0,1.0,0.0,1.0,2.0,0.0,3.0,6.0,2.0,6508415754.0,9635386.0,盘锦市兴隆台区,盘锦市兴隆台区振兴街道,20.0,24.0,5.0,10.100000000000001,59.1,53.27272727272727,44.15,39.60348923533779
辽宁省,盘锦市,兴隆台区,兴隆街道,122.060625,41.1345166,0.0,43.0,43.0,45.0,353.0,0.0,0.0,4.0,0.0,0.0,0.0,1.0,1.0,1.0,9.0,9.0,0.0,0.0,0.0,2.0,21.0,1.0,8.0,0.0,0.0,5.0,38.0,0.0,1.0,15.0,2.0,16.0,3.0,8.0,10.0,7.0,0.0,11.0,18.0,6.0,5.0,0.0,0.0,4.0,0.0,0.0,0.0,0.0,1.0,1.0,4.0,4.0,0.0,0.0,0.0,1.0,4.0,0.0,0.0,0.0,0.0,1.0,10.0,0.0,0.0,0.0,0.0,4.0,2.0,5.0,9.0,4.0,6508415748.0,9635380.0,盘锦市兴隆台区,盘锦市兴隆台区兴隆街道,20.0,24.0,16.0,9.8,69.8,53.27272727272727,44.15,39.60348923533779
辽宁省,盘锦市,兴隆台区,渤海街道,122.0975866,41.1386898,0.0,35.0,31.0,32.0,365.0,37.0,0.0,0.0,0.0,1.0,0.0,0.0,1.0,1.0,10.0,10.0,0.0,0.0,0.0,1.0,14.0,0.0,8.0,0.0,0.0,4.0,83.0,0.0,2.0,145.0,2.0,12.0,1.0,9.0,8.0,7.0,0.0,5.0,6.0,10.0,17.0,0.0,0.0,0.0,0.0,0.0,0.0,0.0,1.0,1.0,5.0,5.0,0.0,0.0,0.0,0.0,0.0,0.0,3.0,0.0,0.0,1.0,17.0,0.0,0.0,0.0,1.0,4.0,0.0,5.0,5.0,4.0,6508415743.0,9635374.0,盘锦市兴隆台区,盘锦市兴隆台区渤海街道,19.0,26.0,10.0,19.5,74.5,53.27272727272727,44.15,39.60348923533779
辽宁省,盘锦市,兴隆台区,新工街道,122.0951303,41.1585711,0.0,38.0,12.0,17.0,55.0,37.0,0.0,0.0,0.0,1.0,0.0,0.0,1.0,1.0,8.0,8.0,0.0,0.0,0.0,0.0,9.0,0.0,6.0,0.0,0.0,3.0,127.0,0.0,0.0,144.0,1.0,9.0,0.0,10.0,7.0,6.0,0.0,10.0,0.0,3.0,0.0,33.0,0.0,0.0,0.0,1.0,0.0,0.0,0.0,0.0,0.0,0.0,0.0,0.0,0.0,0.0,0.0,0.0,3.0,0.0,0.0,1.0,25.0,0.0,0.0,119.0,0.0,0.0,0.0,3.0,4.0,3.0,6508415749.0,9635381.0,盘锦市兴隆台区,盘锦市兴隆台区新工街道,18.0,25.5,0.0,19.0,62.5,53.27272727272727,44.15,39.60348923533779
辽宁省,盘锦市,兴隆台区,曙光街道,121.8937655,41.2060986,0.0,8.0,12.0,4.0,8.0,0.0,0.0,0.0,0.0,0.0,0.0,0.0,0.0,0.0,1.0,1.0,0.0,0.0,0.0,0.0,0.0,0.0,3.0,0.0,0.0,1.0,0.0,0.0,0.0,10.0,0.0,0.0,0.0,7.0,7.0,3.0,0.0,0.0,5.0,3.0,4.0,0.0,0.0,0.0,0.0,0.0,0.0,0.0,0.0,0.0,0.0,0.0,0.0,0.0,0.0,0.0,0.0,0.0,0.0,0.0,0.0,1.0,0.0,0.0,0.0,0.0,0.0,0.0,0.0,5.0,5.0,1.0,4611394722.0,9635378.0,盘锦市兴隆台区,盘锦市兴隆台区曙光街道,16.0,15.3,0.0,2.5,33.8,53.27272727272727,44.15,39.60348923533779
辽宁省,盘锦市,兴隆台区,欢喜岭街道,121.682916,41.0473186,2.0,0.0,0.0,4.0,12.0,0.0,0.0,0.0,0.0,0.0,0.0,0.0,0.0,0.0,0.0,0.0,0.0,0.0,0.0,0.0,0.0,0.0,0.0,0.0,0.0,5.0,69.0,0.0,0.0,0.0,0.0,0.0,0.0,7.0,4.0,1.0,2.0,0.0,0.0,4.0,2.0,0.0,0.0,0.0,0.0,0.0,0.0,0.0,0.0,0.0,0.0,0.0,0.0,0.0,0.0,0.0,0.0,0.0,0.0,0.0,0.0,3.0,0.0,0.0,0.0,0.0,0.0,0.0,0.0,3.0,4.0,0.0,3372824563.0,-1.0,盘锦市兴隆台区,盘锦市兴隆台区欢喜岭街道,12.0,14.0,0.0,7.4,33.4,53.27272727272727,44.15,39.60348923533779
辽宁省,盘锦市,兴隆台区,沈采街道,122.8969747,41.5184229,2.0,3.0,0.0,11.0,18.0,1.0,0.0,0.0,0.0,0.0,1.0,0.0,0.0,0.0,0.0,0.0,0.0,0.0,0.0,0.0,1.0,0.0,1.0,0.0,0.0,2.0,1.0,0.0,0.0,0.0,0.0,0.0,0.0,7.0,6.0,2.0,2.0,0.0,0.0,5.0,14.0,0.0,0.0,0.0,0.0,0.0,0.0,0.0,0.0,0.0,0.0,0.0,0.0,0.0,0.0,0.0,1.0,0.0,0.0,0.0,0.0,1.0,0.0,0.0,0.0,0.0,0.0,0.0,0.0,6.0,4.0,1.0,6508415745.0,9635376.0,盘锦市兴隆台区,盘锦市兴隆台区沈采街道,17.0,22.8,0.0,1.1,40.9,53.27272727272727,44.15,39.60348923533779
辽宁省,盘锦市,兴隆台区,创新街道,122.063632,41.1147264,0.0,41.0,37.0,51.0,506.0,0.0,0.0,4.0,0.0,0.0,0.0,1.0,1.0,1.0,5.0,5.0,0.0,0.0,0.0,4.0,14.0,0.0,2.0,0.0,0.0,4.0,30.0,0.0,1.0,0.0,2.0,10.0,3.0,7.0,10.0,6.0,0.0,4.0,16.0,23.0,21.0,0.0,0.0,1.0,0.0,0.0,0.0,1.0,0.0,0.0,1.0,1.0,0.0,0.0,0.0,0.0,1.0,0.0,0.0,0.0,0.0,2.0,1.0,0.0,0.0,0.0,0.0,4.0,0.0,4.0,5.0,3.0,6508415744.0,9635375.0,盘锦市兴隆台区,盘锦市兴隆台区创新街道,19.0,24.0,10.0,6.1,59.1,53.27272727272727,44.15,39.60348923533779
辽宁省,盘锦市,兴隆台区,兴盛街道,122.1030042,41.1147193,0.0,25.0,23.0,32.0,503.0,0.0,0.0,0.0,0.0,0.0,0.0,0.0,2.0,2.0,6.0,6.0,0.0,0.0,0.0,1.0,12.0,0.0,3.0,0.0,0.0,3.0,43.0,0.0,2.0,1.0,2.0,8.0,0.0,8.0,6.0,6.0,0.0,1.0,3.0,3.0,42.0,0.0,0.0,0.0,0.0,0.0,0.0,0.0,0.0,0.0,0.0,0.0,0.0,0.0,0.0,0.0,5.0,0.0,0.0,0.0,0.0,1.0,1.0,0.0,0.0,0.0,0.0,0.0,0.0,4.0,4.0,1.0,6508415750.0,9635383.0,盘锦市兴隆台区,盘锦市兴隆台区兴盛街道,18.0,23.0,0.0,7.5,48.5,53.27272727272727,44.15,39.60348923533779
辽宁省,盘锦市,兴隆台区,兴海街道,122.0681508,41.154616,0.0,50.0,23.0,21.0,74.0,33.0,0.0,8.0,0.0,0.0,0.0,0.0,1.0,1.0,9.0,9.0,0.0,0.0,0.0,2.0,24.0,2.0,10.0,0.0,0.0,4.0,89.0,0.0,0.0,126.0,1.0,17.0,3.0,15.0,10.0,9.0,0.0,7.0,3.0,1.0,11.0,0.0,0.0,0.0,0.0,0.0,0.0,0.0,0.0,0.0,0.0,0.0,0.0,0.0,0.0,0.0,6.0,0.0,1.0,0.0,0.0,1.0,1.0,0.0,0.0,0.0,0.0,4.0,0.0,4.0,6.0,4.0,6508415747.0,9635379.0,盘锦市兴隆台区,盘锦市兴隆台区兴海街道,19.0,24.0,0.0,20.0,63.0,53.27272727272727,44.15,39.60348923533779
辽宁省,盘锦市,兴隆台区,惠宾街道,122.0707029,40.8134096,12.0,9.0,1.0,2.0,26.0,0.0,0.0,0.0,0.0,0.0,0.0,0.0,0.0,0.0,0.0,0.0,0.0,0.0,0.0,0.0,20.0,0.0,1.0,0.0,0.0,1.0,47.0,0.0,0.0,0.0,0.0,0.0,0.0,10.0,7.0,4.0,0.0,0.0,1.0,0.0,4.0,0.0,0.0,0.0,0.0,0.0,0.0,0.0,0.0,0.0,0.0,0.0,0.0,0.0,0.0,0.0,2.0,0.0,1.0,0.0,0.0,1.0,18.0,0.0,0.0,0.0,0.0,0.0,0.0,3.0,2.0,2.0,6509100601.0,9636190.0,盘锦市兴隆台区,盘锦市兴隆台区惠宾街道,16.0,16.9,0.0,8.5,41.4,53.27272727272727,44.15,39.60348923533779
辽宁省,盘锦市,大洼区,二界沟街道,121.9622029,40.8029148,0.0,2.0,13.0,7.0,16.0,9.0,0.0,3.0,0.0,2.0,0.0,0.0,0.0,0.0,0.0,0.0,0.0,0.0,0.0,0.0,0.0,0.0,2.0,0.0,0.0,1.0,20.0,0.0,0.0,2.0,0.0,2.0,2.0,5.0,9.0,7.0,0.0,2.0,0.0,2.0,6.0,0.0,0.0,0.0,0.0,0.0,0.0,0.0,0.0,0.0,0.0,0.0,0.0,0.0,0.0,0.0,0.0,0.0,0.0,0.0,0.0,1.0,0.0,0.0,0.0,0.0,0.0,0.0,0.0,5.0,5.0,2.0,2277887255.0,-1.0,盘锦市大洼区,盘锦市大洼区二界沟街道,8.0,21.0,0.0,5.7,34.7,31.975,44.15,39.60348923533779
辽宁省,盘锦市,大洼区,大洼街道,122.071838,40.9998528,0.0,18.0,9.0,22.0,8.0,1.0,0.0,0.0,0.0,0.0,8.0,2.0,0.0,0.0,0.0,0.0,0.0,0.0,0.0,2.0,3.0,0.0,0.0,2.0,0.0,1.0,31.0,0.0,0.0,0.0,0.0,6.0,0.0,4.0,8.0,6.0,0.0,7.0,2.0,9.0,3.0,0.0,0.0,0.0,0.0,0.0,2.0,0.0,0.0,0.0,0.0,0.0,0.0,0.0,0.0,0.0,1.0,0.0,0.0,0.0,0.0,1.0,10.0,0.0,0.0,0.0,0.0,3.0,0.0,2.0,5.0,4.0,244077968.0,9636189.0,盘锦市大洼区,盘锦市大洼区大洼街道,16.0,18.5,5.0,7.1000000000000005,46.6,31.975,44.15,39.60348923533779
辽宁省,盘锦市,大洼区,田家街道,122.06102,41.0614115,5.0,5.0,5.0,12.0,5.0,0.0,0.0,0.0,0.0,0.0,0.0,2.0,0.0,0.0,0.0,0.0,0.0,0.0,0.0,1.0,0.0,0.0,0.0,0.0,0.0,2.0,0.0,0.0,0.0,0.0,0.0,0.0,1.0,6.0,8.0,2.0,0.0,2.0,2.0,4.0,2.0,0.0,0.0,0.0,0.0,0.0,0.0,1.0,0.0,0.0,0.0,0.0,0.0,0.0,0.0,0.0,0.0,0.0,0.0,0.0,0.0,1.0,0.0,0.0,0.0,0.0,0.0,0.0,0.0,1.0,4.0,1.0,6509100604.0,-1.0,盘锦市大洼区,盘锦市大洼区田家街道,9.0,15.6,5.0,1.0,30.6,31.975,44.15,39.60348923533779
辽宁省,盘锦市,大洼区,榆树街道,122.080467,40.8520019,11.0,6.0,1.0,4.0,19.0,1.0,0.0,0.0,0.0,0.0,0.0,1.0,0.0,0.0,0.0,0.0,0.0,0.0,0.0,0.0,14.0,0.0,0.0,0.0,0.0,1.0,35.0,0.0,0.0,0.0,0.0,0.0,0.0,2.0,10.0,2.0,0.0,2.0,1.0,2.0,2.0,0.0,0.0,0.0,0.0,0.0,0.0,1.0,0.0,0.0,0.0,0.0,0.0,0.0,0.0,0.0,2.0,0.0,0.0,0.0,0.0,1.0,2.0,0.0,0.0,0.0,0.0,0.0,0.0,1.0,5.0,1.0,6509100608.0,-1.0,盘锦市大洼区,盘锦市大洼区榆树街道,8.0,17.4,5.0,4.7,35.1,31.975,44.15,39.60348923533779
辽宁省,盘锦市,大洼区,王家街道,122.0624684,40.9479499,8.0,10.0,9.0,3.0,28.0,0.0,0.0,0.0,0.0,0.0,0.0,0.0,0.0,0.0,0.0,0.0,0.0,0.0,0.0,0.0,0.0,0.0,0.0,0.0,0.0,1.0,53.0,0.0,0.0,0.0,0.0,0.0,0.0,3.0,6.0,3.0,0.0,0.0,1.0,1.0,2.0,0.0,0.0,0.0,0.0,0.0,0.0,0.0,0.0,0.0,0.0,0.0,0.0,0.0,0.0,0.0,0.0,0.0,0.0,0.0,0.0,1.0,10.0,0.0,0.0,0.0,0.0,0.0,0.0,1.0,4.0,0.0,3372685066.0,-1.0,盘锦市大洼区,盘锦市大洼区王家街道,8.0,17.2,0.0,7.800000000000001,33.0,31.975,44.15,39.60348923533779
辽宁省,盘锦市,大洼区,于楼街道,122.2924831,41.0502365,0.0,5.0,2.0,6.0,46.0,0.0,0.0,0.0,0.0,0.0,0.0,0.0,0.0,0.0,0.0,0.0,0.0,0.0,0.0,0.0,3.0,0.0,1.0,0.0,0.0,1.0,0.0,0.0,0.0,0.0,0.0,0.0,0.0,6.0,5.0,4.0,0.0,2.0,2.0,1.0,31.0,0.0,0.0,0.0,0.0,0.0,0.0,0.0,0.0,0.0,0.0,0.0,0.0,0.0,0.0,0.0,1.0,0.0,1.0,0.0,0.0,1.0,0.0,0.0,0.0,0.0,0.0,0.0,0.0,4.0,5.0,4.0,2277892621.0,9635385.0,盘锦市大洼区,盘锦市大洼区于楼街道,16.0,22.5,0.0,2.0,40.5,31.975,44.15,39.60348923533779
辽宁省,盘锦市,大洼区,田庄台镇,122.1200028,40.8323225,10.0,11.0,0.0,3.0,17.0,1.0,0.0,0.0,1.0,0.0,0.0,0.0,0.0,0.0,0.0,0.0,0.0,0.0,0.0,0.0,8.0,0.0,0.0,0.0,0.0,1.0,4.0,0.0,0.0,0.0,0.0,1.0,3.0,7.0,8.0,6.0,2.0,1.0,0.0,1.0,0.0,0.0,0.0,0.0,0.0,0.0,0.0,0.0,0.0,0.0,0.0,0.0,0.0,0.0,0.0,0.0,1.0,0.0,0.0,0.0,0.0,1.0,1.0,0.0,0.0,0.0,0.0,0.0,1.0,1.0,4.0,3.0,2277888599.0,-1.0,盘锦市大洼区,盘锦市大洼区田庄台镇,8.0,17.4,0.0,3.5,28.9,31.975,44.15,39.60348923533779
辽宁省,盘锦市,大洼区,东风镇,122.2617453,40.9743063,0.0,7.0,2.0,0.0,16.0,0.0,0.0,0.0,0.0,0.0,0.0,0.0,0.0,0.0,0.0,0.0,0.0,0.0,0.0,0.0,0.0,0.0,0.0,0.0,0.0,1.0,11.0,0.0,0.0,0.0,0.0,1.0,0.0,4.0,4.0,2.0,0.0,1.0,2.0,0.0,4.0,0.0,0.0,0.0,0.0,0.0,0.0,0.0,0.0,0.0,0.0,0.0,0.0,0.0,0.0,0.0,0.0,0.0,0.0,0.0,0.0,1.0,8.0,0.0,0.0,0.0,0.0,1.0,0.0,1.0,4.0,1.0,3235534870.0,-1.0,盘锦市大洼区,盘锦市大洼区东风镇,8.0,11.4,0.0,2.9000000000000004,22.299999999999997,31.975,44.15,39.60348923533779
辽宁省,盘锦市,大洼区,新开镇,122.2924831,41.0502365,0.0,5.0,2.0,6.0,46.0,0.0,0.0,0.0,0.0,0.0,0.0,0.0,0.0,0.0,0.0,0.0,0.0,0.0,0.0,0.0,3.0,0.0,1.0,0.0,0.0,1.0,0.0,0.0,0.0,0.0,0.0,0.0,0.0,6.0,5.0,4.0,0.0,2.0,2.0,1.0,31.0,0.0,0.0,0.0,0.0,0.0,0.0,0.0,0.0,0.0,0.0,0.0,0.0,0.0,0.0,0.0,1.0,0.0,1.0,0.0,0.0,1.0,0.0,0.0,0.0,0.0,0.0,0.0,0.0,4.0,5.0,4.0,2277892621.0,9636191.0,盘锦市大洼区,盘锦市大洼区新开镇,16.0,22.5,0.0,2.0,40.5,31.975,44.15,39.60348923533779
辽宁省,盘锦市,大洼区,清水镇,121.9817702,41.0424641,1.0,6.0,1.0,15.0,5.0,0.0,0.0,0.0,0.0,0.0,0.0,0.0,0.0,0.0,0.0,0.0,0.0,0.0,0.0,0.0,1.0,0.0,0.0,0.0,0.0,2.0,16.0,0.0,0.0,0.0,0.0,0.0,0.0,2.0,6.0,2.0,0.0,4.0,0.0,3.0,1.0,0.0,0.0,0.0,0.0,0.0,0.0,0.0,0.0,0.0,0.0,0.0,0.0,0.0,0.0,0.0,0.0,0.0,0.0,0.0,0.0,1.0,0.0,0.0,0.0,0.0,0.0,0.0,0.0,1.0,3.0,1.0,3412211323.0,-1.0,盘锦市大洼区,盘锦市大洼区清水镇,9.0,14.3,0.0,2.6,25.900000000000002,31.975,44.15,39.60348923533779
辽宁省,盘锦市,大洼区,新兴镇,121.9564038,41.0820781,3.0,3.0,0.0,3.0,44.0,3.0,0.0,0.0,0.0,0.0,0.0,0.0,0.0,0.0,0.0,0.0,0.0,0.0,0.0,0.0,7.0,0.0,0.0,0.0,0.0,1.0,201.0,0.0,0.0,0.0,0.0,1.0,0.0,2.0,6.0,3.0,0.0,1.0,0.0,0.0,18.0,0.0,0.0,0.0,0.0,0.0,0.0,0.0,0.0,0.0,0.0,0.0,0.0,0.0,0.0,0.0,2.0,0.0,0.0,0.0,0.0,1.0,32.0,0.0,0.0,0.0,0.0,1.0,0.0,1.0,3.0,3.0,3388616179.0,-1.0,盘锦市大洼区,盘锦市大洼区新兴镇,8.0,23.0,0.0,17.5,48.5,31.975,44.15,39.60348923533779
辽宁省,盘锦市,大洼区,西安镇,122.2338932,40.9224115,0.0,7.0,0.0,0.0,16.0,3.0,0.0,0.0,0.0,0.0,0.0,0.0,0.0,0.0,0.0,0.0,0.0,0.0,0.0,0.0,0.0,0.0,0.0,0.0,0.0,1.0,30.0,0.0,0.0,0.0,0.0,1.0,0.0,3.0,8.0,2.0,0.0,1.0,0.0,0.0,9.0,0.0,0.0,0.0,0.0,0.0,0.0,0.0,0.0,0.0,0.0,0.0,0.0,0.0,0.0,0.0,0.0,0.0,0.0,0.0,0.0,1.0,21.0,0.0,0.0,0.0,0.0,1.0,0.0,1.0,3.0,2.0,3235521003.0,-1.0,盘锦市大洼区,盘锦市大洼区西安镇,8.0,14.9,0.0,6.1000000000000005,29.0,31.975,44.15,39.60348923533779
辽宁省,盘锦市,大洼区,新立镇,122.1873771,41.1164789,0.0,0.0,9.0,1.0,15.0,0.0,0.0,0.0,0.0,0.0,0.0,0.0,0.0,0.0,0.0,0.0,0.0,0.0,0.0,0.0,1.0,0.0,1.0,0.0,0.0,1.0,4.0,0.0,0.0,0.0,0.0,0.0,0.0,5.0,3.0,4.0,0.0,0.0,2.0,1.0,8.0,0.0,0.0,0.0,0.0,0.0,0.0,0.0,0.0,0.0,0.0,0.0,0.0,0.0,0.0,0.0,0.0,0.0,0.0,0.0,0.0,1.0,0.0,0.0,0.0,0.0,0.0,0.0,0.0,1.0,3.0,0.0,6509100607.0,9636192.0,盘锦市大洼区,盘锦市大洼区新立镇,16.0,12.9,0.0,2.4,31.299999999999997,31.975,44.15,39.60348923533779
辽宁省,盘锦市,大洼区,唐家镇,122.1480474,41.0300658,0.0,0.0,3.0,5.0,1.0,0.0,0.0,0.0,0.0,0.0,0.0,0.0,0.0,0.0,0.0,0.0,0.0,0.0,0.0,0.0,0.0,0.0,0.0,0.0,0.0,1.0,1.0,0.0,0.0,5.0,0.0,0.0,0.0,3.0,4.0,0.0,0.0,0.0,1.0,2.0,1.0,0.0,0.0,0.0,0.0,0.0,0.0,0.0,0.0,0.0,0.0,0.0,0.0,0.0,0.0,0.0,0.0,0.0,0.0,0.0,0.0,1.0,0.0,0.0,0.0,0.0,0.0,0.0,0.0,1.0,3.0,0.0,3397679272.0,-1.0,盘锦市大洼区,盘锦市大洼区唐家镇,8.0,12.5,0.0,0.6000000000000001,21.1,31.975,44.15,39.60348923533779
辽宁省,盘锦市,大洼区,平安镇,122.1570386,40.8847272,0.0,5.0,0.0,0.0,3.0,0.0,0.0,0.0,0.0,0.0,0.0,0.0,0.0,0.0,0.0,0.0,0.0,0.0,0.0,0.0,5.0,0.0,0.0,0.0,0.0,1.0,0.0,0.0,0.0,0.0,0.0,0.0,0.0,7.0,3.0,3.0,0.0,0.0,0.0,0.0,0.0,0.0,0.0,0.0,0.0,0.0,0.0,0.0,0.0,0.0,0.0,0.0,0.0,0.0,0.0,0.0,0.0,0.0,0.0,0.0,0.0,1.0,0.0,0.0,0.0,0.0,0.0,0.0,0.0,1.0,1.0,0.0,2277887257.0,-1.0,盘锦市大洼区,盘锦市大洼区平安镇,8.0,7.1,0.0,1.5,16.6,31.975,44.15,39.60348923533779
辽宁省,盘锦市,大洼区,赵圈河镇,121.9842785,40.969231,0.0,0.0,1.0,4.0,9.0,0.0,0.0,0.0,0.0,0.0,1.0,0.0,0.0,0.0,0.0,0.0,0.0,1.0,0.0,1.0,1.0,0.0,0.0,0.0,0.0,1.0,1.0,0.0,0.0,0.0,0.0,0.0,2.0,1.0,5.0,4.0,0.0,0.0,1.0,3.0,2.0,0.0,0.0,0.0,0.0,0.0,1.0,0.0,0.0,0.0,0.0,0.0,0.0,0.0,0.0,1.0,1.0,0.0,0.0,0.0,0.0,1.0,0.0,0.0,0.0,0.0,0.0,0.0,1.0,1.0,4.0,3.0,3373386619.0,-1.0,盘锦市大洼区,盘锦市大洼区赵圈河镇,8.0,15.9,1.0,2.1,27.0,31.975,44.15,39.60348923533779
辽宁省,盘锦市,盘山县,太平街道,121.9996258,41.2603715,20.0,8.0,0.0,35.0,38.0,1.0,0.0,1.0,0.0,5.0,0.0,0.0,0.0,0.0,2.0,2.0,0.0,0.0,0.0,1.0,1.0,0.0,2.0,0.0,0.0,3.0,50.0,0.0,0.0,1.0,0.0,16.0,0.0,9.0,14.0,6.0,0.0,0.0,0.0,0.0,6.0,0.0,0.0,0.0,0.0,0.0,0.0,0.0,0.0,0.0,0.0,0.0,0.0,0.0,0.0,0.0,0.0,0.0,1.0,0.0,0.0,1.0,1.0,0.0,0.0,0.0,0.0,0.0,0.0,3.0,5.0,1.0,6507813522.0,9634876.0,盘锦市盘山县,盘锦市盘山县太平街道,18.0,25.4,0.0,8.2,51.599999999999994,39.2,44.15,39.60348923533779
辽宁省,盘锦市,盘山县,高升街道,122.1960715,41.3454693,1.0,2.0,0.0,5.0,57.0,0.0,0.0,0.0,0.0,0.0,0.0,0.0,0.0,0.0,0.0,0.0,0.0,0.0,0.0,0.0,0.0,0.0,3.0,0.0,0.0,7.0,105.0,0.0,0.0,0.0,0.0,2.0,0.0,7.0,9.0,2.0,1.0,1.0,0.0,4.0,17.0,0.0,0.0,0.0,0.0,0.0,0.0,0.0,0.0,0.0,0.0,0.0,0.0,0.0,0.0,0.0,0.0,0.0,0.0,0.0,0.0,3.0,2.0,0.0,0.0,0.0,0.0,2.0,0.0,2.0,5.0,1.0,2276908699.0,9635377.0,盘锦市盘山县,盘锦市盘山县高升街道,20.0,24.0,0.0,11.700000000000001,55.7,39.2,44.15,39.60348923533779
辽宁省,盘锦市,盘山县,得胜街道,122.1254186,41.3521369,1.0,0.0,0.0,0.0,73.0,0.0,0.0,0.0,0.0,0.0,0.0,0.0,0.0,0.0,0.0,0.0,0.0,0.0,0.0,0.0,0.0,0.0,1.0,0.0,0.0,5.0,155.0,0.0,0.0,0.0,0.0,2.0,0.0,4.0,4.0,2.0,1.0,0.0,0.0,0.0,15.0,0.0,0.0,0.0,0.0,0.0,0.0,0.0,0.0,0.0,0.0,0.0,0.0,0.0,0.0,0.0,0.0,0.0,0.0,0.0,0.0,2.0,43.0,0.0,0.0,0.0,0.0,2.0,0.0,3.0,3.0,1.0,2277883853.0,-1.0,盘锦市盘山县,盘锦市盘山县得胜街道,12.0,22.0,0.0,17.0,51.0,39.2,44.15,39.60348923533779
辽宁省,盘锦市,盘山县,东郭街道,121.6672007,41.1779452,0.0,2.0,0.0,7.0,46.0,4.0,0.0,0.0,0.0,0.0,0.0,0.0,0.0,0.0,1.0,1.0,0.0,0.0,0.0,0.0,0.0,0.0,1.0,0.0,0.0,1.0,65.0,0.0,0.0,0.0,0.0,3.0,0.0,5.0,5.0,3.0,0.0,1.0,0.0,2.0,13.0,0.0,0.0,0.0,0.0,0.0,0.0,0.0,0.0,0.0,1.0,1.0,0.0,0.0,0.0,0.0,0.0,0.0,0.0,0.0,0.0,1.0,25.0,0.0,0.0,0.0,0.0,3.0,0.0,1.0,4.0,1.0,-1.0,-1.0,盘锦市盘山县,盘锦市盘山县东郭街道,1.0,22.5,5.0,10.5,39.0,39.2,44.15,39.60348923533779
辽宁省,盘锦市,盘山县,沙岭镇,122.3659333,41.1487015,0.0,3.0,0.0,5.0,3.0,0.0,0.0,0.0,0.0,0.0,0.0,0.0,0.0,0.0,0.0,0.0,0.0,0.0,0.0,0.0,1.0,0.0,0.0,0.0,0.0,1.0,0.0,0.0,0.0,0.0,0.0,0.0,0.0,5.0,3.0,2.0,0.0,1.0,0.0,3.0,0.0,0.0,0.0,0.0,0.0,0.0,0.0,0.0,0.0,0.0,0.0,0.0,0.0,0.0,0.0,0.0,1.0,0.0,0.0,0.0,0.0,1.0,0.0,0.0,0.0,0.0,0.0,0.0,0.0,1.0,2.0,1.0,2277890090.0,-1.0,盘锦市盘山县,盘锦市盘山县沙岭镇,8.0,12.1,0.0,1.0,21.1,39.2,44.15,39.60348923533779
辽宁省,盘锦市,盘山县,胡家镇,121.9504117,41.2850394,6.0,0.0,0.0,13.0,130.0,10.0,0.0,4.0,0.0,4.0,0.0,0.0,0.0,0.0,1.0,1.0,0.0,0.0,0.0,0.0,3.0,1.0,3.0,0.0,0.0,1.0,2.0,0.0,0.0,1.0,0.0,3.0,0.0,4.0,7.0,6.0,2.0,0.0,0.0,9.0,84.0,10.0,0.0,3.0,0.0,0.0,0.0,0.0,0.0,0.0,1.0,1.0,0.0,0.0,0.0,0.0,1.0,1.0,2.0,0.0,0.0,1.0,1.0,0.0,0.0,0.0,0.0,2.0,0.0,3.0,6.0,6.0,2349191425.0,-1.0,盘锦市盘山县,盘锦市盘山县胡家镇,8.0,25.5,5.0,3.4,41.9,39.2,44.15,39.60348923533779
辽宁省,盘锦市,盘山县,石新镇,121.634765,41.1342591,0.0,0.0,0.0,3.0,32.0,0.0,0.0,0.0,0.0,0.0,0.0,0.0,0.0,0.0,1.0,1.0,0.0,0.0,0.0,0.0,1.0,0.0,0.0,0.0,0.0,3.0,60.0,0.0,0.0,0.0,0.0,3.0,0.0,1.0,3.0,3.0,0.0,0.0,0.0,3.0,13.0,0.0,0.0,0.0,0.0,0.0,0.0,0.0,0.0,0.0,1.0,1.0,0.0,0.0,0.0,0.0,0.0,0.0,0.0,0.0,0.0,1.0,7.0,0.0,0.0,0.0,0.0,3.0,0.0,1.0,3.0,1.0,3372805591.0,9634592.0,盘锦市盘山县,盘锦市盘山县石新镇,18.0,14.8,5.0,8.2,46.0,39.2,44.15,39.60348923533779
辽宁省,盘锦市,盘山县,羊圈子镇,121.6276217,41.2771941,0.0,0.0,1.0,5.0,44.0,0.0,0.0,0.0,0.0,0.0,0.0,0.0,0.0,0.0,0.0,0.0,0.0,0.0,0.0,0.0,0.0,0.0,0.0,0.0,0.0,9.0,14.0,0.0,0.0,0.0,0.0,0.0,0.0,7.0,4.0,1.0,0.0,0.0,1.0,2.0,7.0,0.0,0.0,0.0,0.0,0.0,0.0,0.0,0.0,0.0,0.0,0.0,0.0,0.0,0.0,0.0,0.0,0.0,0.0,0.0,0.0,1.0,10.0,0.0,0.0,0.0,0.0,0.0,0.0,6.0,4.0,0.0,1582507315.0,-1.0,盘锦市盘山县,盘锦市盘山县羊圈子镇,12.0,22.0,0.0,2.9000000000000004,36.9,39.2,44.15,39.60348923533779
辽宁省,盘锦市,盘山县,古城子镇,122.3622801,41.0291159,0.0,2.0,13.0,6.0,7.0,0.0,0.0,0.0,0.0,0.0,0.0,0.0,0.0,0.0,0.0,0.0,0.0,0.0,0.0,0.0,0.0,0.0,0.0,0.0,0.0,1.0,10.0,0.0,0.0,0.0,0.0,1.0,0.0,2.0,4.0,3.0,0.0,0.0,7.0,4.0,7.0,0.0,0.0,0.0,0.0,0.0,0.0,0.0,0.0,0.0,0.0,0.0,0.0,0.0,0.0,0.0,0.0,0.0,0.0,0.0,0.0,1.0,2.0,0.0,0.0,0.0,0.0,1.0,0.0,2.0,3.0,1.0,2277892624.0,-1.0,盘锦市盘山县,盘锦市盘山县古城子镇,8.0,15.5,0.0,2.7,26.2,39.2,44.15,39.60348923533779
辽宁省,盘锦市,盘山县,坝墙子镇,122.2425899,41.1346795,0.0,4.0,0.0,2.0,2.0,0.0,0.0,0.0,0.0,0.0,0.0,0.0,0.0,0.0,0.0,0.0,0.0,0.0,0.0,0.0,0.0,0.0,0.0,0.0,0.0,1.0,0.0,0.0,0.0,0.0,0.0,0.0,0.0,5.0,3.0,1.0,0.0,4.0,0.0,2.0,0.0,0.0,0.0,0.0,0.0,0.0,0.0,0.0,0.0,0.0,0.0,0.0,0.0,0.0,0.0,0.0,0.0,0.0,0.0,0.0,0.0,1.0,0.0,0.0,0.0,0.0,0.0,0.0,0.0,4.0,2.0,1.0,3397703429.0,-1.0,盘锦市盘山县,盘锦市盘山县坝墙子镇,8.0,8.9,0.0,0.5,17.4,39.2,44.15,39.60348923533779
辽宁省,盘锦市,盘山县,陈家镇,122.1590985,41.2295597,0.0,1.0,9.0,1.0,10.0,0.0,0.0,0.0,0.0,0.0,0.0,0.0,0.0,0.0,0.0,0.0,0.0,0.0,0.0,0.0,0.0,0.0,1.0,0.0,0.0,1.0,0.0,0.0,0.0,0.0,0.0,0.0,0.0,2.0,5.0,2.0,0.0,0.0,8.0,0.0,10.0,0.0,0.0,0.0,0.0,0.0,0.0,0.0,0.0,0.0,0.0,0.0,0.0,0.0,0.0,0.0,0.0,0.0,1.0,0.0,0.0,1.0,0.0,0.0,0.0,0.0,0.0,0.0,0.0,1.0,3.0,2.0,2277883849.0,-1.0,盘锦市盘山县,盘锦市盘山县陈家镇,8.0,13.5,0.0,1.0,22.5,39.2,44.15,39.60348923533779
辽宁省,盘锦市,盘山县,甜水镇,121.8127944,41.34178,8.0,0.0,1.0,15.0,34.0,4.0,0.0,0.0,3.0,1.0,2.0,0.0,0.0,0.0,1.0,1.0,0.0,0.0,0.0,0.0,8.0,0.0,1.0,0.0,0.0,7.0,37.0,0.0,0.0,1.0,0.0,0.0,0.0,10.0,7.0,5.0,8.0,0.0,0.0,5.0,13.0,0.0,0.0,0.0,0.0,0.0,0.0,0.0,0.0,0.0,1.0,1.0,0.0,0.0,0.0,0.0,1.0,0.0,0.0,0.0,0.0,1.0,0.0,0.0,0.0,0.0,0.0,0.0,0.0,9.0,3.0,4.0,3372721893.0,-1.0,盘锦市盘山县,盘锦市盘山县甜水镇,12.0,29.5,5.0,6.300000000000001,52.8,39.2,44.15,39.60348923533779
辽宁省,盘锦市,盘山县,吴家镇,122.1319524,41.1592706,0.0,2.0,3.0,7.0,17.0,28.0,0.0,0.0,0.0,1.0,1.0,0.0,0.0,0.0,0.0,0.0,0.0,0.0,0.0,0.0,0.0,0.0,4.0,0.0,0.0,1.0,74.0,0.0,0.0,81.0,0.0,1.0,0.0,7.0,6.0,5.0,0.0,2.0,0.0,2.0,2.0,0.0,0.0,0.0,0.0,0.0,0.0,0.0,0.0,0.0,0.0,0.0,0.0,0.0,0.0,0.0,0.0,0.0,0.0,0.0,0.0,1.0,19.0,0.0,0.0,1.0,0.0,1.0,0.0,5.0,3.0,1.0,3414336510.0,-1.0,盘锦市盘山县,盘锦市盘山县吴家镇,8.0,21.0,0.0,18.5,47.5,39.2,44.15,39.60348923533779
辽宁省,铁岭市,银州区,红旗街道,123.8464612,42.2914066,6.0,5.0,30.0,23.0,119.0,3.0,0.0,64.0,2.0,1.0,3.0,2.0,4.0,4.0,17.0,19.0,1.0,0.0,4.0,5.0,13.0,0.0,7.0,0.0,0.0,10.0,256.0,0.0,0.0,6.0,4.0,39.0,5.0,15.0,18.0,12.0,0.0,2.0,3.0,4.0,18.0,1.0,0.0,9.0,0.0,0.0,0.0,1.0,2.0,2.0,2.0,2.0,0.0,0.0,3.0,4.0,4.0,0.0,1.0,0.0,0.0,3.0,70.0,0.0,0.0,0.0,0.0,7.0,3.0,6.0,9.0,5.0,6466850018.0,9580847.0,铁岭市银州区,铁岭市银州区红旗街道,20.0,30.0,21.0,20.0,91.0,81.7875,32.62038834951456,39.60348923533779
辽宁省,铁岭市,银州区,工人街道,123.8353162,42.2902336,4.0,9.0,23.0,22.0,102.0,1.0,0.0,61.0,2.0,1.0,1.0,2.0,4.0,4.0,16.0,18.0,1.0,0.0,4.0,5.0,13.0,0.0,8.0,0.0,0.0,10.0,223.0,0.0,0.0,6.0,4.0,37.0,5.0,15.0,15.0,13.0,0.0,2.0,5.0,4.0,10.0,0.0,0.0,0.0,2.0,0.0,0.0,2.0,1.0,1.0,3.0,3.0,0.0,0.0,4.0,4.0,1.0,0.0,0.0,0.0,0.0,5.0,67.0,0.0,0.0,0.0,1.0,5.0,1.0,7.0,7.0,3.0,6466850017.0,9580846.0,铁岭市银州区,铁岭市银州区工人街道,20.0,30.0,21.0,20.0,91.0,81.7875,32.62038834951456,39.60348923533779
辽宁省,铁岭市,银州区,铁西街道,123.82458,42.2982714,0.0,3.0,22.0,13.0,70.0,1.0,0.0,23.0,2.0,0.0,0.0,2.0,3.0,3.0,12.0,14.0,0.0,0.0,4.0,5.0,8.0,0.0,7.0,0.0,0.0,8.0,137.0,0.0,0.0,4.0,4.0,21.0,5.0,15.0,13.0,10.0,0.0,0.0,6.0,5.0,14.0,0.0,0.0,0.0,2.0,0.0,0.0,0.0,0.0,0.0,1.0,1.0,0.0,0.0,0.0,0.0,0.0,0.0,2.0,0.0,0.0,1.0,11.0,0.0,0.0,1.0,1.0,1.0,0.0,6.0,5.0,3.0,6466850022.0,9580852.0,铁岭市银州区,铁岭市银州区铁西街道,20.0,26.0,10.0,19.3,75.3,81.7875,32.62038834951456,39.60348923533779
辽宁省,铁岭市,银州区,铜钟街道,123.8451834,42.3102735,12.0,5.0,17.0,17.0,76.0,1.0,0.0,25.0,2.0,1.0,2.0,2.0,2.0,2.0,7.0,7.0,0.0,0.0,4.0,5.0,5.0,0.0,4.0,0.0,0.0,8.0,127.0,0.0,0.0,4.0,1.0,14.0,2.0,17.0,15.0,11.0,0.0,2.0,4.0,1.0,8.0,0.0,0.0,0.0,0.0,0.0,0.0,0.0,0.0,0.0,3.0,3.0,0.0,0.0,0.0,1.0,1.0,0.0,1.0,0.0,0.0,1.0,18.0,0.0,0.0,1.0,0.0,2.0,0.0,4.0,6.0,6.0,6466850023.0,9580853.0,铁岭市银州区,铁岭市银州区铜钟街道,20.0,30.0,11.0,19.0,80.0,81.7875,32.62038834951456,39.60348923533779
辽宁省,铁岭市,银州区,柴河街道,123.8606112,42.3065136,12.0,4.0,21.0,17.0,98.0,3.0,0.0,57.0,2.0,1.0,3.0,1.0,3.0,3.0,9.0,9.0,0.0,0.0,3.0,5.0,5.0,0.0,4.0,0.0,0.0,7.0,220.0,0.0,0.0,4.0,0.0,26.0,3.0,16.0,19.0,13.0,0.0,0.0,8.0,1.0,16.0,0.0,0.0,0.0,0.0,0.0,0.0,0.0,0.0,0.0,1.0,1.0,0.0,0.0,0.0,0.0,0.0,0.0,0.0,0.0,0.0,1.0,7.0,0.0,0.0,0.0,0.0,2.0,0.0,5.0,5.0,4.0,6466850016.0,9580845.0,铁岭市银州区,铁岭市银州区柴河街道,20.0,30.0,10.0,20.0,80.0,81.7875,32.62038834951456,39.60348923533779
辽宁省,铁岭市,银州区,岭东街道,123.864183,42.2854149,11.0,5.0,20.0,23.0,110.0,3.0,0.0,64.0,2.0,1.0,3.0,2.0,4.0,4.0,10.0,11.0,0.0,0.0,4.0,4.0,12.0,0.0,1.0,0.0,0.0,9.0,295.0,0.0,0.0,4.0,0.0,36.0,5.0,16.0,18.0,10.0,2.0,2.0,0.0,2.0,22.0,3.0,0.0,45.0,0.0,1.0,3.0,0.0,1.0,1.0,3.0,3.0,0.0,0.0,0.0,0.0,0.0,0.0,0.0,0.0,0.0,1.0,77.0,0.0,0.0,3.0,0.0,15.0,2.0,7.0,14.0,7.0,6466850020.0,9580849.0,铁岭市银州区,铁岭市银州区岭东街道,20.0,30.0,15.0,20.0,85.0,81.7875,32.62038834951456,39.60348923533779
辽宁省,铁岭市,银州区,辽海街道,123.8305517,42.2761536,6.0,9.0,19.0,26.0,80.0,1.0,0.0,32.0,2.0,0.0,0.0,3.0,4.0,4.0,13.0,15.0,2.0,0.0,4.0,4.0,13.0,0.0,6.0,0.0,0.0,8.0,177.0,0.0,0.0,3.0,4.0,24.0,5.0,17.0,15.0,9.0,0.0,3.0,13.0,9.0,16.0,0.0,0.0,3.0,0.0,0.0,0.0,0.0,1.0,1.0,4.0,5.0,1.0,0.0,0.0,0.0,5.0,0.0,2.0,0.0,0.0,1.0,35.0,0.0,0.0,0.0,1.0,13.0,1.0,6.0,7.0,4.0,6466850019.0,9580848.0,铁岭市银州区,铁岭市银州区辽海街道,20.0,26.0,20.0,20.0,86.0,81.7875,32.62038834951456,39.60348923533779
辽宁省,铁岭市,银州区,龙山乡,123.8845283,42.279431,6.0,3.0,11.0,15.0,88.0,3.0,0.0,58.0,0.0,1.0,3.0,0.0,1.0,1.0,4.0,4.0,0.0,0.0,0.0,0.0,1.0,0.0,0.0,0.0,0.0,3.0,187.0,0.0,0.0,3.0,0.0,20.0,2.0,11.0,18.0,9.0,0.0,2.0,1.0,1.0,12.0,2.0,0.0,0.0,0.0,0.0,2.0,0.0,0.0,0.0,0.0,0.0,0.0,0.0,0.0,0.0,0.0,0.0,0.0,0.0,0.0,1.0,9.0,0.0,0.0,0.0,0.0,0.0,0.0,6.0,8.0,2.0,6466850021.0,9580850.0,铁岭市银州区,铁岭市银州区龙山乡,18.0,28.0,0.0,20.0,66.0,81.7875,32.62038834951456,39.60348923533779
辽宁省,铁岭市,清河区,红旗街道,124.1514651,42.5417087,0.0,18.0,11.0,35.0,91.0,7.0,0.0,0.0,1.0,0.0,0.0,0.0,1.0,1.0,4.0,4.0,0.0,0.0,0.0,1.0,6.0,0.0,3.0,0.0,0.0,4.0,108.0,0.0,0.0,4.0,0.0,4.0,1.0,7.0,7.0,9.0,0.0,3.0,7.0,12.0,25.0,0.0,0.0,0.0,0.0,0.0,0.0,0.0,0.0,0.0,2.0,2.0,0.0,0.0,0.0,0.0,4.0,0.0,0.0,0.0,0.0,2.0,29.0,0.0,0.0,0.0,0.0,2.0,0.0,3.0,5.0,4.0,6466118453.0,9578486.0,铁岭市清河区,铁岭市清河区红旗街道,19.0,25.5,5.0,18.1,67.6,56.36,32.62038834951456,39.60348923533779
辽宁省,铁岭市,清河区,向阳街道,124.1231435,42.5448992,0.0,13.0,12.0,33.0,83.0,3.0,0.0,0.0,1.0,0.0,0.0,0.0,1.0,1.0,4.0,4.0,0.0,0.0,0.0,1.0,5.0,0.0,2.0,0.0,0.0,4.0,208.0,0.0,0.0,5.0,0.0,4.0,1.0,6.0,7.0,8.0,0.0,8.0,6.0,4.0,5.0,1.0,0.0,0.0,1.0,0.0,0.0,0.0,0.0,0.0,2.0,2.0,0.0,0.0,0.0,0.0,0.0,0.0,0.0,0.0,0.0,1.0,47.0,0.0,0.0,0.0,0.0,0.0,0.0,3.0,5.0,0.0,6466118455.0,9578488.0,铁岭市清河区,铁岭市清河区向阳街道,19.0,25.5,5.0,20.0,69.5,56.36,32.62038834951456,39.60348923533779
辽宁省,铁岭市,清河区,张相镇,124.0908888,42.5398462,0.0,8.0,11.0,13.0,88.0,7.0,0.0,0.0,0.0,0.0,0.0,0.0,0.0,0.0,0.0,0.0,0.0,0.0,0.0,0.0,1.0,0.0,1.0,0.0,0.0,2.0,159.0,0.0,0.0,2.0,0.0,0.0,0.0,7.0,7.0,2.0,0.0,2.0,3.0,3.0,26.0,1.0,0.0,0.0,0.0,0.0,0.0,0.0,0.0,0.0,0.0,0.0,0.0,0.0,0.0,0.0,0.0,0.0,0.0,0.0,0.0,1.0,34.0,0.0,0.0,0.0,0.0,0.0,0.0,2.0,7.0,0.0,2293341001.0,9578490.0,铁岭市清河区,铁岭市清河区张相镇,17.0,23.5,0.0,17.0,57.5,56.36,32.62038834951456,39.60348923533779
辽宁省,铁岭市,清河区,杨木林子镇,124.1549185,42.5651374,0.0,8.0,7.0,25.0,156.0,6.0,0.0,0.0,0.0,0.0,0.0,0.0,1.0,1.0,4.0,4.0,0.0,0.0,0.0,0.0,7.0,0.0,1.0,0.0,0.0,3.0,31.0,0.0,0.0,1.0,0.0,2.0,0.0,6.0,7.0,7.0,0.0,1.0,0.0,2.0,59.0,2.0,0.0,0.0,0.0,0.0,0.0,0.0,0.0,0.0,0.0,0.0,0.0,0.0,0.0,0.0,2.0,0.0,1.0,0.0,0.0,1.0,0.0,0.0,0.0,0.0,0.0,0.0,0.0,2.0,5.0,4.0,2293340999.0,9578489.0,铁岭市清河区,铁岭市清河区杨木林子镇,18.0,23.5,0.0,6.7,48.2,56.36,32.62038834951456,39.60348923533779
辽宁省,铁岭市,清河区,聂家满族乡,124.3656983,42.4696714,0.0,0.0,2.0,4.0,57.0,0.0,0.0,0.0,0.0,0.0,0.0,0.0,0.0,0.0,0.0,0.0,0.0,0.0,0.0,0.0,0.0,0.0,0.0,0.0,0.0,1.0,0.0,0.0,0.0,0.0,0.0,0.0,0.0,1.0,5.0,1.0,0.0,0.0,2.0,2.0,17.0,0.0,0.0,0.0,0.0,0.0,0.0,0.0,0.0,0.0,0.0,0.0,0.0,0.0,0.0,0.0,0.0,0.0,0.0,0.0,0.0,1.0,0.0,0.0,0.0,0.0,0.0,0.0,0.0,1.0,4.0,0.0,3229440683.0,9578487.0,铁岭市清河区,铁岭市清河区聂家满族乡,16.0,22.5,0.0,0.5,39.0,56.36,32.62038834951456,39.60348923533779
辽宁省,铁岭市,铁岭县,新台子镇,123.6010338,42.1271479,0.0,9.0,6.0,17.0,21.0,0.0,0.0,0.0,1.0,0.0,0.0,0.0,0.0,0.0,1.0,1.0,0.0,0.0,0.0,0.0,0.0,0.0,13.0,0.0,0.0,2.0,30.0,0.0,0.0,0.0,0.0,0.0,0.0,7.0,5.0,2.0,0.0,0.0,6.0,3.0,18.0,0.0,0.0,0.0,1.0,0.0,0.0,0.0,0.0,0.0,0.0,0.0,0.0,0.0,0.0,0.0,0.0,0.0,0.0,0.0,0.0,1.0,0.0,0.0,0.0,0.0,0.0,0.0,0.0,7.0,3.0,0.0,1656306629.0,-1.0,铁岭市铁岭县,铁岭市铁岭县新台子镇,9.0,24.1,0.0,4.0,37.1,32.47857142857143,32.62038834951456,39.60348923533779
辽宁省,铁岭市,铁岭县,阿吉镇,123.5446906,42.2559647,0.0,0.0,2.0,0.0,15.0,0.0,0.0,0.0,0.0,0.0,0.0,0.0,0.0,0.0,0.0,0.0,0.0,0.0,0.0,0.0,3.0,0.0,3.0,0.0,0.0,2.0,0.0,0.0,0.0,0.0,0.0,0.0,0.0,2.0,3.0,4.0,0.0,0.0,2.0,0.0,12.0,0.0,0.0,0.0,0.0,0.0,0.0,0.0,0.0,0.0,0.0,0.0,0.0,0.0,0.0,0.0,1.0,0.0,0.0,0.0,0.0,1.0,0.0,0.0,0.0,0.0,0.0,0.0,0.0,1.0,3.0,1.0,3155885355.0,-1.0,铁岭市铁岭县,铁岭市铁岭县阿吉镇,9.0,13.1,0.0,2.0,24.1,32.47857142857143,32.62038834951456,39.60348923533779
辽宁省,铁岭市,铁岭县,平顶堡镇,123.9187125,42.3623944,3.0,0.0,0.0,2.0,91.0,11.0,0.0,0.0,1.0,0.0,0.0,0.0,0.0,0.0,0.0,0.0,0.0,0.0,0.0,0.0,0.0,0.0,0.0,0.0,0.0,2.0,19.0,0.0,0.0,0.0,0.0,5.0,0.0,8.0,7.0,6.0,1.0,0.0,0.0,0.0,49.0,1.0,0.0,0.0,1.0,0.0,0.0,0.0,0.0,0.0,0.0,0.0,0.0,0.0,0.0,0.0,0.0,0.0,0.0,0.0,0.0,1.0,8.0,0.0,0.0,0.0,0.0,0.0,0.0,5.0,5.0,0.0,2293332767.0,9582348.0,铁岭市铁岭县,铁岭市铁岭县平顶堡镇,17.0,25.5,0.0,5.7,48.2,32.47857142857143,32.62038834951456,39.60348923533779
辽宁省,铁岭市,铁岭县,大甸子镇,124.0990356,42.175915,0.0,2.0,0.0,2.0,33.0,0.0,0.0,0.0,0.0,0.0,0.0,0.0,0.0,0.0,0.0,0.0,0.0,0.0,0.0,0.0,0.0,0.0,0.0,0.0,0.0,1.0,0.0,0.0,0.0,0.0,0.0,0.0,0.0,2.0,5.0,2.0,0.0,1.0,0.0,1.0,27.0,0.0,0.0,0.0,0.0,0.0,0.0,0.0,0.0,0.0,0.0,0.0,0.0,0.0,0.0,0.0,0.0,0.0,0.0,0.0,0.0,1.0,0.0,0.0,0.0,0.0,0.0,0.0,0.0,1.0,5.0,2.0,3069805463.0,-1.0,铁岭市铁岭县,铁岭市铁岭县大甸子镇,8.0,22.5,0.0,1.0,31.5,32.47857142857143,32.62038834951456,39.60348923533779
辽宁省,铁岭市,铁岭县,凡河镇,123.726169,42.2381317,0.0,3.0,37.0,28.0,67.0,5.0,0.0,41.0,1.0,2.0,0.0,10.0,1.0,1.0,4.0,7.0,0.0,0.0,0.0,2.0,4.0,0.0,1.0,0.0,0.0,2.0,163.0,2.0,3.0,1.0,1.0,20.0,2.0,6.0,8.0,8.0,0.0,0.0,14.0,4.0,23.0,0.0,0.0,5.0,0.0,1.0,0.0,0.0,0.0,0.0,1.0,1.0,0.0,0.0,0.0,2.0,2.0,0.0,0.0,0.0,0.0,1.0,42.0,0.0,1.0,0.0,0.0,2.0,1.0,2.0,6.0,4.0,6497873547.0,9621934.0,铁岭市铁岭县,铁岭市铁岭县凡河镇,17.0,28.0,12.0,20.0,77.0,32.47857142857143,32.62038834951456,39.60348923533779
辽宁省,铁岭市,铁岭县,腰堡镇,123.6795943,42.166122,2.0,2.0,3.0,19.0,30.0,3.0,0.0,0.0,1.0,0.0,1.0,0.0,0.0,0.0,0.0,0.0,0.0,0.0,0.0,0.0,5.0,0.0,1.0,0.0,0.0,1.0,70.0,0.0,0.0,2.0,0.0,2.0,0.0,7.0,11.0,5.0,0.0,2.0,0.0,4.0,12.0,1.0,0.0,0.0,1.0,0.0,1.0,0.0,0.0,0.0,0.0,0.0,0.0,0.0,0.0,0.0,1.0,0.0,0.0,0.0,0.0,1.0,0.0,0.0,0.0,0.0,0.0,0.0,0.0,4.0,6.0,2.0,1656306625.0,-1.0,铁岭市铁岭县,铁岭市铁岭县腰堡镇,8.0,27.6,0.0,9.7,45.3,32.47857142857143,32.62038834951456,39.60348923533779
辽宁省,铁岭市,铁岭县,镇西堡镇,123.7588815,42.3600649,0.0,3.0,0.0,7.0,0.0,0.0,0.0,0.0,0.0,0.0,0.0,0.0,0.0,0.0,0.0,0.0,0.0,0.0,0.0,0.0,1.0,0.0,0.0,0.0,0.0,1.0,0.0,0.0,0.0,0.0,0.0,0.0,0.0,1.0,2.0,4.0,0.0,1.0,0.0,1.0,0.0,0.0,0.0,0.0,0.0,0.0,0.0,0.0,0.0,0.0,0.0,0.0,0.0,0.0,0.0,0.0,1.0,0.0,0.0,0.0,0.0,1.0,0.0,0.0,0.0,0.0,0.0,0.0,0.0,1.0,2.0,1.0,3158817469.0,-1.0,铁岭市铁岭县,铁岭市铁岭县镇西堡镇,8.0,11.0,0.0,2.0,21.0,32.47857142857143,32.62038834951456,39.60348923533779
辽宁省,铁岭市,铁岭县,蔡牛镇,123.6180286,42.3327258,0.0,0.0,2.0,1.0,1.0,0.0,0.0,0.0,0.0,0.0,0.0,0.0,0.0,0.0,0.0,0.0,0.0,0.0,0.0,0.0,0.0,0.0,0.0,0.0,0.0,1.0,0.0,0.0,0.0,0.0,0.0,0.0,0.0,3.0,3.0,0.0,0.0,0.0,1.0,0.0,1.0,0.0,0.0,0.0,0.0,0.0,0.0,0.0,0.0,0.0,0.0,0.0,0.0,0.0,0.0,0.0,0.0,0.0,0.0,0.0,0.0,1.0,0.0,0.0,0.0,0.0,0.0,0.0,0.0,1.0,2.0,0.0,3155902540.0,-1.0,铁岭市铁岭县,铁岭市铁岭县蔡牛镇,8.0,8.0,0.0,0.0,16.0,32.47857142857143,32.62038834951456,39.60348923533779
辽宁省,铁岭市,铁岭县,李千户镇,123.8780167,42.1339719,0.0,2.0,0.0,3.0,19.0,4.0,0.0,0.0,0.0,0.0,0.0,0.0,0.0,0.0,0.0,0.0,0.0,0.0,0.0,0.0,0.0,0.0,0.0,0.0,0.0,1.0,8.0,0.0,0.0,0.0,0.0,1.0,0.0,2.0,9.0,1.0,0.0,2.0,0.0,1.0,8.0,0.0,0.0,0.0,0.0,0.0,0.0,0.0,0.0,0.0,0.0,0.0,0.0,0.0,0.0,0.0,0.0,0.0,0.0,0.0,0.0,1.0,2.0,0.0,0.0,0.0,0.0,0.0,0.0,1.0,6.0,0.0,2279182743.0,-1.0,铁岭市铁岭县,铁岭市铁岭县李千户镇,8.0,18.2,0.0,1.5,27.7,32.47857142857143,32.62038834951456,39.60348923533779
辽宁省,铁岭市,铁岭县,熊官屯镇,123.9185923,42.2846751,0.0,3.0,1.0,4.0,28.0,0.0,0.0,0.0,0.0,0.0,0.0,0.0,0.0,0.0,0.0,0.0,0.0,0.0,0.0,0.0,0.0,0.0,0.0,0.0,0.0,2.0,19.0,0.0,0.0,0.0,0.0,0.0,0.0,5.0,5.0,2.0,0.0,0.0,1.0,1.0,13.0,0.0,0.0,0.0,0.0,0.0,0.0,0.0,0.0,0.0,0.0,0.0,0.0,0.0,0.0,0.0,0.0,0.0,0.0,0.0,0.0,1.0,8.0,0.0,0.0,0.0,0.0,0.0,0.0,1.0,4.0,2.0,2293332766.0,-1.0,铁岭市铁岭县,铁岭市铁岭县熊官屯镇,9.0,21.0,0.0,3.7,33.7,32.47857142857143,32.62038834951456,39.60348923533779
辽宁省,铁岭市,铁岭县,横道河子镇,123.8582971,42.036815,0.0,5.0,0.0,1.0,43.0,5.0,0.0,0.0,0.0,0.0,0.0,0.0,0.0,0.0,0.0,0.0,0.0,0.0,0.0,0.0,0.0,0.0,0.0,0.0,0.0,2.0,55.0,0.0,0.0,0.0,0.0,0.0,0.0,5.0,5.0,2.0,0.0,5.0,0.0,1.0,14.0,0.0,0.0,0.0,0.0,0.0,0.0,0.0,0.0,0.0,0.0,0.0,0.0,0.0,0.0,0.0,0.0,0.0,0.0,0.0,0.0,1.0,21.0,0.0,0.0,0.0,0.0,0.0,0.0,0.0,4.0,1.0,2279190753.0,-1.0,铁岭市铁岭县,铁岭市铁岭县横道河子镇,9.0,21.3,0.0,8.600000000000001,38.900000000000006,32.47857142857143,32.62038834951456,39.60348923533779
辽宁省,铁岭市,铁岭县,双井子镇,123.7022761,42.4682021,0.0,0.0,1.0,1.0,2.0,0.0,0.0,0.0,0.0,0.0,0.0,0.0,0.0,0.0,0.0,0.0,0.0,0.0,0.0,0.0,0.0,0.0,0.0,0.0,0.0,1.0,0.0,0.0,0.0,0.0,0.0,0.0,0.0,1.0,3.0,0.0,0.0,0.0,0.0,1.0,1.0,0.0,0.0,0.0,0.0,0.0,0.0,0.0,0.0,0.0,0.0,0.0,0.0,0.0,0.0,0.0,0.0,0.0,0.0,0.0,0.0,1.0,0.0,0.0,0.0,0.0,0.0,0.0,0.0,1.0,2.0,0.0,3158794026.0,-1.0,铁岭市铁岭县,铁岭市铁岭县双井子镇,8.0,8.2,0.0,0.0,16.2,32.47857142857143,32.62038834951456,39.60348923533779
辽宁省,铁岭市,铁岭县,鸡冠山乡,124.2937721,42.1036483,0.0,1.0,0.0,3.0,0.0,0.0,0.0,0.0,0.0,0.0,0.0,0.0,0.0,0.0,0.0,0.0,0.0,0.0,0.0,0.0,0.0,0.0,0.0,0.0,0.0,1.0,0.0,0.0,0.0,0.0,0.0,0.0,0.0,1.0,3.0,2.0,0.0,0.0,0.0,3.0,0.0,0.0,0.0,0.0,0.0,0.0,0.0,0.0,0.0,0.0,0.0,0.0,0.0,0.0,0.0,0.0,0.0,0.0,0.0,0.0,0.0,1.0,0.0,0.0,0.0,0.0,0.0,0.0,0.0,1.0,2.0,0.0,3391056994.0,-1.0,铁岭市铁岭县,铁岭市铁岭县鸡冠山乡,8.0,9.5,0.0,1.0,18.5,32.47857142857143,32.62038834951456,39.60348923533779
辽宁省,铁岭市,铁岭县,白旗寨满族乡,124.3052168,42.0576573,0.0,1.0,1.0,3.0,1.0,0.0,0.0,0.0,0.0,0.0,0.0,0.0,0.0,0.0,0.0,0.0,0.0,0.0,0.0,0.0,0.0,0.0,0.0,0.0,0.0,1.0,0.0,0.0,0.0,0.0,0.0,0.0,0.0,1.0,5.0,1.0,0.0,1.0,0.0,3.0,1.0,0.0,0.0,0.0,0.0,0.0,0.0,0.0,0.0,0.0,0.0,0.0,0.0,0.0,0.0,0.0,0.0,0.0,0.0,0.0,0.0,1.0,0.0,0.0,0.0,0.0,0.0,0.0,0.0,1.0,4.0,1.0,2880923724.0,-1.0,铁岭市铁岭县,铁岭市铁岭县白旗寨满族乡,8.0,11.0,0.0,0.5,19.5,32.47857142857143,32.62038834951456,39.60348923533779
辽宁省,铁岭市,西丰县,西丰镇,124.7187646,42.734509,7.0,7.0,6.0,22.0,37.0,0.0,0.0,0.0,3.0,0.0,0.0,0.0,0.0,0.0,0.0,0.0,0.0,0.0,0.0,0.0,3.0,0.0,1.0,0.0,0.0,1.0,13.0,0.0,0.0,1.0,0.0,2.0,0.0,2.0,9.0,6.0,4.0,6.0,5.0,10.0,19.0,0.0,0.0,0.0,0.0,0.0,0.0,0.0,0.0,0.0,0.0,0.0,0.0,0.0,0.0,0.0,1.0,0.0,0.0,0.0,0.0,1.0,8.0,0.0,0.0,0.0,0.0,2.0,0.0,2.0,8.0,5.0,244082114.0,-1.0,铁岭市西丰县,铁岭市西丰县西丰镇,8.0,26.0,0.0,5.2,39.2,20.33888888888889,32.62038834951456,39.60348923533779
辽宁省,铁岭市,西丰县,平岗镇,124.896185,42.8896137,0.0,0.0,2.0,2.0,13.0,0.0,0.0,0.0,0.0,0.0,0.0,0.0,0.0,0.0,0.0,0.0,0.0,0.0,0.0,0.0,3.0,0.0,2.0,0.0,0.0,1.0,1.0,0.0,0.0,0.0,0.0,0.0,0.0,1.0,4.0,5.0,0.0,0.0,2.0,2.0,4.0,0.0,0.0,0.0,0.0,0.0,0.0,0.0,0.0,0.0,0.0,0.0,0.0,0.0,0.0,0.0,3.0,0.0,1.0,0.0,0.0,1.0,1.0,0.0,0.0,0.0,0.0,0.0,0.0,1.0,4.0,4.0,2284328591.0,-1.0,铁岭市西丰县,铁岭市西丰县平岗镇,8.0,12.8,0.0,2.7,23.5,20.33888888888889,32.62038834951456,39.60348923533779
辽宁省,铁岭市,西丰县,郜家店镇,124.4752177,42.7134954,0.0,1.0,2.0,0.0,64.0,0.0,0.0,0.0,0.0,0.0,0.0,0.0,0.0,0.0,0.0,0.0,0.0,0.0,0.0,0.0,0.0,0.0,1.0,0.0,0.0,2.0,17.0,0.0,0.0,0.0,0.0,0.0,0.0,1.0,6.0,2.0,0.0,1.0,2.0,0.0,34.0,0.0,0.0,0.0,0.0,0.0,0.0,0.0,0.0,0.0,0.0,0.0,0.0,0.0,0.0,0.0,0.0,0.0,1.0,0.0,0.0,1.0,9.0,0.0,0.0,0.0,0.0,0.0,0.0,1.0,6.0,1.0,5177448458.0,-1.0,铁岭市西丰县,铁岭市西丰县郜家店镇,9.0,23.0,0.0,3.6,35.6,20.33888888888889,32.62038834951456,39.60348923533779
辽宁省,铁岭市,西丰县,凉泉镇,124.6895972,42.5648762,0.0,0.0,1.0,0.0,0.0,0.0,0.0,0.0,0.0,0.0,0.0,0.0,0.0,0.0,0.0,0.0,0.0,0.0,0.0,0.0,0.0,0.0,0.0,0.0,0.0,2.0,0.0,0.0,0.0,0.0,0.0,0.0,0.0,1.0,1.0,0.0,0.0,0.0,1.0,0.0,0.0,0.0,0.0,0.0,0.0,0.0,0.0,0.0,0.0,0.0,0.0,0.0,0.0,0.0,0.0,0.0,0.0,0.0,0.0,0.0,0.0,1.0,0.0,0.0,0.0,0.0,0.0,0.0,0.0,1.0,1.0,0.0,2284320657.0,-1.0,铁岭市西丰县,铁岭市西丰县凉泉镇,9.0,5.5,0.0,0.0,14.5,20.33888888888889,32.62038834951456,39.60348923533779
辽宁省,铁岭市,西丰县,振兴镇,124.9506941,42.627049,0.0,0.0,3.0,2.0,12.0,0.0,0.0,0.0,0.0,0.0,0.0,0.0,0.0,0.0,0.0,0.0,0.0,0.0,0.0,0.0,0.0,0.0,0.0,0.0,0.0,1.0,5.0,0.0,0.0,0.0,0.0,0.0,0.0,1.0,4.0,1.0,0.0,0.0,2.0,1.0,5.0,0.0,0.0,0.0,0.0,0.0,0.0,0.0,0.0,0.0,0.0,0.0,0.0,0.0,0.0,0.0,0.0,0.0,0.0,0.0,0.0,1.0,3.0,0.0,0.0,0.0,0.0,0.0,0.0,1.0,4.0,1.0,2284320658.0,-1.0,铁岭市西丰县,铁岭市西丰县振兴镇,8.0,12.9,0.0,1.3,22.2,20.33888888888889,32.62038834951456,39.60348923533779
辽宁省,铁岭市,西丰县,安民镇,124.8923154,42.7518917,1.0,0.0,0.0,1.0,14.0,0.0,0.0,0.0,0.0,0.0,0.0,0.0,0.0,0.0,0.0,0.0,0.0,0.0,0.0,0.0,0.0,0.0,0.0,0.0,0.0,1.0,59.0,0.0,0.0,0.0,0.0,0.0,0.0,1.0,6.0,1.0,1.0,0.0,0.0,1.0,3.0,0.0,0.0,0.0,0.0,0.0,0.0,0.0,0.0,0.0,0.0,0.0,0.0,0.0,0.0,0.0,0.0,0.0,0.0,0.0,0.0,1.0,18.0,0.0,0.0,0.0,0.0,0.0,0.0,1.0,6.0,1.0,2284328532.0,-1.0,铁岭市西丰县,铁岭市西丰县安民镇,8.0,12.7,0.0,8.2,28.9,20.33888888888889,32.62038834951456,39.60348923533779
辽宁省,铁岭市,西丰县,天德镇,124.7482772,43.0630042,4.0,0.0,0.0,2.0,11.0,0.0,0.0,1.0,0.0,0.0,0.0,0.0,0.0,0.0,0.0,0.0,0.0,0.0,0.0,0.0,1.0,0.0,0.0,0.0,0.0,1.0,11.0,0.0,0.0,0.0,0.0,0.0,0.0,9.0,8.0,1.0,1.0,0.0,0.0,1.0,4.0,0.0,0.0,0.0,0.0,0.0,0.0,0.0,0.0,0.0,0.0,0.0,0.0,0.0,0.0,0.0,1.0,0.0,0.0,0.0,0.0,1.0,0.0,0.0,0.0,0.0,0.0,0.0,0.0,8.0,3.0,1.0,2288683163.0,-1.0,铁岭市西丰县,铁岭市西丰县天德镇,8.0,14.4,0.0,1.6,24.0,20.33888888888889,32.62038834951456,39.60348923533779
辽宁省,铁岭市,西丰县,房木镇,124.6140576,42.6038946,1.0,0.0,2.0,0.0,2.0,0.0,0.0,0.0,0.0,0.0,0.0,0.0,0.0,0.0,0.0,0.0,0.0,0.0,0.0,0.0,0.0,0.0,0.0,0.0,0.0,2.0,2.0,0.0,0.0,0.0,0.0,0.0,0.0,1.0,3.0,1.0,1.0,0.0,1.0,0.0,2.0,0.0,0.0,0.0,0.0,0.0,0.0,0.0,0.0,0.0,0.0,0.0,0.0,0.0,0.0,0.0,0.0,0.0,0.0,0.0,0.0,1.0,2.0,0.0,0.0,0.0,0.0,0.0,0.0,1.0,3.0,1.0,2284312004.0,-1.0,铁岭市西丰县,铁岭市西丰县房木镇,9.0,7.5,0.0,0.9,17.4,20.33888888888889,32.62038834951456,39.60348923533779
辽宁省,铁岭市,西丰县,柏榆镇,124.7414543,42.936493,0.0,0.0,0.0,1.0,1.0,0.0,0.0,0.0,0.0,0.0,0.0,0.0,0.0,0.0,0.0,0.0,0.0,0.0,0.0,0.0,0.0,0.0,0.0,0.0,0.0,1.0,0.0,0.0,0.0,0.0,0.0,0.0,0.0,1.0,2.0,1.0,0.0,0.0,0.0,1.0,1.0,0.0,0.0,0.0,0.0,0.0,0.0,0.0,0.0,0.0,0.0,0.0,0.0,0.0,0.0,0.0,0.0,0.0,0.0,0.0,0.0,1.0,0.0,0.0,0.0,0.0,0.0,0.0,0.0,1.0,2.0,1.0,3331947489.0,-1.0,铁岭市西丰县,铁岭市西丰县柏榆镇,8.0,2.5,0.0,0.5,11.0,20.33888888888889,32.62038834951456,39.60348923533779
辽宁省,铁岭市,西丰县,陶然镇,124.7606994,42.767368,0.0,1.0,0.0,0.0,1.0,0.0,0.0,0.0,0.0,0.0,0.0,0.0,0.0,0.0,0.0,0.0,0.0,0.0,0.0,0.0,1.0,0.0,0.0,0.0,0.0,1.0,0.0,0.0,0.0,0.0,0.0,0.0,0.0,1.0,2.0,2.0,0.0,1.0,0.0,0.0,0.0,0.0,0.0,0.0,0.0,0.0,0.0,0.0,0.0,0.0,0.0,0.0,0.0,0.0,0.0,0.0,0.0,0.0,0.0,0.0,0.0,1.0,0.0,0.0,0.0,0.0,0.0,0.0,0.0,1.0,1.0,1.0,2284322767.0,-1.0,铁岭市西丰县,铁岭市西丰县陶然镇,8.0,6.2,0.0,1.0,15.2,20.33888888888889,32.62038834951456,39.60348923533779
辽宁省,铁岭市,西丰县,钓鱼镇,124.6308614,42.8161047,0.0,0.0,0.0,1.0,0.0,0.0,0.0,0.0,0.0,0.0,0.0,0.0,0.0,0.0,0.0,0.0,0.0,0.0,0.0,0.0,0.0,0.0,0.0,0.0,0.0,1.0,0.0,0.0,0.0,0.0,0.0,0.0,0.0,1.0,1.0,0.0,0.0,0.0,0.0,1.0,0.0,0.0,0.0,0.0,0.0,0.0,0.0,0.0,0.0,0.0,0.0,0.0,0.0,0.0,0.0,0.0,0.0,0.0,0.0,0.0,0.0,1.0,0.0,0.0,0.0,0.0,0.0,0.0,0.0,1.0,1.0,0.0,-1.0,-1.0,铁岭市西丰县,铁岭市西丰县钓鱼镇,1.0,1.5,0.0,0.0,2.5,20.33888888888889,32.62038834951456,39.60348923533779
辽宁省,铁岭市,西丰县,更刻镇,124.7568885,42.7200659,5.0,6.0,1.0,6.0,22.0,0.0,0.0,0.0,0.0,0.0,0.0,0.0,0.0,0.0,0.0,0.0,0.0,0.0,0.0,0.0,1.0,0.0,0.0,0.0,0.0,1.0,4.0,0.0,0.0,0.0,0.0,1.0,0.0,1.0,8.0,4.0,0.0,0.0,1.0,1.0,0.0,0.0,0.0,0.0,0.0,0.0,0.0,0.0,0.0,0.0,0.0,0.0,0.0,0.0,0.0,0.0,0.0,0.0,0.0,0.0,0.0,1.0,0.0,0.0,0.0,0.0,0.0,0.0,0.0,1.0,3.0,1.0,2284320660.0,-1.0,铁岭市西丰县,铁岭市西丰县更刻镇,8.0,18.4,0.0,2.4,28.799999999999997,20.33888888888889,32.62038834951456,39.60348923533779
辽宁省,铁岭市,西丰县,德兴满族乡,124.674678,42.8805422,0.0,0.0,0.0,1.0,0.0,0.0,0.0,0.0,0.0,0.0,0.0,0.0,0.0,0.0,0.0,0.0,0.0,0.0,0.0,0.0,0.0,0.0,0.0,0.0,0.0,1.0,0.0,0.0,0.0,0.0,0.0,0.0,0.0,1.0,1.0,1.0,0.0,0.0,0.0,1.0,0.0,0.0,0.0,0.0,0.0,0.0,0.0,0.0,0.0,0.0,0.0,0.0,0.0,0.0,0.0,0.0,0.0,0.0,0.0,0.0,0.0,1.0,0.0,0.0,0.0,0.0,0.0,0.0,0.0,1.0,1.0,0.0,3331934918.0,-1.0,铁岭市西丰县,铁岭市西丰县德兴满族乡,8.0,1.5,0.0,0.5,10.0,20.33888888888889,32.62038834951456,39.60348923533779
辽宁省,铁岭市,西丰县,明德满族乡,124.5035102,42.7637784,0.0,0.0,0.0,1.0,2.0,0.0,0.0,0.0,0.0,0.0,0.0,0.0,0.0,0.0,0.0,0.0,0.0,0.0,0.0,0.0,0.0,0.0,0.0,0.0,0.0,1.0,0.0,0.0,0.0,0.0,0.0,0.0,0.0,1.0,2.0,0.0,0.0,0.0,0.0,1.0,1.0,0.0,0.0,0.0,0.0,0.0,0.0,0.0,0.0,0.0,0.0,0.0,0.0,0.0,0.0,0.0,0.0,0.0,0.0,0.0,0.0,1.0,0.0,0.0,0.0,0.0,0.0,0.0,0.0,1.0,2.0,0.0,3331917049.0,-1.0,铁岭市西丰县,铁岭市西丰县明德满族乡,8.0,2.7,0.0,0.0,10.7,20.33888888888889,32.62038834951456,39.60348923533779
辽宁省,铁岭市,西丰县,成平满族乡,124.3718943,42.637163,0.0,0.0,1.0,2.0,27.0,0.0,0.0,0.0,0.0,0.0,0.0,0.0,0.0,0.0,0.0,0.0,0.0,0.0,0.0,0.0,5.0,0.0,0.0,0.0,0.0,1.0,1.0,0.0,0.0,1.0,0.0,0.0,0.0,1.0,4.0,5.0,0.0,0.0,1.0,2.0,9.0,0.0,0.0,0.0,0.0,0.0,0.0,0.0,0.0,0.0,0.0,0.0,0.0,0.0,0.0,0.0,2.0,0.0,0.0,0.0,0.0,1.0,0.0,0.0,0.0,1.0,0.0,0.0,0.0,1.0,3.0,4.0,6466175537.0,-1.0,铁岭市西丰县,铁岭市西丰县成平满族乡,8.0,17.1,0.0,2.8,27.900000000000002,20.33888888888889,32.62038834951456,39.60348923533779
辽宁省,铁岭市,西丰县,和隆满族乡,124.8491818,42.5227805,0.0,0.0,1.0,0.0,0.0,0.0,0.0,0.0,0.0,0.0,0.0,0.0,0.0,0.0,0.0,0.0,0.0,0.0,0.0,0.0,0.0,0.0,0.0,0.0,0.0,2.0,0.0,0.0,0.0,0.0,0.0,0.0,0.0,1.0,1.0,0.0,0.0,0.0,1.0,0.0,0.0,0.0,0.0,0.0,0.0,0.0,0.0,0.0,0.0,0.0,0.0,0.0,0.0,0.0,0.0,0.0,0.0,0.0,0.0,0.0,0.0,1.0,0.0,0.0,0.0,0.0,0.0,0.0,0.0,1.0,1.0,0.0,2487546720.0,-1.0,铁岭市西丰县,铁岭市西丰县和隆满族乡,9.0,5.5,0.0,0.0,14.5,20.33888888888889,32.62038834951456,39.60348923533779
辽宁省,铁岭市,西丰县,营厂满族乡,124.9480033,42.4325192,0.0,0.0,1.0,1.0,0.0,0.0,0.0,0.0,0.0,0.0,0.0,0.0,0.0,0.0,0.0,0.0,0.0,0.0,0.0,0.0,0.0,0.0,0.0,0.0,0.0,2.0,0.0,0.0,0.0,0.0,0.0,0.0,0.0,1.0,2.0,1.0,0.0,0.0,1.0,0.0,0.0,0.0,0.0,0.0,0.0,0.0,0.0,0.0,0.0,0.0,0.0,0.0,0.0,0.0,0.0,0.0,0.0,0.0,0.0,0.0,0.0,1.0,0.0,0.0,0.0,0.0,0.0,0.0,0.0,1.0,1.0,1.0,2487546725.0,9578664.0,铁岭市西丰县,铁岭市西丰县营厂满族乡,17.0,7.0,0.0,0.5,24.5,20.33888888888889,32.62038834951456,39.60348923533779
辽宁省,铁岭市,西丰县,金星满族乡,124.8257234,42.6531897,0.0,0.0,2.0,1.0,1.0,0.0,0.0,0.0,0.0,0.0,0.0,0.0,0.0,0.0,0.0,0.0,0.0,0.0,0.0,0.0,0.0,0.0,0.0,0.0,0.0,1.0,0.0,0.0,0.0,0.0,0.0,0.0,0.0,1.0,3.0,0.0,0.0,0.0,1.0,0.0,0.0,0.0,0.0,0.0,0.0,0.0,0.0,0.0,0.0,0.0,0.0,0.0,0.0,0.0,0.0,0.0,0.0,0.0,0.0,0.0,0.0,1.0,0.0,0.0,0.0,0.0,0.0,0.0,0.0,1.0,1.0,0.0,2487546721.0,-1.0,铁岭市西丰县,铁岭市西丰县金星满族乡,8.0,7.7,0.0,0.0,15.7,20.33888888888889,32.62038834951456,39.60348923533779
辽宁省,铁岭市,昌图县,昌图镇,124.106553,42.784398,6.0,14.0,21.0,31.0,146.0,6.0,0.0,1.0,1.0,0.0,0.0,0.0,0.0,0.0,0.0,0.0,0.0,0.0,0.0,1.0,2.0,0.0,0.0,0.0,0.0,1.0,38.0,0.0,0.0,2.0,0.0,1.0,0.0,6.0,12.0,3.0,0.0,1.0,10.0,11.0,37.0,0.0,0.0,0.0,1.0,0.0,0.0,0.0,0.0,0.0,0.0,0.0,0.0,0.0,0.0,1.0,0.0,0.0,0.0,0.0,0.0,0.0,4.0,0.0,0.0,0.0,0.0,1.0,0.0,1.0,5.0,1.0,-1.0,-1.0,铁岭市昌图县,铁岭市昌图县昌图镇,1.0,26.0,1.0,5.9,33.9,25.915151515151518,32.62038834951456,39.60348923533779
辽宁省,铁岭市,昌图县,老城镇,123.9933214,42.7847641,0.0,1.0,4.0,3.0,5.0,2.0,0.0,0.0,0.0,0.0,0.0,0.0,0.0,0.0,0.0,0.0,0.0,0.0,0.0,0.0,0.0,0.0,0.0,0.0,0.0,1.0,0.0,0.0,0.0,0.0,0.0,0.0,0.0,1.0,5.0,0.0,0.0,1.0,2.0,0.0,3.0,0.0,0.0,0.0,0.0,0.0,0.0,0.0,0.0,0.0,0.0,0.0,0.0,0.0,0.0,0.0,0.0,0.0,0.0,0.0,0.0,1.0,0.0,0.0,0.0,0.0,0.0,0.0,0.0,1.0,3.0,0.0,2284125829.0,-1.0,铁岭市昌图县,铁岭市昌图县老城镇,8.0,12.4,0.0,0.0,20.4,25.915151515151518,32.62038834951456,39.60348923533779
辽宁省,铁岭市,昌图县,八面城镇,124.0446973,43.2004598,5.0,4.0,1.0,0.0,15.0,0.0,0.0,0.0,1.0,0.0,4.0,0.0,0.0,0.0,0.0,0.0,0.0,0.0,0.0,0.0,0.0,0.0,0.0,0.0,0.0,1.0,1.0,0.0,0.0,1.0,0.0,0.0,0.0,2.0,5.0,1.0,1.0,1.0,0.0,0.0,12.0,0.0,0.0,0.0,0.0,0.0,0.0,0.0,0.0,0.0,0.0,0.0,0.0,0.0,0.0,0.0,0.0,0.0,0.0,0.0,0.0,1.0,0.0,0.0,0.0,1.0,0.0,0.0,0.0,1.0,4.0,0.0,2288687954.0,-1.0,铁岭市昌图县,铁岭市昌图县八面城镇,8.0,18.1,0.0,0.8,26.900000000000002,25.915151515151518,32.62038834951456,39.60348923533779
辽宁省,铁岭市,昌图县,三江口镇,123.7155238,43.3651512,2.0,0.0,1.0,3.0,31.0,1.0,0.0,7.0,3.0,0.0,2.0,0.0,0.0,0.0,0.0,0.0,0.0,0.0,0.0,0.0,1.0,0.0,1.0,1.0,0.0,5.0,6.0,0.0,0.0,1.0,0.0,0.0,0.0,12.0,8.0,5.0,1.0,0.0,0.0,2.0,22.0,0.0,0.0,7.0,3.0,0.0,0.0,0.0,0.0,0.0,0.0,0.0,0.0,0.0,0.0,0.0,1.0,0.0,0.0,0.0,0.0,1.0,1.0,0.0,0.0,1.0,0.0,0.0,0.0,2.0,6.0,2.0,882790004.0,-1.0,铁岭市昌图县,铁岭市昌图县三江口镇,12.0,28.0,0.0,3.4,43.4,25.915151515151518,32.62038834951456,39.60348923533779
辽宁省,铁岭市,昌图县,金家镇,123.7082914,42.7993074,0.0,3.0,2.0,1.0,0.0,0.0,0.0,0.0,0.0,0.0,0.0,0.0,0.0,0.0,0.0,0.0,0.0,0.0,0.0,0.0,0.0,0.0,0.0,0.0,0.0,2.0,0.0,0.0,0.0,0.0,0.0,0.0,0.0,1.0,4.0,0.0,0.0,3.0,2.0,1.0,0.0,0.0,0.0,0.0,0.0,0.0,0.0,0.0,0.0,0.0,0.0,0.0,0.0,0.0,0.0,0.0,0.0,0.0,0.0,0.0,0.0,1.0,0.0,0.0,0.0,0.0,0.0,0.0,0.0,1.0,3.0,0.0,2283818896.0,-1.0,铁岭市昌图县,铁岭市昌图县金家镇,9.0,8.0,0.0,0.0,17.0,25.915151515151518,32.62038834951456,39.60348923533779
辽宁省,铁岭市,昌图县,宝力镇,123.7941833,42.9204601,0.0,6.0,7.0,4.0,31.0,0.0,0.0,0.0,0.0,0.0,2.0,0.0,0.0,0.0,0.0,0.0,0.0,0.0,0.0,0.0,3.0,0.0,0.0,0.0,0.0,1.0,8.0,0.0,0.0,0.0,0.0,0.0,0.0,1.0,5.0,3.0,0.0,3.0,5.0,1.0,25.0,0.0,0.0,0.0,0.0,0.0,1.0,0.0,0.0,0.0,0.0,0.0,0.0,0.0,0.0,0.0,3.0,0.0,0.0,0.0,0.0,1.0,0.0,0.0,0.0,0.0,0.0,0.0,0.0,1.0,5.0,2.0,3216879802.0,-1.0,铁岭市昌图县,铁岭市昌图县宝力镇,8.0,24.5,0.0,2.3,34.8,25.915151515151518,32.62038834951456,39.60348923533779
辽宁省,铁岭市,昌图县,泉头镇,124.171398,42.8663217,3.0,0.0,3.0,1.0,4.0,0.0,0.0,0.0,0.0,0.0,1.0,0.0,0.0,0.0,0.0,0.0,0.0,0.0,0.0,0.0,2.0,0.0,1.0,0.0,0.0,1.0,0.0,0.0,0.0,3.0,0.0,0.0,0.0,6.0,5.0,4.0,3.0,0.0,0.0,1.0,0.0,0.0,0.0,0.0,0.0,0.0,0.0,0.0,0.0,0.0,0.0,0.0,0.0,0.0,0.0,0.0,1.0,0.0,0.0,0.0,0.0,1.0,0.0,0.0,0.0,0.0,0.0,0.0,0.0,3.0,2.0,2.0,2293344435.0,-1.0,铁岭市昌图县,铁岭市昌图县泉头镇,8.0,11.3,0.0,2.3,21.6,25.915151515151518,32.62038834951456,39.60348923533779
辽宁省,铁岭市,昌图县,双庙子镇,124.2034434,42.9516561,1.0,0.0,0.0,8.0,3.0,0.0,0.0,0.0,1.0,0.0,0.0,0.0,0.0,0.0,0.0,0.0,0.0,0.0,0.0,0.0,0.0,0.0,1.0,0.0,0.0,1.0,0.0,0.0,0.0,2.0,0.0,0.0,0.0,3.0,4.0,1.0,1.0,0.0,0.0,5.0,3.0,0.0,0.0,0.0,1.0,0.0,0.0,0.0,0.0,0.0,0.0,0.0,0.0,0.0,0.0,0.0,0.0,0.0,1.0,0.0,0.0,1.0,0.0,0.0,0.0,1.0,0.0,0.0,0.0,3.0,4.0,1.0,2293344431.0,-1.0,铁岭市昌图县,铁岭市昌图县双庙子镇,8.0,15.5,0.0,0.8,24.3,25.915151515151518,32.62038834951456,39.60348923533779
辽宁省,铁岭市,昌图县,亮中桥镇,123.8582443,42.7383874,0.0,4.0,4.0,1.0,16.0,0.0,0.0,0.0,0.0,0.0,0.0,0.0,0.0,0.0,0.0,0.0,0.0,0.0,0.0,0.0,4.0,0.0,1.0,0.0,0.0,2.0,1.0,0.0,0.0,1.0,0.0,0.0,0.0,1.0,6.0,4.0,0.0,4.0,2.0,0.0,10.0,0.0,0.0,0.0,0.0,0.0,0.0,0.0,0.0,0.0,0.0,0.0,0.0,0.0,0.0,0.0,3.0,0.0,0.0,0.0,0.0,1.0,1.0,0.0,0.0,1.0,0.0,0.0,0.0,1.0,5.0,3.0,2284125839.0,-1.0,铁岭市昌图县,铁岭市昌图县亮中桥镇,9.0,15.2,0.0,2.4,26.599999999999998,25.915151515151518,32.62038834951456,39.60348923533779
辽宁省,铁岭市,昌图县,马仲河镇,124.030366,42.7119577,1.0,0.0,0.0,4.0,28.0,0.0,0.0,0.0,1.0,0.0,0.0,0.0,0.0,0.0,0.0,0.0,0.0,0.0,0.0,0.0,0.0,0.0,1.0,0.0,0.0,1.0,42.0,0.0,0.0,0.0,0.0,0.0,0.0,7.0,5.0,1.0,1.0,0.0,0.0,2.0,12.0,0.0,0.0,0.0,1.0,0.0,0.0,0.0,0.0,0.0,0.0,0.0,0.0,0.0,0.0,0.0,0.0,0.0,1.0,0.0,0.0,1.0,0.0,0.0,0.0,0.0,0.0,0.0,0.0,3.0,3.0,1.0,2284141261.0,-1.0,铁岭市昌图县,铁岭市昌图县马仲河镇,8.0,22.7,0.0,4.7,35.4,25.915151515151518,32.62038834951456,39.60348923533779
辽宁省,铁岭市,昌图县,毛家店镇,124.291561,43.0425919,1.0,0.0,0.0,1.0,1.0,0.0,0.0,0.0,1.0,0.0,0.0,0.0,0.0,0.0,0.0,0.0,0.0,0.0,0.0,0.0,0.0,0.0,0.0,0.0,0.0,1.0,0.0,0.0,0.0,2.0,0.0,0.0,0.0,3.0,5.0,0.0,1.0,0.0,0.0,0.0,0.0,0.0,0.0,0.0,1.0,0.0,0.0,0.0,0.0,0.0,0.0,0.0,0.0,0.0,0.0,0.0,0.0,0.0,0.0,0.0,0.0,1.0,0.0,0.0,0.0,1.0,0.0,0.0,0.0,3.0,2.0,0.0,2293345373.0,-1.0,铁岭市昌图县,铁岭市昌图县毛家店镇,8.0,10.7,0.0,0.30000000000000004,19.0,25.915151515151518,32.62038834951456,39.60348923533779
辽宁省,铁岭市,昌图县,老四平镇,124.2623252,43.1837394,6.0,1.0,1.0,3.0,5.0,8.0,0.0,0.0,1.0,0.0,0.0,0.0,0.0,0.0,0.0,0.0,0.0,0.0,0.0,0.0,0.0,0.0,1.0,0.0,0.0,1.0,10.0,0.0,0.0,8.0,0.0,1.0,0.0,9.0,7.0,3.0,1.0,0.0,1.0,0.0,3.0,1.0,0.0,0.0,1.0,0.0,0.0,0.0,0.0,0.0,0.0,0.0,0.0,0.0,0.0,0.0,0.0,0.0,1.0,0.0,0.0,1.0,6.0,0.0,0.0,8.0,0.0,1.0,0.0,9.0,5.0,2.0,2288687949.0,-1.0,铁岭市昌图县,铁岭市昌图县老四平镇,8.0,15.4,0.0,4.7,28.099999999999998,25.915151515151518,32.62038834951456,39.60348923533779
辽宁省,铁岭市,昌图县,大洼镇,123.9346265,43.0923927,0.0,3.0,3.0,0.0,8.0,0.0,0.0,0.0,0.0,0.0,0.0,0.0,0.0,0.0,0.0,0.0,0.0,0.0,0.0,0.0,0.0,0.0,1.0,0.0,0.0,3.0,0.0,0.0,0.0,0.0,0.0,0.0,0.0,1.0,4.0,3.0,0.0,1.0,3.0,0.0,7.0,0.0,0.0,0.0,0.0,0.0,0.0,0.0,0.0,0.0,0.0,0.0,0.0,0.0,0.0,0.0,0.0,0.0,1.0,0.0,0.0,1.0,0.0,0.0,0.0,0.0,0.0,0.0,0.0,1.0,4.0,2.0,3285418535.0,-1.0,铁岭市昌图县,铁岭市昌图县大洼镇,10.0,10.7,0.0,1.5,22.2,25.915151515151518,32.62038834951456,39.60348923533779
辽宁省,铁岭市,昌图县,头道镇,123.8494234,42.8601824,0.0,0.0,7.0,4.0,27.0,5.0,0.0,0.0,0.0,0.0,2.0,0.0,0.0,0.0,0.0,0.0,0.0,0.0,0.0,0.0,4.0,0.0,3.0,1.0,0.0,1.0,4.0,0.0,0.0,1.0,0.0,0.0,0.0,1.0,7.0,4.0,0.0,0.0,3.0,2.0,15.0,0.0,0.0,0.0,0.0,0.0,0.0,0.0,0.0,0.0,0.0,0.0,0.0,0.0,0.0,0.0,2.0,0.0,1.0,0.0,0.0,1.0,0.0,0.0,0.0,0.0,0.0,0.0,0.0,1.0,4.0,3.0,3216885963.0,-1.0,铁岭市昌图县,铁岭市昌图县头道镇,8.0,24.4,0.0,2.5,34.9,25.915151515151518,32.62038834951456,39.60348923533779
辽宁省,铁岭市,昌图县,鴜鷺树镇,124.1398006,43.0090467,0.0,0.0,2.0,2.0,1.0,0.0,0.0,0.0,0.0,0.0,1.0,0.0,0.0,0.0,0.0,0.0,0.0,0.0,0.0,0.0,1.0,0.0,0.0,0.0,0.0,1.0,0.0,0.0,0.0,0.0,0.0,0.0,0.0,1.0,5.0,1.0,0.0,0.0,2.0,0.0,1.0,0.0,0.0,0.0,0.0,0.0,1.0,0.0,0.0,0.0,0.0,0.0,0.0,0.0,0.0,0.0,1.0,0.0,0.0,0.0,0.0,1.0,0.0,0.0,0.0,0.0,0.0,0.0,0.0,1.0,2.0,1.0,3331992502.0,-1.0,铁岭市昌图县,铁岭市昌图县鴜鷺树镇,8.0,12.0,0.0,0.5,20.5,25.915151515151518,32.62038834951456,39.60348923533779
辽宁省,铁岭市,昌图县,傅家镇,123.813218,43.2840008,1.0,0.0,1.0,7.0,25.0,0.0,0.0,0.0,0.0,0.0,1.0,0.0,0.0,0.0,0.0,0.0,0.0,0.0,0.0,0.0,0.0,0.0,0.0,0.0,0.0,2.0,10.0,0.0,0.0,0.0,0.0,0.0,0.0,1.0,5.0,0.0,1.0,0.0,1.0,2.0,17.0,0.0,0.0,0.0,0.0,0.0,1.0,0.0,0.0,0.0,0.0,0.0,0.0,0.0,0.0,0.0,0.0,0.0,0.0,0.0,0.0,1.0,4.0,0.0,0.0,0.0,0.0,0.0,0.0,1.0,5.0,0.0,2288624922.0,-1.0,铁岭市昌图县,铁岭市昌图县傅家镇,9.0,24.5,0.0,1.4000000000000001,34.9,25.915151515151518,32.62038834951456,39.60348923533779
辽宁省,铁岭市,昌图县,四合镇,124.0597429,43.0412322,0.0,0.0,5.0,1.0,8.0,0.0,0.0,0.0,0.0,0.0,0.0,0.0,0.0,0.0,0.0,0.0,0.0,0.0,0.0,0.0,0.0,0.0,1.0,0.0,0.0,1.0,1.0,0.0,0.0,0.0,0.0,0.0,0.0,1.0,4.0,3.0,0.0,0.0,2.0,1.0,7.0,0.0,0.0,0.0,0.0,0.0,0.0,0.0,0.0,0.0,0.0,0.0,0.0,0.0,0.0,0.0,0.0,0.0,1.0,0.0,0.0,1.0,1.0,0.0,0.0,0.0,0.0,0.0,0.0,1.0,3.0,3.0,3285409812.0,-1.0,铁岭市昌图县,铁岭市昌图县四合镇,8.0,11.7,0.0,1.7,21.4,25.915151515151518,32.62038834951456,39.60348923533779
辽宁省,铁岭市,昌图县,朝阳镇,124.0733388,43.1167507,0.0,0.0,1.0,4.0,7.0,0.0,0.0,0.0,0.0,0.0,0.0,0.0,0.0,0.0,0.0,0.0,0.0,0.0,0.0,0.0,1.0,0.0,1.0,0.0,0.0,1.0,1.0,0.0,0.0,0.0,0.0,0.0,0.0,1.0,4.0,4.0,0.0,0.0,1.0,3.0,6.0,0.0,0.0,0.0,0.0,0.0,0.0,0.0,0.0,0.0,0.0,0.0,0.0,0.0,0.0,0.0,1.0,0.0,1.0,0.0,0.0,1.0,1.0,0.0,0.0,0.0,0.0,0.0,0.0,1.0,4.0,3.0,3332031641.0,-1.0,铁岭市昌图县,铁岭市昌图县朝阳镇,8.0,14.2,0.0,2.2,24.4,25.915151515151518,32.62038834951456,39.60348923533779
辽宁省,铁岭市,昌图县,古榆树镇,123.6595845,43.1501376,0.0,0.0,3.0,2.0,26.0,2.0,0.0,0.0,0.0,0.0,0.0,0.0,0.0,0.0,0.0,0.0,0.0,0.0,0.0,0.0,7.0,0.0,1.0,0.0,0.0,3.0,0.0,0.0,0.0,0.0,0.0,0.0,0.0,8.0,5.0,3.0,0.0,0.0,2.0,1.0,19.0,2.0,0.0,0.0,0.0,0.0,0.0,0.0,0.0,0.0,0.0,0.0,0.0,0.0,0.0,0.0,4.0,0.0,0.0,0.0,0.0,1.0,0.0,0.0,0.0,0.0,0.0,0.0,0.0,1.0,5.0,1.0,2288624916.0,-1.0,铁岭市昌图县,铁岭市昌图县古榆树镇,10.0,20.4,0.0,1.5,31.9,25.915151515151518,32.62038834951456,39.60348923533779
辽宁省,铁岭市,昌图县,七家子镇,123.7171225,42.9951763,0.0,0.0,6.0,3.0,22.0,0.0,0.0,0.0,0.0,0.0,0.0,0.0,0.0,0.0,0.0,0.0,0.0,0.0,0.0,0.0,1.0,0.0,0.0,0.0,0.0,3.0,0.0,0.0,0.0,0.0,0.0,0.0,0.0,1.0,4.0,4.0,0.0,0.0,4.0,1.0,15.0,0.0,0.0,0.0,0.0,0.0,0.0,0.0,0.0,0.0,0.0,0.0,0.0,0.0,0.0,0.0,1.0,0.0,0.0,0.0,0.0,1.0,0.0,0.0,0.0,0.0,0.0,0.0,0.0,1.0,3.0,3.0,6458635052.0,-1.0,铁岭市昌图县,铁岭市昌图县七家子镇,10.0,18.9,0.0,2.0,30.9,25.915151515151518,32.62038834951456,39.60348923533779
辽宁省,铁岭市,昌图县,东嘎镇,123.8653321,42.9963469,0.0,3.0,3.0,2.0,8.0,0.0,0.0,0.0,0.0,0.0,0.0,0.0,0.0,0.0,0.0,0.0,0.0,0.0,0.0,0.0,0.0,0.0,1.0,0.0,0.0,1.0,1.0,0.0,0.0,0.0,0.0,0.0,0.0,1.0,5.0,3.0,0.0,3.0,3.0,0.0,4.0,0.0,0.0,0.0,0.0,0.0,0.0,0.0,0.0,0.0,0.0,0.0,0.0,0.0,0.0,0.0,0.0,0.0,1.0,0.0,0.0,1.0,1.0,0.0,0.0,0.0,0.0,0.0,0.0,1.0,3.0,2.0,3379049258.0,-1.0,铁岭市昌图县,铁岭市昌图县东嘎镇,8.0,12.3,0.0,1.7,22.0,25.915151515151518,32.62038834951456,39.60348923533779
辽宁省,铁岭市,昌图县,四面城镇,123.9934816,42.9311672,0.0,0.0,7.0,5.0,37.0,1.0,0.0,0.0,0.0,0.0,0.0,0.0,0.0,0.0,0.0,0.0,0.0,0.0,0.0,0.0,1.0,0.0,0.0,0.0,0.0,1.0,28.0,0.0,0.0,0.0,0.0,0.0,0.0,1.0,7.0,3.0,0.0,0.0,5.0,2.0,8.0,0.0,0.0,0.0,0.0,0.0,0.0,0.0,0.0,0.0,0.0,0.0,0.0,0.0,0.0,0.0,0.0,0.0,0.0,0.0,0.0,1.0,19.0,0.0,0.0,0.0,0.0,0.0,0.0,1.0,6.0,1.0,3285409837.0,-1.0,铁岭市昌图县,铁岭市昌图县四面城镇,8.0,23.3,0.0,6.2,37.5,25.915151515151518,32.62038834951456,39.60348923533779
辽宁省,铁岭市,昌图县,前双井镇,123.81811,43.075697,0.0,0.0,0.0,9.0,18.0,0.0,0.0,0.0,0.0,0.0,0.0,0.0,0.0,0.0,0.0,0.0,0.0,0.0,0.0,0.0,3.0,0.0,1.0,0.0,0.0,3.0,0.0,0.0,0.0,0.0,0.0,0.0,0.0,1.0,3.0,3.0,0.0,0.0,0.0,5.0,5.0,0.0,0.0,0.0,0.0,0.0,0.0,0.0,0.0,0.0,0.0,0.0,0.0,0.0,0.0,0.0,1.0,0.0,1.0,0.0,0.0,1.0,0.0,0.0,0.0,0.0,0.0,0.0,0.0,1.0,3.0,2.0,6458635051.0,-1.0,铁岭市昌图县,铁岭市昌图县前双井镇,10.0,11.6,0.0,1.5,23.1,25.915151515151518,32.62038834951456,39.60348923533779
辽宁省,铁岭市,昌图县,通江口镇,123.7096341,42.6249998,1.0,2.0,0.0,0.0,42.0,0.0,0.0,0.0,0.0,0.0,0.0,0.0,0.0,0.0,0.0,0.0,0.0,0.0,0.0,0.0,0.0,0.0,0.0,0.0,0.0,1.0,0.0,0.0,0.0,0.0,0.0,0.0,0.0,1.0,3.0,0.0,1.0,1.0,0.0,0.0,1.0,0.0,0.0,0.0,0.0,0.0,0.0,0.0,0.0,0.0,0.0,0.0,0.0,0.0,0.0,0.0,0.0,0.0,0.0,0.0,0.0,1.0,0.0,0.0,0.0,0.0,0.0,0.0,0.0,1.0,3.0,0.0,2283825880.0,-1.0,铁岭市昌图县,铁岭市昌图县通江口镇,8.0,15.200000000000001,0.0,0.0,23.200000000000003,25.915151515151518,32.62038834951456,39.60348923533779
辽宁省,铁岭市,昌图县,大四家子镇,123.639098,42.7555771,0.0,1.0,1.0,6.0,32.0,0.0,0.0,0.0,0.0,0.0,0.0,0.0,0.0,0.0,0.0,0.0,0.0,0.0,0.0,0.0,0.0,0.0,1.0,0.0,0.0,2.0,0.0,0.0,0.0,0.0,0.0,0.0,0.0,1.0,5.0,4.0,0.0,0.0,1.0,1.0,30.0,0.0,0.0,0.0,0.0,0.0,0.0,0.0,0.0,0.0,0.0,0.0,0.0,0.0,0.0,0.0,0.0,0.0,0.0,0.0,0.0,1.0,0.0,0.0,0.0,0.0,0.0,0.0,0.0,1.0,4.0,2.0,2283818889.0,-1.0,铁岭市昌图县,铁岭市昌图县大四家子镇,9.0,22.5,0.0,2.0,33.5,25.915151515151518,32.62038834951456,39.60348923533779
辽宁省,铁岭市,昌图县,曲家店镇,123.9287872,43.2218109,3.0,0.0,0.0,10.0,20.0,0.0,0.0,0.0,1.0,0.0,1.0,0.0,0.0,0.0,0.0,0.0,0.0,0.0,0.0,0.0,7.0,0.0,5.0,0.0,0.0,2.0,1.0,0.0,0.0,0.0,0.0,0.0,0.0,2.0,4.0,4.0,1.0,0.0,0.0,6.0,12.0,0.0,0.0,0.0,1.0,0.0,1.0,0.0,0.0,0.0,0.0,0.0,0.0,0.0,0.0,0.0,4.0,0.0,3.0,0.0,0.0,1.0,0.0,0.0,0.0,0.0,0.0,0.0,0.0,2.0,4.0,4.0,2288689240.0,-1.0,铁岭市昌图县,铁岭市昌图县曲家店镇,9.0,23.6,0.0,2.1,34.7,25.915151515151518,32.62038834951456,39.60348923533779
辽宁省,铁岭市,昌图县,十八家子镇,123.7529183,42.6669737,0.0,1.0,1.0,1.0,2.0,0.0,0.0,0.0,0.0,0.0,0.0,0.0,0.0,0.0,0.0,0.0,0.0,0.0,0.0,0.0,0.0,0.0,0.0,0.0,0.0,1.0,0.0,0.0,0.0,0.0,0.0,0.0,0.0,1.0,4.0,0.0,0.0,1.0,1.0,0.0,0.0,0.0,0.0,0.0,0.0,0.0,0.0,0.0,0.0,0.0,0.0,0.0,0.0,0.0,0.0,0.0,0.0,0.0,0.0,0.0,0.0,1.0,0.0,0.0,0.0,0.0,0.0,0.0,0.0,1.0,2.0,0.0,2284125834.0,-1.0,铁岭市昌图县,铁岭市昌图县十八家子镇,8.0,8.4,0.0,0.0,16.4,25.915151515151518,32.62038834951456,39.60348923533779
辽宁省,铁岭市,昌图县,太平镇,124.0493468,42.8727381,0.0,0.0,1.0,1.0,0.0,0.0,0.0,0.0,0.0,0.0,0.0,0.0,0.0,0.0,0.0,0.0,0.0,0.0,0.0,0.0,0.0,0.0,0.0,0.0,0.0,1.0,0.0,0.0,0.0,0.0,0.0,0.0,0.0,1.0,2.0,0.0,0.0,0.0,1.0,1.0,0.0,0.0,0.0,0.0,0.0,0.0,0.0,0.0,0.0,0.0,0.0,0.0,0.0,0.0,0.0,0.0,0.0,0.0,0.0,0.0,0.0,1.0,0.0,0.0,0.0,0.0,0.0,0.0,0.0,1.0,2.0,0.0,-1.0,-1.0,铁岭市昌图县,铁岭市昌图县太平镇,1.0,7.0,0.0,0.0,8.0,25.915151515151518,32.62038834951456,39.60348923533779
辽宁省,铁岭市,昌图县,下二台镇,124.2922358,42.9492356,0.0,0.0,0.0,1.0,3.0,0.0,0.0,0.0,0.0,0.0,0.0,0.0,0.0,0.0,0.0,0.0,0.0,0.0,0.0,0.0,0.0,0.0,0.0,0.0,0.0,1.0,0.0,0.0,0.0,1.0,0.0,0.0,0.0,3.0,3.0,1.0,0.0,0.0,0.0,1.0,1.0,0.0,0.0,0.0,0.0,0.0,0.0,0.0,0.0,0.0,0.0,0.0,0.0,0.0,0.0,0.0,0.0,0.0,0.0,0.0,0.0,1.0,0.0,0.0,0.0,0.0,0.0,0.0,0.0,1.0,2.0,0.0,3331986640.0,-1.0,铁岭市昌图县,铁岭市昌图县下二台镇,8.0,3.4000000000000004,0.0,0.6,12.0,25.915151515151518,32.62038834951456,39.60348923533779
辽宁省,铁岭市,昌图县,平安堡镇,124.1874809,43.20076,1.0,0.0,0.0,0.0,14.0,0.0,0.0,0.0,0.0,0.0,1.0,0.0,0.0,0.0,0.0,0.0,0.0,0.0,0.0,0.0,0.0,0.0,0.0,0.0,0.0,1.0,0.0,0.0,0.0,0.0,0.0,0.0,0.0,1.0,3.0,0.0,1.0,0.0,0.0,0.0,6.0,0.0,0.0,0.0,0.0,0.0,1.0,0.0,0.0,0.0,0.0,0.0,0.0,0.0,0.0,0.0,0.0,0.0,0.0,0.0,0.0,1.0,0.0,0.0,0.0,0.0,0.0,0.0,0.0,1.0,3.0,0.0,-1.0,-1.0,铁岭市昌图县,铁岭市昌图县平安堡镇,1.0,13.1,0.0,0.0,14.1,25.915151515151518,32.62038834951456,39.60348923533779
辽宁省,铁岭市,昌图县,大兴镇,123.8434377,42.7875852,0.0,0.0,9.0,1.0,15.0,1.0,0.0,0.0,0.0,0.0,1.0,0.0,0.0,0.0,0.0,0.0,0.0,0.0,0.0,0.0,6.0,0.0,2.0,0.0,0.0,2.0,7.0,0.0,0.0,1.0,0.0,0.0,0.0,1.0,5.0,4.0,0.0,0.0,5.0,1.0,11.0,0.0,0.0,0.0,0.0,0.0,0.0,0.0,0.0,0.0,0.0,0.0,0.0,0.0,0.0,0.0,2.0,0.0,2.0,0.0,0.0,1.0,5.0,0.0,0.0,1.0,0.0,0.0,0.0,1.0,4.0,4.0,3403297714.0,-1.0,铁岭市昌图县,铁岭市昌图县大兴镇,9.0,16.8,0.0,3.4000000000000004,29.200000000000003,25.915151515151518,32.62038834951456,39.60348923533779
辽宁省,铁岭市,昌图县,后窑镇,123.6329746,42.8656973,0.0,1.0,0.0,1.0,3.0,0.0,0.0,0.0,0.0,0.0,0.0,0.0,0.0,0.0,0.0,0.0,0.0,0.0,0.0,0.0,0.0,0.0,0.0,0.0,0.0,2.0,0.0,0.0,0.0,0.0,0.0,0.0,0.0,6.0,3.0,1.0,0.0,1.0,0.0,0.0,0.0,0.0,0.0,0.0,0.0,0.0,0.0,0.0,0.0,0.0,0.0,0.0,0.0,0.0,0.0,0.0,0.0,0.0,0.0,0.0,0.0,1.0,0.0,0.0,0.0,0.0,0.0,0.0,0.0,1.0,1.0,0.0,2294722941.0,-1.0,铁岭市昌图县,铁岭市昌图县后窑镇,9.0,8.1,0.0,0.5,17.6,25.915151515151518,32.62038834951456,39.60348923533779
辽宁省,铁岭市,昌图县,长发镇,123.6723472,42.9209934,0.0,1.0,1.0,3.0,38.0,0.0,0.0,0.0,0.0,0.0,0.0,0.0,0.0,0.0,0.0,0.0,0.0,0.0,0.0,0.0,1.0,0.0,0.0,0.0,0.0,1.0,1.0,0.0,0.0,1.0,0.0,0.0,0.0,1.0,5.0,1.0,0.0,1.0,0.0,3.0,16.0,0.0,0.0,0.0,0.0,0.0,0.0,0.0,0.0,0.0,0.0,0.0,0.0,0.0,0.0,0.0,1.0,0.0,0.0,0.0,0.0,1.0,1.0,0.0,0.0,1.0,0.0,0.0,0.0,1.0,3.0,1.0,6458635049.0,-1.0,铁岭市昌图县,铁岭市昌图县长发镇,8.0,22.5,0.0,0.9,31.4,25.915151515151518,32.62038834951456,39.60348923533779
辽宁省,铁岭市,调兵山市,兀术街街道,123.5396316,42.4458365,3.0,7.0,9.0,20.0,86.0,4.0,0.0,31.0,1.0,1.0,0.0,0.0,0.0,0.0,0.0,0.0,1.0,0.0,0.0,4.0,2.0,0.0,2.0,0.0,0.0,3.0,4.0,0.0,0.0,4.0,2.0,9.0,0.0,3.0,11.0,5.0,0.0,0.0,6.0,13.0,54.0,1.0,0.0,10.0,1.0,1.0,0.0,0.0,0.0,0.0,0.0,0.0,0.0,0.0,0.0,1.0,1.0,0.0,1.0,0.0,0.0,2.0,3.0,0.0,0.0,0.0,0.0,6.0,0.0,3.0,9.0,4.0,6466924149.0,9580944.0,铁岭市调兵山市,铁岭市调兵山市兀术街街道,18.0,28.0,1.0,3.6,50.6,32.019999999999996,32.62038834951456,39.60348923533779
辽宁省,铁岭市,调兵山市,调兵山街道,123.5640075,42.4655656,3.0,2.0,3.0,9.0,59.0,6.0,0.0,21.0,1.0,1.0,0.0,0.0,0.0,0.0,0.0,0.0,1.0,0.0,0.0,3.0,1.0,0.0,3.0,0.0,0.0,3.0,4.0,0.0,0.0,3.0,2.0,3.0,0.0,4.0,9.0,6.0,1.0,0.0,1.0,3.0,10.0,4.0,0.0,0.0,0.0,0.0,0.0,0.0,0.0,0.0,0.0,0.0,0.0,0.0,0.0,0.0,1.0,0.0,0.0,0.0,0.0,1.0,1.0,0.0,0.0,0.0,0.0,1.0,0.0,1.0,7.0,2.0,6466924148.0,9580943.0,铁岭市调兵山市,铁岭市调兵山市调兵山街道,18.0,28.0,0.0,3.8,49.8,32.019999999999996,32.62038834951456,39.60348923533779
辽宁省,铁岭市,调兵山市,晓明镇,123.6674158,42.4111818,0.0,1.0,1.0,1.0,3.0,0.0,0.0,2.0,0.0,0.0,0.0,0.0,0.0,0.0,0.0,0.0,0.0,0.0,0.0,0.0,0.0,0.0,1.0,0.0,0.0,1.0,1.0,0.0,0.0,2.0,0.0,0.0,0.0,3.0,5.0,2.0,0.0,1.0,0.0,0.0,1.0,0.0,0.0,2.0,0.0,0.0,0.0,0.0,0.0,0.0,0.0,0.0,0.0,0.0,0.0,0.0,0.0,0.0,0.0,0.0,0.0,1.0,1.0,0.0,0.0,0.0,0.0,0.0,0.0,3.0,3.0,0.0,3158820284.0,-1.0,铁岭市调兵山市,铁岭市调兵山市晓明镇,8.0,9.4,0.0,1.4,18.799999999999997,32.019999999999996,32.62038834951456,39.60348923533779
辽宁省,铁岭市,调兵山市,大明镇,123.6327325,42.5360213,1.0,0.0,1.0,1.0,8.0,0.0,0.0,0.0,0.0,0.0,0.0,0.0,0.0,0.0,0.0,0.0,0.0,0.0,0.0,0.0,1.0,0.0,2.0,0.0,0.0,2.0,3.0,0.0,0.0,7.0,0.0,3.0,0.0,7.0,6.0,4.0,1.0,0.0,0.0,1.0,1.0,0.0,0.0,0.0,0.0,0.0,0.0,0.0,0.0,0.0,0.0,0.0,0.0,0.0,0.0,0.0,0.0,0.0,0.0,0.0,0.0,1.0,2.0,0.0,0.0,0.0,0.0,3.0,0.0,5.0,3.0,1.0,2283857294.0,-1.0,铁岭市调兵山市,铁岭市调兵山市大明镇,9.0,10.9,0.0,3.2,23.099999999999998,32.019999999999996,32.62038834951456,39.60348923533779
辽宁省,铁岭市,调兵山市,晓南镇,123.5952418,42.3584992,0.0,0.0,1.0,2.0,1.0,0.0,0.0,0.0,0.0,0.0,0.0,0.0,0.0,0.0,0.0,0.0,0.0,0.0,0.0,0.0,1.0,0.0,0.0,0.0,0.0,1.0,0.0,0.0,0.0,1.0,0.0,0.0,0.0,3.0,3.0,2.0,0.0,0.0,0.0,1.0,0.0,0.0,0.0,0.0,0.0,0.0,0.0,0.0,0.0,0.0,0.0,0.0,0.0,0.0,0.0,0.0,0.0,0.0,0.0,0.0,0.0,1.0,0.0,0.0,0.0,0.0,0.0,0.0,0.0,1.0,1.0,0.0,6466924150.0,-1.0,铁岭市调兵山市,铁岭市调兵山市晓南镇,8.0,8.7,0.0,1.1,17.8,32.019999999999996,32.62038834951456,39.60348923533779
辽宁省,铁岭市,开原市,新城街道,124.0350815,42.5388878,26.0,8.0,39.0,54.0,173.0,14.0,0.0,2.0,1.0,1.0,0.0,0.0,0.0,0.0,0.0,0.0,0.0,0.0,0.0,0.0,4.0,0.0,2.0,0.0,0.0,2.0,62.0,0.0,1.0,0.0,0.0,0.0,0.0,10.0,14.0,3.0,10.0,0.0,14.0,19.0,56.0,2.0,0.0,2.0,1.0,1.0,0.0,0.0,0.0,0.0,0.0,0.0,0.0,0.0,0.0,0.0,1.0,0.0,0.0,0.0,0.0,2.0,1.0,0.0,1.0,0.0,0.0,0.0,0.0,4.0,8.0,1.0,6466444044.0,9579072.0,铁岭市开原市,铁岭市开原市新城街道,17.0,28.0,0.0,7.800000000000001,52.8,29.384999999999998,32.62038834951456,39.60348923533779
辽宁省,铁岭市,开原市,老城街道,124.0787009,42.5991378,6.0,4.0,0.0,8.0,52.0,0.0,0.0,0.0,0.0,0.0,0.0,0.0,0.0,0.0,0.0,0.0,0.0,0.0,0.0,0.0,4.0,0.0,0.0,0.0,0.0,1.0,0.0,0.0,0.0,1.0,0.0,1.0,0.0,7.0,7.0,4.0,5.0,3.0,0.0,2.0,16.0,0.0,0.0,0.0,0.0,0.0,0.0,0.0,0.0,0.0,0.0,0.0,0.0,0.0,0.0,0.0,0.0,0.0,0.0,0.0,0.0,1.0,0.0,0.0,0.0,1.0,0.0,0.0,0.0,2.0,7.0,2.0,2293340998.0,-1.0,铁岭市开原市,铁岭市开原市老城街道,8.0,23.5,0.0,2.2,33.7,29.384999999999998,32.62038834951456,39.60348923533779
辽宁省,铁岭市,开原市,开原街道,124.0520466,42.5004979,9.0,0.0,2.0,6.0,87.0,0.0,0.0,0.0,0.0,0.0,0.0,0.0,0.0,0.0,0.0,0.0,0.0,0.0,0.0,0.0,2.0,0.0,2.0,0.0,0.0,2.0,8.0,0.0,0.0,0.0,0.0,0.0,0.0,7.0,7.0,2.0,1.0,0.0,0.0,0.0,0.0,0.0,0.0,0.0,0.0,0.0,0.0,0.0,0.0,0.0,0.0,0.0,0.0,0.0,0.0,0.0,0.0,0.0,1.0,0.0,0.0,1.0,0.0,0.0,0.0,0.0,0.0,0.0,0.0,1.0,1.0,1.0,6466444045.0,-1.0,铁岭市开原市,铁岭市开原市开原街道,9.0,23.5,0.0,1.8,34.3,29.384999999999998,32.62038834951456,39.60348923533779
辽宁省,铁岭市,开原市,威远堡镇,124.2656701,42.6729064,0.0,3.0,3.0,7.0,58.0,0.0,0.0,0.0,0.0,0.0,0.0,0.0,0.0,0.0,0.0,0.0,0.0,0.0,0.0,0.0,4.0,0.0,3.0,0.0,0.0,1.0,8.0,0.0,0.0,1.0,0.0,0.0,0.0,3.0,9.0,5.0,0.0,3.0,1.0,4.0,38.0,0.0,0.0,0.0,0.0,0.0,0.0,0.0,0.0,0.0,0.0,0.0,0.0,0.0,0.0,0.0,3.0,0.0,3.0,0.0,0.0,1.0,0.0,0.0,0.0,0.0,0.0,0.0,0.0,1.0,6.0,4.0,2293341000.0,9579071.0,铁岭市开原市,铁岭市开原市威远堡镇,16.0,24.0,0.0,3.4,43.4,29.384999999999998,32.62038834951456,39.60348923533779
辽宁省,铁岭市,开原市,庆云堡镇,123.8518897,42.5494497,4.0,0.0,3.0,0.0,25.0,0.0,0.0,0.0,0.0,0.0,0.0,0.0,0.0,0.0,0.0,0.0,0.0,0.0,0.0,0.0,2.0,0.0,0.0,0.0,0.0,1.0,0.0,0.0,0.0,0.0,0.0,0.0,0.0,1.0,5.0,3.0,4.0,0.0,0.0,0.0,24.0,0.0,0.0,0.0,0.0,0.0,0.0,0.0,0.0,0.0,0.0,0.0,0.0,0.0,0.0,0.0,2.0,0.0,0.0,0.0,0.0,1.0,0.0,0.0,0.0,0.0,0.0,0.0,0.0,1.0,4.0,3.0,2284141252.0,-1.0,铁岭市开原市,铁岭市开原市庆云堡镇,8.0,19.7,0.0,1.5,29.2,29.384999999999998,32.62038834951456,39.60348923533779
辽宁省,铁岭市,开原市,中固镇,124.0004233,42.4332581,3.0,0.0,2.0,0.0,154.0,3.0,0.0,2.0,1.0,0.0,0.0,0.0,0.0,0.0,0.0,0.0,0.0,0.0,0.0,0.0,0.0,0.0,1.0,0.0,0.0,1.0,0.0,0.0,0.0,0.0,0.0,0.0,0.0,5.0,8.0,2.0,1.0,0.0,1.0,0.0,39.0,3.0,0.0,2.0,1.0,0.0,0.0,0.0,0.0,0.0,0.0,0.0,0.0,0.0,0.0,0.0,0.0,0.0,1.0,0.0,0.0,1.0,0.0,0.0,0.0,0.0,0.0,0.0,0.0,3.0,6.0,1.0,2293339242.0,-1.0,铁岭市开原市,铁岭市开原市中固镇,8.0,26.0,0.0,1.0,35.0,29.384999999999998,32.62038834951456,39.60348923533779
辽宁省,铁岭市,开原市,八棵树镇,124.5131293,42.4664989,1.0,0.0,1.0,0.0,118.0,0.0,0.0,0.0,0.0,0.0,0.0,0.0,0.0,0.0,0.0,0.0,0.0,0.0,0.0,0.0,0.0,0.0,0.0,0.0,0.0,2.0,0.0,0.0,0.0,1.0,0.0,0.0,0.0,1.0,5.0,1.0,0.0,0.0,1.0,0.0,4.0,0.0,0.0,0.0,0.0,0.0,0.0,0.0,0.0,0.0,0.0,0.0,0.0,0.0,0.0,0.0,0.0,0.0,0.0,0.0,0.0,1.0,0.0,0.0,0.0,0.0,0.0,0.0,0.0,1.0,2.0,0.0,2284300436.0,9579067.0,铁岭市开原市,铁岭市开原市八棵树镇,17.0,22.5,0.0,0.6,40.1,29.384999999999998,32.62038834951456,39.60348923533779
辽宁省,铁岭市,开原市,金沟子镇,124.0004111,42.6278968,3.0,0.0,4.0,4.0,74.0,1.0,0.0,0.0,0.0,0.0,1.0,0.0,0.0,0.0,0.0,0.0,0.0,0.0,0.0,0.0,0.0,0.0,2.0,0.0,0.0,1.0,2.0,0.0,0.0,0.0,0.0,0.0,0.0,5.0,10.0,2.0,3.0,0.0,4.0,0.0,20.0,1.0,0.0,0.0,0.0,0.0,1.0,0.0,0.0,0.0,0.0,0.0,0.0,0.0,0.0,0.0,0.0,0.0,2.0,0.0,0.0,1.0,1.0,0.0,0.0,0.0,0.0,0.0,0.0,3.0,5.0,1.0,2284141259.0,-1.0,铁岭市开原市,铁岭市开原市金沟子镇,8.0,26.0,0.0,1.3,35.3,29.384999999999998,32.62038834951456,39.60348923533779
辽宁省,铁岭市,开原市,八宝镇,123.9178076,42.5662669,2.0,1.0,4.0,4.0,156.0,0.0,0.0,0.0,1.0,0.0,0.0,0.0,0.0,0.0,0.0,0.0,0.0,0.0,0.0,0.0,2.0,0.0,0.0,0.0,0.0,1.0,2.0,0.0,0.0,2.0,0.0,0.0,0.0,2.0,5.0,2.0,2.0,1.0,1.0,2.0,68.0,0.0,0.0,0.0,0.0,0.0,0.0,0.0,0.0,0.0,0.0,0.0,0.0,0.0,0.0,0.0,0.0,0.0,0.0,0.0,0.0,1.0,0.0,0.0,0.0,0.0,0.0,0.0,0.0,1.0,5.0,0.0,2284141281.0,-1.0,铁岭市开原市,铁岭市开原市八宝镇,8.0,24.5,0.0,1.4,33.9,29.384999999999998,32.62038834951456,39.60348923533779
辽宁省,铁岭市,开原市,业民镇,123.9406851,42.5066993,0.0,0.0,1.0,1.0,55.0,0.0,0.0,1.0,0.0,0.0,0.0,0.0,0.0,0.0,0.0,0.0,0.0,0.0,0.0,0.0,4.0,0.0,0.0,0.0,0.0,1.0,0.0,0.0,0.0,0.0,0.0,0.0,0.0,1.0,5.0,4.0,0.0,0.0,1.0,0.0,26.0,0.0,0.0,0.0,0.0,0.0,0.0,0.0,0.0,0.0,0.0,0.0,0.0,0.0,0.0,0.0,2.0,0.0,0.0,0.0,0.0,1.0,0.0,0.0,0.0,0.0,0.0,0.0,0.0,1.0,3.0,2.0,2293339240.0,-1.0,铁岭市开原市,铁岭市开原市业民镇,8.0,22.5,0.0,2.0,32.5,29.384999999999998,32.62038834951456,39.60348923533779
辽宁省,铁岭市,开原市,莲花镇,124.4046977,42.826131,0.0,0.0,1.0,4.0,0.0,0.0,0.0,0.0,0.0,0.0,0.0,0.0,0.0,0.0,0.0,0.0,0.0,0.0,0.0,0.0,0.0,0.0,0.0,0.0,0.0,1.0,0.0,0.0,0.0,0.0,0.0,0.0,0.0,1.0,2.0,1.0,0.0,0.0,1.0,4.0,0.0,0.0,0.0,0.0,0.0,0.0,0.0,0.0,0.0,0.0,0.0,0.0,0.0,0.0,0.0,0.0,0.0,0.0,0.0,0.0,0.0,1.0,0.0,0.0,0.0,0.0,0.0,0.0,0.0,1.0,2.0,1.0,2293344427.0,9579068.0,铁岭市开原市,铁岭市开原市莲花镇,16.0,10.0,0.0,0.5,26.5,29.384999999999998,32.62038834951456,39.60348923533779
辽宁省,铁岭市,开原市,靠山镇,124.2267946,42.2780823,0.0,3.0,1.0,2.0,0.0,1.0,0.0,0.0,0.0,0.0,1.0,0.0,0.0,0.0,0.0,0.0,0.0,0.0,0.0,0.0,0.0,0.0,0.0,1.0,0.0,1.0,1.0,0.0,0.0,0.0,0.0,0.0,0.0,1.0,4.0,2.0,0.0,1.0,1.0,2.0,0.0,1.0,0.0,0.0,0.0,0.0,1.0,0.0,0.0,0.0,0.0,0.0,0.0,0.0,0.0,0.0,0.0,0.0,0.0,1.0,0.0,1.0,1.0,0.0,0.0,0.0,0.0,0.0,0.0,1.0,4.0,2.0,3069805518.0,-1.0,铁岭市开原市,铁岭市开原市靠山镇,8.0,11.0,0.0,1.2,20.2,29.384999999999998,32.62038834951456,39.60348923533779
辽宁省,铁岭市,开原市,马家寨镇,124.056651,42.3557374,0.0,0.0,5.0,4.0,11.0,0.0,0.0,0.0,0.0,0.0,0.0,0.0,0.0,0.0,0.0,0.0,0.0,0.0,0.0,0.0,0.0,0.0,0.0,0.0,0.0,1.0,2.0,0.0,0.0,0.0,0.0,0.0,0.0,3.0,4.0,2.0,0.0,0.0,5.0,0.0,11.0,0.0,0.0,0.0,0.0,0.0,0.0,0.0,0.0,0.0,0.0,0.0,0.0,0.0,0.0,0.0,0.0,0.0,0.0,0.0,0.0,1.0,2.0,0.0,0.0,0.0,0.0,0.0,0.0,1.0,3.0,2.0,2293332768.0,-1.0,铁岭市开原市,铁岭市开原市马家寨镇,8.0,16.5,0.0,1.4,25.9,29.384999999999998,32.62038834951456,39.60348923533779
辽宁省,铁岭市,开原市,下肥镇,124.365243,42.3036633,0.0,1.0,0.0,0.0,0.0,0.0,0.0,0.0,0.0,0.0,1.0,0.0,0.0,0.0,0.0,0.0,0.0,0.0,0.0,0.0,1.0,0.0,0.0,0.0,0.0,1.0,1.0,0.0,0.0,0.0,0.0,0.0,0.0,1.0,1.0,2.0,0.0,1.0,0.0,0.0,0.0,0.0,0.0,0.0,0.0,0.0,1.0,0.0,0.0,0.0,0.0,0.0,0.0,0.0,0.0,0.0,1.0,0.0,0.0,0.0,0.0,1.0,1.0,0.0,0.0,0.0,0.0,0.0,0.0,1.0,1.0,2.0,2284228084.0,-1.0,铁岭市开原市,铁岭市开原市下肥镇,8.0,7.5,0.0,1.2,16.7,29.384999999999998,32.62038834951456,39.60348923533779
辽宁省,铁岭市,开原市,松山镇,124.164691,42.3976172,1.0,0.0,0.0,7.0,14.0,0.0,0.0,0.0,0.0,0.0,0.0,0.0,0.0,0.0,0.0,0.0,0.0,0.0,0.0,0.0,0.0,0.0,0.0,0.0,0.0,2.0,0.0,0.0,0.0,0.0,0.0,0.0,0.0,1.0,4.0,1.0,1.0,0.0,0.0,5.0,9.0,0.0,0.0,0.0,0.0,0.0,0.0,0.0,0.0,0.0,0.0,0.0,0.0,0.0,0.0,0.0,0.0,0.0,0.0,0.0,0.0,1.0,0.0,0.0,0.0,0.0,0.0,0.0,0.0,1.0,4.0,1.0,2284164066.0,-1.0,铁岭市开原市,铁岭市开原市松山镇,9.0,17.5,0.0,0.5,27.0,29.384999999999998,32.62038834951456,39.60348923533779
辽宁省,铁岭市,开原市,城东镇,124.1393274,42.6236659,0.0,1.0,0.0,4.0,69.0,0.0,0.0,0.0,0.0,0.0,0.0,0.0,0.0,0.0,0.0,0.0,0.0,0.0,0.0,0.0,0.0,0.0,1.0,0.0,0.0,1.0,0.0,0.0,0.0,2.0,0.0,0.0,0.0,4.0,5.0,2.0,0.0,1.0,0.0,1.0,0.0,0.0,0.0,0.0,0.0,0.0,0.0,0.0,0.0,0.0,0.0,0.0,0.0,0.0,0.0,0.0,0.0,0.0,0.0,0.0,0.0,1.0,0.0,0.0,0.0,0.0,0.0,0.0,0.0,1.0,2.0,0.0,2293340997.0,-1.0,铁岭市开原市,铁岭市开原市城东镇,8.0,22.5,0.0,1.2,31.7,29.384999999999998,32.62038834951456,39.60348923533779
辽宁省,铁岭市,开原市,李家台镇,124.6644749,42.3655321,0.0,0.0,1.0,0.0,1.0,0.0,0.0,0.0,0.0,0.0,0.0,0.0,0.0,0.0,0.0,0.0,0.0,0.0,0.0,0.0,0.0,0.0,0.0,0.0,0.0,2.0,0.0,0.0,0.0,1.0,0.0,0.0,0.0,1.0,2.0,1.0,0.0,0.0,1.0,0.0,0.0,0.0,0.0,0.0,0.0,0.0,0.0,0.0,0.0,0.0,0.0,0.0,0.0,0.0,0.0,0.0,0.0,0.0,0.0,0.0,0.0,1.0,0.0,0.0,0.0,1.0,0.0,0.0,0.0,1.0,1.0,1.0,3229440689.0,-1.0,铁岭市开原市,铁岭市开原市李家台镇,9.0,6.2,0.0,0.7,15.899999999999999,29.384999999999998,32.62038834951456,39.60348923533779
辽宁省,铁岭市,开原市,上肥镇,124.5164337,42.320737,3.0,0.0,0.0,1.0,29.0,0.0,0.0,0.0,0.0,0.0,0.0,0.0,0.0,0.0,0.0,0.0,0.0,0.0,0.0,0.0,0.0,0.0,0.0,0.0,0.0,2.0,0.0,0.0,0.0,0.0,0.0,0.0,0.0,1.0,5.0,1.0,3.0,0.0,0.0,0.0,1.0,0.0,0.0,0.0,0.0,0.0,0.0,0.0,0.0,0.0,0.0,0.0,0.0,0.0,0.0,0.0,0.0,0.0,0.0,0.0,0.0,1.0,0.0,0.0,0.0,0.0,0.0,0.0,0.0,1.0,2.0,1.0,2284228065.0,-1.0,铁岭市开原市,铁岭市开原市上肥镇,9.0,14.600000000000001,0.0,0.5,24.1,29.384999999999998,32.62038834951456,39.60348923533779
辽宁省,铁岭市,开原市,黄旗寨镇,124.4285234,42.1917305,0.0,0.0,0.0,1.0,2.0,0.0,0.0,0.0,0.0,0.0,0.0,0.0,0.0,0.0,0.0,0.0,0.0,0.0,0.0,0.0,0.0,0.0,0.0,0.0,0.0,1.0,0.0,0.0,0.0,0.0,0.0,0.0,0.0,1.0,3.0,1.0,0.0,0.0,0.0,1.0,2.0,0.0,0.0,0.0,0.0,0.0,0.0,0.0,0.0,0.0,0.0,0.0,0.0,0.0,0.0,0.0,0.0,0.0,0.0,0.0,0.0,1.0,0.0,0.0,0.0,0.0,0.0,0.0,0.0,1.0,3.0,1.0,3369943767.0,-1.0,铁岭市开原市,铁岭市开原市黄旗寨镇,8.0,3.5,0.0,0.5,12.0,29.384999999999998,32.62038834951456,39.60348923533779
辽宁省,铁岭市,开原市,林丰满族乡,124.6638306,42.4538383,0.0,0.0,0.0,0.0,1.0,0.0,0.0,0.0,0.0,0.0,0.0,0.0,0.0,0.0,0.0,0.0,0.0,0.0,0.0,0.0,0.0,0.0,0.0,0.0,0.0,1.0,0.0,0.0,0.0,0.0,0.0,0.0,0.0,1.0,1.0,1.0,0.0,0.0,0.0,0.0,1.0,0.0,0.0,0.0,0.0,0.0,0.0,0.0,0.0,0.0,0.0,0.0,0.0,0.0,0.0,0.0,0.0,0.0,0.0,0.0,0.0,1.0,0.0,0.0,0.0,0.0,0.0,0.0,0.0,1.0,1.0,1.0,5177420408.0,9579070.0,铁岭市开原市,铁岭市开原市林丰满族乡,16.0,1.0,0.0,0.5,17.5,29.384999999999998,32.62038834951456,39.60348923533779
辽宁省,朝阳市,双塔区,双塔街道,120.4497988,41.5699566,4.0,19.0,72.0,46.0,123.0,54.0,1.0,23.0,6.0,7.0,0.0,0.0,4.0,4.0,12.0,12.0,1.0,0.0,1.0,5.0,9.0,1.0,2.0,2.0,0.0,12.0,442.0,2.0,8.0,0.0,6.0,39.0,3.0,21.0,14.0,13.0,0.0,4.0,11.0,7.0,27.0,0.0,1.0,11.0,0.0,2.0,0.0,0.0,1.0,1.0,2.0,2.0,1.0,0.0,1.0,3.0,0.0,0.0,0.0,1.0,0.0,3.0,137.0,2.0,3.0,0.0,0.0,7.0,1.0,7.0,8.0,5.0,6487575224.0,18947272.0,朝阳市双塔区,朝阳市双塔区双塔街道,20.0,28.0,20.0,20.0,88.0,65.46923076923078,31.348076923076924,39.60348923533779
辽宁省,朝阳市,双塔区,前进街道,120.4382587,41.5829842,9.0,19.0,67.0,47.0,110.0,17.0,1.0,23.0,6.0,2.0,0.0,0.0,4.0,4.0,11.0,11.0,1.0,0.0,1.0,4.0,8.0,1.0,5.0,2.0,0.0,14.0,439.0,2.0,4.0,0.0,3.0,31.0,2.0,22.0,13.0,12.0,2.0,3.0,16.0,18.0,15.0,4.0,0.0,0.0,1.0,0.0,0.0,0.0,1.0,1.0,0.0,0.0,0.0,0.0,0.0,0.0,1.0,0.0,0.0,0.0,0.0,2.0,11.0,0.0,0.0,0.0,0.0,0.0,0.0,11.0,7.0,2.0,6487575225.0,9607686.0,朝阳市双塔区,朝阳市双塔区前进街道,20.0,28.0,5.0,20.0,73.0,65.46923076923078,31.348076923076924,39.60348923533779
辽宁省,朝阳市,双塔区,凌河街道,120.4633322,41.6008734,23.0,26.0,49.0,33.0,54.0,24.0,1.0,5.0,0.0,1.0,0.0,1.0,2.0,2.0,7.0,7.0,0.0,0.0,0.0,1.0,8.0,1.0,4.0,1.0,0.0,7.0,224.0,0.0,0.0,1.0,0.0,4.0,2.0,19.0,12.0,12.0,0.0,6.0,11.0,5.0,4.0,2.0,0.0,0.0,0.0,0.0,0.0,0.0,0.0,0.0,1.0,1.0,0.0,0.0,0.0,0.0,0.0,0.0,2.0,0.0,0.0,1.0,0.0,0.0,0.0,0.0,0.0,0.0,0.0,5.0,6.0,3.0,6487575222.0,9607683.0,朝阳市双塔区,朝阳市双塔区凌河街道,20.0,26.0,10.0,20.0,76.0,65.46923076923078,31.348076923076924,39.60348923533779
辽宁省,朝阳市,双塔区,光明街道,120.4390551,41.5687898,4.0,20.0,71.0,45.0,129.0,66.0,1.0,23.0,6.0,11.0,1.0,0.0,4.0,4.0,10.0,10.0,1.0,0.0,1.0,5.0,5.0,1.0,2.0,2.0,0.0,16.0,433.0,2.0,8.0,0.0,6.0,38.0,3.0,21.0,13.0,11.0,0.0,2.0,17.0,9.0,28.0,0.0,0.0,8.0,4.0,1.0,0.0,0.0,2.0,2.0,3.0,3.0,1.0,0.0,1.0,3.0,0.0,0.0,0.0,1.0,0.0,4.0,135.0,2.0,3.0,0.0,0.0,7.0,1.0,11.0,7.0,3.0,6487575219.0,9607680.0,朝阳市双塔区,朝阳市双塔区光明街道,20.0,30.0,20.0,20.0,90.0,65.46923076923078,31.348076923076924,39.60348923533779
辽宁省,朝阳市,双塔区,凌凤街道,120.463581,41.5608874,0.0,17.0,61.0,26.0,95.0,59.0,1.0,23.0,6.0,11.0,0.0,0.0,4.0,4.0,9.0,9.0,1.0,0.0,1.0,4.0,8.0,1.0,0.0,1.0,0.0,10.0,365.0,2.0,8.0,0.0,6.0,37.0,3.0,18.0,13.0,11.0,0.0,2.0,13.0,2.0,7.0,0.0,1.0,0.0,0.0,0.0,0.0,0.0,0.0,0.0,0.0,0.0,0.0,0.0,0.0,0.0,0.0,0.0,0.0,0.0,0.0,1.0,0.0,0.0,0.0,0.0,0.0,2.0,1.0,3.0,7.0,4.0,6487575221.0,9607682.0,朝阳市双塔区,朝阳市双塔区凌凤街道,20.0,28.0,0.0,20.0,68.0,65.46923076923078,31.348076923076924,39.60348923533779
辽宁省,朝阳市,双塔区,龙山街道,120.442713,41.5448178,0.0,20.0,50.0,23.0,62.0,60.0,1.0,17.0,5.0,10.0,1.0,0.0,2.0,2.0,7.0,8.0,1.0,0.0,0.0,0.0,1.0,0.0,0.0,1.0,0.0,8.0,200.0,2.0,3.0,0.0,1.0,34.0,1.0,13.0,11.0,7.0,0.0,0.0,5.0,4.0,5.0,51.0,0.0,0.0,0.0,9.0,0.0,0.0,0.0,0.0,1.0,1.0,0.0,0.0,0.0,0.0,1.0,0.0,0.0,0.0,0.0,1.0,1.0,0.0,0.0,0.0,0.0,8.0,0.0,2.0,5.0,3.0,6487575223.0,9607684.0,朝阳市双塔区,朝阳市双塔区龙山街道,20.0,30.0,5.0,19.5,74.5,65.46923076923078,31.348076923076924,39.60348923533779
辽宁省,朝阳市,双塔区,站南街道,120.427606,41.559342,2.0,9.0,53.0,42.0,101.0,53.0,1.0,21.0,6.0,11.0,1.0,0.0,3.0,3.0,6.0,7.0,1.0,0.0,1.0,3.0,1.0,0.0,0.0,1.0,0.0,12.0,271.0,2.0,3.0,0.0,1.0,32.0,1.0,19.0,13.0,7.0,0.0,4.0,9.0,12.0,10.0,1.0,0.0,12.0,4.0,0.0,0.0,0.0,2.0,2.0,2.0,2.0,0.0,0.0,0.0,0.0,0.0,0.0,0.0,0.0,0.0,2.0,34.0,0.0,0.0,0.0,0.0,12.0,0.0,9.0,8.0,2.0,6487575230.0,9607690.0,朝阳市双塔区,朝阳市双塔区站南街道,20.0,30.0,10.0,19.5,79.5,65.46923076923078,31.348076923076924,39.60348923533779
辽宁省,朝阳市,双塔区,红旗街道,120.4453277,41.5908668,21.0,25.0,60.0,39.0,83.0,17.0,1.0,13.0,2.0,3.0,0.0,0.0,2.0,2.0,7.0,7.0,1.0,0.0,1.0,4.0,8.0,1.0,5.0,2.0,0.0,11.0,303.0,2.0,4.0,1.0,2.0,12.0,3.0,24.0,13.0,11.0,2.0,2.0,14.0,11.0,24.0,14.0,0.0,0.0,0.0,0.0,0.0,0.0,1.0,1.0,2.0,2.0,0.0,0.0,0.0,1.0,1.0,0.0,2.0,1.0,0.0,2.0,63.0,0.0,0.0,0.0,0.0,0.0,0.0,8.0,8.0,3.0,6487575220.0,9607681.0,朝阳市双塔区,朝阳市双塔区红旗街道,20.0,28.0,11.0,20.0,79.0,65.46923076923078,31.348076923076924,39.60348923533779
辽宁省,朝阳市,双塔区,燕北街道,120.4642901,41.5867941,10.0,26.0,57.0,37.0,87.0,24.0,1.0,13.0,1.0,3.0,0.0,1.0,2.0,2.0,7.0,7.0,1.0,0.0,1.0,5.0,9.0,1.0,4.0,2.0,0.0,9.0,306.0,0.0,5.0,0.0,5.0,9.0,4.0,22.0,13.0,12.0,0.0,9.0,16.0,3.0,20.0,10.0,0.0,2.0,0.0,0.0,0.0,0.0,1.0,1.0,5.0,5.0,0.0,0.0,0.0,1.0,7.0,1.0,1.0,1.0,0.0,1.0,172.0,0.0,0.0,0.0,0.0,4.0,0.0,8.0,7.0,8.0,6487575228.0,9607688.0,朝阳市双塔区,朝阳市双塔区燕北街道,20.0,28.0,16.0,20.0,84.0,65.46923076923078,31.348076923076924,39.60348923533779
辽宁省,朝阳市,双塔区,桃花吐镇,120.5699519,41.6797964,6.0,0.0,1.0,3.0,3.0,1.0,0.0,0.0,0.0,0.0,2.0,0.0,0.0,0.0,0.0,0.0,0.0,0.0,0.0,0.0,2.0,0.0,0.0,0.0,0.0,1.0,0.0,0.0,0.0,0.0,0.0,0.0,0.0,2.0,7.0,3.0,2.0,0.0,0.0,3.0,0.0,0.0,0.0,0.0,0.0,0.0,0.0,0.0,0.0,0.0,0.0,0.0,0.0,0.0,0.0,0.0,0.0,0.0,0.0,0.0,0.0,1.0,0.0,0.0,0.0,0.0,0.0,0.0,0.0,1.0,2.0,0.0,2277023492.0,9604842.0,朝阳市双塔区,朝阳市双塔区桃花吐镇,16.0,14.1,0.0,1.5,31.6,65.46923076923078,31.348076923076924,39.60348923533779
辽宁省,朝阳市,双塔区,他拉皋镇,120.5049968,41.6247156,12.0,8.0,14.0,19.0,15.0,4.0,0.0,0.0,0.0,0.0,0.0,0.0,1.0,1.0,3.0,3.0,0.0,0.0,0.0,0.0,2.0,0.0,0.0,0.0,0.0,2.0,4.0,0.0,0.0,1.0,0.0,1.0,0.0,7.0,9.0,3.0,2.0,2.0,0.0,4.0,2.0,0.0,0.0,0.0,0.0,0.0,0.0,0.0,0.0,0.0,0.0,0.0,0.0,0.0,0.0,0.0,0.0,0.0,0.0,0.0,0.0,1.0,0.0,0.0,0.0,0.0,0.0,0.0,0.0,4.0,4.0,0.0,2277027647.0,9607687.0,朝阳市双塔区,朝阳市双塔区他拉皋镇,17.0,17.6,0.0,2.0,36.6,65.46923076923078,31.348076923076924,39.60348923533779
辽宁省,朝阳市,双塔区,孙家湾镇,120.4906664,41.4940066,0.0,1.0,0.0,7.0,2.0,0.0,0.0,0.0,0.0,0.0,0.0,0.0,0.0,0.0,0.0,0.0,0.0,0.0,0.0,0.0,0.0,0.0,0.0,0.0,0.0,1.0,13.0,0.0,0.0,0.0,0.0,0.0,0.0,6.0,5.0,1.0,0.0,1.0,0.0,1.0,0.0,0.0,0.0,0.0,0.0,0.0,0.0,0.0,0.0,0.0,0.0,0.0,0.0,0.0,0.0,0.0,0.0,0.0,0.0,0.0,0.0,1.0,5.0,0.0,0.0,0.0,0.0,0.0,0.0,1.0,2.0,1.0,3312027781.0,9607359.0,朝阳市双塔区,朝阳市双塔区孙家湾镇,16.0,12.9,0.0,2.3,31.2,65.46923076923078,31.348076923076924,39.60348923533779
辽宁省,朝阳市,双塔区,长宝营子乡,120.5565401,41.6057088,8.0,2.0,6.0,7.0,21.0,1.0,0.0,0.0,1.0,0.0,0.0,0.0,0.0,0.0,0.0,0.0,0.0,0.0,0.0,0.0,1.0,0.0,0.0,0.0,0.0,1.0,17.0,0.0,0.0,0.0,0.0,1.0,0.0,7.0,7.0,4.0,0.0,0.0,3.0,1.0,0.0,0.0,0.0,0.0,0.0,0.0,0.0,0.0,0.0,0.0,0.0,0.0,0.0,0.0,0.0,0.0,0.0,0.0,0.0,0.0,0.0,1.0,3.0,0.0,0.0,0.0,0.0,1.0,0.0,3.0,2.0,2.0,2277027650.0,9607679.0,朝阳市双塔区,朝阳市双塔区长宝营子乡,16.0,19.7,0.0,4.0,39.7,65.46923076923078,31.348076923076924,39.60348923533779
辽宁省,朝阳市,龙城区,新华街道,120.4296091,41.5947044,21.0,10.0,51.0,32.0,69.0,16.0,0.0,5.0,6.0,0.0,0.0,0.0,2.0,2.0,3.0,3.0,1.0,0.0,1.0,4.0,3.0,1.0,7.0,1.0,0.0,10.0,204.0,0.0,0.0,2.0,0.0,2.0,2.0,19.0,12.0,9.0,4.0,2.0,4.0,5.0,7.0,0.0,0.0,0.0,0.0,0.0,0.0,0.0,0.0,0.0,0.0,0.0,0.0,0.0,0.0,0.0,0.0,0.0,0.0,0.0,0.0,2.0,0.0,0.0,0.0,0.0,0.0,0.0,0.0,6.0,5.0,1.0,6487664307.0,9607782.0,朝阳市龙城区,朝阳市龙城区新华街道,20.0,26.0,0.0,20.0,66.0,38.833333333333336,31.348076923076924,39.60348923533779
辽宁省,朝阳市,龙城区,海龙街道,120.411572,41.5619633,8.0,8.0,28.0,38.0,80.0,44.0,0.0,17.0,6.0,8.0,1.0,0.0,2.0,2.0,5.0,5.0,0.0,0.0,0.0,0.0,1.0,0.0,0.0,1.0,0.0,7.0,217.0,2.0,3.0,0.0,0.0,24.0,0.0,17.0,15.0,4.0,2.0,0.0,2.0,3.0,13.0,0.0,0.0,0.0,0.0,0.0,0.0,0.0,0.0,0.0,0.0,0.0,0.0,0.0,0.0,0.0,0.0,0.0,0.0,0.0,0.0,1.0,0.0,0.0,0.0,0.0,0.0,1.0,0.0,5.0,5.0,1.0,6487664301.0,9607778.0,朝阳市龙城区,朝阳市龙城区海龙街道,20.0,30.0,0.0,18.0,68.0,38.833333333333336,31.348076923076924,39.60348923533779
辽宁省,朝阳市,龙城区,龙泉街道,120.4101408,41.6027155,13.0,5.0,26.0,21.0,22.0,20.0,0.0,62.0,4.0,0.0,0.0,0.0,0.0,0.0,0.0,0.0,0.0,0.0,0.0,0.0,0.0,0.0,3.0,0.0,0.0,5.0,29.0,0.0,0.0,1.0,0.0,1.0,2.0,11.0,12.0,11.0,2.0,4.0,4.0,3.0,1.0,0.0,0.0,0.0,4.0,0.0,0.0,0.0,0.0,0.0,0.0,0.0,0.0,0.0,0.0,0.0,0.0,0.0,0.0,0.0,0.0,1.0,1.0,0.0,0.0,0.0,0.0,0.0,0.0,2.0,6.0,1.0,6487664302.0,9607779.0,朝阳市龙城区,朝阳市龙城区龙泉街道,20.0,20.7,0.0,7.1,47.800000000000004,38.833333333333336,31.348076923076924,39.60348923533779
辽宁省,朝阳市,龙城区,七道泉子镇,120.3849625,41.6063068,2.0,3.0,16.0,11.0,11.0,20.0,0.0,63.0,4.0,0.0,0.0,0.0,0.0,0.0,0.0,0.0,0.0,0.0,0.0,0.0,0.0,0.0,3.0,0.0,0.0,3.0,44.0,0.0,0.0,1.0,0.0,1.0,2.0,6.0,15.0,10.0,0.0,0.0,8.0,1.0,2.0,4.0,0.0,34.0,0.0,0.0,0.0,0.0,0.0,0.0,0.0,0.0,0.0,0.0,0.0,0.0,0.0,0.0,0.0,0.0,0.0,1.0,3.0,0.0,0.0,0.0,0.0,1.0,0.0,3.0,7.0,5.0,2277027651.0,9607780.0,朝阳市龙城区,朝阳市龙城区七道泉子镇,18.0,18.8,0.0,8.8,45.599999999999994,38.833333333333336,31.348076923076924,39.60348923533779
辽宁省,朝阳市,龙城区,西大营子镇,120.370188,41.5476351,11.0,0.0,7.0,9.0,42.0,20.0,0.0,0.0,2.0,0.0,0.0,0.0,0.0,0.0,0.0,0.0,0.0,0.0,0.0,0.0,0.0,0.0,1.0,0.0,0.0,1.0,26.0,0.0,0.0,8.0,0.0,0.0,0.0,8.0,10.0,2.0,2.0,0.0,1.0,0.0,1.0,3.0,0.0,0.0,0.0,0.0,0.0,0.0,0.0,0.0,0.0,0.0,0.0,0.0,0.0,0.0,0.0,0.0,1.0,0.0,0.0,1.0,0.0,0.0,0.0,0.0,0.0,0.0,0.0,1.0,4.0,1.0,2279394344.0,-1.0,朝阳市龙城区,朝阳市龙城区西大营子镇,8.0,24.700000000000003,0.0,4.4,37.1,38.833333333333336,31.348076923076924,39.60348923533779
辽宁省,朝阳市,龙城区,召都巴镇,120.3966526,41.6856334,0.0,0.0,0.0,2.0,0.0,0.0,0.0,0.0,0.0,0.0,0.0,0.0,0.0,0.0,0.0,0.0,0.0,0.0,0.0,0.0,0.0,0.0,0.0,0.0,0.0,1.0,0.0,0.0,0.0,0.0,0.0,0.0,0.0,1.0,1.0,1.0,0.0,0.0,0.0,1.0,0.0,0.0,0.0,0.0,0.0,0.0,0.0,0.0,0.0,0.0,0.0,0.0,0.0,0.0,0.0,0.0,0.0,0.0,0.0,0.0,0.0,1.0,0.0,0.0,0.0,0.0,0.0,0.0,0.0,1.0,1.0,1.0,2277027645.0,-1.0,朝阳市龙城区,朝阳市龙城区召都巴镇,8.0,2.5,0.0,0.5,11.0,38.833333333333336,31.348076923076924,39.60348923533779
辽宁省,朝阳市,龙城区,大平房镇,120.1645231,41.4306069,0.0,0.0,1.0,8.0,22.0,0.0,0.0,0.0,1.0,0.0,0.0,0.0,0.0,0.0,0.0,0.0,0.0,0.0,0.0,0.0,2.0,0.0,0.0,0.0,0.0,1.0,0.0,0.0,0.0,0.0,0.0,0.0,0.0,7.0,3.0,3.0,0.0,0.0,0.0,8.0,15.0,0.0,0.0,0.0,0.0,0.0,0.0,0.0,0.0,0.0,0.0,0.0,0.0,0.0,0.0,0.0,1.0,0.0,0.0,0.0,0.0,1.0,0.0,0.0,0.0,0.0,0.0,0.0,0.0,7.0,2.0,3.0,2336082772.0,-1.0,朝阳市龙城区,朝阳市龙城区大平房镇,8.0,22.4,0.0,1.5,31.9,38.833333333333336,31.348076923076924,39.60348923533779
辽宁省,朝阳市,龙城区,联合镇,120.1897148,41.5344717,3.0,0.0,0.0,1.0,0.0,0.0,0.0,0.0,0.0,0.0,0.0,0.0,0.0,0.0,0.0,0.0,0.0,0.0,0.0,0.0,0.0,0.0,0.0,0.0,0.0,1.0,10.0,0.0,0.0,0.0,0.0,0.0,0.0,2.0,4.0,0.0,0.0,0.0,0.0,1.0,0.0,0.0,0.0,0.0,0.0,0.0,0.0,0.0,0.0,0.0,0.0,0.0,0.0,0.0,0.0,0.0,0.0,0.0,0.0,0.0,0.0,1.0,0.0,0.0,0.0,0.0,0.0,0.0,0.0,2.0,2.0,0.0,2277087742.0,-1.0,朝阳市龙城区,朝阳市龙城区联合镇,8.0,8.0,0.0,1.0,17.0,38.833333333333336,31.348076923076924,39.60348923533779
辽宁省,朝阳市,龙城区,边杖子镇,120.3385452,41.6316717,0.0,1.0,0.0,5.0,3.0,2.0,0.0,1.0,0.0,0.0,0.0,0.0,0.0,0.0,0.0,0.0,0.0,0.0,0.0,0.0,0.0,0.0,0.0,0.0,0.0,3.0,0.0,0.0,0.0,0.0,0.0,0.0,0.0,5.0,8.0,1.0,0.0,1.0,0.0,2.0,0.0,0.0,0.0,0.0,0.0,0.0,0.0,0.0,0.0,0.0,0.0,0.0,0.0,0.0,0.0,0.0,0.0,0.0,0.0,0.0,0.0,1.0,0.0,0.0,0.0,0.0,0.0,0.0,0.0,3.0,3.0,1.0,2277027649.0,-1.0,朝阳市龙城区,朝阳市龙城区边杖子镇,10.0,14.6,0.0,0.5,25.1,38.833333333333336,31.348076923076924,39.60348923533779
辽宁省,朝阳市,朝阳县,柳城街道,120.4169945,41.5343432,0.0,10.0,24.0,13.0,40.0,55.0,0.0,4.0,1.0,9.0,1.0,0.0,0.0,0.0,4.0,5.0,0.0,0.0,0.0,0.0,1.0,0.0,1.0,0.0,0.0,4.0,5.0,0.0,0.0,0.0,0.0,10.0,0.0,12.0,12.0,7.0,0.0,4.0,4.0,1.0,6.0,0.0,0.0,0.0,0.0,0.0,0.0,0.0,0.0,0.0,0.0,1.0,0.0,0.0,0.0,0.0,0.0,0.0,0.0,0.0,0.0,1.0,0.0,0.0,0.0,0.0,0.0,1.0,0.0,5.0,4.0,1.0,-1.0,-1.0,朝阳市朝阳县,朝阳市朝阳县柳城街道,4.0,29.8,0.0,4.0,37.8,23.4037037037037,31.348076923076924,39.60348923533779
辽宁省,朝阳市,朝阳县,波罗赤镇,119.9639932,41.4000335,1.0,0.0,0.0,12.0,0.0,0.0,0.0,0.0,0.0,0.0,0.0,0.0,0.0,0.0,0.0,0.0,0.0,0.0,0.0,0.0,0.0,0.0,1.0,0.0,0.0,1.0,0.0,0.0,0.0,0.0,0.0,0.0,0.0,3.0,3.0,1.0,1.0,0.0,0.0,2.0,0.0,0.0,0.0,0.0,0.0,0.0,0.0,0.0,0.0,0.0,0.0,0.0,0.0,0.0,0.0,0.0,0.0,0.0,0.0,0.0,0.0,1.0,0.0,0.0,0.0,0.0,0.0,0.0,0.0,1.0,2.0,0.0,2291168821.0,-1.0,朝阳市朝阳县,朝阳市朝阳县波罗赤镇,8.0,11.5,0.0,0.5,20.0,23.4037037037037,31.348076923076924,39.60348923533779
辽宁省,朝阳市,朝阳县,木头城子镇,120.0475504,41.35349,0.0,0.0,2.0,2.0,3.0,0.0,0.0,0.0,0.0,0.0,0.0,0.0,0.0,0.0,0.0,0.0,0.0,0.0,0.0,0.0,1.0,0.0,0.0,0.0,0.0,6.0,0.0,0.0,0.0,0.0,0.0,0.0,0.0,3.0,3.0,2.0,0.0,0.0,1.0,0.0,0.0,0.0,0.0,0.0,0.0,0.0,0.0,0.0,0.0,0.0,0.0,0.0,0.0,0.0,0.0,0.0,1.0,0.0,0.0,0.0,0.0,1.0,0.0,0.0,0.0,0.0,0.0,0.0,0.0,2.0,1.0,2.0,3311569470.0,-1.0,朝阳市朝阳县,朝阳市朝阳县木头城子镇,12.0,9.1,0.0,1.0,22.1,23.4037037037037,31.348076923076924,39.60348923533779
辽宁省,朝阳市,朝阳县,二十家子镇,120.5392836,41.277761,3.0,7.0,5.0,2.0,9.0,0.0,0.0,0.0,0.0,0.0,0.0,0.0,0.0,0.0,1.0,1.0,0.0,0.0,0.0,0.0,1.0,0.0,0.0,0.0,0.0,21.0,0.0,0.0,0.0,0.0,0.0,0.0,0.0,2.0,6.0,2.0,1.0,0.0,3.0,1.0,7.0,0.0,0.0,0.0,0.0,0.0,0.0,0.0,0.0,0.0,1.0,1.0,0.0,0.0,0.0,0.0,1.0,0.0,0.0,0.0,0.0,3.0,0.0,0.0,0.0,0.0,0.0,0.0,0.0,2.0,5.0,2.0,940216832.0,-1.0,朝阳市朝阳县,朝阳市朝阳县二十家子镇,12.0,13.9,5.0,1.0,31.9,23.4037037037037,31.348076923076924,39.60348923533779
辽宁省,朝阳市,朝阳县,羊山镇,120.3659516,41.1860826,2.0,1.0,0.0,2.0,0.0,0.0,0.0,0.0,0.0,0.0,0.0,0.0,0.0,0.0,0.0,0.0,0.0,0.0,0.0,0.0,0.0,0.0,0.0,0.0,0.0,1.0,0.0,0.0,0.0,0.0,0.0,0.0,0.0,1.0,3.0,0.0,1.0,0.0,0.0,1.0,0.0,0.0,0.0,0.0,0.0,0.0,0.0,0.0,0.0,0.0,0.0,0.0,0.0,0.0,0.0,0.0,0.0,0.0,0.0,0.0,0.0,1.0,0.0,0.0,0.0,0.0,0.0,0.0,0.0,1.0,2.0,0.0,2277038481.0,-1.0,朝阳市朝阳县,朝阳市朝阳县羊山镇,8.0,8.5,0.0,0.0,16.5,23.4037037037037,31.348076923076924,39.60348923533779
辽宁省,朝阳市,朝阳县,六家子镇,120.2530312,40.9947337,5.0,0.0,1.0,1.0,1.0,0.0,0.0,0.0,0.0,0.0,0.0,0.0,0.0,0.0,0.0,0.0,0.0,0.0,0.0,0.0,2.0,0.0,0.0,0.0,0.0,28.0,0.0,0.0,0.0,0.0,0.0,0.0,0.0,1.0,4.0,2.0,3.0,0.0,1.0,1.0,1.0,0.0,0.0,0.0,0.0,0.0,0.0,0.0,0.0,0.0,0.0,0.0,0.0,0.0,0.0,0.0,1.0,0.0,0.0,0.0,0.0,3.0,0.0,0.0,0.0,0.0,0.0,0.0,0.0,1.0,4.0,1.0,3311613648.0,-1.0,朝阳市朝阳县,朝阳市朝阳县六家子镇,12.0,8.5,0.0,1.0,21.5,23.4037037037037,31.348076923076924,39.60348923533779
辽宁省,朝阳市,朝阳县,瓦房子镇,120.1574137,41.0502952,0.0,0.0,0.0,2.0,0.0,0.0,0.0,0.0,0.0,0.0,0.0,0.0,0.0,0.0,0.0,0.0,0.0,0.0,0.0,0.0,0.0,0.0,0.0,0.0,0.0,18.0,0.0,0.0,0.0,0.0,0.0,0.0,0.0,7.0,1.0,0.0,0.0,0.0,0.0,1.0,0.0,0.0,0.0,0.0,0.0,0.0,0.0,0.0,0.0,0.0,0.0,0.0,0.0,0.0,0.0,0.0,0.0,0.0,0.0,0.0,0.0,6.0,0.0,0.0,0.0,0.0,0.0,0.0,0.0,1.0,1.0,0.0,3311590919.0,9609468.0,朝阳市朝阳县,朝阳市朝阳县瓦房子镇,20.0,2.5,0.0,0.0,22.5,23.4037037037037,31.348076923076924,39.60348923533779
辽宁省,朝阳市,朝阳县,大庙镇,120.2526643,41.6897293,0.0,1.0,0.0,1.0,0.0,0.0,0.0,0.0,0.0,0.0,0.0,0.0,0.0,0.0,1.0,1.0,0.0,0.0,0.0,0.0,0.0,0.0,0.0,0.0,0.0,12.0,10.0,0.0,0.0,0.0,0.0,0.0,0.0,4.0,7.0,1.0,0.0,1.0,0.0,1.0,0.0,0.0,0.0,0.0,0.0,0.0,0.0,0.0,0.0,0.0,0.0,0.0,0.0,0.0,0.0,0.0,0.0,0.0,0.0,0.0,0.0,4.0,0.0,0.0,0.0,0.0,0.0,0.0,0.0,2.0,3.0,1.0,2279540879.0,-1.0,朝阳市朝阳县,朝阳市朝阳县大庙镇,12.0,9.5,0.0,1.5,23.0,23.4037037037037,31.348076923076924,39.60348923533779
辽宁省,朝阳市,朝阳县,古山子镇,120.316083,41.7836546,0.0,0.0,0.0,2.0,1.0,0.0,0.0,0.0,0.0,0.0,0.0,0.0,0.0,0.0,0.0,0.0,0.0,0.0,0.0,0.0,0.0,0.0,0.0,0.0,0.0,1.0,0.0,0.0,0.0,0.0,0.0,0.0,0.0,1.0,2.0,1.0,0.0,0.0,0.0,1.0,0.0,0.0,0.0,0.0,0.0,0.0,0.0,0.0,0.0,0.0,0.0,0.0,0.0,0.0,0.0,0.0,0.0,0.0,0.0,0.0,0.0,1.0,0.0,0.0,0.0,0.0,0.0,0.0,0.0,1.0,1.0,0.0,3305789648.0,-1.0,朝阳市朝阳县,朝阳市朝阳县古山子镇,8.0,3.2,0.0,0.5,11.7,23.4037037037037,31.348076923076924,39.60348923533779
辽宁省,朝阳市,朝阳县,南双庙镇,120.4024033,41.4035281,0.0,1.0,0.0,2.0,8.0,0.0,0.0,0.0,0.0,0.0,0.0,1.0,0.0,0.0,2.0,2.0,0.0,0.0,0.0,0.0,0.0,0.0,0.0,0.0,0.0,18.0,1.0,0.0,0.0,0.0,0.0,0.0,0.0,1.0,4.0,0.0,0.0,1.0,0.0,1.0,1.0,0.0,0.0,0.0,0.0,0.0,0.0,1.0,0.0,0.0,2.0,2.0,0.0,0.0,0.0,0.0,0.0,0.0,0.0,0.0,0.0,2.0,1.0,0.0,0.0,0.0,0.0,0.0,0.0,1.0,3.0,0.0,2277038488.0,-1.0,朝阳市朝阳县,朝阳市朝阳县南双庙镇,12.0,10.9,10.0,0.2,33.1,23.4037037037037,31.348076923076924,39.60348923533779
辽宁省,朝阳市,朝阳县,台子镇,120.1500323,41.403403,0.0,0.0,1.0,1.0,13.0,0.0,0.0,0.0,1.0,0.0,0.0,1.0,0.0,0.0,1.0,1.0,0.0,0.0,0.0,0.0,1.0,0.0,0.0,0.0,0.0,17.0,1.0,0.0,0.0,0.0,0.0,0.0,0.0,5.0,3.0,2.0,0.0,0.0,1.0,0.0,0.0,0.0,0.0,0.0,0.0,0.0,0.0,0.0,0.0,0.0,0.0,0.0,0.0,0.0,0.0,0.0,0.0,0.0,0.0,0.0,0.0,4.0,0.0,0.0,0.0,0.0,0.0,0.0,0.0,4.0,1.0,1.0,3311562861.0,9609467.0,朝阳市朝阳县,朝阳市朝阳县台子镇,20.0,12.1,5.0,1.1,38.2,23.4037037037037,31.348076923076924,39.60348923533779
辽宁省,朝阳市,朝阳县,清风岭镇,120.2424627,41.1454178,0.0,0.0,0.0,3.0,1.0,0.0,0.0,0.0,0.0,0.0,0.0,0.0,0.0,0.0,0.0,0.0,0.0,0.0,0.0,0.0,0.0,0.0,0.0,0.0,0.0,1.0,0.0,0.0,0.0,0.0,0.0,0.0,0.0,1.0,2.0,0.0,0.0,0.0,0.0,3.0,0.0,0.0,0.0,0.0,0.0,0.0,0.0,0.0,0.0,0.0,0.0,0.0,0.0,0.0,0.0,0.0,0.0,0.0,0.0,0.0,0.0,1.0,0.0,0.0,0.0,0.0,0.0,0.0,0.0,1.0,1.0,0.0,3314438806.0,-1.0,朝阳市朝阳县,朝阳市朝阳县清风岭镇,8.0,4.2,0.0,0.0,12.2,23.4037037037037,31.348076923076924,39.60348923533779
辽宁省,朝阳市,朝阳县,胜利镇,120.0438168,41.2332198,0.0,0.0,1.0,1.0,0.0,0.0,0.0,0.0,0.0,0.0,0.0,0.0,0.0,0.0,0.0,0.0,0.0,0.0,0.0,0.0,0.0,0.0,0.0,0.0,0.0,22.0,0.0,0.0,0.0,0.0,0.0,0.0,0.0,1.0,2.0,1.0,0.0,0.0,1.0,1.0,0.0,0.0,0.0,0.0,0.0,0.0,0.0,0.0,0.0,0.0,0.0,0.0,0.0,0.0,0.0,0.0,0.0,0.0,0.0,0.0,0.0,5.0,0.0,0.0,0.0,0.0,0.0,0.0,0.0,1.0,2.0,0.0,3311573867.0,9609466.0,朝阳市朝阳县,朝阳市朝阳县胜利镇,20.0,7.0,0.0,0.5,27.5,23.4037037037037,31.348076923076924,39.60348923533779
辽宁省,朝阳市,朝阳县,七道岭镇,120.6353915,41.3904987,3.0,0.0,1.0,0.0,0.0,0.0,0.0,0.0,0.0,0.0,0.0,0.0,0.0,0.0,0.0,0.0,0.0,0.0,0.0,0.0,0.0,0.0,0.0,0.0,0.0,1.0,0.0,0.0,0.0,0.0,0.0,0.0,0.0,1.0,2.0,0.0,1.0,0.0,0.0,0.0,0.0,0.0,0.0,0.0,0.0,0.0,0.0,0.0,0.0,0.0,0.0,0.0,0.0,0.0,0.0,0.0,0.0,0.0,0.0,0.0,0.0,1.0,0.0,0.0,0.0,0.0,0.0,0.0,0.0,1.0,1.0,0.0,3412170774.0,-1.0,朝阳市朝阳县,朝阳市朝阳县七道岭镇,8.0,6.0,0.0,0.0,14.0,23.4037037037037,31.348076923076924,39.60348923533779
辽宁省,朝阳市,朝阳县,杨树湾镇,120.0563833,41.4716569,2.0,0.0,0.0,3.0,1.0,0.0,0.0,0.0,0.0,0.0,0.0,1.0,0.0,0.0,1.0,1.0,0.0,0.0,0.0,0.0,0.0,0.0,1.0,0.0,0.0,4.0,2.0,0.0,0.0,0.0,0.0,0.0,0.0,2.0,5.0,2.0,2.0,0.0,0.0,1.0,1.0,0.0,0.0,0.0,0.0,0.0,0.0,1.0,0.0,0.0,1.0,1.0,0.0,0.0,0.0,0.0,0.0,0.0,0.0,0.0,0.0,3.0,2.0,0.0,0.0,0.0,0.0,0.0,0.0,1.0,3.0,1.0,2277087748.0,-1.0,朝阳市朝阳县,朝阳市朝阳县杨树湾镇,11.0,11.0,10.0,1.4,33.4,23.4037037037037,31.348076923076924,39.60348923533779
辽宁省,朝阳市,朝阳县,西五家子乡,120.1713151,41.6466289,0.0,0.0,0.0,1.0,3.0,0.0,0.0,0.0,0.0,0.0,0.0,0.0,0.0,0.0,1.0,1.0,0.0,0.0,0.0,0.0,0.0,0.0,0.0,0.0,0.0,12.0,0.0,0.0,0.0,0.0,0.0,0.0,0.0,1.0,2.0,0.0,0.0,0.0,0.0,0.0,1.0,0.0,0.0,0.0,0.0,0.0,0.0,0.0,0.0,0.0,0.0,0.0,0.0,0.0,0.0,0.0,0.0,0.0,0.0,0.0,0.0,2.0,0.0,0.0,0.0,0.0,0.0,0.0,0.0,1.0,1.0,0.0,2279532782.0,-1.0,朝阳市朝阳县,朝阳市朝阳县西五家子乡,12.0,2.9000000000000004,0.0,0.0,14.9,23.4037037037037,31.348076923076924,39.60348923533779
辽宁省,朝阳市,朝阳县,北沟门子乡,120.0475152,41.6021496,0.0,0.0,0.0,2.0,0.0,0.0,0.0,0.0,0.0,0.0,0.0,0.0,0.0,0.0,0.0,0.0,0.0,0.0,0.0,0.0,0.0,0.0,0.0,0.0,0.0,17.0,0.0,0.0,0.0,2.0,0.0,0.0,0.0,3.0,1.0,1.0,0.0,0.0,0.0,2.0,0.0,0.0,0.0,0.0,0.0,0.0,0.0,0.0,0.0,0.0,0.0,0.0,0.0,0.0,0.0,0.0,0.0,0.0,0.0,0.0,0.0,4.0,0.0,0.0,0.0,1.0,0.0,0.0,0.0,3.0,1.0,1.0,3315748777.0,-1.0,朝阳市朝阳县,朝阳市朝阳县北沟门子乡,12.0,2.5,0.0,0.8,15.3,23.4037037037037,31.348076923076924,39.60348923533779
辽宁省,朝阳市,朝阳县,东大道乡,120.0433735,41.4373827,1.0,0.0,0.0,5.0,0.0,0.0,0.0,0.0,0.0,0.0,0.0,1.0,0.0,0.0,2.0,2.0,0.0,0.0,0.0,0.0,0.0,0.0,1.0,0.0,0.0,2.0,1.0,0.0,0.0,0.0,0.0,0.0,0.0,4.0,3.0,2.0,1.0,0.0,0.0,4.0,0.0,0.0,0.0,0.0,0.0,0.0,0.0,1.0,0.0,0.0,1.0,1.0,0.0,0.0,0.0,0.0,0.0,0.0,0.0,0.0,0.0,1.0,1.0,0.0,0.0,0.0,0.0,0.0,0.0,2.0,3.0,0.0,2277087745.0,-1.0,朝阳市朝阳县,朝阳市朝阳县东大道乡,9.0,11.5,10.0,1.2,31.7,23.4037037037037,31.348076923076924,39.60348923533779
辽宁省,朝阳市,朝阳县,乌兰河硕蒙古族乡,119.9530371,41.3222097,0.0,0.0,0.0,3.0,1.0,0.0,0.0,0.0,0.0,0.0,0.0,0.0,0.0,0.0,1.0,1.0,0.0,0.0,0.0,0.0,0.0,0.0,0.0,0.0,0.0,12.0,0.0,0.0,0.0,0.0,0.0,0.0,0.0,4.0,2.0,1.0,0.0,0.0,0.0,3.0,1.0,0.0,0.0,0.0,0.0,0.0,0.0,0.0,0.0,0.0,1.0,1.0,0.0,0.0,0.0,0.0,0.0,0.0,0.0,0.0,0.0,1.0,0.0,0.0,0.0,0.0,0.0,0.0,0.0,1.0,2.0,0.0,3315757562.0,-1.0,朝阳市朝阳县,朝阳市朝阳县乌兰河硕蒙古族乡,12.0,4.5,5.0,0.5,22.0,23.4037037037037,31.348076923076924,39.60348923533779
辽宁省,朝阳市,朝阳县,东大屯乡,120.6386806,41.2469506,0.0,3.0,2.0,0.0,0.0,0.0,0.0,0.0,0.0,0.0,0.0,0.0,0.0,0.0,0.0,0.0,0.0,0.0,0.0,0.0,0.0,0.0,0.0,0.0,0.0,10.0,0.0,0.0,0.0,0.0,0.0,0.0,0.0,2.0,2.0,1.0,0.0,1.0,0.0,0.0,0.0,0.0,0.0,0.0,0.0,0.0,0.0,0.0,0.0,0.0,0.0,0.0,0.0,0.0,0.0,0.0,0.0,0.0,0.0,0.0,0.0,2.0,0.0,0.0,0.0,0.0,0.0,0.0,0.0,2.0,1.0,1.0,3410562545.0,-1.0,朝阳市朝阳县,朝阳市朝阳县东大屯乡,12.0,6.0,0.0,0.5,18.5,23.4037037037037,31.348076923076924,39.60348923533779
辽宁省,朝阳市,朝阳县,松岭门蒙古族乡,120.7109875,41.2379787,0.0,0.0,6.0,2.0,28.0,0.0,0.0,0.0,0.0,0.0,0.0,0.0,0.0,0.0,0.0,0.0,0.0,0.0,0.0,0.0,2.0,0.0,0.0,0.0,0.0,1.0,38.0,0.0,0.0,0.0,0.0,0.0,0.0,7.0,6.0,2.0,0.0,0.0,0.0,2.0,12.0,0.0,0.0,0.0,0.0,0.0,0.0,0.0,0.0,0.0,0.0,0.0,0.0,0.0,0.0,0.0,0.0,0.0,0.0,0.0,0.0,1.0,5.0,0.0,0.0,0.0,0.0,0.0,0.0,3.0,5.0,1.0,3412112675.0,-1.0,朝阳市朝阳县,朝阳市朝阳县松岭门蒙古族乡,8.0,19.2,0.0,5.3,32.5,23.4037037037037,31.348076923076924,39.60348923533779
辽宁省,朝阳市,朝阳县,根德营子乡,120.5654745,41.1372806,0.0,0.0,1.0,2.0,0.0,0.0,0.0,0.0,0.0,0.0,0.0,0.0,0.0,0.0,0.0,0.0,0.0,0.0,0.0,0.0,0.0,0.0,0.0,0.0,0.0,12.0,0.0,0.0,0.0,0.0,0.0,0.0,0.0,6.0,3.0,1.0,0.0,0.0,1.0,0.0,0.0,0.0,0.0,0.0,0.0,0.0,0.0,0.0,0.0,0.0,0.0,0.0,0.0,0.0,0.0,0.0,0.0,0.0,0.0,0.0,0.0,2.0,0.0,0.0,0.0,0.0,0.0,0.0,0.0,1.0,1.0,0.0,3395211846.0,-1.0,朝阳市朝阳县,朝阳市朝阳县根德营子乡,12.0,8.5,0.0,0.5,21.0,23.4037037037037,31.348076923076924,39.60348923533779
辽宁省,朝阳市,朝阳县,西营子乡,120.5130996,41.3721977,0.0,1.0,0.0,6.0,1.0,0.0,0.0,0.0,0.0,0.0,0.0,1.0,0.0,0.0,1.0,1.0,0.0,0.0,0.0,0.0,0.0,0.0,0.0,0.0,0.0,8.0,0.0,0.0,0.0,0.0,0.0,0.0,0.0,2.0,4.0,0.0,0.0,1.0,0.0,1.0,0.0,0.0,0.0,0.0,0.0,0.0,0.0,0.0,0.0,0.0,0.0,0.0,0.0,0.0,0.0,0.0,0.0,0.0,0.0,0.0,0.0,2.0,0.0,0.0,0.0,0.0,0.0,0.0,0.0,2.0,3.0,0.0,6488354805.0,-1.0,朝阳市朝阳县,朝阳市朝阳县西营子乡,12.0,12.2,5.0,0.0,29.2,23.4037037037037,31.348076923076924,39.60348923533779
辽宁省,朝阳市,朝阳县,北四家子乡,120.2903991,41.2895224,0.0,0.0,0.0,3.0,4.0,0.0,0.0,0.0,0.0,0.0,0.0,0.0,0.0,0.0,0.0,0.0,0.0,0.0,0.0,0.0,0.0,0.0,0.0,0.0,0.0,8.0,0.0,0.0,0.0,0.0,0.0,0.0,0.0,2.0,2.0,0.0,0.0,0.0,0.0,2.0,0.0,0.0,0.0,0.0,0.0,0.0,0.0,0.0,0.0,0.0,0.0,0.0,0.0,0.0,0.0,0.0,0.0,0.0,0.0,0.0,0.0,1.0,0.0,0.0,0.0,0.0,0.0,0.0,0.0,1.0,1.0,0.0,3314462673.0,9609463.0,朝阳市朝阳县,朝阳市朝阳县北四家子乡,20.0,4.8,0.0,0.0,24.8,23.4037037037037,31.348076923076924,39.60348923533779
辽宁省,朝阳市,朝阳县,王营子乡,120.4164938,41.0181785,0.0,0.0,0.0,3.0,2.0,0.0,0.0,0.0,0.0,0.0,0.0,0.0,0.0,0.0,1.0,1.0,0.0,0.0,0.0,0.0,0.0,0.0,0.0,0.0,0.0,11.0,0.0,0.0,0.0,0.0,0.0,0.0,0.0,6.0,2.0,0.0,0.0,0.0,0.0,3.0,1.0,0.0,0.0,0.0,0.0,0.0,0.0,0.0,0.0,0.0,0.0,0.0,0.0,0.0,0.0,0.0,0.0,0.0,0.0,0.0,0.0,3.0,0.0,0.0,0.0,0.0,0.0,0.0,0.0,1.0,2.0,0.0,3408501629.0,-1.0,朝阳市朝阳县,朝阳市朝阳县王营子乡,12.0,4.7,0.0,0.0,16.7,23.4037037037037,31.348076923076924,39.60348923533779
辽宁省,朝阳市,朝阳县,黑牛营子乡,120.2765038,41.0905112,0.0,0.0,0.0,3.0,7.0,0.0,0.0,0.0,0.0,0.0,0.0,0.0,0.0,0.0,0.0,0.0,0.0,0.0,0.0,0.0,0.0,0.0,0.0,0.0,0.0,11.0,0.0,0.0,0.0,0.0,0.0,0.0,0.0,1.0,2.0,1.0,0.0,0.0,0.0,2.0,5.0,0.0,0.0,0.0,0.0,0.0,0.0,0.0,0.0,0.0,0.0,0.0,0.0,0.0,0.0,0.0,0.0,0.0,0.0,0.0,0.0,2.0,0.0,0.0,0.0,0.0,0.0,0.0,0.0,1.0,2.0,0.0,3311613653.0,-1.0,朝阳市朝阳县,朝阳市朝阳县黑牛营子乡,12.0,6.9,0.0,0.5,19.4,23.4037037037037,31.348076923076924,39.60348923533779
辽宁省,朝阳市,朝阳县,尚志乡,120.3393318,41.1030919,1.0,0.0,0.0,2.0,0.0,0.0,0.0,0.0,0.0,0.0,0.0,0.0,0.0,0.0,0.0,0.0,0.0,0.0,0.0,0.0,0.0,0.0,0.0,0.0,0.0,14.0,0.0,0.0,0.0,0.0,0.0,0.0,0.0,1.0,2.0,1.0,1.0,0.0,0.0,1.0,0.0,0.0,0.0,0.0,0.0,0.0,0.0,0.0,0.0,0.0,0.0,0.0,0.0,0.0,0.0,0.0,0.0,0.0,0.0,0.0,0.0,5.0,0.0,0.0,0.0,0.0,0.0,0.0,0.0,1.0,2.0,1.0,3311613625.0,-1.0,朝阳市朝阳县,朝阳市朝阳县尚志乡,12.0,8.0,0.0,0.5,20.5,23.4037037037037,31.348076923076924,39.60348923533779
辽宁省,朝阳市,建平县,叶柏寿街道,119.6304916,41.4030059,7.0,6.0,34.0,22.0,29.0,7.0,0.0,0.0,1.0,0.0,4.0,0.0,0.0,0.0,2.0,2.0,0.0,0.0,0.0,0.0,1.0,0.0,3.0,0.0,0.0,37.0,108.0,0.0,0.0,1.0,0.0,12.0,0.0,8.0,8.0,7.0,1.0,0.0,9.0,10.0,3.0,0.0,0.0,0.0,0.0,0.0,1.0,0.0,0.0,0.0,0.0,0.0,0.0,0.0,0.0,0.0,0.0,0.0,0.0,0.0,0.0,13.0,19.0,0.0,0.0,0.0,0.0,3.0,0.0,3.0,5.0,1.0,6490061763.0,9611358.0,朝阳市建平县,朝阳市建平县叶柏寿街道,20.0,24.700000000000003,0.0,16.3,61.0,33.21785714285714,31.348076923076924,39.60348923533779
辽宁省,朝阳市,建平县,红山街道,119.6307375,41.4007011,7.0,6.0,34.0,22.0,27.0,7.0,0.0,0.0,1.0,0.0,4.0,0.0,0.0,0.0,2.0,2.0,0.0,0.0,0.0,0.0,1.0,0.0,3.0,0.0,0.0,37.0,98.0,0.0,0.0,1.0,0.0,12.0,0.0,9.0,9.0,7.0,1.0,0.0,9.0,10.0,3.0,0.0,0.0,0.0,0.0,0.0,1.0,0.0,0.0,0.0,0.0,0.0,0.0,0.0,0.0,0.0,0.0,0.0,0.0,0.0,0.0,16.0,14.0,0.0,0.0,0.0,0.0,3.0,0.0,4.0,5.0,3.0,6490061760.0,9611354.0,朝阳市建平县,朝阳市建平县红山街道,20.0,24.3,0.0,14.8,59.099999999999994,33.21785714285714,31.348076923076924,39.60348923533779
辽宁省,朝阳市,建平县,铁南街道,119.6568611,41.4001903,7.0,4.0,32.0,20.0,31.0,7.0,0.0,0.0,1.0,0.0,3.0,0.0,0.0,0.0,2.0,2.0,0.0,0.0,0.0,0.0,0.0,0.0,1.0,0.0,0.0,32.0,126.0,0.0,0.0,0.0,0.0,13.0,0.0,9.0,11.0,5.0,5.0,3.0,18.0,7.0,7.0,0.0,0.0,0.0,0.0,0.0,0.0,0.0,0.0,0.0,0.0,0.0,0.0,0.0,0.0,0.0,0.0,0.0,0.0,0.0,0.0,5.0,20.0,0.0,0.0,0.0,0.0,5.0,0.0,4.0,6.0,3.0,6490061762.0,9611356.0,朝阳市建平县,朝阳市建平县铁南街道,20.0,26.3,0.0,17.1,63.4,33.21785714285714,31.348076923076924,39.60348923533779
辽宁省,朝阳市,建平县,万寿街道,119.6548042,41.402533,7.0,4.0,34.0,20.0,31.0,7.0,0.0,0.0,1.0,0.0,3.0,0.0,0.0,0.0,3.0,3.0,0.0,0.0,0.0,0.0,0.0,0.0,1.0,0.0,0.0,33.0,124.0,0.0,0.0,0.0,0.0,13.0,0.0,9.0,11.0,5.0,5.0,3.0,18.0,7.0,7.0,0.0,0.0,0.0,0.0,0.0,0.0,0.0,0.0,0.0,0.0,0.0,0.0,0.0,0.0,0.0,0.0,0.0,0.0,0.0,0.0,6.0,17.0,0.0,0.0,0.0,0.0,5.0,0.0,4.0,6.0,3.0,2279525947.0,9611357.0,朝阳市建平县,朝阳市建平县万寿街道,20.0,26.3,0.0,16.6,62.9,33.21785714285714,31.348076923076924,39.60348923533779
辽宁省,朝阳市,建平县,朱碌科镇,119.9199127,41.6622501,0.0,1.0,0.0,1.0,1.0,0.0,0.0,0.0,0.0,0.0,0.0,0.0,0.0,0.0,0.0,0.0,0.0,0.0,0.0,0.0,0.0,0.0,0.0,0.0,0.0,5.0,0.0,0.0,0.0,0.0,0.0,0.0,0.0,1.0,3.0,0.0,0.0,1.0,0.0,1.0,1.0,0.0,0.0,0.0,0.0,0.0,0.0,0.0,0.0,0.0,0.0,0.0,0.0,0.0,0.0,0.0,0.0,0.0,0.0,0.0,0.0,3.0,0.0,0.0,0.0,0.0,0.0,0.0,0.0,1.0,3.0,0.0,2279517976.0,-1.0,朝阳市建平县,朝阳市建平县朱碌科镇,12.0,8.0,0.0,0.0,20.0,33.21785714285714,31.348076923076924,39.60348923533779
辽宁省,朝阳市,建平县,建平镇,119.7090957,41.9022772,0.0,4.0,1.0,2.0,7.0,0.0,0.0,0.0,0.0,0.0,0.0,0.0,0.0,0.0,0.0,0.0,0.0,0.0,0.0,0.0,0.0,0.0,0.0,0.0,0.0,5.0,7.0,0.0,0.0,0.0,0.0,0.0,0.0,1.0,6.0,1.0,0.0,2.0,1.0,1.0,2.0,0.0,0.0,0.0,0.0,0.0,0.0,0.0,0.0,0.0,0.0,0.0,0.0,0.0,0.0,0.0,0.0,0.0,0.0,0.0,0.0,2.0,0.0,0.0,0.0,0.0,0.0,0.0,0.0,1.0,4.0,0.0,2845975943.0,-1.0,朝阳市建平县,朝阳市建平县建平镇,12.0,12.0,0.0,1.2000000000000002,25.2,33.21785714285714,31.348076923076924,39.60348923533779
辽宁省,朝阳市,建平县,黑水镇,119.4207246,42.0745284,0.0,11.0,0.0,4.0,70.0,0.0,0.0,0.0,0.0,0.0,0.0,0.0,0.0,0.0,0.0,0.0,0.0,0.0,0.0,0.0,0.0,0.0,0.0,0.0,0.0,9.0,0.0,0.0,0.0,0.0,0.0,0.0,0.0,2.0,5.0,0.0,0.0,3.0,0.0,2.0,43.0,0.0,0.0,0.0,0.0,0.0,0.0,0.0,0.0,0.0,0.0,0.0,0.0,0.0,0.0,0.0,0.0,0.0,0.0,0.0,0.0,7.0,0.0,0.0,0.0,0.0,0.0,0.0,0.0,1.0,3.0,0.0,2279532767.0,-1.0,朝阳市建平县,朝阳市建平县黑水镇,12.0,22.5,0.0,0.0,34.5,33.21785714285714,31.348076923076924,39.60348923533779
辽宁省,朝阳市,建平县,喀喇沁镇,120.01195,41.7520967,0.0,5.0,0.0,1.0,2.0,0.0,0.0,0.0,0.0,0.0,0.0,0.0,0.0,0.0,1.0,1.0,0.0,0.0,0.0,0.0,1.0,0.0,0.0,0.0,0.0,5.0,0.0,0.0,0.0,2.0,0.0,0.0,0.0,7.0,3.0,4.0,0.0,1.0,0.0,0.0,2.0,0.0,0.0,0.0,0.0,0.0,0.0,0.0,0.0,0.0,0.0,0.0,0.0,0.0,0.0,0.0,1.0,0.0,0.0,0.0,0.0,1.0,0.0,0.0,0.0,0.0,0.0,0.0,0.0,1.0,2.0,1.0,2279517972.0,-1.0,朝阳市建平县,朝阳市建平县喀喇沁镇,12.0,8.5,0.0,2.2,22.7,33.21785714285714,31.348076923076924,39.60348923533779
辽宁省,朝阳市,建平县,北二十家子镇,119.7356176,42.1593793,0.0,0.0,7.0,4.0,7.0,0.0,0.0,0.0,0.0,0.0,0.0,0.0,0.0,0.0,0.0,0.0,0.0,0.0,0.0,0.0,0.0,0.0,0.0,0.0,0.0,11.0,1.0,0.0,0.0,0.0,0.0,0.0,0.0,1.0,4.0,0.0,0.0,0.0,1.0,3.0,1.0,0.0,0.0,0.0,0.0,0.0,0.0,0.0,0.0,0.0,0.0,0.0,0.0,0.0,0.0,0.0,0.0,0.0,0.0,0.0,0.0,5.0,0.0,0.0,0.0,0.0,0.0,0.0,0.0,1.0,3.0,0.0,2845469783.0,-1.0,朝阳市建平县,朝阳市建平县北二十家子镇,12.0,12.7,0.0,0.1,24.8,33.21785714285714,31.348076923076924,39.60348923533779
辽宁省,朝阳市,建平县,沙海镇,119.4599398,41.4939968,0.0,3.0,0.0,6.0,31.0,2.0,0.0,0.0,1.0,0.0,0.0,2.0,1.0,1.0,2.0,2.0,0.0,0.0,0.0,0.0,0.0,1.0,2.0,0.0,0.0,3.0,10.0,0.0,0.0,0.0,0.0,1.0,0.0,2.0,4.0,3.0,0.0,3.0,0.0,6.0,10.0,2.0,0.0,0.0,1.0,0.0,0.0,1.0,1.0,1.0,2.0,2.0,0.0,0.0,0.0,0.0,0.0,1.0,2.0,0.0,0.0,2.0,7.0,0.0,0.0,0.0,0.0,1.0,0.0,2.0,4.0,3.0,3315840731.0,-1.0,朝阳市建平县,朝阳市建平县沙海镇,10.0,23.2,15.0,3.2,51.400000000000006,33.21785714285714,31.348076923076924,39.60348923533779
辽宁省,朝阳市,建平县,哈拉道口镇,119.4632746,42.3193649,0.0,3.0,0.0,1.0,1.0,0.0,0.0,0.0,0.0,0.0,0.0,0.0,0.0,0.0,1.0,1.0,0.0,0.0,0.0,0.0,3.0,0.0,0.0,0.0,0.0,6.0,0.0,0.0,0.0,0.0,0.0,0.0,0.0,7.0,4.0,2.0,0.0,3.0,0.0,0.0,0.0,0.0,0.0,0.0,0.0,0.0,0.0,0.0,0.0,0.0,1.0,1.0,0.0,0.0,0.0,0.0,3.0,0.0,0.0,0.0,0.0,4.0,0.0,0.0,0.0,0.0,0.0,0.0,0.0,1.0,2.0,2.0,3373560897.0,9611353.0,朝阳市建平县,朝阳市建平县哈拉道口镇,20.0,8.2,5.0,1.0,34.2,33.21785714285714,31.348076923076924,39.60348923533779
辽宁省,朝阳市,建平县,榆树林子镇,119.8022516,41.5810764,0.0,1.0,0.0,1.0,2.0,0.0,0.0,0.0,0.0,0.0,0.0,0.0,0.0,0.0,0.0,0.0,0.0,0.0,0.0,0.0,0.0,0.0,0.0,0.0,0.0,5.0,0.0,0.0,0.0,0.0,0.0,0.0,0.0,1.0,3.0,0.0,0.0,1.0,0.0,0.0,2.0,0.0,0.0,0.0,0.0,0.0,0.0,0.0,0.0,0.0,0.0,0.0,0.0,0.0,0.0,0.0,0.0,0.0,0.0,0.0,0.0,3.0,0.0,0.0,0.0,0.0,0.0,0.0,0.0,1.0,2.0,0.0,2279517969.0,-1.0,朝阳市建平县,朝阳市建平县榆树林子镇,12.0,8.5,0.0,0.0,20.5,33.21785714285714,31.348076923076924,39.60348923533779
辽宁省,朝阳市,建平县,老官地镇,119.2899176,42.2486617,0.0,1.0,1.0,1.0,0.0,0.0,0.0,0.0,0.0,0.0,0.0,0.0,0.0,0.0,1.0,1.0,0.0,0.0,0.0,0.0,0.0,0.0,0.0,0.0,0.0,13.0,0.0,0.0,0.0,0.0,0.0,0.0,0.0,7.0,3.0,2.0,0.0,1.0,0.0,0.0,0.0,0.0,0.0,0.0,0.0,0.0,0.0,0.0,0.0,0.0,1.0,1.0,0.0,0.0,0.0,0.0,0.0,0.0,0.0,0.0,0.0,2.0,0.0,0.0,0.0,0.0,0.0,0.0,0.0,1.0,1.0,0.0,3396672398.0,-1.0,朝阳市建平县,朝阳市建平县老官地镇,12.0,7.5,5.0,1.0,25.5,33.21785714285714,31.348076923076924,39.60348923533779
辽宁省,朝阳市,建平县,深井镇,119.6873219,41.5499114,0.0,1.0,0.0,0.0,0.0,0.0,0.0,0.0,0.0,0.0,0.0,0.0,0.0,0.0,0.0,0.0,0.0,0.0,0.0,0.0,0.0,0.0,0.0,0.0,0.0,2.0,0.0,0.0,0.0,0.0,0.0,0.0,0.0,1.0,1.0,1.0,0.0,1.0,0.0,0.0,0.0,0.0,0.0,0.0,0.0,0.0,0.0,0.0,0.0,0.0,0.0,0.0,0.0,0.0,0.0,0.0,0.0,0.0,0.0,0.0,0.0,2.0,0.0,0.0,0.0,0.0,0.0,0.0,0.0,1.0,1.0,1.0,2279517980.0,-1.0,朝阳市建平县,朝阳市建平县深井镇,9.0,5.5,0.0,0.5,15.0,33.21785714285714,31.348076923076924,39.60348923533779
辽宁省,朝阳市,建平县,奎德素镇,119.485282,41.7949284,0.0,0.0,5.0,2.0,25.0,0.0,0.0,0.0,0.0,0.0,0.0,1.0,1.0,1.0,2.0,2.0,0.0,0.0,1.0,0.0,0.0,1.0,1.0,0.0,0.0,3.0,0.0,0.0,0.0,0.0,0.0,0.0,0.0,1.0,3.0,2.0,0.0,0.0,1.0,2.0,14.0,0.0,0.0,0.0,0.0,0.0,0.0,1.0,1.0,1.0,2.0,2.0,0.0,0.0,1.0,0.0,0.0,1.0,1.0,0.0,0.0,2.0,0.0,0.0,0.0,0.0,0.0,0.0,0.0,1.0,3.0,2.0,2279532776.0,-1.0,朝阳市建平县,朝阳市建平县奎德素镇,10.0,17.7,17.0,1.0,45.7,33.21785714285714,31.348076923076924,39.60348923533779
辽宁省,朝阳市,建平县,小塘镇,119.5875343,41.6323778,0.0,2.0,7.0,1.0,20.0,0.0,0.0,0.0,0.0,0.0,0.0,1.0,1.0,1.0,2.0,2.0,0.0,0.0,0.0,0.0,5.0,1.0,0.0,0.0,0.0,4.0,21.0,0.0,0.0,0.0,0.0,1.0,0.0,1.0,5.0,3.0,0.0,1.0,2.0,1.0,12.0,0.0,0.0,0.0,0.0,0.0,0.0,1.0,1.0,1.0,2.0,2.0,0.0,0.0,0.0,0.0,0.0,1.0,0.0,0.0,0.0,2.0,8.0,0.0,0.0,0.0,0.0,1.0,0.0,1.0,5.0,2.0,2279532764.0,-1.0,朝阳市建平县,朝阳市建平县小塘镇,11.0,16.1,15.0,4.4,46.5,33.21785714285714,31.348076923076924,39.60348923533779
辽宁省,朝阳市,建平县,马场镇,119.7015058,42.0750745,0.0,0.0,1.0,7.0,16.0,0.0,0.0,0.0,0.0,0.0,0.0,0.0,0.0,0.0,0.0,0.0,0.0,0.0,0.0,0.0,8.0,0.0,0.0,0.0,0.0,7.0,19.0,0.0,0.0,0.0,0.0,0.0,0.0,1.0,4.0,1.0,0.0,0.0,1.0,5.0,5.0,0.0,0.0,0.0,0.0,0.0,0.0,0.0,0.0,0.0,0.0,0.0,0.0,0.0,0.0,0.0,3.0,0.0,0.0,0.0,0.0,3.0,12.0,0.0,0.0,0.0,0.0,0.0,0.0,1.0,4.0,1.0,2845469773.0,-1.0,朝阳市建平县,朝阳市建平县马场镇,12.0,16.7,0.0,3.6,32.3,33.21785714285714,31.348076923076924,39.60348923533779
辽宁省,朝阳市,建平县,昌隆镇,119.4080949,42.0013423,0.0,3.0,0.0,3.0,53.0,0.0,0.0,0.0,0.0,0.0,0.0,1.0,0.0,0.0,1.0,1.0,1.0,0.0,0.0,0.0,0.0,1.0,0.0,0.0,0.0,3.0,1.0,0.0,0.0,0.0,0.0,0.0,0.0,1.0,3.0,1.0,0.0,1.0,0.0,2.0,20.0,0.0,0.0,0.0,0.0,0.0,0.0,1.0,0.0,0.0,1.0,1.0,1.0,0.0,0.0,0.0,0.0,1.0,0.0,0.0,0.0,1.0,1.0,0.0,0.0,0.0,0.0,0.0,0.0,1.0,3.0,1.0,2279498907.0,-1.0,朝阳市建平县,朝阳市建平县昌隆镇,10.0,21.5,15.0,0.7,47.2,33.21785714285714,31.348076923076924,39.60348923533779
辽宁省,朝阳市,建平县,张家营子镇,119.6839713,41.7911285,0.0,1.0,1.0,1.0,0.0,0.0,0.0,0.0,0.0,0.0,0.0,0.0,0.0,0.0,0.0,0.0,0.0,0.0,0.0,0.0,0.0,0.0,0.0,0.0,0.0,4.0,0.0,0.0,0.0,0.0,0.0,0.0,0.0,1.0,3.0,0.0,0.0,1.0,1.0,1.0,0.0,0.0,0.0,0.0,0.0,0.0,0.0,0.0,0.0,0.0,0.0,0.0,0.0,0.0,0.0,0.0,0.0,0.0,0.0,0.0,0.0,2.0,0.0,0.0,0.0,0.0,0.0,0.0,0.0,1.0,3.0,0.0,2279532779.0,-1.0,朝阳市建平县,朝阳市建平县张家营子镇,11.0,7.5,0.0,0.0,18.5,33.21785714285714,31.348076923076924,39.60348923533779
辽宁省,朝阳市,建平县,青峰山镇,119.585447,41.5010134,0.0,1.0,0.0,1.0,0.0,0.0,0.0,0.0,0.0,0.0,0.0,0.0,0.0,0.0,0.0,0.0,0.0,0.0,0.0,0.0,0.0,0.0,0.0,0.0,0.0,2.0,0.0,0.0,0.0,0.0,0.0,0.0,0.0,1.0,2.0,0.0,0.0,1.0,0.0,1.0,0.0,0.0,0.0,0.0,0.0,0.0,0.0,0.0,0.0,0.0,0.0,0.0,0.0,0.0,0.0,0.0,0.0,0.0,0.0,0.0,0.0,2.0,0.0,0.0,0.0,0.0,0.0,0.0,0.0,1.0,2.0,0.0,2279525945.0,-1.0,朝阳市建平县,朝阳市建平县青峰山镇,9.0,7.0,0.0,0.0,16.0,33.21785714285714,31.348076923076924,39.60348923533779
辽宁省,朝阳市,建平县,太平庄镇,119.3354273,41.7910086,0.0,0.0,5.0,1.0,51.0,5.0,0.0,0.0,0.0,0.0,0.0,0.0,0.0,0.0,0.0,0.0,0.0,0.0,0.0,0.0,0.0,0.0,2.0,0.0,0.0,3.0,0.0,0.0,0.0,0.0,0.0,0.0,0.0,7.0,4.0,2.0,0.0,0.0,1.0,1.0,16.0,5.0,0.0,0.0,0.0,0.0,0.0,0.0,0.0,0.0,0.0,0.0,0.0,0.0,0.0,0.0,0.0,0.0,2.0,0.0,0.0,2.0,0.0,0.0,0.0,0.0,0.0,0.0,0.0,1.0,4.0,1.0,2279532770.0,-1.0,朝阳市建平县,朝阳市建平县太平庄镇,10.0,22.0,0.0,1.0,33.0,33.21785714285714,31.348076923076924,39.60348923533779
辽宁省,朝阳市,建平县,青松岭乡,119.8789697,41.7784026,0.0,0.0,0.0,2.0,1.0,0.0,0.0,0.0,0.0,0.0,0.0,0.0,0.0,0.0,0.0,0.0,0.0,0.0,0.0,0.0,1.0,0.0,0.0,0.0,0.0,2.0,0.0,0.0,0.0,0.0,0.0,0.0,0.0,1.0,2.0,2.0,0.0,0.0,0.0,2.0,1.0,0.0,0.0,0.0,0.0,0.0,0.0,0.0,0.0,0.0,0.0,0.0,0.0,0.0,0.0,0.0,0.0,0.0,0.0,0.0,0.0,2.0,0.0,0.0,0.0,0.0,0.0,0.0,0.0,1.0,2.0,1.0,2279517965.0,-1.0,朝阳市建平县,朝阳市建平县青松岭乡,9.0,3.5,0.0,1.0,13.5,33.21785714285714,31.348076923076924,39.60348923533779
辽宁省,朝阳市,建平县,杨树岭乡,119.7596238,41.8401943,0.0,0.0,0.0,1.0,0.0,0.0,0.0,0.0,0.0,0.0,0.0,0.0,0.0,0.0,0.0,0.0,0.0,0.0,0.0,0.0,0.0,0.0,0.0,0.0,0.0,3.0,0.0,0.0,0.0,0.0,0.0,0.0,0.0,1.0,1.0,1.0,0.0,0.0,0.0,1.0,0.0,0.0,0.0,0.0,0.0,0.0,0.0,0.0,0.0,0.0,0.0,0.0,0.0,0.0,0.0,0.0,0.0,0.0,0.0,0.0,0.0,2.0,0.0,0.0,0.0,0.0,0.0,0.0,0.0,1.0,1.0,0.0,2279532761.0,-1.0,朝阳市建平县,朝阳市建平县杨树岭乡,10.0,1.5,0.0,0.5,12.0,33.21785714285714,31.348076923076924,39.60348923533779
辽宁省,朝阳市,建平县,罗福沟乡,119.8304512,42.0173459,0.0,0.0,0.0,2.0,5.0,0.0,0.0,0.0,0.0,0.0,0.0,0.0,0.0,0.0,0.0,0.0,0.0,0.0,0.0,0.0,2.0,0.0,0.0,0.0,0.0,2.0,2.0,0.0,0.0,0.0,0.0,0.0,0.0,1.0,2.0,1.0,0.0,0.0,0.0,1.0,3.0,0.0,0.0,0.0,0.0,0.0,0.0,0.0,0.0,0.0,0.0,0.0,0.0,0.0,0.0,0.0,0.0,0.0,0.0,0.0,0.0,2.0,2.0,0.0,0.0,0.0,0.0,0.0,0.0,1.0,2.0,0.0,3396403652.0,-1.0,朝阳市建平县,朝阳市建平县罗福沟乡,9.0,4.9,0.0,0.9,14.8,33.21785714285714,31.348076923076924,39.60348923533779
辽宁省,朝阳市,建平县,烧锅营子乡,119.55783,42.1953695,0.0,0.0,0.0,3.0,0.0,0.0,0.0,0.0,0.0,0.0,0.0,0.0,0.0,0.0,0.0,0.0,0.0,0.0,0.0,0.0,0.0,0.0,0.0,0.0,0.0,10.0,0.0,0.0,0.0,0.0,0.0,0.0,0.0,1.0,1.0,0.0,0.0,0.0,0.0,3.0,0.0,0.0,0.0,0.0,0.0,0.0,0.0,0.0,0.0,0.0,0.0,0.0,0.0,0.0,0.0,0.0,0.0,0.0,0.0,0.0,0.0,2.0,0.0,0.0,0.0,0.0,0.0,0.0,0.0,1.0,1.0,0.0,3396700816.0,9611355.0,朝阳市建平县,朝阳市建平县烧锅营子乡,20.0,3.5,0.0,0.0,23.5,33.21785714285714,31.348076923076924,39.60348923533779
辽宁省,朝阳市,建平县,白山乡,119.4439679,41.754736,0.0,1.0,1.0,0.0,15.0,1.0,0.0,0.0,0.0,0.0,0.0,1.0,0.0,0.0,1.0,1.0,0.0,0.0,0.0,0.0,0.0,1.0,0.0,0.0,0.0,4.0,3.0,0.0,0.0,0.0,0.0,0.0,0.0,1.0,4.0,2.0,0.0,1.0,1.0,0.0,5.0,1.0,0.0,0.0,0.0,0.0,0.0,1.0,0.0,0.0,1.0,1.0,0.0,0.0,0.0,0.0,0.0,1.0,0.0,0.0,0.0,2.0,3.0,0.0,0.0,0.0,0.0,0.0,0.0,1.0,4.0,1.0,2279496835.0,-1.0,朝阳市建平县,朝阳市建平县白山乡,11.0,11.5,10.0,1.6,34.1,33.21785714285714,31.348076923076924,39.60348923533779
辽宁省,朝阳市,建平县,三家蒙古族乡,119.3453945,41.6205161,0.0,7.0,23.0,19.0,190.0,231.0,0.0,9.0,1.0,0.0,0.0,4.0,2.0,2.0,5.0,8.0,1.0,0.0,0.0,0.0,62.0,18.0,2.0,0.0,2.0,18.0,136.0,0.0,0.0,1.0,0.0,18.0,0.0,8.0,9.0,8.0,0.0,0.0,2.0,0.0,26.0,18.0,0.0,0.0,0.0,0.0,0.0,1.0,0.0,0.0,2.0,3.0,0.0,0.0,0.0,0.0,9.0,1.0,0.0,0.0,0.0,3.0,4.0,0.0,0.0,0.0,0.0,1.0,0.0,7.0,4.0,4.0,-1.0,-1.0,朝阳市建平县,朝阳市建平县三家蒙古族乡,5.0,26.0,10.0,18.1,59.1,33.21785714285714,31.348076923076924,39.60348923533779
辽宁省,朝阳市,建平县,义成功乡,119.540203,42.0221902,0.0,0.0,0.0,3.0,1.0,0.0,0.0,0.0,0.0,0.0,0.0,0.0,0.0,0.0,0.0,0.0,0.0,0.0,0.0,0.0,0.0,0.0,0.0,0.0,0.0,2.0,0.0,0.0,0.0,0.0,0.0,0.0,0.0,2.0,3.0,0.0,0.0,0.0,0.0,1.0,0.0,0.0,0.0,0.0,0.0,0.0,0.0,0.0,0.0,0.0,0.0,0.0,0.0,0.0,0.0,0.0,0.0,0.0,0.0,0.0,0.0,2.0,0.0,0.0,0.0,0.0,0.0,0.0,0.0,1.0,1.0,0.0,2279532773.0,-1.0,朝阳市建平县,朝阳市建平县义成功乡,9.0,4.7,0.0,0.0,13.7,33.21785714285714,31.348076923076924,39.60348923533779
辽宁省,朝阳市,喀喇沁左翼蒙古族自治县,大城子街道,119.7399577,41.1249116,0.0,22.0,48.0,14.0,13.0,0.0,0.0,0.0,0.0,0.0,0.0,0.0,1.0,1.0,11.0,12.0,0.0,0.0,0.0,0.0,15.0,0.0,1.0,0.0,0.0,9.0,3.0,0.0,0.0,0.0,0.0,10.0,2.0,3.0,9.0,7.0,0.0,6.0,11.0,7.0,5.0,0.0,0.0,0.0,0.0,0.0,0.0,0.0,0.0,0.0,2.0,2.0,0.0,0.0,0.0,0.0,5.0,0.0,0.0,0.0,0.0,3.0,0.0,0.0,0.0,0.0,0.0,2.0,0.0,1.0,6.0,4.0,6491955060.0,9613663.0,朝阳市喀喇沁左翼蒙古族自治县,朝阳市喀喇沁左翼蒙古族自治县大城子街道,20.0,18.1,5.0,3.8,46.9,24.490476190476187,31.348076923076924,39.60348923533779
辽宁省,朝阳市,喀喇沁左翼蒙古族自治县,利州街道,119.755397,41.120992,0.0,25.0,49.0,14.0,22.0,0.0,0.0,0.0,0.0,0.0,0.0,0.0,1.0,1.0,10.0,11.0,0.0,0.0,0.0,0.0,16.0,0.0,1.0,0.0,0.0,8.0,7.0,0.0,0.0,1.0,0.0,10.0,2.0,4.0,9.0,7.0,0.0,16.0,3.0,7.0,6.0,0.0,0.0,0.0,0.0,0.0,0.0,0.0,0.0,0.0,4.0,4.0,0.0,0.0,0.0,0.0,5.0,0.0,0.0,0.0,0.0,0.0,0.0,0.0,0.0,0.0,0.0,5.0,0.0,0.0,6.0,3.0,-1.0,-1.0,朝阳市喀喇沁左翼蒙古族自治县,朝阳市喀喇沁左翼蒙古族自治县利州街道,5.0,20.2,5.0,4.3,34.5,24.490476190476187,31.348076923076924,39.60348923533779
辽宁省,朝阳市,喀喇沁左翼蒙古族自治县,南公营子镇,119.7021976,40.9058909,1.0,0.0,0.0,10.0,2.0,0.0,0.0,0.0,0.0,0.0,0.0,0.0,0.0,0.0,1.0,1.0,0.0,0.0,0.0,0.0,0.0,0.0,0.0,0.0,0.0,16.0,0.0,0.0,0.0,0.0,0.0,0.0,0.0,3.0,3.0,2.0,0.0,0.0,0.0,2.0,2.0,0.0,0.0,0.0,0.0,0.0,0.0,0.0,0.0,0.0,1.0,1.0,0.0,0.0,0.0,0.0,0.0,0.0,0.0,0.0,0.0,5.0,0.0,0.0,0.0,0.0,0.0,0.0,0.0,3.0,2.0,2.0,2280453624.0,-1.0,朝阳市喀喇沁左翼蒙古族自治县,朝阳市喀喇沁左翼蒙古族自治县南公营子镇,12.0,12.5,5.0,1.0,30.5,24.490476190476187,31.348076923076924,39.60348923533779
辽宁省,朝阳市,喀喇沁左翼蒙古族自治县,山嘴子镇,119.5044916,40.8971363,0.0,0.0,1.0,5.0,3.0,0.0,0.0,0.0,1.0,0.0,0.0,0.0,0.0,0.0,0.0,0.0,0.0,0.0,0.0,0.0,0.0,0.0,0.0,0.0,0.0,16.0,0.0,0.0,0.0,0.0,0.0,0.0,0.0,5.0,3.0,1.0,0.0,0.0,0.0,5.0,2.0,0.0,0.0,0.0,0.0,0.0,0.0,0.0,0.0,0.0,0.0,0.0,0.0,0.0,0.0,0.0,0.0,0.0,0.0,0.0,0.0,3.0,0.0,0.0,0.0,0.0,0.0,0.0,0.0,3.0,2.0,1.0,3318960868.0,-1.0,朝阳市喀喇沁左翼蒙古族自治县,朝阳市喀喇沁左翼蒙古族自治县山嘴子镇,12.0,14.7,0.0,0.5,27.2,24.490476190476187,31.348076923076924,39.60348923533779
辽宁省,朝阳市,喀喇沁左翼蒙古族自治县,公营子镇,119.8390965,41.3542595,1.0,15.0,9.0,10.0,15.0,1.0,0.0,0.0,1.0,0.0,0.0,0.0,0.0,0.0,0.0,0.0,0.0,0.0,0.0,1.0,2.0,0.0,1.0,0.0,0.0,1.0,134.0,0.0,0.0,0.0,0.0,1.0,1.0,3.0,8.0,5.0,0.0,9.0,5.0,2.0,3.0,0.0,0.0,0.0,0.0,0.0,0.0,0.0,0.0,0.0,0.0,0.0,0.0,0.0,0.0,1.0,0.0,0.0,0.0,0.0,0.0,1.0,12.0,0.0,0.0,0.0,0.0,1.0,1.0,1.0,4.0,3.0,2277092673.0,-1.0,朝阳市喀喇沁左翼蒙古族自治县,朝阳市喀喇沁左翼蒙古族自治县公营子镇,8.0,19.9,1.0,17.1,46.0,24.490476190476187,31.348076923076924,39.60348923533779
辽宁省,朝阳市,喀喇沁左翼蒙古族自治县,白塔子镇,119.644676,40.8668927,0.0,0.0,0.0,8.0,1.0,0.0,0.0,0.0,0.0,0.0,0.0,0.0,0.0,0.0,0.0,0.0,0.0,0.0,0.0,0.0,0.0,0.0,0.0,0.0,0.0,14.0,0.0,0.0,0.0,0.0,0.0,0.0,0.0,1.0,2.0,1.0,0.0,0.0,0.0,4.0,0.0,0.0,0.0,0.0,0.0,0.0,0.0,0.0,0.0,0.0,0.0,0.0,0.0,0.0,0.0,0.0,0.0,0.0,0.0,0.0,0.0,1.0,0.0,0.0,0.0,0.0,0.0,0.0,0.0,1.0,1.0,1.0,2280453611.0,-1.0,朝阳市喀喇沁左翼蒙古族自治县,朝阳市喀喇沁左翼蒙古族自治县白塔子镇,12.0,6.2,0.0,0.5,18.7,24.490476190476187,31.348076923076924,39.60348923533779
辽宁省,朝阳市,喀喇沁左翼蒙古族自治县,中三家镇,119.8169954,41.4143216,0.0,0.0,0.0,9.0,21.0,0.0,0.0,0.0,0.0,0.0,0.0,0.0,0.0,0.0,0.0,0.0,0.0,0.0,0.0,0.0,0.0,0.0,0.0,0.0,0.0,1.0,28.0,0.0,0.0,0.0,0.0,0.0,0.0,1.0,3.0,0.0,0.0,0.0,0.0,2.0,5.0,0.0,0.0,0.0,0.0,0.0,0.0,0.0,0.0,0.0,0.0,0.0,0.0,0.0,0.0,0.0,0.0,0.0,0.0,0.0,0.0,1.0,6.0,0.0,0.0,0.0,0.0,0.0,0.0,1.0,3.0,0.0,3315761202.0,-1.0,朝阳市喀喇沁左翼蒙古族自治县,朝阳市喀喇沁左翼蒙古族自治县中三家镇,8.0,12.2,0.0,3.4000000000000004,23.6,24.490476190476187,31.348076923076924,39.60348923533779
辽宁省,朝阳市,喀喇沁左翼蒙古族自治县,老爷庙镇,119.8485014,41.046225,0.0,1.0,1.0,1.0,3.0,0.0,0.0,0.0,0.0,0.0,0.0,0.0,0.0,0.0,0.0,0.0,0.0,0.0,0.0,0.0,0.0,0.0,0.0,0.0,0.0,16.0,0.0,0.0,0.0,0.0,0.0,0.0,0.0,1.0,4.0,0.0,0.0,1.0,1.0,0.0,0.0,0.0,0.0,0.0,0.0,0.0,0.0,0.0,0.0,0.0,0.0,0.0,0.0,0.0,0.0,0.0,0.0,0.0,0.0,0.0,0.0,3.0,0.0,0.0,0.0,0.0,0.0,0.0,0.0,1.0,2.0,0.0,2280513328.0,-1.0,朝阳市喀喇沁左翼蒙古族自治县,朝阳市喀喇沁左翼蒙古族自治县老爷庙镇,12.0,8.6,0.0,0.0,20.6,24.490476190476187,31.348076923076924,39.60348923533779
辽宁省,朝阳市,喀喇沁左翼蒙古族自治县,六官营子镇,119.6284959,41.1760215,0.0,3.0,3.0,4.0,2.0,0.0,0.0,0.0,0.0,0.0,0.0,0.0,0.0,0.0,0.0,0.0,0.0,0.0,0.0,0.0,0.0,0.0,0.0,0.0,0.0,16.0,0.0,0.0,0.0,0.0,0.0,0.0,0.0,1.0,6.0,1.0,0.0,3.0,1.0,3.0,0.0,0.0,0.0,0.0,0.0,0.0,0.0,0.0,0.0,0.0,0.0,0.0,0.0,0.0,0.0,0.0,0.0,0.0,0.0,0.0,0.0,2.0,0.0,0.0,0.0,0.0,0.0,0.0,0.0,1.0,3.0,1.0,2280492557.0,-1.0,朝阳市喀喇沁左翼蒙古族自治县,朝阳市喀喇沁左翼蒙古族自治县六官营子镇,12.0,12.4,0.0,0.5,24.9,24.490476190476187,31.348076923076924,39.60348923533779
辽宁省,朝阳市,喀喇沁左翼蒙古族自治县,平房子镇,119.6371658,40.9671319,3.0,0.0,0.0,5.0,3.0,0.0,0.0,0.0,0.0,0.0,0.0,0.0,0.0,0.0,0.0,0.0,0.0,0.0,0.0,0.0,0.0,0.0,0.0,0.0,0.0,13.0,0.0,0.0,0.0,0.0,0.0,0.0,0.0,2.0,4.0,1.0,1.0,0.0,0.0,0.0,0.0,0.0,0.0,0.0,0.0,0.0,0.0,0.0,0.0,0.0,0.0,0.0,0.0,0.0,0.0,0.0,0.0,0.0,0.0,0.0,0.0,2.0,0.0,0.0,0.0,0.0,0.0,0.0,0.0,2.0,1.0,1.0,2280453634.0,-1.0,朝阳市喀喇沁左翼蒙古族自治县,朝阳市喀喇沁左翼蒙古族自治县平房子镇,12.0,12.6,0.0,0.5,25.1,24.490476190476187,31.348076923076924,39.60348923533779
辽宁省,朝阳市,喀喇沁左翼蒙古族自治县,十二德堡镇,119.9036422,40.9717138,0.0,1.0,1.0,0.0,2.0,0.0,0.0,0.0,0.0,0.0,0.0,0.0,0.0,0.0,0.0,0.0,0.0,0.0,0.0,0.0,0.0,0.0,0.0,0.0,0.0,35.0,0.0,0.0,0.0,0.0,0.0,0.0,0.0,1.0,3.0,1.0,0.0,1.0,1.0,0.0,2.0,0.0,0.0,0.0,0.0,0.0,0.0,0.0,0.0,0.0,0.0,0.0,0.0,0.0,0.0,0.0,0.0,0.0,0.0,0.0,0.0,5.0,0.0,0.0,0.0,0.0,0.0,0.0,0.0,1.0,3.0,0.0,2280513334.0,-1.0,朝阳市喀喇沁左翼蒙古族自治县,朝阳市喀喇沁左翼蒙古族自治县十二德堡镇,12.0,7.5,0.0,0.5,20.0,24.490476190476187,31.348076923076924,39.60348923533779
辽宁省,朝阳市,喀喇沁左翼蒙古族自治县,羊角沟镇,119.9626639,41.1920739,0.0,0.0,2.0,1.0,4.0,0.0,0.0,0.0,0.0,0.0,0.0,0.0,0.0,0.0,0.0,0.0,0.0,0.0,0.0,0.0,0.0,0.0,0.0,0.0,0.0,32.0,1.0,0.0,0.0,0.0,0.0,0.0,0.0,4.0,3.0,0.0,0.0,0.0,2.0,1.0,2.0,0.0,0.0,0.0,0.0,0.0,0.0,0.0,0.0,0.0,0.0,0.0,0.0,0.0,0.0,0.0,0.0,0.0,0.0,0.0,0.0,2.0,0.0,0.0,0.0,0.0,0.0,0.0,0.0,1.0,3.0,0.0,3311578684.0,-1.0,朝阳市喀喇沁左翼蒙古族自治县,朝阳市喀喇沁左翼蒙古族自治县羊角沟镇,12.0,8.9,0.0,0.1,21.0,24.490476190476187,31.348076923076924,39.60348923533779
辽宁省,朝阳市,喀喇沁左翼蒙古族自治县,兴隆庄镇,119.7900746,41.1683327,0.0,2.0,1.0,1.0,11.0,3.0,0.0,0.0,0.0,0.0,1.0,0.0,0.0,0.0,0.0,0.0,0.0,0.0,0.0,0.0,0.0,0.0,0.0,0.0,0.0,23.0,0.0,0.0,0.0,0.0,0.0,0.0,0.0,2.0,6.0,0.0,0.0,2.0,0.0,1.0,11.0,3.0,0.0,0.0,0.0,0.0,1.0,0.0,0.0,0.0,0.0,0.0,0.0,0.0,0.0,0.0,0.0,0.0,0.0,0.0,0.0,4.0,0.0,0.0,0.0,0.0,0.0,0.0,0.0,1.0,5.0,0.0,6491955063.0,-1.0,朝阳市喀喇沁左翼蒙古族自治县,朝阳市喀喇沁左翼蒙古族自治县兴隆庄镇,12.0,16.5,0.0,0.0,28.5,24.490476190476187,31.348076923076924,39.60348923533779
辽宁省,朝阳市,喀喇沁左翼蒙古族自治县,甘招镇,119.843524,41.2482826,0.0,2.0,0.0,1.0,0.0,0.0,0.0,0.0,0.0,0.0,0.0,0.0,0.0,0.0,0.0,0.0,0.0,0.0,0.0,0.0,0.0,0.0,0.0,0.0,0.0,2.0,0.0,0.0,0.0,0.0,0.0,0.0,0.0,1.0,2.0,0.0,0.0,2.0,0.0,1.0,0.0,0.0,0.0,0.0,0.0,0.0,0.0,0.0,0.0,0.0,0.0,0.0,0.0,0.0,0.0,0.0,0.0,0.0,0.0,0.0,0.0,1.0,0.0,0.0,0.0,0.0,0.0,0.0,0.0,1.0,2.0,0.0,6491955061.0,-1.0,朝阳市喀喇沁左翼蒙古族自治县,朝阳市喀喇沁左翼蒙古族自治县甘招镇,9.0,7.0,0.0,0.0,16.0,24.490476190476187,31.348076923076924,39.60348923533779
辽宁省,朝阳市,喀喇沁左翼蒙古族自治县,东哨镇,119.8335919,41.1355762,0.0,0.0,1.0,0.0,4.0,0.0,0.0,0.0,0.0,0.0,0.0,0.0,0.0,0.0,0.0,0.0,0.0,0.0,0.0,0.0,2.0,0.0,0.0,0.0,0.0,10.0,0.0,0.0,0.0,0.0,0.0,0.0,0.0,2.0,3.0,2.0,0.0,0.0,1.0,0.0,1.0,0.0,0.0,0.0,0.0,0.0,0.0,0.0,0.0,0.0,0.0,0.0,0.0,0.0,0.0,0.0,1.0,0.0,0.0,0.0,0.0,3.0,0.0,0.0,0.0,0.0,0.0,0.0,0.0,2.0,2.0,2.0,3311578687.0,-1.0,朝阳市喀喇沁左翼蒙古族自治县,朝阳市喀喇沁左翼蒙古族自治县东哨镇,12.0,7.6,0.0,1.0,20.6,24.490476190476187,31.348076923076924,39.60348923533779
辽宁省,朝阳市,喀喇沁左翼蒙古族自治县,水泉镇,119.9224381,41.2968935,0.0,2.0,0.0,1.0,2.0,0.0,0.0,0.0,0.0,0.0,0.0,0.0,0.0,0.0,0.0,0.0,0.0,0.0,0.0,0.0,2.0,0.0,1.0,0.0,0.0,15.0,0.0,0.0,0.0,0.0,0.0,0.0,0.0,4.0,3.0,3.0,0.0,0.0,0.0,0.0,2.0,0.0,0.0,0.0,0.0,0.0,0.0,0.0,0.0,0.0,0.0,0.0,0.0,0.0,0.0,0.0,0.0,0.0,0.0,0.0,0.0,4.0,0.0,0.0,0.0,0.0,0.0,0.0,0.0,3.0,1.0,1.0,-1.0,-1.0,朝阳市喀喇沁左翼蒙古族自治县,朝阳市喀喇沁左翼蒙古族自治县水泉镇,5.0,8.5,0.0,1.5,15.0,24.490476190476187,31.348076923076924,39.60348923533779
辽宁省,朝阳市,喀喇沁左翼蒙古族自治县,尤杖子乡,119.9677208,41.0171935,0.0,0.0,1.0,1.0,0.0,0.0,0.0,0.0,0.0,0.0,0.0,0.0,0.0,0.0,0.0,0.0,0.0,0.0,0.0,0.0,0.0,0.0,0.0,0.0,0.0,24.0,0.0,0.0,0.0,0.0,0.0,0.0,0.0,1.0,2.0,0.0,0.0,0.0,1.0,0.0,0.0,0.0,0.0,0.0,0.0,0.0,0.0,0.0,0.0,0.0,0.0,0.0,0.0,0.0,0.0,0.0,0.0,0.0,0.0,0.0,0.0,6.0,0.0,0.0,0.0,0.0,0.0,0.0,0.0,1.0,1.0,0.0,6491955064.0,-1.0,朝阳市喀喇沁左翼蒙古族自治县,朝阳市喀喇沁左翼蒙古族自治县尤杖子乡,12.0,7.0,0.0,0.0,19.0,24.490476190476187,31.348076923076924,39.60348923533779
辽宁省,朝阳市,喀喇沁左翼蒙古族自治县,草场乡,119.7822806,41.0277642,0.0,0.0,0.0,1.0,2.0,0.0,0.0,0.0,0.0,0.0,0.0,0.0,0.0,0.0,0.0,0.0,0.0,0.0,0.0,0.0,0.0,0.0,0.0,0.0,0.0,13.0,0.0,0.0,0.0,0.0,0.0,0.0,0.0,1.0,3.0,0.0,0.0,0.0,0.0,1.0,0.0,0.0,0.0,0.0,0.0,0.0,0.0,0.0,0.0,0.0,0.0,0.0,0.0,0.0,0.0,0.0,0.0,0.0,0.0,0.0,0.0,3.0,0.0,0.0,0.0,0.0,0.0,0.0,0.0,1.0,1.0,0.0,6491955059.0,-1.0,朝阳市喀喇沁左翼蒙古族自治县,朝阳市喀喇沁左翼蒙古族自治县草场乡,12.0,2.9,0.0,0.0,14.9,24.490476190476187,31.348076923076924,39.60348923533779
辽宁省,朝阳市,喀喇沁左翼蒙古族自治县,坤都营子乡,119.6067135,41.0753908,0.0,0.0,0.0,2.0,2.0,0.0,0.0,0.0,0.0,0.0,0.0,0.0,0.0,0.0,2.0,2.0,0.0,0.0,0.0,0.0,0.0,0.0,0.0,0.0,0.0,11.0,0.0,0.0,0.0,0.0,0.0,0.0,0.0,3.0,3.0,1.0,0.0,0.0,0.0,1.0,2.0,0.0,0.0,0.0,0.0,0.0,0.0,0.0,0.0,0.0,2.0,2.0,0.0,0.0,0.0,0.0,0.0,0.0,0.0,0.0,0.0,2.0,0.0,0.0,0.0,0.0,0.0,0.0,0.0,1.0,3.0,0.0,3376125743.0,-1.0,朝阳市喀喇沁左翼蒙古族自治县,朝阳市喀喇沁左翼蒙古族自治县坤都营子乡,12.0,4.5,5.0,0.5,22.0,24.490476190476187,31.348076923076924,39.60348923533779
辽宁省,朝阳市,喀喇沁左翼蒙古族自治县,大营子乡,119.5464149,41.2071177,0.0,3.0,0.0,1.0,7.0,0.0,0.0,0.0,0.0,0.0,0.0,0.0,0.0,0.0,0.0,0.0,0.0,0.0,0.0,0.0,0.0,0.0,0.0,0.0,0.0,15.0,9.0,0.0,0.0,0.0,0.0,0.0,0.0,3.0,5.0,2.0,0.0,1.0,0.0,1.0,2.0,0.0,0.0,0.0,0.0,0.0,0.0,0.0,0.0,0.0,0.0,0.0,0.0,0.0,0.0,0.0,0.0,0.0,0.0,0.0,0.0,3.0,3.0,0.0,0.0,0.0,0.0,0.0,0.0,1.0,3.0,0.0,2280492556.0,-1.0,朝阳市喀喇沁左翼蒙古族自治县,朝阳市喀喇沁左翼蒙古族自治县大营子乡,12.0,10.5,0.0,2.2,24.7,24.490476190476187,31.348076923076924,39.60348923533779
辽宁省,朝阳市,喀喇沁左翼蒙古族自治县,卧虎沟乡,119.7705078,41.2368396,0.0,0.0,0.0,1.0,0.0,0.0,0.0,0.0,1.0,1.0,0.0,0.0,0.0,0.0,0.0,0.0,0.0,0.0,0.0,0.0,0.0,0.0,0.0,0.0,0.0,2.0,1.0,0.0,0.0,0.0,0.0,0.0,0.0,1.0,1.0,0.0,0.0,0.0,0.0,1.0,0.0,0.0,0.0,0.0,0.0,0.0,0.0,0.0,0.0,0.0,0.0,0.0,0.0,0.0,0.0,0.0,0.0,0.0,0.0,0.0,0.0,1.0,0.0,0.0,0.0,0.0,0.0,0.0,0.0,1.0,1.0,0.0,6491955062.0,-1.0,朝阳市喀喇沁左翼蒙古族自治县,朝阳市喀喇沁左翼蒙古族自治县卧虎沟乡,9.0,5.5,0.0,0.1,14.6,24.490476190476187,31.348076923076924,39.60348923533779
辽宁省,朝阳市,北票市,城关街道,120.7552419,41.8089727,0.0,28.0,52.0,54.0,65.0,7.0,0.0,0.0,1.0,1.0,0.0,0.0,0.0,0.0,0.0,0.0,0.0,0.0,0.0,0.0,0.0,0.0,1.0,0.0,0.0,12.0,49.0,0.0,0.0,3.0,0.0,9.0,1.0,8.0,8.0,4.0,0.0,8.0,14.0,15.0,6.0,0.0,0.0,0.0,0.0,0.0,0.0,0.0,0.0,0.0,0.0,0.0,0.0,0.0,0.0,0.0,0.0,0.0,1.0,0.0,0.0,1.0,14.0,0.0,0.0,2.0,0.0,1.0,0.0,4.0,5.0,3.0,6485553666.0,9604835.0,朝阳市北票市,朝阳市北票市城关街道,20.0,28.0,0.0,8.8,56.8,26.358064516129033,31.348076923076924,39.60348923533779
辽宁省,朝阳市,北票市,南山街道,120.7638345,41.7976336,0.0,28.0,52.0,56.0,62.0,4.0,0.0,0.0,2.0,1.0,0.0,0.0,0.0,0.0,0.0,0.0,0.0,0.0,0.0,0.0,0.0,0.0,1.0,0.0,0.0,9.0,52.0,0.0,0.0,3.0,0.0,9.0,1.0,7.0,8.0,4.0,0.0,0.0,22.0,15.0,20.0,4.0,0.0,0.0,0.0,1.0,0.0,0.0,0.0,0.0,0.0,0.0,0.0,0.0,0.0,0.0,0.0,0.0,1.0,0.0,0.0,2.0,9.0,0.0,0.0,0.0,0.0,4.0,0.0,6.0,5.0,2.0,6485553668.0,9604837.0,朝阳市北票市,朝阳市北票市南山街道,20.0,28.0,0.0,8.4,56.4,26.358064516129033,31.348076923076924,39.60348923533779
辽宁省,朝阳市,北票市,冠山街道,120.789782,41.815273,0.0,0.0,43.0,54.0,51.0,5.0,0.0,0.0,1.0,1.0,0.0,0.0,0.0,0.0,0.0,0.0,0.0,0.0,0.0,0.0,0.0,0.0,0.0,0.0,0.0,11.0,23.0,0.0,0.0,0.0,0.0,2.0,0.0,6.0,6.0,2.0,0.0,0.0,0.0,7.0,6.0,0.0,0.0,0.0,0.0,0.0,0.0,0.0,0.0,0.0,0.0,0.0,0.0,0.0,0.0,0.0,0.0,0.0,0.0,0.0,0.0,2.0,8.0,0.0,0.0,0.0,0.0,0.0,0.0,1.0,3.0,0.0,6485553667.0,9604836.0,朝阳市北票市,朝阳市北票市冠山街道,20.0,27.0,0.0,4.1,51.1,26.358064516129033,31.348076923076924,39.60348923533779
辽宁省,朝阳市,北票市,台吉街道,120.707592,41.7940882,0.0,18.0,3.0,2.0,45.0,0.0,0.0,0.0,0.0,0.0,0.0,0.0,0.0,0.0,0.0,0.0,0.0,0.0,0.0,0.0,0.0,0.0,0.0,0.0,0.0,3.0,19.0,0.0,0.0,0.0,0.0,2.0,0.0,5.0,5.0,3.0,0.0,4.0,0.0,0.0,9.0,0.0,0.0,0.0,0.0,0.0,0.0,0.0,0.0,0.0,0.0,0.0,0.0,0.0,0.0,0.0,0.0,0.0,0.0,0.0,0.0,1.0,14.0,0.0,0.0,0.0,0.0,0.0,0.0,1.0,3.0,0.0,6485553672.0,9604841.0,朝阳市北票市,朝阳市北票市台吉街道,18.0,21.2,0.0,4.800000000000001,44.0,26.358064516129033,31.348076923076924,39.60348923533779
辽宁省,朝阳市,北票市,西官营镇,120.5474868,41.8922459,0.0,0.0,4.0,2.0,7.0,0.0,0.0,0.0,0.0,0.0,0.0,0.0,0.0,0.0,0.0,0.0,0.0,0.0,0.0,0.0,1.0,0.0,0.0,0.0,0.0,1.0,0.0,0.0,0.0,0.0,0.0,0.0,0.0,1.0,3.0,1.0,0.0,0.0,1.0,0.0,7.0,0.0,0.0,0.0,0.0,0.0,0.0,0.0,0.0,0.0,0.0,0.0,0.0,0.0,0.0,0.0,1.0,0.0,0.0,0.0,0.0,1.0,0.0,0.0,0.0,0.0,0.0,0.0,0.0,1.0,2.0,1.0,3305673661.0,-1.0,朝阳市北票市,朝阳市北票市西官营镇,8.0,12.0,0.0,0.5,20.5,26.358064516129033,31.348076923076924,39.60348923533779
辽宁省,朝阳市,北票市,大板镇,120.8314993,41.7054882,0.0,0.0,3.0,4.0,8.0,0.0,0.0,0.0,0.0,0.0,0.0,0.0,0.0,0.0,0.0,0.0,0.0,0.0,0.0,0.0,0.0,0.0,0.0,0.0,0.0,1.0,12.0,0.0,0.0,1.0,0.0,0.0,0.0,3.0,5.0,2.0,0.0,0.0,1.0,1.0,5.0,0.0,0.0,0.0,0.0,0.0,0.0,0.0,0.0,0.0,0.0,0.0,0.0,0.0,0.0,0.0,0.0,0.0,0.0,0.0,0.0,1.0,10.0,0.0,0.0,0.0,0.0,0.0,0.0,2.0,4.0,0.0,2277023496.0,-1.0,朝阳市北票市,朝阳市北票市大板镇,8.0,14.6,0.0,3.3000000000000003,25.900000000000002,26.358064516129033,31.348076923076924,39.60348923533779
辽宁省,朝阳市,北票市,上园镇,120.9789167,41.6100103,0.0,0.0,7.0,4.0,3.0,0.0,0.0,1.0,1.0,0.0,0.0,0.0,0.0,0.0,0.0,0.0,0.0,0.0,0.0,0.0,0.0,0.0,0.0,0.0,0.0,8.0,3.0,0.0,0.0,0.0,0.0,0.0,0.0,6.0,4.0,1.0,0.0,0.0,3.0,0.0,3.0,0.0,0.0,1.0,0.0,0.0,0.0,0.0,0.0,0.0,0.0,0.0,0.0,0.0,0.0,0.0,0.0,0.0,0.0,0.0,0.0,2.0,1.0,0.0,0.0,0.0,0.0,0.0,0.0,2.0,3.0,1.0,3306032485.0,-1.0,朝阳市北票市,朝阳市北票市上园镇,12.0,14.5,0.0,0.9,27.4,26.358064516129033,31.348076923076924,39.60348923533779
辽宁省,朝阳市,北票市,宝国老镇,120.8433465,42.0852903,0.0,0.0,1.0,6.0,0.0,0.0,0.0,0.0,0.0,0.0,0.0,0.0,0.0,0.0,0.0,0.0,0.0,0.0,0.0,0.0,0.0,0.0,0.0,0.0,0.0,2.0,0.0,0.0,0.0,0.0,0.0,0.0,0.0,1.0,2.0,1.0,0.0,0.0,1.0,5.0,0.0,0.0,0.0,0.0,0.0,0.0,0.0,0.0,0.0,0.0,0.0,0.0,0.0,0.0,0.0,0.0,0.0,0.0,0.0,0.0,0.0,1.0,0.0,0.0,0.0,0.0,0.0,0.0,0.0,1.0,2.0,1.0,4759837550.0,-1.0,朝阳市北票市,朝阳市北票市宝国老镇,9.0,11.0,0.0,0.5,20.5,26.358064516129033,31.348076923076924,39.60348923533779
辽宁省,朝阳市,北票市,黑城子镇,120.9663883,42.1397773,0.0,0.0,1.0,0.0,72.0,0.0,0.0,0.0,0.0,0.0,0.0,0.0,0.0,0.0,0.0,0.0,0.0,0.0,0.0,0.0,0.0,0.0,0.0,0.0,0.0,1.0,0.0,0.0,0.0,0.0,0.0,0.0,0.0,1.0,4.0,1.0,0.0,0.0,1.0,0.0,40.0,0.0,0.0,0.0,0.0,0.0,0.0,0.0,0.0,0.0,0.0,0.0,0.0,0.0,0.0,0.0,0.0,0.0,0.0,0.0,0.0,1.0,0.0,0.0,0.0,0.0,0.0,0.0,0.0,1.0,4.0,0.0,3303994573.0,-1.0,朝阳市北票市,朝阳市北票市黑城子镇,8.0,22.0,0.0,0.5,30.5,26.358064516129033,31.348076923076924,39.60348923533779
辽宁省,朝阳市,北票市,五间房镇,120.7434987,41.8250505,7.0,21.0,32.0,39.0,43.0,3.0,0.0,0.0,1.0,0.0,1.0,0.0,0.0,0.0,0.0,0.0,0.0,0.0,0.0,0.0,0.0,0.0,1.0,0.0,0.0,8.0,62.0,0.0,0.0,2.0,0.0,3.0,0.0,6.0,7.0,3.0,0.0,2.0,2.0,1.0,3.0,3.0,0.0,0.0,0.0,0.0,0.0,0.0,0.0,0.0,0.0,0.0,0.0,0.0,0.0,0.0,0.0,0.0,0.0,0.0,0.0,2.0,4.0,0.0,0.0,0.0,0.0,0.0,0.0,3.0,6.0,1.0,2277023498.0,9604843.0,朝阳市北票市,朝阳市北票市五间房镇,20.0,27.0,0.0,8.3,55.3,26.358064516129033,31.348076923076924,39.60348923533779
辽宁省,朝阳市,北票市,台吉镇,120.7075042,41.8035441,1.0,20.0,3.0,2.0,50.0,1.0,0.0,0.0,0.0,0.0,0.0,0.0,0.0,0.0,0.0,0.0,0.0,0.0,0.0,0.0,0.0,0.0,0.0,0.0,0.0,3.0,26.0,0.0,0.0,0.0,0.0,2.0,0.0,5.0,7.0,2.0,0.0,2.0,0.0,0.0,14.0,0.0,0.0,0.0,0.0,0.0,0.0,0.0,0.0,0.0,0.0,0.0,0.0,0.0,0.0,0.0,0.0,0.0,0.0,0.0,0.0,1.0,11.0,0.0,0.0,0.0,0.0,0.0,0.0,2.0,3.0,0.0,2277023499.0,-1.0,朝阳市北票市,朝阳市北票市台吉镇,10.0,23.5,0.0,4.7,38.2,26.358064516129033,31.348076923076924,39.60348923533779
辽宁省,朝阳市,北票市,东官营镇,120.6252665,41.9283254,6.0,6.0,4.0,15.0,7.0,2.0,0.0,0.0,0.0,0.0,0.0,0.0,0.0,0.0,0.0,0.0,0.0,0.0,0.0,0.0,0.0,0.0,0.0,0.0,0.0,1.0,1.0,0.0,0.0,0.0,0.0,0.0,0.0,1.0,7.0,1.0,3.0,5.0,4.0,6.0,4.0,0.0,0.0,0.0,0.0,0.0,0.0,0.0,0.0,0.0,0.0,0.0,0.0,0.0,0.0,0.0,0.0,0.0,0.0,0.0,0.0,1.0,1.0,0.0,0.0,0.0,0.0,0.0,0.0,1.0,6.0,1.0,3305651804.0,-1.0,朝阳市北票市,朝阳市北票市东官营镇,8.0,16.1,0.0,0.7,24.8,26.358064516129033,31.348076923076924,39.60348923533779
辽宁省,朝阳市,北票市,龙潭镇,120.4051752,41.9028735,0.0,0.0,4.0,0.0,1.0,0.0,0.0,0.0,0.0,0.0,0.0,0.0,0.0,0.0,0.0,0.0,0.0,0.0,0.0,0.0,0.0,0.0,0.0,0.0,0.0,1.0,0.0,0.0,0.0,0.0,0.0,0.0,0.0,1.0,2.0,0.0,0.0,0.0,4.0,0.0,1.0,0.0,0.0,0.0,0.0,0.0,0.0,0.0,0.0,0.0,0.0,0.0,0.0,0.0,0.0,0.0,0.0,0.0,0.0,0.0,0.0,1.0,0.0,0.0,0.0,0.0,0.0,0.0,0.0,1.0,2.0,0.0,-1.0,-1.0,朝阳市北票市,朝阳市北票市龙潭镇,1.0,6.5,0.0,0.0,7.5,26.358064516129033,31.348076923076924,39.60348923533779
辽宁省,朝阳市,北票市,北塔镇,120.7831827,42.1976354,0.0,0.0,3.0,6.0,2.0,0.0,0.0,0.0,0.0,0.0,0.0,0.0,0.0,0.0,0.0,0.0,0.0,0.0,0.0,0.0,0.0,0.0,0.0,0.0,0.0,3.0,0.0,0.0,0.0,0.0,0.0,0.0,0.0,7.0,3.0,1.0,0.0,0.0,1.0,3.0,0.0,0.0,0.0,0.0,0.0,0.0,0.0,0.0,0.0,0.0,0.0,0.0,0.0,0.0,0.0,0.0,0.0,0.0,0.0,0.0,0.0,1.0,0.0,0.0,0.0,0.0,0.0,0.0,0.0,1.0,2.0,1.0,3303935817.0,-1.0,朝阳市北票市,朝阳市北票市北塔镇,10.0,11.9,0.0,0.5,22.4,26.358064516129033,31.348076923076924,39.60348923533779
辽宁省,朝阳市,北票市,蒙古营镇,120.8413414,41.9101309,3.0,0.0,2.0,9.0,17.0,0.0,0.0,0.0,0.0,0.0,1.0,0.0,0.0,0.0,0.0,0.0,0.0,0.0,0.0,0.0,0.0,0.0,0.0,0.0,0.0,1.0,17.0,0.0,0.0,0.0,0.0,0.0,0.0,1.0,5.0,1.0,0.0,0.0,2.0,1.0,6.0,0.0,0.0,0.0,0.0,0.0,0.0,0.0,0.0,0.0,0.0,0.0,0.0,0.0,0.0,0.0,0.0,0.0,0.0,0.0,0.0,1.0,3.0,0.0,0.0,0.0,0.0,0.0,0.0,1.0,4.0,0.0,2277023500.0,-1.0,朝阳市北票市,朝阳市北票市蒙古营镇,8.0,19.7,0.0,2.5,30.2,26.358064516129033,31.348076923076924,39.60348923533779
辽宁省,朝阳市,北票市,大三家镇,120.6231877,41.8026386,1.0,0.0,0.0,2.0,4.0,0.0,0.0,0.0,0.0,0.0,0.0,0.0,0.0,0.0,0.0,0.0,0.0,0.0,0.0,0.0,0.0,0.0,0.0,0.0,0.0,1.0,0.0,0.0,0.0,0.0,0.0,0.0,0.0,1.0,3.0,0.0,1.0,0.0,0.0,1.0,1.0,0.0,0.0,0.0,0.0,0.0,0.0,0.0,0.0,0.0,0.0,0.0,0.0,0.0,0.0,0.0,0.0,0.0,0.0,0.0,0.0,1.0,0.0,0.0,0.0,0.0,0.0,0.0,0.0,1.0,3.0,0.0,-1.0,-1.0,朝阳市北票市,朝阳市北票市大三家镇,1.0,9.6,0.0,0.0,10.6,26.358064516129033,31.348076923076924,39.60348923533779
辽宁省,朝阳市,北票市,长皋乡,121.0446136,41.8044519,0.0,0.0,0.0,2.0,3.0,0.0,0.0,0.0,0.0,0.0,0.0,0.0,0.0,0.0,0.0,0.0,0.0,0.0,0.0,0.0,1.0,0.0,0.0,0.0,0.0,1.0,0.0,0.0,0.0,0.0,0.0,0.0,0.0,1.0,3.0,2.0,0.0,0.0,0.0,2.0,3.0,0.0,0.0,0.0,0.0,0.0,0.0,0.0,0.0,0.0,0.0,0.0,0.0,0.0,0.0,0.0,1.0,0.0,0.0,0.0,0.0,1.0,0.0,0.0,0.0,0.0,0.0,0.0,0.0,1.0,3.0,1.0,3305365341.0,-1.0,朝阳市北票市,朝阳市北票市长皋乡,8.0,5.0,0.0,1.0,14.0,26.358064516129033,31.348076923076924,39.60348923533779
辽宁省,朝阳市,北票市,常河营乡,121.09358,41.7090503,0.0,0.0,0.0,5.0,8.0,0.0,0.0,0.0,0.0,0.0,0.0,0.0,0.0,0.0,0.0,0.0,0.0,0.0,0.0,0.0,0.0,0.0,0.0,0.0,0.0,1.0,0.0,0.0,0.0,0.0,0.0,0.0,0.0,1.0,2.0,1.0,0.0,0.0,0.0,1.0,3.0,0.0,0.0,0.0,0.0,0.0,0.0,0.0,0.0,0.0,0.0,0.0,0.0,0.0,0.0,0.0,0.0,0.0,0.0,0.0,0.0,1.0,0.0,0.0,0.0,0.0,0.0,0.0,0.0,1.0,2.0,1.0,3305374481.0,-1.0,朝阳市北票市,朝阳市北票市常河营乡,8.0,8.5,0.0,0.5,17.0,26.358064516129033,31.348076923076924,39.60348923533779
辽宁省,朝阳市,北票市,小塔子乡,121.1839824,41.8233387,3.0,1.0,0.0,1.0,1.0,3.0,0.0,0.0,0.0,0.0,0.0,0.0,0.0,0.0,0.0,0.0,0.0,0.0,0.0,0.0,0.0,0.0,0.0,0.0,0.0,1.0,0.0,0.0,0.0,0.0,0.0,0.0,0.0,1.0,5.0,0.0,2.0,1.0,0.0,1.0,1.0,0.0,0.0,0.0,0.0,0.0,0.0,0.0,0.0,0.0,0.0,0.0,0.0,0.0,0.0,0.0,0.0,0.0,0.0,0.0,0.0,1.0,0.0,0.0,0.0,0.0,0.0,0.0,0.0,1.0,4.0,0.0,2276622148.0,-1.0,朝阳市北票市,朝阳市北票市小塔子乡,8.0,9.0,0.0,0.0,17.0,26.358064516129033,31.348076923076924,39.60348923533779
辽宁省,朝阳市,北票市,马友营蒙古族乡,121.0688786,41.9069051,8.0,0.0,0.0,1.0,0.0,0.0,0.0,0.0,0.0,0.0,0.0,0.0,0.0,0.0,0.0,0.0,0.0,0.0,0.0,0.0,0.0,0.0,0.0,0.0,0.0,1.0,0.0,0.0,0.0,0.0,0.0,0.0,0.0,2.0,5.0,0.0,1.0,0.0,0.0,0.0,0.0,0.0,0.0,0.0,0.0,0.0,0.0,0.0,0.0,0.0,0.0,0.0,0.0,0.0,0.0,0.0,0.0,0.0,0.0,0.0,0.0,1.0,0.0,0.0,0.0,0.0,0.0,0.0,0.0,2.0,3.0,0.0,2277023493.0,-1.0,朝阳市北票市,朝阳市北票市马友营蒙古族乡,8.0,8.5,0.0,0.0,16.5,26.358064516129033,31.348076923076924,39.60348923533779
辽宁省,朝阳市,北票市,泉巨永乡,120.8898624,41.971157,0.0,0.0,1.0,2.0,0.0,0.0,0.0,0.0,0.0,0.0,0.0,0.0,0.0,0.0,0.0,0.0,0.0,0.0,0.0,0.0,0.0,0.0,0.0,0.0,0.0,1.0,0.0,0.0,0.0,0.0,0.0,0.0,0.0,1.0,2.0,0.0,0.0,0.0,1.0,2.0,0.0,0.0,0.0,0.0,0.0,0.0,0.0,0.0,0.0,0.0,0.0,0.0,0.0,0.0,0.0,0.0,0.0,0.0,0.0,0.0,0.0,1.0,0.0,0.0,0.0,0.0,0.0,0.0,0.0,1.0,2.0,0.0,4759772127.0,-1.0,朝阳市北票市,朝阳市北票市泉巨永乡,8.0,8.0,0.0,0.0,16.0,26.358064516129033,31.348076923076924,39.60348923533779
辽宁省,朝阳市,北票市,哈尔脑乡,120.4573174,41.7565124,0.0,0.0,1.0,1.0,0.0,0.0,0.0,0.0,0.0,0.0,0.0,0.0,0.0,0.0,0.0,0.0,0.0,0.0,0.0,0.0,0.0,0.0,0.0,0.0,0.0,1.0,0.0,0.0,0.0,0.0,0.0,0.0,0.0,1.0,2.0,0.0,0.0,0.0,1.0,0.0,0.0,0.0,0.0,0.0,0.0,0.0,0.0,0.0,0.0,0.0,0.0,0.0,0.0,0.0,0.0,0.0,0.0,0.0,0.0,0.0,0.0,1.0,0.0,0.0,0.0,0.0,0.0,0.0,0.0,1.0,1.0,0.0,3305830904.0,-1.0,朝阳市北票市,朝阳市北票市哈尔脑乡,8.0,7.0,0.0,0.0,15.0,26.358064516129033,31.348076923076924,39.60348923533779
辽宁省,朝阳市,北票市,南八家子乡,120.6974098,41.6363229,0.0,0.0,0.0,4.0,13.0,0.0,0.0,0.0,0.0,0.0,0.0,0.0,0.0,0.0,0.0,0.0,0.0,0.0,0.0,0.0,0.0,0.0,0.0,0.0,0.0,2.0,2.0,0.0,0.0,0.0,0.0,0.0,0.0,3.0,3.0,2.0,0.0,0.0,0.0,1.0,6.0,0.0,0.0,0.0,0.0,0.0,0.0,0.0,0.0,0.0,0.0,0.0,0.0,0.0,0.0,0.0,0.0,0.0,0.0,0.0,0.0,1.0,0.0,0.0,0.0,0.0,0.0,0.0,0.0,3.0,3.0,2.0,2279566186.0,-1.0,朝阳市北票市,朝阳市北票市南八家子乡,9.0,9.9,0.0,1.2,20.099999999999998,26.358064516129033,31.348076923076924,39.60348923533779
辽宁省,朝阳市,北票市,章吉营乡,120.6880436,41.5951832,0.0,0.0,0.0,5.0,3.0,0.0,0.0,0.0,0.0,0.0,0.0,0.0,0.0,0.0,1.0,1.0,0.0,0.0,0.0,0.0,0.0,0.0,0.0,0.0,0.0,2.0,1.0,0.0,0.0,0.0,0.0,0.0,0.0,3.0,3.0,2.0,0.0,0.0,0.0,1.0,0.0,0.0,0.0,0.0,0.0,0.0,0.0,0.0,0.0,0.0,1.0,1.0,0.0,0.0,0.0,0.0,0.0,0.0,0.0,0.0,0.0,1.0,0.0,0.0,0.0,0.0,0.0,0.0,0.0,1.0,1.0,0.0,5096766584.0,-1.0,朝阳市北票市,朝阳市北票市章吉营乡,9.0,7.1,5.0,1.1,22.200000000000003,26.358064516129033,31.348076923076924,39.60348923533779
辽宁省,朝阳市,北票市,三宝营乡,120.8774053,41.5235021,6.0,1.0,3.0,3.0,5.0,0.0,0.0,0.0,0.0,0.0,0.0,0.0,0.0,0.0,0.0,0.0,0.0,0.0,0.0,0.0,4.0,0.0,0.0,0.0,0.0,3.0,19.0,0.0,0.0,0.0,0.0,0.0,0.0,5.0,6.0,3.0,2.0,1.0,0.0,3.0,1.0,0.0,0.0,0.0,0.0,0.0,0.0,0.0,0.0,0.0,0.0,0.0,0.0,0.0,0.0,0.0,0.0,0.0,0.0,0.0,0.0,1.0,4.0,0.0,0.0,0.0,0.0,0.0,0.0,1.0,4.0,0.0,2279575445.0,-1.0,朝阳市北票市,朝阳市北票市三宝营乡,10.0,12.3,0.0,3.8000000000000003,26.1,26.358064516129033,31.348076923076924,39.60348923533779
辽宁省,朝阳市,北票市,巴图营乡,120.7498309,41.4754194,3.0,0.0,2.0,1.0,1.0,0.0,0.0,0.0,0.0,0.0,0.0,0.0,0.0,0.0,0.0,0.0,0.0,0.0,0.0,0.0,0.0,0.0,0.0,0.0,0.0,1.0,9.0,0.0,0.0,0.0,0.0,0.0,0.0,2.0,4.0,2.0,1.0,0.0,2.0,0.0,0.0,0.0,0.0,0.0,0.0,0.0,0.0,0.0,0.0,0.0,0.0,0.0,0.0,0.0,0.0,0.0,0.0,0.0,0.0,0.0,0.0,1.0,0.0,0.0,0.0,0.0,0.0,0.0,0.0,1.0,2.0,2.0,2279566179.0,-1.0,朝阳市北票市,朝阳市北票市巴图营乡,8.0,8.2,0.0,1.9,18.099999999999998,26.358064516129033,31.348076923076924,39.60348923533779
辽宁省,朝阳市,北票市,台吉营乡,120.9787185,42.2074748,0.0,0.0,0.0,1.0,0.0,0.0,0.0,0.0,0.0,0.0,0.0,0.0,0.0,0.0,0.0,0.0,0.0,0.0,0.0,0.0,0.0,0.0,0.0,0.0,0.0,1.0,0.0,0.0,0.0,0.0,0.0,0.0,0.0,1.0,1.0,1.0,0.0,0.0,0.0,0.0,0.0,0.0,0.0,0.0,0.0,0.0,0.0,0.0,0.0,0.0,0.0,0.0,0.0,0.0,0.0,0.0,0.0,0.0,0.0,0.0,0.0,1.0,0.0,0.0,0.0,0.0,0.0,0.0,0.0,1.0,0.0,1.0,6485553673.0,-1.0,朝阳市北票市,朝阳市北票市台吉营乡,8.0,1.5,0.0,0.5,10.0,26.358064516129033,31.348076923076924,39.60348923533779
辽宁省,朝阳市,北票市,娄家店乡,120.6584847,42.0577027,0.0,3.0,1.0,1.0,2.0,0.0,0.0,0.0,0.0,0.0,0.0,0.0,0.0,0.0,0.0,0.0,0.0,0.0,0.0,0.0,0.0,0.0,0.0,0.0,0.0,1.0,0.0,0.0,0.0,0.0,0.0,0.0,0.0,1.0,5.0,1.0,0.0,3.0,1.0,0.0,1.0,0.0,0.0,0.0,0.0,0.0,0.0,0.0,0.0,0.0,0.0,0.0,0.0,0.0,0.0,0.0,0.0,0.0,0.0,0.0,0.0,1.0,0.0,0.0,0.0,0.0,0.0,0.0,0.0,1.0,3.0,0.0,2289190593.0,-1.0,朝阳市北票市,朝阳市北票市娄家店乡,8.0,9.2,0.0,0.5,17.7,26.358064516129033,31.348076923076924,39.60348923533779
辽宁省,朝阳市,北票市,北四家乡,120.6799606,42.1457144,0.0,5.0,0.0,1.0,0.0,0.0,0.0,0.0,0.0,0.0,0.0,0.0,0.0,0.0,0.0,0.0,0.0,0.0,0.0,0.0,1.0,0.0,0.0,0.0,0.0,1.0,0.0,0.0,0.0,0.0,0.0,0.0,0.0,1.0,2.0,1.0,0.0,3.0,0.0,1.0,0.0,0.0,0.0,0.0,0.0,0.0,0.0,0.0,0.0,0.0,0.0,0.0,0.0,0.0,0.0,0.0,0.0,0.0,0.0,0.0,0.0,1.0,0.0,0.0,0.0,0.0,0.0,0.0,0.0,1.0,2.0,0.0,2289198955.0,-1.0,朝阳市北票市,朝阳市北票市北四家乡,8.0,7.0,0.0,0.5,15.5,26.358064516129033,31.348076923076924,39.60348923533779
辽宁省,朝阳市,北票市,凉水河蒙古族乡,120.7788407,41.758766,0.0,7.0,5.0,7.0,18.0,4.0,0.0,0.0,2.0,0.0,1.0,0.0,0.0,0.0,0.0,0.0,0.0,0.0,0.0,0.0,0.0,0.0,0.0,0.0,0.0,2.0,19.0,0.0,0.0,1.0,0.0,0.0,0.0,4.0,8.0,1.0,0.0,5.0,1.0,4.0,2.0,4.0,0.0,0.0,1.0,0.0,1.0,0.0,0.0,0.0,0.0,0.0,0.0,0.0,0.0,0.0,0.0,0.0,0.0,0.0,0.0,1.0,5.0,0.0,0.0,0.0,0.0,0.0,0.0,2.0,7.0,1.0,2275301232.0,-1.0,朝阳市北票市,朝阳市北票市凉水河蒙古族乡,9.0,22.2,0.0,3.0,34.2,26.358064516129033,31.348076923076924,39.60348923533779
辽宁省,朝阳市,北票市,三宝乡,120.811275,41.8585989,3.0,0.0,7.0,10.0,26.0,1.0,0.0,0.0,0.0,0.0,0.0,0.0,0.0,0.0,0.0,0.0,0.0,0.0,0.0,0.0,0.0,0.0,0.0,0.0,0.0,9.0,34.0,0.0,0.0,0.0,0.0,1.0,0.0,2.0,6.0,1.0,0.0,0.0,6.0,4.0,5.0,0.0,0.0,0.0,0.0,0.0,0.0,0.0,0.0,0.0,0.0,0.0,0.0,0.0,0.0,0.0,0.0,0.0,0.0,0.0,0.0,2.0,0.0,0.0,0.0,0.0,0.0,0.0,0.0,2.0,4.0,0.0,2277023494.0,-1.0,朝阳市北票市,朝阳市北票市三宝乡,12.0,19.7,0.0,3.9000000000000004,35.6,26.358064516129033,31.348076923076924,39.60348923533779
辽宁省,朝阳市,凌源市,东城街道,119.4484017,41.2223463,9.0,3.0,2.0,7.0,3.0,0.0,0.0,0.0,0.0,0.0,2.0,0.0,0.0,0.0,1.0,1.0,1.0,0.0,0.0,0.0,0.0,0.0,0.0,0.0,0.0,3.0,1.0,0.0,0.0,0.0,0.0,1.0,0.0,6.0,6.0,3.0,0.0,0.0,0.0,0.0,0.0,0.0,0.0,0.0,0.0,0.0,0.0,0.0,0.0,0.0,0.0,0.0,0.0,0.0,0.0,0.0,0.0,0.0,0.0,0.0,0.0,1.0,0.0,0.0,0.0,0.0,0.0,0.0,0.0,1.0,0.0,1.0,6491351594.0,9612874.0,朝阳市凌源市,朝阳市凌源市东城街道,18.0,15.6,0.0,1.6,35.2,29.49259259259259,31.348076923076924,39.60348923533779
辽宁省,朝阳市,凌源市,北街街道,119.391197,41.2535179,23.0,17.0,31.0,38.0,24.0,7.0,0.0,0.0,3.0,0.0,1.0,5.0,2.0,2.0,8.0,9.0,0.0,0.0,0.0,0.0,1.0,0.0,2.0,0.0,0.0,10.0,10.0,0.0,0.0,3.0,16.0,6.0,0.0,10.0,10.0,7.0,6.0,0.0,0.0,2.0,3.0,0.0,0.0,0.0,0.0,0.0,0.0,0.0,0.0,0.0,2.0,2.0,0.0,0.0,0.0,0.0,0.0,0.0,0.0,0.0,0.0,1.0,0.0,0.0,0.0,0.0,2.0,0.0,0.0,5.0,5.0,3.0,6491351591.0,9612872.0,朝阳市凌源市,朝阳市凌源市北街街道,20.0,23.700000000000003,10.0,4.8,58.5,29.49259259259259,31.348076923076924,39.60348923533779
辽宁省,朝阳市,凌源市,南街街道,119.3915332,41.2367103,22.0,20.0,37.0,38.0,20.0,2.0,0.0,0.0,2.0,0.0,2.0,6.0,2.0,2.0,10.0,11.0,1.0,0.0,0.0,0.0,1.0,0.0,0.0,0.0,0.0,12.0,11.0,0.0,0.0,0.0,19.0,8.0,0.0,9.0,11.0,9.0,4.0,2.0,12.0,11.0,11.0,0.0,0.0,0.0,1.0,0.0,0.0,3.0,1.0,1.0,3.0,4.0,0.0,0.0,0.0,0.0,0.0,0.0,0.0,0.0,0.0,2.0,3.0,0.0,0.0,0.0,6.0,1.0,0.0,6.0,5.0,3.0,6491351599.0,9612877.0,朝阳市凌源市,朝阳市凌源市南街街道,20.0,25.3,15.0,5.4,65.7,29.49259259259259,31.348076923076924,39.60348923533779
辽宁省,朝阳市,凌源市,红山街道,119.4708328,41.2884113,9.0,3.0,3.0,4.0,33.0,0.0,0.0,0.0,1.0,0.0,1.0,0.0,0.0,0.0,0.0,0.0,0.0,0.0,0.0,0.0,0.0,0.0,1.0,0.0,0.0,18.0,14.0,0.0,0.0,0.0,0.0,1.0,0.0,3.0,10.0,3.0,2.0,2.0,0.0,0.0,15.0,0.0,0.0,0.0,1.0,0.0,0.0,0.0,0.0,0.0,0.0,0.0,0.0,0.0,0.0,0.0,0.0,0.0,0.0,0.0,0.0,3.0,4.0,0.0,0.0,0.0,0.0,0.0,0.0,3.0,5.0,0.0,6491351596.0,9612875.0,朝阳市凌源市,朝阳市凌源市红山街道,20.0,28.0,0.0,3.3,51.3,29.49259259259259,31.348076923076924,39.60348923533779
辽宁省,朝阳市,凌源市,城关街道,119.3556811,41.2213772,3.0,0.0,3.0,10.0,3.0,1.0,0.0,0.0,1.0,0.0,0.0,3.0,0.0,0.0,4.0,4.0,0.0,0.0,0.0,1.0,0.0,0.0,0.0,0.0,0.0,20.0,6.0,0.0,0.0,0.0,8.0,4.0,0.0,5.0,7.0,6.0,0.0,0.0,2.0,1.0,0.0,0.0,0.0,0.0,0.0,0.0,0.0,1.0,0.0,0.0,1.0,1.0,0.0,0.0,0.0,1.0,0.0,0.0,0.0,0.0,0.0,5.0,3.0,0.0,0.0,0.0,3.0,0.0,0.0,1.0,2.0,2.0,6491351592.0,9612873.0,朝阳市凌源市,朝阳市凌源市城关街道,20.0,16.1,11.0,3.9,51.0,29.49259259259259,31.348076923076924,39.60348923533779
辽宁省,朝阳市,凌源市,万元店镇,119.3885998,41.3324335,15.0,0.0,1.0,5.0,29.0,13.0,0.0,0.0,0.0,0.0,0.0,1.0,0.0,0.0,1.0,1.0,0.0,0.0,0.0,0.0,1.0,1.0,0.0,0.0,0.0,22.0,1.0,0.0,0.0,0.0,0.0,0.0,0.0,2.0,5.0,4.0,8.0,0.0,0.0,1.0,7.0,0.0,0.0,0.0,0.0,0.0,0.0,1.0,0.0,0.0,1.0,1.0,0.0,0.0,0.0,0.0,0.0,1.0,0.0,0.0,0.0,3.0,0.0,0.0,0.0,0.0,0.0,0.0,0.0,2.0,3.0,1.0,3377390599.0,-1.0,朝阳市凌源市,朝阳市凌源市万元店镇,12.0,20.4,10.0,2.1,44.5,29.49259259259259,31.348076923076924,39.60348923533779
辽宁省,朝阳市,凌源市,宋杖子镇,119.2467032,41.2043269,1.0,0.0,1.0,0.0,0.0,0.0,0.0,0.0,0.0,0.0,0.0,0.0,0.0,0.0,1.0,1.0,0.0,0.0,0.0,0.0,0.0,0.0,0.0,0.0,0.0,8.0,0.0,0.0,0.0,0.0,0.0,0.0,0.0,2.0,2.0,1.0,1.0,0.0,1.0,0.0,0.0,0.0,0.0,0.0,0.0,0.0,0.0,0.0,0.0,0.0,1.0,1.0,0.0,0.0,0.0,0.0,0.0,0.0,0.0,0.0,0.0,2.0,0.0,0.0,0.0,0.0,0.0,0.0,0.0,2.0,2.0,1.0,2280954734.0,-1.0,朝阳市凌源市,朝阳市凌源市宋杖子镇,12.0,6.0,5.0,0.5,23.5,29.49259259259259,31.348076923076924,39.60348923533779
辽宁省,朝阳市,凌源市,三十家子镇,119.0547394,41.0203595,1.0,0.0,0.0,5.0,0.0,0.0,0.0,0.0,1.0,0.0,0.0,0.0,0.0,0.0,1.0,1.0,0.0,0.0,0.0,0.0,0.0,0.0,0.0,0.0,0.0,22.0,0.0,0.0,0.0,0.0,0.0,0.0,0.0,4.0,3.0,1.0,1.0,0.0,0.0,2.0,0.0,0.0,0.0,0.0,0.0,0.0,0.0,0.0,0.0,0.0,0.0,0.0,0.0,0.0,0.0,0.0,0.0,0.0,0.0,0.0,0.0,1.0,0.0,0.0,0.0,0.0,0.0,0.0,0.0,2.0,2.0,1.0,2291194647.0,-1.0,朝阳市凌源市,朝阳市凌源市三十家子镇,12.0,13.5,0.0,0.5,26.0,29.49259259259259,31.348076923076924,39.60348923533779
辽宁省,朝阳市,凌源市,杨杖子镇,119.1328236,40.7177282,0.0,3.0,1.0,0.0,11.0,1.0,0.0,0.0,0.0,0.0,0.0,0.0,0.0,0.0,0.0,0.0,0.0,0.0,0.0,0.0,1.0,0.0,2.0,0.0,0.0,9.0,0.0,0.0,0.0,0.0,0.0,0.0,0.0,3.0,6.0,3.0,0.0,0.0,1.0,0.0,10.0,1.0,0.0,0.0,0.0,0.0,0.0,0.0,0.0,0.0,0.0,0.0,0.0,0.0,0.0,0.0,1.0,0.0,1.0,0.0,0.0,3.0,0.0,0.0,0.0,0.0,0.0,0.0,0.0,3.0,4.0,3.0,3318554153.0,-1.0,朝阳市凌源市,朝阳市凌源市杨杖子镇,12.0,13.2,0.0,1.5,26.7,29.49259259259259,31.348076923076924,39.60348923533779
辽宁省,朝阳市,凌源市,刀尔登镇,119.1180183,40.7608293,0.0,4.0,0.0,0.0,14.0,0.0,0.0,0.0,0.0,0.0,0.0,0.0,0.0,0.0,0.0,0.0,0.0,0.0,0.0,0.0,0.0,0.0,1.0,0.0,0.0,13.0,0.0,0.0,0.0,0.0,0.0,0.0,0.0,2.0,2.0,3.0,0.0,4.0,0.0,0.0,3.0,0.0,0.0,0.0,0.0,0.0,0.0,0.0,0.0,0.0,0.0,0.0,0.0,0.0,0.0,0.0,0.0,0.0,0.0,0.0,0.0,3.0,0.0,0.0,0.0,0.0,0.0,0.0,0.0,2.0,2.0,1.0,2280880095.0,-1.0,朝阳市凌源市,朝阳市凌源市刀尔登镇,12.0,9.7,0.0,1.5,23.2,29.49259259259259,31.348076923076924,39.60348923533779
辽宁省,朝阳市,凌源市,松岭子镇,119.2184863,40.9619085,0.0,1.0,0.0,1.0,4.0,0.0,0.0,0.0,0.0,0.0,0.0,0.0,0.0,0.0,0.0,0.0,0.0,0.0,0.0,0.0,2.0,0.0,0.0,0.0,0.0,24.0,1.0,0.0,0.0,0.0,0.0,0.0,0.0,1.0,4.0,3.0,0.0,1.0,0.0,0.0,4.0,0.0,0.0,0.0,0.0,0.0,0.0,0.0,0.0,0.0,0.0,0.0,0.0,0.0,0.0,0.0,2.0,0.0,0.0,0.0,0.0,1.0,1.0,0.0,0.0,0.0,0.0,0.0,0.0,1.0,3.0,3.0,2280880092.0,-1.0,朝阳市凌源市,朝阳市凌源市松岭子镇,12.0,10.0,0.0,1.7,23.7,29.49259259259259,31.348076923076924,39.60348923533779
辽宁省,朝阳市,凌源市,四官营子镇,119.5803544,41.045466,1.0,0.0,1.0,1.0,2.0,0.0,0.0,0.0,0.0,0.0,1.0,0.0,0.0,0.0,0.0,0.0,0.0,0.0,0.0,1.0,1.0,0.0,0.0,0.0,0.0,19.0,1.0,0.0,0.0,0.0,0.0,0.0,0.0,3.0,4.0,2.0,1.0,0.0,1.0,0.0,1.0,0.0,0.0,0.0,0.0,0.0,1.0,0.0,0.0,0.0,0.0,0.0,0.0,0.0,0.0,1.0,0.0,0.0,0.0,0.0,0.0,3.0,0.0,0.0,0.0,0.0,0.0,0.0,0.0,1.0,3.0,1.0,2280513367.0,-1.0,朝阳市凌源市,朝阳市凌源市四官营子镇,12.0,10.7,1.0,1.1,24.8,29.49259259259259,31.348076923076924,39.60348923533779
辽宁省,朝阳市,凌源市,沟门子镇,119.3248741,40.7994735,0.0,0.0,2.0,1.0,3.0,0.0,0.0,0.0,0.0,0.0,0.0,0.0,0.0,0.0,0.0,0.0,0.0,0.0,0.0,0.0,0.0,0.0,0.0,0.0,0.0,16.0,0.0,0.0,0.0,0.0,0.0,0.0,0.0,2.0,3.0,0.0,0.0,0.0,1.0,1.0,0.0,0.0,0.0,0.0,0.0,0.0,0.0,0.0,0.0,0.0,0.0,0.0,0.0,0.0,0.0,0.0,0.0,0.0,0.0,0.0,0.0,4.0,0.0,0.0,0.0,0.0,0.0,0.0,0.0,1.0,2.0,0.0,3318618156.0,-1.0,朝阳市凌源市,朝阳市凌源市沟门子镇,12.0,8.1,0.0,0.0,20.1,29.49259259259259,31.348076923076924,39.60348923533779
辽宁省,朝阳市,凌源市,小城子镇,119.3302347,41.2995886,5.0,0.0,0.0,1.0,1.0,0.0,0.0,0.0,0.0,0.0,0.0,0.0,0.0,0.0,2.0,2.0,0.0,0.0,0.0,0.0,5.0,0.0,1.0,0.0,0.0,18.0,0.0,0.0,0.0,0.0,0.0,0.0,1.0,1.0,3.0,4.0,2.0,0.0,0.0,1.0,1.0,0.0,0.0,0.0,0.0,0.0,0.0,0.0,0.0,0.0,2.0,2.0,0.0,0.0,0.0,0.0,2.0,0.0,1.0,0.0,0.0,1.0,0.0,0.0,0.0,0.0,0.0,0.0,0.0,1.0,3.0,2.0,2280954773.0,-1.0,朝阳市凌源市,朝阳市凌源市小城子镇,12.0,8.0,5.0,2.0,27.0,29.49259259259259,31.348076923076924,39.60348923533779
辽宁省,朝阳市,凌源市,四合当镇,119.4784681,40.9084426,0.0,0.0,2.0,6.0,3.0,0.0,0.0,0.0,0.0,0.0,0.0,0.0,0.0,0.0,0.0,0.0,0.0,0.0,0.0,0.0,0.0,0.0,0.0,0.0,0.0,14.0,0.0,0.0,0.0,0.0,0.0,0.0,0.0,4.0,3.0,1.0,0.0,0.0,1.0,1.0,0.0,0.0,0.0,0.0,0.0,0.0,0.0,0.0,0.0,0.0,0.0,0.0,0.0,0.0,0.0,0.0,0.0,0.0,0.0,0.0,0.0,4.0,0.0,0.0,0.0,0.0,0.0,0.0,0.0,1.0,2.0,0.0,3318678665.0,-1.0,朝阳市凌源市,朝阳市凌源市四合当镇,12.0,12.1,0.0,0.5,24.6,29.49259259259259,31.348076923076924,39.60348923533779
辽宁省,朝阳市,凌源市,乌兰白镇,119.5213116,41.1422767,1.0,0.0,0.0,5.0,9.0,1.0,0.0,0.0,0.0,0.0,0.0,0.0,0.0,0.0,1.0,1.0,0.0,0.0,0.0,0.0,0.0,0.0,0.0,0.0,0.0,10.0,0.0,0.0,0.0,0.0,0.0,0.0,0.0,3.0,5.0,2.0,0.0,0.0,0.0,4.0,4.0,0.0,0.0,0.0,0.0,0.0,0.0,0.0,0.0,0.0,1.0,1.0,0.0,0.0,0.0,0.0,0.0,0.0,0.0,0.0,0.0,1.0,0.0,0.0,0.0,0.0,0.0,0.0,0.0,1.0,3.0,1.0,2280513379.0,-1.0,朝阳市凌源市,朝阳市凌源市乌兰白镇,12.0,15.5,5.0,1.0,33.5,29.49259259259259,31.348076923076924,39.60348923533779
辽宁省,朝阳市,凌源市,瓦房店镇,119.3658961,41.1578797,0.0,1.0,0.0,4.0,11.0,0.0,0.0,0.0,0.0,0.0,0.0,0.0,0.0,0.0,0.0,0.0,0.0,0.0,0.0,0.0,0.0,0.0,0.0,0.0,0.0,15.0,3.0,0.0,0.0,0.0,0.0,0.0,0.0,3.0,5.0,0.0,0.0,1.0,0.0,3.0,7.0,0.0,0.0,0.0,0.0,0.0,0.0,0.0,0.0,0.0,0.0,0.0,0.0,0.0,0.0,0.0,0.0,0.0,0.0,0.0,0.0,2.0,2.0,0.0,0.0,0.0,0.0,0.0,0.0,2.0,5.0,0.0,3415892781.0,-1.0,朝阳市凌源市,朝阳市凌源市瓦房店镇,12.0,15.8,0.0,0.5,28.3,29.49259259259259,31.348076923076924,39.60348923533779
辽宁省,朝阳市,凌源市,大河北镇,118.9900738,40.8631672,0.0,0.0,0.0,1.0,1.0,0.0,0.0,0.0,0.0,0.0,0.0,0.0,0.0,0.0,1.0,1.0,0.0,0.0,0.0,0.0,0.0,0.0,0.0,0.0,0.0,13.0,0.0,0.0,0.0,1.0,0.0,0.0,0.0,1.0,2.0,1.0,0.0,0.0,0.0,1.0,1.0,0.0,0.0,0.0,0.0,0.0,0.0,0.0,0.0,0.0,1.0,1.0,0.0,0.0,0.0,0.0,0.0,0.0,0.0,0.0,0.0,3.0,0.0,0.0,0.0,1.0,0.0,0.0,0.0,1.0,2.0,1.0,6491351593.0,-1.0,朝阳市凌源市,朝阳市凌源市大河北镇,12.0,2.5,5.0,0.7,20.2,29.49259259259259,31.348076923076924,39.60348923533779
辽宁省,朝阳市,凌源市,牛营子镇,119.3427651,41.0256647,0.0,0.0,0.0,4.0,0.0,0.0,0.0,0.0,0.0,0.0,0.0,0.0,0.0,0.0,0.0,0.0,0.0,0.0,0.0,0.0,1.0,0.0,0.0,0.0,0.0,21.0,0.0,0.0,0.0,0.0,0.0,0.0,0.0,1.0,1.0,1.0,0.0,0.0,0.0,3.0,0.0,0.0,0.0,0.0,0.0,0.0,0.0,0.0,0.0,0.0,0.0,0.0,0.0,0.0,0.0,0.0,1.0,0.0,0.0,0.0,0.0,4.0,0.0,0.0,0.0,0.0,0.0,0.0,0.0,1.0,1.0,1.0,3318784348.0,-1.0,朝阳市凌源市,朝阳市凌源市牛营子镇,12.0,4.5,0.0,0.5,17.0,29.49259259259259,31.348076923076924,39.60348923533779
辽宁省,朝阳市,凌源市,三道河子镇,119.0628358,40.7901526,0.0,0.0,4.0,0.0,4.0,0.0,0.0,0.0,0.0,0.0,0.0,0.0,0.0,0.0,0.0,0.0,0.0,0.0,0.0,0.0,5.0,0.0,0.0,0.0,0.0,15.0,0.0,0.0,0.0,0.0,0.0,0.0,0.0,1.0,3.0,2.0,0.0,0.0,2.0,0.0,4.0,0.0,0.0,0.0,0.0,0.0,0.0,0.0,0.0,0.0,0.0,0.0,0.0,0.0,0.0,0.0,1.0,0.0,0.0,0.0,0.0,4.0,0.0,0.0,0.0,0.0,0.0,0.0,0.0,1.0,3.0,2.0,6491351602.0,-1.0,朝阳市凌源市,朝阳市凌源市三道河子镇,12.0,8.5,0.0,1.0,21.5,29.49259259259259,31.348076923076924,39.60348923533779
辽宁省,朝阳市,凌源市,刘杖子镇,118.9945771,40.9558468,3.0,0.0,4.0,9.0,0.0,0.0,0.0,0.0,0.0,0.0,0.0,0.0,0.0,0.0,1.0,1.0,0.0,0.0,0.0,0.0,3.0,0.0,0.0,0.0,0.0,21.0,0.0,0.0,0.0,0.0,0.0,0.0,0.0,12.0,4.0,2.0,0.0,0.0,0.0,5.0,0.0,0.0,0.0,0.0,0.0,0.0,0.0,0.0,0.0,0.0,0.0,0.0,0.0,0.0,0.0,0.0,3.0,0.0,0.0,0.0,0.0,3.0,0.0,0.0,0.0,0.0,0.0,0.0,0.0,2.0,1.0,2.0,2291194655.0,-1.0,朝阳市凌源市,朝阳市凌源市刘杖子镇,12.0,12.0,0.0,1.0,25.0,29.49259259259259,31.348076923076924,39.60348923533779
辽宁省,朝阳市,凌源市,大王杖子乡,119.2487372,41.1349673,0.0,0.0,0.0,0.0,1.0,0.0,0.0,0.0,0.0,0.0,0.0,0.0,0.0,0.0,0.0,0.0,0.0,0.0,0.0,0.0,0.0,0.0,0.0,0.0,0.0,5.0,0.0,0.0,0.0,0.0,0.0,0.0,0.0,1.0,1.0,0.0,0.0,0.0,0.0,0.0,1.0,0.0,0.0,0.0,0.0,0.0,0.0,0.0,0.0,0.0,0.0,0.0,0.0,0.0,0.0,0.0,0.0,0.0,0.0,0.0,0.0,1.0,0.0,0.0,0.0,0.0,0.0,0.0,0.0,1.0,1.0,0.0,3415956964.0,-1.0,朝阳市凌源市,朝阳市凌源市大王杖子乡,12.0,1.0,0.0,0.0,13.0,29.49259259259259,31.348076923076924,39.60348923533779
辽宁省,朝阳市,凌源市,前进乡,119.0735889,40.9135407,0.0,0.0,0.0,2.0,2.0,1.0,0.0,0.0,0.0,0.0,0.0,0.0,0.0,0.0,1.0,1.0,0.0,0.0,0.0,0.0,0.0,0.0,0.0,0.0,0.0,19.0,0.0,0.0,0.0,0.0,0.0,0.0,0.0,2.0,3.0,3.0,0.0,0.0,0.0,1.0,0.0,0.0,0.0,0.0,0.0,0.0,0.0,0.0,0.0,0.0,1.0,1.0,0.0,0.0,0.0,0.0,0.0,0.0,0.0,0.0,0.0,4.0,0.0,0.0,0.0,0.0,0.0,0.0,0.0,2.0,1.0,1.0,6491351600.0,-1.0,朝阳市凌源市,朝阳市凌源市前进乡,12.0,3.9,5.0,1.5,22.4,29.49259259259259,31.348076923076924,39.60348923533779
辽宁省,朝阳市,凌源市,北炉乡,119.2875349,41.0854962,0.0,1.0,0.0,1.0,0.0,0.0,0.0,0.0,0.0,0.0,0.0,0.0,0.0,0.0,0.0,0.0,0.0,0.0,0.0,0.0,0.0,0.0,0.0,0.0,0.0,25.0,0.0,0.0,0.0,0.0,0.0,0.0,0.0,2.0,5.0,1.0,0.0,1.0,0.0,0.0,0.0,0.0,0.0,0.0,0.0,0.0,0.0,0.0,0.0,0.0,0.0,0.0,0.0,0.0,0.0,0.0,0.0,0.0,0.0,0.0,0.0,4.0,0.0,0.0,0.0,0.0,0.0,0.0,0.0,2.0,2.0,0.0,2280954798.0,-1.0,朝阳市凌源市,朝阳市凌源市北炉乡,12.0,8.5,0.0,0.5,21.0,29.49259259259259,31.348076923076924,39.60348923533779
辽宁省,朝阳市,凌源市,三家子蒙古族乡,119.3915431,40.8366606,0.0,0.0,1.0,2.0,1.0,0.0,0.0,0.0,0.0,0.0,0.0,0.0,0.0,0.0,2.0,2.0,0.0,0.0,0.0,0.0,0.0,0.0,0.0,0.0,0.0,22.0,0.0,0.0,0.0,0.0,0.0,0.0,0.0,2.0,3.0,0.0,0.0,0.0,1.0,2.0,1.0,0.0,0.0,0.0,0.0,0.0,0.0,0.0,0.0,0.0,1.0,1.0,0.0,0.0,0.0,0.0,0.0,0.0,0.0,0.0,0.0,3.0,0.0,0.0,0.0,0.0,0.0,0.0,0.0,1.0,3.0,0.0,3318654239.0,-1.0,朝阳市凌源市,朝阳市凌源市三家子蒙古族乡,12.0,9.0,5.0,0.0,26.0,29.49259259259259,31.348076923076924,39.60348923533779
辽宁省,朝阳市,凌源市,佛爷洞乡,119.2361212,40.7257299,0.0,0.0,1.0,0.0,3.0,0.0,0.0,0.0,1.0,0.0,0.0,0.0,0.0,0.0,0.0,0.0,0.0,0.0,0.0,0.0,0.0,0.0,0.0,0.0,0.0,17.0,0.0,0.0,0.0,0.0,0.0,0.0,0.0,2.0,2.0,1.0,0.0,0.0,1.0,0.0,0.0,0.0,0.0,0.0,0.0,0.0,0.0,0.0,0.0,0.0,0.0,0.0,0.0,0.0,0.0,0.0,0.0,0.0,0.0,0.0,0.0,2.0,0.0,0.0,0.0,0.0,0.0,0.0,0.0,1.0,1.0,1.0,3318998937.0,-1.0,朝阳市凌源市,朝阳市凌源市佛爷洞乡,12.0,8.6,0.0,0.5,21.1,29.49259259259259,31.348076923076924,39.60348923533779
辽宁省,朝阳市,凌源市,河坎子乡,119.2231901,40.6415948,0.0,0.0,2.0,0.0,6.0,0.0,0.0,0.0,0.0,0.0,0.0,0.0,0.0,0.0,0.0,0.0,0.0,0.0,0.0,0.0,1.0,0.0,0.0,0.0,0.0,17.0,2.0,0.0,0.0,0.0,0.0,0.0,0.0,1.0,2.0,2.0,0.0,0.0,1.0,0.0,3.0,0.0,0.0,0.0,0.0,0.0,0.0,0.0,0.0,0.0,0.0,0.0,0.0,0.0,0.0,0.0,1.0,0.0,0.0,0.0,0.0,4.0,2.0,0.0,0.0,0.0,0.0,0.0,0.0,1.0,2.0,2.0,6491351595.0,-1.0,朝阳市凌源市,朝阳市凌源市河坎子乡,12.0,8.1,0.0,1.4,21.5,29.49259259259259,31.348076923076924,39.60348923533779
辽宁省,葫芦岛市,连山区,连山街道,120.8678926,40.7683461,2.0,20.0,6.0,52.0,48.0,1.0,0.0,0.0,42.0,0.0,0.0,0.0,1.0,1.0,3.0,3.0,0.0,0.0,0.0,7.0,4.0,0.0,0.0,0.0,0.0,14.0,8.0,0.0,0.0,3.0,1.0,2.0,0.0,13.0,8.0,7.0,0.0,6.0,0.0,17.0,15.0,0.0,0.0,0.0,0.0,0.0,0.0,0.0,0.0,0.0,1.0,1.0,0.0,0.0,0.0,0.0,1.0,0.0,0.0,0.0,0.0,3.0,1.0,0.0,0.0,0.0,0.0,0.0,0.0,6.0,3.0,4.0,6502042637.0,9627595.0,葫芦岛市连山区,葫芦岛市连山区连山街道,20.0,26.0,5.0,4.7,55.7,40.6125,33.84608695652174,39.60348923533779
辽宁省,葫芦岛市,连山区,站前街道,120.8619497,40.75636,0.0,25.0,14.0,78.0,64.0,8.0,0.0,0.0,79.0,0.0,0.0,0.0,2.0,2.0,4.0,4.0,0.0,0.0,1.0,13.0,9.0,0.0,1.0,0.0,0.0,12.0,23.0,0.0,1.0,4.0,1.0,2.0,0.0,15.0,9.0,8.0,0.0,7.0,5.0,22.0,30.0,1.0,0.0,0.0,12.0,0.0,0.0,0.0,1.0,1.0,1.0,1.0,0.0,0.0,0.0,7.0,0.0,0.0,0.0,0.0,0.0,1.0,5.0,0.0,0.0,2.0,1.0,1.0,0.0,6.0,7.0,4.0,6502042643.0,9627599.0,葫芦岛市连山区,葫芦岛市连山区站前街道,20.0,26.0,16.0,7.4,69.4,40.6125,33.84608695652174,39.60348923533779
辽宁省,葫芦岛市,连山区,渤海街道,120.8726852,40.7490696,0.0,34.0,20.0,74.0,68.0,5.0,0.0,0.0,85.0,0.0,0.0,0.0,2.0,2.0,4.0,4.0,0.0,0.0,1.0,13.0,6.0,0.0,1.0,0.0,0.0,12.0,19.0,0.0,1.0,4.0,1.0,2.0,0.0,14.0,9.0,8.0,0.0,0.0,2.0,4.0,8.0,0.0,0.0,0.0,4.0,0.0,0.0,0.0,0.0,0.0,0.0,0.0,0.0,0.0,0.0,0.0,0.0,0.0,0.0,0.0,0.0,1.0,1.0,0.0,0.0,1.0,0.0,1.0,0.0,6.0,5.0,3.0,6502042633.0,9627591.0,葫芦岛市连山区,葫芦岛市连山区渤海街道,20.0,26.0,0.0,6.5,52.5,40.6125,33.84608695652174,39.60348923533779
辽宁省,葫芦岛市,连山区,兴工街道,120.8380435,40.765154,8.0,16.0,8.0,60.0,56.0,10.0,0.0,0.0,56.0,0.0,0.0,0.0,2.0,2.0,3.0,3.0,0.0,0.0,0.0,7.0,7.0,0.0,1.0,0.0,0.0,18.0,18.0,0.0,0.0,4.0,1.0,1.0,0.0,15.0,9.0,8.0,0.0,2.0,0.0,7.0,5.0,0.0,0.0,0.0,10.0,0.0,0.0,0.0,0.0,0.0,1.0,1.0,0.0,0.0,0.0,0.0,0.0,0.0,0.0,0.0,0.0,1.0,0.0,0.0,0.0,0.0,0.0,0.0,0.0,3.0,4.0,1.0,6502042641.0,9627598.0,葫芦岛市连山区,葫芦岛市连山区兴工街道,20.0,26.0,5.0,6.2,57.2,40.6125,33.84608695652174,39.60348923533779
辽宁省,葫芦岛市,连山区,石油街道,120.8334673,40.7440443,4.0,22.0,20.0,67.0,75.0,14.0,6.0,1.0,118.0,0.0,0.0,0.0,2.0,2.0,4.0,4.0,0.0,0.0,0.0,12.0,8.0,1.0,2.0,0.0,0.0,8.0,72.0,0.0,2.0,10.0,1.0,2.0,1.0,15.0,12.0,9.0,0.0,10.0,0.0,8.0,12.0,9.0,0.0,0.0,12.0,0.0,0.0,0.0,1.0,1.0,0.0,0.0,0.0,0.0,0.0,0.0,2.0,0.0,1.0,0.0,0.0,2.0,7.0,0.0,0.0,1.0,0.0,0.0,0.0,4.0,7.0,3.0,6502042639.0,9627596.0,葫芦岛市连山区,葫芦岛市连山区石油街道,20.0,26.0,5.0,13.0,64.0,40.6125,33.84608695652174,39.60348923533779
辽宁省,葫芦岛市,连山区,化工街道,120.8253903,40.754444,6.0,19.0,11.0,49.0,58.0,12.0,4.0,0.0,56.0,0.0,0.0,0.0,2.0,2.0,4.0,4.0,0.0,0.0,0.0,7.0,7.0,0.0,3.0,0.0,0.0,9.0,64.0,0.0,0.0,9.0,1.0,1.0,0.0,14.0,10.0,8.0,0.0,0.0,1.0,7.0,12.0,1.0,0.0,0.0,0.0,0.0,0.0,0.0,0.0,0.0,0.0,0.0,0.0,0.0,0.0,0.0,1.0,0.0,1.0,0.0,0.0,1.0,2.0,0.0,0.0,0.0,0.0,0.0,0.0,4.0,5.0,3.0,6502042634.0,9627592.0,葫芦岛市连山区,葫芦岛市连山区化工街道,20.0,26.0,0.0,11.5,57.5,40.6125,33.84608695652174,39.60348923533779
辽宁省,葫芦岛市,连山区,锦郊街道,120.8662331,40.7734654,2.0,20.0,5.0,48.0,45.0,1.0,0.0,0.0,36.0,0.0,0.0,0.0,1.0,1.0,3.0,3.0,0.0,0.0,0.0,7.0,4.0,0.0,0.0,0.0,0.0,15.0,8.0,0.0,0.0,2.0,1.0,2.0,0.0,12.0,8.0,8.0,0.0,0.0,0.0,14.0,3.0,0.0,0.0,0.0,0.0,0.0,0.0,0.0,0.0,0.0,1.0,1.0,0.0,0.0,0.0,0.0,2.0,0.0,0.0,0.0,0.0,3.0,0.0,0.0,0.0,0.0,0.0,0.0,0.0,5.0,2.0,4.0,6502042636.0,9627594.0,葫芦岛市连山区,葫芦岛市连山区锦郊街道,20.0,25.9,5.0,5.0,55.9,40.6125,33.84608695652174,39.60348923533779
辽宁省,葫芦岛市,连山区,钢屯镇,120.6160603,40.9195601,0.0,0.0,5.0,2.0,3.0,0.0,0.0,0.0,0.0,0.0,0.0,0.0,0.0,0.0,0.0,0.0,0.0,0.0,0.0,0.0,1.0,0.0,0.0,0.0,0.0,9.0,0.0,0.0,0.0,0.0,0.0,0.0,0.0,3.0,3.0,2.0,0.0,0.0,4.0,0.0,2.0,0.0,0.0,0.0,0.0,0.0,0.0,0.0,0.0,0.0,0.0,0.0,0.0,0.0,0.0,0.0,1.0,0.0,0.0,0.0,0.0,3.0,0.0,0.0,0.0,0.0,0.0,0.0,0.0,1.0,2.0,2.0,3408342915.0,-1.0,葫芦岛市连山区,葫芦岛市连山区钢屯镇,12.0,9.7,0.0,1.0,22.7,40.6125,33.84608695652174,39.60348923533779
辽宁省,葫芦岛市,连山区,寺儿堡镇,120.7394852,40.7953225,0.0,1.0,2.0,0.0,2.0,0.0,0.0,0.0,0.0,0.0,0.0,0.0,0.0,0.0,0.0,0.0,0.0,0.0,0.0,0.0,0.0,0.0,1.0,0.0,0.0,9.0,0.0,0.0,0.0,0.0,0.0,0.0,0.0,2.0,4.0,2.0,0.0,1.0,2.0,0.0,0.0,0.0,0.0,0.0,0.0,0.0,0.0,0.0,0.0,0.0,0.0,0.0,0.0,0.0,0.0,0.0,0.0,0.0,1.0,0.0,0.0,1.0,0.0,0.0,0.0,0.0,0.0,0.0,0.0,2.0,2.0,2.0,3413805564.0,-1.0,葫芦岛市连山区,葫芦岛市连山区寺儿堡镇,12.0,7.4,0.0,1.0,20.4,40.6125,33.84608695652174,39.60348923533779
辽宁省,葫芦岛市,连山区,新台门镇,120.4186974,40.8346147,0.0,0.0,1.0,2.0,6.0,0.0,0.0,0.0,0.0,0.0,0.0,0.0,0.0,0.0,0.0,0.0,0.0,0.0,0.0,0.0,0.0,0.0,0.0,0.0,0.0,16.0,0.0,0.0,0.0,0.0,0.0,0.0,0.0,1.0,3.0,3.0,0.0,0.0,1.0,1.0,0.0,0.0,0.0,0.0,0.0,0.0,0.0,0.0,0.0,0.0,0.0,0.0,0.0,0.0,0.0,0.0,0.0,0.0,0.0,0.0,0.0,5.0,0.0,0.0,0.0,0.0,0.0,0.0,0.0,1.0,2.0,2.0,3312220789.0,-1.0,葫芦岛市连山区,葫芦岛市连山区新台门镇,12.0,9.7,0.0,1.5,23.2,40.6125,33.84608695652174,39.60348923533779
辽宁省,葫芦岛市,连山区,沙河营乡,120.7639988,40.8246297,0.0,0.0,1.0,6.0,1.0,1.0,0.0,0.0,0.0,0.0,0.0,0.0,0.0,0.0,0.0,0.0,0.0,0.0,0.0,0.0,0.0,0.0,0.0,0.0,0.0,7.0,0.0,0.0,0.0,0.0,0.0,0.0,0.0,1.0,4.0,1.0,0.0,0.0,1.0,4.0,0.0,0.0,0.0,0.0,0.0,0.0,0.0,0.0,0.0,0.0,0.0,0.0,0.0,0.0,0.0,0.0,0.0,0.0,0.0,0.0,0.0,1.0,0.0,0.0,0.0,0.0,0.0,0.0,0.0,1.0,2.0,1.0,3408171972.0,-1.0,葫芦岛市连山区,葫芦岛市连山区沙河营乡,12.0,12.2,0.0,0.5,24.7,40.6125,33.84608695652174,39.60348923533779
辽宁省,葫芦岛市,连山区,孤竹营子乡,120.2662621,40.9388579,0.0,0.0,3.0,1.0,10.0,0.0,0.0,0.0,0.0,0.0,0.0,0.0,0.0,0.0,1.0,1.0,0.0,0.0,0.0,0.0,1.0,0.0,0.0,0.0,0.0,22.0,12.0,0.0,0.0,0.0,0.0,0.0,0.0,6.0,4.0,2.0,0.0,0.0,1.0,1.0,3.0,0.0,0.0,0.0,0.0,0.0,0.0,0.0,0.0,0.0,0.0,0.0,0.0,0.0,0.0,0.0,0.0,0.0,0.0,0.0,0.0,3.0,6.0,0.0,0.0,0.0,0.0,0.0,0.0,5.0,4.0,0.0,3312128448.0,-1.0,葫芦岛市连山区,葫芦岛市连山区孤竹营子乡,12.0,10.9,0.0,2.8,25.7,40.6125,33.84608695652174,39.60348923533779
辽宁省,葫芦岛市,连山区,白马石乡,120.3458271,40.9144746,0.0,0.0,1.0,2.0,3.0,0.0,0.0,0.0,0.0,0.0,0.0,0.0,0.0,0.0,1.0,1.0,0.0,0.0,0.0,0.0,1.0,0.0,0.0,0.0,0.0,15.0,3.0,0.0,0.0,0.0,0.0,0.0,0.0,1.0,3.0,2.0,0.0,0.0,1.0,0.0,0.0,0.0,0.0,0.0,0.0,0.0,0.0,0.0,0.0,0.0,1.0,1.0,0.0,0.0,0.0,0.0,0.0,0.0,0.0,0.0,0.0,2.0,1.0,0.0,0.0,0.0,0.0,0.0,0.0,1.0,1.0,0.0,3312169588.0,-1.0,葫芦岛市连山区,葫芦岛市连山区白马石乡,12.0,9.1,5.0,1.4,27.5,40.6125,33.84608695652174,39.60348923533779
辽宁省,葫芦岛市,连山区,山神庙子乡,120.5443059,40.9385603,0.0,0.0,3.0,2.0,0.0,0.0,0.0,0.0,0.0,0.0,0.0,0.0,0.0,0.0,1.0,1.0,0.0,0.0,0.0,0.0,0.0,0.0,0.0,0.0,0.0,6.0,0.0,0.0,0.0,0.0,0.0,0.0,0.0,1.0,2.0,0.0,0.0,0.0,3.0,2.0,0.0,0.0,0.0,0.0,0.0,0.0,0.0,0.0,0.0,0.0,1.0,1.0,0.0,0.0,0.0,0.0,0.0,0.0,0.0,0.0,0.0,3.0,0.0,0.0,0.0,0.0,0.0,0.0,0.0,1.0,2.0,0.0,3408363688.0,-1.0,葫芦岛市连山区,葫芦岛市连山区山神庙子乡,12.0,8.0,5.0,0.0,25.0,40.6125,33.84608695652174,39.60348923533779
辽宁省,葫芦岛市,连山区,塔山乡,120.933739,40.8458888,3.0,0.0,7.0,3.0,16.0,3.0,0.0,0.0,2.0,0.0,3.0,0.0,0.0,0.0,0.0,0.0,0.0,0.0,0.0,0.0,0.0,0.0,0.0,0.0,0.0,8.0,4.0,0.0,0.0,0.0,0.0,0.0,0.0,7.0,12.0,4.0,3.0,0.0,1.0,0.0,3.0,1.0,0.0,0.0,0.0,0.0,1.0,0.0,0.0,0.0,0.0,0.0,0.0,0.0,0.0,0.0,0.0,0.0,0.0,0.0,0.0,3.0,0.0,0.0,0.0,0.0,0.0,0.0,0.0,2.0,6.0,2.0,3325329233.0,-1.0,葫芦岛市连山区,葫芦岛市连山区塔山乡,12.0,20.1,0.0,2.4,34.5,40.6125,33.84608695652174,39.60348923533779
辽宁省,葫芦岛市,连山区,杨郊乡,120.5460271,40.7992377,0.0,5.0,0.0,13.0,2.0,0.0,0.0,0.0,0.0,0.0,0.0,0.0,1.0,1.0,2.0,2.0,0.0,0.0,0.0,0.0,5.0,0.0,3.0,0.0,0.0,14.0,0.0,0.0,0.0,5.0,0.0,0.0,1.0,5.0,4.0,9.0,0.0,1.0,0.0,1.0,0.0,0.0,0.0,0.0,0.0,0.0,0.0,0.0,1.0,1.0,0.0,0.0,0.0,0.0,0.0,0.0,0.0,0.0,1.0,0.0,0.0,1.0,0.0,0.0,0.0,0.0,0.0,0.0,0.0,1.0,2.0,2.0,6502042642.0,-1.0,葫芦岛市连山区,葫芦岛市连山区杨郊乡,12.0,12.4,5.0,4.5,33.9,40.6125,33.84608695652174,39.60348923533779
辽宁省,葫芦岛市,龙港区,葫芦岛街道,120.9865936,40.7267811,8.0,0.0,4.0,9.0,16.0,38.0,0.0,0.0,0.0,0.0,0.0,0.0,0.0,0.0,0.0,0.0,0.0,0.0,0.0,0.0,1.0,0.0,3.0,0.0,0.0,1.0,9.0,0.0,0.0,3.0,0.0,0.0,0.0,6.0,8.0,6.0,0.0,0.0,2.0,8.0,11.0,13.0,0.0,0.0,0.0,0.0,0.0,0.0,0.0,0.0,0.0,0.0,0.0,0.0,0.0,0.0,0.0,0.0,2.0,0.0,0.0,1.0,5.0,0.0,0.0,0.0,0.0,0.0,0.0,5.0,4.0,4.0,6501540929.0,-1.0,葫芦岛市龙港区,葫芦岛市龙港区葫芦岛街道,8.0,20.5,0.0,4.7,33.2,45.01111111111111,33.84608695652174,39.60348923533779
辽宁省,葫芦岛市,龙港区,马仗房街道,120.92858,40.723012,23.0,12.0,7.0,15.0,24.0,5.0,0.0,0.0,4.0,0.0,1.0,0.0,0.0,0.0,0.0,0.0,0.0,0.0,0.0,1.0,0.0,0.0,2.0,0.0,0.0,2.0,5.0,0.0,0.0,1.0,0.0,1.0,0.0,7.0,10.0,9.0,0.0,2.0,2.0,6.0,8.0,0.0,0.0,0.0,4.0,0.0,0.0,0.0,0.0,0.0,0.0,0.0,0.0,0.0,0.0,0.0,0.0,0.0,1.0,0.0,0.0,1.0,0.0,0.0,0.0,0.0,0.0,0.0,0.0,2.0,5.0,2.0,-1.0,-1.0,葫芦岛市龙港区,葫芦岛市龙港区马仗房街道,2.0,25.200000000000003,0.0,4.6,31.800000000000004,45.01111111111111,33.84608695652174,39.60348923533779
辽宁省,葫芦岛市,龙港区,龙湾街道,120.8636828,40.6995338,8.0,14.0,22.0,57.0,40.0,1.0,0.0,1.0,86.0,1.0,0.0,1.0,2.0,2.0,3.0,3.0,0.0,0.0,0.0,9.0,8.0,1.0,1.0,0.0,0.0,3.0,16.0,0.0,1.0,2.0,1.0,7.0,5.0,7.0,12.0,13.0,0.0,0.0,0.0,0.0,2.0,0.0,0.0,0.0,0.0,0.0,0.0,0.0,0.0,0.0,0.0,0.0,0.0,0.0,0.0,0.0,0.0,0.0,0.0,0.0,0.0,2.0,0.0,0.0,0.0,0.0,0.0,2.0,0.0,1.0,1.0,2.0,6501540931.0,-1.0,葫芦岛市龙港区,葫芦岛市龙港区龙湾街道,10.0,26.6,5.0,5.8,47.4,45.01111111111111,33.84608695652174,39.60348923533779
辽宁省,葫芦岛市,龙港区,滨海街道,120.8299333,40.6952493,11.0,14.0,11.0,41.0,47.0,6.0,0.0,8.0,150.0,6.0,1.0,2.0,3.0,3.0,5.0,6.0,0.0,0.0,0.0,15.0,9.0,0.0,0.0,0.0,0.0,3.0,41.0,0.0,3.0,2.0,1.0,21.0,6.0,13.0,13.0,11.0,2.0,6.0,0.0,10.0,16.0,0.0,0.0,0.0,32.0,1.0,1.0,0.0,0.0,0.0,2.0,2.0,0.0,0.0,0.0,4.0,4.0,0.0,0.0,0.0,0.0,1.0,7.0,0.0,0.0,2.0,0.0,2.0,3.0,2.0,8.0,4.0,6501540926.0,-1.0,葫芦岛市龙港区,葫芦岛市龙港区滨海街道,10.0,30.0,14.0,9.2,63.2,45.01111111111111,33.84608695652174,39.60348923533779
辽宁省,葫芦岛市,龙港区,双龙街道,120.8286775,40.7173826,8.0,31.0,18.0,61.0,83.0,13.0,6.0,1.0,158.0,1.0,1.0,2.0,3.0,3.0,5.0,5.0,0.0,0.0,0.0,9.0,11.0,1.0,3.0,0.0,0.0,6.0,47.0,0.0,3.0,5.0,1.0,9.0,5.0,9.0,13.0,10.0,0.0,6.0,1.0,15.0,6.0,0.0,0.0,0.0,26.0,0.0,0.0,2.0,1.0,1.0,2.0,2.0,0.0,0.0,0.0,0.0,1.0,0.0,1.0,0.0,0.0,2.0,2.0,0.0,2.0,0.0,0.0,3.0,0.0,6.0,7.0,4.0,6501540932.0,-1.0,葫芦岛市龙港区,葫芦岛市龙港区双龙街道,12.0,30.0,15.0,9.4,66.4,45.01111111111111,33.84608695652174,39.60348923533779
辽宁省,葫芦岛市,龙港区,玉皇街道,120.8699617,40.7332046,6.0,39.0,35.0,81.0,77.0,9.0,4.0,1.0,125.0,0.0,0.0,0.0,1.0,1.0,4.0,4.0,0.0,0.0,1.0,17.0,7.0,1.0,2.0,0.0,0.0,6.0,26.0,0.0,2.0,5.0,0.0,4.0,1.0,14.0,13.0,11.0,0.0,10.0,14.0,12.0,11.0,4.0,0.0,0.0,23.0,0.0,0.0,0.0,0.0,0.0,1.0,1.0,0.0,0.0,1.0,6.0,5.0,0.0,0.0,0.0,0.0,1.0,10.0,0.0,1.0,0.0,0.0,0.0,0.0,5.0,8.0,4.0,6501540935.0,-1.0,葫芦岛市龙港区,葫芦岛市龙港区玉皇街道,12.0,26.0,13.0,8.100000000000001,59.1,45.01111111111111,33.84608695652174,39.60348923533779
辽宁省,葫芦岛市,龙港区,连湾街道,120.8997868,40.7091727,1.0,10.0,14.0,32.0,18.0,0.0,0.0,0.0,6.0,0.0,0.0,0.0,0.0,0.0,1.0,1.0,0.0,0.0,0.0,0.0,1.0,0.0,1.0,0.0,0.0,3.0,1.0,0.0,0.0,2.0,0.0,0.0,0.0,7.0,7.0,8.0,1.0,0.0,0.0,1.0,1.0,0.0,0.0,0.0,0.0,0.0,0.0,0.0,0.0,0.0,0.0,0.0,0.0,0.0,0.0,0.0,0.0,0.0,0.0,0.0,0.0,1.0,0.0,0.0,0.0,0.0,0.0,0.0,0.0,3.0,3.0,1.0,6501540930.0,-1.0,葫芦岛市龙港区,葫芦岛市龙港区连湾街道,10.0,19.4,0.0,4.3,33.699999999999996,45.01111111111111,33.84608695652174,39.60348923533779
辽宁省,葫芦岛市,龙港区,北港街道,120.9217866,40.7830168,9.0,14.0,2.0,12.0,8.0,0.0,0.0,0.0,0.0,0.0,0.0,0.0,0.0,0.0,0.0,0.0,0.0,0.0,0.0,0.0,1.0,0.0,0.0,0.0,0.0,14.0,1.0,0.0,0.0,0.0,0.0,0.0,1.0,11.0,7.0,5.0,0.0,2.0,0.0,2.0,0.0,0.0,0.0,0.0,0.0,0.0,0.0,0.0,0.0,0.0,0.0,0.0,0.0,0.0,0.0,0.0,0.0,0.0,0.0,0.0,0.0,4.0,0.0,0.0,0.0,0.0,0.0,0.0,0.0,1.0,2.0,0.0,6501540925.0,-1.0,葫芦岛市龙港区,葫芦岛市龙港区北港街道,12.0,15.1,0.0,2.6,29.700000000000003,45.01111111111111,33.84608695652174,39.60348923533779
辽宁省,葫芦岛市,龙港区,双树乡,120.7871334,40.7021377,4.0,13.0,2.0,21.0,27.0,0.0,0.0,0.0,28.0,0.0,0.0,0.0,0.0,0.0,2.0,2.0,0.0,0.0,0.0,2.0,2.0,0.0,0.0,0.0,0.0,8.0,26.0,0.0,0.0,0.0,0.0,3.0,0.0,9.0,8.0,5.0,0.0,1.0,0.0,7.0,7.0,0.0,0.0,0.0,0.0,0.0,0.0,0.0,0.0,0.0,0.0,0.0,0.0,0.0,0.0,0.0,0.0,0.0,0.0,0.0,0.0,3.0,0.0,0.0,0.0,0.0,0.0,0.0,0.0,2.0,4.0,2.0,3325171504.0,-1.0,葫芦岛市龙港区,葫芦岛市龙港区双树乡,12.0,23.5,0.0,5.1,40.6,45.01111111111111,33.84608695652174,39.60348923533779
辽宁省,葫芦岛市,南票区,沙锅屯街道,120.7056095,41.1284788,0.0,3.0,3.0,4.0,27.0,1.0,0.0,0.0,4.0,0.0,0.0,0.0,0.0,0.0,0.0,0.0,0.0,0.0,0.0,0.0,7.0,0.0,6.0,0.0,0.0,5.0,5.0,0.0,0.0,2.0,0.0,1.0,0.0,5.0,6.0,7.0,0.0,1.0,2.0,1.0,10.0,0.0,0.0,0.0,0.0,0.0,0.0,0.0,0.0,0.0,0.0,0.0,0.0,0.0,0.0,0.0,1.0,0.0,1.0,0.0,0.0,1.0,2.0,0.0,0.0,2.0,0.0,0.0,0.0,3.0,4.0,4.0,6502183829.0,9627790.0,葫芦岛市南票区,葫芦岛市南票区沙锅屯街道,20.0,22.4,0.0,4.6,47.0,31.623076923076926,33.84608695652174,39.60348923533779
辽宁省,葫芦岛市,南票区,九龙街道,120.7471562,41.1033493,0.0,1.0,0.0,19.0,124.0,3.0,0.0,0.0,4.0,0.0,0.0,0.0,0.0,0.0,0.0,0.0,0.0,0.0,0.0,0.0,10.0,0.0,2.0,0.0,0.0,9.0,1.0,0.0,0.0,0.0,0.0,3.0,0.0,4.0,5.0,7.0,0.0,1.0,0.0,9.0,49.0,0.0,0.0,0.0,2.0,0.0,0.0,0.0,0.0,0.0,0.0,0.0,0.0,0.0,0.0,0.0,4.0,0.0,0.0,0.0,0.0,4.0,0.0,0.0,0.0,0.0,0.0,2.0,0.0,3.0,4.0,4.0,6502183825.0,9627787.0,葫芦岛市南票区,葫芦岛市南票区九龙街道,20.0,24.5,0.0,3.6,48.1,31.623076923076926,33.84608695652174,39.60348923533779
辽宁省,葫芦岛市,南票区,龙腾街道,120.99383,40.84687,6.0,0.0,11.0,14.0,13.0,31.0,0.0,0.0,0.0,0.0,0.0,0.0,0.0,0.0,0.0,0.0,0.0,0.0,0.0,0.0,1.0,0.0,2.0,0.0,0.0,4.0,15.0,0.0,0.0,1.0,0.0,0.0,0.0,9.0,6.0,7.0,0.0,0.0,2.0,2.0,2.0,0.0,0.0,0.0,0.0,0.0,0.0,0.0,0.0,0.0,0.0,0.0,0.0,0.0,0.0,0.0,0.0,0.0,0.0,0.0,0.0,0.0,0.0,0.0,0.0,0.0,0.0,0.0,0.0,6.0,3.0,3.0,-1.0,-1.0,葫芦岛市南票区,葫芦岛市南票区龙腾街道,4.0,16.2,0.0,5.1,25.299999999999997,31.623076923076926,33.84608695652174,39.60348923533779
辽宁省,葫芦岛市,南票区,缸窑岭镇,120.5485635,41.0652018,0.0,0.0,2.0,3.0,0.0,0.0,0.0,0.0,0.0,0.0,0.0,0.0,0.0,0.0,0.0,0.0,0.0,0.0,0.0,0.0,0.0,0.0,0.0,0.0,0.0,19.0,0.0,0.0,0.0,0.0,0.0,0.0,0.0,5.0,2.0,0.0,0.0,0.0,2.0,2.0,0.0,0.0,0.0,0.0,0.0,0.0,0.0,0.0,0.0,0.0,0.0,0.0,0.0,0.0,0.0,0.0,0.0,0.0,0.0,0.0,0.0,4.0,0.0,0.0,0.0,0.0,0.0,0.0,0.0,1.0,2.0,0.0,3395248240.0,9627786.0,葫芦岛市南票区,葫芦岛市南票区缸窑岭镇,20.0,9.0,0.0,0.0,29.0,31.623076923076926,33.84608695652174,39.60348923533779
辽宁省,葫芦岛市,南票区,暖池塘镇,120.6668339,41.0283603,0.0,0.0,3.0,1.0,0.0,0.0,0.0,0.0,0.0,0.0,0.0,0.0,0.0,0.0,0.0,0.0,0.0,0.0,0.0,0.0,3.0,0.0,0.0,0.0,0.0,14.0,0.0,0.0,0.0,0.0,0.0,0.0,0.0,1.0,2.0,3.0,0.0,0.0,3.0,1.0,0.0,0.0,0.0,0.0,0.0,0.0,0.0,0.0,0.0,0.0,0.0,0.0,0.0,0.0,0.0,0.0,3.0,0.0,0.0,0.0,0.0,5.0,0.0,0.0,0.0,0.0,0.0,0.0,0.0,1.0,2.0,3.0,3408303251.0,-1.0,葫芦岛市南票区,葫芦岛市南票区暖池塘镇,12.0,7.0,0.0,1.5,20.5,31.623076923076926,33.84608695652174,39.60348923533779
辽宁省,葫芦岛市,南票区,高桥镇,120.9963511,40.8982846,6.0,2.0,4.0,1.0,45.0,1.0,0.0,1.0,2.0,0.0,1.0,0.0,0.0,0.0,0.0,0.0,0.0,0.0,0.0,0.0,0.0,0.0,0.0,0.0,0.0,11.0,32.0,0.0,0.0,0.0,0.0,0.0,0.0,9.0,12.0,2.0,2.0,1.0,3.0,0.0,23.0,1.0,0.0,0.0,2.0,0.0,0.0,0.0,0.0,0.0,0.0,0.0,0.0,0.0,0.0,0.0,0.0,0.0,0.0,0.0,0.0,2.0,11.0,0.0,0.0,0.0,0.0,0.0,0.0,3.0,7.0,1.0,1657245394.0,-1.0,葫芦岛市南票区,葫芦岛市南票区高桥镇,12.0,28.0,0.0,5.3,45.3,31.623076923076926,33.84608695652174,39.60348923533779
辽宁省,葫芦岛市,南票区,虹螺岘镇,120.8688013,41.0198238,0.0,1.0,2.0,2.0,2.0,0.0,0.0,0.0,0.0,0.0,0.0,0.0,0.0,0.0,0.0,0.0,0.0,0.0,0.0,0.0,0.0,0.0,0.0,0.0,0.0,17.0,0.0,0.0,0.0,0.0,0.0,0.0,0.0,1.0,4.0,2.0,0.0,1.0,2.0,1.0,0.0,0.0,0.0,0.0,0.0,0.0,0.0,0.0,0.0,0.0,0.0,0.0,0.0,0.0,0.0,0.0,0.0,0.0,0.0,0.0,0.0,4.0,0.0,0.0,0.0,0.0,0.0,0.0,0.0,1.0,3.0,1.0,3410324684.0,-1.0,葫芦岛市南票区,葫芦岛市南票区虹螺岘镇,12.0,9.4,0.0,1.0,22.4,31.623076923076926,33.84608695652174,39.60348923533779
辽宁省,葫芦岛市,南票区,金星镇,120.9436142,41.0364964,0.0,0.0,4.0,10.0,7.0,1.0,0.0,0.0,0.0,0.0,0.0,0.0,0.0,0.0,0.0,0.0,0.0,0.0,0.0,0.0,0.0,0.0,1.0,0.0,0.0,11.0,2.0,0.0,0.0,0.0,0.0,0.0,0.0,6.0,4.0,4.0,0.0,0.0,1.0,2.0,0.0,0.0,0.0,0.0,0.0,0.0,0.0,0.0,0.0,0.0,0.0,0.0,0.0,0.0,0.0,0.0,0.0,0.0,0.0,0.0,0.0,5.0,0.0,0.0,0.0,0.0,0.0,0.0,0.0,5.0,2.0,0.0,3407998799.0,-1.0,葫芦岛市南票区,葫芦岛市南票区金星镇,12.0,13.4,0.0,2.2,27.599999999999998,31.623076923076926,33.84608695652174,39.60348923533779
辽宁省,葫芦岛市,南票区,台集屯镇,120.8737302,41.0574155,0.0,1.0,0.0,2.0,6.0,0.0,0.0,3.0,0.0,0.0,0.0,0.0,0.0,0.0,0.0,0.0,0.0,0.0,0.0,0.0,2.0,0.0,0.0,0.0,0.0,14.0,0.0,0.0,0.0,0.0,0.0,0.0,0.0,2.0,5.0,3.0,0.0,0.0,0.0,2.0,1.0,0.0,0.0,0.0,0.0,0.0,0.0,0.0,0.0,0.0,0.0,0.0,0.0,0.0,0.0,0.0,1.0,0.0,0.0,0.0,0.0,3.0,0.0,0.0,0.0,0.0,0.0,0.0,0.0,2.0,2.0,1.0,1657245421.0,-1.0,葫芦岛市南票区,葫芦岛市南票区台集屯镇,12.0,11.0,0.0,1.5,24.5,31.623076923076926,33.84608695652174,39.60348923533779
辽宁省,葫芦岛市,南票区,沙锅屯乡,120.691887,41.131279,0.0,3.0,3.0,4.0,16.0,0.0,0.0,0.0,1.0,0.0,0.0,0.0,0.0,0.0,0.0,0.0,0.0,0.0,0.0,0.0,6.0,0.0,5.0,0.0,0.0,6.0,4.0,0.0,0.0,2.0,0.0,0.0,0.0,4.0,5.0,5.0,0.0,3.0,3.0,0.0,10.0,0.0,0.0,0.0,0.0,0.0,0.0,0.0,0.0,0.0,0.0,0.0,0.0,0.0,0.0,0.0,1.0,0.0,1.0,0.0,0.0,3.0,4.0,0.0,0.0,2.0,0.0,0.0,0.0,2.0,4.0,3.0,3410477540.0,9627791.0,葫芦岛市南票区,葫芦岛市南票区沙锅屯乡,20.0,19.7,0.0,3.7,43.400000000000006,31.623076923076926,33.84608695652174,39.60348923533779
辽宁省,葫芦岛市,南票区,黄土坎乡,120.7988064,41.0731626,0.0,5.0,0.0,6.0,39.0,0.0,0.0,0.0,0.0,0.0,0.0,0.0,0.0,0.0,0.0,0.0,0.0,0.0,0.0,0.0,8.0,0.0,0.0,0.0,0.0,17.0,4.0,0.0,0.0,0.0,0.0,0.0,0.0,2.0,4.0,2.0,0.0,2.0,0.0,3.0,3.0,0.0,0.0,0.0,0.0,0.0,0.0,0.0,0.0,0.0,0.0,0.0,0.0,0.0,0.0,0.0,3.0,0.0,0.0,0.0,0.0,2.0,0.0,0.0,0.0,0.0,0.0,0.0,0.0,2.0,3.0,2.0,3410337043.0,-1.0,葫芦岛市南票区,葫芦岛市南票区黄土坎乡,12.0,20.700000000000003,0.0,1.4,34.1,31.623076923076926,33.84608695652174,39.60348923533779
辽宁省,葫芦岛市,南票区,大兴乡,120.9298071,40.9568952,0.0,1.0,1.0,2.0,0.0,1.0,0.0,0.0,0.0,0.0,0.0,0.0,0.0,0.0,1.0,1.0,0.0,0.0,0.0,0.0,0.0,0.0,0.0,0.0,0.0,13.0,0.0,0.0,0.0,0.0,0.0,0.0,0.0,1.0,4.0,0.0,0.0,0.0,0.0,1.0,0.0,0.0,0.0,0.0,0.0,0.0,0.0,0.0,0.0,0.0,0.0,0.0,0.0,0.0,0.0,0.0,0.0,0.0,0.0,0.0,0.0,3.0,0.0,0.0,0.0,0.0,0.0,0.0,0.0,1.0,1.0,0.0,6502183824.0,-1.0,葫芦岛市南票区,葫芦岛市南票区大兴乡,12.0,9.0,0.0,0.0,21.0,31.623076923076926,33.84608695652174,39.60348923533779
辽宁省,葫芦岛市,南票区,张相公屯乡,120.7574538,40.9674975,0.0,0.0,7.0,3.0,1.0,0.0,0.0,0.0,0.0,0.0,0.0,0.0,0.0,0.0,0.0,0.0,0.0,0.0,0.0,0.0,0.0,0.0,0.0,0.0,0.0,15.0,1.0,0.0,0.0,0.0,0.0,0.0,0.0,2.0,3.0,2.0,0.0,0.0,3.0,0.0,0.0,0.0,0.0,0.0,0.0,0.0,0.0,0.0,0.0,0.0,0.0,0.0,0.0,0.0,0.0,0.0,0.0,0.0,0.0,0.0,0.0,3.0,1.0,0.0,0.0,0.0,0.0,0.0,0.0,2.0,1.0,2.0,6502183832.0,-1.0,葫芦岛市南票区,葫芦岛市南票区张相公屯乡,12.0,9.7,0.0,1.2,22.9,31.623076923076926,33.84608695652174,39.60348923533779
辽宁省,葫芦岛市,绥中县,绥中镇,120.3331747,40.329263,19.0,7.0,11.0,28.0,63.0,7.0,0.0,6.0,2.0,0.0,4.0,0.0,0.0,0.0,5.0,5.0,0.0,0.0,0.0,1.0,4.0,0.0,1.0,0.0,0.0,6.0,45.0,0.0,0.0,1.0,0.0,2.0,0.0,10.0,17.0,7.0,0.0,3.0,4.0,12.0,16.0,0.0,0.0,6.0,1.0,0.0,0.0,0.0,0.0,0.0,0.0,0.0,0.0,0.0,0.0,1.0,1.0,0.0,0.0,0.0,0.0,1.0,20.0,0.0,0.0,0.0,0.0,1.0,0.0,3.0,9.0,2.0,-2.0,9622037.0,葫芦岛市绥中县,葫芦岛市绥中县绥中镇,13.0,28.0,1.0,10.100000000000001,52.1,32.972,33.84608695652174,39.60348923533779
辽宁省,葫芦岛市,绥中县,西甸子镇,119.9084366,40.0761109,3.0,15.0,0.0,17.0,15.0,0.0,0.0,0.0,0.0,0.0,0.0,0.0,0.0,0.0,1.0,1.0,0.0,0.0,0.0,0.0,6.0,1.0,0.0,0.0,0.0,12.0,0.0,0.0,0.0,0.0,0.0,0.0,0.0,5.0,8.0,5.0,1.0,0.0,0.0,0.0,4.0,0.0,0.0,0.0,0.0,0.0,0.0,0.0,0.0,0.0,0.0,0.0,0.0,0.0,0.0,0.0,2.0,0.0,0.0,0.0,0.0,3.0,0.0,0.0,0.0,0.0,0.0,0.0,0.0,3.0,2.0,1.0,3320469680.0,-1.0,葫芦岛市绥中县,葫芦岛市绥中县西甸子镇,12.0,18.2,0.0,2.5,32.7,32.972,33.84608695652174,39.60348923533779
辽宁省,葫芦岛市,绥中县,宽邦镇,120.126287,40.50497,1.0,0.0,0.0,2.0,3.0,0.0,0.0,0.0,0.0,0.0,2.0,0.0,0.0,0.0,2.0,2.0,0.0,0.0,0.0,1.0,0.0,0.0,0.0,0.0,0.0,20.0,0.0,0.0,0.0,0.0,0.0,0.0,0.0,1.0,3.0,1.0,0.0,0.0,0.0,2.0,1.0,0.0,0.0,0.0,0.0,0.0,0.0,0.0,0.0,0.0,2.0,2.0,0.0,0.0,0.0,0.0,0.0,0.0,0.0,0.0,0.0,5.0,0.0,0.0,0.0,0.0,0.0,0.0,0.0,1.0,2.0,0.0,2280525673.0,-1.0,葫芦岛市绥中县,葫芦岛市绥中县宽邦镇,12.0,11.4,5.0,0.5,28.9,32.972,33.84608695652174,39.60348923533779
辽宁省,葫芦岛市,绥中县,大王庙镇,120.0251327,40.3942312,0.0,3.0,0.0,7.0,34.0,0.0,0.0,0.0,0.0,0.0,0.0,0.0,0.0,0.0,0.0,0.0,0.0,0.0,0.0,0.0,4.0,0.0,1.0,0.0,0.0,20.0,18.0,0.0,0.0,0.0,0.0,0.0,0.0,1.0,5.0,5.0,0.0,0.0,0.0,3.0,11.0,0.0,0.0,0.0,0.0,0.0,0.0,0.0,0.0,0.0,0.0,0.0,0.0,0.0,0.0,0.0,0.0,0.0,0.0,0.0,0.0,5.0,8.0,0.0,0.0,0.0,0.0,0.0,0.0,1.0,4.0,2.0,2280301542.0,-1.0,葫芦岛市绥中县,葫芦岛市绥中县大王庙镇,12.0,22.5,0.0,5.1,39.6,32.972,33.84608695652174,39.60348923533779
辽宁省,葫芦岛市,绥中县,万家镇,119.8552477,40.0550656,10.0,12.0,11.0,17.0,33.0,5.0,0.0,1.0,1.0,2.0,4.0,0.0,0.0,0.0,1.0,1.0,0.0,0.0,0.0,0.0,4.0,1.0,0.0,0.0,0.0,11.0,29.0,0.0,0.0,0.0,0.0,1.0,0.0,16.0,14.0,7.0,2.0,2.0,0.0,2.0,1.0,0.0,0.0,0.0,0.0,0.0,1.0,0.0,0.0,0.0,0.0,0.0,0.0,0.0,0.0,0.0,0.0,0.0,0.0,0.0,0.0,2.0,0.0,0.0,0.0,0.0,0.0,0.0,0.0,3.0,6.0,0.0,2280291320.0,-1.0,葫芦岛市绥中县,葫芦岛市绥中县万家镇,12.0,26.9,0.0,6.4,45.3,32.972,33.84608695652174,39.60348923533779
辽宁省,葫芦岛市,绥中县,前所镇,119.9452543,40.0930234,3.0,2.0,0.0,12.0,29.0,0.0,0.0,0.0,0.0,0.0,0.0,0.0,0.0,0.0,2.0,2.0,0.0,0.0,0.0,0.0,5.0,0.0,0.0,0.0,0.0,20.0,5.0,0.0,0.0,0.0,0.0,0.0,0.0,6.0,8.0,2.0,3.0,0.0,0.0,5.0,24.0,0.0,0.0,0.0,0.0,0.0,0.0,0.0,0.0,0.0,0.0,0.0,0.0,0.0,0.0,0.0,1.0,0.0,0.0,0.0,0.0,4.0,2.0,0.0,0.0,0.0,0.0,0.0,0.0,4.0,4.0,2.0,2280291321.0,-1.0,葫芦岛市绥中县,葫芦岛市绥中县前所镇,12.0,24.0,0.0,1.7000000000000002,37.7,32.972,33.84608695652174,39.60348923533779
辽宁省,葫芦岛市,绥中县,高岭镇,120.0080824,40.146122,2.0,0.0,3.0,8.0,99.0,2.0,0.0,1.0,0.0,0.0,0.0,1.0,0.0,0.0,1.0,1.0,0.0,0.0,0.0,0.0,0.0,0.0,0.0,0.0,0.0,16.0,1.0,0.0,0.0,0.0,0.0,0.0,0.0,5.0,8.0,1.0,1.0,0.0,0.0,7.0,78.0,0.0,0.0,0.0,0.0,0.0,0.0,1.0,0.0,0.0,1.0,1.0,0.0,0.0,0.0,0.0,0.0,0.0,0.0,0.0,0.0,1.0,0.0,0.0,0.0,0.0,0.0,0.0,0.0,4.0,5.0,0.0,2280291319.0,-1.0,葫芦岛市绥中县,葫芦岛市绥中县高岭镇,12.0,24.0,10.0,0.6,46.6,32.972,33.84608695652174,39.60348923533779
辽宁省,葫芦岛市,绥中县,前卫镇,120.0970888,40.1910494,3.0,0.0,0.0,4.0,11.0,0.0,0.0,0.0,0.0,0.0,0.0,0.0,0.0,0.0,0.0,0.0,0.0,0.0,0.0,0.0,0.0,0.0,1.0,0.0,0.0,12.0,8.0,0.0,0.0,0.0,0.0,0.0,1.0,5.0,7.0,4.0,1.0,0.0,0.0,2.0,5.0,0.0,0.0,0.0,0.0,0.0,0.0,0.0,0.0,0.0,0.0,0.0,0.0,0.0,0.0,0.0,0.0,0.0,0.0,0.0,0.0,5.0,0.0,0.0,0.0,0.0,0.0,0.0,1.0,2.0,3.0,1.0,2280294358.0,-1.0,葫芦岛市绥中县,葫芦岛市绥中县前卫镇,12.0,16.2,0.0,2.8,31.0,32.972,33.84608695652174,39.60348923533779
辽宁省,葫芦岛市,绥中县,荒地镇,120.2674131,40.2310849,0.0,0.0,0.0,8.0,33.0,0.0,0.0,0.0,0.0,0.0,0.0,0.0,0.0,0.0,0.0,0.0,0.0,0.0,0.0,0.0,0.0,0.0,0.0,0.0,0.0,23.0,2.0,0.0,0.0,0.0,0.0,0.0,0.0,2.0,3.0,2.0,0.0,0.0,0.0,4.0,13.0,0.0,0.0,0.0,0.0,0.0,0.0,0.0,0.0,0.0,0.0,0.0,0.0,0.0,0.0,0.0,0.0,0.0,0.0,0.0,0.0,3.0,0.0,0.0,0.0,0.0,0.0,0.0,0.0,2.0,3.0,2.0,2280294359.0,-1.0,葫芦岛市绥中县,葫芦岛市绥中县荒地镇,12.0,17.0,0.0,1.2,30.2,32.972,33.84608695652174,39.60348923533779
辽宁省,葫芦岛市,绥中县,塔山屯镇,120.3967023,40.2561946,0.0,1.0,0.0,1.0,2.0,0.0,0.0,0.0,0.0,0.0,0.0,0.0,0.0,0.0,2.0,2.0,0.0,0.0,0.0,0.0,0.0,0.0,0.0,0.0,0.0,15.0,1.0,0.0,0.0,0.0,0.0,0.0,0.0,1.0,3.0,0.0,0.0,1.0,0.0,1.0,2.0,0.0,0.0,0.0,0.0,0.0,0.0,0.0,0.0,0.0,1.0,1.0,0.0,0.0,0.0,0.0,0.0,0.0,0.0,0.0,0.0,2.0,0.0,0.0,0.0,0.0,0.0,0.0,0.0,1.0,3.0,0.0,2280298882.0,-1.0,葫芦岛市绥中县,葫芦岛市绥中县塔山屯镇,12.0,8.5,5.0,0.1,25.6,32.972,33.84608695652174,39.60348923533779
辽宁省,葫芦岛市,绥中县,高台镇,120.2334694,40.3787474,4.0,3.0,0.0,2.0,2.0,0.0,0.0,0.0,0.0,0.0,0.0,0.0,0.0,0.0,0.0,0.0,0.0,0.0,0.0,0.0,0.0,0.0,0.0,0.0,0.0,23.0,0.0,0.0,0.0,0.0,0.0,0.0,0.0,1.0,4.0,1.0,1.0,0.0,0.0,2.0,0.0,0.0,0.0,0.0,0.0,0.0,0.0,0.0,0.0,0.0,0.0,0.0,0.0,0.0,0.0,0.0,0.0,0.0,0.0,0.0,0.0,1.0,0.0,0.0,0.0,0.0,0.0,0.0,0.0,1.0,2.0,1.0,2280298921.0,-1.0,葫芦岛市绥中县,葫芦岛市绥中县高台镇,12.0,9.4,0.0,0.5,21.9,32.972,33.84608695652174,39.60348923533779
辽宁省,葫芦岛市,绥中县,王宝镇,120.1319361,40.1540602,0.0,0.0,0.0,6.0,17.0,0.0,0.0,0.0,2.0,0.0,0.0,0.0,0.0,0.0,1.0,1.0,0.0,0.0,0.0,0.0,0.0,0.0,0.0,0.0,0.0,25.0,1.0,0.0,0.0,0.0,0.0,0.0,0.0,2.0,4.0,1.0,0.0,0.0,0.0,2.0,6.0,0.0,0.0,0.0,0.0,0.0,0.0,0.0,0.0,0.0,1.0,1.0,0.0,0.0,0.0,0.0,0.0,0.0,0.0,0.0,0.0,6.0,0.0,0.0,0.0,0.0,0.0,0.0,0.0,1.0,3.0,0.0,2280294360.0,-1.0,葫芦岛市绥中县,葫芦岛市绥中县王宝镇,12.0,14.2,5.0,0.6,31.8,32.972,33.84608695652174,39.60348923533779
辽宁省,葫芦岛市,绥中县,沙河镇,120.2476788,40.2735466,1.0,0.0,3.0,1.0,6.0,0.0,0.0,0.0,0.0,0.0,2.0,0.0,0.0,0.0,0.0,0.0,0.0,0.0,0.0,0.0,0.0,0.0,1.0,0.0,0.0,25.0,4.0,0.0,0.0,0.0,0.0,0.0,0.0,4.0,8.0,2.0,1.0,0.0,1.0,1.0,2.0,0.0,0.0,0.0,0.0,0.0,0.0,0.0,0.0,0.0,0.0,0.0,0.0,0.0,0.0,0.0,0.0,0.0,0.0,0.0,0.0,3.0,0.0,0.0,0.0,0.0,0.0,0.0,0.0,2.0,5.0,0.0,2280296671.0,-1.0,葫芦岛市绥中县,葫芦岛市绥中县沙河镇,12.0,13.8,0.0,1.4,27.2,32.972,33.84608695652174,39.60348923533779
辽宁省,葫芦岛市,绥中县,小庄子镇,120.4018307,40.2960241,2.0,0.0,0.0,1.0,3.0,0.0,0.0,0.0,0.0,0.0,0.0,0.0,0.0,0.0,1.0,1.0,0.0,0.0,0.0,0.0,1.0,0.0,0.0,0.0,0.0,17.0,1.0,0.0,0.0,0.0,0.0,0.0,0.0,4.0,4.0,3.0,0.0,0.0,0.0,1.0,0.0,0.0,0.0,0.0,0.0,0.0,0.0,0.0,0.0,0.0,0.0,0.0,0.0,0.0,0.0,0.0,1.0,0.0,0.0,0.0,0.0,4.0,0.0,0.0,0.0,0.0,0.0,0.0,0.0,1.0,1.0,1.0,2280298906.0,-1.0,葫芦岛市绥中县,葫芦岛市绥中县小庄子镇,12.0,8.6,0.0,1.6,22.200000000000003,32.972,33.84608695652174,39.60348923533779
辽宁省,葫芦岛市,绥中县,西平坡满族乡,120.170404,40.4482992,1.0,0.0,0.0,1.0,2.0,0.0,0.0,0.0,0.0,0.0,1.0,0.0,0.0,0.0,2.0,2.0,0.0,0.0,0.0,0.0,0.0,0.0,0.0,0.0,0.0,18.0,0.0,0.0,0.0,0.0,0.0,0.0,0.0,1.0,4.0,1.0,1.0,0.0,0.0,1.0,1.0,0.0,0.0,0.0,0.0,0.0,1.0,0.0,0.0,0.0,1.0,1.0,0.0,0.0,0.0,0.0,0.0,0.0,0.0,0.0,0.0,1.0,0.0,0.0,0.0,0.0,0.0,0.0,0.0,1.0,3.0,0.0,2280413774.0,-1.0,葫芦岛市绥中县,葫芦岛市绥中县西平坡满族乡,12.0,10.7,5.0,0.5,28.2,32.972,33.84608695652174,39.60348923533779
辽宁省,葫芦岛市,绥中县,葛家满族乡,119.9787353,40.4714234,0.0,0.0,1.0,1.0,6.0,0.0,0.0,0.0,0.0,0.0,2.0,0.0,0.0,0.0,0.0,0.0,0.0,0.0,0.0,0.0,1.0,0.0,0.0,0.0,0.0,14.0,2.0,0.0,0.0,0.0,0.0,0.0,0.0,1.0,7.0,2.0,0.0,0.0,1.0,0.0,0.0,0.0,0.0,0.0,0.0,0.0,0.0,0.0,0.0,0.0,0.0,0.0,0.0,0.0,0.0,0.0,0.0,0.0,0.0,0.0,0.0,3.0,0.0,0.0,0.0,0.0,0.0,0.0,0.0,1.0,1.0,1.0,2902192949.0,-1.0,葫芦岛市绥中县,葫芦岛市绥中县葛家满族乡,12.0,12.7,0.0,1.2,25.9,32.972,33.84608695652174,39.60348923533779
辽宁省,葫芦岛市,绥中县,高甸子满族乡,120.143107,40.3861523,0.0,1.0,2.0,1.0,21.0,0.0,0.0,0.0,0.0,0.0,0.0,0.0,0.0,0.0,0.0,0.0,0.0,0.0,0.0,0.0,0.0,0.0,0.0,0.0,0.0,21.0,1.0,0.0,0.0,0.0,0.0,0.0,0.0,1.0,5.0,2.0,0.0,1.0,2.0,0.0,7.0,0.0,0.0,0.0,0.0,0.0,0.0,0.0,0.0,0.0,0.0,0.0,0.0,0.0,0.0,0.0,0.0,0.0,0.0,0.0,0.0,3.0,0.0,0.0,0.0,0.0,0.0,0.0,0.0,1.0,3.0,0.0,2280301526.0,-1.0,葫芦岛市绥中县,葫芦岛市绥中县高甸子满族乡,12.0,14.8,0.0,1.1,27.900000000000002,32.972,33.84608695652174,39.60348923533779
辽宁省,葫芦岛市,绥中县,范家满族乡,120.0299729,40.2968527,0.0,0.0,6.0,3.0,31.0,0.0,0.0,0.0,0.0,0.0,0.0,1.0,0.0,0.0,1.0,1.0,0.0,0.0,0.0,0.0,5.0,0.0,0.0,0.0,0.0,18.0,0.0,0.0,0.0,0.0,0.0,0.0,0.0,2.0,9.0,4.0,0.0,0.0,5.0,0.0,11.0,0.0,0.0,0.0,0.0,0.0,0.0,1.0,0.0,0.0,1.0,1.0,0.0,0.0,0.0,0.0,1.0,0.0,0.0,0.0,0.0,2.0,0.0,0.0,0.0,0.0,0.0,0.0,0.0,1.0,3.0,3.0,3320660961.0,-1.0,葫芦岛市绥中县,葫芦岛市绥中县范家满族乡,12.0,21.5,10.0,2.0,45.5,32.972,33.84608695652174,39.60348923533779
辽宁省,葫芦岛市,绥中县,明水满族乡,119.886621,40.362945,0.0,2.0,0.0,7.0,19.0,0.0,0.0,0.0,0.0,0.0,0.0,1.0,0.0,0.0,3.0,3.0,0.0,0.0,0.0,0.0,0.0,0.0,0.0,0.0,0.0,22.0,1.0,0.0,0.0,0.0,0.0,0.0,0.0,1.0,4.0,4.0,0.0,2.0,0.0,3.0,3.0,0.0,0.0,0.0,0.0,0.0,0.0,1.0,0.0,0.0,1.0,1.0,0.0,0.0,0.0,0.0,0.0,0.0,0.0,0.0,0.0,2.0,1.0,0.0,0.0,0.0,0.0,0.0,0.0,1.0,3.0,1.0,2280309028.0,-1.0,葫芦岛市绥中县,葫芦岛市绥中县明水满族乡,12.0,16.7,10.0,2.2,40.900000000000006,32.972,33.84608695652174,39.60348923533779
辽宁省,葫芦岛市,绥中县,秋子沟乡,119.7723981,40.3753668,0.0,1.0,0.0,1.0,20.0,0.0,0.0,0.0,0.0,0.0,1.0,1.0,0.0,0.0,0.0,0.0,0.0,0.0,0.0,0.0,0.0,0.0,0.0,0.0,0.0,28.0,0.0,0.0,0.0,0.0,0.0,0.0,0.0,1.0,4.0,4.0,0.0,1.0,0.0,0.0,5.0,0.0,0.0,0.0,0.0,0.0,1.0,1.0,0.0,0.0,0.0,0.0,0.0,0.0,0.0,0.0,0.0,0.0,0.0,0.0,0.0,5.0,0.0,0.0,0.0,0.0,0.0,0.0,0.0,1.0,2.0,1.0,2280308990.0,-1.0,葫芦岛市绥中县,葫芦岛市绥中县秋子沟乡,12.0,15.5,5.0,2.0,34.5,32.972,33.84608695652174,39.60348923533779
辽宁省,葫芦岛市,绥中县,加碑岩乡,119.7258929,40.3366987,0.0,3.0,0.0,0.0,22.0,0.0,0.0,1.0,0.0,0.0,0.0,0.0,0.0,0.0,1.0,1.0,0.0,0.0,0.0,0.0,0.0,0.0,0.0,0.0,0.0,24.0,0.0,0.0,0.0,0.0,0.0,0.0,0.0,1.0,4.0,1.0,0.0,0.0,0.0,0.0,9.0,0.0,0.0,0.0,0.0,0.0,0.0,0.0,0.0,0.0,1.0,1.0,0.0,0.0,0.0,0.0,0.0,0.0,0.0,0.0,0.0,4.0,0.0,0.0,0.0,0.0,0.0,0.0,0.0,1.0,2.0,1.0,2280311398.0,-1.0,葫芦岛市绥中县,葫芦岛市绥中县加碑岩乡,12.0,14.1,5.0,0.5,31.6,32.972,33.84608695652174,39.60348923533779
辽宁省,葫芦岛市,绥中县,永安堡乡,119.8058178,40.2325477,0.0,0.0,0.0,4.0,8.0,0.0,0.0,0.0,0.0,0.0,0.0,0.0,0.0,0.0,0.0,0.0,0.0,0.0,0.0,0.0,5.0,0.0,0.0,0.0,0.0,14.0,0.0,0.0,0.0,7.0,0.0,0.0,1.0,3.0,3.0,4.0,0.0,0.0,0.0,4.0,0.0,0.0,0.0,0.0,0.0,0.0,0.0,0.0,0.0,0.0,0.0,0.0,0.0,0.0,0.0,0.0,1.0,0.0,0.0,0.0,0.0,2.0,0.0,0.0,0.0,0.0,0.0,0.0,0.0,1.0,1.0,3.0,2902192948.0,-1.0,葫芦岛市绥中县,葫芦岛市绥中县永安堡乡,12.0,7.1,0.0,2.7,21.8,32.972,33.84608695652174,39.60348923533779
辽宁省,葫芦岛市,绥中县,李家堡乡,119.8053997,40.1090762,0.0,0.0,0.0,8.0,6.0,0.0,0.0,0.0,0.0,0.0,0.0,0.0,0.0,0.0,0.0,0.0,0.0,0.0,0.0,0.0,3.0,0.0,0.0,0.0,0.0,10.0,0.0,0.0,0.0,0.0,0.0,0.0,0.0,1.0,5.0,3.0,0.0,0.0,0.0,1.0,1.0,0.0,0.0,0.0,0.0,0.0,0.0,0.0,0.0,0.0,0.0,0.0,0.0,0.0,0.0,0.0,2.0,0.0,0.0,0.0,0.0,1.0,0.0,0.0,0.0,0.0,0.0,0.0,0.0,1.0,2.0,2.0,6497963442.0,-1.0,葫芦岛市绥中县,葫芦岛市绥中县李家堡乡,12.0,9.0,0.0,1.5,22.5,32.972,33.84608695652174,39.60348923533779
辽宁省,葫芦岛市,绥中县,网户满族乡,120.1903009,40.1900004,0.0,0.0,0.0,5.0,6.0,0.0,0.0,0.0,0.0,0.0,0.0,0.0,0.0,0.0,0.0,0.0,0.0,0.0,0.0,0.0,1.0,0.0,2.0,0.0,0.0,19.0,0.0,0.0,0.0,0.0,0.0,0.0,0.0,2.0,3.0,4.0,0.0,0.0,0.0,3.0,5.0,0.0,0.0,0.0,0.0,0.0,0.0,0.0,0.0,0.0,0.0,0.0,0.0,0.0,0.0,0.0,1.0,0.0,2.0,0.0,0.0,2.0,0.0,0.0,0.0,0.0,0.0,0.0,0.0,2.0,2.0,4.0,2280294356.0,-1.0,葫芦岛市绥中县,葫芦岛市绥中县网户满族乡,12.0,9.2,0.0,2.0,23.2,32.972,33.84608695652174,39.60348923533779
辽宁省,葫芦岛市,绥中县,城郊乡,120.3622581,40.3459738,11.0,2.0,6.0,15.0,35.0,1.0,0.0,0.0,1.0,0.0,2.0,0.0,0.0,0.0,1.0,1.0,0.0,0.0,0.0,0.0,3.0,0.0,0.0,0.0,0.0,18.0,25.0,0.0,0.0,0.0,0.0,2.0,0.0,8.0,13.0,4.0,2.0,0.0,0.0,1.0,0.0,0.0,0.0,0.0,0.0,0.0,0.0,0.0,0.0,0.0,0.0,0.0,0.0,0.0,0.0,0.0,0.0,0.0,0.0,0.0,0.0,4.0,0.0,0.0,0.0,0.0,0.0,0.0,0.0,2.0,3.0,2.0,6497963441.0,9622036.0,葫芦岛市绥中县,葫芦岛市绥中县城郊乡,20.0,25.0,0.0,4.5,49.5,32.972,33.84608695652174,39.60348923533779
辽宁省,葫芦岛市,建昌县,建昌镇,119.8021383,40.8124003,19.0,5.0,33.0,39.0,27.0,12.0,1.0,0.0,1.0,0.0,2.0,3.0,0.0,0.0,11.0,11.0,0.0,0.0,0.0,0.0,0.0,1.0,0.0,0.0,0.0,15.0,14.0,0.0,0.0,1.0,0.0,0.0,0.0,5.0,8.0,6.0,17.0,2.0,1.0,11.0,13.0,0.0,1.0,0.0,0.0,0.0,1.0,0.0,0.0,0.0,5.0,5.0,0.0,0.0,0.0,0.0,0.0,0.0,0.0,0.0,0.0,1.0,2.0,0.0,0.0,0.0,0.0,0.0,0.0,4.0,6.0,2.0,244080758.0,9618100.0,葫芦岛市建昌县,葫芦岛市建昌县建昌镇,20.0,27.3,10.0,4.7,62.0,28.99642857142857,33.84608695652174,39.60348923533779
辽宁省,葫芦岛市,建昌县,八家子镇,120.0459495,40.5820645,1.0,0.0,0.0,0.0,5.0,2.0,0.0,0.0,0.0,0.0,1.0,0.0,0.0,0.0,0.0,0.0,0.0,0.0,0.0,0.0,0.0,0.0,0.0,0.0,0.0,13.0,0.0,0.0,0.0,0.0,0.0,1.0,0.0,3.0,3.0,2.0,1.0,0.0,0.0,0.0,3.0,2.0,0.0,0.0,0.0,0.0,1.0,0.0,0.0,0.0,0.0,0.0,0.0,0.0,0.0,0.0,0.0,0.0,0.0,0.0,0.0,3.0,0.0,0.0,0.0,0.0,0.0,1.0,0.0,1.0,3.0,2.0,2280417371.0,9618098.0,葫芦岛市建昌县,葫芦岛市建昌县八家子镇,20.0,10.4,0.0,1.0,31.4,28.99642857142857,33.84608695652174,39.60348923533779
辽宁省,葫芦岛市,建昌县,喇嘛洞镇,119.686972,40.6499991,3.0,0.0,7.0,1.0,3.0,0.0,0.0,0.0,0.0,0.0,0.0,0.0,1.0,1.0,2.0,2.0,0.0,0.0,0.0,0.0,0.0,0.0,0.0,0.0,0.0,14.0,1.0,0.0,0.0,0.0,0.0,0.0,0.0,1.0,4.0,1.0,3.0,0.0,5.0,0.0,3.0,0.0,0.0,0.0,0.0,0.0,0.0,0.0,1.0,1.0,2.0,2.0,0.0,0.0,0.0,0.0,0.0,0.0,0.0,0.0,0.0,5.0,1.0,0.0,0.0,0.0,0.0,0.0,0.0,1.0,3.0,1.0,3320176608.0,-1.0,葫芦岛市建昌县,葫芦岛市建昌县喇嘛洞镇,12.0,9.5,10.0,0.7,32.2,28.99642857142857,33.84608695652174,39.60348923533779
辽宁省,葫芦岛市,建昌县,药王庙镇,120.1490145,40.792866,0.0,4.0,4.0,1.0,25.0,0.0,0.0,0.0,0.0,0.0,0.0,0.0,0.0,0.0,0.0,0.0,0.0,0.0,0.0,0.0,3.0,0.0,0.0,0.0,0.0,29.0,19.0,0.0,0.0,0.0,0.0,0.0,0.0,2.0,8.0,2.0,0.0,0.0,1.0,0.0,11.0,0.0,0.0,0.0,0.0,0.0,0.0,0.0,0.0,0.0,0.0,0.0,0.0,0.0,0.0,0.0,1.0,0.0,0.0,0.0,0.0,5.0,4.0,0.0,0.0,0.0,0.0,0.0,0.0,1.0,3.0,2.0,3314350644.0,-1.0,葫芦岛市建昌县,葫芦岛市建昌县药王庙镇,12.0,18.3,0.0,3.3000000000000003,33.6,28.99642857142857,33.84608695652174,39.60348923533779
辽宁省,葫芦岛市,建昌县,汤神庙镇,119.6010034,40.7770418,0.0,0.0,0.0,4.0,1.0,0.0,0.0,0.0,0.0,0.0,0.0,0.0,0.0,0.0,0.0,0.0,0.0,0.0,0.0,0.0,0.0,0.0,0.0,0.0,0.0,26.0,0.0,0.0,0.0,0.0,0.0,0.0,0.0,1.0,2.0,1.0,0.0,0.0,0.0,2.0,0.0,0.0,0.0,0.0,0.0,0.0,0.0,0.0,0.0,0.0,0.0,0.0,0.0,0.0,0.0,0.0,0.0,0.0,0.0,0.0,0.0,5.0,0.0,0.0,0.0,0.0,0.0,0.0,0.0,1.0,1.0,1.0,3320254046.0,-1.0,葫芦岛市建昌县,葫芦岛市建昌县汤神庙镇,12.0,5.2,0.0,0.5,17.7,28.99642857142857,33.84608695652174,39.60348923533779
辽宁省,葫芦岛市,建昌县,玲珑塔镇,119.9938277,40.9039252,1.0,3.0,3.0,0.0,1.0,0.0,0.0,0.0,0.0,0.0,0.0,0.0,0.0,0.0,0.0,0.0,0.0,0.0,0.0,0.0,0.0,0.0,0.0,0.0,0.0,16.0,0.0,0.0,0.0,0.0,0.0,0.0,0.0,1.0,4.0,2.0,1.0,3.0,0.0,0.0,0.0,0.0,0.0,0.0,0.0,0.0,0.0,0.0,0.0,0.0,0.0,0.0,0.0,0.0,0.0,0.0,0.0,0.0,0.0,0.0,0.0,4.0,0.0,0.0,0.0,0.0,0.0,0.0,0.0,1.0,2.0,1.0,2277070309.0,-1.0,葫芦岛市建昌县,葫芦岛市建昌县玲珑塔镇,12.0,7.2,0.0,1.0,20.2,28.99642857142857,33.84608695652174,39.60348923533779
辽宁省,葫芦岛市,建昌县,大屯镇,119.9677577,40.6219466,3.0,0.0,1.0,7.0,5.0,0.0,0.0,0.0,0.0,0.0,1.0,0.0,0.0,0.0,1.0,1.0,0.0,0.0,0.0,0.0,3.0,0.0,0.0,0.0,0.0,17.0,1.0,0.0,0.0,0.0,0.0,0.0,0.0,1.0,7.0,3.0,1.0,0.0,0.0,3.0,0.0,0.0,0.0,0.0,0.0,0.0,0.0,0.0,0.0,0.0,1.0,1.0,0.0,0.0,0.0,0.0,0.0,0.0,0.0,0.0,0.0,2.0,0.0,0.0,0.0,0.0,0.0,0.0,0.0,1.0,2.0,1.0,2280424713.0,-1.0,葫芦岛市建昌县,葫芦岛市建昌县大屯镇,12.0,16.5,5.0,1.6,35.1,28.99642857142857,33.84608695652174,39.60348923533779
辽宁省,葫芦岛市,建昌县,牤牛营子乡,119.7960203,40.7976175,19.0,5.0,22.0,28.0,27.0,0.0,1.0,0.0,1.0,0.0,2.0,0.0,0.0,0.0,11.0,11.0,0.0,0.0,0.0,0.0,1.0,1.0,0.0,0.0,0.0,18.0,8.0,0.0,0.0,0.0,0.0,0.0,0.0,5.0,7.0,6.0,2.0,1.0,1.0,5.0,5.0,0.0,0.0,0.0,0.0,0.0,0.0,0.0,0.0,0.0,1.0,1.0,0.0,0.0,0.0,0.0,0.0,1.0,0.0,0.0,0.0,1.0,0.0,0.0,0.0,0.0,0.0,0.0,0.0,3.0,5.0,3.0,6495276021.0,-1.0,葫芦岛市建昌县,葫芦岛市建昌县牤牛营子乡,12.0,24.4,5.0,3.8,45.199999999999996,28.99642857142857,33.84608695652174,39.60348923533779
辽宁省,葫芦岛市,建昌县,素珠营子乡,119.8059547,40.7535558,1.0,0.0,6.0,0.0,4.0,0.0,0.0,0.0,0.0,0.0,0.0,0.0,0.0,0.0,0.0,0.0,0.0,0.0,0.0,0.0,2.0,0.0,0.0,0.0,0.0,16.0,0.0,0.0,0.0,0.0,0.0,0.0,0.0,2.0,3.0,3.0,0.0,0.0,6.0,0.0,0.0,0.0,0.0,0.0,0.0,0.0,0.0,0.0,0.0,0.0,0.0,0.0,0.0,0.0,0.0,0.0,0.0,0.0,0.0,0.0,0.0,2.0,0.0,0.0,0.0,0.0,0.0,0.0,0.0,1.0,1.0,1.0,3376074243.0,-1.0,葫芦岛市建昌县,葫芦岛市建昌县素珠营子乡,12.0,7.3,0.0,1.5,20.8,28.99642857142857,33.84608695652174,39.60348923533779
辽宁省,葫芦岛市,建昌县,石佛乡,119.873344,40.8565846,3.0,1.0,4.0,11.0,2.0,0.0,0.0,0.0,0.0,0.0,0.0,1.0,0.0,0.0,0.0,0.0,1.0,0.0,0.0,0.0,0.0,0.0,1.0,0.0,0.0,22.0,4.0,0.0,0.0,0.0,0.0,0.0,0.0,1.0,7.0,2.0,1.0,0.0,0.0,4.0,1.0,0.0,0.0,0.0,0.0,0.0,0.0,1.0,0.0,0.0,0.0,0.0,0.0,0.0,0.0,0.0,0.0,0.0,0.0,0.0,0.0,5.0,1.0,0.0,0.0,0.0,0.0,0.0,0.0,1.0,5.0,1.0,2280525665.0,-1.0,葫芦岛市建昌县,葫芦岛市建昌县石佛乡,12.0,14.2,5.0,1.5,32.7,28.99642857142857,33.84608695652174,39.60348923533779
辽宁省,葫芦岛市,建昌县,王宝营子乡,119.5007102,40.7522738,0.0,0.0,0.0,1.0,0.0,0.0,0.0,0.0,0.0,0.0,0.0,0.0,0.0,0.0,0.0,0.0,0.0,0.0,0.0,0.0,0.0,0.0,0.0,0.0,0.0,24.0,0.0,0.0,0.0,0.0,0.0,0.0,0.0,5.0,1.0,1.0,0.0,0.0,0.0,1.0,0.0,0.0,0.0,0.0,0.0,0.0,0.0,0.0,0.0,0.0,0.0,0.0,0.0,0.0,0.0,0.0,0.0,0.0,0.0,0.0,0.0,4.0,0.0,0.0,0.0,0.0,0.0,0.0,0.0,1.0,1.0,1.0,3320255718.0,-1.0,葫芦岛市建昌县,葫芦岛市建昌县王宝营子乡,12.0,1.5,0.0,0.5,14.0,28.99642857142857,33.84608695652174,39.60348923533779
辽宁省,葫芦岛市,建昌县,老大杖子乡,119.3274272,40.6065825,0.0,0.0,5.0,1.0,8.0,0.0,0.0,0.0,0.0,0.0,0.0,0.0,0.0,0.0,1.0,1.0,0.0,0.0,0.0,0.0,1.0,0.0,0.0,0.0,0.0,10.0,0.0,0.0,0.0,0.0,0.0,0.0,0.0,5.0,4.0,3.0,0.0,0.0,3.0,1.0,2.0,0.0,0.0,0.0,0.0,0.0,0.0,0.0,0.0,0.0,0.0,0.0,0.0,0.0,0.0,0.0,1.0,0.0,0.0,0.0,0.0,3.0,0.0,0.0,0.0,0.0,0.0,0.0,0.0,1.0,4.0,3.0,3320159561.0,-1.0,葫芦岛市建昌县,葫芦岛市建昌县老大杖子乡,12.0,10.2,0.0,1.5,23.7,28.99642857142857,33.84608695652174,39.60348923533779
辽宁省,葫芦岛市,建昌县,要路沟乡,119.4358,40.5840454,0.0,0.0,6.0,9.0,4.0,0.0,0.0,0.0,0.0,0.0,1.0,0.0,1.0,1.0,2.0,2.0,0.0,0.0,0.0,0.0,0.0,0.0,0.0,0.0,0.0,17.0,0.0,0.0,0.0,0.0,0.0,0.0,0.0,1.0,4.0,2.0,0.0,0.0,4.0,4.0,0.0,0.0,0.0,0.0,0.0,0.0,1.0,0.0,1.0,1.0,2.0,2.0,0.0,0.0,0.0,0.0,0.0,0.0,0.0,0.0,0.0,3.0,0.0,0.0,0.0,0.0,0.0,0.0,0.0,1.0,2.0,2.0,6495107450.0,-1.0,葫芦岛市建昌县,葫芦岛市建昌县要路沟乡,12.0,14.8,10.0,1.0,37.8,28.99642857142857,33.84608695652174,39.60348923533779
辽宁省,葫芦岛市,建昌县,魏家岭乡,119.5185507,40.6292225,0.0,0.0,1.0,3.0,4.0,0.0,0.0,0.0,0.0,0.0,0.0,0.0,0.0,0.0,1.0,1.0,0.0,0.0,0.0,0.0,0.0,0.0,0.0,0.0,0.0,19.0,0.0,0.0,0.0,0.0,0.0,0.0,0.0,1.0,3.0,1.0,0.0,0.0,1.0,0.0,2.0,0.0,0.0,0.0,0.0,0.0,0.0,0.0,0.0,0.0,1.0,1.0,0.0,0.0,0.0,0.0,0.0,0.0,0.0,0.0,0.0,1.0,0.0,0.0,0.0,0.0,0.0,0.0,0.0,1.0,2.0,1.0,3320166697.0,-1.0,葫芦岛市建昌县,葫芦岛市建昌县魏家岭乡,12.0,10.9,5.0,0.5,28.4,28.99642857142857,33.84608695652174,39.60348923533779
辽宁省,葫芦岛市,建昌县,西碱厂乡,119.629312,40.6409858,1.0,0.0,7.0,2.0,2.0,0.0,0.0,0.0,0.0,0.0,0.0,0.0,0.0,0.0,1.0,1.0,0.0,0.0,0.0,0.0,0.0,0.0,0.0,0.0,0.0,22.0,1.0,0.0,0.0,0.0,0.0,0.0,0.0,1.0,4.0,1.0,0.0,0.0,3.0,0.0,1.0,0.0,0.0,0.0,0.0,0.0,0.0,0.0,0.0,0.0,0.0,0.0,0.0,0.0,0.0,0.0,0.0,0.0,0.0,0.0,0.0,4.0,0.0,0.0,0.0,0.0,0.0,0.0,0.0,1.0,2.0,1.0,3320174844.0,-1.0,葫芦岛市建昌县,葫芦岛市建昌县西碱厂乡,12.0,9.7,0.0,0.6,22.3,28.99642857142857,33.84608695652174,39.60348923533779
辽宁省,葫芦岛市,建昌县,头道营子乡,119.5768512,40.5963512,1.0,0.0,0.0,8.0,8.0,0.0,0.0,0.0,0.0,0.0,0.0,0.0,0.0,0.0,0.0,0.0,0.0,0.0,0.0,0.0,0.0,0.0,0.0,0.0,0.0,18.0,2.0,0.0,0.0,0.0,0.0,0.0,0.0,1.0,4.0,2.0,0.0,0.0,0.0,6.0,1.0,0.0,0.0,0.0,0.0,0.0,0.0,0.0,0.0,0.0,0.0,0.0,0.0,0.0,0.0,0.0,0.0,0.0,0.0,0.0,0.0,4.0,0.0,0.0,0.0,0.0,0.0,0.0,0.0,1.0,2.0,1.0,3320167989.0,-1.0,葫芦岛市建昌县,葫芦岛市建昌县头道营子乡,12.0,13.9,0.0,1.2,27.099999999999998,28.99642857142857,33.84608695652174,39.60348923533779
辽宁省,葫芦岛市,建昌县,新开岭乡,119.5927422,40.5186868,1.0,0.0,2.0,0.0,0.0,0.0,0.0,0.0,0.0,0.0,0.0,0.0,0.0,0.0,2.0,2.0,0.0,0.0,0.0,0.0,0.0,0.0,0.0,0.0,0.0,9.0,0.0,0.0,0.0,0.0,0.0,0.0,0.0,10.0,2.0,1.0,0.0,0.0,2.0,0.0,0.0,0.0,0.0,0.0,0.0,0.0,0.0,0.0,0.0,0.0,0.0,0.0,0.0,0.0,0.0,0.0,0.0,0.0,0.0,0.0,0.0,1.0,0.0,0.0,0.0,0.0,0.0,0.0,0.0,1.0,1.0,0.0,3320246370.0,-1.0,葫芦岛市建昌县,葫芦岛市建昌县新开岭乡,12.0,6.0,0.0,0.5,18.5,28.99642857142857,33.84608695652174,39.60348923533779
辽宁省,葫芦岛市,建昌县,贺杖子乡,119.6750152,40.5389304,0.0,0.0,2.0,0.0,9.0,0.0,0.0,0.0,0.0,0.0,0.0,0.0,0.0,0.0,0.0,0.0,0.0,0.0,0.0,0.0,0.0,0.0,0.0,0.0,0.0,13.0,14.0,0.0,0.0,0.0,0.0,0.0,0.0,1.0,3.0,2.0,0.0,0.0,2.0,0.0,5.0,0.0,0.0,0.0,0.0,0.0,0.0,0.0,0.0,0.0,0.0,0.0,0.0,0.0,0.0,0.0,0.0,0.0,0.0,0.0,0.0,3.0,12.0,0.0,0.0,0.0,0.0,0.0,0.0,1.0,3.0,0.0,3374667915.0,-1.0,葫芦岛市建昌县,葫芦岛市建昌县贺杖子乡,12.0,9.8,0.0,3.6,25.400000000000002,28.99642857142857,33.84608695652174,39.60348923533779
辽宁省,葫芦岛市,建昌县,养马甸子乡,119.7751796,40.5380628,0.0,0.0,2.0,0.0,6.0,0.0,0.0,0.0,0.0,0.0,0.0,0.0,0.0,0.0,0.0,0.0,0.0,0.0,0.0,0.0,0.0,0.0,0.0,0.0,0.0,18.0,0.0,0.0,0.0,0.0,0.0,0.0,0.0,1.0,2.0,0.0,0.0,0.0,2.0,0.0,0.0,0.0,0.0,0.0,0.0,0.0,0.0,0.0,0.0,0.0,0.0,0.0,0.0,0.0,0.0,0.0,0.0,0.0,0.0,0.0,0.0,2.0,0.0,0.0,0.0,0.0,0.0,0.0,0.0,1.0,1.0,0.0,3374626997.0,-1.0,葫芦岛市建昌县,葫芦岛市建昌县养马甸子乡,12.0,7.2,0.0,0.0,19.2,28.99642857142857,33.84608695652174,39.60348923533779
辽宁省,葫芦岛市,建昌县,和尚房子乡,119.8116652,40.4952498,0.0,0.0,4.0,1.0,6.0,0.0,0.0,0.0,0.0,0.0,0.0,0.0,0.0,0.0,2.0,2.0,0.0,0.0,0.0,0.0,1.0,0.0,0.0,0.0,0.0,25.0,0.0,0.0,0.0,0.0,0.0,0.0,0.0,1.0,3.0,3.0,0.0,0.0,4.0,1.0,1.0,0.0,0.0,0.0,0.0,0.0,0.0,0.0,0.0,0.0,1.0,1.0,0.0,0.0,0.0,0.0,0.0,0.0,0.0,0.0,0.0,6.0,0.0,0.0,0.0,0.0,0.0,0.0,0.0,1.0,3.0,1.0,3374575282.0,-1.0,葫芦岛市建昌县,葫芦岛市建昌县和尚房子乡,12.0,9.0,5.0,1.5,27.5,28.99642857142857,33.84608695652174,39.60348923533779
辽宁省,葫芦岛市,建昌县,杨树湾子乡,120.0587651,40.6798058,0.0,0.0,7.0,2.0,35.0,0.0,0.0,0.0,1.0,0.0,0.0,0.0,0.0,0.0,1.0,1.0,0.0,0.0,0.0,0.0,0.0,0.0,0.0,0.0,0.0,18.0,16.0,0.0,0.0,0.0,0.0,0.0,0.0,3.0,4.0,1.0,0.0,0.0,4.0,1.0,10.0,0.0,0.0,0.0,0.0,0.0,0.0,0.0,0.0,0.0,0.0,0.0,0.0,0.0,0.0,0.0,0.0,0.0,0.0,0.0,0.0,3.0,2.0,0.0,0.0,0.0,0.0,0.0,0.0,1.0,4.0,1.0,1657973614.0,-1.0,葫芦岛市建昌县,葫芦岛市建昌县杨树湾子乡,12.0,21.0,0.0,2.3,35.3,28.99642857142857,33.84608695652174,39.60348923533779
辽宁省,葫芦岛市,建昌县,黑山科乡,119.936929,40.7235974,3.0,0.0,7.0,5.0,4.0,0.0,0.0,0.0,1.0,0.0,0.0,0.0,0.0,0.0,0.0,0.0,0.0,0.0,0.0,0.0,1.0,0.0,0.0,0.0,0.0,32.0,0.0,0.0,0.0,0.0,0.0,0.0,0.0,2.0,5.0,4.0,0.0,0.0,3.0,4.0,2.0,0.0,0.0,0.0,0.0,0.0,0.0,0.0,0.0,0.0,0.0,0.0,0.0,0.0,0.0,0.0,0.0,0.0,0.0,0.0,0.0,4.0,0.0,0.0,0.0,0.0,0.0,0.0,0.0,1.0,3.0,1.0,1657973535.0,-1.0,葫芦岛市建昌县,葫芦岛市建昌县黑山科乡,12.0,15.9,0.0,2.0,29.9,28.99642857142857,33.84608695652174,39.60348923533779
辽宁省,葫芦岛市,建昌县,雷家店乡,119.8966899,40.7281825,7.0,0.0,5.0,2.0,3.0,0.0,0.0,0.0,0.0,0.0,1.0,0.0,0.0,0.0,0.0,0.0,0.0,0.0,0.0,0.0,1.0,0.0,0.0,0.0,0.0,17.0,0.0,0.0,0.0,1.0,0.0,0.0,0.0,2.0,6.0,3.0,5.0,0.0,0.0,0.0,1.0,0.0,0.0,0.0,0.0,0.0,1.0,0.0,0.0,0.0,0.0,0.0,0.0,0.0,0.0,0.0,0.0,0.0,0.0,0.0,0.0,1.0,0.0,0.0,0.0,0.0,0.0,0.0,0.0,2.0,3.0,1.0,2280525702.0,-1.0,葫芦岛市建昌县,葫芦岛市建昌县雷家店乡,12.0,12.9,0.0,1.6,26.5,28.99642857142857,33.84608695652174,39.60348923533779
辽宁省,葫芦岛市,建昌县,小德营子乡,120.1791625,40.8832247,0.0,0.0,4.0,0.0,5.0,0.0,0.0,0.0,0.0,0.0,0.0,0.0,0.0,0.0,0.0,0.0,0.0,0.0,0.0,0.0,4.0,0.0,0.0,0.0,0.0,27.0,0.0,0.0,0.0,0.0,0.0,0.0,0.0,1.0,3.0,2.0,0.0,0.0,1.0,0.0,2.0,0.0,0.0,0.0,0.0,0.0,0.0,0.0,0.0,0.0,0.0,0.0,0.0,0.0,0.0,0.0,2.0,0.0,0.0,0.0,0.0,3.0,0.0,0.0,0.0,0.0,0.0,0.0,0.0,1.0,2.0,2.0,3314334112.0,-1.0,葫芦岛市建昌县,葫芦岛市建昌县小德营子乡,12.0,8.1,0.0,1.0,21.1,28.99642857142857,33.84608695652174,39.60348923533779
辽宁省,葫芦岛市,建昌县,二道湾子蒙古族乡,120.0951342,40.8652991,0.0,0.0,3.0,3.0,15.0,0.0,0.0,0.0,0.0,0.0,0.0,0.0,0.0,0.0,0.0,0.0,0.0,0.0,0.0,0.0,5.0,0.0,0.0,0.0,0.0,21.0,16.0,0.0,0.0,0.0,0.0,0.0,0.0,1.0,4.0,2.0,0.0,0.0,3.0,3.0,4.0,0.0,0.0,0.0,0.0,0.0,0.0,0.0,0.0,0.0,0.0,0.0,0.0,0.0,0.0,0.0,0.0,0.0,0.0,0.0,0.0,3.0,3.0,0.0,0.0,0.0,0.0,0.0,0.0,1.0,4.0,1.0,3314383472.0,-1.0,葫芦岛市建昌县,葫芦岛市建昌县二道湾子蒙古族乡,12.0,14.2,0.0,2.9000000000000004,29.1,28.99642857142857,33.84608695652174,39.60348923533779
辽宁省,葫芦岛市,建昌县,巴什罕乡,120.0352895,40.8206757,0.0,3.0,0.0,1.0,26.0,0.0,0.0,0.0,0.0,0.0,0.0,0.0,0.0,0.0,2.0,2.0,0.0,0.0,0.0,0.0,0.0,0.0,0.0,0.0,0.0,27.0,23.0,0.0,0.0,0.0,0.0,0.0,0.0,1.0,6.0,1.0,0.0,0.0,0.0,1.0,8.0,0.0,0.0,0.0,0.0,0.0,0.0,0.0,0.0,0.0,1.0,1.0,0.0,0.0,0.0,0.0,0.0,0.0,0.0,0.0,0.0,2.0,9.0,0.0,0.0,0.0,0.0,0.0,0.0,1.0,3.0,1.0,3374849379.0,-1.0,葫芦岛市建昌县,葫芦岛市建昌县巴什罕乡,12.0,16.6,5.0,3.7,37.300000000000004,28.99642857142857,33.84608695652174,39.60348923533779
辽宁省,葫芦岛市,建昌县,娘娘庙乡,120.1123878,40.9644745,1.0,0.0,0.0,2.0,1.0,0.0,0.0,0.0,0.0,0.0,0.0,0.0,0.0,0.0,0.0,0.0,0.0,0.0,0.0,0.0,0.0,0.0,0.0,0.0,0.0,27.0,0.0,0.0,0.0,0.0,0.0,0.0,0.0,2.0,3.0,0.0,1.0,0.0,0.0,1.0,0.0,0.0,0.0,0.0,0.0,0.0,0.0,0.0,0.0,0.0,0.0,0.0,0.0,0.0,0.0,0.0,0.0,0.0,0.0,0.0,0.0,3.0,0.0,0.0,0.0,0.0,0.0,0.0,0.0,1.0,2.0,0.0,3395156789.0,9618101.0,葫芦岛市建昌县,葫芦岛市建昌县娘娘庙乡,20.0,8.7,0.0,0.0,28.7,28.99642857142857,33.84608695652174,39.60348923533779
辽宁省,葫芦岛市,建昌县,谷杖子乡,120.0818186,40.9855278,0.0,0.0,0.0,2.0,2.0,0.0,0.0,0.0,0.0,0.0,0.0,0.0,0.0,0.0,1.0,1.0,0.0,0.0,0.0,0.0,0.0,0.0,0.0,0.0,0.0,21.0,0.0,0.0,0.0,0.0,0.0,0.0,0.0,2.0,2.0,1.0,0.0,0.0,0.0,2.0,1.0,0.0,0.0,0.0,0.0,0.0,0.0,0.0,0.0,0.0,1.0,1.0,0.0,0.0,0.0,0.0,0.0,0.0,0.0,0.0,0.0,2.0,0.0,0.0,0.0,0.0,0.0,0.0,0.0,2.0,2.0,0.0,4767477102.0,9618099.0,葫芦岛市建昌县,葫芦岛市建昌县谷杖子乡,20.0,3.7,5.0,0.5,29.2,28.99642857142857,33.84608695652174,39.60348923533779
辽宁省,葫芦岛市,兴城市,古城街道,120.7317772,40.6468748,11.0,9.0,26.0,24.0,32.0,2.0,0.0,6.0,26.0,0.0,0.0,0.0,0.0,0.0,1.0,1.0,0.0,0.0,0.0,0.0,0.0,0.0,0.0,0.0,0.0,20.0,2.0,0.0,0.0,0.0,0.0,5.0,2.0,7.0,12.0,7.0,5.0,1.0,8.0,0.0,7.0,0.0,0.0,0.0,0.0,0.0,0.0,0.0,0.0,0.0,0.0,0.0,0.0,0.0,0.0,0.0,0.0,0.0,0.0,0.0,0.0,2.0,0.0,0.0,0.0,0.0,0.0,1.0,0.0,3.0,5.0,3.0,6499779473.0,9624522.0,葫芦岛市兴城市,葫芦岛市兴城市古城街道,20.0,24.5,0.0,3.7,48.2,32.920833333333334,33.84608695652174,39.60348923533779
辽宁省,葫芦岛市,兴城市,宁远街道,120.6958262,40.6163035,7.0,6.0,65.0,37.0,122.0,3.0,0.0,7.0,66.0,4.0,0.0,0.0,1.0,1.0,3.0,3.0,0.0,0.0,0.0,4.0,6.0,0.0,8.0,0.0,0.0,19.0,62.0,0.0,0.0,0.0,0.0,2.0,3.0,7.0,13.0,11.0,0.0,1.0,22.0,6.0,33.0,0.0,0.0,2.0,16.0,0.0,0.0,0.0,0.0,0.0,0.0,0.0,0.0,0.0,0.0,1.0,1.0,0.0,0.0,0.0,0.0,5.0,3.0,0.0,0.0,0.0,0.0,0.0,2.0,5.0,7.0,7.0,6499779475.0,9624525.0,葫芦岛市兴城市,葫芦岛市兴城市宁远街道,20.0,28.0,1.0,10.5,59.5,32.920833333333334,33.84608695652174,39.60348923533779
辽宁省,葫芦岛市,兴城市,温泉街道,120.744436,40.6184783,12.0,2.0,61.0,63.0,185.0,2.0,1.0,78.0,207.0,4.0,0.0,1.0,2.0,2.0,6.0,9.0,0.0,0.0,0.0,7.0,12.0,0.0,1.0,0.0,0.0,15.0,58.0,0.0,16.0,1.0,9.0,11.0,6.0,13.0,15.0,11.0,0.0,0.0,8.0,11.0,9.0,0.0,0.0,0.0,34.0,0.0,0.0,0.0,0.0,0.0,1.0,1.0,0.0,0.0,0.0,0.0,3.0,0.0,0.0,0.0,0.0,4.0,2.0,0.0,0.0,0.0,0.0,5.0,0.0,2.0,5.0,4.0,6499779477.0,9624527.0,葫芦岛市兴城市,葫芦岛市兴城市温泉街道,20.0,28.0,10.0,10.100000000000001,68.1,32.920833333333334,33.84608695652174,39.60348923533779
辽宁省,葫芦岛市,兴城市,四家屯街道,120.7884821,40.6436667,2.0,4.0,19.0,12.0,158.0,14.0,0.0,124.0,86.0,0.0,3.0,2.0,2.0,2.0,1.0,7.0,0.0,0.0,1.0,7.0,5.0,0.0,1.0,0.0,0.0,10.0,116.0,0.0,41.0,6.0,9.0,31.0,4.0,10.0,14.0,12.0,0.0,2.0,6.0,4.0,9.0,2.0,0.0,0.0,10.0,0.0,0.0,0.0,1.0,1.0,0.0,1.0,0.0,0.0,0.0,0.0,0.0,0.0,0.0,0.0,0.0,4.0,1.0,0.0,0.0,0.0,0.0,0.0,0.0,1.0,8.0,1.0,6499779476.0,9624526.0,葫芦岛市兴城市,葫芦岛市兴城市四家屯街道,20.0,28.0,10.0,16.3,74.3,32.920833333333334,33.84608695652174,39.60348923533779
辽宁省,葫芦岛市,兴城市,菊花街道,120.8143473,40.5146873,0.0,0.0,0.0,8.0,12.0,0.0,0.0,0.0,0.0,0.0,0.0,0.0,0.0,0.0,0.0,0.0,0.0,0.0,0.0,0.0,2.0,0.0,0.0,0.0,0.0,13.0,0.0,0.0,0.0,2.0,0.0,0.0,1.0,6.0,3.0,7.0,0.0,0.0,0.0,3.0,8.0,0.0,0.0,0.0,0.0,0.0,0.0,0.0,0.0,0.0,0.0,0.0,0.0,0.0,0.0,0.0,1.0,0.0,0.0,0.0,0.0,4.0,0.0,0.0,0.0,1.0,0.0,0.0,0.0,6.0,3.0,5.0,6499779474.0,9624524.0,葫芦岛市兴城市,葫芦岛市兴城市菊花街道,20.0,11.3,0.0,3.8,35.1,32.920833333333334,33.84608695652174,39.60348923533779
辽宁省,葫芦岛市,兴城市,曹庄镇,120.6623868,40.5817068,5.0,2.0,2.0,2.0,33.0,9.0,0.0,0.0,0.0,1.0,1.0,0.0,0.0,0.0,1.0,2.0,0.0,0.0,0.0,0.0,14.0,0.0,1.0,0.0,0.0,14.0,4.0,0.0,0.0,1.0,0.0,1.0,0.0,5.0,9.0,6.0,1.0,0.0,0.0,0.0,12.0,1.0,0.0,0.0,0.0,0.0,0.0,0.0,0.0,0.0,1.0,1.0,0.0,0.0,0.0,0.0,3.0,0.0,0.0,0.0,0.0,4.0,2.0,0.0,0.0,0.0,0.0,0.0,0.0,3.0,4.0,3.0,3390631464.0,-1.0,葫芦岛市兴城市,葫芦岛市兴城市曹庄镇,12.0,25.2,5.0,3.7,45.900000000000006,32.920833333333334,33.84608695652174,39.60348923533779
辽宁省,葫芦岛市,兴城市,沙后所满族镇,120.5709668,40.4785426,4.0,0.0,0.0,7.0,39.0,2.0,0.0,0.0,0.0,0.0,0.0,0.0,0.0,0.0,1.0,1.0,0.0,0.0,0.0,0.0,1.0,0.0,2.0,0.0,0.0,20.0,17.0,0.0,0.0,1.0,0.0,0.0,0.0,9.0,5.0,7.0,1.0,0.0,0.0,3.0,11.0,0.0,0.0,0.0,0.0,0.0,0.0,0.0,0.0,0.0,1.0,1.0,0.0,0.0,0.0,0.0,1.0,0.0,0.0,0.0,0.0,4.0,1.0,0.0,0.0,0.0,0.0,0.0,0.0,2.0,4.0,1.0,-1.0,-1.0,葫芦岛市兴城市,葫芦岛市兴城市沙后所满族镇,5.0,22.5,5.0,5.4,37.9,32.920833333333334,33.84608695652174,39.60348923533779
辽宁省,葫芦岛市,兴城市,东辛庄满族镇,120.4380054,40.3622949,1.0,0.0,3.0,6.0,30.0,0.0,0.0,0.0,0.0,0.0,0.0,0.0,0.0,0.0,0.0,0.0,0.0,0.0,0.0,0.0,0.0,0.0,0.0,0.0,0.0,19.0,0.0,0.0,0.0,0.0,0.0,0.0,0.0,6.0,6.0,2.0,0.0,0.0,3.0,1.0,10.0,0.0,0.0,0.0,0.0,0.0,0.0,0.0,0.0,0.0,0.0,0.0,0.0,0.0,0.0,0.0,0.0,0.0,0.0,0.0,0.0,5.0,0.0,0.0,0.0,0.0,0.0,0.0,0.0,2.0,4.0,1.0,1582507138.0,-1.0,葫芦岛市兴城市,葫芦岛市兴城市东辛庄满族镇,12.0,22.0,0.0,1.0,35.0,32.920833333333334,33.84608695652174,39.60348923533779
辽宁省,葫芦岛市,兴城市,郭家满族镇,120.4071337,40.7248764,0.0,0.0,0.0,1.0,4.0,0.0,0.0,0.0,0.0,0.0,0.0,0.0,0.0,0.0,0.0,0.0,0.0,0.0,0.0,0.0,8.0,0.0,1.0,0.0,0.0,10.0,0.0,0.0,0.0,0.0,0.0,0.0,0.0,2.0,3.0,3.0,0.0,0.0,0.0,1.0,2.0,0.0,0.0,0.0,0.0,0.0,0.0,0.0,0.0,0.0,0.0,0.0,0.0,0.0,0.0,0.0,2.0,0.0,0.0,0.0,0.0,2.0,0.0,0.0,0.0,0.0,0.0,0.0,0.0,2.0,3.0,2.0,-1.0,-1.0,葫芦岛市兴城市,葫芦岛市兴城市郭家满族镇,5.0,3.9,0.0,1.5,10.4,32.920833333333334,33.84608695652174,39.60348923533779
辽宁省,葫芦岛市,兴城市,红崖子镇,120.5116941,40.6210818,0.0,0.0,1.0,3.0,4.0,0.0,0.0,0.0,0.0,0.0,0.0,0.0,0.0,0.0,1.0,1.0,0.0,0.0,0.0,0.0,4.0,0.0,0.0,0.0,0.0,18.0,0.0,0.0,0.0,0.0,0.0,0.0,0.0,1.0,3.0,2.0,0.0,0.0,0.0,2.0,3.0,0.0,0.0,0.0,0.0,0.0,0.0,0.0,0.0,0.0,1.0,1.0,0.0,0.0,0.0,0.0,3.0,0.0,0.0,0.0,0.0,3.0,0.0,0.0,0.0,0.0,0.0,0.0,0.0,1.0,2.0,2.0,2514251055.0,-1.0,葫芦岛市兴城市,葫芦岛市兴城市红崖子镇,12.0,11.2,5.0,1.0,29.2,32.920833333333334,33.84608695652174,39.60348923533779
辽宁省,葫芦岛市,兴城市,徐大堡镇,120.5702623,40.4183205,3.0,0.0,0.0,2.0,14.0,0.0,0.0,0.0,0.0,0.0,0.0,0.0,0.0,0.0,0.0,0.0,0.0,0.0,0.0,0.0,0.0,0.0,0.0,0.0,0.0,9.0,0.0,0.0,0.0,9.0,0.0,0.0,0.0,7.0,4.0,3.0,1.0,0.0,0.0,1.0,3.0,0.0,0.0,0.0,0.0,0.0,0.0,0.0,0.0,0.0,0.0,0.0,0.0,0.0,0.0,0.0,0.0,0.0,0.0,0.0,0.0,1.0,0.0,0.0,0.0,0.0,0.0,0.0,0.0,6.0,3.0,2.0,6499779479.0,-1.0,葫芦岛市兴城市,葫芦岛市兴城市徐大堡镇,12.0,12.7,0.0,2.4,27.099999999999998,32.920833333333334,33.84608695652174,39.60348923533779
辽宁省,葫芦岛市,兴城市,高家岭满族镇,120.2695229,40.4959818,0.0,0.0,3.0,1.0,1.0,0.0,0.0,0.0,0.0,0.0,0.0,0.0,0.0,0.0,0.0,0.0,0.0,0.0,0.0,0.0,0.0,0.0,0.0,0.0,0.0,24.0,0.0,0.0,0.0,0.0,0.0,0.0,0.0,3.0,3.0,1.0,0.0,0.0,3.0,0.0,0.0,0.0,0.0,0.0,0.0,0.0,0.0,0.0,0.0,0.0,0.0,0.0,0.0,0.0,0.0,0.0,0.0,0.0,0.0,0.0,0.0,4.0,0.0,0.0,0.0,0.0,0.0,0.0,0.0,1.0,1.0,1.0,-1.0,-1.0,葫芦岛市兴城市,葫芦岛市兴城市高家岭满族镇,5.0,7.7,0.0,0.5,13.2,32.920833333333334,33.84608695652174,39.60348923533779
辽宁省,葫芦岛市,兴城市,羊安满族乡,120.6491408,40.6269051,3.0,12.0,10.0,3.0,37.0,5.0,0.0,1.0,0.0,0.0,0.0,0.0,0.0,0.0,1.0,1.0,0.0,0.0,0.0,0.0,18.0,0.0,7.0,0.0,0.0,18.0,13.0,0.0,0.0,0.0,0.0,0.0,0.0,6.0,13.0,5.0,0.0,0.0,1.0,0.0,7.0,2.0,0.0,1.0,0.0,0.0,0.0,0.0,0.0,0.0,0.0,0.0,0.0,0.0,0.0,0.0,3.0,0.0,0.0,0.0,0.0,3.0,0.0,0.0,0.0,0.0,0.0,0.0,0.0,2.0,7.0,1.0,3324539651.0,-1.0,葫芦岛市兴城市,葫芦岛市兴城市羊安满族乡,12.0,21.5,0.0,3.8,37.3,32.920833333333334,33.84608695652174,39.60348923533779
辽宁省,葫芦岛市,兴城市,元台子满族乡,120.7188035,40.6975185,2.0,0.0,0.0,5.0,9.0,0.0,0.0,0.0,0.0,0.0,0.0,0.0,0.0,0.0,0.0,0.0,0.0,0.0,0.0,0.0,0.0,0.0,0.0,0.0,0.0,15.0,0.0,0.0,0.0,0.0,0.0,0.0,0.0,7.0,7.0,2.0,0.0,0.0,0.0,2.0,1.0,0.0,0.0,0.0,0.0,0.0,0.0,0.0,0.0,0.0,0.0,0.0,0.0,0.0,0.0,0.0,0.0,0.0,0.0,0.0,0.0,2.0,0.0,0.0,0.0,0.0,0.0,0.0,0.0,3.0,3.0,1.0,2514185519.0,-1.0,葫芦岛市兴城市,葫芦岛市兴城市元台子满族乡,12.0,15.6,0.0,1.0,28.6,32.920833333333334,33.84608695652174,39.60348923533779
辽宁省,葫芦岛市,兴城市,白塔满族乡,120.615648,40.6762893,0.0,3.0,0.0,1.0,5.0,0.0,0.0,0.0,0.0,0.0,0.0,0.0,0.0,0.0,1.0,1.0,0.0,0.0,0.0,0.0,4.0,0.0,0.0,0.0,0.0,8.0,0.0,0.0,0.0,0.0,0.0,0.0,0.0,1.0,6.0,2.0,0.0,0.0,0.0,1.0,1.0,0.0,0.0,0.0,0.0,0.0,0.0,0.0,0.0,0.0,1.0,1.0,0.0,0.0,0.0,0.0,2.0,0.0,0.0,0.0,0.0,3.0,0.0,0.0,0.0,0.0,0.0,0.0,0.0,1.0,4.0,2.0,2514185517.0,-1.0,葫芦岛市兴城市,葫芦岛市兴城市白塔满族乡,12.0,10.3,5.0,1.0,28.3,32.920833333333334,33.84608695652174,39.60348923533779
辽宁省,葫芦岛市,兴城市,望海满族乡,120.5128288,40.431992,3.0,0.0,0.0,8.0,28.0,0.0,0.0,0.0,0.0,0.0,0.0,0.0,0.0,0.0,0.0,0.0,0.0,0.0,0.0,0.0,0.0,0.0,1.0,0.0,0.0,21.0,1.0,0.0,0.0,1.0,0.0,0.0,0.0,6.0,5.0,3.0,3.0,0.0,0.0,2.0,6.0,0.0,0.0,0.0,0.0,0.0,0.0,0.0,0.0,0.0,0.0,0.0,0.0,0.0,0.0,0.0,0.0,0.0,0.0,0.0,0.0,1.0,0.0,0.0,0.0,0.0,0.0,0.0,0.0,3.0,3.0,1.0,3324639361.0,-1.0,葫芦岛市兴城市,葫芦岛市兴城市望海满族乡,12.0,19.9,0.0,1.7,33.6,32.920833333333334,33.84608695652174,39.60348923533779
辽宁省,葫芦岛市,兴城市,刘台子满族乡,120.4886246,40.3444225,2.0,0.0,1.0,1.0,23.0,0.0,0.0,0.0,0.0,0.0,0.0,0.0,0.0,0.0,0.0,0.0,0.0,0.0,0.0,0.0,4.0,0.0,0.0,0.0,0.0,20.0,0.0,0.0,0.0,2.0,0.0,0.0,0.0,6.0,5.0,4.0,0.0,0.0,1.0,1.0,4.0,0.0,0.0,0.0,0.0,0.0,0.0,0.0,0.0,0.0,0.0,0.0,0.0,0.0,0.0,0.0,1.0,0.0,0.0,0.0,0.0,2.0,0.0,0.0,0.0,0.0,0.0,0.0,0.0,1.0,4.0,2.0,3324567126.0,-1.0,葫芦岛市兴城市,葫芦岛市兴城市刘台子满族乡,12.0,14.3,0.0,2.2,28.5,32.920833333333334,33.84608695652174,39.60348923533779
辽宁省,葫芦岛市,兴城市,大寨满族乡,120.3434296,40.3809656,0.0,0.0,2.0,2.0,5.0,0.0,0.0,0.0,0.0,0.0,0.0,0.0,0.0,0.0,0.0,0.0,0.0,0.0,0.0,0.0,0.0,0.0,0.0,0.0,0.0,20.0,0.0,0.0,0.0,1.0,0.0,0.0,0.0,7.0,4.0,1.0,0.0,0.0,1.0,0.0,0.0,0.0,0.0,0.0,0.0,0.0,0.0,0.0,0.0,0.0,0.0,0.0,0.0,0.0,0.0,0.0,0.0,0.0,0.0,0.0,0.0,4.0,0.0,0.0,0.0,1.0,0.0,0.0,0.0,2.0,1.0,0.0,3324496222.0,-1.0,葫芦岛市兴城市,葫芦岛市兴城市大寨满族乡,12.0,10.0,0.0,0.7,22.7,32.920833333333334,33.84608695652174,39.60348923533779
辽宁省,葫芦岛市,兴城市,南大满族乡,120.4288311,40.5339158,0.0,0.0,0.0,4.0,0.0,0.0,0.0,0.0,0.0,0.0,0.0,0.0,0.0,0.0,0.0,0.0,0.0,0.0,0.0,0.0,0.0,0.0,0.0,0.0,0.0,21.0,0.0,0.0,0.0,0.0,0.0,0.0,0.0,1.0,1.0,1.0,0.0,0.0,0.0,2.0,0.0,0.0,0.0,0.0,0.0,0.0,0.0,0.0,0.0,0.0,0.0,0.0,0.0,0.0,0.0,0.0,0.0,0.0,0.0,0.0,0.0,2.0,0.0,0.0,0.0,0.0,0.0,0.0,0.0,1.0,1.0,1.0,3324513718.0,-1.0,葫芦岛市兴城市,葫芦岛市兴城市南大满族乡,12.0,4.5,0.0,0.5,17.0,32.920833333333334,33.84608695652174,39.60348923533779
辽宁省,葫芦岛市,兴城市,围屏满族乡,120.3396531,40.5239344,0.0,0.0,1.0,3.0,2.0,0.0,0.0,0.0,0.0,0.0,0.0,0.0,0.0,0.0,0.0,0.0,0.0,0.0,0.0,0.0,0.0,0.0,0.0,0.0,0.0,18.0,1.0,0.0,0.0,0.0,0.0,0.0,0.0,1.0,3.0,1.0,0.0,0.0,0.0,2.0,0.0,0.0,0.0,0.0,0.0,0.0,0.0,0.0,0.0,0.0,0.0,0.0,0.0,0.0,0.0,0.0,0.0,0.0,0.0,0.0,0.0,3.0,0.0,0.0,0.0,0.0,0.0,0.0,0.0,1.0,1.0,0.0,3324499448.0,-1.0,葫芦岛市兴城市,葫芦岛市兴城市围屏满族乡,12.0,9.9,0.0,0.6,22.5,32.920833333333334,33.84608695652174,39.60348923533779
辽宁省,葫芦岛市,兴城市,碱厂满族乡,120.3510614,40.6005294,0.0,0.0,0.0,3.0,3.0,0.0,0.0,0.0,0.0,0.0,0.0,0.0,0.0,0.0,0.0,0.0,0.0,0.0,0.0,0.0,0.0,0.0,0.0,0.0,0.0,20.0,0.0,0.0,0.0,0.0,0.0,0.0,0.0,2.0,2.0,1.0,0.0,0.0,0.0,2.0,0.0,0.0,0.0,0.0,0.0,0.0,0.0,0.0,0.0,0.0,0.0,0.0,0.0,0.0,0.0,0.0,0.0,0.0,0.0,0.0,0.0,4.0,0.0,0.0,0.0,0.0,0.0,0.0,0.0,1.0,1.0,0.0,2514251057.0,-1.0,葫芦岛市兴城市,葫芦岛市兴城市碱厂满族乡,12.0,4.6,0.0,0.5,17.1,32.920833333333334,33.84608695652174,39.60348923533779
辽宁省,葫芦岛市,兴城市,三道沟满族乡,120.1854737,40.6261859,0.0,0.0,1.0,1.0,5.0,0.0,0.0,0.0,0.0,0.0,0.0,0.0,0.0,0.0,0.0,0.0,0.0,0.0,0.0,0.0,0.0,0.0,0.0,0.0,0.0,16.0,0.0,0.0,0.0,0.0,0.0,0.0,0.0,1.0,3.0,2.0,0.0,0.0,1.0,1.0,2.0,0.0,0.0,0.0,0.0,0.0,0.0,0.0,0.0,0.0,0.0,0.0,0.0,0.0,0.0,0.0,0.0,0.0,0.0,0.0,0.0,5.0,0.0,0.0,0.0,0.0,0.0,0.0,0.0,1.0,3.0,1.0,2514251069.0,-1.0,葫芦岛市兴城市,葫芦岛市兴城市三道沟满族乡,12.0,9.1,0.0,1.0,22.1,32.920833333333334,33.84608695652174,39.60348923533779
辽宁省,葫芦岛市,兴城市,旧门满族乡,120.494361,40.722184,0.0,3.0,0.0,0.0,1.0,0.0,0.0,0.0,0.0,0.0,0.0,0.0,0.0,0.0,1.0,1.0,0.0,0.0,0.0,0.0,0.0,0.0,0.0,0.0,0.0,17.0,0.0,0.0,0.0,0.0,0.0,0.0,0.0,3.0,2.0,2.0,0.0,3.0,0.0,0.0,1.0,0.0,0.0,0.0,0.0,0.0,0.0,0.0,0.0,0.0,0.0,0.0,0.0,0.0,0.0,0.0,0.0,0.0,0.0,0.0,0.0,3.0,0.0,0.0,0.0,0.0,0.0,0.0,0.0,1.0,2.0,1.0,2514251065.0,-1.0,葫芦岛市兴城市,葫芦岛市兴城市旧门满族乡,12.0,6.5,0.0,1.0,19.5,32.920833333333334,33.84608695652174,39.60348923533779
辽宁省,葫芦岛市,兴城市,药王满族乡,120.3681617,40.7656651,0.0,3.0,1.0,6.0,6.0,0.0,0.0,0.0,0.0,0.0,1.0,0.0,0.0,0.0,0.0,0.0,0.0,0.0,0.0,0.0,10.0,0.0,0.0,0.0,0.0,14.0,0.0,0.0,0.0,0.0,0.0,0.0,0.0,3.0,4.0,3.0,0.0,1.0,0.0,1.0,1.0,0.0,0.0,0.0,0.0,0.0,1.0,0.0,0.0,0.0,0.0,0.0,0.0,0.0,0.0,0.0,3.0,0.0,0.0,0.0,0.0,3.0,0.0,0.0,0.0,0.0,0.0,0.0,0.0,1.0,3.0,2.0,2514251072.0,-1.0,葫芦岛市兴城市,葫芦岛市兴城市药王满族乡,12.0,15.5,0.0,1.5,29.0,32.920833333333334,33.84608695652174,39.60348923533779
