addr_1,addr_2,addr_3,addr_4,lon,lat,hw_trunk_3km,hw_primary_3km,hw_secondary_3km,hw_tertiary_3km,hw_res_uncl_3km,hw_service_3km,hw_cycleway_3km,hw_footway_3km,hw_bus_stop_3km,hw_parking_3km,hw_fuel_3km,am_gov_3km,am_medical_3km,am_healthcare_3km,am_school_3km,am_education_3km,am_police_3km,am_post_3km,am_bank_3km,am_shop_3km,lu_residential_3km,lu_commercial_3km,lu_industrial_3km,lu_retail_3km,lu_construction_3km,pl_3km,bld_3km,blp_3km,bll_3km,mm_3km,ad_3km,lsr_3km,trs_3km,wd_3km,hw_types_3km,lu_types_3km,hw_trunk_1km,hw_primary_1km,hw_secondary_1km,hw_tertiary_1km,hw_res_uncl_1km,hw_service_1km,hw_cycleway_1km,hw_footway_1km,hw_bus_stop_1km,hw_parking_1km,hw_fuel_1km,am_gov_1km,am_medical_1km,am_healthcare_1km,am_school_1km,am_education_1km,am_police_1km,am_post_1km,am_bank_1km,am_shop_1km,lu_residential_1km,lu_commercial_1km,lu_industrial_1km,lu_retail_1km,lu_construction_1km,pl_1km,bld_1km,blp_1km,bll_1km,mm_1km,ad_1km,lsr_1km,trs_1km,wd_1km,hw_types_1km,lu_types_1km,node,boundary,u_addr_3,u_addr_4,score_1,score_2,score_3,score_4,score,u_addr_3_avg_score,addr_2_avg_score,addr_1_avg_score
吉林省,长春市,南关区,南岭街道,125.3298584,43.8534058,27.0,48.0,43.0,99.0,181.0,410.0,2.0,345.0,76.0,46.0,5.0,8.0,18.0,20.0,39.0,70.0,1.0,3.0,32.0,111.0,83.0,0.0,3.0,5.0,11.0,30.0,1892.0,0.0,308.0,4.0,26.0,233.0,40.0,30.0,23.0,19.0,8.0,8.0,4.0,12.0,38.0,122.0,0.0,34.0,1.0,12.0,2.0,4.0,1.0,1.0,3.0,12.0,0.0,1.0,0.0,7.0,21.0,0.0,1.0,1.0,2.0,1.0,196.0,0.0,10.0,0.0,3.0,66.0,5.0,9.0,12.0,13.0,6423665172.0,9512460.0,长春市南关区,长春市南关区南岭街道,20.0,30.0,23.0,20.0,93.0,89.92857142857143,51.43423423423423,46.871929824561406
吉林省,长春市,南关区,自强街道,125.3234694,43.8877162,18.0,77.0,140.0,208.0,247.0,406.0,4.0,311.0,154.0,48.0,7.0,4.0,28.0,32.0,56.0,80.0,1.0,8.0,58.0,190.0,17.0,2.0,8.0,14.0,14.0,50.0,2695.0,0.0,29.0,6.0,16.0,145.0,80.0,51.0,20.0,18.0,0.0,13.0,13.0,40.0,61.0,76.0,1.0,54.0,32.0,12.0,0.0,3.0,3.0,5.0,7.0,7.0,0.0,1.0,19.0,54.0,2.0,1.0,0.0,4.0,3.0,10.0,479.0,0.0,0.0,1.0,3.0,16.0,21.0,15.0,9.0,11.0,6423665182.0,9512467.0,长春市南关区,长春市南关区自强街道,20.0,30.0,25.0,20.0,95.0,89.92857142857143,51.43423423423423,46.871929824561406
吉林省,长春市,南关区,民康街道,125.3278251,43.8792007,16.0,46.0,105.0,198.0,275.0,523.0,4.0,362.0,103.0,60.0,9.0,8.0,32.0,36.0,59.0,89.0,1.0,7.0,59.0,207.0,34.0,2.0,4.0,14.0,15.0,55.0,2924.0,0.0,32.0,7.0,33.0,226.0,88.0,42.0,22.0,18.0,0.0,9.0,8.0,33.0,29.0,82.0,2.0,74.0,32.0,12.0,0.0,2.0,7.0,8.0,11.0,15.0,0.0,0.0,9.0,12.0,4.0,0.0,0.0,2.0,4.0,14.0,328.0,0.0,0.0,1.0,2.0,17.0,9.0,15.0,11.0,9.0,6423665170.0,15875648.0,长春市南关区,长春市南关区民康街道,20.0,30.0,23.0,20.0,93.0,89.92857142857143,51.43423423423423,46.871929824561406
吉林省,长春市,南关区,新春街道,125.3309829,43.8938764,26.0,87.0,119.0,204.0,241.0,363.0,2.0,260.0,132.0,39.0,7.0,3.0,20.0,22.0,48.0,61.0,0.0,3.0,32.0,133.0,37.0,1.0,8.0,13.0,15.0,50.0,2247.0,0.0,30.0,7.0,12.0,115.0,71.0,47.0,21.0,18.0,2.0,11.0,16.0,30.0,71.0,63.0,0.0,1.0,4.0,4.0,1.0,1.0,4.0,5.0,10.0,10.0,0.0,0.0,2.0,29.0,3.0,1.0,0.0,4.0,2.0,4.0,348.0,0.0,0.0,0.0,2.0,11.0,13.0,6.0,9.0,9.0,6423665176.0,9512463.0,长春市南关区,长春市南关区新春街道,20.0,30.0,23.0,20.0,93.0,89.92857142857143,51.43423423423423,46.871929824561406
吉林省,长春市,南关区,长通街道,125.3494401,43.8991729,40.0,94.0,88.0,173.0,212.0,306.0,1.0,122.0,109.0,20.0,4.0,2.0,11.0,12.0,27.0,29.0,0.0,2.0,15.0,90.0,38.0,1.0,8.0,11.0,12.0,37.0,1325.0,0.0,29.0,6.0,9.0,62.0,44.0,41.0,20.0,17.0,0.0,3.0,36.0,36.0,23.0,14.0,0.0,15.0,14.0,2.0,0.0,0.0,1.0,1.0,3.0,3.0,0.0,0.0,0.0,6.0,2.0,0.0,0.0,4.0,1.0,4.0,99.0,0.0,16.0,1.0,2.0,18.0,4.0,12.0,11.0,10.0,6423665163.0,9512453.0,长春市南关区,长春市南关区长通街道,20.0,30.0,21.0,20.0,91.0,89.92857142857143,51.43423423423423,46.871929824561406
吉林省,长春市,南关区,全安街道,125.3382242,43.8844593,24.0,64.0,106.0,206.0,241.0,377.0,2.0,285.0,120.0,47.0,6.0,6.0,18.0,20.0,54.0,73.0,1.0,4.0,39.0,152.0,24.0,1.0,8.0,13.0,17.0,53.0,2313.0,0.0,35.0,5.0,14.0,147.0,81.0,46.0,20.0,19.0,6.0,13.0,12.0,31.0,49.0,73.0,0.0,12.0,9.0,2.0,0.0,0.0,4.0,5.0,5.0,5.0,0.0,0.0,1.0,6.0,1.0,0.0,1.0,2.0,2.0,12.0,136.0,0.0,0.0,0.0,2.0,5.0,4.0,11.0,14.0,10.0,6423665173.0,9512461.0,长春市南关区,长春市南关区全安街道,20.0,30.0,23.0,20.0,93.0,89.92857142857143,51.43423423423423,46.871929824561406
吉林省,长春市,南关区,曙光街道,125.3265112,43.8695539,16.0,44.0,54.0,160.0,250.0,502.0,4.0,405.0,94.0,65.0,5.0,12.0,28.0,32.0,52.0,80.0,1.0,5.0,59.0,190.0,54.0,1.0,6.0,9.0,15.0,47.0,2480.0,0.0,20.0,5.0,34.0,230.0,65.0,43.0,21.0,19.0,0.0,6.0,9.0,29.0,11.0,69.0,1.0,41.0,12.0,11.0,0.0,0.0,4.0,4.0,8.0,14.0,0.0,1.0,5.0,19.0,6.0,0.0,1.0,1.0,2.0,7.0,369.0,0.0,3.0,1.0,1.0,17.0,12.0,11.0,11.0,12.0,6423665174.0,9512462.0,长春市南关区,长春市南关区曙光街道,20.0,30.0,25.0,20.0,95.0,89.92857142857143,51.43423423423423,46.871929824561406
吉林省,长春市,南关区,永吉街道,125.3414951,43.8700564,24.0,51.0,59.0,151.0,247.0,420.0,2.0,285.0,93.0,51.0,3.0,10.0,17.0,21.0,46.0,69.0,1.0,4.0,46.0,142.0,49.0,1.0,6.0,9.0,13.0,50.0,1891.0,0.0,22.0,4.0,25.0,175.0,51.0,39.0,22.0,17.0,6.0,9.0,7.0,18.0,16.0,36.0,0.0,23.0,6.0,3.0,1.0,1.0,3.0,3.0,3.0,3.0,0.0,0.0,0.0,2.0,5.0,0.0,1.0,1.0,1.0,6.0,52.0,0.0,0.0,1.0,1.0,31.0,3.0,12.0,14.0,12.0,6423665179.0,9512465.0,长春市南关区,长春市南关区永吉街道,20.0,30.0,17.0,20.0,87.0,89.92857142857143,51.43423423423423,46.871929824561406
吉林省,长春市,南关区,桃源街道,125.3481878,43.8892857,40.0,77.0,88.0,184.0,219.0,290.0,2.0,192.0,104.0,32.0,4.0,3.0,16.0,18.0,39.0,47.0,0.0,3.0,26.0,105.0,25.0,1.0,9.0,13.0,16.0,45.0,1302.0,0.0,24.0,4.0,9.0,101.0,56.0,40.0,20.0,17.0,6.0,6.0,39.0,34.0,38.0,28.0,0.0,14.0,11.0,2.0,0.0,0.0,2.0,2.0,5.0,5.0,0.0,0.0,0.0,1.0,1.0,0.0,2.0,1.0,1.0,5.0,15.0,0.0,1.0,0.0,2.0,8.0,0.0,12.0,14.0,7.0,6423665175.0,15875647.0,长春市南关区,长春市南关区桃源街道,20.0,30.0,16.0,20.0,86.0,89.92857142857143,51.43423423423423,46.871929824561406
吉林省,长春市,南关区,鸿城街道,125.3447474,43.8479457,40.0,71.0,45.0,94.0,126.0,333.0,1.0,314.0,84.0,35.0,4.0,8.0,5.0,5.0,15.0,34.0,0.0,2.0,8.0,35.0,88.0,1.0,3.0,5.0,8.0,16.0,987.0,0.0,305.0,4.0,22.0,193.0,21.0,26.0,24.0,18.0,2.0,7.0,2.0,20.0,7.0,26.0,0.0,35.0,0.0,9.0,1.0,4.0,0.0,0.0,2.0,2.0,0.0,0.0,1.0,0.0,21.0,0.0,2.0,0.0,2.0,2.0,48.0,0.0,5.0,0.0,0.0,7.0,1.0,4.0,12.0,9.0,6423665165.0,9512455.0,长春市南关区,长春市南关区鸿城街道,20.0,30.0,12.0,20.0,82.0,89.92857142857143,51.43423423423423,46.871929824561406
吉林省,长春市,南关区,明珠街道,125.3111673,43.8205934,70.0,58.0,58.0,77.0,164.0,353.0,6.0,365.0,62.0,51.0,6.0,9.0,6.0,6.0,16.0,44.0,2.0,0.0,8.0,37.0,84.0,8.0,3.0,3.0,16.0,12.0,788.0,0.0,290.0,3.0,22.0,143.0,54.0,21.0,22.0,21.0,0.0,6.0,17.0,13.0,13.0,58.0,0.0,78.0,5.0,10.0,0.0,5.0,0.0,0.0,2.0,6.0,2.0,0.0,4.0,5.0,8.0,2.0,1.0,0.0,2.0,2.0,76.0,0.0,1.0,0.0,7.0,14.0,9.0,6.0,10.0,11.0,6423665169.0,9512459.0,长春市南关区,长春市南关区明珠街道,20.0,30.0,22.0,20.0,92.0,89.92857142857143,51.43423423423423,46.871929824561406
吉林省,长春市,南关区,富裕街道,125.3538753,43.8126073,68.0,79.0,59.0,82.0,91.0,240.0,7.0,321.0,56.0,27.0,3.0,7.0,0.0,0.0,12.0,15.0,0.0,0.0,5.0,13.0,75.0,5.0,2.0,2.0,4.0,5.0,403.0,0.0,146.0,4.0,15.0,96.0,49.0,19.0,25.0,22.0,6.0,6.0,7.0,12.0,14.0,23.0,1.0,32.0,8.0,3.0,0.0,0.0,0.0,0.0,2.0,2.0,0.0,0.0,0.0,2.0,15.0,0.0,0.0,0.0,0.0,1.0,9.0,0.0,0.0,2.0,0.0,24.0,2.0,4.0,14.0,7.0,6423665164.0,9512454.0,长春市南关区,长春市南关区富裕街道,20.0,30.0,12.0,20.0,82.0,89.92857142857143,51.43423423423423,46.871929824561406
吉林省,长春市,南关区,盛世街道,125.2971025,43.7971667,31.0,59.0,64.0,77.0,93.0,151.0,2.0,192.0,39.0,29.0,2.0,8.0,2.0,2.0,6.0,12.0,1.0,0.0,1.0,9.0,76.0,10.0,4.0,1.0,17.0,7.0,206.0,0.0,8.0,2.0,14.0,44.0,8.0,17.0,23.0,18.0,6.0,15.0,19.0,18.0,9.0,2.0,0.0,16.0,12.0,0.0,0.0,0.0,1.0,1.0,1.0,1.0,0.0,0.0,0.0,6.0,34.0,0.0,0.0,0.0,4.0,1.0,6.0,0.0,0.0,0.0,0.0,3.0,3.0,4.0,10.0,7.0,11645401790.0,17242297.0,长春市南关区,长春市南关区盛世街道,20.0,30.0,21.0,20.0,91.0,89.92857142857143,51.43423423423423,46.871929824561406
吉林省,长春市,南关区,幸福乡,125.3102102,43.7946676,32.0,46.0,72.0,72.0,75.0,122.0,5.0,171.0,27.0,25.0,1.0,7.0,2.0,2.0,7.0,9.0,0.0,0.0,3.0,14.0,70.0,7.0,3.0,2.0,15.0,5.0,169.0,0.0,4.0,2.0,14.0,37.0,17.0,17.0,23.0,20.0,0.0,6.0,16.0,14.0,24.0,6.0,0.0,21.0,15.0,0.0,0.0,1.0,2.0,2.0,0.0,0.0,0.0,0.0,0.0,8.0,17.0,3.0,0.0,0.0,8.0,1.0,7.0,0.0,0.0,0.0,1.0,3.0,1.0,5.0,10.0,7.0,6423665177.0,9512464.0,长春市南关区,长春市南关区幸福乡,20.0,30.0,16.0,20.0,86.0,89.92857142857143,51.43423423423423,46.871929824561406
吉林省,长春市,宽城区,站前街道,125.3099483,43.9016924,26.0,90.0,100.0,178.0,268.0,409.0,2.0,222.0,128.0,29.0,6.0,4.0,14.0,16.0,45.0,59.0,0.0,5.0,35.0,124.0,46.0,2.0,7.0,13.0,12.0,32.0,2072.0,0.0,23.0,5.0,12.0,94.0,64.0,42.0,21.0,18.0,0.0,28.0,28.0,28.0,31.0,49.0,0.0,29.0,29.0,7.0,4.0,0.0,3.0,3.0,7.0,9.0,0.0,2.0,2.0,25.0,1.0,0.0,0.0,1.0,1.0,5.0,319.0,0.0,5.0,1.0,0.0,15.0,13.0,12.0,12.0,12.0,6425992134.0,9515289.0,长春市宽城区,长春市宽城区站前街道,20.0,30.0,25.0,20.0,95.0,69.63333333333334,51.43423423423423,46.871929824561406
吉林省,长春市,宽城区,群英街道,125.3267286,43.9129969,30.0,73.0,98.0,168.0,201.0,458.0,0.0,87.0,86.0,14.0,6.0,1.0,11.0,11.0,38.0,42.0,0.0,2.0,10.0,96.0,78.0,1.0,8.0,12.0,11.0,22.0,1384.0,0.0,22.0,5.0,7.0,65.0,45.0,34.0,20.0,17.0,12.0,27.0,11.0,25.0,26.0,46.0,0.0,24.0,20.0,0.0,0.0,0.0,0.0,0.0,5.0,5.0,0.0,0.0,0.0,12.0,16.0,0.0,2.0,1.0,2.0,3.0,214.0,0.0,3.0,0.0,2.0,3.0,1.0,12.0,15.0,10.0,6425992127.0,9515282.0,长春市宽城区,长春市宽城区群英街道,20.0,30.0,16.0,20.0,86.0,69.63333333333334,51.43423423423423,46.871929824561406
吉林省,长春市,宽城区,兴业街道,125.3327702,43.9316339,45.0,66.0,29.0,91.0,122.0,366.0,0.0,64.0,39.0,1.0,1.0,2.0,3.0,3.0,20.0,21.0,0.0,0.0,0.0,17.0,92.0,4.0,8.0,6.0,5.0,11.0,461.0,0.0,1.0,7.0,5.0,41.0,1.0,26.0,19.0,14.0,2.0,2.0,4.0,15.0,18.0,98.0,0.0,0.0,0.0,0.0,0.0,0.0,1.0,1.0,2.0,2.0,0.0,0.0,0.0,1.0,23.0,0.0,0.0,0.0,1.0,2.0,66.0,0.0,0.0,0.0,1.0,1.0,0.0,4.0,7.0,3.0,6425992132.0,9515287.0,长春市宽城区,长春市宽城区兴业街道,20.0,30.0,16.0,20.0,86.0,69.63333333333334,51.43423423423423,46.871929824561406
吉林省,长春市,宽城区,凯旋街道,125.3159952,43.9346079,41.0,54.0,23.0,77.0,127.0,361.0,0.0,68.0,35.0,1.0,0.0,3.0,3.0,3.0,20.0,21.0,0.0,0.0,0.0,11.0,90.0,4.0,10.0,2.0,4.0,12.0,400.0,0.0,1.0,5.0,7.0,42.0,1.0,20.0,19.0,14.0,0.0,2.0,11.0,14.0,25.0,115.0,0.0,19.0,4.0,0.0,0.0,1.0,0.0,0.0,5.0,6.0,0.0,0.0,0.0,1.0,23.0,3.0,1.0,0.0,1.0,2.0,20.0,0.0,0.0,0.0,1.0,13.0,1.0,5.0,8.0,10.0,6425992121.0,9515277.0,长春市宽城区,长春市宽城区凯旋街道,20.0,28.0,11.0,20.0,79.0,69.63333333333334,51.43423423423423,46.871929824561406
吉林省,长春市,宽城区,团山街道,125.3427752,43.9523604,27.0,30.0,15.0,71.0,65.0,162.0,0.0,100.0,34.0,6.0,0.0,1.0,1.0,1.0,6.0,7.0,0.0,0.0,0.0,3.0,49.0,5.0,5.0,1.0,1.0,8.0,83.0,0.0,0.0,8.0,4.0,31.0,1.0,16.0,17.0,15.0,0.0,4.0,0.0,4.0,9.0,8.0,0.0,0.0,1.0,0.0,0.0,0.0,0.0,0.0,0.0,0.0,0.0,0.0,0.0,1.0,3.0,0.0,0.0,0.0,0.0,2.0,0.0,0.0,0.0,2.0,0.0,0.0,0.0,4.0,5.0,4.0,6425992128.0,9515283.0,长春市宽城区,长春市宽城区团山街道,20.0,28.0,6.0,13.3,67.3,69.63333333333334,51.43423423423423,46.871929824561406
吉林省,长春市,宽城区,柳影街道,125.2989161,43.9420584,52.0,39.0,41.0,61.0,118.0,239.0,0.0,55.0,21.0,1.0,0.0,3.0,3.0,3.0,15.0,17.0,0.0,0.0,0.0,4.0,73.0,4.0,10.0,1.0,2.0,7.0,90.0,0.0,0.0,3.0,4.0,43.0,1.0,15.0,16.0,14.0,2.0,14.0,6.0,12.0,20.0,5.0,0.0,0.0,0.0,0.0,0.0,1.0,0.0,0.0,1.0,1.0,0.0,0.0,0.0,0.0,8.0,0.0,2.0,0.0,0.0,2.0,1.0,0.0,0.0,0.0,0.0,9.0,0.0,3.0,10.0,4.0,6425992124.0,9515279.0,长春市宽城区,长春市宽城区柳影街道,20.0,28.0,10.0,13.4,71.4,69.63333333333334,51.43423423423423,46.871929824561406
吉林省,长春市,宽城区,欣园街道,125.1768937,43.982136,0.0,0.0,8.0,22.0,47.0,49.0,0.0,2.0,1.0,0.0,0.0,0.0,0.0,0.0,0.0,2.0,0.0,0.0,0.0,0.0,8.0,1.0,5.0,0.0,0.0,3.0,37.0,0.0,0.0,2.0,5.0,8.0,0.0,7.0,7.0,6.0,0.0,0.0,5.0,3.0,20.0,0.0,0.0,0.0,0.0,0.0,0.0,0.0,0.0,0.0,0.0,0.0,0.0,0.0,0.0,0.0,3.0,1.0,1.0,0.0,0.0,1.0,3.0,0.0,0.0,0.0,0.0,0.0,0.0,1.0,5.0,3.0,6425992133.0,9515288.0,长春市宽城区,长春市宽城区欣园街道,18.0,25.5,0.0,7.2,50.7,69.63333333333334,51.43423423423423,46.871929824561406
吉林省,长春市,宽城区,长德街道,125.5102508,44.1325041,10.0,2.0,28.0,35.0,20.0,19.0,0.0,5.0,0.0,0.0,0.0,1.0,0.0,0.0,0.0,1.0,0.0,0.0,0.0,0.0,1.0,3.0,2.0,0.0,4.0,3.0,11.0,0.0,0.0,1.0,2.0,1.0,1.0,4.0,14.0,13.0,2.0,0.0,10.0,4.0,13.0,15.0,0.0,5.0,0.0,0.0,0.0,1.0,0.0,0.0,0.0,1.0,0.0,0.0,0.0,0.0,0.0,2.0,1.0,0.0,4.0,1.0,10.0,0.0,0.0,1.0,2.0,1.0,1.0,4.0,10.0,11.0,11644755257.0,17241172.0,长春市宽城区,长春市宽城区长德街道,18.0,21.9,5.0,6.300000000000001,51.2,69.63333333333334,51.43423423423423,46.871929824561406
吉林省,长春市,宽城区,新广街道,125.3197837,43.8986619,28.0,93.0,117.0,202.0,272.0,448.0,2.0,240.0,139.0,32.0,6.0,3.0,18.0,20.0,47.0,60.0,0.0,5.0,35.0,125.0,46.0,2.0,7.0,13.0,15.0,45.0,2239.0,0.0,23.0,6.0,12.0,98.0,63.0,47.0,22.0,18.0,0.0,16.0,29.0,31.0,56.0,75.0,0.0,25.0,20.0,10.0,3.0,1.0,5.0,5.0,11.0,13.0,0.0,2.0,3.0,28.0,3.0,1.0,0.0,1.0,3.0,5.0,529.0,0.0,4.0,1.0,1.0,17.0,27.0,9.0,11.0,13.0,6425992130.0,9515285.0,长春市宽城区,长春市宽城区新广街道,20.0,30.0,25.0,20.0,95.0,69.63333333333334,51.43423423423423,46.871929824561406
吉林省,长春市,宽城区,新隆街道,125.27959,43.9344892,29.0,33.0,41.0,57.0,83.0,105.0,0.0,18.0,0.0,3.0,0.0,2.0,2.0,2.0,8.0,11.0,0.0,0.0,0.0,1.0,39.0,2.0,9.0,0.0,2.0,6.0,56.0,0.0,0.0,6.0,2.0,36.0,0.0,11.0,15.0,11.0,2.0,4.0,9.0,9.0,12.0,2.0,0.0,4.0,0.0,0.0,0.0,1.0,0.0,0.0,1.0,2.0,0.0,0.0,0.0,0.0,6.0,0.0,1.0,0.0,0.0,1.0,1.0,0.0,0.0,0.0,1.0,8.0,0.0,6.0,9.0,4.0,11645282286.0,17242087.0,长春市宽城区,长春市宽城区新隆街道,20.0,26.0,10.0,10.3,66.3,69.63333333333334,51.43423423423423,46.871929824561406
吉林省,长春市,宽城区,长新街道,125.325878,43.9211155,34.0,65.0,66.0,134.0,171.0,413.0,0.0,82.0,71.0,9.0,4.0,2.0,7.0,7.0,29.0,32.0,0.0,2.0,3.0,56.0,85.0,4.0,10.0,7.0,7.0,14.0,1068.0,0.0,21.0,6.0,7.0,63.0,26.0,29.0,20.0,18.0,8.0,15.0,4.0,11.0,35.0,128.0,0.0,13.0,4.0,0.0,0.0,0.0,0.0,0.0,8.0,8.0,0.0,0.0,0.0,1.0,29.0,0.0,0.0,0.0,1.0,2.0,212.0,0.0,0.0,0.0,1.0,1.0,0.0,4.0,11.0,6.0,11645282300.0,17242088.0,长春市宽城区,长春市宽城区长新街道,20.0,30.0,11.0,20.0,81.0,69.63333333333334,51.43423423423423,46.871929824561406
吉林省,长春市,宽城区,兰家镇,125.2365728,44.0019665,9.0,6.0,4.0,11.0,43.0,10.0,0.0,6.0,0.0,1.0,1.0,0.0,0.0,0.0,2.0,2.0,0.0,0.0,0.0,0.0,15.0,0.0,29.0,0.0,0.0,3.0,3.0,0.0,0.0,1.0,11.0,5.0,0.0,6.0,12.0,10.0,2.0,0.0,4.0,2.0,16.0,0.0,0.0,0.0,0.0,0.0,0.0,0.0,0.0,0.0,1.0,1.0,0.0,0.0,0.0,0.0,5.0,0.0,0.0,0.0,0.0,1.0,0.0,0.0,0.0,0.0,0.0,0.0,0.0,1.0,5.0,2.0,6425992123.0,9515278.0,长春市宽城区,长春市宽城区兰家镇,18.0,28.0,5.0,4.4,55.4,69.63333333333334,51.43423423423423,46.871929824561406
吉林省,长春市,宽城区,米沙子镇,125.4663546,44.1400832,10.0,2.0,8.0,16.0,26.0,31.0,0.0,0.0,3.0,0.0,0.0,0.0,1.0,1.0,0.0,2.0,0.0,1.0,0.0,2.0,1.0,1.0,3.0,0.0,0.0,5.0,57.0,0.0,8.0,3.0,1.0,16.0,0.0,5.0,11.0,8.0,0.0,0.0,4.0,5.0,14.0,0.0,0.0,0.0,1.0,0.0,0.0,0.0,0.0,0.0,0.0,0.0,0.0,0.0,0.0,0.0,1.0,0.0,0.0,0.0,0.0,1.0,0.0,0.0,0.0,0.0,0.0,0.0,0.0,2.0,4.0,1.0,6425992125.0,9515280.0,长春市宽城区,长春市宽城区米沙子镇,20.0,25.4,0.0,10.0,55.4,69.63333333333334,51.43423423423423,46.871929824561406
吉林省,长春市,宽城区,万宝镇,125.3475825,44.1423794,0.0,0.0,6.0,4.0,18.0,1.0,0.0,0.0,0.0,0.0,0.0,0.0,0.0,0.0,0.0,0.0,0.0,0.0,0.0,0.0,0.0,0.0,0.0,0.0,0.0,1.0,1.0,0.0,0.0,0.0,0.0,0.0,0.0,2.0,5.0,1.0,0.0,0.0,6.0,2.0,10.0,1.0,0.0,0.0,0.0,0.0,0.0,0.0,0.0,0.0,0.0,0.0,0.0,0.0,0.0,0.0,0.0,0.0,0.0,0.0,0.0,1.0,1.0,0.0,0.0,0.0,0.0,0.0,0.0,1.0,5.0,1.0,6425992129.0,9515284.0,长春市宽城区,长春市宽城区万宝镇,16.0,18.1,0.0,0.7,34.800000000000004,69.63333333333334,51.43423423423423,46.871929824561406
吉林省,长春市,宽城区,合隆镇,125.1740627,44.0582791,2.0,14.0,6.0,23.0,93.0,28.0,0.0,15.0,0.0,3.0,0.0,0.0,1.0,1.0,1.0,5.0,0.0,0.0,0.0,4.0,15.0,0.0,5.0,0.0,0.0,1.0,142.0,0.0,2.0,1.0,2.0,22.0,1.0,2.0,13.0,6.0,2.0,0.0,2.0,7.0,33.0,0.0,0.0,0.0,0.0,1.0,0.0,0.0,0.0,0.0,1.0,1.0,0.0,0.0,0.0,4.0,2.0,0.0,0.0,0.0,0.0,1.0,22.0,0.0,0.0,0.0,1.0,1.0,0.0,1.0,5.0,2.0,3249264255.0,9515276.0,长春市宽城区,长春市宽城区合隆镇,16.0,26.0,9.0,19.0,70.0,69.63333333333334,51.43423423423423,46.871929824561406
吉林省,长春市,朝阳区,前进街道,125.2687232,43.8434841,32.0,61.0,37.0,73.0,241.0,403.0,1.0,268.0,111.0,39.0,6.0,0.0,9.0,9.0,10.0,35.0,0.0,2.0,4.0,84.0,55.0,1.0,10.0,1.0,26.0,19.0,651.0,0.0,48.0,2.0,29.0,129.0,10.0,22.0,20.0,20.0,0.0,2.0,7.0,11.0,35.0,31.0,1.0,34.0,20.0,0.0,0.0,0.0,1.0,1.0,0.0,4.0,0.0,0.0,0.0,6.0,8.0,0.0,0.0,0.0,6.0,3.0,55.0,0.0,10.0,0.0,12.0,29.0,1.0,5.0,13.0,7.0,6425001338.0,9514355.0,长春市朝阳区,长春市朝阳区前进街道,20.0,30.0,11.0,20.0,81.0,82.51818181818182,51.43423423423423,46.871929824561406
吉林省,长春市,朝阳区,桂林街道,125.3090378,43.8640322,15.0,75.0,56.0,140.0,265.0,509.0,5.0,411.0,121.0,66.0,6.0,8.0,28.0,32.0,49.0,86.0,1.0,7.0,62.0,210.0,75.0,1.0,6.0,7.0,12.0,43.0,2645.0,0.0,38.0,6.0,46.0,262.0,61.0,39.0,23.0,20.0,0.0,11.0,11.0,19.0,23.0,79.0,0.0,51.0,4.0,16.0,1.0,0.0,8.0,10.0,14.0,24.0,1.0,2.0,19.0,76.0,1.0,0.0,0.0,0.0,1.0,3.0,747.0,0.0,6.0,0.0,18.0,53.0,15.0,11.0,9.0,7.0,6425001334.0,9514350.0,长春市朝阳区,长春市朝阳区桂林街道,20.0,30.0,30.0,20.0,100.0,82.51818181818182,51.43423423423423,46.871929824561406
吉林省,长春市,朝阳区,南湖街道,125.3017078,43.8415677,43.0,49.0,35.0,70.0,261.0,466.0,1.0,413.0,98.0,55.0,6.0,6.0,15.0,17.0,25.0,72.0,3.0,4.0,32.0,158.0,83.0,3.0,4.0,1.0,21.0,22.0,1523.0,0.0,274.0,3.0,51.0,264.0,44.0,22.0,24.0,21.0,0.0,4.0,5.0,4.0,61.0,53.0,0.0,13.0,0.0,1.0,0.0,0.0,1.0,1.0,3.0,9.0,0.0,0.0,0.0,4.0,18.0,0.0,0.0,0.0,0.0,1.0,164.0,0.0,1.0,0.0,0.0,12.0,0.0,2.0,8.0,8.0,6425001337.0,9514354.0,长春市朝阳区,长春市朝阳区南湖街道,20.0,30.0,19.0,20.0,89.0,82.51818181818182,51.43423423423423,46.871929824561406
吉林省,长春市,朝阳区,永昌街道,125.3100456,43.8751292,14.0,95.0,75.0,174.0,259.0,516.0,4.0,382.0,109.0,54.0,9.0,6.0,30.0,34.0,56.0,88.0,1.0,6.0,65.0,212.0,29.0,2.0,5.0,10.0,13.0,47.0,2765.0,0.0,23.0,5.0,29.0,214.0,73.0,43.0,21.0,19.0,0.0,4.0,12.0,30.0,31.0,82.0,3.0,123.0,14.0,10.0,0.0,0.0,5.0,5.0,15.0,26.0,1.0,0.0,14.0,24.0,2.0,0.0,0.0,1.0,3.0,4.0,841.0,0.0,2.0,1.0,3.0,45.0,17.0,13.0,12.0,9.0,6425001341.0,9514358.0,长春市朝阳区,长春市朝阳区永昌街道,20.0,30.0,28.0,20.0,98.0,82.51818181818182,51.43423423423423,46.871929824561406
吉林省,长春市,朝阳区,重庆街道,125.3107786,43.8878089,12.0,111.0,108.0,206.0,272.0,421.0,4.0,299.0,143.0,49.0,9.0,5.0,29.0,33.0,56.0,79.0,1.0,7.0,65.0,218.0,18.0,2.0,4.0,14.0,14.0,48.0,2887.0,0.0,11.0,5.0,21.0,130.0,79.0,50.0,22.0,17.0,0.0,9.0,18.0,36.0,45.0,71.0,1.0,80.0,32.0,15.0,3.0,3.0,3.0,4.0,7.0,11.0,0.0,1.0,17.0,47.0,1.0,0.0,0.0,3.0,3.0,5.0,665.0,0.0,1.0,1.0,4.0,24.0,24.0,15.0,10.0,9.0,6425001331.0,9514347.0,长春市朝阳区,长春市朝阳区重庆街道,20.0,30.0,25.0,20.0,95.0,82.51818181818182,51.43423423423423,46.871929824561406
吉林省,长春市,朝阳区,清和街道,125.2972183,43.8866863,6.0,115.0,100.0,188.0,243.0,376.0,4.0,617.0,122.0,44.0,7.0,5.0,28.0,32.0,50.0,73.0,1.0,6.0,62.0,220.0,24.0,2.0,6.0,8.0,10.0,40.0,2706.0,0.0,18.0,4.0,20.0,134.0,73.0,48.0,21.0,17.0,0.0,13.0,24.0,30.0,29.0,48.0,0.0,41.0,19.0,4.0,1.0,0.0,2.0,2.0,3.0,9.0,0.0,2.0,7.0,4.0,2.0,1.0,0.0,1.0,0.0,2.0,321.0,0.0,1.0,1.0,3.0,21.0,5.0,14.0,9.0,9.0,6425001339.0,9514356.0,长春市朝阳区,长春市朝阳区清和街道,20.0,30.0,23.0,20.0,93.0,82.51818181818182,51.43423423423423,46.871929824561406
吉林省,长春市,朝阳区,红旗街道,125.2893386,43.8682599,10.0,101.0,65.0,151.0,292.0,374.0,5.0,632.0,135.0,49.0,3.0,5.0,21.0,24.0,37.0,69.0,1.0,6.0,53.0,192.0,44.0,1.0,6.0,5.0,12.0,26.0,2428.0,0.0,46.0,5.0,53.0,202.0,45.0,37.0,23.0,18.0,0.0,30.0,8.0,34.0,41.0,51.0,2.0,40.0,11.0,3.0,1.0,0.0,9.0,9.0,4.0,5.0,0.0,0.0,10.0,46.0,8.0,0.0,3.0,1.0,1.0,6.0,334.0,0.0,3.0,0.0,1.0,14.0,4.0,13.0,13.0,8.0,6425001335.0,9514351.0,长春市朝阳区,长春市朝阳区红旗街道,20.0,30.0,23.0,20.0,93.0,82.51818181818182,51.43423423423423,46.871929824561406
吉林省,长春市,朝阳区,湖西街道,125.2759615,43.8562367,26.0,100.0,45.0,108.0,248.0,293.0,3.0,353.0,119.0,27.0,3.0,1.0,17.0,18.0,18.0,43.0,1.0,2.0,21.0,121.0,51.0,1.0,8.0,2.0,21.0,23.0,1178.0,0.0,39.0,1.0,37.0,138.0,15.0,27.0,23.0,18.0,2.0,11.0,8.0,14.0,86.0,39.0,1.0,80.0,48.0,10.0,0.0,0.0,2.0,2.0,1.0,6.0,0.0,0.0,1.0,16.0,13.0,0.0,2.0,0.0,3.0,3.0,133.0,0.0,19.0,1.0,22.0,55.0,4.0,12.0,19.0,11.0,6425001336.0,9514352.0,长春市朝阳区,长春市朝阳区湖西街道,20.0,30.0,23.0,20.0,93.0,82.51818181818182,51.43423423423423,46.871929824561406
吉林省,长春市,朝阳区,富锋街道,125.2020936,43.7977264,21.0,25.0,37.0,71.0,88.0,48.0,0.0,165.0,0.0,22.0,5.0,1.0,1.0,1.0,1.0,5.0,0.0,0.0,0.0,0.0,27.0,6.0,22.0,1.0,11.0,8.0,96.0,0.0,1.0,6.0,1.0,22.0,0.0,8.0,17.0,13.0,0.0,0.0,5.0,1.0,11.0,2.0,0.0,0.0,0.0,2.0,0.0,0.0,1.0,1.0,0.0,0.0,0.0,0.0,0.0,0.0,0.0,0.0,1.0,0.0,0.0,1.0,13.0,0.0,0.0,0.0,0.0,0.0,0.0,1.0,5.0,1.0,6425001332.0,9514348.0,长春市朝阳区,长春市朝阳区富锋街道,20.0,28.0,10.0,15.5,73.5,82.51818181818182,51.43423423423423,46.871929824561406
吉林省,长春市,朝阳区,乐山镇,125.2940882,43.569608,6.0,0.0,1.0,11.0,38.0,1.0,0.0,0.0,0.0,0.0,0.0,0.0,0.0,0.0,0.0,0.0,0.0,0.0,0.0,0.0,6.0,0.0,1.0,0.0,0.0,2.0,0.0,0.0,0.0,0.0,0.0,0.0,0.0,11.0,10.0,6.0,2.0,0.0,1.0,7.0,6.0,0.0,0.0,0.0,0.0,0.0,0.0,0.0,0.0,0.0,0.0,0.0,0.0,0.0,0.0,0.0,3.0,0.0,1.0,0.0,0.0,1.0,0.0,0.0,0.0,0.0,0.0,0.0,0.0,1.0,7.0,2.0,2382386999.0,9514353.0,长春市朝阳区,长春市朝阳区乐山镇,17.0,23.4,0.0,3.0,43.4,82.51818181818182,51.43423423423423,46.871929824561406
吉林省,长春市,朝阳区,永春镇,125.2958054,43.7300412,7.0,0.0,8.0,17.0,74.0,7.0,0.0,15.0,0.0,4.0,0.0,0.0,0.0,0.0,0.0,0.0,0.0,0.0,0.0,0.0,13.0,1.0,1.0,0.0,1.0,1.0,28.0,0.0,0.0,0.0,0.0,5.0,3.0,5.0,10.0,12.0,7.0,0.0,0.0,6.0,29.0,1.0,0.0,0.0,0.0,0.0,0.0,0.0,0.0,0.0,0.0,0.0,0.0,0.0,0.0,0.0,1.0,0.0,0.0,0.0,0.0,1.0,0.0,0.0,0.0,0.0,0.0,0.0,0.0,1.0,7.0,3.0,3812096647.0,9514359.0,长春市朝阳区,长春市朝阳区永春镇,16.0,26.0,0.0,6.800000000000001,48.8,82.51818181818182,51.43423423423423,46.871929824561406
吉林省,长春市,二道区,东盛街道,125.3679528,43.8740749,32.0,60.0,58.0,122.0,158.0,190.0,0.0,105.0,64.0,13.0,2.0,4.0,6.0,6.0,13.0,16.0,0.0,0.0,0.0,16.0,36.0,1.0,11.0,7.0,18.0,31.0,209.0,0.0,8.0,10.0,8.0,57.0,7.0,25.0,22.0,14.0,8.0,10.0,2.0,16.0,37.0,34.0,0.0,23.0,14.0,4.0,0.0,0.0,0.0,0.0,4.0,4.0,0.0,0.0,0.0,5.0,3.0,0.0,1.0,1.0,0.0,4.0,7.0,0.0,1.0,0.0,1.0,12.0,2.0,6.0,9.0,7.0,6432171577.0,9520921.0,长春市二道区,长春市二道区东盛街道,20.0,30.0,15.0,20.0,85.0,67.35833333333333,51.43423423423423,46.871929824561406
吉林省,长春市,二道区,吉林街道,125.3539619,43.8782346,24.0,62.0,68.0,146.0,206.0,301.0,2.0,210.0,97.0,32.0,3.0,5.0,13.0,14.0,26.0,35.0,0.0,1.0,12.0,56.0,38.0,1.0,7.0,10.0,15.0,47.0,749.0,0.0,23.0,4.0,8.0,102.0,34.0,40.0,21.0,16.0,3.0,8.0,13.0,15.0,33.0,13.0,0.0,42.0,10.0,2.0,0.0,0.0,3.0,3.0,6.0,6.0,0.0,0.0,0.0,0.0,1.0,0.0,3.0,0.0,0.0,3.0,5.0,0.0,0.0,0.0,0.0,9.0,0.0,10.0,13.0,6.0,6432171580.0,9520923.0,长春市二道区,长春市二道区吉林街道,20.0,30.0,15.0,20.0,85.0,67.35833333333333,51.43423423423423,46.871929824561406
吉林省,长春市,二道区,荣光街道,125.3809093,43.882371,43.0,53.0,56.0,101.0,125.0,129.0,0.0,55.0,49.0,12.0,1.0,2.0,3.0,3.0,8.0,12.0,0.0,0.0,0.0,13.0,25.0,4.0,12.0,6.0,12.0,19.0,213.0,0.0,9.0,10.0,8.0,27.0,2.0,24.0,20.0,16.0,12.0,12.0,5.0,9.0,8.0,25.0,0.0,0.0,8.0,0.0,0.0,0.0,0.0,0.0,1.0,2.0,0.0,0.0,0.0,3.0,5.0,0.0,2.0,0.0,3.0,4.0,6.0,0.0,1.0,1.0,1.0,3.0,1.0,6.0,9.0,7.0,6432171582.0,9520924.0,长春市二道区,长春市二道区荣光街道,20.0,30.0,13.0,20.0,83.0,67.35833333333333,51.43423423423423,46.871929824561406
吉林省,长春市,二道区,东站街道,125.3645776,43.8897472,36.0,60.0,63.0,129.0,180.0,208.0,0.0,79.0,48.0,9.0,4.0,0.0,9.0,10.0,16.0,19.0,0.0,0.0,1.0,41.0,14.0,0.0,10.0,11.0,12.0,28.0,473.0,0.0,25.0,13.0,6.0,60.0,13.0,30.0,18.0,15.0,2.0,11.0,15.0,17.0,21.0,16.0,0.0,4.0,4.0,0.0,0.0,0.0,2.0,2.0,1.0,1.0,0.0,0.0,0.0,0.0,4.0,0.0,4.0,0.0,2.0,2.0,7.0,0.0,7.0,0.0,0.0,9.0,0.0,11.0,12.0,8.0,6432171578.0,9520922.0,长春市二道区,长春市二道区东站街道,20.0,30.0,10.0,20.0,80.0,67.35833333333333,51.43423423423423,46.871929824561406
吉林省,长春市,二道区,远达街道,125.3864148,43.9177264,34.0,74.0,13.0,87.0,74.0,66.0,0.0,36.0,2.0,5.0,2.0,0.0,1.0,1.0,0.0,3.0,0.0,0.0,1.0,9.0,21.0,0.0,5.0,2.0,4.0,8.0,208.0,0.0,1.0,6.0,2.0,18.0,0.0,20.0,17.0,13.0,4.0,14.0,0.0,6.0,11.0,22.0,0.0,27.0,1.0,5.0,1.0,0.0,1.0,1.0,0.0,3.0,0.0,0.0,1.0,3.0,2.0,0.0,0.0,1.0,0.0,1.0,71.0,0.0,0.0,0.0,1.0,11.0,0.0,6.0,8.0,7.0,6432172686.0,9520926.0,长春市二道区,长春市二道区远达街道,20.0,30.0,10.0,20.0,80.0,67.35833333333333,51.43423423423423,46.871929824561406
吉林省,长春市,二道区,八里堡街道,125.3662687,43.9314378,30.0,54.0,12.0,100.0,77.0,152.0,0.0,29.0,0.0,5.0,2.0,0.0,2.0,2.0,1.0,4.0,0.0,0.0,0.0,6.0,60.0,0.0,3.0,2.0,0.0,8.0,305.0,0.0,1.0,9.0,2.0,27.0,0.0,16.0,15.0,10.0,10.0,17.0,6.0,12.0,9.0,6.0,0.0,0.0,0.0,0.0,0.0,0.0,0.0,0.0,0.0,0.0,0.0,0.0,0.0,0.0,9.0,0.0,0.0,0.0,0.0,3.0,0.0,0.0,0.0,1.0,0.0,4.0,0.0,6.0,9.0,4.0,6432171574.0,16204063.0,长春市二道区,长春市二道区八里堡街道,20.0,28.0,0.0,20.0,68.0,67.35833333333333,51.43423423423423,46.871929824561406
吉林省,长春市,二道区,长青街道,125.4019666,43.898424,62.0,58.0,24.0,78.0,78.0,116.0,0.0,58.0,19.0,11.0,6.0,2.0,1.0,1.0,2.0,7.0,0.0,0.0,1.0,9.0,24.0,3.0,41.0,5.0,8.0,8.0,249.0,0.0,2.0,18.0,6.0,22.0,0.0,18.0,19.0,18.0,0.0,7.0,2.0,14.0,4.0,8.0,0.0,0.0,0.0,0.0,0.0,0.0,0.0,0.0,0.0,0.0,0.0,0.0,0.0,0.0,2.0,0.0,2.0,1.0,0.0,1.0,0.0,0.0,0.0,1.0,1.0,0.0,0.0,1.0,7.0,6.0,6432171575.0,9520918.0,长春市二道区,长春市二道区长青街道,20.0,30.0,5.0,20.0,75.0,67.35833333333333,51.43423423423423,46.871929824561406
吉林省,长春市,二道区,东惠街道,125.3624826,43.9007277,48.0,78.0,67.0,132.0,162.0,188.0,0.0,105.0,43.0,10.0,3.0,0.0,6.0,6.0,15.0,19.0,0.0,0.0,3.0,38.0,31.0,0.0,11.0,7.0,8.0,27.0,611.0,0.0,25.0,10.0,6.0,53.0,15.0,29.0,17.0,16.0,2.0,14.0,17.0,20.0,7.0,8.0,0.0,9.0,2.0,0.0,0.0,0.0,0.0,0.0,0.0,0.0,0.0,0.0,0.0,4.0,3.0,0.0,1.0,0.0,1.0,2.0,12.0,0.0,0.0,0.0,0.0,2.0,0.0,10.0,13.0,8.0,11645447152.0,17242434.0,长春市二道区,长春市二道区东惠街道,20.0,30.0,4.0,20.0,74.0,67.35833333333333,51.43423423423423,46.871929824561406
吉林省,长春市,二道区,英俊镇,125.4595601,43.8621769,4.0,28.0,2.0,28.0,29.0,17.0,0.0,5.0,4.0,0.0,0.0,1.0,0.0,0.0,2.0,5.0,0.0,0.0,0.0,0.0,11.0,1.0,0.0,0.0,2.0,3.0,19.0,0.0,0.0,2.0,0.0,13.0,0.0,13.0,14.0,12.0,2.0,10.0,0.0,3.0,13.0,1.0,0.0,0.0,0.0,0.0,0.0,1.0,0.0,0.0,1.0,1.0,0.0,0.0,0.0,0.0,0.0,0.0,0.0,0.0,0.0,1.0,1.0,0.0,0.0,0.0,0.0,0.0,0.0,3.0,8.0,2.0,6432172685.0,9520925.0,长春市二道区,长春市二道区英俊镇,18.0,25.700000000000003,10.0,6.2,59.900000000000006,67.35833333333333,51.43423423423423,46.871929824561406
吉林省,长春市,二道区,劝农山镇,125.6420657,43.8172674,3.0,0.0,2.0,2.0,40.0,0.0,0.0,0.0,0.0,0.0,0.0,0.0,0.0,0.0,0.0,0.0,0.0,0.0,0.0,0.0,0.0,0.0,0.0,0.0,0.0,12.0,0.0,0.0,0.0,0.0,0.0,0.0,0.0,1.0,7.0,2.0,3.0,0.0,2.0,2.0,14.0,0.0,0.0,0.0,0.0,0.0,0.0,0.0,0.0,0.0,0.0,0.0,0.0,0.0,0.0,0.0,0.0,0.0,0.0,0.0,0.0,2.0,0.0,0.0,0.0,0.0,0.0,0.0,0.0,1.0,5.0,1.0,3812025765.0,17483408.0,长春市二道区,长春市二道区劝农山镇,20.0,22.7,0.0,1.0,43.7,67.35833333333333,51.43423423423423,46.871929824561406
吉林省,长春市,二道区,泉眼镇,125.5715353,43.8482643,2.0,0.0,2.0,12.0,77.0,18.0,0.0,0.0,0.0,0.0,0.0,0.0,0.0,0.0,0.0,0.0,0.0,0.0,0.0,0.0,0.0,0.0,0.0,0.0,0.0,14.0,0.0,0.0,0.0,0.0,0.0,0.0,0.0,5.0,7.0,1.0,2.0,0.0,0.0,4.0,28.0,4.0,0.0,0.0,0.0,0.0,0.0,0.0,0.0,0.0,0.0,0.0,0.0,0.0,0.0,0.0,0.0,0.0,0.0,0.0,0.0,1.0,0.0,0.0,0.0,0.0,0.0,0.0,0.0,2.0,5.0,0.0,3812024667.0,17483407.0,长春市二道区,长春市二道区泉眼镇,20.0,23.5,0.0,0.5,44.0,67.35833333333333,51.43423423423423,46.871929824561406
吉林省,长春市,二道区,四家乡,125.7729122,43.8263795,0.0,0.0,5.0,3.0,1.0,0.0,0.0,0.0,0.0,0.0,0.0,0.0,0.0,0.0,0.0,0.0,0.0,0.0,0.0,0.0,0.0,0.0,0.0,0.0,0.0,11.0,0.0,0.0,0.0,0.0,0.0,0.0,0.0,9.0,3.0,2.0,0.0,0.0,1.0,1.0,0.0,0.0,0.0,0.0,0.0,0.0,0.0,0.0,0.0,0.0,0.0,0.0,0.0,0.0,0.0,0.0,0.0,0.0,0.0,0.0,0.0,1.0,0.0,0.0,0.0,0.0,0.0,0.0,0.0,2.0,2.0,1.0,6432171584.0,17483409.0,长春市二道区,长春市二道区四家乡,20.0,9.7,0.0,1.0,30.7,67.35833333333333,51.43423423423423,46.871929824561406
吉林省,长春市,绿园区,正阳街道,125.2502332,43.8917474,16.0,38.0,37.0,74.0,142.0,127.0,0.0,518.0,55.0,8.0,2.0,3.0,2.0,2.0,3.0,6.0,0.0,0.0,4.0,18.0,33.0,2.0,3.0,1.0,4.0,11.0,388.0,0.0,11.0,2.0,7.0,77.0,8.0,19.0,16.0,19.0,0.0,1.0,8.0,5.0,20.0,43.0,0.0,30.0,8.0,0.0,0.0,0.0,0.0,0.0,0.0,0.0,0.0,0.0,0.0,6.0,3.0,0.0,0.0,1.0,0.0,1.0,21.0,0.0,0.0,0.0,2.0,10.0,2.0,3.0,9.0,7.0,6425694660.0,9515051.0,长春市绿园区,长春市绿园区正阳街道,20.0,30.0,11.0,20.0,81.0,76.88333333333334,51.43423423423423,46.871929824561406
吉林省,长春市,绿园区,春城街道,125.2646364,43.8765528,9.0,91.0,59.0,133.0,222.0,221.0,2.0,644.0,128.0,11.0,3.0,4.0,15.0,15.0,8.0,20.0,0.0,2.0,21.0,76.0,34.0,1.0,7.0,3.0,4.0,19.0,869.0,0.0,22.0,1.0,21.0,101.0,14.0,28.0,21.0,17.0,6.0,14.0,13.0,25.0,35.0,18.0,0.0,80.0,18.0,3.0,0.0,0.0,1.0,1.0,2.0,2.0,0.0,0.0,0.0,6.0,2.0,0.0,1.0,0.0,0.0,1.0,78.0,0.0,11.0,0.0,2.0,17.0,2.0,10.0,14.0,8.0,6425694650.0,16204056.0,长春市绿园区,长春市绿园区春城街道,20.0,30.0,21.0,20.0,91.0,76.88333333333334,51.43423423423423,46.871929824561406
吉林省,长春市,绿园区,青年路街道,125.284174,43.9018844,22.0,93.0,96.0,122.0,178.0,228.0,2.0,472.0,81.0,14.0,5.0,3.0,8.0,9.0,17.0,28.0,0.0,4.0,18.0,68.0,19.0,1.0,6.0,5.0,7.0,15.0,916.0,0.0,7.0,2.0,10.0,89.0,29.0,35.0,18.0,21.0,2.0,8.0,7.0,9.0,27.0,16.0,0.0,10.0,0.0,0.0,0.0,0.0,0.0,0.0,1.0,2.0,0.0,0.0,0.0,0.0,3.0,0.0,1.0,0.0,0.0,1.0,24.0,0.0,0.0,0.0,0.0,8.0,1.0,8.0,9.0,8.0,6425694656.0,9515048.0,长春市绿园区,长春市绿园区青年路街道,20.0,30.0,10.0,20.0,80.0,76.88333333333334,51.43423423423423,46.871929824561406
吉林省,长春市,绿园区,普阳街道,125.2768486,43.8901431,8.0,80.0,79.0,141.0,189.0,248.0,3.0,633.0,84.0,16.0,6.0,3.0,13.0,14.0,17.0,28.0,0.0,2.0,24.0,80.0,18.0,1.0,7.0,6.0,4.0,18.0,1151.0,0.0,15.0,1.0,12.0,111.0,20.0,29.0,20.0,20.0,2.0,8.0,5.0,19.0,19.0,11.0,0.0,325.0,0.0,0.0,0.0,1.0,1.0,1.0,0.0,1.0,0.0,0.0,0.0,1.0,0.0,0.0,0.0,0.0,0.0,1.0,4.0,0.0,0.0,0.0,1.0,10.0,1.0,3.0,10.0,4.0,11117163931.0,16204057.0,长春市绿园区,长春市绿园区普阳街道,20.0,30.0,11.0,20.0,81.0,76.88333333333334,51.43423423423423,46.871929824561406
吉林省,长春市,绿园区,铁西街道,125.3031707,43.9116326,28.0,81.0,98.0,127.0,213.0,402.0,0.0,93.0,62.0,16.0,5.0,1.0,9.0,10.0,33.0,38.0,0.0,2.0,13.0,92.0,66.0,1.0,7.0,8.0,9.0,17.0,1314.0,0.0,6.0,2.0,8.0,57.0,42.0,33.0,19.0,17.0,8.0,21.0,3.0,16.0,18.0,44.0,0.0,6.0,6.0,0.0,0.0,0.0,1.0,1.0,3.0,3.0,0.0,0.0,0.0,2.0,7.0,0.0,3.0,1.0,2.0,1.0,142.0,0.0,1.0,0.0,1.0,2.0,0.0,11.0,13.0,7.0,11851018114.0,17520222.0,长春市绿园区,长春市绿园区铁西街道,20.0,30.0,17.0,20.0,87.0,76.88333333333334,51.43423423423423,46.871929824561406
吉林省,长春市,绿园区,林园街道,125.2722216,43.9146643,18.0,43.0,44.0,60.0,110.0,110.0,0.0,355.0,13.0,3.0,0.0,2.0,2.0,2.0,4.0,7.0,0.0,0.0,0.0,7.0,25.0,1.0,7.0,0.0,2.0,10.0,181.0,0.0,0.0,4.0,5.0,45.0,3.0,17.0,16.0,18.0,1.0,0.0,14.0,9.0,13.0,0.0,0.0,0.0,0.0,0.0,0.0,0.0,0.0,0.0,1.0,2.0,0.0,0.0,0.0,1.0,4.0,0.0,1.0,0.0,0.0,1.0,22.0,0.0,0.0,0.0,1.0,9.0,0.0,2.0,4.0,8.0,6425694654.0,9515046.0,长春市绿园区,长春市绿园区林园街道,20.0,28.0,11.0,20.0,79.0,76.88333333333334,51.43423423423423,46.871929824561406
吉林省,长春市,绿园区,同心街道,125.1792129,43.855145,16.0,3.0,59.0,90.0,181.0,215.0,0.0,90.0,40.0,34.0,2.0,2.0,0.0,0.0,1.0,2.0,0.0,0.0,1.0,6.0,27.0,13.0,20.0,3.0,4.0,6.0,233.0,0.0,0.0,14.0,7.0,31.0,0.0,12.0,16.0,18.0,9.0,0.0,10.0,19.0,8.0,6.0,0.0,3.0,0.0,0.0,1.0,1.0,0.0,0.0,0.0,1.0,0.0,0.0,0.0,0.0,8.0,1.0,4.0,3.0,3.0,2.0,3.0,0.0,0.0,2.0,2.0,4.0,0.0,6.0,11.0,11.0,6425694658.0,9515049.0,长春市绿园区,长春市绿园区同心街道,20.0,30.0,5.0,20.0,75.0,76.88333333333334,51.43423423423423,46.871929824561406
吉林省,长春市,绿园区,迎宾街道,125.2366599,43.8968932,12.0,27.0,24.0,37.0,112.0,118.0,3.0,505.0,42.0,8.0,3.0,2.0,1.0,1.0,2.0,4.0,0.0,0.0,4.0,10.0,33.0,2.0,4.0,1.0,5.0,10.0,287.0,0.0,0.0,7.0,6.0,72.0,8.0,17.0,17.0,19.0,0.0,3.0,3.0,4.0,23.0,13.0,0.0,0.0,0.0,0.0,0.0,0.0,0.0,0.0,0.0,0.0,0.0,0.0,0.0,0.0,11.0,1.0,0.0,0.0,0.0,1.0,1.0,0.0,0.0,0.0,0.0,5.0,0.0,3.0,5.0,6.0,11851018118.0,17520221.0,长春市绿园区,长春市绿园区迎宾街道,20.0,30.0,5.0,20.0,75.0,76.88333333333334,51.43423423423423,46.871929824561406
吉林省,长春市,绿园区,自立街道,125.2067935,43.8589737,9.0,27.0,47.0,82.0,171.0,158.0,3.0,168.0,53.0,29.0,4.0,1.0,1.0,1.0,1.0,3.0,1.0,0.0,3.0,6.0,35.0,4.0,13.0,4.0,7.0,9.0,224.0,0.0,0.0,9.0,7.0,45.0,0.0,14.0,18.0,21.0,0.0,0.0,2.0,17.0,42.0,34.0,0.0,6.0,4.0,2.0,1.0,0.0,0.0,0.0,0.0,0.0,0.0,0.0,1.0,3.0,5.0,0.0,2.0,0.0,0.0,1.0,20.0,0.0,0.0,1.0,0.0,5.0,0.0,4.0,6.0,7.0,11851018073.0,17520220.0,长春市绿园区,长春市绿园区自立街道,20.0,30.0,10.0,20.0,80.0,76.88333333333334,51.43423423423423,46.871929824561406
吉林省,长春市,绿园区,合心镇,125.1426204,43.9467146,2.0,0.0,0.0,28.0,102.0,77.0,0.0,1.0,1.0,2.0,0.0,1.0,0.0,0.0,0.0,0.0,0.0,0.0,0.0,0.0,15.0,0.0,13.0,0.0,0.0,1.0,160.0,0.0,0.0,3.0,1.0,1.0,0.0,6.0,9.0,5.0,2.0,0.0,0.0,8.0,51.0,6.0,0.0,0.0,0.0,0.0,0.0,0.0,0.0,0.0,0.0,0.0,0.0,0.0,0.0,0.0,4.0,0.0,5.0,0.0,0.0,1.0,3.0,0.0,0.0,0.0,0.0,1.0,0.0,1.0,5.0,3.0,6425694652.0,9515044.0,长春市绿园区,长春市绿园区合心镇,16.0,28.0,5.0,18.5,67.5,76.88333333333334,51.43423423423423,46.871929824561406
吉林省,长春市,绿园区,西新镇,125.130796,43.8927978,0.0,7.0,2.0,40.0,125.0,1.0,0.0,0.0,0.0,8.0,0.0,1.0,1.0,1.0,0.0,0.0,0.0,0.0,0.0,4.0,14.0,0.0,10.0,0.0,0.0,1.0,71.0,0.0,0.0,5.0,1.0,0.0,0.0,10.0,10.0,5.0,0.0,2.0,0.0,9.0,7.0,0.0,0.0,0.0,0.0,3.0,0.0,1.0,0.0,0.0,0.0,0.0,0.0,0.0,0.0,0.0,2.0,0.0,3.0,0.0,0.0,1.0,0.0,0.0,0.0,0.0,1.0,0.0,0.0,2.0,5.0,3.0,6425694659.0,9515050.0,长春市绿园区,长春市绿园区西新镇,16.0,26.0,5.0,10.100000000000001,57.1,76.88333333333334,51.43423423423423,46.871929824561406
吉林省,长春市,绿园区,城西镇,125.242177,43.884627,17.0,38.0,41.0,86.0,144.0,139.0,3.0,610.0,60.0,12.0,3.0,3.0,2.0,2.0,3.0,4.0,0.0,0.0,4.0,22.0,34.0,2.0,4.0,1.0,3.0,12.0,428.0,0.0,11.0,2.0,9.0,94.0,8.0,17.0,18.0,21.0,0.0,10.0,7.0,11.0,18.0,5.0,0.0,3.0,9.0,6.0,1.0,2.0,0.0,0.0,1.0,1.0,0.0,0.0,3.0,2.0,2.0,0.0,0.0,1.0,1.0,1.0,175.0,0.0,0.0,0.0,1.0,11.0,2.0,8.0,8.0,7.0,-1.0,-1.0,长春市绿园区,长春市绿园区城西镇,5.0,30.0,14.0,20.0,69.0,76.88333333333334,51.43423423423423,46.871929824561406
吉林省,长春市,双阳区,云山街道,125.6531437,43.535467,19.0,29.0,33.0,41.0,62.0,6.0,0.0,7.0,0.0,1.0,0.0,0.0,0.0,0.0,0.0,0.0,0.0,0.0,0.0,0.0,16.0,0.0,0.0,0.0,0.0,2.0,6.0,0.0,0.0,3.0,1.0,4.0,0.0,4.0,8.0,6.0,0.0,1.0,0.0,2.0,11.0,0.0,0.0,0.0,0.0,0.0,0.0,0.0,0.0,0.0,0.0,0.0,0.0,0.0,0.0,0.0,0.0,0.0,0.0,0.0,0.0,0.0,0.0,0.0,0.0,0.0,0.0,0.0,0.0,0.0,3.0,0.0,6423240809.0,9512047.0,长春市双阳区,长春市双阳区云山街道,17.0,26.0,0.0,3.9,46.9,30.1625,51.43423423423423,46.871929824561406
吉林省,长春市,双阳区,平湖街道,125.7024359,43.5616488,0.0,10.0,0.0,2.0,15.0,0.0,0.0,0.0,0.0,0.0,0.0,0.0,0.0,0.0,0.0,0.0,0.0,0.0,0.0,0.0,1.0,0.0,0.0,0.0,0.0,1.0,0.0,0.0,0.0,0.0,0.0,0.0,0.0,4.0,5.0,4.0,0.0,0.0,0.0,0.0,2.0,0.0,0.0,0.0,0.0,0.0,0.0,0.0,0.0,0.0,0.0,0.0,0.0,0.0,0.0,0.0,0.0,0.0,0.0,0.0,0.0,1.0,0.0,0.0,0.0,0.0,0.0,0.0,0.0,1.0,1.0,0.0,6423240805.0,-1.0,长春市双阳区,长春市双阳区平湖街道,8.0,13.1,0.0,2.0,23.1,30.1625,51.43423423423423,46.871929824561406
吉林省,长春市,双阳区,奢岭街道,125.541667,43.673889,2.0,0.0,9.0,10.0,40.0,43.0,0.0,25.0,0.0,0.0,0.0,0.0,0.0,0.0,1.0,6.0,1.0,0.0,0.0,1.0,14.0,0.0,3.0,0.0,1.0,1.0,60.0,0.0,0.0,2.0,0.0,7.0,0.0,2.0,8.0,9.0,2.0,0.0,1.0,0.0,1.0,0.0,0.0,0.0,0.0,0.0,0.0,0.0,0.0,0.0,0.0,0.0,0.0,0.0,0.0,0.0,3.0,0.0,2.0,0.0,0.0,1.0,0.0,0.0,0.0,0.0,0.0,0.0,0.0,1.0,3.0,3.0,6423240807.0,-1.0,长春市双阳区,长春市双阳区奢岭街道,8.0,22.3,0.0,10.2,40.5,30.1625,51.43423423423423,46.871929824561406
吉林省,长春市,双阳区,山河街道,125.9148013,43.4182085,1.0,0.0,0.0,11.0,82.0,0.0,0.0,0.0,0.0,0.0,0.0,0.0,0.0,0.0,0.0,0.0,0.0,0.0,0.0,0.0,1.0,0.0,1.0,0.0,0.0,4.0,0.0,0.0,0.0,0.0,0.0,1.0,0.0,8.0,4.0,5.0,1.0,0.0,0.0,3.0,52.0,0.0,0.0,0.0,0.0,0.0,0.0,0.0,0.0,0.0,0.0,0.0,0.0,0.0,0.0,0.0,0.0,0.0,0.0,0.0,0.0,1.0,0.0,0.0,0.0,0.0,0.0,1.0,0.0,2.0,4.0,1.0,6423240806.0,-1.0,长春市双阳区,长春市双阳区山河街道,11.0,22.0,0.0,2.5,35.5,30.1625,51.43423423423423,46.871929824561406
吉林省,长春市,双阳区,鹿乡镇,125.560484,43.495264,2.0,0.0,0.0,9.0,5.0,0.0,0.0,0.0,0.0,0.0,0.0,0.0,0.0,0.0,0.0,0.0,0.0,0.0,0.0,0.0,0.0,0.0,0.0,0.0,0.0,1.0,0.0,0.0,0.0,0.0,0.0,0.0,0.0,1.0,3.0,1.0,0.0,0.0,0.0,5.0,1.0,0.0,0.0,0.0,0.0,0.0,0.0,0.0,0.0,0.0,0.0,0.0,0.0,0.0,0.0,0.0,0.0,0.0,0.0,0.0,0.0,1.0,0.0,0.0,0.0,0.0,0.0,0.0,0.0,1.0,2.0,1.0,6423240803.0,-1.0,长春市双阳区,长春市双阳区鹿乡镇,8.0,12.8,0.0,0.5,21.3,30.1625,51.43423423423423,46.871929824561406
吉林省,长春市,双阳区,齐家镇,125.7038728,43.686522,0.0,3.0,0.0,9.0,12.0,0.0,0.0,0.0,0.0,0.0,0.0,0.0,0.0,0.0,0.0,0.0,0.0,0.0,0.0,0.0,5.0,0.0,2.0,0.0,0.0,1.0,0.0,0.0,0.0,1.0,0.0,0.0,0.0,2.0,5.0,3.0,0.0,1.0,0.0,2.0,1.0,0.0,0.0,0.0,0.0,0.0,0.0,0.0,0.0,0.0,0.0,0.0,0.0,0.0,0.0,0.0,3.0,0.0,1.0,0.0,0.0,1.0,0.0,0.0,0.0,1.0,0.0,0.0,0.0,1.0,4.0,2.0,3373313195.0,-1.0,长春市双阳区,长春市双阳区齐家镇,8.0,15.2,0.0,1.7,24.9,30.1625,51.43423423423423,46.871929824561406
吉林省,长春市,双阳区,太平镇,125.7307383,43.4028438,0.0,0.0,3.0,4.0,7.0,0.0,0.0,0.0,0.0,0.0,0.0,0.0,0.0,0.0,0.0,0.0,0.0,0.0,0.0,0.0,0.0,0.0,0.0,0.0,0.0,1.0,0.0,0.0,0.0,0.0,0.0,0.0,0.0,1.0,3.0,2.0,0.0,0.0,3.0,1.0,1.0,0.0,0.0,0.0,0.0,0.0,0.0,0.0,0.0,0.0,0.0,0.0,0.0,0.0,0.0,0.0,0.0,0.0,0.0,0.0,0.0,1.0,0.0,0.0,0.0,0.0,0.0,0.0,0.0,1.0,3.0,0.0,3812023822.0,-1.0,长春市双阳区,长春市双阳区太平镇,8.0,12.2,0.0,1.0,21.2,30.1625,51.43423423423423,46.871929824561406
吉林省,长春市,双阳区,双营子回族乡,125.5810652,43.5834397,2.0,0.0,1.0,21.0,11.0,0.0,0.0,0.0,0.0,0.0,0.0,0.0,0.0,0.0,0.0,0.0,0.0,0.0,0.0,0.0,12.0,0.0,5.0,0.0,0.0,1.0,0.0,0.0,0.0,1.0,0.0,0.0,0.0,3.0,7.0,4.0,2.0,0.0,1.0,5.0,7.0,0.0,0.0,0.0,0.0,0.0,0.0,0.0,0.0,0.0,0.0,0.0,0.0,0.0,0.0,0.0,3.0,0.0,2.0,0.0,0.0,1.0,0.0,0.0,0.0,0.0,0.0,0.0,0.0,1.0,5.0,2.0,6423240808.0,-1.0,长春市双阳区,长春市双阳区双营子回族乡,8.0,17.8,0.0,2.1,27.900000000000002,30.1625,51.43423423423423,46.871929824561406
吉林省,长春市,九台区,九台街道,125.8196637,44.1452103,3.0,25.0,45.0,56.0,77.0,13.0,0.0,7.0,23.0,1.0,0.0,0.0,1.0,1.0,0.0,0.0,0.0,0.0,0.0,0.0,1.0,0.0,0.0,0.0,0.0,4.0,25.0,0.0,0.0,3.0,0.0,10.0,0.0,7.0,16.0,3.0,0.0,18.0,23.0,17.0,12.0,0.0,0.0,0.0,16.0,1.0,0.0,0.0,0.0,0.0,0.0,0.0,0.0,0.0,0.0,0.0,1.0,0.0,0.0,0.0,0.0,1.0,4.0,0.0,0.0,0.0,0.0,1.0,0.0,5.0,7.0,3.0,6431426957.0,9520276.0,长春市九台区,长春市九台区九台街道,19.0,28.0,0.0,4.7,51.7,35.464999999999996,51.43423423423423,46.871929824561406
吉林省,长春市,九台区,营城街道,125.8981152,44.1582185,5.0,0.0,4.0,11.0,10.0,4.0,0.0,0.0,0.0,0.0,1.0,0.0,0.0,0.0,0.0,0.0,0.0,0.0,0.0,0.0,1.0,0.0,0.0,0.0,0.0,2.0,33.0,0.0,0.0,5.0,0.0,1.0,0.0,5.0,6.0,4.0,0.0,0.0,1.0,4.0,7.0,2.0,0.0,0.0,0.0,0.0,0.0,0.0,0.0,0.0,0.0,0.0,0.0,0.0,0.0,0.0,0.0,0.0,0.0,0.0,0.0,1.0,0.0,0.0,0.0,1.0,0.0,0.0,0.0,1.0,5.0,0.0,6431426966.0,9520278.0,长春市九台区,长春市九台区营城街道,17.0,19.1,0.0,5.9,42.0,35.464999999999996,51.43423423423423,46.871929824561406
吉林省,长春市,九台区,九郊街道,125.8164138,44.1323155,3.0,25.0,44.0,50.0,71.0,15.0,0.0,7.0,23.0,1.0,0.0,0.0,1.0,1.0,0.0,0.0,0.0,0.0,0.0,0.0,1.0,0.0,0.0,0.0,0.0,4.0,25.0,0.0,0.0,3.0,0.0,7.0,0.0,7.0,16.0,3.0,0.0,8.0,13.0,6.0,19.0,3.0,0.0,0.0,3.0,1.0,0.0,0.0,0.0,0.0,0.0,0.0,0.0,0.0,0.0,0.0,1.0,0.0,0.0,0.0,0.0,1.0,0.0,0.0,0.0,0.0,0.0,4.0,0.0,4.0,10.0,3.0,6431426956.0,9520275.0,长春市九台区,长春市九台区九郊街道,19.0,28.0,0.0,4.300000000000001,51.3,35.464999999999996,51.43423423423423,46.871929824561406
吉林省,长春市,九台区,西营城街道,125.778098,44.0383001,0.0,3.0,18.0,17.0,9.0,4.0,0.0,2.0,2.0,0.0,0.0,0.0,0.0,0.0,0.0,0.0,0.0,0.0,0.0,0.0,4.0,1.0,2.0,0.0,0.0,1.0,47.0,0.0,0.0,1.0,0.0,1.0,0.0,4.0,8.0,9.0,0.0,0.0,2.0,6.0,0.0,0.0,0.0,0.0,0.0,0.0,0.0,0.0,0.0,0.0,0.0,0.0,0.0,0.0,0.0,0.0,2.0,0.0,0.0,0.0,0.0,1.0,0.0,0.0,0.0,0.0,0.0,0.0,0.0,1.0,2.0,3.0,6431426965.0,-1.0,长春市九台区,长春市九台区西营城街道,8.0,17.8,0.0,8.8,34.6,35.464999999999996,51.43423423423423,46.871929824561406
吉林省,长春市,九台区,土们岭街道,125.848353,44.159358,2.0,5.0,32.0,35.0,26.0,0.0,0.0,2.0,16.0,0.0,0.0,0.0,1.0,1.0,0.0,0.0,0.0,0.0,0.0,0.0,1.0,0.0,2.0,0.0,0.0,3.0,41.0,0.0,0.0,3.0,0.0,5.0,0.0,7.0,11.0,4.0,0.0,4.0,3.0,11.0,10.0,0.0,0.0,0.0,2.0,0.0,0.0,0.0,0.0,0.0,0.0,0.0,0.0,0.0,0.0,0.0,1.0,0.0,1.0,0.0,0.0,0.0,8.0,0.0,0.0,1.0,0.0,3.0,0.0,5.0,7.0,4.0,-1.0,-1.0,长春市九台区,长春市九台区土们岭街道,3.0,24.2,0.0,7.300000000000001,34.5,35.464999999999996,51.43423423423423,46.871929824561406
吉林省,长春市,九台区,苇子沟街道,125.8616053,44.2110005,0.0,1.0,0.0,2.0,4.0,0.0,0.0,0.0,0.0,0.0,0.0,0.0,0.0,0.0,0.0,0.0,0.0,0.0,0.0,0.0,0.0,0.0,3.0,0.0,0.0,1.0,0.0,0.0,0.0,1.0,0.0,2.0,0.0,2.0,3.0,3.0,0.0,1.0,0.0,1.0,1.0,0.0,0.0,0.0,0.0,0.0,0.0,0.0,0.0,0.0,0.0,0.0,0.0,0.0,0.0,0.0,0.0,0.0,2.0,0.0,0.0,1.0,0.0,0.0,0.0,1.0,0.0,2.0,0.0,1.0,3.0,2.0,6431426963.0,-1.0,长春市九台区,长春市九台区苇子沟街道,8.0,9.6,0.0,1.7,19.3,35.464999999999996,51.43423423423423,46.871929824561406
吉林省,长春市,九台区,兴隆街道,125.7383792,44.308962,0.0,1.0,6.0,5.0,7.0,0.0,0.0,0.0,0.0,0.0,0.0,0.0,0.0,0.0,0.0,0.0,0.0,0.0,0.0,0.0,0.0,0.0,0.0,0.0,0.0,3.0,0.0,0.0,0.0,0.0,0.0,0.0,0.0,1.0,6.0,0.0,0.0,1.0,6.0,2.0,3.0,0.0,0.0,0.0,0.0,0.0,0.0,0.0,0.0,0.0,0.0,0.0,0.0,0.0,0.0,0.0,0.0,0.0,0.0,0.0,0.0,1.0,0.0,0.0,0.0,0.0,0.0,0.0,0.0,1.0,4.0,0.0,6431426964.0,9520277.0,长春市九台区,长春市九台区兴隆街道,18.0,15.3,0.0,0.0,33.3,35.464999999999996,51.43423423423423,46.871929824561406
吉林省,长春市,九台区,纪家街道,125.6327066,44.2601933,0.0,0.0,4.0,2.0,34.0,0.0,0.0,0.0,0.0,0.0,0.0,0.0,0.0,0.0,0.0,0.0,0.0,0.0,0.0,0.0,0.0,0.0,0.0,0.0,0.0,12.0,0.0,0.0,0.0,0.0,0.0,0.0,0.0,2.0,4.0,1.0,0.0,0.0,3.0,0.0,10.0,0.0,0.0,0.0,0.0,0.0,0.0,0.0,0.0,0.0,0.0,0.0,0.0,0.0,0.0,0.0,0.0,0.0,0.0,0.0,0.0,4.0,0.0,0.0,0.0,0.0,0.0,0.0,0.0,1.0,2.0,0.0,6431426955.0,-1.0,长春市九台区,长春市九台区纪家街道,12.0,18.8,0.0,0.5,31.3,35.464999999999996,51.43423423423423,46.871929824561406
吉林省,长春市,九台区,波泥河街道,125.8799362,43.8927783,0.0,3.0,5.0,3.0,22.0,0.0,0.0,0.0,0.0,0.0,0.0,0.0,0.0,0.0,0.0,0.0,0.0,0.0,0.0,0.0,0.0,0.0,1.0,0.0,0.0,1.0,0.0,0.0,0.0,0.0,0.0,0.0,0.0,3.0,5.0,4.0,0.0,3.0,5.0,2.0,9.0,0.0,0.0,0.0,0.0,0.0,0.0,0.0,0.0,0.0,0.0,0.0,0.0,0.0,0.0,0.0,0.0,0.0,1.0,0.0,0.0,1.0,0.0,0.0,0.0,0.0,0.0,0.0,0.0,2.0,4.0,2.0,6431426952.0,-1.0,长春市九台区,长春市九台区波泥河街道,8.0,17.6,0.0,2.0,27.6,35.464999999999996,51.43423423423423,46.871929824561406
吉林省,长春市,九台区,卡伦湖街道,125.5520593,44.0311691,0.0,16.0,7.0,27.0,48.0,14.0,0.0,0.0,0.0,0.0,0.0,0.0,0.0,0.0,0.0,1.0,0.0,0.0,0.0,0.0,0.0,0.0,2.0,0.0,0.0,9.0,81.0,0.0,0.0,0.0,2.0,0.0,0.0,3.0,7.0,2.0,0.0,0.0,1.0,10.0,0.0,0.0,0.0,0.0,0.0,0.0,0.0,0.0,0.0,0.0,0.0,0.0,0.0,0.0,0.0,0.0,0.0,0.0,0.0,0.0,0.0,1.0,24.0,0.0,0.0,0.0,0.0,0.0,0.0,2.0,2.0,0.0,6432171581.0,9521062.0,长春市九台区,长春市九台区卡伦湖街道,20.0,23.1,0.0,11.5,54.6,35.464999999999996,51.43423423423423,46.871929824561406
吉林省,长春市,九台区,东湖街道,125.6420224,43.9536777,0.0,17.0,0.0,25.0,106.0,3.0,0.0,0.0,0.0,0.0,0.0,0.0,0.0,0.0,0.0,0.0,0.0,0.0,0.0,0.0,4.0,0.0,0.0,0.0,0.0,1.0,69.0,0.0,0.0,0.0,0.0,0.0,0.0,7.0,10.0,2.0,0.0,5.0,0.0,13.0,51.0,2.0,0.0,0.0,0.0,0.0,0.0,0.0,0.0,0.0,0.0,0.0,0.0,0.0,0.0,0.0,0.0,0.0,0.0,0.0,0.0,1.0,41.0,0.0,0.0,0.0,0.0,0.0,0.0,3.0,8.0,0.0,3812029379.0,9520920.0,长春市九台区,长春市九台区东湖街道,16.0,24.0,0.0,12.0,52.0,35.464999999999996,51.43423423423423,46.871929824561406
吉林省,长春市,九台区,龙嘉街道,125.6486495,44.0649856,0.0,9.0,5.0,7.0,26.0,0.0,0.0,0.0,0.0,0.0,0.0,0.0,0.0,0.0,0.0,0.0,0.0,0.0,0.0,0.0,1.0,0.0,1.0,0.0,0.0,13.0,4.0,0.0,0.0,0.0,0.0,0.0,0.0,3.0,7.0,2.0,0.0,2.0,4.0,3.0,17.0,0.0,0.0,0.0,0.0,0.0,0.0,0.0,0.0,0.0,0.0,0.0,0.0,0.0,0.0,0.0,1.0,0.0,1.0,0.0,0.0,1.0,0.0,0.0,0.0,0.0,0.0,0.0,0.0,2.0,5.0,2.0,3812031258.0,9521063.0,长春市九台区,长春市九台区龙嘉街道,20.0,23.5,0.0,1.4,44.9,35.464999999999996,51.43423423423423,46.871929824561406
吉林省,长春市,九台区,兴港街道,125.6869222,44.030602,0.0,8.0,0.0,3.0,17.0,5.0,0.0,0.0,0.0,0.0,0.0,1.0,0.0,0.0,1.0,1.0,0.0,0.0,0.0,0.0,1.0,0.0,0.0,0.0,0.0,2.0,1.0,0.0,0.0,0.0,0.0,0.0,0.0,3.0,7.0,1.0,0.0,2.0,0.0,0.0,5.0,0.0,0.0,0.0,0.0,0.0,0.0,1.0,0.0,0.0,1.0,1.0,0.0,0.0,0.0,0.0,0.0,0.0,0.0,0.0,0.0,1.0,1.0,0.0,0.0,0.0,0.0,0.0,0.0,1.0,3.0,0.0,11862212542.0,17531325.0,长春市九台区,长春市九台区兴港街道,17.0,16.4,10.0,0.7,44.1,35.464999999999996,51.43423423423423,46.871929824561406
吉林省,长春市,九台区,沐石河街道,126.0883712,44.2273545,4.0,0.0,0.0,4.0,7.0,0.0,0.0,0.0,0.0,0.0,0.0,0.0,0.0,0.0,0.0,0.0,0.0,0.0,0.0,0.0,2.0,0.0,0.0,0.0,0.0,1.0,0.0,0.0,0.0,0.0,0.0,0.0,0.0,1.0,3.0,2.0,4.0,0.0,0.0,2.0,5.0,0.0,0.0,0.0,0.0,0.0,0.0,0.0,0.0,0.0,0.0,0.0,0.0,0.0,0.0,0.0,2.0,0.0,0.0,0.0,0.0,1.0,0.0,0.0,0.0,0.0,0.0,0.0,0.0,1.0,3.0,2.0,6431426960.0,-1.0,长春市九台区,长春市九台区沐石河街道,8.0,13.4,0.0,1.0,22.4,35.464999999999996,51.43423423423423,46.871929824561406
吉林省,长春市,九台区,城子街街道,126.0057732,44.362258,0.0,0.0,7.0,2.0,10.0,0.0,0.0,0.0,0.0,0.0,0.0,0.0,0.0,0.0,0.0,0.0,0.0,0.0,0.0,0.0,2.0,0.0,1.0,0.0,0.0,1.0,0.0,0.0,0.0,0.0,0.0,0.0,0.0,1.0,4.0,3.0,0.0,0.0,7.0,1.0,3.0,0.0,0.0,0.0,0.0,0.0,0.0,0.0,0.0,0.0,0.0,0.0,0.0,0.0,0.0,0.0,0.0,0.0,1.0,0.0,0.0,1.0,0.0,0.0,0.0,0.0,0.0,0.0,0.0,1.0,4.0,2.0,3812022630.0,-1.0,长春市九台区,长春市九台区城子街街道,8.0,11.9,0.0,1.5,21.4,35.464999999999996,51.43423423423423,46.871929824561406
吉林省,长春市,九台区,南山街道,125.8333361,44.1432867,3.0,27.0,46.0,54.0,70.0,13.0,0.0,7.0,23.0,1.0,0.0,0.0,1.0,1.0,0.0,0.0,0.0,0.0,0.0,0.0,1.0,0.0,0.0,0.0,0.0,4.0,32.0,0.0,0.0,6.0,0.0,10.0,0.0,7.0,16.0,3.0,0.0,3.0,27.0,18.0,9.0,0.0,0.0,2.0,8.0,0.0,0.0,0.0,1.0,1.0,0.0,0.0,0.0,0.0,0.0,0.0,0.0,0.0,0.0,0.0,0.0,1.0,16.0,0.0,0.0,0.0,0.0,1.0,0.0,6.0,8.0,2.0,11860225697.0,17527591.0,长春市九台区,长春市九台区南山街道,19.0,28.0,5.0,6.9,58.9,35.464999999999996,51.43423423423423,46.871929824561406
吉林省,长春市,九台区,其塔木镇,126.3329521,44.3647958,3.0,2.0,0.0,2.0,11.0,0.0,0.0,0.0,0.0,0.0,0.0,0.0,0.0,0.0,0.0,0.0,0.0,0.0,0.0,0.0,0.0,0.0,0.0,0.0,0.0,1.0,0.0,0.0,0.0,0.0,0.0,0.0,0.0,1.0,5.0,0.0,2.0,0.0,0.0,2.0,8.0,0.0,0.0,0.0,0.0,0.0,0.0,0.0,0.0,0.0,0.0,0.0,0.0,0.0,0.0,0.0,0.0,0.0,0.0,0.0,0.0,1.0,0.0,0.0,0.0,0.0,0.0,0.0,0.0,1.0,4.0,0.0,6431426961.0,-1.0,长春市九台区,长春市九台区其塔木镇,8.0,14.1,0.0,0.0,22.1,35.464999999999996,51.43423423423423,46.871929824561406
吉林省,长春市,九台区,上河湾镇,126.1967446,44.4877087,0.0,3.0,1.0,0.0,12.0,0.0,0.0,0.0,0.0,0.0,0.0,0.0,0.0,0.0,0.0,0.0,0.0,0.0,0.0,0.0,1.0,0.0,0.0,0.0,0.0,1.0,0.0,0.0,0.0,0.0,0.0,0.0,0.0,1.0,4.0,1.0,0.0,3.0,1.0,0.0,10.0,0.0,0.0,0.0,0.0,0.0,0.0,0.0,0.0,0.0,0.0,0.0,0.0,0.0,0.0,0.0,1.0,0.0,0.0,0.0,0.0,1.0,0.0,0.0,0.0,0.0,0.0,0.0,0.0,1.0,4.0,1.0,3812033087.0,-1.0,长春市九台区,长春市九台区上河湾镇,8.0,12.4,0.0,0.5,20.9,35.464999999999996,51.43423423423423,46.871929824561406
吉林省,长春市,九台区,胡家回族乡,126.3297182,44.2716182,0.0,0.0,0.0,6.0,30.0,2.0,0.0,0.0,0.0,0.0,0.0,0.0,0.0,0.0,0.0,0.0,0.0,0.0,0.0,0.0,2.0,0.0,1.0,0.0,0.0,1.0,0.0,0.0,0.0,1.0,0.0,0.0,0.0,1.0,4.0,5.0,0.0,0.0,0.0,4.0,14.0,2.0,0.0,0.0,0.0,0.0,0.0,0.0,0.0,0.0,0.0,0.0,0.0,0.0,0.0,0.0,2.0,0.0,1.0,0.0,0.0,1.0,0.0,0.0,0.0,1.0,0.0,0.0,0.0,1.0,4.0,5.0,6431426953.0,-1.0,长春市九台区,长春市九台区胡家回族乡,8.0,17.2,0.0,2.7,27.9,35.464999999999996,51.43423423423423,46.871929824561406
吉林省,长春市,九台区,莽卡满族乡,126.4113661,44.2619116,0.0,2.0,0.0,0.0,0.0,0.0,0.0,0.0,0.0,0.0,0.0,0.0,0.0,0.0,0.0,0.0,0.0,0.0,0.0,0.0,0.0,0.0,0.0,0.0,0.0,1.0,0.0,0.0,0.0,0.0,0.0,0.0,0.0,1.0,1.0,2.0,0.0,1.0,0.0,0.0,0.0,0.0,0.0,0.0,0.0,0.0,0.0,0.0,0.0,0.0,0.0,0.0,0.0,0.0,0.0,0.0,0.0,0.0,0.0,0.0,0.0,1.0,0.0,0.0,0.0,0.0,0.0,0.0,0.0,1.0,1.0,0.0,6431426959.0,-1.0,长春市九台区,长春市九台区莽卡满族乡,8.0,5.5,0.0,1.0,14.5,35.464999999999996,51.43423423423423,46.871929824561406
吉林省,长春市,农安县,兴农街道,125.18666,44.430613,1.0,19.0,25.0,2.0,90.0,17.0,0.0,100.0,3.0,7.0,2.0,0.0,0.0,0.0,8.0,8.0,0.0,0.0,0.0,0.0,7.0,0.0,3.0,2.0,0.0,6.0,8.0,0.0,0.0,1.0,0.0,9.0,0.0,4.0,11.0,9.0,1.0,3.0,5.0,1.0,11.0,2.0,0.0,0.0,0.0,0.0,0.0,0.0,0.0,0.0,2.0,2.0,0.0,0.0,0.0,0.0,2.0,0.0,0.0,0.0,0.0,0.0,0.0,0.0,0.0,0.0,0.0,2.0,0.0,1.0,6.0,5.0,-1.0,-1.0,长春市农安县,长春市农安县兴农街道,5.0,30.0,5.0,4.9,44.9,23.968000000000004,51.43423423423423,46.871929824561406
吉林省,长春市,农安县,宝塔街道,125.18666,44.430613,1.0,19.0,25.0,2.0,90.0,17.0,0.0,100.0,3.0,7.0,2.0,0.0,0.0,0.0,8.0,8.0,0.0,0.0,0.0,0.0,7.0,0.0,3.0,2.0,0.0,6.0,8.0,0.0,0.0,1.0,0.0,9.0,0.0,4.0,11.0,9.0,1.0,3.0,5.0,1.0,11.0,2.0,0.0,0.0,0.0,0.0,0.0,0.0,0.0,0.0,2.0,2.0,0.0,0.0,0.0,0.0,2.0,0.0,0.0,0.0,0.0,0.0,0.0,0.0,0.0,0.0,0.0,2.0,0.0,1.0,6.0,5.0,-1.0,-1.0,长春市农安县,长春市农安县宝塔街道,5.0,30.0,5.0,4.9,44.9,23.968000000000004,51.43423423423423,46.871929824561406
吉林省,长春市,农安县,和谐街道,125.171437,44.411453,3.0,29.0,25.0,3.0,105.0,14.0,0.0,266.0,3.0,9.0,0.0,0.0,0.0,0.0,8.0,8.0,0.0,0.0,0.0,0.0,6.0,0.0,4.0,0.0,0.0,1.0,10.0,0.0,0.0,1.0,0.0,26.0,0.0,4.0,12.0,7.0,2.0,11.0,12.0,2.0,56.0,5.0,0.0,152.0,0.0,6.0,0.0,0.0,0.0,0.0,2.0,2.0,0.0,0.0,0.0,0.0,4.0,0.0,0.0,0.0,0.0,0.0,4.0,0.0,0.0,0.0,0.0,17.0,0.0,0.0,7.0,5.0,-1.0,-1.0,长春市农安县,长春市农安县和谐街道,1.0,28.0,5.0,5.0,39.0,23.968000000000004,51.43423423423423,46.871929824561406
吉林省,长春市,农安县,黄龙街道,125.182146,44.424672,3.0,29.0,27.0,2.0,107.0,16.0,0.0,246.0,3.0,9.0,0.0,0.0,0.0,0.0,9.0,9.0,0.0,0.0,0.0,0.0,7.0,0.0,4.0,0.0,0.0,6.0,10.0,0.0,0.0,1.0,0.0,26.0,0.0,4.0,12.0,8.0,1.0,5.0,5.0,1.0,11.0,4.0,0.0,0.0,0.0,1.0,0.0,0.0,0.0,0.0,1.0,1.0,0.0,0.0,0.0,0.0,2.0,0.0,0.0,0.0,0.0,0.0,0.0,0.0,0.0,0.0,0.0,2.0,0.0,1.0,6.0,4.0,-1.0,-1.0,长春市农安县,长春市农安县黄龙街道,5.0,28.0,5.0,5.1,43.1,23.968000000000004,51.43423423423423,46.871929824561406
吉林省,长春市,农安县,农安镇,125.175389,44.431852,2.0,25.0,24.0,2.0,97.0,17.0,0.0,111.0,3.0,6.0,2.0,0.0,0.0,0.0,9.0,9.0,0.0,0.0,0.0,0.0,7.0,0.0,7.0,2.0,0.0,6.0,8.0,0.0,0.0,1.0,0.0,11.0,0.0,4.0,10.0,9.0,0.0,3.0,7.0,1.0,28.0,3.0,0.0,0.0,0.0,1.0,0.0,0.0,0.0,0.0,3.0,3.0,0.0,0.0,0.0,0.0,1.0,0.0,0.0,0.0,0.0,1.0,3.0,0.0,0.0,0.0,0.0,5.0,0.0,2.0,5.0,3.0,-1.0,-1.0,长春市农安县,长春市农安县农安镇,5.0,30.0,5.0,5.2,45.2,23.968000000000004,51.43423423423423,46.871929824561406
吉林省,长春市,农安县,伏龙泉镇,124.63382,44.4043388,0.0,0.0,3.0,3.0,4.0,1.0,0.0,0.0,0.0,0.0,0.0,0.0,0.0,0.0,0.0,0.0,0.0,0.0,0.0,0.0,0.0,0.0,1.0,0.0,0.0,1.0,0.0,0.0,0.0,2.0,0.0,0.0,0.0,1.0,4.0,1.0,0.0,0.0,2.0,3.0,3.0,0.0,0.0,0.0,0.0,0.0,0.0,0.0,0.0,0.0,0.0,0.0,0.0,0.0,0.0,0.0,0.0,0.0,1.0,0.0,0.0,1.0,0.0,0.0,0.0,1.0,0.0,0.0,0.0,1.0,3.0,1.0,5063494379.0,-1.0,长春市农安县,长春市农安县伏龙泉镇,8.0,11.7,0.0,0.8,20.5,23.968000000000004,51.43423423423423,46.871929824561406
吉林省,长春市,农安县,哈拉海镇,125.0919227,44.6719954,1.0,4.0,0.0,3.0,8.0,0.0,0.0,0.0,0.0,0.0,0.0,0.0,0.0,0.0,0.0,0.0,0.0,0.0,0.0,0.0,2.0,0.0,0.0,0.0,0.0,1.0,1.0,0.0,0.0,2.0,0.0,0.0,0.0,3.0,7.0,1.0,0.0,1.0,0.0,2.0,7.0,0.0,0.0,0.0,0.0,0.0,0.0,0.0,0.0,0.0,0.0,0.0,0.0,0.0,0.0,0.0,2.0,0.0,0.0,0.0,0.0,1.0,1.0,0.0,0.0,0.0,0.0,0.0,0.0,2.0,4.0,1.0,3249329206.0,-1.0,长春市农安县,长春市农安县哈拉海镇,8.0,15.2,0.0,0.9,24.099999999999998,23.968000000000004,51.43423423423423,46.871929824561406
吉林省,长春市,农安县,靠山镇,125.6536308,44.7817198,0.0,0.0,5.0,1.0,13.0,1.0,0.0,0.0,0.0,0.0,0.0,0.0,0.0,0.0,0.0,0.0,0.0,0.0,0.0,0.0,10.0,0.0,2.0,0.0,0.0,1.0,1.0,0.0,0.0,0.0,0.0,0.0,0.0,5.0,5.0,3.0,0.0,0.0,1.0,1.0,7.0,0.0,0.0,0.0,0.0,0.0,0.0,0.0,0.0,0.0,0.0,0.0,0.0,0.0,0.0,0.0,2.0,0.0,1.0,0.0,0.0,1.0,0.0,0.0,0.0,0.0,0.0,0.0,0.0,1.0,4.0,2.0,6427246138.0,-1.0,长春市农安县,长春市农安县靠山镇,8.0,13.2,0.0,1.6,22.8,23.968000000000004,51.43423423423423,46.871929824561406
吉林省,长春市,农安县,开安镇,125.2030735,44.166122,2.0,3.0,3.0,5.0,0.0,0.0,0.0,0.0,0.0,0.0,0.0,0.0,0.0,0.0,0.0,0.0,0.0,0.0,0.0,0.0,1.0,0.0,0.0,0.0,0.0,1.0,0.0,0.0,0.0,0.0,0.0,0.0,0.0,2.0,4.0,1.0,0.0,0.0,2.0,2.0,0.0,0.0,0.0,0.0,0.0,0.0,0.0,0.0,0.0,0.0,0.0,0.0,0.0,0.0,0.0,0.0,0.0,0.0,0.0,0.0,0.0,1.0,0.0,0.0,0.0,0.0,0.0,0.0,0.0,2.0,2.0,0.0,3249264666.0,-1.0,长春市农安县,长春市农安县开安镇,8.0,12.0,0.0,0.5,20.5,23.968000000000004,51.43423423423423,46.871929824561406
吉林省,长春市,农安县,烧锅镇,124.9919555,43.9907916,1.0,0.0,6.0,6.0,13.0,17.0,0.0,0.0,0.0,0.0,0.0,0.0,0.0,0.0,0.0,0.0,0.0,0.0,0.0,0.0,10.0,0.0,1.0,0.0,0.0,1.0,0.0,0.0,0.0,0.0,0.0,1.0,0.0,2.0,8.0,4.0,0.0,0.0,4.0,0.0,3.0,0.0,0.0,0.0,0.0,0.0,0.0,0.0,0.0,0.0,0.0,0.0,0.0,0.0,0.0,0.0,3.0,0.0,1.0,0.0,0.0,1.0,0.0,0.0,0.0,0.0,0.0,0.0,0.0,2.0,2.0,3.0,6427246143.0,-1.0,长春市农安县,长春市农安县烧锅镇,8.0,17.5,0.0,2.0,27.5,23.968000000000004,51.43423423423423,46.871929824561406
吉林省,长春市,农安县,高家店镇,125.2629161,44.6800741,0.0,1.0,1.0,2.0,9.0,0.0,0.0,0.0,0.0,0.0,0.0,0.0,0.0,0.0,0.0,0.0,0.0,0.0,0.0,0.0,0.0,0.0,0.0,0.0,0.0,1.0,0.0,0.0,0.0,0.0,0.0,0.0,0.0,1.0,4.0,0.0,0.0,1.0,1.0,2.0,1.0,0.0,0.0,0.0,0.0,0.0,0.0,0.0,0.0,0.0,0.0,0.0,0.0,0.0,0.0,0.0,0.0,0.0,0.0,0.0,0.0,1.0,0.0,0.0,0.0,0.0,0.0,0.0,0.0,1.0,4.0,0.0,5063494966.0,-1.0,长春市农安县,长春市农安县高家店镇,8.0,11.1,0.0,0.0,19.1,23.968000000000004,51.43423423423423,46.871929824561406
吉林省,长春市,农安县,华家镇,125.1423053,44.293185,1.0,0.0,1.0,18.0,3.0,0.0,0.0,0.0,0.0,0.0,0.0,0.0,0.0,0.0,0.0,0.0,0.0,0.0,0.0,0.0,6.0,0.0,4.0,0.0,0.0,1.0,2.0,0.0,0.0,1.0,0.0,0.0,0.0,5.0,5.0,4.0,0.0,0.0,1.0,6.0,0.0,0.0,0.0,0.0,0.0,0.0,0.0,0.0,0.0,0.0,0.0,0.0,0.0,0.0,0.0,0.0,3.0,0.0,2.0,0.0,0.0,1.0,2.0,0.0,0.0,0.0,0.0,0.0,0.0,2.0,2.0,2.0,3249264229.0,-1.0,长春市农安县,长春市农安县华家镇,8.0,13.1,0.0,2.5,23.6,23.968000000000004,51.43423423423423,46.871929824561406
吉林省,长春市,农安县,三盛玉镇,124.7971558,44.5443769,0.0,0.0,4.0,0.0,1.0,0.0,0.0,0.0,0.0,0.0,0.0,0.0,0.0,0.0,0.0,0.0,0.0,0.0,0.0,0.0,0.0,0.0,0.0,0.0,0.0,1.0,0.0,0.0,0.0,0.0,0.0,0.0,0.0,1.0,2.0,0.0,0.0,0.0,4.0,0.0,1.0,0.0,0.0,0.0,0.0,0.0,0.0,0.0,0.0,0.0,0.0,0.0,0.0,0.0,0.0,0.0,0.0,0.0,0.0,0.0,0.0,1.0,0.0,0.0,0.0,0.0,0.0,0.0,0.0,1.0,2.0,0.0,5063494534.0,-1.0,长春市农安县,长春市农安县三盛玉镇,8.0,6.5,0.0,0.0,14.5,23.968000000000004,51.43423423423423,46.871929824561406
吉林省,长春市,农安县,巴吉垒镇,124.8262722,44.3414829,0.0,2.0,3.0,4.0,0.0,0.0,0.0,0.0,0.0,0.0,0.0,0.0,0.0,0.0,0.0,0.0,0.0,0.0,0.0,0.0,0.0,0.0,0.0,0.0,0.0,1.0,0.0,0.0,0.0,0.0,0.0,0.0,0.0,1.0,3.0,0.0,0.0,2.0,2.0,3.0,0.0,0.0,0.0,0.0,0.0,0.0,0.0,0.0,0.0,0.0,0.0,0.0,0.0,0.0,0.0,0.0,0.0,0.0,0.0,0.0,0.0,1.0,0.0,0.0,0.0,0.0,0.0,0.0,0.0,1.0,3.0,0.0,6427246136.0,-1.0,长春市农安县,长春市农安县巴吉垒镇,8.0,10.5,0.0,0.0,18.5,23.968000000000004,51.43423423423423,46.871929824561406
吉林省,长春市,农安县,三岗镇,124.8598166,44.0997551,1.0,0.0,1.0,4.0,1.0,0.0,0.0,0.0,0.0,0.0,0.0,0.0,0.0,0.0,0.0,0.0,0.0,0.0,0.0,0.0,0.0,0.0,0.0,0.0,0.0,5.0,1.0,0.0,0.0,0.0,0.0,0.0,0.0,2.0,5.0,2.0,1.0,0.0,0.0,1.0,0.0,0.0,0.0,0.0,0.0,0.0,0.0,0.0,0.0,0.0,0.0,0.0,0.0,0.0,0.0,0.0,0.0,0.0,0.0,0.0,0.0,1.0,0.0,0.0,0.0,0.0,0.0,0.0,0.0,1.0,2.0,0.0,6427246142.0,-1.0,长春市农安县,长春市农安县三岗镇,12.0,11.7,0.0,1.1,24.8,23.968000000000004,51.43423423423423,46.871929824561406
吉林省,长春市,农安县,前岗乡,125.2641765,44.2613979,0.0,0.0,1.0,0.0,5.0,0.0,0.0,0.0,0.0,0.0,0.0,0.0,0.0,0.0,0.0,0.0,0.0,0.0,0.0,0.0,1.0,0.0,0.0,0.0,0.0,1.0,3.0,0.0,0.0,0.0,0.0,0.0,0.0,1.0,2.0,1.0,0.0,0.0,1.0,0.0,1.0,0.0,0.0,0.0,0.0,0.0,0.0,0.0,0.0,0.0,0.0,0.0,0.0,0.0,0.0,0.0,1.0,0.0,0.0,0.0,0.0,1.0,3.0,0.0,0.0,0.0,0.0,0.0,0.0,1.0,2.0,1.0,6427246140.0,9516601.0,长春市农安县,长春市农安县前岗乡,16.0,7.3,0.0,1.1,24.400000000000002,23.968000000000004,51.43423423423423,46.871929824561406
吉林省,长春市,农安县,龙王乡,124.9388553,44.1400444,0.0,0.0,4.0,1.0,0.0,0.0,0.0,0.0,0.0,0.0,0.0,0.0,0.0,0.0,0.0,0.0,0.0,0.0,0.0,0.0,0.0,0.0,1.0,0.0,0.0,1.0,1.0,0.0,0.0,0.0,0.0,0.0,0.0,1.0,4.0,2.0,0.0,0.0,2.0,0.0,0.0,0.0,0.0,0.0,0.0,0.0,0.0,0.0,0.0,0.0,0.0,0.0,0.0,0.0,0.0,0.0,0.0,0.0,0.0,0.0,0.0,1.0,0.0,0.0,0.0,0.0,0.0,0.0,0.0,1.0,1.0,1.0,6427246139.0,-1.0,长春市农安县,长春市农安县龙王乡,8.0,8.0,0.0,1.1,17.1,23.968000000000004,51.43423423423423,46.871929824561406
吉林省,长春市,农安县,万顺乡,124.943084,44.5194327,0.0,0.0,3.0,5.0,0.0,0.0,0.0,0.0,0.0,0.0,0.0,0.0,0.0,0.0,0.0,0.0,0.0,0.0,0.0,0.0,0.0,0.0,0.0,0.0,0.0,1.0,0.0,0.0,0.0,0.0,0.0,0.0,0.0,1.0,2.0,0.0,0.0,0.0,1.0,1.0,0.0,0.0,0.0,0.0,0.0,0.0,0.0,0.0,0.0,0.0,0.0,0.0,0.0,0.0,0.0,0.0,0.0,0.0,0.0,0.0,0.0,1.0,0.0,0.0,0.0,0.0,0.0,0.0,0.0,1.0,2.0,0.0,6427246145.0,-1.0,长春市农安县,长春市农安县万顺乡,8.0,11.0,0.0,0.0,19.0,23.968000000000004,51.43423423423423,46.871929824561406
吉林省,长春市,农安县,杨树林乡,124.9050665,44.6704078,0.0,2.0,1.0,0.0,0.0,0.0,0.0,0.0,0.0,0.0,0.0,0.0,0.0,0.0,0.0,0.0,0.0,0.0,0.0,0.0,0.0,0.0,0.0,0.0,0.0,1.0,0.0,0.0,0.0,0.0,0.0,0.0,0.0,1.0,2.0,0.0,0.0,2.0,1.0,0.0,0.0,0.0,0.0,0.0,0.0,0.0,0.0,0.0,0.0,0.0,0.0,0.0,0.0,0.0,0.0,0.0,0.0,0.0,0.0,0.0,0.0,1.0,0.0,0.0,0.0,0.0,0.0,0.0,0.0,1.0,2.0,0.0,5063494607.0,-1.0,长春市农安县,长春市农安县杨树林乡,8.0,6.0,0.0,0.0,14.0,23.968000000000004,51.43423423423423,46.871929824561406
吉林省,长春市,农安县,永安乡,124.6851771,44.5153998,0.0,0.0,1.0,0.0,0.0,0.0,0.0,0.0,0.0,0.0,0.0,0.0,0.0,0.0,0.0,0.0,0.0,0.0,0.0,0.0,0.0,0.0,0.0,0.0,0.0,1.0,0.0,0.0,0.0,0.0,0.0,0.0,0.0,1.0,1.0,0.0,0.0,0.0,1.0,0.0,0.0,0.0,0.0,0.0,0.0,0.0,0.0,0.0,0.0,0.0,0.0,0.0,0.0,0.0,0.0,0.0,0.0,0.0,0.0,0.0,0.0,1.0,0.0,0.0,0.0,0.0,0.0,0.0,0.0,1.0,1.0,0.0,6427246149.0,-1.0,长春市农安县,长春市农安县永安乡,8.0,5.5,0.0,0.0,13.5,23.968000000000004,51.43423423423423,46.871929824561406
吉林省,长春市,农安县,青山口乡,125.5971913,44.8461086,0.0,0.0,2.0,1.0,10.0,0.0,0.0,0.0,0.0,0.0,0.0,0.0,0.0,0.0,0.0,0.0,0.0,0.0,0.0,0.0,0.0,0.0,0.0,0.0,0.0,1.0,0.0,0.0,0.0,0.0,0.0,0.0,0.0,1.0,4.0,0.0,0.0,0.0,2.0,1.0,6.0,0.0,0.0,0.0,0.0,0.0,0.0,0.0,0.0,0.0,0.0,0.0,0.0,0.0,0.0,0.0,0.0,0.0,0.0,0.0,0.0,1.0,0.0,0.0,0.0,0.0,0.0,0.0,0.0,1.0,4.0,0.0,6427246141.0,-1.0,长春市农安县,长春市农安县青山口乡,8.0,11.8,0.0,0.0,19.8,23.968000000000004,51.43423423423423,46.871929824561406
吉林省,长春市,农安县,黄鱼圈乡,125.4604613,44.8147717,0.0,0.0,6.0,1.0,0.0,0.0,0.0,0.0,0.0,0.0,0.0,0.0,0.0,0.0,0.0,0.0,0.0,0.0,0.0,0.0,0.0,0.0,0.0,0.0,0.0,1.0,0.0,0.0,0.0,0.0,0.0,0.0,0.0,1.0,2.0,0.0,0.0,0.0,2.0,1.0,0.0,0.0,0.0,0.0,0.0,0.0,0.0,0.0,0.0,0.0,0.0,0.0,0.0,0.0,0.0,0.0,0.0,0.0,0.0,0.0,0.0,1.0,0.0,0.0,0.0,0.0,0.0,0.0,0.0,1.0,2.0,0.0,6427246137.0,-1.0,长春市农安县,长春市农安县黄鱼圈乡,8.0,7.0,0.0,0.0,15.0,23.968000000000004,51.43423423423423,46.871929824561406
吉林省,长春市,农安县,新农乡,125.5319711,44.716043,0.0,0.0,1.0,0.0,0.0,0.0,0.0,0.0,0.0,0.0,0.0,0.0,0.0,0.0,0.0,0.0,0.0,0.0,0.0,0.0,0.0,0.0,0.0,0.0,0.0,1.0,0.0,0.0,0.0,0.0,0.0,0.0,0.0,1.0,1.0,0.0,0.0,0.0,1.0,0.0,0.0,0.0,0.0,0.0,0.0,0.0,0.0,0.0,0.0,0.0,0.0,0.0,0.0,0.0,0.0,0.0,0.0,0.0,0.0,0.0,0.0,1.0,0.0,0.0,0.0,0.0,0.0,0.0,0.0,1.0,1.0,0.0,6427246148.0,-1.0,长春市农安县,长春市农安县新农乡,8.0,5.5,0.0,0.0,13.5,23.968000000000004,51.43423423423423,46.871929824561406
吉林省,长春市,农安县,万金塔乡,125.3931311,44.6125434,0.0,1.0,1.0,0.0,0.0,0.0,0.0,0.0,0.0,0.0,0.0,0.0,0.0,0.0,0.0,0.0,0.0,0.0,0.0,0.0,0.0,0.0,0.0,0.0,0.0,1.0,0.0,0.0,0.0,0.0,0.0,0.0,0.0,1.0,2.0,0.0,0.0,1.0,1.0,0.0,0.0,0.0,0.0,0.0,0.0,0.0,0.0,0.0,0.0,0.0,0.0,0.0,0.0,0.0,0.0,0.0,0.0,0.0,0.0,0.0,0.0,1.0,0.0,0.0,0.0,0.0,0.0,0.0,0.0,1.0,2.0,0.0,6427246144.0,-1.0,长春市农安县,长春市农安县万金塔乡,8.0,6.0,0.0,0.0,14.0,23.968000000000004,51.43423423423423,46.871929824561406
吉林省,长春市,农安县,小城子乡,125.3472397,44.7718566,0.0,0.0,5.0,0.0,3.0,0.0,0.0,0.0,0.0,0.0,0.0,0.0,0.0,0.0,0.0,0.0,0.0,0.0,0.0,0.0,1.0,0.0,1.0,0.0,0.0,1.0,0.0,0.0,0.0,0.0,0.0,0.0,0.0,1.0,2.0,2.0,0.0,0.0,2.0,0.0,1.0,0.0,0.0,0.0,0.0,0.0,0.0,0.0,0.0,0.0,0.0,0.0,0.0,0.0,0.0,0.0,1.0,0.0,1.0,0.0,0.0,1.0,0.0,0.0,0.0,0.0,0.0,0.0,0.0,1.0,2.0,2.0,6427246147.0,-1.0,长春市农安县,长春市农安县小城子乡,8.0,6.9,0.0,1.0,15.9,23.968000000000004,51.43423423423423,46.871929824561406
吉林省,长春市,长春经济技术开发区,临河街道,125.3638054,43.8592922,23.0,48.0,34.0,98.0,149.0,219.0,0.0,216.0,74.0,28.0,3.0,8.0,7.0,7.0,13.0,20.0,0.0,1.0,1.0,21.0,60.0,3.0,7.0,5.0,18.0,23.0,362.0,0.0,18.0,2.0,7.0,104.0,10.0,20.0,20.0,14.0,2.0,12.0,4.0,14.0,20.0,5.0,0.0,26.0,8.0,3.0,0.0,0.0,1.0,1.0,0.0,0.0,0.0,0.0,0.0,4.0,5.0,0.0,0.0,1.0,3.0,2.0,11.0,0.0,0.0,0.0,0.0,3.0,3.0,11.0,11.0,9.0,6423665168.0,9512458.0,长春市长春经济技术开发区,长春市长春经济技术开发区临河街道,20.0,30.0,14.0,20.0,84.0,74.72,51.43423423423423,46.871929824561406
吉林省,长春市,长春经济技术开发区,东方广场街道,125.4352965,43.8768204,57.0,34.0,25.0,52.0,56.0,68.0,0.0,29.0,22.0,6.0,5.0,3.0,0.0,0.0,3.0,7.0,0.0,0.0,0.0,0.0,26.0,3.0,59.0,4.0,2.0,4.0,68.0,0.0,0.0,9.0,4.0,20.0,0.0,16.0,21.0,17.0,19.0,2.0,8.0,11.0,7.0,12.0,0.0,14.0,6.0,1.0,3.0,0.0,0.0,0.0,1.0,5.0,0.0,0.0,0.0,0.0,11.0,0.0,0.0,0.0,2.0,1.0,1.0,0.0,0.0,5.0,0.0,10.0,0.0,6.0,12.0,9.0,6432171576.0,9520919.0,长春市长春经济技术开发区,长春市长春经济技术开发区东方广场街道,19.0,30.0,10.0,12.3,71.3,74.72,51.43423423423423,46.871929824561406
吉林省,长春市,长春经济技术开发区,会展街道,125.3885301,43.847585,50.0,59.0,22.0,80.0,109.0,126.0,0.0,179.0,75.0,14.0,2.0,1.0,2.0,2.0,4.0,12.0,0.0,0.0,1.0,16.0,39.0,6.0,5.0,3.0,12.0,6.0,258.0,0.0,4.0,0.0,6.0,35.0,8.0,21.0,19.0,15.0,4.0,9.0,0.0,16.0,9.0,14.0,0.0,13.0,16.0,3.0,0.0,0.0,1.0,1.0,0.0,1.0,0.0,0.0,0.0,1.0,6.0,2.0,1.0,1.0,4.0,1.0,16.0,0.0,0.0,0.0,1.0,1.0,0.0,4.0,9.0,9.0,6423665166.0,9512456.0,长春市长春经济技术开发区,长春市长春经济技术开发区会展街道,20.0,30.0,11.0,20.0,81.0,74.72,51.43423423423423,46.871929824561406
吉林省,长春市,长春经济技术开发区,世纪街道,125.3907263,43.861853,57.0,48.0,20.0,75.0,108.0,133.0,0.0,114.0,57.0,17.0,1.0,2.0,2.0,2.0,10.0,16.0,0.0,0.0,0.0,13.0,32.0,6.0,7.0,5.0,16.0,12.0,192.0,0.0,1.0,9.0,8.0,30.0,8.0,19.0,23.0,16.0,0.0,4.0,0.0,19.0,10.0,10.0,0.0,0.0,8.0,0.0,0.0,1.0,0.0,0.0,0.0,1.0,0.0,0.0,0.0,2.0,4.0,1.0,1.0,2.0,3.0,1.0,68.0,0.0,0.0,0.0,2.0,0.0,0.0,5.0,7.0,5.0,6432171583.0,16204078.0,长春市长春经济技术开发区,长春市长春经济技术开发区世纪街道,20.0,30.0,7.0,20.0,77.0,74.72,51.43423423423423,46.871929824561406
吉林省,长春市,长春经济技术开发区,兴隆山镇,125.4666812,43.9587317,0.0,20.0,31.0,39.0,103.0,8.0,0.0,5.0,0.0,0.0,0.0,1.0,0.0,0.0,0.0,0.0,0.0,0.0,0.0,0.0,5.0,8.0,5.0,0.0,1.0,3.0,67.0,0.0,0.0,5.0,0.0,9.0,0.0,11.0,12.0,11.0,0.0,2.0,9.0,6.0,47.0,2.0,0.0,0.0,0.0,0.0,0.0,1.0,0.0,0.0,0.0,0.0,0.0,0.0,0.0,0.0,1.0,1.0,0.0,0.0,0.0,1.0,21.0,0.0,0.0,0.0,0.0,0.0,0.0,2.0,6.0,2.0,6425992131.0,9515286.0,长春市长春经济技术开发区,长春市长春经济技术开发区兴隆山镇,18.0,24.0,5.0,13.3,60.3,74.72,51.43423423423423,46.871929824561406
吉林省,长春市,长春净月高新技术产业开发区,永兴街道,125.4363177,43.7733622,8.0,6.0,19.0,24.0,126.0,151.0,0.0,87.0,32.0,9.0,0.0,4.0,0.0,0.0,5.0,8.0,0.0,0.0,0.0,4.0,47.0,6.0,4.0,0.0,1.0,5.0,157.0,0.0,0.0,7.0,5.0,31.0,12.0,9.0,13.0,15.0,2.0,0.0,3.0,6.0,9.0,56.0,0.0,46.0,12.0,6.0,0.0,2.0,0.0,0.0,0.0,0.0,0.0,0.0,0.0,3.0,12.0,1.0,0.0,0.0,0.0,1.0,63.0,0.0,0.0,0.0,4.0,1.0,1.0,6.0,9.0,9.0,6423665180.0,9512466.0,长春市长春净月高新技术产业开发区,长春市长春净月高新技术产业开发区永兴街道,20.0,28.0,8.0,20.0,76.0,72.7,51.43423423423423,46.871929824561406
吉林省,长春市,长春净月高新技术产业开发区,净月街道,125.4360444,43.8332321,22.0,20.0,6.0,44.0,126.0,97.0,0.0,75.0,19.0,18.0,2.0,4.0,0.0,0.0,5.0,15.0,0.0,0.0,0.0,4.0,15.0,3.0,4.0,1.0,1.0,4.0,91.0,0.0,12.0,3.0,3.0,75.0,5.0,17.0,18.0,19.0,0.0,0.0,0.0,14.0,37.0,5.0,0.0,12.0,0.0,0.0,0.0,1.0,0.0,0.0,0.0,0.0,0.0,0.0,0.0,0.0,8.0,0.0,1.0,0.0,0.0,1.0,1.0,0.0,0.0,0.0,1.0,1.0,0.0,1.0,5.0,5.0,6423665167.0,9512457.0,长春市长春净月高新技术产业开发区,长春市长春净月高新技术产业开发区净月街道,19.0,30.0,5.0,13.5,67.5,72.7,51.43423423423423,46.871929824561406
吉林省,长春市,长春净月高新技术产业开发区,福祉街道,125.3988514,43.7858673,16.0,34.0,43.0,50.0,156.0,258.0,6.0,136.0,46.0,20.0,0.0,6.0,4.0,5.0,5.0,12.0,2.0,0.0,0.0,15.0,53.0,7.0,9.0,10.0,4.0,9.0,182.0,0.0,0.0,12.0,12.0,40.0,2.0,11.0,18.0,17.0,3.0,7.0,13.0,1.0,40.0,11.0,0.0,39.0,0.0,10.0,0.0,1.0,0.0,1.0,2.0,7.0,2.0,0.0,0.0,12.0,5.0,0.0,1.0,0.0,0.0,3.0,63.0,0.0,0.0,0.0,1.0,8.0,0.0,1.0,13.0,8.0,11757546269.0,17379666.0,长春市长春净月高新技术产业开发区,长春市长春净月高新技术产业开发区福祉街道,20.0,28.0,21.0,20.0,89.0,72.7,51.43423423423423,46.871929824561406
吉林省,长春市,长春净月高新技术产业开发区,德正街道,125.3729104,43.799585,27.0,44.0,58.0,61.0,107.0,170.0,6.0,167.0,52.0,22.0,1.0,5.0,2.0,3.0,6.0,15.0,2.0,0.0,0.0,15.0,62.0,4.0,3.0,0.0,3.0,10.0,192.0,0.0,3.0,4.0,6.0,58.0,5.0,18.0,25.0,19.0,4.0,18.0,4.0,17.0,9.0,8.0,0.0,2.0,0.0,0.0,0.0,1.0,0.0,0.0,0.0,0.0,0.0,0.0,0.0,0.0,14.0,0.0,2.0,0.0,0.0,1.0,6.0,0.0,0.0,0.0,1.0,3.0,0.0,4.0,12.0,9.0,11757546270.0,17379667.0,长春市长春净月高新技术产业开发区,长春市长春净月高新技术产业开发区德正街道,20.0,30.0,5.0,20.0,75.0,72.7,51.43423423423423,46.871929824561406
吉林省,长春市,长春净月高新技术产业开发区,彩织街道,125.36607,43.823155,61.0,74.0,46.0,73.0,86.0,208.0,4.0,293.0,78.0,15.0,3.0,4.0,0.0,0.0,8.0,13.0,0.0,0.0,1.0,15.0,79.0,5.0,2.0,2.0,3.0,6.0,420.0,0.0,157.0,3.0,7.0,70.0,22.0,20.0,24.0,21.0,15.0,24.0,9.0,14.0,14.0,42.0,0.0,33.0,11.0,0.0,1.0,1.0,0.0,0.0,3.0,4.0,0.0,0.0,1.0,1.0,23.0,2.0,0.0,0.0,0.0,1.0,100.0,0.0,4.0,1.0,2.0,7.0,2.0,6.0,12.0,10.0,11757546199.0,17379664.0,长春市长春净月高新技术产业开发区,长春市长春净月高新技术产业开发区彩织街道,20.0,30.0,13.0,20.0,83.0,72.7,51.43423423423423,46.871929824561406
吉林省,长春市,长春净月高新技术产业开发区,德容街道,125.3737602,43.7742516,18.0,37.0,56.0,64.0,102.0,98.0,6.0,118.0,60.0,11.0,0.0,7.0,3.0,3.0,3.0,8.0,1.0,0.0,0.0,5.0,33.0,9.0,8.0,10.0,13.0,10.0,155.0,0.0,0.0,15.0,10.0,32.0,0.0,19.0,21.0,16.0,0.0,7.0,8.0,17.0,11.0,14.0,6.0,48.0,20.0,0.0,0.0,1.0,0.0,0.0,0.0,0.0,0.0,0.0,0.0,1.0,5.0,2.0,0.0,7.0,3.0,1.0,15.0,0.0,0.0,0.0,4.0,3.0,0.0,2.0,14.0,10.0,11757546204.0,17379665.0,长春市长春净月高新技术产业开发区,长春市长春净月高新技术产业开发区德容街道,20.0,28.0,6.0,20.0,74.0,72.7,51.43423423423423,46.871929824561406
吉林省,长春市,长春净月高新技术产业开发区,博硕街道,125.421273,43.8277554,36.0,27.0,16.0,55.0,140.0,204.0,0.0,99.0,31.0,35.0,2.0,4.0,0.0,0.0,5.0,17.0,0.0,0.0,0.0,6.0,21.0,4.0,4.0,1.0,1.0,4.0,149.0,0.0,12.0,3.0,3.0,84.0,10.0,18.0,19.0,21.0,2.0,2.0,4.0,9.0,30.0,42.0,0.0,30.0,9.0,9.0,1.0,1.0,0.0,0.0,2.0,6.0,0.0,0.0,0.0,1.0,3.0,0.0,1.0,1.0,0.0,2.0,44.0,0.0,2.0,0.0,1.0,35.0,1.0,4.0,9.0,10.0,11757546195.0,17379663.0,长春市长春净月高新技术产业开发区,长春市长春净月高新技术产业开发区博硕街道,19.0,30.0,11.0,20.0,80.0,72.7,51.43423423423423,46.871929824561406
吉林省,长春市,长春净月高新技术产业开发区,德馨街道,125.3603375,43.7812175,19.0,37.0,68.0,71.0,87.0,78.0,9.0,123.0,60.0,6.0,0.0,4.0,2.0,2.0,3.0,4.0,0.0,0.0,0.0,3.0,31.0,7.0,5.0,10.0,11.0,9.0,82.0,0.0,0.0,3.0,9.0,23.0,2.0,18.0,25.0,18.0,0.0,6.0,8.0,16.0,13.0,1.0,0.0,0.0,18.0,0.0,0.0,1.0,0.0,0.0,0.0,0.0,0.0,0.0,0.0,0.0,7.0,0.0,0.0,0.0,1.0,2.0,2.0,0.0,0.0,1.0,1.0,6.0,0.0,7.0,11.0,6.0,11645401805.0,17242298.0,长春市长春净月高新技术产业开发区,长春市长春净月高新技术产业开发区德馨街道,20.0,28.0,5.0,12.8,65.8,72.7,51.43423423423423,46.871929824561406
吉林省,长春市,长春净月高新技术产业开发区,永顺街道,125.4234617,43.7585524,18.0,10.0,27.0,26.0,82.0,151.0,0.0,96.0,28.0,10.0,0.0,5.0,0.0,0.0,5.0,7.0,0.0,0.0,0.0,3.0,36.0,4.0,6.0,0.0,1.0,4.0,157.0,0.0,0.0,15.0,5.0,26.0,7.0,9.0,16.0,14.0,0.0,0.0,10.0,8.0,6.0,9.0,0.0,0.0,4.0,0.0,0.0,1.0,0.0,0.0,1.0,2.0,0.0,0.0,0.0,1.0,8.0,1.0,1.0,0.0,0.0,1.0,10.0,0.0,0.0,1.0,2.0,2.0,4.0,3.0,5.0,7.0,11757546271.0,17379668.0,长春市长春净月高新技术产业开发区,长春市长春净月高新技术产业开发区永顺街道,19.0,28.0,11.0,20.0,78.0,72.7,51.43423423423423,46.871929824561406
吉林省,长春市,长春净月高新技术产业开发区,新立城镇,125.3849345,43.7681149,18.0,41.0,69.0,62.0,125.0,114.0,6.0,118.0,86.0,12.0,0.0,6.0,2.0,2.0,7.0,12.0,1.0,0.0,0.0,6.0,34.0,8.0,8.0,16.0,9.0,11.0,147.0,0.0,0.0,17.0,11.0,34.0,0.0,14.0,21.0,17.0,11.0,7.0,11.0,6.0,14.0,51.0,0.0,23.0,18.0,2.0,0.0,1.0,2.0,2.0,0.0,0.0,0.0,0.0,0.0,3.0,4.0,5.0,3.0,16.0,3.0,0.0,31.0,0.0,0.0,0.0,8.0,3.0,0.0,2.0,14.0,10.0,-2.0,17379679.0,长春市长春净月高新技术产业开发区,长春市长春净月高新技术产业开发区新立城镇,13.0,28.0,13.0,20.0,74.0,72.7,51.43423423423423,46.871929824561406
吉林省,长春市,长春净月高新技术产业开发区,新湖镇,125.3756838,43.6116678,0.0,0.0,3.0,3.0,2.0,0.0,0.0,0.0,0.0,0.0,0.0,1.0,0.0,0.0,0.0,0.0,1.0,0.0,0.0,0.0,6.0,0.0,0.0,0.0,0.0,1.0,3.0,0.0,0.0,0.0,1.0,1.0,0.0,4.0,3.0,4.0,0.0,0.0,1.0,1.0,2.0,0.0,0.0,0.0,0.0,0.0,0.0,1.0,0.0,0.0,0.0,0.0,1.0,0.0,0.0,0.0,1.0,0.0,0.0,0.0,0.0,1.0,3.0,0.0,0.0,0.0,1.0,1.0,0.0,3.0,3.0,3.0,3812095707.0,17379680.0,长春市长春净月高新技术产业开发区,长春市长春净月高新技术产业开发区新湖镇,16.0,10.5,10.0,2.6,39.1,72.7,51.43423423423423,46.871929824561406
吉林省,长春市,长春净月高新技术产业开发区,玉潭镇,125.4341019,43.7813307,12.0,6.0,22.0,27.0,144.0,220.0,0.0,146.0,43.0,20.0,0.0,5.0,2.0,3.0,6.0,10.0,1.0,0.0,1.0,14.0,55.0,9.0,4.0,2.0,2.0,6.0,183.0,0.0,0.0,6.0,7.0,35.0,12.0,11.0,16.0,18.0,2.0,0.0,2.0,7.0,16.0,30.0,0.0,0.0,8.0,0.0,0.0,2.0,0.0,0.0,1.0,1.0,0.0,0.0,0.0,0.0,15.0,0.0,0.0,0.0,0.0,1.0,6.0,0.0,0.0,0.0,2.0,3.0,0.0,4.0,6.0,6.0,-2.0,17379662.0,长春市长春净月高新技术产业开发区,长春市长春净月高新技术产业开发区玉潭镇,13.0,28.0,10.0,20.0,71.0,72.7,51.43423423423423,46.871929824561406
吉林省,长春市,长春高新技术产业开发区,硅谷街道,125.2292142,43.799913,18.0,37.0,31.0,68.0,108.0,137.0,0.0,223.0,0.0,16.0,5.0,2.0,1.0,1.0,1.0,6.0,0.0,1.0,0.0,5.0,37.0,13.0,11.0,2.0,14.0,17.0,191.0,0.0,4.0,6.0,5.0,29.0,0.0,11.0,15.0,12.0,4.0,8.0,10.0,14.0,17.0,12.0,0.0,22.0,0.0,6.0,0.0,0.0,0.0,0.0,0.0,0.0,0.0,0.0,0.0,0.0,8.0,1.0,1.0,0.0,4.0,4.0,53.0,0.0,1.0,0.0,1.0,4.0,0.0,2.0,11.0,6.0,6425001333.0,9514349.0,长春市长春高新技术产业开发区,长春市长春高新技术产业开发区硅谷街道,20.0,28.0,5.0,20.0,73.0,78.0,51.43423423423423,46.871929824561406
吉林省,长春市,长春高新技术产业开发区,北湖街道,125.4192473,43.9680133,8.0,6.0,28.0,58.0,72.0,36.0,0.0,17.0,2.0,0.0,2.0,10.0,4.0,4.0,4.0,6.0,5.0,0.0,1.0,1.0,32.0,9.0,13.0,1.0,2.0,11.0,55.0,0.0,0.0,6.0,30.0,21.0,1.0,7.0,19.0,19.0,4.0,0.0,4.0,7.0,9.0,4.0,0.0,6.0,0.0,0.0,0.0,3.0,2.0,2.0,2.0,3.0,1.0,0.0,0.0,0.0,9.0,3.0,2.0,0.0,0.0,4.0,5.0,0.0,0.0,1.0,6.0,2.0,0.0,2.0,9.0,4.0,11096858395.0,16171589.0,长春市长春高新技术产业开发区,长春市长春高新技术产业开发区北湖街道,20.0,28.0,20.0,10.7,78.7,78.0,51.43423423423423,46.871929824561406
吉林省,长春市,长春高新技术产业开发区,超越街道,125.2418068,43.776054,4.0,21.0,46.0,54.0,108.0,82.0,0.0,228.0,0.0,13.0,2.0,2.0,0.0,0.0,4.0,6.0,0.0,0.0,0.0,1.0,52.0,15.0,10.0,1.0,17.0,12.0,78.0,0.0,1.0,7.0,2.0,35.0,3.0,10.0,18.0,12.0,0.0,0.0,3.0,14.0,11.0,15.0,0.0,38.0,0.0,3.0,0.0,0.0,0.0,0.0,1.0,1.0,0.0,0.0,0.0,1.0,11.0,1.0,2.0,0.0,1.0,2.0,18.0,0.0,0.0,0.0,0.0,5.0,0.0,1.0,8.0,7.0,11110947785.0,16194698.0,长春市长春高新技术产业开发区,长春市长春高新技术产业开发区超越街道,20.0,28.0,11.0,14.3,73.3,78.0,51.43423423423423,46.871929824561406
吉林省,长春市,长春高新技术产业开发区,飞跃街道,125.2365853,43.8087075,19.0,54.0,46.0,76.0,111.0,248.0,0.0,274.0,21.0,22.0,5.0,3.0,3.0,3.0,2.0,10.0,0.0,2.0,0.0,6.0,38.0,12.0,8.0,2.0,19.0,16.0,240.0,0.0,24.0,9.0,8.0,45.0,1.0,15.0,20.0,15.0,4.0,12.0,6.0,15.0,10.0,28.0,0.0,6.0,0.0,3.0,0.0,0.0,0.0,0.0,0.0,0.0,0.0,0.0,0.0,0.0,3.0,2.0,1.0,0.0,3.0,1.0,24.0,0.0,0.0,0.0,1.0,3.0,0.0,1.0,11.0,7.0,11110947801.0,16194699.0,长春市长春高新技术产业开发区,长春市长春高新技术产业开发区飞跃街道,20.0,30.0,5.0,20.0,75.0,78.0,51.43423423423423,46.871929824561406
吉林省,长春市,长春高新技术产业开发区,双德街道,125.2764725,43.8293234,31.0,53.0,32.0,66.0,243.0,415.0,1.0,309.0,92.0,46.0,6.0,1.0,8.0,8.0,10.0,45.0,1.0,3.0,2.0,54.0,53.0,7.0,4.0,2.0,28.0,17.0,695.0,0.0,57.0,4.0,31.0,150.0,6.0,20.0,22.0,20.0,25.0,8.0,5.0,7.0,20.0,58.0,0.0,62.0,14.0,12.0,2.0,0.0,2.0,2.0,1.0,11.0,0.0,0.0,2.0,17.0,6.0,1.0,1.0,0.0,4.0,4.0,59.0,0.0,6.0,0.0,2.0,18.0,2.0,6.0,12.0,11.0,9749051019.0,9514357.0,长春市长春高新技术产业开发区,长春市长春高新技术产业开发区双德街道,20.0,30.0,23.0,20.0,93.0,78.0,51.43423423423423,46.871929824561406
吉林省,长春市,长春高新技术产业开发区,奋进乡,125.4053586,44.0072343,8.0,22.0,17.0,59.0,89.0,83.0,0.0,49.0,18.0,8.0,1.0,3.0,0.0,0.0,3.0,6.0,4.0,0.0,0.0,0.0,13.0,7.0,24.0,0.0,5.0,5.0,216.0,0.0,41.0,13.0,4.0,23.0,1.0,12.0,17.0,19.0,0.0,2.0,4.0,9.0,3.0,9.0,0.0,1.0,5.0,2.0,0.0,2.0,0.0,0.0,0.0,0.0,0.0,0.0,0.0,0.0,0.0,0.0,5.0,0.0,2.0,1.0,23.0,0.0,0.0,4.0,0.0,0.0,0.0,8.0,10.0,7.0,6425992120.0,9515275.0,长春市长春高新技术产业开发区,长春市长春高新技术产业开发区奋进乡,20.0,30.0,5.0,20.0,75.0,78.0,51.43423423423423,46.871929824561406
吉林省,长春市,长春汽车经济技术开发区,锦程街道,125.219247,43.8512595,0.0,46.0,60.0,85.0,153.0,233.0,0.0,146.0,36.0,30.0,4.0,0.0,1.0,1.0,3.0,3.0,1.0,0.0,3.0,14.0,30.0,0.0,13.0,2.0,8.0,9.0,244.0,0.0,0.0,9.0,6.0,48.0,1.0,20.0,14.0,17.0,0.0,6.0,8.0,15.0,26.0,18.0,0.0,22.0,8.0,6.0,0.0,0.0,0.0,0.0,0.0,0.0,0.0,0.0,3.0,5.0,6.0,0.0,2.0,1.0,2.0,2.0,31.0,0.0,0.0,0.0,0.0,7.0,0.0,5.0,9.0,10.0,6425694653.0,9515045.0,长春市长春汽车经济技术开发区,长春市长春汽车经济技术开发区锦程街道,20.0,30.0,7.0,20.0,77.0,77.16666666666667,51.43423423423423,46.871929824561406
吉林省,长春市,长春汽车经济技术开发区,东风街道,125.2495955,43.8635709,9.0,76.0,49.0,103.0,210.0,192.0,1.0,313.0,131.0,13.0,4.0,2.0,5.0,5.0,6.0,13.0,1.0,0.0,7.0,43.0,37.0,0.0,8.0,3.0,12.0,15.0,587.0,0.0,30.0,2.0,28.0,111.0,9.0,26.0,22.0,17.0,0.0,6.0,14.0,23.0,12.0,28.0,0.0,44.0,9.0,1.0,0.0,0.0,0.0,0.0,1.0,1.0,0.0,0.0,0.0,5.0,1.0,0.0,1.0,0.0,0.0,3.0,67.0,0.0,1.0,0.0,0.0,11.0,1.0,5.0,10.0,9.0,6425694651.0,9515043.0,长春市长春汽车经济技术开发区,长春市长春汽车经济技术开发区东风街道,20.0,30.0,15.0,20.0,85.0,77.16666666666667,51.43423423423423,46.871929824561406
吉林省,长春市,长春汽车经济技术开发区,富民街道,125.1732237,43.8484213,20.0,1.0,63.0,97.0,123.0,201.0,0.0,104.0,20.0,39.0,2.0,2.0,0.0,0.0,2.0,3.0,0.0,0.0,1.0,3.0,27.0,12.0,22.0,3.0,4.0,6.0,221.0,0.0,0.0,15.0,7.0,34.0,1.0,10.0,17.0,22.0,4.0,0.0,6.0,16.0,5.0,9.0,0.0,0.0,4.0,0.0,0.0,1.0,0.0,0.0,0.0,0.0,0.0,0.0,0.0,0.0,5.0,10.0,4.0,1.0,1.0,2.0,9.0,0.0,0.0,2.0,1.0,3.0,0.0,4.0,8.0,8.0,13275875450.0,19785742.0,长春市长春汽车经济技术开发区,长春市长春汽车经济技术开发区富民街道,20.0,30.0,5.0,20.0,75.0,77.16666666666667,51.43423423423423,46.871929824561406
吉林省,长春市,长春汽车经济技术开发区,前程街道,125.366804,43.876782,30.0,58.0,57.0,117.0,161.0,191.0,0.0,92.0,59.0,14.0,2.0,4.0,7.0,7.0,15.0,18.0,0.0,0.0,0.0,20.0,31.0,1.0,11.0,7.0,17.0,33.0,249.0,0.0,8.0,10.0,8.0,57.0,9.0,27.0,20.0,14.0,8.0,10.0,5.0,12.0,27.0,33.0,0.0,21.0,12.0,4.0,0.0,0.0,0.0,0.0,4.0,4.0,0.0,0.0,0.0,4.0,3.0,0.0,2.0,0.0,2.0,4.0,5.0,0.0,1.0,0.0,1.0,12.0,1.0,6.0,9.0,8.0,-1.0,-1.0,长春市长春汽车经济技术开发区,长春市长春汽车经济技术开发区前程街道,5.0,30.0,14.0,20.0,69.0,77.16666666666667,51.43423423423423,46.871929824561406
吉林省,长春市,长春汽车经济技术开发区,广兴街道,125.2480781,43.8762611,9.0,84.0,39.0,104.0,154.0,150.0,2.0,568.0,84.0,12.0,3.0,3.0,4.0,4.0,4.0,6.0,1.0,0.0,4.0,22.0,42.0,1.0,8.0,2.0,3.0,12.0,489.0,0.0,11.0,2.0,10.0,75.0,7.0,21.0,19.0,18.0,0.0,4.0,6.0,20.0,18.0,23.0,0.0,110.0,15.0,5.0,1.0,1.0,0.0,0.0,1.0,1.0,0.0,0.0,3.0,2.0,0.0,0.0,1.0,1.0,1.0,2.0,203.0,0.0,0.0,0.0,0.0,12.0,3.0,8.0,9.0,8.0,11850977451.0,17520219.0,长春市长春汽车经济技术开发区,长春市长春汽车经济技术开发区广兴街道,20.0,30.0,14.0,20.0,84.0,77.16666666666667,51.43423423423423,46.871929824561406
吉林省,长春市,长春汽车经济技术开发区,锦绣街道,125.2252713,43.846295,0.0,53.0,53.0,82.0,155.0,234.0,0.0,78.0,36.0,28.0,3.0,0.0,1.0,1.0,3.0,4.0,1.0,0.0,3.0,17.0,28.0,0.0,14.0,2.0,5.0,9.0,269.0,0.0,0.0,7.0,3.0,44.0,1.0,21.0,15.0,15.0,0.0,12.0,8.0,11.0,14.0,8.0,0.0,20.0,4.0,0.0,0.0,0.0,0.0,0.0,0.0,0.0,0.0,0.0,1.0,1.0,5.0,0.0,1.0,1.0,2.0,2.0,3.0,0.0,0.0,0.0,0.0,4.0,0.0,4.0,9.0,10.0,11850977450.0,17520218.0,长春市长春汽车经济技术开发区,长春市长春汽车经济技术开发区锦绣街道,20.0,30.0,3.0,20.0,73.0,77.16666666666667,51.43423423423423,46.871929824561406
吉林省,长春市,榆树市,华昌街道,126.5212703,44.828188,2.0,16.0,59.0,33.0,542.0,87.0,0.0,116.0,7.0,10.0,0.0,29.0,8.0,8.0,12.0,15.0,2.0,1.0,6.0,10.0,37.0,11.0,18.0,4.0,9.0,23.0,486.0,0.0,1.0,5.0,0.0,35.0,5.0,7.0,18.0,15.0,0.0,2.0,13.0,16.0,116.0,32.0,0.0,46.0,4.0,4.0,0.0,10.0,5.0,5.0,3.0,4.0,2.0,0.0,0.0,1.0,6.0,4.0,1.0,1.0,5.0,6.0,221.0,0.0,1.0,3.0,0.0,24.0,3.0,1.0,13.0,11.0,6434032591.0,9523861.0,长春市榆树市,长春市榆树市华昌街道,20.0,28.0,21.0,20.0,89.0,37.45357142857143,51.43423423423423,46.871929824561406
吉林省,长春市,榆树市,正阳街道,126.5456737,44.8132395,7.0,19.0,58.0,35.0,515.0,60.0,0.0,85.0,8.0,11.0,0.0,15.0,5.0,5.0,17.0,20.0,2.0,1.0,6.0,9.0,27.0,8.0,14.0,4.0,8.0,14.0,438.0,0.0,1.0,4.0,0.0,32.0,4.0,7.0,18.0,14.0,0.0,0.0,17.0,7.0,86.0,8.0,0.0,1.0,2.0,2.0,0.0,0.0,0.0,0.0,1.0,2.0,0.0,1.0,2.0,2.0,5.0,1.0,5.0,0.0,2.0,2.0,60.0,0.0,0.0,0.0,0.0,1.0,1.0,4.0,6.0,12.0,6434032605.0,9523864.0,长春市榆树市,长春市榆树市正阳街道,20.0,28.0,16.0,20.0,84.0,37.45357142857143,51.43423423423423,46.871929824561406
吉林省,长春市,榆树市,培英街道,126.5581653,44.8240398,9.0,13.0,58.0,32.0,537.0,69.0,0.0,99.0,8.0,10.0,3.0,23.0,7.0,7.0,16.0,19.0,0.0,1.0,6.0,10.0,32.0,9.0,19.0,8.0,7.0,16.0,438.0,0.0,1.0,7.0,0.0,32.0,5.0,8.0,18.0,18.0,1.0,0.0,16.0,9.0,120.0,3.0,0.0,1.0,3.0,2.0,0.0,0.0,1.0,1.0,9.0,9.0,0.0,0.0,1.0,5.0,2.0,0.0,2.0,1.0,1.0,1.0,40.0,0.0,0.0,0.0,0.0,2.0,0.0,4.0,9.0,8.0,6434032595.0,9523863.0,长春市榆树市,长春市榆树市培英街道,20.0,30.0,22.0,20.0,92.0,37.45357142857143,51.43423423423423,46.871929824561406
吉林省,长春市,榆树市,城郊街道,126.5499178,44.831212,6.0,7.0,59.0,36.0,597.0,91.0,0.0,116.0,8.0,11.0,3.0,29.0,8.0,8.0,17.0,20.0,2.0,1.0,6.0,10.0,32.0,10.0,21.0,8.0,9.0,20.0,485.0,0.0,1.0,7.0,0.0,36.0,5.0,8.0,18.0,18.0,0.0,0.0,21.0,4.0,154.0,6.0,0.0,31.0,1.0,2.0,0.0,2.0,2.0,2.0,3.0,4.0,0.0,0.0,1.0,3.0,5.0,0.0,1.0,2.0,1.0,2.0,48.0,0.0,0.0,0.0,0.0,2.0,1.0,3.0,9.0,9.0,6434032588.0,9523860.0,长春市榆树市,长春市榆树市城郊街道,20.0,30.0,20.0,20.0,90.0,37.45357142857143,51.43423423423423,46.871929824561406
吉林省,长春市,榆树市,五棵树镇,126.1464914,44.7845431,0.0,8.0,6.0,9.0,47.0,0.0,0.0,0.0,1.0,0.0,0.0,0.0,0.0,0.0,0.0,0.0,0.0,0.0,0.0,0.0,1.0,0.0,1.0,0.0,0.0,2.0,1.0,0.0,0.0,0.0,0.0,0.0,0.0,6.0,5.0,4.0,0.0,0.0,3.0,5.0,31.0,0.0,0.0,0.0,0.0,0.0,0.0,0.0,0.0,0.0,0.0,0.0,0.0,0.0,0.0,0.0,1.0,0.0,0.0,0.0,0.0,1.0,0.0,0.0,0.0,0.0,0.0,0.0,0.0,1.0,4.0,1.0,2191779460.0,-1.0,长春市榆树市,长春市榆树市五棵树镇,9.0,24.5,0.0,2.1,35.6,37.45357142857143,51.43423423423423,46.871929824561406
吉林省,长春市,榆树市,弓棚镇,126.3119083,44.9831433,2.0,0.0,3.0,2.0,61.0,0.0,0.0,0.0,0.0,0.0,1.0,0.0,0.0,0.0,0.0,0.0,0.0,0.0,0.0,0.0,3.0,0.0,0.0,0.0,0.0,1.0,0.0,0.0,0.0,0.0,0.0,0.0,0.0,1.0,5.0,1.0,1.0,0.0,2.0,1.0,35.0,0.0,0.0,0.0,0.0,0.0,0.0,0.0,0.0,0.0,0.0,0.0,0.0,0.0,0.0,0.0,2.0,0.0,0.0,0.0,0.0,1.0,0.0,0.0,0.0,0.0,0.0,0.0,0.0,1.0,5.0,1.0,3246045584.0,-1.0,长春市榆树市,长春市榆树市弓棚镇,8.0,24.5,0.0,0.5,33.0,37.45357142857143,51.43423423423423,46.871929824561406
吉林省,长春市,榆树市,闵家镇,126.4273457,44.7785409,0.0,0.0,1.0,2.0,4.0,0.0,0.0,0.0,0.0,0.0,0.0,0.0,0.0,0.0,0.0,0.0,0.0,0.0,0.0,0.0,6.0,0.0,0.0,0.0,0.0,5.0,0.0,0.0,0.0,0.0,0.0,0.0,0.0,2.0,4.0,1.0,0.0,0.0,1.0,2.0,4.0,0.0,0.0,0.0,0.0,0.0,0.0,0.0,0.0,0.0,0.0,0.0,0.0,0.0,0.0,0.0,1.0,0.0,0.0,0.0,0.0,3.0,0.0,0.0,0.0,0.0,0.0,0.0,0.0,1.0,4.0,1.0,6434032594.0,-1.0,长春市榆树市,长春市榆树市闵家镇,12.0,11.0,0.0,0.5,23.5,37.45357142857143,51.43423423423423,46.871929824561406
吉林省,长春市,榆树市,大坡镇,126.4702942,44.6044945,3.0,1.0,0.0,1.0,72.0,0.0,0.0,0.0,0.0,0.0,0.0,0.0,0.0,0.0,0.0,0.0,0.0,0.0,0.0,0.0,11.0,0.0,0.0,0.0,0.0,1.0,155.0,0.0,0.0,0.0,0.0,0.0,0.0,2.0,5.0,2.0,1.0,1.0,0.0,1.0,11.0,0.0,0.0,0.0,0.0,0.0,0.0,0.0,0.0,0.0,0.0,0.0,0.0,0.0,0.0,0.0,1.0,0.0,0.0,0.0,0.0,1.0,100.0,0.0,0.0,0.0,0.0,0.0,0.0,2.0,5.0,1.0,2289933209.0,-1.0,长春市榆树市,长春市榆树市大坡镇,8.0,22.5,0.0,17.0,47.5,37.45357142857143,51.43423423423423,46.871929824561406
吉林省,长春市,榆树市,黑林镇,126.6760524,44.5505317,0.0,0.0,3.0,2.0,0.0,0.0,0.0,0.0,0.0,0.0,0.0,0.0,0.0,0.0,0.0,0.0,0.0,0.0,0.0,0.0,0.0,0.0,0.0,0.0,0.0,5.0,0.0,0.0,0.0,0.0,0.0,0.0,0.0,5.0,2.0,0.0,0.0,0.0,3.0,1.0,0.0,0.0,0.0,0.0,0.0,0.0,0.0,0.0,0.0,0.0,0.0,0.0,0.0,0.0,0.0,0.0,0.0,0.0,0.0,0.0,0.0,1.0,0.0,0.0,0.0,0.0,0.0,0.0,0.0,5.0,2.0,0.0,3812087202.0,-1.0,长春市榆树市,长春市榆树市黑林镇,12.0,8.0,0.0,0.0,20.0,37.45357142857143,51.43423423423423,46.871929824561406
吉林省,长春市,榆树市,土桥镇,126.9512547,44.709178,0.0,0.0,8.0,0.0,2.0,0.0,0.0,0.0,0.0,0.0,0.0,0.0,0.0,0.0,0.0,0.0,0.0,0.0,0.0,0.0,1.0,0.0,0.0,0.0,0.0,1.0,0.0,0.0,0.0,0.0,0.0,0.0,0.0,1.0,2.0,3.0,0.0,0.0,4.0,0.0,1.0,0.0,0.0,0.0,0.0,0.0,0.0,0.0,0.0,0.0,0.0,0.0,0.0,0.0,0.0,0.0,1.0,0.0,0.0,0.0,0.0,1.0,0.0,0.0,0.0,0.0,0.0,0.0,0.0,1.0,2.0,2.0,3812087428.0,-1.0,长春市榆树市,长春市榆树市土桥镇,8.0,6.7,0.0,1.5,16.2,37.45357142857143,51.43423423423423,46.871929824561406
吉林省,长春市,榆树市,新立镇,126.7360782,44.6781284,0.0,1.0,5.0,3.0,34.0,1.0,0.0,0.0,0.0,0.0,0.0,0.0,0.0,0.0,0.0,0.0,0.0,0.0,0.0,0.0,4.0,0.0,0.0,0.0,0.0,1.0,1.0,0.0,0.0,0.0,0.0,0.0,0.0,2.0,6.0,2.0,0.0,0.0,1.0,3.0,28.0,0.0,0.0,0.0,0.0,0.0,0.0,0.0,0.0,0.0,0.0,0.0,0.0,0.0,0.0,0.0,2.0,0.0,0.0,0.0,0.0,1.0,0.0,0.0,0.0,0.0,0.0,0.0,0.0,2.0,3.0,1.0,3812082144.0,-1.0,长春市榆树市,长春市榆树市新立镇,8.0,23.0,0.0,1.1,32.1,37.45357142857143,51.43423423423423,46.871929824561406
吉林省,长春市,榆树市,大岭镇,126.6341707,45.0333208,3.0,0.0,6.0,4.0,39.0,0.0,0.0,0.0,0.0,0.0,0.0,0.0,0.0,0.0,0.0,0.0,0.0,0.0,0.0,0.0,0.0,0.0,1.0,0.0,0.0,1.0,0.0,0.0,0.0,0.0,0.0,0.0,0.0,2.0,7.0,3.0,3.0,0.0,3.0,1.0,16.0,0.0,0.0,0.0,0.0,0.0,0.0,0.0,0.0,0.0,0.0,0.0,0.0,0.0,0.0,0.0,0.0,0.0,1.0,0.0,0.0,1.0,0.0,0.0,0.0,0.0,0.0,0.0,0.0,2.0,5.0,1.0,2289934469.0,-1.0,长春市榆树市,长春市榆树市大岭镇,8.0,23.5,0.0,1.5,33.0,37.45357142857143,51.43423423423423,46.871929824561406
吉林省,长春市,榆树市,于家镇,126.8928134,44.8667358,3.0,0.0,2.0,3.0,15.0,0.0,0.0,0.0,0.0,0.0,1.0,0.0,0.0,0.0,0.0,0.0,0.0,0.0,0.0,0.0,2.0,0.0,1.0,0.0,0.0,2.0,3.0,0.0,0.0,0.0,0.0,0.0,0.0,1.0,5.0,5.0,1.0,0.0,2.0,1.0,5.0,0.0,0.0,0.0,0.0,0.0,0.0,0.0,0.0,0.0,0.0,0.0,0.0,0.0,0.0,0.0,1.0,0.0,0.0,0.0,0.0,1.0,0.0,0.0,0.0,0.0,0.0,0.0,0.0,0.0,5.0,2.0,6434032600.0,-1.0,长春市榆树市,长春市榆树市于家镇,9.0,17.0,0.0,2.8,28.8,37.45357142857143,51.43423423423423,46.871929824561406
吉林省,长春市,榆树市,泗河镇,126.8829792,44.9746187,0.0,0.0,7.0,2.0,27.0,0.0,0.0,0.0,0.0,0.0,0.0,0.0,0.0,0.0,0.0,0.0,0.0,0.0,0.0,0.0,18.0,0.0,1.0,0.0,0.0,1.0,0.0,0.0,0.0,1.0,0.0,0.0,0.0,1.0,4.0,3.0,0.0,0.0,3.0,1.0,16.0,0.0,0.0,0.0,0.0,0.0,0.0,0.0,0.0,0.0,0.0,0.0,0.0,0.0,0.0,0.0,1.0,0.0,1.0,0.0,0.0,1.0,0.0,0.0,0.0,1.0,0.0,0.0,0.0,1.0,4.0,2.0,6434032597.0,-1.0,长春市榆树市,长春市榆树市泗河镇,8.0,19.2,0.0,1.7,28.9,37.45357142857143,51.43423423423423,46.871929824561406
吉林省,长春市,榆树市,八号镇,126.3581572,45.0823319,0.0,0.0,1.0,4.0,35.0,0.0,0.0,0.0,0.0,0.0,0.0,0.0,0.0,0.0,0.0,0.0,0.0,0.0,0.0,0.0,4.0,0.0,1.0,0.0,0.0,1.0,0.0,0.0,0.0,0.0,0.0,0.0,0.0,1.0,4.0,3.0,0.0,0.0,1.0,2.0,21.0,0.0,0.0,0.0,0.0,0.0,0.0,0.0,0.0,0.0,0.0,0.0,0.0,0.0,0.0,0.0,2.0,0.0,1.0,0.0,0.0,1.0,0.0,0.0,0.0,0.0,0.0,0.0,0.0,1.0,4.0,3.0,6434032586.0,-1.0,长春市榆树市,长春市榆树市八号镇,8.0,22.0,0.0,1.5,31.5,37.45357142857143,51.43423423423423,46.871929824561406
吉林省,长春市,榆树市,刘家镇,126.2967833,44.7980337,0.0,6.0,9.0,4.0,25.0,0.0,0.0,0.0,1.0,0.0,0.0,0.0,0.0,0.0,0.0,0.0,0.0,0.0,0.0,0.0,0.0,0.0,4.0,0.0,0.0,8.0,9.0,0.0,0.0,0.0,0.0,0.0,0.0,2.0,6.0,3.0,0.0,0.0,3.0,2.0,15.0,0.0,0.0,0.0,1.0,0.0,0.0,0.0,0.0,0.0,0.0,0.0,0.0,0.0,0.0,0.0,0.0,0.0,4.0,0.0,0.0,2.0,2.0,0.0,0.0,0.0,0.0,0.0,0.0,2.0,5.0,2.0,6434032593.0,-1.0,长春市榆树市,长春市榆树市刘家镇,12.0,23.5,0.0,2.6,38.1,37.45357142857143,51.43423423423423,46.871929824561406
吉林省,长春市,榆树市,秀水镇,126.4324448,44.6589502,1.0,0.0,0.0,1.0,15.0,0.0,0.0,0.0,0.0,0.0,0.0,0.0,0.0,0.0,0.0,0.0,0.0,0.0,0.0,0.0,15.0,0.0,0.0,0.0,0.0,1.0,7.0,0.0,0.0,0.0,0.0,0.0,0.0,2.0,4.0,3.0,0.0,0.0,0.0,1.0,1.0,0.0,0.0,0.0,0.0,0.0,0.0,0.0,0.0,0.0,0.0,0.0,0.0,0.0,0.0,0.0,1.0,0.0,0.0,0.0,0.0,1.0,0.0,0.0,0.0,0.0,0.0,0.0,0.0,1.0,2.0,1.0,3812041206.0,-1.0,长春市榆树市,长春市榆树市秀水镇,8.0,11.3,0.0,2.2,21.5,37.45357142857143,51.43423423423423,46.871929824561406
吉林省,长春市,榆树市,保寿镇,126.5997142,44.6246274,0.0,0.0,4.0,3.0,9.0,0.0,0.0,0.0,0.0,0.0,0.0,0.0,0.0,0.0,0.0,0.0,0.0,0.0,0.0,0.0,7.0,0.0,0.0,0.0,0.0,1.0,0.0,0.0,0.0,0.0,0.0,0.0,0.0,1.0,5.0,2.0,0.0,0.0,1.0,3.0,3.0,0.0,0.0,0.0,0.0,0.0,0.0,0.0,0.0,0.0,0.0,0.0,0.0,0.0,0.0,0.0,1.0,0.0,0.0,0.0,0.0,1.0,0.0,0.0,0.0,0.0,0.0,0.0,0.0,1.0,4.0,1.0,3812042449.0,-1.0,长春市榆树市,长春市榆树市保寿镇,8.0,13.2,0.0,1.0,22.2,37.45357142857143,51.43423423423423,46.871929824561406
吉林省,长春市,榆树市,新庄镇,126.7613805,45.0273807,0.0,0.0,1.0,2.0,30.0,0.0,0.0,0.0,0.0,0.0,0.0,0.0,0.0,0.0,0.0,0.0,0.0,0.0,0.0,0.0,9.0,0.0,3.0,0.0,0.0,1.0,1.0,0.0,0.0,0.0,0.0,0.0,0.0,1.0,4.0,2.0,0.0,0.0,1.0,2.0,12.0,0.0,0.0,0.0,0.0,0.0,0.0,0.0,0.0,0.0,0.0,0.0,0.0,0.0,0.0,0.0,2.0,0.0,1.0,0.0,0.0,1.0,0.0,0.0,0.0,0.0,0.0,0.0,0.0,1.0,4.0,2.0,6434032601.0,-1.0,长春市榆树市,长春市榆树市新庄镇,8.0,18.6,0.0,1.1,27.700000000000003,37.45357142857143,51.43423423423423,46.871929824561406
吉林省,长春市,榆树市,育民乡,126.548299,45.1631161,0.0,0.0,4.0,6.0,2.0,0.0,0.0,0.0,0.0,0.0,0.0,0.0,0.0,0.0,0.0,0.0,0.0,0.0,0.0,0.0,1.0,0.0,0.0,0.0,0.0,1.0,0.0,0.0,0.0,0.0,0.0,0.0,0.0,1.0,3.0,2.0,0.0,0.0,2.0,3.0,2.0,0.0,0.0,0.0,0.0,0.0,0.0,0.0,0.0,0.0,0.0,0.0,0.0,0.0,0.0,0.0,1.0,0.0,0.0,0.0,0.0,1.0,0.0,0.0,0.0,0.0,0.0,0.0,0.0,1.0,3.0,1.0,6434032604.0,-1.0,长春市榆树市,长春市榆树市育民乡,8.0,12.5,0.0,1.0,21.5,37.45357142857143,51.43423423423423,46.871929824561406
吉林省,长春市,榆树市,红星乡,126.4124662,45.1303782,0.0,0.0,1.0,1.0,26.0,0.0,0.0,0.0,0.0,0.0,0.0,0.0,0.0,0.0,0.0,0.0,0.0,0.0,0.0,0.0,0.0,0.0,2.0,0.0,0.0,1.0,1.0,0.0,0.0,0.0,0.0,0.0,0.0,1.0,4.0,1.0,0.0,0.0,1.0,1.0,26.0,0.0,0.0,0.0,0.0,0.0,0.0,0.0,0.0,0.0,0.0,0.0,0.0,0.0,0.0,0.0,0.0,0.0,1.0,0.0,0.0,1.0,0.0,0.0,0.0,0.0,0.0,0.0,0.0,1.0,4.0,1.0,6434032590.0,-1.0,长春市榆树市,长春市榆树市红星乡,8.0,21.0,0.0,0.6,29.6,37.45357142857143,51.43423423423423,46.871929824561406
吉林省,长春市,榆树市,太安乡,126.4943829,45.0147569,0.0,0.0,1.0,5.0,21.0,0.0,0.0,0.0,0.0,0.0,0.0,0.0,0.0,0.0,0.0,0.0,0.0,0.0,0.0,0.0,0.0,0.0,1.0,0.0,0.0,1.0,0.0,0.0,0.0,0.0,0.0,0.0,0.0,1.0,4.0,1.0,0.0,0.0,1.0,2.0,11.0,0.0,0.0,0.0,0.0,0.0,0.0,0.0,0.0,0.0,0.0,0.0,0.0,0.0,0.0,0.0,0.0,0.0,1.0,0.0,0.0,1.0,0.0,0.0,0.0,0.0,0.0,0.0,0.0,1.0,4.0,1.0,6434032598.0,-1.0,长春市榆树市,长春市榆树市太安乡,8.0,19.5,0.0,0.5,28.0,37.45357142857143,51.43423423423423,46.871929824561406
吉林省,长春市,榆树市,先峰乡,126.2564372,44.8585829,0.0,0.0,3.0,2.0,36.0,0.0,0.0,0.0,0.0,0.0,0.0,0.0,0.0,0.0,0.0,0.0,0.0,0.0,0.0,0.0,5.0,0.0,0.0,0.0,0.0,3.0,0.0,0.0,0.0,0.0,0.0,0.0,0.0,1.0,4.0,2.0,0.0,0.0,3.0,2.0,22.0,0.0,0.0,0.0,0.0,0.0,0.0,0.0,0.0,0.0,0.0,0.0,0.0,0.0,0.0,0.0,1.0,0.0,0.0,0.0,0.0,2.0,0.0,0.0,0.0,0.0,0.0,0.0,0.0,1.0,4.0,1.0,6434032599.0,-1.0,长春市榆树市,长春市榆树市先峰乡,10.0,22.0,0.0,1.0,33.0,37.45357142857143,51.43423423423423,46.871929824561406
吉林省,长春市,榆树市,青山乡,126.8985577,45.0868789,0.0,0.0,0.0,3.0,9.0,0.0,0.0,0.0,0.0,0.0,0.0,0.0,0.0,0.0,0.0,0.0,0.0,0.0,0.0,0.0,17.0,0.0,0.0,0.0,0.0,10.0,0.0,0.0,0.0,0.0,0.0,0.0,0.0,1.0,2.0,1.0,0.0,0.0,0.0,2.0,4.0,0.0,0.0,0.0,0.0,0.0,0.0,0.0,0.0,0.0,0.0,0.0,0.0,0.0,0.0,0.0,2.0,0.0,0.0,0.0,0.0,4.0,0.0,0.0,0.0,0.0,0.0,0.0,0.0,1.0,2.0,1.0,6434032596.0,-1.0,长春市榆树市,长春市榆树市青山乡,12.0,7.0,0.0,0.5,19.5,37.45357142857143,51.43423423423423,46.871929824561406
吉林省,长春市,榆树市,延和朝鲜族乡,126.9209173,45.1163022,0.0,0.0,0.0,1.0,7.0,0.0,0.0,0.0,0.0,0.0,0.0,0.0,0.0,0.0,0.0,0.0,0.0,0.0,0.0,0.0,11.0,0.0,0.0,0.0,0.0,12.0,0.0,0.0,0.0,0.0,0.0,0.0,0.0,7.0,2.0,4.0,0.0,0.0,0.0,0.0,4.0,0.0,0.0,0.0,0.0,0.0,0.0,0.0,0.0,0.0,0.0,0.0,0.0,0.0,0.0,0.0,2.0,0.0,0.0,0.0,0.0,6.0,0.0,0.0,0.0,0.0,0.0,0.0,0.0,1.0,1.0,2.0,6434032602.0,-1.0,长春市榆树市,长春市榆树市延和朝鲜族乡,12.0,4.6,0.0,2.0,18.6,37.45357142857143,51.43423423423423,46.871929824561406
吉林省,长春市,榆树市,恩育乡,126.4148537,44.9251476,1.0,0.0,0.0,8.0,7.0,0.0,0.0,0.0,0.0,0.0,0.0,0.0,0.0,0.0,0.0,0.0,0.0,0.0,0.0,0.0,0.0,0.0,2.0,0.0,0.0,1.0,1.0,0.0,0.0,0.0,0.0,0.0,0.0,2.0,3.0,3.0,1.0,0.0,0.0,5.0,0.0,0.0,0.0,0.0,0.0,0.0,0.0,0.0,0.0,0.0,0.0,0.0,0.0,0.0,0.0,0.0,0.0,0.0,2.0,0.0,0.0,1.0,1.0,0.0,0.0,0.0,0.0,0.0,0.0,2.0,2.0,3.0,6434032589.0,-1.0,长春市榆树市,长春市榆树市恩育乡,8.0,12.9,0.0,1.7,22.599999999999998,37.45357142857143,51.43423423423423,46.871929824561406
吉林省,长春市,榆树市,城发乡,126.6835421,44.8499109,3.0,0.0,0.0,5.0,11.0,0.0,0.0,0.0,0.0,0.0,0.0,0.0,0.0,0.0,0.0,0.0,0.0,0.0,0.0,0.0,1.0,0.0,1.0,0.0,0.0,1.0,0.0,0.0,0.0,0.0,0.0,0.0,0.0,1.0,4.0,3.0,1.0,0.0,0.0,2.0,9.0,0.0,0.0,0.0,0.0,0.0,0.0,0.0,0.0,0.0,0.0,0.0,0.0,0.0,0.0,0.0,1.0,0.0,1.0,0.0,0.0,1.0,0.0,0.0,0.0,0.0,0.0,0.0,0.0,1.0,4.0,2.0,6434032587.0,-1.0,长春市榆树市,长春市榆树市城发乡,8.0,16.9,0.0,1.5,26.4,37.45357142857143,51.43423423423423,46.871929824561406
吉林省,长春市,榆树市,环城乡,126.5836372,44.8020427,7.0,11.0,9.0,9.0,108.0,5.0,0.0,0.0,0.0,3.0,0.0,1.0,0.0,0.0,4.0,4.0,0.0,0.0,0.0,0.0,8.0,0.0,2.0,0.0,1.0,3.0,17.0,0.0,0.0,1.0,0.0,2.0,0.0,5.0,8.0,11.0,0.0,1.0,0.0,1.0,10.0,1.0,0.0,0.0,0.0,0.0,0.0,0.0,0.0,0.0,0.0,0.0,0.0,0.0,0.0,0.0,0.0,0.0,0.0,0.0,0.0,1.0,0.0,0.0,0.0,1.0,0.0,0.0,0.0,2.0,5.0,2.0,6434032592.0,9523862.0,长春市榆树市,长春市榆树市环城乡,18.0,26.0,5.0,5.9,54.9,37.45357142857143,51.43423423423423,46.871929824561406
吉林省,长春市,德惠市,胜利街道,125.7169575,44.5375509,3.0,5.0,18.0,42.0,165.0,16.0,0.0,26.0,3.0,1.0,0.0,0.0,1.0,1.0,4.0,4.0,0.0,0.0,0.0,1.0,4.0,0.0,9.0,0.0,0.0,4.0,140.0,0.0,1.0,2.0,0.0,16.0,1.0,7.0,12.0,7.0,0.0,0.0,9.0,6.0,34.0,1.0,0.0,7.0,3.0,1.0,0.0,0.0,0.0,0.0,1.0,1.0,0.0,0.0,0.0,0.0,1.0,0.0,1.0,0.0,0.0,1.0,47.0,0.0,1.0,1.0,0.0,4.0,1.0,3.0,8.0,4.0,6429030069.0,9518225.0,长春市德惠市,长春市德惠市胜利街道,19.0,28.0,5.0,19.5,71.5,35.88333333333333,51.43423423423423,46.871929824561406
吉林省,长春市,德惠市,建设街道,125.6809922,44.5351466,0.0,8.0,20.0,46.0,191.0,17.0,0.0,79.0,7.0,5.0,1.0,0.0,2.0,2.0,5.0,6.0,0.0,0.0,0.0,1.0,8.0,0.0,7.0,0.0,0.0,3.0,165.0,0.0,1.0,3.0,0.0,24.0,3.0,8.0,15.0,7.0,0.0,0.0,8.0,14.0,34.0,13.0,0.0,52.0,0.0,1.0,1.0,0.0,2.0,2.0,2.0,2.0,0.0,0.0,0.0,0.0,1.0,0.0,0.0,0.0,0.0,1.0,28.0,0.0,0.0,3.0,0.0,8.0,2.0,2.0,5.0,4.0,6431047013.0,-1.0,长春市德惠市,长春市德惠市建设街道,10.0,30.0,10.0,19.5,69.5,35.88333333333333,51.43423423423423,46.871929824561406
吉林省,长春市,德惠市,惠发街道,125.7106353,44.5171143,4.0,4.0,20.0,47.0,183.0,14.0,0.0,34.0,3.0,1.0,0.0,0.0,0.0,0.0,4.0,5.0,0.0,0.0,0.0,1.0,9.0,0.0,9.0,0.0,0.0,6.0,184.0,0.0,1.0,1.0,0.0,20.0,1.0,6.0,13.0,8.0,0.0,0.0,4.0,12.0,36.0,1.0,0.0,9.0,0.0,0.0,0.0,0.0,0.0,0.0,1.0,1.0,0.0,0.0,0.0,0.0,2.0,0.0,2.0,0.0,0.0,1.0,18.0,0.0,0.0,0.0,0.0,2.0,0.0,3.0,8.0,4.0,6431047012.0,-1.0,长春市德惠市,长春市德惠市惠发街道,12.0,28.0,5.0,20.0,65.0,35.88333333333333,51.43423423423423,46.871929824561406
吉林省,长春市,德惠市,夏家店街道,125.8374448,44.536432,0.0,2.0,2.0,1.0,13.0,0.0,0.0,0.0,0.0,0.0,0.0,0.0,0.0,0.0,0.0,0.0,0.0,0.0,0.0,0.0,4.0,0.0,0.0,0.0,0.0,4.0,37.0,0.0,0.0,0.0,0.0,0.0,0.0,1.0,5.0,1.0,0.0,1.0,2.0,0.0,9.0,0.0,0.0,0.0,0.0,0.0,0.0,0.0,0.0,0.0,0.0,0.0,0.0,0.0,0.0,0.0,1.0,0.0,0.0,0.0,0.0,2.0,10.0,0.0,0.0,0.0,0.0,0.0,0.0,1.0,4.0,1.0,6431047017.0,-1.0,长春市德惠市,长春市德惠市夏家店街道,11.0,13.8,0.0,5.2,30.0,35.88333333333333,51.43423423423423,46.871929824561406
吉林省,长春市,德惠市,大青嘴镇,125.8352907,44.4212888,0.0,0.0,5.0,5.0,16.0,0.0,0.0,0.0,0.0,0.0,0.0,0.0,0.0,0.0,2.0,2.0,0.0,0.0,0.0,0.0,8.0,0.0,0.0,0.0,0.0,6.0,8.0,0.0,0.0,0.0,0.0,0.0,0.0,2.0,4.0,2.0,0.0,0.0,1.0,2.0,13.0,0.0,0.0,0.0,0.0,0.0,0.0,0.0,0.0,0.0,2.0,2.0,0.0,0.0,0.0,0.0,2.0,0.0,0.0,0.0,0.0,2.0,4.0,0.0,0.0,0.0,0.0,0.0,0.0,1.0,3.0,1.0,6431047010.0,-1.0,长春市德惠市,长春市德惠市大青嘴镇,12.0,19.1,5.0,2.2,38.300000000000004,35.88333333333333,51.43423423423423,46.871929824561406
吉林省,长春市,德惠市,郭家镇,125.4560043,44.4773228,0.0,1.0,1.0,0.0,32.0,0.0,0.0,0.0,0.0,0.0,0.0,0.0,0.0,0.0,0.0,0.0,0.0,0.0,0.0,0.0,1.0,0.0,0.0,0.0,0.0,1.0,0.0,0.0,0.0,0.0,0.0,0.0,0.0,2.0,5.0,1.0,0.0,1.0,0.0,0.0,24.0,0.0,0.0,0.0,0.0,0.0,0.0,0.0,0.0,0.0,0.0,0.0,0.0,0.0,0.0,0.0,1.0,0.0,0.0,0.0,0.0,1.0,0.0,0.0,0.0,0.0,0.0,0.0,0.0,1.0,2.0,1.0,6431047011.0,-1.0,长春市德惠市,长春市德惠市郭家镇,8.0,21.1,0.0,0.5,29.6,35.88333333333333,51.43423423423423,46.871929824561406
吉林省,长春市,德惠市,松花江镇,125.9482036,44.6875176,1.0,0.0,0.0,0.0,24.0,0.0,0.0,0.0,0.0,0.0,0.0,0.0,0.0,0.0,0.0,0.0,0.0,0.0,0.0,0.0,0.0,0.0,0.0,0.0,0.0,1.0,21.0,0.0,0.0,0.0,0.0,0.0,0.0,1.0,3.0,2.0,1.0,0.0,0.0,0.0,8.0,0.0,0.0,0.0,0.0,0.0,0.0,0.0,0.0,0.0,0.0,0.0,0.0,0.0,0.0,0.0,0.0,0.0,0.0,0.0,0.0,1.0,1.0,0.0,0.0,0.0,0.0,0.0,0.0,1.0,3.0,0.0,6431047014.0,-1.0,长春市德惠市,长春市德惠市松花江镇,8.0,13.700000000000001,0.0,3.2,24.900000000000002,35.88333333333333,51.43423423423423,46.871929824561406
吉林省,长春市,德惠市,达家沟镇,125.8143647,44.6607382,0.0,0.0,8.0,5.0,46.0,1.0,0.0,0.0,2.0,0.0,0.0,0.0,0.0,0.0,0.0,0.0,0.0,0.0,0.0,0.0,4.0,0.0,1.0,0.0,0.0,1.0,49.0,0.0,0.0,0.0,0.0,1.0,0.0,2.0,5.0,3.0,0.0,0.0,4.0,4.0,44.0,1.0,0.0,0.0,2.0,0.0,0.0,0.0,0.0,0.0,0.0,0.0,0.0,0.0,0.0,0.0,2.0,0.0,1.0,0.0,0.0,1.0,47.0,0.0,0.0,0.0,0.0,1.0,0.0,2.0,4.0,3.0,6431047009.0,-1.0,长春市德惠市,长春市德惠市达家沟镇,8.0,24.5,0.0,11.100000000000001,43.6,35.88333333333333,51.43423423423423,46.871929824561406
吉林省,长春市,德惠市,大房身镇,125.9289998,44.5640054,0.0,0.0,1.0,1.0,13.0,0.0,0.0,0.0,0.0,0.0,0.0,0.0,0.0,0.0,0.0,0.0,0.0,0.0,0.0,0.0,0.0,0.0,1.0,0.0,0.0,1.0,57.0,0.0,0.0,0.0,0.0,0.0,0.0,1.0,4.0,1.0,0.0,0.0,0.0,1.0,4.0,0.0,0.0,0.0,0.0,0.0,0.0,0.0,0.0,0.0,0.0,0.0,0.0,0.0,0.0,0.0,0.0,0.0,0.0,0.0,0.0,1.0,15.0,0.0,0.0,0.0,0.0,0.0,0.0,1.0,3.0,0.0,6431047008.0,-1.0,长春市德惠市,长春市德惠市大房身镇,8.0,11.8,0.0,7.7,27.5,35.88333333333333,51.43423423423423,46.871929824561406
吉林省,长春市,德惠市,岔路口镇,126.1758034,44.6361842,0.0,1.0,5.0,1.0,9.0,0.0,0.0,0.0,0.0,0.0,0.0,0.0,0.0,0.0,0.0,0.0,0.0,0.0,0.0,0.0,0.0,0.0,0.0,0.0,0.0,1.0,22.0,0.0,0.0,0.0,0.0,0.0,0.0,1.0,5.0,0.0,0.0,1.0,3.0,1.0,4.0,0.0,0.0,0.0,0.0,0.0,0.0,0.0,0.0,0.0,0.0,0.0,0.0,0.0,0.0,0.0,0.0,0.0,0.0,0.0,0.0,1.0,16.0,0.0,0.0,0.0,0.0,0.0,0.0,1.0,5.0,0.0,3812042443.0,9519361.0,长春市德惠市,长春市德惠市岔路口镇,16.0,11.5,0.0,3.8000000000000003,31.3,35.88333333333333,51.43423423423423,46.871929824561406
吉林省,长春市,德惠市,朱城子镇,125.5652007,44.2867091,5.0,0.0,6.0,4.0,17.0,0.0,0.0,0.0,0.0,0.0,0.0,0.0,0.0,0.0,0.0,0.0,0.0,0.0,0.0,0.0,3.0,0.0,1.0,0.0,0.0,1.0,0.0,0.0,0.0,0.0,0.0,0.0,0.0,5.0,6.0,2.0,2.0,0.0,3.0,0.0,11.0,0.0,0.0,0.0,0.0,0.0,0.0,0.0,0.0,0.0,0.0,0.0,0.0,0.0,0.0,0.0,1.0,0.0,0.0,0.0,0.0,1.0,0.0,0.0,0.0,0.0,0.0,0.0,0.0,2.0,3.0,1.0,6431047018.0,-1.0,长春市德惠市,长春市德惠市朱城子镇,8.0,18.7,0.0,1.0,27.7,35.88333333333333,51.43423423423423,46.871929824561406
吉林省,长春市,德惠市,布海镇,125.7535299,44.3846801,0.0,1.0,0.0,3.0,9.0,0.0,0.0,0.0,0.0,0.0,0.0,0.0,0.0,0.0,0.0,0.0,0.0,0.0,0.0,0.0,1.0,0.0,0.0,0.0,0.0,3.0,0.0,0.0,0.0,0.0,0.0,0.0,0.0,5.0,6.0,1.0,0.0,1.0,0.0,2.0,9.0,0.0,0.0,0.0,0.0,0.0,0.0,0.0,0.0,0.0,0.0,0.0,0.0,0.0,0.0,0.0,1.0,0.0,0.0,0.0,0.0,1.0,0.0,0.0,0.0,0.0,0.0,0.0,0.0,1.0,3.0,1.0,6431047006.0,-1.0,长春市德惠市,长春市德惠市布海镇,10.0,15.5,0.0,0.5,26.0,35.88333333333333,51.43423423423423,46.871929824561406
吉林省,长春市,德惠市,天台镇,125.5631066,44.5891125,0.0,1.0,0.0,0.0,6.0,0.0,0.0,0.0,0.0,0.0,0.0,0.0,0.0,0.0,0.0,0.0,0.0,0.0,0.0,0.0,1.0,0.0,0.0,0.0,0.0,1.0,0.0,0.0,0.0,0.0,0.0,0.0,0.0,1.0,3.0,1.0,0.0,1.0,0.0,0.0,0.0,0.0,0.0,0.0,0.0,0.0,0.0,0.0,0.0,0.0,0.0,0.0,0.0,0.0,0.0,0.0,0.0,0.0,0.0,0.0,0.0,1.0,0.0,0.0,0.0,0.0,0.0,0.0,0.0,1.0,1.0,0.0,6431047015.0,-1.0,长春市德惠市,长春市德惠市天台镇,8.0,7.7,0.0,0.5,16.2,35.88333333333333,51.43423423423423,46.871929824561406
吉林省,长春市,德惠市,菜园子镇,125.8294915,44.7440885,0.0,0.0,1.0,14.0,11.0,0.0,0.0,0.0,0.0,0.0,1.0,0.0,0.0,0.0,0.0,0.0,0.0,0.0,0.0,0.0,6.0,0.0,0.0,0.0,0.0,1.0,1.0,0.0,0.0,0.0,0.0,0.0,0.0,4.0,9.0,2.0,0.0,0.0,1.0,6.0,4.0,0.0,0.0,0.0,0.0,0.0,0.0,0.0,0.0,0.0,0.0,0.0,0.0,0.0,0.0,0.0,1.0,0.0,0.0,0.0,0.0,1.0,0.0,0.0,0.0,0.0,0.0,0.0,0.0,4.0,5.0,1.0,6431047007.0,-1.0,长春市德惠市,长春市德惠市菜园子镇,8.0,19.4,0.0,1.1,28.5,35.88333333333333,51.43423423423423,46.871929824561406
吉林省,长春市,德惠市,同太乡,125.4731553,44.3885151,0.0,0.0,2.0,4.0,9.0,2.0,0.0,0.0,0.0,0.0,0.0,0.0,0.0,0.0,0.0,0.0,0.0,0.0,0.0,0.0,1.0,0.0,0.0,0.0,0.0,9.0,0.0,0.0,0.0,0.0,0.0,0.0,0.0,1.0,6.0,4.0,0.0,0.0,2.0,2.0,1.0,0.0,0.0,0.0,0.0,0.0,0.0,0.0,0.0,0.0,0.0,0.0,0.0,0.0,0.0,0.0,0.0,0.0,0.0,0.0,0.0,1.0,0.0,0.0,0.0,0.0,0.0,0.0,0.0,1.0,3.0,1.0,6431047016.0,-1.0,长春市德惠市,长春市德惠市同太乡,12.0,14.1,0.0,2.0,28.1,35.88333333333333,51.43423423423423,46.871929824561406
吉林省,长春市,德惠市,边岗乡,125.6816035,44.6241897,0.0,0.0,5.0,3.0,31.0,1.0,0.0,0.0,0.0,0.0,0.0,0.0,0.0,0.0,1.0,1.0,0.0,0.0,0.0,0.0,5.0,0.0,1.0,0.0,0.0,15.0,6.0,0.0,0.0,0.0,0.0,0.0,0.0,3.0,7.0,4.0,0.0,0.0,1.0,0.0,14.0,1.0,0.0,0.0,0.0,0.0,0.0,0.0,0.0,0.0,1.0,1.0,0.0,0.0,0.0,0.0,1.0,0.0,1.0,0.0,0.0,2.0,6.0,0.0,0.0,0.0,0.0,0.0,0.0,1.0,4.0,2.0,6431047005.0,-1.0,长春市德惠市,长春市德惠市边岗乡,12.0,21.9,5.0,3.2,42.1,35.88333333333333,51.43423423423423,46.871929824561406
吉林省,长春市,德惠市,五台乡,126.0927679,44.5078782,0.0,2.0,0.0,1.0,8.0,0.0,0.0,0.0,0.0,0.0,0.0,0.0,0.0,0.0,0.0,0.0,0.0,0.0,0.0,0.0,2.0,0.0,0.0,0.0,0.0,1.0,0.0,0.0,0.0,0.0,0.0,0.0,0.0,3.0,3.0,1.0,0.0,2.0,0.0,0.0,6.0,0.0,0.0,0.0,0.0,0.0,0.0,0.0,0.0,0.0,0.0,0.0,0.0,0.0,0.0,0.0,2.0,0.0,0.0,0.0,0.0,1.0,0.0,0.0,0.0,0.0,0.0,0.0,0.0,1.0,2.0,1.0,3812033288.0,9519362.0,长春市德惠市,长春市德惠市五台乡,16.0,10.9,0.0,0.5,27.4,35.88333333333333,51.43423423423423,46.871929824561406
吉林省,长春市,德惠市,朝阳乡,126.3100654,44.5751995,0.0,1.0,0.0,2.0,2.0,0.0,0.0,0.0,0.0,0.0,0.0,0.0,0.0,0.0,0.0,0.0,0.0,0.0,0.0,0.0,5.0,0.0,0.0,0.0,0.0,1.0,0.0,0.0,0.0,0.0,0.0,0.0,0.0,4.0,3.0,3.0,0.0,1.0,0.0,1.0,1.0,0.0,0.0,0.0,0.0,0.0,0.0,0.0,0.0,0.0,0.0,0.0,0.0,0.0,0.0,0.0,2.0,0.0,0.0,0.0,0.0,1.0,0.0,0.0,0.0,0.0,0.0,0.0,0.0,1.0,3.0,1.0,3812036606.0,-1.0,长春市德惠市,长春市德惠市朝阳乡,8.0,9.2,0.0,1.5,18.7,35.88333333333333,51.43423423423423,46.871929824561406
吉林省,长春市,公主岭市,河南街道,124.8123722,43.4988371,28.0,17.0,29.0,36.0,76.0,9.0,0.0,134.0,4.0,1.0,4.0,0.0,0.0,0.0,0.0,0.0,0.0,0.0,0.0,5.0,0.0,0.0,1.0,0.0,0.0,8.0,116.0,0.0,0.0,3.0,0.0,17.0,2.0,11.0,17.0,11.0,3.0,10.0,6.0,10.0,28.0,0.0,0.0,0.0,0.0,0.0,0.0,0.0,0.0,0.0,0.0,0.0,0.0,0.0,0.0,5.0,0.0,0.0,0.0,0.0,0.0,4.0,2.0,0.0,0.0,0.0,0.0,1.0,1.0,5.0,6.0,4.0,6402085726.0,-1.0,长春市公主岭市,长春市公主岭市河南街道,12.0,30.0,5.0,16.1,63.1,35.163333333333334,51.43423423423423,46.871929824561406
吉林省,长春市,公主岭市,河北街道,124.8063812,43.5044342,25.0,17.0,26.0,30.0,81.0,2.0,0.0,125.0,4.0,1.0,4.0,0.0,0.0,0.0,0.0,0.0,0.0,0.0,0.0,5.0,0.0,0.0,0.0,0.0,0.0,8.0,110.0,0.0,0.0,3.0,0.0,18.0,1.0,9.0,12.0,11.0,0.0,14.0,8.0,10.0,25.0,0.0,0.0,3.0,4.0,0.0,0.0,0.0,0.0,0.0,0.0,0.0,0.0,0.0,0.0,5.0,0.0,0.0,0.0,0.0,0.0,5.0,4.0,0.0,0.0,0.0,0.0,2.0,1.0,7.0,7.0,6.0,6402085724.0,-1.0,长春市公主岭市,长春市公主岭市河北街道,12.0,30.0,5.0,15.700000000000001,62.7,35.163333333333334,51.43423423423423,46.871929824561406
吉林省,长春市,公主岭市,东三街道,124.8170433,43.5046073,28.0,17.0,26.0,29.0,84.0,6.0,0.0,125.0,4.0,1.0,1.0,0.0,0.0,0.0,0.0,0.0,0.0,0.0,0.0,5.0,1.0,0.0,1.0,0.0,0.0,8.0,126.0,0.0,0.0,2.0,0.0,18.0,1.0,11.0,15.0,13.0,4.0,9.0,4.0,10.0,25.0,0.0,0.0,9.0,3.0,0.0,0.0,0.0,0.0,0.0,0.0,0.0,0.0,0.0,0.0,5.0,0.0,0.0,0.0,0.0,0.0,6.0,6.0,0.0,0.0,0.0,0.0,2.0,1.0,8.0,8.0,4.0,6402085721.0,9481571.0,长春市公主岭市,长春市公主岭市东三街道,20.0,30.0,5.0,17.4,72.4,35.163333333333334,51.43423423423423,46.871929824561406
吉林省,长春市,公主岭市,岭东街道,124.8299837,43.5089438,28.0,17.0,21.0,22.0,80.0,9.0,0.0,125.0,4.0,1.0,1.0,0.0,0.0,0.0,0.0,0.0,0.0,0.0,0.0,5.0,1.0,0.0,5.0,0.0,0.0,7.0,149.0,0.0,0.0,4.0,0.0,16.0,1.0,10.0,14.0,13.0,0.0,3.0,7.0,6.0,8.0,0.0,0.0,122.0,0.0,1.0,0.0,0.0,0.0,0.0,0.0,0.0,0.0,0.0,0.0,0.0,0.0,0.0,0.0,0.0,0.0,2.0,49.0,0.0,0.0,0.0,0.0,2.0,0.0,4.0,7.0,6.0,6402085728.0,9481572.0,长春市公主岭市,长春市公主岭市岭东街道,20.0,30.0,0.0,20.0,70.0,35.163333333333334,51.43423423423423,46.871929824561406
吉林省,长春市,公主岭市,铁北街道,124.8106108,43.5121192,21.0,17.0,22.0,23.0,90.0,2.0,0.0,125.0,4.0,1.0,1.0,0.0,0.0,0.0,0.0,0.0,0.0,0.0,0.0,5.0,1.0,0.0,1.0,0.0,0.0,8.0,115.0,0.0,0.0,0.0,0.0,17.0,1.0,9.0,11.0,13.0,0.0,5.0,1.0,10.0,23.0,0.0,0.0,3.0,4.0,0.0,0.0,0.0,0.0,0.0,0.0,0.0,0.0,0.0,0.0,5.0,0.0,0.0,0.0,0.0,0.0,3.0,8.0,0.0,0.0,0.0,0.0,10.0,1.0,5.0,7.0,5.0,6402085734.0,-1.0,长春市公主岭市,长春市公主岭市铁北街道,12.0,30.0,5.0,16.3,63.3,35.163333333333334,51.43423423423423,46.871929824561406
吉林省,长春市,公主岭市,岭西街道,124.7892419,43.4942472,10.0,15.0,23.0,34.0,50.0,3.0,0.0,12.0,4.0,0.0,3.0,0.0,0.0,0.0,0.0,0.0,0.0,0.0,0.0,5.0,0.0,0.0,0.0,0.0,0.0,6.0,29.0,0.0,0.0,3.0,0.0,6.0,2.0,8.0,13.0,7.0,0.0,0.0,12.0,5.0,11.0,2.0,0.0,0.0,0.0,0.0,0.0,0.0,0.0,0.0,0.0,0.0,0.0,0.0,0.0,0.0,0.0,0.0,0.0,0.0,0.0,1.0,6.0,0.0,0.0,0.0,0.0,2.0,0.0,2.0,6.0,2.0,6402085729.0,-1.0,长春市公主岭市,长春市公主岭市岭西街道,12.0,28.0,0.0,7.300000000000001,47.3,35.163333333333334,51.43423423423423,46.871929824561406
吉林省,长春市,公主岭市,刘房子街道,124.9,43.566667,6.0,0.0,2.0,8.0,16.0,0.0,0.0,0.0,0.0,0.0,0.0,0.0,0.0,0.0,0.0,0.0,0.0,0.0,0.0,0.0,3.0,0.0,0.0,0.0,0.0,1.0,1.0,0.0,0.0,3.0,0.0,0.0,0.0,4.0,6.0,2.0,0.0,0.0,0.0,4.0,0.0,0.0,0.0,0.0,0.0,0.0,0.0,0.0,0.0,0.0,0.0,0.0,0.0,0.0,0.0,0.0,1.0,0.0,0.0,0.0,0.0,1.0,0.0,0.0,0.0,3.0,0.0,0.0,0.0,2.0,1.0,1.0,6402085730.0,-1.0,长春市公主岭市,长春市公主岭市刘房子街道,8.0,16.2,0.0,1.7000000000000002,25.9,35.163333333333334,51.43423423423423,46.871929824561406
吉林省,长春市,公主岭市,南崴子街道,124.7365126,43.4579709,3.0,0.0,13.0,12.0,11.0,0.0,0.0,0.0,1.0,0.0,0.0,0.0,0.0,0.0,0.0,0.0,0.0,0.0,0.0,0.0,0.0,0.0,1.0,0.0,0.0,1.0,2.0,0.0,0.0,3.0,0.0,0.0,0.0,2.0,5.0,1.0,0.0,0.0,1.0,3.0,1.0,0.0,0.0,0.0,1.0,0.0,0.0,0.0,0.0,0.0,0.0,0.0,0.0,0.0,0.0,0.0,0.0,0.0,0.0,0.0,0.0,1.0,0.0,0.0,0.0,1.0,0.0,0.0,0.0,2.0,3.0,0.0,3810940760.0,-1.0,长春市公主岭市,长春市公主岭市南崴子街道,8.0,17.0,0.0,1.1,26.1,35.163333333333334,51.43423423423423,46.871929824561406
吉林省,长春市,公主岭市,环岭街道,124.8185129,43.5473078,5.0,2.0,8.0,0.0,38.0,0.0,0.0,0.0,0.0,0.0,0.0,0.0,0.0,0.0,0.0,0.0,0.0,0.0,0.0,0.0,0.0,0.0,0.0,0.0,0.0,1.0,42.0,0.0,0.0,0.0,0.0,1.0,0.0,1.0,5.0,3.0,3.0,0.0,3.0,0.0,8.0,0.0,0.0,0.0,0.0,0.0,0.0,0.0,0.0,0.0,0.0,0.0,0.0,0.0,0.0,0.0,0.0,0.0,0.0,0.0,0.0,1.0,4.0,0.0,0.0,0.0,0.0,0.0,0.0,1.0,4.0,1.0,6402085727.0,-1.0,长春市公主岭市,长春市公主岭市环岭街道,8.0,17.5,0.0,6.1000000000000005,31.6,35.163333333333334,51.43423423423423,46.871929824561406
吉林省,长春市,公主岭市,苇子沟街道,124.826725,43.502692,28.0,17.0,21.0,32.0,76.0,10.0,0.0,125.0,4.0,1.0,1.0,0.0,0.0,0.0,0.0,0.0,0.0,0.0,0.0,5.0,1.0,0.0,5.0,0.0,0.0,7.0,138.0,0.0,0.0,3.0,0.0,16.0,1.0,10.0,14.0,13.0,2.0,0.0,7.0,5.0,19.0,0.0,0.0,122.0,0.0,1.0,0.0,0.0,0.0,0.0,0.0,0.0,0.0,0.0,0.0,0.0,0.0,0.0,0.0,0.0,0.0,3.0,30.0,0.0,0.0,0.0,0.0,2.0,0.0,3.0,7.0,6.0,6402085735.0,-1.0,长春市公主岭市,长春市公主岭市苇子沟街道,12.0,30.0,0.0,20.0,62.0,35.163333333333334,51.43423423423423,46.871929824561406
吉林省,长春市,公主岭市,二十家子镇,124.789444,43.395,0.0,0.0,5.0,2.0,32.0,0.0,0.0,0.0,0.0,0.0,0.0,0.0,0.0,0.0,0.0,0.0,0.0,0.0,0.0,0.0,0.0,0.0,0.0,0.0,0.0,1.0,31.0,0.0,0.0,0.0,0.0,1.0,0.0,1.0,4.0,3.0,0.0,0.0,3.0,2.0,12.0,0.0,0.0,0.0,0.0,0.0,0.0,0.0,0.0,0.0,0.0,0.0,0.0,0.0,0.0,0.0,0.0,0.0,0.0,0.0,0.0,1.0,7.0,0.0,0.0,0.0,0.0,1.0,0.0,1.0,4.0,1.0,6402085722.0,-1.0,长春市公主岭市,长春市公主岭市二十家子镇,8.0,19.0,0.0,5.300000000000001,32.3,35.163333333333334,51.43423423423423,46.871929824561406
吉林省,长春市,公主岭市,黑林子镇,124.8639828,43.6897735,0.0,0.0,3.0,9.0,64.0,0.0,0.0,0.0,0.0,0.0,0.0,0.0,0.0,0.0,0.0,0.0,0.0,0.0,0.0,0.0,6.0,0.0,0.0,0.0,0.0,1.0,24.0,0.0,0.0,0.0,0.0,1.0,0.0,1.0,4.0,3.0,0.0,0.0,1.0,3.0,23.0,0.0,0.0,0.0,0.0,0.0,0.0,0.0,0.0,0.0,0.0,0.0,0.0,0.0,0.0,0.0,0.0,0.0,0.0,0.0,0.0,1.0,2.0,0.0,0.0,0.0,0.0,0.0,0.0,1.0,3.0,0.0,6402085725.0,-1.0,长春市公主岭市,长春市公主岭市黑林子镇,8.0,22.0,0.0,4.1,34.1,35.163333333333334,51.43423423423423,46.871929824561406
吉林省,长春市,公主岭市,陶家屯镇,125.000556,43.637778,2.0,0.0,1.0,20.0,39.0,2.0,0.0,0.0,1.0,0.0,2.0,0.0,0.0,0.0,0.0,0.0,0.0,0.0,0.0,0.0,7.0,0.0,0.0,0.0,0.0,1.0,0.0,0.0,0.0,1.0,0.0,0.0,0.0,4.0,8.0,2.0,0.0,0.0,0.0,2.0,5.0,0.0,0.0,0.0,0.0,0.0,0.0,0.0,0.0,0.0,0.0,0.0,0.0,0.0,0.0,0.0,0.0,0.0,0.0,0.0,0.0,1.0,0.0,0.0,0.0,0.0,0.0,0.0,0.0,1.0,3.0,0.0,6402085733.0,-1.0,长春市公主岭市,长春市公主岭市陶家屯镇,8.0,27.3,0.0,1.1,36.4,35.163333333333334,51.43423423423423,46.871929824561406
吉林省,长春市,公主岭市,范家屯镇,125.0728182,43.7104434,2.0,0.0,24.0,16.0,57.0,5.0,0.0,4.0,1.0,0.0,3.0,0.0,0.0,0.0,0.0,0.0,0.0,0.0,0.0,0.0,10.0,0.0,9.0,0.0,0.0,1.0,5.0,0.0,0.0,2.0,0.0,2.0,1.0,3.0,8.0,8.0,2.0,0.0,4.0,5.0,33.0,0.0,0.0,0.0,1.0,0.0,0.0,0.0,0.0,0.0,0.0,0.0,0.0,0.0,0.0,0.0,3.0,0.0,1.0,0.0,0.0,1.0,0.0,0.0,0.0,0.0,0.0,1.0,0.0,2.0,5.0,3.0,5271464235.0,-1.0,长春市公主岭市,长春市公主岭市范家屯镇,8.0,28.0,0.0,4.7,40.7,35.163333333333334,51.43423423423423,46.871929824561406
吉林省,长春市,公主岭市,响水镇,125.1682837,43.6630938,0.0,0.0,4.0,11.0,211.0,1.0,0.0,1.0,0.0,0.0,1.0,1.0,0.0,0.0,0.0,0.0,0.0,0.0,0.0,0.0,23.0,0.0,0.0,0.0,0.0,1.0,1.0,0.0,0.0,0.0,0.0,0.0,0.0,1.0,7.0,3.0,0.0,0.0,2.0,4.0,35.0,0.0,0.0,0.0,0.0,0.0,1.0,1.0,0.0,0.0,0.0,0.0,0.0,0.0,0.0,0.0,5.0,0.0,0.0,0.0,0.0,1.0,1.0,0.0,0.0,0.0,0.0,0.0,0.0,1.0,5.0,1.0,3812096651.0,-1.0,长春市公主岭市,长春市公主岭市响水镇,8.0,25.5,5.0,1.7,40.2,35.163333333333334,51.43423423423423,46.871929824561406
吉林省,长春市,公主岭市,大岭镇,124.9971957,43.8677627,0.0,1.0,2.0,19.0,59.0,0.0,0.0,0.0,0.0,0.0,0.0,0.0,0.0,0.0,0.0,0.0,0.0,0.0,0.0,0.0,7.0,0.0,1.0,0.0,0.0,1.0,4.0,0.0,0.0,0.0,0.0,1.0,0.0,2.0,10.0,4.0,0.0,1.0,1.0,7.0,26.0,0.0,0.0,0.0,0.0,0.0,0.0,0.0,0.0,0.0,0.0,0.0,0.0,0.0,0.0,0.0,0.0,0.0,1.0,0.0,0.0,1.0,4.0,0.0,0.0,0.0,0.0,1.0,0.0,2.0,8.0,2.0,3777783725.0,-1.0,长春市公主岭市,长春市公主岭市大岭镇,8.0,24.0,0.0,2.8,34.8,35.163333333333334,51.43423423423423,46.871929824561406
吉林省,长春市,公主岭市,怀德镇,124.7684099,43.8809183,0.0,2.0,7.0,5.0,12.0,0.0,0.0,0.0,0.0,0.0,0.0,0.0,0.0,0.0,0.0,0.0,0.0,0.0,0.0,0.0,1.0,0.0,0.0,0.0,0.0,1.0,0.0,0.0,0.0,0.0,0.0,0.0,0.0,1.0,6.0,1.0,0.0,2.0,4.0,5.0,4.0,0.0,0.0,0.0,0.0,0.0,0.0,0.0,0.0,0.0,0.0,0.0,0.0,0.0,0.0,0.0,0.0,0.0,0.0,0.0,0.0,1.0,0.0,0.0,0.0,0.0,0.0,0.0,0.0,1.0,5.0,0.0,3231036978.0,-1.0,长春市公主岭市,长春市公主岭市怀德镇,8.0,16.6,0.0,0.5,25.1,35.163333333333334,51.43423423423423,46.871929824561406
吉林省,长春市,公主岭市,双城堡镇,124.6758453,44.0804785,3.0,0.0,1.0,5.0,30.0,0.0,0.0,0.0,0.0,0.0,0.0,0.0,0.0,0.0,0.0,0.0,0.0,0.0,0.0,0.0,0.0,0.0,2.0,0.0,0.0,1.0,0.0,0.0,0.0,1.0,0.0,0.0,0.0,1.0,5.0,1.0,3.0,0.0,1.0,3.0,27.0,0.0,0.0,0.0,0.0,0.0,0.0,0.0,0.0,0.0,0.0,0.0,0.0,0.0,0.0,0.0,0.0,0.0,0.0,0.0,0.0,1.0,0.0,0.0,0.0,1.0,0.0,0.0,0.0,1.0,4.0,0.0,6402085732.0,-1.0,长春市公主岭市,长春市公主岭市双城堡镇,8.0,22.5,0.0,0.7,31.2,35.163333333333334,51.43423423423423,46.871929824561406
吉林省,长春市,公主岭市,双龙镇,124.6108673,43.890733,1.0,0.0,1.0,0.0,4.0,0.0,0.0,0.0,0.0,0.0,0.0,0.0,0.0,0.0,0.0,0.0,0.0,0.0,0.0,0.0,0.0,0.0,0.0,0.0,0.0,1.0,0.0,0.0,0.0,0.0,0.0,0.0,0.0,1.0,4.0,0.0,1.0,0.0,1.0,0.0,0.0,0.0,0.0,0.0,0.0,0.0,0.0,0.0,0.0,0.0,0.0,0.0,0.0,0.0,0.0,0.0,0.0,0.0,0.0,0.0,0.0,1.0,0.0,0.0,0.0,0.0,0.0,0.0,0.0,1.0,2.0,0.0,3231037020.0,-1.0,长春市公主岭市,长春市公主岭市双龙镇,8.0,7.8,0.0,0.0,15.8,35.163333333333334,51.43423423423423,46.871929824561406
吉林省,长春市,公主岭市,杨大城子镇,124.4268463,43.9388368,0.0,0.0,4.0,4.0,17.0,1.0,0.0,0.0,0.0,0.0,0.0,0.0,0.0,0.0,0.0,0.0,0.0,0.0,0.0,0.0,0.0,0.0,0.0,0.0,0.0,1.0,20.0,0.0,0.0,0.0,1.0,1.0,0.0,1.0,5.0,1.0,0.0,0.0,2.0,4.0,7.0,0.0,0.0,0.0,0.0,0.0,0.0,0.0,0.0,0.0,0.0,0.0,0.0,0.0,0.0,0.0,0.0,0.0,0.0,0.0,0.0,1.0,6.0,0.0,0.0,0.0,0.0,1.0,0.0,1.0,4.0,1.0,3231020399.0,-1.0,长春市公主岭市,长春市公主岭市杨大城子镇,8.0,17.0,0.0,3.1,28.1,35.163333333333334,51.43423423423423,46.871929824561406
吉林省,长春市,公主岭市,毛城子镇,124.2917488,43.8745248,0.0,0.0,2.0,4.0,7.0,0.0,0.0,0.0,0.0,0.0,0.0,0.0,0.0,0.0,0.0,0.0,0.0,0.0,0.0,0.0,0.0,0.0,0.0,0.0,0.0,1.0,0.0,0.0,0.0,0.0,0.0,0.0,0.0,1.0,4.0,1.0,0.0,0.0,2.0,1.0,2.0,0.0,0.0,0.0,0.0,0.0,0.0,0.0,0.0,0.0,0.0,0.0,0.0,0.0,0.0,0.0,0.0,0.0,0.0,0.0,0.0,1.0,0.0,0.0,0.0,0.0,0.0,0.0,0.0,1.0,4.0,0.0,3231018057.0,-1.0,长春市公主岭市,长春市公主岭市毛城子镇,8.0,13.0,0.0,0.5,21.5,35.163333333333334,51.43423423423423,46.871929824561406
吉林省,长春市,公主岭市,玻璃城子镇,124.1626595,43.9236926,3.0,0.0,2.0,3.0,0.0,0.0,0.0,0.0,0.0,0.0,0.0,0.0,0.0,0.0,0.0,0.0,0.0,0.0,0.0,0.0,0.0,0.0,0.0,0.0,0.0,1.0,0.0,0.0,0.0,0.0,0.0,0.0,0.0,1.0,3.0,1.0,3.0,0.0,2.0,3.0,0.0,0.0,0.0,0.0,0.0,0.0,0.0,0.0,0.0,0.0,0.0,0.0,0.0,0.0,0.0,0.0,0.0,0.0,0.0,0.0,0.0,1.0,0.0,0.0,0.0,0.0,0.0,0.0,0.0,1.0,3.0,0.0,3231015773.0,-1.0,长春市公主岭市,长春市公主岭市玻璃城子镇,8.0,9.5,0.0,0.5,18.0,35.163333333333334,51.43423423423423,46.871929824561406
吉林省,长春市,公主岭市,朝阳坡镇,124.710756,43.5945681,1.0,0.0,0.0,2.0,1.0,0.0,0.0,0.0,0.0,0.0,0.0,0.0,0.0,0.0,0.0,0.0,0.0,0.0,0.0,0.0,0.0,0.0,0.0,0.0,0.0,1.0,0.0,0.0,0.0,0.0,0.0,0.0,0.0,6.0,4.0,1.0,1.0,0.0,0.0,1.0,0.0,0.0,0.0,0.0,0.0,0.0,0.0,0.0,0.0,0.0,0.0,0.0,0.0,0.0,0.0,0.0,0.0,0.0,0.0,0.0,0.0,1.0,0.0,0.0,0.0,0.0,0.0,0.0,0.0,1.0,3.0,0.0,3810941953.0,-1.0,长春市公主岭市,长春市公主岭市朝阳坡镇,8.0,9.2,0.0,0.5,17.7,35.163333333333334,51.43423423423423,46.871929824561406
吉林省,长春市,公主岭市,大榆树镇,124.6671802,43.7322264,1.0,0.0,1.0,4.0,2.0,0.0,0.0,0.0,0.0,0.0,0.0,0.0,0.0,0.0,0.0,0.0,0.0,0.0,0.0,0.0,0.0,0.0,0.0,0.0,0.0,1.0,0.0,0.0,0.0,0.0,0.0,0.0,0.0,1.0,4.0,0.0,1.0,0.0,1.0,3.0,0.0,0.0,0.0,0.0,0.0,0.0,0.0,0.0,0.0,0.0,0.0,0.0,0.0,0.0,0.0,0.0,0.0,0.0,0.0,0.0,0.0,1.0,0.0,0.0,0.0,0.0,0.0,0.0,0.0,1.0,3.0,0.0,3777827028.0,-1.0,长春市公主岭市,长春市公主岭市大榆树镇,8.0,11.4,0.0,0.0,19.4,35.163333333333334,51.43423423423423,46.871929824561406
吉林省,长春市,公主岭市,秦家屯镇,124.5921213,43.7971875,3.0,2.0,3.0,3.0,0.0,0.0,0.0,0.0,0.0,0.0,0.0,0.0,0.0,0.0,0.0,0.0,0.0,0.0,0.0,0.0,0.0,0.0,0.0,0.0,0.0,1.0,0.0,0.0,0.0,0.0,0.0,0.0,0.0,1.0,4.0,0.0,3.0,2.0,3.0,1.0,0.0,0.0,0.0,0.0,0.0,0.0,0.0,0.0,0.0,0.0,0.0,0.0,0.0,0.0,0.0,0.0,0.0,0.0,0.0,0.0,0.0,1.0,0.0,0.0,0.0,0.0,0.0,0.0,0.0,1.0,4.0,0.0,3777783723.0,-1.0,长春市公主岭市,长春市公主岭市秦家屯镇,8.0,10.0,0.0,0.0,18.0,35.163333333333334,51.43423423423423,46.871929824561406
吉林省,长春市,公主岭市,八屋镇,124.4000301,43.7995817,0.0,1.0,0.0,3.0,13.0,0.0,0.0,0.0,0.0,0.0,0.0,0.0,0.0,0.0,0.0,0.0,0.0,0.0,0.0,0.0,0.0,0.0,0.0,0.0,0.0,1.0,3.0,0.0,0.0,0.0,0.0,0.0,0.0,2.0,7.0,0.0,0.0,1.0,0.0,0.0,1.0,0.0,0.0,0.0,0.0,0.0,0.0,0.0,0.0,0.0,0.0,0.0,0.0,0.0,0.0,0.0,0.0,0.0,0.0,0.0,0.0,1.0,0.0,0.0,0.0,0.0,0.0,0.0,0.0,1.0,2.0,0.0,3777693219.0,-1.0,长春市公主岭市,长春市公主岭市八屋镇,8.0,14.4,0.0,0.30000000000000004,22.7,35.163333333333334,51.43423423423423,46.871929824561406
吉林省,长春市,公主岭市,十屋镇,124.2266092,43.7837515,0.0,1.0,6.0,0.0,1.0,0.0,0.0,0.0,0.0,0.0,0.0,0.0,0.0,0.0,0.0,0.0,0.0,0.0,0.0,0.0,7.0,0.0,0.0,0.0,0.0,1.0,0.0,0.0,0.0,0.0,0.0,1.0,0.0,2.0,4.0,3.0,0.0,1.0,3.0,0.0,0.0,0.0,0.0,0.0,0.0,0.0,0.0,0.0,0.0,0.0,0.0,0.0,0.0,0.0,0.0,0.0,1.0,0.0,0.0,0.0,0.0,1.0,0.0,0.0,0.0,0.0,0.0,1.0,0.0,2.0,3.0,3.0,3777693205.0,-1.0,长春市公主岭市,长春市公主岭市十屋镇,8.0,7.2,0.0,1.5,16.7,35.163333333333334,51.43423423423423,46.871929824561406
吉林省,长春市,公主岭市,桑树台镇,124.1601017,43.7501442,3.0,1.0,0.0,2.0,0.0,0.0,0.0,0.0,0.0,0.0,0.0,0.0,0.0,0.0,0.0,0.0,0.0,0.0,0.0,0.0,8.0,0.0,0.0,0.0,0.0,1.0,0.0,0.0,0.0,0.0,0.0,0.0,0.0,2.0,5.0,3.0,1.0,1.0,0.0,2.0,0.0,0.0,0.0,0.0,0.0,0.0,0.0,0.0,0.0,0.0,0.0,0.0,0.0,0.0,0.0,0.0,1.0,0.0,0.0,0.0,0.0,1.0,0.0,0.0,0.0,0.0,0.0,0.0,0.0,1.0,3.0,2.0,3231015775.0,-1.0,长春市公主岭市,长春市公主岭市桑树台镇,8.0,9.5,0.0,1.5,19.0,35.163333333333334,51.43423423423423,46.871929824561406
吉林省,长春市,公主岭市,龙山乡,124.803167,43.302724,0.0,0.0,3.0,3.0,29.0,0.0,0.0,0.0,0.0,0.0,0.0,0.0,0.0,0.0,1.0,1.0,0.0,0.0,0.0,0.0,0.0,0.0,0.0,0.0,0.0,1.0,23.0,0.0,0.0,0.0,0.0,1.0,0.0,1.0,4.0,1.0,0.0,0.0,1.0,0.0,7.0,0.0,0.0,0.0,0.0,0.0,0.0,0.0,0.0,0.0,1.0,1.0,0.0,0.0,0.0,0.0,0.0,0.0,0.0,0.0,0.0,1.0,4.0,0.0,0.0,0.0,0.0,1.0,0.0,1.0,3.0,1.0,6402085731.0,-1.0,长春市公主岭市,长春市公主岭市龙山乡,8.0,17.9,5.0,3.2,34.1,35.163333333333334,51.43423423423423,46.871929824561406
吉林省,长春市,公主岭市,永发乡,124.8951151,43.8276868,0.0,0.0,1.0,4.0,26.0,0.0,0.0,0.0,0.0,0.0,0.0,0.0,0.0,0.0,0.0,0.0,0.0,0.0,0.0,0.0,11.0,0.0,0.0,0.0,0.0,1.0,0.0,0.0,0.0,0.0,0.0,0.0,0.0,1.0,4.0,1.0,0.0,0.0,1.0,0.0,0.0,0.0,0.0,0.0,0.0,0.0,0.0,0.0,0.0,0.0,0.0,0.0,0.0,0.0,0.0,0.0,0.0,0.0,0.0,0.0,0.0,1.0,0.0,0.0,0.0,0.0,0.0,0.0,0.0,1.0,1.0,0.0,6402085736.0,-1.0,长春市公主岭市,长春市公主岭市永发乡,8.0,16.2,0.0,0.5,24.7,35.163333333333334,51.43423423423423,46.871929824561406
吉林省,吉林市,昌邑区,兴华街道,126.5625963,43.8837847,26.0,51.0,53.0,50.0,111.0,36.0,5.0,32.0,54.0,0.0,0.0,4.0,2.0,2.0,6.0,6.0,0.0,0.0,0.0,2.0,10.0,1.0,5.0,0.0,0.0,13.0,171.0,0.0,0.0,18.0,6.0,12.0,0.0,24.0,16.0,11.0,1.0,7.0,18.0,8.0,10.0,10.0,5.0,11.0,10.0,0.0,0.0,0.0,0.0,0.0,1.0,1.0,0.0,0.0,0.0,1.0,0.0,0.0,0.0,0.0,0.0,2.0,34.0,0.0,0.0,1.0,0.0,0.0,0.0,10.0,11.0,2.0,6421518306.0,9509808.0,吉林市昌邑区,吉林市昌邑区兴华街道,20.0,26.0,11.0,20.0,77.0,65.15882352941176,50.14895104895105,46.871929824561406
吉林省,吉林市,昌邑区,文庙街道,126.565356,43.8406585,23.0,91.0,143.0,87.0,215.0,186.0,6.0,214.0,193.0,4.0,3.0,7.0,3.0,4.0,7.0,11.0,1.0,1.0,2.0,21.0,39.0,7.0,0.0,0.0,0.0,19.0,675.0,0.0,2.0,7.0,27.0,19.0,6.0,32.0,21.0,13.0,7.0,30.0,22.0,23.0,55.0,25.0,3.0,45.0,59.0,1.0,0.0,3.0,2.0,2.0,1.0,1.0,1.0,0.0,0.0,3.0,2.0,1.0,0.0,0.0,0.0,4.0,56.0,0.0,1.0,0.0,13.0,3.0,3.0,15.0,16.0,7.0,6421518304.0,9509806.0,吉林市昌邑区,吉林市昌邑区文庙街道,20.0,30.0,23.0,20.0,93.0,65.15882352941176,50.14895104895105,46.871929824561406
吉林省,吉林市,昌邑区,东局子街道,126.5857994,43.8426156,13.0,68.0,108.0,76.0,151.0,85.0,6.0,125.0,155.0,1.0,0.0,4.0,3.0,4.0,4.0,6.0,1.0,0.0,0.0,9.0,9.0,2.0,0.0,0.0,0.0,17.0,271.0,0.0,2.0,4.0,19.0,10.0,5.0,28.0,21.0,9.0,4.0,9.0,12.0,19.0,24.0,13.0,1.0,10.0,30.0,0.0,0.0,0.0,0.0,0.0,1.0,2.0,1.0,0.0,0.0,0.0,1.0,0.0,0.0,0.0,0.0,1.0,4.0,0.0,1.0,1.0,2.0,3.0,0.0,10.0,13.0,5.0,6421518298.0,9509800.0,吉林市昌邑区,吉林市昌邑区东局子街道,20.0,28.0,15.0,20.0,83.0,65.15882352941176,50.14895104895105,46.871929824561406
吉林省,吉林市,昌邑区,新地号街道,126.579133,43.8534244,20.0,80.0,104.0,75.0,175.0,93.0,6.0,108.0,158.0,1.0,0.0,4.0,3.0,4.0,6.0,8.0,1.0,1.0,1.0,18.0,10.0,2.0,0.0,0.0,0.0,17.0,190.0,0.0,2.0,3.0,19.0,11.0,3.0,32.0,20.0,10.0,6.0,6.0,41.0,23.0,37.0,21.0,1.0,29.0,44.0,0.0,0.0,0.0,0.0,0.0,1.0,2.0,1.0,0.0,0.0,3.0,9.0,1.0,0.0,0.0,0.0,2.0,105.0,0.0,1.0,1.0,3.0,1.0,0.0,12.0,17.0,6.0,6421518305.0,9509807.0,吉林市昌邑区,吉林市昌邑区新地号街道,20.0,28.0,18.0,20.0,86.0,65.15882352941176,50.14895104895105,46.871929824561406
吉林省,吉林市,昌邑区,延安街道,126.5812427,43.8651657,35.0,53.0,100.0,65.0,153.0,68.0,6.0,71.0,111.0,1.0,0.0,2.0,1.0,2.0,7.0,8.0,1.0,0.0,0.0,7.0,9.0,2.0,0.0,0.0,0.0,15.0,208.0,0.0,2.0,15.0,9.0,9.0,2.0,30.0,20.0,11.0,6.0,6.0,15.0,15.0,22.0,4.0,0.0,6.0,22.0,0.0,0.0,0.0,0.0,0.0,0.0,0.0,0.0,0.0,0.0,0.0,5.0,1.0,0.0,0.0,0.0,1.0,100.0,0.0,0.0,2.0,0.0,0.0,0.0,16.0,10.0,5.0,6421518308.0,9509810.0,吉林市昌邑区,吉林市昌邑区延安街道,20.0,28.0,5.0,20.0,73.0,65.15882352941176,50.14895104895105,46.871929824561406
吉林省,吉林市,昌邑区,站前街道,126.5689654,43.8554168,24.0,77.0,103.0,74.0,199.0,123.0,8.0,131.0,171.0,2.0,0.0,6.0,3.0,4.0,7.0,9.0,1.0,1.0,2.0,18.0,11.0,2.0,0.0,0.0,0.0,18.0,210.0,0.0,2.0,4.0,24.0,10.0,3.0,33.0,21.0,11.0,3.0,15.0,55.0,16.0,44.0,23.0,0.0,25.0,40.0,0.0,0.0,0.0,1.0,2.0,1.0,1.0,0.0,0.0,0.0,4.0,8.0,1.0,0.0,0.0,0.0,4.0,32.0,0.0,0.0,2.0,2.0,0.0,0.0,15.0,17.0,5.0,6421518310.0,9509812.0,吉林市昌邑区,吉林市昌邑区站前街道,20.0,28.0,19.0,20.0,87.0,65.15882352941176,50.14895104895105,46.871929824561406
吉林省,吉林市,昌邑区,民主街道,126.5628087,43.8618935,26.0,71.0,100.0,77.0,215.0,117.0,9.0,120.0,170.0,2.0,0.0,4.0,4.0,5.0,10.0,12.0,1.0,1.0,1.0,19.0,15.0,2.0,2.0,0.0,0.0,18.0,251.0,0.0,2.0,4.0,21.0,9.0,3.0,31.0,21.0,14.0,0.0,23.0,30.0,15.0,30.0,19.0,2.0,23.0,32.0,0.0,0.0,0.0,1.0,1.0,1.0,1.0,0.0,0.0,0.0,4.0,3.0,1.0,0.0,0.0,0.0,2.0,11.0,0.0,0.0,2.0,2.0,0.0,0.0,13.0,15.0,5.0,6421518301.0,9509803.0,吉林市昌邑区,吉林市昌邑区民主街道,20.0,28.0,19.0,20.0,87.0,65.15882352941176,50.14895104895105,46.871929824561406
吉林省,吉林市,昌邑区,莲花街道,126.5565112,43.8700795,19.0,62.0,95.0,52.0,167.0,75.0,5.0,64.0,91.0,0.0,0.0,2.0,2.0,3.0,7.0,7.0,0.0,0.0,0.0,8.0,14.0,2.0,3.0,1.0,0.0,16.0,211.0,0.0,1.0,6.0,7.0,5.0,2.0,33.0,21.0,15.0,0.0,11.0,8.0,11.0,18.0,2.0,2.0,0.0,0.0,0.0,0.0,0.0,0.0,0.0,1.0,1.0,0.0,0.0,0.0,0.0,0.0,0.0,0.0,0.0,0.0,1.0,3.0,0.0,0.0,0.0,0.0,1.0,0.0,10.0,11.0,3.0,6421518300.0,9509802.0,吉林市昌邑区,吉林市昌邑区莲花街道,20.0,26.0,10.0,20.0,76.0,65.15882352941176,50.14895104895105,46.871929824561406
吉林省,吉林市,昌邑区,通江街道,126.5771824,43.8790699,32.0,58.0,93.0,55.0,113.0,88.0,5.0,47.0,82.0,0.0,0.0,4.0,1.0,1.0,5.0,7.0,0.0,0.0,0.0,7.0,17.0,1.0,5.0,3.0,0.0,15.0,195.0,0.0,0.0,26.0,8.0,6.0,0.0,35.0,19.0,13.0,13.0,11.0,6.0,7.0,25.0,9.0,5.0,12.0,12.0,0.0,0.0,0.0,0.0,0.0,2.0,2.0,0.0,0.0,0.0,0.0,0.0,0.0,0.0,0.0,0.0,3.0,62.0,0.0,0.0,1.0,0.0,1.0,0.0,7.0,11.0,2.0,6421518303.0,9509805.0,吉林市昌邑区,吉林市昌邑区通江街道,20.0,26.0,10.0,20.0,76.0,65.15882352941176,50.14895104895105,46.871929824561406
吉林省,吉林市,昌邑区,哈达湾街道,126.5364857,43.8834879,1.0,55.0,39.0,35.0,81.0,22.0,5.0,25.0,16.0,0.0,0.0,3.0,1.0,1.0,4.0,4.0,0.0,0.0,0.0,3.0,10.0,0.0,3.0,1.0,0.0,8.0,54.0,0.0,0.0,6.0,4.0,9.0,1.0,22.0,15.0,14.0,0.0,8.0,4.0,3.0,15.0,2.0,0.0,1.0,0.0,0.0,0.0,0.0,0.0,0.0,1.0,1.0,0.0,0.0,0.0,0.0,2.0,0.0,1.0,0.0,0.0,1.0,1.0,0.0,0.0,0.0,0.0,0.0,0.0,5.0,8.0,4.0,6421518299.0,9509801.0,吉林市昌邑区,吉林市昌邑区哈达湾街道,20.0,26.0,10.0,10.100000000000001,66.1,65.15882352941176,50.14895104895105,46.871929824561406
吉林省,吉林市,昌邑区,新建街道,126.5251835,43.9002517,8.0,22.0,27.0,30.0,52.0,19.0,0.0,16.0,8.0,0.0,0.0,3.0,1.0,1.0,2.0,2.0,0.0,0.0,0.0,0.0,9.0,0.0,9.0,0.0,0.0,8.0,87.0,0.0,0.0,12.0,4.0,7.0,0.0,19.0,13.0,10.0,0.0,2.0,0.0,3.0,1.0,2.0,0.0,1.0,0.0,0.0,0.0,0.0,0.0,0.0,0.0,0.0,0.0,0.0,0.0,0.0,0.0,0.0,0.0,0.0,0.0,1.0,0.0,0.0,0.0,0.0,0.0,0.0,0.0,10.0,5.0,4.0,6421518307.0,9509809.0,吉林市昌邑区,吉林市昌邑区新建街道,20.0,26.0,5.0,13.9,64.9,65.15882352941176,50.14895104895105,46.871929824561406
吉林省,吉林市,昌邑区,延江街道,126.5873871,43.8777103,31.0,31.0,82.0,60.0,101.0,136.0,6.0,47.0,84.0,0.0,0.0,4.0,2.0,2.0,9.0,12.0,0.0,0.0,0.0,7.0,31.0,1.0,7.0,3.0,0.0,15.0,197.0,0.0,0.0,26.0,14.0,6.0,0.0,31.0,20.0,11.0,16.0,14.0,3.0,5.0,19.0,9.0,0.0,4.0,2.0,0.0,0.0,0.0,0.0,0.0,2.0,2.0,0.0,0.0,0.0,0.0,0.0,0.0,0.0,0.0,0.0,2.0,14.0,0.0,0.0,2.0,0.0,2.0,0.0,9.0,8.0,3.0,6421518309.0,9509811.0,吉林市昌邑区,吉林市昌邑区延江街道,20.0,26.0,10.0,20.0,76.0,65.15882352941176,50.14895104895105,46.871929824561406
吉林省,吉林市,昌邑区,孤店子镇,126.37162,43.98528,0.0,0.0,0.0,20.0,30.0,30.0,0.0,0.0,0.0,3.0,1.0,0.0,0.0,0.0,2.0,2.0,0.0,0.0,0.0,1.0,7.0,1.0,4.0,0.0,0.0,9.0,57.0,0.0,0.0,14.0,0.0,8.0,3.0,8.0,6.0,12.0,0.0,0.0,0.0,7.0,9.0,0.0,0.0,0.0,0.0,0.0,1.0,0.0,0.0,0.0,0.0,0.0,0.0,0.0,0.0,0.0,2.0,0.0,1.0,0.0,0.0,2.0,2.0,0.0,0.0,0.0,0.0,0.0,0.0,3.0,4.0,5.0,3962856620.0,-1.0,吉林市昌邑区,吉林市昌邑区孤店子镇,12.0,20.7,0.0,11.3,44.0,65.15882352941176,50.14895104895105,46.871929824561406
吉林省,吉林市,昌邑区,桦皮厂镇,126.2235839,43.9830965,0.0,7.0,14.0,3.0,16.0,0.0,0.0,5.0,2.0,0.0,0.0,0.0,0.0,0.0,0.0,0.0,0.0,0.0,0.0,0.0,1.0,0.0,1.0,0.0,0.0,14.0,1.0,0.0,0.0,0.0,0.0,0.0,0.0,3.0,7.0,3.0,0.0,0.0,9.0,3.0,12.0,0.0,0.0,0.0,0.0,0.0,0.0,0.0,0.0,0.0,0.0,0.0,0.0,0.0,0.0,0.0,1.0,0.0,0.0,0.0,0.0,3.0,0.0,0.0,0.0,0.0,0.0,0.0,0.0,1.0,4.0,2.0,2344688158.0,-1.0,吉林市昌邑区,吉林市昌邑区桦皮厂镇,12.0,20.3,0.0,1.6,33.9,65.15882352941176,50.14895104895105,46.871929824561406
吉林省,吉林市,昌邑区,左家镇,126.1409703,44.0219867,0.0,2.0,1.0,4.0,2.0,0.0,0.0,0.0,0.0,0.0,0.0,0.0,0.0,0.0,0.0,0.0,0.0,0.0,0.0,0.0,0.0,0.0,0.0,0.0,0.0,13.0,1.0,0.0,0.0,2.0,0.0,0.0,0.0,3.0,5.0,2.0,0.0,0.0,0.0,1.0,0.0,0.0,0.0,0.0,0.0,0.0,0.0,0.0,0.0,0.0,0.0,0.0,0.0,0.0,0.0,0.0,0.0,0.0,0.0,0.0,0.0,3.0,1.0,0.0,0.0,0.0,0.0,0.0,0.0,2.0,2.0,1.0,3962861090.0,-1.0,吉林市昌邑区,吉林市昌邑区左家镇,12.0,11.9,0.0,1.4,25.299999999999997,65.15882352941176,50.14895104895105,46.871929824561406
吉林省,吉林市,昌邑区,两家子满族乡,126.27024,44.13372,0.0,0.0,1.0,1.0,2.0,0.0,0.0,0.0,0.0,0.0,0.0,0.0,0.0,0.0,0.0,0.0,0.0,0.0,0.0,0.0,1.0,0.0,0.0,0.0,0.0,11.0,0.0,0.0,0.0,0.0,0.0,0.0,0.0,5.0,3.0,2.0,0.0,0.0,1.0,1.0,0.0,0.0,0.0,0.0,0.0,0.0,0.0,0.0,0.0,0.0,0.0,0.0,0.0,0.0,0.0,0.0,0.0,0.0,0.0,0.0,0.0,1.0,0.0,0.0,0.0,0.0,0.0,0.0,0.0,1.0,2.0,0.0,3962856365.0,-1.0,吉林市昌邑区,吉林市昌邑区两家子满族乡,12.0,7.9,0.0,1.0,20.9,65.15882352941176,50.14895104895105,46.871929824561406
吉林省,吉林市,昌邑区,土城子满族朝鲜族乡,126.40576,44.08764,0.0,3.0,0.0,8.0,103.0,0.0,0.0,0.0,2.0,0.0,0.0,0.0,0.0,0.0,0.0,0.0,0.0,0.0,0.0,2.0,0.0,0.0,0.0,0.0,0.0,13.0,0.0,0.0,0.0,1.0,0.0,0.0,3.0,4.0,6.0,3.0,0.0,1.0,0.0,3.0,34.0,0.0,0.0,0.0,0.0,0.0,0.0,0.0,0.0,0.0,0.0,0.0,0.0,0.0,0.0,0.0,0.0,0.0,0.0,0.0,0.0,1.0,0.0,0.0,0.0,0.0,0.0,0.0,0.0,1.0,4.0,1.0,3962856543.0,-1.0,吉林市昌邑区,吉林市昌邑区土城子满族朝鲜族乡,12.0,25.0,0.0,1.6,38.6,65.15882352941176,50.14895104895105,46.871929824561406
吉林省,吉林市,龙潭区,龙华街道,126.5601546,43.9098319,23.0,20.0,37.0,62.0,61.0,37.0,3.0,31.0,76.0,0.0,0.0,7.0,1.0,1.0,1.0,3.0,0.0,0.0,0.0,1.0,8.0,0.0,11.0,0.0,0.0,11.0,184.0,0.0,0.0,17.0,8.0,11.0,0.0,22.0,16.0,6.0,14.0,2.0,11.0,11.0,24.0,19.0,0.0,10.0,28.0,0.0,0.0,2.0,1.0,1.0,1.0,1.0,0.0,0.0,0.0,0.0,2.0,0.0,2.0,0.0,0.0,3.0,40.0,0.0,0.0,1.0,3.0,9.0,0.0,9.0,9.0,5.0,6421767234.0,9510122.0,吉林市龙潭区,吉林市龙潭区龙华街道,20.0,26.0,15.0,19.0,80.0,59.93684210526315,50.14895104895105,46.871929824561406
吉林省,吉林市,龙潭区,湘潭街道,126.5459667,43.9040664,18.0,20.0,42.0,59.0,66.0,35.0,3.0,29.0,68.0,0.0,0.0,6.0,1.0,1.0,1.0,3.0,0.0,0.0,0.0,1.0,10.0,0.0,13.0,0.0,0.0,10.0,161.0,0.0,0.0,15.0,7.0,11.0,0.0,21.0,16.0,10.0,6.0,4.0,11.0,7.0,17.0,9.0,0.0,14.0,2.0,0.0,0.0,2.0,1.0,1.0,1.0,1.0,0.0,0.0,0.0,0.0,7.0,0.0,2.0,0.0,0.0,2.0,28.0,0.0,0.0,1.0,3.0,7.0,0.0,7.0,11.0,5.0,6421767240.0,9510126.0,吉林市龙潭区,吉林市龙潭区湘潭街道,20.0,26.0,15.0,20.0,81.0,59.93684210526315,50.14895104895105,46.871929824561406
吉林省,吉林市,龙潭区,铁东街道,126.6251769,43.8874815,24.0,10.0,24.0,21.0,40.0,118.0,0.0,1.0,15.0,0.0,0.0,4.0,1.0,1.0,5.0,8.0,0.0,0.0,0.0,3.0,25.0,0.0,4.0,3.0,0.0,12.0,14.0,0.0,0.0,27.0,12.0,4.0,0.0,18.0,11.0,12.0,5.0,0.0,2.0,11.0,19.0,51.0,0.0,0.0,7.0,0.0,0.0,3.0,1.0,1.0,4.0,4.0,0.0,0.0,0.0,0.0,10.0,0.0,1.0,0.0,0.0,4.0,3.0,0.0,0.0,4.0,8.0,1.0,0.0,7.0,5.0,4.0,6421767239.0,17600286.0,吉林市龙潭区,吉林市龙潭区铁东街道,20.0,26.0,15.0,8.8,69.8,59.93684210526315,50.14895104895105,46.871929824561406
吉林省,吉林市,龙潭区,泡子沿街道,126.5399763,43.9119675,18.0,20.0,29.0,61.0,58.0,33.0,0.0,20.0,66.0,0.0,0.0,6.0,1.0,1.0,1.0,3.0,0.0,0.0,0.0,0.0,8.0,0.0,11.0,0.0,0.0,10.0,193.0,0.0,0.0,16.0,7.0,11.0,0.0,20.0,15.0,8.0,6.0,2.0,6.0,7.0,7.0,1.0,0.0,0.0,0.0,0.0,0.0,1.0,1.0,1.0,0.0,0.0,0.0,0.0,0.0,0.0,7.0,0.0,4.0,0.0,0.0,1.0,46.0,0.0,0.0,1.0,2.0,1.0,0.0,9.0,6.0,5.0,6421767237.0,9510124.0,吉林市龙潭区,吉林市龙潭区泡子沿街道,20.0,26.0,10.0,20.0,76.0,59.93684210526315,50.14895104895105,46.871929824561406
吉林省,吉林市,龙潭区,龙潭街道,126.5848421,43.8936037,28.0,27.0,49.0,51.0,80.0,125.0,5.0,27.0,50.0,0.0,0.0,5.0,1.0,1.0,9.0,12.0,0.0,0.0,0.0,3.0,24.0,0.0,6.0,3.0,0.0,11.0,150.0,0.0,0.0,30.0,13.0,13.0,0.0,27.0,16.0,10.0,11.0,2.0,4.0,6.0,2.0,0.0,1.0,5.0,0.0,0.0,0.0,1.0,0.0,0.0,0.0,0.0,0.0,0.0,0.0,0.0,0.0,0.0,4.0,0.0,0.0,1.0,9.0,0.0,0.0,8.0,1.0,0.0,0.0,9.0,8.0,3.0,6421767235.0,9510123.0,吉林市龙潭区,吉林市龙潭区龙潭街道,20.0,26.0,5.0,20.0,71.0,59.93684210526315,50.14895104895105,46.871929824561406
吉林省,吉林市,龙潭区,新吉林街道,126.5680366,43.9153452,21.0,10.0,29.0,52.0,53.0,27.0,0.0,18.0,72.0,0.0,0.0,7.0,1.0,1.0,1.0,3.0,0.0,0.0,0.0,0.0,8.0,0.0,11.0,0.0,0.0,10.0,201.0,0.0,0.0,21.0,8.0,11.0,0.0,18.0,13.0,7.0,0.0,0.0,6.0,22.0,18.0,13.0,0.0,4.0,28.0,0.0,0.0,2.0,0.0,0.0,0.0,1.0,0.0,0.0,0.0,0.0,1.0,0.0,0.0,0.0,0.0,2.0,49.0,0.0,0.0,0.0,2.0,1.0,0.0,6.0,7.0,2.0,6421767242.0,9510128.0,吉林市龙潭区,吉林市龙潭区新吉林街道,20.0,26.0,5.0,19.5,70.5,59.93684210526315,50.14895104895105,46.871929824561406
吉林省,吉林市,龙潭区,山前街道,126.5641499,43.9274233,24.0,2.0,18.0,52.0,51.0,34.0,0.0,15.0,64.0,0.0,0.0,5.0,1.0,1.0,1.0,3.0,0.0,0.0,0.0,0.0,8.0,0.0,11.0,0.0,0.0,9.0,241.0,0.0,0.0,4.0,6.0,11.0,0.0,15.0,14.0,7.0,0.0,0.0,6.0,17.0,13.0,6.0,0.0,0.0,26.0,0.0,0.0,1.0,0.0,0.0,0.0,2.0,0.0,0.0,0.0,0.0,1.0,0.0,0.0,0.0,0.0,1.0,8.0,0.0,0.0,0.0,1.0,2.0,0.0,4.0,6.0,2.0,6421767238.0,9510125.0,吉林市龙潭区,吉林市龙潭区山前街道,20.0,26.0,5.0,19.5,70.5,59.93684210526315,50.14895104895105,46.871929824561406
吉林省,吉林市,龙潭区,新安街道,126.5651262,43.8959053,32.0,34.0,50.0,55.0,85.0,44.0,5.0,35.0,61.0,0.0,0.0,6.0,1.0,1.0,5.0,7.0,0.0,0.0,0.0,1.0,10.0,0.0,10.0,0.0,0.0,13.0,203.0,0.0,0.0,24.0,7.0,12.0,0.0,23.0,16.0,8.0,3.0,0.0,9.0,4.0,9.0,0.0,2.0,4.0,10.0,0.0,0.0,1.0,0.0,0.0,1.0,1.0,0.0,0.0,0.0,0.0,0.0,0.0,1.0,0.0,0.0,1.0,3.0,0.0,0.0,5.0,1.0,4.0,0.0,10.0,9.0,4.0,6421767241.0,9510127.0,吉林市龙潭区,吉林市龙潭区新安街道,20.0,26.0,10.0,20.0,76.0,59.93684210526315,50.14895104895105,46.871929824561406
吉林省,吉林市,龙潭区,遵义街道,126.6254393,43.8872002,24.0,10.0,24.0,21.0,40.0,118.0,0.0,1.0,15.0,0.0,0.0,4.0,1.0,1.0,5.0,8.0,0.0,0.0,0.0,3.0,25.0,0.0,4.0,3.0,0.0,12.0,14.0,0.0,0.0,26.0,12.0,4.0,0.0,18.0,11.0,12.0,5.0,0.0,2.0,11.0,19.0,50.0,0.0,0.0,7.0,0.0,0.0,3.0,1.0,1.0,3.0,3.0,0.0,0.0,0.0,0.0,10.0,0.0,1.0,0.0,0.0,4.0,3.0,0.0,0.0,4.0,7.0,1.0,0.0,7.0,5.0,4.0,6421767244.0,9510130.0,吉林市龙潭区,吉林市龙潭区遵义街道,20.0,26.0,15.0,8.7,69.7,59.93684210526315,50.14895104895105,46.871929824561406
吉林省,吉林市,龙潭区,榆树街道,126.6046415,43.8627577,24.0,25.0,63.0,51.0,84.0,92.0,1.0,39.0,58.0,0.0,0.0,2.0,0.0,0.0,6.0,9.0,0.0,0.0,0.0,5.0,21.0,1.0,1.0,2.0,0.0,12.0,121.0,0.0,1.0,21.0,9.0,5.0,0.0,25.0,18.0,11.0,0.0,6.0,2.0,1.0,3.0,0.0,0.0,0.0,0.0,0.0,0.0,1.0,0.0,0.0,0.0,0.0,0.0,0.0,0.0,0.0,0.0,0.0,0.0,0.0,0.0,2.0,1.0,0.0,0.0,0.0,1.0,1.0,0.0,9.0,5.0,4.0,6421767243.0,9510129.0,吉林市龙潭区,吉林市龙潭区榆树街道,20.0,26.0,5.0,18.3,69.3,59.93684210526315,50.14895104895105,46.871929824561406
吉林省,吉林市,龙潭区,东城街道,126.6339242,43.8903514,22.0,2.0,21.0,21.0,38.0,118.0,0.0,1.0,13.0,0.0,0.0,4.0,1.0,1.0,5.0,8.0,0.0,0.0,0.0,3.0,25.0,0.0,4.0,3.0,0.0,15.0,12.0,0.0,0.0,22.0,12.0,4.0,0.0,15.0,11.0,12.0,7.0,0.0,2.0,3.0,3.0,12.0,0.0,0.0,1.0,0.0,0.0,3.0,1.0,1.0,0.0,0.0,0.0,0.0,0.0,0.0,0.0,0.0,0.0,0.0,0.0,4.0,3.0,0.0,0.0,0.0,4.0,0.0,0.0,7.0,5.0,1.0,6421767232.0,9510121.0,吉林市龙潭区,吉林市龙潭区东城街道,20.0,24.5,10.0,7.7,62.2,59.93684210526315,50.14895104895105,46.871929824561406
吉林省,吉林市,龙潭区,承德街道,126.6055772,43.8890019,36.0,18.0,35.0,32.0,62.0,118.0,3.0,18.0,21.0,0.0,0.0,6.0,1.0,1.0,7.0,10.0,0.0,0.0,0.0,2.0,25.0,0.0,7.0,3.0,0.0,13.0,87.0,0.0,0.0,28.0,14.0,6.0,0.0,24.0,14.0,10.0,7.0,0.0,24.0,8.0,18.0,72.0,0.0,1.0,7.0,0.0,0.0,1.0,1.0,1.0,5.0,8.0,0.0,0.0,0.0,2.0,22.0,0.0,1.0,3.0,0.0,2.0,5.0,0.0,0.0,12.0,9.0,3.0,0.0,8.0,7.0,6.0,6421767231.0,9510120.0,吉林市龙潭区,吉林市龙潭区承德街道,20.0,26.0,17.0,17.200000000000003,80.2,59.93684210526315,50.14895104895105,46.871929824561406
吉林省,吉林市,龙潭区,靠山街道,126.5343108,43.977732,11.0,4.0,0.0,4.0,39.0,4.0,0.0,0.0,0.0,0.0,0.0,1.0,0.0,0.0,0.0,0.0,0.0,0.0,0.0,0.0,0.0,0.0,1.0,0.0,0.0,11.0,39.0,0.0,0.0,4.0,1.0,0.0,0.0,5.0,6.0,4.0,0.0,0.0,0.0,0.0,4.0,1.0,0.0,0.0,0.0,0.0,0.0,1.0,0.0,0.0,0.0,0.0,0.0,0.0,0.0,0.0,0.0,0.0,0.0,0.0,0.0,2.0,1.0,0.0,0.0,0.0,1.0,0.0,0.0,1.0,2.0,1.0,6421767233.0,-1.0,吉林市龙潭区,吉林市龙潭区靠山街道,12.0,21.0,5.0,6.4,44.4,59.93684210526315,50.14895104895105,46.871929824561406
吉林省,吉林市,龙潭区,乌拉街镇,126.46612,44.08808,0.0,0.0,2.0,3.0,56.0,0.0,0.0,0.0,0.0,0.0,0.0,0.0,0.0,0.0,0.0,0.0,0.0,0.0,0.0,0.0,0.0,0.0,0.0,0.0,0.0,7.0,0.0,0.0,0.0,0.0,0.0,0.0,0.0,1.0,4.0,1.0,0.0,0.0,1.0,2.0,11.0,0.0,0.0,0.0,0.0,0.0,0.0,0.0,0.0,0.0,0.0,0.0,0.0,0.0,0.0,0.0,0.0,0.0,0.0,0.0,0.0,1.0,0.0,0.0,0.0,0.0,0.0,0.0,0.0,1.0,3.0,0.0,3962856370.0,-1.0,吉林市龙潭区,吉林市龙潭区乌拉街镇,12.0,22.0,0.0,0.5,34.5,59.93684210526315,50.14895104895105,46.871929824561406
吉林省,吉林市,龙潭区,缸窑镇,126.6762979,44.2235745,0.0,6.0,1.0,6.0,155.0,1.0,0.0,0.0,0.0,0.0,0.0,0.0,0.0,0.0,0.0,0.0,0.0,0.0,0.0,0.0,0.0,0.0,0.0,0.0,0.0,11.0,0.0,0.0,0.0,0.0,0.0,0.0,0.0,4.0,6.0,3.0,0.0,2.0,1.0,3.0,72.0,0.0,0.0,0.0,0.0,0.0,0.0,0.0,0.0,0.0,0.0,0.0,0.0,0.0,0.0,0.0,0.0,0.0,0.0,0.0,0.0,2.0,0.0,0.0,0.0,0.0,0.0,0.0,0.0,2.0,5.0,0.0,2332808241.0,-1.0,吉林市龙潭区,吉林市龙潭区缸窑镇,12.0,23.0,0.0,1.5,36.5,59.93684210526315,50.14895104895105,46.871929824561406
吉林省,吉林市,龙潭区,江密峰镇,126.74669,43.95434,3.0,0.0,3.0,3.0,6.0,0.0,0.0,0.0,1.0,0.0,0.0,0.0,0.0,0.0,0.0,0.0,0.0,0.0,0.0,0.0,0.0,0.0,0.0,0.0,0.0,6.0,0.0,0.0,0.0,0.0,0.0,0.0,0.0,3.0,5.0,5.0,1.0,0.0,0.0,0.0,4.0,0.0,0.0,0.0,1.0,0.0,0.0,0.0,0.0,0.0,0.0,0.0,0.0,0.0,0.0,0.0,0.0,0.0,0.0,0.0,0.0,1.0,0.0,0.0,0.0,0.0,0.0,0.0,0.0,2.0,2.0,3.0,2332775212.0,-1.0,吉林市龙潭区,吉林市龙潭区江密峰镇,12.0,14.9,0.0,2.5,29.4,59.93684210526315,50.14895104895105,46.871929824561406
吉林省,吉林市,龙潭区,大口钦镇,126.5788271,44.1475414,14.0,2.0,1.0,9.0,15.0,0.0,0.0,0.0,0.0,0.0,0.0,0.0,0.0,0.0,0.0,0.0,0.0,0.0,0.0,0.0,1.0,0.0,0.0,0.0,0.0,12.0,0.0,0.0,0.0,1.0,0.0,0.0,0.0,3.0,8.0,4.0,0.0,2.0,0.0,3.0,9.0,0.0,0.0,0.0,0.0,0.0,0.0,0.0,0.0,0.0,0.0,0.0,0.0,0.0,0.0,0.0,0.0,0.0,0.0,0.0,0.0,2.0,0.0,0.0,0.0,1.0,0.0,0.0,0.0,1.0,4.0,2.0,2289898617.0,-1.0,吉林市龙潭区,吉林市龙潭区大口钦镇,12.0,19.7,0.0,2.2,33.9,59.93684210526315,50.14895104895105,46.871929824561406
吉林省,吉林市,龙潭区,金珠镇,126.5492584,44.0264901,6.0,7.0,0.0,2.0,21.0,3.0,0.0,0.0,0.0,0.0,0.0,0.0,0.0,0.0,0.0,0.0,0.0,0.0,0.0,0.0,0.0,0.0,5.0,0.0,0.0,16.0,33.0,0.0,0.0,16.0,0.0,0.0,0.0,4.0,5.0,3.0,2.0,0.0,0.0,0.0,2.0,0.0,0.0,0.0,0.0,0.0,0.0,0.0,0.0,0.0,0.0,0.0,0.0,0.0,0.0,0.0,0.0,0.0,1.0,0.0,0.0,2.0,0.0,0.0,0.0,0.0,0.0,0.0,0.0,4.0,2.0,1.0,-1.0,-1.0,吉林市龙潭区,吉林市龙潭区金珠镇,5.0,14.3,0.0,6.4,25.700000000000003,59.93684210526315,50.14895104895105,46.871929824561406
吉林省,吉林市,龙潭区,江北乡,126.5480959,43.9558556,14.0,0.0,0.0,16.0,35.0,14.0,0.0,0.0,0.0,0.0,0.0,1.0,0.0,0.0,0.0,0.0,0.0,0.0,0.0,0.0,0.0,0.0,2.0,0.0,0.0,9.0,133.0,0.0,0.0,2.0,1.0,0.0,0.0,9.0,9.0,3.0,4.0,0.0,0.0,0.0,13.0,0.0,0.0,0.0,0.0,0.0,0.0,0.0,0.0,0.0,0.0,0.0,0.0,0.0,0.0,0.0,0.0,0.0,0.0,0.0,0.0,2.0,22.0,0.0,0.0,0.0,0.0,0.0,0.0,3.0,3.0,2.0,3962856840.0,-1.0,吉林市龙潭区,吉林市龙潭区江北乡,12.0,24.0,5.0,17.200000000000003,58.2,59.93684210526315,50.14895104895105,46.871929824561406
吉林省,吉林市,船营区,德胜街道,126.5302414,43.8380028,34.0,97.0,68.0,51.0,177.0,159.0,3.0,211.0,141.0,4.0,4.0,8.0,4.0,4.0,9.0,13.0,0.0,1.0,2.0,18.0,43.0,6.0,0.0,1.0,0.0,17.0,336.0,0.0,17.0,4.0,26.0,21.0,6.0,31.0,18.0,16.0,14.0,22.0,16.0,13.0,21.0,34.0,1.0,45.0,25.0,0.0,1.0,1.0,0.0,0.0,0.0,0.0,0.0,0.0,0.0,0.0,4.0,0.0,0.0,0.0,0.0,3.0,5.0,0.0,0.0,1.0,2.0,4.0,0.0,9.0,14.0,6.0,6419256795.0,9506024.0,吉林市船营区,吉林市船营区德胜街道,20.0,30.0,5.0,20.0,75.0,72.45333333333333,50.14895104895105,46.871929824561406
吉林省,吉林市,船营区,南京街道,126.5571711,43.8449395,25.0,109.0,127.0,83.0,217.0,195.0,6.0,236.0,197.0,4.0,3.0,7.0,4.0,5.0,8.0,11.0,1.0,1.0,2.0,21.0,40.0,7.0,0.0,0.0,0.0,21.0,493.0,0.0,2.0,7.0,28.0,19.0,6.0,34.0,21.0,16.0,7.0,30.0,16.0,19.0,66.0,37.0,2.0,61.0,50.0,1.0,0.0,3.0,2.0,2.0,2.0,2.0,0.0,1.0,1.0,13.0,3.0,1.0,0.0,0.0,0.0,6.0,59.0,0.0,1.0,0.0,14.0,2.0,2.0,12.0,16.0,6.0,6419256799.0,9506028.0,吉林市船营区,吉林市船营区南京街道,20.0,30.0,25.0,20.0,95.0,72.45333333333333,50.14895104895105,46.871929824561406
吉林省,吉林市,船营区,大东街道,126.5529191,43.8389123,25.0,108.0,143.0,76.0,220.0,200.0,4.0,227.0,198.0,4.0,4.0,8.0,5.0,6.0,9.0,12.0,1.0,1.0,2.0,21.0,45.0,7.0,0.0,0.0,0.0,19.0,691.0,0.0,2.0,7.0,28.0,21.0,6.0,34.0,21.0,16.0,11.0,31.0,17.0,22.0,50.0,51.0,3.0,87.0,51.0,2.0,0.0,5.0,2.0,2.0,1.0,1.0,0.0,1.0,2.0,12.0,1.0,1.0,0.0,0.0,0.0,5.0,59.0,0.0,1.0,1.0,13.0,5.0,1.0,15.0,17.0,8.0,6419256794.0,9506023.0,吉林市船营区,吉林市船营区大东街道,20.0,30.0,25.0,20.0,95.0,72.45333333333333,50.14895104895105,46.871929824561406
吉林省,吉林市,船营区,青岛街道,126.540491,43.846714,23.0,109.0,101.0,57.0,203.0,182.0,4.0,223.0,164.0,4.0,4.0,8.0,5.0,6.0,9.0,12.0,1.0,1.0,2.0,22.0,45.0,7.0,1.0,1.0,0.0,17.0,209.0,0.0,1.0,5.0,29.0,16.0,6.0,36.0,19.0,18.0,8.0,14.0,17.0,5.0,38.0,57.0,0.0,44.0,18.0,1.0,0.0,0.0,0.0,0.0,1.0,2.0,0.0,1.0,1.0,10.0,2.0,0.0,0.0,0.0,0.0,3.0,15.0,0.0,0.0,0.0,3.0,3.0,0.0,11.0,13.0,5.0,-1.0,9506029.0,吉林市船营区,吉林市船营区青岛街道,20.0,30.0,20.0,20.0,90.0,72.45333333333333,50.14895104895105,46.871929824561406
吉林省,吉林市,船营区,向阳街道,126.5526942,43.8478954,25.0,108.0,123.0,84.0,217.0,179.0,6.0,230.0,196.0,2.0,3.0,7.0,4.0,5.0,7.0,9.0,1.0,1.0,2.0,23.0,35.0,3.0,0.0,1.0,0.0,20.0,308.0,0.0,2.0,7.0,29.0,16.0,7.0,37.0,21.0,16.0,7.0,15.0,12.0,15.0,56.0,45.0,0.0,46.0,40.0,1.0,0.0,1.0,2.0,2.0,2.0,3.0,0.0,1.0,1.0,12.0,1.0,1.0,0.0,0.0,0.0,5.0,51.0,0.0,1.0,0.0,13.0,3.0,0.0,12.0,15.0,6.0,6419256802.0,9506030.0,吉林市船营区,吉林市船营区向阳街道,20.0,30.0,25.0,20.0,95.0,72.45333333333333,50.14895104895105,46.871929824561406
吉林省,吉林市,船营区,北极街道,126.5382883,43.8486365,23.0,114.0,94.0,57.0,198.0,162.0,5.0,223.0,153.0,2.0,4.0,8.0,5.0,6.0,9.0,10.0,0.0,1.0,2.0,22.0,29.0,4.0,1.0,1.0,0.0,17.0,142.0,0.0,1.0,4.0,27.0,16.0,6.0,36.0,19.0,17.0,6.0,16.0,18.0,6.0,30.0,47.0,0.0,25.0,8.0,0.0,0.0,0.0,0.0,0.0,1.0,2.0,0.0,0.0,0.0,1.0,1.0,0.0,0.0,0.0,0.0,1.0,22.0,0.0,0.0,0.0,3.0,3.0,0.0,11.0,12.0,6.0,6419256790.0,9506020.0,吉林市船营区,吉林市船营区北极街道,20.0,30.0,11.0,20.0,81.0,72.45333333333333,50.14895104895105,46.871929824561406
吉林省,吉林市,船营区,致和街道,126.5176519,43.8508248,18.0,73.0,38.0,26.0,113.0,98.0,1.0,103.0,64.0,1.0,2.0,4.0,2.0,2.0,5.0,7.0,0.0,1.0,2.0,13.0,8.0,0.0,1.0,1.0,0.0,11.0,31.0,0.0,0.0,2.0,9.0,10.0,1.0,27.0,19.0,14.0,0.0,7.0,2.0,6.0,14.0,10.0,0.0,0.0,0.0,0.0,0.0,0.0,1.0,1.0,0.0,0.0,0.0,0.0,0.0,1.0,0.0,0.0,0.0,1.0,0.0,1.0,10.0,0.0,0.0,0.0,1.0,2.0,0.0,5.0,6.0,5.0,6419256804.0,9506032.0,吉林市船营区,吉林市船营区致和街道,20.0,30.0,11.0,8.3,69.3,72.45333333333333,50.14895104895105,46.871929824561406
吉林省,吉林市,船营区,长春路街道,126.4924365,43.8218718,22.0,24.0,29.0,32.0,48.0,35.0,0.0,38.0,76.0,0.0,1.0,1.0,1.0,1.0,4.0,6.0,0.0,0.0,0.0,0.0,13.0,0.0,0.0,0.0,0.0,11.0,81.0,0.0,32.0,5.0,2.0,19.0,0.0,14.0,21.0,8.0,5.0,0.0,6.0,3.0,5.0,4.0,0.0,0.0,2.0,0.0,0.0,0.0,0.0,0.0,1.0,3.0,0.0,0.0,0.0,0.0,1.0,0.0,0.0,0.0,0.0,2.0,29.0,0.0,0.0,0.0,0.0,6.0,0.0,1.0,7.0,3.0,6419256792.0,9506022.0,吉林市船营区,吉林市船营区长春路街道,20.0,28.0,10.0,15.5,73.5,72.45333333333333,50.14895104895105,46.871929824561406
吉林省,吉林市,船营区,临江街道,126.5251014,43.8205397,36.0,81.0,80.0,46.0,129.0,144.0,1.0,177.0,118.0,3.0,4.0,5.0,1.0,1.0,8.0,16.0,0.0,1.0,2.0,14.0,53.0,6.0,0.0,0.0,0.0,13.0,555.0,0.0,32.0,5.0,13.0,29.0,3.0,23.0,20.0,15.0,17.0,23.0,12.0,2.0,22.0,1.0,0.0,13.0,48.0,0.0,1.0,1.0,1.0,1.0,2.0,2.0,0.0,0.0,0.0,0.0,10.0,0.0,0.0,0.0,0.0,1.0,2.0,0.0,0.0,0.0,2.0,3.0,0.0,10.0,14.0,8.0,6419256798.0,9506027.0,吉林市船营区,吉林市船营区临江街道,20.0,30.0,15.0,20.0,85.0,72.45333333333333,50.14895104895105,46.871929824561406
吉林省,吉林市,船营区,北山街道,126.516993,43.8292632,36.0,56.0,59.0,33.0,122.0,140.0,1.0,149.0,119.0,3.0,4.0,5.0,2.0,2.0,7.0,11.0,0.0,1.0,2.0,11.0,47.0,6.0,0.0,0.0,0.0,14.0,247.0,0.0,32.0,4.0,12.0,25.0,0.0,23.0,20.0,14.0,10.0,8.0,6.0,5.0,20.0,1.0,0.0,5.0,15.0,0.0,1.0,0.0,1.0,1.0,2.0,3.0,0.0,0.0,0.0,0.0,3.0,0.0,0.0,0.0,0.0,1.0,1.0,0.0,0.0,0.0,1.0,3.0,0.0,9.0,13.0,5.0,6419256791.0,9506021.0,吉林市船营区,吉林市船营区北山街道,20.0,30.0,15.0,20.0,85.0,72.45333333333333,50.14895104895105,46.871929824561406
吉林省,吉林市,船营区,黄旗街道,126.5129956,43.8129064,28.0,61.0,55.0,38.0,86.0,77.0,1.0,77.0,93.0,2.0,4.0,2.0,1.0,1.0,6.0,11.0,0.0,0.0,0.0,0.0,43.0,6.0,0.0,0.0,0.0,12.0,208.0,0.0,32.0,5.0,7.0,20.0,0.0,19.0,22.0,12.0,11.0,8.0,7.0,4.0,14.0,12.0,0.0,29.0,44.0,0.0,0.0,0.0,0.0,0.0,1.0,1.0,0.0,0.0,0.0,0.0,6.0,0.0,0.0,0.0,0.0,2.0,48.0,0.0,32.0,0.0,2.0,8.0,0.0,5.0,11.0,5.0,6419256796.0,9506025.0,吉林市船营区,吉林市船营区黄旗街道,20.0,30.0,10.0,20.0,80.0,72.45333333333333,50.14895104895105,46.871929824561406
吉林省,吉林市,船营区,大绥河镇,126.30811,43.86777,2.0,0.0,3.0,2.0,4.0,0.0,0.0,0.0,0.0,0.0,0.0,0.0,0.0,0.0,0.0,0.0,0.0,0.0,0.0,0.0,2.0,0.0,0.0,0.0,0.0,16.0,3.0,0.0,0.0,0.0,0.0,0.0,0.0,5.0,7.0,4.0,2.0,0.0,3.0,0.0,2.0,0.0,0.0,0.0,0.0,0.0,0.0,0.0,0.0,0.0,0.0,0.0,0.0,0.0,0.0,0.0,0.0,0.0,0.0,0.0,0.0,1.0,0.0,0.0,0.0,0.0,0.0,0.0,0.0,1.0,3.0,1.0,3962860444.0,17013970.0,吉林市船营区,吉林市船营区大绥河镇,20.0,11.9,0.0,2.3,34.199999999999996,72.45333333333333,50.14895104895105,46.871929824561406
吉林省,吉林市,船营区,搜登站镇,126.2244749,43.8382232,2.0,1.0,2.0,1.0,15.0,0.0,0.0,0.0,0.0,0.0,0.0,0.0,0.0,0.0,0.0,0.0,0.0,0.0,0.0,0.0,1.0,0.0,0.0,0.0,0.0,10.0,0.0,0.0,0.0,0.0,0.0,0.0,0.0,2.0,7.0,2.0,2.0,1.0,2.0,0.0,10.0,0.0,0.0,0.0,0.0,0.0,0.0,0.0,0.0,0.0,0.0,0.0,0.0,0.0,0.0,0.0,1.0,0.0,0.0,0.0,0.0,1.0,0.0,0.0,0.0,0.0,0.0,0.0,0.0,1.0,6.0,1.0,6419256801.0,17013969.0,吉林市船营区,吉林市船营区搜登站镇,20.0,15.5,0.0,1.0,36.5,72.45333333333333,50.14895104895105,46.871929824561406
吉林省,吉林市,船营区,越北镇,126.5159307,43.8718604,0.0,40.0,17.0,16.0,85.0,24.0,0.0,0.0,0.0,0.0,0.0,1.0,1.0,1.0,3.0,3.0,0.0,0.0,0.0,2.0,5.0,0.0,2.0,1.0,0.0,8.0,12.0,0.0,0.0,1.0,1.0,4.0,1.0,17.0,11.0,12.0,0.0,22.0,7.0,4.0,6.0,1.0,0.0,0.0,0.0,0.0,0.0,1.0,0.0,0.0,0.0,0.0,0.0,0.0,0.0,0.0,0.0,0.0,1.0,0.0,0.0,1.0,1.0,0.0,0.0,0.0,0.0,0.0,0.0,4.0,7.0,2.0,6419256803.0,9506031.0,吉林市船营区,吉林市船营区越北镇,20.0,24.0,5.0,5.4,54.4,72.45333333333333,50.14895104895105,46.871929824561406
吉林省,吉林市,船营区,欢喜乡,126.4436489,43.8128828,14.0,0.0,3.0,17.0,4.0,9.0,0.0,0.0,0.0,0.0,0.0,0.0,0.0,0.0,0.0,0.0,0.0,0.0,0.0,0.0,1.0,0.0,0.0,0.0,0.0,17.0,3.0,0.0,0.0,3.0,0.0,1.0,0.0,2.0,8.0,5.0,2.0,0.0,0.0,4.0,0.0,0.0,0.0,0.0,0.0,0.0,0.0,0.0,0.0,0.0,0.0,0.0,0.0,0.0,0.0,0.0,1.0,0.0,0.0,0.0,0.0,3.0,0.0,0.0,0.0,0.0,0.0,0.0,0.0,1.0,4.0,2.0,6419256797.0,9506026.0,吉林市船营区,吉林市船营区欢喜乡,20.0,14.8,0.0,3.1,37.9,72.45333333333333,50.14895104895105,46.871929824561406
吉林省,吉林市,丰满区,泰山街道,126.5499059,43.8278497,38.0,116.0,108.0,53.0,192.0,183.0,4.0,208.0,170.0,4.0,4.0,8.0,3.0,4.0,9.0,14.0,1.0,1.0,2.0,17.0,44.0,7.0,0.0,0.0,0.0,18.0,877.0,0.0,2.0,4.0,27.0,19.0,6.0,28.0,19.0,14.0,0.0,12.0,19.0,5.0,17.0,63.0,1.0,76.0,10.0,2.0,1.0,1.0,0.0,0.0,2.0,3.0,0.0,0.0,0.0,3.0,21.0,4.0,0.0,0.0,0.0,2.0,158.0,0.0,0.0,3.0,2.0,5.0,3.0,10.0,14.0,11.0,6420267832.0,9507557.0,吉林市丰满区,吉林市丰满区泰山街道,20.0,30.0,13.0,20.0,83.0,59.49090909090909,50.14895104895105,46.871929824561406
吉林省,吉林市,丰满区,江南街道,126.5672088,43.8255883,19.0,90.0,110.0,74.0,175.0,160.0,4.0,161.0,139.0,4.0,3.0,7.0,2.0,3.0,6.0,12.0,1.0,1.0,2.0,17.0,38.0,6.0,0.0,0.0,0.0,18.0,930.0,0.0,1.0,3.0,24.0,17.0,6.0,27.0,19.0,13.0,0.0,14.0,21.0,8.0,6.0,5.0,0.0,30.0,5.0,0.0,0.0,0.0,0.0,0.0,0.0,0.0,0.0,0.0,0.0,3.0,0.0,0.0,0.0,0.0,0.0,1.0,200.0,0.0,0.0,1.0,0.0,3.0,3.0,8.0,12.0,4.0,6420267829.0,9507555.0,吉林市丰满区,吉林市丰满区江南街道,20.0,30.0,8.0,20.0,78.0,59.49090909090909,50.14895104895105,46.871929824561406
吉林省,吉林市,丰满区,石井街道,126.6319956,43.7876315,0.0,2.0,24.0,9.0,32.0,7.0,0.0,0.0,0.0,0.0,0.0,0.0,0.0,0.0,1.0,1.0,0.0,0.0,0.0,0.0,0.0,0.0,1.0,0.0,0.0,12.0,203.0,0.0,0.0,1.0,0.0,1.0,0.0,5.0,11.0,4.0,0.0,0.0,3.0,0.0,2.0,1.0,0.0,0.0,0.0,0.0,0.0,0.0,0.0,0.0,0.0,0.0,0.0,0.0,0.0,0.0,0.0,0.0,0.0,0.0,0.0,1.0,0.0,0.0,0.0,1.0,0.0,0.0,0.0,2.0,5.0,1.0,6420267831.0,9507556.0,吉林市丰满区,吉林市丰满区石井街道,20.0,21.0,0.0,18.0,59.0,59.49090909090909,50.14895104895105,46.871929824561406
吉林省,吉林市,丰满区,沿丰街道,126.5877821,43.7938352,9.0,49.0,34.0,24.0,32.0,17.0,4.0,0.0,0.0,0.0,1.0,0.0,0.0,1.0,1.0,3.0,1.0,0.0,0.0,0.0,5.0,0.0,3.0,1.0,0.0,9.0,637.0,0.0,0.0,3.0,0.0,5.0,0.0,8.0,15.0,7.0,0.0,0.0,5.0,5.0,4.0,5.0,0.0,0.0,0.0,0.0,1.0,0.0,0.0,0.0,0.0,0.0,0.0,0.0,0.0,0.0,2.0,0.0,2.0,0.0,0.0,1.0,105.0,0.0,0.0,2.0,0.0,2.0,0.0,2.0,6.0,3.0,6420267833.0,9507558.0,吉林市丰满区,吉林市丰满区沿丰街道,20.0,23.6,0.0,19.5,63.1,59.49090909090909,50.14895104895105,46.871929824561406
吉林省,吉林市,丰满区,丰满街道,126.6696179,43.725805,0.0,0.0,11.0,12.0,33.0,1.0,0.0,0.0,2.0,0.0,0.0,0.0,0.0,0.0,0.0,0.0,0.0,0.0,0.0,1.0,0.0,0.0,2.0,0.0,0.0,9.0,4.0,0.0,0.0,0.0,0.0,1.0,0.0,7.0,6.0,6.0,0.0,0.0,3.0,5.0,13.0,0.0,0.0,0.0,0.0,0.0,0.0,0.0,0.0,0.0,0.0,0.0,0.0,0.0,0.0,1.0,0.0,0.0,1.0,0.0,0.0,2.0,0.0,0.0,0.0,0.0,0.0,0.0,0.0,4.0,3.0,4.0,3962859538.0,17012412.0,吉林市丰满区,吉林市丰满区丰满街道,20.0,25.0,1.0,3.4,49.4,59.49090909090909,50.14895104895105,46.871929824561406
吉林省,吉林市,丰满区,建华街道,126.5910977,43.8167163,0.0,22.0,60.0,44.0,46.0,29.0,2.0,27.0,29.0,0.0,1.0,0.0,0.0,1.0,0.0,3.0,0.0,0.0,0.0,3.0,3.0,0.0,2.0,0.0,0.0,13.0,797.0,0.0,0.0,3.0,0.0,6.0,3.0,11.0,16.0,9.0,0.0,0.0,13.0,10.0,8.0,2.0,0.0,0.0,0.0,0.0,0.0,0.0,0.0,1.0,0.0,0.0,0.0,0.0,0.0,0.0,0.0,0.0,0.0,0.0,0.0,2.0,0.0,0.0,0.0,0.0,0.0,0.0,0.0,2.0,6.0,0.0,11507969619.0,17012409.0,吉林市丰满区,吉林市丰满区建华街道,20.0,28.0,0.0,20.0,68.0,59.49090909090909,50.14895104895105,46.871929824561406
吉林省,吉林市,丰满区,红旗街道,126.5459162,43.7909811,16.0,65.0,31.0,26.0,61.0,25.0,4.0,11.0,4.0,0.0,0.0,1.0,0.0,0.0,2.0,6.0,1.0,0.0,0.0,1.0,22.0,1.0,1.0,2.0,0.0,9.0,554.0,0.0,4.0,1.0,4.0,11.0,0.0,10.0,16.0,12.0,2.0,5.0,5.0,7.0,4.0,4.0,0.0,0.0,0.0,0.0,0.0,1.0,0.0,0.0,0.0,0.0,1.0,0.0,0.0,1.0,5.0,0.0,1.0,1.0,0.0,4.0,2.0,0.0,0.0,0.0,1.0,0.0,0.0,4.0,8.0,7.0,6419539254.0,9506481.0,吉林市丰满区,吉林市丰满区红旗街道,20.0,26.0,11.0,20.0,77.0,59.49090909090909,50.14895104895105,46.871929824561406
吉林省,吉林市,丰满区,旺起镇,126.72003,43.57456,0.0,0.0,6.0,3.0,3.0,0.0,0.0,0.0,0.0,0.0,0.0,0.0,0.0,0.0,0.0,0.0,0.0,0.0,0.0,0.0,1.0,0.0,0.0,0.0,0.0,12.0,1.0,0.0,0.0,0.0,0.0,0.0,0.0,2.0,4.0,4.0,0.0,0.0,4.0,2.0,2.0,0.0,0.0,0.0,0.0,0.0,0.0,0.0,0.0,0.0,0.0,0.0,0.0,0.0,0.0,0.0,1.0,0.0,0.0,0.0,0.0,2.0,1.0,0.0,0.0,0.0,0.0,0.0,0.0,2.0,3.0,3.0,3962861371.0,17012411.0,吉林市丰满区,吉林市丰满区旺起镇,20.0,11.2,0.0,2.2,33.4,59.49090909090909,50.14895104895105,46.871929824561406
吉林省,吉林市,丰满区,江南乡,126.5845154,43.814792,0.0,45.0,65.0,46.0,59.0,44.0,3.0,34.0,29.0,0.0,1.0,0.0,0.0,1.0,1.0,4.0,0.0,0.0,0.0,3.0,7.0,0.0,2.0,0.0,0.0,12.0,1038.0,0.0,0.0,3.0,1.0,12.0,4.0,13.0,16.0,8.0,0.0,4.0,18.0,8.0,5.0,3.0,0.0,0.0,0.0,0.0,0.0,0.0,0.0,1.0,0.0,0.0,0.0,0.0,0.0,0.0,0.0,0.0,0.0,0.0,0.0,2.0,11.0,0.0,0.0,0.0,0.0,0.0,0.0,3.0,7.0,0.0,3962861666.0,17012410.0,吉林市丰满区,吉林市丰满区江南乡,20.0,28.0,0.0,20.0,68.0,59.49090909090909,50.14895104895105,46.871929824561406
吉林省,吉林市,丰满区,前二道乡,126.48772,43.75532,0.0,0.0,0.0,15.0,0.0,1.0,0.0,0.0,1.0,0.0,0.0,0.0,0.0,0.0,0.0,0.0,0.0,0.0,0.0,0.0,0.0,0.0,0.0,0.0,0.0,14.0,0.0,0.0,0.0,0.0,0.0,0.0,0.0,5.0,4.0,2.0,0.0,0.0,0.0,6.0,0.0,0.0,0.0,0.0,0.0,0.0,0.0,0.0,0.0,0.0,0.0,0.0,0.0,0.0,0.0,0.0,0.0,0.0,0.0,0.0,0.0,1.0,0.0,0.0,0.0,0.0,0.0,0.0,0.0,1.0,1.0,1.0,3962859834.0,9506482.0,吉林市丰满区,吉林市丰满区前二道乡,20.0,9.0,0.0,1.0,30.0,59.49090909090909,50.14895104895105,46.871929824561406
吉林省,吉林市,丰满区,小白山乡,126.6222826,43.7478255,0.0,2.0,11.0,8.0,38.0,1.0,0.0,0.0,0.0,0.0,0.0,0.0,0.0,0.0,1.0,1.0,0.0,0.0,0.0,0.0,0.0,0.0,0.0,0.0,0.0,13.0,0.0,0.0,0.0,0.0,0.0,0.0,0.0,3.0,9.0,3.0,0.0,0.0,5.0,2.0,12.0,1.0,0.0,0.0,0.0,0.0,0.0,0.0,0.0,0.0,0.0,0.0,0.0,0.0,0.0,0.0,0.0,0.0,0.0,0.0,0.0,2.0,0.0,0.0,0.0,0.0,0.0,0.0,0.0,1.0,5.0,1.0,3962860990.0,9506483.0,吉林市丰满区,吉林市丰满区小白山乡,20.0,24.0,0.0,1.5,45.5,59.49090909090909,50.14895104895105,46.871929824561406
吉林省,吉林市,永吉县,口前镇,126.5067135,43.6694018,6.0,2.0,14.0,18.0,28.0,0.0,0.0,0.0,1.0,0.0,0.0,3.0,0.0,0.0,2.0,3.0,0.0,0.0,0.0,0.0,2.0,0.0,1.0,0.0,0.0,11.0,0.0,0.0,0.0,0.0,0.0,0.0,0.0,6.0,7.0,4.0,1.0,0.0,10.0,6.0,10.0,0.0,0.0,0.0,0.0,0.0,0.0,1.0,0.0,0.0,1.0,1.0,0.0,0.0,0.0,0.0,1.0,0.0,0.0,0.0,0.0,3.0,0.0,0.0,0.0,0.0,0.0,0.0,0.0,3.0,4.0,3.0,2289892504.0,17015913.0,吉林市永吉县,吉林市永吉县口前镇,20.0,24.1,10.0,2.0,56.1,38.6375,50.14895104895105,46.871929824561406
吉林省,吉林市,永吉县,双河镇,126.17143,43.47029,5.0,0.0,4.0,14.0,21.0,0.0,0.0,0.0,1.0,0.0,0.0,0.0,0.0,0.0,0.0,0.0,0.0,0.0,0.0,0.0,4.0,0.0,0.0,0.0,0.0,13.0,13.0,0.0,0.0,0.0,0.0,0.0,0.0,5.0,6.0,2.0,0.0,0.0,1.0,9.0,17.0,0.0,0.0,0.0,1.0,0.0,0.0,0.0,0.0,0.0,0.0,0.0,0.0,0.0,0.0,0.0,2.0,0.0,0.0,0.0,0.0,2.0,13.0,0.0,0.0,0.0,0.0,0.0,0.0,3.0,3.0,2.0,3962860128.0,17015914.0,吉林市永吉县,吉林市永吉县双河镇,20.0,24.3,0.0,3.6,47.9,38.6375,50.14895104895105,46.871929824561406
吉林省,吉林市,永吉县,西阳镇,126.3128592,43.5958111,4.0,0.0,3.0,4.0,19.0,0.0,0.0,0.0,1.0,0.0,0.0,0.0,0.0,0.0,0.0,0.0,0.0,0.0,0.0,0.0,4.0,0.0,1.0,0.0,0.0,9.0,2.0,0.0,0.0,0.0,0.0,0.0,0.0,4.0,6.0,4.0,1.0,0.0,3.0,2.0,3.0,0.0,0.0,0.0,1.0,0.0,0.0,0.0,0.0,0.0,0.0,0.0,0.0,0.0,0.0,0.0,1.0,0.0,0.0,0.0,0.0,2.0,0.0,0.0,0.0,0.0,0.0,0.0,0.0,3.0,4.0,2.0,2289882344.0,17015915.0,吉林市永吉县,吉林市永吉县西阳镇,20.0,18.7,0.0,2.2,40.900000000000006,38.6375,50.14895104895105,46.871929824561406
吉林省,吉林市,永吉县,北大湖镇,126.4844436,43.4649152,0.0,5.0,0.0,11.0,77.0,0.0,0.0,0.0,0.0,0.0,0.0,0.0,0.0,0.0,0.0,0.0,0.0,0.0,0.0,0.0,21.0,0.0,0.0,0.0,0.0,11.0,1.0,0.0,0.0,0.0,0.0,0.0,0.0,1.0,4.0,3.0,0.0,2.0,0.0,8.0,45.0,0.0,0.0,0.0,0.0,0.0,0.0,0.0,0.0,0.0,0.0,0.0,0.0,0.0,0.0,0.0,5.0,0.0,0.0,0.0,0.0,1.0,0.0,0.0,0.0,0.0,0.0,0.0,0.0,1.0,3.0,2.0,6419122384.0,17015916.0,吉林市永吉县,吉林市永吉县北大湖镇,20.0,22.0,0.0,1.6,43.6,38.6375,50.14895104895105,46.871929824561406
吉林省,吉林市,永吉县,一拉溪镇,126.11814,43.78183,2.0,0.0,3.0,3.0,0.0,0.0,0.0,0.0,0.0,0.0,0.0,0.0,0.0,0.0,0.0,0.0,0.0,0.0,0.0,0.0,0.0,0.0,0.0,0.0,0.0,18.0,0.0,0.0,0.0,0.0,0.0,0.0,0.0,1.0,4.0,1.0,2.0,0.0,3.0,1.0,0.0,0.0,0.0,0.0,0.0,0.0,0.0,0.0,0.0,0.0,0.0,0.0,0.0,0.0,0.0,0.0,0.0,0.0,0.0,0.0,0.0,1.0,0.0,0.0,0.0,0.0,0.0,0.0,0.0,1.0,3.0,1.0,3962856304.0,17015917.0,吉林市永吉县,吉林市永吉县一拉溪镇,20.0,10.0,0.0,0.5,30.5,38.6375,50.14895104895105,46.871929824561406
吉林省,吉林市,永吉县,万昌镇,125.88853,43.74115,0.0,3.0,0.0,4.0,2.0,0.0,0.0,0.0,0.0,0.0,0.0,0.0,0.0,0.0,0.0,0.0,0.0,0.0,0.0,0.0,0.0,0.0,0.0,0.0,0.0,17.0,0.0,0.0,0.0,0.0,0.0,0.0,0.0,2.0,3.0,0.0,0.0,3.0,0.0,1.0,1.0,0.0,0.0,0.0,0.0,0.0,0.0,0.0,0.0,0.0,0.0,0.0,0.0,0.0,0.0,0.0,0.0,0.0,0.0,0.0,0.0,3.0,0.0,0.0,0.0,0.0,0.0,0.0,0.0,1.0,3.0,0.0,3962856323.0,17015918.0,吉林市永吉县,吉林市永吉县万昌镇,20.0,11.2,0.0,0.0,31.2,38.6375,50.14895104895105,46.871929824561406
吉林省,吉林市,永吉县,金家乡,125.90441,43.5829,0.0,0.0,0.0,3.0,9.0,0.0,0.0,0.0,0.0,0.0,0.0,0.0,0.0,0.0,0.0,0.0,0.0,0.0,0.0,0.0,2.0,0.0,2.0,0.0,0.0,8.0,0.0,0.0,0.0,0.0,0.0,0.0,0.0,6.0,3.0,4.0,0.0,0.0,0.0,1.0,7.0,0.0,0.0,0.0,0.0,0.0,0.0,0.0,0.0,0.0,0.0,0.0,0.0,0.0,0.0,0.0,0.0,0.0,1.0,0.0,0.0,1.0,0.0,0.0,0.0,0.0,0.0,0.0,0.0,1.0,2.0,1.0,3962862747.0,17015919.0,吉林市永吉县,吉林市永吉县金家乡,20.0,8.4,0.0,2.0,30.4,38.6375,50.14895104895105,46.871929824561406
吉林省,吉林市,永吉县,黄榆乡,125.99367,43.47309,0.0,0.0,1.0,2.0,0.0,0.0,0.0,0.0,0.0,0.0,0.0,0.0,0.0,0.0,0.0,0.0,0.0,0.0,0.0,0.0,0.0,0.0,0.0,0.0,0.0,12.0,0.0,0.0,0.0,0.0,0.0,0.0,0.0,1.0,2.0,1.0,0.0,0.0,1.0,1.0,0.0,0.0,0.0,0.0,0.0,0.0,0.0,0.0,0.0,0.0,0.0,0.0,0.0,0.0,0.0,0.0,0.0,0.0,0.0,0.0,0.0,1.0,0.0,0.0,0.0,0.0,0.0,0.0,0.0,1.0,2.0,0.0,3962863058.0,17015920.0,吉林市永吉县,吉林市永吉县黄榆乡,20.0,8.0,0.0,0.5,28.5,38.6375,50.14895104895105,46.871929824561406
吉林省,吉林市,吉林经济开发区,九站街道,126.5113904,43.9146187,0.0,4.0,16.0,29.0,10.0,12.0,0.0,1.0,0.0,0.0,0.0,1.0,0.0,0.0,0.0,0.0,0.0,0.0,0.0,0.0,7.0,0.0,9.0,0.0,0.0,8.0,137.0,0.0,0.0,17.0,1.0,0.0,0.0,15.0,9.0,6.0,0.0,2.0,0.0,6.0,2.0,3.0,0.0,0.0,0.0,0.0,0.0,0.0,0.0,0.0,0.0,0.0,0.0,0.0,0.0,0.0,0.0,0.0,3.0,0.0,0.0,1.0,2.0,0.0,0.0,5.0,0.0,0.0,0.0,4.0,6.0,2.0,6421276779.0,9509571.0,吉林市吉林经济开发区,吉林市吉林经济开发区九站街道,20.0,16.6,5.0,19.0,60.6,66.55,50.14895104895105,46.871929824561406
吉林省,吉林市,吉林经济开发区,双吉街道,126.4109664,43.9991583,0.0,6.0,2.0,15.0,64.0,47.0,0.0,0.0,0.0,6.0,1.0,0.0,0.0,0.0,2.0,2.0,0.0,0.0,0.0,1.0,5.0,1.0,10.0,0.0,1.0,8.0,212.0,0.0,1.0,18.0,0.0,10.0,28.0,2.0,7.0,15.0,0.0,3.0,0.0,4.0,24.0,20.0,0.0,0.0,0.0,3.0,0.0,0.0,0.0,0.0,2.0,2.0,0.0,0.0,0.0,0.0,1.0,0.0,8.0,0.0,1.0,2.0,178.0,0.0,0.0,5.0,0.0,6.0,27.0,2.0,5.0,10.0,6421518302.0,9509804.0,吉林市吉林经济开发区,吉林市吉林经济开发区双吉街道,20.0,27.5,5.0,20.0,72.5,66.55,50.14895104895105,46.871929824561406
吉林省,吉林市,吉林高新技术产业开发区,高新街道,126.572319,43.8027727,7.0,68.0,61.0,37.0,53.0,36.0,4.0,17.0,1.0,1.0,1.0,1.0,0.0,1.0,2.0,5.0,1.0,0.0,0.0,3.0,17.0,1.0,3.0,2.0,0.0,11.0,1054.0,0.0,0.0,3.0,1.0,10.0,3.0,10.0,15.0,12.0,0.0,8.0,2.0,5.0,7.0,4.0,0.0,0.0,0.0,0.0,0.0,0.0,0.0,0.0,0.0,1.0,0.0,0.0,0.0,0.0,1.0,0.0,0.0,0.0,0.0,2.0,207.0,0.0,0.0,0.0,0.0,0.0,0.0,2.0,5.0,1.0,6420267828.0,9507554.0,吉林市吉林高新技术产业开发区,吉林市吉林高新技术产业开发区高新街道,20.0,30.0,5.0,20.0,75.0,55.2,50.14895104895105,46.871929824561406
吉林省,吉林市,吉林高新技术产业开发区,新北街道,126.3883606,43.9328796,0.0,2.0,21.0,21.0,3.0,3.0,0.0,0.0,0.0,0.0,0.0,0.0,0.0,0.0,0.0,0.0,0.0,0.0,0.0,0.0,0.0,0.0,1.0,0.0,0.0,13.0,0.0,0.0,0.0,0.0,0.0,0.0,0.0,4.0,8.0,1.0,0.0,2.0,7.0,2.0,1.0,2.0,0.0,0.0,0.0,0.0,0.0,0.0,0.0,0.0,0.0,0.0,0.0,0.0,0.0,0.0,0.0,0.0,0.0,0.0,0.0,2.0,0.0,0.0,0.0,0.0,0.0,0.0,0.0,4.0,6.0,0.0,11506275159.0,9509515.0,吉林市吉林高新技术产业开发区,吉林市吉林高新技术产业开发区新北街道,20.0,14.9,0.0,0.5,35.4,55.2,50.14895104895105,46.871929824561406
吉林省,吉林市,吉林中国新加坡食品区,岔路河镇,125.98081,43.70223,0.0,4.0,2.0,25.0,15.0,0.0,0.0,0.0,0.0,0.0,0.0,0.0,0.0,0.0,0.0,0.0,0.0,0.0,0.0,0.0,8.0,0.0,0.0,0.0,0.0,15.0,0.0,0.0,0.0,1.0,0.0,0.0,0.0,3.0,8.0,2.0,0.0,0.0,1.0,8.0,7.0,0.0,0.0,0.0,0.0,0.0,0.0,0.0,0.0,0.0,0.0,0.0,0.0,0.0,0.0,0.0,4.0,0.0,0.0,0.0,0.0,2.0,0.0,0.0,0.0,1.0,0.0,0.0,0.0,2.0,3.0,2.0,3962861069.0,17015921.0,吉林市吉林中国新加坡食品区,吉林市吉林中国新加坡食品区岔路河镇,20.0,19.1,0.0,1.2,40.300000000000004,40.300000000000004,50.14895104895105,46.871929824561406
吉林省,吉林市,蛟河市,民主街道,127.3178979,43.7122345,10.0,36.0,23.0,54.0,55.0,14.0,0.0,11.0,4.0,2.0,0.0,0.0,0.0,0.0,12.0,12.0,0.0,0.0,0.0,0.0,0.0,0.0,4.0,0.0,0.0,18.0,11.0,0.0,0.0,3.0,0.0,2.0,0.0,12.0,13.0,5.0,0.0,16.0,10.0,15.0,5.0,0.0,0.0,0.0,0.0,0.0,0.0,0.0,0.0,0.0,6.0,6.0,0.0,0.0,0.0,0.0,0.0,0.0,0.0,0.0,0.0,2.0,0.0,0.0,0.0,0.0,0.0,1.0,0.0,5.0,5.0,3.0,6420523895.0,9507885.0,吉林市蛟河市,吉林市蛟河市民主街道,20.0,28.0,5.0,3.9000000000000004,56.9,39.04705882352941,50.14895104895105,46.871929824561406
吉林省,吉林市,蛟河市,长安街道,127.3387465,43.7166565,5.0,37.0,30.0,57.0,38.0,7.0,0.0,4.0,1.0,0.0,0.0,0.0,0.0,0.0,12.0,12.0,0.0,0.0,0.0,0.0,5.0,1.0,11.0,0.0,0.0,16.0,2.0,0.0,0.0,1.0,0.0,2.0,0.0,13.0,12.0,8.0,0.0,16.0,7.0,29.0,18.0,5.0,0.0,2.0,1.0,0.0,0.0,0.0,0.0,0.0,6.0,6.0,0.0,0.0,0.0,0.0,0.0,0.0,2.0,0.0,0.0,5.0,1.0,0.0,0.0,0.0,0.0,2.0,0.0,7.0,7.0,4.0,6420523891.0,9507886.0,吉林市蛟河市,吉林市蛟河市长安街道,20.0,26.0,5.0,4.4,55.4,39.04705882352941,50.14895104895105,46.871929824561406
吉林省,吉林市,蛟河市,河南街道,127.3329495,43.7099339,10.0,37.0,28.0,54.0,35.0,6.0,0.0,4.0,1.0,0.0,0.0,0.0,0.0,0.0,12.0,12.0,0.0,0.0,0.0,0.0,3.0,1.0,8.0,0.0,0.0,17.0,2.0,0.0,0.0,3.0,0.0,2.0,0.0,13.0,12.0,8.0,0.0,16.0,14.0,22.0,11.0,0.0,0.0,1.0,0.0,0.0,0.0,0.0,0.0,0.0,8.0,8.0,0.0,0.0,0.0,0.0,0.0,0.0,0.0,0.0,0.0,4.0,0.0,0.0,0.0,0.0,0.0,1.0,0.0,5.0,5.0,2.0,6420523893.0,9507888.0,吉林市蛟河市,吉林市蛟河市河南街道,20.0,26.0,5.0,4.5,55.5,39.04705882352941,50.14895104895105,46.871929824561406
吉林省,吉林市,蛟河市,奶子山街道,127.4295624,43.7083567,0.0,0.0,1.0,5.0,2.0,0.0,0.0,0.0,0.0,0.0,0.0,0.0,0.0,0.0,0.0,0.0,0.0,0.0,0.0,0.0,3.0,0.0,0.0,0.0,0.0,11.0,5.0,0.0,0.0,0.0,0.0,0.0,0.0,4.0,4.0,2.0,0.0,0.0,0.0,1.0,1.0,0.0,0.0,0.0,0.0,0.0,0.0,0.0,0.0,0.0,0.0,0.0,0.0,0.0,0.0,0.0,1.0,0.0,0.0,0.0,0.0,3.0,4.0,0.0,0.0,0.0,0.0,0.0,0.0,2.0,2.0,1.0,6420523896.0,9507890.0,吉林市蛟河市,吉林市蛟河市奶子山街道,20.0,12.7,0.0,1.9,34.6,39.04705882352941,50.14895104895105,46.871929824561406
吉林省,吉林市,蛟河市,拉法街道,127.3332916,43.8264064,3.0,0.0,0.0,1.0,26.0,6.0,0.0,0.0,0.0,1.0,2.0,0.0,0.0,0.0,0.0,0.0,0.0,0.0,0.0,1.0,0.0,0.0,0.0,0.0,0.0,12.0,1.0,0.0,0.0,0.0,0.0,0.0,0.0,5.0,7.0,1.0,2.0,0.0,0.0,0.0,4.0,0.0,0.0,0.0,0.0,0.0,0.0,0.0,0.0,0.0,0.0,0.0,0.0,0.0,0.0,0.0,0.0,0.0,0.0,0.0,0.0,2.0,0.0,0.0,0.0,0.0,0.0,0.0,0.0,4.0,3.0,1.0,2333085941.0,9507889.0,吉林市蛟河市,吉林市蛟河市拉法街道,20.0,19.9,0.0,0.6,40.5,39.04705882352941,50.14895104895105,46.871929824561406
吉林省,吉林市,蛟河市,河北街道,127.3337226,43.7339289,6.0,36.0,30.0,57.0,55.0,24.0,0.0,4.0,1.0,0.0,0.0,0.0,0.0,0.0,12.0,12.0,0.0,0.0,0.0,0.0,7.0,1.0,11.0,0.0,0.0,17.0,27.0,0.0,0.0,2.0,0.0,18.0,0.0,12.0,11.0,9.0,0.0,7.0,13.0,18.0,6.0,1.0,0.0,2.0,0.0,0.0,0.0,0.0,0.0,0.0,2.0,2.0,0.0,0.0,0.0,0.0,2.0,1.0,0.0,0.0,0.0,3.0,0.0,0.0,0.0,0.0,0.0,0.0,0.0,2.0,7.0,4.0,6420523892.0,9507887.0,吉林市蛟河市,吉林市蛟河市河北街道,20.0,26.0,5.0,6.9,57.9,39.04705882352941,50.14895104895105,46.871929824561406
吉林省,吉林市,蛟河市,新农街道,127.29568,43.65596,3.0,0.0,0.0,4.0,17.0,0.0,0.0,0.0,0.0,0.0,0.0,0.0,0.0,0.0,0.0,0.0,0.0,0.0,0.0,0.0,0.0,0.0,0.0,0.0,0.0,5.0,0.0,0.0,0.0,0.0,0.0,0.0,0.0,3.0,3.0,1.0,3.0,0.0,0.0,4.0,0.0,0.0,0.0,0.0,0.0,0.0,0.0,0.0,0.0,0.0,0.0,0.0,0.0,0.0,0.0,0.0,0.0,0.0,0.0,0.0,0.0,1.0,0.0,0.0,0.0,0.0,0.0,0.0,0.0,2.0,2.0,1.0,3962858513.0,-1.0,吉林市蛟河市,吉林市蛟河市新农街道,12.0,13.9,0.0,0.5,26.4,39.04705882352941,50.14895104895105,46.871929824561406
吉林省,吉林市,蛟河市,新站镇,127.33583,43.87945,5.0,0.0,0.0,13.0,38.0,0.0,0.0,0.0,0.0,0.0,0.0,0.0,1.0,1.0,0.0,0.0,0.0,0.0,0.0,0.0,7.0,0.0,0.0,0.0,0.0,15.0,12.0,0.0,0.0,0.0,0.0,0.0,0.0,6.0,6.0,2.0,0.0,0.0,0.0,3.0,9.0,0.0,0.0,0.0,0.0,0.0,0.0,0.0,0.0,0.0,0.0,0.0,0.0,0.0,0.0,0.0,1.0,0.0,0.0,0.0,0.0,1.0,7.0,0.0,0.0,0.0,0.0,0.0,0.0,2.0,2.0,2.0,3959166088.0,9508561.0,吉林市蛟河市,吉林市蛟河市新站镇,20.0,23.0,0.0,2.9000000000000004,45.9,39.04705882352941,50.14895104895105,46.871929824561406
吉林省,吉林市,蛟河市,天岗镇,126.95011,43.90676,3.0,0.0,7.0,3.0,1.0,0.0,0.0,0.0,0.0,0.0,0.0,0.0,0.0,0.0,0.0,0.0,0.0,0.0,0.0,0.0,3.0,0.0,0.0,0.0,0.0,8.0,0.0,0.0,0.0,0.0,0.0,0.0,0.0,3.0,5.0,3.0,0.0,0.0,3.0,0.0,1.0,0.0,0.0,0.0,0.0,0.0,0.0,0.0,0.0,0.0,0.0,0.0,0.0,0.0,0.0,0.0,1.0,0.0,0.0,0.0,0.0,2.0,0.0,0.0,0.0,0.0,0.0,0.0,0.0,2.0,2.0,2.0,3962856578.0,9507892.0,吉林市蛟河市,吉林市蛟河市天岗镇,20.0,11.0,0.0,1.5,32.5,39.04705882352941,50.14895104895105,46.871929824561406
吉林省,吉林市,蛟河市,白石山镇,127.5527,43.57862,3.0,0.0,3.0,9.0,0.0,0.0,0.0,0.0,0.0,0.0,0.0,0.0,0.0,0.0,0.0,0.0,0.0,0.0,0.0,0.0,0.0,0.0,0.0,0.0,0.0,7.0,0.0,0.0,0.0,0.0,0.0,0.0,0.0,2.0,3.0,1.0,1.0,0.0,0.0,6.0,0.0,0.0,0.0,0.0,0.0,0.0,0.0,0.0,0.0,0.0,0.0,0.0,0.0,0.0,0.0,0.0,0.0,0.0,0.0,0.0,0.0,2.0,0.0,0.0,0.0,0.0,0.0,0.0,0.0,2.0,2.0,1.0,714800928.0,-1.0,吉林市蛟河市,吉林市蛟河市白石山镇,12.0,11.5,0.0,0.5,24.0,39.04705882352941,50.14895104895105,46.871929824561406
吉林省,吉林市,蛟河市,漂河镇,127.3216039,43.3025152,3.0,0.0,0.0,14.0,2.0,0.0,0.0,0.0,0.0,0.0,0.0,0.0,0.0,0.0,0.0,0.0,0.0,0.0,0.0,0.0,3.0,0.0,0.0,0.0,0.0,5.0,0.0,0.0,0.0,0.0,0.0,0.0,0.0,2.0,3.0,3.0,3.0,0.0,0.0,11.0,2.0,0.0,0.0,0.0,0.0,0.0,0.0,0.0,0.0,0.0,0.0,0.0,0.0,0.0,0.0,0.0,3.0,0.0,0.0,0.0,0.0,2.0,0.0,0.0,0.0,0.0,0.0,0.0,0.0,2.0,3.0,3.0,3367869140.0,-1.0,吉林市蛟河市,吉林市蛟河市漂河镇,12.0,12.5,0.0,1.5,26.0,39.04705882352941,50.14895104895105,46.871929824561406
吉林省,吉林市,蛟河市,黄松甸镇,127.7229394,43.6400642,3.0,0.0,3.0,10.0,23.0,0.0,0.0,0.0,0.0,0.0,0.0,0.0,0.0,0.0,0.0,0.0,0.0,0.0,0.0,0.0,0.0,0.0,0.0,0.0,0.0,12.0,0.0,0.0,0.0,0.0,1.0,0.0,0.0,6.0,9.0,5.0,2.0,0.0,0.0,8.0,8.0,0.0,0.0,0.0,0.0,0.0,0.0,0.0,0.0,0.0,0.0,0.0,0.0,0.0,0.0,0.0,0.0,0.0,0.0,0.0,0.0,1.0,0.0,0.0,0.0,0.0,1.0,0.0,0.0,4.0,6.0,1.0,1590460726.0,-1.0,吉林市蛟河市,吉林市蛟河市黄松甸镇,12.0,21.0,0.0,2.5,35.5,39.04705882352941,50.14895104895105,46.871929824561406
吉林省,吉林市,蛟河市,天北镇,126.8833941,44.0406919,0.0,0.0,9.0,1.0,0.0,0.0,0.0,0.0,0.0,0.0,0.0,0.0,0.0,0.0,0.0,0.0,0.0,0.0,0.0,0.0,1.0,0.0,0.0,0.0,0.0,13.0,0.0,0.0,0.0,0.0,0.0,0.0,0.0,1.0,3.0,6.0,0.0,0.0,5.0,1.0,0.0,0.0,0.0,0.0,0.0,0.0,0.0,0.0,0.0,0.0,0.0,0.0,0.0,0.0,0.0,0.0,0.0,0.0,0.0,0.0,0.0,5.0,0.0,0.0,0.0,0.0,0.0,0.0,0.0,1.0,2.0,2.0,2408951006.0,9507891.0,吉林市蛟河市,吉林市蛟河市天北镇,20.0,7.5,0.0,3.0,30.5,39.04705882352941,50.14895104895105,46.871929824561406
吉林省,吉林市,蛟河市,松江镇,127.1932268,43.5533452,0.0,0.0,2.0,4.0,68.0,0.0,0.0,0.0,0.0,0.0,0.0,0.0,0.0,0.0,0.0,0.0,0.0,0.0,0.0,0.0,0.0,0.0,0.0,0.0,0.0,6.0,0.0,0.0,0.0,0.0,0.0,0.0,0.0,2.0,5.0,2.0,0.0,0.0,2.0,3.0,35.0,0.0,0.0,0.0,0.0,0.0,0.0,0.0,0.0,0.0,0.0,0.0,0.0,0.0,0.0,0.0,0.0,0.0,0.0,0.0,0.0,2.0,0.0,0.0,0.0,0.0,0.0,0.0,0.0,1.0,4.0,0.0,3882857413.0,-1.0,吉林市蛟河市,吉林市蛟河市松江镇,12.0,22.5,0.0,1.0,35.5,39.04705882352941,50.14895104895105,46.871929824561406
吉林省,吉林市,蛟河市,庆岭镇,126.94414,43.79788,3.0,0.0,1.0,0.0,20.0,0.0,0.0,1.0,0.0,0.0,0.0,0.0,0.0,0.0,0.0,0.0,0.0,0.0,0.0,0.0,3.0,0.0,0.0,0.0,0.0,7.0,13.0,0.0,0.0,0.0,0.0,0.0,1.0,3.0,5.0,5.0,1.0,0.0,0.0,0.0,13.0,0.0,0.0,0.0,0.0,0.0,0.0,0.0,0.0,0.0,0.0,0.0,0.0,0.0,0.0,0.0,0.0,0.0,0.0,0.0,0.0,1.0,0.0,0.0,0.0,0.0,0.0,0.0,0.0,3.0,2.0,1.0,3959163694.0,9508560.0,吉林市蛟河市,吉林市蛟河市庆岭镇,20.0,15.4,0.0,3.8,39.199999999999996,39.04705882352941,50.14895104895105,46.871929824561406
吉林省,吉林市,蛟河市,乌林朝鲜族乡,127.41415,43.7401,0.0,1.0,0.0,1.0,20.0,0.0,0.0,0.0,0.0,0.0,0.0,0.0,0.0,0.0,0.0,0.0,0.0,0.0,0.0,0.0,10.0,0.0,2.0,0.0,0.0,9.0,5.0,0.0,0.0,0.0,0.0,0.0,0.0,4.0,5.0,5.0,0.0,1.0,0.0,0.0,5.0,0.0,0.0,0.0,0.0,0.0,0.0,0.0,0.0,0.0,0.0,0.0,0.0,0.0,0.0,0.0,3.0,0.0,1.0,0.0,0.0,1.0,0.0,0.0,0.0,0.0,0.0,0.0,0.0,2.0,3.0,4.0,3962857102.0,9507893.0,吉林市蛟河市,吉林市蛟河市乌林朝鲜族乡,20.0,14.0,0.0,3.0,37.0,39.04705882352941,50.14895104895105,46.871929824561406
吉林省,吉林市,蛟河市,前进乡,127.66676,43.9126929,0.0,4.0,0.0,3.0,3.0,0.0,0.0,0.0,0.0,0.0,0.0,0.0,0.0,0.0,0.0,0.0,0.0,0.0,0.0,0.0,2.0,0.0,0.0,0.0,0.0,3.0,0.0,0.0,0.0,0.0,0.0,0.0,0.0,1.0,3.0,3.0,0.0,4.0,0.0,2.0,3.0,0.0,0.0,0.0,0.0,0.0,0.0,0.0,0.0,0.0,0.0,0.0,0.0,0.0,0.0,0.0,1.0,0.0,0.0,0.0,0.0,2.0,0.0,0.0,0.0,0.0,0.0,0.0,0.0,1.0,3.0,2.0,6420523897.0,9508559.0,吉林市蛟河市,吉林市蛟河市前进乡,18.0,11.0,0.0,1.5,30.5,39.04705882352941,50.14895104895105,46.871929824561406
吉林省,吉林市,桦甸市,明桦街道,126.7347468,42.9687422,9.0,6.0,23.0,12.0,56.0,5.0,0.0,0.0,0.0,0.0,0.0,0.0,0.0,0.0,0.0,0.0,0.0,0.0,0.0,0.0,3.0,0.0,6.0,0.0,0.0,16.0,126.0,0.0,0.0,0.0,0.0,10.0,0.0,10.0,8.0,5.0,2.0,0.0,7.0,5.0,18.0,0.0,0.0,0.0,0.0,0.0,0.0,0.0,0.0,0.0,0.0,0.0,0.0,0.0,0.0,0.0,0.0,0.0,0.0,0.0,0.0,3.0,12.0,0.0,0.0,0.0,0.0,7.0,0.0,5.0,5.0,2.0,6418792221.0,9504970.0,吉林市桦甸市,吉林市桦甸市明桦街道,20.0,24.0,0.0,16.3,60.3,37.457142857142856,50.14895104895105,46.871929824561406
吉林省,吉林市,桦甸市,永吉街道,126.7473365,42.9720969,8.0,6.0,24.0,14.0,61.0,5.0,0.0,0.0,0.0,0.0,0.0,0.0,0.0,0.0,0.0,0.0,0.0,0.0,0.0,0.0,6.0,0.0,10.0,0.0,0.0,14.0,97.0,0.0,0.0,0.0,0.0,10.0,0.0,11.0,9.0,5.0,5.0,1.0,7.0,6.0,11.0,0.0,0.0,0.0,0.0,0.0,0.0,0.0,0.0,0.0,0.0,0.0,0.0,0.0,0.0,0.0,0.0,0.0,0.0,0.0,0.0,4.0,4.0,0.0,0.0,0.0,0.0,3.0,0.0,6.0,6.0,2.0,6418792225.0,9504974.0,吉林市桦甸市,吉林市桦甸市永吉街道,20.0,24.0,0.0,12.600000000000001,56.6,37.457142857142856,50.14895104895105,46.871929824561406
吉林省,吉林市,桦甸市,胜利街道,126.7475303,42.9686104,8.0,8.0,23.0,14.0,62.0,5.0,0.0,0.0,0.0,0.0,0.0,0.0,0.0,0.0,0.0,0.0,0.0,0.0,0.0,0.0,6.0,0.0,10.0,0.0,0.0,16.0,75.0,0.0,0.0,0.0,0.0,10.0,0.0,11.0,9.0,5.0,0.0,1.0,7.0,5.0,14.0,2.0,0.0,0.0,0.0,0.0,0.0,0.0,0.0,0.0,0.0,0.0,0.0,0.0,0.0,0.0,0.0,0.0,0.0,0.0,0.0,5.0,2.0,0.0,0.0,0.0,0.0,3.0,0.0,6.0,6.0,2.0,6418792223.0,9504972.0,吉林市桦甸市,吉林市桦甸市胜利街道,20.0,24.0,0.0,10.2,54.2,37.457142857142856,50.14895104895105,46.871929824561406
吉林省,吉林市,桦甸市,新华街道,126.7432657,42.9605794,8.0,8.0,23.0,14.0,54.0,5.0,0.0,0.0,0.0,0.0,0.0,0.0,0.0,0.0,0.0,0.0,0.0,0.0,0.0,0.0,5.0,0.0,2.0,0.0,0.0,17.0,65.0,0.0,0.0,0.0,0.0,10.0,0.0,10.0,8.0,5.0,0.0,2.0,3.0,4.0,16.0,3.0,0.0,0.0,0.0,0.0,0.0,0.0,0.0,0.0,0.0,0.0,0.0,0.0,0.0,0.0,0.0,0.0,0.0,0.0,0.0,3.0,5.0,0.0,0.0,0.0,0.0,5.0,0.0,6.0,6.0,3.0,6418792224.0,9504973.0,吉林市桦甸市,吉林市桦甸市新华街道,20.0,24.0,0.0,9.5,53.5,37.457142857142856,50.14895104895105,46.871929824561406
吉林省,吉林市,桦甸市,启新街道,126.7443518,42.9657917,8.0,8.0,23.0,14.0,57.0,5.0,0.0,0.0,0.0,0.0,0.0,0.0,0.0,0.0,0.0,0.0,0.0,0.0,0.0,0.0,6.0,0.0,8.0,0.0,0.0,17.0,83.0,0.0,0.0,0.0,0.0,11.0,0.0,10.0,8.0,5.0,0.0,1.0,5.0,5.0,15.0,2.0,0.0,0.0,0.0,0.0,0.0,0.0,0.0,0.0,0.0,0.0,0.0,0.0,0.0,0.0,0.0,0.0,0.0,0.0,0.0,6.0,3.0,0.0,0.0,0.0,0.0,4.0,0.0,6.0,6.0,2.0,6418792222.0,9504971.0,吉林市桦甸市,吉林市桦甸市启新街道,20.0,24.0,0.0,11.1,55.1,37.457142857142856,50.14895104895105,46.871929824561406
吉林省,吉林市,桦甸市,夹皮沟镇,127.49019,42.86693,1.0,0.0,0.0,2.0,0.0,1.0,0.0,0.0,0.0,0.0,0.0,0.0,0.0,0.0,0.0,0.0,0.0,0.0,0.0,0.0,0.0,0.0,0.0,0.0,0.0,2.0,0.0,0.0,0.0,0.0,0.0,0.0,0.0,1.0,3.0,2.0,1.0,0.0,0.0,2.0,0.0,1.0,0.0,0.0,0.0,0.0,0.0,0.0,0.0,0.0,0.0,0.0,0.0,0.0,0.0,0.0,0.0,0.0,0.0,0.0,0.0,1.0,0.0,0.0,0.0,0.0,0.0,0.0,0.0,1.0,3.0,2.0,3962860552.0,-1.0,吉林市桦甸市,吉林市桦甸市夹皮沟镇,9.0,8.5,0.0,1.0,18.5,37.457142857142856,50.14895104895105,46.871929824561406
吉林省,吉林市,桦甸市,二道甸子镇,127.1455708,43.14435,5.0,0.0,0.0,7.0,23.0,0.0,0.0,0.0,0.0,0.0,0.0,0.0,0.0,0.0,0.0,0.0,0.0,0.0,0.0,0.0,7.0,0.0,0.0,0.0,0.0,9.0,0.0,0.0,0.0,0.0,0.0,0.0,0.0,2.0,4.0,4.0,3.0,0.0,0.0,3.0,11.0,0.0,0.0,0.0,0.0,0.0,0.0,0.0,0.0,0.0,0.0,0.0,0.0,0.0,0.0,0.0,3.0,0.0,0.0,0.0,0.0,2.0,0.0,0.0,0.0,0.0,0.0,0.0,0.0,2.0,3.0,2.0,3367627632.0,-1.0,吉林市桦甸市,吉林市桦甸市二道甸子镇,12.0,19.9,0.0,2.0,33.9,37.457142857142856,50.14895104895105,46.871929824561406
吉林省,吉林市,桦甸市,红石砬子镇,127.1064629,42.9562183,6.0,0.0,0.0,6.0,9.0,1.0,0.0,0.0,0.0,0.0,0.0,0.0,0.0,0.0,0.0,0.0,0.0,0.0,0.0,0.0,0.0,0.0,0.0,0.0,0.0,4.0,1.0,0.0,0.0,1.0,0.0,0.0,0.0,4.0,4.0,3.0,3.0,0.0,0.0,5.0,9.0,0.0,0.0,0.0,0.0,0.0,0.0,0.0,0.0,0.0,0.0,0.0,0.0,0.0,0.0,0.0,0.0,0.0,0.0,0.0,0.0,2.0,0.0,0.0,0.0,1.0,0.0,0.0,0.0,3.0,3.0,2.0,2409084883.0,-1.0,吉林市桦甸市,吉林市桦甸市红石砬子镇,11.0,16.5,0.0,1.8,29.3,37.457142857142856,50.14895104895105,46.871929824561406
吉林省,吉林市,桦甸市,八道河子镇,126.50534,43.20666,0.0,2.0,0.0,5.0,1.0,0.0,0.0,0.0,0.0,0.0,0.0,0.0,0.0,0.0,0.0,0.0,0.0,0.0,0.0,0.0,4.0,0.0,0.0,0.0,0.0,12.0,0.0,0.0,0.0,0.0,0.0,0.0,0.0,2.0,3.0,2.0,0.0,0.0,0.0,3.0,0.0,0.0,0.0,0.0,0.0,0.0,0.0,0.0,0.0,0.0,0.0,0.0,0.0,0.0,0.0,0.0,2.0,0.0,0.0,0.0,0.0,2.0,0.0,0.0,0.0,0.0,0.0,0.0,0.0,2.0,1.0,2.0,3962859716.0,-1.0,吉林市桦甸市,吉林市桦甸市八道河子镇,12.0,11.7,0.0,1.0,24.7,37.457142857142856,50.14895104895105,46.871929824561406
吉林省,吉林市,桦甸市,常山镇,126.84193,43.39396,0.0,0.0,1.0,4.0,0.0,0.0,0.0,0.0,0.0,0.0,0.0,0.0,0.0,0.0,0.0,0.0,0.0,0.0,0.0,0.0,1.0,0.0,0.0,0.0,0.0,9.0,0.0,0.0,0.0,0.0,0.0,0.0,0.0,1.0,2.0,3.0,0.0,0.0,1.0,4.0,0.0,0.0,0.0,0.0,0.0,0.0,0.0,0.0,0.0,0.0,0.0,0.0,0.0,0.0,0.0,0.0,0.0,0.0,0.0,0.0,0.0,2.0,0.0,0.0,0.0,0.0,0.0,0.0,0.0,1.0,2.0,1.0,3962861098.0,-1.0,吉林市桦甸市,吉林市桦甸市常山镇,12.0,10.0,0.0,1.5,23.5,37.457142857142856,50.14895104895105,46.871929824561406
吉林省,吉林市,桦甸市,金沙镇,126.78812,43.15075,0.0,0.0,4.0,0.0,3.0,0.0,0.0,0.0,0.0,0.0,0.0,0.0,0.0,0.0,0.0,0.0,0.0,0.0,0.0,0.0,8.0,0.0,0.0,0.0,0.0,12.0,0.0,0.0,0.0,0.0,0.0,0.0,0.0,2.0,2.0,2.0,0.0,0.0,2.0,0.0,1.0,0.0,0.0,0.0,0.0,0.0,0.0,0.0,0.0,0.0,0.0,0.0,0.0,0.0,0.0,0.0,2.0,0.0,0.0,0.0,0.0,2.0,0.0,0.0,0.0,0.0,0.0,0.0,0.0,2.0,2.0,2.0,3962862752.0,-1.0,吉林市桦甸市,吉林市桦甸市金沙镇,12.0,6.9,0.0,1.0,19.9,37.457142857142856,50.14895104895105,46.871929824561406
吉林省,吉林市,桦甸市,桦郊乡,126.7404312,42.9799152,8.0,4.0,26.0,15.0,61.0,5.0,0.0,0.0,0.0,0.0,0.0,0.0,0.0,0.0,0.0,0.0,0.0,0.0,0.0,0.0,6.0,0.0,10.0,0.0,0.0,18.0,146.0,0.0,0.0,0.0,0.0,11.0,0.0,9.0,8.0,5.0,5.0,1.0,3.0,6.0,10.0,0.0,0.0,0.0,0.0,0.0,0.0,0.0,0.0,0.0,0.0,0.0,0.0,0.0,0.0,0.0,0.0,0.0,0.0,0.0,0.0,3.0,19.0,0.0,0.0,0.0,0.0,1.0,0.0,6.0,6.0,2.0,3962861555.0,-1.0,吉林市桦甸市,吉林市桦甸市桦郊乡,12.0,24.0,0.0,18.5,54.5,37.457142857142856,50.14895104895105,46.871929824561406
吉林省,吉林市,桦甸市,横道河子乡,126.67019,43.25605,0.0,0.0,0.0,1.0,1.0,0.0,0.0,0.0,0.0,0.0,0.0,0.0,0.0,0.0,0.0,0.0,0.0,0.0,0.0,0.0,2.0,0.0,0.0,0.0,0.0,16.0,0.0,0.0,0.0,0.0,0.0,0.0,0.0,1.0,2.0,2.0,0.0,0.0,0.0,1.0,1.0,0.0,0.0,0.0,0.0,0.0,0.0,0.0,0.0,0.0,0.0,0.0,0.0,0.0,0.0,0.0,0.0,0.0,0.0,0.0,0.0,1.0,0.0,0.0,0.0,0.0,0.0,0.0,0.0,1.0,2.0,1.0,3962861591.0,-1.0,吉林市桦甸市,吉林市桦甸市横道河子乡,12.0,2.5,0.0,1.0,15.5,37.457142857142856,50.14895104895105,46.871929824561406
吉林省,吉林市,桦甸市,公吉乡,126.8862192,42.9933402,1.0,0.0,0.0,5.0,0.0,0.0,0.0,0.0,0.0,0.0,0.0,0.0,0.0,0.0,0.0,0.0,0.0,0.0,0.0,0.0,0.0,0.0,1.0,0.0,0.0,8.0,2.0,0.0,0.0,0.0,0.0,0.0,0.0,4.0,4.0,1.0,1.0,0.0,0.0,2.0,0.0,0.0,0.0,0.0,0.0,0.0,0.0,0.0,0.0,0.0,0.0,0.0,0.0,0.0,0.0,0.0,0.0,0.0,0.0,0.0,0.0,1.0,2.0,0.0,0.0,0.0,0.0,0.0,0.0,2.0,3.0,0.0,2409084882.0,-1.0,吉林市桦甸市,吉林市桦甸市公吉乡,12.0,12.0,0.0,0.9,24.9,37.457142857142856,50.14895104895105,46.871929824561406
吉林省,吉林市,舒兰市,北城街道,126.935979,44.4135554,19.0,43.0,6.0,10.0,390.0,7.0,0.0,5.0,0.0,4.0,0.0,1.0,4.0,4.0,2.0,3.0,0.0,0.0,0.0,0.0,11.0,0.0,1.0,0.0,0.0,69.0,890.0,0.0,0.0,3.0,0.0,9.0,1.0,10.0,13.0,9.0,0.0,13.0,3.0,5.0,113.0,2.0,0.0,1.0,0.0,1.0,0.0,0.0,3.0,3.0,1.0,1.0,0.0,0.0,0.0,0.0,4.0,0.0,0.0,0.0,0.0,20.0,357.0,0.0,0.0,0.0,0.0,4.0,1.0,6.0,7.0,7.0,6422593354.0,9511527.0,吉林市舒兰市,吉林市舒兰市北城街道,20.0,26.0,15.0,20.0,81.0,41.47,50.14895104895105,46.871929824561406
吉林省,吉林市,舒兰市,南城街道,126.9437048,44.3999259,21.0,38.0,6.0,10.0,388.0,8.0,0.0,2.0,0.0,4.0,0.0,1.0,4.0,4.0,2.0,3.0,0.0,0.0,0.0,0.0,10.0,0.0,1.0,0.0,0.0,66.0,882.0,0.0,0.0,4.0,0.0,9.0,1.0,9.0,14.0,9.0,10.0,13.0,3.0,3.0,77.0,3.0,0.0,0.0,0.0,2.0,0.0,0.0,1.0,1.0,0.0,0.0,0.0,0.0,0.0,0.0,2.0,0.0,0.0,0.0,0.0,28.0,455.0,0.0,0.0,0.0,0.0,3.0,0.0,9.0,6.0,4.0,6422593356.0,9511528.0,吉林市舒兰市,吉林市舒兰市南城街道,20.0,26.0,10.0,20.0,76.0,41.47,50.14895104895105,46.871929824561406
吉林省,吉林市,舒兰市,环城街道,126.9386568,44.4342974,0.0,28.0,3.0,8.0,249.0,3.0,0.0,6.0,0.0,2.0,0.0,0.0,3.0,3.0,2.0,3.0,0.0,0.0,0.0,0.0,9.0,0.0,1.0,0.0,0.0,31.0,372.0,0.0,0.0,2.0,0.0,5.0,1.0,7.0,11.0,10.0,0.0,8.0,0.0,2.0,38.0,0.0,0.0,2.0,0.0,0.0,0.0,0.0,0.0,0.0,0.0,0.0,0.0,0.0,0.0,0.0,0.0,0.0,0.0,0.0,0.0,3.0,0.0,0.0,0.0,0.0,0.0,0.0,0.0,5.0,4.0,0.0,6422593355.0,-1.0,吉林市舒兰市,吉林市舒兰市环城街道,12.0,26.0,0.0,20.0,58.0,41.47,50.14895104895105,46.871929824561406
吉林省,吉林市,舒兰市,吉舒街道,126.7893329,44.2890118,0.0,8.0,1.0,18.0,284.0,0.0,0.0,3.0,0.0,0.0,0.0,0.0,0.0,0.0,0.0,0.0,0.0,0.0,0.0,0.0,1.0,0.0,0.0,0.0,0.0,12.0,2.0,0.0,0.0,1.0,0.0,0.0,0.0,4.0,7.0,4.0,0.0,0.0,1.0,6.0,103.0,0.0,0.0,3.0,0.0,0.0,0.0,0.0,0.0,0.0,0.0,0.0,0.0,0.0,0.0,0.0,1.0,0.0,0.0,0.0,0.0,2.0,1.0,0.0,0.0,0.0,0.0,0.0,0.0,3.0,4.0,3.0,4010768797.0,-1.0,吉林市舒兰市,吉林市舒兰市吉舒街道,12.0,23.5,0.0,2.4,37.9,41.47,50.14895104895105,46.871929824561406
吉林省,吉林市,舒兰市,滨河街道,126.97581,44.40964,17.0,31.0,7.0,9.0,294.0,14.0,0.0,5.0,0.0,4.0,0.0,1.0,4.0,4.0,2.0,3.0,0.0,0.0,0.0,0.0,9.0,0.0,1.0,0.0,0.0,55.0,710.0,0.0,0.0,4.0,0.0,5.0,2.0,10.0,12.0,9.0,5.0,2.0,0.0,0.0,49.0,2.0,0.0,0.0,0.0,0.0,0.0,0.0,0.0,0.0,0.0,0.0,0.0,0.0,0.0,0.0,0.0,0.0,0.0,0.0,0.0,3.0,1.0,0.0,0.0,1.0,0.0,0.0,2.0,1.0,6.0,2.0,-1.0,-1.0,吉林市舒兰市,吉林市舒兰市滨河街道,5.0,26.0,5.0,20.0,56.0,41.47,50.14895104895105,46.871929824561406
吉林省,吉林市,舒兰市,法特镇,126.5172651,44.483465,1.0,0.0,0.0,1.0,0.0,0.0,0.0,0.0,0.0,0.0,0.0,0.0,0.0,0.0,0.0,0.0,0.0,0.0,0.0,0.0,1.0,0.0,0.0,0.0,0.0,10.0,0.0,0.0,0.0,0.0,0.0,0.0,0.0,2.0,2.0,1.0,1.0,0.0,0.0,1.0,0.0,0.0,0.0,0.0,0.0,0.0,0.0,0.0,0.0,0.0,0.0,0.0,0.0,0.0,0.0,0.0,1.0,0.0,0.0,0.0,0.0,1.0,0.0,0.0,0.0,0.0,0.0,0.0,0.0,2.0,2.0,1.0,3962855694.0,-1.0,吉林市舒兰市,吉林市舒兰市法特镇,12.0,7.0,0.0,0.5,19.5,41.47,50.14895104895105,46.871929824561406
吉林省,吉林市,舒兰市,白旗镇,126.517368,44.3782588,11.0,0.0,6.0,8.0,218.0,0.0,0.0,0.0,0.0,0.0,0.0,0.0,0.0,0.0,0.0,0.0,0.0,0.0,0.0,0.0,0.0,0.0,0.0,0.0,0.0,9.0,0.0,0.0,0.0,1.0,0.0,0.0,0.0,2.0,6.0,2.0,1.0,0.0,1.0,6.0,121.0,0.0,0.0,0.0,0.0,0.0,0.0,0.0,0.0,0.0,0.0,0.0,0.0,0.0,0.0,0.0,0.0,0.0,0.0,0.0,0.0,2.0,0.0,0.0,0.0,0.0,0.0,0.0,0.0,2.0,5.0,1.0,3962855729.0,-1.0,吉林市舒兰市,吉林市舒兰市白旗镇,12.0,23.0,0.0,1.1,36.1,41.47,50.14895104895105,46.871929824561406
吉林省,吉林市,舒兰市,溪河镇,126.5200684,44.2807666,1.0,0.0,0.0,11.0,206.0,0.0,0.0,0.0,0.0,0.0,0.0,0.0,0.0,0.0,0.0,0.0,0.0,0.0,0.0,0.0,1.0,0.0,0.0,0.0,0.0,11.0,0.0,0.0,0.0,0.0,0.0,0.0,0.0,7.0,4.0,3.0,1.0,0.0,0.0,4.0,52.0,0.0,0.0,0.0,0.0,0.0,0.0,0.0,0.0,0.0,0.0,0.0,0.0,0.0,0.0,0.0,0.0,0.0,0.0,0.0,0.0,2.0,0.0,0.0,0.0,0.0,0.0,0.0,0.0,2.0,4.0,1.0,3962855699.0,-1.0,吉林市舒兰市,吉林市舒兰市溪河镇,12.0,22.0,0.0,1.5,35.5,41.47,50.14895104895105,46.871929824561406
吉林省,吉林市,舒兰市,朝阳镇,126.81766,44.35935,1.0,2.0,0.0,3.0,199.0,0.0,0.0,0.0,0.0,0.0,0.0,0.0,0.0,0.0,0.0,0.0,0.0,0.0,0.0,0.0,0.0,0.0,0.0,0.0,0.0,16.0,0.0,0.0,0.0,0.0,0.0,0.0,0.0,1.0,6.0,2.0,1.0,0.0,0.0,3.0,59.0,0.0,0.0,0.0,0.0,0.0,0.0,0.0,0.0,0.0,0.0,0.0,0.0,0.0,0.0,0.0,0.0,0.0,0.0,0.0,0.0,3.0,0.0,0.0,0.0,0.0,0.0,0.0,0.0,1.0,3.0,1.0,3962855637.0,-1.0,吉林市舒兰市,吉林市舒兰市朝阳镇,12.0,23.0,0.0,1.0,36.0,41.47,50.14895104895105,46.871929824561406
吉林省,吉林市,舒兰市,小城镇,127.1486499,44.2292004,3.0,0.0,0.0,1.0,98.0,0.0,0.0,0.0,0.0,0.0,0.0,0.0,0.0,0.0,0.0,0.0,0.0,0.0,0.0,0.0,0.0,0.0,0.0,0.0,0.0,9.0,0.0,0.0,0.0,1.0,0.0,0.0,0.0,3.0,3.0,2.0,3.0,0.0,0.0,1.0,48.0,0.0,0.0,0.0,0.0,0.0,0.0,0.0,0.0,0.0,0.0,0.0,0.0,0.0,0.0,0.0,0.0,0.0,0.0,0.0,0.0,2.0,0.0,0.0,0.0,1.0,0.0,0.0,0.0,3.0,3.0,1.0,3962855559.0,-1.0,吉林市舒兰市,吉林市舒兰市小城镇,12.0,21.5,0.0,1.2,34.7,41.47,50.14895104895105,46.871929824561406
吉林省,吉林市,舒兰市,上营镇,127.2515155,44.1412488,3.0,0.0,0.0,1.0,134.0,0.0,0.0,6.0,0.0,0.0,0.0,0.0,0.0,0.0,0.0,0.0,0.0,0.0,0.0,0.0,0.0,0.0,0.0,0.0,0.0,8.0,3.0,0.0,0.0,0.0,0.0,0.0,0.0,3.0,6.0,2.0,1.0,0.0,0.0,1.0,90.0,0.0,0.0,2.0,0.0,0.0,0.0,0.0,0.0,0.0,0.0,0.0,0.0,0.0,0.0,0.0,0.0,0.0,0.0,0.0,0.0,3.0,3.0,0.0,0.0,0.0,0.0,0.0,0.0,3.0,5.0,1.0,3882857074.0,-1.0,吉林市舒兰市,吉林市舒兰市上营镇,12.0,23.0,0.0,1.6,36.6,41.47,50.14895104895105,46.871929824561406
吉林省,吉林市,舒兰市,水曲柳镇,127.0494647,44.4951344,3.0,0.0,5.0,8.0,175.0,0.0,0.0,0.0,0.0,0.0,0.0,0.0,0.0,0.0,0.0,0.0,0.0,0.0,0.0,0.0,5.0,1.0,0.0,0.0,0.0,10.0,0.0,0.0,0.0,1.0,0.0,0.0,0.0,4.0,5.0,5.0,3.0,0.0,2.0,2.0,79.0,0.0,0.0,0.0,0.0,0.0,0.0,0.0,0.0,0.0,0.0,0.0,0.0,0.0,0.0,0.0,2.0,1.0,0.0,0.0,0.0,3.0,0.0,0.0,0.0,1.0,0.0,0.0,0.0,3.0,4.0,2.0,2333085948.0,-1.0,吉林市舒兰市,吉林市舒兰市水曲柳镇,12.0,22.5,0.0,2.7,37.2,41.47,50.14895104895105,46.871929824561406
吉林省,吉林市,舒兰市,平安镇,127.1683117,44.5833957,3.0,0.0,4.0,8.0,233.0,1.0,0.0,0.0,0.0,0.0,0.0,0.0,0.0,0.0,0.0,0.0,0.0,0.0,0.0,0.0,7.0,0.0,0.0,0.0,0.0,21.0,0.0,0.0,0.0,2.0,0.0,0.0,1.0,4.0,8.0,3.0,1.0,0.0,1.0,2.0,89.0,0.0,0.0,0.0,0.0,0.0,0.0,0.0,0.0,0.0,0.0,0.0,0.0,0.0,0.0,0.0,1.0,0.0,0.0,0.0,0.0,3.0,0.0,0.0,0.0,0.0,0.0,0.0,0.0,3.0,5.0,1.0,3959159681.0,-1.0,吉林市舒兰市,吉林市舒兰市平安镇,12.0,24.0,0.0,1.7,37.7,41.47,50.14895104895105,46.871929824561406
吉林省,吉林市,舒兰市,金马镇,127.4175333,44.6124545,1.0,0.0,0.0,7.0,95.0,1.0,0.0,0.0,0.0,0.0,0.0,0.0,0.0,0.0,0.0,0.0,0.0,0.0,0.0,0.0,9.0,0.0,1.0,0.0,0.0,4.0,0.0,0.0,0.0,0.0,0.0,0.0,0.0,8.0,6.0,4.0,0.0,0.0,0.0,4.0,45.0,0.0,0.0,0.0,0.0,0.0,0.0,0.0,0.0,0.0,0.0,0.0,0.0,0.0,0.0,0.0,4.0,0.0,0.0,0.0,0.0,2.0,0.0,0.0,0.0,0.0,0.0,0.0,0.0,8.0,3.0,3.0,2512815261.0,-1.0,吉林市舒兰市,吉林市舒兰市金马镇,11.0,23.0,0.0,2.0,36.0,41.47,50.14895104895105,46.871929824561406
吉林省,吉林市,舒兰市,开原镇,127.2072416,44.4262297,0.0,0.0,2.0,1.0,104.0,0.0,0.0,0.0,0.0,0.0,0.0,0.0,0.0,0.0,0.0,0.0,0.0,0.0,0.0,0.0,0.0,0.0,0.0,0.0,0.0,12.0,0.0,0.0,0.0,0.0,0.0,0.0,0.0,1.0,3.0,2.0,0.0,0.0,2.0,1.0,24.0,0.0,0.0,0.0,0.0,0.0,0.0,0.0,0.0,0.0,0.0,0.0,0.0,0.0,0.0,0.0,0.0,0.0,0.0,0.0,0.0,3.0,0.0,0.0,0.0,0.0,0.0,0.0,0.0,1.0,3.0,1.0,3959159682.0,-1.0,吉林市舒兰市,吉林市舒兰市开原镇,12.0,21.5,0.0,1.0,34.5,41.47,50.14895104895105,46.871929824561406
吉林省,吉林市,舒兰市,莲花乡,126.64917,44.50196,0.0,0.0,1.0,7.0,45.0,0.0,0.0,0.0,0.0,0.0,0.0,0.0,0.0,0.0,0.0,0.0,0.0,0.0,0.0,0.0,0.0,0.0,0.0,0.0,0.0,14.0,0.0,0.0,0.0,0.0,0.0,0.0,0.0,1.0,4.0,0.0,0.0,0.0,0.0,4.0,25.0,0.0,0.0,0.0,0.0,0.0,0.0,0.0,0.0,0.0,0.0,0.0,0.0,0.0,0.0,0.0,0.0,0.0,0.0,0.0,0.0,1.0,0.0,0.0,0.0,0.0,0.0,0.0,0.0,1.0,3.0,0.0,3962855784.0,-1.0,吉林市舒兰市,吉林市舒兰市莲花乡,12.0,22.0,0.0,0.0,34.0,41.47,50.14895104895105,46.871929824561406
吉林省,吉林市,舒兰市,亮甲山乡,126.640147,44.399677,1.0,0.0,1.0,8.0,168.0,0.0,0.0,0.0,0.0,0.0,0.0,0.0,0.0,0.0,0.0,0.0,0.0,0.0,0.0,0.0,0.0,0.0,0.0,0.0,0.0,11.0,2.0,0.0,0.0,0.0,0.0,0.0,0.0,1.0,5.0,1.0,0.0,0.0,1.0,2.0,30.0,0.0,0.0,0.0,0.0,0.0,0.0,0.0,0.0,0.0,0.0,0.0,0.0,0.0,0.0,0.0,0.0,0.0,0.0,0.0,0.0,1.0,0.0,0.0,0.0,0.0,0.0,0.0,0.0,1.0,4.0,0.0,3962855391.0,-1.0,吉林市舒兰市,吉林市舒兰市亮甲山乡,12.0,22.5,0.0,0.7,35.2,41.47,50.14895104895105,46.871929824561406
吉林省,吉林市,舒兰市,新安乡,127.3625191,44.2659779,0.0,0.0,2.0,2.0,91.0,0.0,0.0,0.0,0.0,0.0,0.0,0.0,0.0,0.0,0.0,0.0,0.0,0.0,0.0,0.0,0.0,0.0,0.0,0.0,0.0,9.0,3.0,0.0,0.0,0.0,0.0,0.0,0.0,1.0,5.0,4.0,0.0,0.0,2.0,2.0,31.0,0.0,0.0,0.0,0.0,0.0,0.0,0.0,0.0,0.0,0.0,0.0,0.0,0.0,0.0,0.0,0.0,0.0,0.0,0.0,0.0,2.0,0.0,0.0,0.0,0.0,0.0,0.0,0.0,1.0,4.0,1.0,2512815282.0,-1.0,吉林市舒兰市,吉林市舒兰市新安乡,12.0,22.5,0.0,2.3,36.8,41.47,50.14895104895105,46.871929824561406
吉林省,吉林市,舒兰市,七里乡,127.1942005,44.5130791,0.0,0.0,3.0,5.0,122.0,0.0,0.0,0.0,0.0,0.0,0.0,0.0,0.0,0.0,0.0,0.0,0.0,0.0,0.0,0.0,20.0,0.0,0.0,0.0,0.0,16.0,0.0,0.0,0.0,0.0,0.0,0.0,0.0,1.0,4.0,3.0,0.0,0.0,1.0,1.0,22.0,0.0,0.0,0.0,0.0,0.0,0.0,0.0,0.0,0.0,0.0,0.0,0.0,0.0,0.0,0.0,3.0,0.0,0.0,0.0,0.0,1.0,0.0,0.0,0.0,0.0,0.0,0.0,0.0,1.0,3.0,2.0,3959158725.0,-1.0,吉林市舒兰市,吉林市舒兰市七里乡,12.0,22.0,0.0,1.5,35.5,41.47,50.14895104895105,46.871929824561406
吉林省,吉林市,舒兰市,天德乡,126.8778842,44.4743564,0.0,2.0,1.0,0.0,158.0,1.0,0.0,0.0,0.0,0.0,0.0,0.0,0.0,0.0,0.0,0.0,0.0,0.0,0.0,0.0,0.0,0.0,0.0,0.0,0.0,21.0,0.0,0.0,0.0,1.0,0.0,0.0,0.0,1.0,5.0,1.0,0.0,0.0,1.0,0.0,28.0,0.0,0.0,0.0,0.0,0.0,0.0,0.0,0.0,0.0,0.0,0.0,0.0,0.0,0.0,0.0,0.0,0.0,0.0,0.0,0.0,4.0,0.0,0.0,0.0,1.0,0.0,0.0,0.0,1.0,2.0,0.0,3962855513.0,-1.0,吉林市舒兰市,吉林市舒兰市天德乡,12.0,22.5,0.0,0.7,35.2,41.47,50.14895104895105,46.871929824561406
吉林省,吉林市,磐石市,福安街道,126.0374492,42.9444983,19.0,30.0,30.0,71.0,34.0,1.0,0.0,0.0,1.0,0.0,0.0,0.0,0.0,0.0,0.0,0.0,0.0,0.0,0.0,0.0,1.0,0.0,0.0,0.0,0.0,16.0,12.0,0.0,0.0,1.0,0.0,3.0,0.0,8.0,11.0,4.0,4.0,10.0,2.0,20.0,6.0,0.0,0.0,0.0,0.0,0.0,0.0,0.0,0.0,0.0,0.0,0.0,0.0,0.0,0.0,0.0,0.0,0.0,0.0,0.0,0.0,4.0,2.0,0.0,0.0,0.0,0.0,1.0,0.0,6.0,9.0,2.0,6418893184.0,9505173.0,吉林市磐石市,吉林市磐石市福安街道,20.0,24.6,0.0,3.5,48.1,33.71176470588235,50.14895104895105,46.871929824561406
吉林省,吉林市,磐石市,东宁街道,126.0563941,42.9436267,19.0,33.0,40.0,58.0,49.0,1.0,0.0,0.0,1.0,0.0,0.0,0.0,0.0,0.0,0.0,0.0,0.0,0.0,0.0,0.0,3.0,0.0,0.0,0.0,0.0,20.0,21.0,0.0,0.0,1.0,0.0,3.0,0.0,8.0,12.0,5.0,0.0,13.0,20.0,23.0,13.0,0.0,0.0,0.0,0.0,0.0,0.0,0.0,0.0,0.0,0.0,0.0,0.0,0.0,0.0,0.0,0.0,0.0,0.0,0.0,0.0,2.0,0.0,0.0,0.0,0.0,0.0,3.0,0.0,6.0,5.0,2.0,3962861930.0,9505172.0,吉林市磐石市,吉林市磐石市东宁街道,20.0,26.0,0.0,4.7,50.7,33.71176470588235,50.14895104895105,46.871929824561406
吉林省,吉林市,磐石市,河南街道,126.0599903,42.9347884,15.0,41.0,32.0,57.0,50.0,1.0,0.0,0.0,1.0,0.0,0.0,0.0,0.0,0.0,0.0,0.0,0.0,0.0,0.0,0.0,4.0,0.0,1.0,0.0,0.0,17.0,17.0,0.0,0.0,1.0,0.0,3.0,0.0,8.0,11.0,7.0,3.0,12.0,14.0,27.0,13.0,1.0,0.0,0.0,0.0,0.0,0.0,0.0,0.0,0.0,0.0,0.0,0.0,0.0,0.0,0.0,1.0,0.0,0.0,0.0,0.0,1.0,5.0,0.0,0.0,0.0,0.0,1.0,0.0,7.0,8.0,3.0,6418896085.0,9505174.0,吉林市磐石市,吉林市磐石市河南街道,20.0,26.0,0.0,5.800000000000001,51.8,33.71176470588235,50.14895104895105,46.871929824561406
吉林省,吉林市,磐石市,烟筒山镇,126.0169579,43.2878288,17.0,3.0,0.0,12.0,44.0,0.0,0.0,4.0,1.0,0.0,0.0,0.0,0.0,0.0,0.0,0.0,0.0,0.0,0.0,0.0,9.0,0.0,0.0,0.0,0.0,17.0,44.0,0.0,0.0,0.0,0.0,0.0,0.0,9.0,9.0,7.0,11.0,0.0,0.0,4.0,16.0,0.0,0.0,4.0,1.0,0.0,0.0,0.0,0.0,0.0,0.0,0.0,0.0,0.0,0.0,0.0,1.0,0.0,0.0,0.0,0.0,4.0,34.0,0.0,0.0,0.0,0.0,0.0,0.0,7.0,5.0,4.0,1548856856.0,-1.0,吉林市磐石市,吉林市磐石市烟筒山镇,12.0,26.0,0.0,11.3,49.3,33.71176470588235,50.14895104895105,46.871929824561406
吉林省,吉林市,磐石市,红旗岭镇,126.42984,42.91739,0.0,0.0,2.0,1.0,12.0,0.0,0.0,0.0,0.0,0.0,0.0,0.0,0.0,0.0,0.0,0.0,0.0,0.0,0.0,0.0,10.0,0.0,4.0,0.0,0.0,14.0,0.0,0.0,0.0,3.0,0.0,0.0,0.0,1.0,4.0,4.0,0.0,0.0,1.0,0.0,5.0,0.0,0.0,0.0,0.0,0.0,0.0,0.0,0.0,0.0,0.0,0.0,0.0,0.0,0.0,0.0,1.0,0.0,2.0,0.0,0.0,2.0,0.0,0.0,0.0,1.0,0.0,0.0,0.0,1.0,2.0,3.0,3962861977.0,-1.0,吉林市磐石市,吉林市磐石市红旗岭镇,12.0,11.9,0.0,2.4,26.299999999999997,33.71176470588235,50.14895104895105,46.871929824561406
吉林省,吉林市,磐石市,明城镇,126.0099155,43.1888861,5.0,0.0,0.0,14.0,35.0,3.0,0.0,0.0,1.0,0.0,0.0,0.0,0.0,0.0,0.0,0.0,0.0,0.0,0.0,0.0,3.0,0.0,2.0,0.0,0.0,10.0,4.0,0.0,0.0,1.0,0.0,0.0,0.0,6.0,6.0,4.0,3.0,0.0,0.0,8.0,6.0,0.0,0.0,0.0,1.0,0.0,0.0,0.0,0.0,0.0,0.0,0.0,0.0,0.0,0.0,0.0,1.0,0.0,1.0,0.0,0.0,2.0,0.0,0.0,0.0,0.0,0.0,0.0,0.0,4.0,4.0,3.0,1548856818.0,-1.0,吉林市磐石市,吉林市磐石市明城镇,12.0,23.8,0.0,2.5,38.3,33.71176470588235,50.14895104895105,46.871929824561406
吉林省,吉林市,磐石市,石嘴镇,126.15091,43.0588,0.0,0.0,1.0,0.0,0.0,0.0,0.0,0.0,0.0,0.0,0.0,0.0,0.0,0.0,0.0,0.0,0.0,0.0,0.0,0.0,0.0,0.0,0.0,0.0,0.0,10.0,0.0,0.0,0.0,0.0,0.0,0.0,0.0,2.0,1.0,0.0,0.0,0.0,1.0,0.0,0.0,0.0,0.0,0.0,0.0,0.0,0.0,0.0,0.0,0.0,0.0,0.0,0.0,0.0,0.0,0.0,0.0,0.0,0.0,0.0,0.0,1.0,0.0,0.0,0.0,0.0,0.0,0.0,0.0,1.0,1.0,0.0,3962861881.0,-1.0,吉林市磐石市,吉林市磐石市石嘴镇,12.0,5.5,0.0,0.0,17.5,33.71176470588235,50.14895104895105,46.871929824561406
吉林省,吉林市,磐石市,驿马镇,126.2334225,43.1273557,1.0,0.0,0.0,0.0,25.0,0.0,0.0,0.0,0.0,0.0,0.0,0.0,0.0,0.0,0.0,0.0,0.0,0.0,0.0,0.0,3.0,0.0,0.0,0.0,0.0,7.0,29.0,0.0,0.0,0.0,0.0,0.0,0.0,4.0,4.0,3.0,1.0,0.0,0.0,0.0,11.0,0.0,0.0,0.0,0.0,0.0,0.0,0.0,0.0,0.0,0.0,0.0,0.0,0.0,0.0,0.0,0.0,0.0,0.0,0.0,0.0,1.0,12.0,0.0,0.0,0.0,0.0,0.0,0.0,3.0,3.0,1.0,3811973064.0,-1.0,吉林市磐石市,吉林市磐石市驿马镇,12.0,15.3,0.0,5.6000000000000005,32.9,33.71176470588235,50.14895104895105,46.871929824561406
吉林省,吉林市,磐石市,牛心镇,126.13953,42.87353,0.0,0.0,2.0,3.0,4.0,1.0,0.0,0.0,1.0,0.0,0.0,0.0,0.0,0.0,0.0,0.0,0.0,0.0,0.0,0.0,12.0,0.0,2.0,0.0,0.0,10.0,3.0,0.0,0.0,0.0,0.0,0.0,0.0,4.0,5.0,5.0,0.0,0.0,2.0,1.0,0.0,1.0,0.0,0.0,0.0,0.0,0.0,0.0,0.0,0.0,0.0,0.0,0.0,0.0,0.0,0.0,1.0,0.0,1.0,0.0,0.0,2.0,2.0,0.0,0.0,0.0,0.0,0.0,0.0,3.0,3.0,5.0,3962861790.0,-1.0,吉林市磐石市,吉林市磐石市牛心镇,12.0,13.3,0.0,3.0,28.3,33.71176470588235,50.14895104895105,46.871929824561406
吉林省,吉林市,磐石市,呼兰镇,126.4411819,43.0189326,1.0,2.0,0.0,4.0,9.0,0.0,0.0,0.0,0.0,0.0,0.0,0.0,0.0,0.0,0.0,0.0,0.0,0.0,0.0,0.0,6.0,0.0,1.0,0.0,0.0,11.0,0.0,0.0,0.0,0.0,0.0,0.0,0.0,3.0,6.0,2.0,1.0,0.0,0.0,2.0,3.0,0.0,0.0,0.0,0.0,0.0,0.0,0.0,0.0,0.0,0.0,0.0,0.0,0.0,0.0,0.0,3.0,0.0,1.0,0.0,0.0,4.0,0.0,0.0,0.0,0.0,0.0,0.0,0.0,2.0,4.0,2.0,3812013726.0,-1.0,吉林市磐石市,吉林市磐石市呼兰镇,12.0,14.7,0.0,1.0,27.7,33.71176470588235,50.14895104895105,46.871929824561406
吉林省,吉林市,磐石市,吉昌镇,125.86093,43.20822,0.0,0.0,3.0,5.0,37.0,1.0,0.0,0.0,0.0,0.0,0.0,0.0,0.0,0.0,0.0,0.0,0.0,0.0,0.0,0.0,11.0,0.0,3.0,0.0,0.0,12.0,30.0,0.0,0.0,0.0,0.0,0.0,0.0,2.0,6.0,7.0,0.0,0.0,3.0,3.0,14.0,0.0,0.0,0.0,0.0,0.0,0.0,0.0,0.0,0.0,0.0,0.0,0.0,0.0,0.0,0.0,2.0,0.0,2.0,0.0,0.0,3.0,21.0,0.0,0.0,0.0,0.0,0.0,0.0,2.0,4.0,4.0,3962860163.0,-1.0,吉林市磐石市,吉林市磐石市吉昌镇,12.0,23.0,0.0,8.600000000000001,43.6,33.71176470588235,50.14895104895105,46.871929824561406
吉林省,吉林市,磐石市,松山镇,126.5563,42.7663,0.0,0.0,1.0,1.0,0.0,0.0,0.0,0.0,0.0,0.0,0.0,0.0,0.0,0.0,0.0,0.0,0.0,0.0,0.0,0.0,0.0,0.0,0.0,0.0,0.0,7.0,0.0,0.0,0.0,0.0,0.0,0.0,0.0,1.0,2.0,0.0,0.0,0.0,1.0,1.0,0.0,0.0,0.0,0.0,0.0,0.0,0.0,0.0,0.0,0.0,0.0,0.0,0.0,0.0,0.0,0.0,0.0,0.0,0.0,0.0,0.0,3.0,0.0,0.0,0.0,0.0,0.0,0.0,0.0,1.0,2.0,0.0,3962861481.0,-1.0,吉林市磐石市,吉林市磐石市松山镇,12.0,7.0,0.0,0.0,19.0,33.71176470588235,50.14895104895105,46.871929824561406
吉林省,吉林市,磐石市,黑石镇,126.49755,42.83587,0.0,0.0,7.0,3.0,0.0,0.0,0.0,0.0,0.0,0.0,0.0,0.0,0.0,0.0,0.0,0.0,0.0,0.0,0.0,0.0,8.0,0.0,0.0,0.0,0.0,8.0,0.0,0.0,0.0,0.0,0.0,0.0,0.0,2.0,2.0,3.0,0.0,0.0,5.0,0.0,0.0,0.0,0.0,0.0,0.0,0.0,0.0,0.0,0.0,0.0,0.0,0.0,0.0,0.0,0.0,0.0,3.0,0.0,0.0,0.0,0.0,2.0,0.0,0.0,0.0,0.0,0.0,0.0,0.0,2.0,1.0,3.0,3962863081.0,-1.0,吉林市磐石市,吉林市磐石市黑石镇,12.0,9.0,0.0,1.5,22.5,33.71176470588235,50.14895104895105,46.871929824561406
吉林省,吉林市,磐石市,朝阳山镇,125.7252473,43.0264167,4.0,1.0,0.0,1.0,13.0,0.0,0.0,0.0,0.0,0.0,0.0,0.0,0.0,0.0,0.0,0.0,0.0,0.0,0.0,0.0,10.0,0.0,0.0,0.0,0.0,8.0,0.0,0.0,0.0,0.0,0.0,0.0,0.0,7.0,6.0,4.0,1.0,1.0,0.0,1.0,3.0,0.0,0.0,0.0,0.0,0.0,0.0,0.0,0.0,0.0,0.0,0.0,0.0,0.0,0.0,0.0,2.0,0.0,0.0,0.0,0.0,2.0,0.0,0.0,0.0,0.0,0.0,0.0,0.0,5.0,5.0,1.0,3464964538.0,-1.0,吉林市磐石市,吉林市磐石市朝阳山镇,12.0,12.5,0.0,2.0,26.5,33.71176470588235,50.14895104895105,46.871929824561406
吉林省,吉林市,磐石市,富太镇,126.2619524,42.9697083,0.0,3.0,0.0,3.0,4.0,0.0,0.0,0.0,0.0,0.0,0.0,0.0,0.0,0.0,0.0,0.0,0.0,0.0,0.0,0.0,11.0,0.0,0.0,0.0,0.0,9.0,0.0,0.0,0.0,1.0,0.0,0.0,0.0,1.0,4.0,4.0,0.0,3.0,0.0,0.0,3.0,0.0,0.0,0.0,0.0,0.0,0.0,0.0,0.0,0.0,0.0,0.0,0.0,0.0,0.0,0.0,1.0,0.0,0.0,0.0,0.0,2.0,0.0,0.0,0.0,1.0,0.0,0.0,0.0,1.0,3.0,2.0,3812014215.0,-1.0,吉林市磐石市,吉林市磐石市富太镇,12.0,11.7,0.0,2.2,25.9,33.71176470588235,50.14895104895105,46.871929824561406
吉林省,吉林市,磐石市,取柴河镇,126.1611838,43.3454147,3.0,0.0,0.0,8.0,4.0,0.0,0.0,0.0,1.0,0.0,0.0,0.0,0.0,0.0,0.0,0.0,0.0,0.0,0.0,0.0,5.0,0.0,1.0,0.0,0.0,6.0,0.0,0.0,0.0,0.0,0.0,0.0,0.0,4.0,4.0,5.0,3.0,0.0,0.0,1.0,4.0,0.0,0.0,0.0,1.0,0.0,0.0,0.0,0.0,0.0,0.0,0.0,0.0,0.0,0.0,0.0,3.0,0.0,1.0,0.0,0.0,2.0,0.0,0.0,0.0,0.0,0.0,0.0,0.0,4.0,3.0,4.0,1548856835.0,-1.0,吉林市磐石市,吉林市磐石市取柴河镇,12.0,16.0,0.0,2.5,30.5,33.71176470588235,50.14895104895105,46.871929824561406
吉林省,吉林市,磐石市,宝山乡,126.0415524,42.8886986,3.0,0.0,0.0,5.0,17.0,1.0,0.0,0.0,0.0,0.0,0.0,0.0,0.0,0.0,0.0,0.0,0.0,0.0,0.0,0.0,10.0,0.0,2.0,0.0,0.0,9.0,4.0,0.0,0.0,0.0,0.0,0.0,0.0,5.0,5.0,6.0,2.0,0.0,0.0,1.0,9.0,1.0,0.0,0.0,0.0,0.0,0.0,0.0,0.0,0.0,0.0,0.0,0.0,0.0,0.0,0.0,3.0,0.0,1.0,0.0,0.0,1.0,2.0,0.0,0.0,0.0,0.0,0.0,0.0,3.0,4.0,3.0,2289785319.0,-1.0,吉林市磐石市,吉林市磐石市宝山乡,12.0,18.6,0.0,3.6,34.2,33.71176470588235,50.14895104895105,46.871929824561406
吉林省,四平市,铁西区,仁兴街道,124.3595551,43.1749318,10.0,67.0,39.0,26.0,126.0,28.0,0.0,5.0,9.0,2.0,1.0,1.0,1.0,1.0,2.0,2.0,0.0,0.0,0.0,13.0,15.0,1.0,1.0,1.0,0.0,13.0,1078.0,0.0,0.0,1.0,0.0,49.0,1.0,19.0,16.0,11.0,0.0,17.0,3.0,3.0,36.0,1.0,0.0,1.0,0.0,0.0,0.0,0.0,0.0,0.0,0.0,0.0,0.0,0.0,0.0,3.0,0.0,0.0,0.0,0.0,0.0,2.0,109.0,0.0,0.0,0.0,0.0,3.0,1.0,5.0,7.0,5.0,6403576607.0,9484290.0,四平市铁西区,四平市铁西区仁兴街道,20.0,30.0,8.0,20.0,78.0,74.01666666666667,36.45454545454545,46.871929824561406
吉林省,四平市,铁西区,英雄街道,124.3419894,43.1574683,17.0,58.0,41.0,24.0,99.0,37.0,0.0,19.0,13.0,2.0,2.0,1.0,0.0,0.0,1.0,1.0,0.0,0.0,0.0,3.0,12.0,0.0,24.0,2.0,0.0,9.0,466.0,0.0,0.0,1.0,0.0,10.0,2.0,18.0,17.0,12.0,0.0,8.0,8.0,3.0,12.0,22.0,0.0,1.0,0.0,0.0,1.0,1.0,0.0,0.0,1.0,1.0,0.0,0.0,0.0,0.0,6.0,0.0,0.0,1.0,0.0,1.0,3.0,0.0,0.0,0.0,0.0,3.0,0.0,3.0,8.0,5.0,6403576608.0,9484291.0,四平市铁西区,四平市铁西区英雄街道,20.0,30.0,10.0,20.0,80.0,74.01666666666667,36.45454545454545,46.871929824561406
吉林省,四平市,铁西区,站前街道,124.356454,43.1568168,19.0,73.0,50.0,25.0,128.0,30.0,0.0,9.0,15.0,2.0,2.0,1.0,1.0,1.0,3.0,3.0,0.0,0.0,0.0,15.0,18.0,0.0,1.0,2.0,0.0,12.0,1154.0,0.0,0.0,1.0,0.0,51.0,1.0,18.0,18.0,11.0,0.0,26.0,10.0,4.0,23.0,4.0,0.0,0.0,2.0,0.0,1.0,0.0,0.0,0.0,1.0,1.0,0.0,0.0,0.0,0.0,8.0,0.0,0.0,1.0,0.0,1.0,13.0,0.0,0.0,0.0,0.0,2.0,0.0,6.0,7.0,8.0,6403576609.0,9484292.0,四平市铁西区,四平市铁西区站前街道,20.0,30.0,10.0,20.0,80.0,74.01666666666667,36.45454545454545,46.871929824561406
吉林省,四平市,铁西区,北沟街道,124.3712746,43.1809808,10.0,64.0,27.0,31.0,119.0,8.0,0.0,4.0,5.0,2.0,0.0,1.0,1.0,1.0,2.0,2.0,0.0,0.0,0.0,14.0,11.0,1.0,0.0,0.0,0.0,10.0,1192.0,0.0,0.0,0.0,0.0,64.0,1.0,18.0,14.0,11.0,0.0,7.0,5.0,1.0,25.0,1.0,0.0,0.0,0.0,0.0,0.0,0.0,0.0,0.0,0.0,0.0,0.0,0.0,0.0,0.0,1.0,0.0,0.0,0.0,0.0,1.0,46.0,0.0,0.0,0.0,0.0,1.0,0.0,7.0,6.0,5.0,6403576604.0,-1.0,四平市铁西区,四平市铁西区北沟街道,12.0,28.0,5.0,20.0,65.0,74.01666666666667,36.45454545454545,46.871929824561406
吉林省,四平市,铁西区,地直街道,124.33755,43.1745863,17.0,58.0,25.0,22.0,83.0,41.0,0.0,13.0,9.0,2.0,1.0,1.0,0.0,0.0,1.0,1.0,0.0,0.0,0.0,3.0,10.0,0.0,1.0,1.0,0.0,7.0,221.0,0.0,0.0,3.0,0.0,10.0,5.0,15.0,13.0,11.0,0.0,13.0,10.0,6.0,9.0,0.0,0.0,0.0,4.0,0.0,0.0,0.0,0.0,0.0,0.0,0.0,0.0,0.0,0.0,0.0,2.0,0.0,0.0,0.0,0.0,1.0,7.0,0.0,0.0,1.0,0.0,0.0,0.0,4.0,6.0,3.0,6403576605.0,9484288.0,四平市铁西区,四平市铁西区地直街道,20.0,30.0,5.0,20.0,75.0,74.01666666666667,36.45454545454545,46.871929824561406
吉林省,四平市,铁西区,平西乡,124.332522,43.1829932,17.0,48.0,26.0,21.0,58.0,23.0,0.0,12.0,4.0,2.0,0.0,1.0,0.0,0.0,1.0,1.0,0.0,0.0,0.0,1.0,4.0,0.0,2.0,0.0,0.0,4.0,88.0,0.0,0.0,3.0,0.0,7.0,5.0,5.0,11.0,9.0,0.0,8.0,8.0,4.0,4.0,0.0,0.0,0.0,0.0,0.0,0.0,0.0,0.0,0.0,0.0,0.0,0.0,0.0,0.0,0.0,2.0,0.0,0.0,0.0,0.0,1.0,9.0,0.0,0.0,1.0,0.0,0.0,0.0,3.0,6.0,5.0,6403576606.0,9484289.0,四平市铁西区,四平市铁西区平西乡,19.0,28.0,5.0,14.100000000000001,66.1,74.01666666666667,36.45454545454545,46.871929824561406
吉林省,四平市,铁东区,平东街道,124.3911029,43.1504365,14.0,46.0,44.0,30.0,92.0,21.0,11.0,80.0,18.0,5.0,2.0,0.0,1.0,1.0,3.0,3.0,0.0,0.0,0.0,18.0,16.0,1.0,5.0,1.0,0.0,11.0,1239.0,0.0,0.0,4.0,0.0,70.0,0.0,19.0,16.0,10.0,0.0,10.0,3.0,4.0,7.0,2.0,0.0,0.0,4.0,0.0,0.0,0.0,0.0,0.0,2.0,2.0,0.0,0.0,0.0,3.0,7.0,0.0,3.0,0.0,0.0,1.0,158.0,0.0,0.0,1.0,0.0,16.0,0.0,3.0,8.0,4.0,6402688423.0,-1.0,四平市铁东区,四平市铁东区平东街道,12.0,30.0,8.0,20.0,70.0,57.84166666666667,36.45454545454545,46.871929824561406
吉林省,四平市,铁东区,北市场街道,124.3704341,43.1617984,14.0,73.0,44.0,27.0,141.0,33.0,0.0,7.0,9.0,2.0,1.0,1.0,1.0,1.0,4.0,4.0,0.0,0.0,0.0,17.0,24.0,1.0,4.0,1.0,0.0,13.0,1309.0,0.0,0.0,2.0,0.0,71.0,1.0,20.0,18.0,11.0,6.0,20.0,0.0,5.0,45.0,3.0,0.0,4.0,5.0,2.0,0.0,0.0,0.0,0.0,0.0,0.0,0.0,0.0,0.0,7.0,0.0,0.0,0.0,0.0,0.0,2.0,470.0,0.0,0.0,0.0,0.0,3.0,0.0,11.0,10.0,2.0,6402688419.0,9482439.0,四平市铁东区,四平市铁东区北市场街道,20.0,30.0,11.0,20.0,81.0,57.84166666666667,36.45454545454545,46.871929824561406
吉林省,四平市,铁东区,七马路街道,124.3883601,43.1614411,16.0,60.0,30.0,23.0,117.0,18.0,8.0,80.0,9.0,5.0,1.0,0.0,1.0,1.0,3.0,3.0,0.0,0.0,0.0,18.0,19.0,1.0,4.0,2.0,0.0,13.0,1316.0,0.0,0.0,3.0,0.0,73.0,1.0,20.0,16.0,11.0,0.0,5.0,6.0,4.0,36.0,0.0,0.0,0.0,0.0,2.0,0.0,0.0,1.0,1.0,2.0,2.0,0.0,0.0,0.0,13.0,9.0,1.0,0.0,0.0,0.0,2.0,719.0,0.0,0.0,0.0,0.0,56.0,0.0,3.0,4.0,4.0,6402688425.0,9482441.0,四平市铁东区,四平市铁东区七马路街道,20.0,30.0,16.0,20.0,86.0,57.84166666666667,36.45454545454545,46.871929824561406
吉林省,四平市,铁东区,四马路街道,124.3896336,43.1659425,12.0,57.0,33.0,23.0,112.0,17.0,0.0,36.0,9.0,4.0,1.0,0.0,1.0,1.0,3.0,3.0,0.0,0.0,0.0,18.0,17.0,1.0,4.0,1.0,0.0,12.0,1315.0,0.0,0.0,3.0,0.0,73.0,1.0,19.0,15.0,13.0,6.0,9.0,6.0,7.0,36.0,3.0,0.0,0.0,0.0,2.0,0.0,0.0,1.0,1.0,2.0,2.0,0.0,0.0,0.0,11.0,8.0,1.0,0.0,0.0,0.0,2.0,624.0,0.0,0.0,0.0,0.0,49.0,0.0,4.0,9.0,3.0,6402688427.0,-1.0,四平市铁东区,四平市铁东区四马路街道,12.0,30.0,16.0,20.0,78.0,57.84166666666667,36.45454545454545,46.871929824561406
吉林省,四平市,铁东区,解放街道,124.3833723,43.1844713,10.0,32.0,21.0,20.0,103.0,10.0,0.0,4.0,5.0,2.0,0.0,0.0,1.0,1.0,2.0,2.0,0.0,0.0,0.0,14.0,11.0,1.0,0.0,0.0,0.0,8.0,1109.0,0.0,0.0,0.0,0.0,55.0,1.0,17.0,13.0,9.0,6.0,3.0,7.0,4.0,14.0,0.0,0.0,0.0,0.0,0.0,0.0,0.0,0.0,0.0,0.0,0.0,0.0,0.0,0.0,0.0,2.0,0.0,0.0,0.0,0.0,1.0,9.0,0.0,0.0,0.0,0.0,0.0,0.0,5.0,7.0,5.0,6402688422.0,9482440.0,四平市铁东区,四平市铁东区解放街道,20.0,28.0,0.0,20.0,68.0,57.84166666666667,36.45454545454545,46.871929824561406
吉林省,四平市,铁东区,北门街道,124.3929641,43.1758728,10.0,48.0,21.0,18.0,111.0,13.0,0.0,4.0,9.0,2.0,0.0,0.0,1.0,1.0,3.0,3.0,0.0,0.0,0.0,18.0,15.0,1.0,3.0,0.0,0.0,10.0,1303.0,0.0,0.0,2.0,0.0,68.0,0.0,18.0,14.0,9.0,2.0,0.0,4.0,6.0,14.0,3.0,0.0,0.0,0.0,0.0,0.0,0.0,0.0,0.0,0.0,0.0,0.0,0.0,0.0,1.0,1.0,0.0,0.0,0.0,0.0,1.0,116.0,0.0,0.0,0.0,0.0,11.0,0.0,2.0,5.0,4.0,6402688418.0,-1.0,四平市铁东区,四平市铁东区北门街道,12.0,28.0,1.0,20.0,61.0,57.84166666666667,36.45454545454545,46.871929824561406
吉林省,四平市,铁东区,黄土坑街道,124.3712178,43.1495075,21.0,62.0,49.0,25.0,118.0,34.0,0.0,44.0,9.0,5.0,2.0,1.0,1.0,1.0,4.0,4.0,0.0,0.0,0.0,17.0,21.0,1.0,4.0,2.0,0.0,13.0,1302.0,0.0,0.0,3.0,0.0,74.0,1.0,20.0,18.0,12.0,6.0,14.0,8.0,1.0,13.0,0.0,0.0,0.0,0.0,0.0,0.0,0.0,0.0,0.0,0.0,0.0,0.0,0.0,0.0,0.0,1.0,0.0,1.0,0.0,0.0,1.0,58.0,0.0,0.0,0.0,0.0,0.0,0.0,6.0,7.0,4.0,6402688421.0,-1.0,四平市铁东区,四平市铁东区黄土坑街道,12.0,30.0,5.0,20.0,67.0,57.84166666666667,36.45454545454545,46.871929824561406
吉林省,四平市,铁东区,平南街道,124.3919581,43.1380925,15.0,34.0,44.0,24.0,52.0,15.0,11.0,84.0,19.0,4.0,2.0,0.0,1.0,1.0,3.0,3.0,0.0,0.0,0.0,7.0,13.0,1.0,6.0,1.0,0.0,6.0,616.0,0.0,0.0,5.0,0.0,44.0,0.0,9.0,17.0,8.0,0.0,2.0,5.0,1.0,1.0,3.0,0.0,14.0,1.0,2.0,0.0,0.0,0.0,0.0,0.0,0.0,0.0,0.0,0.0,0.0,0.0,0.0,0.0,0.0,0.0,1.0,1.0,0.0,0.0,1.0,0.0,1.0,0.0,2.0,6.0,2.0,6402688424.0,-1.0,四平市铁东区,四平市铁东区平南街道,12.0,30.0,0.0,20.0,62.0,57.84166666666667,36.45454545454545,46.871929824561406
吉林省,四平市,铁东区,山门镇,124.427708,43.0763228,0.0,5.0,0.0,2.0,10.0,7.0,0.0,0.0,0.0,0.0,1.0,0.0,0.0,0.0,0.0,0.0,0.0,0.0,0.0,0.0,1.0,0.0,0.0,0.0,0.0,2.0,2.0,0.0,0.0,4.0,0.0,0.0,1.0,10.0,6.0,5.0,0.0,3.0,0.0,2.0,4.0,0.0,0.0,0.0,0.0,0.0,0.0,0.0,0.0,0.0,0.0,0.0,0.0,0.0,0.0,0.0,1.0,0.0,0.0,0.0,0.0,1.0,0.0,0.0,0.0,0.0,0.0,0.0,0.0,7.0,3.0,1.0,6402634325.0,-1.0,四平市铁东区,四平市铁东区山门镇,9.0,15.2,0.0,3.1,27.3,57.84166666666667,36.45454545454545,46.871929824561406
吉林省,四平市,铁东区,石岭镇,124.7038383,43.0943033,6.0,0.0,7.0,2.0,10.0,0.0,0.0,0.0,0.0,0.0,0.0,0.0,0.0,0.0,0.0,0.0,0.0,0.0,0.0,0.0,0.0,0.0,1.0,0.0,0.0,1.0,0.0,0.0,0.0,0.0,0.0,0.0,0.0,3.0,10.0,2.0,2.0,0.0,7.0,2.0,10.0,0.0,0.0,0.0,0.0,0.0,0.0,0.0,0.0,0.0,0.0,0.0,0.0,0.0,0.0,0.0,0.0,0.0,1.0,0.0,0.0,1.0,0.0,0.0,0.0,0.0,0.0,0.0,0.0,3.0,8.0,1.0,2288680492.0,-1.0,四平市铁东区,四平市铁东区石岭镇,8.0,16.0,0.0,1.0,25.0,57.84166666666667,36.45454545454545,46.871929824561406
吉林省,四平市,铁东区,叶赫满族镇,124.5298522,42.9432857,0.0,4.0,4.0,0.0,0.0,0.0,0.0,0.0,0.0,0.0,0.0,0.0,0.0,0.0,1.0,1.0,0.0,0.0,0.0,0.0,0.0,0.0,0.0,0.0,0.0,13.0,0.0,0.0,0.0,0.0,0.0,0.0,0.0,1.0,2.0,1.0,0.0,4.0,1.0,0.0,0.0,0.0,0.0,0.0,0.0,0.0,0.0,0.0,0.0,0.0,1.0,1.0,0.0,0.0,0.0,0.0,0.0,0.0,0.0,0.0,0.0,3.0,0.0,0.0,0.0,0.0,0.0,0.0,0.0,1.0,2.0,1.0,6402688428.0,-1.0,四平市铁东区,四平市铁东区叶赫满族镇,12.0,6.0,5.0,0.5,23.5,57.84166666666667,36.45454545454545,46.871929824561406
吉林省,四平市,铁东区,城东乡,124.3778602,43.1279703,23.0,21.0,36.0,13.0,23.0,6.0,1.0,69.0,9.0,3.0,1.0,0.0,0.0,0.0,1.0,1.0,0.0,0.0,0.0,2.0,3.0,0.0,1.0,0.0,0.0,4.0,40.0,0.0,0.0,1.0,0.0,2.0,0.0,16.0,17.0,8.0,2.0,0.0,8.0,2.0,5.0,1.0,0.0,0.0,0.0,0.0,0.0,0.0,0.0,0.0,0.0,0.0,0.0,0.0,0.0,0.0,1.0,0.0,0.0,0.0,0.0,1.0,0.0,0.0,0.0,1.0,0.0,0.0,0.0,2.0,6.0,2.0,6402688420.0,-1.0,四平市铁东区,四平市铁东区城东乡,11.0,26.1,0.0,8.2,45.3,57.84166666666667,36.45454545454545,46.871929824561406
吉林省,四平市,梨树县,富强街道,124.349627,43.307715,10.0,5.0,29.0,27.0,79.0,17.0,0.0,1.0,1.0,0.0,1.0,3.0,0.0,0.0,1.0,3.0,1.0,0.0,0.0,0.0,5.0,0.0,1.0,0.0,0.0,1.0,2.0,0.0,0.0,1.0,0.0,10.0,0.0,5.0,12.0,3.0,0.0,0.0,5.0,11.0,3.0,2.0,0.0,0.0,0.0,0.0,0.0,0.0,0.0,0.0,0.0,1.0,0.0,0.0,0.0,0.0,4.0,0.0,1.0,0.0,0.0,0.0,0.0,0.0,0.0,1.0,0.0,2.0,0.0,0.0,4.0,3.0,-1.0,-1.0,四平市梨树县,四平市梨树县富强街道,1.0,28.0,5.0,1.9,35.9,22.295833333333334,36.45454545454545,46.871929824561406
吉林省,四平市,梨树县,康平街道,124.385056,43.323041,0.0,0.0,6.0,4.0,5.0,0.0,0.0,0.0,0.0,0.0,0.0,0.0,0.0,0.0,0.0,0.0,0.0,0.0,0.0,0.0,0.0,0.0,0.0,0.0,0.0,0.0,0.0,0.0,0.0,3.0,0.0,0.0,0.0,0.0,3.0,0.0,0.0,0.0,1.0,0.0,0.0,0.0,0.0,0.0,0.0,0.0,0.0,0.0,0.0,0.0,0.0,0.0,0.0,0.0,0.0,0.0,0.0,0.0,0.0,0.0,0.0,0.0,0.0,0.0,0.0,1.0,0.0,0.0,0.0,0.0,1.0,0.0,-1.0,-1.0,四平市梨树县,四平市梨树县康平街道,0.0,11.5,0.0,0.4,11.9,22.295833333333334,36.45454545454545,46.871929824561406
吉林省,四平市,梨树县,霍家店街道,124.347487,43.325661,4.0,0.0,18.0,23.0,46.0,14.0,0.0,1.0,1.0,0.0,0.0,0.0,0.0,0.0,0.0,2.0,0.0,0.0,0.0,0.0,5.0,0.0,1.0,0.0,0.0,2.0,2.0,0.0,0.0,1.0,0.0,6.0,0.0,2.0,7.0,5.0,0.0,0.0,1.0,4.0,3.0,0.0,0.0,0.0,0.0,0.0,0.0,0.0,0.0,0.0,0.0,0.0,0.0,0.0,0.0,0.0,0.0,0.0,0.0,0.0,0.0,0.0,1.0,0.0,0.0,0.0,0.0,0.0,0.0,0.0,3.0,0.0,-1.0,-1.0,四平市梨树县,四平市梨树县霍家店街道,2.0,25.5,0.0,2.9,30.4,22.295833333333334,36.45454545454545,46.871929824561406
吉林省,四平市,梨树县,梨树镇,124.3293671,43.3038227,11.0,5.0,30.0,31.0,77.0,18.0,0.0,1.0,1.0,0.0,1.0,3.0,0.0,0.0,1.0,3.0,1.0,0.0,0.0,0.0,5.0,0.0,1.0,0.0,0.0,1.0,7.0,0.0,0.0,1.0,0.0,11.0,0.0,5.0,13.0,3.0,4.0,0.0,19.0,10.0,53.0,13.0,0.0,0.0,1.0,0.0,0.0,0.0,0.0,0.0,0.0,0.0,0.0,0.0,0.0,0.0,0.0,0.0,0.0,0.0,0.0,1.0,1.0,0.0,0.0,0.0,0.0,4.0,0.0,2.0,5.0,1.0,3379083530.0,-1.0,四平市梨树县,四平市梨树县梨树镇,8.0,28.0,5.0,2.4,43.4,22.295833333333334,36.45454545454545,46.871929824561406
吉林省,四平市,梨树县,郭家店镇,124.5760555,43.3427889,2.0,0.0,6.0,12.0,7.0,0.0,0.0,0.0,1.0,0.0,1.0,0.0,0.0,0.0,0.0,0.0,0.0,0.0,0.0,0.0,1.0,0.0,0.0,0.0,0.0,1.0,62.0,0.0,0.0,3.0,0.0,0.0,0.0,2.0,6.0,1.0,0.0,0.0,5.0,1.0,4.0,0.0,0.0,0.0,1.0,0.0,0.0,0.0,0.0,0.0,0.0,0.0,0.0,0.0,0.0,0.0,0.0,0.0,0.0,0.0,0.0,1.0,6.0,0.0,0.0,0.0,0.0,0.0,0.0,2.0,4.0,0.0,3810930297.0,-1.0,四平市梨树县,四平市梨树县郭家店镇,8.0,19.6,0.0,7.6000000000000005,35.2,22.295833333333334,36.45454545454545,46.871929824561406
吉林省,四平市,梨树县,榆树台镇,124.2866336,43.4757522,3.0,2.0,0.0,1.0,2.0,0.0,0.0,0.0,0.0,0.0,0.0,0.0,0.0,0.0,0.0,0.0,0.0,0.0,0.0,0.0,0.0,0.0,0.0,0.0,0.0,1.0,0.0,0.0,0.0,0.0,0.0,0.0,0.0,1.0,4.0,0.0,3.0,2.0,0.0,1.0,0.0,0.0,0.0,0.0,0.0,0.0,0.0,0.0,0.0,0.0,0.0,0.0,0.0,0.0,0.0,0.0,0.0,0.0,0.0,0.0,0.0,1.0,0.0,0.0,0.0,0.0,0.0,0.0,0.0,1.0,3.0,0.0,3810912393.0,-1.0,四平市梨树县,四平市梨树县榆树台镇,8.0,8.4,0.0,0.0,16.4,22.295833333333334,36.45454545454545,46.871929824561406
吉林省,四平市,梨树县,孤家子镇,124.2391186,43.6643862,3.0,0.0,4.0,3.0,19.0,0.0,0.0,0.0,0.0,0.0,0.0,0.0,0.0,0.0,0.0,0.0,0.0,0.0,0.0,0.0,4.0,0.0,0.0,0.0,0.0,1.0,2.0,0.0,0.0,0.0,0.0,0.0,0.0,1.0,5.0,1.0,3.0,0.0,2.0,2.0,8.0,0.0,0.0,0.0,0.0,0.0,0.0,0.0,0.0,0.0,0.0,0.0,0.0,0.0,0.0,0.0,1.0,0.0,0.0,0.0,0.0,1.0,0.0,0.0,0.0,0.0,0.0,0.0,0.0,1.0,4.0,1.0,3810911684.0,-1.0,四平市梨树县,四平市梨树县孤家子镇,8.0,16.7,0.0,0.7,25.4,22.295833333333334,36.45454545454545,46.871929824561406
吉林省,四平市,梨树县,小城子镇,124.5135062,43.6571355,0.0,2.0,3.0,4.0,0.0,0.0,0.0,0.0,0.0,0.0,0.0,0.0,0.0,0.0,0.0,0.0,0.0,0.0,0.0,0.0,0.0,0.0,0.0,0.0,0.0,1.0,16.0,0.0,0.0,0.0,0.0,1.0,0.0,1.0,3.0,2.0,0.0,2.0,3.0,2.0,0.0,0.0,0.0,0.0,0.0,0.0,0.0,0.0,0.0,0.0,0.0,0.0,0.0,0.0,0.0,0.0,0.0,0.0,0.0,0.0,0.0,1.0,16.0,0.0,0.0,0.0,0.0,1.0,0.0,1.0,3.0,2.0,3810946904.0,-1.0,四平市梨树县,四平市梨树县小城子镇,8.0,10.5,0.0,4.2,22.7,22.295833333333334,36.45454545454545,46.871929824561406
吉林省,四平市,梨树县,喇嘛甸镇,124.1275245,43.2897468,0.0,1.0,3.0,2.0,0.0,0.0,0.0,0.0,0.0,0.0,0.0,0.0,0.0,0.0,0.0,0.0,0.0,0.0,0.0,0.0,1.0,0.0,0.0,0.0,0.0,1.0,0.0,0.0,0.0,0.0,0.0,0.0,0.0,7.0,3.0,1.0,0.0,1.0,3.0,2.0,0.0,0.0,0.0,0.0,0.0,0.0,0.0,0.0,0.0,0.0,0.0,0.0,0.0,0.0,0.0,0.0,1.0,0.0,0.0,0.0,0.0,1.0,0.0,0.0,0.0,0.0,0.0,0.0,0.0,1.0,3.0,1.0,3379074249.0,-1.0,四平市梨树县,四平市梨树县喇嘛甸镇,8.0,8.5,0.0,0.5,17.0,22.295833333333334,36.45454545454545,46.871929824561406
吉林省,四平市,梨树县,蔡家镇,124.6631916,43.4065555,2.0,0.0,0.0,10.0,17.0,0.0,0.0,0.0,1.0,0.0,1.0,0.0,0.0,0.0,0.0,0.0,0.0,0.0,0.0,0.0,0.0,0.0,0.0,0.0,0.0,1.0,10.0,0.0,0.0,5.0,0.0,0.0,0.0,2.0,4.0,0.0,2.0,0.0,0.0,2.0,1.0,0.0,0.0,0.0,1.0,0.0,1.0,0.0,0.0,0.0,0.0,0.0,0.0,0.0,0.0,0.0,0.0,0.0,0.0,0.0,0.0,1.0,1.0,0.0,0.0,1.0,0.0,0.0,0.0,2.0,3.0,0.0,3810938446.0,-1.0,四平市梨树县,四平市梨树县蔡家镇,8.0,19.7,0.0,1.7000000000000002,29.4,22.295833333333334,36.45454545454545,46.871929824561406
吉林省,四平市,梨树县,刘家馆子镇,123.8689509,43.516547,0.0,0.0,11.0,3.0,9.0,0.0,0.0,0.0,0.0,0.0,0.0,0.0,0.0,0.0,0.0,0.0,0.0,0.0,0.0,0.0,1.0,0.0,0.0,0.0,0.0,1.0,0.0,0.0,0.0,0.0,0.0,0.0,0.0,2.0,6.0,2.0,0.0,0.0,5.0,0.0,3.0,0.0,0.0,0.0,0.0,0.0,0.0,0.0,0.0,0.0,0.0,0.0,0.0,0.0,0.0,0.0,1.0,0.0,0.0,0.0,0.0,1.0,0.0,0.0,0.0,0.0,0.0,0.0,0.0,1.0,3.0,2.0,3810946844.0,-1.0,四平市梨树县,四平市梨树县刘家馆子镇,8.0,13.7,0.0,1.0,22.7,22.295833333333334,36.45454545454545,46.871929824561406
吉林省,四平市,梨树县,十家堡镇,124.495423,43.258653,2.0,0.0,4.0,2.0,12.0,1.0,0.0,0.0,1.0,0.0,1.0,0.0,0.0,0.0,0.0,0.0,0.0,0.0,0.0,0.0,12.0,0.0,1.0,0.0,0.0,1.0,1.0,0.0,0.0,3.0,0.0,0.0,0.0,5.0,6.0,2.0,2.0,0.0,4.0,0.0,7.0,0.0,0.0,0.0,1.0,0.0,0.0,0.0,0.0,0.0,0.0,0.0,0.0,0.0,0.0,0.0,0.0,0.0,1.0,0.0,0.0,1.0,0.0,0.0,0.0,0.0,0.0,0.0,0.0,2.0,4.0,1.0,3810937457.0,-1.0,四平市梨树县,四平市梨树县十家堡镇,8.0,18.5,0.0,1.4,27.9,22.295833333333334,36.45454545454545,46.871929824561406
吉林省,四平市,梨树县,孟家岭镇,124.6992634,43.2504819,0.0,0.0,3.0,4.0,20.0,0.0,0.0,0.0,0.0,0.0,0.0,0.0,0.0,0.0,0.0,0.0,0.0,0.0,0.0,0.0,0.0,0.0,0.0,0.0,0.0,1.0,35.0,0.0,0.0,0.0,0.0,0.0,0.0,1.0,4.0,1.0,0.0,0.0,3.0,1.0,8.0,0.0,0.0,0.0,0.0,0.0,0.0,0.0,0.0,0.0,0.0,0.0,0.0,0.0,0.0,0.0,0.0,0.0,0.0,0.0,0.0,1.0,3.0,0.0,0.0,0.0,0.0,0.0,0.0,1.0,4.0,0.0,6402896078.0,-1.0,四平市梨树县,四平市梨树县孟家岭镇,8.0,17.4,0.0,4.300000000000001,29.7,22.295833333333334,36.45454545454545,46.871929824561406
吉林省,四平市,梨树县,万发镇,124.5179177,43.4715783,0.0,0.0,1.0,4.0,3.0,0.0,0.0,0.0,0.0,0.0,0.0,0.0,0.0,0.0,0.0,0.0,0.0,0.0,0.0,0.0,0.0,0.0,0.0,0.0,0.0,1.0,0.0,0.0,0.0,0.0,0.0,0.0,0.0,1.0,4.0,0.0,0.0,0.0,1.0,4.0,0.0,0.0,0.0,0.0,0.0,0.0,0.0,0.0,0.0,0.0,0.0,0.0,0.0,0.0,0.0,0.0,0.0,0.0,0.0,0.0,0.0,1.0,0.0,0.0,0.0,0.0,0.0,0.0,0.0,1.0,2.0,0.0,3810941950.0,-1.0,四平市梨树县,四平市梨树县万发镇,8.0,11.6,0.0,0.0,19.6,22.295833333333334,36.45454545454545,46.871929824561406
吉林省,四平市,梨树县,东河镇,124.6252895,43.5436805,0.0,0.0,0.0,1.0,0.0,0.0,0.0,0.0,0.0,0.0,0.0,0.0,0.0,0.0,0.0,0.0,0.0,0.0,0.0,0.0,0.0,0.0,0.0,0.0,0.0,1.0,0.0,0.0,0.0,2.0,0.0,0.0,0.0,1.0,1.0,0.0,0.0,0.0,0.0,1.0,0.0,0.0,0.0,0.0,0.0,0.0,0.0,0.0,0.0,0.0,0.0,0.0,0.0,0.0,0.0,0.0,0.0,0.0,0.0,0.0,0.0,1.0,0.0,0.0,0.0,0.0,0.0,0.0,0.0,1.0,1.0,0.0,3810941951.0,-1.0,四平市梨树县,四平市梨树县东河镇,8.0,1.5,0.0,0.2,9.7,22.295833333333334,36.45454545454545,46.871929824561406
吉林省,四平市,梨树县,沈洋镇,124.0832728,43.6253314,0.0,0.0,1.0,0.0,0.0,0.0,0.0,0.0,0.0,0.0,0.0,0.0,0.0,0.0,0.0,0.0,0.0,0.0,0.0,0.0,0.0,0.0,0.0,0.0,0.0,1.0,0.0,0.0,0.0,0.0,0.0,0.0,0.0,1.0,2.0,0.0,0.0,0.0,1.0,0.0,0.0,0.0,0.0,0.0,0.0,0.0,0.0,0.0,0.0,0.0,0.0,0.0,0.0,0.0,0.0,0.0,0.0,0.0,0.0,0.0,0.0,1.0,0.0,0.0,0.0,0.0,0.0,0.0,0.0,1.0,2.0,0.0,3810910526.0,-1.0,四平市梨树县,四平市梨树县沈洋镇,8.0,6.0,0.0,0.0,14.0,22.295833333333334,36.45454545454545,46.871929824561406
吉林省,四平市,梨树县,林海镇,123.9720755,43.4324468,0.0,0.0,1.0,2.0,8.0,0.0,0.0,0.0,0.0,0.0,0.0,0.0,0.0,0.0,0.0,0.0,0.0,0.0,0.0,0.0,1.0,0.0,1.0,0.0,0.0,1.0,0.0,0.0,0.0,1.0,0.0,0.0,0.0,1.0,4.0,2.0,0.0,0.0,1.0,1.0,7.0,0.0,0.0,0.0,0.0,0.0,0.0,0.0,0.0,0.0,0.0,0.0,0.0,0.0,0.0,0.0,1.0,0.0,1.0,0.0,0.0,1.0,0.0,0.0,0.0,1.0,0.0,0.0,0.0,1.0,4.0,2.0,3810944367.0,-1.0,四平市梨树县,四平市梨树县林海镇,8.0,12.7,0.0,1.2,21.9,22.295833333333334,36.45454545454545,46.871929824561406
吉林省,四平市,梨树县,小宽镇,124.3293596,43.704822,0.0,0.0,2.0,1.0,18.0,0.0,0.0,0.0,0.0,0.0,0.0,0.0,0.0,0.0,0.0,0.0,0.0,0.0,0.0,0.0,3.0,0.0,0.0,0.0,0.0,1.0,23.0,0.0,0.0,0.0,0.0,2.0,0.0,1.0,4.0,2.0,0.0,0.0,2.0,1.0,7.0,0.0,0.0,0.0,0.0,0.0,0.0,0.0,0.0,0.0,0.0,0.0,0.0,0.0,0.0,0.0,1.0,0.0,0.0,0.0,0.0,1.0,12.0,0.0,0.0,0.0,0.0,2.0,0.0,1.0,4.0,2.0,3810911685.0,-1.0,四平市梨树县,四平市梨树县小宽镇,8.0,13.7,0.0,4.5,26.2,22.295833333333334,36.45454545454545,46.871929824561406
吉林省,四平市,梨树县,白山乡,124.2956899,43.3769388,1.0,0.0,2.0,0.0,1.0,0.0,0.0,0.0,0.0,0.0,0.0,0.0,0.0,0.0,0.0,0.0,0.0,0.0,0.0,0.0,0.0,0.0,0.0,0.0,0.0,1.0,0.0,0.0,0.0,0.0,0.0,0.0,0.0,1.0,3.0,0.0,1.0,0.0,0.0,0.0,0.0,0.0,0.0,0.0,0.0,0.0,0.0,0.0,0.0,0.0,0.0,0.0,0.0,0.0,0.0,0.0,0.0,0.0,0.0,0.0,0.0,1.0,0.0,0.0,0.0,0.0,0.0,0.0,0.0,1.0,1.0,0.0,3810936693.0,-1.0,四平市梨树县,四平市梨树县白山乡,8.0,6.7,0.0,0.0,14.7,22.295833333333334,36.45454545454545,46.871929824561406
吉林省,四平市,梨树县,泉眼岭乡,124.3752295,43.5301669,0.0,2.0,0.0,1.0,9.0,0.0,0.0,0.0,0.0,0.0,0.0,0.0,0.0,0.0,0.0,0.0,0.0,0.0,0.0,0.0,0.0,0.0,0.0,0.0,0.0,1.0,14.0,0.0,0.0,0.0,0.0,2.0,0.0,1.0,4.0,1.0,0.0,2.0,0.0,0.0,5.0,0.0,0.0,0.0,0.0,0.0,0.0,0.0,0.0,0.0,0.0,0.0,0.0,0.0,0.0,0.0,0.0,0.0,0.0,0.0,0.0,1.0,11.0,0.0,0.0,0.0,0.0,2.0,0.0,1.0,3.0,1.0,3810950110.0,-1.0,四平市梨树县,四平市梨树县泉眼岭乡,8.0,11.3,0.0,3.0,22.3,22.295833333333334,36.45454545454545,46.871929824561406
吉林省,四平市,梨树县,胜利乡,124.2143852,43.4170015,0.0,1.0,0.0,0.0,0.0,0.0,0.0,0.0,0.0,0.0,0.0,0.0,0.0,0.0,0.0,0.0,0.0,0.0,0.0,0.0,0.0,0.0,0.0,0.0,0.0,1.0,0.0,0.0,0.0,0.0,0.0,0.0,0.0,1.0,1.0,0.0,0.0,1.0,0.0,0.0,0.0,0.0,0.0,0.0,0.0,0.0,0.0,0.0,0.0,0.0,0.0,0.0,0.0,0.0,0.0,0.0,0.0,0.0,0.0,0.0,0.0,1.0,0.0,0.0,0.0,0.0,0.0,0.0,0.0,1.0,1.0,0.0,3379077812.0,-1.0,四平市梨树县,四平市梨树县胜利乡,8.0,5.5,0.0,0.0,13.5,22.295833333333334,36.45454545454545,46.871929824561406
吉林省,四平市,梨树县,四棵树乡,124.1622859,43.3516912,0.0,5.0,2.0,3.0,4.0,0.0,0.0,0.0,0.0,0.0,0.0,0.0,0.0,0.0,0.0,0.0,0.0,0.0,0.0,0.0,1.0,0.0,1.0,0.0,0.0,1.0,0.0,0.0,0.0,0.0,0.0,0.0,0.0,2.0,7.0,3.0,0.0,1.0,0.0,3.0,1.0,0.0,0.0,0.0,0.0,0.0,0.0,0.0,0.0,0.0,0.0,0.0,0.0,0.0,0.0,0.0,1.0,0.0,1.0,0.0,0.0,1.0,0.0,0.0,0.0,0.0,0.0,0.0,0.0,1.0,3.0,3.0,3379053912.0,-1.0,四平市梨树县,四平市梨树县四棵树乡,8.0,12.6,0.0,1.5,22.1,22.295833333333334,36.45454545454545,46.871929824561406
吉林省,四平市,梨树县,双河乡,124.5880052,43.608042,0.0,0.0,0.0,1.0,0.0,0.0,0.0,0.0,0.0,0.0,0.0,0.0,0.0,0.0,0.0,0.0,0.0,0.0,0.0,0.0,0.0,0.0,0.0,0.0,0.0,1.0,0.0,0.0,0.0,0.0,0.0,0.0,0.0,1.0,1.0,0.0,0.0,0.0,0.0,0.0,0.0,0.0,0.0,0.0,0.0,0.0,0.0,0.0,0.0,0.0,0.0,0.0,0.0,0.0,0.0,0.0,0.0,0.0,0.0,0.0,0.0,1.0,0.0,0.0,0.0,0.0,0.0,0.0,0.0,1.0,0.0,0.0,6402896079.0,-1.0,四平市梨树县,四平市梨树县双河乡,8.0,1.5,0.0,0.0,9.5,22.295833333333334,36.45454545454545,46.871929824561406
吉林省,四平市,梨树县,金山乡,124.3976434,43.586103,0.0,0.0,0.0,2.0,6.0,0.0,0.0,0.0,0.0,0.0,0.0,0.0,0.0,0.0,0.0,0.0,0.0,0.0,0.0,0.0,0.0,0.0,0.0,0.0,0.0,1.0,0.0,0.0,0.0,1.0,0.0,1.0,0.0,1.0,3.0,1.0,0.0,0.0,0.0,1.0,1.0,0.0,0.0,0.0,0.0,0.0,0.0,0.0,0.0,0.0,0.0,0.0,0.0,0.0,0.0,0.0,0.0,0.0,0.0,0.0,0.0,1.0,0.0,0.0,0.0,0.0,0.0,1.0,0.0,1.0,2.0,1.0,3810948591.0,-1.0,四平市梨树县,四平市梨树县金山乡,8.0,5.0,0.0,0.6,13.6,22.295833333333334,36.45454545454545,46.871929824561406
吉林省,四平市,伊通满族自治县,永盛街道,125.2884719,43.3338327,18.0,14.0,23.0,16.0,47.0,0.0,0.0,0.0,0.0,0.0,0.0,2.0,0.0,0.0,0.0,0.0,0.0,0.0,0.0,1.0,11.0,0.0,4.0,0.0,0.0,4.0,21.0,0.0,0.0,1.0,0.0,6.0,1.0,5.0,11.0,8.0,4.0,4.0,7.0,3.0,11.0,0.0,0.0,0.0,0.0,0.0,0.0,0.0,0.0,0.0,0.0,0.0,0.0,0.0,0.0,0.0,4.0,0.0,0.0,0.0,0.0,1.0,5.0,0.0,0.0,0.0,0.0,3.0,0.0,1.0,6.0,2.0,6400748784.0,-1.0,四平市伊通满族自治县,四平市伊通满族自治县永盛街道,11.0,24.0,5.0,6.7,46.7,30.38823529411765,36.45454545454545,46.871929824561406
吉林省,四平市,伊通满族自治县,永宁街道,125.3003133,43.3423155,17.0,30.0,24.0,12.0,63.0,1.0,0.0,0.0,0.0,0.0,0.0,2.0,0.0,0.0,0.0,0.0,0.0,0.0,0.0,2.0,13.0,0.0,4.0,0.0,0.0,4.0,54.0,0.0,0.0,1.0,0.0,6.0,1.0,5.0,15.0,8.0,0.0,2.0,8.0,8.0,9.0,0.0,0.0,0.0,0.0,0.0,0.0,1.0,0.0,0.0,0.0,0.0,0.0,0.0,0.0,1.0,2.0,0.0,0.0,0.0,0.0,2.0,9.0,0.0,0.0,0.0,0.0,3.0,1.0,3.0,8.0,7.0,6400748783.0,-1.0,四平市伊通满族自治县,四平市伊通满族自治县永宁街道,11.0,24.0,6.0,10.4,51.4,30.38823529411765,36.45454545454545,46.871929824561406
吉林省,四平市,伊通满族自治县,伊通镇,125.3146035,43.3402295,9.0,30.0,23.0,11.0,52.0,1.0,0.0,0.0,0.0,0.0,0.0,2.0,0.0,0.0,0.0,0.0,0.0,0.0,0.0,2.0,10.0,0.0,2.0,0.0,0.0,4.0,69.0,0.0,0.0,1.0,0.0,6.0,1.0,5.0,14.0,8.0,2.0,10.0,3.0,5.0,11.0,0.0,0.0,0.0,0.0,0.0,0.0,1.0,0.0,0.0,0.0,0.0,0.0,0.0,0.0,0.0,1.0,0.0,1.0,0.0,0.0,1.0,2.0,0.0,0.0,0.0,0.0,1.0,0.0,2.0,9.0,6.0,244082284.0,-1.0,四平市伊通满族自治县,四平市伊通满族自治县伊通镇,11.0,24.0,5.0,11.2,51.2,30.38823529411765,36.45454545454545,46.871929824561406
吉林省,四平市,伊通满族自治县,二道镇,125.4867487,43.3656476,0.0,0.0,6.0,2.0,3.0,0.0,0.0,0.0,0.0,0.0,0.0,0.0,0.0,0.0,0.0,0.0,0.0,0.0,0.0,0.0,0.0,0.0,0.0,0.0,0.0,1.0,3.0,0.0,0.0,0.0,0.0,0.0,0.0,2.0,3.0,2.0,0.0,0.0,2.0,2.0,3.0,0.0,0.0,0.0,0.0,0.0,0.0,0.0,0.0,0.0,0.0,0.0,0.0,0.0,0.0,0.0,0.0,0.0,0.0,0.0,0.0,1.0,1.0,0.0,0.0,0.0,0.0,0.0,0.0,1.0,3.0,0.0,2382386988.0,-1.0,四平市伊通满族自治县,四平市伊通满族自治县二道镇,8.0,10.0,0.0,1.4,19.4,30.38823529411765,36.45454545454545,46.871929824561406
吉林省,四平市,伊通满族自治县,伊丹镇,125.4073956,43.4299791,0.0,7.0,6.0,2.0,2.0,0.0,0.0,0.0,0.0,0.0,0.0,0.0,0.0,0.0,0.0,0.0,0.0,0.0,0.0,0.0,1.0,0.0,0.0,0.0,0.0,1.0,0.0,0.0,0.0,1.0,0.0,0.0,0.0,2.0,4.0,2.0,0.0,7.0,4.0,0.0,2.0,0.0,0.0,0.0,0.0,0.0,0.0,0.0,0.0,0.0,0.0,0.0,0.0,0.0,0.0,0.0,1.0,0.0,0.0,0.0,0.0,1.0,0.0,0.0,0.0,0.0,0.0,0.0,0.0,2.0,3.0,2.0,2382387002.0,-1.0,四平市伊通满族自治县,四平市伊通满族自治县伊丹镇,8.0,10.0,0.0,1.1,19.1,30.38823529411765,36.45454545454545,46.871929824561406
吉林省,四平市,伊通满族自治县,马鞍山镇,125.2015038,43.4367594,0.0,0.0,6.0,11.0,21.0,0.0,0.0,0.0,0.0,0.0,0.0,0.0,0.0,0.0,0.0,0.0,0.0,0.0,0.0,0.0,1.0,0.0,1.0,0.0,0.0,1.0,0.0,0.0,0.0,0.0,0.0,0.0,0.0,2.0,4.0,3.0,0.0,0.0,6.0,3.0,6.0,0.0,0.0,0.0,0.0,0.0,0.0,0.0,0.0,0.0,0.0,0.0,0.0,0.0,0.0,0.0,1.0,0.0,0.0,0.0,0.0,1.0,0.0,0.0,0.0,0.0,0.0,0.0,0.0,2.0,3.0,2.0,3431454465.0,-1.0,四平市伊通满族自治县,四平市伊通满族自治县马鞍山镇,8.0,18.0,0.0,1.5,27.5,30.38823529411765,36.45454545454545,46.871929824561406
吉林省,四平市,伊通满族自治县,景台镇,125.0961173,43.5939101,0.0,0.0,4.0,13.0,5.0,0.0,0.0,0.0,0.0,0.0,0.0,0.0,0.0,0.0,0.0,0.0,0.0,0.0,0.0,0.0,3.0,0.0,0.0,0.0,0.0,1.0,0.0,0.0,0.0,0.0,0.0,0.0,0.0,5.0,3.0,2.0,0.0,0.0,1.0,7.0,0.0,0.0,0.0,0.0,0.0,0.0,0.0,0.0,0.0,0.0,0.0,0.0,0.0,0.0,0.0,0.0,2.0,0.0,0.0,0.0,0.0,1.0,0.0,0.0,0.0,0.0,0.0,0.0,0.0,1.0,2.0,2.0,6400748777.0,-1.0,四平市伊通满族自治县,四平市伊通满族自治县景台镇,8.0,12.5,0.0,1.0,21.5,30.38823529411765,36.45454545454545,46.871929824561406
吉林省,四平市,伊通满族自治县,靠山镇,125.024722,43.382778,5.0,0.0,1.0,4.0,0.0,0.0,0.0,0.0,0.0,0.0,0.0,0.0,0.0,0.0,0.0,0.0,0.0,0.0,0.0,0.0,0.0,0.0,0.0,0.0,0.0,1.0,0.0,0.0,0.0,0.0,0.0,0.0,0.0,1.0,3.0,1.0,1.0,0.0,1.0,4.0,0.0,0.0,0.0,0.0,0.0,0.0,0.0,0.0,0.0,0.0,0.0,0.0,0.0,0.0,0.0,0.0,0.0,0.0,0.0,0.0,0.0,1.0,0.0,0.0,0.0,0.0,0.0,0.0,0.0,1.0,3.0,0.0,6400748778.0,-1.0,四平市伊通满族自治县,四平市伊通满族自治县靠山镇,8.0,10.5,0.0,0.5,19.0,30.38823529411765,36.45454545454545,46.871929824561406
吉林省,四平市,伊通满族自治县,大孤山镇,125.1287466,43.3034019,4.0,0.0,6.0,11.0,64.0,0.0,0.0,0.0,0.0,0.0,0.0,0.0,0.0,0.0,0.0,0.0,0.0,0.0,0.0,0.0,1.0,0.0,1.0,0.0,0.0,2.0,0.0,0.0,0.0,0.0,0.0,0.0,0.0,1.0,6.0,6.0,0.0,0.0,2.0,3.0,31.0,0.0,0.0,0.0,0.0,0.0,0.0,0.0,0.0,0.0,0.0,0.0,0.0,0.0,0.0,0.0,0.0,0.0,0.0,0.0,0.0,1.0,0.0,0.0,0.0,0.0,0.0,0.0,0.0,1.0,4.0,4.0,5840810627.0,-1.0,四平市伊通满族自治县,四平市伊通满族自治县大孤山镇,9.0,23.0,0.0,3.0,35.0,30.38823529411765,36.45454545454545,46.871929824561406
吉林省,四平市,伊通满族自治县,小孤山镇,124.9522972,43.2356381,0.0,0.0,6.0,2.0,0.0,0.0,0.0,0.0,0.0,0.0,0.0,0.0,0.0,0.0,0.0,0.0,0.0,0.0,0.0,0.0,0.0,0.0,0.0,0.0,0.0,1.0,0.0,0.0,0.0,0.0,0.0,0.0,0.0,1.0,2.0,0.0,0.0,0.0,4.0,2.0,0.0,0.0,0.0,0.0,0.0,0.0,0.0,0.0,0.0,0.0,0.0,0.0,0.0,0.0,0.0,0.0,0.0,0.0,0.0,0.0,0.0,1.0,0.0,0.0,0.0,0.0,0.0,0.0,0.0,1.0,2.0,0.0,6400748781.0,-1.0,四平市伊通满族自治县,四平市伊通满族自治县小孤山镇,8.0,8.0,0.0,0.0,16.0,30.38823529411765,36.45454545454545,46.871929824561406
吉林省,四平市,伊通满族自治县,营城子镇,125.4867913,43.1813008,7.0,10.0,6.0,2.0,66.0,3.0,0.0,10.0,1.0,0.0,1.0,1.0,0.0,0.0,1.0,1.0,0.0,0.0,0.0,1.0,38.0,2.0,1.0,0.0,0.0,13.0,65.0,0.0,0.0,1.0,0.0,1.0,0.0,8.0,13.0,12.0,0.0,3.0,0.0,0.0,39.0,0.0,0.0,1.0,0.0,0.0,0.0,0.0,0.0,0.0,1.0,1.0,0.0,0.0,0.0,0.0,26.0,1.0,0.0,0.0,0.0,5.0,7.0,0.0,0.0,0.0,0.0,0.0,0.0,7.0,4.0,4.0,3465335925.0,-1.0,四平市伊通满族自治县,四平市伊通满族自治县营城子镇,12.0,28.0,10.0,11.3,61.3,30.38823529411765,36.45454545454545,46.871929824561406
吉林省,四平市,伊通满族自治县,西苇镇,125.3022938,43.2091088,0.0,0.0,0.0,1.0,13.0,0.0,0.0,0.0,0.0,0.0,0.0,0.0,0.0,0.0,0.0,0.0,0.0,0.0,0.0,0.0,0.0,0.0,0.0,0.0,0.0,1.0,7.0,0.0,0.0,0.0,0.0,0.0,0.0,1.0,5.0,1.0,0.0,0.0,0.0,1.0,6.0,0.0,0.0,0.0,0.0,0.0,0.0,0.0,0.0,0.0,0.0,0.0,0.0,0.0,0.0,0.0,0.0,0.0,0.0,0.0,0.0,1.0,5.0,0.0,0.0,0.0,0.0,0.0,0.0,1.0,5.0,0.0,3431439523.0,-1.0,四平市伊通满族自治县,四平市伊通满族自治县西苇镇,8.0,7.9,0.0,1.7000000000000002,17.6,30.38823529411765,36.45454545454545,46.871929824561406
吉林省,四平市,伊通满族自治县,河源镇,125.6022923,43.1267392,2.0,0.0,0.0,4.0,22.0,0.0,0.0,0.0,0.0,0.0,0.0,0.0,0.0,0.0,0.0,0.0,0.0,0.0,0.0,0.0,8.0,0.0,0.0,0.0,0.0,10.0,17.0,0.0,0.0,1.0,0.0,1.0,0.0,1.0,5.0,4.0,2.0,0.0,0.0,0.0,9.0,0.0,0.0,0.0,0.0,0.0,0.0,0.0,0.0,0.0,0.0,0.0,0.0,0.0,0.0,0.0,1.0,0.0,0.0,0.0,0.0,3.0,6.0,0.0,0.0,0.0,0.0,0.0,0.0,1.0,4.0,3.0,3464964388.0,-1.0,四平市伊通满族自治县,四平市伊通满族自治县河源镇,12.0,18.6,0.0,4.4,35.0,30.38823529411765,36.45454545454545,46.871929824561406
吉林省,四平市,伊通满族自治县,黄岭子镇,124.9390428,43.4466725,5.0,0.0,0.0,2.0,41.0,1.0,0.0,0.0,0.0,0.0,0.0,0.0,0.0,0.0,0.0,0.0,0.0,0.0,0.0,0.0,6.0,0.0,0.0,0.0,0.0,1.0,17.0,0.0,0.0,0.0,0.0,0.0,0.0,5.0,6.0,4.0,3.0,0.0,0.0,0.0,6.0,0.0,0.0,0.0,0.0,0.0,0.0,0.0,0.0,0.0,0.0,0.0,0.0,0.0,0.0,0.0,4.0,0.0,0.0,0.0,0.0,1.0,0.0,0.0,0.0,0.0,0.0,0.0,0.0,1.0,3.0,2.0,6400748776.0,-1.0,四平市伊通满族自治县,四平市伊通满族自治县黄岭子镇,8.0,20.0,0.0,3.7,31.7,30.38823529411765,36.45454545454545,46.871929824561406
吉林省,四平市,伊通满族自治县,新兴乡,125.4147216,43.550578,0.0,0.0,1.0,2.0,1.0,0.0,0.0,0.0,0.0,0.0,0.0,0.0,0.0,0.0,0.0,0.0,0.0,0.0,0.0,0.0,1.0,0.0,0.0,0.0,0.0,1.0,0.0,0.0,0.0,0.0,0.0,0.0,0.0,8.0,3.0,1.0,0.0,0.0,1.0,1.0,0.0,0.0,0.0,0.0,0.0,0.0,0.0,0.0,0.0,0.0,0.0,0.0,0.0,0.0,0.0,0.0,0.0,0.0,0.0,0.0,0.0,1.0,0.0,0.0,0.0,0.0,0.0,0.0,0.0,1.0,2.0,0.0,6400748782.0,-1.0,四平市伊通满族自治县,四平市伊通满族自治县新兴乡,8.0,8.7,0.0,0.5,17.2,30.38823529411765,36.45454545454545,46.871929824561406
吉林省,四平市,伊通满族自治县,莫里青乡,125.1118572,43.4321589,0.0,0.0,1.0,15.0,56.0,3.0,0.0,0.0,0.0,0.0,0.0,0.0,0.0,0.0,0.0,0.0,0.0,0.0,0.0,0.0,6.0,0.0,0.0,0.0,0.0,1.0,0.0,0.0,0.0,0.0,0.0,0.0,0.0,2.0,6.0,2.0,0.0,0.0,1.0,7.0,16.0,0.0,0.0,0.0,0.0,0.0,0.0,0.0,0.0,0.0,0.0,0.0,0.0,0.0,0.0,0.0,1.0,0.0,0.0,0.0,0.0,1.0,0.0,0.0,0.0,0.0,0.0,0.0,0.0,2.0,4.0,2.0,6400748779.0,-1.0,四平市伊通满族自治县,四平市伊通满族自治县莫里青乡,8.0,23.0,0.0,1.0,32.0,30.38823529411765,36.45454545454545,46.871929824561406
吉林省,四平市,伊通满族自治县,三道乡,125.0177706,43.257239,0.0,0.0,3.0,1.0,0.0,0.0,0.0,0.0,0.0,0.0,0.0,0.0,0.0,0.0,0.0,0.0,0.0,0.0,0.0,0.0,0.0,0.0,0.0,0.0,0.0,1.0,0.0,0.0,0.0,0.0,0.0,0.0,0.0,1.0,2.0,0.0,0.0,0.0,1.0,0.0,0.0,0.0,0.0,0.0,0.0,0.0,0.0,0.0,0.0,0.0,0.0,0.0,0.0,0.0,0.0,0.0,0.0,0.0,0.0,0.0,0.0,1.0,0.0,0.0,0.0,0.0,0.0,0.0,0.0,1.0,1.0,0.0,6400748780.0,-1.0,四平市伊通满族自治县,四平市伊通满族自治县三道乡,8.0,7.0,0.0,0.0,15.0,30.38823529411765,36.45454545454545,46.871929824561406
吉林省,四平市,双辽市,郑家屯街道,123.5122015,43.5037791,13.0,10.0,16.0,40.0,45.0,10.0,0.0,3.0,3.0,1.0,0.0,1.0,0.0,0.0,2.0,3.0,0.0,0.0,0.0,0.0,2.0,0.0,3.0,0.0,0.0,5.0,41.0,0.0,0.0,2.0,0.0,10.0,0.0,11.0,11.0,6.0,0.0,0.0,4.0,9.0,13.0,1.0,0.0,3.0,0.0,0.0,0.0,0.0,0.0,0.0,0.0,0.0,0.0,0.0,0.0,0.0,1.0,0.0,0.0,0.0,0.0,1.0,21.0,0.0,0.0,0.0,0.0,1.0,0.0,3.0,7.0,3.0,6398448556.0,9476756.0,四平市双辽市,四平市双辽市郑家屯街道,20.0,28.0,5.0,9.4,62.4,34.28333333333333,36.45454545454545,46.871929824561406
吉林省,四平市,双辽市,辽西街道,123.4802593,43.5158181,0.0,7.0,10.0,42.0,60.0,17.0,0.0,0.0,0.0,1.0,0.0,1.0,0.0,0.0,2.0,3.0,0.0,0.0,0.0,0.0,2.0,0.0,5.0,0.0,0.0,5.0,93.0,0.0,0.0,5.0,0.0,11.0,0.0,11.0,6.0,7.0,0.0,2.0,0.0,7.0,17.0,6.0,0.0,0.0,0.0,0.0,0.0,0.0,0.0,0.0,0.0,0.0,0.0,0.0,0.0,0.0,1.0,0.0,2.0,0.0,0.0,1.0,3.0,0.0,0.0,0.0,0.0,4.0,0.0,4.0,5.0,4.0,6398448553.0,9476753.0,四平市双辽市,四平市双辽市辽西街道,20.0,25.0,5.0,13.600000000000001,63.6,34.28333333333333,36.45454545454545,46.871929824561406
吉林省,四平市,双辽市,辽南街道,123.494422,43.5105212,5.0,11.0,15.0,46.0,59.0,19.0,0.0,3.0,3.0,1.0,0.0,1.0,0.0,0.0,2.0,3.0,0.0,0.0,0.0,0.0,2.0,0.0,4.0,0.0,0.0,5.0,86.0,0.0,0.0,3.0,0.0,11.0,0.0,12.0,10.0,7.0,0.0,2.0,6.0,23.0,17.0,6.0,0.0,0.0,0.0,1.0,0.0,1.0,0.0,0.0,1.0,1.0,0.0,0.0,0.0,0.0,1.0,0.0,1.0,0.0,0.0,3.0,5.0,0.0,0.0,0.0,0.0,3.0,0.0,5.0,6.0,3.0,6398448552.0,9476752.0,四平市双辽市,四平市双辽市辽南街道,20.0,28.0,10.0,12.9,70.9,34.28333333333333,36.45454545454545,46.871929824561406
吉林省,四平市,双辽市,辽北街道,123.4939002,43.5191886,5.0,11.0,11.0,41.0,61.0,17.0,0.0,3.0,0.0,1.0,0.0,1.0,0.0,0.0,2.0,3.0,0.0,0.0,0.0,0.0,2.0,0.0,4.0,0.0,0.0,5.0,72.0,0.0,0.0,5.0,0.0,11.0,0.0,11.0,10.0,8.0,0.0,2.0,5.0,12.0,14.0,0.0,0.0,0.0,0.0,0.0,0.0,0.0,0.0,0.0,0.0,0.0,0.0,0.0,0.0,0.0,1.0,0.0,1.0,0.0,0.0,3.0,0.0,0.0,0.0,0.0,0.0,4.0,0.0,5.0,5.0,3.0,6398448550.0,9476750.0,四平市双辽市,四平市双辽市辽北街道,20.0,26.0,5.0,11.7,62.7,34.28333333333333,36.45454545454545,46.871929824561406
吉林省,四平市,双辽市,辽东街道,123.5592255,43.5368466,6.0,9.0,0.0,3.0,42.0,2.0,0.0,0.0,0.0,0.0,1.0,0.0,0.0,0.0,1.0,1.0,0.0,0.0,0.0,0.0,0.0,0.0,3.0,0.0,0.0,1.0,0.0,0.0,0.0,0.0,0.0,0.0,0.0,1.0,8.0,6.0,0.0,3.0,0.0,2.0,22.0,0.0,0.0,0.0,0.0,0.0,0.0,0.0,0.0,0.0,0.0,0.0,0.0,0.0,0.0,0.0,0.0,0.0,1.0,0.0,0.0,1.0,0.0,0.0,0.0,0.0,0.0,0.0,0.0,1.0,4.0,2.0,6398448551.0,9476751.0,四平市双辽市,四平市双辽市辽东街道,16.0,26.0,0.0,3.0,45.0,34.28333333333333,36.45454545454545,46.871929824561406
吉林省,四平市,双辽市,红旗街道,123.6171196,43.5864993,0.0,6.0,0.0,0.0,35.0,1.0,0.0,0.0,0.0,0.0,0.0,0.0,0.0,0.0,0.0,0.0,0.0,0.0,0.0,0.0,0.0,0.0,0.0,0.0,0.0,1.0,4.0,0.0,0.0,0.0,0.0,0.0,0.0,3.0,9.0,1.0,0.0,3.0,0.0,0.0,19.0,1.0,0.0,0.0,0.0,0.0,0.0,0.0,0.0,0.0,0.0,0.0,0.0,0.0,0.0,0.0,0.0,0.0,0.0,0.0,0.0,1.0,0.0,0.0,0.0,0.0,0.0,0.0,0.0,1.0,5.0,0.0,3231015772.0,-1.0,四平市双辽市,四平市双辽市红旗街道,8.0,21.7,0.0,0.9,30.599999999999998,34.28333333333333,36.45454545454545,46.871929824561406
吉林省,四平市,双辽市,茂林镇,123.4125711,43.9684831,1.0,0.0,2.0,8.0,5.0,1.0,0.0,0.0,1.0,0.0,0.0,0.0,0.0,0.0,0.0,0.0,0.0,0.0,0.0,0.0,0.0,0.0,1.0,0.0,0.0,1.0,0.0,0.0,0.0,0.0,0.0,0.0,0.0,7.0,5.0,1.0,1.0,0.0,0.0,8.0,3.0,1.0,0.0,0.0,0.0,0.0,0.0,0.0,0.0,0.0,0.0,0.0,0.0,0.0,0.0,0.0,0.0,0.0,1.0,0.0,0.0,1.0,0.0,0.0,0.0,0.0,0.0,0.0,0.0,1.0,4.0,1.0,3810793962.0,-1.0,四平市双辽市,四平市双辽市茂林镇,8.0,16.4,0.0,0.5,24.9,34.28333333333333,36.45454545454545,46.871929824561406
吉林省,四平市,双辽市,双山镇,123.8916061,43.6868824,0.0,1.0,0.0,1.0,8.0,0.0,0.0,0.0,0.0,0.0,0.0,0.0,0.0,0.0,0.0,0.0,0.0,0.0,0.0,0.0,1.0,0.0,0.0,0.0,0.0,1.0,0.0,0.0,0.0,0.0,0.0,0.0,0.0,1.0,3.0,1.0,0.0,1.0,0.0,1.0,8.0,0.0,0.0,0.0,0.0,0.0,0.0,0.0,0.0,0.0,0.0,0.0,0.0,0.0,0.0,0.0,1.0,0.0,0.0,0.0,0.0,1.0,0.0,0.0,0.0,0.0,0.0,0.0,0.0,1.0,3.0,1.0,3231015774.0,-1.0,四平市双辽市,四平市双辽市双山镇,8.0,11.5,0.0,0.5,20.0,34.28333333333333,36.45454545454545,46.871929824561406
吉林省,四平市,双辽市,卧虎镇,123.5496736,43.6973688,5.0,0.0,10.0,12.0,26.0,0.0,0.0,0.0,1.0,0.0,0.0,0.0,0.0,0.0,0.0,0.0,0.0,0.0,0.0,0.0,1.0,0.0,0.0,0.0,0.0,1.0,69.0,0.0,0.0,0.0,0.0,1.0,0.0,7.0,7.0,4.0,0.0,0.0,1.0,6.0,10.0,0.0,0.0,0.0,1.0,0.0,0.0,0.0,0.0,0.0,0.0,0.0,0.0,0.0,0.0,0.0,1.0,0.0,0.0,0.0,0.0,1.0,49.0,0.0,0.0,0.0,0.0,1.0,0.0,1.0,3.0,2.0,3810843538.0,-1.0,四平市双辽市,四平市双辽市卧虎镇,8.0,23.7,0.0,13.8,45.5,34.28333333333333,36.45454545454545,46.871929824561406
吉林省,四平市,双辽市,服先镇,123.8589611,43.9530449,2.0,0.0,3.0,0.0,3.0,1.0,0.0,0.0,0.0,0.0,2.0,0.0,0.0,0.0,0.0,0.0,0.0,0.0,0.0,0.0,0.0,0.0,0.0,0.0,0.0,1.0,0.0,0.0,0.0,0.0,0.0,0.0,0.0,2.0,5.0,0.0,2.0,0.0,1.0,0.0,3.0,0.0,0.0,0.0,0.0,0.0,1.0,0.0,0.0,0.0,0.0,0.0,0.0,0.0,0.0,0.0,0.0,0.0,0.0,0.0,0.0,1.0,0.0,0.0,0.0,0.0,0.0,0.0,0.0,1.0,3.0,0.0,2290072577.0,-1.0,四平市双辽市,四平市双辽市服先镇,8.0,11.0,0.0,0.0,19.0,34.28333333333333,36.45454545454545,46.871929824561406
吉林省,四平市,双辽市,王奔镇,123.6625404,43.4527582,4.0,0.0,0.0,0.0,5.0,0.0,0.0,0.0,0.0,0.0,0.0,0.0,0.0,0.0,0.0,0.0,0.0,0.0,0.0,0.0,1.0,0.0,0.0,0.0,0.0,1.0,0.0,0.0,0.0,1.0,0.0,0.0,0.0,2.0,3.0,2.0,4.0,0.0,0.0,0.0,2.0,0.0,0.0,0.0,0.0,0.0,0.0,0.0,0.0,0.0,0.0,0.0,0.0,0.0,0.0,0.0,1.0,0.0,0.0,0.0,0.0,1.0,0.0,0.0,0.0,0.0,0.0,0.0,0.0,1.0,3.0,1.0,2288689239.0,-1.0,四平市双辽市,四平市双辽市王奔镇,8.0,8.1,0.0,1.1,17.200000000000003,34.28333333333333,36.45454545454545,46.871929824561406
吉林省,四平市,双辽市,玻璃山镇,123.4853292,43.8125933,1.0,0.0,0.0,0.0,3.0,0.0,0.0,0.0,0.0,0.0,0.0,0.0,0.0,0.0,0.0,0.0,0.0,0.0,0.0,0.0,0.0,0.0,0.0,0.0,0.0,1.0,0.0,0.0,0.0,0.0,0.0,0.0,0.0,7.0,3.0,0.0,1.0,0.0,0.0,0.0,1.0,0.0,0.0,0.0,0.0,0.0,0.0,0.0,0.0,0.0,0.0,0.0,0.0,0.0,0.0,0.0,0.0,0.0,0.0,0.0,0.0,1.0,0.0,0.0,0.0,0.0,0.0,0.0,0.0,1.0,2.0,0.0,3810843539.0,-1.0,四平市双辽市,四平市双辽市玻璃山镇,8.0,7.4,0.0,0.0,15.4,34.28333333333333,36.45454545454545,46.871929824561406
吉林省,四平市,双辽市,兴隆镇,123.8376453,43.8720208,1.0,0.0,0.0,0.0,0.0,0.0,0.0,0.0,0.0,0.0,1.0,0.0,0.0,0.0,0.0,0.0,0.0,0.0,0.0,0.0,0.0,0.0,1.0,0.0,0.0,1.0,0.0,0.0,0.0,3.0,0.0,0.0,0.0,3.0,2.0,1.0,1.0,0.0,0.0,0.0,0.0,0.0,0.0,0.0,0.0,0.0,1.0,0.0,0.0,0.0,0.0,0.0,0.0,0.0,0.0,0.0,0.0,0.0,1.0,0.0,0.0,1.0,0.0,0.0,0.0,1.0,0.0,0.0,0.0,1.0,1.0,1.0,2290072609.0,-1.0,四平市双辽市,四平市双辽市兴隆镇,8.0,8.0,0.0,0.9,16.9,34.28333333333333,36.45454545454545,46.871929824561406
吉林省,四平市,双辽市,东明镇,123.7652672,43.5282954,3.0,0.0,1.0,0.0,6.0,0.0,0.0,0.0,0.0,0.0,3.0,0.0,0.0,0.0,0.0,0.0,0.0,0.0,0.0,0.0,0.0,0.0,0.0,0.0,0.0,1.0,0.0,0.0,0.0,2.0,0.0,0.0,0.0,5.0,7.0,1.0,1.0,0.0,0.0,0.0,1.0,0.0,0.0,0.0,0.0,0.0,2.0,0.0,0.0,0.0,0.0,0.0,0.0,0.0,0.0,0.0,0.0,0.0,0.0,0.0,0.0,1.0,0.0,0.0,0.0,0.0,0.0,0.0,0.0,1.0,2.0,0.0,3810944960.0,-1.0,四平市双辽市,四平市双辽市东明镇,8.0,12.0,0.0,0.7,20.7,34.28333333333333,36.45454545454545,46.871929824561406
吉林省,四平市,双辽市,那木乡,123.4040184,43.485897,4.0,1.0,0.0,1.0,3.0,4.0,0.0,0.0,0.0,0.0,0.0,0.0,0.0,0.0,2.0,2.0,0.0,0.0,0.0,0.0,0.0,0.0,0.0,0.0,0.0,1.0,0.0,0.0,0.0,0.0,0.0,0.0,0.0,4.0,5.0,2.0,2.0,1.0,0.0,1.0,2.0,4.0,0.0,0.0,0.0,0.0,0.0,0.0,0.0,0.0,1.0,1.0,0.0,0.0,0.0,0.0,0.0,0.0,0.0,0.0,0.0,1.0,0.0,0.0,0.0,0.0,0.0,0.0,0.0,1.0,5.0,1.0,2288691132.0,9476754.0,四平市双辽市,四平市双辽市那木乡,16.0,9.7,5.0,1.0,31.7,34.28333333333333,36.45454545454545,46.871929824561406
吉林省,四平市,双辽市,柳条乡,123.8384138,43.6031801,0.0,0.0,3.0,1.0,11.0,0.0,0.0,0.0,0.0,0.0,0.0,0.0,0.0,0.0,0.0,0.0,0.0,0.0,0.0,0.0,0.0,0.0,0.0,0.0,0.0,1.0,0.0,0.0,0.0,0.0,0.0,0.0,0.0,1.0,4.0,0.0,0.0,0.0,0.0,1.0,11.0,0.0,0.0,0.0,0.0,0.0,0.0,0.0,0.0,0.0,0.0,0.0,0.0,0.0,0.0,0.0,0.0,0.0,0.0,0.0,0.0,1.0,0.0,0.0,0.0,0.0,0.0,0.0,0.0,1.0,2.0,0.0,6398448554.0,-1.0,四平市双辽市,四平市双辽市柳条乡,8.0,13.5,0.0,0.0,21.5,34.28333333333333,36.45454545454545,46.871929824561406
吉林省,四平市,双辽市,新立乡,124.0286043,43.6822643,0.0,0.0,1.0,4.0,35.0,0.0,0.0,0.0,0.0,0.0,0.0,0.0,0.0,0.0,0.0,0.0,0.0,0.0,0.0,0.0,0.0,0.0,0.0,0.0,0.0,1.0,0.0,0.0,0.0,0.0,0.0,0.0,0.0,4.0,6.0,1.0,0.0,0.0,1.0,2.0,17.0,0.0,0.0,0.0,0.0,0.0,0.0,0.0,0.0,0.0,0.0,0.0,0.0,0.0,0.0,0.0,0.0,0.0,0.0,0.0,0.0,1.0,0.0,0.0,0.0,0.0,0.0,0.0,0.0,1.0,4.0,0.0,3810910389.0,-1.0,四平市双辽市,四平市双辽市新立乡,8.0,23.0,0.0,0.5,31.5,34.28333333333333,36.45454545454545,46.871929824561406
吉林省,四平市,双辽市,永加乡,123.8118961,43.7745509,3.0,0.0,2.0,1.0,0.0,0.0,0.0,0.0,0.0,0.0,1.0,0.0,0.0,0.0,0.0,0.0,0.0,0.0,0.0,0.0,0.0,0.0,0.0,0.0,0.0,1.0,0.0,0.0,0.0,1.0,0.0,0.0,0.0,2.0,3.0,0.0,3.0,0.0,2.0,0.0,0.0,0.0,0.0,0.0,0.0,0.0,1.0,0.0,0.0,0.0,0.0,0.0,0.0,0.0,0.0,0.0,0.0,0.0,0.0,0.0,0.0,1.0,0.0,0.0,0.0,0.0,0.0,0.0,0.0,1.0,2.0,0.0,2290072616.0,-1.0,四平市双辽市,四平市双辽市永加乡,8.0,9.5,0.0,0.1,17.6,34.28333333333333,36.45454545454545,46.871929824561406
吉林省,辽源市,龙山区,东吉街道,125.1435019,42.8953481,6.0,34.0,66.0,55.0,55.0,11.0,0.0,30.0,0.0,6.0,0.0,1.0,0.0,0.0,2.0,2.0,0.0,0.0,0.0,1.0,1.0,0.0,1.0,0.0,0.0,12.0,111.0,0.0,0.0,5.0,0.0,10.0,1.0,18.0,10.0,8.0,0.0,20.0,4.0,22.0,15.0,1.0,0.0,19.0,0.0,6.0,0.0,0.0,0.0,0.0,2.0,2.0,0.0,0.0,0.0,1.0,0.0,0.0,0.0,0.0,0.0,4.0,15.0,0.0,0.0,0.0,0.0,5.0,1.0,6.0,8.0,5.0,6404917186.0,-1.0,辽源市龙山区,辽源市龙山区东吉街道,12.0,26.0,11.0,17.1,66.1,61.2,38.21063829787234,46.871929824561406
吉林省,辽源市,龙山区,南康街道,125.1391535,42.898517,0.0,34.0,66.0,53.0,57.0,9.0,0.0,30.0,0.0,6.0,0.0,1.0,0.0,0.0,2.0,2.0,0.0,0.0,0.0,1.0,1.0,0.0,0.0,0.0,0.0,13.0,128.0,0.0,0.0,4.0,0.0,10.0,1.0,17.0,8.0,7.0,0.0,12.0,9.0,26.0,9.0,1.0,0.0,12.0,0.0,4.0,0.0,0.0,0.0,0.0,2.0,2.0,0.0,0.0,0.0,0.0,0.0,0.0,0.0,0.0,0.0,6.0,11.0,0.0,0.0,0.0,0.0,2.0,1.0,9.0,7.0,5.0,6404917189.0,-1.0,辽源市龙山区,辽源市龙山区南康街道,12.0,26.0,10.0,17.8,65.8,61.2,38.21063829787234,46.871929824561406
吉林省,辽源市,龙山区,北寿街道,125.1425656,42.9023203,7.0,32.0,59.0,51.0,57.0,8.0,0.0,30.0,0.0,6.0,0.0,1.0,0.0,0.0,2.0,2.0,0.0,0.0,0.0,2.0,1.0,0.0,0.0,0.0,0.0,13.0,114.0,0.0,0.0,5.0,0.0,10.0,1.0,17.0,10.0,7.0,0.0,8.0,7.0,26.0,6.0,1.0,0.0,10.0,0.0,4.0,0.0,0.0,0.0,0.0,2.0,2.0,0.0,0.0,0.0,0.0,0.0,0.0,0.0,0.0,0.0,4.0,10.0,0.0,0.0,0.0,0.0,4.0,0.0,6.0,7.0,3.0,6404917185.0,-1.0,辽源市龙山区,辽源市龙山区北寿街道,12.0,26.0,10.0,16.4,64.4,61.2,38.21063829787234,46.871929824561406
吉林省,辽源市,龙山区,西宁街道,125.1299716,42.9021367,2.0,30.0,59.0,49.0,58.0,8.0,0.0,30.0,0.0,6.0,0.0,1.0,0.0,0.0,2.0,2.0,0.0,0.0,0.0,1.0,1.0,0.0,0.0,0.0,0.0,12.0,141.0,0.0,0.0,4.0,0.0,10.0,1.0,17.0,9.0,7.0,0.0,4.0,12.0,17.0,11.0,0.0,0.0,0.0,0.0,0.0,0.0,0.0,0.0,0.0,0.0,0.0,0.0,0.0,0.0,0.0,0.0,0.0,0.0,0.0,0.0,3.0,12.0,0.0,0.0,0.0,0.0,0.0,0.0,6.0,5.0,3.0,6404917191.0,-1.0,辽源市龙山区,辽源市龙山区西宁街道,12.0,26.0,5.0,19.200000000000003,62.2,61.2,38.21063829787234,46.871929824561406
吉林省,辽源市,龙山区,站前街道,125.1182025,42.9084299,2.0,29.0,39.0,46.0,46.0,7.0,0.0,12.0,0.0,4.0,0.0,1.0,0.0,0.0,2.0,2.0,0.0,0.0,0.0,0.0,0.0,0.0,0.0,0.0,0.0,10.0,157.0,0.0,0.0,4.0,0.0,7.0,1.0,13.0,9.0,6.0,0.0,2.0,10.0,4.0,12.0,0.0,0.0,0.0,0.0,0.0,0.0,0.0,0.0,0.0,0.0,0.0,0.0,0.0,0.0,0.0,0.0,0.0,0.0,0.0,0.0,1.0,26.0,0.0,0.0,2.0,0.0,0.0,0.0,6.0,4.0,2.0,6404917193.0,-1.0,辽源市龙山区,辽源市龙山区站前街道,12.0,26.0,5.0,19.0,62.0,61.2,38.21063829787234,46.871929824561406
吉林省,辽源市,龙山区,向阳街道,125.1350444,42.883633,12.0,27.0,60.0,55.0,45.0,13.0,0.0,30.0,0.0,6.0,0.0,1.0,0.0,0.0,2.0,2.0,0.0,0.0,0.0,1.0,1.0,0.0,1.0,0.0,0.0,10.0,92.0,0.0,0.0,7.0,0.0,7.0,1.0,14.0,11.0,8.0,0.0,6.0,8.0,9.0,19.0,5.0,0.0,0.0,0.0,0.0,0.0,1.0,0.0,0.0,0.0,0.0,0.0,0.0,0.0,0.0,0.0,0.0,0.0,0.0,0.0,2.0,13.0,0.0,0.0,0.0,0.0,0.0,0.0,4.0,6.0,3.0,6404917190.0,-1.0,辽源市龙山区,辽源市龙山区向阳街道,12.0,26.0,5.0,15.200000000000001,58.2,61.2,38.21063829787234,46.871929824561406
吉林省,辽源市,龙山区,新兴街道,125.1503969,42.8993995,8.0,35.0,56.0,50.0,49.0,9.0,0.0,30.0,0.0,6.0,0.0,1.0,0.0,0.0,2.0,2.0,0.0,0.0,0.0,1.0,1.0,0.0,1.0,0.0,0.0,13.0,102.0,0.0,0.0,4.0,0.0,10.0,1.0,18.0,10.0,8.0,0.0,12.0,0.0,20.0,11.0,1.0,0.0,22.0,0.0,6.0,0.0,0.0,0.0,0.0,2.0,2.0,0.0,0.0,0.0,1.0,1.0,0.0,0.0,0.0,0.0,4.0,22.0,0.0,0.0,0.0,0.0,6.0,1.0,5.0,6.0,6.0,6404917192.0,-1.0,辽源市龙山区,辽源市龙山区新兴街道,12.0,26.0,11.0,16.8,65.8,61.2,38.21063829787234,46.871929824561406
吉林省,辽源市,龙山区,福镇街道,125.1569577,42.8867495,16.0,27.0,50.0,58.0,45.0,13.0,0.0,30.0,0.0,6.0,0.0,1.0,0.0,0.0,2.0,2.0,0.0,0.0,0.0,1.0,1.0,0.0,1.0,0.0,0.0,10.0,70.0,0.0,0.0,5.0,0.0,8.0,1.0,15.0,10.0,8.0,0.0,7.0,13.0,4.0,9.0,0.0,0.0,21.0,0.0,2.0,0.0,0.0,0.0,0.0,0.0,0.0,0.0,0.0,0.0,0.0,1.0,0.0,0.0,0.0,0.0,2.0,17.0,0.0,0.0,0.0,0.0,4.0,1.0,4.0,6.0,5.0,6404917187.0,-1.0,辽源市龙山区,辽源市龙山区福镇街道,12.0,26.0,5.0,13.200000000000001,56.2,61.2,38.21063829787234,46.871929824561406
吉林省,辽源市,龙山区,寿山镇,125.2633551,42.9185648,0.0,6.0,0.0,15.0,15.0,1.0,0.0,0.0,0.0,0.0,0.0,1.0,0.0,0.0,2.0,2.0,0.0,0.0,0.0,0.0,0.0,1.0,3.0,0.0,0.0,1.0,10.0,0.0,0.0,2.0,0.0,1.0,0.0,3.0,10.0,7.0,0.0,6.0,0.0,11.0,4.0,0.0,0.0,0.0,0.0,0.0,0.0,1.0,0.0,0.0,1.0,1.0,0.0,0.0,0.0,0.0,0.0,1.0,2.0,0.0,0.0,1.0,1.0,0.0,0.0,1.0,0.0,0.0,0.0,2.0,4.0,5.0,3465333565.0,9485717.0,辽源市龙山区,辽源市龙山区寿山镇,16.0,18.2,10.0,4.9,49.1,61.2,38.21063829787234,46.871929824561406
吉林省,辽源市,龙山区,工农乡,125.1642514,42.8881263,18.0,29.0,45.0,41.0,42.0,11.0,0.0,30.0,0.0,6.0,0.0,1.0,0.0,0.0,2.0,2.0,0.0,0.0,0.0,1.0,1.0,0.0,1.0,0.0,0.0,8.0,66.0,0.0,0.0,4.0,0.0,7.0,1.0,15.0,10.0,8.0,1.0,7.0,17.0,0.0,9.0,0.0,0.0,19.0,0.0,0.0,0.0,0.0,0.0,0.0,0.0,0.0,0.0,0.0,0.0,0.0,1.0,0.0,0.0,0.0,0.0,2.0,2.0,0.0,0.0,0.0,0.0,3.0,0.0,4.0,5.0,4.0,6404917188.0,9485827.0,辽源市龙山区,辽源市龙山区工农乡,20.0,26.0,5.0,11.2,62.2,61.2,38.21063829787234,46.871929824561406
吉林省,辽源市,西安区,太安街道,125.1405603,42.9121105,0.0,35.0,51.0,53.0,44.0,7.0,0.0,30.0,0.0,6.0,0.0,1.0,0.0,0.0,2.0,2.0,0.0,0.0,0.0,2.0,1.0,0.0,0.0,0.0,0.0,12.0,94.0,0.0,0.0,5.0,0.0,9.0,1.0,16.0,8.0,6.0,0.0,9.0,11.0,15.0,5.0,0.0,0.0,0.0,0.0,0.0,0.0,0.0,0.0,0.0,0.0,0.0,0.0,0.0,0.0,0.0,0.0,0.0,0.0,0.0,0.0,1.0,25.0,0.0,0.0,0.0,0.0,3.0,0.0,3.0,6.0,2.0,6406122130.0,-1.0,辽源市西安区,辽源市西安区太安街道,12.0,26.0,5.0,15.4,58.4,34.0,38.21063829787234,46.871929824561406
吉林省,辽源市,西安区,仙城街道,125.1503258,42.9329368,17.0,18.0,16.0,20.0,11.0,0.0,0.0,0.0,0.0,0.0,0.0,0.0,0.0,0.0,0.0,0.0,0.0,0.0,0.0,1.0,0.0,0.0,0.0,0.0,0.0,6.0,26.0,0.0,0.0,4.0,0.0,3.0,0.0,9.0,8.0,3.0,0.0,4.0,6.0,1.0,0.0,0.0,0.0,0.0,0.0,0.0,0.0,0.0,0.0,0.0,0.0,0.0,0.0,0.0,0.0,1.0,0.0,0.0,0.0,0.0,0.0,2.0,0.0,0.0,0.0,2.0,0.0,0.0,0.0,3.0,3.0,1.0,6406122132.0,-1.0,辽源市西安区,辽源市西安区仙城街道,12.0,16.2,1.0,4.7,33.9,34.0,38.21063829787234,46.871929824561406
吉林省,辽源市,西安区,东山街道,125.1531475,42.9359322,20.0,18.0,14.0,16.0,9.0,0.0,0.0,0.0,0.0,0.0,0.0,0.0,0.0,0.0,0.0,0.0,0.0,0.0,0.0,1.0,0.0,0.0,0.0,0.0,0.0,6.0,26.0,0.0,0.0,4.0,0.0,3.0,0.0,9.0,8.0,3.0,0.0,6.0,6.0,0.0,0.0,0.0,0.0,0.0,0.0,0.0,0.0,0.0,0.0,0.0,0.0,0.0,0.0,0.0,0.0,0.0,0.0,0.0,0.0,0.0,0.0,3.0,0.0,0.0,0.0,0.0,0.0,0.0,0.0,7.0,2.0,1.0,6406122127.0,-1.0,辽源市西安区,辽源市西安区东山街道,12.0,15.8,0.0,4.5,32.3,34.0,38.21063829787234,46.871929824561406
吉林省,辽源市,西安区,先锋街道,125.1339503,42.9509647,22.0,12.0,6.0,11.0,6.0,0.0,0.0,0.0,0.0,0.0,0.0,0.0,0.0,0.0,0.0,0.0,0.0,0.0,0.0,1.0,0.0,0.0,0.0,0.0,0.0,6.0,4.0,0.0,0.0,0.0,0.0,0.0,0.0,7.0,6.0,2.0,8.0,3.0,0.0,6.0,0.0,0.0,0.0,0.0,0.0,0.0,0.0,0.0,0.0,0.0,0.0,0.0,0.0,0.0,0.0,0.0,0.0,0.0,0.0,0.0,0.0,2.0,0.0,0.0,0.0,0.0,0.0,0.0,0.0,3.0,4.0,0.0,6406122133.0,-1.0,辽源市西安区,辽源市西安区先锋街道,12.0,14.2,0.0,1.4,27.599999999999998,34.0,38.21063829787234,46.871929824561406
吉林省,辽源市,西安区,富国街道,125.1244657,42.9560906,14.0,11.0,0.0,9.0,4.0,0.0,0.0,0.0,0.0,0.0,0.0,0.0,0.0,0.0,0.0,0.0,0.0,0.0,0.0,0.0,0.0,0.0,0.0,0.0,0.0,4.0,4.0,0.0,0.0,1.0,0.0,0.0,0.0,5.0,6.0,1.0,2.0,0.0,0.0,4.0,0.0,0.0,0.0,0.0,0.0,0.0,0.0,0.0,0.0,0.0,0.0,0.0,0.0,0.0,0.0,0.0,0.0,0.0,0.0,0.0,0.0,2.0,0.0,0.0,0.0,0.0,0.0,0.0,0.0,3.0,2.0,0.0,6406122128.0,-1.0,辽源市西安区,辽源市西安区富国街道,11.0,13.8,0.0,1.0,25.8,34.0,38.21063829787234,46.871929824561406
吉林省,辽源市,西安区,安家街道,125.149108,42.9422258,22.0,14.0,7.0,11.0,7.0,0.0,0.0,0.0,0.0,0.0,0.0,0.0,0.0,0.0,0.0,0.0,0.0,0.0,0.0,1.0,0.0,0.0,0.0,0.0,0.0,6.0,6.0,0.0,0.0,3.0,0.0,0.0,0.0,9.0,9.0,2.0,0.0,10.0,0.0,3.0,0.0,0.0,0.0,0.0,0.0,0.0,0.0,0.0,0.0,0.0,0.0,0.0,0.0,0.0,0.0,0.0,0.0,0.0,0.0,0.0,0.0,2.0,0.0,0.0,0.0,0.0,0.0,0.0,0.0,3.0,3.0,1.0,6406122125.0,-1.0,辽源市西安区,辽源市西安区安家街道,12.0,15.4,0.0,1.9,29.299999999999997,34.0,38.21063829787234,46.871929824561406
吉林省,辽源市,西安区,灯塔镇,125.1397288,43.0098823,6.0,0.0,0.0,5.0,0.0,0.0,0.0,0.0,0.0,0.0,0.0,0.0,0.0,0.0,0.0,0.0,0.0,0.0,0.0,0.0,1.0,0.0,0.0,0.0,0.0,1.0,0.0,0.0,0.0,1.0,0.0,0.0,0.0,5.0,5.0,4.0,2.0,0.0,0.0,1.0,0.0,0.0,0.0,0.0,0.0,0.0,0.0,0.0,0.0,0.0,0.0,0.0,0.0,0.0,0.0,0.0,1.0,0.0,0.0,0.0,0.0,1.0,0.0,0.0,0.0,1.0,0.0,0.0,0.0,1.0,2.0,3.0,6406122126.0,9487277.0,辽源市西安区,辽源市西安区灯塔镇,16.0,12.5,0.0,2.2,30.7,34.0,38.21063829787234,46.871929824561406
吉林省,辽源市,东丰县,吉鹿街道,125.5269304,42.6742624,6.0,23.0,16.0,29.0,56.0,7.0,0.0,1.0,0.0,0.0,0.0,16.0,0.0,0.0,3.0,4.0,1.0,0.0,1.0,3.0,3.0,1.0,5.0,0.0,0.0,11.0,104.0,0.0,1.0,3.0,4.0,6.0,1.0,6.0,10.0,8.0,0.0,7.0,9.0,12.0,19.0,0.0,0.0,1.0,0.0,0.0,0.0,1.0,0.0,0.0,1.0,1.0,0.0,0.0,0.0,0.0,1.0,0.0,0.0,0.0,0.0,3.0,13.0,0.0,1.0,0.0,2.0,2.0,0.0,5.0,5.0,3.0,13049925468.0,-1.0,辽源市东丰县,辽源市东丰县吉鹿街道,12.0,24.0,10.0,16.0,62.0,35.205882352941174,38.21063829787234,46.871929824561406
吉林省,辽源市,东丰县,祥鹿街道,125.5138749,42.6736341,6.0,14.0,16.0,29.0,52.0,10.0,0.0,1.0,0.0,0.0,0.0,16.0,0.0,0.0,3.0,4.0,1.0,0.0,1.0,3.0,3.0,1.0,2.0,0.0,0.0,11.0,68.0,0.0,1.0,1.0,4.0,6.0,1.0,6.0,9.0,9.0,0.0,9.0,13.0,15.0,9.0,1.0,0.0,0.0,0.0,0.0,0.0,4.0,0.0,0.0,1.0,2.0,0.0,0.0,0.0,1.0,1.0,0.0,0.0,0.0,0.0,5.0,0.0,0.0,0.0,0.0,1.0,4.0,0.0,4.0,6.0,4.0,13049925469.0,-1.0,辽源市东丰县,辽源市东丰县祥鹿街道,12.0,24.0,11.0,10.9,57.9,35.205882352941174,38.21063829787234,46.871929824561406
吉林省,辽源市,东丰县,福鹿街道,125.5336717,42.665324,2.0,24.0,16.0,26.0,47.0,7.0,0.0,1.0,0.0,0.0,0.0,15.0,0.0,0.0,3.0,4.0,1.0,0.0,1.0,3.0,3.0,1.0,4.0,0.0,0.0,11.0,102.0,0.0,1.0,2.0,4.0,6.0,1.0,6.0,10.0,9.0,0.0,5.0,3.0,4.0,16.0,2.0,0.0,1.0,0.0,0.0,0.0,1.0,0.0,0.0,0.0,0.0,0.0,0.0,0.0,0.0,2.0,0.0,1.0,0.0,0.0,1.0,12.0,0.0,0.0,0.0,1.0,1.0,0.0,2.0,7.0,5.0,13049925474.0,-1.0,辽源市东丰县,辽源市东丰县福鹿街道,12.0,24.0,5.0,15.600000000000001,56.6,35.205882352941174,38.21063829787234,46.871929824561406
吉林省,辽源市,东丰县,东丰镇,125.533109,42.676538,6.0,22.0,16.0,29.0,56.0,7.0,0.0,1.0,0.0,0.0,0.0,16.0,0.0,0.0,3.0,4.0,1.0,0.0,1.0,3.0,3.0,1.0,3.0,0.0,0.0,11.0,108.0,0.0,1.0,3.0,4.0,6.0,1.0,6.0,11.0,8.0,0.0,5.0,2.0,11.0,17.0,1.0,0.0,1.0,0.0,0.0,0.0,1.0,0.0,0.0,1.0,1.0,0.0,0.0,0.0,0.0,1.0,0.0,0.0,0.0,0.0,3.0,25.0,0.0,1.0,0.0,2.0,2.0,0.0,4.0,7.0,2.0,-1.0,-1.0,辽源市东丰县,辽源市东丰县东丰镇,5.0,24.0,10.0,17.6,56.6,35.205882352941174,38.21063829787234,46.871929824561406
吉林省,辽源市,东丰县,大阳镇,125.412078,42.5031574,0.0,0.0,12.0,4.0,12.0,0.0,0.0,0.0,0.0,0.0,0.0,0.0,0.0,0.0,0.0,0.0,0.0,0.0,0.0,0.0,2.0,0.0,0.0,0.0,0.0,2.0,1.0,0.0,0.0,0.0,0.0,0.0,0.0,1.0,5.0,3.0,0.0,0.0,3.0,0.0,6.0,0.0,0.0,0.0,0.0,0.0,0.0,0.0,0.0,0.0,0.0,0.0,0.0,0.0,0.0,0.0,0.0,0.0,0.0,0.0,0.0,1.0,0.0,0.0,0.0,0.0,0.0,0.0,0.0,1.0,3.0,1.0,5174070543.0,-1.0,辽源市东丰县,辽源市东丰县大阳镇,9.0,15.7,0.0,1.6,26.3,35.205882352941174,38.21063829787234,46.871929824561406
吉林省,辽源市,东丰县,横道河镇,125.2895442,42.4077422,0.0,0.0,4.0,0.0,43.0,1.0,0.0,1.0,0.0,0.0,0.0,0.0,0.0,0.0,0.0,0.0,0.0,0.0,0.0,0.0,12.0,0.0,0.0,0.0,0.0,9.0,26.0,0.0,0.0,0.0,0.0,0.0,0.0,2.0,7.0,5.0,0.0,0.0,3.0,0.0,23.0,0.0,0.0,1.0,0.0,0.0,0.0,0.0,0.0,0.0,0.0,0.0,0.0,0.0,0.0,0.0,4.0,0.0,0.0,0.0,0.0,1.0,26.0,0.0,0.0,0.0,0.0,0.0,0.0,2.0,5.0,4.0,2288016197.0,-1.0,辽源市东丰县,辽源市东丰县横道河镇,12.0,23.5,0.0,7.7,43.2,35.205882352941174,38.21063829787234,46.871929824561406
吉林省,辽源市,东丰县,那丹伯镇,125.4777556,43.1790677,7.0,9.0,6.0,2.0,64.0,3.0,0.0,4.0,1.0,0.0,1.0,1.0,0.0,0.0,1.0,1.0,0.0,0.0,0.0,1.0,39.0,2.0,1.0,0.0,0.0,12.0,57.0,0.0,0.0,1.0,0.0,1.0,0.0,8.0,13.0,11.0,0.0,3.0,1.0,1.0,22.0,0.0,0.0,0.0,0.0,0.0,0.0,0.0,0.0,0.0,0.0,0.0,0.0,0.0,0.0,0.0,8.0,1.0,0.0,0.0,0.0,4.0,0.0,0.0,0.0,0.0,0.0,0.0,0.0,7.0,5.0,4.0,3465335926.0,9487417.0,辽源市东丰县,辽源市东丰县那丹伯镇,20.0,28.0,5.0,9.8,62.8,35.205882352941174,38.21063829787234,46.871929824561406
吉林省,辽源市,东丰县,猴石镇,125.317373,42.6386872,0.0,3.0,0.0,1.0,23.0,0.0,0.0,0.0,0.0,0.0,0.0,0.0,0.0,0.0,0.0,0.0,0.0,0.0,0.0,0.0,0.0,0.0,0.0,0.0,0.0,1.0,16.0,0.0,0.0,0.0,0.0,0.0,0.0,2.0,4.0,2.0,0.0,3.0,0.0,1.0,11.0,0.0,0.0,0.0,0.0,0.0,0.0,0.0,0.0,0.0,0.0,0.0,0.0,0.0,0.0,0.0,0.0,0.0,0.0,0.0,0.0,1.0,10.0,0.0,0.0,0.0,0.0,0.0,0.0,2.0,4.0,1.0,6406402033.0,-1.0,辽源市东丰县,辽源市东丰县猴石镇,8.0,15.9,0.0,3.6,27.5,35.205882352941174,38.21063829787234,46.871929824561406
吉林省,辽源市,东丰县,杨木林镇,125.1387511,42.6359932,0.0,6.0,1.0,2.0,0.0,0.0,0.0,0.0,0.0,0.0,0.0,0.0,0.0,0.0,0.0,0.0,0.0,0.0,0.0,0.0,0.0,0.0,0.0,0.0,0.0,1.0,0.0,0.0,0.0,0.0,0.0,0.0,0.0,1.0,3.0,0.0,0.0,1.0,0.0,0.0,0.0,0.0,0.0,0.0,0.0,0.0,0.0,0.0,0.0,0.0,0.0,0.0,0.0,0.0,0.0,0.0,0.0,0.0,0.0,0.0,0.0,1.0,0.0,0.0,0.0,0.0,0.0,0.0,0.0,1.0,1.0,0.0,6406402035.0,-1.0,辽源市东丰县,辽源市东丰县杨木林镇,8.0,8.5,0.0,0.0,16.5,35.205882352941174,38.21063829787234,46.871929824561406
吉林省,辽源市,东丰县,小四平镇,125.1353123,42.5389209,0.0,1.0,3.0,0.0,4.0,0.0,0.0,0.0,0.0,0.0,0.0,0.0,0.0,0.0,0.0,0.0,0.0,0.0,0.0,0.0,0.0,0.0,0.0,0.0,0.0,3.0,0.0,0.0,0.0,0.0,0.0,0.0,0.0,1.0,4.0,2.0,0.0,0.0,1.0,0.0,4.0,0.0,0.0,0.0,0.0,0.0,0.0,0.0,0.0,0.0,0.0,0.0,0.0,0.0,0.0,0.0,0.0,0.0,0.0,0.0,0.0,1.0,0.0,0.0,0.0,0.0,0.0,0.0,0.0,1.0,2.0,1.0,5172417046.0,-1.0,辽源市东丰县,辽源市东丰县小四平镇,10.0,9.0,0.0,1.0,20.0,35.205882352941174,38.21063829787234,46.871929824561406
吉林省,辽源市,东丰县,黄河镇,125.6919635,42.8761752,0.0,3.0,2.0,1.0,12.0,0.0,0.0,0.0,0.0,0.0,0.0,0.0,0.0,0.0,0.0,0.0,0.0,0.0,0.0,0.0,0.0,0.0,0.0,0.0,0.0,1.0,0.0,0.0,0.0,0.0,0.0,0.0,0.0,1.0,4.0,0.0,0.0,3.0,1.0,1.0,4.0,0.0,0.0,0.0,0.0,0.0,0.0,0.0,0.0,0.0,0.0,0.0,0.0,0.0,0.0,0.0,0.0,0.0,0.0,0.0,0.0,1.0,0.0,0.0,0.0,0.0,0.0,0.0,0.0,1.0,4.0,0.0,3464983973.0,-1.0,辽源市东丰县,辽源市东丰县黄河镇,8.0,11.600000000000001,0.0,0.0,19.6,35.205882352941174,38.21063829787234,46.871929824561406
吉林省,辽源市,东丰县,拉拉河镇,125.3896451,42.6630998,0.0,5.0,0.0,0.0,23.0,0.0,0.0,0.0,0.0,0.0,0.0,0.0,0.0,0.0,0.0,0.0,0.0,0.0,0.0,0.0,0.0,0.0,0.0,0.0,0.0,1.0,4.0,0.0,0.0,0.0,0.0,0.0,0.0,2.0,3.0,2.0,0.0,5.0,0.0,0.0,5.0,0.0,0.0,0.0,0.0,0.0,0.0,0.0,0.0,0.0,0.0,0.0,0.0,0.0,0.0,0.0,0.0,0.0,0.0,0.0,0.0,1.0,1.0,0.0,0.0,0.0,0.0,0.0,0.0,2.0,2.0,1.0,6406402034.0,-1.0,辽源市东丰县,辽源市东丰县拉拉河镇,8.0,12.600000000000001,0.0,1.5,22.1,35.205882352941174,38.21063829787234,46.871929824561406
吉林省,辽源市,东丰县,沙河镇,125.6197861,42.9891976,0.0,4.0,3.0,0.0,10.0,0.0,0.0,0.0,0.0,0.0,0.0,0.0,0.0,0.0,0.0,0.0,0.0,0.0,0.0,0.0,1.0,0.0,0.0,0.0,0.0,1.0,9.0,0.0,0.0,0.0,0.0,0.0,0.0,1.0,4.0,2.0,0.0,4.0,2.0,0.0,9.0,0.0,0.0,0.0,0.0,0.0,0.0,0.0,0.0,0.0,0.0,0.0,0.0,0.0,0.0,0.0,0.0,0.0,0.0,0.0,0.0,1.0,0.0,0.0,0.0,0.0,0.0,0.0,0.0,1.0,4.0,1.0,3464980146.0,-1.0,辽源市东丰县,辽源市东丰县沙河镇,8.0,11.7,0.0,1.9,21.599999999999998,35.205882352941174,38.21063829787234,46.871929824561406
吉林省,辽源市,东丰县,南屯基镇,125.508705,42.6157948,0.0,0.0,3.0,1.0,6.0,0.0,0.0,0.0,0.0,0.0,0.0,0.0,0.0,0.0,0.0,0.0,0.0,0.0,0.0,0.0,9.0,0.0,0.0,0.0,0.0,3.0,4.0,0.0,0.0,0.0,0.0,0.0,0.0,3.0,3.0,3.0,0.0,0.0,3.0,0.0,1.0,0.0,0.0,0.0,0.0,0.0,0.0,0.0,0.0,0.0,0.0,0.0,0.0,0.0,0.0,0.0,2.0,0.0,0.0,0.0,0.0,1.0,3.0,0.0,0.0,0.0,0.0,0.0,0.0,1.0,2.0,2.0,5177475923.0,-1.0,辽源市东丰县,辽源市东丰县南屯基镇,10.0,9.0,0.0,2.2,21.2,35.205882352941174,38.21063829787234,46.871929824561406
吉林省,辽源市,东丰县,大兴镇,125.3794753,42.7425748,2.0,0.0,0.0,0.0,13.0,0.0,0.0,0.0,0.0,0.0,0.0,0.0,0.0,0.0,0.0,0.0,0.0,0.0,0.0,0.0,0.0,0.0,0.0,0.0,0.0,1.0,14.0,0.0,0.0,0.0,0.0,1.0,0.0,4.0,3.0,3.0,2.0,0.0,0.0,0.0,4.0,0.0,0.0,0.0,0.0,0.0,0.0,0.0,0.0,0.0,0.0,0.0,0.0,0.0,0.0,0.0,0.0,0.0,0.0,0.0,0.0,1.0,11.0,0.0,0.0,0.0,0.0,1.0,0.0,4.0,3.0,1.0,6406402031.0,-1.0,辽源市东丰县,辽源市东丰县大兴镇,8.0,10.3,0.0,4.0,22.3,35.205882352941174,38.21063829787234,46.871929824561406
吉林省,辽源市,东丰县,三合满族朝鲜族乡,125.6032862,42.603513,10.0,0.0,0.0,3.0,37.0,0.0,0.0,0.0,0.0,0.0,0.0,0.0,0.0,0.0,0.0,0.0,0.0,0.0,0.0,0.0,0.0,0.0,0.0,0.0,0.0,1.0,86.0,0.0,0.0,0.0,0.0,0.0,0.0,3.0,4.0,2.0,6.0,0.0,0.0,1.0,13.0,0.0,0.0,0.0,0.0,0.0,0.0,0.0,0.0,0.0,0.0,0.0,0.0,0.0,0.0,0.0,0.0,0.0,0.0,0.0,0.0,1.0,39.0,0.0,0.0,0.0,0.0,0.0,0.0,3.0,4.0,2.0,2288675074.0,-1.0,辽源市东丰县,辽源市东丰县三合满族朝鲜族乡,8.0,21.3,0.0,13.5,42.8,35.205882352941174,38.21063829787234,46.871929824561406
吉林省,辽源市,东丰县,二龙山乡,125.6015421,42.793927,0.0,3.0,0.0,3.0,1.0,0.0,0.0,0.0,0.0,0.0,0.0,0.0,0.0,0.0,0.0,0.0,0.0,0.0,0.0,0.0,1.0,0.0,0.0,0.0,0.0,1.0,0.0,0.0,0.0,0.0,0.0,0.0,0.0,2.0,4.0,2.0,0.0,3.0,0.0,2.0,1.0,0.0,0.0,0.0,0.0,0.0,0.0,0.0,0.0,0.0,0.0,0.0,0.0,0.0,0.0,0.0,0.0,0.0,0.0,0.0,0.0,1.0,0.0,0.0,0.0,0.0,0.0,0.0,0.0,1.0,3.0,0.0,6406402032.0,-1.0,辽源市东丰县,辽源市东丰县二龙山乡,8.0,10.5,0.0,1.0,19.5,35.205882352941174,38.21063829787234,46.871929824561406
吉林省,辽源市,东辽县,白泉镇,124.986503,42.9256011,12.0,0.0,10.0,8.0,10.0,2.0,0.0,0.0,0.0,0.0,0.0,0.0,0.0,0.0,0.0,0.0,0.0,0.0,0.0,0.0,10.0,0.0,4.0,0.0,0.0,2.0,18.0,0.0,0.0,2.0,0.0,1.0,0.0,4.0,6.0,5.0,8.0,0.0,7.0,2.0,4.0,2.0,0.0,0.0,0.0,0.0,0.0,0.0,0.0,0.0,0.0,0.0,0.0,0.0,0.0,0.0,4.0,0.0,2.0,0.0,0.0,1.0,9.0,0.0,0.0,0.0,0.0,1.0,0.0,3.0,6.0,5.0,6404093053.0,-1.0,辽源市东辽县,辽源市东辽县白泉镇,9.0,16.2,0.0,5.4,30.6,26.723076923076924,38.21063829787234,46.871929824561406
吉林省,辽源市,东辽县,渭津镇,125.2712014,42.7916588,14.0,0.0,6.0,0.0,30.0,0.0,0.0,0.0,0.0,0.0,0.0,0.0,0.0,0.0,0.0,0.0,0.0,0.0,0.0,0.0,2.0,1.0,1.0,0.0,0.0,1.0,59.0,0.0,0.0,1.0,0.0,0.0,0.0,2.0,4.0,4.0,0.0,0.0,3.0,0.0,9.0,0.0,0.0,0.0,0.0,0.0,0.0,0.0,0.0,0.0,0.0,0.0,0.0,0.0,0.0,0.0,2.0,1.0,1.0,0.0,0.0,1.0,4.0,0.0,0.0,0.0,0.0,0.0,0.0,2.0,3.0,4.0,6404856022.0,-1.0,辽源市东辽县,辽源市东辽县渭津镇,8.0,15.7,0.0,8.4,32.1,26.723076923076924,38.21063829787234,46.871929824561406
吉林省,辽源市,东辽县,安石镇,125.3176666,43.0036406,0.0,2.0,5.0,7.0,86.0,16.0,0.0,0.0,0.0,0.0,0.0,1.0,0.0,0.0,2.0,2.0,0.0,0.0,0.0,0.0,4.0,1.0,1.0,0.0,0.0,1.0,5.0,0.0,0.0,0.0,0.0,0.0,0.0,4.0,5.0,5.0,0.0,0.0,2.0,5.0,27.0,9.0,0.0,0.0,0.0,0.0,0.0,1.0,0.0,0.0,2.0,2.0,0.0,0.0,0.0,0.0,2.0,1.0,1.0,0.0,0.0,1.0,5.0,0.0,0.0,0.0,0.0,0.0,0.0,1.0,4.0,5.0,3431437464.0,-1.0,辽源市东辽县,辽源市东辽县安石镇,8.0,22.5,10.0,3.5,44.0,26.723076923076924,38.21063829787234,46.871929824561406
吉林省,辽源市,东辽县,辽河源镇,125.479751,42.951677,0.0,0.0,2.0,0.0,0.0,0.0,0.0,0.0,0.0,0.0,0.0,1.0,0.0,0.0,0.0,0.0,0.0,0.0,0.0,0.0,0.0,2.0,0.0,0.0,0.0,0.0,0.0,0.0,0.0,0.0,0.0,0.0,0.0,2.0,3.0,2.0,0.0,0.0,2.0,0.0,0.0,0.0,0.0,0.0,0.0,0.0,0.0,1.0,0.0,0.0,0.0,0.0,0.0,0.0,0.0,0.0,0.0,2.0,0.0,0.0,0.0,0.0,0.0,0.0,0.0,0.0,0.0,0.0,0.0,1.0,1.0,2.0,-1.0,-1.0,辽源市东辽县,辽源市东辽县辽河源镇,0.0,6.5,5.0,1.0,12.5,26.723076923076924,38.21063829787234,46.871929824561406
吉林省,辽源市,东辽县,泉太镇,124.8701652,42.9721926,6.0,6.0,5.0,4.0,12.0,0.0,0.0,0.0,0.0,0.0,0.0,0.0,0.0,0.0,0.0,0.0,0.0,0.0,0.0,0.0,5.0,0.0,1.0,0.0,0.0,1.0,3.0,0.0,0.0,0.0,0.0,0.0,0.0,9.0,7.0,3.0,3.0,0.0,5.0,2.0,3.0,0.0,0.0,0.0,0.0,0.0,0.0,0.0,0.0,0.0,0.0,0.0,0.0,0.0,0.0,0.0,4.0,0.0,1.0,0.0,0.0,1.0,0.0,0.0,0.0,0.0,0.0,0.0,0.0,9.0,5.0,3.0,2284328613.0,-1.0,辽源市东辽县,辽源市东辽县泉太镇,8.0,15.8,0.0,1.8,25.6,26.723076923076924,38.21063829787234,46.871929824561406
吉林省,辽源市,东辽县,建安镇,125.080278,43.075,3.0,0.0,4.0,7.0,40.0,0.0,0.0,0.0,0.0,0.0,0.0,0.0,0.0,0.0,0.0,0.0,0.0,0.0,0.0,0.0,0.0,0.0,0.0,0.0,0.0,3.0,24.0,0.0,0.0,0.0,0.0,0.0,0.0,1.0,6.0,1.0,1.0,0.0,4.0,2.0,9.0,0.0,0.0,0.0,0.0,0.0,0.0,0.0,0.0,0.0,0.0,0.0,0.0,0.0,0.0,0.0,0.0,0.0,0.0,0.0,0.0,2.0,18.0,0.0,0.0,0.0,0.0,0.0,0.0,1.0,5.0,1.0,6404856017.0,-1.0,辽源市东辽县,辽源市东辽县建安镇,10.0,23.0,0.0,4.7,37.7,26.723076923076924,38.21063829787234,46.871929824561406
吉林省,辽源市,东辽县,安恕镇,125.0424811,42.809486,6.0,0.0,0.0,8.0,0.0,0.0,0.0,0.0,0.0,0.0,0.0,0.0,0.0,0.0,0.0,0.0,0.0,0.0,0.0,0.0,2.0,0.0,0.0,0.0,0.0,1.0,0.0,0.0,0.0,0.0,0.0,0.0,0.0,1.0,3.0,2.0,6.0,0.0,0.0,5.0,0.0,0.0,0.0,0.0,0.0,0.0,0.0,0.0,0.0,0.0,0.0,0.0,0.0,0.0,0.0,0.0,1.0,0.0,0.0,0.0,0.0,1.0,0.0,0.0,0.0,0.0,0.0,0.0,0.0,1.0,2.0,2.0,6404856015.0,-1.0,辽源市东辽县,辽源市东辽县安恕镇,8.0,11.5,0.0,1.0,20.5,26.723076923076924,38.21063829787234,46.871929824561406
吉林省,辽源市,东辽县,平岗镇,124.896185,42.8896137,0.0,0.0,2.0,2.0,13.0,0.0,0.0,0.0,0.0,0.0,0.0,0.0,0.0,0.0,0.0,0.0,0.0,0.0,0.0,0.0,3.0,0.0,2.0,0.0,0.0,1.0,1.0,0.0,0.0,0.0,0.0,0.0,0.0,1.0,4.0,5.0,0.0,0.0,2.0,2.0,4.0,0.0,0.0,0.0,0.0,0.0,0.0,0.0,0.0,0.0,0.0,0.0,0.0,0.0,0.0,0.0,3.0,0.0,1.0,0.0,0.0,1.0,1.0,0.0,0.0,0.0,0.0,0.0,0.0,1.0,4.0,4.0,2284328591.0,-1.0,辽源市东辽县,辽源市东辽县平岗镇,8.0,12.8,0.0,2.7,23.5,26.723076923076924,38.21063829787234,46.871929824561406
吉林省,辽源市,东辽县,云顶镇,124.940256,43.0454003,0.0,0.0,12.0,7.0,47.0,0.0,0.0,0.0,0.0,0.0,0.0,0.0,0.0,0.0,0.0,0.0,0.0,0.0,0.0,0.0,0.0,0.0,0.0,0.0,0.0,5.0,34.0,0.0,0.0,0.0,0.0,2.0,0.0,1.0,4.0,2.0,0.0,0.0,6.0,4.0,14.0,0.0,0.0,0.0,0.0,0.0,0.0,0.0,0.0,0.0,0.0,0.0,0.0,0.0,0.0,0.0,0.0,0.0,0.0,0.0,0.0,1.0,21.0,0.0,0.0,0.0,0.0,1.0,0.0,1.0,4.0,2.0,6404856024.0,-1.0,辽源市东辽县,辽源市东辽县云顶镇,12.0,22.0,0.0,6.5,40.5,26.723076923076924,38.21063829787234,46.871929824561406
吉林省,辽源市,东辽县,凌云乡,125.167155,42.7718628,0.0,0.0,0.0,3.0,1.0,0.0,0.0,0.0,0.0,0.0,0.0,0.0,0.0,0.0,0.0,0.0,0.0,0.0,0.0,0.0,2.0,0.0,0.0,0.0,0.0,1.0,0.0,0.0,0.0,0.0,0.0,0.0,0.0,1.0,2.0,2.0,0.0,0.0,0.0,1.0,0.0,0.0,0.0,0.0,0.0,0.0,0.0,0.0,0.0,0.0,0.0,0.0,0.0,0.0,0.0,0.0,1.0,0.0,0.0,0.0,0.0,1.0,0.0,0.0,0.0,0.0,0.0,0.0,0.0,1.0,1.0,2.0,6404856021.0,-1.0,辽源市东辽县,辽源市东辽县凌云乡,8.0,4.2,0.0,1.0,13.2,26.723076923076924,38.21063829787234,46.871929824561406
吉林省,辽源市,东辽县,甲山乡,124.9767227,43.1405563,0.0,0.0,6.0,4.0,14.0,0.0,0.0,0.0,0.0,0.0,0.0,0.0,0.0,0.0,2.0,2.0,0.0,0.0,0.0,0.0,0.0,0.0,0.0,0.0,0.0,26.0,4.0,0.0,0.0,0.0,0.0,0.0,0.0,1.0,4.0,3.0,0.0,0.0,4.0,1.0,3.0,0.0,0.0,0.0,0.0,0.0,0.0,0.0,0.0,0.0,2.0,2.0,0.0,0.0,0.0,0.0,0.0,0.0,0.0,0.0,0.0,4.0,0.0,0.0,0.0,0.0,0.0,0.0,0.0,1.0,4.0,0.0,6404856018.0,-1.0,辽源市东辽县,辽源市东辽县甲山乡,12.0,14.7,5.0,1.9,33.6,26.723076923076924,38.21063829787234,46.871929824561406
吉林省,辽源市,东辽县,足民乡,125.1132858,43.1825549,1.0,0.0,0.0,11.0,0.0,0.0,0.0,0.0,0.0,0.0,0.0,0.0,0.0,0.0,0.0,0.0,0.0,0.0,0.0,0.0,0.0,0.0,0.0,0.0,0.0,1.0,0.0,0.0,0.0,0.0,0.0,0.0,0.0,1.0,2.0,0.0,1.0,0.0,0.0,6.0,0.0,0.0,0.0,0.0,0.0,0.0,0.0,0.0,0.0,0.0,0.0,0.0,0.0,0.0,0.0,0.0,0.0,0.0,0.0,0.0,0.0,1.0,0.0,0.0,0.0,0.0,0.0,0.0,0.0,1.0,2.0,0.0,6404856023.0,-1.0,辽源市东辽县,辽源市东辽县足民乡,8.0,11.0,0.0,0.0,19.0,26.723076923076924,38.21063829787234,46.871929824561406
吉林省,辽源市,东辽县,金州乡,125.292778,43.059167,0.0,0.0,2.0,5.0,3.0,0.0,0.0,0.0,0.0,0.0,0.0,0.0,0.0,0.0,0.0,0.0,0.0,0.0,0.0,0.0,0.0,0.0,0.0,0.0,0.0,1.0,0.0,0.0,0.0,0.0,0.0,0.0,0.0,2.0,4.0,2.0,0.0,0.0,1.0,1.0,0.0,0.0,0.0,0.0,0.0,0.0,0.0,0.0,0.0,0.0,0.0,0.0,0.0,0.0,0.0,0.0,0.0,0.0,0.0,0.0,0.0,1.0,0.0,0.0,0.0,0.0,0.0,0.0,0.0,2.0,2.0,1.0,-1.0,-1.0,辽源市东辽县,辽源市东辽县金州乡,1.0,12.6,0.0,1.0,14.6,26.723076923076924,38.21063829787234,46.871929824561406
吉林省,通化市,东昌区,东昌街道,125.9337282,41.7229119,15.0,35.0,59.0,51.0,106.0,16.0,0.0,5.0,0.0,0.0,1.0,2.0,4.0,4.0,1.0,1.0,0.0,0.0,0.0,4.0,1.0,0.0,0.0,1.0,1.0,10.0,81.0,0.0,0.0,4.0,2.0,3.0,0.0,13.0,13.0,9.0,0.0,16.0,30.0,20.0,35.0,0.0,0.0,1.0,0.0,0.0,0.0,1.0,3.0,3.0,1.0,1.0,0.0,0.0,0.0,0.0,0.0,0.0,0.0,0.0,1.0,4.0,26.0,0.0,0.0,0.0,0.0,1.0,0.0,7.0,7.0,5.0,6409002977.0,9491482.0,通化市东昌区,通化市东昌区东昌街道,20.0,26.0,15.0,15.100000000000001,76.1,65.31666666666666,44.380188679245286,46.871929824561406
吉林省,通化市,东昌区,民主街道,125.9319446,41.7138122,16.0,37.0,59.0,53.0,101.0,14.0,0.0,5.0,0.0,0.0,1.0,2.0,4.0,4.0,1.0,1.0,0.0,0.0,0.0,4.0,0.0,0.0,0.0,1.0,1.0,9.0,61.0,0.0,0.0,4.0,1.0,3.0,1.0,12.0,13.0,9.0,0.0,24.0,17.0,11.0,38.0,1.0,0.0,4.0,0.0,0.0,0.0,0.0,0.0,0.0,0.0,0.0,0.0,0.0,0.0,0.0,0.0,0.0,0.0,0.0,0.0,1.0,17.0,0.0,0.0,0.0,0.0,1.0,0.0,5.0,8.0,4.0,6409002983.0,9491489.0,通化市东昌区,通化市东昌区民主街道,20.0,26.0,5.0,12.200000000000001,63.2,65.31666666666666,44.380188679245286,46.871929824561406
吉林省,通化市,东昌区,老站街道,125.9781088,41.7543757,10.0,16.0,9.0,20.0,80.0,60.0,0.0,39.0,1.0,4.0,1.0,0.0,1.0,3.0,0.0,2.0,1.0,1.0,0.0,5.0,5.0,0.0,5.0,0.0,1.0,2.0,95.0,0.0,23.0,2.0,4.0,26.0,5.0,13.0,16.0,10.0,0.0,5.0,3.0,6.0,19.0,4.0,0.0,0.0,1.0,0.0,0.0,0.0,0.0,1.0,0.0,1.0,0.0,1.0,0.0,2.0,0.0,0.0,1.0,0.0,1.0,1.0,20.0,0.0,5.0,0.0,2.0,14.0,2.0,6.0,8.0,8.0,6409002981.0,9491487.0,通化市东昌区,通化市东昌区老站街道,17.0,30.0,4.0,15.700000000000001,66.7,65.31666666666666,44.380188679245286,46.871929824561406
吉林省,通化市,东昌区,团结街道,125.9620707,41.738477,10.0,21.0,34.0,44.0,93.0,48.0,0.0,41.0,1.0,4.0,1.0,1.0,4.0,6.0,1.0,3.0,1.0,1.0,0.0,9.0,3.0,0.0,3.0,1.0,2.0,6.0,93.0,0.0,23.0,3.0,4.0,25.0,4.0,14.0,16.0,12.0,0.0,10.0,5.0,8.0,17.0,32.0,0.0,0.0,0.0,0.0,0.0,0.0,1.0,1.0,0.0,0.0,0.0,0.0,0.0,0.0,1.0,0.0,1.0,0.0,0.0,1.0,15.0,0.0,0.0,1.0,2.0,0.0,0.0,7.0,9.0,7.0,6409002984.0,9491491.0,通化市东昌区,通化市东昌区团结街道,20.0,30.0,10.0,15.200000000000001,75.2,65.31666666666666,44.380188679245286,46.871929824561406
吉林省,通化市,东昌区,新站街道,125.9440274,41.7241742,4.0,43.0,55.0,51.0,102.0,50.0,0.0,5.0,0.0,0.0,1.0,1.0,4.0,4.0,1.0,1.0,0.0,0.0,0.0,4.0,2.0,0.0,1.0,1.0,1.0,7.0,89.0,0.0,0.0,3.0,2.0,3.0,0.0,11.0,13.0,11.0,0.0,11.0,29.0,22.0,13.0,6.0,0.0,1.0,0.0,0.0,0.0,1.0,1.0,1.0,0.0,0.0,0.0,0.0,0.0,4.0,0.0,0.0,0.0,1.0,1.0,3.0,20.0,0.0,0.0,0.0,0.0,0.0,0.0,6.0,10.0,6.0,6409003085.0,9491492.0,通化市东昌区,通化市东昌区新站街道,20.0,26.0,14.0,15.200000000000001,75.2,65.31666666666666,44.380188679245286,46.871929824561406
吉林省,通化市,东昌区,光明街道,125.9187154,41.7163838,16.0,37.0,57.0,45.0,95.0,11.0,0.0,4.0,0.0,0.0,1.0,2.0,3.0,3.0,1.0,1.0,0.0,0.0,0.0,4.0,0.0,0.0,0.0,1.0,1.0,9.0,65.0,0.0,0.0,2.0,0.0,3.0,1.0,11.0,13.0,8.0,0.0,14.0,13.0,3.0,34.0,0.0,0.0,1.0,0.0,0.0,0.0,0.0,0.0,0.0,0.0,0.0,0.0,0.0,0.0,0.0,0.0,0.0,0.0,0.0,0.0,1.0,1.0,0.0,0.0,0.0,0.0,1.0,0.0,5.0,7.0,3.0,6409002978.0,9491483.0,通化市东昌区,通化市东昌区光明街道,20.0,26.0,5.0,10.8,61.8,65.31666666666666,44.380188679245286,46.871929824561406
吉林省,通化市,东昌区,龙泉街道,125.9305091,41.730968,12.0,39.0,54.0,51.0,92.0,13.0,0.0,5.0,0.0,0.0,1.0,1.0,4.0,4.0,1.0,1.0,0.0,0.0,0.0,4.0,2.0,0.0,0.0,1.0,1.0,7.0,79.0,0.0,0.0,4.0,2.0,3.0,0.0,11.0,12.0,9.0,0.0,0.0,13.0,15.0,26.0,0.0,0.0,0.0,0.0,0.0,1.0,1.0,3.0,3.0,1.0,1.0,0.0,0.0,0.0,0.0,0.0,0.0,0.0,0.0,0.0,3.0,15.0,0.0,0.0,0.0,0.0,1.0,0.0,8.0,6.0,4.0,6409002982.0,9491488.0,通化市东昌区,通化市东昌区龙泉街道,20.0,26.0,15.0,13.8,74.8,65.31666666666666,44.380188679245286,46.871929824561406
吉林省,通化市,东昌区,陆港街道,125.8047828,41.7930543,14.0,0.0,0.0,3.0,49.0,11.0,0.0,0.0,0.0,0.0,0.0,0.0,0.0,0.0,0.0,0.0,0.0,0.0,0.0,0.0,0.0,0.0,3.0,0.0,0.0,1.0,86.0,0.0,0.0,1.0,0.0,0.0,0.0,3.0,5.0,5.0,6.0,0.0,0.0,1.0,5.0,0.0,0.0,0.0,0.0,0.0,0.0,0.0,0.0,0.0,0.0,0.0,0.0,0.0,0.0,0.0,0.0,0.0,0.0,0.0,0.0,1.0,14.0,0.0,0.0,0.0,0.0,0.0,0.0,3.0,4.0,4.0,11090894898.0,16161562.0,通化市东昌区,通化市东昌区陆港街道,16.0,21.8,0.0,12.600000000000001,50.4,65.31666666666666,44.380188679245286,46.871929824561406
吉林省,通化市,东昌区,滨江街道,125.9252856,41.7004788,16.0,36.0,50.0,28.0,86.0,12.0,0.0,4.0,0.0,0.0,1.0,2.0,3.0,3.0,1.0,1.0,0.0,0.0,0.0,0.0,1.0,0.0,2.0,0.0,1.0,7.0,47.0,0.0,0.0,2.0,0.0,3.0,1.0,11.0,12.0,9.0,4.0,8.0,12.0,5.0,7.0,6.0,0.0,1.0,0.0,0.0,0.0,1.0,0.0,0.0,0.0,0.0,0.0,0.0,0.0,0.0,0.0,0.0,0.0,0.0,0.0,2.0,5.0,0.0,0.0,0.0,0.0,2.0,1.0,5.0,9.0,5.0,11090932316.0,16161563.0,通化市东昌区,通化市东昌区滨江街道,20.0,26.0,5.0,9.4,60.4,65.31666666666666,44.380188679245286,46.871929824561406
吉林省,通化市,东昌区,金厂镇,125.9467806,41.6706656,6.0,0.0,14.0,10.0,10.0,25.0,0.0,0.0,0.0,4.0,1.0,0.0,0.0,0.0,0.0,0.0,0.0,0.0,0.0,7.0,4.0,0.0,2.0,1.0,0.0,3.0,56.0,0.0,0.0,1.0,0.0,3.0,9.0,5.0,6.0,10.0,1.0,0.0,2.0,8.0,4.0,8.0,0.0,0.0,0.0,0.0,0.0,0.0,0.0,0.0,0.0,0.0,0.0,0.0,0.0,0.0,4.0,0.0,1.0,0.0,0.0,1.0,31.0,0.0,0.0,1.0,0.0,0.0,0.0,2.0,5.0,5.0,2288655352.0,9491486.0,通化市东昌区,通化市东昌区金厂镇,18.0,20.2,0.0,12.9,51.1,65.31666666666666,44.380188679245286,46.871929824561406
吉林省,通化市,东昌区,环通乡,125.9103987,41.7084395,16.0,36.0,46.0,29.0,86.0,7.0,0.0,4.0,0.0,0.0,0.0,2.0,3.0,3.0,1.0,1.0,0.0,0.0,0.0,0.0,0.0,0.0,0.0,0.0,0.0,7.0,25.0,0.0,0.0,2.0,0.0,3.0,1.0,12.0,12.0,5.0,8.0,6.0,10.0,1.0,17.0,0.0,0.0,1.0,0.0,0.0,0.0,0.0,0.0,0.0,0.0,0.0,0.0,0.0,0.0,0.0,0.0,0.0,0.0,0.0,0.0,1.0,0.0,0.0,0.0,0.0,0.0,1.0,0.0,4.0,10.0,4.0,6409002979.0,9491484.0,通化市东昌区,通化市东昌区环通乡,20.0,24.0,5.0,5.2,54.2,65.31666666666666,44.380188679245286,46.871929824561406
吉林省,通化市,东昌区,江东乡,125.975797,41.745591,10.0,16.0,9.0,24.0,83.0,62.0,0.0,40.0,1.0,4.0,1.0,0.0,1.0,3.0,0.0,2.0,1.0,1.0,0.0,5.0,4.0,0.0,3.0,1.0,1.0,2.0,67.0,0.0,23.0,3.0,4.0,25.0,5.0,13.0,16.0,12.0,0.0,2.0,2.0,2.0,41.0,10.0,0.0,39.0,1.0,4.0,0.0,0.0,0.0,2.0,0.0,2.0,1.0,1.0,0.0,5.0,0.0,0.0,3.0,0.0,0.0,1.0,47.0,0.0,23.0,0.0,1.0,25.0,4.0,6.0,12.0,6.0,-1.0,9491485.0,通化市东昌区,通化市东昌区江东乡,17.0,30.0,12.0,15.700000000000001,74.7,65.31666666666666,44.380188679245286,46.871929824561406
吉林省,通化市,二道江区,桃园街道,126.0396777,41.7700089,10.0,3.0,1.0,34.0,46.0,1.0,0.0,4.0,1.0,0.0,0.0,2.0,0.0,0.0,0.0,0.0,0.0,0.0,0.0,0.0,10.0,0.0,10.0,0.0,0.0,5.0,16.0,0.0,0.0,28.0,2.0,1.0,0.0,10.0,12.0,10.0,6.0,0.0,0.0,18.0,15.0,0.0,0.0,4.0,1.0,0.0,0.0,2.0,0.0,0.0,0.0,0.0,0.0,0.0,0.0,0.0,1.0,0.0,3.0,0.0,0.0,2.0,3.0,0.0,0.0,1.0,2.0,0.0,0.0,6.0,7.0,5.0,6408281397.0,9490835.0,通化市二道江区,通化市二道江区桃园街道,20.0,26.0,5.0,8.8,59.8,47.43333333333334,44.380188679245286,46.871929824561406
吉林省,通化市,二道江区,东通化街道,126.0403313,41.7841358,10.0,1.0,1.0,29.0,32.0,0.0,0.0,4.0,1.0,0.0,0.0,2.0,0.0,0.0,0.0,0.0,0.0,0.0,0.0,0.0,6.0,0.0,11.0,0.0,0.0,5.0,16.0,0.0,0.0,29.0,2.0,1.0,0.0,8.0,10.0,9.0,0.0,0.0,0.0,12.0,7.0,0.0,0.0,0.0,0.0,0.0,0.0,0.0,0.0,0.0,0.0,0.0,0.0,0.0,0.0,0.0,1.0,0.0,1.0,0.0,0.0,2.0,0.0,0.0,0.0,0.0,0.0,1.0,0.0,4.0,3.0,4.0,6408281394.0,9490833.0,通化市二道江区,通化市二道江区东通化街道,20.0,24.5,5.0,8.5,58.0,47.43333333333334,44.380188679245286,46.871929824561406
吉林省,通化市,二道江区,鸭园镇,126.1784311,41.7583949,2.0,5.0,0.0,9.0,15.0,2.0,0.0,0.0,3.0,0.0,0.0,0.0,0.0,0.0,0.0,0.0,0.0,0.0,0.0,0.0,4.0,0.0,2.0,0.0,0.0,2.0,1.0,0.0,0.0,0.0,0.0,0.0,0.0,6.0,7.0,5.0,0.0,3.0,0.0,5.0,3.0,2.0,0.0,0.0,3.0,0.0,0.0,0.0,0.0,0.0,0.0,0.0,0.0,0.0,0.0,0.0,0.0,0.0,1.0,0.0,0.0,1.0,1.0,0.0,0.0,0.0,0.0,0.0,0.0,5.0,4.0,2.0,1592559620.0,9490817.0,通化市二道江区,通化市二道江区鸭园镇,17.0,19.4,0.0,2.7,39.1,47.43333333333334,44.380188679245286,46.871929824561406
吉林省,通化市,二道江区,铁厂镇,126.1955071,41.7150811,0.0,0.0,0.0,2.0,24.0,0.0,0.0,0.0,0.0,0.0,0.0,0.0,0.0,0.0,0.0,0.0,0.0,0.0,0.0,0.0,2.0,0.0,0.0,0.0,0.0,1.0,0.0,0.0,0.0,0.0,0.0,0.0,0.0,6.0,4.0,3.0,0.0,0.0,0.0,1.0,12.0,0.0,0.0,0.0,0.0,0.0,0.0,0.0,0.0,0.0,0.0,0.0,0.0,0.0,0.0,0.0,0.0,0.0,0.0,0.0,0.0,1.0,0.0,0.0,0.0,0.0,0.0,0.0,0.0,3.0,3.0,2.0,1592559613.0,9490815.0,通化市二道江区,通化市二道江区铁厂镇,16.0,12.4,0.0,1.5,29.9,47.43333333333334,44.380188679245286,46.871929824561406
吉林省,通化市,二道江区,五道江镇,126.2491411,41.812617,3.0,1.0,0.0,1.0,16.0,0.0,0.0,0.0,2.0,0.0,0.0,1.0,0.0,0.0,0.0,0.0,0.0,0.0,0.0,0.0,0.0,0.0,1.0,0.0,0.0,6.0,0.0,0.0,0.0,0.0,0.0,0.0,0.0,9.0,7.0,4.0,2.0,1.0,0.0,1.0,11.0,0.0,0.0,0.0,0.0,0.0,0.0,0.0,0.0,0.0,0.0,0.0,0.0,0.0,0.0,0.0,0.0,0.0,1.0,0.0,0.0,5.0,0.0,0.0,0.0,0.0,0.0,0.0,0.0,4.0,7.0,3.0,1592559552.0,9490816.0,通化市二道江区,通化市二道江区五道江镇,20.0,18.0,5.0,2.0,45.0,47.43333333333334,44.380188679245286,46.871929824561406
吉林省,通化市,二道江区,二道江乡,126.0403714,41.7706411,10.0,3.0,1.0,34.0,43.0,1.0,0.0,4.0,1.0,0.0,0.0,2.0,0.0,0.0,0.0,0.0,0.0,0.0,0.0,0.0,10.0,0.0,10.0,0.0,0.0,5.0,16.0,0.0,0.0,28.0,2.0,1.0,0.0,10.0,12.0,10.0,6.0,0.0,0.0,18.0,15.0,0.0,0.0,4.0,1.0,0.0,0.0,2.0,0.0,0.0,0.0,0.0,0.0,0.0,0.0,0.0,1.0,0.0,3.0,0.0,0.0,2.0,3.0,0.0,0.0,1.0,2.0,0.0,0.0,6.0,7.0,6.0,-2.0,9490834.0,通化市二道江区,通化市二道江区二道江乡,13.0,26.0,5.0,8.8,52.8,47.43333333333334,44.380188679245286,46.871929824561406
吉林省,通化市,通化县,茂山街道,125.7512781,41.6730494,20.0,0.0,6.0,26.0,140.0,280.0,0.0,56.0,0.0,0.0,0.0,9.0,3.0,3.0,8.0,13.0,0.0,1.0,1.0,4.0,68.0,29.0,3.0,1.0,0.0,5.0,155.0,0.0,0.0,0.0,1.0,14.0,3.0,3.0,10.0,11.0,15.0,0.0,6.0,12.0,53.0,116.0,0.0,31.0,0.0,0.0,0.0,6.0,1.0,1.0,4.0,7.0,0.0,1.0,1.0,1.0,49.0,10.0,1.0,1.0,0.0,4.0,68.0,0.0,0.0,0.0,0.0,11.0,0.0,3.0,8.0,10.0,9656291848.0,16750505.0,通化市通化县,通化市通化县茂山街道,20.0,24.0,20.0,20.0,84.0,39.51764705882353,44.380188679245286,46.871929824561406
吉林省,通化市,通化县,东安街道,125.7583864,41.6772908,23.0,0.0,6.0,28.0,140.0,284.0,0.0,56.0,0.0,0.0,1.0,9.0,3.0,3.0,8.0,13.0,0.0,1.0,1.0,4.0,69.0,30.0,6.0,1.0,0.0,5.0,171.0,0.0,0.0,0.0,1.0,14.0,3.0,4.0,10.0,11.0,11.0,0.0,6.0,10.0,46.0,154.0,0.0,38.0,0.0,0.0,0.0,8.0,2.0,2.0,4.0,7.0,0.0,1.0,1.0,3.0,42.0,22.0,1.0,1.0,0.0,5.0,97.0,0.0,0.0,0.0,1.0,11.0,2.0,2.0,9.0,11.0,9656291851.0,16750503.0,通化市通化县,通化市通化县东安街道,20.0,26.0,22.0,20.0,88.0,39.51764705882353,44.380188679245286,46.871929824561406
吉林省,通化市,通化县,快大茂镇,125.8186822,41.6770685,8.0,0.0,18.0,17.0,60.0,105.0,0.0,0.0,0.0,0.0,1.0,0.0,0.0,0.0,1.0,1.0,0.0,0.0,0.0,1.0,7.0,4.0,15.0,0.0,0.0,1.0,39.0,0.0,0.0,0.0,0.0,4.0,1.0,9.0,7.0,8.0,2.0,0.0,7.0,4.0,16.0,44.0,0.0,0.0,0.0,0.0,0.0,0.0,0.0,0.0,0.0,0.0,0.0,0.0,0.0,0.0,3.0,1.0,8.0,0.0,0.0,1.0,1.0,0.0,0.0,0.0,0.0,1.0,0.0,2.0,5.0,5.0,6408486371.0,16750504.0,通化市通化县,通化市通化县快大茂镇,16.0,25.5,0.0,8.0,49.5,39.51764705882353,44.380188679245286,46.871929824561406
吉林省,通化市,通化县,二密镇,125.8740923,41.8308806,0.0,0.0,1.0,1.0,6.0,0.0,0.0,0.0,0.0,0.0,0.0,0.0,0.0,0.0,0.0,0.0,0.0,0.0,0.0,0.0,0.0,0.0,0.0,0.0,0.0,2.0,0.0,0.0,0.0,0.0,0.0,0.0,0.0,3.0,7.0,0.0,0.0,0.0,1.0,1.0,2.0,0.0,0.0,0.0,0.0,0.0,0.0,0.0,0.0,0.0,0.0,0.0,0.0,0.0,0.0,0.0,0.0,0.0,0.0,0.0,0.0,2.0,0.0,0.0,0.0,0.0,0.0,0.0,0.0,3.0,6.0,0.0,1592559531.0,16249406.0,通化市通化县,通化市通化县二密镇,17.0,11.3,0.0,0.0,28.3,39.51764705882353,44.380188679245286,46.871929824561406
吉林省,通化市,通化县,果松镇,126.252273,41.608103,0.0,0.0,0.0,9.0,4.0,0.0,0.0,0.0,0.0,0.0,0.0,0.0,0.0,0.0,0.0,0.0,0.0,0.0,0.0,0.0,0.0,0.0,0.0,0.0,0.0,1.0,0.0,0.0,0.0,0.0,1.0,0.0,0.0,3.0,4.0,3.0,0.0,0.0,0.0,4.0,1.0,0.0,0.0,0.0,0.0,0.0,0.0,0.0,0.0,0.0,0.0,0.0,0.0,0.0,0.0,0.0,0.0,0.0,0.0,0.0,0.0,1.0,0.0,0.0,0.0,0.0,1.0,0.0,0.0,3.0,3.0,3.0,6408262559.0,9490813.0,通化市通化县,通化市通化县果松镇,16.0,8.1,0.0,1.5,25.6,39.51764705882353,44.380188679245286,46.871929824561406
吉林省,通化市,通化县,石湖镇,126.280255,41.509118,0.0,0.0,0.0,1.0,7.0,0.0,0.0,0.0,0.0,0.0,0.0,0.0,0.0,0.0,0.0,0.0,0.0,0.0,0.0,0.0,1.0,0.0,0.0,0.0,0.0,1.0,0.0,0.0,0.0,0.0,0.0,0.0,0.0,3.0,2.0,5.0,0.0,0.0,0.0,0.0,1.0,0.0,0.0,0.0,0.0,0.0,0.0,0.0,0.0,0.0,0.0,0.0,0.0,0.0,0.0,0.0,1.0,0.0,0.0,0.0,0.0,1.0,0.0,0.0,0.0,0.0,0.0,0.0,0.0,2.0,1.0,4.0,6408262561.0,9490814.0,通化市通化县,通化市通化县石湖镇,16.0,3.7,0.0,2.5,22.2,39.51764705882353,44.380188679245286,46.871929824561406
吉林省,通化市,通化县,大安镇,126.1184777,41.789365,8.0,1.0,0.0,4.0,44.0,3.0,0.0,0.0,0.0,0.0,0.0,0.0,0.0,0.0,1.0,1.0,0.0,0.0,0.0,0.0,13.0,0.0,6.0,0.0,0.0,2.0,0.0,0.0,0.0,0.0,0.0,0.0,0.0,6.0,7.0,5.0,8.0,0.0,0.0,1.0,18.0,2.0,0.0,0.0,0.0,0.0,0.0,0.0,0.0,0.0,0.0,0.0,0.0,0.0,0.0,0.0,4.0,0.0,3.0,0.0,0.0,1.0,0.0,0.0,0.0,0.0,0.0,0.0,0.0,4.0,6.0,5.0,6270658710.0,16249404.0,通化市通化县,通化市通化县大安镇,17.0,23.5,0.0,2.5,43.0,39.51764705882353,44.380188679245286,46.871929824561406
吉林省,通化市,通化县,光华镇,125.9851713,41.9456208,0.0,0.0,6.0,17.0,113.0,4.0,0.0,0.0,0.0,0.0,0.0,0.0,0.0,0.0,0.0,0.0,0.0,0.0,0.0,0.0,14.0,0.0,2.0,0.0,0.0,1.0,15.0,0.0,0.0,0.0,0.0,0.0,0.0,3.0,6.0,6.0,0.0,0.0,4.0,11.0,68.0,1.0,0.0,0.0,0.0,0.0,0.0,0.0,0.0,0.0,0.0,0.0,0.0,0.0,0.0,0.0,1.0,0.0,2.0,0.0,0.0,1.0,10.0,0.0,0.0,0.0,0.0,0.0,0.0,3.0,6.0,4.0,2340232920.0,16249405.0,通化市通化县,通化市通化县光华镇,16.0,23.0,0.0,5.5,44.5,39.51764705882353,44.380188679245286,46.871929824561406
吉林省,通化市,通化县,兴林镇,126.126554,42.050835,0.0,0.0,0.0,6.0,1.0,0.0,0.0,0.0,0.0,0.0,0.0,0.0,0.0,0.0,0.0,0.0,0.0,0.0,0.0,0.0,1.0,0.0,0.0,0.0,0.0,1.0,0.0,0.0,0.0,2.0,0.0,0.0,0.0,4.0,2.0,3.0,0.0,0.0,0.0,3.0,1.0,0.0,0.0,0.0,0.0,0.0,0.0,0.0,0.0,0.0,0.0,0.0,0.0,0.0,0.0,0.0,0.0,0.0,0.0,0.0,0.0,1.0,0.0,0.0,0.0,0.0,0.0,0.0,0.0,1.0,2.0,1.0,2487546724.0,16249228.0,通化市通化县,通化市通化县兴林镇,16.0,6.5,0.0,1.7,24.2,39.51764705882353,44.380188679245286,46.871929824561406
吉林省,通化市,通化县,英额布镇,125.5531655,41.7307854,3.0,0.0,5.0,4.0,3.0,1.0,0.0,0.0,0.0,0.0,1.0,0.0,0.0,0.0,0.0,0.0,0.0,0.0,0.0,0.0,0.0,0.0,0.0,0.0,0.0,1.0,13.0,0.0,0.0,0.0,0.0,0.0,0.0,1.0,9.0,1.0,1.0,0.0,3.0,0.0,3.0,0.0,0.0,0.0,0.0,0.0,0.0,0.0,0.0,0.0,0.0,0.0,0.0,0.0,0.0,0.0,0.0,0.0,0.0,0.0,0.0,1.0,12.0,0.0,0.0,0.0,0.0,0.0,0.0,1.0,7.0,1.0,2178323871.0,16249410.0,通化市通化县,通化市通化县英额布镇,16.0,16.5,0.0,3.0,35.5,39.51764705882353,44.380188679245286,46.871929824561406
吉林省,通化市,通化县,三棵榆树镇,125.3917958,41.7422642,5.0,0.0,0.0,2.0,33.0,1.0,0.0,0.0,0.0,0.0,0.0,0.0,0.0,0.0,0.0,0.0,0.0,0.0,0.0,0.0,0.0,0.0,0.0,0.0,0.0,1.0,0.0,0.0,0.0,0.0,0.0,0.0,0.0,1.0,7.0,1.0,1.0,0.0,0.0,1.0,33.0,1.0,0.0,0.0,0.0,0.0,0.0,0.0,0.0,0.0,0.0,0.0,0.0,0.0,0.0,0.0,0.0,0.0,0.0,0.0,0.0,1.0,0.0,0.0,0.0,0.0,0.0,0.0,0.0,1.0,7.0,1.0,2487546722.0,16249409.0,通化市通化县,通化市通化县三棵榆树镇,16.0,23.5,0.0,0.5,40.0,39.51764705882353,44.380188679245286,46.871929824561406
吉林省,通化市,通化县,西江镇,125.7006024,41.4705338,0.0,0.0,0.0,8.0,25.0,2.0,0.0,0.0,0.0,0.0,0.0,0.0,0.0,0.0,0.0,0.0,0.0,0.0,0.0,0.0,3.0,0.0,0.0,0.0,0.0,1.0,84.0,0.0,0.0,0.0,0.0,0.0,0.0,6.0,3.0,4.0,0.0,0.0,0.0,6.0,8.0,0.0,0.0,0.0,0.0,0.0,0.0,0.0,0.0,0.0,0.0,0.0,0.0,0.0,0.0,0.0,2.0,0.0,0.0,0.0,0.0,1.0,84.0,0.0,0.0,0.0,0.0,0.0,0.0,2.0,2.0,4.0,1664264163.0,16249413.0,通化市通化县,通化市通化县西江镇,16.0,13.9,0.0,18.0,47.9,39.51764705882353,44.380188679245286,46.871929824561406
吉林省,通化市,通化县,富江乡,125.3331123,41.7747485,0.0,0.0,0.0,2.0,2.0,0.0,0.0,0.0,0.0,0.0,0.0,0.0,0.0,0.0,0.0,0.0,0.0,0.0,0.0,0.0,0.0,0.0,0.0,0.0,0.0,1.0,0.0,0.0,0.0,0.0,0.0,0.0,0.0,7.0,2.0,1.0,0.0,0.0,0.0,1.0,2.0,0.0,0.0,0.0,0.0,0.0,0.0,0.0,0.0,0.0,0.0,0.0,0.0,0.0,0.0,0.0,0.0,0.0,0.0,0.0,0.0,1.0,0.0,0.0,0.0,0.0,0.0,0.0,0.0,1.0,2.0,1.0,3214022869.0,16249408.0,通化市通化县,通化市通化县富江乡,16.0,4.0,0.0,0.5,20.5,39.51764705882353,44.380188679245286,46.871929824561406
吉林省,通化市,通化县,四棚乡,125.5719668,41.8625945,0.0,0.0,1.0,3.0,0.0,0.0,0.0,0.0,0.0,0.0,0.0,0.0,0.0,0.0,0.0,0.0,0.0,0.0,0.0,0.0,0.0,0.0,0.0,0.0,0.0,2.0,0.0,0.0,0.0,0.0,0.0,0.0,0.0,1.0,2.0,2.0,0.0,0.0,1.0,2.0,0.0,0.0,0.0,0.0,0.0,0.0,0.0,0.0,0.0,0.0,0.0,0.0,0.0,0.0,0.0,0.0,0.0,0.0,0.0,0.0,0.0,1.0,0.0,0.0,0.0,0.0,0.0,0.0,0.0,1.0,2.0,2.0,2487546723.0,16249407.0,通化市通化县,通化市通化县四棚乡,17.0,9.0,0.0,1.0,27.0,39.51764705882353,44.380188679245286,46.871929824561406
吉林省,通化市,通化县,东来乡,126.1489551,41.6543716,0.0,0.0,0.0,3.0,0.0,0.0,0.0,0.0,0.0,0.0,0.0,0.0,0.0,0.0,0.0,0.0,0.0,0.0,0.0,0.0,2.0,0.0,0.0,0.0,0.0,1.0,0.0,0.0,0.0,0.0,0.0,0.0,0.0,3.0,1.0,3.0,0.0,0.0,0.0,3.0,0.0,0.0,0.0,0.0,0.0,0.0,0.0,0.0,0.0,0.0,0.0,0.0,0.0,0.0,0.0,0.0,1.0,0.0,0.0,0.0,0.0,1.0,0.0,0.0,0.0,0.0,0.0,0.0,0.0,1.0,1.0,3.0,6408262558.0,9490812.0,通化市通化县,通化市通化县东来乡,16.0,3.5,0.0,1.5,21.0,39.51764705882353,44.380188679245286,46.871929824561406
吉林省,通化市,通化县,大泉源满族朝鲜族乡,125.6089559,41.5537486,3.0,1.0,0.0,1.0,3.0,0.0,0.0,0.0,0.0,0.0,0.0,0.0,0.0,0.0,0.0,0.0,0.0,0.0,0.0,0.0,3.0,0.0,0.0,0.0,0.0,3.0,0.0,0.0,0.0,0.0,0.0,0.0,0.0,3.0,4.0,2.0,2.0,0.0,0.0,1.0,0.0,0.0,0.0,0.0,0.0,0.0,0.0,0.0,0.0,0.0,0.0,0.0,0.0,0.0,0.0,0.0,3.0,0.0,0.0,0.0,0.0,1.0,0.0,0.0,0.0,0.0,0.0,0.0,0.0,3.0,2.0,2.0,5056316759.0,16249412.0,通化市通化县,通化市通化县大泉源满族朝鲜族乡,18.0,8.6,0.0,1.0,27.6,39.51764705882353,44.380188679245286,46.871929824561406
吉林省,通化市,通化县,金斗朝鲜族满族乡,125.6904815,41.7045521,5.0,0.0,0.0,1.0,70.0,17.0,0.0,0.0,0.0,0.0,0.0,0.0,0.0,0.0,0.0,0.0,0.0,0.0,0.0,0.0,0.0,0.0,0.0,0.0,0.0,1.0,28.0,0.0,0.0,0.0,0.0,0.0,0.0,1.0,5.0,2.0,1.0,0.0,0.0,0.0,26.0,4.0,0.0,0.0,0.0,0.0,0.0,0.0,0.0,0.0,0.0,0.0,0.0,0.0,0.0,0.0,0.0,0.0,0.0,0.0,0.0,1.0,7.0,0.0,0.0,0.0,0.0,0.0,0.0,1.0,3.0,2.0,6408486370.0,16249411.0,通化市通化县,通化市通化县金斗朝鲜族满族乡,16.0,22.5,0.0,4.5,43.0,39.51764705882353,44.380188679245286,46.871929824561406
吉林省,通化市,辉南县,东凤街道,126.0593283,42.6865602,3.0,4.0,38.0,37.0,65.0,2.0,0.0,0.0,0.0,2.0,0.0,0.0,1.0,1.0,1.0,1.0,0.0,0.0,0.0,0.0,8.0,2.0,5.0,0.0,0.0,3.0,150.0,0.0,0.0,4.0,0.0,16.0,0.0,8.0,8.0,9.0,0.0,3.0,20.0,6.0,15.0,0.0,0.0,0.0,0.0,0.0,0.0,0.0,0.0,0.0,0.0,0.0,0.0,0.0,0.0,0.0,1.0,1.0,1.0,0.0,0.0,1.0,29.0,0.0,0.0,1.0,0.0,5.0,0.0,4.0,6.0,8.0,11895495538.0,17581389.0,通化市辉南县,通化市辉南县东凤街道,18.0,26.0,0.0,20.0,64.0,42.32142857142857,44.380188679245286,46.871929824561406
吉林省,通化市,辉南县,朝辉街道,126.0410839,42.6797695,6.0,5.0,38.0,42.0,65.0,2.0,0.0,0.0,1.0,2.0,0.0,1.0,1.0,1.0,1.0,1.0,0.0,0.0,0.0,0.0,5.0,2.0,2.0,0.0,0.0,4.0,83.0,0.0,0.0,4.0,0.0,16.0,1.0,8.0,8.0,10.0,1.0,0.0,18.0,18.0,32.0,2.0,0.0,0.0,0.0,1.0,0.0,0.0,1.0,1.0,1.0,1.0,0.0,0.0,0.0,0.0,0.0,0.0,0.0,0.0,0.0,2.0,9.0,0.0,0.0,0.0,0.0,6.0,0.0,4.0,6.0,5.0,11895495537.0,17581388.0,通化市辉南县,通化市辉南县朝辉街道,19.0,28.0,15.0,13.600000000000001,75.6,42.32142857142857,44.380188679245286,46.871929824561406
吉林省,通化市,辉南县,西凤街道,126.0243148,42.6755891,7.0,2.0,24.0,42.0,55.0,3.0,0.0,0.0,1.0,2.0,1.0,0.0,1.0,1.0,1.0,1.0,0.0,0.0,0.0,0.0,3.0,1.0,1.0,0.0,0.0,3.0,48.0,0.0,0.0,3.0,0.0,15.0,0.0,8.0,7.0,9.0,3.0,0.0,5.0,13.0,9.0,0.0,0.0,0.0,1.0,0.0,0.0,0.0,0.0,0.0,0.0,0.0,0.0,0.0,0.0,0.0,0.0,0.0,0.0,0.0,0.0,1.0,1.0,0.0,0.0,0.0,0.0,3.0,0.0,3.0,5.0,3.0,11895495536.0,17581387.0,通化市辉南县,通化市辉南县西凤街道,18.0,29.5,0.0,9.2,56.7,42.32142857142857,44.380188679245286,46.871929824561406
吉林省,通化市,辉南县,朝阳镇,126.0392997,42.6820332,5.0,4.0,38.0,42.0,64.0,2.0,0.0,0.0,1.0,2.0,0.0,0.0,1.0,1.0,1.0,1.0,0.0,0.0,0.0,0.0,6.0,2.0,2.0,0.0,0.0,4.0,87.0,0.0,0.0,4.0,0.0,16.0,0.0,8.0,8.0,9.0,0.0,0.0,18.0,20.0,29.0,2.0,0.0,0.0,0.0,1.0,0.0,0.0,1.0,1.0,0.0,0.0,0.0,0.0,0.0,0.0,0.0,0.0,0.0,0.0,0.0,2.0,17.0,0.0,0.0,2.0,0.0,7.0,0.0,5.0,5.0,5.0,1652176684.0,17581386.0,通化市辉南县,通化市辉南县朝阳镇,19.0,28.0,5.0,15.0,67.0,42.32142857142857,44.380188679245286,46.871929824561406
吉林省,通化市,辉南县,辉南镇,126.2561125,42.627932,1.0,4.0,4.0,14.0,13.0,3.0,0.0,0.0,0.0,0.0,0.0,0.0,0.0,0.0,0.0,0.0,0.0,0.0,0.0,0.0,4.0,0.0,2.0,0.0,0.0,1.0,0.0,0.0,0.0,0.0,0.0,0.0,0.0,3.0,11.0,4.0,0.0,2.0,2.0,9.0,10.0,1.0,0.0,0.0,0.0,0.0,0.0,0.0,0.0,0.0,0.0,0.0,0.0,0.0,0.0,0.0,1.0,0.0,0.0,0.0,0.0,1.0,0.0,0.0,0.0,0.0,0.0,0.0,0.0,1.0,5.0,2.0,1652176663.0,17581385.0,通化市辉南县,通化市辉南县辉南镇,16.0,19.6,0.0,2.0,37.6,42.32142857142857,44.380188679245286,46.871929824561406
吉林省,通化市,辉南县,样子哨镇,126.1564295,42.4462381,0.0,9.0,4.0,11.0,34.0,2.0,0.0,0.0,0.0,0.0,1.0,0.0,0.0,0.0,0.0,0.0,0.0,0.0,0.0,0.0,10.0,1.0,2.0,0.0,0.0,2.0,1.0,0.0,0.0,2.0,0.0,0.0,0.0,5.0,6.0,5.0,0.0,0.0,4.0,3.0,26.0,0.0,0.0,0.0,0.0,0.0,0.0,0.0,0.0,0.0,0.0,0.0,0.0,0.0,0.0,0.0,2.0,1.0,0.0,0.0,0.0,1.0,0.0,0.0,0.0,0.0,0.0,0.0,0.0,1.0,3.0,4.0,5083606929.0,17581384.0,通化市辉南县,通化市辉南县样子哨镇,17.0,25.0,0.0,2.8,44.8,42.32142857142857,44.380188679245286,46.871929824561406
吉林省,通化市,辉南县,杉松岗镇,126.1898284,42.5017666,0.0,0.0,0.0,3.0,5.0,0.0,0.0,0.0,1.0,0.0,1.0,0.0,0.0,0.0,0.0,0.0,0.0,0.0,0.0,0.0,13.0,0.0,4.0,0.0,0.0,1.0,1.0,0.0,0.0,0.0,0.0,0.0,0.0,3.0,3.0,3.0,0.0,0.0,0.0,1.0,2.0,0.0,0.0,0.0,0.0,0.0,1.0,0.0,0.0,0.0,0.0,0.0,0.0,0.0,0.0,0.0,2.0,0.0,2.0,0.0,0.0,1.0,1.0,0.0,0.0,0.0,0.0,0.0,0.0,1.0,2.0,2.0,5083590121.0,17581383.0,通化市辉南县,通化市辉南县杉松岗镇,16.0,10.1,0.0,1.7,27.8,42.32142857142857,44.380188679245286,46.871929824561406
吉林省,通化市,辉南县,石道河镇,126.5155318,42.6378617,0.0,10.0,0.0,1.0,1.0,0.0,0.0,0.0,0.0,0.0,0.0,0.0,0.0,0.0,0.0,0.0,0.0,0.0,0.0,0.0,3.0,0.0,0.0,0.0,0.0,1.0,0.0,0.0,0.0,0.0,0.0,0.0,0.0,1.0,3.0,3.0,0.0,5.0,0.0,0.0,1.0,0.0,0.0,0.0,0.0,0.0,0.0,0.0,0.0,0.0,0.0,0.0,0.0,0.0,0.0,0.0,1.0,0.0,0.0,0.0,0.0,1.0,0.0,0.0,0.0,0.0,0.0,0.0,0.0,1.0,2.0,3.0,4310957468.0,17581382.0,通化市辉南县,通化市辉南县石道河镇,16.0,8.0,0.0,1.5,25.5,42.32142857142857,44.380188679245286,46.871929824561406
吉林省,通化市,辉南县,辉发城镇,126.2440775,42.7495544,0.0,0.0,4.0,2.0,8.0,1.0,0.0,0.0,0.0,0.0,1.0,0.0,0.0,0.0,0.0,0.0,0.0,0.0,0.0,0.0,20.0,0.0,2.0,0.0,0.0,3.0,10.0,0.0,0.0,0.0,0.0,0.0,0.0,7.0,6.0,4.0,0.0,0.0,2.0,0.0,5.0,0.0,0.0,0.0,0.0,0.0,0.0,0.0,0.0,0.0,0.0,0.0,0.0,0.0,0.0,0.0,3.0,0.0,0.0,0.0,0.0,1.0,0.0,0.0,0.0,0.0,0.0,0.0,0.0,1.0,4.0,3.0,6407230864.0,17581381.0,通化市辉南县,通化市辉南县辉发城镇,18.0,15.1,0.0,3.0,36.1,42.32142857142857,44.380188679245286,46.871929824561406
吉林省,通化市,辉南县,抚民镇,126.3918876,42.5107203,4.0,4.0,0.0,4.0,2.0,0.0,0.0,0.0,0.0,0.0,0.0,0.0,0.0,0.0,0.0,0.0,0.0,0.0,0.0,0.0,5.0,1.0,0.0,0.0,0.0,1.0,0.0,0.0,0.0,1.0,0.0,0.0,0.0,2.0,6.0,3.0,3.0,4.0,0.0,3.0,2.0,0.0,0.0,0.0,0.0,0.0,0.0,0.0,0.0,0.0,0.0,0.0,0.0,0.0,0.0,0.0,1.0,1.0,0.0,0.0,0.0,1.0,0.0,0.0,0.0,0.0,0.0,0.0,0.0,2.0,6.0,3.0,3453153946.0,17581380.0,通化市辉南县,通化市辉南县抚民镇,16.0,13.0,0.0,1.6,30.6,42.32142857142857,44.380188679245286,46.871929824561406
吉林省,通化市,辉南县,金川镇,126.3893044,42.3478482,0.0,0.0,1.0,3.0,12.0,0.0,0.0,0.0,0.0,0.0,0.0,0.0,0.0,0.0,0.0,0.0,0.0,0.0,0.0,0.0,1.0,0.0,0.0,0.0,0.0,1.0,0.0,0.0,0.0,0.0,0.0,0.0,0.0,1.0,4.0,3.0,0.0,0.0,1.0,3.0,9.0,0.0,0.0,0.0,0.0,0.0,0.0,0.0,0.0,0.0,0.0,0.0,0.0,0.0,0.0,0.0,1.0,0.0,0.0,0.0,0.0,1.0,0.0,0.0,0.0,0.0,0.0,0.0,0.0,1.0,3.0,2.0,4310300702.0,17581379.0,通化市辉南县,通化市辉南县金川镇,16.0,15.1,0.0,1.5,32.6,42.32142857142857,44.380188679245286,46.871929824561406
吉林省,通化市,辉南县,团林镇,126.1505582,42.7187683,0.0,0.0,6.0,9.0,14.0,0.0,0.0,0.0,1.0,0.0,0.0,0.0,0.0,0.0,0.0,0.0,0.0,0.0,0.0,0.0,14.0,0.0,1.0,0.0,0.0,1.0,9.0,0.0,0.0,0.0,0.0,0.0,0.0,5.0,4.0,7.0,0.0,0.0,3.0,1.0,0.0,0.0,0.0,0.0,0.0,0.0,0.0,0.0,0.0,0.0,0.0,0.0,0.0,0.0,0.0,0.0,3.0,0.0,0.0,0.0,0.0,1.0,0.0,0.0,0.0,0.0,0.0,0.0,0.0,1.0,2.0,2.0,6407230867.0,17581378.0,通化市辉南县,通化市辉南县团林镇,16.0,16.8,0.0,4.4,37.199999999999996,42.32142857142857,44.380188679245286,46.871929824561406
吉林省,通化市,辉南县,庆阳镇,126.3498519,42.6405807,0.0,3.0,5.0,1.0,6.0,0.0,0.0,0.0,0.0,0.0,0.0,0.0,0.0,0.0,0.0,0.0,0.0,0.0,0.0,0.0,0.0,0.0,0.0,0.0,0.0,1.0,0.0,0.0,0.0,0.0,0.0,0.0,0.0,2.0,4.0,1.0,0.0,2.0,0.0,1.0,6.0,0.0,0.0,0.0,0.0,0.0,0.0,0.0,0.0,0.0,0.0,0.0,0.0,0.0,0.0,0.0,0.0,0.0,0.0,0.0,0.0,1.0,0.0,0.0,0.0,0.0,0.0,0.0,0.0,1.0,3.0,1.0,4310956687.0,17581377.0,通化市辉南县,通化市辉南县庆阳镇,16.0,11.0,0.0,0.5,27.5,42.32142857142857,44.380188679245286,46.871929824561406
吉林省,通化市,辉南县,楼街朝鲜族乡,126.0990314,42.5533059,0.0,1.0,2.0,3.0,4.0,0.0,0.0,0.0,0.0,0.0,0.0,0.0,0.0,0.0,0.0,0.0,0.0,0.0,0.0,0.0,12.0,0.0,1.0,0.0,0.0,1.0,1.0,0.0,0.0,0.0,0.0,0.0,0.0,2.0,4.0,4.0,0.0,1.0,2.0,2.0,2.0,0.0,0.0,0.0,0.0,0.0,0.0,0.0,0.0,0.0,0.0,0.0,0.0,0.0,0.0,0.0,2.0,0.0,1.0,0.0,0.0,1.0,0.0,0.0,0.0,0.0,0.0,0.0,0.0,1.0,4.0,3.0,6407230865.0,17581376.0,通化市辉南县,通化市辉南县楼街朝鲜族乡,16.0,11.4,0.0,2.1,29.5,42.32142857142857,44.380188679245286,46.871929824561406
吉林省,通化市,柳河县,采胜街道,125.7461073,42.2955783,14.0,15.0,3.0,36.0,123.0,1.0,0.0,41.0,2.0,8.0,1.0,7.0,3.0,3.0,12.0,14.0,0.0,0.0,6.0,10.0,63.0,0.0,3.0,0.0,0.0,25.0,191.0,0.0,0.0,0.0,0.0,14.0,5.0,6.0,13.0,8.0,6.0,0.0,3.0,9.0,16.0,0.0,0.0,0.0,1.0,2.0,0.0,3.0,0.0,0.0,4.0,4.0,0.0,0.0,0.0,0.0,12.0,0.0,1.0,0.0,0.0,2.0,20.0,0.0,0.0,0.0,0.0,4.0,0.0,1.0,6.0,6.0,13321900789.0,-1.0,通化市柳河县,通化市柳河县采胜街道,12.0,30.0,10.0,20.0,72.0,47.861111111111114,44.380188679245286,46.871929824561406
吉林省,通化市,柳河县,中岗街道,125.7410729,42.284396,12.0,10.0,5.0,44.0,137.0,5.0,0.0,54.0,2.0,10.0,4.0,9.0,3.0,3.0,15.0,17.0,0.0,0.0,6.0,10.0,73.0,1.0,4.0,0.0,0.0,26.0,164.0,0.0,0.0,0.0,0.0,20.0,6.0,7.0,12.0,10.0,0.0,2.0,2.0,11.0,37.0,0.0,0.0,37.0,0.0,4.0,0.0,5.0,2.0,2.0,6.0,6.0,0.0,0.0,3.0,2.0,35.0,0.0,0.0,0.0,0.0,9.0,34.0,0.0,0.0,0.0,0.0,10.0,0.0,3.0,7.0,5.0,13321900787.0,-1.0,通化市柳河县,通化市柳河县中岗街道,12.0,30.0,19.0,20.0,81.0,47.861111111111114,44.380188679245286,46.871929824561406
吉林省,通化市,柳河县,导航街道,125.7249736,42.2717279,6.0,10.0,5.0,37.0,75.0,7.0,0.0,17.0,1.0,5.0,1.0,8.0,2.0,2.0,12.0,12.0,0.0,0.0,5.0,5.0,33.0,1.0,0.0,0.0,0.0,12.0,109.0,0.0,0.0,0.0,0.0,19.0,5.0,4.0,12.0,9.0,0.0,6.0,1.0,24.0,22.0,4.0,0.0,9.0,0.0,2.0,1.0,2.0,1.0,1.0,4.0,4.0,0.0,0.0,2.0,2.0,17.0,1.0,0.0,0.0,0.0,2.0,28.0,0.0,0.0,0.0,0.0,7.0,2.0,1.0,7.0,7.0,13321900784.0,-1.0,通化市柳河县,通化市柳河县导航街道,12.0,30.0,19.0,17.700000000000003,78.7,47.861111111111114,44.380188679245286,46.871929824561406
吉林省,通化市,柳河县,柳河镇,125.7390895,42.2779257,12.0,10.0,6.0,45.0,86.0,7.0,0.0,17.0,3.0,8.0,4.0,9.0,2.0,2.0,12.0,12.0,0.0,0.0,5.0,5.0,33.0,1.0,4.0,0.0,0.0,13.0,149.0,0.0,0.0,0.0,0.0,19.0,5.0,7.0,12.0,10.0,0.0,2.0,0.0,12.0,29.0,0.0,0.0,5.0,1.0,3.0,0.0,1.0,1.0,1.0,3.0,3.0,0.0,0.0,4.0,2.0,8.0,0.0,0.0,0.0,0.0,4.0,47.0,0.0,0.0,0.0,0.0,7.0,2.0,3.0,6.0,6.0,244081061.0,-1.0,通化市柳河县,通化市柳河县柳河镇,12.0,30.0,19.0,20.0,81.0,47.861111111111114,44.380188679245286,46.871929824561406
吉林省,通化市,柳河县,三源浦朝鲜族镇,125.7539298,42.0534409,6.0,0.0,28.0,16.0,82.0,34.0,0.0,0.0,1.0,1.0,0.0,0.0,0.0,0.0,0.0,0.0,0.0,0.0,0.0,0.0,7.0,0.0,5.0,0.0,0.0,11.0,6.0,0.0,0.0,0.0,0.0,0.0,0.0,6.0,7.0,5.0,0.0,0.0,14.0,14.0,39.0,33.0,0.0,0.0,1.0,1.0,0.0,0.0,0.0,0.0,0.0,0.0,0.0,0.0,0.0,0.0,1.0,0.0,2.0,0.0,0.0,5.0,3.0,0.0,0.0,0.0,0.0,0.0,0.0,5.0,5.0,4.0,2288668075.0,19862727.0,通化市柳河县,通化市柳河县三源浦朝鲜族镇,20.0,27.5,0.0,3.4,50.9,47.861111111111114,44.380188679245286,46.871929824561406
吉林省,通化市,柳河县,五道沟镇,125.8808964,42.1391584,6.0,0.0,6.0,7.0,67.0,0.0,0.0,0.0,0.0,0.0,0.0,0.0,0.0,0.0,0.0,0.0,0.0,0.0,0.0,0.0,12.0,0.0,2.0,0.0,0.0,15.0,0.0,0.0,0.0,0.0,0.0,0.0,0.0,4.0,5.0,5.0,3.0,0.0,5.0,7.0,51.0,0.0,0.0,0.0,0.0,0.0,0.0,0.0,0.0,0.0,0.0,0.0,0.0,0.0,0.0,0.0,3.0,0.0,1.0,0.0,0.0,7.0,0.0,0.0,0.0,0.0,0.0,0.0,0.0,3.0,5.0,4.0,2288668078.0,19862728.0,通化市柳河县,通化市柳河县五道沟镇,20.0,22.5,0.0,2.5,45.0,47.861111111111114,44.380188679245286,46.871929824561406
吉林省,通化市,柳河县,驼腰岭镇,125.9161391,42.1671546,6.0,0.0,6.0,9.0,19.0,0.0,0.0,0.0,0.0,0.0,0.0,0.0,0.0,0.0,0.0,0.0,0.0,0.0,0.0,0.0,14.0,0.0,0.0,0.0,0.0,14.0,2.0,0.0,0.0,0.0,0.0,0.0,0.0,5.0,5.0,4.0,2.0,0.0,5.0,4.0,8.0,0.0,0.0,0.0,0.0,0.0,0.0,0.0,0.0,0.0,0.0,0.0,0.0,0.0,0.0,0.0,3.0,0.0,0.0,0.0,0.0,3.0,1.0,0.0,0.0,0.0,0.0,0.0,0.0,4.0,5.0,2.0,2288674169.0,19862729.0,通化市柳河县,通化市柳河县驼腰岭镇,20.0,18.7,0.0,2.3,41.0,47.861111111111114,44.380188679245286,46.871929824561406
吉林省,通化市,柳河县,孤山子镇,126.0101187,42.2179505,0.0,0.0,3.0,6.0,2.0,0.0,0.0,0.0,0.0,0.0,0.0,0.0,0.0,0.0,1.0,1.0,0.0,0.0,0.0,0.0,11.0,0.0,0.0,0.0,0.0,15.0,0.0,0.0,0.0,0.0,0.0,0.0,0.0,2.0,5.0,3.0,0.0,0.0,1.0,4.0,0.0,0.0,0.0,0.0,0.0,0.0,0.0,0.0,0.0,0.0,1.0,1.0,0.0,0.0,0.0,0.0,1.0,0.0,0.0,0.0,0.0,6.0,0.0,0.0,0.0,0.0,0.0,0.0,0.0,2.0,2.0,3.0,6407411016.0,19862730.0,通化市柳河县,通化市柳河县孤山子镇,20.0,12.9,5.0,1.5,39.4,47.861111111111114,44.380188679245286,46.871929824561406
吉林省,通化市,柳河县,圣水镇,125.9950198,42.4677164,0.0,1.0,0.0,4.0,4.0,0.0,0.0,0.0,0.0,0.0,0.0,0.0,0.0,0.0,0.0,0.0,0.0,0.0,0.0,0.0,4.0,0.0,1.0,0.0,0.0,7.0,0.0,0.0,0.0,0.0,0.0,0.0,0.0,2.0,3.0,3.0,0.0,1.0,0.0,3.0,1.0,0.0,0.0,0.0,0.0,0.0,0.0,0.0,0.0,0.0,0.0,0.0,0.0,0.0,0.0,0.0,2.0,0.0,1.0,0.0,0.0,3.0,0.0,0.0,0.0,0.0,0.0,0.0,0.0,2.0,3.0,2.0,6407411021.0,-1.0,通化市柳河县,通化市柳河县圣水镇,12.0,11.6,0.0,1.5,25.1,47.861111111111114,44.380188679245286,46.871929824561406
吉林省,通化市,柳河县,罗通山镇,126.0557464,42.3351239,0.0,0.0,0.0,1.0,1.0,0.0,0.0,0.0,0.0,0.0,0.0,0.0,0.0,0.0,0.0,0.0,0.0,0.0,0.0,0.0,5.0,0.0,0.0,0.0,0.0,7.0,0.0,0.0,0.0,0.0,0.0,0.0,0.0,2.0,2.0,4.0,0.0,0.0,0.0,1.0,1.0,0.0,0.0,0.0,0.0,0.0,0.0,0.0,0.0,0.0,0.0,0.0,0.0,0.0,0.0,0.0,1.0,0.0,0.0,0.0,0.0,4.0,0.0,0.0,0.0,0.0,0.0,0.0,0.0,1.0,2.0,1.0,6407411020.0,19862732.0,通化市柳河县,通化市柳河县罗通山镇,20.0,2.5,0.0,2.0,24.5,47.861111111111114,44.380188679245286,46.871929824561406
吉林省,通化市,柳河县,安口镇,125.6025342,42.1391981,0.0,1.0,1.0,5.0,37.0,0.0,0.0,0.0,0.0,0.0,0.0,0.0,0.0,0.0,1.0,1.0,0.0,0.0,0.0,0.0,3.0,0.0,1.0,0.0,0.0,4.0,2.0,0.0,0.0,0.0,0.0,0.0,0.0,1.0,4.0,5.0,0.0,1.0,1.0,4.0,27.0,0.0,0.0,0.0,0.0,0.0,0.0,0.0,0.0,0.0,1.0,1.0,0.0,0.0,0.0,0.0,3.0,0.0,1.0,0.0,0.0,1.0,2.0,0.0,0.0,0.0,0.0,0.0,0.0,1.0,4.0,5.0,3067823285.0,19862733.0,通化市柳河县,通化市柳河县安口镇,19.0,22.0,5.0,2.9,48.9,47.861111111111114,44.380188679245286,46.871929824561406
吉林省,通化市,柳河县,向阳镇,125.4527096,42.0361391,0.0,1.0,0.0,6.0,32.0,0.0,0.0,0.0,0.0,0.0,0.0,4.0,0.0,0.0,4.0,4.0,0.0,0.0,0.0,0.0,5.0,0.0,0.0,0.0,0.0,5.0,5.0,0.0,0.0,0.0,0.0,0.0,0.0,1.0,5.0,4.0,0.0,1.0,0.0,4.0,8.0,0.0,0.0,0.0,0.0,0.0,0.0,4.0,0.0,0.0,4.0,4.0,0.0,0.0,0.0,0.0,1.0,0.0,0.0,0.0,0.0,1.0,2.0,0.0,0.0,0.0,0.0,0.0,0.0,1.0,4.0,3.0,13184142840.0,19862734.0,通化市柳河县,通化市柳河县向阳镇,20.0,21.3,10.0,2.7,54.0,47.861111111111114,44.380188679245286,46.871929824561406
吉林省,通化市,柳河县,红石镇,125.6821646,41.9858422,0.0,0.0,7.0,6.0,104.0,0.0,0.0,0.0,0.0,0.0,0.0,0.0,0.0,0.0,0.0,0.0,0.0,0.0,0.0,0.0,4.0,0.0,0.0,0.0,0.0,5.0,0.0,0.0,0.0,0.0,0.0,0.0,0.0,3.0,4.0,2.0,0.0,0.0,3.0,1.0,39.0,0.0,0.0,0.0,0.0,0.0,0.0,0.0,0.0,0.0,0.0,0.0,0.0,0.0,0.0,0.0,1.0,0.0,0.0,0.0,0.0,2.0,0.0,0.0,0.0,0.0,0.0,0.0,0.0,1.0,4.0,2.0,2288668073.0,19862735.0,通化市柳河县,通化市柳河县红石镇,20.0,22.0,0.0,1.0,43.0,47.861111111111114,44.380188679245286,46.871929824561406
吉林省,通化市,柳河县,凉水河子镇,126.2474148,42.2330202,0.0,2.0,4.0,6.0,4.0,1.0,0.0,0.0,0.0,0.0,1.0,0.0,0.0,0.0,0.0,0.0,0.0,0.0,0.0,0.0,3.0,1.0,1.0,0.0,0.0,7.0,1.0,0.0,0.0,2.0,0.0,0.0,0.0,1.0,10.0,6.0,0.0,1.0,1.0,3.0,2.0,1.0,0.0,0.0,0.0,0.0,0.0,0.0,0.0,0.0,0.0,0.0,0.0,0.0,0.0,0.0,1.0,1.0,0.0,0.0,0.0,3.0,0.0,0.0,0.0,2.0,0.0,0.0,0.0,1.0,6.0,4.0,3633759460.0,9489045.0,通化市柳河县,通化市柳河县凉水河子镇,20.0,17.4,0.0,3.5,40.9,47.861111111111114,44.380188679245286,46.871929824561406
吉林省,通化市,柳河县,亨通镇,125.8817788,42.398465,0.0,1.0,0.0,1.0,0.0,0.0,0.0,0.0,0.0,0.0,0.0,0.0,0.0,0.0,0.0,0.0,0.0,0.0,0.0,0.0,2.0,0.0,0.0,0.0,0.0,4.0,0.0,0.0,0.0,0.0,0.0,0.0,0.0,3.0,2.0,2.0,0.0,1.0,0.0,0.0,0.0,0.0,0.0,0.0,0.0,0.0,0.0,0.0,0.0,0.0,0.0,0.0,0.0,0.0,0.0,0.0,0.0,0.0,0.0,0.0,0.0,1.0,0.0,0.0,0.0,0.0,0.0,0.0,0.0,1.0,1.0,0.0,6407411017.0,19862736.0,通化市柳河县,通化市柳河县亨通镇,19.0,7.0,0.0,1.0,27.0,47.861111111111114,44.380188679245286,46.871929824561406
吉林省,通化市,柳河县,柳南乡,125.7017703,41.9448673,2.0,0.0,4.0,3.0,38.0,0.0,0.0,0.0,0.0,0.0,0.0,0.0,0.0,0.0,0.0,0.0,0.0,0.0,0.0,0.0,5.0,0.0,1.0,0.0,0.0,7.0,4.0,0.0,0.0,3.0,0.0,1.0,0.0,3.0,5.0,5.0,2.0,0.0,4.0,1.0,21.0,0.0,0.0,0.0,0.0,0.0,0.0,0.0,0.0,0.0,0.0,0.0,0.0,0.0,0.0,0.0,4.0,0.0,1.0,0.0,0.0,2.0,1.0,0.0,0.0,1.0,0.0,1.0,0.0,2.0,5.0,5.0,2288668081.0,19862737.0,通化市柳河县,通化市柳河县柳南乡,20.0,22.5,0.0,3.4,45.9,47.861111111111114,44.380188679245286,46.871929824561406
吉林省,通化市,柳河县,时家店乡,125.966818,42.2805154,0.0,0.0,0.0,3.0,7.0,0.0,0.0,0.0,0.0,0.0,0.0,0.0,0.0,0.0,0.0,0.0,0.0,0.0,0.0,0.0,3.0,0.0,1.0,0.0,0.0,9.0,12.0,0.0,0.0,0.0,0.0,1.0,0.0,3.0,3.0,5.0,0.0,0.0,0.0,3.0,2.0,0.0,0.0,0.0,0.0,0.0,0.0,0.0,0.0,0.0,0.0,0.0,0.0,0.0,0.0,0.0,0.0,0.0,0.0,0.0,0.0,2.0,5.0,0.0,0.0,0.0,0.0,1.0,0.0,1.0,2.0,3.0,6407411022.0,19862738.0,通化市柳河县,通化市柳河县时家店乡,20.0,6.5,0.0,4.2,30.7,47.861111111111114,44.380188679245286,46.871929824561406
吉林省,通化市,柳河县,姜家店朝鲜族乡,126.107603,42.2661336,0.0,0.0,5.0,1.0,7.0,0.0,0.0,0.0,0.0,0.0,0.0,0.0,0.0,0.0,0.0,0.0,0.0,0.0,0.0,0.0,12.0,0.0,0.0,0.0,0.0,18.0,5.0,0.0,0.0,1.0,0.0,0.0,0.0,5.0,4.0,3.0,0.0,0.0,1.0,1.0,3.0,0.0,0.0,0.0,0.0,0.0,0.0,0.0,0.0,0.0,0.0,0.0,0.0,0.0,0.0,0.0,2.0,0.0,0.0,0.0,0.0,4.0,0.0,0.0,0.0,1.0,0.0,0.0,0.0,1.0,3.0,2.0,6407411018.0,19862739.0,通化市柳河县,通化市柳河县姜家店朝鲜族乡,20.0,10.3,0.0,2.2,32.5,47.861111111111114,44.380188679245286,46.871929824561406
吉林省,通化市,梅河口市,新华街道,125.6724078,42.5210778,21.0,11.0,33.0,56.0,35.0,10.0,0.0,23.0,1.0,6.0,0.0,0.0,0.0,0.0,1.0,2.0,0.0,0.0,0.0,1.0,12.0,1.0,13.0,0.0,2.0,5.0,16.0,0.0,0.0,20.0,1.0,12.0,3.0,14.0,11.0,16.0,0.0,0.0,7.0,20.0,9.0,2.0,0.0,0.0,0.0,0.0,0.0,0.0,0.0,0.0,0.0,0.0,0.0,0.0,0.0,0.0,1.0,0.0,0.0,0.0,0.0,1.0,0.0,0.0,0.0,0.0,0.0,2.0,0.0,10.0,6.0,6.0,6406930367.0,9487977.0,通化市梅河口市,通化市梅河口市新华街道,20.0,27.7,0.0,7.6,55.300000000000004,31.099999999999998,44.380188679245286,46.871929824561406
吉林省,通化市,梅河口市,光明街道,125.7084771,42.5383917,2.0,12.0,28.0,53.0,32.0,7.0,0.0,113.0,1.0,4.0,1.0,2.0,1.0,1.0,1.0,2.0,1.0,0.0,0.0,1.0,14.0,0.0,12.0,1.0,0.0,3.0,41.0,0.0,0.0,33.0,3.0,19.0,1.0,10.0,14.0,12.0,0.0,6.0,4.0,10.0,5.0,4.0,0.0,41.0,0.0,0.0,0.0,2.0,0.0,0.0,0.0,0.0,1.0,0.0,0.0,1.0,4.0,0.0,1.0,0.0,0.0,1.0,6.0,0.0,0.0,1.0,1.0,8.0,0.0,4.0,11.0,9.0,6406930352.0,9487974.0,通化市梅河口市,通化市梅河口市光明街道,18.0,27.9,11.0,12.1,69.0,31.099999999999998,44.380188679245286,46.871929824561406
吉林省,通化市,梅河口市,和平街道,125.6589285,42.5298496,16.0,6.0,17.0,41.0,37.0,7.0,0.0,1.0,1.0,2.0,0.0,0.0,0.0,0.0,1.0,1.0,0.0,0.0,0.0,0.0,9.0,2.0,15.0,0.0,1.0,5.0,32.0,0.0,0.0,23.0,0.0,7.0,2.0,14.0,9.0,14.0,2.0,0.0,0.0,2.0,12.0,4.0,0.0,0.0,0.0,2.0,0.0,0.0,0.0,0.0,0.0,0.0,0.0,0.0,0.0,0.0,3.0,0.0,4.0,0.0,1.0,1.0,3.0,0.0,0.0,3.0,0.0,0.0,0.0,6.0,5.0,6.0,6406930354.0,9487975.0,通化市梅河口市,通化市梅河口市和平街道,20.0,28.0,0.0,10.100000000000001,58.1,31.099999999999998,44.380188679245286,46.871929824561406
吉林省,通化市,梅河口市,解放街道,125.6935924,42.5595877,11.0,10.0,21.0,36.0,30.0,7.0,0.0,42.0,0.0,0.0,0.0,2.0,0.0,0.0,0.0,0.0,1.0,0.0,0.0,0.0,13.0,1.0,16.0,0.0,1.0,3.0,37.0,0.0,0.0,37.0,1.0,11.0,1.0,12.0,13.0,14.0,1.0,0.0,5.0,4.0,0.0,3.0,0.0,0.0,0.0,0.0,0.0,0.0,0.0,0.0,0.0,0.0,0.0,0.0,0.0,0.0,2.0,0.0,4.0,0.0,0.0,1.0,2.0,0.0,0.0,6.0,1.0,0.0,0.0,4.0,4.0,3.0,6406930356.0,9487976.0,通化市梅河口市,通化市梅河口市解放街道,18.0,20.0,5.0,12.200000000000001,55.2,31.099999999999998,44.380188679245286,46.871929824561406
吉林省,通化市,梅河口市,福民街道,125.6685966,42.5077386,23.0,1.0,29.0,42.0,27.0,7.0,0.0,1.0,1.0,6.0,1.0,0.0,0.0,0.0,4.0,5.0,0.0,0.0,0.0,0.0,7.0,1.0,2.0,0.0,2.0,5.0,14.0,0.0,0.0,3.0,0.0,16.0,3.0,10.0,10.0,13.0,19.0,1.0,6.0,4.0,2.0,0.0,0.0,0.0,0.0,0.0,0.0,0.0,0.0,0.0,0.0,0.0,0.0,0.0,0.0,0.0,1.0,1.0,0.0,0.0,0.0,1.0,0.0,0.0,0.0,0.0,0.0,1.0,0.0,6.0,5.0,5.0,6406930351.0,9487973.0,通化市梅河口市,通化市梅河口市福民街道,20.0,26.0,0.0,5.7,51.7,31.099999999999998,44.380188679245286,46.871929824561406
吉林省,通化市,梅河口市,山城镇,125.4266242,42.3668686,3.0,0.0,14.0,27.0,51.0,4.0,0.0,2.0,3.0,0.0,0.0,0.0,0.0,0.0,1.0,1.0,0.0,0.0,0.0,0.0,2.0,0.0,0.0,0.0,0.0,5.0,24.0,0.0,0.0,0.0,0.0,0.0,0.0,8.0,8.0,7.0,1.0,0.0,7.0,17.0,10.0,1.0,0.0,0.0,0.0,0.0,0.0,0.0,0.0,0.0,1.0,1.0,0.0,0.0,0.0,0.0,0.0,0.0,0.0,0.0,0.0,1.0,19.0,0.0,0.0,0.0,0.0,0.0,0.0,3.0,6.0,1.0,2178399342.0,-1.0,通化市梅河口市,通化市梅河口市山城镇,12.0,26.0,5.0,7.8,50.8,31.099999999999998,44.380188679245286,46.871929824561406
吉林省,通化市,梅河口市,红梅镇,125.472054,42.3559413,1.0,0.0,6.0,4.0,34.0,0.0,0.0,0.0,0.0,0.0,0.0,0.0,0.0,0.0,0.0,0.0,0.0,0.0,0.0,0.0,0.0,0.0,0.0,0.0,0.0,4.0,0.0,0.0,0.0,0.0,0.0,0.0,0.0,3.0,6.0,1.0,0.0,0.0,0.0,0.0,0.0,0.0,0.0,0.0,0.0,0.0,0.0,0.0,0.0,0.0,0.0,0.0,0.0,0.0,0.0,0.0,0.0,0.0,0.0,0.0,0.0,1.0,0.0,0.0,0.0,0.0,0.0,0.0,0.0,1.0,0.0,1.0,6406930355.0,-1.0,通化市梅河口市,通化市梅河口市红梅镇,11.0,18.8,0.0,0.5,30.3,31.099999999999998,44.380188679245286,46.871929824561406
吉林省,通化市,梅河口市,海龙镇,125.8487424,42.6483483,3.0,0.0,4.0,8.0,16.0,0.0,0.0,0.0,1.0,0.0,0.0,0.0,0.0,0.0,0.0,0.0,0.0,0.0,0.0,0.0,13.0,2.0,3.0,0.0,0.0,1.0,0.0,0.0,0.0,3.0,0.0,1.0,0.0,4.0,6.0,9.0,0.0,0.0,1.0,4.0,9.0,0.0,0.0,0.0,0.0,0.0,0.0,0.0,0.0,0.0,0.0,0.0,0.0,0.0,0.0,0.0,1.0,2.0,1.0,0.0,0.0,1.0,0.0,0.0,0.0,2.0,0.0,1.0,0.0,2.0,5.0,4.0,2289785220.0,-1.0,通化市梅河口市,通化市梅河口市海龙镇,8.0,20.9,0.0,4.5,33.4,31.099999999999998,44.380188679245286,46.871929824561406
吉林省,通化市,梅河口市,新合镇,125.9260712,42.5500547,0.0,0.0,3.0,9.0,10.0,0.0,0.0,0.0,0.0,0.0,0.0,0.0,0.0,0.0,0.0,0.0,0.0,0.0,0.0,0.0,20.0,0.0,0.0,0.0,0.0,1.0,0.0,0.0,0.0,0.0,0.0,0.0,0.0,1.0,4.0,3.0,0.0,0.0,3.0,6.0,3.0,0.0,0.0,0.0,0.0,0.0,0.0,0.0,0.0,0.0,0.0,0.0,0.0,0.0,0.0,0.0,4.0,0.0,0.0,0.0,0.0,1.0,0.0,0.0,0.0,0.0,0.0,0.0,0.0,1.0,4.0,2.0,6406930366.0,-1.0,通化市梅河口市,通化市梅河口市新合镇,8.0,14.9,0.0,1.5,24.4,31.099999999999998,44.380188679245286,46.871929824561406
吉林省,通化市,梅河口市,曙光镇,125.6825079,42.4749435,16.0,2.0,5.0,7.0,2.0,0.0,0.0,0.0,0.0,0.0,1.0,0.0,0.0,0.0,4.0,5.0,0.0,0.0,0.0,0.0,5.0,0.0,1.0,0.0,0.0,2.0,4.0,0.0,0.0,1.0,0.0,1.0,2.0,7.0,8.0,8.0,8.0,0.0,1.0,1.0,0.0,0.0,0.0,0.0,0.0,0.0,0.0,0.0,0.0,0.0,0.0,0.0,0.0,0.0,0.0,0.0,1.0,0.0,1.0,0.0,0.0,1.0,0.0,0.0,0.0,1.0,0.0,0.0,1.0,4.0,4.0,4.0,2288674172.0,-1.0,通化市梅河口市,通化市梅河口市曙光镇,9.0,16.4,0.0,4.6,30.0,31.099999999999998,44.380188679245286,46.871929824561406
吉林省,通化市,梅河口市,中和镇,125.5301184,42.3519165,0.0,0.0,0.0,0.0,0.0,0.0,0.0,0.0,0.0,0.0,0.0,0.0,0.0,0.0,0.0,0.0,0.0,0.0,0.0,0.0,0.0,0.0,0.0,0.0,0.0,1.0,0.0,0.0,0.0,0.0,0.0,0.0,0.0,1.0,0.0,2.0,0.0,0.0,0.0,0.0,0.0,0.0,0.0,0.0,0.0,0.0,0.0,0.0,0.0,0.0,0.0,0.0,0.0,0.0,0.0,0.0,0.0,0.0,0.0,0.0,0.0,1.0,0.0,0.0,0.0,0.0,0.0,0.0,0.0,1.0,0.0,0.0,6406930369.0,-1.0,通化市梅河口市,通化市梅河口市中和镇,8.0,0.0,0.0,1.0,9.0,31.099999999999998,44.380188679245286,46.871929824561406
吉林省,通化市,梅河口市,黑山头镇,125.6514179,42.4783621,13.0,2.0,1.0,3.0,2.0,0.0,0.0,0.0,1.0,0.0,0.0,0.0,0.0,0.0,0.0,0.0,0.0,0.0,0.0,0.0,7.0,0.0,0.0,0.0,0.0,2.0,3.0,0.0,0.0,0.0,0.0,0.0,0.0,7.0,6.0,4.0,2.0,2.0,0.0,0.0,0.0,0.0,0.0,0.0,0.0,0.0,0.0,0.0,0.0,0.0,0.0,0.0,0.0,0.0,0.0,0.0,0.0,0.0,0.0,0.0,0.0,1.0,0.0,0.0,0.0,0.0,0.0,0.0,0.0,4.0,2.0,1.0,6406930353.0,-1.0,通化市梅河口市,通化市梅河口市黑山头镇,9.0,13.4,0.0,2.3,24.7,31.099999999999998,44.380188679245286,46.871929824561406
吉林省,通化市,梅河口市,水道镇,125.5442685,42.3118947,0.0,0.0,1.0,1.0,0.0,0.0,0.0,0.0,0.0,0.0,0.0,0.0,0.0,0.0,0.0,0.0,0.0,0.0,0.0,0.0,0.0,0.0,0.0,0.0,0.0,2.0,0.0,0.0,0.0,0.0,0.0,0.0,0.0,1.0,2.0,1.0,0.0,0.0,1.0,0.0,0.0,0.0,0.0,0.0,0.0,0.0,0.0,0.0,0.0,0.0,0.0,0.0,0.0,0.0,0.0,0.0,0.0,0.0,0.0,0.0,0.0,1.0,0.0,0.0,0.0,0.0,0.0,0.0,0.0,1.0,1.0,0.0,3229056799.0,-1.0,通化市梅河口市,通化市梅河口市水道镇,9.0,7.0,0.0,0.5,16.5,31.099999999999998,44.380188679245286,46.871929824561406
吉林省,通化市,梅河口市,进化镇,125.7757201,42.3807995,2.0,0.0,0.0,10.0,5.0,0.0,0.0,0.0,0.0,0.0,0.0,0.0,0.0,0.0,0.0,0.0,0.0,0.0,0.0,0.0,7.0,4.0,0.0,0.0,0.0,3.0,7.0,0.0,0.0,0.0,0.0,1.0,0.0,5.0,5.0,4.0,2.0,0.0,0.0,5.0,2.0,0.0,0.0,0.0,0.0,0.0,0.0,0.0,0.0,0.0,0.0,0.0,0.0,0.0,0.0,0.0,2.0,3.0,0.0,0.0,0.0,1.0,0.0,0.0,0.0,0.0,0.0,1.0,0.0,2.0,5.0,3.0,2288674175.0,-1.0,通化市梅河口市,通化市梅河口市进化镇,10.0,14.1,0.0,2.7,26.8,31.099999999999998,44.380188679245286,46.871929824561406
吉林省,通化市,梅河口市,一座营镇,125.7854328,42.8172672,2.0,0.0,3.0,1.0,3.0,0.0,0.0,0.0,0.0,0.0,0.0,0.0,0.0,0.0,0.0,0.0,0.0,0.0,0.0,0.0,7.0,0.0,0.0,0.0,0.0,1.0,0.0,0.0,0.0,0.0,0.0,0.0,0.0,5.0,5.0,2.0,1.0,0.0,0.0,0.0,0.0,0.0,0.0,0.0,0.0,0.0,0.0,0.0,0.0,0.0,0.0,0.0,0.0,0.0,0.0,0.0,0.0,0.0,0.0,0.0,0.0,1.0,0.0,0.0,0.0,0.0,0.0,0.0,0.0,1.0,1.0,0.0,6406930368.0,-1.0,通化市梅河口市,通化市梅河口市一座营镇,8.0,9.1,0.0,1.0,18.1,31.099999999999998,44.380188679245286,46.871929824561406
吉林省,通化市,梅河口市,康大营镇,125.7497428,42.9114971,3.0,0.0,1.0,0.0,7.0,0.0,0.0,0.0,0.0,0.0,0.0,0.0,0.0,0.0,0.0,0.0,0.0,0.0,0.0,0.0,1.0,0.0,0.0,0.0,0.0,1.0,5.0,0.0,0.0,0.0,0.0,0.0,0.0,5.0,4.0,3.0,1.0,0.0,1.0,0.0,0.0,0.0,0.0,0.0,0.0,0.0,0.0,0.0,0.0,0.0,0.0,0.0,0.0,0.0,0.0,0.0,0.0,0.0,0.0,0.0,0.0,1.0,2.0,0.0,0.0,0.0,0.0,0.0,0.0,1.0,2.0,0.0,6406930359.0,-1.0,通化市梅河口市,通化市梅河口市康大营镇,8.0,8.4,0.0,2.2,18.599999999999998,31.099999999999998,44.380188679245286,46.871929824561406
吉林省,通化市,梅河口市,牛心顶镇,125.9055704,42.7211543,7.0,2.0,0.0,1.0,2.0,2.0,0.0,0.0,0.0,0.0,0.0,0.0,0.0,0.0,0.0,0.0,0.0,0.0,0.0,0.0,16.0,1.0,1.0,0.0,0.0,1.0,0.0,0.0,0.0,0.0,0.0,1.0,0.0,2.0,5.0,7.0,5.0,2.0,0.0,0.0,0.0,1.0,0.0,0.0,0.0,0.0,0.0,0.0,0.0,0.0,0.0,0.0,0.0,0.0,0.0,0.0,5.0,1.0,0.0,0.0,0.0,1.0,0.0,0.0,0.0,0.0,0.0,0.0,0.0,2.0,3.0,4.0,2289785223.0,-1.0,通化市梅河口市,通化市梅河口市牛心顶镇,8.0,8.9,0.0,3.5,20.4,31.099999999999998,44.380188679245286,46.871929824561406
吉林省,通化市,梅河口市,杏岭镇,125.805833,42.447778,0.0,0.0,1.0,6.0,0.0,0.0,0.0,0.0,0.0,0.0,0.0,0.0,0.0,0.0,0.0,0.0,0.0,0.0,0.0,0.0,10.0,0.0,0.0,0.0,0.0,1.0,0.0,0.0,0.0,0.0,0.0,0.0,0.0,1.0,2.0,3.0,0.0,0.0,0.0,2.0,0.0,0.0,0.0,0.0,0.0,0.0,0.0,0.0,0.0,0.0,0.0,0.0,0.0,0.0,0.0,0.0,2.0,0.0,0.0,0.0,0.0,1.0,0.0,0.0,0.0,0.0,0.0,0.0,0.0,1.0,1.0,1.0,6406930365.0,-1.0,通化市梅河口市,通化市梅河口市杏岭镇,8.0,11.0,0.0,1.5,20.5,31.099999999999998,44.380188679245286,46.871929824561406
吉林省,通化市,梅河口市,湾龙镇,125.738997,42.5975135,10.0,0.0,0.0,6.0,19.0,2.0,0.0,0.0,0.0,0.0,0.0,0.0,0.0,0.0,0.0,0.0,0.0,0.0,0.0,0.0,19.0,0.0,3.0,0.0,1.0,1.0,5.0,0.0,0.0,3.0,0.0,0.0,0.0,11.0,11.0,8.0,3.0,0.0,0.0,1.0,2.0,0.0,0.0,0.0,0.0,0.0,0.0,0.0,0.0,0.0,0.0,0.0,0.0,0.0,0.0,0.0,2.0,0.0,0.0,0.0,0.0,1.0,0.0,0.0,0.0,0.0,0.0,0.0,0.0,4.0,6.0,4.0,2289785226.0,-1.0,通化市梅河口市,通化市梅河口市湾龙镇,8.0,18.4,0.0,4.8,31.2,31.099999999999998,44.380188679245286,46.871929824561406
吉林省,通化市,梅河口市,兴华镇,125.8639848,42.8670521,0.0,0.0,4.0,2.0,21.0,0.0,0.0,0.0,0.0,0.0,0.0,0.0,0.0,0.0,0.0,0.0,0.0,0.0,0.0,0.0,6.0,0.0,0.0,0.0,0.0,1.0,2.0,0.0,0.0,0.0,0.0,0.0,0.0,6.0,6.0,3.0,0.0,0.0,2.0,2.0,9.0,0.0,0.0,0.0,0.0,0.0,0.0,0.0,0.0,0.0,0.0,0.0,0.0,0.0,0.0,0.0,1.0,0.0,0.0,0.0,0.0,1.0,0.0,0.0,0.0,0.0,0.0,0.0,0.0,1.0,4.0,1.0,6406930364.0,-1.0,通化市梅河口市,通化市梅河口市兴华镇,8.0,16.9,0.0,1.7,26.599999999999998,31.099999999999998,44.380188679245286,46.871929824561406
吉林省,通化市,梅河口市,双兴镇,125.7785523,42.6716118,0.0,0.0,0.0,2.0,6.0,3.0,0.0,0.0,0.0,0.0,0.0,0.0,0.0,0.0,0.0,0.0,0.0,0.0,0.0,0.0,22.0,0.0,1.0,0.0,0.0,1.0,0.0,0.0,0.0,0.0,0.0,0.0,0.0,1.0,4.0,7.0,0.0,0.0,0.0,1.0,1.0,0.0,0.0,0.0,0.0,0.0,0.0,0.0,0.0,0.0,0.0,0.0,0.0,0.0,0.0,0.0,3.0,0.0,0.0,0.0,0.0,1.0,0.0,0.0,0.0,0.0,0.0,0.0,0.0,1.0,2.0,2.0,6406930362.0,-1.0,通化市梅河口市,通化市梅河口市双兴镇,8.0,5.5,0.0,3.5,17.0,31.099999999999998,44.380188679245286,46.871929824561406
吉林省,通化市,梅河口市,李炉乡,125.7655029,42.5378284,2.0,0.0,4.0,12.0,11.0,0.0,0.0,0.0,0.0,0.0,0.0,0.0,0.0,0.0,0.0,0.0,0.0,0.0,0.0,0.0,17.0,0.0,1.0,0.0,0.0,1.0,0.0,0.0,0.0,1.0,0.0,2.0,0.0,4.0,10.0,5.0,0.0,0.0,0.0,4.0,7.0,0.0,0.0,0.0,0.0,0.0,0.0,0.0,0.0,0.0,0.0,0.0,0.0,0.0,0.0,0.0,2.0,0.0,0.0,0.0,0.0,1.0,0.0,0.0,0.0,0.0,0.0,0.0,0.0,2.0,4.0,2.0,6406930360.0,-1.0,通化市梅河口市,通化市梅河口市李炉乡,8.0,18.3,0.0,2.6,28.900000000000002,31.099999999999998,44.380188679245286,46.871929824561406
吉林省,通化市,梅河口市,小杨满族朝鲜族乡,125.4185448,42.3124955,0.0,0.0,0.0,8.0,1.0,0.0,0.0,0.0,0.0,0.0,0.0,0.0,0.0,0.0,0.0,0.0,0.0,0.0,0.0,0.0,2.0,0.0,0.0,0.0,0.0,4.0,0.0,0.0,0.0,0.0,0.0,0.0,0.0,2.0,2.0,2.0,0.0,0.0,0.0,4.0,0.0,0.0,0.0,0.0,0.0,0.0,0.0,0.0,0.0,0.0,0.0,0.0,0.0,0.0,0.0,0.0,1.0,0.0,0.0,0.0,0.0,2.0,0.0,0.0,0.0,0.0,0.0,0.0,0.0,2.0,1.0,2.0,6406930363.0,-1.0,通化市梅河口市,通化市梅河口市小杨满族朝鲜族乡,11.0,6.2,0.0,1.0,18.2,31.099999999999998,44.380188679245286,46.871929824561406
吉林省,通化市,梅河口市,吉乐乡,125.4802899,42.2436924,0.0,0.0,0.0,1.0,2.0,0.0,0.0,0.0,0.0,0.0,0.0,0.0,0.0,0.0,0.0,0.0,0.0,0.0,0.0,0.0,0.0,0.0,0.0,0.0,0.0,1.0,0.0,0.0,0.0,0.0,0.0,0.0,0.0,1.0,3.0,1.0,0.0,0.0,0.0,1.0,1.0,0.0,0.0,0.0,0.0,0.0,0.0,0.0,0.0,0.0,0.0,0.0,0.0,0.0,0.0,0.0,0.0,0.0,0.0,0.0,0.0,1.0,0.0,0.0,0.0,0.0,0.0,0.0,0.0,1.0,2.0,0.0,6406930358.0,-1.0,通化市梅河口市,通化市梅河口市吉乐乡,8.0,3.2,0.0,0.5,11.7,31.099999999999998,44.380188679245286,46.871929824561406
吉林省,通化市,集安市,团结街道,126.1785582,41.1213835,13.0,8.0,3.0,27.0,77.0,11.0,0.0,6.0,1.0,1.0,1.0,4.0,0.0,0.0,0.0,0.0,0.0,0.0,0.0,4.0,10.0,0.0,0.0,0.0,0.0,5.0,310.0,0.0,0.0,6.0,1.0,12.0,5.0,23.0,14.0,8.0,11.0,6.0,3.0,16.0,34.0,4.0,0.0,3.0,0.0,0.0,0.0,4.0,0.0,0.0,0.0,0.0,0.0,0.0,0.0,4.0,2.0,0.0,0.0,0.0,0.0,3.0,182.0,0.0,0.0,3.0,1.0,6.0,5.0,18.0,12.0,7.0,6409582007.0,9492175.0,通化市集安市,通化市集安市团结街道,20.0,30.0,9.0,20.0,79.0,50.913333333333334,44.380188679245286,46.871929824561406
吉林省,通化市,集安市,黎明街道,126.1877894,41.1282451,14.0,8.0,5.0,28.0,77.0,11.0,0.0,18.0,1.0,2.0,1.0,5.0,0.0,0.0,0.0,0.0,0.0,0.0,0.0,4.0,7.0,0.0,0.0,0.0,0.0,5.0,361.0,0.0,1.0,6.0,1.0,17.0,5.0,24.0,14.0,8.0,7.0,2.0,3.0,12.0,25.0,5.0,0.0,3.0,0.0,0.0,1.0,3.0,0.0,0.0,0.0,0.0,0.0,0.0,0.0,3.0,1.0,0.0,0.0,0.0,0.0,2.0,130.0,0.0,0.0,0.0,1.0,4.0,4.0,7.0,12.0,5.0,6409582003.0,9492173.0,通化市集安市,通化市集安市黎明街道,20.0,30.0,8.0,20.0,78.0,50.913333333333334,44.380188679245286,46.871929824561406
吉林省,通化市,集安市,通胜街道,126.172456,41.1275731,13.0,8.0,3.0,27.0,71.0,17.0,0.0,15.0,1.0,2.0,1.0,4.0,0.0,0.0,0.0,0.0,0.0,0.0,0.0,4.0,7.0,0.0,0.0,0.0,0.0,5.0,263.0,0.0,0.0,6.0,1.0,11.0,5.0,23.0,14.0,9.0,9.0,0.0,1.0,17.0,19.0,1.0,0.0,2.0,0.0,0.0,0.0,2.0,0.0,0.0,0.0,0.0,0.0,0.0,0.0,2.0,3.0,0.0,0.0,0.0,0.0,3.0,172.0,0.0,0.0,0.0,0.0,6.0,3.0,6.0,9.0,6.0,6409582006.0,9492174.0,通化市集安市,通化市集安市通胜街道,20.0,30.0,7.0,20.0,77.0,50.913333333333334,44.380188679245286,46.871929824561406
吉林省,通化市,集安市,城东街道,126.2040054,41.1361109,12.0,7.0,5.0,24.0,78.0,13.0,0.0,12.0,1.0,3.0,1.0,5.0,0.0,0.0,0.0,0.0,0.0,0.0,0.0,4.0,9.0,0.0,1.0,0.0,0.0,5.0,577.0,0.0,1.0,5.0,1.0,16.0,5.0,22.0,14.0,11.0,4.0,0.0,4.0,3.0,21.0,3.0,0.0,4.0,1.0,1.0,0.0,1.0,0.0,0.0,0.0,0.0,0.0,0.0,0.0,0.0,1.0,0.0,0.0,0.0,0.0,1.0,69.0,0.0,0.0,1.0,0.0,4.0,0.0,5.0,8.0,3.0,6409582001.0,17295347.0,通化市集安市,通化市集安市城东街道,20.0,30.0,5.0,20.0,75.0,50.913333333333334,44.380188679245286,46.871929824561406
吉林省,通化市,集安市,青石镇,126.3573658,41.2715962,3.0,0.0,0.0,3.0,27.0,4.0,0.0,0.0,5.0,1.0,0.0,0.0,1.0,1.0,1.0,1.0,0.0,0.0,0.0,0.0,8.0,0.0,0.0,0.0,0.0,4.0,286.0,0.0,0.0,1.0,0.0,0.0,0.0,17.0,5.0,8.0,1.0,0.0,0.0,1.0,19.0,3.0,0.0,0.0,0.0,1.0,0.0,0.0,1.0,1.0,1.0,1.0,0.0,0.0,0.0,0.0,3.0,0.0,0.0,0.0,0.0,2.0,10.0,0.0,0.0,0.0,0.0,0.0,0.0,15.0,4.0,6.0,6735205261.0,17295348.0,通化市集安市,通化市集安市青石镇,19.0,25.6,10.0,20.0,74.6,50.913333333333334,44.380188679245286,46.871929824561406
吉林省,通化市,集安市,榆林镇,125.9395456,40.991306,2.0,0.0,3.0,2.0,5.0,0.0,0.0,0.0,0.0,0.0,0.0,0.0,0.0,0.0,0.0,0.0,0.0,0.0,0.0,0.0,0.0,0.0,0.0,0.0,0.0,2.0,0.0,0.0,0.0,0.0,0.0,0.0,0.0,3.0,7.0,2.0,1.0,0.0,3.0,1.0,0.0,0.0,0.0,0.0,0.0,0.0,0.0,0.0,0.0,0.0,0.0,0.0,0.0,0.0,0.0,0.0,0.0,0.0,0.0,0.0,0.0,1.0,0.0,0.0,0.0,0.0,0.0,0.0,0.0,2.0,3.0,2.0,3069610222.0,17295349.0,通化市集安市,通化市集安市榆林镇,17.0,11.5,0.0,1.0,29.5,50.913333333333334,44.380188679245286,46.871929824561406
吉林省,通化市,集安市,花甸镇,125.7790892,41.2992865,0.0,0.0,11.0,0.0,81.0,40.0,0.0,2.0,0.0,0.0,1.0,0.0,0.0,0.0,0.0,0.0,0.0,0.0,0.0,1.0,3.0,0.0,0.0,0.0,0.0,1.0,2.0,0.0,0.0,1.0,0.0,0.0,0.0,4.0,5.0,4.0,0.0,0.0,7.0,0.0,51.0,17.0,0.0,2.0,0.0,0.0,1.0,0.0,0.0,0.0,0.0,0.0,0.0,0.0,0.0,1.0,1.0,0.0,0.0,0.0,0.0,1.0,2.0,0.0,0.0,1.0,0.0,0.0,0.0,1.0,5.0,3.0,3074370651.0,17295350.0,通化市集安市,通化市集安市花甸镇,16.0,24.5,1.0,2.6,44.1,50.913333333333334,44.380188679245286,46.871929824561406
吉林省,通化市,集安市,头道镇,125.8737017,41.5168918,6.0,0.0,0.0,6.0,5.0,0.0,0.0,0.0,0.0,0.0,0.0,0.0,0.0,0.0,0.0,0.0,0.0,0.0,0.0,0.0,1.0,0.0,0.0,0.0,0.0,1.0,0.0,0.0,0.0,0.0,0.0,0.0,0.0,2.0,5.0,3.0,1.0,0.0,0.0,5.0,2.0,0.0,0.0,0.0,0.0,0.0,0.0,0.0,0.0,0.0,0.0,0.0,0.0,0.0,0.0,0.0,1.0,0.0,0.0,0.0,0.0,1.0,0.0,0.0,0.0,0.0,0.0,0.0,0.0,2.0,4.0,3.0,1664264180.0,17295351.0,通化市集安市,通化市集安市头道镇,16.0,14.1,0.0,1.5,31.6,50.913333333333334,44.380188679245286,46.871929824561406
吉林省,通化市,集安市,清河镇,125.9308212,41.4387153,6.0,0.0,3.0,2.0,7.0,2.0,0.0,0.0,0.0,0.0,0.0,0.0,0.0,0.0,0.0,0.0,0.0,0.0,0.0,0.0,3.0,0.0,0.0,0.0,0.0,1.0,2.0,0.0,0.0,0.0,0.0,0.0,0.0,2.0,10.0,4.0,3.0,0.0,1.0,2.0,2.0,0.0,0.0,0.0,0.0,0.0,0.0,0.0,0.0,0.0,0.0,0.0,0.0,0.0,0.0,0.0,2.0,0.0,0.0,0.0,0.0,1.0,0.0,0.0,0.0,0.0,0.0,0.0,0.0,1.0,7.0,3.0,1664264171.0,17295352.0,通化市集安市,通化市集安市清河镇,16.0,13.0,0.0,2.2,31.2,50.913333333333334,44.380188679245286,46.871929824561406
吉林省,通化市,集安市,台上镇,125.8435412,41.298499,0.0,0.0,5.0,1.0,60.0,26.0,0.0,4.0,0.0,0.0,0.0,0.0,0.0,0.0,0.0,0.0,0.0,0.0,0.0,0.0,4.0,0.0,0.0,0.0,0.0,2.0,0.0,0.0,0.0,0.0,0.0,0.0,0.0,2.0,7.0,5.0,0.0,0.0,1.0,0.0,21.0,3.0,0.0,0.0,0.0,0.0,0.0,0.0,0.0,0.0,0.0,0.0,0.0,0.0,0.0,0.0,2.0,0.0,0.0,0.0,0.0,1.0,0.0,0.0,0.0,0.0,0.0,0.0,0.0,1.0,4.0,2.0,6409582004.0,17295353.0,通化市集安市,通化市集安市台上镇,17.0,23.5,0.0,2.5,43.0,50.913333333333334,44.380188679245286,46.871929824561406
吉林省,通化市,集安市,财源镇,125.7134717,41.3376744,0.0,0.0,3.0,1.0,3.0,0.0,0.0,0.0,0.0,0.0,0.0,0.0,0.0,0.0,0.0,0.0,0.0,0.0,0.0,0.0,5.0,0.0,0.0,0.0,0.0,1.0,0.0,0.0,0.0,0.0,0.0,0.0,0.0,1.0,3.0,3.0,0.0,0.0,3.0,1.0,1.0,0.0,0.0,0.0,0.0,0.0,0.0,0.0,0.0,0.0,0.0,0.0,0.0,0.0,0.0,0.0,1.0,0.0,0.0,0.0,0.0,1.0,0.0,0.0,0.0,0.0,0.0,0.0,0.0,1.0,3.0,2.0,3074380524.0,17295354.0,通化市集安市,通化市集安市财源镇,16.0,8.4,0.0,1.5,25.9,50.913333333333334,44.380188679245286,46.871929824561406
吉林省,通化市,集安市,大路镇,125.7728362,40.9977478,1.0,0.0,0.0,0.0,0.0,0.0,0.0,0.0,0.0,0.0,0.0,0.0,0.0,0.0,0.0,0.0,0.0,0.0,0.0,0.0,0.0,0.0,0.0,0.0,0.0,1.0,0.0,0.0,0.0,0.0,0.0,0.0,0.0,3.0,5.0,1.0,1.0,0.0,0.0,0.0,0.0,0.0,0.0,0.0,0.0,0.0,0.0,0.0,0.0,0.0,0.0,0.0,0.0,0.0,0.0,0.0,0.0,0.0,0.0,0.0,0.0,1.0,0.0,0.0,0.0,0.0,0.0,0.0,0.0,2.0,4.0,1.0,2269612173.0,17295355.0,通化市集安市,通化市集安市大路镇,16.0,7.5,0.0,0.5,24.0,50.913333333333334,44.380188679245286,46.871929824561406
吉林省,通化市,集安市,太王镇,126.2328058,41.2147027,1.0,0.0,5.0,5.0,3.0,0.0,0.0,0.0,0.0,0.0,0.0,1.0,0.0,0.0,0.0,0.0,0.0,0.0,0.0,0.0,2.0,0.0,0.0,0.0,0.0,2.0,2.0,0.0,0.0,0.0,0.0,0.0,0.0,2.0,4.0,2.0,0.0,0.0,4.0,2.0,3.0,0.0,0.0,0.0,0.0,0.0,0.0,1.0,0.0,0.0,0.0,0.0,0.0,0.0,0.0,0.0,1.0,0.0,0.0,0.0,0.0,2.0,2.0,0.0,0.0,0.0,0.0,0.0,0.0,2.0,3.0,2.0,6409582005.0,17295346.0,通化市集安市,通化市集安市太王镇,17.0,13.5,5.0,1.4,36.9,50.913333333333334,44.380188679245286,46.871929824561406
吉林省,通化市,集安市,麻线乡,126.1523004,41.0934923,6.0,5.0,0.0,2.0,50.0,5.0,0.0,0.0,0.0,1.0,0.0,0.0,0.0,0.0,0.0,0.0,0.0,0.0,0.0,0.0,12.0,0.0,0.0,0.0,0.0,3.0,92.0,0.0,0.0,4.0,0.0,0.0,0.0,17.0,9.0,7.0,3.0,1.0,0.0,1.0,16.0,0.0,0.0,0.0,0.0,0.0,0.0,0.0,0.0,0.0,0.0,0.0,0.0,0.0,0.0,0.0,2.0,0.0,0.0,0.0,0.0,1.0,57.0,0.0,0.0,1.0,0.0,0.0,0.0,15.0,6.0,6.0,2288628396.0,17295356.0,通化市集安市,通化市集安市麻线乡,18.0,26.0,0.0,18.9,62.9,50.913333333333334,44.380188679245286,46.871929824561406
吉林省,通化市,集安市,凉水朝鲜族乡,125.8533484,40.928207,6.0,0.0,0.0,1.0,22.0,10.0,0.0,0.0,1.0,0.0,0.0,1.0,0.0,0.0,0.0,0.0,1.0,0.0,0.0,0.0,1.0,0.0,0.0,0.0,0.0,3.0,2.0,0.0,0.0,2.0,0.0,0.0,0.0,16.0,7.0,5.0,6.0,0.0,0.0,1.0,13.0,10.0,0.0,0.0,1.0,0.0,0.0,1.0,0.0,0.0,0.0,0.0,1.0,0.0,0.0,0.0,0.0,0.0,0.0,0.0,0.0,1.0,2.0,0.0,0.0,1.0,0.0,0.0,0.0,2.0,5.0,3.0,3069610210.0,17295357.0,通化市集安市,通化市集安市凉水朝鲜族乡,18.0,19.8,10.0,3.2,51.0,50.913333333333334,44.380188679245286,46.871929824561406
吉林省,白山市,浑江区,新建街道,126.4143065,41.9319335,12.0,77.0,39.0,148.0,171.0,85.0,0.0,109.0,11.0,12.0,3.0,12.0,6.0,7.0,16.0,20.0,1.0,0.0,6.0,36.0,57.0,3.0,4.0,1.0,5.0,12.0,924.0,0.0,13.0,5.0,7.0,25.0,2.0,11.0,18.0,15.0,0.0,14.0,17.0,49.0,45.0,7.0,0.0,46.0,4.0,5.0,0.0,2.0,4.0,4.0,6.0,7.0,1.0,0.0,6.0,31.0,10.0,0.0,0.0,0.0,0.0,2.0,351.0,0.0,1.0,1.0,2.0,1.0,0.0,7.0,11.0,5.0,6412495177.0,9495224.0,白山市浑江区,白山市浑江区新建街道,20.0,30.0,28.0,20.0,98.0,72.95,53.59230769230769,46.871929824561406
吉林省,白山市,浑江区,通沟街道,126.4007628,41.9028666,7.0,38.0,15.0,61.0,51.0,62.0,0.0,19.0,5.0,0.0,2.0,1.0,1.0,1.0,2.0,3.0,2.0,0.0,0.0,3.0,29.0,0.0,3.0,2.0,0.0,7.0,308.0,0.0,0.0,4.0,1.0,4.0,1.0,7.0,14.0,9.0,0.0,2.0,0.0,15.0,16.0,0.0,0.0,0.0,0.0,0.0,0.0,0.0,0.0,0.0,0.0,0.0,1.0,0.0,0.0,0.0,0.0,0.0,0.0,0.0,0.0,1.0,0.0,0.0,0.0,0.0,0.0,0.0,0.0,3.0,4.0,3.0,6412495176.0,14999973.0,白山市浑江区,白山市浑江区通沟街道,20.0,28.0,10.0,20.0,78.0,72.95,53.59230769230769,46.871929824561406
吉林省,白山市,浑江区,东兴街道,126.4400493,41.9445208,10.0,66.0,32.0,119.0,157.0,32.0,0.0,84.0,11.0,13.0,2.0,12.0,5.0,6.0,17.0,20.0,0.0,0.0,6.0,32.0,35.0,3.0,5.0,0.0,5.0,11.0,719.0,0.0,14.0,4.0,7.0,28.0,1.0,15.0,18.0,16.0,0.0,11.0,9.0,25.0,31.0,7.0,0.0,9.0,2.0,0.0,0.0,0.0,0.0,1.0,4.0,6.0,0.0,0.0,0.0,2.0,7.0,0.0,1.0,0.0,3.0,2.0,245.0,0.0,2.0,0.0,1.0,6.0,0.0,7.0,13.0,7.0,6412495171.0,9495221.0,白山市浑江区,白山市浑江区东兴街道,20.0,30.0,12.0,20.0,82.0,72.95,53.59230769230769,46.871929824561406
吉林省,白山市,浑江区,红旗街道,126.4212787,41.942921,14.0,77.0,42.0,139.0,178.0,50.0,0.0,105.0,12.0,13.0,2.0,13.0,6.0,7.0,17.0,21.0,1.0,0.0,6.0,35.0,51.0,3.0,4.0,1.0,5.0,13.0,929.0,0.0,14.0,4.0,7.0,27.0,2.0,15.0,18.0,15.0,6.0,16.0,12.0,48.0,68.0,15.0,0.0,66.0,2.0,9.0,0.0,6.0,3.0,3.0,8.0,8.0,0.0,0.0,4.0,30.0,12.0,2.0,0.0,0.0,5.0,3.0,253.0,0.0,11.0,1.0,3.0,14.0,0.0,9.0,13.0,8.0,6412495173.0,9495222.0,白山市浑江区,白山市浑江区红旗街道,20.0,30.0,23.0,20.0,93.0,72.95,53.59230769230769,46.871929824561406
吉林省,白山市,浑江区,城南街道,126.4293779,41.9329532,12.0,78.0,42.0,134.0,164.0,53.0,0.0,107.0,12.0,12.0,1.0,12.0,6.0,7.0,18.0,22.0,1.0,0.0,6.0,35.0,52.0,3.0,4.0,1.0,5.0,12.0,918.0,0.0,14.0,4.0,7.0,27.0,2.0,14.0,18.0,15.0,0.0,28.0,11.0,25.0,39.0,10.0,0.0,36.0,4.0,1.0,0.0,1.0,2.0,2.0,6.0,6.0,0.0,0.0,2.0,16.0,4.0,0.0,0.0,0.0,1.0,1.0,68.0,0.0,1.0,1.0,1.0,0.0,0.0,5.0,10.0,5.0,6412495170.0,9495220.0,白山市浑江区,白山市浑江区城南街道,20.0,30.0,23.0,20.0,93.0,72.95,53.59230769230769,46.871929824561406
吉林省,白山市,浑江区,江北街道,126.4338586,41.9573529,10.0,51.0,26.0,94.0,143.0,28.0,0.0,81.0,12.0,13.0,2.0,11.0,4.0,5.0,15.0,17.0,0.0,0.0,5.0,31.0,32.0,3.0,6.0,0.0,5.0,9.0,585.0,0.0,14.0,7.0,7.0,24.0,2.0,15.0,18.0,15.0,6.0,13.0,3.0,14.0,7.0,3.0,0.0,2.0,0.0,2.0,2.0,1.0,0.0,0.0,1.0,1.0,0.0,0.0,0.0,0.0,13.0,0.0,1.0,0.0,0.0,1.0,33.0,0.0,2.0,0.0,2.0,3.0,1.0,6.0,12.0,6.0,6412495174.0,9495223.0,白山市浑江区,白山市浑江区江北街道,20.0,30.0,10.0,20.0,80.0,72.95,53.59230769230769,46.871929824561406
吉林省,白山市,浑江区,河口街道,126.4559999,41.9568877,10.0,53.0,14.0,49.0,76.0,24.0,0.0,17.0,8.0,3.0,2.0,2.0,0.0,1.0,9.0,11.0,0.0,0.0,0.0,3.0,22.0,0.0,7.0,0.0,3.0,5.0,398.0,0.0,13.0,9.0,4.0,19.0,1.0,12.0,18.0,11.0,2.0,7.0,4.0,13.0,13.0,1.0,0.0,7.0,5.0,0.0,0.0,0.0,0.0,0.0,2.0,2.0,0.0,0.0,0.0,0.0,3.0,0.0,3.0,0.0,0.0,1.0,77.0,0.0,1.0,2.0,1.0,2.0,0.0,8.0,12.0,7.0,10255835311.0,14999972.0,白山市浑江区,白山市浑江区河口街道,20.0,30.0,10.0,20.0,80.0,72.95,53.59230769230769,46.871929824561406
吉林省,白山市,浑江区,板石街道,126.3932131,42.0135497,0.0,5.0,0.0,5.0,2.0,4.0,0.0,0.0,1.0,0.0,1.0,1.0,0.0,0.0,0.0,0.0,0.0,0.0,0.0,0.0,4.0,0.0,5.0,0.0,0.0,3.0,1.0,0.0,0.0,1.0,0.0,0.0,9.0,1.0,5.0,7.0,0.0,3.0,0.0,2.0,0.0,0.0,0.0,0.0,1.0,0.0,0.0,1.0,0.0,0.0,0.0,0.0,0.0,0.0,0.0,0.0,1.0,0.0,0.0,0.0,0.0,3.0,0.0,0.0,0.0,0.0,0.0,0.0,0.0,1.0,2.0,2.0,6412495169.0,15257828.0,白山市浑江区,白山市浑江区板石街道,18.0,16.9,5.0,3.7,43.6,72.95,53.59230769230769,46.871929824561406
吉林省,白山市,浑江区,七道江镇,126.3994759,41.9390607,12.0,61.0,33.0,131.0,167.0,81.0,0.0,103.0,11.0,12.0,3.0,11.0,6.0,6.0,16.0,19.0,1.0,0.0,6.0,35.0,50.0,3.0,2.0,1.0,5.0,9.0,784.0,0.0,11.0,5.0,6.0,23.0,2.0,12.0,17.0,15.0,6.0,12.0,6.0,14.0,25.0,16.0,0.0,5.0,0.0,3.0,0.0,5.0,0.0,0.0,1.0,2.0,0.0,0.0,2.0,0.0,6.0,2.0,0.0,0.0,0.0,2.0,119.0,0.0,0.0,0.0,1.0,3.0,0.0,6.0,11.0,7.0,6412495175.0,15058963.0,白山市浑江区,白山市浑江区七道江镇,20.0,30.0,12.0,20.0,82.0,72.95,53.59230769230769,46.871929824561406
吉林省,白山市,浑江区,六道江镇,126.302832,41.8701281,6.0,1.0,1.0,9.0,13.0,1.0,0.0,1.0,0.0,0.0,0.0,0.0,0.0,0.0,1.0,1.0,0.0,0.0,0.0,0.0,4.0,0.0,2.0,0.0,0.0,4.0,0.0,0.0,0.0,0.0,0.0,0.0,0.0,3.0,7.0,4.0,2.0,1.0,1.0,1.0,0.0,1.0,0.0,0.0,0.0,0.0,0.0,0.0,0.0,0.0,0.0,0.0,0.0,0.0,0.0,0.0,1.0,0.0,1.0,0.0,0.0,1.0,0.0,0.0,0.0,0.0,0.0,0.0,0.0,3.0,5.0,4.0,5041003232.0,15257831.0,白山市浑江区,白山市浑江区六道江镇,19.0,16.1,0.0,2.0,37.1,72.95,53.59230769230769,46.871929824561406
吉林省,白山市,浑江区,红土崖镇,126.4363681,41.7723379,0.0,8.0,4.0,2.0,37.0,0.0,0.0,0.0,0.0,0.0,0.0,1.0,0.0,0.0,2.0,2.0,0.0,0.0,0.0,0.0,1.0,0.0,0.0,0.0,1.0,2.0,3.0,0.0,0.0,0.0,2.0,0.0,0.0,3.0,6.0,6.0,0.0,3.0,2.0,0.0,18.0,0.0,0.0,0.0,0.0,0.0,0.0,1.0,0.0,0.0,2.0,2.0,0.0,0.0,0.0,0.0,0.0,0.0,0.0,0.0,1.0,1.0,3.0,0.0,0.0,0.0,2.0,0.0,0.0,2.0,5.0,4.0,3069718177.0,15257830.0,白山市浑江区,白山市浑江区红土崖镇,17.0,22.8,10.0,3.6,53.4,72.95,53.59230769230769,46.871929824561406
吉林省,白山市,浑江区,三道沟镇,126.5121936,41.6449894,3.0,10.0,4.0,1.0,32.0,3.0,0.0,1.0,0.0,4.0,1.0,2.0,0.0,0.0,0.0,0.0,0.0,0.0,1.0,0.0,7.0,0.0,0.0,0.0,0.0,4.0,4.0,0.0,0.0,2.0,0.0,0.0,6.0,5.0,11.0,5.0,0.0,4.0,3.0,0.0,18.0,0.0,0.0,0.0,0.0,4.0,0.0,1.0,0.0,0.0,0.0,0.0,0.0,0.0,1.0,0.0,3.0,0.0,0.0,0.0,0.0,3.0,2.0,0.0,0.0,2.0,0.0,0.0,1.0,2.0,5.0,4.0,3069718181.0,15257829.0,白山市浑江区,白山市浑江区三道沟镇,19.0,25.8,7.0,3.5,55.3,72.95,53.59230769230769,46.871929824561406
吉林省,白山市,江源区,孙家堡子街道,126.5831697,42.0446406,14.0,6.0,0.0,16.0,37.0,0.0,0.0,5.0,2.0,0.0,1.0,1.0,0.0,0.0,2.0,2.0,0.0,0.0,0.0,1.0,34.0,1.0,10.0,0.0,0.0,3.0,5.0,0.0,0.0,4.0,0.0,5.0,0.0,8.0,8.0,6.0,7.0,2.0,0.0,12.0,14.0,0.0,0.0,4.0,2.0,0.0,0.0,0.0,0.0,0.0,1.0,1.0,0.0,0.0,0.0,0.0,16.0,1.0,2.0,0.0,0.0,2.0,1.0,0.0,0.0,0.0,0.0,3.0,0.0,4.0,7.0,6.0,6412544967.0,16117856.0,白山市江源区,白山市江源区孙家堡子街道,18.0,28.0,10.0,4.0,60.0,45.64,53.59230769230769,46.871929824561406
吉林省,白山市,江源区,江源街道,126.584566,42.0518993,10.0,6.0,0.0,16.0,38.0,0.0,0.0,5.0,2.0,0.0,0.0,1.0,0.0,0.0,2.0,2.0,0.0,0.0,0.0,1.0,37.0,1.0,9.0,0.0,2.0,4.0,4.0,0.0,0.0,3.0,0.0,5.0,0.0,8.0,7.0,7.0,6.0,6.0,0.0,13.0,18.0,0.0,0.0,4.0,0.0,0.0,0.0,1.0,0.0,0.0,0.0,0.0,0.0,0.0,0.0,1.0,22.0,1.0,2.0,0.0,0.0,3.0,2.0,0.0,0.0,0.0,0.0,3.0,0.0,7.0,6.0,6.0,6412544964.0,16117855.0,白山市江源区,白山市江源区江源街道,19.0,25.5,6.0,4.4,54.9,45.64,53.59230769230769,46.871929824561406
吉林省,白山市,江源区,正岔街道,126.6040843,42.0852832,8.0,10.0,1.0,8.0,21.0,3.0,0.0,0.0,0.0,0.0,0.0,0.0,0.0,0.0,1.0,1.0,0.0,0.0,0.0,0.0,20.0,0.0,5.0,0.0,2.0,2.0,0.0,0.0,0.0,2.0,0.0,4.0,0.0,7.0,11.0,12.0,0.0,8.0,0.0,3.0,7.0,1.0,0.0,0.0,0.0,0.0,0.0,0.0,0.0,0.0,0.0,0.0,0.0,0.0,0.0,0.0,8.0,0.0,2.0,0.0,0.0,1.0,0.0,0.0,0.0,0.0,0.0,1.0,0.0,3.0,5.0,5.0,5082798562.0,16117858.0,白山市江源区,白山市江源区正岔街道,17.0,20.3,0.0,4.2,41.5,45.64,53.59230769230769,46.871929824561406
吉林省,白山市,江源区,城墙街道,126.5970864,42.0704735,10.0,12.0,0.0,14.0,39.0,1.0,0.0,2.0,0.0,0.0,0.0,1.0,0.0,0.0,1.0,1.0,0.0,0.0,0.0,1.0,35.0,1.0,7.0,0.0,2.0,4.0,2.0,0.0,0.0,0.0,0.0,7.0,0.0,9.0,8.0,12.0,0.0,2.0,0.0,2.0,10.0,0.0,0.0,0.0,0.0,0.0,0.0,0.0,0.0,0.0,1.0,1.0,0.0,0.0,0.0,0.0,9.0,0.0,1.0,0.0,2.0,1.0,0.0,0.0,0.0,0.0,0.0,3.0,0.0,3.0,3.0,5.0,6412544963.0,16117857.0,白山市江源区,白山市江源区城墙街道,19.0,24.0,10.0,4.2,57.2,45.64,53.59230769230769,46.871929824561406
吉林省,白山市,江源区,湾沟镇,126.91586,42.0627434,3.0,0.0,2.0,10.0,11.0,0.0,0.0,0.0,3.0,0.0,0.0,0.0,0.0,0.0,0.0,0.0,0.0,0.0,0.0,0.0,5.0,0.0,1.0,0.0,0.0,2.0,0.0,0.0,0.0,4.0,0.0,0.0,0.0,3.0,4.0,3.0,3.0,0.0,2.0,7.0,3.0,0.0,0.0,0.0,0.0,0.0,0.0,0.0,0.0,0.0,0.0,0.0,0.0,0.0,0.0,0.0,1.0,0.0,0.0,0.0,0.0,1.0,0.0,0.0,0.0,0.0,0.0,0.0,0.0,2.0,4.0,2.0,1575631538.0,16117862.0,白山市江源区,白山市江源区湾沟镇,17.0,17.1,0.0,1.9,36.0,45.64,53.59230769230769,46.871929824561406
吉林省,白山市,江源区,松树镇,127.1043657,42.0433649,0.0,0.0,6.0,2.0,18.0,0.0,0.0,1.0,0.0,0.0,0.0,0.0,0.0,0.0,0.0,0.0,0.0,0.0,0.0,0.0,1.0,0.0,1.0,0.0,0.0,1.0,3.0,0.0,0.0,0.0,0.0,0.0,0.0,2.0,7.0,3.0,0.0,0.0,4.0,1.0,6.0,0.0,0.0,0.0,0.0,0.0,0.0,0.0,0.0,0.0,0.0,0.0,0.0,0.0,0.0,0.0,1.0,0.0,0.0,0.0,0.0,1.0,3.0,0.0,0.0,0.0,0.0,0.0,0.0,2.0,6.0,2.0,1575631508.0,16117863.0,白山市江源区,白山市江源区松树镇,16.0,15.9,0.0,2.1,34.0,45.64,53.59230769230769,46.871929824561406
吉林省,白山市,江源区,砟子镇,126.5354696,41.9906055,15.0,0.0,0.0,3.0,12.0,0.0,0.0,0.0,0.0,0.0,0.0,0.0,0.0,0.0,1.0,1.0,0.0,0.0,0.0,0.0,5.0,0.0,1.0,0.0,0.0,3.0,8.0,0.0,0.0,3.0,0.0,0.0,0.0,8.0,3.0,5.0,6.0,0.0,0.0,0.0,8.0,0.0,0.0,0.0,0.0,0.0,0.0,0.0,0.0,0.0,1.0,1.0,0.0,0.0,0.0,0.0,2.0,0.0,0.0,0.0,0.0,1.0,0.0,0.0,0.0,2.0,0.0,0.0,0.0,4.0,2.0,2.0,1575631572.0,16117854.0,白山市江源区,白山市江源区砟子镇,18.0,14.3,5.0,3.8,41.099999999999994,45.64,53.59230769230769,46.871929824561406
吉林省,白山市,江源区,石人镇,126.5681337,41.9623428,11.0,4.0,0.0,23.0,20.0,1.0,0.0,0.0,2.0,0.0,1.0,0.0,0.0,0.0,0.0,0.0,0.0,0.0,0.0,0.0,8.0,0.0,4.0,0.0,0.0,4.0,33.0,0.0,0.0,2.0,0.0,1.0,0.0,5.0,7.0,7.0,6.0,0.0,0.0,19.0,7.0,0.0,0.0,0.0,0.0,0.0,0.0,0.0,0.0,0.0,0.0,0.0,0.0,0.0,0.0,0.0,2.0,0.0,1.0,0.0,0.0,1.0,6.0,0.0,0.0,1.0,0.0,0.0,0.0,3.0,3.0,4.0,2487527738.0,16117860.0,白山市江源区,白山市江源区石人镇,19.0,23.6,0.0,7.7,50.300000000000004,45.64,53.59230769230769,46.871929824561406
吉林省,白山市,江源区,大阳岔镇,126.6805544,42.0514827,11.0,0.0,0.0,0.0,20.0,1.0,0.0,0.0,0.0,0.0,1.0,0.0,0.0,0.0,0.0,0.0,0.0,0.0,0.0,0.0,7.0,0.0,0.0,0.0,0.0,1.0,2.0,0.0,0.0,0.0,0.0,0.0,0.0,3.0,5.0,4.0,1.0,0.0,0.0,0.0,4.0,0.0,0.0,0.0,0.0,0.0,1.0,0.0,0.0,0.0,0.0,0.0,0.0,0.0,0.0,0.0,5.0,0.0,0.0,0.0,0.0,1.0,2.0,0.0,0.0,0.0,0.0,0.0,0.0,3.0,3.0,3.0,2288744100.0,16117861.0,白山市江源区,白山市江源区大阳岔镇,16.0,14.7,0.0,2.4,33.1,45.64,53.59230769230769,46.871929824561406
吉林省,白山市,江源区,大石人镇,126.5479738,41.9333043,3.0,2.0,0.0,7.0,16.0,1.0,0.0,0.0,2.0,0.0,1.0,0.0,0.0,0.0,0.0,0.0,0.0,0.0,0.0,0.0,8.0,0.0,4.0,0.0,0.0,6.0,5.0,0.0,0.0,2.0,0.0,1.0,0.0,5.0,7.0,6.0,0.0,0.0,0.0,1.0,13.0,0.0,0.0,0.0,0.0,0.0,0.0,0.0,0.0,0.0,0.0,0.0,0.0,0.0,0.0,0.0,4.0,0.0,0.0,0.0,0.0,2.0,0.0,0.0,0.0,0.0,0.0,0.0,0.0,1.0,2.0,1.0,2487527717.0,16117859.0,白山市江源区,白山市江源区大石人镇,20.0,24.6,0.0,3.7,48.300000000000004,45.64,53.59230769230769,46.871929824561406
吉林省,白山市,抚松县,抚松镇,127.2678679,42.3312953,21.0,9.0,7.0,43.0,100.0,0.0,0.0,5.0,0.0,0.0,0.0,6.0,3.0,3.0,6.0,6.0,1.0,0.0,0.0,5.0,8.0,0.0,1.0,1.0,0.0,11.0,13.0,0.0,0.0,2.0,1.0,7.0,1.0,5.0,13.0,9.0,4.0,2.0,2.0,19.0,56.0,0.0,0.0,1.0,0.0,0.0,0.0,2.0,1.0,1.0,4.0,4.0,0.0,0.0,0.0,5.0,5.0,0.0,1.0,1.0,0.0,7.0,10.0,0.0,0.0,1.0,0.0,2.0,1.0,4.0,7.0,6.0,11055045181.0,16109141.0,白山市抚松县,白山市抚松县抚松镇,20.0,24.0,20.0,6.6,70.6,43.300000000000004,53.59230769230769,46.871929824561406
吉林省,白山市,抚松县,松江河镇,127.4835209,42.1673799,5.0,13.0,31.0,43.0,53.0,2.0,0.0,7.0,1.0,1.0,1.0,1.0,1.0,1.0,1.0,2.0,0.0,0.0,0.0,1.0,38.0,0.0,4.0,0.0,0.0,2.0,33.0,0.0,0.0,0.0,0.0,5.0,0.0,7.0,10.0,9.0,0.0,0.0,13.0,15.0,16.0,0.0,0.0,0.0,0.0,0.0,0.0,0.0,0.0,0.0,0.0,0.0,0.0,0.0,0.0,0.0,11.0,0.0,1.0,0.0,0.0,1.0,9.0,0.0,0.0,0.0,0.0,0.0,0.0,1.0,3.0,3.0,2189653201.0,16109139.0,白山市抚松县,白山市抚松县松江河镇,17.0,30.0,5.0,8.2,60.2,43.300000000000004,53.59230769230769,46.871929824561406
吉林省,白山市,抚松县,泉阳镇,127.5366867,42.3493255,0.0,3.0,5.0,13.0,56.0,52.0,0.0,1.0,4.0,0.0,0.0,0.0,0.0,0.0,0.0,0.0,0.0,0.0,0.0,0.0,3.0,0.0,0.0,0.0,0.0,1.0,20.0,0.0,0.0,0.0,0.0,0.0,0.0,3.0,9.0,4.0,0.0,0.0,4.0,6.0,18.0,22.0,0.0,0.0,0.0,0.0,0.0,0.0,0.0,0.0,0.0,0.0,0.0,0.0,0.0,0.0,1.0,0.0,0.0,0.0,0.0,1.0,9.0,0.0,0.0,0.0,0.0,0.0,0.0,2.0,5.0,2.0,5040761362.0,16109148.0,白山市抚松县,白山市抚松县泉阳镇,16.0,26.0,0.0,4.9,46.9,43.300000000000004,53.59230769230769,46.871929824561406
吉林省,白山市,抚松县,露水河镇,127.8044823,42.517149,0.0,3.0,0.0,6.0,46.0,0.0,0.0,0.0,0.0,0.0,1.0,0.0,0.0,0.0,0.0,0.0,0.0,0.0,0.0,0.0,2.0,0.0,1.0,0.0,0.0,1.0,10.0,0.0,0.0,1.0,0.0,0.0,0.0,2.0,4.0,4.0,0.0,1.0,0.0,4.0,16.0,0.0,0.0,0.0,0.0,0.0,0.0,0.0,0.0,0.0,0.0,0.0,0.0,0.0,0.0,0.0,1.0,0.0,0.0,0.0,0.0,1.0,10.0,0.0,0.0,0.0,0.0,0.0,0.0,2.0,4.0,3.0,1590840579.0,16109149.0,白山市抚松县,白山市抚松县露水河镇,16.0,24.0,0.0,4.1,44.1,43.300000000000004,53.59230769230769,46.871929824561406
吉林省,白山市,抚松县,仙人桥镇,127.2329076,42.1699517,0.0,0.0,4.0,2.0,7.0,0.0,0.0,0.0,0.0,0.0,0.0,0.0,0.0,0.0,0.0,0.0,0.0,0.0,0.0,0.0,11.0,0.0,0.0,0.0,0.0,1.0,0.0,0.0,0.0,0.0,0.0,0.0,0.0,5.0,3.0,2.0,0.0,0.0,4.0,0.0,2.0,0.0,0.0,0.0,0.0,0.0,0.0,0.0,0.0,0.0,0.0,0.0,0.0,0.0,0.0,0.0,4.0,0.0,0.0,0.0,0.0,1.0,0.0,0.0,0.0,0.0,0.0,0.0,0.0,2.0,2.0,2.0,6412099779.0,16109140.0,白山市抚松县,白山市抚松县仙人桥镇,16.0,10.5,0.0,1.0,27.5,43.300000000000004,53.59230769230769,46.871929824561406
吉林省,白山市,抚松县,万良镇,127.2901665,42.4325043,3.0,0.0,2.0,4.0,1.0,0.0,0.0,0.0,0.0,0.0,0.0,0.0,0.0,0.0,0.0,0.0,0.0,0.0,0.0,0.0,4.0,0.0,0.0,0.0,0.0,3.0,0.0,0.0,0.0,0.0,0.0,0.0,0.0,2.0,5.0,2.0,0.0,0.0,2.0,3.0,1.0,0.0,0.0,0.0,0.0,0.0,0.0,0.0,0.0,0.0,0.0,0.0,0.0,0.0,0.0,0.0,1.0,0.0,0.0,0.0,0.0,1.0,0.0,0.0,0.0,0.0,0.0,0.0,0.0,1.0,3.0,2.0,2288779605.0,16109145.0,白山市抚松县,白山市抚松县万良镇,18.0,12.0,0.0,1.0,31.0,43.300000000000004,53.59230769230769,46.871929824561406
吉林省,白山市,抚松县,新屯子镇,127.3014048,42.5536069,0.0,0.0,3.0,2.0,4.0,0.0,0.0,0.0,0.0,0.0,0.0,0.0,0.0,0.0,0.0,0.0,0.0,0.0,0.0,0.0,3.0,0.0,0.0,0.0,0.0,1.0,0.0,0.0,0.0,1.0,0.0,0.0,0.0,1.0,3.0,2.0,0.0,0.0,3.0,2.0,2.0,0.0,0.0,0.0,0.0,0.0,0.0,0.0,0.0,0.0,0.0,0.0,0.0,0.0,0.0,0.0,1.0,0.0,0.0,0.0,0.0,1.0,0.0,0.0,0.0,0.0,0.0,0.0,0.0,1.0,3.0,2.0,6283298935.0,16109146.0,白山市抚松县,白山市抚松县新屯子镇,16.0,9.9,0.0,1.1,27.0,43.300000000000004,53.59230769230769,46.871929824561406
吉林省,白山市,抚松县,东岗镇,127.4950309,42.1439915,2.0,0.0,24.0,20.0,33.0,1.0,0.0,1.0,1.0,2.0,0.0,1.0,0.0,0.0,1.0,2.0,0.0,0.0,0.0,1.0,28.0,0.0,1.0,0.0,0.0,2.0,31.0,0.0,0.0,4.0,1.0,6.0,1.0,4.0,9.0,9.0,0.0,0.0,7.0,7.0,13.0,0.0,0.0,0.0,0.0,1.0,0.0,1.0,0.0,0.0,1.0,2.0,0.0,0.0,0.0,0.0,2.0,0.0,0.0,0.0,0.0,1.0,4.0,0.0,0.0,0.0,0.0,1.0,0.0,4.0,4.0,4.0,6412099775.0,16109138.0,白山市抚松县,白山市抚松县东岗镇,17.0,28.0,10.0,7.9,62.9,43.300000000000004,53.59230769230769,46.871929824561406
吉林省,白山市,抚松县,漫江镇,127.591101,41.9476744,1.0,0.0,0.0,3.0,30.0,0.0,1.0,1.0,1.0,0.0,0.0,1.0,0.0,0.0,1.0,1.0,0.0,0.0,0.0,0.0,1.0,0.0,0.0,0.0,0.0,1.0,4.0,0.0,0.0,1.0,0.0,1.0,0.0,4.0,7.0,4.0,1.0,0.0,0.0,3.0,18.0,0.0,0.0,1.0,1.0,0.0,0.0,1.0,0.0,0.0,1.0,1.0,0.0,0.0,0.0,0.0,0.0,0.0,0.0,0.0,0.0,1.0,3.0,0.0,0.0,1.0,0.0,0.0,0.0,3.0,5.0,2.0,2288756916.0,16107168.0,白山市抚松县,白山市抚松县漫江镇,16.0,24.9,10.0,2.9,53.8,43.300000000000004,53.59230769230769,46.871929824561406
吉林省,白山市,抚松县,北岗镇,127.5271873,42.4210244,2.0,1.0,1.0,0.0,1.0,0.0,0.0,0.0,0.0,0.0,0.0,0.0,0.0,0.0,0.0,0.0,0.0,0.0,0.0,0.0,0.0,0.0,0.0,0.0,0.0,1.0,0.0,0.0,0.0,0.0,0.0,0.0,0.0,2.0,8.0,1.0,0.0,0.0,1.0,0.0,1.0,0.0,0.0,0.0,0.0,0.0,0.0,0.0,0.0,0.0,0.0,0.0,0.0,0.0,0.0,0.0,0.0,0.0,0.0,0.0,0.0,1.0,0.0,0.0,0.0,0.0,0.0,0.0,0.0,1.0,2.0,0.0,2288779604.0,16109147.0,白山市抚松县,白山市抚松县北岗镇,16.0,9.5,0.0,0.5,26.0,43.300000000000004,53.59230769230769,46.871929824561406
吉林省,白山市,抚松县,兴参镇,127.2178996,42.4751138,0.0,0.0,0.0,9.0,86.0,49.0,0.0,0.0,0.0,0.0,0.0,0.0,0.0,0.0,0.0,0.0,0.0,0.0,0.0,0.0,4.0,0.0,0.0,0.0,0.0,1.0,0.0,0.0,0.0,0.0,0.0,0.0,0.0,1.0,4.0,3.0,0.0,0.0,0.0,6.0,85.0,49.0,0.0,0.0,0.0,0.0,0.0,0.0,0.0,0.0,0.0,0.0,0.0,0.0,0.0,0.0,2.0,0.0,0.0,0.0,0.0,1.0,0.0,0.0,0.0,0.0,0.0,0.0,0.0,1.0,4.0,3.0,6283239654.0,16109144.0,白山市抚松县,白山市抚松县兴参镇,16.0,22.0,0.0,1.5,39.5,43.300000000000004,53.59230769230769,46.871929824561406
吉林省,白山市,抚松县,兴隆乡,127.3801747,42.2624118,1.0,0.0,1.0,5.0,24.0,9.0,0.0,17.0,0.0,2.0,0.0,0.0,0.0,0.0,1.0,1.0,0.0,0.0,0.0,0.0,4.0,0.0,0.0,0.0,1.0,1.0,12.0,0.0,0.0,2.0,0.0,1.0,0.0,1.0,10.0,8.0,1.0,0.0,0.0,4.0,22.0,9.0,0.0,17.0,0.0,2.0,0.0,0.0,0.0,0.0,1.0,1.0,0.0,0.0,0.0,0.0,2.0,0.0,0.0,0.0,0.0,1.0,12.0,0.0,0.0,0.0,0.0,1.0,0.0,1.0,8.0,5.0,6412099780.0,16109142.0,白山市抚松县,白山市抚松县兴隆乡,16.0,26.0,5.0,6.6,53.6,43.300000000000004,53.59230769230769,46.871929824561406
吉林省,白山市,抚松县,抽水乡,127.0801187,42.394628,0.0,0.0,0.0,4.0,11.0,0.0,0.0,0.0,0.0,0.0,0.0,0.0,0.0,0.0,0.0,0.0,0.0,0.0,0.0,0.0,5.0,0.0,0.0,0.0,0.0,1.0,0.0,0.0,0.0,1.0,0.0,0.0,0.0,5.0,3.0,3.0,0.0,0.0,0.0,2.0,9.0,0.0,0.0,0.0,0.0,0.0,0.0,0.0,0.0,0.0,0.0,0.0,0.0,0.0,0.0,0.0,1.0,0.0,0.0,0.0,0.0,1.0,0.0,0.0,0.0,1.0,0.0,0.0,0.0,1.0,3.0,2.0,3366670406.0,16109143.0,白山市抚松县,白山市抚松县抽水乡,16.0,10.4,0.0,1.7,28.099999999999998,43.300000000000004,53.59230769230769,46.871929824561406
吉林省,白山市,抚松县,沿江乡,127.796706,42.7610172,7.0,0.0,0.0,0.0,26.0,0.0,0.0,0.0,0.0,0.0,0.0,0.0,0.0,0.0,0.0,0.0,0.0,0.0,0.0,0.0,1.0,0.0,0.0,0.0,0.0,1.0,0.0,0.0,0.0,0.0,0.0,0.0,0.0,6.0,5.0,3.0,1.0,0.0,0.0,0.0,16.0,0.0,0.0,0.0,0.0,0.0,0.0,0.0,0.0,0.0,0.0,0.0,0.0,0.0,0.0,0.0,1.0,0.0,0.0,0.0,0.0,1.0,0.0,0.0,0.0,0.0,0.0,0.0,0.0,2.0,5.0,3.0,2288795846.0,16109150.0,白山市抚松县,白山市抚松县沿江乡,16.0,17.5,0.0,1.5,35.0,43.300000000000004,53.59230769230769,46.871929824561406
吉林省,白山市,靖宇县,靖宇镇,126.8019307,42.3817474,20.0,19.0,10.0,11.0,108.0,5.0,0.0,0.0,2.0,0.0,3.0,1.0,0.0,0.0,0.0,0.0,0.0,0.0,0.0,0.0,2.0,3.0,6.0,0.0,0.0,2.0,45.0,0.0,0.0,6.0,0.0,2.0,0.0,5.0,9.0,10.0,5.0,10.0,4.0,5.0,67.0,0.0,0.0,0.0,0.0,0.0,0.0,1.0,0.0,0.0,0.0,0.0,0.0,0.0,0.0,0.0,0.0,1.0,0.0,0.0,0.0,2.0,18.0,0.0,0.0,0.0,0.0,1.0,0.0,3.0,5.0,5.0,11057121720.0,16113472.0,白山市靖宇县,白山市靖宇县靖宇镇,17.0,28.0,5.0,10.9,60.9,43.75,53.59230769230769,46.871929824561406
吉林省,白山市,靖宇县,三道湖镇,126.8897333,42.3442085,3.0,0.0,3.0,8.0,39.0,37.0,0.0,1.0,1.0,0.0,0.0,0.0,0.0,0.0,1.0,1.0,0.0,0.0,0.0,0.0,4.0,1.0,0.0,0.0,0.0,1.0,3.0,0.0,0.0,4.0,0.0,0.0,0.0,2.0,9.0,5.0,3.0,0.0,3.0,7.0,33.0,31.0,0.0,0.0,0.0,0.0,0.0,0.0,0.0,0.0,1.0,1.0,0.0,0.0,0.0,0.0,1.0,0.0,0.0,0.0,0.0,1.0,0.0,0.0,0.0,4.0,0.0,0.0,0.0,1.0,7.0,1.0,5083090296.0,16113475.0,白山市靖宇县,白山市靖宇县三道湖镇,16.0,26.0,5.0,3.6,50.6,43.75,53.59230769230769,46.871929824561406
吉林省,白山市,靖宇县,龙泉镇,126.6138911,42.4310591,5.0,0.0,0.0,8.0,19.0,1.0,0.0,0.0,0.0,0.0,0.0,0.0,0.0,0.0,0.0,0.0,0.0,0.0,0.0,0.0,2.0,0.0,0.0,0.0,0.0,1.0,40.0,0.0,0.0,1.0,0.0,0.0,0.0,1.0,7.0,3.0,1.0,0.0,0.0,3.0,10.0,1.0,0.0,0.0,0.0,0.0,0.0,0.0,0.0,0.0,0.0,0.0,0.0,0.0,0.0,0.0,1.0,0.0,0.0,0.0,0.0,1.0,15.0,0.0,0.0,0.0,0.0,0.0,0.0,1.0,6.0,2.0,4310300703.0,16113474.0,白山市靖宇县,白山市靖宇县龙泉镇,16.0,20.3,0.0,7.1000000000000005,43.4,43.75,53.59230769230769,46.871929824561406
吉林省,白山市,靖宇县,那尔轰镇,126.9897214,42.7128958,7.0,0.0,0.0,5.0,7.0,0.0,0.0,0.0,0.0,0.0,0.0,0.0,0.0,0.0,0.0,0.0,0.0,0.0,0.0,0.0,7.0,0.0,0.0,0.0,0.0,1.0,2.0,0.0,0.0,0.0,0.0,0.0,0.0,3.0,3.0,3.0,5.0,0.0,0.0,5.0,5.0,0.0,0.0,0.0,0.0,0.0,0.0,0.0,0.0,0.0,0.0,0.0,0.0,0.0,0.0,0.0,3.0,0.0,0.0,0.0,0.0,1.0,1.0,0.0,0.0,0.0,0.0,0.0,0.0,2.0,3.0,2.0,6413312417.0,16113479.0,白山市靖宇县,白山市靖宇县那尔轰镇,16.0,14.4,0.0,1.8,32.199999999999996,43.75,53.59230769230769,46.871929824561406
吉林省,白山市,靖宇县,花园口镇,127.0562908,42.2838078,4.0,0.0,0.0,3.0,58.0,10.0,0.0,0.0,0.0,0.0,0.0,0.0,0.0,0.0,0.0,0.0,0.0,0.0,0.0,0.0,7.0,1.0,2.0,0.0,0.0,3.0,0.0,0.0,0.0,0.0,0.0,0.0,0.0,3.0,9.0,10.0,0.0,0.0,0.0,1.0,40.0,2.0,0.0,0.0,0.0,0.0,0.0,0.0,0.0,0.0,0.0,0.0,0.0,0.0,0.0,0.0,1.0,1.0,1.0,0.0,0.0,1.0,0.0,0.0,0.0,0.0,0.0,0.0,0.0,3.0,7.0,7.0,3454152962.0,16113476.0,白山市靖宇县,白山市靖宇县花园口镇,18.0,24.0,0.0,4.0,46.0,43.75,53.59230769230769,46.871929824561406
吉林省,白山市,靖宇县,景山镇,126.7673135,42.5334135,1.0,0.0,0.0,0.0,1.0,0.0,0.0,0.0,0.0,0.0,0.0,0.0,0.0,0.0,0.0,0.0,0.0,0.0,0.0,0.0,1.0,0.0,0.0,0.0,0.0,1.0,0.0,0.0,0.0,0.0,0.0,0.0,0.0,2.0,2.0,2.0,1.0,0.0,0.0,0.0,1.0,0.0,0.0,0.0,0.0,0.0,0.0,0.0,0.0,0.0,0.0,0.0,0.0,0.0,0.0,0.0,0.0,0.0,0.0,0.0,0.0,1.0,0.0,0.0,0.0,0.0,0.0,0.0,0.0,2.0,2.0,1.0,4310300701.0,16113477.0,白山市靖宇县,白山市靖宇县景山镇,16.0,6.5,0.0,1.0,23.5,43.75,53.59230769230769,46.871929824561406
吉林省,白山市,靖宇县,赤松镇,126.9998757,42.5762226,0.0,0.0,0.0,15.0,23.0,0.0,0.0,0.0,0.0,0.0,0.0,0.0,0.0,0.0,0.0,0.0,0.0,0.0,0.0,0.0,2.0,0.0,1.0,0.0,0.0,1.0,0.0,0.0,0.0,0.0,0.0,0.0,0.0,2.0,3.0,6.0,0.0,0.0,0.0,5.0,11.0,0.0,0.0,0.0,0.0,0.0,0.0,0.0,0.0,0.0,0.0,0.0,0.0,0.0,0.0,0.0,1.0,0.0,0.0,0.0,0.0,1.0,0.0,0.0,0.0,0.0,0.0,0.0,0.0,1.0,2.0,2.0,6413312415.0,16113478.0,白山市靖宇县,白山市靖宇县赤松镇,16.0,14.4,0.0,3.0,33.4,43.75,53.59230769230769,46.871929824561406
吉林省,白山市,靖宇县,濛江乡,126.792139,42.379096,18.0,19.0,10.0,9.0,108.0,5.0,0.0,0.0,2.0,0.0,2.0,1.0,0.0,0.0,0.0,0.0,0.0,0.0,0.0,0.0,3.0,3.0,6.0,0.0,0.0,2.0,44.0,0.0,0.0,5.0,0.0,2.0,0.0,5.0,8.0,10.0,9.0,6.0,0.0,4.0,53.0,0.0,0.0,0.0,0.0,0.0,0.0,0.0,0.0,0.0,0.0,0.0,0.0,0.0,0.0,0.0,0.0,0.0,0.0,0.0,0.0,2.0,11.0,0.0,0.0,0.0,0.0,1.0,0.0,4.0,5.0,4.0,-1.0,16113473.0,白山市靖宇县,白山市靖宇县濛江乡,17.0,28.0,5.0,10.0,60.0,43.75,53.59230769230769,46.871929824561406
吉林省,白山市,长白朝鲜族自治县,长白镇,128.190102,41.4169604,4.0,14.0,37.0,33.0,152.0,95.0,0.0,23.0,3.0,1.0,3.0,8.0,1.0,1.0,5.0,9.0,1.0,0.0,0.0,1.0,32.0,1.0,10.0,0.0,0.0,20.0,1315.0,0.0,3.0,10.0,2.0,24.0,5.0,21.0,14.0,12.0,1.0,1.0,5.0,8.0,44.0,4.0,0.0,4.0,1.0,0.0,0.0,3.0,0.0,0.0,2.0,3.0,0.0,0.0,0.0,0.0,11.0,0.0,1.0,0.0,0.0,2.0,46.0,0.0,2.0,4.0,1.0,16.0,0.0,15.0,12.0,8.0,11051441268.0,16101593.0,白山市长白朝鲜族自治县,白山市长白朝鲜族自治县长白镇,20.0,30.0,10.0,20.0,80.0,50.0875,53.59230769230769,46.871929824561406
吉林省,白山市,长白朝鲜族自治县,八道沟镇,127.25865,41.5135277,3.0,3.0,6.0,3.0,64.0,19.0,0.0,4.0,1.0,0.0,1.0,0.0,1.0,1.0,0.0,0.0,0.0,0.0,0.0,1.0,12.0,0.0,1.0,0.0,0.0,8.0,95.0,0.0,0.0,0.0,0.0,1.0,2.0,18.0,9.0,8.0,3.0,1.0,0.0,1.0,27.0,5.0,0.0,0.0,0.0,0.0,0.0,0.0,0.0,0.0,0.0,0.0,0.0,0.0,0.0,1.0,4.0,0.0,0.0,0.0,0.0,1.0,2.0,0.0,0.0,0.0,0.0,1.0,2.0,14.0,6.0,5.0,6411192697.0,16101598.0,白山市长白朝鲜族自治县,白山市长白朝鲜族自治县八道沟镇,20.0,28.0,1.0,13.700000000000001,62.7,50.0875,53.59230769230769,46.871929824561406
吉林省,白山市,长白朝鲜族自治县,十四道沟镇,127.9208369,41.4543593,11.0,0.0,3.0,3.0,2.0,1.0,0.0,0.0,0.0,0.0,0.0,0.0,0.0,0.0,0.0,0.0,0.0,0.0,0.0,0.0,11.0,0.0,0.0,0.0,0.0,9.0,1.0,0.0,0.0,3.0,0.0,0.0,0.0,15.0,6.0,7.0,1.0,0.0,0.0,1.0,1.0,0.0,0.0,0.0,0.0,0.0,0.0,0.0,0.0,0.0,0.0,0.0,0.0,0.0,0.0,0.0,3.0,0.0,0.0,0.0,0.0,2.0,0.0,0.0,0.0,1.0,0.0,0.0,0.0,14.0,3.0,6.0,6028689429.0,16101596.0,白山市长白朝鲜族自治县,白山市长白朝鲜族自治县十四道沟镇,20.0,11.7,0.0,4.0,35.7,50.0875,53.59230769230769,46.871929824561406
吉林省,白山市,长白朝鲜族自治县,马鹿沟镇,128.2089565,41.4400514,5.0,6.0,8.0,14.0,84.0,24.0,0.0,4.0,1.0,0.0,0.0,2.0,0.0,0.0,2.0,2.0,0.0,0.0,0.0,0.0,8.0,0.0,12.0,0.0,0.0,9.0,448.0,0.0,0.0,8.0,1.0,8.0,1.0,18.0,12.0,11.0,1.0,0.0,2.0,1.0,17.0,1.0,0.0,0.0,0.0,0.0,0.0,0.0,0.0,0.0,0.0,0.0,0.0,0.0,0.0,0.0,3.0,0.0,0.0,0.0,0.0,1.0,15.0,0.0,0.0,0.0,0.0,1.0,0.0,15.0,7.0,5.0,1651873529.0,16101594.0,白山市长白朝鲜族自治县,白山市长白朝鲜族自治县马鹿沟镇,20.0,26.0,5.0,20.0,71.0,50.0875,53.59230769230769,46.871929824561406
吉林省,白山市,长白朝鲜族自治县,宝泉山镇,127.4559849,41.513166,0.0,0.0,1.0,1.0,0.0,0.0,0.0,0.0,0.0,0.0,0.0,0.0,0.0,0.0,0.0,0.0,0.0,0.0,0.0,0.0,6.0,0.0,0.0,0.0,0.0,3.0,0.0,0.0,0.0,3.0,0.0,0.0,0.0,3.0,2.0,3.0,0.0,0.0,1.0,1.0,0.0,0.0,0.0,0.0,0.0,0.0,0.0,0.0,0.0,0.0,0.0,0.0,0.0,0.0,0.0,0.0,3.0,0.0,0.0,0.0,0.0,1.0,0.0,0.0,0.0,2.0,0.0,0.0,0.0,1.0,2.0,1.0,6038244065.0,16101600.0,白山市长白朝鲜族自治县,白山市长白朝鲜族自治县宝泉山镇,18.0,7.0,0.0,2.0,27.0,50.0875,53.59230769230769,46.871929824561406
吉林省,白山市,长白朝鲜族自治县,新房子镇,127.3590855,41.5539812,0.0,0.0,0.0,3.0,2.0,0.0,0.0,0.0,0.0,0.0,0.0,0.0,0.0,0.0,0.0,0.0,0.0,0.0,0.0,0.0,8.0,0.0,0.0,0.0,0.0,1.0,0.0,0.0,0.0,0.0,0.0,0.0,0.0,3.0,2.0,3.0,0.0,0.0,0.0,1.0,2.0,0.0,0.0,0.0,0.0,0.0,0.0,0.0,0.0,0.0,0.0,0.0,0.0,0.0,0.0,0.0,4.0,0.0,0.0,0.0,0.0,1.0,0.0,0.0,0.0,0.0,0.0,0.0,0.0,1.0,2.0,2.0,6411192698.0,16101599.0,白山市长白朝鲜族自治县,白山市长白朝鲜族自治县新房子镇,16.0,5.0,0.0,1.5,22.5,50.0875,53.59230769230769,46.871929824561406
吉林省,白山市,长白朝鲜族自治县,十二道沟镇,127.5426831,41.4645465,7.0,2.0,1.0,8.0,29.0,1.0,0.0,0.0,0.0,0.0,0.0,0.0,0.0,0.0,0.0,0.0,0.0,0.0,0.0,0.0,9.0,0.0,1.0,0.0,0.0,3.0,87.0,0.0,0.0,3.0,0.0,0.0,0.0,16.0,7.0,7.0,3.0,2.0,0.0,2.0,22.0,1.0,0.0,0.0,0.0,0.0,0.0,0.0,0.0,0.0,0.0,0.0,0.0,0.0,0.0,0.0,2.0,0.0,0.0,0.0,0.0,2.0,64.0,0.0,0.0,0.0,0.0,0.0,0.0,15.0,5.0,5.0,6028664572.0,16101597.0,白山市长白朝鲜族自治县,白山市长白朝鲜族自治县十二道沟镇,18.0,23.5,0.0,18.9,60.4,50.0875,53.59230769230769,46.871929824561406
吉林省,白山市,长白朝鲜族自治县,金华乡,128.0272279,41.4281701,7.0,0.0,4.0,7.0,11.0,2.0,0.0,0.0,0.0,0.0,0.0,0.0,0.0,0.0,0.0,0.0,0.0,0.0,0.0,0.0,7.0,0.0,4.0,0.0,0.0,9.0,4.0,0.0,2.0,5.0,0.0,2.0,0.0,17.0,7.0,12.0,3.0,0.0,1.0,0.0,2.0,1.0,0.0,0.0,0.0,0.0,0.0,0.0,0.0,0.0,0.0,0.0,0.0,0.0,0.0,0.0,1.0,0.0,1.0,0.0,0.0,1.0,2.0,0.0,2.0,0.0,0.0,2.0,0.0,14.0,4.0,7.0,340276178.0,16101595.0,白山市长白朝鲜族自治县,白山市长白朝鲜族自治县金华乡,20.0,16.3,0.0,5.1,41.4,50.0875,53.59230769230769,46.871929824561406
吉林省,白山市,临江市,建国街道,126.910974,41.8028018,28.0,21.0,8.0,10.0,181.0,47.0,0.0,46.0,3.0,5.0,3.0,4.0,2.0,2.0,6.0,8.0,3.0,0.0,1.0,6.0,52.0,1.0,9.0,0.0,0.0,10.0,489.0,0.0,63.0,4.0,6.0,14.0,9.0,21.0,13.0,15.0,13.0,15.0,5.0,9.0,58.0,33.0,0.0,44.0,1.0,5.0,0.0,4.0,2.0,2.0,5.0,7.0,2.0,0.0,1.0,6.0,33.0,0.0,0.0,0.0,0.0,3.0,280.0,0.0,56.0,1.0,6.0,12.0,8.0,18.0,11.0,9.0,6411851788.0,9494487.0,白山市临江市,白山市临江市建国街道,20.0,30.0,28.0,20.0,98.0,61.138461538461534,53.59230769230769,46.871929824561406
吉林省,白山市,临江市,新市街道,126.8969258,41.800029,28.0,21.0,8.0,9.0,186.0,48.0,0.0,46.0,3.0,5.0,1.0,4.0,2.0,2.0,6.0,8.0,3.0,0.0,1.0,6.0,48.0,0.0,8.0,0.0,0.0,9.0,649.0,0.0,63.0,4.0,6.0,15.0,9.0,19.0,13.0,14.0,14.0,15.0,5.0,8.0,34.0,22.0,0.0,2.0,2.0,3.0,0.0,1.0,1.0,1.0,3.0,4.0,2.0,0.0,0.0,2.0,18.0,0.0,6.0,0.0,0.0,3.0,87.0,0.0,25.0,2.0,3.0,4.0,3.0,17.0,8.0,7.0,6411851792.0,9494490.0,白山市临江市,白山市临江市新市街道,20.0,30.0,22.0,20.0,92.0,61.138461538461534,53.59230769230769,46.871929824561406
吉林省,白山市,临江市,兴隆街道,126.9196553,41.8121321,26.0,20.0,9.0,12.0,191.0,48.0,0.0,48.0,3.0,5.0,3.0,4.0,2.0,2.0,7.0,9.0,2.0,0.0,1.0,6.0,57.0,1.0,10.0,0.0,0.0,11.0,420.0,0.0,63.0,6.0,6.0,14.0,10.0,21.0,12.0,14.0,11.0,4.0,2.0,2.0,68.0,14.0,0.0,45.0,1.0,2.0,1.0,1.0,1.0,1.0,3.0,4.0,0.0,0.0,0.0,4.0,14.0,0.0,1.0,0.0,0.0,3.0,95.0,0.0,12.0,1.0,2.0,9.0,5.0,16.0,12.0,11.0,6411851791.0,9494489.0,白山市临江市,白山市临江市兴隆街道,20.0,30.0,19.0,20.0,89.0,61.138461538461534,53.59230769230769,46.871929824561406
吉林省,白山市,临江市,大湖街道,127.0069608,41.7945532,0.0,0.0,3.0,2.0,42.0,7.0,0.0,3.0,0.0,0.0,0.0,0.0,0.0,0.0,0.0,0.0,0.0,0.0,0.0,0.0,9.0,0.0,3.0,0.0,0.0,2.0,39.0,0.0,0.0,1.0,0.0,1.0,0.0,4.0,7.0,6.0,0.0,0.0,1.0,0.0,8.0,0.0,0.0,0.0,0.0,0.0,0.0,0.0,0.0,0.0,0.0,0.0,0.0,0.0,0.0,0.0,2.0,0.0,1.0,0.0,0.0,2.0,0.0,0.0,0.0,0.0,0.0,1.0,0.0,1.0,3.0,5.0,6028642043.0,9494485.0,白山市临江市,白山市临江市大湖街道,17.0,21.3,0.0,7.0,45.3,61.138461538461534,53.59230769230769,46.871929824561406
吉林省,白山市,临江市,森工街道,126.9402538,41.826009,12.0,4.0,4.0,7.0,108.0,18.0,0.0,22.0,1.0,2.0,3.0,1.0,0.0,0.0,2.0,2.0,0.0,0.0,0.0,3.0,18.0,1.0,9.0,0.0,1.0,6.0,69.0,0.0,9.0,5.0,2.0,9.0,1.0,18.0,11.0,12.0,1.0,0.0,0.0,0.0,20.0,1.0,0.0,2.0,0.0,0.0,0.0,0.0,0.0,0.0,1.0,1.0,0.0,0.0,0.0,0.0,5.0,1.0,2.0,0.0,0.0,1.0,0.0,0.0,0.0,3.0,0.0,0.0,1.0,2.0,5.0,5.0,6411851790.0,9494488.0,白山市临江市,白山市临江市森工街道,20.0,30.0,10.0,11.7,71.7,61.138461538461534,53.59230769230769,46.871929824561406
吉林省,白山市,临江市,大栗子街道,126.8316867,41.7299215,3.0,6.0,1.0,5.0,107.0,48.0,0.0,3.0,0.0,0.0,1.0,1.0,0.0,0.0,1.0,1.0,0.0,0.0,0.0,0.0,13.0,0.0,10.0,0.0,3.0,3.0,728.0,0.0,0.0,6.0,1.0,0.0,3.0,15.0,9.0,13.0,1.0,1.0,0.0,4.0,31.0,2.0,0.0,1.0,0.0,0.0,0.0,0.0,0.0,0.0,1.0,1.0,0.0,0.0,0.0,0.0,2.0,0.0,2.0,0.0,3.0,1.0,0.0,0.0,0.0,1.0,1.0,0.0,1.0,14.0,7.0,7.0,2340232919.0,9494486.0,白山市临江市,白山市临江市大栗子街道,18.0,26.0,10.0,20.0,74.0,61.138461538461534,53.59230769230769,46.871929824561406
吉林省,白山市,临江市,桦树镇,127.2165784,41.9804185,5.0,0.0,1.0,3.0,16.0,1.0,0.0,4.0,0.0,0.0,0.0,1.0,1.0,1.0,1.0,1.0,0.0,0.0,0.0,0.0,1.0,0.0,1.0,0.0,0.0,1.0,12.0,0.0,9.0,1.0,0.0,0.0,0.0,1.0,7.0,4.0,1.0,0.0,0.0,1.0,10.0,0.0,0.0,1.0,0.0,0.0,0.0,1.0,0.0,0.0,0.0,0.0,0.0,0.0,0.0,0.0,0.0,0.0,0.0,0.0,0.0,1.0,2.0,0.0,0.0,0.0,0.0,0.0,0.0,1.0,5.0,1.0,2487527730.0,16235756.0,白山市临江市,白山市临江市桦树镇,16.0,17.7,5.0,3.5,42.2,61.138461538461534,53.59230769230769,46.871929824561406
吉林省,白山市,临江市,六道沟镇,127.187963,41.6014613,11.0,0.0,6.0,8.0,37.0,2.0,0.0,3.0,1.0,0.0,1.0,2.0,2.0,2.0,0.0,0.0,1.0,0.0,0.0,0.0,6.0,0.0,1.0,0.0,0.0,5.0,20.0,0.0,0.0,2.0,0.0,0.0,0.0,14.0,8.0,6.0,0.0,0.0,3.0,4.0,36.0,1.0,0.0,3.0,1.0,0.0,0.0,2.0,2.0,2.0,0.0,0.0,1.0,0.0,0.0,0.0,2.0,0.0,1.0,0.0,0.0,2.0,14.0,0.0,0.0,2.0,0.0,0.0,0.0,1.0,6.0,4.0,6028647423.0,16235753.0,白山市临江市,白山市临江市六道沟镇,20.0,28.0,15.0,6.800000000000001,69.8,61.138461538461534,53.59230769230769,46.871929824561406
吉林省,白山市,临江市,苇沙河镇,126.7466521,41.7365799,1.0,0.0,0.0,6.0,48.0,5.0,0.0,0.0,0.0,0.0,0.0,0.0,0.0,0.0,0.0,0.0,0.0,0.0,0.0,0.0,9.0,0.0,0.0,0.0,0.0,2.0,54.0,0.0,0.0,3.0,0.0,0.0,0.0,16.0,6.0,6.0,1.0,0.0,0.0,1.0,35.0,1.0,0.0,0.0,0.0,0.0,0.0,0.0,0.0,0.0,0.0,0.0,0.0,0.0,0.0,0.0,1.0,0.0,0.0,0.0,0.0,1.0,12.0,0.0,0.0,0.0,0.0,0.0,0.0,15.0,5.0,4.0,3029782514.0,9494436.0,白山市临江市,白山市临江市苇沙河镇,17.0,23.0,0.0,9.9,49.9,61.138461538461534,53.59230769230769,46.871929824561406
吉林省,白山市,临江市,花山镇,126.8655036,41.8810525,10.0,0.0,0.0,0.0,45.0,0.0,0.0,0.0,0.0,0.0,0.0,0.0,0.0,0.0,0.0,0.0,0.0,0.0,0.0,0.0,7.0,0.0,5.0,0.0,0.0,2.0,0.0,0.0,0.0,1.0,0.0,1.0,0.0,4.0,3.0,5.0,4.0,0.0,0.0,0.0,33.0,0.0,0.0,0.0,0.0,0.0,0.0,0.0,0.0,0.0,0.0,0.0,0.0,0.0,0.0,0.0,4.0,0.0,4.0,0.0,0.0,1.0,0.0,0.0,0.0,1.0,0.0,1.0,0.0,3.0,3.0,4.0,2487527725.0,16235758.0,白山市临江市,白山市临江市花山镇,17.0,21.5,0.0,2.7,41.2,61.138461538461534,53.59230769230769,46.871929824561406
吉林省,白山市,临江市,闹枝镇,127.024344,41.926177,2.0,0.0,0.0,3.0,0.0,0.0,0.0,0.0,0.0,0.0,0.0,0.0,0.0,0.0,0.0,0.0,0.0,0.0,0.0,0.0,1.0,0.0,0.0,0.0,0.0,1.0,1.0,0.0,0.0,0.0,0.0,0.0,0.0,1.0,2.0,3.0,1.0,0.0,0.0,2.0,0.0,0.0,0.0,0.0,0.0,0.0,0.0,0.0,0.0,0.0,0.0,0.0,0.0,0.0,0.0,0.0,0.0,0.0,0.0,0.0,0.0,1.0,0.0,0.0,0.0,0.0,0.0,0.0,0.0,1.0,2.0,0.0,2487527734.0,16235757.0,白山市临江市,白山市临江市闹枝镇,16.0,9.0,0.0,1.6,26.6,61.138461538461534,53.59230769230769,46.871929824561406
吉林省,白山市,临江市,四道沟镇,127.0503044,41.7451084,5.0,0.0,11.0,7.0,23.0,4.0,0.0,0.0,0.0,0.0,1.0,2.0,0.0,0.0,1.0,1.0,1.0,0.0,0.0,0.0,4.0,0.0,2.0,0.0,0.0,6.0,3.0,0.0,0.0,3.0,0.0,0.0,0.0,15.0,7.0,7.0,3.0,0.0,7.0,4.0,13.0,0.0,0.0,0.0,0.0,0.0,1.0,2.0,0.0,0.0,1.0,1.0,1.0,0.0,0.0,0.0,0.0,0.0,2.0,0.0,0.0,1.0,3.0,0.0,0.0,1.0,0.0,0.0,0.0,14.0,6.0,5.0,6028642044.0,16235754.0,白山市临江市,白山市临江市四道沟镇,20.0,24.0,15.0,4.5,63.5,61.138461538461534,53.59230769230769,46.871929824561406
吉林省,白山市,临江市,蚂蚁河乡,127.1141226,41.8134093,0.0,0.0,8.0,3.0,7.0,0.0,0.0,0.0,0.0,0.0,0.0,0.0,0.0,0.0,0.0,0.0,0.0,0.0,0.0,0.0,2.0,0.0,0.0,0.0,0.0,2.0,0.0,0.0,0.0,1.0,0.0,0.0,0.0,3.0,4.0,3.0,0.0,0.0,3.0,3.0,5.0,0.0,0.0,0.0,0.0,0.0,0.0,0.0,0.0,0.0,0.0,0.0,0.0,0.0,0.0,0.0,1.0,0.0,0.0,0.0,0.0,2.0,0.0,0.0,0.0,1.0,0.0,0.0,0.0,2.0,4.0,3.0,6040615069.0,16235755.0,白山市临江市,白山市临江市蚂蚁河乡,17.0,12.9,0.0,1.7,31.599999999999998,61.138461538461534,53.59230769230769,46.871929824561406
吉林省,松原市,宁江区,团结街道,124.800314,45.1746509,15.0,22.0,15.0,12.0,69.0,0.0,0.0,0.0,0.0,0.0,0.0,0.0,0.0,0.0,0.0,0.0,0.0,0.0,0.0,0.0,2.0,0.0,0.0,0.0,0.0,9.0,3.0,0.0,0.0,0.0,0.0,4.0,0.0,15.0,10.0,5.0,3.0,12.0,0.0,3.0,17.0,0.0,0.0,0.0,0.0,0.0,0.0,0.0,0.0,0.0,0.0,0.0,0.0,0.0,0.0,0.0,1.0,0.0,0.0,0.0,0.0,1.0,0.0,0.0,0.0,0.0,0.0,2.0,0.0,6.0,6.0,5.0,6437742588.0,9529220.0,松原市宁江区,松原市宁江区团结街道,20.0,24.0,0.0,2.8,46.8,48.834782608695654,33.78623853211009,46.871929824561406
吉林省,松原市,宁江区,文化街道,124.8246421,45.1726528,17.0,25.0,13.0,13.0,96.0,0.0,0.0,0.0,0.0,0.0,0.0,0.0,0.0,0.0,0.0,0.0,0.0,0.0,0.0,0.0,3.0,0.0,1.0,0.0,0.0,10.0,0.0,0.0,0.0,0.0,0.0,9.0,0.0,15.0,11.0,6.0,7.0,4.0,8.0,4.0,26.0,0.0,0.0,0.0,0.0,0.0,0.0,0.0,0.0,0.0,0.0,0.0,0.0,0.0,0.0,0.0,1.0,0.0,0.0,0.0,0.0,3.0,0.0,0.0,0.0,0.0,0.0,1.0,0.0,7.0,6.0,3.0,6437742589.0,9529221.0,松原市宁江区,松原市宁江区文化街道,20.0,24.0,0.0,3.0,47.0,48.834782608695654,33.78623853211009,46.871929824561406
吉林省,松原市,宁江区,民主街道,124.8361002,45.1800526,15.0,22.0,11.0,14.0,112.0,1.0,0.0,0.0,0.0,0.0,0.0,0.0,0.0,0.0,0.0,0.0,0.0,0.0,0.0,0.0,2.0,0.0,2.0,0.0,0.0,10.0,0.0,0.0,0.0,0.0,0.0,7.0,0.0,15.0,9.0,6.0,2.0,6.0,2.0,1.0,14.0,0.0,0.0,0.0,0.0,0.0,0.0,0.0,0.0,0.0,0.0,0.0,0.0,0.0,0.0,0.0,1.0,0.0,1.0,0.0,0.0,1.0,0.0,0.0,0.0,0.0,0.0,0.0,0.0,4.0,5.0,2.0,6437742585.0,9529217.0,松原市宁江区,松原市宁江区民主街道,20.0,24.0,0.0,3.0,47.0,48.834782608695654,33.78623853211009,46.871929824561406
吉林省,松原市,宁江区,临江街道,124.8258955,45.1644236,20.0,26.0,19.0,16.0,100.0,0.0,0.0,0.0,0.0,0.0,0.0,2.0,0.0,0.0,1.0,1.0,0.0,0.0,0.0,0.0,2.0,0.0,1.0,0.0,0.0,10.0,7.0,0.0,0.0,0.0,0.0,14.0,1.0,16.0,11.0,7.0,6.0,0.0,4.0,3.0,10.0,0.0,0.0,0.0,0.0,0.0,0.0,0.0,0.0,0.0,0.0,0.0,0.0,0.0,0.0,0.0,1.0,0.0,0.0,0.0,0.0,2.0,0.0,0.0,0.0,0.0,0.0,1.0,0.0,4.0,5.0,4.0,6437741884.0,15875629.0,松原市宁江区,松原市宁江区临江街道,20.0,24.0,5.0,4.2,53.2,48.834782608695654,33.78623853211009,46.871929824561406
吉林省,松原市,宁江区,新区街道,124.853709,45.1631803,9.0,13.0,12.0,14.0,68.0,2.0,0.0,0.0,0.0,0.0,1.0,0.0,0.0,0.0,0.0,0.0,0.0,0.0,0.0,0.0,3.0,0.0,1.0,0.0,0.0,6.0,0.0,0.0,0.0,2.0,0.0,7.0,0.0,10.0,13.0,6.0,3.0,6.0,3.0,3.0,6.0,0.0,0.0,0.0,0.0,0.0,0.0,0.0,0.0,0.0,0.0,0.0,0.0,0.0,0.0,0.0,1.0,0.0,0.0,0.0,0.0,1.0,0.0,0.0,0.0,0.0,0.0,5.0,0.0,4.0,7.0,4.0,6437742590.0,9529224.0,松原市宁江区,松原市宁江区新区街道,20.0,26.0,0.0,3.2,49.2,48.834782608695654,33.78623853211009,46.871929824561406
吉林省,松原市,宁江区,前进街道,124.8031069,45.1889017,11.0,25.0,8.0,10.0,66.0,0.0,0.0,0.0,0.0,0.0,0.0,0.0,0.0,0.0,0.0,0.0,0.0,0.0,0.0,0.0,3.0,0.0,0.0,0.0,0.0,7.0,0.0,0.0,0.0,0.0,0.0,3.0,0.0,14.0,8.0,5.0,0.0,8.0,1.0,2.0,18.0,0.0,0.0,0.0,0.0,0.0,0.0,0.0,0.0,0.0,0.0,0.0,0.0,0.0,0.0,0.0,1.0,0.0,0.0,0.0,0.0,1.0,0.0,0.0,0.0,0.0,0.0,0.0,0.0,5.0,6.0,1.0,6437742586.0,9529218.0,松原市宁江区,松原市宁江区前进街道,20.0,24.0,0.0,2.5,46.5,48.834782608695654,33.78623853211009,46.871929824561406
吉林省,松原市,宁江区,和平街道,124.8166563,45.1880538,14.0,25.0,9.0,12.0,88.0,0.0,0.0,0.0,0.0,0.0,0.0,0.0,0.0,0.0,0.0,0.0,0.0,0.0,0.0,0.0,3.0,0.0,1.0,0.0,0.0,9.0,0.0,0.0,0.0,0.0,0.0,3.0,0.0,15.0,10.0,6.0,0.0,5.0,2.0,3.0,10.0,0.0,0.0,0.0,0.0,0.0,0.0,0.0,0.0,0.0,0.0,0.0,0.0,0.0,0.0,0.0,1.0,0.0,0.0,0.0,0.0,2.0,0.0,0.0,0.0,0.0,0.0,0.0,0.0,5.0,5.0,1.0,6437741881.0,9529213.0,松原市宁江区,松原市宁江区和平街道,20.0,24.0,0.0,3.0,47.0,48.834782608695654,33.78623853211009,46.871929824561406
吉林省,松原市,宁江区,工农街道,124.7978627,45.22221,0.0,1.0,2.0,6.0,13.0,0.0,0.0,0.0,0.0,0.0,0.0,0.0,0.0,0.0,0.0,0.0,0.0,0.0,0.0,0.0,4.0,0.0,0.0,0.0,0.0,2.0,2.0,0.0,0.0,0.0,0.0,0.0,0.0,4.0,6.0,1.0,0.0,0.0,0.0,3.0,7.0,0.0,0.0,0.0,0.0,0.0,0.0,0.0,0.0,0.0,0.0,0.0,0.0,0.0,0.0,0.0,1.0,0.0,0.0,0.0,0.0,2.0,0.0,0.0,0.0,0.0,0.0,0.0,0.0,2.0,3.0,1.0,6437741880.0,9529212.0,松原市宁江区,松原市宁江区工农街道,17.0,17.7,0.0,0.7,35.400000000000006,48.834782608695654,33.78623853211009,46.871929824561406
吉林省,松原市,宁江区,沿江街道,124.8296796,45.1311291,7.0,16.0,28.0,16.0,155.0,0.0,0.0,5.0,0.0,0.0,1.0,4.0,0.0,0.0,8.0,10.0,0.0,0.0,0.0,4.0,2.0,0.0,0.0,0.0,0.0,13.0,85.0,0.0,0.0,0.0,5.0,20.0,4.0,16.0,12.0,5.0,0.0,4.0,2.0,3.0,28.0,0.0,0.0,0.0,0.0,0.0,0.0,0.0,0.0,0.0,1.0,2.0,0.0,0.0,0.0,1.0,0.0,0.0,0.0,0.0,0.0,1.0,7.0,0.0,0.0,0.0,1.0,4.0,0.0,3.0,5.0,1.0,6437742591.0,9529225.0,松原市宁江区,松原市宁江区沿江街道,20.0,26.0,11.0,11.700000000000001,68.7,48.834782608695654,33.78623853211009,46.871929824561406
吉林省,松原市,宁江区,铁西街道,124.794183,45.1128908,12.0,17.0,31.0,16.0,167.0,2.0,0.0,10.0,4.0,0.0,0.0,2.0,0.0,0.0,7.0,8.0,0.0,0.0,0.0,0.0,2.0,0.0,2.0,0.0,0.0,6.0,421.0,0.0,0.0,8.0,4.0,13.0,1.0,13.0,14.0,6.0,5.0,7.0,9.0,2.0,16.0,0.0,0.0,0.0,0.0,0.0,0.0,0.0,0.0,0.0,1.0,1.0,0.0,0.0,0.0,0.0,1.0,0.0,0.0,0.0,0.0,1.0,0.0,0.0,0.0,0.0,0.0,2.0,0.0,6.0,7.0,2.0,6437742587.0,9529219.0,松原市宁江区,松原市宁江区铁西街道,20.0,26.0,10.0,19.0,75.0,48.834782608695654,33.78623853211009,46.871929824561406
吉林省,松原市,宁江区,繁荣街道,124.8115251,45.1212783,16.0,23.0,34.0,19.0,174.0,2.0,0.0,10.0,4.0,0.0,0.0,4.0,0.0,0.0,8.0,10.0,0.0,0.0,0.0,4.0,2.0,0.0,2.0,0.0,0.0,12.0,365.0,0.0,0.0,1.0,5.0,20.0,4.0,14.0,14.0,6.0,0.0,8.0,7.0,6.0,28.0,0.0,0.0,0.0,0.0,0.0,0.0,2.0,0.0,0.0,4.0,5.0,0.0,0.0,0.0,0.0,0.0,0.0,0.0,0.0,0.0,2.0,14.0,0.0,0.0,0.0,4.0,8.0,1.0,8.0,6.0,2.0,6437741879.0,9529211.0,松原市宁江区,松原市宁江区繁荣街道,20.0,26.0,10.0,19.0,75.0,48.834782608695654,33.78623853211009,46.871929824561406
吉林省,松原市,宁江区,建设街道,124.8172701,45.1077827,15.0,14.0,28.0,16.0,146.0,2.0,0.0,10.0,4.0,0.0,1.0,2.0,0.0,0.0,7.0,8.0,0.0,0.0,0.0,3.0,3.0,0.0,2.0,0.0,0.0,14.0,49.0,0.0,0.0,9.0,4.0,11.0,3.0,14.0,16.0,6.0,0.0,3.0,17.0,3.0,23.0,0.0,0.0,10.0,4.0,0.0,0.0,1.0,0.0,0.0,1.0,1.0,0.0,0.0,0.0,0.0,1.0,0.0,1.0,0.0,0.0,3.0,4.0,0.0,0.0,0.0,0.0,2.0,0.0,10.0,9.0,3.0,6437741882.0,9529214.0,松原市宁江区,松原市宁江区建设街道,20.0,28.0,10.0,9.2,67.2,48.834782608695654,33.78623853211009,46.871929824561406
吉林省,松原市,宁江区,石化街道,124.8538488,45.090633,8.0,3.0,1.0,32.0,68.0,2.0,0.0,75.0,0.0,2.0,1.0,0.0,0.0,0.0,2.0,2.0,0.0,0.0,0.0,3.0,3.0,0.0,5.0,0.0,0.0,8.0,2.0,0.0,0.0,9.0,0.0,2.0,3.0,9.0,15.0,6.0,3.0,2.0,0.0,4.0,22.0,0.0,0.0,33.0,0.0,2.0,0.0,0.0,0.0,0.0,0.0,0.0,0.0,0.0,0.0,0.0,1.0,0.0,2.0,0.0,0.0,1.0,1.0,0.0,0.0,0.0,0.0,1.0,0.0,6.0,10.0,4.0,6436869950.0,9526981.0,松原市宁江区,松原市宁江区石化街道,20.0,28.0,0.0,4.2,52.2,48.834782608695654,33.78623853211009,46.871929824561406
吉林省,松原市,宁江区,伯都讷街道,124.8399298,45.1707021,15.0,21.0,10.0,12.0,96.0,2.0,0.0,0.0,0.0,0.0,0.0,0.0,0.0,0.0,0.0,0.0,0.0,0.0,0.0,0.0,2.0,0.0,1.0,0.0,0.0,7.0,0.0,0.0,0.0,0.0,0.0,8.0,0.0,14.0,9.0,6.0,4.0,4.0,7.0,0.0,14.0,0.0,0.0,0.0,0.0,0.0,0.0,0.0,0.0,0.0,0.0,0.0,0.0,0.0,0.0,0.0,1.0,0.0,0.0,0.0,0.0,1.0,0.0,0.0,0.0,0.0,0.0,0.0,0.0,5.0,6.0,2.0,6437741877.0,9529209.0,松原市宁江区,松原市宁江区伯都讷街道,20.0,24.0,0.0,3.0,47.0,48.834782608695654,33.78623853211009,46.871929824561406
吉林省,松原市,宁江区,长宁街道,124.8197425,45.195944,6.0,22.0,8.0,12.0,99.0,0.0,0.0,0.0,0.0,0.0,0.0,0.0,0.0,0.0,0.0,0.0,0.0,0.0,0.0,0.0,4.0,0.0,3.0,0.0,0.0,7.0,0.0,0.0,0.0,0.0,0.0,2.0,0.0,10.0,8.0,4.0,0.0,0.0,2.0,2.0,6.0,0.0,0.0,0.0,0.0,0.0,0.0,0.0,0.0,0.0,0.0,0.0,0.0,0.0,0.0,0.0,1.0,0.0,0.0,0.0,0.0,2.0,0.0,0.0,0.0,0.0,0.0,0.0,0.0,4.0,4.0,1.0,6437741878.0,9529210.0,松原市宁江区,松原市宁江区长宁街道,20.0,24.0,0.0,2.0,46.0,48.834782608695654,33.78623853211009,46.871929824561406
吉林省,松原市,宁江区,滨江街道,124.8217287,45.1440886,17.0,16.0,22.0,16.0,127.0,0.0,0.0,0.0,0.0,0.0,0.0,3.0,0.0,0.0,5.0,7.0,0.0,0.0,0.0,1.0,2.0,0.0,1.0,0.0,0.0,6.0,146.0,0.0,0.0,2.0,5.0,19.0,2.0,15.0,9.0,7.0,0.0,4.0,4.0,2.0,22.0,0.0,0.0,0.0,0.0,0.0,0.0,2.0,0.0,0.0,1.0,1.0,0.0,0.0,0.0,0.0,1.0,0.0,0.0,0.0,0.0,2.0,7.0,0.0,0.0,0.0,0.0,3.0,0.0,3.0,5.0,3.0,6437741876.0,9529208.0,松原市宁江区,松原市宁江区滨江街道,20.0,24.0,10.0,19.0,73.0,48.834782608695654,33.78623853211009,46.871929824561406
吉林省,松原市,宁江区,镜湖街道,124.799012,45.1266645,12.0,21.0,33.0,17.0,203.0,2.0,0.0,10.0,4.0,0.0,0.0,4.0,0.0,0.0,8.0,10.0,0.0,0.0,0.0,0.0,1.0,0.0,1.0,0.0,0.0,9.0,521.0,0.0,0.0,5.0,5.0,20.0,2.0,14.0,13.0,6.0,2.0,2.0,5.0,3.0,47.0,0.0,0.0,0.0,0.0,0.0,0.0,0.0,0.0,0.0,3.0,3.0,0.0,0.0,0.0,0.0,0.0,0.0,0.0,0.0,0.0,1.0,65.0,0.0,0.0,0.0,2.0,4.0,0.0,6.0,6.0,2.0,6437741883.0,9529215.0,松原市宁江区,松原市宁江区镜湖街道,20.0,26.0,10.0,19.0,75.0,48.834782608695654,33.78623853211009,46.871929824561406
吉林省,松原市,宁江区,大洼镇,124.9237574,45.2821769,1.0,0.0,3.0,3.0,2.0,0.0,0.0,0.0,0.0,0.0,3.0,0.0,0.0,0.0,0.0,0.0,0.0,0.0,0.0,0.0,3.0,0.0,0.0,0.0,0.0,1.0,0.0,0.0,0.0,0.0,0.0,0.0,0.0,2.0,6.0,1.0,1.0,0.0,3.0,1.0,0.0,0.0,0.0,0.0,0.0,0.0,1.0,0.0,0.0,0.0,0.0,0.0,0.0,0.0,0.0,0.0,1.0,0.0,0.0,0.0,0.0,1.0,0.0,0.0,0.0,0.0,0.0,0.0,0.0,2.0,4.0,1.0,2290093704.0,-1.0,松原市宁江区,松原市宁江区大洼镇,8.0,13.4,0.0,0.5,21.9,48.834782608695654,33.78623853211009,46.871929824561406
吉林省,松原市,宁江区,善友镇,124.9448848,45.1608715,1.0,0.0,0.0,4.0,3.0,0.0,0.0,0.0,0.0,0.0,2.0,0.0,0.0,0.0,0.0,0.0,0.0,0.0,0.0,0.0,2.0,0.0,2.0,0.0,0.0,1.0,0.0,0.0,0.0,1.0,0.0,0.0,0.0,3.0,4.0,2.0,1.0,0.0,0.0,1.0,1.0,0.0,0.0,0.0,0.0,0.0,2.0,0.0,0.0,0.0,0.0,0.0,0.0,0.0,0.0,0.0,1.0,0.0,1.0,0.0,0.0,1.0,0.0,0.0,0.0,1.0,0.0,0.0,0.0,1.0,3.0,2.0,6436869948.0,-1.0,松原市宁江区,松原市宁江区善友镇,8.0,13.9,0.0,1.2,23.099999999999998,48.834782608695654,33.78623853211009,46.871929824561406
吉林省,松原市,宁江区,毛都站镇,124.6497818,45.1936694,3.0,0.0,0.0,9.0,46.0,0.0,0.0,0.0,0.0,0.0,0.0,0.0,0.0,0.0,0.0,0.0,0.0,0.0,0.0,0.0,1.0,0.0,0.0,0.0,0.0,1.0,47.0,0.0,0.0,1.0,0.0,1.0,0.0,5.0,5.0,2.0,1.0,0.0,0.0,5.0,4.0,0.0,0.0,0.0,0.0,0.0,0.0,0.0,0.0,0.0,0.0,0.0,0.0,0.0,0.0,0.0,1.0,0.0,0.0,0.0,0.0,1.0,28.0,0.0,0.0,0.0,0.0,1.0,0.0,2.0,4.0,2.0,6436869947.0,9529216.0,松原市宁江区,松原市宁江区毛都站镇,16.0,22.5,0.0,8.600000000000001,47.1,48.834782608695654,33.78623853211009,46.871929824561406
吉林省,松原市,宁江区,哈达山镇,125.1320126,45.0280599,0.0,0.0,1.0,1.0,2.0,0.0,0.0,0.0,0.0,0.0,1.0,0.0,0.0,0.0,0.0,0.0,0.0,0.0,0.0,0.0,5.0,1.0,0.0,0.0,0.0,1.0,0.0,0.0,0.0,0.0,0.0,0.0,0.0,1.0,4.0,3.0,0.0,0.0,1.0,0.0,1.0,0.0,0.0,0.0,0.0,0.0,1.0,0.0,0.0,0.0,0.0,0.0,0.0,0.0,0.0,0.0,1.0,1.0,0.0,0.0,0.0,1.0,0.0,0.0,0.0,0.0,0.0,0.0,0.0,1.0,2.0,2.0,6436869949.0,9526980.0,松原市宁江区,松原市宁江区哈达山镇,16.0,10.7,0.0,1.5,28.2,48.834782608695654,33.78623853211009,46.871929824561406
吉林省,松原市,宁江区,新城乡,124.7946094,45.2187065,0.0,1.0,2.0,6.0,18.0,0.0,0.0,0.0,0.0,0.0,0.0,0.0,0.0,0.0,0.0,0.0,0.0,0.0,0.0,0.0,5.0,0.0,0.0,0.0,0.0,2.0,2.0,0.0,0.0,0.0,0.0,0.0,0.0,4.0,6.0,1.0,0.0,0.0,0.0,3.0,7.0,0.0,0.0,0.0,0.0,0.0,0.0,0.0,0.0,0.0,0.0,0.0,0.0,0.0,0.0,0.0,1.0,0.0,0.0,0.0,0.0,2.0,0.0,0.0,0.0,0.0,0.0,0.0,0.0,2.0,3.0,1.0,6436869951.0,9529222.0,松原市宁江区,松原市宁江区新城乡,17.0,18.7,0.0,0.7,36.400000000000006,48.834782608695654,33.78623853211009,46.871929824561406
吉林省,松原市,宁江区,伯都乡,124.7953429,45.2826095,0.0,0.0,2.0,0.0,4.0,0.0,0.0,0.0,0.0,0.0,0.0,0.0,0.0,0.0,0.0,0.0,0.0,0.0,0.0,0.0,1.0,0.0,0.0,0.0,0.0,1.0,0.0,0.0,0.0,0.0,0.0,0.0,0.0,1.0,2.0,1.0,0.0,0.0,1.0,0.0,0.0,0.0,0.0,0.0,0.0,0.0,0.0,0.0,0.0,0.0,0.0,0.0,0.0,0.0,0.0,0.0,0.0,0.0,0.0,0.0,0.0,1.0,0.0,0.0,0.0,0.0,0.0,0.0,0.0,1.0,1.0,0.0,3250307692.0,-1.0,松原市宁江区,松原市宁江区伯都乡,8.0,6.8,0.0,0.5,15.3,48.834782608695654,33.78623853211009,46.871929824561406
吉林省,松原市,前郭尔罗斯蒙古族自治县,阿穆尔街道,124.8336097,45.1127879,8.0,17.0,28.0,16.0,140.0,2.0,0.0,85.0,4.0,2.0,1.0,2.0,0.0,0.0,8.0,10.0,0.0,0.0,0.0,4.0,2.0,0.0,2.0,0.0,0.0,13.0,41.0,0.0,0.0,9.0,5.0,17.0,4.0,13.0,17.0,6.0,2.0,3.0,4.0,3.0,14.0,0.0,0.0,0.0,0.0,0.0,0.0,0.0,0.0,0.0,3.0,3.0,0.0,0.0,0.0,3.0,1.0,0.0,0.0,0.0,0.0,2.0,0.0,0.0,0.0,0.0,0.0,2.0,2.0,5.0,5.0,3.0,9815329264.0,14249245.0,松原市前郭尔罗斯蒙古族自治县,松原市前郭尔罗斯蒙古族自治县阿穆尔街道,20.0,30.0,13.0,8.0,71.0,30.496,33.78623853211009,46.871929824561406
吉林省,松原市,前郭尔罗斯蒙古族自治县,萨日朗街道,124.8444401,45.1035017,8.0,9.0,20.0,17.0,95.0,2.0,0.0,85.0,4.0,2.0,1.0,1.0,0.0,0.0,3.0,3.0,0.0,0.0,0.0,3.0,2.0,0.0,3.0,0.0,0.0,11.0,12.0,0.0,0.0,9.0,0.0,9.0,4.0,12.0,18.0,6.0,3.0,1.0,1.0,4.0,11.0,2.0,0.0,0.0,0.0,0.0,0.0,0.0,0.0,0.0,0.0,0.0,0.0,0.0,0.0,1.0,2.0,0.0,0.0,0.0,0.0,2.0,0.0,0.0,0.0,1.0,0.0,0.0,1.0,5.0,10.0,3.0,9815329266.0,14249247.0,松原市前郭尔罗斯蒙古族自治县,松原市前郭尔罗斯蒙古族自治县萨日朗街道,20.0,30.0,6.0,5.2,61.2,30.496,33.78623853211009,46.871929824561406
吉林省,松原市,前郭尔罗斯蒙古族自治县,哈达街道,124.8463974,45.1171798,8.0,11.0,20.0,12.0,109.0,2.0,0.0,81.0,3.0,2.0,1.0,2.0,0.0,0.0,7.0,9.0,0.0,0.0,0.0,4.0,2.0,0.0,2.0,0.0,0.0,12.0,30.0,0.0,0.0,3.0,5.0,15.0,4.0,13.0,17.0,7.0,0.0,2.0,1.0,3.0,7.0,0.0,0.0,0.0,0.0,0.0,1.0,0.0,0.0,0.0,1.0,1.0,0.0,0.0,0.0,2.0,2.0,0.0,0.0,0.0,0.0,4.0,0.0,0.0,0.0,0.0,0.0,2.0,1.0,6.0,6.0,3.0,9815329268.0,14249246.0,松原市前郭尔罗斯蒙古族自治县,松原市前郭尔罗斯蒙古族自治县哈达街道,20.0,30.0,12.0,6.800000000000001,68.8,30.496,33.78623853211009,46.871929824561406
吉林省,松原市,前郭尔罗斯蒙古族自治县,前郭尔罗斯镇,124.8506532,45.1119049,8.0,9.0,19.0,14.0,104.0,2.0,0.0,75.0,3.0,2.0,1.0,1.0,0.0,0.0,3.0,4.0,0.0,0.0,0.0,4.0,2.0,0.0,3.0,0.0,0.0,12.0,17.0,0.0,0.0,3.0,1.0,11.0,4.0,12.0,16.0,7.0,0.0,2.0,1.0,4.0,15.0,0.0,0.0,0.0,0.0,0.0,1.0,0.0,0.0,0.0,0.0,0.0,0.0,0.0,0.0,2.0,2.0,0.0,0.0,0.0,0.0,4.0,0.0,0.0,0.0,0.0,0.0,1.0,1.0,5.0,6.0,3.0,9815329270.0,9530035.0,松原市前郭尔罗斯蒙古族自治县,松原市前郭尔罗斯蒙古族自治县前郭尔罗斯镇,20.0,30.0,7.0,5.5,62.5,30.496,33.78623853211009,46.871929824561406
吉林省,松原市,前郭尔罗斯蒙古族自治县,长山镇,124.4748281,45.314117,11.0,0.0,0.0,3.0,20.0,7.0,0.0,2.0,0.0,0.0,1.0,0.0,0.0,0.0,0.0,0.0,0.0,0.0,0.0,0.0,3.0,0.0,3.0,1.0,0.0,3.0,53.0,0.0,0.0,10.0,0.0,1.0,1.0,4.0,7.0,8.0,2.0,0.0,0.0,0.0,12.0,3.0,0.0,0.0,0.0,0.0,0.0,0.0,0.0,0.0,0.0,0.0,0.0,0.0,0.0,0.0,1.0,0.0,2.0,0.0,0.0,1.0,33.0,0.0,0.0,4.0,0.0,1.0,1.0,3.0,4.0,5.0,6438980066.0,-1.0,松原市前郭尔罗斯蒙古族自治县,松原市前郭尔罗斯蒙古族自治县长山镇,10.0,21.1,0.0,14.0,45.1,30.496,33.78623853211009,46.871929824561406
吉林省,松原市,前郭尔罗斯蒙古族自治县,海渤日戈镇,124.540427,44.7994863,2.0,0.0,0.0,2.0,19.0,0.0,0.0,0.0,0.0,0.0,0.0,0.0,0.0,0.0,0.0,0.0,0.0,0.0,0.0,0.0,1.0,0.0,0.0,0.0,0.0,2.0,0.0,0.0,0.0,0.0,0.0,0.0,0.0,1.0,5.0,1.0,1.0,0.0,0.0,2.0,13.0,0.0,0.0,0.0,0.0,0.0,0.0,0.0,0.0,0.0,0.0,0.0,0.0,0.0,0.0,0.0,1.0,0.0,0.0,0.0,0.0,1.0,0.0,0.0,0.0,0.0,0.0,0.0,0.0,1.0,5.0,1.0,2290082935.0,-1.0,松原市前郭尔罗斯蒙古族自治县,松原市前郭尔罗斯蒙古族自治县海渤日戈镇,9.0,17.2,0.0,0.5,26.7,30.496,33.78623853211009,46.871929824561406
吉林省,松原市,前郭尔罗斯蒙古族自治县,乌兰图嘎镇,124.3897083,44.5751707,1.0,0.0,2.0,0.0,0.0,0.0,0.0,0.0,0.0,0.0,0.0,0.0,0.0,0.0,0.0,0.0,0.0,0.0,0.0,0.0,0.0,0.0,0.0,0.0,0.0,1.0,0.0,0.0,0.0,0.0,0.0,0.0,0.0,1.0,2.0,0.0,1.0,0.0,2.0,0.0,0.0,0.0,0.0,0.0,0.0,0.0,0.0,0.0,0.0,0.0,0.0,0.0,0.0,0.0,0.0,0.0,0.0,0.0,0.0,0.0,0.0,1.0,0.0,0.0,0.0,0.0,0.0,0.0,0.0,1.0,2.0,0.0,2290082947.0,-1.0,松原市前郭尔罗斯蒙古族自治县,松原市前郭尔罗斯蒙古族自治县乌兰图嘎镇,8.0,6.0,0.0,0.0,14.0,30.496,33.78623853211009,46.871929824561406
吉林省,松原市,前郭尔罗斯蒙古族自治县,查干花镇,124.0949106,44.599085,3.0,4.0,5.0,2.0,4.0,1.0,0.0,0.0,0.0,0.0,1.0,0.0,0.0,0.0,0.0,0.0,0.0,0.0,0.0,0.0,1.0,0.0,1.0,1.0,0.0,1.0,0.0,0.0,0.0,0.0,0.0,6.0,0.0,1.0,8.0,4.0,1.0,1.0,5.0,2.0,4.0,0.0,0.0,0.0,0.0,0.0,0.0,0.0,0.0,0.0,0.0,0.0,0.0,0.0,0.0,0.0,1.0,0.0,1.0,0.0,0.0,1.0,0.0,0.0,0.0,0.0,0.0,6.0,0.0,1.0,6.0,3.0,5061250704.0,-1.0,松原市前郭尔罗斯蒙古族自治县,松原市前郭尔罗斯蒙古族自治县查干花镇,8.0,15.0,0.0,2.0,25.0,30.496,33.78623853211009,46.871929824561406
吉林省,松原市,前郭尔罗斯蒙古族自治县,王府站镇,125.0068645,44.8712457,2.0,0.0,10.0,2.0,11.0,0.0,0.0,0.0,3.0,0.0,0.0,0.0,0.0,0.0,0.0,0.0,0.0,0.0,0.0,0.0,1.0,0.0,0.0,0.0,0.0,1.0,1.0,0.0,0.0,2.0,0.0,0.0,0.0,3.0,6.0,1.0,0.0,0.0,5.0,1.0,6.0,0.0,0.0,0.0,2.0,0.0,0.0,0.0,0.0,0.0,0.0,0.0,0.0,0.0,0.0,0.0,1.0,0.0,0.0,0.0,0.0,1.0,0.0,0.0,0.0,0.0,0.0,0.0,0.0,2.0,3.0,1.0,3249376375.0,-1.0,松原市前郭尔罗斯蒙古族自治县,松原市前郭尔罗斯蒙古族自治县王府站镇,8.0,16.0,0.0,0.8,24.8,30.496,33.78623853211009,46.871929824561406
吉林省,松原市,前郭尔罗斯蒙古族自治县,八郎镇,124.3916539,45.3756985,2.0,0.0,0.0,5.0,26.0,0.0,0.0,0.0,0.0,0.0,0.0,0.0,0.0,0.0,0.0,0.0,0.0,0.0,0.0,0.0,4.0,0.0,2.0,0.0,0.0,5.0,2.0,0.0,0.0,0.0,0.0,0.0,0.0,3.0,5.0,2.0,2.0,0.0,0.0,1.0,22.0,0.0,0.0,0.0,0.0,0.0,0.0,0.0,0.0,0.0,0.0,0.0,0.0,0.0,0.0,0.0,1.0,0.0,0.0,0.0,0.0,2.0,1.0,0.0,0.0,0.0,0.0,0.0,0.0,1.0,3.0,1.0,6438980065.0,-1.0,松原市前郭尔罗斯蒙古族自治县,松原市前郭尔罗斯蒙古族自治县八郎镇,12.0,22.5,0.0,1.3,35.8,30.496,33.78623853211009,46.871929824561406
吉林省,松原市,前郭尔罗斯蒙古族自治县,哈拉毛都镇,125.1097111,44.885688,0.0,4.0,0.0,0.0,0.0,0.0,0.0,0.0,0.0,0.0,0.0,0.0,0.0,0.0,0.0,0.0,0.0,0.0,0.0,0.0,0.0,0.0,0.0,0.0,0.0,1.0,0.0,0.0,0.0,0.0,0.0,0.0,0.0,1.0,1.0,1.0,0.0,4.0,0.0,0.0,0.0,0.0,0.0,0.0,0.0,0.0,0.0,0.0,0.0,0.0,0.0,0.0,0.0,0.0,0.0,0.0,0.0,0.0,0.0,0.0,0.0,1.0,0.0,0.0,0.0,0.0,0.0,0.0,0.0,1.0,1.0,1.0,6438980067.0,-1.0,松原市前郭尔罗斯蒙古族自治县,松原市前郭尔罗斯蒙古族自治县哈拉毛都镇,8.0,5.5,0.0,0.5,14.0,30.496,33.78623853211009,46.871929824561406
吉林省,松原市,前郭尔罗斯蒙古族自治县,查干湖镇,124.4654515,45.0310129,1.0,0.0,0.0,10.0,51.0,13.0,0.0,3.0,2.0,0.0,3.0,1.0,0.0,0.0,0.0,0.0,0.0,0.0,1.0,0.0,0.0,2.0,6.0,1.0,0.0,1.0,7.0,0.0,0.0,2.0,0.0,0.0,0.0,2.0,9.0,6.0,1.0,0.0,0.0,6.0,51.0,13.0,0.0,3.0,0.0,0.0,2.0,1.0,0.0,0.0,0.0,0.0,0.0,0.0,1.0,0.0,0.0,2.0,3.0,1.0,0.0,1.0,7.0,0.0,0.0,1.0,0.0,0.0,0.0,1.0,7.0,4.0,6438980068.0,-1.0,松原市前郭尔罗斯蒙古族自治县,松原市前郭尔罗斯蒙古族自治县查干湖镇,8.0,28.0,7.0,4.7,47.7,30.496,33.78623853211009,46.871929824561406
吉林省,松原市,前郭尔罗斯蒙古族自治县,宝甸乡,124.592612,44.8950256,1.0,0.0,0.0,1.0,0.0,0.0,0.0,0.0,0.0,0.0,0.0,0.0,0.0,0.0,0.0,0.0,0.0,0.0,0.0,0.0,1.0,0.0,0.0,0.0,0.0,1.0,0.0,0.0,0.0,0.0,0.0,0.0,0.0,1.0,2.0,1.0,1.0,0.0,0.0,1.0,0.0,0.0,0.0,0.0,0.0,0.0,0.0,0.0,0.0,0.0,0.0,0.0,0.0,0.0,0.0,0.0,1.0,0.0,0.0,0.0,0.0,1.0,0.0,0.0,0.0,0.0,0.0,0.0,0.0,1.0,2.0,1.0,2290082949.0,-1.0,松原市前郭尔罗斯蒙古族自治县,松原市前郭尔罗斯蒙古族自治县宝甸乡,8.0,7.0,0.0,0.5,15.5,30.496,33.78623853211009,46.871929824561406
吉林省,松原市,前郭尔罗斯蒙古族自治县,平凤乡,124.5909308,45.3271634,0.0,0.0,4.0,0.0,20.0,0.0,0.0,0.0,0.0,0.0,0.0,0.0,0.0,0.0,0.0,0.0,0.0,0.0,0.0,0.0,8.0,0.0,1.0,0.0,0.0,7.0,22.0,0.0,0.0,0.0,0.0,0.0,0.0,1.0,3.0,2.0,0.0,0.0,2.0,0.0,13.0,0.0,0.0,0.0,0.0,0.0,0.0,0.0,0.0,0.0,0.0,0.0,0.0,0.0,0.0,0.0,1.0,0.0,0.0,0.0,0.0,2.0,20.0,0.0,0.0,0.0,0.0,0.0,0.0,1.0,3.0,1.0,6440138347.0,-1.0,松原市前郭尔罗斯蒙古族自治县,松原市前郭尔罗斯蒙古族自治县平凤乡,12.0,14.4,0.0,5.2,31.599999999999998,30.496,33.78623853211009,46.871929824561406
吉林省,松原市,前郭尔罗斯蒙古族自治县,达里巴乡,124.6474993,45.1346346,1.0,0.0,0.0,4.0,23.0,2.0,0.0,0.0,0.0,0.0,0.0,0.0,0.0,0.0,0.0,0.0,0.0,0.0,0.0,0.0,0.0,0.0,0.0,0.0,0.0,1.0,17.0,0.0,0.0,0.0,0.0,0.0,0.0,7.0,8.0,1.0,0.0,0.0,0.0,1.0,13.0,0.0,0.0,0.0,0.0,0.0,0.0,0.0,0.0,0.0,0.0,0.0,0.0,0.0,0.0,0.0,0.0,0.0,0.0,0.0,0.0,1.0,7.0,0.0,0.0,0.0,0.0,0.0,0.0,1.0,3.0,0.0,6440138344.0,-1.0,松原市前郭尔罗斯蒙古族自治县,松原市前郭尔罗斯蒙古族自治县达里巴乡,8.0,21.5,0.0,2.9000000000000004,32.4,30.496,33.78623853211009,46.871929824561406
吉林省,松原市,前郭尔罗斯蒙古族自治县,吉拉吐乡,124.9442081,45.0521055,5.0,0.0,0.0,0.0,4.0,1.0,0.0,0.0,0.0,0.0,0.0,0.0,0.0,0.0,0.0,0.0,0.0,0.0,0.0,0.0,0.0,0.0,1.0,0.0,0.0,1.0,0.0,0.0,0.0,1.0,0.0,0.0,0.0,7.0,3.0,3.0,2.0,0.0,0.0,0.0,0.0,0.0,0.0,0.0,0.0,0.0,0.0,0.0,0.0,0.0,0.0,0.0,0.0,0.0,0.0,0.0,0.0,0.0,0.0,0.0,0.0,1.0,0.0,0.0,0.0,0.0,0.0,0.0,0.0,1.0,1.0,1.0,3249376385.0,-1.0,松原市前郭尔罗斯蒙古族自治县,松原市前郭尔罗斯蒙古族自治县吉拉吐乡,8.0,7.3,0.0,1.6,16.900000000000002,30.496,33.78623853211009,46.871929824561406
吉林省,松原市,前郭尔罗斯蒙古族自治县,白依拉嘎乡,124.7569839,45.0271071,0.0,0.0,5.0,0.0,9.0,0.0,0.0,0.0,0.0,0.0,0.0,0.0,0.0,0.0,0.0,0.0,0.0,0.0,0.0,0.0,2.0,0.0,0.0,0.0,0.0,1.0,0.0,0.0,0.0,0.0,0.0,0.0,0.0,1.0,3.0,2.0,0.0,0.0,3.0,0.0,9.0,0.0,0.0,0.0,0.0,0.0,0.0,0.0,0.0,0.0,0.0,0.0,0.0,0.0,0.0,0.0,1.0,0.0,0.0,0.0,0.0,1.0,0.0,0.0,0.0,0.0,0.0,0.0,0.0,1.0,3.0,2.0,6440138342.0,-1.0,松原市前郭尔罗斯蒙古族自治县,松原市前郭尔罗斯蒙古族自治县白依拉嘎乡,8.0,11.0,0.0,1.0,20.0,30.496,33.78623853211009,46.871929824561406
吉林省,松原市,前郭尔罗斯蒙古族自治县,洪泉乡,124.8762693,44.7942233,0.0,0.0,1.0,0.0,0.0,0.0,0.0,0.0,0.0,0.0,0.0,0.0,0.0,0.0,0.0,0.0,0.0,0.0,0.0,0.0,0.0,0.0,0.0,0.0,0.0,1.0,0.0,0.0,0.0,0.0,0.0,0.0,0.0,1.0,1.0,0.0,0.0,0.0,1.0,0.0,0.0,0.0,0.0,0.0,0.0,0.0,0.0,0.0,0.0,0.0,0.0,0.0,0.0,0.0,0.0,0.0,0.0,0.0,0.0,0.0,0.0,1.0,0.0,0.0,0.0,0.0,0.0,0.0,0.0,1.0,1.0,0.0,6440138346.0,-1.0,松原市前郭尔罗斯蒙古族自治县,松原市前郭尔罗斯蒙古族自治县洪泉乡,8.0,5.5,0.0,0.0,13.5,30.496,33.78623853211009,46.871929824561406
吉林省,松原市,前郭尔罗斯蒙古族自治县,额如乡,124.8446664,44.8837298,0.0,0.0,1.0,1.0,0.0,0.0,0.0,0.0,0.0,0.0,0.0,0.0,0.0,0.0,0.0,0.0,0.0,0.0,0.0,0.0,1.0,0.0,0.0,0.0,0.0,1.0,0.0,0.0,0.0,0.0,0.0,0.0,0.0,1.0,2.0,1.0,0.0,0.0,1.0,0.0,0.0,0.0,0.0,0.0,0.0,0.0,0.0,0.0,0.0,0.0,0.0,0.0,0.0,0.0,0.0,0.0,1.0,0.0,0.0,0.0,0.0,1.0,0.0,0.0,0.0,0.0,0.0,0.0,0.0,1.0,1.0,1.0,6440138345.0,-1.0,松原市前郭尔罗斯蒙古族自治县,松原市前郭尔罗斯蒙古族自治县额如乡,8.0,7.0,0.0,0.5,15.5,30.496,33.78623853211009,46.871929824561406
吉林省,松原市,前郭尔罗斯蒙古族自治县,套浩太乡,124.7325045,44.9243421,0.0,0.0,7.0,0.0,0.0,0.0,0.0,0.0,0.0,0.0,0.0,0.0,0.0,0.0,0.0,0.0,0.0,0.0,0.0,0.0,0.0,0.0,0.0,0.0,0.0,1.0,0.0,0.0,0.0,0.0,0.0,0.0,0.0,1.0,1.0,1.0,0.0,0.0,4.0,0.0,0.0,0.0,0.0,0.0,0.0,0.0,0.0,0.0,0.0,0.0,0.0,0.0,0.0,0.0,0.0,0.0,0.0,0.0,0.0,0.0,0.0,1.0,0.0,0.0,0.0,0.0,0.0,0.0,0.0,1.0,1.0,0.0,6440138348.0,-1.0,松原市前郭尔罗斯蒙古族自治县,松原市前郭尔罗斯蒙古族自治县套浩太乡,8.0,5.5,0.0,0.5,14.0,30.496,33.78623853211009,46.871929824561406
吉林省,松原市,前郭尔罗斯蒙古族自治县,长龙乡,124.6764973,44.7384774,0.0,0.0,2.0,5.0,35.0,0.0,0.0,0.0,0.0,0.0,0.0,0.0,0.0,0.0,0.0,0.0,0.0,0.0,0.0,0.0,2.0,0.0,0.0,0.0,0.0,1.0,0.0,0.0,0.0,0.0,0.0,0.0,0.0,1.0,4.0,1.0,0.0,0.0,2.0,3.0,23.0,0.0,0.0,0.0,0.0,0.0,0.0,0.0,0.0,0.0,0.0,0.0,0.0,0.0,0.0,0.0,2.0,0.0,0.0,0.0,0.0,1.0,0.0,0.0,0.0,0.0,0.0,0.0,0.0,1.0,3.0,1.0,6440138343.0,-1.0,松原市前郭尔罗斯蒙古族自治县,松原市前郭尔罗斯蒙古族自治县长龙乡,8.0,22.0,0.0,0.5,30.5,30.496,33.78623853211009,46.871929824561406
吉林省,松原市,前郭尔罗斯蒙古族自治县,乌兰塔拉乡,124.4264438,44.6567066,1.0,3.0,0.0,2.0,0.0,0.0,0.0,0.0,0.0,0.0,0.0,0.0,0.0,0.0,0.0,0.0,0.0,0.0,0.0,0.0,0.0,0.0,0.0,0.0,0.0,1.0,0.0,0.0,0.0,0.0,0.0,0.0,0.0,1.0,3.0,0.0,0.0,3.0,0.0,2.0,0.0,0.0,0.0,0.0,0.0,0.0,0.0,0.0,0.0,0.0,0.0,0.0,0.0,0.0,0.0,0.0,0.0,0.0,0.0,0.0,0.0,1.0,0.0,0.0,0.0,0.0,0.0,0.0,0.0,1.0,2.0,0.0,2290082931.0,-1.0,松原市前郭尔罗斯蒙古族自治县,松原市前郭尔罗斯蒙古族自治县乌兰塔拉乡,8.0,8.5,0.0,0.0,16.5,30.496,33.78623853211009,46.871929824561406
吉林省,松原市,前郭尔罗斯蒙古族自治县,东三家子乡,124.1038491,44.4440771,3.0,0.0,0.0,2.0,16.0,0.0,0.0,0.0,0.0,0.0,0.0,0.0,0.0,0.0,0.0,0.0,0.0,0.0,0.0,0.0,1.0,0.0,0.0,0.0,0.0,1.0,0.0,0.0,0.0,0.0,0.0,0.0,0.0,1.0,3.0,1.0,1.0,0.0,0.0,1.0,0.0,0.0,0.0,0.0,0.0,0.0,0.0,0.0,0.0,0.0,0.0,0.0,0.0,0.0,0.0,0.0,0.0,0.0,0.0,0.0,0.0,1.0,0.0,0.0,0.0,0.0,0.0,0.0,0.0,1.0,2.0,0.0,2290082938.0,-1.0,松原市前郭尔罗斯蒙古族自治县,松原市前郭尔罗斯蒙古族自治县东三家子乡,8.0,11.7,0.0,0.5,20.2,30.496,33.78623853211009,46.871929824561406
吉林省,松原市,前郭尔罗斯蒙古族自治县,浩特芒哈乡,124.0896442,44.3737956,1.0,0.0,0.0,0.0,11.0,0.0,0.0,0.0,0.0,0.0,0.0,0.0,0.0,0.0,0.0,0.0,0.0,0.0,0.0,0.0,4.0,0.0,1.0,0.0,0.0,1.0,0.0,0.0,0.0,0.0,0.0,0.0,0.0,2.0,4.0,2.0,1.0,0.0,0.0,0.0,0.0,0.0,0.0,0.0,0.0,0.0,0.0,0.0,0.0,0.0,0.0,0.0,0.0,0.0,0.0,0.0,2.0,0.0,1.0,0.0,0.0,1.0,0.0,0.0,0.0,0.0,0.0,0.0,0.0,1.0,1.0,2.0,2290082944.0,-1.0,松原市前郭尔罗斯蒙古族自治县,松原市前郭尔罗斯蒙古族自治县浩特芒哈乡,8.0,9.2,0.0,1.0,18.2,30.496,33.78623853211009,46.871929824561406
吉林省,松原市,前郭尔罗斯蒙古族自治县,乌兰敖都乡,123.7819411,44.5649913,0.0,2.0,1.0,4.0,1.0,0.0,0.0,0.0,0.0,0.0,0.0,0.0,0.0,0.0,0.0,0.0,0.0,0.0,0.0,0.0,1.0,0.0,0.0,0.0,0.0,1.0,0.0,0.0,0.0,0.0,0.0,1.0,0.0,1.0,5.0,2.0,0.0,2.0,1.0,2.0,1.0,0.0,0.0,0.0,0.0,0.0,0.0,0.0,0.0,0.0,0.0,0.0,0.0,0.0,0.0,0.0,1.0,0.0,0.0,0.0,0.0,1.0,0.0,0.0,0.0,0.0,0.0,1.0,0.0,1.0,5.0,2.0,6440138349.0,-1.0,松原市前郭尔罗斯蒙古族自治县,松原市前郭尔罗斯蒙古族自治县乌兰敖都乡,8.0,12.0,0.0,1.0,21.0,30.496,33.78623853211009,46.871929824561406
吉林省,松原市,长岭县,长盛街道,123.9671852,44.2816216,12.0,7.0,29.0,17.0,88.0,2.0,0.0,24.0,0.0,0.0,1.0,3.0,0.0,0.0,1.0,1.0,0.0,0.0,0.0,0.0,4.0,0.0,0.0,1.0,0.0,4.0,5.0,0.0,0.0,1.0,3.0,10.0,0.0,2.0,11.0,4.0,1.0,5.0,5.0,6.0,23.0,1.0,0.0,0.0,0.0,0.0,0.0,1.0,0.0,0.0,0.0,0.0,0.0,0.0,0.0,0.0,1.0,0.0,0.0,0.0,0.0,1.0,1.0,0.0,0.0,0.0,1.0,0.0,0.0,0.0,6.0,1.0,13049761716.0,-1.0,松原市长岭县,松原市长岭县长盛街道,11.0,26.0,5.0,2.7,44.7,25.78,33.78623853211009,46.871929824561406
吉林省,松原市,长岭县,长治街道,123.9756789,44.2626242,12.0,7.0,27.0,18.0,84.0,2.0,0.0,24.0,0.0,0.0,1.0,3.0,0.0,0.0,1.0,1.0,0.0,0.0,0.0,0.0,1.0,0.0,0.0,1.0,0.0,4.0,5.0,0.0,0.0,1.0,3.0,10.0,0.0,2.0,10.0,4.0,3.0,1.0,2.0,3.0,26.0,0.0,0.0,18.0,0.0,0.0,0.0,2.0,0.0,0.0,0.0,0.0,0.0,0.0,0.0,0.0,1.0,0.0,0.0,0.0,0.0,2.0,2.0,0.0,0.0,0.0,2.0,2.0,0.0,0.0,7.0,3.0,13049761728.0,-1.0,松原市长岭县,松原市长岭县长治街道,11.0,26.0,5.0,2.8,44.8,25.78,33.78623853211009,46.871929824561406
吉林省,松原市,长岭县,长久街道,123.9795828,44.2634971,10.0,7.0,28.0,18.0,90.0,2.0,0.0,24.0,0.0,0.0,0.0,3.0,0.0,0.0,1.0,1.0,0.0,0.0,0.0,0.0,2.0,0.0,0.0,1.0,0.0,4.0,5.0,0.0,0.0,1.0,3.0,10.0,0.0,2.0,10.0,4.0,3.0,1.0,2.0,3.0,23.0,0.0,0.0,1.0,0.0,0.0,0.0,2.0,0.0,0.0,0.0,0.0,0.0,0.0,0.0,0.0,1.0,0.0,0.0,0.0,0.0,3.0,2.0,0.0,0.0,0.0,2.0,1.0,0.0,2.0,6.0,2.0,13049761747.0,-1.0,松原市长岭县,松原市长岭县长久街道,11.0,24.0,5.0,2.8,42.8,25.78,33.78623853211009,46.871929824561406
吉林省,松原市,长岭县,长岭镇,123.9799267,44.2711815,11.0,7.0,28.0,18.0,93.0,2.0,0.0,24.0,0.0,0.0,1.0,3.0,0.0,0.0,1.0,1.0,0.0,0.0,0.0,0.0,2.0,0.0,0.0,1.0,0.0,4.0,5.0,0.0,0.0,1.0,3.0,10.0,0.0,2.0,9.0,4.0,5.0,3.0,6.0,7.0,32.0,0.0,0.0,0.0,0.0,0.0,0.0,1.0,0.0,0.0,0.0,0.0,0.0,0.0,0.0,0.0,1.0,0.0,0.0,0.0,0.0,2.0,1.0,0.0,0.0,0.0,1.0,0.0,0.0,2.0,5.0,1.0,6416739054.0,-1.0,松原市长岭县,松原市长岭县长岭镇,11.0,26.0,5.0,2.7,44.7,25.78,33.78623853211009,46.871929824561406
吉林省,松原市,长岭县,太平川镇,123.1893753,44.4061016,3.0,3.0,0.0,13.0,181.0,46.0,0.0,2.0,1.0,0.0,0.0,0.0,0.0,0.0,6.0,6.0,0.0,0.0,0.0,0.0,1.0,2.0,11.0,0.0,0.0,1.0,94.0,0.0,0.0,0.0,0.0,0.0,0.0,3.0,10.0,6.0,3.0,1.0,0.0,5.0,94.0,22.0,0.0,2.0,0.0,0.0,0.0,0.0,0.0,0.0,4.0,4.0,0.0,0.0,0.0,0.0,1.0,0.0,4.0,0.0,0.0,1.0,68.0,0.0,0.0,0.0,0.0,0.0,0.0,1.0,8.0,3.0,5377255142.0,-1.0,松原市长岭县,松原市长岭县太平川镇,8.0,26.0,5.0,19.0,58.0,25.78,33.78623853211009,46.871929824561406
吉林省,松原市,长岭县,巨宝山镇,124.4686285,44.4597594,0.0,0.0,4.0,0.0,0.0,0.0,0.0,0.0,0.0,0.0,0.0,0.0,0.0,0.0,0.0,0.0,0.0,0.0,0.0,0.0,0.0,0.0,0.0,0.0,0.0,1.0,0.0,0.0,0.0,0.0,0.0,0.0,0.0,1.0,1.0,0.0,0.0,0.0,3.0,0.0,0.0,0.0,0.0,0.0,0.0,0.0,0.0,0.0,0.0,0.0,0.0,0.0,0.0,0.0,0.0,0.0,0.0,0.0,0.0,0.0,0.0,1.0,0.0,0.0,0.0,0.0,0.0,0.0,0.0,1.0,1.0,0.0,6441989250.0,-1.0,松原市长岭县,松原市长岭县巨宝山镇,8.0,5.5,0.0,0.0,13.5,25.78,33.78623853211009,46.871929824561406
吉林省,松原市,长岭县,太平山镇,124.5414475,44.2124207,1.0,0.0,1.0,0.0,34.0,0.0,0.0,0.0,0.0,0.0,0.0,0.0,0.0,0.0,0.0,0.0,0.0,0.0,0.0,0.0,0.0,0.0,0.0,0.0,0.0,1.0,22.0,0.0,0.0,0.0,0.0,0.0,0.0,1.0,7.0,1.0,1.0,0.0,0.0,0.0,5.0,0.0,0.0,0.0,0.0,0.0,0.0,0.0,0.0,0.0,0.0,0.0,0.0,0.0,0.0,0.0,0.0,0.0,0.0,0.0,0.0,1.0,2.0,0.0,0.0,0.0,0.0,0.0,0.0,1.0,3.0,0.0,6441989259.0,-1.0,松原市长岭县,松原市长岭县太平山镇,8.0,16.8,0.0,2.9000000000000004,27.700000000000003,25.78,33.78623853211009,46.871929824561406
吉林省,松原市,长岭县,前七号镇,123.7067788,44.1997146,1.0,0.0,1.0,2.0,14.0,0.0,0.0,0.0,0.0,0.0,0.0,0.0,0.0,0.0,0.0,0.0,0.0,0.0,0.0,0.0,3.0,0.0,0.0,0.0,0.0,1.0,0.0,0.0,0.0,0.0,0.0,0.0,0.0,1.0,4.0,1.0,1.0,0.0,1.0,2.0,12.0,0.0,0.0,0.0,0.0,0.0,0.0,0.0,0.0,0.0,0.0,0.0,0.0,0.0,0.0,0.0,1.0,0.0,0.0,0.0,0.0,1.0,0.0,0.0,0.0,0.0,0.0,0.0,0.0,1.0,4.0,1.0,6441989254.0,-1.0,松原市长岭县,松原市长岭县前七号镇,8.0,15.4,0.0,0.5,23.9,25.78,33.78623853211009,46.871929824561406
吉林省,松原市,长岭县,新安镇,123.8654544,44.0518035,1.0,0.0,3.0,1.0,75.0,6.0,0.0,0.0,0.0,0.0,2.0,0.0,0.0,0.0,0.0,0.0,0.0,0.0,0.0,0.0,0.0,0.0,0.0,0.0,0.0,1.0,0.0,0.0,0.0,0.0,0.0,4.0,0.0,1.0,10.0,1.0,1.0,0.0,3.0,1.0,34.0,0.0,0.0,0.0,0.0,0.0,2.0,0.0,0.0,0.0,0.0,0.0,0.0,0.0,0.0,0.0,0.0,0.0,0.0,0.0,0.0,1.0,0.0,0.0,0.0,0.0,0.0,4.0,0.0,1.0,7.0,1.0,2290072593.0,-1.0,松原市长岭县,松原市长岭县新安镇,8.0,26.0,0.0,0.5,34.5,25.78,33.78623853211009,46.871929824561406
吉林省,松原市,长岭县,三青山镇,124.510609,44.3445697,0.0,0.0,2.0,0.0,4.0,0.0,0.0,0.0,0.0,0.0,0.0,0.0,0.0,0.0,0.0,0.0,0.0,0.0,0.0,0.0,0.0,0.0,0.0,0.0,0.0,1.0,4.0,0.0,0.0,0.0,0.0,0.0,0.0,1.0,3.0,0.0,0.0,0.0,1.0,0.0,2.0,0.0,0.0,0.0,0.0,0.0,0.0,0.0,0.0,0.0,0.0,0.0,0.0,0.0,0.0,0.0,0.0,0.0,0.0,0.0,0.0,1.0,0.0,0.0,0.0,0.0,0.0,0.0,0.0,1.0,3.0,0.0,6441989255.0,-1.0,松原市长岭县,松原市长岭县三青山镇,8.0,7.9,0.0,0.4,16.3,25.78,33.78623853211009,46.871929824561406
吉林省,松原市,长岭县,大兴镇,123.4643791,44.1791737,1.0,0.0,0.0,0.0,0.0,0.0,0.0,0.0,0.0,0.0,0.0,0.0,0.0,0.0,0.0,0.0,0.0,0.0,0.0,0.0,1.0,0.0,0.0,0.0,0.0,1.0,0.0,0.0,0.0,0.0,0.0,0.0,0.0,1.0,1.0,1.0,1.0,0.0,0.0,0.0,0.0,0.0,0.0,0.0,0.0,0.0,0.0,0.0,0.0,0.0,0.0,0.0,0.0,0.0,0.0,0.0,0.0,0.0,0.0,0.0,0.0,1.0,0.0,0.0,0.0,0.0,0.0,0.0,0.0,1.0,1.0,0.0,6441989245.0,-1.0,松原市长岭县,松原市长岭县大兴镇,8.0,5.5,0.0,0.5,14.0,25.78,33.78623853211009,46.871929824561406
吉林省,松原市,长岭县,北正镇,123.4089988,44.4876054,0.0,2.0,1.0,1.0,0.0,0.0,0.0,0.0,0.0,0.0,0.0,0.0,0.0,0.0,0.0,0.0,0.0,0.0,0.0,0.0,0.0,0.0,0.0,0.0,0.0,1.0,0.0,0.0,0.0,0.0,0.0,0.0,0.0,1.0,3.0,0.0,0.0,2.0,1.0,1.0,0.0,0.0,0.0,0.0,0.0,0.0,0.0,0.0,0.0,0.0,0.0,0.0,0.0,0.0,0.0,0.0,0.0,0.0,0.0,0.0,0.0,1.0,0.0,0.0,0.0,0.0,0.0,0.0,0.0,1.0,3.0,0.0,6441989244.0,-1.0,松原市长岭县,松原市长岭县北正镇,8.0,7.5,0.0,0.0,15.5,25.78,33.78623853211009,46.871929824561406
吉林省,松原市,长岭县,流水镇,124.1862612,44.3014579,4.0,0.0,0.0,1.0,59.0,0.0,0.0,0.0,0.0,0.0,0.0,0.0,0.0,0.0,0.0,0.0,0.0,0.0,0.0,0.0,0.0,0.0,0.0,0.0,0.0,1.0,0.0,0.0,0.0,1.0,0.0,0.0,0.0,2.0,7.0,1.0,3.0,0.0,0.0,1.0,37.0,0.0,0.0,0.0,0.0,0.0,0.0,0.0,0.0,0.0,0.0,0.0,0.0,0.0,0.0,0.0,0.0,0.0,0.0,0.0,0.0,1.0,0.0,0.0,0.0,0.0,0.0,0.0,0.0,1.0,6.0,1.0,6441989252.0,-1.0,松原市长岭县,松原市长岭县流水镇,8.0,23.5,0.0,0.6,32.1,25.78,33.78623853211009,46.871929824561406
吉林省,松原市,长岭县,永久镇,124.6395324,44.163114,3.0,0.0,1.0,0.0,26.0,0.0,0.0,0.0,0.0,0.0,0.0,0.0,0.0,0.0,0.0,0.0,0.0,0.0,0.0,0.0,5.0,0.0,0.0,0.0,0.0,3.0,6.0,0.0,0.0,0.0,0.0,0.0,0.0,1.0,5.0,1.0,1.0,0.0,1.0,0.0,2.0,0.0,0.0,0.0,0.0,0.0,0.0,0.0,0.0,0.0,0.0,0.0,0.0,0.0,0.0,0.0,1.0,0.0,0.0,0.0,0.0,1.0,2.0,0.0,0.0,0.0,0.0,0.0,0.0,1.0,3.0,1.0,6441989261.0,-1.0,松原市长岭县,松原市长岭县永久镇,10.0,13.3,0.0,1.3,24.6,25.78,33.78623853211009,46.871929824561406
吉林省,松原市,长岭县,利发盛镇,124.2905414,44.1298746,0.0,0.0,3.0,1.0,1.0,0.0,0.0,0.0,0.0,0.0,0.0,0.0,0.0,0.0,0.0,0.0,0.0,0.0,0.0,0.0,1.0,0.0,0.0,0.0,0.0,1.0,0.0,0.0,0.0,0.0,0.0,0.0,0.0,1.0,3.0,1.0,0.0,0.0,3.0,1.0,1.0,0.0,0.0,0.0,0.0,0.0,0.0,0.0,0.0,0.0,0.0,0.0,0.0,0.0,0.0,0.0,1.0,0.0,0.0,0.0,0.0,1.0,0.0,0.0,0.0,0.0,0.0,0.0,0.0,1.0,3.0,1.0,6441989251.0,-1.0,松原市长岭县,松原市长岭县利发盛镇,8.0,8.0,0.0,0.5,16.5,25.78,33.78623853211009,46.871929824561406
吉林省,松原市,长岭县,集体乡,124.2223262,44.3476494,0.0,0.0,3.0,1.0,0.0,0.0,0.0,0.0,0.0,0.0,0.0,0.0,0.0,0.0,0.0,0.0,0.0,0.0,0.0,0.0,0.0,0.0,0.0,0.0,0.0,1.0,0.0,0.0,0.0,1.0,0.0,0.0,0.0,4.0,2.0,1.0,0.0,0.0,1.0,0.0,0.0,0.0,0.0,0.0,0.0,0.0,0.0,0.0,0.0,0.0,0.0,0.0,0.0,0.0,0.0,0.0,0.0,0.0,0.0,0.0,0.0,1.0,0.0,0.0,0.0,0.0,0.0,0.0,0.0,1.0,1.0,1.0,6441989249.0,-1.0,松原市长岭县,松原市长岭县集体乡,8.0,7.0,0.0,0.6,15.6,25.78,33.78623853211009,46.871929824561406
吉林省,松原市,长岭县,光明乡,124.3471625,44.2682403,3.0,0.0,1.0,0.0,1.0,0.0,0.0,0.0,0.0,0.0,0.0,0.0,0.0,0.0,0.0,0.0,0.0,0.0,0.0,0.0,1.0,0.0,0.0,0.0,0.0,1.0,0.0,0.0,0.0,0.0,0.0,0.0,0.0,1.0,6.0,2.0,1.0,0.0,1.0,0.0,1.0,0.0,0.0,0.0,0.0,0.0,0.0,0.0,0.0,0.0,0.0,0.0,0.0,0.0,0.0,0.0,1.0,0.0,0.0,0.0,0.0,1.0,0.0,0.0,0.0,0.0,0.0,0.0,0.0,1.0,3.0,1.0,6441989247.0,-1.0,松原市长岭县,松原市长岭县光明乡,8.0,8.5,0.0,1.0,17.5,25.78,33.78623853211009,46.871929824561406
吉林省,松原市,长岭县,三县堡乡,124.3815349,44.0631455,0.0,0.0,2.0,3.0,5.0,0.0,0.0,0.0,0.0,0.0,0.0,0.0,0.0,0.0,0.0,0.0,0.0,0.0,0.0,0.0,1.0,0.0,0.0,0.0,0.0,1.0,6.0,0.0,0.0,0.0,0.0,0.0,0.0,1.0,4.0,1.0,0.0,0.0,2.0,3.0,1.0,0.0,0.0,0.0,0.0,0.0,0.0,0.0,0.0,0.0,0.0,0.0,0.0,0.0,0.0,0.0,1.0,0.0,0.0,0.0,0.0,1.0,6.0,0.0,0.0,0.0,0.0,0.0,0.0,1.0,3.0,1.0,6441989258.0,-1.0,松原市长岭县,松原市长岭县三县堡乡,8.0,11.3,0.0,1.7000000000000002,21.0,25.78,33.78623853211009,46.871929824561406
吉林省,松原市,长岭县,海青乡,124.2731749,44.1938771,0.0,0.0,1.0,0.0,0.0,0.0,0.0,0.0,0.0,0.0,0.0,0.0,0.0,0.0,0.0,0.0,0.0,0.0,0.0,0.0,1.0,0.0,0.0,0.0,0.0,1.0,0.0,0.0,0.0,0.0,0.0,0.0,0.0,1.0,1.0,1.0,0.0,0.0,1.0,0.0,0.0,0.0,0.0,0.0,0.0,0.0,0.0,0.0,0.0,0.0,0.0,0.0,0.0,0.0,0.0,0.0,1.0,0.0,0.0,0.0,0.0,1.0,0.0,0.0,0.0,0.0,0.0,0.0,0.0,1.0,1.0,1.0,6441989248.0,-1.0,松原市长岭县,松原市长岭县海青乡,8.0,5.5,0.0,0.5,14.0,25.78,33.78623853211009,46.871929824561406
吉林省,松原市,长岭县,前进乡,124.2697309,44.0334902,0.0,0.0,0.0,3.0,0.0,0.0,0.0,0.0,0.0,0.0,0.0,0.0,0.0,0.0,0.0,0.0,0.0,0.0,0.0,0.0,1.0,0.0,0.0,0.0,0.0,1.0,0.0,0.0,0.0,0.0,0.0,0.0,0.0,1.0,1.0,1.0,0.0,0.0,0.0,1.0,0.0,0.0,0.0,0.0,0.0,0.0,0.0,0.0,0.0,0.0,0.0,0.0,0.0,0.0,0.0,0.0,1.0,0.0,0.0,0.0,0.0,1.0,0.0,0.0,0.0,0.0,0.0,0.0,0.0,1.0,1.0,1.0,6441989253.0,-1.0,松原市长岭县,松原市长岭县前进乡,8.0,3.5,0.0,0.5,12.0,25.78,33.78623853211009,46.871929824561406
吉林省,松原市,长岭县,东岭乡,124.1467234,44.0964689,2.0,0.0,3.0,2.0,5.0,0.0,0.0,0.0,0.0,0.0,0.0,0.0,0.0,0.0,0.0,0.0,0.0,0.0,0.0,0.0,2.0,0.0,0.0,0.0,0.0,1.0,0.0,0.0,0.0,0.0,0.0,0.0,0.0,1.0,4.0,1.0,0.0,0.0,1.0,1.0,0.0,0.0,0.0,0.0,0.0,0.0,0.0,0.0,0.0,0.0,0.0,0.0,0.0,0.0,0.0,0.0,1.0,0.0,0.0,0.0,0.0,1.0,0.0,0.0,0.0,0.0,0.0,0.0,0.0,1.0,2.0,1.0,6441989246.0,-1.0,松原市长岭县,松原市长岭县东岭乡,8.0,10.0,0.0,0.5,18.5,25.78,33.78623853211009,46.871929824561406
吉林省,松原市,长岭县,腰坨子乡,124.0074191,44.0667152,0.0,0.0,1.0,0.0,41.0,2.0,0.0,0.0,0.0,0.0,0.0,0.0,0.0,0.0,0.0,0.0,0.0,0.0,0.0,0.0,1.0,0.0,1.0,0.0,0.0,1.0,8.0,0.0,0.0,1.0,0.0,0.0,0.0,2.0,5.0,2.0,0.0,0.0,1.0,0.0,10.0,0.0,0.0,0.0,0.0,0.0,0.0,0.0,0.0,0.0,0.0,0.0,0.0,0.0,0.0,0.0,1.0,0.0,0.0,0.0,0.0,1.0,0.0,0.0,0.0,1.0,0.0,0.0,0.0,2.0,3.0,1.0,6441989260.0,-1.0,松原市长岭县,松原市长岭县腰坨子乡,8.0,18.700000000000003,0.0,2.0,28.700000000000003,25.78,33.78623853211009,46.871929824561406
吉林省,松原市,长岭县,八十八乡,123.5411534,44.2776131,0.0,1.0,0.0,0.0,0.0,0.0,0.0,0.0,0.0,0.0,0.0,0.0,0.0,0.0,0.0,0.0,0.0,0.0,0.0,0.0,0.0,0.0,0.0,0.0,0.0,1.0,0.0,0.0,0.0,0.0,0.0,0.0,0.0,1.0,3.0,0.0,0.0,1.0,0.0,0.0,0.0,0.0,0.0,0.0,0.0,0.0,0.0,0.0,0.0,0.0,0.0,0.0,0.0,0.0,0.0,0.0,0.0,0.0,0.0,0.0,0.0,1.0,0.0,0.0,0.0,0.0,0.0,0.0,0.0,1.0,1.0,0.0,6441989243.0,-1.0,松原市长岭县,松原市长岭县八十八乡,8.0,6.5,0.0,0.0,14.5,25.78,33.78623853211009,46.871929824561406
吉林省,松原市,长岭县,三团乡,123.6889332,44.4298326,0.0,0.0,1.0,2.0,2.0,0.0,0.0,0.0,0.0,0.0,0.0,0.0,0.0,0.0,0.0,0.0,0.0,0.0,0.0,0.0,3.0,0.0,1.0,0.0,0.0,1.0,2.0,0.0,0.0,0.0,0.0,0.0,0.0,1.0,3.0,3.0,0.0,0.0,1.0,2.0,1.0,0.0,0.0,0.0,0.0,0.0,0.0,0.0,0.0,0.0,0.0,0.0,0.0,0.0,0.0,0.0,1.0,0.0,1.0,0.0,0.0,1.0,2.0,0.0,0.0,0.0,0.0,0.0,0.0,1.0,3.0,2.0,6441989257.0,-1.0,松原市长岭县,松原市长岭县三团乡,8.0,9.2,0.0,1.9,19.099999999999998,25.78,33.78623853211009,46.871929824561406
吉林省,松原市,长岭县,三十号乡,123.3491803,44.6065549,0.0,0.0,2.0,2.0,25.0,0.0,0.0,0.0,0.0,0.0,0.0,0.0,0.0,0.0,0.0,0.0,0.0,0.0,0.0,0.0,3.0,0.0,0.0,0.0,0.0,2.0,32.0,0.0,0.0,0.0,0.0,0.0,0.0,3.0,4.0,1.0,0.0,0.0,2.0,2.0,8.0,0.0,0.0,0.0,0.0,0.0,0.0,0.0,0.0,0.0,0.0,0.0,0.0,0.0,0.0,0.0,1.0,0.0,0.0,0.0,0.0,1.0,9.0,0.0,0.0,0.0,0.0,0.0,0.0,3.0,4.0,1.0,6441989256.0,-1.0,松原市长岭县,松原市长岭县三十号乡,9.0,16.4,0.0,4.6000000000000005,30.0,25.78,33.78623853211009,46.871929824561406
吉林省,松原市,乾安县,荣业街道,124.0295203,44.9988728,11.0,2.0,7.0,33.0,105.0,0.0,0.0,0.0,0.0,0.0,2.0,3.0,0.0,0.0,3.0,3.0,0.0,0.0,0.0,0.0,8.0,0.0,0.0,0.0,0.0,4.0,1.0,0.0,0.0,1.0,3.0,4.0,1.0,5.0,6.0,5.0,5.0,1.0,1.0,11.0,15.0,0.0,0.0,0.0,0.0,0.0,0.0,1.0,0.0,0.0,0.0,0.0,0.0,0.0,0.0,0.0,0.0,0.0,0.0,0.0,0.0,2.0,1.0,0.0,0.0,0.0,1.0,2.0,0.0,3.0,6.0,1.0,13049724227.0,-1.0,松原市乾安县,松原市乾安县荣业街道,11.0,25.0,5.0,2.8,43.8,30.446153846153848,33.78623853211009,46.871929824561406
吉林省,松原市,乾安县,驰誉街道,124.0066631,44.991602,8.0,2.0,7.0,31.0,103.0,1.0,0.0,0.0,0.0,0.0,3.0,3.0,0.0,0.0,3.0,3.0,0.0,0.0,0.0,0.0,8.0,0.0,0.0,0.0,0.0,4.0,1.0,0.0,0.0,0.0,3.0,3.0,0.0,6.0,7.0,4.0,3.0,2.0,3.0,7.0,23.0,0.0,0.0,0.0,0.0,0.0,1.0,1.0,0.0,0.0,0.0,0.0,0.0,0.0,0.0,0.0,2.0,0.0,0.0,0.0,0.0,1.0,0.0,0.0,0.0,0.0,1.0,0.0,0.0,1.0,6.0,1.0,13049724232.0,-1.0,松原市乾安县,松原市乾安县驰誉街道,11.0,25.5,5.0,2.1,43.6,30.446153846153848,33.78623853211009,46.871929824561406
吉林省,松原市,乾安县,如松街道,124.0061224,45.0040033,9.0,2.0,6.0,33.0,103.0,0.0,0.0,0.0,0.0,0.0,3.0,3.0,0.0,0.0,3.0,3.0,0.0,0.0,0.0,0.0,8.0,0.0,0.0,0.0,0.0,4.0,1.0,0.0,0.0,0.0,3.0,3.0,0.0,6.0,6.0,4.0,3.0,2.0,5.0,17.0,77.0,0.0,0.0,0.0,0.0,0.0,0.0,1.0,0.0,0.0,3.0,3.0,0.0,0.0,0.0,0.0,8.0,0.0,0.0,0.0,0.0,1.0,0.0,0.0,0.0,0.0,1.0,1.0,0.0,1.0,6.0,3.0,13049724233.0,-1.0,松原市乾安县,松原市乾安县如松街道,11.0,25.0,10.0,2.1,48.1,30.446153846153848,33.78623853211009,46.871929824561406
吉林省,松原市,乾安县,乾安镇,124.036086,45.000985,9.0,2.0,7.0,31.0,90.0,0.0,0.0,0.0,0.0,0.0,1.0,3.0,0.0,0.0,3.0,3.0,0.0,0.0,0.0,0.0,8.0,0.0,0.0,0.0,0.0,5.0,1.0,0.0,0.0,1.0,3.0,4.0,1.0,5.0,6.0,5.0,1.0,1.0,1.0,10.0,9.0,0.0,0.0,0.0,0.0,0.0,0.0,1.0,0.0,0.0,0.0,0.0,0.0,0.0,0.0,0.0,0.0,0.0,0.0,0.0,0.0,1.0,1.0,0.0,0.0,0.0,1.0,1.0,0.0,1.0,6.0,1.0,-1.0,-1.0,松原市乾安县,松原市乾安县乾安镇,5.0,25.0,5.0,2.8,37.8,30.446153846153848,33.78623853211009,46.871929824561406
吉林省,松原市,乾安县,大布苏镇,123.6409604,44.8636068,4.0,1.0,4.0,4.0,1.0,0.0,0.0,0.0,0.0,0.0,0.0,0.0,0.0,0.0,0.0,0.0,0.0,0.0,0.0,0.0,4.0,0.0,0.0,0.0,0.0,8.0,0.0,0.0,0.0,0.0,0.0,0.0,0.0,3.0,8.0,2.0,3.0,0.0,1.0,1.0,1.0,0.0,0.0,0.0,0.0,0.0,0.0,0.0,0.0,0.0,0.0,0.0,0.0,0.0,0.0,0.0,1.0,0.0,0.0,0.0,0.0,4.0,0.0,0.0,0.0,0.0,0.0,0.0,0.0,2.0,4.0,1.0,1731938254.0,-1.0,松原市乾安县,松原市乾安县大布苏镇,12.0,13.5,0.0,1.0,26.5,30.446153846153848,33.78623853211009,46.871929824561406
吉林省,松原市,乾安县,水字镇,123.877244,45.0929364,3.0,0.0,6.0,5.0,29.0,0.0,0.0,0.0,0.0,0.0,0.0,0.0,0.0,0.0,0.0,0.0,0.0,0.0,0.0,0.0,0.0,0.0,1.0,0.0,0.0,5.0,53.0,0.0,0.0,8.0,0.0,2.0,0.0,4.0,4.0,4.0,1.0,0.0,5.0,3.0,21.0,0.0,0.0,0.0,0.0,0.0,0.0,0.0,0.0,0.0,0.0,0.0,0.0,0.0,0.0,0.0,0.0,0.0,1.0,0.0,0.0,2.0,36.0,0.0,0.0,0.0,0.0,1.0,0.0,3.0,4.0,2.0,5061251802.0,-1.0,松原市乾安县,松原市乾安县水字镇,12.0,22.0,0.0,11.700000000000001,45.7,30.446153846153848,33.78623853211009,46.871929824561406
吉林省,松原市,乾安县,让字镇,124.2617023,45.0287453,2.0,0.0,0.0,1.0,6.0,0.0,0.0,0.0,0.0,0.0,1.0,0.0,0.0,0.0,0.0,0.0,0.0,0.0,0.0,0.0,1.0,0.0,0.0,0.0,0.0,1.0,7.0,0.0,0.0,0.0,0.0,0.0,0.0,1.0,4.0,3.0,1.0,0.0,0.0,1.0,4.0,0.0,0.0,0.0,0.0,0.0,1.0,0.0,0.0,0.0,0.0,0.0,0.0,0.0,0.0,0.0,1.0,0.0,0.0,0.0,0.0,1.0,0.0,0.0,0.0,0.0,0.0,0.0,0.0,1.0,4.0,1.0,6440176508.0,-1.0,松原市乾安县,松原市乾安县让字镇,8.0,12.4,0.0,2.2,22.599999999999998,30.446153846153848,33.78623853211009,46.871929824561406
吉林省,松原市,乾安县,所字镇,123.7576813,44.8043676,0.0,0.0,3.0,2.0,16.0,2.0,0.0,0.0,0.0,0.0,0.0,0.0,0.0,0.0,0.0,0.0,0.0,0.0,0.0,0.0,1.0,0.0,0.0,0.0,0.0,4.0,7.0,0.0,0.0,0.0,0.0,1.0,0.0,1.0,5.0,3.0,0.0,0.0,3.0,2.0,8.0,0.0,0.0,0.0,0.0,0.0,0.0,0.0,0.0,0.0,0.0,0.0,0.0,0.0,0.0,0.0,1.0,0.0,0.0,0.0,0.0,2.0,0.0,0.0,0.0,0.0,0.0,0.0,0.0,1.0,4.0,1.0,6440176511.0,-1.0,松原市乾安县,松原市乾安县所字镇,11.0,15.1,0.0,2.2,28.3,30.446153846153848,33.78623853211009,46.871929824561406
吉林省,松原市,乾安县,安字镇,124.0327477,44.8327435,1.0,0.0,0.0,0.0,1.0,0.0,0.0,0.0,0.0,0.0,0.0,0.0,0.0,0.0,0.0,0.0,0.0,0.0,0.0,0.0,1.0,0.0,0.0,0.0,0.0,1.0,0.0,0.0,0.0,0.0,0.0,0.0,0.0,1.0,2.0,2.0,1.0,0.0,0.0,0.0,1.0,0.0,0.0,0.0,0.0,0.0,0.0,0.0,0.0,0.0,0.0,0.0,0.0,0.0,0.0,0.0,1.0,0.0,0.0,0.0,0.0,1.0,0.0,0.0,0.0,0.0,0.0,0.0,0.0,1.0,2.0,1.0,5061250914.0,-1.0,松原市乾安县,松原市乾安县安字镇,8.0,6.5,0.0,1.0,15.5,30.446153846153848,33.78623853211009,46.871929824561406
吉林省,松原市,乾安县,余字乡,124.0763778,45.1408741,0.0,0.0,1.0,3.0,20.0,0.0,0.0,0.0,0.0,0.0,0.0,0.0,0.0,0.0,0.0,0.0,0.0,0.0,0.0,0.0,1.0,0.0,0.0,0.0,0.0,3.0,0.0,0.0,0.0,0.0,0.0,0.0,0.0,1.0,4.0,3.0,0.0,0.0,1.0,2.0,16.0,0.0,0.0,0.0,0.0,0.0,0.0,0.0,0.0,0.0,0.0,0.0,0.0,0.0,0.0,0.0,0.0,0.0,0.0,0.0,0.0,1.0,0.0,0.0,0.0,0.0,0.0,0.0,0.0,1.0,3.0,2.0,6440176521.0,-1.0,松原市乾安县,松原市乾安县余字乡,10.0,18.8,0.0,1.5,30.3,30.446153846153848,33.78623853211009,46.871929824561406
吉林省,松原市,乾安县,道字乡,123.7993298,44.9175571,1.0,0.0,1.0,3.0,0.0,0.0,0.0,0.0,0.0,0.0,0.0,0.0,0.0,0.0,0.0,0.0,0.0,0.0,0.0,0.0,0.0,0.0,0.0,0.0,0.0,1.0,0.0,0.0,0.0,0.0,0.0,0.0,0.0,2.0,3.0,1.0,1.0,0.0,1.0,1.0,0.0,0.0,0.0,0.0,0.0,0.0,0.0,0.0,0.0,0.0,0.0,0.0,0.0,0.0,0.0,0.0,0.0,0.0,0.0,0.0,0.0,1.0,0.0,0.0,0.0,0.0,0.0,0.0,0.0,1.0,3.0,0.0,6440176487.0,-1.0,松原市乾安县,松原市乾安县道字乡,8.0,9.5,0.0,0.5,18.0,30.446153846153848,33.78623853211009,46.871929824561406
吉林省,松原市,乾安县,严字乡,123.9077118,44.8451584,0.0,0.0,0.0,4.0,8.0,0.0,0.0,0.0,0.0,0.0,0.0,0.0,0.0,0.0,0.0,0.0,0.0,0.0,0.0,0.0,4.0,0.0,0.0,0.0,0.0,1.0,0.0,0.0,0.0,0.0,0.0,1.0,0.0,1.0,2.0,4.0,0.0,0.0,0.0,2.0,2.0,0.0,0.0,0.0,0.0,0.0,0.0,0.0,0.0,0.0,0.0,0.0,0.0,0.0,0.0,0.0,1.0,0.0,0.0,0.0,0.0,1.0,0.0,0.0,0.0,0.0,0.0,1.0,0.0,1.0,2.0,3.0,6440176518.0,-1.0,松原市乾安县,松原市乾安县严字乡,8.0,7.2,0.0,2.0,17.2,30.446153846153848,33.78623853211009,46.871929824561406
吉林省,松原市,乾安县,赞字乡,124.0386057,44.9033037,1.0,0.0,0.0,2.0,2.0,0.0,0.0,0.0,0.0,0.0,0.0,0.0,0.0,0.0,0.0,0.0,0.0,0.0,0.0,0.0,1.0,0.0,0.0,0.0,0.0,1.0,0.0,0.0,0.0,0.0,0.0,0.0,0.0,2.0,4.0,2.0,1.0,0.0,0.0,1.0,0.0,0.0,0.0,0.0,0.0,0.0,0.0,0.0,0.0,0.0,0.0,0.0,0.0,0.0,0.0,0.0,1.0,0.0,0.0,0.0,0.0,1.0,0.0,0.0,0.0,0.0,0.0,0.0,0.0,1.0,2.0,1.0,5061250975.0,-1.0,松原市乾安县,松原市乾安县赞字乡,8.0,9.4,0.0,1.0,18.4,30.446153846153848,33.78623853211009,46.871929824561406
吉林省,松原市,吉林松原经济开发区,兴原乡,124.7745014,45.1579743,9.0,18.0,11.0,13.0,75.0,0.0,0.0,0.0,0.0,0.0,0.0,0.0,0.0,0.0,0.0,0.0,0.0,0.0,0.0,0.0,3.0,0.0,1.0,0.0,0.0,2.0,664.0,0.0,0.0,2.0,0.0,7.0,1.0,7.0,10.0,7.0,0.0,0.0,4.0,5.0,4.0,0.0,0.0,0.0,0.0,0.0,0.0,0.0,0.0,0.0,0.0,0.0,0.0,0.0,0.0,0.0,1.0,0.0,0.0,0.0,0.0,1.0,3.0,0.0,0.0,0.0,0.0,0.0,0.0,1.0,5.0,2.0,6436869952.0,9529223.0,松原市吉林松原经济开发区,松原市吉林松原经济开发区兴原乡,17.0,24.0,0.0,19.5,60.5,60.5,33.78623853211009,46.871929824561406
吉林省,松原市,扶余市,和兴街道,126.051512,44.986687,5.0,0.0,16.0,23.0,95.0,11.0,0.0,55.0,4.0,4.0,0.0,0.0,0.0,0.0,2.0,2.0,1.0,0.0,0.0,0.0,2.0,0.0,5.0,0.0,1.0,2.0,14.0,0.0,2.0,1.0,0.0,13.0,4.0,4.0,13.0,11.0,2.0,0.0,1.0,7.0,32.0,6.0,0.0,6.0,0.0,0.0,0.0,0.0,0.0,0.0,1.0,1.0,1.0,0.0,0.0,0.0,1.0,0.0,0.0,0.0,1.0,1.0,7.0,0.0,2.0,0.0,0.0,6.0,1.0,1.0,7.0,8.0,-1.0,-1.0,松原市扶余市,松原市扶余市和兴街道,2.0,28.0,10.0,6.2,46.2,31.650000000000002,33.78623853211009,46.871929824561406
吉林省,松原市,扶余市,育才街道,126.049534,44.989057,5.0,0.0,16.0,23.0,103.0,11.0,0.0,55.0,4.0,4.0,0.0,0.0,0.0,0.0,2.0,2.0,1.0,0.0,0.0,0.0,3.0,0.0,6.0,0.0,1.0,2.0,14.0,0.0,2.0,1.0,0.0,13.0,4.0,4.0,13.0,11.0,2.0,0.0,1.0,7.0,28.0,2.0,0.0,49.0,0.0,0.0,0.0,0.0,0.0,0.0,1.0,1.0,1.0,0.0,0.0,0.0,1.0,0.0,0.0,0.0,1.0,1.0,7.0,0.0,2.0,0.0,0.0,5.0,2.0,1.0,7.0,7.0,-1.0,-1.0,松原市扶余市,松原市扶余市育才街道,2.0,28.0,10.0,6.2,46.2,31.650000000000002,33.78623853211009,46.871929824561406
吉林省,松原市,扶余市,联盟街道,126.032706,44.979181,5.0,0.0,15.0,25.0,148.0,11.0,0.0,55.0,4.0,4.0,1.0,0.0,0.0,0.0,2.0,2.0,1.0,0.0,0.0,0.0,3.0,0.0,5.0,0.0,1.0,2.0,17.0,0.0,2.0,2.0,0.0,15.0,4.0,4.0,13.0,12.0,1.0,0.0,6.0,12.0,26.0,0.0,0.0,0.0,0.0,0.0,0.0,0.0,0.0,0.0,1.0,1.0,0.0,0.0,0.0,0.0,1.0,0.0,0.0,0.0,0.0,0.0,0.0,0.0,0.0,0.0,0.0,0.0,1.0,0.0,9.0,2.0,-1.0,-1.0,松原市扶余市,松原市扶余市联盟街道,2.0,30.0,5.0,5.9,42.9,31.650000000000002,33.78623853211009,46.871929824561406
吉林省,松原市,扶余市,士英街道,126.048819,44.980105,5.0,0.0,15.0,23.0,106.0,11.0,0.0,55.0,4.0,4.0,0.0,0.0,0.0,0.0,2.0,2.0,1.0,0.0,0.0,0.0,3.0,0.0,4.0,0.0,1.0,2.0,14.0,0.0,2.0,1.0,0.0,15.0,4.0,4.0,13.0,11.0,3.0,0.0,5.0,7.0,25.0,0.0,0.0,0.0,0.0,0.0,0.0,0.0,0.0,0.0,1.0,1.0,0.0,0.0,0.0,0.0,1.0,0.0,0.0,0.0,0.0,1.0,0.0,0.0,0.0,0.0,0.0,1.0,0.0,1.0,7.0,2.0,-1.0,-1.0,松原市扶余市,松原市扶余市士英街道,2.0,28.0,5.0,5.5,40.5,31.650000000000002,33.78623853211009,46.871929824561406
吉林省,松原市,扶余市,铁西街道,124.794183,45.1128908,12.0,17.0,31.0,16.0,167.0,2.0,0.0,10.0,4.0,0.0,0.0,2.0,0.0,0.0,7.0,8.0,0.0,0.0,0.0,0.0,2.0,0.0,2.0,0.0,0.0,6.0,421.0,0.0,0.0,8.0,4.0,13.0,1.0,13.0,14.0,6.0,5.0,7.0,9.0,2.0,16.0,0.0,0.0,0.0,0.0,0.0,0.0,0.0,0.0,0.0,1.0,1.0,0.0,0.0,0.0,0.0,1.0,0.0,0.0,0.0,0.0,1.0,0.0,0.0,0.0,0.0,0.0,2.0,0.0,6.0,7.0,2.0,6437742587.0,9529219.0,松原市扶余市,松原市扶余市铁西街道,20.0,26.0,10.0,19.0,75.0,31.650000000000002,33.78623853211009,46.871929824561406
吉林省,松原市,扶余市,三岔河镇,126.0246876,44.9894124,6.0,0.0,14.0,28.0,127.0,9.0,0.0,55.0,5.0,5.0,1.0,0.0,0.0,0.0,2.0,2.0,1.0,0.0,0.0,0.0,2.0,0.0,6.0,0.0,1.0,2.0,16.0,0.0,2.0,1.0,0.0,8.0,3.0,7.0,18.0,10.0,0.0,0.0,5.0,13.0,34.0,0.0,0.0,4.0,4.0,2.0,0.0,0.0,0.0,0.0,1.0,1.0,0.0,0.0,0.0,0.0,1.0,0.0,4.0,0.0,0.0,1.0,4.0,0.0,0.0,0.0,0.0,1.0,0.0,3.0,7.0,4.0,6416740357.0,-1.0,松原市扶余市,松原市扶余市三岔河镇,9.0,30.0,5.0,6.1,50.1,31.650000000000002,33.78623853211009,46.871929824561406
吉林省,松原市,扶余市,长春岭镇,125.4415686,45.3688057,1.0,0.0,2.0,1.0,1.0,0.0,0.0,0.0,0.0,0.0,0.0,0.0,0.0,0.0,0.0,0.0,0.0,0.0,0.0,0.0,2.0,0.0,0.0,0.0,0.0,1.0,0.0,0.0,0.0,0.0,0.0,0.0,0.0,1.0,4.0,1.0,1.0,0.0,1.0,0.0,1.0,0.0,0.0,0.0,0.0,0.0,0.0,0.0,0.0,0.0,0.0,0.0,0.0,0.0,0.0,0.0,1.0,0.0,0.0,0.0,0.0,1.0,0.0,0.0,0.0,0.0,0.0,0.0,0.0,1.0,3.0,1.0,6436584292.0,-1.0,松原市扶余市,松原市扶余市长春岭镇,8.0,8.5,0.0,0.5,17.0,31.650000000000002,33.78623853211009,46.871929824561406
吉林省,松原市,扶余市,五家站镇,125.6755281,44.965018,0.0,0.0,3.0,2.0,28.0,0.0,0.0,0.0,0.0,0.0,0.0,0.0,0.0,0.0,0.0,0.0,0.0,0.0,0.0,0.0,1.0,0.0,0.0,0.0,0.0,1.0,3.0,0.0,0.0,0.0,0.0,0.0,0.0,1.0,4.0,2.0,0.0,0.0,3.0,2.0,26.0,0.0,0.0,0.0,0.0,0.0,0.0,0.0,0.0,0.0,0.0,0.0,0.0,0.0,0.0,0.0,1.0,0.0,0.0,0.0,0.0,1.0,1.0,0.0,0.0,0.0,0.0,0.0,0.0,1.0,3.0,2.0,6036410025.0,-1.0,松原市扶余市,松原市扶余市五家站镇,8.0,22.0,0.0,1.4,31.4,31.650000000000002,33.78623853211009,46.871929824561406
吉林省,松原市,扶余市,陶赖昭镇,125.9347549,44.8260625,0.0,6.0,3.0,3.0,35.0,1.0,0.0,0.0,1.0,0.0,3.0,0.0,0.0,0.0,0.0,0.0,0.0,0.0,0.0,0.0,3.0,0.0,2.0,0.0,0.0,1.0,131.0,0.0,0.0,0.0,0.0,0.0,0.0,6.0,9.0,3.0,0.0,0.0,1.0,3.0,9.0,0.0,0.0,0.0,1.0,0.0,1.0,0.0,0.0,0.0,0.0,0.0,0.0,0.0,0.0,0.0,3.0,0.0,1.0,0.0,0.0,1.0,15.0,0.0,0.0,0.0,0.0,0.0,0.0,4.0,4.0,3.0,6436584297.0,-1.0,松原市扶余市,松原市扶余市陶赖昭镇,8.0,25.7,0.0,16.1,49.800000000000004,31.650000000000002,33.78623853211009,46.871929824561406
吉林省,松原市,扶余市,蔡家沟镇,126.1351342,45.1134951,0.0,0.0,7.0,4.0,67.0,0.0,0.0,0.0,3.0,0.0,0.0,0.0,0.0,0.0,0.0,0.0,0.0,0.0,0.0,0.0,7.0,0.0,1.0,0.0,0.0,1.0,1.0,0.0,0.0,0.0,0.0,0.0,0.0,12.0,7.0,7.0,0.0,0.0,5.0,2.0,36.0,0.0,0.0,0.0,3.0,0.0,0.0,0.0,0.0,0.0,0.0,0.0,0.0,0.0,0.0,0.0,3.0,0.0,1.0,0.0,0.0,1.0,1.0,0.0,0.0,0.0,0.0,0.0,0.0,2.0,4.0,3.0,6436584291.0,-1.0,松原市扶余市,松原市扶余市蔡家沟镇,8.0,25.5,0.0,3.7,37.2,31.650000000000002,33.78623853211009,46.871929824561406
吉林省,松原市,扶余市,弓棚子镇,125.7200679,45.1036808,1.0,0.0,3.0,1.0,9.0,1.0,0.0,0.0,0.0,0.0,1.0,0.0,0.0,0.0,0.0,0.0,0.0,0.0,0.0,0.0,3.0,0.0,0.0,0.0,0.0,1.0,0.0,0.0,0.0,0.0,0.0,0.0,0.0,2.0,10.0,3.0,1.0,0.0,1.0,1.0,2.0,0.0,0.0,0.0,0.0,0.0,1.0,0.0,0.0,0.0,0.0,0.0,0.0,0.0,0.0,0.0,1.0,0.0,0.0,0.0,0.0,1.0,0.0,0.0,0.0,0.0,0.0,0.0,0.0,1.0,5.0,1.0,4162472430.0,-1.0,松原市扶余市,松原市扶余市弓棚子镇,8.0,14.4,0.0,1.5,23.9,31.650000000000002,33.78623853211009,46.871929824561406
吉林省,松原市,扶余市,三井子镇,125.3684987,45.1182807,1.0,0.0,3.0,5.0,92.0,0.0,0.0,0.0,0.0,0.0,0.0,0.0,0.0,0.0,0.0,0.0,0.0,0.0,0.0,0.0,6.0,0.0,1.0,0.0,0.0,1.0,0.0,0.0,0.0,3.0,0.0,1.0,0.0,2.0,8.0,3.0,1.0,0.0,1.0,3.0,61.0,0.0,0.0,0.0,0.0,0.0,0.0,0.0,0.0,0.0,0.0,0.0,0.0,0.0,0.0,0.0,1.0,0.0,1.0,0.0,0.0,1.0,0.0,0.0,0.0,3.0,0.0,1.0,0.0,1.0,5.0,3.0,4162472431.0,-1.0,松原市扶余市,松原市扶余市三井子镇,8.0,24.0,0.0,2.1,34.1,31.650000000000002,33.78623853211009,46.871929824561406
吉林省,松原市,扶余市,增盛镇,125.2917309,44.9823825,0.0,0.0,2.0,1.0,2.0,0.0,0.0,0.0,0.0,0.0,2.0,0.0,0.0,0.0,0.0,0.0,0.0,0.0,0.0,0.0,2.0,0.0,0.0,0.0,0.0,1.0,0.0,0.0,0.0,2.0,0.0,0.0,0.0,1.0,3.0,1.0,0.0,0.0,2.0,1.0,2.0,0.0,0.0,0.0,0.0,0.0,2.0,0.0,0.0,0.0,0.0,0.0,0.0,0.0,0.0,0.0,1.0,0.0,0.0,0.0,0.0,1.0,0.0,0.0,0.0,2.0,0.0,0.0,0.0,1.0,3.0,1.0,6436584303.0,-1.0,松原市扶余市,松原市扶余市增盛镇,8.0,10.5,0.0,0.9,19.4,31.650000000000002,33.78623853211009,46.871929824561406
吉林省,松原市,扶余市,新万发镇,125.5635438,45.0744728,1.0,0.0,0.0,0.0,4.0,0.0,0.0,0.0,0.0,0.0,0.0,0.0,0.0,0.0,0.0,0.0,0.0,0.0,0.0,0.0,0.0,0.0,0.0,0.0,0.0,1.0,0.0,0.0,0.0,1.0,0.0,0.0,0.0,2.0,3.0,0.0,1.0,0.0,0.0,0.0,1.0,0.0,0.0,0.0,0.0,0.0,0.0,0.0,0.0,0.0,0.0,0.0,0.0,0.0,0.0,0.0,0.0,0.0,0.0,0.0,0.0,1.0,0.0,0.0,0.0,0.0,0.0,0.0,0.0,1.0,2.0,0.0,6436584299.0,-1.0,松原市扶余市,松原市扶余市新万发镇,8.0,7.6,0.0,0.1,15.7,31.650000000000002,33.78623853211009,46.871929824561406
吉林省,松原市,扶余市,大林子镇,125.6232419,45.2260422,0.0,0.0,1.0,4.0,0.0,0.0,0.0,0.0,0.0,0.0,0.0,0.0,0.0,0.0,0.0,0.0,0.0,0.0,0.0,0.0,3.0,0.0,0.0,0.0,0.0,1.0,0.0,0.0,0.0,0.0,0.0,0.0,0.0,1.0,2.0,1.0,0.0,0.0,1.0,1.0,0.0,0.0,0.0,0.0,0.0,0.0,0.0,0.0,0.0,0.0,0.0,0.0,0.0,0.0,0.0,0.0,0.0,0.0,0.0,0.0,0.0,1.0,0.0,0.0,0.0,0.0,0.0,0.0,0.0,1.0,2.0,0.0,6436584293.0,-1.0,松原市扶余市,松原市扶余市大林子镇,8.0,10.0,0.0,0.5,18.5,31.650000000000002,33.78623853211009,46.871929824561406
吉林省,松原市,扶余市,新源镇,125.9793703,44.9111872,0.0,0.0,1.0,7.0,48.0,2.0,0.0,0.0,2.0,0.0,0.0,0.0,0.0,0.0,1.0,1.0,0.0,0.0,0.0,0.0,8.0,0.0,0.0,0.0,0.0,2.0,2.0,0.0,0.0,0.0,0.0,0.0,0.0,6.0,9.0,6.0,0.0,0.0,1.0,5.0,1.0,2.0,0.0,0.0,1.0,0.0,0.0,0.0,0.0,0.0,1.0,1.0,0.0,0.0,0.0,0.0,2.0,0.0,0.0,0.0,0.0,1.0,1.0,0.0,0.0,0.0,0.0,0.0,0.0,2.0,4.0,4.0,6436584300.0,-1.0,松原市扶余市,松原市扶余市新源镇,9.0,25.900000000000002,5.0,3.3,43.2,31.650000000000002,33.78623853211009,46.871929824561406
吉林省,松原市,扶余市,得胜镇,125.6028161,45.3898086,1.0,0.0,0.0,2.0,5.0,0.0,0.0,0.0,0.0,0.0,0.0,0.0,0.0,0.0,0.0,0.0,0.0,0.0,0.0,0.0,10.0,0.0,0.0,0.0,0.0,1.0,0.0,0.0,0.0,0.0,0.0,0.0,0.0,1.0,3.0,2.0,0.0,0.0,0.0,2.0,4.0,0.0,0.0,0.0,0.0,0.0,0.0,0.0,0.0,0.0,0.0,0.0,0.0,0.0,0.0,0.0,4.0,0.0,0.0,0.0,0.0,1.0,0.0,0.0,0.0,0.0,0.0,0.0,0.0,1.0,2.0,1.0,6436584294.0,-1.0,松原市扶余市,松原市扶余市得胜镇,8.0,10.7,0.0,1.0,19.7,31.650000000000002,33.78623853211009,46.871929824561406
吉林省,松原市,扶余市,三骏满族蒙古族锡伯族乡,125.2071293,45.3341892,0.0,0.0,3.0,0.0,0.0,0.0,0.0,0.0,0.0,0.0,0.0,0.0,0.0,0.0,0.0,0.0,0.0,0.0,0.0,0.0,8.0,0.0,0.0,0.0,0.0,1.0,0.0,0.0,0.0,1.0,0.0,0.0,0.0,1.0,1.0,1.0,0.0,0.0,3.0,0.0,0.0,0.0,0.0,0.0,0.0,0.0,0.0,0.0,0.0,0.0,0.0,0.0,0.0,0.0,0.0,0.0,1.0,0.0,0.0,0.0,0.0,1.0,0.0,0.0,0.0,1.0,0.0,0.0,0.0,1.0,1.0,1.0,6436584296.0,-1.0,松原市扶余市,松原市扶余市三骏满族蒙古族锡伯族乡,8.0,5.5,0.0,0.7,14.2,31.650000000000002,33.78623853211009,46.871929824561406
吉林省,松原市,扶余市,永平乡,125.0686518,45.1586547,1.0,0.0,0.0,0.0,13.0,0.0,0.0,0.0,0.0,0.0,3.0,0.0,0.0,0.0,1.0,1.0,0.0,0.0,0.0,0.0,3.0,0.0,1.0,0.0,0.0,1.0,1.0,0.0,0.0,2.0,0.0,2.0,0.0,4.0,7.0,3.0,1.0,0.0,0.0,0.0,4.0,0.0,0.0,0.0,0.0,0.0,3.0,0.0,0.0,0.0,1.0,1.0,0.0,0.0,0.0,0.0,1.0,0.0,1.0,0.0,0.0,1.0,1.0,0.0,0.0,1.0,0.0,2.0,0.0,1.0,3.0,3.0,6436584302.0,-1.0,松原市扶余市,松原市扶余市永平乡,8.0,14.3,5.0,2.0,29.3,31.650000000000002,33.78623853211009,46.871929824561406
吉林省,松原市,扶余市,新站乡,125.4723345,44.9723472,0.0,0.0,1.0,0.0,0.0,0.0,0.0,0.0,0.0,0.0,0.0,0.0,0.0,0.0,0.0,0.0,0.0,0.0,0.0,0.0,0.0,0.0,0.0,0.0,0.0,1.0,0.0,0.0,0.0,0.0,0.0,0.0,0.0,1.0,1.0,0.0,0.0,0.0,1.0,0.0,0.0,0.0,0.0,0.0,0.0,0.0,0.0,0.0,0.0,0.0,0.0,0.0,0.0,0.0,0.0,0.0,0.0,0.0,0.0,0.0,0.0,1.0,0.0,0.0,0.0,0.0,0.0,0.0,0.0,1.0,1.0,0.0,6436584301.0,-1.0,松原市扶余市,松原市扶余市新站乡,8.0,5.5,0.0,0.0,13.5,31.650000000000002,33.78623853211009,46.871929824561406
吉林省,松原市,扶余市,更新乡,125.7092959,45.2584053,0.0,0.0,0.0,1.0,1.0,0.0,0.0,0.0,0.0,0.0,0.0,0.0,0.0,0.0,0.0,0.0,0.0,0.0,0.0,0.0,7.0,0.0,0.0,0.0,0.0,1.0,0.0,0.0,0.0,0.0,0.0,0.0,0.0,1.0,2.0,2.0,0.0,0.0,0.0,0.0,1.0,0.0,0.0,0.0,0.0,0.0,0.0,0.0,0.0,0.0,0.0,0.0,0.0,0.0,0.0,0.0,1.0,0.0,0.0,0.0,0.0,1.0,0.0,0.0,0.0,0.0,0.0,0.0,0.0,1.0,1.0,1.0,6436584295.0,-1.0,松原市扶余市,松原市扶余市更新乡,8.0,2.5,0.0,1.0,11.5,31.650000000000002,33.78623853211009,46.871929824561406
吉林省,松原市,扶余市,肖家乡,125.891681,45.0393746,1.0,0.0,0.0,2.0,0.0,0.0,0.0,0.0,0.0,0.0,0.0,0.0,0.0,0.0,0.0,0.0,0.0,0.0,0.0,0.0,1.0,0.0,0.0,0.0,0.0,1.0,0.0,0.0,0.0,0.0,0.0,0.0,0.0,1.0,2.0,2.0,1.0,0.0,0.0,2.0,0.0,0.0,0.0,0.0,0.0,0.0,0.0,0.0,0.0,0.0,0.0,0.0,0.0,0.0,0.0,0.0,1.0,0.0,0.0,0.0,0.0,1.0,0.0,0.0,0.0,0.0,0.0,0.0,0.0,1.0,2.0,1.0,6436584298.0,-1.0,松原市扶余市,松原市扶余市肖家乡,8.0,8.0,0.0,1.0,17.0,31.650000000000002,33.78623853211009,46.871929824561406
吉林省,白城市,洮北区,海明街道,122.8513639,45.623186,7.0,41.0,18.0,21.0,129.0,21.0,0.0,12.0,6.0,1.0,1.0,3.0,1.0,1.0,5.0,5.0,0.0,0.0,0.0,1.0,6.0,2.0,8.0,0.0,0.0,18.0,34.0,0.0,0.0,6.0,1.0,8.0,2.0,14.0,14.0,8.0,0.0,13.0,10.0,4.0,27.0,2.0,0.0,5.0,5.0,1.0,0.0,1.0,0.0,0.0,1.0,1.0,0.0,0.0,0.0,1.0,0.0,0.0,5.0,0.0,0.0,1.0,12.0,0.0,0.0,1.0,0.0,0.0,1.0,5.0,9.0,3.0,6448310664.0,9549956.0,白城市洮北区,白城市洮北区海明街道,20.0,30.0,11.0,9.3,70.3,47.2952380952381,36.49326923076923,46.871929824561406
吉林省,白城市,洮北区,长庆街道,122.8314031,45.6153623,18.0,46.0,24.0,26.0,172.0,16.0,0.0,11.0,6.0,1.0,2.0,3.0,1.0,1.0,3.0,5.0,0.0,0.0,0.0,1.0,11.0,2.0,9.0,0.0,0.0,12.0,32.0,0.0,0.0,1.0,1.0,11.0,2.0,15.0,17.0,7.0,0.0,10.0,5.0,5.0,23.0,0.0,0.0,1.0,0.0,0.0,0.0,2.0,0.0,0.0,1.0,1.0,0.0,0.0,0.0,1.0,1.0,1.0,0.0,0.0,0.0,3.0,4.0,0.0,0.0,0.0,1.0,3.0,1.0,8.0,5.0,4.0,6448310659.0,9549953.0,白城市洮北区,白城市洮北区长庆街道,20.0,30.0,11.0,7.2,68.2,47.2952380952381,36.49326923076923,46.871929824561406
吉林省,白城市,洮北区,瑞光街道,122.8226518,45.6149699,18.0,56.0,24.0,22.0,179.0,15.0,0.0,11.0,6.0,1.0,2.0,3.0,2.0,3.0,3.0,5.0,0.0,0.0,0.0,1.0,17.0,2.0,7.0,0.0,0.0,10.0,43.0,0.0,0.0,1.0,1.0,11.0,2.0,14.0,17.0,7.0,4.0,8.0,3.0,7.0,20.0,0.0,0.0,0.0,0.0,0.0,1.0,2.0,1.0,1.0,2.0,2.0,0.0,0.0,0.0,0.0,3.0,1.0,0.0,0.0,0.0,2.0,4.0,0.0,0.0,0.0,1.0,3.0,0.0,4.0,5.0,3.0,6448310669.0,9549958.0,白城市洮北区,白城市洮北区瑞光街道,20.0,30.0,15.0,8.3,73.3,47.2952380952381,36.49326923076923,46.871929824561406
吉林省,白城市,洮北区,明仁街道,122.8352702,45.6278206,11.0,42.0,16.0,22.0,140.0,18.0,0.0,12.0,6.0,1.0,2.0,3.0,1.0,1.0,3.0,5.0,0.0,0.0,0.0,1.0,9.0,2.0,10.0,0.0,0.0,14.0,75.0,0.0,0.0,3.0,2.0,8.0,2.0,14.0,15.0,8.0,7.0,12.0,1.0,0.0,19.0,0.0,0.0,0.0,0.0,0.0,0.0,1.0,0.0,0.0,1.0,1.0,0.0,0.0,0.0,1.0,0.0,1.0,3.0,0.0,0.0,2.0,3.0,0.0,0.0,1.0,0.0,2.0,2.0,7.0,4.0,5.0,6448310667.0,9549957.0,白城市洮北区,白城市洮北区明仁街道,20.0,30.0,11.0,12.200000000000001,73.2,47.2952380952381,36.49326923076923,46.871929824561406
吉林省,白城市,洮北区,铁东街道,122.8678148,45.6190203,5.0,36.0,14.0,15.0,115.0,24.0,0.0,12.0,6.0,1.0,0.0,3.0,0.0,0.0,3.0,3.0,0.0,0.0,0.0,1.0,1.0,1.0,10.0,0.0,0.0,18.0,38.0,0.0,0.0,8.0,0.0,5.0,2.0,11.0,17.0,9.0,0.0,6.0,0.0,6.0,14.0,2.0,0.0,9.0,6.0,1.0,0.0,0.0,0.0,0.0,0.0,0.0,0.0,0.0,0.0,0.0,1.0,0.0,2.0,0.0,0.0,1.0,10.0,0.0,0.0,1.0,0.0,0.0,0.0,6.0,10.0,3.0,6448310674.0,9549960.0,白城市洮北区,白城市洮北区铁东街道,20.0,28.0,5.0,9.7,62.7,47.2952380952381,36.49326923076923,46.871929824561406
吉林省,白城市,洮北区,城南街道,122.8552384,45.6048737,13.0,47.0,22.0,23.0,148.0,16.0,0.0,11.0,6.0,1.0,1.0,3.0,1.0,1.0,4.0,4.0,0.0,0.0,0.0,1.0,9.0,2.0,10.0,0.0,0.0,12.0,48.0,0.0,0.0,4.0,1.0,9.0,2.0,14.0,15.0,8.0,0.0,11.0,0.0,0.0,21.0,13.0,0.0,1.0,3.0,0.0,0.0,0.0,0.0,0.0,0.0,0.0,0.0,0.0,0.0,0.0,0.0,0.0,0.0,0.0,0.0,2.0,3.0,0.0,0.0,0.0,0.0,1.0,0.0,4.0,6.0,3.0,6448310660.0,9549954.0,白城市洮北区,白城市洮北区城南街道,20.0,30.0,5.0,9.5,64.5,47.2952380952381,36.49326923076923,46.871929824561406
吉林省,白城市,洮北区,新立街道,122.8546108,45.633029,7.0,27.0,12.0,19.0,112.0,20.0,0.0,11.0,6.0,1.0,0.0,3.0,0.0,0.0,3.0,3.0,0.0,0.0,0.0,1.0,3.0,1.0,8.0,0.0,0.0,17.0,39.0,0.0,0.0,6.0,0.0,6.0,2.0,14.0,14.0,9.0,0.0,4.0,1.0,2.0,19.0,5.0,0.0,0.0,0.0,0.0,0.0,0.0,0.0,0.0,0.0,0.0,0.0,0.0,0.0,0.0,0.0,0.0,5.0,0.0,0.0,2.0,1.0,0.0,0.0,2.0,0.0,0.0,0.0,2.0,6.0,3.0,6448310678.0,9549964.0,白城市洮北区,白城市洮北区新立街道,20.0,28.0,5.0,8.8,61.8,47.2952380952381,36.49326923076923,46.871929824561406
吉林省,白城市,洮北区,新华街道,122.8474272,45.6092791,20.0,49.0,22.0,23.0,164.0,16.0,0.0,11.0,6.0,1.0,2.0,3.0,1.0,1.0,4.0,4.0,0.0,0.0,0.0,1.0,9.0,2.0,8.0,0.0,0.0,13.0,34.0,0.0,0.0,3.0,1.0,12.0,2.0,15.0,15.0,8.0,0.0,18.0,8.0,0.0,32.0,13.0,0.0,9.0,5.0,1.0,0.0,0.0,0.0,0.0,0.0,0.0,0.0,0.0,0.0,0.0,0.0,0.0,0.0,0.0,0.0,2.0,4.0,0.0,0.0,0.0,0.0,2.0,0.0,7.0,10.0,3.0,6448310677.0,9549963.0,白城市洮北区,白城市洮北区新华街道,20.0,30.0,5.0,8.100000000000001,63.1,47.2952380952381,36.49326923076923,46.871929824561406
吉林省,白城市,洮北区,官银号街道,122.8416179,45.5858685,16.0,39.0,15.0,21.0,130.0,13.0,0.0,1.0,1.0,0.0,1.0,0.0,0.0,0.0,2.0,2.0,0.0,0.0,0.0,0.0,9.0,1.0,4.0,0.0,0.0,4.0,15.0,0.0,0.0,1.0,1.0,7.0,0.0,11.0,13.0,9.0,6.0,2.0,2.0,5.0,18.0,1.0,0.0,0.0,0.0,0.0,0.0,0.0,0.0,0.0,0.0,0.0,0.0,0.0,0.0,0.0,0.0,0.0,0.0,0.0,0.0,1.0,8.0,0.0,0.0,0.0,0.0,2.0,0.0,6.0,7.0,1.0,13049936611.0,-1.0,白城市洮北区,白城市洮北区官银号街道,11.0,28.0,0.0,6.4,45.4,47.2952380952381,36.49326923076923,46.871929824561406
吉林省,白城市,洮北区,平安镇,122.5502018,45.750003,1.0,0.0,10.0,15.0,6.0,1.0,0.0,0.0,0.0,0.0,1.0,0.0,0.0,0.0,0.0,0.0,0.0,0.0,0.0,0.0,8.0,0.0,2.0,1.0,0.0,9.0,1.0,0.0,0.0,0.0,0.0,0.0,0.0,2.0,9.0,4.0,1.0,0.0,2.0,3.0,0.0,0.0,0.0,0.0,0.0,0.0,0.0,0.0,0.0,0.0,0.0,0.0,0.0,0.0,0.0,0.0,1.0,0.0,1.0,0.0,0.0,1.0,0.0,0.0,0.0,0.0,0.0,0.0,0.0,1.0,3.0,2.0,1730851561.0,-1.0,白城市洮北区,白城市洮北区平安镇,12.0,17.2,0.0,2.1,31.3,47.2952380952381,36.49326923076923,46.871929824561406
吉林省,白城市,洮北区,青山镇,122.8612958,45.7118115,1.0,1.0,0.0,1.0,27.0,1.0,0.0,0.0,0.0,0.0,1.0,0.0,0.0,0.0,0.0,0.0,0.0,0.0,0.0,0.0,1.0,0.0,0.0,1.0,0.0,1.0,1.0,0.0,0.0,0.0,0.0,1.0,0.0,1.0,6.0,3.0,1.0,1.0,0.0,0.0,24.0,0.0,0.0,0.0,0.0,0.0,0.0,0.0,0.0,0.0,0.0,0.0,0.0,0.0,0.0,0.0,1.0,0.0,0.0,0.0,0.0,1.0,0.0,0.0,0.0,0.0,0.0,1.0,0.0,1.0,4.0,2.0,3716812917.0,-1.0,白城市洮北区,白城市洮北区青山镇,8.0,23.6,0.0,1.6,33.2,47.2952380952381,36.49326923076923,46.871929824561406
吉林省,白城市,洮北区,林海镇,122.7375133,45.5260885,0.0,0.0,4.0,1.0,11.0,0.0,0.0,0.0,0.0,0.0,0.0,0.0,0.0,0.0,0.0,0.0,0.0,0.0,0.0,0.0,3.0,0.0,1.0,0.0,0.0,15.0,2.0,0.0,0.0,0.0,0.0,0.0,0.0,3.0,4.0,4.0,0.0,0.0,2.0,1.0,2.0,0.0,0.0,0.0,0.0,0.0,0.0,0.0,0.0,0.0,0.0,0.0,0.0,0.0,0.0,0.0,1.0,0.0,0.0,0.0,0.0,3.0,0.0,0.0,0.0,0.0,0.0,0.0,0.0,2.0,4.0,1.0,3717841617.0,-1.0,白城市洮北区,白城市洮北区林海镇,12.0,10.8,0.0,2.2,25.0,47.2952380952381,36.49326923076923,46.871929824561406
吉林省,白城市,洮北区,洮河镇,123.0193321,45.4787102,0.0,2.0,0.0,5.0,25.0,3.0,0.0,0.0,0.0,0.0,0.0,0.0,0.0,0.0,1.0,1.0,0.0,0.0,0.0,0.0,1.0,0.0,0.0,0.0,0.0,9.0,0.0,0.0,0.0,0.0,0.0,0.0,0.0,3.0,5.0,3.0,0.0,2.0,0.0,3.0,11.0,0.0,0.0,0.0,0.0,0.0,0.0,0.0,0.0,0.0,1.0,1.0,0.0,0.0,0.0,0.0,1.0,0.0,0.0,0.0,0.0,2.0,0.0,0.0,0.0,0.0,0.0,0.0,0.0,1.0,3.0,2.0,6448310673.0,-1.0,白城市洮北区,白城市洮北区洮河镇,12.0,20.8,5.0,1.5,39.3,47.2952380952381,36.49326923076923,46.871929824561406
吉林省,白城市,洮北区,平台镇,122.6547424,45.7146975,1.0,0.0,0.0,7.0,41.0,51.0,0.0,3.0,0.0,5.0,1.0,0.0,0.0,0.0,0.0,0.0,0.0,0.0,0.0,0.0,9.0,0.0,4.0,0.0,0.0,6.0,3.0,0.0,0.0,18.0,1.0,17.0,6.0,9.0,7.0,11.0,1.0,0.0,0.0,2.0,15.0,2.0,0.0,0.0,0.0,1.0,1.0,0.0,0.0,0.0,0.0,0.0,0.0,0.0,0.0,0.0,2.0,0.0,1.0,0.0,0.0,1.0,1.0,0.0,0.0,2.0,1.0,6.0,0.0,8.0,5.0,5.0,6448310668.0,-1.0,白城市洮北区,白城市洮北区平台镇,12.0,27.5,0.0,6.4,45.9,47.2952380952381,36.49326923076923,46.871929824561406
吉林省,白城市,洮北区,到保镇,123.1666335,45.5993478,11.0,0.0,1.0,5.0,32.0,1.0,0.0,0.0,0.0,0.0,0.0,0.0,0.0,0.0,1.0,1.0,0.0,0.0,0.0,0.0,1.0,0.0,4.0,0.0,0.0,4.0,11.0,0.0,0.0,1.0,0.0,1.0,0.0,3.0,6.0,4.0,3.0,0.0,0.0,4.0,11.0,1.0,0.0,0.0,0.0,0.0,0.0,0.0,0.0,0.0,1.0,1.0,0.0,0.0,0.0,0.0,1.0,0.0,2.0,0.0,0.0,1.0,4.0,0.0,0.0,1.0,0.0,1.0,0.0,3.0,5.0,3.0,1730851495.0,-1.0,白城市洮北区,白城市洮北区到保镇,11.0,22.7,5.0,3.7,42.400000000000006,47.2952380952381,36.49326923076923,46.871929824561406
吉林省,白城市,洮北区,岭下镇,122.4028022,45.8437209,5.0,0.0,2.0,9.0,30.0,0.0,0.0,0.0,0.0,0.0,0.0,0.0,0.0,0.0,1.0,1.0,0.0,0.0,0.0,0.0,3.0,0.0,0.0,0.0,0.0,4.0,29.0,0.0,0.0,0.0,0.0,2.0,0.0,10.0,7.0,3.0,3.0,0.0,0.0,6.0,12.0,0.0,0.0,0.0,0.0,0.0,0.0,0.0,0.0,0.0,1.0,1.0,0.0,0.0,0.0,0.0,1.0,0.0,0.0,0.0,0.0,3.0,19.0,0.0,0.0,0.0,0.0,1.0,0.0,2.0,5.0,2.0,1731938289.0,-1.0,白城市洮北区,白城市洮北区岭下镇,11.0,23.1,5.0,6.300000000000001,45.400000000000006,47.2952380952381,36.49326923076923,46.871929824561406
吉林省,白城市,洮北区,东风乡,122.8423854,45.6393987,7.0,27.0,12.0,18.0,104.0,9.0,0.0,9.0,6.0,1.0,0.0,3.0,0.0,0.0,2.0,2.0,0.0,0.0,0.0,1.0,2.0,1.0,11.0,0.0,0.0,11.0,52.0,0.0,0.0,5.0,1.0,6.0,2.0,14.0,14.0,8.0,3.0,4.0,0.0,2.0,14.0,1.0,0.0,0.0,0.0,0.0,0.0,0.0,0.0,0.0,0.0,0.0,0.0,0.0,0.0,0.0,0.0,0.0,1.0,0.0,0.0,2.0,0.0,0.0,0.0,0.0,0.0,0.0,0.0,3.0,6.0,2.0,6448310662.0,-1.0,白城市洮北区,白城市洮北区东风乡,12.0,28.0,5.0,9.7,54.7,47.2952380952381,36.49326923076923,46.871929824561406
吉林省,白城市,洮北区,三合乡,122.6944701,45.6121406,0.0,0.0,1.0,0.0,1.0,0.0,0.0,0.0,0.0,0.0,0.0,0.0,0.0,0.0,0.0,0.0,0.0,0.0,0.0,0.0,0.0,0.0,0.0,0.0,0.0,7.0,0.0,0.0,0.0,0.0,0.0,0.0,0.0,1.0,3.0,1.0,0.0,0.0,1.0,0.0,1.0,0.0,0.0,0.0,0.0,0.0,0.0,0.0,0.0,0.0,0.0,0.0,0.0,0.0,0.0,0.0,0.0,0.0,0.0,0.0,0.0,1.0,0.0,0.0,0.0,0.0,0.0,0.0,0.0,1.0,2.0,1.0,6448310670.0,-1.0,白城市洮北区,白城市洮北区三合乡,12.0,7.0,0.0,0.5,19.5,47.2952380952381,36.49326923076923,46.871929824561406
吉林省,白城市,洮北区,东胜乡,122.560424,45.5662444,0.0,0.0,2.0,1.0,0.0,0.0,0.0,0.0,0.0,0.0,0.0,0.0,0.0,0.0,0.0,0.0,0.0,0.0,0.0,0.0,7.0,0.0,0.0,0.0,0.0,10.0,0.0,0.0,0.0,0.0,0.0,0.0,0.0,4.0,2.0,3.0,0.0,0.0,2.0,0.0,0.0,0.0,0.0,0.0,0.0,0.0,0.0,0.0,0.0,0.0,0.0,0.0,0.0,0.0,0.0,0.0,2.0,0.0,0.0,0.0,0.0,3.0,0.0,0.0,0.0,0.0,0.0,0.0,0.0,1.0,1.0,1.0,6448310663.0,-1.0,白城市洮北区,白城市洮北区东胜乡,12.0,7.0,0.0,1.5,20.5,47.2952380952381,36.49326923076923,46.871929824561406
吉林省,白城市,洮北区,金祥乡,122.6748554,45.4976851,0.0,0.0,2.0,3.0,0.0,0.0,0.0,0.0,0.0,0.0,0.0,0.0,0.0,0.0,0.0,0.0,0.0,0.0,0.0,0.0,1.0,0.0,0.0,0.0,0.0,13.0,0.0,0.0,0.0,0.0,0.0,1.0,0.0,1.0,2.0,3.0,0.0,0.0,2.0,1.0,0.0,0.0,0.0,0.0,0.0,0.0,0.0,0.0,0.0,0.0,0.0,0.0,0.0,0.0,0.0,0.0,0.0,0.0,0.0,0.0,0.0,3.0,0.0,0.0,0.0,0.0,0.0,1.0,0.0,1.0,2.0,2.0,6448310666.0,-1.0,白城市洮北区,白城市洮北区金祥乡,12.0,9.0,0.0,1.5,22.5,47.2952380952381,36.49326923076923,46.871929824561406
吉林省,白城市,洮北区,德顺蒙古族乡,122.8908388,45.4052076,0.0,3.0,0.0,1.0,5.0,4.0,0.0,0.0,0.0,0.0,0.0,0.0,0.0,0.0,0.0,0.0,0.0,0.0,0.0,0.0,0.0,0.0,0.0,0.0,0.0,8.0,0.0,0.0,0.0,0.0,0.0,0.0,0.0,1.0,6.0,2.0,0.0,1.0,0.0,0.0,0.0,0.0,0.0,0.0,0.0,0.0,0.0,0.0,0.0,0.0,0.0,0.0,0.0,0.0,0.0,0.0,0.0,0.0,0.0,0.0,0.0,2.0,0.0,0.0,0.0,0.0,0.0,0.0,0.0,1.0,1.0,0.0,6448310661.0,9549955.0,白城市洮北区,白城市洮北区德顺蒙古族乡,20.0,10.0,0.0,1.0,31.0,47.2952380952381,36.49326923076923,46.871929824561406
吉林省,白城市,镇赉县,鹤城街道,123.1856866,45.8320016,3.0,9.0,5.0,28.0,29.0,2.0,0.0,0.0,2.0,0.0,1.0,0.0,0.0,0.0,0.0,0.0,0.0,0.0,0.0,1.0,5.0,0.0,0.0,1.0,0.0,4.0,5.0,0.0,0.0,0.0,0.0,1.0,1.0,3.0,9.0,6.0,0.0,0.0,2.0,10.0,6.0,0.0,0.0,0.0,0.0,0.0,0.0,0.0,0.0,0.0,0.0,0.0,0.0,0.0,0.0,0.0,1.0,0.0,0.0,0.0,0.0,1.0,0.0,0.0,0.0,0.0,0.0,0.0,0.0,0.0,3.0,3.0,9656291854.0,-1.0,白城市镇赉县,白城市镇赉县鹤城街道,11.0,25.6,0.0,3.5,40.1,29.992857142857144,36.49326923076923,46.871929824561406
吉林省,白城市,镇赉县,镇东街道,123.2050058,45.8340988,2.0,7.0,5.0,38.0,30.0,0.0,0.0,0.0,2.0,0.0,0.0,0.0,0.0,0.0,0.0,0.0,0.0,0.0,0.0,1.0,5.0,0.0,1.0,0.0,0.0,5.0,5.0,0.0,0.0,2.0,0.0,5.0,1.0,3.0,8.0,6.0,1.0,0.0,3.0,6.0,2.0,0.0,0.0,0.0,0.0,0.0,0.0,0.0,0.0,0.0,0.0,0.0,0.0,0.0,0.0,0.0,1.0,0.0,0.0,0.0,0.0,1.0,0.0,0.0,0.0,0.0,0.0,0.0,0.0,0.0,4.0,2.0,9656291853.0,-1.0,白城市镇赉县,白城市镇赉县镇东街道,12.0,22.6,0.0,3.7,38.300000000000004,29.992857142857144,36.49326923076923,46.871929824561406
吉林省,白城市,镇赉县,赉北街道,123.2019654,45.8501545,2.0,7.0,7.0,42.0,24.0,0.0,0.0,0.0,2.0,0.0,0.0,0.0,0.0,0.0,0.0,0.0,0.0,0.0,0.0,1.0,9.0,0.0,4.0,0.0,0.0,4.0,5.0,0.0,0.0,3.0,0.0,5.0,1.0,3.0,8.0,7.0,0.0,4.0,3.0,14.0,6.0,0.0,0.0,0.0,0.0,0.0,0.0,0.0,0.0,0.0,0.0,0.0,0.0,0.0,0.0,1.0,1.0,0.0,0.0,0.0,0.0,2.0,4.0,0.0,0.0,0.0,0.0,0.0,1.0,2.0,4.0,2.0,9656291852.0,-1.0,白城市镇赉县,白城市镇赉县赉北街道,11.0,22.6,1.0,4.7,39.300000000000004,29.992857142857144,36.49326923076923,46.871929824561406
吉林省,白城市,镇赉县,镇赉镇,123.20615,45.8073154,2.0,1.0,2.0,4.0,3.0,0.0,0.0,0.0,0.0,0.0,0.0,0.0,0.0,0.0,0.0,0.0,0.0,0.0,0.0,0.0,1.0,0.0,0.0,0.0,0.0,3.0,0.0,0.0,0.0,0.0,0.0,0.0,0.0,1.0,8.0,3.0,1.0,0.0,0.0,0.0,1.0,0.0,0.0,0.0,0.0,0.0,0.0,0.0,0.0,0.0,0.0,0.0,0.0,0.0,0.0,0.0,0.0,0.0,0.0,0.0,0.0,2.0,0.0,0.0,0.0,0.0,0.0,0.0,0.0,1.0,2.0,1.0,9656291855.0,-1.0,白城市镇赉县,白城市镇赉县镇赉镇,10.0,13.9,0.0,1.5,25.4,29.992857142857144,36.49326923076923,46.871929824561406
吉林省,白城市,镇赉县,坦途镇,123.342773,46.184538,1.0,0.0,7.0,6.0,32.0,3.0,0.0,0.0,1.0,1.0,2.0,0.0,0.0,0.0,0.0,0.0,0.0,0.0,0.0,0.0,2.0,0.0,4.0,0.0,0.0,1.0,28.0,0.0,0.0,1.0,0.0,1.0,0.0,2.0,10.0,6.0,1.0,0.0,1.0,4.0,13.0,0.0,0.0,0.0,1.0,0.0,0.0,0.0,0.0,0.0,0.0,0.0,0.0,0.0,0.0,0.0,2.0,0.0,4.0,0.0,0.0,1.0,22.0,0.0,0.0,0.0,0.0,0.0,0.0,2.0,5.0,3.0,2343318814.0,-1.0,白城市镇赉县,白城市镇赉县坦途镇,8.0,30.0,0.0,8.100000000000001,46.1,29.992857142857144,36.49326923076923,46.871929824561406
吉林省,白城市,镇赉县,东屏镇,123.2763783,46.0894152,3.0,0.0,3.0,3.0,6.0,1.0,0.0,0.0,0.0,0.0,1.0,0.0,0.0,0.0,0.0,0.0,0.0,0.0,0.0,0.0,1.0,0.0,1.0,1.0,0.0,1.0,1.0,0.0,0.0,1.0,0.0,0.0,0.0,2.0,10.0,5.0,1.0,0.0,1.0,1.0,6.0,0.0,0.0,0.0,0.0,0.0,0.0,0.0,0.0,0.0,0.0,0.0,0.0,0.0,0.0,0.0,1.0,0.0,1.0,0.0,0.0,1.0,0.0,0.0,0.0,1.0,0.0,0.0,0.0,2.0,5.0,3.0,2343318806.0,-1.0,白城市镇赉县,白城市镇赉县东屏镇,8.0,17.0,0.0,2.8,27.8,29.992857142857144,36.49326923076923,46.871929824561406
吉林省,白城市,镇赉县,大屯镇,123.7682591,45.9070042,0.0,1.0,0.0,3.0,14.0,1.0,0.0,0.0,0.0,0.0,0.0,0.0,0.0,0.0,0.0,0.0,0.0,0.0,0.0,0.0,1.0,0.0,2.0,0.0,0.0,1.0,1.0,0.0,0.0,0.0,0.0,1.0,0.0,1.0,5.0,5.0,0.0,1.0,0.0,1.0,13.0,1.0,0.0,0.0,0.0,0.0,0.0,0.0,0.0,0.0,0.0,0.0,0.0,0.0,0.0,0.0,1.0,0.0,2.0,0.0,0.0,1.0,1.0,0.0,0.0,0.0,0.0,0.0,0.0,1.0,5.0,3.0,6445277341.0,-1.0,白城市镇赉县,白城市镇赉县大屯镇,8.0,17.2,0.0,2.7,27.9,29.992857142857144,36.49326923076923,46.871929824561406
吉林省,白城市,镇赉县,沿江镇,123.7749111,45.7982635,0.0,1.0,0.0,1.0,18.0,0.0,0.0,0.0,0.0,0.0,0.0,0.0,0.0,0.0,0.0,0.0,0.0,0.0,0.0,0.0,2.0,0.0,1.0,0.0,0.0,2.0,0.0,0.0,0.0,0.0,0.0,0.0,0.0,1.0,4.0,3.0,0.0,1.0,0.0,0.0,17.0,0.0,0.0,0.0,0.0,0.0,0.0,0.0,0.0,0.0,0.0,0.0,0.0,0.0,0.0,0.0,1.0,0.0,1.0,0.0,0.0,1.0,0.0,0.0,0.0,0.0,0.0,0.0,0.0,1.0,3.0,2.0,6445277348.0,-1.0,白城市镇赉县,白城市镇赉县沿江镇,9.0,16.7,0.0,1.5,27.2,29.992857142857144,36.49326923076923,46.871929824561406
吉林省,白城市,镇赉县,五棵树镇,123.709654,46.07343,0.0,4.0,6.0,1.0,32.0,0.0,0.0,0.0,0.0,0.0,0.0,0.0,0.0,0.0,0.0,0.0,0.0,0.0,0.0,0.0,1.0,0.0,0.0,0.0,0.0,1.0,0.0,0.0,0.0,0.0,0.0,0.0,0.0,1.0,5.0,3.0,0.0,3.0,1.0,1.0,32.0,0.0,0.0,0.0,0.0,0.0,0.0,0.0,0.0,0.0,0.0,0.0,0.0,0.0,0.0,0.0,1.0,0.0,0.0,0.0,0.0,1.0,0.0,0.0,0.0,0.0,0.0,0.0,0.0,1.0,5.0,1.0,6445277347.0,-1.0,白城市镇赉县,白城市镇赉县五棵树镇,8.0,22.5,0.0,1.5,32.0,29.992857142857144,36.49326923076923,46.871929824561406
吉林省,白城市,镇赉县,黑鱼泡镇,123.3605557,45.835944,0.0,1.0,1.0,0.0,7.0,0.0,0.0,0.0,0.0,0.0,0.0,0.0,0.0,0.0,0.0,0.0,0.0,0.0,0.0,0.0,3.0,0.0,1.0,0.0,0.0,2.0,0.0,0.0,0.0,0.0,0.0,1.0,0.0,1.0,4.0,3.0,0.0,1.0,1.0,0.0,3.0,0.0,0.0,0.0,0.0,0.0,0.0,0.0,0.0,0.0,0.0,0.0,0.0,0.0,0.0,0.0,1.0,0.0,0.0,0.0,0.0,1.0,0.0,0.0,0.0,0.0,0.0,1.0,0.0,1.0,4.0,2.0,6445277344.0,-1.0,白城市镇赉县,白城市镇赉县黑鱼泡镇,9.0,9.3,0.0,1.5,19.8,29.992857142857144,36.49326923076923,46.871929824561406
吉林省,白城市,镇赉县,哈吐气蒙古族乡,123.4165184,46.1578537,0.0,0.0,6.0,1.0,4.0,0.0,0.0,0.0,0.0,0.0,0.0,0.0,0.0,0.0,1.0,1.0,0.0,0.0,0.0,0.0,1.0,0.0,0.0,0.0,0.0,1.0,0.0,0.0,0.0,0.0,0.0,0.0,0.0,1.0,3.0,3.0,0.0,0.0,2.0,1.0,1.0,0.0,0.0,0.0,0.0,0.0,0.0,0.0,0.0,0.0,1.0,1.0,0.0,0.0,0.0,0.0,1.0,0.0,0.0,0.0,0.0,1.0,0.0,0.0,0.0,0.0,0.0,0.0,0.0,1.0,3.0,1.0,6445277343.0,-1.0,白城市镇赉县,白城市镇赉县哈吐气蒙古族乡,8.0,8.6,5.0,1.5,23.1,29.992857142857144,36.49326923076923,46.871929824561406
吉林省,白城市,镇赉县,莫莫格蒙古族乡,123.6228661,45.947953,0.0,3.0,1.0,1.0,13.0,0.0,0.0,0.0,0.0,0.0,0.0,0.0,0.0,0.0,0.0,0.0,0.0,0.0,0.0,0.0,1.0,0.0,1.0,0.0,0.0,1.0,4.0,0.0,0.0,0.0,0.0,0.0,0.0,1.0,6.0,4.0,0.0,3.0,1.0,1.0,10.0,0.0,0.0,0.0,0.0,0.0,0.0,0.0,0.0,0.0,0.0,0.0,0.0,0.0,0.0,0.0,1.0,0.0,1.0,0.0,0.0,1.0,3.0,0.0,0.0,0.0,0.0,0.0,0.0,1.0,5.0,4.0,6445277346.0,-1.0,白城市镇赉县,白城市镇赉县莫莫格蒙古族乡,8.0,14.6,0.0,2.7,25.3,29.992857142857144,36.49326923076923,46.871929824561406
吉林省,白城市,镇赉县,建平乡,123.1560423,45.8841314,7.0,0.0,2.0,3.0,0.0,0.0,0.0,0.0,0.0,0.0,0.0,0.0,0.0,0.0,0.0,0.0,0.0,0.0,0.0,0.0,5.0,0.0,0.0,0.0,0.0,1.0,0.0,0.0,0.0,0.0,0.0,0.0,0.0,1.0,4.0,2.0,1.0,0.0,0.0,0.0,0.0,0.0,0.0,0.0,0.0,0.0,0.0,0.0,0.0,0.0,0.0,0.0,0.0,0.0,0.0,0.0,1.0,0.0,0.0,0.0,0.0,1.0,0.0,0.0,0.0,0.0,0.0,0.0,0.0,1.0,1.0,2.0,6445277345.0,-1.0,白城市镇赉县,白城市镇赉县建平乡,8.0,10.0,0.0,1.0,19.0,29.992857142857144,36.49326923076923,46.871929824561406
吉林省,白城市,镇赉县,嘎什根乡,123.6698107,46.2146046,0.0,6.0,5.0,0.0,16.0,0.0,0.0,0.0,0.0,0.0,0.0,0.0,0.0,0.0,1.0,1.0,0.0,0.0,0.0,0.0,1.0,0.0,1.0,0.0,0.0,2.0,1.0,0.0,0.0,0.0,0.0,0.0,0.0,1.0,4.0,3.0,0.0,2.0,3.0,0.0,9.0,0.0,0.0,0.0,0.0,0.0,0.0,0.0,0.0,0.0,1.0,1.0,0.0,0.0,0.0,0.0,1.0,0.0,1.0,0.0,0.0,1.0,1.0,0.0,0.0,0.0,0.0,0.0,0.0,1.0,4.0,3.0,6445277342.0,-1.0,白城市镇赉县,白城市镇赉县嘎什根乡,9.0,12.9,5.0,1.7,28.599999999999998,29.992857142857144,36.49326923076923,46.871929824561406
吉林省,白城市,通榆县,树满街道,123.098792,44.831918,2.0,5.0,10.0,8.0,41.0,0.0,0.0,6.0,0.0,0.0,0.0,0.0,0.0,0.0,0.0,0.0,0.0,0.0,0.0,0.0,1.0,0.0,4.0,0.0,0.0,3.0,4.0,0.0,0.0,0.0,0.0,8.0,0.0,2.0,10.0,4.0,0.0,0.0,3.0,4.0,9.0,0.0,0.0,6.0,0.0,0.0,0.0,0.0,0.0,0.0,0.0,0.0,0.0,0.0,0.0,0.0,1.0,0.0,1.0,0.0,0.0,0.0,4.0,0.0,0.0,0.0,0.0,1.0,0.0,0.0,5.0,3.0,-1.0,-1.0,白城市通榆县,白城市通榆县树满街道,3.0,24.0,0.0,2.8,29.8,29.77368421052632,36.49326923076923,46.871929824561406
吉林省,白城市,通榆县,八区街道,123.089485,44.799636,6.0,5.0,15.0,17.0,52.0,4.0,0.0,3.0,5.0,0.0,0.0,0.0,0.0,0.0,0.0,0.0,0.0,0.0,0.0,0.0,2.0,0.0,3.0,0.0,0.0,7.0,21.0,0.0,0.0,1.0,0.0,9.0,0.0,3.0,11.0,5.0,3.0,0.0,8.0,4.0,11.0,0.0,0.0,0.0,0.0,0.0,0.0,0.0,0.0,0.0,0.0,0.0,0.0,0.0,0.0,0.0,1.0,0.0,0.0,0.0,0.0,1.0,0.0,0.0,0.0,0.0,0.0,1.0,0.0,2.0,5.0,2.0,-1.0,-1.0,白城市通榆县,白城市通榆县八区街道,5.0,26.0,0.0,4.7,35.7,29.77368421052632,36.49326923076923,46.871929824561406
吉林省,白城市,通榆县,迎新街道,123.063201,44.802361,6.0,4.0,15.0,16.0,42.0,4.0,0.0,3.0,5.0,0.0,0.0,0.0,0.0,0.0,0.0,0.0,0.0,0.0,0.0,0.0,2.0,0.0,2.0,0.0,0.0,4.0,19.0,0.0,0.0,1.0,0.0,10.0,0.0,3.0,11.0,5.0,0.0,0.0,2.0,8.0,18.0,4.0,0.0,3.0,5.0,0.0,0.0,0.0,0.0,0.0,0.0,0.0,0.0,0.0,0.0,0.0,1.0,0.0,1.0,0.0,0.0,1.0,19.0,0.0,0.0,1.0,0.0,2.0,0.0,1.0,7.0,5.0,-1.0,-1.0,白城市通榆县,白城市通榆县迎新街道,4.0,26.0,0.0,6.5,36.5,29.77368421052632,36.49326923076923,46.871929824561406
吉林省,白城市,通榆县,开通镇,123.081973,44.808853,6.0,5.0,15.0,18.0,62.0,4.0,0.0,9.0,5.0,0.0,0.0,0.0,0.0,0.0,0.0,0.0,0.0,0.0,0.0,0.0,2.0,0.0,3.0,0.0,0.0,5.0,23.0,0.0,0.0,1.0,0.0,12.0,0.0,3.0,11.0,5.0,4.0,2.0,6.0,6.0,14.0,0.0,0.0,2.0,1.0,0.0,0.0,0.0,0.0,0.0,0.0,0.0,0.0,0.0,0.0,0.0,0.0,0.0,0.0,0.0,0.0,1.0,7.0,0.0,0.0,0.0,0.0,5.0,0.0,2.0,10.0,3.0,-1.0,-1.0,白城市通榆县,白城市通榆县开通镇,5.0,26.0,0.0,5.6,36.6,29.77368421052632,36.49326923076923,46.871929824561406
吉林省,白城市,通榆县,瞻榆镇,122.6493862,44.511706,0.0,8.0,3.0,6.0,24.0,2.0,0.0,0.0,0.0,0.0,0.0,0.0,0.0,0.0,0.0,0.0,0.0,0.0,0.0,0.0,2.0,0.0,1.0,0.0,0.0,1.0,21.0,0.0,0.0,0.0,0.0,0.0,0.0,1.0,6.0,2.0,0.0,2.0,1.0,3.0,16.0,0.0,0.0,0.0,0.0,0.0,0.0,0.0,0.0,0.0,0.0,0.0,0.0,0.0,0.0,0.0,1.0,0.0,0.0,0.0,0.0,1.0,3.0,0.0,0.0,0.0,0.0,0.0,0.0,1.0,5.0,1.0,6451778073.0,-1.0,白城市通榆县,白城市通榆县瞻榆镇,8.0,22.6,0.0,3.4000000000000004,34.0,29.77368421052632,36.49326923076923,46.871929824561406
吉林省,白城市,通榆县,双岗镇,122.9291712,45.1005687,1.0,0.0,0.0,3.0,16.0,2.0,0.0,0.0,0.0,0.0,1.0,0.0,0.0,0.0,0.0,0.0,0.0,0.0,0.0,0.0,1.0,0.0,0.0,0.0,0.0,1.0,0.0,0.0,0.0,1.0,0.0,0.0,0.0,1.0,5.0,2.0,1.0,0.0,0.0,1.0,11.0,1.0,0.0,0.0,0.0,0.0,1.0,0.0,0.0,0.0,0.0,0.0,0.0,0.0,0.0,0.0,1.0,0.0,0.0,0.0,0.0,1.0,0.0,0.0,0.0,0.0,0.0,0.0,0.0,1.0,5.0,1.0,6451778068.0,-1.0,白城市通榆县,白城市通榆县双岗镇,8.0,19.0,0.0,1.1,28.1,29.77368421052632,36.49326923076923,46.871929824561406
吉林省,白城市,通榆县,兴隆山镇,122.4304703,44.8231039,1.0,1.0,2.0,2.0,26.0,0.0,0.0,0.0,0.0,0.0,1.0,0.0,0.0,0.0,0.0,0.0,0.0,0.0,0.0,0.0,1.0,0.0,0.0,0.0,0.0,1.0,5.0,0.0,0.0,1.0,0.0,0.0,0.0,1.0,8.0,1.0,1.0,1.0,1.0,1.0,14.0,0.0,0.0,0.0,0.0,0.0,1.0,0.0,0.0,0.0,0.0,0.0,0.0,0.0,0.0,0.0,1.0,0.0,0.0,0.0,0.0,1.0,1.0,0.0,0.0,1.0,0.0,0.0,0.0,1.0,6.0,1.0,1732978269.0,-1.0,白城市通榆县,白城市通榆县兴隆山镇,8.0,22.4,0.0,1.3,31.7,29.77368421052632,36.49326923076923,46.871929824561406
吉林省,白城市,通榆县,边昭镇,123.1603166,44.5963867,1.0,0.0,0.0,7.0,9.0,1.0,0.0,0.0,0.0,0.0,2.0,0.0,0.0,0.0,0.0,0.0,0.0,0.0,0.0,0.0,3.0,0.0,1.0,1.0,0.0,1.0,1.0,0.0,0.0,0.0,0.0,0.0,0.0,1.0,4.0,4.0,1.0,0.0,0.0,4.0,9.0,1.0,0.0,0.0,0.0,0.0,2.0,0.0,0.0,0.0,0.0,0.0,0.0,0.0,0.0,0.0,2.0,0.0,1.0,1.0,0.0,1.0,1.0,0.0,0.0,0.0,0.0,0.0,0.0,1.0,4.0,3.0,6451778066.0,-1.0,白城市通榆县,白城市通榆县边昭镇,8.0,18.5,0.0,2.2,28.7,29.77368421052632,36.49326923076923,46.871929824561406
吉林省,白城市,通榆县,鸿兴镇,123.0364706,44.9774204,1.0,0.0,0.0,4.0,15.0,0.0,0.0,0.0,0.0,0.0,2.0,0.0,0.0,0.0,0.0,0.0,0.0,0.0,0.0,0.0,0.0,0.0,1.0,0.0,0.0,2.0,1.0,0.0,0.0,0.0,0.0,0.0,0.0,1.0,4.0,2.0,1.0,0.0,0.0,2.0,14.0,0.0,0.0,0.0,0.0,0.0,2.0,0.0,0.0,0.0,0.0,0.0,0.0,0.0,0.0,0.0,0.0,0.0,1.0,0.0,0.0,1.0,1.0,0.0,0.0,0.0,0.0,0.0,0.0,1.0,3.0,1.0,6451778067.0,-1.0,白城市通榆县,白城市通榆县鸿兴镇,9.0,20.2,0.0,1.2,30.4,29.77368421052632,36.49326923076923,46.871929824561406
吉林省,白城市,通榆县,新华镇,122.8848906,44.5801244,0.0,2.0,0.0,3.0,36.0,0.0,0.0,0.0,0.0,0.0,0.0,0.0,0.0,0.0,1.0,1.0,0.0,0.0,0.0,0.0,0.0,0.0,1.0,0.0,0.0,1.0,0.0,0.0,0.0,0.0,0.0,0.0,0.0,1.0,5.0,1.0,0.0,2.0,0.0,3.0,21.0,0.0,0.0,0.0,0.0,0.0,0.0,0.0,0.0,0.0,1.0,1.0,0.0,0.0,0.0,0.0,0.0,0.0,1.0,0.0,0.0,1.0,0.0,0.0,0.0,0.0,0.0,0.0,0.0,1.0,5.0,1.0,6451778072.0,-1.0,白城市通榆县,白城市通榆县新华镇,8.0,22.5,5.0,0.5,36.0,29.77368421052632,36.49326923076923,46.871929824561406
吉林省,白城市,通榆县,乌兰花镇,122.6428802,44.7182384,1.0,0.0,0.0,6.0,31.0,2.0,0.0,0.0,0.0,0.0,2.0,0.0,0.0,0.0,0.0,0.0,0.0,0.0,0.0,0.0,2.0,0.0,0.0,1.0,0.0,1.0,8.0,0.0,0.0,0.0,0.0,0.0,0.0,1.0,5.0,3.0,1.0,0.0,0.0,6.0,28.0,0.0,0.0,0.0,0.0,0.0,0.0,0.0,0.0,0.0,0.0,0.0,0.0,0.0,0.0,0.0,1.0,0.0,0.0,0.0,0.0,1.0,6.0,0.0,0.0,0.0,0.0,0.0,0.0,1.0,4.0,1.0,5010926134.0,-1.0,白城市通榆县,白城市通榆县乌兰花镇,8.0,24.5,0.0,2.9000000000000004,35.4,29.77368421052632,36.49326923076923,46.871929824561406
吉林省,白城市,通榆县,新发乡,122.4773066,44.5690123,0.0,0.0,1.0,1.0,18.0,0.0,0.0,0.0,0.0,0.0,0.0,0.0,0.0,0.0,0.0,0.0,0.0,0.0,0.0,0.0,2.0,0.0,0.0,0.0,0.0,5.0,0.0,0.0,0.0,1.0,0.0,0.0,0.0,1.0,4.0,2.0,0.0,0.0,1.0,1.0,9.0,0.0,0.0,0.0,0.0,0.0,0.0,0.0,0.0,0.0,0.0,0.0,0.0,0.0,0.0,0.0,0.0,0.0,0.0,0.0,0.0,1.0,0.0,0.0,0.0,1.0,0.0,0.0,0.0,1.0,4.0,1.0,6451778071.0,-1.0,白城市通榆县,白城市通榆县新发乡,12.0,14.3,0.0,1.2,27.5,29.77368421052632,36.49326923076923,46.871929824561406
吉林省,白城市,通榆县,新兴乡,122.8425794,44.7245784,1.0,0.0,0.0,3.0,16.0,4.0,0.0,0.0,0.0,0.0,0.0,0.0,0.0,0.0,0.0,0.0,0.0,0.0,0.0,0.0,3.0,0.0,0.0,0.0,0.0,1.0,0.0,0.0,0.0,0.0,0.0,0.0,0.0,1.0,5.0,1.0,1.0,0.0,0.0,3.0,10.0,4.0,0.0,0.0,0.0,0.0,0.0,0.0,0.0,0.0,0.0,0.0,0.0,0.0,0.0,0.0,0.0,0.0,0.0,0.0,0.0,1.0,0.0,0.0,0.0,0.0,0.0,0.0,0.0,1.0,4.0,0.0,5010931549.0,-1.0,白城市通榆县,白城市通榆县新兴乡,8.0,16.7,0.0,0.5,25.2,29.77368421052632,36.49326923076923,46.871929824561406
吉林省,白城市,通榆县,向海蒙古族乡,122.3510535,45.0405265,0.0,2.0,3.0,2.0,4.0,0.0,0.0,0.0,0.0,0.0,0.0,0.0,0.0,0.0,0.0,0.0,0.0,0.0,0.0,0.0,1.0,0.0,0.0,0.0,0.0,1.0,0.0,0.0,0.0,0.0,0.0,0.0,0.0,3.0,4.0,5.0,0.0,1.0,3.0,1.0,4.0,0.0,0.0,0.0,0.0,0.0,0.0,0.0,0.0,0.0,0.0,0.0,0.0,0.0,0.0,0.0,1.0,0.0,0.0,0.0,0.0,1.0,0.0,0.0,0.0,0.0,0.0,0.0,0.0,1.0,4.0,4.0,6449829425.0,-1.0,白城市通榆县,白城市通榆县向海蒙古族乡,8.0,11.0,0.0,2.5,21.5,29.77368421052632,36.49326923076923,46.871929824561406
吉林省,白城市,通榆县,包拉温都蒙古族乡,122.3824209,44.2603276,0.0,2.0,0.0,1.0,30.0,0.0,0.0,0.0,0.0,0.0,0.0,0.0,0.0,0.0,0.0,0.0,0.0,0.0,0.0,0.0,2.0,0.0,0.0,0.0,0.0,1.0,15.0,0.0,0.0,4.0,0.0,0.0,0.0,1.0,5.0,1.0,0.0,2.0,0.0,1.0,26.0,0.0,0.0,0.0,0.0,0.0,0.0,0.0,0.0,0.0,0.0,0.0,0.0,0.0,0.0,0.0,1.0,0.0,0.0,0.0,0.0,1.0,15.0,0.0,0.0,4.0,0.0,0.0,0.0,1.0,5.0,1.0,6451778065.0,-1.0,白城市通榆县,白城市通榆县包拉温都蒙古族乡,8.0,22.3,0.0,4.300000000000001,34.6,29.77368421052632,36.49326923076923,46.871929824561406
吉林省,白城市,通榆县,团结乡,122.3152933,44.5949907,0.0,0.0,3.0,2.0,42.0,1.0,0.0,0.0,0.0,0.0,0.0,0.0,0.0,0.0,0.0,0.0,0.0,0.0,0.0,0.0,0.0,0.0,0.0,0.0,0.0,1.0,0.0,0.0,0.0,0.0,0.0,0.0,0.0,1.0,5.0,1.0,0.0,0.0,0.0,2.0,25.0,1.0,0.0,0.0,0.0,0.0,0.0,0.0,0.0,0.0,0.0,0.0,0.0,0.0,0.0,0.0,0.0,0.0,0.0,0.0,0.0,1.0,0.0,0.0,0.0,0.0,0.0,0.0,0.0,1.0,4.0,0.0,6451778070.0,-1.0,白城市通榆县,白城市通榆县团结乡,8.0,22.5,0.0,0.5,31.0,29.77368421052632,36.49326923076923,46.871929824561406
吉林省,白城市,通榆县,十花道乡,123.2481801,44.9181545,0.0,2.0,1.0,1.0,3.0,0.0,0.0,0.0,0.0,0.0,0.0,0.0,0.0,0.0,0.0,0.0,0.0,0.0,0.0,0.0,3.0,0.0,0.0,0.0,0.0,1.0,0.0,0.0,0.0,0.0,0.0,0.0,0.0,1.0,4.0,1.0,0.0,2.0,1.0,1.0,2.0,0.0,0.0,0.0,0.0,0.0,0.0,0.0,0.0,0.0,0.0,0.0,0.0,0.0,0.0,0.0,1.0,0.0,0.0,0.0,0.0,1.0,0.0,0.0,0.0,0.0,0.0,0.0,0.0,1.0,4.0,1.0,5061573494.0,-1.0,白城市通榆县,白城市通榆县十花道乡,8.0,9.2,0.0,0.5,17.7,29.77368421052632,36.49326923076923,46.871929824561406
吉林省,白城市,通榆县,八面乡,123.2551803,45.0830699,0.0,2.0,0.0,2.0,13.0,0.0,0.0,0.0,0.0,0.0,0.0,0.0,0.0,0.0,0.0,0.0,0.0,0.0,0.0,0.0,0.0,0.0,0.0,0.0,0.0,1.0,0.0,0.0,0.0,0.0,0.0,0.0,0.0,1.0,4.0,0.0,0.0,1.0,0.0,2.0,13.0,0.0,0.0,0.0,0.0,0.0,0.0,0.0,0.0,0.0,0.0,0.0,0.0,0.0,0.0,0.0,0.0,0.0,0.0,0.0,0.0,1.0,0.0,0.0,0.0,0.0,0.0,0.0,0.0,1.0,4.0,0.0,5061573604.0,-1.0,白城市通榆县,白城市通榆县八面乡,8.0,15.5,0.0,0.0,23.5,29.77368421052632,36.49326923076923,46.871929824561406
吉林省,白城市,通榆县,苏公坨乡,123.3180547,44.6780812,0.0,0.0,1.0,2.0,12.0,0.0,0.0,0.0,0.0,0.0,0.0,0.0,0.0,0.0,0.0,0.0,0.0,0.0,0.0,0.0,2.0,0.0,0.0,0.0,0.0,2.0,0.0,0.0,0.0,0.0,0.0,0.0,0.0,1.0,4.0,1.0,0.0,0.0,1.0,2.0,3.0,0.0,0.0,0.0,0.0,0.0,0.0,0.0,0.0,0.0,0.0,0.0,0.0,0.0,0.0,0.0,1.0,0.0,0.0,0.0,0.0,1.0,0.0,0.0,0.0,0.0,0.0,0.0,0.0,1.0,3.0,1.0,6451778069.0,-1.0,白城市通榆县,白城市通榆县苏公坨乡,9.0,12.3,0.0,0.5,21.8,29.77368421052632,36.49326923076923,46.871929824561406
吉林省,白城市,吉林白城经济开发区,幸福街道,122.8020078,45.6330954,12.0,18.0,5.0,19.0,108.0,1.0,0.0,0.0,0.0,0.0,1.0,2.0,2.0,3.0,0.0,3.0,0.0,0.0,0.0,0.0,13.0,1.0,4.0,0.0,0.0,9.0,62.0,0.0,0.0,0.0,1.0,9.0,1.0,8.0,11.0,6.0,0.0,5.0,0.0,3.0,21.0,0.0,0.0,0.0,0.0,0.0,0.0,0.0,0.0,0.0,0.0,1.0,0.0,0.0,0.0,0.0,0.0,0.0,3.0,0.0,0.0,1.0,26.0,0.0,0.0,0.0,1.0,2.0,0.0,3.0,6.0,2.0,6448310676.0,9549962.0,白城市吉林白城经济开发区,白城市吉林白城经济开发区幸福街道,20.0,26.0,5.0,11.8,62.8,56.199999999999996,36.49326923076923,46.871929824561406
吉林省,白城市,吉林白城经济开发区,保平街道,122.7947457,45.6160048,11.0,27.0,13.0,23.0,126.0,0.0,0.0,0.0,0.0,0.0,2.0,2.0,2.0,3.0,2.0,5.0,1.0,0.0,0.0,0.0,23.0,1.0,4.0,0.0,0.0,7.0,41.0,0.0,0.0,0.0,2.0,9.0,0.0,6.0,10.0,5.0,0.0,5.0,4.0,4.0,17.0,0.0,0.0,0.0,0.0,0.0,0.0,0.0,1.0,2.0,0.0,2.0,0.0,0.0,0.0,0.0,7.0,0.0,0.0,0.0,0.0,1.0,3.0,0.0,0.0,0.0,0.0,2.0,0.0,2.0,7.0,2.0,6448310658.0,9549952.0,白城市吉林白城经济开发区,白城市吉林白城经济开发区保平街道,20.0,26.0,10.0,6.9,62.9,56.199999999999996,36.49326923076923,46.871929824561406
吉林省,白城市,吉林白城经济开发区,西郊街道,122.8119096,45.5600361,9.0,3.0,5.0,3.0,24.0,0.0,0.0,0.0,1.0,0.0,1.0,0.0,0.0,0.0,0.0,0.0,0.0,0.0,0.0,0.0,1.0,0.0,2.0,0.0,0.0,6.0,1.0,0.0,0.0,0.0,0.0,0.0,0.0,3.0,12.0,4.0,9.0,0.0,0.0,0.0,0.0,0.0,0.0,0.0,0.0,0.0,1.0,0.0,0.0,0.0,0.0,0.0,0.0,0.0,0.0,0.0,0.0,0.0,1.0,0.0,0.0,1.0,0.0,0.0,0.0,0.0,0.0,0.0,0.0,1.0,2.0,3.0,6448310675.0,9549961.0,白城市吉林白城经济开发区,白城市吉林白城经济开发区西郊街道,20.0,20.8,0.0,2.1,42.9,56.199999999999996,36.49326923076923,46.871929824561406
吉林省,白城市,洮南市,团结街道,122.7622411,45.3337636,0.0,8.0,14.0,20.0,66.0,5.0,0.0,0.0,0.0,0.0,0.0,1.0,0.0,0.0,3.0,3.0,0.0,0.0,0.0,0.0,1.0,0.0,5.0,0.0,0.0,8.0,53.0,0.0,0.0,2.0,0.0,3.0,0.0,8.0,6.0,6.0,0.0,2.0,6.0,4.0,16.0,0.0,0.0,0.0,0.0,0.0,0.0,0.0,0.0,0.0,0.0,0.0,0.0,0.0,0.0,0.0,1.0,0.0,0.0,0.0,0.0,1.0,3.0,0.0,0.0,0.0,0.0,1.0,0.0,3.0,4.0,3.0,6449131005.0,9552927.0,白城市洮南市,白城市洮南市团结街道,20.0,23.0,5.0,8.8,56.8,33.4625,36.49326923076923,46.871929824561406
吉林省,白城市,洮南市,富文街道,122.7610127,45.3448321,0.0,7.0,17.0,18.0,55.0,0.0,0.0,0.0,0.0,0.0,0.0,1.0,0.0,0.0,3.0,3.0,1.0,0.0,0.0,0.0,1.0,0.0,2.0,0.0,0.0,7.0,36.0,0.0,0.0,1.0,0.0,2.0,0.0,8.0,5.0,6.0,0.0,0.0,6.0,4.0,9.0,0.0,0.0,0.0,0.0,0.0,0.0,1.0,0.0,0.0,1.0,1.0,0.0,0.0,0.0,0.0,1.0,0.0,0.0,0.0,0.0,1.0,3.0,0.0,0.0,1.0,0.0,0.0,0.0,3.0,3.0,1.0,6449130995.0,9552923.0,白城市洮南市,白城市洮南市富文街道,20.0,22.5,10.0,7.1000000000000005,59.6,33.4625,36.49326923076923,46.871929824561406
吉林省,白城市,洮南市,光明街道,122.7836836,45.3354908,2.0,16.0,18.0,26.0,74.0,6.0,0.0,0.0,3.0,0.0,1.0,1.0,0.0,0.0,3.0,3.0,1.0,0.0,0.0,0.0,1.0,0.0,6.0,0.0,0.0,12.0,84.0,0.0,0.0,2.0,0.0,3.0,0.0,10.0,8.0,5.0,0.0,5.0,6.0,3.0,24.0,0.0,0.0,0.0,0.0,0.0,0.0,0.0,0.0,0.0,1.0,1.0,0.0,0.0,0.0,0.0,0.0,0.0,0.0,0.0,0.0,2.0,3.0,0.0,0.0,0.0,0.0,0.0,0.0,7.0,5.0,0.0,6449130996.0,9552924.0,白城市洮南市,白城市洮南市光明街道,20.0,28.0,10.0,11.4,69.4,33.4625,36.49326923076923,46.871929824561406
吉林省,白城市,洮南市,兴隆街道,122.781785,45.3487566,5.0,11.0,19.0,20.0,54.0,1.0,0.0,0.0,3.0,0.0,1.0,1.0,0.0,0.0,3.0,3.0,1.0,0.0,0.0,0.0,1.0,0.0,5.0,0.0,0.0,9.0,41.0,0.0,0.0,3.0,0.0,2.0,0.0,13.0,8.0,4.0,0.0,2.0,5.0,8.0,12.0,0.0,0.0,0.0,0.0,0.0,0.0,0.0,0.0,0.0,1.0,1.0,0.0,0.0,0.0,0.0,1.0,0.0,0.0,0.0,0.0,2.0,6.0,0.0,0.0,0.0,0.0,0.0,0.0,5.0,5.0,1.0,6449131008.0,9552929.0,白城市洮南市,白城市洮南市兴隆街道,20.0,28.0,10.0,7.0,65.0,33.4625,36.49326923076923,46.871929824561406
吉林省,白城市,洮南市,永康街道,122.7702927,45.3214396,2.0,10.0,15.0,18.0,68.0,5.0,0.0,0.0,0.0,0.0,2.0,1.0,0.0,0.0,2.0,2.0,0.0,0.0,0.0,0.0,1.0,0.0,4.0,0.0,0.0,8.0,70.0,0.0,0.0,1.0,0.0,3.0,0.0,8.0,7.0,6.0,0.0,1.0,2.0,2.0,16.0,0.0,0.0,0.0,0.0,0.0,0.0,0.0,0.0,0.0,0.0,0.0,0.0,0.0,0.0,0.0,1.0,0.0,1.0,0.0,0.0,1.0,2.0,0.0,0.0,0.0,0.0,0.0,0.0,4.0,4.0,2.0,6449131010.0,9552930.0,白城市洮南市,白城市洮南市永康街道,20.0,25.5,5.0,10.3,60.8,33.4625,36.49326923076923,46.871929824561406
吉林省,白城市,洮南市,通达街道,122.8086968,45.3350104,3.0,13.0,13.0,21.0,55.0,6.0,0.0,0.0,3.0,0.0,2.0,0.0,0.0,0.0,2.0,2.0,1.0,0.0,0.0,0.0,1.0,0.0,6.0,0.0,0.0,13.0,97.0,0.0,0.0,2.0,0.0,2.0,0.0,10.0,9.0,4.0,1.0,2.0,3.0,6.0,6.0,1.0,0.0,0.0,3.0,0.0,0.0,0.0,0.0,0.0,0.0,0.0,0.0,0.0,0.0,0.0,1.0,0.0,0.0,0.0,0.0,3.0,11.0,0.0,0.0,0.0,0.0,0.0,0.0,2.0,7.0,1.0,6449131004.0,9552926.0,白城市洮南市,白城市洮南市通达街道,20.0,28.0,0.0,13.0,61.0,33.4625,36.49326923076923,46.871929824561406
吉林省,白城市,洮南市,洮府街道,122.7374771,45.3184434,0.0,5.0,7.0,7.0,30.0,0.0,0.0,0.0,0.0,0.0,0.0,0.0,0.0,0.0,1.0,1.0,0.0,0.0,0.0,0.0,1.0,0.0,0.0,0.0,0.0,3.0,21.0,0.0,0.0,0.0,0.0,1.0,0.0,4.0,6.0,4.0,0.0,0.0,0.0,0.0,0.0,0.0,0.0,0.0,0.0,0.0,0.0,0.0,0.0,0.0,0.0,0.0,0.0,0.0,0.0,0.0,1.0,0.0,0.0,0.0,0.0,1.0,0.0,0.0,0.0,0.0,0.0,0.0,0.0,2.0,0.0,3.0,6449131002.0,9552925.0,白城市洮南市,白城市洮南市洮府街道,18.0,19.0,0.0,4.1,41.1,33.4625,36.49326923076923,46.871929824561406
吉林省,白城市,洮南市,向阳街道,122.9576806,45.2484052,0.0,0.0,0.0,1.0,2.0,0.0,0.0,0.0,0.0,0.0,0.0,0.0,0.0,0.0,0.0,0.0,0.0,0.0,0.0,0.0,0.0,0.0,0.0,0.0,0.0,2.0,0.0,0.0,0.0,0.0,0.0,0.0,0.0,1.0,2.0,1.0,0.0,0.0,0.0,0.0,0.0,0.0,0.0,0.0,0.0,0.0,0.0,0.0,0.0,0.0,0.0,0.0,0.0,0.0,0.0,0.0,0.0,0.0,0.0,0.0,0.0,1.0,0.0,0.0,0.0,0.0,0.0,0.0,0.0,1.0,0.0,0.0,6449131007.0,9552928.0,白城市洮南市,白城市洮南市向阳街道,17.0,2.4,0.0,0.5,19.9,33.4625,36.49326923076923,46.871929824561406
吉林省,白城市,洮南市,瓦房镇,122.3443943,45.6927555,0.0,0.0,5.0,7.0,10.0,0.0,0.0,0.0,0.0,0.0,0.0,0.0,0.0,0.0,0.0,0.0,0.0,0.0,0.0,0.0,0.0,0.0,1.0,0.0,0.0,1.0,0.0,0.0,0.0,0.0,0.0,0.0,0.0,1.0,3.0,2.0,0.0,0.0,3.0,4.0,2.0,0.0,0.0,0.0,0.0,0.0,0.0,0.0,0.0,0.0,0.0,0.0,0.0,0.0,0.0,0.0,0.0,0.0,1.0,0.0,0.0,1.0,0.0,0.0,0.0,0.0,0.0,0.0,0.0,1.0,3.0,1.0,1731533118.0,-1.0,白城市洮南市,白城市洮南市瓦房镇,8.0,14.1,0.0,1.0,23.1,33.4625,36.49326923076923,46.871929824561406
吉林省,白城市,洮南市,万宝镇,121.8437166,45.7709534,0.0,0.0,3.0,0.0,8.0,0.0,0.0,0.0,0.0,0.0,0.0,0.0,0.0,0.0,0.0,0.0,0.0,0.0,0.0,0.0,0.0,0.0,0.0,0.0,0.0,2.0,0.0,0.0,0.0,0.0,0.0,0.0,0.0,1.0,3.0,1.0,0.0,0.0,1.0,0.0,4.0,0.0,0.0,0.0,0.0,0.0,0.0,0.0,0.0,0.0,0.0,0.0,0.0,0.0,0.0,0.0,0.0,0.0,0.0,0.0,0.0,1.0,0.0,0.0,0.0,0.0,0.0,0.0,0.0,1.0,3.0,1.0,3976262991.0,-1.0,白城市洮南市,白城市洮南市万宝镇,9.0,9.3,0.0,0.5,18.8,33.4625,36.49326923076923,46.871929824561406
吉林省,白城市,洮南市,黑水镇,122.8159795,45.212871,2.0,0.0,5.0,6.0,134.0,37.0,0.0,5.0,1.0,0.0,0.0,0.0,0.0,0.0,0.0,0.0,0.0,0.0,0.0,0.0,0.0,0.0,2.0,0.0,0.0,3.0,3.0,0.0,0.0,0.0,0.0,0.0,0.0,1.0,8.0,3.0,0.0,0.0,5.0,3.0,81.0,30.0,0.0,0.0,1.0,0.0,0.0,0.0,0.0,0.0,0.0,0.0,0.0,0.0,0.0,0.0,0.0,0.0,2.0,0.0,0.0,1.0,0.0,0.0,0.0,0.0,0.0,0.0,0.0,1.0,6.0,2.0,2942699302.0,-1.0,白城市洮南市,白城市洮南市黑水镇,10.0,26.0,0.0,1.8,37.8,33.4625,36.49326923076923,46.871929824561406
吉林省,白城市,洮南市,那金镇,122.1269064,45.7916422,0.0,0.0,1.0,0.0,0.0,0.0,0.0,0.0,0.0,0.0,0.0,0.0,0.0,0.0,0.0,0.0,0.0,0.0,0.0,0.0,2.0,0.0,0.0,0.0,0.0,1.0,0.0,0.0,0.0,0.0,0.0,0.0,0.0,1.0,1.0,2.0,0.0,0.0,1.0,0.0,0.0,0.0,0.0,0.0,0.0,0.0,0.0,0.0,0.0,0.0,0.0,0.0,0.0,0.0,0.0,0.0,1.0,0.0,0.0,0.0,0.0,1.0,0.0,0.0,0.0,0.0,0.0,0.0,0.0,1.0,1.0,1.0,6449131001.0,-1.0,白城市洮南市,白城市洮南市那金镇,8.0,5.5,0.0,1.0,14.5,33.4625,36.49326923076923,46.871929824561406
吉林省,白城市,洮南市,安定镇,122.6143784,45.1791606,0.0,3.0,2.0,2.0,83.0,56.0,0.0,0.0,0.0,0.0,0.0,0.0,0.0,0.0,0.0,0.0,0.0,0.0,0.0,0.0,1.0,0.0,0.0,0.0,0.0,2.0,22.0,0.0,0.0,0.0,0.0,0.0,0.0,1.0,7.0,2.0,0.0,2.0,1.0,0.0,63.0,39.0,0.0,0.0,0.0,0.0,0.0,0.0,0.0,0.0,0.0,0.0,0.0,0.0,0.0,0.0,0.0,0.0,0.0,0.0,0.0,1.0,0.0,0.0,0.0,0.0,0.0,0.0,0.0,1.0,6.0,1.0,2635501099.0,-1.0,白城市洮南市,白城市洮南市安定镇,9.0,23.5,0.0,3.2,35.7,33.4625,36.49326923076923,46.871929824561406
吉林省,白城市,洮南市,福顺镇,122.5413973,45.5138186,0.0,0.0,5.0,1.0,5.0,0.0,0.0,0.0,0.0,0.0,0.0,0.0,0.0,0.0,0.0,0.0,0.0,0.0,0.0,0.0,10.0,0.0,0.0,0.0,0.0,1.0,0.0,0.0,0.0,0.0,0.0,0.0,0.0,4.0,4.0,3.0,0.0,0.0,1.0,0.0,4.0,0.0,0.0,0.0,0.0,0.0,0.0,0.0,0.0,0.0,0.0,0.0,0.0,0.0,0.0,0.0,1.0,0.0,0.0,0.0,0.0,1.0,0.0,0.0,0.0,0.0,0.0,0.0,0.0,1.0,3.0,1.0,6449130994.0,-1.0,白城市洮南市,白城市洮南市福顺镇,8.0,10.2,0.0,1.5,19.7,33.4625,36.49326923076923,46.871929824561406
吉林省,白城市,洮南市,胡力吐蒙古族乡,121.8641595,45.963128,0.0,0.0,4.0,0.0,3.0,0.0,0.0,0.0,0.0,0.0,0.0,0.0,0.0,0.0,0.0,0.0,0.0,0.0,0.0,0.0,0.0,0.0,0.0,0.0,0.0,1.0,0.0,0.0,0.0,0.0,0.0,0.0,0.0,1.0,2.0,0.0,0.0,0.0,4.0,0.0,2.0,0.0,0.0,0.0,0.0,0.0,0.0,0.0,0.0,0.0,0.0,0.0,0.0,0.0,0.0,0.0,0.0,0.0,0.0,0.0,0.0,1.0,0.0,0.0,0.0,0.0,0.0,0.0,0.0,1.0,2.0,0.0,6449130998.0,-1.0,白城市洮南市,白城市洮南市胡力吐蒙古族乡,8.0,7.2,0.0,0.0,15.2,33.4625,36.49326923076923,46.871929824561406
吉林省,白城市,洮南市,万宝乡,121.8589445,45.8673872,0.0,0.0,2.0,1.0,1.0,0.0,0.0,0.0,0.0,0.0,0.0,0.0,0.0,0.0,0.0,0.0,0.0,0.0,0.0,0.0,0.0,0.0,0.0,0.0,0.0,1.0,0.0,0.0,0.0,1.0,0.0,0.0,0.0,1.0,3.0,1.0,0.0,0.0,1.0,0.0,1.0,0.0,0.0,0.0,0.0,0.0,0.0,0.0,0.0,0.0,0.0,0.0,0.0,0.0,0.0,0.0,0.0,0.0,0.0,0.0,0.0,1.0,0.0,0.0,0.0,1.0,0.0,0.0,0.0,1.0,2.0,0.0,3976262992.0,-1.0,白城市洮南市,白城市洮南市万宝乡,8.0,8.0,0.0,0.7,16.7,33.4625,36.49326923076923,46.871929824561406
吉林省,白城市,洮南市,聚宝乡,122.0767031,45.5741293,0.0,0.0,3.0,5.0,10.0,0.0,0.0,0.0,0.0,0.0,0.0,0.0,0.0,0.0,0.0,0.0,0.0,0.0,0.0,0.0,1.0,0.0,1.0,0.0,0.0,3.0,0.0,0.0,0.0,0.0,0.0,0.0,0.0,1.0,4.0,3.0,0.0,0.0,3.0,4.0,0.0,0.0,0.0,0.0,0.0,0.0,0.0,0.0,0.0,0.0,0.0,0.0,0.0,0.0,0.0,0.0,1.0,0.0,1.0,0.0,0.0,1.0,0.0,0.0,0.0,0.0,0.0,0.0,0.0,1.0,2.0,2.0,6449131000.0,-1.0,白城市洮南市,白城市洮南市聚宝乡,10.0,14.0,0.0,1.5,25.5,33.4625,36.49326923076923,46.871929824561406
吉林省,白城市,洮南市,东升乡,121.965031,45.8111929,0.0,0.0,9.0,1.0,4.0,0.0,0.0,0.0,0.0,0.0,0.0,0.0,0.0,0.0,0.0,0.0,0.0,0.0,0.0,0.0,1.0,0.0,0.0,0.0,0.0,1.0,0.0,0.0,0.0,0.0,0.0,0.0,0.0,1.0,5.0,2.0,0.0,0.0,3.0,0.0,1.0,0.0,0.0,0.0,0.0,0.0,0.0,0.0,0.0,0.0,0.0,0.0,0.0,0.0,0.0,0.0,1.0,0.0,0.0,0.0,0.0,1.0,0.0,0.0,0.0,0.0,0.0,0.0,0.0,1.0,2.0,1.0,6449130992.0,-1.0,白城市洮南市,白城市洮南市东升乡,8.0,9.6,0.0,1.0,18.6,33.4625,36.49326923076923,46.871929824561406
吉林省,白城市,洮南市,野马乡,122.0685815,45.7012825,0.0,0.0,4.0,2.0,5.0,0.0,0.0,0.0,0.0,0.0,0.0,0.0,0.0,0.0,0.0,0.0,0.0,0.0,0.0,0.0,2.0,0.0,0.0,0.0,0.0,2.0,0.0,0.0,0.0,0.0,0.0,0.0,0.0,1.0,4.0,2.0,0.0,0.0,2.0,1.0,0.0,0.0,0.0,0.0,0.0,0.0,0.0,0.0,0.0,0.0,0.0,0.0,0.0,0.0,0.0,0.0,1.0,0.0,0.0,0.0,0.0,1.0,0.0,0.0,0.0,0.0,0.0,0.0,0.0,1.0,2.0,1.0,6449131009.0,-1.0,白城市洮南市,白城市洮南市野马乡,9.0,10.0,0.0,1.0,20.0,33.4625,36.49326923076923,46.871929824561406
吉林省,白城市,洮南市,永茂乡,122.3185573,45.6047862,0.0,0.0,1.0,1.0,24.0,0.0,0.0,0.0,0.0,0.0,0.0,0.0,0.0,0.0,0.0,0.0,0.0,0.0,0.0,0.0,1.0,0.0,1.0,0.0,0.0,1.0,0.0,0.0,0.0,0.0,0.0,0.0,0.0,1.0,4.0,3.0,0.0,0.0,0.0,1.0,15.0,0.0,0.0,0.0,0.0,0.0,0.0,0.0,0.0,0.0,0.0,0.0,0.0,0.0,0.0,0.0,1.0,0.0,1.0,0.0,0.0,1.0,0.0,0.0,0.0,0.0,0.0,0.0,0.0,1.0,3.0,3.0,6449131011.0,-1.0,白城市洮南市,白城市洮南市永茂乡,8.0,17.3,0.0,1.5,26.8,33.4625,36.49326923076923,46.871929824561406
吉林省,白城市,洮南市,蛟流河乡,122.4328059,45.4857782,0.0,0.0,5.0,0.0,0.0,0.0,0.0,0.0,0.0,0.0,0.0,0.0,0.0,0.0,0.0,0.0,0.0,0.0,0.0,0.0,3.0,0.0,0.0,0.0,0.0,1.0,0.0,0.0,0.0,0.0,0.0,0.0,0.0,1.0,1.0,3.0,0.0,0.0,3.0,0.0,0.0,0.0,0.0,0.0,0.0,0.0,0.0,0.0,0.0,0.0,0.0,0.0,0.0,0.0,0.0,0.0,1.0,0.0,0.0,0.0,0.0,1.0,0.0,0.0,0.0,0.0,0.0,0.0,0.0,1.0,1.0,2.0,6449130999.0,-1.0,白城市洮南市,白城市洮南市蛟流河乡,8.0,5.5,0.0,1.5,15.0,33.4625,36.49326923076923,46.871929824561406
吉林省,白城市,洮南市,大通乡,122.5345886,45.3660281,0.0,2.0,1.0,3.0,6.0,0.0,0.0,0.0,0.0,0.0,0.0,0.0,0.0,0.0,0.0,0.0,0.0,0.0,0.0,0.0,3.0,0.0,1.0,0.0,0.0,1.0,0.0,0.0,0.0,0.0,0.0,0.0,0.0,1.0,5.0,3.0,0.0,2.0,1.0,3.0,6.0,0.0,0.0,0.0,0.0,0.0,0.0,0.0,0.0,0.0,0.0,0.0,0.0,0.0,0.0,0.0,2.0,0.0,1.0,0.0,0.0,1.0,0.0,0.0,0.0,0.0,0.0,0.0,0.0,1.0,5.0,3.0,6449130991.0,-1.0,白城市洮南市,白城市洮南市大通乡,8.0,13.5,0.0,1.5,23.0,33.4625,36.49326923076923,46.871929824561406
吉林省,白城市,洮南市,二龙乡,123.0451217,45.3466306,0.0,0.0,1.0,0.0,9.0,0.0,0.0,0.0,0.0,0.0,0.0,0.0,0.0,0.0,0.0,0.0,0.0,0.0,0.0,0.0,0.0,0.0,1.0,0.0,0.0,5.0,0.0,0.0,0.0,1.0,0.0,0.0,0.0,1.0,2.0,2.0,0.0,0.0,1.0,0.0,9.0,0.0,0.0,0.0,0.0,0.0,0.0,0.0,0.0,0.0,0.0,0.0,0.0,0.0,0.0,0.0,0.0,0.0,1.0,0.0,0.0,2.0,0.0,0.0,0.0,1.0,0.0,0.0,0.0,1.0,2.0,1.0,6449130993.0,9552922.0,白城市洮南市,白城市洮南市二龙乡,20.0,10.5,0.0,1.2,31.7,33.4625,36.49326923076923,46.871929824561406
吉林省,白城市,洮南市,呼和车力蒙古族乡,122.3971168,45.2169412,0.0,0.0,4.0,1.0,17.0,0.0,0.0,0.0,0.0,0.0,0.0,0.0,0.0,0.0,0.0,0.0,0.0,0.0,0.0,0.0,6.0,0.0,0.0,0.0,0.0,3.0,0.0,0.0,0.0,0.0,0.0,0.0,0.0,1.0,4.0,3.0,0.0,0.0,4.0,1.0,15.0,0.0,0.0,0.0,0.0,0.0,0.0,0.0,0.0,0.0,0.0,0.0,0.0,0.0,0.0,0.0,1.0,0.0,0.0,0.0,0.0,1.0,0.0,0.0,0.0,0.0,0.0,0.0,0.0,1.0,3.0,3.0,6449130997.0,-1.0,白城市洮南市,白城市洮南市呼和车力蒙古族乡,10.0,15.9,0.0,1.5,27.4,33.4625,36.49326923076923,46.871929824561406
吉林省,白城市,大安市,慧阳街道,124.3005563,45.5028404,7.0,2.0,5.0,9.0,41.0,8.0,0.0,5.0,0.0,2.0,0.0,0.0,0.0,0.0,1.0,1.0,0.0,0.0,0.0,0.0,2.0,0.0,5.0,0.0,0.0,9.0,17.0,0.0,0.0,4.0,0.0,18.0,1.0,9.0,9.0,6.0,2.0,0.0,2.0,5.0,11.0,0.0,0.0,0.0,0.0,0.0,0.0,0.0,0.0,0.0,0.0,0.0,0.0,0.0,0.0,0.0,1.0,0.0,1.0,0.0,0.0,1.0,1.0,0.0,0.0,1.0,0.0,0.0,0.0,3.0,5.0,2.0,6443506859.0,9536081.0,白城市大安市,白城市大安市慧阳街道,20.0,26.0,0.0,5.300000000000001,51.3,36.7304347826087,36.49326923076923,46.871929824561406
吉林省,白城市,大安市,临江街道,124.2889352,45.5155478,3.0,5.0,5.0,11.0,43.0,6.0,0.0,14.0,0.0,1.0,0.0,0.0,0.0,0.0,1.0,1.0,0.0,0.0,0.0,0.0,4.0,0.0,3.0,0.0,0.0,11.0,15.0,0.0,0.0,5.0,0.0,15.0,2.0,15.0,11.0,8.0,3.0,1.0,1.0,2.0,10.0,0.0,0.0,0.0,0.0,0.0,0.0,0.0,0.0,0.0,1.0,1.0,0.0,0.0,0.0,0.0,1.0,0.0,0.0,0.0,0.0,1.0,3.0,0.0,0.0,0.0,0.0,11.0,1.0,3.0,6.0,5.0,6443506864.0,9536082.0,白城市大安市,白城市大安市临江街道,20.0,26.0,5.0,6.300000000000001,57.3,36.7304347826087,36.49326923076923,46.871929824561406
吉林省,白城市,大安市,长虹街道,124.2756753,45.4955178,9.0,6.0,10.0,12.0,51.0,11.0,0.0,6.0,0.0,2.0,1.0,1.0,0.0,0.0,1.0,1.0,0.0,0.0,0.0,0.0,4.0,0.0,4.0,0.0,0.0,14.0,25.0,0.0,0.0,5.0,0.0,18.0,1.0,10.0,13.0,6.0,0.0,0.0,3.0,5.0,11.0,0.0,0.0,0.0,0.0,0.0,0.0,0.0,0.0,0.0,0.0,0.0,0.0,0.0,0.0,0.0,2.0,0.0,1.0,0.0,0.0,2.0,10.0,0.0,0.0,0.0,0.0,0.0,0.0,5.0,4.0,2.0,6443506855.0,9536078.0,白城市大安市,白城市大安市长虹街道,20.0,28.0,5.0,7.0,60.0,36.7304347826087,36.49326923076923,46.871929824561406
吉林省,白城市,大安市,锦华街道,124.2702993,45.5064046,4.0,6.0,10.0,15.0,50.0,12.0,0.0,6.0,0.0,3.0,1.0,1.0,0.0,0.0,1.0,1.0,0.0,0.0,0.0,0.0,4.0,0.0,3.0,0.0,0.0,13.0,25.0,0.0,0.0,5.0,0.0,18.0,1.0,11.0,14.0,7.0,0.0,4.0,2.0,4.0,9.0,0.0,0.0,0.0,0.0,0.0,0.0,0.0,0.0,0.0,0.0,0.0,0.0,0.0,0.0,0.0,1.0,0.0,1.0,0.0,0.0,2.0,4.0,0.0,0.0,0.0,0.0,3.0,0.0,5.0,4.0,3.0,6443506860.0,-1.0,白城市大安市,白城市大安市锦华街道,12.0,28.0,5.0,6.9,51.9,36.7304347826087,36.49326923076923,46.871929824561406
吉林省,白城市,大安市,安北街道,124.2477856,45.5322848,9.0,6.0,2.0,11.0,19.0,6.0,0.0,14.0,0.0,1.0,0.0,0.0,0.0,0.0,1.0,1.0,0.0,0.0,0.0,0.0,3.0,0.0,5.0,0.0,0.0,9.0,6.0,0.0,0.0,11.0,0.0,5.0,1.0,13.0,13.0,8.0,0.0,0.0,0.0,2.0,0.0,0.0,0.0,0.0,0.0,0.0,0.0,0.0,0.0,0.0,0.0,0.0,0.0,0.0,0.0,0.0,0.0,0.0,4.0,0.0,0.0,3.0,1.0,0.0,0.0,0.0,0.0,0.0,0.0,3.0,1.0,2.0,6443506853.0,9536077.0,白城市大安市,白城市大安市安北街道,20.0,19.8,0.0,5.8,45.599999999999994,36.7304347826087,36.49326923076923,46.871929824561406
吉林省,白城市,大安市,月亮泡镇,124.0020852,45.6949055,0.0,1.0,4.0,1.0,21.0,0.0,0.0,0.0,0.0,0.0,0.0,0.0,0.0,0.0,1.0,1.0,0.0,0.0,0.0,0.0,4.0,0.0,0.0,0.0,0.0,7.0,2.0,0.0,0.0,0.0,0.0,0.0,0.0,4.0,5.0,3.0,0.0,0.0,2.0,1.0,8.0,0.0,0.0,0.0,0.0,0.0,0.0,0.0,0.0,0.0,1.0,1.0,0.0,0.0,0.0,0.0,1.0,0.0,0.0,0.0,0.0,2.0,2.0,0.0,0.0,0.0,0.0,0.0,0.0,1.0,4.0,1.0,6443506871.0,-1.0,白城市大安市,白城市大安市月亮泡镇,12.0,15.1,5.0,1.9,34.0,36.7304347826087,36.49326923076923,46.871929824561406
吉林省,白城市,大安市,安广镇,123.7647141,45.5887715,3.0,2.0,3.0,10.0,81.0,0.0,0.0,4.0,3.0,2.0,0.0,0.0,0.0,0.0,0.0,0.0,0.0,0.0,0.0,0.0,3.0,0.0,1.0,0.0,0.0,5.0,16.0,0.0,0.0,0.0,0.0,1.0,0.0,3.0,11.0,5.0,1.0,1.0,1.0,1.0,34.0,0.0,0.0,0.0,0.0,0.0,0.0,0.0,0.0,0.0,0.0,0.0,0.0,0.0,0.0,0.0,1.0,0.0,0.0,0.0,0.0,1.0,0.0,0.0,0.0,0.0,0.0,1.0,0.0,1.0,5.0,3.0,6443506854.0,-1.0,白城市大安市,白城市大安市安广镇,12.0,28.0,0.0,4.1,44.1,36.7304347826087,36.49326923076923,46.871929824561406
吉林省,白城市,大安市,丰收镇,123.6277169,45.671878,0.0,0.0,2.0,1.0,11.0,1.0,0.0,0.0,0.0,0.0,0.0,0.0,0.0,0.0,0.0,0.0,0.0,0.0,0.0,0.0,1.0,0.0,0.0,0.0,0.0,7.0,9.0,0.0,0.0,0.0,0.0,0.0,0.0,1.0,6.0,1.0,0.0,0.0,2.0,1.0,3.0,0.0,0.0,0.0,0.0,0.0,0.0,0.0,0.0,0.0,0.0,0.0,0.0,0.0,0.0,0.0,0.0,0.0,0.0,0.0,0.0,2.0,9.0,0.0,0.0,0.0,0.0,0.0,0.0,1.0,4.0,0.0,6443506857.0,-1.0,白城市大安市,白城市大安市丰收镇,12.0,12.1,0.0,2.3,26.400000000000002,36.7304347826087,36.49326923076923,46.871929824561406
吉林省,白城市,大安市,新平安镇,123.665446,45.3416642,3.0,2.0,1.0,1.0,13.0,0.0,0.0,0.0,0.0,0.0,0.0,0.0,0.0,0.0,0.0,0.0,0.0,0.0,0.0,0.0,1.0,0.0,0.0,0.0,0.0,4.0,0.0,0.0,0.0,0.0,0.0,0.0,0.0,1.0,6.0,2.0,1.0,2.0,1.0,1.0,12.0,0.0,0.0,0.0,0.0,0.0,0.0,0.0,0.0,0.0,0.0,0.0,0.0,0.0,0.0,0.0,1.0,0.0,0.0,0.0,0.0,1.0,0.0,0.0,0.0,0.0,0.0,0.0,0.0,1.0,6.0,2.0,5061574199.0,-1.0,白城市大安市,白城市大安市新平安镇,11.0,15.2,0.0,1.0,27.2,36.7304347826087,36.49326923076923,46.871929824561406
吉林省,白城市,大安市,两家子镇,123.9455336,45.5225845,0.0,0.0,15.0,2.0,57.0,1.0,0.0,0.0,1.0,0.0,0.0,0.0,0.0,0.0,0.0,0.0,0.0,0.0,0.0,0.0,7.0,0.0,4.0,0.0,0.0,10.0,38.0,0.0,0.0,2.0,0.0,2.0,0.0,3.0,5.0,6.0,0.0,0.0,11.0,0.0,24.0,0.0,0.0,0.0,1.0,0.0,0.0,0.0,0.0,0.0,0.0,0.0,0.0,0.0,0.0,0.0,2.0,0.0,2.0,0.0,0.0,2.0,17.0,0.0,0.0,0.0,0.0,2.0,0.0,3.0,3.0,5.0,6443506861.0,-1.0,白城市大安市,白城市大安市两家子镇,12.0,24.5,0.0,8.7,45.2,36.7304347826087,36.49326923076923,46.871929824561406
吉林省,白城市,大安市,舍力镇,123.3641174,45.5575398,6.0,0.0,4.0,6.0,16.0,1.0,0.0,0.0,0.0,0.0,1.0,0.0,0.0,0.0,0.0,0.0,0.0,0.0,0.0,0.0,5.0,0.0,1.0,1.0,0.0,2.0,43.0,0.0,0.0,0.0,0.0,2.0,0.0,3.0,8.0,5.0,5.0,0.0,4.0,3.0,10.0,0.0,0.0,0.0,0.0,0.0,0.0,0.0,0.0,0.0,0.0,0.0,0.0,0.0,0.0,0.0,4.0,0.0,0.0,0.0,0.0,2.0,17.0,0.0,0.0,0.0,0.0,2.0,0.0,2.0,5.0,3.0,1732027910.0,-1.0,白城市大安市,白城市大安市舍力镇,9.0,22.2,0.0,8.5,39.7,36.7304347826087,36.49326923076923,46.871929824561406
吉林省,白城市,大安市,大岗子镇,123.5673094,45.2303696,0.0,4.0,1.0,1.0,6.0,2.0,0.0,0.0,0.0,0.0,0.0,0.0,0.0,0.0,0.0,0.0,0.0,0.0,0.0,0.0,0.0,0.0,0.0,0.0,0.0,1.0,0.0,0.0,0.0,1.0,0.0,1.0,0.0,1.0,6.0,4.0,0.0,3.0,0.0,1.0,5.0,2.0,0.0,0.0,0.0,0.0,0.0,0.0,0.0,0.0,0.0,0.0,0.0,0.0,0.0,0.0,0.0,0.0,0.0,0.0,0.0,1.0,0.0,0.0,0.0,1.0,0.0,1.0,0.0,1.0,4.0,2.0,5061573941.0,-1.0,白城市大安市,白城市大安市大岗子镇,8.0,11.7,0.0,2.2,21.9,36.7304347826087,36.49326923076923,46.871929824561406
吉林省,白城市,大安市,叉干镇,123.386574,45.4367007,5.0,0.0,0.0,0.0,0.0,0.0,0.0,0.0,0.0,0.0,0.0,0.0,0.0,0.0,0.0,0.0,0.0,0.0,0.0,0.0,0.0,0.0,0.0,0.0,0.0,4.0,0.0,0.0,0.0,0.0,0.0,0.0,0.0,1.0,1.0,1.0,1.0,0.0,0.0,0.0,0.0,0.0,0.0,0.0,0.0,0.0,0.0,0.0,0.0,0.0,0.0,0.0,0.0,0.0,0.0,0.0,0.0,0.0,0.0,0.0,0.0,2.0,0.0,0.0,0.0,0.0,0.0,0.0,0.0,1.0,1.0,1.0,1731938244.0,-1.0,白城市大安市,白城市大安市叉干镇,11.0,5.5,0.0,0.5,17.0,36.7304347826087,36.49326923076923,46.871929824561406
吉林省,白城市,大安市,龙沼镇,123.6022776,45.093444,0.0,0.0,8.0,1.0,0.0,0.0,0.0,0.0,0.0,0.0,0.0,0.0,0.0,0.0,0.0,0.0,0.0,0.0,0.0,0.0,0.0,0.0,0.0,0.0,0.0,2.0,0.0,0.0,0.0,0.0,0.0,0.0,0.0,1.0,2.0,3.0,0.0,0.0,5.0,1.0,0.0,0.0,0.0,0.0,0.0,0.0,0.0,0.0,0.0,0.0,0.0,0.0,0.0,0.0,0.0,0.0,0.0,0.0,0.0,0.0,0.0,1.0,0.0,0.0,0.0,0.0,0.0,0.0,0.0,1.0,2.0,2.0,6443506865.0,-1.0,白城市大安市,白城市大安市龙沼镇,9.0,7.0,0.0,1.5,17.5,36.7304347826087,36.49326923076923,46.871929824561406
吉林省,白城市,大安市,太山镇,124.075903,45.5585434,3.0,0.0,5.0,6.0,20.0,0.0,0.0,0.0,0.0,0.0,0.0,0.0,0.0,0.0,0.0,0.0,0.0,0.0,0.0,0.0,4.0,0.0,0.0,0.0,0.0,12.0,0.0,0.0,0.0,11.0,0.0,0.0,0.0,2.0,10.0,3.0,1.0,0.0,2.0,0.0,1.0,0.0,0.0,0.0,0.0,0.0,0.0,0.0,0.0,0.0,0.0,0.0,0.0,0.0,0.0,0.0,1.0,0.0,0.0,0.0,0.0,2.0,0.0,0.0,0.0,8.0,0.0,0.0,0.0,2.0,6.0,1.0,6443506869.0,-1.0,白城市大安市,白城市大安市太山镇,12.0,18.3,0.0,3.4000000000000004,33.7,36.7304347826087,36.49326923076923,46.871929824561406
吉林省,白城市,大安市,四棵树乡,124.1900115,45.4128146,1.0,0.0,0.0,0.0,5.0,0.0,0.0,0.0,0.0,0.0,0.0,0.0,0.0,0.0,1.0,1.0,0.0,0.0,0.0,0.0,1.0,0.0,0.0,0.0,0.0,8.0,0.0,0.0,0.0,0.0,0.0,0.0,0.0,2.0,3.0,2.0,0.0,0.0,0.0,0.0,0.0,0.0,0.0,0.0,0.0,0.0,0.0,0.0,0.0,0.0,0.0,0.0,0.0,0.0,0.0,0.0,0.0,0.0,0.0,0.0,0.0,3.0,0.0,0.0,0.0,0.0,0.0,0.0,0.0,2.0,0.0,1.0,6443506868.0,-1.0,白城市大安市,白城市大安市四棵树乡,12.0,7.5,0.0,1.0,20.5,36.7304347826087,36.49326923076923,46.871929824561406
吉林省,白城市,大安市,联合乡,124.1765066,45.4869002,0.0,0.0,0.0,4.0,70.0,1.0,0.0,0.0,0.0,0.0,0.0,0.0,0.0,0.0,0.0,0.0,0.0,0.0,0.0,0.0,3.0,0.0,0.0,0.0,0.0,9.0,0.0,0.0,0.0,18.0,0.0,0.0,0.0,2.0,4.0,2.0,0.0,0.0,0.0,2.0,29.0,1.0,0.0,0.0,0.0,0.0,0.0,0.0,0.0,0.0,0.0,0.0,0.0,0.0,0.0,0.0,1.0,0.0,0.0,0.0,0.0,2.0,0.0,0.0,0.0,7.0,0.0,0.0,0.0,1.0,4.0,1.0,6443506863.0,-1.0,白城市大安市,白城市大安市联合乡,12.0,22.0,0.0,3.5,37.5,36.7304347826087,36.49326923076923,46.871929824561406
吉林省,白城市,大安市,大赉乡,124.2729048,45.5014236,4.0,6.0,10.0,15.0,58.0,11.0,0.0,6.0,0.0,2.0,1.0,1.0,0.0,0.0,1.0,1.0,0.0,0.0,0.0,0.0,5.0,0.0,4.0,0.0,0.0,15.0,25.0,0.0,0.0,6.0,0.0,18.0,1.0,10.0,14.0,6.0,0.0,1.0,3.0,4.0,12.0,0.0,0.0,0.0,0.0,0.0,0.0,0.0,0.0,0.0,0.0,0.0,0.0,0.0,0.0,0.0,2.0,0.0,1.0,0.0,0.0,3.0,7.0,0.0,0.0,0.0,0.0,1.0,0.0,6.0,4.0,3.0,6443506856.0,9536080.0,白城市大安市,白城市大安市大赉乡,20.0,28.0,5.0,6.800000000000001,59.8,36.7304347826087,36.49326923076923,46.871929824561406
吉林省,白城市,大安市,红岗子乡,123.8940926,45.6204853,1.0,0.0,0.0,19.0,16.0,0.0,0.0,0.0,0.0,0.0,0.0,0.0,0.0,0.0,1.0,1.0,0.0,0.0,0.0,0.0,3.0,0.0,2.0,0.0,0.0,8.0,0.0,0.0,0.0,0.0,0.0,0.0,0.0,3.0,6.0,5.0,1.0,0.0,0.0,8.0,3.0,0.0,0.0,0.0,0.0,0.0,0.0,0.0,0.0,0.0,1.0,1.0,0.0,0.0,0.0,0.0,0.0,0.0,0.0,0.0,0.0,2.0,0.0,0.0,0.0,0.0,0.0,0.0,0.0,2.0,4.0,0.0,6443506858.0,-1.0,白城市大安市,白城市大安市红岗子乡,12.0,17.1,5.0,2.5,36.6,36.7304347826087,36.49326923076923,46.871929824561406
吉林省,白城市,大安市,海坨乡,123.7687755,45.192986,5.0,0.0,0.0,4.0,2.0,0.0,0.0,0.0,4.0,0.0,0.0,0.0,0.0,0.0,0.0,0.0,0.0,0.0,0.0,0.0,0.0,0.0,0.0,0.0,0.0,1.0,0.0,0.0,0.0,0.0,0.0,0.0,0.0,1.0,4.0,2.0,1.0,0.0,0.0,2.0,1.0,0.0,0.0,0.0,4.0,0.0,0.0,0.0,0.0,0.0,0.0,0.0,0.0,0.0,0.0,0.0,0.0,0.0,0.0,0.0,0.0,1.0,0.0,0.0,0.0,0.0,0.0,0.0,0.0,1.0,4.0,1.0,5061574305.0,-1.0,白城市大安市,白城市大安市海坨乡,8.0,13.7,0.0,1.0,22.7,36.7304347826087,36.49326923076923,46.871929824561406
吉林省,白城市,大安市,新艾里蒙古族乡,123.3981298,45.6506537,0.0,0.0,1.0,0.0,7.0,0.0,0.0,0.0,0.0,0.0,0.0,0.0,0.0,0.0,0.0,0.0,0.0,0.0,0.0,0.0,1.0,0.0,0.0,0.0,0.0,3.0,0.0,0.0,0.0,0.0,0.0,0.0,0.0,1.0,3.0,1.0,0.0,0.0,1.0,0.0,5.0,0.0,0.0,0.0,0.0,0.0,0.0,0.0,0.0,0.0,0.0,0.0,0.0,0.0,0.0,0.0,0.0,0.0,0.0,0.0,0.0,2.0,0.0,0.0,0.0,0.0,0.0,0.0,0.0,1.0,3.0,0.0,6443506870.0,-1.0,白城市大安市,白城市大安市新艾里蒙古族乡,10.0,9.4,0.0,0.5,19.9,36.7304347826087,36.49326923076923,46.871929824561406
吉林省,白城市,大安市,烧锅镇乡,123.5356855,45.6496682,0.0,0.0,2.0,3.0,11.0,0.0,0.0,0.0,0.0,0.0,0.0,0.0,0.0,0.0,1.0,1.0,0.0,0.0,0.0,0.0,1.0,0.0,0.0,0.0,0.0,4.0,12.0,0.0,0.0,0.0,0.0,0.0,0.0,1.0,4.0,1.0,0.0,0.0,2.0,3.0,4.0,0.0,0.0,0.0,0.0,0.0,0.0,0.0,0.0,0.0,1.0,1.0,0.0,0.0,0.0,0.0,0.0,0.0,0.0,0.0,0.0,2.0,6.0,0.0,0.0,0.0,0.0,0.0,0.0,1.0,3.0,0.0,6443506867.0,-1.0,白城市大安市,白城市大安市烧锅镇乡,11.0,13.4,5.0,2.3,31.7,36.7304347826087,36.49326923076923,46.871929824561406
吉林省,白城市,大安市,乐胜乡,123.7688874,45.5580832,1.0,2.0,0.0,8.0,57.0,0.0,0.0,4.0,3.0,2.0,0.0,0.0,0.0,0.0,0.0,0.0,0.0,0.0,0.0,0.0,5.0,0.0,0.0,0.0,0.0,7.0,16.0,0.0,0.0,1.0,0.0,0.0,0.0,2.0,8.0,2.0,0.0,1.0,0.0,2.0,5.0,0.0,0.0,0.0,0.0,0.0,0.0,0.0,0.0,0.0,0.0,0.0,0.0,0.0,0.0,0.0,1.0,0.0,0.0,0.0,0.0,2.0,6.0,0.0,0.0,0.0,0.0,0.0,0.0,1.0,4.0,1.0,6443506862.0,-1.0,白城市大安市,白城市大安市乐胜乡,12.0,28.0,0.0,3.3000000000000003,43.3,36.7304347826087,36.49326923076923,46.871929824561406
吉林省,延边朝鲜族自治州,延吉市,进学街道,129.5150835,42.8990877,14.0,152.0,186.0,193.0,376.0,1016.0,8.0,622.0,664.0,91.0,11.0,26.0,13.0,17.0,34.0,60.0,4.0,4.0,23.0,191.0,281.0,28.0,72.0,29.0,29.0,67.0,3321.0,94.0,197.0,32.0,238.0,194.0,48.0,14.0,24.0,25.0,0.0,39.0,39.0,24.0,61.0,186.0,3.0,25.0,80.0,10.0,2.0,5.0,3.0,3.0,10.0,18.0,0.0,0.0,2.0,28.0,54.0,3.0,2.0,4.0,5.0,14.0,905.0,23.0,63.0,8.0,59.0,32.0,7.0,3.0,14.0,15.0,6418232784.0,9503904.0,延边朝鲜族自治州延吉市,延边朝鲜族自治州延吉市进学街道,20.0,30.0,23.0,20.0,93.0,88.24,68.33854166666667,46.871929824561406
吉林省,延边朝鲜族自治州,延吉市,北山街道,129.5123239,42.9243507,8.0,115.0,172.0,150.0,341.0,1029.0,2.0,524.0,545.0,80.0,9.0,23.0,14.0,17.0,28.0,53.0,5.0,4.0,22.0,159.0,212.0,17.0,31.0,20.0,21.0,60.0,2883.0,70.0,199.0,29.0,211.0,163.0,42.0,12.0,23.0,25.0,0.0,9.0,27.0,32.0,49.0,162.0,0.0,66.0,78.0,6.0,2.0,6.0,2.0,2.0,5.0,9.0,1.0,0.0,1.0,6.0,40.0,2.0,5.0,3.0,0.0,11.0,289.0,6.0,51.0,3.0,23.0,17.0,4.0,3.0,13.0,14.0,6418232780.0,9503901.0,延边朝鲜族自治州延吉市,延边朝鲜族自治州延吉市北山街道,20.0,30.0,28.0,20.0,98.0,88.24,68.33854166666667,46.871929824561406
吉林省,延边朝鲜族自治州,延吉市,新兴街道,129.4959512,42.9305233,6.0,93.0,115.0,97.0,356.0,763.0,2.0,421.0,395.0,63.0,7.0,14.0,10.0,12.0,18.0,30.0,4.0,3.0,11.0,112.0,137.0,10.0,26.0,18.0,14.0,43.0,1825.0,24.0,112.0,19.0,146.0,118.0,29.0,11.0,23.0,25.0,0.0,14.0,34.0,31.0,55.0,165.0,1.0,27.0,83.0,16.0,2.0,7.0,1.0,1.0,4.0,5.0,2.0,0.0,0.0,1.0,39.0,2.0,7.0,1.0,0.0,9.0,184.0,4.0,30.0,8.0,36.0,18.0,1.0,3.0,12.0,12.0,6418233485.0,9503906.0,延边朝鲜族自治州延吉市,延边朝鲜族自治州延吉市新兴街道,20.0,30.0,21.0,20.0,91.0,88.24,68.33854166666667,46.871929824561406
吉林省,延边朝鲜族自治州,延吉市,公园街道,129.4783591,42.9044665,14.0,119.0,189.0,158.0,270.0,1166.0,18.0,1169.0,533.0,121.0,6.0,36.0,16.0,21.0,28.0,48.0,7.0,5.0,22.0,198.0,251.0,32.0,16.0,29.0,24.0,53.0,3140.0,105.0,161.0,35.0,263.0,173.0,52.0,20.0,23.0,27.0,0.0,10.0,19.0,16.0,24.0,233.0,7.0,248.0,56.0,29.0,1.0,1.0,4.0,6.0,3.0,8.0,0.0,2.0,1.0,49.0,39.0,6.0,2.0,3.0,8.0,8.0,545.0,19.0,35.0,5.0,79.0,26.0,11.0,4.0,14.0,18.0,6418232781.0,15063245.0,延边朝鲜族自治州延吉市,延边朝鲜族自治州延吉市公园街道,20.0,30.0,25.0,20.0,95.0,88.24,68.33854166666667,46.871929824561406
吉林省,延边朝鲜族自治州,延吉市,河南街道,129.4760173,42.8925721,34.0,62.0,140.0,124.0,216.0,853.0,16.0,952.0,404.0,74.0,5.0,28.0,11.0,15.0,12.0,28.0,6.0,3.0,7.0,108.0,192.0,25.0,16.0,17.0,29.0,39.0,2083.0,55.0,91.0,35.0,163.0,97.0,34.0,13.0,24.0,26.0,0.0,9.0,19.0,20.0,14.0,170.0,9.0,336.0,36.0,18.0,0.0,3.0,1.0,1.0,2.0,7.0,0.0,1.0,0.0,2.0,23.0,4.0,2.0,0.0,5.0,7.0,315.0,13.0,27.0,7.0,32.0,28.0,1.0,5.0,18.0,16.0,6418232782.0,9503902.0,延边朝鲜族自治州延吉市,延边朝鲜族自治州延吉市河南街道,20.0,30.0,19.0,20.0,89.0,88.24,68.33854166666667,46.871929824561406
吉林省,延边朝鲜族自治州,延吉市,建工街道,129.5141885,42.8886955,10.0,154.0,197.0,195.0,397.0,1193.0,8.0,773.0,719.0,107.0,12.0,30.0,15.0,20.0,36.0,65.0,5.0,5.0,23.0,218.0,312.0,29.0,63.0,32.0,28.0,70.0,3823.0,97.0,194.0,36.0,292.0,209.0,55.0,15.0,23.0,26.0,0.0,42.0,60.0,29.0,72.0,204.0,3.0,195.0,86.0,26.0,1.0,9.0,1.0,1.0,7.0,10.0,0.0,0.0,8.0,33.0,65.0,10.0,0.0,10.0,1.0,10.0,727.0,52.0,65.0,10.0,79.0,34.0,10.0,7.0,14.0,16.0,6418232783.0,9503903.0,延边朝鲜族自治州延吉市,延边朝鲜族自治州延吉市建工街道,20.0,30.0,23.0,20.0,93.0,88.24,68.33854166666667,46.871929824561406
吉林省,延边朝鲜族自治州,延吉市,小营镇,129.484313,42.894905,0.0,124.0,193.0,173.0,332.0,1155.0,22.0,1106.0,643.0,119.0,7.0,40.0,15.0,20.0,26.0,46.0,7.0,5.0,23.0,219.0,293.0,33.0,19.0,32.0,27.0,59.0,3321.0,110.0,159.0,32.0,282.0,179.0,64.0,17.0,22.0,27.0,0.0,13.0,35.0,46.0,58.0,150.0,2.0,142.0,88.0,7.0,1.0,4.0,3.0,5.0,4.0,7.0,0.0,0.0,1.0,14.0,60.0,7.0,4.0,1.0,1.0,9.0,565.0,12.0,29.0,2.0,23.0,18.0,6.0,1.0,14.0,18.0,-1.0,9503697.0,延边朝鲜族自治州延吉市,延边朝鲜族自治州延吉市小营镇,20.0,30.0,23.0,20.0,93.0,88.24,68.33854166666667,46.871929824561406
吉林省,延边朝鲜族自治州,延吉市,依兰镇,129.4855174,42.9560863,22.0,12.0,0.0,36.0,390.0,143.0,1.0,12.0,152.0,11.0,1.0,3.0,3.0,3.0,5.0,7.0,2.0,0.0,0.0,1.0,28.0,1.0,31.0,1.0,1.0,20.0,410.0,0.0,24.0,3.0,22.0,11.0,2.0,5.0,15.0,24.0,6.0,3.0,0.0,1.0,68.0,8.0,0.0,2.0,24.0,1.0,0.0,2.0,0.0,0.0,0.0,1.0,0.0,0.0,0.0,0.0,8.0,0.0,17.0,0.0,0.0,5.0,43.0,0.0,0.0,0.0,1.0,1.0,0.0,1.0,12.0,11.0,3472044548.0,9503698.0,延边朝鲜族自治州延吉市,延边朝鲜族自治州延吉市依兰镇,20.0,30.0,5.0,20.0,75.0,88.24,68.33854166666667,46.871929824561406
吉林省,延边朝鲜族自治州,延吉市,三道湾镇,129.1699164,43.1570517,0.0,9.0,1.0,6.0,49.0,8.0,0.0,0.0,3.0,0.0,0.0,2.0,1.0,1.0,1.0,1.0,2.0,0.0,0.0,0.0,6.0,0.0,1.0,0.0,0.0,3.0,11.0,0.0,0.0,2.0,1.0,0.0,0.0,1.0,8.0,9.0,0.0,9.0,1.0,6.0,42.0,5.0,0.0,0.0,3.0,0.0,0.0,2.0,1.0,1.0,1.0,1.0,2.0,0.0,0.0,0.0,5.0,0.0,1.0,0.0,0.0,2.0,11.0,0.0,0.0,2.0,1.0,0.0,0.0,1.0,8.0,7.0,3142207815.0,9503696.0,延边朝鲜族自治州延吉市,延边朝鲜族自治州延吉市三道湾镇,18.0,26.0,20.0,6.6,70.6,88.24,68.33854166666667,46.871929824561406
吉林省,延边朝鲜族自治州,延吉市,朝阳川镇,129.363486,42.8795144,15.0,34.0,16.0,8.0,209.0,86.0,0.0,127.0,32.0,11.0,2.0,4.0,1.0,1.0,4.0,8.0,4.0,0.0,0.0,0.0,29.0,4.0,28.0,0.0,2.0,23.0,77.0,12.0,16.0,18.0,14.0,15.0,2.0,7.0,20.0,23.0,5.0,5.0,11.0,2.0,84.0,14.0,0.0,0.0,22.0,3.0,0.0,2.0,1.0,1.0,4.0,5.0,1.0,0.0,0.0,0.0,14.0,1.0,5.0,0.0,0.0,9.0,11.0,0.0,0.0,2.0,8.0,0.0,1.0,4.0,10.0,12.0,1590460681.0,6905672.0,延边朝鲜族自治州延吉市,延边朝鲜族自治州延吉市朝阳川镇,20.0,30.0,20.0,14.8,84.8,88.24,68.33854166666667,46.871929824561406
吉林省,延边朝鲜族自治州,图们市,向上街道,129.8458283,42.9686588,10.0,22.0,14.0,31.0,163.0,106.0,1.0,28.0,28.0,2.0,3.0,23.0,6.0,19.0,12.0,13.0,5.0,2.0,9.0,87.0,43.0,2.0,4.0,0.0,1.0,22.0,1160.0,9.0,69.0,27.0,20.0,13.0,13.0,30.0,19.0,26.0,2.0,2.0,6.0,11.0,37.0,28.0,1.0,10.0,22.0,2.0,2.0,18.0,3.0,16.0,6.0,6.0,2.0,2.0,8.0,81.0,10.0,0.0,1.0,0.0,0.0,10.0,331.0,0.0,0.0,16.0,16.0,11.0,9.0,17.0,15.0,13.0,6415794009.0,9500620.0,延边朝鲜族自治州图们市,延边朝鲜族自治州图们市向上街道,20.0,30.0,30.0,20.0,100.0,75.10000000000001,68.33854166666667,46.871929824561406
吉林省,延边朝鲜族自治州,图们市,新华街道,129.8472034,42.9668538,10.0,22.0,14.0,33.0,173.0,117.0,1.0,28.0,28.0,2.0,3.0,23.0,6.0,19.0,12.0,13.0,5.0,2.0,9.0,87.0,48.0,2.0,5.0,0.0,1.0,22.0,1177.0,9.0,69.0,27.0,20.0,14.0,13.0,29.0,19.0,26.0,3.0,6.0,5.0,7.0,37.0,13.0,0.0,9.0,20.0,2.0,1.0,18.0,4.0,13.0,5.0,5.0,1.0,2.0,8.0,58.0,5.0,2.0,1.0,0.0,0.0,10.0,326.0,0.0,0.0,13.0,13.0,8.0,7.0,16.0,14.0,15.0,6415794010.0,9500621.0,延边朝鲜族自治州图们市,延边朝鲜族自治州图们市新华街道,20.0,30.0,30.0,20.0,100.0,75.10000000000001,68.33854166666667,46.871929824561406
吉林省,延边朝鲜族自治州,图们市,月宫街道,129.8339196,42.9701077,10.0,22.0,14.0,30.0,134.0,97.0,1.0,27.0,27.0,2.0,2.0,23.0,6.0,19.0,10.0,11.0,5.0,2.0,9.0,87.0,28.0,2.0,4.0,0.0,1.0,22.0,851.0,7.0,49.0,26.0,20.0,13.0,12.0,30.0,19.0,25.0,5.0,0.0,7.0,11.0,27.0,24.0,1.0,1.0,10.0,0.0,1.0,10.0,1.0,8.0,6.0,6.0,0.0,0.0,2.0,39.0,9.0,0.0,4.0,0.0,1.0,6.0,201.0,0.0,0.0,9.0,7.0,2.0,2.0,6.0,14.0,8.0,6415794011.0,9500622.0,延边朝鲜族自治州图们市,延边朝鲜族自治州图们市月宫街道,20.0,30.0,23.0,20.0,93.0,75.10000000000001,68.33854166666667,46.871929824561406
吉林省,延边朝鲜族自治州,图们市,月晴镇,129.8228477,42.8831507,5.0,0.0,6.0,1.0,83.0,67.0,0.0,0.0,1.0,0.0,0.0,1.0,0.0,0.0,1.0,1.0,0.0,0.0,0.0,0.0,13.0,1.0,1.0,0.0,0.0,17.0,60.0,0.0,0.0,0.0,0.0,0.0,1.0,16.0,7.0,10.0,3.0,0.0,0.0,1.0,41.0,24.0,0.0,0.0,0.0,0.0,0.0,1.0,0.0,0.0,1.0,1.0,0.0,0.0,0.0,0.0,5.0,1.0,0.0,0.0,0.0,6.0,57.0,0.0,0.0,0.0,0.0,0.0,0.0,2.0,6.0,6.0,3498114716.0,16924968.0,延边朝鲜族自治州图们市,延边朝鲜族自治州图们市月晴镇,20.0,25.5,10.0,15.700000000000001,71.2,75.10000000000001,68.33854166666667,46.871929824561406
吉林省,延边朝鲜族自治州,图们市,石岘镇,129.7785075,43.0838406,0.0,6.0,3.0,8.0,49.0,2.0,0.0,1.0,6.0,0.0,0.0,1.0,0.0,0.0,0.0,0.0,0.0,0.0,0.0,0.0,0.0,1.0,0.0,0.0,0.0,10.0,28.0,0.0,0.0,0.0,0.0,0.0,0.0,3.0,8.0,4.0,0.0,0.0,0.0,6.0,16.0,0.0,0.0,0.0,2.0,0.0,0.0,1.0,0.0,0.0,0.0,0.0,0.0,0.0,0.0,0.0,0.0,1.0,0.0,0.0,0.0,3.0,0.0,0.0,0.0,0.0,0.0,0.0,0.0,2.0,4.0,2.0,1590460734.0,17489863.0,延边朝鲜族自治州图们市,延边朝鲜族自治州图们市石岘镇,20.0,26.0,5.0,4.800000000000001,55.8,75.10000000000001,68.33854166666667,46.871929824561406
吉林省,延边朝鲜族自治州,图们市,长安镇,129.6675497,43.0282435,4.0,0.0,0.0,15.0,42.0,0.0,0.0,0.0,8.0,0.0,0.0,0.0,0.0,0.0,0.0,0.0,0.0,0.0,0.0,0.0,7.0,0.0,0.0,0.0,0.0,23.0,45.0,0.0,0.0,2.0,0.0,0.0,0.0,3.0,7.0,7.0,3.0,0.0,0.0,3.0,18.0,0.0,0.0,0.0,4.0,0.0,0.0,0.0,0.0,0.0,0.0,0.0,0.0,0.0,0.0,0.0,0.0,0.0,0.0,0.0,0.0,9.0,3.0,0.0,0.0,0.0,0.0,0.0,0.0,2.0,6.0,5.0,1590460758.0,16924969.0,延边朝鲜族自治州图们市,延边朝鲜族自治州图们市长安镇,20.0,25.5,0.0,8.5,54.0,75.10000000000001,68.33854166666667,46.871929824561406
吉林省,延边朝鲜族自治州,图们市,凉水镇,130.002999,42.999257,3.0,0.0,1.0,7.0,101.0,19.0,0.0,13.0,0.0,0.0,0.0,0.0,0.0,0.0,0.0,0.0,0.0,0.0,0.0,0.0,6.0,0.0,4.0,0.0,0.0,18.0,41.0,0.0,0.0,0.0,0.0,0.0,0.0,3.0,8.0,6.0,3.0,0.0,1.0,6.0,57.0,10.0,0.0,4.0,0.0,0.0,0.0,0.0,0.0,0.0,0.0,0.0,0.0,0.0,0.0,0.0,1.0,0.0,2.0,0.0,0.0,6.0,6.0,0.0,0.0,0.0,0.0,0.0,0.0,3.0,8.0,4.0,3146944688.0,17489864.0,延边朝鲜族自治州图们市,延边朝鲜族自治州图们市凉水镇,20.0,24.0,0.0,7.7,51.7,75.10000000000001,68.33854166666667,46.871929824561406
吉林省,延边朝鲜族自治州,敦化市,渤海街道,128.2369205,43.3695653,19.0,77.0,60.0,62.0,251.0,50.0,11.0,118.0,298.0,6.0,3.0,15.0,2.0,5.0,12.0,15.0,4.0,0.0,5.0,32.0,68.0,2.0,15.0,3.0,3.0,18.0,293.0,0.0,17.0,12.0,4.0,51.0,4.0,11.0,21.0,17.0,0.0,32.0,21.0,27.0,52.0,17.0,2.0,21.0,97.0,6.0,0.0,2.0,0.0,0.0,2.0,3.0,0.0,0.0,1.0,12.0,25.0,0.0,1.0,2.0,2.0,5.0,57.0,0.0,3.0,0.0,1.0,8.0,1.0,8.0,16.0,7.0,6418337997.0,9504095.0,延边朝鲜族自治州敦化市,延边朝鲜族自治州敦化市渤海街道,20.0,30.0,18.0,20.0,88.0,55.875,68.33854166666667,46.871929824561406
吉林省,延边朝鲜族自治州,敦化市,胜利街道,128.2164995,43.3503541,27.0,71.0,46.0,52.0,277.0,122.0,12.0,84.0,240.0,9.0,4.0,14.0,2.0,5.0,12.0,15.0,4.0,0.0,5.0,29.0,64.0,2.0,74.0,1.0,4.0,14.0,416.0,0.0,17.0,37.0,3.0,57.0,6.0,6.0,23.0,21.0,0.0,23.0,7.0,6.0,33.0,30.0,10.0,19.0,57.0,2.0,1.0,2.0,0.0,0.0,4.0,5.0,0.0,0.0,2.0,5.0,21.0,1.0,5.0,0.0,1.0,2.0,57.0,0.0,1.0,9.0,2.0,19.0,1.0,1.0,15.0,14.0,6418338002.0,9504098.0,延边朝鲜族自治州敦化市,延边朝鲜族自治州敦化市胜利街道,20.0,30.0,17.0,20.0,87.0,55.875,68.33854166666667,46.871929824561406
吉林省,延边朝鲜族自治州,敦化市,民主街道,128.2179394,43.3700384,9.0,80.0,55.0,51.0,242.0,61.0,12.0,116.0,275.0,9.0,4.0,14.0,2.0,5.0,10.0,13.0,4.0,0.0,5.0,32.0,67.0,2.0,73.0,2.0,3.0,15.0,301.0,0.0,17.0,16.0,4.0,57.0,4.0,10.0,24.0,19.0,0.0,19.0,31.0,12.0,54.0,4.0,0.0,27.0,63.0,0.0,0.0,4.0,1.0,2.0,2.0,2.0,0.0,0.0,3.0,12.0,5.0,0.0,2.0,0.0,1.0,3.0,31.0,0.0,0.0,4.0,0.0,12.0,0.0,4.0,11.0,9.0,6418338001.0,9504097.0,延边朝鲜族自治州敦化市,延边朝鲜族自治州敦化市民主街道,20.0,30.0,23.0,20.0,93.0,55.875,68.33854166666667,46.871929824561406
吉林省,延边朝鲜族自治州,敦化市,丹江街道,128.2520812,43.3513945,27.0,61.0,30.0,63.0,226.0,37.0,12.0,85.0,245.0,4.0,3.0,14.0,1.0,4.0,9.0,12.0,4.0,0.0,5.0,33.0,57.0,2.0,8.0,3.0,2.0,16.0,286.0,0.0,16.0,20.0,4.0,30.0,5.0,10.0,20.0,18.0,11.0,7.0,3.0,10.0,53.0,0.0,0.0,4.0,64.0,0.0,1.0,1.0,0.0,0.0,2.0,2.0,0.0,0.0,0.0,0.0,5.0,0.0,1.0,0.0,0.0,3.0,4.0,0.0,0.0,2.0,1.0,2.0,0.0,2.0,11.0,4.0,6418337998.0,9504096.0,延边朝鲜族自治州敦化市,延边朝鲜族自治州敦化市丹江街道,20.0,30.0,10.0,20.0,80.0,55.875,68.33854166666667,46.871929824561406
吉林省,延边朝鲜族自治州,敦化市,大石头镇,128.5010233,43.3025452,10.0,0.0,5.0,19.0,87.0,36.0,0.0,0.0,0.0,0.0,0.0,1.0,0.0,0.0,0.0,0.0,0.0,0.0,0.0,0.0,6.0,0.0,0.0,0.0,0.0,10.0,1.0,0.0,0.0,0.0,0.0,1.0,0.0,6.0,10.0,4.0,4.0,0.0,2.0,6.0,36.0,18.0,0.0,0.0,0.0,0.0,0.0,1.0,0.0,0.0,0.0,0.0,0.0,0.0,0.0,0.0,1.0,0.0,0.0,0.0,0.0,5.0,1.0,0.0,0.0,0.0,0.0,0.0,0.0,3.0,5.0,3.0,1590460682.0,15712970.0,延边朝鲜族自治州敦化市,延边朝鲜族自治州敦化市大石头镇,20.0,24.0,5.0,2.2,51.2,55.875,68.33854166666667,46.871929824561406
吉林省,延边朝鲜族自治州,敦化市,黄泥河镇,128.0183413,43.5563084,4.0,0.0,3.0,24.0,103.0,32.0,0.0,11.0,14.0,0.0,0.0,1.0,0.0,0.0,3.0,4.0,1.0,0.0,0.0,1.0,10.0,1.0,4.0,0.0,2.0,5.0,66.0,0.0,0.0,1.0,1.0,5.0,2.0,4.0,14.0,11.0,0.0,0.0,3.0,16.0,72.0,22.0,0.0,11.0,8.0,0.0,0.0,1.0,0.0,0.0,3.0,4.0,1.0,0.0,0.0,1.0,6.0,1.0,4.0,0.0,2.0,1.0,22.0,0.0,0.0,1.0,1.0,5.0,2.0,3.0,8.0,10.0,714802403.0,-1.0,延边朝鲜族自治州敦化市,延边朝鲜族自治州敦化市黄泥河镇,12.0,26.0,16.0,13.0,67.0,55.875,68.33854166666667,46.871929824561406
吉林省,延边朝鲜族自治州,敦化市,官地镇,128.4179496,43.559554,4.0,0.0,5.0,13.0,164.0,1.0,0.0,0.0,6.0,0.0,0.0,0.0,0.0,0.0,3.0,3.0,0.0,0.0,0.0,0.0,4.0,1.0,9.0,0.0,0.0,3.0,0.0,0.0,0.0,0.0,0.0,0.0,0.0,2.0,12.0,9.0,3.0,0.0,3.0,10.0,148.0,0.0,0.0,0.0,2.0,0.0,0.0,0.0,0.0,0.0,3.0,3.0,0.0,0.0,0.0,0.0,1.0,0.0,7.0,0.0,0.0,1.0,0.0,0.0,0.0,0.0,0.0,0.0,0.0,1.0,6.0,5.0,2288813257.0,-1.0,延边朝鲜族自治州敦化市,延边朝鲜族自治州敦化市官地镇,10.0,26.0,5.0,4.0,45.0,55.875,68.33854166666667,46.871929824561406
吉林省,延边朝鲜族自治州,敦化市,沙河沿镇,128.4460096,43.4325604,0.0,0.0,11.0,13.0,48.0,7.0,0.0,0.0,0.0,0.0,0.0,0.0,0.0,0.0,0.0,0.0,0.0,0.0,0.0,0.0,1.0,0.0,0.0,0.0,0.0,14.0,0.0,0.0,0.0,1.0,0.0,1.0,0.0,1.0,6.0,11.0,0.0,0.0,6.0,4.0,14.0,7.0,0.0,0.0,0.0,0.0,0.0,0.0,0.0,0.0,0.0,0.0,0.0,0.0,0.0,0.0,0.0,0.0,0.0,0.0,0.0,4.0,0.0,0.0,0.0,1.0,0.0,1.0,0.0,1.0,6.0,5.0,3482923362.0,15695439.0,延边朝鲜族自治州敦化市,延边朝鲜族自治州敦化市沙河沿镇,20.0,23.0,0.0,4.2,47.2,55.875,68.33854166666667,46.871929824561406
吉林省,延边朝鲜族自治州,敦化市,秋梨沟镇,128.150722,43.4946184,11.0,0.0,2.0,8.0,39.0,1.0,0.0,0.0,12.0,0.0,0.0,0.0,0.0,0.0,1.0,2.0,0.0,0.0,0.0,0.0,1.0,0.0,0.0,0.0,0.0,3.0,4.0,0.0,0.0,0.0,1.0,0.0,0.0,4.0,9.0,3.0,1.0,0.0,2.0,3.0,34.0,1.0,0.0,0.0,4.0,0.0,0.0,0.0,0.0,0.0,1.0,2.0,0.0,0.0,0.0,0.0,0.0,0.0,0.0,0.0,0.0,1.0,0.0,0.0,0.0,0.0,1.0,0.0,0.0,3.0,7.0,0.0,3487238353.0,-1.0,延边朝鲜族自治州敦化市,延边朝鲜族自治州敦化市秋梨沟镇,10.0,26.0,5.0,1.9,42.9,55.875,68.33854166666667,46.871929824561406
吉林省,延边朝鲜族自治州,敦化市,额穆镇,128.1506628,43.7465827,6.0,0.0,3.0,2.0,75.0,0.0,0.0,0.0,0.0,0.0,0.0,0.0,0.0,0.0,0.0,0.0,0.0,0.0,0.0,0.0,10.0,0.0,0.0,0.0,0.0,1.0,11.0,0.0,0.0,0.0,0.0,1.0,0.0,2.0,6.0,5.0,4.0,0.0,3.0,1.0,39.0,0.0,0.0,0.0,0.0,0.0,0.0,0.0,0.0,0.0,0.0,0.0,0.0,0.0,0.0,0.0,2.0,0.0,0.0,0.0,0.0,1.0,7.0,0.0,0.0,0.0,0.0,1.0,0.0,1.0,5.0,4.0,3487632396.0,-1.0,延边朝鲜族自治州敦化市,延边朝鲜族自治州敦化市额穆镇,8.0,23.0,0.0,4.3,35.3,55.875,68.33854166666667,46.871929824561406
吉林省,延边朝鲜族自治州,敦化市,贤儒镇,128.1333698,43.2464531,3.0,0.0,5.0,4.0,53.0,10.0,0.0,0.0,1.0,0.0,0.0,0.0,0.0,0.0,1.0,1.0,0.0,0.0,0.0,0.0,0.0,0.0,0.0,0.0,0.0,4.0,1.0,0.0,0.0,0.0,0.0,0.0,0.0,2.0,7.0,3.0,0.0,0.0,1.0,3.0,40.0,10.0,0.0,0.0,1.0,0.0,0.0,0.0,0.0,0.0,1.0,1.0,0.0,0.0,0.0,0.0,0.0,0.0,0.0,0.0,0.0,1.0,1.0,0.0,0.0,0.0,0.0,0.0,0.0,1.0,4.0,1.0,2288803845.0,-1.0,延边朝鲜族自治州敦化市,延边朝鲜族自治州敦化市贤儒镇,11.0,25.5,5.0,1.7,43.2,55.875,68.33854166666667,46.871929824561406
吉林省,延边朝鲜族自治州,敦化市,大蒲柴河镇,128.0201663,42.8781798,6.0,0.0,7.0,4.0,64.0,0.0,0.0,0.0,0.0,0.0,0.0,1.0,0.0,0.0,2.0,2.0,0.0,0.0,0.0,0.0,2.0,0.0,0.0,0.0,0.0,1.0,1.0,0.0,0.0,0.0,3.0,2.0,0.0,2.0,9.0,5.0,4.0,0.0,6.0,3.0,56.0,0.0,0.0,0.0,0.0,0.0,0.0,1.0,0.0,0.0,1.0,1.0,0.0,0.0,0.0,0.0,1.0,0.0,0.0,0.0,0.0,1.0,1.0,0.0,0.0,0.0,2.0,2.0,0.0,1.0,4.0,4.0,2288802086.0,-1.0,延边朝鲜族自治州敦化市,延边朝鲜族自治州敦化市大蒲柴河镇,8.0,24.0,10.0,2.7,44.7,55.875,68.33854166666667,46.871929824561406
吉林省,延边朝鲜族自治州,敦化市,雁鸣湖镇,128.5892826,43.6848441,8.0,0.0,1.0,5.0,43.0,0.0,0.0,0.0,0.0,0.0,0.0,0.0,0.0,0.0,0.0,0.0,0.0,0.0,0.0,0.0,1.0,0.0,0.0,0.0,0.0,3.0,0.0,0.0,0.0,2.0,0.0,0.0,0.0,3.0,9.0,5.0,6.0,0.0,1.0,5.0,42.0,0.0,0.0,0.0,0.0,0.0,0.0,0.0,0.0,0.0,0.0,0.0,0.0,0.0,0.0,0.0,1.0,0.0,0.0,0.0,0.0,1.0,0.0,0.0,0.0,2.0,0.0,0.0,0.0,2.0,6.0,5.0,2288813256.0,-1.0,延边朝鲜族自治州敦化市,延边朝鲜族自治州敦化市雁鸣湖镇,10.0,24.0,0.0,2.9,36.9,55.875,68.33854166666667,46.871929824561406
吉林省,延边朝鲜族自治州,敦化市,江源镇,128.0178927,43.1770119,1.0,0.0,0.0,12.0,69.0,10.0,0.0,1.0,0.0,0.0,0.0,0.0,0.0,0.0,1.0,1.0,0.0,0.0,0.0,0.0,0.0,0.0,0.0,0.0,0.0,1.0,0.0,0.0,0.0,0.0,0.0,1.0,0.0,1.0,8.0,3.0,1.0,0.0,0.0,5.0,52.0,7.0,0.0,1.0,0.0,0.0,0.0,0.0,0.0,0.0,1.0,1.0,0.0,0.0,0.0,0.0,0.0,0.0,0.0,0.0,0.0,1.0,0.0,0.0,0.0,0.0,0.0,1.0,0.0,1.0,7.0,3.0,2288803030.0,-1.0,延边朝鲜族自治州敦化市,延边朝鲜族自治州敦化市江源镇,8.0,24.0,5.0,1.5,38.5,55.875,68.33854166666667,46.871929824561406
吉林省,延边朝鲜族自治州,敦化市,江南镇,128.2549359,43.3525295,24.0,57.0,30.0,57.0,222.0,24.0,10.0,81.0,214.0,4.0,3.0,13.0,1.0,4.0,7.0,9.0,4.0,0.0,5.0,31.0,54.0,2.0,8.0,3.0,2.0,15.0,270.0,0.0,16.0,8.0,3.0,29.0,5.0,10.0,20.0,17.0,5.0,3.0,3.0,10.0,52.0,0.0,0.0,4.0,54.0,0.0,1.0,1.0,0.0,0.0,2.0,2.0,0.0,0.0,0.0,0.0,5.0,0.0,2.0,0.0,0.0,4.0,4.0,0.0,0.0,1.0,1.0,2.0,0.0,2.0,11.0,3.0,6418338000.0,15735304.0,延边朝鲜族自治州敦化市,延边朝鲜族自治州敦化市江南镇,20.0,30.0,10.0,20.0,80.0,55.875,68.33854166666667,46.871929824561406
吉林省,延边朝鲜族自治州,敦化市,大桥乡,128.3772162,43.3447906,3.0,0.0,0.0,21.0,70.0,7.0,0.0,1.0,1.0,1.0,0.0,1.0,0.0,0.0,0.0,0.0,0.0,0.0,0.0,0.0,6.0,1.0,2.0,0.0,0.0,6.0,2.0,0.0,0.0,0.0,2.0,1.0,1.0,6.0,8.0,12.0,3.0,0.0,0.0,8.0,53.0,7.0,0.0,1.0,1.0,1.0,0.0,1.0,0.0,0.0,0.0,0.0,0.0,0.0,0.0,0.0,2.0,1.0,2.0,0.0,0.0,3.0,2.0,0.0,0.0,0.0,2.0,1.0,1.0,6.0,8.0,11.0,3482853144.0,15750324.0,延边朝鲜族自治州敦化市,延边朝鲜族自治州敦化市大桥乡,20.0,28.0,5.0,4.4,57.4,55.875,68.33854166666667,46.871929824561406
吉林省,延边朝鲜族自治州,敦化市,黑石乡,128.1956948,43.6172655,7.0,0.0,5.0,4.0,85.0,0.0,0.0,1.0,0.0,0.0,0.0,0.0,0.0,0.0,1.0,1.0,0.0,0.0,0.0,0.0,5.0,0.0,0.0,0.0,0.0,4.0,0.0,0.0,0.0,0.0,0.0,0.0,0.0,2.0,6.0,3.0,1.0,0.0,4.0,2.0,52.0,0.0,0.0,1.0,0.0,0.0,0.0,0.0,0.0,0.0,1.0,1.0,0.0,0.0,0.0,0.0,2.0,0.0,0.0,0.0,0.0,1.0,0.0,0.0,0.0,0.0,0.0,0.0,0.0,2.0,5.0,2.0,3487681641.0,-1.0,延边朝鲜族自治州敦化市,延边朝鲜族自治州敦化市黑石乡,11.0,23.0,5.0,1.5,40.5,55.875,68.33854166666667,46.871929824561406
吉林省,延边朝鲜族自治州,敦化市,青沟子乡,128.3425492,43.7956136,0.0,0.0,5.0,4.0,44.0,0.0,0.0,0.0,0.0,0.0,0.0,0.0,0.0,0.0,0.0,0.0,0.0,0.0,0.0,0.0,2.0,0.0,0.0,0.0,0.0,5.0,0.0,0.0,0.0,0.0,0.0,0.0,0.0,1.0,5.0,3.0,0.0,0.0,2.0,3.0,30.0,0.0,0.0,0.0,0.0,0.0,0.0,0.0,0.0,0.0,0.0,0.0,0.0,0.0,0.0,0.0,1.0,0.0,0.0,0.0,0.0,2.0,0.0,0.0,0.0,0.0,0.0,0.0,0.0,1.0,4.0,2.0,3487681642.0,-1.0,延边朝鲜族自治州敦化市,延边朝鲜族自治州敦化市青沟子乡,12.0,22.5,0.0,1.5,36.0,55.875,68.33854166666667,46.871929824561406
吉林省,延边朝鲜族自治州,敦化市,翰章乡,128.1227117,43.3589046,0.0,4.0,3.0,7.0,47.0,14.0,0.0,2.0,1.0,2.0,0.0,1.0,1.0,1.0,1.0,1.0,0.0,0.0,0.0,0.0,1.0,0.0,1.0,0.0,0.0,6.0,71.0,0.0,0.0,1.0,1.0,2.0,0.0,2.0,11.0,9.0,0.0,0.0,1.0,4.0,23.0,14.0,0.0,2.0,1.0,2.0,0.0,1.0,1.0,1.0,1.0,1.0,0.0,0.0,0.0,0.0,0.0,0.0,1.0,0.0,0.0,1.0,71.0,0.0,0.0,1.0,1.0,2.0,0.0,1.0,7.0,5.0,3482832656.0,-1.0,延边朝鲜族自治州敦化市,延边朝鲜族自治州敦化市翰章乡,12.0,28.0,15.0,18.4,73.4,55.875,68.33854166666667,46.871929824561406
吉林省,延边朝鲜族自治州,敦化市,红石乡,128.1669111,43.3023205,3.0,0.0,0.0,3.0,10.0,0.0,0.0,0.0,0.0,0.0,1.0,0.0,0.0,0.0,0.0,0.0,0.0,0.0,0.0,0.0,1.0,0.0,2.0,0.0,0.0,5.0,0.0,0.0,0.0,0.0,0.0,0.0,0.0,2.0,4.0,8.0,3.0,0.0,0.0,1.0,1.0,0.0,0.0,0.0,0.0,0.0,1.0,0.0,0.0,0.0,0.0,0.0,0.0,0.0,0.0,0.0,0.0,0.0,0.0,0.0,0.0,1.0,0.0,0.0,0.0,0.0,0.0,0.0,0.0,1.0,3.0,1.0,2288804971.0,-1.0,延边朝鲜族自治州敦化市,延边朝鲜族自治州敦化市红石乡,12.0,14.3,0.0,4.0,30.3,55.875,68.33854166666667,46.871929824561406
吉林省,延边朝鲜族自治州,珲春市,靖和街道,130.364643,42.8778144,38.0,48.0,103.0,76.0,223.0,243.0,4.0,42.0,322.0,13.0,3.0,5.0,8.0,22.0,17.0,25.0,4.0,4.0,12.0,293.0,52.0,2.0,6.0,6.0,2.0,11.0,1521.0,4.0,390.0,13.0,49.0,128.0,71.0,10.0,21.0,16.0,11.0,22.0,31.0,23.0,38.0,75.0,0.0,8.0,94.0,4.0,1.0,0.0,1.0,1.0,5.0,8.0,0.0,1.0,4.0,52.0,13.0,1.0,0.0,3.0,0.0,1.0,440.0,0.0,179.0,1.0,11.0,39.0,10.0,2.0,14.0,10.0,6416664212.0,9501906.0,延边朝鲜族自治州珲春市,延边朝鲜族自治州珲春市靖和街道,20.0,30.0,25.0,20.0,95.0,78.17857142857143,68.33854166666667,46.871929824561406
吉林省,延边朝鲜族自治州,珲春市,新安街道,130.3515834,42.8589233,49.0,53.0,90.0,74.0,239.0,246.0,3.0,96.0,300.0,14.0,4.0,2.0,8.0,22.0,14.0,18.0,2.0,4.0,12.0,297.0,44.0,2.0,12.0,5.0,2.0,6.0,1489.0,0.0,386.0,20.0,44.0,150.0,110.0,9.0,21.0,19.0,16.0,3.0,43.0,16.0,46.0,35.0,2.0,22.0,76.0,1.0,0.0,2.0,3.0,10.0,6.0,7.0,2.0,3.0,4.0,194.0,3.0,0.0,0.0,0.0,1.0,2.0,411.0,0.0,133.0,3.0,23.0,35.0,34.0,4.0,14.0,6.0,6416664216.0,9501907.0,延边朝鲜族自治州珲春市,延边朝鲜族自治州珲春市新安街道,20.0,30.0,30.0,20.0,100.0,78.17857142857143,68.33854166666667,46.871929824561406
吉林省,延边朝鲜族自治州,珲春市,河南街道,130.3682846,42.8594798,48.0,58.0,105.0,87.0,298.0,251.0,3.0,92.0,326.0,14.0,4.0,3.0,9.0,23.0,18.0,23.0,4.0,4.0,13.0,296.0,60.0,4.0,23.0,5.0,2.0,10.0,1478.0,0.0,386.0,18.0,43.0,148.0,110.0,9.0,20.0,15.0,0.0,19.0,6.0,9.0,75.0,52.0,3.0,13.0,46.0,0.0,0.0,1.0,1.0,4.0,2.0,3.0,2.0,0.0,4.0,10.0,15.0,0.0,1.0,0.0,0.0,1.0,296.0,0.0,4.0,4.0,3.0,23.0,8.0,3.0,12.0,6.0,6416664210.0,9501905.0,延边朝鲜族自治州珲春市,延边朝鲜族自治州珲春市河南街道,20.0,30.0,28.0,20.0,98.0,78.17857142857143,68.33854166666667,46.871929824561406
吉林省,延边朝鲜族自治州,珲春市,海东街道,130.3503877,42.876764,47.0,47.0,99.0,73.0,236.0,260.0,3.0,53.0,320.0,13.0,4.0,5.0,8.0,22.0,15.0,22.0,2.0,4.0,12.0,297.0,49.0,2.0,12.0,8.0,3.0,11.0,1547.0,4.0,393.0,17.0,48.0,125.0,74.0,9.0,21.0,18.0,6.0,13.0,14.0,24.0,30.0,36.0,0.0,4.0,58.0,4.0,0.0,0.0,3.0,4.0,2.0,3.0,0.0,1.0,3.0,39.0,2.0,1.0,1.0,0.0,0.0,1.0,333.0,0.0,166.0,1.0,7.0,24.0,11.0,4.0,14.0,10.0,9656291847.0,17681377.0,延边朝鲜族自治州珲春市,延边朝鲜族自治州珲春市海东街道,20.0,30.0,25.0,20.0,95.0,78.17857142857143,68.33854166666667,46.871929824561406
吉林省,延边朝鲜族自治州,珲春市,近海街道,130.3901281,42.8394254,20.0,16.0,21.0,36.0,169.0,81.0,3.0,58.0,48.0,5.0,0.0,2.0,1.0,1.0,4.0,6.0,5.0,0.0,2.0,5.0,38.0,4.0,85.0,5.0,1.0,7.0,174.0,0.0,0.0,8.0,3.0,44.0,44.0,6.0,20.0,14.0,0.0,5.0,7.0,12.0,25.0,1.0,0.0,1.0,26.0,0.0,0.0,1.0,1.0,1.0,3.0,3.0,2.0,0.0,0.0,0.0,9.0,2.0,34.0,1.0,0.0,2.0,3.0,0.0,0.0,0.0,1.0,1.0,1.0,2.0,11.0,8.0,6416664213.0,17193537.0,延边朝鲜族自治州珲春市,延边朝鲜族自治州珲春市近海街道,20.0,28.0,20.0,20.0,88.0,78.17857142857143,68.33854166666667,46.871929824561406
吉林省,延边朝鲜族自治州,珲春市,春化镇,131.0746538,43.1923959,3.0,1.0,0.0,5.0,110.0,8.0,0.0,2.0,1.0,0.0,1.0,1.0,1.0,1.0,1.0,2.0,1.0,0.0,0.0,0.0,3.0,0.0,0.0,0.0,0.0,2.0,24.0,0.0,0.0,0.0,1.0,2.0,0.0,4.0,8.0,5.0,2.0,1.0,0.0,4.0,92.0,6.0,0.0,2.0,1.0,0.0,1.0,1.0,1.0,1.0,1.0,2.0,1.0,0.0,0.0,0.0,2.0,0.0,0.0,0.0,0.0,1.0,18.0,0.0,0.0,0.0,1.0,2.0,0.0,4.0,8.0,5.0,3498098884.0,17190340.0,延边朝鲜族自治州珲春市,延边朝鲜族自治州珲春市春化镇,17.0,28.0,20.0,6.7,71.7,78.17857142857143,68.33854166666667,46.871929824561406
吉林省,延边朝鲜族自治州,珲春市,敬信镇,130.4724824,42.635881,3.0,0.0,0.0,4.0,41.0,1.0,0.0,0.0,0.0,0.0,1.0,0.0,0.0,0.0,1.0,1.0,0.0,0.0,0.0,0.0,3.0,0.0,0.0,0.0,0.0,5.0,16.0,0.0,0.0,1.0,1.0,0.0,0.0,14.0,6.0,5.0,3.0,0.0,0.0,2.0,35.0,1.0,0.0,0.0,0.0,0.0,1.0,0.0,0.0,0.0,1.0,1.0,0.0,0.0,0.0,0.0,1.0,0.0,0.0,0.0,0.0,2.0,15.0,0.0,0.0,1.0,1.0,0.0,0.0,1.0,6.0,4.0,3498038194.0,9501603.0,延边朝鲜族自治州珲春市,延边朝鲜族自治州珲春市敬信镇,20.0,25.0,5.0,5.800000000000001,55.8,78.17857142857143,68.33854166666667,46.871929824561406
吉林省,延边朝鲜族自治州,珲春市,板石镇,130.3404027,42.7794428,2.0,0.0,5.0,3.0,67.0,9.0,0.0,0.0,16.0,1.0,0.0,2.0,1.0,1.0,1.0,1.0,1.0,0.0,0.0,0.0,9.0,1.0,3.0,0.0,0.0,9.0,14.0,0.0,0.0,7.0,1.0,1.0,0.0,2.0,8.0,9.0,0.0,0.0,3.0,2.0,44.0,4.0,0.0,0.0,4.0,1.0,0.0,2.0,1.0,1.0,1.0,1.0,1.0,0.0,0.0,0.0,2.0,1.0,1.0,0.0,0.0,2.0,13.0,0.0,0.0,1.0,1.0,1.0,0.0,2.0,6.0,6.0,3498035801.0,17190342.0,延边朝鲜族自治州珲春市,延边朝鲜族自治州珲春市板石镇,20.0,28.0,20.0,7.5,75.5,78.17857142857143,68.33854166666667,46.871929824561406
吉林省,延边朝鲜族自治州,珲春市,英安镇,130.2841266,42.8861823,4.0,6.0,0.0,11.0,72.0,17.0,0.0,1.0,26.0,2.0,2.0,1.0,3.0,3.0,3.0,3.0,2.0,0.0,0.0,0.0,17.0,0.0,9.0,2.0,0.0,15.0,136.0,0.0,0.0,2.0,3.0,3.0,1.0,19.0,10.0,10.0,4.0,0.0,0.0,5.0,42.0,6.0,0.0,0.0,14.0,2.0,0.0,1.0,1.0,1.0,1.0,1.0,1.0,0.0,0.0,0.0,2.0,0.0,2.0,0.0,0.0,2.0,97.0,0.0,0.0,0.0,1.0,2.0,0.0,4.0,8.0,5.0,3150287054.0,17190343.0,延边朝鲜族自治州珲春市,延边朝鲜族自治州珲春市英安镇,20.0,30.0,20.0,20.0,90.0,78.17857142857143,68.33854166666667,46.871929824561406
吉林省,延边朝鲜族自治州,珲春市,马川子乡,130.4177096,42.8711183,3.0,0.0,18.0,38.0,189.0,59.0,2.0,16.0,64.0,11.0,0.0,2.0,1.0,1.0,3.0,5.0,1.0,0.0,1.0,0.0,18.0,1.0,22.0,0.0,0.0,10.0,69.0,0.0,1.0,2.0,2.0,14.0,1.0,7.0,15.0,13.0,0.0,0.0,0.0,7.0,47.0,3.0,0.0,0.0,16.0,0.0,0.0,1.0,1.0,1.0,1.0,1.0,0.0,0.0,0.0,0.0,3.0,0.0,19.0,0.0,0.0,3.0,3.0,0.0,0.0,0.0,1.0,1.0,0.0,2.0,5.0,7.0,6416664214.0,17190344.0,延边朝鲜族自治州珲春市,延边朝鲜族自治州珲春市马川子乡,20.0,28.0,15.0,11.4,74.4,78.17857142857143,68.33854166666667,46.871929824561406
吉林省,延边朝鲜族自治州,珲春市,杨泡满族乡,130.4964387,42.9021406,0.0,0.0,0.0,10.0,64.0,4.0,0.0,0.0,0.0,0.0,0.0,1.0,0.0,0.0,1.0,1.0,2.0,0.0,0.0,0.0,5.0,0.0,4.0,0.0,0.0,8.0,9.0,0.0,0.0,0.0,1.0,1.0,1.0,5.0,5.0,8.0,0.0,0.0,0.0,1.0,39.0,4.0,0.0,0.0,0.0,0.0,0.0,1.0,0.0,0.0,1.0,1.0,2.0,0.0,0.0,0.0,1.0,0.0,4.0,0.0,0.0,2.0,6.0,0.0,0.0,0.0,1.0,1.0,0.0,3.0,5.0,5.0,3150282452.0,17190345.0,延边朝鲜族自治州珲春市,延边朝鲜族自治州珲春市杨泡满族乡,20.0,22.5,15.0,5.5,63.0,78.17857142857143,68.33854166666667,46.871929824561406
吉林省,延边朝鲜族自治州,珲春市,三家子满族乡,130.3015708,42.8356041,6.0,0.0,0.0,7.0,98.0,31.0,0.0,1.0,0.0,0.0,0.0,0.0,0.0,0.0,1.0,1.0,0.0,0.0,0.0,1.0,12.0,0.0,6.0,1.0,1.0,3.0,5.0,0.0,0.0,1.0,1.0,0.0,1.0,9.0,10.0,11.0,0.0,0.0,0.0,2.0,23.0,0.0,0.0,0.0,0.0,0.0,0.0,0.0,0.0,0.0,1.0,1.0,0.0,0.0,0.0,0.0,1.0,0.0,0.0,0.0,0.0,1.0,0.0,0.0,0.0,0.0,1.0,0.0,0.0,3.0,4.0,1.0,6416664215.0,17190346.0,延边朝鲜族自治州珲春市,延边朝鲜族自治州珲春市三家子满族乡,18.0,24.0,5.0,4.6,51.6,78.17857142857143,68.33854166666667,46.871929824561406
吉林省,延边朝鲜族自治州,珲春市,密江乡,130.1374839,42.9932966,3.0,0.0,0.0,5.0,47.0,7.0,0.0,0.0,0.0,0.0,0.0,1.0,1.0,1.0,0.0,0.0,1.0,0.0,1.0,1.0,2.0,1.0,1.0,0.0,0.0,5.0,11.0,0.0,0.0,1.0,0.0,0.0,0.0,18.0,7.0,9.0,3.0,0.0,0.0,3.0,28.0,7.0,0.0,0.0,0.0,0.0,0.0,1.0,1.0,1.0,0.0,0.0,1.0,0.0,1.0,1.0,1.0,1.0,1.0,0.0,0.0,2.0,5.0,0.0,0.0,0.0,0.0,0.0,0.0,4.0,5.0,7.0,3498018508.0,17190347.0,延边朝鲜族自治州珲春市,延边朝鲜族自治州珲春市密江乡,20.0,23.5,18.0,5.7,67.2,78.17857142857143,68.33854166666667,46.871929824561406
吉林省,延边朝鲜族自治州,珲春市,哈达门乡,130.4855053,42.9312531,4.0,0.0,0.0,7.0,49.0,16.0,0.0,0.0,15.0,0.0,1.0,1.0,0.0,0.0,2.0,2.0,3.0,0.0,0.0,0.0,6.0,0.0,5.0,0.0,0.0,9.0,16.0,0.0,0.0,0.0,2.0,1.0,0.0,4.0,7.0,10.0,4.0,0.0,0.0,2.0,37.0,14.0,0.0,0.0,7.0,0.0,1.0,1.0,0.0,0.0,1.0,1.0,2.0,0.0,0.0,0.0,3.0,0.0,2.0,0.0,0.0,2.0,12.0,0.0,0.0,0.0,1.0,1.0,0.0,2.0,6.0,7.0,6416664209.0,17190341.0,延边朝鲜族自治州珲春市,延边朝鲜族自治州珲春市哈达门乡,20.0,27.5,15.0,6.800000000000001,69.3,78.17857142857143,68.33854166666667,46.871929824561406
吉林省,延边朝鲜族自治州,龙井市,安民街道,129.4255852,42.7750008,63.0,9.0,21.0,67.0,304.0,305.0,3.0,132.0,294.0,20.0,7.0,25.0,2.0,2.0,11.0,18.0,4.0,2.0,1.0,3.0,57.0,6.0,21.0,0.0,6.0,13.0,444.0,2.0,1.0,11.0,15.0,33.0,3.0,8.0,21.0,21.0,21.0,4.0,15.0,39.0,51.0,65.0,0.0,8.0,106.0,7.0,0.0,5.0,1.0,1.0,7.0,8.0,0.0,2.0,1.0,3.0,15.0,2.0,0.0,0.0,1.0,1.0,123.0,0.0,0.0,2.0,2.0,8.0,1.0,5.0,15.0,13.0,6415517794.0,9500219.0,延边朝鲜族自治州龙井市,延边朝鲜族自治州龙井市安民街道,20.0,30.0,22.0,20.0,92.0,75.42,68.33854166666667,46.871929824561406
吉林省,延边朝鲜族自治州,龙井市,龙门街道,129.4103822,42.7651568,61.0,7.0,21.0,67.0,222.0,285.0,3.0,133.0,289.0,22.0,6.0,25.0,2.0,2.0,11.0,18.0,3.0,2.0,1.0,4.0,58.0,6.0,16.0,0.0,5.0,11.0,450.0,2.0,1.0,13.0,16.0,30.0,10.0,9.0,21.0,25.0,28.0,7.0,12.0,35.0,62.0,78.0,2.0,64.0,122.0,16.0,2.0,14.0,1.0,1.0,8.0,12.0,2.0,0.0,0.0,1.0,27.0,2.0,1.0,0.0,2.0,5.0,214.0,2.0,1.0,4.0,10.0,16.0,3.0,7.0,18.0,18.0,6415517795.0,9500220.0,延边朝鲜族自治州龙井市,延边朝鲜族自治州龙井市龙门街道,20.0,30.0,21.0,20.0,91.0,75.42,68.33854166666667,46.871929824561406
吉林省,延边朝鲜族自治州,龙井市,梨园街道,129.4062074,42.7666008,61.0,7.0,21.0,67.0,238.0,300.0,3.0,133.0,285.0,22.0,4.0,25.0,2.0,2.0,11.0,18.0,3.0,2.0,1.0,4.0,58.0,6.0,17.0,0.0,5.0,11.0,451.0,2.0,1.0,17.0,16.0,30.0,10.0,11.0,21.0,25.0,25.0,3.0,10.0,11.0,57.0,37.0,3.0,54.0,92.0,4.0,2.0,5.0,1.0,1.0,6.0,10.0,2.0,0.0,0.0,0.0,24.0,2.0,3.0,0.0,2.0,4.0,152.0,0.0,0.0,4.0,8.0,14.0,1.0,5.0,16.0,15.0,9656291845.0,16120583.0,延边朝鲜族自治州龙井市,延边朝鲜族自治州龙井市梨园街道,20.0,30.0,20.0,20.0,90.0,75.42,68.33854166666667,46.871929824561406
吉林省,延边朝鲜族自治州,龙井市,开山屯镇,129.7561096,42.7011914,14.0,6.0,3.0,13.0,117.0,34.0,0.0,7.0,0.0,0.0,0.0,1.0,0.0,2.0,4.0,4.0,1.0,1.0,0.0,1.0,17.0,0.0,3.0,0.0,0.0,11.0,605.0,2.0,2.0,3.0,0.0,2.0,1.0,17.0,11.0,12.0,2.0,0.0,0.0,6.0,23.0,29.0,0.0,0.0,0.0,0.0,0.0,0.0,0.0,2.0,1.0,1.0,0.0,1.0,0.0,1.0,7.0,0.0,3.0,0.0,0.0,1.0,35.0,0.0,2.0,1.0,0.0,2.0,0.0,15.0,6.0,9.0,2096155438.0,16786541.0,延边朝鲜族自治州龙井市,延边朝鲜族自治州龙井市开山屯镇,20.0,24.0,13.0,20.0,77.0,75.42,68.33854166666667,46.871929824561406
吉林省,延边朝鲜族自治州,龙井市,老头沟镇,129.1468917,42.9035333,10.0,0.0,0.0,16.0,81.0,14.0,0.0,0.0,6.0,0.0,0.0,1.0,0.0,0.0,1.0,1.0,0.0,0.0,0.0,0.0,18.0,0.0,6.0,0.0,0.0,13.0,78.0,0.0,0.0,4.0,2.0,1.0,0.0,2.0,9.0,19.0,5.0,0.0,0.0,10.0,58.0,5.0,0.0,0.0,2.0,0.0,0.0,1.0,0.0,0.0,1.0,1.0,0.0,0.0,0.0,0.0,10.0,0.0,3.0,0.0,0.0,5.0,40.0,0.0,0.0,3.0,0.0,1.0,0.0,2.0,8.0,14.0,3498138093.0,15780188.0,延边朝鲜族自治州龙井市,延边朝鲜族自治州龙井市老头沟镇,20.0,26.0,10.0,16.5,72.5,75.42,68.33854166666667,46.871929824561406
吉林省,延边朝鲜族自治州,龙井市,三合镇,129.7376333,42.4772936,4.0,4.0,7.0,3.0,54.0,20.0,0.0,7.0,0.0,1.0,0.0,1.0,1.0,1.0,1.0,1.0,4.0,1.0,0.0,1.0,8.0,0.0,2.0,0.0,1.0,3.0,38.0,0.0,0.0,4.0,1.0,5.0,2.0,16.0,10.0,9.0,3.0,1.0,4.0,3.0,30.0,10.0,0.0,7.0,0.0,0.0,0.0,1.0,1.0,1.0,1.0,1.0,1.0,1.0,0.0,1.0,2.0,0.0,0.0,0.0,1.0,1.0,7.0,0.0,0.0,4.0,1.0,2.0,1.0,16.0,9.0,7.0,2093997990.0,16786539.0,延边朝鲜族自治州龙井市,延边朝鲜族自治州龙井市三合镇,18.0,26.0,23.0,9.3,76.3,75.42,68.33854166666667,46.871929824561406
吉林省,延边朝鲜族自治州,龙井市,东盛涌镇,129.499242,42.8089523,7.0,0.0,12.0,17.0,153.0,45.0,1.0,4.0,14.0,0.0,0.0,1.0,1.0,1.0,1.0,1.0,0.0,0.0,0.0,0.0,7.0,2.0,0.0,0.0,0.0,19.0,12.0,0.0,0.0,3.0,0.0,0.0,0.0,3.0,13.0,8.0,4.0,0.0,7.0,2.0,66.0,31.0,0.0,0.0,0.0,0.0,0.0,0.0,0.0,0.0,1.0,1.0,0.0,0.0,0.0,0.0,1.0,0.0,0.0,0.0,0.0,4.0,9.0,0.0,0.0,0.0,0.0,0.0,0.0,2.0,7.0,4.0,3498138094.0,16924967.0,延边朝鲜族自治州龙井市,延边朝鲜族自治州龙井市东盛涌镇,20.0,26.0,10.0,6.4,62.4,75.42,68.33854166666667,46.871929824561406
吉林省,延边朝鲜族自治州,龙井市,智新镇,129.421691,42.771068,61.0,7.0,21.0,69.0,267.0,294.0,3.0,133.0,296.0,21.0,6.0,25.0,2.0,2.0,11.0,18.0,3.0,2.0,1.0,3.0,60.0,6.0,19.0,0.0,5.0,12.0,451.0,2.0,1.0,13.0,15.0,28.0,4.0,8.0,21.0,22.0,31.0,7.0,20.0,44.0,78.0,124.0,0.0,19.0,158.0,18.0,0.0,14.0,1.0,1.0,9.0,13.0,0.0,2.0,1.0,3.0,22.0,2.0,1.0,0.0,1.0,2.0,278.0,2.0,1.0,2.0,7.0,15.0,3.0,7.0,17.0,16.0,-1.0,16121025.0,延边朝鲜族自治州龙井市,延边朝鲜族自治州龙井市智新镇,20.0,30.0,22.0,20.0,92.0,75.42,68.33854166666667,46.871929824561406
吉林省,延边朝鲜族自治州,龙井市,德新乡,129.6002022,42.7275143,3.0,0.0,4.0,8.0,46.0,10.0,0.0,0.0,0.0,0.0,0.0,0.0,0.0,0.0,1.0,1.0,0.0,0.0,0.0,0.0,5.0,0.0,2.0,0.0,0.0,13.0,81.0,0.0,0.0,5.0,0.0,0.0,0.0,2.0,6.0,8.0,3.0,0.0,2.0,4.0,13.0,4.0,0.0,0.0,0.0,0.0,0.0,0.0,0.0,0.0,0.0,0.0,0.0,0.0,0.0,0.0,2.0,0.0,2.0,0.0,0.0,4.0,0.0,0.0,0.0,1.0,0.0,0.0,0.0,2.0,6.0,6.0,3498123263.0,16924966.0,延边朝鲜族自治州龙井市,延边朝鲜族自治州龙井市德新乡,20.0,23.0,0.0,12.700000000000001,55.7,75.42,68.33854166666667,46.871929824561406
吉林省,延边朝鲜族自治州,龙井市,白金乡,129.4043703,42.4509075,8.0,0.0,3.0,2.0,29.0,4.0,0.0,6.0,0.0,0.0,0.0,0.0,0.0,0.0,0.0,0.0,0.0,0.0,0.0,0.0,7.0,0.0,0.0,0.0,0.0,11.0,33.0,0.0,0.0,0.0,0.0,2.0,0.0,14.0,9.0,7.0,5.0,0.0,1.0,1.0,4.0,0.0,0.0,1.0,0.0,0.0,0.0,0.0,0.0,0.0,0.0,0.0,0.0,0.0,0.0,0.0,1.0,0.0,0.0,0.0,0.0,2.0,5.0,0.0,0.0,0.0,0.0,1.0,0.0,14.0,7.0,6.0,3171552780.0,16786540.0,延边朝鲜族自治州龙井市,延边朝鲜族自治州龙井市白金乡,20.0,18.0,0.0,7.300000000000001,45.3,75.42,68.33854166666667,46.871929824561406
吉林省,延边朝鲜族自治州,和龙市,民慧街道,129.0006608,42.535785,18.0,20.0,37.0,44.0,196.0,82.0,0.0,46.0,101.0,4.0,2.0,8.0,2.0,2.0,9.0,10.0,4.0,0.0,0.0,2.0,31.0,0.0,11.0,1.0,1.0,18.0,153.0,0.0,0.0,5.0,4.0,12.0,2.0,8.0,16.0,18.0,2.0,14.0,15.0,24.0,61.0,49.0,0.0,31.0,51.0,1.0,0.0,5.0,2.0,2.0,4.0,4.0,2.0,0.0,0.0,2.0,22.0,0.0,5.0,1.0,0.0,11.0,126.0,0.0,0.0,2.0,3.0,5.0,1.0,5.0,13.0,12.0,-2.0,9499058.0,延边朝鲜族自治州和龙市,延边朝鲜族自治州和龙市民慧街道,13.0,30.0,22.0,20.0,85.0,71.30909090909091,68.33854166666667,46.871929824561406
吉林省,延边朝鲜族自治州,和龙市,光明街道,128.997368,42.5371664,18.0,23.0,37.0,43.0,189.0,84.0,0.0,46.0,101.0,4.0,2.0,8.0,2.0,2.0,9.0,10.0,4.0,0.0,0.0,2.0,31.0,0.0,11.0,1.0,1.0,18.0,153.0,0.0,0.0,5.0,4.0,12.0,2.0,8.0,16.0,17.0,3.0,12.0,16.0,20.0,53.0,20.0,0.0,7.0,53.0,2.0,0.0,4.0,1.0,1.0,7.0,8.0,1.0,0.0,0.0,2.0,17.0,0.0,4.0,1.0,1.0,9.0,136.0,0.0,0.0,1.0,3.0,6.0,1.0,5.0,11.0,12.0,6414790094.0,9499057.0,延边朝鲜族自治州和龙市,延边朝鲜族自治州和龙市光明街道,20.0,30.0,22.0,20.0,92.0,71.30909090909091,68.33854166666667,46.871929824561406
吉林省,延边朝鲜族自治州,和龙市,文化街道,129.0032158,42.5428648,18.0,21.0,37.0,43.0,161.0,82.0,0.0,46.0,101.0,4.0,2.0,8.0,2.0,2.0,9.0,10.0,4.0,0.0,0.0,2.0,32.0,0.0,11.0,1.0,1.0,18.0,153.0,0.0,0.0,5.0,4.0,12.0,2.0,8.0,15.0,17.0,12.0,12.0,14.0,8.0,32.0,12.0,0.0,12.0,37.0,2.0,2.0,2.0,1.0,1.0,6.0,7.0,0.0,0.0,0.0,2.0,4.0,0.0,4.0,0.0,1.0,3.0,78.0,0.0,0.0,0.0,2.0,5.0,2.0,4.0,11.0,8.0,6414790098.0,9499059.0,延边朝鲜族自治州和龙市,延边朝鲜族自治州和龙市文化街道,20.0,30.0,17.0,20.0,87.0,71.30909090909091,68.33854166666667,46.871929824561406
吉林省,延边朝鲜族自治州,和龙市,八家子镇,129.1188123,42.6670989,0.0,0.0,12.0,9.0,31.0,19.0,0.0,0.0,3.0,2.0,0.0,0.0,0.0,0.0,1.0,2.0,0.0,0.0,0.0,0.0,3.0,0.0,3.0,0.0,0.0,23.0,28.0,0.0,1.0,1.0,0.0,0.0,0.0,4.0,7.0,5.0,0.0,0.0,5.0,3.0,16.0,4.0,0.0,0.0,0.0,0.0,0.0,0.0,0.0,0.0,1.0,1.0,0.0,0.0,0.0,0.0,1.0,0.0,2.0,0.0,0.0,4.0,3.0,0.0,0.0,0.0,0.0,0.0,0.0,2.0,6.0,4.0,3147035470.0,17056403.0,延边朝鲜族自治州和龙市,延边朝鲜族自治州和龙市八家子镇,20.0,27.5,5.0,5.7,58.2,71.30909090909091,68.33854166666667,46.871929824561406
吉林省,延边朝鲜族自治州,和龙市,福洞镇,129.1347639,42.5678821,0.0,0.0,4.0,6.0,61.0,13.0,0.0,1.0,0.0,0.0,0.0,0.0,1.0,1.0,1.0,1.0,1.0,1.0,0.0,0.0,5.0,0.0,0.0,0.0,0.0,15.0,5.0,0.0,0.0,0.0,0.0,0.0,0.0,1.0,6.0,5.0,0.0,0.0,4.0,4.0,51.0,13.0,0.0,1.0,0.0,0.0,0.0,0.0,1.0,1.0,1.0,1.0,1.0,1.0,0.0,0.0,5.0,0.0,0.0,0.0,0.0,8.0,5.0,0.0,0.0,0.0,0.0,0.0,0.0,1.0,6.0,4.0,3473551340.0,17056396.0,延边朝鲜族自治州和龙市,延边朝鲜族自治州和龙市福洞镇,20.0,23.0,17.0,3.5,63.5,71.30909090909091,68.33854166666667,46.871929824561406
吉林省,延边朝鲜族自治州,和龙市,头道镇,129.20238,42.7527336,6.0,0.0,13.0,4.0,81.0,12.0,0.0,1.0,4.0,0.0,1.0,1.0,0.0,0.0,2.0,2.0,0.0,0.0,0.0,0.0,0.0,0.0,0.0,0.0,0.0,28.0,1.0,0.0,0.0,0.0,0.0,0.0,0.0,2.0,10.0,2.0,2.0,0.0,1.0,3.0,27.0,2.0,0.0,1.0,4.0,0.0,1.0,1.0,0.0,0.0,0.0,0.0,0.0,0.0,0.0,0.0,0.0,0.0,0.0,0.0,0.0,4.0,1.0,0.0,0.0,0.0,0.0,0.0,0.0,2.0,9.0,2.0,3150357949.0,17056397.0,延边朝鲜族自治州和龙市,延边朝鲜族自治州和龙市头道镇,20.0,28.0,5.0,1.2,54.2,71.30909090909091,68.33854166666667,46.871929824561406
吉林省,延边朝鲜族自治州,和龙市,西城镇,129.0934961,42.6964346,15.0,0.0,13.0,10.0,41.0,7.0,0.0,1.0,7.0,1.0,1.0,1.0,0.0,0.0,0.0,0.0,0.0,0.0,0.0,1.0,2.0,1.0,1.0,0.0,0.0,17.0,3.0,0.0,0.0,0.0,0.0,0.0,0.0,5.0,11.0,7.0,11.0,0.0,8.0,5.0,14.0,3.0,0.0,0.0,4.0,1.0,1.0,1.0,0.0,0.0,0.0,0.0,0.0,0.0,0.0,0.0,0.0,0.0,1.0,0.0,0.0,7.0,1.0,0.0,0.0,0.0,0.0,0.0,0.0,1.0,8.0,2.0,3147035435.0,17056398.0,延边朝鲜族自治州和龙市,延边朝鲜族自治州和龙市西城镇,20.0,30.0,5.0,3.9,58.9,71.30909090909091,68.33854166666667,46.871929824561406
吉林省,延边朝鲜族自治州,和龙市,南坪镇,129.2055802,42.2634972,5.0,7.0,2.0,8.0,25.0,22.0,0.0,29.0,0.0,1.0,1.0,2.0,0.0,0.0,0.0,0.0,1.0,0.0,0.0,0.0,9.0,0.0,5.0,0.0,7.0,17.0,110.0,0.0,0.0,2.0,0.0,2.0,0.0,15.0,11.0,17.0,1.0,0.0,1.0,5.0,8.0,10.0,0.0,0.0,0.0,1.0,0.0,1.0,0.0,0.0,0.0,0.0,0.0,0.0,0.0,0.0,1.0,0.0,4.0,0.0,7.0,2.0,26.0,0.0,0.0,2.0,0.0,2.0,0.0,14.0,8.0,12.0,2098431213.0,17056399.0,延边朝鲜族自治州和龙市,延边朝鲜族自治州和龙市南坪镇,20.0,25.4,5.0,18.0,68.4,71.30909090909091,68.33854166666667,46.871929824561406
吉林省,延边朝鲜族自治州,和龙市,东城镇,129.3185483,42.74414,2.0,0.0,4.0,4.0,57.0,21.0,0.0,22.0,4.0,0.0,0.0,1.0,0.0,0.0,0.0,0.0,0.0,0.0,0.0,0.0,7.0,1.0,1.0,0.0,0.0,19.0,23.0,0.0,0.0,1.0,0.0,1.0,6.0,1.0,10.0,10.0,0.0,0.0,2.0,4.0,8.0,2.0,0.0,0.0,0.0,0.0,0.0,0.0,0.0,0.0,0.0,0.0,0.0,0.0,0.0,0.0,1.0,0.0,1.0,0.0,0.0,4.0,0.0,0.0,0.0,1.0,0.0,0.0,0.0,0.0,4.0,3.0,3150384662.0,17056400.0,延边朝鲜族自治州和龙市,延边朝鲜族自治州和龙市东城镇,20.0,26.0,5.0,6.5,57.5,71.30909090909091,68.33854166666667,46.871929824561406
吉林省,延边朝鲜族自治州,和龙市,崇善镇,128.9978378,42.0932176,3.0,8.0,4.0,3.0,95.0,30.0,0.0,12.0,0.0,2.0,1.0,1.0,1.0,1.0,1.0,1.0,1.0,0.0,0.0,0.0,16.0,0.0,0.0,0.0,0.0,8.0,132.0,0.0,0.0,0.0,2.0,0.0,0.0,16.0,11.0,8.0,1.0,3.0,4.0,3.0,40.0,25.0,0.0,9.0,0.0,2.0,1.0,1.0,1.0,1.0,1.0,1.0,1.0,0.0,0.0,0.0,2.0,0.0,0.0,0.0,0.0,2.0,5.0,0.0,0.0,0.0,2.0,0.0,0.0,16.0,9.0,6.0,3170054418.0,17056401.0,延边朝鲜族自治州和龙市,延边朝鲜族自治州和龙市崇善镇,20.0,28.0,20.0,17.700000000000003,85.7,71.30909090909091,68.33854166666667,46.871929824561406
吉林省,延边朝鲜族自治州,和龙市,龙城镇,129.0086663,42.5503542,22.0,21.0,36.0,47.0,175.0,89.0,0.0,46.0,101.0,4.0,2.0,8.0,2.0,2.0,9.0,10.0,4.0,0.0,0.0,2.0,33.0,0.0,11.0,1.0,2.0,20.0,155.0,0.0,0.0,5.0,4.0,12.0,2.0,8.0,16.0,19.0,14.0,16.0,17.0,8.0,21.0,11.0,0.0,11.0,41.0,2.0,2.0,4.0,0.0,0.0,4.0,5.0,0.0,0.0,0.0,1.0,4.0,0.0,2.0,0.0,0.0,4.0,53.0,0.0,0.0,0.0,2.0,5.0,2.0,4.0,12.0,8.0,-2.0,17056402.0,延边朝鲜族自治州和龙市,延边朝鲜族自治州和龙市龙城镇,13.0,30.0,11.0,20.0,74.0,71.30909090909091,68.33854166666667,46.871929824561406
吉林省,延边朝鲜族自治州,汪清县,大川街道,129.7684273,43.3079998,0.0,44.0,89.0,58.0,68.0,117.0,0.0,21.0,240.0,0.0,1.0,9.0,0.0,0.0,8.0,9.0,2.0,0.0,0.0,1.0,16.0,0.0,11.0,0.0,5.0,7.0,95.0,3.0,3.0,7.0,1.0,11.0,1.0,6.0,14.0,12.0,0.0,8.0,32.0,33.0,21.0,24.0,0.0,10.0,82.0,0.0,1.0,8.0,0.0,0.0,4.0,5.0,1.0,0.0,0.0,0.0,9.0,0.0,6.0,0.0,3.0,3.0,39.0,3.0,3.0,3.0,1.0,7.0,0.0,2.0,13.0,10.0,6417904278.0,-1.0,延边朝鲜族自治州汪清县,延边朝鲜族自治州汪清县大川街道,12.0,28.0,15.0,18.4,73.4,54.199999999999996,68.33854166666667,46.871929824561406
吉林省,延边朝鲜族自治州,汪清县,新民街道,129.7541664,43.3139939,4.0,51.0,91.0,61.0,100.0,124.0,0.0,21.0,262.0,0.0,1.0,9.0,0.0,0.0,8.0,9.0,2.0,0.0,0.0,1.0,17.0,0.0,10.0,0.0,5.0,7.0,77.0,3.0,3.0,6.0,1.0,11.0,1.0,7.0,17.0,12.0,0.0,9.0,54.0,42.0,36.0,54.0,0.0,17.0,102.0,0.0,0.0,9.0,0.0,0.0,5.0,6.0,2.0,0.0,0.0,1.0,11.0,0.0,2.0,0.0,3.0,5.0,46.0,3.0,3.0,3.0,1.0,8.0,1.0,4.0,13.0,11.0,6417904280.0,-1.0,延边朝鲜族自治州汪清县,延边朝鲜族自治州汪清县新民街道,12.0,28.0,16.0,17.200000000000003,73.2,54.199999999999996,68.33854166666667,46.871929824561406
吉林省,延边朝鲜族自治州,汪清县,长荣街道,129.7587785,43.3194453,0.0,36.0,84.0,60.0,76.0,121.0,0.0,21.0,240.0,0.0,1.0,9.0,0.0,0.0,8.0,9.0,2.0,0.0,0.0,1.0,16.0,0.0,10.0,0.0,5.0,8.0,75.0,3.0,3.0,5.0,1.0,11.0,1.0,6.0,14.0,13.0,0.0,3.0,14.0,27.0,12.0,22.0,0.0,14.0,28.0,0.0,0.0,1.0,0.0,0.0,2.0,2.0,2.0,0.0,0.0,0.0,10.0,0.0,2.0,0.0,3.0,2.0,23.0,0.0,0.0,1.0,0.0,6.0,0.0,1.0,12.0,8.0,6417904277.0,-1.0,延边朝鲜族自治州汪清县,延边朝鲜族自治州汪清县长荣街道,12.0,28.0,15.0,14.4,69.4,54.199999999999996,68.33854166666667,46.871929824561406
吉林省,延边朝鲜族自治州,汪清县,汪清镇,129.7571345,43.3127446,0.0,29.0,88.0,58.0,66.0,87.0,0.0,21.0,204.0,0.0,1.0,9.0,0.0,0.0,8.0,9.0,2.0,0.0,0.0,1.0,14.0,0.0,11.0,0.0,5.0,8.0,108.0,3.0,3.0,7.0,1.0,10.0,1.0,6.0,14.0,12.0,0.0,1.0,28.0,23.0,7.0,9.0,0.0,9.0,28.0,0.0,1.0,8.0,0.0,0.0,3.0,3.0,1.0,0.0,0.0,0.0,7.0,0.0,6.0,0.0,3.0,1.0,20.0,3.0,3.0,3.0,1.0,1.0,0.0,1.0,11.0,9.0,1590460756.0,-1.0,延边朝鲜族自治州汪清县,延边朝鲜族自治州汪清县汪清镇,12.0,28.0,15.0,17.8,72.8,54.199999999999996,68.33854166666667,46.871929824561406
吉林省,延边朝鲜族自治州,汪清县,大兴沟镇,129.6516325,43.4163127,5.0,3.0,3.0,1.0,30.0,0.0,0.0,0.0,0.0,0.0,0.0,3.0,1.0,1.0,0.0,1.0,1.0,0.0,0.0,0.0,6.0,0.0,0.0,0.0,0.0,5.0,8.0,0.0,0.0,0.0,1.0,0.0,0.0,3.0,5.0,3.0,3.0,1.0,0.0,1.0,27.0,0.0,0.0,0.0,0.0,0.0,0.0,3.0,1.0,1.0,0.0,1.0,1.0,0.0,0.0,0.0,4.0,0.0,0.0,0.0,0.0,1.0,8.0,0.0,0.0,0.0,1.0,0.0,0.0,3.0,4.0,3.0,1590460698.0,-1.0,延边朝鲜族自治州汪清县,延边朝鲜族自治州汪清县大兴沟镇,12.0,22.5,15.0,3.1,52.6,54.199999999999996,68.33854166666667,46.871929824561406
吉林省,延边朝鲜族自治州,汪清县,天桥岭镇,129.6350332,43.5870385,4.0,0.0,13.0,14.0,34.0,2.0,0.0,0.0,0.0,0.0,0.0,1.0,2.0,2.0,0.0,0.0,1.0,1.0,0.0,2.0,3.0,0.0,0.0,0.0,0.0,3.0,14.0,0.0,0.0,0.0,2.0,0.0,1.0,3.0,7.0,4.0,1.0,0.0,4.0,9.0,31.0,0.0,0.0,0.0,0.0,0.0,0.0,1.0,1.0,1.0,0.0,0.0,1.0,1.0,0.0,1.0,1.0,0.0,0.0,0.0,0.0,1.0,6.0,0.0,0.0,0.0,1.0,0.0,0.0,3.0,6.0,2.0,2333212321.0,-1.0,延边朝鲜族自治州汪清县,延边朝鲜族自治州汪清县天桥岭镇,10.0,23.5,18.0,4.0,55.5,54.199999999999996,68.33854166666667,46.871929824561406
吉林省,延边朝鲜族自治州,汪清县,罗子沟镇,130.3412324,43.7268545,0.0,10.0,4.0,5.0,87.0,3.0,0.0,4.0,0.0,2.0,1.0,4.0,0.0,0.0,2.0,2.0,1.0,0.0,0.0,0.0,6.0,0.0,5.0,0.0,0.0,5.0,11.0,0.0,0.0,2.0,0.0,0.0,1.0,1.0,8.0,7.0,0.0,8.0,2.0,4.0,61.0,3.0,0.0,4.0,0.0,2.0,1.0,3.0,0.0,0.0,2.0,2.0,1.0,0.0,0.0,0.0,4.0,0.0,2.0,0.0,0.0,2.0,7.0,0.0,0.0,2.0,0.0,0.0,1.0,1.0,6.0,5.0,3497953789.0,-1.0,延边朝鲜族自治州汪清县,延边朝鲜族自治州汪清县罗子沟镇,12.0,28.0,15.0,5.7,60.7,54.199999999999996,68.33854166666667,46.871929824561406
吉林省,延边朝鲜族自治州,汪清县,百草沟镇,129.6031707,43.260038,3.0,0.0,0.0,7.0,76.0,6.0,0.0,2.0,0.0,0.0,0.0,0.0,0.0,0.0,0.0,0.0,0.0,0.0,0.0,0.0,3.0,0.0,0.0,0.0,0.0,5.0,0.0,0.0,0.0,0.0,0.0,0.0,0.0,3.0,9.0,4.0,1.0,0.0,0.0,7.0,49.0,0.0,0.0,1.0,0.0,0.0,0.0,0.0,0.0,0.0,0.0,0.0,0.0,0.0,0.0,0.0,1.0,0.0,0.0,0.0,0.0,2.0,0.0,0.0,0.0,0.0,0.0,0.0,0.0,2.0,5.0,3.0,2333212308.0,-1.0,延边朝鲜族自治州汪清县,延边朝鲜族自治州汪清县百草沟镇,12.0,24.0,0.0,2.0,38.0,54.199999999999996,68.33854166666667,46.871929824561406
吉林省,延边朝鲜族自治州,汪清县,春阳镇,129.4428958,43.7077043,5.0,0.0,0.0,14.0,131.0,0.0,0.0,0.0,0.0,0.0,0.0,0.0,0.0,0.0,0.0,0.0,0.0,0.0,0.0,0.0,1.0,0.0,1.0,0.0,0.0,4.0,12.0,0.0,0.0,0.0,0.0,0.0,0.0,2.0,5.0,6.0,4.0,0.0,0.0,6.0,74.0,0.0,0.0,0.0,0.0,0.0,0.0,0.0,0.0,0.0,0.0,0.0,0.0,0.0,0.0,0.0,0.0,0.0,1.0,0.0,0.0,1.0,0.0,0.0,0.0,0.0,0.0,0.0,0.0,2.0,4.0,3.0,3497737879.0,-1.0,延边朝鲜族自治州汪清县,延边朝鲜族自治州汪清县春阳镇,11.0,22.5,0.0,4.2,37.7,54.199999999999996,68.33854166666667,46.871929824561406
吉林省,延边朝鲜族自治州,汪清县,复兴镇,130.4948523,43.3598187,0.0,7.0,0.0,10.0,15.0,0.0,0.0,0.0,0.0,0.0,0.0,0.0,0.0,0.0,0.0,0.0,0.0,0.0,0.0,0.0,0.0,0.0,0.0,0.0,0.0,1.0,0.0,0.0,0.0,0.0,0.0,0.0,0.0,1.0,4.0,2.0,0.0,3.0,0.0,7.0,15.0,0.0,0.0,0.0,0.0,0.0,0.0,0.0,0.0,0.0,0.0,0.0,0.0,0.0,0.0,0.0,0.0,0.0,0.0,0.0,0.0,1.0,0.0,0.0,0.0,0.0,0.0,0.0,0.0,1.0,4.0,1.0,3497595890.0,-1.0,延边朝鲜族自治州汪清县,延边朝鲜族自治州汪清县复兴镇,8.0,19.5,0.0,1.0,28.5,54.199999999999996,68.33854166666667,46.871929824561406
吉林省,延边朝鲜族自治州,汪清县,东光镇,129.807402,43.291226,0.0,24.0,47.0,31.0,32.0,11.0,0.0,2.0,80.0,0.0,1.0,8.0,0.0,0.0,4.0,4.0,1.0,0.0,0.0,0.0,9.0,0.0,11.0,0.0,4.0,4.0,77.0,3.0,3.0,6.0,1.0,4.0,0.0,2.0,11.0,9.0,0.0,12.0,7.0,1.0,11.0,0.0,0.0,0.0,4.0,0.0,0.0,0.0,0.0,0.0,0.0,0.0,0.0,0.0,0.0,0.0,2.0,0.0,3.0,0.0,0.0,1.0,29.0,0.0,0.0,2.0,0.0,0.0,0.0,1.0,6.0,4.0,3495896402.0,-1.0,延边朝鲜族自治州汪清县,延边朝鲜族自治州汪清县东光镇,11.0,27.7,5.0,15.4,59.1,54.199999999999996,68.33854166666667,46.871929824561406
吉林省,延边朝鲜族自治州,汪清县,鸡冠乡,129.8605509,43.4727157,0.0,3.0,0.0,0.0,27.0,0.0,0.0,0.0,0.0,0.0,0.0,0.0,0.0,0.0,0.0,0.0,0.0,0.0,0.0,0.0,3.0,0.0,0.0,0.0,0.0,1.0,0.0,0.0,0.0,0.0,0.0,0.0,0.0,1.0,3.0,3.0,0.0,3.0,0.0,0.0,27.0,0.0,0.0,0.0,0.0,0.0,0.0,0.0,0.0,0.0,0.0,0.0,0.0,0.0,0.0,0.0,3.0,0.0,0.0,0.0,0.0,1.0,0.0,0.0,0.0,0.0,0.0,0.0,0.0,1.0,3.0,2.0,3497308759.0,-1.0,延边朝鲜族自治州汪清县,延边朝鲜族自治州汪清县鸡冠乡,8.0,20.0,0.0,1.5,29.5,54.199999999999996,68.33854166666667,46.871929824561406
吉林省,延边朝鲜族自治州,安图县,长兴街道,128.9107248,43.1003249,20.0,21.0,16.0,19.0,130.0,24.0,0.0,6.0,98.0,3.0,0.0,18.0,1.0,1.0,8.0,11.0,0.0,0.0,0.0,1.0,17.0,0.0,7.0,1.0,1.0,6.0,83.0,0.0,0.0,4.0,14.0,7.0,3.0,9.0,16.0,14.0,0.0,1.0,5.0,4.0,44.0,1.0,0.0,0.0,40.0,0.0,0.0,0.0,1.0,1.0,3.0,4.0,0.0,0.0,0.0,0.0,3.0,0.0,0.0,1.0,0.0,2.0,1.0,0.0,0.0,1.0,4.0,0.0,0.0,4.0,9.0,5.0,10880584745.0,17086474.0,延边朝鲜族自治州安图县,延边朝鲜族自治州安图县长兴街道,20.0,28.0,15.0,12.9,75.9,62.61666666666667,68.33854166666667,46.871929824561406
吉林省,延边朝鲜族自治州,安图县,瓮声街道,128.9163949,43.1124889,20.0,20.0,17.0,21.0,146.0,24.0,0.0,6.0,98.0,3.0,0.0,18.0,1.0,1.0,8.0,11.0,0.0,0.0,0.0,1.0,18.0,0.0,8.0,1.0,1.0,8.0,78.0,0.0,0.0,4.0,14.0,7.0,3.0,9.0,16.0,14.0,0.0,12.0,5.0,3.0,51.0,6.0,0.0,0.0,30.0,0.0,0.0,0.0,0.0,0.0,2.0,3.0,0.0,0.0,0.0,0.0,3.0,0.0,0.0,0.0,0.0,1.0,0.0,0.0,0.0,0.0,3.0,0.0,0.0,3.0,8.0,3.0,6414949703.0,17086475.0,延边朝鲜族自治州安图县,延边朝鲜族自治州安图县瓮声街道,20.0,28.0,10.0,12.200000000000001,70.2,62.61666666666667,68.33854166666667,46.871929824561406
吉林省,延边朝鲜族自治州,安图县,九龙街道,128.896798,43.1040587,20.0,10.0,14.0,20.0,115.0,19.0,0.0,6.0,96.0,3.0,0.0,18.0,1.0,1.0,8.0,11.0,0.0,0.0,0.0,1.0,16.0,0.0,9.0,1.0,1.0,6.0,66.0,0.0,0.0,4.0,14.0,7.0,3.0,10.0,15.0,15.0,15.0,8.0,8.0,7.0,22.0,14.0,0.0,5.0,32.0,3.0,0.0,13.0,0.0,0.0,4.0,5.0,0.0,0.0,0.0,1.0,8.0,0.0,1.0,0.0,1.0,1.0,47.0,0.0,0.0,3.0,6.0,5.0,3.0,7.0,10.0,10.0,6414949702.0,17086473.0,延边朝鲜族自治州安图县,延边朝鲜族自治州安图县九龙街道,20.0,28.0,11.0,16.0,75.0,62.61666666666667,68.33854166666667,46.871929824561406
吉林省,延边朝鲜族自治州,安图县,明月镇,128.9110266,43.103607,20.0,21.0,16.0,21.0,134.0,23.0,0.0,6.0,98.0,3.0,0.0,18.0,1.0,1.0,8.0,11.0,0.0,0.0,0.0,1.0,17.0,0.0,9.0,1.0,1.0,7.0,82.0,0.0,0.0,4.0,14.0,7.0,3.0,9.0,16.0,14.0,14.0,6.0,12.0,14.0,45.0,2.0,0.0,5.0,48.0,1.0,0.0,4.0,1.0,1.0,5.0,8.0,0.0,0.0,0.0,0.0,6.0,0.0,0.0,1.0,0.0,2.0,45.0,0.0,0.0,2.0,9.0,5.0,2.0,5.0,14.0,9.0,-2.0,17086476.0,延边朝鲜族自治州安图县,延边朝鲜族自治州安图县明月镇,13.0,28.0,15.0,17.3,73.3,62.61666666666667,68.33854166666667,46.871929824561406
吉林省,延边朝鲜族自治州,安图县,松江镇,128.3259378,42.5757104,5.0,4.0,0.0,18.0,108.0,17.0,0.0,2.0,1.0,1.0,1.0,1.0,1.0,1.0,2.0,3.0,0.0,0.0,0.0,0.0,3.0,2.0,1.0,1.0,0.0,9.0,7.0,0.0,0.0,1.0,3.0,0.0,0.0,3.0,10.0,9.0,3.0,2.0,0.0,8.0,80.0,13.0,0.0,2.0,1.0,1.0,0.0,1.0,1.0,1.0,2.0,3.0,0.0,0.0,0.0,0.0,3.0,0.0,1.0,0.0,0.0,7.0,7.0,0.0,0.0,0.0,3.0,0.0,0.0,2.0,7.0,7.0,2288788425.0,17044748.0,延边朝鲜族自治州安图县,延边朝鲜族自治州安图县松江镇,20.0,30.0,15.0,5.5,70.5,62.61666666666667,68.33854166666667,46.871929824561406
吉林省,延边朝鲜族自治州,安图县,二道白河镇,128.1095561,42.4203863,18.0,4.0,32.0,48.0,96.0,36.0,0.0,61.0,1.0,2.0,2.0,2.0,2.0,2.0,5.0,6.0,4.0,0.0,1.0,11.0,40.0,0.0,3.0,0.0,6.0,4.0,144.0,0.0,0.0,4.0,0.0,10.0,9.0,4.0,12.0,14.0,4.0,0.0,14.0,8.0,34.0,8.0,0.0,25.0,0.0,0.0,1.0,2.0,2.0,2.0,1.0,2.0,1.0,0.0,1.0,9.0,15.0,0.0,0.0,0.0,2.0,2.0,109.0,0.0,0.0,2.0,0.0,3.0,3.0,3.0,9.0,11.0,1590840545.0,17044747.0,延边朝鲜族自治州安图县,延边朝鲜族自治州安图县二道白河镇,19.0,30.0,28.0,20.0,97.0,62.61666666666667,68.33854166666667,46.871929824561406
吉林省,延边朝鲜族自治州,安图县,两江镇,128.0985766,42.6472925,0.0,0.0,13.0,6.0,53.0,2.0,0.0,0.0,0.0,0.0,0.0,0.0,0.0,0.0,3.0,3.0,0.0,0.0,0.0,0.0,4.0,0.0,0.0,0.0,0.0,5.0,0.0,0.0,0.0,0.0,2.0,1.0,0.0,2.0,8.0,5.0,0.0,0.0,7.0,6.0,38.0,2.0,0.0,0.0,0.0,0.0,0.0,0.0,0.0,0.0,3.0,3.0,0.0,0.0,0.0,0.0,1.0,0.0,0.0,0.0,0.0,3.0,0.0,0.0,0.0,0.0,2.0,1.0,0.0,1.0,5.0,4.0,715802172.0,17044749.0,延边朝鲜族自治州安图县,延边朝鲜族自治州安图县两江镇,20.0,24.0,5.0,2.5,51.5,62.61666666666667,68.33854166666667,46.871929824561406
吉林省,延边朝鲜族自治州,安图县,石门镇,129.0151616,43.0370365,7.0,0.0,0.0,9.0,67.0,19.0,0.0,0.0,4.0,0.0,0.0,0.0,0.0,0.0,0.0,0.0,0.0,0.0,0.0,0.0,0.0,0.0,5.0,0.0,0.0,9.0,2.0,0.0,0.0,2.0,0.0,1.0,0.0,4.0,8.0,6.0,3.0,0.0,0.0,3.0,30.0,16.0,0.0,0.0,4.0,0.0,0.0,0.0,0.0,0.0,0.0,0.0,0.0,0.0,0.0,0.0,0.0,0.0,4.0,0.0,0.0,2.0,2.0,0.0,0.0,2.0,0.0,1.0,0.0,2.0,7.0,6.0,3142207816.0,17044753.0,延边朝鲜族自治州安图县,延边朝鲜族自治州安图县石门镇,20.0,26.0,0.0,3.8,49.8,62.61666666666667,68.33854166666667,46.871929824561406
吉林省,延边朝鲜族自治州,安图县,万宝镇,128.3235394,42.8703196,0.0,7.0,0.0,13.0,82.0,13.0,0.0,0.0,0.0,0.0,0.0,1.0,0.0,0.0,2.0,2.0,2.0,0.0,0.0,0.0,5.0,0.0,1.0,0.0,0.0,7.0,2.0,0.0,0.0,3.0,3.0,7.0,0.0,1.0,6.0,7.0,0.0,2.0,0.0,4.0,35.0,2.0,0.0,0.0,0.0,0.0,0.0,1.0,0.0,0.0,1.0,1.0,0.0,0.0,0.0,0.0,1.0,0.0,0.0,0.0,0.0,4.0,1.0,0.0,0.0,1.0,2.0,3.0,0.0,1.0,4.0,4.0,3473866638.0,15869088.0,延边朝鲜族自治州安图县,延边朝鲜族自治州安图县万宝镇,20.0,23.0,10.0,4.2,57.2,62.61666666666667,68.33854166666667,46.871929824561406
吉林省,延边朝鲜族自治州,安图县,亮兵镇,128.7775422,43.1883042,6.0,0.0,0.0,13.0,65.0,26.0,0.0,0.0,0.0,0.0,0.0,0.0,0.0,0.0,1.0,1.0,0.0,0.0,0.0,0.0,0.0,0.0,1.0,0.0,0.0,3.0,0.0,0.0,0.0,0.0,1.0,0.0,0.0,4.0,6.0,3.0,3.0,0.0,0.0,5.0,51.0,21.0,0.0,0.0,0.0,0.0,0.0,0.0,0.0,0.0,1.0,1.0,0.0,0.0,0.0,0.0,0.0,0.0,0.0,0.0,0.0,1.0,0.0,0.0,0.0,0.0,1.0,0.0,0.0,4.0,5.0,2.0,3142207814.0,17044752.0,延边朝鲜族自治州安图县,延边朝鲜族自治州安图县亮兵镇,18.0,23.0,5.0,1.5,47.5,62.61666666666667,68.33854166666667,46.871929824561406
吉林省,延边朝鲜族自治州,安图县,新合乡,128.5180313,42.9541921,0.0,8.0,4.0,0.0,24.0,2.0,0.0,0.0,0.0,0.0,0.0,0.0,0.0,0.0,1.0,1.0,0.0,0.0,0.0,0.0,4.0,0.0,0.0,0.0,0.0,1.0,0.0,0.0,0.0,0.0,1.0,0.0,0.0,1.0,5.0,3.0,0.0,2.0,3.0,0.0,21.0,2.0,0.0,0.0,0.0,0.0,0.0,0.0,0.0,0.0,1.0,1.0,0.0,0.0,0.0,0.0,1.0,0.0,0.0,0.0,0.0,1.0,0.0,0.0,0.0,0.0,1.0,0.0,0.0,1.0,4.0,3.0,3473838945.0,17044751.0,延边朝鲜族自治州安图县,延边朝鲜族自治州安图县新合乡,16.0,18.6,5.0,1.5,41.1,62.61666666666667,68.33854166666667,46.871929824561406
吉林省,延边朝鲜族自治州,安图县,永庆乡,128.2544427,42.7225799,3.0,0.0,3.0,3.0,9.0,3.0,0.0,13.0,2.0,0.0,0.0,0.0,0.0,0.0,1.0,1.0,0.0,0.0,0.0,0.0,3.0,0.0,0.0,0.0,0.0,1.0,2.0,0.0,1.0,0.0,1.0,1.0,0.0,1.0,7.0,7.0,3.0,0.0,1.0,3.0,8.0,0.0,0.0,0.0,0.0,0.0,0.0,0.0,0.0,0.0,1.0,1.0,0.0,0.0,0.0,0.0,1.0,0.0,0.0,0.0,0.0,1.0,0.0,0.0,0.0,0.0,1.0,0.0,0.0,1.0,5.0,2.0,3473866639.0,17044750.0,延边朝鲜族自治州安图县,延边朝鲜族自治州安图县永庆乡,16.0,17.7,5.0,3.7,42.400000000000006,62.61666666666667,68.33854166666667,46.871929824561406
