addr_1,addr_2,addr_3,addr_4,lon,lat,hw_trunk_3km,hw_primary_3km,hw_secondary_3km,hw_tertiary_3km,hw_res_uncl_3km,hw_service_3km,hw_cycleway_3km,hw_footway_3km,hw_bus_stop_3km,hw_parking_3km,hw_fuel_3km,am_gov_3km,am_medical_3km,am_healthcare_3km,am_school_3km,am_education_3km,am_police_3km,am_post_3km,am_bank_3km,am_shop_3km,lu_residential_3km,lu_commercial_3km,lu_industrial_3km,lu_retail_3km,lu_construction_3km,pl_3km,bld_3km,blp_3km,bll_3km,mm_3km,ad_3km,lsr_3km,trs_3km,wd_3km,hw_types_3km,lu_types_3km,hw_trunk_1km,hw_primary_1km,hw_secondary_1km,hw_tertiary_1km,hw_res_uncl_1km,hw_service_1km,hw_cycleway_1km,hw_footway_1km,hw_bus_stop_1km,hw_parking_1km,hw_fuel_1km,am_gov_1km,am_medical_1km,am_healthcare_1km,am_school_1km,am_education_1km,am_police_1km,am_post_1km,am_bank_1km,am_shop_1km,lu_residential_1km,lu_commercial_1km,lu_industrial_1km,lu_retail_1km,lu_construction_1km,pl_1km,bld_1km,blp_1km,bll_1km,mm_1km,ad_1km,lsr_1km,trs_1km,wd_1km,hw_types_1km,lu_types_1km,node,boundary,u_addr_3,u_addr_4,score_1,score_2,score_3,score_4,score,u_addr_3_avg_score,addr_2_avg_score,addr_1_avg_score
广东省,广州市,荔湾区,沙面街道,113.2429491,23.1099395,138.0,355.0,324.0,288.0,586.0,930.0,13.0,2335.0,1810.0,106.0,5.0,56.0,45.0,60.0,146.0,183.0,26.0,5.0,77.0,483.0,286.0,48.0,23.0,12.0,47.0,63.0,5153.0,64.0,2380.0,76.0,156.0,184.0,141.0,159.0,26.0,26.0,20.0,55.0,56.0,45.0,55.0,85.0,4.0,370.0,261.0,11.0,0.0,8.0,4.0,4.0,19.0,23.0,5.0,3.0,8.0,71.0,28.0,2.0,0.0,1.0,6.0,9.0,530.0,13.0,302.0,25.0,23.0,23.0,33.0,42.0,23.0,12.0,6384507893.0,9460176.0,广州市荔湾区,广州市荔湾区沙面街道,20.0,30.0,30.0,20.0,100.0,94.31818181818181,84.46704545454546,56.92664596273291
广东省,广州市,荔湾区,岭南街道,113.242414,23.1127136,144.0,365.0,334.0,292.0,533.0,896.0,13.0,2325.0,1860.0,104.0,5.0,63.0,45.0,60.0,148.0,186.0,27.0,5.0,80.0,485.0,269.0,47.0,22.0,11.0,46.0,61.0,5143.0,64.0,2242.0,78.0,159.0,176.0,146.0,162.0,26.0,24.0,19.0,55.0,51.0,59.0,56.0,82.0,4.0,332.0,259.0,13.0,0.0,5.0,5.0,5.0,14.0,16.0,4.0,3.0,7.0,81.0,37.0,3.0,0.0,1.0,4.0,8.0,489.0,13.0,268.0,14.0,20.0,18.0,36.0,46.0,22.0,12.0,6384507872.0,9460175.0,广州市荔湾区,广州市荔湾区岭南街道,20.0,30.0,30.0,20.0,100.0,94.31818181818181,84.46704545454546,56.92664596273291
广东省,广州市,荔湾区,华林街道,113.243446,23.11782,139.0,383.0,332.0,311.0,501.0,897.0,13.0,2402.0,1897.0,109.0,7.0,70.0,49.0,66.0,147.0,189.0,25.0,7.0,85.0,519.0,250.0,46.0,20.0,8.0,48.0,58.0,5318.0,65.0,2099.0,79.0,188.0,193.0,170.0,189.0,26.0,25.0,8.0,51.0,41.0,74.0,57.0,120.0,3.0,296.0,262.0,5.0,0.0,0.0,10.0,17.0,22.0,23.0,3.0,3.0,12.0,101.0,49.0,3.0,0.0,0.0,5.0,4.0,395.0,12.0,173.0,2.0,19.0,16.0,29.0,39.0,22.0,9.0,-1.0,9460174.0,广州市荔湾区,广州市荔湾区华林街道,20.0,30.0,30.0,20.0,100.0,94.31818181818181,84.46704545454546,56.92664596273291
广东省,广州市,荔湾区,多宝街道,113.2348478,23.115755,162.0,321.0,278.0,275.0,519.0,773.0,14.0,1971.0,1616.0,87.0,6.0,41.0,40.0,54.0,134.0,165.0,21.0,5.0,59.0,344.0,241.0,39.0,23.0,8.0,43.0,52.0,4238.0,42.0,1999.0,72.0,125.0,169.0,132.0,141.0,27.0,23.0,30.0,27.0,6.0,63.0,47.0,110.0,0.0,310.0,230.0,10.0,0.0,9.0,9.0,13.0,25.0,28.0,3.0,1.0,6.0,83.0,50.0,2.0,3.0,2.0,3.0,3.0,443.0,13.0,203.0,10.0,22.0,32.0,41.0,34.0,21.0,16.0,6384507856.0,9460173.0,广州市荔湾区,广州市荔湾区多宝街道,20.0,30.0,30.0,20.0,100.0,94.31818181818181,84.46704545454546,56.92664596273291
广东省,广州市,荔湾区,昌华街道,113.2304352,23.1181703,164.0,271.0,229.0,280.0,564.0,669.0,5.0,1719.0,1538.0,63.0,6.0,31.0,36.0,49.0,130.0,154.0,16.0,5.0,53.0,319.0,203.0,32.0,22.0,8.0,39.0,46.0,3376.0,40.0,1615.0,69.0,95.0,149.0,116.0,120.0,27.0,22.0,35.0,8.0,17.0,58.0,39.0,89.0,0.0,271.0,187.0,6.0,0.0,9.0,6.0,9.0,22.0,25.0,1.0,1.0,1.0,53.0,51.0,2.0,5.0,2.0,2.0,3.0,348.0,12.0,166.0,5.0,19.0,19.0,28.0,25.0,20.0,16.0,6384507803.0,9460165.0,广州市荔湾区,广州市荔湾区昌华街道,20.0,30.0,30.0,20.0,100.0,94.31818181818181,84.46704545454546,56.92664596273291
广东省,广州市,荔湾区,逢源街道,113.2375646,23.1261527,147.0,365.0,276.0,319.0,481.0,688.0,13.0,2125.0,1746.0,68.0,4.0,54.0,42.0,56.0,140.0,165.0,22.0,6.0,69.0,462.0,161.0,30.0,13.0,6.0,41.0,47.0,3879.0,54.0,1511.0,73.0,157.0,172.0,149.0,181.0,27.0,21.0,0.0,41.0,16.0,44.0,52.0,135.0,0.0,391.0,237.0,8.0,1.0,5.0,6.0,8.0,26.0,31.0,2.0,1.0,11.0,77.0,52.0,9.0,0.0,2.0,1.0,10.0,434.0,4.0,117.0,3.0,10.0,21.0,21.0,26.0,19.0,10.0,6384507804.0,9460166.0,广州市荔湾区,广州市荔湾区逢源街道,20.0,30.0,30.0,20.0,100.0,94.31818181818181,84.46704545454546,56.92664596273291
广东省,广州市,荔湾区,龙津街道,113.243283,23.1254374,150.0,391.0,307.0,315.0,451.0,836.0,13.0,2416.0,1852.0,81.0,5.0,61.0,47.0,65.0,157.0,193.0,28.0,7.0,88.0,510.0,178.0,32.0,13.0,6.0,44.0,54.0,4725.0,60.0,1792.0,78.0,187.0,201.0,178.0,204.0,27.0,25.0,0.0,47.0,41.0,48.0,41.0,139.0,0.0,410.0,232.0,14.0,1.0,2.0,12.0,21.0,30.0,31.0,3.0,1.0,24.0,134.0,55.0,6.0,0.0,2.0,1.0,7.0,479.0,2.0,137.0,0.0,15.0,18.0,21.0,29.0,18.0,12.0,6384507805.0,9460167.0,广州市荔湾区,广州市荔湾区龙津街道,20.0,30.0,30.0,20.0,100.0,94.31818181818181,84.46704545454546,56.92664596273291
广东省,广州市,荔湾区,金花街道,113.2443988,23.1303213,179.0,400.0,312.0,339.0,467.0,796.0,13.0,2316.0,1883.0,73.0,4.0,56.0,46.0,64.0,157.0,197.0,30.0,7.0,91.0,515.0,163.0,29.0,11.0,5.0,28.0,58.0,4993.0,63.0,1829.0,62.0,175.0,209.0,176.0,212.0,27.0,24.0,11.0,58.0,44.0,24.0,43.0,126.0,0.0,442.0,259.0,12.0,1.0,4.0,12.0,21.0,28.0,34.0,3.0,2.0,28.0,124.0,38.0,7.0,0.0,2.0,3.0,7.0,558.0,4.0,127.0,5.0,26.0,23.0,31.0,28.0,21.0,12.0,6384507806.0,9460168.0,广州市荔湾区,广州市荔湾区金花街道,20.0,30.0,30.0,20.0,100.0,94.31818181818181,84.46704545454546,56.92664596273291
广东省,广州市,荔湾区,彩虹街道,113.2326883,23.1317667,117.0,356.0,168.0,282.0,486.0,522.0,3.0,1649.0,1528.0,54.0,4.0,42.0,34.0,47.0,117.0,132.0,15.0,6.0,55.0,345.0,134.0,19.0,14.0,5.0,30.0,38.0,3012.0,37.0,1105.0,48.0,97.0,153.0,126.0,146.0,26.0,21.0,22.0,56.0,32.0,21.0,91.0,77.0,0.0,258.0,252.0,7.0,2.0,2.0,3.0,3.0,21.0,24.0,0.0,1.0,7.0,51.0,21.0,8.0,2.0,2.0,2.0,10.0,415.0,0.0,115.0,3.0,5.0,18.0,10.0,26.0,20.0,11.0,6384507807.0,9460169.0,广州市荔湾区,广州市荔湾区彩虹街道,20.0,30.0,25.0,20.0,95.0,94.31818181818181,84.46704545454546,56.92664596273291
广东省,广州市,荔湾区,南源街道,113.2292631,23.1404438,106.0,336.0,140.0,294.0,491.0,487.0,3.0,1269.0,1367.0,36.0,4.0,11.0,27.0,40.0,104.0,118.0,8.0,5.0,37.0,268.0,151.0,19.0,15.0,3.0,22.0,28.0,2506.0,18.0,822.0,35.0,76.0,120.0,80.0,105.0,28.0,18.0,20.0,62.0,10.0,17.0,88.0,49.0,0.0,69.0,156.0,3.0,1.0,1.0,0.0,0.0,19.0,21.0,0.0,0.0,0.0,14.0,10.0,3.0,4.0,0.0,2.0,6.0,323.0,0.0,123.0,3.0,2.0,23.0,1.0,20.0,17.0,10.0,6384507808.0,9460170.0,广州市荔湾区,广州市荔湾区南源街道,20.0,30.0,16.0,20.0,86.0,94.31818181818181,84.46704545454546,56.92664596273291
广东省,广州市,荔湾区,西村街道,113.2347751,23.1472608,126.0,367.0,142.0,215.0,545.0,507.0,3.0,1266.0,1404.0,44.0,6.0,22.0,20.0,30.0,90.0,109.0,11.0,4.0,31.0,224.0,125.0,21.0,11.0,16.0,23.0,36.0,2806.0,13.0,680.0,35.0,68.0,141.0,75.0,112.0,28.0,21.0,26.0,75.0,11.0,30.0,105.0,52.0,0.0,116.0,216.0,3.0,1.0,1.0,1.0,1.0,18.0,19.0,0.0,1.0,0.0,11.0,8.0,2.0,3.0,0.0,1.0,3.0,269.0,1.0,183.0,6.0,3.0,26.0,2.0,19.0,19.0,10.0,6384507810.0,9460172.0,广州市荔湾区,广州市荔湾区西村街道,20.0,30.0,23.0,20.0,93.0,94.31818181818181,84.46704545454546,56.92664596273291
广东省,广州市,荔湾区,站前街道,113.2425106,23.1426143,183.0,399.0,192.0,281.0,514.0,695.0,0.0,1833.0,1714.0,56.0,6.0,41.0,31.0,47.0,121.0,152.0,19.0,4.0,65.0,397.0,147.0,26.0,11.0,3.0,29.0,44.0,4081.0,26.0,968.0,35.0,125.0,181.0,146.0,156.0,27.0,26.0,22.0,93.0,23.0,28.0,87.0,68.0,0.0,298.0,229.0,3.0,1.0,4.0,4.0,4.0,17.0,21.0,0.0,1.0,4.0,35.0,13.0,2.0,1.0,0.0,1.0,3.0,378.0,1.0,176.0,1.0,19.0,19.0,9.0,24.0,19.0,10.0,6384507809.0,9460171.0,广州市荔湾区,广州市荔湾区站前街道,20.0,30.0,25.0,20.0,95.0,94.31818181818181,84.46704545454546,56.92664596273291
广东省,广州市,荔湾区,桥中街道,113.2197009,23.1230363,157.0,168.0,113.0,279.0,570.0,434.0,5.0,1013.0,1179.0,36.0,5.0,14.0,20.0,30.0,84.0,94.0,6.0,2.0,21.0,222.0,146.0,17.0,17.0,7.0,25.0,30.0,2071.0,22.0,943.0,32.0,43.0,119.0,68.0,92.0,29.0,20.0,37.0,14.0,33.0,26.0,43.0,28.0,0.0,100.0,120.0,3.0,1.0,0.0,1.0,3.0,3.0,3.0,0.0,0.0,0.0,3.0,8.0,1.0,9.0,0.0,4.0,2.0,153.0,0.0,72.0,10.0,0.0,16.0,4.0,17.0,17.0,10.0,6383895691.0,9459352.0,广州市荔湾区,广州市荔湾区桥中街道,20.0,30.0,18.0,20.0,88.0,94.31818181818181,84.46704545454546,56.92664596273291
广东省,广州市,荔湾区,白鹤洞街道,113.2414001,23.0819969,81.0,214.0,202.0,320.0,641.0,797.0,6.0,1396.0,1281.0,81.0,10.0,18.0,20.0,23.0,79.0,107.0,12.0,3.0,27.0,135.0,254.0,41.0,24.0,6.0,93.0,46.0,4272.0,14.0,1614.0,67.0,149.0,197.0,25.0,57.0,27.0,26.0,27.0,11.0,8.0,42.0,63.0,56.0,0.0,125.0,113.0,3.0,1.0,0.0,3.0,3.0,12.0,14.0,0.0,0.0,3.0,6.0,30.0,4.0,6.0,1.0,13.0,7.0,443.0,1.0,206.0,10.0,33.0,30.0,0.0,15.0,19.0,12.0,6384430904.0,9460054.0,广州市荔湾区,广州市荔湾区白鹤洞街道,20.0,30.0,23.0,20.0,93.0,94.31818181818181,84.46704545454546,56.92664596273291
广东省,广州市,荔湾区,冲口街道,113.2415825,23.0881211,94.0,264.0,236.0,313.0,671.0,867.0,7.0,1670.0,1375.0,96.0,10.0,34.0,26.0,29.0,88.0,120.0,19.0,4.0,35.0,198.0,286.0,47.0,22.0,12.0,93.0,53.0,4384.0,26.0,1835.0,78.0,171.0,229.0,54.0,76.0,26.0,28.0,27.0,6.0,18.0,40.0,54.0,66.0,0.0,126.0,136.0,7.0,1.0,0.0,1.0,1.0,9.0,11.0,2.0,0.0,2.0,5.0,30.0,9.0,6.0,1.0,8.0,8.0,389.0,1.0,212.0,10.0,12.0,15.0,3.0,15.0,19.0,11.0,6384430905.0,9460055.0,广州市荔湾区,广州市荔湾区冲口街道,20.0,30.0,27.0,20.0,97.0,94.31818181818181,84.46704545454546,56.92664596273291
广东省,广州市,荔湾区,花地街道,113.2289439,23.1014171,137.0,235.0,193.0,294.0,662.0,804.0,5.0,1502.0,1303.0,81.0,6.0,30.0,27.0,33.0,92.0,118.0,15.0,4.0,21.0,217.0,254.0,34.0,25.0,9.0,58.0,44.0,3580.0,34.0,1876.0,64.0,100.0,169.0,84.0,99.0,26.0,25.0,32.0,40.0,15.0,17.0,88.0,93.0,0.0,109.0,137.0,10.0,0.0,0.0,3.0,4.0,6.0,8.0,0.0,0.0,0.0,21.0,23.0,5.0,1.0,2.0,12.0,5.0,650.0,7.0,476.0,13.0,5.0,17.0,5.0,15.0,17.0,14.0,6384431090.0,9460056.0,广州市荔湾区,广州市荔湾区花地街道,20.0,30.0,21.0,20.0,91.0,94.31818181818181,84.46704545454546,56.92664596273291
广东省,广州市,荔湾区,石围塘街道,113.2073518,23.1142336,138.0,72.0,106.0,253.0,629.0,329.0,1.0,509.0,865.0,26.0,2.0,11.0,9.0,12.0,49.0,58.0,3.0,0.0,1.0,79.0,114.0,10.0,17.0,5.0,21.0,19.0,1412.0,21.0,687.0,24.0,24.0,82.0,33.0,56.0,29.0,21.0,37.0,0.0,0.0,38.0,85.0,32.0,1.0,42.0,94.0,3.0,1.0,1.0,0.0,0.0,11.0,13.0,1.0,0.0,0.0,9.0,20.0,2.0,2.0,0.0,3.0,3.0,128.0,4.0,77.0,2.0,4.0,5.0,1.0,14.0,18.0,8.0,6383909979.0,9459394.0,广州市荔湾区,广州市荔湾区石围塘街道,20.0,30.0,21.0,20.0,91.0,94.31818181818181,84.46704545454546,56.92664596273291
广东省,广州市,荔湾区,茶滘街道,113.22126,23.0916668,110.0,166.0,112.0,289.0,712.0,561.0,3.0,937.0,1055.0,57.0,7.0,9.0,15.0,17.0,57.0,77.0,8.0,3.0,13.0,110.0,175.0,28.0,24.0,8.0,68.0,29.0,2912.0,22.0,1555.0,59.0,131.0,166.0,33.0,66.0,27.0,25.0,0.0,32.0,38.0,51.0,121.0,227.0,0.0,181.0,160.0,7.0,0.0,1.0,1.0,1.0,6.0,10.0,2.0,0.0,1.0,10.0,50.0,1.0,4.0,3.0,13.0,3.0,499.0,11.0,360.0,3.0,2.0,24.0,2.0,7.0,19.0,16.0,6384429764.0,9460050.0,广州市荔湾区,广州市荔湾区茶滘街道,20.0,30.0,28.0,20.0,98.0,94.31818181818181,84.46704545454546,56.92664596273291
广东省,广州市,荔湾区,东漖街道,113.2239331,23.0844128,76.0,151.0,99.0,295.0,727.0,547.0,4.0,848.0,979.0,52.0,6.0,3.0,11.0,13.0,52.0,66.0,6.0,2.0,11.0,84.0,169.0,31.0,21.0,8.0,76.0,26.0,3126.0,14.0,1463.0,71.0,129.0,173.0,11.0,53.0,26.0,24.0,0.0,47.0,50.0,69.0,126.0,236.0,0.0,262.0,181.0,19.0,1.0,1.0,3.0,4.0,11.0,16.0,2.0,1.0,1.0,36.0,26.0,4.0,2.0,1.0,18.0,3.0,642.0,5.0,485.0,3.0,25.0,45.0,2.0,9.0,20.0,17.0,6384429763.0,9460049.0,广州市荔湾区,广州市荔湾区东漖街道,20.0,30.0,30.0,20.0,100.0,94.31818181818181,84.46704545454546,56.92664596273291
广东省,广州市,荔湾区,海龙街道,113.2075238,23.0755665,21.0,120.0,81.0,219.0,785.0,412.0,2.0,536.0,668.0,29.0,7.0,1.0,6.0,7.0,41.0,53.0,2.0,2.0,8.0,61.0,107.0,16.0,23.0,5.0,39.0,10.0,1788.0,6.0,719.0,13.0,68.0,120.0,3.0,34.0,25.0,24.0,1.0,12.0,0.0,62.0,67.0,11.0,0.0,15.0,107.0,0.0,1.0,0.0,1.0,1.0,4.0,4.0,0.0,0.0,0.0,2.0,15.0,2.0,1.0,0.0,4.0,1.0,97.0,0.0,21.0,3.0,0.0,13.0,0.0,10.0,15.0,11.0,6384429772.0,9460051.0,广州市荔湾区,广州市荔湾区海龙街道,20.0,30.0,17.0,20.0,87.0,94.31818181818181,84.46704545454546,56.92664596273291
广东省,广州市,荔湾区,东沙街道,113.2389003,23.0581737,23.0,68.0,46.0,277.0,493.0,221.0,3.0,403.0,618.0,21.0,8.0,1.0,4.0,5.0,33.0,42.0,0.0,1.0,8.0,35.0,97.0,25.0,32.0,2.0,58.0,15.0,1969.0,13.0,408.0,32.0,104.0,119.0,2.0,45.0,28.0,29.0,0.0,0.0,0.0,42.0,74.0,25.0,0.0,21.0,103.0,2.0,0.0,0.0,0.0,0.0,5.0,5.0,0.0,0.0,0.0,0.0,13.0,0.0,2.0,0.0,7.0,1.0,274.0,0.0,5.0,1.0,5.0,8.0,0.0,6.0,15.0,8.0,6384430894.0,9460053.0,广州市荔湾区,广州市荔湾区东沙街道,20.0,30.0,10.0,20.0,80.0,94.31818181818181,84.46704545454546,56.92664596273291
广东省,广州市,荔湾区,中南街道,113.2157528,23.0548963,11.0,87.0,70.0,182.0,555.0,179.0,2.0,297.0,553.0,16.0,8.0,3.0,3.0,4.0,28.0,35.0,0.0,2.0,6.0,29.0,73.0,24.0,27.0,1.0,33.0,9.0,1181.0,0.0,253.0,25.0,59.0,102.0,2.0,30.0,25.0,25.0,0.0,20.0,0.0,20.0,101.0,20.0,0.0,2.0,65.0,0.0,2.0,0.0,0.0,0.0,1.0,2.0,0.0,0.0,0.0,1.0,8.0,7.0,1.0,0.0,2.0,2.0,126.0,0.0,2.0,1.0,1.0,3.0,0.0,7.0,16.0,9.0,6384429773.0,9460052.0,广州市荔湾区,广州市荔湾区中南街道,20.0,30.0,11.0,20.0,81.0,94.31818181818181,84.46704545454546,56.92664596273291
广东省,广州市,越秀区,洪桥街道,113.2647885,23.1367126,269.0,413.0,375.0,373.0,548.0,926.0,10.0,2544.0,1972.0,88.0,7.0,59.0,62.0,90.0,124.0,181.0,31.0,4.0,155.0,657.0,123.0,30.0,2.0,4.0,38.0,63.0,6976.0,72.0,1486.0,43.0,227.0,252.0,223.0,232.0,26.0,31.0,70.0,39.0,60.0,81.0,39.0,148.0,0.0,418.0,251.0,16.0,1.0,24.0,5.0,9.0,17.0,28.0,9.0,0.0,31.0,97.0,7.0,1.0,0.0,0.0,5.0,11.0,1055.0,8.0,118.0,4.0,46.0,48.0,34.0,60.0,21.0,15.0,9139877055.0,4069915.0,广州市越秀区,广州市越秀区洪桥街道,20.0,30.0,28.0,20.0,98.0,97.88888888888889,84.46704545454546,56.92664596273291
广东省,广州市,越秀区,北京街道,113.2655855,23.1309415,228.0,399.0,423.0,382.0,596.0,964.0,16.0,2702.0,1977.0,89.0,7.0,58.0,62.0,91.0,145.0,210.0,35.0,4.0,163.0,680.0,173.0,34.0,3.0,4.0,42.0,65.0,7211.0,74.0,1685.0,52.0,238.0,320.0,236.0,238.0,25.0,31.0,32.0,52.0,76.0,79.0,32.0,200.0,0.0,404.0,313.0,17.0,0.0,30.0,8.0,15.0,24.0,38.0,10.0,0.0,35.0,143.0,8.0,2.0,0.0,1.0,8.0,8.0,1103.0,15.0,187.0,2.0,66.0,42.0,34.0,79.0,18.0,17.0,3098740412.0,4069909.0,广州市越秀区,广州市越秀区北京街道,20.0,30.0,28.0,20.0,98.0,97.88888888888889,84.46704545454546,56.92664596273291
广东省,广州市,越秀区,六榕街道,113.2546948,23.1314126,214.0,456.0,367.0,398.0,509.0,944.0,12.0,2740.0,2105.0,89.0,7.0,61.0,56.0,80.0,168.0,216.0,36.0,6.0,141.0,662.0,179.0,34.0,4.0,5.0,37.0,70.0,6365.0,83.0,1776.0,49.0,237.0,265.0,233.0,246.0,26.0,29.0,20.0,54.0,38.0,75.0,40.0,105.0,0.0,413.0,298.0,20.0,0.0,25.0,10.0,14.0,29.0,36.0,5.0,1.0,27.0,123.0,18.0,1.0,0.0,1.0,8.0,5.0,894.0,7.0,157.0,9.0,53.0,33.0,37.0,55.0,18.0,13.0,3098740410.0,4069907.0,广州市越秀区,广州市越秀区六榕街道,20.0,30.0,30.0,20.0,100.0,97.88888888888889,84.46704545454546,56.92664596273291
广东省,广州市,越秀区,流花街道,113.2579938,23.1520514,265.0,355.0,182.0,319.0,553.0,663.0,0.0,1730.0,1699.0,83.0,8.0,54.0,36.0,45.0,89.0,128.0,22.0,3.0,97.0,396.0,102.0,25.0,9.0,4.0,31.0,59.0,4752.0,32.0,598.0,26.0,138.0,208.0,141.0,161.0,25.0,29.0,42.0,55.0,9.0,14.0,30.0,83.0,0.0,221.0,176.0,3.0,0.0,1.0,3.0,3.0,3.0,8.0,3.0,1.0,1.0,7.0,7.0,7.0,0.0,0.0,4.0,5.0,446.0,6.0,51.0,6.0,10.0,29.0,36.0,28.0,19.0,14.0,3098740419.0,4069916.0,广州市越秀区,广州市越秀区流花街道,20.0,30.0,30.0,20.0,100.0,97.88888888888889,84.46704545454546,56.92664596273291
广东省,广州市,越秀区,光塔街道,113.256038,23.124889,230.0,480.0,413.0,379.0,521.0,1094.0,17.0,3045.0,2156.0,114.0,6.0,77.0,57.0,81.0,173.0,236.0,37.0,6.0,149.0,646.0,238.0,37.0,5.0,6.0,40.0,74.0,6704.0,87.0,1957.0,63.0,252.0,299.0,221.0,243.0,26.0,30.0,0.0,55.0,50.0,82.0,26.0,95.0,2.0,360.0,302.0,12.0,0.0,18.0,11.0,19.0,29.0,35.0,4.0,1.0,25.0,179.0,16.0,7.0,0.0,2.0,6.0,5.0,784.0,18.0,267.0,9.0,47.0,22.0,40.0,64.0,17.0,15.0,3098740409.0,4069906.0,广州市越秀区,广州市越秀区光塔街道,20.0,30.0,30.0,20.0,100.0,97.88888888888889,84.46704545454546,56.92664596273291
广东省,广州市,越秀区,人民街道,113.2564395,23.1174792,151.0,402.0,454.0,355.0,495.0,1060.0,19.0,2888.0,2009.0,119.0,6.0,82.0,58.0,82.0,176.0,240.0,36.0,5.0,130.0,615.0,273.0,50.0,8.0,10.0,43.0,75.0,6573.0,78.0,1972.0,80.0,239.0,276.0,210.0,227.0,26.0,27.0,0.0,47.0,92.0,64.0,26.0,78.0,9.0,250.0,284.0,6.0,0.0,10.0,10.0,10.0,26.0,28.0,4.0,0.0,13.0,72.0,19.0,6.0,0.0,1.0,3.0,2.0,940.0,22.0,633.0,15.0,27.0,12.0,24.0,45.0,16.0,14.0,3098740408.0,4069905.0,广州市越秀区,广州市越秀区人民街道,20.0,30.0,28.0,20.0,98.0,97.88888888888889,84.46704545454546,56.92664596273291
广东省,广州市,越秀区,东山街道,113.2908938,23.1225552,246.0,257.0,452.0,306.0,722.0,870.0,25.0,2515.0,1617.0,99.0,7.0,37.0,47.0,70.0,122.0,189.0,19.0,1.0,138.0,574.0,194.0,23.0,2.0,3.0,37.0,53.0,6662.0,69.0,1679.0,52.0,268.0,353.0,142.0,184.0,26.0,30.0,16.0,36.0,56.0,16.0,126.0,161.0,2.0,241.0,155.0,9.0,1.0,2.0,8.0,15.0,13.0,23.0,3.0,1.0,13.0,62.0,9.0,2.0,0.0,0.0,4.0,3.0,1171.0,3.0,197.0,4.0,21.0,50.0,18.0,20.0,23.0,10.0,3098740407.0,4069904.0,广州市越秀区,广州市越秀区东山街道,20.0,30.0,30.0,20.0,100.0,97.88888888888889,84.46704545454546,56.92664596273291
广东省,广州市,越秀区,农林街道,113.294133,23.126442,242.0,259.0,502.0,319.0,741.0,895.0,26.0,2740.0,1680.0,112.0,6.0,34.0,43.0,64.0,103.0,174.0,21.0,1.0,146.0,575.0,177.0,23.0,2.0,4.0,35.0,44.0,6205.0,71.0,1471.0,43.0,270.0,358.0,146.0,186.0,26.0,28.0,21.0,39.0,51.0,20.0,143.0,126.0,1.0,219.0,158.0,8.0,1.0,3.0,8.0,15.0,17.0,33.0,2.0,1.0,17.0,71.0,10.0,1.0,0.0,0.0,5.0,5.0,1363.0,3.0,276.0,2.0,17.0,49.0,20.0,20.0,23.0,10.0,-1.0,4069908.0,广州市越秀区,广州市越秀区农林街道,20.0,30.0,30.0,20.0,100.0,97.88888888888889,84.46704545454546,56.92664596273291
广东省,广州市,越秀区,梅花村街道,113.3040541,23.1319283,266.0,307.0,431.0,290.0,809.0,881.0,25.0,2828.0,1746.0,124.0,3.0,29.0,36.0,57.0,84.0,130.0,15.0,2.0,132.0,592.0,148.0,34.0,1.0,6.0,32.0,39.0,5241.0,126.0,1190.0,35.0,215.0,343.0,115.0,157.0,26.0,25.0,50.0,31.0,30.0,22.0,108.0,63.0,3.0,270.0,141.0,9.0,0.0,5.0,3.0,4.0,17.0,27.0,1.0,0.0,11.0,29.0,20.0,3.0,0.0,0.0,3.0,8.0,764.0,4.0,230.0,1.0,26.0,28.0,6.0,22.0,21.0,12.0,3098740417.0,4069914.0,广州市越秀区,广州市越秀区梅花村街道,20.0,30.0,28.0,20.0,98.0,97.88888888888889,84.46704545454546,56.92664596273291
广东省,广州市,越秀区,黄花岗街道,113.3045815,23.1405741,273.0,324.0,367.0,270.0,818.0,844.0,17.0,2610.0,1681.0,112.0,4.0,32.0,38.0,59.0,84.0,133.0,13.0,1.0,114.0,563.0,146.0,31.0,1.0,3.0,32.0,43.0,4693.0,87.0,1089.0,12.0,208.0,332.0,115.0,152.0,27.0,29.0,55.0,16.0,36.0,12.0,89.0,33.0,2.0,140.0,152.0,5.0,0.0,3.0,1.0,2.0,12.0,16.0,0.0,0.0,8.0,18.0,21.0,1.0,0.0,0.0,1.0,5.0,312.0,0.0,66.0,0.0,5.0,30.0,7.0,20.0,21.0,14.0,3098740915.0,4069921.0,广州市越秀区,广州市越秀区黄花岗街道,20.0,30.0,23.0,20.0,93.0,97.88888888888889,84.46704545454546,56.92664596273291
广东省,广州市,越秀区,华乐街道,113.2803344,23.1440554,315.0,297.0,314.0,306.0,622.0,793.0,3.0,2111.0,1679.0,76.0,7.0,60.0,47.0,68.0,95.0,158.0,28.0,1.0,122.0,487.0,93.0,17.0,1.0,2.0,32.0,76.0,6376.0,42.0,712.0,21.0,189.0,291.0,173.0,200.0,26.0,33.0,46.0,22.0,15.0,77.0,149.0,90.0,0.0,251.0,194.0,13.0,2.0,3.0,11.0,13.0,13.0,18.0,4.0,0.0,38.0,123.0,23.0,5.0,0.0,1.0,4.0,8.0,1159.0,10.0,92.0,3.0,27.0,39.0,24.0,26.0,21.0,17.0,3098740413.0,4069910.0,广州市越秀区,广州市越秀区华乐街道,20.0,30.0,28.0,20.0,98.0,97.88888888888889,84.46704545454546,56.92664596273291
广东省,广州市,越秀区,建设街道,113.284023,23.134233,263.0,285.0,386.0,318.0,664.0,853.0,12.0,2172.0,1602.0,80.0,6.0,55.0,45.0,70.0,113.0,182.0,25.0,1.0,137.0,538.0,115.0,19.0,1.0,3.0,38.0,45.0,6643.0,54.0,1216.0,34.0,217.0,331.0,171.0,206.0,27.0,32.0,43.0,43.0,21.0,56.0,185.0,126.0,1.0,418.0,242.0,16.0,1.0,5.0,18.0,27.0,15.0,25.0,4.0,0.0,43.0,152.0,15.0,3.0,1.0,1.0,13.0,12.0,1485.0,14.0,118.0,1.0,48.0,58.0,42.0,41.0,23.0,15.0,-1.0,4069913.0,广州市越秀区,广州市越秀区建设街道,20.0,30.0,28.0,20.0,98.0,97.88888888888889,84.46704545454546,56.92664596273291
广东省,广州市,越秀区,大塘街道,113.2756318,23.1318611,241.0,322.0,410.0,342.0,591.0,926.0,17.0,2279.0,1769.0,88.0,6.0,57.0,56.0,82.0,125.0,196.0,28.0,2.0,148.0,600.0,123.0,21.0,1.0,3.0,38.0,63.0,7583.0,66.0,1647.0,50.0,226.0,329.0,206.0,219.0,26.0,33.0,49.0,38.0,46.0,55.0,58.0,190.0,0.0,428.0,244.0,17.0,1.0,10.0,14.0,22.0,22.0,37.0,7.0,0.0,44.0,110.0,10.0,2.0,0.0,0.0,14.0,11.0,1377.0,15.0,152.0,1.0,52.0,59.0,38.0,58.0,22.0,16.0,3098740415.0,4069912.0,广州市越秀区,广州市越秀区大塘街道,20.0,30.0,28.0,20.0,98.0,97.88888888888889,84.46704545454546,56.92664596273291
广东省,广州市,越秀区,珠光街道,113.2667949,23.1210587,214.0,425.0,461.0,372.0,643.0,1101.0,20.0,2897.0,1963.0,116.0,5.0,73.0,66.0,95.0,169.0,241.0,37.0,5.0,176.0,693.0,262.0,36.0,3.0,8.0,45.0,75.0,7540.0,79.0,1990.0,53.0,251.0,352.0,216.0,232.0,27.0,29.0,13.0,48.0,99.0,55.0,42.0,147.0,9.0,332.0,286.0,7.0,1.0,7.0,6.0,9.0,25.0,35.0,4.0,0.0,9.0,148.0,15.0,5.0,0.0,1.0,4.0,2.0,878.0,26.0,383.0,10.0,62.0,21.0,35.0,67.0,21.0,13.0,3098740420.0,4069917.0,广州市越秀区,广州市越秀区珠光街道,20.0,30.0,28.0,20.0,98.0,97.88888888888889,84.46704545454546,56.92664596273291
广东省,广州市,越秀区,大东街道,113.2789442,23.126081,223.0,308.0,402.0,355.0,677.0,918.0,23.0,2264.0,1746.0,96.0,7.0,58.0,54.0,79.0,143.0,214.0,27.0,2.0,155.0,580.0,180.0,27.0,3.0,3.0,42.0,67.0,7777.0,68.0,1912.0,54.0,236.0,350.0,181.0,201.0,27.0,31.0,46.0,57.0,109.0,49.0,65.0,185.0,0.0,371.0,298.0,18.0,1.0,8.0,13.0,24.0,18.0,29.0,4.0,0.0,31.0,89.0,13.0,0.0,0.0,0.0,13.0,11.0,1259.0,7.0,124.0,4.0,52.0,59.0,46.0,54.0,22.0,14.0,3098740414.0,4069911.0,广州市越秀区,广州市越秀区大东街道,20.0,30.0,28.0,20.0,98.0,97.88888888888889,84.46704545454546,56.92664596273291
广东省,广州市,越秀区,白云街道,113.2789878,23.1219173,212.0,332.0,419.0,355.0,713.0,925.0,21.0,2300.0,1781.0,97.0,5.0,66.0,49.0,72.0,152.0,227.0,32.0,2.0,153.0,581.0,210.0,29.0,3.0,5.0,41.0,69.0,8188.0,73.0,2062.0,48.0,263.0,347.0,167.0,203.0,27.0,29.0,33.0,43.0,113.0,46.0,65.0,154.0,4.0,311.0,272.0,14.0,1.0,5.0,7.0,14.0,16.0,23.0,4.0,0.0,26.0,81.0,12.0,1.0,0.0,0.0,7.0,5.0,1002.0,12.0,108.0,12.0,53.0,49.0,40.0,48.0,22.0,14.0,10669884053.0,4069919.0,广州市越秀区,广州市越秀区白云街道,20.0,30.0,28.0,20.0,98.0,97.88888888888889,84.46704545454546,56.92664596273291
广东省,广州市,越秀区,登峰街道,113.2744468,23.1468507,297.0,331.0,284.0,314.0,554.0,788.0,1.0,2106.0,1671.0,75.0,6.0,59.0,49.0,69.0,86.0,146.0,28.0,2.0,117.0,476.0,93.0,20.0,2.0,2.0,38.0,75.0,5870.0,42.0,553.0,23.0,189.0,264.0,184.0,199.0,26.0,32.0,65.0,28.0,17.0,58.0,75.0,95.0,0.0,225.0,137.0,12.0,3.0,5.0,6.0,7.0,11.0,18.0,3.0,0.0,26.0,77.0,17.0,5.0,0.0,1.0,2.0,9.0,879.0,3.0,41.0,3.0,27.0,44.0,20.0,22.0,21.0,19.0,3039362715.0,4069918.0,广州市越秀区,广州市越秀区登峰街道,20.0,30.0,28.0,20.0,98.0,97.88888888888889,84.46704545454546,56.92664596273291
广东省,广州市,越秀区,矿泉街道,113.2416275,23.166587,151.0,301.0,161.0,214.0,600.0,351.0,1.0,616.0,1408.0,40.0,7.0,16.0,14.0,14.0,55.0,70.0,9.0,2.0,5.0,113.0,100.0,20.0,18.0,47.0,18.0,25.0,2021.0,9.0,373.0,29.0,33.0,89.0,53.0,66.0,24.0,22.0,0.0,0.0,28.0,10.0,111.0,45.0,0.0,14.0,128.0,7.0,1.0,1.0,3.0,3.0,5.0,7.0,0.0,0.0,0.0,10.0,20.0,2.0,5.0,1.0,3.0,3.0,413.0,1.0,4.0,0.0,2.0,4.0,3.0,13.0,14.0,10.0,3098740422.0,4069920.0,广州市越秀区,广州市越秀区矿泉街道,20.0,30.0,21.0,20.0,91.0,97.88888888888889,84.46704545454546,56.92664596273291
广东省,广州市,海珠区,赤岗街道,113.3025974,23.1014788,130.0,146.0,303.0,269.0,526.0,792.0,24.0,1466.0,1217.0,112.0,4.0,16.0,18.0,29.0,88.0,132.0,12.0,3.0,77.0,379.0,265.0,58.0,10.0,4.0,22.0,34.0,4182.0,78.0,1163.0,48.0,149.0,293.0,55.0,90.0,27.0,28.0,13.0,16.0,22.0,19.0,37.0,59.0,2.0,120.0,126.0,10.0,0.0,2.0,5.0,5.0,7.0,16.0,2.0,0.0,3.0,22.0,47.0,3.0,1.0,0.0,1.0,5.0,537.0,1.0,240.0,5.0,43.0,43.0,7.0,18.0,17.0,13.0,6386920924.0,9463307.0,广州市海珠区,广州市海珠区赤岗街道,20.0,30.0,28.0,20.0,98.0,94.88888888888889,84.46704545454546,56.92664596273291
广东省,广州市,海珠区,新港街道,113.2900262,23.1027363,138.0,271.0,345.0,239.0,680.0,678.0,23.0,1464.0,1443.0,80.0,7.0,25.0,28.0,41.0,106.0,153.0,13.0,1.0,89.0,380.0,250.0,50.0,12.0,5.0,28.0,49.0,5474.0,44.0,1617.0,40.0,154.0,308.0,69.0,97.0,26.0,28.0,0.0,5.0,18.0,29.0,38.0,43.0,3.0,163.0,101.0,5.0,1.0,4.0,3.0,3.0,7.0,15.0,1.0,0.0,2.0,16.0,45.0,1.0,0.0,0.0,1.0,4.0,547.0,0.0,187.0,11.0,61.0,39.0,7.0,15.0,18.0,10.0,6386920925.0,9463308.0,广州市海珠区,广州市海珠区新港街道,20.0,30.0,28.0,20.0,98.0,94.88888888888889,84.46704545454546,56.92664596273291
广东省,广州市,海珠区,昌岗街道,113.2804209,23.0914076,84.0,312.0,284.0,198.0,627.0,628.0,11.0,1189.0,1494.0,77.0,8.0,20.0,24.0,24.0,99.0,140.0,11.0,0.0,48.0,257.0,320.0,60.0,24.0,6.0,25.0,53.0,4438.0,35.0,1299.0,29.0,122.0,256.0,37.0,66.0,25.0,25.0,15.0,79.0,15.0,36.0,97.0,51.0,0.0,105.0,199.0,4.0,2.0,0.0,3.0,3.0,20.0,24.0,0.0,0.0,3.0,23.0,29.0,7.0,0.0,0.0,2.0,9.0,749.0,0.0,151.0,0.0,16.0,22.0,2.0,16.0,20.0,11.0,6386920916.0,9463298.0,广州市海珠区,广州市海珠区昌岗街道,20.0,30.0,23.0,20.0,93.0,94.88888888888889,84.46704545454546,56.92664596273291
广东省,广州市,海珠区,江南中街道,113.2658109,23.0950789,115.0,365.0,341.0,252.0,626.0,705.0,19.0,1674.0,1583.0,89.0,10.0,37.0,26.0,27.0,115.0,159.0,17.0,2.0,53.0,263.0,298.0,62.0,25.0,7.0,40.0,72.0,5081.0,59.0,1761.0,70.0,124.0,238.0,75.0,109.0,24.0,25.0,3.0,62.0,43.0,8.0,129.0,154.0,0.0,343.0,197.0,17.0,1.0,8.0,7.0,7.0,17.0,24.0,3.0,0.0,17.0,58.0,70.0,10.0,2.0,4.0,3.0,14.0,932.0,9.0,181.0,0.0,11.0,25.0,6.0,15.0,21.0,14.0,6386920923.0,9463297.0,广州市海珠区,广州市海珠区江南中街道,20.0,30.0,28.0,20.0,98.0,94.88888888888889,84.46704545454546,56.92664596273291
广东省,广州市,海珠区,滨江街道,113.2774758,23.1099309,112.0,356.0,446.0,267.0,616.0,978.0,20.0,2205.0,1683.0,99.0,6.0,53.0,53.0,69.0,149.0,219.0,26.0,1.0,114.0,499.0,275.0,39.0,4.0,6.0,43.0,66.0,7446.0,65.0,2155.0,49.0,241.0,320.0,132.0,172.0,27.0,28.0,32.0,41.0,49.0,46.0,54.0,72.0,6.0,183.0,180.0,9.0,2.0,2.0,2.0,2.0,13.0,23.0,0.0,0.0,5.0,23.0,37.0,1.0,0.0,0.0,2.0,9.0,459.0,6.0,204.0,8.0,12.0,57.0,9.0,19.0,21.0,11.0,6386920926.0,9463310.0,广州市海珠区,广州市海珠区滨江街道,20.0,30.0,23.0,20.0,93.0,94.88888888888889,84.46704545454546,56.92664596273291
广东省,广州市,海珠区,素社街道,113.2703519,23.1057616,83.0,415.0,468.0,312.0,601.0,937.0,23.0,2159.0,1894.0,104.0,8.0,52.0,46.0,63.0,152.0,212.0,26.0,3.0,100.0,483.0,289.0,46.0,8.0,7.0,38.0,69.0,6604.0,60.0,2029.0,59.0,241.0,294.0,137.0,172.0,26.0,26.0,20.0,77.0,31.0,22.0,109.0,113.0,0.0,317.0,188.0,13.0,1.0,7.0,2.0,2.0,20.0,32.0,1.0,0.0,7.0,34.0,53.0,7.0,2.0,2.0,4.0,13.0,830.0,9.0,444.0,1.0,6.0,46.0,8.0,14.0,20.0,14.0,6386920911.0,9463309.0,广州市海珠区,广州市海珠区素社街道,20.0,30.0,28.0,20.0,98.0,94.88888888888889,84.46704545454546,56.92664596273291
广东省,广州市,海珠区,海幢街道,113.2557606,23.1070986,136.0,421.0,391.0,328.0,539.0,966.0,19.0,2351.0,1960.0,113.0,7.0,64.0,45.0,59.0,161.0,210.0,26.0,4.0,90.0,525.0,309.0,52.0,13.0,9.0,49.0,77.0,6068.0,73.0,2332.0,82.0,177.0,235.0,156.0,182.0,25.0,25.0,9.0,76.0,93.0,10.0,59.0,163.0,2.0,417.0,245.0,23.0,0.0,16.0,7.0,7.0,25.0,35.0,7.0,0.0,13.0,29.0,71.0,9.0,0.0,0.0,7.0,11.0,976.0,7.0,556.0,10.0,25.0,34.0,21.0,30.0,22.0,12.0,6386920914.0,9463311.0,广州市海珠区,广州市海珠区海幢街道,20.0,30.0,28.0,20.0,98.0,94.88888888888889,84.46704545454546,56.92664596273291
广东省,广州市,海珠区,南华西街道,113.2467797,23.1071214,120.0,381.0,339.0,299.0,568.0,944.0,13.0,2367.0,1798.0,109.0,6.0,47.0,44.0,58.0,150.0,189.0,25.0,5.0,75.0,498.0,303.0,57.0,21.0,13.0,50.0,67.0,5480.0,69.0,2431.0,82.0,162.0,186.0,151.0,159.0,26.0,26.0,17.0,59.0,77.0,39.0,60.0,129.0,4.0,440.0,213.0,13.0,1.0,11.0,7.0,7.0,20.0,25.0,9.0,2.0,9.0,39.0,33.0,7.0,2.0,0.0,9.0,12.0,575.0,4.0,278.0,15.0,21.0,23.0,31.0,33.0,24.0,11.0,6386920927.0,9463312.0,广州市海珠区,广州市海珠区南华西街道,20.0,30.0,30.0,20.0,100.0,94.88888888888889,84.46704545454546,56.92664596273291
广东省,广州市,海珠区,龙凤街道,113.2503478,23.0972905,121.0,405.0,320.0,282.0,642.0,867.0,13.0,1930.0,1686.0,97.0,7.0,37.0,38.0,43.0,127.0,161.0,19.0,3.0,51.0,317.0,305.0,57.0,19.0,10.0,70.0,66.0,5377.0,58.0,2378.0,73.0,145.0,217.0,95.0,118.0,26.0,27.0,10.0,56.0,49.0,26.0,57.0,201.0,1.0,385.0,201.0,25.0,2.0,11.0,4.0,4.0,16.0,25.0,2.0,0.0,4.0,27.0,68.0,14.0,4.0,1.0,7.0,10.0,651.0,0.0,117.0,16.0,23.0,20.0,9.0,14.0,24.0,15.0,5395657667.0,9463296.0,广州市海珠区,广州市海珠区龙凤街道,20.0,30.0,28.0,20.0,98.0,94.88888888888889,84.46704545454546,56.92664596273291
广东省,广州市,海珠区,沙园街道,113.2607871,23.0879681,100.0,344.0,237.0,239.0,675.0,678.0,10.0,1512.0,1435.0,88.0,11.0,31.0,24.0,26.0,110.0,148.0,16.0,3.0,39.0,178.0,302.0,53.0,27.0,6.0,50.0,69.0,4715.0,29.0,1550.0,51.0,122.0,232.0,44.0,78.0,24.0,24.0,0.0,37.0,65.0,21.0,87.0,96.0,0.0,161.0,183.0,9.0,3.0,1.0,4.0,4.0,17.0,20.0,2.0,0.0,5.0,39.0,53.0,7.0,2.0,2.0,7.0,10.0,629.0,0.0,136.0,0.0,6.0,23.0,2.0,11.0,17.0,12.0,6386920915.0,9463295.0,广州市海珠区,广州市海珠区沙园街道,20.0,30.0,28.0,20.0,98.0,94.88888888888889,84.46704545454546,56.92664596273291
广东省,广州市,海珠区,南石头街道,113.2676482,23.0781229,80.0,273.0,178.0,254.0,621.0,517.0,1.0,909.0,1313.0,59.0,11.0,16.0,17.0,18.0,78.0,98.0,7.0,0.0,29.0,157.0,253.0,63.0,36.0,6.0,46.0,48.0,3359.0,29.0,601.0,20.0,74.0,156.0,16.0,61.0,26.0,26.0,6.0,37.0,29.0,36.0,72.0,54.0,0.0,89.0,205.0,7.0,1.0,0.0,3.0,3.0,10.0,12.0,1.0,0.0,3.0,11.0,43.0,4.0,3.0,0.0,7.0,6.0,381.0,0.0,6.0,1.0,5.0,48.0,0.0,11.0,18.0,9.0,6386920912.0,9463301.0,广州市海珠区,广州市海珠区南石头街道,20.0,30.0,28.0,20.0,98.0,94.88888888888889,84.46704545454546,56.92664596273291
广东省,广州市,海珠区,凤阳街道,113.2825935,23.0791494,102.0,232.0,208.0,208.0,595.0,408.0,1.0,719.0,1242.0,44.0,7.0,13.0,18.0,18.0,75.0,99.0,7.0,0.0,34.0,193.0,214.0,69.0,25.0,4.0,31.0,40.0,2781.0,28.0,466.0,12.0,81.0,160.0,17.0,60.0,26.0,24.0,25.0,32.0,37.0,29.0,108.0,48.0,0.0,82.0,218.0,10.0,1.0,0.0,0.0,0.0,9.0,11.0,0.0,0.0,0.0,11.0,29.0,6.0,7.0,0.0,1.0,4.0,351.0,19.0,11.0,0.0,4.0,33.0,0.0,13.0,18.0,8.0,6386920922.0,9463300.0,广州市海珠区,广州市海珠区凤阳街道,20.0,30.0,16.0,20.0,86.0,94.88888888888889,84.46704545454546,56.92664596273291
广东省,广州市,海珠区,瑞宝街道,113.2913107,23.0695405,105.0,141.0,205.0,195.0,544.0,305.0,1.0,394.0,1083.0,31.0,4.0,5.0,9.0,9.0,49.0,58.0,3.0,0.0,23.0,135.0,152.0,59.0,25.0,1.0,24.0,25.0,1587.0,27.0,211.0,14.0,26.0,134.0,11.0,47.0,27.0,24.0,8.0,45.0,42.0,35.0,71.0,54.0,0.0,34.0,207.0,3.0,1.0,3.0,1.0,1.0,8.0,8.0,0.0,0.0,1.0,11.0,31.0,15.0,6.0,0.0,4.0,3.0,92.0,0.0,2.0,3.0,0.0,9.0,0.0,10.0,20.0,9.0,6386920921.0,9463302.0,广州市海珠区,广州市海珠区瑞宝街道,20.0,30.0,23.0,20.0,93.0,94.88888888888889,84.46704545454546,56.92664596273291
广东省,广州市,海珠区,江海街道,113.3308243,23.0871767,121.0,72.0,136.0,192.0,365.0,681.0,9.0,693.0,758.0,105.0,7.0,7.0,11.0,16.0,42.0,61.0,6.0,6.0,34.0,202.0,181.0,43.0,16.0,1.0,31.0,36.0,1751.0,57.0,189.0,28.0,46.0,180.0,37.0,48.0,30.0,27.0,32.0,0.0,7.0,21.0,42.0,191.0,0.0,38.0,106.0,19.0,1.0,0.0,5.0,5.0,14.0,22.0,0.0,2.0,1.0,22.0,63.0,6.0,2.0,0.0,2.0,5.0,494.0,0.0,2.0,0.0,2.0,29.0,3.0,7.0,14.0,17.0,6386920917.0,9463299.0,广州市海珠区,广州市海珠区江海街道,20.0,30.0,25.0,20.0,95.0,94.88888888888889,84.46704545454546,56.92664596273291
广东省,广州市,海珠区,琶洲街道,113.3348402,23.1008225,107.0,110.0,257.0,285.0,338.0,744.0,23.0,1254.0,980.0,134.0,5.0,7.0,11.0,16.0,50.0,75.0,10.0,6.0,45.0,248.0,229.0,54.0,16.0,5.0,30.0,28.0,1960.0,77.0,384.0,34.0,76.0,209.0,43.0,78.0,30.0,27.0,5.0,22.0,7.0,62.0,62.0,66.0,1.0,135.0,86.0,15.0,1.0,3.0,4.0,7.0,5.0,9.0,1.0,0.0,3.0,24.0,17.0,10.0,3.0,0.0,15.0,4.0,264.0,4.0,27.0,6.0,21.0,20.0,7.0,11.0,21.0,17.0,6386920918.0,9463306.0,广州市海珠区,广州市海珠区琶洲街道,20.0,30.0,28.0,20.0,98.0,94.88888888888889,84.46704545454546,56.92664596273291
广东省,广州市,海珠区,南洲街道,113.2968199,23.0676996,119.0,123.0,198.0,188.0,515.0,349.0,1.0,379.0,996.0,41.0,3.0,5.0,7.0,7.0,43.0,52.0,2.0,0.0,25.0,121.0,150.0,57.0,25.0,1.0,20.0,19.0,1178.0,27.0,122.0,21.0,21.0,137.0,14.0,46.0,27.0,21.0,24.0,39.0,42.0,40.0,50.0,35.0,0.0,30.0,177.0,2.0,0.0,3.0,4.0,4.0,7.0,7.0,0.0,0.0,1.0,5.0,26.0,14.0,2.0,0.0,6.0,4.0,53.0,0.0,0.0,3.0,0.0,8.0,1.0,12.0,22.0,12.0,6386920920.0,9463303.0,广州市海珠区,广州市海珠区南洲街道,20.0,30.0,22.0,20.0,92.0,94.88888888888889,84.46704545454546,56.92664596273291
广东省,广州市,海珠区,华洲街道,113.33929,23.077664,86.0,59.0,106.0,133.0,305.0,632.0,10.0,517.0,508.0,86.0,8.0,5.0,9.0,13.0,42.0,59.0,5.0,5.0,9.0,99.0,149.0,27.0,22.0,0.0,24.0,39.0,1300.0,10.0,81.0,29.0,42.0,155.0,26.0,30.0,31.0,26.0,18.0,0.0,20.0,4.0,26.0,81.0,1.0,53.0,60.0,13.0,0.0,0.0,1.0,1.0,4.0,4.0,1.0,0.0,0.0,4.0,9.0,3.0,5.0,0.0,1.0,5.0,44.0,0.0,0.0,2.0,0.0,13.0,0.0,7.0,18.0,13.0,6386920913.0,9463304.0,广州市海珠区,广州市海珠区华洲街道,20.0,30.0,24.0,20.0,94.0,94.88888888888889,84.46704545454546,56.92664596273291
广东省,广州市,海珠区,官洲街道,113.3655891,23.0856093,61.0,71.0,125.0,146.0,279.0,376.0,29.0,657.0,471.0,48.0,3.0,3.0,3.0,5.0,21.0,34.0,4.0,4.0,9.0,45.0,46.0,27.0,19.0,1.0,19.0,42.0,557.0,27.0,212.0,35.0,49.0,189.0,21.0,44.0,35.0,28.0,28.0,4.0,1.0,20.0,46.0,26.0,0.0,26.0,80.0,4.0,0.0,1.0,0.0,0.0,4.0,4.0,0.0,0.0,0.0,0.0,11.0,2.0,7.0,0.0,1.0,4.0,15.0,0.0,0.0,2.0,1.0,5.0,0.0,7.0,16.0,9.0,6386920919.0,9463305.0,广州市海珠区,广州市海珠区官洲街道,20.0,30.0,10.0,20.0,80.0,94.88888888888889,84.46704545454546,56.92664596273291
广东省,广州市,天河区,五山街道,113.3480942,23.155023,164.0,31.0,116.0,253.0,703.0,777.0,6.0,1087.0,949.0,86.0,5.0,17.0,19.0,24.0,48.0,103.0,8.0,2.0,25.0,192.0,162.0,26.0,3.0,2.0,8.0,21.0,1566.0,75.0,198.0,23.0,298.0,343.0,64.0,50.0,32.0,32.0,5.0,0.0,23.0,29.0,197.0,134.0,2.0,219.0,95.0,10.0,0.0,0.0,4.0,6.0,9.0,21.0,0.0,1.0,2.0,17.0,8.0,1.0,0.0,0.0,1.0,7.0,303.0,7.0,21.0,9.0,117.0,57.0,9.0,8.0,23.0,19.0,3739771486.0,9524334.0,广州市天河区,广州市天河区五山街道,20.0,30.0,25.0,20.0,95.0,91.24285714285713,84.46704545454546,56.92664596273291
广东省,广州市,天河区,员村街道,113.36045,23.1224,191.0,48.0,203.0,202.0,295.0,629.0,17.0,1050.0,969.0,93.0,7.0,11.0,11.0,14.0,37.0,63.0,8.0,2.0,23.0,134.0,141.0,32.0,6.0,3.0,23.0,22.0,1165.0,25.0,240.0,12.0,44.0,177.0,38.0,52.0,31.0,24.0,29.0,0.0,8.0,15.0,42.0,85.0,0.0,107.0,165.0,7.0,2.0,4.0,2.0,2.0,10.0,14.0,1.0,1.0,2.0,18.0,28.0,5.0,0.0,0.0,2.0,9.0,188.0,0.0,28.0,0.0,11.0,7.0,7.0,10.0,15.0,13.0,2065804754.0,9524339.0,广州市天河区,广州市天河区员村街道,20.0,30.0,30.0,20.0,100.0,91.24285714285713,84.46704545454546,56.92664596273291
广东省,广州市,天河区,车陂街道,113.3942657,23.1158901,181.0,49.0,191.0,208.0,348.0,415.0,8.0,641.0,834.0,85.0,7.0,0.0,3.0,5.0,25.0,30.0,1.0,0.0,10.0,99.0,74.0,29.0,8.0,2.0,32.0,27.0,698.0,12.0,69.0,6.0,21.0,131.0,16.0,44.0,29.0,21.0,13.0,0.0,0.0,28.0,46.0,37.0,1.0,49.0,67.0,19.0,0.0,0.0,0.0,0.0,1.0,1.0,1.0,0.0,0.0,12.0,12.0,3.0,0.0,0.0,2.0,2.0,99.0,0.0,10.0,1.0,1.0,25.0,0.0,7.0,21.0,9.0,6434345196.0,9524335.0,广州市天河区,广州市天河区车陂街道,20.0,30.0,16.0,20.0,86.0,91.24285714285713,84.46704545454546,56.92664596273291
广东省,广州市,天河区,沙河街道,113.3056485,23.1529739,223.0,242.0,201.0,185.0,662.0,503.0,7.0,1523.0,1317.0,53.0,2.0,20.0,26.0,32.0,57.0,94.0,8.0,0.0,50.0,347.0,129.0,22.0,1.0,2.0,12.0,45.0,2728.0,39.0,584.0,7.0,139.0,249.0,78.0,108.0,25.0,27.0,39.0,76.0,26.0,19.0,72.0,28.0,0.0,83.0,165.0,1.0,0.0,2.0,2.0,2.0,7.0,13.0,1.0,0.0,0.0,13.0,4.0,1.0,0.0,0.0,1.0,5.0,138.0,0.0,56.0,0.0,4.0,30.0,7.0,20.0,21.0,14.0,6434345081.0,9524345.0,广州市天河区,广州市天河区沙河街道,20.0,30.0,26.0,20.0,96.0,91.24285714285713,84.46704545454546,56.92664596273291
广东省,广州市,天河区,石牌街道,113.3344145,23.1422138,244.0,169.0,290.0,286.0,778.0,917.0,7.0,2380.0,1514.0,139.0,5.0,27.0,25.0,32.0,69.0,127.0,8.0,2.0,55.0,405.0,224.0,38.0,2.0,5.0,15.0,20.0,2486.0,92.0,634.0,22.0,304.0,373.0,89.0,106.0,31.0,30.0,57.0,7.0,51.0,49.0,88.0,165.0,3.0,276.0,206.0,13.0,2.0,7.0,2.0,3.0,11.0,24.0,1.0,0.0,7.0,80.0,22.0,2.0,0.0,1.0,1.0,1.0,406.0,27.0,118.0,1.0,43.0,51.0,13.0,19.0,23.0,12.0,6434345193.0,9524340.0,广州市天河区,广州市天河区石牌街道,20.0,30.0,28.0,20.0,98.0,91.24285714285713,84.46704545454546,56.92664596273291
广东省,广州市,天河区,沙东街道,113.311231,23.1652338,143.0,205.0,160.0,107.0,449.0,332.0,3.0,817.0,1041.0,24.0,4.0,12.0,11.0,13.0,28.0,58.0,5.0,0.0,15.0,120.0,101.0,19.0,1.0,0.0,4.0,31.0,1056.0,24.0,202.0,8.0,75.0,216.0,68.0,59.0,25.0,25.0,23.0,42.0,15.0,1.0,33.0,22.0,0.0,30.0,115.0,0.0,1.0,0.0,0.0,0.0,3.0,3.0,0.0,0.0,0.0,4.0,7.0,1.0,0.0,0.0,0.0,3.0,47.0,0.0,19.0,0.0,3.0,8.0,1.0,15.0,21.0,10.0,6434345191.0,9524347.0,广州市天河区,广州市天河区沙东街道,20.0,30.0,14.0,20.0,84.0,91.24285714285713,84.46704545454546,56.92664596273291
广东省,广州市,天河区,天河南街道,113.3213303,23.1321875,252.0,234.0,420.0,298.0,646.0,831.0,20.0,2682.0,1529.0,135.0,5.0,30.0,17.0,26.0,72.0,126.0,10.0,2.0,77.0,465.0,192.0,41.0,3.0,5.0,13.0,23.0,3382.0,117.0,1108.0,27.0,182.0,333.0,76.0,126.0,32.0,28.0,61.0,10.0,84.0,35.0,123.0,209.0,2.0,789.0,335.0,45.0,0.0,2.0,5.0,5.0,9.0,14.0,2.0,0.0,13.0,155.0,25.0,14.0,0.0,2.0,6.0,2.0,492.0,22.0,161.0,1.0,40.0,44.0,15.0,41.0,20.0,15.0,6434345083.0,9524343.0,广州市天河区,广州市天河区天河南街道,20.0,30.0,28.0,20.0,98.0,91.24285714285713,84.46704545454546,56.92664596273291
广东省,广州市,天河区,林和街道,113.3171057,23.1493559,259.0,219.0,280.0,186.0,748.0,678.0,8.0,1940.0,1526.0,89.0,4.0,25.0,22.0,27.0,65.0,112.0,7.0,0.0,42.0,344.0,150.0,32.0,1.0,2.0,13.0,30.0,2450.0,73.0,636.0,9.0,183.0,309.0,81.0,108.0,27.0,24.0,27.0,71.0,21.0,39.0,70.0,74.0,0.0,129.0,223.0,4.0,0.0,1.0,2.0,4.0,3.0,6.0,2.0,0.0,7.0,39.0,10.0,3.0,0.0,0.0,1.0,2.0,257.0,16.0,107.0,0.0,16.0,56.0,10.0,22.0,18.0,11.0,6434345192.0,9524344.0,广州市天河区,广州市天河区林和街道,20.0,30.0,28.0,20.0,98.0,91.24285714285713,84.46704545454546,56.92664596273291
广东省,广州市,天河区,兴华街道,113.326391,23.165153,141.0,176.0,155.0,156.0,677.0,565.0,3.0,775.0,1176.0,55.0,6.0,14.0,17.0,22.0,46.0,93.0,8.0,2.0,19.0,165.0,116.0,25.0,3.0,0.0,5.0,27.0,1451.0,52.0,246.0,9.0,245.0,272.0,54.0,56.0,29.0,26.0,19.0,19.0,4.0,4.0,91.0,15.0,0.0,62.0,126.0,4.0,1.0,0.0,4.0,4.0,5.0,10.0,0.0,0.0,0.0,14.0,31.0,4.0,0.0,0.0,1.0,3.0,142.0,2.0,15.0,0.0,12.0,16.0,22.0,13.0,21.0,14.0,-1.0,9524346.0,广州市天河区,广州市天河区兴华街道,20.0,30.0,21.0,20.0,91.0,91.24285714285713,84.46704545454546,56.92664596273291
广东省,广州市,天河区,棠下街道,113.3812546,23.1354702,173.0,32.0,185.0,169.0,328.0,533.0,4.0,602.0,848.0,96.0,12.0,5.0,9.0,11.0,34.0,53.0,6.0,1.0,13.0,79.0,117.0,17.0,6.0,2.0,26.0,25.0,895.0,13.0,95.0,8.0,54.0,120.0,18.0,44.0,28.0,22.0,19.0,0.0,56.0,21.0,67.0,72.0,0.0,60.0,115.0,4.0,2.0,0.0,1.0,1.0,4.0,5.0,0.0,0.0,1.0,1.0,16.0,0.0,1.0,0.0,6.0,6.0,43.0,0.0,6.0,0.0,1.0,7.0,1.0,7.0,17.0,9.0,6434345194.0,9524337.0,广州市天河区,广州市天河区棠下街道,20.0,30.0,18.0,20.0,88.0,91.24285714285713,84.46704545454546,56.92664596273291
广东省,广州市,天河区,天园街道,113.363898,23.1265278,197.0,39.0,220.0,167.0,324.0,627.0,15.0,913.0,946.0,91.0,7.0,11.0,13.0,15.0,40.0,66.0,5.0,2.0,23.0,104.0,158.0,24.0,6.0,4.0,19.0,23.0,1130.0,26.0,159.0,10.0,38.0,186.0,32.0,50.0,31.0,26.0,54.0,0.0,6.0,17.0,30.0,136.0,0.0,200.0,207.0,17.0,2.0,4.0,2.0,2.0,6.0,11.0,3.0,1.0,4.0,31.0,27.0,4.0,0.0,0.0,3.0,8.0,249.0,1.0,33.0,0.0,19.0,16.0,13.0,11.0,15.0,12.0,6434345082.0,9524338.0,广州市天河区,广州市天河区天园街道,20.0,30.0,30.0,20.0,100.0,91.24285714285713,84.46704545454546,56.92664596273291
广东省,广州市,天河区,猎德街道,113.3323766,23.1171308,181.0,137.0,370.0,328.0,532.0,810.0,22.0,2431.0,1399.0,153.0,5.0,25.0,19.0,28.0,69.0,102.0,8.0,4.0,70.0,465.0,220.0,50.0,10.0,8.0,35.0,19.0,2568.0,118.0,789.0,33.0,169.0,255.0,71.0,129.0,31.0,26.0,18.0,27.0,61.0,36.0,27.0,44.0,2.0,293.0,131.0,10.0,0.0,0.0,0.0,0.0,7.0,11.0,1.0,0.0,5.0,29.0,36.0,7.0,0.0,2.0,0.0,2.0,246.0,2.0,121.0,3.0,6.0,23.0,1.0,17.0,22.0,9.0,6434345185.0,9524341.0,广州市天河区,广州市天河区猎德街道,20.0,30.0,23.0,20.0,93.0,91.24285714285713,84.46704545454546,56.92664596273291
广东省,广州市,天河区,冼村街道,113.3139924,23.1261469,231.0,203.0,459.0,304.0,738.0,856.0,23.0,2744.0,1597.0,127.0,3.0,29.0,28.0,43.0,82.0,133.0,11.0,2.0,95.0,527.0,185.0,37.0,4.0,5.0,25.0,28.0,4261.0,114.0,1340.0,34.0,203.0,315.0,88.0,139.0,28.0,25.0,33.0,47.0,99.0,49.0,118.0,149.0,2.0,840.0,269.0,40.0,1.0,6.0,6.0,8.0,13.0,17.0,2.0,0.0,25.0,122.0,25.0,10.0,0.0,1.0,7.0,4.0,454.0,27.0,295.0,2.0,60.0,36.0,17.0,50.0,21.0,15.0,6434345084.0,9524342.0,广州市天河区,广州市天河区冼村街道,20.0,30.0,28.0,20.0,98.0,91.24285714285713,84.46704545454546,56.92664596273291
广东省,广州市,天河区,元岗街道,113.3348087,23.175818,105.0,76.0,97.0,135.0,557.0,487.0,1.0,564.0,833.0,43.0,8.0,5.0,12.0,14.0,30.0,76.0,4.0,1.0,7.0,81.0,95.0,24.0,3.0,0.0,2.0,22.0,920.0,34.0,45.0,15.0,197.0,177.0,39.0,39.0,29.0,23.0,23.0,9.0,35.0,30.0,57.0,105.0,0.0,87.0,213.0,12.0,2.0,0.0,1.0,1.0,4.0,12.0,1.0,0.0,2.0,14.0,10.0,5.0,3.0,0.0,0.0,2.0,70.0,6.0,5.0,0.0,9.0,15.0,2.0,15.0,23.0,13.0,6434345190.0,9524348.0,广州市天河区,广州市天河区元岗街道,20.0,30.0,28.0,20.0,98.0,91.24285714285713,84.46704545454546,56.92664596273291
广东省,广州市,天河区,黄村街道,113.40251,23.12884,132.0,33.0,195.0,203.0,322.0,329.0,3.0,388.0,753.0,83.0,12.0,0.0,3.0,4.0,27.0,29.0,1.0,0.0,3.0,72.0,70.0,13.0,13.0,2.0,27.0,24.0,579.0,9.0,59.0,3.0,17.0,100.0,5.0,35.0,29.0,21.0,27.0,14.0,0.0,55.0,44.0,57.0,0.0,104.0,130.0,18.0,1.0,0.0,2.0,3.0,5.0,5.0,0.0,0.0,0.0,6.0,14.0,3.0,0.0,1.0,0.0,2.0,105.0,4.0,19.0,0.0,7.0,10.0,0.0,11.0,19.0,7.0,2065892254.0,9524336.0,广州市天河区,广州市天河区黄村街道,20.0,30.0,16.0,20.0,86.0,91.24285714285713,84.46704545454546,56.92664596273291
广东省,广州市,天河区,长兴街道,113.3525755,23.1706017,64.0,44.0,65.0,190.0,584.0,518.0,3.0,613.0,637.0,53.0,7.0,6.0,9.0,11.0,33.0,77.0,5.0,1.0,6.0,65.0,82.0,26.0,6.0,0.0,4.0,18.0,915.0,35.0,34.0,22.0,234.0,242.0,41.0,32.0,28.0,28.0,0.0,0.0,0.0,50.0,70.0,75.0,0.0,29.0,47.0,8.0,0.0,1.0,2.0,2.0,7.0,10.0,1.0,0.0,0.0,2.0,10.0,4.0,0.0,0.0,0.0,3.0,44.0,2.0,2.0,2.0,25.0,31.0,0.0,8.0,16.0,8.0,6434345186.0,9524333.0,广州市天河区,广州市天河区长兴街道,20.0,30.0,22.0,20.0,92.0,91.24285714285713,84.46704545454546,56.92664596273291
广东省,广州市,天河区,龙洞街道,113.3648822,23.2032217,33.0,5.0,0.0,69.0,201.0,174.0,0.0,212.0,224.0,9.0,5.0,4.0,1.0,1.0,15.0,32.0,2.0,2.0,1.0,21.0,22.0,6.0,7.0,0.0,3.0,5.0,109.0,0.0,4.0,6.0,15.0,46.0,28.0,20.0,20.0,25.0,9.0,0.0,0.0,30.0,23.0,28.0,0.0,18.0,53.0,1.0,1.0,1.0,1.0,1.0,2.0,10.0,1.0,2.0,1.0,7.0,3.0,2.0,1.0,0.0,0.0,2.0,26.0,0.0,0.0,0.0,5.0,5.0,0.0,7.0,15.0,9.0,6434345189.0,9524349.0,广州市天河区,广州市天河区龙洞街道,20.0,30.0,30.0,18.1,98.1,91.24285714285713,84.46704545454546,56.92664596273291
广东省,广州市,天河区,凤凰街道,113.3809786,23.2007167,35.0,0.0,2.0,71.0,228.0,192.0,0.0,322.0,260.0,6.0,5.0,3.0,3.0,3.0,14.0,31.0,3.0,2.0,1.0,17.0,20.0,3.0,9.0,0.0,4.0,4.0,157.0,1.0,4.0,7.0,15.0,41.0,50.0,19.0,20.0,27.0,10.0,0.0,0.0,11.0,59.0,29.0,0.0,10.0,42.0,0.0,1.0,2.0,0.0,0.0,4.0,9.0,0.0,0.0,0.0,0.0,6.0,0.0,2.0,0.0,1.0,1.0,11.0,0.0,0.0,0.0,1.0,4.0,1.0,5.0,10.0,12.0,6434345188.0,9524350.0,广州市天河区,广州市天河区凤凰街道,19.0,30.0,10.0,20.0,79.0,91.24285714285713,84.46704545454546,56.92664596273291
广东省,广州市,天河区,前进街道,113.4054237,23.114222,146.0,40.0,126.0,231.0,283.0,261.0,3.0,454.0,712.0,80.0,7.0,0.0,3.0,4.0,19.0,22.0,2.0,0.0,2.0,64.0,57.0,22.0,10.0,2.0,21.0,24.0,536.0,9.0,54.0,15.0,15.0,103.0,6.0,34.0,28.0,18.0,35.0,1.0,1.0,57.0,62.0,36.0,0.0,74.0,130.0,18.0,0.0,0.0,0.0,0.0,3.0,3.0,0.0,0.0,0.0,31.0,12.0,1.0,1.0,0.0,3.0,3.0,41.0,0.0,0.0,1.0,3.0,18.0,1.0,9.0,20.0,11.0,6434345195.0,9524353.0,广州市天河区,广州市天河区前进街道,20.0,30.0,11.0,20.0,81.0,91.24285714285713,84.46704545454546,56.92664596273291
广东省,广州市,天河区,珠吉街道,113.419628,23.1215618,133.0,39.0,94.0,236.0,306.0,195.0,2.0,324.0,715.0,74.0,5.0,0.0,3.0,5.0,25.0,27.0,3.0,0.0,2.0,54.0,48.0,10.0,16.0,2.0,11.0,18.0,369.0,11.0,22.0,9.0,18.0,80.0,3.0,30.0,28.0,16.0,39.0,0.0,36.0,31.0,50.0,37.0,0.0,51.0,120.0,1.0,1.0,0.0,0.0,0.0,4.0,5.0,0.0,0.0,0.0,2.0,10.0,1.0,0.0,0.0,1.0,2.0,26.0,0.0,0.0,0.0,0.0,6.0,0.0,8.0,15.0,8.0,6434345197.0,9524352.0,广州市天河区,广州市天河区珠吉街道,20.0,30.0,7.0,20.0,77.0,91.24285714285713,84.46704545454546,56.92664596273291
广东省,广州市,天河区,新塘街道,113.4018301,23.154189,25.0,80.0,131.0,157.0,333.0,200.0,0.0,153.0,544.0,48.0,6.0,2.0,3.0,5.0,21.0,23.0,2.0,0.0,5.0,48.0,46.0,24.0,18.0,2.0,18.0,15.0,455.0,0.0,8.0,2.0,24.0,83.0,3.0,29.0,28.0,21.0,0.0,13.0,8.0,22.0,43.0,21.0,0.0,11.0,64.0,9.0,3.0,0.0,0.0,0.0,2.0,3.0,0.0,0.0,0.0,0.0,7.0,0.0,3.0,0.0,5.0,3.0,15.0,0.0,0.0,0.0,0.0,11.0,0.0,13.0,20.0,11.0,6434345187.0,9524351.0,广州市天河区,广州市天河区新塘街道,20.0,30.0,10.0,20.0,80.0,91.24285714285713,84.46704545454546,56.92664596273291
广东省,广州市,白云区,三元里街道,113.2584077,23.1635133,216.0,278.0,192.0,211.0,534.0,491.0,2.0,1145.0,1344.0,63.0,9.0,23.0,22.0,23.0,44.0,65.0,11.0,2.0,19.0,175.0,101.0,16.0,11.0,1.0,16.0,51.0,2959.0,10.0,222.0,34.0,67.0,147.0,101.0,94.0,27.0,26.0,78.0,43.0,21.0,43.0,52.0,52.0,0.0,112.0,253.0,8.0,2.0,2.0,2.0,2.0,4.0,10.0,3.0,0.0,0.0,16.0,5.0,3.0,0.0,0.0,4.0,3.0,323.0,0.0,0.0,0.0,3.0,25.0,16.0,20.0,22.0,8.0,8279023406.0,12117389.0,广州市白云区,广州市白云区三元里街道,20.0,30.0,26.0,20.0,96.0,83.125,84.46704545454546,56.92664596273291
广东省,广州市,白云区,松洲街道,113.2208061,23.1721236,6.0,155.0,132.0,256.0,461.0,156.0,3.0,135.0,888.0,16.0,2.0,1.0,6.0,6.0,44.0,47.0,4.0,0.0,3.0,26.0,101.0,14.0,18.0,48.0,18.0,10.0,753.0,1.0,205.0,18.0,8.0,37.0,9.0,42.0,24.0,18.0,0.0,31.0,0.0,0.0,28.0,3.0,0.0,2.0,41.0,0.0,1.0,0.0,0.0,0.0,3.0,4.0,1.0,0.0,0.0,0.0,10.0,4.0,3.0,46.0,0.0,1.0,29.0,0.0,0.0,0.0,0.0,2.0,0.0,9.0,12.0,7.0,8254810109.0,12081317.0,广州市白云区,广州市白云区松洲街道,20.0,30.0,15.0,20.0,85.0,83.125,84.46704545454546,56.92664596273291
广东省,广州市,白云区,景泰街道,113.2669167,23.1703279,175.0,182.0,197.0,190.0,458.0,404.0,2.0,1059.0,1180.0,51.0,7.0,18.0,19.0,19.0,26.0,44.0,7.0,1.0,10.0,116.0,82.0,14.0,7.0,1.0,16.0,47.0,2683.0,8.0,81.0,28.0,45.0,125.0,80.0,66.0,27.0,26.0,24.0,10.0,16.0,65.0,78.0,37.0,0.0,86.0,202.0,8.0,2.0,3.0,3.0,3.0,6.0,9.0,0.0,0.0,0.0,19.0,17.0,2.0,2.0,0.0,2.0,4.0,374.0,0.0,6.0,0.0,8.0,17.0,4.0,9.0,19.0,10.0,8280392004.0,12119018.0,广州市白云区,广州市白云区景泰街道,20.0,30.0,21.0,20.0,91.0,83.125,84.46704545454546,56.92664596273291
广东省,广州市,白云区,同德街道,113.232618,23.1730115,76.0,222.0,159.0,216.0,538.0,224.0,3.0,233.0,1140.0,24.0,3.0,3.0,9.0,9.0,48.0,55.0,5.0,1.0,4.0,70.0,95.0,16.0,17.0,47.0,18.0,16.0,1152.0,1.0,241.0,31.0,11.0,41.0,12.0,47.0,24.0,19.0,0.0,24.0,9.0,19.0,73.0,13.0,0.0,6.0,123.0,0.0,0.0,0.0,1.0,1.0,9.0,9.0,0.0,0.0,0.0,1.0,22.0,3.0,6.0,34.0,1.0,2.0,52.0,0.0,0.0,0.0,0.0,0.0,0.0,12.0,14.0,8.0,8280372269.0,12118987.0,广州市白云区,广州市白云区同德街道,20.0,30.0,16.0,20.0,86.0,83.125,84.46704545454546,56.92664596273291
广东省,广州市,白云区,黄石街道,113.2672122,23.2097312,167.0,84.0,129.0,208.0,617.0,343.0,3.0,1041.0,1079.0,40.0,6.0,1.0,7.0,12.0,26.0,34.0,5.0,1.0,9.0,104.0,72.0,10.0,14.0,0.0,23.0,29.0,1262.0,3.0,34.0,7.0,19.0,120.0,47.0,38.0,28.0,25.0,42.0,17.0,0.0,2.0,120.0,13.0,1.0,350.0,97.0,5.0,3.0,0.0,1.0,1.0,4.0,5.0,1.0,0.0,0.0,7.0,9.0,1.0,4.0,0.0,1.0,3.0,119.0,0.0,1.0,2.0,1.0,11.0,0.0,8.0,21.0,11.0,8280392005.0,12119019.0,广州市白云区,广州市白云区黄石街道,20.0,30.0,26.0,20.0,96.0,83.125,84.46704545454546,56.92664596273291
广东省,广州市,白云区,棠景街道,113.2467772,23.1825491,138.0,190.0,233.0,240.0,614.0,343.0,2.0,614.0,1444.0,39.0,6.0,5.0,14.0,18.0,41.0,52.0,4.0,0.0,9.0,121.0,118.0,15.0,17.0,47.0,18.0,21.0,1915.0,2.0,37.0,19.0,25.0,97.0,31.0,53.0,27.0,24.0,14.0,0.0,56.0,35.0,114.0,40.0,0.0,24.0,140.0,10.0,1.0,1.0,4.0,4.0,10.0,10.0,3.0,0.0,3.0,18.0,20.0,2.0,5.0,1.0,1.0,4.0,130.0,0.0,0.0,15.0,2.0,4.0,5.0,10.0,18.0,13.0,8280372268.0,12118986.0,广州市白云区,广州市白云区棠景街道,20.0,30.0,28.0,20.0,98.0,83.125,84.46704545454546,56.92664596273291
广东省,广州市,白云区,新市街道,113.251165,23.2018868,120.0,94.0,216.0,239.0,658.0,275.0,3.0,838.0,1196.0,35.0,6.0,2.0,10.0,14.0,34.0,41.0,3.0,0.0,6.0,97.0,82.0,7.0,18.0,0.0,18.0,18.0,1206.0,1.0,31.0,20.0,18.0,87.0,21.0,37.0,28.0,24.0,30.0,21.0,14.0,27.0,108.0,73.0,0.0,192.0,222.0,6.0,1.0,0.0,1.0,5.0,6.0,8.0,0.0,0.0,5.0,44.0,22.0,1.0,0.0,0.0,5.0,5.0,148.0,0.0,20.0,0.0,3.0,35.0,1.0,10.0,23.0,15.0,8278629706.0,12116887.0,广州市白云区,广州市白云区新市街道,20.0,30.0,23.0,20.0,93.0,83.125,84.46704545454546,56.92664596273291
广东省,广州市,白云区,同和街道,113.3194995,23.1998005,31.0,60.0,53.0,31.0,248.0,166.0,0.0,321.0,444.0,10.0,1.0,1.0,5.0,5.0,13.0,28.0,1.0,0.0,3.0,29.0,51.0,6.0,3.0,0.0,1.0,13.0,272.0,1.0,5.0,9.0,20.0,47.0,25.0,19.0,26.0,20.0,13.0,9.0,9.0,6.0,46.0,35.0,0.0,41.0,98.0,1.0,0.0,1.0,5.0,5.0,4.0,6.0,0.0,0.0,0.0,6.0,11.0,2.0,1.0,0.0,1.0,3.0,80.0,0.0,1.0,2.0,7.0,6.0,2.0,6.0,15.0,14.0,8264148452.0,12100060.0,广州市白云区,广州市白云区同和街道,20.0,30.0,21.0,20.0,91.0,83.125,84.46704545454546,56.92664596273291
广东省,广州市,白云区,京溪街道,113.3329868,23.191336,73.0,63.0,61.0,62.0,335.0,324.0,0.0,347.0,674.0,29.0,5.0,3.0,9.0,9.0,23.0,50.0,2.0,0.0,6.0,59.0,66.0,19.0,5.0,0.0,1.0,13.0,403.0,9.0,14.0,7.0,35.0,92.0,30.0,29.0,27.0,25.0,0.0,20.0,0.0,9.0,33.0,57.0,0.0,5.0,60.0,2.0,1.0,0.0,1.0,1.0,1.0,7.0,1.0,0.0,0.0,1.0,6.0,2.0,1.0,0.0,0.0,2.0,54.0,1.0,3.0,1.0,3.0,9.0,0.0,7.0,13.0,9.0,8264194651.0,12100079.0,广州市白云区,广州市白云区京溪街道,20.0,30.0,21.0,20.0,91.0,83.125,84.46704545454546,56.92664596273291
广东省,广州市,白云区,永平街道,113.3087982,23.2521559,73.0,24.0,32.0,122.0,375.0,142.0,0.0,267.0,582.0,10.0,4.0,0.0,2.0,3.0,9.0,14.0,3.0,0.0,1.0,52.0,23.0,11.0,3.0,0.0,15.0,3.0,254.0,0.0,0.0,11.0,5.0,53.0,13.0,17.0,24.0,23.0,10.0,0.0,11.0,11.0,53.0,10.0,0.0,33.0,99.0,0.0,1.0,0.0,2.0,3.0,1.0,3.0,0.0,0.0,1.0,8.0,2.0,2.0,1.0,0.0,1.0,1.0,46.0,0.0,0.0,2.0,3.0,5.0,0.0,6.0,13.0,11.0,8280377077.0,12118988.0,广州市白云区,广州市白云区永平街道,18.0,30.0,18.0,20.0,86.0,83.125,84.46704545454546,56.92664596273291
广东省,广州市,白云区,嘉禾街道,113.2828244,23.2529491,69.0,35.0,51.0,152.0,476.0,182.0,0.0,127.0,852.0,7.0,2.0,0.0,3.0,5.0,19.0,23.0,2.0,1.0,2.0,56.0,24.0,15.0,5.0,0.0,16.0,7.0,271.0,0.0,1.0,10.0,4.0,53.0,5.0,19.0,27.0,21.0,15.0,8.0,12.0,26.0,26.0,24.0,0.0,0.0,65.0,0.0,0.0,0.0,0.0,0.0,3.0,3.0,0.0,0.0,0.0,0.0,0.0,0.0,1.0,0.0,3.0,2.0,5.0,0.0,0.0,0.0,0.0,0.0,0.0,6.0,12.0,7.0,8280402515.0,12119030.0,广州市白云区,广州市白云区嘉禾街道,20.0,30.0,5.0,20.0,75.0,83.125,84.46704545454546,56.92664596273291
广东省,广州市,白云区,均禾街道,113.2762098,23.2586954,56.0,35.0,38.0,127.0,453.0,131.0,0.0,58.0,745.0,1.0,0.0,0.0,1.0,2.0,15.0,18.0,0.0,1.0,1.0,25.0,15.0,9.0,5.0,0.0,15.0,5.0,141.0,0.0,0.0,7.0,1.0,49.0,4.0,17.0,26.0,19.0,11.0,2.0,5.0,9.0,42.0,9.0,0.0,0.0,52.0,0.0,0.0,0.0,0.0,0.0,3.0,3.0,0.0,0.0,0.0,0.0,0.0,0.0,1.0,0.0,4.0,2.0,14.0,0.0,0.0,0.0,1.0,0.0,0.0,4.0,11.0,7.0,8256678207.0,12086619.0,广州市白云区,广州市白云区均禾街道,20.0,28.0,5.0,20.0,73.0,83.125,84.46704545454546,56.92664596273291
广东省,广州市,白云区,石井街道,113.2213456,23.2130217,11.0,58.0,99.0,203.0,413.0,144.0,0.0,99.0,735.0,6.0,0.0,0.0,5.0,5.0,11.0,17.0,3.0,0.0,0.0,6.0,22.0,4.0,13.0,0.0,15.0,9.0,328.0,0.0,6.0,7.0,4.0,21.0,1.0,26.0,23.0,17.0,0.0,9.0,36.0,36.0,78.0,7.0,0.0,10.0,150.0,1.0,0.0,0.0,1.0,1.0,2.0,3.0,1.0,0.0,0.0,3.0,5.0,3.0,1.0,0.0,1.0,3.0,16.0,0.0,1.0,0.0,1.0,3.0,1.0,6.0,13.0,9.0,8254811265.0,12081357.0,广州市白云区,广州市白云区石井街道,20.0,28.0,18.0,20.0,86.0,83.125,84.46704545454546,56.92664596273291
广东省,广州市,白云区,金沙街道,113.1994665,23.1573476,6.0,69.0,66.0,366.0,331.0,118.0,3.0,120.0,557.0,7.0,4.0,0.0,4.0,4.0,33.0,37.0,1.0,0.0,0.0,17.0,68.0,10.0,4.0,11.0,11.0,5.0,428.0,0.0,195.0,6.0,3.0,31.0,3.0,29.0,28.0,20.0,0.0,16.0,24.0,136.0,56.0,6.0,1.0,15.0,135.0,2.0,1.0,0.0,1.0,1.0,11.0,11.0,0.0,0.0,0.0,2.0,21.0,1.0,0.0,1.0,4.0,2.0,29.0,0.0,14.0,1.0,0.0,3.0,2.0,8.0,17.0,8.0,8254810180.0,12081318.0,广州市白云区,广州市白云区金沙街道,20.0,30.0,12.0,20.0,82.0,83.125,84.46704545454546,56.92664596273291
广东省,广州市,白云区,云城街道,113.2595372,23.2013651,151.0,98.0,180.0,236.0,632.0,354.0,3.0,1037.0,1177.0,34.0,5.0,2.0,7.0,11.0,33.0,42.0,5.0,0.0,6.0,94.0,80.0,6.0,16.0,0.0,27.0,21.0,1319.0,1.0,39.0,21.0,25.0,103.0,46.0,37.0,28.0,25.0,43.0,13.0,11.0,18.0,102.0,69.0,0.0,207.0,210.0,7.0,2.0,0.0,1.0,5.0,5.0,8.0,0.0,0.0,5.0,44.0,26.0,1.0,0.0,0.0,2.0,3.0,542.0,0.0,19.0,0.0,2.0,38.0,0.0,9.0,23.0,12.0,8285695486.0,12127342.0,广州市白云区,广州市白云区云城街道,20.0,30.0,23.0,20.0,93.0,83.125,84.46704545454546,56.92664596273291
广东省,广州市,白云区,鹤龙街道,113.265511,23.2173572,162.0,83.0,69.0,220.0,624.0,347.0,1.0,872.0,1117.0,33.0,5.0,1.0,7.0,12.0,27.0,35.0,4.0,1.0,8.0,100.0,63.0,10.0,15.0,0.0,23.0,23.0,1067.0,2.0,31.0,5.0,11.0,105.0,30.0,30.0,27.0,22.0,29.0,0.0,0.0,11.0,94.0,16.0,1.0,180.0,64.0,2.0,1.0,1.0,1.0,1.0,3.0,4.0,0.0,0.0,0.0,4.0,6.0,2.0,5.0,0.0,1.0,3.0,61.0,0.0,0.0,0.0,1.0,4.0,1.0,7.0,18.0,9.0,8381430092.0,17473680.0,广州市白云区,广州市白云区鹤龙街道,20.0,30.0,19.0,20.0,89.0,83.125,84.46704545454546,56.92664596273291
广东省,广州市,白云区,白云湖街道,113.2454267,23.2385832,59.0,0.0,46.0,123.0,497.0,106.0,0.0,74.0,739.0,6.0,0.0,0.0,0.0,2.0,18.0,21.0,2.0,1.0,1.0,6.0,19.0,2.0,13.0,0.0,5.0,10.0,143.0,0.0,0.0,9.0,0.0,13.0,3.0,13.0,22.0,17.0,3.0,0.0,0.0,18.0,55.0,7.0,0.0,2.0,104.0,1.0,0.0,0.0,0.0,0.0,3.0,4.0,1.0,0.0,0.0,0.0,0.0,1.0,1.0,0.0,0.0,1.0,1.0,0.0,0.0,5.0,0.0,3.0,0.0,3.0,12.0,6.0,8381430094.0,16507752.0,广州市白云区,广州市白云区白云湖街道,20.0,28.0,10.0,19.8,77.8,83.125,84.46704545454546,56.92664596273291
广东省,广州市,白云区,石门街道,113.2112152,23.232412,19.0,6.0,68.0,120.0,316.0,74.0,0.0,54.0,417.0,2.0,0.0,0.0,1.0,1.0,6.0,9.0,2.0,0.0,0.0,2.0,12.0,4.0,18.0,0.0,10.0,7.0,107.0,0.0,4.0,3.0,0.0,9.0,0.0,16.0,23.0,13.0,11.0,0.0,11.0,32.0,41.0,16.0,0.0,1.0,69.0,0.0,0.0,0.0,0.0,0.0,0.0,0.0,0.0,0.0,0.0,0.0,4.0,0.0,4.0,0.0,0.0,1.0,34.0,0.0,0.0,0.0,0.0,1.0,0.0,7.0,15.0,6.0,8381430093.0,16507751.0,广州市白云区,广州市白云区石门街道,20.0,28.0,0.0,18.4,66.4,83.125,84.46704545454546,56.92664596273291
广东省,广州市,白云区,龙归街道,113.314501,23.2800329,75.0,20.0,17.0,85.0,444.0,112.0,2.0,124.0,503.0,3.0,6.0,0.0,1.0,1.0,6.0,10.0,1.0,0.0,0.0,20.0,16.0,0.0,5.0,1.0,1.0,4.0,164.0,0.0,57.0,11.0,4.0,23.0,1.0,17.0,25.0,19.0,12.0,0.0,6.0,33.0,61.0,11.0,0.0,54.0,47.0,2.0,0.0,0.0,0.0,0.0,3.0,5.0,0.0,0.0,0.0,8.0,7.0,0.0,1.0,0.0,0.0,1.0,32.0,0.0,0.0,2.0,2.0,2.0,0.0,5.0,18.0,9.0,8280683268.0,12119763.0,广州市白云区,广州市白云区龙归街道,19.0,30.0,11.0,20.0,80.0,83.125,84.46704545454546,56.92664596273291
广东省,广州市,白云区,大源街道,113.3569129,23.2948862,35.0,54.0,3.0,70.0,260.0,136.0,0.0,32.0,300.0,2.0,4.0,0.0,1.0,1.0,8.0,11.0,1.0,0.0,3.0,2.0,15.0,0.0,4.0,1.0,2.0,2.0,212.0,0.0,50.0,4.0,9.0,6.0,1.0,13.0,19.0,17.0,0.0,27.0,0.0,15.0,43.0,10.0,0.0,3.0,81.0,1.0,0.0,0.0,0.0,0.0,4.0,4.0,0.0,0.0,3.0,2.0,4.0,0.0,1.0,0.0,0.0,2.0,19.0,0.0,0.0,0.0,0.0,2.0,1.0,4.0,11.0,10.0,8280683278.0,12119764.0,广州市白云区,广州市白云区大源街道,17.0,30.0,9.0,20.0,76.0,83.125,84.46704545454546,56.92664596273291
广东省,广州市,白云区,人和镇,113.2930111,23.3371532,37.0,50.0,11.0,111.0,289.0,43.0,0.0,12.0,345.0,9.0,0.0,0.0,0.0,0.0,4.0,5.0,0.0,0.0,0.0,23.0,36.0,1.0,4.0,0.0,10.0,1.0,149.0,0.0,2.0,1.0,1.0,10.0,15.0,14.0,21.0,13.0,24.0,9.0,0.0,23.0,46.0,20.0,0.0,10.0,108.0,6.0,0.0,0.0,0.0,0.0,0.0,0.0,0.0,0.0,0.0,13.0,11.0,0.0,2.0,0.0,0.0,1.0,114.0,0.0,1.0,0.0,0.0,3.0,6.0,7.0,15.0,9.0,8263452072.0,12098773.0,广州市白云区,广州市白云区人和镇,16.0,28.0,6.0,20.0,70.0,83.125,84.46704545454546,56.92664596273291
广东省,广州市,白云区,太和镇,113.3502975,23.2948351,35.0,55.0,3.0,85.0,286.0,144.0,1.0,26.0,342.0,2.0,5.0,0.0,1.0,1.0,8.0,11.0,1.0,0.0,3.0,2.0,16.0,0.0,6.0,1.0,2.0,4.0,235.0,0.0,51.0,3.0,10.0,6.0,1.0,13.0,20.0,18.0,0.0,27.0,0.0,20.0,59.0,19.0,0.0,1.0,92.0,1.0,0.0,0.0,0.0,0.0,4.0,4.0,0.0,0.0,3.0,2.0,5.0,0.0,1.0,0.0,0.0,2.0,15.0,0.0,0.0,0.0,0.0,2.0,1.0,4.0,10.0,9.0,2506217074.0,12099807.0,广州市白云区,广州市白云区太和镇,19.0,30.0,9.0,20.0,78.0,83.125,84.46704545454546,56.92664596273291
广东省,广州市,白云区,钟落潭镇,113.3990248,23.3877366,27.0,0.0,29.0,55.0,230.0,62.0,0.0,2.0,214.0,2.0,2.0,0.0,0.0,0.0,5.0,5.0,0.0,0.0,0.0,0.0,2.0,0.0,4.0,0.0,11.0,7.0,13.0,0.0,0.0,2.0,0.0,14.0,0.0,9.0,15.0,9.0,12.0,0.0,22.0,7.0,51.0,4.0,0.0,0.0,60.0,0.0,0.0,0.0,0.0,0.0,3.0,3.0,0.0,0.0,0.0,0.0,0.0,0.0,0.0,0.0,0.0,2.0,1.0,0.0,0.0,0.0,0.0,5.0,0.0,7.0,10.0,3.0,8280400154.0,12119020.0,广州市白云区,广州市白云区钟落潭镇,20.0,30.0,5.0,5.6,60.6,83.125,84.46704545454546,56.92664596273291
广东省,广州市,白云区,江高镇,113.2293556,23.2932926,20.0,30.0,23.0,120.0,227.0,54.0,0.0,16.0,286.0,1.0,2.0,3.0,3.0,3.0,9.0,14.0,0.0,0.0,0.0,3.0,9.0,2.0,2.0,0.0,9.0,1.0,87.0,0.0,0.0,4.0,0.0,9.0,1.0,11.0,18.0,12.0,4.0,9.0,0.0,9.0,20.0,4.0,0.0,1.0,40.0,0.0,1.0,3.0,1.0,1.0,2.0,2.0,0.0,0.0,0.0,0.0,4.0,1.0,1.0,0.0,3.0,1.0,11.0,0.0,0.0,0.0,0.0,0.0,0.0,3.0,9.0,6.0,369497728.0,12098780.0,广州市白云区,广州市白云区江高镇,16.0,30.0,15.0,14.200000000000001,75.2,83.125,84.46704545454546,56.92664596273291
广东省,广州市,黄埔区,黄埔街道,113.4420796,23.0979038,87.0,33.0,98.0,216.0,176.0,190.0,8.0,236.0,539.0,26.0,3.0,4.0,3.0,4.0,19.0,25.0,4.0,1.0,6.0,13.0,27.0,4.0,14.0,0.0,9.0,15.0,263.0,3.0,7.0,28.0,9.0,38.0,8.0,35.0,28.0,21.0,19.0,0.0,0.0,55.0,8.0,29.0,0.0,61.0,114.0,5.0,0.0,0.0,2.0,3.0,6.0,7.0,1.0,0.0,2.0,3.0,5.0,0.0,2.0,0.0,0.0,1.0,93.0,0.0,5.0,1.0,2.0,5.0,0.0,11.0,15.0,6.0,6551416536.0,9695289.0,广州市黄埔区,广州市黄埔区黄埔街道,20.0,30.0,25.0,20.0,95.0,82.49411764705883,84.46704545454546,56.92664596273291
广东省,广州市,黄埔区,红山街道,113.4697149,23.0975843,48.0,17.0,87.0,194.0,125.0,241.0,2.0,189.0,367.0,7.0,3.0,4.0,3.0,4.0,11.0,15.0,4.0,1.0,5.0,4.0,17.0,1.0,9.0,0.0,8.0,8.0,231.0,0.0,7.0,30.0,19.0,43.0,5.0,29.0,29.0,21.0,19.0,0.0,11.0,53.0,18.0,92.0,0.0,34.0,80.0,3.0,1.0,0.0,1.0,1.0,2.0,3.0,3.0,0.0,1.0,0.0,1.0,0.0,2.0,0.0,1.0,2.0,28.0,0.0,3.0,4.0,14.0,15.0,0.0,9.0,18.0,10.0,6551416534.0,9695287.0,广州市黄埔区,广州市黄埔区红山街道,20.0,30.0,22.0,20.0,92.0,82.49411764705883,84.46704545454546,56.92664596273291
广东省,广州市,黄埔区,鱼珠街道,113.4238238,23.0995787,111.0,29.0,64.0,194.0,244.0,188.0,7.0,269.0,583.0,47.0,3.0,2.0,4.0,5.0,20.0,23.0,3.0,1.0,5.0,45.0,32.0,11.0,11.0,0.0,12.0,20.0,304.0,3.0,6.0,40.0,13.0,53.0,7.0,33.0,27.0,20.0,23.0,4.0,0.0,29.0,18.0,30.0,0.0,21.0,50.0,3.0,1.0,0.0,0.0,0.0,1.0,1.0,1.0,0.0,0.0,0.0,2.0,2.0,2.0,0.0,3.0,4.0,42.0,0.0,1.0,7.0,1.0,1.0,0.0,12.0,14.0,9.0,6551416530.0,9695290.0,广州市黄埔区,广州市黄埔区鱼珠街道,20.0,30.0,15.0,20.0,85.0,82.49411764705883,84.46704545454546,56.92664596273291
广东省,广州市,黄埔区,大沙街道,113.446979,23.1096712,96.0,36.0,123.0,231.0,199.0,212.0,2.0,258.0,589.0,35.0,3.0,4.0,4.0,5.0,18.0,23.0,5.0,1.0,6.0,8.0,30.0,3.0,14.0,0.0,8.0,9.0,297.0,3.0,10.0,22.0,20.0,47.0,5.0,30.0,27.0,19.0,20.0,19.0,29.0,80.0,42.0,23.0,0.0,66.0,150.0,7.0,0.0,1.0,3.0,4.0,5.0,8.0,1.0,0.0,4.0,3.0,4.0,0.0,1.0,0.0,3.0,1.0,76.0,0.0,0.0,0.0,2.0,16.0,0.0,9.0,19.0,8.0,6551416535.0,9695291.0,广州市黄埔区,广州市黄埔区大沙街道,20.0,30.0,25.0,20.0,95.0,82.49411764705883,84.46704545454546,56.92664596273291
广东省,广州市,黄埔区,文冲街道,113.4633062,23.1038097,65.0,29.0,102.0,212.0,156.0,262.0,2.0,208.0,469.0,21.0,4.0,4.0,4.0,5.0,14.0,19.0,4.0,1.0,6.0,7.0,19.0,1.0,12.0,0.0,7.0,8.0,273.0,0.0,9.0,42.0,21.0,44.0,5.0,26.0,29.0,21.0,21.0,0.0,32.0,49.0,27.0,59.0,0.0,55.0,129.0,4.0,1.0,2.0,0.0,0.0,4.0,5.0,3.0,1.0,2.0,3.0,9.0,0.0,1.0,0.0,2.0,2.0,50.0,0.0,3.0,3.0,10.0,9.0,1.0,9.0,16.0,12.0,6551416525.0,9695288.0,广州市黄埔区,广州市黄埔区文冲街道,20.0,30.0,22.0,20.0,92.0,82.49411764705883,84.46704545454546,56.92664596273291
广东省,广州市,黄埔区,穗东街道,113.5133299,23.0852539,35.0,69.0,6.0,234.0,248.0,42.0,6.0,140.0,373.0,1.0,0.0,5.0,3.0,3.0,12.0,15.0,3.0,0.0,1.0,3.0,16.0,3.0,52.0,6.0,11.0,6.0,141.0,2.0,26.0,24.0,2.0,15.0,2.0,19.0,27.0,16.0,19.0,10.0,0.0,9.0,29.0,5.0,1.0,48.0,53.0,0.0,0.0,0.0,0.0,0.0,3.0,4.0,0.0,0.0,0.0,1.0,0.0,0.0,12.0,1.0,1.0,2.0,14.0,0.0,0.0,2.0,0.0,4.0,1.0,6.0,16.0,7.0,6551416532.0,9695286.0,广州市黄埔区,广州市黄埔区穗东街道,20.0,28.0,11.0,20.0,79.0,82.49411764705883,84.46704545454546,56.92664596273291
广东省,广州市,黄埔区,南岗街道,113.5368085,23.1012976,73.0,64.0,64.0,182.0,344.0,45.0,0.0,62.0,364.0,2.0,1.0,1.0,2.0,2.0,13.0,16.0,1.0,0.0,0.0,6.0,38.0,5.0,58.0,6.0,9.0,4.0,89.0,0.0,1.0,9.0,3.0,7.0,3.0,16.0,25.0,15.0,23.0,17.0,0.0,26.0,63.0,10.0,0.0,30.0,91.0,0.0,0.0,1.0,1.0,1.0,4.0,5.0,0.0,0.0,0.0,4.0,10.0,2.0,3.0,2.0,1.0,2.0,17.0,0.0,0.0,1.0,1.0,1.0,1.0,5.0,14.0,10.0,6551416526.0,9695284.0,广州市黄埔区,广州市黄埔区南岗街道,19.0,30.0,19.0,15.600000000000001,83.6,82.49411764705883,84.46704545454546,56.92664596273291
广东省,广州市,黄埔区,长洲街道,113.4140809,23.0758223,5.0,21.0,38.0,36.0,172.0,253.0,24.0,235.0,244.0,12.0,1.0,2.0,3.0,3.0,12.0,25.0,2.0,7.0,0.0,17.0,16.0,7.0,16.0,1.0,8.0,21.0,273.0,0.0,54.0,63.0,19.0,132.0,9.0,27.0,30.0,23.0,0.0,0.0,8.0,2.0,57.0,37.0,0.0,42.0,63.0,3.0,0.0,2.0,1.0,1.0,9.0,10.0,1.0,1.0,0.0,3.0,3.0,0.0,1.0,0.0,0.0,3.0,35.0,0.0,1.0,5.0,1.0,13.0,3.0,4.0,12.0,12.0,6551416531.0,9695281.0,广州市黄埔区,广州市黄埔区长洲街道,20.0,30.0,25.0,20.0,95.0,82.49411764705883,84.46704545454546,56.92664596273291
广东省,广州市,黄埔区,夏港街道,113.5239193,23.0673568,24.0,84.0,7.0,246.0,240.0,83.0,6.0,102.0,325.0,4.0,3.0,5.0,1.0,1.0,8.0,10.0,3.0,0.0,1.0,5.0,11.0,2.0,52.0,4.0,7.0,3.0,229.0,2.0,87.0,30.0,3.0,13.0,1.0,18.0,31.0,15.0,0.0,44.0,0.0,72.0,59.0,6.0,0.0,32.0,107.0,0.0,0.0,4.0,1.0,1.0,3.0,4.0,2.0,0.0,1.0,2.0,4.0,1.0,19.0,0.0,0.0,1.0,34.0,0.0,10.0,3.0,1.0,3.0,0.0,4.0,13.0,8.0,6551416533.0,9695285.0,广州市黄埔区,广州市黄埔区夏港街道,18.0,30.0,24.0,20.0,92.0,82.49411764705883,84.46704545454546,56.92664596273291
广东省,广州市,黄埔区,萝岗街道,113.5058551,23.1779631,0.0,99.0,174.0,150.0,136.0,59.0,8.0,151.0,559.0,3.0,2.0,6.0,3.0,3.0,14.0,20.0,2.0,0.0,1.0,1.0,28.0,21.0,20.0,1.0,9.0,9.0,108.0,0.0,3.0,1.0,3.0,24.0,0.0,20.0,24.0,15.0,0.0,15.0,39.0,14.0,42.0,12.0,0.0,15.0,134.0,0.0,0.0,1.0,1.0,1.0,3.0,5.0,0.0,0.0,0.0,0.0,4.0,3.0,1.0,0.0,4.0,3.0,12.0,0.0,0.0,0.0,0.0,2.0,0.0,5.0,14.0,10.0,6551416529.0,9695293.0,广州市黄埔区,广州市黄埔区萝岗街道,20.0,30.0,15.0,16.1,81.1,82.49411764705883,84.46704545454546,56.92664596273291
广东省,广州市,黄埔区,云埔街道,113.5283753,23.1306472,40.0,89.0,106.0,259.0,264.0,88.0,0.0,34.0,447.0,1.0,2.0,0.0,2.0,2.0,10.0,14.0,1.0,0.0,0.0,6.0,38.0,13.0,142.0,1.0,4.0,5.0,292.0,0.0,1.0,11.0,95.0,7.0,4.0,12.0,26.0,19.0,8.0,36.0,16.0,42.0,22.0,0.0,0.0,4.0,65.0,0.0,0.0,0.0,0.0,0.0,0.0,1.0,1.0,0.0,0.0,2.0,5.0,1.0,48.0,0.0,0.0,2.0,13.0,0.0,0.0,0.0,0.0,1.0,2.0,1.0,16.0,9.0,6551416528.0,9695282.0,广州市黄埔区,广州市黄埔区云埔街道,20.0,30.0,7.0,20.0,77.0,82.49411764705883,84.46704545454546,56.92664596273291
广东省,广州市,黄埔区,联和街道,113.4351798,23.1937314,31.0,97.0,40.0,141.0,295.0,79.0,9.0,324.0,317.0,14.0,8.0,1.0,4.0,6.0,13.0,18.0,1.0,1.0,0.0,43.0,30.0,24.0,10.0,1.0,9.0,9.0,385.0,3.0,55.0,16.0,28.0,80.0,6.0,19.0,24.0,24.0,14.0,10.0,0.0,35.0,100.0,9.0,9.0,70.0,48.0,6.0,5.0,0.0,0.0,0.0,5.0,6.0,0.0,0.0,0.0,5.0,14.0,3.0,1.0,0.0,6.0,2.0,109.0,0.0,5.0,5.0,3.0,36.0,3.0,4.0,16.0,15.0,6551416523.0,9695292.0,广州市黄埔区,广州市黄埔区联和街道,20.0,30.0,15.0,20.0,85.0,82.49411764705883,84.46704545454546,56.92664596273291
广东省,广州市,黄埔区,永和街道,113.5604787,23.1949647,0.0,76.0,11.0,294.0,134.0,58.0,0.0,38.0,422.0,4.0,2.0,2.0,0.0,2.0,9.0,11.0,1.0,0.0,0.0,3.0,45.0,6.0,95.0,1.0,4.0,4.0,87.0,0.0,3.0,4.0,3.0,8.0,2.0,12.0,17.0,13.0,0.0,13.0,0.0,73.0,61.0,3.0,0.0,11.0,126.0,1.0,0.0,2.0,0.0,1.0,4.0,5.0,1.0,0.0,0.0,0.0,19.0,1.0,25.0,0.0,0.0,3.0,14.0,0.0,0.0,0.0,0.0,6.0,0.0,1.0,9.0,8.0,6551416524.0,9695294.0,广州市黄埔区,广州市黄埔区永和街道,19.0,30.0,15.0,14.5,78.5,82.49411764705883,84.46704545454546,56.92664596273291
广东省,广州市,黄埔区,长岭街道,113.4752696,23.1924274,14.0,80.0,177.0,147.0,92.0,100.0,11.0,472.0,499.0,5.0,1.0,11.0,5.0,5.0,13.0,19.0,3.0,0.0,1.0,8.0,32.0,6.0,8.0,3.0,7.0,12.0,221.0,0.0,31.0,3.0,5.0,59.0,3.0,27.0,25.0,19.0,0.0,0.0,23.0,32.0,23.0,9.0,0.0,111.0,67.0,0.0,0.0,6.0,0.0,0.0,4.0,6.0,0.0,0.0,1.0,1.0,9.0,0.0,0.0,0.0,1.0,3.0,62.0,0.0,0.0,0.0,1.0,6.0,1.0,10.0,17.0,9.0,8302088022.0,17473875.0,广州市黄埔区,广州市黄埔区长岭街道,20.0,30.0,13.0,20.0,83.0,82.49411764705883,84.46704545454546,56.92664596273291
广东省,广州市,黄埔区,九佛街道,113.4922207,23.3837832,8.0,47.0,1.0,157.0,61.0,20.0,0.0,35.0,143.0,0.0,0.0,2.0,0.0,0.0,1.0,1.0,0.0,0.0,0.0,1.0,3.0,5.0,18.0,0.0,14.0,4.0,19.0,0.0,0.0,2.0,0.0,3.0,1.0,12.0,16.0,13.0,0.0,25.0,1.0,70.0,10.0,5.0,0.0,15.0,53.0,0.0,0.0,1.0,0.0,0.0,0.0,0.0,0.0,0.0,0.0,0.0,1.0,2.0,5.0,0.0,1.0,1.0,9.0,0.0,0.0,1.0,0.0,1.0,0.0,3.0,12.0,7.0,8302078813.0,17459912.0,广州市黄埔区,广州市黄埔区九佛街道,19.0,26.0,5.0,7.1,57.1,82.49411764705883,84.46704545454546,56.92664596273291
广东省,广州市,黄埔区,龙湖街道,113.5153083,23.3557717,16.0,55.0,0.0,119.0,162.0,14.0,3.0,61.0,189.0,0.0,0.0,2.0,1.0,1.0,9.0,10.0,0.0,0.0,0.0,0.0,7.0,0.0,4.0,0.0,19.0,3.0,34.0,0.0,0.0,3.0,0.0,9.0,0.0,6.0,18.0,14.0,0.0,16.0,0.0,21.0,30.0,3.0,0.0,0.0,53.0,0.0,0.0,0.0,0.0,0.0,3.0,3.0,0.0,0.0,0.0,0.0,0.0,0.0,2.0,0.0,2.0,1.0,6.0,0.0,0.0,0.0,0.0,3.0,0.0,4.0,9.0,5.0,2506217063.0,9695295.0,广州市黄埔区,广州市黄埔区龙湖街道,18.0,26.0,10.0,8.3,62.3,82.49411764705883,84.46704545454546,56.92664596273291
广东省,广州市,黄埔区,新龙镇,113.5771626,23.284518,55.0,46.0,20.0,74.0,214.0,43.0,10.0,7.0,184.0,0.0,1.0,1.0,0.0,0.0,5.0,8.0,0.0,0.0,0.0,1.0,14.0,2.0,4.0,0.0,3.0,6.0,59.0,0.0,6.0,1.0,1.0,6.0,1.0,14.0,21.0,13.0,15.0,11.0,0.0,9.0,40.0,27.0,2.0,0.0,51.0,0.0,0.0,0.0,0.0,0.0,1.0,1.0,0.0,0.0,0.0,0.0,1.0,2.0,1.0,0.0,1.0,2.0,18.0,0.0,0.0,0.0,0.0,1.0,0.0,9.0,11.0,10.0,8302078787.0,17459523.0,广州市黄埔区,广州市黄埔区新龙镇,20.0,28.0,10.0,11.8,69.8,82.49411764705883,84.46704545454546,56.92664596273291
广东省,广州市,番禺区,市桥街道,113.3611754,22.9508287,22.0,223.0,199.0,330.0,638.0,381.0,12.0,695.0,725.0,58.0,13.0,75.0,8.0,14.0,41.0,52.0,8.0,1.0,8.0,92.0,277.0,16.0,13.0,17.0,14.0,53.0,7333.0,46.0,98.0,7.0,139.0,201.0,16.0,18.0,25.0,21.0,0.0,49.0,65.0,22.0,58.0,53.0,3.0,210.0,118.0,16.0,3.0,20.0,1.0,2.0,6.0,7.0,4.0,0.0,2.0,35.0,37.0,2.0,2.0,6.0,0.0,9.0,1064.0,19.0,24.0,0.0,35.0,32.0,9.0,6.0,17.0,14.0,5063394123.0,12031258.0,广州市番禺区,广州市番禺区市桥街道,20.0,30.0,28.0,20.0,98.0,88.31875,84.46704545454546,56.92664596273291
广东省,广州市,番禺区,沙头街道,113.3190787,22.9361138,0.0,56.0,0.0,122.0,290.0,175.0,19.0,45.0,207.0,9.0,3.0,10.0,0.0,0.0,8.0,10.0,3.0,0.0,0.0,18.0,31.0,1.0,6.0,2.0,0.0,14.0,290.0,1.0,146.0,3.0,162.0,38.0,4.0,14.0,19.0,16.0,0.0,9.0,0.0,14.0,70.0,13.0,2.0,1.0,30.0,3.0,1.0,8.0,0.0,0.0,0.0,0.0,0.0,0.0,0.0,0.0,2.0,0.0,3.0,0.0,0.0,2.0,41.0,0.0,0.0,1.0,2.0,9.0,0.0,3.0,14.0,8.0,8232798421.0,12032052.0,广州市番禺区,广州市番禺区沙头街道,20.0,30.0,5.0,20.0,75.0,88.31875,84.46704545454546,56.92664596273291
广东省,广州市,番禺区,东环街道,113.3580279,22.9706823,29.0,94.0,142.0,135.0,440.0,225.0,4.0,287.0,461.0,30.0,14.0,26.0,3.0,4.0,30.0,39.0,5.0,0.0,2.0,48.0,98.0,12.0,21.0,9.0,11.0,32.0,1612.0,15.0,36.0,3.0,61.0,135.0,13.0,17.0,27.0,22.0,4.0,17.0,16.0,30.0,82.0,24.0,0.0,24.0,51.0,2.0,4.0,3.0,0.0,0.0,2.0,3.0,0.0,0.0,0.0,8.0,13.0,5.0,7.0,0.0,2.0,3.0,65.0,0.0,0.0,1.0,1.0,32.0,1.0,7.0,18.0,10.0,8232796359.0,12033869.0,广州市番禺区,广州市番禺区东环街道,20.0,30.0,16.0,20.0,86.0,88.31875,84.46704545454546,56.92664596273291
广东省,广州市,番禺区,桥南街道,113.3659834,22.930344,72.0,187.0,212.0,442.0,585.0,469.0,10.0,664.0,701.0,63.0,8.0,69.0,8.0,14.0,38.0,47.0,6.0,1.0,9.0,98.0,282.0,10.0,6.0,17.0,11.0,40.0,9065.0,47.0,89.0,6.0,121.0,182.0,13.0,21.0,24.0,22.0,0.0,28.0,30.0,86.0,105.0,94.0,2.0,171.0,114.0,9.0,0.0,10.0,2.0,7.0,11.0,13.0,0.0,0.0,2.0,10.0,41.0,1.0,1.0,1.0,2.0,9.0,2415.0,0.0,31.0,2.0,7.0,34.0,1.0,3.0,19.0,12.0,8208926552.0,11996533.0,广州市番禺区,广州市番禺区桥南街道,20.0,30.0,23.0,20.0,93.0,88.31875,84.46704545454546,56.92664596273291
广东省,广州市,番禺区,小谷围街道,113.392648,23.0471409,13.0,157.0,162.0,130.0,159.0,821.0,154.0,2782.0,434.0,55.0,4.0,2.0,7.0,11.0,8.0,36.0,5.0,10.0,5.0,101.0,38.0,13.0,9.0,3.0,10.0,33.0,1397.0,35.0,619.0,153.0,319.0,357.0,43.0,32.0,34.0,27.0,0.0,12.0,33.0,32.0,12.0,159.0,42.0,1294.0,74.0,26.0,0.0,1.0,1.0,1.0,2.0,10.0,3.0,0.0,1.0,9.0,8.0,4.0,0.0,0.0,1.0,3.0,175.0,34.0,98.0,21.0,19.0,55.0,3.0,8.0,17.0,15.0,6387352844.0,9463947.0,广州市番禺区,广州市番禺区小谷围街道,20.0,30.0,28.0,20.0,98.0,88.31875,84.46704545454546,56.92664596273291
广东省,广州市,番禺区,大石街道,113.3028682,23.0271864,118.0,0.0,200.0,211.0,429.0,332.0,24.0,270.0,465.0,55.0,4.0,6.0,3.0,4.0,22.0,32.0,3.0,1.0,3.0,56.0,81.0,15.0,22.0,8.0,13.0,20.0,1391.0,0.0,92.0,20.0,7.0,112.0,39.0,32.0,24.0,27.0,29.0,0.0,21.0,68.0,68.0,21.0,14.0,39.0,79.0,16.0,1.0,3.0,1.0,1.0,9.0,12.0,0.0,0.0,0.0,13.0,20.0,3.0,0.0,5.0,1.0,5.0,218.0,0.0,0.0,4.0,0.0,52.0,12.0,6.0,18.0,18.0,5064327485.0,12042955.0,广州市番禺区,广州市番禺区大石街道,20.0,30.0,21.0,20.0,91.0,88.31875,84.46704545454546,56.92664596273291
广东省,广州市,番禺区,洛浦街道,113.30374,23.038034,100.0,0.0,228.0,239.0,465.0,314.0,24.0,238.0,556.0,56.0,3.0,5.0,4.0,5.0,29.0,40.0,2.0,1.0,3.0,59.0,83.0,27.0,22.0,8.0,18.0,22.0,1438.0,8.0,102.0,20.0,11.0,126.0,24.0,30.0,24.0,26.0,32.0,0.0,25.0,55.0,82.0,16.0,0.0,28.0,91.0,4.0,2.0,1.0,0.0,0.0,4.0,6.0,0.0,0.0,0.0,10.0,21.0,3.0,0.0,0.0,0.0,5.0,132.0,0.0,8.0,3.0,1.0,7.0,6.0,5.0,13.0,13.0,6387352845.0,9463946.0,广州市番禺区,广州市番禺区洛浦街道,20.0,30.0,16.0,20.0,86.0,88.31875,84.46704545454546,56.92664596273291
广东省,广州市,番禺区,石壁街道,113.2890724,22.9779792,50.0,75.0,163.0,126.0,321.0,525.0,18.0,127.0,308.0,37.0,8.0,5.0,1.0,1.0,20.0,25.0,1.0,0.0,1.0,18.0,41.0,22.0,88.0,9.0,24.0,17.0,652.0,0.0,3.0,3.0,11.0,50.0,1.0,29.0,26.0,23.0,12.0,0.0,20.0,11.0,20.0,101.0,0.0,4.0,16.0,3.0,0.0,1.0,0.0,0.0,1.0,1.0,0.0,0.0,0.0,0.0,3.0,0.0,22.0,2.0,3.0,1.0,223.0,0.0,0.0,1.0,1.0,5.0,0.0,6.0,14.0,14.0,5064321910.0,12045940.0,广州市番禺区,广州市番禺区石壁街道,20.0,30.0,10.0,20.0,80.0,88.31875,84.46704545454546,56.92664596273291
广东省,广州市,番禺区,钟村街道,113.3112007,22.9794635,60.0,66.0,90.0,90.0,267.0,419.0,21.0,234.0,244.0,41.0,5.0,3.0,2.0,2.0,26.0,35.0,0.0,0.0,1.0,26.0,61.0,14.0,74.0,8.0,16.0,15.0,1798.0,0.0,677.0,3.0,753.0,98.0,29.0,25.0,26.0,23.0,0.0,6.0,29.0,25.0,51.0,20.0,0.0,7.0,47.0,8.0,1.0,1.0,0.0,0.0,10.0,11.0,0.0,0.0,0.0,4.0,14.0,4.0,9.0,2.0,2.0,8.0,10.0,0.0,0.0,0.0,0.0,7.0,1.0,3.0,13.0,15.0,2065883715.0,12034493.0,广州市番禺区,广州市番禺区钟村街道,20.0,30.0,14.0,20.0,84.0,88.31875,84.46704545454546,56.92664596273291
广东省,广州市,番禺区,大龙街道,113.4248003,22.9550248,0.0,71.0,77.0,63.0,274.0,71.0,0.0,6.0,278.0,9.0,3.0,8.0,2.0,17.0,16.0,19.0,2.0,0.0,1.0,43.0,39.0,2.0,13.0,2.0,3.0,6.0,212.0,1.0,2.0,1.0,4.0,25.0,2.0,7.0,20.0,16.0,0.0,8.0,6.0,5.0,88.0,35.0,0.0,4.0,49.0,3.0,1.0,3.0,2.0,11.0,2.0,3.0,0.0,0.0,0.0,15.0,23.0,0.0,1.0,0.0,1.0,2.0,108.0,1.0,0.0,0.0,0.0,10.0,0.0,2.0,11.0,9.0,8129307928.0,12033891.0,广州市番禺区,广州市番禺区大龙街道,20.0,30.0,21.0,20.0,91.0,88.31875,84.46704545454546,56.92664596273291
广东省,广州市,番禺区,沙湾街道,113.340913,22.9108839,45.0,50.0,36.0,372.0,341.0,176.0,2.0,90.0,366.0,12.0,1.0,3.0,2.0,2.0,19.0,21.0,3.0,0.0,1.0,28.0,60.0,3.0,7.0,3.0,0.0,13.0,1553.0,8.0,15.0,5.0,5.0,70.0,1.0,12.0,18.0,17.0,9.0,13.0,0.0,56.0,71.0,4.0,0.0,3.0,45.0,1.0,0.0,1.0,0.0,0.0,4.0,5.0,1.0,0.0,0.0,3.0,18.0,1.0,0.0,0.0,0.0,3.0,10.0,0.0,0.0,0.0,0.0,5.0,1.0,2.0,13.0,9.0,5183171221.0,12032277.0,广州市番禺区,广州市番禺区沙湾街道,20.0,30.0,18.0,20.0,88.0,88.31875,84.46704545454546,56.92664596273291
广东省,广州市,番禺区,南村镇,113.3748138,23.0057649,21.0,24.0,142.0,84.0,425.0,197.0,7.0,201.0,277.0,16.0,1.0,4.0,4.0,4.0,23.0,34.0,0.0,1.0,6.0,14.0,59.0,7.0,21.0,1.0,10.0,12.0,119.0,0.0,18.0,6.0,7.0,57.0,7.0,15.0,29.0,23.0,0.0,6.0,27.0,13.0,55.0,24.0,1.0,8.0,53.0,3.0,0.0,2.0,0.0,0.0,5.0,9.0,0.0,0.0,1.0,3.0,11.0,0.0,3.0,0.0,0.0,3.0,6.0,0.0,1.0,0.0,0.0,2.0,0.0,2.0,17.0,10.0,2065803529.0,12034602.0,广州市番禺区,广州市番禺区南村镇,20.0,30.0,15.0,17.1,82.1,88.31875,84.46704545454546,56.92664596273291
广东省,广州市,番禺区,新造镇,113.4121817,23.0377137,30.0,91.0,91.0,79.0,218.0,357.0,74.0,1792.0,279.0,38.0,4.0,2.0,3.0,3.0,7.0,22.0,4.0,0.0,2.0,26.0,38.0,7.0,16.0,1.0,13.0,26.0,1110.0,34.0,112.0,63.0,38.0,182.0,6.0,21.0,29.0,27.0,6.0,33.0,16.0,30.0,28.0,37.0,3.0,40.0,36.0,3.0,0.0,1.0,1.0,1.0,1.0,1.0,1.0,0.0,1.0,11.0,9.0,2.0,0.0,0.0,2.0,13.0,49.0,0.0,0.0,7.0,13.0,6.0,1.0,8.0,20.0,12.0,5168401310.0,12043044.0,广州市番禺区,广州市番禺区新造镇,20.0,30.0,28.0,20.0,98.0,88.31875,84.46704545454546,56.92664596273291
广东省,广州市,番禺区,化龙镇,113.448208,23.0435094,34.0,26.0,78.0,115.0,294.0,231.0,42.0,60.0,124.0,12.0,3.0,2.0,1.0,1.0,5.0,11.0,6.0,1.0,4.0,13.0,32.0,2.0,34.0,0.0,20.0,34.0,748.0,0.0,2.0,21.0,5.0,46.0,1.0,7.0,28.0,21.0,0.0,7.0,0.0,15.0,64.0,60.0,1.0,3.0,25.0,5.0,0.0,1.0,1.0,1.0,0.0,3.0,1.0,0.0,3.0,11.0,10.0,2.0,4.0,0.0,1.0,10.0,18.0,0.0,0.0,1.0,0.0,7.0,0.0,1.0,14.0,14.0,7242985798.0,12043253.0,广州市番禺区,广州市番禺区化龙镇,20.0,30.0,23.0,20.0,93.0,88.31875,84.46704545454546,56.92664596273291
广东省,广州市,番禺区,石楼镇,113.4827073,22.9715436,0.0,113.0,34.0,125.0,195.0,104.0,4.0,42.0,241.0,8.0,1.0,3.0,2.0,2.0,19.0,23.0,0.0,0.0,0.0,4.0,43.0,3.0,11.0,1.0,11.0,10.0,164.0,17.0,3.0,22.0,29.0,60.0,8.0,7.0,23.0,15.0,0.0,30.0,0.0,2.0,39.0,0.0,3.0,0.0,58.0,1.0,0.0,3.0,1.0,1.0,3.0,3.0,0.0,0.0,0.0,0.0,15.0,0.0,0.0,0.0,1.0,3.0,4.0,0.0,0.0,1.0,0.0,11.0,0.0,1.0,7.0,8.0,8246616907.0,12045937.0,广州市番禺区,广州市番禺区石楼镇,20.0,30.0,15.0,20.0,85.0,88.31875,84.46704545454546,56.92664596273291
广东省,广州市,番禺区,石碁镇,113.4328579,22.9550691,0.0,70.0,66.0,52.0,266.0,61.0,0.0,6.0,229.0,5.0,2.0,3.0,2.0,12.0,11.0,15.0,0.0,0.0,0.0,25.0,29.0,2.0,5.0,1.0,3.0,5.0,163.0,1.0,2.0,1.0,2.0,23.0,0.0,10.0,19.0,14.0,0.0,8.0,8.0,5.0,72.0,5.0,0.0,4.0,51.0,1.0,0.0,2.0,1.0,2.0,4.0,6.0,0.0,0.0,0.0,0.0,5.0,1.0,0.0,0.0,1.0,3.0,26.0,0.0,0.0,0.0,1.0,10.0,0.0,2.0,9.0,8.0,8129278829.0,12037949.0,广州市番禺区,广州市番禺区石碁镇,20.0,30.0,15.0,20.0,85.0,88.31875,84.46704545454546,56.92664596273291
广东省,广州市,花都区,新华街道,113.2081858,23.3731299,58.0,1.0,104.0,177.0,338.0,46.0,47.0,99.0,331.0,10.0,2.0,1.0,3.0,3.0,10.0,12.0,0.0,1.0,1.0,10.0,46.0,0.0,1.0,0.0,3.0,2.0,381.0,12.0,130.0,5.0,4.0,32.0,4.0,15.0,24.0,15.0,10.0,0.0,22.0,33.0,55.0,7.0,15.0,13.0,72.0,2.0,0.0,0.0,1.0,1.0,2.0,3.0,0.0,1.0,0.0,1.0,5.0,0.0,0.0,0.0,1.0,1.0,71.0,1.0,30.0,0.0,0.0,3.0,1.0,6.0,13.0,9.0,8308055698.0,12162668.0,广州市花都区,广州市花都区新华街道,17.0,30.0,18.0,20.0,85.0,64.22999999999999,84.46704545454546,56.92664596273291
广东省,广州市,花都区,花城街道,113.2119722,23.4079491,54.0,56.0,100.0,199.0,259.0,22.0,7.0,68.0,391.0,5.0,3.0,3.0,2.0,3.0,12.0,15.0,0.0,0.0,6.0,20.0,77.0,4.0,2.0,0.0,3.0,3.0,252.0,11.0,89.0,7.0,7.0,31.0,7.0,14.0,20.0,12.0,0.0,21.0,21.0,54.0,29.0,7.0,0.0,23.0,65.0,0.0,1.0,3.0,1.0,1.0,1.0,3.0,0.0,0.0,2.0,2.0,20.0,2.0,0.0,0.0,1.0,2.0,14.0,0.0,0.0,0.0,0.0,6.0,0.0,5.0,14.0,6.0,8381430095.0,17435913.0,广州市花都区,广州市花都区花城街道,18.0,30.0,19.0,20.0,87.0,64.22999999999999,84.46704545454546,56.92664596273291
广东省,广州市,花都区,秀全街道,113.1394601,23.3627241,17.0,19.0,19.0,10.0,162.0,82.0,1.0,7.0,48.0,3.0,2.0,0.0,0.0,0.0,4.0,5.0,1.0,0.0,0.0,0.0,9.0,0.0,13.0,0.0,1.0,1.0,31.0,0.0,0.0,1.0,0.0,5.0,0.0,9.0,13.0,11.0,0.0,0.0,6.0,3.0,28.0,0.0,0.0,0.0,8.0,0.0,0.0,0.0,0.0,0.0,0.0,1.0,0.0,0.0,0.0,0.0,0.0,0.0,1.0,0.0,0.0,1.0,2.0,0.0,0.0,0.0,0.0,1.0,0.0,2.0,6.0,4.0,8417075426.0,17472389.0,广州市花都区,广州市花都区秀全街道,16.0,30.0,0.0,7.4,53.4,64.22999999999999,84.46704545454546,56.92664596273291
广东省,广州市,花都区,新雅街道,113.215498,23.364407,52.0,1.0,113.0,142.0,339.0,44.0,40.0,101.0,290.0,8.0,2.0,1.0,3.0,3.0,9.0,11.0,0.0,1.0,1.0,8.0,39.0,0.0,1.0,0.0,3.0,2.0,344.0,12.0,130.0,5.0,4.0,30.0,3.0,14.0,22.0,14.0,19.0,0.0,23.0,16.0,42.0,10.0,9.0,9.0,30.0,3.0,1.0,1.0,0.0,0.0,1.0,2.0,0.0,0.0,0.0,0.0,3.0,0.0,0.0,0.0,0.0,1.0,3.0,0.0,0.0,2.0,0.0,10.0,0.0,2.0,14.0,6.0,2506217096.0,12162667.0,广州市花都区,广州市花都区新雅街道,17.0,30.0,10.0,20.0,77.0,64.22999999999999,84.46704545454546,56.92664596273291
广东省,广州市,花都区,梯面镇,113.2898143,23.55309,10.0,0.0,0.0,6.0,47.0,31.0,6.0,19.0,18.0,0.0,0.0,2.0,0.0,0.0,1.0,1.0,0.0,0.0,0.0,0.0,13.0,0.0,1.0,0.0,0.0,13.0,3.0,0.0,0.0,2.0,0.0,2.0,0.0,4.0,13.0,9.0,5.0,0.0,0.0,3.0,31.0,16.0,2.0,1.0,12.0,0.0,0.0,2.0,0.0,0.0,1.0,1.0,0.0,0.0,0.0,0.0,5.0,0.0,0.0,0.0,0.0,5.0,3.0,0.0,0.0,0.0,0.0,2.0,0.0,2.0,10.0,6.0,2506024141.0,12162700.0,广州市花都区,广州市花都区梯面镇,20.0,26.0,10.0,4.8,60.8,64.22999999999999,84.46704545454546,56.92664596273291
广东省,广州市,花都区,花山镇,113.2682478,23.4386222,62.0,1.0,10.0,45.0,236.0,42.0,0.0,62.0,114.0,1.0,1.0,2.0,1.0,1.0,4.0,5.0,0.0,1.0,1.0,0.0,13.0,1.0,12.0,0.0,10.0,2.0,14.0,0.0,1.0,9.0,1.0,17.0,1.0,8.0,24.0,12.0,32.0,0.0,0.0,20.0,32.0,0.0,0.0,22.0,22.0,0.0,0.0,2.0,0.0,0.0,0.0,0.0,0.0,0.0,0.0,0.0,2.0,0.0,0.0,0.0,1.0,1.0,2.0,0.0,0.0,0.0,0.0,1.0,0.0,2.0,12.0,4.0,2506217058.0,12305340.0,广州市花都区,广州市花都区花山镇,17.0,30.0,5.0,6.5,58.5,64.22999999999999,84.46704545454546,56.92664596273291
广东省,广州市,花都区,花东镇,113.322886,23.43631,41.0,38.0,4.0,79.0,222.0,69.0,0.0,10.0,78.0,9.0,1.0,0.0,0.0,0.0,1.0,2.0,0.0,2.0,0.0,0.0,4.0,0.0,10.0,0.0,0.0,3.0,9.0,0.0,1.0,1.0,1.0,11.0,0.0,7.0,19.0,7.0,0.0,18.0,0.0,8.0,48.0,10.0,0.0,0.0,24.0,0.0,0.0,0.0,0.0,0.0,0.0,0.0,0.0,0.0,0.0,0.0,0.0,0.0,2.0,0.0,0.0,1.0,0.0,0.0,0.0,0.0,0.0,4.0,0.0,1.0,7.0,4.0,2506217054.0,12305339.0,广州市花都区,广州市花都区花东镇,18.0,30.0,0.0,4.5,52.5,64.22999999999999,84.46704545454546,56.92664596273291
广东省,广州市,花都区,炭步镇,113.1000767,23.3444506,16.0,7.0,16.0,29.0,187.0,2.0,0.0,0.0,12.0,0.0,0.0,0.0,0.0,0.0,3.0,3.0,0.0,0.0,0.0,0.0,2.0,0.0,15.0,0.0,1.0,4.0,6.0,0.0,0.0,7.0,1.0,15.0,0.0,4.0,12.0,7.0,6.0,0.0,5.0,15.0,63.0,0.0,0.0,0.0,0.0,0.0,0.0,0.0,0.0,0.0,1.0,1.0,0.0,0.0,0.0,0.0,0.0,0.0,0.0,0.0,0.0,4.0,0.0,0.0,0.0,1.0,0.0,0.0,0.0,1.0,5.0,2.0,8305052138.0,12153669.0,广州市花都区,广州市花都区炭步镇,19.0,26.0,5.0,4.9,54.9,64.22999999999999,84.46704545454546,56.92664596273291
广东省,广州市,花都区,赤坭镇,113.0783411,23.3871666,19.0,0.0,19.0,26.0,114.0,14.0,0.0,0.0,64.0,0.0,0.0,0.0,0.0,0.0,2.0,4.0,0.0,0.0,0.0,0.0,2.0,0.0,5.0,0.0,2.0,2.0,13.0,0.0,1.0,1.0,0.0,2.0,0.0,3.0,9.0,8.0,10.0,0.0,12.0,3.0,34.0,0.0,0.0,0.0,30.0,0.0,0.0,0.0,0.0,0.0,1.0,1.0,0.0,0.0,0.0,0.0,1.0,0.0,0.0,0.0,0.0,2.0,6.0,0.0,0.0,0.0,0.0,0.0,0.0,2.0,6.0,3.0,8308066850.0,12162670.0,广州市花都区,广州市花都区赤坭镇,17.0,26.0,5.0,6.0,54.0,64.22999999999999,84.46704545454546,56.92664596273291
广东省,广州市,花都区,狮岭镇,113.148367,23.4648282,0.0,10.0,61.0,18.0,359.0,42.0,0.0,0.0,121.0,0.0,3.0,0.0,0.0,0.0,4.0,4.0,0.0,0.0,0.0,4.0,22.0,0.0,1.0,0.0,0.0,4.0,9.0,0.0,0.0,2.0,2.0,3.0,3.0,7.0,14.0,10.0,0.0,0.0,19.0,12.0,84.0,0.0,0.0,0.0,31.0,0.0,1.0,0.0,0.0,0.0,2.0,2.0,0.0,0.0,0.0,2.0,5.0,0.0,0.0,0.0,0.0,1.0,1.0,0.0,0.0,0.0,0.0,3.0,0.0,3.0,8.0,4.0,8308066419.0,12162669.0,广州市花都区,广州市花都区狮岭镇,19.0,28.0,7.0,5.2,59.2,64.22999999999999,84.46704545454546,56.92664596273291
广东省,广州市,南沙区,南沙街道,113.5625625,22.8021363,12.0,25.0,21.0,15.0,74.0,101.0,0.0,12.0,64.0,2.0,2.0,2.0,1.0,2.0,8.0,12.0,2.0,0.0,2.0,25.0,42.0,5.0,10.0,0.0,4.0,5.0,225.0,2.0,87.0,26.0,139.0,14.0,2.0,5.0,19.0,15.0,2.0,0.0,0.0,0.0,13.0,2.0,0.0,0.0,16.0,0.0,1.0,1.0,0.0,0.0,1.0,1.0,0.0,0.0,0.0,3.0,7.0,0.0,0.0,0.0,0.0,1.0,2.0,0.0,0.0,0.0,4.0,3.0,1.0,3.0,6.0,7.0,6387352839.0,9463940.0,广州市南沙区,广州市南沙区南沙街道,20.0,30.0,13.0,20.0,83.0,72.86666666666666,84.46704545454546,56.92664596273291
广东省,广州市,南沙区,珠江街道,113.537296,22.7048497,22.0,80.0,25.0,86.0,79.0,1.0,0.0,4.0,79.0,2.0,0.0,0.0,3.0,3.0,5.0,5.0,0.0,0.0,1.0,1.0,12.0,0.0,26.0,0.0,12.0,13.0,31.0,0.0,0.0,4.0,6.0,3.0,0.0,13.0,18.0,9.0,0.0,16.0,0.0,17.0,32.0,0.0,0.0,0.0,22.0,0.0,0.0,0.0,2.0,2.0,1.0,1.0,0.0,0.0,1.0,1.0,5.0,0.0,0.0,0.0,2.0,3.0,10.0,0.0,0.0,0.0,1.0,1.0,0.0,4.0,8.0,5.0,6387352837.0,9463938.0,广州市南沙区,广州市南沙区珠江街道,20.0,28.0,13.0,8.5,69.5,72.86666666666666,84.46704545454546,56.92664596273291
广东省,广州市,南沙区,龙穴街道,113.6680967,22.6456009,0.0,0.0,22.0,3.0,13.0,62.0,1.0,20.0,24.0,2.0,3.0,1.0,0.0,0.0,0.0,0.0,1.0,0.0,0.0,5.0,0.0,0.0,13.0,0.0,2.0,3.0,75.0,2.0,0.0,73.0,1.0,2.0,3.0,6.0,13.0,11.0,0.0,0.0,13.0,3.0,3.0,35.0,0.0,13.0,16.0,2.0,3.0,1.0,0.0,0.0,0.0,0.0,0.0,0.0,0.0,5.0,0.0,0.0,7.0,0.0,0.0,1.0,48.0,2.0,0.0,1.0,1.0,0.0,3.0,4.0,8.0,6.0,6387352836.0,9463939.0,广州市南沙区,广州市南沙区龙穴街道,18.0,21.5,10.0,20.0,69.5,72.86666666666666,84.46704545454546,56.92664596273291
广东省,广州市,南沙区,万顷沙镇,113.5470019,22.7093975,14.0,82.0,3.0,90.0,78.0,5.0,0.0,5.0,74.0,2.0,0.0,1.0,3.0,3.0,3.0,3.0,0.0,0.0,1.0,1.0,12.0,0.0,21.0,0.0,7.0,10.0,26.0,0.0,0.0,6.0,6.0,3.0,0.0,14.0,19.0,11.0,0.0,11.0,0.0,13.0,32.0,1.0,0.0,2.0,28.0,1.0,0.0,0.0,2.0,2.0,3.0,3.0,0.0,0.0,1.0,1.0,1.0,0.0,0.0,0.0,3.0,6.0,16.0,0.0,0.0,0.0,5.0,1.0,0.0,3.0,9.0,6.0,5416397343.0,9463937.0,广州市南沙区,广州市南沙区万顷沙镇,20.0,28.0,18.0,8.8,74.8,72.86666666666666,84.46704545454546,56.92664596273291
广东省,广州市,南沙区,横沥镇,113.480975,22.7347218,4.0,0.0,20.0,36.0,92.0,18.0,0.0,1.0,10.0,0.0,1.0,0.0,1.0,1.0,1.0,1.0,0.0,0.0,0.0,0.0,1.0,0.0,2.0,0.0,6.0,8.0,10.0,0.0,0.0,10.0,0.0,0.0,0.0,13.0,16.0,8.0,0.0,0.0,0.0,1.0,18.0,1.0,0.0,0.0,0.0,0.0,0.0,0.0,0.0,0.0,0.0,0.0,0.0,0.0,0.0,0.0,0.0,0.0,0.0,0.0,0.0,4.0,0.0,0.0,0.0,0.0,0.0,0.0,0.0,1.0,4.0,3.0,6387352838.0,9463941.0,广州市南沙区,广州市南沙区横沥镇,20.0,28.0,0.0,6.0,54.0,72.86666666666666,84.46704545454546,56.92664596273291
广东省,广州市,南沙区,黄阁镇,113.5101092,22.8243087,15.0,113.0,15.0,94.0,177.0,89.0,11.0,115.0,97.0,6.0,2.0,5.0,1.0,2.0,13.0,18.0,1.0,0.0,1.0,21.0,31.0,6.0,10.0,0.0,5.0,4.0,460.0,0.0,85.0,6.0,81.0,33.0,3.0,10.0,22.0,16.0,0.0,13.0,0.0,13.0,34.0,10.0,0.0,3.0,31.0,2.0,2.0,1.0,0.0,0.0,2.0,2.0,0.0,0.0,0.0,0.0,4.0,1.0,0.0,0.0,0.0,1.0,117.0,0.0,1.0,1.0,0.0,6.0,0.0,3.0,10.0,6.0,6387352840.0,9463942.0,广州市南沙区,广州市南沙区黄阁镇,19.0,30.0,10.0,20.0,79.0,72.86666666666666,84.46704545454546,56.92664596273291
广东省,广州市,南沙区,东涌镇,113.4494376,22.8866529,0.0,26.0,8.0,74.0,393.0,117.0,9.0,18.0,112.0,1.0,0.0,1.0,1.0,1.0,2.0,5.0,0.0,0.0,0.0,3.0,9.0,0.0,3.0,0.0,2.0,8.0,58.0,0.0,45.0,9.0,0.0,8.0,1.0,14.0,17.0,11.0,0.0,12.0,0.0,15.0,90.0,24.0,9.0,12.0,28.0,0.0,0.0,1.0,1.0,1.0,2.0,4.0,0.0,0.0,0.0,1.0,8.0,0.0,2.0,0.0,0.0,2.0,4.0,0.0,1.0,0.0,0.0,4.0,0.0,1.0,9.0,6.0,6387352843.0,9463945.0,广州市南沙区,广州市南沙区东涌镇,20.0,28.0,16.0,11.100000000000001,75.1,72.86666666666666,84.46704545454546,56.92664596273291
广东省,广州市,南沙区,大岗镇,113.3932346,22.8075561,0.0,64.0,11.0,75.0,467.0,35.0,0.0,76.0,155.0,8.0,3.0,8.0,4.0,26.0,12.0,14.0,2.0,1.0,8.0,473.0,23.0,0.0,29.0,0.0,13.0,3.0,4878.0,0.0,0.0,5.0,7.0,16.0,25.0,8.0,17.0,10.0,0.0,13.0,5.0,29.0,132.0,13.0,0.0,0.0,25.0,1.0,1.0,5.0,2.0,15.0,1.0,1.0,1.0,1.0,2.0,264.0,8.0,0.0,1.0,0.0,1.0,1.0,1139.0,0.0,0.0,0.0,2.0,5.0,15.0,7.0,10.0,7.0,6387352842.0,9463943.0,广州市南沙区,广州市南沙区大岗镇,18.0,30.0,30.0,20.0,98.0,72.86666666666666,84.46704545454546,56.92664596273291
广东省,广州市,南沙区,榄核镇,113.337611,22.8413756,0.0,82.0,15.0,54.0,185.0,13.0,0.0,7.0,74.0,0.0,1.0,0.0,0.0,0.0,0.0,0.0,1.0,0.0,0.0,0.0,2.0,0.0,21.0,0.0,4.0,2.0,30.0,0.0,0.0,4.0,2.0,3.0,0.0,12.0,20.0,8.0,0.0,7.0,11.0,18.0,31.0,0.0,0.0,0.0,32.0,0.0,0.0,0.0,0.0,0.0,0.0,0.0,0.0,0.0,0.0,0.0,1.0,0.0,0.0,0.0,0.0,1.0,5.0,0.0,0.0,0.0,0.0,0.0,0.0,1.0,9.0,3.0,6387352841.0,9463944.0,广州市南沙区,广州市南沙区榄核镇,17.0,28.0,0.0,7.9,52.9,72.86666666666666,84.46704545454546,56.92664596273291
广东省,广州市,从化区,街口街道,113.5861123,23.547563,53.0,3.0,95.0,95.0,174.0,316.0,1.0,35.0,169.0,9.0,3.0,2.0,9.0,9.0,11.0,14.0,8.0,0.0,0.0,4.0,17.0,2.0,0.0,0.0,0.0,16.0,73.0,0.0,0.0,2.0,0.0,30.0,3.0,10.0,22.0,13.0,0.0,1.0,32.0,47.0,43.0,221.0,1.0,15.0,64.0,0.0,0.0,2.0,5.0,5.0,3.0,3.0,8.0,0.0,0.0,0.0,9.0,1.0,0.0,0.0,0.0,4.0,11.0,0.0,0.0,0.0,0.0,8.0,1.0,5.0,13.0,6.0,5113279714.0,12351237.0,广州市从化区,广州市从化区街口街道,20.0,30.0,20.0,12.6,82.6,67.9875,84.46704545454546,56.92664596273291
广东省,广州市,从化区,江埔街道,113.5940377,23.5433554,55.0,4.0,93.0,106.0,149.0,329.0,1.0,32.0,169.0,8.0,3.0,2.0,9.0,9.0,11.0,15.0,8.0,0.0,0.0,6.0,16.0,2.0,0.0,0.0,0.0,17.0,76.0,0.0,0.0,2.0,0.0,32.0,3.0,10.0,22.0,11.0,2.0,1.0,31.0,16.0,35.0,71.0,1.0,5.0,29.0,2.0,0.0,0.0,0.0,0.0,1.0,1.0,3.0,0.0,0.0,0.0,5.0,0.0,0.0,0.0,0.0,5.0,8.0,0.0,0.0,0.0,0.0,6.0,0.0,5.0,12.0,4.0,4068031206.0,12351152.0,广州市从化区,广州市从化区江埔街道,20.0,30.0,15.0,12.6,77.6,67.9875,84.46704545454546,56.92664596273291
广东省,广州市,从化区,城郊街道,113.5790527,23.5584405,28.0,1.0,89.0,79.0,143.0,282.0,1.0,35.0,140.0,7.0,1.0,2.0,9.0,9.0,11.0,13.0,9.0,0.0,0.0,3.0,12.0,1.0,0.0,0.0,0.0,15.0,47.0,0.0,0.0,1.0,0.0,29.0,2.0,11.0,23.0,11.0,0.0,0.0,19.0,15.0,24.0,34.0,0.0,7.0,21.0,0.0,0.0,1.0,4.0,4.0,3.0,4.0,1.0,0.0,0.0,0.0,1.0,0.0,0.0,0.0,0.0,2.0,18.0,0.0,0.0,0.0,0.0,10.0,0.0,3.0,9.0,4.0,5113279713.0,17458247.0,广州市从化区,广州市从化区城郊街道,20.0,30.0,20.0,10.600000000000001,80.6,67.9875,84.46704545454546,56.92664596273291
广东省,广州市,从化区,温泉镇,113.65,23.649167,17.0,0.0,0.0,34.0,38.0,7.0,3.0,3.0,46.0,0.0,0.0,0.0,0.0,0.0,1.0,2.0,0.0,0.0,0.0,1.0,13.0,0.0,0.0,0.0,0.0,2.0,37.0,0.0,0.0,0.0,2.0,2.0,0.0,5.0,13.0,5.0,0.0,0.0,0.0,13.0,8.0,3.0,0.0,2.0,8.0,0.0,0.0,0.0,0.0,0.0,1.0,1.0,0.0,0.0,0.0,1.0,4.0,0.0,0.0,0.0,0.0,1.0,26.0,0.0,0.0,0.0,1.0,0.0,0.0,1.0,7.0,4.0,2488295887.0,17458248.0,广州市从化区,广州市从化区温泉镇,17.0,26.0,6.0,8.8,57.8,67.9875,84.46704545454546,56.92664596273291
广东省,广州市,从化区,良口镇,113.7294353,23.7211269,12.0,8.0,0.0,7.0,86.0,15.0,7.0,1.0,21.0,0.0,0.0,1.0,3.0,3.0,0.0,0.0,2.0,0.0,0.0,0.0,4.0,0.0,0.0,0.0,2.0,2.0,25.0,0.0,0.0,1.0,0.0,5.0,1.0,5.0,12.0,10.0,8.0,6.0,0.0,1.0,12.0,1.0,1.0,1.0,11.0,0.0,0.0,1.0,2.0,2.0,0.0,0.0,1.0,0.0,0.0,0.0,2.0,0.0,0.0,0.0,1.0,1.0,9.0,0.0,0.0,0.0,0.0,2.0,0.0,4.0,11.0,7.0,2488295858.0,17458344.0,广州市从化区,广州市从化区良口镇,17.0,26.0,15.0,7.5,65.5,67.9875,84.46704545454546,56.92664596273291
广东省,广州市,从化区,吕田镇,113.9483132,23.8153396,8.0,0.0,0.0,11.0,80.0,1.0,0.0,0.0,25.0,0.0,0.0,1.0,0.0,0.0,0.0,0.0,0.0,0.0,0.0,0.0,1.0,0.0,0.0,0.0,0.0,5.0,80.0,0.0,0.0,0.0,0.0,1.0,0.0,4.0,9.0,5.0,6.0,0.0,0.0,9.0,30.0,1.0,0.0,0.0,7.0,0.0,0.0,1.0,0.0,0.0,0.0,0.0,0.0,0.0,0.0,0.0,1.0,0.0,0.0,0.0,0.0,4.0,79.0,0.0,0.0,0.0,0.0,1.0,0.0,3.0,6.0,4.0,2506217067.0,17458433.0,广州市从化区,广州市从化区吕田镇,20.0,26.0,5.0,18.4,69.4,67.9875,84.46704545454546,56.92664596273291
广东省,广州市,从化区,太平镇,113.4761035,23.4339982,37.0,32.0,0.0,24.0,124.0,122.0,0.0,51.0,111.0,5.0,0.0,0.0,2.0,2.0,7.0,11.0,0.0,0.0,0.0,11.0,22.0,1.0,10.0,0.0,2.0,7.0,89.0,0.0,13.0,0.0,3.0,19.0,1.0,15.0,20.0,13.0,18.0,13.0,0.0,1.0,28.0,35.0,0.0,16.0,30.0,0.0,0.0,0.0,0.0,0.0,4.0,4.0,0.0,0.0,0.0,0.0,2.0,0.0,0.0,0.0,1.0,2.0,5.0,0.0,0.0,0.0,0.0,0.0,0.0,9.0,13.0,6.0,2506217078.0,12351105.0,广州市从化区,广州市从化区太平镇,20.0,28.0,5.0,13.4,66.4,67.9875,84.46704545454546,56.92664596273291
广东省,广州市,从化区,鳌头镇,113.4226157,23.6198529,21.0,0.0,2.0,14.0,148.0,1.0,0.0,0.0,0.0,0.0,0.0,0.0,0.0,0.0,1.0,1.0,0.0,0.0,0.0,0.0,8.0,0.0,4.0,0.0,0.0,2.0,5.0,0.0,0.0,0.0,0.0,8.0,0.0,3.0,7.0,6.0,2.0,0.0,1.0,8.0,38.0,1.0,0.0,0.0,0.0,0.0,0.0,0.0,0.0,0.0,0.0,0.0,0.0,0.0,0.0,0.0,0.0,0.0,0.0,0.0,0.0,1.0,0.0,0.0,0.0,0.0,0.0,0.0,0.0,2.0,6.0,2.0,2506024139.0,12351106.0,广州市从化区,广州市从化区鳌头镇,17.0,23.5,0.0,3.5,44.0,67.9875,84.46704545454546,56.92664596273291
广东省,广州市,增城区,荔城街道,113.8185961,23.2971682,24.0,77.0,31.0,145.0,223.0,21.0,1.0,14.0,99.0,2.0,1.0,1.0,0.0,0.0,8.0,9.0,1.0,0.0,0.0,4.0,35.0,0.0,0.0,1.0,0.0,3.0,21.0,0.0,1.0,1.0,1.0,17.0,1.0,7.0,18.0,9.0,0.0,24.0,10.0,54.0,56.0,6.0,0.0,0.0,48.0,1.0,0.0,1.0,0.0,0.0,0.0,0.0,0.0,0.0,0.0,0.0,11.0,0.0,0.0,0.0,0.0,1.0,4.0,0.0,1.0,0.0,0.0,3.0,0.0,1.0,10.0,4.0,7023222694.0,17461074.0,广州市增城区,广州市增城区荔城街道,18.0,30.0,5.0,6.6,59.6,57.892307692307696,84.46704545454546,56.92664596273291
广东省,广州市,增城区,增江街道,113.8374191,23.2891104,18.0,71.0,21.0,133.0,250.0,21.0,1.0,12.0,83.0,2.0,1.0,1.0,0.0,0.0,8.0,9.0,0.0,0.0,0.0,4.0,20.0,0.0,0.0,1.0,0.0,3.0,20.0,0.0,1.0,2.0,1.0,18.0,1.0,6.0,21.0,10.0,0.0,22.0,7.0,18.0,52.0,5.0,0.0,4.0,5.0,0.0,1.0,0.0,0.0,0.0,2.0,2.0,0.0,0.0,0.0,0.0,3.0,0.0,0.0,1.0,0.0,1.0,2.0,0.0,0.0,0.0,1.0,9.0,0.0,3.0,9.0,7.0,5113279715.0,17461045.0,广州市增城区,广州市增城区增江街道,18.0,30.0,10.0,6.4,64.4,57.892307692307696,84.46704545454546,56.92664596273291
广东省,广州市,增城区,朱村街道,113.6948168,23.2757764,26.0,0.0,27.0,55.0,142.0,69.0,0.0,37.0,52.0,2.0,0.0,1.0,0.0,0.0,5.0,11.0,0.0,0.0,0.0,1.0,33.0,0.0,0.0,0.0,10.0,1.0,94.0,0.0,12.0,1.0,1.0,26.0,0.0,5.0,14.0,9.0,16.0,0.0,1.0,21.0,39.0,13.0,0.0,0.0,20.0,0.0,0.0,0.0,0.0,0.0,1.0,1.0,0.0,0.0,0.0,0.0,15.0,0.0,0.0,0.0,0.0,1.0,1.0,0.0,0.0,0.0,0.0,0.0,0.0,4.0,9.0,4.0,3938035140.0,17461312.0,广州市增城区,广州市增城区朱村街道,16.0,28.0,10.0,13.600000000000001,67.6,57.892307692307696,84.46704545454546,56.92664596273291
广东省,广州市,增城区,永宁街道,113.5889046,23.1806582,0.0,59.0,51.0,96.0,164.0,239.0,0.0,56.0,139.0,4.0,0.0,0.0,0.0,0.0,13.0,19.0,0.0,0.0,0.0,7.0,54.0,5.0,20.0,1.0,7.0,10.0,2122.0,0.0,93.0,3.0,300.0,27.0,3.0,7.0,21.0,15.0,0.0,27.0,11.0,10.0,54.0,33.0,0.0,0.0,43.0,1.0,0.0,0.0,0.0,0.0,0.0,0.0,0.0,0.0,0.0,1.0,8.0,0.0,0.0,1.0,0.0,1.0,2.0,0.0,0.0,0.0,0.0,1.0,0.0,1.0,10.0,7.0,8310711378.0,17462580.0,广州市增城区,广州市增城区永宁街道,20.0,28.0,1.0,20.0,69.0,57.892307692307696,84.46704545454546,56.92664596273291
广东省,广州市,增城区,荔湖街道,113.8227442,23.2485073,11.0,7.0,16.0,50.0,100.0,22.0,45.0,113.0,4.0,2.0,0.0,3.0,1.0,1.0,1.0,1.0,0.0,0.0,0.0,0.0,4.0,0.0,1.0,0.0,0.0,2.0,8.0,0.0,0.0,0.0,1.0,25.0,1.0,7.0,18.0,9.0,0.0,0.0,8.0,13.0,26.0,6.0,9.0,4.0,0.0,0.0,0.0,0.0,0.0,0.0,1.0,1.0,0.0,0.0,0.0,0.0,1.0,0.0,0.0,0.0,0.0,1.0,0.0,0.0,0.0,0.0,1.0,10.0,1.0,3.0,10.0,7.0,8348868740.0,17461075.0,广州市增城区,广州市增城区荔湖街道,17.0,28.0,10.0,4.8,59.8,57.892307692307696,84.46704545454546,56.92664596273291
广东省,广州市,增城区,宁西街道,113.6552616,23.2191039,0.0,12.0,6.0,18.0,54.0,35.0,0.0,23.0,0.0,4.0,2.0,0.0,0.0,0.0,0.0,0.0,0.0,0.0,0.0,2.0,1.0,0.0,5.0,0.0,0.0,1.0,2.0,0.0,0.0,1.0,0.0,0.0,0.0,6.0,13.0,8.0,0.0,6.0,3.0,6.0,16.0,1.0,0.0,18.0,0.0,0.0,0.0,0.0,0.0,0.0,0.0,0.0,0.0,0.0,0.0,0.0,1.0,0.0,2.0,0.0,0.0,1.0,0.0,0.0,0.0,0.0,0.0,0.0,0.0,2.0,9.0,6.0,2506217070.0,17462422.0,广州市增城区,广州市增城区宁西街道,16.0,28.0,0.0,4.3,48.3,57.892307692307696,84.46704545454546,56.92664596273291
广东省,广州市,增城区,新塘镇,113.6150509,23.1222156,55.0,24.0,112.0,221.0,326.0,94.0,13.0,20.0,162.0,7.0,0.0,0.0,1.0,1.0,6.0,6.0,0.0,0.0,0.0,17.0,66.0,10.0,6.0,5.0,1.0,4.0,136.0,2.0,19.0,1.0,22.0,29.0,3.0,16.0,19.0,18.0,11.0,3.0,14.0,35.0,81.0,9.0,0.0,0.0,30.0,0.0,0.0,0.0,0.0,0.0,0.0,0.0,0.0,0.0,0.0,3.0,13.0,5.0,0.0,0.0,0.0,1.0,18.0,0.0,0.0,0.0,0.0,2.0,2.0,1.0,13.0,5.0,369490381.0,17462579.0,广州市增城区,广州市增城区新塘镇,19.0,28.0,3.0,19.5,69.5,57.892307692307696,84.46704545454546,56.92664596273291
广东省,广州市,增城区,石滩镇,113.7891126,23.1707083,0.0,10.0,2.0,36.0,128.0,5.0,0.0,0.0,0.0,0.0,0.0,0.0,0.0,0.0,3.0,3.0,0.0,0.0,0.0,0.0,5.0,0.0,0.0,0.0,0.0,2.0,0.0,0.0,0.0,2.0,0.0,1.0,0.0,4.0,13.0,5.0,0.0,5.0,0.0,6.0,78.0,0.0,0.0,0.0,0.0,0.0,0.0,0.0,0.0,0.0,0.0,0.0,0.0,0.0,0.0,0.0,2.0,0.0,0.0,0.0,0.0,2.0,0.0,0.0,0.0,0.0,0.0,0.0,0.0,2.0,5.0,3.0,5005158294.0,17461076.0,广州市增城区,广州市增城区石滩镇,17.0,24.0,0.0,2.7,43.7,57.892307692307696,84.46704545454546,56.92664596273291
广东省,广州市,增城区,中新镇,113.6159086,23.2915842,12.0,12.0,1.0,40.0,94.0,28.0,0.0,2.0,45.0,0.0,1.0,0.0,1.0,1.0,3.0,4.0,0.0,0.0,0.0,1.0,11.0,0.0,0.0,1.0,2.0,4.0,21.0,0.0,0.0,1.0,0.0,1.0,1.0,11.0,17.0,10.0,4.0,4.0,0.0,20.0,38.0,12.0,0.0,2.0,22.0,0.0,0.0,0.0,0.0,0.0,3.0,4.0,0.0,0.0,0.0,0.0,2.0,0.0,0.0,1.0,0.0,2.0,4.0,0.0,0.0,0.0,0.0,0.0,0.0,4.0,11.0,4.0,2506217099.0,17461439.0,广州市增城区,广州市增城区中新镇,19.0,28.0,5.0,6.6,58.6,57.892307692307696,84.46704545454546,56.92664596273291
广东省,广州市,增城区,正果镇,113.8884065,23.4195688,5.0,10.0,0.0,5.0,105.0,0.0,0.0,0.0,0.0,0.0,0.0,0.0,2.0,2.0,1.0,1.0,0.0,0.0,0.0,2.0,0.0,0.0,0.0,0.0,0.0,1.0,0.0,0.0,0.0,2.0,0.0,1.0,0.0,3.0,9.0,5.0,2.0,10.0,0.0,3.0,27.0,0.0,0.0,0.0,0.0,0.0,0.0,0.0,1.0,1.0,1.0,1.0,0.0,0.0,0.0,2.0,0.0,0.0,0.0,0.0,0.0,1.0,0.0,0.0,0.0,0.0,0.0,1.0,0.0,2.0,5.0,5.0,6276752250.0,17461044.0,广州市增城区,广州市增城区正果镇,16.0,24.0,12.0,2.7,54.7,57.892307692307696,84.46704545454546,56.92664596273291
广东省,广州市,增城区,派潭镇,113.775355,23.490712,6.0,3.0,2.0,12.0,100.0,0.0,0.0,0.0,0.0,0.0,0.0,0.0,1.0,1.0,3.0,3.0,0.0,0.0,0.0,0.0,1.0,0.0,0.0,0.0,0.0,1.0,0.0,0.0,0.0,2.0,0.0,1.0,0.0,3.0,9.0,5.0,5.0,1.0,2.0,11.0,51.0,0.0,0.0,0.0,0.0,0.0,0.0,0.0,1.0,1.0,3.0,3.0,0.0,0.0,0.0,0.0,1.0,0.0,0.0,0.0,0.0,1.0,0.0,0.0,0.0,1.0,0.0,0.0,0.0,2.0,5.0,4.0,2460102999.0,12305277.0,广州市增城区,广州市增城区派潭镇,16.0,24.0,10.0,2.8,52.8,57.892307692307696,84.46704545454546,56.92664596273291
广东省,广州市,增城区,小楼镇,113.827461,23.381517,0.0,4.0,0.0,4.0,53.0,0.0,0.0,0.0,0.0,0.0,0.0,1.0,0.0,0.0,1.0,1.0,0.0,0.0,0.0,0.0,12.0,1.0,1.0,0.0,0.0,1.0,0.0,0.0,0.0,0.0,1.0,0.0,0.0,6.0,8.0,7.0,0.0,2.0,0.0,2.0,35.0,0.0,0.0,0.0,0.0,0.0,0.0,1.0,0.0,0.0,1.0,1.0,0.0,0.0,0.0,0.0,6.0,1.0,1.0,0.0,0.0,1.0,0.0,0.0,0.0,0.0,1.0,0.0,0.0,5.0,5.0,6.0,8415588192.0,17461046.0,广州市增城区,广州市增城区小楼镇,16.0,24.0,10.0,3.5,53.5,57.892307692307696,84.46704545454546,56.92664596273291
广东省,广州市,增城区,仙村镇,113.7099341,23.1845377,6.0,22.0,5.0,20.0,67.0,0.0,0.0,0.0,1.0,0.0,0.0,0.0,0.0,0.0,1.0,1.0,0.0,0.0,0.0,0.0,1.0,0.0,1.0,0.0,0.0,1.0,6.0,0.0,0.0,0.0,2.0,1.0,0.0,6.0,14.0,6.0,0.0,5.0,3.0,6.0,16.0,0.0,0.0,0.0,0.0,0.0,0.0,0.0,0.0,0.0,1.0,1.0,0.0,0.0,0.0,0.0,0.0,0.0,1.0,0.0,0.0,1.0,5.0,0.0,0.0,0.0,0.0,0.0,0.0,3.0,9.0,2.0,5584369942.0,17461313.0,广州市增城区,广州市增城区仙村镇,16.0,26.0,5.0,4.1,51.1,57.892307692307696,84.46704545454546,56.92664596273291
广东省,韶关市,武江区,新华街道,113.5746483,24.7999315,53.0,51.0,49.0,51.0,163.0,28.0,0.0,61.0,69.0,6.0,1.0,11.0,6.0,6.0,23.0,31.0,1.0,0.0,3.0,37.0,82.0,1.0,0.0,3.0,0.0,77.0,128.0,1.0,0.0,3.0,11.0,40.0,12.0,22.0,19.0,18.0,14.0,16.0,23.0,7.0,43.0,2.0,0.0,1.0,12.0,1.0,0.0,2.0,1.0,1.0,6.0,6.0,0.0,0.0,0.0,6.0,16.0,1.0,0.0,1.0,0.0,20.0,7.0,1.0,0.0,0.0,0.0,1.0,1.0,5.0,13.0,8.0,8327546121.0,12195512.0,韶关市武江区,韶关市武江区新华街道,20.0,30.0,21.0,17.8,88.8,63.68571428571429,45.82857142857143,56.92664596273291
广东省,韶关市,武江区,惠民街道,113.5643218,24.804117,37.0,44.0,45.0,33.0,104.0,20.0,0.0,43.0,60.0,2.0,0.0,7.0,4.0,4.0,19.0,26.0,1.0,0.0,1.0,22.0,61.0,1.0,0.0,1.0,0.0,55.0,86.0,1.0,0.0,2.0,11.0,35.0,5.0,16.0,18.0,16.0,8.0,7.0,12.0,8.0,25.0,0.0,0.0,0.0,12.0,1.0,0.0,0.0,1.0,1.0,4.0,4.0,0.0,0.0,0.0,4.0,5.0,0.0,0.0,0.0,0.0,9.0,3.0,0.0,0.0,0.0,2.0,1.0,2.0,4.0,8.0,4.0,8327546179.0,12195511.0,韶关市武江区,韶关市武江区惠民街道,20.0,28.0,19.0,13.1,80.1,63.68571428571429,45.82857142857143,56.92664596273291
广东省,韶关市,武江区,西联镇,113.5314685,24.7928591,13.0,16.0,15.0,17.0,74.0,7.0,0.0,1.0,24.0,1.0,0.0,2.0,2.0,2.0,4.0,5.0,0.0,0.0,0.0,5.0,8.0,1.0,1.0,0.0,0.0,11.0,17.0,0.0,0.0,2.0,8.0,3.0,2.0,6.0,13.0,12.0,4.0,6.0,3.0,0.0,14.0,4.0,0.0,0.0,10.0,0.0,0.0,1.0,1.0,1.0,1.0,1.0,0.0,0.0,0.0,1.0,0.0,0.0,0.0,0.0,0.0,1.0,2.0,0.0,0.0,0.0,0.0,1.0,0.0,6.0,10.0,2.0,8327546625.0,12195507.0,韶关市武江区,韶关市武江区西联镇,20.0,28.0,16.0,6.1,70.1,63.68571428571429,45.82857142857143,56.92664596273291
广东省,韶关市,武江区,西河镇,113.556408,24.8015812,32.0,29.0,42.0,20.0,91.0,17.0,0.0,9.0,41.0,2.0,0.0,5.0,5.0,5.0,15.0,18.0,0.0,0.0,1.0,14.0,38.0,1.0,0.0,1.0,0.0,38.0,29.0,1.0,0.0,1.0,11.0,21.0,4.0,12.0,17.0,12.0,5.0,3.0,8.0,8.0,15.0,0.0,0.0,0.0,8.0,0.0,0.0,0.0,0.0,0.0,2.0,3.0,0.0,0.0,0.0,3.0,2.0,0.0,0.0,0.0,0.0,7.0,4.0,0.0,0.0,0.0,2.0,1.0,2.0,4.0,7.0,5.0,8327546187.0,12195513.0,韶关市武江区,韶关市武江区西河镇,20.0,28.0,13.0,7.4,68.4,63.68571428571429,45.82857142857143,56.92664596273291
广东省,韶关市,武江区,龙归镇,113.4545324,24.7323425,11.0,3.0,5.0,21.0,57.0,3.0,0.0,1.0,0.0,0.0,0.0,0.0,1.0,1.0,2.0,2.0,0.0,0.0,0.0,0.0,14.0,0.0,4.0,0.0,0.0,19.0,2.0,0.0,0.0,0.0,0.0,1.0,0.0,9.0,13.0,10.0,4.0,1.0,5.0,6.0,16.0,0.0,0.0,0.0,0.0,0.0,0.0,0.0,1.0,1.0,1.0,1.0,0.0,0.0,0.0,0.0,3.0,0.0,0.0,0.0,0.0,4.0,0.0,0.0,0.0,0.0,0.0,0.0,0.0,3.0,8.0,5.0,4559546672.0,12195509.0,韶关市武江区,韶关市武江区龙归镇,20.0,24.0,10.0,4.2,58.2,63.68571428571429,45.82857142857143,56.92664596273291
广东省,韶关市,武江区,江湾镇,113.2257438,24.6261033,0.0,3.0,0.0,6.0,7.0,0.0,0.0,0.0,0.0,0.0,0.0,0.0,0.0,0.0,0.0,0.0,0.0,0.0,0.0,0.0,4.0,0.0,0.0,0.0,0.0,7.0,0.0,0.0,0.0,0.0,0.0,0.0,0.0,2.0,4.0,5.0,0.0,1.0,0.0,4.0,3.0,0.0,0.0,0.0,0.0,0.0,0.0,0.0,0.0,0.0,0.0,0.0,0.0,0.0,0.0,0.0,4.0,0.0,0.0,0.0,0.0,6.0,0.0,0.0,0.0,0.0,0.0,0.0,0.0,2.0,3.0,4.0,4559490176.0,12195510.0,韶关市武江区,韶关市武江区江湾镇,20.0,14.3,0.0,2.5,36.8,63.68571428571429,45.82857142857143,56.92664596273291
广东省,韶关市,武江区,重阳镇,113.4605048,24.8822898,0.0,9.0,0.0,25.0,12.0,0.0,0.0,0.0,0.0,0.0,0.0,0.0,0.0,1.0,2.0,2.0,0.0,0.0,0.0,0.0,0.0,0.0,0.0,0.0,0.0,9.0,0.0,0.0,0.0,0.0,0.0,0.0,0.0,7.0,6.0,6.0,0.0,1.0,0.0,11.0,0.0,0.0,0.0,0.0,0.0,0.0,0.0,0.0,0.0,1.0,2.0,2.0,0.0,0.0,0.0,0.0,0.0,0.0,0.0,0.0,0.0,4.0,0.0,0.0,0.0,0.0,0.0,0.0,0.0,2.0,4.0,3.0,2588205095.0,12195508.0,韶关市武江区,韶关市武江区重阳镇,20.0,15.4,5.0,3.0,43.4,63.68571428571429,45.82857142857143,56.92664596273291
广东省,韶关市,浈江区,东河街道,113.5999467,24.8129916,68.0,54.0,59.0,51.0,168.0,23.0,0.0,51.0,64.0,4.0,1.0,11.0,5.0,5.0,17.0,24.0,1.0,0.0,3.0,25.0,44.0,1.0,0.0,2.0,0.0,70.0,104.0,1.0,0.0,3.0,6.0,37.0,4.0,21.0,17.0,17.0,13.0,1.0,8.0,19.0,21.0,6.0,0.0,6.0,0.0,1.0,1.0,4.0,1.0,1.0,4.0,6.0,0.0,0.0,2.0,8.0,4.0,0.0,0.0,1.0,0.0,17.0,16.0,0.0,0.0,0.0,1.0,2.0,1.0,11.0,10.0,10.0,8328191547.0,19625107.0,韶关市浈江区,韶关市浈江区东河街道,20.0,30.0,23.0,16.3,89.3,76.7125,45.82857142857143,56.92664596273291
广东省,韶关市,浈江区,车站街道,113.5921096,24.7890723,46.0,46.0,41.0,44.0,175.0,28.0,0.0,65.0,45.0,7.0,3.0,11.0,5.0,5.0,21.0,31.0,1.0,0.0,3.0,38.0,78.0,1.0,0.0,3.0,0.0,67.0,128.0,1.0,0.0,7.0,6.0,28.0,11.0,23.0,18.0,19.0,15.0,2.0,3.0,11.0,32.0,1.0,0.0,20.0,3.0,2.0,0.0,1.0,2.0,2.0,1.0,3.0,0.0,0.0,0.0,6.0,14.0,0.0,0.0,1.0,0.0,10.0,37.0,0.0,0.0,0.0,1.0,8.0,6.0,15.0,12.0,9.0,8328191546.0,19607326.0,韶关市浈江区,韶关市浈江区车站街道,20.0,30.0,21.0,20.0,91.0,76.7125,45.82857142857143,56.92664596273291
广东省,韶关市,浈江区,风采街道,113.5953075,24.8037286,63.0,57.0,54.0,51.0,157.0,24.0,0.0,67.0,66.0,7.0,2.0,11.0,6.0,6.0,21.0,29.0,1.0,0.0,3.0,30.0,66.0,1.0,0.0,3.0,0.0,72.0,120.0,1.0,0.0,5.0,6.0,42.0,9.0,21.0,17.0,18.0,21.0,24.0,10.0,21.0,34.0,10.0,0.0,37.0,24.0,3.0,0.0,3.0,2.0,2.0,5.0,9.0,1.0,0.0,0.0,16.0,3.0,0.0,0.0,1.0,0.0,15.0,65.0,0.0,0.0,1.0,3.0,10.0,2.0,14.0,14.0,12.0,8328080809.0,12197004.0,韶关市浈江区,韶关市浈江区风采街道,20.0,30.0,26.0,20.0,96.0,76.7125,45.82857142857143,56.92664596273291
广东省,韶关市,浈江区,新韶镇,113.6017377,24.8084123,68.0,56.0,57.0,50.0,157.0,24.0,0.0,64.0,60.0,6.0,1.0,11.0,5.0,5.0,20.0,28.0,1.0,0.0,3.0,29.0,46.0,1.0,0.0,3.0,0.0,69.0,112.0,1.0,0.0,4.0,6.0,43.0,8.0,21.0,18.0,18.0,16.0,0.0,7.0,13.0,25.0,10.0,0.0,7.0,1.0,1.0,1.0,4.0,2.0,2.0,3.0,5.0,1.0,0.0,2.0,11.0,4.0,0.0,0.0,1.0,0.0,16.0,21.0,0.0,0.0,0.0,2.0,2.0,2.0,10.0,9.0,10.0,8328191548.0,19625239.0,韶关市浈江区,韶关市浈江区新韶镇,20.0,30.0,28.0,17.700000000000003,95.7,76.7125,45.82857142857143,56.92664596273291
广东省,韶关市,浈江区,乐园镇,113.5869872,24.779723,32.0,40.0,25.0,28.0,158.0,17.0,0.0,58.0,29.0,5.0,3.0,8.0,4.0,4.0,16.0,23.0,1.0,0.0,1.0,27.0,70.0,2.0,1.0,2.0,0.0,48.0,103.0,1.0,0.0,7.0,6.0,19.0,10.0,22.0,18.0,18.0,7.0,2.0,2.0,9.0,42.0,1.0,0.0,9.0,0.0,1.0,2.0,0.0,0.0,0.0,4.0,5.0,0.0,0.0,0.0,9.0,30.0,0.0,0.0,1.0,0.0,8.0,22.0,0.0,0.0,1.0,0.0,2.0,2.0,9.0,12.0,9.0,8328191569.0,19601743.0,韶关市浈江区,韶关市浈江区乐园镇,20.0,30.0,16.0,17.3,83.3,76.7125,45.82857142857143,56.92664596273291
广东省,韶关市,浈江区,十里亭镇,113.5543138,24.8320123,9.0,11.0,25.0,13.0,21.0,8.0,0.0,4.0,29.0,0.0,0.0,0.0,0.0,0.0,6.0,7.0,0.0,0.0,0.0,0.0,15.0,0.0,2.0,0.0,0.0,14.0,8.0,0.0,0.0,1.0,8.0,10.0,0.0,12.0,13.0,9.0,0.0,8.0,3.0,3.0,7.0,0.0,0.0,0.0,0.0,0.0,0.0,0.0,0.0,0.0,0.0,1.0,0.0,0.0,0.0,0.0,1.0,0.0,0.0,0.0,0.0,5.0,0.0,0.0,0.0,0.0,1.0,0.0,0.0,7.0,6.0,4.0,8328191549.0,19625435.0,韶关市浈江区,韶关市浈江区十里亭镇,20.0,22.3,0.0,4.9,47.199999999999996,76.7125,45.82857142857143,56.92664596273291
广东省,韶关市,浈江区,犁市镇,113.5254668,24.8963728,0.0,16.0,1.0,11.0,33.0,0.0,0.0,0.0,6.0,0.0,0.0,0.0,0.0,1.0,3.0,3.0,0.0,0.0,0.0,0.0,0.0,0.0,0.0,0.0,0.0,8.0,0.0,0.0,0.0,0.0,0.0,0.0,0.0,8.0,8.0,6.0,0.0,8.0,0.0,2.0,9.0,0.0,0.0,0.0,6.0,0.0,0.0,0.0,0.0,1.0,2.0,2.0,0.0,0.0,0.0,0.0,0.0,0.0,0.0,0.0,0.0,3.0,0.0,0.0,0.0,0.0,0.0,0.0,0.0,6.0,5.0,4.0,8328191550.0,19625526.0,韶关市浈江区,韶关市浈江区犁市镇,20.0,25.3,5.0,3.0,53.3,76.7125,45.82857142857143,56.92664596273291
广东省,韶关市,浈江区,花坪镇,113.5631148,25.0029001,0.0,1.0,0.0,7.0,10.0,0.0,0.0,1.0,0.0,0.0,0.0,1.0,0.0,0.0,2.0,2.0,1.0,1.0,0.0,1.0,0.0,0.0,0.0,0.0,0.0,4.0,0.0,0.0,0.0,0.0,0.0,3.0,0.0,6.0,6.0,7.0,0.0,1.0,0.0,3.0,8.0,0.0,0.0,1.0,0.0,0.0,0.0,1.0,0.0,0.0,2.0,2.0,1.0,1.0,0.0,1.0,0.0,0.0,0.0,0.0,0.0,3.0,0.0,0.0,0.0,0.0,0.0,3.0,0.0,4.0,5.0,6.0,2065874274.0,19625525.0,韶关市浈江区,韶关市浈江区花坪镇,19.0,17.4,18.0,3.5,57.9,76.7125,45.82857142857143,56.92664596273291
广东省,韶关市,曲江区,松山街道,113.6275329,24.6945214,1.0,29.0,8.0,39.0,75.0,14.0,0.0,4.0,3.0,0.0,0.0,2.0,3.0,3.0,6.0,8.0,0.0,0.0,2.0,0.0,3.0,0.0,4.0,0.0,0.0,13.0,13.0,0.0,0.0,15.0,2.0,12.0,1.0,5.0,12.0,11.0,0.0,0.0,0.0,21.0,12.0,0.0,0.0,0.0,0.0,0.0,0.0,0.0,1.0,1.0,1.0,2.0,0.0,0.0,0.0,0.0,0.0,0.0,3.0,0.0,0.0,5.0,1.0,0.0,0.0,2.0,0.0,0.0,0.0,2.0,4.0,3.0,8327624953.0,12195608.0,韶关市曲江区,韶关市曲江区松山街道,20.0,26.0,15.0,7.1,68.1,56.23,45.82857142857143,56.92664596273291
广东省,韶关市,曲江区,马坝镇,113.5951468,24.6940528,0.0,49.0,24.0,64.0,78.0,18.0,0.0,13.0,4.0,3.0,2.0,7.0,3.0,4.0,9.0,13.0,0.0,0.0,6.0,9.0,20.0,0.0,7.0,1.0,1.0,22.0,22.0,0.0,0.0,2.0,2.0,16.0,5.0,9.0,16.0,18.0,0.0,17.0,5.0,9.0,21.0,5.0,0.0,4.0,0.0,0.0,0.0,6.0,1.0,1.0,3.0,4.0,0.0,0.0,0.0,0.0,6.0,0.0,5.0,0.0,0.0,3.0,8.0,0.0,0.0,0.0,2.0,6.0,1.0,1.0,8.0,10.0,2065888848.0,19598461.0,韶关市曲江区,韶关市曲江区马坝镇,20.0,30.0,15.0,7.2,72.2,56.23,45.82857142857143,56.92664596273291
广东省,韶关市,曲江区,大塘镇,113.6928923,24.7699495,1.0,2.0,9.0,9.0,20.0,53.0,0.0,20.0,11.0,2.0,0.0,0.0,1.0,2.0,2.0,6.0,0.0,1.0,1.0,16.0,4.0,0.0,1.0,0.0,0.0,9.0,54.0,0.0,0.0,6.0,4.0,44.0,8.0,5.0,12.0,12.0,0.0,2.0,5.0,4.0,15.0,0.0,0.0,0.0,0.0,0.0,0.0,0.0,0.0,1.0,2.0,2.0,0.0,0.0,0.0,0.0,2.0,0.0,0.0,0.0,0.0,3.0,0.0,0.0,0.0,0.0,0.0,0.0,0.0,4.0,5.0,3.0,4558187049.0,19602485.0,韶关市曲江区,韶关市曲江区大塘镇,20.0,26.5,5.0,10.0,61.5,56.23,45.82857142857143,56.92664596273291
广东省,韶关市,曲江区,枫湾镇,113.8142556,24.7906423,0.0,3.0,0.0,9.0,43.0,1.0,0.0,0.0,0.0,0.0,0.0,0.0,0.0,0.0,2.0,2.0,0.0,0.0,0.0,0.0,4.0,0.0,0.0,0.0,0.0,11.0,0.0,0.0,0.0,0.0,0.0,0.0,0.0,2.0,5.0,4.0,0.0,3.0,0.0,8.0,9.0,0.0,0.0,0.0,0.0,0.0,0.0,0.0,0.0,0.0,2.0,2.0,0.0,0.0,0.0,0.0,4.0,0.0,0.0,0.0,0.0,6.0,0.0,0.0,0.0,0.0,0.0,0.0,0.0,2.0,4.0,3.0,2065837201.0,19610249.0,韶关市曲江区,韶关市曲江区枫湾镇,20.0,22.5,5.0,2.0,49.5,56.23,45.82857142857143,56.92664596273291
广东省,韶关市,曲江区,小坑镇,113.8224643,24.7107779,0.0,2.0,0.0,1.0,4.0,0.0,0.0,0.0,0.0,0.0,0.0,0.0,0.0,0.0,0.0,0.0,0.0,0.0,0.0,0.0,3.0,0.0,0.0,0.0,0.0,3.0,11.0,0.0,0.0,0.0,0.0,0.0,0.0,4.0,4.0,5.0,0.0,2.0,0.0,0.0,3.0,0.0,0.0,0.0,0.0,0.0,0.0,0.0,0.0,0.0,0.0,0.0,0.0,0.0,0.0,0.0,1.0,0.0,0.0,0.0,0.0,3.0,3.0,0.0,0.0,0.0,0.0,0.0,0.0,3.0,2.0,4.0,4558055426.0,19609552.0,韶关市曲江区,韶关市曲江区小坑镇,18.0,9.7,0.0,3.9000000000000004,31.6,56.23,45.82857142857143,56.92664596273291
广东省,韶关市,曲江区,沙溪镇,113.6702426,24.613993,17.0,0.0,16.0,7.0,12.0,0.0,0.0,0.0,0.0,0.0,1.0,0.0,1.0,1.0,3.0,3.0,0.0,0.0,0.0,0.0,4.0,0.0,0.0,0.0,0.0,8.0,1.0,0.0,0.0,0.0,0.0,0.0,0.0,4.0,9.0,4.0,2.0,0.0,12.0,7.0,6.0,0.0,0.0,0.0,0.0,0.0,1.0,0.0,1.0,1.0,3.0,3.0,0.0,0.0,0.0,0.0,2.0,0.0,0.0,0.0,0.0,6.0,1.0,0.0,0.0,0.0,0.0,0.0,0.0,3.0,5.0,4.0,2065846811.0,19599531.0,韶关市曲江区,韶关市曲江区沙溪镇,20.0,20.2,10.0,2.2,52.400000000000006,56.23,45.82857142857143,56.92664596273291
广东省,韶关市,曲江区,乌石镇,113.5954725,24.5741508,3.0,1.0,3.0,8.0,27.0,0.0,0.0,0.0,5.0,0.0,0.0,0.0,1.0,1.0,2.0,2.0,0.0,0.0,0.0,0.0,1.0,0.0,2.0,0.0,0.0,5.0,9.0,0.0,0.0,3.0,0.0,0.0,0.0,6.0,7.0,6.0,3.0,0.0,2.0,8.0,5.0,0.0,0.0,0.0,4.0,0.0,0.0,0.0,1.0,1.0,2.0,2.0,0.0,0.0,0.0,0.0,0.0,0.0,0.0,0.0,0.0,4.0,1.0,0.0,0.0,0.0,0.0,0.0,0.0,4.0,5.0,3.0,2065800550.0,19599532.0,韶关市曲江区,韶关市曲江区乌石镇,20.0,22.4,10.0,4.3,56.699999999999996,56.23,45.82857142857143,56.92664596273291
广东省,韶关市,曲江区,樟市镇,113.5240804,24.5475613,0.0,9.0,0.0,9.0,29.0,4.0,0.0,0.0,0.0,0.0,0.0,1.0,0.0,0.0,1.0,1.0,0.0,0.0,0.0,0.0,3.0,0.0,0.0,0.0,0.0,8.0,1.0,0.0,0.0,6.0,0.0,0.0,0.0,3.0,5.0,4.0,0.0,7.0,0.0,6.0,7.0,1.0,0.0,0.0,0.0,0.0,0.0,1.0,0.0,0.0,1.0,1.0,0.0,0.0,0.0,0.0,1.0,0.0,0.0,0.0,0.0,3.0,1.0,0.0,0.0,0.0,0.0,0.0,0.0,2.0,5.0,3.0,2065840706.0,19598271.0,韶关市曲江区,韶关市曲江区樟市镇,20.0,20.4,10.0,2.8,53.199999999999996,56.23,45.82857142857143,56.92664596273291
广东省,韶关市,曲江区,白土镇,113.5232679,24.681234,3.0,8.0,3.0,10.0,30.0,3.0,0.0,1.0,0.0,0.0,1.0,1.0,1.0,1.0,2.0,2.0,0.0,0.0,0.0,1.0,5.0,0.0,4.0,0.0,0.0,10.0,6.0,0.0,0.0,1.0,0.0,0.0,0.0,9.0,13.0,9.0,3.0,1.0,1.0,3.0,5.0,1.0,0.0,0.0,0.0,0.0,1.0,1.0,1.0,1.0,2.0,2.0,0.0,0.0,0.0,1.0,2.0,0.0,4.0,0.0,0.0,4.0,6.0,0.0,0.0,1.0,0.0,0.0,0.0,3.0,8.0,7.0,2622547255.0,19598270.0,韶关市曲江区,韶关市曲江区白土镇,20.0,23.5,16.0,5.4,64.9,56.23,45.82857142857143,56.92664596273291
广东省,韶关市,曲江区,罗坑镇,113.337916,24.5194745,0.0,4.0,9.0,0.0,66.0,12.0,0.0,1.0,0.0,0.0,0.0,1.0,0.0,0.0,0.0,0.0,0.0,0.0,0.0,0.0,13.0,1.0,0.0,0.0,0.0,6.0,1.0,0.0,0.0,0.0,0.0,0.0,0.0,3.0,7.0,7.0,0.0,4.0,4.0,0.0,22.0,1.0,0.0,0.0,0.0,0.0,0.0,1.0,0.0,0.0,0.0,0.0,0.0,0.0,0.0,0.0,8.0,1.0,0.0,0.0,0.0,4.0,1.0,0.0,0.0,0.0,0.0,0.0,0.0,2.0,6.0,6.0,2622482260.0,12195607.0,韶关市曲江区,韶关市曲江区罗坑镇,20.0,23.5,5.0,3.7,52.2,56.23,45.82857142857143,56.92664596273291
广东省,韶关市,始兴县,太平镇,114.0671127,24.9569185,7.0,3.0,12.0,37.0,59.0,11.0,0.0,0.0,1.0,1.0,2.0,3.0,1.0,1.0,1.0,3.0,0.0,0.0,0.0,0.0,9.0,2.0,3.0,1.0,0.0,20.0,19.0,0.0,0.0,4.0,0.0,15.0,0.0,8.0,12.0,9.0,3.0,3.0,4.0,11.0,21.0,2.0,0.0,0.0,1.0,0.0,0.0,1.0,1.0,1.0,1.0,1.0,0.0,0.0,0.0,0.0,1.0,1.0,1.0,0.0,0.0,4.0,3.0,0.0,0.0,0.0,0.0,9.0,0.0,2.0,9.0,5.0,1686037760.0,19747685.0,韶关市始兴县,韶关市始兴县太平镇,20.0,30.0,15.0,6.6,71.6,44.0,45.82857142857143,56.92664596273291
广东省,韶关市,始兴县,马市镇,114.1447828,25.029568,3.0,4.0,0.0,6.0,36.0,0.0,0.0,0.0,0.0,0.0,0.0,0.0,0.0,0.0,0.0,0.0,0.0,0.0,0.0,0.0,2.0,0.0,1.0,0.0,0.0,11.0,0.0,0.0,0.0,0.0,0.0,0.0,0.0,6.0,8.0,7.0,1.0,4.0,0.0,1.0,1.0,0.0,0.0,0.0,0.0,0.0,0.0,0.0,0.0,0.0,0.0,0.0,0.0,0.0,0.0,0.0,0.0,0.0,1.0,0.0,0.0,3.0,0.0,0.0,0.0,0.0,0.0,0.0,0.0,3.0,4.0,4.0,2488485477.0,19747752.0,韶关市始兴县,韶关市始兴县马市镇,20.0,21.5,0.0,3.5,45.0,44.0,45.82857142857143,56.92664596273291
广东省,韶关市,始兴县,澄江镇,114.3232744,24.9246251,1.0,0.0,0.0,0.0,0.0,0.0,0.0,0.0,0.0,0.0,0.0,0.0,0.0,0.0,0.0,0.0,0.0,0.0,0.0,0.0,0.0,0.0,0.0,0.0,0.0,6.0,0.0,0.0,0.0,0.0,0.0,0.0,0.0,1.0,1.0,1.0,1.0,0.0,0.0,0.0,0.0,0.0,0.0,0.0,0.0,0.0,0.0,0.0,0.0,0.0,0.0,0.0,0.0,0.0,0.0,0.0,0.0,0.0,0.0,0.0,0.0,3.0,0.0,0.0,0.0,0.0,0.0,0.0,0.0,1.0,1.0,1.0,8317586024.0,19739990.0,韶关市始兴县,韶关市始兴县澄江镇,20.0,5.5,0.0,0.5,26.0,44.0,45.82857142857143,56.92664596273291
广东省,韶关市,始兴县,顿岗镇,114.1361851,24.9191288,8.0,4.0,4.0,2.0,8.0,3.0,0.0,0.0,0.0,0.0,0.0,0.0,0.0,0.0,0.0,0.0,0.0,0.0,0.0,0.0,5.0,0.0,3.0,0.0,0.0,18.0,1.0,0.0,0.0,0.0,0.0,3.0,0.0,4.0,11.0,6.0,6.0,3.0,1.0,0.0,1.0,0.0,0.0,0.0,0.0,0.0,0.0,0.0,0.0,0.0,0.0,0.0,0.0,0.0,0.0,0.0,0.0,0.0,0.0,0.0,0.0,5.0,0.0,0.0,0.0,0.0,0.0,3.0,0.0,2.0,5.0,2.0,5054162784.0,19740248.0,韶关市始兴县,韶关市始兴县顿岗镇,20.0,12.9,0.0,3.1,36.0,44.0,45.82857142857143,56.92664596273291
广东省,韶关市,始兴县,罗坝镇,114.2097467,24.8633093,0.0,5.0,1.0,3.0,9.0,0.0,0.0,0.0,0.0,0.0,0.0,0.0,0.0,0.0,0.0,0.0,0.0,0.0,0.0,0.0,4.0,0.0,0.0,0.0,0.0,7.0,0.0,0.0,0.0,2.0,0.0,0.0,1.0,3.0,5.0,4.0,0.0,5.0,1.0,3.0,5.0,0.0,0.0,0.0,0.0,0.0,0.0,0.0,0.0,0.0,0.0,0.0,0.0,0.0,0.0,0.0,4.0,0.0,0.0,0.0,0.0,4.0,0.0,0.0,0.0,2.0,0.0,0.0,0.0,1.0,5.0,2.0,8317586025.0,19735449.0,韶关市始兴县,韶关市始兴县罗坝镇,20.0,13.8,0.0,2.4,36.199999999999996,44.0,45.82857142857143,56.92664596273291
广东省,韶关市,始兴县,司前镇,114.0830403,24.690631,4.0,1.0,0.0,0.0,0.0,0.0,0.0,0.0,0.0,0.0,0.0,0.0,0.0,0.0,0.0,0.0,0.0,0.0,0.0,0.0,5.0,0.0,0.0,0.0,0.0,7.0,1.0,0.0,0.0,0.0,0.0,0.0,0.0,2.0,5.0,3.0,4.0,1.0,0.0,0.0,0.0,0.0,0.0,0.0,0.0,0.0,0.0,0.0,0.0,0.0,0.0,0.0,0.0,0.0,0.0,0.0,0.0,0.0,0.0,0.0,0.0,5.0,0.0,0.0,0.0,0.0,0.0,0.0,0.0,2.0,3.0,2.0,4557504169.0,19733490.0,韶关市始兴县,韶关市始兴县司前镇,20.0,7.5,0.0,1.6,29.1,44.0,45.82857142857143,56.92664596273291
广东省,韶关市,始兴县,隘子镇,113.9872213,24.6282417,0.0,1.0,0.0,13.0,27.0,9.0,0.0,0.0,0.0,1.0,0.0,2.0,0.0,0.0,1.0,1.0,0.0,0.0,0.0,0.0,16.0,0.0,0.0,0.0,0.0,18.0,0.0,0.0,0.0,2.0,0.0,1.0,1.0,3.0,5.0,6.0,0.0,0.0,0.0,7.0,2.0,1.0,0.0,0.0,0.0,1.0,0.0,1.0,0.0,0.0,0.0,0.0,0.0,0.0,0.0,0.0,3.0,0.0,0.0,0.0,0.0,4.0,0.0,0.0,0.0,2.0,0.0,0.0,0.0,1.0,4.0,4.0,2635500984.0,19728874.0,韶关市始兴县,韶关市始兴县隘子镇,20.0,20.5,5.0,3.4,48.9,44.0,45.82857142857143,56.92664596273291
广东省,韶关市,始兴县,城南镇,114.0558266,24.9451353,6.0,3.0,9.0,39.0,73.0,11.0,0.0,0.0,1.0,1.0,2.0,3.0,1.0,1.0,1.0,3.0,0.0,0.0,0.0,0.0,8.0,2.0,2.0,1.0,0.0,20.0,12.0,0.0,0.0,3.0,0.0,15.0,0.0,6.0,11.0,8.0,0.0,0.0,6.0,17.0,21.0,0.0,0.0,0.0,0.0,0.0,0.0,0.0,0.0,0.0,0.0,1.0,0.0,0.0,0.0,0.0,1.0,0.0,0.0,0.0,0.0,6.0,2.0,0.0,0.0,2.0,0.0,1.0,0.0,3.0,4.0,4.0,8317586027.0,19740339.0,韶关市始兴县,韶关市始兴县城南镇,20.0,30.0,5.0,5.9,60.9,44.0,45.82857142857143,56.92664596273291
广东省,韶关市,始兴县,沈所镇,114.0252395,24.9482242,2.0,0.0,3.0,17.0,31.0,4.0,0.0,0.0,0.0,1.0,1.0,1.0,0.0,0.0,0.0,0.0,0.0,0.0,0.0,0.0,12.0,1.0,3.0,0.0,0.0,17.0,9.0,0.0,0.0,2.0,0.0,1.0,0.0,5.0,8.0,8.0,0.0,0.0,2.0,3.0,7.0,0.0,0.0,0.0,0.0,0.0,0.0,0.0,0.0,0.0,0.0,0.0,0.0,0.0,0.0,0.0,3.0,0.0,0.0,0.0,0.0,4.0,3.0,0.0,0.0,1.0,0.0,0.0,0.0,2.0,5.0,5.0,8317586026.0,19744389.0,韶关市始兴县,韶关市始兴县沈所镇,20.0,26.3,5.0,5.5,56.8,44.0,45.82857142857143,56.92664596273291
广东省,韶关市,始兴县,深渡水乡,114.0728637,24.8349523,5.0,0.0,0.0,3.0,0.0,0.0,0.0,0.0,0.0,0.0,0.0,0.0,0.0,0.0,0.0,0.0,0.0,0.0,0.0,0.0,0.0,0.0,1.0,0.0,0.0,3.0,0.0,0.0,0.0,0.0,0.0,0.0,0.0,3.0,3.0,4.0,2.0,0.0,0.0,1.0,0.0,0.0,0.0,0.0,0.0,0.0,0.0,0.0,0.0,0.0,0.0,0.0,0.0,0.0,0.0,0.0,0.0,0.0,1.0,0.0,0.0,2.0,0.0,0.0,0.0,0.0,0.0,0.0,0.0,2.0,3.0,3.0,4558030612.0,19733854.0,韶关市始兴县,韶关市始兴县深渡水乡,18.0,9.5,0.0,2.0,29.5,44.0,45.82857142857143,56.92664596273291
广东省,韶关市,仁化县,丹霞街道,113.748799,25.0844637,14.0,0.0,8.0,16.0,15.0,0.0,0.0,0.0,0.0,0.0,1.0,0.0,0.0,0.0,1.0,1.0,0.0,0.0,0.0,0.0,2.0,0.0,0.0,0.0,0.0,11.0,1.0,0.0,0.0,0.0,0.0,3.0,0.0,5.0,6.0,7.0,12.0,0.0,4.0,7.0,1.0,0.0,0.0,0.0,0.0,0.0,0.0,0.0,0.0,0.0,0.0,0.0,0.0,0.0,0.0,0.0,1.0,0.0,0.0,0.0,0.0,7.0,0.0,0.0,0.0,0.0,0.0,1.0,0.0,4.0,5.0,4.0,4557200952.0,6796975.0,韶关市仁化县,韶关市仁化县丹霞街道,20.0,18.3,0.0,3.6,41.9,33.1,45.82857142857143,56.92664596273291
广东省,韶关市,仁化县,闻韶镇,113.8872749,25.1398055,0.0,2.0,1.0,0.0,1.0,0.0,0.0,0.0,0.0,0.0,0.0,0.0,0.0,0.0,0.0,0.0,0.0,0.0,0.0,0.0,0.0,0.0,0.0,0.0,0.0,9.0,0.0,0.0,0.0,0.0,0.0,0.0,0.0,2.0,3.0,1.0,0.0,1.0,1.0,0.0,1.0,0.0,0.0,0.0,0.0,0.0,0.0,0.0,0.0,0.0,0.0,0.0,0.0,0.0,0.0,0.0,0.0,0.0,0.0,0.0,0.0,3.0,0.0,0.0,0.0,0.0,0.0,0.0,0.0,1.0,3.0,1.0,1685584286.0,19838976.0,韶关市仁化县,韶关市仁化县闻韶镇,20.0,7.0,0.0,0.5,27.5,33.1,45.82857142857143,56.92664596273291
广东省,韶关市,仁化县,扶溪镇,113.8540616,25.2199813,0.0,1.0,0.0,0.0,0.0,0.0,0.0,0.0,0.0,0.0,0.0,0.0,0.0,0.0,0.0,0.0,0.0,0.0,0.0,0.0,0.0,0.0,0.0,0.0,0.0,8.0,0.0,0.0,0.0,0.0,0.0,0.0,0.0,2.0,1.0,2.0,0.0,1.0,0.0,0.0,0.0,0.0,0.0,0.0,0.0,0.0,0.0,0.0,0.0,0.0,0.0,0.0,0.0,0.0,0.0,0.0,0.0,0.0,0.0,0.0,0.0,5.0,0.0,0.0,0.0,0.0,0.0,0.0,0.0,2.0,1.0,2.0,1685584253.0,19838395.0,韶关市仁化县,韶关市仁化县扶溪镇,20.0,5.5,0.0,1.0,26.5,33.1,45.82857142857143,56.92664596273291
广东省,韶关市,仁化县,长江镇,113.9165279,25.334254,0.0,1.0,1.0,4.0,1.0,0.0,0.0,0.0,0.0,0.0,0.0,0.0,0.0,0.0,0.0,0.0,0.0,0.0,0.0,0.0,0.0,0.0,0.0,0.0,0.0,8.0,0.0,0.0,0.0,0.0,0.0,0.0,0.0,2.0,4.0,2.0,0.0,1.0,1.0,1.0,1.0,0.0,0.0,0.0,0.0,0.0,0.0,0.0,0.0,0.0,0.0,0.0,0.0,0.0,0.0,0.0,0.0,0.0,0.0,0.0,0.0,4.0,0.0,0.0,0.0,0.0,0.0,0.0,0.0,2.0,4.0,2.0,1685584216.0,12189701.0,韶关市仁化县,韶关市仁化县长江镇,20.0,11.5,0.0,1.0,32.5,33.1,45.82857142857143,56.92664596273291
广东省,韶关市,仁化县,城口镇,113.7367082,25.3223512,3.0,1.0,0.0,0.0,3.0,0.0,0.0,0.0,0.0,0.0,0.0,0.0,0.0,0.0,0.0,0.0,0.0,0.0,0.0,0.0,1.0,0.0,0.0,0.0,0.0,4.0,0.0,0.0,0.0,0.0,0.0,0.0,1.0,10.0,4.0,4.0,3.0,1.0,0.0,0.0,1.0,0.0,0.0,0.0,0.0,0.0,0.0,0.0,0.0,0.0,0.0,0.0,0.0,0.0,0.0,0.0,1.0,0.0,0.0,0.0,0.0,3.0,0.0,0.0,0.0,0.0,0.0,0.0,1.0,3.0,3.0,4.0,1685584230.0,19836512.0,韶关市仁化县,韶关市仁化县城口镇,19.0,7.9,0.0,2.0,28.9,33.1,45.82857142857143,56.92664596273291
广东省,韶关市,仁化县,红山镇,113.59438,25.2588338,0.0,3.0,0.0,3.0,3.0,0.0,0.0,0.0,0.0,0.0,0.0,0.0,0.0,0.0,0.0,0.0,0.0,0.0,0.0,0.0,0.0,0.0,0.0,0.0,0.0,3.0,0.0,0.0,0.0,0.0,0.0,0.0,0.0,2.0,3.0,3.0,0.0,1.0,0.0,1.0,1.0,0.0,0.0,0.0,0.0,0.0,0.0,0.0,0.0,0.0,0.0,0.0,0.0,0.0,0.0,0.0,0.0,0.0,0.0,0.0,0.0,3.0,0.0,0.0,0.0,0.0,0.0,0.0,0.0,2.0,3.0,2.0,1685584273.0,12189702.0,韶关市仁化县,韶关市仁化县红山镇,18.0,10.4,0.0,1.5,29.9,33.1,45.82857142857143,56.92664596273291
广东省,韶关市,仁化县,石塘镇,113.5785644,25.0797046,3.0,0.0,0.0,0.0,31.0,0.0,0.0,4.0,0.0,0.0,0.0,0.0,0.0,0.0,0.0,0.0,0.0,0.0,0.0,0.0,2.0,0.0,1.0,0.0,0.0,7.0,0.0,0.0,0.0,1.0,0.0,0.0,1.0,4.0,4.0,7.0,1.0,0.0,0.0,0.0,11.0,0.0,0.0,4.0,0.0,0.0,0.0,0.0,0.0,0.0,0.0,0.0,0.0,0.0,0.0,0.0,2.0,0.0,0.0,0.0,0.0,3.0,0.0,0.0,0.0,0.0,0.0,0.0,1.0,3.0,3.0,6.0,1685584282.0,6796977.0,韶关市仁化县,韶关市仁化县石塘镇,20.0,16.5,0.0,3.6,40.1,33.1,45.82857142857143,56.92664596273291
广东省,韶关市,仁化县,董塘镇,113.6268843,25.0809579,8.0,6.0,0.0,7.0,24.0,2.0,0.0,0.0,0.0,0.0,0.0,0.0,0.0,0.0,0.0,0.0,0.0,0.0,0.0,0.0,0.0,0.0,2.0,0.0,0.0,12.0,1.0,0.0,0.0,0.0,0.0,0.0,0.0,3.0,6.0,3.0,3.0,4.0,0.0,4.0,2.0,0.0,0.0,0.0,0.0,0.0,0.0,0.0,0.0,0.0,0.0,0.0,0.0,0.0,0.0,0.0,0.0,0.0,0.0,0.0,0.0,4.0,0.0,0.0,0.0,0.0,0.0,0.0,0.0,2.0,4.0,1.0,1685584252.0,6796976.0,韶关市仁化县,韶关市仁化县董塘镇,20.0,18.4,0.0,1.6,40.0,33.1,45.82857142857143,56.92664596273291
广东省,韶关市,仁化县,大桥镇,113.7642124,24.9201578,3.0,0.0,0.0,0.0,2.0,0.0,0.0,0.0,0.0,0.0,0.0,0.0,0.0,0.0,0.0,0.0,0.0,0.0,0.0,0.0,1.0,0.0,0.0,0.0,0.0,8.0,0.0,0.0,0.0,0.0,0.0,2.0,0.0,9.0,3.0,6.0,3.0,0.0,0.0,0.0,2.0,0.0,0.0,0.0,0.0,0.0,0.0,0.0,0.0,0.0,0.0,0.0,0.0,0.0,0.0,0.0,1.0,0.0,0.0,0.0,0.0,4.0,0.0,0.0,0.0,0.0,0.0,0.0,0.0,5.0,2.0,4.0,1685584248.0,12189700.0,韶关市仁化县,韶关市仁化县大桥镇,20.0,7.5,0.0,3.0,30.5,33.1,45.82857142857143,56.92664596273291
广东省,韶关市,仁化县,周田镇,113.8193314,24.9708974,7.0,0.0,3.0,1.0,17.0,0.0,0.0,0.0,0.0,0.0,0.0,0.0,0.0,0.0,0.0,0.0,0.0,0.0,0.0,0.0,4.0,0.0,0.0,0.0,0.0,7.0,8.0,0.0,0.0,1.0,0.0,0.0,0.0,6.0,10.0,5.0,6.0,0.0,1.0,0.0,11.0,0.0,0.0,0.0,0.0,0.0,0.0,0.0,0.0,0.0,0.0,0.0,0.0,0.0,0.0,0.0,2.0,0.0,0.0,0.0,0.0,3.0,1.0,0.0,0.0,1.0,0.0,0.0,0.0,6.0,6.0,4.0,1685584288.0,19839128.0,韶关市仁化县,韶关市仁化县周田镇,20.0,16.7,0.0,3.6,40.300000000000004,33.1,45.82857142857143,56.92664596273291
广东省,韶关市,仁化县,黄坑镇,113.8241154,25.0592634,0.0,0.0,2.0,0.0,0.0,0.0,0.0,0.0,0.0,0.0,0.0,0.0,0.0,0.0,0.0,0.0,0.0,0.0,0.0,0.0,0.0,0.0,0.0,0.0,0.0,4.0,0.0,0.0,0.0,0.0,0.0,0.0,0.0,4.0,2.0,2.0,0.0,0.0,1.0,0.0,0.0,0.0,0.0,0.0,0.0,0.0,0.0,0.0,0.0,0.0,0.0,0.0,0.0,0.0,0.0,0.0,0.0,0.0,0.0,0.0,0.0,3.0,0.0,0.0,0.0,0.0,0.0,0.0,0.0,3.0,2.0,1.0,13305557403.0,19839024.0,韶关市仁化县,韶关市仁化县黄坑镇,19.0,6.0,0.0,1.0,26.0,33.1,45.82857142857143,56.92664596273291
广东省,韶关市,翁源县,龙仙镇,114.1287308,24.3508747,22.0,3.0,17.0,36.0,46.0,1.0,0.0,11.0,0.0,0.0,0.0,0.0,2.0,2.0,5.0,5.0,0.0,0.0,0.0,1.0,0.0,0.0,1.0,0.0,0.0,11.0,10.0,0.0,0.0,1.0,1.0,4.0,0.0,5.0,14.0,5.0,5.0,0.0,10.0,18.0,23.0,1.0,0.0,9.0,0.0,0.0,0.0,0.0,1.0,1.0,3.0,3.0,0.0,0.0,0.0,1.0,0.0,0.0,0.0,0.0,0.0,5.0,0.0,0.0,0.0,1.0,1.0,1.0,0.0,2.0,8.0,3.0,621912245.0,19725927.0,韶关市翁源县,韶关市翁源县龙仙镇,20.0,24.0,11.0,3.7,58.7,40.125,45.82857142857143,56.92664596273291
广东省,韶关市,翁源县,坝仔镇,114.1181419,24.5200845,5.0,5.0,0.0,0.0,1.0,0.0,0.0,0.0,0.0,0.0,0.0,0.0,0.0,0.0,0.0,0.0,0.0,0.0,0.0,0.0,0.0,0.0,0.0,0.0,0.0,9.0,0.0,0.0,0.0,0.0,0.0,0.0,0.0,3.0,6.0,2.0,4.0,1.0,0.0,0.0,0.0,0.0,0.0,0.0,0.0,0.0,0.0,0.0,0.0,0.0,0.0,0.0,0.0,0.0,0.0,0.0,0.0,0.0,0.0,0.0,0.0,4.0,0.0,0.0,0.0,0.0,0.0,0.0,0.0,1.0,2.0,2.0,1686037754.0,19728660.0,韶关市翁源县,韶关市翁源县坝仔镇,20.0,8.2,0.0,1.0,29.2,40.125,45.82857142857143,56.92664596273291
广东省,韶关市,翁源县,江尾镇,114.1210955,24.4395911,1.0,1.0,6.0,11.0,18.0,0.0,0.0,0.0,0.0,0.0,0.0,0.0,0.0,0.0,1.0,1.0,0.0,0.0,0.0,0.0,1.0,0.0,0.0,0.0,0.0,8.0,2.0,0.0,0.0,0.0,0.0,0.0,1.0,4.0,8.0,5.0,1.0,0.0,2.0,4.0,8.0,0.0,0.0,0.0,0.0,0.0,0.0,0.0,0.0,0.0,1.0,1.0,0.0,0.0,0.0,0.0,0.0,0.0,0.0,0.0,0.0,5.0,2.0,0.0,0.0,0.0,0.0,0.0,0.0,2.0,6.0,1.0,1686037757.0,19727787.0,韶关市翁源县,韶关市翁源县江尾镇,20.0,20.0,5.0,2.9,47.9,40.125,45.82857142857143,56.92664596273291
广东省,韶关市,翁源县,官渡镇,113.8822709,24.2701788,11.0,0.0,1.0,0.0,14.0,2.0,0.0,0.0,0.0,0.0,0.0,0.0,0.0,0.0,0.0,0.0,0.0,0.0,0.0,1.0,0.0,0.0,0.0,0.0,0.0,7.0,1.0,0.0,0.0,0.0,0.0,0.0,1.0,9.0,7.0,5.0,6.0,0.0,0.0,0.0,10.0,2.0,0.0,0.0,0.0,0.0,0.0,0.0,0.0,0.0,0.0,0.0,0.0,0.0,0.0,1.0,0.0,0.0,0.0,0.0,0.0,4.0,1.0,0.0,0.0,0.0,0.0,0.0,1.0,3.0,5.0,4.0,8316246074.0,19722601.0,韶关市翁源县,韶关市翁源县官渡镇,20.0,14.3,1.0,2.7,38.0,40.125,45.82857142857143,56.92664596273291
广东省,韶关市,翁源县,周陂镇,114.0236951,24.2496477,0.0,4.0,3.0,0.0,10.0,0.0,0.0,0.0,0.0,0.0,0.0,0.0,0.0,0.0,0.0,0.0,0.0,0.0,0.0,0.0,0.0,0.0,0.0,0.0,0.0,7.0,0.0,0.0,0.0,0.0,0.0,0.0,0.0,1.0,4.0,2.0,0.0,4.0,3.0,0.0,8.0,0.0,0.0,0.0,0.0,0.0,0.0,0.0,0.0,0.0,0.0,0.0,0.0,0.0,0.0,0.0,0.0,0.0,0.0,0.0,0.0,5.0,0.0,0.0,0.0,0.0,0.0,0.0,0.0,1.0,4.0,1.0,8316246075.0,19722654.0,韶关市翁源县,韶关市翁源县周陂镇,20.0,11.4,0.0,1.0,32.4,40.125,45.82857142857143,56.92664596273291
广东省,韶关市,翁源县,翁城镇,113.8222063,24.374692,4.0,5.0,0.0,5.0,14.0,0.0,0.0,0.0,0.0,0.0,0.0,0.0,0.0,0.0,0.0,0.0,0.0,0.0,0.0,0.0,0.0,0.0,1.0,0.0,0.0,16.0,0.0,0.0,0.0,0.0,0.0,0.0,0.0,9.0,7.0,4.0,1.0,1.0,0.0,2.0,5.0,0.0,0.0,0.0,0.0,0.0,0.0,0.0,0.0,0.0,0.0,0.0,0.0,0.0,0.0,0.0,0.0,0.0,0.0,0.0,0.0,6.0,0.0,0.0,0.0,0.0,0.0,0.0,0.0,3.0,5.0,1.0,8316246072.0,19722249.0,韶关市翁源县,韶关市翁源县翁城镇,20.0,17.8,0.0,2.0,39.8,40.125,45.82857142857143,56.92664596273291
广东省,韶关市,翁源县,新江镇,113.8288017,24.4615574,5.0,1.0,4.0,7.0,10.0,0.0,0.0,0.0,0.0,0.0,0.0,0.0,0.0,0.0,0.0,0.0,0.0,0.0,0.0,0.0,0.0,0.0,0.0,0.0,0.0,14.0,8.0,0.0,0.0,0.0,0.0,0.0,0.0,3.0,9.0,3.0,3.0,0.0,4.0,2.0,2.0,0.0,0.0,0.0,0.0,0.0,0.0,0.0,0.0,0.0,0.0,0.0,0.0,0.0,0.0,0.0,0.0,0.0,0.0,0.0,0.0,5.0,0.0,0.0,0.0,0.0,0.0,0.0,0.0,2.0,4.0,2.0,8316244729.0,19715981.0,韶关市翁源县,韶关市翁源县新江镇,20.0,16.6,0.0,2.3,38.9,40.125,45.82857142857143,56.92664596273291
广东省,韶关市,翁源县,铁龙镇,113.679915,24.5004493,0.0,0.0,3.0,4.0,3.0,0.0,0.0,0.0,0.0,0.0,0.0,0.0,0.0,0.0,0.0,0.0,0.0,0.0,0.0,0.0,7.0,0.0,1.0,0.0,0.0,5.0,4.0,0.0,0.0,0.0,0.0,0.0,0.0,4.0,5.0,6.0,0.0,0.0,2.0,2.0,2.0,0.0,0.0,0.0,0.0,0.0,0.0,0.0,0.0,0.0,0.0,0.0,0.0,0.0,0.0,0.0,1.0,0.0,0.0,0.0,0.0,4.0,0.0,0.0,0.0,0.0,0.0,0.0,0.0,1.0,3.0,3.0,2622499037.0,12177162.0,韶关市翁源县,韶关市翁源县铁龙镇,20.0,12.7,0.0,3.4,36.1,40.125,45.82857142857143,56.92664596273291
广东省,韶关市,乳源瑶族自治县,乳城镇,113.3083253,24.7586522,3.0,0.0,13.0,18.0,28.0,26.0,0.0,0.0,0.0,0.0,2.0,0.0,0.0,0.0,0.0,0.0,0.0,0.0,0.0,0.0,14.0,0.0,3.0,0.0,0.0,12.0,11.0,0.0,0.0,0.0,0.0,0.0,0.0,3.0,10.0,5.0,2.0,0.0,1.0,7.0,3.0,1.0,0.0,0.0,0.0,0.0,0.0,0.0,0.0,0.0,0.0,0.0,0.0,0.0,0.0,0.0,3.0,0.0,0.0,0.0,0.0,3.0,0.0,0.0,0.0,0.0,0.0,0.0,0.0,3.0,5.0,4.0,977590038.0,19861012.0,韶关市乳源瑶族自治县,韶关市乳源瑶族自治县乳城镇,20.0,22.5,0.0,3.6,46.1,40.577777777777776,45.82857142857143,56.92664596273291
广东省,韶关市,乳源瑶族自治县,一六镇,113.3866569,24.8315931,0.0,4.0,4.0,6.0,18.0,2.0,0.0,0.0,0.0,2.0,2.0,0.0,0.0,0.0,0.0,0.0,0.0,0.0,0.0,0.0,0.0,0.0,0.0,0.0,0.0,14.0,2.0,0.0,0.0,0.0,0.0,0.0,0.0,5.0,8.0,2.0,0.0,3.0,4.0,3.0,3.0,0.0,0.0,0.0,0.0,0.0,0.0,0.0,0.0,0.0,0.0,0.0,0.0,0.0,0.0,0.0,0.0,0.0,0.0,0.0,0.0,5.0,0.0,0.0,0.0,0.0,0.0,0.0,0.0,1.0,4.0,1.0,2588205094.0,19860982.0,韶关市乳源瑶族自治县,韶关市乳源瑶族自治县一六镇,20.0,22.5,0.0,1.2,43.7,40.577777777777776,45.82857142857143,56.92664596273291
广东省,韶关市,乳源瑶族自治县,桂头镇,113.4256657,24.9476912,0.0,13.0,7.0,7.0,27.0,3.0,0.0,5.0,0.0,0.0,0.0,0.0,0.0,0.0,0.0,0.0,0.0,0.0,0.0,0.0,1.0,0.0,0.0,0.0,0.0,11.0,1.0,2.0,0.0,1.0,0.0,0.0,0.0,7.0,10.0,7.0,0.0,5.0,0.0,4.0,9.0,0.0,0.0,0.0,0.0,0.0,0.0,0.0,0.0,0.0,0.0,0.0,0.0,0.0,0.0,0.0,0.0,0.0,0.0,0.0,0.0,4.0,0.0,0.0,0.0,0.0,0.0,0.0,0.0,2.0,5.0,2.0,2588167291.0,19860896.0,韶关市乳源瑶族自治县,韶关市乳源瑶族自治县桂头镇,20.0,22.1,0.0,3.7,45.800000000000004,40.577777777777776,45.82857142857143,56.92664596273291
广东省,韶关市,乳源瑶族自治县,洛阳镇,113.0540818,24.6779563,3.0,0.0,0.0,0.0,8.0,4.0,0.0,8.0,0.0,2.0,0.0,0.0,0.0,0.0,0.0,0.0,0.0,0.0,0.0,0.0,4.0,0.0,0.0,0.0,0.0,4.0,3.0,0.0,0.0,4.0,0.0,0.0,0.0,3.0,8.0,5.0,1.0,0.0,0.0,0.0,0.0,0.0,0.0,0.0,0.0,1.0,0.0,0.0,0.0,0.0,0.0,0.0,0.0,0.0,0.0,0.0,2.0,0.0,0.0,0.0,0.0,3.0,0.0,0.0,0.0,0.0,0.0,0.0,0.0,2.0,2.0,4.0,3073061425.0,19861598.0,韶关市乳源瑶族自治县,韶关市乳源瑶族自治县洛阳镇,19.0,12.6,0.0,3.2,34.800000000000004,40.577777777777776,45.82857142857143,56.92664596273291
广东省,韶关市,乳源瑶族自治县,大布镇,113.1391086,24.5405277,0.0,4.0,0.0,2.0,60.0,8.0,1.0,33.0,0.0,2.0,0.0,0.0,0.0,0.0,0.0,0.0,0.0,0.0,0.0,1.0,5.0,0.0,0.0,0.0,0.0,14.0,8.0,0.0,0.0,0.0,0.0,0.0,1.0,5.0,10.0,7.0,0.0,1.0,0.0,2.0,28.0,0.0,0.0,6.0,0.0,0.0,0.0,0.0,0.0,0.0,0.0,0.0,0.0,0.0,0.0,0.0,4.0,0.0,0.0,0.0,0.0,6.0,0.0,0.0,0.0,0.0,0.0,0.0,0.0,2.0,6.0,3.0,3072991511.0,12194514.0,韶关市乳源瑶族自治县,韶关市乳源瑶族自治县大布镇,20.0,26.0,0.0,4.3,50.3,40.577777777777776,45.82857142857143,56.92664596273291
广东省,韶关市,乳源瑶族自治县,大桥镇,113.1364466,24.9823844,4.0,1.0,2.0,6.0,8.0,1.0,0.0,1.0,0.0,1.0,1.0,0.0,0.0,0.0,0.0,0.0,0.0,0.0,0.0,0.0,0.0,0.0,0.0,0.0,0.0,5.0,1.0,0.0,0.0,0.0,0.0,0.0,1.0,2.0,12.0,4.0,3.0,1.0,2.0,1.0,4.0,1.0,0.0,0.0,0.0,1.0,1.0,0.0,0.0,0.0,0.0,0.0,0.0,0.0,0.0,0.0,0.0,0.0,0.0,0.0,0.0,3.0,1.0,0.0,0.0,0.0,0.0,0.0,0.0,1.0,10.0,3.0,4559436417.0,19857765.0,韶关市乳源瑶族自治县,韶关市乳源瑶族自治县大桥镇,20.0,20.8,0.0,2.2,43.0,40.577777777777776,45.82857142857143,56.92664596273291
广东省,韶关市,乳源瑶族自治县,东坪镇,113.1847276,24.7358016,2.0,1.0,0.0,0.0,3.0,0.0,0.0,0.0,0.0,0.0,0.0,0.0,0.0,0.0,0.0,0.0,0.0,0.0,0.0,0.0,2.0,0.0,0.0,0.0,0.0,4.0,0.0,0.0,0.0,0.0,0.0,0.0,0.0,4.0,3.0,4.0,1.0,0.0,0.0,0.0,1.0,0.0,0.0,0.0,0.0,0.0,0.0,0.0,0.0,0.0,0.0,0.0,0.0,0.0,0.0,0.0,0.0,0.0,0.0,0.0,0.0,3.0,0.0,0.0,0.0,0.0,0.0,0.0,0.0,3.0,2.0,2.0,4559490175.0,19861070.0,韶关市乳源瑶族自治县,韶关市乳源瑶族自治县东坪镇,19.0,7.4,0.0,2.0,28.4,40.577777777777776,45.82857142857143,56.92664596273291
广东省,韶关市,乳源瑶族自治县,游溪镇,113.398871,24.871798,0.0,3.0,1.0,3.0,3.0,0.0,0.0,0.0,0.0,0.0,0.0,0.0,0.0,0.0,0.0,0.0,0.0,0.0,0.0,0.0,0.0,0.0,0.0,0.0,0.0,12.0,0.0,0.0,0.0,0.0,0.0,0.0,0.0,7.0,8.0,5.0,0.0,1.0,1.0,0.0,0.0,0.0,0.0,0.0,0.0,0.0,0.0,0.0,0.0,0.0,0.0,0.0,0.0,0.0,0.0,0.0,0.0,0.0,0.0,0.0,0.0,4.0,0.0,0.0,0.0,0.0,0.0,0.0,0.0,6.0,3.0,1.0,8326720395.0,19860949.0,韶关市乳源瑶族自治县,韶关市乳源瑶族自治县游溪镇,20.0,12.6,0.0,2.5,35.1,40.577777777777776,45.82857142857143,56.92664596273291
广东省,韶关市,乳源瑶族自治县,必背镇,113.2794814,25.0127544,0.0,2.0,0.0,1.0,3.0,0.0,0.0,4.0,0.0,0.0,0.0,0.0,0.0,0.0,1.0,1.0,0.0,0.0,0.0,0.0,0.0,1.0,0.0,0.0,0.0,9.0,0.0,0.0,0.0,0.0,0.0,0.0,1.0,4.0,6.0,5.0,0.0,1.0,0.0,0.0,3.0,0.0,0.0,4.0,0.0,0.0,0.0,0.0,0.0,0.0,1.0,1.0,0.0,0.0,0.0,0.0,0.0,1.0,0.0,0.0,0.0,4.0,0.0,0.0,0.0,0.0,0.0,0.0,1.0,1.0,5.0,4.0,4559436416.0,19860795.0,韶关市乳源瑶族自治县,韶关市乳源瑶族自治县必背镇,20.0,10.5,5.0,2.5,38.0,40.577777777777776,45.82857142857143,56.92664596273291
广东省,韶关市,新丰县,丰城街道,114.2040109,24.0573234,19.0,6.0,6.0,37.0,125.0,3.0,0.0,2.0,1.0,0.0,1.0,3.0,3.0,3.0,3.0,3.0,0.0,0.0,0.0,1.0,4.0,0.0,1.0,0.0,0.0,26.0,9.0,0.0,0.0,0.0,0.0,1.0,0.0,7.0,15.0,8.0,8.0,2.0,0.0,28.0,67.0,0.0,0.0,1.0,1.0,0.0,0.0,2.0,2.0,2.0,1.0,1.0,0.0,0.0,0.0,0.0,3.0,0.0,0.0,0.0,0.0,12.0,1.0,0.0,0.0,0.0,0.0,1.0,0.0,4.0,7.0,6.0,8316066285.0,19869081.0,韶关市新丰县,韶关市新丰县丰城街道,20.0,28.0,15.0,5.0,68.0,45.971428571428575,45.82857142857143,56.92664596273291
广东省,韶关市,新丰县,黄磜镇,114.221411,24.1669451,5.0,0.0,0.0,1.0,6.0,0.0,0.0,0.0,0.0,0.0,0.0,0.0,0.0,0.0,0.0,0.0,0.0,0.0,0.0,0.0,0.0,0.0,0.0,0.0,0.0,6.0,0.0,0.0,0.0,0.0,0.0,1.0,0.0,2.0,4.0,3.0,3.0,0.0,0.0,0.0,4.0,0.0,0.0,0.0,0.0,0.0,0.0,0.0,0.0,0.0,0.0,0.0,0.0,0.0,0.0,0.0,0.0,0.0,0.0,0.0,0.0,3.0,0.0,0.0,0.0,0.0,0.0,0.0,0.0,1.0,2.0,2.0,4559430716.0,19868220.0,韶关市新丰县,韶关市新丰县黄磜镇,20.0,10.4,0.0,1.5,31.9,45.971428571428575,45.82857142857143,56.92664596273291
广东省,韶关市,新丰县,马头镇,114.3201595,24.1261349,7.0,5.0,1.0,10.0,23.0,2.0,0.0,0.0,0.0,0.0,0.0,0.0,0.0,0.0,0.0,0.0,0.0,0.0,0.0,0.0,1.0,0.0,12.0,0.0,0.0,13.0,81.0,0.0,0.0,4.0,0.0,0.0,0.0,9.0,11.0,6.0,7.0,1.0,0.0,4.0,10.0,0.0,0.0,0.0,0.0,0.0,0.0,0.0,0.0,0.0,0.0,0.0,0.0,0.0,0.0,0.0,1.0,0.0,5.0,0.0,0.0,4.0,8.0,0.0,0.0,0.0,0.0,0.0,0.0,7.0,5.0,4.0,4559430717.0,19868468.0,韶关市新丰县,韶关市新丰县马头镇,20.0,21.6,0.0,12.3,53.900000000000006,45.971428571428575,45.82857142857143,56.92664596273291
广东省,韶关市,新丰县,梅坑镇,114.1083305,24.0086409,0.0,2.0,0.0,21.0,22.0,0.0,0.0,0.0,0.0,0.0,0.0,0.0,0.0,0.0,0.0,0.0,0.0,0.0,0.0,0.0,0.0,0.0,0.0,0.0,1.0,9.0,0.0,0.0,0.0,0.0,0.0,0.0,0.0,4.0,8.0,4.0,0.0,1.0,0.0,12.0,12.0,0.0,0.0,0.0,0.0,0.0,0.0,0.0,0.0,0.0,0.0,0.0,0.0,0.0,0.0,0.0,0.0,0.0,0.0,0.0,1.0,4.0,0.0,0.0,0.0,0.0,0.0,0.0,0.0,3.0,8.0,3.0,2488295868.0,19868084.0,韶关市新丰县,韶关市新丰县梅坑镇,20.0,22.0,0.0,2.0,44.0,45.971428571428575,45.82857142857143,56.92664596273291
广东省,韶关市,新丰县,沙田镇,113.921733,23.9986388,0.0,12.0,5.0,9.0,29.0,0.0,0.0,0.0,0.0,0.0,0.0,0.0,0.0,0.0,2.0,2.0,0.0,0.0,0.0,0.0,7.0,0.0,0.0,0.0,0.0,10.0,3.0,0.0,0.0,0.0,0.0,0.0,0.0,1.0,5.0,3.0,0.0,2.0,2.0,6.0,12.0,0.0,0.0,0.0,0.0,0.0,0.0,0.0,0.0,0.0,1.0,1.0,0.0,0.0,0.0,0.0,3.0,0.0,0.0,0.0,0.0,4.0,3.0,0.0,0.0,0.0,0.0,0.0,0.0,1.0,5.0,3.0,8316066287.0,19867967.0,韶关市新丰县,韶关市新丰县沙田镇,20.0,21.9,5.0,2.1,49.0,45.971428571428575,45.82857142857143,56.92664596273291
广东省,韶关市,新丰县,遥田镇,113.8243354,23.9830315,0.0,2.0,1.0,0.0,13.0,0.0,0.0,0.0,0.0,0.0,0.0,1.0,0.0,0.0,2.0,2.0,0.0,0.0,0.0,0.0,3.0,0.0,0.0,0.0,0.0,9.0,0.0,0.0,0.0,0.0,0.0,0.0,0.0,1.0,4.0,2.0,0.0,2.0,1.0,0.0,7.0,0.0,0.0,0.0,0.0,0.0,0.0,1.0,0.0,0.0,2.0,2.0,0.0,0.0,0.0,0.0,2.0,0.0,0.0,0.0,0.0,5.0,0.0,0.0,0.0,0.0,0.0,0.0,0.0,1.0,4.0,2.0,8316066288.0,19861757.0,韶关市新丰县,韶关市新丰县遥田镇,20.0,11.7,10.0,1.0,42.7,45.971428571428575,45.82857142857143,56.92664596273291
广东省,韶关市,新丰县,回龙镇,113.9206086,24.1547312,0.0,9.0,0.0,0.0,14.0,1.0,0.0,0.0,0.0,0.0,0.0,0.0,0.0,0.0,0.0,0.0,0.0,0.0,0.0,0.0,0.0,0.0,0.0,0.0,0.0,8.0,0.0,0.0,0.0,0.0,0.0,0.0,0.0,1.0,4.0,2.0,0.0,7.0,0.0,0.0,5.0,0.0,0.0,0.0,0.0,0.0,0.0,0.0,0.0,0.0,0.0,0.0,0.0,0.0,0.0,0.0,0.0,0.0,0.0,0.0,0.0,3.0,0.0,0.0,0.0,0.0,0.0,0.0,0.0,1.0,3.0,2.0,8316066289.0,19861691.0,韶关市新丰县,韶关市新丰县回龙镇,20.0,11.3,0.0,1.0,32.3,45.971428571428575,45.82857142857143,56.92664596273291
广东省,韶关市,乐昌市,乐城街道,113.3435868,25.1286954,1.0,5.0,6.0,28.0,85.0,4.0,3.0,1.0,7.0,0.0,0.0,1.0,1.0,1.0,4.0,4.0,0.0,0.0,0.0,1.0,8.0,0.0,0.0,1.0,0.0,21.0,3.0,0.0,0.0,0.0,1.0,3.0,1.0,6.0,13.0,7.0,0.0,0.0,3.0,21.0,44.0,3.0,0.0,1.0,1.0,0.0,0.0,1.0,1.0,1.0,3.0,3.0,0.0,0.0,0.0,0.0,5.0,0.0,0.0,1.0,0.0,10.0,2.0,0.0,0.0,0.0,0.0,1.0,0.0,5.0,7.0,5.0,8324768067.0,19857484.0,韶关市乐昌市,韶关市乐昌市乐城街道,20.0,26.0,15.0,4.0,65.0,33.34117647058823,45.82857142857143,56.92664596273291
广东省,韶关市,乐昌市,北乡镇,113.348049,25.1843859,0.0,1.0,0.0,0.0,2.0,0.0,0.0,0.0,0.0,0.0,0.0,0.0,0.0,0.0,0.0,0.0,0.0,0.0,0.0,0.0,0.0,0.0,0.0,0.0,0.0,8.0,0.0,0.0,0.0,5.0,0.0,0.0,0.0,3.0,2.0,2.0,0.0,1.0,0.0,0.0,0.0,0.0,0.0,0.0,0.0,0.0,0.0,0.0,0.0,0.0,0.0,0.0,0.0,0.0,0.0,0.0,0.0,0.0,0.0,0.0,0.0,3.0,0.0,0.0,0.0,0.0,0.0,0.0,0.0,1.0,1.0,0.0,8324768066.0,19857233.0,韶关市乐昌市,韶关市乐昌市北乡镇,20.0,6.4,0.0,1.5,27.9,33.34117647058823,45.82857142857143,56.92664596273291
广东省,韶关市,乐昌市,九峰镇,113.3727389,25.343531,0.0,1.0,0.0,0.0,1.0,0.0,0.0,0.0,0.0,0.0,0.0,0.0,0.0,0.0,0.0,0.0,0.0,0.0,0.0,0.0,0.0,0.0,0.0,0.0,0.0,6.0,0.0,0.0,0.0,0.0,0.0,0.0,0.0,1.0,2.0,1.0,0.0,1.0,0.0,0.0,1.0,0.0,0.0,0.0,0.0,0.0,0.0,0.0,0.0,0.0,0.0,0.0,0.0,0.0,0.0,0.0,0.0,0.0,0.0,0.0,0.0,4.0,0.0,0.0,0.0,0.0,0.0,0.0,0.0,1.0,2.0,1.0,5003122332.0,19851278.0,韶关市乐昌市,韶关市乐昌市九峰镇,20.0,6.5,0.0,0.5,27.0,33.34117647058823,45.82857142857143,56.92664596273291
广东省,韶关市,乐昌市,廊田镇,113.4614047,25.1574744,3.0,3.0,0.0,1.0,21.0,1.0,0.0,0.0,0.0,0.0,1.0,0.0,0.0,0.0,0.0,0.0,0.0,0.0,0.0,0.0,7.0,0.0,0.0,0.0,0.0,12.0,0.0,0.0,0.0,0.0,0.0,0.0,0.0,1.0,6.0,3.0,3.0,1.0,0.0,1.0,13.0,1.0,0.0,0.0,0.0,0.0,1.0,0.0,0.0,0.0,0.0,0.0,0.0,0.0,0.0,0.0,4.0,0.0,0.0,0.0,0.0,6.0,0.0,0.0,0.0,0.0,0.0,0.0,0.0,1.0,6.0,2.0,8324768065.0,19854850.0,韶关市乐昌市,韶关市乐昌市廊田镇,20.0,19.1,0.0,1.5,40.6,33.34117647058823,45.82857142857143,56.92664596273291
广东省,韶关市,乐昌市,长来镇,113.3873425,25.0851801,0.0,9.0,0.0,5.0,3.0,2.0,0.0,0.0,0.0,0.0,1.0,1.0,1.0,1.0,2.0,2.0,0.0,0.0,1.0,0.0,0.0,0.0,2.0,0.0,0.0,7.0,1.0,0.0,0.0,3.0,0.0,0.0,0.0,5.0,6.0,7.0,0.0,3.0,0.0,3.0,1.0,0.0,0.0,0.0,0.0,0.0,1.0,1.0,1.0,1.0,1.0,1.0,0.0,0.0,1.0,0.0,0.0,0.0,0.0,0.0,0.0,4.0,1.0,0.0,0.0,0.0,0.0,0.0,0.0,3.0,3.0,3.0,5002580343.0,19854921.0,韶关市乐昌市,韶关市乐昌市长来镇,20.0,15.9,17.0,4.0,56.9,33.34117647058823,45.82857142857143,56.92664596273291
广东省,韶关市,乐昌市,梅花镇,113.067265,25.1727484,1.0,0.0,11.0,0.0,3.0,0.0,0.0,0.0,0.0,0.0,0.0,0.0,0.0,0.0,0.0,0.0,0.0,0.0,0.0,2.0,0.0,0.0,0.0,0.0,0.0,9.0,0.0,0.0,0.0,0.0,0.0,0.0,2.0,2.0,9.0,3.0,1.0,0.0,2.0,0.0,2.0,0.0,0.0,0.0,0.0,0.0,0.0,0.0,0.0,0.0,0.0,0.0,0.0,0.0,0.0,0.0,0.0,0.0,0.0,0.0,0.0,3.0,0.0,0.0,0.0,0.0,0.0,0.0,0.0,1.0,6.0,1.0,5002700661.0,19843730.0,韶关市乐昌市,韶关市乐昌市梅花镇,20.0,10.2,0.0,1.5,31.7,33.34117647058823,45.82857142857143,56.92664596273291
广东省,韶关市,乐昌市,三溪镇,112.8715686,25.2848746,0.0,6.0,0.0,0.0,1.0,0.0,0.0,0.0,0.0,0.0,0.0,0.0,0.0,0.0,0.0,0.0,0.0,0.0,0.0,0.0,1.0,0.0,0.0,0.0,0.0,4.0,0.0,0.0,0.0,1.0,0.0,0.0,0.0,9.0,2.0,4.0,0.0,3.0,0.0,0.0,1.0,0.0,0.0,0.0,0.0,0.0,0.0,0.0,0.0,0.0,0.0,0.0,0.0,0.0,0.0,0.0,0.0,0.0,0.0,0.0,0.0,2.0,0.0,0.0,0.0,0.0,0.0,0.0,0.0,8.0,2.0,3.0,2065797560.0,12191857.0,韶关市乐昌市,韶关市乐昌市三溪镇,19.0,6.5,0.0,2.1,27.6,33.34117647058823,45.82857142857143,56.92664596273291
广东省,韶关市,乐昌市,坪石镇,113.0535907,25.2852108,10.0,0.0,0.0,16.0,20.0,9.0,0.0,21.0,2.0,1.0,0.0,0.0,1.0,1.0,5.0,5.0,0.0,0.0,0.0,0.0,3.0,0.0,1.0,0.0,0.0,8.0,6.0,0.0,0.0,0.0,0.0,1.0,4.0,6.0,13.0,11.0,3.0,0.0,0.0,7.0,8.0,2.0,0.0,21.0,2.0,1.0,0.0,0.0,0.0,0.0,2.0,2.0,0.0,0.0,0.0,0.0,0.0,0.0,0.0,0.0,0.0,4.0,2.0,0.0,0.0,0.0,0.0,1.0,3.0,5.0,11.0,7.0,1683727438.0,19847671.0,韶关市乐昌市,韶关市乐昌市坪石镇,20.0,24.4,5.0,4.8,54.199999999999996,33.34117647058823,45.82857142857143,56.92664596273291
广东省,韶关市,乐昌市,黄圃镇,113.1735856,25.4415444,8.0,1.0,0.0,0.0,3.0,0.0,0.0,0.0,0.0,0.0,0.0,0.0,0.0,0.0,0.0,0.0,0.0,0.0,0.0,0.0,0.0,0.0,0.0,0.0,0.0,11.0,0.0,0.0,0.0,0.0,0.0,0.0,0.0,2.0,3.0,5.0,5.0,1.0,0.0,0.0,0.0,0.0,0.0,0.0,0.0,0.0,0.0,0.0,0.0,0.0,0.0,0.0,0.0,0.0,0.0,0.0,0.0,0.0,0.0,0.0,0.0,3.0,0.0,0.0,0.0,0.0,0.0,0.0,0.0,1.0,2.0,2.0,8324768062.0,19850815.0,韶关市乐昌市,韶关市乐昌市黄圃镇,20.0,7.1,0.0,2.5,29.6,33.34117647058823,45.82857142857143,56.92664596273291
广东省,韶关市,乐昌市,五山镇,113.4866611,25.2626868,0.0,4.0,0.0,0.0,0.0,0.0,0.0,0.0,0.0,0.0,0.0,0.0,0.0,0.0,0.0,0.0,0.0,0.0,0.0,0.0,0.0,0.0,0.0,0.0,0.0,2.0,0.0,0.0,0.0,0.0,0.0,0.0,0.0,1.0,1.0,3.0,0.0,1.0,0.0,0.0,0.0,0.0,0.0,0.0,0.0,0.0,0.0,0.0,0.0,0.0,0.0,0.0,0.0,0.0,0.0,0.0,0.0,0.0,0.0,0.0,0.0,2.0,0.0,0.0,0.0,0.0,0.0,0.0,0.0,1.0,1.0,2.0,8324768064.0,19854497.0,韶关市乐昌市,韶关市乐昌市五山镇,17.0,5.5,0.0,1.5,24.0,33.34117647058823,45.82857142857143,56.92664596273291
广东省,韶关市,乐昌市,两江镇,113.2833852,25.3597639,0.0,1.0,0.0,0.0,0.0,0.0,0.0,0.0,0.0,0.0,0.0,0.0,0.0,0.0,0.0,0.0,0.0,0.0,0.0,0.0,0.0,0.0,0.0,0.0,0.0,3.0,0.0,0.0,0.0,0.0,0.0,0.0,0.0,2.0,1.0,1.0,0.0,1.0,0.0,0.0,0.0,0.0,0.0,0.0,0.0,0.0,0.0,0.0,0.0,0.0,0.0,0.0,0.0,0.0,0.0,0.0,0.0,0.0,0.0,0.0,0.0,2.0,0.0,0.0,0.0,0.0,0.0,0.0,0.0,1.0,1.0,1.0,5003122519.0,19851210.0,韶关市乐昌市,韶关市乐昌市两江镇,18.0,5.5,0.0,0.5,24.0,33.34117647058823,45.82857142857143,56.92664596273291
广东省,韶关市,乐昌市,沙坪镇,113.0389994,25.0892527,0.0,0.0,1.0,0.0,0.0,0.0,0.0,0.0,0.0,0.0,0.0,0.0,0.0,0.0,0.0,0.0,0.0,0.0,0.0,0.0,0.0,0.0,0.0,0.0,0.0,6.0,0.0,0.0,0.0,0.0,0.0,0.0,0.0,9.0,1.0,2.0,0.0,0.0,1.0,0.0,0.0,0.0,0.0,0.0,0.0,0.0,0.0,0.0,0.0,0.0,0.0,0.0,0.0,0.0,0.0,0.0,0.0,0.0,0.0,0.0,0.0,2.0,0.0,0.0,0.0,0.0,0.0,0.0,0.0,1.0,1.0,1.0,5002700953.0,12191856.0,韶关市乐昌市,韶关市乐昌市沙坪镇,20.0,5.5,0.0,1.0,26.5,33.34117647058823,45.82857142857143,56.92664596273291
广东省,韶关市,乐昌市,云岩镇,113.0974281,25.1270075,1.0,0.0,0.0,0.0,1.0,0.0,0.0,0.0,0.0,0.0,0.0,0.0,0.0,0.0,0.0,0.0,0.0,0.0,0.0,0.0,0.0,0.0,0.0,0.0,0.0,8.0,0.0,0.0,0.0,0.0,0.0,0.0,0.0,2.0,3.0,1.0,0.0,0.0,0.0,0.0,1.0,0.0,0.0,0.0,0.0,0.0,0.0,0.0,0.0,0.0,0.0,0.0,0.0,0.0,0.0,0.0,0.0,0.0,0.0,0.0,0.0,2.0,0.0,0.0,0.0,0.0,0.0,0.0,0.0,1.0,1.0,1.0,8324768069.0,19843299.0,韶关市乐昌市,韶关市乐昌市云岩镇,20.0,7.0,0.0,0.5,27.5,33.34117647058823,45.82857142857143,56.92664596273291
广东省,韶关市,乐昌市,秀水镇,112.9998713,25.1724175,0.0,0.0,1.0,0.0,1.0,0.0,0.0,0.0,0.0,0.0,0.0,0.0,0.0,0.0,0.0,0.0,0.0,0.0,0.0,0.0,0.0,0.0,0.0,0.0,0.0,7.0,0.0,0.0,0.0,0.0,0.0,0.0,0.0,9.0,2.0,2.0,0.0,0.0,1.0,0.0,1.0,0.0,0.0,0.0,0.0,0.0,0.0,0.0,0.0,0.0,0.0,0.0,0.0,0.0,0.0,0.0,0.0,0.0,0.0,0.0,0.0,1.0,0.0,0.0,0.0,0.0,0.0,0.0,0.0,1.0,2.0,2.0,8324768068.0,12191855.0,韶关市乐昌市,韶关市乐昌市秀水镇,20.0,6.5,0.0,1.0,27.5,33.34117647058823,45.82857142857143,56.92664596273291
广东省,韶关市,乐昌市,大源镇,113.2680234,25.1790539,0.0,0.0,0.0,0.0,6.0,0.0,0.0,0.0,0.0,0.0,0.0,0.0,0.0,0.0,0.0,0.0,0.0,0.0,0.0,0.0,0.0,0.0,0.0,0.0,0.0,2.0,0.0,0.0,0.0,0.0,0.0,0.0,0.0,5.0,2.0,3.0,0.0,0.0,0.0,0.0,2.0,0.0,0.0,0.0,0.0,0.0,0.0,0.0,0.0,0.0,0.0,0.0,0.0,0.0,0.0,0.0,0.0,0.0,0.0,0.0,0.0,2.0,0.0,0.0,0.0,0.0,0.0,0.0,0.0,3.0,1.0,3.0,7388585049.0,19857660.0,韶关市乐昌市,韶关市乐昌市大源镇,17.0,2.8000000000000003,0.0,1.5,21.3,33.34117647058823,45.82857142857143,56.92664596273291
广东省,韶关市,乐昌市,庆云镇,113.1788852,25.3966233,1.0,1.0,0.0,0.0,0.0,0.0,0.0,0.0,0.0,0.0,0.0,0.0,0.0,0.0,0.0,0.0,0.0,0.0,0.0,0.0,0.0,0.0,0.0,0.0,0.0,5.0,0.0,0.0,0.0,0.0,0.0,0.0,0.0,3.0,2.0,4.0,0.0,1.0,0.0,0.0,0.0,0.0,0.0,0.0,0.0,0.0,0.0,0.0,0.0,0.0,0.0,0.0,0.0,0.0,0.0,0.0,0.0,0.0,0.0,0.0,0.0,2.0,0.0,0.0,0.0,0.0,0.0,0.0,0.0,1.0,1.0,1.0,5003156508.0,19850620.0,韶关市乐昌市,韶关市乐昌市庆云镇,20.0,6.0,0.0,2.0,28.0,33.34117647058823,45.82857142857143,56.92664596273291
广东省,韶关市,乐昌市,白石镇,113.2509815,25.4568202,0.0,2.0,1.0,0.0,0.0,0.0,0.0,0.0,0.0,0.0,0.0,0.0,0.0,0.0,0.0,0.0,0.0,0.0,0.0,0.0,0.0,0.0,0.0,0.0,0.0,6.0,0.0,0.0,0.0,0.0,0.0,0.0,0.0,2.0,2.0,3.0,0.0,2.0,1.0,0.0,0.0,0.0,0.0,0.0,0.0,0.0,0.0,0.0,0.0,0.0,0.0,0.0,0.0,0.0,0.0,0.0,0.0,0.0,0.0,0.0,0.0,3.0,0.0,0.0,0.0,0.0,0.0,0.0,0.0,1.0,2.0,2.0,8324768063.0,19851065.0,韶关市乐昌市,韶关市乐昌市白石镇,20.0,6.0,0.0,1.5,27.5,33.34117647058823,45.82857142857143,56.92664596273291
广东省,韶关市,南雄市,雄州街道,114.308297,25.1213031,8.0,16.0,38.0,44.0,89.0,31.0,0.0,13.0,14.0,8.0,1.0,2.0,0.0,0.0,6.0,8.0,1.0,0.0,0.0,10.0,24.0,1.0,1.0,0.0,0.0,28.0,52.0,0.0,2.0,2.0,6.0,36.0,5.0,11.0,15.0,9.0,0.0,5.0,22.0,25.0,22.0,9.0,0.0,3.0,4.0,4.0,0.0,0.0,0.0,0.0,0.0,0.0,0.0,0.0,0.0,8.0,3.0,0.0,0.0,0.0,0.0,11.0,35.0,0.0,2.0,1.0,3.0,13.0,1.0,4.0,9.0,5.0,8320423948.0,19758523.0,韶关市南雄市,韶关市南雄市雄州街道,20.0,30.0,11.0,13.0,74.0,45.07222222222222,45.82857142857143,56.92664596273291
广东省,韶关市,南雄市,乌迳镇,114.5894494,25.2642568,0.0,8.0,4.0,17.0,17.0,0.0,0.0,0.0,3.0,0.0,0.0,2.0,0.0,0.0,1.0,1.0,0.0,0.0,0.0,0.0,1.0,0.0,0.0,0.0,0.0,9.0,0.0,0.0,0.0,1.0,0.0,1.0,0.0,3.0,6.0,7.0,0.0,3.0,0.0,12.0,5.0,0.0,0.0,0.0,0.0,0.0,0.0,0.0,0.0,0.0,0.0,0.0,0.0,0.0,0.0,0.0,1.0,0.0,0.0,0.0,0.0,4.0,0.0,0.0,0.0,1.0,0.0,0.0,0.0,2.0,4.0,3.0,4460815872.0,19781667.0,韶关市南雄市,韶关市南雄市乌迳镇,20.0,19.9,5.0,3.7,48.6,45.07222222222222,45.82857142857143,56.92664596273291
广东省,韶关市,南雄市,界址镇,114.7109127,25.2982027,0.0,5.0,0.0,0.0,15.0,2.0,0.0,0.0,2.0,1.0,1.0,4.0,0.0,0.0,0.0,0.0,0.0,0.0,0.0,0.0,0.0,0.0,1.0,0.0,0.0,5.0,7.0,0.0,0.0,2.0,0.0,0.0,0.0,11.0,5.0,5.0,0.0,4.0,0.0,0.0,14.0,1.0,0.0,0.0,2.0,1.0,1.0,4.0,0.0,0.0,0.0,0.0,0.0,0.0,0.0,0.0,0.0,0.0,1.0,0.0,0.0,1.0,7.0,0.0,0.0,0.0,0.0,0.0,0.0,11.0,5.0,4.0,8320395989.0,19781713.0,韶关市南雄市,韶关市南雄市界址镇,20.0,20.7,5.0,4.1,49.800000000000004,45.07222222222222,45.82857142857143,56.92664596273291
广东省,韶关市,南雄市,坪田镇,114.6248163,25.2221269,0.0,3.0,6.0,4.0,31.0,17.0,0.0,1.0,0.0,0.0,0.0,3.0,0.0,0.0,0.0,0.0,0.0,0.0,0.0,0.0,35.0,0.0,0.0,0.0,0.0,28.0,3.0,0.0,0.0,2.0,0.0,1.0,1.0,5.0,10.0,8.0,0.0,2.0,1.0,1.0,9.0,2.0,0.0,0.0,0.0,0.0,0.0,0.0,0.0,0.0,0.0,0.0,0.0,0.0,0.0,0.0,4.0,0.0,0.0,0.0,0.0,5.0,0.0,0.0,0.0,0.0,0.0,0.0,0.0,1.0,7.0,5.0,8320423947.0,19780209.0,韶关市南雄市,韶关市南雄市坪田镇,20.0,21.9,5.0,4.5,51.4,45.07222222222222,45.82857142857143,56.92664596273291
广东省,韶关市,南雄市,黄坑镇,114.5012549,25.2315914,0.0,6.0,2.0,5.0,14.0,0.0,0.0,0.0,4.0,0.0,0.0,0.0,0.0,0.0,0.0,0.0,0.0,0.0,0.0,0.0,3.0,0.0,0.0,0.0,0.0,9.0,1.0,0.0,0.0,0.0,0.0,1.0,0.0,4.0,6.0,6.0,0.0,4.0,2.0,2.0,7.0,0.0,0.0,0.0,4.0,0.0,0.0,0.0,0.0,0.0,0.0,0.0,0.0,0.0,0.0,0.0,0.0,0.0,0.0,0.0,0.0,4.0,1.0,0.0,0.0,0.0,0.0,1.0,0.0,1.0,6.0,2.0,2488485434.0,19776459.0,韶关市南雄市,韶关市南雄市黄坑镇,20.0,19.9,0.0,3.2,43.1,45.07222222222222,45.82857142857143,56.92664596273291
广东省,韶关市,南雄市,邓坊镇,114.4505426,25.2624887,0.0,0.0,6.0,2.0,14.0,0.0,0.0,0.0,4.0,0.0,1.0,0.0,0.0,0.0,1.0,1.0,0.0,0.0,0.0,0.0,6.0,0.0,0.0,0.0,0.0,6.0,0.0,0.0,0.0,0.0,0.0,0.0,0.0,4.0,4.0,7.0,0.0,0.0,4.0,0.0,8.0,0.0,0.0,0.0,4.0,0.0,1.0,0.0,0.0,0.0,1.0,1.0,0.0,0.0,0.0,0.0,3.0,0.0,0.0,0.0,0.0,3.0,0.0,0.0,0.0,0.0,0.0,0.0,0.0,1.0,3.0,3.0,2488485417.0,19759081.0,韶关市南雄市,韶关市南雄市邓坊镇,20.0,18.2,5.0,3.5,46.7,45.07222222222222,45.82857142857143,56.92664596273291
广东省,韶关市,南雄市,油山镇,114.5255564,25.2848437,0.0,2.0,2.0,5.0,18.0,3.0,0.0,0.0,2.0,0.0,0.0,0.0,0.0,0.0,0.0,0.0,0.0,0.0,0.0,0.0,5.0,0.0,0.0,0.0,0.0,11.0,0.0,0.0,0.0,0.0,0.0,0.0,0.0,3.0,7.0,4.0,0.0,2.0,2.0,2.0,4.0,0.0,0.0,0.0,2.0,0.0,0.0,0.0,0.0,0.0,0.0,0.0,0.0,0.0,0.0,0.0,1.0,0.0,0.0,0.0,0.0,3.0,0.0,0.0,0.0,0.0,0.0,0.0,0.0,2.0,6.0,3.0,2488485502.0,19776370.0,韶关市南雄市,韶关市南雄市油山镇,20.0,20.3,0.0,2.0,42.3,45.07222222222222,45.82857142857143,56.92664596273291
广东省,韶关市,南雄市,南亩镇,114.5541627,25.1652396,0.0,9.0,0.0,0.0,17.0,0.0,0.0,0.0,0.0,0.0,0.0,0.0,0.0,0.0,0.0,0.0,0.0,0.0,0.0,0.0,1.0,0.0,0.0,0.0,0.0,6.0,0.0,0.0,0.0,1.0,0.0,0.0,0.0,5.0,3.0,5.0,0.0,7.0,0.0,0.0,14.0,0.0,0.0,0.0,0.0,0.0,0.0,0.0,0.0,0.0,0.0,0.0,0.0,0.0,0.0,0.0,1.0,0.0,0.0,0.0,0.0,3.0,0.0,0.0,0.0,1.0,0.0,0.0,0.0,2.0,3.0,4.0,8320423949.0,19779047.0,韶关市南雄市,韶关市南雄市南亩镇,20.0,14.100000000000001,0.0,2.7,36.800000000000004,45.07222222222222,45.82857142857143,56.92664596273291
广东省,韶关市,南雄市,水口镇,114.4747844,25.1532787,0.0,4.0,5.0,11.0,14.0,0.0,0.0,0.0,0.0,0.0,0.0,2.0,0.0,0.0,1.0,1.0,0.0,0.0,0.0,0.0,4.0,1.0,1.0,0.0,0.0,5.0,0.0,0.0,0.0,6.0,0.0,0.0,0.0,4.0,5.0,8.0,0.0,3.0,2.0,9.0,4.0,0.0,0.0,0.0,0.0,0.0,0.0,2.0,0.0,0.0,1.0,1.0,0.0,0.0,0.0,0.0,1.0,1.0,0.0,0.0,0.0,4.0,0.0,0.0,0.0,4.0,0.0,0.0,0.0,2.0,5.0,5.0,2488485494.0,19778108.0,韶关市南雄市,韶关市南雄市水口镇,20.0,16.5,10.0,5.0,51.5,45.07222222222222,45.82857142857143,56.92664596273291
广东省,韶关市,南雄市,江头镇,114.4349958,25.0865992,0.0,1.0,0.0,17.0,3.0,0.0,0.0,0.0,0.0,0.0,0.0,0.0,0.0,0.0,0.0,0.0,0.0,0.0,0.0,0.0,0.0,0.0,0.0,0.0,0.0,6.0,0.0,0.0,0.0,0.0,0.0,0.0,0.0,3.0,3.0,3.0,0.0,1.0,0.0,15.0,3.0,0.0,0.0,0.0,0.0,0.0,0.0,0.0,0.0,0.0,0.0,0.0,0.0,0.0,0.0,0.0,0.0,0.0,0.0,0.0,0.0,4.0,0.0,0.0,0.0,0.0,0.0,0.0,0.0,1.0,3.0,3.0,2488485451.0,19777760.0,韶关市南雄市,韶关市南雄市江头镇,20.0,13.0,0.0,1.5,34.5,45.07222222222222,45.82857142857143,56.92664596273291
广东省,韶关市,南雄市,湖口镇,114.3993397,25.1768926,0.0,4.0,4.0,7.0,25.0,1.0,0.0,0.0,4.0,0.0,0.0,3.0,0.0,0.0,0.0,0.0,0.0,0.0,0.0,0.0,12.0,1.0,0.0,0.0,0.0,13.0,0.0,0.0,0.0,1.0,0.0,0.0,0.0,5.0,8.0,7.0,0.0,3.0,1.0,0.0,8.0,1.0,0.0,0.0,4.0,0.0,0.0,1.0,0.0,0.0,0.0,0.0,0.0,0.0,0.0,0.0,1.0,1.0,0.0,0.0,0.0,3.0,0.0,0.0,0.0,1.0,0.0,0.0,0.0,2.0,5.0,4.0,2488485442.0,19776484.0,韶关市南雄市,韶关市南雄市湖口镇,20.0,23.4,5.0,3.7,52.1,45.07222222222222,45.82857142857143,56.92664596273291
广东省,韶关市,南雄市,珠玑镇,114.3560326,25.195995,4.0,0.0,5.0,11.0,31.0,3.0,0.0,6.0,0.0,1.0,1.0,0.0,0.0,0.0,0.0,0.0,0.0,0.0,0.0,0.0,20.0,0.0,1.0,0.0,0.0,10.0,17.0,0.0,0.0,1.0,0.0,11.0,2.0,6.0,13.0,9.0,2.0,0.0,0.0,4.0,10.0,2.0,0.0,6.0,0.0,1.0,0.0,0.0,0.0,0.0,0.0,0.0,0.0,0.0,0.0,0.0,8.0,0.0,0.0,0.0,0.0,4.0,16.0,0.0,0.0,1.0,0.0,3.0,2.0,3.0,8.0,4.0,2488485543.0,19759026.0,韶关市南雄市,韶关市南雄市珠玑镇,20.0,27.2,0.0,7.5,54.7,45.07222222222222,45.82857142857143,56.92664596273291
广东省,韶关市,南雄市,主田镇,114.3111537,25.0646317,0.0,0.0,1.0,12.0,54.0,2.0,0.0,0.0,0.0,0.0,0.0,0.0,0.0,0.0,0.0,0.0,0.0,0.0,0.0,0.0,2.0,0.0,0.0,0.0,0.0,9.0,0.0,0.0,0.0,2.0,0.0,0.0,0.0,3.0,5.0,5.0,0.0,0.0,1.0,7.0,11.0,0.0,0.0,0.0,0.0,0.0,0.0,0.0,0.0,0.0,0.0,0.0,0.0,0.0,0.0,0.0,2.0,0.0,0.0,0.0,0.0,3.0,0.0,0.0,0.0,2.0,0.0,0.0,0.0,2.0,4.0,3.0,2488485552.0,19755939.0,韶关市南雄市,韶关市南雄市主田镇,20.0,22.5,0.0,2.9,45.4,45.07222222222222,45.82857142857143,56.92664596273291
广东省,韶关市,南雄市,古市镇,114.2365522,25.0574318,7.0,0.0,0.0,9.0,49.0,0.0,0.0,0.0,0.0,0.0,0.0,0.0,0.0,0.0,0.0,0.0,0.0,0.0,0.0,0.0,2.0,0.0,0.0,0.0,0.0,6.0,0.0,0.0,0.0,0.0,0.0,0.0,0.0,7.0,4.0,5.0,6.0,0.0,0.0,5.0,13.0,0.0,0.0,0.0,0.0,0.0,0.0,0.0,0.0,0.0,0.0,0.0,0.0,0.0,0.0,0.0,2.0,0.0,0.0,0.0,0.0,2.0,0.0,0.0,0.0,0.0,0.0,0.0,0.0,7.0,4.0,5.0,2488485426.0,19754792.0,韶关市南雄市,韶关市南雄市古市镇,20.0,22.0,0.0,2.5,44.5,45.07222222222222,45.82857142857143,56.92664596273291
广东省,韶关市,南雄市,全安镇,114.264744,25.1342475,6.0,6.0,4.0,6.0,36.0,4.0,0.0,0.0,0.0,0.0,0.0,0.0,0.0,0.0,2.0,4.0,0.0,0.0,0.0,0.0,4.0,0.0,4.0,0.0,0.0,11.0,4.0,0.0,0.0,3.0,0.0,1.0,0.0,9.0,11.0,8.0,0.0,1.0,1.0,0.0,0.0,0.0,0.0,0.0,0.0,0.0,0.0,0.0,0.0,0.0,0.0,0.0,0.0,0.0,0.0,0.0,0.0,0.0,0.0,0.0,0.0,3.0,0.0,0.0,0.0,0.0,0.0,0.0,0.0,2.0,3.0,0.0,2488485486.0,19754696.0,韶关市南雄市,韶关市南雄市全安镇,20.0,21.2,0.0,4.7,45.900000000000006,45.07222222222222,45.82857142857143,56.92664596273291
广东省,韶关市,南雄市,百顺镇,114.0227195,25.1893376,0.0,1.0,0.0,1.0,0.0,0.0,0.0,0.0,0.0,0.0,0.0,0.0,0.0,0.0,0.0,0.0,0.0,0.0,0.0,0.0,0.0,0.0,0.0,0.0,0.0,3.0,0.0,0.0,0.0,0.0,0.0,0.0,0.0,1.0,2.0,1.0,0.0,1.0,0.0,0.0,0.0,0.0,0.0,0.0,0.0,0.0,0.0,0.0,0.0,0.0,0.0,0.0,0.0,0.0,0.0,0.0,0.0,0.0,0.0,0.0,0.0,3.0,0.0,0.0,0.0,0.0,0.0,0.0,0.0,1.0,1.0,1.0,8320395991.0,12184833.0,韶关市南雄市,韶关市南雄市百顺镇,18.0,7.0,0.0,0.5,25.5,45.07222222222222,45.82857142857143,56.92664596273291
广东省,韶关市,南雄市,澜河镇,114.1428337,25.2393255,0.0,4.0,0.0,1.0,3.0,2.0,0.0,0.0,0.0,0.0,0.0,0.0,0.0,0.0,0.0,0.0,0.0,0.0,0.0,0.0,2.0,0.0,0.0,0.0,0.0,5.0,0.0,0.0,0.0,0.0,0.0,0.0,0.0,3.0,4.0,3.0,0.0,3.0,0.0,1.0,0.0,2.0,0.0,0.0,0.0,0.0,0.0,0.0,0.0,0.0,0.0,0.0,0.0,0.0,0.0,0.0,2.0,0.0,0.0,0.0,0.0,3.0,0.0,0.0,0.0,0.0,0.0,0.0,0.0,2.0,3.0,3.0,2488485461.0,19753374.0,韶关市南雄市,韶关市南雄市澜河镇,20.0,8.6,0.0,1.5,30.1,45.07222222222222,45.82857142857143,56.92664596273291
广东省,韶关市,南雄市,帽子峰镇,114.2162812,25.2310414,0.0,3.0,0.0,9.0,3.0,1.0,0.0,3.0,0.0,0.0,0.0,0.0,0.0,0.0,0.0,0.0,0.0,0.0,0.0,0.0,3.0,0.0,0.0,0.0,0.0,3.0,1.0,0.0,0.0,0.0,0.0,0.0,0.0,4.0,6.0,4.0,0.0,2.0,0.0,6.0,2.0,1.0,0.0,3.0,0.0,0.0,0.0,0.0,0.0,0.0,0.0,0.0,0.0,0.0,0.0,0.0,3.0,0.0,0.0,0.0,0.0,3.0,1.0,0.0,0.0,0.0,0.0,0.0,0.0,2.0,6.0,3.0,4453894605.0,19754400.0,韶关市南雄市,韶关市南雄市帽子峰镇,18.0,14.2,0.0,2.2,34.400000000000006,45.07222222222222,45.82857142857143,56.92664596273291
广东省,深圳市,罗湖区,桂园街道,114.1071184,22.5469036,95.0,303.0,253.0,253.0,645.0,800.0,62.0,2547.0,1059.0,72.0,10.0,25.0,26.0,31.0,63.0,83.0,19.0,1.0,85.0,466.0,321.0,61.0,23.0,14.0,51.0,93.0,3198.0,124.0,982.0,63.0,455.0,256.0,107.0,113.0,30.0,34.0,0.0,42.0,71.0,57.0,161.0,133.0,17.0,458.0,180.0,18.0,0.0,7.0,6.0,6.0,8.0,10.0,2.0,0.0,20.0,136.0,40.0,12.0,0.0,4.0,14.0,13.0,436.0,89.0,144.0,5.0,91.0,31.0,41.0,34.0,21.0,14.0,6236114635.0,9255379.0,深圳市罗湖区,深圳市罗湖区桂园街道,20.0,30.0,28.0,20.0,98.0,94.5,91.26621621621621,56.92664596273291
广东省,深圳市,罗湖区,黄贝街道,114.1450344,22.5564183,224.0,120.0,94.0,231.0,500.0,556.0,34.0,859.0,672.0,40.0,10.0,8.0,13.0,19.0,53.0,67.0,11.0,3.0,28.0,141.0,292.0,15.0,48.0,3.0,45.0,81.0,1984.0,7.0,754.0,51.0,274.0,178.0,43.0,60.0,34.0,33.0,65.0,17.0,15.0,29.0,42.0,102.0,9.0,90.0,102.0,9.0,1.0,1.0,1.0,3.0,12.0,15.0,0.0,1.0,5.0,26.0,28.0,0.0,3.0,1.0,3.0,6.0,252.0,4.0,78.0,9.0,32.0,55.0,4.0,22.0,22.0,12.0,6236481430.0,9255809.0,深圳市罗湖区,深圳市罗湖区黄贝街道,20.0,30.0,25.0,20.0,95.0,94.5,91.26621621621621,56.92664596273291
广东省,深圳市,罗湖区,东门街道,114.1131151,22.5523859,148.0,304.0,255.0,267.0,740.0,771.0,75.0,2563.0,1071.0,76.0,10.0,25.0,25.0,29.0,74.0,97.0,16.0,2.0,75.0,401.0,355.0,58.0,20.0,13.0,49.0,97.0,3148.0,111.0,877.0,59.0,392.0,270.0,101.0,102.0,30.0,35.0,9.0,48.0,33.0,50.0,116.0,64.0,28.0,408.0,142.0,7.0,1.0,3.0,7.0,7.0,10.0,12.0,0.0,0.0,12.0,83.0,58.0,7.0,0.0,2.0,7.0,15.0,518.0,1.0,74.0,2.0,67.0,32.0,25.0,21.0,23.0,14.0,6236481407.0,9255808.0,深圳市罗湖区,深圳市罗湖区东门街道,20.0,30.0,23.0,20.0,93.0,94.5,91.26621621621621,56.92664596273291
广东省,深圳市,罗湖区,翠竹街道,114.1247022,22.5728387,179.0,178.0,166.0,265.0,603.0,392.0,78.0,1583.0,809.0,25.0,12.0,11.0,14.0,16.0,72.0,89.0,3.0,1.0,31.0,222.0,334.0,34.0,22.0,7.0,52.0,72.0,1830.0,7.0,467.0,28.0,268.0,172.0,44.0,56.0,27.0,24.0,22.0,12.0,40.0,44.0,89.0,16.0,15.0,223.0,100.0,3.0,2.0,2.0,4.0,4.0,13.0,18.0,0.0,1.0,7.0,29.0,69.0,6.0,6.0,2.0,6.0,7.0,207.0,1.0,73.0,3.0,20.0,13.0,4.0,13.0,22.0,12.0,6248968600.0,9281659.0,深圳市罗湖区,深圳市罗湖区翠竹街道,20.0,30.0,25.0,20.0,95.0,94.5,91.26621621621621,56.92664596273291
广东省,深圳市,罗湖区,南湖街道,114.1212304,22.5459807,127.0,191.0,208.0,222.0,615.0,681.0,67.0,1923.0,916.0,67.0,8.0,19.0,20.0,24.0,63.0,78.0,17.0,4.0,55.0,354.0,306.0,42.0,39.0,12.0,47.0,89.0,2649.0,104.0,681.0,71.0,319.0,238.0,88.0,90.0,30.0,36.0,40.0,38.0,45.0,42.0,88.0,82.0,5.0,109.0,202.0,10.0,3.0,4.0,7.0,8.0,13.0,17.0,5.0,0.0,17.0,113.0,72.0,10.0,0.0,3.0,8.0,15.0,583.0,2.0,99.0,3.0,84.0,21.0,25.0,31.0,23.0,15.0,6248968601.0,9281660.0,深圳市罗湖区,深圳市罗湖区南湖街道,20.0,30.0,28.0,20.0,98.0,94.5,91.26621621621621,56.92664596273291
广东省,深圳市,罗湖区,笋岗街道,114.1067955,22.5670363,119.0,289.0,230.0,292.0,750.0,678.0,75.0,2899.0,1005.0,53.0,9.0,26.0,22.0,26.0,69.0,89.0,6.0,1.0,57.0,343.0,341.0,58.0,20.0,12.0,59.0,81.0,2351.0,112.0,783.0,39.0,400.0,223.0,86.0,84.0,30.0,29.0,5.0,38.0,43.0,34.0,83.0,51.0,8.0,256.0,123.0,2.0,1.0,3.0,0.0,0.0,5.0,5.0,0.0,0.0,5.0,29.0,27.0,11.0,3.0,3.0,7.0,7.0,214.0,0.0,100.0,6.0,15.0,19.0,2.0,16.0,20.0,14.0,6248968602.0,9281661.0,深圳市罗湖区,深圳市罗湖区笋岗街道,20.0,30.0,18.0,20.0,88.0,94.5,91.26621621621621,56.92664596273291
广东省,深圳市,罗湖区,东湖街道,114.136446,22.5837683,127.0,89.0,81.0,201.0,415.0,239.0,76.0,1014.0,474.0,15.0,7.0,5.0,7.0,9.0,47.0,60.0,2.0,1.0,12.0,104.0,241.0,18.0,32.0,3.0,35.0,42.0,1166.0,1.0,238.0,23.0,325.0,107.0,47.0,40.0,28.0,21.0,24.0,13.0,15.0,33.0,39.0,26.0,10.0,254.0,94.0,1.0,2.0,0.0,2.0,3.0,5.0,8.0,1.0,0.0,0.0,14.0,39.0,6.0,4.0,0.0,15.0,9.0,212.0,1.0,26.0,2.0,15.0,15.0,5.0,13.0,20.0,14.0,6248968603.0,9281662.0,深圳市罗湖区,深圳市罗湖区东湖街道,20.0,30.0,26.0,20.0,96.0,94.5,91.26621621621621,56.92664596273291
广东省,深圳市,罗湖区,莲塘街道,114.1638202,22.567558,151.0,58.0,32.0,157.0,260.0,360.0,32.0,681.0,345.0,25.0,5.0,2.0,2.0,7.0,22.0,30.0,7.0,1.0,10.0,49.0,129.0,1.0,26.0,1.0,25.0,34.0,1284.0,6.0,527.0,39.0,160.0,143.0,63.0,38.0,34.0,31.0,5.0,10.0,0.0,81.0,78.0,38.0,1.0,39.0,94.0,2.0,1.0,0.0,1.0,4.0,5.0,5.0,0.0,0.0,6.0,15.0,53.0,0.0,8.0,0.0,1.0,7.0,400.0,0.0,238.0,0.0,2.0,29.0,6.0,18.0,19.0,13.0,3361265423.0,9281663.0,深圳市罗湖区,深圳市罗湖区莲塘街道,20.0,30.0,23.0,20.0,93.0,94.5,91.26621621621621,56.92664596273291
广东省,深圳市,罗湖区,东晓街道,114.1162426,22.5826337,138.0,152.0,187.0,237.0,586.0,328.0,55.0,1472.0,720.0,17.0,9.0,8.0,13.0,16.0,64.0,82.0,2.0,1.0,24.0,157.0,302.0,33.0,34.0,5.0,47.0,63.0,1560.0,3.0,378.0,24.0,391.0,115.0,22.0,50.0,28.0,23.0,39.0,32.0,24.0,35.0,106.0,59.0,9.0,258.0,108.0,2.0,1.0,0.0,0.0,0.0,9.0,9.0,1.0,0.0,1.0,23.0,36.0,2.0,7.0,0.0,11.0,9.0,59.0,0.0,11.0,4.0,3.0,7.0,3.0,14.0,22.0,14.0,6248968604.0,9281664.0,深圳市罗湖区,深圳市罗湖区东晓街道,20.0,30.0,23.0,20.0,93.0,94.5,91.26621621621621,56.92664596273291
广东省,深圳市,罗湖区,清水河街道,114.1046752,22.5824603,96.0,164.0,173.0,254.0,563.0,449.0,53.0,1839.0,756.0,21.0,8.0,10.0,12.0,16.0,52.0,68.0,2.0,1.0,26.0,155.0,285.0,37.0,31.0,6.0,42.0,54.0,1730.0,14.0,451.0,32.0,390.0,136.0,25.0,53.0,30.0,24.0,29.0,15.0,26.0,30.0,75.0,84.0,4.0,216.0,96.0,1.0,2.0,0.0,1.0,1.0,5.0,5.0,1.0,0.0,1.0,4.0,13.0,0.0,1.0,0.0,12.0,9.0,72.0,1.0,1.0,6.0,2.0,2.0,2.0,10.0,22.0,10.0,6248968605.0,9281665.0,深圳市罗湖区,深圳市罗湖区清水河街道,20.0,30.0,26.0,20.0,96.0,94.5,91.26621621621621,56.92664596273291
广东省,深圳市,福田区,南园街道,114.088211,22.5393545,44.0,333.0,239.0,216.0,560.0,946.0,79.0,2430.0,871.0,105.0,7.0,23.0,22.0,27.0,52.0,78.0,14.0,1.0,85.0,435.0,232.0,63.0,16.0,12.0,58.0,85.0,3902.0,156.0,1078.0,36.0,1104.0,279.0,101.0,106.0,34.0,32.0,9.0,43.0,37.0,28.0,48.0,101.0,4.0,182.0,124.0,12.0,2.0,4.0,6.0,8.0,6.0,9.0,2.0,0.0,15.0,64.0,35.0,11.0,0.0,1.0,7.0,12.0,591.0,13.0,166.0,2.0,43.0,31.0,14.0,28.0,21.0,14.0,8440753431.0,12341740.0,深圳市福田区,深圳市福田区南园街道,20.0,30.0,28.0,20.0,98.0,97.0,91.26621621621621,56.92664596273291
广东省,深圳市,福田区,园岭街道,114.0916812,22.5594517,93.0,353.0,255.0,259.0,657.0,826.0,110.0,3098.0,974.0,70.0,9.0,23.0,21.0,24.0,55.0,78.0,5.0,0.0,73.0,401.0,261.0,57.0,11.0,12.0,57.0,71.0,3234.0,129.0,1037.0,40.0,849.0,321.0,100.0,107.0,31.0,31.0,6.0,90.0,21.0,38.0,80.0,179.0,3.0,911.0,153.0,8.0,1.0,3.0,2.0,3.0,15.0,22.0,0.0,0.0,8.0,40.0,40.0,8.0,6.0,1.0,6.0,9.0,516.0,6.0,202.0,4.0,119.0,92.0,14.0,27.0,19.0,13.0,8440753429.0,12341738.0,深圳市福田区,深圳市福田区园岭街道,20.0,30.0,23.0,20.0,93.0,97.0,91.26621621621621,56.92664596273291
广东省,深圳市,福田区,福田街道,114.0626711,22.5308965,25.0,363.0,233.0,281.0,567.0,1077.0,89.0,1457.0,877.0,98.0,11.0,20.0,19.0,26.0,57.0,96.0,10.0,1.0,98.0,374.0,312.0,114.0,13.0,11.0,42.0,75.0,4018.0,163.0,1158.0,36.0,1780.0,304.0,68.0,120.0,35.0,32.0,11.0,52.0,24.0,40.0,106.0,159.0,26.0,189.0,105.0,10.0,3.0,1.0,4.0,7.0,11.0,19.0,1.0,0.0,19.0,74.0,72.0,20.0,0.0,3.0,9.0,14.0,683.0,6.0,128.0,0.0,291.0,46.0,11.0,21.0,26.0,13.0,8440753438.0,12341745.0,深圳市福田区,深圳市福田区福田街道,20.0,30.0,28.0,20.0,98.0,97.0,91.26621621621621,56.92664596273291
广东省,深圳市,福田区,沙头街道,114.0373199,22.5316238,30.0,349.0,204.0,319.0,539.0,994.0,33.0,1566.0,851.0,76.0,9.0,18.0,12.0,16.0,61.0,102.0,8.0,2.0,105.0,318.0,353.0,129.0,28.0,15.0,32.0,75.0,3804.0,153.0,1086.0,43.0,1611.0,379.0,58.0,108.0,32.0,32.0,3.0,43.0,12.0,30.0,84.0,92.0,0.0,39.0,64.0,7.0,1.0,2.0,1.0,1.0,9.0,16.0,1.0,0.0,1.0,8.0,63.0,9.0,0.0,2.0,6.0,7.0,347.0,2.0,123.0,2.0,207.0,25.0,3.0,10.0,18.0,15.0,7265183477.0,10786947.0,深圳市福田区,深圳市福田区沙头街道,20.0,30.0,28.0,20.0,98.0,97.0,91.26621621621621,56.92664596273291
广东省,深圳市,福田区,香蜜湖街道,114.0128516,22.5483122,62.0,196.0,137.0,172.0,360.0,670.0,4.0,1205.0,603.0,49.0,8.0,13.0,8.0,13.0,46.0,71.0,4.0,1.0,44.0,173.0,243.0,56.0,8.0,7.0,24.0,48.0,2565.0,28.0,825.0,20.0,1195.0,360.0,49.0,51.0,30.0,36.0,9.0,23.0,32.0,36.0,48.0,99.0,0.0,504.0,87.0,4.0,1.0,2.0,2.0,2.0,9.0,16.0,1.0,0.0,3.0,19.0,55.0,6.0,0.0,1.0,3.0,15.0,499.0,2.0,202.0,10.0,334.0,91.0,11.0,10.0,23.0,21.0,8440753430.0,12341739.0,深圳市福田区,深圳市福田区香蜜湖街道,20.0,30.0,28.0,20.0,98.0,97.0,91.26621621621621,56.92664596273291
广东省,深圳市,福田区,梅林街道,114.0469156,22.5731907,56.0,191.0,149.0,160.0,335.0,632.0,43.0,1240.0,572.0,56.0,10.0,9.0,10.0,14.0,39.0,70.0,15.0,1.0,23.0,143.0,259.0,58.0,17.0,6.0,22.0,31.0,2384.0,34.0,1062.0,654.0,1460.0,301.0,47.0,66.0,29.0,31.0,2.0,3.0,37.0,51.0,63.0,136.0,4.0,335.0,107.0,10.0,1.0,1.0,4.0,4.0,7.0,12.0,6.0,0.0,2.0,23.0,68.0,21.0,9.0,1.0,4.0,9.0,783.0,0.0,232.0,633.0,309.0,48.0,2.0,11.0,23.0,22.0,8440753432.0,12341741.0,深圳市福田区,深圳市福田区梅林街道,20.0,30.0,28.0,20.0,98.0,97.0,91.26621621621621,56.92664596273291
广东省,深圳市,福田区,莲花街道,114.0489004,22.5533062,59.0,357.0,237.0,281.0,578.0,941.0,73.0,1870.0,935.0,85.0,13.0,13.0,14.0,19.0,61.0,108.0,12.0,1.0,75.0,298.0,379.0,128.0,16.0,14.0,37.0,62.0,3696.0,135.0,1533.0,664.0,1907.0,416.0,59.0,109.0,32.0,31.0,0.0,57.0,13.0,29.0,54.0,87.0,1.0,206.0,106.0,10.0,0.0,1.0,2.0,2.0,6.0,10.0,2.0,0.0,4.0,17.0,31.0,10.0,0.0,0.0,1.0,4.0,179.0,49.0,140.0,3.0,133.0,37.0,6.0,29.0,18.0,11.0,8440753433.0,12341742.0,深圳市福田区,深圳市福田区莲花街道,20.0,30.0,28.0,20.0,98.0,97.0,91.26621621621621,56.92664596273291
广东省,深圳市,福田区,华富街道,114.0712702,22.5574278,67.0,401.0,234.0,259.0,518.0,958.0,85.0,3132.0,1018.0,81.0,9.0,20.0,16.0,19.0,57.0,94.0,15.0,0.0,80.0,369.0,300.0,115.0,18.0,12.0,41.0,63.0,3967.0,142.0,1463.0,225.0,1683.0,359.0,84.0,130.0,31.0,29.0,9.0,60.0,22.0,9.0,64.0,106.0,18.0,312.0,60.0,7.0,0.0,1.0,2.0,2.0,6.0,8.0,0.0,0.0,2.0,32.0,12.0,3.0,1.0,0.0,7.0,6.0,278.0,0.0,156.0,5.0,157.0,59.0,7.0,17.0,22.0,12.0,8440753437.0,12341744.0,深圳市福田区,深圳市福田区华富街道,20.0,30.0,23.0,20.0,93.0,97.0,91.26621621621621,56.92664596273291
广东省,深圳市,福田区,福保街道,114.0404436,22.5121759,12.0,136.0,108.0,166.0,361.0,657.0,25.0,630.0,400.0,41.0,6.0,12.0,7.0,11.0,37.0,65.0,9.0,1.0,37.0,157.0,241.0,59.0,41.0,8.0,20.0,62.0,2955.0,23.0,875.0,30.0,1347.0,216.0,31.0,58.0,28.0,32.0,0.0,6.0,32.0,45.0,37.0,146.0,1.0,136.0,79.0,6.0,0.0,4.0,3.0,3.0,6.0,11.0,1.0,0.0,4.0,10.0,24.0,14.0,26.0,0.0,3.0,3.0,311.0,0.0,45.0,13.0,181.0,50.0,4.0,19.0,19.0,17.0,6544779108.0,15480320.0,深圳市福田区,深圳市福田区福保街道,20.0,30.0,28.0,20.0,98.0,97.0,91.26621621621621,56.92664596273291
广东省,深圳市,福田区,华强北街道,114.0877818,22.5479159,69.0,371.0,262.0,248.0,622.0,938.0,99.0,3053.0,986.0,92.0,7.0,26.0,22.0,25.0,58.0,83.0,9.0,1.0,86.0,458.0,251.0,76.0,10.0,14.0,51.0,76.0,4074.0,157.0,1163.0,42.0,1120.0,323.0,110.0,117.0,31.0,29.0,0.0,37.0,40.0,34.0,79.0,146.0,0.0,325.0,146.0,18.0,3.0,8.0,1.0,2.0,15.0,21.0,2.0,0.0,26.0,115.0,52.0,14.0,0.0,3.0,3.0,12.0,719.0,20.0,243.0,3.0,170.0,62.0,21.0,28.0,19.0,13.0,8440753436.0,12341743.0,深圳市福田区,深圳市福田区华强北街道,20.0,30.0,28.0,20.0,98.0,97.0,91.26621621621621,56.92664596273291
广东省,深圳市,南山区,南头街道,113.9136379,22.539208,42.0,379.0,321.0,214.0,482.0,1200.0,97.0,2345.0,869.0,106.0,12.0,43.0,13.0,25.0,41.0,77.0,8.0,9.0,108.0,442.0,327.0,185.0,36.0,17.0,45.0,36.0,3443.0,166.0,1586.0,37.0,1949.0,380.0,74.0,79.0,33.0,31.0,0.0,54.0,46.0,22.0,61.0,130.0,2.0,167.0,128.0,24.0,3.0,9.0,2.0,3.0,8.0,13.0,1.0,0.0,7.0,62.0,72.0,14.0,1.0,4.0,8.0,13.0,582.0,24.0,280.0,1.0,327.0,56.0,16.0,16.0,19.0,15.0,6524977922.0,9656465.0,深圳市南山区,深圳市南山区南头街道,20.0,30.0,28.0,20.0,98.0,96.375,91.26621621621621,56.92664596273291
广东省,深圳市,南山区,南山街道,113.9162614,22.5280363,39.0,341.0,254.0,291.0,453.0,1215.0,87.0,2430.0,811.0,104.0,15.0,29.0,9.0,16.0,39.0,78.0,8.0,6.0,93.0,440.0,366.0,192.0,23.0,17.0,48.0,33.0,3704.0,282.0,2109.0,38.0,2150.0,383.0,76.0,73.0,34.0,27.0,5.0,42.0,51.0,12.0,51.0,185.0,0.0,148.0,135.0,17.0,2.0,3.0,3.0,4.0,7.0,14.0,0.0,1.0,9.0,57.0,120.0,21.0,4.0,2.0,6.0,8.0,659.0,12.0,294.0,3.0,528.0,37.0,14.0,15.0,17.0,12.0,6524977923.0,9656466.0,深圳市南山区,深圳市南山区南山街道,20.0,30.0,25.0,20.0,95.0,96.375,91.26621621621621,56.92664596273291
广东省,深圳市,南山区,沙河街道,113.9745102,22.5395599,39.0,194.0,108.0,159.0,248.0,710.0,105.0,1408.0,450.0,59.0,5.0,7.0,6.0,10.0,32.0,58.0,5.0,6.0,39.0,251.0,160.0,68.0,13.0,6.0,33.0,31.0,2201.0,158.0,1173.0,52.0,1209.0,265.0,127.0,54.0,33.0,32.0,0.0,16.0,10.0,7.0,64.0,66.0,6.0,221.0,61.0,13.0,0.0,1.0,0.0,0.0,3.0,6.0,1.0,1.0,4.0,29.0,27.0,6.0,0.0,1.0,0.0,8.0,406.0,9.0,113.0,5.0,281.0,48.0,81.0,14.0,19.0,15.0,6524977924.0,9656467.0,深圳市南山区,深圳市南山区沙河街道,20.0,30.0,25.0,20.0,95.0,96.375,91.26621621621621,56.92664596273291
广东省,深圳市,南山区,蛇口街道,113.9224821,22.4910127,55.0,148.0,117.0,269.0,261.0,700.0,183.0,1236.0,525.0,62.0,6.0,6.0,8.0,10.0,33.0,62.0,5.0,8.0,33.0,255.0,250.0,70.0,14.0,12.0,37.0,23.0,2807.0,102.0,1483.0,96.0,1485.0,292.0,68.0,53.0,29.0,30.0,0.0,11.0,25.0,67.0,75.0,82.0,20.0,175.0,105.0,8.0,2.0,0.0,2.0,2.0,14.0,21.0,2.0,3.0,5.0,39.0,69.0,10.0,4.0,2.0,1.0,13.0,498.0,7.0,273.0,1.0,337.0,71.0,13.0,10.0,17.0,14.0,6524977925.0,9656468.0,深圳市南山区,深圳市南山区蛇口街道,20.0,30.0,30.0,20.0,100.0,96.375,91.26621621621621,56.92664596273291
广东省,深圳市,南山区,招商街道,113.9269726,22.5007438,64.0,216.0,162.0,272.0,334.0,806.0,218.0,1947.0,653.0,65.0,8.0,8.0,9.0,13.0,39.0,70.0,5.0,7.0,59.0,384.0,315.0,116.0,17.0,17.0,37.0,25.0,3284.0,228.0,1799.0,121.0,1865.0,357.0,97.0,63.0,30.0,30.0,0.0,17.0,34.0,73.0,59.0,167.0,33.0,224.0,112.0,8.0,2.0,1.0,2.0,3.0,13.0,22.0,3.0,1.0,8.0,48.0,96.0,6.0,1.0,4.0,3.0,8.0,808.0,41.0,688.0,0.0,464.0,95.0,3.0,11.0,21.0,13.0,6524977926.0,9656469.0,深圳市南山区,深圳市南山区招商街道,20.0,30.0,30.0,20.0,100.0,96.375,91.26621621621621,56.92664596273291
广东省,深圳市,南山区,粤海街道,113.9231474,22.5167611,63.0,289.0,225.0,299.0,426.0,1204.0,153.0,2501.0,828.0,110.0,13.0,20.0,11.0,19.0,48.0,88.0,7.0,10.0,76.0,406.0,412.0,159.0,18.0,17.0,43.0,35.0,3929.0,269.0,2337.0,45.0,2236.0,467.0,92.0,69.0,30.0,32.0,1.0,39.0,26.0,37.0,59.0,115.0,0.0,371.0,106.0,4.0,1.0,4.0,2.0,3.0,7.0,15.0,0.0,2.0,23.0,111.0,93.0,31.0,9.0,5.0,2.0,6.0,739.0,10.0,386.0,4.0,588.0,60.0,9.0,18.0,19.0,15.0,6524977927.0,9656470.0,深圳市南山区,深圳市南山区粤海街道,20.0,30.0,25.0,20.0,95.0,96.375,91.26621621621621,56.92664596273291
广东省,深圳市,南山区,桃源街道,113.9597609,22.5918577,21.0,91.0,129.0,141.0,249.0,369.0,78.0,503.0,369.0,31.0,6.0,5.0,7.0,9.0,16.0,37.0,2.0,4.0,6.0,92.0,100.0,31.0,27.0,9.0,31.0,27.0,1386.0,29.0,277.0,17.0,425.0,230.0,19.0,32.0,24.0,25.0,0.0,5.0,31.0,49.0,57.0,62.0,34.0,127.0,97.0,5.0,0.0,1.0,2.0,2.0,6.0,16.0,0.0,0.0,2.0,23.0,22.0,9.0,4.0,4.0,4.0,7.0,251.0,11.0,61.0,7.0,117.0,55.0,5.0,13.0,18.0,15.0,6524977928.0,9656471.0,深圳市南山区,深圳市南山区桃源街道,20.0,30.0,23.0,20.0,93.0,96.375,91.26621621621621,56.92664596273291
广东省,深圳市,南山区,西丽街道,113.9478107,22.5829404,19.0,156.0,176.0,170.0,212.0,560.0,105.0,685.0,479.0,35.0,7.0,5.0,5.0,7.0,20.0,44.0,2.0,4.0,5.0,116.0,116.0,48.0,75.0,11.0,38.0,27.0,1482.0,29.0,397.0,31.0,591.0,289.0,18.0,34.0,28.0,25.0,0.0,44.0,49.0,45.0,52.0,62.0,30.0,97.0,93.0,6.0,3.0,2.0,1.0,2.0,5.0,9.0,0.0,2.0,2.0,45.0,51.0,14.0,11.0,4.0,12.0,7.0,342.0,4.0,68.0,3.0,201.0,34.0,4.0,8.0,18.0,16.0,6524977929.0,9656472.0,深圳市南山区,深圳市南山区西丽街道,20.0,30.0,25.0,20.0,95.0,96.375,91.26621621621621,56.92664596273291
广东省,深圳市,宝安区,新安街道,113.8909698,22.5717409,31.0,212.0,302.0,121.0,412.0,921.0,55.0,1345.0,882.0,87.0,13.0,50.0,38.0,103.0,58.0,112.0,22.0,16.0,108.0,692.0,387.0,106.0,37.0,19.0,47.0,42.0,6175.0,31.0,974.0,36.0,2630.0,374.0,44.0,52.0,33.0,23.0,6.0,27.0,24.0,4.0,60.0,90.0,0.0,44.0,130.0,4.0,2.0,7.0,6.0,18.0,10.0,16.0,2.0,3.0,17.0,87.0,100.0,28.0,5.0,6.0,1.0,6.0,1193.0,1.0,145.0,1.0,406.0,45.0,6.0,8.0,19.0,10.0,6795251804.0,10038642.0,深圳市宝安区,深圳市宝安区新安街道,20.0,30.0,30.0,20.0,100.0,93.3,91.26621621621621,56.92664596273291
广东省,深圳市,宝安区,西乡街道,113.8779035,22.5826211,11.0,175.0,221.0,145.0,405.0,817.0,38.0,777.0,751.0,63.0,11.0,22.0,30.0,82.0,50.0,96.0,19.0,17.0,73.0,547.0,377.0,112.0,61.0,13.0,25.0,31.0,6477.0,18.0,782.0,27.0,2510.0,305.0,38.0,39.0,29.0,24.0,6.0,23.0,29.0,28.0,37.0,91.0,0.0,41.0,93.0,5.0,1.0,4.0,5.0,8.0,6.0,8.0,1.0,1.0,8.0,43.0,63.0,6.0,5.0,3.0,1.0,7.0,756.0,2.0,77.0,3.0,300.0,25.0,8.0,8.0,16.0,15.0,6795251805.0,10038643.0,深圳市宝安区,深圳市宝安区西乡街道,20.0,30.0,30.0,20.0,100.0,93.3,91.26621621621621,56.92664596273291
广东省,深圳市,宝安区,航城街道,113.8370058,22.6316166,27.0,50.0,61.0,114.0,240.0,419.0,5.0,396.0,360.0,44.0,6.0,2.0,7.0,13.0,17.0,25.0,2.0,1.0,10.0,110.0,53.0,18.0,63.0,6.0,17.0,9.0,927.0,0.0,116.0,13.0,436.0,123.0,22.0,22.0,28.0,21.0,2.0,4.0,4.0,33.0,65.0,48.0,0.0,56.0,72.0,0.0,1.0,2.0,2.0,2.0,4.0,4.0,1.0,1.0,1.0,15.0,10.0,1.0,15.0,1.0,2.0,6.0,110.0,0.0,1.0,1.0,78.0,14.0,2.0,6.0,18.0,10.0,7090426627.0,10490866.0,深圳市宝安区,深圳市宝安区航城街道,20.0,30.0,30.0,20.0,100.0,93.3,91.26621621621621,56.92664596273291
广东省,深圳市,宝安区,福永街道,113.8177246,22.674226,12.0,41.0,79.0,83.0,220.0,218.0,23.0,390.0,495.0,18.0,2.0,4.0,5.0,9.0,16.0,29.0,2.0,0.0,16.0,87.0,80.0,20.0,131.0,5.0,19.0,9.0,2161.0,0.0,131.0,9.0,690.0,70.0,16.0,18.0,27.0,18.0,7.0,6.0,19.0,8.0,56.0,23.0,4.0,45.0,111.0,4.0,0.0,3.0,2.0,2.0,3.0,5.0,1.0,0.0,7.0,35.0,16.0,3.0,14.0,4.0,5.0,3.0,289.0,0.0,45.0,2.0,68.0,23.0,6.0,7.0,20.0,9.0,7090474389.0,10490913.0,深圳市宝安区,深圳市宝安区福永街道,20.0,30.0,28.0,20.0,98.0,93.3,91.26621621621621,56.92664596273291
广东省,深圳市,宝安区,福海街道,113.8010069,22.6911035,7.0,55.0,65.0,127.0,288.0,223.0,22.0,562.0,678.0,23.0,3.0,7.0,7.0,14.0,20.0,32.0,3.0,0.0,21.0,117.0,107.0,33.0,239.0,4.0,18.0,13.0,3770.0,15.0,245.0,20.0,548.0,132.0,19.0,18.0,26.0,21.0,0.0,12.0,22.0,19.0,40.0,19.0,7.0,158.0,86.0,4.0,0.0,1.0,0.0,1.0,6.0,9.0,0.0,0.0,3.0,17.0,11.0,3.0,33.0,0.0,4.0,3.0,276.0,0.0,12.0,3.0,45.0,11.0,4.0,6.0,18.0,11.0,7090474390.0,10490914.0,深圳市宝安区,深圳市宝安区福海街道,20.0,30.0,18.0,20.0,88.0,93.3,91.26621621621621,56.92664596273291
广东省,深圳市,宝安区,沙井街道,113.8065995,22.7362054,0.0,44.0,74.0,138.0,376.0,67.0,3.0,308.0,612.0,5.0,1.0,2.0,5.0,17.0,25.0,33.0,1.0,0.0,22.0,135.0,122.0,27.0,132.0,8.0,20.0,29.0,2662.0,8.0,157.0,9.0,274.0,142.0,12.0,18.0,24.0,16.0,0.0,0.0,18.0,17.0,38.0,1.0,0.0,11.0,42.0,0.0,0.0,1.0,3.0,7.0,5.0,7.0,0.0,0.0,5.0,39.0,19.0,2.0,3.0,1.0,3.0,5.0,94.0,1.0,17.0,0.0,55.0,15.0,1.0,4.0,10.0,10.0,369490457.0,10490915.0,深圳市宝安区,深圳市宝安区沙井街道,20.0,30.0,23.0,20.0,93.0,93.3,91.26621621621621,56.92664596273291
广东省,深圳市,宝安区,新桥街道,113.8248981,22.7460897,4.0,54.0,91.0,166.0,347.0,91.0,0.0,232.0,510.0,5.0,0.0,2.0,6.0,16.0,29.0,36.0,0.0,0.0,17.0,97.0,87.0,16.0,86.0,4.0,16.0,28.0,1999.0,1.0,63.0,8.0,204.0,101.0,11.0,14.0,28.0,15.0,0.0,12.0,16.0,31.0,45.0,23.0,0.0,34.0,75.0,1.0,0.0,1.0,0.0,2.0,2.0,4.0,0.0,0.0,1.0,8.0,8.0,4.0,7.0,1.0,3.0,2.0,402.0,0.0,32.0,1.0,64.0,36.0,2.0,6.0,16.0,11.0,7090475861.0,10490945.0,深圳市宝安区,深圳市宝安区新桥街道,20.0,28.0,18.0,20.0,86.0,93.3,91.26621621621621,56.92664596273291
广东省,深圳市,宝安区,松岗街道,113.8434131,22.7675168,43.0,66.0,81.0,118.0,280.0,104.0,3.0,212.0,562.0,8.0,3.0,2.0,2.0,6.0,20.0,24.0,0.0,0.0,7.0,49.0,65.0,8.0,111.0,1.0,16.0,16.0,1722.0,2.0,54.0,4.0,103.0,63.0,6.0,21.0,29.0,16.0,29.0,15.0,13.0,34.0,47.0,23.0,0.0,11.0,93.0,3.0,0.0,2.0,0.0,1.0,6.0,8.0,0.0,0.0,5.0,6.0,16.0,2.0,0.0,0.0,2.0,3.0,85.0,0.0,6.0,1.0,47.0,6.0,4.0,3.0,16.0,6.0,369490539.0,10490946.0,深圳市宝安区,深圳市宝安区松岗街道,20.0,30.0,18.0,20.0,88.0,93.3,91.26621621621621,56.92664596273291
广东省,深圳市,宝安区,燕罗街道,113.8612407,22.8015112,22.0,29.0,65.0,187.0,216.0,96.0,27.0,190.0,405.0,11.0,1.0,0.0,3.0,4.0,17.0,21.0,3.0,0.0,6.0,16.0,45.0,4.0,59.0,1.0,14.0,13.0,999.0,2.0,14.0,5.0,4.0,67.0,1.0,16.0,24.0,18.0,0.0,9.0,26.0,16.0,18.0,23.0,6.0,29.0,56.0,0.0,1.0,0.0,0.0,0.0,5.0,6.0,1.0,0.0,2.0,0.0,11.0,1.0,16.0,1.0,1.0,2.0,192.0,0.0,1.0,0.0,3.0,28.0,0.0,4.0,16.0,12.0,7090475862.0,10490947.0,深圳市宝安区,深圳市宝安区燕罗街道,20.0,30.0,12.0,20.0,82.0,93.3,91.26621621621621,56.92664596273291
广东省,深圳市,宝安区,石岩街道,113.9316316,22.6857611,0.0,105.0,16.0,104.0,146.0,293.0,36.0,326.0,302.0,29.0,5.0,7.0,2.0,3.0,10.0,19.0,2.0,2.0,12.0,44.0,76.0,10.0,147.0,2.0,13.0,32.0,1169.0,0.0,3.0,29.0,35.0,98.0,7.0,14.0,25.0,24.0,0.0,33.0,3.0,31.0,48.0,56.0,2.0,26.0,99.0,10.0,1.0,3.0,1.0,1.0,7.0,9.0,2.0,0.0,4.0,10.0,34.0,6.0,27.0,0.0,5.0,16.0,250.0,0.0,2.0,7.0,4.0,21.0,1.0,4.0,13.0,11.0,4459181399.0,6661698.0,深圳市宝安区,深圳市宝安区石岩街道,20.0,30.0,28.0,20.0,98.0,93.3,91.26621621621621,56.92664596273291
广东省,深圳市,龙岗区,平湖街道,114.1229783,22.6957668,0.0,19.0,68.0,130.0,248.0,407.0,5.0,85.0,147.0,4.0,1.0,0.0,2.0,2.0,19.0,25.0,1.0,0.0,1.0,26.0,51.0,10.0,50.0,7.0,6.0,19.0,178.0,0.0,5.0,6.0,3.0,22.0,3.0,21.0,23.0,16.0,0.0,12.0,7.0,40.0,58.0,56.0,3.0,27.0,44.0,0.0,0.0,0.0,1.0,1.0,4.0,7.0,0.0,0.0,0.0,0.0,14.0,0.0,4.0,1.0,0.0,5.0,16.0,0.0,3.0,1.0,1.0,3.0,0.0,6.0,18.0,6.0,369490722.0,9281733.0,深圳市龙岗区,深圳市龙岗区平湖街道,20.0,30.0,10.0,20.0,80.0,83.69285714285715,91.26621621621621,56.92664596273291
广东省,深圳市,龙岗区,坪地街道,114.3046179,22.7772427,27.0,25.0,43.0,153.0,194.0,63.0,0.0,274.0,173.0,2.0,1.0,0.0,1.0,1.0,13.0,13.0,0.0,0.0,0.0,11.0,26.0,8.0,55.0,0.0,7.0,11.0,174.0,0.0,8.0,17.0,0.0,23.0,5.0,18.0,24.0,17.0,9.0,6.0,15.0,40.0,32.0,9.0,0.0,49.0,63.0,0.0,1.0,0.0,1.0,1.0,5.0,5.0,0.0,0.0,0.0,1.0,9.0,3.0,11.0,0.0,3.0,4.0,29.0,0.0,2.0,0.0,0.0,8.0,0.0,5.0,17.0,7.0,6249018972.0,9281734.0,深圳市龙岗区,深圳市龙岗区坪地街道,20.0,30.0,11.0,20.0,81.0,83.69285714285715,91.26621621621621,56.92664596273291
广东省,深圳市,龙岗区,葵涌街道,114.4206196,22.6379748,25.0,79.0,51.0,53.0,122.0,54.0,43.0,207.0,91.0,2.0,0.0,1.0,3.0,5.0,9.0,14.0,0.0,0.0,4.0,38.0,21.0,2.0,12.0,0.0,8.0,26.0,106.0,1.0,65.0,17.0,16.0,36.0,8.0,15.0,25.0,17.0,0.0,13.0,22.0,21.0,49.0,5.0,15.0,20.0,36.0,1.0,0.0,0.0,1.0,1.0,4.0,6.0,0.0,0.0,4.0,20.0,4.0,1.0,1.0,0.0,4.0,12.0,11.0,0.0,6.0,3.0,8.0,16.0,1.0,2.0,17.0,10.0,4776567302.0,9281730.0,深圳市龙岗区,深圳市龙岗区葵涌街道,20.0,28.0,23.0,17.700000000000003,88.7,83.69285714285715,91.26621621621621,56.92664596273291
广东省,深圳市,龙岗区,大鹏街道,114.4698876,22.6000136,0.0,47.0,38.0,40.0,65.0,54.0,14.0,42.0,117.0,0.0,0.0,0.0,1.0,1.0,5.0,6.0,2.0,0.0,4.0,13.0,8.0,1.0,2.0,1.0,4.0,9.0,2671.0,0.0,0.0,10.0,0.0,8.0,1.0,5.0,19.0,15.0,0.0,16.0,17.0,23.0,38.0,9.0,1.0,1.0,59.0,0.0,0.0,0.0,0.0,0.0,2.0,3.0,2.0,0.0,4.0,13.0,6.0,0.0,1.0,1.0,3.0,4.0,1704.0,0.0,0.0,5.0,0.0,6.0,0.0,3.0,13.0,8.0,4089993048.0,9281731.0,深圳市龙岗区,深圳市龙岗区大鹏街道,20.0,26.0,18.0,20.0,84.0,83.69285714285715,91.26621621621621,56.92664596273291
广东省,深圳市,龙岗区,南澳街道,114.486141,22.5372308,0.0,24.0,13.0,35.0,37.0,34.0,1.0,22.0,69.0,4.0,1.0,0.0,0.0,0.0,2.0,2.0,0.0,0.0,0.0,0.0,10.0,0.0,1.0,0.0,3.0,16.0,1531.0,0.0,0.0,11.0,0.0,6.0,0.0,4.0,18.0,19.0,0.0,12.0,0.0,16.0,9.0,2.0,0.0,3.0,27.0,0.0,0.0,0.0,0.0,0.0,2.0,2.0,0.0,0.0,0.0,0.0,3.0,0.0,0.0,0.0,0.0,8.0,661.0,0.0,0.0,2.0,0.0,0.0,0.0,2.0,8.0,8.0,6249018969.0,9281732.0,深圳市龙岗区,深圳市龙岗区南澳街道,20.0,30.0,5.0,20.0,75.0,83.69285714285715,91.26621621621621,56.92664596273291
广东省,深圳市,龙岗区,南湾街道,114.1390898,22.6061208,71.0,67.0,109.0,191.0,433.0,426.0,49.0,788.0,420.0,22.0,4.0,4.0,4.0,8.0,38.0,54.0,2.0,0.0,9.0,116.0,257.0,30.0,63.0,3.0,25.0,33.0,2228.0,0.0,132.0,18.0,560.0,110.0,35.0,25.0,28.0,24.0,0.0,2.0,1.0,21.0,93.0,55.0,0.0,12.0,24.0,3.0,0.0,1.0,0.0,0.0,3.0,5.0,0.0,0.0,0.0,4.0,45.0,4.0,8.0,1.0,1.0,6.0,324.0,0.0,19.0,0.0,119.0,5.0,4.0,8.0,14.0,13.0,6249192213.0,9281970.0,深圳市龙岗区,深圳市龙岗区南湾街道,20.0,30.0,14.0,20.0,84.0,83.69285714285715,91.26621621621621,56.92664596273291
广东省,深圳市,龙岗区,坂田街道,114.0725819,22.6222425,45.0,193.0,60.0,44.0,308.0,174.0,42.0,95.0,276.0,14.0,3.0,0.0,2.0,2.0,21.0,27.0,2.0,2.0,1.0,59.0,109.0,30.0,33.0,5.0,24.0,30.0,1980.0,0.0,394.0,17.0,648.0,85.0,13.0,27.0,24.0,21.0,16.0,36.0,2.0,5.0,33.0,30.0,6.0,15.0,43.0,6.0,0.0,0.0,0.0,0.0,3.0,5.0,0.0,0.0,1.0,14.0,26.0,5.0,3.0,1.0,1.0,6.0,197.0,0.0,153.0,5.0,105.0,11.0,1.0,6.0,17.0,11.0,6249192212.0,9281969.0,深圳市龙岗区,深圳市龙岗区坂田街道,20.0,30.0,13.0,20.0,83.0,83.69285714285715,91.26621621621621,56.92664596273291
广东省,深圳市,龙岗区,布吉街道,114.1240384,22.6111846,63.0,76.0,123.0,201.0,615.0,721.0,36.0,820.0,531.0,32.0,4.0,4.0,6.0,10.0,56.0,73.0,2.0,0.0,10.0,132.0,310.0,31.0,76.0,3.0,23.0,47.0,4271.0,0.0,217.0,20.0,898.0,205.0,23.0,32.0,30.0,25.0,13.0,13.0,23.0,16.0,54.0,76.0,8.0,106.0,59.0,2.0,1.0,1.0,0.0,0.0,6.0,6.0,0.0,0.0,1.0,19.0,44.0,10.0,17.0,2.0,3.0,7.0,621.0,0.0,41.0,2.0,138.0,26.0,5.0,11.0,20.0,15.0,6249018964.0,9281729.0,深圳市龙岗区,深圳市龙岗区布吉街道,20.0,30.0,18.0,20.0,88.0,83.69285714285715,91.26621621621621,56.92664596273291
广东省,深圳市,龙岗区,龙城街道,114.2177938,22.7051018,54.0,73.0,134.0,122.0,294.0,255.0,81.0,756.0,278.0,42.0,8.0,8.0,12.0,24.0,30.0,52.0,3.0,3.0,13.0,153.0,129.0,19.0,11.0,5.0,15.0,10.0,1301.0,4.0,553.0,14.0,86.0,186.0,26.0,31.0,33.0,24.0,0.0,19.0,15.0,21.0,32.0,55.0,23.0,46.0,59.0,1.0,0.0,3.0,2.0,3.0,4.0,6.0,0.0,0.0,0.0,30.0,16.0,7.0,1.0,1.0,5.0,1.0,199.0,0.0,52.0,1.0,6.0,41.0,4.0,6.0,19.0,14.0,6249192211.0,9281968.0,深圳市龙岗区,深圳市龙岗区龙城街道,20.0,30.0,21.0,20.0,91.0,83.69285714285715,91.26621621621621,56.92664596273291
广东省,深圳市,龙岗区,龙岗街道,114.2680862,22.7224801,42.0,40.0,136.0,126.0,215.0,151.0,21.0,397.0,195.0,4.0,3.0,2.0,2.0,7.0,26.0,32.0,0.0,0.0,8.0,52.0,72.0,10.0,13.0,5.0,3.0,24.0,494.0,0.0,33.0,10.0,15.0,51.0,20.0,21.0,27.0,18.0,11.0,1.0,19.0,7.0,19.0,16.0,7.0,30.0,25.0,0.0,0.0,0.0,0.0,1.0,2.0,3.0,0.0,0.0,4.0,9.0,15.0,1.0,0.0,1.0,0.0,3.0,8.0,0.0,1.0,0.0,5.0,2.0,4.0,6.0,18.0,14.0,6249192210.0,9281967.0,深圳市龙岗区,深圳市龙岗区龙岗街道,20.0,30.0,18.0,20.0,88.0,83.69285714285715,91.26621621621621,56.92664596273291
广东省,深圳市,龙岗区,横岗街道,114.1933397,22.6453052,36.0,73.0,41.0,124.0,351.0,117.0,28.0,430.0,301.0,4.0,2.0,0.0,2.0,5.0,20.0,25.0,2.0,0.0,11.0,68.0,65.0,13.0,6.0,4.0,8.0,8.0,168.0,0.0,31.0,13.0,21.0,85.0,10.0,26.0,26.0,24.0,14.0,8.0,15.0,14.0,97.0,25.0,1.0,40.0,81.0,0.0,0.0,0.0,0.0,1.0,4.0,5.0,0.0,0.0,4.0,25.0,20.0,1.0,1.0,2.0,0.0,3.0,34.0,0.0,2.0,3.0,7.0,11.0,3.0,6.0,16.0,12.0,6249018963.0,9281728.0,深圳市龙岗区,深圳市龙岗区横岗街道,20.0,30.0,13.0,20.0,83.0,83.69285714285715,91.26621621621621,56.92664596273291
广东省,深圳市,龙岗区,吉华街道,114.1070825,22.6538729,10.0,70.0,23.0,57.0,231.0,358.0,50.0,240.0,196.0,9.0,0.0,1.0,2.0,2.0,8.0,10.0,0.0,1.0,3.0,17.0,31.0,24.0,55.0,4.0,12.0,12.0,1626.0,3.0,159.0,29.0,126.0,139.0,22.0,27.0,28.0,23.0,0.0,6.0,10.0,7.0,29.0,17.0,11.0,9.0,45.0,0.0,0.0,1.0,0.0,0.0,1.0,3.0,0.0,0.0,1.0,2.0,9.0,6.0,17.0,1.0,0.0,2.0,183.0,3.0,98.0,0.0,7.0,11.0,2.0,9.0,14.0,13.0,6249192214.0,9281971.0,深圳市龙岗区,深圳市龙岗区吉华街道,20.0,28.0,14.0,20.0,82.0,83.69285714285715,91.26621621621621,56.92664596273291
广东省,深圳市,龙岗区,宝龙街道,114.3102101,22.6921746,50.0,48.0,62.0,174.0,197.0,64.0,7.0,71.0,387.0,3.0,0.0,2.0,1.0,2.0,23.0,28.0,1.0,0.0,7.0,41.0,73.0,3.0,100.0,1.0,32.0,41.0,517.0,0.0,56.0,6.0,4.0,42.0,5.0,22.0,24.0,17.0,0.0,0.0,11.0,25.0,8.0,5.0,0.0,20.0,34.0,0.0,0.0,1.0,1.0,1.0,1.0,1.0,1.0,0.0,0.0,1.0,14.0,0.0,18.0,0.0,6.0,3.0,113.0,0.0,17.0,0.0,0.0,14.0,1.0,7.0,15.0,9.0,6249192237.0,9281973.0,深圳市龙岗区,深圳市龙岗区宝龙街道,20.0,28.0,21.0,20.0,89.0,83.69285714285715,91.26621621621621,56.92664596273291
广东省,深圳市,龙岗区,园山街道,114.2188407,22.6632893,48.0,118.0,18.0,118.0,275.0,107.0,7.0,328.0,249.0,4.0,2.0,0.0,3.0,4.0,16.0,25.0,0.0,0.0,5.0,28.0,54.0,18.0,19.0,3.0,16.0,14.0,335.0,0.0,105.0,12.0,3.0,50.0,3.0,28.0,26.0,16.0,17.0,19.0,0.0,36.0,44.0,4.0,0.0,32.0,34.0,0.0,1.0,0.0,0.0,0.0,4.0,4.0,0.0,0.0,0.0,0.0,10.0,2.0,5.0,0.0,8.0,3.0,78.0,0.0,41.0,1.0,0.0,3.0,0.0,8.0,17.0,11.0,6249192215.0,9281972.0,深圳市龙岗区,深圳市龙岗区园山街道,20.0,30.0,5.0,20.0,75.0,83.69285714285715,91.26621621621621,56.92664596273291
广东省,深圳市,盐田区,梅沙街道,114.3084881,22.6019073,6.0,45.0,28.0,23.0,108.0,88.0,36.0,284.0,92.0,7.0,0.0,0.0,1.0,1.0,6.0,10.0,0.0,0.0,0.0,15.0,16.0,0.0,1.0,2.0,10.0,6.0,89.0,6.0,12.0,111.0,24.0,55.0,42.0,17.0,29.0,24.0,0.0,24.0,9.0,13.0,44.0,37.0,8.0,127.0,29.0,5.0,0.0,0.0,1.0,1.0,4.0,4.0,0.0,0.0,0.0,10.0,9.0,0.0,0.0,2.0,3.0,2.0,35.0,1.0,4.0,99.0,11.0,31.0,15.0,9.0,21.0,19.0,6249255658.0,9282040.0,深圳市盐田区,深圳市盐田区梅沙街道,20.0,28.0,16.0,20.0,84.0,91.25,91.26621621621621,56.92664596273291
广东省,深圳市,盐田区,盐田街道,114.2485686,22.5917809,0.0,90.0,45.0,118.0,262.0,149.0,20.0,178.0,218.0,2.0,4.0,2.0,3.0,4.0,10.0,18.0,1.0,0.0,5.0,36.0,88.0,3.0,27.0,0.0,10.0,2.0,609.0,0.0,253.0,12.0,18.0,34.0,17.0,16.0,22.0,22.0,0.0,21.0,23.0,61.0,82.0,7.0,1.0,85.0,81.0,0.0,2.0,1.0,3.0,4.0,6.0,9.0,0.0,0.0,4.0,19.0,44.0,0.0,6.0,0.0,6.0,1.0,187.0,0.0,93.0,2.0,8.0,19.0,0.0,6.0,19.0,9.0,4099965321.0,9282041.0,深圳市盐田区,深圳市盐田区盐田街道,17.0,30.0,23.0,20.0,90.0,91.25,91.26621621621621,56.92664596273291
广东省,深圳市,盐田区,沙头角街道,114.2238509,22.5548669,0.0,24.0,57.0,71.0,173.0,140.0,7.0,445.0,243.0,15.0,4.0,9.0,4.0,5.0,16.0,22.0,7.0,1.0,8.0,41.0,136.0,5.0,17.0,0.0,17.0,32.0,921.0,5.0,66.0,18.0,94.0,69.0,28.0,42.0,23.0,38.0,0.0,18.0,42.0,25.0,92.0,46.0,3.0,159.0,120.0,8.0,3.0,2.0,3.0,4.0,10.0,13.0,0.0,0.0,3.0,21.0,73.0,3.0,4.0,0.0,10.0,9.0,396.0,1.0,32.0,6.0,30.0,31.0,3.0,18.0,16.0,20.0,6249255660.0,9282043.0,深圳市盐田区,深圳市盐田区沙头角街道,20.0,30.0,23.0,20.0,93.0,91.25,91.26621621621621,56.92664596273291
广东省,深圳市,盐田区,海山街道,114.2309901,22.5620298,0.0,49.0,53.0,82.0,221.0,161.0,7.0,415.0,270.0,16.0,4.0,9.0,3.0,4.0,17.0,25.0,5.0,1.0,8.0,40.0,131.0,5.0,13.0,0.0,19.0,22.0,947.0,5.0,79.0,19.0,94.0,78.0,24.0,41.0,23.0,39.0,0.0,10.0,5.0,39.0,71.0,19.0,1.0,95.0,106.0,3.0,0.0,6.0,2.0,3.0,7.0,9.0,1.0,0.0,6.0,24.0,56.0,5.0,4.0,0.0,5.0,2.0,124.0,0.0,5.0,1.0,2.0,22.0,5.0,10.0,21.0,18.0,6249255659.0,9282042.0,深圳市盐田区,深圳市盐田区海山街道,20.0,30.0,28.0,20.0,98.0,91.25,91.26621621621621,56.92664596273291
广东省,深圳市,龙华区,观湖街道,114.0667491,22.6978039,0.0,182.0,29.0,128.0,230.0,269.0,73.0,315.0,401.0,10.0,2.0,2.0,1.0,1.0,19.0,25.0,0.0,1.0,0.0,18.0,50.0,5.0,61.0,3.0,6.0,22.0,309.0,0.0,7.0,24.0,64.0,48.0,8.0,34.0,24.0,19.0,0.0,23.0,0.0,18.0,17.0,3.0,0.0,1.0,39.0,0.0,0.0,0.0,0.0,0.0,2.0,3.0,0.0,0.0,0.0,5.0,5.0,2.0,4.0,0.0,2.0,1.0,18.0,0.0,0.0,1.0,1.0,3.0,0.0,4.0,12.0,9.0,7176669200.0,10660743.0,深圳市龙华区,深圳市龙华区观湖街道,20.0,30.0,15.0,20.0,85.0,88.83333333333333,91.26621621621621,56.92664596273291
广东省,深圳市,龙华区,民治街道,114.0296138,22.6227797,23.0,358.0,341.0,123.0,461.0,475.0,239.0,1782.0,768.0,30.0,10.0,5.0,9.0,13.0,38.0,67.0,8.0,1.0,25.0,268.0,206.0,31.0,24.0,7.0,50.0,47.0,2962.0,3.0,630.0,51.0,1605.0,174.0,57.0,38.0,30.0,25.0,0.0,65.0,60.0,32.0,93.0,109.0,66.0,531.0,106.0,11.0,3.0,3.0,1.0,2.0,4.0,11.0,2.0,1.0,11.0,69.0,40.0,5.0,2.0,2.0,13.0,14.0,319.0,0.0,62.0,15.0,167.0,16.0,5.0,12.0,20.0,15.0,7176669283.0,10660748.0,深圳市龙华区,深圳市龙华区民治街道,20.0,30.0,30.0,20.0,100.0,88.83333333333333,91.26621621621621,56.92664596273291
广东省,深圳市,龙华区,龙华街道,114.01449,22.6587573,49.0,393.0,299.0,182.0,346.0,434.0,227.0,1750.0,839.0,41.0,2.0,3.0,15.0,23.0,40.0,60.0,6.0,3.0,21.0,149.0,177.0,21.0,28.0,5.0,34.0,61.0,1937.0,1.0,920.0,82.0,1189.0,120.0,30.0,29.0,29.0,22.0,0.0,57.0,20.0,51.0,45.0,37.0,12.0,245.0,132.0,2.0,0.0,1.0,1.0,2.0,8.0,10.0,0.0,0.0,6.0,24.0,41.0,3.0,5.0,3.0,3.0,12.0,215.0,1.0,22.0,15.0,138.0,14.0,7.0,6.0,18.0,10.0,7176669281.0,10660747.0,深圳市龙华区,深圳市龙华区龙华街道,20.0,30.0,23.0,20.0,93.0,88.83333333333333,91.26621621621621,56.92664596273291
广东省,深圳市,龙华区,大浪街道,114.002065,22.6831747,59.0,305.0,240.0,173.0,299.0,419.0,161.0,1566.0,565.0,83.0,3.0,2.0,7.0,13.0,20.0,23.0,4.0,3.0,8.0,82.0,53.0,7.0,35.0,2.0,19.0,48.0,1500.0,0.0,676.0,83.0,1050.0,61.0,17.0,13.0,31.0,20.0,4.0,29.0,48.0,24.0,34.0,21.0,1.0,90.0,113.0,1.0,0.0,0.0,1.0,1.0,3.0,3.0,1.0,0.0,1.0,2.0,13.0,1.0,4.0,0.0,2.0,5.0,38.0,0.0,0.0,7.0,3.0,0.0,0.0,5.0,18.0,10.0,7176669280.0,10660746.0,深圳市龙华区,深圳市龙华区大浪街道,20.0,30.0,24.0,20.0,94.0,88.83333333333333,91.26621621621621,56.92664596273291
广东省,深圳市,龙华区,福城街道,114.0207231,22.7322356,26.0,125.0,49.0,110.0,167.0,153.0,8.0,98.0,276.0,9.0,0.0,1.0,2.0,3.0,13.0,19.0,0.0,0.0,1.0,20.0,27.0,7.0,67.0,0.0,10.0,18.0,292.0,2.0,34.0,45.0,83.0,48.0,1.0,12.0,29.0,15.0,10.0,25.0,25.0,35.0,23.0,30.0,1.0,7.0,71.0,1.0,0.0,1.0,0.0,0.0,6.0,9.0,0.0,0.0,1.0,2.0,8.0,2.0,22.0,0.0,3.0,3.0,45.0,0.0,9.0,2.0,23.0,32.0,0.0,3.0,21.0,10.0,7176669238.0,10660745.0,深圳市龙华区,深圳市龙华区福城街道,20.0,28.0,14.0,20.0,82.0,88.83333333333333,91.26621621621621,56.92664596273291
广东省,深圳市,龙华区,观澜街道,114.0538984,22.7332896,0.0,141.0,37.0,100.0,206.0,199.0,12.0,136.0,245.0,15.0,0.0,1.0,1.0,2.0,16.0,17.0,5.0,1.0,3.0,25.0,41.0,6.0,57.0,3.0,5.0,25.0,269.0,2.0,24.0,32.0,69.0,35.0,6.0,25.0,23.0,19.0,0.0,12.0,12.0,20.0,27.0,68.0,1.0,15.0,18.0,3.0,0.0,0.0,0.0,0.0,2.0,2.0,0.0,0.0,0.0,1.0,9.0,1.0,9.0,0.0,0.0,6.0,57.0,2.0,4.0,15.0,1.0,2.0,0.0,2.0,16.0,7.0,7176669201.0,10660744.0,深圳市龙华区,深圳市龙华区观澜街道,20.0,28.0,11.0,20.0,79.0,88.83333333333333,91.26621621621621,56.92664596273291
广东省,深圳市,坪山区,坪山街道,114.3413176,22.6938257,56.0,74.0,92.0,133.0,265.0,130.0,14.0,199.0,536.0,19.0,4.0,10.0,3.0,5.0,35.0,39.0,4.0,0.0,7.0,47.0,82.0,6.0,83.0,1.0,21.0,62.0,345.0,7.0,11.0,17.0,7.0,40.0,18.0,35.0,27.0,16.0,21.0,19.0,16.0,13.0,57.0,8.0,3.0,17.0,78.0,2.0,1.0,1.0,1.0,1.0,7.0,8.0,0.0,0.0,1.0,19.0,19.0,0.0,2.0,0.0,3.0,19.0,61.0,0.0,4.0,3.0,0.0,2.0,3.0,10.0,20.0,10.0,7092399304.0,10501406.0,深圳市坪山区,深圳市坪山区坪山街道,20.0,30.0,23.0,20.0,93.0,90.5,91.26621621621621,56.92664596273291
广东省,深圳市,坪山区,马峦街道,114.3371329,22.6760828,89.0,51.0,61.0,117.0,186.0,95.0,13.0,145.0,334.0,17.0,1.0,4.0,3.0,5.0,25.0,29.0,0.0,0.0,7.0,39.0,68.0,1.0,32.0,0.0,12.0,59.0,158.0,4.0,7.0,18.0,5.0,19.0,16.0,24.0,27.0,16.0,0.0,0.0,13.0,44.0,22.0,7.0,4.0,41.0,27.0,2.0,0.0,2.0,0.0,1.0,3.0,4.0,0.0,0.0,0.0,5.0,11.0,0.0,5.0,0.0,0.0,3.0,7.0,0.0,0.0,5.0,2.0,7.0,7.0,2.0,15.0,8.0,7092399305.0,10501407.0,深圳市坪山区,深圳市坪山区马峦街道,20.0,30.0,15.0,20.0,85.0,90.5,91.26621621621621,56.92664596273291
广东省,深圳市,坪山区,碧岭街道,114.3050457,22.6722857,76.0,6.0,22.0,128.0,115.0,47.0,8.0,58.0,253.0,3.0,0.0,2.0,2.0,3.0,15.0,18.0,1.0,0.0,5.0,15.0,40.0,2.0,63.0,0.0,16.0,39.0,292.0,0.0,42.0,5.0,2.0,27.0,3.0,13.0,21.0,17.0,15.0,2.0,2.0,27.0,25.0,17.0,4.0,6.0,62.0,0.0,0.0,1.0,1.0,1.0,3.0,4.0,0.0,0.0,0.0,0.0,8.0,1.0,5.0,0.0,2.0,14.0,8.0,0.0,0.0,1.0,0.0,2.0,0.0,4.0,17.0,10.0,7092399307.0,10501408.0,深圳市坪山区,深圳市坪山区碧岭街道,20.0,28.0,15.0,20.0,83.0,90.5,91.26621621621621,56.92664596273291
广东省,深圳市,坪山区,石井街道,114.3772608,22.6878892,24.0,49.0,71.0,67.0,155.0,160.0,9.0,192.0,269.0,19.0,1.0,5.0,8.0,8.0,17.0,24.0,3.0,1.0,1.0,5.0,56.0,1.0,58.0,0.0,7.0,52.0,406.0,7.0,41.0,16.0,29.0,22.0,5.0,17.0,26.0,17.0,8.0,20.0,17.0,4.0,12.0,8.0,0.0,1.0,44.0,0.0,0.0,0.0,1.0,1.0,2.0,3.0,1.0,0.0,0.0,0.0,7.0,1.0,14.0,0.0,0.0,5.0,47.0,0.0,19.0,4.0,15.0,0.0,0.0,7.0,17.0,8.0,7092399308.0,10501409.0,深圳市坪山区,深圳市坪山区石井街道,20.0,30.0,20.0,20.0,90.0,90.5,91.26621621621621,56.92664596273291
广东省,深圳市,坪山区,坑梓街道,114.3658627,22.7456802,32.0,8.0,78.0,77.0,195.0,122.0,3.0,62.0,274.0,10.0,1.0,10.0,9.0,11.0,18.0,25.0,2.0,0.0,1.0,25.0,62.0,5.0,112.0,0.0,15.0,51.0,334.0,0.0,1.0,26.0,2.0,16.0,23.0,16.0,26.0,14.0,15.0,0.0,29.0,33.0,62.0,12.0,0.0,10.0,86.0,4.0,0.0,1.0,4.0,4.0,5.0,7.0,1.0,0.0,0.0,11.0,25.0,0.0,19.0,0.0,3.0,20.0,42.0,0.0,1.0,10.0,0.0,6.0,6.0,5.0,19.0,11.0,7092399315.0,10501410.0,深圳市坪山区,深圳市坪山区坑梓街道,20.0,30.0,26.0,20.0,96.0,90.5,91.26621621621621,56.92664596273291
广东省,深圳市,坪山区,龙田街道,114.354787,22.7282382,37.0,32.0,71.0,83.0,183.0,108.0,0.0,82.0,359.0,12.0,3.0,11.0,8.0,10.0,17.0,25.0,5.0,0.0,1.0,29.0,58.0,8.0,122.0,0.0,22.0,41.0,361.0,3.0,6.0,20.0,2.0,26.0,19.0,18.0,26.0,15.0,13.0,10.0,2.0,10.0,20.0,26.0,0.0,6.0,43.0,3.0,0.0,4.0,1.0,1.0,2.0,4.0,1.0,0.0,1.0,4.0,8.0,0.0,33.0,0.0,3.0,7.0,11.0,0.0,0.0,4.0,1.0,3.0,6.0,4.0,18.0,11.0,7092399316.0,10501411.0,深圳市坪山区,深圳市坪山区龙田街道,20.0,30.0,26.0,20.0,96.0,90.5,91.26621621621621,56.92664596273291
广东省,深圳市,光明区,光明街道,113.942646,22.7662899,8.0,116.0,48.0,110.0,172.0,246.0,7.0,312.0,358.0,13.0,0.0,9.0,3.0,9.0,19.0,25.0,1.0,0.0,16.0,48.0,59.0,21.0,28.0,4.0,19.0,21.0,635.0,10.0,255.0,38.0,186.0,89.0,16.0,22.0,30.0,20.0,0.0,32.0,11.0,21.0,30.0,25.0,0.0,15.0,69.0,1.0,0.0,1.0,0.0,1.0,7.0,7.0,0.0,0.0,2.0,4.0,14.0,0.0,5.0,3.0,2.0,8.0,87.0,5.0,42.0,6.0,17.0,13.0,1.0,9.0,15.0,10.0,6550543764.0,9692940.0,深圳市光明区,深圳市光明区光明街道,20.0,28.0,16.0,20.0,84.0,87.0,91.26621621621621,56.92664596273291
广东省,深圳市,光明区,公明街道,113.8918763,22.7820206,38.0,59.0,45.0,255.0,195.0,127.0,2.0,339.0,556.0,5.0,1.0,5.0,3.0,9.0,25.0,34.0,2.0,0.0,11.0,74.0,70.0,5.0,48.0,4.0,18.0,14.0,749.0,0.0,35.0,63.0,25.0,45.0,3.0,21.0,26.0,21.0,16.0,11.0,7.0,57.0,42.0,12.0,0.0,16.0,119.0,1.0,0.0,5.0,0.0,4.0,4.0,5.0,0.0,0.0,6.0,51.0,21.0,0.0,9.0,2.0,2.0,1.0,44.0,0.0,21.0,1.0,24.0,9.0,2.0,9.0,17.0,13.0,6550543769.0,9692941.0,深圳市光明区,深圳市光明区公明街道,20.0,30.0,18.0,20.0,88.0,87.0,91.26621621621621,56.92664596273291
广东省,深圳市,光明区,新湖街道,113.9424708,22.7928302,20.0,74.0,48.0,94.0,135.0,246.0,53.0,177.0,240.0,34.0,0.0,1.0,2.0,3.0,12.0,19.0,2.0,2.0,3.0,9.0,25.0,2.0,29.0,1.0,19.0,16.0,364.0,6.0,69.0,25.0,10.0,56.0,6.0,22.0,26.0,22.0,13.0,16.0,16.0,26.0,22.0,70.0,3.0,39.0,59.0,8.0,0.0,0.0,1.0,1.0,2.0,4.0,1.0,1.0,1.0,5.0,3.0,0.0,7.0,0.0,1.0,3.0,77.0,1.0,16.0,4.0,3.0,6.0,0.0,9.0,21.0,13.0,6550543770.0,9692942.0,深圳市光明区,深圳市光明区新湖街道,20.0,28.0,29.0,20.0,97.0,87.0,91.26621621621621,56.92664596273291
广东省,深圳市,光明区,凤凰街道,113.9167002,22.7347775,0.0,141.0,73.0,131.0,214.0,135.0,9.0,175.0,421.0,2.0,1.0,6.0,5.0,9.0,19.0,23.0,0.0,0.0,20.0,62.0,52.0,31.0,68.0,1.0,15.0,12.0,574.0,9.0,244.0,38.0,164.0,65.0,5.0,16.0,28.0,18.0,0.0,24.0,11.0,36.0,25.0,33.0,0.0,17.0,60.0,1.0,0.0,1.0,1.0,1.0,5.0,5.0,0.0,0.0,2.0,4.0,10.0,12.0,20.0,0.0,1.0,2.0,95.0,4.0,29.0,2.0,3.0,13.0,1.0,4.0,15.0,12.0,6550543771.0,9692943.0,深圳市光明区,深圳市光明区凤凰街道,20.0,30.0,21.0,20.0,91.0,87.0,91.26621621621621,56.92664596273291
广东省,深圳市,光明区,玉塘街道,113.8933349,22.7307882,0.0,87.0,34.0,83.0,176.0,112.0,18.0,73.0,254.0,4.0,1.0,1.0,3.0,4.0,15.0,16.0,0.0,0.0,9.0,21.0,23.0,13.0,57.0,2.0,8.0,11.0,137.0,0.0,41.0,12.0,6.0,33.0,1.0,12.0,24.0,19.0,0.0,11.0,7.0,11.0,41.0,22.0,0.0,15.0,56.0,1.0,1.0,0.0,0.0,0.0,4.0,4.0,0.0,0.0,1.0,3.0,5.0,2.0,27.0,1.0,3.0,1.0,15.0,0.0,1.0,0.0,0.0,6.0,0.0,3.0,14.0,12.0,6550543772.0,9692944.0,深圳市光明区,深圳市光明区玉塘街道,20.0,30.0,15.0,20.0,85.0,87.0,91.26621621621621,56.92664596273291
广东省,深圳市,光明区,马田街道,113.8563678,22.7879015,61.0,75.0,77.0,178.0,226.0,111.0,34.0,208.0,513.0,15.0,4.0,2.0,3.0,6.0,24.0,32.0,3.0,0.0,13.0,54.0,69.0,9.0,73.0,2.0,11.0,18.0,1207.0,0.0,21.0,5.0,68.0,81.0,7.0,15.0,26.0,18.0,6.0,10.0,7.0,10.0,24.0,2.0,2.0,37.0,33.0,2.0,0.0,0.0,0.0,0.0,0.0,0.0,0.0,0.0,0.0,2.0,5.0,1.0,24.0,0.0,4.0,1.0,167.0,0.0,1.0,0.0,0.0,10.0,0.0,7.0,17.0,9.0,6550543773.0,9692945.0,深圳市光明区,深圳市光明区马田街道,20.0,30.0,7.0,20.0,77.0,87.0,91.26621621621621,56.92664596273291
广东省,珠海市,香洲区,翠香街道,113.5503529,22.2756247,23.0,252.0,95.0,85.0,162.0,712.0,103.0,3017.0,350.0,379.0,6.0,20.0,19.0,25.0,40.0,77.0,10.0,2.0,6.0,152.0,300.0,162.0,17.0,24.0,24.0,6.0,5619.0,0.0,66.0,8.0,31.0,493.0,38.0,17.0,23.0,29.0,0.0,60.0,31.0,15.0,34.0,131.0,28.0,533.0,62.0,67.0,1.0,3.0,3.0,3.0,11.0,20.0,0.0,0.0,1.0,14.0,69.0,38.0,4.0,5.0,7.0,2.0,829.0,0.0,1.0,0.0,14.0,72.0,4.0,3.0,15.0,15.0,8415144580.0,12302930.0,珠海市香洲区,珠海市香洲区翠香街道,20.0,30.0,23.0,20.0,93.0,80.76,78.808,56.92664596273291
广东省,珠海市,香洲区,梅华街道,113.5421003,22.2749161,6.0,244.0,118.0,63.0,168.0,771.0,85.0,2745.0,347.0,337.0,7.0,18.0,16.0,22.0,42.0,79.0,13.0,2.0,4.0,142.0,294.0,133.0,22.0,19.0,28.0,5.0,5137.0,0.0,96.0,8.0,36.0,479.0,25.0,13.0,25.0,26.0,0.0,45.0,33.0,13.0,23.0,138.0,17.0,397.0,63.0,51.0,1.0,4.0,1.0,1.0,8.0,14.0,1.0,0.0,0.0,7.0,70.0,30.0,0.0,1.0,2.0,4.0,678.0,0.0,0.0,0.0,11.0,75.0,4.0,3.0,13.0,14.0,8415144579.0,12302931.0,珠海市香洲区,珠海市香洲区梅华街道,20.0,30.0,26.0,20.0,96.0,80.76,78.808,56.92664596273291
广东省,珠海市,香洲区,前山街道,113.518548,22.253064,43.0,298.0,228.0,160.0,195.0,1159.0,115.0,3092.0,348.0,549.0,13.0,2.0,8.0,10.0,43.0,84.0,6.0,2.0,8.0,93.0,314.0,121.0,76.0,33.0,28.0,5.0,5150.0,0.0,135.0,16.0,39.0,614.0,29.0,18.0,28.0,28.0,0.0,59.0,29.0,6.0,40.0,191.0,13.0,501.0,45.0,84.0,2.0,0.0,0.0,0.0,7.0,14.0,0.0,1.0,3.0,14.0,70.0,34.0,15.0,9.0,7.0,1.0,937.0,0.0,30.0,1.0,17.0,75.0,3.0,5.0,16.0,15.0,369498569.0,15844207.0,珠海市香洲区,珠海市香洲区前山街道,20.0,30.0,20.0,20.0,90.0,80.76,78.808,56.92664596273291
广东省,珠海市,香洲区,吉大街道,113.5712137,22.2508187,50.0,160.0,77.0,54.0,94.0,733.0,94.0,3429.0,251.0,575.0,4.0,9.0,19.0,25.0,27.0,47.0,9.0,2.0,3.0,145.0,237.0,200.0,32.0,22.0,16.0,3.0,4658.0,2.0,195.0,89.0,44.0,504.0,36.0,13.0,24.0,27.0,0.0,45.0,29.0,0.0,24.0,223.0,22.0,858.0,46.0,199.0,0.0,1.0,4.0,5.0,9.0,19.0,0.0,0.0,1.0,18.0,62.0,100.0,12.0,11.0,4.0,1.0,1124.0,1.0,34.0,0.0,16.0,130.0,6.0,1.0,12.0,17.0,261680387.0,12302927.0,珠海市香洲区,珠海市香洲区吉大街道,18.0,30.0,23.0,20.0,91.0,80.76,78.808,56.92664596273291
广东省,珠海市,香洲区,拱北街道,113.5334014,22.2204231,46.0,498.0,444.0,340.0,854.0,1371.0,129.0,5223.0,757.0,700.0,17.0,12.0,27.0,56.0,68.0,109.0,10.0,3.0,91.0,689.0,307.0,152.0,83.0,35.0,29.0,23.0,10463.0,34.0,785.0,80.0,8530.0,758.0,109.0,192.0,32.0,33.0,0.0,34.0,50.0,28.0,39.0,166.0,48.0,819.0,55.0,154.0,1.0,0.0,1.0,1.0,6.0,8.0,0.0,0.0,0.0,3.0,53.0,20.0,16.0,4.0,3.0,1.0,931.0,0.0,27.0,4.0,14.0,101.0,2.0,19.0,23.0,18.0,261680375.0,12302928.0,珠海市香洲区,珠海市香洲区拱北街道,20.0,30.0,18.0,20.0,88.0,80.76,78.808,56.92664596273291
广东省,珠海市,香洲区,香湾街道,113.5689785,22.2970243,50.0,130.0,44.0,55.0,97.0,422.0,61.0,1551.0,222.0,191.0,2.0,9.0,8.0,8.0,20.0,39.0,6.0,0.0,2.0,39.0,159.0,97.0,13.0,17.0,16.0,3.0,3358.0,0.0,11.0,10.0,15.0,219.0,17.0,12.0,22.0,26.0,18.0,29.0,0.0,7.0,22.0,81.0,16.0,235.0,43.0,28.0,1.0,0.0,2.0,2.0,3.0,5.0,0.0,0.0,0.0,4.0,25.0,14.0,4.0,2.0,1.0,1.0,582.0,0.0,3.0,0.0,0.0,39.0,3.0,5.0,15.0,16.0,8415173211.0,12302926.0,珠海市香洲区,珠海市香洲区香湾街道,18.0,30.0,19.0,20.0,87.0,80.76,78.808,56.92664596273291
广东省,珠海市,香洲区,狮山街道,113.5658195,22.2725377,49.0,253.0,91.0,76.0,151.0,835.0,128.0,3408.0,324.0,507.0,4.0,14.0,23.0,29.0,35.0,71.0,9.0,2.0,4.0,168.0,289.0,243.0,23.0,30.0,19.0,7.0,5624.0,1.0,80.0,12.0,38.0,472.0,44.0,16.0,22.0,30.0,0.0,46.0,8.0,11.0,9.0,109.0,11.0,565.0,48.0,65.0,0.0,8.0,4.0,4.0,6.0,13.0,6.0,0.0,1.0,11.0,43.0,32.0,2.0,2.0,0.0,2.0,1489.0,0.0,6.0,4.0,5.0,73.0,9.0,7.0,15.0,16.0,8415186044.0,12302929.0,珠海市香洲区,珠海市香洲区狮山街道,20.0,30.0,28.0,20.0,98.0,80.76,78.808,56.92664596273291
广东省,珠海市,香洲区,湾仔街道,113.5224412,22.1982458,41.0,446.0,324.0,317.0,1084.0,802.0,32.0,2680.0,626.0,143.0,11.0,25.0,19.0,60.0,49.0,76.0,14.0,4.0,101.0,743.0,130.0,37.0,55.0,4.0,20.0,30.0,8815.0,45.0,338.0,103.0,10733.0,284.0,148.0,264.0,31.0,29.0,16.0,0.0,8.0,0.0,42.0,14.0,1.0,9.0,25.0,5.0,0.0,0.0,0.0,0.0,0.0,0.0,0.0,0.0,0.0,0.0,6.0,1.0,0.0,0.0,0.0,2.0,9.0,0.0,0.0,4.0,2.0,14.0,2.0,5.0,15.0,13.0,1765220814.0,16740943.0,珠海市香洲区,珠海市香洲区湾仔街道,20.0,30.0,5.0,20.0,75.0,80.76,78.808,56.92664596273291
广东省,珠海市,香洲区,凤山街道,113.5069813,22.2893123,18.0,156.0,94.0,94.0,241.0,507.0,27.0,938.0,266.0,133.0,5.0,9.0,2.0,2.0,18.0,38.0,6.0,0.0,2.0,25.0,131.0,42.0,49.0,14.0,15.0,6.0,2469.0,6.0,33.0,19.0,11.0,199.0,12.0,13.0,29.0,26.0,4.0,25.0,19.0,5.0,57.0,109.0,6.0,121.0,47.0,13.0,0.0,0.0,0.0,0.0,2.0,6.0,1.0,0.0,0.0,1.0,15.0,2.0,11.0,1.0,1.0,4.0,639.0,0.0,0.0,1.0,0.0,19.0,0.0,2.0,15.0,12.0,11383950820.0,16768793.0,珠海市香洲区,珠海市香洲区凤山街道,20.0,30.0,16.0,20.0,86.0,80.76,78.808,56.92664596273291
广东省,珠海市,香洲区,唐家湾镇,113.5349863,22.383564,64.0,13.0,120.0,272.0,258.0,176.0,63.0,218.0,276.0,16.0,1.0,1.0,1.0,1.0,12.0,31.0,0.0,1.0,1.0,26.0,54.0,13.0,112.0,2.0,26.0,11.0,572.0,5.0,133.0,15.0,59.0,106.0,20.0,12.0,26.0,21.0,8.0,0.0,12.0,18.0,59.0,27.0,1.0,6.0,31.0,3.0,0.0,0.0,1.0,1.0,1.0,1.0,0.0,0.0,0.0,1.0,8.0,0.0,3.0,2.0,0.0,4.0,23.0,0.0,1.0,0.0,0.0,3.0,1.0,2.0,15.0,9.0,8415173210.0,16768795.0,珠海市香洲区,珠海市香洲区唐家湾镇,20.0,30.0,16.0,20.0,86.0,80.76,78.808,56.92664596273291
广东省,珠海市,香洲区,南屏镇,113.5045091,22.221585,58.0,113.0,155.0,173.0,187.0,468.0,80.0,1253.0,243.0,221.0,6.0,0.0,2.0,4.0,29.0,47.0,0.0,0.0,2.0,58.0,128.0,37.0,44.0,18.0,8.0,5.0,1942.0,0.0,100.0,5.0,47.0,283.0,10.0,13.0,24.0,24.0,25.0,0.0,27.0,10.0,44.0,19.0,5.0,52.0,22.0,8.0,3.0,0.0,1.0,1.0,7.0,10.0,0.0,0.0,0.0,25.0,22.0,4.0,9.0,1.0,2.0,2.0,27.0,0.0,1.0,0.0,10.0,12.0,4.0,1.0,15.0,14.0,1600509624.0,16740944.0,珠海市香洲区,珠海市香洲区南屏镇,20.0,30.0,16.0,20.0,86.0,80.76,78.808,56.92664596273291
广东省,珠海市,香洲区,横琴镇,113.5173076,22.1419629,0.0,188.0,231.0,124.0,369.0,191.0,46.0,577.0,328.0,23.0,1.0,3.0,1.0,1.0,9.0,15.0,3.0,0.0,0.0,13.0,39.0,28.0,8.0,1.0,36.0,6.0,575.0,1.0,294.0,8.0,417.0,139.0,11.0,22.0,22.0,27.0,0.0,28.0,11.0,0.0,34.0,16.0,6.0,39.0,36.0,2.0,0.0,2.0,0.0,0.0,1.0,1.0,1.0,0.0,0.0,2.0,8.0,2.0,0.0,0.0,3.0,3.0,90.0,0.0,51.0,2.0,93.0,5.0,1.0,3.0,13.0,11.0,8415173209.0,12302925.0,珠海市香洲区,珠海市香洲区横琴镇,20.0,30.0,17.0,20.0,87.0,80.76,78.808,56.92664596273291
广东省,珠海市,香洲区,桂山镇,113.8196279,22.140636,0.0,0.0,0.0,16.0,28.0,16.0,0.0,14.0,2.0,0.0,0.0,0.0,0.0,0.0,0.0,0.0,0.0,0.0,0.0,0.0,0.0,0.0,1.0,0.0,0.0,14.0,45.0,0.0,0.0,13.0,0.0,14.0,0.0,4.0,8.0,12.0,0.0,0.0,0.0,16.0,27.0,12.0,0.0,11.0,2.0,0.0,0.0,0.0,0.0,0.0,0.0,0.0,0.0,0.0,0.0,0.0,0.0,0.0,0.0,0.0,0.0,9.0,31.0,0.0,0.0,13.0,0.0,11.0,0.0,3.0,6.0,10.0,4542423145.0,7031345.0,珠海市香洲区,珠海市香洲区桂山镇,20.0,24.7,0.0,14.200000000000001,58.900000000000006,80.76,78.808,56.92664596273291
广东省,珠海市,香洲区,万山镇,113.7218962,21.934978,0.0,0.0,0.0,3.0,14.0,9.0,0.0,6.0,1.0,0.0,0.0,0.0,0.0,0.0,0.0,0.0,0.0,0.0,0.0,0.0,3.0,0.0,0.0,0.0,0.0,4.0,10.0,0.0,0.0,15.0,0.0,3.0,0.0,4.0,6.0,13.0,0.0,0.0,0.0,3.0,10.0,7.0,0.0,2.0,1.0,0.0,0.0,0.0,0.0,0.0,0.0,0.0,0.0,0.0,0.0,0.0,2.0,0.0,0.0,0.0,0.0,3.0,4.0,0.0,0.0,12.0,0.0,2.0,0.0,3.0,5.0,9.0,4542424843.0,7031346.0,珠海市香洲区,珠海市香洲区万山镇,19.0,13.8,0.0,8.100000000000001,40.9,80.76,78.808,56.92664596273291
广东省,珠海市,香洲区,担杆镇,114.0254212,22.102952,0.0,0.0,0.0,5.0,19.0,0.0,0.0,4.0,1.0,0.0,0.0,1.0,0.0,0.0,0.0,0.0,0.0,0.0,0.0,0.0,1.0,0.0,0.0,0.0,0.0,6.0,6.0,0.0,0.0,5.0,0.0,2.0,1.0,3.0,6.0,14.0,0.0,0.0,0.0,5.0,12.0,0.0,0.0,4.0,1.0,0.0,0.0,1.0,0.0,0.0,0.0,0.0,0.0,0.0,0.0,0.0,1.0,0.0,0.0,0.0,0.0,5.0,6.0,0.0,0.0,5.0,0.0,1.0,1.0,3.0,6.0,8.0,4542427065.0,7031383.0,珠海市香洲区,珠海市香洲区担杆镇,20.0,17.4,5.0,6.2,48.6,80.76,78.808,56.92664596273291
广东省,珠海市,斗门区,白藤街道,113.355061,22.1501776,31.0,50.0,67.0,215.0,175.0,244.0,23.0,472.0,212.0,17.0,4.0,5.0,3.0,6.0,8.0,19.0,3.0,5.0,8.0,83.0,48.0,5.0,7.0,4.0,3.0,5.0,466.0,39.0,143.0,113.0,118.0,151.0,23.0,10.0,28.0,26.0,13.0,15.0,6.0,43.0,22.0,8.0,13.0,100.0,63.0,2.0,0.0,2.0,2.0,2.0,1.0,1.0,1.0,0.0,0.0,2.0,20.0,0.0,2.0,0.0,0.0,2.0,32.0,1.0,5.0,24.0,6.0,13.0,4.0,7.0,19.0,16.0,8413856353.0,16763765.0,珠海市斗门区,珠海市斗门区白藤街道,20.0,30.0,22.0,20.0,92.0,72.73333333333333,78.808,56.92664596273291
广东省,珠海市,斗门区,莲洲镇,113.2029929,22.3181031,0.0,9.0,8.0,10.0,26.0,123.0,0.0,0.0,54.0,2.0,0.0,0.0,0.0,0.0,1.0,1.0,0.0,0.0,0.0,0.0,0.0,0.0,0.0,0.0,0.0,12.0,7.0,2.0,2.0,0.0,0.0,0.0,0.0,8.0,7.0,3.0,0.0,2.0,0.0,1.0,17.0,23.0,0.0,0.0,20.0,0.0,0.0,0.0,0.0,0.0,1.0,1.0,0.0,0.0,0.0,0.0,0.0,0.0,0.0,0.0,0.0,4.0,0.0,0.0,0.0,0.0,0.0,0.0,0.0,2.0,6.0,2.0,8413856354.0,16763767.0,珠海市斗门区,珠海市斗门区莲洲镇,20.0,27.5,5.0,2.2,54.7,72.73333333333333,78.808,56.92664596273291
广东省,珠海市,斗门区,斗门镇,113.192846,22.235425,16.0,0.0,43.0,22.0,77.0,154.0,8.0,13.0,150.0,2.0,0.0,0.0,0.0,0.0,5.0,5.0,0.0,0.0,0.0,4.0,6.0,1.0,0.0,0.0,0.0,11.0,99.0,0.0,0.0,0.0,0.0,7.0,9.0,3.0,12.0,8.0,0.0,0.0,26.0,9.0,35.0,27.0,6.0,0.0,26.0,0.0,0.0,0.0,0.0,0.0,5.0,5.0,0.0,0.0,0.0,0.0,0.0,0.0,0.0,0.0,0.0,1.0,3.0,0.0,0.0,0.0,0.0,6.0,1.0,1.0,7.0,4.0,8413856357.0,18785443.0,珠海市斗门区,珠海市斗门区斗门镇,20.0,28.0,5.0,14.200000000000001,67.2,72.73333333333333,78.808,56.92664596273291
广东省,珠海市,斗门区,乾务镇,113.2221214,22.1617661,0.0,0.0,15.0,36.0,81.0,67.0,0.0,0.0,117.0,0.0,0.0,1.0,0.0,0.0,3.0,3.0,0.0,0.0,0.0,0.0,6.0,0.0,3.0,0.0,0.0,7.0,63.0,0.0,0.0,1.0,0.0,4.0,0.0,7.0,11.0,8.0,0.0,0.0,8.0,22.0,32.0,2.0,0.0,0.0,40.0,0.0,0.0,1.0,0.0,0.0,1.0,1.0,0.0,0.0,0.0,0.0,3.0,0.0,1.0,0.0,0.0,3.0,1.0,0.0,0.0,0.0,0.0,3.0,0.0,5.0,8.0,8.0,369497766.0,18785444.0,珠海市斗门区,珠海市斗门区乾务镇,20.0,26.0,10.0,10.5,66.5,72.73333333333333,78.808,56.92664596273291
广东省,珠海市,斗门区,白蕉镇,113.3308179,22.2568132,23.0,8.0,0.0,50.0,180.0,118.0,4.0,2.0,95.0,3.0,2.0,0.0,0.0,4.0,1.0,2.0,1.0,0.0,0.0,8.0,0.0,0.0,12.0,0.0,6.0,7.0,1430.0,0.0,2.0,102.0,20.0,74.0,1.0,10.0,22.0,13.0,12.0,0.0,0.0,19.0,52.0,26.0,1.0,1.0,45.0,0.0,1.0,0.0,0.0,3.0,1.0,2.0,1.0,0.0,0.0,6.0,0.0,0.0,0.0,0.0,1.0,2.0,398.0,0.0,1.0,9.0,9.0,11.0,0.0,2.0,12.0,5.0,8413856355.0,16763766.0,珠海市斗门区,珠海市斗门区白蕉镇,20.0,30.0,16.0,20.0,86.0,72.73333333333333,78.808,56.92664596273291
广东省,珠海市,斗门区,井岸镇,113.2933193,22.2016988,0.0,70.0,26.0,147.0,496.0,382.0,50.0,103.0,215.0,44.0,3.0,0.0,5.0,15.0,6.0,15.0,1.0,3.0,3.0,115.0,6.0,1.0,12.0,0.0,2.0,18.0,2268.0,0.0,35.0,62.0,371.0,78.0,81.0,9.0,20.0,20.0,0.0,13.0,6.0,19.0,63.0,36.0,0.0,1.0,33.0,0.0,0.0,0.0,0.0,0.0,0.0,0.0,0.0,0.0,0.0,0.0,1.0,0.0,0.0,0.0,0.0,2.0,0.0,0.0,0.0,0.0,0.0,0.0,0.0,2.0,9.0,5.0,8413856356.0,18785442.0,珠海市斗门区,珠海市斗门区井岸镇,20.0,30.0,0.0,20.0,70.0,72.73333333333333,78.808,56.92664596273291
广东省,珠海市,金湾区,三灶镇,113.346485,22.0499568,0.0,61.0,84.0,174.0,242.0,105.0,1.0,127.0,189.0,4.0,2.0,1.0,1.0,1.0,5.0,5.0,0.0,0.0,3.0,3.0,11.0,0.0,20.0,0.0,0.0,7.0,202.0,1.0,2.0,10.0,10.0,17.0,1.0,3.0,22.0,12.0,0.0,15.0,18.0,89.0,103.0,16.0,0.0,57.0,45.0,2.0,1.0,0.0,1.0,1.0,2.0,2.0,0.0,0.0,3.0,2.0,8.0,0.0,4.0,0.0,0.0,2.0,25.0,0.0,0.0,3.0,0.0,8.0,0.0,1.0,13.0,7.0,7721687317.0,16763735.0,珠海市金湾区,珠海市金湾区三灶镇,20.0,30.0,19.0,20.0,89.0,80.6,78.808,56.92664596273291
广东省,珠海市,金湾区,南水镇,113.2316707,22.029714,9.0,0.0,0.0,30.0,20.0,67.0,0.0,4.0,62.0,0.0,1.0,0.0,0.0,0.0,3.0,3.0,0.0,0.0,0.0,0.0,13.0,0.0,4.0,0.0,0.0,7.0,5.0,0.0,0.0,0.0,0.0,3.0,0.0,3.0,11.0,14.0,0.0,0.0,0.0,17.0,15.0,13.0,0.0,3.0,16.0,0.0,1.0,0.0,0.0,0.0,1.0,1.0,0.0,0.0,0.0,0.0,1.0,0.0,0.0,0.0,0.0,2.0,5.0,0.0,0.0,0.0,0.0,2.0,0.0,2.0,5.0,6.0,8414331509.0,16763733.0,珠海市金湾区,珠海市金湾区南水镇,20.0,26.5,5.0,5.0,56.5,80.6,78.808,56.92664596273291
广东省,珠海市,金湾区,红旗镇,113.3402338,22.141534,38.0,44.0,137.0,308.0,204.0,289.0,22.0,509.0,279.0,18.0,3.0,5.0,3.0,7.0,12.0,24.0,3.0,5.0,11.0,90.0,59.0,7.0,9.0,5.0,4.0,6.0,328.0,49.0,129.0,93.0,109.0,135.0,28.0,10.0,30.0,26.0,0.0,0.0,19.0,50.0,68.0,32.0,0.0,89.0,41.0,3.0,0.0,1.0,1.0,1.0,2.0,4.0,2.0,1.0,3.0,32.0,11.0,0.0,2.0,2.0,0.0,3.0,53.0,3.0,10.0,4.0,22.0,10.0,5.0,4.0,12.0,13.0,8414331507.0,16763734.0,珠海市金湾区,珠海市金湾区红旗镇,20.0,30.0,30.0,20.0,100.0,80.6,78.808,56.92664596273291
广东省,珠海市,金湾区,平沙镇,113.1827798,22.1078721,0.0,0.0,42.0,116.0,108.0,83.0,0.0,7.0,201.0,1.0,1.0,2.0,2.0,2.0,6.0,7.0,0.0,0.0,1.0,4.0,25.0,0.0,3.0,0.0,0.0,11.0,26.0,0.0,0.0,0.0,2.0,9.0,2.0,4.0,12.0,13.0,0.0,0.0,0.0,38.0,64.0,13.0,0.0,1.0,32.0,0.0,0.0,1.0,2.0,2.0,3.0,4.0,0.0,0.0,1.0,2.0,3.0,0.0,1.0,0.0,0.0,1.0,13.0,0.0,0.0,0.0,1.0,5.0,1.0,1.0,8.0,8.0,8414331508.0,12301757.0,珠海市金湾区,珠海市金湾区平沙镇,20.0,30.0,19.0,7.9,76.9,80.6,78.808,56.92664596273291
广东省,汕头市,龙湖区,金霞街道,116.7166488,23.3782987,46.0,76.0,106.0,209.0,516.0,182.0,3.0,293.0,397.0,38.0,4.0,34.0,4.0,7.0,32.0,46.0,2.0,4.0,17.0,47.0,158.0,22.0,10.0,1.0,18.0,16.0,3171.0,17.0,29.0,15.0,175.0,100.0,21.0,18.0,22.0,21.0,12.0,5.0,22.0,41.0,71.0,14.0,0.0,5.0,6.0,3.0,1.0,9.0,1.0,1.0,1.0,3.0,1.0,2.0,2.0,5.0,21.0,1.0,6.0,0.0,1.0,4.0,307.0,0.0,1.0,0.0,27.0,5.0,2.0,9.0,16.0,11.0,5524103745.0,8171788.0,汕头市龙湖区,汕头市龙湖区金霞街道,20.0,30.0,29.0,20.0,99.0,73.15,59.311940298507466,56.92664596273291
广东省,汕头市,龙湖区,珠池街道,116.7337801,23.3710403,78.0,88.0,81.0,259.0,448.0,193.0,5.0,256.0,305.0,29.0,3.0,28.0,2.0,2.0,18.0,27.0,2.0,3.0,6.0,42.0,143.0,20.0,10.0,1.0,13.0,12.0,2389.0,17.0,120.0,25.0,109.0,79.0,17.0,16.0,27.0,24.0,0.0,6.0,6.0,34.0,79.0,23.0,0.0,22.0,77.0,0.0,1.0,7.0,0.0,0.0,2.0,3.0,0.0,1.0,0.0,2.0,32.0,7.0,0.0,0.0,1.0,2.0,403.0,10.0,10.0,0.0,11.0,20.0,3.0,3.0,12.0,11.0,5524103755.0,8171789.0,汕头市龙湖区,汕头市龙湖区珠池街道,20.0,30.0,14.0,20.0,84.0,73.15,59.311940298507466,56.92664596273291
广东省,汕头市,龙湖区,新津街道,116.7308595,23.3813914,92.0,71.0,56.0,241.0,499.0,190.0,3.0,172.0,360.0,18.0,3.0,27.0,1.0,1.0,21.0,30.0,2.0,3.0,6.0,39.0,130.0,20.0,10.0,1.0,12.0,12.0,2150.0,17.0,118.0,2.0,109.0,64.0,16.0,16.0,24.0,22.0,6.0,4.0,8.0,19.0,30.0,1.0,0.0,0.0,50.0,0.0,1.0,2.0,0.0,0.0,2.0,2.0,0.0,1.0,0.0,0.0,0.0,0.0,0.0,0.0,0.0,1.0,6.0,0.0,2.0,0.0,5.0,0.0,1.0,3.0,11.0,3.0,5524103761.0,8171790.0,汕头市龙湖区,汕头市龙湖区新津街道,20.0,30.0,12.0,20.0,82.0,73.15,59.311940298507466,56.92664596273291
广东省,汕头市,龙湖区,鸥汀街道,116.7128671,23.4175737,23.0,7.0,16.0,76.0,152.0,34.0,0.0,0.0,69.0,0.0,1.0,3.0,0.0,0.0,6.0,6.0,0.0,0.0,0.0,0.0,2.0,0.0,7.0,0.0,0.0,5.0,102.0,0.0,0.0,0.0,2.0,7.0,0.0,17.0,20.0,10.0,4.0,0.0,6.0,13.0,16.0,0.0,0.0,0.0,13.0,0.0,0.0,2.0,0.0,0.0,1.0,1.0,0.0,0.0,0.0,0.0,0.0,0.0,0.0,0.0,0.0,1.0,34.0,0.0,0.0,0.0,1.0,0.0,0.0,5.0,7.0,4.0,5524103923.0,8171792.0,汕头市龙湖区,汕头市龙湖区鸥汀街道,20.0,28.0,10.0,17.6,75.6,73.15,59.311940298507466,56.92664596273291
广东省,汕头市,龙湖区,龙祥街道,116.7199441,23.4076739,61.0,13.0,29.0,94.0,261.0,28.0,0.0,0.0,119.0,1.0,1.0,3.0,0.0,0.0,9.0,10.0,0.0,0.0,0.0,2.0,3.0,0.0,5.0,0.0,5.0,5.0,251.0,0.0,98.0,1.0,4.0,7.0,1.0,15.0,19.0,14.0,12.0,0.0,6.0,16.0,30.0,5.0,0.0,0.0,17.0,0.0,0.0,2.0,0.0,0.0,0.0,0.0,0.0,0.0,0.0,0.0,0.0,0.0,0.0,0.0,0.0,1.0,5.0,0.0,0.0,0.0,1.0,1.0,0.0,7.0,10.0,3.0,5524104436.0,8171791.0,汕头市龙湖区,汕头市龙湖区龙祥街道,20.0,30.0,5.0,20.0,75.0,73.15,59.311940298507466,56.92664596273291
广东省,汕头市,龙湖区,外砂街道,116.7501964,23.4436178,20.0,4.0,9.0,70.0,157.0,26.0,0.0,0.0,1.0,1.0,1.0,2.0,0.0,0.0,4.0,4.0,1.0,0.0,0.0,0.0,16.0,0.0,0.0,0.0,0.0,19.0,5.0,0.0,0.0,1.0,1.0,16.0,0.0,16.0,14.0,8.0,4.0,0.0,0.0,7.0,14.0,0.0,0.0,0.0,1.0,0.0,0.0,1.0,0.0,0.0,0.0,0.0,0.0,0.0,0.0,0.0,0.0,0.0,0.0,0.0,0.0,5.0,1.0,0.0,0.0,0.0,1.0,6.0,0.0,5.0,5.0,4.0,5522944033.0,8171793.0,汕头市龙湖区,汕头市龙湖区外砂街道,20.0,30.0,5.0,4.7,59.7,73.15,59.311940298507466,56.92664596273291
广东省,汕头市,龙湖区,龙华街道,116.7398642,23.4317492,28.0,6.0,6.0,44.0,132.0,30.0,0.0,0.0,12.0,1.0,1.0,1.0,0.0,0.0,1.0,1.0,0.0,0.0,0.0,0.0,11.0,0.0,1.0,0.0,0.0,15.0,47.0,0.0,0.0,0.0,1.0,18.0,0.0,16.0,16.0,12.0,6.0,0.0,0.0,8.0,16.0,2.0,0.0,0.0,1.0,1.0,1.0,0.0,0.0,0.0,1.0,1.0,0.0,0.0,0.0,0.0,1.0,0.0,0.0,0.0,0.0,3.0,1.0,0.0,0.0,0.0,0.0,4.0,0.0,5.0,9.0,6.0,8399752927.0,-1.0,汕头市龙湖区,汕头市龙湖区龙华街道,12.0,30.0,10.0,8.8,60.8,73.15,59.311940298507466,56.92664596273291
广东省,汕头市,龙湖区,新溪街道,116.7694195,23.398384,30.0,13.0,13.0,60.0,205.0,13.0,0.0,0.0,47.0,0.0,0.0,3.0,0.0,0.0,5.0,5.0,0.0,0.0,0.0,2.0,31.0,1.0,5.0,0.0,1.0,17.0,125.0,0.0,93.0,2.0,4.0,0.0,1.0,12.0,17.0,15.0,0.0,0.0,3.0,13.0,23.0,2.0,0.0,0.0,0.0,0.0,0.0,2.0,0.0,0.0,2.0,2.0,0.0,0.0,0.0,0.0,8.0,1.0,2.0,0.0,0.0,4.0,9.0,0.0,0.0,1.0,3.0,0.0,0.0,2.0,7.0,7.0,5524103729.0,8174247.0,汕头市龙湖区,汕头市龙湖区新溪街道,20.0,26.0,10.0,17.700000000000003,73.7,73.15,59.311940298507466,56.92664596273291
广东省,汕头市,龙湖区,新海街道,116.7793463,23.3772412,10.0,14.0,15.0,99.0,131.0,27.0,0.0,5.0,16.0,1.0,0.0,2.0,0.0,0.0,3.0,4.0,0.0,0.0,0.0,1.0,23.0,3.0,2.0,0.0,2.0,9.0,24.0,0.0,0.0,3.0,3.0,0.0,1.0,8.0,18.0,13.0,2.0,2.0,5.0,8.0,16.0,0.0,0.0,3.0,0.0,0.0,0.0,0.0,0.0,0.0,0.0,0.0,0.0,0.0,0.0,0.0,0.0,0.0,0.0,0.0,0.0,2.0,0.0,0.0,0.0,0.0,0.0,0.0,0.0,1.0,10.0,2.0,8399752928.0,-1.0,汕头市龙湖区,汕头市龙湖区新海街道,12.0,28.0,5.0,6.7,51.7,73.15,59.311940298507466,56.92664596273291
广东省,汕头市,龙湖区,龙腾街道,116.770197,23.3456308,16.0,23.0,24.0,128.0,86.0,77.0,0.0,159.0,0.0,11.0,0.0,2.0,3.0,3.0,4.0,7.0,1.0,0.0,0.0,6.0,59.0,4.0,0.0,0.0,7.0,1.0,415.0,0.0,1.0,46.0,5.0,103.0,9.0,14.0,22.0,24.0,0.0,0.0,6.0,34.0,13.0,14.0,0.0,13.0,0.0,0.0,0.0,2.0,1.0,1.0,3.0,4.0,0.0,0.0,0.0,0.0,30.0,2.0,0.0,0.0,4.0,0.0,88.0,0.0,0.0,0.0,0.0,24.0,0.0,2.0,9.0,10.0,-2.0,14419879.0,汕头市龙湖区,汕头市龙湖区龙腾街道,9.0,26.0,15.0,20.0,70.0,73.15,59.311940298507466,56.92664596273291
广东省,汕头市,金平区,石炮台街道,116.6958415,23.3589601,26.0,68.0,136.0,163.0,416.0,226.0,18.0,408.0,329.0,58.0,6.0,29.0,12.0,25.0,52.0,68.0,4.0,4.0,26.0,70.0,157.0,12.0,11.0,1.0,10.0,15.0,4557.0,7.0,26.0,31.0,350.0,128.0,45.0,24.0,24.0,27.0,0.0,0.0,16.0,29.0,65.0,43.0,7.0,87.0,73.0,17.0,1.0,4.0,6.0,12.0,13.0,17.0,1.0,1.0,5.0,12.0,40.0,1.0,2.0,0.0,2.0,1.0,1578.0,0.0,3.0,10.0,146.0,45.0,11.0,5.0,13.0,12.0,5521967696.0,8169464.0,汕头市金平区,汕头市金平区石炮台街道,20.0,30.0,30.0,20.0,100.0,80.00833333333334,59.311940298507466,56.92664596273291
广东省,汕头市,金平区,金砂街道,116.6904211,23.3722161,44.0,56.0,134.0,172.0,483.0,215.0,18.0,337.0,350.0,58.0,3.0,30.0,10.0,23.0,48.0,64.0,4.0,4.0,26.0,70.0,151.0,10.0,10.0,1.0,11.0,17.0,4186.0,7.0,25.0,19.0,352.0,112.0,45.0,22.0,23.0,22.0,0.0,10.0,28.0,12.0,55.0,12.0,0.0,22.0,67.0,3.0,0.0,2.0,3.0,4.0,7.0,7.0,0.0,0.0,3.0,13.0,7.0,1.0,0.0,0.0,3.0,3.0,330.0,0.0,0.0,2.0,17.0,16.0,1.0,6.0,13.0,8.0,5521967698.0,8169471.0,汕头市金平区,汕头市金平区金砂街道,20.0,30.0,23.0,20.0,93.0,80.00833333333334,59.311940298507466,56.92664596273291
广东省,汕头市,金平区,东方街道,116.7096988,23.3678984,45.0,76.0,115.0,198.0,456.0,229.0,10.0,367.0,371.0,47.0,5.0,34.0,8.0,17.0,38.0,54.0,2.0,4.0,19.0,52.0,163.0,20.0,10.0,1.0,17.0,18.0,4294.0,17.0,23.0,25.0,310.0,117.0,25.0,22.0,21.0,22.0,0.0,17.0,39.0,55.0,114.0,76.0,0.0,74.0,61.0,22.0,0.0,16.0,1.0,3.0,8.0,14.0,2.0,3.0,9.0,23.0,64.0,8.0,4.0,1.0,2.0,5.0,1107.0,7.0,9.0,1.0,101.0,31.0,15.0,8.0,16.0,15.0,5521967703.0,8169462.0,汕头市金平区,汕头市金平区东方街道,20.0,30.0,30.0,20.0,100.0,80.00833333333334,59.311940298507466,56.92664596273291
广东省,汕头市,金平区,大华街道,116.6832786,23.3613111,30.0,44.0,112.0,130.0,376.0,229.0,20.0,351.0,295.0,55.0,5.0,16.0,11.0,24.0,46.0,57.0,3.0,2.0,21.0,62.0,159.0,8.0,4.0,0.0,7.0,9.0,4151.0,3.0,23.0,28.0,313.0,131.0,44.0,27.0,23.0,24.0,0.0,1.0,27.0,41.0,74.0,62.0,12.0,87.0,91.0,15.0,0.0,6.0,6.0,11.0,18.0,20.0,2.0,1.0,5.0,15.0,26.0,0.0,1.0,0.0,0.0,3.0,1306.0,0.0,3.0,4.0,158.0,36.0,17.0,9.0,15.0,15.0,5521967707.0,8169465.0,汕头市金平区,汕头市金平区大华街道,20.0,30.0,30.0,20.0,100.0,80.00833333333334,59.311940298507466,56.92664596273291
广东省,汕头市,金平区,光华街道,116.6689517,23.3706473,30.0,23.0,91.0,114.0,297.0,144.0,20.0,155.0,234.0,30.0,2.0,9.0,9.0,19.0,32.0,36.0,2.0,1.0,12.0,42.0,93.0,1.0,5.0,0.0,4.0,7.0,2506.0,0.0,15.0,15.0,201.0,64.0,31.0,22.0,22.0,18.0,12.0,2.0,34.0,18.0,31.0,17.0,0.0,23.0,8.0,6.0,0.0,1.0,0.0,0.0,1.0,1.0,0.0,0.0,0.0,0.0,3.0,0.0,0.0,0.0,0.0,1.0,36.0,0.0,0.0,1.0,4.0,2.0,1.0,7.0,17.0,7.0,5521967717.0,8169470.0,汕头市金平区,汕头市金平区光华街道,20.0,30.0,10.0,20.0,80.0,80.00833333333334,59.311940298507466,56.92664596273291
广东省,汕头市,金平区,广厦街道,116.7032524,23.3975553,55.0,28.0,53.0,99.0,281.0,42.0,0.0,11.0,136.0,4.0,2.0,11.0,0.0,3.0,10.0,14.0,1.0,2.0,3.0,14.0,24.0,1.0,8.0,0.0,9.0,8.0,365.0,0.0,0.0,0.0,44.0,15.0,3.0,14.0,20.0,15.0,0.0,1.0,12.0,30.0,34.0,0.0,0.0,0.0,33.0,0.0,0.0,1.0,0.0,0.0,1.0,2.0,0.0,0.0,0.0,1.0,0.0,0.0,0.0,0.0,0.0,1.0,3.0,0.0,0.0,0.0,1.0,0.0,0.0,6.0,10.0,2.0,5521967704.0,8169892.0,汕头市金平区,汕头市金平区广厦街道,20.0,30.0,11.0,20.0,81.0,80.00833333333334,59.311940298507466,56.92664596273291
广东省,汕头市,金平区,岐山街道,116.6841133,23.3922096,42.0,34.0,64.0,89.0,283.0,57.0,0.0,71.0,139.0,10.0,2.0,4.0,1.0,4.0,10.0,15.0,0.0,0.0,4.0,18.0,16.0,2.0,5.0,0.0,7.0,6.0,245.0,0.0,0.0,5.0,35.0,16.0,2.0,18.0,20.0,16.0,8.0,9.0,2.0,0.0,36.0,0.0,0.0,3.0,1.0,0.0,0.0,1.0,0.0,0.0,0.0,0.0,0.0,0.0,0.0,0.0,1.0,0.0,0.0,0.0,0.0,1.0,1.0,0.0,0.0,0.0,1.0,0.0,0.0,7.0,10.0,3.0,5521967706.0,8169472.0,汕头市金平区,汕头市金平区岐山街道,20.0,30.0,5.0,20.0,75.0,80.00833333333334,59.311940298507466,56.92664596273291
广东省,汕头市,金平区,鮀莲街道,116.5961965,23.4247161,10.0,0.0,3.0,1.0,78.0,25.0,3.0,15.0,53.0,0.0,1.0,1.0,0.0,1.0,0.0,1.0,0.0,0.0,0.0,2.0,7.0,1.0,5.0,0.0,0.0,1.0,22.0,0.0,0.0,0.0,2.0,3.0,3.0,11.0,19.0,12.0,5.0,0.0,1.0,1.0,18.0,6.0,3.0,1.0,28.0,0.0,0.0,1.0,0.0,0.0,0.0,0.0,0.0,0.0,0.0,1.0,2.0,1.0,1.0,0.0,0.0,1.0,1.0,0.0,0.0,0.0,2.0,0.0,1.0,2.0,12.0,7.0,-1.0,-1.0,汕头市金平区,汕头市金平区鮀莲街道,1.0,28.0,6.0,6.300000000000001,41.3,80.00833333333334,59.311940298507466,56.92664596273291
广东省,汕头市,金平区,鮀江街道,116.6436655,23.408064,19.0,0.0,29.0,49.0,309.0,72.0,7.0,104.0,61.0,47.0,2.0,1.0,2.0,3.0,1.0,5.0,0.0,0.0,2.0,3.0,11.0,0.0,4.0,0.0,0.0,1.0,144.0,22.0,42.0,5.0,4.0,45.0,5.0,13.0,19.0,14.0,12.0,0.0,2.0,9.0,100.0,18.0,4.0,15.0,18.0,10.0,2.0,1.0,0.0,0.0,0.0,3.0,0.0,0.0,0.0,0.0,2.0,0.0,1.0,0.0,0.0,1.0,15.0,1.0,2.0,0.0,4.0,6.0,1.0,3.0,14.0,8.0,-1.0,-1.0,汕头市金平区,汕头市金平区鮀江街道,1.0,30.0,5.0,20.0,56.0,80.00833333333334,59.311940298507466,56.92664596273291
广东省,汕头市,金平区,月浦街道,116.6815567,23.4219885,0.0,21.0,11.0,50.0,172.0,20.0,0.0,2.0,0.0,0.0,0.0,0.0,0.0,0.0,6.0,6.0,0.0,0.0,0.0,0.0,5.0,0.0,8.0,0.0,0.0,8.0,54.0,0.0,0.0,1.0,0.0,4.0,0.0,11.0,20.0,10.0,0.0,4.0,0.0,9.0,15.0,0.0,0.0,0.0,0.0,0.0,0.0,0.0,0.0,0.0,0.0,0.0,0.0,0.0,0.0,0.0,0.0,0.0,0.0,0.0,0.0,1.0,3.0,0.0,0.0,0.0,0.0,0.0,0.0,3.0,11.0,2.0,5521967705.0,8169893.0,汕头市金平区,汕头市金平区月浦街道,20.0,24.0,0.0,9.8,53.8,80.00833333333334,59.311940298507466,56.92664596273291
广东省,汕头市,金平区,小公园街道,116.6791844,23.3601203,25.0,22.0,95.0,116.0,341.0,215.0,20.0,324.0,266.0,47.0,5.0,15.0,11.0,24.0,43.0,52.0,3.0,2.0,20.0,51.0,151.0,6.0,4.0,0.0,6.0,8.0,3877.0,0.0,20.0,29.0,294.0,120.0,44.0,25.0,23.0,24.0,0.0,1.0,30.0,35.0,79.0,61.0,12.0,105.0,84.0,11.0,0.0,5.0,4.0,9.0,19.0,20.0,2.0,1.0,8.0,21.0,30.0,0.0,0.0,0.0,0.0,3.0,1235.0,0.0,2.0,4.0,122.0,27.0,16.0,9.0,18.0,14.0,5521967737.0,8169466.0,汕头市金平区,汕头市金平区小公园街道,20.0,30.0,30.0,20.0,100.0,80.00833333333334,59.311940298507466,56.92664596273291
广东省,汕头市,金平区,金东街道,116.6963373,23.3905474,47.0,42.0,73.0,114.0,329.0,77.0,0.0,51.0,196.0,16.0,3.0,17.0,3.0,8.0,18.0,25.0,1.0,2.0,9.0,28.0,54.0,4.0,8.0,0.0,9.0,10.0,1116.0,0.0,1.0,6.0,89.0,36.0,11.0,20.0,20.0,14.0,7.0,7.0,12.0,23.0,34.0,4.0,0.0,5.0,23.0,0.0,0.0,0.0,0.0,0.0,2.0,4.0,0.0,0.0,0.0,0.0,0.0,0.0,0.0,0.0,1.0,1.0,1.0,0.0,0.0,0.0,0.0,1.0,0.0,5.0,13.0,4.0,5521967702.0,8169473.0,汕头市金平区,汕头市金平区金东街道,20.0,30.0,10.0,20.0,80.0,80.00833333333334,59.311940298507466,56.92664596273291
广东省,汕头市,濠江区,达濠街道,116.7314553,23.2821329,0.0,5.0,15.0,26.0,60.0,20.0,0.0,0.0,1.0,0.0,0.0,8.0,0.0,0.0,1.0,1.0,1.0,0.0,0.0,0.0,4.0,0.0,3.0,0.0,0.0,5.0,34.0,0.0,0.0,10.0,2.0,9.0,1.0,6.0,10.0,11.0,0.0,3.0,4.0,5.0,10.0,8.0,0.0,0.0,0.0,0.0,0.0,1.0,0.0,0.0,0.0,0.0,0.0,0.0,0.0,0.0,0.0,0.0,0.0,0.0,0.0,1.0,1.0,0.0,0.0,0.0,1.0,3.0,1.0,1.0,7.0,7.0,5552314826.0,8209240.0,汕头市濠江区,汕头市濠江区达濠街道,20.0,26.0,5.0,8.5,59.5,57.82857142857143,59.311940298507466,56.92664596273291
广东省,汕头市,濠江区,马窖街道,116.7197819,23.2619209,0.0,11.0,15.0,40.0,41.0,25.0,0.0,0.0,1.0,0.0,0.0,6.0,0.0,0.0,0.0,1.0,1.0,0.0,0.0,0.0,1.0,0.0,15.0,0.0,2.0,5.0,30.0,0.0,0.0,11.0,2.0,5.0,0.0,7.0,9.0,12.0,0.0,0.0,7.0,6.0,2.0,5.0,0.0,0.0,0.0,0.0,0.0,0.0,0.0,0.0,0.0,0.0,0.0,0.0,0.0,0.0,0.0,0.0,6.0,0.0,0.0,1.0,6.0,0.0,0.0,0.0,0.0,2.0,0.0,2.0,5.0,4.0,-1.0,-1.0,汕头市濠江区,汕头市濠江区马窖街道,5.0,24.8,5.0,8.7,43.5,57.82857142857143,59.311940298507466,56.92664596273291
广东省,汕头市,濠江区,礐石街道,116.6858216,23.2939256,10.0,8.0,4.0,33.0,65.0,5.0,0.0,6.0,0.0,0.0,0.0,1.0,0.0,0.0,1.0,1.0,0.0,0.0,0.0,0.0,6.0,0.0,2.0,0.0,0.0,3.0,8.0,0.0,0.0,4.0,1.0,6.0,0.0,8.0,17.0,10.0,2.0,2.0,0.0,11.0,18.0,1.0,0.0,0.0,0.0,0.0,0.0,1.0,0.0,0.0,1.0,1.0,0.0,0.0,0.0,0.0,1.0,0.0,2.0,0.0,0.0,1.0,3.0,0.0,0.0,0.0,1.0,3.0,0.0,3.0,9.0,7.0,5552314825.0,8209239.0,汕头市濠江区,汕头市濠江区礐石街道,18.0,24.0,10.0,5.5,57.5,57.82857142857143,59.311940298507466,56.92664596273291
广东省,汕头市,濠江区,广澳街道,116.7562418,23.272378,0.0,8.0,2.0,16.0,52.0,30.0,0.0,0.0,1.0,0.0,0.0,5.0,0.0,0.0,2.0,2.0,0.0,0.0,0.0,0.0,8.0,1.0,19.0,0.0,0.0,3.0,72.0,0.0,0.0,4.0,2.0,7.0,0.0,3.0,11.0,11.0,0.0,4.0,0.0,2.0,9.0,1.0,0.0,0.0,0.0,0.0,0.0,1.0,0.0,0.0,0.0,0.0,0.0,0.0,0.0,0.0,2.0,0.0,1.0,0.0,0.0,1.0,5.0,0.0,0.0,0.0,1.0,0.0,0.0,2.0,5.0,5.0,5552314827.0,8209241.0,汕头市濠江区,汕头市濠江区广澳街道,18.0,26.0,5.0,12.1,61.1,57.82857142857143,59.311940298507466,56.92664596273291
广东省,汕头市,濠江区,滨海街道,116.6853685,23.2524539,7.0,6.0,13.0,60.0,91.0,36.0,0.0,0.0,1.0,2.0,0.0,4.0,0.0,0.0,5.0,6.0,1.0,0.0,0.0,0.0,3.0,1.0,41.0,0.0,3.0,2.0,37.0,0.0,0.0,1.0,0.0,3.0,0.0,9.0,17.0,12.0,5.0,4.0,1.0,11.0,24.0,5.0,0.0,0.0,0.0,0.0,0.0,1.0,0.0,0.0,3.0,3.0,0.0,0.0,0.0,0.0,0.0,0.0,6.0,0.0,0.0,1.0,1.0,0.0,0.0,0.0,0.0,0.0,0.0,2.0,8.0,3.0,5552314823.0,8209243.0,汕头市濠江区,汕头市濠江区滨海街道,17.0,28.0,10.0,7.9,62.9,57.82857142857143,59.311940298507466,56.92664596273291
广东省,汕头市,濠江区,河浦街道,116.6540281,23.2748222,4.0,4.0,10.0,29.0,76.0,18.0,0.0,0.0,0.0,1.0,0.0,2.0,0.0,0.0,1.0,1.0,1.0,0.0,0.0,0.0,4.0,0.0,21.0,0.0,0.0,2.0,23.0,0.0,0.0,1.0,1.0,3.0,0.0,9.0,15.0,6.0,2.0,0.0,2.0,4.0,33.0,0.0,0.0,0.0,0.0,0.0,0.0,1.0,0.0,0.0,0.0,0.0,0.0,0.0,0.0,0.0,1.0,0.0,0.0,0.0,0.0,1.0,13.0,0.0,0.0,0.0,1.0,2.0,0.0,4.0,7.0,4.0,5552314821.0,8209245.0,汕头市濠江区,汕头市濠江区河浦街道,17.0,26.0,5.0,6.7,54.7,57.82857142857143,59.311940298507466,56.92664596273291
广东省,汕头市,濠江区,玉新街道,116.6680867,23.2693607,7.0,7.0,10.0,42.0,114.0,21.0,0.0,0.0,0.0,1.0,0.0,3.0,0.0,0.0,5.0,5.0,1.0,0.0,0.0,0.0,3.0,0.0,25.0,0.0,0.0,3.0,24.0,0.0,0.0,1.0,1.0,3.0,0.0,10.0,15.0,7.0,0.0,0.0,7.0,14.0,7.0,12.0,0.0,0.0,0.0,0.0,0.0,1.0,0.0,0.0,1.0,1.0,1.0,0.0,0.0,0.0,2.0,0.0,3.0,0.0,0.0,1.0,6.0,0.0,0.0,0.0,0.0,0.0,0.0,3.0,11.0,3.0,5552314822.0,8209244.0,汕头市濠江区,汕头市濠江区玉新街道,18.0,26.0,15.0,6.6,65.6,57.82857142857143,59.311940298507466,56.92664596273291
广东省,汕头市,潮阳区,文光街道,116.597149,23.2597754,5.0,13.0,19.0,62.0,145.0,4.0,0.0,4.0,0.0,1.0,0.0,0.0,1.0,1.0,6.0,6.0,0.0,0.0,0.0,3.0,2.0,0.0,1.0,1.0,0.0,4.0,11.0,0.0,1.0,1.0,2.0,14.0,2.0,9.0,16.0,10.0,0.0,4.0,10.0,17.0,56.0,2.0,0.0,1.0,0.0,0.0,0.0,0.0,0.0,0.0,0.0,0.0,0.0,0.0,0.0,0.0,1.0,0.0,0.0,0.0,0.0,2.0,5.0,0.0,0.0,0.0,0.0,1.0,2.0,3.0,9.0,5.0,8398780617.0,-1.0,汕头市潮阳区,汕头市潮阳区文光街道,11.0,26.0,0.0,5.7,42.7,41.20769230769231,59.311940298507466,56.92664596273291
广东省,汕头市,潮阳区,棉北街道,116.5932258,23.281652,9.0,10.0,10.0,43.0,107.0,4.0,0.0,3.0,0.0,0.0,0.0,0.0,1.0,1.0,6.0,6.0,0.0,0.0,0.0,3.0,2.0,0.0,1.0,1.0,0.0,4.0,11.0,0.0,1.0,1.0,2.0,10.0,2.0,9.0,15.0,13.0,7.0,6.0,1.0,20.0,21.0,0.0,0.0,0.0,0.0,0.0,0.0,0.0,0.0,0.0,2.0,2.0,0.0,0.0,0.0,0.0,0.0,0.0,1.0,0.0,0.0,1.0,0.0,0.0,0.0,0.0,0.0,0.0,0.0,2.0,9.0,3.0,8398721515.0,-1.0,汕头市潮阳区,汕头市潮阳区棉北街道,11.0,24.0,5.0,5.2,45.2,41.20769230769231,59.311940298507466,56.92664596273291
广东省,汕头市,潮阳区,城南街道,116.6090689,23.253491,2.0,12.0,16.0,54.0,142.0,4.0,0.0,4.0,0.0,1.0,0.0,0.0,1.0,1.0,6.0,6.0,0.0,0.0,0.0,3.0,2.0,0.0,0.0,1.0,0.0,3.0,6.0,0.0,0.0,1.0,1.0,14.0,2.0,10.0,13.0,7.0,0.0,6.0,6.0,12.0,15.0,0.0,0.0,0.0,0.0,0.0,0.0,0.0,0.0,0.0,0.0,0.0,0.0,0.0,0.0,0.0,0.0,0.0,0.0,0.0,0.0,1.0,0.0,0.0,0.0,0.0,0.0,0.0,0.0,1.0,6.0,0.0,8398721516.0,-1.0,汕头市潮阳区,汕头市潮阳区城南街道,10.0,26.0,0.0,4.2,40.2,41.20769230769231,59.311940298507466,56.92664596273291
广东省,汕头市,潮阳区,金浦街道,116.547929,23.249889,10.0,0.0,3.0,11.0,56.0,6.0,0.0,0.0,0.0,0.0,0.0,0.0,0.0,0.0,0.0,0.0,0.0,0.0,0.0,0.0,0.0,0.0,0.0,0.0,0.0,4.0,0.0,0.0,0.0,0.0,0.0,0.0,0.0,7.0,12.0,4.0,2.0,0.0,0.0,9.0,23.0,0.0,0.0,0.0,0.0,0.0,0.0,0.0,0.0,0.0,0.0,0.0,0.0,0.0,0.0,0.0,0.0,0.0,0.0,0.0,0.0,3.0,0.0,0.0,0.0,0.0,0.0,0.0,0.0,2.0,5.0,1.0,8398780625.0,-1.0,汕头市潮阳区,汕头市潮阳区金浦街道,11.0,24.0,0.0,2.0,37.0,41.20769230769231,59.311940298507466,56.92664596273291
广东省,汕头市,潮阳区,海门镇,116.6141798,23.1845063,5.0,0.0,12.0,11.0,77.0,8.0,0.0,0.0,0.0,1.0,0.0,0.0,0.0,0.0,0.0,1.0,0.0,0.0,0.0,0.0,2.0,0.0,1.0,0.0,0.0,1.0,1.0,0.0,0.0,9.0,0.0,0.0,1.0,7.0,8.0,9.0,0.0,0.0,3.0,6.0,24.0,0.0,0.0,0.0,0.0,1.0,0.0,0.0,0.0,0.0,0.0,1.0,0.0,0.0,0.0,0.0,1.0,0.0,0.0,0.0,0.0,1.0,1.0,0.0,0.0,3.0,0.0,0.0,1.0,1.0,4.0,7.0,369489759.0,-1.0,汕头市潮阳区,汕头市潮阳区海门镇,8.0,26.0,0.0,5.4,39.4,41.20769230769231,59.311940298507466,56.92664596273291
广东省,汕头市,潮阳区,河溪镇,116.5497999,23.3170918,0.0,2.0,0.0,14.0,47.0,1.0,0.0,0.0,0.0,0.0,0.0,0.0,0.0,0.0,0.0,0.0,0.0,0.0,0.0,0.0,1.0,0.0,0.0,0.0,0.0,8.0,0.0,0.0,0.0,0.0,0.0,0.0,0.0,8.0,8.0,6.0,0.0,0.0,0.0,11.0,32.0,0.0,0.0,0.0,0.0,0.0,0.0,0.0,0.0,0.0,0.0,0.0,0.0,0.0,0.0,0.0,0.0,0.0,0.0,0.0,0.0,5.0,0.0,0.0,0.0,0.0,0.0,0.0,0.0,1.0,3.0,2.0,8398780624.0,-1.0,汕头市潮阳区,汕头市潮阳区河溪镇,12.0,24.0,0.0,3.0,39.0,41.20769230769231,59.311940298507466,56.92664596273291
广东省,汕头市,潮阳区,和平镇,116.483312,23.2498801,11.0,11.0,7.0,20.0,41.0,0.0,0.0,0.0,0.0,0.0,0.0,0.0,0.0,0.0,0.0,0.0,0.0,0.0,0.0,0.0,0.0,0.0,0.0,0.0,0.0,1.0,0.0,0.0,0.0,0.0,0.0,0.0,1.0,7.0,9.0,4.0,0.0,0.0,3.0,5.0,10.0,0.0,0.0,0.0,0.0,0.0,0.0,0.0,0.0,0.0,0.0,0.0,0.0,0.0,0.0,0.0,0.0,0.0,0.0,0.0,0.0,1.0,0.0,0.0,0.0,0.0,0.0,0.0,0.0,3.0,3.0,2.0,369488060.0,-1.0,汕头市潮阳区,汕头市潮阳区和平镇,8.0,24.0,0.0,2.0,34.0,41.20769230769231,59.311940298507466,56.92664596273291
广东省,汕头市,潮阳区,西胪镇,116.4999978,23.3836968,0.0,13.0,2.0,9.0,95.0,13.0,1.0,14.0,0.0,0.0,0.0,1.0,1.0,1.0,6.0,6.0,0.0,0.0,0.0,0.0,24.0,0.0,0.0,0.0,0.0,13.0,10.0,0.0,1.0,3.0,0.0,6.0,0.0,2.0,16.0,11.0,0.0,6.0,0.0,4.0,25.0,4.0,0.0,4.0,0.0,0.0,0.0,1.0,1.0,1.0,5.0,5.0,0.0,0.0,0.0,0.0,13.0,0.0,0.0,0.0,0.0,2.0,1.0,0.0,0.0,0.0,0.0,1.0,0.0,1.0,8.0,7.0,8398780618.0,-1.0,汕头市潮阳区,汕头市潮阳区西胪镇,12.0,24.0,15.0,5.4,56.4,41.20769230769231,59.311940298507466,56.92664596273291
广东省,汕头市,潮阳区,关埠镇,116.4739107,23.4331385,0.0,10.0,0.0,27.0,112.0,5.0,0.0,0.0,2.0,0.0,0.0,0.0,0.0,0.0,0.0,0.0,0.0,0.0,0.0,0.0,9.0,0.0,1.0,0.0,0.0,12.0,0.0,0.0,0.0,1.0,0.0,0.0,0.0,9.0,6.0,5.0,0.0,0.0,0.0,8.0,19.0,4.0,0.0,0.0,0.0,0.0,0.0,0.0,0.0,0.0,0.0,0.0,0.0,0.0,0.0,0.0,0.0,0.0,0.0,0.0,0.0,2.0,0.0,0.0,0.0,0.0,0.0,0.0,0.0,7.0,4.0,2.0,8398780619.0,-1.0,汕头市潮阳区,汕头市潮阳区关埠镇,12.0,25.0,0.0,2.6,39.6,41.20769230769231,59.311940298507466,56.92664596273291
广东省,汕头市,潮阳区,谷饶镇,116.3999963,23.3498635,0.0,24.0,6.0,82.0,154.0,6.0,0.0,0.0,0.0,0.0,0.0,0.0,1.0,1.0,6.0,6.0,0.0,0.0,0.0,0.0,0.0,0.0,7.0,0.0,0.0,17.0,0.0,0.0,0.0,0.0,0.0,0.0,0.0,2.0,7.0,2.0,0.0,7.0,1.0,26.0,16.0,4.0,0.0,0.0,0.0,0.0,0.0,0.0,0.0,0.0,1.0,1.0,0.0,0.0,0.0,0.0,0.0,0.0,0.0,0.0,0.0,1.0,0.0,0.0,0.0,0.0,0.0,0.0,0.0,1.0,6.0,0.0,8398780622.0,-1.0,汕头市潮阳区,汕头市潮阳区谷饶镇,12.0,23.5,5.0,1.0,41.5,41.20769230769231,59.311940298507466,56.92664596273291
广东省,汕头市,潮阳区,贵屿镇,116.3492985,23.3202374,0.0,0.0,19.0,22.0,19.0,0.0,0.0,0.0,0.0,0.0,0.0,0.0,0.0,0.0,0.0,0.0,0.0,0.0,0.0,0.0,1.0,0.0,0.0,0.0,0.0,10.0,0.0,0.0,0.0,0.0,0.0,0.0,0.0,11.0,6.0,2.0,0.0,0.0,7.0,8.0,6.0,0.0,0.0,0.0,0.0,0.0,0.0,0.0,0.0,0.0,0.0,0.0,0.0,0.0,0.0,0.0,0.0,0.0,0.0,0.0,0.0,2.0,0.0,0.0,0.0,0.0,0.0,0.0,0.0,1.0,3.0,0.0,8398780621.0,-1.0,汕头市潮阳区,汕头市潮阳区贵屿镇,12.0,18.6,0.0,1.0,31.6,41.20769230769231,59.311940298507466,56.92664596273291
广东省,汕头市,潮阳区,铜盂镇,116.421758,23.286964,0.0,17.0,11.0,40.0,131.0,10.0,0.0,0.0,0.0,0.0,0.0,0.0,0.0,0.0,1.0,1.0,0.0,0.0,0.0,1.0,0.0,0.0,0.0,0.0,0.0,19.0,3.0,0.0,0.0,0.0,3.0,1.0,0.0,8.0,9.0,4.0,0.0,0.0,1.0,1.0,46.0,0.0,0.0,0.0,0.0,0.0,0.0,0.0,0.0,0.0,0.0,0.0,0.0,0.0,0.0,1.0,0.0,0.0,0.0,0.0,0.0,3.0,0.0,0.0,0.0,0.0,2.0,0.0,0.0,7.0,4.0,1.0,8398780623.0,-1.0,汕头市潮阳区,汕头市潮阳区铜盂镇,12.0,24.0,1.0,2.3,39.3,41.20769230769231,59.311940298507466,56.92664596273291
广东省,汕头市,潮阳区,金灶镇,116.3929893,23.4522555,0.0,8.0,0.0,36.0,67.0,19.0,0.0,3.0,0.0,0.0,0.0,1.0,0.0,0.0,1.0,1.0,1.0,0.0,0.0,0.0,1.0,0.0,0.0,0.0,0.0,20.0,4.0,0.0,0.0,0.0,0.0,4.0,0.0,2.0,9.0,6.0,0.0,5.0,0.0,21.0,50.0,14.0,0.0,3.0,0.0,0.0,0.0,1.0,0.0,0.0,0.0,0.0,1.0,0.0,0.0,0.0,0.0,0.0,0.0,0.0,0.0,3.0,4.0,0.0,0.0,0.0,0.0,4.0,0.0,2.0,7.0,5.0,8398780620.0,-1.0,汕头市潮阳区,汕头市潮阳区金灶镇,12.0,24.0,10.0,3.8,49.8,41.20769230769231,59.311940298507466,56.92664596273291
广东省,汕头市,潮南区,峡山街道,116.4279375,23.2533663,6.0,13.0,19.0,77.0,317.0,10.0,0.0,1.0,0.0,0.0,0.0,1.0,0.0,0.0,9.0,9.0,0.0,0.0,0.0,0.0,4.0,1.0,3.0,0.0,0.0,19.0,7.0,0.0,0.0,0.0,0.0,2.0,0.0,7.0,13.0,10.0,6.0,2.0,11.0,20.0,58.0,1.0,0.0,0.0,0.0,0.0,0.0,0.0,0.0,0.0,6.0,6.0,0.0,0.0,0.0,0.0,2.0,0.0,0.0,0.0,0.0,1.0,1.0,0.0,0.0,0.0,0.0,2.0,0.0,3.0,7.0,5.0,4581001840.0,6834346.0,汕头市潮南区,汕头市潮南区峡山街道,20.0,24.0,10.0,4.8,58.8,44.50909090909091,59.311940298507466,56.92664596273291
广东省,汕头市,潮南区,井都镇,116.550535,23.190509,1.0,2.0,0.0,6.0,30.0,0.0,0.0,0.0,0.0,0.0,0.0,0.0,0.0,0.0,0.0,0.0,0.0,0.0,0.0,0.0,3.0,0.0,0.0,0.0,0.0,7.0,39.0,0.0,0.0,0.0,0.0,0.0,0.0,6.0,9.0,5.0,1.0,0.0,0.0,0.0,10.0,0.0,0.0,0.0,0.0,0.0,0.0,0.0,0.0,0.0,0.0,0.0,0.0,0.0,0.0,0.0,1.0,0.0,0.0,0.0,0.0,1.0,0.0,0.0,0.0,0.0,0.0,0.0,0.0,3.0,6.0,3.0,8397672188.0,-1.0,汕头市潮南区,汕头市潮南区井都镇,12.0,23.0,0.0,6.4,41.4,44.50909090909091,59.311940298507466,56.92664596273291
广东省,汕头市,潮南区,成田镇,116.4761169,23.1852802,0.0,8.0,0.0,28.0,109.0,12.0,0.0,0.0,0.0,0.0,0.0,0.0,1.0,1.0,8.0,8.0,0.0,0.0,0.0,0.0,1.0,0.0,1.0,0.0,0.0,16.0,45.0,0.0,0.0,0.0,0.0,0.0,0.0,4.0,5.0,5.0,0.0,0.0,0.0,5.0,27.0,12.0,0.0,0.0,0.0,0.0,0.0,0.0,0.0,0.0,1.0,1.0,0.0,0.0,0.0,0.0,0.0,0.0,0.0,0.0,0.0,1.0,4.0,0.0,0.0,0.0,0.0,0.0,0.0,1.0,4.0,1.0,369491174.0,-1.0,汕头市潮南区,汕头市潮南区成田镇,12.0,22.5,5.0,7.4,46.9,44.50909090909091,59.311940298507466,56.92664596273291
广东省,汕头市,潮南区,司马浦镇,116.3653289,23.2571717,4.0,3.0,2.0,18.0,71.0,0.0,0.0,0.0,0.0,0.0,0.0,0.0,0.0,0.0,1.0,1.0,0.0,0.0,0.0,0.0,14.0,0.0,0.0,0.0,0.0,14.0,0.0,0.0,0.0,0.0,0.0,1.0,0.0,9.0,9.0,4.0,2.0,1.0,0.0,7.0,20.0,0.0,0.0,0.0,0.0,0.0,0.0,0.0,0.0,0.0,0.0,0.0,0.0,0.0,0.0,0.0,1.0,0.0,0.0,0.0,0.0,1.0,0.0,0.0,0.0,0.0,0.0,0.0,0.0,2.0,4.0,2.0,369491203.0,6834383.0,汕头市潮南区,汕头市潮南区司马浦镇,20.0,24.0,0.0,2.0,46.0,44.50909090909091,59.311940298507466,56.92664596273291
广东省,汕头市,潮南区,陈店镇,116.3106274,23.2710349,7.0,13.0,1.0,25.0,70.0,0.0,0.0,0.0,0.0,0.0,0.0,0.0,0.0,0.0,0.0,0.0,0.0,0.0,0.0,1.0,4.0,0.0,0.0,0.0,0.0,16.0,0.0,0.0,0.0,0.0,0.0,0.0,0.0,8.0,7.0,3.0,4.0,6.0,1.0,7.0,24.0,0.0,0.0,0.0,0.0,0.0,0.0,0.0,0.0,0.0,0.0,0.0,0.0,0.0,0.0,1.0,0.0,0.0,0.0,0.0,0.0,3.0,0.0,0.0,0.0,0.0,0.0,0.0,0.0,2.0,6.0,2.0,4581020763.0,6834424.0,汕头市潮南区,汕头市潮南区陈店镇,20.0,23.5,1.0,1.5,46.0,44.50909090909091,59.311940298507466,56.92664596273291
广东省,汕头市,潮南区,两英镇,116.356252,23.218723,0.0,7.0,8.0,60.0,245.0,1.0,0.0,0.0,0.0,0.0,0.0,0.0,0.0,0.0,6.0,6.0,0.0,0.0,0.0,0.0,0.0,0.0,2.0,0.0,0.0,9.0,1.0,0.0,0.0,1.0,0.0,5.0,0.0,5.0,11.0,5.0,0.0,3.0,0.0,26.0,84.0,0.0,0.0,0.0,0.0,0.0,0.0,0.0,0.0,0.0,1.0,1.0,0.0,0.0,0.0,0.0,0.0,0.0,0.0,0.0,0.0,1.0,0.0,0.0,0.0,0.0,0.0,1.0,0.0,2.0,5.0,2.0,4581036976.0,-1.0,汕头市潮南区,汕头市潮南区两英镇,12.0,24.0,5.0,2.7,43.7,44.50909090909091,59.311940298507466,56.92664596273291
广东省,汕头市,潮南区,仙城镇,116.3118646,23.2390433,1.0,11.0,0.0,27.0,95.0,0.0,0.0,0.0,0.0,0.0,0.0,0.0,0.0,0.0,0.0,0.0,0.0,0.0,0.0,0.0,2.0,0.0,0.0,0.0,0.0,9.0,59.0,0.0,0.0,0.0,0.0,0.0,1.0,7.0,6.0,4.0,0.0,2.0,0.0,7.0,18.0,0.0,0.0,0.0,0.0,0.0,0.0,0.0,0.0,0.0,0.0,0.0,0.0,0.0,0.0,0.0,0.0,0.0,0.0,0.0,0.0,1.0,59.0,0.0,0.0,0.0,0.0,0.0,1.0,2.0,3.0,2.0,4581020764.0,-1.0,汕头市潮南区,汕头市潮南区仙城镇,12.0,23.0,0.0,13.8,48.8,44.50909090909091,59.311940298507466,56.92664596273291
广东省,汕头市,潮南区,胪岗镇,116.4576318,23.2184451,0.0,19.0,7.0,75.0,193.0,6.0,0.0,0.0,0.0,0.0,0.0,0.0,1.0,1.0,12.0,12.0,0.0,0.0,0.0,0.0,0.0,0.0,2.0,0.0,0.0,9.0,2.0,0.0,0.0,1.0,0.0,2.0,0.0,4.0,9.0,6.0,0.0,5.0,0.0,20.0,47.0,2.0,0.0,0.0,0.0,0.0,0.0,0.0,1.0,1.0,4.0,4.0,0.0,0.0,0.0,0.0,0.0,0.0,0.0,0.0,0.0,1.0,2.0,0.0,0.0,1.0,0.0,1.0,0.0,1.0,6.0,5.0,8397672187.0,-1.0,汕头市潮南区,汕头市潮南区胪岗镇,12.0,24.0,10.0,3.6,49.6,44.50909090909091,59.311940298507466,56.92664596273291
广东省,汕头市,潮南区,红场镇,116.319896,23.1168817,0.0,1.0,4.0,1.0,11.0,0.0,0.0,0.0,0.0,0.0,0.0,0.0,0.0,0.0,0.0,0.0,0.0,0.0,0.0,0.0,3.0,0.0,0.0,0.0,0.0,4.0,0.0,0.0,0.0,0.0,0.0,0.0,0.0,8.0,6.0,3.0,0.0,0.0,1.0,1.0,3.0,0.0,0.0,0.0,0.0,0.0,0.0,0.0,0.0,0.0,0.0,0.0,0.0,0.0,0.0,0.0,1.0,0.0,0.0,0.0,0.0,2.0,0.0,0.0,0.0,0.0,0.0,0.0,0.0,2.0,3.0,3.0,4580792352.0,-1.0,汕头市潮南区,汕头市潮南区红场镇,11.0,12.1,0.0,1.5,24.6,44.50909090909091,59.311940298507466,56.92664596273291
广东省,汕头市,潮南区,雷岭镇,116.3678443,23.0844756,0.0,3.0,0.0,12.0,4.0,0.0,0.0,0.0,0.0,0.0,0.0,0.0,0.0,0.0,0.0,0.0,0.0,0.0,0.0,0.0,10.0,0.0,0.0,0.0,0.0,12.0,0.0,0.0,0.0,2.0,0.0,0.0,0.0,6.0,7.0,3.0,0.0,3.0,0.0,8.0,0.0,0.0,0.0,0.0,0.0,0.0,0.0,0.0,0.0,0.0,0.0,0.0,0.0,0.0,0.0,0.0,4.0,0.0,0.0,0.0,0.0,2.0,0.0,0.0,0.0,2.0,0.0,0.0,0.0,1.0,2.0,2.0,4581221611.0,-1.0,汕头市潮南区,汕头市潮南区雷岭镇,12.0,14.3,0.0,1.9,28.2,44.50909090909091,59.311940298507466,56.92664596273291
广东省,汕头市,潮南区,陇田镇,116.4975302,23.1799986,0.0,16.0,0.0,21.0,136.0,12.0,0.0,0.0,0.0,0.0,0.0,1.0,3.0,3.0,3.0,4.0,0.0,0.0,0.0,0.0,2.0,0.0,4.0,0.0,0.0,17.0,62.0,0.0,0.0,0.0,0.0,1.0,0.0,4.0,6.0,6.0,0.0,8.0,0.0,7.0,49.0,0.0,0.0,0.0,0.0,0.0,0.0,1.0,0.0,0.0,1.0,1.0,0.0,0.0,0.0,0.0,1.0,0.0,0.0,0.0,0.0,1.0,14.0,0.0,0.0,0.0,0.0,0.0,0.0,1.0,4.0,3.0,4458085273.0,-1.0,汕头市潮南区,汕头市潮南区陇田镇,12.0,23.0,10.0,10.600000000000001,55.6,44.50909090909091,59.311940298507466,56.92664596273291
广东省,汕头市,澄海区,凤翔街道,116.7832964,23.4531938,36.0,3.0,18.0,106.0,104.0,10.0,0.0,2.0,1.0,1.0,2.0,1.0,1.0,1.0,4.0,4.0,0.0,0.0,0.0,0.0,10.0,0.0,3.0,0.0,3.0,8.0,9.0,0.0,0.0,2.0,0.0,8.0,1.0,13.0,15.0,13.0,10.0,0.0,7.0,13.0,7.0,0.0,0.0,0.0,0.0,0.0,0.0,0.0,0.0,0.0,1.0,1.0,0.0,0.0,0.0,0.0,1.0,0.0,0.0,0.0,0.0,1.0,0.0,0.0,0.0,0.0,0.0,0.0,0.0,1.0,9.0,4.0,369489788.0,12283225.0,汕头市澄海区,汕头市澄海区凤翔街道,20.0,30.0,10.0,5.1,65.1,61.33636363636364,59.311940298507466,56.92664596273291
广东省,汕头市,澄海区,广益街道,116.7576018,23.4877066,11.0,11.0,24.0,129.0,306.0,23.0,0.0,13.0,3.0,0.0,1.0,4.0,2.0,2.0,13.0,13.0,2.0,0.0,0.0,4.0,48.0,0.0,10.0,1.0,2.0,26.0,31.0,0.0,0.0,0.0,0.0,12.0,3.0,11.0,18.0,13.0,0.0,0.0,2.0,20.0,41.0,7.0,0.0,0.0,0.0,0.0,0.0,0.0,0.0,0.0,2.0,2.0,1.0,0.0,0.0,0.0,13.0,0.0,0.0,0.0,0.0,3.0,3.0,0.0,0.0,0.0,0.0,1.0,0.0,1.0,8.0,4.0,8400071781.0,12283224.0,汕头市澄海区,汕头市澄海区广益街道,20.0,28.0,15.0,7.4,70.4,61.33636363636364,59.311940298507466,56.92664596273291
广东省,汕头市,澄海区,澄华街道,116.7453145,23.4721234,18.0,8.0,28.0,139.0,327.0,36.0,0.0,36.0,2.0,1.0,0.0,4.0,3.0,3.0,13.0,13.0,2.0,0.0,0.0,4.0,45.0,0.0,9.0,1.0,2.0,17.0,41.0,0.0,0.0,1.0,0.0,9.0,10.0,12.0,20.0,14.0,0.0,6.0,8.0,20.0,40.0,0.0,0.0,13.0,0.0,0.0,0.0,4.0,0.0,0.0,3.0,3.0,1.0,0.0,0.0,0.0,20.0,0.0,0.0,0.0,0.0,4.0,10.0,0.0,0.0,0.0,0.0,1.0,1.0,3.0,7.0,7.0,8400084254.0,12283226.0,汕头市澄海区,汕头市澄海区澄华街道,20.0,28.0,15.0,9.2,72.2,61.33636363636364,59.311940298507466,56.92664596273291
广东省,汕头市,澄海区,上华镇,116.7135332,23.5228264,0.0,7.0,3.0,44.0,299.0,45.0,0.0,0.0,0.0,0.0,0.0,2.0,1.0,1.0,6.0,7.0,0.0,0.0,0.0,0.0,0.0,0.0,4.0,0.0,0.0,25.0,1.0,0.0,0.0,2.0,0.0,3.0,0.0,9.0,8.0,7.0,0.0,2.0,0.0,13.0,44.0,2.0,0.0,0.0,0.0,0.0,0.0,2.0,1.0,1.0,0.0,0.0,0.0,0.0,0.0,0.0,0.0,0.0,0.0,0.0,0.0,3.0,1.0,0.0,0.0,0.0,0.0,0.0,0.0,2.0,7.0,2.0,8400081386.0,-1.0,汕头市澄海区,汕头市澄海区上华镇,12.0,24.0,10.0,3.9,49.9,61.33636363636364,59.311940298507466,56.92664596273291
广东省,汕头市,澄海区,隆都镇,116.7202156,23.5803641,2.0,9.0,0.0,24.0,476.0,46.0,0.0,73.0,1.0,15.0,4.0,14.0,1.0,2.0,10.0,15.0,1.0,0.0,2.0,3.0,26.0,1.0,2.0,0.0,3.0,41.0,14274.0,0.0,10.0,1.0,2.0,66.0,10.0,11.0,15.0,17.0,0.0,7.0,0.0,5.0,114.0,14.0,0.0,6.0,1.0,2.0,0.0,8.0,1.0,1.0,2.0,3.0,0.0,0.0,2.0,2.0,8.0,0.0,0.0,0.0,2.0,8.0,2866.0,0.0,0.0,0.0,0.0,15.0,1.0,4.0,9.0,13.0,4552399487.0,-1.0,汕头市澄海区,汕头市澄海区隆都镇,12.0,30.0,19.0,20.0,81.0,61.33636363636364,59.311940298507466,56.92664596273291
广东省,汕头市,澄海区,莲下镇,116.7747897,23.4964538,14.0,5.0,2.0,86.0,214.0,12.0,0.0,4.0,3.0,0.0,1.0,0.0,2.0,2.0,6.0,6.0,1.0,0.0,0.0,2.0,29.0,0.0,5.0,0.0,0.0,28.0,5.0,0.0,0.0,0.0,0.0,15.0,2.0,9.0,15.0,8.0,9.0,3.0,0.0,7.0,32.0,0.0,0.0,0.0,1.0,0.0,1.0,0.0,0.0,0.0,1.0,1.0,0.0,0.0,0.0,0.0,6.0,0.0,0.0,0.0,0.0,5.0,0.0,0.0,0.0,0.0,0.0,4.0,0.0,7.0,5.0,4.0,369488014.0,-1.0,汕头市澄海区,汕头市澄海区莲下镇,12.0,28.0,5.0,4.5,49.5,61.33636363636364,59.311940298507466,56.92664596273291
广东省,汕头市,澄海区,莲上镇,116.788996,23.518509,24.0,5.0,0.0,19.0,113.0,3.0,0.0,0.0,1.0,5.0,0.0,0.0,0.0,0.0,3.0,3.0,0.0,0.0,0.0,0.0,12.0,0.0,2.0,0.0,1.0,21.0,1.0,0.0,0.0,0.0,0.0,16.0,0.0,5.0,8.0,9.0,4.0,0.0,0.0,2.0,31.0,0.0,0.0,0.0,0.0,0.0,0.0,0.0,0.0,0.0,1.0,1.0,0.0,0.0,0.0,0.0,2.0,0.0,1.0,0.0,0.0,5.0,0.0,0.0,0.0,0.0,0.0,3.0,0.0,4.0,5.0,4.0,8400071782.0,-1.0,汕头市澄海区,汕头市澄海区莲上镇,12.0,28.0,5.0,4.1,49.1,61.33636363636364,59.311940298507466,56.92664596273291
广东省,汕头市,澄海区,溪南镇,116.8092537,23.5480589,32.0,1.0,2.0,87.0,222.0,31.0,0.0,8.0,0.0,2.0,1.0,1.0,1.0,1.0,10.0,10.0,1.0,0.0,4.0,1.0,13.0,0.0,1.0,0.0,0.0,34.0,80.0,0.0,0.0,0.0,1.0,23.0,0.0,6.0,14.0,9.0,7.0,0.0,0.0,22.0,28.0,2.0,0.0,1.0,0.0,1.0,1.0,0.0,0.0,0.0,4.0,4.0,0.0,0.0,0.0,0.0,4.0,0.0,0.0,0.0,0.0,7.0,0.0,0.0,0.0,0.0,0.0,8.0,0.0,3.0,7.0,4.0,8400081385.0,-1.0,汕头市澄海区,汕头市澄海区溪南镇,12.0,28.0,10.0,12.0,62.0,61.33636363636364,59.311940298507466,56.92664596273291
广东省,汕头市,澄海区,东里镇,116.8183772,23.5578358,43.0,1.0,7.0,94.0,255.0,45.0,0.0,8.0,0.0,2.0,1.0,1.0,1.0,1.0,9.0,9.0,1.0,0.0,4.0,1.0,11.0,0.0,1.0,0.0,0.0,38.0,33.0,0.0,0.0,0.0,1.0,23.0,0.0,6.0,14.0,9.0,8.0,0.0,1.0,39.0,73.0,7.0,0.0,2.0,0.0,1.0,0.0,1.0,0.0,0.0,4.0,4.0,1.0,0.0,3.0,1.0,2.0,0.0,0.0,0.0,0.0,5.0,1.0,0.0,0.0,0.0,1.0,6.0,0.0,3.0,9.0,4.0,369487991.0,-1.0,汕头市澄海区,汕头市澄海区东里镇,12.0,28.0,18.0,7.4,65.4,61.33636363636364,59.311940298507466,56.92664596273291
广东省,汕头市,澄海区,盐鸿镇,116.8628972,23.6024057,16.0,6.0,19.0,63.0,121.0,16.0,0.0,0.0,0.0,0.0,0.0,0.0,0.0,0.0,1.0,1.0,0.0,0.0,0.0,0.0,3.0,0.0,9.0,0.0,2.0,6.0,1.0,0.0,0.0,0.0,0.0,5.0,0.0,8.0,11.0,13.0,5.0,6.0,14.0,18.0,69.0,3.0,0.0,0.0,0.0,0.0,0.0,0.0,0.0,0.0,0.0,0.0,0.0,0.0,0.0,0.0,0.0,0.0,2.0,0.0,0.0,2.0,0.0,0.0,0.0,0.0,0.0,0.0,0.0,3.0,7.0,8.0,4552398665.0,-1.0,汕头市澄海区,汕头市澄海区盐鸿镇,12.0,24.0,0.0,4.1,40.1,61.33636363636364,59.311940298507466,56.92664596273291
广东省,汕头市,澄海区,莲华镇,116.8005521,23.5727636,40.0,2.0,6.0,88.0,250.0,52.0,0.0,2.0,0.0,3.0,1.0,3.0,1.0,1.0,6.0,6.0,1.0,0.0,4.0,1.0,16.0,0.0,12.0,0.0,1.0,39.0,1803.0,0.0,0.0,0.0,1.0,10.0,1.0,10.0,12.0,9.0,4.0,0.0,3.0,11.0,47.0,10.0,0.0,0.0,0.0,0.0,0.0,0.0,0.0,0.0,1.0,1.0,0.0,0.0,0.0,0.0,2.0,0.0,1.0,0.0,0.0,7.0,0.0,0.0,0.0,0.0,0.0,1.0,0.0,2.0,7.0,6.0,4552399211.0,-1.0,汕头市澄海区,汕头市澄海区莲华镇,12.0,28.0,10.0,20.0,70.0,61.33636363636364,59.311940298507466,56.92664596273291
广东省,汕头市,南澳县,后宅镇,117.0204843,23.4202672,14.0,20.0,5.0,16.0,72.0,7.0,0.0,1.0,1.0,2.0,1.0,5.0,1.0,1.0,2.0,4.0,0.0,0.0,0.0,1.0,2.0,0.0,1.0,0.0,0.0,11.0,42.0,0.0,0.0,8.0,0.0,12.0,2.0,4.0,12.0,14.0,4.0,12.0,5.0,15.0,36.0,2.0,0.0,0.0,1.0,2.0,0.0,3.0,1.0,1.0,1.0,3.0,0.0,0.0,0.0,1.0,0.0,0.0,0.0,0.0,0.0,9.0,11.0,0.0,0.0,2.0,0.0,8.0,1.0,3.0,10.0,9.0,369487957.0,8182051.0,汕头市南澳县,汕头市南澳县后宅镇,20.0,30.0,16.0,10.3,76.3,59.166666666666664,59.311940298507466,56.92664596273291
广东省,汕头市,南澳县,云澳镇,117.0996577,23.4087077,0.0,19.0,3.0,21.0,133.0,21.0,0.0,2.0,0.0,0.0,0.0,0.0,0.0,0.0,0.0,0.0,0.0,0.0,0.0,0.0,3.0,0.0,0.0,0.0,0.0,7.0,4.0,0.0,0.0,17.0,0.0,6.0,0.0,3.0,10.0,14.0,0.0,10.0,2.0,21.0,96.0,1.0,0.0,0.0,0.0,0.0,0.0,0.0,0.0,0.0,0.0,0.0,0.0,0.0,0.0,0.0,1.0,0.0,0.0,0.0,0.0,4.0,1.0,0.0,0.0,5.0,0.0,5.0,0.0,2.0,7.0,8.0,5529826853.0,8182052.0,汕头市南澳县,汕头市南澳县云澳镇,20.0,24.0,0.0,6.7,50.7,59.166666666666664,59.311940298507466,56.92664596273291
广东省,汕头市,南澳县,深澳镇,117.0968078,23.4547569,3.0,19.0,2.0,13.0,68.0,14.0,0.0,5.0,0.0,2.0,0.0,0.0,0.0,0.0,0.0,0.0,0.0,0.0,0.0,0.0,2.0,0.0,0.0,0.0,0.0,8.0,4.0,0.0,0.0,1.0,0.0,1.0,1.0,3.0,11.0,14.0,3.0,14.0,0.0,13.0,28.0,0.0,0.0,0.0,0.0,0.0,0.0,0.0,0.0,0.0,0.0,0.0,0.0,0.0,0.0,0.0,0.0,0.0,0.0,0.0,0.0,3.0,0.0,0.0,0.0,0.0,0.0,0.0,1.0,2.0,5.0,8.0,5529826854.0,8182053.0,汕头市南澳县,汕头市南澳县深澳镇,20.0,26.0,0.0,4.5,50.5,59.166666666666664,59.311940298507466,56.92664596273291
广东省,佛山市,禅城区,石湾镇街道,113.1187426,22.9941949,87.0,20.0,217.0,261.0,288.0,145.0,7.0,372.0,478.0,15.0,5.0,23.0,8.0,8.0,27.0,46.0,4.0,1.0,2.0,36.0,261.0,103.0,3.0,13.0,17.0,13.0,187.0,10.0,3.0,2.0,10.0,119.0,12.0,29.0,22.0,13.0,12.0,0.0,28.0,31.0,11.0,15.0,0.0,17.0,63.0,1.0,0.0,3.0,2.0,2.0,2.0,3.0,1.0,0.0,0.0,1.0,39.0,7.0,1.0,1.0,4.0,2.0,13.0,0.0,0.0,0.0,2.0,2.0,1.0,5.0,13.0,10.0,2052228688.0,16329266.0,佛山市禅城区,佛山市禅城区石湾镇街道,20.0,30.0,21.0,20.0,91.0,88.15,76.06875,56.92664596273291
广东省,佛山市,禅城区,张槎街道,113.0753659,23.0411784,44.0,10.0,252.0,130.0,328.0,192.0,0.0,109.0,499.0,19.0,9.0,21.0,7.0,8.0,26.0,39.0,8.0,0.0,2.0,25.0,123.0,61.0,120.0,7.0,15.0,10.0,305.0,0.0,0.0,3.0,14.0,56.0,10.0,13.0,26.0,14.0,0.0,0.0,34.0,21.0,50.0,5.0,0.0,0.0,70.0,0.0,3.0,1.0,1.0,2.0,4.0,7.0,2.0,0.0,0.0,2.0,21.0,14.0,11.0,0.0,5.0,1.0,25.0,0.0,0.0,1.0,0.0,4.0,1.0,6.0,10.0,8.0,2051167896.0,16329267.0,佛山市禅城区,佛山市禅城区张槎街道,20.0,30.0,22.0,20.0,92.0,88.15,76.06875,56.92664596273291
广东省,佛山市,禅城区,祖庙街道,113.1289774,23.0283391,27.0,36.0,472.0,356.0,395.0,360.0,0.0,906.0,730.0,49.0,8.0,74.0,21.0,35.0,54.0,93.0,8.0,5.0,16.0,338.0,463.0,136.0,18.0,22.0,20.0,24.0,1197.0,2.0,4.0,6.0,29.0,177.0,63.0,36.0,20.0,19.0,4.0,0.0,44.0,51.0,62.0,2.0,0.0,15.0,65.0,0.0,1.0,21.0,3.0,4.0,8.0,13.0,0.0,0.0,0.0,9.0,66.0,8.0,1.0,0.0,0.0,4.0,51.0,0.0,0.0,2.0,1.0,4.0,1.0,9.0,12.0,7.0,2052371120.0,16329268.0,佛山市禅城区,佛山市禅城区祖庙街道,20.0,30.0,21.0,20.0,91.0,88.15,76.06875,56.92664596273291
广东省,佛山市,禅城区,南庄镇,113.0054353,22.9847777,6.0,12.0,84.0,118.0,228.0,99.0,0.0,49.0,242.0,2.0,5.0,4.0,3.0,3.0,15.0,25.0,3.0,0.0,0.0,3.0,39.0,49.0,26.0,5.0,11.0,10.0,38.0,0.0,0.0,1.0,9.0,18.0,3.0,10.0,21.0,13.0,0.0,0.0,29.0,16.0,48.0,3.0,0.0,6.0,52.0,1.0,2.0,1.0,2.0,2.0,4.0,6.0,2.0,0.0,0.0,0.0,4.0,4.0,1.0,2.0,2.0,1.0,7.0,0.0,0.0,0.0,4.0,6.0,0.0,5.0,16.0,8.0,8412548342.0,12299738.0,佛山市禅城区,佛山市禅城区南庄镇,20.0,30.0,20.0,8.600000000000001,78.6,88.15,76.06875,56.92664596273291
广东省,佛山市,南海区,桂城街道,113.1909915,23.0372663,2.0,65.0,181.0,101.0,457.0,115.0,2.0,137.0,248.0,6.0,2.0,9.0,2.0,2.0,25.0,37.0,4.0,0.0,4.0,20.0,51.0,51.0,35.0,1.0,14.0,9.0,116.0,9.0,37.0,5.0,33.0,78.0,6.0,26.0,26.0,22.0,0.0,11.0,53.0,28.0,24.0,5.0,0.0,35.0,56.0,4.0,0.0,9.0,1.0,1.0,5.0,7.0,3.0,0.0,3.0,8.0,16.0,4.0,4.0,0.0,1.0,2.0,37.0,0.0,0.0,0.0,24.0,10.0,2.0,4.0,13.0,9.0,369490429.0,12299248.0,佛山市南海区,佛山市南海区桂城街道,20.0,30.0,28.0,19.8,97.8,82.17142857142858,76.06875,56.92664596273291
广东省,佛山市,南海区,九江镇,112.9882412,22.8342842,0.0,0.0,28.0,16.0,129.0,2.0,1.0,2.0,30.0,0.0,0.0,1.0,1.0,1.0,3.0,4.0,0.0,0.0,0.0,4.0,0.0,1.0,3.0,0.0,0.0,12.0,189.0,0.0,2.0,0.0,1.0,2.0,1.0,7.0,9.0,10.0,0.0,0.0,0.0,3.0,17.0,1.0,1.0,2.0,0.0,0.0,0.0,1.0,0.0,0.0,0.0,0.0,0.0,0.0,0.0,0.0,0.0,0.0,0.0,0.0,0.0,1.0,140.0,0.0,0.0,0.0,0.0,1.0,0.0,1.0,6.0,3.0,2051059529.0,18081794.0,佛山市南海区,佛山市南海区九江镇,20.0,26.0,5.0,20.0,71.0,82.17142857142858,76.06875,56.92664596273291
广东省,佛山市,南海区,西樵镇,112.9817066,22.9411591,46.0,58.0,34.0,48.0,114.0,19.0,4.0,80.0,153.0,7.0,3.0,3.0,3.0,3.0,8.0,10.0,1.0,0.0,1.0,16.0,45.0,12.0,6.0,13.0,0.0,7.0,154.0,0.0,20.0,3.0,0.0,31.0,17.0,8.0,21.0,15.0,0.0,14.0,2.0,6.0,21.0,0.0,0.0,1.0,25.0,0.0,0.0,2.0,2.0,2.0,1.0,1.0,0.0,0.0,0.0,6.0,8.0,0.0,0.0,2.0,0.0,2.0,38.0,0.0,0.0,1.0,0.0,4.0,2.0,2.0,9.0,7.0,2051059530.0,18081795.0,佛山市南海区,佛山市南海区西樵镇,20.0,30.0,21.0,20.0,91.0,82.17142857142858,76.06875,56.92664596273291
广东省,佛山市,南海区,丹灶镇,112.9142683,23.0538037,35.0,44.0,29.0,29.0,118.0,30.0,0.0,34.0,82.0,7.0,2.0,1.0,1.0,1.0,3.0,5.0,0.0,0.0,0.0,0.0,6.0,1.0,3.0,2.0,0.0,14.0,54.0,2.0,0.0,4.0,52.0,8.0,0.0,3.0,23.0,9.0,10.0,31.0,9.0,3.0,31.0,0.0,0.0,21.0,28.0,0.0,0.0,1.0,1.0,1.0,1.0,2.0,0.0,0.0,0.0,0.0,2.0,0.0,0.0,2.0,0.0,1.0,1.0,0.0,0.0,0.0,5.0,1.0,0.0,1.0,13.0,5.0,2051167886.0,18081796.0,佛山市南海区,佛山市南海区丹灶镇,20.0,30.0,15.0,9.9,74.9,82.17142857142858,76.06875,56.92664596273291
广东省,佛山市,南海区,狮山镇,113.0020667,23.1247416,0.0,26.0,141.0,62.0,189.0,155.0,77.0,540.0,151.0,10.0,5.0,5.0,1.0,1.0,11.0,17.0,1.0,0.0,2.0,39.0,43.0,5.0,34.0,5.0,22.0,8.0,734.0,10.0,37.0,2.0,24.0,66.0,11.0,8.0,28.0,22.0,0.0,8.0,47.0,11.0,41.0,70.0,75.0,153.0,47.0,9.0,2.0,1.0,0.0,0.0,5.0,6.0,1.0,0.0,2.0,30.0,21.0,4.0,2.0,5.0,2.0,1.0,158.0,10.0,34.0,1.0,23.0,35.0,6.0,2.0,22.0,15.0,2051167897.0,17649350.0,佛山市南海区,佛山市南海区狮山镇,20.0,30.0,23.0,20.0,93.0,82.17142857142858,76.06875,56.92664596273291
广东省,佛山市,南海区,大沥镇,113.10489,23.1121049,2.0,55.0,35.0,76.0,406.0,19.0,0.0,7.0,100.0,8.0,4.0,1.0,4.0,4.0,5.0,6.0,0.0,0.0,1.0,7.0,4.0,0.0,14.0,3.0,3.0,19.0,10.0,0.0,1.0,5.0,7.0,12.0,0.0,8.0,21.0,11.0,0.0,11.0,12.0,22.0,110.0,6.0,0.0,1.0,18.0,4.0,0.0,1.0,1.0,1.0,2.0,2.0,0.0,0.0,1.0,2.0,3.0,0.0,5.0,0.0,0.0,3.0,1.0,0.0,1.0,2.0,0.0,4.0,0.0,1.0,12.0,6.0,7811782065.0,11502757.0,佛山市南海区,佛山市南海区大沥镇,20.0,30.0,19.0,5.8,74.8,82.17142857142858,76.06875,56.92664596273291
广东省,佛山市,南海区,里水镇,113.1589438,23.2011144,0.0,40.0,33.0,68.0,298.0,17.0,0.0,53.0,65.0,8.0,0.0,4.0,2.0,2.0,3.0,5.0,1.0,0.0,1.0,2.0,11.0,0.0,6.0,5.0,1.0,4.0,31.0,0.0,1.0,1.0,3.0,14.0,1.0,8.0,23.0,14.0,0.0,8.0,10.0,26.0,44.0,4.0,0.0,13.0,8.0,3.0,0.0,2.0,0.0,0.0,3.0,3.0,1.0,0.0,1.0,1.0,5.0,0.0,1.0,3.0,0.0,1.0,5.0,0.0,1.0,0.0,3.0,9.0,1.0,1.0,16.0,8.0,2057760661.0,17750832.0,佛山市南海区,佛山市南海区里水镇,19.0,28.0,18.0,7.7,72.7,82.17142857142858,76.06875,56.92664596273291
广东省,佛山市,顺德区,伦教街道,113.2155042,22.8708179,86.0,21.0,58.0,112.0,476.0,156.0,0.0,30.0,64.0,7.0,5.0,5.0,5.0,5.0,16.0,19.0,2.0,0.0,0.0,6.0,72.0,21.0,17.0,2.0,46.0,13.0,82.0,0.0,0.0,1.0,36.0,38.0,3.0,16.0,21.0,13.0,20.0,0.0,26.0,14.0,73.0,4.0,0.0,0.0,7.0,0.0,0.0,1.0,1.0,1.0,3.0,4.0,1.0,0.0,0.0,1.0,18.0,4.0,3.0,1.0,1.0,4.0,11.0,0.0,0.0,1.0,1.0,12.0,2.0,5.0,13.0,9.0,2055618858.0,16836311.0,佛山市顺德区,佛山市顺德区伦教街道,20.0,30.0,21.0,13.5,84.5,84.72,76.06875,56.92664596273291
广东省,佛山市,顺德区,勒流街道,113.1323203,22.8522811,28.0,0.0,38.0,71.0,303.0,19.0,0.0,4.0,44.0,0.0,6.0,3.0,1.0,1.0,10.0,14.0,1.0,0.0,1.0,3.0,26.0,9.0,19.0,1.0,14.0,9.0,66.0,3.0,0.0,6.0,4.0,15.0,1.0,7.0,22.0,11.0,15.0,0.0,19.0,18.0,81.0,0.0,0.0,0.0,14.0,0.0,2.0,1.0,1.0,1.0,4.0,5.0,1.0,0.0,1.0,1.0,9.0,0.0,2.0,0.0,3.0,2.0,17.0,0.0,0.0,0.0,2.0,7.0,0.0,3.0,13.0,6.0,2055632720.0,16836313.0,佛山市顺德区,佛山市顺德区勒流街道,20.0,28.0,23.0,12.9,83.9,84.72,76.06875,56.92664596273291
广东省,佛山市,顺德区,大良街道,113.2477194,22.8445241,74.0,16.0,136.0,159.0,550.0,98.0,2.0,192.0,110.0,19.0,6.0,9.0,12.0,13.0,29.0,40.0,6.0,0.0,10.0,39.0,128.0,24.0,9.0,4.0,32.0,10.0,290.0,0.0,5.0,0.0,38.0,63.0,24.0,12.0,25.0,17.0,0.0,0.0,19.0,24.0,83.0,14.0,0.0,62.0,11.0,11.0,0.0,4.0,2.0,2.0,8.0,11.0,1.0,0.0,2.0,16.0,14.0,6.0,0.0,0.0,2.0,1.0,132.0,0.0,5.0,0.0,9.0,20.0,18.0,3.0,15.0,8.0,369498028.0,16836310.0,佛山市顺德区,佛山市顺德区大良街道,20.0,30.0,28.0,20.0,98.0,84.72,76.06875,56.92664596273291
广东省,佛山市,顺德区,容桂街道,113.2534634,22.7659149,44.0,18.0,62.0,150.0,653.0,142.0,0.0,76.0,45.0,21.0,3.0,14.0,3.0,4.0,24.0,45.0,6.0,0.0,5.0,59.0,174.0,29.0,29.0,3.0,35.0,11.0,484.0,0.0,3.0,3.0,9.0,120.0,14.0,9.0,22.0,17.0,0.0,0.0,16.0,8.0,116.0,6.0,0.0,1.0,8.0,1.0,0.0,2.0,1.0,1.0,6.0,7.0,2.0,0.0,0.0,2.0,16.0,2.0,0.0,0.0,3.0,3.0,22.0,0.0,0.0,0.0,0.0,15.0,1.0,1.0,12.0,7.0,2055643035.0,16836309.0,佛山市顺德区,佛山市顺德区容桂街道,20.0,30.0,22.0,20.0,92.0,84.72,76.06875,56.92664596273291
广东省,佛山市,顺德区,陈村镇,113.2298285,22.9573807,40.0,44.0,79.0,92.0,350.0,38.0,4.0,86.0,98.0,5.0,3.0,6.0,4.0,4.0,15.0,20.0,2.0,0.0,0.0,14.0,47.0,20.0,11.0,2.0,26.0,13.0,93.0,0.0,1.0,7.0,9.0,36.0,3.0,21.0,28.0,17.0,8.0,16.0,8.0,37.0,64.0,3.0,0.0,11.0,25.0,2.0,1.0,1.0,1.0,1.0,2.0,3.0,1.0,0.0,0.0,5.0,25.0,10.0,0.0,0.0,4.0,4.0,13.0,0.0,0.0,0.0,1.0,8.0,1.0,3.0,19.0,9.0,2051060542.0,16329330.0,佛山市顺德区,佛山市顺德区陈村镇,20.0,30.0,25.0,15.3,90.3,84.72,76.06875,56.92664596273291
广东省,佛山市,顺德区,北滘镇,113.201495,22.9313027,19.0,18.0,72.0,216.0,295.0,37.0,4.0,99.0,111.0,4.0,3.0,7.0,3.0,3.0,12.0,13.0,1.0,0.0,0.0,8.0,45.0,12.0,5.0,3.0,34.0,6.0,89.0,25.0,20.0,4.0,13.0,29.0,5.0,11.0,24.0,14.0,0.0,0.0,14.0,71.0,94.0,2.0,0.0,47.0,30.0,0.0,1.0,1.0,1.0,1.0,4.0,4.0,0.0,0.0,0.0,1.0,19.0,1.0,0.0,2.0,5.0,1.0,19.0,0.0,0.0,0.0,1.0,12.0,1.0,4.0,15.0,8.0,2055582873.0,17096298.0,佛山市顺德区,佛山市顺德区北滘镇,20.0,30.0,16.0,15.200000000000001,81.2,84.72,76.06875,56.92664596273291
广东省,佛山市,顺德区,乐从镇,113.08116,22.959155,45.0,24.0,101.0,143.0,232.0,12.0,2.0,23.0,151.0,6.0,5.0,9.0,2.0,3.0,13.0,23.0,1.0,0.0,0.0,23.0,135.0,42.0,16.0,2.0,21.0,10.0,102.0,0.0,1.0,2.0,5.0,35.0,8.0,8.0,21.0,11.0,11.0,13.0,24.0,47.0,56.0,0.0,0.0,1.0,37.0,2.0,1.0,5.0,1.0,1.0,6.0,10.0,1.0,0.0,0.0,9.0,86.0,14.0,3.0,1.0,2.0,1.0,42.0,0.0,1.0,0.0,3.0,10.0,3.0,2.0,14.0,10.0,8412520468.0,17096297.0,佛山市顺德区,佛山市顺德区乐从镇,20.0,30.0,26.0,18.6,94.6,84.72,76.06875,56.92664596273291
广东省,佛山市,顺德区,龙江镇,113.0724992,22.8916904,28.0,20.0,53.0,115.0,382.0,40.0,0.0,15.0,66.0,3.0,2.0,4.0,1.0,1.0,13.0,20.0,1.0,0.0,2.0,10.0,39.0,15.0,27.0,8.0,38.0,6.0,37.0,0.0,1.0,7.0,11.0,30.0,5.0,9.0,18.0,15.0,0.0,0.0,2.0,21.0,86.0,0.0,0.0,4.0,18.0,0.0,1.0,0.0,0.0,0.0,3.0,6.0,0.0,0.0,0.0,1.0,2.0,2.0,8.0,0.0,9.0,2.0,8.0,0.0,0.0,1.0,4.0,5.0,0.0,1.0,11.0,8.0,369490355.0,16329352.0,佛山市顺德区,佛山市顺德区龙江镇,20.0,30.0,11.0,9.3,70.3,84.72,76.06875,56.92664596273291
广东省,佛山市,顺德区,杏坛镇,113.1465511,22.7918311,0.0,34.0,33.0,47.0,414.0,31.0,0.0,30.0,57.0,11.0,2.0,3.0,2.0,2.0,11.0,14.0,1.0,0.0,1.0,8.0,32.0,4.0,5.0,2.0,36.0,13.0,40.0,0.0,0.0,1.0,5.0,23.0,1.0,2.0,16.0,9.0,0.0,4.0,6.0,0.0,55.0,5.0,0.0,2.0,12.0,6.0,0.0,2.0,1.0,1.0,3.0,3.0,0.0,0.0,0.0,1.0,13.0,1.0,0.0,1.0,3.0,2.0,20.0,0.0,0.0,0.0,0.0,18.0,0.0,1.0,13.0,7.0,2055632718.0,16836312.0,佛山市顺德区,佛山市顺德区杏坛镇,20.0,30.0,16.0,10.100000000000001,76.1,84.72,76.06875,56.92664596273291
广东省,佛山市,顺德区,均安镇,113.139395,22.7175781,0.0,14.0,61.0,58.0,180.0,25.0,0.0,11.0,13.0,2.0,2.0,4.0,1.0,1.0,7.0,11.0,1.0,0.0,0.0,3.0,52.0,5.0,4.0,2.0,18.0,12.0,50.0,0.0,0.0,1.0,4.0,11.0,11.0,9.0,17.0,14.0,0.0,6.0,19.0,23.0,27.0,0.0,0.0,5.0,9.0,0.0,1.0,4.0,0.0,0.0,3.0,5.0,1.0,0.0,0.0,1.0,27.0,1.0,0.0,1.0,7.0,1.0,12.0,0.0,0.0,0.0,1.0,3.0,4.0,1.0,12.0,9.0,2055643032.0,12299702.0,佛山市顺德区,佛山市顺德区均安镇,20.0,30.0,16.0,10.3,76.3,84.72,76.06875,56.92664596273291
广东省,佛山市,三水区,西南街道,112.8830733,23.1577246,43.0,38.0,80.0,97.0,395.0,15.0,5.0,96.0,92.0,0.0,2.0,0.0,1.0,1.0,7.0,7.0,2.0,0.0,1.0,19.0,35.0,1.0,2.0,0.0,0.0,6.0,59.0,0.0,0.0,13.0,15.0,51.0,6.0,11.0,25.0,10.0,0.0,0.0,22.0,9.0,31.0,5.0,0.0,3.0,8.0,0.0,0.0,0.0,0.0,0.0,1.0,1.0,0.0,0.0,0.0,0.0,3.0,0.0,1.0,0.0,0.0,2.0,10.0,0.0,0.0,2.0,1.0,6.0,0.0,5.0,7.0,6.0,2049320658.0,18081793.0,佛山市三水区,佛山市三水区西南街道,20.0,28.0,5.0,12.4,65.4,57.58571428571429,76.06875,56.92664596273291
广东省,佛山市,三水区,云东海街道,112.8721861,23.2155028,12.0,2.0,20.0,33.0,145.0,3.0,4.0,152.0,32.0,6.0,1.0,0.0,0.0,0.0,3.0,5.0,0.0,0.0,0.0,0.0,25.0,0.0,1.0,0.0,1.0,9.0,87.0,0.0,3.0,4.0,17.0,39.0,1.0,2.0,25.0,13.0,6.0,2.0,6.0,5.0,16.0,2.0,2.0,7.0,8.0,0.0,1.0,0.0,0.0,0.0,0.0,0.0,0.0,0.0,0.0,0.0,1.0,0.0,0.0,0.0,0.0,1.0,0.0,0.0,0.0,0.0,0.0,2.0,0.0,1.0,15.0,3.0,2051167889.0,18081792.0,佛山市三水区,佛山市三水区云东海街道,20.0,30.0,0.0,13.1,63.1,57.58571428571429,76.06875,56.92664596273291
广东省,佛山市,三水区,大塘镇,112.9053944,23.4283822,9.0,18.0,0.0,26.0,78.0,0.0,0.0,1.0,32.0,0.0,0.0,1.0,0.0,0.0,1.0,1.0,0.0,0.0,0.0,0.0,0.0,2.0,1.0,0.0,0.0,11.0,1.0,0.0,0.0,1.0,0.0,1.0,1.0,3.0,10.0,9.0,4.0,9.0,0.0,15.0,8.0,0.0,0.0,0.0,10.0,0.0,0.0,1.0,0.0,0.0,0.0,0.0,0.0,0.0,0.0,0.0,0.0,2.0,0.0,0.0,0.0,2.0,1.0,0.0,0.0,0.0,0.0,1.0,0.0,1.0,7.0,3.0,2050867898.0,18081789.0,佛山市三水区,佛山市三水区大塘镇,20.0,26.0,5.0,4.3,55.3,57.58571428571429,76.06875,56.92664596273291
广东省,佛山市,三水区,乐平镇,113.0165931,23.2695326,0.0,6.0,15.0,18.0,160.0,26.0,0.0,0.0,10.0,0.0,0.0,0.0,0.0,0.0,1.0,2.0,0.0,0.0,0.0,1.0,2.0,0.0,7.0,0.0,0.0,6.0,0.0,0.0,0.0,3.0,0.0,1.0,1.0,9.0,15.0,9.0,0.0,4.0,3.0,2.0,51.0,8.0,0.0,0.0,0.0,0.0,0.0,0.0,0.0,0.0,1.0,2.0,0.0,0.0,0.0,0.0,1.0,0.0,0.0,0.0,0.0,1.0,0.0,0.0,0.0,0.0,0.0,0.0,0.0,1.0,8.0,6.0,2050852192.0,18081791.0,佛山市三水区,佛山市三水区乐平镇,20.0,26.0,5.0,4.3,55.3,57.58571428571429,76.06875,56.92664596273291
广东省,佛山市,三水区,白坭镇,112.8312368,23.0663629,31.0,4.0,15.0,42.0,38.0,1.0,0.0,1.0,14.0,0.0,0.0,0.0,1.0,1.0,0.0,0.0,0.0,0.0,0.0,0.0,0.0,1.0,14.0,1.0,0.0,6.0,13.0,0.0,0.0,1.0,1.0,9.0,0.0,9.0,13.0,6.0,8.0,0.0,4.0,7.0,8.0,0.0,0.0,0.0,3.0,0.0,0.0,0.0,0.0,0.0,0.0,0.0,0.0,0.0,0.0,0.0,0.0,0.0,1.0,0.0,0.0,3.0,0.0,0.0,0.0,0.0,0.0,3.0,0.0,2.0,6.0,3.0,2051167892.0,18097580.0,佛山市三水区,佛山市三水区白坭镇,20.0,26.0,0.0,4.4,50.4,57.58571428571429,76.06875,56.92664596273291
广东省,佛山市,三水区,芦苞镇,112.9019224,23.3571895,8.0,6.0,3.0,18.0,48.0,5.0,0.0,0.0,27.0,0.0,0.0,1.0,0.0,0.0,2.0,2.0,0.0,0.0,0.0,0.0,1.0,0.0,0.0,0.0,0.0,9.0,3.0,0.0,0.0,1.0,0.0,4.0,0.0,8.0,8.0,4.0,0.0,0.0,0.0,13.0,28.0,4.0,0.0,0.0,11.0,0.0,0.0,1.0,0.0,0.0,2.0,2.0,0.0,0.0,0.0,0.0,1.0,0.0,0.0,0.0,0.0,2.0,2.0,0.0,0.0,1.0,0.0,2.0,0.0,1.0,5.0,4.0,2050835079.0,18081790.0,佛山市三水区,佛山市三水区芦苞镇,20.0,26.0,10.0,2.7,58.7,57.58571428571429,76.06875,56.92664596273291
广东省,佛山市,三水区,南山镇,112.8534717,23.5082796,0.0,7.0,3.0,8.0,37.0,0.0,0.0,0.0,23.0,0.0,0.0,1.0,0.0,0.0,2.0,2.0,0.0,0.0,0.0,0.0,2.0,0.0,0.0,0.0,0.0,1.0,5.0,0.0,0.0,0.0,0.0,1.0,0.0,6.0,6.0,6.0,0.0,3.0,3.0,1.0,15.0,0.0,0.0,0.0,11.0,0.0,0.0,1.0,0.0,0.0,1.0,1.0,0.0,0.0,0.0,0.0,2.0,0.0,0.0,0.0,0.0,1.0,4.0,0.0,0.0,0.0,0.0,1.0,0.0,1.0,5.0,4.0,2052320867.0,18081788.0,佛山市三水区,佛山市三水区南山镇,16.0,25.0,10.0,3.9,54.9,57.58571428571429,76.06875,56.92664596273291
广东省,佛山市,高明区,荷城街道,112.8523667,22.9003137,42.0,25.0,20.0,183.0,193.0,33.0,9.0,76.0,195.0,6.0,3.0,2.0,4.0,4.0,11.0,14.0,0.0,0.0,2.0,7.0,62.0,1.0,4.0,1.0,2.0,23.0,58.0,0.0,0.0,5.0,4.0,30.0,1.0,8.0,18.0,17.0,11.0,0.0,13.0,26.0,37.0,3.0,0.0,12.0,32.0,0.0,0.0,2.0,0.0,0.0,4.0,4.0,0.0,0.0,0.0,1.0,8.0,0.0,0.0,0.0,0.0,2.0,1.0,0.0,0.0,0.0,1.0,3.0,0.0,3.0,10.0,6.0,8412011204.0,18081787.0,佛山市高明区,佛山市高明区荷城街道,20.0,30.0,11.0,10.4,71.4,64.025,76.06875,56.92664596273291
广东省,佛山市,高明区,杨和镇,112.7798311,22.8742838,30.0,4.0,0.0,17.0,52.0,8.0,0.0,0.0,71.0,0.0,0.0,1.0,0.0,0.0,2.0,2.0,0.0,0.0,0.0,0.0,3.0,0.0,8.0,0.0,1.0,16.0,13.0,0.0,0.0,0.0,0.0,4.0,0.0,6.0,9.0,7.0,17.0,4.0,0.0,3.0,15.0,0.0,0.0,0.0,26.0,0.0,0.0,1.0,0.0,0.0,0.0,0.0,0.0,0.0,0.0,0.0,0.0,0.0,2.0,0.0,0.0,4.0,0.0,0.0,0.0,0.0,0.0,0.0,0.0,4.0,7.0,1.0,2051059528.0,18081786.0,佛山市高明区,佛山市高明区杨和镇,20.0,26.0,5.0,4.8,55.8,64.025,76.06875,56.92664596273291
广东省,佛山市,高明区,明城镇,112.6966467,22.8677209,0.0,19.0,3.0,62.0,50.0,2.0,0.0,0.0,86.0,0.0,1.0,1.0,0.0,0.0,2.0,2.0,1.0,0.0,0.0,0.0,2.0,2.0,9.0,0.0,0.0,13.0,30.0,0.0,0.0,0.0,2.0,2.0,2.0,4.0,13.0,9.0,0.0,2.0,0.0,17.0,6.0,0.0,0.0,0.0,8.0,0.0,0.0,0.0,0.0,0.0,0.0,0.0,1.0,0.0,0.0,0.0,0.0,2.0,7.0,0.0,0.0,1.0,15.0,0.0,0.0,0.0,0.0,1.0,0.0,2.0,5.0,4.0,2047478891.0,18081785.0,佛山市高明区,佛山市高明区明城镇,20.0,28.0,10.0,8.5,66.5,64.025,76.06875,56.92664596273291
广东省,佛山市,高明区,更合镇,112.5412879,22.809844,0.0,28.0,2.0,6.0,40.0,19.0,0.0,8.0,36.0,0.0,2.0,1.0,1.0,1.0,1.0,1.0,1.0,0.0,0.0,1.0,8.0,0.0,11.0,0.0,0.0,6.0,2.0,0.0,0.0,2.0,3.0,7.0,0.0,2.0,13.0,8.0,0.0,8.0,0.0,0.0,10.0,0.0,0.0,1.0,12.0,0.0,0.0,1.0,0.0,0.0,0.0,0.0,1.0,0.0,0.0,0.0,0.0,0.0,0.0,0.0,0.0,1.0,0.0,0.0,0.0,0.0,0.0,2.0,0.0,1.0,6.0,4.0,2047435565.0,16690949.0,佛山市高明区,佛山市高明区更合镇,20.0,28.0,10.0,4.4,62.4,64.025,76.06875,56.92664596273291
广东省,江门市,蓬江区,白沙街道,113.0719544,22.5743294,70.0,143.0,221.0,209.0,609.0,39.0,4.0,63.0,528.0,9.0,11.0,18.0,8.0,11.0,23.0,34.0,3.0,2.0,7.0,78.0,24.0,1.0,0.0,0.0,1.0,12.0,417.0,0.0,4.0,9.0,151.0,25.0,13.0,14.0,26.0,13.0,0.0,0.0,51.0,29.0,103.0,1.0,0.0,2.0,95.0,3.0,0.0,4.0,1.0,1.0,8.0,9.0,0.0,1.0,0.0,5.0,4.0,0.0,0.0,0.0,1.0,2.0,261.0,0.0,0.0,0.0,16.0,5.0,3.0,6.0,9.0,6.0,8411833198.0,19261661.0,江门市蓬江区,江门市蓬江区白沙街道,20.0,30.0,22.0,20.0,92.0,80.21666666666667,65.03698630136986,56.92664596273291
广东省,江门市,蓬江区,潮连街道,113.116553,22.6263147,4.0,80.0,61.0,132.0,224.0,22.0,0.0,45.0,189.0,6.0,6.0,1.0,2.0,2.0,8.0,10.0,1.0,0.0,2.0,6.0,12.0,1.0,4.0,0.0,1.0,6.0,272.0,0.0,1.0,10.0,29.0,23.0,4.0,11.0,21.0,11.0,0.0,8.0,0.0,17.0,29.0,0.0,0.0,0.0,17.0,0.0,0.0,1.0,0.0,0.0,2.0,4.0,1.0,0.0,2.0,0.0,1.0,1.0,0.0,0.0,0.0,2.0,0.0,0.0,0.0,0.0,9.0,0.0,0.0,1.0,8.0,4.0,8411833197.0,13567050.0,江门市蓬江区,江门市蓬江区潮连街道,20.0,30.0,17.0,20.0,87.0,80.21666666666667,65.03698630136986,56.92664596273291
广东省,江门市,蓬江区,环市街道,113.0640737,22.6236129,28.0,162.0,219.0,73.0,405.0,16.0,9.0,81.0,451.0,14.0,4.0,4.0,2.0,3.0,12.0,14.0,2.0,0.0,17.0,30.0,41.0,4.0,8.0,1.0,0.0,16.0,457.0,0.0,9.0,1.0,90.0,29.0,11.0,7.0,21.0,15.0,0.0,38.0,19.0,10.0,60.0,0.0,2.0,2.0,50.0,1.0,0.0,0.0,0.0,0.0,1.0,1.0,0.0,0.0,1.0,3.0,6.0,0.0,5.0,1.0,0.0,2.0,41.0,0.0,0.0,0.0,12.0,1.0,1.0,2.0,12.0,9.0,8411833199.0,19261660.0,江门市蓬江区,江门市蓬江区环市街道,20.0,30.0,15.0,20.0,85.0,80.21666666666667,65.03698630136986,56.92664596273291
广东省,江门市,蓬江区,棠下镇,113.0255537,22.6840545,20.0,18.0,40.0,39.0,130.0,24.0,0.0,5.0,137.0,1.0,3.0,1.0,1.0,1.0,2.0,2.0,1.0,0.0,1.0,3.0,21.0,3.0,46.0,0.0,1.0,11.0,42.0,0.0,0.0,2.0,10.0,2.0,2.0,8.0,19.0,11.0,0.0,4.0,14.0,12.0,22.0,0.0,0.0,2.0,24.0,0.0,1.0,1.0,1.0,1.0,2.0,2.0,1.0,0.0,1.0,2.0,5.0,1.0,0.0,0.0,0.0,1.0,2.0,0.0,0.0,0.0,7.0,0.0,2.0,2.0,7.0,5.0,8411833191.0,19261658.0,江门市蓬江区,江门市蓬江区棠下镇,20.0,30.0,24.0,8.600000000000001,82.6,80.21666666666667,65.03698630136986,56.92664596273291
广东省,江门市,蓬江区,荷塘镇,113.1311544,22.655749,0.0,0.0,30.0,90.0,122.0,12.0,0.0,0.0,57.0,0.0,0.0,0.0,2.0,2.0,0.0,0.0,0.0,0.0,0.0,0.0,6.0,0.0,8.0,0.0,1.0,13.0,144.0,2.0,0.0,1.0,2.0,9.0,3.0,7.0,8.0,10.0,0.0,0.0,5.0,29.0,46.0,0.0,0.0,0.0,26.0,0.0,0.0,0.0,2.0,2.0,0.0,0.0,0.0,0.0,0.0,0.0,6.0,0.0,0.0,0.0,0.0,4.0,118.0,1.0,0.0,0.0,1.0,5.0,0.0,1.0,4.0,6.0,8411833196.0,12298708.0,江门市蓬江区,江门市蓬江区荷塘镇,20.0,26.0,5.0,20.0,71.0,80.21666666666667,65.03698630136986,56.92664596273291
广东省,江门市,蓬江区,杜阮镇,113.0073385,22.6070735,19.0,23.0,53.0,6.0,190.0,11.0,0.0,3.0,166.0,1.0,2.0,0.0,0.0,0.0,1.0,1.0,1.0,0.0,0.0,1.0,0.0,0.0,4.0,0.0,0.0,18.0,3.0,0.0,0.0,9.0,6.0,0.0,1.0,7.0,22.0,5.0,0.0,17.0,6.0,0.0,51.0,1.0,0.0,0.0,34.0,0.0,1.0,0.0,0.0,0.0,1.0,1.0,1.0,0.0,0.0,0.0,0.0,0.0,0.0,0.0,0.0,6.0,0.0,0.0,0.0,0.0,2.0,0.0,0.0,1.0,6.0,1.0,8411833200.0,19261659.0,江门市蓬江区,江门市蓬江区杜阮镇,20.0,30.0,10.0,3.7,63.7,80.21666666666667,65.03698630136986,56.92664596273291
广东省,江门市,江海区,江南街道,113.0954557,22.5691981,32.0,188.0,145.0,249.0,539.0,19.0,4.0,85.0,480.0,9.0,7.0,22.0,9.0,17.0,20.0,29.0,5.0,2.0,11.0,119.0,22.0,0.0,2.0,0.0,1.0,9.0,478.0,0.0,5.0,10.0,206.0,37.0,33.0,14.0,25.0,11.0,10.0,53.0,23.0,38.0,101.0,3.0,0.0,12.0,82.0,1.0,3.0,2.0,2.0,2.0,1.0,3.0,0.0,0.0,3.0,33.0,0.0,0.0,0.0,0.0,0.0,3.0,56.0,0.0,2.0,0.0,54.0,2.0,3.0,1.0,14.0,3.0,8411929476.0,19261663.0,江门市江海区,江门市江海区江南街道,20.0,30.0,23.0,20.0,93.0,74.23333333333333,65.03698630136986,56.92664596273291
广东省,江门市,江海区,外海街道,113.1422281,22.5962816,18.0,126.0,49.0,65.0,310.0,44.0,0.0,117.0,203.0,7.0,5.0,0.0,1.0,3.0,5.0,10.0,0.0,0.0,1.0,17.0,10.0,1.0,7.0,0.0,1.0,14.0,45.0,0.0,1.0,4.0,14.0,14.0,6.0,13.0,24.0,13.0,0.0,15.0,22.0,18.0,78.0,6.0,0.0,34.0,53.0,3.0,1.0,0.0,0.0,0.0,1.0,2.0,0.0,0.0,0.0,1.0,0.0,0.0,0.0,0.0,0.0,2.0,21.0,0.0,0.0,0.0,2.0,3.0,0.0,4.0,15.0,6.0,8411929475.0,19261662.0,江门市江海区,江门市江海区外海街道,20.0,30.0,6.0,11.0,67.0,74.23333333333333,65.03698630136986,56.92664596273291
广东省,江门市,江海区,礼乐街道,113.0858535,22.5308717,4.0,59.0,35.0,93.0,157.0,7.0,0.0,6.0,90.0,1.0,2.0,0.0,0.0,0.0,10.0,10.0,0.0,0.0,0.0,14.0,3.0,0.0,2.0,0.0,0.0,10.0,17.0,0.0,0.0,3.0,22.0,1.0,1.0,9.0,18.0,7.0,0.0,0.0,0.0,28.0,54.0,0.0,0.0,0.0,32.0,0.0,0.0,0.0,0.0,0.0,5.0,5.0,0.0,0.0,0.0,2.0,0.0,0.0,0.0,0.0,0.0,7.0,2.0,0.0,0.0,0.0,4.0,0.0,0.0,1.0,5.0,1.0,8411929474.0,12298874.0,江门市江海区,江门市江海区礼乐街道,20.0,30.0,7.0,5.7,62.7,74.23333333333333,65.03698630136986,56.92664596273291
广东省,江门市,新会区,会城街道,113.0274058,22.5151193,31.0,134.0,80.0,259.0,597.0,29.0,0.0,35.0,336.0,5.0,4.0,9.0,11.0,11.0,20.0,25.0,5.0,1.0,19.0,46.0,38.0,2.0,19.0,0.0,0.0,4.0,116.0,0.0,3.0,1.0,135.0,43.0,6.0,3.0,16.0,13.0,9.0,37.0,35.0,73.0,101.0,1.0,0.0,1.0,69.0,1.0,0.0,3.0,2.0,2.0,5.0,5.0,2.0,1.0,3.0,3.0,1.0,0.0,2.0,0.0,0.0,3.0,4.0,0.0,0.0,0.0,20.0,3.0,0.0,1.0,11.0,5.0,8411086633.0,12297649.0,江门市新会区,江门市新会区会城街道,19.0,30.0,27.0,16.1,92.1,66.04545454545455,65.03698630136986,56.92664596273291
广东省,江门市,新会区,大泽镇,112.935088,22.5212263,21.0,10.0,0.0,29.0,51.0,9.0,0.0,0.0,86.0,0.0,1.0,3.0,0.0,0.0,1.0,1.0,1.0,0.0,0.0,6.0,3.0,1.0,6.0,0.0,1.0,26.0,0.0,0.0,0.0,2.0,9.0,1.0,1.0,3.0,13.0,9.0,11.0,3.0,0.0,11.0,15.0,1.0,0.0,0.0,20.0,0.0,1.0,3.0,0.0,0.0,0.0,0.0,1.0,0.0,0.0,3.0,0.0,0.0,0.0,0.0,0.0,7.0,0.0,0.0,0.0,0.0,5.0,0.0,1.0,1.0,9.0,3.0,8411086635.0,19261650.0,江门市新会区,江门市新会区大泽镇,20.0,28.0,13.0,4.2,65.2,66.04545454545455,65.03698630136986,56.92664596273291
广东省,江门市,新会区,司前镇,112.853809,22.49381,7.0,2.0,3.0,27.0,61.0,17.0,0.0,3.0,59.0,0.0,0.0,0.0,1.0,1.0,0.0,0.0,0.0,0.0,0.0,0.0,6.0,0.0,3.0,0.0,0.0,7.0,0.0,0.0,0.0,0.0,1.0,0.0,0.0,4.0,16.0,4.0,4.0,0.0,0.0,0.0,29.0,1.0,0.0,0.0,22.0,0.0,0.0,0.0,1.0,1.0,0.0,0.0,0.0,0.0,0.0,0.0,0.0,0.0,0.0,0.0,0.0,1.0,0.0,0.0,0.0,0.0,0.0,0.0,0.0,1.0,5.0,2.0,8411086636.0,19261651.0,江门市新会区,江门市新会区司前镇,20.0,26.0,5.0,2.0,53.0,66.04545454545455,65.03698630136986,56.92664596273291
广东省,江门市,新会区,罗坑镇,112.918633,22.463361,0.0,0.0,11.0,4.0,40.0,0.0,0.0,0.0,70.0,0.0,0.0,0.0,1.0,1.0,0.0,0.0,0.0,1.0,0.0,0.0,12.0,0.0,9.0,0.0,0.0,9.0,0.0,0.0,0.0,1.0,0.0,5.0,0.0,4.0,8.0,7.0,0.0,0.0,6.0,1.0,6.0,0.0,0.0,0.0,20.0,0.0,0.0,0.0,1.0,1.0,0.0,0.0,0.0,1.0,0.0,0.0,2.0,0.0,6.0,0.0,0.0,1.0,0.0,0.0,0.0,0.0,0.0,5.0,0.0,1.0,6.0,5.0,8411086634.0,19261652.0,江门市新会区,江门市新会区罗坑镇,20.0,24.8,7.0,3.6,55.4,66.04545454545455,65.03698630136986,56.92664596273291
广东省,江门市,新会区,双水镇,113.000606,22.433487,21.0,19.0,8.0,20.0,95.0,1.0,0.0,3.0,98.0,1.0,2.0,3.0,1.0,1.0,6.0,6.0,2.0,0.0,5.0,3.0,27.0,0.0,9.0,0.0,0.0,13.0,6.0,0.0,1.0,6.0,9.0,2.0,1.0,4.0,16.0,7.0,0.0,17.0,5.0,14.0,40.0,0.0,0.0,3.0,28.0,1.0,1.0,3.0,0.0,0.0,4.0,4.0,2.0,0.0,4.0,3.0,1.0,0.0,2.0,0.0,0.0,3.0,6.0,0.0,1.0,2.0,6.0,2.0,1.0,1.0,8.0,6.0,8411086632.0,19261653.0,江门市新会区,江门市新会区双水镇,20.0,30.0,20.0,5.5,75.5,66.04545454545455,65.03698630136986,56.92664596273291
广东省,江门市,新会区,崖门镇,113.051007,22.301708,0.0,20.0,0.0,9.0,54.0,16.0,0.0,1.0,50.0,0.0,0.0,2.0,0.0,0.0,1.0,1.0,1.0,0.0,0.0,0.0,8.0,0.0,9.0,0.0,2.0,19.0,6.0,0.0,0.0,9.0,5.0,5.0,0.0,3.0,12.0,11.0,0.0,8.0,0.0,7.0,23.0,3.0,0.0,1.0,12.0,0.0,0.0,2.0,0.0,0.0,1.0,1.0,1.0,0.0,0.0,0.0,3.0,0.0,0.0,0.0,1.0,5.0,5.0,0.0,0.0,0.0,4.0,0.0,0.0,1.0,9.0,3.0,8411072344.0,19261654.0,江门市新会区,江门市新会区崖门镇,20.0,26.0,15.0,6.0,67.0,66.04545454545455,65.03698630136986,56.92664596273291
广东省,江门市,新会区,沙堆镇,113.145157,22.305505,0.0,0.0,4.0,4.0,55.0,19.0,0.0,0.0,39.0,0.0,0.0,0.0,1.0,1.0,3.0,3.0,0.0,0.0,1.0,1.0,7.0,0.0,0.0,0.0,0.0,8.0,0.0,0.0,0.0,0.0,0.0,1.0,1.0,3.0,7.0,10.0,0.0,0.0,3.0,4.0,34.0,8.0,0.0,0.0,23.0,0.0,0.0,0.0,1.0,1.0,3.0,3.0,0.0,0.0,1.0,1.0,5.0,0.0,0.0,0.0,0.0,5.0,0.0,0.0,0.0,0.0,0.0,0.0,1.0,1.0,7.0,5.0,8411072345.0,19261656.0,江门市新会区,江门市新会区沙堆镇,20.0,25.5,13.0,4.0,62.5,66.04545454545455,65.03698630136986,56.92664596273291
广东省,江门市,新会区,古井镇,113.1116569,22.3591985,26.0,0.0,35.0,17.0,43.0,33.0,0.0,1.0,68.0,0.0,1.0,1.0,1.0,1.0,3.0,3.0,1.0,0.0,1.0,1.0,12.0,0.0,1.0,0.0,0.0,8.0,17.0,0.0,0.0,0.0,9.0,3.0,1.0,2.0,11.0,9.0,0.0,0.0,14.0,5.0,19.0,10.0,0.0,1.0,21.0,0.0,0.0,1.0,1.0,1.0,1.0,1.0,1.0,0.0,1.0,1.0,3.0,0.0,0.0,0.0,0.0,4.0,17.0,0.0,0.0,0.0,7.0,2.0,1.0,1.0,8.0,6.0,369498607.0,19261655.0,江门市新会区,江门市新会区古井镇,20.0,28.0,23.0,7.4,78.4,66.04545454545455,65.03698630136986,56.92664596273291
广东省,江门市,新会区,三江镇,113.1027216,22.4316137,30.0,9.0,57.0,18.0,68.0,14.0,0.0,0.0,79.0,0.0,3.0,1.0,0.0,0.0,0.0,0.0,0.0,0.0,0.0,0.0,9.0,0.0,4.0,0.0,1.0,8.0,4.0,0.0,1.0,0.0,4.0,2.0,0.0,3.0,14.0,7.0,12.0,0.0,17.0,10.0,28.0,1.0,0.0,0.0,22.0,0.0,1.0,1.0,0.0,0.0,0.0,0.0,0.0,0.0,0.0,0.0,1.0,0.0,1.0,0.0,0.0,3.0,3.0,0.0,1.0,0.0,2.0,1.0,0.0,1.0,10.0,5.0,8411072347.0,19261626.0,江门市新会区,江门市新会区三江镇,20.0,28.0,5.0,4.2,57.2,66.04545454545455,65.03698630136986,56.92664596273291
广东省,江门市,新会区,睦洲镇,113.1569834,22.4554406,0.0,39.0,9.0,26.0,54.0,16.0,0.0,6.0,101.0,0.0,0.0,1.0,1.0,1.0,3.0,4.0,0.0,1.0,0.0,0.0,0.0,0.0,0.0,0.0,0.0,11.0,7.0,0.0,0.0,6.0,3.0,5.0,0.0,6.0,17.0,4.0,0.0,8.0,3.0,6.0,22.0,0.0,0.0,0.0,24.0,0.0,0.0,1.0,0.0,0.0,3.0,3.0,0.0,0.0,0.0,0.0,0.0,0.0,0.0,0.0,0.0,2.0,0.0,0.0,0.0,0.0,3.0,1.0,0.0,3.0,6.0,2.0,369490555.0,19261657.0,江门市新会区,江门市新会区睦洲镇,20.0,26.0,10.0,3.3,59.3,66.04545454545455,65.03698630136986,56.92664596273291
广东省,江门市,新会区,大鳌镇,113.204416,22.48696,0.0,4.0,13.0,43.0,51.0,16.0,0.0,1.0,26.0,1.0,1.0,6.0,0.0,0.0,0.0,2.0,0.0,0.0,3.0,4.0,1.0,0.0,3.0,0.0,0.0,15.0,7.0,0.0,3.0,2.0,17.0,2.0,0.0,9.0,15.0,6.0,0.0,0.0,7.0,14.0,11.0,4.0,0.0,0.0,12.0,0.0,0.0,6.0,0.0,0.0,0.0,0.0,0.0,0.0,2.0,0.0,1.0,0.0,1.0,0.0,0.0,7.0,0.0,0.0,0.0,0.0,12.0,0.0,0.0,1.0,6.0,3.0,8411072346.0,12297648.0,江门市新会区,江门市新会区大鳌镇,20.0,30.0,7.0,3.9,60.9,66.04545454545455,65.03698630136986,56.92664596273291
广东省,江门市,台山市,台城街道,112.7965842,22.2504163,34.0,92.0,6.0,152.0,385.0,718.0,0.0,73.0,309.0,7.0,7.0,7.0,4.0,8.0,25.0,30.0,4.0,1.0,14.0,36.0,121.0,14.0,22.0,7.0,1.0,60.0,1479.0,3.0,1.0,0.0,95.0,54.0,11.0,2.0,15.0,15.0,0.0,29.0,4.0,31.0,74.0,233.0,0.0,28.0,80.0,2.0,1.0,3.0,2.0,3.0,10.0,13.0,1.0,0.0,4.0,7.0,16.0,4.0,0.0,2.0,0.0,8.0,789.0,0.0,0.0,0.0,7.0,19.0,2.0,2.0,11.0,10.0,8093021332.0,19261625.0,江门市台山市,江门市台山市台城街道,20.0,30.0,28.0,20.0,98.0,70.07058823529412,65.03698630136986,56.92664596273291
广东省,江门市,台山市,大江镇,112.7952163,22.3850411,14.0,2.0,4.0,7.0,166.0,99.0,0.0,6.0,56.0,0.0,1.0,2.0,0.0,0.0,3.0,3.0,0.0,1.0,1.0,0.0,119.0,3.0,17.0,0.0,0.0,135.0,175.0,0.0,0.0,0.0,0.0,1.0,0.0,3.0,15.0,11.0,10.0,2.0,2.0,1.0,47.0,39.0,0.0,1.0,16.0,0.0,0.0,0.0,0.0,0.0,0.0,0.0,0.0,0.0,1.0,0.0,32.0,3.0,3.0,0.0,0.0,26.0,95.0,0.0,0.0,0.0,0.0,0.0,0.0,1.0,11.0,10.0,8093022655.0,12297141.0,江门市台山市,江门市台山市大江镇,20.0,28.0,7.0,20.0,75.0,70.07058823529412,65.03698630136986,56.92664596273291
广东省,江门市,台山市,水步镇,112.7941863,22.3303985,27.0,9.0,13.0,20.0,173.0,137.0,0.0,2.0,80.0,1.0,2.0,2.0,1.0,2.0,4.0,4.0,2.0,0.0,0.0,0.0,110.0,4.0,55.0,0.0,6.0,94.0,168.0,0.0,0.0,2.0,1.0,3.0,2.0,5.0,15.0,14.0,5.0,1.0,11.0,7.0,41.0,49.0,0.0,0.0,36.0,0.0,1.0,2.0,1.0,2.0,2.0,2.0,1.0,0.0,0.0,0.0,37.0,2.0,11.0,0.0,1.0,11.0,135.0,0.0,0.0,0.0,1.0,3.0,0.0,2.0,8.0,9.0,8093023761.0,17055219.0,江门市台山市,江门市台山市水步镇,20.0,30.0,20.0,20.0,90.0,70.07058823529412,65.03698630136986,56.92664596273291
广东省,江门市,台山市,四九镇,112.8533398,22.2196255,0.0,6.0,0.0,28.0,129.0,41.0,0.0,4.0,46.0,0.0,0.0,1.0,0.0,0.0,3.0,3.0,0.0,0.0,0.0,1.0,25.0,2.0,7.0,0.0,0.0,113.0,107.0,0.0,0.0,0.0,0.0,1.0,2.0,2.0,6.0,8.0,0.0,6.0,0.0,18.0,39.0,20.0,0.0,1.0,18.0,0.0,0.0,1.0,0.0,0.0,2.0,2.0,0.0,0.0,0.0,1.0,6.0,2.0,3.0,0.0,0.0,11.0,72.0,0.0,0.0,0.0,0.0,1.0,2.0,1.0,6.0,7.0,8093021416.0,19261611.0,江门市台山市,江门市台山市四九镇,20.0,25.0,11.0,20.0,76.0,70.07058823529412,65.03698630136986,56.92664596273291
广东省,江门市,台山市,白沙镇,112.595896,22.2490384,0.0,14.0,0.0,16.0,113.0,11.0,0.0,5.0,74.0,0.0,0.0,1.0,0.0,0.0,3.0,3.0,0.0,0.0,0.0,0.0,5.0,1.0,0.0,0.0,0.0,63.0,14.0,0.0,0.0,0.0,0.0,0.0,1.0,5.0,7.0,5.0,0.0,11.0,0.0,9.0,31.0,3.0,0.0,0.0,14.0,0.0,0.0,1.0,0.0,0.0,2.0,2.0,0.0,0.0,0.0,0.0,0.0,1.0,0.0,0.0,0.0,13.0,14.0,0.0,0.0,0.0,0.0,0.0,1.0,4.0,5.0,4.0,8093023843.0,19261624.0,江门市台山市,江门市台山市白沙镇,20.0,25.5,10.0,5.300000000000001,60.8,70.07058823529412,65.03698630136986,56.92664596273291
广东省,江门市,台山市,三合镇,112.7452575,22.1855444,9.0,7.0,0.0,4.0,98.0,127.0,0.0,9.0,28.0,0.0,2.0,1.0,0.0,0.0,1.0,1.0,0.0,0.0,0.0,4.0,82.0,9.0,7.0,0.0,5.0,57.0,156.0,0.0,0.0,0.0,0.0,6.0,4.0,2.0,8.0,15.0,6.0,7.0,0.0,2.0,17.0,29.0,0.0,0.0,18.0,0.0,0.0,1.0,0.0,0.0,1.0,1.0,0.0,0.0,0.0,4.0,23.0,9.0,0.0,0.0,3.0,10.0,47.0,0.0,0.0,0.0,0.0,5.0,4.0,1.0,6.0,13.0,8093023696.0,19261623.0,江门市台山市,江门市台山市三合镇,20.0,28.0,14.0,20.0,82.0,70.07058823529412,65.03698630136986,56.92664596273291
广东省,江门市,台山市,冲蒌镇,112.8094213,22.1255211,0.0,23.0,0.0,3.0,152.0,102.0,0.0,12.0,26.0,0.0,0.0,2.0,1.0,1.0,2.0,2.0,0.0,1.0,2.0,0.0,90.0,1.0,2.0,0.0,0.0,122.0,72.0,0.0,0.0,0.0,0.0,1.0,0.0,3.0,9.0,13.0,0.0,15.0,0.0,1.0,40.0,12.0,0.0,3.0,10.0,0.0,0.0,2.0,1.0,1.0,1.0,1.0,0.0,1.0,2.0,0.0,12.0,1.0,0.0,0.0,0.0,18.0,64.0,0.0,0.0,0.0,0.0,1.0,0.0,1.0,7.0,8.0,8093021329.0,19261612.0,江门市台山市,江门市台山市冲蒌镇,20.0,26.0,19.0,17.6,82.6,70.07058823529412,65.03698630136986,56.92664596273291
广东省,江门市,台山市,斗山镇,112.8326975,22.0638444,0.0,16.0,0.0,4.0,157.0,78.0,0.0,31.0,0.0,0.0,0.0,1.0,1.0,1.0,5.0,7.0,1.0,0.0,0.0,2.0,69.0,10.0,5.0,0.0,0.0,54.0,169.0,0.0,0.0,0.0,0.0,4.0,2.0,2.0,11.0,12.0,0.0,11.0,0.0,0.0,53.0,37.0,0.0,12.0,0.0,0.0,0.0,1.0,1.0,1.0,2.0,3.0,1.0,0.0,0.0,2.0,36.0,10.0,2.0,0.0,0.0,15.0,147.0,0.0,0.0,0.0,0.0,3.0,2.0,1.0,7.0,11.0,8093021196.0,19261613.0,江门市台山市,江门市台山市斗山镇,20.0,24.0,22.0,20.0,86.0,70.07058823529412,65.03698630136986,56.92664596273291
广东省,江门市,台山市,都斛镇,112.9381029,22.0636334,6.0,5.0,0.0,0.0,138.0,33.0,0.0,21.0,6.0,0.0,0.0,3.0,0.0,0.0,4.0,5.0,1.0,0.0,0.0,4.0,22.0,3.0,1.0,0.0,0.0,45.0,28.0,0.0,0.0,0.0,0.0,2.0,1.0,3.0,10.0,11.0,6.0,4.0,0.0,0.0,32.0,16.0,0.0,0.0,2.0,0.0,0.0,3.0,0.0,0.0,2.0,3.0,1.0,0.0,0.0,3.0,3.0,2.0,1.0,0.0,0.0,14.0,21.0,0.0,0.0,0.0,0.0,2.0,1.0,2.0,5.0,8.0,8093023048.0,19261614.0,江门市台山市,江门市台山市都斛镇,20.0,26.0,18.0,8.9,72.9,70.07058823529412,65.03698630136986,56.92664596273291
广东省,江门市,台山市,赤溪镇,112.8952573,21.9780856,10.0,0.0,0.0,12.0,65.0,13.0,0.0,28.0,0.0,0.0,0.0,1.0,0.0,0.0,1.0,1.0,0.0,0.0,0.0,0.0,19.0,1.0,1.0,0.0,0.0,33.0,8.0,0.0,0.0,0.0,0.0,3.0,0.0,2.0,8.0,9.0,0.0,0.0,0.0,12.0,18.0,4.0,0.0,10.0,0.0,0.0,0.0,1.0,0.0,0.0,1.0,1.0,0.0,0.0,0.0,0.0,8.0,1.0,0.0,0.0,0.0,10.0,7.0,0.0,0.0,0.0,0.0,3.0,0.0,1.0,5.0,7.0,8093023351.0,19261615.0,江门市台山市,江门市台山市赤溪镇,20.0,24.0,10.0,5.5,59.5,70.07058823529412,65.03698630136986,56.92664596273291
广东省,江门市,台山市,端芬镇,112.7508311,22.054795,23.0,6.0,0.0,3.0,146.0,186.0,0.0,47.0,56.0,0.0,2.0,1.0,1.0,1.0,2.0,2.0,1.0,0.0,0.0,0.0,142.0,4.0,9.0,0.0,0.0,110.0,103.0,0.0,0.0,0.0,1.0,2.0,1.0,2.0,10.0,13.0,5.0,2.0,0.0,3.0,35.0,63.0,0.0,24.0,12.0,0.0,0.0,1.0,1.0,1.0,1.0,1.0,1.0,0.0,0.0,0.0,44.0,3.0,0.0,0.0,0.0,20.0,44.0,0.0,0.0,0.0,0.0,2.0,0.0,1.0,9.0,9.0,8093023719.0,19261622.0,江门市台山市,江门市台山市端芬镇,20.0,28.0,20.0,18.700000000000003,86.7,70.07058823529412,65.03698630136986,56.92664596273291
广东省,江门市,台山市,广海镇,112.7922498,21.9712435,14.0,0.0,4.0,13.0,137.0,75.0,0.0,24.0,30.0,0.0,0.0,1.0,1.0,1.0,4.0,6.0,2.0,0.0,0.0,0.0,63.0,3.0,8.0,1.0,1.0,55.0,54.0,0.0,0.0,0.0,0.0,4.0,0.0,3.0,12.0,13.0,9.0,0.0,3.0,2.0,43.0,19.0,0.0,11.0,2.0,0.0,0.0,1.0,1.0,1.0,2.0,3.0,2.0,0.0,0.0,0.0,23.0,2.0,1.0,0.0,0.0,14.0,39.0,0.0,0.0,0.0,0.0,2.0,0.0,3.0,11.0,6.0,8093023007.0,19261616.0,江门市台山市,江门市台山市广海镇,20.0,26.0,20.0,13.3,79.3,70.07058823529412,65.03698630136986,56.92664596273291
广东省,江门市,台山市,海宴镇,112.5541769,21.8291059,5.0,1.0,0.0,7.0,26.0,0.0,0.0,0.0,24.0,0.0,1.0,0.0,1.0,1.0,3.0,3.0,1.0,0.0,0.0,0.0,96.0,40.0,1.0,0.0,0.0,48.0,0.0,0.0,0.0,1.0,0.0,1.0,0.0,3.0,10.0,8.0,3.0,0.0,0.0,7.0,23.0,0.0,0.0,0.0,8.0,0.0,1.0,0.0,1.0,1.0,2.0,2.0,1.0,0.0,0.0,0.0,28.0,34.0,1.0,0.0,0.0,12.0,0.0,0.0,0.0,1.0,0.0,1.0,0.0,3.0,8.0,7.0,8093023228.0,19261621.0,江门市台山市,江门市台山市海宴镇,20.0,28.0,15.0,4.2,67.2,70.07058823529412,65.03698630136986,56.92664596273291
广东省,江门市,台山市,汶村镇,112.4861722,21.8605903,4.0,2.0,0.0,3.0,34.0,8.0,0.0,0.0,16.0,0.0,0.0,0.0,0.0,0.0,0.0,0.0,0.0,0.0,1.0,0.0,166.0,30.0,2.0,0.0,0.0,36.0,16.0,0.0,0.0,0.0,0.0,0.0,0.0,3.0,10.0,5.0,4.0,1.0,0.0,1.0,16.0,6.0,0.0,0.0,4.0,0.0,0.0,0.0,0.0,0.0,0.0,0.0,0.0,0.0,1.0,0.0,55.0,25.0,0.0,0.0,0.0,10.0,1.0,0.0,0.0,0.0,0.0,0.0,0.0,3.0,9.0,3.0,8093022517.0,19261620.0,江门市台山市,江门市台山市汶村镇,20.0,25.6,2.0,4.2,51.800000000000004,70.07058823529412,65.03698630136986,56.92664596273291
广东省,江门市,台山市,深井镇,112.5003181,21.9805297,0.0,5.0,0.0,2.0,2.0,0.0,0.0,0.0,0.0,0.0,0.0,0.0,0.0,0.0,0.0,0.0,0.0,0.0,0.0,0.0,73.0,24.0,0.0,0.0,0.0,41.0,1.0,0.0,0.0,0.0,0.0,0.0,0.0,1.0,3.0,5.0,0.0,5.0,0.0,2.0,2.0,0.0,0.0,0.0,0.0,0.0,0.0,0.0,0.0,0.0,0.0,0.0,0.0,0.0,0.0,0.0,16.0,24.0,0.0,0.0,0.0,10.0,0.0,0.0,0.0,0.0,0.0,0.0,0.0,1.0,3.0,4.0,8093021700.0,19261619.0,江门市台山市,江门市台山市深井镇,20.0,9.5,0.0,2.6,32.1,70.07058823529412,65.03698630136986,56.92664596273291
广东省,江门市,台山市,北陡镇,112.3988824,21.8759673,11.0,8.0,0.0,1.0,7.0,0.0,0.0,0.0,20.0,0.0,0.0,0.0,0.0,0.0,0.0,0.0,0.0,0.0,0.0,0.0,40.0,25.0,0.0,0.0,0.0,17.0,2.0,0.0,0.0,0.0,0.0,0.0,0.0,5.0,8.0,4.0,5.0,3.0,0.0,1.0,6.0,0.0,0.0,0.0,12.0,0.0,0.0,0.0,0.0,0.0,0.0,0.0,0.0,0.0,0.0,0.0,6.0,25.0,0.0,0.0,0.0,5.0,0.0,0.0,0.0,0.0,0.0,0.0,0.0,3.0,5.0,3.0,8093021320.0,19261618.0,江门市台山市,江门市台山市北陡镇,20.0,15.2,0.0,2.2,37.400000000000006,70.07058823529412,65.03698630136986,56.92664596273291
广东省,江门市,台山市,川岛镇,112.6855944,21.8510313,4.0,2.0,2.0,6.0,16.0,5.0,0.0,0.0,9.0,3.0,0.0,1.0,0.0,0.0,0.0,0.0,0.0,0.0,0.0,0.0,4.0,1.0,1.0,0.0,0.0,11.0,5.0,0.0,0.0,3.0,0.0,0.0,0.0,4.0,11.0,9.0,0.0,2.0,2.0,6.0,7.0,5.0,0.0,0.0,1.0,3.0,0.0,1.0,0.0,0.0,0.0,0.0,0.0,0.0,0.0,0.0,1.0,1.0,1.0,0.0,0.0,1.0,5.0,0.0,0.0,3.0,0.0,0.0,0.0,2.0,5.0,6.0,8093023266.0,19261617.0,江门市台山市,江门市台山市川岛镇,20.0,23.3,5.0,5.6,53.9,70.07058823529412,65.03698630136986,56.92664596273291
广东省,江门市,开平市,三埠街道,112.6856434,22.3546956,2.0,89.0,35.0,206.0,634.0,279.0,0.0,77.0,394.0,1.0,3.0,7.0,1.0,1.0,9.0,10.0,1.0,0.0,0.0,11.0,43.0,1.0,0.0,2.0,0.0,136.0,1610.0,0.0,0.0,0.0,13.0,27.0,7.0,9.0,14.0,12.0,0.0,22.0,0.0,46.0,98.0,102.0,0.0,25.0,58.0,0.0,0.0,0.0,0.0,0.0,2.0,2.0,0.0,0.0,0.0,0.0,1.0,0.0,0.0,0.0,0.0,16.0,807.0,0.0,0.0,0.0,1.0,14.0,0.0,1.0,9.0,5.0,8067615746.0,12294801.0,江门市开平市,江门市开平市三埠街道,20.0,30.0,10.0,20.0,80.0,59.806666666666665,65.03698630136986,56.92664596273291
广东省,江门市,开平市,长沙街道,112.6742064,22.3870939,36.0,106.0,25.0,181.0,391.0,49.0,0.0,105.0,347.0,0.0,2.0,5.0,1.0,2.0,4.0,5.0,1.0,0.0,0.0,20.0,8.0,1.0,2.0,1.0,0.0,50.0,121.0,0.0,0.0,0.0,15.0,10.0,8.0,9.0,17.0,9.0,11.0,8.0,12.0,31.0,55.0,9.0,0.0,2.0,53.0,0.0,1.0,0.0,0.0,0.0,1.0,1.0,0.0,0.0,0.0,0.0,1.0,0.0,0.0,0.0,0.0,4.0,12.0,0.0,0.0,0.0,1.0,2.0,0.0,4.0,12.0,4.0,8128044492.0,12294800.0,江门市开平市,江门市开平市长沙街道,20.0,28.0,10.0,17.3,75.3,59.806666666666665,65.03698630136986,56.92664596273291
广东省,江门市,开平市,沙塘镇,112.5846641,22.4534227,0.0,12.0,0.0,21.0,51.0,3.0,0.0,0.0,84.0,0.0,0.0,0.0,0.0,0.0,0.0,0.0,0.0,0.0,0.0,0.0,1.0,0.0,0.0,0.0,0.0,9.0,5.0,0.0,0.0,0.0,0.0,0.0,0.0,3.0,8.0,4.0,0.0,4.0,0.0,9.0,9.0,0.0,0.0,0.0,36.0,0.0,0.0,0.0,0.0,0.0,0.0,0.0,0.0,0.0,0.0,0.0,0.0,0.0,0.0,0.0,0.0,4.0,0.0,0.0,0.0,0.0,0.0,0.0,0.0,1.0,6.0,2.0,8153502573.0,19261638.0,江门市开平市,江门市开平市沙塘镇,20.0,26.0,0.0,2.5,48.5,59.806666666666665,65.03698630136986,56.92664596273291
广东省,江门市,开平市,苍城镇,112.552182,22.4779149,0.0,18.0,4.0,12.0,23.0,1.0,0.0,0.0,80.0,0.0,0.0,2.0,0.0,0.0,2.0,2.0,1.0,0.0,0.0,0.0,4.0,0.0,8.0,0.0,0.0,9.0,8.0,0.0,0.0,0.0,0.0,0.0,0.0,2.0,8.0,5.0,0.0,6.0,4.0,6.0,16.0,0.0,0.0,0.0,24.0,0.0,0.0,2.0,0.0,0.0,2.0,2.0,1.0,0.0,0.0,0.0,3.0,0.0,2.0,0.0,0.0,3.0,4.0,0.0,0.0,0.0,0.0,0.0,0.0,1.0,6.0,3.0,8153502579.0,19261637.0,江门市开平市,江门市开平市苍城镇,20.0,25.4,15.0,3.7,64.1,59.806666666666665,65.03698630136986,56.92664596273291
广东省,江门市,开平市,龙胜镇,112.4540593,22.5385232,0.0,6.0,3.0,14.0,21.0,9.0,0.0,0.0,76.0,2.0,3.0,0.0,0.0,0.0,0.0,0.0,0.0,0.0,0.0,1.0,9.0,0.0,2.0,0.0,0.0,11.0,2.0,0.0,0.0,0.0,0.0,0.0,0.0,4.0,12.0,5.0,0.0,4.0,3.0,10.0,4.0,1.0,0.0,0.0,34.0,0.0,1.0,0.0,0.0,0.0,0.0,0.0,0.0,0.0,0.0,0.0,1.0,0.0,2.0,0.0,0.0,1.0,0.0,0.0,0.0,0.0,0.0,0.0,0.0,1.0,6.0,3.0,8153502580.0,19261636.0,江门市开平市,江门市开平市龙胜镇,20.0,25.4,0.0,2.7,48.1,59.806666666666665,65.03698630136986,56.92664596273291
广东省,江门市,开平市,大沙镇,112.3501881,22.5156271,0.0,8.0,0.0,9.0,31.0,3.0,0.0,0.0,42.0,0.0,0.0,0.0,0.0,0.0,1.0,1.0,0.0,0.0,0.0,0.0,7.0,0.0,0.0,1.0,0.0,8.0,0.0,0.0,0.0,0.0,0.0,0.0,0.0,1.0,6.0,6.0,0.0,6.0,0.0,8.0,26.0,2.0,0.0,0.0,10.0,0.0,0.0,0.0,0.0,0.0,1.0,1.0,0.0,0.0,0.0,0.0,5.0,0.0,0.0,1.0,0.0,4.0,0.0,0.0,0.0,0.0,0.0,0.0,0.0,1.0,5.0,5.0,8153502575.0,19261635.0,江门市开平市,江门市开平市大沙镇,20.0,25.0,5.0,3.0,53.0,59.806666666666665,65.03698630136986,56.92664596273291
广东省,江门市,开平市,马冈镇,112.4928253,22.4751113,0.0,1.0,12.0,16.0,26.0,7.0,0.0,0.0,126.0,0.0,0.0,0.0,0.0,0.0,0.0,0.0,0.0,0.0,0.0,0.0,0.0,0.0,0.0,0.0,0.0,12.0,0.0,0.0,0.0,0.0,0.0,0.0,0.0,3.0,9.0,2.0,0.0,0.0,10.0,9.0,12.0,2.0,0.0,0.0,48.0,0.0,0.0,0.0,0.0,0.0,0.0,0.0,0.0,0.0,0.0,0.0,0.0,0.0,0.0,0.0,0.0,3.0,0.0,0.0,0.0,0.0,0.0,0.0,0.0,1.0,6.0,2.0,8153502574.0,19261634.0,江门市开平市,江门市开平市马冈镇,20.0,24.8,0.0,1.0,45.8,59.806666666666665,65.03698630136986,56.92664596273291
广东省,江门市,开平市,塘口镇,112.6143992,22.3736486,8.0,2.0,0.0,13.0,42.0,0.0,1.0,0.0,120.0,0.0,1.0,0.0,0.0,0.0,1.0,1.0,0.0,0.0,0.0,1.0,91.0,0.0,5.0,0.0,0.0,83.0,15.0,0.0,0.0,3.0,0.0,4.0,0.0,6.0,9.0,7.0,0.0,0.0,0.0,5.0,9.0,0.0,0.0,0.0,16.0,0.0,0.0,0.0,0.0,0.0,1.0,1.0,0.0,0.0,0.0,1.0,10.0,0.0,0.0,0.0,0.0,8.0,4.0,0.0,0.0,0.0,0.0,0.0,0.0,3.0,3.0,3.0,8153502576.0,19261633.0,江门市开平市,江门市开平市塘口镇,20.0,28.0,6.0,5.7,59.7,59.806666666666665,65.03698630136986,56.92664596273291
广东省,江门市,开平市,赤坎镇,112.5879753,22.3246026,6.0,9.0,15.0,32.0,156.0,25.0,2.0,79.0,160.0,2.0,1.0,1.0,0.0,0.0,5.0,7.0,0.0,0.0,0.0,13.0,27.0,0.0,2.0,1.0,1.0,87.0,88.0,0.0,0.0,2.0,0.0,6.0,11.0,5.0,21.0,11.0,0.0,0.0,8.0,19.0,43.0,19.0,0.0,74.0,30.0,2.0,0.0,0.0,0.0,0.0,2.0,3.0,0.0,0.0,0.0,11.0,1.0,0.0,0.0,0.0,0.0,20.0,72.0,0.0,0.0,1.0,0.0,3.0,11.0,1.0,12.0,6.0,8128044284.0,13080863.0,江门市开平市,江门市开平市赤坎镇,20.0,30.0,16.0,20.0,86.0,59.806666666666665,65.03698630136986,56.92664596273291
广东省,江门市,开平市,百合镇,112.5418609,22.3150407,7.0,7.0,0.0,7.0,52.0,0.0,0.0,4.0,69.0,0.0,1.0,1.0,0.0,0.0,1.0,1.0,0.0,0.0,0.0,0.0,0.0,0.0,1.0,0.0,0.0,22.0,1.0,0.0,0.0,1.0,0.0,0.0,0.0,6.0,16.0,1.0,2.0,1.0,0.0,0.0,14.0,0.0,0.0,0.0,8.0,0.0,0.0,0.0,0.0,0.0,0.0,0.0,0.0,0.0,0.0,0.0,0.0,0.0,0.0,0.0,0.0,3.0,0.0,0.0,0.0,0.0,0.0,0.0,0.0,3.0,8.0,0.0,8153502578.0,19261631.0,江门市开平市,江门市开平市百合镇,20.0,28.0,5.0,0.7,53.7,59.806666666666665,65.03698630136986,56.92664596273291
广东省,江门市,开平市,蚬冈镇,112.5309523,22.2680692,0.0,15.0,1.0,9.0,30.0,2.0,0.0,3.0,93.0,0.0,1.0,0.0,0.0,0.0,0.0,0.0,0.0,1.0,1.0,1.0,22.0,0.0,1.0,0.0,0.0,19.0,6.0,0.0,0.0,0.0,0.0,1.0,3.0,7.0,11.0,8.0,0.0,7.0,1.0,2.0,7.0,1.0,0.0,0.0,37.0,0.0,1.0,0.0,0.0,0.0,0.0,0.0,0.0,1.0,1.0,1.0,12.0,0.0,0.0,0.0,0.0,5.0,1.0,0.0,0.0,0.0,0.0,1.0,0.0,1.0,8.0,5.0,8153502569.0,19261630.0,江门市开平市,江门市开平市蚬冈镇,20.0,26.1,5.0,4.7,55.800000000000004,59.806666666666665,65.03698630136986,56.92664596273291
广东省,江门市,开平市,金鸡镇,112.4845448,22.1607302,0.0,10.0,0.0,4.0,22.0,10.0,0.0,0.0,52.0,0.0,0.0,0.0,0.0,0.0,2.0,2.0,0.0,0.0,0.0,0.0,138.0,62.0,6.0,0.0,0.0,8.0,0.0,0.0,0.0,0.0,0.0,0.0,0.0,3.0,7.0,5.0,0.0,2.0,0.0,3.0,8.0,0.0,0.0,0.0,20.0,0.0,0.0,0.0,0.0,0.0,2.0,2.0,0.0,0.0,0.0,0.0,40.0,62.0,3.0,0.0,0.0,3.0,0.0,0.0,0.0,0.0,0.0,0.0,0.0,1.0,5.0,5.0,8153502571.0,19261629.0,江门市开平市,江门市开平市金鸡镇,20.0,21.3,5.0,2.5,48.8,59.806666666666665,65.03698630136986,56.92664596273291
广东省,江门市,开平市,月山镇,112.7248144,22.4760406,0.0,31.0,1.0,20.0,20.0,0.0,0.0,3.0,82.0,0.0,0.0,1.0,0.0,0.0,0.0,0.0,0.0,0.0,0.0,0.0,0.0,0.0,1.0,0.0,0.0,30.0,0.0,0.0,0.0,0.0,0.0,1.0,0.0,6.0,15.0,5.0,0.0,10.0,0.0,6.0,10.0,0.0,0.0,0.0,30.0,0.0,0.0,1.0,0.0,0.0,0.0,0.0,0.0,0.0,0.0,0.0,0.0,0.0,0.0,0.0,0.0,4.0,0.0,0.0,0.0,0.0,0.0,0.0,0.0,2.0,5.0,1.0,8153502577.0,13057491.0,江门市开平市,江门市开平市月山镇,20.0,23.0,5.0,2.5,50.5,59.806666666666665,65.03698630136986,56.92664596273291
广东省,江门市,开平市,赤水镇,112.5841392,22.1420747,0.0,7.0,2.0,19.0,29.0,5.0,0.0,0.0,96.0,0.0,0.0,0.0,0.0,0.0,0.0,0.0,0.0,0.0,0.0,2.0,74.0,27.0,0.0,0.0,0.0,14.0,3.0,0.0,0.0,0.0,0.0,0.0,2.0,4.0,8.0,5.0,0.0,4.0,0.0,13.0,22.0,0.0,0.0,0.0,36.0,0.0,0.0,0.0,0.0,0.0,0.0,0.0,0.0,0.0,0.0,0.0,16.0,27.0,0.0,0.0,0.0,3.0,0.0,0.0,0.0,0.0,0.0,0.0,0.0,1.0,4.0,4.0,8153502570.0,19261628.0,江门市开平市,江门市开平市赤水镇,20.0,26.0,0.0,2.8,48.8,59.806666666666665,65.03698630136986,56.92664596273291
广东省,江门市,开平市,水口镇,112.7681428,22.4461516,39.0,26.0,6.0,40.0,215.0,48.0,0.0,16.0,144.0,0.0,3.0,1.0,0.0,0.0,2.0,2.0,0.0,0.0,0.0,1.0,35.0,0.0,11.0,0.0,0.0,82.0,195.0,0.0,0.0,2.0,3.0,4.0,1.0,8.0,21.0,9.0,10.0,0.0,2.0,18.0,66.0,1.0,0.0,0.0,12.0,0.0,0.0,1.0,0.0,0.0,2.0,2.0,0.0,0.0,0.0,1.0,3.0,0.0,1.0,0.0,0.0,6.0,128.0,0.0,0.0,0.0,2.0,3.0,0.0,5.0,8.0,5.0,8133215424.0,19261640.0,江门市开平市,江门市开平市水口镇,20.0,28.0,11.0,20.0,79.0,59.806666666666665,65.03698630136986,56.92664596273291
广东省,江门市,鹤山市,沙坪街道,112.9757695,22.7839523,49.0,45.0,90.0,116.0,234.0,5.0,0.0,21.0,175.0,0.0,0.0,9.0,2.0,2.0,13.0,15.0,2.0,0.0,3.0,27.0,16.0,2.0,1.0,3.0,0.0,18.0,256.0,0.0,0.0,0.0,5.0,11.0,4.0,11.0,18.0,9.0,0.0,0.0,16.0,17.0,19.0,0.0,0.0,10.0,14.0,0.0,0.0,0.0,0.0,0.0,2.0,2.0,0.0,0.0,0.0,5.0,3.0,0.0,0.0,0.0,0.0,2.0,10.0,0.0,0.0,0.0,0.0,1.0,0.0,2.0,6.0,4.0,3341928426.0,19261649.0,江门市鹤山市,江门市鹤山市沙坪街道,20.0,26.0,15.0,20.0,81.0,63.15,65.03698630136986,56.92664596273291
广东省,江门市,鹤山市,龙口镇,112.9069121,22.7703711,0.0,44.0,3.0,20.0,28.0,0.0,0.0,3.0,59.0,0.0,0.0,1.0,0.0,0.0,1.0,1.0,0.0,0.0,0.0,1.0,1.0,0.0,8.0,0.0,0.0,22.0,0.0,0.0,0.0,3.0,1.0,3.0,0.0,6.0,17.0,8.0,0.0,16.0,0.0,5.0,13.0,0.0,0.0,3.0,16.0,0.0,0.0,1.0,0.0,0.0,0.0,0.0,0.0,0.0,0.0,0.0,0.0,0.0,0.0,0.0,0.0,5.0,0.0,0.0,0.0,0.0,0.0,3.0,0.0,2.0,7.0,2.0,3341928424.0,19261647.0,江门市鹤山市,江门市鹤山市龙口镇,20.0,25.5,5.0,4.3,54.8,63.15,65.03698630136986,56.92664596273291
广东省,江门市,鹤山市,雅瑶镇,113.0031898,22.7158096,0.0,15.0,6.0,25.0,70.0,26.0,0.0,3.0,66.0,0.0,4.0,1.0,0.0,0.0,1.0,1.0,0.0,0.0,0.0,3.0,15.0,2.0,21.0,0.0,0.0,11.0,7.0,0.0,0.0,0.0,7.0,2.0,1.0,8.0,15.0,11.0,0.0,8.0,0.0,2.0,16.0,0.0,0.0,0.0,20.0,0.0,0.0,1.0,0.0,0.0,0.0,0.0,0.0,0.0,0.0,0.0,5.0,0.0,0.0,0.0,0.0,2.0,0.0,0.0,0.0,0.0,1.0,0.0,1.0,2.0,5.0,4.0,8409472115.0,19261641.0,江门市鹤山市,江门市鹤山市雅瑶镇,20.0,28.0,5.0,4.7,57.7,63.15,65.03698630136986,56.92664596273291
广东省,江门市,鹤山市,古劳镇,112.9471534,22.8287297,0.0,11.0,5.0,16.0,73.0,18.0,1.0,5.0,24.0,2.0,0.0,1.0,0.0,0.0,1.0,1.0,0.0,0.0,0.0,3.0,1.0,0.0,0.0,0.0,0.0,18.0,8.0,0.0,0.0,0.0,1.0,0.0,7.0,7.0,13.0,4.0,0.0,3.0,1.0,4.0,14.0,18.0,0.0,5.0,2.0,2.0,0.0,1.0,0.0,0.0,1.0,1.0,0.0,0.0,0.0,3.0,1.0,0.0,0.0,0.0,0.0,2.0,6.0,0.0,0.0,0.0,1.0,0.0,5.0,7.0,10.0,4.0,8409472114.0,19261648.0,江门市鹤山市,江门市鹤山市古劳镇,20.0,28.0,13.0,3.4000000000000004,64.4,63.15,65.03698630136986,56.92664596273291
广东省,江门市,鹤山市,桃源镇,112.9264796,22.7337617,21.0,25.0,9.0,34.0,103.0,0.0,0.0,0.0,79.0,0.0,0.0,1.0,0.0,0.0,0.0,0.0,0.0,0.0,0.0,1.0,4.0,0.0,5.0,0.0,0.0,11.0,0.0,0.0,0.0,4.0,1.0,0.0,0.0,6.0,19.0,5.0,11.0,10.0,0.0,5.0,30.0,0.0,0.0,0.0,24.0,0.0,0.0,1.0,0.0,0.0,0.0,0.0,0.0,0.0,0.0,0.0,0.0,0.0,0.0,0.0,0.0,4.0,0.0,0.0,0.0,0.0,0.0,0.0,0.0,2.0,7.0,1.0,3341928428.0,19261642.0,江门市鹤山市,江门市鹤山市桃源镇,20.0,26.0,5.0,2.9,53.9,63.15,65.03698630136986,56.92664596273291
广东省,江门市,鹤山市,鹤城镇,112.8184762,22.6364192,14.0,35.0,0.0,30.0,18.0,3.0,0.0,1.0,76.0,1.0,0.0,1.0,0.0,0.0,2.0,2.0,0.0,0.0,0.0,2.0,3.0,0.0,8.0,0.0,0.0,11.0,16.0,0.0,0.0,0.0,0.0,2.0,0.0,2.0,9.0,7.0,0.0,16.0,0.0,6.0,6.0,0.0,0.0,0.0,22.0,0.0,0.0,1.0,0.0,0.0,2.0,2.0,0.0,0.0,0.0,1.0,0.0,0.0,1.0,0.0,0.0,2.0,1.0,0.0,0.0,0.0,0.0,2.0,0.0,1.0,4.0,6.0,3342119999.0,19261645.0,江门市鹤山市,江门市鹤山市鹤城镇,20.0,23.4,11.0,5.2,59.6,63.15,65.03698630136986,56.92664596273291
广东省,江门市,鹤山市,共和镇,112.8784928,22.5832421,0.0,36.0,9.0,39.0,55.0,17.0,0.0,1.0,31.0,0.0,0.0,1.0,0.0,0.0,1.0,1.0,0.0,0.0,0.0,7.0,2.0,0.0,13.0,0.0,0.0,10.0,24.0,0.0,0.0,0.0,0.0,2.0,1.0,6.0,15.0,9.0,0.0,25.0,3.0,11.0,22.0,8.0,0.0,0.0,15.0,0.0,0.0,1.0,0.0,0.0,0.0,0.0,0.0,0.0,0.0,6.0,0.0,0.0,0.0,0.0,0.0,2.0,15.0,0.0,0.0,0.0,0.0,0.0,0.0,3.0,11.0,1.0,8409472116.0,19261644.0,江门市鹤山市,江门市鹤山市共和镇,20.0,26.0,11.0,7.9,64.9,63.15,65.03698630136986,56.92664596273291
广东省,江门市,鹤山市,址山镇,112.780854,22.519687,10.0,0.0,0.0,34.0,15.0,1.0,0.0,0.0,38.0,0.0,0.0,1.0,0.0,0.0,1.0,1.0,0.0,0.0,0.0,0.0,5.0,0.0,1.0,0.0,0.0,8.0,3.0,0.0,0.0,0.0,0.0,0.0,0.0,5.0,9.0,6.0,6.0,0.0,0.0,6.0,0.0,0.0,0.0,0.0,10.0,0.0,0.0,1.0,0.0,0.0,0.0,0.0,0.0,0.0,0.0,0.0,2.0,0.0,0.0,0.0,0.0,2.0,0.0,0.0,0.0,0.0,0.0,0.0,0.0,2.0,4.0,5.0,4459497631.0,19261643.0,江门市鹤山市,江门市鹤山市址山镇,20.0,19.0,5.0,3.3,47.3,63.15,65.03698630136986,56.92664596273291
广东省,江门市,鹤山市,宅梧镇,112.6297525,22.6189876,0.0,26.0,3.0,31.0,49.0,1.0,0.0,16.0,16.0,1.0,1.0,6.0,1.0,1.0,3.0,4.0,1.0,0.0,2.0,2.0,0.0,0.0,2.0,0.0,0.0,22.0,282.0,0.0,0.0,0.0,0.0,6.0,1.0,5.0,15.0,10.0,0.0,14.0,2.0,30.0,17.0,1.0,0.0,11.0,8.0,0.0,1.0,2.0,1.0,1.0,3.0,4.0,1.0,0.0,2.0,2.0,0.0,0.0,1.0,0.0,0.0,11.0,211.0,0.0,0.0,0.0,0.0,4.0,1.0,1.0,13.0,7.0,2634981768.0,19261646.0,江门市鹤山市,江门市鹤山市宅梧镇,20.0,30.0,24.0,20.0,94.0,63.15,65.03698630136986,56.92664596273291
广东省,江门市,鹤山市,双合镇,112.523912,22.6596974,0.0,24.0,2.0,7.0,9.0,3.0,0.0,8.0,38.0,0.0,1.0,2.0,0.0,0.0,1.0,1.0,0.0,0.0,0.0,1.0,0.0,0.0,0.0,0.0,0.0,7.0,1.0,0.0,0.0,0.0,2.0,0.0,0.0,11.0,12.0,4.0,0.0,0.0,0.0,4.0,3.0,0.0,0.0,0.0,6.0,0.0,0.0,2.0,0.0,0.0,1.0,1.0,0.0,0.0,0.0,1.0,0.0,0.0,0.0,0.0,0.0,2.0,1.0,0.0,0.0,0.0,0.0,0.0,0.0,6.0,3.0,1.0,2634981766.0,12295800.0,江门市鹤山市,江门市鹤山市双合镇,20.0,20.7,11.0,2.2,53.900000000000006,63.15,65.03698630136986,56.92664596273291
广东省,江门市,恩平市,恩城街道,112.3115666,22.1834738,4.0,74.0,14.0,163.0,323.0,9.0,0.0,8.0,333.0,1.0,0.0,2.0,1.0,1.0,11.0,11.0,0.0,1.0,2.0,8.0,153.0,0.0,37.0,0.0,0.0,15.0,16.0,0.0,1.0,0.0,14.0,13.0,8.0,5.0,17.0,7.0,0.0,32.0,2.0,62.0,81.0,2.0,0.0,1.0,65.0,1.0,0.0,0.0,0.0,0.0,3.0,3.0,0.0,1.0,2.0,4.0,41.0,0.0,0.0,0.0,0.0,1.0,3.0,0.0,0.0,0.0,8.0,4.0,2.0,1.0,12.0,5.0,8407061985.0,19261610.0,江门市恩平市,江门市恩平市恩城街道,20.0,28.0,18.0,5.4,71.4,54.309090909090905,65.03698630136986,56.92664596273291
广东省,江门市,恩平市,横陂镇,112.32017,22.037998,0.0,3.0,0.0,3.0,26.0,0.0,0.0,0.0,32.0,0.0,0.0,0.0,0.0,0.0,2.0,2.0,0.0,0.0,0.0,0.0,122.0,46.0,0.0,0.0,0.0,9.0,0.0,0.0,0.0,0.0,0.0,0.0,0.0,1.0,4.0,4.0,0.0,3.0,0.0,2.0,25.0,0.0,0.0,0.0,20.0,0.0,0.0,0.0,0.0,0.0,2.0,2.0,0.0,0.0,0.0,0.0,22.0,46.0,0.0,0.0,0.0,4.0,0.0,0.0,0.0,0.0,0.0,0.0,0.0,1.0,4.0,4.0,1775842873.0,12292958.0,江门市恩平市,江门市恩平市横陂镇,20.0,24.0,5.0,2.0,51.0,54.309090909090905,65.03698630136986,56.92664596273291
广东省,江门市,恩平市,圣堂镇,112.3817394,22.2894398,12.0,3.0,0.0,3.0,27.0,0.0,0.0,0.0,64.0,0.0,1.0,0.0,1.0,1.0,1.0,1.0,0.0,0.0,0.0,0.0,0.0,0.0,0.0,0.0,0.0,16.0,3.0,0.0,0.0,0.0,0.0,0.0,0.0,5.0,8.0,2.0,8.0,2.0,0.0,3.0,24.0,0.0,0.0,0.0,28.0,0.0,0.0,0.0,1.0,1.0,1.0,1.0,0.0,0.0,0.0,0.0,0.0,0.0,0.0,0.0,0.0,2.0,3.0,0.0,0.0,0.0,0.0,0.0,0.0,2.0,5.0,2.0,2491885426.0,19261605.0,江门市恩平市,江门市恩平市圣堂镇,20.0,28.0,10.0,1.6,59.6,54.309090909090905,65.03698630136986,56.92664596273291
广东省,江门市,恩平市,良西镇,112.3406244,22.3159932,0.0,7.0,4.0,13.0,54.0,7.0,1.0,6.0,30.0,0.0,0.0,1.0,1.0,1.0,2.0,2.0,0.0,1.0,0.0,1.0,1.0,0.0,0.0,0.0,0.0,15.0,3.0,0.0,0.0,0.0,2.0,6.0,2.0,3.0,14.0,5.0,0.0,2.0,3.0,11.0,15.0,3.0,1.0,5.0,6.0,0.0,0.0,1.0,1.0,1.0,2.0,2.0,0.0,1.0,0.0,1.0,1.0,0.0,0.0,0.0,0.0,3.0,1.0,0.0,0.0,0.0,2.0,6.0,2.0,2.0,12.0,5.0,1775842875.0,19261606.0,江门市恩平市,江门市恩平市良西镇,20.0,26.0,18.0,2.9,66.9,54.309090909090905,65.03698630136986,56.92664596273291
广东省,江门市,恩平市,沙湖镇,112.441484,22.388088,0.0,9.0,8.0,17.0,32.0,1.0,0.0,0.0,74.0,0.0,0.0,0.0,0.0,0.0,0.0,0.0,0.0,0.0,0.0,0.0,0.0,0.0,0.0,0.0,0.0,15.0,0.0,0.0,0.0,0.0,0.0,0.0,0.0,1.0,7.0,1.0,0.0,7.0,8.0,15.0,23.0,1.0,0.0,0.0,22.0,0.0,0.0,0.0,0.0,0.0,0.0,0.0,0.0,0.0,0.0,0.0,0.0,0.0,0.0,0.0,0.0,4.0,0.0,0.0,0.0,0.0,0.0,0.0,0.0,1.0,7.0,1.0,1775991166.0,12292957.0,江门市恩平市,江门市恩平市沙湖镇,20.0,25.5,0.0,0.5,46.0,54.309090909090905,65.03698630136986,56.92664596273291
广东省,江门市,恩平市,牛江镇,112.387173,22.379311,0.0,1.0,2.0,0.0,14.0,0.0,0.0,3.0,36.0,0.0,0.0,0.0,1.0,1.0,0.0,0.0,0.0,1.0,0.0,0.0,0.0,0.0,0.0,0.0,0.0,19.0,0.0,0.0,0.0,0.0,0.0,0.0,0.0,4.0,8.0,4.0,0.0,1.0,2.0,0.0,5.0,0.0,0.0,3.0,12.0,0.0,0.0,0.0,1.0,1.0,0.0,0.0,0.0,1.0,0.0,0.0,0.0,0.0,0.0,0.0,0.0,3.0,0.0,0.0,0.0,0.0,0.0,0.0,0.0,1.0,6.0,2.0,1775842877.0,19261602.0,江门市恩平市,江门市恩平市牛江镇,20.0,15.3,7.0,2.0,44.3,54.309090909090905,65.03698630136986,56.92664596273291
广东省,江门市,恩平市,君堂镇,112.4301925,22.312913,15.0,8.0,7.0,12.0,25.0,0.0,0.0,0.0,86.0,0.0,1.0,0.0,1.0,1.0,1.0,1.0,0.0,0.0,0.0,0.0,0.0,0.0,0.0,0.0,0.0,18.0,0.0,0.0,0.0,0.0,4.0,0.0,0.0,6.0,13.0,3.0,8.0,0.0,2.0,5.0,6.0,0.0,0.0,0.0,14.0,0.0,0.0,0.0,0.0,0.0,1.0,1.0,0.0,0.0,0.0,0.0,0.0,0.0,0.0,0.0,0.0,3.0,0.0,0.0,0.0,0.0,1.0,0.0,0.0,2.0,6.0,3.0,1775842874.0,19261603.0,江门市恩平市,江门市恩平市君堂镇,20.0,24.8,5.0,1.5,51.3,54.309090909090905,65.03698630136986,56.92664596273291
广东省,江门市,恩平市,大田镇,112.2257128,22.2671281,0.0,3.0,7.0,20.0,86.0,2.0,0.0,0.0,36.0,0.0,0.0,0.0,1.0,1.0,0.0,0.0,0.0,0.0,0.0,0.0,0.0,0.0,0.0,0.0,0.0,14.0,0.0,0.0,0.0,0.0,0.0,1.0,0.0,3.0,8.0,3.0,0.0,1.0,5.0,12.0,34.0,2.0,0.0,0.0,16.0,0.0,0.0,0.0,1.0,1.0,0.0,0.0,0.0,0.0,0.0,0.0,0.0,0.0,0.0,0.0,0.0,2.0,0.0,0.0,0.0,0.0,0.0,0.0,0.0,1.0,7.0,2.0,1775991027.0,19261607.0,江门市恩平市,江门市恩平市大田镇,20.0,26.0,5.0,1.5,52.5,54.309090909090905,65.03698630136986,56.92664596273291
广东省,江门市,恩平市,那吉镇,112.161173,22.125331,0.0,6.0,3.0,2.0,22.0,2.0,0.0,0.0,30.0,0.0,0.0,0.0,0.0,0.0,0.0,0.0,0.0,0.0,0.0,0.0,6.0,0.0,0.0,0.0,0.0,10.0,1.0,0.0,0.0,0.0,0.0,1.0,1.0,3.0,7.0,6.0,0.0,6.0,1.0,1.0,12.0,0.0,0.0,0.0,10.0,0.0,0.0,0.0,0.0,0.0,0.0,0.0,0.0,0.0,0.0,0.0,1.0,0.0,0.0,0.0,0.0,2.0,0.0,0.0,0.0,0.0,0.0,1.0,0.0,1.0,6.0,3.0,1775842876.0,19261608.0,江门市恩平市,江门市恩平市那吉镇,20.0,20.5,0.0,3.1,43.6,54.309090909090905,65.03698630136986,56.92664596273291
广东省,江门市,恩平市,大槐镇,112.22634,22.101671,2.0,13.0,0.0,4.0,29.0,0.0,0.0,0.0,64.0,0.0,0.0,0.0,2.0,2.0,1.0,1.0,0.0,0.0,0.0,0.0,0.0,0.0,1.0,0.0,0.0,7.0,0.0,0.0,0.0,0.0,0.0,1.0,0.0,5.0,10.0,5.0,2.0,5.0,0.0,0.0,15.0,0.0,0.0,0.0,28.0,0.0,0.0,0.0,2.0,2.0,1.0,1.0,0.0,0.0,0.0,0.0,0.0,0.0,1.0,0.0,0.0,1.0,0.0,0.0,0.0,0.0,0.0,0.0,0.0,3.0,5.0,2.0,1775842872.0,19261609.0,江门市恩平市,江门市恩平市大槐镇,20.0,25.3,10.0,2.5,57.8,54.309090909090905,65.03698630136986,56.92664596273291
广东省,江门市,恩平市,东成镇,112.3794224,22.2480115,6.0,7.0,0.0,1.0,49.0,1.0,0.0,0.0,72.0,0.0,0.0,0.0,1.0,1.0,1.0,1.0,0.0,0.0,0.0,0.0,1.0,0.0,0.0,0.0,0.0,15.0,0.0,0.0,0.0,0.0,0.0,1.0,0.0,5.0,10.0,4.0,0.0,1.0,0.0,0.0,22.0,0.0,0.0,0.0,24.0,0.0,0.0,0.0,1.0,1.0,0.0,0.0,0.0,0.0,0.0,0.0,1.0,0.0,0.0,0.0,0.0,5.0,0.0,0.0,0.0,0.0,0.0,0.0,0.0,2.0,4.0,3.0,2491885412.0,19261604.0,江门市恩平市,江门市恩平市东成镇,20.0,26.0,5.0,2.0,53.0,54.309090909090905,65.03698630136986,56.92664596273291
广东省,湛江市,赤坎区,中华街道,110.3509712,21.2685398,14.0,90.0,12.0,79.0,397.0,255.0,0.0,94.0,55.0,11.0,4.0,13.0,8.0,15.0,31.0,42.0,5.0,0.0,16.0,71.0,144.0,2.0,4.0,4.0,0.0,18.0,982.0,0.0,2.0,4.0,6.0,129.0,16.0,11.0,18.0,14.0,0.0,15.0,0.0,12.0,60.0,35.0,0.0,33.0,6.0,0.0,0.0,5.0,2.0,2.0,14.0,18.0,1.0,0.0,1.0,4.0,42.0,0.0,0.0,0.0,0.0,4.0,204.0,0.0,0.0,3.0,1.0,35.0,4.0,7.0,11.0,9.0,8372079177.0,12245462.0,湛江市赤坎区,湛江市赤坎区中华街道,20.0,30.0,26.0,20.0,96.0,86.375,46.0827868852459,56.92664596273291
广东省,湛江市,赤坎区,寸金街道,110.3468942,21.2752584,10.0,75.0,7.0,74.0,446.0,257.0,0.0,82.0,51.0,10.0,2.0,13.0,8.0,15.0,28.0,39.0,4.0,0.0,16.0,71.0,137.0,1.0,2.0,7.0,0.0,16.0,949.0,0.0,2.0,3.0,5.0,133.0,17.0,11.0,16.0,14.0,0.0,9.0,0.0,10.0,90.0,53.0,0.0,14.0,18.0,1.0,0.0,6.0,2.0,9.0,13.0,18.0,1.0,0.0,1.0,29.0,60.0,0.0,0.0,0.0,0.0,5.0,209.0,0.0,1.0,2.0,1.0,26.0,9.0,6.0,9.0,9.0,8372057880.0,12245461.0,湛江市赤坎区,湛江市赤坎区寸金街道,20.0,30.0,28.0,20.0,98.0,86.375,46.0827868852459,56.92664596273291
广东省,湛江市,赤坎区,民主街道,110.3668498,21.2798573,0.0,60.0,10.0,91.0,360.0,262.0,0.0,129.0,36.0,9.0,3.0,11.0,6.0,13.0,32.0,41.0,4.0,0.0,16.0,83.0,176.0,1.0,3.0,10.0,0.0,19.0,1254.0,0.0,3.0,5.0,16.0,156.0,19.0,11.0,16.0,17.0,0.0,14.0,0.0,25.0,78.0,75.0,0.0,12.0,0.0,5.0,1.0,0.0,2.0,2.0,8.0,10.0,1.0,0.0,10.0,25.0,56.0,0.0,0.0,0.0,0.0,3.0,318.0,0.0,0.0,0.0,1.0,50.0,4.0,5.0,9.0,7.0,8372056076.0,12245459.0,湛江市赤坎区,湛江市赤坎区民主街道,20.0,30.0,28.0,20.0,98.0,86.375,46.0827868852459,56.92664596273291
广东省,湛江市,赤坎区,中山街道,110.3575801,21.2800172,6.0,67.0,8.0,75.0,409.0,255.0,0.0,107.0,44.0,9.0,3.0,11.0,7.0,14.0,32.0,42.0,4.0,0.0,16.0,71.0,159.0,1.0,3.0,10.0,0.0,19.0,1089.0,0.0,2.0,4.0,5.0,144.0,16.0,11.0,17.0,14.0,0.0,9.0,0.0,29.0,74.0,83.0,0.0,11.0,10.0,1.0,0.0,6.0,2.0,9.0,12.0,14.0,1.0,0.0,4.0,26.0,78.0,0.0,0.0,0.0,0.0,4.0,267.0,0.0,0.0,0.0,0.0,32.0,7.0,6.0,9.0,8.0,8372056107.0,12245460.0,湛江市赤坎区,湛江市赤坎区中山街道,20.0,30.0,28.0,20.0,98.0,86.375,46.0827868852459,56.92664596273291
广东省,湛江市,赤坎区,沙湾街道,110.3822135,21.2780977,0.0,60.0,10.0,87.0,223.0,256.0,4.0,120.0,18.0,8.0,2.0,7.0,5.0,7.0,24.0,28.0,4.0,0.0,15.0,66.0,178.0,1.0,3.0,10.0,0.0,12.0,1196.0,0.0,6.0,22.0,21.0,123.0,11.0,11.0,17.0,17.0,0.0,12.0,0.0,14.0,30.0,9.0,0.0,6.0,0.0,0.0,1.0,0.0,0.0,0.0,3.0,3.0,0.0,0.0,0.0,3.0,21.0,0.0,0.0,5.0,0.0,2.0,132.0,0.0,0.0,0.0,1.0,17.0,2.0,3.0,10.0,7.0,8372056053.0,12245458.0,湛江市赤坎区,湛江市赤坎区沙湾街道,20.0,30.0,13.0,20.0,83.0,86.375,46.0827868852459,56.92664596273291
广东省,湛江市,赤坎区,调顺街道,110.4034994,21.2941728,0.0,0.0,0.0,18.0,62.0,38.0,0.0,37.0,0.0,0.0,0.0,0.0,0.0,0.0,4.0,4.0,0.0,0.0,0.0,5.0,19.0,0.0,4.0,7.0,0.0,2.0,193.0,0.0,0.0,12.0,0.0,25.0,0.0,8.0,6.0,9.0,0.0,0.0,0.0,3.0,21.0,4.0,0.0,3.0,0.0,0.0,0.0,0.0,0.0,0.0,1.0,1.0,0.0,0.0,0.0,0.0,2.0,0.0,1.0,0.0,0.0,1.0,26.0,0.0,0.0,0.0,0.0,6.0,0.0,1.0,5.0,4.0,8372056051.0,12245456.0,湛江市赤坎区,湛江市赤坎区调顺街道,17.0,23.0,5.0,20.0,65.0,86.375,46.0827868852459,56.92664596273291
广东省,湛江市,赤坎区,南桥街道,110.3695105,21.2562618,6.0,98.0,16.0,89.0,230.0,247.0,4.0,127.0,47.0,10.0,5.0,10.0,9.0,11.0,32.0,38.0,4.0,0.0,14.0,75.0,195.0,6.0,5.0,12.0,0.0,16.0,1229.0,0.0,8.0,20.0,21.0,112.0,19.0,12.0,20.0,18.0,0.0,13.0,10.0,13.0,15.0,19.0,0.0,9.0,12.0,0.0,3.0,1.0,0.0,0.0,2.0,2.0,1.0,0.0,0.0,0.0,15.0,1.0,1.0,1.0,0.0,2.0,104.0,0.0,2.0,0.0,1.0,7.0,1.0,2.0,13.0,9.0,8372056052.0,12245457.0,湛江市赤坎区,湛江市赤坎区南桥街道,20.0,30.0,15.0,20.0,85.0,86.375,46.0827868852459,56.92664596273291
广东省,湛江市,赤坎区,北桥街道,110.3673003,21.303729,18.0,11.0,1.0,48.0,236.0,101.0,0.0,40.0,1.0,3.0,0.0,0.0,2.0,2.0,7.0,8.0,1.0,0.0,5.0,22.0,54.0,0.0,1.0,7.0,0.0,9.0,306.0,0.0,0.0,2.0,1.0,65.0,4.0,9.0,16.0,9.0,0.0,2.0,0.0,0.0,40.0,0.0,0.0,0.0,0.0,0.0,0.0,0.0,0.0,0.0,0.0,0.0,0.0,0.0,0.0,0.0,3.0,0.0,1.0,1.0,0.0,2.0,11.0,0.0,0.0,0.0,0.0,0.0,0.0,2.0,4.0,4.0,8372056050.0,12245455.0,湛江市赤坎区,湛江市赤坎区北桥街道,20.0,28.0,0.0,20.0,68.0,86.375,46.0827868852459,56.92664596273291
广东省,湛江市,霞山区,解放街道,110.4060744,21.2016174,0.0,58.0,16.0,50.0,319.0,83.0,0.0,127.0,42.0,8.0,1.0,1.0,17.0,21.0,27.0,34.0,0.0,5.0,4.0,35.0,75.0,6.0,1.0,2.0,1.0,18.0,1599.0,0.0,14.0,13.0,42.0,78.0,8.0,17.0,17.0,25.0,0.0,23.0,5.0,17.0,60.0,19.0,0.0,55.0,10.0,4.0,0.0,0.0,2.0,2.0,7.0,11.0,0.0,0.0,0.0,10.0,8.0,3.0,0.0,1.0,0.0,2.0,404.0,0.0,2.0,2.0,7.0,24.0,4.0,8.0,14.0,13.0,8371903657.0,12245237.0,湛江市霞山区,湛江市霞山区解放街道,20.0,30.0,21.0,20.0,91.0,78.33333333333333,46.0827868852459,56.92664596273291
广东省,湛江市,霞山区,爱国街道,110.4113959,21.1910542,0.0,53.0,14.0,42.0,255.0,53.0,0.0,121.0,31.0,7.0,0.0,1.0,10.0,11.0,24.0,29.0,0.0,1.0,2.0,19.0,53.0,5.0,2.0,2.0,1.0,15.0,1211.0,0.0,9.0,14.0,13.0,59.0,6.0,16.0,17.0,24.0,0.0,12.0,8.0,2.0,71.0,10.0,0.0,42.0,6.0,1.0,0.0,0.0,1.0,1.0,4.0,6.0,0.0,0.0,1.0,1.0,10.0,1.0,0.0,0.0,0.0,1.0,455.0,0.0,2.0,7.0,0.0,9.0,2.0,5.0,10.0,12.0,8371903653.0,12245235.0,湛江市霞山区,湛江市霞山区爱国街道,20.0,28.0,18.0,20.0,86.0,78.33333333333333,46.0827868852459,56.92664596273291
广东省,湛江市,霞山区,工农街道,110.3986072,21.1954556,0.0,57.0,16.0,56.0,313.0,61.0,0.0,120.0,41.0,6.0,1.0,1.0,14.0,18.0,27.0,33.0,0.0,4.0,4.0,33.0,71.0,5.0,2.0,2.0,1.0,19.0,1402.0,0.0,13.0,9.0,35.0,62.0,7.0,19.0,17.0,23.0,0.0,19.0,0.0,22.0,60.0,22.0,0.0,41.0,11.0,2.0,0.0,1.0,5.0,5.0,13.0,14.0,0.0,0.0,1.0,11.0,15.0,3.0,0.0,2.0,0.0,4.0,398.0,0.0,1.0,0.0,6.0,17.0,2.0,7.0,12.0,10.0,8371903656.0,12245234.0,湛江市霞山区,湛江市霞山区工农街道,20.0,30.0,23.0,20.0,93.0,78.33333333333333,46.0827868852459,56.92664596273291
广东省,湛江市,霞山区,友谊街道,110.3787802,21.1551179,4.0,18.0,2.0,15.0,258.0,62.0,0.0,1.0,1.0,1.0,1.0,0.0,1.0,1.0,2.0,2.0,0.0,0.0,0.0,0.0,8.0,0.0,8.0,0.0,0.0,8.0,391.0,0.0,0.0,6.0,0.0,8.0,0.0,2.0,13.0,11.0,0.0,3.0,0.0,3.0,36.0,7.0,0.0,0.0,0.0,0.0,0.0,0.0,0.0,0.0,0.0,0.0,0.0,0.0,0.0,0.0,2.0,0.0,2.0,0.0,0.0,2.0,72.0,0.0,0.0,0.0,0.0,0.0,0.0,1.0,5.0,5.0,8371903652.0,-1.0,湛江市霞山区,湛江市霞山区友谊街道,12.0,30.0,0.0,20.0,62.0,78.33333333333333,46.0827868852459,56.92664596273291
广东省,湛江市,霞山区,新兴街道,110.3774069,21.21306,0.0,36.0,13.0,63.0,246.0,57.0,0.0,40.0,55.0,5.0,1.0,1.0,12.0,16.0,14.0,16.0,0.0,5.0,3.0,33.0,64.0,9.0,1.0,7.0,2.0,19.0,647.0,0.0,7.0,0.0,32.0,32.0,6.0,14.0,17.0,18.0,0.0,6.0,3.0,13.0,25.0,4.0,0.0,3.0,12.0,0.0,1.0,0.0,0.0,0.0,1.0,1.0,0.0,0.0,0.0,2.0,12.0,0.0,0.0,0.0,0.0,1.0,26.0,0.0,0.0,0.0,2.0,0.0,0.0,2.0,11.0,1.0,8371903660.0,-1.0,湛江市霞山区,湛江市霞山区新兴街道,12.0,30.0,12.0,20.0,74.0,78.33333333333333,46.0827868852459,56.92664596273291
广东省,湛江市,霞山区,海滨街道,110.4121899,21.2069387,0.0,39.0,15.0,45.0,285.0,85.0,0.0,129.0,34.0,7.0,0.0,1.0,13.0,13.0,28.0,34.0,0.0,3.0,2.0,20.0,67.0,9.0,1.0,2.0,1.0,16.0,1575.0,0.0,12.0,18.0,23.0,78.0,9.0,14.0,17.0,22.0,0.0,10.0,5.0,13.0,46.0,15.0,0.0,57.0,0.0,2.0,0.0,0.0,1.0,1.0,4.0,8.0,0.0,0.0,0.0,0.0,9.0,2.0,0.0,0.0,0.0,2.0,218.0,0.0,1.0,2.0,2.0,20.0,2.0,7.0,11.0,10.0,8371903658.0,12245236.0,湛江市霞山区,湛江市霞山区海滨街道,20.0,28.0,15.0,20.0,83.0,78.33333333333333,46.0827868852459,56.92664596273291
广东省,湛江市,霞山区,建设街道,110.3765487,21.1804903,7.0,33.0,2.0,49.0,276.0,46.0,0.0,22.0,14.0,2.0,0.0,1.0,12.0,16.0,17.0,19.0,0.0,4.0,4.0,20.0,47.0,1.0,8.0,2.0,1.0,14.0,754.0,0.0,9.0,10.0,26.0,27.0,0.0,7.0,16.0,16.0,0.0,7.0,0.0,6.0,47.0,0.0,0.0,0.0,0.0,0.0,0.0,0.0,0.0,0.0,1.0,1.0,0.0,0.0,0.0,0.0,0.0,0.0,0.0,0.0,0.0,2.0,8.0,0.0,0.0,0.0,0.0,2.0,0.0,1.0,4.0,5.0,8371903654.0,-1.0,湛江市霞山区,湛江市霞山区建设街道,12.0,28.0,10.0,20.0,70.0,78.33333333333333,46.0827868852459,56.92664596273291
广东省,湛江市,霞山区,东新街道,110.3772353,21.1958558,11.0,48.0,9.0,71.0,277.0,49.0,0.0,45.0,34.0,7.0,1.0,1.0,13.0,17.0,19.0,22.0,0.0,4.0,3.0,31.0,57.0,4.0,2.0,2.0,1.0,15.0,783.0,0.0,5.0,10.0,33.0,36.0,3.0,13.0,19.0,19.0,0.0,9.0,0.0,11.0,41.0,0.0,0.0,0.0,5.0,1.0,0.0,0.0,4.0,8.0,1.0,2.0,0.0,3.0,2.0,17.0,13.0,0.0,0.0,0.0,1.0,2.0,96.0,0.0,4.0,0.0,22.0,2.0,0.0,3.0,6.0,8.0,8371903655.0,-1.0,湛江市霞山区,湛江市霞山区东新街道,12.0,30.0,25.0,20.0,87.0,78.33333333333333,46.0827868852459,56.92664596273291
广东省,湛江市,霞山区,新园街道,110.4010962,21.2145003,0.0,49.0,18.0,70.0,298.0,93.0,0.0,150.0,47.0,8.0,2.0,1.0,15.0,19.0,30.0,36.0,0.0,5.0,3.0,35.0,84.0,11.0,2.0,2.0,1.0,19.0,1752.0,0.0,9.0,9.0,42.0,79.0,10.0,15.0,17.0,21.0,0.0,6.0,4.0,0.0,46.0,16.0,0.0,0.0,0.0,1.0,0.0,0.0,1.0,1.0,3.0,5.0,0.0,0.0,0.0,2.0,14.0,1.0,0.0,0.0,0.0,3.0,212.0,0.0,0.0,0.0,3.0,8.0,1.0,5.0,8.0,11.0,8371903659.0,12245233.0,湛江市霞山区,湛江市霞山区新园街道,20.0,30.0,17.0,20.0,87.0,78.33333333333333,46.0827868852459,56.92664596273291
广东省,湛江市,霞山区,海头街道,110.3453062,21.208099,13.0,2.0,10.0,37.0,62.0,19.0,0.0,8.0,7.0,3.0,0.0,0.0,0.0,0.0,0.0,0.0,0.0,0.0,0.0,1.0,6.0,0.0,1.0,0.0,2.0,6.0,19.0,0.0,0.0,7.0,1.0,2.0,0.0,4.0,13.0,9.0,6.0,0.0,1.0,14.0,10.0,11.0,0.0,0.0,0.0,0.0,0.0,0.0,0.0,0.0,0.0,0.0,0.0,0.0,0.0,0.0,1.0,0.0,1.0,0.0,0.0,1.0,14.0,0.0,0.0,0.0,0.0,0.0,0.0,1.0,9.0,4.0,8371903671.0,-1.0,湛江市霞山区,湛江市霞山区海头街道,12.0,28.0,0.0,8.0,48.0,78.33333333333333,46.0827868852459,56.92664596273291
广东省,湛江市,霞山区,泉庄街道,110.3905391,21.228222,0.0,48.0,19.0,63.0,237.0,91.0,4.0,74.0,48.0,3.0,3.0,0.0,7.0,8.0,17.0,22.0,0.0,3.0,0.0,13.0,83.0,13.0,4.0,6.0,0.0,15.0,1174.0,0.0,4.0,2.0,19.0,66.0,8.0,14.0,19.0,20.0,0.0,9.0,4.0,16.0,35.0,11.0,0.0,28.0,0.0,0.0,0.0,0.0,0.0,0.0,2.0,2.0,0.0,1.0,0.0,1.0,8.0,5.0,0.0,0.0,0.0,1.0,104.0,0.0,2.0,0.0,0.0,8.0,2.0,6.0,12.0,8.0,8371903673.0,12245238.0,湛江市霞山区,湛江市霞山区泉庄街道,20.0,30.0,8.0,20.0,78.0,78.33333333333333,46.0827868852459,56.92664596273291
广东省,湛江市,霞山区,乐华街道,110.4119893,21.2291632,0.0,34.0,12.0,48.0,189.0,85.0,0.0,100.0,7.0,6.0,1.0,0.0,7.0,7.0,14.0,18.0,0.0,1.0,0.0,6.0,50.0,13.0,4.0,1.0,0.0,11.0,1062.0,0.0,4.0,19.0,15.0,58.0,6.0,14.0,16.0,18.0,0.0,4.0,2.0,8.0,35.0,26.0,0.0,8.0,2.0,2.0,1.0,0.0,3.0,3.0,3.0,4.0,0.0,0.0,0.0,1.0,14.0,1.0,1.0,0.0,0.0,3.0,365.0,0.0,0.0,0.0,9.0,18.0,2.0,1.0,10.0,11.0,8371903672.0,12245232.0,湛江市霞山区,湛江市霞山区乐华街道,20.0,30.0,11.0,20.0,81.0,78.33333333333333,46.0827868852459,56.92664596273291
广东省,湛江市,坡头区,南调街道,110.4612998,21.241116,0.0,12.0,36.0,33.0,104.0,12.0,0.0,20.0,0.0,1.0,1.0,2.0,3.0,3.0,5.0,5.0,0.0,0.0,0.0,2.0,19.0,4.0,3.0,0.0,0.0,10.0,93.0,1.0,21.0,3.0,2.0,7.0,1.0,3.0,14.0,9.0,0.0,0.0,6.0,1.0,15.0,1.0,0.0,0.0,0.0,0.0,0.0,0.0,0.0,0.0,1.0,1.0,0.0,0.0,0.0,2.0,4.0,1.0,0.0,0.0,0.0,4.0,2.0,0.0,0.0,0.0,1.0,0.0,1.0,1.0,5.0,3.0,8372432409.0,-1.0,湛江市坡头区,湛江市坡头区南调街道,12.0,28.0,12.0,13.8,65.8,39.24285714285714,46.0827868852459,56.92664596273291
广东省,湛江市,坡头区,麻斜街道,110.4341306,21.2029982,0.0,24.0,23.0,20.0,106.0,33.0,0.0,90.0,15.0,4.0,0.0,0.0,2.0,2.0,5.0,9.0,0.0,0.0,0.0,2.0,12.0,3.0,1.0,0.0,0.0,6.0,537.0,0.0,2.0,21.0,2.0,30.0,3.0,11.0,15.0,19.0,0.0,4.0,0.0,1.0,10.0,0.0,0.0,0.0,3.0,0.0,0.0,0.0,0.0,0.0,0.0,0.0,0.0,0.0,0.0,0.0,0.0,0.0,0.0,0.0,0.0,1.0,8.0,0.0,0.0,4.0,0.0,1.0,0.0,2.0,5.0,4.0,8372432408.0,-1.0,湛江市坡头区,湛江市坡头区麻斜街道,12.0,28.0,0.0,20.0,60.0,39.24285714285714,46.0827868852459,56.92664596273291
广东省,湛江市,坡头区,南三镇,110.549902,21.152844,0.0,1.0,3.0,13.0,31.0,1.0,0.0,0.0,0.0,0.0,0.0,0.0,0.0,0.0,0.0,0.0,0.0,0.0,0.0,0.0,12.0,0.0,0.0,0.0,0.0,13.0,0.0,0.0,0.0,1.0,0.0,0.0,0.0,2.0,9.0,4.0,0.0,1.0,1.0,9.0,8.0,0.0,0.0,0.0,0.0,0.0,0.0,0.0,0.0,0.0,0.0,0.0,0.0,0.0,0.0,0.0,3.0,0.0,0.0,0.0,0.0,3.0,0.0,0.0,0.0,0.0,0.0,0.0,0.0,1.0,4.0,1.0,8372432406.0,-1.0,湛江市坡头区,湛江市坡头区南三镇,12.0,22.6,0.0,2.1,36.7,39.24285714285714,46.0827868852459,56.92664596273291
广东省,湛江市,坡头区,坡头镇,110.5005853,21.2624827,0.0,18.0,6.0,1.0,11.0,0.0,0.0,0.0,1.0,0.0,0.0,0.0,0.0,0.0,1.0,1.0,0.0,0.0,0.0,0.0,0.0,0.0,0.0,0.0,0.0,16.0,1.0,0.0,0.0,0.0,1.0,0.0,0.0,3.0,9.0,0.0,0.0,2.0,2.0,1.0,3.0,0.0,0.0,0.0,0.0,0.0,0.0,0.0,0.0,0.0,0.0,0.0,0.0,0.0,0.0,0.0,0.0,0.0,0.0,0.0,0.0,2.0,1.0,0.0,0.0,0.0,1.0,0.0,0.0,1.0,4.0,0.0,8372432410.0,-1.0,湛江市坡头区,湛江市坡头区坡头镇,12.0,15.1,0.0,0.2,27.3,39.24285714285714,46.0827868852459,56.92664596273291
广东省,湛江市,坡头区,乾塘镇,110.607539,21.231629,0.0,0.0,2.0,3.0,5.0,0.0,0.0,0.0,0.0,0.0,0.0,0.0,0.0,0.0,0.0,0.0,0.0,0.0,0.0,0.0,0.0,0.0,0.0,0.0,0.0,12.0,4.0,0.0,0.0,0.0,0.0,0.0,0.0,1.0,4.0,5.0,0.0,0.0,1.0,3.0,0.0,0.0,0.0,0.0,0.0,0.0,0.0,0.0,0.0,0.0,0.0,0.0,0.0,0.0,0.0,0.0,0.0,0.0,0.0,0.0,0.0,2.0,0.0,0.0,0.0,0.0,0.0,0.0,0.0,1.0,2.0,3.0,8372432407.0,-1.0,湛江市坡头区,湛江市坡头区乾塘镇,12.0,11.0,0.0,2.9,25.9,39.24285714285714,46.0827868852459,56.92664596273291
广东省,湛江市,坡头区,龙头镇,110.519994,21.358068,2.0,5.0,0.0,3.0,6.0,0.0,0.0,0.0,0.0,0.0,0.0,0.0,0.0,0.0,0.0,0.0,0.0,0.0,0.0,0.0,1.0,0.0,0.0,0.0,0.0,7.0,0.0,0.0,0.0,0.0,0.0,0.0,0.0,6.0,9.0,3.0,2.0,2.0,0.0,0.0,1.0,0.0,0.0,0.0,0.0,0.0,0.0,0.0,0.0,0.0,0.0,0.0,0.0,0.0,0.0,0.0,0.0,0.0,0.0,0.0,0.0,3.0,0.0,0.0,0.0,0.0,0.0,0.0,0.0,2.0,3.0,0.0,3345259475.0,-1.0,湛江市坡头区,湛江市坡头区龙头镇,12.0,13.5,0.0,1.5,27.0,39.24285714285714,46.0827868852459,56.92664596273291
广东省,湛江市,坡头区,官渡镇,110.4356529,21.3837291,7.0,0.0,12.0,7.0,11.0,0.0,0.0,0.0,0.0,0.0,0.0,0.0,0.0,0.0,0.0,0.0,0.0,0.0,0.0,0.0,7.0,0.0,2.0,0.0,0.0,6.0,0.0,0.0,0.0,0.0,0.0,1.0,0.0,2.0,6.0,6.0,7.0,0.0,0.0,1.0,6.0,0.0,0.0,0.0,0.0,0.0,0.0,0.0,0.0,0.0,0.0,0.0,0.0,0.0,0.0,0.0,2.0,0.0,0.0,0.0,0.0,1.0,0.0,0.0,0.0,0.0,0.0,1.0,0.0,2.0,3.0,5.0,1686037756.0,-1.0,湛江市坡头区,湛江市坡头区官渡镇,12.0,17.0,0.0,3.0,32.0,39.24285714285714,46.0827868852459,56.92664596273291
广东省,湛江市,麻章区,东山街道,110.38782,21.034769,0.0,3.0,8.0,10.0,340.0,1.0,0.0,0.0,0.0,0.0,0.0,1.0,0.0,0.0,1.0,1.0,1.0,0.0,0.0,0.0,23.0,0.0,2.0,0.0,1.0,9.0,2.0,0.0,0.0,0.0,0.0,0.0,0.0,1.0,6.0,4.0,0.0,0.0,6.0,3.0,52.0,0.0,0.0,0.0,0.0,0.0,0.0,0.0,0.0,0.0,0.0,0.0,0.0,0.0,0.0,0.0,2.0,0.0,1.0,0.0,0.0,1.0,0.0,0.0,0.0,0.0,0.0,0.0,0.0,1.0,4.0,2.0,8371726905.0,-1.0,湛江市麻章区,湛江市麻章区东山街道,12.0,23.0,5.0,2.2,42.2,48.5,46.0827868852459,56.92664596273291
广东省,湛江市,麻章区,东简街道,110.490419,21.034028,0.0,7.0,6.0,11.0,261.0,11.0,0.0,0.0,0.0,0.0,0.0,0.0,0.0,0.0,1.0,1.0,0.0,0.0,0.0,1.0,17.0,0.0,3.0,0.0,1.0,12.0,100.0,0.0,0.0,31.0,0.0,1.0,0.0,2.0,7.0,8.0,0.0,2.0,0.0,3.0,17.0,0.0,0.0,0.0,0.0,0.0,0.0,0.0,0.0,0.0,1.0,1.0,0.0,0.0,0.0,0.0,1.0,0.0,1.0,0.0,0.0,2.0,0.0,0.0,0.0,0.0,0.0,1.0,0.0,1.0,4.0,3.0,8371726904.0,-1.0,湛江市麻章区,湛江市麻章区东简街道,12.0,23.5,5.0,17.1,57.6,48.5,46.0827868852459,56.92664596273291
广东省,湛江市,麻章区,民安街道,110.317965,21.013493,0.0,0.0,3.0,10.0,190.0,0.0,0.0,0.0,0.0,0.0,0.0,0.0,0.0,0.0,0.0,0.0,0.0,0.0,0.0,0.0,22.0,0.0,0.0,0.0,0.0,12.0,0.0,0.0,0.0,0.0,0.0,0.0,0.0,3.0,6.0,5.0,0.0,0.0,1.0,2.0,63.0,0.0,0.0,0.0,0.0,0.0,0.0,0.0,0.0,0.0,0.0,0.0,0.0,0.0,0.0,0.0,3.0,0.0,0.0,0.0,0.0,1.0,0.0,0.0,0.0,0.0,0.0,0.0,0.0,1.0,3.0,1.0,8371726906.0,-1.0,湛江市麻章区,湛江市麻章区民安街道,12.0,23.0,0.0,2.5,37.5,48.5,46.0827868852459,56.92664596273291
广东省,湛江市,麻章区,麻章镇,110.3205603,21.2695983,21.0,30.0,10.0,39.0,266.0,38.0,0.0,23.0,27.0,3.0,0.0,2.0,1.0,1.0,11.0,18.0,0.0,0.0,0.0,4.0,6.0,2.0,0.0,1.0,0.0,12.0,264.0,0.0,1.0,2.0,2.0,67.0,3.0,9.0,15.0,10.0,0.0,10.0,5.0,15.0,81.0,2.0,0.0,0.0,0.0,0.0,0.0,2.0,0.0,0.0,3.0,3.0,0.0,0.0,0.0,1.0,0.0,0.0,0.0,1.0,0.0,2.0,3.0,0.0,0.0,0.0,1.0,3.0,1.0,2.0,8.0,4.0,8371726908.0,-1.0,湛江市麻章区,湛江市麻章区麻章镇,12.0,28.0,11.0,20.0,71.0,48.5,46.0827868852459,56.92664596273291
广东省,湛江市,麻章区,太平镇,110.170184,21.056471,0.0,5.0,4.0,14.0,136.0,0.0,0.0,0.0,0.0,0.0,0.0,0.0,0.0,0.0,0.0,0.0,0.0,0.0,0.0,0.0,0.0,0.0,0.0,0.0,0.0,28.0,0.0,0.0,0.0,0.0,0.0,0.0,0.0,1.0,4.0,2.0,0.0,1.0,0.0,10.0,61.0,0.0,0.0,0.0,0.0,0.0,0.0,0.0,0.0,0.0,0.0,0.0,0.0,0.0,0.0,0.0,0.0,0.0,0.0,0.0,0.0,1.0,0.0,0.0,0.0,0.0,0.0,0.0,0.0,1.0,3.0,0.0,8371726903.0,12244931.0,湛江市麻章区,湛江市麻章区太平镇,20.0,22.0,0.0,1.0,43.0,48.5,46.0827868852459,56.92664596273291
广东省,湛江市,麻章区,湖光镇,110.294797,21.124769,0.0,34.0,1.0,2.0,53.0,14.0,0.0,16.0,4.0,2.0,2.0,0.0,0.0,0.0,0.0,2.0,0.0,0.0,0.0,8.0,8.0,0.0,0.0,0.0,0.0,19.0,53.0,0.0,1.0,6.0,0.0,10.0,0.0,4.0,17.0,8.0,0.0,1.0,0.0,0.0,12.0,0.0,0.0,1.0,0.0,0.0,1.0,0.0,0.0,0.0,0.0,0.0,0.0,0.0,0.0,0.0,4.0,0.0,0.0,0.0,0.0,6.0,1.0,0.0,0.0,0.0,0.0,1.0,0.0,2.0,3.0,2.0,8371726907.0,-1.0,湛江市麻章区,湛江市麻章区湖光镇,12.0,30.0,0.0,10.0,52.0,48.5,46.0827868852459,56.92664596273291
广东省,湛江市,麻章区,硇洲镇,110.556564,20.89553,0.0,3.0,0.0,9.0,115.0,1.0,0.0,2.0,0.0,0.0,0.0,0.0,0.0,0.0,0.0,0.0,1.0,0.0,0.0,0.0,18.0,0.0,0.0,0.0,0.0,3.0,0.0,0.0,0.0,11.0,0.0,1.0,0.0,0.0,7.0,5.0,0.0,3.0,0.0,6.0,53.0,0.0,0.0,0.0,0.0,0.0,0.0,0.0,0.0,0.0,0.0,0.0,1.0,0.0,0.0,0.0,3.0,0.0,0.0,0.0,0.0,1.0,0.0,0.0,0.0,11.0,0.0,0.0,0.0,0.0,4.0,3.0,-1.0,-1.0,湛江市麻章区,湛江市麻章区硇洲镇,3.0,23.5,5.0,4.7,36.2,48.5,46.0827868852459,56.92664596273291
广东省,湛江市,遂溪县,遂城街道,110.25615,21.378017,32.0,19.0,2.0,52.0,171.0,14.0,0.0,4.0,3.0,11.0,0.0,4.0,0.0,0.0,20.0,23.0,3.0,0.0,0.0,6.0,8.0,0.0,0.0,1.0,0.0,12.0,477.0,0.0,3.0,1.0,0.0,38.0,3.0,5.0,15.0,9.0,19.0,6.0,0.0,22.0,51.0,3.0,0.0,0.0,2.0,0.0,0.0,1.0,0.0,0.0,10.0,10.0,0.0,0.0,0.0,4.0,1.0,0.0,0.0,1.0,0.0,2.0,29.0,0.0,0.0,0.0,0.0,11.0,3.0,3.0,10.0,5.0,-1.0,-1.0,湛江市遂溪县,湛江市遂溪县遂城街道,5.0,28.0,14.0,20.0,67.0,33.7,46.0827868852459,56.92664596273291
广东省,湛江市,遂溪县,黄略镇,110.323615,21.326707,11.0,3.0,2.0,10.0,129.0,0.0,0.0,0.0,1.0,0.0,0.0,0.0,0.0,0.0,0.0,0.0,0.0,0.0,0.0,0.0,0.0,0.0,0.0,0.0,0.0,5.0,0.0,0.0,0.0,1.0,0.0,0.0,0.0,8.0,9.0,1.0,0.0,0.0,2.0,3.0,77.0,0.0,0.0,0.0,0.0,0.0,0.0,0.0,0.0,0.0,0.0,0.0,0.0,0.0,0.0,0.0,0.0,0.0,0.0,0.0,0.0,3.0,0.0,0.0,0.0,0.0,0.0,0.0,0.0,1.0,4.0,0.0,8369020673.0,-1.0,湛江市遂溪县,湛江市遂溪县黄略镇,12.0,26.0,0.0,0.6,38.6,33.7,46.0827868852459,56.92664596273291
广东省,湛江市,遂溪县,洋青镇,110.115795,21.361865,0.0,5.0,0.0,7.0,80.0,0.0,0.0,0.0,0.0,0.0,0.0,0.0,0.0,0.0,0.0,0.0,0.0,0.0,0.0,0.0,0.0,0.0,0.0,0.0,0.0,8.0,0.0,0.0,0.0,0.0,0.0,0.0,0.0,1.0,4.0,2.0,0.0,1.0,0.0,5.0,44.0,0.0,0.0,0.0,0.0,0.0,0.0,0.0,0.0,0.0,0.0,0.0,0.0,0.0,0.0,0.0,0.0,0.0,0.0,0.0,0.0,2.0,0.0,0.0,0.0,0.0,0.0,0.0,0.0,1.0,4.0,2.0,8369020675.0,-1.0,湛江市遂溪县,湛江市遂溪县洋青镇,12.0,22.0,0.0,1.0,35.0,33.7,46.0827868852459,56.92664596273291
广东省,湛江市,遂溪县,界炮镇,109.958163,21.404085,0.0,5.0,1.0,12.0,3.0,1.0,0.0,0.0,0.0,0.0,0.0,0.0,0.0,0.0,0.0,0.0,0.0,0.0,0.0,0.0,6.0,0.0,0.0,0.0,0.0,12.0,7.0,0.0,0.0,0.0,0.0,0.0,0.0,3.0,6.0,3.0,0.0,2.0,0.0,2.0,0.0,0.0,0.0,0.0,0.0,0.0,0.0,0.0,0.0,0.0,0.0,0.0,0.0,0.0,0.0,0.0,0.0,0.0,0.0,0.0,0.0,1.0,0.0,0.0,0.0,0.0,0.0,0.0,0.0,1.0,3.0,1.0,8369020680.0,-1.0,湛江市遂溪县,湛江市遂溪县界炮镇,12.0,13.6,0.0,2.2,27.8,33.7,46.0827868852459,56.92664596273291
广东省,湛江市,遂溪县,乐民镇,109.753218,21.139688,0.0,0.0,0.0,8.0,40.0,0.0,0.0,0.0,0.0,0.0,0.0,0.0,0.0,0.0,0.0,0.0,0.0,0.0,0.0,0.0,0.0,0.0,0.0,0.0,0.0,8.0,0.0,0.0,0.0,0.0,0.0,0.0,0.0,2.0,3.0,3.0,0.0,0.0,0.0,8.0,27.0,0.0,0.0,0.0,0.0,0.0,0.0,0.0,0.0,0.0,0.0,0.0,0.0,0.0,0.0,0.0,0.0,0.0,0.0,0.0,0.0,1.0,0.0,0.0,0.0,0.0,0.0,0.0,0.0,1.0,3.0,0.0,8369020684.0,-1.0,湛江市遂溪县,湛江市遂溪县乐民镇,12.0,21.5,0.0,1.5,35.0,33.7,46.0827868852459,56.92664596273291
广东省,湛江市,遂溪县,江洪镇,109.704425,21.025168,0.0,2.0,0.0,6.0,18.0,0.0,0.0,0.0,0.0,0.0,0.0,0.0,0.0,0.0,0.0,0.0,0.0,0.0,0.0,0.0,0.0,0.0,0.0,0.0,0.0,8.0,0.0,0.0,0.0,0.0,0.0,0.0,0.0,4.0,4.0,3.0,0.0,1.0,0.0,3.0,1.0,0.0,0.0,0.0,0.0,0.0,0.0,0.0,0.0,0.0,0.0,0.0,0.0,0.0,0.0,0.0,0.0,0.0,0.0,0.0,0.0,5.0,0.0,0.0,0.0,0.0,0.0,0.0,0.0,2.0,3.0,2.0,8369020672.0,-1.0,湛江市遂溪县,湛江市遂溪县江洪镇,12.0,15.9,0.0,1.5,29.4,33.7,46.0827868852459,56.92664596273291
广东省,湛江市,遂溪县,杨柑镇,109.917615,21.3296363,0.0,1.0,0.0,3.0,56.0,0.0,0.0,0.0,0.0,0.0,0.0,0.0,0.0,0.0,0.0,0.0,0.0,0.0,0.0,0.0,0.0,0.0,0.0,0.0,0.0,5.0,0.0,0.0,0.0,0.0,0.0,0.0,0.0,3.0,4.0,2.0,0.0,1.0,0.0,3.0,54.0,0.0,0.0,0.0,0.0,0.0,0.0,0.0,0.0,0.0,0.0,0.0,0.0,0.0,0.0,0.0,0.0,0.0,0.0,0.0,0.0,1.0,0.0,0.0,0.0,0.0,0.0,0.0,0.0,1.0,3.0,0.0,4385178553.0,-1.0,湛江市遂溪县,湛江市遂溪县杨柑镇,12.0,22.0,0.0,1.0,35.0,33.7,46.0827868852459,56.92664596273291
广东省,湛江市,遂溪县,城月镇,110.076228,21.176112,6.0,4.0,0.0,10.0,11.0,0.0,0.0,0.0,0.0,0.0,0.0,0.0,0.0,0.0,0.0,0.0,0.0,0.0,0.0,0.0,0.0,0.0,0.0,0.0,0.0,5.0,0.0,0.0,0.0,0.0,0.0,0.0,0.0,2.0,5.0,0.0,4.0,3.0,0.0,8.0,6.0,0.0,0.0,0.0,0.0,0.0,0.0,0.0,0.0,0.0,0.0,0.0,0.0,0.0,0.0,0.0,0.0,0.0,0.0,0.0,0.0,2.0,0.0,0.0,0.0,0.0,0.0,0.0,0.0,2.0,5.0,0.0,8369020679.0,-1.0,湛江市遂溪县,湛江市遂溪县城月镇,12.0,16.5,0.0,0.0,28.5,33.7,46.0827868852459,56.92664596273291
广东省,湛江市,遂溪县,乌塘镇,110.0048215,21.271046,0.0,0.0,1.0,3.0,57.0,0.0,0.0,0.0,0.0,0.0,0.0,0.0,0.0,0.0,0.0,0.0,0.0,0.0,0.0,0.0,1.0,0.0,0.0,0.0,0.0,8.0,0.0,0.0,0.0,0.0,0.0,0.0,0.0,2.0,5.0,3.0,0.0,0.0,1.0,3.0,21.0,0.0,0.0,0.0,0.0,0.0,0.0,0.0,0.0,0.0,0.0,0.0,0.0,0.0,0.0,0.0,1.0,0.0,0.0,0.0,0.0,1.0,0.0,0.0,0.0,0.0,0.0,0.0,0.0,1.0,5.0,1.0,8369020678.0,-1.0,湛江市遂溪县,湛江市遂溪县乌塘镇,12.0,22.5,0.0,1.5,36.0,33.7,46.0827868852459,56.92664596273291
广东省,湛江市,遂溪县,建新镇,110.2021758,21.1249031,0.0,13.0,5.0,4.0,4.0,0.0,0.0,0.0,0.0,0.0,0.0,0.0,0.0,0.0,0.0,0.0,0.0,0.0,0.0,0.0,0.0,0.0,0.0,0.0,0.0,20.0,1.0,0.0,0.0,0.0,0.0,0.0,0.0,4.0,5.0,1.0,0.0,1.0,3.0,3.0,1.0,0.0,0.0,0.0,0.0,0.0,0.0,0.0,0.0,0.0,0.0,0.0,0.0,0.0,0.0,0.0,0.0,0.0,0.0,0.0,0.0,7.0,1.0,0.0,0.0,0.0,0.0,0.0,0.0,3.0,4.0,0.0,5356173430.0,-1.0,湛江市遂溪县,湛江市遂溪县建新镇,12.0,12.6,0.0,0.7,25.3,33.7,46.0827868852459,56.92664596273291
广东省,湛江市,遂溪县,岭北镇,110.1718,21.271658,4.0,4.0,1.0,0.0,148.0,0.0,0.0,0.0,0.0,0.0,0.0,0.0,0.0,0.0,1.0,1.0,0.0,0.0,0.0,0.0,0.0,0.0,0.0,0.0,0.0,12.0,0.0,0.0,0.0,0.0,0.0,0.0,0.0,2.0,4.0,1.0,0.0,4.0,1.0,0.0,63.0,0.0,0.0,0.0,0.0,0.0,0.0,0.0,0.0,0.0,1.0,1.0,0.0,0.0,0.0,0.0,0.0,0.0,0.0,0.0,0.0,2.0,0.0,0.0,0.0,0.0,0.0,0.0,0.0,1.0,3.0,0.0,8369020677.0,-1.0,湛江市遂溪县,湛江市遂溪县岭北镇,12.0,22.0,5.0,0.5,39.5,33.7,46.0827868852459,56.92664596273291
广东省,湛江市,遂溪县,北坡镇,109.8866073,21.2239223,0.0,7.0,1.0,1.0,38.0,0.0,0.0,0.0,0.0,0.0,0.0,0.0,0.0,0.0,0.0,0.0,0.0,0.0,0.0,0.0,3.0,0.0,0.0,0.0,0.0,10.0,0.0,0.0,0.0,0.0,0.0,0.0,0.0,1.0,5.0,2.0,0.0,3.0,1.0,1.0,33.0,0.0,0.0,0.0,0.0,0.0,0.0,0.0,0.0,0.0,0.0,0.0,0.0,0.0,0.0,0.0,2.0,0.0,0.0,0.0,0.0,2.0,0.0,0.0,0.0,0.0,0.0,0.0,0.0,1.0,5.0,1.0,8369020682.0,-1.0,湛江市遂溪县,湛江市遂溪县北坡镇,12.0,22.5,0.0,1.0,35.5,33.7,46.0827868852459,56.92664596273291
广东省,湛江市,遂溪县,港门镇,109.79376,21.221987,0.0,0.0,1.0,4.0,31.0,0.0,0.0,0.0,0.0,0.0,0.0,0.0,0.0,0.0,0.0,0.0,0.0,0.0,0.0,0.0,4.0,0.0,0.0,0.0,0.0,5.0,0.0,0.0,0.0,0.0,0.0,0.0,0.0,2.0,4.0,4.0,0.0,0.0,1.0,3.0,12.0,0.0,0.0,0.0,0.0,0.0,0.0,0.0,0.0,0.0,0.0,0.0,0.0,0.0,0.0,0.0,1.0,0.0,0.0,0.0,0.0,3.0,0.0,0.0,0.0,0.0,0.0,0.0,0.0,1.0,4.0,1.0,8369020683.0,-1.0,湛江市遂溪县,湛江市遂溪县港门镇,12.0,20.8,0.0,2.0,34.8,33.7,46.0827868852459,56.92664596273291
广东省,湛江市,遂溪县,草潭镇,109.773378,21.273452,0.0,1.0,1.0,2.0,1.0,0.0,0.0,0.0,0.0,0.0,0.0,0.0,0.0,0.0,0.0,0.0,0.0,0.0,0.0,0.0,0.0,0.0,0.0,0.0,0.0,12.0,1.0,0.0,1.0,0.0,0.0,0.0,0.0,2.0,4.0,2.0,0.0,0.0,1.0,1.0,1.0,0.0,0.0,0.0,0.0,0.0,0.0,0.0,0.0,0.0,0.0,0.0,0.0,0.0,0.0,0.0,0.0,0.0,0.0,0.0,0.0,5.0,0.0,0.0,0.0,0.0,0.0,0.0,0.0,2.0,3.0,2.0,8369020681.0,-1.0,湛江市遂溪县,湛江市遂溪县草潭镇,12.0,9.5,0.0,1.1,22.6,33.7,46.0827868852459,56.92664596273291
广东省,湛江市,遂溪县,河头镇,109.845092,21.067129,0.0,3.0,0.0,3.0,1.0,0.0,0.0,0.0,0.0,0.0,0.0,0.0,0.0,0.0,0.0,0.0,0.0,0.0,0.0,0.0,0.0,0.0,0.0,0.0,0.0,11.0,0.0,0.0,0.0,0.0,0.0,0.0,0.0,3.0,3.0,1.0,0.0,1.0,0.0,3.0,1.0,0.0,0.0,0.0,0.0,0.0,0.0,0.0,0.0,0.0,0.0,0.0,0.0,0.0,0.0,0.0,0.0,0.0,0.0,0.0,0.0,1.0,0.0,0.0,0.0,0.0,0.0,0.0,0.0,1.0,3.0,1.0,8369020685.0,-1.0,湛江市遂溪县,湛江市遂溪县河头镇,12.0,10.0,0.0,0.5,22.5,33.7,46.0827868852459,56.92664596273291
广东省,湛江市,遂溪县,附城镇,110.252473,21.41241,2.0,9.0,0.0,11.0,20.0,1.0,0.0,0.0,1.0,0.0,0.0,0.0,0.0,0.0,3.0,3.0,1.0,0.0,0.0,1.0,3.0,0.0,0.0,0.0,0.0,9.0,7.0,0.0,0.0,0.0,0.0,2.0,0.0,2.0,7.0,3.0,0.0,2.0,0.0,1.0,0.0,0.0,0.0,0.0,0.0,0.0,0.0,0.0,0.0,0.0,0.0,0.0,0.0,0.0,0.0,0.0,0.0,0.0,0.0,0.0,0.0,0.0,0.0,0.0,0.0,0.0,0.0,0.0,0.0,1.0,2.0,1.0,-1.0,-1.0,湛江市遂溪县,湛江市遂溪县附城镇,5.0,19.5,0.0,2.2,26.7,33.7,46.0827868852459,56.92664596273291
广东省,湛江市,徐闻县,徐城街道,110.1629318,20.3368933,14.0,18.0,15.0,20.0,117.0,19.0,0.0,0.0,4.0,0.0,0.0,1.0,0.0,0.0,2.0,2.0,0.0,0.0,0.0,0.0,4.0,0.0,0.0,0.0,0.0,15.0,7.0,0.0,0.0,0.0,0.0,5.0,0.0,8.0,13.0,4.0,6.0,3.0,8.0,6.0,24.0,0.0,0.0,0.0,3.0,0.0,0.0,0.0,0.0,0.0,1.0,1.0,0.0,0.0,0.0,0.0,2.0,0.0,0.0,0.0,0.0,7.0,1.0,0.0,0.0,0.0,0.0,1.0,0.0,3.0,7.0,2.0,8371233915.0,-1.0,湛江市徐闻县,湛江市徐闻县徐城街道,12.0,26.0,10.0,2.8,50.8,37.39333333333333,46.0827868852459,56.92664596273291
广东省,湛江市,徐闻县,迈陈镇,109.988569,20.336579,0.0,7.0,0.0,5.0,8.0,0.0,0.0,0.0,0.0,0.0,0.0,0.0,0.0,0.0,0.0,0.0,0.0,0.0,0.0,0.0,4.0,0.0,0.0,0.0,0.0,11.0,0.0,0.0,0.0,0.0,0.0,1.0,0.0,2.0,4.0,6.0,0.0,4.0,0.0,3.0,2.0,0.0,0.0,0.0,0.0,0.0,0.0,0.0,0.0,0.0,0.0,0.0,0.0,0.0,0.0,0.0,0.0,0.0,0.0,0.0,0.0,3.0,0.0,0.0,0.0,0.0,0.0,1.0,0.0,1.0,3.0,2.0,8371254219.0,-1.0,湛江市徐闻县,湛江市徐闻县迈陈镇,12.0,14.2,0.0,3.0,29.2,37.39333333333333,46.0827868852459,56.92664596273291
广东省,湛江市,徐闻县,海安镇,110.2151353,20.2753716,9.0,2.0,5.0,11.0,88.0,12.0,0.0,3.0,6.0,1.0,2.0,0.0,0.0,0.0,3.0,3.0,0.0,0.0,0.0,0.0,20.0,1.0,9.0,0.0,3.0,5.0,13.0,0.0,0.0,5.0,0.0,12.0,0.0,3.0,13.0,10.0,7.0,0.0,5.0,5.0,36.0,9.0,0.0,0.0,4.0,1.0,0.0,0.0,0.0,0.0,1.0,1.0,0.0,0.0,0.0,0.0,5.0,0.0,1.0,0.0,0.0,3.0,3.0,0.0,0.0,2.0,0.0,4.0,0.0,3.0,9.0,6.0,2305179923.0,-1.0,湛江市徐闻县,湛江市徐闻县海安镇,12.0,30.0,5.0,6.300000000000001,53.3,37.39333333333333,46.0827868852459,56.92664596273291
广东省,湛江市,徐闻县,曲界镇,110.327705,20.486553,0.0,5.0,0.0,1.0,39.0,1.0,0.0,0.0,0.0,0.0,0.0,0.0,0.0,0.0,0.0,0.0,0.0,0.0,0.0,0.0,4.0,0.0,1.0,0.0,0.0,2.0,1.0,0.0,0.0,1.0,0.0,1.0,0.0,2.0,5.0,7.0,0.0,5.0,0.0,1.0,8.0,0.0,0.0,0.0,0.0,0.0,0.0,0.0,0.0,0.0,0.0,0.0,0.0,0.0,0.0,0.0,2.0,0.0,0.0,0.0,0.0,1.0,0.0,0.0,0.0,0.0,0.0,0.0,0.0,1.0,4.0,3.0,3942274171.0,-1.0,湛江市徐闻县,湛江市徐闻县曲界镇,9.0,18.700000000000003,0.0,3.7,31.400000000000002,37.39333333333333,46.0827868852459,56.92664596273291
广东省,湛江市,徐闻县,前山镇,110.4606576,20.4264921,0.0,3.0,2.0,5.0,16.0,0.0,0.0,0.0,0.0,0.0,0.0,0.0,0.0,0.0,2.0,2.0,0.0,0.0,0.0,0.0,20.0,0.0,0.0,0.0,0.0,10.0,2.0,0.0,0.0,1.0,0.0,4.0,0.0,2.0,5.0,5.0,0.0,2.0,0.0,1.0,12.0,0.0,0.0,0.0,0.0,0.0,0.0,0.0,0.0,0.0,1.0,1.0,0.0,0.0,0.0,0.0,3.0,0.0,0.0,0.0,0.0,2.0,0.0,0.0,0.0,0.0,0.0,2.0,0.0,1.0,4.0,4.0,4454558739.0,-1.0,湛江市徐闻县,湛江市徐闻县前山镇,12.0,19.3,5.0,2.8,39.099999999999994,37.39333333333333,46.0827868852459,56.92664596273291
广东省,湛江市,徐闻县,西连镇,109.932775,20.375274,0.0,2.0,0.0,3.0,8.0,0.0,0.0,0.0,0.0,0.0,0.0,0.0,0.0,0.0,0.0,0.0,0.0,0.0,0.0,0.0,5.0,0.0,0.0,0.0,0.0,24.0,0.0,0.0,0.0,0.0,0.0,0.0,0.0,1.0,3.0,1.0,0.0,1.0,0.0,0.0,3.0,0.0,0.0,0.0,0.0,0.0,0.0,0.0,0.0,0.0,0.0,0.0,0.0,0.0,0.0,0.0,0.0,0.0,0.0,0.0,0.0,6.0,0.0,0.0,0.0,0.0,0.0,0.0,0.0,1.0,2.0,0.0,8371254220.0,-1.0,湛江市徐闻县,湛江市徐闻县西连镇,12.0,12.0,0.0,0.5,24.5,37.39333333333333,46.0827868852459,56.92664596273291
广东省,湛江市,徐闻县,下桥镇,110.1229718,20.4507614,6.0,12.0,0.0,4.0,14.0,0.0,0.0,0.0,0.0,0.0,0.0,0.0,0.0,0.0,0.0,0.0,0.0,0.0,0.0,0.0,0.0,0.0,0.0,0.0,0.0,11.0,1.0,0.0,0.0,0.0,0.0,0.0,0.0,7.0,9.0,0.0,6.0,2.0,0.0,0.0,1.0,0.0,0.0,0.0,0.0,0.0,0.0,0.0,0.0,0.0,0.0,0.0,0.0,0.0,0.0,0.0,0.0,0.0,0.0,0.0,0.0,5.0,0.0,0.0,0.0,0.0,0.0,0.0,0.0,2.0,3.0,0.0,8371233913.0,-1.0,湛江市徐闻县,湛江市徐闻县下桥镇,12.0,16.1,0.0,0.1,28.200000000000003,37.39333333333333,46.0827868852459,56.92664596273291
广东省,湛江市,徐闻县,龙塘镇,110.3209373,20.3183381,0.0,0.0,6.0,6.0,43.0,2.0,0.0,0.0,0.0,0.0,0.0,0.0,0.0,0.0,1.0,1.0,0.0,0.0,0.0,0.0,13.0,0.0,0.0,0.0,0.0,8.0,1.0,0.0,0.0,0.0,0.0,3.0,0.0,2.0,5.0,4.0,0.0,0.0,4.0,5.0,8.0,1.0,0.0,0.0,0.0,0.0,0.0,0.0,0.0,0.0,1.0,1.0,0.0,0.0,0.0,0.0,3.0,0.0,0.0,0.0,0.0,5.0,0.0,0.0,0.0,0.0,0.0,3.0,0.0,1.0,4.0,2.0,8371233914.0,-1.0,湛江市徐闻县,湛江市徐闻县龙塘镇,12.0,22.5,5.0,2.1,41.6,37.39333333333333,46.0827868852459,56.92664596273291
广东省,湛江市,徐闻县,下洋镇,110.496304,20.506092,0.0,0.0,1.0,3.0,11.0,0.0,0.0,0.0,0.0,0.0,0.0,0.0,0.0,0.0,2.0,2.0,0.0,0.0,0.0,0.0,13.0,0.0,0.0,0.0,0.0,8.0,0.0,0.0,0.0,0.0,0.0,1.0,0.0,1.0,4.0,3.0,0.0,0.0,1.0,1.0,9.0,0.0,0.0,0.0,0.0,0.0,0.0,0.0,0.0,0.0,2.0,2.0,0.0,0.0,0.0,0.0,5.0,0.0,0.0,0.0,0.0,2.0,0.0,0.0,0.0,0.0,0.0,1.0,0.0,1.0,4.0,2.0,8371233912.0,-1.0,湛江市徐闻县,湛江市徐闻县下洋镇,12.0,14.9,5.0,1.5,33.4,37.39333333333333,46.0827868852459,56.92664596273291
广东省,湛江市,徐闻县,锦和镇,110.419475,20.578078,0.0,8.0,1.0,9.0,10.0,0.0,0.0,0.0,1.0,0.0,0.0,0.0,0.0,0.0,0.0,0.0,0.0,0.0,0.0,0.0,16.0,0.0,0.0,0.0,0.0,16.0,0.0,0.0,0.0,1.0,0.0,1.0,0.0,2.0,6.0,5.0,0.0,8.0,1.0,8.0,7.0,0.0,0.0,0.0,0.0,0.0,0.0,0.0,0.0,0.0,0.0,0.0,0.0,0.0,0.0,0.0,5.0,0.0,0.0,0.0,0.0,5.0,0.0,0.0,0.0,0.0,0.0,0.0,0.0,1.0,5.0,3.0,4216818160.0,-1.0,湛江市徐闻县,湛江市徐闻县锦和镇,12.0,19.1,0.0,2.6,33.7,37.39333333333333,46.0827868852459,56.92664596273291
广东省,湛江市,徐闻县,和安镇,110.375534,20.634006,0.0,3.0,2.0,8.0,9.0,0.0,0.0,0.0,1.0,0.0,0.0,0.0,0.0,0.0,0.0,0.0,0.0,0.0,0.0,0.0,11.0,0.0,0.0,0.0,0.0,14.0,0.0,0.0,0.0,2.0,0.0,0.0,0.0,1.0,4.0,4.0,0.0,3.0,1.0,7.0,2.0,0.0,0.0,0.0,0.0,0.0,0.0,0.0,0.0,0.0,0.0,0.0,0.0,0.0,0.0,0.0,3.0,0.0,0.0,0.0,0.0,5.0,0.0,0.0,0.0,1.0,0.0,0.0,0.0,1.0,4.0,3.0,4216818159.0,-1.0,湛江市徐闻县,湛江市徐闻县和安镇,12.0,16.4,0.0,2.3,30.7,37.39333333333333,46.0827868852459,56.92664596273291
广东省,湛江市,徐闻县,新寮镇,110.444984,20.619997,0.0,2.0,0.0,5.0,35.0,0.0,0.0,0.0,0.0,0.0,0.0,0.0,0.0,0.0,0.0,0.0,0.0,0.0,0.0,0.0,2.0,0.0,0.0,0.0,0.0,28.0,0.0,0.0,0.0,0.0,0.0,0.0,0.0,2.0,5.0,3.0,0.0,2.0,0.0,2.0,2.0,0.0,0.0,0.0,0.0,0.0,0.0,0.0,0.0,0.0,0.0,0.0,0.0,0.0,0.0,0.0,1.0,0.0,0.0,0.0,0.0,5.0,0.0,0.0,0.0,0.0,0.0,0.0,0.0,1.0,3.0,3.0,4216818163.0,-1.0,湛江市徐闻县,湛江市徐闻县新寮镇,12.0,20.1,0.0,1.5,33.6,37.39333333333333,46.0827868852459,56.92664596273291
广东省,湛江市,徐闻县,南山镇,110.1639414,20.3252592,12.0,20.0,11.0,20.0,139.0,16.0,0.0,0.0,3.0,0.0,0.0,1.0,0.0,0.0,2.0,2.0,0.0,0.0,0.0,0.0,3.0,0.0,0.0,0.0,1.0,17.0,10.0,0.0,3.0,0.0,0.0,5.0,0.0,7.0,13.0,6.0,8.0,7.0,8.0,5.0,42.0,6.0,0.0,0.0,0.0,0.0,0.0,1.0,0.0,0.0,0.0,0.0,0.0,0.0,0.0,0.0,1.0,0.0,0.0,0.0,0.0,2.0,1.0,0.0,0.0,0.0,0.0,2.0,0.0,3.0,7.0,2.0,8371254217.0,-1.0,湛江市徐闻县,湛江市徐闻县南山镇,12.0,26.0,5.0,4.1,47.1,37.39333333333333,46.0827868852459,56.92664596273291
广东省,湛江市,徐闻县,城北乡,110.1693587,20.3347964,14.0,23.0,12.0,20.0,129.0,22.0,0.0,0.0,3.0,0.0,0.0,1.0,0.0,0.0,2.0,2.0,0.0,0.0,0.0,0.0,3.0,0.0,0.0,0.0,2.0,13.0,13.0,0.0,0.0,0.0,0.0,5.0,0.0,7.0,13.0,6.0,6.0,7.0,6.0,8.0,28.0,4.0,0.0,0.0,0.0,0.0,0.0,1.0,0.0,0.0,0.0,0.0,0.0,0.0,0.0,0.0,2.0,0.0,0.0,0.0,0.0,6.0,1.0,0.0,0.0,0.0,0.0,2.0,0.0,5.0,6.0,3.0,8371233916.0,-1.0,湛江市徐闻县,湛江市徐闻县城北乡,12.0,26.0,5.0,4.4,47.4,37.39333333333333,46.0827868852459,56.92664596273291
广东省,湛江市,徐闻县,角尾乡,109.9536456,20.2628804,0.0,1.0,0.0,4.0,61.0,1.0,0.0,0.0,0.0,0.0,0.0,0.0,0.0,0.0,0.0,0.0,0.0,0.0,0.0,0.0,3.0,0.0,0.0,0.0,0.0,11.0,3.0,0.0,0.0,0.0,0.0,1.0,0.0,3.0,5.0,4.0,0.0,1.0,0.0,1.0,14.0,0.0,0.0,0.0,0.0,0.0,0.0,0.0,0.0,0.0,0.0,0.0,0.0,0.0,0.0,0.0,2.0,0.0,0.0,0.0,0.0,3.0,1.0,0.0,0.0,0.0,0.0,0.0,0.0,2.0,4.0,3.0,8371254218.0,-1.0,湛江市徐闻县,湛江市徐闻县角尾乡,12.0,22.5,0.0,2.4,36.9,37.39333333333333,46.0827868852459,56.92664596273291
广东省,湛江市,廉江市,罗州街道,110.2862548,21.6104351,14.0,24.0,43.0,61.0,339.0,1.0,0.0,1.0,3.0,0.0,0.0,1.0,2.0,2.0,4.0,4.0,0.0,0.0,0.0,1.0,1.0,1.0,1.0,1.0,0.0,18.0,7.0,0.0,0.0,0.0,1.0,6.0,0.0,7.0,12.0,8.0,0.0,3.0,18.0,15.0,70.0,0.0,0.0,0.0,2.0,0.0,0.0,1.0,0.0,0.0,2.0,2.0,0.0,0.0,0.0,0.0,1.0,0.0,1.0,0.0,0.0,3.0,2.0,0.0,0.0,0.0,0.0,2.0,0.0,6.0,6.0,5.0,8367266226.0,12240457.0,湛江市廉江市,湛江市廉江市罗州街道,20.0,26.0,10.0,4.9,60.9,40.29047619047619,46.0827868852459,56.92664596273291
广东省,湛江市,廉江市,城南街道,110.2712345,21.5973078,12.0,28.0,38.0,56.0,330.0,7.0,0.0,2.0,2.0,0.0,0.0,1.0,2.0,2.0,5.0,5.0,0.0,0.0,0.0,1.0,4.0,1.0,3.0,1.0,0.0,13.0,22.0,0.0,0.0,0.0,2.0,10.0,0.0,7.0,12.0,9.0,0.0,9.0,11.0,14.0,66.0,1.0,0.0,0.0,0.0,0.0,0.0,0.0,1.0,1.0,2.0,2.0,0.0,0.0,0.0,1.0,1.0,1.0,0.0,0.0,0.0,1.0,2.0,0.0,0.0,0.0,1.0,2.0,0.0,3.0,7.0,4.0,8367230093.0,12240454.0,湛江市廉江市,湛江市廉江市城南街道,20.0,26.0,16.0,6.4,68.4,40.29047619047619,46.0827868852459,56.92664596273291
广东省,湛江市,廉江市,城北街道,110.2735734,21.629306,21.0,12.0,29.0,53.0,257.0,0.0,0.0,1.0,3.0,0.0,0.0,1.0,2.0,2.0,2.0,2.0,0.0,0.0,0.0,0.0,2.0,0.0,0.0,1.0,0.0,9.0,5.0,0.0,0.0,0.0,0.0,5.0,0.0,7.0,12.0,5.0,12.0,2.0,3.0,8.0,40.0,0.0,0.0,0.0,0.0,0.0,0.0,0.0,0.0,0.0,0.0,0.0,0.0,0.0,0.0,0.0,1.0,0.0,0.0,0.0,0.0,2.0,0.0,0.0,0.0,0.0,0.0,2.0,0.0,2.0,6.0,2.0,8367230094.0,12240455.0,湛江市廉江市,湛江市廉江市城北街道,20.0,26.0,5.0,3.0,54.0,40.29047619047619,46.0827868852459,56.92664596273291
广东省,湛江市,廉江市,石城镇,110.2685308,21.5664,0.0,12.0,2.0,16.0,71.0,7.0,0.0,32.0,0.0,2.0,0.0,0.0,1.0,1.0,2.0,2.0,0.0,0.0,0.0,1.0,4.0,0.0,2.0,0.0,0.0,6.0,156.0,0.0,1.0,1.0,3.0,6.0,0.0,5.0,12.0,7.0,0.0,8.0,0.0,0.0,4.0,1.0,0.0,0.0,0.0,0.0,0.0,0.0,0.0,0.0,1.0,1.0,0.0,0.0,0.0,0.0,3.0,0.0,1.0,0.0,0.0,1.0,0.0,0.0,0.0,0.0,1.0,0.0,0.0,3.0,5.0,5.0,3345873015.0,-1.0,湛江市廉江市,湛江市廉江市石城镇,12.0,26.0,5.0,19.200000000000003,62.2,40.29047619047619,46.0827868852459,56.92664596273291
广东省,湛江市,廉江市,新民镇,110.1939379,21.529519,0.0,2.0,4.0,1.0,2.0,0.0,0.0,0.0,0.0,0.0,0.0,0.0,0.0,0.0,0.0,0.0,0.0,0.0,0.0,0.0,0.0,0.0,0.0,0.0,0.0,6.0,2.0,0.0,0.0,0.0,0.0,0.0,0.0,5.0,8.0,2.0,0.0,2.0,4.0,0.0,0.0,0.0,0.0,0.0,0.0,0.0,0.0,0.0,0.0,0.0,0.0,0.0,0.0,0.0,0.0,0.0,0.0,0.0,0.0,0.0,0.0,1.0,0.0,0.0,0.0,0.0,0.0,0.0,0.0,3.0,5.0,2.0,8367266224.0,-1.0,湛江市廉江市,湛江市廉江市新民镇,12.0,10.4,0.0,1.2,23.599999999999998,40.29047619047619,46.0827868852459,56.92664596273291
广东省,湛江市,廉江市,吉水镇,110.239895,21.679318,0.0,0.0,3.0,7.0,13.0,0.0,0.0,0.0,0.0,0.0,0.0,0.0,0.0,0.0,0.0,0.0,0.0,0.0,0.0,0.0,0.0,0.0,2.0,0.0,0.0,6.0,0.0,0.0,0.0,0.0,0.0,0.0,0.0,2.0,4.0,3.0,0.0,0.0,3.0,3.0,0.0,0.0,0.0,0.0,0.0,0.0,0.0,0.0,0.0,0.0,0.0,0.0,0.0,0.0,0.0,0.0,0.0,0.0,0.0,0.0,0.0,1.0,0.0,0.0,0.0,0.0,0.0,0.0,0.0,2.0,2.0,2.0,3345707889.0,-1.0,湛江市廉江市,湛江市廉江市吉水镇,12.0,14.6,0.0,1.5,28.1,40.29047619047619,46.0827868852459,56.92664596273291
广东省,湛江市,廉江市,河唇镇,110.3011253,21.7000778,0.0,18.0,8.0,24.0,24.0,5.0,0.0,4.0,3.0,0.0,0.0,0.0,0.0,0.0,0.0,0.0,0.0,0.0,0.0,0.0,3.0,0.0,4.0,0.0,0.0,4.0,3.0,0.0,0.0,8.0,0.0,0.0,2.0,5.0,7.0,7.0,0.0,4.0,8.0,18.0,12.0,0.0,0.0,3.0,3.0,0.0,0.0,0.0,0.0,0.0,0.0,0.0,0.0,0.0,0.0,0.0,1.0,0.0,2.0,0.0,0.0,1.0,1.0,0.0,0.0,6.0,0.0,0.0,0.0,4.0,6.0,5.0,1692209444.0,-1.0,湛江市廉江市,湛江市廉江市河唇镇,11.0,23.9,0.0,5.3,40.199999999999996,40.29047619047619,46.0827868852459,56.92664596273291
广东省,湛江市,廉江市,石角镇,110.3212641,21.8921221,0.0,14.0,4.0,7.0,16.0,0.0,0.0,0.0,0.0,0.0,0.0,0.0,0.0,0.0,0.0,0.0,0.0,0.0,0.0,0.0,0.0,0.0,0.0,0.0,0.0,7.0,0.0,0.0,0.0,3.0,0.0,0.0,0.0,9.0,6.0,2.0,0.0,10.0,0.0,1.0,13.0,0.0,0.0,0.0,0.0,0.0,0.0,0.0,0.0,0.0,0.0,0.0,0.0,0.0,0.0,0.0,0.0,0.0,0.0,0.0,0.0,1.0,0.0,0.0,0.0,3.0,0.0,0.0,0.0,9.0,3.0,2.0,5137534992.0,12240456.0,湛江市廉江市,湛江市廉江市石角镇,20.0,20.1,0.0,1.6,41.7,40.29047619047619,46.0827868852459,56.92664596273291
广东省,湛江市,廉江市,良垌镇,110.393553,21.501478,2.0,2.0,4.0,4.0,3.0,0.0,0.0,0.0,0.0,0.0,0.0,0.0,0.0,0.0,0.0,0.0,0.0,0.0,0.0,0.0,0.0,0.0,0.0,0.0,0.0,4.0,0.0,0.0,0.0,0.0,0.0,0.0,0.0,2.0,6.0,1.0,2.0,2.0,4.0,2.0,1.0,0.0,0.0,0.0,0.0,0.0,0.0,0.0,0.0,0.0,0.0,0.0,0.0,0.0,0.0,0.0,0.0,0.0,0.0,0.0,0.0,1.0,0.0,0.0,0.0,0.0,0.0,0.0,0.0,2.0,5.0,0.0,8367266225.0,-1.0,湛江市廉江市,湛江市廉江市良垌镇,11.0,12.9,0.0,0.5,24.4,40.29047619047619,46.0827868852459,56.92664596273291
广东省,湛江市,廉江市,横山镇,110.0644777,21.4804191,6.0,7.0,2.0,20.0,113.0,0.0,0.0,0.0,0.0,0.0,0.0,0.0,0.0,0.0,0.0,0.0,0.0,0.0,0.0,0.0,4.0,0.0,0.0,0.0,0.0,8.0,10.0,0.0,0.0,4.0,0.0,0.0,0.0,4.0,13.0,3.0,0.0,0.0,1.0,5.0,45.0,0.0,0.0,0.0,0.0,0.0,0.0,0.0,0.0,0.0,0.0,0.0,0.0,0.0,0.0,0.0,3.0,0.0,0.0,0.0,0.0,2.0,0.0,0.0,0.0,0.0,0.0,0.0,0.0,2.0,5.0,1.0,5529682458.0,-1.0,湛江市廉江市,湛江市廉江市横山镇,12.0,24.0,0.0,2.9000000000000004,38.9,40.29047619047619,46.0827868852459,56.92664596273291
广东省,湛江市,廉江市,安铺镇,110.0297212,21.4590863,0.0,17.0,22.0,56.0,283.0,0.0,0.0,0.0,1.0,0.0,1.0,1.0,1.0,1.0,3.0,4.0,1.0,0.0,0.0,1.0,8.0,0.0,0.0,0.0,0.0,32.0,5.0,0.0,0.0,1.0,0.0,3.0,1.0,4.0,9.0,5.0,0.0,6.0,11.0,24.0,133.0,0.0,0.0,0.0,1.0,0.0,1.0,1.0,0.0,0.0,2.0,2.0,0.0,0.0,0.0,0.0,4.0,0.0,0.0,0.0,0.0,11.0,3.0,0.0,0.0,0.0,0.0,3.0,0.0,1.0,7.0,3.0,2635501242.0,-1.0,湛江市廉江市,湛江市廉江市安铺镇,12.0,28.0,10.0,3.4,53.4,40.29047619047619,46.0827868852459,56.92664596273291
广东省,湛江市,廉江市,营仔镇,109.9221721,21.4860039,0.0,9.0,1.0,7.0,18.0,0.0,0.0,0.0,0.0,0.0,0.0,0.0,1.0,1.0,3.0,3.0,0.0,0.0,0.0,0.0,5.0,0.0,0.0,0.0,0.0,4.0,2.0,0.0,0.0,2.0,0.0,0.0,0.0,3.0,4.0,5.0,0.0,7.0,1.0,2.0,13.0,0.0,0.0,0.0,0.0,0.0,0.0,0.0,1.0,1.0,3.0,3.0,0.0,0.0,0.0,0.0,4.0,0.0,0.0,0.0,0.0,1.0,2.0,0.0,0.0,2.0,0.0,0.0,0.0,3.0,4.0,3.0,6440225164.0,-1.0,湛江市廉江市,湛江市廉江市营仔镇,11.0,19.5,10.0,3.3,43.8,40.29047619047619,46.0827868852459,56.92664596273291
广东省,湛江市,廉江市,青平镇,109.923148,21.6281093,4.0,1.0,0.0,3.0,5.0,0.0,0.0,0.0,0.0,0.0,0.0,0.0,0.0,0.0,1.0,1.0,0.0,0.0,0.0,0.0,1.0,0.0,0.0,0.0,0.0,2.0,0.0,0.0,0.0,0.0,0.0,0.0,0.0,3.0,5.0,1.0,4.0,1.0,0.0,1.0,4.0,0.0,0.0,0.0,0.0,0.0,0.0,0.0,0.0,0.0,1.0,1.0,0.0,0.0,0.0,0.0,1.0,0.0,0.0,0.0,0.0,1.0,0.0,0.0,0.0,0.0,0.0,0.0,0.0,3.0,5.0,1.0,7965634584.0,-1.0,湛江市廉江市,湛江市廉江市青平镇,9.0,12.7,5.0,0.5,27.2,40.29047619047619,46.0827868852459,56.92664596273291
广东省,湛江市,廉江市,车板镇,109.8251597,21.5265028,0.0,3.0,2.0,4.0,18.0,0.0,0.0,2.0,0.0,0.0,0.0,0.0,0.0,0.0,1.0,1.0,0.0,0.0,0.0,0.0,1.0,0.0,0.0,0.0,0.0,20.0,0.0,0.0,0.0,0.0,0.0,0.0,0.0,1.0,8.0,3.0,0.0,3.0,2.0,3.0,4.0,0.0,0.0,0.0,0.0,0.0,0.0,0.0,0.0,0.0,1.0,1.0,0.0,0.0,0.0,0.0,1.0,0.0,0.0,0.0,0.0,1.0,0.0,0.0,0.0,0.0,0.0,0.0,0.0,1.0,7.0,3.0,5132903245.0,-1.0,湛江市廉江市,湛江市廉江市车板镇,12.0,17.8,5.0,1.5,36.3,40.29047619047619,46.0827868852459,56.92664596273291
广东省,湛江市,廉江市,高桥镇,109.7459495,21.6083117,14.0,4.0,11.0,5.0,68.0,1.0,0.0,0.0,0.0,0.0,2.0,0.0,0.0,0.0,1.0,1.0,0.0,0.0,0.0,0.0,3.0,0.0,0.0,0.0,0.0,4.0,1.0,0.0,0.0,0.0,0.0,1.0,0.0,11.0,12.0,5.0,7.0,0.0,3.0,4.0,27.0,0.0,0.0,0.0,0.0,0.0,0.0,0.0,0.0,0.0,1.0,1.0,0.0,0.0,0.0,0.0,2.0,0.0,0.0,0.0,0.0,1.0,0.0,0.0,0.0,0.0,0.0,0.0,0.0,10.0,7.0,2.0,8367230096.0,-1.0,湛江市廉江市,湛江市廉江市高桥镇,11.0,26.0,5.0,2.6,44.6,40.29047619047619,46.0827868852459,56.92664596273291
广东省,湛江市,廉江市,石岭镇,110.1294796,21.6469892,6.0,2.0,0.0,16.0,3.0,4.0,0.0,0.0,0.0,0.0,0.0,0.0,0.0,0.0,2.0,2.0,0.0,0.0,0.0,0.0,0.0,0.0,3.0,0.0,0.0,4.0,1.0,0.0,0.0,0.0,1.0,1.0,0.0,4.0,7.0,4.0,4.0,2.0,0.0,8.0,1.0,0.0,0.0,0.0,0.0,0.0,0.0,0.0,0.0,0.0,2.0,2.0,0.0,0.0,0.0,0.0,0.0,0.0,0.0,0.0,0.0,2.0,0.0,0.0,0.0,0.0,1.0,1.0,0.0,2.0,5.0,1.0,3346437189.0,-1.0,湛江市廉江市,湛江市廉江市石岭镇,11.0,14.4,5.0,2.1,32.5,40.29047619047619,46.0827868852459,56.92664596273291
广东省,湛江市,廉江市,雅塘镇,110.0377818,21.6171001,3.0,0.0,0.0,8.0,47.0,4.0,0.0,0.0,0.0,0.0,1.0,0.0,0.0,0.0,0.0,0.0,0.0,0.0,0.0,0.0,18.0,0.0,1.0,0.0,0.0,3.0,59.0,0.0,0.0,1.0,0.0,0.0,0.0,4.0,6.0,9.0,1.0,0.0,0.0,3.0,27.0,0.0,0.0,0.0,0.0,0.0,0.0,0.0,0.0,0.0,0.0,0.0,0.0,0.0,0.0,0.0,1.0,0.0,0.0,0.0,0.0,2.0,0.0,0.0,0.0,0.0,0.0,0.0,0.0,2.0,4.0,1.0,8367230095.0,-1.0,湛江市廉江市,湛江市廉江市雅塘镇,10.0,25.0,0.0,10.0,45.0,40.29047619047619,46.0827868852459,56.92664596273291
广东省,湛江市,廉江市,石颈镇,110.015028,21.706227,0.0,0.0,3.0,15.0,4.0,0.0,0.0,0.0,0.0,0.0,0.0,0.0,0.0,0.0,0.0,0.0,0.0,0.0,0.0,0.0,0.0,0.0,1.0,0.0,0.0,6.0,1.0,0.0,0.0,0.0,0.0,0.0,0.0,2.0,3.0,2.0,0.0,0.0,1.0,5.0,4.0,0.0,0.0,0.0,0.0,0.0,0.0,0.0,0.0,0.0,0.0,0.0,0.0,0.0,0.0,0.0,0.0,0.0,0.0,0.0,0.0,1.0,0.0,0.0,0.0,0.0,0.0,0.0,0.0,1.0,3.0,0.0,3346395311.0,-1.0,湛江市廉江市,湛江市廉江市石颈镇,12.0,13.5,0.0,1.1,26.6,40.29047619047619,46.0827868852459,56.92664596273291
广东省,湛江市,廉江市,长山镇,109.9954409,21.8056605,0.0,0.0,4.0,7.0,9.0,0.0,0.0,0.0,0.0,0.0,0.0,0.0,0.0,0.0,0.0,0.0,0.0,0.0,0.0,0.0,2.0,0.0,0.0,0.0,0.0,4.0,0.0,0.0,0.0,0.0,0.0,0.0,0.0,3.0,3.0,3.0,0.0,0.0,3.0,1.0,8.0,0.0,0.0,0.0,0.0,0.0,0.0,0.0,0.0,0.0,0.0,0.0,0.0,0.0,0.0,0.0,0.0,0.0,0.0,0.0,0.0,1.0,0.0,0.0,0.0,0.0,0.0,0.0,0.0,3.0,3.0,2.0,1692209425.0,-1.0,湛江市廉江市,湛江市廉江市长山镇,11.0,15.7,0.0,1.5,28.2,40.29047619047619,46.0827868852459,56.92664596273291
广东省,湛江市,廉江市,塘蓬镇,110.115739,21.789168,0.0,5.0,0.0,8.0,16.0,0.0,0.0,0.0,0.0,0.0,0.0,0.0,0.0,0.0,0.0,0.0,0.0,0.0,0.0,0.0,0.0,0.0,0.0,0.0,0.0,11.0,0.0,0.0,0.0,0.0,0.0,0.0,0.0,2.0,6.0,2.0,0.0,3.0,0.0,4.0,9.0,0.0,0.0,0.0,0.0,0.0,0.0,0.0,0.0,0.0,0.0,0.0,0.0,0.0,0.0,0.0,0.0,0.0,0.0,0.0,0.0,2.0,0.0,0.0,0.0,0.0,0.0,0.0,0.0,1.0,4.0,1.0,3345797420.0,-1.0,湛江市廉江市,湛江市廉江市塘蓬镇,12.0,18.9,0.0,1.0,31.9,40.29047619047619,46.0827868852459,56.92664596273291
广东省,湛江市,廉江市,和寮镇,110.1871879,21.8578642,0.0,3.0,2.0,8.0,16.0,0.0,0.0,0.0,0.0,0.0,0.0,0.0,0.0,0.0,0.0,0.0,0.0,0.0,0.0,0.0,0.0,0.0,0.0,0.0,0.0,6.0,0.0,0.0,0.0,0.0,0.0,0.0,0.0,2.0,8.0,1.0,0.0,3.0,1.0,6.0,15.0,0.0,0.0,0.0,0.0,0.0,0.0,0.0,0.0,0.0,0.0,0.0,0.0,0.0,0.0,0.0,0.0,0.0,0.0,0.0,0.0,1.0,0.0,0.0,0.0,0.0,0.0,0.0,0.0,1.0,5.0,1.0,3345743893.0,-1.0,湛江市廉江市,湛江市廉江市和寮镇,12.0,21.7,0.0,0.5,34.2,40.29047619047619,46.0827868852459,56.92664596273291
广东省,湛江市,雷州市,雷城街道,110.0906971,20.9056058,0.0,19.0,7.0,23.0,66.0,22.0,0.0,13.0,0.0,1.0,0.0,0.0,2.0,2.0,7.0,7.0,0.0,0.0,1.0,9.0,2.0,0.0,0.0,0.0,0.0,21.0,22.0,0.0,0.0,0.0,17.0,4.0,3.0,5.0,10.0,8.0,0.0,13.0,6.0,12.0,14.0,5.0,0.0,0.0,0.0,0.0,0.0,0.0,1.0,1.0,2.0,2.0,0.0,0.0,1.0,5.0,1.0,0.0,0.0,0.0,0.0,2.0,9.0,0.0,0.0,0.0,7.0,3.0,0.0,3.0,6.0,4.0,3996962119.0,12243510.0,湛江市雷州市,湛江市雷州市雷城街道,20.0,26.0,17.0,7.1,70.1,40.00952380952381,46.0827868852459,56.92664596273291
广东省,湛江市,雷州市,西湖街道,110.0679831,20.9282457,7.0,19.0,5.0,18.0,119.0,27.0,0.0,0.0,1.0,1.0,0.0,0.0,3.0,3.0,9.0,9.0,0.0,0.0,0.0,5.0,3.0,0.0,0.0,0.0,1.0,16.0,193.0,0.0,0.0,0.0,12.0,5.0,3.0,8.0,11.0,8.0,2.0,2.0,1.0,7.0,24.0,1.0,0.0,0.0,0.0,0.0,0.0,0.0,0.0,0.0,2.0,2.0,0.0,0.0,0.0,1.0,1.0,0.0,0.0,0.0,0.0,2.0,0.0,0.0,0.0,0.0,1.0,1.0,0.0,4.0,8.0,3.0,3996805152.0,12243511.0,湛江市雷州市,湛江市雷州市西湖街道,20.0,28.0,6.0,20.0,74.0,40.00952380952381,46.0827868852459,56.92664596273291
广东省,湛江市,雷州市,新城街道,110.0704407,20.9241133,4.0,16.0,6.0,28.0,75.0,29.0,0.0,0.0,0.0,1.0,0.0,0.0,3.0,3.0,10.0,10.0,0.0,0.0,1.0,9.0,3.0,0.0,0.0,0.0,1.0,23.0,23.0,0.0,0.0,0.0,17.0,6.0,3.0,7.0,11.0,9.0,2.0,2.0,1.0,7.0,25.0,1.0,0.0,0.0,0.0,0.0,0.0,0.0,0.0,0.0,2.0,2.0,0.0,0.0,0.0,1.0,1.0,0.0,0.0,0.0,0.0,2.0,7.0,0.0,0.0,0.0,4.0,0.0,0.0,3.0,9.0,3.0,3996805153.0,12243509.0,湛江市雷州市,湛江市雷州市新城街道,20.0,26.0,6.0,7.0,59.0,40.00952380952381,46.0827868852459,56.92664596273291
广东省,湛江市,雷州市,白沙镇,110.0556685,20.9005271,9.0,6.0,3.0,12.0,44.0,4.0,0.0,0.0,1.0,0.0,0.0,0.0,0.0,0.0,5.0,5.0,0.0,0.0,1.0,6.0,1.0,0.0,0.0,0.0,0.0,32.0,17.0,0.0,0.0,0.0,10.0,2.0,0.0,9.0,10.0,6.0,3.0,1.0,1.0,1.0,0.0,0.0,0.0,0.0,0.0,0.0,0.0,0.0,0.0,0.0,0.0,0.0,0.0,0.0,0.0,0.0,0.0,0.0,0.0,0.0,0.0,9.0,0.0,0.0,0.0,0.0,0.0,0.0,0.0,3.0,5.0,1.0,3996805146.0,-1.0,湛江市雷州市,湛江市雷州市白沙镇,12.0,24.8,0.0,4.7,41.5,40.00952380952381,46.0827868852459,56.92664596273291
广东省,湛江市,雷州市,沈塘镇,110.114943,20.988542,0.0,11.0,15.0,8.0,90.0,0.0,0.0,0.0,0.0,0.0,0.0,0.0,0.0,0.0,0.0,0.0,0.0,0.0,0.0,0.0,0.0,0.0,0.0,0.0,0.0,24.0,1.0,0.0,0.0,0.0,0.0,1.0,0.0,6.0,10.0,3.0,0.0,1.0,7.0,3.0,42.0,0.0,0.0,0.0,0.0,0.0,0.0,0.0,0.0,0.0,0.0,0.0,0.0,0.0,0.0,0.0,0.0,0.0,0.0,0.0,0.0,1.0,0.0,0.0,0.0,0.0,0.0,1.0,0.0,1.0,4.0,1.0,3996805151.0,-1.0,湛江市雷州市,湛江市雷州市沈塘镇,12.0,24.0,0.0,1.6,37.6,40.00952380952381,46.0827868852459,56.92664596273291
广东省,湛江市,雷州市,客路镇,110.004065,21.091181,4.0,1.0,0.0,10.0,48.0,17.0,0.0,0.0,0.0,0.0,0.0,0.0,0.0,0.0,0.0,0.0,0.0,0.0,0.0,0.0,0.0,0.0,0.0,0.0,0.0,16.0,0.0,0.0,0.0,0.0,0.0,0.0,0.0,2.0,6.0,2.0,2.0,1.0,0.0,8.0,38.0,17.0,0.0,0.0,0.0,0.0,0.0,0.0,0.0,0.0,0.0,0.0,0.0,0.0,0.0,0.0,0.0,0.0,0.0,0.0,0.0,3.0,0.0,0.0,0.0,0.0,0.0,0.0,0.0,2.0,5.0,2.0,3996962118.0,-1.0,湛江市雷州市,湛江市雷州市客路镇,12.0,23.0,0.0,1.0,36.0,40.00952380952381,46.0827868852459,56.92664596273291
广东省,湛江市,雷州市,杨家镇,109.957413,20.897391,0.0,10.0,0.0,5.0,12.0,0.0,0.0,0.0,0.0,0.0,0.0,0.0,0.0,0.0,0.0,0.0,0.0,0.0,0.0,0.0,2.0,0.0,0.0,0.0,0.0,15.0,0.0,0.0,0.0,0.0,0.0,0.0,0.0,1.0,4.0,3.0,0.0,3.0,0.0,2.0,3.0,0.0,0.0,0.0,0.0,0.0,0.0,0.0,0.0,0.0,0.0,0.0,0.0,0.0,0.0,0.0,1.0,0.0,0.0,0.0,0.0,2.0,0.0,0.0,0.0,0.0,0.0,0.0,0.0,1.0,4.0,1.0,3996805154.0,-1.0,湛江市雷州市,湛江市雷州市杨家镇,12.0,15.3,0.0,1.5,28.8,40.00952380952381,46.0827868852459,56.92664596273291
广东省,湛江市,雷州市,唐家镇,109.844299,20.842247,0.0,6.0,1.0,0.0,2.0,0.0,0.0,0.0,0.0,0.0,0.0,0.0,0.0,0.0,0.0,0.0,0.0,0.0,0.0,0.0,0.0,0.0,0.0,0.0,0.0,7.0,0.0,0.0,0.0,0.0,0.0,0.0,0.0,1.0,3.0,0.0,0.0,5.0,0.0,0.0,1.0,0.0,0.0,0.0,0.0,0.0,0.0,0.0,0.0,0.0,0.0,0.0,0.0,0.0,0.0,0.0,0.0,0.0,0.0,0.0,0.0,3.0,0.0,0.0,0.0,0.0,0.0,0.0,0.0,1.0,2.0,0.0,8370590500.0,-1.0,湛江市雷州市,湛江市雷州市唐家镇,12.0,7.2,0.0,0.0,19.2,40.00952380952381,46.0827868852459,56.92664596273291
广东省,湛江市,雷州市,企水镇,109.759985,20.765575,0.0,4.0,0.0,5.0,52.0,8.0,0.0,0.0,0.0,0.0,0.0,0.0,0.0,0.0,0.0,0.0,0.0,0.0,0.0,0.0,0.0,0.0,0.0,0.0,0.0,7.0,32.0,0.0,0.0,3.0,0.0,7.0,0.0,2.0,7.0,4.0,0.0,4.0,0.0,2.0,41.0,8.0,0.0,0.0,0.0,0.0,0.0,0.0,0.0,0.0,0.0,0.0,0.0,0.0,0.0,0.0,0.0,0.0,0.0,0.0,0.0,3.0,32.0,0.0,0.0,0.0,0.0,5.0,0.0,2.0,7.0,4.0,3996805150.0,-1.0,湛江市雷州市,湛江市雷州市企水镇,12.0,23.5,0.0,8.7,44.2,40.00952380952381,46.0827868852459,56.92664596273291
广东省,湛江市,雷州市,纪家镇,109.7813084,20.9500001,0.0,1.0,4.0,5.0,53.0,0.0,0.0,0.0,0.0,0.0,0.0,0.0,0.0,0.0,0.0,0.0,0.0,0.0,0.0,0.0,4.0,0.0,0.0,0.0,0.0,12.0,0.0,0.0,0.0,1.0,0.0,0.0,0.0,1.0,5.0,3.0,0.0,1.0,3.0,1.0,32.0,0.0,0.0,0.0,0.0,0.0,0.0,0.0,0.0,0.0,0.0,0.0,0.0,0.0,0.0,0.0,2.0,0.0,0.0,0.0,0.0,3.0,0.0,0.0,0.0,0.0,0.0,0.0,0.0,1.0,5.0,2.0,3996805148.0,-1.0,湛江市雷州市,湛江市雷州市纪家镇,12.0,22.5,0.0,1.6,36.1,40.00952380952381,46.0827868852459,56.92664596273291
广东省,湛江市,雷州市,松竹镇,110.049705,20.843998,4.0,5.0,0.0,4.0,10.0,0.0,0.0,0.0,0.0,0.0,0.0,0.0,0.0,0.0,0.0,0.0,0.0,0.0,0.0,0.0,0.0,0.0,0.0,0.0,0.0,20.0,0.0,0.0,0.0,1.0,0.0,0.0,0.0,2.0,4.0,2.0,0.0,5.0,0.0,2.0,2.0,0.0,0.0,0.0,0.0,0.0,0.0,0.0,0.0,0.0,0.0,0.0,0.0,0.0,0.0,0.0,0.0,0.0,0.0,0.0,0.0,4.0,0.0,0.0,0.0,0.0,0.0,0.0,0.0,1.0,3.0,1.0,8370590501.0,-1.0,湛江市雷州市,湛江市雷州市松竹镇,12.0,13.6,0.0,1.1,26.700000000000003,40.00952380952381,46.0827868852459,56.92664596273291
广东省,湛江市,雷州市,南兴镇,110.080379,20.797095,4.0,1.0,0.0,2.0,71.0,0.0,0.0,0.0,0.0,0.0,0.0,0.0,1.0,1.0,2.0,2.0,0.0,0.0,0.0,0.0,1.0,0.0,0.0,0.0,0.0,21.0,0.0,0.0,0.0,0.0,0.0,0.0,0.0,2.0,5.0,1.0,4.0,1.0,0.0,1.0,23.0,0.0,0.0,0.0,0.0,0.0,0.0,0.0,1.0,1.0,2.0,2.0,0.0,0.0,0.0,0.0,1.0,0.0,0.0,0.0,0.0,2.0,0.0,0.0,0.0,0.0,0.0,0.0,0.0,2.0,5.0,1.0,8370590502.0,-1.0,湛江市雷州市,湛江市雷州市南兴镇,12.0,22.5,10.0,0.5,45.0,40.00952380952381,46.0827868852459,56.92664596273291
广东省,湛江市,雷州市,雷高镇,110.1809141,20.8113046,0.0,4.0,0.0,6.0,9.0,0.0,0.0,0.0,0.0,0.0,0.0,0.0,0.0,0.0,0.0,0.0,0.0,0.0,0.0,0.0,1.0,0.0,0.0,0.0,0.0,11.0,0.0,0.0,0.0,0.0,0.0,0.0,0.0,1.0,3.0,1.0,0.0,1.0,0.0,6.0,9.0,0.0,0.0,0.0,0.0,0.0,0.0,0.0,0.0,0.0,0.0,0.0,0.0,0.0,0.0,0.0,0.0,0.0,0.0,0.0,0.0,3.0,0.0,0.0,0.0,0.0,0.0,0.0,0.0,1.0,3.0,0.0,3996805149.0,-1.0,湛江市雷州市,湛江市雷州市雷高镇,12.0,16.0,0.0,0.5,28.5,40.00952380952381,46.0827868852459,56.92664596273291
广东省,湛江市,雷州市,东里镇,110.350445,20.789921,0.0,1.0,3.0,5.0,50.0,0.0,0.0,0.0,0.0,0.0,0.0,0.0,0.0,0.0,0.0,0.0,0.0,0.0,0.0,0.0,1.0,0.0,0.0,0.0,0.0,12.0,0.0,0.0,0.0,0.0,0.0,0.0,0.0,1.0,5.0,2.0,0.0,1.0,3.0,5.0,22.0,0.0,0.0,0.0,0.0,0.0,0.0,0.0,0.0,0.0,0.0,0.0,0.0,0.0,0.0,0.0,1.0,0.0,0.0,0.0,0.0,3.0,0.0,0.0,0.0,0.0,0.0,0.0,0.0,1.0,4.0,1.0,8370585105.0,-1.0,湛江市雷州市,湛江市雷州市东里镇,12.0,22.5,0.0,1.0,35.5,40.00952380952381,46.0827868852459,56.92664596273291
广东省,湛江市,雷州市,调风镇,110.2499968,20.6821357,0.0,1.0,1.0,6.0,55.0,0.0,0.0,0.0,0.0,0.0,0.0,0.0,0.0,0.0,0.0,0.0,0.0,0.0,0.0,0.0,1.0,0.0,0.0,0.0,0.0,5.0,0.0,0.0,0.0,0.0,0.0,0.0,0.0,1.0,5.0,1.0,0.0,1.0,1.0,5.0,42.0,0.0,0.0,0.0,0.0,0.0,0.0,0.0,0.0,0.0,0.0,0.0,0.0,0.0,0.0,0.0,1.0,0.0,0.0,0.0,0.0,1.0,0.0,0.0,0.0,0.0,0.0,0.0,0.0,1.0,5.0,1.0,2657238598.0,-1.0,湛江市雷州市,湛江市雷州市调风镇,12.0,22.5,0.0,0.5,35.0,40.00952380952381,46.0827868852459,56.92664596273291
广东省,湛江市,雷州市,龙门镇,110.0191366,20.6957767,12.0,0.0,13.0,1.0,48.0,0.0,0.0,0.0,0.0,0.0,0.0,0.0,0.0,0.0,0.0,0.0,0.0,0.0,0.0,0.0,2.0,0.0,0.0,0.0,0.0,6.0,1.0,0.0,0.0,0.0,0.0,0.0,0.0,6.0,10.0,3.0,8.0,0.0,3.0,1.0,35.0,0.0,0.0,0.0,0.0,0.0,0.0,0.0,0.0,0.0,0.0,0.0,0.0,0.0,0.0,0.0,1.0,0.0,0.0,0.0,0.0,1.0,0.0,0.0,0.0,0.0,0.0,0.0,0.0,3.0,5.0,2.0,4454592943.0,-1.0,湛江市雷州市,湛江市雷州市龙门镇,12.0,24.0,0.0,1.6,37.6,40.00952380952381,46.0827868852459,56.92664596273291
广东省,湛江市,雷州市,英利镇,110.082407,20.572638,2.0,0.0,5.0,1.0,138.0,0.0,0.0,0.0,0.0,0.0,0.0,0.0,0.0,0.0,0.0,0.0,0.0,0.0,0.0,0.0,0.0,0.0,0.0,0.0,0.0,4.0,0.0,0.0,0.0,0.0,0.0,0.0,0.0,4.0,5.0,1.0,2.0,0.0,2.0,0.0,79.0,0.0,0.0,0.0,0.0,0.0,0.0,0.0,0.0,0.0,0.0,0.0,0.0,0.0,0.0,0.0,0.0,0.0,0.0,0.0,0.0,1.0,0.0,0.0,0.0,0.0,0.0,0.0,0.0,2.0,4.0,1.0,4457975814.0,-1.0,湛江市雷州市,湛江市雷州市英利镇,11.0,22.5,0.0,0.5,34.0,40.00952380952381,46.0827868852459,56.92664596273291
广东省,湛江市,雷州市,北和镇,109.862661,20.655522,0.0,5.0,0.0,12.0,20.0,19.0,0.0,0.0,0.0,0.0,0.0,0.0,0.0,0.0,0.0,0.0,0.0,0.0,0.0,0.0,0.0,0.0,0.0,0.0,0.0,7.0,0.0,0.0,0.0,0.0,0.0,0.0,0.0,1.0,5.0,1.0,0.0,3.0,0.0,9.0,8.0,18.0,0.0,0.0,0.0,0.0,0.0,0.0,0.0,0.0,0.0,0.0,0.0,0.0,0.0,0.0,0.0,0.0,0.0,0.0,0.0,2.0,0.0,0.0,0.0,0.0,0.0,0.0,0.0,1.0,5.0,0.0,8370590503.0,-1.0,湛江市雷州市,湛江市雷州市北和镇,12.0,18.9,0.0,0.5,31.4,40.00952380952381,46.0827868852459,56.92664596273291
广东省,湛江市,雷州市,乌石镇,109.840758,20.55853,0.0,4.0,6.0,12.0,18.0,3.0,0.0,0.0,0.0,0.0,0.0,0.0,0.0,0.0,0.0,0.0,0.0,0.0,0.0,0.0,5.0,0.0,0.0,0.0,0.0,10.0,0.0,0.0,0.0,1.0,0.0,0.0,0.0,2.0,6.0,6.0,0.0,0.0,6.0,9.0,7.0,0.0,0.0,0.0,0.0,0.0,0.0,0.0,0.0,0.0,0.0,0.0,0.0,0.0,0.0,0.0,1.0,0.0,0.0,0.0,0.0,4.0,0.0,0.0,0.0,0.0,0.0,0.0,0.0,2.0,3.0,5.0,8370590504.0,-1.0,湛江市雷州市,湛江市雷州市乌石镇,12.0,18.7,0.0,3.1,33.8,40.00952380952381,46.0827868852459,56.92664596273291
广东省,湛江市,雷州市,覃斗镇,109.905561,20.533972,0.0,6.0,4.0,8.0,36.0,0.0,0.0,0.0,0.0,0.0,0.0,0.0,0.0,0.0,3.0,3.0,0.0,0.0,0.0,0.0,0.0,0.0,0.0,0.0,0.0,8.0,2.0,0.0,0.0,0.0,0.0,0.0,0.0,1.0,10.0,2.0,0.0,3.0,3.0,1.0,8.0,0.0,0.0,0.0,0.0,0.0,0.0,0.0,0.0,0.0,2.0,2.0,0.0,0.0,0.0,0.0,0.0,0.0,0.0,0.0,0.0,2.0,0.0,0.0,0.0,0.0,0.0,0.0,0.0,1.0,6.0,2.0,8370590505.0,-1.0,湛江市雷州市,湛江市雷州市覃斗镇,12.0,23.6,5.0,1.2,41.800000000000004,40.00952380952381,46.0827868852459,56.92664596273291
广东省,湛江市,雷州市,附城镇,110.0933655,20.9435926,0.0,20.0,6.0,15.0,26.0,8.0,0.0,0.0,0.0,0.0,0.0,0.0,1.0,1.0,3.0,3.0,0.0,0.0,0.0,0.0,3.0,1.0,0.0,0.0,1.0,24.0,1.0,0.0,0.0,0.0,0.0,0.0,0.0,4.0,7.0,6.0,0.0,9.0,1.0,4.0,2.0,2.0,0.0,0.0,0.0,0.0,0.0,0.0,1.0,1.0,1.0,1.0,0.0,0.0,0.0,0.0,3.0,1.0,0.0,0.0,0.0,3.0,0.0,0.0,0.0,0.0,0.0,0.0,0.0,1.0,5.0,3.0,3996805147.0,-1.0,湛江市雷州市,湛江市雷州市附城镇,12.0,19.3,10.0,3.1,44.4,40.00952380952381,46.0827868852459,56.92664596273291
广东省,湛江市,吴川市,梅菉街道,110.7701681,21.4485952,0.0,41.0,27.0,35.0,125.0,1.0,0.0,3.0,0.0,1.0,0.0,1.0,0.0,0.0,2.0,2.0,0.0,0.0,0.0,0.0,2.0,0.0,0.0,0.0,0.0,12.0,0.0,0.0,0.0,2.0,0.0,7.0,1.0,4.0,11.0,5.0,0.0,24.0,6.0,5.0,22.0,1.0,0.0,0.0,0.0,1.0,0.0,1.0,0.0,0.0,0.0,0.0,0.0,0.0,0.0,0.0,2.0,0.0,0.0,0.0,0.0,2.0,0.0,0.0,0.0,0.0,0.0,6.0,1.0,3.0,7.0,5.0,8372671499.0,12246132.0,湛江市吴川市,湛江市吴川市梅菉街道,20.0,26.0,5.0,2.7,53.7,39.36666666666667,46.0827868852459,56.92664596273291
广东省,湛江市,吴川市,塘尾街道,110.7332966,21.3950473,6.0,1.0,0.0,40.0,51.0,0.0,0.0,2.0,0.0,0.0,0.0,0.0,0.0,0.0,1.0,1.0,0.0,0.0,0.0,1.0,5.0,0.0,0.0,0.0,0.0,11.0,3.0,0.0,0.0,35.0,1.0,3.0,0.0,3.0,6.0,6.0,4.0,1.0,0.0,17.0,26.0,0.0,0.0,0.0,0.0,0.0,0.0,0.0,0.0,0.0,0.0,0.0,0.0,0.0,0.0,1.0,0.0,0.0,0.0,0.0,0.0,2.0,0.0,0.0,0.0,9.0,1.0,0.0,0.0,2.0,5.0,1.0,8372671506.0,-1.0,湛江市吴川市,湛江市吴川市塘尾街道,12.0,23.0,1.0,7.7,43.7,39.36666666666667,46.0827868852459,56.92664596273291
广东省,湛江市,吴川市,大山江街道,110.7932957,21.4289362,9.0,13.0,40.0,50.0,104.0,0.0,0.0,3.0,0.0,0.0,0.0,1.0,0.0,0.0,2.0,2.0,0.0,0.0,0.0,0.0,4.0,0.0,1.0,0.0,0.0,9.0,0.0,0.0,0.0,2.0,0.0,3.0,1.0,7.0,12.0,7.0,7.0,0.0,14.0,14.0,9.0,0.0,0.0,0.0,0.0,0.0,0.0,0.0,0.0,0.0,1.0,1.0,0.0,0.0,0.0,0.0,0.0,0.0,0.0,0.0,0.0,1.0,0.0,0.0,0.0,0.0,0.0,0.0,0.0,3.0,5.0,2.0,8372671503.0,-1.0,湛江市吴川市,湛江市吴川市大山江街道,12.0,24.0,10.0,3.7,49.7,39.36666666666667,46.0827868852459,56.92664596273291
广东省,湛江市,吴川市,博铺街道,110.795368,21.452668,6.0,36.0,22.0,40.0,74.0,0.0,0.0,3.0,0.0,0.0,0.0,1.0,0.0,0.0,1.0,1.0,0.0,0.0,0.0,0.0,2.0,0.0,0.0,0.0,0.0,13.0,0.0,0.0,0.0,1.0,0.0,3.0,1.0,5.0,10.0,5.0,0.0,2.0,2.0,7.0,29.0,0.0,0.0,3.0,0.0,0.0,0.0,0.0,0.0,0.0,0.0,0.0,0.0,0.0,0.0,0.0,0.0,0.0,0.0,0.0,0.0,7.0,0.0,0.0,0.0,0.0,0.0,1.0,0.0,2.0,7.0,3.0,8372671502.0,-1.0,湛江市吴川市,湛江市吴川市博铺街道,12.0,24.0,5.0,2.6,43.6,39.36666666666667,46.0827868852459,56.92664596273291
广东省,湛江市,吴川市,海滨街道,110.7825281,21.4052667,10.0,9.0,23.0,36.0,48.0,0.0,0.0,0.0,0.0,0.0,0.0,0.0,0.0,0.0,1.0,1.0,0.0,0.0,0.0,0.0,6.0,0.0,0.0,0.0,0.0,4.0,0.0,0.0,0.0,0.0,0.0,0.0,0.0,4.0,9.0,5.0,0.0,2.0,4.0,1.0,0.0,0.0,0.0,0.0,0.0,0.0,0.0,0.0,0.0,0.0,0.0,0.0,0.0,0.0,0.0,0.0,3.0,0.0,0.0,0.0,0.0,1.0,0.0,0.0,0.0,0.0,0.0,0.0,0.0,1.0,3.0,2.0,8372671504.0,-1.0,湛江市吴川市,湛江市吴川市海滨街道,11.0,23.6,0.0,2.5,37.1,39.36666666666667,46.0827868852459,56.92664596273291
广东省,湛江市,吴川市,浅水镇,110.754585,21.590784,0.0,0.0,5.0,6.0,14.0,0.0,0.0,0.0,0.0,0.0,0.0,0.0,0.0,0.0,1.0,1.0,0.0,0.0,0.0,0.0,0.0,0.0,0.0,0.0,0.0,6.0,0.0,0.0,0.0,0.0,0.0,0.0,0.0,6.0,8.0,3.0,0.0,0.0,4.0,2.0,13.0,0.0,0.0,0.0,0.0,0.0,0.0,0.0,0.0,0.0,1.0,1.0,0.0,0.0,0.0,0.0,0.0,0.0,0.0,0.0,0.0,1.0,0.0,0.0,0.0,0.0,0.0,0.0,0.0,1.0,3.0,1.0,3345212572.0,-1.0,湛江市吴川市,湛江市吴川市浅水镇,12.0,20.7,5.0,1.5,39.2,39.36666666666667,46.0827868852459,56.92664596273291
广东省,湛江市,吴川市,长岐镇,110.7230291,21.531881,0.0,4.0,8.0,20.0,139.0,31.0,0.0,8.0,0.0,0.0,1.0,0.0,0.0,0.0,4.0,5.0,0.0,0.0,0.0,0.0,4.0,0.0,1.0,0.0,0.0,21.0,6.0,0.0,0.0,0.0,0.0,2.0,0.0,7.0,9.0,5.0,0.0,0.0,2.0,2.0,41.0,2.0,0.0,5.0,0.0,0.0,0.0,0.0,0.0,0.0,0.0,0.0,0.0,0.0,0.0,0.0,4.0,0.0,0.0,0.0,0.0,3.0,2.0,0.0,0.0,0.0,0.0,0.0,0.0,7.0,7.0,3.0,2065885081.0,12235425.0,湛江市吴川市,湛江市吴川市长岐镇,20.0,26.0,0.0,3.3,49.3,39.36666666666667,46.0827868852459,56.92664596273291
广东省,湛江市,吴川市,覃巴镇,110.8567434,21.4392974,5.0,0.0,9.0,4.0,22.0,0.0,0.0,0.0,0.0,0.0,0.0,0.0,0.0,0.0,0.0,0.0,0.0,0.0,0.0,0.0,0.0,0.0,0.0,0.0,0.0,4.0,0.0,0.0,0.0,0.0,0.0,0.0,0.0,6.0,5.0,0.0,5.0,0.0,7.0,1.0,22.0,0.0,0.0,0.0,0.0,0.0,0.0,0.0,0.0,0.0,0.0,0.0,0.0,0.0,0.0,0.0,0.0,0.0,0.0,0.0,0.0,1.0,0.0,0.0,0.0,0.0,0.0,0.0,0.0,2.0,5.0,0.0,8372671501.0,-1.0,湛江市吴川市,湛江市吴川市覃巴镇,11.0,22.5,0.0,0.0,33.5,39.36666666666667,46.0827868852459,56.92664596273291
广东省,湛江市,吴川市,王村港镇,110.9437621,21.4366697,0.0,4.0,2.0,9.0,39.0,0.0,0.0,0.0,0.0,0.0,0.0,0.0,0.0,0.0,0.0,0.0,0.0,0.0,0.0,0.0,0.0,0.0,0.0,0.0,0.0,8.0,0.0,0.0,0.0,0.0,0.0,0.0,0.0,5.0,5.0,3.0,0.0,2.0,1.0,2.0,22.0,0.0,0.0,0.0,0.0,0.0,0.0,0.0,0.0,0.0,0.0,0.0,0.0,0.0,0.0,0.0,0.0,0.0,0.0,0.0,0.0,2.0,0.0,0.0,0.0,0.0,0.0,0.0,0.0,5.0,5.0,0.0,2065856290.0,-1.0,湛江市吴川市,湛江市吴川市王村港镇,12.0,22.5,0.0,1.5,36.0,39.36666666666667,46.0827868852459,56.92664596273291
广东省,湛江市,吴川市,振文镇,110.705344,21.428194,0.0,3.0,0.0,12.0,5.0,0.0,0.0,0.0,0.0,0.0,0.0,0.0,0.0,0.0,0.0,0.0,0.0,0.0,0.0,0.0,0.0,0.0,0.0,0.0,0.0,17.0,0.0,0.0,0.0,2.0,0.0,0.0,0.0,3.0,4.0,2.0,0.0,1.0,0.0,1.0,0.0,0.0,0.0,0.0,0.0,0.0,0.0,0.0,0.0,0.0,0.0,0.0,0.0,0.0,0.0,0.0,0.0,0.0,0.0,0.0,0.0,3.0,0.0,0.0,0.0,0.0,0.0,0.0,0.0,1.0,2.0,0.0,8372671505.0,-1.0,湛江市吴川市,湛江市吴川市振文镇,12.0,13.0,0.0,1.2,26.2,39.36666666666667,46.0827868852459,56.92664596273291
广东省,湛江市,吴川市,樟铺镇,110.6990147,21.4563239,0.0,5.0,5.0,7.0,12.0,2.0,0.0,0.0,0.0,0.0,0.0,0.0,0.0,0.0,1.0,1.0,0.0,0.0,0.0,0.0,0.0,0.0,0.0,0.0,0.0,11.0,0.0,0.0,0.0,0.0,0.0,0.0,0.0,3.0,12.0,1.0,0.0,0.0,3.0,4.0,0.0,0.0,0.0,0.0,0.0,0.0,0.0,0.0,0.0,0.0,1.0,1.0,0.0,0.0,0.0,0.0,0.0,0.0,0.0,0.0,0.0,1.0,0.0,0.0,0.0,0.0,0.0,0.0,0.0,1.0,2.0,1.0,5078212292.0,-1.0,湛江市吴川市,湛江市吴川市樟铺镇,12.0,16.4,5.0,0.5,33.9,39.36666666666667,46.0827868852459,56.92664596273291
广东省,湛江市,吴川市,吴阳镇,110.685677,21.35034,3.0,0.0,3.0,10.0,10.0,0.0,0.0,0.0,0.0,0.0,0.0,0.0,0.0,0.0,1.0,1.0,0.0,0.0,0.0,0.0,1.0,0.0,0.0,0.0,0.0,17.0,1.0,0.0,0.0,1.0,0.0,0.0,1.0,2.0,4.0,3.0,0.0,0.0,1.0,2.0,7.0,0.0,0.0,0.0,0.0,0.0,0.0,0.0,0.0,0.0,1.0,1.0,0.0,0.0,0.0,0.0,1.0,0.0,0.0,0.0,0.0,2.0,0.0,0.0,0.0,0.0,0.0,0.0,0.0,1.0,3.0,1.0,8372671507.0,-1.0,湛江市吴川市,湛江市吴川市吴阳镇,12.0,16.1,5.0,1.7,34.800000000000004,39.36666666666667,46.0827868852459,56.92664596273291
广东省,湛江市,吴川市,塘㙍镇,110.779361,21.440763,9.0,43.0,37.0,52.0,135.0,1.0,0.0,3.0,0.0,1.0,0.0,1.0,0.0,0.0,2.0,2.0,0.0,0.0,0.0,0.0,4.0,0.0,0.0,0.0,0.0,13.0,0.0,0.0,0.0,2.0,0.0,7.0,1.0,6.0,13.0,5.0,0.0,4.0,9.0,14.0,27.0,0.0,0.0,0.0,0.0,0.0,0.0,1.0,0.0,0.0,1.0,1.0,0.0,0.0,0.0,0.0,2.0,0.0,0.0,0.0,0.0,1.0,0.0,0.0,0.0,0.0,0.0,2.0,1.0,1.0,6.0,5.0,-1.0,-1.0,湛江市吴川市,湛江市吴川市塘㙍镇,5.0,26.0,10.0,2.7,43.7,39.36666666666667,46.0827868852459,56.92664596273291
广东省,湛江市,吴川市,黄坡镇,110.5960222,21.3403619,19.0,10.0,1.0,15.0,23.0,0.0,0.0,0.0,0.0,0.0,0.0,0.0,0.0,0.0,0.0,0.0,0.0,0.0,0.0,0.0,0.0,0.0,0.0,0.0,0.0,13.0,0.0,0.0,0.0,0.0,0.0,0.0,0.0,3.0,7.0,4.0,6.0,4.0,0.0,1.0,4.0,0.0,0.0,0.0,0.0,0.0,0.0,0.0,0.0,0.0,0.0,0.0,0.0,0.0,0.0,0.0,0.0,0.0,0.0,0.0,0.0,2.0,0.0,0.0,0.0,0.0,0.0,0.0,0.0,2.0,5.0,0.0,8372671508.0,-1.0,湛江市吴川市,湛江市吴川市黄坡镇,12.0,19.3,0.0,2.0,33.3,39.36666666666667,46.0827868852459,56.92664596273291
广东省,湛江市,吴川市,兰石镇,110.82833,21.524087,0.0,10.0,1.0,2.0,25.0,1.0,0.0,0.0,0.0,0.0,0.0,0.0,0.0,0.0,0.0,0.0,0.0,0.0,0.0,0.0,0.0,0.0,0.0,0.0,0.0,20.0,0.0,0.0,0.0,2.0,0.0,0.0,0.0,5.0,6.0,2.0,0.0,3.0,0.0,0.0,15.0,1.0,0.0,0.0,0.0,0.0,0.0,0.0,0.0,0.0,0.0,0.0,0.0,0.0,0.0,0.0,0.0,0.0,0.0,0.0,0.0,5.0,0.0,0.0,0.0,1.0,0.0,0.0,0.0,1.0,4.0,1.0,3345212568.0,-1.0,湛江市吴川市,湛江市吴川市兰石镇,12.0,19.5,0.0,1.3,32.8,39.36666666666667,46.0827868852459,56.92664596273291
广东省,茂名市,茂南区,红旗街道,110.8974686,21.6672535,30.0,86.0,113.0,86.0,403.0,116.0,10.0,269.0,51.0,8.0,2.0,3.0,4.0,5.0,32.0,46.0,1.0,0.0,3.0,29.0,113.0,12.0,2.0,1.0,2.0,35.0,162.0,0.0,2.0,198.0,3.0,34.0,19.0,15.0,20.0,15.0,4.0,18.0,8.0,23.0,60.0,7.0,3.0,62.0,13.0,1.0,0.0,0.0,2.0,2.0,7.0,8.0,0.0,0.0,0.0,3.0,8.0,0.0,1.0,0.0,1.0,8.0,14.0,0.0,2.0,3.0,2.0,8.0,1.0,6.0,16.0,8.0,8365073874.0,-1.0,茂名市茂南区,茂名市茂南区红旗街道,12.0,30.0,18.0,20.0,80.0,65.17647058823529,48.854464285714286,56.92664596273291
广东省,茂名市,茂南区,河西街道,110.900253,21.681956,27.0,60.0,108.0,72.0,296.0,94.0,10.0,253.0,47.0,8.0,2.0,2.0,3.0,4.0,25.0,38.0,1.0,0.0,3.0,20.0,83.0,4.0,2.0,1.0,2.0,29.0,163.0,0.0,2.0,217.0,3.0,30.0,14.0,13.0,20.0,14.0,5.0,0.0,9.0,16.0,33.0,7.0,0.0,3.0,0.0,0.0,0.0,0.0,1.0,1.0,6.0,7.0,0.0,0.0,0.0,0.0,9.0,0.0,1.0,0.0,0.0,1.0,6.0,0.0,0.0,3.0,0.0,4.0,0.0,4.0,7.0,5.0,8365076860.0,-1.0,茂名市茂南区,茂名市茂南区河西街道,12.0,30.0,15.0,20.0,77.0,65.17647058823529,48.854464285714286,56.92664596273291
广东省,茂名市,茂南区,河东街道,110.9261508,21.6645593,22.0,171.0,215.0,116.0,540.0,207.0,14.0,549.0,147.0,20.0,4.0,8.0,7.0,9.0,39.0,58.0,2.0,0.0,9.0,79.0,265.0,23.0,0.0,5.0,4.0,64.0,150.0,2.0,5.0,4.0,9.0,66.0,31.0,17.0,23.0,16.0,0.0,18.0,45.0,14.0,123.0,47.0,0.0,92.0,36.0,1.0,2.0,1.0,1.0,1.0,6.0,10.0,0.0,0.0,4.0,9.0,57.0,5.0,0.0,0.0,1.0,11.0,44.0,0.0,0.0,0.0,1.0,8.0,3.0,5.0,15.0,9.0,8365076859.0,12238030.0,茂名市茂南区,茂名市茂南区河东街道,20.0,30.0,23.0,20.0,93.0,65.17647058823529,48.854464285714286,56.92664596273291
广东省,茂名市,茂南区,露天矿街道,110.8935927,21.6920451,22.0,13.0,48.0,66.0,177.0,77.0,3.0,92.0,19.0,6.0,1.0,0.0,1.0,2.0,12.0,17.0,0.0,0.0,0.0,3.0,24.0,0.0,2.0,0.0,1.0,14.0,109.0,0.0,2.0,222.0,3.0,16.0,4.0,8.0,17.0,11.0,0.0,0.0,10.0,7.0,46.0,4.0,0.0,0.0,0.0,1.0,0.0,0.0,0.0,0.0,0.0,0.0,0.0,0.0,0.0,0.0,1.0,0.0,1.0,0.0,0.0,1.0,36.0,0.0,0.0,23.0,0.0,1.0,0.0,1.0,6.0,5.0,8365077027.0,12238032.0,茂名市茂南区,茂名市茂南区露天矿街道,20.0,30.0,0.0,20.0,70.0,65.17647058823529,48.854464285714286,56.92664596273291
广东省,茂名市,茂南区,新华街道,110.8481266,21.6807815,31.0,44.0,10.0,23.0,119.0,46.0,0.0,10.0,32.0,0.0,0.0,0.0,1.0,1.0,5.0,6.0,0.0,0.0,0.0,1.0,3.0,0.0,2.0,0.0,0.0,18.0,41.0,0.0,0.0,64.0,1.0,0.0,1.0,7.0,16.0,6.0,12.0,6.0,4.0,5.0,24.0,2.0,0.0,0.0,16.0,0.0,0.0,0.0,0.0,0.0,1.0,1.0,0.0,0.0,0.0,0.0,1.0,0.0,0.0,0.0,0.0,2.0,3.0,0.0,0.0,0.0,0.0,0.0,0.0,5.0,8.0,4.0,4237511662.0,-1.0,茂名市茂南区,茂名市茂南区新华街道,12.0,26.0,5.0,13.8,56.8,65.17647058823529,48.854464285714286,56.92664596273291
广东省,茂名市,茂南区,官渡街道,110.9047256,21.6712559,26.0,102.0,157.0,92.0,449.0,130.0,11.0,283.0,77.0,8.0,4.0,3.0,4.0,5.0,35.0,50.0,1.0,0.0,5.0,34.0,155.0,13.0,2.0,4.0,3.0,42.0,167.0,0.0,2.0,148.0,3.0,38.0,21.0,17.0,21.0,14.0,7.0,13.0,19.0,25.0,66.0,9.0,10.0,118.0,19.0,3.0,1.0,1.0,2.0,3.0,10.0,15.0,1.0,0.0,0.0,5.0,26.0,2.0,0.0,0.0,1.0,7.0,24.0,0.0,2.0,2.0,3.0,14.0,6.0,4.0,17.0,9.0,8365076861.0,12238031.0,茂名市茂南区,茂名市茂南区官渡街道,20.0,30.0,25.0,20.0,95.0,65.17647058823529,48.854464285714286,56.92664596273291
广东省,茂名市,茂南区,站前街道,110.9413302,21.6450864,0.0,141.0,129.0,96.0,428.0,149.0,4.0,268.0,115.0,16.0,2.0,4.0,5.0,6.0,18.0,25.0,1.0,0.0,6.0,65.0,182.0,20.0,0.0,4.0,3.0,43.0,85.0,2.0,3.0,1.0,11.0,27.0,18.0,12.0,21.0,15.0,0.0,47.0,8.0,30.0,43.0,22.0,2.0,26.0,15.0,5.0,1.0,1.0,0.0,0.0,4.0,4.0,0.0,0.0,1.0,2.0,24.0,0.0,0.0,0.0,0.0,6.0,9.0,2.0,0.0,0.0,0.0,8.0,2.0,6.0,14.0,6.0,8365049492.0,12238029.0,茂名市茂南区,茂名市茂南区站前街道,20.0,30.0,14.0,13.5,77.5,65.17647058823529,48.854464285714286,56.92664596273291
广东省,茂名市,茂南区,城南街道,110.9139669,21.6413832,0.0,141.0,148.0,72.0,496.0,136.0,3.0,267.0,91.0,12.0,2.0,5.0,7.0,8.0,24.0,36.0,0.0,0.0,6.0,43.0,187.0,22.0,0.0,3.0,3.0,43.0,121.0,2.0,3.0,1.0,9.0,35.0,24.0,12.0,18.0,16.0,0.0,40.0,22.0,4.0,97.0,11.0,0.0,7.0,4.0,0.0,0.0,1.0,0.0,1.0,2.0,2.0,0.0,0.0,0.0,2.0,29.0,0.0,0.0,0.0,0.0,5.0,4.0,0.0,0.0,0.0,6.0,0.0,4.0,7.0,11.0,5.0,8365073873.0,15877051.0,茂名市茂南区,茂名市茂南区城南街道,20.0,30.0,12.0,16.6,78.6,65.17647058823529,48.854464285714286,56.92664596273291
广东省,茂名市,茂南区,金塘镇,110.8365022,21.7492968,0.0,14.0,17.0,40.0,103.0,121.0,0.0,27.0,3.0,2.0,0.0,1.0,0.0,0.0,3.0,3.0,0.0,0.0,0.0,0.0,3.0,0.0,1.0,0.0,0.0,18.0,2.0,0.0,0.0,3.0,0.0,2.0,2.0,1.0,13.0,9.0,0.0,6.0,12.0,11.0,37.0,11.0,0.0,18.0,0.0,0.0,0.0,1.0,0.0,0.0,2.0,2.0,0.0,0.0,0.0,0.0,0.0,0.0,0.0,0.0,0.0,2.0,0.0,0.0,0.0,1.0,0.0,1.0,1.0,1.0,9.0,3.0,4237503695.0,-1.0,茂名市茂南区,茂名市茂南区金塘镇,12.0,28.0,10.0,4.6,54.6,65.17647058823529,48.854464285714286,56.92664596273291
广东省,茂名市,茂南区,公馆镇,110.837146,21.683471,24.0,34.0,15.0,20.0,138.0,68.0,0.0,14.0,28.0,0.0,0.0,0.0,1.0,1.0,6.0,8.0,0.0,0.0,0.0,3.0,3.0,0.0,0.0,0.0,0.0,13.0,50.0,0.0,0.0,2.0,0.0,9.0,2.0,6.0,17.0,6.0,0.0,16.0,2.0,4.0,29.0,2.0,0.0,0.0,12.0,0.0,0.0,0.0,1.0,1.0,3.0,4.0,0.0,0.0,0.0,0.0,0.0,0.0,0.0,0.0,0.0,3.0,29.0,0.0,0.0,0.0,0.0,0.0,0.0,4.0,8.0,3.0,4237511660.0,-1.0,茂名市茂南区,茂名市茂南区公馆镇,12.0,26.0,10.0,11.1,59.1,65.17647058823529,48.854464285714286,56.92664596273291
广东省,茂名市,茂南区,新坡镇,110.8901166,21.6634509,23.0,67.0,88.0,79.0,333.0,71.0,10.0,252.0,47.0,5.0,2.0,2.0,4.0,5.0,26.0,37.0,1.0,0.0,2.0,18.0,72.0,5.0,2.0,0.0,2.0,26.0,113.0,0.0,2.0,215.0,3.0,30.0,16.0,13.0,19.0,13.0,2.0,15.0,4.0,10.0,47.0,7.0,0.0,18.0,9.0,0.0,1.0,0.0,0.0,0.0,3.0,3.0,0.0,0.0,0.0,0.0,1.0,0.0,1.0,0.0,0.0,2.0,4.0,0.0,0.0,10.0,0.0,2.0,0.0,5.0,9.0,5.0,4907402132.0,-1.0,茂名市茂南区,茂名市茂南区新坡镇,12.0,30.0,10.0,20.0,72.0,65.17647058823529,48.854464285714286,56.92664596273291
广东省,茂名市,茂南区,镇盛镇,110.847861,21.609795,0.0,13.0,5.0,14.0,36.0,0.0,0.0,0.0,0.0,0.0,0.0,0.0,0.0,0.0,0.0,0.0,0.0,0.0,0.0,0.0,0.0,0.0,0.0,0.0,0.0,16.0,0.0,0.0,0.0,0.0,0.0,0.0,0.0,2.0,6.0,2.0,0.0,5.0,2.0,6.0,21.0,0.0,0.0,0.0,0.0,0.0,0.0,0.0,0.0,0.0,0.0,0.0,0.0,0.0,0.0,0.0,0.0,0.0,0.0,0.0,0.0,4.0,0.0,0.0,0.0,0.0,0.0,0.0,0.0,1.0,4.0,2.0,3345212576.0,-1.0,茂名市茂南区,茂名市茂南区镇盛镇,12.0,23.0,0.0,1.0,36.0,65.17647058823529,48.854464285714286,56.92664596273291
广东省,茂名市,茂南区,鳌头镇,110.8610408,21.5558469,0.0,31.0,8.0,9.0,27.0,2.0,0.0,0.0,0.0,0.0,0.0,0.0,0.0,0.0,0.0,0.0,0.0,0.0,0.0,0.0,0.0,0.0,0.0,0.0,0.0,31.0,0.0,0.0,0.0,1.0,0.0,0.0,1.0,4.0,10.0,3.0,0.0,5.0,0.0,2.0,13.0,0.0,0.0,0.0,0.0,0.0,0.0,0.0,0.0,0.0,0.0,0.0,0.0,0.0,0.0,0.0,0.0,0.0,0.0,0.0,0.0,7.0,0.0,0.0,0.0,0.0,0.0,0.0,1.0,1.0,5.0,3.0,2635501368.0,-1.0,茂名市茂南区,茂名市茂南区鳌头镇,12.0,23.3,0.0,1.6,36.9,65.17647058823529,48.854464285714286,56.92664596273291
广东省,茂名市,茂南区,袂花镇,110.9328584,21.5846543,0.0,39.0,2.0,14.0,88.0,9.0,0.0,0.0,0.0,0.0,0.0,0.0,0.0,0.0,0.0,0.0,0.0,0.0,0.0,0.0,0.0,0.0,3.0,0.0,0.0,23.0,0.0,0.0,0.0,0.0,0.0,0.0,0.0,4.0,9.0,3.0,0.0,18.0,0.0,1.0,19.0,0.0,0.0,0.0,0.0,0.0,0.0,0.0,0.0,0.0,0.0,0.0,0.0,0.0,0.0,0.0,0.0,0.0,0.0,0.0,0.0,3.0,0.0,0.0,0.0,0.0,0.0,0.0,0.0,3.0,6.0,2.0,8365077028.0,-1.0,茂名市茂南区,茂名市茂南区袂花镇,12.0,24.0,0.0,1.5,37.5,65.17647058823529,48.854464285714286,56.92664596273291
广东省,茂名市,茂南区,高山镇,110.9017467,21.6501688,4.0,124.0,142.0,81.0,483.0,117.0,11.0,307.0,79.0,10.0,3.0,4.0,6.0,8.0,32.0,44.0,1.0,0.0,5.0,42.0,150.0,21.0,1.0,3.0,3.0,43.0,109.0,0.0,5.0,26.0,11.0,39.0,29.0,14.0,21.0,17.0,0.0,29.0,13.0,14.0,78.0,8.0,0.0,3.0,0.0,0.0,0.0,0.0,0.0,0.0,6.0,7.0,0.0,0.0,0.0,0.0,16.0,0.0,0.0,0.0,0.0,4.0,4.0,0.0,0.0,0.0,0.0,5.0,0.0,5.0,8.0,5.0,8365049491.0,12238028.0,茂名市茂南区,茂名市茂南区高山镇,20.0,30.0,10.0,17.9,77.9,65.17647058823529,48.854464285714286,56.92664596273291
广东省,茂名市,茂南区,山阁镇,110.9308809,21.7247661,0.0,22.0,10.0,9.0,78.0,7.0,0.0,0.0,33.0,0.0,1.0,0.0,1.0,1.0,1.0,1.0,0.0,0.0,0.0,0.0,1.0,0.0,0.0,0.0,0.0,19.0,2.0,0.0,0.0,1.0,0.0,2.0,0.0,3.0,11.0,5.0,0.0,0.0,1.0,1.0,11.0,0.0,0.0,0.0,4.0,0.0,0.0,0.0,1.0,1.0,1.0,1.0,0.0,0.0,0.0,0.0,1.0,0.0,0.0,0.0,0.0,2.0,1.0,0.0,0.0,0.0,0.0,1.0,0.0,1.0,5.0,2.0,5097274123.0,-1.0,茂名市茂南区,茂名市茂南区山阁镇,12.0,28.0,10.0,2.9,52.9,65.17647058823529,48.854464285714286,56.92664596273291
广东省,茂名市,茂南区,羊角镇,110.9806068,21.6720383,10.0,37.0,11.0,20.0,129.0,1.0,0.0,11.0,1.0,0.0,0.0,1.0,0.0,0.0,1.0,1.0,0.0,0.0,0.0,0.0,5.0,0.0,0.0,0.0,0.0,21.0,0.0,0.0,0.0,2.0,0.0,1.0,0.0,7.0,12.0,4.0,6.0,16.0,6.0,7.0,17.0,0.0,0.0,7.0,0.0,0.0,0.0,1.0,0.0,0.0,0.0,0.0,0.0,0.0,0.0,0.0,5.0,0.0,0.0,0.0,0.0,7.0,0.0,0.0,0.0,0.0,0.0,1.0,0.0,2.0,10.0,3.0,3345212574.0,12238027.0,茂名市茂南区,茂名市茂南区羊角镇,20.0,26.0,5.0,2.2,53.2,65.17647058823529,48.854464285714286,56.92664596273291
广东省,茂名市,电白区,南海街道,111.0448909,21.4667082,0.0,11.0,14.0,16.0,37.0,24.0,0.0,3.0,0.0,3.0,0.0,0.0,0.0,0.0,0.0,0.0,0.0,0.0,0.0,0.0,1.0,2.0,2.0,0.0,0.0,9.0,8.0,0.0,0.0,20.0,0.0,2.0,1.0,3.0,9.0,9.0,0.0,6.0,9.0,2.0,15.0,21.0,0.0,0.0,0.0,3.0,0.0,0.0,0.0,0.0,0.0,0.0,0.0,0.0,0.0,0.0,1.0,2.0,0.0,0.0,0.0,3.0,2.0,0.0,0.0,0.0,0.0,1.0,1.0,3.0,8.0,4.0,8366297652.0,-1.0,茂名市电白区,茂名市电白区南海街道,12.0,26.0,0.0,7.0,45.0,46.35833333333333,48.854464285714286,56.92664596273291
广东省,茂名市,电白区,高地街道,110.9925757,21.49091,9.0,53.0,17.0,32.0,124.0,46.0,0.0,119.0,2.0,3.0,0.0,0.0,1.0,1.0,8.0,10.0,0.0,0.0,0.0,1.0,17.0,0.0,0.0,0.0,0.0,21.0,48.0,0.0,3.0,0.0,1.0,28.0,4.0,4.0,16.0,10.0,0.0,2.0,0.0,2.0,4.0,0.0,0.0,0.0,0.0,0.0,0.0,0.0,0.0,0.0,0.0,0.0,0.0,0.0,0.0,0.0,0.0,0.0,0.0,0.0,0.0,3.0,0.0,0.0,0.0,0.0,0.0,0.0,0.0,2.0,5.0,1.0,8366297654.0,-1.0,茂名市电白区,茂名市电白区高地街道,12.0,28.0,0.0,8.8,48.8,46.35833333333333,48.854464285714286,56.92664596273291
广东省,茂名市,电白区,水东街道,110.9979057,21.513944,17.0,66.0,29.0,46.0,290.0,75.0,0.0,110.0,2.0,3.0,0.0,2.0,1.0,1.0,14.0,15.0,0.0,0.0,0.0,9.0,41.0,5.0,0.0,0.0,0.0,31.0,39.0,0.0,2.0,0.0,0.0,21.0,9.0,5.0,16.0,10.0,0.0,16.0,5.0,11.0,105.0,42.0,0.0,12.0,2.0,1.0,0.0,0.0,1.0,1.0,3.0,3.0,0.0,0.0,0.0,1.0,17.0,0.0,0.0,0.0,0.0,10.0,7.0,0.0,1.0,0.0,0.0,3.0,1.0,1.0,9.0,5.0,8366297653.0,-1.0,茂名市电白区,茂名市电白区水东街道,12.0,28.0,16.0,8.600000000000001,64.6,46.35833333333333,48.854464285714286,56.92664596273291
广东省,茂名市,电白区,电海街道,111.0089811,21.5496879,10.0,85.0,17.0,39.0,195.0,26.0,0.0,10.0,0.0,0.0,0.0,1.0,2.0,2.0,14.0,14.0,0.0,0.0,0.0,3.0,24.0,2.0,1.0,0.0,0.0,20.0,50.0,0.0,0.0,0.0,0.0,37.0,2.0,4.0,15.0,7.0,0.0,21.0,2.0,13.0,18.0,9.0,0.0,0.0,0.0,0.0,0.0,0.0,0.0,0.0,6.0,6.0,0.0,0.0,0.0,0.0,4.0,0.0,0.0,0.0,0.0,2.0,28.0,0.0,0.0,0.0,0.0,16.0,0.0,1.0,10.0,3.0,11209450033.0,-1.0,茂名市电白区,茂名市电白区电海街道,12.0,24.0,10.0,11.3,57.3,46.35833333333333,48.854464285714286,56.92664596273291
广东省,茂名市,电白区,陈村街道,111.0560361,21.530483,6.0,22.0,3.0,16.0,33.0,2.0,0.0,5.0,0.0,0.0,1.0,0.0,0.0,0.0,1.0,1.0,0.0,0.0,0.0,0.0,2.0,0.0,1.0,0.0,0.0,9.0,0.0,0.0,0.0,0.0,0.0,0.0,0.0,2.0,10.0,6.0,2.0,6.0,0.0,2.0,15.0,0.0,0.0,0.0,0.0,0.0,1.0,0.0,0.0,0.0,0.0,0.0,0.0,0.0,0.0,0.0,0.0,0.0,0.0,0.0,0.0,2.0,0.0,0.0,0.0,0.0,0.0,0.0,0.0,2.0,5.0,1.0,8366297651.0,-1.0,茂名市电白区,茂名市电白区陈村街道,12.0,26.0,0.0,3.0,41.0,46.35833333333333,48.854464285714286,56.92664596273291
广东省,茂名市,电白区,马踏镇,111.337127,21.61888,0.0,2.0,7.0,5.0,25.0,0.0,0.0,0.0,0.0,0.0,0.0,0.0,0.0,0.0,1.0,1.0,0.0,0.0,0.0,0.0,4.0,0.0,0.0,0.0,0.0,12.0,0.0,0.0,0.0,0.0,0.0,1.0,0.0,2.0,9.0,3.0,0.0,0.0,4.0,3.0,21.0,0.0,0.0,0.0,0.0,0.0,0.0,0.0,0.0,0.0,1.0,1.0,0.0,0.0,0.0,0.0,3.0,0.0,0.0,0.0,0.0,1.0,0.0,0.0,0.0,0.0,0.0,1.0,0.0,1.0,4.0,2.0,3344172259.0,-1.0,茂名市电白区,茂名市电白区马踏镇,12.0,24.0,5.0,1.5,42.5,46.35833333333333,48.854464285714286,56.92664596273291
广东省,茂名市,电白区,岭门镇,111.3779329,21.5748059,2.0,0.0,3.0,8.0,36.0,0.0,0.0,0.0,0.0,0.0,0.0,0.0,0.0,0.0,2.0,2.0,0.0,0.0,0.0,0.0,0.0,0.0,0.0,0.0,0.0,6.0,3.0,0.0,0.0,0.0,0.0,0.0,0.0,2.0,7.0,0.0,2.0,0.0,0.0,4.0,31.0,0.0,0.0,0.0,0.0,0.0,0.0,0.0,0.0,0.0,1.0,1.0,0.0,0.0,0.0,0.0,0.0,0.0,0.0,0.0,0.0,2.0,3.0,0.0,0.0,0.0,0.0,0.0,0.0,2.0,5.0,0.0,3344172258.0,-1.0,茂名市电白区,茂名市电白区岭门镇,12.0,23.5,5.0,0.6000000000000001,41.1,46.35833333333333,48.854464285714286,56.92664596273291
广东省,茂名市,电白区,坡心镇,111.000403,21.63486,2.0,26.0,6.0,9.0,107.0,0.0,0.0,2.0,0.0,0.0,0.0,0.0,0.0,0.0,1.0,1.0,0.0,0.0,0.0,0.0,0.0,0.0,0.0,0.0,0.0,14.0,0.0,0.0,0.0,3.0,0.0,1.0,1.0,9.0,13.0,5.0,0.0,4.0,2.0,0.0,38.0,0.0,0.0,1.0,0.0,0.0,0.0,0.0,0.0,0.0,1.0,1.0,0.0,0.0,0.0,0.0,0.0,0.0,0.0,0.0,0.0,4.0,0.0,0.0,0.0,0.0,0.0,0.0,1.0,1.0,5.0,4.0,3345212571.0,-1.0,茂名市电白区,茂名市电白区坡心镇,12.0,24.0,5.0,2.8,43.8,46.35833333333333,48.854464285714286,56.92664596273291
广东省,茂名市,电白区,七迳镇,110.9916519,21.5669985,0.0,61.0,12.0,25.0,110.0,60.0,0.0,15.0,0.0,0.0,1.0,0.0,0.0,0.0,7.0,7.0,0.0,0.0,0.0,2.0,7.0,3.0,2.0,0.0,0.0,15.0,44.0,0.0,0.0,0.0,0.0,24.0,1.0,3.0,13.0,9.0,0.0,4.0,2.0,1.0,15.0,2.0,0.0,0.0,0.0,0.0,0.0,0.0,0.0,0.0,0.0,0.0,0.0,0.0,0.0,0.0,0.0,0.0,0.0,0.0,0.0,5.0,0.0,0.0,0.0,0.0,0.0,0.0,0.0,1.0,6.0,2.0,8366297650.0,-1.0,茂名市电白区,茂名市电白区七迳镇,12.0,26.0,0.0,8.4,46.4,46.35833333333333,48.854464285714286,56.92664596273291
广东省,茂名市,电白区,树仔镇,111.226051,21.536781,4.0,0.0,0.0,9.0,25.0,0.0,0.0,0.0,0.0,0.0,0.0,0.0,0.0,0.0,0.0,0.0,0.0,0.0,0.0,0.0,0.0,0.0,0.0,0.0,0.0,25.0,0.0,0.0,0.0,0.0,0.0,0.0,0.0,2.0,4.0,2.0,2.0,0.0,0.0,2.0,15.0,0.0,0.0,0.0,0.0,0.0,0.0,0.0,0.0,0.0,0.0,0.0,0.0,0.0,0.0,0.0,0.0,0.0,0.0,0.0,0.0,7.0,0.0,0.0,0.0,0.0,0.0,0.0,0.0,2.0,3.0,0.0,8366297649.0,-1.0,茂名市电白区,茂名市电白区树仔镇,12.0,21.5,0.0,1.0,34.5,46.35833333333333,48.854464285714286,56.92664596273291
广东省,茂名市,电白区,沙院镇,110.9584272,21.4934644,6.0,14.0,5.0,9.0,48.0,0.0,0.0,0.0,0.0,0.0,0.0,1.0,0.0,0.0,2.0,2.0,0.0,0.0,0.0,0.0,0.0,0.0,0.0,0.0,0.0,11.0,0.0,0.0,0.0,0.0,0.0,0.0,0.0,3.0,7.0,2.0,2.0,0.0,1.0,4.0,23.0,0.0,0.0,0.0,0.0,0.0,0.0,1.0,0.0,0.0,0.0,0.0,0.0,0.0,0.0,0.0,0.0,0.0,0.0,0.0,0.0,2.0,0.0,0.0,0.0,0.0,0.0,0.0,0.0,2.0,5.0,1.0,5104609278.0,-1.0,茂名市电白区,茂名市电白区沙院镇,12.0,23.5,5.0,1.0,41.5,46.35833333333333,48.854464285714286,56.92664596273291
广东省,茂名市,电白区,麻岗镇,111.178494,21.538024,14.0,1.0,3.0,17.0,57.0,0.0,0.0,1.0,0.0,0.0,0.0,0.0,0.0,0.0,1.0,1.0,0.0,0.0,0.0,0.0,1.0,0.0,0.0,0.0,0.0,31.0,0.0,0.0,0.0,0.0,0.0,0.0,0.0,2.0,8.0,3.0,12.0,1.0,0.0,9.0,26.0,0.0,0.0,0.0,0.0,0.0,0.0,0.0,0.0,0.0,1.0,1.0,0.0,0.0,0.0,0.0,1.0,0.0,0.0,0.0,0.0,3.0,0.0,0.0,0.0,0.0,0.0,0.0,0.0,2.0,6.0,2.0,4237333809.0,-1.0,茂名市电白区,茂名市电白区麻岗镇,12.0,24.0,5.0,1.5,42.5,46.35833333333333,48.854464285714286,56.92664596273291
广东省,茂名市,电白区,旦场镇,111.0980093,21.5227409,10.0,18.0,1.0,10.0,90.0,14.0,0.0,0.0,0.0,0.0,0.0,0.0,0.0,0.0,0.0,0.0,0.0,0.0,0.0,1.0,1.0,1.0,0.0,0.0,0.0,17.0,1.0,0.0,0.0,0.0,0.0,0.0,1.0,3.0,10.0,5.0,10.0,4.0,1.0,4.0,18.0,0.0,0.0,0.0,0.0,0.0,0.0,0.0,0.0,0.0,0.0,0.0,0.0,0.0,0.0,0.0,0.0,0.0,0.0,0.0,0.0,5.0,0.0,0.0,0.0,0.0,0.0,0.0,0.0,2.0,8.0,1.0,5102563939.0,-1.0,茂名市电白区,茂名市电白区旦场镇,12.0,24.0,0.0,2.6,38.6,46.35833333333333,48.854464285714286,56.92664596273291
广东省,茂名市,电白区,小良镇,110.8942134,21.4905418,2.0,3.0,1.0,3.0,17.0,0.0,0.0,0.0,0.0,0.0,0.0,0.0,0.0,0.0,1.0,1.0,0.0,0.0,0.0,0.0,0.0,0.0,0.0,0.0,0.0,11.0,0.0,0.0,0.0,0.0,0.0,0.0,0.0,6.0,6.0,2.0,0.0,1.0,0.0,2.0,5.0,0.0,0.0,0.0,0.0,0.0,0.0,0.0,0.0,0.0,1.0,1.0,0.0,0.0,0.0,0.0,0.0,0.0,0.0,0.0,0.0,3.0,0.0,0.0,0.0,0.0,0.0,0.0,0.0,1.0,4.0,0.0,5105917495.0,-1.0,茂名市电白区,茂名市电白区小良镇,12.0,15.9,5.0,1.0,33.9,46.35833333333333,48.854464285714286,56.92664596273291
广东省,茂名市,电白区,霞洞镇,111.107987,21.738388,0.0,10.0,16.0,13.0,97.0,0.0,0.0,0.0,1.0,0.0,0.0,0.0,0.0,0.0,0.0,0.0,0.0,0.0,0.0,0.0,1.0,0.0,0.0,0.0,0.0,17.0,2.0,0.0,0.0,0.0,0.0,0.0,0.0,4.0,5.0,4.0,0.0,6.0,10.0,7.0,37.0,0.0,0.0,0.0,1.0,0.0,0.0,0.0,0.0,0.0,0.0,0.0,0.0,0.0,0.0,0.0,1.0,0.0,0.0,0.0,0.0,2.0,1.0,0.0,0.0,0.0,0.0,0.0,0.0,3.0,5.0,3.0,3344510648.0,-1.0,茂名市电白区,茂名市电白区霞洞镇,12.0,24.5,0.0,2.3,38.8,46.35833333333333,48.854464285714286,56.92664596273291
广东省,茂名市,电白区,观珠镇,111.173896,21.694908,12.0,13.0,15.0,13.0,50.0,3.0,0.0,0.0,0.0,1.0,0.0,1.0,0.0,0.0,0.0,0.0,0.0,0.0,0.0,8.0,4.0,2.0,1.0,0.0,0.0,21.0,16.0,1.0,6.0,0.0,0.0,0.0,1.0,4.0,10.0,7.0,5.0,4.0,11.0,9.0,30.0,3.0,0.0,0.0,0.0,1.0,0.0,1.0,0.0,0.0,0.0,0.0,0.0,0.0,0.0,8.0,1.0,2.0,0.0,0.0,0.0,3.0,16.0,1.0,6.0,0.0,0.0,0.0,1.0,2.0,7.0,4.0,3344510647.0,-1.0,茂名市电白区,茂名市电白区观珠镇,12.0,26.0,11.0,6.7,55.7,46.35833333333333,48.854464285714286,56.92664596273291
广东省,茂名市,电白区,沙琅镇,111.2171822,21.7797302,15.0,16.0,11.0,26.0,138.0,10.0,0.0,27.0,1.0,2.0,0.0,5.0,1.0,1.0,6.0,6.0,2.0,0.0,3.0,6.0,5.0,0.0,0.0,0.0,0.0,22.0,17.0,0.0,0.0,5.0,6.0,7.0,6.0,3.0,18.0,8.0,7.0,10.0,9.0,10.0,52.0,10.0,0.0,27.0,1.0,2.0,0.0,4.0,1.0,1.0,1.0,1.0,2.0,0.0,3.0,5.0,3.0,0.0,0.0,0.0,0.0,5.0,16.0,0.0,0.0,3.0,4.0,5.0,5.0,2.0,13.0,5.0,4237130492.0,-1.0,茂名市电白区,茂名市电白区沙琅镇,12.0,28.0,27.0,8.100000000000001,75.1,46.35833333333333,48.854464285714286,56.92664596273291
广东省,茂名市,电白区,黄岭镇,111.15395,21.837647,0.0,22.0,4.0,19.0,13.0,6.0,0.0,0.0,0.0,0.0,0.0,0.0,0.0,0.0,2.0,2.0,0.0,0.0,0.0,0.0,1.0,0.0,0.0,0.0,0.0,9.0,0.0,0.0,0.0,1.0,0.0,0.0,0.0,4.0,9.0,3.0,0.0,16.0,2.0,7.0,7.0,1.0,0.0,0.0,0.0,0.0,0.0,0.0,0.0,0.0,2.0,2.0,0.0,0.0,0.0,0.0,1.0,0.0,0.0,0.0,0.0,1.0,0.0,0.0,0.0,1.0,0.0,0.0,0.0,4.0,7.0,3.0,4236905759.0,-1.0,茂名市电白区,茂名市电白区黄岭镇,12.0,18.7,5.0,1.7,37.400000000000006,46.35833333333333,48.854464285714286,56.92664596273291
广东省,茂名市,电白区,望夫镇,111.3788837,21.7349453,0.0,7.0,1.0,5.0,4.0,0.0,0.0,0.0,0.0,0.0,0.0,0.0,0.0,0.0,1.0,1.0,0.0,0.0,0.0,0.0,3.0,0.0,0.0,0.0,0.0,7.0,0.0,0.0,0.0,0.0,0.0,0.0,0.0,6.0,5.0,4.0,0.0,7.0,1.0,3.0,4.0,0.0,0.0,0.0,0.0,0.0,0.0,0.0,0.0,0.0,1.0,1.0,0.0,0.0,0.0,0.0,3.0,0.0,0.0,0.0,0.0,4.0,0.0,0.0,0.0,0.0,0.0,0.0,0.0,6.0,5.0,2.0,4237265317.0,-1.0,茂名市电白区,茂名市电白区望夫镇,12.0,14.5,5.0,2.0,33.5,46.35833333333333,48.854464285714286,56.92664596273291
广东省,茂名市,电白区,罗坑镇,111.2512845,21.8270127,3.0,0.0,5.0,10.0,139.0,4.0,0.0,2.0,0.0,0.0,0.0,1.0,0.0,0.0,4.0,4.0,0.0,0.0,0.0,0.0,0.0,0.0,0.0,0.0,0.0,25.0,3.0,0.0,0.0,0.0,0.0,2.0,0.0,5.0,9.0,6.0,1.0,0.0,5.0,4.0,48.0,0.0,0.0,1.0,0.0,0.0,0.0,0.0,0.0,0.0,2.0,2.0,0.0,0.0,0.0,0.0,0.0,0.0,0.0,0.0,0.0,5.0,0.0,0.0,0.0,0.0,0.0,0.0,0.0,3.0,6.0,2.0,8366300458.0,-1.0,茂名市电白区,茂名市电白区罗坑镇,12.0,24.0,10.0,3.3,49.3,46.35833333333333,48.854464285714286,56.92664596273291
广东省,茂名市,电白区,那霍镇,111.2345051,21.8891506,5.0,3.0,0.0,15.0,39.0,24.0,0.0,0.0,0.0,9.0,2.0,0.0,0.0,0.0,3.0,3.0,0.0,0.0,0.0,2.0,1.0,0.0,0.0,0.0,0.0,17.0,9.0,0.0,0.0,1.0,0.0,1.0,0.0,3.0,11.0,4.0,5.0,1.0,0.0,11.0,34.0,0.0,0.0,0.0,0.0,0.0,0.0,0.0,0.0,0.0,3.0,3.0,0.0,0.0,0.0,0.0,1.0,0.0,0.0,0.0,0.0,3.0,0.0,0.0,0.0,0.0,0.0,0.0,0.0,2.0,5.0,2.0,4236865174.0,16741433.0,茂名市电白区,茂名市电白区那霍镇,20.0,28.0,5.0,3.0,56.0,46.35833333333333,48.854464285714286,56.92664596273291
广东省,茂名市,电白区,博贺镇,111.2260795,21.4916076,0.0,10.0,2.0,12.0,22.0,4.0,0.0,1.0,2.0,1.0,0.0,0.0,0.0,0.0,0.0,0.0,0.0,0.0,0.0,2.0,3.0,1.0,0.0,0.0,0.0,13.0,5.0,0.0,0.0,22.0,0.0,1.0,1.0,1.0,8.0,8.0,0.0,6.0,2.0,5.0,15.0,0.0,0.0,0.0,0.0,0.0,0.0,0.0,0.0,0.0,0.0,0.0,0.0,0.0,0.0,0.0,2.0,0.0,0.0,0.0,0.0,6.0,1.0,0.0,0.0,8.0,0.0,0.0,0.0,1.0,6.0,4.0,5102563799.0,-1.0,茂名市电白区,茂名市电白区博贺镇,12.0,26.9,0.0,7.6,46.5,46.35833333333333,48.854464285714286,56.92664596273291
广东省,茂名市,电白区,林头镇,111.0539033,21.6655611,11.0,10.0,2.0,16.0,136.0,2.0,0.0,3.0,0.0,1.0,0.0,1.0,0.0,0.0,1.0,1.0,0.0,0.0,0.0,0.0,5.0,0.0,2.0,0.0,0.0,16.0,2.0,0.0,0.0,2.0,0.0,2.0,0.0,3.0,14.0,5.0,1.0,0.0,0.0,4.0,42.0,0.0,0.0,0.0,0.0,0.0,0.0,1.0,0.0,0.0,1.0,1.0,0.0,0.0,0.0,0.0,5.0,0.0,0.0,0.0,0.0,3.0,1.0,0.0,0.0,0.0,0.0,0.0,0.0,2.0,4.0,1.0,369499278.0,-1.0,茂名市电白区,茂名市电白区林头镇,12.0,26.0,10.0,3.0,51.0,46.35833333333333,48.854464285714286,56.92664596273291
广东省,茂名市,电白区,电城镇,111.2927686,21.5177724,5.0,10.0,15.0,23.0,61.0,1.0,0.0,1.0,1.0,0.0,0.0,0.0,0.0,0.0,4.0,4.0,0.0,0.0,0.0,0.0,12.0,0.0,0.0,0.0,1.0,13.0,4.0,0.0,0.0,0.0,0.0,1.0,1.0,2.0,12.0,9.0,3.0,0.0,9.0,15.0,35.0,1.0,0.0,0.0,1.0,0.0,0.0,0.0,0.0,0.0,2.0,2.0,0.0,0.0,0.0,0.0,2.0,0.0,0.0,0.0,0.0,3.0,4.0,0.0,0.0,0.0,0.0,0.0,1.0,2.0,7.0,2.0,5104609279.0,-1.0,茂名市电白区,茂名市电白区电城镇,12.0,26.0,5.0,4.8,47.8,46.35833333333333,48.854464285714286,56.92664596273291
广东省,茂名市,高州市,石仔岭街道,110.8439742,21.8825064,16.0,53.0,48.0,56.0,194.0,363.0,0.0,114.0,76.0,20.0,4.0,2.0,4.0,6.0,7.0,9.0,1.0,1.0,5.0,47.0,19.0,0.0,2.0,1.0,6.0,22.0,97.0,0.0,29.0,2.0,3.0,41.0,19.0,3.0,21.0,16.0,0.0,5.0,4.0,4.0,11.0,9.0,0.0,7.0,4.0,0.0,0.0,0.0,1.0,1.0,0.0,0.0,0.0,0.0,0.0,0.0,0.0,0.0,0.0,0.0,1.0,2.0,3.0,0.0,0.0,0.0,0.0,1.0,0.0,1.0,14.0,5.0,3713039532.0,-1.0,茂名市高州市,茂名市高州市石仔岭街道,12.0,30.0,10.0,14.200000000000001,66.2,49.996428571428574,48.854464285714286,56.92664596273291
广东省,茂名市,高州市,山美街道,110.8648454,21.9248771,9.0,91.0,97.0,151.0,381.0,529.0,1.0,388.0,101.0,22.0,8.0,8.0,3.0,17.0,19.0,29.0,1.0,4.0,21.0,181.0,37.0,0.0,4.0,2.0,9.0,33.0,308.0,0.0,44.0,13.0,8.0,53.0,25.0,10.0,22.0,21.0,0.0,34.0,8.0,13.0,35.0,64.0,0.0,73.0,22.0,0.0,3.0,0.0,0.0,1.0,2.0,3.0,0.0,0.0,0.0,14.0,6.0,0.0,0.0,0.0,0.0,6.0,69.0,0.0,23.0,6.0,0.0,7.0,1.0,3.0,15.0,11.0,3713039530.0,-1.0,茂名市高州市,茂名市高州市山美街道,12.0,30.0,16.0,20.0,78.0,49.996428571428574,48.854464285714286,56.92664596273291
广东省,茂名市,高州市,金山街道,111.050067,21.799717,0.0,12.0,10.0,14.0,55.0,31.0,0.0,9.0,18.0,0.0,0.0,0.0,0.0,0.0,2.0,2.0,0.0,0.0,0.0,0.0,5.0,0.0,0.0,0.0,0.0,26.0,0.0,0.0,0.0,1.0,0.0,1.0,1.0,4.0,12.0,5.0,0.0,10.0,3.0,9.0,24.0,10.0,0.0,3.0,6.0,0.0,0.0,0.0,0.0,0.0,1.0,1.0,0.0,0.0,0.0,0.0,0.0,0.0,0.0,0.0,0.0,9.0,0.0,0.0,0.0,1.0,0.0,1.0,0.0,1.0,8.0,3.0,-1.0,-1.0,茂名市高州市,茂名市高州市金山街道,5.0,26.0,5.0,2.7,38.7,49.996428571428574,48.854464285714286,56.92664596273291
广东省,茂名市,高州市,潘州街道,110.8409563,21.9062266,30.0,82.0,102.0,163.0,427.0,690.0,1.0,434.0,99.0,32.0,10.0,8.0,7.0,20.0,23.0,32.0,2.0,4.0,21.0,185.0,35.0,0.0,8.0,2.0,7.0,38.0,291.0,0.0,47.0,19.0,9.0,81.0,40.0,10.0,24.0,19.0,0.0,22.0,40.0,18.0,104.0,202.0,0.0,52.0,13.0,10.0,2.0,1.0,1.0,3.0,4.0,5.0,1.0,0.0,5.0,26.0,4.0,0.0,2.0,0.0,0.0,7.0,35.0,0.0,14.0,2.0,2.0,9.0,7.0,3.0,15.0,13.0,3713039529.0,-1.0,茂名市高州市,茂名市高州市潘州街道,12.0,30.0,28.0,20.0,90.0,49.996428571428574,48.854464285714286,56.92664596273291
广东省,茂名市,高州市,宝光街道,111.050067,21.799717,0.0,12.0,10.0,14.0,55.0,31.0,0.0,9.0,18.0,0.0,0.0,0.0,0.0,0.0,2.0,2.0,0.0,0.0,0.0,0.0,5.0,0.0,0.0,0.0,0.0,26.0,0.0,0.0,0.0,1.0,0.0,1.0,1.0,4.0,12.0,5.0,0.0,10.0,3.0,9.0,24.0,10.0,0.0,3.0,6.0,0.0,0.0,0.0,0.0,0.0,1.0,1.0,0.0,0.0,0.0,0.0,0.0,0.0,0.0,0.0,0.0,9.0,0.0,0.0,0.0,1.0,0.0,1.0,0.0,1.0,8.0,3.0,-1.0,-1.0,茂名市高州市,茂名市高州市宝光街道,5.0,26.0,5.0,2.7,38.7,49.996428571428574,48.854464285714286,56.92664596273291
广东省,茂名市,高州市,谢鸡镇,110.9853261,21.9207925,0.0,11.0,7.0,8.0,31.0,4.0,0.0,3.0,0.0,0.0,1.0,0.0,0.0,0.0,0.0,0.0,0.0,0.0,0.0,0.0,3.0,0.0,0.0,0.0,0.0,10.0,1.0,0.0,0.0,4.0,0.0,0.0,0.0,2.0,7.0,4.0,0.0,5.0,4.0,0.0,18.0,3.0,0.0,0.0,0.0,0.0,1.0,0.0,0.0,0.0,0.0,0.0,0.0,0.0,0.0,0.0,3.0,0.0,0.0,0.0,0.0,3.0,1.0,0.0,0.0,2.0,0.0,0.0,0.0,2.0,5.0,3.0,8361169110.0,-1.0,茂名市高州市,茂名市高州市谢鸡镇,12.0,25.5,0.0,2.8,40.3,49.996428571428574,48.854464285714286,56.92664596273291
广东省,茂名市,高州市,新垌镇,111.068691,21.909884,0.0,13.0,1.0,9.0,111.0,3.0,0.0,40.0,0.0,0.0,0.0,0.0,0.0,0.0,6.0,6.0,0.0,0.0,0.0,0.0,40.0,0.0,0.0,0.0,1.0,43.0,3.0,0.0,3.0,3.0,0.0,0.0,0.0,2.0,7.0,4.0,0.0,7.0,0.0,9.0,28.0,1.0,0.0,6.0,0.0,0.0,0.0,0.0,0.0,0.0,2.0,2.0,0.0,0.0,0.0,0.0,9.0,0.0,0.0,0.0,0.0,9.0,0.0,0.0,0.0,1.0,0.0,0.0,0.0,2.0,6.0,3.0,8361169112.0,-1.0,茂名市高州市,茂名市高州市新垌镇,12.0,23.5,5.0,2.7,43.2,49.996428571428574,48.854464285714286,56.92664596273291
广东省,茂名市,高州市,云潭镇,111.169058,21.878723,0.0,17.0,3.0,31.0,57.0,15.0,0.0,14.0,0.0,0.0,0.0,0.0,0.0,0.0,1.0,1.0,0.0,0.0,0.0,0.0,7.0,0.0,2.0,0.0,0.0,17.0,0.0,0.0,0.0,2.0,0.0,0.0,0.0,3.0,7.0,4.0,0.0,11.0,1.0,15.0,23.0,0.0,0.0,0.0,0.0,0.0,0.0,0.0,0.0,0.0,0.0,0.0,0.0,0.0,0.0,0.0,2.0,0.0,1.0,0.0,0.0,3.0,0.0,0.0,0.0,1.0,0.0,0.0,0.0,3.0,5.0,4.0,4236849629.0,-1.0,茂名市高州市,茂名市高州市云潭镇,12.0,23.5,0.0,2.3,37.8,49.996428571428574,48.854464285714286,56.92664596273291
广东省,茂名市,高州市,分界镇,110.9637231,21.7723353,0.0,5.0,22.0,19.0,59.0,27.0,0.0,0.0,8.0,0.0,0.0,0.0,0.0,0.0,2.0,2.0,0.0,0.0,0.0,0.0,0.0,0.0,1.0,0.0,0.0,16.0,0.0,0.0,0.0,1.0,0.0,0.0,0.0,4.0,7.0,3.0,0.0,3.0,3.0,7.0,17.0,3.0,0.0,0.0,4.0,0.0,0.0,0.0,0.0,0.0,0.0,0.0,0.0,0.0,0.0,0.0,0.0,0.0,0.0,0.0,0.0,2.0,0.0,0.0,0.0,0.0,0.0,0.0,0.0,4.0,7.0,1.0,5097273435.0,-1.0,茂名市高州市,茂名市高州市分界镇,12.0,25.5,0.0,1.6,39.1,49.996428571428574,48.854464285714286,56.92664596273291
广东省,茂名市,高州市,根子镇,111.0441612,21.8009855,0.0,11.0,10.0,16.0,57.0,31.0,0.0,9.0,18.0,0.0,0.0,0.0,0.0,0.0,1.0,1.0,0.0,0.0,0.0,0.0,5.0,0.0,0.0,0.0,0.0,28.0,0.0,0.0,0.0,1.0,0.0,1.0,1.0,4.0,12.0,5.0,0.0,10.0,1.0,9.0,18.0,10.0,0.0,1.0,10.0,0.0,0.0,0.0,0.0,0.0,1.0,1.0,0.0,0.0,0.0,0.0,1.0,0.0,0.0,0.0,0.0,10.0,0.0,0.0,0.0,1.0,0.0,1.0,0.0,1.0,8.0,4.0,5104321055.0,-1.0,茂名市高州市,茂名市高州市根子镇,12.0,26.0,5.0,2.7,45.7,49.996428571428574,48.854464285714286,56.92664596273291
广东省,茂名市,高州市,泗水镇,110.961553,21.855461,0.0,11.0,7.0,16.0,22.0,11.0,0.0,0.0,0.0,0.0,0.0,0.0,0.0,0.0,1.0,1.0,0.0,0.0,0.0,0.0,0.0,0.0,0.0,0.0,0.0,17.0,5.0,0.0,0.0,1.0,0.0,0.0,0.0,2.0,9.0,2.0,0.0,3.0,4.0,7.0,9.0,3.0,0.0,0.0,0.0,0.0,0.0,0.0,0.0,0.0,1.0,1.0,0.0,0.0,0.0,0.0,0.0,0.0,0.0,0.0,0.0,5.0,5.0,0.0,0.0,1.0,0.0,0.0,0.0,1.0,6.0,2.0,8361169111.0,-1.0,茂名市高州市,茂名市高州市泗水镇,12.0,21.1,5.0,2.2,40.300000000000004,49.996428571428574,48.854464285714286,56.92664596273291
广东省,茂名市,高州市,镇江镇,110.701448,21.867191,0.0,4.0,1.0,9.0,32.0,28.0,0.0,8.0,0.0,1.0,1.0,0.0,0.0,0.0,0.0,0.0,0.0,0.0,0.0,0.0,1.0,0.0,0.0,0.0,0.0,9.0,4.0,0.0,0.0,1.0,0.0,0.0,0.0,3.0,8.0,7.0,0.0,3.0,0.0,5.0,10.0,2.0,0.0,0.0,0.0,0.0,0.0,0.0,0.0,0.0,0.0,0.0,0.0,0.0,0.0,0.0,1.0,0.0,0.0,0.0,0.0,2.0,0.0,0.0,0.0,0.0,0.0,0.0,0.0,2.0,5.0,5.0,8361169109.0,-1.0,茂名市高州市,茂名市高州市镇江镇,12.0,27.4,0.0,4.0,43.4,49.996428571428574,48.854464285714286,56.92664596273291
广东省,茂名市,高州市,沙田镇,110.7150616,21.9050413,0.0,9.0,1.0,35.0,53.0,54.0,0.0,3.0,0.0,0.0,1.0,0.0,0.0,0.0,0.0,0.0,0.0,0.0,0.0,0.0,4.0,0.0,0.0,0.0,0.0,20.0,1.0,0.0,0.0,1.0,0.0,2.0,1.0,2.0,10.0,9.0,0.0,7.0,0.0,16.0,19.0,7.0,0.0,3.0,0.0,0.0,0.0,0.0,0.0,0.0,0.0,0.0,0.0,0.0,0.0,0.0,3.0,0.0,0.0,0.0,0.0,3.0,0.0,0.0,0.0,0.0,0.0,0.0,0.0,2.0,9.0,2.0,8361169106.0,-1.0,茂名市高州市,茂名市高州市沙田镇,12.0,26.0,0.0,4.2,42.2,49.996428571428574,48.854464285714286,56.92664596273291
广东省,茂名市,高州市,南塘镇,110.7886982,22.061678,0.0,5.0,0.0,25.0,37.0,14.0,0.0,0.0,0.0,0.0,0.0,0.0,0.0,0.0,3.0,3.0,0.0,0.0,0.0,0.0,0.0,0.0,0.0,0.0,0.0,14.0,3.0,0.0,0.0,0.0,0.0,0.0,1.0,1.0,7.0,4.0,0.0,3.0,0.0,8.0,17.0,0.0,0.0,0.0,0.0,0.0,0.0,0.0,0.0,0.0,3.0,3.0,0.0,0.0,0.0,0.0,0.0,0.0,0.0,0.0,0.0,3.0,0.0,0.0,0.0,0.0,0.0,0.0,0.0,1.0,5.0,2.0,8361169107.0,-1.0,茂名市高州市,茂名市高州市南塘镇,12.0,23.5,5.0,2.3,42.8,49.996428571428574,48.854464285714286,56.92664596273291
广东省,茂名市,高州市,荷花镇,110.6983069,22.2432023,1.0,7.0,2.0,16.0,20.0,4.0,0.0,0.0,0.0,0.0,0.0,0.0,0.0,0.0,0.0,0.0,0.0,0.0,0.0,0.0,0.0,0.0,0.0,0.0,0.0,7.0,7.0,0.0,0.0,0.0,0.0,0.0,0.0,10.0,10.0,1.0,1.0,4.0,1.0,5.0,17.0,0.0,0.0,0.0,0.0,0.0,0.0,0.0,0.0,0.0,0.0,0.0,0.0,0.0,0.0,0.0,0.0,0.0,0.0,0.0,0.0,3.0,0.0,0.0,0.0,0.0,0.0,0.0,0.0,3.0,7.0,1.0,4561172571.0,12232897.0,茂名市高州市,茂名市高州市荷花镇,20.0,23.1,0.0,1.2000000000000002,44.300000000000004,49.996428571428574,48.854464285714286,56.92664596273291
广东省,茂名市,高州市,石板镇,110.7084601,22.1542196,7.0,8.0,1.0,11.0,15.0,27.0,0.0,2.0,0.0,0.0,0.0,0.0,0.0,0.0,0.0,0.0,0.0,0.0,0.0,0.0,1.0,0.0,0.0,0.0,0.0,13.0,0.0,0.0,0.0,0.0,0.0,0.0,0.0,5.0,12.0,4.0,4.0,7.0,0.0,6.0,7.0,0.0,0.0,2.0,0.0,0.0,0.0,0.0,0.0,0.0,0.0,0.0,0.0,0.0,0.0,0.0,1.0,0.0,0.0,0.0,0.0,3.0,0.0,0.0,0.0,0.0,0.0,0.0,0.0,2.0,7.0,1.0,2065862289.0,-1.0,茂名市高州市,茂名市高州市石板镇,12.0,19.1,0.0,2.0,33.1,49.996428571428574,48.854464285714286,56.92664596273291
广东省,茂名市,高州市,大井镇,110.8787272,22.0941025,10.0,0.0,5.0,27.0,77.0,24.0,0.0,7.0,19.0,2.0,3.0,0.0,1.0,1.0,3.0,3.0,0.0,0.0,1.0,3.0,0.0,0.0,1.0,0.0,0.0,15.0,23.0,0.0,9.0,2.0,0.0,7.0,0.0,3.0,15.0,6.0,2.0,0.0,4.0,8.0,43.0,1.0,0.0,2.0,12.0,2.0,1.0,0.0,1.0,1.0,1.0,1.0,0.0,0.0,1.0,2.0,0.0,0.0,0.0,0.0,0.0,2.0,7.0,0.0,1.0,1.0,0.0,7.0,0.0,3.0,13.0,5.0,8361169027.0,-1.0,茂名市高州市,茂名市高州市大井镇,12.0,30.0,14.0,6.300000000000001,62.3,49.996428571428574,48.854464285714286,56.92664596273291
广东省,茂名市,高州市,潭头镇,110.8712287,22.1888735,17.0,3.0,3.0,48.0,80.0,19.0,0.0,3.0,0.0,1.0,0.0,1.0,3.0,3.0,4.0,4.0,1.0,0.0,0.0,0.0,3.0,0.0,0.0,0.0,0.0,18.0,5.0,0.0,0.0,0.0,0.0,0.0,6.0,7.0,8.0,4.0,4.0,1.0,1.0,6.0,17.0,1.0,0.0,0.0,0.0,0.0,0.0,0.0,1.0,1.0,1.0,1.0,0.0,0.0,0.0,0.0,1.0,0.0,0.0,0.0,0.0,4.0,1.0,0.0,0.0,0.0,0.0,0.0,1.0,5.0,7.0,4.0,8361169026.0,-1.0,茂名市高州市,茂名市高州市潭头镇,12.0,26.0,15.0,2.6,55.6,49.996428571428574,48.854464285714286,56.92664596273291
广东省,茂名市,高州市,大坡镇,111.2414431,22.0846499,0.0,7.0,3.0,17.0,31.0,36.0,0.0,8.0,0.0,0.0,2.0,0.0,0.0,0.0,0.0,0.0,0.0,0.0,0.0,0.0,2.0,0.0,0.0,0.0,0.0,22.0,2.0,0.0,0.0,3.0,0.0,0.0,0.0,2.0,10.0,4.0,0.0,5.0,3.0,10.0,17.0,17.0,0.0,7.0,0.0,0.0,1.0,0.0,0.0,0.0,0.0,0.0,0.0,0.0,0.0,0.0,2.0,0.0,0.0,0.0,0.0,7.0,1.0,0.0,0.0,2.0,0.0,0.0,0.0,2.0,8.0,3.0,4236256699.0,-1.0,茂名市高州市,茂名市高州市大坡镇,12.0,26.0,0.0,2.8,40.8,49.996428571428574,48.854464285714286,56.92664596273291
广东省,茂名市,高州市,平山镇,111.0902927,22.0938793,0.0,3.0,1.0,14.0,19.0,46.0,0.0,0.0,0.0,0.0,1.0,0.0,0.0,0.0,1.0,1.0,0.0,0.0,0.0,0.0,3.0,0.0,0.0,0.0,0.0,16.0,1.0,0.0,0.0,1.0,0.0,0.0,0.0,4.0,6.0,4.0,0.0,3.0,1.0,3.0,5.0,8.0,0.0,0.0,0.0,0.0,1.0,0.0,0.0,0.0,1.0,1.0,0.0,0.0,0.0,0.0,1.0,0.0,0.0,0.0,0.0,3.0,1.0,0.0,0.0,1.0,0.0,0.0,0.0,4.0,6.0,4.0,4236256703.0,-1.0,茂名市高州市,茂名市高州市平山镇,12.0,20.3,5.0,2.4,39.699999999999996,49.996428571428574,48.854464285714286,56.92664596273291
广东省,茂名市,高州市,深镇镇,111.111676,22.184728,0.0,6.0,0.0,14.0,21.0,29.0,0.0,9.0,0.0,0.0,1.0,0.0,0.0,1.0,0.0,0.0,0.0,0.0,1.0,0.0,9.0,0.0,0.0,0.0,0.0,17.0,18.0,0.0,0.0,3.0,1.0,0.0,1.0,2.0,6.0,5.0,0.0,4.0,0.0,6.0,14.0,8.0,0.0,3.0,0.0,0.0,1.0,0.0,0.0,1.0,0.0,0.0,0.0,0.0,1.0,0.0,3.0,0.0,0.0,0.0,0.0,3.0,7.0,0.0,0.0,1.0,0.0,0.0,0.0,2.0,6.0,4.0,4236256705.0,-1.0,茂名市高州市,茂名市高州市深镇镇,12.0,23.4,2.0,5.4,42.8,49.996428571428574,48.854464285714286,56.92664596273291
广东省,茂名市,高州市,马贵镇,111.3040975,22.2002366,0.0,7.0,5.0,14.0,31.0,33.0,0.0,2.0,0.0,0.0,2.0,0.0,0.0,0.0,2.0,2.0,0.0,0.0,0.0,0.0,12.0,0.0,0.0,0.0,0.0,19.0,25.0,0.0,0.0,1.0,1.0,0.0,0.0,3.0,8.0,4.0,0.0,5.0,3.0,6.0,12.0,3.0,0.0,2.0,0.0,0.0,2.0,0.0,0.0,0.0,1.0,1.0,0.0,0.0,0.0,0.0,0.0,0.0,0.0,0.0,0.0,4.0,4.0,0.0,0.0,0.0,1.0,0.0,0.0,3.0,8.0,2.0,4236256702.0,-1.0,茂名市高州市,茂名市高州市马贵镇,12.0,25.8,5.0,5.0,47.8,49.996428571428574,48.854464285714286,56.92664596273291
广东省,茂名市,高州市,古丁镇,111.1826539,22.1508538,0.0,12.0,0.0,39.0,93.0,160.0,0.0,36.0,0.0,0.0,1.0,5.0,1.0,4.0,4.0,6.0,1.0,1.0,1.0,14.0,9.0,0.0,4.0,0.0,1.0,47.0,334.0,0.0,14.0,9.0,0.0,3.0,1.0,3.0,14.0,13.0,0.0,7.0,0.0,21.0,20.0,76.0,0.0,31.0,0.0,0.0,1.0,2.0,1.0,4.0,2.0,4.0,1.0,1.0,1.0,13.0,0.0,0.0,1.0,0.0,1.0,12.0,174.0,0.0,13.0,5.0,0.0,2.0,1.0,3.0,11.0,11.0,4236256700.0,-1.0,茂名市高州市,茂名市高州市古丁镇,12.0,26.0,30.0,20.0,88.0,49.996428571428574,48.854464285714286,56.92664596273291
广东省,茂名市,高州市,曹江镇,110.942461,21.985493,0.0,8.0,5.0,20.0,18.0,31.0,0.0,9.0,28.0,0.0,1.0,0.0,0.0,0.0,0.0,0.0,0.0,0.0,0.0,0.0,1.0,0.0,0.0,0.0,0.0,16.0,6.0,0.0,0.0,2.0,0.0,0.0,0.0,4.0,11.0,4.0,0.0,4.0,4.0,9.0,1.0,5.0,0.0,7.0,12.0,0.0,0.0,0.0,0.0,0.0,0.0,0.0,0.0,0.0,0.0,0.0,1.0,0.0,0.0,0.0,0.0,5.0,0.0,0.0,0.0,0.0,0.0,0.0,0.0,3.0,10.0,3.0,8361169024.0,-1.0,茂名市高州市,茂名市高州市曹江镇,12.0,21.9,0.0,2.8,36.699999999999996,49.996428571428574,48.854464285714286,56.92664596273291
广东省,茂名市,高州市,荷塘镇,110.708573,22.004072,0.0,10.0,0.0,14.0,26.0,19.0,0.0,1.0,0.0,0.0,0.0,0.0,0.0,0.0,0.0,0.0,0.0,0.0,0.0,0.0,0.0,0.0,0.0,0.0,0.0,14.0,0.0,0.0,0.0,0.0,0.0,1.0,0.0,1.0,7.0,2.0,0.0,10.0,0.0,2.0,15.0,1.0,0.0,0.0,0.0,0.0,0.0,0.0,0.0,0.0,0.0,0.0,0.0,0.0,0.0,0.0,0.0,0.0,0.0,0.0,0.0,3.0,0.0,0.0,0.0,0.0,0.0,1.0,0.0,1.0,6.0,2.0,8361169108.0,-1.0,茂名市高州市,茂名市高州市荷塘镇,12.0,23.2,0.0,1.0,36.2,49.996428571428574,48.854464285714286,56.92664596273291
广东省,茂名市,高州市,石鼓镇,110.7678984,21.8255642,28.0,14.0,1.0,56.0,216.0,178.0,0.0,53.0,24.0,7.0,3.0,2.0,0.0,4.0,4.0,5.0,1.0,4.0,5.0,49.0,0.0,0.0,2.0,0.0,0.0,37.0,55.0,0.0,28.0,8.0,0.0,26.0,3.0,3.0,17.0,14.0,15.0,11.0,0.0,28.0,123.0,59.0,0.0,25.0,13.0,5.0,1.0,2.0,0.0,4.0,1.0,2.0,1.0,4.0,5.0,46.0,0.0,0.0,0.0,0.0,0.0,11.0,19.0,0.0,4.0,1.0,0.0,9.0,0.0,2.0,13.0,5.0,3713039531.0,-1.0,茂名市高州市,茂名市高州市石鼓镇,12.0,30.0,25.0,12.3,79.3,49.996428571428574,48.854464285714286,56.92664596273291
广东省,茂名市,高州市,东岸镇,110.957067,22.128852,0.0,10.0,9.0,8.0,29.0,20.0,0.0,15.0,3.0,0.0,2.0,0.0,1.0,1.0,1.0,2.0,0.0,0.0,0.0,0.0,0.0,0.0,0.0,0.0,0.0,15.0,5.0,0.0,2.0,2.0,0.0,0.0,0.0,4.0,12.0,4.0,0.0,9.0,5.0,1.0,27.0,7.0,0.0,2.0,3.0,0.0,2.0,0.0,1.0,1.0,1.0,2.0,0.0,0.0,0.0,0.0,0.0,0.0,0.0,0.0,0.0,3.0,3.0,0.0,0.0,1.0,0.0,0.0,0.0,2.0,7.0,2.0,8361169025.0,-1.0,茂名市高州市,茂名市高州市东岸镇,12.0,28.0,10.0,3.1,53.1,49.996428571428574,48.854464285714286,56.92664596273291
广东省,茂名市,高州市,长坡镇,111.0083029,22.0455087,0.0,24.0,4.0,49.0,45.0,35.0,0.0,31.0,31.0,4.0,3.0,0.0,0.0,0.0,1.0,1.0,2.0,0.0,0.0,2.0,0.0,0.0,0.0,0.0,0.0,12.0,14.0,0.0,1.0,2.0,0.0,10.0,3.0,4.0,16.0,7.0,0.0,10.0,0.0,18.0,17.0,11.0,0.0,21.0,19.0,4.0,2.0,0.0,0.0,0.0,0.0,0.0,2.0,0.0,0.0,1.0,0.0,0.0,0.0,0.0,0.0,2.0,7.0,0.0,1.0,0.0,0.0,5.0,2.0,4.0,13.0,6.0,4236256698.0,-1.0,茂名市高州市,茂名市高州市长坡镇,12.0,30.0,6.0,5.800000000000001,53.8,49.996428571428574,48.854464285714286,56.92664596273291
广东省,茂名市,化州市,河西街道,110.6264397,21.6565373,29.0,28.0,66.0,95.0,1006.0,182.0,0.0,99.0,2.0,8.0,2.0,1.0,2.0,2.0,15.0,17.0,0.0,0.0,0.0,3.0,16.0,3.0,1.0,3.0,0.0,27.0,33.0,0.0,0.0,2.0,1.0,8.0,4.0,9.0,14.0,11.0,4.0,9.0,31.0,31.0,186.0,83.0,0.0,57.0,1.0,2.0,1.0,0.0,2.0,2.0,6.0,7.0,0.0,0.0,0.0,1.0,6.0,2.0,0.0,2.0,0.0,1.0,8.0,0.0,0.0,0.0,1.0,2.0,3.0,4.0,12.0,9.0,8363212132.0,-1.0,茂名市化州市,茂名市化州市河西街道,12.0,30.0,16.0,8.3,66.3,42.8,48.854464285714286,56.92664596273291
广东省,茂名市,化州市,东山街道,110.6403501,21.6558133,27.0,36.0,67.0,100.0,1001.0,176.0,0.0,99.0,2.0,8.0,2.0,1.0,2.0,2.0,16.0,18.0,0.0,0.0,0.0,3.0,16.0,2.0,1.0,2.0,0.0,24.0,48.0,0.0,0.0,2.0,2.0,7.0,4.0,9.0,14.0,11.0,4.0,11.0,23.0,10.0,235.0,36.0,0.0,25.0,1.0,0.0,0.0,0.0,0.0,0.0,3.0,4.0,0.0,0.0,0.0,0.0,0.0,0.0,0.0,0.0,0.0,1.0,0.0,0.0,0.0,0.0,0.0,1.0,0.0,4.0,10.0,4.0,8363212133.0,-1.0,茂名市化州市,茂名市化州市东山街道,12.0,30.0,10.0,9.0,61.0,42.8,48.854464285714286,56.92664596273291
广东省,茂名市,化州市,下郭街道,110.6334293,21.6399173,8.0,20.0,64.0,65.0,876.0,173.0,0.0,91.0,2.0,6.0,2.0,0.0,2.0,2.0,14.0,16.0,0.0,0.0,0.0,2.0,8.0,3.0,0.0,3.0,0.0,22.0,45.0,0.0,0.0,2.0,1.0,4.0,4.0,6.0,12.0,10.0,0.0,0.0,7.0,14.0,191.0,18.0,0.0,5.0,0.0,3.0,0.0,0.0,0.0,0.0,2.0,2.0,0.0,0.0,0.0,0.0,0.0,0.0,0.0,0.0,0.0,2.0,13.0,0.0,0.0,1.0,0.0,0.0,1.0,2.0,7.0,4.0,8363212134.0,-1.0,茂名市化州市,茂名市化州市下郭街道,12.0,30.0,5.0,10.100000000000001,57.1,42.8,48.854464285714286,56.92664596273291
广东省,茂名市,化州市,南盛街道,110.712133,21.733109,18.0,2.0,1.0,16.0,126.0,25.0,0.0,1.0,12.0,1.0,1.0,1.0,1.0,1.0,1.0,1.0,0.0,0.0,0.0,0.0,1.0,0.0,0.0,0.0,0.0,11.0,5.0,0.0,0.0,0.0,0.0,0.0,0.0,5.0,11.0,3.0,9.0,0.0,1.0,0.0,69.0,10.0,0.0,0.0,4.0,1.0,0.0,0.0,0.0,0.0,0.0,0.0,0.0,0.0,0.0,0.0,1.0,0.0,0.0,0.0,0.0,2.0,1.0,0.0,0.0,0.0,0.0,0.0,0.0,5.0,7.0,3.0,4237511661.0,-1.0,茂名市化州市,茂名市化州市南盛街道,12.0,30.0,5.0,2.1,49.1,42.8,48.854464285714286,56.92664596273291
广东省,茂名市,化州市,石湾街道,110.538415,21.661196,5.0,15.0,2.0,32.0,49.0,4.0,0.0,0.0,0.0,0.0,0.0,0.0,0.0,0.0,1.0,1.0,0.0,0.0,0.0,0.0,0.0,0.0,0.0,0.0,0.0,22.0,0.0,0.0,0.0,0.0,0.0,0.0,0.0,5.0,10.0,2.0,5.0,10.0,1.0,26.0,33.0,4.0,0.0,0.0,0.0,0.0,0.0,0.0,0.0,0.0,0.0,0.0,0.0,0.0,0.0,0.0,0.0,0.0,0.0,0.0,0.0,4.0,0.0,0.0,0.0,0.0,0.0,0.0,0.0,3.0,9.0,1.0,8363212129.0,-1.0,茂名市化州市,茂名市化州市石湾街道,12.0,24.0,0.0,1.0,37.0,42.8,48.854464285714286,56.92664596273291
广东省,茂名市,化州市,鉴江街道,110.649662,21.664767,23.0,35.0,61.0,83.0,785.0,145.0,0.0,83.0,1.0,4.0,0.0,1.0,2.0,2.0,12.0,14.0,0.0,0.0,0.0,2.0,12.0,1.0,1.0,2.0,0.0,23.0,38.0,0.0,0.0,2.0,1.0,3.0,3.0,8.0,14.0,10.0,5.0,6.0,11.0,14.0,153.0,7.0,0.0,5.0,0.0,0.0,0.0,0.0,0.0,0.0,2.0,2.0,0.0,0.0,0.0,1.0,1.0,0.0,0.0,0.0,0.0,1.0,0.0,0.0,0.0,0.0,1.0,0.0,0.0,3.0,10.0,2.0,8363204888.0,-1.0,茂名市化州市,茂名市化州市鉴江街道,12.0,28.0,11.0,8.0,59.0,42.8,48.854464285714286,56.92664596273291
广东省,茂名市,化州市,长岐镇,110.7230291,21.531881,0.0,4.0,8.0,20.0,139.0,31.0,0.0,8.0,0.0,0.0,1.0,0.0,0.0,0.0,4.0,5.0,0.0,0.0,0.0,0.0,4.0,0.0,1.0,0.0,0.0,21.0,6.0,0.0,0.0,0.0,0.0,2.0,0.0,7.0,9.0,5.0,0.0,0.0,2.0,2.0,41.0,2.0,0.0,5.0,0.0,0.0,0.0,0.0,0.0,0.0,0.0,0.0,0.0,0.0,0.0,0.0,4.0,0.0,0.0,0.0,0.0,3.0,2.0,0.0,0.0,0.0,0.0,0.0,0.0,7.0,7.0,3.0,2065885081.0,12235425.0,茂名市化州市,茂名市化州市长岐镇,20.0,26.0,0.0,3.3,49.3,42.8,48.854464285714286,56.92664596273291
广东省,茂名市,化州市,同庆镇,110.691233,21.5951296,0.0,2.0,0.0,9.0,30.0,1.0,0.0,0.0,0.0,0.0,0.0,0.0,0.0,0.0,0.0,0.0,0.0,0.0,0.0,0.0,2.0,0.0,2.0,0.0,0.0,10.0,2.0,0.0,0.0,2.0,0.0,0.0,0.0,2.0,5.0,4.0,0.0,2.0,0.0,6.0,17.0,0.0,0.0,0.0,0.0,0.0,0.0,0.0,0.0,0.0,0.0,0.0,0.0,0.0,0.0,0.0,2.0,0.0,0.0,0.0,0.0,1.0,0.0,0.0,0.0,0.0,0.0,0.0,0.0,1.0,4.0,3.0,3345212573.0,-1.0,茂名市化州市,茂名市化州市同庆镇,12.0,22.5,0.0,2.4,36.9,42.8,48.854464285714286,56.92664596273291
广东省,茂名市,化州市,杨梅镇,110.61082,21.551807,0.0,2.0,11.0,9.0,45.0,7.0,0.0,0.0,0.0,0.0,0.0,0.0,0.0,0.0,0.0,0.0,0.0,0.0,0.0,0.0,0.0,0.0,1.0,0.0,0.0,7.0,1.0,0.0,1.0,0.0,0.0,0.0,0.0,2.0,10.0,3.0,0.0,0.0,2.0,5.0,34.0,3.0,0.0,0.0,0.0,0.0,0.0,0.0,0.0,0.0,0.0,0.0,0.0,0.0,0.0,0.0,0.0,0.0,0.0,0.0,0.0,3.0,1.0,0.0,1.0,0.0,0.0,0.0,0.0,1.0,5.0,1.0,3345212575.0,-1.0,茂名市化州市,茂名市化州市杨梅镇,12.0,24.0,0.0,1.7,37.7,42.8,48.854464285714286,56.92664596273291
广东省,茂名市,化州市,良光镇,110.5509809,21.5883015,7.0,0.0,11.0,11.0,41.0,3.0,0.0,0.0,0.0,0.0,0.0,0.0,0.0,0.0,1.0,1.0,0.0,0.0,0.0,0.0,0.0,0.0,1.0,0.0,0.0,10.0,1.0,0.0,0.0,1.0,0.0,0.0,0.0,3.0,8.0,2.0,5.0,0.0,2.0,6.0,27.0,0.0,0.0,0.0,0.0,0.0,0.0,0.0,0.0,0.0,0.0,0.0,0.0,0.0,0.0,0.0,0.0,0.0,0.0,0.0,0.0,2.0,0.0,0.0,0.0,0.0,0.0,0.0,0.0,2.0,4.0,1.0,3345212569.0,12235424.0,茂名市化州市,茂名市化州市良光镇,20.0,24.0,0.0,1.2,45.2,42.8,48.854464285714286,56.92664596273291
广东省,茂名市,化州市,笪桥镇,110.4867233,21.5678263,4.0,0.0,2.0,14.0,18.0,0.0,0.0,0.0,0.0,0.0,0.0,0.0,0.0,0.0,0.0,0.0,0.0,0.0,0.0,0.0,0.0,0.0,0.0,0.0,0.0,11.0,0.0,0.0,0.0,0.0,0.0,0.0,0.0,7.0,8.0,0.0,2.0,0.0,2.0,5.0,13.0,0.0,0.0,0.0,0.0,0.0,0.0,0.0,0.0,0.0,0.0,0.0,0.0,0.0,0.0,0.0,0.0,0.0,0.0,0.0,0.0,2.0,0.0,0.0,0.0,0.0,0.0,0.0,0.0,2.0,5.0,0.0,8363212131.0,-1.0,茂名市化州市,茂名市化州市笪桥镇,12.0,21.5,0.0,0.0,33.5,42.8,48.854464285714286,56.92664596273291
广东省,茂名市,化州市,丽岗镇,110.6296733,21.7499393,0.0,3.0,7.0,13.0,20.0,1.0,0.0,0.0,0.0,0.0,0.0,0.0,0.0,0.0,2.0,2.0,0.0,0.0,0.0,0.0,5.0,0.0,1.0,0.0,0.0,13.0,2.0,0.0,0.0,2.0,0.0,0.0,1.0,5.0,10.0,7.0,0.0,2.0,4.0,3.0,16.0,1.0,0.0,0.0,0.0,0.0,0.0,0.0,0.0,0.0,2.0,2.0,0.0,0.0,0.0,0.0,4.0,0.0,0.0,0.0,0.0,2.0,1.0,0.0,0.0,1.0,0.0,0.0,1.0,2.0,6.0,5.0,2635656011.0,-1.0,茂名市化州市,茂名市化州市丽岗镇,12.0,22.8,5.0,4.1,43.9,42.8,48.854464285714286,56.92664596273291
广东省,茂名市,化州市,新安镇,110.423083,21.652974,6.0,1.0,1.0,16.0,6.0,0.0,0.0,0.0,0.0,0.0,0.0,0.0,0.0,0.0,0.0,0.0,0.0,0.0,0.0,0.0,1.0,0.0,0.0,0.0,0.0,7.0,0.0,0.0,0.0,0.0,0.0,0.0,0.0,7.0,6.0,3.0,3.0,1.0,1.0,6.0,4.0,0.0,0.0,0.0,0.0,0.0,0.0,0.0,0.0,0.0,0.0,0.0,0.0,0.0,0.0,0.0,1.0,0.0,0.0,0.0,0.0,1.0,0.0,0.0,0.0,0.0,0.0,0.0,0.0,3.0,5.0,2.0,8363212130.0,-1.0,茂名市化州市,茂名市化州市新安镇,12.0,15.4,0.0,1.5,28.9,42.8,48.854464285714286,56.92664596273291
广东省,茂名市,化州市,官桥镇,110.4995456,21.7356899,0.0,14.0,12.0,14.0,40.0,0.0,0.0,0.0,0.0,0.0,0.0,0.0,0.0,0.0,2.0,2.0,0.0,0.0,0.0,0.0,0.0,0.0,0.0,0.0,0.0,3.0,0.0,0.0,0.0,0.0,0.0,0.0,0.0,1.0,5.0,1.0,0.0,10.0,10.0,9.0,14.0,0.0,0.0,0.0,0.0,0.0,0.0,0.0,0.0,0.0,2.0,2.0,0.0,0.0,0.0,0.0,0.0,0.0,0.0,0.0,0.0,1.0,0.0,0.0,0.0,0.0,0.0,0.0,0.0,1.0,5.0,1.0,3996709557.0,-1.0,茂名市化州市,茂名市化州市官桥镇,10.0,22.5,5.0,0.5,38.0,42.8,48.854464285714286,56.92664596273291
广东省,茂名市,化州市,林尘镇,110.5657851,21.8346552,0.0,7.0,0.0,7.0,10.0,0.0,0.0,0.0,0.0,0.0,0.0,0.0,0.0,0.0,1.0,1.0,0.0,0.0,0.0,0.0,2.0,0.0,0.0,0.0,0.0,8.0,0.0,0.0,0.0,1.0,0.0,0.0,0.0,2.0,4.0,3.0,0.0,7.0,0.0,5.0,9.0,0.0,0.0,0.0,0.0,0.0,0.0,0.0,0.0,0.0,1.0,1.0,0.0,0.0,0.0,0.0,2.0,0.0,0.0,0.0,0.0,3.0,0.0,0.0,0.0,1.0,0.0,0.0,0.0,2.0,4.0,3.0,2635656017.0,-1.0,茂名市化州市,茂名市化州市林尘镇,12.0,16.7,5.0,1.7,35.400000000000006,42.8,48.854464285714286,56.92664596273291
广东省,茂名市,化州市,合江镇,110.5595997,21.9346027,0.0,15.0,0.0,11.0,20.0,1.0,0.0,0.0,0.0,0.0,0.0,0.0,0.0,0.0,0.0,0.0,0.0,0.0,0.0,0.0,0.0,0.0,0.0,0.0,0.0,7.0,1.0,0.0,0.0,0.0,0.0,0.0,0.0,2.0,5.0,3.0,0.0,12.0,0.0,7.0,17.0,1.0,0.0,0.0,0.0,0.0,0.0,0.0,0.0,0.0,0.0,0.0,0.0,0.0,0.0,0.0,0.0,0.0,0.0,0.0,0.0,1.0,1.0,0.0,0.0,0.0,0.0,0.0,0.0,2.0,4.0,2.0,2635656003.0,-1.0,茂名市化州市,茂名市化州市合江镇,12.0,21.6,0.0,1.7,35.300000000000004,42.8,48.854464285714286,56.92664596273291
广东省,茂名市,化州市,那务镇,110.587403,22.00389,0.0,5.0,7.0,26.0,30.0,1.0,0.0,0.0,0.0,0.0,1.0,0.0,0.0,0.0,0.0,0.0,0.0,0.0,0.0,0.0,4.0,0.0,1.0,0.0,0.0,16.0,0.0,0.0,0.0,0.0,0.0,0.0,0.0,2.0,6.0,5.0,0.0,1.0,7.0,10.0,13.0,0.0,0.0,0.0,0.0,0.0,0.0,0.0,0.0,0.0,0.0,0.0,0.0,0.0,0.0,0.0,1.0,0.0,0.0,0.0,0.0,3.0,0.0,0.0,0.0,0.0,0.0,0.0,0.0,2.0,5.0,3.0,2635656021.0,-1.0,茂名市化州市,茂名市化州市那务镇,12.0,24.9,0.0,2.5,39.4,42.8,48.854464285714286,56.92664596273291
广东省,茂名市,化州市,播扬镇,110.5883213,22.1178323,0.0,5.0,3.0,15.0,9.0,0.0,0.0,0.0,0.0,0.0,0.0,0.0,0.0,0.0,0.0,0.0,0.0,0.0,0.0,0.0,0.0,0.0,0.0,0.0,0.0,9.0,0.0,0.0,0.0,0.0,0.0,0.0,0.0,2.0,4.0,1.0,0.0,5.0,3.0,10.0,9.0,0.0,0.0,0.0,0.0,0.0,0.0,0.0,0.0,0.0,0.0,0.0,0.0,0.0,0.0,0.0,0.0,0.0,0.0,0.0,0.0,2.0,0.0,0.0,0.0,0.0,0.0,0.0,0.0,2.0,4.0,1.0,2635655999.0,-1.0,茂名市化州市,茂名市化州市播扬镇,12.0,16.5,0.0,0.5,29.0,42.8,48.854464285714286,56.92664596273291
广东省,茂名市,化州市,宝圩镇,110.6652153,22.1681642,14.0,6.0,1.0,4.0,33.0,6.0,0.0,0.0,0.0,0.0,1.0,0.0,0.0,0.0,0.0,0.0,0.0,0.0,0.0,0.0,0.0,0.0,0.0,0.0,0.0,6.0,1.0,0.0,0.0,1.0,0.0,0.0,0.0,11.0,10.0,1.0,12.0,6.0,0.0,0.0,30.0,3.0,0.0,0.0,0.0,0.0,1.0,0.0,0.0,0.0,0.0,0.0,0.0,0.0,0.0,0.0,0.0,0.0,0.0,0.0,0.0,2.0,1.0,0.0,0.0,1.0,0.0,0.0,0.0,9.0,8.0,1.0,2635655995.0,-1.0,茂名市化州市,茂名市化州市宝圩镇,12.0,26.0,0.0,0.9,38.9,42.8,48.854464285714286,56.92664596273291
广东省,茂名市,化州市,平定镇,110.4101254,22.0265016,0.0,11.0,3.0,17.0,44.0,6.0,0.0,0.0,0.0,0.0,0.0,0.0,0.0,0.0,3.0,3.0,0.0,0.0,0.0,1.0,7.0,0.0,0.0,0.0,0.0,7.0,31.0,0.0,0.0,0.0,0.0,0.0,1.0,2.0,7.0,5.0,0.0,11.0,2.0,13.0,21.0,0.0,0.0,0.0,0.0,0.0,0.0,0.0,0.0,0.0,3.0,3.0,0.0,0.0,0.0,1.0,3.0,0.0,0.0,0.0,0.0,2.0,0.0,0.0,0.0,0.0,0.0,0.0,1.0,2.0,4.0,3.0,369498722.0,-1.0,茂名市化州市,茂名市化州市平定镇,12.0,23.5,6.0,5.6,47.1,42.8,48.854464285714286,56.92664596273291
广东省,茂名市,化州市,文楼镇,110.4125437,22.1060211,0.0,4.0,2.0,17.0,29.0,0.0,0.0,0.0,0.0,0.0,0.0,0.0,0.0,0.0,1.0,1.0,0.0,0.0,0.0,0.0,0.0,0.0,2.0,0.0,0.0,12.0,1.0,0.0,0.0,1.0,0.0,0.0,0.0,2.0,5.0,4.0,0.0,3.0,1.0,5.0,18.0,0.0,0.0,0.0,0.0,0.0,0.0,0.0,0.0,0.0,0.0,0.0,0.0,0.0,0.0,0.0,0.0,0.0,0.0,0.0,0.0,1.0,0.0,0.0,0.0,0.0,0.0,0.0,0.0,2.0,5.0,1.0,8363212128.0,-1.0,茂名市化州市,茂名市化州市文楼镇,12.0,22.5,0.0,2.2,36.7,42.8,48.854464285714286,56.92664596273291
广东省,茂名市,化州市,江湖镇,110.5997224,21.8715698,0.0,1.0,0.0,18.0,20.0,0.0,0.0,0.0,0.0,0.0,0.0,0.0,0.0,0.0,0.0,0.0,0.0,0.0,0.0,0.0,1.0,0.0,0.0,0.0,0.0,8.0,0.0,0.0,0.0,0.0,0.0,0.0,0.0,2.0,4.0,4.0,0.0,1.0,0.0,9.0,15.0,0.0,0.0,0.0,0.0,0.0,0.0,0.0,0.0,0.0,0.0,0.0,0.0,0.0,0.0,0.0,1.0,0.0,0.0,0.0,0.0,1.0,0.0,0.0,0.0,0.0,0.0,0.0,0.0,2.0,4.0,3.0,2635656008.0,-1.0,茂名市化州市,茂名市化州市江湖镇,12.0,20.5,0.0,2.0,34.5,42.8,48.854464285714286,56.92664596273291
广东省,茂名市,化州市,中垌镇,110.4716358,21.8400226,0.0,14.0,9.0,32.0,35.0,0.0,0.0,0.0,0.0,0.0,0.0,0.0,0.0,0.0,3.0,3.0,0.0,0.0,0.0,0.0,8.0,0.0,0.0,0.0,0.0,16.0,40.0,0.0,0.0,1.0,0.0,0.0,0.0,2.0,5.0,3.0,0.0,12.0,9.0,28.0,21.0,0.0,0.0,0.0,0.0,0.0,0.0,0.0,0.0,0.0,2.0,2.0,0.0,0.0,0.0,0.0,4.0,0.0,0.0,0.0,0.0,4.0,0.0,0.0,0.0,1.0,0.0,0.0,0.0,2.0,5.0,3.0,2151625334.0,-1.0,茂名市化州市,茂名市化州市中垌镇,12.0,22.5,5.0,5.7,45.2,42.8,48.854464285714286,56.92664596273291
广东省,茂名市,信宜市,东镇街道,110.9366088,22.3568822,78.0,134.0,101.0,119.0,233.0,54.0,27.0,235.0,20.0,8.0,4.0,48.0,10.0,14.0,23.0,32.0,3.0,1.0,6.0,59.0,37.0,3.0,0.0,0.0,4.0,20.0,121.0,0.0,16.0,4.0,75.0,26.0,22.0,7.0,20.0,14.0,29.0,22.0,23.0,67.0,91.0,13.0,14.0,68.0,9.0,3.0,0.0,30.0,4.0,6.0,10.0,15.0,0.0,1.0,5.0,31.0,13.0,2.0,0.0,0.0,0.0,7.0,70.0,0.0,0.0,2.0,44.0,9.0,16.0,5.0,17.0,8.0,12898669754.0,19228722.0,茂名市信宜市,茂名市信宜市东镇街道,20.0,30.0,25.0,20.0,95.0,43.339999999999996,48.854464285714286,56.92664596273291
广东省,茂名市,信宜市,玉都街道,110.9463605,22.3334317,45.0,172.0,70.0,86.0,138.0,50.0,18.0,143.0,15.0,10.0,2.0,31.0,8.0,10.0,18.0,23.0,3.0,1.0,4.0,26.0,31.0,1.0,0.0,0.0,3.0,15.0,73.0,0.0,15.0,5.0,37.0,39.0,5.0,9.0,22.0,11.0,0.0,57.0,12.0,4.0,8.0,14.0,3.0,15.0,0.0,4.0,0.0,2.0,0.0,0.0,5.0,6.0,0.0,0.0,0.0,0.0,11.0,0.0,0.0,0.0,1.0,1.0,14.0,0.0,13.0,1.0,4.0,9.0,0.0,2.0,12.0,4.0,9899960578.0,19177025.0,茂名市信宜市,茂名市信宜市玉都街道,20.0,30.0,10.0,13.3,73.3,43.339999999999996,48.854464285714286,56.92664596273291
广东省,茂名市,信宜市,镇隆镇,110.8686102,22.2058413,13.0,1.0,3.0,46.0,96.0,15.0,0.0,6.0,0.0,1.0,0.0,1.0,3.0,3.0,4.0,4.0,1.0,0.0,0.0,0.0,3.0,0.0,0.0,0.0,0.0,18.0,5.0,0.0,0.0,0.0,0.0,0.0,6.0,7.0,9.0,4.0,11.0,0.0,2.0,22.0,44.0,4.0,0.0,3.0,0.0,1.0,0.0,1.0,1.0,1.0,3.0,3.0,1.0,0.0,0.0,0.0,2.0,0.0,0.0,0.0,0.0,5.0,4.0,0.0,0.0,0.0,0.0,0.0,5.0,5.0,7.0,4.0,8358257100.0,-1.0,茂名市信宜市,茂名市信宜市镇隆镇,12.0,26.0,20.0,2.9,60.9,43.339999999999996,48.854464285714286,56.92664596273291
广东省,茂名市,信宜市,水口镇,110.9182553,22.2516651,13.0,6.0,1.0,9.0,7.0,3.0,0.0,1.0,1.0,0.0,0.0,0.0,1.0,1.0,1.0,1.0,0.0,0.0,0.0,0.0,1.0,0.0,0.0,0.0,0.0,8.0,5.0,0.0,0.0,0.0,0.0,1.0,0.0,6.0,13.0,4.0,6.0,3.0,0.0,5.0,3.0,0.0,0.0,1.0,1.0,0.0,0.0,0.0,1.0,1.0,1.0,1.0,0.0,0.0,0.0,0.0,1.0,0.0,0.0,0.0,0.0,2.0,0.0,0.0,0.0,0.0,0.0,0.0,0.0,4.0,6.0,3.0,8358257101.0,-1.0,茂名市信宜市,茂名市信宜市水口镇,12.0,18.3,10.0,2.5,42.8,43.339999999999996,48.854464285714286,56.92664596273291
广东省,茂名市,信宜市,丁堡镇,110.979607,22.30868,0.0,17.0,5.0,19.0,18.0,0.0,0.0,0.0,0.0,0.0,0.0,1.0,0.0,0.0,1.0,1.0,0.0,0.0,0.0,0.0,0.0,0.0,0.0,0.0,0.0,6.0,1.0,0.0,0.0,1.0,0.0,0.0,0.0,4.0,10.0,1.0,0.0,9.0,3.0,10.0,15.0,0.0,0.0,0.0,0.0,0.0,0.0,1.0,0.0,0.0,1.0,1.0,0.0,0.0,0.0,0.0,0.0,0.0,0.0,0.0,0.0,1.0,0.0,0.0,0.0,1.0,0.0,0.0,0.0,2.0,10.0,1.0,4454461189.0,-1.0,茂名市信宜市,茂名市信宜市丁堡镇,12.0,22.1,10.0,0.8,44.9,43.339999999999996,48.854464285714286,56.92664596273291
广东省,茂名市,信宜市,池洞镇,110.9475385,22.4296302,20.0,29.0,4.0,14.0,21.0,14.0,0.0,19.0,0.0,2.0,0.0,1.0,0.0,0.0,1.0,1.0,0.0,0.0,0.0,3.0,2.0,0.0,0.0,0.0,0.0,7.0,3.0,0.0,0.0,3.0,3.0,1.0,3.0,6.0,15.0,7.0,7.0,4.0,2.0,1.0,10.0,0.0,0.0,0.0,0.0,0.0,0.0,1.0,0.0,0.0,0.0,0.0,0.0,0.0,0.0,0.0,2.0,0.0,0.0,0.0,0.0,2.0,0.0,0.0,0.0,0.0,1.0,0.0,0.0,4.0,5.0,3.0,4454475189.0,-1.0,茂名市信宜市,茂名市信宜市池洞镇,12.0,23.2,5.0,4.1,44.300000000000004,43.339999999999996,48.854464285714286,56.92664596273291
广东省,茂名市,信宜市,贵子镇,111.1104811,22.6406966,0.0,4.0,0.0,4.0,6.0,0.0,0.0,0.0,0.0,0.0,1.0,0.0,1.0,1.0,1.0,1.0,0.0,1.0,0.0,0.0,2.0,0.0,0.0,0.0,0.0,4.0,0.0,0.0,0.0,0.0,0.0,0.0,0.0,5.0,5.0,2.0,0.0,4.0,0.0,1.0,6.0,0.0,0.0,0.0,0.0,0.0,1.0,0.0,1.0,1.0,1.0,1.0,0.0,1.0,0.0,0.0,2.0,0.0,0.0,0.0,0.0,1.0,0.0,0.0,0.0,0.0,0.0,0.0,0.0,1.0,5.0,2.0,5043887020.0,-1.0,茂名市信宜市,茂名市信宜市贵子镇,11.0,16.5,12.0,1.0,40.5,43.339999999999996,48.854464285714286,56.92664596273291
广东省,茂名市,信宜市,怀乡镇,111.0538735,22.4812773,0.0,9.0,1.0,1.0,27.0,0.0,0.0,0.0,0.0,0.0,0.0,1.0,0.0,0.0,2.0,2.0,0.0,0.0,0.0,0.0,4.0,0.0,2.0,0.0,0.0,7.0,2.0,0.0,0.0,0.0,1.0,0.0,2.0,3.0,4.0,7.0,0.0,5.0,0.0,0.0,20.0,0.0,0.0,0.0,0.0,0.0,0.0,1.0,0.0,0.0,2.0,2.0,0.0,0.0,0.0,0.0,3.0,0.0,1.0,0.0,0.0,2.0,1.0,0.0,0.0,0.0,1.0,0.0,2.0,3.0,2.0,7.0,4454475192.0,-1.0,茂名市信宜市,茂名市信宜市怀乡镇,12.0,19.4,10.0,3.8,45.199999999999996,43.339999999999996,48.854464285714286,56.92664596273291
广东省,茂名市,信宜市,茶山镇,111.143965,22.556249,0.0,0.0,3.0,4.0,9.0,0.0,0.0,0.0,0.0,0.0,0.0,0.0,0.0,0.0,1.0,1.0,0.0,0.0,0.0,0.0,1.0,0.0,0.0,0.0,0.0,5.0,0.0,0.0,0.0,0.0,0.0,0.0,0.0,1.0,4.0,2.0,0.0,0.0,2.0,1.0,9.0,0.0,0.0,0.0,0.0,0.0,0.0,0.0,0.0,0.0,1.0,1.0,0.0,0.0,0.0,0.0,1.0,0.0,0.0,0.0,0.0,3.0,0.0,0.0,0.0,0.0,0.0,0.0,0.0,1.0,4.0,2.0,8358257099.0,-1.0,茂名市信宜市,茂名市信宜市茶山镇,12.0,15.5,5.0,1.0,33.5,43.339999999999996,48.854464285714286,56.92664596273291
广东省,茂名市,信宜市,洪冠镇,111.1158062,22.4779903,0.0,5.0,6.0,2.0,23.0,0.0,0.0,0.0,0.0,0.0,0.0,0.0,0.0,0.0,1.0,1.0,0.0,0.0,0.0,0.0,1.0,0.0,0.0,0.0,0.0,4.0,0.0,0.0,0.0,0.0,0.0,0.0,0.0,3.0,5.0,3.0,0.0,2.0,3.0,0.0,11.0,0.0,0.0,0.0,0.0,0.0,0.0,0.0,0.0,0.0,1.0,1.0,0.0,0.0,0.0,0.0,1.0,0.0,0.0,0.0,0.0,2.0,0.0,0.0,0.0,0.0,0.0,0.0,0.0,3.0,3.0,2.0,4454475191.0,-1.0,茂名市信宜市,茂名市信宜市洪冠镇,11.0,17.4,5.0,1.5,34.9,43.339999999999996,48.854464285714286,56.92664596273291
广东省,茂名市,信宜市,白石镇,111.087688,22.35992,5.0,4.0,0.0,3.0,10.0,5.0,0.0,29.0,0.0,0.0,0.0,0.0,0.0,0.0,0.0,0.0,0.0,0.0,0.0,1.0,4.0,0.0,0.0,0.0,2.0,6.0,3.0,0.0,0.0,0.0,0.0,1.0,4.0,4.0,12.0,6.0,5.0,4.0,0.0,2.0,9.0,0.0,0.0,0.0,0.0,0.0,0.0,0.0,0.0,0.0,0.0,0.0,0.0,0.0,0.0,0.0,2.0,0.0,0.0,0.0,0.0,3.0,0.0,0.0,0.0,0.0,0.0,0.0,0.0,3.0,5.0,2.0,4454437089.0,-1.0,茂名市信宜市,茂名市信宜市白石镇,12.0,16.7,0.0,3.3,32.0,43.339999999999996,48.854464285714286,56.92664596273291
广东省,茂名市,信宜市,大成镇,111.106539,22.305483,0.0,7.0,0.0,15.0,3.0,0.0,0.0,0.0,0.0,0.0,0.0,0.0,0.0,0.0,0.0,0.0,0.0,0.0,0.0,0.0,2.0,0.0,0.0,0.0,0.0,6.0,0.0,0.0,0.0,0.0,0.0,0.0,0.0,2.0,4.0,2.0,0.0,5.0,0.0,12.0,2.0,0.0,0.0,0.0,0.0,0.0,0.0,0.0,0.0,0.0,0.0,0.0,0.0,0.0,0.0,0.0,1.0,0.0,0.0,0.0,0.0,1.0,0.0,0.0,0.0,0.0,0.0,0.0,0.0,2.0,3.0,2.0,4454475190.0,-1.0,茂名市信宜市,茂名市信宜市大成镇,12.0,13.2,0.0,1.0,26.2,43.339999999999996,48.854464285714286,56.92664596273291
广东省,茂名市,信宜市,钱排镇,111.2502903,22.3739644,17.0,9.0,2.0,5.0,80.0,17.0,0.0,17.0,0.0,3.0,0.0,0.0,0.0,0.0,3.0,3.0,0.0,0.0,0.0,3.0,0.0,1.0,0.0,0.0,0.0,8.0,10.0,0.0,0.0,1.0,0.0,3.0,6.0,4.0,11.0,6.0,2.0,3.0,1.0,5.0,16.0,13.0,0.0,1.0,0.0,3.0,0.0,0.0,0.0,0.0,2.0,2.0,0.0,0.0,0.0,3.0,0.0,1.0,0.0,0.0,0.0,1.0,4.0,0.0,0.0,1.0,0.0,2.0,5.0,4.0,9.0,5.0,4236256704.0,-1.0,茂名市信宜市,茂名市信宜市钱排镇,12.0,26.0,8.0,4.6,50.6,43.339999999999996,48.854464285714286,56.92664596273291
广东省,茂名市,信宜市,合水镇,111.4137887,22.3699771,2.0,1.0,4.0,5.0,30.0,3.0,0.0,0.0,0.0,0.0,0.0,0.0,0.0,0.0,0.0,0.0,0.0,0.0,0.0,0.0,0.0,0.0,0.0,0.0,0.0,7.0,0.0,0.0,0.0,0.0,0.0,0.0,0.0,3.0,7.0,1.0,2.0,1.0,4.0,0.0,26.0,3.0,0.0,0.0,0.0,0.0,0.0,0.0,0.0,0.0,0.0,0.0,0.0,0.0,0.0,0.0,0.0,0.0,0.0,0.0,0.0,1.0,0.0,0.0,0.0,0.0,0.0,0.0,0.0,3.0,6.0,1.0,4236256701.0,-1.0,茂名市信宜市,茂名市信宜市合水镇,12.0,23.5,0.0,0.5,36.0,43.339999999999996,48.854464285714286,56.92664596273291
广东省,茂名市,信宜市,新宝镇,111.4543089,22.3820199,4.0,2.0,0.0,17.0,7.0,0.0,0.0,0.0,0.0,0.0,0.0,0.0,0.0,0.0,0.0,0.0,0.0,0.0,0.0,0.0,0.0,0.0,0.0,0.0,0.0,10.0,0.0,0.0,0.0,0.0,0.0,0.0,0.0,3.0,4.0,1.0,4.0,2.0,0.0,8.0,7.0,0.0,0.0,0.0,0.0,0.0,0.0,0.0,0.0,0.0,0.0,0.0,0.0,0.0,0.0,0.0,0.0,0.0,0.0,0.0,0.0,2.0,0.0,0.0,0.0,0.0,0.0,0.0,0.0,3.0,4.0,1.0,4236256707.0,-1.0,茂名市信宜市,茂名市信宜市新宝镇,12.0,15.5,0.0,0.5,28.0,43.339999999999996,48.854464285714286,56.92664596273291
广东省,茂名市,信宜市,平塘镇,111.3634988,22.4736046,0.0,1.0,5.0,6.0,13.0,0.0,0.0,0.0,0.0,0.0,0.0,0.0,0.0,0.0,0.0,0.0,0.0,0.0,0.0,0.0,0.0,0.0,0.0,0.0,0.0,5.0,1.0,0.0,0.0,0.0,0.0,0.0,0.0,3.0,9.0,3.0,0.0,1.0,0.0,4.0,4.0,0.0,0.0,0.0,0.0,0.0,0.0,0.0,0.0,0.0,0.0,0.0,0.0,0.0,0.0,0.0,0.0,0.0,0.0,0.0,0.0,2.0,0.0,0.0,0.0,0.0,0.0,0.0,0.0,2.0,4.0,3.0,4454475193.0,-1.0,茂名市信宜市,茂名市信宜市平塘镇,12.0,17.8,0.0,1.6,31.400000000000002,43.339999999999996,48.854464285714286,56.92664596273291
广东省,茂名市,信宜市,思贺镇,111.572046,22.471969,0.0,1.0,2.0,15.0,1.0,0.0,0.0,0.0,0.0,0.0,0.0,0.0,0.0,0.0,1.0,1.0,0.0,0.0,0.0,0.0,0.0,0.0,0.0,0.0,0.0,6.0,0.0,0.0,0.0,0.0,0.0,0.0,0.0,1.0,4.0,1.0,0.0,1.0,2.0,14.0,0.0,0.0,0.0,0.0,0.0,0.0,0.0,0.0,0.0,0.0,1.0,1.0,0.0,0.0,0.0,0.0,0.0,0.0,0.0,0.0,0.0,3.0,0.0,0.0,0.0,0.0,0.0,0.0,0.0,1.0,3.0,1.0,8358257102.0,-1.0,茂名市信宜市,茂名市信宜市思贺镇,12.0,12.2,5.0,0.5,29.7,43.339999999999996,48.854464285714286,56.92664596273291
广东省,茂名市,信宜市,金垌镇,110.7871851,22.4717851,0.0,3.0,5.0,10.0,10.0,0.0,0.0,0.0,0.0,0.0,0.0,0.0,0.0,0.0,0.0,0.0,0.0,0.0,0.0,0.0,7.0,0.0,1.0,0.0,0.0,6.0,0.0,0.0,0.0,1.0,0.0,0.0,0.0,2.0,5.0,3.0,0.0,3.0,3.0,4.0,9.0,0.0,0.0,0.0,0.0,0.0,0.0,0.0,0.0,0.0,0.0,0.0,0.0,0.0,0.0,0.0,7.0,0.0,0.0,0.0,0.0,2.0,0.0,0.0,0.0,0.0,0.0,0.0,0.0,2.0,5.0,2.0,5065907082.0,-1.0,茂名市信宜市,茂名市信宜市金垌镇,12.0,17.2,0.0,1.6,30.8,43.339999999999996,48.854464285714286,56.92664596273291
广东省,茂名市,信宜市,朱砂镇,110.9725701,22.5715773,6.0,5.0,1.0,8.0,7.0,0.0,0.0,0.0,0.0,0.0,1.0,1.0,0.0,0.0,4.0,4.0,1.0,0.0,1.0,0.0,16.0,0.0,0.0,0.0,0.0,4.0,1.0,0.0,0.0,3.0,0.0,1.0,0.0,4.0,10.0,4.0,3.0,1.0,0.0,3.0,5.0,0.0,0.0,0.0,0.0,0.0,0.0,1.0,0.0,0.0,4.0,4.0,1.0,0.0,1.0,0.0,2.0,0.0,0.0,0.0,0.0,2.0,0.0,0.0,0.0,0.0,0.0,1.0,0.0,4.0,7.0,3.0,6522446144.0,-1.0,茂名市信宜市,茂名市信宜市朱砂镇,11.0,18.9,17.0,2.4,49.3,43.339999999999996,48.854464285714286,56.92664596273291
广东省,茂名市,信宜市,北界镇,110.796368,22.322968,0.0,1.0,5.0,9.0,3.0,0.0,0.0,0.0,0.0,0.0,0.0,2.0,0.0,0.0,2.0,2.0,0.0,0.0,0.0,0.0,3.0,0.0,0.0,0.0,2.0,12.0,0.0,0.0,0.0,3.0,2.0,0.0,0.0,2.0,5.0,3.0,0.0,1.0,5.0,2.0,2.0,0.0,0.0,0.0,0.0,0.0,0.0,2.0,0.0,0.0,2.0,2.0,0.0,0.0,0.0,0.0,3.0,0.0,0.0,0.0,0.0,3.0,0.0,0.0,0.0,0.0,2.0,0.0,0.0,2.0,4.0,2.0,5066021451.0,-1.0,茂名市信宜市,茂名市信宜市北界镇,12.0,13.7,10.0,1.8,37.5,43.339999999999996,48.854464285714286,56.92664596273291
广东省,肇庆市,端州区,城东街道,112.4796019,23.0538868,21.0,216.0,344.0,184.0,491.0,532.0,58.0,933.0,433.0,64.0,8.0,87.0,22.0,62.0,31.0,57.0,19.0,12.0,51.0,637.0,212.0,12.0,6.0,7.0,2.0,58.0,2553.0,85.0,171.0,139.0,646.0,163.0,115.0,18.0,26.0,35.0,0.0,56.0,70.0,51.0,117.0,82.0,5.0,149.0,84.0,5.0,1.0,21.0,4.0,12.0,7.0,16.0,5.0,2.0,11.0,117.0,75.0,3.0,0.0,0.0,1.0,18.0,481.0,3.0,11.0,15.0,145.0,35.0,11.0,3.0,19.0,13.0,8344134240.0,12216395.0,肇庆市端州区,肇庆市端州区城东街道,20.0,30.0,30.0,20.0,100.0,95.0,51.11826923076923,56.92664596273291
广东省,肇庆市,端州区,城西街道,112.4570059,23.0573714,0.0,257.0,340.0,204.0,471.0,473.0,64.0,921.0,523.0,56.0,6.0,58.0,15.0,33.0,38.0,73.0,12.0,6.0,38.0,391.0,267.0,16.0,12.0,9.0,4.0,70.0,2200.0,15.0,73.0,128.0,359.0,152.0,109.0,18.0,23.0,26.0,0.0,30.0,100.0,26.0,78.0,135.0,7.0,192.0,90.0,13.0,1.0,18.0,6.0,11.0,9.0,17.0,3.0,2.0,9.0,145.0,53.0,6.0,0.0,4.0,1.0,12.0,602.0,5.0,15.0,42.0,92.0,35.0,26.0,4.0,19.0,15.0,8344134241.0,12216394.0,肇庆市端州区,肇庆市端州区城西街道,20.0,30.0,30.0,20.0,100.0,95.0,51.11826923076923,56.92664596273291
广东省,肇庆市,端州区,黄岗街道,112.4956439,23.0618264,3.0,287.0,287.0,224.0,469.0,597.0,52.0,1057.0,399.0,72.0,10.0,85.0,19.0,70.0,27.0,57.0,16.0,20.0,51.0,663.0,195.0,8.0,10.0,7.0,4.0,61.0,2253.0,169.0,210.0,138.0,785.0,196.0,106.0,12.0,27.0,33.0,0.0,41.0,49.0,54.0,135.0,121.0,0.0,84.0,86.0,12.0,2.0,20.0,6.0,18.0,4.0,7.0,3.0,5.0,7.0,148.0,40.0,1.0,3.0,0.0,1.0,13.0,532.0,0.0,12.0,5.0,66.0,33.0,8.0,2.0,17.0,14.0,8344134242.0,12216392.0,肇庆市端州区,肇庆市端州区黄岗街道,20.0,30.0,30.0,20.0,100.0,95.0,51.11826923076923,56.92664596273291
广东省,肇庆市,端州区,睦岗街道,112.4159502,23.067374,36.0,85.0,180.0,179.0,285.0,205.0,4.0,365.0,242.0,8.0,4.0,8.0,3.0,4.0,21.0,29.0,0.0,0.0,1.0,49.0,95.0,4.0,39.0,4.0,1.0,44.0,291.0,2.0,2.0,18.0,37.0,34.0,9.0,8.0,24.0,24.0,0.0,15.0,27.0,44.0,64.0,15.0,0.0,63.0,44.0,0.0,0.0,1.0,0.0,0.0,4.0,5.0,0.0,0.0,0.0,0.0,8.0,0.0,1.0,0.0,0.0,15.0,2.0,0.0,0.0,0.0,0.0,2.0,0.0,1.0,16.0,7.0,8344134243.0,12216393.0,肇庆市端州区,肇庆市端州区睦岗街道,20.0,30.0,10.0,20.0,80.0,95.0,51.11826923076923,56.92664596273291
广东省,肇庆市,鼎湖区,坑口街道,112.5544908,23.1563591,46.0,76.0,125.0,122.0,145.0,78.0,5.0,261.0,163.0,7.0,1.0,2.0,0.0,0.0,5.0,9.0,1.0,0.0,2.0,10.0,55.0,1.0,11.0,3.0,7.0,16.0,51.0,3.0,0.0,12.0,2.0,29.0,5.0,12.0,23.0,16.0,0.0,27.0,44.0,26.0,58.0,19.0,1.0,60.0,57.0,1.0,0.0,1.0,0.0,0.0,2.0,3.0,0.0,0.0,1.0,2.0,18.0,0.0,0.0,1.0,1.0,3.0,12.0,0.0,0.0,0.0,0.0,5.0,1.0,5.0,19.0,9.0,4502368625.0,16012501.0,肇庆市鼎湖区,肇庆市鼎湖区坑口街道,20.0,30.0,14.0,11.5,75.5,64.91428571428571,51.11826923076923,56.92664596273291
广东省,肇庆市,鼎湖区,桂城街道,112.582216,23.1891958,35.0,147.0,129.0,163.0,116.0,67.0,8.0,406.0,249.0,14.0,1.0,0.0,3.0,3.0,8.0,11.0,1.0,0.0,0.0,3.0,38.0,4.0,18.0,1.0,2.0,10.0,26.0,2.0,0.0,5.0,1.0,24.0,3.0,12.0,25.0,13.0,0.0,34.0,27.0,47.0,14.0,4.0,1.0,92.0,52.0,1.0,0.0,0.0,0.0,0.0,1.0,2.0,0.0,0.0,0.0,0.0,5.0,1.0,2.0,0.0,1.0,2.0,9.0,0.0,0.0,0.0,0.0,4.0,0.0,2.0,15.0,7.0,8342936231.0,15990324.0,肇庆市鼎湖区,肇庆市鼎湖区桂城街道,20.0,30.0,5.0,8.0,63.0,64.91428571428571,51.11826923076923,56.92664596273291
广东省,肇庆市,鼎湖区,广利街道,112.6126599,23.1857691,0.0,88.0,51.0,126.0,86.0,30.0,3.0,152.0,102.0,5.0,1.0,0.0,1.0,1.0,5.0,7.0,0.0,0.0,0.0,4.0,22.0,1.0,4.0,0.0,2.0,25.0,15.0,0.0,0.0,2.0,0.0,21.0,5.0,5.0,19.0,10.0,0.0,10.0,2.0,19.0,34.0,17.0,0.0,13.0,22.0,1.0,0.0,0.0,1.0,1.0,3.0,4.0,0.0,0.0,0.0,3.0,2.0,0.0,0.0,0.0,0.0,4.0,2.0,0.0,0.0,2.0,0.0,3.0,1.0,2.0,16.0,5.0,8342936230.0,15990325.0,肇庆市鼎湖区,肇庆市鼎湖区广利街道,20.0,30.0,13.0,6.1,69.1,64.91428571428571,51.11826923076923,56.92664596273291
广东省,肇庆市,鼎湖区,永安镇,112.69315,23.181037,0.0,14.0,21.0,74.0,56.0,24.0,0.0,11.0,26.0,0.0,0.0,0.0,0.0,0.0,6.0,7.0,1.0,1.0,0.0,4.0,16.0,0.0,20.0,2.0,1.0,10.0,16.0,1.0,8.0,7.0,2.0,7.0,0.0,7.0,20.0,11.0,0.0,0.0,4.0,9.0,25.0,3.0,0.0,0.0,6.0,0.0,0.0,0.0,0.0,0.0,2.0,2.0,1.0,0.0,0.0,0.0,7.0,0.0,5.0,1.0,0.0,3.0,0.0,0.0,0.0,1.0,0.0,0.0,0.0,2.0,9.0,5.0,8342936228.0,16680700.0,肇庆市鼎湖区,肇庆市鼎湖区永安镇,20.0,26.0,10.0,6.4,62.4,64.91428571428571,51.11826923076923,56.92664596273291
广东省,肇庆市,鼎湖区,沙浦镇,112.6763893,23.1634295,0.0,12.0,12.0,50.0,60.0,9.0,0.0,11.0,16.0,0.0,0.0,0.0,1.0,1.0,5.0,6.0,1.0,1.0,0.0,4.0,7.0,0.0,5.0,2.0,1.0,13.0,11.0,1.0,8.0,4.0,2.0,7.0,0.0,5.0,20.0,13.0,0.0,0.0,0.0,14.0,21.0,0.0,0.0,11.0,5.0,0.0,0.0,0.0,0.0,0.0,2.0,3.0,0.0,0.0,0.0,0.0,0.0,0.0,0.0,0.0,0.0,3.0,1.0,0.0,0.0,2.0,0.0,6.0,0.0,5.0,9.0,5.0,8342936226.0,12215073.0,肇庆市鼎湖区,肇庆市鼎湖区沙浦镇,20.0,26.0,5.0,5.8,56.8,64.91428571428571,51.11826923076923,56.92664596273291
广东省,肇庆市,鼎湖区,凤凰镇,112.5604182,23.2037632,28.0,48.0,94.0,75.0,76.0,28.0,3.0,183.0,128.0,2.0,0.0,0.0,3.0,3.0,5.0,7.0,1.0,0.0,0.0,2.0,25.0,3.0,6.0,1.0,2.0,8.0,10.0,0.0,0.0,3.0,1.0,21.0,1.0,9.0,22.0,11.0,0.0,0.0,9.0,0.0,16.0,2.0,0.0,4.0,4.0,0.0,0.0,0.0,0.0,0.0,3.0,3.0,0.0,0.0,0.0,0.0,1.0,0.0,1.0,0.0,0.0,2.0,0.0,0.0,0.0,0.0,0.0,0.0,0.0,7.0,11.0,6.0,8342936229.0,15990326.0,肇庆市鼎湖区,肇庆市鼎湖区凤凰镇,20.0,28.0,5.0,5.3,58.3,64.91428571428571,51.11826923076923,56.92664596273291
广东省,肇庆市,鼎湖区,莲花镇,112.6813528,23.2666138,9.0,17.0,25.0,21.0,101.0,22.0,2.0,31.0,45.0,0.0,2.0,1.0,2.0,2.0,3.0,5.0,0.0,1.0,0.0,2.0,0.0,0.0,4.0,0.0,0.0,7.0,19.0,0.0,0.0,3.0,1.0,5.0,1.0,7.0,23.0,7.0,0.0,11.0,12.0,8.0,35.0,10.0,2.0,10.0,23.0,0.0,1.0,1.0,1.0,1.0,3.0,4.0,0.0,0.0,0.0,0.0,0.0,0.0,3.0,0.0,0.0,4.0,6.0,0.0,0.0,0.0,1.0,0.0,0.0,2.0,16.0,3.0,8342936227.0,14702136.0,肇庆市鼎湖区,肇庆市鼎湖区莲花镇,20.0,28.0,15.0,6.300000000000001,69.3,64.91428571428571,51.11826923076923,56.92664596273291
广东省,肇庆市,高要区,南岸街道,112.4523854,23.033749,45.0,127.0,258.0,116.0,350.0,348.0,37.0,474.0,377.0,23.0,6.0,32.0,11.0,17.0,33.0,52.0,6.0,5.0,13.0,191.0,140.0,9.0,13.0,4.0,3.0,42.0,1313.0,5.0,36.0,49.0,135.0,67.0,53.0,22.0,24.0,23.0,17.0,8.0,50.0,36.0,41.0,5.0,1.0,76.0,55.0,0.0,1.0,6.0,1.0,1.0,4.0,5.0,1.0,0.0,0.0,3.0,10.0,0.0,0.0,0.0,1.0,8.0,6.0,0.0,0.0,1.0,1.0,3.0,3.0,6.0,19.0,8.0,8348197348.0,14707956.0,肇庆市高要区,肇庆市高要区南岸街道,20.0,30.0,23.0,20.0,93.0,63.4470588235294,51.11826923076923,56.92664596273291
广东省,肇庆市,高要区,河台镇,112.2794809,23.3530248,0.0,8.0,1.0,9.0,60.0,0.0,0.0,0.0,8.0,0.0,0.0,0.0,0.0,0.0,2.0,2.0,0.0,0.0,0.0,0.0,0.0,0.0,1.0,0.0,0.0,13.0,0.0,0.0,0.0,0.0,0.0,0.0,1.0,3.0,6.0,3.0,0.0,4.0,0.0,6.0,7.0,0.0,0.0,0.0,3.0,0.0,0.0,0.0,0.0,0.0,2.0,2.0,0.0,0.0,0.0,0.0,0.0,0.0,0.0,0.0,0.0,2.0,0.0,0.0,0.0,0.0,0.0,0.0,1.0,1.0,5.0,2.0,2457804166.0,16713380.0,肇庆市高要区,肇庆市高要区河台镇,20.0,25.0,5.0,1.5,51.5,63.4470588235294,51.11826923076923,56.92664596273291
广东省,肇庆市,高要区,乐城镇,112.3340173,23.3556956,0.0,22.0,1.0,5.0,28.0,0.0,0.0,8.0,23.0,0.0,1.0,0.0,0.0,0.0,1.0,1.0,0.0,0.0,0.0,0.0,4.0,0.0,0.0,0.0,0.0,12.0,0.0,0.0,0.0,0.0,0.0,0.0,0.0,2.0,8.0,7.0,0.0,18.0,0.0,4.0,4.0,0.0,0.0,8.0,7.0,0.0,0.0,0.0,0.0,0.0,0.0,0.0,0.0,0.0,0.0,0.0,1.0,0.0,0.0,0.0,0.0,4.0,0.0,0.0,0.0,0.0,0.0,0.0,0.0,1.0,5.0,4.0,2457804167.0,16713382.0,肇庆市高要区,肇庆市高要区乐城镇,20.0,24.8,0.0,3.5,48.3,63.4470588235294,51.11826923076923,56.92664596273291
广东省,肇庆市,高要区,水南镇,112.3751547,23.2995087,0.0,0.0,11.0,13.0,30.0,8.0,0.0,0.0,11.0,2.0,3.0,0.0,0.0,0.0,0.0,0.0,0.0,0.0,0.0,0.0,0.0,0.0,0.0,0.0,0.0,7.0,7.0,0.0,0.0,0.0,0.0,0.0,0.0,5.0,10.0,4.0,0.0,0.0,4.0,6.0,9.0,0.0,0.0,0.0,6.0,0.0,1.0,0.0,0.0,0.0,0.0,0.0,0.0,0.0,0.0,0.0,0.0,0.0,0.0,0.0,0.0,2.0,2.0,0.0,0.0,0.0,0.0,0.0,0.0,1.0,3.0,2.0,2457804169.0,16713381.0,肇庆市高要区,肇庆市高要区水南镇,20.0,28.7,0.0,2.9,51.6,63.4470588235294,51.11826923076923,56.92664596273291
广东省,肇庆市,高要区,禄步镇,112.2894399,23.1806492,21.0,8.0,10.0,11.0,63.0,7.0,0.0,24.0,32.0,1.0,2.0,0.0,1.0,1.0,0.0,0.0,1.0,0.0,0.0,0.0,4.0,0.0,1.0,0.0,0.0,10.0,4.0,0.0,0.0,0.0,0.0,0.0,0.0,5.0,20.0,7.0,11.0,7.0,7.0,2.0,14.0,7.0,0.0,18.0,19.0,1.0,2.0,0.0,1.0,1.0,0.0,0.0,0.0,0.0,0.0,0.0,0.0,0.0,0.0,0.0,0.0,1.0,2.0,0.0,0.0,0.0,0.0,0.0,0.0,2.0,17.0,4.0,2457804168.0,14906868.0,肇庆市高要区,肇庆市高要区禄步镇,20.0,30.0,5.0,4.1,59.1,63.4470588235294,51.11826923076923,56.92664596273291
广东省,肇庆市,高要区,小湘镇,112.3906137,23.138495,20.0,0.0,27.0,33.0,49.0,4.0,0.0,31.0,52.0,0.0,2.0,0.0,0.0,0.0,2.0,2.0,0.0,0.0,0.0,0.0,4.0,0.0,0.0,0.0,0.0,9.0,2.0,0.0,0.0,1.0,0.0,1.0,1.0,10.0,19.0,10.0,6.0,0.0,0.0,8.0,12.0,2.0,0.0,7.0,12.0,0.0,0.0,0.0,0.0,0.0,2.0,2.0,0.0,0.0,0.0,0.0,0.0,0.0,0.0,0.0,0.0,2.0,0.0,0.0,0.0,0.0,0.0,0.0,1.0,2.0,10.0,6.0,8348197350.0,16873421.0,肇庆市高要区,肇庆市高要区小湘镇,20.0,28.0,5.0,4.3,57.3,63.4470588235294,51.11826923076923,56.92664596273291
广东省,肇庆市,高要区,大湾镇,112.3996176,23.0480882,0.0,16.0,25.0,58.0,125.0,31.0,1.0,82.0,46.0,1.0,0.0,2.0,0.0,0.0,5.0,6.0,0.0,0.0,0.0,0.0,23.0,0.0,4.0,0.0,2.0,16.0,8.0,0.0,0.0,1.0,0.0,6.0,3.0,8.0,21.0,17.0,0.0,4.0,3.0,1.0,27.0,2.0,0.0,0.0,1.0,0.0,0.0,1.0,0.0,0.0,0.0,0.0,0.0,0.0,0.0,0.0,4.0,0.0,3.0,0.0,0.0,1.0,2.0,0.0,0.0,0.0,0.0,0.0,1.0,5.0,5.0,7.0,8348197349.0,14910759.0,肇庆市高要区,肇庆市高要区大湾镇,20.0,28.0,5.0,5.1,58.1,63.4470588235294,51.11826923076923,56.92664596273291
广东省,肇庆市,高要区,新桥镇,112.4120757,22.9478106,10.0,22.0,4.0,21.0,56.0,3.0,0.0,24.0,19.0,0.0,2.0,1.0,0.0,0.0,2.0,2.0,1.0,0.0,0.0,0.0,8.0,0.0,4.0,0.0,0.0,17.0,9.0,0.0,0.0,2.0,0.0,7.0,1.0,8.0,17.0,10.0,0.0,16.0,2.0,5.0,17.0,0.0,0.0,10.0,8.0,0.0,0.0,1.0,0.0,0.0,1.0,1.0,0.0,0.0,0.0,0.0,2.0,0.0,0.0,0.0,0.0,3.0,1.0,0.0,0.0,0.0,0.0,5.0,0.0,3.0,10.0,5.0,5863312164.0,16835278.0,肇庆市高要区,肇庆市高要区新桥镇,20.0,28.0,10.0,5.2,63.2,63.4470588235294,51.11826923076923,56.92664596273291
广东省,肇庆市,高要区,白诸镇,112.350535,22.948831,22.0,0.0,1.0,13.0,55.0,8.0,0.0,5.0,0.0,0.0,5.0,0.0,0.0,0.0,1.0,2.0,1.0,0.0,0.0,1.0,12.0,0.0,12.0,0.0,0.0,19.0,4.0,0.0,0.0,0.0,0.0,0.0,1.0,6.0,14.0,9.0,13.0,0.0,1.0,5.0,24.0,3.0,0.0,2.0,0.0,0.0,0.0,0.0,0.0,0.0,0.0,1.0,1.0,0.0,0.0,0.0,9.0,0.0,9.0,0.0,0.0,5.0,0.0,0.0,0.0,0.0,0.0,0.0,1.0,3.0,12.0,9.0,5863312173.0,16849867.0,肇庆市高要区,肇庆市高要区白诸镇,20.0,26.0,5.0,4.4,55.4,63.4470588235294,51.11826923076923,56.92664596273291
广东省,肇庆市,高要区,莲塘镇,112.4598613,22.9512332,0.0,0.0,8.0,21.0,68.0,3.0,0.0,0.0,0.0,0.0,2.0,3.0,0.0,0.0,3.0,3.0,0.0,0.0,0.0,0.0,5.0,0.0,1.0,0.0,0.0,19.0,15.0,0.0,0.0,1.0,0.0,12.0,0.0,4.0,6.0,9.0,0.0,0.0,8.0,6.0,34.0,2.0,0.0,0.0,0.0,0.0,0.0,3.0,0.0,0.0,2.0,2.0,0.0,0.0,0.0,0.0,2.0,0.0,1.0,0.0,0.0,11.0,14.0,0.0,0.0,0.0,0.0,12.0,0.0,1.0,5.0,7.0,8348197345.0,16713383.0,肇庆市高要区,肇庆市高要区莲塘镇,20.0,25.0,10.0,7.0,62.0,63.4470588235294,51.11826923076923,56.92664596273291
广东省,肇庆市,高要区,活道镇,112.4063382,22.8655754,0.0,15.0,3.0,8.0,9.0,5.0,0.0,0.0,16.0,0.0,2.0,1.0,0.0,0.0,2.0,2.0,0.0,1.0,1.0,0.0,2.0,0.0,1.0,0.0,0.0,5.0,3.0,0.0,0.0,2.0,0.0,0.0,0.0,2.0,10.0,8.0,0.0,13.0,3.0,5.0,6.0,4.0,0.0,0.0,12.0,0.0,1.0,1.0,0.0,0.0,2.0,2.0,0.0,1.0,1.0,0.0,0.0,0.0,0.0,0.0,0.0,1.0,3.0,0.0,0.0,0.0,0.0,0.0,0.0,2.0,9.0,3.0,5863312727.0,16603014.0,肇庆市高要区,肇庆市高要区活道镇,20.0,21.6,14.0,4.8,60.4,63.4470588235294,51.11826923076923,56.92664596273291
广东省,肇庆市,高要区,蛟塘镇,112.6020573,22.8955904,0.0,22.0,2.0,11.0,57.0,7.0,0.0,9.0,52.0,0.0,2.0,1.0,1.0,1.0,3.0,4.0,0.0,0.0,0.0,0.0,2.0,0.0,10.0,0.0,1.0,10.0,7.0,0.0,0.0,6.0,1.0,0.0,0.0,10.0,13.0,9.0,0.0,8.0,2.0,3.0,26.0,1.0,0.0,6.0,20.0,0.0,0.0,1.0,1.0,1.0,2.0,3.0,0.0,0.0,0.0,0.0,1.0,0.0,6.0,0.0,1.0,4.0,2.0,0.0,0.0,4.0,0.0,0.0,0.0,8.0,11.0,7.0,5863312988.0,16713379.0,肇庆市高要区,肇庆市高要区蛟塘镇,20.0,28.0,15.0,5.9,68.9,63.4470588235294,51.11826923076923,56.92664596273291
广东省,肇庆市,高要区,回龙镇,112.6296072,22.9358429,0.0,22.0,0.0,31.0,46.0,1.0,0.0,25.0,40.0,0.0,0.0,0.0,1.0,1.0,2.0,2.0,0.0,0.0,0.0,1.0,1.0,0.0,2.0,0.0,0.0,18.0,20.0,0.0,0.0,5.0,0.0,3.0,2.0,4.0,14.0,8.0,0.0,10.0,0.0,18.0,18.0,1.0,0.0,19.0,18.0,0.0,0.0,0.0,1.0,1.0,2.0,2.0,0.0,0.0,0.0,1.0,1.0,0.0,1.0,0.0,0.0,3.0,16.0,0.0,0.0,1.0,0.0,3.0,2.0,2.0,12.0,7.0,5863312962.0,16713377.0,肇庆市高要区,肇庆市高要区回龙镇,20.0,26.0,11.0,8.2,65.2,63.4470588235294,51.11826923076923,56.92664596273291
广东省,肇庆市,高要区,白土镇,112.5945125,22.9886421,4.0,15.0,3.0,65.0,65.0,10.0,0.0,31.0,52.0,0.0,2.0,1.0,0.0,0.0,5.0,5.0,0.0,1.0,1.0,0.0,1.0,0.0,4.0,0.0,0.0,11.0,3.0,0.0,0.0,4.0,0.0,6.0,1.0,3.0,15.0,7.0,0.0,6.0,0.0,22.0,21.0,4.0,0.0,11.0,18.0,0.0,0.0,1.0,0.0,0.0,4.0,4.0,0.0,1.0,1.0,0.0,1.0,0.0,0.0,0.0,0.0,3.0,0.0,0.0,0.0,1.0,0.0,6.0,1.0,2.0,11.0,5.0,5863312733.0,16467975.0,肇庆市高要区,肇庆市高要区白土镇,20.0,28.0,14.0,4.3,66.3,63.4470588235294,51.11826923076923,56.92664596273291
广东省,肇庆市,高要区,金渡镇,112.5098216,23.0392459,18.0,24.0,52.0,105.0,210.0,115.0,10.0,226.0,125.0,8.0,3.0,15.0,6.0,14.0,9.0,15.0,5.0,3.0,5.0,94.0,37.0,0.0,7.0,0.0,0.0,20.0,415.0,0.0,32.0,17.0,32.0,70.0,9.0,12.0,23.0,19.0,11.0,4.0,0.0,10.0,40.0,12.0,0.0,6.0,12.0,0.0,2.0,1.0,0.0,0.0,2.0,3.0,0.0,0.0,1.0,2.0,1.0,0.0,4.0,0.0,0.0,3.0,19.0,0.0,0.0,5.0,2.0,1.0,0.0,3.0,15.0,8.0,8348197347.0,16690950.0,肇庆市高要区,肇庆市高要区金渡镇,20.0,30.0,14.0,20.0,84.0,63.4470588235294,51.11826923076923,56.92664596273291
广东省,肇庆市,高要区,金利镇,112.7782293,23.0871773,16.0,0.0,42.0,46.0,218.0,41.0,0.0,29.0,38.0,2.0,1.0,0.0,1.0,1.0,4.0,6.0,1.0,0.0,1.0,10.0,2.0,0.0,12.0,2.0,3.0,13.0,27.0,0.0,1.0,6.0,1.0,4.0,0.0,10.0,20.0,9.0,12.0,0.0,23.0,11.0,67.0,1.0,0.0,19.0,20.0,1.0,0.0,0.0,1.0,1.0,1.0,2.0,1.0,0.0,0.0,4.0,1.0,0.0,0.0,2.0,0.0,3.0,11.0,0.0,1.0,0.0,1.0,0.0,0.0,2.0,15.0,3.0,8348197346.0,16876993.0,肇庆市高要区,肇庆市高要区金利镇,20.0,30.0,19.0,8.4,77.4,63.4470588235294,51.11826923076923,56.92664596273291
广东省,肇庆市,高要区,蚬岗镇,112.6754615,23.0441821,31.0,0.0,0.0,36.0,86.0,13.0,0.0,20.0,20.0,0.0,3.0,0.0,1.0,1.0,5.0,6.0,0.0,0.0,0.0,0.0,0.0,0.0,27.0,0.0,0.0,6.0,3.0,0.0,0.0,6.0,0.0,5.0,0.0,5.0,19.0,6.0,4.0,0.0,0.0,8.0,28.0,9.0,0.0,10.0,10.0,0.0,2.0,0.0,0.0,0.0,2.0,3.0,0.0,0.0,0.0,0.0,0.0,0.0,0.0,0.0,0.0,2.0,0.0,0.0,0.0,0.0,0.0,5.0,0.0,2.0,11.0,3.0,5863312729.0,16876992.0,肇庆市高要区,肇庆市高要区蚬岗镇,20.0,28.0,5.0,3.9,56.9,63.4470588235294,51.11826923076923,56.92664596273291
广东省,肇庆市,广宁县,南街街道,112.434781,23.634137,19.0,13.0,9.0,44.0,108.0,6.0,0.0,0.0,0.0,0.0,1.0,2.0,2.0,2.0,7.0,8.0,0.0,0.0,0.0,9.0,8.0,0.0,0.0,0.0,0.0,19.0,10.0,0.0,0.0,2.0,3.0,1.0,2.0,5.0,13.0,6.0,9.0,3.0,8.0,26.0,43.0,3.0,0.0,0.0,0.0,0.0,0.0,1.0,0.0,0.0,3.0,3.0,0.0,0.0,0.0,8.0,5.0,0.0,0.0,0.0,0.0,7.0,7.0,0.0,0.0,0.0,0.0,0.0,1.0,4.0,8.0,4.0,4348339476.0,-1.0,肇庆市广宁县,肇庆市广宁县南街街道,12.0,26.0,16.0,4.9,58.9,40.11333333333334,51.11826923076923,56.92664596273291
广东省,肇庆市,广宁县,排沙镇,112.525532,23.545158,0.0,0.0,6.0,9.0,37.0,0.0,0.0,0.0,0.0,0.0,0.0,0.0,0.0,0.0,0.0,0.0,0.0,0.0,0.0,0.0,0.0,0.0,0.0,0.0,0.0,13.0,0.0,0.0,0.0,0.0,0.0,0.0,0.0,2.0,4.0,2.0,0.0,0.0,6.0,6.0,9.0,0.0,0.0,0.0,0.0,0.0,0.0,0.0,0.0,0.0,0.0,0.0,0.0,0.0,0.0,0.0,0.0,0.0,0.0,0.0,0.0,3.0,0.0,0.0,0.0,0.0,0.0,0.0,0.0,2.0,4.0,1.0,4348339477.0,-1.0,肇庆市广宁县,肇庆市广宁县排沙镇,12.0,22.0,0.0,1.0,35.0,40.11333333333334,51.11826923076923,56.92664596273291
广东省,肇庆市,广宁县,潭布镇,112.568331,23.625015,0.0,0.0,6.0,21.0,55.0,0.0,0.0,0.0,0.0,0.0,0.0,0.0,0.0,0.0,1.0,1.0,0.0,0.0,0.0,0.0,8.0,0.0,0.0,0.0,0.0,9.0,0.0,0.0,0.0,0.0,0.0,0.0,0.0,2.0,5.0,2.0,0.0,0.0,6.0,16.0,17.0,0.0,0.0,0.0,0.0,0.0,0.0,0.0,0.0,0.0,1.0,1.0,0.0,0.0,0.0,0.0,8.0,0.0,0.0,0.0,0.0,4.0,0.0,0.0,0.0,0.0,0.0,0.0,0.0,2.0,5.0,2.0,3784427369.0,-1.0,肇庆市广宁县,肇庆市广宁县潭布镇,12.0,22.5,5.0,1.0,40.5,40.11333333333334,51.11826923076923,56.92664596273291
广东省,肇庆市,广宁县,江屯镇,112.626035,23.726709,7.0,4.0,0.0,5.0,102.0,0.0,0.0,6.0,0.0,0.0,0.0,0.0,0.0,0.0,0.0,0.0,0.0,0.0,0.0,0.0,18.0,0.0,0.0,0.0,0.0,11.0,22.0,0.0,0.0,0.0,0.0,6.0,0.0,3.0,7.0,5.0,6.0,4.0,0.0,1.0,36.0,0.0,0.0,6.0,0.0,0.0,0.0,0.0,0.0,0.0,0.0,0.0,0.0,0.0,0.0,0.0,4.0,0.0,0.0,0.0,0.0,3.0,22.0,0.0,0.0,0.0,0.0,6.0,0.0,2.0,6.0,5.0,8342417508.0,-1.0,肇庆市广宁县,肇庆市广宁县江屯镇,12.0,23.5,0.0,6.9,42.4,40.11333333333334,51.11826923076923,56.92664596273291
广东省,肇庆市,广宁县,螺岗镇,112.518561,23.740705,0.0,2.0,3.0,5.0,28.0,0.0,0.0,0.0,0.0,0.0,0.0,0.0,0.0,0.0,0.0,0.0,0.0,0.0,0.0,0.0,5.0,0.0,0.0,0.0,0.0,6.0,0.0,0.0,0.0,0.0,0.0,0.0,0.0,2.0,6.0,3.0,0.0,1.0,3.0,3.0,10.0,0.0,0.0,0.0,0.0,0.0,0.0,0.0,0.0,0.0,0.0,0.0,0.0,0.0,0.0,0.0,5.0,0.0,0.0,0.0,0.0,2.0,0.0,0.0,0.0,0.0,0.0,0.0,0.0,2.0,6.0,3.0,3784283814.0,-1.0,肇庆市广宁县,肇庆市广宁县螺岗镇,12.0,21.6,0.0,1.5,35.1,40.11333333333334,51.11826923076923,56.92664596273291
广东省,肇庆市,广宁县,北市镇,112.5750983,23.8403085,0.0,5.0,8.0,4.0,72.0,1.0,0.0,0.0,0.0,0.0,0.0,0.0,0.0,0.0,2.0,2.0,0.0,0.0,0.0,0.0,5.0,0.0,0.0,0.0,0.0,10.0,0.0,0.0,0.0,0.0,0.0,0.0,0.0,2.0,9.0,3.0,0.0,5.0,5.0,3.0,33.0,0.0,0.0,0.0,0.0,0.0,0.0,0.0,0.0,0.0,2.0,2.0,0.0,0.0,0.0,0.0,4.0,0.0,0.0,0.0,0.0,3.0,0.0,0.0,0.0,0.0,0.0,0.0,0.0,2.0,8.0,2.0,3504811410.0,-1.0,肇庆市广宁县,肇庆市广宁县北市镇,12.0,24.0,5.0,1.5,42.5,40.11333333333334,51.11826923076923,56.92664596273291
广东省,肇庆市,广宁县,坑口镇,112.4085953,23.7914439,0.0,0.0,3.0,12.0,28.0,0.0,0.0,0.0,0.0,0.0,0.0,0.0,0.0,0.0,0.0,0.0,0.0,0.0,0.0,0.0,10.0,0.0,0.0,0.0,0.0,8.0,1.0,0.0,0.0,0.0,0.0,0.0,0.0,2.0,4.0,3.0,0.0,0.0,1.0,10.0,9.0,0.0,0.0,0.0,0.0,0.0,0.0,0.0,0.0,0.0,0.0,0.0,0.0,0.0,0.0,0.0,8.0,0.0,0.0,0.0,0.0,2.0,0.0,0.0,0.0,0.0,0.0,0.0,0.0,2.0,4.0,2.0,3784283813.0,-1.0,肇庆市广宁县,肇庆市广宁县坑口镇,12.0,20.3,0.0,1.6,33.9,40.11333333333334,51.11826923076923,56.92664596273291
广东省,肇庆市,广宁县,赤坑镇,112.4774338,23.8699938,0.0,0.0,6.0,3.0,34.0,0.0,0.0,0.0,0.0,0.0,0.0,0.0,0.0,0.0,0.0,0.0,0.0,0.0,0.0,0.0,9.0,0.0,0.0,0.0,0.0,2.0,1.0,0.0,0.0,0.0,0.0,0.0,0.0,2.0,4.0,3.0,0.0,0.0,6.0,2.0,15.0,0.0,0.0,0.0,0.0,0.0,0.0,0.0,0.0,0.0,0.0,0.0,0.0,0.0,0.0,0.0,9.0,0.0,0.0,0.0,0.0,1.0,1.0,0.0,0.0,0.0,0.0,0.0,0.0,2.0,4.0,3.0,3504811411.0,-1.0,肇庆市广宁县,肇庆市广宁县赤坑镇,9.0,21.3,0.0,1.7,32.0,40.11333333333334,51.11826923076923,56.92664596273291
广东省,肇庆市,广宁县,宾亨镇,112.4258345,23.4759303,0.0,1.0,5.0,7.0,63.0,6.0,0.0,0.0,0.0,0.0,0.0,0.0,0.0,0.0,0.0,0.0,0.0,0.0,0.0,0.0,3.0,0.0,2.0,0.0,0.0,11.0,0.0,0.0,0.0,1.0,0.0,0.0,0.0,4.0,8.0,9.0,0.0,1.0,5.0,7.0,37.0,0.0,0.0,0.0,0.0,0.0,0.0,0.0,0.0,0.0,0.0,0.0,0.0,0.0,0.0,0.0,1.0,0.0,1.0,0.0,0.0,5.0,0.0,0.0,0.0,0.0,0.0,0.0,0.0,2.0,7.0,7.0,4348210462.0,-1.0,肇庆市广宁县,肇庆市广宁县宾亨镇,12.0,24.0,0.0,4.1,40.1,40.11333333333334,51.11826923076923,56.92664596273291
广东省,肇庆市,广宁县,五和镇,112.3500087,23.4645462,0.0,6.0,0.0,18.0,71.0,15.0,0.0,0.0,0.0,0.0,0.0,1.0,0.0,0.0,2.0,2.0,0.0,0.0,0.0,0.0,20.0,0.0,1.0,0.0,0.0,7.0,2.0,0.0,0.0,1.0,0.0,7.0,0.0,2.0,6.0,6.0,0.0,1.0,0.0,6.0,18.0,0.0,0.0,0.0,0.0,0.0,0.0,1.0,0.0,0.0,2.0,2.0,0.0,0.0,0.0,0.0,7.0,0.0,0.0,0.0,0.0,4.0,1.0,0.0,0.0,0.0,0.0,5.0,0.0,2.0,4.0,5.0,4348207395.0,-1.0,肇庆市广宁县,肇庆市广宁县五和镇,12.0,23.0,10.0,3.4,48.4,40.11333333333334,51.11826923076923,56.92664596273291
广东省,肇庆市,广宁县,横山镇,112.370774,23.537134,0.0,0.0,1.0,8.0,37.0,0.0,0.0,0.0,0.0,0.0,0.0,0.0,0.0,0.0,0.0,0.0,0.0,0.0,0.0,0.0,1.0,0.0,0.0,0.0,0.0,9.0,0.0,0.0,0.0,0.0,0.0,0.0,0.0,1.0,4.0,2.0,0.0,0.0,1.0,6.0,14.0,0.0,0.0,0.0,0.0,0.0,0.0,0.0,0.0,0.0,0.0,0.0,0.0,0.0,0.0,0.0,1.0,0.0,0.0,0.0,0.0,5.0,0.0,0.0,0.0,0.0,0.0,0.0,0.0,1.0,4.0,2.0,4348331041.0,-1.0,肇庆市广宁县,肇庆市广宁县横山镇,12.0,22.0,0.0,1.0,35.0,40.11333333333334,51.11826923076923,56.92664596273291
广东省,肇庆市,广宁县,木格镇,112.1688249,23.5227963,1.0,1.0,0.0,5.0,30.0,0.0,0.0,0.0,0.0,0.0,0.0,0.0,0.0,0.0,0.0,0.0,0.0,0.0,0.0,0.0,15.0,0.0,2.0,0.0,0.0,7.0,1.0,0.0,0.0,0.0,0.0,1.0,0.0,3.0,6.0,6.0,0.0,1.0,0.0,4.0,18.0,0.0,0.0,0.0,0.0,0.0,0.0,0.0,0.0,0.0,0.0,0.0,0.0,0.0,0.0,0.0,8.0,0.0,0.0,0.0,0.0,4.0,1.0,0.0,0.0,0.0,0.0,1.0,0.0,1.0,4.0,4.0,4348202889.0,12214152.0,肇庆市广宁县,肇庆市广宁县木格镇,20.0,23.0,0.0,3.2,46.2,40.11333333333334,51.11826923076923,56.92664596273291
广东省,肇庆市,广宁县,石咀镇,112.164143,23.620423,0.0,0.0,1.0,11.0,37.0,0.0,0.0,0.0,0.0,0.0,0.0,0.0,0.0,0.0,0.0,0.0,0.0,0.0,0.0,0.0,0.0,0.0,0.0,0.0,0.0,6.0,0.0,0.0,0.0,0.0,0.0,0.0,0.0,5.0,4.0,1.0,0.0,0.0,1.0,8.0,4.0,0.0,0.0,0.0,0.0,0.0,0.0,0.0,0.0,0.0,0.0,0.0,0.0,0.0,0.0,0.0,0.0,0.0,0.0,0.0,0.0,2.0,0.0,0.0,0.0,0.0,0.0,0.0,0.0,1.0,4.0,1.0,8342417510.0,-1.0,肇庆市广宁县,肇庆市广宁县石咀镇,12.0,20.6,0.0,0.5,33.1,40.11333333333334,51.11826923076923,56.92664596273291
广东省,肇庆市,广宁县,古水镇,112.2998052,23.672968,3.0,0.0,7.0,7.0,35.0,7.0,0.0,2.0,1.0,0.0,0.0,0.0,0.0,0.0,3.0,3.0,0.0,0.0,0.0,0.0,4.0,0.0,1.0,0.0,0.0,10.0,0.0,0.0,0.0,1.0,0.0,0.0,0.0,6.0,9.0,6.0,3.0,0.0,7.0,3.0,10.0,1.0,0.0,0.0,1.0,0.0,0.0,0.0,0.0,0.0,2.0,2.0,0.0,0.0,0.0,0.0,3.0,0.0,0.0,0.0,0.0,3.0,0.0,0.0,0.0,0.0,0.0,0.0,0.0,4.0,6.0,5.0,1688176196.0,-1.0,肇庆市广宁县,肇庆市广宁县古水镇,12.0,26.0,5.0,3.1,46.1,40.11333333333334,51.11826923076923,56.92664596273291
广东省,肇庆市,广宁县,洲仔镇,112.2921912,23.6186216,0.0,1.0,1.0,4.0,28.0,0.0,0.0,0.0,0.0,0.0,0.0,0.0,0.0,0.0,0.0,0.0,0.0,0.0,0.0,0.0,7.0,0.0,0.0,0.0,0.0,4.0,0.0,0.0,0.0,0.0,0.0,0.0,0.0,3.0,6.0,3.0,0.0,1.0,0.0,0.0,8.0,0.0,0.0,0.0,0.0,0.0,0.0,0.0,0.0,0.0,0.0,0.0,0.0,0.0,0.0,0.0,7.0,0.0,0.0,0.0,0.0,1.0,0.0,0.0,0.0,0.0,0.0,0.0,0.0,2.0,3.0,3.0,4348204761.0,-1.0,肇庆市广宁县,肇庆市广宁县洲仔镇,11.0,20.0,0.0,1.5,32.5,40.11333333333334,51.11826923076923,56.92664596273291
广东省,肇庆市,怀集县,怀城街道,112.1853763,23.9161583,15.0,0.0,43.0,66.0,149.0,52.0,0.0,0.0,1.0,0.0,6.0,1.0,1.0,1.0,6.0,6.0,0.0,0.0,0.0,0.0,19.0,0.0,0.0,0.0,2.0,11.0,2.0,0.0,0.0,0.0,0.0,9.0,0.0,4.0,15.0,8.0,2.0,0.0,12.0,11.0,19.0,12.0,0.0,0.0,0.0,0.0,1.0,0.0,0.0,0.0,2.0,2.0,0.0,0.0,0.0,0.0,3.0,0.0,0.0,0.0,0.0,1.0,0.0,0.0,0.0,0.0,0.0,6.0,0.0,2.0,9.0,5.0,1778186278.0,-1.0,肇庆市怀集县,肇庆市怀集县怀城街道,12.0,28.0,10.0,4.2,54.2,42.48421052631579,51.11826923076923,56.92664596273291
广东省,肇庆市,怀集县,幸福街道,112.1015285,23.8399234,3.0,0.0,0.0,10.0,47.0,5.0,0.0,2.0,0.0,0.0,0.0,0.0,1.0,1.0,1.0,2.0,1.0,0.0,0.0,1.0,2.0,0.0,0.0,0.0,0.0,21.0,1.0,0.0,0.0,0.0,0.0,0.0,0.0,1.0,6.0,3.0,3.0,0.0,0.0,8.0,15.0,5.0,0.0,2.0,0.0,0.0,0.0,0.0,1.0,1.0,1.0,2.0,1.0,0.0,0.0,1.0,2.0,0.0,0.0,0.0,0.0,5.0,1.0,0.0,0.0,0.0,0.0,0.0,0.0,1.0,6.0,2.0,1797894995.0,-1.0,肇庆市怀集县,肇庆市怀集县幸福街道,12.0,23.0,16.0,1.7,52.7,42.48421052631579,51.11826923076923,56.92664596273291
广东省,肇庆市,怀集县,坳仔镇,112.2938248,23.7925783,5.0,0.0,0.0,6.0,15.0,0.0,0.0,0.0,0.0,0.0,1.0,0.0,0.0,0.0,0.0,0.0,0.0,0.0,0.0,0.0,4.0,0.0,0.0,0.0,0.0,5.0,0.0,0.0,0.0,0.0,0.0,0.0,0.0,6.0,4.0,5.0,5.0,0.0,0.0,4.0,3.0,0.0,0.0,0.0,0.0,0.0,1.0,0.0,0.0,0.0,0.0,0.0,0.0,0.0,0.0,0.0,4.0,0.0,0.0,0.0,0.0,1.0,0.0,0.0,0.0,0.0,0.0,0.0,0.0,4.0,4.0,4.0,4348417208.0,-1.0,肇庆市怀集县,肇庆市怀集县坳仔镇,12.0,17.9,0.0,2.5,32.4,42.48421052631579,51.11826923076923,56.92664596273291
广东省,肇庆市,怀集县,汶朗镇,112.2856612,23.9919863,0.0,0.0,3.0,6.0,34.0,0.0,0.0,0.0,0.0,0.0,0.0,0.0,0.0,0.0,0.0,0.0,0.0,0.0,0.0,0.0,0.0,0.0,0.0,0.0,0.0,7.0,0.0,0.0,0.0,0.0,0.0,0.0,0.0,2.0,8.0,2.0,0.0,0.0,1.0,3.0,15.0,0.0,0.0,0.0,0.0,0.0,0.0,0.0,0.0,0.0,0.0,0.0,0.0,0.0,0.0,0.0,0.0,0.0,0.0,0.0,0.0,3.0,0.0,0.0,0.0,0.0,0.0,0.0,0.0,1.0,4.0,2.0,1778186461.0,-1.0,肇庆市怀集县,肇庆市怀集县汶朗镇,12.0,24.0,0.0,1.0,37.0,42.48421052631579,51.11826923076923,56.92664596273291
广东省,肇庆市,怀集县,甘洒镇,112.329941,23.953611,3.0,0.0,0.0,9.0,19.0,0.0,0.0,0.0,0.0,0.0,0.0,0.0,0.0,0.0,0.0,0.0,0.0,0.0,0.0,0.0,1.0,0.0,0.0,0.0,0.0,10.0,0.0,0.0,0.0,0.0,0.0,0.0,0.0,1.0,5.0,2.0,1.0,0.0,0.0,4.0,2.0,0.0,0.0,0.0,0.0,0.0,0.0,0.0,0.0,0.0,0.0,0.0,0.0,0.0,0.0,0.0,1.0,0.0,0.0,0.0,0.0,2.0,0.0,0.0,0.0,0.0,0.0,0.0,0.0,1.0,5.0,2.0,1778186264.0,-1.0,肇庆市怀集县,肇庆市怀集县甘洒镇,12.0,16.9,0.0,1.0,29.9,42.48421052631579,51.11826923076923,56.92664596273291
广东省,肇庆市,怀集县,凤岗镇,112.3521903,23.9987864,3.0,3.0,0.0,5.0,39.0,0.0,0.0,0.0,0.0,0.0,0.0,0.0,0.0,0.0,1.0,1.0,0.0,0.0,0.0,0.0,0.0,0.0,0.0,0.0,0.0,9.0,0.0,0.0,0.0,0.0,0.0,0.0,0.0,2.0,9.0,2.0,3.0,1.0,0.0,2.0,17.0,0.0,0.0,0.0,0.0,0.0,0.0,0.0,0.0,0.0,1.0,1.0,0.0,0.0,0.0,0.0,0.0,0.0,0.0,0.0,0.0,3.0,0.0,0.0,0.0,0.0,0.0,0.0,0.0,1.0,7.0,1.0,1778186260.0,-1.0,肇庆市怀集县,肇庆市怀集县凤岗镇,12.0,24.0,5.0,1.0,42.0,42.48421052631579,51.11826923076923,56.92664596273291
广东省,肇庆市,怀集县,洽水镇,112.332384,24.087807,0.0,3.0,0.0,10.0,39.0,1.0,0.0,0.0,0.0,0.0,0.0,0.0,0.0,0.0,0.0,0.0,0.0,0.0,0.0,0.0,1.0,0.0,0.0,0.0,0.0,8.0,1.0,0.0,0.0,0.0,0.0,0.0,0.0,1.0,5.0,3.0,0.0,2.0,0.0,3.0,8.0,0.0,0.0,0.0,0.0,0.0,0.0,0.0,0.0,0.0,0.0,0.0,0.0,0.0,0.0,0.0,0.0,0.0,0.0,0.0,0.0,1.0,0.0,0.0,0.0,0.0,0.0,0.0,0.0,1.0,4.0,2.0,8341955440.0,-1.0,肇庆市怀集县,肇庆市怀集县洽水镇,12.0,22.5,0.0,1.6,36.1,42.48421052631579,51.11826923076923,56.92664596273291
广东省,肇庆市,怀集县,梁村镇,112.01536,23.957451,5.0,0.0,0.0,17.0,198.0,23.0,0.0,0.0,0.0,0.0,0.0,1.0,0.0,0.0,3.0,3.0,0.0,0.0,0.0,0.0,28.0,0.0,0.0,0.0,0.0,90.0,6.0,0.0,0.0,0.0,0.0,1.0,0.0,3.0,12.0,8.0,3.0,0.0,0.0,6.0,53.0,1.0,0.0,0.0,0.0,0.0,0.0,1.0,0.0,0.0,1.0,1.0,0.0,0.0,0.0,0.0,5.0,0.0,0.0,0.0,0.0,9.0,6.0,0.0,0.0,0.0,0.0,1.0,0.0,2.0,7.0,7.0,2065838876.0,-1.0,肇庆市怀集县,肇庆市怀集县梁村镇,12.0,24.0,10.0,5.2,51.2,42.48421052631579,51.11826923076923,56.92664596273291
广东省,肇庆市,怀集县,大岗镇,112.0386586,23.8891775,0.0,1.0,0.0,26.0,143.0,16.0,0.0,0.0,0.0,0.0,0.0,0.0,0.0,0.0,0.0,0.0,0.0,0.0,0.0,0.0,1.0,0.0,0.0,0.0,0.0,71.0,0.0,0.0,0.0,0.0,0.0,0.0,0.0,1.0,7.0,2.0,0.0,1.0,0.0,10.0,26.0,0.0,0.0,0.0,0.0,0.0,0.0,0.0,0.0,0.0,0.0,0.0,0.0,0.0,0.0,0.0,1.0,0.0,0.0,0.0,0.0,8.0,0.0,0.0,0.0,0.0,0.0,0.0,0.0,1.0,5.0,2.0,1797894899.0,-1.0,肇庆市怀集县,肇庆市怀集县大岗镇,12.0,23.5,0.0,1.0,36.5,42.48421052631579,51.11826923076923,56.92664596273291
广东省,肇庆市,怀集县,岗坪镇,111.97041,23.991058,6.0,7.0,0.0,12.0,129.0,0.0,0.0,0.0,0.0,0.0,0.0,1.0,0.0,0.0,1.0,1.0,0.0,0.0,0.0,0.0,3.0,0.0,0.0,0.0,0.0,77.0,1.0,0.0,0.0,0.0,0.0,1.0,0.0,6.0,10.0,7.0,4.0,4.0,0.0,3.0,21.0,0.0,0.0,0.0,0.0,0.0,0.0,1.0,0.0,0.0,1.0,1.0,0.0,0.0,0.0,0.0,2.0,0.0,0.0,0.0,0.0,10.0,1.0,0.0,0.0,0.0,0.0,1.0,0.0,2.0,6.0,4.0,1778267033.0,-1.0,肇庆市怀集县,肇庆市怀集县岗坪镇,12.0,24.0,10.0,3.7,49.7,42.48421052631579,51.11826923076923,56.92664596273291
广东省,肇庆市,怀集县,冷坑镇,112.040681,24.0372487,0.0,7.0,1.0,24.0,179.0,3.0,0.0,0.0,0.0,0.0,2.0,0.0,1.0,1.0,5.0,5.0,0.0,0.0,0.0,0.0,0.0,0.0,0.0,0.0,0.0,62.0,1.0,0.0,0.0,0.0,0.0,0.0,0.0,1.0,9.0,3.0,0.0,4.0,1.0,9.0,31.0,1.0,0.0,0.0,0.0,0.0,0.0,0.0,1.0,1.0,4.0,4.0,0.0,0.0,0.0,0.0,0.0,0.0,0.0,0.0,0.0,3.0,1.0,0.0,0.0,0.0,0.0,0.0,0.0,1.0,8.0,2.0,2636384384.0,-1.0,肇庆市怀集县,肇庆市怀集县冷坑镇,12.0,26.0,10.0,1.7,49.7,42.48421052631579,51.11826923076923,56.92664596273291
广东省,肇庆市,怀集县,马宁镇,111.9798119,24.0296436,0.0,5.0,1.0,14.0,149.0,2.0,0.0,0.0,0.0,0.0,0.0,0.0,0.0,0.0,2.0,2.0,0.0,0.0,0.0,0.0,0.0,0.0,0.0,0.0,0.0,61.0,0.0,0.0,0.0,0.0,0.0,0.0,0.0,2.0,8.0,3.0,0.0,1.0,1.0,6.0,15.0,0.0,0.0,0.0,0.0,0.0,0.0,0.0,0.0,0.0,2.0,2.0,0.0,0.0,0.0,0.0,0.0,0.0,0.0,0.0,0.0,7.0,0.0,0.0,0.0,0.0,0.0,0.0,0.0,2.0,6.0,1.0,1778267039.0,-1.0,肇庆市怀集县,肇庆市怀集县马宁镇,12.0,24.0,5.0,1.5,42.5,42.48421052631579,51.11826923076923,56.92664596273291
广东省,肇庆市,怀集县,蓝钟镇,111.9556435,24.0776019,0.0,0.0,4.0,8.0,50.0,3.0,0.0,0.0,0.0,0.0,1.0,0.0,0.0,0.0,0.0,0.0,0.0,0.0,0.0,0.0,0.0,0.0,0.0,0.0,0.0,27.0,0.0,0.0,0.0,0.0,0.0,0.0,0.0,4.0,6.0,3.0,0.0,0.0,1.0,5.0,18.0,0.0,0.0,0.0,0.0,0.0,0.0,0.0,0.0,0.0,0.0,0.0,0.0,0.0,0.0,0.0,0.0,0.0,0.0,0.0,0.0,11.0,0.0,0.0,0.0,0.0,0.0,0.0,0.0,1.0,4.0,3.0,1778267036.0,18880317.0,肇庆市怀集县,肇庆市怀集县蓝钟镇,20.0,25.0,0.0,1.5,46.5,42.48421052631579,51.11826923076923,56.92664596273291
广东省,肇庆市,怀集县,永固镇,112.0703405,23.7188759,3.0,0.0,0.0,3.0,73.0,0.0,0.0,0.0,0.0,0.0,0.0,0.0,0.0,0.0,2.0,2.0,0.0,0.0,0.0,0.0,5.0,0.0,0.0,0.0,0.0,40.0,0.0,0.0,0.0,0.0,0.0,0.0,0.0,1.0,5.0,3.0,1.0,0.0,0.0,3.0,27.0,0.0,0.0,0.0,0.0,0.0,0.0,0.0,0.0,0.0,1.0,1.0,0.0,0.0,0.0,0.0,1.0,0.0,0.0,0.0,0.0,10.0,0.0,0.0,0.0,0.0,0.0,0.0,0.0,1.0,4.0,2.0,1797894993.0,-1.0,肇庆市怀集县,肇庆市怀集县永固镇,12.0,22.5,5.0,1.5,41.0,42.48421052631579,51.11826923076923,56.92664596273291
广东省,肇庆市,怀集县,诗洞镇,112.067105,23.619154,1.0,0.0,0.0,8.0,58.0,0.0,0.0,0.0,0.0,0.0,1.0,0.0,0.0,0.0,1.0,1.0,0.0,0.0,0.0,0.0,1.0,0.0,0.0,0.0,0.0,38.0,0.0,0.0,0.0,0.0,0.0,0.0,0.0,1.0,4.0,3.0,1.0,0.0,0.0,8.0,17.0,0.0,0.0,0.0,0.0,0.0,1.0,0.0,0.0,0.0,1.0,1.0,0.0,0.0,0.0,0.0,1.0,0.0,0.0,0.0,0.0,10.0,0.0,0.0,0.0,0.0,0.0,0.0,0.0,1.0,3.0,2.0,8341955442.0,12213542.0,肇庆市怀集县,肇庆市怀集县诗洞镇,20.0,24.0,5.0,1.5,50.5,42.48421052631579,51.11826923076923,56.92664596273291
广东省,肇庆市,怀集县,桥头镇,111.965079,23.752923,0.0,4.0,1.0,11.0,83.0,1.0,0.0,1.0,0.0,1.0,1.0,1.0,0.0,0.0,1.0,1.0,0.0,0.0,0.0,0.0,1.0,0.0,0.0,0.0,0.0,49.0,1.0,0.0,0.0,0.0,0.0,0.0,0.0,1.0,7.0,4.0,0.0,4.0,1.0,2.0,15.0,1.0,0.0,0.0,0.0,1.0,1.0,1.0,0.0,0.0,0.0,0.0,0.0,0.0,0.0,0.0,0.0,0.0,0.0,0.0,0.0,9.0,1.0,0.0,0.0,0.0,0.0,0.0,0.0,1.0,6.0,3.0,1797894938.0,-1.0,肇庆市怀集县,肇庆市怀集县桥头镇,12.0,27.5,5.0,2.2,46.7,42.48421052631579,51.11826923076923,56.92664596273291
广东省,肇庆市,怀集县,中洲镇,112.1603954,24.1148765,4.0,4.0,0.0,7.0,69.0,0.0,0.0,0.0,0.0,0.0,0.0,0.0,0.0,0.0,0.0,0.0,0.0,0.0,0.0,0.0,0.0,0.0,0.0,0.0,0.0,4.0,1.0,0.0,0.0,0.0,0.0,0.0,0.0,2.0,7.0,5.0,3.0,0.0,0.0,2.0,19.0,0.0,0.0,0.0,0.0,0.0,0.0,0.0,0.0,0.0,0.0,0.0,0.0,0.0,0.0,0.0,0.0,0.0,0.0,0.0,0.0,2.0,0.0,0.0,0.0,0.0,0.0,0.0,0.0,2.0,4.0,2.0,2636384386.0,-1.0,肇庆市怀集县,肇庆市怀集县中洲镇,11.0,23.5,0.0,2.6,37.1,42.48421052631579,51.11826923076923,56.92664596273291
广东省,肇庆市,怀集县,连麦镇,112.154498,24.048822,3.0,0.0,0.0,14.0,105.0,0.0,0.0,0.0,0.0,0.0,0.0,0.0,0.0,0.0,0.0,0.0,0.0,0.0,0.0,0.0,0.0,0.0,0.0,0.0,0.0,16.0,0.0,0.0,0.0,0.0,0.0,0.0,0.0,2.0,4.0,3.0,2.0,0.0,0.0,7.0,29.0,0.0,0.0,0.0,0.0,0.0,0.0,0.0,0.0,0.0,0.0,0.0,0.0,0.0,0.0,0.0,0.0,0.0,0.0,0.0,0.0,2.0,0.0,0.0,0.0,0.0,0.0,0.0,0.0,2.0,4.0,2.0,2636384385.0,-1.0,肇庆市怀集县,肇庆市怀集县连麦镇,12.0,22.0,0.0,1.5,35.5,42.48421052631579,51.11826923076923,56.92664596273291
广东省,肇庆市,怀集县,下帅壮族瑶族乡,112.0852448,24.2141797,0.0,0.0,4.0,3.0,49.0,0.0,0.0,0.0,0.0,0.0,0.0,0.0,0.0,0.0,0.0,0.0,0.0,0.0,0.0,0.0,2.0,0.0,0.0,0.0,0.0,22.0,0.0,0.0,0.0,0.0,0.0,0.0,0.0,8.0,5.0,3.0,0.0,0.0,2.0,1.0,23.0,0.0,0.0,0.0,0.0,0.0,0.0,0.0,0.0,0.0,0.0,0.0,0.0,0.0,0.0,0.0,0.0,0.0,0.0,0.0,0.0,6.0,0.0,0.0,0.0,0.0,0.0,0.0,0.0,2.0,4.0,2.0,3252477577.0,-1.0,肇庆市怀集县,肇庆市怀集县下帅壮族瑶族乡,12.0,22.5,0.0,1.5,36.0,42.48421052631579,51.11826923076923,56.92664596273291
广东省,肇庆市,封开县,江口街道,111.5053661,23.4318318,40.0,23.0,4.0,40.0,46.0,16.0,0.0,39.0,52.0,3.0,2.0,3.0,0.0,0.0,2.0,3.0,0.0,0.0,2.0,2.0,22.0,0.0,1.0,1.0,0.0,12.0,17.0,0.0,0.0,2.0,1.0,44.0,2.0,6.0,20.0,13.0,14.0,8.0,0.0,16.0,9.0,6.0,0.0,18.0,16.0,1.0,0.0,1.0,0.0,0.0,0.0,1.0,0.0,0.0,0.0,0.0,12.0,0.0,0.0,0.0,0.0,3.0,5.0,0.0,0.0,1.0,0.0,3.0,0.0,4.0,15.0,7.0,690431653.0,18077433.0,肇庆市封开县,肇庆市封开县江口街道,20.0,30.0,5.0,6.5,61.5,43.21875,51.11826923076923,56.92664596273291
广东省,肇庆市,封开县,江川镇,111.4846062,23.4086592,28.0,1.0,14.0,24.0,28.0,11.0,0.0,27.0,33.0,2.0,3.0,2.0,1.0,1.0,4.0,5.0,0.0,0.0,0.0,0.0,11.0,0.0,0.0,1.0,0.0,19.0,5.0,0.0,0.0,3.0,0.0,36.0,0.0,3.0,17.0,8.0,0.0,1.0,2.0,6.0,5.0,0.0,0.0,0.0,2.0,0.0,0.0,1.0,0.0,0.0,1.0,1.0,0.0,0.0,0.0,0.0,1.0,0.0,0.0,0.0,0.0,5.0,0.0,0.0,0.0,0.0,0.0,0.0,0.0,2.0,5.0,3.0,5045453421.0,12216802.0,肇庆市封开县,肇庆市封开县江川镇,20.0,27.1,10.0,4.8,61.9,43.21875,51.11826923076923,56.92664596273291
广东省,肇庆市,封开县,白垢镇,111.625962,23.522783,0.0,2.0,1.0,9.0,5.0,0.0,0.0,0.0,0.0,0.0,0.0,0.0,0.0,0.0,1.0,1.0,0.0,0.0,0.0,0.0,4.0,0.0,0.0,0.0,0.0,13.0,1.0,0.0,0.0,0.0,0.0,0.0,0.0,3.0,5.0,5.0,0.0,0.0,1.0,5.0,1.0,0.0,0.0,0.0,0.0,0.0,0.0,0.0,0.0,0.0,1.0,1.0,0.0,0.0,0.0,0.0,1.0,0.0,0.0,0.0,0.0,3.0,0.0,0.0,0.0,0.0,0.0,0.0,0.0,3.0,3.0,4.0,3349818300.0,-1.0,肇庆市封开县,肇庆市封开县白垢镇,12.0,13.8,5.0,2.6,33.4,43.21875,51.11826923076923,56.92664596273291
广东省,肇庆市,封开县,大洲镇,111.5477604,23.5212074,0.0,1.0,0.0,2.0,21.0,1.0,0.0,0.0,0.0,0.0,0.0,0.0,0.0,0.0,1.0,1.0,0.0,0.0,0.0,0.0,1.0,0.0,0.0,0.0,0.0,19.0,0.0,0.0,0.0,0.0,0.0,0.0,0.0,3.0,4.0,4.0,0.0,1.0,0.0,1.0,3.0,0.0,0.0,0.0,0.0,0.0,0.0,0.0,0.0,0.0,1.0,1.0,0.0,0.0,0.0,0.0,1.0,0.0,0.0,0.0,0.0,3.0,0.0,0.0,0.0,0.0,0.0,0.0,0.0,3.0,3.0,4.0,3349818304.0,-1.0,肇庆市封开县,肇庆市封开县大洲镇,12.0,14.1,5.0,2.0,33.1,43.21875,51.11826923076923,56.92664596273291
广东省,肇庆市,封开县,渔涝镇,111.7421959,23.5015411,0.0,10.0,0.0,9.0,75.0,1.0,0.0,0.0,1.0,0.0,1.0,1.0,0.0,0.0,1.0,1.0,0.0,0.0,0.0,0.0,4.0,0.0,0.0,0.0,0.0,56.0,1.0,0.0,0.0,1.0,0.0,0.0,0.0,4.0,10.0,4.0,0.0,5.0,0.0,8.0,23.0,1.0,0.0,0.0,0.0,0.0,1.0,1.0,0.0,0.0,0.0,0.0,0.0,0.0,0.0,0.0,2.0,0.0,0.0,0.0,0.0,11.0,1.0,0.0,0.0,0.0,0.0,0.0,0.0,3.0,6.0,3.0,1638814141.0,-1.0,肇庆市封开县,肇庆市封开县渔涝镇,12.0,28.0,5.0,2.3,47.3,43.21875,51.11826923076923,56.92664596273291
广东省,肇庆市,封开县,河儿口镇,111.7902922,23.5179393,0.0,3.0,0.0,9.0,125.0,0.0,0.0,1.0,0.0,0.0,0.0,1.0,0.0,0.0,1.0,1.0,0.0,0.0,0.0,0.0,11.0,0.0,0.0,0.0,0.0,46.0,2.0,0.0,0.0,2.0,0.0,0.0,2.0,3.0,7.0,7.0,0.0,3.0,0.0,6.0,33.0,0.0,0.0,1.0,0.0,0.0,0.0,1.0,0.0,0.0,0.0,0.0,0.0,0.0,0.0,0.0,3.0,0.0,0.0,0.0,0.0,3.0,1.0,0.0,0.0,1.0,0.0,0.0,2.0,3.0,6.0,5.0,1641730465.0,-1.0,肇庆市封开县,肇庆市封开县河儿口镇,12.0,23.5,5.0,4.1,44.6,43.21875,51.11826923076923,56.92664596273291
广东省,肇庆市,封开县,莲都镇,111.8238299,23.6011639,0.0,6.0,0.0,13.0,55.0,0.0,0.0,0.0,0.0,0.0,1.0,0.0,0.0,0.0,1.0,1.0,0.0,0.0,0.0,0.0,3.0,0.0,0.0,0.0,0.0,33.0,0.0,0.0,0.0,1.0,0.0,0.0,0.0,2.0,5.0,5.0,0.0,3.0,0.0,7.0,16.0,0.0,0.0,0.0,0.0,0.0,1.0,0.0,0.0,0.0,1.0,1.0,0.0,0.0,0.0,0.0,1.0,0.0,0.0,0.0,0.0,7.0,0.0,0.0,0.0,1.0,0.0,0.0,0.0,2.0,5.0,3.0,2636791728.0,-1.0,肇庆市封开县,肇庆市封开县莲都镇,12.0,24.5,5.0,2.7,44.2,43.21875,51.11826923076923,56.92664596273291
广东省,肇庆市,封开县,杏花镇,111.7076433,23.400451,0.0,9.0,0.0,14.0,54.0,0.0,0.0,0.0,0.0,0.0,0.0,0.0,0.0,0.0,1.0,1.0,0.0,0.0,0.0,0.0,1.0,0.0,0.0,0.0,0.0,48.0,0.0,0.0,0.0,1.0,0.0,0.0,0.0,3.0,6.0,5.0,0.0,5.0,0.0,3.0,10.0,0.0,0.0,0.0,0.0,0.0,0.0,0.0,0.0,0.0,1.0,1.0,0.0,0.0,0.0,0.0,1.0,0.0,0.0,0.0,0.0,10.0,0.0,0.0,0.0,0.0,0.0,0.0,0.0,2.0,5.0,2.0,5045455873.0,-1.0,肇庆市封开县,肇庆市封开县杏花镇,12.0,23.0,5.0,2.6,42.6,43.21875,51.11826923076923,56.92664596273291
广东省,肇庆市,封开县,罗董镇,111.6237447,23.3775897,0.0,1.0,0.0,15.0,46.0,7.0,0.0,0.0,0.0,1.0,2.0,0.0,0.0,0.0,2.0,2.0,0.0,0.0,0.0,3.0,7.0,0.0,0.0,0.0,0.0,22.0,2.0,0.0,0.0,0.0,0.0,0.0,0.0,2.0,9.0,6.0,0.0,1.0,0.0,9.0,12.0,0.0,0.0,0.0,0.0,0.0,0.0,0.0,0.0,0.0,2.0,2.0,0.0,0.0,0.0,0.0,1.0,0.0,0.0,0.0,0.0,4.0,1.0,0.0,0.0,0.0,0.0,0.0,0.0,1.0,4.0,4.0,5045455978.0,-1.0,肇庆市封开县,肇庆市封开县罗董镇,12.0,28.0,5.0,3.3,48.3,43.21875,51.11826923076923,56.92664596273291
广东省,肇庆市,封开县,长岗镇,111.5780939,23.2705854,2.0,1.0,2.0,7.0,27.0,3.0,0.0,0.0,2.0,0.0,1.0,0.0,0.0,0.0,0.0,0.0,0.0,0.0,0.0,0.0,0.0,0.0,2.0,0.0,0.0,16.0,6.0,0.0,0.0,1.0,0.0,0.0,0.0,7.0,7.0,3.0,2.0,0.0,2.0,2.0,11.0,0.0,0.0,0.0,1.0,0.0,0.0,0.0,0.0,0.0,0.0,0.0,0.0,0.0,0.0,0.0,0.0,0.0,0.0,0.0,0.0,2.0,0.0,0.0,0.0,0.0,0.0,0.0,0.0,7.0,5.0,2.0,8344669388.0,-1.0,肇庆市封开县,肇庆市封开县长岗镇,12.0,26.2,0.0,2.2,40.400000000000006,43.21875,51.11826923076923,56.92664596273291
广东省,肇庆市,封开县,平凤镇,111.4775486,23.3077249,0.0,27.0,0.0,36.0,33.0,16.0,0.0,1.0,8.0,0.0,1.0,0.0,0.0,0.0,2.0,2.0,0.0,0.0,0.0,0.0,0.0,0.0,3.0,0.0,0.0,16.0,0.0,0.0,0.0,0.0,0.0,0.0,0.0,7.0,11.0,2.0,0.0,7.0,0.0,14.0,9.0,0.0,0.0,0.0,0.0,0.0,0.0,0.0,0.0,0.0,1.0,1.0,0.0,0.0,0.0,0.0,0.0,0.0,0.0,0.0,0.0,4.0,0.0,0.0,0.0,0.0,0.0,0.0,0.0,2.0,5.0,1.0,5045344477.0,12216801.0,肇庆市封开县,肇庆市封开县平凤镇,20.0,27.3,5.0,1.0,53.3,43.21875,51.11826923076923,56.92664596273291
广东省,肇庆市,封开县,南丰镇,111.7942586,23.747961,0.0,5.0,5.0,12.0,70.0,2.0,0.0,1.0,1.0,0.0,1.0,0.0,1.0,1.0,4.0,5.0,0.0,0.0,0.0,0.0,5.0,0.0,0.0,0.0,0.0,25.0,0.0,0.0,0.0,0.0,0.0,0.0,0.0,3.0,9.0,6.0,0.0,0.0,5.0,6.0,25.0,1.0,0.0,1.0,0.0,0.0,0.0,0.0,0.0,0.0,3.0,4.0,0.0,0.0,0.0,0.0,3.0,0.0,0.0,0.0,0.0,9.0,0.0,0.0,0.0,0.0,0.0,0.0,0.0,3.0,8.0,5.0,2065803280.0,-1.0,肇庆市封开县,肇庆市封开县南丰镇,12.0,28.0,5.0,3.0,48.0,43.21875,51.11826923076923,56.92664596273291
广东省,肇庆市,封开县,大玉口镇,111.729976,23.6869856,0.0,3.0,1.0,2.0,17.0,0.0,0.0,0.0,2.0,0.0,0.0,0.0,0.0,0.0,0.0,0.0,0.0,0.0,0.0,0.0,4.0,0.0,0.0,0.0,0.0,19.0,0.0,0.0,0.0,0.0,0.0,0.0,0.0,3.0,6.0,6.0,0.0,3.0,0.0,2.0,6.0,0.0,0.0,0.0,2.0,0.0,0.0,0.0,0.0,0.0,0.0,0.0,0.0,0.0,0.0,0.0,2.0,0.0,0.0,0.0,0.0,3.0,0.0,0.0,0.0,0.0,0.0,0.0,0.0,3.0,4.0,6.0,2636681300.0,-1.0,肇庆市封开县,肇庆市封开县大玉口镇,12.0,17.2,0.0,3.0,32.2,43.21875,51.11826923076923,56.92664596273291
广东省,肇庆市,封开县,都平镇,111.6930943,23.6469536,0.0,4.0,3.0,3.0,8.0,0.0,0.0,2.0,0.0,0.0,0.0,0.0,0.0,0.0,0.0,0.0,0.0,0.0,0.0,0.0,2.0,0.0,1.0,0.0,0.0,33.0,0.0,0.0,0.0,0.0,0.0,2.0,0.0,3.0,5.0,6.0,0.0,1.0,0.0,3.0,2.0,0.0,0.0,0.0,0.0,0.0,0.0,0.0,0.0,0.0,0.0,0.0,0.0,0.0,0.0,0.0,2.0,0.0,0.0,0.0,0.0,6.0,0.0,0.0,0.0,0.0,0.0,2.0,0.0,3.0,3.0,5.0,2065882445.0,-1.0,肇庆市封开县,肇庆市封开县都平镇,12.0,12.7,0.0,3.0,27.7,43.21875,51.11826923076923,56.92664596273291
广东省,肇庆市,封开县,金装镇,111.8645163,23.8065737,0.0,3.0,0.0,7.0,57.0,0.0,0.0,0.0,0.0,0.0,0.0,0.0,0.0,0.0,0.0,0.0,0.0,0.0,0.0,0.0,0.0,0.0,0.0,0.0,0.0,50.0,0.0,0.0,0.0,0.0,0.0,0.0,0.0,3.0,5.0,3.0,0.0,3.0,0.0,5.0,20.0,0.0,0.0,0.0,0.0,0.0,0.0,0.0,0.0,0.0,0.0,0.0,0.0,0.0,0.0,0.0,0.0,0.0,0.0,0.0,0.0,8.0,0.0,0.0,0.0,0.0,0.0,0.0,0.0,2.0,4.0,2.0,2636681302.0,-1.0,肇庆市封开县,肇庆市封开县金装镇,12.0,22.5,0.0,1.5,36.0,43.21875,51.11826923076923,56.92664596273291
广东省,肇庆市,封开县,长安镇,111.8969825,23.8870133,0.0,4.0,0.0,9.0,68.0,0.0,0.0,0.0,0.0,0.0,0.0,0.0,0.0,0.0,0.0,0.0,0.0,0.0,0.0,0.0,7.0,0.0,0.0,0.0,0.0,51.0,0.0,0.0,0.0,0.0,0.0,0.0,0.0,3.0,6.0,4.0,0.0,1.0,0.0,1.0,21.0,0.0,0.0,0.0,0.0,0.0,0.0,0.0,0.0,0.0,0.0,0.0,0.0,0.0,0.0,0.0,3.0,0.0,0.0,0.0,0.0,14.0,0.0,0.0,0.0,0.0,0.0,0.0,0.0,2.0,5.0,2.0,2636681298.0,-1.0,肇庆市封开县,肇庆市封开县长安镇,12.0,23.0,0.0,2.0,37.0,43.21875,51.11826923076923,56.92664596273291
广东省,肇庆市,德庆县,德城街道,111.7706107,23.1420964,22.0,14.0,46.0,38.0,81.0,13.0,0.0,2.0,3.0,0.0,0.0,0.0,0.0,0.0,2.0,2.0,0.0,0.0,0.0,0.0,8.0,0.0,4.0,0.0,0.0,11.0,3.0,0.0,0.0,0.0,0.0,2.0,1.0,11.0,14.0,10.0,0.0,5.0,17.0,16.0,30.0,1.0,0.0,0.0,0.0,0.0,0.0,0.0,0.0,0.0,0.0,0.0,0.0,0.0,0.0,0.0,3.0,0.0,0.0,0.0,0.0,3.0,1.0,0.0,0.0,0.0,0.0,1.0,0.0,8.0,9.0,6.0,8345988852.0,12218405.0,肇庆市德庆县,肇庆市德庆县德城街道,20.0,26.0,0.0,4.4,50.4,40.3,51.11826923076923,56.92664596273291
广东省,肇庆市,德庆县,新圩镇,111.7701578,23.1622768,24.0,12.0,40.0,40.0,89.0,23.0,0.0,1.0,0.0,0.0,0.0,0.0,0.0,0.0,2.0,3.0,0.0,0.0,0.0,1.0,8.0,0.0,2.0,0.0,0.0,12.0,15.0,0.0,0.0,0.0,0.0,4.0,0.0,9.0,14.0,7.0,7.0,7.0,12.0,12.0,11.0,2.0,0.0,0.0,0.0,0.0,0.0,0.0,0.0,0.0,1.0,1.0,0.0,0.0,0.0,0.0,2.0,0.0,1.0,0.0,0.0,1.0,0.0,0.0,0.0,0.0,0.0,0.0,0.0,2.0,8.0,4.0,8345988876.0,-1.0,肇庆市德庆县,肇庆市德庆县新圩镇,12.0,24.0,5.0,5.0,46.0,40.3,51.11826923076923,56.92664596273291
广东省,肇庆市,德庆县,回龙镇,111.6894097,23.1914029,2.0,0.0,0.0,2.0,9.0,0.0,0.0,0.0,0.0,0.0,0.0,0.0,0.0,0.0,0.0,0.0,0.0,0.0,0.0,0.0,0.0,0.0,0.0,0.0,0.0,2.0,0.0,0.0,0.0,0.0,0.0,0.0,0.0,1.0,4.0,1.0,2.0,0.0,0.0,1.0,5.0,0.0,0.0,0.0,0.0,0.0,0.0,0.0,0.0,0.0,0.0,0.0,0.0,0.0,0.0,0.0,0.0,0.0,0.0,0.0,0.0,2.0,0.0,0.0,0.0,0.0,0.0,0.0,0.0,1.0,4.0,0.0,8345988877.0,-1.0,肇庆市德庆县,肇庆市德庆县回龙镇,9.0,12.3,0.0,0.5,21.8,40.3,51.11826923076923,56.92664596273291
广东省,肇庆市,德庆县,官圩镇,111.78862,23.249147,5.0,0.0,4.0,8.0,95.0,16.0,0.0,1.0,0.0,0.0,0.0,0.0,1.0,1.0,2.0,3.0,0.0,0.0,0.0,0.0,6.0,0.0,1.0,0.0,0.0,11.0,0.0,0.0,0.0,0.0,0.0,0.0,0.0,2.0,9.0,8.0,5.0,0.0,4.0,4.0,29.0,11.0,0.0,0.0,0.0,0.0,0.0,0.0,1.0,1.0,2.0,2.0,0.0,0.0,0.0,0.0,1.0,0.0,1.0,0.0,0.0,3.0,0.0,0.0,0.0,0.0,0.0,0.0,0.0,2.0,7.0,4.0,2457746780.0,-1.0,肇庆市德庆县,肇庆市德庆县官圩镇,12.0,24.0,10.0,4.0,50.0,40.3,51.11826923076923,56.92664596273291
广东省,肇庆市,德庆县,马圩镇,111.839678,23.2316519,5.0,0.0,0.0,8.0,61.0,0.0,0.0,0.0,0.0,0.0,0.0,0.0,0.0,0.0,0.0,0.0,0.0,0.0,0.0,0.0,0.0,0.0,2.0,0.0,0.0,7.0,0.0,0.0,0.0,0.0,0.0,0.0,0.0,3.0,6.0,3.0,3.0,0.0,0.0,7.0,8.0,0.0,0.0,0.0,0.0,0.0,0.0,0.0,0.0,0.0,0.0,0.0,0.0,0.0,0.0,0.0,0.0,0.0,0.0,0.0,0.0,2.0,0.0,0.0,0.0,0.0,0.0,0.0,0.0,2.0,4.0,2.0,2457746782.0,-1.0,肇庆市德庆县,肇庆市德庆县马圩镇,12.0,23.0,0.0,1.5,36.5,40.3,51.11826923076923,56.92664596273291
广东省,肇庆市,德庆县,高良镇,111.939206,23.278664,4.0,0.0,3.0,6.0,33.0,0.0,0.0,0.0,0.0,0.0,0.0,1.0,0.0,0.0,2.0,2.0,0.0,0.0,0.0,0.0,0.0,0.0,0.0,0.0,0.0,8.0,2.0,0.0,0.0,1.0,0.0,0.0,0.0,3.0,6.0,3.0,4.0,0.0,1.0,1.0,10.0,0.0,0.0,0.0,0.0,0.0,0.0,1.0,0.0,0.0,2.0,2.0,0.0,0.0,0.0,0.0,0.0,0.0,0.0,0.0,0.0,3.0,1.0,0.0,0.0,1.0,0.0,0.0,0.0,2.0,5.0,1.0,8345988848.0,-1.0,肇庆市德庆县,肇庆市德庆县高良镇,12.0,22.6,10.0,2.0,46.6,40.3,51.11826923076923,56.92664596273291
广东省,肇庆市,德庆县,莫村镇,112.1113021,23.407292,5.0,1.0,0.0,6.0,47.0,0.0,0.0,0.0,0.0,0.0,0.0,0.0,0.0,0.0,0.0,0.0,0.0,0.0,0.0,0.0,9.0,0.0,0.0,0.0,0.0,6.0,0.0,0.0,0.0,1.0,0.0,0.0,0.0,2.0,6.0,2.0,5.0,1.0,0.0,4.0,21.0,0.0,0.0,0.0,0.0,0.0,0.0,0.0,0.0,0.0,0.0,0.0,0.0,0.0,0.0,0.0,2.0,0.0,0.0,0.0,0.0,3.0,0.0,0.0,0.0,0.0,0.0,0.0,0.0,2.0,6.0,2.0,2065876099.0,-1.0,肇庆市德庆县,肇庆市德庆县莫村镇,12.0,23.0,0.0,1.1,36.1,40.3,51.11826923076923,56.92664596273291
广东省,肇庆市,德庆县,永丰镇,112.1135272,23.3387029,2.0,10.0,0.0,4.0,53.0,1.0,0.0,0.0,0.0,0.0,0.0,0.0,0.0,0.0,0.0,0.0,0.0,0.0,0.0,0.0,1.0,0.0,0.0,0.0,0.0,6.0,2.0,0.0,0.0,1.0,0.0,0.0,0.0,2.0,6.0,3.0,0.0,3.0,0.0,2.0,15.0,0.0,0.0,0.0,0.0,0.0,0.0,0.0,0.0,0.0,0.0,0.0,0.0,0.0,0.0,0.0,0.0,0.0,0.0,0.0,0.0,1.0,1.0,0.0,0.0,1.0,0.0,0.0,0.0,2.0,4.0,1.0,2457746787.0,-1.0,肇庆市德庆县,肇庆市德庆县永丰镇,12.0,23.0,0.0,2.0,37.0,40.3,51.11826923076923,56.92664596273291
广东省,肇庆市,德庆县,武垄镇,112.188482,23.321142,0.0,0.0,5.0,9.0,32.0,0.0,0.0,0.0,0.0,0.0,0.0,0.0,0.0,0.0,0.0,0.0,0.0,0.0,0.0,0.0,0.0,0.0,0.0,0.0,0.0,11.0,0.0,0.0,0.0,0.0,0.0,0.0,0.0,5.0,5.0,2.0,0.0,0.0,3.0,3.0,15.0,0.0,0.0,0.0,0.0,0.0,0.0,0.0,0.0,0.0,0.0,0.0,0.0,0.0,0.0,0.0,0.0,0.0,0.0,0.0,0.0,3.0,0.0,0.0,0.0,0.0,0.0,0.0,0.0,2.0,4.0,2.0,2457746784.0,-1.0,肇庆市德庆县,肇庆市德庆县武垄镇,12.0,22.5,0.0,1.0,35.5,40.3,51.11826923076923,56.92664596273291
广东省,肇庆市,德庆县,播植镇,112.157148,23.280594,0.0,5.0,5.0,11.0,38.0,0.0,0.0,0.0,0.0,0.0,0.0,0.0,0.0,0.0,0.0,0.0,0.0,0.0,0.0,0.0,1.0,0.0,0.0,0.0,0.0,7.0,0.0,0.0,0.0,0.0,0.0,0.0,0.0,2.0,6.0,3.0,0.0,3.0,4.0,1.0,13.0,0.0,0.0,0.0,0.0,0.0,0.0,0.0,0.0,0.0,0.0,0.0,0.0,0.0,0.0,0.0,0.0,0.0,0.0,0.0,0.0,2.0,0.0,0.0,0.0,0.0,0.0,0.0,0.0,2.0,6.0,2.0,2457746778.0,-1.0,肇庆市德庆县,肇庆市德庆县播植镇,12.0,23.0,0.0,1.5,36.5,40.3,51.11826923076923,56.92664596273291
广东省,肇庆市,德庆县,凤村镇,112.096303,23.234992,0.0,3.0,1.0,4.0,38.0,0.0,0.0,0.0,0.0,0.0,0.0,0.0,0.0,0.0,0.0,0.0,0.0,0.0,0.0,0.0,0.0,0.0,0.0,0.0,0.0,6.0,0.0,0.0,0.0,1.0,0.0,0.0,0.0,2.0,6.0,3.0,0.0,3.0,1.0,2.0,18.0,0.0,0.0,0.0,0.0,0.0,0.0,0.0,0.0,0.0,0.0,0.0,0.0,0.0,0.0,0.0,0.0,0.0,0.0,0.0,0.0,3.0,0.0,0.0,0.0,0.0,0.0,0.0,0.0,2.0,6.0,1.0,2065802645.0,-1.0,肇庆市德庆县,肇庆市德庆县凤村镇,12.0,23.0,0.0,1.6,36.6,40.3,51.11826923076923,56.92664596273291
广东省,肇庆市,德庆县,悦城镇,112.126983,23.091064,12.0,2.0,0.0,3.0,19.0,8.0,0.0,12.0,0.0,2.0,0.0,0.0,0.0,0.0,1.0,1.0,0.0,1.0,1.0,9.0,5.0,0.0,0.0,0.0,0.0,7.0,26.0,0.0,0.0,2.0,0.0,1.0,3.0,10.0,11.0,11.0,10.0,2.0,0.0,1.0,12.0,7.0,0.0,10.0,0.0,2.0,0.0,0.0,0.0,0.0,0.0,0.0,0.0,1.0,1.0,9.0,5.0,0.0,0.0,0.0,0.0,4.0,26.0,0.0,0.0,1.0,0.0,1.0,3.0,10.0,9.0,10.0,2457746788.0,-1.0,肇庆市德庆县,肇庆市德庆县悦城镇,12.0,21.4,10.0,9.5,52.9,40.3,51.11826923076923,56.92664596273291
广东省,肇庆市,德庆县,九市镇,111.97622,23.13017,3.0,1.0,3.0,1.0,24.0,0.0,0.0,1.0,0.0,0.0,0.0,0.0,0.0,0.0,1.0,1.0,0.0,0.0,0.0,0.0,2.0,0.0,0.0,0.0,0.0,6.0,0.0,0.0,0.0,0.0,0.0,0.0,0.0,8.0,7.0,8.0,3.0,0.0,3.0,1.0,9.0,0.0,0.0,0.0,0.0,0.0,0.0,0.0,0.0,0.0,1.0,1.0,0.0,0.0,0.0,0.0,1.0,0.0,0.0,0.0,0.0,2.0,0.0,0.0,0.0,0.0,0.0,0.0,0.0,8.0,5.0,7.0,2065800623.0,-1.0,肇庆市德庆县,肇庆市德庆县九市镇,12.0,17.0,5.0,4.0,38.0,40.3,51.11826923076923,56.92664596273291
广东省,肇庆市,四会市,城中街道,112.678581,23.3637555,0.0,65.0,59.0,71.0,156.0,31.0,2.0,108.0,90.0,1.0,4.0,2.0,1.0,1.0,9.0,10.0,1.0,0.0,0.0,10.0,5.0,0.0,8.0,1.0,0.0,21.0,1164.0,0.0,0.0,5.0,1.0,15.0,4.0,6.0,21.0,12.0,0.0,8.0,1.0,6.0,10.0,0.0,0.0,6.0,4.0,0.0,2.0,0.0,0.0,0.0,0.0,0.0,0.0,0.0,0.0,0.0,0.0,0.0,0.0,0.0,0.0,2.0,11.0,0.0,0.0,0.0,0.0,0.0,0.0,3.0,10.0,2.0,528584397.0,12214950.0,肇庆市四会市,肇庆市四会市城中街道,20.0,30.0,5.0,20.0,75.0,59.92307692307692,51.11826923076923,56.92664596273291
广东省,肇庆市,四会市,东城街道,112.7158942,23.3319551,0.0,87.0,81.0,191.0,231.0,74.0,1.0,246.0,165.0,13.0,2.0,12.0,0.0,1.0,10.0,14.0,2.0,1.0,1.0,26.0,23.0,1.0,2.0,5.0,1.0,11.0,219.0,2.0,0.0,44.0,11.0,9.0,3.0,6.0,21.0,13.0,0.0,20.0,25.0,43.0,33.0,29.0,0.0,84.0,30.0,6.0,2.0,2.0,0.0,0.0,3.0,3.0,1.0,1.0,1.0,3.0,8.0,0.0,0.0,3.0,0.0,2.0,5.0,0.0,0.0,1.0,0.0,3.0,1.0,1.0,15.0,4.0,8342877347.0,12214949.0,肇庆市四会市,肇庆市四会市东城街道,20.0,30.0,22.0,20.0,92.0,59.92307692307692,51.11826923076923,56.92664596273291
广东省,肇庆市,四会市,贞山街道,112.6689497,23.3405828,0.0,48.0,52.0,82.0,167.0,50.0,2.0,122.0,110.0,7.0,5.0,2.0,1.0,1.0,7.0,8.0,1.0,0.0,0.0,25.0,6.0,0.0,7.0,1.0,0.0,13.0,3004.0,0.0,0.0,49.0,7.0,15.0,12.0,4.0,19.0,18.0,0.0,12.0,4.0,5.0,17.0,6.0,0.0,18.0,22.0,1.0,1.0,2.0,0.0,0.0,1.0,2.0,1.0,0.0,0.0,5.0,2.0,0.0,6.0,0.0,0.0,1.0,1055.0,0.0,0.0,3.0,3.0,4.0,4.0,1.0,14.0,7.0,8342877346.0,12214951.0,肇庆市四会市,肇庆市四会市贞山街道,20.0,30.0,20.0,20.0,90.0,59.92307692307692,51.11826923076923,56.92664596273291
广东省,肇庆市,四会市,龙甫镇,112.7133562,23.3748228,0.0,27.0,15.0,36.0,62.0,19.0,0.0,36.0,50.0,9.0,4.0,1.0,1.0,1.0,3.0,4.0,0.0,0.0,0.0,1.0,0.0,0.0,4.0,0.0,0.0,13.0,9.0,0.0,0.0,0.0,1.0,0.0,0.0,5.0,21.0,6.0,0.0,3.0,0.0,0.0,5.0,16.0,0.0,0.0,12.0,9.0,4.0,1.0,1.0,1.0,1.0,1.0,0.0,0.0,0.0,0.0,0.0,0.0,1.0,0.0,0.0,2.0,6.0,0.0,0.0,0.0,1.0,0.0,0.0,3.0,10.0,2.0,8342877344.0,-1.0,肇庆市四会市,肇庆市四会市龙甫镇,12.0,30.0,15.0,4.5,61.5,59.92307692307692,51.11826923076923,56.92664596273291
广东省,肇庆市,四会市,地豆镇,112.711359,23.567726,0.0,2.0,3.0,14.0,62.0,7.0,0.0,0.0,0.0,2.0,2.0,0.0,0.0,0.0,0.0,0.0,0.0,0.0,0.0,0.0,1.0,0.0,0.0,0.0,0.0,11.0,207.0,0.0,0.0,0.0,0.0,2.0,0.0,3.0,11.0,6.0,0.0,2.0,1.0,2.0,12.0,0.0,0.0,0.0,0.0,0.0,0.0,0.0,0.0,0.0,0.0,0.0,0.0,0.0,0.0,0.0,0.0,0.0,0.0,0.0,0.0,3.0,0.0,0.0,0.0,0.0,0.0,2.0,0.0,1.0,4.0,1.0,4457877166.0,-1.0,肇庆市四会市,肇庆市四会市地豆镇,12.0,28.0,0.0,19.0,59.0,59.92307692307692,51.11826923076923,56.92664596273291
广东省,肇庆市,四会市,威整镇,112.730934,23.648316,0.0,3.0,5.0,11.0,40.0,0.0,0.0,0.0,0.0,0.0,0.0,0.0,0.0,0.0,0.0,0.0,0.0,0.0,0.0,0.0,0.0,0.0,0.0,0.0,0.0,7.0,0.0,0.0,0.0,0.0,0.0,0.0,0.0,6.0,5.0,3.0,0.0,3.0,3.0,5.0,7.0,0.0,0.0,0.0,0.0,0.0,0.0,0.0,0.0,0.0,0.0,0.0,0.0,0.0,0.0,0.0,0.0,0.0,0.0,0.0,0.0,3.0,0.0,0.0,0.0,0.0,0.0,0.0,0.0,1.0,4.0,1.0,3784217368.0,-1.0,肇庆市四会市,肇庆市四会市威整镇,12.0,22.5,0.0,1.5,36.0,59.92307692307692,51.11826923076923,56.92664596273291
广东省,肇庆市,四会市,罗源镇,112.771952,23.579351,0.0,4.0,3.0,16.0,85.0,1.0,0.0,0.0,0.0,0.0,1.0,0.0,0.0,0.0,0.0,0.0,0.0,0.0,0.0,0.0,0.0,0.0,1.0,0.0,0.0,11.0,1.0,0.0,0.0,0.0,1.0,0.0,0.0,7.0,9.0,6.0,0.0,1.0,0.0,8.0,41.0,0.0,0.0,0.0,0.0,0.0,0.0,0.0,0.0,0.0,0.0,0.0,0.0,0.0,0.0,0.0,0.0,0.0,0.0,0.0,0.0,4.0,0.0,0.0,0.0,0.0,0.0,0.0,0.0,2.0,5.0,2.0,4457881126.0,-1.0,肇庆市四会市,肇庆市四会市罗源镇,12.0,26.0,0.0,3.1,41.1,59.92307692307692,51.11826923076923,56.92664596273291
广东省,肇庆市,四会市,迳口镇,112.8225759,23.5048227,0.0,6.0,2.0,11.0,35.0,0.0,0.0,0.0,16.0,0.0,0.0,0.0,0.0,0.0,0.0,0.0,0.0,0.0,0.0,0.0,1.0,0.0,0.0,0.0,0.0,3.0,0.0,0.0,0.0,0.0,0.0,0.0,0.0,7.0,6.0,5.0,0.0,0.0,2.0,2.0,7.0,0.0,0.0,0.0,0.0,0.0,0.0,0.0,0.0,0.0,0.0,0.0,0.0,0.0,0.0,0.0,0.0,0.0,0.0,0.0,0.0,2.0,0.0,0.0,0.0,0.0,0.0,0.0,0.0,1.0,4.0,1.0,2050884095.0,-1.0,肇庆市四会市,肇庆市四会市迳口镇,10.0,24.1,0.0,2.5,36.6,59.92307692307692,51.11826923076923,56.92664596273291
广东省,肇庆市,四会市,大沙镇,112.762951,23.248976,21.0,11.0,38.0,32.0,67.0,23.0,1.0,64.0,38.0,0.0,4.0,0.0,1.0,1.0,3.0,3.0,0.0,0.0,0.0,0.0,31.0,0.0,26.0,1.0,0.0,13.0,29.0,0.0,0.0,0.0,0.0,0.0,0.0,10.0,20.0,10.0,0.0,0.0,6.0,9.0,21.0,2.0,0.0,13.0,8.0,0.0,0.0,0.0,1.0,1.0,1.0,1.0,0.0,0.0,0.0,0.0,5.0,0.0,1.0,0.0,0.0,2.0,0.0,0.0,0.0,0.0,0.0,0.0,0.0,3.0,10.0,5.0,8342877348.0,12214952.0,肇庆市四会市,肇庆市四会市大沙镇,20.0,28.0,10.0,6.9,64.9,59.92307692307692,51.11826923076923,56.92664596273291
广东省,肇庆市,四会市,石狗镇,112.5814891,23.374801,0.0,2.0,13.0,29.0,67.0,6.0,0.0,4.0,6.0,0.0,1.0,3.0,1.0,1.0,1.0,1.0,0.0,0.0,0.0,0.0,1.0,0.0,2.0,0.0,0.0,29.0,213.0,0.0,0.0,1.0,0.0,3.0,0.0,6.0,11.0,9.0,0.0,2.0,11.0,22.0,21.0,3.0,0.0,4.0,4.0,0.0,1.0,3.0,1.0,1.0,1.0,1.0,0.0,0.0,0.0,0.0,0.0,0.0,2.0,0.0,0.0,7.0,131.0,0.0,0.0,1.0,0.0,3.0,0.0,4.0,9.0,8.0,8342877345.0,-1.0,肇庆市四会市,肇庆市四会市石狗镇,12.0,28.0,15.0,20.0,75.0,59.92307692307692,51.11826923076923,56.92664596273291
广东省,肇庆市,四会市,黄田镇,112.5315062,23.4468679,0.0,3.0,0.0,4.0,91.0,26.0,0.0,274.0,0.0,3.0,2.0,0.0,0.0,0.0,0.0,0.0,0.0,0.0,0.0,0.0,0.0,0.0,0.0,0.0,0.0,13.0,2163.0,0.0,59.0,0.0,0.0,0.0,1.0,5.0,12.0,5.0,0.0,2.0,0.0,1.0,24.0,1.0,0.0,83.0,0.0,0.0,0.0,0.0,0.0,0.0,0.0,0.0,0.0,0.0,0.0,0.0,0.0,0.0,0.0,0.0,0.0,2.0,625.0,0.0,0.0,0.0,0.0,0.0,0.0,2.0,6.0,3.0,4348428436.0,-1.0,肇庆市四会市,肇庆市四会市黄田镇,12.0,28.0,0.0,18.5,58.5,59.92307692307692,51.11826923076923,56.92664596273291
广东省,肇庆市,四会市,江谷镇,112.656227,23.505869,0.0,6.0,1.0,17.0,125.0,12.0,0.0,0.0,0.0,1.0,0.0,0.0,1.0,1.0,1.0,1.0,0.0,0.0,0.0,0.0,19.0,0.0,0.0,0.0,0.0,19.0,2.0,0.0,0.0,0.0,1.0,2.0,0.0,4.0,11.0,8.0,0.0,6.0,1.0,5.0,44.0,2.0,0.0,0.0,0.0,1.0,0.0,0.0,1.0,1.0,1.0,1.0,0.0,0.0,0.0,0.0,2.0,0.0,0.0,0.0,0.0,3.0,2.0,0.0,0.0,0.0,1.0,1.0,0.0,2.0,9.0,4.0,4348439543.0,-1.0,肇庆市四会市,肇庆市四会市江谷镇,12.0,26.0,10.0,4.4,52.4,59.92307692307692,51.11826923076923,56.92664596273291
广东省,肇庆市,四会市,下茆镇,112.6581888,23.4319518,0.0,3.0,3.0,12.0,65.0,0.0,0.0,1.0,0.0,0.0,0.0,0.0,0.0,0.0,0.0,0.0,0.0,0.0,0.0,0.0,0.0,0.0,1.0,0.0,0.0,9.0,0.0,0.0,0.0,0.0,0.0,0.0,0.0,2.0,6.0,4.0,0.0,1.0,1.0,2.0,12.0,0.0,0.0,0.0,0.0,0.0,0.0,0.0,0.0,0.0,0.0,0.0,0.0,0.0,0.0,0.0,0.0,0.0,0.0,0.0,0.0,1.0,0.0,0.0,0.0,0.0,0.0,0.0,0.0,2.0,5.0,2.0,4348439545.0,-1.0,肇庆市四会市,肇庆市四会市下茆镇,12.0,23.0,0.0,2.0,37.0,59.92307692307692,51.11826923076923,56.92664596273291
广东省,惠州市,惠城区,桥东街道,114.4192599,23.0866802,76.0,214.0,260.0,352.0,452.0,131.0,3.0,197.0,706.0,7.0,4.0,6.0,15.0,49.0,42.0,69.0,4.0,10.0,18.0,719.0,141.0,7.0,2.0,1.0,2.0,6.0,736.0,10.0,503.0,5.0,1938.0,130.0,27.0,29.0,24.0,13.0,10.0,38.0,34.0,31.0,138.0,61.0,0.0,2.0,126.0,2.0,0.0,2.0,2.0,8.0,10.0,18.0,0.0,2.0,4.0,202.0,30.0,1.0,0.0,0.0,0.0,2.0,254.0,3.0,214.0,1.0,544.0,31.0,3.0,6.0,19.0,7.0,8377610109.0,12250835.0,惠州市惠城区,惠州市惠城区桥东街道,20.0,30.0,25.0,20.0,95.0,71.9,53.30281690140845,56.92664596273291
广东省,惠州市,惠城区,桥西街道,114.405924,23.0766819,63.0,244.0,264.0,340.0,361.0,135.0,1.0,303.0,657.0,12.0,5.0,4.0,8.0,17.0,38.0,57.0,3.0,4.0,14.0,227.0,133.0,7.0,1.0,1.0,5.0,6.0,540.0,10.0,291.0,6.0,802.0,76.0,26.0,24.0,24.0,19.0,0.0,57.0,63.0,64.0,60.0,6.0,0.0,15.0,126.0,0.0,0.0,0.0,1.0,3.0,9.0,11.0,2.0,0.0,1.0,8.0,30.0,0.0,0.0,1.0,0.0,1.0,33.0,0.0,19.0,0.0,75.0,4.0,4.0,4.0,16.0,8.0,8377617669.0,12250836.0,惠州市惠城区,惠州市惠城区桥西街道,20.0,30.0,28.0,20.0,98.0,71.9,53.30281690140845,56.92664596273291
广东省,惠州市,惠城区,江南街道,114.3846567,23.1067978,0.0,160.0,152.0,123.0,161.0,85.0,6.0,77.0,384.0,25.0,5.0,16.0,5.0,6.0,21.0,29.0,0.0,1.0,5.0,16.0,44.0,9.0,4.0,0.0,2.0,8.0,219.0,14.0,27.0,3.0,134.0,61.0,23.0,27.0,18.0,17.0,0.0,26.0,21.0,17.0,46.0,10.0,1.0,18.0,84.0,2.0,0.0,1.0,2.0,2.0,6.0,6.0,0.0,0.0,0.0,1.0,19.0,0.0,1.0,0.0,0.0,2.0,8.0,0.0,3.0,0.0,22.0,5.0,4.0,6.0,15.0,9.0,8377610108.0,18950482.0,惠州市惠城区,惠州市惠城区江南街道,20.0,30.0,16.0,20.0,86.0,71.9,53.30281690140845,56.92664596273291
广东省,惠州市,惠城区,江北街道,114.4079087,23.1141051,56.0,206.0,248.0,219.0,232.0,43.0,8.0,56.0,536.0,6.0,1.0,15.0,5.0,5.0,30.0,38.0,0.0,0.0,5.0,30.0,79.0,9.0,5.0,0.0,1.0,5.0,202.0,7.0,54.0,4.0,201.0,41.0,15.0,28.0,22.0,12.0,14.0,82.0,59.0,13.0,40.0,21.0,3.0,5.0,109.0,4.0,0.0,13.0,1.0,1.0,4.0,8.0,0.0,0.0,5.0,3.0,7.0,3.0,0.0,0.0,0.0,2.0,50.0,7.0,12.0,0.0,59.0,10.0,3.0,11.0,18.0,7.0,8377617918.0,12250837.0,惠州市惠城区,惠州市惠城区江北街道,20.0,30.0,20.0,20.0,90.0,71.9,53.30281690140845,56.92664596273291
广东省,惠州市,惠城区,龙丰街道,114.3858904,23.0783475,27.0,196.0,216.0,210.0,239.0,99.0,1.0,217.0,467.0,21.0,6.0,5.0,7.0,10.0,31.0,39.0,2.0,2.0,9.0,22.0,81.0,6.0,3.0,1.0,4.0,6.0,260.0,7.0,35.0,3.0,196.0,58.0,27.0,23.0,22.0,23.0,0.0,30.0,23.0,11.0,39.0,2.0,0.0,19.0,64.0,0.0,1.0,0.0,3.0,3.0,3.0,3.0,0.0,2.0,5.0,4.0,3.0,0.0,0.0,0.0,0.0,1.0,27.0,1.0,3.0,0.0,23.0,4.0,5.0,7.0,14.0,4.0,8377617922.0,18950483.0,惠州市惠城区,惠州市惠城区龙丰街道,20.0,30.0,23.0,20.0,93.0,71.9,53.30281690140845,56.92664596273291
广东省,惠州市,惠城区,河南岸街道,114.418533,23.072688,75.0,255.0,242.0,374.0,372.0,153.0,1.0,271.0,685.0,6.0,3.0,6.0,20.0,68.0,48.0,83.0,6.0,9.0,14.0,861.0,146.0,8.0,0.0,1.0,8.0,6.0,706.0,10.0,535.0,4.0,2142.0,119.0,21.0,19.0,24.0,17.0,0.0,23.0,28.0,71.0,52.0,4.0,0.0,8.0,116.0,0.0,2.0,0.0,0.0,0.0,7.0,9.0,1.0,0.0,1.0,4.0,23.0,0.0,0.0,1.0,0.0,2.0,18.0,0.0,12.0,0.0,49.0,2.0,1.0,2.0,16.0,5.0,8377617921.0,18950485.0,惠州市惠城区,惠州市惠城区河南岸街道,20.0,30.0,21.0,20.0,91.0,71.9,53.30281690140845,56.92664596273291
广东省,惠州市,惠城区,惠环街道,114.3675986,23.0384128,24.0,119.0,105.0,44.0,86.0,11.0,0.0,8.0,228.0,0.0,1.0,2.0,1.0,1.0,9.0,17.0,1.0,0.0,0.0,2.0,38.0,0.0,10.0,0.0,2.0,3.0,53.0,0.0,24.0,7.0,101.0,5.0,1.0,13.0,19.0,10.0,12.0,19.0,22.0,3.0,8.0,0.0,0.0,0.0,33.0,0.0,1.0,0.0,0.0,0.0,2.0,2.0,0.0,0.0,0.0,0.0,6.0,0.0,0.0,0.0,0.0,1.0,2.0,0.0,1.0,3.0,9.0,0.0,0.0,7.0,15.0,3.0,8377617923.0,18950484.0,惠州市惠城区,惠州市惠城区惠环街道,18.0,28.0,10.0,10.5,66.5,71.9,53.30281690140845,56.92664596273291
广东省,惠州市,惠城区,陈江街道,114.3136226,23.01019,34.0,82.0,100.0,129.0,111.0,37.0,0.0,22.0,221.0,2.0,1.0,2.0,1.0,1.0,18.0,21.0,0.0,0.0,1.0,5.0,19.0,0.0,17.0,0.0,13.0,10.0,31.0,0.0,5.0,2.0,73.0,20.0,0.0,11.0,22.0,15.0,15.0,18.0,12.0,13.0,64.0,20.0,0.0,22.0,50.0,2.0,0.0,1.0,0.0,0.0,5.0,5.0,0.0,0.0,1.0,2.0,9.0,0.0,0.0,0.0,2.0,3.0,8.0,0.0,4.0,0.0,23.0,2.0,0.0,3.0,17.0,4.0,8377610106.0,18950481.0,惠州市惠城区,惠州市惠城区陈江街道,20.0,30.0,14.0,8.100000000000001,72.1,71.9,53.30281690140845,56.92664596273291
广东省,惠州市,惠城区,水口街道,114.4602845,23.1074573,59.0,60.0,65.0,120.0,351.0,28.0,1.0,9.0,280.0,0.0,4.0,1.0,2.0,2.0,18.0,39.0,1.0,1.0,7.0,17.0,73.0,0.0,6.0,0.0,6.0,2.0,39.0,0.0,19.0,3.0,170.0,5.0,6.0,9.0,21.0,7.0,14.0,23.0,15.0,23.0,139.0,4.0,0.0,8.0,60.0,0.0,0.0,1.0,1.0,1.0,4.0,8.0,0.0,1.0,3.0,6.0,23.0,0.0,1.0,0.0,0.0,1.0,10.0,0.0,5.0,0.0,48.0,2.0,3.0,1.0,15.0,6.0,8377617920.0,18950486.0,惠州市惠城区,惠州市惠城区水口街道,17.0,28.0,25.0,8.7,78.7,71.9,53.30281690140845,56.92664596273291
广东省,惠州市,惠城区,小金口街道,114.4151672,23.1728713,49.0,5.0,15.0,28.0,105.0,8.0,0.0,8.0,159.0,0.0,0.0,0.0,0.0,0.0,9.0,13.0,0.0,0.0,0.0,0.0,4.0,0.0,1.0,0.0,3.0,5.0,14.0,0.0,4.0,0.0,31.0,2.0,2.0,9.0,19.0,10.0,19.0,1.0,0.0,18.0,9.0,3.0,0.0,0.0,43.0,0.0,0.0,0.0,0.0,0.0,0.0,0.0,0.0,0.0,0.0,0.0,0.0,0.0,1.0,0.0,0.0,3.0,2.0,0.0,2.0,0.0,4.0,0.0,0.0,5.0,10.0,3.0,4596520044.0,12250831.0,惠州市惠城区,惠州市惠城区小金口街道,20.0,26.0,0.0,5.6,51.6,71.9,53.30281690140845,56.92664596273291
广东省,惠州市,惠城区,汝湖镇,114.4538723,23.1799426,0.0,14.0,13.0,29.0,32.0,2.0,5.0,4.0,118.0,0.0,0.0,0.0,0.0,0.0,7.0,8.0,0.0,0.0,0.0,6.0,4.0,0.0,0.0,0.0,0.0,6.0,5.0,0.0,1.0,0.0,16.0,0.0,2.0,7.0,20.0,5.0,0.0,13.0,5.0,5.0,4.0,0.0,1.0,0.0,30.0,0.0,0.0,0.0,0.0,0.0,1.0,1.0,0.0,0.0,0.0,1.0,0.0,0.0,0.0,0.0,0.0,2.0,1.0,0.0,0.0,0.0,2.0,0.0,0.0,3.0,9.0,2.0,2460391340.0,12250832.0,惠州市惠城区,惠州市惠城区汝湖镇,20.0,23.6,6.0,3.1,52.7,71.9,53.30281690140845,56.92664596273291
广东省,惠州市,惠城区,三栋镇,114.4423016,22.994171,0.0,64.0,28.0,83.0,359.0,37.0,0.0,40.0,104.0,4.0,5.0,3.0,2.0,2.0,4.0,7.0,1.0,1.0,4.0,15.0,69.0,1.0,14.0,0.0,2.0,7.0,150.0,0.0,0.0,6.0,14.0,3.0,2.0,7.0,22.0,15.0,0.0,18.0,14.0,10.0,56.0,0.0,0.0,24.0,30.0,1.0,0.0,3.0,2.0,2.0,2.0,3.0,1.0,1.0,4.0,14.0,2.0,0.0,0.0,0.0,0.0,2.0,108.0,0.0,0.0,2.0,2.0,3.0,1.0,2.0,13.0,11.0,2460391341.0,18950479.0,惠州市惠城区,惠州市惠城区三栋镇,20.0,30.0,30.0,20.0,100.0,71.9,53.30281690140845,56.92664596273291
广东省,惠州市,惠城区,潼湖镇,114.1915569,23.085203,0.0,5.0,2.0,11.0,12.0,8.0,0.0,13.0,2.0,0.0,1.0,0.0,0.0,0.0,0.0,0.0,0.0,0.0,0.0,0.0,0.0,0.0,0.0,0.0,0.0,7.0,15.0,0.0,0.0,0.0,0.0,2.0,0.0,5.0,14.0,5.0,0.0,5.0,0.0,4.0,4.0,3.0,0.0,8.0,0.0,0.0,1.0,0.0,0.0,0.0,0.0,0.0,0.0,0.0,0.0,0.0,0.0,0.0,0.0,0.0,0.0,3.0,11.0,0.0,0.0,0.0,0.0,2.0,0.0,2.0,11.0,4.0,2460391342.0,18950477.0,惠州市惠城区,惠州市惠城区潼湖镇,20.0,21.6,0.0,5.1,46.7,71.9,53.30281690140845,56.92664596273291
广东省,惠州市,惠城区,沥林镇,114.233467,22.9787866,0.0,30.0,4.0,15.0,135.0,6.0,0.0,3.0,69.0,0.0,2.0,1.0,0.0,0.0,4.0,7.0,0.0,0.0,0.0,1.0,0.0,2.0,0.0,0.0,0.0,14.0,8.0,0.0,0.0,0.0,10.0,1.0,1.0,13.0,17.0,7.0,0.0,2.0,0.0,0.0,62.0,0.0,0.0,1.0,22.0,0.0,0.0,1.0,0.0,0.0,2.0,2.0,0.0,0.0,0.0,1.0,0.0,0.0,0.0,0.0,0.0,1.0,3.0,0.0,0.0,0.0,4.0,0.0,1.0,5.0,6.0,4.0,2747083483.0,18950478.0,惠州市惠城区,惠州市惠城区沥林镇,20.0,28.0,11.0,4.6,63.6,71.9,53.30281690140845,56.92664596273291
广东省,惠州市,惠城区,马安镇,114.492605,23.047382,8.0,0.0,8.0,61.0,264.0,12.0,0.0,0.0,104.0,0.0,0.0,1.0,0.0,0.0,6.0,9.0,0.0,0.0,0.0,0.0,33.0,0.0,0.0,0.0,1.0,6.0,1.0,0.0,0.0,1.0,16.0,0.0,0.0,6.0,14.0,7.0,4.0,0.0,3.0,13.0,39.0,3.0,0.0,0.0,32.0,0.0,0.0,0.0,0.0,0.0,1.0,3.0,0.0,0.0,0.0,0.0,3.0,0.0,0.0,0.0,0.0,1.0,1.0,0.0,0.0,0.0,4.0,0.0,0.0,2.0,8.0,3.0,2460391339.0,18950480.0,惠州市惠城区,惠州市惠城区马安镇,20.0,26.0,10.0,3.8,59.8,71.9,53.30281690140845,56.92664596273291
广东省,惠州市,惠城区,横沥镇,114.611935,23.172473,0.0,19.0,16.0,6.0,22.0,11.0,3.0,0.0,25.0,1.0,2.0,3.0,0.0,0.0,0.0,0.0,2.0,0.0,0.0,0.0,4.0,1.0,0.0,0.0,0.0,16.0,6.0,0.0,0.0,0.0,4.0,2.0,0.0,5.0,14.0,8.0,0.0,6.0,4.0,0.0,10.0,1.0,0.0,0.0,10.0,0.0,0.0,0.0,0.0,0.0,0.0,0.0,1.0,0.0,0.0,0.0,1.0,0.0,0.0,0.0,0.0,2.0,1.0,0.0,0.0,0.0,1.0,0.0,0.0,3.0,7.0,5.0,2460391337.0,12250834.0,惠州市惠城区,惠州市惠城区横沥镇,20.0,27.4,10.0,4.7,62.1,71.9,53.30281690140845,56.92664596273291
广东省,惠州市,惠城区,芦洲镇,114.5195599,23.3687713,0.0,1.0,0.0,0.0,4.0,0.0,0.0,0.0,0.0,0.0,0.0,0.0,0.0,0.0,0.0,0.0,0.0,0.0,0.0,0.0,0.0,0.0,0.0,0.0,0.0,10.0,0.0,0.0,0.0,0.0,0.0,0.0,0.0,5.0,3.0,3.0,0.0,1.0,0.0,0.0,0.0,0.0,0.0,0.0,0.0,0.0,0.0,0.0,0.0,0.0,0.0,0.0,0.0,0.0,0.0,0.0,0.0,0.0,0.0,0.0,0.0,3.0,0.0,0.0,0.0,0.0,0.0,0.0,0.0,3.0,1.0,1.0,8377617919.0,12250833.0,惠州市惠城区,惠州市惠城区芦洲镇,20.0,7.3,0.0,1.5,28.8,71.9,53.30281690140845,56.92664596273291
广东省,惠州市,惠城区,潼侨镇,114.29538,23.0379612,0.0,43.0,82.0,104.0,150.0,6.0,0.0,0.0,137.0,0.0,1.0,0.0,1.0,1.0,7.0,7.0,0.0,0.0,0.0,3.0,9.0,0.0,14.0,0.0,4.0,11.0,16.0,0.0,14.0,0.0,48.0,1.0,3.0,5.0,16.0,8.0,0.0,8.0,12.0,34.0,72.0,1.0,0.0,0.0,36.0,0.0,0.0,0.0,0.0,0.0,3.0,3.0,0.0,0.0,0.0,0.0,3.0,0.0,0.0,0.0,0.0,2.0,0.0,0.0,0.0,0.0,7.0,1.0,0.0,2.0,11.0,3.0,2747083494.0,18950476.0,惠州市惠城区,惠州市惠城区潼侨镇,20.0,28.0,5.0,5.6,58.6,71.9,53.30281690140845,56.92664596273291
广东省,惠州市,惠阳区,淡水街道,114.4596497,22.7950554,60.0,77.0,72.0,152.0,157.0,122.0,0.0,66.0,346.0,1.0,1.0,3.0,3.0,3.0,17.0,22.0,0.0,0.0,1.0,7.0,52.0,5.0,0.0,0.0,2.0,7.0,188.0,6.0,56.0,7.0,34.0,47.0,4.0,10.0,23.0,12.0,38.0,11.0,10.0,32.0,38.0,13.0,0.0,2.0,78.0,0.0,0.0,1.0,1.0,1.0,4.0,4.0,0.0,0.0,1.0,3.0,2.0,1.0,0.0,0.0,0.0,2.0,12.0,6.0,2.0,1.0,10.0,7.0,1.0,4.0,15.0,6.0,369490779.0,12261308.0,惠州市惠阳区,惠州市惠阳区淡水街道,20.0,30.0,20.0,20.0,90.0,66.70833333333333,53.30281690140845,56.92664596273291
广东省,惠州市,惠阳区,秋长街道,114.4335596,22.812683,31.0,43.0,48.0,54.0,70.0,62.0,0.0,53.0,94.0,0.0,2.0,5.0,1.0,1.0,4.0,9.0,0.0,0.0,0.0,7.0,29.0,4.0,3.0,0.0,2.0,7.0,266.0,6.0,44.0,5.0,31.0,39.0,3.0,7.0,21.0,13.0,5.0,8.0,2.0,4.0,8.0,15.0,0.0,8.0,10.0,0.0,0.0,0.0,0.0,0.0,1.0,1.0,0.0,0.0,0.0,0.0,10.0,0.0,0.0,0.0,1.0,2.0,30.0,0.0,12.0,0.0,0.0,8.0,0.0,3.0,11.0,7.0,8383730215.0,18950491.0,惠州市惠阳区,惠州市惠阳区秋长街道,20.0,28.0,10.0,20.0,78.0,66.70833333333333,53.30281690140845,56.92664596273291
广东省,惠州市,惠阳区,三和街道,114.4844699,22.8933938,0.0,12.0,11.0,14.0,48.0,87.0,0.0,2.0,50.0,0.0,1.0,0.0,0.0,0.0,10.0,11.0,0.0,0.0,0.0,2.0,6.0,0.0,1.0,0.0,2.0,5.0,31.0,0.0,4.0,1.0,23.0,11.0,1.0,7.0,17.0,7.0,0.0,2.0,3.0,8.0,15.0,5.0,0.0,0.0,10.0,0.0,1.0,0.0,0.0,0.0,3.0,3.0,0.0,0.0,0.0,0.0,3.0,0.0,0.0,0.0,0.0,1.0,6.0,0.0,0.0,0.0,7.0,0.0,0.0,3.0,11.0,3.0,8383763003.0,18950492.0,惠州市惠阳区,惠州市惠阳区三和街道,20.0,28.0,5.0,7.300000000000001,60.3,66.70833333333333,53.30281690140845,56.92664596273291
广东省,惠州市,惠阳区,大亚湾澳头街道,114.5294485,22.7331535,0.0,112.0,83.0,131.0,197.0,240.0,14.0,378.0,322.0,8.0,0.0,6.0,1.0,1.0,10.0,15.0,2.0,0.0,1.0,3.0,76.0,3.0,10.0,0.0,13.0,8.0,1111.0,0.0,82.0,8.0,17.0,79.0,2.0,3.0,21.0,19.0,0.0,23.0,18.0,7.0,49.0,16.0,8.0,37.0,51.0,3.0,0.0,0.0,0.0,0.0,1.0,1.0,0.0,0.0,0.0,0.0,7.0,0.0,0.0,0.0,1.0,1.0,32.0,0.0,0.0,1.0,0.0,12.0,2.0,1.0,18.0,8.0,8383740339.0,-1.0,惠州市惠阳区,惠州市惠阳区大亚湾澳头街道,12.0,28.0,10.0,20.0,70.0,66.70833333333333,53.30281690140845,56.92664596273291
广东省,惠州市,惠阳区,大亚湾霞涌街道,114.6508416,22.7724128,0.0,40.0,64.0,44.0,52.0,51.0,8.0,19.0,154.0,7.0,3.0,0.0,0.0,0.0,3.0,4.0,0.0,0.0,0.0,5.0,11.0,0.0,1.0,0.0,0.0,5.0,317.0,0.0,0.0,3.0,67.0,14.0,5.0,3.0,20.0,14.0,0.0,0.0,2.0,12.0,29.0,5.0,0.0,0.0,20.0,0.0,0.0,0.0,0.0,0.0,2.0,3.0,0.0,0.0,0.0,2.0,5.0,0.0,0.0,0.0,0.0,2.0,18.0,0.0,0.0,0.0,20.0,3.0,2.0,2.0,6.0,7.0,8383740338.0,-1.0,惠州市惠阳区,惠州市惠阳区大亚湾霞涌街道,12.0,30.0,7.0,20.0,69.0,66.70833333333333,53.30281690140845,56.92664596273291
广东省,惠州市,惠阳区,大亚湾西区街道,114.4864118,22.7582655,0.0,85.0,64.0,116.0,295.0,510.0,2.0,442.0,277.0,18.0,6.0,2.0,1.0,1.0,13.0,31.0,1.0,1.0,2.0,34.0,145.0,9.0,37.0,0.0,17.0,6.0,2025.0,0.0,214.0,8.0,7.0,139.0,3.0,7.0,23.0,15.0,0.0,8.0,13.0,6.0,69.0,110.0,2.0,114.0,58.0,8.0,1.0,1.0,0.0,0.0,1.0,7.0,1.0,1.0,1.0,27.0,44.0,3.0,0.0,0.0,8.0,1.0,458.0,0.0,108.0,1.0,1.0,14.0,1.0,2.0,15.0,12.0,8383740340.0,-1.0,惠州市惠阳区,惠州市惠阳区大亚湾西区街道,12.0,30.0,25.0,20.0,87.0,66.70833333333333,53.30281690140845,56.92664596273291
广东省,惠州市,惠阳区,沙田镇,114.5464066,22.8694187,6.0,0.0,0.0,10.0,24.0,14.0,0.0,0.0,0.0,0.0,2.0,0.0,0.0,0.0,0.0,0.0,0.0,0.0,0.0,2.0,0.0,0.0,0.0,0.0,0.0,7.0,45.0,0.0,0.0,1.0,0.0,0.0,0.0,7.0,11.0,4.0,6.0,0.0,0.0,5.0,0.0,0.0,0.0,0.0,0.0,0.0,0.0,0.0,0.0,0.0,0.0,0.0,0.0,0.0,0.0,0.0,0.0,0.0,0.0,0.0,0.0,2.0,3.0,0.0,0.0,1.0,0.0,0.0,0.0,3.0,4.0,1.0,3154256875.0,18950490.0,惠州市惠阳区,惠州市惠阳区沙田镇,20.0,20.8,0.0,7.0,47.8,66.70833333333333,53.30281690140845,56.92664596273291
广东省,惠州市,惠阳区,新圩镇,114.330441,22.869734,27.0,0.0,3.0,25.0,23.0,0.0,0.0,11.0,32.0,0.0,2.0,0.0,0.0,0.0,2.0,3.0,0.0,0.0,0.0,0.0,1.0,0.0,0.0,0.0,0.0,7.0,38.0,0.0,0.0,0.0,6.0,0.0,0.0,5.0,11.0,5.0,16.0,0.0,3.0,5.0,16.0,0.0,0.0,1.0,16.0,0.0,0.0,0.0,0.0,0.0,2.0,3.0,0.0,0.0,0.0,0.0,1.0,0.0,0.0,0.0,0.0,3.0,18.0,0.0,0.0,0.0,4.0,0.0,0.0,3.0,9.0,3.0,2459786848.0,18950487.0,惠州市惠阳区,惠州市惠阳区新圩镇,20.0,27.4,5.0,8.100000000000001,60.5,66.70833333333333,53.30281690140845,56.92664596273291
广东省,惠州市,惠阳区,镇隆镇,114.3064723,22.9387769,14.0,0.0,0.0,19.0,24.0,6.0,0.0,1.0,48.0,0.0,2.0,2.0,1.0,1.0,2.0,4.0,1.0,0.0,0.0,0.0,2.0,0.0,1.0,0.0,0.0,6.0,12.0,0.0,1.0,0.0,12.0,0.0,1.0,2.0,15.0,8.0,4.0,0.0,0.0,17.0,8.0,0.0,0.0,0.0,12.0,0.0,1.0,2.0,1.0,1.0,0.0,0.0,1.0,0.0,0.0,0.0,1.0,0.0,0.0,0.0,0.0,3.0,9.0,0.0,1.0,0.0,4.0,0.0,1.0,2.0,8.0,5.0,5490149150.0,18950488.0,惠州市惠阳区,惠州市惠阳区镇隆镇,20.0,25.200000000000003,15.0,6.1,66.3,66.70833333333333,53.30281690140845,56.92664596273291
广东省,惠州市,惠阳区,永湖镇,114.4953737,22.9443306,0.0,36.0,14.0,5.0,164.0,3.0,0.0,1.0,62.0,0.0,0.0,0.0,0.0,0.0,4.0,4.0,0.0,0.0,0.0,0.0,49.0,0.0,0.0,0.0,0.0,5.0,3.0,0.0,0.0,5.0,7.0,0.0,0.0,5.0,14.0,6.0,0.0,15.0,8.0,3.0,23.0,0.0,0.0,1.0,22.0,0.0,0.0,0.0,0.0,0.0,2.0,2.0,0.0,0.0,0.0,0.0,4.0,0.0,0.0,0.0,0.0,2.0,0.0,0.0,0.0,0.0,3.0,0.0,0.0,3.0,9.0,5.0,4455503441.0,18950489.0,惠州市惠阳区,惠州市惠阳区永湖镇,20.0,26.0,5.0,3.8,54.8,66.70833333333333,53.30281690140845,56.92664596273291
广东省,惠州市,惠阳区,良井镇,114.5602402,22.9949842,0.0,5.0,1.0,98.0,375.0,26.0,0.0,0.0,0.0,0.0,0.0,1.0,0.0,0.0,0.0,0.0,0.0,0.0,0.0,0.0,109.0,0.0,6.0,0.0,0.0,9.0,7.0,0.0,0.0,2.0,0.0,0.0,0.0,4.0,11.0,8.0,0.0,4.0,1.0,25.0,84.0,2.0,0.0,0.0,0.0,0.0,0.0,0.0,0.0,0.0,0.0,0.0,0.0,0.0,0.0,0.0,20.0,0.0,1.0,0.0,0.0,2.0,0.0,0.0,0.0,0.0,0.0,0.0,0.0,2.0,7.0,6.0,2667179007.0,12261306.0,惠州市惠阳区,惠州市惠阳区良井镇,20.0,24.0,5.0,4.9,53.9,66.70833333333333,53.30281690140845,56.92664596273291
广东省,惠州市,惠阳区,平潭镇,114.5696619,23.0451299,13.0,6.0,3.0,56.0,330.0,13.0,0.0,0.0,60.0,0.0,1.0,1.0,0.0,0.0,3.0,4.0,0.0,0.0,0.0,0.0,52.0,0.0,8.0,0.0,0.0,9.0,8.0,0.0,0.0,0.0,9.0,3.0,0.0,5.0,13.0,9.0,7.0,6.0,1.0,5.0,27.0,0.0,0.0,0.0,18.0,0.0,0.0,1.0,0.0,0.0,1.0,2.0,0.0,0.0,0.0,0.0,4.0,0.0,1.0,0.0,0.0,2.0,1.0,0.0,0.0,0.0,5.0,1.0,0.0,4.0,10.0,6.0,2065819223.0,12261307.0,惠州市惠阳区,惠州市惠阳区平潭镇,20.0,28.0,10.0,4.9,62.9,66.70833333333333,53.30281690140845,56.92664596273291
广东省,惠州市,博罗县,罗阳街道,114.2797588,23.1637882,24.0,14.0,35.0,56.0,46.0,4.0,3.0,0.0,73.0,0.0,0.0,1.0,1.0,1.0,5.0,6.0,0.0,0.0,0.0,1.0,1.0,0.0,0.0,0.0,0.0,9.0,4.0,0.0,2.0,0.0,15.0,4.0,0.0,5.0,16.0,5.0,0.0,3.0,4.0,18.0,15.0,0.0,0.0,0.0,0.0,0.0,0.0,0.0,0.0,0.0,0.0,0.0,0.0,0.0,0.0,0.0,0.0,0.0,0.0,0.0,0.0,1.0,0.0,0.0,0.0,0.0,1.0,1.0,0.0,2.0,7.0,3.0,3116178288.0,-1.0,惠州市博罗县,惠州市博罗县罗阳街道,12.0,26.0,5.0,2.9,45.9,42.78235294117647,53.30281690140845,56.92664596273291
广东省,惠州市,博罗县,龙溪街道,114.121953,23.142272,10.0,0.0,5.0,31.0,132.0,40.0,0.0,0.0,0.0,0.0,0.0,0.0,0.0,0.0,2.0,3.0,0.0,0.0,0.0,1.0,5.0,0.0,8.0,0.0,0.0,10.0,120.0,0.0,0.0,0.0,0.0,0.0,0.0,4.0,13.0,9.0,2.0,0.0,3.0,17.0,41.0,21.0,0.0,0.0,0.0,0.0,0.0,0.0,0.0,0.0,2.0,3.0,0.0,0.0,0.0,1.0,4.0,0.0,1.0,0.0,0.0,2.0,37.0,0.0,0.0,0.0,0.0,0.0,0.0,1.0,6.0,5.0,3116178286.0,-1.0,惠州市博罗县,惠州市博罗县龙溪街道,12.0,24.0,6.0,19.700000000000003,61.7,42.78235294117647,53.30281690140845,56.92664596273291
广东省,惠州市,博罗县,石坝镇,114.5734038,23.5332271,3.0,3.0,1.0,17.0,44.0,0.0,0.0,0.0,0.0,0.0,0.0,0.0,0.0,0.0,0.0,0.0,0.0,0.0,0.0,0.0,0.0,0.0,0.0,0.0,0.0,14.0,0.0,0.0,0.0,0.0,0.0,0.0,0.0,6.0,7.0,2.0,1.0,1.0,0.0,10.0,32.0,0.0,0.0,0.0,0.0,0.0,0.0,0.0,0.0,0.0,0.0,0.0,0.0,0.0,0.0,0.0,0.0,0.0,0.0,0.0,0.0,4.0,0.0,0.0,0.0,0.0,0.0,0.0,0.0,1.0,5.0,1.0,8375462730.0,-1.0,惠州市博罗县,惠州市博罗县石坝镇,12.0,23.5,0.0,1.0,36.5,42.78235294117647,53.30281690140845,56.92664596273291
广东省,惠州市,博罗县,麻陂镇,114.5247084,23.484165,3.0,0.0,0.0,26.0,28.0,0.0,0.0,2.0,1.0,0.0,0.0,0.0,0.0,0.0,0.0,0.0,0.0,0.0,0.0,0.0,1.0,0.0,0.0,0.0,0.0,7.0,2.0,0.0,0.0,0.0,0.0,0.0,2.0,6.0,9.0,4.0,3.0,0.0,0.0,14.0,5.0,0.0,0.0,0.0,0.0,0.0,0.0,0.0,0.0,0.0,0.0,0.0,0.0,0.0,0.0,0.0,1.0,0.0,0.0,0.0,0.0,1.0,0.0,0.0,0.0,0.0,0.0,0.0,0.0,2.0,6.0,2.0,3116412631.0,-1.0,惠州市博罗县,惠州市博罗县麻陂镇,12.0,23.1,0.0,2.2,37.300000000000004,42.78235294117647,53.30281690140845,56.92664596273291
广东省,惠州市,博罗县,观音阁镇,114.5942083,23.4049167,0.0,8.0,4.0,9.0,20.0,0.0,0.0,0.0,0.0,0.0,0.0,0.0,0.0,0.0,0.0,0.0,0.0,0.0,0.0,0.0,0.0,0.0,0.0,0.0,0.0,8.0,0.0,0.0,0.0,1.0,0.0,0.0,1.0,5.0,4.0,4.0,0.0,2.0,2.0,6.0,14.0,0.0,0.0,0.0,0.0,0.0,0.0,0.0,0.0,0.0,0.0,0.0,0.0,0.0,0.0,0.0,0.0,0.0,0.0,0.0,0.0,2.0,0.0,0.0,0.0,1.0,0.0,0.0,1.0,5.0,4.0,4.0,8375462731.0,-1.0,惠州市博罗县,惠州市博罗县观音阁镇,12.0,20.2,0.0,2.2,34.400000000000006,42.78235294117647,53.30281690140845,56.92664596273291
广东省,惠州市,博罗县,公庄镇,114.3854318,23.5424764,1.0,0.0,0.0,6.0,35.0,0.0,0.0,0.0,0.0,0.0,0.0,0.0,0.0,0.0,0.0,0.0,0.0,0.0,0.0,0.0,0.0,0.0,1.0,0.0,0.0,9.0,0.0,0.0,0.0,0.0,0.0,0.0,0.0,3.0,8.0,3.0,1.0,0.0,0.0,1.0,3.0,0.0,0.0,0.0,0.0,0.0,0.0,0.0,0.0,0.0,0.0,0.0,0.0,0.0,0.0,0.0,0.0,0.0,0.0,0.0,0.0,2.0,0.0,0.0,0.0,0.0,0.0,0.0,0.0,2.0,4.0,1.0,3116404709.0,-1.0,惠州市博罗县,惠州市博罗县公庄镇,12.0,21.9,0.0,1.5,35.4,42.78235294117647,53.30281690140845,56.92664596273291
广东省,惠州市,博罗县,杨村镇,114.4662284,23.4339306,16.0,5.0,20.0,23.0,70.0,32.0,0.0,1.0,10.0,0.0,0.0,0.0,0.0,0.0,2.0,2.0,0.0,0.0,0.0,0.0,13.0,0.0,3.0,0.0,0.0,6.0,24.0,0.0,0.0,4.0,0.0,11.0,0.0,4.0,14.0,7.0,10.0,0.0,12.0,4.0,20.0,9.0,0.0,0.0,6.0,0.0,0.0,0.0,0.0,0.0,1.0,1.0,0.0,0.0,0.0,0.0,2.0,0.0,1.0,0.0,0.0,3.0,11.0,0.0,0.0,2.0,0.0,3.0,0.0,3.0,9.0,6.0,3116412632.0,-1.0,惠州市博罗县,惠州市博罗县杨村镇,12.0,26.0,5.0,7.6000000000000005,50.6,42.78235294117647,53.30281690140845,56.92664596273291
广东省,惠州市,博罗县,柏塘镇,114.3633717,23.3975095,1.0,0.0,0.0,17.0,3.0,0.0,0.0,0.0,0.0,0.0,0.0,0.0,0.0,0.0,1.0,1.0,0.0,0.0,0.0,0.0,0.0,0.0,0.0,0.0,0.0,10.0,0.0,0.0,0.0,0.0,0.0,0.0,0.0,1.0,4.0,3.0,1.0,0.0,0.0,10.0,3.0,0.0,0.0,0.0,0.0,0.0,0.0,0.0,0.0,0.0,1.0,1.0,0.0,0.0,0.0,0.0,0.0,0.0,0.0,0.0,0.0,3.0,0.0,0.0,0.0,0.0,0.0,0.0,0.0,1.0,3.0,1.0,3116422818.0,-1.0,惠州市博罗县,惠州市博罗县柏塘镇,12.0,13.5,5.0,1.5,32.0,42.78235294117647,53.30281690140845,56.92664596273291
广东省,惠州市,博罗县,泰美镇,114.4659071,23.3025983,10.0,0.0,7.0,27.0,27.0,4.0,0.0,3.0,54.0,0.0,2.0,1.0,1.0,1.0,4.0,5.0,0.0,0.0,0.0,0.0,4.0,0.0,0.0,1.0,0.0,3.0,27.0,0.0,0.0,0.0,14.0,2.0,0.0,6.0,16.0,5.0,2.0,0.0,0.0,18.0,9.0,0.0,0.0,0.0,12.0,0.0,1.0,1.0,0.0,0.0,1.0,1.0,0.0,0.0,0.0,0.0,4.0,0.0,0.0,1.0,0.0,1.0,23.0,0.0,0.0,0.0,8.0,2.0,0.0,3.0,9.0,5.0,8375462732.0,-1.0,惠州市博罗县,惠州市博罗县泰美镇,10.0,26.1,10.0,7.5,53.6,42.78235294117647,53.30281690140845,56.92664596273291
广东省,惠州市,博罗县,湖镇镇,114.143189,23.2449937,10.0,6.0,0.0,12.0,39.0,2.0,0.0,0.0,0.0,0.0,0.0,0.0,0.0,0.0,0.0,0.0,0.0,0.0,0.0,0.0,0.0,0.0,0.0,0.0,0.0,8.0,3.0,0.0,0.0,0.0,0.0,0.0,0.0,3.0,7.0,3.0,6.0,4.0,0.0,5.0,27.0,1.0,0.0,0.0,0.0,0.0,0.0,0.0,0.0,0.0,0.0,0.0,0.0,0.0,0.0,0.0,0.0,0.0,0.0,0.0,0.0,3.0,0.0,0.0,0.0,0.0,0.0,0.0,0.0,1.0,6.0,2.0,2613422586.0,-1.0,惠州市博罗县,惠州市博罗县湖镇镇,12.0,23.5,0.0,1.8,37.3,42.78235294117647,53.30281690140845,56.92664596273291
广东省,惠州市,博罗县,长宁镇,114.0552525,23.236189,0.0,24.0,39.0,28.0,25.0,16.0,4.0,16.0,0.0,1.0,0.0,0.0,0.0,0.0,0.0,0.0,0.0,0.0,0.0,2.0,0.0,1.0,0.0,0.0,0.0,4.0,4.0,0.0,0.0,8.0,0.0,2.0,5.0,2.0,14.0,6.0,0.0,12.0,10.0,6.0,9.0,1.0,0.0,0.0,0.0,0.0,0.0,0.0,0.0,0.0,0.0,0.0,0.0,0.0,0.0,0.0,0.0,0.0,0.0,0.0,0.0,2.0,2.0,0.0,0.0,2.0,0.0,0.0,0.0,1.0,7.0,1.0,3116165182.0,-1.0,惠州市博罗县,惠州市博罗县长宁镇,11.0,23.7,0.0,4.6,39.300000000000004,42.78235294117647,53.30281690140845,56.92664596273291
广东省,惠州市,博罗县,福田镇,113.955545,23.217385,9.0,2.0,9.0,6.0,24.0,3.0,0.0,0.0,0.0,0.0,0.0,0.0,0.0,0.0,0.0,0.0,0.0,0.0,0.0,1.0,1.0,0.0,0.0,0.0,0.0,9.0,0.0,0.0,0.0,0.0,1.0,0.0,0.0,5.0,10.0,4.0,6.0,0.0,1.0,0.0,2.0,0.0,0.0,0.0,0.0,0.0,0.0,0.0,0.0,0.0,0.0,0.0,0.0,0.0,0.0,1.0,0.0,0.0,0.0,0.0,0.0,3.0,0.0,0.0,0.0,0.0,1.0,0.0,0.0,2.0,3.0,1.0,2065865120.0,-1.0,惠州市博罗县,惠州市博罗县福田镇,12.0,19.4,1.0,2.0,34.4,42.78235294117647,53.30281690140845,56.92664596273291
广东省,惠州市,博罗县,龙华镇,114.102676,23.1875188,34.0,4.0,6.0,28.0,50.0,7.0,0.0,5.0,0.0,0.0,2.0,0.0,0.0,0.0,1.0,2.0,0.0,0.0,0.0,0.0,3.0,0.0,5.0,0.0,0.0,11.0,22.0,0.0,0.0,1.0,1.0,3.0,1.0,5.0,15.0,8.0,10.0,0.0,2.0,16.0,25.0,2.0,0.0,0.0,0.0,0.0,0.0,0.0,0.0,0.0,1.0,1.0,0.0,0.0,0.0,0.0,2.0,0.0,3.0,0.0,0.0,1.0,10.0,0.0,0.0,0.0,0.0,3.0,0.0,3.0,6.0,6.0,3116148981.0,-1.0,惠州市博罗县,惠州市博罗县龙华镇,12.0,26.0,5.0,7.300000000000001,50.3,42.78235294117647,53.30281690140845,56.92664596273291
广东省,惠州市,博罗县,园洲镇,113.9598162,23.1290018,0.0,10.0,26.0,43.0,115.0,1.0,1.0,0.0,0.0,0.0,0.0,0.0,0.0,0.0,0.0,0.0,0.0,0.0,0.0,0.0,0.0,0.0,0.0,0.0,0.0,11.0,22.0,0.0,0.0,0.0,0.0,0.0,0.0,7.0,11.0,4.0,0.0,5.0,8.0,7.0,18.0,0.0,0.0,0.0,0.0,0.0,0.0,0.0,0.0,0.0,0.0,0.0,0.0,0.0,0.0,0.0,0.0,0.0,0.0,0.0,0.0,2.0,20.0,0.0,0.0,0.0,0.0,0.0,0.0,1.0,4.0,1.0,3116165183.0,-1.0,惠州市博罗县,惠州市博罗县园洲镇,12.0,24.0,0.0,6.2,42.2,42.78235294117647,53.30281690140845,56.92664596273291
广东省,惠州市,博罗县,石湾镇,113.853031,23.139868,0.0,7.0,47.0,41.0,198.0,14.0,5.0,88.0,6.0,0.0,0.0,0.0,1.0,1.0,4.0,4.0,0.0,0.0,0.0,0.0,6.0,0.0,2.0,0.0,0.0,9.0,32.0,0.0,0.0,2.0,1.0,4.0,2.0,11.0,13.0,8.0,0.0,0.0,3.0,3.0,26.0,0.0,0.0,0.0,0.0,0.0,0.0,0.0,0.0,0.0,0.0,0.0,0.0,0.0,0.0,0.0,0.0,0.0,0.0,0.0,0.0,1.0,1.0,0.0,0.0,0.0,1.0,1.0,0.0,1.0,4.0,1.0,8375462729.0,-1.0,惠州市博罗县,惠州市博罗县石湾镇,12.0,26.0,0.0,7.5,45.5,42.78235294117647,53.30281690140845,56.92664596273291
广东省,惠州市,博罗县,杨侨镇,114.4752517,23.4363298,16.0,6.0,22.0,15.0,79.0,34.0,0.0,1.0,14.0,0.0,0.0,0.0,0.0,0.0,2.0,2.0,0.0,0.0,0.0,0.0,13.0,0.0,2.0,0.0,0.0,5.0,23.0,0.0,0.0,2.0,0.0,11.0,0.0,4.0,16.0,8.0,8.0,0.0,10.0,3.0,16.0,19.0,0.0,1.0,6.0,0.0,0.0,0.0,0.0,0.0,1.0,1.0,0.0,0.0,0.0,0.0,5.0,0.0,0.0,0.0,0.0,2.0,4.0,0.0,0.0,0.0,0.0,8.0,0.0,3.0,10.0,4.0,3116412633.0,-1.0,惠州市博罗县,惠州市博罗县杨侨镇,12.0,26.0,5.0,6.9,49.9,42.78235294117647,53.30281690140845,56.92664596273291
广东省,惠州市,博罗县,横河镇,114.1173054,23.3431008,0.0,7.0,10.0,11.0,78.0,12.0,0.0,1.0,0.0,0.0,0.0,0.0,0.0,0.0,1.0,1.0,0.0,0.0,0.0,1.0,6.0,0.0,0.0,0.0,0.0,7.0,0.0,0.0,0.0,0.0,0.0,0.0,1.0,2.0,8.0,8.0,0.0,5.0,6.0,9.0,30.0,6.0,0.0,0.0,0.0,0.0,0.0,0.0,0.0,0.0,0.0,0.0,0.0,0.0,0.0,1.0,5.0,0.0,0.0,0.0,0.0,3.0,0.0,0.0,0.0,0.0,0.0,0.0,1.0,2.0,6.0,4.0,2065841649.0,-1.0,惠州市博罗县,惠州市博罗县横河镇,12.0,24.0,1.0,4.0,41.0,42.78235294117647,53.30281690140845,56.92664596273291
广东省,惠州市,惠东县,平山街道,114.7189246,22.9802292,32.0,20.0,38.0,60.0,59.0,15.0,0.0,1.0,51.0,0.0,0.0,1.0,2.0,2.0,11.0,13.0,0.0,0.0,0.0,4.0,17.0,0.0,0.0,0.0,0.0,6.0,18.0,0.0,0.0,3.0,13.0,9.0,0.0,6.0,15.0,8.0,8.0,4.0,7.0,17.0,14.0,0.0,0.0,0.0,8.0,0.0,0.0,0.0,0.0,0.0,2.0,2.0,0.0,0.0,0.0,2.0,2.0,0.0,0.0,0.0,0.0,2.0,1.0,0.0,0.0,0.0,1.0,8.0,0.0,3.0,11.0,4.0,369488163.0,-1.0,惠州市惠东县,惠州市惠东县平山街道,12.0,26.0,12.0,6.2,56.2,43.607142857142854,53.30281690140845,56.92664596273291
广东省,惠州市,惠东县,大岭街道,114.7056573,22.9998445,20.0,14.0,32.0,44.0,68.0,6.0,0.0,1.0,52.0,0.0,2.0,1.0,1.0,1.0,10.0,10.0,0.0,0.0,0.0,2.0,8.0,0.0,0.0,0.0,0.0,12.0,5.0,0.0,0.0,2.0,11.0,9.0,0.0,6.0,15.0,7.0,0.0,6.0,1.0,11.0,2.0,0.0,0.0,0.0,12.0,0.0,0.0,1.0,0.0,0.0,2.0,2.0,0.0,0.0,0.0,0.0,0.0,0.0,0.0,0.0,0.0,2.0,0.0,0.0,0.0,0.0,3.0,1.0,0.0,2.0,6.0,3.0,2667179006.0,-1.0,惠州市惠东县,惠州市惠东县大岭街道,12.0,28.0,10.0,4.2,54.2,43.607142857142854,53.30281690140845,56.92664596273291
广东省,惠州市,惠东县,白花镇,114.6456181,22.943459,12.0,0.0,4.0,82.0,152.0,17.0,0.0,0.0,0.0,0.0,0.0,0.0,0.0,0.0,2.0,2.0,0.0,0.0,0.0,0.0,55.0,0.0,0.0,0.0,0.0,22.0,17.0,0.0,0.0,0.0,0.0,0.0,0.0,5.0,12.0,5.0,6.0,0.0,4.0,30.0,47.0,2.0,0.0,0.0,0.0,0.0,0.0,0.0,0.0,0.0,1.0,1.0,0.0,0.0,0.0,0.0,11.0,0.0,0.0,0.0,0.0,6.0,3.0,0.0,0.0,0.0,0.0,0.0,0.0,5.0,10.0,4.0,2667179005.0,-1.0,惠州市惠东县,惠州市惠东县白花镇,12.0,24.0,5.0,4.5,45.5,43.607142857142854,53.30281690140845,56.92664596273291
广东省,惠州市,惠东县,梁化镇,114.6736188,23.1118502,0.0,8.0,2.0,12.0,115.0,1.0,0.0,0.0,0.0,0.0,0.0,0.0,0.0,0.0,0.0,0.0,0.0,0.0,0.0,0.0,13.0,0.0,0.0,0.0,0.0,8.0,0.0,0.0,0.0,0.0,0.0,0.0,0.0,2.0,6.0,4.0,0.0,5.0,2.0,4.0,23.0,0.0,0.0,0.0,0.0,0.0,0.0,0.0,0.0,0.0,0.0,0.0,0.0,0.0,0.0,0.0,1.0,0.0,0.0,0.0,0.0,2.0,0.0,0.0,0.0,0.0,0.0,0.0,0.0,2.0,5.0,2.0,2511656895.0,-1.0,惠州市惠东县,惠州市惠东县梁化镇,12.0,23.0,0.0,2.0,37.0,43.607142857142854,53.30281690140845,56.92664596273291
广东省,惠州市,惠东县,稔山镇,114.8035627,22.8425088,25.0,40.0,5.0,10.0,121.0,15.0,0.0,27.0,5.0,1.0,0.0,0.0,0.0,0.0,1.0,1.0,0.0,0.0,0.0,1.0,2.0,0.0,0.0,0.0,1.0,8.0,2.0,0.0,0.0,10.0,0.0,0.0,0.0,7.0,14.0,8.0,13.0,10.0,3.0,2.0,63.0,0.0,0.0,5.0,0.0,0.0,0.0,0.0,0.0,0.0,0.0,0.0,0.0,0.0,0.0,0.0,1.0,0.0,0.0,0.0,0.0,3.0,0.0,0.0,0.0,1.0,0.0,0.0,0.0,4.0,11.0,4.0,8380052728.0,-1.0,惠州市惠东县,惠州市惠东县稔山镇,12.0,28.0,0.0,5.3,45.3,43.607142857142854,53.30281690140845,56.92664596273291
广东省,惠州市,惠东县,铁涌镇,114.8381131,22.7257984,0.0,13.0,9.0,19.0,53.0,3.0,0.0,2.0,0.0,0.0,0.0,0.0,0.0,0.0,0.0,0.0,0.0,0.0,0.0,0.0,1.0,0.0,0.0,0.0,0.0,11.0,0.0,0.0,0.0,0.0,0.0,1.0,0.0,2.0,12.0,5.0,0.0,4.0,2.0,6.0,16.0,0.0,0.0,0.0,0.0,0.0,0.0,0.0,0.0,0.0,0.0,0.0,0.0,0.0,0.0,0.0,1.0,0.0,0.0,0.0,0.0,3.0,0.0,0.0,0.0,0.0,0.0,1.0,0.0,1.0,6.0,3.0,8380052727.0,-1.0,惠州市惠东县,惠州市惠东县铁涌镇,12.0,24.0,0.0,2.5,38.5,43.607142857142854,53.30281690140845,56.92664596273291
广东省,惠州市,惠东县,平海镇,114.8683944,22.6196761,0.0,48.0,9.0,15.0,114.0,80.0,0.0,9.0,2.0,1.0,0.0,1.0,1.0,1.0,3.0,3.0,0.0,1.0,0.0,0.0,14.0,1.0,0.0,1.0,0.0,6.0,41.0,0.0,2.0,6.0,2.0,4.0,1.0,4.0,17.0,17.0,0.0,13.0,4.0,3.0,44.0,37.0,0.0,1.0,2.0,0.0,0.0,1.0,1.0,1.0,3.0,3.0,0.0,1.0,0.0,0.0,2.0,0.0,0.0,1.0,0.0,3.0,28.0,0.0,0.0,2.0,2.0,0.0,1.0,2.0,11.0,10.0,369501443.0,18085907.0,惠州市惠东县,惠州市惠东县平海镇,20.0,28.0,17.0,11.7,76.7,43.607142857142854,53.30281690140845,56.92664596273291
广东省,惠州市,惠东县,吉隆镇,114.9192995,22.803244,6.0,5.0,23.0,30.0,161.0,5.0,0.0,0.0,0.0,0.0,0.0,0.0,0.0,0.0,1.0,1.0,0.0,0.0,0.0,2.0,2.0,0.0,1.0,0.0,0.0,7.0,3.0,0.0,0.0,3.0,0.0,6.0,2.0,12.0,10.0,9.0,6.0,5.0,8.0,19.0,59.0,1.0,0.0,0.0,0.0,0.0,0.0,0.0,0.0,0.0,0.0,0.0,0.0,0.0,0.0,0.0,1.0,0.0,0.0,0.0,0.0,2.0,0.0,0.0,0.0,2.0,0.0,0.0,0.0,3.0,7.0,4.0,939127305.0,-1.0,惠州市惠东县,惠州市惠东县吉隆镇,12.0,24.0,0.0,4.8,40.8,43.607142857142854,53.30281690140845,56.92664596273291
广东省,惠州市,惠东县,黄埠镇,114.9592623,22.7510482,0.0,69.0,10.0,23.0,69.0,0.0,0.0,0.0,0.0,0.0,0.0,0.0,0.0,0.0,2.0,2.0,0.0,0.0,1.0,3.0,1.0,0.0,1.0,0.0,0.0,6.0,13.0,0.0,0.0,10.0,1.0,0.0,0.0,3.0,9.0,9.0,0.0,15.0,2.0,4.0,42.0,0.0,0.0,0.0,0.0,0.0,0.0,0.0,0.0,0.0,1.0,1.0,0.0,0.0,1.0,2.0,1.0,0.0,0.0,0.0,0.0,1.0,12.0,0.0,0.0,0.0,0.0,0.0,0.0,1.0,5.0,2.0,939156490.0,-1.0,惠州市惠东县,惠州市惠东县黄埠镇,12.0,24.0,9.0,7.5,52.5,43.607142857142854,53.30281690140845,56.92664596273291
广东省,惠州市,惠东县,多祝镇,114.944109,23.030254,0.0,16.0,2.0,9.0,196.0,5.0,0.0,0.0,0.0,0.0,0.0,0.0,0.0,0.0,1.0,1.0,0.0,0.0,0.0,0.0,76.0,0.0,4.0,0.0,0.0,11.0,0.0,0.0,0.0,0.0,0.0,0.0,0.0,4.0,9.0,5.0,0.0,8.0,2.0,5.0,32.0,0.0,0.0,0.0,0.0,0.0,0.0,0.0,0.0,0.0,0.0,0.0,0.0,0.0,0.0,0.0,8.0,0.0,0.0,0.0,0.0,3.0,0.0,0.0,0.0,0.0,0.0,0.0,0.0,3.0,6.0,3.0,1779185052.0,-1.0,惠州市惠东县,惠州市惠东县多祝镇,12.0,24.0,0.0,2.5,38.5,43.607142857142854,53.30281690140845,56.92664596273291
广东省,惠州市,惠东县,安墩镇,114.9991251,23.1925172,0.0,6.0,0.0,6.0,0.0,0.0,0.0,0.0,0.0,0.0,0.0,0.0,0.0,0.0,0.0,0.0,0.0,0.0,0.0,0.0,1.0,0.0,1.0,0.0,0.0,6.0,0.0,0.0,0.0,0.0,0.0,0.0,0.0,2.0,2.0,5.0,0.0,5.0,0.0,2.0,0.0,0.0,0.0,0.0,0.0,0.0,0.0,0.0,0.0,0.0,0.0,0.0,0.0,0.0,0.0,0.0,1.0,0.0,0.0,0.0,0.0,1.0,0.0,0.0,0.0,0.0,0.0,0.0,0.0,2.0,2.0,3.0,2635501105.0,-1.0,惠州市惠东县,惠州市惠东县安墩镇,12.0,11.0,0.0,2.5,25.5,43.607142857142854,53.30281690140845,56.92664596273291
广东省,惠州市,惠东县,高潭镇,115.305942,23.188354,23.0,1.0,0.0,63.0,17.0,4.0,0.0,0.0,0.0,0.0,0.0,0.0,0.0,0.0,0.0,0.0,0.0,0.0,0.0,0.0,1.0,0.0,0.0,0.0,0.0,11.0,0.0,0.0,0.0,0.0,0.0,0.0,0.0,6.0,6.0,2.0,12.0,1.0,0.0,16.0,14.0,3.0,0.0,0.0,0.0,0.0,0.0,0.0,0.0,0.0,0.0,0.0,0.0,0.0,0.0,0.0,1.0,0.0,0.0,0.0,0.0,3.0,0.0,0.0,0.0,0.0,0.0,0.0,0.0,1.0,5.0,2.0,1779675368.0,-1.0,惠州市惠东县,惠州市惠东县高潭镇,12.0,20.6,0.0,1.0,33.6,43.607142857142854,53.30281690140845,56.92664596273291
广东省,惠州市,惠东县,宝口镇,115.193074,23.218226,0.0,3.0,0.0,18.0,6.0,1.0,0.0,0.0,0.0,0.0,0.0,0.0,0.0,0.0,0.0,0.0,0.0,0.0,0.0,0.0,0.0,0.0,0.0,0.0,0.0,6.0,0.0,0.0,0.0,0.0,0.0,0.0,0.0,3.0,5.0,4.0,0.0,3.0,0.0,2.0,0.0,0.0,0.0,0.0,0.0,0.0,0.0,0.0,0.0,0.0,0.0,0.0,0.0,0.0,0.0,0.0,0.0,0.0,0.0,0.0,0.0,2.0,0.0,0.0,0.0,0.0,0.0,0.0,0.0,2.0,2.0,2.0,1779675270.0,-1.0,惠州市惠东县,惠州市惠东县宝口镇,12.0,13.7,0.0,2.0,27.7,43.607142857142854,53.30281690140845,56.92664596273291
广东省,惠州市,惠东县,白盆珠镇,115.0233249,23.0727619,0.0,3.0,8.0,8.0,89.0,0.0,0.0,0.0,0.0,0.0,0.0,0.0,0.0,0.0,0.0,0.0,0.0,0.0,0.0,0.0,53.0,0.0,1.0,0.0,0.0,9.0,3.0,0.0,0.0,1.0,0.0,0.0,0.0,3.0,6.0,6.0,0.0,0.0,4.0,3.0,14.0,0.0,0.0,0.0,0.0,0.0,0.0,0.0,0.0,0.0,0.0,0.0,0.0,0.0,0.0,0.0,1.0,0.0,0.0,0.0,0.0,2.0,0.0,0.0,0.0,1.0,0.0,0.0,0.0,2.0,3.0,4.0,1779185051.0,-1.0,惠州市惠东县,惠州市惠东县白盆珠镇,12.0,23.0,0.0,3.5,38.5,43.607142857142854,53.30281690140845,56.92664596273291
广东省,惠州市,龙门县,龙城街道,114.2464942,23.7304819,15.0,15.0,14.0,25.0,83.0,11.0,5.0,13.0,10.0,0.0,0.0,0.0,0.0,0.0,3.0,3.0,0.0,0.0,0.0,3.0,2.0,0.0,2.0,0.0,0.0,9.0,4.0,0.0,0.0,1.0,0.0,14.0,2.0,3.0,15.0,7.0,0.0,7.0,8.0,13.0,28.0,0.0,3.0,0.0,4.0,0.0,0.0,0.0,0.0,0.0,2.0,2.0,0.0,0.0,0.0,0.0,1.0,0.0,0.0,0.0,0.0,2.0,0.0,0.0,0.0,0.0,0.0,0.0,0.0,3.0,8.0,4.0,2460233044.0,-1.0,惠州市龙门县,惠州市龙门县龙城街道,12.0,26.0,5.0,4.0,47.0,35.2,53.30281690140845,56.92664596273291
广东省,惠州市,龙门县,平陵街道,114.3402281,23.6498215,2.0,5.0,0.0,4.0,17.0,1.0,0.0,0.0,0.0,0.0,0.0,0.0,0.0,0.0,0.0,0.0,0.0,0.0,0.0,0.0,0.0,0.0,2.0,0.0,0.0,3.0,0.0,0.0,0.0,0.0,0.0,0.0,0.0,6.0,9.0,3.0,0.0,4.0,0.0,4.0,2.0,0.0,0.0,0.0,0.0,0.0,0.0,0.0,0.0,0.0,0.0,0.0,0.0,0.0,0.0,0.0,0.0,0.0,0.0,0.0,0.0,3.0,0.0,0.0,0.0,0.0,0.0,0.0,0.0,2.0,3.0,1.0,3116191243.0,-1.0,惠州市龙门县,惠州市龙门县平陵街道,10.0,17.0,0.0,1.5,28.5,35.2,53.30281690140845,56.92664596273291
广东省,惠州市,龙门县,麻榨镇,114.0036794,23.4624525,0.0,19.0,1.0,2.0,30.0,0.0,0.0,0.0,0.0,0.0,0.0,0.0,0.0,0.0,1.0,1.0,0.0,0.0,0.0,0.0,2.0,0.0,3.0,0.0,0.0,5.0,5.0,0.0,0.0,0.0,0.0,1.0,0.0,2.0,6.0,8.0,0.0,18.0,0.0,2.0,16.0,0.0,0.0,0.0,0.0,0.0,0.0,0.0,0.0,0.0,0.0,0.0,0.0,0.0,0.0,0.0,1.0,0.0,3.0,0.0,0.0,1.0,1.0,0.0,0.0,0.0,0.0,0.0,0.0,2.0,3.0,5.0,5348785835.0,-1.0,惠州市龙门县,惠州市龙门县麻榨镇,12.0,20.8,0.0,4.6,37.4,35.2,53.30281690140845,56.92664596273291
广东省,惠州市,龙门县,永汉镇,113.968208,23.570027,4.0,3.0,7.0,6.0,105.0,1.0,0.0,0.0,0.0,0.0,0.0,0.0,1.0,1.0,2.0,2.0,0.0,0.0,0.0,0.0,4.0,0.0,3.0,0.0,0.0,10.0,0.0,0.0,0.0,2.0,0.0,2.0,1.0,5.0,12.0,8.0,4.0,1.0,5.0,2.0,69.0,0.0,0.0,0.0,0.0,0.0,0.0,0.0,0.0,0.0,1.0,1.0,0.0,0.0,0.0,0.0,1.0,0.0,0.0,0.0,0.0,3.0,0.0,0.0,0.0,0.0,0.0,1.0,0.0,3.0,8.0,4.0,2460103000.0,-1.0,惠州市龙门县,惠州市龙门县永汉镇,12.0,24.0,5.0,4.2,45.2,35.2,53.30281690140845,56.92664596273291
广东省,惠州市,龙门县,龙田镇,114.2488833,23.7931525,1.0,6.0,1.0,2.0,33.0,0.0,0.0,0.0,0.0,0.0,0.0,0.0,0.0,0.0,0.0,0.0,0.0,0.0,0.0,0.0,2.0,0.0,1.0,0.0,0.0,7.0,2.0,0.0,0.0,1.0,0.0,1.0,0.0,3.0,8.0,5.0,1.0,0.0,0.0,0.0,9.0,0.0,0.0,0.0,0.0,0.0,0.0,0.0,0.0,0.0,0.0,0.0,0.0,0.0,0.0,0.0,2.0,0.0,0.0,0.0,0.0,2.0,2.0,0.0,0.0,0.0,0.0,1.0,0.0,1.0,3.0,2.0,2488295863.0,-1.0,惠州市龙门县,惠州市龙门县龙田镇,12.0,20.3,0.0,3.0,35.3,35.2,53.30281690140845,56.92664596273291
广东省,惠州市,龙门县,龙潭镇,114.1081133,23.7120358,0.0,5.0,4.0,3.0,22.0,1.0,0.0,0.0,0.0,0.0,0.0,0.0,0.0,0.0,0.0,0.0,0.0,0.0,0.0,0.0,2.0,0.0,0.0,0.0,0.0,15.0,0.0,0.0,0.0,1.0,0.0,0.0,0.0,2.0,7.0,6.0,0.0,3.0,4.0,2.0,15.0,1.0,0.0,0.0,0.0,0.0,0.0,0.0,0.0,0.0,0.0,0.0,0.0,0.0,0.0,0.0,2.0,0.0,0.0,0.0,0.0,8.0,0.0,0.0,0.0,0.0,0.0,0.0,0.0,2.0,7.0,5.0,2065818395.0,-1.0,惠州市龙门县,惠州市龙门县龙潭镇,12.0,20.4,0.0,3.1,35.5,35.2,53.30281690140845,56.92664596273291
广东省,惠州市,龙门县,地派镇,114.074151,23.842248,0.0,6.0,10.0,0.0,9.0,0.0,0.0,0.0,0.0,0.0,0.0,0.0,0.0,0.0,0.0,0.0,0.0,0.0,0.0,0.0,3.0,0.0,1.0,0.0,0.0,3.0,0.0,0.0,0.0,0.0,0.0,1.0,0.0,7.0,4.0,5.0,0.0,5.0,3.0,0.0,9.0,0.0,0.0,0.0,0.0,0.0,0.0,0.0,0.0,0.0,0.0,0.0,0.0,0.0,0.0,0.0,3.0,0.0,0.0,0.0,0.0,2.0,0.0,0.0,0.0,0.0,0.0,1.0,0.0,2.0,4.0,4.0,2460102996.0,-1.0,惠州市龙门县,惠州市龙门县地派镇,10.0,11.5,0.0,2.5,24.0,35.2,53.30281690140845,56.92664596273291
广东省,惠州市,龙门县,龙华镇,114.1911448,23.6137794,3.0,7.0,0.0,3.0,8.0,0.0,0.0,21.0,0.0,0.0,0.0,0.0,0.0,0.0,0.0,0.0,0.0,0.0,0.0,0.0,0.0,0.0,2.0,0.0,0.0,7.0,0.0,0.0,0.0,6.0,0.0,0.0,0.0,5.0,12.0,5.0,2.0,6.0,0.0,1.0,2.0,0.0,0.0,5.0,0.0,0.0,0.0,0.0,0.0,0.0,0.0,0.0,0.0,0.0,0.0,0.0,0.0,0.0,1.0,0.0,0.0,2.0,0.0,0.0,0.0,0.0,0.0,0.0,0.0,4.0,10.0,5.0,8374218497.0,-1.0,惠州市龙门县,惠州市龙门县龙华镇,12.0,14.2,0.0,3.1,29.3,35.2,53.30281690140845,56.92664596273291
广东省,惠州市,龙门县,龙江镇,114.298382,23.603466,0.0,6.0,0.0,4.0,48.0,1.0,0.0,0.0,0.0,0.0,0.0,0.0,0.0,0.0,0.0,0.0,0.0,0.0,0.0,0.0,0.0,0.0,0.0,0.0,0.0,5.0,1.0,0.0,0.0,0.0,0.0,0.0,0.0,2.0,7.0,4.0,0.0,1.0,0.0,0.0,8.0,0.0,0.0,0.0,0.0,0.0,0.0,0.0,0.0,0.0,0.0,0.0,0.0,0.0,0.0,0.0,0.0,0.0,0.0,0.0,0.0,1.0,0.0,0.0,0.0,0.0,0.0,0.0,0.0,1.0,2.0,0.0,3116213905.0,-1.0,惠州市龙门县,惠州市龙门县龙江镇,12.0,23.5,0.0,2.1,37.6,35.2,53.30281690140845,56.92664596273291
广东省,惠州市,龙门县,蓝田瑶族乡,114.226628,23.866647,3.0,0.0,0.0,1.0,12.0,1.0,0.0,0.0,0.0,0.0,1.0,0.0,0.0,0.0,0.0,0.0,0.0,0.0,0.0,0.0,1.0,0.0,1.0,0.0,0.0,5.0,0.0,0.0,0.0,0.0,0.0,0.0,0.0,3.0,9.0,5.0,3.0,0.0,0.0,1.0,11.0,1.0,0.0,0.0,0.0,0.0,1.0,0.0,0.0,0.0,0.0,0.0,0.0,0.0,0.0,0.0,1.0,0.0,0.0,0.0,0.0,2.0,0.0,0.0,0.0,0.0,0.0,0.0,0.0,2.0,5.0,4.0,2460102997.0,-1.0,惠州市龙门县,惠州市龙门县蓝田瑶族乡,12.0,17.7,0.0,2.5,32.2,35.2,53.30281690140845,56.92664596273291
广东省,梅州市,梅江区,江南街道,116.1296663,24.2943333,24.0,75.0,86.0,156.0,494.0,134.0,19.0,937.0,502.0,43.0,4.0,31.0,11.0,85.0,35.0,69.0,4.0,2.0,34.0,606.0,224.0,3.0,2.0,1.0,0.0,27.0,1419.0,5.0,31.0,359.0,47.0,313.0,57.0,19.0,23.0,16.0,2.0,17.0,14.0,33.0,103.0,13.0,0.0,136.0,75.0,7.0,1.0,12.0,2.0,15.0,8.0,16.0,0.0,0.0,10.0,133.0,55.0,0.0,0.0,0.0,0.0,1.0,294.0,0.0,3.0,44.0,10.0,47.0,14.0,4.0,16.0,7.0,8297052429.0,12142333.0,梅州市梅江区,梅州市梅江区江南街道,20.0,30.0,23.0,20.0,93.0,81.81428571428572,56.331250000000004,56.92664596273291
广东省,梅州市,梅江区,金山街道,116.1281267,24.3154857,23.0,35.0,71.0,101.0,455.0,159.0,0.0,359.0,407.0,30.0,5.0,22.0,9.0,44.0,30.0,60.0,4.0,2.0,25.0,320.0,139.0,3.0,1.0,2.0,0.0,22.0,1063.0,1.0,32.0,180.0,32.0,236.0,41.0,18.0,21.0,15.0,0.0,2.0,9.0,11.0,75.0,40.0,0.0,61.0,41.0,6.0,1.0,1.0,0.0,1.0,6.0,11.0,2.0,0.0,1.0,2.0,11.0,1.0,0.0,0.0,0.0,5.0,146.0,0.0,10.0,26.0,3.0,51.0,5.0,6.0,12.0,10.0,8297026074.0,12142332.0,梅州市梅江区,梅州市梅江区金山街道,20.0,30.0,19.0,20.0,89.0,81.81428571428572,56.331250000000004,56.92664596273291
广东省,梅州市,梅江区,西郊街道,116.0947935,24.3111852,49.0,29.0,56.0,124.0,466.0,105.0,0.0,205.0,464.0,21.0,5.0,10.0,13.0,40.0,32.0,51.0,2.0,1.0,21.0,218.0,184.0,2.0,11.0,1.0,0.0,28.0,587.0,4.0,6.0,100.0,23.0,185.0,19.0,17.0,21.0,14.0,0.0,0.0,11.0,24.0,51.0,16.0,0.0,3.0,54.0,4.0,0.0,0.0,4.0,5.0,6.0,9.0,1.0,0.0,2.0,5.0,10.0,0.0,1.0,0.0,0.0,4.0,59.0,2.0,0.0,14.0,0.0,22.0,0.0,3.0,8.0,5.0,8297052430.0,12142331.0,梅州市梅江区,梅州市梅江区西郊街道,20.0,30.0,27.0,20.0,97.0,81.81428571428572,56.331250000000004,56.92664596273291
广东省,梅州市,梅江区,三角镇,116.1106552,24.2684159,35.0,76.0,49.0,144.0,427.0,117.0,22.0,929.0,384.0,30.0,7.0,20.0,7.0,71.0,26.0,45.0,0.0,4.0,31.0,429.0,216.0,1.0,3.0,0.0,0.0,29.0,950.0,3.0,4.0,305.0,18.0,260.0,32.0,12.0,27.0,15.0,2.0,28.0,0.0,29.0,63.0,42.0,15.0,288.0,69.0,5.0,1.0,2.0,1.0,2.0,2.0,4.0,0.0,0.0,2.0,16.0,13.0,1.0,1.0,0.0,0.0,2.0,150.0,0.0,0.0,83.0,1.0,38.0,5.0,3.0,18.0,10.0,8297028984.0,12142329.0,梅州市梅江区,梅州市梅江区三角镇,20.0,30.0,23.0,20.0,93.0,81.81428571428572,56.331250000000004,56.92664596273291
广东省,梅州市,梅江区,长沙镇,116.121258,24.215748,0.0,1.0,7.0,12.0,81.0,1.0,0.0,3.0,0.0,0.0,1.0,0.0,0.0,0.0,2.0,2.0,0.0,0.0,0.0,0.0,0.0,0.0,1.0,0.0,0.0,5.0,3.0,0.0,0.0,0.0,0.0,7.0,0.0,5.0,8.0,7.0,0.0,1.0,1.0,6.0,32.0,1.0,0.0,1.0,0.0,0.0,0.0,0.0,0.0,0.0,1.0,1.0,0.0,0.0,0.0,0.0,0.0,0.0,1.0,0.0,0.0,3.0,0.0,0.0,0.0,0.0,0.0,0.0,0.0,2.0,7.0,4.0,8297028985.0,12142334.0,梅州市梅江区,梅州市梅江区长沙镇,20.0,26.0,5.0,3.8,54.8,81.81428571428572,56.331250000000004,56.92664596273291
广东省,梅州市,梅江区,城北镇,116.0954108,24.328727,56.0,0.0,33.0,84.0,388.0,72.0,0.0,85.0,323.0,14.0,7.0,2.0,10.0,17.0,20.0,35.0,2.0,2.0,11.0,32.0,51.0,1.0,12.0,1.0,0.0,19.0,362.0,3.0,10.0,76.0,0.0,112.0,9.0,15.0,21.0,13.0,19.0,0.0,0.0,5.0,50.0,13.0,0.0,9.0,28.0,2.0,2.0,1.0,2.0,3.0,4.0,6.0,0.0,0.0,0.0,1.0,1.0,0.0,3.0,0.0,0.0,3.0,35.0,0.0,0.0,2.0,0.0,11.0,0.0,3.0,9.0,6.0,8297052431.0,12142330.0,梅州市梅江区,梅州市梅江区城北镇,20.0,30.0,16.0,20.0,86.0,81.81428571428572,56.331250000000004,56.92664596273291
广东省,梅州市,梅江区,西阳镇,116.1965142,24.2809953,0.0,29.0,7.0,15.0,167.0,13.0,0.0,19.0,8.0,1.0,1.0,0.0,0.0,0.0,4.0,5.0,0.0,0.0,0.0,1.0,4.0,0.0,6.0,0.0,0.0,14.0,1.0,0.0,0.0,3.0,0.0,6.0,0.0,3.0,15.0,7.0,0.0,1.0,0.0,3.0,45.0,0.0,0.0,0.0,0.0,1.0,0.0,0.0,0.0,0.0,3.0,3.0,0.0,0.0,0.0,1.0,0.0,0.0,2.0,0.0,0.0,4.0,0.0,0.0,0.0,0.0,0.0,5.0,0.0,2.0,6.0,5.0,8297028986.0,12142335.0,梅州市梅江区,梅州市梅江区西阳镇,20.0,30.0,6.0,3.9,59.9,81.81428571428572,56.331250000000004,56.92664596273291
广东省,梅州市,梅县区,新城街道,116.0960054,24.2899851,24.0,70.0,78.0,204.0,519.0,141.0,17.0,547.0,475.0,35.0,5.0,41.0,13.0,97.0,36.0,63.0,1.0,3.0,38.0,535.0,348.0,3.0,3.0,1.0,0.0,32.0,1053.0,4.0,5.0,238.0,37.0,253.0,37.0,18.0,22.0,13.0,7.0,10.0,9.0,20.0,106.0,21.0,0.0,62.0,71.0,1.0,1.0,0.0,2.0,12.0,4.0,5.0,0.0,0.0,4.0,38.0,73.0,0.0,0.0,0.0,0.0,4.0,43.0,0.0,0.0,5.0,0.0,8.0,0.0,2.0,17.0,5.0,8297436559.0,12143060.0,梅州市梅县区,梅州市梅县区新城街道,20.0,30.0,23.0,20.0,93.0,57.8421052631579,56.331250000000004,56.92664596273291
广东省,梅州市,梅县区,松口镇,116.4072081,24.5034217,0.0,20.0,4.0,16.0,289.0,1.0,0.0,0.0,0.0,0.0,4.0,0.0,1.0,2.0,5.0,6.0,0.0,0.0,1.0,0.0,1.0,0.0,2.0,0.0,0.0,33.0,1.0,0.0,0.0,1.0,0.0,13.0,2.0,3.0,8.0,7.0,0.0,5.0,3.0,5.0,40.0,0.0,0.0,0.0,0.0,0.0,2.0,0.0,0.0,1.0,3.0,4.0,0.0,0.0,1.0,0.0,1.0,0.0,0.0,0.0,0.0,3.0,1.0,0.0,0.0,0.0,0.0,12.0,2.0,2.0,4.0,6.0,2640791382.0,-1.0,梅州市梅县区,梅州市梅县区松口镇,12.0,26.0,7.0,3.8,48.8,57.8421052631579,56.331250000000004,56.92664596273291
广东省,梅州市,梅县区,城东镇,116.139219,24.378554,16.0,4.0,6.0,8.0,66.0,13.0,0.0,0.0,18.0,4.0,4.0,1.0,0.0,0.0,1.0,2.0,0.0,0.0,1.0,0.0,0.0,0.0,13.0,0.0,1.0,6.0,16.0,0.0,0.0,8.0,0.0,5.0,0.0,7.0,14.0,10.0,10.0,2.0,1.0,0.0,15.0,3.0,0.0,0.0,4.0,0.0,2.0,1.0,0.0,0.0,1.0,2.0,0.0,0.0,1.0,0.0,0.0,0.0,5.0,0.0,1.0,2.0,0.0,0.0,0.0,0.0,0.0,0.0,0.0,2.0,12.0,4.0,8297436534.0,-1.0,梅州市梅县区,梅州市梅县区城东镇,12.0,30.0,12.0,6.4,60.4,57.8421052631579,56.331250000000004,56.92664596273291
广东省,梅州市,梅县区,石扇镇,116.085875,24.447547,0.0,5.0,5.0,13.0,243.0,0.0,0.0,0.0,0.0,0.0,1.0,1.0,0.0,0.0,2.0,2.0,0.0,0.0,1.0,0.0,0.0,0.0,1.0,0.0,0.0,6.0,0.0,0.0,0.0,0.0,0.0,3.0,0.0,5.0,6.0,5.0,0.0,3.0,0.0,10.0,78.0,0.0,0.0,0.0,0.0,0.0,0.0,1.0,0.0,0.0,2.0,2.0,0.0,0.0,1.0,0.0,0.0,0.0,0.0,0.0,0.0,3.0,0.0,0.0,0.0,0.0,0.0,2.0,0.0,1.0,5.0,2.0,8297436553.0,12143059.0,梅州市梅县区,梅州市梅县区石扇镇,20.0,25.0,12.0,2.5,59.5,57.8421052631579,56.331250000000004,56.92664596273291
广东省,梅州市,梅县区,梅西镇,115.8549782,24.460447,0.0,7.0,2.0,19.0,182.0,0.0,0.0,0.0,0.0,0.0,0.0,0.0,0.0,0.0,1.0,1.0,0.0,0.0,0.0,0.0,2.0,0.0,0.0,0.0,0.0,8.0,0.0,0.0,0.0,0.0,0.0,2.0,0.0,5.0,10.0,5.0,0.0,0.0,2.0,7.0,42.0,0.0,0.0,0.0,0.0,0.0,0.0,0.0,0.0,0.0,1.0,1.0,0.0,0.0,0.0,0.0,2.0,0.0,0.0,0.0,0.0,1.0,0.0,0.0,0.0,0.0,0.0,0.0,0.0,3.0,5.0,3.0,8297436554.0,-1.0,梅州市梅县区,梅州市梅县区梅西镇,12.0,24.0,5.0,2.5,43.5,57.8421052631579,56.331250000000004,56.92664596273291
广东省,梅州市,梅县区,大坪镇,115.9594601,24.3708281,0.0,4.0,3.0,9.0,167.0,0.0,0.0,0.0,0.0,0.0,0.0,0.0,0.0,0.0,3.0,3.0,0.0,0.0,0.0,0.0,1.0,0.0,0.0,0.0,0.0,13.0,1.0,0.0,0.0,0.0,0.0,0.0,1.0,3.0,9.0,9.0,0.0,0.0,1.0,4.0,48.0,0.0,0.0,0.0,0.0,0.0,0.0,0.0,0.0,0.0,2.0,2.0,0.0,0.0,0.0,0.0,0.0,0.0,0.0,0.0,0.0,4.0,0.0,0.0,0.0,0.0,0.0,0.0,1.0,1.0,6.0,7.0,8297436556.0,-1.0,梅州市梅县区,梅州市梅县区大坪镇,12.0,24.0,5.0,4.1,45.1,57.8421052631579,56.331250000000004,56.92664596273291
广东省,梅州市,梅县区,石坑镇,115.8266462,24.3917965,0.0,7.0,4.0,1.0,130.0,0.0,0.0,0.0,0.0,0.0,1.0,0.0,0.0,0.0,2.0,2.0,0.0,0.0,0.0,0.0,3.0,0.0,0.0,0.0,0.0,17.0,0.0,0.0,0.0,0.0,0.0,0.0,0.0,2.0,6.0,4.0,0.0,7.0,3.0,0.0,38.0,0.0,0.0,0.0,0.0,0.0,1.0,0.0,0.0,0.0,2.0,2.0,0.0,0.0,0.0,0.0,2.0,0.0,0.0,0.0,0.0,5.0,0.0,0.0,0.0,0.0,0.0,0.0,0.0,2.0,3.0,3.0,8297436555.0,-1.0,梅州市梅县区,梅州市梅县区石坑镇,12.0,25.0,5.0,2.0,44.0,57.8421052631579,56.331250000000004,56.92664596273291
广东省,梅州市,梅县区,南口镇,115.984715,24.2747045,9.0,8.0,0.0,10.0,213.0,4.0,0.0,1.0,8.0,0.0,3.0,0.0,0.0,1.0,3.0,3.0,0.0,0.0,1.0,0.0,0.0,0.0,0.0,0.0,0.0,24.0,7.0,0.0,0.0,0.0,0.0,5.0,4.0,2.0,9.0,9.0,3.0,3.0,0.0,4.0,65.0,0.0,0.0,0.0,0.0,0.0,1.0,0.0,0.0,1.0,2.0,2.0,0.0,0.0,1.0,0.0,0.0,0.0,0.0,0.0,0.0,5.0,0.0,0.0,0.0,0.0,0.0,1.0,2.0,2.0,4.0,5.0,8297436576.0,-1.0,梅州市梅县区,梅州市梅县区南口镇,12.0,28.0,7.0,4.7,51.7,57.8421052631579,56.331250000000004,56.92664596273291
广东省,梅州市,梅县区,畲江镇,115.9782516,24.0393226,9.0,7.0,22.0,45.0,207.0,15.0,0.0,9.0,1.0,0.0,1.0,2.0,1.0,1.0,4.0,4.0,0.0,0.0,0.0,0.0,23.0,0.0,24.0,0.0,2.0,7.0,83.0,0.0,0.0,5.0,0.0,36.0,0.0,9.0,15.0,12.0,1.0,6.0,13.0,8.0,71.0,1.0,0.0,2.0,0.0,0.0,0.0,2.0,1.0,1.0,2.0,2.0,0.0,0.0,0.0,0.0,9.0,0.0,2.0,0.0,0.0,1.0,1.0,0.0,0.0,1.0,0.0,12.0,0.0,3.0,10.0,8.0,2492655200.0,-1.0,梅州市梅县区,梅州市梅县区畲江镇,12.0,28.0,15.0,13.0,68.0,57.8421052631579,56.331250000000004,56.92664596273291
广东省,梅州市,梅县区,水车镇,116.0174126,24.0903502,28.0,10.0,3.0,22.0,119.0,4.0,0.0,0.0,2.0,0.0,1.0,0.0,0.0,0.0,2.0,2.0,0.0,0.0,0.0,0.0,2.0,0.0,0.0,0.0,0.0,10.0,1.0,0.0,0.0,0.0,0.0,9.0,0.0,4.0,12.0,6.0,6.0,1.0,1.0,7.0,21.0,1.0,0.0,0.0,0.0,0.0,1.0,0.0,0.0,0.0,2.0,2.0,0.0,0.0,0.0,0.0,1.0,0.0,0.0,0.0,0.0,3.0,0.0,0.0,0.0,0.0,0.0,8.0,0.0,3.0,6.0,5.0,8297436578.0,-1.0,梅州市梅县区,梅州市梅县区水车镇,12.0,28.0,5.0,3.1,48.1,57.8421052631579,56.331250000000004,56.92664596273291
广东省,梅州市,梅县区,梅南镇,116.0845272,24.1573929,10.0,10.0,7.0,14.0,124.0,1.0,0.0,0.0,0.0,0.0,1.0,1.0,0.0,0.0,2.0,2.0,0.0,0.0,0.0,0.0,0.0,0.0,1.0,0.0,0.0,23.0,1.0,0.0,0.0,1.0,0.0,1.0,0.0,7.0,12.0,7.0,8.0,4.0,1.0,4.0,21.0,0.0,0.0,0.0,0.0,0.0,0.0,1.0,0.0,0.0,1.0,1.0,0.0,0.0,0.0,0.0,0.0,0.0,1.0,0.0,0.0,3.0,0.0,0.0,0.0,0.0,0.0,0.0,0.0,4.0,6.0,4.0,3599909734.0,-1.0,梅州市梅县区,梅州市梅县区梅南镇,12.0,26.0,10.0,3.7,51.7,57.8421052631579,56.331250000000004,56.92664596273291
广东省,梅州市,梅县区,雁洋镇,116.327216,24.4166192,0.0,29.0,5.0,31.0,60.0,15.0,0.0,19.0,8.0,0.0,2.0,2.0,0.0,1.0,5.0,5.0,0.0,0.0,2.0,4.0,0.0,1.0,3.0,0.0,0.0,10.0,9.0,0.0,1.0,0.0,2.0,21.0,4.0,2.0,14.0,8.0,0.0,6.0,2.0,8.0,18.0,7.0,0.0,11.0,6.0,0.0,1.0,2.0,0.0,1.0,3.0,3.0,0.0,0.0,2.0,4.0,0.0,0.0,0.0,0.0,0.0,3.0,5.0,0.0,1.0,0.0,1.0,12.0,3.0,2.0,11.0,4.0,3780459611.0,19505965.0,梅州市梅县区,梅州市梅县区雁洋镇,20.0,28.0,16.0,5.4,69.4,57.8421052631579,56.331250000000004,56.92664596273291
广东省,梅州市,梅县区,白渡镇,116.1954842,24.4978707,12.0,14.0,4.0,8.0,120.0,2.0,0.0,2.0,0.0,0.0,1.0,0.0,0.0,0.0,2.0,2.0,0.0,0.0,0.0,0.0,1.0,0.0,4.0,0.0,0.0,8.0,2.0,0.0,0.0,2.0,0.0,2.0,0.0,5.0,12.0,8.0,0.0,8.0,2.0,2.0,21.0,0.0,0.0,0.0,0.0,0.0,1.0,0.0,0.0,0.0,2.0,2.0,0.0,0.0,0.0,0.0,1.0,0.0,1.0,0.0,0.0,2.0,0.0,0.0,0.0,1.0,0.0,2.0,0.0,2.0,7.0,6.0,4457616259.0,-1.0,梅州市梅县区,梅州市梅县区白渡镇,12.0,26.0,5.0,4.5,47.5,57.8421052631579,56.331250000000004,56.92664596273291
广东省,梅州市,梅县区,丙村镇,116.2722255,24.365249,0.0,39.0,1.0,48.0,189.0,17.0,4.0,31.0,7.0,1.0,2.0,1.0,1.0,2.0,5.0,6.0,0.0,0.0,1.0,4.0,7.0,0.0,1.0,0.0,0.0,18.0,13.0,0.0,0.0,4.0,1.0,5.0,5.0,5.0,18.0,10.0,0.0,6.0,0.0,24.0,40.0,4.0,1.0,5.0,4.0,0.0,0.0,1.0,1.0,2.0,3.0,4.0,0.0,0.0,1.0,3.0,5.0,0.0,0.0,0.0,0.0,2.0,4.0,0.0,0.0,0.0,1.0,2.0,2.0,2.0,11.0,7.0,2591823452.0,-1.0,梅州市梅县区,梅州市梅县区丙村镇,12.0,30.0,20.0,6.1,68.1,57.8421052631579,56.331250000000004,56.92664596273291
广东省,梅州市,梅县区,隆文镇,116.346809,24.594636,0.0,5.0,1.0,24.0,138.0,0.0,0.0,0.0,0.0,0.0,1.0,0.0,0.0,0.0,2.0,2.0,0.0,0.0,0.0,0.0,0.0,0.0,0.0,0.0,0.0,11.0,0.0,0.0,0.0,0.0,0.0,6.0,0.0,1.0,6.0,4.0,0.0,3.0,1.0,8.0,38.0,0.0,0.0,0.0,0.0,0.0,1.0,0.0,0.0,0.0,2.0,2.0,0.0,0.0,0.0,0.0,0.0,0.0,0.0,0.0,0.0,4.0,0.0,0.0,0.0,0.0,0.0,4.0,0.0,1.0,6.0,3.0,8297436532.0,-1.0,梅州市梅县区,梅州市梅县区隆文镇,12.0,25.0,5.0,2.0,44.0,57.8421052631579,56.331250000000004,56.92664596273291
广东省,梅州市,梅县区,松源镇,116.3821112,24.7349496,0.0,12.0,1.0,37.0,228.0,0.0,0.0,0.0,1.0,0.0,0.0,0.0,0.0,0.0,3.0,3.0,0.0,0.0,0.0,0.0,1.0,0.0,0.0,0.0,0.0,12.0,0.0,0.0,0.0,0.0,0.0,15.0,0.0,2.0,7.0,6.0,0.0,3.0,0.0,22.0,65.0,0.0,0.0,0.0,1.0,0.0,0.0,0.0,0.0,0.0,2.0,2.0,0.0,0.0,0.0,0.0,1.0,0.0,0.0,0.0,0.0,3.0,0.0,0.0,0.0,0.0,0.0,13.0,0.0,2.0,4.0,4.0,4552949499.0,-1.0,梅州市梅县区,梅州市梅县区松源镇,12.0,25.5,5.0,3.0,45.5,57.8421052631579,56.331250000000004,56.92664596273291
广东省,梅州市,梅县区,桃尧镇,116.4375949,24.6365072,0.0,12.0,1.0,6.0,56.0,1.0,0.0,1.0,0.0,0.0,0.0,1.0,0.0,0.0,1.0,1.0,0.0,0.0,0.0,0.0,0.0,0.0,0.0,0.0,0.0,6.0,1.0,0.0,0.0,0.0,0.0,1.0,0.0,2.0,8.0,5.0,0.0,8.0,0.0,1.0,33.0,1.0,0.0,1.0,0.0,0.0,0.0,1.0,0.0,0.0,1.0,1.0,0.0,0.0,0.0,0.0,0.0,0.0,0.0,0.0,0.0,2.0,1.0,0.0,0.0,0.0,0.0,1.0,0.0,2.0,6.0,5.0,8297436533.0,-1.0,梅州市梅县区,梅州市梅县区桃尧镇,12.0,24.0,10.0,2.7,48.7,57.8421052631579,56.331250000000004,56.92664596273291
广东省,梅州市,梅县区,程江镇,116.0828768,24.2868079,25.0,49.0,54.0,141.0,461.0,76.0,2.0,378.0,308.0,10.0,7.0,21.0,7.0,75.0,23.0,35.0,1.0,2.0,19.0,258.0,289.0,2.0,6.0,0.0,0.0,22.0,374.0,2.0,6.0,54.0,2.0,198.0,18.0,12.0,21.0,10.0,2.0,0.0,2.0,29.0,70.0,1.0,0.0,49.0,55.0,0.0,1.0,3.0,0.0,21.0,2.0,5.0,0.0,0.0,4.0,54.0,97.0,1.0,0.0,0.0,0.0,3.0,59.0,0.0,0.0,2.0,0.0,13.0,2.0,2.0,12.0,9.0,8297436575.0,-1.0,梅州市梅县区,梅州市梅县区程江镇,12.0,30.0,18.0,20.0,80.0,57.8421052631579,56.331250000000004,56.92664596273291
广东省,梅州市,梅县区,扶大镇,116.0634432,24.2697165,13.0,39.0,30.0,111.0,336.0,62.0,0.0,407.0,211.0,6.0,8.0,20.0,4.0,60.0,18.0,29.0,0.0,2.0,13.0,188.0,220.0,2.0,6.0,0.0,0.0,17.0,275.0,0.0,5.0,34.0,2.0,156.0,14.0,12.0,20.0,13.0,0.0,6.0,4.0,23.0,48.0,14.0,0.0,109.0,22.0,1.0,0.0,14.0,0.0,6.0,3.0,3.0,0.0,1.0,3.0,50.0,30.0,1.0,0.0,0.0,0.0,2.0,63.0,0.0,0.0,5.0,0.0,29.0,3.0,1.0,14.0,6.0,8297436557.0,-1.0,梅州市梅县区,梅州市梅县区扶大镇,12.0,30.0,20.0,20.0,82.0,57.8421052631579,56.331250000000004,56.92664596273291
广东省,梅州市,大埔县,湖寮镇,116.6881269,24.358361,20.0,30.0,70.0,65.0,201.0,44.0,2.0,330.0,5.0,5.0,5.0,10.0,6.0,78.0,16.0,26.0,0.0,1.0,16.0,558.0,107.0,0.0,4.0,0.0,0.0,19.0,72.0,2.0,0.0,96.0,6.0,67.0,26.0,5.0,20.0,12.0,2.0,9.0,34.0,30.0,70.0,26.0,0.0,223.0,1.0,2.0,0.0,9.0,3.0,54.0,5.0,11.0,0.0,0.0,16.0,437.0,68.0,0.0,0.0,0.0,0.0,9.0,40.0,0.0,0.0,42.0,5.0,23.0,21.0,4.0,13.0,8.0,8300184843.0,-1.0,梅州市大埔县,梅州市大埔县湖寮镇,12.0,30.0,23.0,20.0,85.0,51.271428571428565,56.331250000000004,56.92664596273291
广东省,梅州市,大埔县,茶阳镇,116.6764195,24.5184541,10.0,9.0,1.0,6.0,129.0,0.0,0.0,1.0,2.0,0.0,2.0,0.0,0.0,0.0,2.0,2.0,0.0,0.0,0.0,1.0,1.0,0.0,2.0,0.0,0.0,8.0,1.0,0.0,0.0,0.0,2.0,8.0,3.0,4.0,11.0,7.0,5.0,6.0,0.0,2.0,67.0,0.0,0.0,1.0,2.0,0.0,2.0,0.0,0.0,0.0,2.0,2.0,0.0,0.0,0.0,1.0,1.0,0.0,0.0,0.0,0.0,3.0,0.0,0.0,0.0,0.0,2.0,6.0,3.0,3.0,8.0,6.0,2482304931.0,-1.0,梅州市大埔县,梅州市大埔县茶阳镇,12.0,28.0,6.0,3.6,49.6,51.271428571428565,56.331250000000004,56.92664596273291
广东省,梅州市,大埔县,高陂镇,116.6347881,24.1923009,0.0,28.0,8.0,3.0,172.0,17.0,0.0,48.0,0.0,2.0,2.0,1.0,0.0,0.0,7.0,7.0,0.0,0.0,0.0,1.0,9.0,1.0,2.0,0.0,0.0,11.0,9.0,0.0,0.0,3.0,0.0,15.0,1.0,3.0,14.0,12.0,0.0,6.0,7.0,1.0,67.0,0.0,0.0,20.0,0.0,0.0,1.0,1.0,0.0,0.0,2.0,2.0,0.0,0.0,0.0,1.0,4.0,0.0,0.0,0.0,0.0,1.0,4.0,0.0,0.0,1.0,0.0,6.0,1.0,2.0,8.0,6.0,8300184846.0,-1.0,梅州市大埔县,梅州市大埔县高陂镇,12.0,28.0,11.0,5.7,56.7,51.271428571428565,56.331250000000004,56.92664596273291
广东省,梅州市,大埔县,青溪镇,116.5906315,24.5299585,0.0,3.0,0.0,9.0,49.0,0.0,0.0,0.0,0.0,0.0,0.0,0.0,0.0,0.0,1.0,1.0,0.0,0.0,0.0,0.0,0.0,0.0,0.0,0.0,0.0,3.0,0.0,0.0,0.0,0.0,0.0,2.0,0.0,1.0,5.0,4.0,0.0,3.0,0.0,3.0,24.0,0.0,0.0,0.0,0.0,0.0,0.0,0.0,0.0,0.0,1.0,1.0,0.0,0.0,0.0,0.0,0.0,0.0,0.0,0.0,0.0,3.0,0.0,0.0,0.0,0.0,0.0,1.0,0.0,1.0,4.0,3.0,8300184841.0,-1.0,梅州市大埔县,梅州市大埔县青溪镇,10.0,22.5,5.0,2.0,39.5,51.271428571428565,56.331250000000004,56.92664596273291
广东省,梅州市,大埔县,三河镇,116.5634559,24.4019235,7.0,4.0,15.0,11.0,59.0,6.0,0.0,2.0,1.0,2.0,0.0,1.0,0.0,0.0,3.0,3.0,0.0,0.0,0.0,1.0,5.0,0.0,2.0,0.0,0.0,8.0,6.0,0.0,0.0,11.0,0.0,5.0,3.0,8.0,14.0,8.0,1.0,3.0,5.0,5.0,20.0,0.0,0.0,0.0,0.0,1.0,0.0,1.0,0.0,0.0,2.0,2.0,0.0,0.0,0.0,0.0,0.0,0.0,0.0,0.0,0.0,3.0,1.0,0.0,0.0,2.0,0.0,4.0,0.0,5.0,7.0,5.0,5188005748.0,-1.0,梅州市大埔县,梅州市大埔县三河镇,12.0,28.0,10.0,6.0,56.0,51.271428571428565,56.331250000000004,56.92664596273291
广东省,梅州市,大埔县,大麻镇,116.529307,24.343889,10.0,1.0,1.0,10.0,103.0,1.0,0.0,0.0,2.0,0.0,2.0,0.0,1.0,1.0,3.0,4.0,0.0,0.0,0.0,0.0,4.0,0.0,0.0,0.0,0.0,24.0,0.0,0.0,0.0,7.0,0.0,15.0,0.0,4.0,13.0,6.0,4.0,1.0,1.0,7.0,27.0,1.0,0.0,0.0,2.0,0.0,0.0,0.0,1.0,1.0,2.0,3.0,0.0,0.0,0.0,0.0,3.0,0.0,0.0,0.0,0.0,4.0,0.0,0.0,0.0,7.0,0.0,13.0,0.0,3.0,10.0,5.0,8300184842.0,-1.0,梅州市大埔县,梅州市大埔县大麻镇,12.0,28.0,10.0,4.4,54.4,51.271428571428565,56.331250000000004,56.92664596273291
广东省,梅州市,大埔县,银江镇,116.4407108,24.2654792,6.0,7.0,3.0,17.0,51.0,0.0,0.0,0.0,0.0,0.0,0.0,0.0,0.0,0.0,4.0,4.0,0.0,0.0,0.0,0.0,1.0,0.0,0.0,0.0,0.0,11.0,0.0,0.0,0.0,2.0,0.0,10.0,0.0,2.0,8.0,6.0,6.0,2.0,1.0,10.0,17.0,0.0,0.0,0.0,0.0,0.0,0.0,0.0,0.0,0.0,3.0,3.0,0.0,0.0,0.0,0.0,1.0,0.0,0.0,0.0,0.0,3.0,0.0,0.0,0.0,2.0,0.0,8.0,0.0,2.0,7.0,5.0,3599922096.0,-1.0,梅州市大埔县,梅州市大埔县银江镇,12.0,24.0,5.0,3.4,44.4,51.271428571428565,56.331250000000004,56.92664596273291
广东省,梅州市,大埔县,洲瑞镇,116.5500126,24.2047466,0.0,7.0,1.0,4.0,124.0,0.0,0.0,0.0,0.0,0.0,0.0,0.0,0.0,0.0,1.0,2.0,0.0,0.0,0.0,0.0,1.0,0.0,0.0,0.0,0.0,6.0,0.0,0.0,0.0,0.0,0.0,3.0,0.0,1.0,6.0,6.0,0.0,1.0,0.0,4.0,40.0,0.0,0.0,0.0,0.0,0.0,0.0,0.0,0.0,0.0,1.0,2.0,0.0,0.0,0.0,0.0,1.0,0.0,0.0,0.0,0.0,3.0,0.0,0.0,0.0,0.0,0.0,2.0,0.0,1.0,5.0,4.0,8300184848.0,-1.0,梅州市大埔县,梅州市大埔县洲瑞镇,12.0,23.0,5.0,3.0,43.0,51.271428571428565,56.331250000000004,56.92664596273291
广东省,梅州市,大埔县,光德镇,116.7332184,24.1440227,0.0,12.0,0.0,4.0,78.0,4.0,0.0,0.0,0.0,0.0,0.0,0.0,0.0,0.0,2.0,2.0,0.0,0.0,0.0,0.0,0.0,0.0,0.0,0.0,0.0,7.0,0.0,0.0,0.0,0.0,0.0,3.0,0.0,2.0,10.0,4.0,0.0,4.0,0.0,2.0,47.0,3.0,0.0,0.0,0.0,0.0,0.0,0.0,0.0,0.0,2.0,2.0,0.0,0.0,0.0,0.0,0.0,0.0,0.0,0.0,0.0,4.0,0.0,0.0,0.0,0.0,0.0,2.0,0.0,2.0,8.0,2.0,8300184844.0,-1.0,梅州市大埔县,梅州市大埔县光德镇,12.0,24.0,5.0,2.0,43.0,51.271428571428565,56.331250000000004,56.92664596273291
广东省,梅州市,大埔县,桃源镇,116.643011,24.08637,0.0,6.0,1.0,7.0,101.0,0.0,0.0,1.0,0.0,0.0,0.0,0.0,0.0,0.0,3.0,4.0,0.0,0.0,0.0,0.0,0.0,0.0,0.0,0.0,0.0,6.0,1.0,0.0,0.0,1.0,0.0,2.0,0.0,1.0,7.0,5.0,0.0,3.0,0.0,4.0,51.0,0.0,0.0,0.0,0.0,0.0,0.0,0.0,0.0,0.0,2.0,3.0,0.0,0.0,0.0,0.0,0.0,0.0,0.0,0.0,0.0,4.0,0.0,0.0,0.0,1.0,0.0,2.0,0.0,1.0,4.0,3.0,8300184845.0,-1.0,梅州市大埔县,梅州市大埔县桃源镇,12.0,23.5,5.0,2.8,43.3,51.271428571428565,56.331250000000004,56.92664596273291
广东省,梅州市,大埔县,枫朗镇,116.801703,24.261001,1.0,8.0,4.0,23.0,108.0,0.0,0.0,1.0,0.0,0.0,0.0,0.0,1.0,1.0,4.0,5.0,0.0,0.0,0.0,0.0,0.0,0.0,1.0,0.0,0.0,14.0,1.0,0.0,0.0,2.0,0.0,4.0,0.0,3.0,13.0,6.0,0.0,6.0,0.0,9.0,39.0,0.0,0.0,0.0,0.0,0.0,0.0,0.0,1.0,1.0,2.0,3.0,0.0,0.0,0.0,0.0,0.0,0.0,0.0,0.0,0.0,4.0,1.0,0.0,0.0,2.0,0.0,2.0,0.0,3.0,5.0,4.0,2481088201.0,-1.0,梅州市大埔县,梅州市大埔县枫朗镇,12.0,24.0,10.0,3.6,49.6,51.271428571428565,56.331250000000004,56.92664596273291
广东省,梅州市,大埔县,百侯镇,116.766155,24.302322,0.0,6.0,2.0,26.0,103.0,0.0,0.0,5.0,0.0,0.0,0.0,0.0,1.0,1.0,3.0,3.0,0.0,0.0,1.0,0.0,0.0,0.0,0.0,0.0,0.0,16.0,1.0,0.0,0.0,2.0,0.0,6.0,0.0,2.0,8.0,4.0,0.0,6.0,0.0,11.0,42.0,0.0,0.0,5.0,0.0,0.0,0.0,0.0,1.0,1.0,3.0,3.0,0.0,0.0,1.0,0.0,0.0,0.0,0.0,0.0,0.0,2.0,1.0,0.0,0.0,0.0,0.0,6.0,0.0,2.0,7.0,4.0,2482304930.0,-1.0,梅州市大埔县,梅州市大埔县百侯镇,12.0,24.0,12.0,2.4,50.4,51.271428571428565,56.331250000000004,56.92664596273291
广东省,梅州市,大埔县,大东镇,116.888994,24.311228,0.0,5.0,4.0,19.0,46.0,0.0,0.0,1.0,0.0,1.0,0.0,0.0,0.0,0.0,2.0,2.0,0.0,0.0,1.0,0.0,0.0,0.0,0.0,0.0,0.0,12.0,0.0,0.0,0.0,3.0,0.0,1.0,1.0,11.0,9.0,6.0,0.0,0.0,2.0,12.0,10.0,0.0,0.0,0.0,0.0,1.0,0.0,0.0,0.0,0.0,1.0,1.0,0.0,0.0,1.0,0.0,0.0,0.0,0.0,0.0,0.0,2.0,0.0,0.0,0.0,1.0,0.0,1.0,0.0,1.0,5.0,3.0,2481040403.0,-1.0,梅州市大埔县,梅州市大埔县大东镇,12.0,26.0,7.0,3.4,48.4,51.271428571428565,56.331250000000004,56.92664596273291
广东省,梅州市,大埔县,西河镇,116.7474969,24.4848072,0.0,11.0,5.0,6.0,109.0,1.0,0.0,2.0,0.0,1.0,1.0,1.0,0.0,0.0,2.0,2.0,0.0,0.0,1.0,0.0,0.0,0.0,0.0,0.0,0.0,11.0,0.0,0.0,0.0,0.0,0.0,3.0,0.0,3.0,9.0,5.0,0.0,5.0,5.0,1.0,52.0,0.0,0.0,2.0,0.0,0.0,1.0,1.0,0.0,0.0,2.0,2.0,0.0,0.0,1.0,0.0,0.0,0.0,0.0,0.0,0.0,3.0,0.0,0.0,0.0,0.0,0.0,3.0,0.0,2.0,5.0,4.0,3678623680.0,-1.0,梅州市大埔县,梅州市大埔县西河镇,12.0,28.0,12.0,2.5,54.5,51.271428571428565,56.331250000000004,56.92664596273291
广东省,梅州市,丰顺县,汤坑镇,116.175979,23.7632019,30.0,10.0,10.0,44.0,332.0,15.0,0.0,14.0,2.0,1.0,4.0,20.0,4.0,4.0,21.0,31.0,1.0,0.0,5.0,41.0,45.0,1.0,1.0,0.0,0.0,19.0,51.0,0.0,1.0,7.0,3.0,82.0,5.0,8.0,14.0,11.0,14.0,4.0,4.0,10.0,99.0,1.0,0.0,0.0,1.0,1.0,0.0,1.0,2.0,2.0,7.0,13.0,0.0,0.0,1.0,3.0,8.0,1.0,0.0,0.0,0.0,6.0,14.0,0.0,1.0,4.0,1.0,33.0,1.0,4.0,8.0,9.0,685140068.0,12492574.0,梅州市丰顺县,梅州市丰顺县汤坑镇,20.0,30.0,20.0,11.600000000000001,81.6,57.475,56.331250000000004,56.92664596273291
广东省,梅州市,丰顺县,北斗镇,116.1272048,23.8246764,5.0,0.0,1.0,5.0,28.0,1.0,0.0,0.0,0.0,0.0,2.0,0.0,0.0,0.0,1.0,1.0,0.0,0.0,0.0,0.0,9.0,0.0,0.0,0.0,0.0,6.0,0.0,0.0,0.0,1.0,0.0,5.0,0.0,8.0,13.0,5.0,2.0,0.0,0.0,2.0,7.0,1.0,0.0,0.0,0.0,0.0,1.0,0.0,0.0,0.0,1.0,1.0,0.0,0.0,0.0,0.0,5.0,0.0,0.0,0.0,0.0,4.0,0.0,0.0,0.0,1.0,0.0,5.0,0.0,7.0,10.0,5.0,8301857932.0,12492573.0,梅州市丰顺县,梅州市丰顺县北斗镇,20.0,23.700000000000003,5.0,2.7,51.400000000000006,57.475,56.331250000000004,56.92664596273291
广东省,梅州市,丰顺县,汤西镇,116.152587,23.757693,9.0,10.0,13.0,26.0,235.0,4.0,0.0,13.0,1.0,1.0,3.0,4.0,3.0,3.0,16.0,24.0,1.0,0.0,3.0,38.0,32.0,1.0,4.0,0.0,0.0,22.0,25.0,0.0,1.0,6.0,1.0,69.0,4.0,7.0,12.0,11.0,0.0,5.0,4.0,2.0,19.0,0.0,0.0,0.0,0.0,0.0,1.0,1.0,1.0,1.0,2.0,2.0,0.0,0.0,0.0,0.0,5.0,0.0,0.0,0.0,0.0,2.0,1.0,0.0,0.0,0.0,0.0,8.0,0.0,4.0,6.0,4.0,8301857933.0,12492577.0,梅州市丰顺县,梅州市丰顺县汤西镇,20.0,30.0,15.0,7.2,72.2,57.475,56.331250000000004,56.92664596273291
广东省,梅州市,丰顺县,汤南镇,116.1987719,23.7247257,16.0,1.0,4.0,46.0,287.0,14.0,0.0,1.0,0.0,0.0,2.0,18.0,1.0,1.0,10.0,14.0,1.0,0.0,2.0,5.0,35.0,0.0,5.0,0.0,0.0,17.0,41.0,0.0,0.0,2.0,2.0,30.0,4.0,10.0,17.0,10.0,2.0,0.0,0.0,12.0,44.0,0.0,0.0,0.0,0.0,0.0,0.0,1.0,0.0,0.0,5.0,5.0,1.0,0.0,0.0,0.0,2.0,0.0,0.0,0.0,0.0,4.0,4.0,0.0,0.0,1.0,0.0,3.0,1.0,3.0,4.0,6.0,687194920.0,12492575.0,梅州市丰顺县,梅州市丰顺县汤南镇,20.0,26.0,15.0,8.8,69.8,57.475,56.331250000000004,56.92664596273291
广东省,梅州市,丰顺县,埔寨镇,116.1461865,23.654658,3.0,0.0,0.0,10.0,103.0,0.0,0.0,4.0,0.0,0.0,0.0,1.0,0.0,0.0,3.0,3.0,0.0,0.0,0.0,0.0,1.0,0.0,8.0,0.0,0.0,5.0,9.0,0.0,0.0,0.0,0.0,10.0,0.0,7.0,6.0,6.0,3.0,0.0,0.0,3.0,38.0,0.0,0.0,0.0,0.0,0.0,0.0,1.0,0.0,0.0,3.0,3.0,0.0,0.0,0.0,0.0,1.0,0.0,1.0,0.0,0.0,1.0,1.0,0.0,0.0,0.0,0.0,7.0,0.0,1.0,4.0,4.0,8301857935.0,12492576.0,梅州市丰顺县,梅州市丰顺县埔寨镇,20.0,23.0,10.0,4.0,57.0,57.475,56.331250000000004,56.92664596273291
广东省,梅州市,丰顺县,八乡山镇,115.9626295,23.7630127,0.0,7.0,0.0,9.0,64.0,0.0,0.0,0.0,0.0,0.0,0.0,0.0,0.0,0.0,1.0,1.0,0.0,0.0,0.0,0.0,0.0,0.0,0.0,0.0,0.0,4.0,0.0,0.0,0.0,2.0,0.0,5.0,0.0,3.0,6.0,5.0,0.0,3.0,0.0,4.0,22.0,0.0,0.0,0.0,0.0,0.0,0.0,0.0,0.0,0.0,1.0,1.0,0.0,0.0,0.0,0.0,0.0,0.0,0.0,0.0,0.0,3.0,0.0,0.0,0.0,0.0,0.0,5.0,0.0,1.0,4.0,3.0,8301857934.0,12492578.0,梅州市丰顺县,梅州市丰顺县八乡山镇,19.0,23.0,5.0,2.7,49.7,57.475,56.331250000000004,56.92664596273291
广东省,梅州市,丰顺县,丰良镇,116.2021795,23.9521329,7.0,3.0,6.0,22.0,134.0,0.0,0.0,0.0,1.0,0.0,1.0,0.0,1.0,1.0,7.0,8.0,0.0,0.0,2.0,1.0,10.0,1.0,0.0,0.0,0.0,6.0,0.0,0.0,0.0,1.0,0.0,16.0,0.0,5.0,7.0,6.0,6.0,3.0,3.0,8.0,40.0,0.0,0.0,0.0,1.0,0.0,0.0,0.0,1.0,1.0,6.0,7.0,0.0,0.0,2.0,1.0,5.0,0.0,0.0,0.0,0.0,3.0,0.0,0.0,0.0,0.0,0.0,11.0,0.0,4.0,6.0,4.0,687300778.0,12492571.0,梅州市丰顺县,梅州市丰顺县丰良镇,20.0,27.5,13.0,3.1,63.6,57.475,56.331250000000004,56.92664596273291
广东省,梅州市,丰顺县,建桥镇,116.147327,23.947171,4.0,0.0,0.0,13.0,174.0,0.0,0.0,0.0,0.0,0.0,1.0,1.0,0.0,0.0,5.0,5.0,0.0,0.0,0.0,0.0,9.0,0.0,0.0,0.0,0.0,9.0,0.0,0.0,0.0,0.0,0.0,3.0,0.0,5.0,5.0,6.0,1.0,0.0,0.0,1.0,46.0,0.0,0.0,0.0,0.0,0.0,0.0,1.0,0.0,0.0,2.0,2.0,0.0,0.0,0.0,0.0,3.0,0.0,0.0,0.0,0.0,5.0,0.0,0.0,0.0,0.0,0.0,0.0,0.0,4.0,5.0,5.0,8301857931.0,12492572.0,梅州市丰顺县,梅州市丰顺县建桥镇,20.0,24.5,10.0,3.0,57.5,57.475,56.331250000000004,56.92664596273291
广东省,梅州市,丰顺县,龙岗镇,116.2348993,23.998315,0.0,7.0,2.0,8.0,86.0,0.0,0.0,0.0,0.0,0.0,0.0,0.0,0.0,0.0,2.0,2.0,0.0,0.0,0.0,0.0,1.0,0.0,0.0,0.0,0.0,18.0,1.0,0.0,0.0,0.0,0.0,3.0,0.0,3.0,7.0,6.0,0.0,3.0,1.0,2.0,28.0,0.0,0.0,0.0,0.0,0.0,0.0,0.0,0.0,0.0,1.0,1.0,0.0,0.0,0.0,0.0,1.0,0.0,0.0,0.0,0.0,8.0,1.0,0.0,0.0,0.0,0.0,0.0,0.0,2.0,7.0,5.0,8301857929.0,12492563.0,梅州市丰顺县,梅州市丰顺县龙岗镇,20.0,23.5,5.0,3.2,51.7,57.475,56.331250000000004,56.92664596273291
广东省,梅州市,丰顺县,潘田镇,116.323,23.918501,10.0,0.0,0.0,3.0,86.0,0.0,0.0,0.0,0.0,0.0,1.0,0.0,0.0,0.0,3.0,3.0,0.0,0.0,0.0,0.0,0.0,0.0,0.0,0.0,0.0,7.0,0.0,0.0,0.0,1.0,0.0,4.0,0.0,2.0,4.0,2.0,7.0,0.0,0.0,1.0,38.0,0.0,0.0,0.0,0.0,0.0,1.0,0.0,0.0,0.0,3.0,3.0,0.0,0.0,0.0,0.0,0.0,0.0,0.0,0.0,0.0,5.0,0.0,0.0,0.0,0.0,0.0,4.0,0.0,2.0,3.0,2.0,8301862578.0,12492570.0,梅州市丰顺县,梅州市丰顺县潘田镇,20.0,24.0,5.0,1.1,50.1,57.475,56.331250000000004,56.92664596273291
广东省,梅州市,丰顺县,黄金镇,116.3815214,23.9897496,8.0,2.0,0.0,13.0,59.0,3.0,0.0,4.0,0.0,0.0,0.0,0.0,0.0,0.0,2.0,2.0,0.0,0.0,0.0,0.0,0.0,0.0,0.0,0.0,0.0,11.0,4.0,0.0,0.0,1.0,0.0,4.0,0.0,3.0,9.0,5.0,4.0,2.0,0.0,4.0,26.0,0.0,0.0,4.0,0.0,0.0,0.0,0.0,0.0,0.0,2.0,2.0,0.0,0.0,0.0,0.0,0.0,0.0,0.0,0.0,0.0,4.0,4.0,0.0,0.0,0.0,0.0,4.0,0.0,3.0,7.0,5.0,8301857930.0,12492566.0,梅州市丰顺县,梅州市丰顺县黄金镇,20.0,24.0,5.0,3.4,52.4,57.475,56.331250000000004,56.92664596273291
广东省,梅州市,丰顺县,留隍镇,116.4601492,23.9159398,7.0,11.0,2.0,11.0,101.0,0.0,0.0,0.0,0.0,0.0,2.0,0.0,1.0,1.0,4.0,4.0,0.0,0.0,0.0,1.0,6.0,0.0,0.0,0.0,0.0,9.0,0.0,0.0,0.0,25.0,0.0,10.0,1.0,3.0,6.0,7.0,3.0,1.0,1.0,8.0,28.0,0.0,0.0,0.0,0.0,0.0,2.0,0.0,1.0,1.0,2.0,2.0,0.0,0.0,0.0,1.0,5.0,0.0,0.0,0.0,0.0,4.0,0.0,0.0,0.0,6.0,0.0,6.0,1.0,3.0,5.0,5.0,687194347.0,12492569.0,梅州市丰顺县,梅州市丰顺县留隍镇,20.0,25.0,11.0,6.6,62.6,57.475,56.331250000000004,56.92664596273291
广东省,梅州市,丰顺县,大龙华镇,116.313067,24.062636,0.0,5.0,8.0,4.0,25.0,0.0,0.0,0.0,0.0,0.0,0.0,0.0,0.0,0.0,2.0,2.0,0.0,1.0,0.0,0.0,0.0,0.0,0.0,0.0,0.0,6.0,0.0,0.0,0.0,0.0,0.0,3.0,0.0,3.0,5.0,4.0,0.0,3.0,4.0,0.0,12.0,0.0,0.0,0.0,0.0,0.0,0.0,0.0,0.0,0.0,2.0,2.0,0.0,1.0,0.0,0.0,0.0,0.0,0.0,0.0,0.0,4.0,0.0,0.0,0.0,0.0,0.0,3.0,0.0,3.0,3.0,4.0,8301857928.0,12492564.0,梅州市丰顺县,梅州市丰顺县大龙华镇,20.0,20.1,7.0,2.0,49.1,57.475,56.331250000000004,56.92664596273291
广东省,梅州市,丰顺县,潭江镇,116.51987,24.096943,0.0,4.0,7.0,6.0,32.0,0.0,0.0,0.0,0.0,0.0,1.0,0.0,0.0,0.0,2.0,3.0,0.0,0.0,0.0,0.0,0.0,0.0,0.0,0.0,0.0,3.0,0.0,0.0,0.0,0.0,0.0,5.0,0.0,3.0,6.0,4.0,0.0,3.0,3.0,2.0,10.0,0.0,0.0,0.0,0.0,0.0,1.0,0.0,0.0,0.0,2.0,3.0,0.0,0.0,0.0,0.0,0.0,0.0,0.0,0.0,0.0,1.0,0.0,0.0,0.0,0.0,0.0,3.0,0.0,2.0,6.0,4.0,687192435.0,12492568.0,梅州市丰顺县,梅州市丰顺县潭江镇,18.0,24.4,5.0,2.0,49.4,57.475,56.331250000000004,56.92664596273291
广东省,梅州市,丰顺县,小胜镇,116.4543767,24.0669913,4.0,0.0,0.0,8.0,44.0,0.0,0.0,0.0,0.0,0.0,0.0,0.0,0.0,0.0,2.0,2.0,0.0,0.0,0.0,0.0,0.0,0.0,0.0,0.0,0.0,9.0,0.0,0.0,0.0,0.0,0.0,5.0,1.0,2.0,4.0,5.0,4.0,0.0,0.0,6.0,14.0,0.0,0.0,0.0,0.0,0.0,0.0,0.0,0.0,0.0,2.0,2.0,0.0,0.0,0.0,0.0,0.0,0.0,0.0,0.0,0.0,6.0,0.0,0.0,0.0,0.0,0.0,5.0,0.0,1.0,3.0,3.0,8301857926.0,12492567.0,梅州市丰顺县,梅州市丰顺县小胜镇,20.0,22.0,5.0,2.5,49.5,57.475,56.331250000000004,56.92664596273291
广东省,梅州市,丰顺县,砂田镇,116.4469342,24.1405282,9.0,0.0,2.0,9.0,54.0,0.0,0.0,0.0,0.0,0.0,1.0,0.0,0.0,0.0,2.0,2.0,0.0,0.0,0.0,0.0,1.0,0.0,0.0,0.0,0.0,9.0,0.0,0.0,0.0,0.0,0.0,1.0,0.0,2.0,6.0,4.0,7.0,0.0,1.0,6.0,18.0,0.0,0.0,0.0,0.0,0.0,1.0,0.0,0.0,0.0,2.0,2.0,0.0,0.0,0.0,0.0,1.0,0.0,0.0,0.0,0.0,2.0,0.0,0.0,0.0,0.0,0.0,1.0,0.0,2.0,5.0,4.0,3814961917.0,12492565.0,梅州市丰顺县,梅州市丰顺县砂田镇,20.0,25.0,5.0,2.0,52.0,57.475,56.331250000000004,56.92664596273291
广东省,梅州市,五华县,水寨镇,115.7654341,23.9298395,29.0,18.0,17.0,55.0,333.0,31.0,0.0,141.0,26.0,0.0,4.0,5.0,5.0,9.0,19.0,27.0,0.0,0.0,8.0,23.0,89.0,0.0,5.0,1.0,1.0,24.0,15.0,0.0,0.0,46.0,0.0,138.0,6.0,5.0,17.0,13.0,0.0,4.0,3.0,14.0,66.0,0.0,0.0,34.0,15.0,0.0,2.0,5.0,2.0,6.0,4.0,7.0,0.0,0.0,7.0,11.0,32.0,0.0,0.0,0.0,0.0,7.0,3.0,0.0,0.0,29.0,0.0,25.0,4.0,3.0,8.0,7.0,3465970968.0,12151122.0,梅州市五华县,梅州市五华县水寨镇,20.0,28.0,23.0,13.3,84.3,49.28125,56.331250000000004,56.92664596273291
广东省,梅州市,五华县,河东镇,115.780097,23.919602,23.0,8.0,13.0,41.0,360.0,15.0,0.0,80.0,25.0,0.0,4.0,5.0,5.0,9.0,15.0,22.0,0.0,0.0,8.0,20.0,70.0,0.0,0.0,1.0,0.0,26.0,15.0,0.0,0.0,44.0,0.0,70.0,5.0,6.0,17.0,9.0,15.0,4.0,5.0,12.0,54.0,4.0,0.0,2.0,2.0,0.0,1.0,0.0,0.0,1.0,6.0,9.0,0.0,0.0,2.0,2.0,14.0,0.0,0.0,0.0,0.0,3.0,0.0,0.0,0.0,7.0,0.0,16.0,1.0,4.0,10.0,7.0,3467568336.0,-1.0,梅州市五华县,梅州市五华县河东镇,12.0,28.0,14.0,10.600000000000001,64.6,49.28125,56.331250000000004,56.92664596273291
广东省,梅州市,五华县,转水镇,115.6984874,23.9959764,6.0,5.0,0.0,14.0,197.0,2.0,0.0,1.0,0.0,0.0,1.0,0.0,0.0,0.0,6.0,6.0,0.0,0.0,0.0,0.0,0.0,0.0,1.0,0.0,0.0,6.0,11.0,0.0,0.0,0.0,0.0,11.0,1.0,3.0,9.0,7.0,2.0,0.0,0.0,5.0,35.0,1.0,0.0,0.0,0.0,0.0,1.0,0.0,0.0,0.0,2.0,2.0,0.0,0.0,0.0,0.0,0.0,0.0,0.0,0.0,0.0,2.0,0.0,0.0,0.0,0.0,0.0,0.0,0.0,3.0,6.0,3.0,3466013646.0,-1.0,梅州市五华县,梅州市五华县转水镇,12.0,26.0,5.0,4.6,47.6,49.28125,56.331250000000004,56.92664596273291
广东省,梅州市,五华县,华城镇,115.61309,24.067033,42.0,6.0,1.0,24.0,258.0,1.0,0.0,23.0,2.0,0.0,5.0,0.0,1.0,1.0,8.0,9.0,0.0,0.0,1.0,3.0,3.0,0.0,1.0,0.0,0.0,10.0,2.0,0.0,0.0,4.0,0.0,16.0,2.0,3.0,15.0,9.0,22.0,2.0,0.0,10.0,66.0,0.0,0.0,16.0,0.0,0.0,3.0,0.0,0.0,0.0,4.0,5.0,0.0,0.0,1.0,3.0,1.0,0.0,0.0,0.0,0.0,3.0,2.0,0.0,0.0,0.0,0.0,11.0,2.0,2.0,11.0,6.0,3465970965.0,-1.0,梅州市五华县,梅州市五华县华城镇,12.0,28.0,10.0,4.8,54.8,49.28125,56.331250000000004,56.92664596273291
广东省,梅州市,五华县,岐岭镇,115.4444946,24.0875272,3.0,0.0,0.0,14.0,5.0,2.0,0.0,0.0,0.0,0.0,0.0,0.0,0.0,0.0,2.0,2.0,0.0,0.0,0.0,0.0,7.0,0.0,2.0,0.0,0.0,10.0,4.0,0.0,0.0,2.0,0.0,9.0,1.0,8.0,5.0,7.0,1.0,0.0,0.0,10.0,4.0,1.0,0.0,0.0,0.0,0.0,0.0,0.0,0.0,0.0,2.0,2.0,0.0,0.0,0.0,0.0,2.0,0.0,1.0,0.0,0.0,6.0,0.0,0.0,0.0,1.0,0.0,9.0,0.0,2.0,4.0,5.0,3465970967.0,-1.0,梅州市五华县,梅州市五华县岐岭镇,12.0,14.7,5.0,4.2,35.9,49.28125,56.331250000000004,56.92664596273291
广东省,梅州市,五华县,潭下镇,115.5361654,23.9474899,0.0,12.0,5.0,3.0,106.0,0.0,0.0,0.0,0.0,0.0,0.0,0.0,1.0,1.0,2.0,2.0,0.0,0.0,0.0,0.0,2.0,0.0,3.0,0.0,0.0,5.0,1.0,0.0,0.0,0.0,0.0,10.0,0.0,3.0,6.0,6.0,0.0,6.0,2.0,2.0,33.0,0.0,0.0,0.0,0.0,0.0,0.0,0.0,1.0,1.0,2.0,2.0,0.0,0.0,0.0,0.0,1.0,0.0,0.0,0.0,0.0,2.0,0.0,0.0,0.0,0.0,0.0,7.0,0.0,2.0,5.0,4.0,8303106125.0,-1.0,梅州市五华县,梅州市五华县潭下镇,12.0,23.0,10.0,3.1,48.1,49.28125,56.331250000000004,56.92664596273291
广东省,梅州市,五华县,长布镇,115.4370792,23.7976378,0.0,5.0,0.0,5.0,96.0,0.0,0.0,0.0,0.0,0.0,0.0,1.0,0.0,0.0,2.0,2.0,0.0,0.0,0.0,0.0,0.0,0.0,0.0,0.0,0.0,6.0,0.0,0.0,0.0,0.0,0.0,0.0,0.0,1.0,4.0,3.0,0.0,5.0,0.0,5.0,25.0,0.0,0.0,0.0,0.0,0.0,0.0,1.0,0.0,0.0,2.0,2.0,0.0,0.0,0.0,0.0,0.0,0.0,0.0,0.0,0.0,2.0,0.0,0.0,0.0,0.0,0.0,0.0,0.0,1.0,4.0,2.0,3468166562.0,-1.0,梅州市五华县,梅州市五华县长布镇,12.0,22.0,10.0,1.5,45.5,49.28125,56.331250000000004,56.92664596273291
广东省,梅州市,五华县,周江镇,115.5752699,23.7649068,0.0,8.0,3.0,19.0,99.0,0.0,0.0,0.0,0.0,0.0,1.0,0.0,0.0,0.0,2.0,2.0,0.0,0.0,0.0,0.0,0.0,0.0,0.0,0.0,0.0,8.0,0.0,0.0,0.0,0.0,0.0,1.0,0.0,2.0,6.0,3.0,0.0,3.0,3.0,9.0,13.0,0.0,0.0,0.0,0.0,0.0,1.0,0.0,0.0,0.0,2.0,2.0,0.0,0.0,0.0,0.0,0.0,0.0,0.0,0.0,0.0,1.0,0.0,0.0,0.0,0.0,0.0,0.0,0.0,2.0,4.0,2.0,3468079235.0,-1.0,梅州市五华县,梅州市五华县周江镇,12.0,25.0,5.0,1.5,43.5,49.28125,56.331250000000004,56.92664596273291
广东省,梅州市,五华县,横陂镇,115.7306892,23.8778932,18.0,0.0,6.0,16.0,369.0,105.0,0.0,6.0,0.0,0.0,1.0,0.0,0.0,0.0,6.0,6.0,0.0,0.0,1.0,0.0,2.0,0.0,0.0,0.0,0.0,12.0,0.0,0.0,0.0,0.0,0.0,13.0,0.0,6.0,15.0,6.0,3.0,0.0,1.0,5.0,74.0,9.0,0.0,0.0,0.0,0.0,0.0,0.0,0.0,0.0,4.0,4.0,0.0,0.0,1.0,0.0,1.0,0.0,0.0,0.0,0.0,3.0,0.0,0.0,0.0,0.0,0.0,9.0,0.0,2.0,7.0,4.0,3467568337.0,-1.0,梅州市五华县,梅州市五华县横陂镇,12.0,26.0,7.0,3.0,48.0,49.28125,56.331250000000004,56.92664596273291
广东省,梅州市,五华县,郭田镇,115.9185106,23.841022,0.0,1.0,0.0,10.0,131.0,1.0,0.0,0.0,0.0,0.0,0.0,0.0,0.0,0.0,2.0,2.0,0.0,0.0,0.0,0.0,1.0,0.0,1.0,0.0,0.0,6.0,0.0,0.0,0.0,0.0,0.0,8.0,0.0,3.0,9.0,6.0,0.0,1.0,0.0,3.0,37.0,0.0,0.0,0.0,0.0,0.0,0.0,0.0,0.0,0.0,2.0,2.0,0.0,0.0,0.0,0.0,0.0,0.0,0.0,0.0,0.0,2.0,0.0,0.0,0.0,0.0,0.0,3.0,0.0,3.0,5.0,3.0,4460626121.0,-1.0,梅州市五华县,梅州市五华县郭田镇,12.0,24.0,5.0,3.0,44.0,49.28125,56.331250000000004,56.92664596273291
广东省,梅州市,五华县,双华镇,115.8157236,23.7300137,0.0,10.0,4.0,12.0,93.0,0.0,0.0,0.0,0.0,0.0,0.0,0.0,0.0,0.0,2.0,2.0,0.0,0.0,0.0,0.0,0.0,0.0,0.0,0.0,0.0,7.0,0.0,0.0,0.0,0.0,0.0,9.0,0.0,1.0,5.0,3.0,0.0,6.0,0.0,5.0,48.0,0.0,0.0,0.0,0.0,0.0,0.0,0.0,0.0,0.0,1.0,1.0,0.0,0.0,0.0,0.0,0.0,0.0,0.0,0.0,0.0,5.0,0.0,0.0,0.0,0.0,0.0,4.0,0.0,1.0,3.0,3.0,8303106126.0,-1.0,梅州市五华县,梅州市五华县双华镇,12.0,22.5,5.0,1.5,41.0,49.28125,56.331250000000004,56.92664596273291
广东省,梅州市,五华县,安流镇,115.6747695,23.7019576,9.0,5.0,4.0,19.0,203.0,2.0,0.0,0.0,0.0,0.0,2.0,0.0,1.0,2.0,12.0,13.0,1.0,0.0,2.0,2.0,5.0,0.0,0.0,0.0,0.0,14.0,0.0,0.0,0.0,2.0,0.0,19.0,0.0,5.0,13.0,6.0,3.0,4.0,3.0,3.0,38.0,1.0,0.0,0.0,0.0,0.0,0.0,0.0,1.0,2.0,3.0,4.0,0.0,0.0,2.0,1.0,5.0,0.0,0.0,0.0,0.0,3.0,0.0,0.0,0.0,0.0,0.0,12.0,0.0,2.0,7.0,5.0,2635501215.0,-1.0,梅州市五华县,梅州市五华县安流镇,12.0,26.0,13.0,3.2,54.2,49.28125,56.331250000000004,56.92664596273291
广东省,梅州市,五华县,棉洋镇,115.7096205,23.631934,4.0,2.0,6.0,1.0,113.0,0.0,0.0,0.0,0.0,0.0,0.0,0.0,0.0,0.0,0.0,0.0,0.0,0.0,0.0,0.0,1.0,0.0,1.0,0.0,0.0,8.0,3.0,0.0,0.0,0.0,0.0,1.0,0.0,2.0,7.0,6.0,2.0,2.0,4.0,0.0,24.0,0.0,0.0,0.0,0.0,0.0,0.0,0.0,0.0,0.0,0.0,0.0,0.0,0.0,0.0,0.0,1.0,0.0,0.0,0.0,0.0,3.0,0.0,0.0,0.0,0.0,0.0,0.0,0.0,1.0,5.0,4.0,3468079234.0,-1.0,梅州市五华县,梅州市五华县棉洋镇,12.0,23.5,0.0,3.3,38.8,49.28125,56.331250000000004,56.92664596273291
广东省,梅州市,五华县,梅林镇,115.6129446,23.6388591,0.0,14.0,6.0,16.0,116.0,0.0,0.0,0.0,0.0,0.0,1.0,0.0,0.0,0.0,4.0,4.0,0.0,0.0,0.0,0.0,0.0,0.0,1.0,0.0,0.0,6.0,5.0,0.0,0.0,1.0,0.0,6.0,0.0,3.0,10.0,5.0,0.0,8.0,1.0,8.0,26.0,0.0,0.0,0.0,0.0,0.0,1.0,0.0,0.0,0.0,4.0,4.0,0.0,0.0,0.0,0.0,0.0,0.0,1.0,0.0,0.0,1.0,0.0,0.0,0.0,1.0,0.0,6.0,0.0,2.0,4.0,5.0,3468950173.0,-1.0,梅州市五华县,梅州市五华县梅林镇,12.0,26.0,5.0,3.2,46.2,49.28125,56.331250000000004,56.92664596273291
广东省,梅州市,五华县,华阳镇,115.485392,23.617976,5.0,7.0,3.0,17.0,101.0,3.0,0.0,0.0,0.0,0.0,0.0,0.0,0.0,0.0,3.0,3.0,0.0,0.0,0.0,0.0,1.0,0.0,1.0,0.0,0.0,6.0,0.0,0.0,0.0,0.0,0.0,9.0,0.0,4.0,11.0,7.0,1.0,0.0,3.0,6.0,35.0,0.0,0.0,0.0,0.0,0.0,0.0,0.0,0.0,0.0,2.0,2.0,0.0,0.0,0.0,0.0,1.0,0.0,1.0,0.0,0.0,2.0,0.0,0.0,0.0,0.0,0.0,4.0,0.0,2.0,4.0,5.0,3469110641.0,-1.0,梅州市五华县,梅州市五华县华阳镇,12.0,24.0,5.0,3.5,44.5,49.28125,56.331250000000004,56.92664596273291
广东省,梅州市,五华县,龙村镇,115.5346382,23.5553433,0.0,8.0,1.0,13.0,111.0,0.0,0.0,0.0,0.0,0.0,0.0,0.0,1.0,1.0,3.0,3.0,0.0,0.0,0.0,0.0,0.0,0.0,0.0,0.0,0.0,8.0,0.0,0.0,0.0,0.0,0.0,11.0,0.0,2.0,6.0,5.0,0.0,7.0,1.0,7.0,32.0,0.0,0.0,0.0,0.0,0.0,0.0,0.0,1.0,1.0,3.0,3.0,0.0,0.0,0.0,0.0,0.0,0.0,0.0,0.0,0.0,4.0,0.0,0.0,0.0,0.0,0.0,9.0,0.0,2.0,5.0,4.0,3468975348.0,-1.0,梅州市五华县,梅州市五华县龙村镇,12.0,23.0,10.0,2.5,47.5,49.28125,56.331250000000004,56.92664596273291
广东省,梅州市,平远县,大柘镇,115.8870161,24.5708355,13.0,42.0,7.0,49.0,237.0,15.0,0.0,29.0,0.0,1.0,6.0,1.0,2.0,5.0,11.0,13.0,0.0,0.0,1.0,18.0,8.0,1.0,9.0,0.0,0.0,11.0,17.0,0.0,0.0,1.0,2.0,30.0,10.0,4.0,20.0,9.0,1.0,17.0,3.0,25.0,100.0,0.0,0.0,8.0,0.0,0.0,0.0,1.0,1.0,4.0,4.0,6.0,0.0,0.0,1.0,17.0,3.0,0.0,0.0,0.0,0.0,5.0,2.0,0.0,0.0,0.0,1.0,12.0,5.0,3.0,11.0,6.0,4457511415.0,-1.0,梅州市平远县,梅州市平远县大柘镇,12.0,28.0,23.0,6.0,69.0,46.43333333333334,56.331250000000004,56.92664596273291
广东省,梅州市,平远县,石正镇,115.82332,24.51492,0.0,8.0,18.0,20.0,249.0,2.0,4.0,0.0,0.0,1.0,1.0,1.0,0.0,0.0,1.0,2.0,0.0,0.0,0.0,0.0,1.0,1.0,3.0,0.0,1.0,12.0,1.0,0.0,0.0,0.0,0.0,11.0,0.0,2.0,8.0,11.0,0.0,3.0,4.0,12.0,50.0,0.0,1.0,0.0,0.0,1.0,0.0,1.0,0.0,0.0,1.0,2.0,0.0,0.0,0.0,0.0,0.0,0.0,0.0,0.0,0.0,4.0,1.0,0.0,0.0,0.0,0.0,5.0,0.0,2.0,6.0,3.0,2065862485.0,-1.0,梅州市平远县,梅州市平远县石正镇,12.0,28.0,10.0,4.2,54.2,46.43333333333334,56.331250000000004,56.92664596273291
广东省,梅州市,平远县,东石镇,115.9493005,24.676699,0.0,11.0,5.0,23.0,240.0,0.0,0.0,0.0,1.0,0.0,2.0,0.0,0.0,0.0,2.0,2.0,0.0,0.0,0.0,0.0,0.0,0.0,1.0,0.0,0.0,20.0,1.0,0.0,0.0,0.0,0.0,7.0,0.0,1.0,7.0,6.0,0.0,10.0,2.0,5.0,45.0,0.0,0.0,0.0,1.0,0.0,1.0,0.0,0.0,0.0,2.0,2.0,0.0,0.0,0.0,0.0,0.0,0.0,0.0,0.0,0.0,2.0,1.0,0.0,0.0,0.0,0.0,6.0,0.0,1.0,5.0,3.0,3250395961.0,-1.0,梅州市平远县,梅州市平远县东石镇,12.0,27.5,5.0,3.2,47.7,46.43333333333334,56.331250000000004,56.92664596273291
广东省,梅州市,平远县,仁居镇,115.8885123,24.8119142,7.0,9.0,1.0,1.0,138.0,0.0,0.0,0.0,0.0,0.0,1.0,0.0,0.0,0.0,2.0,2.0,0.0,0.0,0.0,0.0,0.0,0.0,0.0,0.0,0.0,7.0,0.0,0.0,0.0,0.0,0.0,10.0,0.0,2.0,7.0,5.0,5.0,8.0,1.0,1.0,46.0,0.0,0.0,0.0,0.0,0.0,1.0,0.0,0.0,0.0,2.0,2.0,0.0,0.0,0.0,0.0,0.0,0.0,0.0,0.0,0.0,2.0,0.0,0.0,0.0,0.0,0.0,9.0,0.0,2.0,7.0,5.0,2488555945.0,-1.0,梅州市平远县,梅州市平远县仁居镇,12.0,25.5,5.0,2.5,45.0,46.43333333333334,56.331250000000004,56.92664596273291
广东省,梅州市,平远县,八尺镇,115.804451,24.741189,11.0,0.0,3.0,11.0,83.0,0.0,0.0,3.0,0.0,0.0,1.0,0.0,0.0,0.0,2.0,3.0,0.0,0.0,0.0,0.0,0.0,0.0,2.0,0.0,0.0,10.0,2.0,0.0,0.0,0.0,0.0,4.0,0.0,3.0,8.0,4.0,6.0,0.0,0.0,5.0,19.0,0.0,0.0,0.0,0.0,0.0,1.0,0.0,0.0,0.0,2.0,3.0,0.0,0.0,0.0,0.0,0.0,0.0,2.0,0.0,0.0,2.0,0.0,0.0,0.0,0.0,0.0,3.0,0.0,2.0,3.0,4.0,2488555898.0,-1.0,梅州市平远县,梅州市平远县八尺镇,12.0,26.0,5.0,2.2,45.2,46.43333333333334,56.331250000000004,56.92664596273291
广东省,梅州市,平远县,差干镇,115.960247,24.8897016,11.0,0.0,2.0,26.0,64.0,10.0,0.0,0.0,0.0,1.0,1.0,0.0,0.0,0.0,1.0,1.0,0.0,0.0,0.0,0.0,2.0,0.0,1.0,0.0,0.0,4.0,1.0,0.0,0.0,0.0,0.0,9.0,0.0,11.0,9.0,10.0,1.0,0.0,0.0,14.0,16.0,9.0,0.0,0.0,0.0,1.0,1.0,0.0,0.0,0.0,0.0,0.0,0.0,0.0,0.0,0.0,2.0,0.0,0.0,0.0,0.0,2.0,1.0,0.0,0.0,0.0,0.0,3.0,0.0,2.0,6.0,4.0,3782924772.0,-1.0,梅州市平远县,梅州市平远县差干镇,11.0,28.0,0.0,4.2,43.2,46.43333333333334,56.331250000000004,56.92664596273291
广东省,梅州市,平远县,河头镇,115.873385,24.680309,3.0,0.0,8.0,10.0,75.0,0.0,0.0,0.0,0.0,0.0,0.0,0.0,0.0,0.0,2.0,2.0,0.0,0.0,0.0,0.0,1.0,0.0,0.0,0.0,0.0,7.0,2.0,0.0,0.0,0.0,0.0,6.0,0.0,4.0,10.0,5.0,0.0,0.0,5.0,3.0,31.0,0.0,0.0,0.0,0.0,0.0,0.0,0.0,0.0,0.0,2.0,2.0,0.0,0.0,0.0,0.0,1.0,0.0,0.0,0.0,0.0,1.0,0.0,0.0,0.0,0.0,0.0,6.0,0.0,1.0,4.0,4.0,3599925115.0,-1.0,梅州市平远县,梅州市平远县河头镇,12.0,24.0,5.0,2.7,43.7,46.43333333333334,56.331250000000004,56.92664596273291
广东省,梅州市,平远县,中行镇,115.822291,24.663029,3.0,0.0,2.0,7.0,41.0,0.0,0.0,0.0,0.0,0.0,0.0,0.0,0.0,0.0,2.0,2.0,0.0,0.0,0.0,0.0,4.0,0.0,1.0,0.0,0.0,6.0,3.0,0.0,2.0,0.0,0.0,3.0,0.0,3.0,9.0,6.0,0.0,0.0,2.0,6.0,13.0,0.0,0.0,0.0,0.0,0.0,0.0,0.0,0.0,0.0,2.0,2.0,0.0,0.0,0.0,0.0,1.0,0.0,1.0,0.0,0.0,1.0,0.0,0.0,0.0,0.0,0.0,3.0,0.0,1.0,4.0,6.0,8293153441.0,-1.0,梅州市平远县,梅州市平远县中行镇,12.0,24.0,5.0,3.3,44.3,46.43333333333334,56.331250000000004,56.92664596273291
广东省,梅州市,平远县,上举镇,115.985017,24.787984,0.0,5.0,0.0,1.0,25.0,0.0,0.0,0.0,0.0,0.0,0.0,0.0,0.0,0.0,1.0,1.0,0.0,0.0,0.0,0.0,0.0,0.0,0.0,0.0,0.0,2.0,0.0,0.0,0.0,0.0,0.0,1.0,0.0,1.0,4.0,4.0,0.0,1.0,0.0,0.0,14.0,0.0,0.0,0.0,0.0,0.0,0.0,0.0,0.0,0.0,1.0,1.0,0.0,0.0,0.0,0.0,0.0,0.0,0.0,0.0,0.0,2.0,0.0,0.0,0.0,0.0,0.0,1.0,0.0,1.0,3.0,3.0,8293153440.0,-1.0,梅州市平远县,梅州市平远县上举镇,9.0,17.2,5.0,2.0,33.2,46.43333333333334,56.331250000000004,56.92664596273291
广东省,梅州市,平远县,泗水镇,116.026345,24.753589,0.0,0.0,7.0,3.0,17.0,0.0,0.0,0.0,0.0,0.0,0.0,0.0,0.0,0.0,1.0,1.0,0.0,0.0,0.0,0.0,0.0,0.0,0.0,0.0,0.0,4.0,0.0,0.0,0.0,0.0,0.0,1.0,0.0,1.0,4.0,4.0,0.0,0.0,4.0,0.0,11.0,0.0,0.0,0.0,0.0,0.0,0.0,0.0,0.0,0.0,1.0,1.0,0.0,0.0,0.0,0.0,0.0,0.0,0.0,0.0,0.0,2.0,0.0,0.0,0.0,0.0,0.0,1.0,0.0,1.0,3.0,3.0,8293153439.0,-1.0,梅州市平远县,梅州市平远县泗水镇,11.0,16.7,5.0,2.0,34.7,46.43333333333334,56.331250000000004,56.92664596273291
广东省,梅州市,平远县,长田镇,115.9661636,24.4688485,17.0,6.0,1.0,3.0,115.0,3.0,0.0,1.0,0.0,0.0,1.0,0.0,0.0,0.0,2.0,2.0,0.0,0.0,0.0,0.0,1.0,0.0,1.0,0.0,0.0,10.0,0.0,0.0,0.0,0.0,0.0,4.0,0.0,2.0,12.0,6.0,6.0,4.0,1.0,0.0,34.0,3.0,0.0,0.0,0.0,0.0,1.0,0.0,0.0,0.0,2.0,2.0,0.0,0.0,0.0,0.0,1.0,0.0,0.0,0.0,0.0,2.0,0.0,0.0,0.0,0.0,0.0,3.0,0.0,2.0,5.0,5.0,8293153444.0,12136777.0,梅州市平远县,梅州市平远县长田镇,20.0,26.0,5.0,3.0,54.0,46.43333333333334,56.331250000000004,56.92664596273291
广东省,梅州市,平远县,热柘镇,115.9807404,24.5358509,0.0,14.0,0.0,6.0,38.0,0.0,0.0,0.0,0.0,0.0,0.0,0.0,0.0,0.0,2.0,2.0,0.0,0.0,0.0,0.0,4.0,0.0,0.0,0.0,0.0,6.0,0.0,0.0,0.0,0.0,0.0,5.0,0.0,1.0,4.0,8.0,0.0,8.0,0.0,2.0,10.0,0.0,0.0,0.0,0.0,0.0,0.0,0.0,0.0,0.0,2.0,2.0,0.0,0.0,0.0,0.0,3.0,0.0,0.0,0.0,0.0,2.0,0.0,0.0,0.0,0.0,0.0,5.0,0.0,1.0,3.0,6.0,4457849593.0,-1.0,梅州市平远县,梅州市平远县热柘镇,12.0,22.0,5.0,4.0,43.0,46.43333333333334,56.331250000000004,56.92664596273291
广东省,梅州市,蕉岭县,蕉城镇,116.1619412,24.656695,24.0,10.0,42.0,74.0,351.0,25.0,0.0,178.0,0.0,1.0,1.0,9.0,3.0,30.0,13.0,20.0,0.0,0.0,10.0,189.0,37.0,0.0,2.0,0.0,0.0,14.0,31.0,0.0,0.0,3.0,0.0,68.0,23.0,5.0,15.0,15.0,8.0,0.0,17.0,25.0,120.0,9.0,0.0,102.0,0.0,1.0,0.0,9.0,0.0,24.0,5.0,9.0,0.0,0.0,5.0,163.0,26.0,0.0,0.0,0.0,0.0,6.0,11.0,0.0,0.0,1.0,0.0,24.0,15.0,3.0,11.0,9.0,8293874939.0,-1.0,梅州市蕉岭县,梅州市蕉岭县蕉城镇,12.0,28.0,18.0,8.600000000000001,66.6,51.9625,56.331250000000004,56.92664596273291
广东省,梅州市,蕉岭县,长潭镇,116.1507679,24.652959,26.0,9.0,48.0,83.0,386.0,27.0,0.0,175.0,0.0,1.0,0.0,9.0,3.0,30.0,13.0,20.0,0.0,0.0,10.0,189.0,40.0,0.0,1.0,0.0,0.0,17.0,28.0,0.0,0.0,4.0,0.0,68.0,23.0,5.0,14.0,15.0,0.0,4.0,13.0,17.0,61.0,8.0,0.0,48.0,0.0,1.0,0.0,1.0,0.0,6.0,1.0,3.0,0.0,0.0,4.0,48.0,15.0,0.0,0.0,0.0,0.0,3.0,3.0,0.0,0.0,1.0,0.0,18.0,8.0,2.0,10.0,11.0,8293874938.0,-1.0,梅州市蕉岭县,梅州市蕉岭县长潭镇,12.0,26.0,18.0,7.6,63.6,51.9625,56.331250000000004,56.92664596273291
广东省,梅州市,蕉岭县,三圳镇,116.1277011,24.5930611,2.0,7.0,7.0,28.0,299.0,9.0,0.0,4.0,0.0,0.0,2.0,0.0,1.0,1.0,4.0,4.0,0.0,0.0,1.0,0.0,5.0,0.0,2.0,0.0,0.0,16.0,1.0,0.0,0.0,1.0,0.0,6.0,0.0,3.0,13.0,8.0,0.0,0.0,0.0,8.0,47.0,6.0,0.0,0.0,0.0,0.0,0.0,0.0,0.0,0.0,2.0,2.0,0.0,0.0,0.0,0.0,0.0,0.0,0.0,0.0,0.0,6.0,0.0,0.0,0.0,0.0,0.0,4.0,0.0,1.0,5.0,2.0,1573894051.0,-1.0,梅州市蕉岭县,梅州市蕉岭县三圳镇,12.0,26.0,5.0,4.2,47.2,51.9625,56.331250000000004,56.92664596273291
广东省,梅州市,蕉岭县,新铺镇,116.1307283,24.5198577,0.0,31.0,9.0,31.0,179.0,0.0,0.0,0.0,0.0,0.0,1.0,0.0,0.0,0.0,3.0,4.0,0.0,0.0,0.0,0.0,0.0,0.0,1.0,0.0,0.0,13.0,0.0,0.0,0.0,1.0,0.0,8.0,0.0,3.0,8.0,8.0,0.0,8.0,4.0,3.0,26.0,0.0,0.0,0.0,0.0,0.0,0.0,0.0,0.0,0.0,1.0,2.0,0.0,0.0,0.0,0.0,0.0,0.0,0.0,0.0,0.0,2.0,0.0,0.0,0.0,0.0,0.0,4.0,0.0,2.0,6.0,4.0,8293874941.0,-1.0,梅州市蕉岭县,梅州市蕉岭县新铺镇,12.0,26.0,5.0,4.1,47.1,51.9625,56.331250000000004,56.92664596273291
广东省,梅州市,蕉岭县,文福镇,116.1939609,24.7414596,5.0,0.0,9.0,40.0,141.0,6.0,0.0,0.0,0.0,0.0,1.0,0.0,1.0,1.0,2.0,2.0,0.0,0.0,0.0,0.0,1.0,0.0,4.0,0.0,0.0,5.0,5.0,0.0,0.0,3.0,0.0,8.0,0.0,2.0,8.0,9.0,3.0,0.0,3.0,16.0,41.0,6.0,0.0,0.0,0.0,0.0,1.0,0.0,1.0,1.0,2.0,2.0,0.0,0.0,0.0,0.0,1.0,0.0,2.0,0.0,0.0,1.0,2.0,0.0,0.0,0.0,0.0,6.0,0.0,1.0,7.0,7.0,3331601077.0,-1.0,梅州市蕉岭县,梅州市蕉岭县文福镇,12.0,26.0,10.0,5.0,53.0,51.9625,56.331250000000004,56.92664596273291
广东省,梅州市,蕉岭县,广福镇,116.180214,24.829844,8.0,0.0,12.0,35.0,96.0,4.0,0.0,0.0,0.0,0.0,1.0,1.0,0.0,0.0,1.0,2.0,0.0,0.0,1.0,1.0,0.0,0.0,0.0,0.0,0.0,6.0,0.0,0.0,0.0,0.0,0.0,6.0,0.0,2.0,10.0,4.0,7.0,0.0,5.0,4.0,25.0,4.0,0.0,0.0,0.0,0.0,1.0,1.0,0.0,0.0,1.0,2.0,0.0,0.0,1.0,1.0,0.0,0.0,0.0,0.0,0.0,2.0,0.0,0.0,0.0,0.0,0.0,2.0,0.0,2.0,9.0,3.0,8293874933.0,-1.0,梅州市蕉岭县,梅州市蕉岭县广福镇,12.0,26.0,13.0,2.0,53.0,51.9625,56.331250000000004,56.92664596273291
广东省,梅州市,蕉岭县,蓝坊镇,116.215627,24.642669,0.0,7.0,3.0,7.0,74.0,0.0,0.0,0.0,0.0,0.0,0.0,0.0,0.0,0.0,2.0,2.0,0.0,0.0,0.0,0.0,0.0,0.0,0.0,0.0,0.0,3.0,10.0,0.0,0.0,0.0,0.0,3.0,0.0,2.0,6.0,5.0,0.0,5.0,0.0,1.0,20.0,0.0,0.0,0.0,0.0,0.0,0.0,0.0,0.0,0.0,1.0,1.0,0.0,0.0,0.0,0.0,0.0,0.0,0.0,0.0,0.0,2.0,3.0,0.0,0.0,0.0,0.0,1.0,0.0,2.0,4.0,3.0,8293874940.0,-1.0,梅州市蕉岭县,梅州市蕉岭县蓝坊镇,10.0,23.0,5.0,3.8,41.8,51.9625,56.331250000000004,56.92664596273291
广东省,梅州市,蕉岭县,南礤镇,116.312791,24.7246055,0.0,5.0,6.0,3.0,48.0,0.0,0.0,0.0,0.0,0.0,0.0,0.0,0.0,0.0,1.0,1.0,0.0,0.0,0.0,0.0,0.0,0.0,1.0,0.0,0.0,9.0,0.0,0.0,0.0,2.0,0.0,2.0,0.0,4.0,6.0,6.0,0.0,3.0,2.0,1.0,23.0,0.0,0.0,0.0,0.0,0.0,0.0,0.0,0.0,0.0,1.0,1.0,0.0,0.0,0.0,0.0,0.0,0.0,0.0,0.0,0.0,3.0,0.0,0.0,0.0,2.0,0.0,2.0,0.0,4.0,5.0,3.0,8293874932.0,-1.0,梅州市蕉岭县,梅州市蕉岭县南礤镇,12.0,23.0,5.0,3.4,43.4,51.9625,56.331250000000004,56.92664596273291
广东省,梅州市,兴宁市,兴田街道,115.7266907,24.1319859,35.0,101.0,60.0,151.0,414.0,73.0,7.0,190.0,20.0,5.0,10.0,10.0,7.0,9.0,23.0,33.0,0.0,0.0,2.0,23.0,168.0,1.0,6.0,1.0,1.0,20.0,98.0,0.0,0.0,10.0,4.0,191.0,4.0,5.0,20.0,18.0,25.0,11.0,34.0,45.0,73.0,12.0,1.0,34.0,4.0,1.0,3.0,2.0,3.0,3.0,5.0,7.0,0.0,0.0,1.0,13.0,57.0,0.0,0.0,1.0,0.0,8.0,16.0,0.0,0.0,5.0,3.0,26.0,1.0,5.0,17.0,7.0,8296173632.0,12140873.0,梅州市兴宁市,梅州市兴宁市兴田街道,20.0,30.0,23.0,16.9,89.9,61.92999999999999,56.331250000000004,56.92664596273291
广东省,梅州市,兴宁市,福兴街道,115.72108,24.1266822,35.0,98.0,68.0,150.0,366.0,83.0,7.0,198.0,21.0,8.0,9.0,10.0,6.0,8.0,20.0,28.0,0.0,0.0,2.0,23.0,162.0,1.0,6.0,1.0,1.0,19.0,81.0,0.0,0.0,10.0,4.0,185.0,3.0,5.0,20.0,18.0,20.0,1.0,29.0,18.0,61.0,22.0,0.0,48.0,4.0,0.0,3.0,3.0,1.0,1.0,5.0,7.0,0.0,0.0,1.0,2.0,38.0,0.0,1.0,0.0,0.0,5.0,23.0,0.0,0.0,3.0,0.0,85.0,0.0,4.0,15.0,8.0,8296173633.0,12140872.0,梅州市兴宁市,梅州市兴宁市福兴街道,20.0,30.0,19.0,15.700000000000001,84.7,61.92999999999999,56.331250000000004,56.92664596273291
广东省,梅州市,兴宁市,宁新街道,115.7447629,24.139794,34.0,63.0,51.0,131.0,389.0,29.0,6.0,120.0,10.0,2.0,7.0,9.0,4.0,6.0,19.0,27.0,0.0,0.0,2.0,23.0,139.0,0.0,2.0,1.0,1.0,33.0,101.0,0.0,0.0,8.0,4.0,148.0,3.0,7.0,19.0,16.0,0.0,10.0,0.0,20.0,46.0,2.0,0.0,9.0,0.0,0.0,0.0,1.0,0.0,0.0,4.0,6.0,0.0,0.0,0.0,1.0,26.0,0.0,0.0,0.0,0.0,4.0,13.0,0.0,0.0,0.0,0.0,38.0,0.0,1.0,8.0,5.0,8296173634.0,12140871.0,梅州市兴宁市,梅州市兴宁市宁新街道,20.0,30.0,11.0,16.200000000000003,77.2,61.92999999999999,56.331250000000004,56.92664596273291
广东省,梅州市,兴宁市,宁中镇,115.7390555,24.1568657,8.0,53.0,25.0,130.0,375.0,37.0,6.0,64.0,8.0,0.0,5.0,4.0,3.0,3.0,18.0,24.0,0.0,0.0,0.0,8.0,104.0,0.0,7.0,1.0,0.0,29.0,133.0,0.0,0.0,8.0,3.0,135.0,4.0,6.0,17.0,17.0,0.0,4.0,2.0,10.0,57.0,0.0,0.0,5.0,0.0,0.0,1.0,1.0,1.0,1.0,2.0,3.0,0.0,0.0,0.0,0.0,4.0,0.0,0.0,0.0,0.0,4.0,11.0,0.0,0.0,0.0,0.0,2.0,1.0,2.0,8.0,6.0,1780357876.0,18220697.0,梅州市兴宁市,梅州市兴宁市宁中镇,20.0,28.0,15.0,19.200000000000003,82.2,61.92999999999999,56.331250000000004,56.92664596273291
广东省,梅州市,兴宁市,新陂镇,115.6919277,24.158098,0.0,103.0,0.0,95.0,264.0,19.0,4.0,47.0,21.0,3.0,6.0,3.0,3.0,3.0,6.0,6.0,1.0,1.0,0.0,2.0,30.0,2.0,21.0,0.0,0.0,21.0,42.0,0.0,0.0,7.0,0.0,41.0,6.0,4.0,15.0,11.0,0.0,11.0,0.0,7.0,41.0,2.0,0.0,4.0,4.0,1.0,1.0,1.0,0.0,0.0,2.0,2.0,1.0,1.0,0.0,0.0,2.0,0.0,0.0,0.0,0.0,2.0,1.0,0.0,0.0,0.0,0.0,8.0,5.0,2.0,10.0,6.0,1780357972.0,18206641.0,梅州市兴宁市,梅州市兴宁市新陂镇,20.0,30.0,17.0,9.0,76.0,61.92999999999999,56.331250000000004,56.92664596273291
广东省,梅州市,兴宁市,刁坊镇,115.7521906,24.0954488,0.0,31.0,10.0,55.0,204.0,19.0,0.0,44.0,2.0,1.0,1.0,0.0,0.0,0.0,3.0,3.0,0.0,0.0,0.0,0.0,34.0,0.0,3.0,0.0,1.0,23.0,67.0,0.0,0.0,5.0,0.0,14.0,0.0,7.0,14.0,12.0,0.0,3.0,4.0,7.0,45.0,0.0,0.0,0.0,0.0,1.0,1.0,0.0,0.0,0.0,2.0,2.0,0.0,0.0,0.0,0.0,0.0,0.0,1.0,0.0,0.0,5.0,13.0,0.0,0.0,0.0,0.0,5.0,0.0,4.0,8.0,3.0,1780357582.0,-1.0,梅州市兴宁市,梅州市兴宁市刁坊镇,12.0,30.0,5.0,12.5,59.5,61.92999999999999,56.331250000000004,56.92664596273291
广东省,梅州市,兴宁市,永和镇,115.799379,24.144711,9.0,12.0,0.0,39.0,241.0,12.0,0.0,12.0,0.0,1.0,3.0,0.0,0.0,0.0,4.0,4.0,0.0,0.0,0.0,0.0,26.0,1.0,4.0,0.0,2.0,26.0,70.0,0.0,0.0,2.0,0.0,13.0,7.0,5.0,15.0,14.0,1.0,0.0,0.0,10.0,35.0,1.0,0.0,0.0,0.0,0.0,1.0,0.0,0.0,0.0,3.0,3.0,0.0,0.0,0.0,0.0,2.0,0.0,4.0,0.0,0.0,3.0,14.0,0.0,0.0,0.0,0.0,1.0,0.0,1.0,4.0,6.0,1780357982.0,-1.0,梅州市兴宁市,梅州市兴宁市永和镇,12.0,28.0,5.0,12.6,57.6,61.92999999999999,56.331250000000004,56.92664596273291
广东省,梅州市,兴宁市,径南镇,115.919446,24.1906701,7.0,5.0,0.0,9.0,88.0,2.0,0.0,0.0,0.0,0.0,0.0,0.0,0.0,0.0,0.0,0.0,0.0,0.0,0.0,0.0,1.0,0.0,0.0,0.0,0.0,4.0,0.0,0.0,0.0,0.0,0.0,6.0,0.0,3.0,7.0,6.0,2.0,1.0,0.0,4.0,29.0,2.0,0.0,0.0,0.0,0.0,0.0,0.0,0.0,0.0,0.0,0.0,0.0,0.0,0.0,0.0,1.0,0.0,0.0,0.0,0.0,2.0,0.0,0.0,0.0,0.0,0.0,6.0,0.0,2.0,5.0,4.0,8296173447.0,-1.0,梅州市兴宁市,梅州市兴宁市径南镇,11.0,23.5,0.0,3.0,37.5,61.92999999999999,56.331250000000004,56.92664596273291
广东省,梅州市,兴宁市,坭陂镇,115.814454,24.080924,0.0,12.0,10.0,64.0,287.0,1.0,0.0,0.0,0.0,0.0,0.0,0.0,0.0,1.0,9.0,10.0,0.0,0.0,1.0,1.0,3.0,0.0,2.0,0.0,0.0,22.0,34.0,0.0,0.0,0.0,0.0,13.0,1.0,2.0,7.0,8.0,0.0,0.0,8.0,29.0,54.0,0.0,0.0,0.0,0.0,0.0,0.0,0.0,0.0,1.0,4.0,5.0,0.0,0.0,1.0,0.0,0.0,0.0,0.0,0.0,0.0,3.0,19.0,0.0,0.0,0.0,0.0,11.0,0.0,2.0,4.0,3.0,1780357840.0,-1.0,梅州市兴宁市,梅州市兴宁市坭陂镇,12.0,23.5,7.0,9.3,51.8,61.92999999999999,56.331250000000004,56.92664596273291
广东省,梅州市,兴宁市,新圩镇,115.864869,24.055948,0.0,29.0,4.0,45.0,204.0,1.0,0.0,1.0,0.0,0.0,1.0,0.0,1.0,1.0,5.0,5.0,0.0,0.0,1.0,0.0,1.0,0.0,0.0,0.0,0.0,14.0,1.0,0.0,0.0,3.0,0.0,19.0,0.0,3.0,14.0,7.0,0.0,5.0,3.0,7.0,43.0,0.0,0.0,0.0,0.0,0.0,1.0,0.0,1.0,1.0,2.0,2.0,0.0,0.0,1.0,0.0,1.0,0.0,0.0,0.0,0.0,2.0,1.0,0.0,0.0,3.0,0.0,9.0,0.0,3.0,8.0,5.0,2492655219.0,-1.0,梅州市兴宁市,梅州市兴宁市新圩镇,12.0,26.0,12.0,4.3,54.3,61.92999999999999,56.331250000000004,56.92664596273291
广东省,梅州市,兴宁市,水口镇,115.894702,23.9860814,11.0,13.0,0.0,29.0,129.0,3.0,0.0,5.0,0.0,0.0,1.0,0.0,1.0,1.0,3.0,3.0,0.0,0.0,0.0,0.0,0.0,0.0,0.0,0.0,0.0,10.0,0.0,0.0,0.0,1.0,0.0,14.0,0.0,8.0,14.0,6.0,7.0,13.0,0.0,12.0,30.0,3.0,0.0,4.0,0.0,0.0,1.0,0.0,1.0,1.0,2.0,2.0,0.0,0.0,0.0,0.0,0.0,0.0,0.0,0.0,0.0,3.0,0.0,0.0,0.0,1.0,0.0,11.0,0.0,5.0,11.0,5.0,2492655212.0,12140875.0,梅州市兴宁市,梅州市兴宁市水口镇,20.0,26.0,10.0,3.2,59.2,61.92999999999999,56.331250000000004,56.92664596273291
广东省,梅州市,兴宁市,罗浮镇,115.579259,24.527107,0.0,4.0,7.0,24.0,89.0,1.0,0.0,0.0,0.0,0.0,2.0,0.0,1.0,1.0,3.0,3.0,0.0,0.0,1.0,0.0,1.0,0.0,0.0,0.0,0.0,8.0,0.0,0.0,0.0,0.0,0.0,0.0,0.0,1.0,7.0,4.0,0.0,2.0,4.0,9.0,24.0,0.0,0.0,0.0,0.0,0.0,2.0,0.0,1.0,1.0,2.0,2.0,0.0,0.0,1.0,0.0,1.0,0.0,0.0,0.0,0.0,3.0,0.0,0.0,0.0,0.0,0.0,0.0,0.0,1.0,5.0,3.0,8296173625.0,12140874.0,梅州市兴宁市,梅州市兴宁市罗浮镇,20.0,25.5,12.0,2.0,59.5,61.92999999999999,56.331250000000004,56.92664596273291
广东省,梅州市,兴宁市,罗岗镇,115.6335364,24.4259005,0.0,19.0,3.0,19.0,138.0,1.0,0.0,0.0,6.0,0.0,1.0,1.0,0.0,0.0,5.0,5.0,1.0,0.0,1.0,0.0,0.0,0.0,1.0,0.0,0.0,12.0,3.0,0.0,0.0,0.0,0.0,7.0,1.0,2.0,10.0,5.0,0.0,12.0,0.0,7.0,34.0,1.0,0.0,0.0,6.0,0.0,1.0,1.0,0.0,0.0,4.0,4.0,1.0,0.0,1.0,0.0,0.0,0.0,0.0,0.0,0.0,4.0,0.0,0.0,0.0,0.0,0.0,6.0,0.0,2.0,9.0,3.0,8296173626.0,-1.0,梅州市兴宁市,梅州市兴宁市罗岗镇,12.0,28.0,17.0,2.8,59.8,61.92999999999999,56.331250000000004,56.92664596273291
广东省,梅州市,兴宁市,黄槐镇,115.7722246,24.4718428,0.0,1.0,1.0,23.0,124.0,0.0,0.0,0.0,0.0,0.0,0.0,0.0,0.0,0.0,0.0,0.0,0.0,0.0,0.0,0.0,0.0,0.0,0.0,0.0,0.0,6.0,6.0,0.0,0.0,0.0,0.0,7.0,0.0,3.0,5.0,5.0,0.0,1.0,0.0,11.0,25.0,0.0,0.0,0.0,0.0,0.0,0.0,0.0,0.0,0.0,0.0,0.0,0.0,0.0,0.0,0.0,0.0,0.0,0.0,0.0,0.0,3.0,4.0,0.0,0.0,0.0,0.0,5.0,0.0,1.0,4.0,3.0,4457453676.0,-1.0,梅州市兴宁市,梅州市兴宁市黄槐镇,12.0,22.5,0.0,3.5,38.0,61.92999999999999,56.331250000000004,56.92664596273291
广东省,梅州市,兴宁市,黄陂镇,115.738139,24.41147,0.0,9.0,0.0,34.0,126.0,2.0,0.0,0.0,0.0,0.0,1.0,0.0,0.0,1.0,4.0,4.0,0.0,0.0,0.0,0.0,1.0,0.0,0.0,0.0,0.0,10.0,0.0,0.0,0.0,0.0,0.0,18.0,0.0,3.0,9.0,4.0,0.0,4.0,0.0,1.0,62.0,0.0,0.0,0.0,0.0,0.0,0.0,0.0,0.0,1.0,2.0,2.0,0.0,0.0,0.0,0.0,1.0,0.0,0.0,0.0,0.0,2.0,0.0,0.0,0.0,0.0,0.0,15.0,0.0,3.0,5.0,4.0,8296173627.0,-1.0,梅州市兴宁市,梅州市兴宁市黄陂镇,12.0,26.0,5.0,2.0,45.0,61.92999999999999,56.331250000000004,56.92664596273291
广东省,梅州市,兴宁市,合水镇,115.6979795,24.2529626,0.0,26.0,1.0,36.0,199.0,6.0,0.0,10.0,0.0,0.0,1.0,0.0,1.0,1.0,2.0,2.0,0.0,0.0,1.0,0.0,5.0,0.0,6.0,0.0,1.0,24.0,2.0,0.0,0.0,4.0,0.0,23.0,1.0,4.0,12.0,9.0,0.0,5.0,0.0,10.0,49.0,0.0,0.0,3.0,0.0,0.0,0.0,0.0,0.0,0.0,2.0,2.0,0.0,0.0,1.0,0.0,1.0,0.0,0.0,0.0,0.0,2.0,0.0,0.0,0.0,1.0,0.0,15.0,0.0,3.0,8.0,6.0,8296173631.0,18204753.0,梅州市兴宁市,梅州市兴宁市合水镇,20.0,26.0,7.0,4.7,57.7,61.92999999999999,56.331250000000004,56.92664596273291
广东省,梅州市,兴宁市,龙田镇,115.707099,24.219481,0.0,26.0,0.0,78.0,180.0,4.0,0.0,10.0,0.0,0.0,3.0,0.0,1.0,1.0,3.0,4.0,0.0,0.0,1.0,1.0,8.0,0.0,11.0,0.0,1.0,25.0,2.0,0.0,0.0,6.0,0.0,24.0,0.0,2.0,11.0,8.0,0.0,6.0,0.0,14.0,24.0,1.0,0.0,0.0,0.0,0.0,0.0,0.0,1.0,1.0,3.0,4.0,0.0,0.0,1.0,1.0,1.0,0.0,0.0,0.0,0.0,3.0,1.0,0.0,0.0,1.0,0.0,13.0,0.0,1.0,6.0,3.0,1780357788.0,-1.0,梅州市兴宁市,梅州市兴宁市龙田镇,12.0,26.0,13.0,5.0,56.0,61.92999999999999,56.331250000000004,56.92664596273291
广东省,梅州市,兴宁市,石马镇,115.8279707,24.2850925,0.0,6.0,6.0,16.0,185.0,0.0,0.0,0.0,0.0,0.0,0.0,0.0,0.0,0.0,3.0,3.0,0.0,0.0,0.0,0.0,7.0,0.0,1.0,0.0,0.0,21.0,0.0,0.0,0.0,0.0,0.0,13.0,0.0,1.0,5.0,7.0,0.0,4.0,2.0,5.0,38.0,0.0,0.0,0.0,0.0,0.0,0.0,0.0,0.0,0.0,3.0,3.0,0.0,0.0,0.0,0.0,1.0,0.0,1.0,0.0,0.0,4.0,0.0,0.0,0.0,0.0,0.0,7.0,0.0,1.0,4.0,5.0,8296173449.0,-1.0,梅州市兴宁市,梅州市兴宁市石马镇,12.0,22.5,5.0,3.5,43.0,61.92999999999999,56.331250000000004,56.92664596273291
广东省,梅州市,兴宁市,大坪镇,115.5806031,24.3327883,0.0,21.0,0.0,22.0,74.0,0.0,0.0,0.0,4.0,0.0,3.0,3.0,0.0,0.0,2.0,3.0,0.0,0.0,1.0,0.0,2.0,0.0,0.0,0.0,0.0,10.0,2.0,0.0,0.0,1.0,0.0,0.0,0.0,7.0,6.0,6.0,0.0,16.0,0.0,5.0,19.0,0.0,0.0,0.0,0.0,0.0,2.0,1.0,0.0,0.0,2.0,3.0,0.0,0.0,1.0,0.0,1.0,0.0,0.0,0.0,0.0,3.0,0.0,0.0,0.0,1.0,0.0,0.0,0.0,3.0,4.0,5.0,8296173630.0,18300487.0,梅州市兴宁市,梅州市兴宁市大坪镇,20.0,27.0,12.0,3.4,62.4,61.92999999999999,56.331250000000004,56.92664596273291
广东省,梅州市,兴宁市,叶塘镇,115.6604848,24.195257,0.0,24.0,9.0,88.0,187.0,8.0,0.0,41.0,20.0,2.0,1.0,7.0,1.0,1.0,5.0,6.0,0.0,2.0,1.0,8.0,34.0,0.0,8.0,0.0,1.0,24.0,51.0,0.0,0.0,9.0,5.0,16.0,1.0,2.0,18.0,10.0,0.0,15.0,9.0,9.0,46.0,2.0,0.0,3.0,14.0,2.0,1.0,4.0,1.0,1.0,3.0,4.0,0.0,2.0,1.0,7.0,9.0,0.0,1.0,0.0,0.0,7.0,21.0,0.0,0.0,2.0,5.0,9.0,0.0,1.0,9.0,5.0,7649405370.0,18198949.0,梅州市兴宁市,梅州市兴宁市叶塘镇,20.0,30.0,25.0,12.3,87.3,61.92999999999999,56.331250000000004,56.92664596273291
广东省,汕尾市,城区,新港街道,115.3546365,22.7710783,0.0,8.0,44.0,41.0,75.0,19.0,5.0,61.0,11.0,6.0,0.0,2.0,3.0,3.0,16.0,16.0,0.0,0.0,0.0,8.0,20.0,3.0,0.0,0.0,3.0,6.0,100.0,0.0,2.0,6.0,0.0,18.0,12.0,7.0,17.0,24.0,0.0,4.0,2.0,16.0,23.0,0.0,0.0,0.0,3.0,0.0,0.0,0.0,0.0,0.0,2.0,2.0,0.0,0.0,0.0,5.0,5.0,0.0,0.0,0.0,3.0,3.0,5.0,0.0,0.0,1.0,0.0,4.0,0.0,2.0,7.0,5.0,8387086450.0,-1.0,汕尾市城区,汕尾市城区新港街道,12.0,28.0,15.0,15.200000000000001,70.2,53.54,46.851851851851855,56.92664596273291
广东省,汕尾市,城区,香洲街道,115.3492354,22.7893179,0.0,14.0,36.0,42.0,71.0,16.0,2.0,16.0,15.0,2.0,1.0,3.0,1.0,1.0,14.0,14.0,0.0,0.0,0.0,8.0,18.0,3.0,0.0,0.0,3.0,6.0,82.0,0.0,2.0,5.0,0.0,17.0,1.0,8.0,16.0,18.0,0.0,2.0,10.0,10.0,12.0,0.0,0.0,0.0,1.0,0.0,0.0,0.0,0.0,0.0,5.0,5.0,0.0,0.0,0.0,1.0,1.0,0.0,0.0,0.0,0.0,1.0,9.0,0.0,0.0,0.0,0.0,1.0,0.0,1.0,7.0,4.0,8387086446.0,-1.0,汕尾市城区,汕尾市城区香洲街道,12.0,30.0,11.0,13.600000000000001,66.6,53.54,46.851851851851855,56.92664596273291
广东省,汕尾市,城区,凤山街道,115.3609701,22.7748124,0.0,14.0,44.0,41.0,81.0,20.0,6.0,68.0,12.0,6.0,1.0,6.0,3.0,4.0,18.0,18.0,0.0,0.0,0.0,8.0,23.0,3.0,2.0,0.0,4.0,6.0,105.0,0.0,2.0,5.0,0.0,20.0,12.0,7.0,17.0,25.0,0.0,4.0,8.0,22.0,31.0,0.0,0.0,0.0,3.0,0.0,0.0,0.0,0.0,0.0,2.0,2.0,0.0,0.0,0.0,6.0,12.0,0.0,0.0,0.0,3.0,3.0,6.0,0.0,0.0,0.0,0.0,6.0,1.0,3.0,7.0,9.0,8387086449.0,-1.0,汕尾市城区,汕尾市城区凤山街道,12.0,30.0,16.0,15.600000000000001,73.6,53.54,46.851851851851855,56.92664596273291
广东省,汕尾市,城区,田墘街道,115.5034343,22.7285363,9.0,0.0,0.0,7.0,22.0,0.0,0.0,0.0,0.0,0.0,0.0,0.0,0.0,0.0,0.0,0.0,0.0,0.0,0.0,0.0,2.0,0.0,0.0,0.0,0.0,8.0,0.0,0.0,0.0,0.0,0.0,1.0,0.0,3.0,5.0,5.0,6.0,0.0,0.0,5.0,8.0,0.0,0.0,0.0,0.0,0.0,0.0,0.0,0.0,0.0,0.0,0.0,0.0,0.0,0.0,0.0,0.0,0.0,0.0,0.0,0.0,1.0,0.0,0.0,0.0,0.0,0.0,1.0,0.0,2.0,5.0,3.0,8387086448.0,-1.0,汕尾市城区,汕尾市城区田墘街道,12.0,19.3,0.0,2.5,33.8,53.54,46.851851851851855,56.92664596273291
广东省,汕尾市,城区,东洲街道,115.527063,22.71304,8.0,0.0,0.0,6.0,35.0,8.0,0.0,0.0,0.0,0.0,0.0,0.0,0.0,0.0,0.0,0.0,0.0,0.0,0.0,0.0,6.0,0.0,1.0,0.0,0.0,8.0,0.0,0.0,0.0,5.0,0.0,4.0,0.0,3.0,6.0,11.0,8.0,0.0,0.0,5.0,2.0,0.0,0.0,0.0,0.0,0.0,0.0,0.0,0.0,0.0,0.0,0.0,0.0,0.0,0.0,0.0,1.0,0.0,0.0,0.0,0.0,5.0,0.0,0.0,0.0,0.0,0.0,0.0,0.0,1.0,4.0,2.0,8387086447.0,-1.0,汕尾市城区,汕尾市城区东洲街道,12.0,20.6,0.0,4.5,37.1,53.54,46.851851851851855,56.92664596273291
广东省,汕尾市,城区,遮浪街道,115.363803,22.777305,0.0,18.0,45.0,41.0,82.0,22.0,6.0,69.0,12.0,6.0,1.0,6.0,3.0,4.0,18.0,18.0,0.0,0.0,0.0,8.0,23.0,3.0,2.0,0.0,5.0,6.0,101.0,0.0,2.0,5.0,0.0,21.0,12.0,7.0,17.0,25.0,0.0,4.0,12.0,17.0,32.0,0.0,0.0,4.0,0.0,0.0,0.0,0.0,0.0,0.0,3.0,3.0,0.0,0.0,0.0,3.0,12.0,1.0,0.0,0.0,1.0,2.0,11.0,0.0,0.0,0.0,0.0,6.0,0.0,2.0,7.0,8.0,-1.0,-1.0,汕尾市城区,汕尾市城区遮浪街道,5.0,30.0,13.0,15.700000000000001,63.7,53.54,46.851851851851855,56.92664596273291
广东省,汕尾市,城区,马宫街道,115.2382622,22.7895048,0.0,0.0,0.0,1.0,17.0,10.0,0.0,0.0,0.0,0.0,0.0,0.0,0.0,0.0,1.0,1.0,0.0,0.0,0.0,0.0,0.0,0.0,0.0,0.0,0.0,2.0,1.0,0.0,0.0,3.0,0.0,0.0,0.0,7.0,4.0,8.0,0.0,0.0,0.0,1.0,11.0,8.0,0.0,0.0,0.0,0.0,0.0,0.0,0.0,0.0,1.0,1.0,0.0,0.0,0.0,0.0,0.0,0.0,0.0,0.0,0.0,1.0,0.0,0.0,0.0,3.0,0.0,0.0,0.0,2.0,4.0,7.0,369490915.0,-1.0,汕尾市城区,汕尾市城区马宫街道,9.0,9.7,5.0,4.7,28.4,53.54,46.851851851851855,56.92664596273291
广东省,汕尾市,城区,红草镇,115.3481947,22.8409788,20.0,13.0,0.0,8.0,75.0,17.0,0.0,55.0,0.0,0.0,1.0,1.0,1.0,1.0,3.0,3.0,2.0,0.0,0.0,2.0,1.0,0.0,6.0,0.0,6.0,10.0,28.0,0.0,0.0,1.0,0.0,7.0,1.0,5.0,14.0,14.0,13.0,6.0,0.0,3.0,29.0,3.0,0.0,32.0,0.0,0.0,1.0,1.0,0.0,0.0,1.0,1.0,1.0,0.0,0.0,0.0,0.0,0.0,2.0,0.0,4.0,4.0,12.0,0.0,0.0,0.0,0.0,7.0,0.0,2.0,13.0,10.0,3463532962.0,-1.0,汕尾市城区,汕尾市城区红草镇,12.0,26.0,15.0,8.100000000000001,61.1,53.54,46.851851851851855,56.92664596273291
广东省,汕尾市,城区,东涌镇,115.4157985,22.795717,10.0,17.0,26.0,46.0,89.0,41.0,1.0,97.0,5.0,6.0,0.0,0.0,2.0,2.0,6.0,7.0,0.0,0.0,0.0,1.0,11.0,2.0,1.0,0.0,5.0,5.0,50.0,3.0,1.0,4.0,0.0,22.0,2.0,4.0,21.0,17.0,2.0,7.0,6.0,13.0,18.0,14.0,0.0,48.0,0.0,0.0,0.0,0.0,1.0,1.0,4.0,4.0,0.0,0.0,0.0,1.0,6.0,0.0,0.0,0.0,1.0,2.0,2.0,0.0,0.0,0.0,0.0,7.0,0.0,1.0,15.0,9.0,3463537070.0,-1.0,汕尾市城区,汕尾市城区东涌镇,12.0,28.0,11.0,9.600000000000001,60.6,53.54,46.851851851851855,56.92664596273291
广东省,汕尾市,城区,捷胜镇,115.4493666,22.7195449,2.0,0.0,5.0,3.0,51.0,2.0,0.0,3.0,0.0,0.0,0.0,0.0,0.0,0.0,1.0,1.0,0.0,0.0,0.0,1.0,4.0,0.0,4.0,0.0,0.0,14.0,1.0,0.0,0.0,1.0,0.0,3.0,0.0,2.0,9.0,9.0,0.0,0.0,1.0,1.0,18.0,0.0,0.0,1.0,0.0,0.0,0.0,0.0,0.0,0.0,0.0,0.0,0.0,0.0,0.0,0.0,1.0,0.0,0.0,0.0,0.0,7.0,0.0,0.0,0.0,1.0,0.0,0.0,0.0,1.0,5.0,5.0,369490907.0,-1.0,汕尾市城区,汕尾市城区捷胜镇,12.0,24.0,0.0,4.3,40.3,53.54,46.851851851851855,56.92664596273291
广东省,汕尾市,海丰县,梅陇镇,115.2147013,22.9003666,7.0,0.0,6.0,14.0,64.0,1.0,0.0,0.0,1.0,0.0,0.0,0.0,0.0,0.0,0.0,0.0,0.0,0.0,0.0,0.0,5.0,0.0,0.0,0.0,0.0,8.0,19.0,0.0,0.0,1.0,0.0,0.0,0.0,3.0,8.0,5.0,3.0,0.0,0.0,4.0,14.0,1.0,0.0,0.0,1.0,0.0,0.0,0.0,0.0,0.0,0.0,0.0,0.0,0.0,0.0,0.0,1.0,0.0,0.0,0.0,0.0,1.0,0.0,0.0,0.0,0.0,0.0,0.0,0.0,3.0,5.0,3.0,5634001616.0,-1.0,汕尾市海丰县,汕尾市海丰县梅陇镇,12.0,26.0,0.0,4.5,42.5,50.0875,46.851851851851855,56.92664596273291
广东省,汕尾市,海丰县,小漠镇,115.0333784,22.7774479,0.0,12.0,2.0,13.0,26.0,19.0,0.0,0.0,0.0,0.0,0.0,0.0,0.0,0.0,1.0,1.0,0.0,0.0,0.0,0.0,2.0,0.0,2.0,0.0,1.0,11.0,29.0,0.0,0.0,10.0,0.0,6.0,0.0,6.0,7.0,13.0,0.0,3.0,0.0,5.0,9.0,0.0,0.0,0.0,0.0,0.0,0.0,0.0,0.0,0.0,0.0,0.0,0.0,0.0,0.0,0.0,0.0,0.0,0.0,0.0,0.0,3.0,0.0,0.0,0.0,0.0,0.0,0.0,0.0,2.0,5.0,5.0,8384852903.0,19451184.0,汕尾市海丰县,汕尾市海丰县小漠镇,20.0,21.4,0.0,7.9,49.3,50.0875,46.851851851851855,56.92664596273291
广东省,汕尾市,海丰县,鹅埠镇,114.9990731,22.8282715,14.0,37.0,6.0,58.0,25.0,13.0,0.0,9.0,16.0,0.0,1.0,1.0,1.0,1.0,1.0,1.0,0.0,0.0,2.0,2.0,8.0,11.0,25.0,2.0,11.0,9.0,252.0,0.0,25.0,1.0,40.0,22.0,0.0,13.0,24.0,14.0,0.0,0.0,0.0,20.0,0.0,1.0,0.0,0.0,0.0,0.0,0.0,0.0,0.0,0.0,1.0,1.0,0.0,0.0,0.0,0.0,2.0,2.0,0.0,0.0,1.0,1.0,26.0,0.0,13.0,0.0,15.0,0.0,0.0,2.0,8.0,6.0,5601068653.0,-1.0,汕尾市海丰县,汕尾市海丰县鹅埠镇,12.0,23.0,10.0,20.0,65.0,50.0875,46.851851851851855,56.92664596273291
广东省,汕尾市,海丰县,赤石镇,115.0685741,22.8772486,0.0,20.0,2.0,29.0,38.0,1.0,0.0,0.0,1.0,0.0,0.0,0.0,0.0,0.0,3.0,3.0,0.0,0.0,0.0,0.0,4.0,0.0,0.0,0.0,1.0,15.0,137.0,0.0,0.0,6.0,0.0,5.0,0.0,4.0,9.0,8.0,0.0,4.0,0.0,11.0,12.0,0.0,0.0,0.0,0.0,0.0,0.0,0.0,0.0,0.0,1.0,1.0,0.0,0.0,0.0,0.0,2.0,0.0,0.0,0.0,1.0,1.0,128.0,0.0,0.0,2.0,0.0,5.0,0.0,3.0,5.0,7.0,6857108121.0,19451185.0,汕尾市海丰县,汕尾市海丰县赤石镇,20.0,26.0,5.0,20.0,71.0,50.0875,46.851851851851855,56.92664596273291
广东省,汕尾市,海丰县,鮜门镇,115.1576075,22.8144943,11.0,0.0,0.0,8.0,33.0,1.0,0.0,0.0,0.0,0.0,1.0,0.0,0.0,0.0,1.0,1.0,0.0,0.0,0.0,0.0,1.0,0.0,1.0,0.0,1.0,5.0,2.0,0.0,0.0,4.0,0.0,0.0,0.0,9.0,7.0,10.0,6.0,0.0,0.0,5.0,16.0,1.0,0.0,0.0,0.0,0.0,0.0,0.0,0.0,0.0,1.0,1.0,0.0,0.0,0.0,0.0,0.0,0.0,0.0,0.0,0.0,4.0,0.0,0.0,0.0,0.0,0.0,0.0,0.0,4.0,5.0,6.0,8384852902.0,-1.0,汕尾市海丰县,汕尾市海丰县鮜门镇,12.0,25.5,5.0,4.6,47.1,50.0875,46.851851851851855,56.92664596273291
广东省,汕尾市,海丰县,联安镇,115.2931341,22.9158684,1.0,0.0,7.0,19.0,73.0,5.0,0.0,19.0,0.0,0.0,0.0,1.0,0.0,0.0,2.0,2.0,0.0,0.0,0.0,0.0,0.0,0.0,0.0,0.0,0.0,13.0,1.0,0.0,0.0,0.0,0.0,0.0,1.0,6.0,9.0,6.0,0.0,0.0,6.0,1.0,21.0,0.0,0.0,12.0,0.0,0.0,0.0,1.0,0.0,0.0,1.0,1.0,0.0,0.0,0.0,0.0,0.0,0.0,0.0,0.0,0.0,2.0,1.0,0.0,0.0,0.0,0.0,0.0,1.0,2.0,7.0,3.0,8349561381.0,-1.0,汕尾市海丰县,汕尾市海丰县联安镇,12.0,24.0,10.0,3.2,49.2,50.0875,46.851851851851855,56.92664596273291
广东省,汕尾市,海丰县,陶河镇,115.3930087,22.8990782,0.0,0.0,4.0,6.0,50.0,6.0,0.0,0.0,0.0,0.0,0.0,0.0,0.0,0.0,0.0,0.0,0.0,0.0,0.0,0.0,4.0,0.0,1.0,0.0,0.0,9.0,1.0,0.0,0.0,0.0,0.0,0.0,0.0,1.0,6.0,7.0,0.0,0.0,2.0,4.0,19.0,0.0,0.0,0.0,0.0,0.0,0.0,0.0,0.0,0.0,0.0,0.0,0.0,0.0,0.0,0.0,3.0,0.0,1.0,0.0,0.0,2.0,0.0,0.0,0.0,0.0,0.0,0.0,0.0,1.0,4.0,5.0,3463532964.0,-1.0,汕尾市海丰县,汕尾市海丰县陶河镇,12.0,23.0,0.0,3.6,38.6,50.0875,46.851851851851855,56.92664596273291
广东省,汕尾市,海丰县,赤坑镇,115.4578599,22.8545469,0.0,7.0,2.0,9.0,42.0,0.0,0.0,0.0,0.0,0.0,0.0,0.0,0.0,0.0,0.0,0.0,0.0,0.0,0.0,0.0,3.0,0.0,1.0,0.0,0.0,8.0,1.0,0.0,0.0,0.0,0.0,0.0,0.0,2.0,6.0,6.0,0.0,4.0,1.0,6.0,4.0,0.0,0.0,0.0,0.0,0.0,0.0,0.0,0.0,0.0,0.0,0.0,0.0,0.0,0.0,0.0,2.0,0.0,0.0,0.0,0.0,4.0,0.0,0.0,0.0,0.0,0.0,0.0,0.0,1.0,4.0,3.0,3463532961.0,-1.0,汕尾市海丰县,汕尾市海丰县赤坑镇,12.0,22.6,0.0,3.1,37.7,50.0875,46.851851851851855,56.92664596273291
广东省,汕尾市,海丰县,大湖镇,115.5599786,22.8341584,0.0,0.0,5.0,1.0,9.0,2.0,0.0,0.0,0.0,1.0,0.0,0.0,0.0,0.0,0.0,0.0,0.0,0.0,0.0,0.0,0.0,0.0,0.0,0.0,0.0,5.0,0.0,0.0,0.0,0.0,0.0,0.0,0.0,6.0,4.0,7.0,0.0,0.0,3.0,0.0,3.0,2.0,0.0,0.0,0.0,1.0,0.0,0.0,0.0,0.0,0.0,0.0,0.0,0.0,0.0,0.0,0.0,0.0,0.0,0.0,0.0,2.0,0.0,0.0,0.0,0.0,0.0,0.0,0.0,1.0,3.0,3.0,8384852904.0,-1.0,汕尾市海丰县,汕尾市海丰县大湖镇,12.0,12.7,0.0,3.5,28.2,50.0875,46.851851851851855,56.92664596273291
广东省,汕尾市,海丰县,可塘镇,115.4618013,22.9568231,7.0,3.0,0.0,18.0,49.0,3.0,0.0,0.0,0.0,0.0,0.0,0.0,0.0,0.0,1.0,1.0,0.0,0.0,0.0,0.0,1.0,0.0,1.0,0.0,0.0,9.0,40.0,0.0,0.0,1.0,0.0,0.0,0.0,6.0,10.0,7.0,1.0,3.0,0.0,0.0,5.0,0.0,0.0,0.0,0.0,0.0,0.0,0.0,0.0,0.0,0.0,0.0,0.0,0.0,0.0,0.0,1.0,0.0,0.0,0.0,0.0,4.0,0.0,0.0,0.0,0.0,0.0,0.0,0.0,3.0,4.0,2.0,3463532963.0,-1.0,汕尾市海丰县,汕尾市海丰县可塘镇,12.0,24.0,0.0,7.6000000000000005,43.6,50.0875,46.851851851851855,56.92664596273291
广东省,汕尾市,海丰县,黄羌镇,115.415725,23.155919,0.0,4.0,0.0,28.0,1.0,0.0,0.0,0.0,0.0,0.0,0.0,0.0,0.0,0.0,0.0,0.0,0.0,0.0,0.0,0.0,3.0,0.0,0.0,0.0,0.0,13.0,0.0,0.0,0.0,0.0,0.0,0.0,0.0,3.0,3.0,4.0,0.0,4.0,0.0,8.0,0.0,0.0,0.0,0.0,0.0,0.0,0.0,0.0,0.0,0.0,0.0,0.0,0.0,0.0,0.0,0.0,3.0,0.0,0.0,0.0,0.0,1.0,0.0,0.0,0.0,0.0,0.0,0.0,0.0,2.0,2.0,3.0,1779675431.0,-1.0,汕尾市海丰县,汕尾市海丰县黄羌镇,12.0,11.7,0.0,2.0,25.7,50.0875,46.851851851851855,56.92664596273291
广东省,汕尾市,海丰县,平东镇,115.4773235,23.1013293,1.0,3.0,0.0,12.0,40.0,8.0,0.0,0.0,0.0,0.0,0.0,2.0,1.0,1.0,2.0,2.0,1.0,0.0,0.0,0.0,13.0,2.0,0.0,0.0,0.0,13.0,1.0,0.0,0.0,0.0,0.0,0.0,0.0,5.0,7.0,5.0,1.0,3.0,0.0,7.0,29.0,5.0,0.0,0.0,0.0,0.0,0.0,1.0,1.0,1.0,2.0,2.0,1.0,0.0,0.0,0.0,8.0,1.0,0.0,0.0,0.0,5.0,1.0,0.0,0.0,0.0,0.0,0.0,0.0,2.0,6.0,5.0,4455429015.0,-1.0,汕尾市海丰县,汕尾市海丰县平东镇,12.0,23.5,20.0,2.7,58.2,50.0875,46.851851851851855,56.92664596273291
广东省,汕尾市,海丰县,海城镇,115.3185117,22.9660505,20.0,15.0,21.0,24.0,204.0,8.0,0.0,20.0,3.0,0.0,2.0,2.0,2.0,2.0,17.0,18.0,2.0,0.0,0.0,2.0,17.0,1.0,0.0,0.0,4.0,9.0,61.0,0.0,0.0,0.0,1.0,10.0,4.0,6.0,14.0,12.0,0.0,6.0,7.0,5.0,38.0,0.0,0.0,0.0,1.0,0.0,0.0,1.0,1.0,1.0,3.0,3.0,1.0,0.0,0.0,1.0,3.0,0.0,0.0,0.0,0.0,3.0,6.0,0.0,0.0,0.0,1.0,1.0,0.0,2.0,4.0,4.0,8384852906.0,-1.0,汕尾市海丰县,汕尾市海丰县海城镇,12.0,28.0,21.0,10.7,71.7,50.0875,46.851851851851855,56.92664596273291
广东省,汕尾市,海丰县,公平镇,115.390453,23.061664,14.0,0.0,8.0,25.0,34.0,0.0,0.0,0.0,0.0,0.0,0.0,1.0,0.0,0.0,0.0,0.0,0.0,0.0,0.0,0.0,5.0,0.0,0.0,0.0,0.0,18.0,0.0,0.0,0.0,0.0,0.0,1.0,0.0,3.0,5.0,5.0,4.0,0.0,7.0,8.0,27.0,0.0,0.0,0.0,0.0,0.0,0.0,0.0,0.0,0.0,0.0,0.0,0.0,0.0,0.0,0.0,4.0,0.0,0.0,0.0,0.0,6.0,0.0,0.0,0.0,0.0,0.0,1.0,0.0,2.0,5.0,3.0,1779675372.0,-1.0,汕尾市海丰县,汕尾市海丰县公平镇,12.0,22.5,5.0,2.5,42.0,50.0875,46.851851851851855,56.92664596273291
广东省,汕尾市,海丰县,附城镇,115.3301595,22.9603594,24.0,15.0,19.0,27.0,221.0,12.0,0.0,28.0,3.0,0.0,2.0,2.0,3.0,3.0,17.0,18.0,2.0,0.0,0.0,2.0,18.0,1.0,0.0,0.0,4.0,15.0,58.0,0.0,0.0,0.0,1.0,10.0,4.0,6.0,14.0,10.0,6.0,0.0,6.0,5.0,42.0,5.0,0.0,0.0,2.0,0.0,2.0,0.0,1.0,1.0,5.0,5.0,1.0,0.0,0.0,1.0,3.0,0.0,0.0,0.0,1.0,2.0,9.0,0.0,0.0,0.0,0.0,0.0,1.0,3.0,7.0,5.0,8384852905.0,-1.0,汕尾市海丰县,汕尾市海丰县附城镇,12.0,28.0,21.0,10.7,71.7,50.0875,46.851851851851855,56.92664596273291
广东省,汕尾市,海丰县,城东镇,115.3465746,22.9776463,24.0,20.0,21.0,30.0,269.0,21.0,0.0,4.0,2.0,0.0,0.0,1.0,4.0,4.0,19.0,21.0,2.0,0.0,0.0,0.0,18.0,2.0,1.0,0.0,5.0,12.0,28.0,0.0,0.0,0.0,0.0,9.0,3.0,4.0,12.0,10.0,6.0,6.0,2.0,5.0,39.0,5.0,0.0,0.0,0.0,0.0,0.0,0.0,1.0,1.0,4.0,4.0,0.0,0.0,0.0,0.0,2.0,1.0,0.0,0.0,0.0,2.0,1.0,0.0,0.0,0.0,0.0,0.0,1.0,1.0,9.0,5.0,8384852901.0,-1.0,汕尾市海丰县,汕尾市海丰县城东镇,12.0,26.0,15.0,6.9,59.9,50.0875,46.851851851851855,56.92664596273291
广东省,汕尾市,陆河县,河田镇,115.6515148,23.3069291,8.0,13.0,28.0,54.0,226.0,41.0,0.0,0.0,0.0,1.0,1.0,10.0,1.0,1.0,7.0,9.0,0.0,0.0,0.0,1.0,44.0,2.0,5.0,1.0,0.0,29.0,10.0,0.0,0.0,8.0,0.0,1.0,2.0,2.0,11.0,14.0,0.0,8.0,4.0,23.0,98.0,10.0,0.0,0.0,0.0,0.0,0.0,4.0,0.0,0.0,3.0,4.0,0.0,0.0,0.0,0.0,4.0,2.0,2.0,0.0,0.0,7.0,3.0,0.0,0.0,4.0,0.0,1.0,0.0,2.0,9.0,7.0,687703487.0,-1.0,汕尾市陆河县,汕尾市陆河县河田镇,12.0,28.0,10.0,6.5,56.5,40.85,46.851851851851855,56.92664596273291
广东省,汕尾市,陆河县,水唇镇,115.7210137,23.3228885,4.0,0.0,10.0,21.0,21.0,1.0,0.0,0.0,0.0,0.0,0.0,0.0,0.0,0.0,0.0,0.0,0.0,0.0,0.0,0.0,2.0,0.0,2.0,0.0,1.0,6.0,1.0,0.0,0.0,0.0,0.0,0.0,0.0,4.0,7.0,6.0,4.0,0.0,1.0,15.0,18.0,0.0,0.0,0.0,0.0,0.0,0.0,0.0,0.0,0.0,0.0,0.0,0.0,0.0,0.0,0.0,0.0,0.0,0.0,0.0,0.0,2.0,0.0,0.0,0.0,0.0,0.0,0.0,0.0,2.0,4.0,3.0,1780357931.0,12266683.0,汕尾市陆河县,汕尾市陆河县水唇镇,20.0,23.1,0.0,3.1,46.2,40.85,46.851851851851855,56.92664596273291
广东省,汕尾市,陆河县,河口镇,115.6013326,23.1796017,12.0,7.0,0.0,9.0,19.0,2.0,0.0,0.0,0.0,0.0,0.0,0.0,0.0,0.0,0.0,0.0,0.0,0.0,0.0,0.0,6.0,0.0,2.0,0.0,0.0,9.0,2.0,0.0,0.0,1.0,0.0,0.0,0.0,1.0,9.0,5.0,8.0,5.0,0.0,3.0,4.0,0.0,0.0,0.0,0.0,0.0,0.0,0.0,0.0,0.0,0.0,0.0,0.0,0.0,0.0,0.0,3.0,0.0,0.0,0.0,0.0,3.0,1.0,0.0,0.0,1.0,0.0,0.0,0.0,1.0,6.0,4.0,2503148573.0,-1.0,汕尾市陆河县,汕尾市陆河县河口镇,12.0,19.0,0.0,3.0,34.0,40.85,46.851851851851855,56.92664596273291
广东省,汕尾市,陆河县,新田镇,115.5490933,23.185645,6.0,0.0,3.0,16.0,20.0,4.0,0.0,0.0,0.0,0.0,0.0,1.0,0.0,0.0,1.0,1.0,0.0,0.0,0.0,0.0,5.0,0.0,0.0,0.0,0.0,7.0,4.0,0.0,0.0,1.0,0.0,1.0,1.0,3.0,11.0,7.0,6.0,0.0,1.0,10.0,5.0,0.0,0.0,0.0,0.0,0.0,0.0,0.0,0.0,0.0,0.0,0.0,0.0,0.0,0.0,0.0,3.0,0.0,0.0,0.0,0.0,3.0,0.0,0.0,0.0,0.0,0.0,0.0,0.0,3.0,6.0,4.0,2503148584.0,-1.0,汕尾市陆河县,汕尾市陆河县新田镇,12.0,19.5,5.0,4.0,40.5,40.85,46.851851851851855,56.92664596273291
广东省,汕尾市,陆河县,上护镇,115.5832559,23.2551183,0.0,0.0,4.0,11.0,7.0,0.0,0.0,0.0,0.0,0.0,0.0,0.0,0.0,0.0,0.0,0.0,0.0,0.0,0.0,0.0,4.0,0.0,0.0,0.0,0.0,5.0,0.0,0.0,0.0,0.0,0.0,0.0,0.0,1.0,4.0,4.0,0.0,0.0,4.0,5.0,4.0,0.0,0.0,0.0,0.0,0.0,0.0,0.0,0.0,0.0,0.0,0.0,0.0,0.0,0.0,0.0,4.0,0.0,0.0,0.0,0.0,3.0,0.0,0.0,0.0,0.0,0.0,0.0,0.0,1.0,4.0,4.0,2503148581.0,-1.0,汕尾市陆河县,汕尾市陆河县上护镇,12.0,14.6,0.0,2.0,28.6,40.85,46.851851851851855,56.92664596273291
广东省,汕尾市,陆河县,螺溪镇,115.6196576,23.3859956,0.0,5.0,0.0,16.0,131.0,13.0,0.0,0.0,0.0,0.0,0.0,7.0,0.0,0.0,7.0,8.0,0.0,0.0,0.0,0.0,53.0,1.0,1.0,0.0,0.0,36.0,6.0,0.0,0.0,2.0,0.0,3.0,0.0,1.0,6.0,9.0,0.0,3.0,0.0,4.0,38.0,4.0,0.0,0.0,0.0,0.0,0.0,2.0,0.0,0.0,3.0,4.0,0.0,0.0,0.0,0.0,11.0,1.0,1.0,0.0,0.0,6.0,1.0,0.0,0.0,2.0,0.0,1.0,0.0,1.0,5.0,8.0,8387555351.0,-1.0,汕尾市陆河县,汕尾市陆河县螺溪镇,12.0,23.0,10.0,5.1,50.1,40.85,46.851851851851855,56.92664596273291
广东省,汕尾市,陆河县,东坑镇,115.7010117,23.2938306,13.0,9.0,23.0,9.0,34.0,11.0,0.0,0.0,0.0,0.0,0.0,0.0,0.0,0.0,3.0,4.0,0.0,0.0,0.0,0.0,12.0,0.0,3.0,0.0,2.0,5.0,1.0,0.0,0.0,0.0,0.0,1.0,0.0,5.0,10.0,8.0,3.0,5.0,0.0,2.0,1.0,1.0,0.0,0.0,0.0,0.0,0.0,0.0,0.0,0.0,0.0,0.0,0.0,0.0,0.0,0.0,0.0,0.0,0.0,0.0,1.0,1.0,0.0,0.0,0.0,0.0,0.0,0.0,0.0,5.0,6.0,3.0,2503621522.0,-1.0,汕尾市陆河县,汕尾市陆河县东坑镇,12.0,21.1,0.0,4.1,37.2,40.85,46.851851851851855,56.92664596273291
广东省,汕尾市,陆河县,南万镇,115.516692,23.3567934,0.0,3.0,0.0,0.0,21.0,2.0,0.0,3.0,0.0,0.0,0.0,1.0,0.0,0.0,0.0,0.0,0.0,0.0,0.0,0.0,4.0,0.0,0.0,0.0,0.0,6.0,0.0,0.0,0.0,0.0,0.0,0.0,0.0,1.0,5.0,4.0,0.0,3.0,0.0,0.0,10.0,0.0,0.0,3.0,0.0,0.0,0.0,0.0,0.0,0.0,0.0,0.0,0.0,0.0,0.0,0.0,0.0,0.0,0.0,0.0,0.0,2.0,0.0,0.0,0.0,0.0,0.0,0.0,0.0,1.0,3.0,2.0,2503148577.0,-1.0,汕尾市陆河县,汕尾市陆河县南万镇,12.0,14.7,5.0,2.0,33.7,40.85,46.851851851851855,56.92664596273291
广东省,汕尾市,陆丰市,东海街道,115.6355727,22.943985,18.0,11.0,25.0,31.0,169.0,30.0,0.0,15.0,0.0,3.0,2.0,2.0,2.0,2.0,7.0,9.0,0.0,0.0,0.0,1.0,10.0,1.0,1.0,0.0,0.0,11.0,101.0,0.0,0.0,5.0,13.0,47.0,2.0,6.0,18.0,13.0,2.0,0.0,8.0,10.0,59.0,0.0,0.0,0.0,0.0,0.0,0.0,0.0,0.0,0.0,0.0,0.0,0.0,0.0,0.0,0.0,0.0,0.0,0.0,0.0,0.0,4.0,0.0,0.0,0.0,2.0,0.0,0.0,0.0,3.0,4.0,2.0,8387714568.0,-1.0,汕尾市陆丰市,汕尾市陆丰市东海街道,12.0,28.0,5.0,14.8,59.8,43.32,46.851851851851855,56.92664596273291
广东省,汕尾市,陆丰市,河西街道,115.6022737,22.9568555,9.0,2.0,12.0,20.0,75.0,10.0,0.0,1.0,0.0,0.0,0.0,3.0,0.0,0.0,1.0,1.0,0.0,0.0,0.0,1.0,9.0,1.0,0.0,0.0,0.0,15.0,94.0,0.0,0.0,0.0,2.0,4.0,0.0,4.0,14.0,7.0,1.0,0.0,2.0,0.0,7.0,1.0,0.0,0.0,0.0,0.0,0.0,2.0,0.0,0.0,0.0,0.0,0.0,0.0,0.0,1.0,1.0,1.0,0.0,0.0,0.0,3.0,0.0,0.0,0.0,0.0,1.0,0.0,0.0,4.0,7.0,3.0,8387714572.0,-1.0,汕尾市陆丰市,汕尾市陆丰市河西街道,12.0,24.0,6.0,12.9,54.9,43.32,46.851851851851855,56.92664596273291
广东省,汕尾市,陆丰市,城东街道,115.655933,22.9490545,14.0,17.0,15.0,25.0,162.0,43.0,0.0,32.0,0.0,10.0,4.0,1.0,2.0,2.0,7.0,9.0,0.0,0.0,0.0,3.0,10.0,1.0,1.0,0.0,1.0,10.0,148.0,0.0,0.0,6.0,12.0,64.0,2.0,6.0,18.0,14.0,7.0,2.0,1.0,3.0,28.0,7.0,0.0,10.0,0.0,0.0,1.0,0.0,0.0,0.0,1.0,1.0,0.0,0.0,0.0,0.0,3.0,0.0,0.0,0.0,0.0,2.0,27.0,0.0,0.0,0.0,0.0,8.0,1.0,2.0,12.0,9.0,8387714567.0,-1.0,汕尾市陆丰市,汕尾市陆丰市城东街道,12.0,28.0,10.0,20.0,70.0,43.32,46.851851851851855,56.92664596273291
广东省,汕尾市,陆丰市,甲子镇,116.056654,22.8815893,4.0,0.0,4.0,21.0,119.0,12.0,0.0,12.0,0.0,0.0,0.0,0.0,0.0,0.0,7.0,7.0,0.0,0.0,0.0,0.0,18.0,1.0,0.0,0.0,1.0,10.0,1.0,0.0,0.0,9.0,0.0,7.0,1.0,4.0,11.0,8.0,2.0,0.0,0.0,11.0,17.0,3.0,0.0,0.0,0.0,0.0,0.0,0.0,0.0,0.0,2.0,2.0,0.0,0.0,0.0,0.0,3.0,0.0,0.0,0.0,0.0,1.0,0.0,0.0,0.0,0.0,0.0,1.0,0.0,2.0,6.0,4.0,369489937.0,19069269.0,汕尾市陆丰市,汕尾市陆丰市甲子镇,20.0,24.0,5.0,5.0,54.0,43.32,46.851851851851855,56.92664596273291
广东省,汕尾市,陆丰市,碣石镇,115.8259338,22.8199625,6.0,0.0,4.0,17.0,57.0,0.0,0.0,0.0,1.0,0.0,0.0,0.0,0.0,0.0,2.0,2.0,0.0,0.0,0.0,0.0,4.0,0.0,0.0,0.0,2.0,18.0,6.0,0.0,0.0,0.0,2.0,1.0,1.0,3.0,5.0,8.0,0.0,0.0,1.0,4.0,27.0,0.0,0.0,0.0,1.0,0.0,0.0,0.0,0.0,0.0,2.0,2.0,0.0,0.0,0.0,0.0,2.0,0.0,0.0,0.0,0.0,7.0,6.0,0.0,0.0,0.0,2.0,1.0,1.0,2.0,3.0,4.0,8387714562.0,-1.0,汕尾市陆丰市,汕尾市陆丰市碣石镇,12.0,24.5,5.0,5.2,46.7,43.32,46.851851851851855,56.92664596273291
广东省,汕尾市,陆丰市,湖东镇,115.9496755,22.8173646,0.0,1.0,2.0,11.0,34.0,1.0,0.0,6.0,0.0,0.0,0.0,0.0,0.0,0.0,1.0,1.0,0.0,0.0,0.0,0.0,11.0,0.0,1.0,0.0,0.0,10.0,0.0,0.0,0.0,0.0,0.0,3.0,0.0,1.0,8.0,7.0,0.0,1.0,0.0,9.0,19.0,0.0,0.0,0.0,0.0,0.0,0.0,0.0,0.0,0.0,0.0,0.0,0.0,0.0,0.0,0.0,4.0,0.0,0.0,0.0,0.0,1.0,0.0,0.0,0.0,0.0,0.0,0.0,0.0,1.0,5.0,3.0,7649810832.0,-1.0,汕尾市陆丰市,汕尾市陆丰市湖东镇,12.0,24.0,0.0,3.5,39.5,43.32,46.851851851851855,56.92664596273291
广东省,汕尾市,陆丰市,大安镇,115.6277836,23.076366,0.0,3.0,0.0,23.0,25.0,2.0,0.0,0.0,0.0,0.0,0.0,0.0,0.0,0.0,0.0,0.0,0.0,0.0,0.0,0.0,4.0,0.0,0.0,0.0,0.0,14.0,12.0,0.0,0.0,1.0,0.0,0.0,0.0,1.0,7.0,6.0,0.0,3.0,0.0,6.0,6.0,0.0,0.0,0.0,0.0,0.0,0.0,0.0,0.0,0.0,0.0,0.0,0.0,0.0,0.0,0.0,2.0,0.0,0.0,0.0,0.0,3.0,11.0,0.0,0.0,1.0,0.0,0.0,0.0,1.0,4.0,4.0,8387714574.0,-1.0,汕尾市陆丰市,汕尾市陆丰市大安镇,12.0,20.3,0.0,5.5,37.8,43.32,46.851851851851855,56.92664596273291
广东省,汕尾市,陆丰市,博美镇,115.7809595,22.9488949,4.0,1.0,3.0,10.0,5.0,0.0,0.0,0.0,0.0,0.0,0.0,6.0,0.0,0.0,1.0,1.0,0.0,0.0,0.0,0.0,5.0,0.0,0.0,0.0,0.0,16.0,0.0,0.0,0.0,0.0,0.0,0.0,0.0,5.0,7.0,4.0,2.0,1.0,1.0,2.0,1.0,0.0,0.0,0.0,0.0,0.0,0.0,2.0,0.0,0.0,0.0,0.0,0.0,0.0,0.0,0.0,1.0,0.0,0.0,0.0,0.0,3.0,0.0,0.0,0.0,0.0,0.0,0.0,0.0,2.0,5.0,3.0,8387714565.0,-1.0,汕尾市陆丰市,汕尾市陆丰市博美镇,12.0,14.8,5.0,2.0,33.8,43.32,46.851851851851855,56.92664596273291
广东省,汕尾市,陆丰市,内湖镇,115.8343504,22.974515,4.0,6.0,0.0,3.0,5.0,2.0,0.0,0.0,0.0,0.0,0.0,0.0,0.0,0.0,0.0,0.0,0.0,0.0,0.0,0.0,1.0,0.0,0.0,0.0,0.0,10.0,0.0,0.0,0.0,0.0,0.0,0.0,0.0,4.0,9.0,2.0,2.0,4.0,0.0,1.0,4.0,0.0,0.0,0.0,0.0,0.0,0.0,0.0,0.0,0.0,0.0,0.0,0.0,0.0,0.0,0.0,0.0,0.0,0.0,0.0,0.0,2.0,0.0,0.0,0.0,0.0,0.0,0.0,0.0,2.0,5.0,0.0,8387714563.0,-1.0,汕尾市陆丰市,汕尾市陆丰市内湖镇,12.0,14.2,0.0,1.0,27.2,43.32,46.851851851851855,56.92664596273291
广东省,汕尾市,陆丰市,南塘镇,115.9090384,22.9129323,4.0,7.0,2.0,7.0,55.0,0.0,0.0,0.0,1.0,0.0,0.0,0.0,0.0,0.0,0.0,0.0,0.0,0.0,0.0,0.0,1.0,0.0,0.0,0.0,1.0,11.0,0.0,0.0,0.0,0.0,0.0,0.0,0.0,2.0,6.0,2.0,3.0,6.0,2.0,3.0,48.0,0.0,0.0,0.0,0.0,0.0,0.0,0.0,0.0,0.0,0.0,0.0,0.0,0.0,0.0,0.0,1.0,0.0,0.0,0.0,0.0,2.0,0.0,0.0,0.0,0.0,0.0,0.0,0.0,2.0,5.0,1.0,369491234.0,-1.0,汕尾市陆丰市,汕尾市陆丰市南塘镇,12.0,25.0,0.0,1.0,38.0,43.32,46.851851851851855,56.92664596273291
广东省,汕尾市,陆丰市,陂洋镇,115.8413885,23.0309253,0.0,0.0,0.0,0.0,2.0,0.0,0.0,0.0,0.0,0.0,0.0,0.0,0.0,0.0,0.0,0.0,0.0,0.0,0.0,0.0,0.0,0.0,0.0,0.0,0.0,4.0,0.0,0.0,0.0,0.0,0.0,0.0,0.0,2.0,1.0,3.0,0.0,0.0,0.0,0.0,2.0,0.0,0.0,0.0,0.0,0.0,0.0,0.0,0.0,0.0,0.0,0.0,0.0,0.0,0.0,0.0,0.0,0.0,0.0,0.0,0.0,2.0,0.0,0.0,0.0,0.0,0.0,0.0,0.0,1.0,1.0,2.0,8387708290.0,-1.0,汕尾市陆丰市,汕尾市陆丰市陂洋镇,11.0,1.5,0.0,1.5,14.0,43.32,46.851851851851855,56.92664596273291
广东省,汕尾市,陆丰市,八万镇,115.7475455,23.0390461,0.0,2.0,0.0,7.0,39.0,0.0,0.0,1.0,0.0,0.0,0.0,0.0,0.0,0.0,0.0,0.0,0.0,0.0,0.0,0.0,24.0,0.0,0.0,0.0,0.0,5.0,6.0,0.0,0.0,0.0,0.0,2.0,0.0,1.0,6.0,5.0,0.0,2.0,0.0,4.0,19.0,0.0,0.0,0.0,0.0,0.0,0.0,0.0,0.0,0.0,0.0,0.0,0.0,0.0,0.0,0.0,7.0,0.0,0.0,0.0,0.0,3.0,0.0,0.0,0.0,0.0,0.0,0.0,0.0,1.0,4.0,4.0,8387714571.0,-1.0,汕尾市陆丰市,汕尾市陆丰市八万镇,12.0,23.0,0.0,3.1,38.1,43.32,46.851851851851855,56.92664596273291
广东省,汕尾市,陆丰市,金厢镇,115.705431,22.8614211,1.0,0.0,1.0,1.0,29.0,1.0,0.0,0.0,0.0,0.0,0.0,0.0,0.0,0.0,0.0,0.0,0.0,0.0,0.0,0.0,1.0,0.0,0.0,0.0,0.0,4.0,0.0,0.0,0.0,0.0,0.0,2.0,0.0,3.0,7.0,9.0,1.0,0.0,0.0,0.0,13.0,1.0,0.0,0.0,0.0,0.0,0.0,0.0,0.0,0.0,0.0,0.0,0.0,0.0,0.0,0.0,0.0,0.0,0.0,0.0,0.0,2.0,0.0,0.0,0.0,0.0,0.0,0.0,0.0,3.0,3.0,5.0,8387714566.0,18148001.0,汕尾市陆丰市,汕尾市陆丰市金厢镇,19.0,19.200000000000003,0.0,4.0,42.2,43.32,46.851851851851855,56.92664596273291
广东省,汕尾市,陆丰市,潭西镇,115.5481108,22.9351426,3.0,0.0,3.0,15.0,20.0,4.0,0.0,1.0,2.0,0.0,0.0,0.0,0.0,0.0,0.0,0.0,0.0,0.0,0.0,0.0,0.0,0.0,0.0,0.0,0.0,11.0,1.0,0.0,0.0,0.0,0.0,0.0,0.0,4.0,11.0,3.0,0.0,0.0,3.0,2.0,3.0,1.0,0.0,0.0,0.0,0.0,0.0,0.0,0.0,0.0,0.0,0.0,0.0,0.0,0.0,0.0,0.0,0.0,0.0,0.0,0.0,2.0,1.0,0.0,0.0,0.0,0.0,0.0,0.0,2.0,7.0,2.0,8387714570.0,-1.0,汕尾市陆丰市,汕尾市陆丰市潭西镇,12.0,20.9,0.0,1.7,34.6,43.32,46.851851851851855,56.92664596273291
广东省,汕尾市,陆丰市,甲东镇,116.1028883,22.8773521,0.0,0.0,7.0,10.0,106.0,14.0,0.0,3.0,0.0,0.0,0.0,0.0,0.0,0.0,1.0,1.0,0.0,0.0,0.0,0.0,13.0,0.0,1.0,0.0,0.0,8.0,0.0,0.0,0.0,4.0,0.0,6.0,0.0,5.0,7.0,8.0,0.0,0.0,2.0,4.0,22.0,0.0,0.0,0.0,0.0,0.0,0.0,0.0,0.0,0.0,0.0,0.0,0.0,0.0,0.0,0.0,2.0,0.0,0.0,0.0,0.0,2.0,0.0,0.0,0.0,1.0,0.0,0.0,0.0,1.0,3.0,4.0,8387714561.0,19069271.0,汕尾市陆丰市,汕尾市陆丰市甲东镇,20.0,23.5,0.0,4.5,48.0,43.32,46.851851851851855,56.92664596273291
广东省,汕尾市,陆丰市,河东镇,115.648664,22.979556,7.0,11.0,7.0,16.0,102.0,37.0,0.0,28.0,0.0,9.0,4.0,1.0,2.0,2.0,10.0,12.0,0.0,0.0,0.0,2.0,13.0,1.0,1.0,0.0,1.0,10.0,178.0,0.0,0.0,3.0,12.0,74.0,2.0,3.0,17.0,15.0,0.0,2.0,0.0,1.0,14.0,0.0,0.0,0.0,0.0,0.0,0.0,0.0,0.0,0.0,1.0,1.0,0.0,0.0,0.0,0.0,0.0,0.0,0.0,0.0,0.0,2.0,0.0,0.0,0.0,0.0,0.0,1.0,0.0,1.0,4.0,4.0,8387714573.0,-1.0,汕尾市陆丰市,汕尾市陆丰市河东镇,12.0,28.0,10.0,20.0,70.0,43.32,46.851851851851855,56.92664596273291
广东省,汕尾市,陆丰市,上英镇,115.5602828,22.884273,0.0,0.0,1.0,2.0,15.0,0.0,0.0,0.0,0.0,0.0,0.0,0.0,0.0,0.0,0.0,0.0,0.0,0.0,0.0,0.0,3.0,0.0,0.0,0.0,0.0,6.0,0.0,0.0,0.0,0.0,0.0,0.0,0.0,2.0,4.0,3.0,0.0,0.0,1.0,0.0,4.0,0.0,0.0,0.0,0.0,0.0,0.0,0.0,0.0,0.0,0.0,0.0,0.0,0.0,0.0,0.0,0.0,0.0,0.0,0.0,0.0,1.0,0.0,0.0,0.0,0.0,0.0,0.0,0.0,1.0,2.0,0.0,8387714569.0,-1.0,汕尾市陆丰市,汕尾市陆丰市上英镇,12.0,13.2,0.0,1.5,26.7,43.32,46.851851851851855,56.92664596273291
广东省,汕尾市,陆丰市,桥冲镇,115.7842754,22.9231988,2.0,1.0,4.0,8.0,3.0,0.0,0.0,0.0,0.0,0.0,0.0,5.0,0.0,0.0,1.0,1.0,0.0,0.0,0.0,0.0,3.0,0.0,0.0,0.0,0.0,15.0,0.0,0.0,0.0,0.0,0.0,0.0,0.0,3.0,6.0,4.0,0.0,0.0,4.0,1.0,0.0,0.0,0.0,0.0,0.0,0.0,0.0,0.0,0.0,0.0,0.0,0.0,0.0,0.0,0.0,0.0,0.0,0.0,0.0,0.0,0.0,1.0,0.0,0.0,0.0,0.0,0.0,0.0,0.0,1.0,2.0,2.0,8387714564.0,-1.0,汕尾市陆丰市,汕尾市陆丰市桥冲镇,12.0,13.6,5.0,2.0,32.6,43.32,46.851851851851855,56.92664596273291
广东省,汕尾市,陆丰市,甲西镇,116.060686,22.8716676,4.0,0.0,5.0,23.0,122.0,14.0,0.0,7.0,0.0,0.0,0.0,0.0,0.0,0.0,6.0,6.0,0.0,0.0,0.0,0.0,19.0,1.0,0.0,0.0,1.0,9.0,1.0,0.0,0.0,8.0,0.0,6.0,0.0,4.0,11.0,9.0,1.0,0.0,0.0,8.0,29.0,1.0,0.0,0.0,0.0,0.0,0.0,0.0,0.0,0.0,1.0,1.0,0.0,0.0,0.0,0.0,8.0,0.0,0.0,0.0,0.0,3.0,0.0,0.0,0.0,0.0,0.0,0.0,0.0,2.0,6.0,3.0,8387714549.0,19069270.0,汕尾市陆丰市,汕尾市陆丰市甲西镇,20.0,24.0,5.0,4.9,53.9,43.32,46.851851851851855,56.92664596273291
广东省,汕尾市,陆丰市,西南镇,115.546771,23.064511,0.0,0.0,1.0,9.0,21.0,5.0,0.0,0.0,0.0,0.0,0.0,2.0,0.0,0.0,2.0,2.0,0.0,0.0,0.0,0.0,14.0,1.0,0.0,0.0,0.0,14.0,0.0,0.0,0.0,0.0,0.0,0.0,0.0,3.0,5.0,7.0,0.0,0.0,1.0,3.0,8.0,3.0,0.0,0.0,0.0,0.0,0.0,2.0,0.0,0.0,2.0,2.0,0.0,0.0,0.0,0.0,5.0,1.0,0.0,0.0,0.0,7.0,0.0,0.0,0.0,0.0,0.0,0.0,0.0,1.0,5.0,4.0,1779676126.0,-1.0,汕尾市陆丰市,汕尾市陆丰市西南镇,12.0,19.1,10.0,3.5,44.6,43.32,46.851851851851855,56.92664596273291
广东省,河源市,源城区,上城街道,114.6924332,23.738691,22.0,36.0,89.0,158.0,260.0,33.0,0.0,34.0,47.0,7.0,1.0,2.0,1.0,1.0,14.0,14.0,0.0,0.0,0.0,4.0,69.0,3.0,1.0,0.0,3.0,5.0,91.0,0.0,21.0,3.0,3.0,66.0,6.0,16.0,21.0,17.0,8.0,14.0,34.0,34.0,73.0,4.0,0.0,14.0,14.0,0.0,0.0,2.0,1.0,1.0,1.0,1.0,0.0,0.0,0.0,0.0,0.0,1.0,0.0,0.0,0.0,4.0,3.0,0.0,0.0,0.0,0.0,7.0,0.0,8.0,12.0,5.0,8311534535.0,12168226.0,河源市源城区,河源市源城区上城街道,20.0,30.0,15.0,13.700000000000001,78.7,61.1875,33.310891089108914,56.92664596273291
广东省,河源市,源城区,新江街道,114.6871053,23.7381728,22.0,38.0,83.0,152.0,265.0,27.0,0.0,33.0,47.0,6.0,1.0,2.0,1.0,1.0,13.0,13.0,0.0,0.0,0.0,4.0,60.0,3.0,1.0,0.0,1.0,5.0,90.0,0.0,21.0,3.0,3.0,66.0,6.0,16.0,20.0,15.0,13.0,3.0,19.0,38.0,54.0,0.0,0.0,8.0,12.0,0.0,0.0,0.0,1.0,1.0,0.0,0.0,0.0,0.0,0.0,0.0,1.0,0.0,0.0,0.0,0.0,2.0,1.0,0.0,0.0,0.0,0.0,5.0,0.0,6.0,9.0,5.0,8311525929.0,12168224.0,河源市源城区,河源市源城区新江街道,20.0,30.0,10.0,13.4,73.4,61.1875,33.310891089108914,56.92664596273291
广东省,河源市,源城区,东埔街道,114.7041212,23.7567842,26.0,39.0,90.0,215.0,353.0,75.0,1.0,246.0,31.0,30.0,1.0,5.0,1.0,2.0,23.0,29.0,0.0,0.0,1.0,13.0,132.0,5.0,2.0,1.0,9.0,6.0,763.0,2.0,7.0,18.0,12.0,104.0,10.0,14.0,24.0,23.0,0.0,2.0,13.0,38.0,18.0,10.0,0.0,9.0,4.0,2.0,0.0,0.0,0.0,0.0,5.0,5.0,0.0,0.0,1.0,2.0,37.0,1.0,0.0,0.0,1.0,1.0,37.0,0.0,3.0,0.0,0.0,21.0,1.0,1.0,13.0,8.0,8311534533.0,12168225.0,河源市源城区,河源市源城区东埔街道,20.0,30.0,14.0,20.0,84.0,61.1875,33.310891089108914,56.92664596273291
广东省,河源市,源城区,源西街道,114.6668814,23.763666,24.0,22.0,48.0,110.0,200.0,29.0,0.0,9.0,18.0,5.0,1.0,2.0,0.0,0.0,6.0,6.0,0.0,0.0,0.0,1.0,47.0,1.0,2.0,1.0,1.0,2.0,33.0,2.0,3.0,3.0,2.0,19.0,0.0,9.0,19.0,13.0,0.0,7.0,1.0,4.0,8.0,9.0,0.0,0.0,0.0,0.0,0.0,0.0,0.0,0.0,0.0,0.0,0.0,0.0,0.0,0.0,1.0,0.0,0.0,0.0,0.0,1.0,0.0,0.0,0.0,0.0,0.0,0.0,0.0,2.0,11.0,3.0,8311525928.0,12168223.0,河源市源城区,河源市源城区源西街道,17.0,30.0,5.0,7.6,59.6,61.1875,33.310891089108914,56.92664596273291
广东省,河源市,源城区,高埔岗街道,114.6296739,23.6199122,2.0,0.0,4.0,36.0,33.0,3.0,2.0,3.0,1.0,0.0,0.0,0.0,0.0,0.0,0.0,0.0,0.0,0.0,0.0,0.0,0.0,0.0,1.0,0.0,0.0,3.0,8.0,0.0,0.0,3.0,1.0,1.0,1.0,4.0,16.0,6.0,2.0,0.0,0.0,5.0,1.0,0.0,0.0,0.0,0.0,0.0,0.0,0.0,0.0,0.0,0.0,0.0,0.0,0.0,0.0,0.0,0.0,0.0,0.0,0.0,0.0,1.0,0.0,0.0,0.0,0.0,0.0,0.0,0.0,3.0,6.0,0.0,8311501715.0,12168227.0,河源市源城区,河源市源城区高埔岗街道,18.0,22.9,0.0,4.1,45.0,61.1875,33.310891089108914,56.92664596273291
广东省,河源市,源城区,城东街道,114.7181117,23.7230473,4.0,28.0,22.0,47.0,64.0,9.0,0.0,14.0,7.0,1.0,0.0,1.0,0.0,0.0,7.0,7.0,0.0,0.0,0.0,2.0,29.0,1.0,8.0,0.0,15.0,2.0,23.0,0.0,7.0,1.0,1.0,31.0,5.0,11.0,16.0,11.0,0.0,5.0,0.0,5.0,6.0,0.0,0.0,0.0,0.0,0.0,0.0,0.0,0.0,0.0,3.0,3.0,0.0,0.0,0.0,0.0,7.0,0.0,1.0,0.0,1.0,1.0,0.0,0.0,0.0,0.0,0.0,0.0,0.0,1.0,5.0,5.0,8311525927.0,12168222.0,河源市源城区,河源市源城区城东街道,17.0,28.0,10.0,6.4,61.4,61.1875,33.310891089108914,56.92664596273291
广东省,河源市,源城区,源南镇,114.6308834,23.688296,0.0,2.0,0.0,2.0,28.0,8.0,0.0,0.0,0.0,1.0,0.0,0.0,0.0,0.0,0.0,0.0,0.0,0.0,0.0,0.0,1.0,0.0,0.0,0.0,0.0,2.0,0.0,0.0,0.0,0.0,0.0,0.0,0.0,2.0,8.0,4.0,0.0,0.0,0.0,0.0,2.0,0.0,0.0,0.0,0.0,0.0,0.0,0.0,0.0,0.0,0.0,0.0,0.0,0.0,0.0,0.0,0.0,0.0,0.0,0.0,0.0,1.0,0.0,0.0,0.0,0.0,0.0,0.0,0.0,1.0,2.0,0.0,8311534534.0,12168228.0,河源市源城区,河源市源城区源南镇,17.0,19.2,0.0,2.0,38.2,61.1875,33.310891089108914,56.92664596273291
广东省,河源市,源城区,埔前镇,114.6106015,23.5730343,20.0,0.0,7.0,31.0,9.0,0.0,0.0,0.0,3.0,0.0,0.0,0.0,0.0,0.0,2.0,2.0,0.0,0.0,0.0,0.0,1.0,0.0,2.0,0.0,0.0,13.0,5.0,0.0,1.0,21.0,0.0,0.0,0.0,9.0,8.0,4.0,17.0,0.0,7.0,18.0,2.0,0.0,0.0,0.0,3.0,0.0,0.0,0.0,0.0,0.0,1.0,1.0,0.0,0.0,0.0,0.0,0.0,0.0,0.0,0.0,0.0,3.0,2.0,0.0,1.0,10.0,0.0,0.0,0.0,3.0,7.0,1.0,8311534536.0,12168229.0,河源市源城区,河源市源城区埔前镇,20.0,18.4,5.0,5.800000000000001,49.2,61.1875,33.310891089108914,56.92664596273291
广东省,河源市,紫金县,紫城镇,115.1801426,23.6352598,19.0,4.0,6.0,46.0,130.0,2.0,0.0,0.0,0.0,0.0,0.0,0.0,0.0,0.0,1.0,1.0,0.0,0.0,0.0,0.0,3.0,0.0,0.0,0.0,0.0,9.0,28.0,0.0,0.0,1.0,0.0,2.0,0.0,2.0,9.0,8.0,7.0,0.0,0.0,27.0,64.0,0.0,0.0,0.0,0.0,0.0,0.0,0.0,0.0,0.0,0.0,0.0,0.0,0.0,0.0,0.0,2.0,0.0,0.0,0.0,0.0,3.0,10.0,0.0,0.0,0.0,0.0,2.0,0.0,2.0,5.0,5.0,688477924.0,-1.0,河源市紫金县,河源市紫金县紫城镇,12.0,24.0,0.0,7.9,43.9,34.855555555555554,33.310891089108914,56.92664596273291
广东省,河源市,紫金县,龙窝镇,115.2934557,23.4767077,3.0,1.0,3.0,5.0,61.0,1.0,0.0,1.0,0.0,0.0,0.0,0.0,0.0,0.0,0.0,0.0,0.0,0.0,0.0,0.0,5.0,0.0,4.0,0.0,0.0,4.0,1.0,0.0,0.0,0.0,0.0,0.0,0.0,1.0,8.0,4.0,3.0,1.0,0.0,5.0,41.0,0.0,0.0,0.0,0.0,0.0,0.0,0.0,0.0,0.0,0.0,0.0,0.0,0.0,0.0,0.0,4.0,0.0,2.0,0.0,0.0,2.0,0.0,0.0,0.0,0.0,0.0,0.0,0.0,1.0,5.0,4.0,8312550702.0,-1.0,河源市紫金县,河源市紫金县龙窝镇,11.0,24.0,0.0,2.1,37.1,34.855555555555554,33.310891089108914,56.92664596273291
广东省,河源市,紫金县,九和镇,115.0563658,23.4951771,0.0,9.0,3.0,2.0,8.0,7.0,0.0,0.0,0.0,0.0,0.0,1.0,0.0,0.0,2.0,2.0,0.0,0.0,0.0,0.0,15.0,1.0,3.0,0.0,0.0,5.0,3.0,0.0,0.0,2.0,0.0,5.0,0.0,4.0,12.0,7.0,0.0,5.0,3.0,2.0,8.0,1.0,0.0,0.0,0.0,0.0,0.0,1.0,0.0,0.0,2.0,2.0,0.0,0.0,0.0,0.0,10.0,1.0,2.0,0.0,0.0,2.0,1.0,0.0,0.0,2.0,0.0,3.0,0.0,1.0,7.0,7.0,4347089012.0,-1.0,河源市紫金县,河源市紫金县九和镇,12.0,15.0,10.0,4.3,41.3,34.855555555555554,33.310891089108914,56.92664596273291
广东省,河源市,紫金县,上义镇,114.8178405,23.2847124,0.0,4.0,0.0,27.0,0.0,0.0,0.0,0.0,0.0,0.0,0.0,0.0,0.0,0.0,0.0,0.0,0.0,0.0,0.0,0.0,1.0,0.0,0.0,0.0,0.0,3.0,1.0,0.0,0.0,0.0,0.0,0.0,0.0,1.0,2.0,3.0,0.0,3.0,0.0,9.0,0.0,0.0,0.0,0.0,0.0,0.0,0.0,0.0,0.0,0.0,0.0,0.0,0.0,0.0,0.0,0.0,1.0,0.0,0.0,0.0,0.0,2.0,1.0,0.0,0.0,0.0,0.0,0.0,0.0,1.0,2.0,3.0,2488295878.0,-1.0,河源市紫金县,河源市紫金县上义镇,10.0,11.0,0.0,1.7,22.7,34.855555555555554,33.310891089108914,56.92664596273291
广东省,河源市,紫金县,蓝塘镇,114.9290435,23.4162293,0.0,9.0,3.0,21.0,21.0,0.0,0.0,0.0,0.0,0.0,0.0,0.0,0.0,0.0,0.0,0.0,0.0,0.0,0.0,0.0,1.0,0.0,0.0,0.0,0.0,9.0,0.0,0.0,0.0,0.0,0.0,0.0,0.0,2.0,8.0,3.0,0.0,2.0,0.0,14.0,13.0,0.0,0.0,0.0,0.0,0.0,0.0,0.0,0.0,0.0,0.0,0.0,0.0,0.0,0.0,0.0,1.0,0.0,0.0,0.0,0.0,2.0,0.0,0.0,0.0,0.0,0.0,0.0,0.0,1.0,4.0,3.0,4447252086.0,-1.0,河源市紫金县,河源市紫金县蓝塘镇,12.0,22.1,0.0,1.5,35.6,34.855555555555554,33.310891089108914,56.92664596273291
广东省,河源市,紫金县,凤安镇,114.8415903,23.4082737,0.0,4.0,6.0,4.0,10.0,1.0,0.0,0.0,0.0,0.0,1.0,0.0,0.0,0.0,0.0,0.0,0.0,0.0,0.0,0.0,1.0,0.0,0.0,0.0,0.0,7.0,0.0,0.0,0.0,0.0,0.0,0.0,0.0,2.0,11.0,5.0,0.0,0.0,2.0,1.0,8.0,0.0,0.0,0.0,0.0,0.0,0.0,0.0,0.0,0.0,0.0,0.0,0.0,0.0,0.0,0.0,0.0,0.0,0.0,0.0,0.0,1.0,0.0,0.0,0.0,0.0,0.0,0.0,0.0,1.0,4.0,0.0,4347421530.0,-1.0,河源市紫金县,河源市紫金县凤安镇,12.0,19.4,0.0,2.5,33.9,34.855555555555554,33.310891089108914,56.92664596273291
广东省,河源市,紫金县,义容镇,114.8278607,23.5220587,0.0,8.0,0.0,22.0,20.0,2.0,0.0,0.0,0.0,0.0,0.0,0.0,0.0,0.0,0.0,0.0,0.0,0.0,0.0,0.0,5.0,1.0,0.0,0.0,0.0,7.0,0.0,0.0,0.0,3.0,0.0,0.0,0.0,4.0,6.0,6.0,0.0,3.0,0.0,9.0,15.0,1.0,0.0,0.0,0.0,0.0,0.0,0.0,0.0,0.0,0.0,0.0,0.0,0.0,0.0,0.0,3.0,1.0,0.0,0.0,0.0,3.0,0.0,0.0,0.0,1.0,0.0,0.0,0.0,2.0,4.0,6.0,4347222849.0,-1.0,河源市紫金县,河源市紫金县义容镇,12.0,21.5,0.0,3.4,36.9,34.855555555555554,33.310891089108914,56.92664596273291
广东省,河源市,紫金县,古竹镇,114.7022728,23.5229599,0.0,7.0,0.0,8.0,59.0,9.0,0.0,0.0,0.0,0.0,0.0,0.0,0.0,0.0,0.0,0.0,0.0,0.0,0.0,0.0,0.0,0.0,4.0,0.0,0.0,9.0,1.0,0.0,0.0,2.0,0.0,0.0,0.0,9.0,9.0,5.0,0.0,3.0,0.0,2.0,23.0,0.0,0.0,0.0,0.0,0.0,0.0,0.0,0.0,0.0,0.0,0.0,0.0,0.0,0.0,0.0,0.0,0.0,0.0,0.0,0.0,2.0,1.0,0.0,0.0,0.0,0.0,0.0,0.0,7.0,4.0,2.0,4347299954.0,-1.0,河源市紫金县,河源市紫金县古竹镇,12.0,24.0,0.0,2.9,38.9,34.855555555555554,33.310891089108914,56.92664596273291
广东省,河源市,紫金县,临江镇,114.6808329,23.6572997,6.0,22.0,13.0,51.0,29.0,5.0,1.0,16.0,0.0,0.0,0.0,0.0,0.0,0.0,2.0,2.0,0.0,0.0,0.0,1.0,7.0,0.0,2.0,0.0,34.0,10.0,4.0,0.0,2.0,4.0,1.0,2.0,0.0,8.0,20.0,8.0,0.0,16.0,9.0,6.0,6.0,1.0,1.0,1.0,0.0,0.0,0.0,0.0,0.0,0.0,0.0,0.0,0.0,0.0,0.0,0.0,1.0,0.0,0.0,0.0,4.0,2.0,0.0,0.0,0.0,1.0,0.0,0.0,0.0,5.0,13.0,4.0,8312550703.0,-1.0,河源市紫金县,河源市紫金县临江镇,12.0,21.6,0.0,4.9,38.5,34.855555555555554,33.310891089108914,56.92664596273291
广东省,河源市,紫金县,柏埔镇,114.8432883,23.7079454,2.0,0.0,0.0,6.0,22.0,0.0,0.0,0.0,0.0,0.0,0.0,0.0,0.0,0.0,0.0,0.0,0.0,0.0,0.0,0.0,0.0,0.0,0.0,0.0,0.0,8.0,0.0,0.0,0.0,0.0,0.0,0.0,0.0,1.0,4.0,3.0,1.0,0.0,0.0,4.0,20.0,0.0,0.0,0.0,0.0,0.0,0.0,0.0,0.0,0.0,0.0,0.0,0.0,0.0,0.0,0.0,0.0,0.0,0.0,0.0,0.0,3.0,0.0,0.0,0.0,0.0,0.0,0.0,0.0,1.0,4.0,3.0,8312550704.0,-1.0,河源市紫金县,河源市紫金县柏埔镇,12.0,22.0,0.0,1.5,35.5,34.855555555555554,33.310891089108914,56.92664596273291
广东省,河源市,紫金县,黄塘镇,114.9845473,23.69413,2.0,0.0,0.0,6.0,0.0,0.0,0.0,0.0,0.0,0.0,0.0,0.0,0.0,0.0,0.0,0.0,0.0,0.0,0.0,0.0,0.0,0.0,0.0,0.0,0.0,3.0,0.0,0.0,0.0,0.0,0.0,0.0,0.0,1.0,2.0,2.0,1.0,0.0,0.0,1.0,0.0,0.0,0.0,0.0,0.0,0.0,0.0,0.0,0.0,0.0,0.0,0.0,0.0,0.0,0.0,0.0,0.0,0.0,0.0,0.0,0.0,1.0,0.0,0.0,0.0,0.0,0.0,0.0,0.0,1.0,2.0,2.0,4347725739.0,-1.0,河源市紫金县,河源市紫金县黄塘镇,10.0,11.0,0.0,1.0,22.0,34.855555555555554,33.310891089108914,56.92664596273291
广东省,河源市,紫金县,敬梓镇,115.4067432,23.6286599,1.0,0.0,1.0,6.0,3.0,0.0,0.0,0.0,0.0,0.0,0.0,0.0,0.0,0.0,0.0,0.0,0.0,0.0,0.0,0.0,1.0,0.0,0.0,0.0,0.0,6.0,0.0,0.0,0.0,0.0,0.0,0.0,0.0,6.0,4.0,3.0,1.0,0.0,0.0,6.0,3.0,0.0,0.0,0.0,0.0,0.0,0.0,0.0,0.0,0.0,0.0,0.0,0.0,0.0,0.0,0.0,1.0,0.0,0.0,0.0,0.0,4.0,0.0,0.0,0.0,0.0,0.0,0.0,0.0,2.0,3.0,3.0,3469110642.0,-1.0,河源市紫金县,河源市紫金县敬梓镇,12.0,13.5,0.0,1.5,27.0,34.855555555555554,33.310891089108914,56.92664596273291
广东省,河源市,紫金县,水墩镇,115.4150337,23.53714,0.0,1.0,4.0,32.0,3.0,1.0,0.0,0.0,0.0,0.0,1.0,0.0,0.0,0.0,0.0,0.0,0.0,0.0,0.0,0.0,3.0,0.0,1.0,0.0,0.0,2.0,1.0,0.0,0.0,0.0,0.0,0.0,0.0,6.0,5.0,4.0,0.0,0.0,3.0,17.0,3.0,1.0,0.0,0.0,0.0,0.0,1.0,0.0,0.0,0.0,0.0,0.0,0.0,0.0,0.0,0.0,3.0,0.0,1.0,0.0,0.0,2.0,1.0,0.0,0.0,0.0,0.0,0.0,0.0,2.0,4.0,4.0,8312550700.0,-1.0,河源市紫金县,河源市紫金县水墩镇,9.0,16.0,0.0,2.2,27.2,34.855555555555554,33.310891089108914,56.92664596273291
广东省,河源市,紫金县,南岭镇,115.4079375,23.3258098,0.0,5.0,2.0,17.0,52.0,9.0,0.0,2.0,0.0,0.0,0.0,2.0,1.0,1.0,1.0,1.0,0.0,0.0,0.0,0.0,22.0,1.0,0.0,0.0,0.0,20.0,3.0,0.0,0.0,0.0,0.0,1.0,0.0,2.0,9.0,8.0,0.0,0.0,2.0,7.0,14.0,1.0,0.0,0.0,0.0,0.0,0.0,2.0,1.0,1.0,1.0,1.0,0.0,0.0,0.0,0.0,9.0,1.0,0.0,0.0,0.0,8.0,2.0,0.0,0.0,0.0,0.0,0.0,0.0,2.0,5.0,5.0,2488295873.0,-1.0,河源市紫金县,河源市紫金县南岭镇,12.0,24.0,15.0,4.5,55.5,34.855555555555554,33.310891089108914,56.92664596273291
广东省,河源市,紫金县,苏区镇,115.3459559,23.3569806,2.0,3.0,0.0,0.0,11.0,4.0,0.0,0.0,0.0,0.0,1.0,0.0,0.0,0.0,0.0,0.0,0.0,0.0,0.0,0.0,3.0,0.0,1.0,1.0,0.0,3.0,1.0,0.0,0.0,2.0,0.0,0.0,0.0,2.0,4.0,6.0,2.0,3.0,0.0,0.0,11.0,3.0,0.0,0.0,0.0,0.0,1.0,0.0,0.0,0.0,0.0,0.0,0.0,0.0,0.0,0.0,3.0,0.0,0.0,1.0,0.0,2.0,1.0,0.0,0.0,2.0,0.0,0.0,0.0,2.0,4.0,4.0,2488295883.0,-1.0,河源市紫金县,河源市紫金县苏区镇,10.0,14.5,0.0,3.6,28.1,34.855555555555554,33.310891089108914,56.92664596273291
广东省,河源市,紫金县,瓦溪镇,115.109707,23.537475,0.0,2.0,0.0,5.0,8.0,8.0,0.0,0.0,0.0,0.0,1.0,0.0,0.0,0.0,2.0,2.0,0.0,0.0,0.0,0.0,7.0,0.0,0.0,0.0,0.0,4.0,2.0,0.0,0.0,4.0,0.0,0.0,0.0,4.0,10.0,7.0,0.0,1.0,0.0,4.0,4.0,1.0,0.0,0.0,0.0,0.0,0.0,0.0,0.0,0.0,2.0,2.0,0.0,0.0,0.0,0.0,6.0,0.0,0.0,0.0,0.0,1.0,0.0,0.0,0.0,1.0,0.0,0.0,0.0,3.0,8.0,5.0,4347089013.0,-1.0,河源市紫金县,河源市紫金县瓦溪镇,11.0,18.8,5.0,4.2,39.0,34.855555555555554,33.310891089108914,56.92664596273291
广东省,河源市,紫金县,好义镇,114.7747999,23.3574291,0.0,8.0,0.0,3.0,17.0,4.0,0.0,0.0,0.0,0.0,0.0,0.0,0.0,0.0,0.0,0.0,0.0,0.0,0.0,0.0,2.0,0.0,4.0,0.0,0.0,6.0,3.0,0.0,0.0,2.0,0.0,0.0,0.0,2.0,7.0,7.0,0.0,2.0,0.0,1.0,6.0,4.0,0.0,0.0,0.0,0.0,0.0,0.0,0.0,0.0,0.0,0.0,0.0,0.0,0.0,0.0,1.0,0.0,3.0,0.0,0.0,4.0,2.0,0.0,0.0,1.0,0.0,0.0,0.0,2.0,7.0,7.0,4347462987.0,-1.0,河源市紫金县,河源市紫金县好义镇,12.0,16.7,0.0,4.3,33.0,34.855555555555554,33.310891089108914,56.92664596273291
广东省,河源市,紫金县,中坝镇,115.3420886,23.7072142,6.0,3.0,0.0,0.0,27.0,0.0,0.0,0.0,0.0,0.0,0.0,0.0,0.0,0.0,0.0,0.0,0.0,0.0,0.0,0.0,1.0,0.0,0.0,0.0,0.0,8.0,0.0,0.0,0.0,0.0,0.0,0.0,0.0,2.0,4.0,3.0,4.0,2.0,0.0,0.0,18.0,0.0,0.0,0.0,0.0,0.0,0.0,0.0,0.0,0.0,0.0,0.0,0.0,0.0,0.0,0.0,1.0,0.0,0.0,0.0,0.0,2.0,0.0,0.0,0.0,0.0,0.0,0.0,0.0,2.0,4.0,3.0,8312550699.0,-1.0,河源市紫金县,河源市紫金县中坝镇,12.0,17.8,0.0,1.5,31.3,34.855555555555554,33.310891089108914,56.92664596273291
广东省,河源市,龙川县,老隆镇,115.2512016,24.1029446,17.0,0.0,25.0,39.0,45.0,12.0,0.0,0.0,2.0,0.0,0.0,0.0,0.0,0.0,5.0,5.0,1.0,0.0,0.0,0.0,5.0,0.0,0.0,0.0,0.0,11.0,9.0,0.0,0.0,0.0,0.0,65.0,0.0,8.0,14.0,7.0,4.0,0.0,1.0,10.0,14.0,0.0,0.0,0.0,0.0,0.0,0.0,0.0,0.0,0.0,1.0,1.0,0.0,0.0,0.0,0.0,0.0,0.0,0.0,0.0,0.0,7.0,0.0,0.0,0.0,0.0,0.0,31.0,0.0,3.0,4.0,4.0,638695879.0,-1.0,河源市龙川县,河源市龙川县老隆镇,12.0,26.0,5.0,4.4,47.4,29.087500000000002,33.310891089108914,56.92664596273291
广东省,河源市,龙川县,义都镇,115.137385,24.157509,0.0,0.0,3.0,4.0,0.0,0.0,0.0,0.0,0.0,0.0,0.0,0.0,0.0,0.0,0.0,0.0,0.0,0.0,0.0,0.0,0.0,0.0,0.0,0.0,0.0,6.0,0.0,0.0,0.0,0.0,0.0,0.0,0.0,5.0,5.0,2.0,0.0,0.0,1.0,0.0,0.0,0.0,0.0,0.0,0.0,0.0,0.0,0.0,0.0,0.0,0.0,0.0,0.0,0.0,0.0,0.0,0.0,0.0,0.0,0.0,0.0,2.0,0.0,0.0,0.0,0.0,0.0,0.0,0.0,3.0,4.0,2.0,2542083811.0,-1.0,河源市龙川县,河源市龙川县义都镇,12.0,11.5,0.0,1.0,24.5,29.087500000000002,33.310891089108914,56.92664596273291
广东省,河源市,龙川县,佗城镇,115.1855972,24.060085,6.0,2.0,6.0,7.0,34.0,8.0,0.0,0.0,5.0,1.0,0.0,0.0,0.0,0.0,1.0,1.0,0.0,0.0,0.0,0.0,0.0,0.0,3.0,0.0,0.0,9.0,22.0,0.0,0.0,1.0,0.0,0.0,1.0,6.0,10.0,7.0,3.0,0.0,2.0,2.0,24.0,7.0,0.0,0.0,0.0,1.0,0.0,0.0,0.0,0.0,1.0,1.0,0.0,0.0,0.0,0.0,0.0,0.0,0.0,0.0,0.0,4.0,18.0,0.0,0.0,0.0,0.0,0.0,1.0,2.0,5.0,3.0,8305011530.0,-1.0,河源市龙川县,河源市龙川县佗城镇,12.0,28.0,5.0,7.6000000000000005,52.6,29.087500000000002,33.310891089108914,56.92664596273291
广东省,河源市,龙川县,鹤市镇,115.359002,24.00851,0.0,12.0,1.0,0.0,30.0,1.0,0.0,0.0,0.0,0.0,0.0,0.0,0.0,0.0,0.0,0.0,0.0,0.0,0.0,0.0,0.0,0.0,1.0,0.0,0.0,10.0,0.0,0.0,0.0,0.0,0.0,0.0,0.0,1.0,5.0,5.0,0.0,7.0,1.0,0.0,23.0,1.0,0.0,0.0,0.0,0.0,0.0,0.0,0.0,0.0,0.0,0.0,0.0,0.0,0.0,0.0,0.0,0.0,1.0,0.0,0.0,5.0,0.0,0.0,0.0,0.0,0.0,0.0,0.0,1.0,5.0,3.0,3466987465.0,-1.0,河源市龙川县,河源市龙川县鹤市镇,12.0,20.4,0.0,2.5,34.9,29.087500000000002,33.310891089108914,56.92664596273291
广东省,河源市,龙川县,黄布镇,115.299942,23.979722,0.0,5.0,0.0,1.0,12.0,0.0,0.0,0.0,0.0,0.0,0.0,0.0,0.0,0.0,0.0,0.0,0.0,0.0,0.0,0.0,2.0,0.0,0.0,0.0,0.0,8.0,0.0,0.0,0.0,0.0,0.0,0.0,0.0,2.0,7.0,6.0,0.0,3.0,0.0,1.0,12.0,0.0,0.0,0.0,0.0,0.0,0.0,0.0,0.0,0.0,0.0,0.0,0.0,0.0,0.0,0.0,2.0,0.0,0.0,0.0,0.0,2.0,0.0,0.0,0.0,0.0,0.0,0.0,0.0,1.0,4.0,3.0,8305011531.0,-1.0,河源市龙川县,河源市龙川县黄布镇,12.0,15.5,0.0,3.0,30.5,29.087500000000002,33.310891089108914,56.92664596273291
广东省,河源市,龙川县,紫市镇,115.3544474,23.9374919,0.0,3.0,0.0,0.0,20.0,1.0,0.0,0.0,0.0,0.0,0.0,0.0,0.0,0.0,0.0,0.0,0.0,0.0,0.0,0.0,2.0,0.0,0.0,0.0,0.0,7.0,0.0,0.0,0.0,0.0,0.0,0.0,0.0,1.0,4.0,3.0,0.0,1.0,0.0,0.0,13.0,1.0,0.0,0.0,0.0,0.0,0.0,0.0,0.0,0.0,0.0,0.0,0.0,0.0,0.0,0.0,2.0,0.0,0.0,0.0,0.0,3.0,0.0,0.0,0.0,0.0,0.0,0.0,0.0,1.0,4.0,3.0,8305011532.0,-1.0,河源市龙川县,河源市龙川县紫市镇,12.0,14.9,0.0,1.5,28.4,29.087500000000002,33.310891089108914,56.92664596273291
广东省,河源市,龙川县,通衢镇,115.3786397,24.0462272,7.0,5.0,6.0,10.0,35.0,0.0,0.0,0.0,0.0,0.0,0.0,0.0,0.0,0.0,0.0,0.0,0.0,0.0,0.0,0.0,1.0,0.0,2.0,0.0,1.0,13.0,1.0,0.0,0.0,0.0,0.0,1.0,0.0,5.0,10.0,8.0,0.0,0.0,5.0,1.0,12.0,0.0,0.0,0.0,0.0,0.0,0.0,0.0,0.0,0.0,0.0,0.0,0.0,0.0,0.0,0.0,1.0,0.0,1.0,0.0,0.0,3.0,0.0,0.0,0.0,0.0,0.0,0.0,0.0,1.0,4.0,4.0,3466987468.0,-1.0,河源市龙川县,河源市龙川县通衢镇,12.0,24.0,0.0,4.1,40.1,29.087500000000002,33.310891089108914,56.92664596273291
广东省,河源市,龙川县,登云镇,115.3915525,24.0664639,5.0,0.0,5.0,13.0,40.0,1.0,0.0,0.0,0.0,0.0,0.0,0.0,0.0,0.0,0.0,0.0,0.0,0.0,0.0,0.0,2.0,0.0,1.0,0.0,1.0,10.0,0.0,0.0,0.0,0.0,0.0,2.0,0.0,8.0,11.0,8.0,3.0,0.0,0.0,6.0,16.0,0.0,0.0,0.0,0.0,0.0,0.0,0.0,0.0,0.0,0.0,0.0,0.0,0.0,0.0,0.0,1.0,0.0,0.0,0.0,0.0,2.0,0.0,0.0,0.0,0.0,0.0,0.0,0.0,3.0,5.0,4.0,3467521591.0,-1.0,河源市龙川县,河源市龙川县登云镇,12.0,24.0,0.0,4.0,40.0,29.087500000000002,33.310891089108914,56.92664596273291
广东省,河源市,龙川县,丰稔镇,115.3246479,24.1751609,2.0,0.0,2.0,1.0,1.0,1.0,0.0,0.0,0.0,0.0,0.0,0.0,0.0,0.0,0.0,0.0,0.0,0.0,0.0,0.0,2.0,1.0,0.0,0.0,1.0,8.0,0.0,0.0,0.0,0.0,0.0,0.0,0.0,1.0,5.0,6.0,2.0,0.0,0.0,0.0,0.0,0.0,0.0,0.0,0.0,0.0,0.0,0.0,0.0,0.0,0.0,0.0,0.0,0.0,0.0,0.0,0.0,0.0,0.0,0.0,0.0,2.0,0.0,0.0,0.0,0.0,0.0,0.0,0.0,1.0,1.0,1.0,5054894931.0,-1.0,河源市龙川县,河源市龙川县丰稔镇,12.0,8.7,0.0,3.0,23.7,29.087500000000002,33.310891089108914,56.92664596273291
广东省,河源市,龙川县,四都镇,115.2475134,24.2081609,0.0,3.0,2.0,1.0,7.0,0.0,0.0,0.0,0.0,0.0,0.0,0.0,0.0,0.0,0.0,0.0,0.0,0.0,0.0,0.0,0.0,0.0,0.0,0.0,0.0,5.0,0.0,0.0,0.0,0.0,0.0,0.0,0.0,3.0,5.0,3.0,0.0,2.0,1.0,1.0,4.0,0.0,0.0,0.0,0.0,0.0,0.0,0.0,0.0,0.0,0.0,0.0,0.0,0.0,0.0,0.0,0.0,0.0,0.0,0.0,0.0,3.0,0.0,0.0,0.0,0.0,0.0,0.0,0.0,3.0,5.0,3.0,8305011529.0,-1.0,河源市龙川县,河源市龙川县四都镇,12.0,11.1,0.0,1.5,24.6,29.087500000000002,33.310891089108914,56.92664596273291
广东省,河源市,龙川县,铁场镇,115.491104,24.164469,7.0,0.0,0.0,6.0,54.0,0.0,0.0,0.0,0.0,0.0,0.0,0.0,0.0,0.0,0.0,0.0,0.0,0.0,0.0,0.0,1.0,0.0,0.0,0.0,0.0,7.0,0.0,0.0,0.0,0.0,0.0,0.0,0.0,5.0,5.0,5.0,3.0,0.0,0.0,3.0,27.0,0.0,0.0,0.0,0.0,0.0,0.0,0.0,0.0,0.0,0.0,0.0,0.0,0.0,0.0,0.0,1.0,0.0,0.0,0.0,0.0,3.0,0.0,0.0,0.0,0.0,0.0,0.0,0.0,1.0,4.0,4.0,8305011526.0,-1.0,河源市龙川县,河源市龙川县铁场镇,12.0,22.5,0.0,2.5,37.0,29.087500000000002,33.310891089108914,56.92664596273291
广东省,河源市,龙川县,龙母镇,115.4342723,24.2597788,5.0,0.0,0.0,11.0,10.0,1.0,0.0,0.0,0.0,0.0,1.0,0.0,0.0,0.0,0.0,0.0,0.0,0.0,0.0,0.0,4.0,0.0,1.0,0.0,0.0,4.0,0.0,0.0,0.0,1.0,0.0,0.0,0.0,1.0,6.0,4.0,1.0,0.0,0.0,8.0,7.0,0.0,0.0,0.0,0.0,0.0,0.0,0.0,0.0,0.0,0.0,0.0,0.0,0.0,0.0,0.0,4.0,0.0,0.0,0.0,0.0,1.0,0.0,0.0,0.0,0.0,0.0,0.0,0.0,1.0,4.0,3.0,7986499067.0,-1.0,河源市龙川县,河源市龙川县龙母镇,11.0,19.1,0.0,2.1,32.2,29.087500000000002,33.310891089108914,56.92664596273291
广东省,河源市,龙川县,田心镇,115.490677,24.264311,0.0,1.0,0.0,4.0,0.0,0.0,0.0,0.0,0.0,0.0,0.0,0.0,0.0,0.0,0.0,0.0,0.0,0.0,0.0,0.0,0.0,0.0,0.0,0.0,0.0,8.0,0.0,0.0,0.0,0.0,0.0,0.0,0.0,1.0,2.0,2.0,0.0,1.0,0.0,2.0,0.0,0.0,0.0,0.0,0.0,0.0,0.0,0.0,0.0,0.0,0.0,0.0,0.0,0.0,0.0,0.0,0.0,0.0,0.0,0.0,0.0,4.0,0.0,0.0,0.0,0.0,0.0,0.0,0.0,1.0,2.0,2.0,8305011528.0,-1.0,河源市龙川县,河源市龙川县田心镇,12.0,10.0,0.0,1.0,23.0,29.087500000000002,33.310891089108914,56.92664596273291
广东省,河源市,龙川县,黎咀镇,115.325911,24.3412904,4.0,0.0,0.0,7.0,2.0,0.0,0.0,0.0,0.0,0.0,0.0,0.0,0.0,0.0,2.0,2.0,0.0,0.0,0.0,0.0,0.0,0.0,0.0,0.0,0.0,5.0,0.0,0.0,0.0,0.0,0.0,0.0,0.0,2.0,3.0,3.0,4.0,0.0,0.0,5.0,1.0,0.0,0.0,0.0,0.0,0.0,0.0,0.0,0.0,0.0,1.0,1.0,0.0,0.0,0.0,0.0,0.0,0.0,0.0,0.0,0.0,2.0,0.0,0.0,0.0,0.0,0.0,0.0,0.0,2.0,3.0,3.0,7649461426.0,-1.0,河源市龙川县,河源市龙川县黎咀镇,12.0,12.2,5.0,1.5,30.7,29.087500000000002,33.310891089108914,56.92664596273291
广东省,河源市,龙川县,黄石镇,115.257398,24.3280263,0.0,1.0,0.0,10.0,0.0,0.0,0.0,0.0,0.0,0.0,0.0,0.0,0.0,0.0,0.0,0.0,0.0,0.0,0.0,0.0,0.0,0.0,0.0,0.0,0.0,7.0,0.0,0.0,0.0,0.0,0.0,0.0,0.0,2.0,2.0,3.0,0.0,1.0,0.0,8.0,0.0,0.0,0.0,0.0,0.0,0.0,0.0,0.0,0.0,0.0,0.0,0.0,0.0,0.0,0.0,0.0,0.0,0.0,0.0,0.0,0.0,4.0,0.0,0.0,0.0,0.0,0.0,0.0,0.0,2.0,2.0,3.0,2541575514.0,-1.0,河源市龙川县,河源市龙川县黄石镇,12.0,11.0,0.0,1.5,24.5,29.087500000000002,33.310891089108914,56.92664596273291
广东省,河源市,龙川县,赤光镇,115.4309249,24.3870883,2.0,3.0,0.0,1.0,1.0,0.0,0.0,0.0,0.0,0.0,0.0,0.0,0.0,0.0,0.0,0.0,0.0,0.0,0.0,0.0,0.0,0.0,0.0,0.0,0.0,6.0,0.0,0.0,0.0,0.0,0.0,0.0,0.0,1.0,4.0,1.0,2.0,3.0,0.0,0.0,1.0,0.0,0.0,0.0,0.0,0.0,0.0,0.0,0.0,0.0,0.0,0.0,0.0,0.0,0.0,0.0,0.0,0.0,0.0,0.0,0.0,2.0,0.0,0.0,0.0,0.0,0.0,0.0,0.0,1.0,3.0,1.0,7649413760.0,-1.0,河源市龙川县,河源市龙川县赤光镇,12.0,8.5,0.0,0.5,21.0,29.087500000000002,33.310891089108914,56.92664596273291
广东省,河源市,龙川县,廻龙镇,115.5256698,24.3712977,0.0,3.0,0.0,3.0,0.0,0.0,0.0,0.0,0.0,0.0,0.0,0.0,0.0,0.0,0.0,0.0,0.0,0.0,0.0,0.0,1.0,0.0,0.0,0.0,0.0,7.0,0.0,0.0,0.0,0.0,0.0,0.0,0.0,5.0,2.0,3.0,0.0,1.0,0.0,1.0,0.0,0.0,0.0,0.0,0.0,0.0,0.0,0.0,0.0,0.0,0.0,0.0,0.0,0.0,0.0,0.0,1.0,0.0,0.0,0.0,0.0,2.0,0.0,0.0,0.0,0.0,0.0,0.0,0.0,1.0,2.0,3.0,8305011525.0,-1.0,河源市龙川县,河源市龙川县廻龙镇,12.0,9.0,0.0,1.5,22.5,29.087500000000002,33.310891089108914,56.92664596273291
广东省,河源市,龙川县,新田镇,115.5211864,24.4562948,0.0,0.0,1.0,3.0,8.0,0.0,0.0,0.0,0.0,0.0,0.0,0.0,0.0,0.0,0.0,0.0,0.0,0.0,0.0,0.0,1.0,0.0,0.0,0.0,0.0,4.0,0.0,0.0,0.0,0.0,0.0,0.0,0.0,1.0,3.0,2.0,0.0,0.0,0.0,2.0,2.0,0.0,0.0,0.0,0.0,0.0,0.0,0.0,0.0,0.0,0.0,0.0,0.0,0.0,0.0,0.0,1.0,0.0,0.0,0.0,0.0,2.0,0.0,0.0,0.0,0.0,0.0,0.0,0.0,1.0,2.0,2.0,8305011524.0,-1.0,河源市龙川县,河源市龙川县新田镇,11.0,11.7,0.0,1.0,23.7,29.087500000000002,33.310891089108914,56.92664596273291
广东省,河源市,龙川县,车田镇,115.28634,24.4336,2.0,7.0,0.0,9.0,3.0,0.0,0.0,0.0,0.0,0.0,0.0,0.0,0.0,0.0,0.0,0.0,0.0,0.0,0.0,0.0,0.0,0.0,0.0,0.0,0.0,3.0,0.0,0.0,0.0,0.0,0.0,0.0,0.0,2.0,4.0,2.0,2.0,7.0,0.0,9.0,1.0,0.0,0.0,0.0,0.0,0.0,0.0,0.0,0.0,0.0,0.0,0.0,0.0,0.0,0.0,0.0,0.0,0.0,0.0,0.0,0.0,1.0,0.0,0.0,0.0,0.0,0.0,0.0,0.0,2.0,4.0,2.0,2065880251.0,-1.0,河源市龙川县,河源市龙川县车田镇,10.0,12.9,0.0,1.0,23.9,29.087500000000002,33.310891089108914,56.92664596273291
广东省,河源市,龙川县,岩镇镇,115.453232,24.488355,0.0,1.0,0.0,0.0,0.0,0.0,0.0,0.0,0.0,0.0,0.0,0.0,0.0,0.0,0.0,0.0,0.0,0.0,0.0,0.0,0.0,0.0,0.0,0.0,0.0,5.0,0.0,0.0,0.0,0.0,0.0,0.0,0.0,4.0,2.0,3.0,0.0,1.0,0.0,0.0,0.0,0.0,0.0,0.0,0.0,0.0,0.0,0.0,0.0,0.0,0.0,0.0,0.0,0.0,0.0,0.0,0.0,0.0,0.0,0.0,0.0,1.0,0.0,0.0,0.0,0.0,0.0,0.0,0.0,2.0,2.0,1.0,-1.0,-1.0,河源市龙川县,河源市龙川县岩镇镇,5.0,6.0,0.0,1.5,12.5,29.087500000000002,33.310891089108914,56.92664596273291
广东省,河源市,龙川县,麻布岗镇,115.4119596,24.5900649,0.0,5.0,1.0,0.0,1.0,0.0,0.0,0.0,0.0,0.0,0.0,0.0,0.0,0.0,0.0,0.0,0.0,0.0,0.0,0.0,0.0,0.0,0.0,0.0,0.0,3.0,2.0,0.0,0.0,0.0,0.0,0.0,0.0,1.0,4.0,3.0,0.0,3.0,1.0,0.0,0.0,0.0,0.0,0.0,0.0,0.0,0.0,0.0,0.0,0.0,0.0,0.0,0.0,0.0,0.0,0.0,0.0,0.0,0.0,0.0,0.0,2.0,0.0,0.0,0.0,0.0,0.0,0.0,0.0,1.0,2.0,1.0,4459949848.0,-1.0,河源市龙川县,河源市龙川县麻布岗镇,10.0,7.2,0.0,1.7,18.9,29.087500000000002,33.310891089108914,56.92664596273291
广东省,河源市,龙川县,贝岭镇,115.3373844,24.5956087,0.0,0.0,2.0,2.0,20.0,0.0,0.0,0.0,0.0,0.0,0.0,0.0,0.0,0.0,0.0,0.0,0.0,0.0,0.0,0.0,2.0,0.0,0.0,0.0,0.0,2.0,0.0,0.0,0.0,2.0,0.0,0.0,0.0,2.0,4.0,4.0,0.0,0.0,2.0,1.0,8.0,0.0,0.0,0.0,0.0,0.0,0.0,0.0,0.0,0.0,0.0,0.0,0.0,0.0,0.0,0.0,2.0,0.0,0.0,0.0,0.0,1.0,0.0,0.0,0.0,0.0,0.0,0.0,0.0,2.0,4.0,4.0,4459949847.0,-1.0,河源市龙川县,河源市龙川县贝岭镇,9.0,15.4,0.0,2.2,26.599999999999998,29.087500000000002,33.310891089108914,56.92664596273291
广东省,河源市,龙川县,细坳镇,115.2587602,24.6924423,0.0,0.0,4.0,9.0,1.0,0.0,0.0,0.0,0.0,0.0,0.0,0.0,0.0,0.0,0.0,0.0,0.0,0.0,0.0,0.0,1.0,0.0,0.0,0.0,0.0,5.0,1.0,0.0,0.0,0.0,0.0,0.0,0.0,1.0,3.0,5.0,0.0,0.0,2.0,6.0,1.0,0.0,0.0,0.0,0.0,0.0,0.0,0.0,0.0,0.0,0.0,0.0,0.0,0.0,0.0,0.0,1.0,0.0,0.0,0.0,0.0,1.0,1.0,0.0,0.0,0.0,0.0,0.0,0.0,1.0,3.0,3.0,2541068292.0,-1.0,河源市龙川县,河源市龙川县细坳镇,12.0,12.0,0.0,2.7,26.7,29.087500000000002,33.310891089108914,56.92664596273291
广东省,河源市,龙川县,上坪镇,115.445728,24.703103,1.0,1.0,6.0,0.0,18.0,0.0,0.0,0.0,0.0,0.0,0.0,0.0,0.0,0.0,0.0,0.0,0.0,0.0,0.0,0.0,2.0,0.0,0.0,0.0,0.0,4.0,0.0,0.0,0.0,0.0,0.0,0.0,0.0,2.0,7.0,3.0,0.0,0.0,3.0,0.0,12.0,0.0,0.0,0.0,0.0,0.0,0.0,0.0,0.0,0.0,0.0,0.0,0.0,0.0,0.0,0.0,2.0,0.0,0.0,0.0,0.0,1.0,0.0,0.0,0.0,0.0,0.0,0.0,0.0,2.0,4.0,3.0,2488555954.0,-1.0,河源市龙川县,河源市龙川县上坪镇,11.0,15.7,0.0,1.5,28.2,29.087500000000002,33.310891089108914,56.92664596273291
广东省,河源市,连平县,元善镇,114.4830159,24.3737186,25.0,3.0,8.0,24.0,52.0,1.0,0.0,0.0,0.0,0.0,1.0,0.0,0.0,0.0,0.0,0.0,0.0,0.0,0.0,1.0,0.0,0.0,0.0,0.0,0.0,10.0,4.0,0.0,0.0,0.0,1.0,2.0,0.0,5.0,11.0,4.0,7.0,0.0,3.0,16.0,39.0,0.0,0.0,0.0,0.0,0.0,0.0,0.0,0.0,0.0,0.0,0.0,0.0,0.0,0.0,0.0,0.0,0.0,0.0,0.0,0.0,4.0,0.0,0.0,0.0,0.0,0.0,0.0,0.0,2.0,5.0,2.0,1686179458.0,-1.0,河源市连平县,河源市连平县元善镇,12.0,26.0,0.0,2.4,40.4,29.72307692307692,33.310891089108914,56.92664596273291
广东省,河源市,连平县,上坪镇,114.5873314,24.4888675,5.0,0.0,0.0,1.0,18.0,0.0,0.0,0.0,0.0,0.0,0.0,0.0,0.0,0.0,0.0,0.0,0.0,0.0,0.0,0.0,0.0,0.0,0.0,0.0,0.0,8.0,13.0,0.0,0.0,0.0,0.0,0.0,0.0,4.0,7.0,4.0,5.0,0.0,0.0,1.0,9.0,0.0,0.0,0.0,0.0,0.0,0.0,0.0,0.0,0.0,0.0,0.0,0.0,0.0,0.0,0.0,0.0,0.0,0.0,0.0,0.0,5.0,0.0,0.0,0.0,0.0,0.0,0.0,0.0,3.0,5.0,2.0,1686179444.0,-1.0,河源市连平县,河源市连平县上坪镇,12.0,15.8,0.0,3.3,31.1,29.72307692307692,33.310891089108914,56.92664596273291
广东省,河源市,连平县,内莞镇,114.558881,24.364865,2.0,3.0,0.0,4.0,0.0,0.0,0.0,0.0,0.0,0.0,0.0,0.0,0.0,0.0,0.0,0.0,0.0,0.0,0.0,0.0,0.0,0.0,0.0,0.0,0.0,5.0,0.0,0.0,0.0,0.0,0.0,0.0,0.0,3.0,3.0,2.0,0.0,1.0,0.0,1.0,0.0,0.0,0.0,0.0,0.0,0.0,0.0,0.0,0.0,0.0,0.0,0.0,0.0,0.0,0.0,0.0,0.0,0.0,0.0,0.0,0.0,2.0,0.0,0.0,0.0,0.0,0.0,0.0,0.0,2.0,2.0,2.0,8308057532.0,-1.0,河源市连平县,河源市连平县内莞镇,12.0,10.5,0.0,1.0,23.5,29.72307692307692,33.310891089108914,56.92664596273291
广东省,河源市,连平县,陂头镇,114.2848082,24.4100995,1.0,0.0,3.0,9.0,20.0,0.0,0.0,0.0,0.0,0.0,0.0,0.0,0.0,0.0,0.0,0.0,0.0,0.0,0.0,0.0,0.0,0.0,0.0,0.0,0.0,7.0,0.0,0.0,0.0,0.0,0.0,0.0,0.0,2.0,9.0,3.0,1.0,0.0,3.0,6.0,17.0,0.0,0.0,0.0,0.0,0.0,0.0,0.0,0.0,0.0,0.0,0.0,0.0,0.0,0.0,0.0,0.0,0.0,0.0,0.0,0.0,5.0,0.0,0.0,0.0,0.0,0.0,0.0,0.0,2.0,9.0,3.0,8308057533.0,-1.0,河源市连平县,河源市连平县陂头镇,12.0,23.1,0.0,1.5,36.6,29.72307692307692,33.310891089108914,56.92664596273291
广东省,河源市,连平县,溪山镇,114.4206164,24.2677618,2.0,0.0,0.0,0.0,4.0,0.0,0.0,0.0,0.0,0.0,0.0,0.0,0.0,0.0,0.0,0.0,0.0,0.0,0.0,0.0,0.0,0.0,0.0,0.0,0.0,5.0,0.0,0.0,0.0,0.0,0.0,0.0,0.0,3.0,4.0,2.0,2.0,0.0,0.0,0.0,1.0,0.0,0.0,0.0,0.0,0.0,0.0,0.0,0.0,0.0,0.0,0.0,0.0,0.0,0.0,0.0,0.0,0.0,0.0,0.0,0.0,2.0,0.0,0.0,0.0,0.0,0.0,0.0,0.0,3.0,3.0,2.0,8308057531.0,-1.0,河源市连平县,河源市连平县溪山镇,12.0,8.1,0.0,1.0,21.1,29.72307692307692,33.310891089108914,56.92664596273291
广东省,河源市,连平县,隆街镇,114.3605453,24.1950406,6.0,1.0,7.0,1.0,27.0,0.0,0.0,0.0,0.0,0.0,0.0,0.0,0.0,0.0,0.0,0.0,0.0,0.0,0.0,0.0,1.0,0.0,3.0,0.0,0.0,10.0,0.0,0.0,0.0,1.0,0.0,0.0,0.0,2.0,6.0,7.0,6.0,0.0,6.0,1.0,17.0,0.0,0.0,0.0,0.0,0.0,0.0,0.0,0.0,0.0,0.0,0.0,0.0,0.0,0.0,0.0,1.0,0.0,0.0,0.0,0.0,5.0,0.0,0.0,0.0,0.0,0.0,0.0,0.0,2.0,5.0,5.0,8308057530.0,-1.0,河源市连平县,河源市连平县隆街镇,12.0,19.5,0.0,3.6,35.1,29.72307692307692,33.310891089108914,56.92664596273291
广东省,河源市,连平县,田源镇,114.418592,24.187442,0.0,3.0,2.0,3.0,5.0,3.0,0.0,0.0,0.0,0.0,0.0,0.0,0.0,0.0,0.0,0.0,0.0,0.0,0.0,0.0,1.0,0.0,2.0,0.0,0.0,5.0,0.0,0.0,0.0,1.0,0.0,0.0,0.0,2.0,5.0,5.0,0.0,1.0,1.0,1.0,1.0,2.0,0.0,0.0,0.0,0.0,0.0,0.0,0.0,0.0,0.0,0.0,0.0,0.0,0.0,0.0,1.0,0.0,1.0,0.0,0.0,3.0,0.0,0.0,0.0,1.0,0.0,0.0,0.0,2.0,5.0,4.0,8308057529.0,-1.0,河源市连平县,河源市连平县田源镇,12.0,11.8,0.0,2.7,26.5,29.72307692307692,33.310891089108914,56.92664596273291
广东省,河源市,连平县,油溪镇,114.6843077,24.2184476,3.0,0.0,1.0,3.0,3.0,0.0,0.0,0.0,0.0,0.0,0.0,0.0,0.0,0.0,0.0,0.0,0.0,0.0,0.0,1.0,0.0,0.0,1.0,0.0,0.0,13.0,1.0,0.0,0.0,0.0,1.0,0.0,0.0,3.0,8.0,4.0,1.0,0.0,0.0,0.0,0.0,0.0,0.0,0.0,0.0,0.0,0.0,0.0,0.0,0.0,0.0,0.0,0.0,0.0,0.0,1.0,0.0,0.0,0.0,0.0,0.0,3.0,1.0,0.0,0.0,0.0,1.0,0.0,0.0,3.0,5.0,3.0,1686179451.0,-1.0,河源市连平县,河源市连平县油溪镇,12.0,12.6,1.0,2.2,27.8,29.72307692307692,33.310891089108914,56.92664596273291
广东省,河源市,连平县,忠信镇,114.733333,24.216667,6.0,4.0,11.0,8.0,26.0,2.0,0.0,0.0,0.0,0.0,2.0,0.0,0.0,0.0,0.0,0.0,0.0,0.0,0.0,0.0,0.0,0.0,2.0,0.0,0.0,11.0,0.0,0.0,0.0,0.0,2.0,0.0,0.0,3.0,12.0,3.0,0.0,0.0,5.0,0.0,4.0,2.0,0.0,0.0,0.0,0.0,2.0,0.0,0.0,0.0,0.0,0.0,0.0,0.0,0.0,0.0,0.0,0.0,0.0,0.0,0.0,2.0,0.0,0.0,0.0,0.0,0.0,0.0,0.0,3.0,6.0,1.0,2541877220.0,-1.0,河源市连平县,河源市连平县忠信镇,12.0,22.4,0.0,1.5,35.9,29.72307692307692,33.310891089108914,56.92664596273291
广东省,河源市,连平县,高莞镇,114.7134053,24.258653,0.0,1.0,0.0,0.0,0.0,0.0,0.0,0.0,0.0,0.0,0.0,0.0,0.0,0.0,0.0,0.0,0.0,0.0,0.0,0.0,0.0,0.0,0.0,0.0,0.0,8.0,0.0,0.0,0.0,0.0,0.0,0.0,0.0,2.0,1.0,2.0,0.0,1.0,0.0,0.0,0.0,0.0,0.0,0.0,0.0,0.0,0.0,0.0,0.0,0.0,0.0,0.0,0.0,0.0,0.0,0.0,0.0,0.0,0.0,0.0,0.0,4.0,0.0,0.0,0.0,0.0,0.0,0.0,0.0,2.0,1.0,2.0,8308057528.0,-1.0,河源市连平县,河源市连平县高莞镇,12.0,5.5,0.0,1.0,18.5,29.72307692307692,33.310891089108914,56.92664596273291
广东省,河源市,连平县,大湖镇,114.832244,24.239568,3.0,0.0,0.0,10.0,9.0,0.0,0.0,0.0,0.0,0.0,0.0,0.0,0.0,0.0,0.0,0.0,0.0,0.0,0.0,0.0,1.0,0.0,0.0,0.0,0.0,11.0,0.0,0.0,0.0,0.0,0.0,0.0,0.0,3.0,6.0,4.0,1.0,0.0,0.0,3.0,2.0,0.0,0.0,0.0,0.0,0.0,0.0,0.0,0.0,0.0,0.0,0.0,0.0,0.0,0.0,0.0,1.0,0.0,0.0,0.0,0.0,2.0,0.0,0.0,0.0,0.0,0.0,0.0,0.0,1.0,3.0,2.0,1686179426.0,-1.0,河源市连平县,河源市连平县大湖镇,12.0,15.4,0.0,2.0,29.4,29.72307692307692,33.310891089108914,56.92664596273291
广东省,河源市,连平县,三角镇,114.804318,24.207012,3.0,0.0,3.0,6.0,4.0,23.0,0.0,0.0,0.0,2.0,0.0,0.0,0.0,0.0,0.0,0.0,0.0,0.0,0.0,0.0,0.0,0.0,7.0,0.0,0.0,12.0,0.0,0.0,0.0,0.0,0.0,1.0,0.0,6.0,9.0,5.0,0.0,0.0,0.0,0.0,1.0,0.0,0.0,0.0,0.0,0.0,0.0,0.0,0.0,0.0,0.0,0.0,0.0,0.0,0.0,0.0,0.0,0.0,0.0,0.0,0.0,4.0,0.0,0.0,0.0,0.0,0.0,0.0,0.0,3.0,2.0,1.0,2541877214.0,-1.0,河源市连平县,河源市连平县三角镇,12.0,17.1,0.0,2.5,31.6,29.72307692307692,33.310891089108914,56.92664596273291
广东省,河源市,连平县,绣缎镇,114.854887,24.270096,1.0,0.0,3.0,7.0,6.0,0.0,0.0,0.0,0.0,0.0,0.0,0.0,0.0,0.0,0.0,0.0,0.0,0.0,0.0,0.0,0.0,0.0,0.0,0.0,0.0,11.0,1.0,0.0,0.0,0.0,0.0,0.0,0.0,5.0,7.0,3.0,1.0,0.0,1.0,4.0,2.0,0.0,0.0,0.0,0.0,0.0,0.0,0.0,0.0,0.0,0.0,0.0,0.0,0.0,0.0,0.0,0.0,0.0,0.0,0.0,0.0,2.0,0.0,0.0,0.0,0.0,0.0,0.0,0.0,1.0,5.0,0.0,2541877216.0,-1.0,河源市连平县,河源市连平县绣缎镇,12.0,15.3,0.0,1.6,28.900000000000002,29.72307692307692,33.310891089108914,56.92664596273291
广东省,河源市,和平县,阳明镇,114.9343433,24.4454585,21.0,38.0,85.0,125.0,167.0,25.0,0.0,26.0,2.0,4.0,8.0,23.0,2.0,2.0,25.0,29.0,2.0,1.0,1.0,26.0,70.0,3.0,23.0,1.0,6.0,14.0,76.0,0.0,0.0,1.0,1.0,68.0,4.0,4.0,21.0,12.0,7.0,10.0,28.0,55.0,68.0,7.0,0.0,15.0,2.0,0.0,1.0,4.0,1.0,1.0,11.0,11.0,0.0,0.0,0.0,3.0,17.0,0.0,0.0,1.0,0.0,4.0,18.0,0.0,0.0,0.0,0.0,24.0,2.0,1.0,17.0,8.0,2541782843.0,-1.0,河源市和平县,河源市和平县阳明镇,12.0,30.0,18.0,13.5,73.5,32.78235294117647,33.310891089108914,56.92664596273291
广东省,河源市,和平县,大坝镇,114.9274432,24.5082193,2.0,8.0,2.0,22.0,7.0,10.0,0.0,0.0,0.0,2.0,2.0,1.0,1.0,1.0,1.0,1.0,0.0,0.0,0.0,0.0,13.0,0.0,7.0,0.0,0.0,9.0,5.0,0.0,0.0,0.0,0.0,6.0,0.0,2.0,13.0,7.0,1.0,0.0,0.0,11.0,2.0,0.0,0.0,0.0,0.0,0.0,0.0,1.0,1.0,1.0,1.0,1.0,0.0,0.0,0.0,0.0,0.0,0.0,1.0,0.0,0.0,2.0,1.0,0.0,0.0,0.0,0.0,1.0,0.0,1.0,4.0,4.0,2541782839.0,-1.0,河源市和平县,河源市和平县大坝镇,12.0,20.0,15.0,4.1,51.1,32.78235294117647,33.310891089108914,56.92664596273291
广东省,河源市,和平县,长塘镇,115.1574221,24.5638696,0.0,4.0,0.0,6.0,0.0,0.0,0.0,0.0,0.0,0.0,0.0,0.0,0.0,0.0,0.0,0.0,0.0,0.0,0.0,0.0,0.0,0.0,0.0,0.0,0.0,3.0,0.0,0.0,0.0,0.0,0.0,0.0,0.0,1.0,2.0,3.0,0.0,3.0,0.0,6.0,0.0,0.0,0.0,0.0,0.0,0.0,0.0,0.0,0.0,0.0,0.0,0.0,0.0,0.0,0.0,0.0,0.0,0.0,0.0,0.0,0.0,1.0,0.0,0.0,0.0,0.0,0.0,0.0,0.0,1.0,2.0,3.0,2541575511.0,-1.0,河源市和平县,河源市和平县长塘镇,10.0,11.0,0.0,1.5,22.5,32.78235294117647,33.310891089108914,56.92664596273291
广东省,河源市,和平县,下车镇,115.1121907,24.6634822,0.0,3.0,0.0,6.0,0.0,0.0,0.0,0.0,0.0,0.0,0.0,0.0,0.0,0.0,0.0,0.0,0.0,0.0,0.0,0.0,0.0,0.0,0.0,0.0,0.0,3.0,0.0,0.0,0.0,0.0,0.0,0.0,0.0,9.0,2.0,5.0,0.0,3.0,0.0,2.0,0.0,0.0,0.0,0.0,0.0,0.0,0.0,0.0,0.0,0.0,0.0,0.0,0.0,0.0,0.0,0.0,0.0,0.0,0.0,0.0,0.0,2.0,0.0,0.0,0.0,0.0,0.0,0.0,0.0,9.0,2.0,4.0,2541068288.0,-1.0,河源市和平县,河源市和平县下车镇,10.0,11.0,0.0,2.5,23.5,32.78235294117647,33.310891089108914,56.92664596273291
广东省,河源市,和平县,上陵镇,114.99021,24.60766,2.0,4.0,3.0,0.0,3.0,0.0,0.0,0.0,5.0,0.0,1.0,0.0,0.0,0.0,1.0,1.0,0.0,0.0,0.0,0.0,2.0,0.0,0.0,0.0,0.0,3.0,2.0,0.0,0.0,0.0,0.0,0.0,0.0,3.0,6.0,2.0,2.0,3.0,0.0,0.0,2.0,0.0,0.0,0.0,5.0,0.0,1.0,0.0,0.0,0.0,1.0,1.0,0.0,0.0,0.0,0.0,0.0,0.0,0.0,0.0,0.0,1.0,2.0,0.0,0.0,0.0,0.0,0.0,0.0,2.0,3.0,1.0,2065798415.0,-1.0,河源市和平县,河源市和平县上陵镇,10.0,13.2,5.0,1.4,29.599999999999998,32.78235294117647,33.310891089108914,56.92664596273291
广东省,河源市,和平县,优胜镇,115.0872659,24.5083329,0.0,7.0,1.0,10.0,1.0,0.0,0.0,0.0,0.0,0.0,0.0,0.0,0.0,0.0,0.0,0.0,0.0,0.0,0.0,0.0,0.0,0.0,0.0,0.0,0.0,5.0,0.0,0.0,0.0,0.0,0.0,0.0,0.0,1.0,5.0,4.0,0.0,3.0,1.0,6.0,1.0,0.0,0.0,0.0,0.0,0.0,0.0,0.0,0.0,0.0,0.0,0.0,0.0,0.0,0.0,0.0,0.0,0.0,0.0,0.0,0.0,3.0,0.0,0.0,0.0,0.0,0.0,0.0,0.0,1.0,5.0,4.0,2542083812.0,-1.0,河源市和平县,河源市和平县优胜镇,12.0,13.0,0.0,2.0,27.0,32.78235294117647,33.310891089108914,56.92664596273291
广东省,河源市,和平县,贝墩镇,115.2062793,24.4554158,1.0,0.0,1.0,8.0,0.0,0.0,0.0,0.0,0.0,0.0,0.0,0.0,0.0,0.0,0.0,0.0,0.0,0.0,0.0,0.0,0.0,0.0,0.0,0.0,0.0,6.0,0.0,0.0,0.0,0.0,0.0,0.0,0.0,3.0,3.0,1.0,1.0,0.0,1.0,3.0,0.0,0.0,0.0,0.0,0.0,0.0,0.0,0.0,0.0,0.0,0.0,0.0,0.0,0.0,0.0,0.0,0.0,0.0,0.0,0.0,0.0,3.0,0.0,0.0,0.0,0.0,0.0,0.0,0.0,1.0,3.0,1.0,2541575510.0,-1.0,河源市和平县,河源市和平县贝墩镇,12.0,11.5,0.0,0.5,24.0,32.78235294117647,33.310891089108914,56.92664596273291
广东省,河源市,和平县,古寨镇,115.148333,24.390833,3.0,0.0,0.0,7.0,0.0,0.0,0.0,0.0,0.0,0.0,0.0,0.0,0.0,0.0,0.0,0.0,0.0,0.0,0.0,0.0,0.0,0.0,0.0,0.0,0.0,7.0,0.0,0.0,0.0,0.0,0.0,0.0,0.0,1.0,2.0,2.0,3.0,0.0,0.0,7.0,0.0,0.0,0.0,0.0,0.0,0.0,0.0,0.0,0.0,0.0,0.0,0.0,0.0,0.0,0.0,0.0,0.0,0.0,0.0,0.0,0.0,2.0,0.0,0.0,0.0,0.0,0.0,0.0,0.0,1.0,2.0,2.0,2541575513.0,-1.0,河源市和平县,河源市和平县古寨镇,12.0,11.0,0.0,1.0,24.0,32.78235294117647,33.310891089108914,56.92664596273291
广东省,河源市,和平县,彭寨镇,115.0745942,24.3592138,13.0,13.0,3.0,12.0,5.0,0.0,0.0,0.0,0.0,0.0,0.0,0.0,0.0,0.0,0.0,0.0,0.0,0.0,0.0,0.0,0.0,0.0,0.0,0.0,0.0,10.0,0.0,0.0,0.0,0.0,0.0,0.0,0.0,1.0,5.0,3.0,10.0,13.0,3.0,8.0,5.0,0.0,0.0,0.0,0.0,0.0,0.0,0.0,0.0,0.0,0.0,0.0,0.0,0.0,0.0,0.0,0.0,0.0,0.0,0.0,0.0,2.0,0.0,0.0,0.0,0.0,0.0,0.0,0.0,1.0,5.0,3.0,2541575516.0,-1.0,河源市和平县,河源市和平县彭寨镇,12.0,15.0,0.0,1.5,28.5,32.78235294117647,33.310891089108914,56.92664596273291
广东省,河源市,和平县,合水镇,114.9305372,24.3895523,11.0,0.0,2.0,9.0,34.0,3.0,0.0,0.0,0.0,0.0,0.0,3.0,0.0,0.0,1.0,1.0,1.0,0.0,0.0,0.0,1.0,0.0,0.0,0.0,0.0,7.0,3.0,0.0,0.0,0.0,0.0,2.0,0.0,2.0,9.0,6.0,1.0,0.0,0.0,1.0,19.0,0.0,0.0,0.0,0.0,0.0,0.0,1.0,0.0,0.0,1.0,1.0,1.0,0.0,0.0,0.0,0.0,0.0,0.0,0.0,0.0,1.0,2.0,0.0,0.0,0.0,0.0,1.0,0.0,2.0,6.0,3.0,2541725919.0,-1.0,河源市和平县,河源市和平县合水镇,12.0,24.0,15.0,3.5,54.5,32.78235294117647,33.310891089108914,56.92664596273291
广东省,河源市,和平县,公白镇,114.9499968,24.2771748,0.0,0.0,7.0,0.0,0.0,0.0,0.0,0.0,0.0,0.0,0.0,0.0,0.0,0.0,0.0,0.0,0.0,0.0,0.0,0.0,0.0,0.0,0.0,0.0,0.0,6.0,0.0,0.0,0.0,0.0,0.0,0.0,0.0,4.0,1.0,3.0,0.0,0.0,1.0,0.0,0.0,0.0,0.0,0.0,0.0,0.0,0.0,0.0,0.0,0.0,0.0,0.0,0.0,0.0,0.0,0.0,0.0,0.0,0.0,0.0,0.0,3.0,0.0,0.0,0.0,0.0,0.0,0.0,0.0,1.0,1.0,1.0,2541877209.0,-1.0,河源市和平县,河源市和平县公白镇,12.0,5.5,0.0,1.5,19.0,32.78235294117647,33.310891089108914,56.92664596273291
广东省,河源市,和平县,青州镇,114.803248,24.355239,0.0,2.0,2.0,5.0,0.0,0.0,0.0,0.0,0.0,0.0,0.0,0.0,0.0,0.0,0.0,0.0,0.0,0.0,0.0,0.0,0.0,0.0,0.0,0.0,0.0,10.0,0.0,0.0,0.0,0.0,0.0,0.0,0.0,1.0,3.0,1.0,0.0,1.0,2.0,4.0,0.0,0.0,0.0,0.0,0.0,0.0,0.0,0.0,0.0,0.0,0.0,0.0,0.0,0.0,0.0,0.0,0.0,0.0,0.0,0.0,0.0,3.0,0.0,0.0,0.0,0.0,0.0,0.0,0.0,1.0,3.0,1.0,2541877213.0,-1.0,河源市和平县,河源市和平县青州镇,12.0,11.5,0.0,0.5,24.0,32.78235294117647,33.310891089108914,56.92664596273291
广东省,河源市,和平县,浰源镇,114.761419,24.558783,0.0,3.0,0.0,0.0,1.0,0.0,0.0,0.0,0.0,0.0,0.0,0.0,0.0,0.0,0.0,0.0,0.0,0.0,0.0,0.0,0.0,0.0,0.0,0.0,0.0,4.0,0.0,0.0,0.0,0.0,0.0,0.0,0.0,1.0,2.0,2.0,0.0,2.0,0.0,0.0,0.0,0.0,0.0,0.0,0.0,0.0,0.0,0.0,0.0,0.0,0.0,0.0,0.0,0.0,0.0,0.0,0.0,0.0,0.0,0.0,0.0,3.0,0.0,0.0,0.0,0.0,0.0,0.0,0.0,1.0,1.0,2.0,2488374381.0,-1.0,河源市和平县,河源市和平县浰源镇,11.0,6.2,0.0,1.0,18.2,32.78235294117647,33.310891089108914,56.92664596273291
广东省,河源市,和平县,热水镇,114.828268,24.4536,0.0,7.0,3.0,6.0,3.0,0.0,0.0,0.0,0.0,0.0,0.0,0.0,0.0,0.0,0.0,0.0,0.0,0.0,0.0,0.0,1.0,0.0,0.0,0.0,0.0,7.0,0.0,0.0,0.0,0.0,0.0,3.0,0.0,1.0,5.0,4.0,0.0,7.0,1.0,3.0,2.0,0.0,0.0,0.0,0.0,0.0,0.0,0.0,0.0,0.0,0.0,0.0,0.0,0.0,0.0,0.0,1.0,0.0,0.0,0.0,0.0,2.0,0.0,0.0,0.0,0.0,0.0,3.0,0.0,1.0,4.0,4.0,2543032892.0,-1.0,河源市和平县,河源市和平县热水镇,12.0,13.7,0.0,2.0,27.7,32.78235294117647,33.310891089108914,56.92664596273291
广东省,河源市,和平县,东水镇,115.1697791,24.2607532,0.0,0.0,11.0,12.0,2.0,0.0,0.0,0.0,0.0,0.0,0.0,0.0,0.0,0.0,0.0,0.0,0.0,0.0,0.0,0.0,1.0,0.0,0.0,0.0,0.0,7.0,0.0,0.0,0.0,0.0,0.0,0.0,0.0,5.0,3.0,5.0,0.0,0.0,9.0,8.0,1.0,0.0,0.0,0.0,0.0,0.0,0.0,0.0,0.0,0.0,0.0,0.0,0.0,0.0,0.0,0.0,1.0,0.0,0.0,0.0,0.0,2.0,0.0,0.0,0.0,0.0,0.0,0.0,0.0,3.0,3.0,4.0,2541575512.0,-1.0,河源市和平县,河源市和平县东水镇,12.0,12.2,0.0,2.5,26.7,32.78235294117647,33.310891089108914,56.92664596273291
广东省,河源市,和平县,礼士镇,114.996649,24.222719,0.0,1.0,0.0,7.0,0.0,0.0,0.0,0.0,0.0,0.0,0.0,0.0,0.0,0.0,0.0,0.0,0.0,0.0,0.0,0.0,0.0,0.0,0.0,0.0,0.0,8.0,0.0,0.0,0.0,0.0,0.0,0.0,0.0,4.0,2.0,2.0,0.0,1.0,0.0,3.0,0.0,0.0,0.0,0.0,0.0,0.0,0.0,0.0,0.0,0.0,0.0,0.0,0.0,0.0,0.0,0.0,0.0,0.0,0.0,0.0,0.0,3.0,0.0,0.0,0.0,0.0,0.0,0.0,0.0,2.0,2.0,2.0,2542083810.0,-1.0,河源市和平县,河源市和平县礼士镇,12.0,11.0,0.0,1.0,24.0,32.78235294117647,33.310891089108914,56.92664596273291
广东省,河源市,和平县,林寨镇,115.0626566,24.2854243,0.0,3.0,4.0,10.0,37.0,31.0,0.0,8.0,0.0,0.0,0.0,0.0,0.0,0.0,1.0,1.0,0.0,0.0,0.0,0.0,5.0,0.0,0.0,0.0,0.0,10.0,133.0,0.0,0.0,0.0,0.0,0.0,5.0,3.0,7.0,6.0,0.0,3.0,0.0,7.0,13.0,16.0,0.0,6.0,0.0,0.0,0.0,0.0,0.0,0.0,1.0,1.0,0.0,0.0,0.0,0.0,4.0,0.0,0.0,0.0,0.0,2.0,77.0,0.0,0.0,0.0,0.0,0.0,0.0,1.0,5.0,5.0,2541575515.0,-1.0,河源市和平县,河源市和平县林寨镇,12.0,23.5,5.0,19.0,59.5,32.78235294117647,33.310891089108914,56.92664596273291
广东省,河源市,东源县,仙塘镇,114.7646912,23.8256849,2.0,0.0,4.0,15.0,13.0,10.0,0.0,0.0,0.0,0.0,0.0,0.0,0.0,0.0,0.0,0.0,0.0,0.0,0.0,0.0,0.0,0.0,2.0,0.0,0.0,6.0,0.0,0.0,0.0,0.0,0.0,0.0,0.0,4.0,11.0,4.0,2.0,0.0,0.0,5.0,6.0,0.0,0.0,0.0,0.0,0.0,0.0,0.0,0.0,0.0,0.0,0.0,0.0,0.0,0.0,0.0,0.0,0.0,1.0,0.0,0.0,2.0,0.0,0.0,0.0,0.0,0.0,0.0,0.0,2.0,3.0,1.0,2065801460.0,-1.0,河源市东源县,河源市东源县仙塘镇,12.0,18.4,0.0,2.0,32.4,28.842857142857145,33.310891089108914,56.92664596273291
广东省,河源市,东源县,灯塔镇,114.7875267,24.0144743,8.0,6.0,0.0,13.0,34.0,1.0,0.0,0.0,0.0,0.0,0.0,0.0,0.0,0.0,0.0,0.0,0.0,0.0,0.0,1.0,3.0,0.0,10.0,0.0,0.0,6.0,5.0,0.0,0.0,1.0,1.0,0.0,0.0,3.0,9.0,6.0,3.0,1.0,0.0,9.0,28.0,1.0,0.0,0.0,0.0,0.0,0.0,0.0,0.0,0.0,0.0,0.0,0.0,0.0,0.0,1.0,3.0,0.0,0.0,0.0,0.0,1.0,0.0,0.0,0.0,0.0,1.0,0.0,0.0,2.0,5.0,4.0,2065854465.0,-1.0,河源市东源县,河源市东源县灯塔镇,12.0,24.0,1.0,3.6,40.6,28.842857142857145,33.310891089108914,56.92664596273291
广东省,河源市,东源县,骆湖镇,114.873227,24.046268,1.0,1.0,0.0,0.0,0.0,0.0,0.0,0.0,0.0,0.0,0.0,0.0,0.0,0.0,0.0,0.0,0.0,0.0,0.0,0.0,0.0,0.0,0.0,0.0,0.0,7.0,0.0,0.0,0.0,0.0,0.0,0.0,0.0,2.0,2.0,3.0,0.0,1.0,0.0,0.0,0.0,0.0,0.0,0.0,0.0,0.0,0.0,0.0,0.0,0.0,0.0,0.0,0.0,0.0,0.0,0.0,0.0,0.0,0.0,0.0,0.0,1.0,0.0,0.0,0.0,0.0,0.0,0.0,0.0,2.0,1.0,2.0,2541877212.0,-1.0,河源市东源县,河源市东源县骆湖镇,12.0,6.0,0.0,1.5,19.5,28.842857142857145,33.310891089108914,56.92664596273291
广东省,河源市,东源县,船塘镇,114.9406595,24.1653017,0.0,10.0,7.0,8.0,44.0,7.0,0.0,0.0,0.0,0.0,0.0,0.0,0.0,0.0,0.0,0.0,0.0,0.0,0.0,0.0,0.0,0.0,5.0,0.0,0.0,9.0,0.0,0.0,0.0,1.0,0.0,0.0,0.0,3.0,11.0,6.0,0.0,6.0,4.0,6.0,28.0,0.0,0.0,0.0,0.0,0.0,0.0,0.0,0.0,0.0,0.0,0.0,0.0,0.0,0.0,0.0,0.0,0.0,2.0,0.0,0.0,2.0,0.0,0.0,0.0,1.0,0.0,0.0,0.0,2.0,6.0,4.0,8308585302.0,-1.0,河源市东源县,河源市东源县船塘镇,12.0,24.0,0.0,3.2,39.2,28.842857142857145,33.310891089108914,56.92664596273291
广东省,河源市,东源县,顺天镇,114.762698,24.102672,0.0,4.0,0.0,4.0,1.0,0.0,0.0,0.0,0.0,0.0,0.0,0.0,0.0,0.0,1.0,1.0,0.0,0.0,0.0,0.0,0.0,0.0,0.0,0.0,0.0,6.0,1.0,0.0,0.0,0.0,0.0,0.0,0.0,3.0,4.0,4.0,0.0,3.0,0.0,2.0,0.0,0.0,0.0,0.0,0.0,0.0,0.0,0.0,0.0,0.0,0.0,0.0,0.0,0.0,0.0,0.0,0.0,0.0,0.0,0.0,0.0,2.0,0.0,0.0,0.0,0.0,0.0,0.0,0.0,2.0,2.0,3.0,2541877215.0,-1.0,河源市东源县,河源市东源县顺天镇,12.0,11.2,0.0,2.1,25.3,28.842857142857145,33.310891089108914,56.92664596273291
广东省,河源市,东源县,上莞镇,114.993578,24.0986175,0.0,3.0,4.0,9.0,1.0,0.0,0.0,0.0,0.0,0.0,0.0,0.0,0.0,0.0,0.0,0.0,0.0,0.0,0.0,0.0,0.0,0.0,0.0,0.0,0.0,11.0,0.0,0.0,0.0,0.0,0.0,0.0,0.0,1.0,4.0,2.0,0.0,0.0,3.0,6.0,0.0,0.0,0.0,0.0,0.0,0.0,0.0,0.0,0.0,0.0,0.0,0.0,0.0,0.0,0.0,0.0,0.0,0.0,0.0,0.0,0.0,4.0,0.0,0.0,0.0,0.0,0.0,0.0,0.0,1.0,2.0,0.0,3463813530.0,-1.0,河源市东源县,河源市东源县上莞镇,12.0,12.2,0.0,1.0,25.2,28.842857142857145,33.310891089108914,56.92664596273291
广东省,河源市,东源县,曾田镇,114.9815618,24.0225268,3.0,0.0,1.0,3.0,3.0,0.0,0.0,0.0,0.0,0.0,0.0,0.0,0.0,0.0,0.0,0.0,0.0,0.0,0.0,0.0,0.0,0.0,0.0,0.0,0.0,9.0,0.0,0.0,0.0,0.0,0.0,0.0,0.0,2.0,4.0,3.0,1.0,0.0,1.0,3.0,3.0,0.0,0.0,0.0,0.0,0.0,0.0,0.0,0.0,0.0,0.0,0.0,0.0,0.0,0.0,0.0,0.0,0.0,0.0,0.0,0.0,5.0,0.0,0.0,0.0,0.0,0.0,0.0,0.0,2.0,4.0,3.0,3463813532.0,-1.0,河源市东源县,河源市东源县曾田镇,12.0,11.5,0.0,1.5,25.0,28.842857142857145,33.310891089108914,56.92664596273291
广东省,河源市,东源县,柳城镇,115.1194235,24.0328238,3.0,0.0,0.0,17.0,33.0,4.0,0.0,0.0,0.0,0.0,0.0,0.0,0.0,0.0,0.0,0.0,0.0,0.0,0.0,0.0,0.0,0.0,0.0,0.0,0.0,7.0,0.0,0.0,0.0,0.0,0.0,0.0,0.0,6.0,5.0,4.0,3.0,0.0,0.0,14.0,15.0,4.0,0.0,0.0,0.0,0.0,0.0,0.0,0.0,0.0,0.0,0.0,0.0,0.0,0.0,0.0,0.0,0.0,0.0,0.0,0.0,3.0,0.0,0.0,0.0,0.0,0.0,0.0,0.0,3.0,5.0,4.0,3463813529.0,-1.0,河源市东源县,河源市东源县柳城镇,12.0,22.5,0.0,2.0,36.5,28.842857142857145,33.310891089108914,56.92664596273291
广东省,河源市,东源县,义合镇,114.8657131,23.8432545,0.0,0.0,13.0,27.0,30.0,1.0,0.0,0.0,0.0,0.0,0.0,0.0,1.0,1.0,3.0,3.0,0.0,0.0,0.0,0.0,0.0,0.0,0.0,0.0,0.0,9.0,0.0,0.0,0.0,0.0,0.0,0.0,2.0,4.0,8.0,4.0,0.0,0.0,8.0,0.0,6.0,0.0,0.0,0.0,0.0,0.0,0.0,0.0,1.0,1.0,0.0,0.0,0.0,0.0,0.0,0.0,0.0,0.0,0.0,0.0,0.0,4.0,0.0,0.0,0.0,0.0,0.0,0.0,0.0,3.0,4.0,3.0,3463720407.0,17320047.0,河源市东源县,河源市东源县义合镇,20.0,21.8,5.0,2.0,48.8,28.842857142857145,33.310891089108914,56.92664596273291
广东省,河源市,东源县,蓝口镇,115.0810072,23.950335,0.0,0.0,14.0,5.0,5.0,1.0,0.0,0.0,0.0,0.0,2.0,0.0,0.0,0.0,0.0,0.0,0.0,0.0,0.0,0.0,0.0,0.0,2.0,0.0,0.0,8.0,1.0,0.0,0.0,0.0,0.0,0.0,0.0,5.0,9.0,5.0,0.0,0.0,7.0,0.0,2.0,0.0,0.0,0.0,0.0,0.0,0.0,0.0,0.0,0.0,0.0,0.0,0.0,0.0,0.0,0.0,0.0,0.0,0.0,0.0,0.0,3.0,0.0,0.0,0.0,0.0,0.0,0.0,0.0,3.0,4.0,4.0,3463720406.0,-1.0,河源市东源县,河源市东源县蓝口镇,12.0,17.6,0.0,2.6,32.2,28.842857142857145,33.310891089108914,56.92664596273291
广东省,河源市,东源县,黄田镇,114.9799209,23.8788798,0.0,0.0,8.0,0.0,0.0,0.0,0.0,0.0,1.0,0.0,0.0,0.0,0.0,0.0,0.0,0.0,0.0,0.0,0.0,0.0,0.0,0.0,0.0,0.0,0.0,4.0,0.0,0.0,0.0,1.0,0.0,0.0,0.0,5.0,3.0,3.0,0.0,0.0,7.0,0.0,0.0,0.0,0.0,0.0,0.0,0.0,0.0,0.0,0.0,0.0,0.0,0.0,0.0,0.0,0.0,0.0,0.0,0.0,0.0,0.0,0.0,2.0,0.0,0.0,0.0,0.0,0.0,0.0,0.0,4.0,3.0,3.0,3463720404.0,-1.0,河源市东源县,河源市东源县黄田镇,11.0,8.5,0.0,1.6,21.1,28.842857142857145,33.310891089108914,56.92664596273291
广东省,河源市,东源县,叶潭镇,115.179177,23.907822,0.0,0.0,4.0,0.0,0.0,0.0,0.0,0.0,0.0,0.0,0.0,0.0,0.0,0.0,0.0,0.0,0.0,0.0,0.0,0.0,0.0,0.0,0.0,0.0,0.0,5.0,0.0,0.0,0.0,0.0,0.0,0.0,0.0,2.0,1.0,2.0,0.0,0.0,3.0,0.0,0.0,0.0,0.0,0.0,0.0,0.0,0.0,0.0,0.0,0.0,0.0,0.0,0.0,0.0,0.0,0.0,0.0,0.0,0.0,0.0,0.0,2.0,0.0,0.0,0.0,0.0,0.0,0.0,0.0,2.0,1.0,2.0,4347720059.0,-1.0,河源市东源县,河源市东源县叶潭镇,12.0,5.5,0.0,1.0,18.5,28.842857142857145,33.310891089108914,56.92664596273291
广东省,河源市,东源县,黄村镇,115.2210603,23.8294692,0.0,0.0,4.0,6.0,4.0,0.0,0.0,0.0,0.0,0.0,1.0,0.0,0.0,0.0,1.0,1.0,0.0,0.0,0.0,0.0,0.0,0.0,0.0,0.0,1.0,9.0,1.0,0.0,0.0,0.0,0.0,0.0,0.0,3.0,6.0,3.0,0.0,0.0,3.0,6.0,3.0,0.0,0.0,0.0,0.0,0.0,0.0,0.0,0.0,0.0,1.0,1.0,0.0,0.0,0.0,0.0,0.0,0.0,0.0,0.0,0.0,5.0,0.0,0.0,0.0,0.0,0.0,0.0,0.0,2.0,3.0,2.0,2065892256.0,-1.0,河源市东源县,河源市东源县黄村镇,12.0,16.7,5.0,1.6,35.300000000000004,28.842857142857145,33.310891089108914,56.92664596273291
广东省,河源市,东源县,康禾镇,115.0753015,23.7811149,0.0,0.0,4.0,8.0,13.0,0.0,0.0,0.0,0.0,0.0,0.0,0.0,0.0,0.0,0.0,0.0,0.0,0.0,0.0,0.0,0.0,0.0,0.0,0.0,0.0,6.0,0.0,0.0,0.0,0.0,0.0,0.0,0.0,2.0,4.0,3.0,0.0,0.0,4.0,5.0,10.0,0.0,0.0,0.0,0.0,0.0,0.0,0.0,0.0,0.0,0.0,0.0,0.0,0.0,0.0,0.0,0.0,0.0,0.0,0.0,0.0,2.0,0.0,0.0,0.0,0.0,0.0,0.0,0.0,2.0,4.0,2.0,3463720405.0,-1.0,河源市东源县,河源市东源县康禾镇,12.0,17.6,0.0,1.5,31.1,28.842857142857145,33.310891089108914,56.92664596273291
广东省,河源市,东源县,锡场镇,114.4522203,23.9293093,0.0,8.0,1.0,0.0,4.0,0.0,0.0,0.0,0.0,0.0,0.0,0.0,0.0,0.0,0.0,0.0,0.0,0.0,0.0,0.0,1.0,0.0,0.0,0.0,0.0,1.0,0.0,0.0,0.0,1.0,0.0,0.0,0.0,2.0,4.0,4.0,0.0,6.0,1.0,0.0,4.0,0.0,0.0,0.0,0.0,0.0,0.0,0.0,0.0,0.0,0.0,0.0,0.0,0.0,0.0,0.0,1.0,0.0,0.0,0.0,0.0,1.0,0.0,0.0,0.0,1.0,0.0,0.0,0.0,2.0,4.0,4.0,4163769319.0,-1.0,河源市东源县,河源市东源县锡场镇,8.0,9.0,0.0,2.2,19.2,28.842857142857145,33.310891089108914,56.92664596273291
广东省,河源市,东源县,新港镇,114.6360059,23.7826562,0.0,6.0,0.0,0.0,39.0,17.0,0.0,2.0,0.0,3.0,0.0,0.0,0.0,0.0,0.0,0.0,0.0,0.0,0.0,0.0,1.0,0.0,0.0,0.0,0.0,1.0,2.0,0.0,0.0,1.0,0.0,0.0,0.0,5.0,5.0,4.0,0.0,6.0,0.0,0.0,35.0,10.0,0.0,0.0,0.0,3.0,0.0,0.0,0.0,0.0,0.0,0.0,0.0,0.0,0.0,0.0,1.0,0.0,0.0,0.0,0.0,1.0,2.0,0.0,0.0,1.0,0.0,0.0,0.0,5.0,3.0,3.0,8308585299.0,-1.0,河源市东源县,河源市东源县新港镇,8.0,24.5,0.0,2.6,35.1,28.842857142857145,33.310891089108914,56.92664596273291
广东省,河源市,东源县,双江镇,114.712561,23.950552,0.0,2.0,0.0,0.0,10.0,1.0,0.0,0.0,0.0,0.0,1.0,0.0,0.0,0.0,0.0,0.0,0.0,0.0,0.0,0.0,0.0,0.0,0.0,0.0,0.0,7.0,0.0,0.0,0.0,0.0,0.0,0.0,0.0,3.0,4.0,5.0,0.0,2.0,0.0,0.0,10.0,1.0,0.0,0.0,0.0,0.0,1.0,0.0,0.0,0.0,0.0,0.0,0.0,0.0,0.0,0.0,0.0,0.0,0.0,0.0,0.0,2.0,0.0,0.0,0.0,0.0,0.0,0.0,0.0,2.0,4.0,4.0,8308585298.0,-1.0,河源市东源县,河源市东源县双江镇,12.0,14.0,0.0,2.5,28.5,28.842857142857145,33.310891089108914,56.92664596273291
广东省,河源市,东源县,涧头镇,114.700597,24.051396,0.0,0.0,0.0,5.0,4.0,1.0,0.0,0.0,0.0,0.0,0.0,0.0,0.0,0.0,0.0,0.0,0.0,0.0,0.0,0.0,0.0,0.0,0.0,0.0,0.0,5.0,0.0,0.0,0.0,0.0,0.0,0.0,0.0,3.0,3.0,4.0,0.0,0.0,0.0,1.0,0.0,1.0,0.0,0.0,0.0,0.0,0.0,0.0,0.0,0.0,0.0,0.0,0.0,0.0,0.0,0.0,0.0,0.0,0.0,0.0,0.0,1.0,0.0,0.0,0.0,0.0,0.0,0.0,0.0,1.0,2.0,1.0,2541877211.0,-1.0,河源市东源县,河源市东源县涧头镇,12.0,7.3,0.0,2.0,21.3,28.842857142857145,33.310891089108914,56.92664596273291
广东省,河源市,东源县,新回龙镇,114.379969,23.7547199,0.0,7.0,0.0,0.0,11.0,0.0,0.0,0.0,0.0,0.0,0.0,0.0,0.0,0.0,0.0,0.0,0.0,0.0,0.0,0.0,2.0,0.0,0.0,0.0,0.0,4.0,0.0,0.0,0.0,0.0,0.0,0.0,0.0,7.0,3.0,6.0,0.0,3.0,0.0,0.0,11.0,0.0,0.0,0.0,0.0,0.0,0.0,0.0,0.0,0.0,0.0,0.0,0.0,0.0,0.0,0.0,2.0,0.0,0.0,0.0,0.0,2.0,0.0,0.0,0.0,0.0,0.0,0.0,0.0,2.0,3.0,3.0,8308585300.0,-1.0,河源市东源县,河源市东源县新回龙镇,11.0,12.0,0.0,3.0,26.0,28.842857142857145,33.310891089108914,56.92664596273291
广东省,河源市,东源县,半江镇,114.554562,24.0386944,0.0,0.0,0.0,2.0,1.0,2.0,0.0,0.0,0.0,0.0,0.0,0.0,0.0,0.0,0.0,0.0,0.0,0.0,0.0,0.0,0.0,0.0,0.0,0.0,0.0,3.0,0.0,0.0,0.0,0.0,0.0,0.0,0.0,3.0,3.0,4.0,0.0,0.0,0.0,2.0,1.0,2.0,0.0,0.0,0.0,0.0,0.0,0.0,0.0,0.0,0.0,0.0,0.0,0.0,0.0,0.0,0.0,0.0,0.0,0.0,0.0,1.0,0.0,0.0,0.0,0.0,0.0,0.0,0.0,3.0,3.0,3.0,8308585301.0,-1.0,河源市东源县,河源市东源县半江镇,10.0,4.0,0.0,2.0,16.0,28.842857142857145,33.310891089108914,56.92664596273291
广东省,河源市,东源县,漳溪乡,114.922547,24.102743,0.0,1.0,1.0,0.0,17.0,0.0,0.0,0.0,0.0,0.0,0.0,0.0,0.0,0.0,0.0,0.0,0.0,0.0,0.0,0.0,0.0,0.0,0.0,0.0,0.0,8.0,0.0,0.0,0.0,0.0,0.0,0.0,0.0,2.0,4.0,4.0,0.0,1.0,0.0,0.0,15.0,0.0,0.0,0.0,0.0,0.0,0.0,0.0,0.0,0.0,0.0,0.0,0.0,0.0,0.0,0.0,0.0,0.0,0.0,0.0,0.0,3.0,0.0,0.0,0.0,0.0,0.0,0.0,0.0,1.0,3.0,2.0,8308645685.0,-1.0,河源市东源县,河源市东源县漳溪乡,12.0,14.9,0.0,2.0,28.9,28.842857142857145,33.310891089108914,56.92664596273291
广东省,阳江市,江城区,南恩街道,111.9472448,21.8638488,10.0,129.0,72.0,62.0,355.0,2.0,0.0,7.0,238.0,0.0,0.0,0.0,1.0,1.0,2.0,2.0,0.0,0.0,0.0,1.0,17.0,3.0,1.0,0.0,1.0,10.0,1.0,0.0,0.0,4.0,1.0,24.0,0.0,9.0,15.0,9.0,0.0,35.0,26.0,16.0,71.0,0.0,0.0,0.0,50.0,0.0,0.0,0.0,0.0,0.0,0.0,0.0,0.0,0.0,0.0,0.0,7.0,0.0,0.0,0.0,0.0,2.0,0.0,0.0,0.0,1.0,0.0,7.0,0.0,3.0,9.0,4.0,8405155598.0,-1.0,阳江市江城区,阳江市江城区南恩街道,12.0,26.0,0.0,4.6,42.6,48.78333333333333,41.27916666666667,56.92664596273291
广东省,阳江市,江城区,城南街道,111.9581936,21.8461738,0.0,100.0,97.0,89.0,261.0,51.0,0.0,50.0,228.0,12.0,0.0,2.0,1.0,1.0,10.0,10.0,0.0,0.0,0.0,2.0,15.0,2.0,0.0,0.0,0.0,12.0,63.0,0.0,0.0,20.0,1.0,19.0,1.0,10.0,15.0,10.0,0.0,5.0,8.0,25.0,40.0,0.0,0.0,0.0,14.0,0.0,0.0,0.0,1.0,1.0,1.0,1.0,0.0,0.0,0.0,0.0,1.0,0.0,0.0,0.0,0.0,1.0,0.0,0.0,0.0,0.0,0.0,3.0,0.0,1.0,5.0,4.0,8405155597.0,-1.0,阳江市江城区,阳江市江城区城南街道,12.0,28.0,15.0,12.3,67.3,48.78333333333333,41.27916666666667,56.92664596273291
广东省,阳江市,江城区,城北街道,111.9635366,21.8755181,14.0,143.0,95.0,65.0,366.0,51.0,0.0,63.0,250.0,13.0,0.0,2.0,0.0,0.0,3.0,3.0,0.0,0.0,0.0,4.0,23.0,3.0,1.0,0.0,0.0,6.0,65.0,0.0,0.0,19.0,2.0,41.0,2.0,9.0,18.0,11.0,0.0,14.0,18.0,3.0,89.0,0.0,0.0,0.0,36.0,0.0,0.0,0.0,0.0,0.0,0.0,0.0,0.0,0.0,0.0,0.0,4.0,1.0,0.0,0.0,0.0,1.0,0.0,0.0,0.0,0.0,0.0,6.0,0.0,2.0,9.0,6.0,8405155596.0,12289881.0,阳江市江城区,阳江市江城区城北街道,20.0,28.0,5.0,12.4,65.4,48.78333333333333,41.27916666666667,56.92664596273291
广东省,阳江市,江城区,中洲街道,111.9270801,21.860742,0.0,77.0,36.0,45.0,144.0,1.0,0.0,0.0,116.0,0.0,0.0,0.0,0.0,0.0,0.0,0.0,0.0,0.0,0.0,0.0,8.0,0.0,0.0,0.0,1.0,8.0,0.0,0.0,0.0,3.0,0.0,11.0,0.0,5.0,11.0,8.0,0.0,11.0,1.0,6.0,4.0,0.0,0.0,0.0,8.0,0.0,0.0,0.0,0.0,0.0,0.0,0.0,0.0,0.0,0.0,0.0,2.0,0.0,0.0,0.0,1.0,1.0,0.0,0.0,0.0,0.0,0.0,0.0,0.0,2.0,7.0,5.0,8405155595.0,-1.0,阳江市江城区,阳江市江城区中洲街道,12.0,26.0,0.0,4.3,42.3,48.78333333333333,41.27916666666667,56.92664596273291
广东省,阳江市,江城区,城东街道,111.9676083,21.8564005,0.0,130.0,117.0,99.0,344.0,51.0,0.0,81.0,244.0,13.0,0.0,2.0,1.0,1.0,9.0,9.0,0.0,0.0,0.0,3.0,23.0,3.0,0.0,0.0,0.0,8.0,63.0,0.0,0.0,19.0,1.0,28.0,2.0,10.0,15.0,10.0,0.0,39.0,15.0,9.0,56.0,5.0,0.0,5.0,62.0,3.0,0.0,1.0,1.0,1.0,1.0,1.0,0.0,0.0,0.0,2.0,4.0,2.0,0.0,0.0,0.0,1.0,7.0,0.0,0.0,1.0,0.0,3.0,0.0,2.0,13.0,6.0,8356970580.0,-1.0,阳江市江城区,阳江市江城区城东街道,12.0,28.0,17.0,13.0,70.0,48.78333333333333,41.27916666666667,56.92664596273291
广东省,阳江市,江城区,岗列街道,111.9818375,21.8298473,26.0,74.0,100.0,90.0,56.0,17.0,0.0,21.0,107.0,3.0,0.0,0.0,1.0,1.0,12.0,12.0,0.0,0.0,0.0,2.0,5.0,0.0,0.0,0.0,0.0,7.0,33.0,0.0,0.0,1.0,2.0,8.0,0.0,7.0,16.0,8.0,0.0,7.0,32.0,23.0,0.0,0.0,0.0,0.0,14.0,0.0,0.0,0.0,0.0,0.0,2.0,2.0,0.0,0.0,0.0,0.0,2.0,0.0,0.0,0.0,0.0,2.0,0.0,0.0,0.0,0.0,0.0,1.0,0.0,1.0,4.0,4.0,369495289.0,-1.0,阳江市江城区,阳江市江城区岗列街道,12.0,28.0,5.0,7.4,52.4,48.78333333333333,41.27916666666667,56.92664596273291
广东省,阳江市,江城区,城西街道,111.9413127,21.8344306,24.0,22.0,38.0,57.0,109.0,0.0,0.0,0.0,56.0,0.0,0.0,0.0,1.0,1.0,3.0,3.0,0.0,0.0,0.0,0.0,4.0,0.0,0.0,0.0,0.0,9.0,0.0,0.0,0.0,10.0,2.0,3.0,0.0,4.0,13.0,6.0,0.0,0.0,5.0,3.0,10.0,0.0,0.0,0.0,20.0,0.0,0.0,0.0,0.0,0.0,0.0,0.0,0.0,0.0,0.0,0.0,2.0,0.0,0.0,0.0,0.0,2.0,0.0,0.0,0.0,1.0,0.0,0.0,0.0,2.0,5.0,3.0,8405155599.0,-1.0,阳江市江城区,阳江市江城区城西街道,12.0,26.0,0.0,4.1,42.1,48.78333333333333,41.27916666666667,56.92664596273291
广东省,阳江市,江城区,白沙街道,111.886095,21.869187,19.0,19.0,3.0,24.0,54.0,5.0,0.0,0.0,48.0,0.0,0.0,0.0,0.0,0.0,0.0,0.0,0.0,0.0,0.0,0.0,0.0,0.0,2.0,0.0,0.0,4.0,41.0,0.0,1.0,3.0,0.0,0.0,0.0,4.0,11.0,4.0,15.0,7.0,1.0,5.0,14.0,0.0,0.0,0.0,20.0,0.0,0.0,0.0,0.0,0.0,0.0,0.0,0.0,0.0,0.0,0.0,0.0,0.0,0.0,0.0,0.0,1.0,0.0,0.0,0.0,1.0,0.0,0.0,0.0,3.0,9.0,0.0,4456237242.0,-1.0,阳江市江城区,阳江市江城区白沙街道,11.0,26.0,0.0,6.5,43.5,48.78333333333333,41.27916666666667,56.92664596273291
广东省,阳江市,江城区,埠场镇,111.9358924,21.7912758,0.0,9.0,1.0,0.0,31.0,1.0,0.0,0.0,0.0,0.0,0.0,0.0,0.0,0.0,0.0,0.0,0.0,0.0,0.0,0.0,7.0,0.0,3.0,0.0,0.0,15.0,0.0,0.0,0.0,5.0,0.0,0.0,0.0,3.0,9.0,6.0,0.0,5.0,1.0,0.0,18.0,1.0,0.0,0.0,0.0,0.0,0.0,0.0,0.0,0.0,0.0,0.0,0.0,0.0,0.0,0.0,0.0,0.0,2.0,0.0,0.0,2.0,0.0,0.0,0.0,2.0,0.0,0.0,0.0,3.0,9.0,3.0,8405155600.0,-1.0,阳江市江城区,阳江市江城区埠场镇,12.0,20.6,0.0,3.7,36.300000000000004,48.78333333333333,41.27916666666667,56.92664596273291
广东省,阳江市,江城区,平冈镇,111.8984472,21.7621801,18.0,12.0,3.0,12.0,14.0,2.0,0.0,0.0,78.0,0.0,0.0,0.0,0.0,0.0,0.0,0.0,0.0,0.0,0.0,0.0,8.0,0.0,1.0,0.0,0.0,16.0,0.0,0.0,0.0,0.0,0.0,0.0,0.0,2.0,13.0,5.0,0.0,2.0,1.0,0.0,4.0,0.0,0.0,0.0,16.0,0.0,0.0,0.0,0.0,0.0,0.0,0.0,0.0,0.0,0.0,0.0,1.0,0.0,0.0,0.0,0.0,2.0,0.0,0.0,0.0,0.0,0.0,0.0,0.0,1.0,4.0,1.0,8393962037.0,-1.0,阳江市江城区,阳江市江城区平冈镇,12.0,20.0,0.0,2.5,34.5,48.78333333333333,41.27916666666667,56.92664596273291
广东省,阳江市,江城区,闸坡镇,111.9313771,21.6340981,0.0,0.0,5.0,21.0,60.0,1.0,0.0,0.0,66.0,0.0,1.0,0.0,0.0,0.0,2.0,2.0,0.0,0.0,0.0,1.0,33.0,1.0,1.0,0.0,0.0,15.0,2.0,0.0,0.0,2.0,0.0,0.0,1.0,1.0,8.0,15.0,0.0,0.0,1.0,3.0,34.0,0.0,0.0,0.0,24.0,0.0,0.0,0.0,0.0,0.0,1.0,1.0,0.0,0.0,0.0,0.0,9.0,0.0,0.0,0.0,0.0,5.0,0.0,0.0,0.0,0.0,0.0,0.0,0.0,1.0,4.0,4.0,-2.0,19725874.0,阳江市江城区,阳江市江城区闸坡镇,13.0,28.0,5.0,4.4,50.4,48.78333333333333,41.27916666666667,56.92664596273291
广东省,阳江市,江城区,双捷镇,111.804869,21.9544251,8.0,0.0,10.0,7.0,30.0,1.0,0.0,0.0,8.0,0.0,0.0,0.0,0.0,0.0,0.0,0.0,0.0,0.0,0.0,0.0,0.0,0.0,1.0,0.0,0.0,4.0,1.0,0.0,0.0,0.0,0.0,0.0,0.0,7.0,10.0,3.0,0.0,0.0,5.0,5.0,22.0,1.0,0.0,0.0,2.0,0.0,0.0,0.0,0.0,0.0,0.0,0.0,0.0,0.0,0.0,0.0,0.0,0.0,0.0,0.0,0.0,1.0,0.0,0.0,0.0,0.0,0.0,0.0,0.0,4.0,6.0,2.0,3342829655.0,-1.0,阳江市江城区,阳江市江城区双捷镇,11.0,26.0,0.0,1.6,38.6,48.78333333333333,41.27916666666667,56.92664596273291
广东省,阳江市,阳东区,东城镇,112.0128726,21.8739289,11.0,43.0,94.0,69.0,234.0,1.0,0.0,19.0,152.0,1.0,0.0,0.0,2.0,2.0,15.0,15.0,0.0,0.0,0.0,0.0,7.0,0.0,2.0,0.0,0.0,5.0,45.0,0.0,0.0,2.0,0.0,12.0,0.0,9.0,17.0,8.0,0.0,0.0,37.0,9.0,55.0,0.0,0.0,0.0,12.0,0.0,0.0,0.0,0.0,0.0,2.0,2.0,0.0,0.0,0.0,0.0,1.0,0.0,1.0,0.0,0.0,1.0,1.0,0.0,0.0,1.0,0.0,3.0,0.0,1.0,6.0,6.0,8405695358.0,-1.0,阳江市阳东区,阳江市阳东区东城镇,12.0,28.0,5.0,8.9,53.9,41.78181818181818,41.27916666666667,56.92664596273291
广东省,阳江市,阳东区,北惯镇,112.0666397,21.9284322,3.0,4.0,12.0,16.0,76.0,3.0,0.0,0.0,66.0,0.0,0.0,0.0,0.0,0.0,0.0,0.0,0.0,0.0,0.0,0.0,2.0,0.0,2.0,0.0,0.0,22.0,11.0,0.0,0.0,0.0,0.0,0.0,0.0,3.0,13.0,3.0,3.0,0.0,4.0,9.0,27.0,3.0,0.0,0.0,18.0,0.0,0.0,0.0,0.0,0.0,0.0,0.0,0.0,0.0,0.0,0.0,1.0,0.0,2.0,0.0,0.0,1.0,0.0,0.0,0.0,0.0,0.0,0.0,0.0,2.0,8.0,2.0,8405695359.0,-1.0,阳江市阳东区,阳江市阳东区北惯镇,12.0,26.0,0.0,2.6,40.6,41.78181818181818,41.27916666666667,56.92664596273291
广东省,阳江市,阳东区,那龙镇,112.2100706,22.0477689,10.0,5.0,0.0,7.0,15.0,1.0,0.0,0.0,2.0,0.0,2.0,0.0,0.0,0.0,0.0,0.0,0.0,0.0,0.0,1.0,0.0,0.0,0.0,0.0,0.0,13.0,2.0,0.0,0.0,0.0,2.0,0.0,0.0,11.0,10.0,1.0,2.0,0.0,0.0,5.0,13.0,0.0,0.0,0.0,0.0,0.0,0.0,0.0,0.0,0.0,0.0,0.0,0.0,0.0,0.0,0.0,0.0,0.0,0.0,0.0,0.0,4.0,0.0,0.0,0.0,0.0,0.0,0.0,0.0,10.0,4.0,1.0,5485661873.0,-1.0,阳江市阳东区,阳江市阳东区那龙镇,12.0,24.9,0.0,0.7,37.6,41.78181818181818,41.27916666666667,56.92664596273291
广东省,阳江市,阳东区,东平镇,112.2232866,21.7424261,12.0,0.0,6.0,20.0,57.0,5.0,0.0,3.0,1.0,0.0,0.0,1.0,0.0,0.0,1.0,1.0,0.0,0.0,0.0,6.0,2.0,0.0,0.0,0.0,0.0,6.0,5.0,0.0,0.0,0.0,7.0,2.0,3.0,2.0,10.0,10.0,8.0,0.0,3.0,12.0,35.0,0.0,0.0,0.0,1.0,0.0,0.0,1.0,0.0,0.0,0.0,0.0,0.0,0.0,0.0,1.0,0.0,0.0,0.0,0.0,0.0,3.0,1.0,0.0,0.0,0.0,0.0,0.0,0.0,2.0,6.0,3.0,6503033925.0,-1.0,阳江市阳东区,阳江市阳东区东平镇,12.0,26.0,6.0,4.6,48.6,41.78181818181818,41.27916666666667,56.92664596273291
广东省,阳江市,阳东区,雅韶镇,112.0431561,21.8224734,10.0,10.0,3.0,11.0,10.0,1.0,0.0,0.0,30.0,0.0,0.0,0.0,0.0,0.0,3.0,3.0,0.0,0.0,0.0,0.0,0.0,0.0,0.0,0.0,0.0,12.0,12.0,0.0,0.0,0.0,0.0,1.0,0.0,7.0,13.0,5.0,6.0,2.0,1.0,3.0,6.0,0.0,0.0,0.0,16.0,0.0,0.0,0.0,0.0,0.0,1.0,1.0,0.0,0.0,0.0,0.0,0.0,0.0,0.0,0.0,0.0,3.0,12.0,0.0,0.0,0.0,0.0,1.0,0.0,3.0,8.0,1.0,8405695357.0,-1.0,阳江市阳东区,阳江市阳东区雅韶镇,12.0,19.8,5.0,4.9,41.699999999999996,41.78181818181818,41.27916666666667,56.92664596273291
广东省,阳江市,阳东区,大沟镇,112.154749,21.832337,5.0,0.0,1.0,5.0,42.0,0.0,0.0,0.0,0.0,0.0,0.0,0.0,1.0,1.0,2.0,2.0,0.0,0.0,0.0,0.0,0.0,0.0,0.0,0.0,0.0,27.0,0.0,0.0,0.0,0.0,1.0,0.0,0.0,3.0,6.0,3.0,2.0,0.0,1.0,1.0,10.0,0.0,0.0,0.0,0.0,0.0,0.0,0.0,1.0,1.0,2.0,2.0,0.0,0.0,0.0,0.0,0.0,0.0,0.0,0.0,0.0,5.0,0.0,0.0,0.0,0.0,1.0,0.0,0.0,2.0,5.0,1.0,8405695356.0,-1.0,阳江市阳东区,阳江市阳东区大沟镇,12.0,23.0,10.0,1.5,46.5,41.78181818181818,41.27916666666667,56.92664596273291
广东省,阳江市,阳东区,新洲镇,112.2831906,21.8614924,0.0,1.0,1.0,7.0,23.0,0.0,0.0,0.0,0.0,0.0,0.0,0.0,0.0,0.0,0.0,0.0,0.0,0.0,0.0,0.0,33.0,2.0,0.0,0.0,0.0,5.0,0.0,0.0,0.0,0.0,0.0,0.0,0.0,2.0,6.0,4.0,0.0,1.0,1.0,4.0,16.0,0.0,0.0,0.0,0.0,0.0,0.0,0.0,0.0,0.0,0.0,0.0,0.0,0.0,0.0,0.0,5.0,1.0,0.0,0.0,0.0,1.0,0.0,0.0,0.0,0.0,0.0,0.0,0.0,2.0,5.0,4.0,4459967505.0,-1.0,阳江市阳东区,阳江市阳东区新洲镇,12.0,22.4,0.0,2.0,36.4,41.78181818181818,41.27916666666667,56.92664596273291
广东省,阳江市,阳东区,合山镇,112.124122,21.966007,8.0,5.0,18.0,30.0,95.0,3.0,0.0,11.0,43.0,0.0,0.0,0.0,0.0,0.0,0.0,0.0,0.0,0.0,0.0,0.0,1.0,0.0,0.0,0.0,0.0,26.0,3.0,0.0,0.0,0.0,0.0,2.0,0.0,4.0,12.0,4.0,7.0,3.0,4.0,5.0,55.0,0.0,0.0,0.0,24.0,0.0,0.0,0.0,0.0,0.0,0.0,0.0,0.0,0.0,0.0,0.0,1.0,0.0,0.0,0.0,0.0,1.0,0.0,0.0,0.0,0.0,0.0,0.0,0.0,2.0,6.0,2.0,8405695360.0,-1.0,阳江市阳东区,阳江市阳东区合山镇,12.0,26.0,0.0,2.3,40.3,41.78181818181818,41.27916666666667,56.92664596273291
广东省,阳江市,阳东区,塘坪镇,111.934628,22.028238,6.0,2.0,1.0,4.0,8.0,0.0,0.0,0.0,48.0,0.0,0.0,0.0,0.0,0.0,0.0,0.0,0.0,0.0,0.0,0.0,0.0,0.0,0.0,0.0,0.0,8.0,0.0,0.0,0.0,0.0,0.0,0.0,0.0,3.0,8.0,1.0,4.0,1.0,0.0,3.0,5.0,0.0,0.0,0.0,28.0,0.0,0.0,0.0,0.0,0.0,0.0,0.0,0.0,0.0,0.0,0.0,0.0,0.0,0.0,0.0,0.0,2.0,0.0,0.0,0.0,0.0,0.0,0.0,0.0,3.0,5.0,1.0,8405695361.0,-1.0,阳江市阳东区,阳江市阳东区塘坪镇,12.0,18.1,0.0,0.5,30.6,41.78181818181818,41.27916666666667,56.92664596273291
广东省,阳江市,阳东区,大八镇,111.958895,22.067775,0.0,0.0,4.0,1.0,61.0,0.0,0.0,0.0,26.0,0.0,0.0,0.0,0.0,0.0,0.0,0.0,0.0,0.0,0.0,0.0,0.0,0.0,0.0,0.0,0.0,8.0,0.0,0.0,0.0,0.0,0.0,0.0,0.0,3.0,7.0,2.0,0.0,0.0,2.0,0.0,31.0,0.0,0.0,0.0,6.0,0.0,0.0,0.0,0.0,0.0,0.0,0.0,0.0,0.0,0.0,0.0,0.0,0.0,0.0,0.0,0.0,1.0,0.0,0.0,0.0,0.0,0.0,0.0,0.0,2.0,4.0,1.0,8405695355.0,-1.0,阳江市阳东区,阳江市阳东区大八镇,12.0,25.5,0.0,1.0,38.5,41.78181818181818,41.27916666666667,56.92664596273291
广东省,阳江市,阳东区,红丰镇,111.9329153,21.9231422,11.0,6.0,5.0,11.0,33.0,7.0,0.0,3.0,60.0,2.0,2.0,0.0,0.0,0.0,0.0,0.0,1.0,0.0,0.0,2.0,0.0,0.0,1.0,0.0,0.0,9.0,8.0,0.0,0.0,0.0,0.0,0.0,0.0,6.0,16.0,5.0,1.0,0.0,0.0,0.0,10.0,0.0,0.0,0.0,24.0,0.0,0.0,0.0,0.0,0.0,0.0,0.0,0.0,0.0,0.0,0.0,0.0,0.0,0.0,0.0,0.0,1.0,0.0,0.0,0.0,0.0,0.0,0.0,0.0,2.0,4.0,0.0,8405695362.0,-1.0,阳江市阳东区,阳江市阳东区红丰镇,12.0,29.6,0.0,3.3,44.9,41.78181818181818,41.27916666666667,56.92664596273291
广东省,阳江市,阳西县,织篢镇,111.6145205,21.746618,0.0,73.0,142.0,106.0,110.0,53.0,0.0,1.0,166.0,1.0,0.0,0.0,0.0,0.0,9.0,10.0,0.0,0.0,0.0,0.0,32.0,0.0,1.0,0.0,0.0,9.0,3.0,0.0,0.0,1.0,0.0,14.0,1.0,2.0,11.0,7.0,0.0,30.0,53.0,28.0,40.0,7.0,0.0,0.0,58.0,1.0,0.0,0.0,0.0,0.0,4.0,4.0,0.0,0.0,0.0,0.0,1.0,0.0,0.0,0.0,0.0,3.0,0.0,0.0,0.0,0.0,0.0,1.0,0.0,1.0,9.0,5.0,3343705060.0,-1.0,阳江市阳西县,阳江市阳西县织篢镇,12.0,28.0,5.0,3.9,48.9,37.325,41.27916666666667,56.92664596273291
广东省,阳江市,阳西县,程村镇,111.7102917,21.8218216,10.0,9.0,8.0,15.0,22.0,0.0,0.0,0.0,0.0,0.0,0.0,0.0,0.0,0.0,0.0,0.0,0.0,0.0,0.0,0.0,0.0,0.0,0.0,0.0,0.0,14.0,7.0,0.0,0.0,0.0,0.0,1.0,0.0,4.0,10.0,3.0,2.0,2.0,0.0,3.0,0.0,0.0,0.0,0.0,0.0,0.0,0.0,0.0,0.0,0.0,0.0,0.0,0.0,0.0,0.0,0.0,0.0,0.0,0.0,0.0,0.0,1.0,2.0,0.0,0.0,0.0,0.0,0.0,0.0,2.0,3.0,0.0,2065866009.0,-1.0,阳江市阳西县,阳江市阳西县程村镇,12.0,18.4,0.0,2.4,32.8,37.325,41.27916666666667,56.92664596273291
广东省,阳江市,阳西县,塘口镇,111.575018,21.830951,0.0,17.0,3.0,2.0,6.0,0.0,0.0,0.0,2.0,0.0,0.0,0.0,0.0,0.0,0.0,0.0,0.0,0.0,0.0,0.0,0.0,0.0,0.0,0.0,1.0,7.0,0.0,0.0,0.0,0.0,0.0,0.0,0.0,1.0,5.0,3.0,0.0,15.0,3.0,2.0,3.0,0.0,0.0,0.0,2.0,0.0,0.0,0.0,0.0,0.0,0.0,0.0,0.0,0.0,0.0,0.0,0.0,0.0,0.0,0.0,0.0,2.0,0.0,0.0,0.0,0.0,0.0,0.0,0.0,1.0,5.0,2.0,3343705058.0,-1.0,阳江市阳西县,阳江市阳西县塘口镇,12.0,13.6,0.0,1.5,27.1,37.325,41.27916666666667,56.92664596273291
广东省,阳江市,阳西县,上洋镇,111.5903851,21.5992202,0.0,20.0,3.0,8.0,37.0,2.0,0.0,4.0,18.0,0.0,0.0,0.0,0.0,0.0,0.0,0.0,0.0,0.0,0.0,0.0,20.0,0.0,0.0,0.0,0.0,18.0,1.0,0.0,0.0,0.0,0.0,1.0,0.0,1.0,9.0,4.0,0.0,12.0,3.0,5.0,5.0,0.0,0.0,4.0,10.0,0.0,0.0,0.0,0.0,0.0,0.0,0.0,0.0,0.0,0.0,0.0,3.0,0.0,0.0,0.0,0.0,3.0,1.0,0.0,0.0,0.0,0.0,1.0,0.0,1.0,7.0,4.0,3344172262.0,-1.0,阳江市阳西县,阳江市阳西县上洋镇,12.0,24.9,0.0,2.2,39.1,37.325,41.27916666666667,56.92664596273291
广东省,阳江市,阳西县,溪头镇,111.7524252,21.6559525,0.0,11.0,1.0,7.0,43.0,2.0,0.0,2.0,8.0,0.0,0.0,0.0,1.0,1.0,2.0,2.0,0.0,0.0,0.0,0.0,29.0,0.0,0.0,0.0,0.0,18.0,2.0,0.0,0.0,0.0,0.0,2.0,0.0,1.0,11.0,8.0,0.0,6.0,1.0,3.0,8.0,0.0,0.0,0.0,2.0,0.0,0.0,0.0,1.0,1.0,2.0,2.0,0.0,0.0,0.0,0.0,2.0,0.0,0.0,0.0,0.0,3.0,0.0,0.0,0.0,0.0,0.0,2.0,0.0,1.0,7.0,2.0,8393962038.0,-1.0,阳江市阳西县,阳江市阳西县溪头镇,12.0,26.0,10.0,4.2,52.2,37.325,41.27916666666667,56.92664596273291
广东省,阳江市,阳西县,沙扒镇,111.4586882,21.5210459,0.0,2.0,8.0,33.0,6.0,0.0,0.0,0.0,0.0,0.0,0.0,0.0,0.0,0.0,0.0,0.0,0.0,0.0,0.0,2.0,7.0,0.0,0.0,0.0,0.0,4.0,0.0,0.0,0.0,1.0,8.0,4.0,6.0,5.0,5.0,12.0,0.0,2.0,6.0,25.0,1.0,0.0,0.0,0.0,0.0,0.0,0.0,0.0,0.0,0.0,0.0,0.0,0.0,0.0,0.0,1.0,3.0,0.0,0.0,0.0,0.0,1.0,0.0,0.0,0.0,0.0,5.0,0.0,5.0,5.0,4.0,6.0,3344172261.0,-1.0,阳江市阳西县,阳江市阳西县沙扒镇,11.0,14.0,1.0,4.1,30.1,37.325,41.27916666666667,56.92664596273291
广东省,阳江市,阳西县,儒洞镇,111.4292332,21.5986364,8.0,0.0,3.0,25.0,15.0,0.0,0.0,1.0,0.0,0.0,0.0,0.0,0.0,0.0,0.0,0.0,0.0,0.0,0.0,0.0,0.0,0.0,0.0,0.0,0.0,10.0,0.0,0.0,0.0,0.0,0.0,0.0,0.0,6.0,6.0,3.0,2.0,0.0,3.0,13.0,11.0,0.0,0.0,0.0,0.0,0.0,0.0,0.0,0.0,0.0,0.0,0.0,0.0,0.0,0.0,0.0,0.0,0.0,0.0,0.0,0.0,3.0,0.0,0.0,0.0,0.0,0.0,0.0,0.0,2.0,5.0,2.0,3344172260.0,-1.0,阳江市阳西县,阳江市阳西县儒洞镇,12.0,19.3,0.0,1.5,32.8,37.325,41.27916666666667,56.92664596273291
广东省,阳江市,阳西县,新圩镇,111.439449,21.692987,0.0,6.0,0.0,12.0,2.0,0.0,0.0,0.0,0.0,0.0,0.0,0.0,0.0,0.0,0.0,0.0,0.0,0.0,0.0,0.0,0.0,0.0,1.0,0.0,0.0,7.0,1.0,0.0,0.0,0.0,0.0,0.0,0.0,7.0,6.0,3.0,0.0,1.0,0.0,6.0,2.0,0.0,0.0,0.0,0.0,0.0,0.0,0.0,0.0,0.0,0.0,0.0,0.0,0.0,0.0,0.0,0.0,0.0,0.0,0.0,0.0,1.0,0.0,0.0,0.0,0.0,0.0,0.0,0.0,5.0,3.0,1.0,8403821745.0,12288468.0,阳江市阳西县,阳江市阳西县新圩镇,20.0,14.0,0.0,1.6,35.6,37.325,41.27916666666667,56.92664596273291
广东省,阳江市,阳春市,春城街道,111.7829166,22.1663625,54.0,13.0,1.0,87.0,132.0,4.0,0.0,1.0,62.0,0.0,1.0,0.0,1.0,1.0,3.0,3.0,0.0,0.0,0.0,7.0,5.0,0.0,0.0,0.0,0.0,9.0,34.0,0.0,0.0,0.0,1.0,5.0,5.0,5.0,13.0,6.0,21.0,0.0,1.0,35.0,30.0,1.0,0.0,0.0,24.0,0.0,0.0,0.0,0.0,0.0,0.0,0.0,0.0,0.0,0.0,0.0,2.0,0.0,0.0,0.0,0.0,5.0,0.0,0.0,0.0,0.0,0.0,1.0,0.0,3.0,9.0,4.0,8402629904.0,-1.0,阳江市阳春市,阳江市阳春市春城街道,12.0,28.0,0.0,6.4,46.4,37.51764705882353,41.27916666666667,56.92664596273291
广东省,阳江市,阳春市,河西街道,111.7599033,22.1912198,21.0,13.0,1.0,37.0,89.0,3.0,0.0,0.0,27.0,0.0,0.0,0.0,0.0,0.0,0.0,0.0,0.0,0.0,0.0,0.0,0.0,0.0,0.0,0.0,0.0,5.0,0.0,0.0,0.0,0.0,0.0,0.0,0.0,7.0,13.0,3.0,9.0,2.0,0.0,12.0,21.0,1.0,0.0,0.0,1.0,0.0,0.0,0.0,0.0,0.0,0.0,0.0,0.0,0.0,0.0,0.0,0.0,0.0,0.0,0.0,0.0,1.0,0.0,0.0,0.0,0.0,0.0,0.0,0.0,5.0,8.0,0.0,8402629903.0,-1.0,阳江市阳春市,阳江市阳春市河西街道,12.0,26.0,0.0,1.5,39.5,37.51764705882353,41.27916666666667,56.92664596273291
广东省,阳江市,阳春市,河朗镇,111.865917,22.550092,3.0,2.0,0.0,0.0,2.0,0.0,0.0,0.0,0.0,0.0,0.0,0.0,0.0,0.0,0.0,0.0,0.0,0.0,0.0,0.0,0.0,0.0,0.0,0.0,0.0,6.0,0.0,0.0,0.0,0.0,0.0,0.0,0.0,9.0,6.0,3.0,2.0,1.0,0.0,0.0,2.0,0.0,0.0,0.0,0.0,0.0,0.0,0.0,0.0,0.0,0.0,0.0,0.0,0.0,0.0,0.0,0.0,0.0,0.0,0.0,0.0,2.0,0.0,0.0,0.0,0.0,0.0,0.0,0.0,4.0,3.0,2.0,-1.0,-1.0,阳江市阳春市,阳江市阳春市河朗镇,5.0,9.0,0.0,1.5,15.5,37.51764705882353,41.27916666666667,56.92664596273291
广东省,阳江市,阳春市,松柏镇,111.8906177,22.4730213,3.0,0.0,0.0,9.0,44.0,1.0,0.0,0.0,0.0,0.0,0.0,0.0,0.0,0.0,0.0,0.0,0.0,0.0,0.0,0.0,0.0,0.0,0.0,0.0,0.0,5.0,0.0,0.0,0.0,0.0,0.0,0.0,0.0,5.0,8.0,2.0,1.0,0.0,0.0,2.0,6.0,0.0,0.0,0.0,0.0,0.0,0.0,0.0,0.0,0.0,0.0,0.0,0.0,0.0,0.0,0.0,0.0,0.0,0.0,0.0,0.0,1.0,0.0,0.0,0.0,0.0,0.0,0.0,0.0,1.0,4.0,0.0,2491905141.0,-1.0,阳江市阳春市,阳江市阳春市松柏镇,12.0,24.0,0.0,1.0,37.0,37.51764705882353,41.27916666666667,56.92664596273291
广东省,阳江市,阳春市,石望镇,111.9207759,22.5239197,0.0,2.0,0.0,0.0,3.0,0.0,0.0,0.0,0.0,0.0,0.0,0.0,0.0,0.0,0.0,0.0,0.0,0.0,0.0,0.0,0.0,0.0,0.0,0.0,0.0,5.0,0.0,0.0,0.0,0.0,0.0,0.0,0.0,3.0,2.0,1.0,0.0,1.0,0.0,0.0,0.0,0.0,0.0,0.0,0.0,0.0,0.0,0.0,0.0,0.0,0.0,0.0,0.0,0.0,0.0,0.0,0.0,0.0,0.0,0.0,0.0,1.0,0.0,0.0,0.0,0.0,0.0,0.0,0.0,1.0,1.0,0.0,2491905140.0,-1.0,阳江市阳春市,阳江市阳春市石望镇,12.0,6.6,0.0,0.5,19.1,37.51764705882353,41.27916666666667,56.92664596273291
广东省,阳江市,阳春市,春湾镇,111.9354869,22.4424759,14.0,9.0,10.0,14.0,34.0,3.0,0.0,1.0,0.0,2.0,0.0,1.0,0.0,0.0,1.0,1.0,0.0,0.0,0.0,2.0,0.0,0.0,0.0,0.0,0.0,6.0,1.0,0.0,0.0,0.0,4.0,1.0,6.0,6.0,9.0,6.0,0.0,3.0,5.0,9.0,19.0,0.0,0.0,0.0,0.0,1.0,0.0,1.0,0.0,0.0,1.0,1.0,0.0,0.0,0.0,1.0,0.0,0.0,0.0,0.0,0.0,2.0,0.0,0.0,0.0,0.0,1.0,1.0,2.0,2.0,6.0,5.0,1640785099.0,-1.0,阳江市阳春市,阳江市阳春市春湾镇,12.0,26.0,11.0,3.1,52.1,37.51764705882353,41.27916666666667,56.92664596273291
广东省,阳江市,阳春市,合水镇,111.8675433,22.3080396,6.0,0.0,8.0,21.0,36.0,0.0,0.0,0.0,0.0,0.0,0.0,0.0,0.0,0.0,0.0,0.0,0.0,0.0,0.0,0.0,0.0,0.0,0.0,0.0,0.0,6.0,0.0,0.0,0.0,0.0,0.0,0.0,0.0,4.0,8.0,3.0,6.0,0.0,4.0,9.0,20.0,0.0,0.0,0.0,0.0,0.0,0.0,0.0,0.0,0.0,0.0,0.0,0.0,0.0,0.0,0.0,0.0,0.0,0.0,0.0,0.0,2.0,0.0,0.0,0.0,0.0,0.0,0.0,0.0,3.0,4.0,2.0,2491885419.0,-1.0,阳江市阳春市,阳江市阳春市合水镇,12.0,24.0,0.0,1.5,37.5,37.51764705882353,41.27916666666667,56.92664596273291
广东省,阳江市,阳春市,陂面镇,111.846985,22.3335288,0.0,0.0,8.0,7.0,21.0,0.0,0.0,0.0,0.0,0.0,0.0,0.0,0.0,0.0,0.0,0.0,0.0,0.0,0.0,0.0,6.0,0.0,0.0,1.0,0.0,7.0,0.0,0.0,0.0,0.0,0.0,0.0,0.0,4.0,4.0,3.0,0.0,0.0,8.0,6.0,19.0,0.0,0.0,0.0,0.0,0.0,0.0,0.0,0.0,0.0,0.0,0.0,0.0,0.0,0.0,0.0,6.0,0.0,0.0,1.0,0.0,1.0,0.0,0.0,0.0,0.0,0.0,0.0,0.0,2.0,3.0,3.0,2491885422.0,-1.0,阳江市阳春市,阳江市阳春市陂面镇,12.0,21.9,0.0,1.5,35.4,37.51764705882353,41.27916666666667,56.92664596273291
广东省,阳江市,阳春市,圭岗镇,111.732441,22.3556504,0.0,0.0,7.0,2.0,28.0,0.0,0.0,0.0,0.0,0.0,0.0,0.0,0.0,0.0,1.0,1.0,0.0,0.0,0.0,0.0,0.0,0.0,0.0,0.0,0.0,5.0,0.0,0.0,0.0,0.0,1.0,0.0,0.0,1.0,3.0,3.0,0.0,0.0,6.0,1.0,26.0,0.0,0.0,0.0,0.0,0.0,0.0,0.0,0.0,0.0,1.0,1.0,0.0,0.0,0.0,0.0,0.0,0.0,0.0,0.0,0.0,2.0,0.0,0.0,0.0,0.0,1.0,0.0,0.0,1.0,3.0,2.0,2491899680.0,-1.0,阳江市阳春市,阳江市阳春市圭岗镇,12.0,21.5,5.0,1.5,40.0,37.51764705882353,41.27916666666667,56.92664596273291
广东省,阳江市,阳春市,永宁镇,111.5997317,22.2613542,0.0,4.0,3.0,3.0,14.0,0.0,0.0,0.0,0.0,0.0,0.0,0.0,0.0,0.0,0.0,0.0,0.0,0.0,0.0,0.0,0.0,0.0,0.0,0.0,0.0,3.0,0.0,0.0,0.0,0.0,0.0,0.0,0.0,1.0,8.0,4.0,0.0,2.0,0.0,3.0,14.0,0.0,0.0,0.0,0.0,0.0,0.0,0.0,0.0,0.0,0.0,0.0,0.0,0.0,0.0,0.0,0.0,0.0,0.0,0.0,0.0,1.0,0.0,0.0,0.0,0.0,0.0,0.0,0.0,1.0,7.0,2.0,2491899684.0,-1.0,阳江市阳春市,阳江市阳春市永宁镇,10.0,19.0,0.0,2.0,31.0,37.51764705882353,41.27916666666667,56.92664596273291
广东省,阳江市,阳春市,马水镇,111.6850473,22.1283163,7.0,0.0,5.0,4.0,2.0,0.0,0.0,2.0,30.0,0.0,1.0,1.0,0.0,0.0,0.0,0.0,0.0,0.0,0.0,0.0,0.0,0.0,0.0,0.0,0.0,5.0,1.0,0.0,0.0,0.0,0.0,0.0,0.0,5.0,8.0,2.0,2.0,0.0,4.0,3.0,1.0,0.0,0.0,2.0,16.0,0.0,1.0,0.0,0.0,0.0,0.0,0.0,0.0,0.0,0.0,0.0,0.0,0.0,0.0,0.0,0.0,1.0,0.0,0.0,0.0,0.0,0.0,0.0,0.0,2.0,7.0,1.0,8402629906.0,-1.0,阳江市阳春市,阳江市阳春市马水镇,12.0,17.7,5.0,1.1,35.800000000000004,37.51764705882353,41.27916666666667,56.92664596273291
广东省,阳江市,阳春市,岗美镇,111.7508973,22.047657,4.0,17.0,4.0,13.0,31.0,1.0,0.0,1.0,25.0,0.0,1.0,4.0,0.0,0.0,1.0,1.0,2.0,0.0,0.0,0.0,0.0,0.0,0.0,0.0,0.0,9.0,5.0,0.0,0.0,1.0,0.0,2.0,0.0,5.0,12.0,4.0,3.0,12.0,4.0,13.0,31.0,0.0,0.0,1.0,16.0,0.0,0.0,4.0,0.0,0.0,0.0,0.0,2.0,0.0,0.0,0.0,0.0,0.0,0.0,0.0,0.0,5.0,4.0,0.0,0.0,1.0,0.0,2.0,0.0,2.0,9.0,2.0,3342760943.0,-1.0,阳江市阳春市,阳江市阳春市岗美镇,12.0,28.0,10.0,3.1,53.1,37.51764705882353,41.27916666666667,56.92664596273291
广东省,阳江市,阳春市,河口镇,111.6718443,21.9599806,0.0,8.0,0.0,11.0,11.0,0.0,0.0,0.0,2.0,0.0,0.0,0.0,0.0,0.0,0.0,0.0,0.0,0.0,0.0,0.0,0.0,0.0,0.0,0.0,0.0,6.0,0.0,0.0,0.0,0.0,0.0,0.0,0.0,2.0,4.0,3.0,0.0,8.0,0.0,10.0,11.0,0.0,0.0,0.0,2.0,0.0,0.0,0.0,0.0,0.0,0.0,0.0,0.0,0.0,0.0,0.0,0.0,0.0,0.0,0.0,0.0,1.0,0.0,0.0,0.0,0.0,0.0,0.0,0.0,2.0,4.0,2.0,3342760944.0,-1.0,阳江市阳春市,阳江市阳春市河口镇,12.0,19.5,0.0,1.5,33.0,37.51764705882353,41.27916666666667,56.92664596273291
广东省,阳江市,阳春市,潭水镇,111.6065562,22.0460167,9.0,5.0,16.0,55.0,83.0,17.0,0.0,9.0,18.0,4.0,4.0,5.0,1.0,3.0,3.0,4.0,0.0,2.0,4.0,8.0,26.0,2.0,2.0,1.0,1.0,24.0,177.0,1.0,0.0,1.0,3.0,14.0,1.0,5.0,15.0,15.0,7.0,5.0,10.0,36.0,51.0,6.0,0.0,9.0,11.0,4.0,1.0,4.0,1.0,3.0,3.0,4.0,0.0,2.0,4.0,8.0,26.0,2.0,2.0,1.0,1.0,10.0,162.0,1.0,0.0,1.0,3.0,12.0,1.0,3.0,14.0,14.0,5043979466.0,-1.0,阳江市阳春市,阳江市阳春市潭水镇,12.0,30.0,25.0,20.0,87.0,37.51764705882353,41.27916666666667,56.92664596273291
广东省,阳江市,阳春市,三甲镇,111.5052479,22.064423,10.0,9.0,1.0,18.0,2.0,2.0,0.0,0.0,6.0,0.0,1.0,0.0,0.0,0.0,1.0,1.0,0.0,0.0,0.0,0.0,0.0,0.0,0.0,0.0,0.0,5.0,0.0,0.0,0.0,0.0,0.0,0.0,0.0,5.0,10.0,3.0,0.0,7.0,1.0,13.0,2.0,1.0,0.0,0.0,2.0,0.0,0.0,0.0,0.0,0.0,1.0,1.0,0.0,0.0,0.0,0.0,0.0,0.0,0.0,0.0,0.0,2.0,0.0,0.0,0.0,0.0,0.0,0.0,0.0,1.0,6.0,1.0,8402629905.0,-1.0,阳江市阳春市,阳江市阳春市三甲镇,12.0,19.0,5.0,1.5,37.5,37.51764705882353,41.27916666666667,56.92664596273291
广东省,阳江市,阳春市,双窖镇,111.388675,22.026705,0.0,0.0,0.0,0.0,0.0,0.0,0.0,0.0,0.0,0.0,0.0,0.0,0.0,0.0,0.0,0.0,0.0,0.0,0.0,0.0,0.0,0.0,0.0,0.0,0.0,3.0,0.0,0.0,0.0,0.0,0.0,0.0,0.0,1.0,0.0,1.0,0.0,0.0,0.0,0.0,0.0,0.0,0.0,0.0,0.0,0.0,0.0,0.0,0.0,0.0,0.0,0.0,0.0,0.0,0.0,0.0,0.0,0.0,0.0,0.0,0.0,2.0,0.0,0.0,0.0,0.0,0.0,0.0,0.0,0.0,0.0,0.0,-1.0,-1.0,阳江市阳春市,阳江市阳春市双窖镇,3.0,0.0,0.0,0.5,3.5,37.51764705882353,41.27916666666667,56.92664596273291
广东省,阳江市,阳春市,八甲镇,111.414016,21.948003,8.0,4.0,4.0,21.0,13.0,1.0,0.0,0.0,14.0,0.0,0.0,0.0,0.0,0.0,0.0,0.0,0.0,0.0,0.0,0.0,0.0,0.0,1.0,0.0,0.0,6.0,0.0,0.0,0.0,1.0,0.0,0.0,0.0,5.0,8.0,2.0,4.0,3.0,4.0,13.0,9.0,1.0,0.0,0.0,8.0,0.0,0.0,0.0,0.0,0.0,0.0,0.0,0.0,0.0,0.0,0.0,0.0,0.0,0.0,0.0,0.0,2.0,0.0,0.0,0.0,0.0,0.0,0.0,0.0,4.0,7.0,1.0,4236256697.0,-1.0,阳江市阳春市,阳江市阳春市八甲镇,12.0,21.3,0.0,1.1,34.4,37.51764705882353,41.27916666666667,56.92664596273291
广东省,清远市,清城区,凤城街道,113.0236453,23.7102588,79.0,91.0,268.0,125.0,245.0,117.0,13.0,193.0,358.0,12.0,0.0,5.0,6.0,6.0,27.0,28.0,3.0,0.0,6.0,30.0,51.0,0.0,2.0,1.0,2.0,11.0,402.0,0.0,0.0,4.0,27.0,54.0,6.0,10.0,24.0,12.0,6.0,20.0,71.0,32.0,49.0,53.0,1.0,14.0,106.0,2.0,0.0,0.0,3.0,3.0,8.0,8.0,0.0,0.0,2.0,15.0,4.0,0.0,0.0,0.0,0.0,3.0,28.0,0.0,0.0,0.0,14.0,8.0,1.0,4.0,15.0,6.0,4582256176.0,7345562.0,清远市清城区,清远市清城区凤城街道,20.0,28.0,23.0,20.0,91.0,70.7125,40.078823529411764,56.92664596273291
广东省,清远市,清城区,东城街道,113.0460887,23.7260516,42.0,74.0,173.0,101.0,190.0,79.0,19.0,311.0,219.0,6.0,1.0,0.0,4.0,4.0,17.0,21.0,0.0,0.0,2.0,24.0,39.0,0.0,0.0,1.0,1.0,15.0,181.0,0.0,23.0,1.0,22.0,57.0,4.0,9.0,24.0,13.0,0.0,13.0,12.0,8.0,6.0,0.0,0.0,1.0,34.0,0.0,0.0,0.0,0.0,0.0,1.0,1.0,0.0,0.0,0.0,0.0,8.0,0.0,0.0,0.0,1.0,2.0,2.0,0.0,0.0,0.0,0.0,3.0,0.0,1.0,11.0,4.0,4582256162.0,7345561.0,清远市清城区,清远市清城区东城街道,20.0,30.0,5.0,20.0,75.0,70.7125,40.078823529411764,56.92664596273291
广东省,清远市,清城区,洲心街道,113.0782167,23.6803336,16.0,69.0,118.0,72.0,234.0,26.0,8.0,340.0,165.0,10.0,1.0,8.0,3.0,4.0,10.0,14.0,2.0,1.0,9.0,71.0,41.0,1.0,0.0,0.0,1.0,9.0,280.0,3.0,4.0,8.0,41.0,53.0,17.0,5.0,25.0,12.0,1.0,3.0,20.0,10.0,42.0,0.0,1.0,28.0,23.0,0.0,0.0,1.0,1.0,1.0,2.0,3.0,1.0,0.0,0.0,3.0,8.0,0.0,0.0,0.0,0.0,1.0,5.0,1.0,0.0,1.0,0.0,1.0,0.0,4.0,16.0,4.0,4582256161.0,7345558.0,清远市清城区,清远市清城区洲心街道,20.0,30.0,23.0,20.0,93.0,70.7125,40.078823529411764,56.92664596273291
广东省,清远市,清城区,横荷街道,113.0441502,23.6597878,69.0,50.0,88.0,55.0,278.0,48.0,1.0,171.0,251.0,14.0,2.0,10.0,4.0,5.0,10.0,12.0,1.0,1.0,9.0,78.0,27.0,1.0,1.0,3.0,1.0,11.0,334.0,0.0,3.0,4.0,55.0,75.0,14.0,7.0,27.0,13.0,35.0,0.0,7.0,14.0,50.0,2.0,0.0,0.0,36.0,1.0,0.0,0.0,0.0,0.0,0.0,0.0,0.0,0.0,0.0,4.0,1.0,0.0,0.0,0.0,0.0,2.0,7.0,0.0,1.0,0.0,4.0,0.0,1.0,3.0,12.0,3.0,4582256177.0,7345557.0,清远市清城区,清远市清城区横荷街道,20.0,30.0,9.0,20.0,79.0,70.7125,40.078823529411764,56.92664596273291
广东省,清远市,清城区,源潭镇,113.1936143,23.6664326,24.0,0.0,7.0,2.0,93.0,38.0,0.0,10.0,15.0,0.0,0.0,1.0,1.0,1.0,2.0,2.0,1.0,2.0,3.0,2.0,14.0,0.0,5.0,0.0,0.0,11.0,7.0,0.0,1.0,4.0,4.0,7.0,1.0,3.0,14.0,13.0,8.0,0.0,7.0,1.0,36.0,0.0,0.0,6.0,5.0,0.0,0.0,1.0,0.0,0.0,1.0,1.0,1.0,2.0,2.0,1.0,3.0,0.0,0.0,0.0,0.0,4.0,3.0,0.0,1.0,2.0,2.0,1.0,1.0,2.0,9.0,6.0,4347002186.0,7345555.0,清远市清城区,清远市清城区源潭镇,20.0,26.0,20.0,5.6,71.6,70.7125,40.078823529411764,56.92664596273291
广东省,清远市,清城区,龙塘镇,113.0722084,23.605348,31.0,7.0,0.0,39.0,64.0,9.0,0.0,6.0,100.0,1.0,0.0,1.0,2.0,3.0,1.0,1.0,0.0,0.0,1.0,12.0,2.0,0.0,2.0,0.0,0.0,11.0,2.0,0.0,1.0,0.0,8.0,2.0,1.0,5.0,16.0,9.0,13.0,0.0,0.0,15.0,36.0,6.0,0.0,6.0,36.0,1.0,0.0,1.0,2.0,3.0,1.0,1.0,0.0,0.0,1.0,12.0,1.0,0.0,0.0,0.0,0.0,4.0,1.0,0.0,1.0,0.0,8.0,2.0,1.0,2.0,12.0,7.0,4347002184.0,7345556.0,清远市清城区,清远市清城区龙塘镇,20.0,28.0,23.0,4.3,75.3,70.7125,40.078823529411764,56.92664596273291
广东省,清远市,清城区,石角镇,112.9641951,23.5567009,10.0,4.0,0.0,35.0,26.0,2.0,0.0,0.0,34.0,0.0,0.0,0.0,0.0,0.0,0.0,0.0,0.0,0.0,0.0,0.0,0.0,0.0,1.0,0.0,0.0,7.0,1.0,0.0,0.0,3.0,0.0,1.0,0.0,5.0,10.0,5.0,4.0,0.0,0.0,29.0,7.0,1.0,0.0,0.0,16.0,0.0,0.0,0.0,0.0,0.0,0.0,0.0,0.0,0.0,0.0,0.0,0.0,0.0,0.0,0.0,0.0,2.0,0.0,0.0,0.0,1.0,0.0,1.0,0.0,1.0,7.0,3.0,4951967326.0,7345559.0,清远市清城区,清远市清城区石角镇,20.0,23.3,0.0,3.0,46.3,70.7125,40.078823529411764,56.92664596273291
广东省,清远市,清城区,飞来峡镇,113.267021,23.815791,11.0,6.0,0.0,23.0,16.0,0.0,0.0,0.0,34.0,0.0,0.0,0.0,0.0,0.0,0.0,0.0,0.0,0.0,0.0,2.0,1.0,0.0,2.0,0.0,0.0,4.0,2.0,0.0,0.0,1.0,0.0,0.0,2.0,4.0,7.0,7.0,4.0,0.0,0.0,14.0,0.0,0.0,0.0,0.0,12.0,0.0,0.0,0.0,0.0,0.0,0.0,0.0,0.0,0.0,0.0,1.0,1.0,0.0,0.0,0.0,0.0,1.0,0.0,0.0,0.0,0.0,0.0,0.0,1.0,3.0,3.0,5.0,3505119564.0,-1.0,清远市清城区,清远市清城区飞来峡镇,11.0,18.7,1.0,3.8,34.5,70.7125,40.078823529411764,56.92664596273291
广东省,清远市,清新区,太和镇,113.0076699,23.7414601,48.0,29.0,102.0,62.0,191.0,72.0,2.0,180.0,236.0,16.0,2.0,13.0,1.0,20.0,13.0,21.0,5.0,0.0,6.0,41.0,58.0,0.0,0.0,0.0,0.0,5.0,40.0,0.0,0.0,5.0,6.0,30.0,6.0,11.0,23.0,13.0,8.0,0.0,37.0,17.0,92.0,46.0,0.0,86.0,73.0,8.0,0.0,11.0,0.0,17.0,7.0,14.0,5.0,0.0,4.0,26.0,41.0,0.0,0.0,0.0,0.0,3.0,29.0,0.0,0.0,3.0,2.0,15.0,2.0,4.0,14.0,9.0,4346809988.0,-1.0,清远市清新区,清远市清新区太和镇,12.0,30.0,23.0,11.7,76.7,42.3125,40.078823529411764,56.92664596273291
广东省,清远市,清新区,太平镇,112.880512,23.672116,0.0,7.0,0.0,19.0,65.0,0.0,0.0,3.0,48.0,0.0,0.0,0.0,0.0,0.0,0.0,0.0,0.0,0.0,0.0,0.0,1.0,0.0,1.0,0.0,0.0,14.0,0.0,0.0,0.0,0.0,0.0,0.0,0.0,1.0,8.0,3.0,0.0,3.0,0.0,11.0,10.0,0.0,0.0,2.0,8.0,0.0,0.0,0.0,0.0,0.0,0.0,0.0,0.0,0.0,0.0,0.0,0.0,0.0,0.0,0.0,0.0,2.0,0.0,0.0,0.0,0.0,0.0,0.0,0.0,1.0,6.0,0.0,3784217367.0,-1.0,清远市清新区,清远市清新区太平镇,12.0,26.0,0.0,1.5,39.5,42.3125,40.078823529411764,56.92664596273291
广东省,清远市,清新区,山塘镇,112.946552,23.632671,0.0,1.0,0.0,2.0,46.0,0.0,0.0,0.0,0.0,0.0,0.0,0.0,0.0,0.0,0.0,0.0,0.0,0.0,0.0,0.0,0.0,0.0,0.0,0.0,0.0,9.0,0.0,0.0,0.0,0.0,0.0,0.0,0.0,6.0,5.0,2.0,0.0,1.0,0.0,1.0,10.0,0.0,0.0,0.0,0.0,0.0,0.0,0.0,0.0,0.0,0.0,0.0,0.0,0.0,0.0,0.0,0.0,0.0,0.0,0.0,0.0,3.0,0.0,0.0,0.0,0.0,0.0,0.0,0.0,5.0,4.0,2.0,8341660147.0,-1.0,清远市清新区,清远市清新区山塘镇,12.0,21.700000000000003,0.0,1.0,34.7,42.3125,40.078823529411764,56.92664596273291
广东省,清远市,清新区,三坑镇,112.8009273,23.6000235,0.0,13.0,1.0,20.0,63.0,1.0,0.0,0.0,16.0,0.0,1.0,0.0,0.0,0.0,0.0,0.0,0.0,0.0,0.0,0.0,1.0,0.0,0.0,0.0,0.0,16.0,0.0,0.0,0.0,0.0,0.0,0.0,0.0,7.0,8.0,4.0,0.0,11.0,0.0,15.0,8.0,1.0,0.0,0.0,4.0,0.0,0.0,0.0,0.0,0.0,0.0,0.0,0.0,0.0,0.0,0.0,1.0,0.0,0.0,0.0,0.0,3.0,0.0,0.0,0.0,0.0,0.0,0.0,0.0,1.0,6.0,2.0,5038521944.0,-1.0,清远市清新区,清远市清新区三坑镇,12.0,28.0,0.0,2.0,42.0,42.3125,40.078823529411764,56.92664596273291
广东省,清远市,清新区,龙颈镇,112.8702885,23.8800996,0.0,0.0,4.0,4.0,6.0,1.0,0.0,0.0,0.0,0.0,0.0,0.0,0.0,0.0,0.0,0.0,0.0,0.0,0.0,0.0,9.0,0.0,0.0,0.0,0.0,9.0,0.0,0.0,0.0,0.0,0.0,0.0,0.0,3.0,5.0,3.0,0.0,0.0,2.0,1.0,1.0,0.0,0.0,0.0,0.0,0.0,0.0,0.0,0.0,0.0,0.0,0.0,0.0,0.0,0.0,0.0,2.0,0.0,0.0,0.0,0.0,5.0,0.0,0.0,0.0,0.0,0.0,0.0,0.0,1.0,3.0,3.0,4346809987.0,-1.0,清远市清新区,清远市清新区龙颈镇,12.0,13.0,0.0,1.5,26.5,42.3125,40.078823529411764,56.92664596273291
广东省,清远市,清新区,禾云镇,112.918318,23.927982,2.0,0.0,4.0,3.0,40.0,8.0,0.0,0.0,0.0,0.0,2.0,0.0,0.0,0.0,0.0,0.0,0.0,0.0,0.0,0.0,1.0,0.0,2.0,0.0,0.0,6.0,4.0,0.0,0.0,0.0,0.0,0.0,0.0,2.0,11.0,4.0,1.0,0.0,3.0,0.0,18.0,4.0,0.0,0.0,0.0,0.0,1.0,0.0,0.0,0.0,0.0,0.0,0.0,0.0,0.0,0.0,0.0,0.0,2.0,0.0,0.0,1.0,1.0,0.0,0.0,0.0,0.0,0.0,0.0,2.0,10.0,3.0,4346809986.0,-1.0,清远市清新区,清远市清新区禾云镇,12.0,26.0,0.0,2.5,40.5,42.3125,40.078823529411764,56.92664596273291
广东省,清远市,清新区,浸潭镇,112.8073891,24.0665377,3.0,0.0,6.0,0.0,37.0,0.0,0.0,0.0,0.0,0.0,0.0,0.0,0.0,0.0,0.0,0.0,0.0,0.0,0.0,0.0,12.0,0.0,0.0,0.0,0.0,10.0,0.0,0.0,0.0,0.0,0.0,0.0,0.0,3.0,4.0,3.0,3.0,0.0,5.0,0.0,35.0,0.0,0.0,0.0,0.0,0.0,0.0,0.0,0.0,0.0,0.0,0.0,0.0,0.0,0.0,0.0,2.0,0.0,0.0,0.0,0.0,3.0,0.0,0.0,0.0,0.0,0.0,0.0,0.0,2.0,3.0,2.0,3505119565.0,-1.0,清远市清新区,清远市清新区浸潭镇,12.0,22.0,0.0,1.5,35.5,42.3125,40.078823529411764,56.92664596273291
广东省,清远市,清新区,石潭镇,112.7659672,24.1252363,1.0,0.0,3.0,9.0,30.0,0.0,0.0,0.0,0.0,0.0,0.0,0.0,0.0,0.0,0.0,0.0,0.0,0.0,0.0,0.0,0.0,0.0,0.0,0.0,0.0,6.0,0.0,0.0,0.0,0.0,0.0,0.0,0.0,3.0,8.0,2.0,1.0,0.0,0.0,3.0,7.0,0.0,0.0,0.0,0.0,0.0,0.0,0.0,0.0,0.0,0.0,0.0,0.0,0.0,0.0,0.0,0.0,0.0,0.0,0.0,0.0,1.0,0.0,0.0,0.0,0.0,0.0,0.0,0.0,3.0,5.0,2.0,4217881034.0,12213200.0,清远市清新区,清远市清新区石潭镇,20.0,22.1,0.0,1.0,43.1,42.3125,40.078823529411764,56.92664596273291
广东省,清远市,佛冈县,石角镇,113.5236078,23.8718739,8.0,20.0,29.0,18.0,50.0,9.0,0.0,0.0,0.0,1.0,0.0,0.0,0.0,0.0,2.0,2.0,0.0,0.0,0.0,0.0,1.0,0.0,0.0,0.0,0.0,10.0,15.0,0.0,7.0,1.0,2.0,3.0,0.0,4.0,16.0,7.0,0.0,10.0,14.0,13.0,20.0,1.0,0.0,0.0,0.0,0.0,0.0,0.0,0.0,0.0,1.0,1.0,0.0,0.0,0.0,0.0,1.0,0.0,0.0,0.0,0.0,5.0,6.0,0.0,6.0,0.0,1.0,2.0,0.0,2.0,9.0,4.0,2512839992.0,-1.0,清远市佛冈县,清远市佛冈县石角镇,12.0,26.0,5.0,5.7,48.7,34.56666666666667,40.078823529411764,56.92664596273291
广东省,清远市,佛冈县,水头镇,113.6424119,23.881773,0.0,4.0,0.0,2.0,22.0,3.0,0.0,0.0,0.0,0.0,0.0,0.0,0.0,0.0,0.0,0.0,0.0,0.0,0.0,0.0,4.0,0.0,0.0,0.0,0.0,8.0,0.0,0.0,0.0,0.0,0.0,0.0,0.0,2.0,5.0,5.0,0.0,1.0,0.0,0.0,7.0,0.0,0.0,0.0,0.0,0.0,0.0,0.0,0.0,0.0,0.0,0.0,0.0,0.0,0.0,0.0,2.0,0.0,0.0,0.0,0.0,3.0,0.0,0.0,0.0,0.0,0.0,0.0,0.0,2.0,2.0,4.0,2512839996.0,-1.0,清远市佛冈县,清远市佛冈县水头镇,12.0,16.0,0.0,2.5,30.5,34.56666666666667,40.078823529411764,56.92664596273291
广东省,清远市,佛冈县,汤塘镇,113.4707986,23.7428794,10.0,1.0,0.0,22.0,48.0,6.0,0.0,0.0,0.0,0.0,0.0,0.0,0.0,0.0,0.0,0.0,0.0,0.0,0.0,0.0,5.0,0.0,1.0,0.0,0.0,8.0,0.0,0.0,0.0,0.0,0.0,4.0,0.0,4.0,9.0,8.0,6.0,0.0,0.0,18.0,23.0,2.0,0.0,0.0,0.0,0.0,0.0,0.0,0.0,0.0,0.0,0.0,0.0,0.0,0.0,0.0,5.0,0.0,1.0,0.0,0.0,2.0,0.0,0.0,0.0,0.0,0.0,4.0,0.0,3.0,6.0,6.0,5348967831.0,-1.0,清远市佛冈县,清远市佛冈县汤塘镇,12.0,24.0,0.0,4.0,40.0,34.56666666666667,40.078823529411764,56.92664596273291
广东省,清远市,佛冈县,龙山镇,113.4054868,23.7397976,10.0,0.0,6.0,3.0,13.0,0.0,0.0,0.0,0.0,0.0,0.0,0.0,0.0,0.0,0.0,0.0,0.0,0.0,0.0,0.0,13.0,0.0,9.0,0.0,0.0,6.0,1.0,0.0,0.0,0.0,0.0,0.0,0.0,10.0,6.0,6.0,6.0,0.0,3.0,0.0,0.0,0.0,0.0,0.0,0.0,0.0,0.0,0.0,0.0,0.0,0.0,0.0,0.0,0.0,0.0,0.0,10.0,0.0,8.0,0.0,0.0,2.0,0.0,0.0,0.0,0.0,0.0,0.0,0.0,3.0,3.0,3.0,8339318248.0,12210764.0,清远市佛冈县,清远市佛冈县龙山镇,20.0,13.6,0.0,3.1,36.7,34.56666666666667,40.078823529411764,56.92664596273291
广东省,清远市,佛冈县,高岗镇,113.5834922,24.0235057,0.0,4.0,0.0,0.0,9.0,0.0,0.0,0.0,0.0,0.0,0.0,0.0,0.0,0.0,0.0,0.0,0.0,0.0,0.0,0.0,0.0,0.0,0.0,0.0,0.0,5.0,0.0,0.0,0.0,0.0,0.0,0.0,0.0,1.0,6.0,3.0,0.0,1.0,0.0,0.0,2.0,0.0,0.0,0.0,0.0,0.0,0.0,0.0,0.0,0.0,0.0,0.0,0.0,0.0,0.0,0.0,0.0,0.0,0.0,0.0,0.0,1.0,0.0,0.0,0.0,0.0,0.0,0.0,0.0,1.0,3.0,1.0,2512839980.0,-1.0,清远市佛冈县,清远市佛冈县高岗镇,12.0,10.4,0.0,1.5,23.9,34.56666666666667,40.078823529411764,56.92664596273291
广东省,清远市,佛冈县,迳头镇,113.6791078,23.9682406,2.0,6.0,1.0,1.0,14.0,0.0,0.0,0.0,0.0,0.0,0.0,0.0,0.0,0.0,0.0,0.0,0.0,0.0,0.0,0.0,2.0,0.0,0.0,0.0,0.0,5.0,0.0,0.0,0.0,1.0,0.0,0.0,0.0,2.0,6.0,3.0,0.0,1.0,0.0,1.0,7.0,0.0,0.0,0.0,0.0,0.0,0.0,0.0,0.0,0.0,0.0,0.0,0.0,0.0,0.0,0.0,2.0,0.0,0.0,0.0,0.0,1.0,0.0,0.0,0.0,1.0,0.0,0.0,0.0,1.0,3.0,3.0,2512839985.0,-1.0,清远市佛冈县,清远市佛冈县迳头镇,12.0,13.9,0.0,1.7,27.599999999999998,34.56666666666667,40.078823529411764,56.92664596273291
广东省,清远市,阳山县,青莲镇,112.7562372,24.4620159,5.0,2.0,0.0,5.0,12.0,0.0,0.0,0.0,0.0,0.0,0.0,0.0,0.0,0.0,1.0,1.0,0.0,0.0,0.0,0.0,14.0,0.0,0.0,0.0,0.0,5.0,0.0,0.0,0.0,0.0,0.0,0.0,0.0,4.0,7.0,4.0,4.0,1.0,0.0,3.0,12.0,0.0,0.0,0.0,0.0,0.0,0.0,0.0,0.0,0.0,1.0,1.0,0.0,0.0,0.0,0.0,4.0,0.0,0.0,0.0,0.0,3.0,0.0,0.0,0.0,0.0,0.0,0.0,0.0,4.0,7.0,4.0,1684638407.0,-1.0,清远市阳山县,清远市阳山县青莲镇,12.0,19.5,5.0,2.0,38.5,33.02307692307692,40.078823529411764,56.92664596273291
广东省,清远市,阳山县,江英镇,112.839742,24.498514,0.0,1.0,0.0,3.0,0.0,0.0,0.0,0.0,0.0,0.0,0.0,0.0,0.0,0.0,0.0,0.0,0.0,0.0,0.0,0.0,0.0,0.0,0.0,0.0,0.0,6.0,0.0,0.0,0.0,0.0,0.0,0.0,0.0,1.0,2.0,2.0,0.0,1.0,0.0,1.0,0.0,0.0,0.0,0.0,0.0,0.0,0.0,0.0,0.0,0.0,0.0,0.0,0.0,0.0,0.0,0.0,0.0,0.0,0.0,0.0,0.0,1.0,0.0,0.0,0.0,0.0,0.0,0.0,0.0,1.0,2.0,2.0,3073845101.0,-1.0,清远市阳山县,清远市阳山县江英镇,12.0,9.0,0.0,1.0,22.0,33.02307692307692,40.078823529411764,56.92664596273291
广东省,清远市,阳山县,杜步镇,112.6610752,24.3338637,2.0,0.0,0.0,1.0,18.0,0.0,0.0,0.0,0.0,0.0,0.0,0.0,0.0,0.0,0.0,0.0,0.0,0.0,0.0,0.0,0.0,0.0,0.0,0.0,0.0,5.0,0.0,0.0,0.0,0.0,0.0,0.0,0.0,3.0,7.0,2.0,1.0,0.0,0.0,0.0,4.0,0.0,0.0,0.0,0.0,0.0,0.0,0.0,0.0,0.0,0.0,0.0,0.0,0.0,0.0,0.0,0.0,0.0,0.0,0.0,0.0,1.0,0.0,0.0,0.0,0.0,0.0,0.0,0.0,2.0,3.0,2.0,3073875570.0,-1.0,清远市阳山县,清远市阳山县杜步镇,12.0,14.3,0.0,1.0,27.3,33.02307692307692,40.078823529411764,56.92664596273291
广东省,清远市,阳山县,七拱镇,112.5698247,24.3115866,6.0,1.0,0.0,10.0,11.0,0.0,0.0,0.0,0.0,0.0,0.0,0.0,0.0,0.0,1.0,1.0,0.0,0.0,0.0,0.0,0.0,0.0,0.0,0.0,0.0,7.0,0.0,0.0,0.0,0.0,0.0,0.0,0.0,2.0,6.0,3.0,3.0,1.0,0.0,4.0,8.0,0.0,0.0,0.0,0.0,0.0,0.0,0.0,0.0,0.0,1.0,1.0,0.0,0.0,0.0,0.0,0.0,0.0,0.0,0.0,0.0,2.0,0.0,0.0,0.0,0.0,0.0,0.0,0.0,2.0,5.0,1.0,4582630708.0,-1.0,清远市阳山县,清远市阳山县七拱镇,12.0,17.6,5.0,1.5,36.1,33.02307692307692,40.078823529411764,56.92664596273291
广东省,清远市,阳山县,太平镇,112.5579334,24.2557161,3.0,0.0,4.0,2.0,2.0,0.0,0.0,0.0,0.0,0.0,0.0,0.0,0.0,0.0,0.0,0.0,0.0,0.0,0.0,0.0,0.0,0.0,0.0,0.0,0.0,9.0,0.0,0.0,0.0,0.0,0.0,0.0,0.0,2.0,4.0,3.0,1.0,0.0,1.0,1.0,0.0,0.0,0.0,0.0,0.0,0.0,0.0,0.0,0.0,0.0,0.0,0.0,0.0,0.0,0.0,0.0,0.0,0.0,0.0,0.0,0.0,3.0,0.0,0.0,0.0,0.0,0.0,0.0,0.0,1.0,3.0,0.0,3626342597.0,-1.0,清远市阳山县,清远市阳山县太平镇,12.0,9.4,0.0,1.5,22.9,33.02307692307692,40.078823529411764,56.92664596273291
广东省,清远市,阳山县,杨梅镇,112.5627382,24.1026243,7.0,0.0,0.0,3.0,1.0,0.0,0.0,0.0,0.0,0.0,0.0,0.0,0.0,0.0,0.0,0.0,0.0,0.0,0.0,0.0,1.0,0.0,0.0,0.0,0.0,3.0,0.0,0.0,0.0,0.0,0.0,1.0,0.0,2.0,6.0,5.0,3.0,0.0,0.0,2.0,0.0,0.0,0.0,0.0,0.0,0.0,0.0,0.0,0.0,0.0,0.0,0.0,0.0,0.0,0.0,0.0,1.0,0.0,0.0,0.0,0.0,1.0,0.0,0.0,0.0,0.0,0.0,1.0,0.0,2.0,5.0,4.0,3505006495.0,12206902.0,清远市阳山县,清远市阳山县杨梅镇,18.0,11.2,0.0,2.5,31.7,33.02307692307692,40.078823529411764,56.92664596273291
广东省,清远市,阳山县,大崀镇,112.4958233,24.4543429,0.0,4.0,1.0,4.0,2.0,0.0,0.0,0.0,0.0,0.0,0.0,0.0,0.0,0.0,0.0,0.0,0.0,0.0,0.0,0.0,9.0,0.0,0.0,0.0,0.0,8.0,1.0,0.0,0.0,0.0,0.0,0.0,0.0,1.0,4.0,6.0,0.0,2.0,1.0,4.0,2.0,0.0,0.0,0.0,0.0,0.0,0.0,0.0,0.0,0.0,0.0,0.0,0.0,0.0,0.0,0.0,2.0,0.0,0.0,0.0,0.0,2.0,0.0,0.0,0.0,0.0,0.0,0.0,0.0,1.0,4.0,4.0,3252111077.0,-1.0,清远市阳山县,清远市阳山县大崀镇,12.0,12.0,0.0,3.1,27.1,33.02307692307692,40.078823529411764,56.92664596273291
广东省,清远市,阳山县,小江镇,112.595102,24.614712,1.0,0.0,1.0,0.0,0.0,0.0,0.0,0.0,0.0,0.0,0.0,0.0,0.0,0.0,0.0,0.0,0.0,0.0,0.0,0.0,9.0,0.0,0.0,0.0,0.0,4.0,0.0,0.0,0.0,0.0,0.0,0.0,0.0,2.0,2.0,3.0,1.0,0.0,1.0,0.0,0.0,0.0,0.0,0.0,0.0,0.0,0.0,0.0,0.0,0.0,0.0,0.0,0.0,0.0,0.0,0.0,3.0,0.0,0.0,0.0,0.0,2.0,0.0,0.0,0.0,0.0,0.0,0.0,0.0,2.0,2.0,3.0,8335377747.0,-1.0,清远市阳山县,清远市阳山县小江镇,11.0,6.0,0.0,1.5,18.5,33.02307692307692,40.078823529411764,56.92664596273291
广东省,清远市,阳山县,岭背镇,112.7051536,24.614286,3.0,4.0,1.0,2.0,4.0,0.0,0.0,0.0,0.0,0.0,1.0,0.0,0.0,0.0,0.0,0.0,0.0,0.0,0.0,0.0,0.0,0.0,0.0,0.0,0.0,4.0,0.0,0.0,0.0,0.0,0.0,0.0,0.0,4.0,9.0,2.0,3.0,4.0,0.0,1.0,3.0,0.0,0.0,0.0,0.0,0.0,1.0,0.0,0.0,0.0,0.0,0.0,0.0,0.0,0.0,0.0,0.0,0.0,0.0,0.0,0.0,2.0,0.0,0.0,0.0,0.0,0.0,0.0,0.0,3.0,4.0,2.0,1684638395.0,-1.0,清远市阳山县,清远市阳山县岭背镇,11.0,14.7,0.0,1.0,26.7,33.02307692307692,40.078823529411764,56.92664596273291
广东省,清远市,阳山县,黄坌镇,112.6839887,24.6906622,5.0,0.0,0.0,11.0,15.0,0.0,0.0,0.0,0.0,0.0,0.0,0.0,0.0,0.0,1.0,2.0,0.0,0.0,0.0,0.0,30.0,1.0,0.0,0.0,0.0,8.0,0.0,0.0,0.0,0.0,0.0,0.0,0.0,4.0,4.0,5.0,1.0,0.0,0.0,10.0,11.0,0.0,0.0,0.0,0.0,0.0,0.0,0.0,0.0,0.0,1.0,2.0,0.0,0.0,0.0,0.0,12.0,1.0,0.0,0.0,0.0,2.0,0.0,0.0,0.0,0.0,0.0,0.0,0.0,3.0,3.0,5.0,1684638389.0,-1.0,清远市阳山县,清远市阳山县黄坌镇,12.0,18.3,5.0,2.5,37.8,33.02307692307692,40.078823529411764,56.92664596273291
广东省,清远市,阳山县,黎埠镇,112.4205953,24.5663613,0.0,7.0,0.0,4.0,10.0,6.0,0.0,0.0,0.0,0.0,0.0,0.0,0.0,0.0,0.0,0.0,0.0,0.0,0.0,0.0,0.0,0.0,0.0,0.0,0.0,7.0,1.0,0.0,0.0,0.0,0.0,0.0,0.0,3.0,9.0,2.0,0.0,5.0,0.0,4.0,7.0,0.0,0.0,0.0,0.0,0.0,0.0,0.0,0.0,0.0,0.0,0.0,0.0,0.0,0.0,0.0,0.0,0.0,0.0,0.0,0.0,3.0,0.0,0.0,0.0,0.0,0.0,0.0,0.0,3.0,4.0,2.0,8335377746.0,-1.0,清远市阳山县,清远市阳山县黎埠镇,12.0,17.1,0.0,1.1,30.200000000000003,33.02307692307692,40.078823529411764,56.92664596273291
广东省,清远市,阳山县,阳城镇,112.6331679,24.4743811,6.0,6.0,38.0,63.0,74.0,5.0,0.0,2.0,0.0,0.0,0.0,1.0,0.0,0.0,0.0,0.0,0.0,0.0,0.0,0.0,4.0,0.0,0.0,0.0,0.0,8.0,2.0,0.0,0.0,1.0,0.0,2.0,0.0,4.0,14.0,7.0,0.0,0.0,24.0,30.0,23.0,0.0,0.0,0.0,0.0,0.0,0.0,1.0,0.0,0.0,0.0,0.0,0.0,0.0,0.0,0.0,1.0,0.0,0.0,0.0,0.0,4.0,2.0,0.0,0.0,0.0,0.0,2.0,0.0,3.0,3.0,5.0,1684638428.0,-1.0,清远市阳山县,清远市阳山县阳城镇,12.0,24.0,5.0,4.0,45.0,33.02307692307692,40.078823529411764,56.92664596273291
广东省,清远市,阳山县,秤架瑶族乡,112.8113087,24.7841182,3.0,0.0,0.0,4.0,33.0,11.0,0.0,9.0,0.0,0.0,1.0,1.0,1.0,1.0,2.0,2.0,0.0,0.0,0.0,1.0,17.0,2.0,0.0,1.0,0.0,21.0,5.0,0.0,0.0,0.0,0.0,1.0,4.0,3.0,10.0,9.0,3.0,0.0,0.0,0.0,14.0,5.0,0.0,9.0,0.0,0.0,0.0,1.0,1.0,1.0,2.0,2.0,0.0,0.0,0.0,0.0,3.0,2.0,0.0,0.0,0.0,3.0,2.0,0.0,0.0,0.0,0.0,1.0,1.0,3.0,4.0,7.0,3073845100.0,12206901.0,清远市阳山县,清远市阳山县秤架瑶族乡,20.0,25.8,15.0,4.7,65.5,33.02307692307692,40.078823529411764,56.92664596273291
广东省,清远市,连山壮族瑶族自治县,永和镇,112.0309727,24.626869,12.0,0.0,3.0,1.0,17.0,0.0,0.0,0.0,0.0,0.0,0.0,0.0,0.0,0.0,0.0,0.0,0.0,0.0,0.0,0.0,11.0,0.0,2.0,0.0,0.0,7.0,0.0,0.0,0.0,0.0,0.0,0.0,0.0,3.0,6.0,5.0,7.0,0.0,3.0,1.0,14.0,0.0,0.0,0.0,0.0,0.0,0.0,0.0,0.0,0.0,0.0,0.0,0.0,0.0,0.0,0.0,7.0,0.0,0.0,0.0,0.0,5.0,0.0,0.0,0.0,0.0,0.0,0.0,0.0,3.0,5.0,3.0,8330529999.0,-1.0,清远市连山壮族瑶族自治县,清远市连山壮族瑶族自治县永和镇,12.0,16.6,0.0,2.5,31.1,38.42857142857143,40.078823529411764,56.92664596273291
广东省,清远市,连山壮族瑶族自治县,吉田镇,112.0843966,24.5714536,26.0,0.0,8.0,30.0,35.0,17.0,0.0,0.0,0.0,0.0,1.0,0.0,0.0,0.0,2.0,2.0,0.0,0.0,0.0,0.0,5.0,0.0,0.0,0.0,0.0,11.0,2.0,0.0,0.0,0.0,0.0,8.0,0.0,6.0,9.0,5.0,6.0,0.0,5.0,20.0,20.0,14.0,0.0,0.0,0.0,0.0,0.0,0.0,0.0,0.0,1.0,1.0,0.0,0.0,0.0,0.0,3.0,0.0,0.0,0.0,0.0,3.0,0.0,0.0,0.0,0.0,0.0,1.0,0.0,4.0,6.0,5.0,8330530000.0,-1.0,清远市连山壮族瑶族自治县,清远市连山壮族瑶族自治县吉田镇,12.0,26.0,5.0,2.7,45.7,38.42857142857143,40.078823529411764,56.92664596273291
广东省,清远市,连山壮族瑶族自治县,太保镇,112.1816846,24.6985971,12.0,4.0,5.0,3.0,19.0,1.0,0.0,0.0,0.0,0.0,0.0,1.0,1.0,1.0,1.0,1.0,0.0,0.0,0.0,0.0,16.0,1.0,0.0,0.0,0.0,7.0,1.0,0.0,0.0,0.0,0.0,1.0,0.0,6.0,12.0,5.0,7.0,0.0,3.0,1.0,9.0,0.0,0.0,0.0,0.0,0.0,0.0,0.0,0.0,0.0,1.0,1.0,0.0,0.0,0.0,0.0,3.0,1.0,0.0,0.0,0.0,2.0,0.0,0.0,0.0,0.0,0.0,0.0,0.0,4.0,6.0,4.0,3426346038.0,-1.0,清远市连山壮族瑶族自治县,清远市连山壮族瑶族自治县太保镇,12.0,18.5,10.0,2.6,43.1,38.42857142857143,40.078823529411764,56.92664596273291
广东省,清远市,连山壮族瑶族自治县,禾洞镇,112.0806485,24.765072,0.0,5.0,3.0,0.0,32.0,1.0,0.0,0.0,0.0,0.0,0.0,0.0,0.0,0.0,0.0,0.0,0.0,0.0,0.0,0.0,9.0,0.0,0.0,0.0,0.0,5.0,0.0,0.0,0.0,0.0,0.0,0.0,0.0,1.0,5.0,3.0,0.0,3.0,3.0,0.0,12.0,1.0,0.0,0.0,0.0,0.0,0.0,0.0,0.0,0.0,0.0,0.0,0.0,0.0,0.0,0.0,4.0,0.0,0.0,0.0,0.0,1.0,0.0,0.0,0.0,0.0,0.0,0.0,0.0,1.0,5.0,3.0,8330529998.0,-1.0,清远市连山壮族瑶族自治县,清远市连山壮族瑶族自治县禾洞镇,12.0,17.5,0.0,1.5,31.0,38.42857142857143,40.078823529411764,56.92664596273291
广东省,清远市,连山壮族瑶族自治县,福堂镇,112.0902291,24.4120179,5.0,0.0,5.0,8.0,15.0,0.0,0.0,0.0,0.0,0.0,0.0,0.0,0.0,0.0,0.0,0.0,0.0,0.0,0.0,0.0,2.0,0.0,1.0,0.0,0.0,8.0,0.0,0.0,0.0,1.0,0.0,0.0,0.0,5.0,9.0,5.0,4.0,0.0,5.0,1.0,12.0,0.0,0.0,0.0,0.0,0.0,0.0,0.0,0.0,0.0,0.0,0.0,0.0,0.0,0.0,0.0,2.0,0.0,0.0,0.0,0.0,2.0,0.0,0.0,0.0,1.0,0.0,0.0,0.0,3.0,9.0,3.0,8330592030.0,12201133.0,清远市连山壮族瑶族自治县,清远市连山壮族瑶族自治县福堂镇,20.0,20.6,0.0,2.7,43.300000000000004,38.42857142857143,40.078823529411764,56.92664596273291
广东省,清远市,连山壮族瑶族自治县,小三江镇,112.1334732,24.2807243,5.0,0.0,12.0,3.0,14.0,0.0,0.0,0.0,0.0,0.0,0.0,0.0,0.0,0.0,0.0,0.0,0.0,0.0,0.0,0.0,8.0,0.0,0.0,0.0,0.0,4.0,0.0,0.0,0.0,0.0,0.0,0.0,0.0,3.0,7.0,3.0,2.0,0.0,2.0,0.0,14.0,0.0,0.0,0.0,0.0,0.0,0.0,0.0,0.0,0.0,0.0,0.0,0.0,0.0,0.0,0.0,5.0,0.0,0.0,0.0,0.0,2.0,0.0,0.0,0.0,0.0,0.0,0.0,0.0,2.0,4.0,3.0,8330592031.0,12201132.0,清远市连山壮族瑶族自治县,清远市连山壮族瑶族自治县小三江镇,19.0,18.5,0.0,1.5,39.0,38.42857142857143,40.078823529411764,56.92664596273291
广东省,清远市,连山壮族瑶族自治县,上帅镇,112.032633,24.2473433,0.0,0.0,1.0,1.0,11.0,0.0,0.0,0.0,0.0,0.0,0.0,0.0,0.0,0.0,0.0,0.0,0.0,0.0,0.0,0.0,3.0,0.0,1.0,0.0,0.0,10.0,0.0,0.0,0.0,0.0,0.0,0.0,0.0,7.0,4.0,7.0,0.0,0.0,1.0,1.0,7.0,0.0,0.0,0.0,0.0,0.0,0.0,0.0,0.0,0.0,0.0,0.0,0.0,0.0,0.0,0.0,2.0,0.0,1.0,0.0,0.0,5.0,0.0,0.0,0.0,0.0,0.0,0.0,0.0,2.0,3.0,4.0,3252477573.0,12201134.0,清远市连山壮族瑶族自治县,清远市连山壮族瑶族自治县上帅镇,20.0,12.3,0.0,3.5,35.8,38.42857142857143,40.078823529411764,56.92664596273291
广东省,清远市,连南瑶族自治县,三江镇,112.2842734,24.7185351,38.0,11.0,10.0,27.0,113.0,29.0,0.0,5.0,0.0,4.0,1.0,2.0,0.0,0.0,5.0,6.0,0.0,0.0,0.0,2.0,14.0,3.0,5.0,1.0,0.0,11.0,16.0,0.0,3.0,5.0,0.0,9.0,2.0,8.0,18.0,11.0,10.0,9.0,4.0,17.0,38.0,12.0,0.0,3.0,0.0,4.0,0.0,1.0,0.0,0.0,4.0,5.0,0.0,0.0,0.0,1.0,4.0,1.0,1.0,0.0,0.0,3.0,7.0,0.0,3.0,3.0,0.0,0.0,1.0,2.0,14.0,8.0,4540777498.0,-1.0,清远市连南瑶族自治县,清远市连南瑶族自治县三江镇,12.0,28.0,11.0,7.1,58.1,34.5,40.078823529411764,56.92664596273291
广东省,清远市,连南瑶族自治县,大麦山镇,112.2833503,24.5008826,0.0,3.0,1.0,3.0,11.0,0.0,0.0,0.0,0.0,0.0,0.0,0.0,0.0,0.0,0.0,0.0,0.0,0.0,0.0,0.0,5.0,0.0,0.0,0.0,0.0,5.0,0.0,0.0,0.0,0.0,0.0,0.0,0.0,2.0,5.0,5.0,0.0,1.0,0.0,0.0,5.0,0.0,0.0,0.0,0.0,0.0,0.0,0.0,0.0,0.0,0.0,0.0,0.0,0.0,0.0,0.0,3.0,0.0,0.0,0.0,0.0,3.0,0.0,0.0,0.0,0.0,0.0,0.0,0.0,2.0,3.0,5.0,3252111079.0,-1.0,清远市连南瑶族自治县,清远市连南瑶族自治县大麦山镇,12.0,14.2,0.0,2.5,28.7,34.5,40.078823529411764,56.92664596273291
广东省,清远市,连南瑶族自治县,寨岗镇,112.347152,24.5216899,0.0,11.0,3.0,1.0,17.0,0.0,0.0,0.0,0.0,0.0,0.0,0.0,0.0,0.0,0.0,0.0,0.0,0.0,0.0,0.0,5.0,0.0,0.0,0.0,0.0,10.0,0.0,0.0,0.0,0.0,0.0,0.0,0.0,4.0,5.0,4.0,0.0,4.0,0.0,1.0,14.0,0.0,0.0,0.0,0.0,0.0,0.0,0.0,0.0,0.0,0.0,0.0,0.0,0.0,0.0,0.0,4.0,0.0,0.0,0.0,0.0,5.0,0.0,0.0,0.0,0.0,0.0,0.0,0.0,2.0,3.0,3.0,3252111138.0,-1.0,清远市连南瑶族自治县,清远市连南瑶族自治县寨岗镇,12.0,16.1,0.0,2.0,30.1,34.5,40.078823529411764,56.92664596273291
广东省,清远市,连南瑶族自治县,三排镇,112.2922103,24.6633874,0.0,1.0,1.0,3.0,11.0,2.0,0.0,5.0,0.0,0.0,0.0,1.0,0.0,0.0,1.0,1.0,0.0,0.0,0.0,0.0,5.0,1.0,0.0,0.0,0.0,6.0,0.0,0.0,0.0,0.0,0.0,0.0,0.0,4.0,8.0,4.0,0.0,1.0,0.0,0.0,5.0,1.0,0.0,0.0,0.0,0.0,0.0,1.0,0.0,0.0,1.0,1.0,0.0,0.0,0.0,0.0,3.0,1.0,0.0,0.0,0.0,2.0,0.0,0.0,0.0,0.0,0.0,0.0,0.0,1.0,4.0,3.0,3426347203.0,-1.0,清远市连南瑶族自治县,清远市连南瑶族自治县三排镇,12.0,15.7,10.0,2.0,39.7,34.5,40.078823529411764,56.92664596273291
广东省,清远市,连南瑶族自治县,涡水镇,112.2246548,24.5691691,0.0,3.0,0.0,2.0,14.0,0.0,0.0,0.0,0.0,0.0,0.0,0.0,0.0,0.0,0.0,0.0,0.0,0.0,0.0,0.0,17.0,0.0,0.0,0.0,0.0,1.0,0.0,0.0,0.0,0.0,0.0,0.0,0.0,2.0,5.0,3.0,0.0,1.0,0.0,2.0,6.0,0.0,0.0,0.0,0.0,0.0,0.0,0.0,0.0,0.0,0.0,0.0,0.0,0.0,0.0,0.0,9.0,0.0,0.0,0.0,0.0,1.0,0.0,0.0,0.0,0.0,0.0,0.0,0.0,2.0,5.0,3.0,8333608319.0,-1.0,清远市连南瑶族自治县,清远市连南瑶族自治县涡水镇,8.0,14.1,0.0,1.5,23.6,34.5,40.078823529411764,56.92664596273291
广东省,清远市,连南瑶族自治县,大坪镇,112.172993,24.6524091,0.0,11.0,3.0,0.0,16.0,1.0,0.0,0.0,0.0,0.0,0.0,0.0,0.0,0.0,0.0,0.0,0.0,0.0,0.0,0.0,14.0,0.0,0.0,0.0,0.0,6.0,0.0,0.0,0.0,3.0,0.0,0.0,0.0,5.0,7.0,3.0,0.0,5.0,0.0,0.0,11.0,0.0,0.0,0.0,0.0,0.0,0.0,0.0,0.0,0.0,0.0,0.0,0.0,0.0,0.0,0.0,9.0,0.0,0.0,0.0,0.0,2.0,0.0,0.0,0.0,0.0,0.0,0.0,0.0,4.0,4.0,3.0,8333608317.0,-1.0,清远市连南瑶族自治县,清远市连南瑶族自治县大坪镇,12.0,15.0,0.0,1.8,28.8,34.5,40.078823529411764,56.92664596273291
广东省,清远市,连南瑶族自治县,香坪镇,112.1141649,24.5870202,12.0,0.0,2.0,5.0,15.0,7.0,0.0,0.0,0.0,0.0,0.0,0.0,0.0,0.0,0.0,0.0,0.0,0.0,0.0,0.0,3.0,0.0,0.0,0.0,0.0,7.0,1.0,0.0,0.0,0.0,0.0,2.0,0.0,6.0,9.0,5.0,3.0,0.0,0.0,0.0,3.0,0.0,0.0,0.0,0.0,0.0,0.0,0.0,0.0,0.0,0.0,0.0,0.0,0.0,0.0,0.0,0.0,0.0,0.0,0.0,0.0,1.0,0.0,0.0,0.0,0.0,0.0,0.0,0.0,6.0,3.0,2.0,8333608318.0,-1.0,清远市连南瑶族自治县,清远市连南瑶族自治县香坪镇,12.0,17.9,0.0,2.6,32.5,34.5,40.078823529411764,56.92664596273291
广东省,清远市,英德市,英城街道,113.3978462,24.1858859,11.0,9.0,35.0,40.0,170.0,3.0,0.0,1.0,2.0,0.0,0.0,11.0,4.0,5.0,14.0,16.0,1.0,0.0,0.0,9.0,24.0,0.0,7.0,0.0,0.0,4.0,13.0,0.0,1.0,3.0,8.0,12.0,5.0,5.0,15.0,11.0,2.0,0.0,12.0,13.0,47.0,0.0,0.0,1.0,0.0,0.0,0.0,3.0,1.0,1.0,3.0,3.0,0.0,0.0,0.0,1.0,4.0,0.0,0.0,0.0,0.0,1.0,5.0,0.0,1.0,0.0,1.0,0.0,0.0,1.0,9.0,3.0,8337644474.0,-1.0,清远市英德市,清远市英德市英城街道,11.0,26.0,16.0,6.1,59.1,38.512499999999996,40.078823529411764,56.92664596273291
广东省,清远市,英德市,沙口镇,113.5194407,24.4221966,4.0,12.0,2.0,3.0,35.0,2.0,0.0,0.0,2.0,0.0,0.0,0.0,0.0,0.0,0.0,0.0,0.0,0.0,0.0,0.0,2.0,0.0,0.0,0.0,1.0,4.0,2.0,0.0,0.0,1.0,0.0,0.0,0.0,5.0,12.0,7.0,0.0,7.0,1.0,0.0,23.0,1.0,0.0,0.0,2.0,0.0,0.0,0.0,0.0,0.0,0.0,0.0,0.0,0.0,0.0,0.0,1.0,0.0,0.0,0.0,0.0,1.0,0.0,0.0,0.0,0.0,0.0,0.0,0.0,4.0,5.0,4.0,3392215875.0,-1.0,清远市英德市,清远市英德市沙口镇,11.0,26.0,0.0,3.8,40.8,38.512499999999996,40.078823529411764,56.92664596273291
广东省,清远市,英德市,望埠镇,113.4705699,24.2684707,14.0,0.0,0.0,23.0,37.0,53.0,0.0,9.0,4.0,0.0,0.0,0.0,0.0,0.0,1.0,1.0,0.0,0.0,0.0,1.0,4.0,0.0,1.0,0.0,0.0,3.0,15.0,0.0,0.0,0.0,0.0,4.0,0.0,4.0,10.0,10.0,4.0,0.0,0.0,12.0,15.0,3.0,0.0,0.0,0.0,0.0,0.0,0.0,0.0,0.0,1.0,1.0,0.0,0.0,0.0,1.0,1.0,0.0,0.0,0.0,0.0,1.0,0.0,0.0,0.0,0.0,0.0,0.0,0.0,1.0,5.0,3.0,3392215876.0,-1.0,清远市英德市,清远市英德市望埠镇,10.0,26.0,6.0,5.5,47.5,38.512499999999996,40.078823529411764,56.92664596273291
广东省,清远市,英德市,横石水镇,113.8007487,24.3645915,0.0,5.0,0.0,4.0,10.0,0.0,0.0,0.0,0.0,0.0,0.0,0.0,0.0,0.0,0.0,0.0,0.0,0.0,0.0,0.0,0.0,0.0,0.0,0.0,0.0,8.0,0.0,0.0,0.0,0.0,0.0,0.0,0.0,7.0,5.0,3.0,0.0,3.0,0.0,2.0,4.0,0.0,0.0,0.0,0.0,0.0,0.0,0.0,0.0,0.0,0.0,0.0,0.0,0.0,0.0,0.0,0.0,0.0,0.0,0.0,0.0,2.0,0.0,0.0,0.0,0.0,0.0,0.0,0.0,6.0,4.0,2.0,8337644477.0,-1.0,清远市英德市,清远市英德市横石水镇,12.0,14.7,0.0,1.5,28.2,38.512499999999996,40.078823529411764,56.92664596273291
广东省,清远市,英德市,桥头镇,113.7697167,24.2481248,6.0,0.0,0.0,1.0,11.0,0.0,0.0,0.0,0.0,0.0,0.0,0.0,0.0,0.0,0.0,0.0,0.0,0.0,0.0,0.0,0.0,0.0,0.0,0.0,0.0,4.0,0.0,0.0,0.0,0.0,0.0,0.0,0.0,2.0,6.0,4.0,3.0,0.0,0.0,1.0,6.0,0.0,0.0,0.0,0.0,0.0,0.0,0.0,0.0,0.0,0.0,0.0,0.0,0.0,0.0,0.0,0.0,0.0,0.0,0.0,0.0,1.0,0.0,0.0,0.0,0.0,0.0,0.0,0.0,1.0,4.0,1.0,2720448351.0,-1.0,清远市英德市,清远市英德市桥头镇,11.0,13.0,0.0,2.0,26.0,38.512499999999996,40.078823529411764,56.92664596273291
广东省,清远市,英德市,青塘镇,113.844857,24.214868,16.0,2.0,0.0,2.0,12.0,0.0,0.0,0.0,0.0,0.0,0.0,0.0,0.0,0.0,0.0,0.0,0.0,0.0,0.0,0.0,0.0,0.0,1.0,0.0,0.0,5.0,2.0,0.0,0.0,0.0,0.0,0.0,0.0,4.0,6.0,5.0,10.0,0.0,0.0,2.0,5.0,0.0,0.0,0.0,0.0,0.0,0.0,0.0,0.0,0.0,0.0,0.0,0.0,0.0,0.0,0.0,0.0,0.0,0.0,0.0,0.0,2.0,0.0,0.0,0.0,0.0,0.0,0.0,0.0,2.0,3.0,2.0,8337644475.0,-1.0,清远市英德市,清远市英德市青塘镇,12.0,13.9,0.0,2.7,28.599999999999998,38.512499999999996,40.078823529411764,56.92664596273291
广东省,清远市,英德市,白沙镇,113.7617867,24.0917157,10.0,0.0,4.0,3.0,15.0,0.0,0.0,0.0,0.0,0.0,0.0,0.0,0.0,0.0,0.0,0.0,0.0,0.0,0.0,0.0,0.0,0.0,0.0,0.0,0.0,8.0,2.0,0.0,0.0,0.0,0.0,0.0,0.0,2.0,4.0,3.0,6.0,0.0,4.0,0.0,12.0,0.0,0.0,0.0,0.0,0.0,0.0,0.0,0.0,0.0,0.0,0.0,0.0,0.0,0.0,0.0,0.0,0.0,0.0,0.0,0.0,2.0,1.0,0.0,0.0,0.0,0.0,0.0,0.0,2.0,3.0,2.0,8337644476.0,-1.0,清远市英德市,清远市英德市白沙镇,12.0,16.6,0.0,1.8,30.400000000000002,38.512499999999996,40.078823529411764,56.92664596273291
广东省,清远市,英德市,大站镇,113.4280367,24.16339,23.0,2.0,7.0,28.0,94.0,11.0,0.0,0.0,5.0,2.0,2.0,0.0,0.0,0.0,9.0,9.0,0.0,0.0,0.0,6.0,21.0,2.0,3.0,0.0,0.0,6.0,16.0,0.0,0.0,3.0,1.0,8.0,2.0,5.0,11.0,10.0,4.0,0.0,0.0,9.0,29.0,0.0,0.0,0.0,5.0,2.0,1.0,0.0,0.0,0.0,3.0,3.0,0.0,0.0,0.0,0.0,3.0,0.0,0.0,0.0,0.0,1.0,2.0,0.0,0.0,1.0,0.0,2.0,0.0,3.0,4.0,6.0,621918238.0,-1.0,清远市英德市,清远市英德市大站镇,12.0,30.0,5.0,6.2,53.2,38.512499999999996,40.078823529411764,56.92664596273291
广东省,清远市,英德市,西牛镇,113.1070454,24.1653589,0.0,5.0,7.0,8.0,20.0,0.0,0.0,0.0,0.0,0.0,0.0,0.0,0.0,0.0,0.0,0.0,0.0,0.0,0.0,0.0,3.0,0.0,0.0,0.0,0.0,4.0,0.0,0.0,0.0,0.0,0.0,0.0,0.0,4.0,8.0,5.0,0.0,3.0,6.0,3.0,9.0,0.0,0.0,0.0,0.0,0.0,0.0,0.0,0.0,0.0,0.0,0.0,0.0,0.0,0.0,0.0,2.0,0.0,0.0,0.0,0.0,1.0,0.0,0.0,0.0,0.0,0.0,0.0,0.0,2.0,5.0,5.0,3392215509.0,-1.0,清远市英德市,清远市英德市西牛镇,11.0,20.7,0.0,2.5,34.2,38.512499999999996,40.078823529411764,56.92664596273291
广东省,清远市,英德市,九龙镇,112.9170076,24.1434516,0.0,2.0,3.0,1.0,81.0,18.0,0.0,14.0,0.0,2.0,0.0,0.0,0.0,0.0,3.0,3.0,0.0,0.0,0.0,4.0,20.0,0.0,1.0,0.0,0.0,12.0,1.0,0.0,0.0,0.0,1.0,0.0,3.0,2.0,12.0,9.0,0.0,2.0,3.0,0.0,22.0,0.0,0.0,0.0,0.0,0.0,0.0,0.0,0.0,0.0,3.0,3.0,0.0,0.0,0.0,1.0,5.0,0.0,0.0,0.0,0.0,4.0,0.0,0.0,0.0,0.0,0.0,0.0,0.0,1.0,4.0,5.0,3345779349.0,-1.0,清远市英德市,清远市英德市九龙镇,12.0,26.0,6.0,4.1,48.1,38.512499999999996,40.078823529411764,56.92664596273291
广东省,清远市,英德市,浛洸镇,113.1243854,24.2625153,3.0,1.0,6.0,2.0,44.0,0.0,0.0,0.0,0.0,0.0,0.0,0.0,0.0,0.0,0.0,0.0,0.0,0.0,0.0,0.0,1.0,0.0,0.0,0.0,0.0,7.0,17.0,0.0,0.0,0.0,0.0,0.0,0.0,3.0,6.0,4.0,1.0,0.0,1.0,2.0,38.0,0.0,0.0,0.0,0.0,0.0,0.0,0.0,0.0,0.0,0.0,0.0,0.0,0.0,0.0,0.0,1.0,0.0,0.0,0.0,0.0,3.0,7.0,0.0,0.0,0.0,0.0,0.0,0.0,2.0,5.0,3.0,3073587069.0,-1.0,清远市英德市,清远市英德市浛洸镇,12.0,23.0,0.0,4.4,39.4,38.512499999999996,40.078823529411764,56.92664596273291
广东省,清远市,英德市,大湾镇,112.9475615,24.3399357,3.0,6.0,1.0,5.0,41.0,8.0,0.0,0.0,0.0,0.0,0.0,0.0,0.0,0.0,0.0,0.0,0.0,0.0,0.0,0.0,9.0,2.0,0.0,0.0,0.0,12.0,1.0,0.0,0.0,0.0,0.0,3.0,0.0,3.0,13.0,6.0,3.0,4.0,0.0,5.0,34.0,1.0,0.0,0.0,0.0,0.0,0.0,0.0,0.0,0.0,0.0,0.0,0.0,0.0,0.0,0.0,3.0,1.0,0.0,0.0,0.0,4.0,0.0,0.0,0.0,0.0,0.0,0.0,0.0,2.0,6.0,5.0,3073587068.0,-1.0,清远市英德市,清远市英德市大湾镇,12.0,24.0,0.0,3.1,39.1,38.512499999999996,40.078823529411764,56.92664596273291
广东省,清远市,英德市,石灰铺镇,113.229357,24.2608158,4.0,4.0,0.0,1.0,7.0,3.0,0.0,0.0,0.0,0.0,0.0,0.0,0.0,0.0,0.0,0.0,0.0,0.0,0.0,0.0,2.0,0.0,2.0,0.0,0.0,7.0,0.0,0.0,0.0,0.0,0.0,0.0,0.0,3.0,10.0,6.0,3.0,4.0,0.0,0.0,7.0,0.0,0.0,0.0,0.0,0.0,0.0,0.0,0.0,0.0,0.0,0.0,0.0,0.0,0.0,0.0,2.0,0.0,1.0,0.0,0.0,2.0,0.0,0.0,0.0,0.0,0.0,0.0,0.0,2.0,6.0,6.0,3105303108.0,-1.0,清远市英德市,清远市英德市石灰铺镇,12.0,13.5,0.0,3.0,28.5,38.512499999999996,40.078823529411764,56.92664596273291
广东省,清远市,英德市,石牯塘镇,113.1465608,24.3529622,0.0,10.0,0.0,0.0,19.0,4.0,0.0,0.0,0.0,0.0,0.0,0.0,0.0,0.0,0.0,0.0,0.0,0.0,0.0,0.0,1.0,0.0,0.0,0.0,0.0,3.0,0.0,0.0,0.0,0.0,0.0,0.0,0.0,2.0,4.0,4.0,0.0,5.0,0.0,0.0,10.0,0.0,0.0,0.0,0.0,0.0,0.0,0.0,0.0,0.0,0.0,0.0,0.0,0.0,0.0,0.0,1.0,0.0,0.0,0.0,0.0,1.0,0.0,0.0,0.0,0.0,0.0,0.0,0.0,1.0,2.0,1.0,3073587071.0,-1.0,清远市英德市,清远市英德市石牯塘镇,10.0,13.8,0.0,2.0,25.8,38.512499999999996,40.078823529411764,56.92664596273291
广东省,清远市,英德市,下石太镇,113.401827,24.20716,4.0,16.0,32.0,36.0,122.0,13.0,0.0,1.0,2.0,3.0,0.0,11.0,4.0,5.0,8.0,10.0,1.0,0.0,0.0,9.0,22.0,0.0,5.0,0.0,0.0,4.0,8.0,0.0,1.0,14.0,8.0,17.0,5.0,3.0,14.0,12.0,0.0,2.0,11.0,9.0,14.0,0.0,0.0,0.0,0.0,0.0,0.0,5.0,0.0,0.0,3.0,4.0,1.0,0.0,0.0,0.0,7.0,0.0,0.0,0.0,0.0,1.0,1.0,0.0,0.0,0.0,4.0,8.0,2.0,1.0,7.0,6.0,-1.0,-1.0,清远市英德市,清远市英德市下石太镇,4.0,28.0,15.0,6.300000000000001,53.3,38.512499999999996,40.078823529411764,56.92664596273291
广东省,清远市,英德市,波罗镇,113.0185272,24.4439183,0.0,3.0,1.0,0.0,4.0,0.0,0.0,1.0,0.0,0.0,0.0,0.0,0.0,0.0,0.0,0.0,0.0,0.0,0.0,0.0,1.0,0.0,0.0,0.0,0.0,3.0,1.0,0.0,0.0,0.0,0.0,0.0,0.0,2.0,4.0,4.0,0.0,3.0,1.0,0.0,4.0,0.0,0.0,1.0,0.0,0.0,0.0,0.0,0.0,0.0,0.0,0.0,0.0,0.0,0.0,0.0,1.0,0.0,0.0,0.0,0.0,2.0,1.0,0.0,0.0,0.0,0.0,0.0,0.0,2.0,4.0,4.0,3073061424.0,-1.0,清远市英德市,清远市英德市波罗镇,10.0,9.0,0.0,2.2,21.2,38.512499999999996,40.078823529411764,56.92664596273291
广东省,清远市,英德市,横石塘镇,113.3667052,24.3419074,0.0,3.0,0.0,10.0,32.0,0.0,0.0,0.0,0.0,0.0,0.0,0.0,0.0,0.0,0.0,0.0,0.0,0.0,0.0,0.0,3.0,0.0,0.0,0.0,0.0,2.0,1.0,0.0,0.0,0.0,0.0,0.0,0.0,2.0,7.0,6.0,0.0,1.0,0.0,2.0,12.0,0.0,0.0,0.0,0.0,0.0,0.0,0.0,0.0,0.0,0.0,0.0,0.0,0.0,0.0,0.0,1.0,0.0,0.0,0.0,0.0,1.0,0.0,0.0,0.0,0.0,0.0,0.0,0.0,1.0,4.0,3.0,3396728704.0,-1.0,清远市英德市,清远市英德市横石塘镇,9.0,23.5,0.0,3.1,35.6,38.512499999999996,40.078823529411764,56.92664596273291
广东省,清远市,英德市,大洞镇,113.069476,24.029427,0.0,1.0,0.0,0.0,8.0,6.0,0.0,0.0,0.0,0.0,0.0,0.0,0.0,0.0,0.0,0.0,0.0,0.0,0.0,0.0,0.0,0.0,0.0,0.0,0.0,3.0,0.0,0.0,0.0,0.0,0.0,0.0,0.0,2.0,4.0,4.0,0.0,1.0,0.0,0.0,7.0,1.0,0.0,0.0,0.0,0.0,0.0,0.0,0.0,0.0,0.0,0.0,0.0,0.0,0.0,0.0,0.0,0.0,0.0,0.0,0.0,1.0,0.0,0.0,0.0,0.0,0.0,0.0,0.0,2.0,4.0,3.0,8337644478.0,-1.0,清远市英德市,清远市英德市大洞镇,10.0,10.7,0.0,2.0,22.7,38.512499999999996,40.078823529411764,56.92664596273291
广东省,清远市,英德市,连江口镇,113.310673,24.038018,9.0,4.0,3.0,3.0,28.0,0.0,0.0,0.0,3.0,0.0,0.0,1.0,0.0,0.0,2.0,2.0,0.0,0.0,0.0,0.0,3.0,0.0,0.0,0.0,0.0,5.0,1.0,0.0,0.0,0.0,0.0,3.0,0.0,7.0,7.0,6.0,3.0,0.0,1.0,1.0,2.0,0.0,0.0,0.0,0.0,0.0,0.0,0.0,0.0,0.0,1.0,1.0,0.0,0.0,0.0,0.0,2.0,0.0,0.0,0.0,0.0,3.0,0.0,0.0,0.0,0.0,0.0,3.0,0.0,5.0,4.0,5.0,8337644479.0,-1.0,清远市英德市,清远市英德市连江口镇,12.0,19.7,10.0,3.1,44.800000000000004,38.512499999999996,40.078823529411764,56.92664596273291
广东省,清远市,英德市,黎溪镇,113.2672207,23.9302319,12.0,0.0,6.0,7.0,112.0,2.0,0.0,2.0,0.0,0.0,1.0,1.0,1.0,1.0,2.0,2.0,0.0,0.0,1.0,0.0,2.0,0.0,3.0,0.0,0.0,2.0,9.0,0.0,0.0,1.0,0.0,2.0,0.0,6.0,12.0,7.0,6.0,0.0,3.0,5.0,106.0,0.0,0.0,0.0,0.0,0.0,0.0,1.0,1.0,1.0,2.0,2.0,0.0,0.0,1.0,0.0,2.0,0.0,3.0,0.0,0.0,1.0,8.0,0.0,0.0,0.0,0.0,2.0,0.0,4.0,6.0,6.0,3343965658.0,-1.0,清远市英德市,清远市英德市黎溪镇,9.0,26.0,17.0,5.3,57.3,38.512499999999996,40.078823529411764,56.92664596273291
广东省,清远市,英德市,水边镇,113.1690852,24.0926674,0.0,3.0,0.0,1.0,1.0,0.0,0.0,0.0,0.0,0.0,0.0,0.0,0.0,0.0,0.0,0.0,0.0,0.0,0.0,0.0,1.0,0.0,0.0,0.0,0.0,5.0,0.0,0.0,0.0,0.0,0.0,0.0,0.0,2.0,3.0,5.0,0.0,3.0,0.0,1.0,1.0,0.0,0.0,0.0,0.0,0.0,0.0,0.0,0.0,0.0,0.0,0.0,0.0,0.0,0.0,0.0,1.0,0.0,0.0,0.0,0.0,1.0,0.0,0.0,0.0,0.0,0.0,0.0,0.0,2.0,3.0,3.0,3392213029.0,-1.0,清远市英德市,清远市英德市水边镇,12.0,8.0,0.0,2.5,22.5,38.512499999999996,40.078823529411764,56.92664596273291
广东省,清远市,英德市,英红镇,113.405572,24.2887982,0.0,8.0,6.0,13.0,45.0,39.0,0.0,0.0,0.0,0.0,0.0,0.0,0.0,0.0,0.0,0.0,0.0,0.0,0.0,0.0,9.0,4.0,3.0,0.0,0.0,1.0,146.0,0.0,0.0,5.0,0.0,1.0,0.0,4.0,10.0,15.0,0.0,2.0,1.0,0.0,12.0,5.0,0.0,0.0,0.0,0.0,0.0,0.0,0.0,0.0,0.0,0.0,0.0,0.0,0.0,0.0,1.0,0.0,0.0,0.0,0.0,1.0,0.0,0.0,0.0,0.0,0.0,1.0,0.0,2.0,4.0,6.0,3392215569.0,-1.0,清远市英德市,清远市英德市英红镇,8.0,24.0,0.0,19.1,51.1,38.512499999999996,40.078823529411764,56.92664596273291
广东省,清远市,英德市,东华镇,113.658232,24.2306024,0.0,11.0,8.0,1.0,30.0,2.0,0.0,0.0,0.0,1.0,0.0,0.0,0.0,0.0,0.0,0.0,0.0,0.0,0.0,0.0,2.0,0.0,0.0,0.0,0.0,6.0,0.0,0.0,0.0,0.0,0.0,1.0,0.0,3.0,11.0,6.0,0.0,8.0,6.0,0.0,9.0,2.0,0.0,0.0,0.0,1.0,0.0,0.0,0.0,0.0,0.0,0.0,0.0,0.0,0.0,0.0,1.0,0.0,0.0,0.0,0.0,2.0,0.0,0.0,0.0,0.0,0.0,1.0,0.0,2.0,5.0,4.0,2720451737.0,-1.0,清远市英德市,清远市英德市东华镇,12.0,20.7,0.0,3.0,35.7,38.512499999999996,40.078823529411764,56.92664596273291
广东省,清远市,英德市,黄花镇,112.9104067,24.1989135,0.0,0.0,3.0,5.0,86.0,0.0,0.0,14.0,0.0,0.0,0.0,1.0,0.0,0.0,5.0,5.0,0.0,0.0,0.0,1.0,67.0,1.0,3.0,0.0,0.0,38.0,1.0,0.0,0.0,0.0,0.0,2.0,5.0,2.0,8.0,15.0,0.0,0.0,3.0,4.0,34.0,0.0,0.0,2.0,0.0,0.0,0.0,1.0,0.0,0.0,3.0,3.0,0.0,0.0,0.0,1.0,10.0,1.0,0.0,0.0,0.0,6.0,1.0,0.0,0.0,0.0,0.0,2.0,4.0,2.0,6.0,9.0,3345497114.0,-1.0,清远市英德市,清远市英德市黄花镇,12.0,24.0,11.0,4.2,51.2,38.512499999999996,40.078823529411764,56.92664596273291
广东省,清远市,连州市,连州镇,112.3734276,24.7887338,27.0,21.0,14.0,34.0,202.0,16.0,0.0,25.0,0.0,3.0,0.0,3.0,0.0,0.0,6.0,6.0,0.0,0.0,0.0,0.0,16.0,1.0,2.0,0.0,0.0,16.0,5.0,0.0,0.0,5.0,0.0,13.0,3.0,10.0,18.0,12.0,0.0,7.0,7.0,13.0,59.0,5.0,0.0,15.0,0.0,1.0,0.0,0.0,0.0,0.0,1.0,1.0,0.0,0.0,0.0,0.0,1.0,1.0,0.0,0.0,0.0,3.0,1.0,0.0,0.0,1.0,0.0,9.0,0.0,6.0,11.0,6.0,8329521690.0,-1.0,清远市连州市,清远市连州市连州镇,12.0,26.0,10.0,5.2,53.2,35.916666666666664,40.078823529411764,56.92664596273291
广东省,清远市,连州市,星子镇,112.55428,25.0001672,6.0,3.0,2.0,14.0,24.0,5.0,0.0,0.0,0.0,0.0,0.0,0.0,0.0,0.0,0.0,0.0,0.0,0.0,0.0,0.0,1.0,0.0,2.0,0.0,0.0,7.0,4.0,0.0,0.0,2.0,0.0,1.0,0.0,3.0,11.0,7.0,4.0,3.0,0.0,9.0,7.0,0.0,0.0,0.0,0.0,0.0,0.0,0.0,0.0,0.0,0.0,0.0,0.0,0.0,0.0,0.0,0.0,0.0,0.0,0.0,0.0,3.0,0.0,0.0,0.0,0.0,0.0,1.0,0.0,3.0,8.0,3.0,1684638427.0,-1.0,清远市连州市,清远市连州市星子镇,12.0,20.9,0.0,4.1,37.0,35.916666666666664,40.078823529411764,56.92664596273291
广东省,清远市,连州市,大路边镇,112.63031,25.0395541,3.0,0.0,6.0,1.0,10.0,0.0,0.0,0.0,0.0,0.0,0.0,0.0,0.0,0.0,0.0,0.0,0.0,0.0,0.0,0.0,1.0,0.0,0.0,0.0,0.0,5.0,0.0,0.0,0.0,1.0,0.0,0.0,0.0,3.0,8.0,5.0,1.0,0.0,5.0,0.0,10.0,0.0,0.0,0.0,0.0,0.0,0.0,0.0,0.0,0.0,0.0,0.0,0.0,0.0,0.0,0.0,1.0,0.0,0.0,0.0,0.0,1.0,0.0,0.0,0.0,1.0,0.0,0.0,0.0,2.0,7.0,4.0,1684638381.0,-1.0,清远市连州市,清远市连州市大路边镇,12.0,15.0,0.0,2.7,29.7,35.916666666666664,40.078823529411764,56.92664596273291
广东省,清远市,连州市,龙坪镇,112.484615,24.8259024,1.0,0.0,3.0,0.0,12.0,4.0,0.0,0.0,0.0,0.0,1.0,0.0,0.0,0.0,0.0,0.0,0.0,0.0,0.0,0.0,7.0,0.0,2.0,0.0,0.0,4.0,1.0,0.0,0.0,1.0,0.0,0.0,0.0,1.0,5.0,6.0,1.0,0.0,0.0,0.0,8.0,1.0,0.0,0.0,0.0,0.0,1.0,0.0,0.0,0.0,0.0,0.0,0.0,0.0,0.0,0.0,3.0,0.0,0.0,0.0,0.0,1.0,0.0,0.0,0.0,0.0,0.0,0.0,0.0,1.0,4.0,3.0,1684638400.0,-1.0,清远市连州市,清远市连州市龙坪镇,11.0,14.3,0.0,3.2,28.5,35.916666666666664,40.078823529411764,56.92664596273291
广东省,清远市,连州市,西岸镇,112.2863974,24.9228511,2.0,3.0,1.0,4.0,2.0,1.0,0.0,0.0,0.0,0.0,0.0,0.0,0.0,0.0,0.0,0.0,0.0,0.0,0.0,0.0,11.0,0.0,0.0,0.0,0.0,9.0,17.0,0.0,0.0,0.0,0.0,1.0,0.0,4.0,11.0,6.0,0.0,3.0,0.0,1.0,2.0,0.0,0.0,0.0,0.0,0.0,0.0,0.0,0.0,0.0,0.0,0.0,0.0,0.0,0.0,0.0,0.0,0.0,0.0,0.0,0.0,2.0,0.0,0.0,0.0,0.0,0.0,0.0,0.0,3.0,5.0,2.0,1684638412.0,-1.0,清远市连州市,清远市连州市西岸镇,12.0,14.0,0.0,4.7,30.7,35.916666666666664,40.078823529411764,56.92664596273291
广东省,清远市,连州市,保安镇,112.39024,24.9145768,0.0,0.0,10.0,4.0,7.0,0.0,0.0,0.0,0.0,0.0,0.0,0.0,0.0,0.0,0.0,0.0,0.0,0.0,0.0,0.0,1.0,0.0,0.0,0.0,0.0,4.0,0.0,0.0,0.0,0.0,0.0,0.0,0.0,2.0,4.0,4.0,0.0,0.0,8.0,0.0,1.0,0.0,0.0,0.0,0.0,0.0,0.0,0.0,0.0,0.0,0.0,0.0,0.0,0.0,0.0,0.0,1.0,0.0,0.0,0.0,0.0,2.0,0.0,0.0,0.0,0.0,0.0,0.0,0.0,1.0,2.0,3.0,1684638377.0,-1.0,清远市连州市,清远市连州市保安镇,11.0,12.7,0.0,2.0,25.7,35.916666666666664,40.078823529411764,56.92664596273291
广东省,清远市,连州市,丰阳镇,112.2747811,25.0487425,3.0,0.0,0.0,18.0,17.0,25.0,0.0,0.0,0.0,0.0,3.0,0.0,0.0,0.0,1.0,1.0,0.0,0.0,0.0,0.0,6.0,0.0,0.0,1.0,0.0,8.0,6.0,0.0,0.0,0.0,0.0,0.0,0.0,4.0,13.0,6.0,3.0,0.0,0.0,6.0,5.0,0.0,0.0,0.0,0.0,0.0,0.0,0.0,0.0,0.0,0.0,0.0,0.0,0.0,0.0,0.0,3.0,0.0,0.0,0.0,0.0,3.0,0.0,0.0,0.0,0.0,0.0,0.0,0.0,2.0,6.0,3.0,1684638384.0,-1.0,清远市连州市,清远市连州市丰阳镇,12.0,20.9,0.0,3.6,36.5,35.916666666666664,40.078823529411764,56.92664596273291
广东省,清远市,连州市,东陂镇,112.295975,24.991957,8.0,1.0,3.0,15.0,7.0,24.0,0.0,13.0,1.0,4.0,0.0,1.0,0.0,0.0,2.0,2.0,0.0,0.0,0.0,0.0,3.0,0.0,0.0,0.0,0.0,15.0,51.0,0.0,0.0,1.0,0.0,2.0,2.0,4.0,14.0,12.0,6.0,0.0,1.0,12.0,5.0,11.0,0.0,1.0,0.0,1.0,0.0,1.0,0.0,0.0,2.0,2.0,0.0,0.0,0.0,0.0,1.0,0.0,0.0,0.0,0.0,1.0,16.0,0.0,0.0,0.0,0.0,2.0,0.0,3.0,7.0,7.0,4264037934.0,-1.0,清远市连州市,清远市连州市东陂镇,12.0,20.9,10.0,10.8,53.7,35.916666666666664,40.078823529411764,56.92664596273291
广东省,清远市,连州市,九陂镇,112.366111,24.669444,3.0,0.0,0.0,4.0,6.0,0.0,0.0,0.0,0.0,0.0,0.0,0.0,0.0,0.0,0.0,0.0,0.0,0.0,0.0,0.0,0.0,0.0,0.0,0.0,0.0,4.0,0.0,0.0,0.0,0.0,0.0,0.0,0.0,1.0,3.0,3.0,3.0,0.0,0.0,2.0,0.0,0.0,0.0,0.0,0.0,0.0,0.0,0.0,0.0,0.0,0.0,0.0,0.0,0.0,0.0,0.0,0.0,0.0,0.0,0.0,0.0,1.0,0.0,0.0,0.0,0.0,0.0,0.0,0.0,1.0,2.0,1.0,8329524869.0,-1.0,清远市连州市,清远市连州市九陂镇,11.0,11.7,0.0,1.5,24.2,35.916666666666664,40.078823529411764,56.92664596273291
广东省,清远市,连州市,西江镇,112.5965612,24.7596836,4.0,0.0,1.0,8.0,24.0,18.0,0.0,1.0,0.0,1.0,1.0,2.0,0.0,0.0,1.0,2.0,0.0,0.0,0.0,0.0,20.0,1.0,7.0,1.0,0.0,22.0,11.0,0.0,0.0,0.0,1.0,1.0,1.0,3.0,13.0,10.0,3.0,0.0,0.0,5.0,11.0,8.0,0.0,1.0,0.0,1.0,0.0,1.0,0.0,0.0,1.0,2.0,0.0,0.0,0.0,0.0,8.0,1.0,2.0,1.0,0.0,9.0,1.0,0.0,0.0,0.0,1.0,1.0,1.0,2.0,7.0,8.0,1684638423.0,-1.0,清远市连州市,清远市连州市西江镇,12.0,26.1,10.0,5.2,53.300000000000004,35.916666666666664,40.078823529411764,56.92664596273291
广东省,清远市,连州市,瑶安瑶族乡,112.403889,25.019722,0.0,5.0,0.0,10.0,16.0,1.0,0.0,0.0,0.0,0.0,0.0,0.0,0.0,0.0,0.0,0.0,0.0,0.0,0.0,0.0,6.0,0.0,0.0,0.0,0.0,4.0,0.0,0.0,0.0,0.0,0.0,0.0,0.0,1.0,6.0,3.0,0.0,3.0,0.0,4.0,11.0,0.0,0.0,0.0,0.0,0.0,0.0,0.0,0.0,0.0,0.0,0.0,0.0,0.0,0.0,0.0,4.0,0.0,0.0,0.0,0.0,1.0,0.0,0.0,0.0,0.0,0.0,0.0,0.0,1.0,5.0,3.0,8329521689.0,-1.0,清远市连州市,清远市连州市瑶安瑶族乡,11.0,19.5,0.0,1.5,32.0,35.916666666666664,40.078823529411764,56.92664596273291
广东省,清远市,连州市,三水瑶族乡,112.2164748,25.1276183,4.0,0.0,0.0,0.0,0.0,0.0,0.0,0.0,0.0,0.0,0.0,0.0,0.0,0.0,0.0,0.0,0.0,0.0,0.0,0.0,0.0,0.0,0.0,0.0,0.0,4.0,0.0,0.0,0.0,3.0,0.0,0.0,0.0,3.0,2.0,2.0,3.0,0.0,0.0,0.0,0.0,0.0,0.0,0.0,0.0,0.0,0.0,0.0,0.0,0.0,0.0,0.0,0.0,0.0,0.0,0.0,0.0,0.0,0.0,0.0,0.0,2.0,0.0,0.0,0.0,2.0,0.0,0.0,0.0,3.0,2.0,2.0,4264065856.0,12200179.0,清远市连州市,清远市连州市三水瑶族乡,19.0,6.0,0.0,1.5,26.5,35.916666666666664,40.078823529411764,56.92664596273291
广东省,东莞市,东莞市,东城街道,113.7778959,23.0304533,8.0,202.0,196.0,202.0,266.0,58.0,3.0,103.0,507.0,14.0,1.0,5.0,1.0,2.0,12.0,16.0,0.0,0.0,0.0,23.0,71.0,2.0,0.0,4.0,1.0,3.0,131.0,0.0,15.0,0.0,21.0,35.0,8.0,16.0,21.0,11.0,0.0,38.0,24.0,23.0,48.0,1.0,0.0,0.0,61.0,0.0,1.0,0.0,1.0,1.0,1.0,1.0,0.0,0.0,0.0,5.0,14.0,0.0,0.0,2.0,0.0,1.0,4.0,0.0,1.0,0.0,3.0,1.0,2.0,4.0,10.0,5.0,11671561090.0,5665476.0,东莞市东莞市,东莞市东莞市东城街道,18.0,30.0,20.0,17.5,85.5,73.1625,73.1625,56.92664596273291
广东省,东莞市,东莞市,南城街道,113.7389406,23.0212184,77.0,218.0,239.0,335.0,259.0,113.0,8.0,145.0,541.0,19.0,1.0,12.0,0.0,1.0,14.0,18.0,0.0,2.0,3.0,37.0,75.0,18.0,1.0,6.0,6.0,16.0,260.0,4.0,28.0,7.0,20.0,59.0,20.0,22.0,21.0,15.0,0.0,19.0,41.0,16.0,32.0,37.0,0.0,61.0,67.0,4.0,0.0,6.0,0.0,0.0,2.0,3.0,0.0,1.0,0.0,3.0,1.0,2.0,0.0,0.0,0.0,5.0,27.0,1.0,9.0,0.0,4.0,15.0,5.0,7.0,14.0,10.0,11671561091.0,5665398.0,东莞市东莞市,东莞市东莞市南城街道,20.0,30.0,15.0,20.0,85.0,73.1625,73.1625,56.92664596273291
广东省,东莞市,东莞市,万江街道,113.7332969,23.0498347,31.0,154.0,226.0,309.0,258.0,32.0,5.0,18.0,442.0,7.0,1.0,6.0,2.0,2.0,11.0,14.0,0.0,0.0,0.0,7.0,26.0,4.0,1.0,3.0,1.0,18.0,466.0,1.0,3.0,9.0,8.0,33.0,7.0,14.0,21.0,12.0,0.0,68.0,8.0,46.0,47.0,2.0,0.0,3.0,68.0,0.0,0.0,1.0,0.0,0.0,0.0,0.0,0.0,0.0,0.0,0.0,0.0,0.0,0.0,0.0,0.0,1.0,44.0,0.0,1.0,1.0,1.0,2.0,3.0,4.0,13.0,6.0,11671561094.0,5665119.0,东莞市东莞市,东莞市东莞市万江街道,20.0,30.0,5.0,20.0,75.0,73.1625,73.1625,56.92664596273291
广东省,东莞市,东莞市,莞城街道,113.7439866,23.0409518,20.0,208.0,307.0,300.0,301.0,97.0,3.0,105.0,555.0,19.0,1.0,17.0,2.0,3.0,13.0,19.0,0.0,1.0,1.0,24.0,39.0,6.0,0.0,7.0,1.0,16.0,536.0,3.0,16.0,8.0,21.0,51.0,14.0,19.0,21.0,13.0,0.0,68.0,56.0,75.0,34.0,4.0,0.0,12.0,78.0,0.0,0.0,0.0,0.0,0.0,3.0,4.0,0.0,0.0,0.0,0.0,7.0,1.0,0.0,0.0,0.0,1.0,98.0,0.0,1.0,3.0,0.0,6.0,4.0,5.0,15.0,8.0,11671561095.0,4424333.0,东莞市东莞市,东莞市东莞市莞城街道,20.0,30.0,10.0,20.0,80.0,73.1625,73.1625,56.92664596273291
广东省,东莞市,东莞市,石碣镇,113.8080327,23.1024254,13.0,98.0,86.0,203.0,295.0,31.0,1.0,23.0,388.0,2.0,0.0,0.0,0.0,0.0,1.0,3.0,0.0,0.0,0.0,6.0,14.0,0.0,4.0,0.0,0.0,15.0,378.0,0.0,1.0,0.0,3.0,25.0,1.0,14.0,24.0,12.0,0.0,25.0,7.0,58.0,77.0,11.0,0.0,1.0,84.0,1.0,0.0,0.0,0.0,0.0,0.0,1.0,0.0,0.0,0.0,5.0,6.0,0.0,1.0,0.0,0.0,2.0,315.0,0.0,0.0,0.0,3.0,4.0,0.0,3.0,15.0,6.0,11034447215.0,5665229.0,东莞市东莞市,东莞市东莞市石碣镇,20.0,28.0,5.0,20.0,73.0,73.1625,73.1625,56.92664596273291
广东省,东莞市,东莞市,石龙镇,113.869327,23.1069384,18.0,57.0,134.0,99.0,297.0,91.0,52.0,302.0,141.0,13.0,1.0,2.0,3.0,3.0,9.0,9.0,2.0,1.0,3.0,8.0,33.0,2.0,1.0,1.0,0.0,12.0,82.0,0.0,7.0,9.0,2.0,22.0,3.0,11.0,21.0,12.0,0.0,17.0,23.0,16.0,47.0,25.0,7.0,51.0,56.0,1.0,0.0,1.0,0.0,0.0,2.0,2.0,2.0,1.0,1.0,2.0,15.0,0.0,0.0,0.0,0.0,1.0,4.0,0.0,0.0,1.0,0.0,1.0,0.0,4.0,17.0,4.0,369497808.0,5665266.0,东莞市东莞市,东莞市东莞市石龙镇,20.0,30.0,21.0,13.600000000000001,84.6,73.1625,73.1625,56.92664596273291
广东省,东莞市,东莞市,茶山镇,113.8647425,23.0796733,34.0,52.0,26.0,84.0,112.0,43.0,3.0,39.0,24.0,1.0,0.0,0.0,1.0,1.0,3.0,3.0,0.0,0.0,0.0,0.0,23.0,0.0,0.0,1.0,0.0,9.0,70.0,0.0,2.0,3.0,0.0,13.0,0.0,10.0,19.0,6.0,10.0,4.0,7.0,10.0,12.0,0.0,0.0,0.0,0.0,0.0,0.0,0.0,0.0,0.0,0.0,0.0,0.0,0.0,0.0,0.0,4.0,0.0,0.0,0.0,0.0,2.0,1.0,0.0,0.0,0.0,0.0,0.0,0.0,2.0,7.0,2.0,11048916215.0,5665522.0,东莞市东莞市,东莞市东莞市茶山镇,20.0,28.0,0.0,10.4,58.4,73.1625,73.1625,56.92664596273291
广东省,东莞市,东莞市,石排镇,113.9355232,23.093411,0.0,12.0,28.0,51.0,117.0,10.0,2.0,1.0,2.0,0.0,1.0,0.0,0.0,0.0,2.0,2.0,0.0,0.0,0.0,0.0,2.0,0.0,0.0,0.0,0.0,11.0,221.0,0.0,0.0,3.0,1.0,6.0,0.0,6.0,12.0,4.0,0.0,2.0,2.0,10.0,4.0,0.0,0.0,1.0,0.0,0.0,0.0,0.0,0.0,0.0,1.0,1.0,0.0,0.0,0.0,0.0,1.0,0.0,0.0,0.0,0.0,1.0,2.0,0.0,0.0,0.0,1.0,1.0,0.0,1.0,6.0,3.0,9967928698.0,5665567.0,东莞市东莞市,东莞市东莞市石排镇,20.0,28.0,5.0,18.0,71.0,73.1625,73.1625,56.92664596273291
广东省,东莞市,东莞市,企石镇,114.0175362,23.0755816,14.0,141.0,100.0,89.0,132.0,25.0,2.0,25.0,0.0,2.0,1.0,0.0,0.0,0.0,3.0,6.0,0.0,0.0,0.0,1.0,3.0,0.0,5.0,0.0,0.0,14.0,90.0,0.0,0.0,13.0,4.0,2.0,0.0,8.0,19.0,8.0,0.0,14.0,20.0,30.0,34.0,5.0,1.0,9.0,0.0,0.0,0.0,0.0,0.0,0.0,1.0,2.0,0.0,0.0,0.0,1.0,0.0,0.0,0.0,0.0,0.0,2.0,5.0,0.0,0.0,3.0,4.0,2.0,0.0,1.0,11.0,4.0,11034408530.0,5665593.0,东莞市东莞市,东莞市东莞市企石镇,20.0,28.0,6.0,15.100000000000001,69.1,73.1625,73.1625,56.92664596273291
广东省,东莞市,东莞市,横沥镇,113.9540617,23.0293489,20.0,2.0,66.0,65.0,274.0,62.0,0.0,46.0,4.0,0.0,0.0,1.0,1.0,1.0,6.0,9.0,0.0,0.0,1.0,2.0,16.0,0.0,4.0,1.0,0.0,8.0,978.0,0.0,0.0,7.0,0.0,8.0,1.0,3.0,15.0,10.0,0.0,0.0,17.0,20.0,84.0,8.0,0.0,1.0,0.0,0.0,0.0,1.0,1.0,1.0,0.0,1.0,0.0,0.0,0.0,0.0,1.0,0.0,0.0,0.0,0.0,2.0,117.0,0.0,0.0,0.0,0.0,1.0,0.0,1.0,7.0,3.0,739390161.0,5665814.0,东莞市东莞市,东莞市东莞市横沥镇,20.0,26.0,10.0,20.0,76.0,73.1625,73.1625,56.92664596273291
广东省,东莞市,东莞市,桥头镇,114.092272,23.024657,13.0,47.0,41.0,55.0,119.0,5.0,0.0,3.0,4.0,0.0,0.0,0.0,0.0,0.0,1.0,1.0,0.0,0.0,0.0,0.0,0.0,0.0,0.0,0.0,0.0,10.0,11.0,0.0,0.0,2.0,1.0,0.0,0.0,4.0,16.0,2.0,0.0,0.0,9.0,10.0,35.0,0.0,0.0,0.0,0.0,0.0,0.0,0.0,0.0,0.0,0.0,0.0,0.0,0.0,0.0,0.0,0.0,0.0,0.0,0.0,0.0,3.0,2.0,0.0,0.0,0.0,0.0,0.0,0.0,1.0,4.0,1.0,2747083490.0,5665596.0,东莞市东莞市,东莞市东莞市桥头镇,20.0,26.0,0.0,2.5,48.5,73.1625,73.1625,56.92664596273291
广东省,东莞市,东莞市,谢岗镇,114.1436258,22.964138,0.0,8.0,27.0,10.0,131.0,1.0,0.0,0.0,3.0,0.0,0.0,1.0,0.0,0.0,4.0,4.0,0.0,0.0,0.0,0.0,0.0,0.0,6.0,0.0,0.0,8.0,28.0,0.0,0.0,2.0,1.0,6.0,0.0,10.0,12.0,9.0,0.0,2.0,5.0,0.0,42.0,0.0,0.0,0.0,3.0,0.0,0.0,1.0,0.0,0.0,3.0,3.0,0.0,0.0,0.0,0.0,0.0,0.0,0.0,0.0,0.0,2.0,10.0,0.0,0.0,0.0,1.0,2.0,0.0,4.0,4.0,2.0,11028247956.0,4590392.0,东莞市东莞市,东莞市东莞市谢岗镇,20.0,26.0,10.0,8.0,64.0,73.1625,73.1625,56.92664596273291
广东省,东莞市,东莞市,东坑镇,113.9288296,22.9988341,0.0,22.0,76.0,71.0,180.0,44.0,12.0,26.0,68.0,0.0,0.0,0.0,0.0,0.0,5.0,7.0,0.0,0.0,0.0,0.0,18.0,0.0,4.0,0.0,0.0,13.0,287.0,0.0,0.0,3.0,1.0,3.0,0.0,6.0,18.0,9.0,0.0,6.0,14.0,8.0,19.0,0.0,0.0,0.0,18.0,0.0,0.0,0.0,0.0,0.0,0.0,0.0,0.0,0.0,0.0,0.0,6.0,0.0,0.0,0.0,0.0,3.0,1.0,0.0,0.0,0.0,0.0,1.0,0.0,1.0,8.0,2.0,11034428467.0,5665827.0,东莞市东莞市,东莞市东莞市东坑镇,20.0,26.0,0.0,20.0,66.0,73.1625,73.1625,56.92664596273291
广东省,东莞市,东莞市,常平镇,113.9875194,22.978096,0.0,93.0,81.0,93.0,332.0,45.0,1.0,11.0,16.0,7.0,2.0,1.0,2.0,2.0,2.0,4.0,4.0,0.0,2.0,26.0,6.0,0.0,1.0,0.0,0.0,13.0,124.0,0.0,1.0,1.0,0.0,12.0,8.0,6.0,17.0,12.0,0.0,14.0,6.0,27.0,118.0,2.0,0.0,4.0,3.0,1.0,1.0,1.0,1.0,1.0,0.0,1.0,2.0,0.0,0.0,12.0,0.0,0.0,0.0,0.0,0.0,1.0,8.0,0.0,0.0,0.0,0.0,0.0,3.0,2.0,11.0,3.0,1415629125.0,5665802.0,东莞市东莞市,东莞市东莞市常平镇,20.0,30.0,21.0,17.3,88.3,73.1625,73.1625,56.92664596273291
广东省,东莞市,东莞市,寮步镇,113.8723358,22.9982008,8.0,34.0,32.0,51.0,253.0,13.0,1.0,60.0,7.0,3.0,3.0,2.0,1.0,2.0,6.0,8.0,0.0,0.0,0.0,11.0,9.0,0.0,4.0,0.0,0.0,11.0,203.0,0.0,8.0,1.0,0.0,5.0,2.0,5.0,18.0,8.0,0.0,14.0,0.0,15.0,24.0,0.0,0.0,0.0,0.0,0.0,0.0,2.0,1.0,1.0,2.0,3.0,0.0,0.0,0.0,2.0,3.0,0.0,0.0,0.0,0.0,2.0,9.0,0.0,0.0,0.0,0.0,3.0,1.0,1.0,6.0,4.0,369490918.0,5665550.0,东莞市东莞市,东莞市东莞市寮步镇,20.0,30.0,17.0,20.0,87.0,73.1625,73.1625,56.92664596273291
广东省,东莞市,东莞市,樟木头镇,114.0796128,22.9169226,22.0,51.0,55.0,50.0,177.0,74.0,1.0,72.0,10.0,15.0,0.0,0.0,1.0,1.0,7.0,8.0,1.0,0.0,2.0,10.0,38.0,5.0,9.0,4.0,3.0,20.0,76.0,0.0,0.0,12.0,2.0,30.0,5.0,5.0,20.0,18.0,0.0,14.0,11.0,6.0,32.0,2.0,0.0,7.0,0.0,0.0,0.0,0.0,0.0,0.0,1.0,1.0,1.0,0.0,0.0,0.0,6.0,2.0,0.0,0.0,0.0,3.0,0.0,0.0,0.0,0.0,0.0,1.0,1.0,1.0,9.0,7.0,1688976897.0,5665803.0,东莞市东莞市,东莞市东莞市樟木头镇,20.0,28.0,10.0,12.8,70.8,73.1625,73.1625,56.92664596273291
广东省,东莞市,东莞市,大朗镇,113.9340502,22.9495258,0.0,61.0,43.0,69.0,221.0,98.0,0.0,27.0,25.0,2.0,0.0,0.0,2.0,2.0,8.0,9.0,0.0,0.0,0.0,11.0,29.0,4.0,1.0,1.0,0.0,12.0,45.0,0.0,1.0,1.0,3.0,14.0,3.0,7.0,18.0,14.0,0.0,0.0,5.0,6.0,63.0,32.0,0.0,1.0,0.0,0.0,0.0,0.0,1.0,1.0,3.0,4.0,0.0,0.0,0.0,1.0,1.0,0.0,0.0,0.0,0.0,6.0,4.0,0.0,0.0,0.0,0.0,5.0,0.0,2.0,6.0,5.0,244078555.0,5665660.0,东莞市东莞市,东莞市东莞市大朗镇,20.0,28.0,11.0,9.0,68.0,73.1625,73.1625,56.92664596273291
广东省,东莞市,东莞市,黄江镇,113.9985288,22.9180224,0.0,125.0,135.0,90.0,149.0,42.0,0.0,5.0,19.0,1.0,1.0,0.0,0.0,0.0,2.0,2.0,0.0,0.0,0.0,2.0,11.0,0.0,8.0,0.0,0.0,14.0,71.0,0.0,1.0,13.0,4.0,5.0,1.0,6.0,17.0,11.0,0.0,23.0,29.0,20.0,12.0,2.0,0.0,1.0,3.0,0.0,0.0,0.0,0.0,0.0,0.0,0.0,0.0,0.0,0.0,2.0,3.0,0.0,0.0,0.0,0.0,3.0,0.0,0.0,0.0,2.0,2.0,1.0,0.0,4.0,11.0,3.0,11029899621.0,5665673.0,东莞市东莞市,东莞市东莞市黄江镇,20.0,30.0,2.0,12.6,64.6,73.1625,73.1625,56.92664596273291
广东省,东莞市,东莞市,清溪镇,114.1607773,22.8356651,24.0,15.0,52.0,112.0,115.0,22.0,0.0,13.0,212.0,0.0,0.0,0.0,0.0,0.0,2.0,3.0,0.0,0.0,0.0,1.0,11.0,0.0,10.0,0.0,0.0,17.0,58.0,0.0,0.0,1.0,1.0,6.0,0.0,4.0,20.0,8.0,0.0,0.0,28.0,30.0,30.0,11.0,0.0,0.0,60.0,0.0,0.0,0.0,0.0,0.0,1.0,2.0,0.0,0.0,0.0,0.0,6.0,0.0,1.0,0.0,0.0,2.0,6.0,0.0,0.0,1.0,0.0,0.0,0.0,1.0,8.0,3.0,8433569062.0,4590333.0,东莞市东莞市,东莞市东莞市清溪镇,20.0,26.0,5.0,10.600000000000001,61.6,73.1625,73.1625,56.92664596273291
广东省,东莞市,东莞市,塘厦镇,114.0674463,22.8091777,5.0,11.0,20.0,62.0,217.0,39.0,0.0,8.0,0.0,0.0,0.0,0.0,1.0,1.0,7.0,8.0,0.0,0.0,0.0,0.0,48.0,3.0,10.0,1.0,0.0,9.0,62.0,0.0,0.0,2.0,1.0,11.0,0.0,4.0,20.0,10.0,0.0,6.0,4.0,2.0,46.0,7.0,0.0,4.0,0.0,0.0,0.0,0.0,0.0,0.0,0.0,0.0,0.0,0.0,0.0,0.0,11.0,1.0,3.0,1.0,0.0,2.0,0.0,0.0,0.0,0.0,0.0,1.0,0.0,1.0,10.0,8.0,1688895847.0,5665776.0,东莞市东莞市,东莞市东莞市塘厦镇,20.0,24.0,0.0,10.4,54.4,73.1625,73.1625,56.92664596273291
广东省,东莞市,东莞市,凤岗镇,114.1318053,22.7499783,29.0,29.0,28.0,46.0,291.0,602.0,0.0,414.0,3.0,30.0,4.0,1.0,1.0,1.0,9.0,11.0,2.0,0.0,0.0,15.0,8.0,0.0,48.0,1.0,8.0,18.0,2057.0,4.0,2.0,21.0,11.0,71.0,3.0,7.0,24.0,17.0,7.0,22.0,2.0,8.0,64.0,186.0,0.0,206.0,0.0,15.0,0.0,1.0,1.0,1.0,2.0,3.0,1.0,0.0,0.0,1.0,1.0,0.0,2.0,0.0,1.0,2.0,640.0,0.0,1.0,5.0,0.0,29.0,1.0,2.0,15.0,14.0,10128071506.0,4424350.0,东莞市东莞市,东莞市东莞市凤岗镇,20.0,30.0,21.0,20.0,91.0,73.1625,73.1625,56.92664596273291
广东省,东莞市,东莞市,大岭山镇,113.8383133,22.9034313,26.0,47.0,27.0,109.0,197.0,69.0,5.0,95.0,146.0,4.0,2.0,3.0,2.0,2.0,4.0,11.0,0.0,2.0,5.0,18.0,17.0,5.0,6.0,2.0,5.0,4.0,282.0,0.0,2.0,3.0,11.0,21.0,5.0,9.0,21.0,11.0,6.0,6.0,2.0,72.0,38.0,13.0,0.0,3.0,59.0,0.0,0.0,2.0,1.0,1.0,3.0,5.0,0.0,2.0,3.0,4.0,2.0,0.0,0.0,1.0,0.0,1.0,34.0,0.0,0.0,0.0,0.0,6.0,2.0,4.0,12.0,7.0,11028242808.0,5665068.0,东莞市东莞市,东莞市东莞市大岭山镇,19.0,30.0,23.0,20.0,92.0,73.1625,73.1625,56.92664596273291
广东省,东莞市,东莞市,长安镇,113.7975669,22.8157901,42.0,42.0,66.0,113.0,238.0,66.0,1.0,36.0,148.0,5.0,2.0,1.0,1.0,1.0,1.0,2.0,0.0,0.0,0.0,12.0,6.0,1.0,2.0,1.0,1.0,8.0,450.0,102.0,7.0,7.0,14.0,34.0,6.0,10.0,24.0,16.0,0.0,0.0,24.0,32.0,32.0,4.0,0.0,6.0,46.0,2.0,0.0,1.0,0.0,0.0,0.0,0.0,0.0,0.0,0.0,2.0,2.0,0.0,0.0,0.0,0.0,1.0,45.0,0.0,0.0,0.0,0.0,16.0,2.0,1.0,13.0,8.0,1684688197.0,5664999.0,东莞市东莞市,东莞市东莞市长安镇,20.0,30.0,7.0,20.0,77.0,73.1625,73.1625,56.92664596273291
广东省,东莞市,东莞市,虎门镇,113.6684225,22.816245,0.0,74.0,204.0,125.0,309.0,43.0,0.0,66.0,286.0,17.0,0.0,2.0,1.0,2.0,6.0,10.0,1.0,0.0,21.0,31.0,39.0,2.0,0.0,0.0,0.0,14.0,515.0,0.0,1.0,1.0,4.0,34.0,4.0,8.0,22.0,11.0,0.0,19.0,44.0,24.0,104.0,10.0,0.0,6.0,49.0,15.0,0.0,1.0,0.0,0.0,1.0,2.0,0.0,0.0,1.0,6.0,5.0,1.0,0.0,0.0,0.0,4.0,169.0,0.0,0.0,1.0,2.0,6.0,0.0,1.0,13.0,6.0,10042696676.0,5664991.0,东莞市东莞市,东莞市东莞市虎门镇,20.0,28.0,18.0,20.0,86.0,73.1625,73.1625,56.92664596273291
广东省,东莞市,东莞市,厚街镇,113.6647712,22.9386111,18.0,112.0,58.0,141.0,274.0,68.0,0.0,7.0,205.0,3.0,0.0,1.0,1.0,1.0,7.0,9.0,0.0,0.0,2.0,10.0,32.0,2.0,9.0,0.0,2.0,12.0,298.0,0.0,3.0,1.0,1.0,22.0,3.0,8.0,19.0,9.0,0.0,32.0,11.0,39.0,60.0,18.0,0.0,1.0,73.0,0.0,0.0,1.0,1.0,1.0,2.0,3.0,0.0,0.0,1.0,6.0,8.0,0.0,0.0,0.0,2.0,2.0,49.0,0.0,1.0,0.0,1.0,7.0,3.0,3.0,12.0,5.0,1415641300.0,5665086.0,东莞市东莞市,东莞市东莞市厚街镇,20.0,28.0,23.0,20.0,91.0,73.1625,73.1625,56.92664596273291
广东省,东莞市,东莞市,沙田镇,113.6129572,22.9223476,0.0,33.0,30.0,52.0,159.0,40.0,0.0,6.0,45.0,4.0,0.0,1.0,1.0,1.0,2.0,3.0,0.0,0.0,0.0,0.0,8.0,0.0,23.0,0.0,0.0,5.0,15.0,0.0,1.0,9.0,0.0,30.0,1.0,7.0,17.0,7.0,0.0,2.0,2.0,14.0,37.0,6.0,0.0,3.0,0.0,2.0,0.0,1.0,0.0,0.0,0.0,0.0,0.0,0.0,0.0,0.0,3.0,0.0,1.0,0.0,0.0,1.0,2.0,0.0,1.0,0.0,0.0,13.0,0.0,3.0,11.0,5.0,369490060.0,5664242.0,东莞市东莞市,东莞市东莞市沙田镇,20.0,28.0,5.0,6.1,59.1,73.1625,73.1625,56.92664596273291
广东省,东莞市,东莞市,道滘镇,113.6705871,23.0075756,6.0,63.0,113.0,150.0,146.0,48.0,16.0,40.0,197.0,4.0,0.0,2.0,1.0,1.0,4.0,4.0,0.0,0.0,0.0,1.0,25.0,0.0,3.0,0.0,2.0,13.0,30.0,1.0,0.0,6.0,0.0,22.0,0.0,10.0,22.0,10.0,0.0,13.0,18.0,51.0,62.0,24.0,1.0,14.0,25.0,4.0,0.0,2.0,0.0,0.0,2.0,2.0,0.0,0.0,0.0,1.0,7.0,0.0,0.0,0.0,2.0,3.0,7.0,0.0,0.0,1.0,0.0,14.0,0.0,3.0,17.0,7.0,10050589927.0,5665100.0,东莞市东莞市,东莞市东莞市道滘镇,20.0,28.0,11.0,8.4,67.4,73.1625,73.1625,56.92664596273291
广东省,东莞市,东莞市,洪梅镇,113.6039893,22.9979232,0.0,23.0,43.0,17.0,82.0,29.0,2.0,34.0,63.0,4.0,1.0,1.0,0.0,0.0,4.0,6.0,1.0,0.0,0.0,0.0,14.0,0.0,5.0,0.0,2.0,6.0,56.0,0.0,9.0,5.0,2.0,13.0,0.0,12.0,20.0,9.0,0.0,2.0,4.0,4.0,17.0,0.0,0.0,0.0,16.0,0.0,0.0,0.0,0.0,0.0,1.0,1.0,0.0,0.0,0.0,0.0,0.0,0.0,2.0,0.0,0.0,1.0,0.0,0.0,0.0,0.0,0.0,0.0,0.0,1.0,8.0,3.0,11034428465.0,5665109.0,东莞市东莞市,东莞市东莞市洪梅镇,20.0,30.0,10.0,10.100000000000001,70.1,73.1625,73.1625,56.92664596273291
广东省,东莞市,东莞市,麻涌镇,113.5764804,23.0541377,0.0,50.0,66.0,63.0,109.0,23.0,1.0,3.0,74.0,1.0,2.0,0.0,0.0,0.0,2.0,3.0,0.0,0.0,0.0,1.0,14.0,0.0,4.0,0.0,0.0,6.0,289.0,0.0,0.0,1.0,2.0,6.0,0.0,6.0,18.0,6.0,0.0,21.0,12.0,24.0,39.0,0.0,0.0,0.0,26.0,0.0,0.0,0.0,0.0,0.0,1.0,2.0,0.0,0.0,0.0,1.0,1.0,0.0,0.0,0.0,0.0,1.0,4.0,0.0,0.0,0.0,1.0,1.0,0.0,2.0,9.0,4.0,11034428466.0,5664241.0,东莞市东莞市,东莞市东莞市麻涌镇,20.0,30.0,6.0,19.0,75.0,73.1625,73.1625,56.92664596273291
广东省,东莞市,东莞市,望牛墩镇,113.6508376,23.0584563,0.0,17.0,69.0,125.0,94.0,4.0,2.0,4.0,18.0,0.0,0.0,0.0,1.0,1.0,4.0,4.0,0.0,0.0,0.0,2.0,6.0,0.0,7.0,0.0,0.0,14.0,5.0,0.0,0.0,0.0,1.0,2.0,0.0,6.0,20.0,7.0,0.0,2.0,4.0,24.0,13.0,0.0,0.0,0.0,0.0,0.0,0.0,0.0,0.0,0.0,4.0,4.0,0.0,0.0,0.0,0.0,2.0,0.0,0.0,0.0,0.0,5.0,0.0,0.0,0.0,0.0,0.0,0.0,0.0,1.0,6.0,3.0,11027976468.0,5665113.0,东莞市东莞市,东莞市东莞市望牛墩镇,20.0,26.0,5.0,4.0,55.0,73.1625,73.1625,56.92664596273291
广东省,东莞市,东莞市,中堂镇,113.6514993,23.0959352,24.0,17.0,23.0,55.0,276.0,23.0,17.0,6.0,69.0,4.0,2.0,1.0,2.0,2.0,6.0,7.0,0.0,0.0,0.0,0.0,19.0,3.0,10.0,0.0,0.0,8.0,178.0,0.0,0.0,8.0,0.0,25.0,0.0,7.0,17.0,9.0,4.0,5.0,4.0,11.0,45.0,10.0,0.0,6.0,29.0,4.0,2.0,1.0,1.0,1.0,3.0,4.0,0.0,0.0,0.0,0.0,7.0,2.0,0.0,0.0,0.0,1.0,164.0,0.0,0.0,0.0,0.0,12.0,0.0,1.0,13.0,7.0,4644346348.0,5664243.0,东莞市东莞市,东莞市东莞市中堂镇,20.0,30.0,15.0,20.0,85.0,73.1625,73.1625,56.92664596273291
广东省,东莞市,东莞市,高埗镇,113.7410928,23.0927031,21.0,91.0,136.0,127.0,154.0,47.0,0.0,16.0,315.0,1.0,1.0,0.0,0.0,0.0,2.0,2.0,0.0,0.0,0.0,4.0,2.0,1.0,1.0,1.0,0.0,12.0,77.0,0.0,14.0,1.0,2.0,8.0,0.0,7.0,18.0,8.0,0.0,5.0,25.0,18.0,8.0,6.0,0.0,0.0,50.0,0.0,0.0,0.0,0.0,0.0,0.0,0.0,0.0,0.0,0.0,0.0,1.0,0.0,0.0,0.0,0.0,1.0,0.0,0.0,0.0,0.0,2.0,0.0,0.0,2.0,9.0,1.0,11028198447.0,5665167.0,东莞市东莞市,东莞市东莞市高埗镇,20.0,30.0,0.0,11.8,61.8,73.1625,73.1625,56.92664596273291
广东省,中山市,中山市,石岐街道,113.3760613,22.532815,16.0,114.0,178.0,246.0,989.0,106.0,2.0,285.0,162.0,21.0,2.0,11.0,5.0,5.0,23.0,30.0,2.0,0.0,10.0,80.0,202.0,54.0,4.0,5.0,2.0,43.0,1544.0,5.0,21.0,9.0,31.0,134.0,30.0,10.0,25.0,22.0,0.0,20.0,8.0,32.0,105.0,8.0,0.0,21.0,29.0,2.0,0.0,0.0,2.0,2.0,3.0,5.0,0.0,0.0,0.0,11.0,4.0,0.0,0.0,0.0,0.0,10.0,48.0,4.0,6.0,0.0,1.0,24.0,3.0,3.0,13.0,7.0,4454629841.0,12300068.0,中山市中山市,中山市中山市石岐街道,20.0,30.0,21.0,20.0,91.0,73.64347826086956,73.64347826086956,56.92664596273291
广东省,中山市,中山市,东区街道,113.4105481,22.5189205,64.0,74.0,114.0,213.0,1098.0,98.0,4.0,159.0,137.0,20.0,6.0,17.0,2.0,5.0,25.0,34.0,5.0,0.0,3.0,30.0,640.0,72.0,10.0,0.0,1.0,30.0,2546.0,0.0,29.0,3.0,10.0,128.0,5.0,8.0,24.0,21.0,8.0,10.0,17.0,29.0,136.0,5.0,0.0,13.0,35.0,2.0,1.0,3.0,0.0,1.0,5.0,6.0,1.0,0.0,1.0,12.0,39.0,5.0,1.0,0.0,0.0,8.0,218.0,0.0,0.0,1.0,0.0,8.0,0.0,2.0,11.0,10.0,4454629839.0,5668290.0,中山市中山市,中山市中山市东区街道,20.0,30.0,23.0,20.0,93.0,73.64347826086956,73.64347826086956,56.92664596273291
广东省,中山市,中山市,中山港街道,113.4556387,22.5480745,38.0,17.0,71.0,203.0,438.0,27.0,1.0,32.0,81.0,0.0,1.0,0.0,3.0,5.0,4.0,8.0,0.0,2.0,2.0,27.0,47.0,3.0,14.0,4.0,2.0,15.0,626.0,0.0,0.0,2.0,0.0,16.0,1.0,7.0,26.0,15.0,0.0,5.0,11.0,22.0,73.0,3.0,0.0,5.0,12.0,0.0,0.0,0.0,1.0,1.0,2.0,3.0,0.0,2.0,0.0,0.0,11.0,0.0,2.0,0.0,0.0,3.0,128.0,0.0,0.0,0.0,0.0,3.0,0.0,1.0,11.0,4.0,8614310146.0,5668305.0,中山市中山市,中山市中山市中山港街道,20.0,28.0,12.0,20.0,80.0,73.64347826086956,73.64347826086956,56.92664596273291
广东省,中山市,中山市,西区街道,113.350304,22.527918,54.0,36.0,129.0,234.0,567.0,73.0,2.0,231.0,111.0,10.0,2.0,2.0,5.0,5.0,14.0,16.0,0.0,0.0,2.0,59.0,85.0,27.0,4.0,5.0,3.0,31.0,1028.0,5.0,11.0,7.0,23.0,60.0,29.0,9.0,23.0,19.0,0.0,0.0,28.0,42.0,69.0,14.0,0.0,27.0,26.0,2.0,0.0,0.0,1.0,1.0,2.0,2.0,0.0,0.0,0.0,6.0,9.0,4.0,0.0,1.0,0.0,3.0,239.0,0.0,0.0,0.0,3.0,7.0,2.0,1.0,13.0,11.0,4454629842.0,5668308.0,中山市中山市,中山市中山市西区街道,20.0,30.0,21.0,20.0,91.0,73.64347826086956,73.64347826086956,56.92664596273291
广东省,中山市,中山市,南区街道,113.3496414,22.4782997,48.0,7.0,80.0,30.0,266.0,72.0,2.0,39.0,8.0,3.0,2.0,2.0,2.0,2.0,7.0,9.0,0.0,0.0,2.0,14.0,81.0,16.0,12.0,1.0,5.0,15.0,466.0,0.0,2.0,5.0,7.0,35.0,7.0,8.0,25.0,17.0,0.0,0.0,12.0,3.0,63.0,12.0,0.0,13.0,2.0,1.0,0.0,0.0,0.0,0.0,3.0,3.0,0.0,0.0,1.0,1.0,20.0,1.0,3.0,1.0,2.0,7.0,32.0,0.0,2.0,0.0,2.0,8.0,2.0,1.0,12.0,15.0,4454629840.0,5668298.0,中山市中山市,中山市中山市南区街道,20.0,30.0,13.0,20.0,83.0,73.64347826086956,73.64347826086956,56.92664596273291
广东省,中山市,中山市,五桂山街道,113.3970164,22.4488726,20.0,17.0,1.0,10.0,103.0,29.0,0.0,55.0,18.0,1.0,1.0,0.0,0.0,0.0,1.0,4.0,0.0,0.0,0.0,0.0,4.0,0.0,0.0,0.0,0.0,14.0,31.0,0.0,4.0,6.0,0.0,18.0,2.0,3.0,23.0,10.0,4.0,4.0,0.0,0.0,38.0,15.0,0.0,22.0,10.0,0.0,0.0,0.0,0.0,0.0,1.0,2.0,0.0,0.0,0.0,0.0,2.0,0.0,0.0,0.0,0.0,4.0,13.0,0.0,4.0,3.0,0.0,12.0,2.0,1.0,14.0,7.0,8412653558.0,5668306.0,中山市中山市,中山市中山市五桂山街道,20.0,30.0,5.0,9.3,64.3,73.64347826086956,73.64347826086956,56.92664596273291
广东省,中山市,中山市,民众街道,113.4884965,22.6246734,39.0,0.0,6.0,63.0,120.0,22.0,0.0,0.0,4.0,0.0,0.0,0.0,0.0,0.0,0.0,0.0,0.0,0.0,0.0,0.0,0.0,0.0,1.0,0.0,0.0,7.0,80.0,0.0,0.0,4.0,0.0,0.0,0.0,3.0,11.0,4.0,0.0,0.0,4.0,30.0,47.0,0.0,0.0,0.0,0.0,0.0,0.0,0.0,0.0,0.0,0.0,0.0,0.0,0.0,0.0,0.0,0.0,0.0,0.0,0.0,0.0,2.0,23.0,0.0,0.0,0.0,0.0,0.0,0.0,1.0,4.0,1.0,2635502190.0,5668296.0,中山市中山市,中山市中山市民众街道,20.0,26.0,0.0,12.700000000000001,58.7,73.64347826086956,73.64347826086956,56.92664596273291
广东省,中山市,中山市,南朗街道,113.5255597,22.5013655,58.0,9.0,13.0,173.0,274.0,19.0,0.0,3.0,41.0,3.0,1.0,6.0,4.0,7.0,4.0,7.0,4.0,0.0,3.0,17.0,59.0,3.0,95.0,0.0,6.0,21.0,378.0,0.0,0.0,12.0,0.0,25.0,1.0,5.0,18.0,14.0,14.0,7.0,8.0,84.0,77.0,3.0,0.0,0.0,17.0,2.0,0.0,2.0,3.0,5.0,4.0,5.0,2.0,0.0,3.0,11.0,35.0,3.0,3.0,0.0,1.0,2.0,301.0,0.0,0.0,1.0,0.0,7.0,1.0,3.0,10.0,12.0,369490614.0,5668297.0,中山市中山市,中山市中山市南朗街道,20.0,30.0,28.0,20.0,98.0,73.64347826086956,73.64347826086956,56.92664596273291
广东省,中山市,中山市,黄圃镇,113.336599,22.716714,31.0,0.0,0.0,97.0,130.0,7.0,0.0,3.0,45.0,1.0,0.0,2.0,1.0,1.0,7.0,11.0,0.0,0.0,0.0,2.0,14.0,1.0,5.0,1.0,1.0,12.0,49.0,0.0,0.0,1.0,0.0,6.0,1.0,4.0,13.0,11.0,8.0,0.0,0.0,31.0,29.0,3.0,0.0,0.0,11.0,1.0,0.0,1.0,1.0,1.0,3.0,6.0,0.0,0.0,0.0,0.0,4.0,0.0,0.0,0.0,0.0,3.0,10.0,0.0,0.0,0.0,0.0,3.0,1.0,1.0,8.0,7.0,2635502176.0,5668167.0,中山市中山市,中山市中山市黄圃镇,20.0,28.0,15.0,10.0,73.0,73.64347826086956,73.64347826086956,56.92664596273291
广东省,中山市,中山市,东凤镇,113.2494785,22.7050424,30.0,45.0,57.0,129.0,220.0,22.0,0.0,9.0,2.0,1.0,2.0,1.0,0.0,0.0,5.0,6.0,0.0,0.0,0.0,2.0,3.0,0.0,7.0,1.0,0.0,7.0,25.0,0.0,0.0,1.0,0.0,11.0,2.0,10.0,18.0,11.0,0.0,9.0,7.0,8.0,52.0,0.0,0.0,0.0,1.0,0.0,0.0,1.0,0.0,0.0,1.0,2.0,0.0,0.0,0.0,1.0,1.0,0.0,0.0,0.0,0.0,1.0,5.0,0.0,0.0,0.0,0.0,1.0,0.0,3.0,6.0,4.0,9758623470.0,5668289.0,中山市中山市,中山市中山市东凤镇,20.0,30.0,11.0,7.1,68.1,73.64347826086956,73.64347826086956,56.92664596273291
广东省,中山市,中山市,古镇镇,113.1825517,22.619289,16.0,70.0,21.0,113.0,474.0,220.0,0.0,263.0,65.0,31.0,1.0,21.0,2.0,2.0,23.0,26.0,4.0,0.0,6.0,12.0,55.0,0.0,47.0,0.0,2.0,8.0,430.0,0.0,0.0,7.0,3.0,89.0,9.0,12.0,21.0,15.0,0.0,15.0,7.0,12.0,152.0,68.0,0.0,107.0,21.0,19.0,0.0,15.0,2.0,2.0,8.0,11.0,3.0,0.0,6.0,7.0,30.0,0.0,4.0,0.0,0.0,4.0,243.0,0.0,0.0,0.0,0.0,28.0,5.0,1.0,12.0,10.0,1406019411.0,5668294.0,中山市中山市,中山市中山市古镇镇,20.0,30.0,28.0,20.0,98.0,73.64347826086956,73.64347826086956,56.92664596273291
广东省,中山市,中山市,沙溪镇,113.3160118,22.5114054,32.0,12.0,46.0,132.0,304.0,26.0,0.0,3.0,11.0,0.0,2.0,6.0,1.0,1.0,2.0,4.0,1.0,0.0,0.0,7.0,17.0,0.0,2.0,0.0,0.0,18.0,147.0,0.0,1.0,3.0,11.0,8.0,2.0,5.0,21.0,12.0,0.0,5.0,0.0,19.0,42.0,3.0,0.0,0.0,0.0,0.0,0.0,6.0,0.0,0.0,0.0,2.0,0.0,0.0,0.0,0.0,7.0,0.0,0.0,0.0,0.0,3.0,4.0,0.0,0.0,0.0,1.0,3.0,0.0,1.0,7.0,5.0,2635502234.0,5668300.0,中山市中山市,中山市中山市沙溪镇,20.0,28.0,5.0,19.4,72.4,73.64347826086956,73.64347826086956,56.92664596273291
广东省,中山市,中山市,坦洲镇,113.4658491,22.2694979,39.0,107.0,98.0,127.0,463.0,106.0,0.0,155.0,100.0,15.0,1.0,7.0,4.0,4.0,6.0,9.0,1.0,0.0,0.0,11.0,73.0,11.0,17.0,0.0,5.0,9.0,1425.0,1.0,22.0,22.0,23.0,37.0,2.0,7.0,23.0,21.0,0.0,29.0,31.0,33.0,129.0,66.0,0.0,41.0,32.0,6.0,1.0,3.0,3.0,3.0,0.0,1.0,1.0,0.0,0.0,5.0,21.0,9.0,5.0,0.0,2.0,2.0,799.0,0.0,0.0,1.0,13.0,14.0,1.0,1.0,13.0,16.0,2635502255.0,4423720.0,中山市中山市,中山市中山市坦洲镇,20.0,30.0,20.0,20.0,90.0,73.64347826086956,73.64347826086956,56.92664596273291
广东省,中山市,中山市,港口镇,113.374722,22.589722,26.0,31.0,67.0,111.0,232.0,7.0,4.0,0.0,5.0,1.0,0.0,0.0,0.0,0.0,1.0,1.0,0.0,0.0,0.0,1.0,1.0,0.0,0.0,1.0,0.0,9.0,468.0,0.0,0.0,0.0,2.0,4.0,2.0,5.0,17.0,8.0,0.0,2.0,11.0,26.0,27.0,1.0,0.0,0.0,0.0,0.0,0.0,0.0,0.0,0.0,0.0,0.0,0.0,0.0,0.0,0.0,0.0,0.0,0.0,1.0,0.0,4.0,0.0,0.0,0.0,0.0,0.0,1.0,0.0,1.0,6.0,4.0,2635502146.0,5668293.0,中山市中山市,中山市中山市港口镇,20.0,28.0,0.0,20.0,68.0,73.64347826086956,73.64347826086956,56.92664596273291
广东省,中山市,中山市,三角镇,113.4275,22.685,0.0,35.0,19.0,16.0,150.0,92.0,0.0,48.0,22.0,0.0,0.0,0.0,0.0,0.0,0.0,0.0,0.0,0.0,0.0,1.0,21.0,9.0,7.0,0.0,2.0,12.0,183.0,0.0,0.0,2.0,1.0,2.0,0.0,3.0,21.0,10.0,0.0,8.0,5.0,2.0,18.0,21.0,0.0,12.0,6.0,0.0,0.0,0.0,0.0,0.0,0.0,0.0,0.0,0.0,0.0,0.0,10.0,0.0,2.0,0.0,0.0,5.0,2.0,0.0,0.0,0.0,0.0,0.0,0.0,1.0,12.0,5.0,2635502221.0,5668301.0,中山市中山市,中山市中山市三角镇,20.0,26.0,0.0,20.0,66.0,73.64347826086956,73.64347826086956,56.92664596273291
广东省,中山市,中山市,横栏镇,113.2252258,22.5827353,23.0,25.0,11.0,61.0,196.0,8.0,0.0,0.0,0.0,0.0,0.0,0.0,0.0,0.0,2.0,2.0,0.0,0.0,0.0,0.0,1.0,0.0,4.0,0.0,1.0,6.0,7.0,0.0,0.0,0.0,0.0,0.0,0.0,6.0,16.0,6.0,8.0,2.0,1.0,0.0,21.0,0.0,0.0,0.0,0.0,0.0,0.0,0.0,0.0,0.0,0.0,0.0,0.0,0.0,0.0,0.0,0.0,0.0,0.0,0.0,1.0,1.0,1.0,0.0,0.0,0.0,0.0,0.0,0.0,3.0,11.0,2.0,1406025033.0,5668295.0,中山市中山市,中山市中山市横栏镇,20.0,24.0,0.0,3.8,47.8,73.64347826086956,73.64347826086956,56.92664596273291
广东省,中山市,中山市,南头镇,113.292606,22.721705,30.0,32.0,5.0,111.0,189.0,28.0,0.0,30.0,7.0,1.0,1.0,2.0,0.0,0.0,4.0,5.0,0.0,0.0,0.0,1.0,19.0,4.0,47.0,0.0,2.0,10.0,76.0,0.0,0.0,7.0,0.0,9.0,0.0,12.0,24.0,14.0,12.0,1.0,3.0,29.0,18.0,0.0,0.0,11.0,2.0,0.0,0.0,0.0,0.0,0.0,0.0,0.0,0.0,0.0,0.0,0.0,2.0,0.0,1.0,0.0,1.0,2.0,0.0,0.0,0.0,0.0,0.0,1.0,0.0,1.0,12.0,6.0,2635502207.0,5668299.0,中山市中山市,中山市中山市南头镇,20.0,30.0,5.0,12.3,67.3,73.64347826086956,73.64347826086956,56.92664596273291
广东省,中山市,中山市,阜沙镇,113.345093,22.6688494,22.0,51.0,7.0,63.0,217.0,1.0,0.0,3.0,4.0,0.0,0.0,0.0,0.0,0.0,2.0,2.0,0.0,0.0,0.0,1.0,0.0,0.0,5.0,1.0,0.0,9.0,1.0,0.0,0.0,0.0,1.0,2.0,0.0,3.0,13.0,6.0,0.0,19.0,0.0,7.0,34.0,0.0,0.0,0.0,0.0,0.0,0.0,0.0,0.0,0.0,2.0,2.0,0.0,0.0,0.0,0.0,0.0,0.0,3.0,0.0,0.0,3.0,0.0,0.0,0.0,0.0,0.0,2.0,0.0,1.0,7.0,4.0,2635502131.0,5668292.0,中山市中山市,中山市中山市阜沙镇,20.0,26.0,5.0,3.1,54.1,73.64347826086956,73.64347826086956,56.92664596273291
广东省,中山市,中山市,三乡镇,113.436246,22.360576,17.0,20.0,28.0,111.0,403.0,28.0,1.0,9.0,110.0,13.0,0.0,1.0,0.0,0.0,1.0,1.0,0.0,0.0,0.0,5.0,31.0,0.0,7.0,1.0,0.0,21.0,32.0,0.0,0.0,1.0,1.0,12.0,2.0,3.0,20.0,12.0,5.0,9.0,19.0,48.0,39.0,4.0,0.0,1.0,39.0,0.0,0.0,1.0,0.0,0.0,1.0,1.0,0.0,0.0,0.0,3.0,8.0,0.0,0.0,1.0,0.0,2.0,9.0,0.0,0.0,0.0,0.0,1.0,2.0,1.0,13.0,7.0,8614310147.0,5668303.0,中山市中山市,中山市中山市三乡镇,20.0,28.0,13.0,8.2,69.2,73.64347826086956,73.64347826086956,56.92664596273291
广东省,中山市,中山市,板芙镇,113.3298109,22.3997608,21.0,1.0,10.0,75.0,99.0,55.0,0.0,4.0,6.0,0.0,0.0,0.0,2.0,2.0,3.0,4.0,0.0,0.0,0.0,0.0,2.0,0.0,3.0,0.0,0.0,6.0,2.0,0.0,0.0,3.0,0.0,1.0,1.0,6.0,22.0,10.0,10.0,0.0,2.0,17.0,22.0,18.0,0.0,2.0,2.0,0.0,0.0,0.0,0.0,0.0,1.0,1.0,0.0,0.0,0.0,0.0,2.0,0.0,0.0,0.0,0.0,2.0,0.0,0.0,0.0,0.0,0.0,0.0,0.0,2.0,11.0,3.0,8412653559.0,5668287.0,中山市中山市,中山市中山市板芙镇,20.0,26.0,5.0,4.5,55.5,73.64347826086956,73.64347826086956,56.92664596273291
广东省,中山市,中山市,大涌镇,113.2949677,22.4681811,14.0,0.0,53.0,29.0,112.0,43.0,0.0,17.0,0.0,0.0,0.0,1.0,0.0,0.0,1.0,1.0,1.0,0.0,1.0,2.0,14.0,1.0,3.0,0.0,1.0,9.0,42.0,0.0,18.0,7.0,2.0,11.0,0.0,5.0,21.0,15.0,0.0,0.0,20.0,9.0,50.0,34.0,0.0,7.0,0.0,0.0,0.0,1.0,0.0,0.0,0.0,0.0,1.0,0.0,1.0,2.0,3.0,1.0,0.0,0.0,0.0,3.0,25.0,0.0,11.0,4.0,2.0,1.0,0.0,2.0,11.0,10.0,8412653557.0,5668288.0,中山市中山市,中山市中山市大涌镇,20.0,24.0,14.0,11.8,69.8,73.64347826086956,73.64347826086956,56.92664596273291
广东省,中山市,中山市,神湾镇,113.3581491,22.3015179,5.0,10.0,8.0,22.0,137.0,8.0,0.0,6.0,24.0,0.0,0.0,0.0,0.0,0.0,0.0,0.0,0.0,0.0,0.0,0.0,3.0,0.0,1.0,0.0,1.0,7.0,12.0,0.0,0.0,46.0,0.0,1.0,0.0,4.0,17.0,11.0,3.0,6.0,6.0,3.0,53.0,0.0,0.0,0.0,8.0,0.0,0.0,0.0,0.0,0.0,0.0,0.0,0.0,0.0,0.0,0.0,0.0,0.0,0.0,0.0,0.0,2.0,0.0,0.0,0.0,0.0,0.0,0.0,0.0,3.0,10.0,3.0,2635502246.0,5668302.0,中山市中山市,中山市中山市神湾镇,20.0,26.0,0.0,9.8,55.8,73.64347826086956,73.64347826086956,56.92664596273291
广东省,中山市,中山市,小榄镇,113.2294552,22.6731279,20.0,29.0,55.0,143.0,288.0,15.0,0.0,28.0,9.0,2.0,2.0,1.0,1.0,1.0,9.0,9.0,0.0,0.0,0.0,13.0,2.0,1.0,3.0,4.0,0.0,13.0,62.0,0.0,0.0,3.0,9.0,41.0,9.0,7.0,18.0,11.0,0.0,0.0,4.0,19.0,72.0,4.0,0.0,18.0,1.0,2.0,0.0,0.0,1.0,1.0,5.0,5.0,0.0,0.0,0.0,3.0,0.0,0.0,0.0,0.0,0.0,4.0,12.0,0.0,0.0,1.0,0.0,16.0,4.0,2.0,6.0,5.0,369497971.0,5668307.0,中山市中山市,中山市中山市小榄镇,20.0,30.0,18.0,11.8,79.8,73.64347826086956,73.64347826086956,56.92664596273291
广东省,潮州市,湘桥区,桥东街道,116.656351,23.6696033,0.0,51.0,26.0,74.0,385.0,96.0,1.0,64.0,6.0,9.0,1.0,2.0,3.0,3.0,17.0,27.0,1.0,0.0,0.0,13.0,39.0,0.0,1.0,2.0,3.0,9.0,163.0,0.0,0.0,47.0,7.0,55.0,64.0,15.0,21.0,19.0,0.0,0.0,3.0,3.0,42.0,1.0,0.0,30.0,0.0,1.0,0.0,0.0,0.0,0.0,1.0,3.0,0.0,0.0,0.0,5.0,2.0,0.0,0.0,0.0,1.0,2.0,13.0,0.0,0.0,21.0,0.0,1.0,6.0,4.0,9.0,10.0,8402087162.0,-1.0,潮州市湘桥区,潮州市湘桥区桥东街道,12.0,30.0,15.0,20.0,77.0,73.53333333333333,67.17391304347827,56.92664596273291
广东省,潮州市,湘桥区,城西街道,116.627922,23.6557899,24.0,45.0,57.0,170.0,451.0,165.0,2.0,107.0,9.0,13.0,6.0,23.0,6.0,7.0,29.0,37.0,7.0,1.0,2.0,23.0,150.0,35.0,5.0,1.0,3.0,21.0,774.0,0.0,0.0,45.0,9.0,37.0,66.0,19.0,21.0,18.0,12.0,4.0,22.0,33.0,60.0,32.0,0.0,38.0,1.0,2.0,1.0,12.0,2.0,3.0,5.0,8.0,3.0,1.0,1.0,4.0,69.0,17.0,0.0,0.0,0.0,5.0,390.0,0.0,0.0,0.0,0.0,11.0,5.0,5.0,13.0,9.0,8402087164.0,-1.0,潮州市湘桥区,潮州市湘桥区城西街道,12.0,30.0,28.0,20.0,90.0,73.53333333333333,67.17391304347827,56.92664596273291
广东省,潮州市,湘桥区,凤新街道,116.613264,23.6677167,23.0,34.0,64.0,215.0,477.0,129.0,0.0,49.0,7.0,8.0,6.0,25.0,7.0,8.0,28.0,34.0,8.0,1.0,2.0,13.0,151.0,35.0,23.0,0.0,1.0,21.0,685.0,0.0,0.0,1.0,6.0,34.0,21.0,12.0,17.0,16.0,0.0,7.0,6.0,36.0,62.0,40.0,0.0,5.0,0.0,0.0,1.0,6.0,0.0,0.0,7.0,9.0,1.0,0.0,0.0,2.0,25.0,11.0,1.0,0.0,1.0,2.0,19.0,0.0,0.0,0.0,0.0,10.0,2.0,1.0,11.0,11.0,8402087166.0,-1.0,潮州市湘桥区,潮州市湘桥区凤新街道,12.0,30.0,17.0,20.0,79.0,73.53333333333333,67.17391304347827,56.92664596273291
广东省,潮州市,湘桥区,太平街道,116.6462262,23.6735241,0.0,44.0,43.0,112.0,406.0,119.0,0.0,57.0,7.0,14.0,4.0,8.0,6.0,7.0,21.0,32.0,5.0,1.0,1.0,19.0,91.0,18.0,2.0,2.0,3.0,13.0,282.0,0.0,0.0,46.0,9.0,66.0,69.0,18.0,19.0,21.0,0.0,0.0,4.0,11.0,69.0,6.0,0.0,29.0,0.0,3.0,0.0,1.0,1.0,1.0,4.0,4.0,0.0,0.0,0.0,10.0,2.0,0.0,0.0,1.0,0.0,1.0,83.0,0.0,0.0,30.0,3.0,1.0,41.0,9.0,9.0,8.0,8402087163.0,-1.0,潮州市湘桥区,潮州市湘桥区太平街道,12.0,30.0,21.0,20.0,83.0,73.53333333333333,67.17391304347827,56.92664596273291
广东省,潮州市,湘桥区,西新街道,116.6398654,23.6627506,16.0,38.0,48.0,129.0,424.0,144.0,2.0,98.0,8.0,15.0,6.0,21.0,6.0,7.0,24.0,35.0,6.0,1.0,2.0,22.0,144.0,33.0,5.0,1.0,2.0,17.0,764.0,0.0,0.0,47.0,9.0,61.0,71.0,20.0,22.0,21.0,0.0,10.0,7.0,19.0,100.0,39.0,0.0,21.0,3.0,3.0,0.0,0.0,2.0,2.0,5.0,5.0,1.0,0.0,0.0,5.0,5.0,0.0,0.0,1.0,0.0,1.0,76.0,0.0,0.0,23.0,5.0,2.0,39.0,8.0,14.0,10.0,8402087160.0,-1.0,潮州市湘桥区,潮州市湘桥区西新街道,12.0,30.0,25.0,20.0,87.0,73.53333333333333,67.17391304347827,56.92664596273291
广东省,潮州市,湘桥区,意溪镇,116.6507928,23.6953086,0.0,22.0,16.0,54.0,241.0,26.0,0.0,14.0,0.0,4.0,1.0,2.0,1.0,1.0,9.0,9.0,1.0,0.0,0.0,9.0,13.0,1.0,3.0,2.0,3.0,8.0,57.0,0.0,0.0,5.0,2.0,7.0,24.0,7.0,13.0,16.0,0.0,2.0,8.0,13.0,53.0,15.0,0.0,0.0,0.0,0.0,1.0,1.0,1.0,1.0,2.0,2.0,0.0,0.0,0.0,0.0,1.0,0.0,1.0,1.0,0.0,1.0,7.0,0.0,0.0,0.0,0.0,1.0,0.0,2.0,10.0,7.0,2969235885.0,-1.0,潮州市湘桥区,潮州市湘桥区意溪镇,12.0,28.0,15.0,10.9,65.9,73.53333333333333,67.17391304347827,56.92664596273291
广东省,潮州市,湘桥区,磷溪镇,116.6997884,23.6455431,19.0,11.0,4.0,24.0,131.0,34.0,0.0,7.0,0.0,1.0,3.0,2.0,1.0,1.0,5.0,7.0,0.0,0.0,0.0,1.0,25.0,0.0,9.0,1.0,0.0,13.0,14.0,0.0,0.0,2.0,0.0,11.0,0.0,2.0,14.0,11.0,5.0,0.0,4.0,12.0,22.0,1.0,0.0,0.0,0.0,0.0,0.0,0.0,0.0,0.0,0.0,0.0,0.0,0.0,0.0,0.0,8.0,0.0,0.0,0.0,0.0,7.0,0.0,0.0,0.0,0.0,0.0,0.0,0.0,2.0,6.0,4.0,2482155120.0,-1.0,潮州市湘桥区,潮州市湘桥区磷溪镇,12.0,28.0,5.0,5.6,50.6,73.53333333333333,67.17391304347827,56.92664596273291
广东省,潮州市,湘桥区,铁铺镇,116.7636906,23.6265031,10.0,8.0,6.0,28.0,130.0,32.0,0.0,63.0,0.0,2.0,3.0,0.0,0.0,0.0,1.0,5.0,0.0,0.0,0.0,0.0,12.0,0.0,8.0,0.0,1.0,17.0,49.0,0.0,0.0,1.0,0.0,42.0,0.0,4.0,15.0,15.0,6.0,0.0,5.0,6.0,25.0,13.0,0.0,0.0,0.0,0.0,0.0,0.0,0.0,0.0,1.0,2.0,0.0,0.0,0.0,0.0,3.0,0.0,1.0,0.0,0.0,3.0,3.0,0.0,0.0,0.0,0.0,1.0,0.0,1.0,8.0,5.0,2482155122.0,-1.0,潮州市湘桥区,潮州市湘桥区铁铺镇,12.0,28.0,5.0,9.3,54.3,73.53333333333333,67.17391304347827,56.92664596273291
广东省,潮州市,湘桥区,官塘镇,116.722939,23.6192418,14.0,3.0,7.0,18.0,151.0,19.0,0.0,0.0,0.0,2.0,3.0,5.0,1.0,1.0,3.0,3.0,0.0,0.0,0.0,0.0,19.0,0.0,5.0,1.0,1.0,25.0,1897.0,0.0,0.0,0.0,0.0,10.0,1.0,9.0,14.0,12.0,0.0,1.0,4.0,3.0,19.0,7.0,0.0,0.0,0.0,0.0,0.0,4.0,1.0,1.0,1.0,1.0,0.0,0.0,0.0,0.0,2.0,0.0,1.0,1.0,0.0,3.0,12.0,0.0,0.0,0.0,0.0,0.0,0.0,2.0,8.0,6.0,4552399469.0,-1.0,潮州市湘桥区,潮州市湘桥区官塘镇,12.0,28.0,15.0,20.0,75.0,73.53333333333333,67.17391304347827,56.92664596273291
广东省,潮州市,潮安区,古巷镇,116.5699146,23.6645803,5.0,29.0,17.0,119.0,379.0,49.0,0.0,3.0,2.0,0.0,0.0,0.0,0.0,0.0,3.0,3.0,0.0,0.0,0.0,1.0,1.0,0.0,29.0,0.0,2.0,18.0,11.0,0.0,0.0,1.0,0.0,0.0,0.0,6.0,15.0,7.0,0.0,4.0,3.0,12.0,51.0,4.0,0.0,0.0,0.0,0.0,0.0,0.0,0.0,0.0,0.0,0.0,0.0,0.0,0.0,0.0,1.0,0.0,0.0,0.0,0.0,8.0,0.0,0.0,0.0,0.0,0.0,0.0,0.0,2.0,6.0,2.0,2969234342.0,-1.0,潮州市潮安区,潮州市潮安区古巷镇,12.0,26.0,0.0,4.7,42.7,50.1375,67.17391304347827,56.92664596273291
广东省,潮州市,潮安区,登塘镇,116.5235868,23.6867342,0.0,20.0,3.0,24.0,184.0,6.0,0.0,0.0,0.0,1.0,0.0,0.0,0.0,0.0,1.0,1.0,0.0,0.0,0.0,0.0,4.0,0.0,10.0,0.0,2.0,17.0,0.0,0.0,0.0,2.0,0.0,0.0,0.0,4.0,11.0,7.0,0.0,8.0,0.0,5.0,34.0,0.0,0.0,0.0,0.0,0.0,0.0,0.0,0.0,0.0,0.0,0.0,0.0,0.0,0.0,0.0,3.0,0.0,2.0,0.0,0.0,4.0,0.0,0.0,0.0,0.0,0.0,0.0,0.0,2.0,4.0,3.0,8401354712.0,-1.0,潮州市潮安区,潮州市潮安区登塘镇,12.0,26.0,0.0,3.7,41.7,50.1375,67.17391304347827,56.92664596273291
广东省,潮州市,潮安区,凤塘镇,116.5660367,23.6253357,17.0,16.0,14.0,129.0,346.0,27.0,0.0,3.0,2.0,0.0,0.0,0.0,0.0,0.0,4.0,4.0,0.0,0.0,0.0,1.0,0.0,0.0,30.0,0.0,0.0,24.0,13.0,0.0,1.0,1.0,1.0,2.0,0.0,4.0,13.0,6.0,4.0,0.0,4.0,25.0,39.0,0.0,0.0,0.0,0.0,0.0,0.0,0.0,0.0,0.0,1.0,1.0,0.0,0.0,0.0,0.0,0.0,0.0,6.0,0.0,0.0,4.0,0.0,0.0,0.0,0.0,0.0,0.0,0.0,2.0,5.0,2.0,2969234341.0,-1.0,潮州市潮安区,潮州市潮安区凤塘镇,12.0,26.0,5.0,4.4,47.4,50.1375,67.17391304347827,56.92664596273291
广东省,潮州市,潮安区,浮洋镇,116.5916786,23.5905343,0.0,9.0,6.0,77.0,274.0,10.0,0.0,3.0,1.0,0.0,0.0,0.0,0.0,0.0,2.0,2.0,0.0,0.0,0.0,0.0,1.0,0.0,22.0,0.0,0.0,26.0,1.0,0.0,0.0,0.0,0.0,1.0,0.0,4.0,8.0,8.0,0.0,4.0,2.0,11.0,19.0,2.0,0.0,0.0,1.0,0.0,0.0,0.0,0.0,0.0,0.0,0.0,0.0,0.0,0.0,0.0,0.0,0.0,0.0,0.0,0.0,3.0,0.0,0.0,0.0,0.0,0.0,0.0,0.0,2.0,7.0,0.0,2969234340.0,-1.0,潮州市潮安区,潮州市潮安区浮洋镇,12.0,26.0,0.0,4.1,42.1,50.1375,67.17391304347827,56.92664596273291
广东省,潮州市,潮安区,龙湖镇,116.6438207,23.560936,0.0,5.0,4.0,71.0,293.0,27.0,1.0,34.0,2.0,0.0,0.0,1.0,1.0,1.0,5.0,5.0,0.0,0.0,0.0,3.0,14.0,3.0,0.0,0.0,0.0,23.0,18.0,0.0,13.0,1.0,1.0,5.0,1.0,6.0,18.0,8.0,0.0,1.0,0.0,11.0,47.0,10.0,1.0,28.0,0.0,0.0,0.0,0.0,1.0,1.0,2.0,2.0,0.0,0.0,0.0,1.0,6.0,3.0,0.0,0.0,0.0,3.0,2.0,0.0,0.0,0.0,0.0,2.0,1.0,3.0,11.0,6.0,2969234339.0,-1.0,潮州市潮安区,潮州市潮安区龙湖镇,12.0,26.0,16.0,6.1,60.1,50.1375,67.17391304347827,56.92664596273291
广东省,潮州市,潮安区,金石镇,116.6153687,23.5286698,0.0,25.0,5.0,75.0,318.0,6.0,0.0,0.0,0.0,0.0,0.0,0.0,0.0,0.0,0.0,0.0,0.0,0.0,0.0,0.0,1.0,0.0,0.0,0.0,1.0,31.0,0.0,0.0,0.0,0.0,1.0,0.0,0.0,2.0,8.0,7.0,0.0,0.0,0.0,25.0,61.0,0.0,0.0,0.0,0.0,0.0,0.0,0.0,0.0,0.0,0.0,0.0,0.0,0.0,0.0,0.0,0.0,0.0,0.0,0.0,0.0,7.0,0.0,0.0,0.0,0.0,0.0,0.0,0.0,1.0,3.0,1.0,2969234335.0,-1.0,潮州市潮安区,潮州市潮安区金石镇,12.0,24.0,0.0,3.5,39.5,50.1375,67.17391304347827,56.92664596273291
广东省,潮州市,潮安区,沙溪镇,116.5822704,23.5351109,0.0,20.0,17.0,53.0,211.0,54.0,0.0,12.0,15.0,9.0,0.0,0.0,0.0,0.0,3.0,3.0,0.0,0.0,0.0,0.0,7.0,0.0,0.0,0.0,1.0,25.0,22.0,3.0,4.0,0.0,1.0,2.0,2.0,11.0,18.0,10.0,0.0,4.0,0.0,7.0,14.0,32.0,0.0,12.0,13.0,6.0,0.0,0.0,0.0,0.0,1.0,1.0,0.0,0.0,0.0,0.0,4.0,0.0,0.0,0.0,0.0,6.0,13.0,3.0,4.0,0.0,1.0,1.0,1.0,4.0,8.0,7.0,2969234336.0,-1.0,潮州市潮安区,潮州市潮安区沙溪镇,12.0,28.0,5.0,7.5,52.5,50.1375,67.17391304347827,56.92664596273291
广东省,潮州市,潮安区,彩塘镇,116.6497075,23.4928686,0.0,40.0,44.0,223.0,271.0,24.0,0.0,1.0,0.0,2.0,0.0,0.0,1.0,1.0,2.0,2.0,0.0,0.0,0.0,0.0,0.0,0.0,0.0,0.0,0.0,25.0,13.0,0.0,0.0,1.0,0.0,2.0,1.0,2.0,9.0,4.0,0.0,0.0,13.0,49.0,33.0,0.0,0.0,0.0,0.0,0.0,0.0,0.0,0.0,0.0,0.0,0.0,0.0,0.0,0.0,0.0,0.0,0.0,0.0,0.0,0.0,1.0,0.0,0.0,0.0,0.0,0.0,0.0,0.0,1.0,4.0,1.0,2969234334.0,-1.0,潮州市潮安区,潮州市潮安区彩塘镇,12.0,26.0,0.0,3.4000000000000004,41.4,50.1375,67.17391304347827,56.92664596273291
广东省,潮州市,潮安区,东凤镇,116.6784274,23.538785,0.0,5.0,4.0,48.0,274.0,32.0,0.0,0.0,1.0,1.0,0.0,0.0,0.0,0.0,0.0,0.0,0.0,0.0,0.0,0.0,3.0,0.0,0.0,0.0,0.0,24.0,1.0,0.0,1.0,3.0,0.0,0.0,1.0,6.0,8.0,5.0,0.0,0.0,2.0,7.0,45.0,1.0,0.0,0.0,0.0,1.0,0.0,0.0,0.0,0.0,0.0,0.0,0.0,0.0,0.0,0.0,0.0,0.0,0.0,0.0,0.0,6.0,0.0,0.0,0.0,0.0,0.0,0.0,0.0,1.0,4.0,2.0,2969234337.0,-1.0,潮州市潮安区,潮州市潮安区东凤镇,12.0,28.0,0.0,2.9,42.9,50.1375,67.17391304347827,56.92664596273291
广东省,潮州市,潮安区,庵埠镇,116.6778807,23.4522811,0.0,38.0,26.0,126.0,241.0,57.0,1.0,45.0,0.0,2.0,0.0,0.0,2.0,2.0,14.0,16.0,0.0,0.0,1.0,3.0,9.0,1.0,1.0,0.0,1.0,28.0,24.0,0.0,0.0,1.0,2.0,24.0,1.0,10.0,20.0,13.0,0.0,7.0,2.0,20.0,46.0,0.0,0.0,3.0,0.0,1.0,0.0,0.0,1.0,1.0,6.0,6.0,0.0,0.0,0.0,1.0,0.0,0.0,0.0,0.0,0.0,6.0,3.0,0.0,0.0,0.0,0.0,6.0,1.0,1.0,8.0,5.0,2635501068.0,-1.0,潮州市潮安区,潮州市潮安区庵埠镇,12.0,26.0,11.0,6.800000000000001,55.8,50.1375,67.17391304347827,56.92664596273291
广东省,潮州市,潮安区,江东镇,116.6526229,23.5849046,0.0,13.0,2.0,44.0,243.0,18.0,0.0,6.0,1.0,0.0,1.0,1.0,1.0,2.0,4.0,5.0,0.0,1.0,0.0,0.0,0.0,0.0,9.0,0.0,0.0,23.0,474.0,0.0,0.0,0.0,1.0,3.0,1.0,7.0,16.0,7.0,0.0,4.0,1.0,9.0,28.0,1.0,0.0,0.0,1.0,0.0,0.0,0.0,0.0,0.0,0.0,0.0,0.0,0.0,0.0,0.0,0.0,0.0,0.0,0.0,0.0,4.0,0.0,0.0,0.0,0.0,0.0,0.0,0.0,3.0,11.0,2.0,2969234338.0,-1.0,潮州市潮安区,潮州市潮安区江东镇,12.0,28.0,5.0,19.5,64.5,50.1375,67.17391304347827,56.92664596273291
广东省,潮州市,潮安区,归湖镇,116.5783788,23.7628456,0.0,3.0,1.0,30.0,99.0,5.0,0.0,0.0,0.0,1.0,1.0,0.0,0.0,0.0,5.0,5.0,0.0,0.0,0.0,0.0,1.0,0.0,0.0,0.0,0.0,13.0,0.0,0.0,0.0,8.0,0.0,1.0,0.0,5.0,9.0,9.0,0.0,2.0,0.0,18.0,35.0,2.0,0.0,0.0,0.0,0.0,1.0,0.0,0.0,0.0,3.0,3.0,0.0,0.0,0.0,0.0,1.0,0.0,0.0,0.0,0.0,5.0,0.0,0.0,0.0,0.0,0.0,0.0,0.0,1.0,6.0,3.0,2482219499.0,-1.0,潮州市潮安区,潮州市潮安区归湖镇,12.0,28.0,5.0,4.8,49.8,50.1375,67.17391304347827,56.92664596273291
广东省,潮州市,潮安区,文祠镇,116.6726249,23.7587135,0.0,8.0,0.0,15.0,46.0,3.0,0.0,0.0,0.0,0.0,0.0,1.0,1.0,1.0,2.0,2.0,0.0,0.0,0.0,0.0,0.0,0.0,0.0,0.0,0.0,12.0,1.0,0.0,0.0,0.0,0.0,0.0,0.0,4.0,8.0,5.0,0.0,4.0,0.0,5.0,14.0,2.0,0.0,0.0,0.0,0.0,0.0,1.0,1.0,1.0,2.0,2.0,0.0,0.0,0.0,0.0,0.0,0.0,0.0,0.0,0.0,3.0,0.0,0.0,0.0,0.0,0.0,0.0,0.0,1.0,6.0,3.0,2482219502.0,-1.0,潮州市潮安区,潮州市潮安区文祠镇,12.0,24.0,15.0,2.6,53.6,50.1375,67.17391304347827,56.92664596273291
广东省,潮州市,潮安区,凤凰镇,116.6984239,23.9062104,8.0,7.0,0.0,13.0,66.0,7.0,0.0,2.0,0.0,0.0,0.0,0.0,1.0,1.0,5.0,5.0,0.0,0.0,0.0,1.0,1.0,0.0,0.0,0.0,0.0,9.0,5.0,0.0,0.0,0.0,0.0,2.0,0.0,3.0,11.0,6.0,4.0,5.0,0.0,12.0,27.0,3.0,0.0,2.0,0.0,0.0,0.0,0.0,1.0,1.0,4.0,4.0,0.0,0.0,0.0,1.0,1.0,0.0,0.0,0.0,0.0,2.0,5.0,0.0,0.0,0.0,0.0,1.0,0.0,2.0,10.0,5.0,2482219496.0,12284895.0,潮州市潮安区,潮州市潮安区凤凰镇,20.0,24.0,11.0,4.0,59.0,50.1375,67.17391304347827,56.92664596273291
广东省,潮州市,潮安区,赤凤镇,116.5365926,23.81883,0.0,3.0,1.0,0.0,47.0,1.0,0.0,0.0,0.0,0.0,0.0,0.0,0.0,0.0,0.0,0.0,0.0,0.0,0.0,0.0,0.0,0.0,0.0,0.0,0.0,9.0,0.0,0.0,0.0,13.0,0.0,0.0,0.0,7.0,6.0,5.0,0.0,3.0,1.0,0.0,11.0,0.0,0.0,0.0,0.0,0.0,0.0,0.0,0.0,0.0,0.0,0.0,0.0,0.0,0.0,0.0,0.0,0.0,0.0,0.0,0.0,2.0,0.0,0.0,0.0,7.0,0.0,0.0,0.0,2.0,4.0,3.0,8401354711.0,-1.0,潮州市潮安区,潮州市潮安区赤凤镇,12.0,20.7,0.0,4.5,37.2,50.1375,67.17391304347827,56.92664596273291
广东省,潮州市,潮安区,枫溪镇,116.6005518,23.6508278,28.0,20.0,50.0,222.0,436.0,122.0,0.0,47.0,4.0,3.0,4.0,20.0,3.0,4.0,17.0,23.0,4.0,1.0,1.0,9.0,103.0,32.0,6.0,0.0,1.0,28.0,643.0,0.0,0.0,1.0,0.0,19.0,7.0,10.0,16.0,15.0,10.0,8.0,14.0,32.0,43.0,13.0,0.0,0.0,1.0,0.0,0.0,0.0,0.0,0.0,1.0,1.0,0.0,0.0,0.0,0.0,3.0,0.0,1.0,0.0,0.0,3.0,18.0,0.0,0.0,0.0,0.0,0.0,0.0,4.0,11.0,5.0,2969234343.0,-1.0,潮州市潮安区,潮州市潮安区枫溪镇,12.0,30.0,10.0,20.0,72.0,50.1375,67.17391304347827,56.92664596273291
广东省,潮州市,饶平县,黄冈镇,117.0010687,23.6683308,31.0,66.0,89.0,146.0,515.0,1255.0,1.0,388.0,53.0,51.0,3.0,80.0,14.0,53.0,32.0,48.0,8.0,5.0,21.0,339.0,145.0,1.0,94.0,3.0,27.0,112.0,3120.0,0.0,321.0,23.0,615.0,171.0,37.0,4.0,21.0,29.0,0.0,19.0,21.0,47.0,141.0,443.0,0.0,77.0,16.0,8.0,0.0,31.0,9.0,24.0,10.0,18.0,3.0,1.0,11.0,108.0,62.0,0.0,8.0,0.0,7.0,53.0,789.0,0.0,17.0,5.0,18.0,49.0,8.0,2.0,16.0,16.0,2432255917.0,-1.0,潮州市饶平县,潮州市饶平县黄冈镇,12.0,30.0,30.0,20.0,92.0,77.42857142857143,67.17391304347827,56.92664596273291
广东省,潮州市,饶平县,上饶镇,116.9054956,24.149234,11.0,0.0,1.0,9.0,171.0,130.0,0.0,12.0,0.0,9.0,2.0,1.0,1.0,1.0,9.0,10.0,1.0,0.0,0.0,11.0,1.0,1.0,3.0,0.0,2.0,96.0,92.0,0.0,0.0,0.0,1.0,14.0,1.0,3.0,13.0,13.0,4.0,0.0,1.0,0.0,68.0,47.0,0.0,11.0,0.0,7.0,0.0,1.0,1.0,1.0,6.0,7.0,1.0,0.0,0.0,4.0,0.0,1.0,0.0,0.0,2.0,29.0,29.0,0.0,0.0,0.0,1.0,7.0,0.0,2.0,11.0,9.0,2481040434.0,13734909.0,潮州市饶平县,潮州市饶平县上饶镇,20.0,28.0,24.0,16.1,88.1,77.42857142857143,67.17391304347827,56.92664596273291
广东省,潮州市,饶平县,饶洋镇,116.8789863,24.105489,3.0,0.0,8.0,19.0,138.0,33.0,0.0,11.0,0.0,5.0,0.0,1.0,1.0,1.0,5.0,5.0,1.0,0.0,0.0,1.0,1.0,0.0,11.0,0.0,0.0,112.0,72.0,0.0,0.0,1.0,1.0,13.0,1.0,3.0,11.0,11.0,2.0,0.0,1.0,7.0,27.0,5.0,0.0,0.0,0.0,2.0,0.0,1.0,1.0,1.0,2.0,2.0,1.0,0.0,0.0,1.0,0.0,0.0,5.0,0.0,0.0,15.0,6.0,0.0,0.0,0.0,1.0,1.0,0.0,2.0,8.0,4.0,2481040430.0,13734915.0,潮州市饶平县,潮州市饶平县饶洋镇,20.0,26.0,21.0,11.9,78.9,77.42857142857143,67.17391304347827,56.92664596273291
广东省,潮州市,饶平县,新丰镇,116.8538535,24.0505636,11.0,7.0,0.0,53.0,280.0,112.0,0.0,6.0,0.0,1.0,1.0,2.0,2.0,2.0,9.0,10.0,0.0,1.0,0.0,12.0,4.0,2.0,16.0,1.0,0.0,91.0,28.0,0.0,0.0,2.0,1.0,6.0,5.0,5.0,13.0,14.0,7.0,4.0,0.0,11.0,67.0,37.0,0.0,4.0,0.0,0.0,0.0,1.0,1.0,1.0,4.0,4.0,0.0,1.0,0.0,11.0,3.0,2.0,2.0,1.0,0.0,17.0,16.0,0.0,0.0,1.0,1.0,0.0,5.0,2.0,10.0,9.0,2481216888.0,13734680.0,潮州市饶平县,潮州市饶平县新丰镇,20.0,28.0,23.0,8.7,79.7,77.42857142857143,67.17391304347827,56.92664596273291
广东省,潮州市,饶平县,建饶镇,116.9090266,24.0185357,0.0,3.0,2.0,3.0,34.0,10.0,0.0,0.0,0.0,0.0,0.0,1.0,1.0,1.0,3.0,3.0,0.0,0.0,0.0,0.0,10.0,0.0,0.0,0.0,0.0,10.0,2.0,0.0,0.0,0.0,1.0,0.0,2.0,3.0,7.0,7.0,0.0,2.0,2.0,1.0,12.0,10.0,0.0,0.0,0.0,0.0,0.0,1.0,1.0,1.0,2.0,2.0,0.0,0.0,0.0,0.0,4.0,0.0,0.0,0.0,0.0,2.0,2.0,0.0,0.0,0.0,1.0,0.0,0.0,2.0,6.0,4.0,2481216886.0,13734196.0,潮州市饶平县,潮州市饶平县建饶镇,20.0,21.9,15.0,3.9,60.8,77.42857142857143,67.17391304347827,56.92664596273291
广东省,潮州市,饶平县,三饶镇,116.8270246,23.9855382,11.0,12.0,0.0,23.0,72.0,156.0,0.0,6.0,3.0,6.0,3.0,7.0,1.0,2.0,9.0,10.0,3.0,1.0,3.0,8.0,32.0,3.0,9.0,2.0,2.0,30.0,175.0,0.0,8.0,5.0,3.0,13.0,18.0,6.0,16.0,20.0,9.0,4.0,0.0,14.0,11.0,117.0,0.0,6.0,3.0,5.0,0.0,6.0,1.0,2.0,7.0,8.0,3.0,1.0,3.0,8.0,22.0,3.0,4.0,2.0,1.0,7.0,145.0,0.0,8.0,3.0,3.0,10.0,14.0,2.0,14.0,18.0,2481216887.0,13735086.0,潮州市饶平县,潮州市饶平县三饶镇,20.0,30.0,30.0,20.0,100.0,77.42857142857143,67.17391304347827,56.92664596273291
广东省,潮州市,饶平县,新塘镇,116.786099,23.9429298,3.0,0.0,0.0,38.0,83.0,15.0,0.0,0.0,0.0,3.0,0.0,2.0,1.0,1.0,4.0,4.0,0.0,0.0,0.0,0.0,7.0,0.0,0.0,0.0,1.0,44.0,9.0,0.0,0.0,0.0,1.0,0.0,0.0,2.0,6.0,8.0,3.0,0.0,0.0,10.0,14.0,0.0,0.0,0.0,0.0,1.0,0.0,2.0,1.0,1.0,0.0,0.0,0.0,0.0,0.0,0.0,0.0,0.0,0.0,0.0,1.0,5.0,4.0,0.0,0.0,0.0,1.0,0.0,0.0,2.0,5.0,4.0,2481216889.0,-1.0,潮州市饶平县,潮州市饶平县新塘镇,12.0,25.0,10.0,5.3,52.3,77.42857142857143,67.17391304347827,56.92664596273291
广东省,潮州市,饶平县,汤溪镇,116.8642385,23.8976178,0.0,3.0,9.0,10.0,33.0,16.0,0.0,3.0,0.0,4.0,0.0,2.0,1.0,1.0,1.0,1.0,1.0,0.0,0.0,1.0,24.0,0.0,1.0,0.0,0.0,16.0,15.0,0.0,0.0,1.0,2.0,4.0,2.0,5.0,9.0,12.0,0.0,1.0,5.0,1.0,12.0,15.0,0.0,2.0,0.0,4.0,0.0,2.0,1.0,1.0,1.0,1.0,1.0,0.0,0.0,1.0,6.0,0.0,1.0,0.0,0.0,3.0,14.0,0.0,0.0,0.0,2.0,3.0,1.0,2.0,8.0,10.0,1781343351.0,13732690.0,潮州市饶平县,潮州市饶平县汤溪镇,20.0,26.0,21.0,7.0,74.0,77.42857142857143,67.17391304347827,56.92664596273291
广东省,潮州市,饶平县,浮滨镇,116.8725106,23.8549944,0.0,40.0,4.0,49.0,124.0,47.0,0.0,5.0,0.0,0.0,0.0,6.0,2.0,2.0,6.0,6.0,2.0,0.0,0.0,3.0,33.0,0.0,4.0,0.0,0.0,51.0,65.0,0.0,0.0,0.0,2.0,12.0,1.0,5.0,13.0,15.0,0.0,19.0,0.0,12.0,19.0,0.0,0.0,0.0,0.0,0.0,0.0,2.0,1.0,1.0,1.0,1.0,1.0,0.0,0.0,0.0,7.0,0.0,2.0,0.0,0.0,6.0,0.0,0.0,0.0,0.0,1.0,0.0,0.0,3.0,5.0,6.0,2902482528.0,12406270.0,潮州市饶平县,潮州市饶平县浮滨镇,20.0,24.0,20.0,10.5,74.5,77.42857142857143,67.17391304347827,56.92664596273291
广东省,潮州市,饶平县,浮山镇,116.8921101,23.8569079,0.0,40.0,4.0,47.0,90.0,44.0,0.0,5.0,0.0,0.0,0.0,5.0,2.0,2.0,5.0,5.0,2.0,0.0,0.0,3.0,27.0,0.0,4.0,0.0,0.0,38.0,41.0,0.0,0.0,0.0,2.0,8.0,1.0,5.0,11.0,14.0,0.0,15.0,4.0,17.0,20.0,18.0,0.0,5.0,0.0,0.0,0.0,2.0,1.0,1.0,3.0,3.0,1.0,0.0,0.0,0.0,4.0,0.0,2.0,0.0,0.0,3.0,36.0,0.0,0.0,0.0,1.0,7.0,0.0,2.0,8.0,10.0,1781343340.0,12406228.0,潮州市饶平县,潮州市饶平县浮山镇,20.0,24.0,20.0,11.7,75.7,77.42857142857143,67.17391304347827,56.92664596273291
广东省,潮州市,饶平县,东山镇,116.9327176,23.903634,0.0,3.0,3.0,17.0,70.0,24.0,0.0,0.0,0.0,1.0,1.0,1.0,1.0,1.0,3.0,3.0,1.0,0.0,0.0,0.0,25.0,0.0,1.0,0.0,0.0,23.0,10.0,0.0,0.0,0.0,1.0,3.0,0.0,11.0,11.0,9.0,0.0,3.0,1.0,12.0,34.0,23.0,0.0,0.0,0.0,1.0,0.0,1.0,1.0,1.0,2.0,2.0,1.0,0.0,0.0,0.0,7.0,0.0,0.0,0.0,0.0,7.0,9.0,0.0,0.0,0.0,1.0,3.0,0.0,2.0,11.0,8.0,2482219495.0,13734161.0,潮州市饶平县,潮州市饶平县东山镇,20.0,28.0,20.0,5.9,73.9,77.42857142857143,67.17391304347827,56.92664596273291
广东省,潮州市,饶平县,新圩镇,116.9419685,23.8086898,0.0,6.0,5.0,51.0,112.0,36.0,0.0,0.0,0.0,1.0,1.0,2.0,2.0,2.0,5.0,6.0,0.0,0.0,0.0,0.0,12.0,0.0,4.0,0.0,0.0,12.0,32.0,0.0,0.0,0.0,1.0,8.0,0.0,2.0,12.0,14.0,0.0,0.0,5.0,24.0,49.0,5.0,0.0,0.0,0.0,0.0,0.0,1.0,1.0,1.0,4.0,5.0,0.0,0.0,0.0,0.0,5.0,0.0,1.0,0.0,0.0,4.0,15.0,0.0,0.0,0.0,1.0,7.0,0.0,1.0,8.0,8.0,2482219503.0,12406211.0,潮州市饶平县,潮州市饶平县新圩镇,20.0,28.0,15.0,8.7,71.7,77.42857142857143,67.17391304347827,56.92664596273291
广东省,潮州市,饶平县,樟溪镇,116.8871686,23.7434609,0.0,8.0,17.0,49.0,88.0,44.0,0.0,0.0,0.0,0.0,2.0,2.0,1.0,1.0,5.0,5.0,1.0,0.0,0.0,0.0,17.0,2.0,20.0,0.0,12.0,15.0,43.0,0.0,0.0,11.0,4.0,5.0,0.0,5.0,14.0,16.0,0.0,8.0,10.0,25.0,31.0,24.0,0.0,0.0,0.0,0.0,0.0,2.0,1.0,1.0,4.0,4.0,1.0,0.0,0.0,0.0,8.0,1.0,5.0,0.0,4.0,7.0,13.0,0.0,0.0,3.0,3.0,0.0,0.0,1.0,11.0,8.0,2482219504.0,12396213.0,潮州市饶平县,潮州市饶平县樟溪镇,20.0,26.0,20.0,11.0,77.0,77.42857142857143,67.17391304347827,56.92664596273291
广东省,潮州市,饶平县,钱东镇,116.9148242,23.6715825,18.0,63.0,13.0,107.0,217.0,122.0,0.0,17.0,1.0,12.0,6.0,3.0,1.0,1.0,11.0,13.0,0.0,0.0,0.0,1.0,21.0,1.0,20.0,0.0,2.0,23.0,44.0,0.0,0.0,1.0,1.0,14.0,0.0,5.0,18.0,17.0,0.0,14.0,8.0,38.0,109.0,46.0,0.0,16.0,1.0,10.0,0.0,3.0,1.0,1.0,6.0,8.0,0.0,0.0,0.0,1.0,3.0,1.0,2.0,0.0,0.0,13.0,14.0,0.0,0.0,0.0,1.0,8.0,0.0,1.0,11.0,11.0,2466116077.0,11971700.0,潮州市饶平县,潮州市饶平县钱东镇,20.0,30.0,16.0,9.9,75.9,77.42857142857143,67.17391304347827,56.92664596273291
广东省,潮州市,饶平县,高堂镇,116.9361817,23.7094767,0.0,14.0,9.0,77.0,135.0,117.0,0.0,26.0,5.0,3.0,0.0,2.0,1.0,1.0,7.0,8.0,1.0,0.0,0.0,0.0,24.0,0.0,4.0,0.0,2.0,24.0,54.0,0.0,0.0,9.0,2.0,4.0,1.0,7.0,15.0,17.0,0.0,7.0,2.0,29.0,52.0,41.0,0.0,10.0,5.0,1.0,0.0,2.0,1.0,1.0,3.0,4.0,1.0,0.0,0.0,0.0,7.0,0.0,1.0,0.0,2.0,9.0,2.0,0.0,0.0,1.0,2.0,1.0,0.0,3.0,11.0,11.0,2482219498.0,11997113.0,潮州市饶平县,潮州市饶平县高堂镇,20.0,28.0,20.0,10.600000000000001,78.6,77.42857142857143,67.17391304347827,56.92664596273291
广东省,潮州市,饶平县,联饶镇,116.9807582,23.7302036,0.0,13.0,10.0,38.0,131.0,206.0,0.0,35.0,0.0,17.0,1.0,2.0,3.0,3.0,8.0,8.0,3.0,0.0,1.0,1.0,27.0,0.0,7.0,1.0,1.0,20.0,118.0,0.0,0.0,8.0,2.0,21.0,0.0,5.0,17.0,20.0,0.0,6.0,1.0,8.0,27.0,31.0,0.0,10.0,0.0,4.0,1.0,2.0,2.0,2.0,4.0,4.0,1.0,0.0,1.0,0.0,7.0,0.0,1.0,1.0,0.0,4.0,47.0,0.0,0.0,1.0,2.0,19.0,0.0,1.0,10.0,13.0,2482219500.0,11971698.0,潮州市饶平县,潮州市饶平县联饶镇,20.0,28.0,22.0,20.0,90.0,77.42857142857143,67.17391304347827,56.92664596273291
广东省,潮州市,饶平县,所城镇,117.1078984,23.6136676,0.0,5.0,1.0,40.0,116.0,72.0,0.0,3.0,0.0,0.0,0.0,1.0,1.0,1.0,7.0,7.0,0.0,0.0,0.0,0.0,21.0,0.0,0.0,0.0,0.0,27.0,36.0,0.0,0.0,0.0,1.0,2.0,3.0,3.0,11.0,13.0,0.0,1.0,1.0,11.0,22.0,25.0,0.0,0.0,0.0,0.0,0.0,1.0,1.0,1.0,3.0,3.0,0.0,0.0,0.0,0.0,9.0,0.0,0.0,0.0,0.0,6.0,14.0,0.0,0.0,0.0,1.0,2.0,1.0,1.0,8.0,8.0,2482155121.0,13739090.0,潮州市饶平县,潮州市饶平县所城镇,20.0,24.0,15.0,9.0,68.0,77.42857142857143,67.17391304347827,56.92664596273291
广东省,潮州市,饶平县,大埕镇,117.1407474,23.6096151,0.0,3.0,11.0,32.0,104.0,47.0,0.0,3.0,1.0,0.0,0.0,1.0,2.0,2.0,6.0,7.0,1.0,0.0,1.0,1.0,14.0,0.0,1.0,1.0,0.0,10.0,36.0,0.0,1.0,5.0,7.0,2.0,3.0,2.0,10.0,17.0,0.0,3.0,11.0,21.0,36.0,5.0,0.0,0.0,1.0,0.0,0.0,1.0,2.0,2.0,4.0,5.0,1.0,0.0,1.0,1.0,12.0,0.0,0.0,1.0,0.0,7.0,24.0,0.0,1.0,0.0,7.0,1.0,0.0,1.0,9.0,8.0,2482155119.0,13738886.0,潮州市饶平县,潮州市饶平县大埕镇,20.0,26.0,23.0,10.5,79.5,77.42857142857143,67.17391304347827,56.92664596273291
广东省,潮州市,饶平县,柘林镇,117.0898414,23.5781008,4.0,4.0,18.0,35.0,102.0,52.0,0.0,14.0,13.0,0.0,1.0,1.0,1.0,1.0,3.0,3.0,1.0,0.0,0.0,0.0,8.0,0.0,3.0,0.0,8.0,13.0,16.0,0.0,0.0,20.0,1.0,10.0,4.0,4.0,14.0,18.0,2.0,2.0,14.0,13.0,28.0,3.0,0.0,5.0,1.0,0.0,0.0,1.0,1.0,1.0,2.0,2.0,1.0,0.0,0.0,0.0,1.0,0.0,1.0,0.0,8.0,6.0,15.0,0.0,0.0,1.0,1.0,4.0,1.0,2.0,13.0,12.0,369501935.0,13739108.0,潮州市饶平县,潮州市饶平县柘林镇,20.0,28.0,20.0,9.2,77.2,77.42857142857143,67.17391304347827,56.92664596273291
广东省,潮州市,饶平县,汫洲镇,116.9362448,23.6249746,0.0,24.0,9.0,33.0,99.0,65.0,0.0,0.0,1.0,2.0,1.0,2.0,1.0,1.0,8.0,9.0,2.0,0.0,1.0,3.0,13.0,0.0,5.0,0.0,2.0,15.0,68.0,0.0,0.0,1.0,1.0,5.0,0.0,3.0,10.0,23.0,0.0,4.0,7.0,24.0,34.0,46.0,0.0,0.0,1.0,1.0,0.0,2.0,1.0,1.0,7.0,8.0,1.0,0.0,1.0,2.0,6.0,0.0,1.0,0.0,0.0,8.0,54.0,0.0,0.0,0.0,1.0,3.0,0.0,1.0,9.0,14.0,2480071997.0,11971701.0,潮州市饶平县,潮州市饶平县汫洲镇,20.0,30.0,24.0,16.3,90.3,77.42857142857143,67.17391304347827,56.92664596273291
广东省,潮州市,饶平县,海山镇,116.9467601,23.5336906,0.0,15.0,2.0,26.0,121.0,48.0,0.0,0.0,0.0,0.0,0.0,1.0,1.0,1.0,3.0,3.0,0.0,0.0,0.0,0.0,9.0,0.0,0.0,0.0,0.0,13.0,35.0,0.0,0.0,5.0,1.0,4.0,1.0,2.0,11.0,13.0,0.0,3.0,1.0,12.0,48.0,14.0,0.0,0.0,0.0,0.0,0.0,1.0,1.0,1.0,1.0,1.0,0.0,0.0,0.0,0.0,1.0,0.0,0.0,0.0,0.0,7.0,9.0,0.0,0.0,0.0,1.0,0.0,0.0,2.0,8.0,7.0,2466115794.0,13799038.0,潮州市饶平县,潮州市饶平县海山镇,20.0,24.0,15.0,8.9,67.9,77.42857142857143,67.17391304347827,56.92664596273291
广东省,揭阳市,榕城区,榕华街道,116.3646983,23.5449468,10.0,59.0,97.0,186.0,269.0,58.0,0.0,22.0,4.0,0.0,3.0,3.0,6.0,6.0,23.0,26.0,0.0,0.0,0.0,4.0,120.0,7.0,0.0,0.0,0.0,27.0,438.0,0.0,3.0,3.0,4.0,38.0,7.0,21.0,15.0,11.0,0.0,8.0,17.0,29.0,36.0,6.0,0.0,0.0,0.0,0.0,0.0,1.0,2.0,2.0,2.0,2.0,0.0,0.0,0.0,1.0,27.0,1.0,0.0,0.0,0.0,3.0,15.0,0.0,0.0,0.0,0.0,4.0,1.0,6.0,8.0,7.0,8396899494.0,12278077.0,揭阳市榕城区,揭阳市榕城区榕华街道,20.0,28.0,16.0,20.0,84.0,69.02857142857142,50.04588235294117,56.92664596273291
广东省,揭阳市,榕城区,新兴街道,116.3612651,23.531491,12.0,44.0,87.0,114.0,237.0,57.0,0.0,20.0,2.0,0.0,3.0,3.0,3.0,3.0,16.0,18.0,0.0,0.0,0.0,3.0,69.0,5.0,1.0,0.0,0.0,20.0,476.0,0.0,3.0,3.0,1.0,24.0,7.0,20.0,13.0,12.0,0.0,9.0,13.0,15.0,68.0,12.0,0.0,6.0,0.0,0.0,1.0,2.0,1.0,1.0,6.0,6.0,0.0,0.0,0.0,0.0,10.0,2.0,0.0,0.0,0.0,2.0,16.0,0.0,0.0,0.0,0.0,5.0,0.0,7.0,7.0,5.0,8396927086.0,12278078.0,揭阳市榕城区,揭阳市榕城区新兴街道,20.0,28.0,15.0,20.0,83.0,69.02857142857142,50.04588235294117,56.92664596273291
广东省,揭阳市,榕城区,中山街道,116.3526075,23.5399569,8.0,60.0,74.0,143.0,268.0,57.0,0.0,17.0,1.0,0.0,2.0,2.0,4.0,4.0,18.0,20.0,0.0,0.0,0.0,3.0,92.0,6.0,1.0,0.0,0.0,26.0,410.0,0.0,3.0,3.0,1.0,39.0,7.0,23.0,15.0,12.0,0.0,8.0,26.0,23.0,45.0,15.0,0.0,4.0,0.0,0.0,0.0,0.0,2.0,2.0,6.0,8.0,0.0,0.0,0.0,0.0,12.0,1.0,0.0,0.0,0.0,3.0,210.0,0.0,3.0,3.0,1.0,9.0,6.0,9.0,10.0,11.0,13319507710.0,12278079.0,揭阳市榕城区,揭阳市榕城区中山街道,20.0,28.0,15.0,20.0,83.0,69.02857142857142,50.04588235294117,56.92664596273291
广东省,揭阳市,榕城区,西马街道,116.364038,23.564296,11.0,53.0,56.0,174.0,206.0,10.0,0.0,13.0,8.0,1.0,0.0,1.0,4.0,4.0,11.0,15.0,0.0,0.0,0.0,2.0,110.0,6.0,0.0,0.0,0.0,28.0,140.0,0.0,3.0,3.0,4.0,33.0,5.0,21.0,17.0,14.0,2.0,8.0,6.0,48.0,40.0,0.0,0.0,2.0,3.0,0.0,0.0,0.0,0.0,0.0,3.0,3.0,0.0,0.0,0.0,0.0,30.0,3.0,0.0,0.0,0.0,6.0,3.0,0.0,0.0,0.0,2.0,12.0,0.0,7.0,9.0,5.0,-1.0,12278081.0,揭阳市榕城区,揭阳市榕城区西马街道,20.0,28.0,10.0,18.6,76.6,69.02857142857142,50.04588235294117,56.92664596273291
广东省,揭阳市,榕城区,东兴街道,116.3433694,23.5502776,8.0,62.0,67.0,128.0,260.0,41.0,0.0,16.0,2.0,0.0,1.0,2.0,4.0,4.0,15.0,17.0,0.0,0.0,0.0,3.0,72.0,6.0,1.0,0.0,0.0,27.0,402.0,0.0,3.0,3.0,1.0,36.0,7.0,22.0,15.0,12.0,0.0,8.0,25.0,19.0,31.0,4.0,0.0,3.0,0.0,0.0,0.0,0.0,1.0,1.0,3.0,5.0,0.0,0.0,0.0,0.0,9.0,0.0,0.0,0.0,0.0,3.0,19.0,0.0,3.0,3.0,1.0,5.0,3.0,8.0,9.0,9.0,8396899490.0,12278080.0,揭阳市榕城区,揭阳市榕城区东兴街道,20.0,28.0,15.0,20.0,83.0,69.02857142857142,50.04588235294117,56.92664596273291
广东省,揭阳市,榕城区,榕东街道,116.3815989,23.5375494,12.0,44.0,85.0,122.0,256.0,29.0,0.0,6.0,2.0,0.0,3.0,3.0,2.0,2.0,12.0,13.0,0.0,0.0,0.0,3.0,78.0,6.0,0.0,0.0,0.0,31.0,95.0,0.0,0.0,0.0,0.0,16.0,2.0,15.0,13.0,8.0,4.0,8.0,31.0,24.0,31.0,4.0,0.0,0.0,1.0,0.0,1.0,0.0,0.0,0.0,1.0,1.0,0.0,0.0,0.0,0.0,11.0,0.0,0.0,0.0,0.0,5.0,0.0,0.0,0.0,0.0,0.0,0.0,0.0,5.0,10.0,3.0,8396899495.0,12278074.0,揭阳市榕城区,揭阳市榕城区榕东街道,20.0,28.0,10.0,13.5,71.5,69.02857142857142,50.04588235294117,56.92664596273291
广东省,揭阳市,榕城区,仙桥街道,116.3514024,23.4906512,19.0,19.0,8.0,49.0,103.0,0.0,0.0,3.0,0.0,0.0,0.0,0.0,0.0,0.0,1.0,1.0,0.0,0.0,0.0,0.0,2.0,0.0,0.0,0.0,0.0,18.0,33.0,0.0,0.0,0.0,0.0,4.0,0.0,7.0,11.0,6.0,6.0,3.0,0.0,7.0,13.0,0.0,0.0,0.0,0.0,0.0,0.0,0.0,0.0,0.0,0.0,0.0,0.0,0.0,0.0,0.0,0.0,0.0,0.0,0.0,0.0,2.0,1.0,0.0,0.0,0.0,0.0,0.0,0.0,1.0,5.0,2.0,8396927088.0,12278085.0,揭阳市榕城区,揭阳市榕城区仙桥街道,20.0,24.0,0.0,6.4,50.4,69.02857142857142,50.04588235294117,56.92664596273291
广东省,揭阳市,榕城区,梅云街道,116.3034946,23.5162895,0.0,6.0,5.0,33.0,141.0,0.0,0.0,0.0,0.0,0.0,0.0,0.0,0.0,0.0,1.0,1.0,0.0,0.0,0.0,0.0,0.0,0.0,0.0,0.0,0.0,24.0,0.0,0.0,0.0,0.0,0.0,0.0,0.0,9.0,6.0,3.0,0.0,0.0,2.0,11.0,34.0,0.0,0.0,0.0,0.0,0.0,0.0,0.0,0.0,0.0,1.0,1.0,0.0,0.0,0.0,0.0,0.0,0.0,0.0,0.0,0.0,4.0,0.0,0.0,0.0,0.0,0.0,0.0,0.0,1.0,4.0,1.0,8396927087.0,12278086.0,揭阳市榕城区,揭阳市榕城区梅云街道,20.0,23.0,5.0,1.5,49.5,69.02857142857142,50.04588235294117,56.92664596273291
广东省,揭阳市,榕城区,东升街道,116.3772511,23.5509612,11.0,53.0,71.0,183.0,293.0,31.0,0.0,14.0,7.0,0.0,2.0,3.0,5.0,5.0,16.0,18.0,0.0,0.0,0.0,4.0,116.0,8.0,0.0,0.0,0.0,36.0,170.0,0.0,0.0,0.0,3.0,27.0,2.0,23.0,16.0,12.0,0.0,16.0,23.0,32.0,22.0,2.0,0.0,0.0,0.0,0.0,0.0,1.0,0.0,0.0,1.0,2.0,0.0,0.0,0.0,0.0,27.0,1.0,0.0,0.0,0.0,4.0,4.0,0.0,0.0,0.0,0.0,3.0,0.0,7.0,8.0,6.0,8396899489.0,12278076.0,揭阳市榕城区,揭阳市榕城区东升街道,20.0,28.0,10.0,20.0,78.0,69.02857142857142,50.04588235294117,56.92664596273291
广东省,揭阳市,榕城区,东阳街道,116.3459873,23.5768103,8.0,31.0,21.0,89.0,169.0,2.0,0.0,4.0,7.0,1.0,0.0,0.0,1.0,1.0,5.0,5.0,0.0,0.0,0.0,0.0,38.0,3.0,0.0,0.0,0.0,30.0,15.0,0.0,0.0,0.0,2.0,21.0,0.0,11.0,13.0,7.0,6.0,1.0,0.0,8.0,40.0,0.0,0.0,0.0,1.0,0.0,0.0,0.0,0.0,0.0,0.0,0.0,0.0,0.0,0.0,0.0,0.0,0.0,0.0,0.0,0.0,7.0,0.0,0.0,0.0,0.0,0.0,6.0,0.0,5.0,6.0,2.0,8396899491.0,12278075.0,揭阳市榕城区,揭阳市榕城区东阳街道,20.0,28.0,0.0,5.0,53.0,69.02857142857142,50.04588235294117,56.92664596273291
广东省,揭阳市,榕城区,渔湖街道,116.4100599,23.5186141,6.0,13.0,25.0,103.0,151.0,37.0,1.0,0.0,2.0,2.0,5.0,0.0,2.0,2.0,6.0,7.0,0.0,0.0,0.0,0.0,8.0,0.0,9.0,0.0,0.0,29.0,4.0,0.0,0.0,0.0,0.0,1.0,0.0,9.0,12.0,6.0,0.0,2.0,4.0,15.0,15.0,3.0,0.0,0.0,0.0,0.0,1.0,0.0,0.0,0.0,1.0,1.0,0.0,0.0,0.0,0.0,0.0,0.0,0.0,0.0,0.0,3.0,0.0,0.0,0.0,0.0,0.0,0.0,0.0,7.0,6.0,2.0,-2.0,12278073.0,揭阳市榕城区,揭阳市榕城区渔湖街道,13.0,30.0,5.0,3.4,51.4,69.02857142857142,50.04588235294117,56.92664596273291
广东省,揭阳市,榕城区,炮台镇,116.4873721,23.5128675,18.0,6.0,7.0,35.0,197.0,4.0,5.0,2.0,4.0,4.0,7.0,2.0,1.0,1.0,7.0,8.0,2.0,0.0,0.0,3.0,83.0,1.0,15.0,4.0,1.0,17.0,19.0,0.0,0.0,6.0,3.0,8.0,0.0,13.0,16.0,15.0,10.0,0.0,3.0,9.0,66.0,0.0,3.0,0.0,0.0,2.0,2.0,1.0,1.0,1.0,0.0,0.0,2.0,0.0,0.0,3.0,13.0,1.0,3.0,3.0,0.0,1.0,9.0,0.0,0.0,1.0,2.0,4.0,0.0,2.0,9.0,9.0,8396927556.0,12278083.0,揭阳市榕城区,揭阳市榕城区炮台镇,20.0,30.0,18.0,7.5,75.5,69.02857142857142,50.04588235294117,56.92664596273291
广东省,揭阳市,榕城区,地都镇,116.5503488,23.4503376,4.0,0.0,0.0,12.0,98.0,6.0,4.0,16.0,1.0,0.0,5.0,0.0,1.0,1.0,1.0,1.0,0.0,0.0,0.0,0.0,5.0,0.0,7.0,0.0,0.0,6.0,3.0,0.0,0.0,0.0,0.0,0.0,0.0,11.0,10.0,7.0,2.0,0.0,0.0,0.0,13.0,0.0,0.0,0.0,1.0,0.0,0.0,0.0,0.0,0.0,1.0,1.0,0.0,0.0,0.0,0.0,1.0,0.0,2.0,0.0,0.0,3.0,0.0,0.0,0.0,0.0,0.0,0.0,0.0,3.0,4.0,3.0,8396929746.0,12278084.0,揭阳市榕城区,揭阳市榕城区地都镇,20.0,28.0,5.0,3.8,56.8,69.02857142857142,50.04588235294117,56.92664596273291
广东省,揭阳市,榕城区,登岗镇,116.5156077,23.5399275,0.0,9.0,6.0,16.0,105.0,58.0,0.0,23.0,4.0,10.0,0.0,1.0,0.0,0.0,2.0,2.0,2.0,0.0,0.0,22.0,31.0,0.0,2.0,0.0,1.0,14.0,59.0,0.0,1.0,4.0,1.0,8.0,7.0,11.0,13.0,17.0,0.0,5.0,3.0,12.0,11.0,14.0,0.0,0.0,0.0,3.0,0.0,0.0,0.0,0.0,0.0,0.0,1.0,0.0,0.0,1.0,6.0,0.0,0.0,0.0,1.0,3.0,13.0,0.0,0.0,1.0,1.0,1.0,1.0,5.0,8.0,14.0,8396927557.0,12278082.0,揭阳市榕城区,揭阳市榕城区登岗镇,20.0,28.0,11.0,11.7,70.7,69.02857142857142,50.04588235294117,56.92664596273291
广东省,揭阳市,揭东区,曲溪街道,116.4237069,23.5772824,10.0,29.0,29.0,79.0,103.0,11.0,0.0,2.0,1.0,0.0,0.0,2.0,1.0,1.0,4.0,4.0,0.0,0.0,0.0,0.0,42.0,2.0,8.0,0.0,0.0,20.0,117.0,2.0,45.0,1.0,0.0,6.0,0.0,7.0,12.0,9.0,6.0,9.0,10.0,26.0,10.0,6.0,0.0,1.0,0.0,0.0,0.0,1.0,0.0,0.0,1.0,1.0,0.0,0.0,0.0,0.0,10.0,1.0,1.0,0.0,0.0,4.0,62.0,2.0,30.0,0.0,0.0,4.0,0.0,2.0,11.0,5.0,8396899497.0,12278652.0,揭阳市揭东区,揭阳市揭东区曲溪街道,20.0,26.0,10.0,20.0,76.0,49.5,50.04588235294117,56.92664596273291
广东省,揭阳市,揭东区,磐东街道,116.3196372,23.5508481,0.0,41.0,45.0,36.0,139.0,17.0,0.0,11.0,0.0,0.0,1.0,0.0,1.0,1.0,5.0,7.0,0.0,0.0,0.0,0.0,9.0,0.0,1.0,0.0,0.0,25.0,125.0,0.0,3.0,3.0,1.0,7.0,4.0,13.0,12.0,10.0,0.0,18.0,1.0,4.0,47.0,0.0,0.0,0.0,0.0,0.0,0.0,0.0,0.0,0.0,0.0,0.0,0.0,0.0,0.0,0.0,0.0,0.0,0.0,0.0,0.0,3.0,0.0,0.0,0.0,0.0,0.0,0.0,0.0,5.0,4.0,1.0,8396899492.0,12278072.0,揭阳市揭东区,揭阳市揭东区磐东街道,20.0,26.0,0.0,16.8,62.8,49.5,50.04588235294117,56.92664596273291
广东省,揭阳市,揭东区,云路镇,116.4643687,23.5862037,6.0,2.0,9.0,28.0,136.0,13.0,0.0,1.0,0.0,0.0,0.0,0.0,1.0,1.0,3.0,3.0,0.0,0.0,0.0,0.0,3.0,0.0,7.0,0.0,0.0,17.0,1.0,0.0,0.0,0.0,0.0,0.0,0.0,8.0,12.0,7.0,2.0,0.0,1.0,14.0,44.0,5.0,0.0,0.0,0.0,0.0,0.0,0.0,1.0,1.0,2.0,2.0,0.0,0.0,0.0,0.0,1.0,0.0,4.0,0.0,0.0,3.0,0.0,0.0,0.0,0.0,0.0,0.0,0.0,1.0,6.0,3.0,8397333864.0,-1.0,揭阳市揭东区,揭阳市揭东区云路镇,12.0,24.0,10.0,3.6,49.6,49.5,50.04588235294117,56.92664596273291
广东省,揭阳市,揭东区,玉窖镇,116.507102,23.604628,6.0,0.0,3.0,33.0,80.0,5.0,0.0,0.0,0.0,0.0,0.0,1.0,0.0,0.0,0.0,0.0,0.0,0.0,0.0,0.0,1.0,0.0,0.0,0.0,1.0,11.0,1.0,0.0,0.0,1.0,0.0,1.0,0.0,9.0,10.0,6.0,2.0,0.0,1.0,5.0,4.0,0.0,0.0,0.0,0.0,0.0,0.0,0.0,0.0,0.0,0.0,0.0,0.0,0.0,0.0,0.0,1.0,0.0,0.0,0.0,0.0,3.0,0.0,0.0,0.0,0.0,0.0,0.0,0.0,1.0,4.0,1.0,-1.0,-1.0,揭阳市揭东区,揭阳市揭东区玉窖镇,5.0,24.0,5.0,3.2,37.2,49.5,50.04588235294117,56.92664596273291
广东省,揭阳市,揭东区,锡场镇,116.3259817,23.6022372,9.0,2.0,8.0,12.0,100.0,13.0,0.0,0.0,1.0,0.0,2.0,1.0,0.0,0.0,0.0,0.0,0.0,0.0,0.0,0.0,0.0,0.0,0.0,0.0,0.0,12.0,4.0,0.0,0.0,0.0,1.0,3.0,0.0,11.0,12.0,5.0,4.0,2.0,4.0,2.0,12.0,0.0,0.0,0.0,0.0,0.0,0.0,0.0,0.0,0.0,0.0,0.0,0.0,0.0,0.0,0.0,0.0,0.0,0.0,0.0,0.0,3.0,0.0,0.0,0.0,0.0,0.0,1.0,0.0,3.0,6.0,2.0,8397333866.0,-1.0,揭阳市揭东区,揭阳市揭东区锡场镇,12.0,28.0,5.0,2.9,47.9,49.5,50.04588235294117,56.92664596273291
广东省,揭阳市,揭东区,新亨镇,116.2848161,23.6273354,8.0,3.0,3.0,14.0,139.0,0.0,0.0,0.0,1.0,0.0,2.0,1.0,0.0,0.0,1.0,1.0,0.0,0.0,0.0,0.0,0.0,0.0,6.0,0.0,0.0,9.0,4.0,0.0,0.0,0.0,0.0,2.0,0.0,6.0,10.0,6.0,1.0,0.0,0.0,4.0,40.0,0.0,0.0,0.0,1.0,0.0,0.0,1.0,0.0,0.0,0.0,0.0,0.0,0.0,0.0,0.0,0.0,0.0,0.0,0.0,0.0,2.0,2.0,0.0,0.0,0.0,0.0,1.0,0.0,3.0,3.0,1.0,8397333868.0,-1.0,揭阳市揭东区,揭阳市揭东区新亨镇,12.0,28.0,5.0,3.6,48.6,49.5,50.04588235294117,56.92664596273291
广东省,揭阳市,揭东区,玉湖镇,116.244765,23.6848721,2.0,0.0,3.0,27.0,90.0,25.0,0.0,0.0,0.0,0.0,1.0,0.0,0.0,0.0,1.0,1.0,0.0,0.0,0.0,0.0,16.0,0.0,1.0,0.0,0.0,12.0,0.0,0.0,0.0,1.0,0.0,2.0,0.0,5.0,11.0,6.0,1.0,0.0,3.0,7.0,15.0,1.0,0.0,0.0,0.0,0.0,1.0,0.0,0.0,0.0,0.0,0.0,0.0,0.0,0.0,0.0,1.0,0.0,1.0,0.0,0.0,2.0,0.0,0.0,0.0,1.0,0.0,0.0,0.0,5.0,9.0,4.0,8397333867.0,-1.0,揭阳市揭东区,揭阳市揭东区玉湖镇,12.0,26.0,0.0,3.2,41.2,49.5,50.04588235294117,56.92664596273291
广东省,揭阳市,揭东区,埔田镇,116.388761,23.6177781,0.0,0.0,9.0,31.0,165.0,28.0,0.0,0.0,0.0,0.0,0.0,0.0,0.0,0.0,9.0,9.0,0.0,0.0,0.0,0.0,0.0,0.0,23.0,0.0,4.0,16.0,7.0,0.0,0.0,2.0,0.0,2.0,0.0,7.0,8.0,8.0,0.0,0.0,2.0,7.0,42.0,0.0,0.0,0.0,0.0,0.0,0.0,0.0,0.0,0.0,2.0,2.0,0.0,0.0,0.0,0.0,0.0,0.0,1.0,0.0,0.0,2.0,0.0,0.0,0.0,0.0,0.0,0.0,0.0,3.0,7.0,4.0,8397333865.0,-1.0,揭阳市揭东区,揭阳市揭东区埔田镇,12.0,24.0,5.0,4.9,45.9,49.5,50.04588235294117,56.92664596273291
广东省,揭阳市,揭东区,霖磐镇,116.2358989,23.5544164,0.0,10.0,1.0,13.0,103.0,24.0,0.0,0.0,0.0,0.0,0.0,0.0,2.0,2.0,3.0,3.0,0.0,0.0,0.0,3.0,2.0,0.0,2.0,0.0,0.0,17.0,2.0,0.0,0.0,0.0,0.0,0.0,1.0,2.0,11.0,4.0,0.0,2.0,1.0,5.0,48.0,9.0,0.0,0.0,0.0,0.0,0.0,0.0,1.0,1.0,3.0,3.0,0.0,0.0,0.0,1.0,2.0,0.0,0.0,0.0,0.0,3.0,1.0,0.0,0.0,0.0,0.0,0.0,0.0,2.0,9.0,1.0,8397333871.0,-1.0,揭阳市揭东区,揭阳市揭东区霖磐镇,12.0,24.0,11.0,2.3,49.3,49.5,50.04588235294117,56.92664596273291
广东省,揭阳市,揭东区,月城镇,116.2716729,23.5614138,0.0,12.0,3.0,12.0,104.0,9.0,0.0,0.0,0.0,0.0,0.0,0.0,0.0,0.0,3.0,3.0,0.0,0.0,0.0,1.0,1.0,0.0,1.0,0.0,0.0,19.0,1.0,0.0,0.0,0.0,0.0,0.0,0.0,8.0,11.0,4.0,0.0,2.0,1.0,4.0,39.0,1.0,0.0,0.0,0.0,0.0,0.0,0.0,0.0,0.0,0.0,0.0,0.0,0.0,0.0,0.0,0.0,0.0,0.0,0.0,0.0,3.0,0.0,0.0,0.0,0.0,0.0,0.0,0.0,2.0,5.0,2.0,8397333870.0,-1.0,揭阳市揭东区,揭阳市揭东区月城镇,12.0,24.0,0.0,2.1,38.1,49.5,50.04588235294117,56.92664596273291
广东省,揭阳市,揭东区,白塔镇,116.20698,23.5680573,0.0,11.0,1.0,17.0,91.0,12.0,0.0,2.0,1.0,0.0,0.0,1.0,1.0,1.0,1.0,1.0,1.0,0.0,0.0,2.0,0.0,0.0,1.0,0.0,0.0,14.0,8.0,0.0,0.0,0.0,0.0,2.0,1.0,1.0,7.0,8.0,0.0,6.0,0.0,4.0,36.0,7.0,0.0,0.0,0.0,0.0,0.0,1.0,1.0,1.0,0.0,0.0,1.0,0.0,0.0,1.0,0.0,0.0,1.0,0.0,0.0,2.0,4.0,0.0,0.0,0.0,0.0,0.0,1.0,1.0,5.0,4.0,8397333872.0,-1.0,揭阳市揭东区,揭阳市揭东区白塔镇,12.0,25.5,16.0,5.2,58.7,49.5,50.04588235294117,56.92664596273291
广东省,揭阳市,揭东区,龙尾镇,116.1499079,23.572233,0.0,13.0,0.0,13.0,31.0,0.0,0.0,0.0,0.0,0.0,0.0,0.0,0.0,0.0,2.0,2.0,0.0,0.0,0.0,0.0,0.0,0.0,3.0,0.0,0.0,9.0,0.0,0.0,0.0,0.0,0.0,0.0,0.0,1.0,3.0,2.0,0.0,6.0,0.0,3.0,23.0,0.0,0.0,0.0,0.0,0.0,0.0,0.0,0.0,0.0,2.0,2.0,0.0,0.0,0.0,0.0,0.0,0.0,0.0,0.0,0.0,2.0,0.0,0.0,0.0,0.0,0.0,0.0,0.0,1.0,3.0,1.0,8397333873.0,-1.0,揭阳市揭东区,揭阳市揭东区龙尾镇,12.0,21.5,5.0,1.0,39.5,49.5,50.04588235294117,56.92664596273291
广东省,揭阳市,揭东区,桂岭镇,116.2337269,23.5892837,0.0,1.0,8.0,18.0,117.0,19.0,0.0,2.0,0.0,0.0,0.0,1.0,0.0,0.0,3.0,3.0,0.0,0.0,0.0,1.0,0.0,0.0,0.0,0.0,0.0,18.0,5.0,0.0,0.0,0.0,0.0,1.0,0.0,1.0,8.0,4.0,0.0,0.0,8.0,8.0,45.0,8.0,0.0,0.0,0.0,0.0,0.0,1.0,0.0,0.0,3.0,3.0,0.0,0.0,0.0,0.0,0.0,0.0,0.0,0.0,0.0,1.0,2.0,0.0,0.0,0.0,0.0,0.0,0.0,1.0,6.0,1.0,8397333869.0,-1.0,揭阳市揭东区,揭阳市揭东区桂岭镇,12.0,24.0,10.0,2.7,48.7,49.5,50.04588235294117,56.92664596273291
广东省,揭阳市,揭西县,河婆街道,115.8305307,23.4393682,23.0,6.0,17.0,38.0,115.0,4.0,0.0,0.0,0.0,0.0,0.0,0.0,0.0,0.0,0.0,0.0,0.0,0.0,0.0,0.0,0.0,0.0,1.0,0.0,0.0,20.0,0.0,0.0,0.0,2.0,0.0,6.0,1.0,4.0,9.0,9.0,6.0,0.0,6.0,9.0,36.0,0.0,0.0,0.0,0.0,0.0,0.0,0.0,0.0,0.0,0.0,0.0,0.0,0.0,0.0,0.0,0.0,0.0,0.0,0.0,0.0,4.0,0.0,0.0,0.0,0.0,0.0,0.0,0.0,3.0,5.0,4.0,687694013.0,-1.0,揭阳市揭西县,揭阳市揭西县河婆街道,12.0,24.0,0.0,4.2,40.2,35.21176470588235,50.04588235294117,56.92664596273291
广东省,揭阳市,揭西县,龙潭镇,115.8682188,23.4589214,3.0,0.0,4.0,6.0,9.0,3.0,0.0,0.0,0.0,0.0,0.0,0.0,0.0,0.0,0.0,0.0,0.0,0.0,0.0,0.0,5.0,0.0,0.0,0.0,0.0,13.0,0.0,0.0,0.0,0.0,0.0,3.0,0.0,2.0,7.0,5.0,1.0,0.0,0.0,4.0,4.0,0.0,0.0,0.0,0.0,0.0,0.0,0.0,0.0,0.0,0.0,0.0,0.0,0.0,0.0,0.0,0.0,0.0,0.0,0.0,0.0,3.0,0.0,0.0,0.0,0.0,0.0,1.0,0.0,1.0,3.0,3.0,8389396393.0,-1.0,揭阳市揭西县,揭阳市揭西县龙潭镇,12.0,16.5,0.0,2.5,31.0,35.21176470588235,50.04588235294117,56.92664596273291
广东省,揭阳市,揭西县,南山镇,115.9614032,23.504403,1.0,0.0,3.0,17.0,31.0,14.0,0.0,0.0,0.0,0.0,0.0,0.0,0.0,0.0,0.0,0.0,0.0,0.0,0.0,0.0,6.0,0.0,0.0,0.0,0.0,14.0,0.0,0.0,0.0,0.0,0.0,0.0,0.0,2.0,7.0,3.0,1.0,0.0,0.0,10.0,19.0,6.0,0.0,0.0,0.0,0.0,0.0,0.0,0.0,0.0,0.0,0.0,0.0,0.0,0.0,0.0,2.0,0.0,0.0,0.0,0.0,3.0,0.0,0.0,0.0,0.0,0.0,0.0,0.0,2.0,5.0,2.0,8389396392.0,-1.0,揭阳市揭西县,揭阳市揭西县南山镇,12.0,23.5,0.0,1.5,37.0,35.21176470588235,50.04588235294117,56.92664596273291
广东省,揭阳市,揭西县,五经富镇,116.0685397,23.566719,8.0,6.0,3.0,9.0,54.0,4.0,0.0,0.0,0.0,0.0,1.0,0.0,0.0,0.0,0.0,0.0,0.0,0.0,0.0,0.0,9.0,0.0,8.0,0.0,1.0,20.0,0.0,0.0,0.0,2.0,0.0,0.0,0.0,4.0,8.0,7.0,4.0,4.0,2.0,3.0,21.0,2.0,0.0,0.0,0.0,0.0,0.0,0.0,0.0,0.0,0.0,0.0,0.0,0.0,0.0,0.0,3.0,0.0,0.0,0.0,0.0,8.0,0.0,0.0,0.0,1.0,0.0,0.0,0.0,2.0,8.0,5.0,8389396389.0,-1.0,揭阳市揭西县,揭阳市揭西县五经富镇,12.0,26.0,0.0,3.8,41.8,35.21176470588235,50.04588235294117,56.92664596273291
广东省,揭阳市,揭西县,京溪园镇,116.0562246,23.5271671,5.0,0.0,3.0,9.0,9.0,0.0,0.0,0.0,0.0,0.0,0.0,0.0,0.0,0.0,1.0,1.0,0.0,0.0,0.0,0.0,17.0,0.0,2.0,0.0,0.0,9.0,0.0,0.0,0.0,0.0,0.0,2.0,0.0,2.0,5.0,6.0,1.0,0.0,3.0,2.0,0.0,0.0,0.0,0.0,0.0,0.0,0.0,0.0,0.0,0.0,0.0,0.0,0.0,0.0,0.0,0.0,3.0,0.0,0.0,0.0,0.0,2.0,0.0,0.0,0.0,0.0,0.0,0.0,0.0,2.0,3.0,3.0,8389396390.0,-1.0,揭阳市揭西县,揭阳市揭西县京溪园镇,12.0,14.3,0.0,3.0,29.3,35.21176470588235,50.04588235294117,56.92664596273291
广东省,揭阳市,揭西县,灰寨镇,116.0028149,23.4839763,3.0,1.0,2.0,0.0,0.0,1.0,0.0,0.0,0.0,0.0,0.0,0.0,0.0,0.0,0.0,0.0,0.0,0.0,0.0,0.0,6.0,0.0,0.0,0.0,0.0,10.0,0.0,0.0,0.0,0.0,0.0,0.0,0.0,2.0,4.0,4.0,3.0,1.0,1.0,0.0,0.0,0.0,0.0,0.0,0.0,0.0,0.0,0.0,0.0,0.0,0.0,0.0,0.0,0.0,0.0,0.0,4.0,0.0,0.0,0.0,0.0,7.0,0.0,0.0,0.0,0.0,0.0,0.0,0.0,2.0,3.0,3.0,1780621891.0,-1.0,揭阳市揭西县,揭阳市揭西县灰寨镇,12.0,7.0,0.0,2.0,21.0,35.21176470588235,50.04588235294117,56.92664596273291
广东省,揭阳市,揭西县,塔头镇,116.0635976,23.4881055,0.0,4.0,1.0,22.0,54.0,14.0,0.0,0.0,0.0,0.0,0.0,0.0,0.0,0.0,0.0,0.0,0.0,0.0,0.0,0.0,19.0,0.0,0.0,0.0,0.0,23.0,0.0,0.0,0.0,0.0,0.0,1.0,0.0,2.0,9.0,6.0,0.0,1.0,1.0,3.0,4.0,0.0,0.0,0.0,0.0,0.0,0.0,0.0,0.0,0.0,0.0,0.0,0.0,0.0,0.0,0.0,7.0,0.0,0.0,0.0,0.0,4.0,0.0,0.0,0.0,0.0,0.0,0.0,0.0,1.0,4.0,2.0,8389396391.0,-1.0,揭阳市揭西县,揭阳市揭西县塔头镇,12.0,24.0,0.0,3.0,39.0,35.21176470588235,50.04588235294117,56.92664596273291
广东省,揭阳市,揭西县,东园镇,116.1263508,23.5027847,0.0,6.0,3.0,6.0,25.0,0.0,0.0,0.0,0.0,0.0,0.0,0.0,0.0,0.0,0.0,0.0,0.0,0.0,0.0,0.0,1.0,0.0,0.0,0.0,0.0,11.0,0.0,0.0,0.0,1.0,0.0,0.0,0.0,6.0,6.0,4.0,0.0,0.0,1.0,2.0,0.0,0.0,0.0,0.0,0.0,0.0,0.0,0.0,0.0,0.0,0.0,0.0,0.0,0.0,0.0,0.0,0.0,0.0,0.0,0.0,0.0,1.0,0.0,0.0,0.0,0.0,0.0,0.0,0.0,1.0,2.0,1.0,8389396388.0,-1.0,揭阳市揭西县,揭阳市揭西县东园镇,12.0,18.0,0.0,2.1,32.1,35.21176470588235,50.04588235294117,56.92664596273291
广东省,揭阳市,揭西县,凤江镇,116.1192475,23.4436566,0.0,48.0,5.0,52.0,107.0,2.0,0.0,10.0,0.0,0.0,0.0,0.0,1.0,1.0,2.0,2.0,0.0,0.0,0.0,0.0,0.0,1.0,4.0,0.0,0.0,28.0,1.0,0.0,0.0,0.0,0.0,1.0,0.0,6.0,10.0,6.0,0.0,7.0,0.0,11.0,40.0,0.0,0.0,0.0,0.0,0.0,0.0,0.0,0.0,0.0,0.0,0.0,0.0,0.0,0.0,0.0,0.0,1.0,0.0,0.0,0.0,3.0,1.0,0.0,0.0,0.0,0.0,1.0,0.0,3.0,4.0,4.0,7244898465.0,-1.0,揭阳市揭西县,揭阳市揭西县凤江镇,12.0,24.0,0.0,3.2,39.2,35.21176470588235,50.04588235294117,56.92664596273291
广东省,揭阳市,揭西县,棉湖镇,116.1288215,23.4421399,0.0,48.0,5.0,50.0,115.0,1.0,0.0,10.0,0.0,0.0,0.0,0.0,1.0,1.0,2.0,2.0,0.0,0.0,0.0,0.0,0.0,1.0,0.0,0.0,0.0,20.0,1.0,0.0,0.0,0.0,0.0,2.0,0.0,6.0,9.0,5.0,0.0,10.0,2.0,20.0,32.0,0.0,0.0,10.0,0.0,0.0,0.0,0.0,0.0,0.0,0.0,0.0,0.0,0.0,0.0,0.0,0.0,1.0,0.0,0.0,0.0,4.0,1.0,0.0,0.0,0.0,0.0,1.0,0.0,3.0,7.0,5.0,7244888181.0,12269058.0,揭阳市揭西县,揭阳市揭西县棉湖镇,20.0,24.0,0.0,2.7,46.7,35.21176470588235,50.04588235294117,56.92664596273291
广东省,揭阳市,揭西县,金和镇,116.0479511,23.4276153,0.0,3.0,4.0,5.0,5.0,0.0,0.0,0.0,0.0,0.0,0.0,0.0,0.0,0.0,0.0,0.0,0.0,0.0,0.0,1.0,2.0,0.0,0.0,0.0,0.0,10.0,0.0,0.0,0.0,0.0,1.0,0.0,0.0,3.0,8.0,3.0,0.0,3.0,2.0,1.0,0.0,0.0,0.0,0.0,0.0,0.0,0.0,0.0,0.0,0.0,0.0,0.0,0.0,0.0,0.0,1.0,0.0,0.0,0.0,0.0,0.0,2.0,0.0,0.0,0.0,0.0,1.0,0.0,0.0,1.0,3.0,0.0,8389396395.0,-1.0,揭阳市揭西县,揭阳市揭西县金和镇,12.0,15.0,1.0,1.5,29.5,35.21176470588235,50.04588235294117,56.92664596273291
广东省,揭阳市,揭西县,大溪镇,115.9532829,23.4330886,0.0,1.0,8.0,18.0,18.0,0.0,0.0,0.0,0.0,0.0,0.0,0.0,0.0,0.0,0.0,0.0,0.0,0.0,0.0,0.0,0.0,0.0,0.0,0.0,0.0,18.0,0.0,0.0,0.0,0.0,0.0,0.0,0.0,4.0,9.0,3.0,0.0,1.0,0.0,5.0,2.0,0.0,0.0,0.0,0.0,0.0,0.0,0.0,0.0,0.0,0.0,0.0,0.0,0.0,0.0,0.0,0.0,0.0,0.0,0.0,0.0,3.0,0.0,0.0,0.0,0.0,0.0,0.0,0.0,3.0,6.0,2.0,2503621520.0,-1.0,揭阳市揭西县,揭阳市揭西县大溪镇,12.0,18.2,0.0,1.5,31.7,35.21176470588235,50.04588235294117,56.92664596273291
广东省,揭阳市,揭西县,钱坑镇,115.9952336,23.3918131,2.0,7.0,15.0,23.0,90.0,56.0,0.0,2.0,0.0,0.0,0.0,0.0,0.0,0.0,0.0,0.0,0.0,0.0,0.0,0.0,5.0,0.0,0.0,0.0,0.0,15.0,26.0,0.0,0.0,0.0,0.0,0.0,0.0,5.0,16.0,5.0,0.0,2.0,11.0,11.0,31.0,21.0,0.0,2.0,0.0,0.0,0.0,0.0,0.0,0.0,0.0,0.0,0.0,0.0,0.0,0.0,5.0,0.0,0.0,0.0,0.0,4.0,3.0,0.0,0.0,0.0,0.0,0.0,0.0,4.0,10.0,5.0,2503621532.0,-1.0,揭阳市揭西县,揭阳市揭西县钱坑镇,12.0,24.0,0.0,5.4,41.4,35.21176470588235,50.04588235294117,56.92664596273291
广东省,揭阳市,揭西县,坪上镇,115.8841592,23.397904,5.0,1.0,0.0,7.0,27.0,0.0,0.0,0.0,0.0,0.0,0.0,0.0,0.0,0.0,0.0,0.0,0.0,0.0,0.0,0.0,0.0,0.0,0.0,0.0,0.0,10.0,0.0,0.0,0.0,0.0,0.0,0.0,0.0,3.0,8.0,2.0,4.0,0.0,0.0,2.0,15.0,0.0,0.0,0.0,0.0,0.0,0.0,0.0,0.0,0.0,0.0,0.0,0.0,0.0,0.0,0.0,0.0,0.0,0.0,0.0,0.0,1.0,0.0,0.0,0.0,0.0,0.0,0.0,0.0,2.0,5.0,1.0,2503621529.0,-1.0,揭阳市揭西县,揭阳市揭西县坪上镇,12.0,23.9,0.0,1.0,36.9,35.21176470588235,50.04588235294117,56.92664596273291
广东省,揭阳市,揭西县,五云镇,115.7749852,23.4060242,7.0,1.0,3.0,7.0,45.0,0.0,0.0,0.0,0.0,0.0,0.0,0.0,0.0,0.0,0.0,0.0,0.0,0.0,0.0,0.0,0.0,0.0,0.0,0.0,0.0,7.0,0.0,0.0,0.0,0.0,0.0,0.0,0.0,8.0,8.0,2.0,5.0,0.0,3.0,2.0,18.0,0.0,0.0,0.0,0.0,0.0,0.0,0.0,0.0,0.0,0.0,0.0,0.0,0.0,0.0,0.0,0.0,0.0,0.0,0.0,0.0,3.0,0.0,0.0,0.0,0.0,0.0,0.0,0.0,2.0,6.0,2.0,8389396396.0,-1.0,揭阳市揭西县,揭阳市揭西县五云镇,12.0,24.0,0.0,1.0,37.0,35.21176470588235,50.04588235294117,56.92664596273291
广东省,揭阳市,揭西县,上砂镇,115.6922578,23.4791004,0.0,6.0,4.0,15.0,26.0,1.0,0.0,0.0,0.0,0.0,0.0,0.0,0.0,0.0,1.0,1.0,0.0,0.0,0.0,0.0,1.0,0.0,0.0,0.0,0.0,8.0,3.0,0.0,0.0,0.0,0.0,0.0,0.0,2.0,9.0,3.0,0.0,4.0,4.0,12.0,19.0,1.0,0.0,0.0,0.0,0.0,0.0,0.0,0.0,0.0,0.0,0.0,0.0,0.0,0.0,0.0,1.0,0.0,0.0,0.0,0.0,4.0,1.0,0.0,0.0,0.0,0.0,0.0,0.0,2.0,8.0,3.0,7649263527.0,12269057.0,揭阳市揭西县,揭阳市揭西县上砂镇,20.0,24.0,0.0,1.9,45.9,35.21176470588235,50.04588235294117,56.92664596273291
广东省,揭阳市,揭西县,良田乡,115.8433712,23.5520181,0.0,4.0,0.0,0.0,1.0,0.0,0.0,0.0,0.0,0.0,0.0,0.0,0.0,0.0,0.0,0.0,0.0,0.0,0.0,0.0,3.0,0.0,0.0,0.0,0.0,4.0,1.0,0.0,0.0,0.0,0.0,0.0,0.0,2.0,2.0,3.0,0.0,1.0,0.0,0.0,0.0,0.0,0.0,0.0,0.0,0.0,0.0,0.0,0.0,0.0,0.0,0.0,0.0,0.0,0.0,0.0,2.0,0.0,0.0,0.0,0.0,2.0,1.0,0.0,0.0,0.0,0.0,0.0,0.0,2.0,1.0,3.0,8389396394.0,-1.0,揭阳市揭西县,揭阳市揭西县良田乡,11.0,6.2,0.0,1.7,18.9,35.21176470588235,50.04588235294117,56.92664596273291
广东省,揭阳市,惠来县,惠城镇,116.2873759,23.0386327,12.0,3.0,25.0,40.0,98.0,15.0,0.0,0.0,2.0,2.0,2.0,21.0,1.0,1.0,7.0,7.0,0.0,0.0,0.0,0.0,21.0,0.0,0.0,0.0,0.0,19.0,16.0,0.0,0.0,0.0,0.0,5.0,0.0,4.0,13.0,6.0,4.0,1.0,1.0,15.0,47.0,4.0,0.0,0.0,0.0,1.0,0.0,1.0,1.0,1.0,1.0,1.0,0.0,0.0,0.0,0.0,3.0,0.0,0.0,0.0,0.0,9.0,2.0,0.0,0.0,0.0,0.0,3.0,0.0,4.0,8.0,4.0,369489494.0,-1.0,揭阳市惠来县,揭阳市惠来县惠城镇,12.0,30.0,15.0,4.8,61.8,44.2,50.04588235294117,56.92664596273291
广东省,揭阳市,惠来县,华湖镇,116.3315723,23.0327938,5.0,5.0,5.0,16.0,17.0,0.0,0.0,0.0,0.0,0.0,0.0,0.0,0.0,0.0,0.0,0.0,0.0,0.0,0.0,0.0,5.0,1.0,0.0,0.0,0.0,13.0,1.0,0.0,0.0,0.0,0.0,0.0,0.0,4.0,9.0,4.0,3.0,2.0,0.0,2.0,10.0,0.0,0.0,0.0,0.0,0.0,0.0,0.0,0.0,0.0,0.0,0.0,0.0,0.0,0.0,0.0,1.0,0.0,0.0,0.0,0.0,4.0,1.0,0.0,0.0,0.0,0.0,0.0,0.0,2.0,5.0,2.0,8394669822.0,-1.0,揭阳市惠来县,揭阳市惠来县华湖镇,12.0,20.4,0.0,2.2,34.6,44.2,50.04588235294117,56.92664596273291
广东省,揭阳市,惠来县,仙庵镇,116.5018263,23.0609835,1.0,3.0,0.0,8.0,48.0,8.0,0.0,0.0,0.0,0.0,0.0,1.0,0.0,0.0,4.0,4.0,0.0,0.0,0.0,0.0,14.0,0.0,1.0,0.0,0.0,14.0,0.0,0.0,0.0,0.0,0.0,2.0,0.0,4.0,10.0,7.0,0.0,3.0,0.0,4.0,4.0,0.0,0.0,0.0,0.0,0.0,0.0,1.0,0.0,0.0,0.0,0.0,0.0,0.0,0.0,0.0,3.0,0.0,0.0,0.0,0.0,1.0,0.0,0.0,0.0,0.0,0.0,0.0,0.0,2.0,6.0,2.0,8394669819.0,-1.0,揭阳市惠来县,揭阳市惠来县仙庵镇,12.0,24.0,5.0,3.5,44.5,44.2,50.04588235294117,56.92664596273291
广东省,揭阳市,惠来县,靖海镇,116.5234927,23.0182633,0.0,4.0,1.0,17.0,36.0,0.0,0.0,0.0,0.0,0.0,0.0,0.0,0.0,0.0,0.0,0.0,0.0,0.0,0.0,0.0,10.0,0.0,1.0,0.0,0.0,11.0,0.0,0.0,0.0,4.0,0.0,0.0,0.0,2.0,5.0,8.0,0.0,1.0,1.0,3.0,6.0,0.0,0.0,0.0,0.0,0.0,0.0,0.0,0.0,0.0,0.0,0.0,0.0,0.0,0.0,0.0,2.0,0.0,0.0,0.0,0.0,2.0,0.0,0.0,0.0,0.0,0.0,0.0,0.0,1.0,5.0,1.0,369491145.0,-1.0,揭阳市惠来县,揭阳市惠来县靖海镇,12.0,21.5,0.0,4.4,37.9,44.2,50.04588235294117,56.92664596273291
广东省,揭阳市,惠来县,周田镇,116.4407942,23.015162,1.0,0.0,5.0,10.0,55.0,6.0,0.0,0.0,0.0,0.0,0.0,4.0,1.0,1.0,4.0,4.0,0.0,0.0,0.0,0.0,7.0,0.0,0.0,0.0,0.0,8.0,14.0,0.0,0.0,0.0,0.0,2.0,1.0,3.0,8.0,7.0,0.0,0.0,5.0,5.0,28.0,4.0,0.0,0.0,0.0,0.0,0.0,2.0,0.0,0.0,2.0,2.0,0.0,0.0,0.0,0.0,3.0,0.0,0.0,0.0,0.0,3.0,7.0,0.0,0.0,0.0,0.0,2.0,0.0,1.0,6.0,6.0,8394669821.0,-1.0,揭阳市惠来县,揭阳市惠来县周田镇,12.0,24.0,10.0,5.6,51.6,44.2,50.04588235294117,56.92664596273291
广东省,揭阳市,惠来县,前詹镇,116.4238573,22.9465438,0.0,3.0,2.0,7.0,36.0,0.0,0.0,0.0,0.0,0.0,0.0,0.0,1.0,1.0,6.0,6.0,1.0,0.0,0.0,0.0,2.0,0.0,0.0,0.0,0.0,11.0,2.0,0.0,0.0,0.0,0.0,0.0,0.0,1.0,7.0,9.0,0.0,1.0,2.0,0.0,12.0,0.0,0.0,0.0,0.0,0.0,0.0,0.0,1.0,1.0,3.0,3.0,1.0,0.0,0.0,0.0,1.0,0.0,0.0,0.0,0.0,2.0,0.0,0.0,0.0,0.0,0.0,0.0,0.0,1.0,5.0,5.0,8394669820.0,-1.0,揭阳市惠来县,揭阳市惠来县前詹镇,12.0,23.5,15.0,4.2,54.7,44.2,50.04588235294117,56.92664596273291
广东省,揭阳市,惠来县,神泉镇,116.3183182,22.9688856,3.0,2.0,1.0,10.0,56.0,16.0,0.0,0.0,0.0,0.0,0.0,0.0,0.0,0.0,1.0,2.0,0.0,0.0,0.0,0.0,5.0,0.0,0.0,0.0,0.0,10.0,14.0,0.0,0.0,4.0,0.0,0.0,1.0,1.0,7.0,8.0,1.0,2.0,0.0,3.0,16.0,0.0,0.0,0.0,0.0,0.0,0.0,0.0,0.0,0.0,0.0,0.0,0.0,0.0,0.0,0.0,2.0,0.0,0.0,0.0,0.0,1.0,0.0,0.0,0.0,2.0,0.0,0.0,0.0,1.0,5.0,5.0,369490997.0,-1.0,揭阳市惠来县,揭阳市惠来县神泉镇,12.0,23.5,0.0,6.0,41.5,44.2,50.04588235294117,56.92664596273291
广东省,揭阳市,惠来县,东陇镇,116.2746869,23.008046,6.0,3.0,10.0,26.0,66.0,21.0,0.0,0.0,3.0,2.0,0.0,9.0,1.0,1.0,4.0,4.0,0.0,0.0,0.0,0.0,27.0,0.0,1.0,0.0,0.0,12.0,9.0,0.0,0.0,1.0,0.0,3.0,0.0,3.0,8.0,7.0,2.0,0.0,1.0,4.0,19.0,1.0,0.0,0.0,0.0,0.0,0.0,0.0,0.0,0.0,2.0,2.0,0.0,0.0,0.0,0.0,1.0,0.0,0.0,0.0,0.0,2.0,0.0,0.0,0.0,0.0,0.0,1.0,0.0,2.0,5.0,2.0,8394669823.0,-1.0,揭阳市惠来县,揭阳市惠来县东陇镇,12.0,28.0,10.0,4.5,54.5,44.2,50.04588235294117,56.92664596273291
广东省,揭阳市,惠来县,岐石镇,116.1146913,22.9322435,1.0,0.0,1.0,17.0,57.0,15.0,0.0,1.0,0.0,0.0,0.0,0.0,2.0,2.0,4.0,4.0,0.0,0.0,0.0,0.0,2.0,1.0,0.0,0.0,0.0,10.0,0.0,0.0,0.0,1.0,0.0,2.0,0.0,2.0,8.0,12.0,1.0,0.0,0.0,7.0,11.0,2.0,0.0,0.0,0.0,0.0,0.0,0.0,1.0,1.0,0.0,0.0,0.0,0.0,0.0,0.0,0.0,1.0,0.0,0.0,0.0,3.0,0.0,0.0,0.0,0.0,0.0,0.0,0.0,2.0,6.0,2.0,4580629296.0,-1.0,揭阳市惠来县,揭阳市惠来县岐石镇,12.0,24.0,5.0,4.1,45.1,44.2,50.04588235294117,56.92664596273291
广东省,揭阳市,惠来县,隆江镇,116.1818639,22.9979525,5.0,1.0,8.0,28.0,50.0,0.0,0.0,0.0,0.0,0.0,0.0,0.0,0.0,0.0,1.0,1.0,0.0,0.0,0.0,0.0,23.0,0.0,0.0,0.0,0.0,20.0,0.0,0.0,0.0,1.0,0.0,1.0,0.0,4.0,10.0,5.0,3.0,0.0,5.0,10.0,17.0,0.0,0.0,0.0,0.0,0.0,0.0,0.0,0.0,0.0,1.0,1.0,0.0,0.0,0.0,0.0,3.0,0.0,0.0,0.0,0.0,3.0,0.0,0.0,0.0,0.0,0.0,0.0,0.0,2.0,5.0,2.0,369491022.0,-1.0,揭阳市惠来县,揭阳市惠来县隆江镇,12.0,24.0,5.0,2.6,43.6,44.2,50.04588235294117,56.92664596273291
广东省,揭阳市,惠来县,溪西镇,116.162388,22.9879547,5.0,1.0,15.0,25.0,37.0,2.0,0.0,0.0,0.0,0.0,0.0,0.0,0.0,0.0,1.0,1.0,0.0,0.0,0.0,0.0,23.0,0.0,0.0,0.0,1.0,19.0,0.0,0.0,0.0,1.0,0.0,0.0,0.0,4.0,12.0,4.0,3.0,1.0,1.0,4.0,0.0,0.0,0.0,0.0,0.0,0.0,0.0,0.0,0.0,0.0,0.0,0.0,0.0,0.0,0.0,0.0,4.0,0.0,0.0,0.0,0.0,2.0,0.0,0.0,0.0,0.0,0.0,0.0,0.0,2.0,6.0,3.0,4580629297.0,-1.0,揭阳市惠来县,揭阳市惠来县溪西镇,12.0,21.4,0.0,2.1,35.5,44.2,50.04588235294117,56.92664596273291
广东省,揭阳市,惠来县,鳌江镇,116.0388333,22.9408034,0.0,2.0,3.0,9.0,20.0,0.0,0.0,0.0,0.0,0.0,0.0,0.0,0.0,0.0,0.0,0.0,0.0,0.0,0.0,0.0,10.0,0.0,0.0,0.0,0.0,11.0,1.0,0.0,0.0,2.0,0.0,0.0,0.0,6.0,6.0,4.0,0.0,2.0,1.0,1.0,8.0,0.0,0.0,0.0,0.0,0.0,0.0,0.0,0.0,0.0,0.0,0.0,0.0,0.0,0.0,0.0,2.0,0.0,0.0,0.0,0.0,2.0,0.0,0.0,0.0,1.0,0.0,0.0,0.0,5.0,5.0,3.0,2635501340.0,-1.0,揭阳市惠来县,揭阳市惠来县鳌江镇,12.0,19.4,0.0,2.4,33.8,44.2,50.04588235294117,56.92664596273291
广东省,揭阳市,惠来县,东港镇,115.95726,22.9686672,0.0,2.0,8.0,13.0,60.0,2.0,0.0,0.0,0.0,0.0,1.0,0.0,0.0,0.0,2.0,2.0,0.0,0.0,0.0,0.0,0.0,0.0,0.0,0.0,0.0,12.0,0.0,0.0,0.0,0.0,0.0,1.0,0.0,7.0,14.0,4.0,0.0,0.0,5.0,6.0,3.0,2.0,0.0,0.0,0.0,0.0,1.0,0.0,0.0,0.0,0.0,0.0,0.0,0.0,0.0,0.0,0.0,0.0,0.0,0.0,0.0,2.0,0.0,0.0,0.0,0.0,0.0,1.0,0.0,3.0,10.0,3.0,8394669825.0,-1.0,揭阳市惠来县,揭阳市惠来县东港镇,12.0,26.0,0.0,2.0,40.0,44.2,50.04588235294117,56.92664596273291
广东省,揭阳市,惠来县,葵潭镇,115.9711409,23.0663432,5.0,6.0,3.0,28.0,93.0,18.0,0.0,4.0,1.0,1.0,0.0,0.0,0.0,0.0,1.0,1.0,0.0,0.0,0.0,0.0,3.0,0.0,0.0,0.0,0.0,12.0,1.0,0.0,0.0,1.0,0.0,3.0,0.0,8.0,14.0,6.0,2.0,2.0,0.0,9.0,32.0,0.0,0.0,0.0,0.0,0.0,0.0,0.0,0.0,0.0,0.0,0.0,0.0,0.0,0.0,0.0,2.0,0.0,0.0,0.0,0.0,4.0,0.0,0.0,0.0,0.0,0.0,0.0,0.0,2.0,7.0,1.0,369489912.0,-1.0,揭阳市惠来县,揭阳市惠来县葵潭镇,12.0,28.0,0.0,3.2,43.2,44.2,50.04588235294117,56.92664596273291
广东省,揭阳市,惠来县,侨园镇,116.0807104,23.016317,0.0,1.0,0.0,8.0,30.0,0.0,0.0,0.0,0.0,0.0,0.0,0.0,0.0,0.0,1.0,1.0,0.0,0.0,0.0,0.0,0.0,0.0,0.0,0.0,0.0,14.0,0.0,0.0,0.0,1.0,0.0,0.0,0.0,1.0,4.0,3.0,0.0,0.0,0.0,5.0,16.0,0.0,0.0,0.0,0.0,0.0,0.0,0.0,0.0,0.0,1.0,1.0,0.0,0.0,0.0,0.0,0.0,0.0,0.0,0.0,0.0,4.0,0.0,0.0,0.0,1.0,0.0,0.0,0.0,1.0,3.0,1.0,10607763385.0,-1.0,揭阳市惠来县,揭阳市惠来县侨园镇,12.0,22.0,5.0,1.7,40.7,44.2,50.04588235294117,56.92664596273291
广东省,揭阳市,普宁市,流沙东街道,116.1867892,23.3080895,20.0,23.0,31.0,65.0,157.0,96.0,0.0,2.0,1.0,0.0,0.0,1.0,2.0,2.0,26.0,28.0,1.0,0.0,1.0,17.0,18.0,2.0,1.0,0.0,0.0,24.0,209.0,0.0,0.0,1.0,0.0,9.0,2.0,6.0,11.0,10.0,0.0,4.0,4.0,8.0,15.0,0.0,0.0,0.0,0.0,0.0,0.0,0.0,0.0,0.0,1.0,1.0,0.0,0.0,0.0,2.0,2.0,1.0,1.0,0.0,0.0,4.0,1.0,0.0,0.0,0.0,0.0,1.0,0.0,1.0,4.0,5.0,8392824182.0,12272912.0,揭阳市普宁市,揭阳市普宁市流沙东街道,20.0,26.0,12.0,20.0,78.0,53.16923076923077,50.04588235294117,56.92664596273291
广东省,揭阳市,普宁市,流沙南街道,116.1749209,23.2898492,25.0,22.0,40.0,68.0,263.0,121.0,0.0,19.0,1.0,6.0,0.0,4.0,5.0,6.0,40.0,42.0,3.0,1.0,2.0,19.0,46.0,3.0,1.0,0.0,0.0,29.0,1625.0,0.0,48.0,0.0,1.0,18.0,3.0,8.0,17.0,17.0,7.0,2.0,9.0,13.0,27.0,8.0,0.0,0.0,0.0,0.0,0.0,0.0,1.0,1.0,7.0,7.0,0.0,0.0,0.0,6.0,5.0,0.0,0.0,0.0,0.0,2.0,1.0,0.0,0.0,0.0,0.0,2.0,1.0,4.0,7.0,5.0,8392824183.0,12272914.0,揭阳市普宁市,揭阳市普宁市流沙南街道,20.0,28.0,21.0,20.0,89.0,53.16923076923077,50.04588235294117,56.92664596273291
广东省,揭阳市,普宁市,流沙西街道,116.1498175,23.3003923,19.0,23.0,54.0,61.0,260.0,138.0,0.0,3.0,0.0,3.0,0.0,10.0,5.0,5.0,36.0,38.0,2.0,0.0,6.0,27.0,47.0,6.0,0.0,0.0,0.0,22.0,870.0,0.0,46.0,2.0,0.0,15.0,3.0,7.0,12.0,13.0,2.0,2.0,16.0,8.0,63.0,53.0,0.0,0.0,0.0,1.0,0.0,4.0,1.0,1.0,5.0,5.0,1.0,0.0,5.0,6.0,21.0,1.0,0.0,0.0,0.0,5.0,540.0,0.0,46.0,0.0,0.0,3.0,1.0,3.0,8.0,9.0,8392824185.0,12272915.0,揭阳市普宁市,揭阳市普宁市流沙西街道,20.0,26.0,28.0,20.0,94.0,53.16923076923077,50.04588235294117,56.92664596273291
广东省,揭阳市,普宁市,流沙北街道,116.15641,23.3082646,16.0,29.0,59.0,64.0,270.0,159.0,0.0,2.0,0.0,3.0,0.0,9.0,4.0,4.0,36.0,38.0,2.0,0.0,6.0,28.0,47.0,6.0,1.0,0.0,0.0,24.0,960.0,0.0,46.0,1.0,0.0,17.0,3.0,8.0,12.0,13.0,0.0,3.0,9.0,16.0,68.0,35.0,0.0,2.0,0.0,0.0,0.0,2.0,1.0,1.0,7.0,7.0,1.0,0.0,3.0,9.0,15.0,4.0,0.0,0.0,0.0,3.0,22.0,0.0,11.0,0.0,0.0,3.0,0.0,2.0,7.0,6.0,8392824184.0,12272913.0,揭阳市普宁市,揭阳市普宁市流沙北街道,20.0,26.0,28.0,20.0,94.0,53.16923076923077,50.04588235294117,56.92664596273291
广东省,揭阳市,普宁市,池尾街道,116.1373626,23.3135177,14.0,13.0,40.0,45.0,171.0,96.0,0.0,2.0,0.0,2.0,0.0,10.0,1.0,1.0,18.0,18.0,1.0,0.0,6.0,20.0,34.0,6.0,0.0,0.0,0.0,23.0,796.0,0.0,46.0,1.0,0.0,10.0,2.0,6.0,13.0,12.0,0.0,2.0,4.0,10.0,10.0,0.0,0.0,0.0,0.0,0.0,0.0,1.0,0.0,0.0,2.0,2.0,0.0,0.0,0.0,0.0,2.0,1.0,0.0,0.0,0.0,3.0,1.0,0.0,0.0,0.0,0.0,0.0,0.0,2.0,4.0,3.0,8392824181.0,-1.0,揭阳市普宁市,揭阳市普宁市池尾街道,12.0,26.0,10.0,20.0,68.0,53.16923076923077,50.04588235294117,56.92664596273291
广东省,揭阳市,普宁市,燎原街道,116.1558722,23.3362666,0.0,10.0,15.0,36.0,156.0,64.0,0.0,1.0,0.0,0.0,0.0,0.0,0.0,0.0,6.0,6.0,0.0,0.0,0.0,15.0,11.0,5.0,0.0,0.0,0.0,10.0,172.0,0.0,0.0,1.0,1.0,1.0,0.0,3.0,10.0,8.0,0.0,4.0,3.0,2.0,31.0,0.0,0.0,0.0,0.0,0.0,0.0,0.0,0.0,0.0,0.0,0.0,0.0,0.0,0.0,1.0,0.0,0.0,0.0,0.0,0.0,2.0,0.0,0.0,0.0,0.0,1.0,0.0,0.0,0.0,4.0,0.0,8392818201.0,-1.0,揭阳市普宁市,揭阳市普宁市燎原街道,12.0,24.0,1.0,20.0,57.0,53.16923076923077,50.04588235294117,56.92664596273291
广东省,揭阳市,普宁市,大南山街道,116.1678323,23.2754413,20.0,14.0,32.0,47.0,209.0,96.0,0.0,25.0,2.0,7.0,0.0,6.0,4.0,5.0,32.0,34.0,4.0,1.0,2.0,14.0,28.0,2.0,1.0,0.0,0.0,20.0,1610.0,0.0,40.0,0.0,1.0,20.0,2.0,10.0,17.0,18.0,0.0,2.0,3.0,6.0,27.0,30.0,0.0,6.0,0.0,0.0,0.0,1.0,1.0,1.0,7.0,7.0,1.0,1.0,0.0,0.0,2.0,1.0,0.0,0.0,0.0,5.0,630.0,0.0,1.0,0.0,0.0,0.0,0.0,3.0,11.0,10.0,6616298370.0,-1.0,揭阳市普宁市,揭阳市普宁市大南山街道,12.0,28.0,22.0,20.0,82.0,53.16923076923077,50.04588235294117,56.92664596273291
广东省,揭阳市,普宁市,赤岗镇,116.1734609,23.4350325,0.0,9.0,1.0,19.0,171.0,9.0,0.0,0.0,1.0,0.0,3.0,1.0,0.0,0.0,3.0,3.0,0.0,0.0,0.0,0.0,0.0,0.0,1.0,0.0,0.0,15.0,1.0,0.0,0.0,0.0,1.0,2.0,0.0,6.0,10.0,6.0,0.0,1.0,0.0,1.0,35.0,0.0,0.0,0.0,0.0,0.0,0.0,0.0,0.0,0.0,0.0,0.0,0.0,0.0,0.0,0.0,0.0,0.0,0.0,0.0,0.0,3.0,0.0,0.0,0.0,0.0,0.0,0.0,0.0,2.0,4.0,0.0,8392818198.0,-1.0,揭阳市普宁市,揭阳市普宁市赤岗镇,12.0,28.0,5.0,3.1,48.1,53.16923076923077,50.04588235294117,56.92664596273291
广东省,揭阳市,普宁市,大坝镇,116.1776732,23.3699927,0.0,7.0,2.0,8.0,29.0,3.0,0.0,0.0,0.0,0.0,0.0,0.0,0.0,0.0,0.0,0.0,0.0,0.0,0.0,0.0,0.0,0.0,0.0,0.0,0.0,18.0,0.0,0.0,0.0,0.0,0.0,0.0,0.0,3.0,8.0,3.0,0.0,3.0,1.0,6.0,2.0,0.0,0.0,0.0,0.0,0.0,0.0,0.0,0.0,0.0,0.0,0.0,0.0,0.0,0.0,0.0,0.0,0.0,0.0,0.0,0.0,6.0,0.0,0.0,0.0,0.0,0.0,0.0,0.0,1.0,4.0,1.0,8392818199.0,-1.0,揭阳市普宁市,揭阳市普宁市大坝镇,12.0,20.4,0.0,1.5,33.9,53.16923076923077,50.04588235294117,56.92664596273291
广东省,揭阳市,普宁市,洪阳镇,116.2181395,23.4375241,0.0,18.0,0.0,31.0,174.0,6.0,0.0,0.0,1.0,0.0,0.0,2.0,1.0,1.0,10.0,12.0,1.0,0.0,0.0,2.0,3.0,1.0,1.0,0.0,0.0,23.0,1.0,0.0,0.0,2.0,0.0,1.0,2.0,5.0,9.0,10.0,0.0,11.0,0.0,10.0,106.0,0.0,0.0,0.0,0.0,0.0,0.0,1.0,1.0,1.0,3.0,3.0,1.0,0.0,0.0,2.0,3.0,1.0,0.0,0.0,0.0,5.0,0.0,0.0,0.0,0.0,0.0,0.0,2.0,3.0,5.0,7.0,8392818197.0,-1.0,揭阳市普宁市,揭阳市普宁市洪阳镇,12.0,26.0,22.0,4.3,64.3,53.16923076923077,50.04588235294117,56.92664596273291
广东省,揭阳市,普宁市,南溪镇,116.2432119,23.4973999,0.0,0.0,10.0,29.0,34.0,1.0,0.0,0.0,0.0,0.0,0.0,0.0,0.0,0.0,0.0,0.0,0.0,0.0,0.0,0.0,0.0,0.0,0.0,0.0,0.0,25.0,0.0,0.0,0.0,0.0,0.0,0.0,0.0,6.0,7.0,3.0,0.0,0.0,3.0,8.0,17.0,1.0,0.0,0.0,0.0,0.0,0.0,0.0,0.0,0.0,0.0,0.0,0.0,0.0,0.0,0.0,0.0,0.0,0.0,0.0,0.0,3.0,0.0,0.0,0.0,0.0,0.0,0.0,0.0,1.0,4.0,1.0,8392818194.0,-1.0,揭阳市普宁市,揭阳市普宁市南溪镇,12.0,23.5,0.0,1.5,37.0,53.16923076923077,50.04588235294117,56.92664596273291
广东省,揭阳市,普宁市,广太镇,116.2804037,23.4646716,0.0,16.0,0.0,25.0,85.0,8.0,0.0,0.0,0.0,0.0,0.0,0.0,1.0,1.0,1.0,1.0,0.0,0.0,0.0,0.0,0.0,0.0,0.0,0.0,0.0,16.0,6.0,0.0,0.0,0.0,1.0,0.0,0.0,6.0,10.0,3.0,0.0,7.0,0.0,10.0,46.0,2.0,0.0,0.0,0.0,0.0,0.0,0.0,0.0,0.0,0.0,0.0,0.0,0.0,0.0,0.0,0.0,0.0,0.0,0.0,0.0,5.0,0.0,0.0,0.0,0.0,0.0,0.0,0.0,2.0,6.0,1.0,8392818195.0,-1.0,揭阳市普宁市,揭阳市普宁市广太镇,12.0,24.0,0.0,2.1,38.1,53.16923076923077,50.04588235294117,56.92664596273291
广东省,揭阳市,普宁市,麒麟镇,116.2801935,23.3797692,0.0,4.0,1.0,27.0,43.0,14.0,0.0,0.0,0.0,0.0,0.0,1.0,1.0,1.0,1.0,1.0,0.0,0.0,0.0,0.0,7.0,0.0,0.0,0.0,0.0,14.0,0.0,0.0,0.0,0.0,0.0,2.0,0.0,1.0,7.0,5.0,0.0,4.0,0.0,14.0,19.0,14.0,0.0,0.0,0.0,0.0,0.0,1.0,1.0,1.0,1.0,1.0,0.0,0.0,0.0,0.0,1.0,0.0,0.0,0.0,0.0,3.0,0.0,0.0,0.0,0.0,0.0,0.0,0.0,1.0,5.0,3.0,8392818196.0,-1.0,揭阳市普宁市,揭阳市普宁市麒麟镇,12.0,23.5,15.0,2.5,53.0,53.16923076923077,50.04588235294117,56.92664596273291
广东省,揭阳市,普宁市,南径镇,116.2916328,23.3487141,0.0,1.0,2.0,15.0,45.0,4.0,0.0,0.0,0.0,0.0,0.0,1.0,1.0,1.0,4.0,4.0,0.0,0.0,0.0,0.0,3.0,0.0,0.0,0.0,0.0,13.0,0.0,0.0,0.0,0.0,0.0,0.0,0.0,6.0,6.0,3.0,0.0,1.0,2.0,7.0,24.0,3.0,0.0,0.0,0.0,0.0,0.0,1.0,1.0,1.0,4.0,4.0,0.0,0.0,0.0,0.0,1.0,0.0,0.0,0.0,0.0,3.0,0.0,0.0,0.0,0.0,0.0,0.0,0.0,1.0,6.0,3.0,8392818192.0,-1.0,揭阳市普宁市,揭阳市普宁市南径镇,12.0,23.0,15.0,1.5,51.5,53.16923076923077,50.04588235294117,56.92664596273291
广东省,揭阳市,普宁市,占陇镇,116.2594882,23.2879749,4.0,3.0,1.0,32.0,119.0,9.0,0.0,1.0,0.0,0.0,0.0,0.0,0.0,0.0,4.0,4.0,1.0,0.0,1.0,3.0,6.0,1.0,2.0,0.0,0.0,24.0,17.0,0.0,0.0,0.0,0.0,0.0,1.0,4.0,9.0,7.0,2.0,1.0,0.0,21.0,44.0,9.0,0.0,0.0,0.0,0.0,0.0,0.0,0.0,0.0,0.0,0.0,1.0,0.0,1.0,2.0,5.0,1.0,0.0,0.0,0.0,8.0,0.0,0.0,0.0,0.0,0.0,0.0,0.0,2.0,5.0,3.0,650086882.0,-1.0,揭阳市普宁市,揭阳市普宁市占陇镇,12.0,24.0,9.0,5.2,50.2,53.16923076923077,50.04588235294117,56.92664596273291
广东省,揭阳市,普宁市,军埠镇,116.2610769,23.2605111,2.0,2.0,0.0,36.0,184.0,1.0,0.0,0.0,0.0,0.0,0.0,0.0,0.0,0.0,3.0,3.0,0.0,0.0,0.0,1.0,1.0,0.0,0.0,0.0,0.0,27.0,10.0,0.0,0.0,0.0,0.0,0.0,0.0,3.0,6.0,2.0,0.0,0.0,0.0,10.0,24.0,0.0,0.0,0.0,0.0,0.0,0.0,0.0,0.0,0.0,0.0,0.0,0.0,0.0,0.0,1.0,1.0,0.0,0.0,0.0,0.0,5.0,0.0,0.0,0.0,0.0,0.0,0.0,0.0,1.0,3.0,2.0,8392843621.0,-1.0,揭阳市普宁市,揭阳市普宁市军埠镇,12.0,23.0,1.0,2.0,38.0,53.16923076923077,50.04588235294117,56.92664596273291
广东省,揭阳市,普宁市,下架山镇,116.238874,23.2581835,0.0,2.0,0.0,36.0,135.0,9.0,0.0,0.0,0.0,0.0,0.0,0.0,0.0,0.0,1.0,1.0,0.0,0.0,0.0,1.0,1.0,0.0,0.0,0.0,0.0,35.0,10.0,0.0,0.0,0.0,0.0,0.0,0.0,2.0,5.0,4.0,0.0,0.0,0.0,11.0,32.0,0.0,0.0,0.0,0.0,0.0,0.0,0.0,0.0,0.0,1.0,1.0,0.0,0.0,0.0,0.0,0.0,0.0,0.0,0.0,0.0,4.0,9.0,0.0,0.0,0.0,0.0,0.0,0.0,1.0,3.0,0.0,8392843622.0,-1.0,揭阳市普宁市,揭阳市普宁市下架山镇,12.0,22.5,5.0,3.9000000000000004,43.4,53.16923076923077,50.04588235294117,56.92664596273291
广东省,揭阳市,普宁市,高埔镇,115.9628249,23.1620698,0.0,5.0,1.0,12.0,31.0,0.0,0.0,0.0,0.0,0.0,0.0,0.0,0.0,0.0,0.0,0.0,0.0,0.0,0.0,0.0,2.0,0.0,0.0,0.0,0.0,6.0,0.0,0.0,0.0,0.0,0.0,0.0,0.0,1.0,5.0,3.0,0.0,5.0,1.0,7.0,31.0,0.0,0.0,0.0,0.0,0.0,0.0,0.0,0.0,0.0,0.0,0.0,0.0,0.0,0.0,0.0,0.0,0.0,0.0,0.0,0.0,3.0,0.0,0.0,0.0,0.0,0.0,0.0,0.0,1.0,5.0,2.0,2065889406.0,-1.0,揭阳市普宁市,揭阳市普宁市高埔镇,12.0,22.5,0.0,1.5,36.0,53.16923076923077,50.04588235294117,56.92664596273291
广东省,揭阳市,普宁市,云落镇,116.079107,23.2497529,4.0,0.0,1.0,25.0,55.0,1.0,0.0,0.0,0.0,2.0,0.0,1.0,0.0,0.0,5.0,5.0,0.0,0.0,0.0,1.0,1.0,0.0,0.0,0.0,0.0,7.0,103.0,0.0,0.0,0.0,0.0,9.0,0.0,3.0,7.0,5.0,2.0,0.0,1.0,15.0,31.0,1.0,0.0,0.0,0.0,0.0,0.0,1.0,0.0,0.0,1.0,1.0,0.0,0.0,0.0,0.0,1.0,0.0,0.0,0.0,0.0,2.0,1.0,0.0,0.0,0.0,0.0,1.0,0.0,2.0,6.0,4.0,2503621540.0,-1.0,揭阳市普宁市,揭阳市普宁市云落镇,12.0,25.5,10.0,12.9,60.4,53.16923076923077,50.04588235294117,56.92664596273291
广东省,揭阳市,普宁市,大坪镇,115.8423741,23.1820984,0.0,11.0,0.0,19.0,40.0,2.0,0.0,0.0,0.0,0.0,0.0,1.0,0.0,0.0,3.0,3.0,0.0,0.0,0.0,0.0,1.0,0.0,0.0,0.0,0.0,11.0,7.0,0.0,1.0,0.0,0.0,2.0,0.0,2.0,7.0,6.0,0.0,10.0,0.0,6.0,25.0,2.0,0.0,0.0,0.0,0.0,0.0,1.0,0.0,0.0,3.0,3.0,0.0,0.0,0.0,0.0,0.0,0.0,0.0,0.0,0.0,5.0,2.0,0.0,0.0,0.0,0.0,1.0,0.0,1.0,5.0,3.0,2503621517.0,-1.0,揭阳市普宁市,揭阳市普宁市大坪镇,12.0,23.5,10.0,3.9,49.4,53.16923076923077,50.04588235294117,56.92664596273291
广东省,揭阳市,普宁市,船埔镇,115.8867281,23.2253093,0.0,1.0,0.0,10.0,27.0,0.0,0.0,0.0,0.0,0.0,0.0,0.0,0.0,0.0,0.0,0.0,0.0,0.0,0.0,0.0,0.0,0.0,0.0,0.0,0.0,8.0,0.0,0.0,0.0,0.0,0.0,0.0,0.0,1.0,3.0,2.0,0.0,1.0,0.0,8.0,20.0,0.0,0.0,0.0,0.0,0.0,0.0,0.0,0.0,0.0,0.0,0.0,0.0,0.0,0.0,0.0,0.0,0.0,0.0,0.0,0.0,2.0,0.0,0.0,0.0,0.0,0.0,0.0,0.0,1.0,3.0,2.0,2503621515.0,-1.0,揭阳市普宁市,揭阳市普宁市船埔镇,12.0,21.5,0.0,1.0,34.5,53.16923076923077,50.04588235294117,56.92664596273291
广东省,揭阳市,普宁市,梅林镇,115.9869447,23.244395,0.0,4.0,2.0,7.0,31.0,0.0,0.0,0.0,0.0,0.0,0.0,0.0,0.0,0.0,0.0,0.0,0.0,0.0,0.0,0.0,0.0,0.0,0.0,0.0,0.0,13.0,1.0,0.0,0.0,0.0,0.0,0.0,0.0,1.0,5.0,3.0,0.0,4.0,2.0,6.0,19.0,0.0,0.0,0.0,0.0,0.0,0.0,0.0,0.0,0.0,0.0,0.0,0.0,0.0,0.0,0.0,0.0,0.0,0.0,0.0,0.0,6.0,1.0,0.0,0.0,0.0,0.0,0.0,0.0,1.0,4.0,2.0,369490292.0,-1.0,揭阳市普宁市,揭阳市普宁市梅林镇,12.0,22.5,0.0,1.7,36.2,53.16923076923077,50.04588235294117,56.92664596273291
广东省,揭阳市,普宁市,里湖镇,116.0390087,23.3592595,4.0,1.0,7.0,7.0,107.0,12.0,0.0,0.0,0.0,0.0,0.0,0.0,0.0,0.0,0.0,0.0,0.0,0.0,0.0,0.0,0.0,0.0,0.0,0.0,2.0,28.0,35.0,0.0,0.0,1.0,0.0,0.0,0.0,6.0,9.0,4.0,3.0,0.0,3.0,1.0,40.0,0.0,0.0,0.0,0.0,0.0,0.0,0.0,0.0,0.0,0.0,0.0,0.0,0.0,0.0,0.0,0.0,0.0,0.0,0.0,0.0,4.0,0.0,0.0,0.0,0.0,0.0,0.0,0.0,2.0,5.0,1.0,2503621527.0,-1.0,揭阳市普宁市,揭阳市普宁市里湖镇,12.0,24.0,0.0,5.6,41.6,53.16923076923077,50.04588235294117,56.92664596273291
广东省,揭阳市,普宁市,梅塘镇,116.0837905,23.3545934,2.0,7.0,0.0,1.0,54.0,1.0,0.0,0.0,0.0,0.0,0.0,0.0,0.0,0.0,0.0,0.0,0.0,0.0,0.0,0.0,1.0,0.0,1.0,0.0,0.0,19.0,0.0,0.0,0.0,1.0,0.0,0.0,0.0,6.0,8.0,6.0,1.0,3.0,0.0,0.0,16.0,0.0,0.0,0.0,0.0,0.0,0.0,0.0,0.0,0.0,0.0,0.0,0.0,0.0,0.0,0.0,0.0,0.0,1.0,0.0,0.0,3.0,0.0,0.0,0.0,1.0,0.0,0.0,0.0,1.0,4.0,2.0,8392818200.0,-1.0,揭阳市普宁市,揭阳市普宁市梅塘镇,12.0,24.0,0.0,3.2,39.2,53.16923076923077,50.04588235294117,56.92664596273291
广东省,揭阳市,普宁市,普侨镇,115.9795156,23.3358156,7.0,0.0,1.0,6.0,7.0,0.0,0.0,0.0,0.0,0.0,0.0,0.0,0.0,0.0,1.0,1.0,0.0,0.0,0.0,0.0,1.0,0.0,0.0,0.0,0.0,12.0,2.0,0.0,0.0,0.0,0.0,0.0,0.0,1.0,6.0,4.0,4.0,0.0,1.0,6.0,6.0,0.0,0.0,0.0,0.0,0.0,0.0,0.0,0.0,0.0,1.0,1.0,0.0,0.0,0.0,0.0,1.0,0.0,0.0,0.0,0.0,3.0,0.0,0.0,0.0,0.0,0.0,0.0,0.0,1.0,5.0,4.0,10600986260.0,-1.0,揭阳市普宁市,揭阳市普宁市普侨镇,12.0,16.2,5.0,2.2,35.400000000000006,53.16923076923077,50.04588235294117,56.92664596273291
广东省,揭阳市,普宁市,后溪乡,115.824058,23.166203,0.0,11.0,0.0,10.0,22.0,2.0,0.0,0.0,0.0,0.0,0.0,1.0,0.0,0.0,3.0,3.0,0.0,0.0,0.0,0.0,0.0,0.0,0.0,0.0,0.0,10.0,3.0,0.0,0.0,0.0,0.0,1.0,0.0,2.0,6.0,5.0,0.0,1.0,0.0,5.0,0.0,0.0,0.0,0.0,0.0,0.0,0.0,0.0,0.0,0.0,0.0,0.0,0.0,0.0,0.0,0.0,0.0,0.0,0.0,0.0,0.0,2.0,0.0,0.0,0.0,0.0,0.0,0.0,0.0,1.0,2.0,3.0,-1.0,-1.0,揭阳市普宁市,揭阳市普宁市后溪乡,5.0,17.4,5.0,2.8,30.2,53.16923076923077,50.04588235294117,56.92664596273291
广东省,云浮市,云城区,云城街道,112.0294704,22.9234735,8.0,21.0,47.0,50.0,166.0,71.0,0.0,23.0,1.0,19.0,2.0,25.0,3.0,4.0,11.0,17.0,2.0,1.0,2.0,13.0,21.0,2.0,0.0,0.0,0.0,39.0,189.0,0.0,0.0,1.0,0.0,44.0,9.0,5.0,14.0,13.0,0.0,2.0,22.0,22.0,60.0,25.0,0.0,3.0,1.0,4.0,0.0,6.0,1.0,1.0,2.0,2.0,1.0,0.0,1.0,6.0,6.0,1.0,0.0,0.0,0.0,6.0,121.0,0.0,0.0,0.0,0.0,11.0,2.0,2.0,10.0,7.0,8357026445.0,-1.0,云浮市云城区,云浮市云城区云城街道,12.0,30.0,28.0,20.0,90.0,53.9875,46.490476190476194,56.92664596273291
广东省,云浮市,云城区,高峰街道,112.0372165,22.953482,6.0,8.0,39.0,34.0,126.0,27.0,0.0,2.0,0.0,1.0,1.0,14.0,2.0,3.0,10.0,13.0,1.0,1.0,1.0,8.0,26.0,0.0,6.0,1.0,0.0,28.0,41.0,0.0,0.0,3.0,1.0,21.0,4.0,7.0,16.0,12.0,6.0,4.0,4.0,8.0,13.0,9.0,0.0,0.0,0.0,0.0,1.0,2.0,0.0,0.0,2.0,3.0,0.0,0.0,1.0,5.0,7.0,0.0,0.0,0.0,0.0,9.0,12.0,0.0,0.0,0.0,1.0,4.0,0.0,3.0,11.0,5.0,8357026444.0,-1.0,云浮市云城区,云浮市云城区高峰街道,12.0,28.0,17.0,9.600000000000001,66.6,53.9875,46.490476190476194,56.92664596273291
广东省,云浮市,云城区,河口街道,112.1122716,22.9582217,12.0,14.0,13.0,12.0,44.0,7.0,0.0,4.0,1.0,0.0,0.0,0.0,0.0,0.0,0.0,0.0,0.0,0.0,0.0,2.0,7.0,1.0,5.0,0.0,0.0,19.0,6.0,0.0,0.0,3.0,1.0,0.0,0.0,6.0,17.0,8.0,2.0,0.0,8.0,1.0,18.0,2.0,0.0,0.0,0.0,0.0,0.0,0.0,0.0,0.0,0.0,0.0,0.0,0.0,0.0,0.0,1.0,1.0,3.0,0.0,0.0,5.0,0.0,0.0,0.0,2.0,0.0,0.0,0.0,6.0,8.0,6.0,8357026443.0,-1.0,云浮市云城区,云浮市云城区河口街道,12.0,26.0,0.0,5.1,43.1,53.9875,46.490476190476194,56.92664596273291
广东省,云浮市,云城区,安塘街道,112.1895939,22.9335424,6.0,0.0,5.0,16.0,31.0,20.0,0.0,0.0,0.0,0.0,0.0,0.0,0.0,0.0,1.0,1.0,0.0,0.0,0.0,0.0,1.0,0.0,2.0,0.0,0.0,16.0,2.0,0.0,0.0,0.0,0.0,0.0,0.0,5.0,12.0,5.0,2.0,0.0,5.0,3.0,9.0,4.0,0.0,0.0,0.0,0.0,0.0,0.0,0.0,0.0,1.0,1.0,0.0,0.0,0.0,0.0,1.0,0.0,1.0,0.0,0.0,4.0,1.0,0.0,0.0,0.0,0.0,0.0,0.0,5.0,10.0,4.0,5863312147.0,-1.0,云浮市云城区,云浮市云城区安塘街道,12.0,22.9,5.0,2.8,42.699999999999996,53.9875,46.490476190476194,56.92664596273291
广东省,云浮市,云城区,腰古镇,112.2830886,22.8866884,19.0,9.0,0.0,32.0,37.0,8.0,0.0,13.0,1.0,0.0,2.0,0.0,1.0,1.0,2.0,2.0,1.0,0.0,0.0,4.0,6.0,0.0,2.0,0.0,0.0,15.0,6.0,0.0,0.0,0.0,0.0,1.0,0.0,13.0,14.0,8.0,14.0,7.0,0.0,18.0,27.0,3.0,0.0,10.0,1.0,0.0,1.0,0.0,1.0,1.0,2.0,2.0,1.0,0.0,0.0,0.0,2.0,0.0,1.0,0.0,0.0,6.0,0.0,0.0,0.0,0.0,0.0,1.0,0.0,6.0,13.0,6.0,5863272184.0,18014986.0,云浮市云城区,云浮市云城区腰古镇,20.0,28.0,15.0,4.6,67.6,53.9875,46.490476190476194,56.92664596273291
广东省,云浮市,云城区,思劳镇,112.2251647,22.9223711,6.0,0.0,15.0,21.0,12.0,13.0,0.0,1.0,0.0,0.0,1.0,0.0,0.0,0.0,1.0,1.0,0.0,0.0,0.0,1.0,0.0,0.0,6.0,0.0,0.0,10.0,4.0,0.0,0.0,0.0,0.0,0.0,1.0,11.0,14.0,5.0,2.0,0.0,7.0,3.0,0.0,5.0,0.0,0.0,0.0,0.0,1.0,0.0,0.0,0.0,1.0,1.0,0.0,0.0,0.0,0.0,0.0,0.0,3.0,0.0,0.0,2.0,3.0,0.0,0.0,0.0,0.0,0.0,0.0,5.0,9.0,3.0,8357026442.0,-1.0,云浮市云城区,云浮市云城区思劳镇,12.0,18.4,5.0,3.2,38.6,53.9875,46.490476190476194,56.92664596273291
广东省,云浮市,云城区,前锋镇,112.1131613,22.8131899,0.0,3.0,0.0,0.0,4.0,0.0,0.0,0.0,0.0,0.0,0.0,0.0,0.0,0.0,0.0,0.0,0.0,0.0,0.0,0.0,1.0,0.0,1.0,0.0,0.0,8.0,0.0,0.0,0.0,0.0,0.0,0.0,0.0,5.0,2.0,6.0,0.0,3.0,0.0,0.0,3.0,0.0,0.0,0.0,0.0,0.0,0.0,0.0,0.0,0.0,0.0,0.0,0.0,0.0,0.0,0.0,1.0,0.0,0.0,0.0,0.0,3.0,0.0,0.0,0.0,0.0,0.0,0.0,0.0,2.0,2.0,4.0,4455386762.0,12226942.0,云浮市云城区,云浮市云城区前锋镇,20.0,7.7,0.0,3.0,30.7,53.9875,46.490476190476194,56.92664596273291
广东省,云浮市,云城区,南盛镇,112.0643892,22.8350853,0.0,2.0,16.0,6.0,17.0,0.0,0.0,0.0,0.0,0.0,0.0,0.0,1.0,1.0,2.0,3.0,0.0,0.0,0.0,0.0,1.0,0.0,0.0,0.0,0.0,14.0,0.0,0.0,0.0,0.0,0.0,0.0,0.0,3.0,6.0,4.0,0.0,0.0,10.0,5.0,14.0,0.0,0.0,0.0,0.0,0.0,0.0,0.0,1.0,1.0,2.0,3.0,0.0,0.0,0.0,0.0,0.0,0.0,0.0,0.0,0.0,7.0,0.0,0.0,0.0,0.0,0.0,0.0,0.0,2.0,4.0,3.0,4455319538.0,12226941.0,云浮市云城区,云浮市云城区南盛镇,20.0,20.6,10.0,2.0,52.6,53.9875,46.490476190476194,56.92664596273291
广东省,云浮市,云安区,六都镇,112.0025711,23.0782683,2.0,5.0,1.0,13.0,54.0,9.0,0.0,2.0,1.0,2.0,2.0,12.0,1.0,1.0,3.0,4.0,2.0,0.0,1.0,2.0,4.0,0.0,8.0,0.0,0.0,5.0,64.0,0.0,0.0,1.0,0.0,7.0,0.0,8.0,13.0,7.0,0.0,5.0,0.0,2.0,25.0,4.0,0.0,2.0,0.0,1.0,0.0,7.0,0.0,0.0,2.0,3.0,2.0,0.0,1.0,2.0,1.0,0.0,3.0,0.0,0.0,3.0,22.0,0.0,0.0,1.0,0.0,6.0,0.0,7.0,6.0,6.0,6657108717.0,12226940.0,云浮市云安区,云浮市云安区六都镇,20.0,30.0,19.0,12.3,81.3,46.15714285714286,46.490476190476194,56.92664596273291
广东省,云浮市,云安区,高村镇,111.8914579,22.9393359,0.0,0.0,4.0,7.0,9.0,0.0,0.0,1.0,0.0,0.0,0.0,0.0,0.0,0.0,0.0,0.0,0.0,0.0,0.0,0.0,0.0,0.0,0.0,0.0,0.0,6.0,0.0,0.0,0.0,0.0,0.0,0.0,0.0,1.0,6.0,4.0,0.0,0.0,4.0,1.0,3.0,0.0,0.0,0.0,0.0,0.0,0.0,0.0,0.0,0.0,0.0,0.0,0.0,0.0,0.0,0.0,0.0,0.0,0.0,0.0,0.0,1.0,0.0,0.0,0.0,0.0,0.0,0.0,0.0,1.0,3.0,2.0,2065889781.0,-1.0,云浮市云安区,云浮市云安区高村镇,12.0,15.7,0.0,2.0,29.7,46.15714285714286,46.490476190476194,56.92664596273291
广东省,云浮市,云安区,白石镇,111.787132,22.816023,0.0,3.0,0.0,8.0,7.0,0.0,0.0,0.0,0.0,0.0,0.0,0.0,1.0,1.0,1.0,1.0,0.0,0.0,0.0,0.0,4.0,0.0,0.0,0.0,0.0,7.0,2.0,0.0,0.0,0.0,0.0,0.0,0.0,6.0,4.0,3.0,0.0,3.0,0.0,5.0,2.0,0.0,0.0,0.0,0.0,0.0,0.0,0.0,1.0,1.0,1.0,1.0,0.0,0.0,0.0,0.0,3.0,0.0,0.0,0.0,0.0,2.0,2.0,0.0,0.0,0.0,0.0,0.0,0.0,3.0,3.0,3.0,8347671305.0,-1.0,云浮市云安区,云浮市云安区白石镇,12.0,14.0,10.0,1.9,37.9,46.15714285714286,46.490476190476194,56.92664596273291
广东省,云浮市,云安区,镇安镇,111.847961,22.774689,10.0,2.0,1.0,8.0,6.0,1.0,0.0,0.0,0.0,0.0,0.0,0.0,0.0,0.0,0.0,0.0,0.0,0.0,0.0,0.0,4.0,0.0,1.0,0.0,0.0,4.0,0.0,0.0,0.0,0.0,0.0,0.0,0.0,6.0,10.0,8.0,8.0,1.0,0.0,4.0,4.0,0.0,0.0,0.0,0.0,0.0,0.0,0.0,0.0,0.0,0.0,0.0,0.0,0.0,0.0,0.0,3.0,0.0,1.0,0.0,0.0,2.0,0.0,0.0,0.0,0.0,0.0,0.0,0.0,5.0,5.0,5.0,8347671306.0,-1.0,云浮市云安区,云浮市云安区镇安镇,11.0,16.4,0.0,4.0,31.4,46.15714285714286,46.490476190476194,56.92664596273291
广东省,云浮市,云安区,富林镇,111.9017168,22.657816,0.0,11.0,0.0,0.0,26.0,0.0,0.0,1.0,0.0,0.0,0.0,0.0,0.0,0.0,0.0,0.0,0.0,0.0,0.0,0.0,1.0,0.0,0.0,0.0,0.0,11.0,0.0,0.0,0.0,0.0,0.0,0.0,0.0,2.0,4.0,5.0,0.0,1.0,0.0,0.0,15.0,0.0,0.0,0.0,0.0,0.0,0.0,0.0,0.0,0.0,0.0,0.0,0.0,0.0,0.0,0.0,1.0,0.0,0.0,0.0,0.0,2.0,0.0,0.0,0.0,0.0,0.0,0.0,0.0,2.0,3.0,3.0,5843282233.0,-1.0,云浮市云安区,云浮市云安区富林镇,12.0,16.7,0.0,2.5,31.2,46.15714285714286,46.490476190476194,56.92664596273291
广东省,云浮市,云安区,石城镇,111.941744,22.74536,14.0,3.0,0.0,2.0,7.0,0.0,0.0,0.0,0.0,0.0,1.0,0.0,0.0,0.0,0.0,0.0,0.0,0.0,0.0,0.0,0.0,0.0,0.0,0.0,0.0,6.0,1.0,0.0,0.0,0.0,0.0,0.0,0.0,3.0,7.0,4.0,14.0,0.0,0.0,1.0,7.0,0.0,0.0,0.0,0.0,0.0,1.0,0.0,0.0,0.0,0.0,0.0,0.0,0.0,0.0,0.0,0.0,0.0,0.0,0.0,0.0,3.0,0.0,0.0,0.0,0.0,0.0,0.0,0.0,3.0,6.0,3.0,8356515677.0,-1.0,云浮市云安区,云浮市云安区石城镇,12.0,16.0,0.0,2.1,30.1,46.15714285714286,46.490476190476194,56.92664596273291
广东省,云浮市,云安区,都杨镇,112.168991,23.0433664,0.0,0.0,4.0,62.0,61.0,5.0,0.0,11.0,0.0,1.0,0.0,3.0,1.0,1.0,3.0,5.0,0.0,0.0,0.0,1.0,7.0,0.0,12.0,0.0,0.0,11.0,117.0,0.0,0.0,0.0,3.0,11.0,1.0,2.0,11.0,7.0,0.0,0.0,0.0,30.0,4.0,5.0,0.0,0.0,0.0,1.0,0.0,3.0,1.0,1.0,1.0,1.0,0.0,0.0,0.0,1.0,4.0,0.0,12.0,0.0,0.0,2.0,109.0,0.0,0.0,0.0,0.0,9.0,1.0,1.0,5.0,6.0,5586232019.0,12227622.0,云浮市云安区,云浮市云安区都杨镇,20.0,26.0,16.0,19.5,81.5,46.15714285714286,46.490476190476194,56.92664596273291
广东省,云浮市,新兴县,新城镇,112.2219288,22.7038655,28.0,76.0,141.0,97.0,170.0,848.0,2.0,577.0,88.0,256.0,10.0,59.0,12.0,28.0,26.0,55.0,5.0,3.0,21.0,238.0,150.0,14.0,30.0,24.0,29.0,102.0,12497.0,10.0,1417.0,51.0,4.0,273.0,48.0,5.0,28.0,32.0,13.0,8.0,18.0,22.0,39.0,177.0,0.0,94.0,35.0,69.0,0.0,35.0,5.0,19.0,9.0,19.0,2.0,2.0,13.0,142.0,56.0,2.0,9.0,11.0,4.0,42.0,5423.0,0.0,169.0,1.0,1.0,62.0,19.0,3.0,20.0,23.0,5148980736.0,8238044.0,云浮市新兴县,云浮市新兴县新城镇,20.0,30.0,30.0,20.0,100.0,66.89999999999999,46.490476190476194,56.92664596273291
广东省,云浮市,新兴县,车岗镇,112.2324732,22.7868413,0.0,29.0,11.0,10.0,20.0,1.0,0.0,21.0,0.0,0.0,4.0,2.0,0.0,0.0,1.0,1.0,1.0,0.0,2.0,4.0,2.0,0.0,1.0,0.0,0.0,10.0,2.0,0.0,0.0,4.0,0.0,0.0,0.0,5.0,13.0,7.0,0.0,12.0,7.0,6.0,5.0,1.0,0.0,11.0,0.0,0.0,2.0,2.0,0.0,0.0,1.0,1.0,1.0,0.0,2.0,4.0,2.0,0.0,1.0,0.0,0.0,1.0,2.0,0.0,0.0,1.0,0.0,0.0,0.0,3.0,12.0,7.0,5158615784.0,8238055.0,云浮市新兴县,云浮市新兴县车岗镇,20.0,21.5,21.0,4.4,66.9,66.89999999999999,46.490476190476194,56.92664596273291
广东省,云浮市,新兴县,水台镇,112.4676546,22.6140499,0.0,3.0,3.0,0.0,45.0,11.0,0.0,0.0,12.0,1.0,1.0,2.0,0.0,1.0,2.0,2.0,1.0,0.0,1.0,2.0,1.0,1.0,0.0,0.0,0.0,5.0,236.0,0.0,0.0,8.0,0.0,6.0,2.0,7.0,8.0,9.0,0.0,1.0,3.0,0.0,14.0,2.0,0.0,0.0,6.0,0.0,0.0,2.0,0.0,1.0,2.0,2.0,1.0,0.0,1.0,1.0,1.0,0.0,0.0,0.0,0.0,3.0,24.0,0.0,0.0,1.0,0.0,1.0,1.0,1.0,7.0,6.0,2364531089.0,8238046.0,云浮市新兴县,云浮市新兴县水台镇,20.0,28.2,18.0,20.0,86.2,66.89999999999999,46.490476190476194,56.92664596273291
广东省,云浮市,新兴县,稔村镇,112.3672,22.65935,10.0,10.0,0.0,13.0,9.0,1.0,0.0,0.0,40.0,0.0,0.0,2.0,2.0,2.0,2.0,3.0,1.0,0.0,0.0,5.0,3.0,0.0,3.0,1.0,0.0,10.0,9.0,0.0,0.0,0.0,0.0,0.0,0.0,4.0,12.0,8.0,0.0,6.0,0.0,10.0,6.0,0.0,0.0,0.0,12.0,0.0,0.0,1.0,1.0,1.0,2.0,3.0,1.0,0.0,0.0,5.0,3.0,0.0,0.0,0.0,0.0,2.0,0.0,0.0,0.0,0.0,0.0,0.0,0.0,1.0,7.0,3.0,2065866052.0,8238047.0,云浮市新兴县,云浮市新兴县稔村镇,20.0,19.6,25.0,4.9,69.5,66.89999999999999,46.490476190476194,56.92664596273291
广东省,云浮市,新兴县,东成镇,112.3231007,22.6903977,18.0,1.0,4.0,9.0,25.0,29.0,0.0,0.0,22.0,7.0,1.0,1.0,0.0,0.0,1.0,1.0,0.0,0.0,0.0,1.0,2.0,2.0,0.0,0.0,3.0,14.0,34.0,0.0,26.0,0.0,3.0,3.0,0.0,5.0,15.0,11.0,4.0,0.0,3.0,0.0,10.0,0.0,0.0,0.0,10.0,0.0,0.0,1.0,0.0,0.0,0.0,0.0,0.0,0.0,0.0,0.0,0.0,1.0,0.0,0.0,0.0,5.0,2.0,0.0,0.0,0.0,1.0,0.0,0.0,2.0,5.0,3.0,5179192778.0,8238045.0,云浮市新兴县,云浮市新兴县东成镇,20.0,28.0,5.0,7.6,60.6,66.89999999999999,46.490476190476194,56.92664596273291
广东省,云浮市,新兴县,太平镇,112.2546456,22.6429879,0.0,12.0,0.0,3.0,33.0,13.0,0.0,23.0,3.0,7.0,0.0,1.0,0.0,0.0,4.0,4.0,1.0,0.0,1.0,0.0,10.0,0.0,2.0,0.0,2.0,23.0,105.0,0.0,68.0,2.0,1.0,15.0,9.0,2.0,16.0,17.0,0.0,6.0,0.0,2.0,8.0,10.0,0.0,16.0,1.0,4.0,0.0,1.0,0.0,0.0,1.0,1.0,0.0,0.0,1.0,0.0,2.0,0.0,0.0,0.0,0.0,3.0,25.0,0.0,0.0,1.0,1.0,11.0,5.0,1.0,10.0,13.0,5151535110.0,8238048.0,云浮市新兴县,云浮市新兴县太平镇,20.0,25.0,12.0,17.3,74.3,66.89999999999999,46.490476190476194,56.92664596273291
广东省,云浮市,新兴县,里洞镇,112.1880698,22.474646,0.0,12.0,0.0,0.0,49.0,0.0,0.0,1.0,0.0,0.0,0.0,2.0,0.0,0.0,2.0,2.0,0.0,1.0,0.0,1.0,3.0,0.0,0.0,0.0,0.0,24.0,3.0,0.0,0.0,0.0,0.0,1.0,0.0,4.0,5.0,9.0,0.0,6.0,0.0,0.0,29.0,0.0,0.0,0.0,0.0,0.0,0.0,2.0,0.0,0.0,2.0,2.0,0.0,1.0,0.0,1.0,3.0,0.0,0.0,0.0,0.0,11.0,3.0,0.0,0.0,0.0,0.0,1.0,0.0,2.0,4.0,5.0,5158313986.0,8238050.0,云浮市新兴县,云浮市新兴县里洞镇,20.0,22.5,13.0,4.6,60.1,66.89999999999999,46.490476190476194,56.92664596273291
广东省,云浮市,新兴县,大江镇,112.1184695,22.4815924,0.0,7.0,0.0,3.0,4.0,0.0,0.0,0.0,0.0,0.0,0.0,0.0,0.0,0.0,0.0,0.0,0.0,0.0,0.0,0.0,2.0,0.0,0.0,0.0,0.0,8.0,0.0,0.0,0.0,0.0,0.0,0.0,0.0,4.0,3.0,5.0,0.0,3.0,0.0,1.0,1.0,0.0,0.0,0.0,0.0,0.0,0.0,0.0,0.0,0.0,0.0,0.0,0.0,0.0,0.0,0.0,1.0,0.0,0.0,0.0,0.0,4.0,0.0,0.0,0.0,0.0,0.0,0.0,0.0,3.0,3.0,4.0,5179283066.0,8238051.0,云浮市新兴县,云浮市新兴县大江镇,20.0,10.6,0.0,2.5,33.1,66.89999999999999,46.490476190476194,56.92664596273291
广东省,云浮市,新兴县,天堂镇,112.00748,22.5626819,7.0,8.0,2.0,6.0,18.0,6.0,0.0,5.0,22.0,0.0,0.0,0.0,0.0,0.0,3.0,3.0,0.0,0.0,0.0,1.0,2.0,0.0,0.0,0.0,0.0,15.0,1.0,0.0,0.0,0.0,0.0,1.0,0.0,9.0,14.0,9.0,2.0,5.0,2.0,6.0,13.0,0.0,0.0,0.0,7.0,0.0,0.0,0.0,0.0,0.0,3.0,3.0,0.0,0.0,0.0,0.0,1.0,0.0,0.0,0.0,0.0,3.0,0.0,0.0,0.0,0.0,0.0,1.0,0.0,2.0,8.0,4.0,5197221028.0,8238052.0,云浮市新兴县,云浮市新兴县天堂镇,20.0,23.5,5.0,4.1,52.6,66.89999999999999,46.490476190476194,56.92664596273291
广东省,云浮市,新兴县,河头镇,112.0531017,22.5837705,20.0,4.0,1.0,4.0,7.0,8.0,0.0,0.0,10.0,1.0,0.0,0.0,0.0,0.0,2.0,2.0,0.0,0.0,0.0,0.0,1.0,0.0,0.0,1.0,0.0,8.0,0.0,0.0,0.0,0.0,0.0,0.0,0.0,6.0,12.0,6.0,8.0,0.0,0.0,2.0,7.0,6.0,0.0,0.0,4.0,0.0,0.0,0.0,0.0,0.0,2.0,2.0,0.0,0.0,0.0,0.0,1.0,0.0,0.0,0.0,0.0,2.0,0.0,0.0,0.0,0.0,0.0,0.0,0.0,5.0,8.0,5.0,5179540211.0,8238053.0,云浮市新兴县,云浮市新兴县河头镇,20.0,20.5,5.0,3.0,48.5,66.89999999999999,46.490476190476194,56.92664596273291
广东省,云浮市,新兴县,簕竹镇,112.1141968,22.6984766,10.0,3.0,0.0,1.0,5.0,1.0,0.0,0.0,13.0,0.0,1.0,4.0,0.0,0.0,2.0,3.0,1.0,0.0,1.0,3.0,2.0,0.0,0.0,0.0,0.0,14.0,9.0,0.0,0.0,0.0,0.0,4.0,1.0,6.0,11.0,9.0,8.0,3.0,0.0,1.0,0.0,1.0,0.0,0.0,8.0,0.0,1.0,4.0,0.0,0.0,2.0,3.0,1.0,0.0,1.0,3.0,1.0,0.0,0.0,0.0,0.0,4.0,8.0,0.0,0.0,0.0,0.0,3.0,1.0,4.0,7.0,8.0,5152861640.0,8238054.0,云浮市新兴县,云浮市新兴县簕竹镇,20.0,15.0,20.0,5.7,60.7,66.89999999999999,46.490476190476194,56.92664596273291
广东省,云浮市,新兴县,六祖镇,112.2136962,22.596989,0.0,11.0,6.0,16.0,33.0,80.0,4.0,173.0,2.0,20.0,1.0,4.0,1.0,1.0,4.0,5.0,1.0,0.0,0.0,32.0,20.0,1.0,2.0,2.0,1.0,26.0,320.0,0.0,24.0,1.0,1.0,34.0,35.0,3.0,19.0,31.0,0.0,6.0,6.0,8.0,9.0,28.0,4.0,15.0,2.0,12.0,1.0,4.0,1.0,1.0,3.0,4.0,0.0,0.0,0.0,16.0,4.0,1.0,0.0,1.0,0.0,6.0,104.0,0.0,0.0,0.0,1.0,11.0,14.0,3.0,16.0,18.0,5148880541.0,8238049.0,云浮市新兴县,云浮市新兴县六祖镇,20.0,29.3,21.0,20.0,90.3,66.89999999999999,46.490476190476194,56.92664596273291
广东省,云浮市,郁南县,都城镇,111.5346699,23.2450355,0.0,35.0,10.0,30.0,97.0,3.0,0.0,0.0,0.0,0.0,1.0,0.0,0.0,0.0,6.0,6.0,0.0,0.0,0.0,3.0,1.0,0.0,0.0,0.0,0.0,9.0,0.0,0.0,0.0,1.0,2.0,8.0,2.0,8.0,7.0,7.0,0.0,18.0,8.0,18.0,60.0,3.0,0.0,0.0,0.0,0.0,0.0,0.0,0.0,0.0,1.0,1.0,0.0,0.0,0.0,2.0,0.0,0.0,0.0,0.0,0.0,5.0,0.0,0.0,0.0,0.0,1.0,3.0,0.0,7.0,7.0,4.0,690426125.0,18086141.0,云浮市郁南县,云浮市郁南县都城镇,20.0,25.5,7.0,3.6,56.1,38.519999999999996,46.490476190476194,56.92664596273291
广东省,云浮市,郁南县,平台镇,111.4119193,23.2524336,0.0,1.0,1.0,4.0,22.0,1.0,0.0,0.0,0.0,0.0,1.0,0.0,0.0,0.0,0.0,0.0,0.0,0.0,0.0,0.0,0.0,0.0,0.0,0.0,0.0,9.0,0.0,0.0,0.0,0.0,0.0,0.0,0.0,3.0,8.0,1.0,0.0,1.0,0.0,2.0,13.0,0.0,0.0,0.0,0.0,0.0,0.0,0.0,0.0,0.0,0.0,0.0,0.0,0.0,0.0,0.0,0.0,0.0,0.0,0.0,0.0,3.0,0.0,0.0,0.0,0.0,0.0,0.0,0.0,1.0,4.0,0.0,1640377167.0,18086143.0,云浮市郁南县,云浮市郁南县平台镇,20.0,23.3,0.0,0.5,43.8,38.519999999999996,46.490476190476194,56.92664596273291
广东省,云浮市,郁南县,桂圩镇,111.469305,23.153081,0.0,0.0,5.0,5.0,59.0,0.0,0.0,0.0,0.0,0.0,0.0,0.0,0.0,0.0,0.0,0.0,0.0,0.0,0.0,0.0,1.0,0.0,0.0,0.0,0.0,11.0,0.0,0.0,0.0,0.0,0.0,0.0,0.0,1.0,4.0,2.0,0.0,0.0,5.0,1.0,18.0,0.0,0.0,0.0,0.0,0.0,0.0,0.0,0.0,0.0,0.0,0.0,0.0,0.0,0.0,0.0,0.0,0.0,0.0,0.0,0.0,2.0,0.0,0.0,0.0,0.0,0.0,0.0,0.0,1.0,4.0,1.0,8349784444.0,-1.0,云浮市郁南县,云浮市郁南县桂圩镇,12.0,22.0,0.0,1.0,35.0,38.519999999999996,46.490476190476194,56.92664596273291
广东省,云浮市,郁南县,通门镇,111.474571,22.997935,0.0,5.0,0.0,8.0,30.0,0.0,0.0,0.0,0.0,0.0,0.0,0.0,0.0,0.0,1.0,1.0,0.0,0.0,0.0,0.0,0.0,0.0,0.0,0.0,0.0,2.0,0.0,0.0,0.0,0.0,0.0,0.0,0.0,1.0,4.0,1.0,0.0,3.0,0.0,5.0,14.0,0.0,0.0,0.0,0.0,0.0,0.0,0.0,0.0,0.0,1.0,1.0,0.0,0.0,0.0,0.0,0.0,0.0,0.0,0.0,0.0,1.0,0.0,0.0,0.0,0.0,0.0,0.0,0.0,1.0,3.0,1.0,8349766040.0,-1.0,云浮市郁南县,云浮市郁南县通门镇,9.0,22.0,5.0,0.5,36.5,38.519999999999996,46.490476190476194,56.92664596273291
广东省,云浮市,郁南县,建城镇,111.538793,23.136647,0.0,4.0,0.0,8.0,50.0,10.0,0.0,0.0,0.0,3.0,2.0,0.0,0.0,0.0,1.0,1.0,0.0,0.0,0.0,0.0,0.0,0.0,0.0,0.0,0.0,5.0,3.0,0.0,0.0,0.0,0.0,1.0,0.0,3.0,9.0,3.0,0.0,4.0,0.0,4.0,11.0,0.0,0.0,0.0,0.0,0.0,0.0,0.0,0.0,0.0,1.0,1.0,0.0,0.0,0.0,0.0,0.0,0.0,0.0,0.0,0.0,2.0,1.0,0.0,0.0,0.0,0.0,1.0,0.0,1.0,3.0,2.0,8349784442.0,-1.0,云浮市郁南县,云浮市郁南县建城镇,12.0,28.0,5.0,1.9,46.9,38.519999999999996,46.490476190476194,56.92664596273291
广东省,云浮市,郁南县,宝珠镇,111.604142,23.119085,0.0,3.0,0.0,2.0,24.0,0.0,0.0,0.0,0.0,0.0,0.0,0.0,0.0,0.0,0.0,0.0,0.0,0.0,0.0,0.0,0.0,0.0,0.0,0.0,0.0,4.0,0.0,0.0,0.0,0.0,0.0,0.0,0.0,3.0,6.0,2.0,0.0,1.0,0.0,1.0,13.0,0.0,0.0,0.0,0.0,0.0,0.0,0.0,0.0,0.0,0.0,0.0,0.0,0.0,0.0,0.0,0.0,0.0,0.0,0.0,0.0,1.0,0.0,0.0,0.0,0.0,0.0,0.0,0.0,2.0,5.0,0.0,8349784441.0,-1.0,云浮市郁南县,云浮市郁南县宝珠镇,11.0,18.700000000000003,0.0,1.0,30.700000000000003,38.519999999999996,46.490476190476194,56.92664596273291
广东省,云浮市,郁南县,大方镇,111.585476,22.978358,0.0,12.0,0.0,1.0,53.0,0.0,0.0,0.0,0.0,0.0,0.0,0.0,0.0,0.0,0.0,0.0,0.0,0.0,0.0,0.0,0.0,0.0,0.0,0.0,0.0,3.0,0.0,0.0,0.0,0.0,0.0,0.0,0.0,2.0,6.0,1.0,0.0,10.0,0.0,1.0,14.0,0.0,0.0,0.0,0.0,0.0,0.0,0.0,0.0,0.0,0.0,0.0,0.0,0.0,0.0,0.0,0.0,0.0,0.0,0.0,0.0,1.0,0.0,0.0,0.0,0.0,0.0,0.0,0.0,2.0,5.0,1.0,8349766041.0,-1.0,云浮市郁南县,云浮市郁南县大方镇,10.0,23.0,0.0,0.5,33.5,38.519999999999996,46.490476190476194,56.92664596273291
广东省,云浮市,郁南县,千官镇,111.588739,22.879019,0.0,2.0,3.0,23.0,79.0,1.0,0.0,0.0,0.0,0.0,0.0,0.0,0.0,0.0,2.0,3.0,0.0,0.0,0.0,0.0,2.0,0.0,0.0,0.0,0.0,5.0,0.0,0.0,0.0,0.0,0.0,0.0,0.0,2.0,7.0,3.0,0.0,2.0,3.0,22.0,38.0,1.0,0.0,0.0,0.0,0.0,0.0,0.0,0.0,0.0,2.0,3.0,0.0,0.0,0.0,0.0,0.0,0.0,0.0,0.0,0.0,2.0,0.0,0.0,0.0,0.0,0.0,0.0,0.0,2.0,7.0,2.0,8349766044.0,-1.0,云浮市郁南县,云浮市郁南县千官镇,12.0,23.5,5.0,1.5,42.0,38.519999999999996,46.490476190476194,56.92664596273291
广东省,云浮市,郁南县,大湾镇,111.6314488,22.8220129,12.0,2.0,6.0,19.0,78.0,10.0,0.0,0.0,0.0,0.0,0.0,0.0,0.0,0.0,0.0,0.0,0.0,0.0,0.0,0.0,5.0,0.0,18.0,0.0,0.0,9.0,3.0,0.0,0.0,1.0,0.0,0.0,1.0,8.0,8.0,6.0,1.0,0.0,6.0,3.0,23.0,2.0,0.0,0.0,0.0,0.0,0.0,0.0,0.0,0.0,0.0,0.0,0.0,0.0,0.0,0.0,3.0,0.0,2.0,0.0,0.0,2.0,1.0,0.0,0.0,0.0,0.0,0.0,1.0,6.0,6.0,6.0,3626326045.0,-1.0,云浮市郁南县,云浮市郁南县大湾镇,12.0,24.0,0.0,3.5,39.5,38.519999999999996,46.490476190476194,56.92664596273291
广东省,云浮市,郁南县,河口镇,111.7210933,22.8698387,1.0,0.0,3.0,7.0,43.0,0.0,0.0,0.0,2.0,0.0,0.0,0.0,0.0,0.0,0.0,0.0,0.0,0.0,0.0,0.0,0.0,0.0,0.0,0.0,0.0,6.0,0.0,0.0,0.0,0.0,0.0,0.0,0.0,3.0,6.0,2.0,1.0,0.0,3.0,6.0,6.0,0.0,0.0,0.0,0.0,0.0,0.0,0.0,0.0,0.0,0.0,0.0,0.0,0.0,0.0,0.0,0.0,0.0,0.0,0.0,0.0,2.0,0.0,0.0,0.0,0.0,0.0,0.0,0.0,3.0,5.0,2.0,3621872874.0,-1.0,云浮市郁南县,云浮市郁南县河口镇,12.0,25.0,0.0,1.0,38.0,38.519999999999996,46.490476190476194,56.92664596273291
广东省,云浮市,郁南县,宋桂镇,111.769016,22.900795,0.0,5.0,0.0,5.0,23.0,0.0,0.0,0.0,0.0,0.0,0.0,0.0,0.0,0.0,0.0,0.0,0.0,0.0,0.0,0.0,0.0,0.0,0.0,0.0,0.0,7.0,2.0,0.0,0.0,0.0,0.0,0.0,0.0,3.0,7.0,2.0,0.0,3.0,0.0,4.0,9.0,0.0,0.0,0.0,0.0,0.0,0.0,0.0,0.0,0.0,0.0,0.0,0.0,0.0,0.0,0.0,0.0,0.0,0.0,0.0,0.0,2.0,2.0,0.0,0.0,0.0,0.0,0.0,0.0,2.0,4.0,2.0,8349766045.0,-1.0,云浮市郁南县,云浮市郁南县宋桂镇,12.0,20.8,0.0,1.4,34.199999999999996,38.519999999999996,46.490476190476194,56.92664596273291
广东省,云浮市,郁南县,东坝镇,111.7391041,22.9318205,5.0,5.0,5.0,9.0,98.0,1.0,0.0,0.0,0.0,0.0,1.0,0.0,0.0,0.0,2.0,2.0,0.0,0.0,0.0,0.0,0.0,0.0,0.0,0.0,0.0,6.0,1.0,0.0,0.0,0.0,0.0,0.0,0.0,3.0,8.0,2.0,0.0,4.0,3.0,2.0,21.0,1.0,0.0,0.0,0.0,0.0,0.0,0.0,0.0,0.0,0.0,0.0,0.0,0.0,0.0,0.0,0.0,0.0,0.0,0.0,0.0,2.0,1.0,0.0,0.0,0.0,0.0,0.0,0.0,2.0,6.0,2.0,1640557617.0,-1.0,云浮市郁南县,云浮市郁南县东坝镇,12.0,26.0,0.0,1.2,39.2,38.519999999999996,46.490476190476194,56.92664596273291
广东省,云浮市,郁南县,连滩镇,111.725034,22.9317126,5.0,5.0,5.0,10.0,98.0,1.0,0.0,0.0,0.0,0.0,1.0,0.0,0.0,0.0,2.0,2.0,0.0,0.0,0.0,0.0,0.0,0.0,0.0,0.0,0.0,5.0,1.0,0.0,0.0,0.0,0.0,0.0,0.0,3.0,8.0,3.0,1.0,1.0,2.0,6.0,30.0,0.0,0.0,0.0,0.0,0.0,0.0,0.0,0.0,0.0,0.0,0.0,0.0,0.0,0.0,0.0,0.0,0.0,0.0,0.0,0.0,1.0,0.0,0.0,0.0,0.0,0.0,0.0,0.0,2.0,7.0,2.0,1640557628.0,-1.0,云浮市郁南县,云浮市郁南县连滩镇,12.0,26.0,0.0,1.6,39.6,38.519999999999996,46.490476190476194,56.92664596273291
广东省,云浮市,郁南县,历洞镇,111.6596146,22.9762407,0.0,2.0,2.0,2.0,34.0,0.0,0.0,0.0,0.0,0.0,0.0,0.0,0.0,0.0,0.0,0.0,0.0,0.0,0.0,0.0,0.0,0.0,0.0,0.0,0.0,2.0,0.0,0.0,0.0,0.0,0.0,0.0,0.0,1.0,6.0,0.0,0.0,2.0,1.0,1.0,6.0,0.0,0.0,0.0,0.0,0.0,0.0,0.0,0.0,0.0,0.0,0.0,0.0,0.0,0.0,0.0,0.0,0.0,0.0,0.0,0.0,1.0,0.0,0.0,0.0,0.0,0.0,0.0,0.0,1.0,4.0,0.0,8349766042.0,-1.0,云浮市郁南县,云浮市郁南县历洞镇,9.0,18.6,0.0,0.0,27.6,38.519999999999996,46.490476190476194,56.92664596273291
广东省,云浮市,郁南县,南江口镇,111.8190718,23.1275137,17.0,10.0,0.0,2.0,30.0,3.0,0.0,0.0,0.0,0.0,0.0,0.0,0.0,0.0,0.0,0.0,0.0,0.0,0.0,0.0,4.0,0.0,3.0,0.0,0.0,5.0,1.0,0.0,0.0,0.0,0.0,0.0,0.0,11.0,8.0,5.0,6.0,8.0,0.0,1.0,12.0,0.0,0.0,0.0,0.0,0.0,0.0,0.0,0.0,0.0,0.0,0.0,0.0,0.0,0.0,0.0,3.0,0.0,1.0,0.0,0.0,2.0,0.0,0.0,0.0,0.0,0.0,0.0,0.0,10.0,5.0,5.0,3626318303.0,-1.0,云浮市郁南县,云浮市郁南县南江口镇,12.0,20.6,0.0,2.6,35.2,38.519999999999996,46.490476190476194,56.92664596273291
广东省,云浮市,罗定市,罗城街道,111.5628455,22.7705875,20.0,40.0,21.0,77.0,160.0,25.0,0.0,1.0,3.0,6.0,4.0,0.0,0.0,0.0,8.0,10.0,0.0,0.0,0.0,3.0,5.0,0.0,2.0,0.0,1.0,17.0,23.0,0.0,0.0,1.0,3.0,9.0,3.0,12.0,16.0,9.0,0.0,0.0,2.0,20.0,30.0,2.0,0.0,1.0,0.0,3.0,0.0,0.0,0.0,0.0,1.0,3.0,0.0,0.0,0.0,0.0,0.0,0.0,0.0,0.0,0.0,2.0,15.0,0.0,0.0,1.0,1.0,3.0,1.0,7.0,6.0,5.0,2465424313.0,12223646.0,云浮市罗定市,云浮市罗定市罗城街道,20.0,30.0,5.0,8.0,63.0,37.77619047619047,46.490476190476194,56.92664596273291
广东省,云浮市,罗定市,素龙街道,111.5969343,22.7286708,14.0,6.0,1.0,7.0,74.0,2.0,0.0,0.0,1.0,0.0,0.0,0.0,0.0,0.0,2.0,2.0,0.0,0.0,0.0,0.0,0.0,0.0,0.0,0.0,0.0,12.0,4.0,0.0,0.0,1.0,1.0,2.0,0.0,3.0,9.0,3.0,6.0,0.0,1.0,3.0,18.0,0.0,0.0,0.0,1.0,0.0,0.0,0.0,0.0,0.0,0.0,0.0,0.0,0.0,0.0,0.0,0.0,0.0,0.0,0.0,0.0,2.0,1.0,0.0,0.0,0.0,0.0,0.0,0.0,2.0,7.0,0.0,2065868360.0,-1.0,云浮市罗定市,云浮市罗定市素龙街道,12.0,26.0,0.0,2.1,40.1,37.77619047619047,46.490476190476194,56.92664596273291
广东省,云浮市,罗定市,附城街道,111.5637252,22.7850795,14.0,23.0,21.0,61.0,131.0,22.0,0.0,1.0,4.0,6.0,4.0,0.0,0.0,0.0,8.0,10.0,0.0,0.0,0.0,2.0,6.0,0.0,2.0,0.0,1.0,17.0,22.0,0.0,0.0,1.0,3.0,9.0,1.0,12.0,16.0,8.0,5.0,8.0,3.0,8.0,29.0,0.0,0.0,0.0,0.0,0.0,0.0,0.0,0.0,0.0,3.0,3.0,0.0,0.0,0.0,0.0,1.0,0.0,1.0,0.0,0.0,3.0,1.0,0.0,0.0,0.0,1.0,0.0,0.0,4.0,6.0,4.0,2465424315.0,-1.0,云浮市罗定市,云浮市罗定市附城街道,12.0,30.0,5.0,6.4,53.4,37.77619047619047,46.490476190476194,56.92664596273291
广东省,云浮市,罗定市,双东街道,111.6037202,22.7851358,19.0,11.0,22.0,44.0,79.0,9.0,0.0,0.0,1.0,0.0,2.0,0.0,0.0,0.0,5.0,5.0,0.0,0.0,0.0,0.0,5.0,0.0,6.0,0.0,0.0,16.0,7.0,0.0,0.0,1.0,1.0,3.0,0.0,9.0,15.0,6.0,6.0,2.0,6.0,9.0,15.0,1.0,0.0,0.0,0.0,0.0,0.0,0.0,0.0,0.0,0.0,0.0,0.0,0.0,0.0,0.0,0.0,0.0,0.0,0.0,0.0,3.0,2.0,0.0,0.0,0.0,0.0,0.0,0.0,4.0,9.0,2.0,8354041796.0,12223645.0,云浮市罗定市,云浮市罗定市双东街道,20.0,28.0,0.0,4.0,52.0,37.77619047619047,46.490476190476194,56.92664596273291
广东省,云浮市,罗定市,罗镜镇,111.4379124,22.5473063,0.0,1.0,0.0,14.0,133.0,0.0,0.0,0.0,0.0,0.0,1.0,0.0,0.0,0.0,0.0,0.0,0.0,0.0,0.0,0.0,0.0,0.0,0.0,0.0,0.0,13.0,2.0,0.0,0.0,0.0,0.0,1.0,0.0,3.0,7.0,3.0,0.0,1.0,0.0,5.0,24.0,0.0,0.0,0.0,0.0,0.0,1.0,0.0,0.0,0.0,0.0,0.0,0.0,0.0,0.0,0.0,0.0,0.0,0.0,0.0,0.0,3.0,1.0,0.0,0.0,0.0,0.0,1.0,0.0,1.0,4.0,2.0,2491905138.0,-1.0,云浮市罗定市,云浮市罗定市罗镜镇,12.0,25.5,0.0,1.8,39.3,37.77619047619047,46.490476190476194,56.92664596273291
广东省,云浮市,罗定市,太平镇,111.4951098,22.5272474,8.0,1.0,1.0,16.0,167.0,1.0,0.0,0.0,0.0,0.0,0.0,0.0,0.0,0.0,2.0,2.0,0.0,0.0,0.0,0.0,0.0,0.0,0.0,0.0,0.0,14.0,0.0,0.0,0.0,0.0,0.0,0.0,0.0,7.0,7.0,2.0,3.0,0.0,1.0,10.0,41.0,1.0,0.0,0.0,0.0,0.0,0.0,0.0,0.0,0.0,2.0,2.0,0.0,0.0,0.0,0.0,0.0,0.0,0.0,0.0,0.0,3.0,0.0,0.0,0.0,0.0,0.0,0.0,0.0,3.0,6.0,1.0,2491905143.0,-1.0,云浮市罗定市,云浮市罗定市太平镇,12.0,23.5,5.0,1.0,41.5,37.77619047619047,46.490476190476194,56.92664596273291
广东省,云浮市,罗定市,分界镇,111.3406532,22.5303503,0.0,5.0,0.0,6.0,84.0,0.0,0.0,0.0,0.0,0.0,0.0,0.0,0.0,0.0,0.0,0.0,0.0,0.0,0.0,0.0,4.0,0.0,0.0,0.0,0.0,5.0,0.0,0.0,0.0,0.0,0.0,0.0,0.0,6.0,5.0,2.0,0.0,1.0,0.0,6.0,28.0,0.0,0.0,0.0,0.0,0.0,0.0,0.0,0.0,0.0,0.0,0.0,0.0,0.0,0.0,0.0,4.0,0.0,0.0,0.0,0.0,2.0,0.0,0.0,0.0,0.0,0.0,0.0,0.0,6.0,4.0,2.0,8354041802.0,-1.0,云浮市罗定市,云浮市罗定市分界镇,12.0,22.5,0.0,1.0,35.5,37.77619047619047,46.490476190476194,56.92664596273291
广东省,云浮市,罗定市,罗平镇,111.563567,22.624773,1.0,0.0,2.0,6.0,115.0,2.0,0.0,0.0,0.0,0.0,0.0,0.0,0.0,0.0,0.0,0.0,0.0,0.0,0.0,0.0,0.0,0.0,0.0,0.0,0.0,9.0,0.0,0.0,0.0,0.0,0.0,0.0,0.0,3.0,9.0,3.0,1.0,0.0,1.0,3.0,32.0,2.0,0.0,0.0,0.0,0.0,0.0,0.0,0.0,0.0,0.0,0.0,0.0,0.0,0.0,0.0,0.0,0.0,0.0,0.0,0.0,3.0,0.0,0.0,0.0,0.0,0.0,0.0,0.0,2.0,6.0,1.0,8354041801.0,-1.0,云浮市罗定市,云浮市罗定市罗平镇,12.0,24.0,0.0,1.5,37.5,37.77619047619047,46.490476190476194,56.92664596273291
广东省,云浮市,罗定市,船步镇,111.617218,22.5986662,2.0,0.0,1.0,16.0,2.0,0.0,0.0,0.0,0.0,0.0,0.0,0.0,0.0,0.0,0.0,0.0,0.0,0.0,0.0,0.0,0.0,0.0,0.0,0.0,0.0,8.0,0.0,0.0,0.0,0.0,0.0,0.0,0.0,3.0,4.0,2.0,1.0,0.0,1.0,12.0,2.0,0.0,0.0,0.0,0.0,0.0,0.0,0.0,0.0,0.0,0.0,0.0,0.0,0.0,0.0,0.0,0.0,0.0,0.0,0.0,0.0,5.0,0.0,0.0,0.0,0.0,0.0,0.0,0.0,3.0,4.0,1.0,2491905125.0,-1.0,云浮市罗定市,云浮市罗定市船步镇,12.0,13.0,0.0,1.0,26.0,37.77619047619047,46.490476190476194,56.92664596273291
广东省,云浮市,罗定市,朗塘镇,111.70506,22.620204,2.0,0.0,1.0,1.0,23.0,0.0,0.0,0.0,0.0,0.0,0.0,0.0,0.0,0.0,0.0,0.0,0.0,0.0,0.0,0.0,0.0,0.0,1.0,0.0,0.0,11.0,0.0,0.0,0.0,1.0,0.0,0.0,0.0,3.0,7.0,4.0,2.0,0.0,1.0,0.0,5.0,0.0,0.0,0.0,0.0,0.0,0.0,0.0,0.0,0.0,0.0,0.0,0.0,0.0,0.0,0.0,0.0,0.0,0.0,0.0,0.0,3.0,0.0,0.0,0.0,0.0,0.0,0.0,0.0,2.0,3.0,0.0,-1.0,-1.0,云浮市罗定市,云浮市罗定市朗塘镇,5.0,15.600000000000001,0.0,2.1,22.700000000000003,37.77619047619047,46.490476190476194,56.92664596273291
广东省,云浮市,罗定市,苹塘镇,111.751198,22.753436,2.0,0.0,2.0,3.0,7.0,7.0,0.0,0.0,1.0,2.0,2.0,0.0,0.0,0.0,0.0,0.0,0.0,0.0,0.0,4.0,0.0,0.0,0.0,0.0,0.0,4.0,2.0,0.0,0.0,0.0,0.0,0.0,0.0,4.0,9.0,2.0,2.0,0.0,2.0,1.0,0.0,0.0,0.0,0.0,0.0,0.0,0.0,0.0,0.0,0.0,0.0,0.0,0.0,0.0,0.0,0.0,0.0,0.0,0.0,0.0,0.0,1.0,0.0,0.0,0.0,0.0,0.0,0.0,0.0,3.0,3.0,0.0,8347667346.0,-1.0,云浮市罗定市,云浮市罗定市苹塘镇,11.0,19.4,0.0,1.2,31.599999999999998,37.77619047619047,46.490476190476194,56.92664596273291
广东省,云浮市,罗定市,金鸡镇,111.822326,22.70923,0.0,3.0,2.0,12.0,4.0,1.0,0.0,0.0,0.0,0.0,0.0,0.0,0.0,0.0,1.0,1.0,0.0,0.0,0.0,0.0,1.0,0.0,0.0,0.0,0.0,6.0,0.0,0.0,0.0,0.0,0.0,0.0,0.0,8.0,6.0,3.0,0.0,1.0,2.0,12.0,4.0,1.0,0.0,0.0,0.0,0.0,0.0,0.0,0.0,0.0,1.0,1.0,0.0,0.0,0.0,0.0,1.0,0.0,0.0,0.0,0.0,3.0,0.0,0.0,0.0,0.0,0.0,0.0,0.0,1.0,6.0,1.0,8354041800.0,-1.0,云浮市罗定市,云浮市罗定市金鸡镇,12.0,15.0,5.0,1.5,33.5,37.77619047619047,46.490476190476194,56.92664596273291
广东省,云浮市,罗定市,围底镇,111.66627,22.704826,6.0,0.0,0.0,5.0,26.0,1.0,0.0,0.0,0.0,0.0,1.0,0.0,0.0,0.0,0.0,0.0,0.0,0.0,0.0,0.0,0.0,0.0,1.0,0.0,0.0,12.0,0.0,0.0,0.0,0.0,0.0,0.0,0.0,5.0,9.0,3.0,4.0,0.0,0.0,3.0,19.0,1.0,0.0,0.0,0.0,0.0,1.0,0.0,0.0,0.0,0.0,0.0,0.0,0.0,0.0,0.0,0.0,0.0,1.0,0.0,0.0,2.0,0.0,0.0,0.0,0.0,0.0,0.0,0.0,4.0,8.0,2.0,8354041799.0,-1.0,云浮市罗定市,云浮市罗定市围底镇,12.0,26.0,0.0,1.5,39.5,37.77619047619047,46.490476190476194,56.92664596273291
广东省,云浮市,罗定市,华石镇,111.681656,22.758379,0.0,1.0,0.0,2.0,16.0,7.0,0.0,0.0,0.0,2.0,2.0,0.0,0.0,0.0,0.0,0.0,0.0,0.0,0.0,0.0,2.0,0.0,0.0,0.0,0.0,3.0,3.0,0.0,0.0,0.0,0.0,0.0,0.0,4.0,9.0,3.0,0.0,1.0,0.0,2.0,7.0,0.0,0.0,0.0,0.0,0.0,0.0,0.0,0.0,0.0,0.0,0.0,0.0,0.0,0.0,0.0,1.0,0.0,0.0,0.0,0.0,2.0,0.0,0.0,0.0,0.0,0.0,0.0,0.0,2.0,4.0,1.0,8354041797.0,-1.0,云浮市罗定市,云浮市罗定市华石镇,10.0,20.3,0.0,1.8,32.1,37.77619047619047,46.490476190476194,56.92664596273291
广东省,云浮市,罗定市,榃滨镇,111.394462,22.818374,2.0,0.0,0.0,6.0,28.0,0.0,0.0,0.0,0.0,0.0,0.0,0.0,0.0,0.0,0.0,0.0,0.0,0.0,0.0,0.0,0.0,0.0,0.0,0.0,0.0,6.0,0.0,0.0,0.0,0.0,0.0,0.0,0.0,4.0,8.0,1.0,2.0,0.0,0.0,2.0,4.0,0.0,0.0,0.0,0.0,0.0,0.0,0.0,0.0,0.0,0.0,0.0,0.0,0.0,0.0,0.0,0.0,0.0,0.0,0.0,0.0,1.0,0.0,0.0,0.0,0.0,0.0,0.0,0.0,4.0,6.0,1.0,8354041514.0,-1.0,云浮市罗定市,云浮市罗定市榃滨镇,12.0,20.8,0.0,0.5,33.3,37.77619047619047,46.490476190476194,56.92664596273291
广东省,云浮市,罗定市,黎少镇,111.45903,22.723515,0.0,3.0,1.0,12.0,101.0,1.0,0.0,0.0,0.0,0.0,0.0,0.0,0.0,0.0,0.0,0.0,0.0,0.0,0.0,0.0,4.0,0.0,1.0,0.0,0.0,7.0,0.0,0.0,0.0,2.0,0.0,0.0,1.0,2.0,6.0,4.0,0.0,3.0,0.0,9.0,27.0,1.0,0.0,0.0,0.0,0.0,0.0,0.0,0.0,0.0,0.0,0.0,0.0,0.0,0.0,0.0,4.0,0.0,0.0,0.0,0.0,2.0,0.0,0.0,0.0,2.0,0.0,0.0,0.0,2.0,5.0,2.0,8354041513.0,-1.0,云浮市罗定市,云浮市罗定市黎少镇,12.0,23.0,0.0,2.4,37.4,37.77619047619047,46.490476190476194,56.92664596273291
广东省,云浮市,罗定市,生江镇,111.5176695,22.7254702,0.0,3.0,0.0,8.0,131.0,0.0,0.0,0.0,0.0,0.0,0.0,0.0,0.0,0.0,0.0,0.0,0.0,0.0,0.0,0.0,5.0,0.0,1.0,0.0,0.0,14.0,0.0,0.0,0.0,0.0,0.0,0.0,0.0,2.0,4.0,4.0,0.0,3.0,0.0,4.0,24.0,0.0,0.0,0.0,0.0,0.0,0.0,0.0,0.0,0.0,0.0,0.0,0.0,0.0,0.0,0.0,5.0,0.0,0.0,0.0,0.0,4.0,0.0,0.0,0.0,0.0,0.0,0.0,0.0,2.0,4.0,3.0,8354041512.0,-1.0,云浮市罗定市,云浮市罗定市生江镇,12.0,22.0,0.0,2.0,36.0,37.77619047619047,46.490476190476194,56.92664596273291
广东省,云浮市,罗定市,连州镇,111.427243,22.642372,0.0,1.0,3.0,6.0,59.0,0.0,0.0,0.0,0.0,0.0,0.0,0.0,0.0,0.0,0.0,0.0,0.0,0.0,0.0,0.0,1.0,0.0,0.0,0.0,0.0,7.0,0.0,0.0,0.0,0.0,0.0,0.0,0.0,2.0,5.0,3.0,0.0,1.0,3.0,1.0,20.0,0.0,0.0,0.0,0.0,0.0,0.0,0.0,0.0,0.0,0.0,0.0,0.0,0.0,0.0,0.0,1.0,0.0,0.0,0.0,0.0,3.0,0.0,0.0,0.0,0.0,0.0,0.0,0.0,2.0,5.0,2.0,8354041511.0,-1.0,云浮市罗定市,云浮市罗定市连州镇,12.0,22.5,0.0,1.5,36.0,37.77619047619047,46.490476190476194,56.92664596273291
广东省,云浮市,罗定市,泗纶镇,111.3175727,22.7153501,0.0,1.0,3.0,20.0,60.0,0.0,0.0,0.0,0.0,0.0,0.0,0.0,0.0,0.0,2.0,2.0,0.0,0.0,0.0,0.0,4.0,0.0,2.0,0.0,0.0,12.0,0.0,0.0,0.0,1.0,0.0,0.0,0.0,2.0,6.0,5.0,0.0,1.0,3.0,9.0,19.0,0.0,0.0,0.0,0.0,0.0,0.0,0.0,0.0,0.0,2.0,2.0,0.0,0.0,0.0,0.0,2.0,0.0,0.0,0.0,0.0,3.0,0.0,0.0,0.0,0.0,0.0,0.0,0.0,2.0,4.0,3.0,5043861475.0,-1.0,云浮市罗定市,云浮市罗定市泗纶镇,12.0,23.0,5.0,2.6,42.6,37.77619047619047,46.490476190476194,56.92664596273291
广东省,云浮市,罗定市,加益镇,111.150686,22.721474,0.0,0.0,1.0,4.0,42.0,0.0,0.0,0.0,0.0,0.0,0.0,0.0,0.0,0.0,0.0,0.0,0.0,0.0,0.0,0.0,0.0,0.0,0.0,0.0,0.0,5.0,0.0,0.0,0.0,0.0,0.0,0.0,0.0,7.0,5.0,2.0,0.0,0.0,1.0,4.0,17.0,0.0,0.0,0.0,0.0,0.0,0.0,0.0,0.0,0.0,0.0,0.0,0.0,0.0,0.0,0.0,0.0,0.0,0.0,0.0,0.0,3.0,0.0,0.0,0.0,0.0,0.0,0.0,0.0,1.0,4.0,2.0,8354041515.0,-1.0,云浮市罗定市,云浮市罗定市加益镇,12.0,22.5,0.0,1.0,35.5,37.77619047619047,46.490476190476194,56.92664596273291
广东省,云浮市,罗定市,龙湾镇,111.1875714,22.6949302,0.0,1.0,1.0,0.0,17.0,0.0,0.0,0.0,0.0,0.0,0.0,0.0,0.0,0.0,0.0,0.0,0.0,0.0,0.0,0.0,0.0,0.0,0.0,0.0,0.0,4.0,0.0,0.0,0.0,0.0,0.0,0.0,0.0,1.0,5.0,1.0,0.0,1.0,1.0,0.0,8.0,0.0,0.0,0.0,0.0,0.0,0.0,0.0,0.0,0.0,0.0,0.0,0.0,0.0,0.0,0.0,0.0,0.0,0.0,0.0,0.0,4.0,0.0,0.0,0.0,0.0,0.0,0.0,0.0,1.0,3.0,0.0,5043861747.0,-1.0,云浮市罗定市,云浮市罗定市龙湾镇,11.0,13.3,0.0,0.5,24.8,37.77619047619047,46.490476190476194,56.92664596273291
