addr_1,addr_2,addr_3,addr_4,lon,lat,hw_trunk_3km,hw_primary_3km,hw_secondary_3km,hw_tertiary_3km,hw_res_uncl_3km,hw_service_3km,hw_cycleway_3km,hw_footway_3km,hw_bus_stop_3km,hw_parking_3km,hw_fuel_3km,am_gov_3km,am_medical_3km,am_healthcare_3km,am_school_3km,am_education_3km,am_police_3km,am_post_3km,am_bank_3km,am_shop_3km,lu_residential_3km,lu_commercial_3km,lu_industrial_3km,lu_retail_3km,lu_construction_3km,pl_3km,bld_3km,blp_3km,bll_3km,mm_3km,ad_3km,lsr_3km,trs_3km,wd_3km,hw_types_3km,lu_types_3km,hw_trunk_1km,hw_primary_1km,hw_secondary_1km,hw_tertiary_1km,hw_res_uncl_1km,hw_service_1km,hw_cycleway_1km,hw_footway_1km,hw_bus_stop_1km,hw_parking_1km,hw_fuel_1km,am_gov_1km,am_medical_1km,am_healthcare_1km,am_school_1km,am_education_1km,am_police_1km,am_post_1km,am_bank_1km,am_shop_1km,lu_residential_1km,lu_commercial_1km,lu_industrial_1km,lu_retail_1km,lu_construction_1km,pl_1km,bld_1km,blp_1km,bll_1km,mm_1km,ad_1km,lsr_1km,trs_1km,wd_1km,hw_types_1km,lu_types_1km,node,boundary,u_addr_3,u_addr_4,score_1,score_2,score_3,score_4,score,u_addr_3_avg_score,addr_2_avg_score,addr_1_avg_score
广西壮族自治区,南宁市,兴宁区,民生街道,108.334744,22.8397936,52.0,108.0,83.0,65.0,222.0,180.0,0.0,242.0,395.0,29.0,10.0,3.0,17.0,64.0,19.0,50.0,1.0,9.0,60.0,324.0,66.0,9.0,4.0,12.0,6.0,6.0,341.0,9.0,72.0,13.0,29.0,226.0,62.0,25.0,23.0,23.0,6.0,11.0,3.0,9.0,25.0,16.0,0.0,20.0,13.0,3.0,3.0,0.0,1.0,3.0,1.0,5.0,0.0,1.0,0.0,14.0,12.0,1.0,1.0,0.0,2.0,1.0,17.0,0.0,9.0,1.0,0.0,23.0,3.0,6.0,17.0,11.0,8005520634.0,-1.0,南宁市兴宁区,南宁市兴宁区民生街道,12.0,30.0,23.0,20.0,85.0,62.48333333333333,42.150393700787404,38.14581005586592
广西壮族自治区,南宁市,兴宁区,朝阳街道,108.3160114,22.8253965,28.0,143.0,88.0,52.0,228.0,272.0,5.0,235.0,397.0,39.0,7.0,7.0,17.0,63.0,23.0,57.0,1.0,11.0,68.0,355.0,66.0,11.0,4.0,11.0,13.0,10.0,687.0,12.0,104.0,5.0,48.0,194.0,77.0,37.0,24.0,20.0,11.0,47.0,17.0,21.0,47.0,22.0,0.0,84.0,125.0,9.0,0.0,2.0,6.0,24.0,6.0,9.0,0.0,5.0,12.0,150.0,4.0,3.0,0.0,5.0,2.0,2.0,100.0,11.0,53.0,2.0,8.0,34.0,33.0,17.0,17.0,15.0,8005520633.0,-1.0,南宁市兴宁区,南宁市兴宁区朝阳街道,12.0,30.0,25.0,20.0,87.0,62.48333333333333,42.150393700787404,38.14581005586592
广西壮族自治区,南宁市,兴宁区,兴东街道,108.3434944,22.8665647,41.0,52.0,96.0,56.0,165.0,135.0,0.0,91.0,157.0,18.0,8.0,2.0,8.0,12.0,6.0,17.0,1.0,0.0,1.0,40.0,70.0,3.0,7.0,4.0,7.0,4.0,96.0,0.0,1.0,5.0,9.0,148.0,10.0,5.0,20.0,20.0,9.0,2.0,13.0,10.0,30.0,30.0,0.0,8.0,12.0,3.0,0.0,0.0,0.0,0.0,1.0,1.0,0.0,0.0,0.0,8.0,9.0,0.0,0.0,3.0,0.0,2.0,5.0,0.0,0.0,0.0,5.0,24.0,1.0,2.0,13.0,6.0,8005520632.0,-1.0,南宁市兴宁区,南宁市兴宁区兴东街道,11.0,30.0,16.0,14.600000000000001,71.6,62.48333333333333,42.150393700787404,38.14581005586592
广西壮族自治区,南宁市,兴宁区,三塘镇,108.4150875,22.8806753,6.0,8.0,41.0,31.0,61.0,20.0,0.0,0.0,38.0,1.0,1.0,0.0,1.0,1.0,5.0,5.0,0.0,0.0,0.0,4.0,22.0,3.0,11.0,5.0,2.0,2.0,121.0,0.0,0.0,1.0,1.0,31.0,1.0,3.0,15.0,17.0,4.0,0.0,14.0,4.0,9.0,8.0,0.0,0.0,10.0,0.0,0.0,0.0,1.0,1.0,2.0,2.0,0.0,0.0,0.0,2.0,2.0,2.0,2.0,2.0,0.0,1.0,5.0,0.0,0.0,0.0,0.0,12.0,1.0,1.0,10.0,12.0,1710350886.0,-1.0,南宁市兴宁区,南宁市兴宁区三塘镇,9.0,30.0,12.0,16.700000000000003,67.7,62.48333333333333,42.150393700787404,38.14581005586592
广西壮族自治区,南宁市,兴宁区,五塘镇,108.5449047,22.9424707,13.0,0.0,4.0,24.0,5.0,2.0,0.0,0.0,32.0,0.0,1.0,0.0,0.0,0.0,2.0,2.0,0.0,0.0,0.0,0.0,4.0,0.0,1.0,0.0,0.0,3.0,2.0,0.0,0.0,0.0,0.0,0.0,0.0,2.0,13.0,7.0,6.0,0.0,0.0,3.0,2.0,0.0,0.0,0.0,18.0,0.0,0.0,0.0,0.0,0.0,1.0,1.0,0.0,0.0,0.0,0.0,2.0,0.0,0.0,0.0,0.0,1.0,0.0,0.0,0.0,0.0,0.0,0.0,0.0,1.0,6.0,5.0,3633721338.0,-1.0,南宁市兴宁区,南宁市兴宁区五塘镇,10.0,19.6,5.0,3.7,38.300000000000004,62.48333333333333,42.150393700787404,38.14581005586592
广西壮族自治区,南宁市,兴宁区,昆仑镇,108.6829942,23.0638077,4.0,0.0,5.0,2.0,17.0,0.0,0.0,0.0,0.0,0.0,0.0,0.0,0.0,0.0,0.0,0.0,0.0,0.0,0.0,0.0,3.0,0.0,0.0,0.0,0.0,1.0,0.0,0.0,0.0,0.0,0.0,0.0,0.0,1.0,6.0,3.0,4.0,0.0,5.0,2.0,8.0,0.0,0.0,0.0,0.0,0.0,0.0,0.0,0.0,0.0,0.0,0.0,0.0,0.0,0.0,0.0,3.0,0.0,0.0,0.0,0.0,1.0,0.0,0.0,0.0,0.0,0.0,0.0,0.0,1.0,6.0,3.0,5082157919.0,-1.0,南宁市兴宁区,南宁市兴宁区昆仑镇,8.0,15.8,0.0,1.5,25.3,62.48333333333333,42.150393700787404,38.14581005586592
广西壮族自治区,南宁市,青秀区,新竹街道,108.3410392,22.8206838,50.0,151.0,127.0,72.0,251.0,446.0,8.0,330.0,441.0,47.0,10.0,18.0,16.0,61.0,28.0,62.0,1.0,10.0,77.0,362.0,79.0,23.0,4.0,13.0,8.0,9.0,861.0,21.0,101.0,25.0,82.0,205.0,93.0,33.0,26.0,23.0,2.0,12.0,4.0,7.0,30.0,64.0,0.0,18.0,36.0,4.0,0.0,0.0,3.0,13.0,4.0,13.0,0.0,3.0,20.0,60.0,8.0,0.0,0.0,0.0,1.0,1.0,85.0,0.0,11.0,1.0,12.0,19.0,7.0,3.0,13.0,7.0,4565141664.0,6809463.0,南宁市青秀区,南宁市青秀区新竹街道,20.0,30.0,25.0,20.0,95.0,64.27777777777777,42.150393700787404,38.14581005586592
广西壮族自治区,南宁市,青秀区,中山街道,108.3481401,22.7961196,32.0,109.0,102.0,58.0,202.0,462.0,28.0,251.0,276.0,43.0,9.0,16.0,9.0,10.0,18.0,37.0,2.0,3.0,27.0,64.0,79.0,16.0,0.0,6.0,5.0,4.0,808.0,7.0,52.0,14.0,64.0,121.0,32.0,23.0,22.0,18.0,10.0,28.0,21.0,15.0,13.0,92.0,3.0,8.0,28.0,4.0,2.0,1.0,5.0,5.0,3.0,6.0,0.0,0.0,0.0,3.0,9.0,0.0,0.0,2.0,0.0,1.0,125.0,4.0,25.0,0.0,4.0,25.0,1.0,9.0,15.0,9.0,4565141665.0,6809464.0,南宁市青秀区,南宁市青秀区中山街道,19.0,30.0,18.0,20.0,87.0,64.27777777777777,42.150393700787404,38.14581005586592
广西壮族自治区,南宁市,青秀区,建政街道,108.3539163,22.8365307,82.0,62.0,122.0,80.0,191.0,230.0,4.0,249.0,266.0,30.0,9.0,8.0,12.0,35.0,16.0,35.0,1.0,4.0,47.0,151.0,79.0,19.0,2.0,4.0,5.0,6.0,252.0,17.0,78.0,40.0,46.0,187.0,36.0,14.0,26.0,23.0,15.0,10.0,20.0,14.0,30.0,13.0,0.0,29.0,31.0,2.0,1.0,0.0,1.0,1.0,2.0,6.0,0.0,0.0,0.0,5.0,8.0,0.0,1.0,1.0,0.0,1.0,6.0,0.0,0.0,6.0,2.0,36.0,0.0,6.0,18.0,10.0,8004398713.0,-1.0,南宁市青秀区,南宁市青秀区建政街道,12.0,30.0,20.0,20.0,82.0,64.27777777777777,42.150393700787404,38.14581005586592
广西壮族自治区,南宁市,青秀区,南湖街道,108.3688724,22.8273742,104.0,46.0,142.0,108.0,197.0,299.0,4.0,255.0,279.0,38.0,5.0,10.0,6.0,11.0,25.0,39.0,0.0,1.0,21.0,72.0,90.0,27.0,1.0,7.0,3.0,5.0,297.0,43.0,82.0,39.0,47.0,165.0,44.0,13.0,27.0,23.0,6.0,14.0,37.0,1.0,36.0,56.0,1.0,21.0,15.0,2.0,1.0,1.0,1.0,1.0,4.0,5.0,0.0,0.0,0.0,12.0,9.0,9.0,0.0,2.0,0.0,1.0,42.0,12.0,19.0,16.0,11.0,7.0,7.0,2.0,17.0,9.0,8004398712.0,-1.0,南宁市青秀区,南宁市青秀区南湖街道,12.0,30.0,21.0,20.0,83.0,64.27777777777777,42.150393700787404,38.14581005586592
广西壮族自治区,南宁市,青秀区,津头街道,108.3550827,22.8077347,70.0,103.0,136.0,74.0,210.0,509.0,5.0,265.0,316.0,45.0,7.0,15.0,12.0,26.0,21.0,41.0,1.0,4.0,47.0,150.0,67.0,23.0,1.0,8.0,7.0,5.0,671.0,41.0,90.0,26.0,75.0,112.0,54.0,26.0,23.0,19.0,13.0,22.0,23.0,19.0,37.0,89.0,0.0,38.0,44.0,8.0,1.0,3.0,0.0,1.0,5.0,6.0,0.0,0.0,1.0,8.0,7.0,0.0,0.0,0.0,0.0,2.0,106.0,0.0,2.0,0.0,7.0,33.0,11.0,7.0,15.0,10.0,5081776789.0,-1.0,南宁市青秀区,南宁市青秀区津头街道,12.0,30.0,18.0,20.0,80.0,64.27777777777777,42.150393700787404,38.14581005586592
广西壮族自治区,南宁市,青秀区,刘圩镇,108.640064,22.729788,4.0,5.0,0.0,7.0,3.0,3.0,0.0,3.0,0.0,0.0,0.0,0.0,0.0,0.0,1.0,1.0,0.0,0.0,0.0,0.0,2.0,0.0,2.0,0.0,0.0,1.0,1.0,0.0,0.0,1.0,0.0,7.0,0.0,5.0,14.0,7.0,2.0,5.0,0.0,4.0,3.0,3.0,0.0,3.0,0.0,0.0,0.0,0.0,0.0,0.0,1.0,1.0,0.0,0.0,0.0,0.0,1.0,0.0,0.0,0.0,0.0,1.0,0.0,0.0,0.0,0.0,0.0,4.0,0.0,2.0,11.0,5.0,4563493435.0,-1.0,南宁市青秀区,南宁市青秀区刘圩镇,8.0,15.5,5.0,3.7,32.2,64.27777777777777,42.150393700787404,38.14581005586592
广西壮族自治区,南宁市,青秀区,南阳镇,108.792329,22.7700826,8.0,0.0,0.0,11.0,6.0,0.0,0.0,0.0,0.0,0.0,0.0,0.0,0.0,0.0,0.0,0.0,0.0,0.0,0.0,0.0,4.0,0.0,0.0,0.0,0.0,6.0,2.0,0.0,0.0,0.0,0.0,1.0,0.0,5.0,4.0,5.0,7.0,0.0,0.0,9.0,5.0,0.0,0.0,0.0,0.0,0.0,0.0,0.0,0.0,0.0,0.0,0.0,0.0,0.0,0.0,0.0,4.0,0.0,0.0,0.0,0.0,1.0,1.0,0.0,0.0,0.0,0.0,1.0,0.0,3.0,4.0,4.0,2661665752.0,-1.0,南宁市青秀区,南宁市青秀区南阳镇,12.0,14.7,0.0,2.8,29.5,64.27777777777777,42.150393700787404,38.14581005586592
广西壮族自治区,南宁市,青秀区,伶俐镇,108.7602553,22.8556817,3.0,0.0,18.0,14.0,22.0,19.0,0.0,1.0,4.0,0.0,1.0,0.0,1.0,1.0,1.0,1.0,0.0,0.0,0.0,0.0,9.0,1.0,6.0,0.0,1.0,2.0,4.0,0.0,0.0,1.0,0.0,1.0,1.0,8.0,14.0,10.0,1.0,0.0,2.0,4.0,14.0,4.0,0.0,1.0,4.0,0.0,1.0,0.0,1.0,1.0,1.0,1.0,0.0,0.0,0.0,0.0,2.0,0.0,1.0,0.0,0.0,1.0,2.0,0.0,0.0,0.0,0.0,0.0,0.0,6.0,7.0,5.0,3909566963.0,-1.0,南宁市青秀区,南宁市青秀区伶俐镇,9.0,26.6,10.0,4.7,50.300000000000004,64.27777777777777,42.150393700787404,38.14581005586592
广西壮族自治区,南宁市,青秀区,长塘镇,108.6500155,22.833888,0.0,0.0,2.0,4.0,17.0,4.0,0.0,4.0,4.0,0.0,0.0,0.0,0.0,0.0,1.0,1.0,0.0,0.0,0.0,0.0,2.0,0.0,0.0,0.0,0.0,2.0,0.0,0.0,0.0,1.0,0.0,6.0,0.0,8.0,8.0,6.0,0.0,0.0,0.0,1.0,13.0,1.0,0.0,3.0,4.0,0.0,0.0,0.0,0.0,0.0,1.0,1.0,0.0,0.0,0.0,0.0,1.0,0.0,0.0,0.0,0.0,1.0,0.0,0.0,0.0,1.0,0.0,5.0,0.0,7.0,7.0,5.0,4564680350.0,-1.0,南宁市青秀区,南宁市青秀区长塘镇,9.0,22.3,5.0,3.2,39.5,64.27777777777777,42.150393700787404,38.14581005586592
广西壮族自治区,南宁市,江南区,福建园街道,108.3108079,22.7993868,51.0,131.0,106.0,48.0,189.0,291.0,8.0,177.0,262.0,39.0,4.0,9.0,13.0,22.0,19.0,33.0,3.0,4.0,22.0,148.0,73.0,12.0,4.0,16.0,10.0,8.0,585.0,4.0,51.0,11.0,44.0,87.0,40.0,34.0,25.0,18.0,0.0,16.0,10.0,2.0,21.0,36.0,1.0,18.0,18.0,1.0,0.0,1.0,1.0,1.0,1.0,1.0,0.0,0.0,0.0,5.0,8.0,3.0,0.0,4.0,0.0,2.0,41.0,0.0,1.0,2.0,1.0,15.0,1.0,12.0,12.0,9.0,7987623799.0,11732089.0,南宁市江南区,南宁市江南区福建园街道,20.0,30.0,20.0,20.0,90.0,62.13333333333334,42.150393700787404,38.14581005586592
广西壮族自治区,南宁市,江南区,江南街道,108.2754992,22.8022551,26.0,51.0,65.0,34.0,121.0,54.0,3.0,72.0,59.0,10.0,1.0,0.0,2.0,2.0,7.0,9.0,0.0,0.0,0.0,18.0,34.0,1.0,23.0,8.0,3.0,4.0,53.0,0.0,3.0,3.0,11.0,60.0,4.0,17.0,20.0,14.0,0.0,16.0,2.0,1.0,16.0,3.0,0.0,0.0,6.0,0.0,0.0,0.0,0.0,0.0,2.0,2.0,0.0,0.0,0.0,2.0,4.0,0.0,6.0,1.0,0.0,1.0,1.0,0.0,0.0,0.0,0.0,4.0,0.0,7.0,7.0,8.0,7987623798.0,-1.0,南宁市江南区,南宁市江南区江南街道,11.0,30.0,7.0,9.7,57.7,62.13333333333334,42.150393700787404,38.14581005586592
广西壮族自治区,南宁市,江南区,沙井街道,108.244,22.7839,32.0,80.0,75.0,63.0,81.0,70.0,6.0,90.0,130.0,7.0,0.0,0.0,1.0,1.0,5.0,5.0,0.0,2.0,0.0,9.0,32.0,6.0,26.0,6.0,4.0,4.0,67.0,0.0,7.0,13.0,7.0,48.0,2.0,11.0,21.0,16.0,16.0,23.0,17.0,3.0,14.0,13.0,0.0,5.0,31.0,0.0,0.0,0.0,0.0,0.0,1.0,1.0,0.0,0.0,0.0,1.0,9.0,1.0,5.0,0.0,2.0,1.0,2.0,0.0,0.0,5.0,1.0,9.0,0.0,6.0,15.0,8.0,7987623797.0,-1.0,南宁市江南区,南宁市江南区沙井街道,11.0,28.0,6.0,12.700000000000001,57.7,62.13333333333334,42.150393700787404,38.14581005586592
广西壮族自治区,南宁市,江南区,那洪街道,108.2876781,22.7816646,37.0,72.0,46.0,57.0,84.0,93.0,0.0,55.0,136.0,12.0,2.0,1.0,4.0,4.0,11.0,12.0,0.0,0.0,0.0,27.0,41.0,4.0,25.0,9.0,1.0,7.0,175.0,0.0,10.0,4.0,5.0,29.0,5.0,27.0,21.0,15.0,16.0,1.0,25.0,4.0,7.0,0.0,0.0,1.0,10.0,0.0,0.0,0.0,0.0,0.0,0.0,0.0,0.0,0.0,0.0,0.0,4.0,0.0,2.0,0.0,1.0,1.0,0.0,0.0,0.0,0.0,0.0,0.0,0.0,3.0,10.0,5.0,5081781093.0,-1.0,南宁市江南区,南宁市江南区那洪街道,12.0,30.0,5.0,20.0,67.0,62.13333333333334,42.150393700787404,38.14581005586592
广西壮族自治区,南宁市,江南区,金凯街道,108.3019307,22.7698017,35.0,56.0,77.0,72.0,86.0,134.0,4.0,41.0,124.0,6.0,3.0,2.0,3.0,3.0,14.0,18.0,1.0,2.0,0.0,31.0,51.0,8.0,24.0,10.0,2.0,8.0,177.0,0.0,4.0,4.0,12.0,23.0,5.0,21.0,22.0,15.0,0.0,14.0,7.0,7.0,12.0,6.0,0.0,2.0,21.0,1.0,0.0,0.0,0.0,0.0,4.0,4.0,0.0,0.0,0.0,9.0,8.0,2.0,10.0,0.0,0.0,2.0,3.0,0.0,0.0,0.0,0.0,0.0,1.0,10.0,12.0,8.0,7987623796.0,-1.0,南宁市江南区,南宁市江南区金凯街道,12.0,30.0,16.0,20.0,78.0,62.13333333333334,42.150393700787404,38.14581005586592
广西壮族自治区,南宁市,江南区,吴圩镇,108.216483,22.649079,6.0,12.0,12.0,24.0,89.0,34.0,0.0,20.0,21.0,16.0,2.0,9.0,2.0,10.0,4.0,12.0,2.0,5.0,4.0,29.0,89.0,1.0,24.0,0.0,1.0,7.0,146.0,0.0,0.0,3.0,0.0,35.0,4.0,5.0,19.0,18.0,5.0,0.0,5.0,8.0,61.0,19.0,0.0,8.0,8.0,5.0,1.0,8.0,2.0,10.0,3.0,8.0,1.0,2.0,4.0,28.0,74.0,0.0,2.0,0.0,0.0,6.0,72.0,0.0,0.0,0.0,0.0,6.0,3.0,2.0,10.0,11.0,7987623276.0,-1.0,南宁市江南区,南宁市江南区吴圩镇,12.0,30.0,30.0,20.0,92.0,62.13333333333334,42.150393700787404,38.14581005586592
广西壮族自治区,南宁市,江南区,苏圩镇,108.0947683,22.5477042,11.0,0.0,4.0,0.0,95.0,2.0,0.0,1.0,0.0,0.0,1.0,0.0,0.0,0.0,3.0,3.0,0.0,0.0,0.0,0.0,2.0,0.0,1.0,0.0,0.0,2.0,2.0,0.0,0.0,0.0,0.0,0.0,0.0,4.0,9.0,8.0,6.0,0.0,1.0,0.0,62.0,1.0,0.0,0.0,0.0,0.0,0.0,0.0,0.0,0.0,2.0,2.0,0.0,0.0,0.0,0.0,1.0,0.0,0.0,0.0,0.0,1.0,1.0,0.0,0.0,0.0,0.0,0.0,0.0,2.0,4.0,2.0,369488569.0,-1.0,南宁市江南区,南宁市江南区苏圩镇,9.0,26.0,5.0,4.3,44.3,62.13333333333334,42.150393700787404,38.14581005586592
广西壮族自治区,南宁市,江南区,延安镇,108.1118201,22.4446681,0.0,0.0,3.0,2.0,62.0,1.0,0.0,0.0,0.0,0.0,0.0,0.0,0.0,0.0,0.0,0.0,0.0,0.0,0.0,0.0,5.0,0.0,0.0,0.0,0.0,5.0,6.0,0.0,0.0,2.0,0.0,0.0,0.0,5.0,6.0,3.0,0.0,0.0,2.0,2.0,21.0,0.0,0.0,0.0,0.0,0.0,0.0,0.0,0.0,0.0,0.0,0.0,0.0,0.0,0.0,0.0,1.0,0.0,0.0,0.0,0.0,1.0,6.0,0.0,0.0,1.0,0.0,0.0,0.0,1.0,5.0,1.0,6431174417.0,-1.0,南宁市江南区,南宁市江南区延安镇,12.0,23.0,0.0,3.0,38.0,62.13333333333334,42.150393700787404,38.14581005586592
广西壮族自治区,南宁市,江南区,江西镇,108.0977925,22.7782596,0.0,14.0,9.0,6.0,11.0,3.0,0.0,1.0,26.0,0.0,0.0,0.0,0.0,0.0,1.0,1.0,0.0,0.0,0.0,0.0,2.0,0.0,0.0,0.0,0.0,1.0,0.0,0.0,0.0,3.0,0.0,9.0,0.0,10.0,8.0,6.0,0.0,5.0,1.0,4.0,0.0,1.0,0.0,0.0,12.0,0.0,0.0,0.0,0.0,0.0,1.0,1.0,0.0,0.0,0.0,0.0,0.0,0.0,0.0,0.0,0.0,1.0,0.0,0.0,0.0,0.0,0.0,3.0,0.0,3.0,5.0,1.0,1569023834.0,-1.0,南宁市江南区,南宁市江南区江西镇,8.0,18.2,5.0,3.3,34.5,62.13333333333334,42.150393700787404,38.14581005586592
广西壮族自治区,南宁市,西乡塘区,衡阳街道,108.2982058,22.854274,47.0,44.0,57.0,41.0,263.0,334.0,2.0,137.0,184.0,18.0,3.0,1.0,8.0,11.0,11.0,25.0,0.0,2.0,4.0,56.0,51.0,9.0,9.0,9.0,4.0,9.0,608.0,75.0,170.0,1.0,10.0,211.0,12.0,24.0,23.0,19.0,24.0,4.0,7.0,7.0,24.0,58.0,0.0,4.0,29.0,2.0,0.0,1.0,0.0,0.0,1.0,5.0,0.0,0.0,0.0,4.0,3.0,0.0,0.0,0.0,1.0,2.0,86.0,6.0,20.0,0.0,3.0,32.0,1.0,6.0,15.0,7.0,5080775552.0,-1.0,南宁市西乡塘区,南宁市西乡塘区衡阳街道,12.0,30.0,14.0,20.0,76.0,65.27692307692308,42.150393700787404,38.14581005586592
广西壮族自治区,南宁市,西乡塘区,北湖街道,108.3142528,22.8625419,51.0,57.0,43.0,49.0,229.0,214.0,0.0,80.0,196.0,19.0,7.0,1.0,7.0,15.0,8.0,21.0,0.0,1.0,5.0,59.0,48.0,8.0,10.0,10.0,6.0,7.0,306.0,22.0,56.0,8.0,8.0,176.0,8.0,15.0,22.0,17.0,6.0,4.0,14.0,4.0,29.0,2.0,0.0,7.0,16.0,1.0,0.0,0.0,1.0,1.0,3.0,3.0,0.0,0.0,0.0,2.0,3.0,0.0,0.0,3.0,0.0,1.0,0.0,0.0,0.0,1.0,0.0,13.0,0.0,1.0,15.0,7.0,5080775551.0,-1.0,南宁市西乡塘区,南宁市西乡塘区北湖街道,12.0,30.0,17.0,20.0,79.0,65.27692307692308,42.150393700787404,38.14581005586592
广西壮族自治区,南宁市,西乡塘区,西乡塘街道,108.2885378,22.8355444,50.0,61.0,55.0,59.0,256.0,339.0,3.0,209.0,152.0,26.0,2.0,1.0,12.0,18.0,11.0,28.0,0.0,4.0,10.0,105.0,51.0,1.0,9.0,6.0,8.0,8.0,568.0,83.0,210.0,3.0,19.0,219.0,41.0,29.0,23.0,19.0,2.0,12.0,8.0,6.0,59.0,73.0,1.0,75.0,21.0,0.0,0.0,0.0,0.0,0.0,2.0,9.0,0.0,1.0,1.0,17.0,7.0,0.0,1.0,0.0,1.0,2.0,151.0,50.0,116.0,0.0,5.0,29.0,7.0,9.0,18.0,11.0,5080775555.0,-1.0,南宁市西乡塘区,南宁市西乡塘区西乡塘街道,12.0,30.0,20.0,20.0,82.0,65.27692307692308,42.150393700787404,38.14581005586592
广西壮族自治区,南宁市,西乡塘区,安吉街道,108.291,22.8864,33.0,32.0,45.0,49.0,150.0,120.0,6.0,44.0,88.0,18.0,4.0,0.0,0.0,0.0,2.0,3.0,0.0,0.0,0.0,11.0,38.0,11.0,50.0,4.0,5.0,3.0,220.0,0.0,20.0,20.0,1.0,84.0,11.0,15.0,25.0,19.0,13.0,4.0,8.0,6.0,49.0,56.0,5.0,21.0,27.0,6.0,0.0,0.0,0.0,0.0,1.0,1.0,0.0,0.0,0.0,1.0,7.0,1.0,7.0,0.0,1.0,1.0,79.0,0.0,11.0,0.0,0.0,9.0,0.0,7.0,20.0,9.0,5080775550.0,-1.0,南宁市西乡塘区,南宁市西乡塘区安吉街道,10.0,30.0,6.0,20.0,66.0,65.27692307692308,42.150393700787404,38.14581005586592
广西壮族自治区,南宁市,西乡塘区,华强街道,108.3091103,22.8224165,27.0,143.0,88.0,60.0,233.0,257.0,5.0,264.0,355.0,37.0,4.0,7.0,16.0,52.0,20.0,45.0,1.0,11.0,57.0,330.0,69.0,11.0,6.0,13.0,10.0,8.0,611.0,21.0,136.0,5.0,41.0,201.0,70.0,37.0,22.0,21.0,13.0,45.0,16.0,19.0,57.0,22.0,1.0,89.0,102.0,10.0,0.0,0.0,4.0,14.0,4.0,5.0,0.0,3.0,9.0,103.0,8.0,1.0,0.0,4.0,3.0,2.0,83.0,11.0,49.0,2.0,9.0,20.0,30.0,22.0,18.0,13.0,5080975546.0,-1.0,南宁市西乡塘区,南宁市西乡塘区华强街道,12.0,30.0,25.0,20.0,87.0,65.27692307692308,42.150393700787404,38.14581005586592
广西壮族自治区,南宁市,西乡塘区,新阳街道,108.2980177,22.8161987,29.0,125.0,83.0,52.0,225.0,190.0,6.0,249.0,270.0,29.0,2.0,5.0,11.0,30.0,18.0,31.0,1.0,7.0,18.0,212.0,62.0,7.0,10.0,17.0,6.0,9.0,400.0,45.0,146.0,5.0,23.0,138.0,53.0,38.0,22.0,22.0,10.0,18.0,19.0,5.0,31.0,20.0,1.0,25.0,2.0,5.0,1.0,0.0,0.0,0.0,0.0,0.0,0.0,0.0,1.0,6.0,9.0,0.0,2.0,0.0,2.0,1.0,1.0,0.0,0.0,2.0,0.0,7.0,0.0,10.0,13.0,7.0,5080975549.0,-1.0,南宁市西乡塘区,南宁市西乡塘区新阳街道,12.0,30.0,13.0,20.0,75.0,65.27692307692308,42.150393700787404,38.14581005586592
广西壮族自治区,南宁市,西乡塘区,上尧街道,108.2478219,22.8407582,28.0,44.0,65.0,55.0,149.0,114.0,14.0,62.0,76.0,26.0,1.0,0.0,2.0,2.0,8.0,22.0,0.0,0.0,0.0,9.0,30.0,5.0,32.0,0.0,4.0,1.0,117.0,9.0,45.0,5.0,7.0,142.0,16.0,12.0,23.0,12.0,12.0,10.0,20.0,7.0,20.0,16.0,0.0,22.0,20.0,9.0,1.0,0.0,2.0,2.0,1.0,6.0,0.0,0.0,0.0,1.0,8.0,0.0,4.0,0.0,1.0,1.0,25.0,6.0,19.0,2.0,2.0,33.0,2.0,5.0,17.0,7.0,5080775553.0,7544576.0,南宁市西乡塘区,南宁市西乡塘区上尧街道,16.0,30.0,11.0,18.9,75.9,65.27692307692308,42.150393700787404,38.14581005586592
广西壮族自治区,南宁市,西乡塘区,安宁街道,108.3094582,22.8796484,63.0,49.0,43.0,49.0,204.0,133.0,6.0,77.0,110.0,16.0,5.0,0.0,2.0,2.0,4.0,6.0,0.0,0.0,0.0,15.0,38.0,9.0,37.0,7.0,4.0,5.0,190.0,0.0,17.0,21.0,1.0,111.0,10.0,13.0,25.0,17.0,0.0,14.0,0.0,9.0,31.0,11.0,0.0,0.0,3.0,4.0,0.0,0.0,0.0,0.0,1.0,1.0,0.0,0.0,0.0,2.0,8.0,0.0,5.0,2.0,0.0,1.0,3.0,0.0,0.0,1.0,0.0,14.0,0.0,2.0,11.0,6.0,5080975545.0,-1.0,南宁市西乡塘区,南宁市西乡塘区安宁街道,12.0,30.0,7.0,20.0,69.0,65.27692307692308,42.150393700787404,38.14581005586592
广西壮族自治区,南宁市,西乡塘区,石埠街道,108.1822876,22.8230464,1.0,20.0,29.0,50.0,39.0,41.0,1.0,12.0,79.0,4.0,2.0,0.0,0.0,0.0,3.0,11.0,0.0,0.0,0.0,1.0,18.0,0.0,19.0,1.0,0.0,1.0,48.0,0.0,0.0,5.0,1.0,55.0,0.0,13.0,21.0,15.0,0.0,0.0,18.0,4.0,3.0,5.0,0.0,5.0,17.0,0.0,0.0,0.0,0.0,0.0,0.0,2.0,0.0,0.0,0.0,0.0,5.0,0.0,1.0,0.0,0.0,1.0,7.0,0.0,0.0,2.0,1.0,19.0,0.0,6.0,10.0,8.0,5080975548.0,7544568.0,南宁市西乡塘区,南宁市西乡塘区石埠街道,16.0,28.700000000000003,0.0,10.2,54.900000000000006,65.27692307692308,42.150393700787404,38.14581005586592
广西壮族自治区,南宁市,西乡塘区,心圩街道,108.257,22.8692,20.0,34.0,54.0,60.0,100.0,110.0,4.0,43.0,75.0,25.0,1.0,0.0,1.0,1.0,6.0,12.0,0.0,0.0,0.0,13.0,33.0,10.0,48.0,2.0,5.0,3.0,200.0,9.0,39.0,4.0,5.0,121.0,10.0,13.0,22.0,19.0,0.0,2.0,2.0,14.0,19.0,1.0,0.0,0.0,18.0,0.0,0.0,0.0,0.0,0.0,1.0,1.0,0.0,0.0,0.0,0.0,3.0,2.0,14.0,0.0,2.0,1.0,34.0,0.0,0.0,1.0,0.0,10.0,0.0,2.0,7.0,7.0,5080775554.0,-1.0,南宁市西乡塘区,南宁市西乡塘区心圩街道,10.0,30.0,5.0,20.0,65.0,65.27692307692308,42.150393700787404,38.14581005586592
广西壮族自治区,南宁市,西乡塘区,金陵镇,108.0452746,22.9227932,3.0,0.0,0.0,7.0,82.0,0.0,0.0,0.0,0.0,0.0,0.0,0.0,0.0,0.0,0.0,0.0,0.0,0.0,0.0,0.0,10.0,0.0,2.0,0.0,0.0,1.0,1.0,0.0,0.0,1.0,0.0,3.0,0.0,5.0,4.0,7.0,3.0,0.0,0.0,2.0,27.0,0.0,0.0,0.0,0.0,0.0,0.0,0.0,0.0,0.0,0.0,0.0,0.0,0.0,0.0,0.0,1.0,0.0,0.0,0.0,0.0,1.0,0.0,0.0,0.0,0.0,0.0,2.0,0.0,5.0,4.0,5.0,5080757135.0,7544490.0,南宁市西乡塘区,南宁市西乡塘区金陵镇,16.0,22.0,0.0,3.7,41.7,65.27692307692308,42.150393700787404,38.14581005586592
广西壮族自治区,南宁市,西乡塘区,双定镇,108.1091765,22.9987317,0.0,3.0,3.0,3.0,6.0,0.0,0.0,0.0,0.0,0.0,0.0,0.0,0.0,0.0,0.0,0.0,0.0,0.0,0.0,0.0,6.0,0.0,2.0,0.0,0.0,1.0,0.0,0.0,0.0,0.0,0.0,0.0,1.0,2.0,4.0,6.0,0.0,0.0,1.0,3.0,6.0,0.0,0.0,0.0,0.0,0.0,0.0,0.0,0.0,0.0,0.0,0.0,0.0,0.0,0.0,0.0,2.0,0.0,0.0,0.0,0.0,1.0,0.0,0.0,0.0,0.0,0.0,0.0,0.0,1.0,3.0,2.0,5040180195.0,7544591.0,南宁市西乡塘区,南宁市西乡塘区双定镇,16.0,13.0,0.0,3.0,32.0,65.27692307692308,42.150393700787404,38.14581005586592
广西壮族自治区,南宁市,西乡塘区,坛洛镇,107.9741264,22.9227053,2.0,5.0,4.0,2.0,31.0,4.0,0.0,0.0,0.0,0.0,3.0,0.0,0.0,0.0,0.0,0.0,0.0,0.0,0.0,1.0,12.0,0.0,0.0,0.0,0.0,1.0,14.0,0.0,4.0,0.0,0.0,4.0,4.0,4.0,12.0,8.0,1.0,3.0,2.0,1.0,15.0,0.0,0.0,0.0,0.0,0.0,0.0,0.0,0.0,0.0,0.0,0.0,0.0,0.0,0.0,0.0,3.0,0.0,0.0,0.0,0.0,1.0,0.0,0.0,0.0,0.0,0.0,1.0,0.0,2.0,6.0,2.0,5081105961.0,7544461.0,南宁市西乡塘区,南宁市西乡塘区坛洛镇,16.0,23.7,0.0,5.4,45.1,65.27692307692308,42.150393700787404,38.14581005586592
广西壮族自治区,南宁市,良庆区,大沙田街道,108.3175363,22.7618197,17.0,50.0,50.0,68.0,122.0,156.0,5.0,33.0,129.0,4.0,2.0,2.0,2.0,2.0,16.0,21.0,1.0,2.0,0.0,26.0,60.0,5.0,20.0,5.0,1.0,7.0,109.0,0.0,5.0,3.0,13.0,34.0,4.0,20.0,22.0,17.0,0.0,23.0,6.0,22.0,22.0,27.0,0.0,2.0,39.0,0.0,1.0,1.0,1.0,1.0,4.0,6.0,0.0,1.0,0.0,8.0,16.0,3.0,2.0,1.0,0.0,2.0,13.0,0.0,2.0,0.0,6.0,5.0,1.0,9.0,12.0,9.0,7986802592.0,11731256.0,南宁市良庆区,南宁市良庆区大沙田街道,20.0,30.0,23.0,16.5,89.5,53.699999999999996,42.150393700787404,38.14581005586592
广西壮族自治区,南宁市,良庆区,玉洞街道,108.342,22.7299,14.0,42.0,28.0,53.0,181.0,108.0,2.0,26.0,80.0,13.0,4.0,6.0,3.0,3.0,11.0,19.0,3.0,4.0,0.0,12.0,45.0,13.0,22.0,2.0,5.0,5.0,111.0,0.0,11.0,3.0,6.0,48.0,2.0,10.0,24.0,20.0,0.0,6.0,12.0,7.0,18.0,5.0,0.0,8.0,20.0,3.0,0.0,3.0,2.0,2.0,5.0,7.0,0.0,0.0,0.0,5.0,10.0,5.0,2.0,1.0,1.0,2.0,4.0,0.0,2.0,0.0,0.0,10.0,1.0,3.0,13.0,12.0,7986802591.0,11731255.0,南宁市良庆区,南宁市良庆区玉洞街道,20.0,30.0,20.0,15.8,85.8,53.699999999999996,42.150393700787404,38.14581005586592
广西壮族自治区,南宁市,良庆区,良庆镇,108.412739,22.7520718,22.0,73.0,129.0,99.0,159.0,168.0,39.0,232.0,116.0,36.0,1.0,4.0,5.0,5.0,12.0,26.0,3.0,0.0,0.0,35.0,80.0,18.0,2.0,7.0,17.0,4.0,124.0,8.0,2.0,9.0,11.0,99.0,45.0,12.0,25.0,21.0,0.0,21.0,15.0,29.0,28.0,13.0,5.0,22.0,8.0,2.0,0.0,1.0,1.0,1.0,4.0,8.0,1.0,0.0,0.0,3.0,25.0,1.0,1.0,2.0,0.0,1.0,10.0,0.0,0.0,3.0,0.0,29.0,1.0,8.0,16.0,10.0,4565059868.0,11731257.0,南宁市良庆区,南宁市良庆区良庆镇,19.0,30.0,23.0,18.6,90.6,53.699999999999996,42.150393700787404,38.14581005586592
广西壮族自治区,南宁市,良庆区,那马镇,108.3850146,22.6361783,11.0,4.0,5.0,2.0,5.0,18.0,0.0,1.0,17.0,0.0,2.0,0.0,0.0,0.0,1.0,2.0,0.0,0.0,0.0,1.0,14.0,1.0,3.0,0.0,0.0,2.0,17.0,0.0,5.0,2.0,0.0,9.0,1.0,7.0,16.0,7.0,10.0,0.0,3.0,1.0,5.0,4.0,0.0,0.0,9.0,0.0,1.0,0.0,0.0,0.0,1.0,1.0,0.0,0.0,0.0,1.0,4.0,1.0,0.0,0.0,0.0,1.0,6.0,0.0,5.0,0.0,0.0,3.0,0.0,3.0,11.0,5.0,7986802590.0,-1.0,南宁市良庆区,南宁市良庆区那马镇,9.0,17.5,6.0,6.0,38.5,53.699999999999996,42.150393700787404,38.14581005586592
广西壮族自治区,南宁市,良庆区,那陈镇,108.2778102,22.4519855,3.0,0.0,0.0,1.0,0.0,0.0,0.0,0.0,0.0,0.0,0.0,0.0,0.0,0.0,0.0,0.0,0.0,0.0,0.0,0.0,1.0,0.0,0.0,0.0,0.0,1.0,0.0,0.0,0.0,0.0,0.0,0.0,0.0,4.0,5.0,3.0,1.0,0.0,0.0,0.0,0.0,0.0,0.0,0.0,0.0,0.0,0.0,0.0,0.0,0.0,0.0,0.0,0.0,0.0,0.0,0.0,1.0,0.0,0.0,0.0,0.0,1.0,0.0,0.0,0.0,0.0,0.0,0.0,0.0,2.0,3.0,1.0,3145007292.0,-1.0,南宁市良庆区,南宁市良庆区那陈镇,8.0,8.5,0.0,1.5,18.0,53.699999999999996,42.150393700787404,38.14581005586592
广西壮族自治区,南宁市,良庆区,大塘镇,108.3800806,22.3856053,3.0,0.0,0.0,4.0,28.0,3.0,0.0,0.0,0.0,0.0,0.0,0.0,0.0,0.0,0.0,0.0,0.0,0.0,0.0,2.0,0.0,0.0,1.0,0.0,0.0,1.0,2.0,0.0,0.0,0.0,0.0,6.0,3.0,5.0,8.0,4.0,3.0,0.0,0.0,2.0,18.0,0.0,0.0,0.0,0.0,0.0,0.0,0.0,0.0,0.0,0.0,0.0,0.0,0.0,0.0,2.0,0.0,0.0,1.0,0.0,0.0,1.0,0.0,0.0,0.0,0.0,0.0,6.0,2.0,4.0,7.0,3.0,5026139892.0,-1.0,南宁市良庆区,南宁市良庆区大塘镇,8.0,24.0,2.0,2.2,36.2,53.699999999999996,42.150393700787404,38.14581005586592
广西壮族自治区,南宁市,良庆区,南晓镇,108.414089,22.3071347,2.0,0.0,1.0,1.0,4.0,0.0,0.0,0.0,0.0,0.0,0.0,0.0,0.0,0.0,0.0,0.0,0.0,0.0,0.0,0.0,0.0,0.0,0.0,0.0,0.0,1.0,0.0,0.0,0.0,0.0,0.0,0.0,0.0,3.0,5.0,0.0,1.0,0.0,1.0,1.0,0.0,0.0,0.0,0.0,0.0,0.0,0.0,0.0,0.0,0.0,0.0,0.0,0.0,0.0,0.0,0.0,0.0,0.0,0.0,0.0,0.0,1.0,0.0,0.0,0.0,0.0,0.0,0.0,0.0,3.0,4.0,0.0,3145001504.0,-1.0,南宁市良庆区,南宁市良庆区南晓镇,8.0,9.3,0.0,0.0,17.3,53.699999999999996,42.150393700787404,38.14581005586592
广西壮族自治区,南宁市,邕宁区,蒲庙镇,108.4907358,22.7519328,0.0,112.0,110.0,55.0,127.0,175.0,21.0,122.0,163.0,13.0,5.0,16.0,9.0,12.0,23.0,32.0,0.0,6.0,6.0,31.0,97.0,23.0,35.0,0.0,13.0,16.0,619.0,0.0,0.0,5.0,2.0,121.0,28.0,7.0,22.0,19.0,0.0,22.0,30.0,3.0,24.0,42.0,2.0,4.0,33.0,0.0,0.0,3.0,5.0,6.0,9.0,12.0,0.0,2.0,2.0,9.0,20.0,3.0,9.0,0.0,2.0,2.0,87.0,0.0,0.0,1.0,1.0,38.0,3.0,7.0,17.0,13.0,4565072957.0,-1.0,南宁市邕宁区,南宁市邕宁区蒲庙镇,12.0,30.0,25.0,20.0,87.0,38.56,42.150393700787404,38.14581005586592
广西壮族自治区,南宁市,邕宁区,那楼镇,108.6265286,22.6139717,0.0,0.0,4.0,3.0,24.0,0.0,0.0,0.0,0.0,1.0,0.0,0.0,0.0,0.0,0.0,0.0,0.0,0.0,0.0,0.0,1.0,0.0,0.0,0.0,0.0,4.0,13.0,0.0,0.0,0.0,0.0,14.0,0.0,2.0,7.0,6.0,0.0,0.0,4.0,2.0,14.0,0.0,0.0,0.0,0.0,1.0,0.0,0.0,0.0,0.0,0.0,0.0,0.0,0.0,0.0,0.0,1.0,0.0,0.0,0.0,0.0,1.0,12.0,0.0,0.0,0.0,0.0,14.0,0.0,1.0,4.0,6.0,4563226631.0,-1.0,南宁市邕宁区,南宁市邕宁区那楼镇,11.0,22.5,0.0,5.5,39.0,38.56,42.150393700787404,38.14581005586592
广西壮族自治区,南宁市,邕宁区,新江镇,108.492818,22.622073,0.0,11.0,8.0,6.0,0.0,0.0,0.0,0.0,0.0,0.0,0.0,0.0,0.0,0.0,0.0,0.0,0.0,0.0,0.0,0.0,5.0,0.0,0.0,0.0,0.0,3.0,0.0,0.0,0.0,1.0,0.0,0.0,0.0,1.0,4.0,3.0,0.0,2.0,7.0,2.0,0.0,0.0,0.0,0.0,0.0,0.0,0.0,0.0,0.0,0.0,0.0,0.0,0.0,0.0,0.0,0.0,3.0,0.0,0.0,0.0,0.0,1.0,0.0,0.0,0.0,0.0,0.0,0.0,0.0,1.0,4.0,2.0,4562987054.0,-1.0,南宁市邕宁区,南宁市邕宁区新江镇,10.0,12.0,0.0,1.6,23.6,38.56,42.150393700787404,38.14581005586592
广西壮族自治区,南宁市,邕宁区,百济镇,108.575466,22.468422,0.0,2.0,1.0,4.0,7.0,0.0,0.0,0.0,0.0,0.0,0.0,0.0,0.0,0.0,0.0,0.0,0.0,0.0,0.0,0.0,1.0,0.0,0.0,0.0,0.0,1.0,0.0,0.0,0.0,0.0,0.0,0.0,0.0,1.0,6.0,1.0,0.0,1.0,1.0,2.0,4.0,0.0,0.0,0.0,0.0,0.0,0.0,0.0,0.0,0.0,0.0,0.0,0.0,0.0,0.0,0.0,1.0,0.0,0.0,0.0,0.0,1.0,0.0,0.0,0.0,0.0,0.0,0.0,0.0,1.0,5.0,1.0,4561401440.0,-1.0,南宁市邕宁区,南宁市邕宁区百济镇,8.0,14.6,0.0,0.5,23.1,38.56,42.150393700787404,38.14581005586592
广西壮族自治区,南宁市,邕宁区,中和镇,108.7476135,22.6816694,4.0,1.0,0.0,2.0,0.0,0.0,0.0,0.0,0.0,0.0,0.0,0.0,0.0,0.0,0.0,0.0,0.0,0.0,0.0,0.0,0.0,0.0,0.0,0.0,0.0,2.0,1.0,0.0,0.0,0.0,0.0,0.0,0.0,4.0,6.0,2.0,3.0,1.0,0.0,1.0,0.0,0.0,0.0,0.0,0.0,0.0,0.0,0.0,0.0,0.0,0.0,0.0,0.0,0.0,0.0,0.0,0.0,0.0,0.0,0.0,0.0,2.0,0.0,0.0,0.0,0.0,0.0,0.0,0.0,2.0,4.0,1.0,4563456558.0,-1.0,南宁市邕宁区,南宁市邕宁区中和镇,9.0,10.0,0.0,1.1,20.1,38.56,42.150393700787404,38.14581005586592
广西壮族自治区,南宁市,武鸣区,城厢镇,108.2795225,23.1665114,16.0,29.0,38.0,25.0,65.0,22.0,0.0,1.0,1.0,0.0,0.0,0.0,1.0,1.0,2.0,5.0,0.0,0.0,0.0,2.0,18.0,0.0,6.0,0.0,0.0,3.0,17.0,0.0,0.0,0.0,0.0,97.0,0.0,4.0,9.0,6.0,4.0,2.0,11.0,6.0,24.0,1.0,0.0,0.0,0.0,0.0,0.0,0.0,0.0,0.0,0.0,0.0,0.0,0.0,0.0,0.0,3.0,0.0,0.0,0.0,0.0,1.0,0.0,0.0,0.0,0.0,0.0,0.0,0.0,1.0,8.0,1.0,7992478707.0,-1.0,南宁市武鸣区,南宁市武鸣区城厢镇,10.0,26.0,0.0,4.7,40.7,27.96153846153846,42.150393700787404,38.14581005586592
广西壮族自治区,南宁市,武鸣区,太平镇,108.4359188,23.1126217,2.0,0.0,3.0,0.0,4.0,0.0,0.0,0.0,0.0,0.0,0.0,0.0,0.0,0.0,0.0,0.0,0.0,0.0,0.0,0.0,4.0,0.0,0.0,0.0,0.0,1.0,0.0,0.0,0.0,1.0,0.0,0.0,0.0,2.0,3.0,4.0,1.0,0.0,1.0,0.0,1.0,0.0,0.0,0.0,0.0,0.0,0.0,0.0,0.0,0.0,0.0,0.0,0.0,0.0,0.0,0.0,2.0,0.0,0.0,0.0,0.0,1.0,0.0,0.0,0.0,1.0,0.0,0.0,0.0,2.0,3.0,2.0,3457022720.0,-1.0,南宁市武鸣区,南宁市武鸣区太平镇,8.0,7.6,0.0,2.2,17.8,27.96153846153846,42.150393700787404,38.14581005586592
广西壮族自治区,南宁市,武鸣区,双桥镇,108.2999948,23.1024384,11.0,0.0,4.0,11.0,31.0,3.0,0.0,0.0,8.0,0.0,0.0,0.0,0.0,0.0,0.0,0.0,0.0,0.0,0.0,0.0,7.0,0.0,12.0,0.0,1.0,10.0,0.0,0.0,0.0,0.0,0.0,7.0,0.0,4.0,8.0,9.0,10.0,0.0,3.0,8.0,12.0,0.0,0.0,0.0,4.0,0.0,0.0,0.0,0.0,0.0,0.0,0.0,0.0,0.0,0.0,0.0,1.0,0.0,0.0,0.0,0.0,2.0,0.0,0.0,0.0,0.0,0.0,6.0,0.0,4.0,7.0,4.0,3457019281.0,-1.0,南宁市武鸣区,南宁市武鸣区双桥镇,12.0,25.8,0.0,4.0,41.8,27.96153846153846,42.150393700787404,38.14581005586592
广西壮族自治区,南宁市,武鸣区,宁武镇,108.2048893,23.1102867,3.0,3.0,4.0,4.0,9.0,3.0,0.0,0.0,0.0,0.0,0.0,0.0,0.0,0.0,0.0,0.0,0.0,0.0,0.0,0.0,9.0,0.0,7.0,0.0,0.0,5.0,0.0,0.0,0.0,2.0,0.0,0.0,0.0,3.0,7.0,8.0,1.0,1.0,2.0,3.0,6.0,1.0,0.0,0.0,0.0,0.0,0.0,0.0,0.0,0.0,0.0,0.0,0.0,0.0,0.0,0.0,2.0,0.0,1.0,0.0,0.0,1.0,0.0,0.0,0.0,0.0,0.0,0.0,0.0,2.0,6.0,4.0,3456975291.0,-1.0,南宁市武鸣区,南宁市武鸣区宁武镇,12.0,16.1,0.0,4.2,32.300000000000004,27.96153846153846,42.150393700787404,38.14581005586592
广西壮族自治区,南宁市,武鸣区,锣圩镇,108.023433,23.258366,0.0,10.0,0.0,4.0,3.0,0.0,0.0,0.0,0.0,0.0,0.0,0.0,0.0,0.0,0.0,0.0,0.0,0.0,0.0,1.0,7.0,0.0,7.0,0.0,0.0,3.0,0.0,0.0,0.0,0.0,0.0,1.0,1.0,3.0,7.0,7.0,0.0,5.0,0.0,4.0,3.0,0.0,0.0,0.0,0.0,0.0,0.0,0.0,0.0,0.0,0.0,0.0,0.0,0.0,0.0,1.0,1.0,0.0,1.0,0.0,0.0,1.0,0.0,0.0,0.0,0.0,0.0,1.0,1.0,2.0,4.0,6.0,5079253505.0,-1.0,南宁市武鸣区,南宁市武鸣区锣圩镇,10.0,14.0,1.0,3.5,28.5,27.96153846153846,42.150393700787404,38.14581005586592
广西壮族自治区,南宁市,武鸣区,仙湖镇,108.0912926,23.3583695,0.0,3.0,1.0,4.0,1.0,0.0,0.0,0.0,0.0,0.0,0.0,0.0,0.0,0.0,0.0,0.0,0.0,0.0,0.0,0.0,6.0,0.0,0.0,0.0,0.0,3.0,0.0,0.0,0.0,0.0,0.0,0.0,0.0,3.0,4.0,4.0,0.0,3.0,1.0,3.0,0.0,0.0,0.0,0.0,0.0,0.0,0.0,0.0,0.0,0.0,0.0,0.0,0.0,0.0,0.0,0.0,1.0,0.0,0.0,0.0,0.0,1.0,0.0,0.0,0.0,0.0,0.0,0.0,0.0,2.0,3.0,2.0,3457008790.0,-1.0,南宁市武鸣区,南宁市武鸣区仙湖镇,10.0,11.2,0.0,2.0,23.2,27.96153846153846,42.150393700787404,38.14581005586592
广西壮族自治区,南宁市,武鸣区,府城镇,108.204662,23.4278023,0.0,7.0,7.0,5.0,24.0,0.0,0.0,0.0,0.0,0.0,0.0,0.0,0.0,0.0,0.0,0.0,0.0,0.0,0.0,0.0,8.0,0.0,0.0,0.0,0.0,11.0,0.0,0.0,0.0,0.0,0.0,0.0,0.0,4.0,12.0,4.0,0.0,5.0,5.0,3.0,18.0,0.0,0.0,0.0,0.0,0.0,0.0,0.0,0.0,0.0,0.0,0.0,0.0,0.0,0.0,0.0,2.0,0.0,0.0,0.0,0.0,2.0,0.0,0.0,0.0,0.0,0.0,0.0,0.0,2.0,8.0,4.0,3457007881.0,-1.0,南宁市武鸣区,南宁市武鸣区府城镇,12.0,24.0,0.0,2.0,38.0,27.96153846153846,42.150393700787404,38.14581005586592
广西壮族自治区,南宁市,武鸣区,陆斡镇,108.393543,23.309984,1.0,0.0,2.0,1.0,4.0,0.0,0.0,0.0,0.0,0.0,0.0,0.0,0.0,0.0,0.0,0.0,0.0,0.0,0.0,0.0,8.0,0.0,1.0,0.0,0.0,1.0,2.0,0.0,0.0,0.0,0.0,0.0,0.0,2.0,6.0,5.0,0.0,0.0,1.0,0.0,0.0,0.0,0.0,0.0,0.0,0.0,0.0,0.0,0.0,0.0,0.0,0.0,0.0,0.0,0.0,0.0,1.0,0.0,0.0,0.0,0.0,1.0,0.0,0.0,0.0,0.0,0.0,0.0,0.0,1.0,1.0,1.0,5079031934.0,-1.0,南宁市武鸣区,南宁市武鸣区陆斡镇,8.0,9.8,0.0,2.7,20.5,27.96153846153846,42.150393700787404,38.14581005586592
广西壮族自治区,南宁市,武鸣区,两江镇,108.3715663,23.4368987,6.0,0.0,0.0,0.0,14.0,0.0,0.0,1.0,0.0,0.0,0.0,0.0,0.0,0.0,0.0,0.0,0.0,0.0,0.0,0.0,12.0,0.0,0.0,0.0,0.0,8.0,0.0,0.0,0.0,0.0,0.0,0.0,0.0,3.0,4.0,6.0,6.0,0.0,0.0,0.0,5.0,0.0,0.0,0.0,0.0,0.0,0.0,0.0,0.0,0.0,0.0,0.0,0.0,0.0,0.0,0.0,3.0,0.0,0.0,0.0,0.0,2.0,0.0,0.0,0.0,0.0,0.0,0.0,0.0,3.0,2.0,2.0,3457008789.0,-1.0,南宁市武鸣区,南宁市武鸣区两江镇,12.0,11.3,0.0,3.0,26.3,27.96153846153846,42.150393700787404,38.14581005586592
广西壮族自治区,南宁市,武鸣区,罗波镇,108.4170517,23.2799781,1.0,0.0,10.0,2.0,19.0,0.0,0.0,0.0,0.0,0.0,0.0,0.0,0.0,0.0,0.0,0.0,0.0,0.0,0.0,0.0,15.0,0.0,2.0,0.0,0.0,2.0,0.0,0.0,0.0,0.0,0.0,0.0,0.0,3.0,7.0,6.0,0.0,0.0,5.0,1.0,9.0,0.0,0.0,0.0,0.0,0.0,0.0,0.0,0.0,0.0,0.0,0.0,0.0,0.0,0.0,0.0,2.0,0.0,1.0,0.0,0.0,1.0,0.0,0.0,0.0,0.0,0.0,0.0,0.0,2.0,4.0,5.0,5078804853.0,-1.0,南宁市武鸣区,南宁市武鸣区罗波镇,9.0,17.0,0.0,3.0,29.0,27.96153846153846,42.150393700787404,38.14581005586592
广西壮族自治区,南宁市,武鸣区,灵马镇,107.907823,23.388582,0.0,3.0,0.0,0.0,0.0,0.0,0.0,0.0,0.0,0.0,0.0,0.0,0.0,0.0,0.0,0.0,0.0,0.0,0.0,0.0,2.0,0.0,0.0,0.0,0.0,1.0,0.0,0.0,0.0,0.0,0.0,3.0,0.0,1.0,1.0,2.0,0.0,3.0,0.0,0.0,0.0,0.0,0.0,0.0,0.0,0.0,0.0,0.0,0.0,0.0,0.0,0.0,0.0,0.0,0.0,0.0,1.0,0.0,0.0,0.0,0.0,1.0,0.0,0.0,0.0,0.0,0.0,3.0,0.0,1.0,1.0,2.0,5079253504.0,-1.0,南宁市武鸣区,南宁市武鸣区灵马镇,8.0,5.5,0.0,1.0,14.5,27.96153846153846,42.150393700787404,38.14581005586592
广西壮族自治区,南宁市,武鸣区,甘圩镇,108.2265642,22.9773712,0.0,0.0,2.0,4.0,7.0,0.0,0.0,0.0,0.0,0.0,0.0,0.0,0.0,0.0,1.0,1.0,0.0,0.0,0.0,0.0,7.0,0.0,2.0,0.0,0.0,3.0,1.0,0.0,0.0,1.0,0.0,0.0,0.0,1.0,4.0,8.0,0.0,0.0,2.0,2.0,6.0,0.0,0.0,0.0,0.0,0.0,0.0,0.0,0.0,0.0,1.0,1.0,0.0,0.0,0.0,0.0,2.0,0.0,2.0,0.0,0.0,1.0,0.0,0.0,0.0,0.0,0.0,0.0,0.0,1.0,4.0,3.0,5079462182.0,-1.0,南宁市武鸣区,南宁市武鸣区甘圩镇,10.0,14.2,5.0,4.2,33.4,27.96153846153846,42.150393700787404,38.14581005586592
广西壮族自治区,南宁市,武鸣区,马头镇,108.5,23.3044,0.0,0.0,0.0,7.0,1.0,0.0,0.0,0.0,0.0,0.0,0.0,0.0,0.0,0.0,0.0,0.0,0.0,0.0,0.0,0.0,7.0,0.0,0.0,0.0,0.0,2.0,0.0,0.0,0.0,0.0,0.0,0.0,0.0,1.0,2.0,4.0,0.0,0.0,0.0,3.0,1.0,0.0,0.0,0.0,0.0,0.0,0.0,0.0,0.0,0.0,0.0,0.0,0.0,0.0,0.0,0.0,2.0,0.0,0.0,0.0,0.0,2.0,0.0,0.0,0.0,0.0,0.0,0.0,0.0,1.0,2.0,4.0,7992478705.0,-1.0,南宁市武鸣区,南宁市武鸣区马头镇,9.0,6.5,0.0,2.0,17.5,27.96153846153846,42.150393700787404,38.14581005586592
广西壮族自治区,南宁市,隆安县,城厢镇,107.6854036,23.1757847,5.0,7.0,16.0,26.0,57.0,5.0,0.0,0.0,3.0,1.0,0.0,0.0,0.0,0.0,3.0,3.0,0.0,0.0,0.0,0.0,12.0,0.0,2.0,0.0,0.0,7.0,0.0,0.0,0.0,4.0,0.0,2.0,0.0,8.0,11.0,7.0,3.0,3.0,5.0,12.0,27.0,3.0,0.0,0.0,3.0,0.0,0.0,0.0,0.0,0.0,0.0,0.0,0.0,0.0,0.0,0.0,1.0,0.0,0.0,0.0,0.0,2.0,0.0,0.0,0.0,0.0,0.0,0.0,0.0,6.0,7.0,3.0,5100752596.0,17634641.0,南宁市隆安县,南宁市隆安县城厢镇,20.0,28.0,0.0,3.9,51.9,33.93,42.150393700787404,38.14581005586592
广西壮族自治区,南宁市,隆安县,南圩镇,107.6655557,23.1324461,0.0,6.0,3.0,2.0,15.0,0.0,0.0,0.0,0.0,0.0,0.0,0.0,0.0,0.0,0.0,0.0,0.0,0.0,0.0,0.0,11.0,0.0,1.0,0.0,0.0,7.0,0.0,0.0,0.0,1.0,0.0,0.0,0.0,2.0,5.0,4.0,0.0,1.0,0.0,1.0,0.0,0.0,0.0,0.0,0.0,0.0,0.0,0.0,0.0,0.0,0.0,0.0,0.0,0.0,0.0,0.0,2.0,0.0,1.0,0.0,0.0,1.0,0.0,0.0,0.0,0.0,0.0,0.0,0.0,1.0,2.0,2.0,5155609497.0,17625687.0,南宁市隆安县,南宁市隆安县南圩镇,20.0,12.5,0.0,2.1,34.6,33.93,42.150393700787404,38.14581005586592
广西壮族自治区,南宁市,隆安县,雁江镇,107.6356649,23.2703613,0.0,0.0,0.0,10.0,13.0,0.0,0.0,0.0,0.0,0.0,0.0,0.0,0.0,0.0,2.0,2.0,0.0,0.0,0.0,0.0,27.0,0.0,1.0,1.0,0.0,5.0,0.0,0.0,0.0,2.0,0.0,0.0,0.0,9.0,3.0,7.0,0.0,0.0,0.0,5.0,9.0,0.0,0.0,0.0,0.0,0.0,0.0,0.0,0.0,0.0,2.0,2.0,0.0,0.0,0.0,0.0,8.0,0.0,0.0,1.0,0.0,1.0,0.0,0.0,0.0,0.0,0.0,0.0,0.0,3.0,3.0,6.0,4486579783.0,17621218.0,南宁市隆安县,南宁市隆安县雁江镇,20.0,11.8,5.0,3.7,40.5,33.93,42.150393700787404,38.14581005586592
广西壮族自治区,南宁市,隆安县,那桐镇,107.8668721,23.0431222,10.0,0.0,5.0,1.0,25.0,8.0,0.0,1.0,0.0,0.0,1.0,0.0,0.0,0.0,1.0,1.0,0.0,0.0,0.0,0.0,20.0,1.0,9.0,0.0,0.0,3.0,22.0,0.0,0.0,0.0,0.0,17.0,0.0,7.0,9.0,8.0,4.0,0.0,4.0,0.0,4.0,0.0,0.0,0.0,0.0,0.0,0.0,0.0,0.0,0.0,0.0,0.0,0.0,0.0,0.0,0.0,3.0,0.0,0.0,0.0,0.0,1.0,0.0,0.0,0.0,0.0,0.0,6.0,0.0,5.0,3.0,4.0,5081105960.0,17634379.0,南宁市隆安县,南宁市隆安县那桐镇,18.0,18.2,0.0,6.2,42.400000000000006,33.93,42.150393700787404,38.14581005586592
广西壮族自治区,南宁市,隆安县,乔建镇,107.7255785,23.0695728,0.0,4.0,1.0,1.0,0.0,0.0,0.0,0.0,0.0,0.0,0.0,0.0,0.0,0.0,0.0,0.0,0.0,0.0,0.0,0.0,6.0,0.0,0.0,0.0,0.0,5.0,0.0,0.0,0.0,0.0,0.0,0.0,0.0,1.0,3.0,3.0,0.0,1.0,0.0,0.0,0.0,0.0,0.0,0.0,0.0,0.0,0.0,0.0,0.0,0.0,0.0,0.0,0.0,0.0,0.0,0.0,3.0,0.0,0.0,0.0,0.0,2.0,0.0,0.0,0.0,0.0,0.0,0.0,0.0,1.0,1.0,3.0,5099808731.0,-1.0,南宁市隆安县,南宁市隆安县乔建镇,12.0,7.5,0.0,1.5,21.0,33.93,42.150393700787404,38.14581005586592
广西壮族自治区,南宁市,隆安县,丁当镇,107.9642393,23.1272826,3.0,3.0,0.0,2.0,16.0,0.0,0.0,0.0,0.0,0.0,0.0,0.0,0.0,0.0,0.0,0.0,0.0,0.0,0.0,0.0,3.0,0.0,1.0,0.0,0.0,4.0,0.0,0.0,0.0,0.0,0.0,0.0,0.0,6.0,6.0,5.0,0.0,2.0,0.0,2.0,16.0,0.0,0.0,0.0,0.0,0.0,0.0,0.0,0.0,0.0,0.0,0.0,0.0,0.0,0.0,0.0,3.0,0.0,1.0,0.0,0.0,2.0,0.0,0.0,0.0,0.0,0.0,0.0,0.0,2.0,4.0,3.0,3457019245.0,17634570.0,南宁市隆安县,南宁市隆安县丁当镇,19.0,18.0,0.0,2.5,39.5,33.93,42.150393700787404,38.14581005586592
广西壮族自治区,南宁市,隆安县,古潭乡,107.7722014,22.9839904,1.0,1.0,0.0,0.0,4.0,0.0,0.0,0.0,0.0,0.0,0.0,0.0,0.0,0.0,0.0,0.0,0.0,0.0,0.0,0.0,9.0,0.0,0.0,0.0,0.0,1.0,0.0,0.0,0.0,0.0,0.0,0.0,0.0,2.0,3.0,3.0,1.0,1.0,0.0,0.0,4.0,0.0,0.0,0.0,0.0,0.0,0.0,0.0,0.0,0.0,0.0,0.0,0.0,0.0,0.0,0.0,1.0,0.0,0.0,0.0,0.0,1.0,0.0,0.0,0.0,0.0,0.0,0.0,0.0,2.0,3.0,2.0,5100770862.0,-1.0,南宁市隆安县,南宁市隆安县古潭乡,8.0,8.5,0.0,1.5,18.0,33.93,42.150393700787404,38.14581005586592
广西壮族自治区,南宁市,隆安县,都结乡,107.465,23.1898,0.0,1.0,0.0,0.0,1.0,0.0,0.0,0.0,0.0,0.0,0.0,0.0,0.0,0.0,0.0,0.0,0.0,0.0,0.0,0.0,2.0,0.0,0.0,0.0,0.0,1.0,0.0,0.0,0.0,0.0,0.0,0.0,0.0,2.0,2.0,2.0,0.0,1.0,0.0,0.0,1.0,0.0,0.0,0.0,0.0,0.0,0.0,0.0,0.0,0.0,0.0,0.0,0.0,0.0,0.0,0.0,1.0,0.0,0.0,0.0,0.0,1.0,0.0,0.0,0.0,0.0,0.0,0.0,0.0,1.0,2.0,1.0,4568855541.0,-1.0,南宁市隆安县,南宁市隆安县都结乡,8.0,6.5,0.0,1.0,15.5,33.93,42.150393700787404,38.14581005586592
广西壮族自治区,南宁市,隆安县,布泉乡,107.4473234,23.0956577,0.0,0.0,6.0,12.0,15.0,0.0,0.0,0.0,0.0,0.0,0.0,0.0,0.0,0.0,0.0,0.0,0.0,0.0,0.0,3.0,5.0,0.0,0.0,0.0,0.0,7.0,0.0,0.0,0.0,0.0,0.0,0.0,0.0,1.0,5.0,4.0,0.0,0.0,4.0,6.0,4.0,0.0,0.0,0.0,0.0,0.0,0.0,0.0,0.0,0.0,0.0,0.0,0.0,0.0,0.0,3.0,2.0,0.0,0.0,0.0,0.0,2.0,0.0,0.0,0.0,0.0,0.0,0.0,0.0,1.0,4.0,3.0,7988640524.0,17622384.0,南宁市隆安县,南宁市隆安县布泉乡,20.0,16.7,3.0,2.0,41.7,33.93,42.150393700787404,38.14581005586592
广西壮族自治区,南宁市,隆安县,屏山乡,107.58872,22.9512296,1.0,0.0,0.0,2.0,10.0,0.0,0.0,0.0,0.0,0.0,0.0,0.0,0.0,0.0,0.0,0.0,0.0,0.0,0.0,0.0,5.0,0.0,0.0,0.0,0.0,3.0,0.0,0.0,0.0,0.0,0.0,0.0,0.0,2.0,4.0,5.0,1.0,0.0,0.0,0.0,9.0,0.0,0.0,0.0,0.0,0.0,0.0,0.0,0.0,0.0,0.0,0.0,0.0,0.0,0.0,0.0,4.0,0.0,0.0,0.0,0.0,1.0,0.0,0.0,0.0,0.0,0.0,0.0,0.0,2.0,3.0,2.0,4608162366.0,11733559.0,南宁市隆安县,南宁市隆安县屏山乡,18.0,13.7,0.0,2.5,34.2,33.93,42.150393700787404,38.14581005586592
广西壮族自治区,南宁市,马山县,白山镇,108.154757,23.7089062,9.0,5.0,10.0,7.0,47.0,0.0,0.0,1.0,0.0,0.0,0.0,0.0,0.0,0.0,0.0,0.0,0.0,0.0,0.0,0.0,9.0,0.0,0.0,0.0,0.0,5.0,0.0,0.0,0.0,0.0,0.0,2.0,0.0,5.0,7.0,4.0,3.0,2.0,7.0,6.0,40.0,0.0,0.0,1.0,0.0,0.0,0.0,0.0,0.0,0.0,0.0,0.0,0.0,0.0,0.0,0.0,2.0,0.0,0.0,0.0,0.0,1.0,0.0,0.0,0.0,0.0,0.0,2.0,0.0,3.0,7.0,4.0,7994864455.0,-1.0,南宁市马山县,南宁市马山县白山镇,12.0,23.5,0.0,2.0,37.5,24.218181818181815,42.150393700787404,38.14581005586592
广西壮族自治区,南宁市,马山县,百龙滩镇,108.1446925,23.8400293,5.0,3.0,4.0,1.0,8.0,0.0,0.0,0.0,0.0,0.0,0.0,0.0,0.0,0.0,0.0,0.0,0.0,0.0,0.0,0.0,3.0,0.0,1.0,0.0,0.0,3.0,0.0,0.0,0.0,0.0,0.0,0.0,0.0,10.0,9.0,5.0,4.0,1.0,4.0,1.0,1.0,0.0,0.0,0.0,0.0,0.0,0.0,0.0,0.0,0.0,0.0,0.0,0.0,0.0,0.0,0.0,3.0,0.0,1.0,0.0,0.0,2.0,0.0,0.0,0.0,0.0,0.0,0.0,0.0,9.0,6.0,4.0,3453476314.0,-1.0,南宁市马山县,南宁市马山县百龙滩镇,10.0,11.9,0.0,2.5,24.4,24.218181818181815,42.150393700787404,38.14581005586592
广西壮族自治区,南宁市,马山县,林圩镇,108.131058,23.523328,0.0,0.0,4.0,5.0,1.0,0.0,0.0,0.0,0.0,0.0,0.0,0.0,0.0,0.0,0.0,0.0,0.0,0.0,0.0,0.0,0.0,0.0,0.0,0.0,0.0,1.0,0.0,0.0,0.0,0.0,0.0,0.0,0.0,1.0,3.0,0.0,0.0,0.0,4.0,3.0,0.0,0.0,0.0,0.0,0.0,0.0,0.0,0.0,0.0,0.0,0.0,0.0,0.0,0.0,0.0,0.0,0.0,0.0,0.0,0.0,0.0,1.0,0.0,0.0,0.0,0.0,0.0,0.0,0.0,1.0,2.0,0.0,3457007882.0,-1.0,南宁市马山县,南宁市马山县林圩镇,8.0,11.7,0.0,0.0,19.7,24.218181818181815,42.150393700787404,38.14581005586592
广西壮族自治区,南宁市,马山县,古零镇,108.3114966,23.6379323,3.0,3.0,0.0,4.0,25.0,1.0,0.0,0.0,0.0,3.0,0.0,0.0,0.0,0.0,0.0,0.0,0.0,0.0,0.0,0.0,14.0,0.0,0.0,0.0,0.0,6.0,0.0,0.0,0.0,0.0,0.0,0.0,1.0,2.0,6.0,4.0,2.0,0.0,0.0,4.0,7.0,0.0,0.0,0.0,0.0,0.0,0.0,0.0,0.0,0.0,0.0,0.0,0.0,0.0,0.0,0.0,5.0,0.0,0.0,0.0,0.0,1.0,0.0,0.0,0.0,0.0,0.0,0.0,0.0,2.0,4.0,1.0,3457027041.0,-1.0,南宁市马山县,南宁市马山县古零镇,12.0,21.1,0.0,2.0,35.1,24.218181818181815,42.150393700787404,38.14581005586592
广西壮族自治区,南宁市,马山县,金钗镇,108.4284118,24.0029222,0.0,3.0,4.0,5.0,24.0,0.0,0.0,0.0,0.0,0.0,0.0,0.0,0.0,0.0,0.0,0.0,0.0,0.0,0.0,0.0,3.0,0.0,0.0,0.0,1.0,1.0,0.0,0.0,0.0,0.0,0.0,1.0,0.0,10.0,6.0,5.0,0.0,2.0,1.0,5.0,20.0,0.0,0.0,0.0,0.0,0.0,0.0,0.0,0.0,0.0,0.0,0.0,0.0,0.0,0.0,0.0,2.0,0.0,0.0,0.0,1.0,1.0,0.0,0.0,0.0,0.0,0.0,1.0,0.0,1.0,6.0,4.0,5115474093.0,-1.0,南宁市马山县,南宁市马山县金钗镇,8.0,23.0,0.0,2.5,33.5,24.218181818181815,42.150393700787404,38.14581005586592
广西壮族自治区,南宁市,马山县,周鹿镇,107.995833,23.555278,0.0,4.0,6.0,14.0,11.0,0.0,0.0,0.0,0.0,0.0,0.0,0.0,0.0,0.0,0.0,0.0,0.0,0.0,0.0,0.0,0.0,0.0,0.0,0.0,0.0,1.0,0.0,0.0,0.0,0.0,0.0,0.0,0.0,1.0,7.0,1.0,0.0,2.0,4.0,12.0,10.0,0.0,0.0,0.0,0.0,0.0,0.0,0.0,0.0,0.0,0.0,0.0,0.0,0.0,0.0,0.0,0.0,0.0,0.0,0.0,0.0,1.0,0.0,0.0,0.0,0.0,0.0,0.0,0.0,1.0,4.0,1.0,5098673530.0,-1.0,南宁市马山县,南宁市马山县周鹿镇,8.0,18.7,0.0,0.5,27.2,24.218181818181815,42.150393700787404,38.14581005586592
广西壮族自治区,南宁市,马山县,永州镇,107.832778,23.550278,0.0,0.0,2.0,2.0,1.0,0.0,0.0,0.0,0.0,0.0,0.0,0.0,0.0,0.0,0.0,0.0,0.0,0.0,0.0,0.0,10.0,0.0,0.0,0.0,0.0,3.0,0.0,0.0,0.0,0.0,0.0,0.0,0.0,1.0,3.0,2.0,0.0,0.0,2.0,2.0,1.0,0.0,0.0,0.0,0.0,0.0,0.0,0.0,0.0,0.0,0.0,0.0,0.0,0.0,0.0,0.0,3.0,0.0,0.0,0.0,0.0,1.0,0.0,0.0,0.0,0.0,0.0,0.0,0.0,1.0,3.0,1.0,5098673529.0,-1.0,南宁市马山县,南宁市马山县永州镇,10.0,9.0,0.0,1.0,20.0,24.218181818181815,42.150393700787404,38.14581005586592
广西壮族自治区,南宁市,马山县,乔利乡,108.106111,23.637222,0.0,0.0,1.0,0.0,0.0,0.0,0.0,0.0,0.0,0.0,0.0,0.0,0.0,0.0,0.0,0.0,0.0,0.0,0.0,0.0,0.0,0.0,0.0,0.0,0.0,1.0,0.0,0.0,0.0,0.0,0.0,0.0,0.0,1.0,2.0,0.0,0.0,0.0,1.0,0.0,0.0,0.0,0.0,0.0,0.0,0.0,0.0,0.0,0.0,0.0,0.0,0.0,0.0,0.0,0.0,0.0,0.0,0.0,0.0,0.0,0.0,1.0,0.0,0.0,0.0,0.0,0.0,0.0,0.0,1.0,1.0,0.0,5098613887.0,-1.0,南宁市马山县,南宁市马山县乔利乡,8.0,6.0,0.0,0.0,14.0,24.218181818181815,42.150393700787404,38.14581005586592
广西壮族自治区,南宁市,马山县,加方乡,108.432843,23.732442,0.0,0.0,1.0,5.0,1.0,0.0,0.0,0.0,0.0,0.0,0.0,0.0,0.0,0.0,0.0,0.0,0.0,0.0,0.0,0.0,3.0,0.0,0.0,0.0,0.0,1.0,0.0,0.0,0.0,0.0,0.0,0.0,0.0,1.0,3.0,1.0,0.0,0.0,1.0,5.0,1.0,0.0,0.0,0.0,0.0,0.0,0.0,0.0,0.0,0.0,0.0,0.0,0.0,0.0,0.0,0.0,2.0,0.0,0.0,0.0,0.0,1.0,0.0,0.0,0.0,0.0,0.0,0.0,0.0,1.0,3.0,1.0,5077519879.0,-1.0,南宁市马山县,南宁市马山县加方乡,8.0,12.0,0.0,0.5,20.5,24.218181818181815,42.150393700787404,38.14581005586592
广西壮族自治区,南宁市,马山县,古寨瑶族乡,108.301884,23.716174,0.0,0.0,4.0,0.0,1.0,0.0,0.0,0.0,0.0,0.0,0.0,0.0,0.0,0.0,0.0,0.0,0.0,0.0,0.0,0.0,2.0,0.0,0.0,0.0,0.0,2.0,0.0,0.0,0.0,0.0,0.0,0.0,0.0,1.0,2.0,1.0,0.0,0.0,3.0,0.0,1.0,0.0,0.0,0.0,0.0,0.0,0.0,0.0,0.0,0.0,0.0,0.0,0.0,0.0,0.0,0.0,2.0,0.0,0.0,0.0,0.0,1.0,0.0,0.0,0.0,0.0,0.0,0.0,0.0,1.0,2.0,1.0,5098613886.0,-1.0,南宁市马山县,南宁市马山县古寨瑶族乡,9.0,6.5,0.0,0.5,16.0,24.218181818181815,42.150393700787404,38.14581005586592
广西壮族自治区,南宁市,马山县,里当瑶族乡,108.349824,23.871,0.0,0.0,3.0,3.0,1.0,0.0,0.0,0.0,0.0,0.0,0.0,0.0,0.0,0.0,0.0,0.0,0.0,0.0,0.0,0.0,1.0,0.0,0.0,0.0,0.0,1.0,0.0,0.0,0.0,0.0,0.0,0.0,0.0,1.0,3.0,1.0,0.0,0.0,3.0,3.0,1.0,0.0,0.0,0.0,0.0,0.0,0.0,0.0,0.0,0.0,0.0,0.0,0.0,0.0,0.0,0.0,1.0,0.0,0.0,0.0,0.0,1.0,0.0,0.0,0.0,0.0,0.0,0.0,0.0,1.0,3.0,1.0,4957891101.0,-1.0,南宁市马山县,南宁市马山县里当瑶族乡,8.0,10.0,0.0,0.5,18.5,24.218181818181815,42.150393700787404,38.14581005586592
广西壮族自治区,南宁市,上林县,大丰镇,108.5893605,23.4356671,0.0,9.0,26.0,18.0,251.0,7.0,0.0,0.0,1.0,0.0,0.0,1.0,1.0,1.0,5.0,6.0,0.0,0.0,1.0,4.0,32.0,0.0,5.0,2.0,1.0,8.0,17.0,0.0,4.0,1.0,0.0,9.0,0.0,3.0,9.0,10.0,0.0,7.0,10.0,7.0,110.0,2.0,0.0,0.0,1.0,0.0,0.0,1.0,1.0,1.0,2.0,2.0,0.0,0.0,0.0,4.0,11.0,0.0,0.0,2.0,0.0,1.0,15.0,0.0,4.0,0.0,0.0,7.0,0.0,1.0,8.0,5.0,7995152399.0,-1.0,南宁市上林县,南宁市上林县大丰镇,12.0,26.0,19.0,7.300000000000001,64.3,30.70909090909091,42.150393700787404,38.14581005586592
广西壮族自治区,南宁市,上林县,明亮镇,108.6148873,23.374726,6.0,0.0,4.0,12.0,29.0,1.0,0.0,0.0,0.0,0.0,0.0,0.0,0.0,0.0,0.0,0.0,0.0,0.0,0.0,0.0,1.0,0.0,0.0,0.0,0.0,1.0,0.0,0.0,0.0,0.0,0.0,0.0,0.0,3.0,7.0,4.0,6.0,0.0,1.0,3.0,6.0,0.0,0.0,0.0,0.0,0.0,0.0,0.0,0.0,0.0,0.0,0.0,0.0,0.0,0.0,0.0,1.0,0.0,0.0,0.0,0.0,1.0,0.0,0.0,0.0,0.0,0.0,0.0,0.0,3.0,4.0,3.0,3457034240.0,-1.0,南宁市上林县,南宁市上林县明亮镇,8.0,21.1,0.0,2.0,31.1,30.70909090909091,42.150393700787404,38.14581005586592
广西壮族自治区,南宁市,上林县,巷贤镇,108.676854,23.266736,3.0,0.0,3.0,4.0,1.0,0.0,0.0,0.0,0.0,0.0,0.0,0.0,0.0,0.0,0.0,0.0,0.0,0.0,0.0,0.0,3.0,0.0,0.0,0.0,0.0,1.0,0.0,0.0,0.0,0.0,0.0,0.0,0.0,3.0,5.0,5.0,2.0,0.0,2.0,4.0,1.0,0.0,0.0,0.0,0.0,0.0,0.0,0.0,0.0,0.0,0.0,0.0,0.0,0.0,0.0,0.0,2.0,0.0,0.0,0.0,0.0,1.0,0.0,0.0,0.0,0.0,0.0,0.0,0.0,2.0,4.0,1.0,5126394111.0,-1.0,南宁市上林县,南宁市上林县巷贤镇,8.0,12.0,0.0,2.5,22.5,30.70909090909091,42.150393700787404,38.14581005586592
广西壮族自治区,南宁市,上林县,白圩镇,108.7487925,23.412997,0.0,4.0,2.0,8.0,9.0,0.0,0.0,0.0,0.0,0.0,0.0,0.0,0.0,0.0,0.0,0.0,0.0,0.0,0.0,0.0,1.0,0.0,3.0,0.0,0.0,1.0,0.0,0.0,0.0,0.0,0.0,0.0,0.0,1.0,5.0,4.0,0.0,1.0,0.0,5.0,8.0,0.0,0.0,0.0,0.0,0.0,0.0,0.0,0.0,0.0,0.0,0.0,0.0,0.0,0.0,0.0,0.0,0.0,0.0,0.0,0.0,1.0,0.0,0.0,0.0,0.0,0.0,0.0,0.0,1.0,4.0,0.0,3724093613.0,-1.0,南宁市上林县,南宁市上林县白圩镇,8.0,16.7,0.0,2.0,26.7,30.70909090909091,42.150393700787404,38.14581005586592
广西壮族自治区,南宁市,上林县,三里镇,108.7230197,23.5264252,3.0,0.0,3.0,5.0,16.0,0.0,0.0,0.0,0.0,0.0,0.0,0.0,0.0,0.0,0.0,0.0,0.0,0.0,0.0,0.0,1.0,0.0,0.0,0.0,0.0,8.0,0.0,0.0,0.0,0.0,0.0,0.0,0.0,3.0,6.0,4.0,1.0,0.0,3.0,5.0,15.0,0.0,0.0,0.0,0.0,0.0,0.0,0.0,0.0,0.0,0.0,0.0,0.0,0.0,0.0,0.0,1.0,0.0,0.0,0.0,0.0,1.0,0.0,0.0,0.0,0.0,0.0,0.0,0.0,3.0,4.0,3.0,3722482359.0,-1.0,南宁市上林县,南宁市上林县三里镇,12.0,20.7,0.0,2.0,34.7,30.70909090909091,42.150393700787404,38.14581005586592
广西壮族自治区,南宁市,上林县,乔贤镇,108.6912431,23.6764377,11.0,0.0,0.0,3.0,4.0,0.0,0.0,0.0,0.0,0.0,0.0,0.0,0.0,0.0,0.0,0.0,0.0,0.0,0.0,0.0,6.0,0.0,1.0,0.0,0.0,8.0,0.0,0.0,0.0,1.0,0.0,0.0,0.0,3.0,5.0,3.0,7.0,0.0,0.0,2.0,4.0,0.0,0.0,0.0,0.0,0.0,0.0,0.0,0.0,0.0,0.0,0.0,0.0,0.0,0.0,0.0,2.0,0.0,0.0,0.0,0.0,2.0,0.0,0.0,0.0,0.0,0.0,0.0,0.0,3.0,5.0,2.0,3722756310.0,-1.0,南宁市上林县,南宁市上林县乔贤镇,12.0,12.5,0.0,1.6,26.1,30.70909090909091,42.150393700787404,38.14581005586592
广西壮族自治区,南宁市,上林县,西燕镇,108.511335,23.53348,0.0,7.0,3.0,1.0,2.0,4.0,0.0,0.0,0.0,0.0,2.0,0.0,0.0,0.0,0.0,0.0,0.0,0.0,0.0,0.0,4.0,0.0,0.0,0.0,0.0,8.0,2.0,0.0,0.0,0.0,0.0,0.0,0.0,2.0,9.0,4.0,0.0,5.0,1.0,0.0,1.0,0.0,0.0,0.0,0.0,0.0,0.0,0.0,0.0,0.0,0.0,0.0,0.0,0.0,0.0,0.0,3.0,0.0,0.0,0.0,0.0,1.0,0.0,0.0,0.0,0.0,0.0,0.0,0.0,2.0,3.0,2.0,5126294939.0,-1.0,南宁市上林县,南宁市上林县西燕镇,12.0,12.7,0.0,2.2,26.9,30.70909090909091,42.150393700787404,38.14581005586592
广西壮族自治区,南宁市,上林县,澄泰乡,108.665492,23.428795,4.0,2.0,4.0,3.0,17.0,0.0,0.0,0.0,0.0,0.0,0.0,0.0,0.0,0.0,1.0,1.0,0.0,0.0,0.0,0.0,4.0,0.0,0.0,0.0,2.0,3.0,0.0,0.0,0.0,0.0,0.0,0.0,0.0,3.0,9.0,5.0,2.0,0.0,1.0,1.0,3.0,0.0,0.0,0.0,0.0,0.0,0.0,0.0,0.0,0.0,0.0,0.0,0.0,0.0,0.0,0.0,3.0,0.0,0.0,0.0,0.0,1.0,0.0,0.0,0.0,0.0,0.0,0.0,0.0,2.0,5.0,2.0,5117985358.0,-1.0,南宁市上林县,南宁市上林县澄泰乡,10.0,16.3,0.0,2.5,28.8,30.70909090909091,42.150393700787404,38.14581005586592
广西壮族自治区,南宁市,上林县,木山乡,108.7253118,23.6763787,5.0,0.0,0.0,4.0,0.0,0.0,0.0,0.0,0.0,0.0,0.0,0.0,0.0,0.0,0.0,0.0,0.0,0.0,0.0,0.0,3.0,0.0,0.0,0.0,0.0,3.0,0.0,0.0,0.0,0.0,0.0,0.0,0.0,2.0,2.0,2.0,2.0,0.0,0.0,3.0,0.0,0.0,0.0,0.0,0.0,0.0,0.0,0.0,0.0,0.0,0.0,0.0,0.0,0.0,0.0,0.0,3.0,0.0,0.0,0.0,0.0,1.0,0.0,0.0,0.0,0.0,0.0,0.0,0.0,2.0,2.0,2.0,3908296694.0,-1.0,南宁市上林县,南宁市上林县木山乡,10.0,10.0,0.0,1.0,21.0,30.70909090909091,42.150393700787404,38.14581005586592
广西壮族自治区,南宁市,上林县,塘红乡,108.635505,23.67334,2.0,0.0,4.0,1.0,10.0,1.0,0.0,0.0,0.0,0.0,0.0,0.0,0.0,0.0,0.0,0.0,0.0,0.0,0.0,0.0,4.0,0.0,0.0,0.0,0.0,7.0,0.0,0.0,0.0,2.0,0.0,0.0,0.0,2.0,7.0,2.0,1.0,0.0,2.0,1.0,10.0,1.0,0.0,0.0,0.0,0.0,0.0,0.0,0.0,0.0,0.0,0.0,0.0,0.0,0.0,0.0,1.0,0.0,0.0,0.0,0.0,1.0,0.0,0.0,0.0,0.0,0.0,0.0,0.0,2.0,7.0,2.0,4957928142.0,-1.0,南宁市上林县,南宁市上林县塘红乡,12.0,14.5,0.0,1.2,27.7,30.70909090909091,42.150393700787404,38.14581005586592
广西壮族自治区,南宁市,上林县,镇圩瑶族乡,108.4206,23.631894,4.0,0.0,2.0,6.0,4.0,0.0,0.0,0.0,0.0,0.0,0.0,0.0,0.0,0.0,0.0,0.0,0.0,0.0,0.0,0.0,6.0,0.0,0.0,0.0,0.0,4.0,1.0,0.0,0.0,0.0,0.0,0.0,0.0,4.0,6.0,5.0,1.0,0.0,2.0,2.0,2.0,0.0,0.0,0.0,0.0,0.0,0.0,0.0,0.0,0.0,0.0,0.0,0.0,0.0,0.0,0.0,1.0,0.0,0.0,0.0,0.0,1.0,0.0,0.0,0.0,0.0,0.0,0.0,0.0,2.0,6.0,2.0,5077577368.0,-1.0,南宁市上林县,南宁市上林县镇圩瑶族乡,11.0,14.4,0.0,2.6,28.0,30.70909090909091,42.150393700787404,38.14581005586592
广西壮族自治区,南宁市,宾阳县,宾州镇,108.8096263,23.224978,6.0,5.0,32.0,29.0,223.0,3.0,2.0,0.0,1.0,0.0,1.0,1.0,2.0,2.0,6.0,6.0,0.0,0.0,0.0,5.0,4.0,0.0,1.0,0.0,0.0,4.0,3.0,0.0,0.0,6.0,3.0,8.0,3.0,4.0,15.0,8.0,0.0,0.0,9.0,6.0,38.0,0.0,0.0,0.0,0.0,0.0,0.0,1.0,1.0,1.0,1.0,1.0,0.0,0.0,0.0,3.0,1.0,0.0,0.0,0.0,0.0,2.0,2.0,0.0,0.0,6.0,2.0,0.0,2.0,2.0,6.0,3.0,7997751773.0,-1.0,南宁市宾阳县,南宁市宾阳县宾州镇,11.0,28.0,18.0,5.7,62.7,36.375,42.150393700787404,38.14581005586592
广西壮族自治区,南宁市,宾阳县,黎塘镇,109.129485,23.20284,8.0,0.0,33.0,21.0,212.0,49.0,0.0,1.0,6.0,3.0,0.0,0.0,0.0,0.0,5.0,6.0,1.0,0.0,0.0,0.0,10.0,0.0,9.0,0.0,0.0,11.0,34.0,0.0,0.0,5.0,6.0,12.0,0.0,5.0,9.0,8.0,0.0,0.0,18.0,6.0,66.0,5.0,0.0,1.0,5.0,3.0,0.0,0.0,0.0,0.0,2.0,2.0,1.0,0.0,0.0,0.0,4.0,0.0,2.0,0.0,0.0,2.0,7.0,0.0,0.0,0.0,4.0,3.0,0.0,4.0,6.0,7.0,621892885.0,-1.0,南宁市宾阳县,南宁市宾阳县黎塘镇,12.0,28.0,10.0,8.600000000000001,58.6,36.375,42.150393700787404,38.14581005586592
广西壮族自治区,南宁市,宾阳县,甘棠镇,108.9899342,22.9791486,0.0,0.0,4.0,12.0,32.0,0.0,0.0,0.0,0.0,0.0,0.0,0.0,0.0,0.0,0.0,0.0,0.0,0.0,0.0,0.0,1.0,0.0,0.0,0.0,0.0,4.0,0.0,0.0,0.0,0.0,0.0,4.0,0.0,3.0,5.0,5.0,0.0,0.0,3.0,8.0,16.0,0.0,0.0,0.0,0.0,0.0,0.0,0.0,0.0,0.0,0.0,0.0,0.0,0.0,0.0,0.0,1.0,0.0,0.0,0.0,0.0,1.0,0.0,0.0,0.0,0.0,0.0,4.0,0.0,1.0,3.0,3.0,3909512192.0,-1.0,南宁市宾阳县,南宁市宾阳县甘棠镇,11.0,22.5,0.0,2.5,36.0,36.375,42.150393700787404,38.14581005586592
广西壮族自治区,南宁市,宾阳县,思陇镇,108.6480746,23.167854,10.0,0.0,4.0,0.0,18.0,0.0,0.0,0.0,0.0,0.0,0.0,0.0,0.0,0.0,0.0,0.0,0.0,0.0,0.0,0.0,1.0,0.0,0.0,0.0,0.0,1.0,3.0,0.0,0.0,0.0,0.0,0.0,0.0,3.0,8.0,5.0,2.0,0.0,3.0,0.0,9.0,0.0,0.0,0.0,0.0,0.0,0.0,0.0,0.0,0.0,0.0,0.0,0.0,0.0,0.0,0.0,0.0,0.0,0.0,0.0,0.0,1.0,3.0,0.0,0.0,0.0,0.0,0.0,0.0,2.0,5.0,1.0,3719411786.0,-1.0,南宁市宾阳县,南宁市宾阳县思陇镇,8.0,15.3,0.0,3.1,26.400000000000002,36.375,42.150393700787404,38.14581005586592
广西壮族自治区,南宁市,宾阳县,新桥镇,108.752,23.2165,5.0,0.0,3.0,15.0,56.0,1.0,0.0,3.0,0.0,0.0,1.0,0.0,0.0,0.0,0.0,0.0,0.0,0.0,0.0,0.0,7.0,0.0,1.0,0.0,0.0,2.0,0.0,0.0,0.0,0.0,0.0,0.0,0.0,3.0,9.0,6.0,3.0,0.0,3.0,7.0,23.0,0.0,0.0,0.0,0.0,0.0,0.0,0.0,0.0,0.0,0.0,0.0,0.0,0.0,0.0,0.0,6.0,0.0,1.0,0.0,0.0,1.0,0.0,0.0,0.0,0.0,0.0,0.0,0.0,2.0,5.0,6.0,5083451123.0,-1.0,南宁市宾阳县,南宁市宾阳县新桥镇,9.0,26.0,0.0,3.0,38.0,36.375,42.150393700787404,38.14581005586592
广西壮族自治区,南宁市,宾阳县,新圩镇,108.7900924,23.3332728,0.0,3.0,0.0,3.0,11.0,0.0,0.0,0.0,0.0,0.0,0.0,0.0,0.0,0.0,0.0,0.0,0.0,0.0,0.0,0.0,2.0,0.0,0.0,0.0,0.0,3.0,0.0,0.0,0.0,0.0,0.0,0.0,0.0,4.0,7.0,4.0,0.0,1.0,0.0,1.0,8.0,0.0,0.0,0.0,0.0,0.0,0.0,0.0,0.0,0.0,0.0,0.0,0.0,0.0,0.0,0.0,1.0,0.0,0.0,0.0,0.0,1.0,0.0,0.0,0.0,0.0,0.0,0.0,0.0,2.0,7.0,3.0,3724093612.0,-1.0,南宁市宾阳县,南宁市宾阳县新圩镇,10.0,16.1,0.0,2.0,28.1,36.375,42.150393700787404,38.14581005586592
广西壮族自治区,南宁市,宾阳县,邹圩镇,108.8840238,23.3741564,5.0,0.0,0.0,2.0,25.0,0.0,0.0,0.0,0.0,0.0,0.0,0.0,0.0,0.0,0.0,0.0,0.0,0.0,0.0,0.0,0.0,0.0,0.0,0.0,0.0,6.0,0.0,0.0,0.0,0.0,0.0,0.0,0.0,2.0,4.0,3.0,3.0,0.0,0.0,1.0,24.0,0.0,0.0,0.0,0.0,0.0,0.0,0.0,0.0,0.0,0.0,0.0,0.0,0.0,0.0,0.0,0.0,0.0,0.0,0.0,0.0,1.0,0.0,0.0,0.0,0.0,0.0,0.0,0.0,2.0,4.0,1.0,3724094303.0,-1.0,南宁市宾阳县,南宁市宾阳县邹圩镇,12.0,21.2,0.0,1.5,34.7,36.375,42.150393700787404,38.14581005586592
广西壮族自治区,南宁市,宾阳县,大桥镇,108.9218467,23.2047943,3.0,4.0,0.0,9.0,15.0,5.0,0.0,0.0,0.0,0.0,0.0,0.0,0.0,0.0,0.0,0.0,0.0,0.0,0.0,0.0,2.0,0.0,3.0,0.0,0.0,6.0,2.0,0.0,0.0,2.0,0.0,0.0,0.0,2.0,7.0,4.0,3.0,1.0,0.0,4.0,1.0,0.0,0.0,0.0,0.0,0.0,0.0,0.0,0.0,0.0,0.0,0.0,0.0,0.0,0.0,0.0,2.0,0.0,2.0,0.0,0.0,2.0,0.0,0.0,0.0,0.0,0.0,0.0,0.0,2.0,5.0,4.0,5126500836.0,-1.0,南宁市宾阳县,南宁市宾阳县大桥镇,12.0,16.8,0.0,2.4,31.2,36.375,42.150393700787404,38.14581005586592
广西壮族自治区,南宁市,宾阳县,武陵镇,108.8955166,23.141491,0.0,4.0,0.0,10.0,21.0,0.0,0.0,0.0,0.0,0.0,0.0,0.0,0.0,0.0,0.0,0.0,0.0,0.0,0.0,0.0,0.0,0.0,0.0,0.0,0.0,4.0,2.0,0.0,0.0,2.0,0.0,5.0,0.0,1.0,7.0,6.0,0.0,4.0,0.0,4.0,10.0,0.0,0.0,0.0,0.0,0.0,0.0,0.0,0.0,0.0,0.0,0.0,0.0,0.0,0.0,0.0,0.0,0.0,0.0,0.0,0.0,2.0,0.0,0.0,0.0,0.0,0.0,0.0,0.0,1.0,3.0,1.0,5083878876.0,-1.0,南宁市宾阳县,南宁市宾阳县武陵镇,11.0,20.7,0.0,3.4,35.1,36.375,42.150393700787404,38.14581005586592
广西壮族自治区,南宁市,宾阳县,中华镇,108.941655,23.1357384,0.0,4.0,0.0,13.0,39.0,0.0,0.0,0.0,0.0,0.0,0.0,0.0,0.0,0.0,0.0,0.0,0.0,0.0,0.0,0.0,3.0,0.0,0.0,0.0,0.0,2.0,2.0,0.0,1.0,8.0,0.0,5.0,0.0,1.0,8.0,5.0,0.0,1.0,0.0,5.0,2.0,0.0,0.0,0.0,0.0,0.0,0.0,0.0,0.0,0.0,0.0,0.0,0.0,0.0,0.0,0.0,2.0,0.0,0.0,0.0,0.0,1.0,0.0,0.0,0.0,0.0,0.0,0.0,0.0,1.0,3.0,1.0,5083869163.0,-1.0,南宁市宾阳县,南宁市宾阳县中华镇,9.0,22.4,0.0,3.5,34.9,36.375,42.150393700787404,38.14581005586592
广西壮族自治区,南宁市,宾阳县,古辣镇,108.9788599,23.1138363,0.0,5.0,0.0,16.0,107.0,6.0,0.0,0.0,0.0,0.0,0.0,0.0,0.0,0.0,0.0,0.0,0.0,0.0,0.0,0.0,3.0,0.0,2.0,0.0,0.0,1.0,0.0,0.0,0.0,6.0,0.0,4.0,0.0,3.0,7.0,5.0,0.0,1.0,0.0,8.0,42.0,0.0,0.0,0.0,0.0,0.0,0.0,0.0,0.0,0.0,0.0,0.0,0.0,0.0,0.0,0.0,1.0,0.0,1.0,0.0,0.0,1.0,0.0,0.0,0.0,1.0,0.0,4.0,0.0,3.0,3.0,4.0,5083513120.0,-1.0,南宁市宾阳县,南宁市宾阳县古辣镇,8.0,23.5,0.0,3.2,34.7,36.375,42.150393700787404,38.14581005586592
广西壮族自治区,南宁市,宾阳县,露圩镇,109.0314517,23.0200764,0.0,7.0,5.0,5.0,16.0,0.0,0.0,0.0,0.0,0.0,0.0,0.0,0.0,0.0,0.0,0.0,0.0,0.0,0.0,0.0,2.0,0.0,1.0,0.0,0.0,12.0,0.0,0.0,0.0,1.0,0.0,0.0,0.0,3.0,7.0,6.0,0.0,3.0,1.0,3.0,14.0,0.0,0.0,0.0,0.0,0.0,0.0,0.0,0.0,0.0,0.0,0.0,0.0,0.0,0.0,0.0,1.0,0.0,0.0,0.0,0.0,1.0,0.0,0.0,0.0,0.0,0.0,0.0,0.0,2.0,4.0,5.0,3718366982.0,-1.0,南宁市宾阳县,南宁市宾阳县露圩镇,12.0,20.9,0.0,3.1,36.0,36.375,42.150393700787404,38.14581005586592
广西壮族自治区,南宁市,宾阳县,王灵镇,108.9956807,23.1788019,3.0,0.0,0.0,7.0,52.0,0.0,0.0,0.0,0.0,0.0,0.0,0.0,0.0,0.0,0.0,0.0,0.0,0.0,0.0,0.0,3.0,0.0,2.0,0.0,0.0,1.0,0.0,0.0,0.0,1.0,0.0,1.0,0.0,2.0,6.0,5.0,3.0,0.0,0.0,2.0,17.0,0.0,0.0,0.0,0.0,0.0,0.0,0.0,0.0,0.0,0.0,0.0,0.0,0.0,0.0,0.0,3.0,0.0,1.0,0.0,0.0,1.0,0.0,0.0,0.0,0.0,0.0,0.0,0.0,2.0,4.0,3.0,5126521993.0,-1.0,南宁市宾阳县,南宁市宾阳县王灵镇,8.0,23.0,0.0,2.6,33.6,36.375,42.150393700787404,38.14581005586592
广西壮族自治区,南宁市,宾阳县,和吉镇,109.1245606,23.2829338,0.0,0.0,3.0,12.0,5.0,1.0,0.0,0.0,0.0,0.0,0.0,0.0,0.0,0.0,0.0,0.0,0.0,0.0,0.0,0.0,3.0,0.0,0.0,0.0,0.0,6.0,1.0,0.0,0.0,9.0,0.0,4.0,0.0,7.0,4.0,4.0,0.0,0.0,3.0,7.0,0.0,1.0,0.0,0.0,0.0,0.0,0.0,0.0,0.0,0.0,0.0,0.0,0.0,0.0,0.0,0.0,1.0,0.0,0.0,0.0,0.0,1.0,0.0,0.0,0.0,3.0,0.0,4.0,0.0,7.0,3.0,3.0,3722471575.0,-1.0,南宁市宾阳县,南宁市宾阳县和吉镇,12.0,13.0,0.0,3.3,28.3,36.375,42.150393700787404,38.14581005586592
广西壮族自治区,南宁市,宾阳县,洋桥镇,109.0182245,23.3154345,0.0,4.0,0.0,3.0,27.0,0.0,0.0,0.0,0.0,0.0,0.0,0.0,0.0,0.0,0.0,0.0,0.0,0.0,0.0,0.0,1.0,0.0,0.0,0.0,0.0,1.0,0.0,0.0,0.0,0.0,0.0,0.0,0.0,1.0,5.0,1.0,0.0,3.0,0.0,2.0,11.0,0.0,0.0,0.0,0.0,0.0,0.0,0.0,0.0,0.0,0.0,0.0,0.0,0.0,0.0,0.0,1.0,0.0,0.0,0.0,0.0,1.0,0.0,0.0,0.0,0.0,0.0,0.0,0.0,1.0,4.0,1.0,4804712951.0,-1.0,南宁市宾阳县,南宁市宾阳县洋桥镇,8.0,19.2,0.0,0.5,27.7,36.375,42.150393700787404,38.14581005586592
广西壮族自治区,南宁市,宾阳县,陈平镇,108.7935948,23.0365272,0.0,0.0,1.0,7.0,3.0,1.0,0.0,0.0,0.0,0.0,0.0,0.0,0.0,0.0,0.0,0.0,0.0,0.0,0.0,0.0,3.0,0.0,0.0,0.0,0.0,3.0,0.0,0.0,0.0,0.0,0.0,0.0,0.0,5.0,8.0,5.0,0.0,0.0,1.0,4.0,3.0,0.0,0.0,0.0,0.0,0.0,0.0,0.0,0.0,0.0,0.0,0.0,0.0,0.0,0.0,0.0,3.0,0.0,0.0,0.0,0.0,1.0,0.0,0.0,0.0,0.0,0.0,0.0,0.0,1.0,4.0,4.0,3909489238.0,11745193.0,南宁市宾阳县,南宁市宾阳县陈平镇,18.0,15.5,0.0,2.5,36.0,36.375,42.150393700787404,38.14581005586592
广西壮族自治区,南宁市,横州市,横州镇,109.2743034,22.7002216,3.0,3.0,3.0,28.0,52.0,1.0,0.0,0.0,1.0,0.0,0.0,0.0,0.0,0.0,2.0,3.0,0.0,0.0,0.0,7.0,1.0,0.0,1.0,0.0,0.0,5.0,3.0,0.0,0.0,0.0,0.0,2.0,1.0,5.0,11.0,6.0,3.0,2.0,0.0,12.0,19.0,0.0,0.0,0.0,0.0,0.0,0.0,0.0,0.0,0.0,0.0,0.0,0.0,0.0,0.0,0.0,1.0,0.0,0.0,0.0,0.0,1.0,0.0,0.0,0.0,0.0,0.0,1.0,1.0,2.0,8.0,4.0,7998860005.0,-1.0,南宁市横州市,南宁市横州市横州镇,12.0,26.0,0.0,3.3,41.3,31.423529411764708,42.150393700787404,38.14581005586592
广西壮族自治区,南宁市,横州市,百合镇,109.455278,22.69,5.0,0.0,1.0,4.0,60.0,1.0,0.0,0.0,0.0,0.0,0.0,0.0,0.0,0.0,0.0,0.0,0.0,0.0,0.0,0.0,1.0,0.0,1.0,0.0,0.0,2.0,0.0,0.0,0.0,1.0,0.0,0.0,0.0,2.0,7.0,5.0,2.0,0.0,0.0,4.0,47.0,0.0,0.0,0.0,0.0,0.0,0.0,0.0,0.0,0.0,0.0,0.0,0.0,0.0,0.0,0.0,1.0,0.0,0.0,0.0,0.0,1.0,0.0,0.0,0.0,0.0,0.0,0.0,0.0,2.0,5.0,3.0,4239089695.0,-1.0,南宁市横州市,南宁市横州市百合镇,9.0,23.5,0.0,2.6,35.1,31.423529411764708,42.150393700787404,38.14581005586592
广西壮族自治区,南宁市,横州市,那阳镇,109.3249703,22.7066752,10.0,0.0,3.0,3.0,54.0,1.0,0.0,0.0,0.0,0.0,1.0,0.0,0.0,0.0,0.0,0.0,0.0,0.0,0.0,0.0,0.0,0.0,3.0,0.0,0.0,5.0,1.0,0.0,0.0,2.0,0.0,0.0,0.0,5.0,7.0,6.0,0.0,0.0,1.0,0.0,46.0,0.0,0.0,0.0,0.0,0.0,0.0,0.0,0.0,0.0,0.0,0.0,0.0,0.0,0.0,0.0,0.0,0.0,0.0,0.0,0.0,1.0,0.0,0.0,0.0,2.0,0.0,0.0,0.0,3.0,4.0,5.0,3155701164.0,-1.0,南宁市横州市,南宁市横州市那阳镇,12.0,25.5,0.0,3.5,41.0,31.423529411764708,42.150393700787404,38.14581005586592
广西壮族自治区,南宁市,横州市,南乡镇,109.2083703,22.5213876,1.0,0.0,8.0,12.0,18.0,4.0,0.0,0.0,0.0,0.0,0.0,0.0,0.0,0.0,0.0,0.0,0.0,0.0,0.0,0.0,4.0,0.0,0.0,0.0,0.0,3.0,11.0,0.0,0.0,0.0,0.0,4.0,0.0,8.0,6.0,4.0,0.0,0.0,8.0,6.0,14.0,4.0,0.0,0.0,0.0,0.0,0.0,0.0,0.0,0.0,0.0,0.0,0.0,0.0,0.0,0.0,4.0,0.0,0.0,0.0,0.0,3.0,6.0,0.0,0.0,0.0,0.0,3.0,0.0,7.0,4.0,4.0,3910898838.0,-1.0,南宁市横州市,南宁市横州市南乡镇,10.0,20.8,0.0,3.7,34.5,31.423529411764708,42.150393700787404,38.14581005586592
广西壮族自治区,南宁市,横州市,新福镇,108.9582853,22.523774,6.0,8.0,3.0,11.0,12.0,1.0,0.0,0.0,0.0,0.0,0.0,0.0,0.0,0.0,0.0,0.0,0.0,0.0,0.0,0.0,5.0,0.0,0.0,0.0,3.0,6.0,0.0,0.0,0.0,0.0,0.0,0.0,0.0,9.0,7.0,4.0,0.0,5.0,1.0,8.0,11.0,0.0,0.0,0.0,0.0,0.0,0.0,0.0,0.0,0.0,0.0,0.0,0.0,0.0,0.0,0.0,5.0,0.0,0.0,0.0,1.0,2.0,0.0,0.0,0.0,0.0,0.0,0.0,0.0,7.0,5.0,4.0,2661675238.0,-1.0,南宁市横州市,南宁市横州市新福镇,12.0,19.2,0.0,2.0,33.2,31.423529411764708,42.150393700787404,38.14581005586592
广西壮族自治区,南宁市,横州市,莲塘镇,109.1490532,22.7107598,3.0,0.0,1.0,7.0,18.0,0.0,0.0,0.0,2.0,0.0,0.0,0.0,0.0,0.0,0.0,0.0,0.0,0.0,0.0,0.0,2.0,0.0,1.0,0.0,0.0,5.0,1.0,0.0,0.0,0.0,0.0,0.0,0.0,3.0,5.0,6.0,1.0,0.0,0.0,5.0,14.0,0.0,0.0,0.0,0.0,0.0,0.0,0.0,0.0,0.0,0.0,0.0,0.0,0.0,0.0,0.0,1.0,0.0,0.0,0.0,0.0,1.0,0.0,0.0,0.0,0.0,0.0,0.0,0.0,2.0,4.0,3.0,3910898829.0,-1.0,南宁市横州市,南宁市横州市莲塘镇,12.0,22.3,0.0,3.1,37.4,31.423529411764708,42.150393700787404,38.14581005586592
广西壮族自治区,南宁市,横州市,平马镇,109.035651,22.716626,0.0,5.0,8.0,6.0,2.0,0.0,0.0,0.0,0.0,0.0,0.0,0.0,0.0,0.0,0.0,0.0,0.0,0.0,0.0,0.0,2.0,0.0,0.0,0.0,0.0,5.0,0.0,0.0,0.0,0.0,0.0,0.0,0.0,1.0,4.0,2.0,0.0,2.0,7.0,3.0,0.0,0.0,0.0,0.0,0.0,0.0,0.0,0.0,0.0,0.0,0.0,0.0,0.0,0.0,0.0,0.0,2.0,0.0,0.0,0.0,0.0,1.0,0.0,0.0,0.0,0.0,0.0,0.0,0.0,1.0,3.0,1.0,3910392013.0,-1.0,南宁市横州市,南宁市横州市平马镇,12.0,12.4,0.0,1.0,25.4,31.423529411764708,42.150393700787404,38.14581005586592
广西壮族自治区,南宁市,横州市,峦城镇,108.9153028,22.8003981,3.0,0.0,0.0,7.0,20.0,80.0,0.0,0.0,0.0,0.0,0.0,0.0,0.0,0.0,0.0,0.0,0.0,0.0,0.0,0.0,5.0,0.0,2.0,0.0,0.0,8.0,6.0,0.0,0.0,6.0,0.0,0.0,0.0,6.0,6.0,5.0,3.0,0.0,0.0,0.0,11.0,39.0,0.0,0.0,0.0,0.0,0.0,0.0,0.0,0.0,0.0,0.0,0.0,0.0,0.0,0.0,1.0,0.0,0.0,0.0,0.0,1.0,0.0,0.0,0.0,0.0,0.0,0.0,0.0,5.0,3.0,3.0,2661665751.0,-1.0,南宁市横州市,南宁市横州市峦城镇,12.0,20.3,0.0,3.7,36.0,31.423529411764708,42.150393700787404,38.14581005586592
广西壮族自治区,南宁市,横州市,六景镇,108.876509,22.879663,0.0,1.0,0.0,15.0,25.0,1.0,0.0,2.0,3.0,0.0,0.0,0.0,0.0,0.0,0.0,0.0,0.0,1.0,0.0,0.0,8.0,0.0,3.0,0.0,0.0,4.0,0.0,0.0,0.0,3.0,0.0,0.0,0.0,7.0,9.0,7.0,0.0,0.0,0.0,6.0,18.0,1.0,0.0,2.0,2.0,0.0,0.0,0.0,0.0,0.0,0.0,0.0,0.0,0.0,0.0,0.0,2.0,0.0,1.0,0.0,0.0,1.0,0.0,0.0,0.0,1.0,0.0,0.0,0.0,4.0,5.0,6.0,3909566964.0,-1.0,南宁市横州市,南宁市横州市六景镇,11.0,26.0,0.0,3.9,40.9,31.423529411764708,42.150393700787404,38.14581005586592
广西壮族自治区,南宁市,横州市,石塘镇,109.0671696,22.8866563,0.0,3.0,6.0,2.0,20.0,0.0,0.0,0.0,0.0,0.0,0.0,0.0,0.0,0.0,0.0,0.0,0.0,0.0,0.0,0.0,3.0,0.0,1.0,0.0,0.0,7.0,1.0,0.0,0.0,0.0,0.0,0.0,0.0,2.0,8.0,5.0,0.0,2.0,5.0,1.0,16.0,0.0,0.0,0.0,0.0,0.0,0.0,0.0,0.0,0.0,0.0,0.0,0.0,0.0,0.0,0.0,3.0,0.0,0.0,0.0,0.0,1.0,0.0,0.0,0.0,0.0,0.0,0.0,0.0,2.0,6.0,3.0,3910748657.0,-1.0,南宁市横州市,南宁市横州市石塘镇,12.0,19.8,0.0,2.6,34.4,31.423529411764708,42.150393700787404,38.14581005586592
广西壮族自治区,南宁市,横州市,陶圩镇,109.1228491,22.8294841,0.0,4.0,0.0,5.0,9.0,0.0,0.0,0.0,0.0,0.0,0.0,0.0,0.0,0.0,0.0,0.0,0.0,0.0,0.0,0.0,0.0,0.0,0.0,0.0,0.0,7.0,0.0,0.0,0.0,0.0,0.0,0.0,0.0,1.0,4.0,2.0,0.0,3.0,0.0,5.0,6.0,0.0,0.0,0.0,0.0,0.0,0.0,0.0,0.0,0.0,0.0,0.0,0.0,0.0,0.0,0.0,0.0,0.0,0.0,0.0,0.0,1.0,0.0,0.0,0.0,0.0,0.0,0.0,0.0,1.0,3.0,0.0,3155701165.0,-1.0,南宁市横州市,南宁市横州市陶圩镇,12.0,15.6,0.0,1.0,28.6,31.423529411764708,42.150393700787404,38.14581005586592
广西壮族自治区,南宁市,横州市,校椅镇,109.2351432,22.8338841,0.0,3.0,2.0,2.0,3.0,0.0,0.0,0.0,0.0,0.0,0.0,0.0,0.0,0.0,0.0,0.0,0.0,0.0,0.0,0.0,1.0,0.0,0.0,0.0,0.0,1.0,0.0,0.0,0.0,0.0,0.0,0.0,0.0,1.0,5.0,3.0,0.0,3.0,1.0,2.0,3.0,0.0,0.0,0.0,0.0,0.0,0.0,0.0,0.0,0.0,0.0,0.0,0.0,0.0,0.0,0.0,1.0,0.0,0.0,0.0,0.0,1.0,0.0,0.0,0.0,0.0,0.0,0.0,0.0,1.0,5.0,1.0,3155700118.0,-1.0,南宁市横州市,南宁市横州市校椅镇,8.0,11.0,0.0,1.5,20.5,31.423529411764708,42.150393700787404,38.14581005586592
广西壮族自治区,南宁市,横州市,云表镇,109.3858039,22.9062875,3.0,0.0,2.0,3.0,28.0,2.0,0.0,0.0,0.0,0.0,0.0,0.0,0.0,0.0,0.0,0.0,0.0,0.0,0.0,0.0,5.0,0.0,0.0,0.0,1.0,4.0,51.0,0.0,0.0,0.0,0.0,5.0,0.0,8.0,9.0,7.0,3.0,0.0,1.0,3.0,9.0,2.0,0.0,0.0,0.0,0.0,0.0,0.0,0.0,0.0,0.0,0.0,0.0,0.0,0.0,0.0,3.0,0.0,0.0,0.0,0.0,1.0,0.0,0.0,0.0,0.0,0.0,0.0,0.0,3.0,6.0,2.0,3155700111.0,-1.0,南宁市横州市,南宁市横州市云表镇,11.0,20.3,0.0,8.600000000000001,39.900000000000006,31.423529411764708,42.150393700787404,38.14581005586592
广西壮族自治区,南宁市,横州市,马岭镇,109.3382526,22.8195476,1.0,1.0,0.0,0.0,6.0,0.0,0.0,0.0,0.0,0.0,0.0,0.0,0.0,0.0,0.0,0.0,0.0,0.0,0.0,0.0,4.0,0.0,0.0,0.0,0.0,1.0,0.0,0.0,0.0,0.0,0.0,0.0,0.0,2.0,4.0,2.0,0.0,1.0,0.0,0.0,3.0,0.0,0.0,0.0,0.0,0.0,0.0,0.0,0.0,0.0,0.0,0.0,0.0,0.0,0.0,0.0,3.0,0.0,0.0,0.0,0.0,1.0,0.0,0.0,0.0,0.0,0.0,0.0,0.0,1.0,3.0,1.0,5139342968.0,-1.0,南宁市横州市,南宁市横州市马岭镇,8.0,9.1,0.0,1.0,18.1,31.423529411764708,42.150393700787404,38.14581005586592
广西壮族自治区,南宁市,横州市,马山镇,109.521017,22.66674,5.0,0.0,0.0,3.0,0.0,0.0,0.0,0.0,0.0,0.0,0.0,0.0,0.0,0.0,0.0,0.0,0.0,0.0,0.0,0.0,0.0,0.0,0.0,0.0,0.0,1.0,0.0,0.0,0.0,0.0,0.0,0.0,0.0,6.0,5.0,2.0,5.0,0.0,0.0,3.0,0.0,0.0,0.0,0.0,0.0,0.0,0.0,0.0,0.0,0.0,0.0,0.0,0.0,0.0,0.0,0.0,0.0,0.0,0.0,0.0,0.0,1.0,0.0,0.0,0.0,0.0,0.0,0.0,0.0,2.0,5.0,0.0,3909480943.0,-1.0,南宁市横州市,南宁市横州市马山镇,8.0,10.5,0.0,1.0,19.5,31.423529411764708,42.150393700787404,38.14581005586592
广西壮族自治区,南宁市,横州市,平朗镇,108.9052245,22.6823385,0.0,0.0,4.0,0.0,4.0,0.0,0.0,0.0,0.0,0.0,0.0,0.0,0.0,0.0,0.0,0.0,0.0,0.0,0.0,0.0,4.0,0.0,0.0,0.0,0.0,4.0,0.0,0.0,0.0,0.0,0.0,0.0,0.0,4.0,2.0,4.0,0.0,0.0,3.0,0.0,4.0,0.0,0.0,0.0,0.0,0.0,0.0,0.0,0.0,0.0,0.0,0.0,0.0,0.0,0.0,0.0,4.0,0.0,0.0,0.0,0.0,2.0,0.0,0.0,0.0,0.0,0.0,0.0,0.0,4.0,2.0,3.0,3909615695.0,-1.0,南宁市横州市,南宁市横州市平朗镇,11.0,8.0,0.0,2.0,21.0,31.423529411764708,42.150393700787404,38.14581005586592
广西壮族自治区,南宁市,横州市,镇龙乡,109.243639,23.0322977,0.0,0.0,1.0,0.0,19.0,0.0,0.0,0.0,0.0,0.0,0.0,0.0,0.0,0.0,0.0,0.0,0.0,0.0,0.0,0.0,5.0,0.0,1.0,0.0,0.0,4.0,0.0,0.0,0.0,0.0,0.0,0.0,0.0,2.0,4.0,4.0,0.0,0.0,1.0,0.0,12.0,0.0,0.0,0.0,0.0,0.0,0.0,0.0,0.0,0.0,0.0,0.0,0.0,0.0,0.0,0.0,3.0,0.0,1.0,0.0,0.0,1.0,0.0,0.0,0.0,0.0,0.0,0.0,0.0,2.0,3.0,4.0,5126807955.0,-1.0,南宁市横州市,南宁市横州市镇龙乡,11.0,14.4,0.0,2.0,27.4,31.423529411764708,42.150393700787404,38.14581005586592
广西壮族自治区,柳州市,城中区,城中街道,109.4072628,24.3157748,2.0,102.0,123.0,160.0,250.0,250.0,34.0,207.0,234.0,86.0,4.0,4.0,12.0,26.0,46.0,53.0,3.0,4.0,10.0,70.0,197.0,23.0,5.0,4.0,11.0,23.0,751.0,3.0,9.0,12.0,25.0,136.0,36.0,38.0,20.0,22.0,0.0,24.0,34.0,23.0,35.0,47.0,5.0,73.0,53.0,14.0,0.0,2.0,3.0,3.0,9.0,10.0,3.0,0.0,7.0,14.0,27.0,5.0,0.0,1.0,2.0,3.0,129.0,2.0,2.0,4.0,22.0,19.0,8.0,16.0,16.0,13.0,7814576888.0,9425579.0,柳州市城中区,柳州市城中区城中街道,20.0,30.0,28.0,20.0,98.0,91.42857142857143,50.06271186440678,38.14581005586592
广西壮族自治区,柳州市,城中区,公园街道,109.4144357,24.3198398,10.0,90.0,106.0,135.0,248.0,258.0,37.0,190.0,200.0,86.0,2.0,8.0,12.0,24.0,50.0,59.0,3.0,3.0,10.0,42.0,225.0,30.0,7.0,4.0,13.0,25.0,760.0,3.0,7.0,12.0,29.0,132.0,27.0,37.0,21.0,20.0,0.0,19.0,22.0,14.0,16.0,40.0,3.0,97.0,39.0,15.0,0.0,2.0,3.0,3.0,7.0,8.0,1.0,0.0,7.0,12.0,21.0,2.0,0.0,2.0,2.0,2.0,83.0,2.0,1.0,2.0,21.0,15.0,8.0,14.0,17.0,13.0,7814576889.0,9425580.0,柳州市城中区,柳州市城中区公园街道,20.0,30.0,28.0,20.0,98.0,91.42857142857143,50.06271186440678,38.14581005586592
广西壮族自治区,柳州市,城中区,中南街道,109.4020271,24.3171045,0.0,102.0,128.0,159.0,262.0,245.0,35.0,205.0,220.0,81.0,4.0,4.0,12.0,24.0,46.0,53.0,3.0,4.0,10.0,53.0,186.0,18.0,5.0,3.0,13.0,23.0,814.0,3.0,8.0,11.0,25.0,127.0,35.0,37.0,19.0,22.0,0.0,17.0,24.0,26.0,41.0,46.0,5.0,63.0,45.0,13.0,0.0,1.0,4.0,4.0,7.0,8.0,2.0,0.0,7.0,13.0,17.0,3.0,0.0,1.0,2.0,2.0,112.0,2.0,3.0,3.0,22.0,15.0,7.0,17.0,16.0,12.0,7814576887.0,9425581.0,柳州市城中区,柳州市城中区中南街道,20.0,30.0,28.0,20.0,98.0,91.42857142857143,50.06271186440678,38.14581005586592
广西壮族自治区,柳州市,城中区,沿江街道,109.4264194,24.3453415,16.0,63.0,50.0,85.0,184.0,363.0,40.0,123.0,127.0,52.0,2.0,10.0,5.0,5.0,27.0,40.0,3.0,0.0,0.0,11.0,223.0,42.0,15.0,3.0,15.0,23.0,801.0,1.0,41.0,7.0,7.0,181.0,15.0,26.0,22.0,21.0,2.0,4.0,6.0,15.0,23.0,63.0,8.0,12.0,32.0,4.0,0.0,6.0,1.0,1.0,4.0,6.0,0.0,0.0,0.0,1.0,48.0,15.0,4.0,1.0,2.0,5.0,66.0,0.0,2.0,1.0,0.0,28.0,0.0,2.0,16.0,12.0,7839788642.0,11538146.0,柳州市城中区,柳州市城中区沿江街道,20.0,30.0,16.0,20.0,86.0,91.42857142857143,50.06271186440678,38.14581005586592
广西壮族自治区,柳州市,城中区,潭中街道,109.4320677,24.3321042,8.0,62.0,54.0,59.0,151.0,304.0,34.0,170.0,116.0,56.0,1.0,12.0,6.0,6.0,30.0,44.0,3.0,0.0,5.0,15.0,193.0,38.0,11.0,5.0,11.0,18.0,733.0,3.0,20.0,6.0,22.0,161.0,17.0,28.0,21.0,22.0,2.0,14.0,4.0,6.0,21.0,80.0,12.0,33.0,32.0,9.0,0.0,3.0,2.0,2.0,7.0,9.0,0.0,0.0,0.0,4.0,42.0,7.0,0.0,0.0,1.0,2.0,178.0,0.0,2.0,0.0,5.0,26.0,2.0,9.0,15.0,11.0,7798087065.0,9425583.0,柳州市城中区,柳州市城中区潭中街道,20.0,30.0,19.0,20.0,89.0,91.42857142857143,50.06271186440678,38.14581005586592
广西壮族自治区,柳州市,城中区,河东街道,109.4282927,24.3626341,33.0,26.0,47.0,67.0,120.0,288.0,25.0,91.0,65.0,34.0,2.0,8.0,6.0,6.0,23.0,36.0,1.0,0.0,0.0,6.0,161.0,30.0,16.0,4.0,20.0,19.0,462.0,0.0,46.0,20.0,3.0,172.0,7.0,18.0,23.0,19.0,10.0,8.0,11.0,12.0,20.0,124.0,9.0,25.0,24.0,11.0,0.0,1.0,0.0,0.0,3.0,5.0,1.0,0.0,0.0,1.0,24.0,5.0,5.0,0.0,2.0,4.0,79.0,0.0,37.0,1.0,1.0,68.0,4.0,9.0,18.0,14.0,7798087063.0,9425584.0,柳州市城中区,柳州市城中区河东街道,20.0,30.0,16.0,20.0,86.0,91.42857142857143,50.06271186440678,38.14581005586592
广西壮族自治区,柳州市,城中区,静兰街道,109.456917,24.3266328,12.0,17.0,26.0,25.0,80.0,155.0,16.0,48.0,35.0,21.0,1.0,4.0,2.0,2.0,20.0,28.0,1.0,0.0,0.0,6.0,108.0,13.0,9.0,2.0,6.0,4.0,345.0,0.0,4.0,11.0,8.0,70.0,4.0,13.0,19.0,19.0,2.0,6.0,0.0,8.0,7.0,10.0,4.0,0.0,1.0,0.0,0.0,0.0,0.0,0.0,3.0,5.0,1.0,0.0,0.0,1.0,21.0,1.0,3.0,0.0,2.0,1.0,17.0,0.0,1.0,1.0,1.0,11.0,0.0,6.0,12.0,6.0,7798087064.0,9425585.0,柳州市城中区,柳州市城中区静兰街道,19.0,30.0,16.0,20.0,85.0,91.42857142857143,50.06271186440678,38.14581005586592
广西壮族自治区,柳州市,鱼峰区,天马街道,109.4103526,24.2878875,14.0,16.0,73.0,90.0,225.0,235.0,17.0,81.0,120.0,77.0,9.0,3.0,13.0,33.0,29.0,36.0,1.0,5.0,7.0,87.0,113.0,7.0,16.0,2.0,8.0,12.0,743.0,0.0,0.0,8.0,6.0,108.0,40.0,23.0,23.0,21.0,0.0,0.0,3.0,3.0,28.0,53.0,0.0,18.0,33.0,13.0,2.0,0.0,3.0,20.0,0.0,2.0,0.0,5.0,3.0,62.0,10.0,0.0,0.0,0.0,0.0,1.0,133.0,0.0,0.0,2.0,0.0,6.0,15.0,6.0,10.0,7.0,7813651700.0,7604506.0,柳州市鱼峰区,柳州市鱼峰区天马街道,20.0,30.0,20.0,20.0,90.0,71.25,50.06271186440678,38.14581005586592
广西壮族自治区,柳州市,鱼峰区,驾鹤街道,109.418764,24.3098693,12.0,65.0,95.0,90.0,221.0,221.0,21.0,176.0,191.0,102.0,4.0,4.0,14.0,33.0,41.0,50.0,4.0,5.0,12.0,91.0,166.0,23.0,9.0,5.0,13.0,18.0,881.0,2.0,6.0,11.0,29.0,117.0,31.0,30.0,22.0,21.0,0.0,4.0,10.0,13.0,30.0,29.0,3.0,45.0,7.0,12.0,0.0,0.0,2.0,2.0,5.0,6.0,0.0,0.0,0.0,0.0,23.0,2.0,0.0,1.0,0.0,4.0,69.0,0.0,0.0,1.0,0.0,14.0,0.0,10.0,16.0,10.0,7813651702.0,7604631.0,柳州市鱼峰区,柳州市鱼峰区驾鹤街道,20.0,30.0,15.0,20.0,85.0,71.25,50.06271186440678,38.14581005586592
广西壮族自治区,柳州市,鱼峰区,箭盘山街道,109.4287204,24.3175347,16.0,68.0,70.0,64.0,181.0,289.0,26.0,208.0,130.0,86.0,2.0,9.0,8.0,8.0,39.0,50.0,4.0,0.0,9.0,24.0,190.0,24.0,11.0,4.0,10.0,17.0,827.0,3.0,8.0,9.0,31.0,133.0,26.0,28.0,21.0,21.0,2.0,11.0,5.0,9.0,14.0,13.0,7.0,45.0,9.0,7.0,0.0,0.0,1.0,1.0,3.0,5.0,0.0,0.0,0.0,3.0,26.0,5.0,1.0,1.0,3.0,1.0,24.0,0.0,2.0,0.0,2.0,11.0,5.0,8.0,15.0,11.0,7813651704.0,7604654.0,柳州市鱼峰区,柳州市鱼峰区箭盘山街道,20.0,30.0,18.0,20.0,88.0,71.25,50.06271186440678,38.14581005586592
广西壮族自治区,柳州市,鱼峰区,五里亭街道,109.4366168,24.2839758,30.0,5.0,22.0,39.0,183.0,111.0,12.0,39.0,65.0,56.0,3.0,0.0,10.0,21.0,11.0,18.0,1.0,3.0,2.0,62.0,59.0,1.0,19.0,3.0,7.0,7.0,403.0,0.0,6.0,10.0,5.0,75.0,15.0,14.0,20.0,19.0,8.0,0.0,13.0,14.0,21.0,23.0,0.0,6.0,8.0,8.0,1.0,0.0,1.0,1.0,1.0,2.0,0.0,0.0,0.0,3.0,20.0,0.0,9.0,1.0,4.0,2.0,21.0,0.0,1.0,1.0,2.0,10.0,1.0,5.0,15.0,10.0,7813651699.0,7604629.0,柳州市鱼峰区,柳州市鱼峰区五里亭街道,20.0,30.0,13.0,20.0,83.0,71.25,50.06271186440678,38.14581005586592
广西壮族自治区,柳州市,鱼峰区,荣军街道,109.4223689,24.298918,18.0,40.0,87.0,84.0,203.0,215.0,17.0,180.0,147.0,86.0,4.0,3.0,15.0,35.0,33.0,43.0,4.0,5.0,11.0,89.0,129.0,10.0,15.0,4.0,14.0,17.0,570.0,0.0,2.0,10.0,26.0,113.0,43.0,26.0,22.0,23.0,0.0,2.0,8.0,4.0,36.0,28.0,1.0,0.0,1.0,16.0,0.0,0.0,1.0,1.0,3.0,4.0,0.0,0.0,0.0,1.0,22.0,2.0,2.0,0.0,0.0,3.0,84.0,0.0,0.0,1.0,0.0,9.0,0.0,5.0,9.0,6.0,7813651701.0,7604655.0,柳州市鱼峰区,柳州市鱼峰区荣军街道,20.0,30.0,16.0,20.0,86.0,71.25,50.06271186440678,38.14581005586592
广西壮族自治区,柳州市,鱼峰区,白莲街道,109.4358442,24.2430517,10.0,0.0,40.0,55.0,96.0,47.0,7.0,20.0,15.0,11.0,3.0,0.0,1.0,1.0,4.0,5.0,0.0,0.0,0.0,0.0,13.0,0.0,7.0,0.0,2.0,1.0,268.0,0.0,0.0,0.0,0.0,33.0,1.0,11.0,16.0,16.0,2.0,0.0,4.0,11.0,17.0,8.0,0.0,3.0,4.0,4.0,1.0,0.0,0.0,0.0,1.0,2.0,0.0,0.0,0.0,0.0,6.0,0.0,2.0,0.0,1.0,1.0,96.0,0.0,0.0,0.0,0.0,11.0,0.0,2.0,9.0,7.0,7813651698.0,7604628.0,柳州市鱼峰区,柳州市鱼峰区白莲街道,16.0,30.0,5.0,20.0,71.0,71.25,50.06271186440678,38.14581005586592
广西壮族自治区,柳州市,鱼峰区,麒麟街道,109.447689,24.3055671,30.0,20.0,22.0,39.0,106.0,143.0,12.0,46.0,27.0,53.0,1.0,3.0,6.0,6.0,17.0,25.0,1.0,0.0,0.0,8.0,117.0,14.0,37.0,4.0,12.0,9.0,264.0,0.0,4.0,14.0,9.0,82.0,6.0,15.0,23.0,18.0,2.0,6.0,4.0,2.0,8.0,12.0,2.0,0.0,0.0,1.0,0.0,0.0,1.0,1.0,1.0,2.0,0.0,0.0,0.0,1.0,4.0,0.0,2.0,0.0,2.0,1.0,24.0,0.0,0.0,0.0,2.0,12.0,2.0,4.0,10.0,8.0,7813651703.0,7604707.0,柳州市鱼峰区,柳州市鱼峰区麒麟街道,20.0,30.0,16.0,20.0,86.0,71.25,50.06271186440678,38.14581005586592
广西壮族自治区,柳州市,鱼峰区,阳和街道,109.4795818,24.3141573,30.0,6.0,14.0,36.0,56.0,57.0,8.0,6.0,3.0,15.0,0.0,0.0,1.0,1.0,11.0,14.0,0.0,0.0,0.0,1.0,43.0,4.0,33.0,2.0,2.0,2.0,73.0,0.0,0.0,11.0,2.0,66.0,1.0,8.0,20.0,13.0,2.0,0.0,10.0,8.0,20.0,10.0,0.0,0.0,0.0,5.0,0.0,0.0,0.0,0.0,0.0,0.0,0.0,0.0,0.0,1.0,11.0,0.0,2.0,1.0,0.0,1.0,0.0,0.0,0.0,0.0,0.0,3.0,0.0,6.0,8.0,7.0,5128223643.0,7604739.0,柳州市鱼峰区,柳州市鱼峰区阳和街道,17.0,28.0,1.0,12.4,58.4,71.25,50.06271186440678,38.14581005586592
广西壮族自治区,柳州市,鱼峰区,雒容镇,109.597266,24.406095,27.0,9.0,26.0,43.0,55.0,58.0,1.0,3.0,3.0,10.0,1.0,0.0,0.0,0.0,2.0,2.0,0.0,0.0,0.0,0.0,9.0,0.0,26.0,0.0,0.0,6.0,34.0,0.0,0.0,7.0,0.0,23.0,0.0,6.0,19.0,7.0,6.0,5.0,5.0,18.0,20.0,1.0,0.0,2.0,1.0,3.0,0.0,0.0,0.0,0.0,1.0,1.0,0.0,0.0,0.0,0.0,2.0,0.0,2.0,0.0,0.0,2.0,0.0,0.0,0.0,2.0,0.0,13.0,0.0,2.0,9.0,5.0,5109436536.0,11292152.0,柳州市鱼峰区,柳州市鱼峰区雒容镇,20.0,30.0,5.0,7.8,62.8,71.25,50.06271186440678,38.14581005586592
广西壮族自治区,柳州市,鱼峰区,洛埠镇,109.5139773,24.4346361,17.0,4.0,25.0,28.0,46.0,11.0,25.0,5.0,6.0,3.0,0.0,0.0,0.0,0.0,1.0,1.0,0.0,0.0,0.0,0.0,3.0,1.0,7.0,0.0,1.0,7.0,50.0,0.0,0.0,3.0,0.0,12.0,0.0,12.0,18.0,11.0,8.0,0.0,7.0,1.0,15.0,2.0,7.0,0.0,6.0,0.0,0.0,0.0,0.0,0.0,0.0,0.0,0.0,0.0,0.0,0.0,2.0,0.0,1.0,0.0,0.0,1.0,5.0,0.0,0.0,1.0,0.0,0.0,0.0,10.0,9.0,6.0,5128227758.0,11292151.0,柳州市鱼峰区,柳州市鱼峰区洛埠镇,20.0,28.0,0.0,9.9,57.9,71.25,50.06271186440678,38.14581005586592
广西壮族自治区,柳州市,鱼峰区,白沙镇,109.6129771,24.2548362,0.0,3.0,6.0,11.0,57.0,4.0,0.0,3.0,2.0,0.0,0.0,0.0,0.0,0.0,0.0,0.0,0.0,0.0,0.0,0.0,3.0,0.0,5.0,0.0,1.0,3.0,9.0,0.0,0.0,2.0,0.0,1.0,0.0,7.0,9.0,10.0,0.0,0.0,2.0,2.0,26.0,0.0,0.0,3.0,2.0,0.0,0.0,0.0,0.0,0.0,0.0,0.0,0.0,0.0,0.0,0.0,2.0,0.0,0.0,0.0,0.0,2.0,0.0,0.0,0.0,1.0,0.0,1.0,0.0,7.0,5.0,6.0,3348560661.0,11292110.0,柳州市鱼峰区,柳州市鱼峰区白沙镇,18.0,26.0,0.0,5.2,49.2,71.25,50.06271186440678,38.14581005586592
广西壮族自治区,柳州市,鱼峰区,里雍镇,109.5797131,24.1898639,0.0,0.0,5.0,9.0,16.0,0.0,0.0,1.0,0.0,0.0,0.0,0.0,0.0,0.0,0.0,0.0,0.0,0.0,0.0,0.0,3.0,0.0,1.0,0.0,0.0,3.0,0.0,0.0,0.0,0.0,0.0,0.0,0.0,3.0,5.0,5.0,0.0,0.0,5.0,5.0,5.0,0.0,0.0,0.0,0.0,0.0,0.0,0.0,0.0,0.0,0.0,0.0,0.0,0.0,0.0,0.0,2.0,0.0,0.0,0.0,0.0,1.0,0.0,0.0,0.0,0.0,0.0,0.0,0.0,3.0,4.0,4.0,5127639275.0,11292109.0,柳州市鱼峰区,柳州市鱼峰区里雍镇,18.0,17.2,0.0,2.5,37.7,71.25,50.06271186440678,38.14581005586592
广西壮族自治区,柳州市,柳南区,河西街道,109.3702697,24.3267638,8.0,56.0,64.0,117.0,173.0,198.0,7.0,69.0,97.0,60.0,3.0,0.0,6.0,7.0,27.0,33.0,1.0,1.0,0.0,4.0,84.0,3.0,23.0,0.0,12.0,11.0,515.0,1.0,3.0,7.0,4.0,76.0,4.0,21.0,22.0,19.0,0.0,4.0,6.0,1.0,32.0,54.0,0.0,1.0,6.0,10.0,1.0,0.0,2.0,2.0,5.0,7.0,1.0,0.0,0.0,0.0,15.0,0.0,6.0,0.0,3.0,1.0,138.0,1.0,0.0,0.0,2.0,6.0,0.0,5.0,12.0,7.0,7812494786.0,9425821.0,柳州市柳南区,柳州市柳南区河西街道,20.0,30.0,15.0,20.0,85.0,76.42727272727274,50.06271186440678,38.14581005586592
广西壮族自治区,柳州市,柳南区,南站街道,109.3879508,24.3179258,0.0,97.0,123.0,159.0,264.0,261.0,30.0,173.0,208.0,78.0,4.0,3.0,11.0,14.0,49.0,56.0,4.0,1.0,9.0,29.0,159.0,15.0,14.0,1.0,12.0,18.0,711.0,3.0,5.0,9.0,27.0,136.0,28.0,35.0,20.0,22.0,0.0,27.0,15.0,53.0,17.0,19.0,0.0,22.0,38.0,4.0,0.0,0.0,2.0,2.0,6.0,6.0,0.0,0.0,0.0,3.0,18.0,2.0,1.0,0.0,4.0,5.0,35.0,0.0,2.0,3.0,0.0,6.0,2.0,17.0,15.0,12.0,7812484384.0,9425822.0,柳州市柳南区,柳州市柳南区南站街道,20.0,30.0,18.0,20.0,88.0,76.42727272727274,50.06271186440678,38.14581005586592
广西壮族自治区,柳州市,柳南区,鹅山街道,109.3731021,24.3038462,0.0,45.0,81.0,151.0,207.0,222.0,11.0,41.0,127.0,44.0,9.0,0.0,6.0,6.0,36.0,42.0,1.0,1.0,1.0,13.0,120.0,7.0,23.0,0.0,11.0,11.0,553.0,1.0,2.0,5.0,2.0,79.0,10.0,26.0,19.0,18.0,0.0,0.0,17.0,15.0,16.0,22.0,7.0,0.0,14.0,1.0,1.0,0.0,1.0,1.0,4.0,4.0,0.0,0.0,0.0,1.0,15.0,0.0,1.0,0.0,0.0,1.0,126.0,0.0,0.0,0.0,0.0,3.0,1.0,6.0,7.0,8.0,7812494138.0,11503356.0,柳州市柳南区,柳州市柳南区鹅山街道,20.0,30.0,11.0,20.0,81.0,76.42727272727274,50.06271186440678,38.14581005586592
广西壮族自治区,柳州市,柳南区,柳南街道,109.3977356,24.3078747,0.0,72.0,112.0,156.0,256.0,281.0,19.0,181.0,221.0,77.0,7.0,3.0,12.0,31.0,43.0,51.0,4.0,6.0,12.0,91.0,162.0,15.0,12.0,2.0,10.0,20.0,793.0,2.0,5.0,11.0,23.0,106.0,33.0,34.0,19.0,21.0,0.0,21.0,28.0,37.0,46.0,48.0,4.0,25.0,49.0,6.0,0.0,0.0,2.0,2.0,8.0,9.0,1.0,0.0,2.0,9.0,27.0,5.0,0.0,0.0,1.0,2.0,76.0,0.0,0.0,2.0,1.0,11.0,8.0,12.0,17.0,10.0,7812483484.0,11503358.0,柳州市柳南区,柳州市柳南区柳南街道,20.0,30.0,28.0,20.0,98.0,76.42727272727274,50.06271186440678,38.14581005586592
广西壮族自治区,柳州市,柳南区,柳石街道,109.3934869,24.2997394,0.0,61.0,116.0,171.0,242.0,278.0,19.0,149.0,210.0,59.0,9.0,3.0,12.0,31.0,45.0,52.0,2.0,6.0,11.0,91.0,148.0,10.0,13.0,1.0,10.0,18.0,851.0,2.0,5.0,11.0,23.0,100.0,41.0,31.0,19.0,21.0,0.0,8.0,24.0,21.0,33.0,36.0,4.0,0.0,30.0,4.0,1.0,0.0,1.0,1.0,10.0,11.0,0.0,0.0,0.0,7.0,22.0,1.0,1.0,0.0,1.0,1.0,46.0,0.0,0.0,0.0,0.0,20.0,6.0,10.0,13.0,13.0,7812494595.0,11503357.0,柳州市柳南区,柳州市柳南区柳石街道,20.0,30.0,21.0,20.0,91.0,76.42727272727274,50.06271186440678,38.14581005586592
广西壮族自治区,柳州市,柳南区,银山街道,109.390633,24.2792619,21.0,0.0,59.0,83.0,210.0,232.0,10.0,33.0,76.0,41.0,10.0,1.0,7.0,26.0,30.0,38.0,0.0,6.0,3.0,67.0,105.0,2.0,12.0,0.0,7.0,5.0,495.0,0.0,0.0,5.0,2.0,77.0,28.0,18.0,19.0,18.0,0.0,0.0,6.0,16.0,23.0,35.0,0.0,0.0,0.0,9.0,2.0,1.0,0.0,0.0,5.0,6.0,0.0,0.0,0.0,2.0,19.0,0.0,3.0,0.0,1.0,1.0,220.0,0.0,0.0,0.0,0.0,24.0,1.0,5.0,4.0,7.0,7812494794.0,9425666.0,柳州市柳南区,柳州市柳南区银山街道,20.0,30.0,12.0,20.0,82.0,76.42727272727274,50.06271186440678,38.14581005586592
广西壮族自治区,柳州市,柳南区,潭西街道,109.3757628,24.3458456,4.0,44.0,48.0,79.0,198.0,102.0,6.0,36.0,46.0,50.0,2.0,0.0,4.0,5.0,25.0,33.0,1.0,0.0,0.0,1.0,101.0,0.0,18.0,1.0,15.0,10.0,505.0,1.0,0.0,11.0,5.0,54.0,1.0,17.0,22.0,17.0,0.0,18.0,3.0,5.0,36.0,14.0,0.0,27.0,0.0,11.0,0.0,0.0,1.0,1.0,2.0,5.0,0.0,0.0,0.0,0.0,7.0,0.0,4.0,0.0,1.0,3.0,59.0,0.0,0.0,1.0,1.0,6.0,0.0,10.0,10.0,12.0,7812494785.0,9425823.0,柳州市柳南区,柳州市柳南区潭西街道,20.0,30.0,10.0,20.0,80.0,76.42727272727274,50.06271186440678,38.14581005586592
广西壮族自治区,柳州市,柳南区,南环街道,109.3628024,24.284054,41.0,12.0,54.0,99.0,234.0,178.0,9.0,4.0,38.0,37.0,9.0,1.0,2.0,2.0,26.0,32.0,0.0,0.0,0.0,3.0,93.0,1.0,19.0,0.0,7.0,5.0,344.0,0.0,0.0,2.0,5.0,50.0,1.0,12.0,19.0,12.0,0.0,6.0,0.0,10.0,31.0,27.0,0.0,1.0,3.0,9.0,0.0,0.0,0.0,0.0,1.0,2.0,0.0,0.0,0.0,0.0,6.0,0.0,3.0,0.0,0.0,2.0,27.0,0.0,0.0,2.0,0.0,1.0,0.0,7.0,6.0,8.0,7812492983.0,11503355.0,柳州市柳南区,柳州市柳南区南环街道,20.0,30.0,10.0,20.0,80.0,76.42727272727274,50.06271186440678,38.14581005586592
广西壮族自治区,柳州市,柳南区,太阳村镇,109.2650308,24.3654406,0.0,7.0,3.0,0.0,61.0,129.0,0.0,4.0,1.0,0.0,0.0,0.0,0.0,0.0,0.0,0.0,0.0,0.0,0.0,0.0,3.0,0.0,5.0,0.0,0.0,4.0,40.0,0.0,0.0,4.0,0.0,5.0,0.0,4.0,14.0,9.0,0.0,2.0,0.0,0.0,18.0,30.0,0.0,2.0,1.0,0.0,0.0,0.0,0.0,0.0,0.0,0.0,0.0,0.0,0.0,0.0,1.0,0.0,1.0,0.0,0.0,1.0,40.0,0.0,0.0,0.0,0.0,3.0,0.0,3.0,5.0,7.0,5105367977.0,11503354.0,柳州市柳南区,柳州市柳南区太阳村镇,19.0,26.0,0.0,12.4,57.4,76.42727272727274,50.06271186440678,38.14581005586592
广西壮族自治区,柳州市,柳南区,洛满镇,109.1968418,24.4170438,0.0,7.0,3.0,10.0,133.0,97.0,0.0,0.0,1.0,0.0,0.0,0.0,0.0,0.0,1.0,1.0,0.0,0.0,0.0,0.0,27.0,0.0,1.0,0.0,0.0,27.0,5.0,0.0,0.0,0.0,0.0,1.0,0.0,7.0,10.0,7.0,0.0,5.0,1.0,5.0,33.0,4.0,0.0,0.0,0.0,0.0,0.0,0.0,0.0,0.0,1.0,1.0,0.0,0.0,0.0,0.0,8.0,0.0,1.0,0.0,0.0,10.0,0.0,0.0,0.0,0.0,0.0,0.0,0.0,2.0,9.0,3.0,5105140180.0,11503352.0,柳州市柳南区,柳州市柳南区洛满镇,20.0,26.0,5.0,4.0,55.0,76.42727272727274,50.06271186440678,38.14581005586592
广西壮族自治区,柳州市,柳南区,流山镇,109.1188646,24.4599728,0.0,6.0,0.0,18.0,21.0,0.0,0.0,3.0,2.0,0.0,0.0,0.0,0.0,0.0,0.0,0.0,0.0,0.0,0.0,0.0,3.0,0.0,0.0,0.0,0.0,9.0,0.0,0.0,0.0,0.0,0.0,0.0,0.0,9.0,7.0,3.0,0.0,6.0,0.0,6.0,7.0,0.0,0.0,3.0,1.0,0.0,0.0,0.0,0.0,0.0,0.0,0.0,0.0,0.0,0.0,0.0,3.0,0.0,0.0,0.0,0.0,2.0,0.0,0.0,0.0,0.0,0.0,0.0,0.0,3.0,5.0,3.0,3722515366.0,11503353.0,柳州市柳南区,柳州市柳南区流山镇,20.0,21.8,0.0,1.5,43.3,76.42727272727274,50.06271186440678,38.14581005586592
广西壮族自治区,柳州市,柳北区,解放街道,109.4089793,24.3313781,2.0,78.0,87.0,161.0,235.0,234.0,31.0,200.0,165.0,71.0,1.0,9.0,7.0,8.0,41.0,50.0,3.0,0.0,8.0,28.0,228.0,39.0,9.0,4.0,19.0,30.0,805.0,3.0,7.0,12.0,29.0,139.0,17.0,35.0,22.0,22.0,0.0,34.0,11.0,9.0,49.0,22.0,13.0,13.0,19.0,21.0,0.0,0.0,1.0,1.0,3.0,4.0,1.0,0.0,2.0,3.0,12.0,6.0,1.0,2.0,0.0,2.0,75.0,3.0,3.0,1.0,2.0,20.0,2.0,14.0,13.0,12.0,7814459389.0,9425667.0,柳州市柳北区,柳州市柳北区解放街道,20.0,30.0,25.0,20.0,95.0,81.75,50.06271186440678,38.14581005586592
广西壮族自治区,柳州市,柳北区,雅儒街道,109.4003534,24.3359531,0.0,83.0,78.0,146.0,251.0,193.0,24.0,167.0,137.0,71.0,1.0,8.0,10.0,11.0,41.0,53.0,3.0,0.0,7.0,20.0,203.0,27.0,17.0,4.0,20.0,29.0,837.0,3.0,5.0,12.0,26.0,121.0,16.0,32.0,20.0,23.0,0.0,19.0,5.0,21.0,52.0,7.0,13.0,8.0,23.0,10.0,0.0,0.0,1.0,2.0,4.0,4.0,0.0,0.0,0.0,1.0,30.0,3.0,1.0,0.0,0.0,3.0,74.0,0.0,0.0,1.0,0.0,18.0,1.0,12.0,15.0,12.0,7814459388.0,9425668.0,柳州市柳北区,柳州市柳北区雅儒街道,20.0,30.0,16.0,20.0,86.0,81.75,50.06271186440678,38.14581005586592
广西壮族自治区,柳州市,柳北区,胜利街道,109.3963622,24.357262,19.0,44.0,56.0,99.0,200.0,169.0,23.0,81.0,67.0,56.0,2.0,6.0,6.0,7.0,35.0,48.0,1.0,0.0,2.0,9.0,151.0,15.0,19.0,6.0,18.0,21.0,699.0,1.0,36.0,24.0,6.0,153.0,14.0,25.0,23.0,19.0,0.0,4.0,4.0,13.0,34.0,7.0,0.0,4.0,15.0,11.0,0.0,1.0,0.0,0.0,9.0,12.0,0.0,0.0,0.0,2.0,25.0,0.0,3.0,2.0,5.0,2.0,177.0,0.0,0.0,0.0,1.0,17.0,1.0,6.0,12.0,8.0,7814459391.0,9425669.0,柳州市柳北区,柳州市柳北区胜利街道,20.0,30.0,12.0,20.0,82.0,81.75,50.06271186440678,38.14581005586592
广西壮族自治区,柳州市,柳北区,雀儿山街道,109.3935298,24.3682864,21.0,20.0,47.0,74.0,133.0,123.0,8.0,40.0,61.0,39.0,3.0,2.0,4.0,4.0,31.0,42.0,1.0,0.0,2.0,9.0,123.0,4.0,15.0,4.0,18.0,16.0,655.0,0.0,20.0,39.0,5.0,88.0,9.0,20.0,23.0,20.0,0.0,8.0,12.0,10.0,29.0,8.0,0.0,24.0,16.0,15.0,0.0,1.0,2.0,2.0,7.0,9.0,1.0,0.0,1.0,4.0,19.0,0.0,1.0,2.0,0.0,3.0,196.0,0.0,0.0,6.0,2.0,17.0,6.0,5.0,11.0,9.0,7814459387.0,9425671.0,柳州市柳北区,柳州市柳北区雀儿山街道,20.0,30.0,26.0,20.0,96.0,81.75,50.06271186440678,38.14581005586592
广西壮族自治区,柳州市,柳北区,钢城街道,109.3929612,24.3776975,35.0,20.0,42.0,51.0,119.0,127.0,9.0,39.0,53.0,37.0,2.0,1.0,4.0,4.0,25.0,34.0,1.0,0.0,2.0,9.0,99.0,2.0,15.0,4.0,15.0,10.0,567.0,0.0,17.0,38.0,2.0,75.0,9.0,17.0,22.0,18.0,0.0,0.0,0.0,10.0,13.0,35.0,0.0,21.0,16.0,10.0,0.0,0.0,1.0,1.0,4.0,4.0,1.0,0.0,2.0,4.0,16.0,0.0,1.0,2.0,2.0,1.0,178.0,0.0,5.0,7.0,2.0,26.0,7.0,3.0,8.0,13.0,7814459393.0,9425672.0,柳州市柳北区,柳州市柳北区钢城街道,20.0,30.0,26.0,20.0,96.0,81.75,50.06271186440678,38.14581005586592
广西壮族自治区,柳州市,柳北区,锦绣街道,109.413185,24.352023,24.0,50.0,61.0,101.0,202.0,304.0,34.0,119.0,124.0,62.0,2.0,10.0,6.0,7.0,38.0,53.0,2.0,0.0,0.0,8.0,218.0,33.0,19.0,5.0,17.0,28.0,877.0,1.0,38.0,15.0,5.0,204.0,14.0,25.0,22.0,20.0,0.0,2.0,16.0,19.0,21.0,19.0,0.0,3.0,4.0,3.0,1.0,1.0,1.0,1.0,3.0,4.0,0.0,0.0,0.0,0.0,31.0,5.0,4.0,0.0,2.0,5.0,64.0,0.0,0.0,1.0,0.0,16.0,1.0,9.0,12.0,10.0,7814459390.0,9425670.0,柳州市柳北区,柳州市柳北区锦绣街道,20.0,30.0,15.0,20.0,85.0,81.75,50.06271186440678,38.14581005586592
广西壮族自治区,柳州市,柳北区,白露街道,109.371366,24.3774367,16.0,10.0,26.0,37.0,76.0,80.0,0.0,23.0,24.0,21.0,0.0,1.0,1.0,1.0,11.0,14.0,1.0,0.0,2.0,5.0,34.0,0.0,8.0,4.0,5.0,5.0,285.0,0.0,5.0,20.0,2.0,38.0,8.0,14.0,19.0,14.0,0.0,0.0,0.0,10.0,8.0,9.0,0.0,0.0,0.0,0.0,0.0,0.0,0.0,0.0,0.0,0.0,0.0,0.0,0.0,0.0,2.0,0.0,2.0,0.0,1.0,1.0,7.0,0.0,0.0,2.0,0.0,0.0,0.0,2.0,5.0,6.0,5116789280.0,9425673.0,柳州市柳北区,柳州市柳北区白露街道,20.0,28.0,5.0,20.0,73.0,81.75,50.06271186440678,38.14581005586592
广西壮族自治区,柳州市,柳北区,跃进街道,109.4075245,24.3508562,21.0,57.0,71.0,107.0,213.0,248.0,33.0,96.0,126.0,68.0,2.0,10.0,6.0,7.0,38.0,53.0,2.0,0.0,0.0,10.0,214.0,31.0,18.0,5.0,17.0,29.0,902.0,2.0,39.0,23.0,5.0,205.0,12.0,27.0,22.0,21.0,0.0,2.0,12.0,25.0,29.0,3.0,0.0,1.0,5.0,3.0,1.0,0.0,1.0,1.0,6.0,7.0,0.0,0.0,0.0,0.0,36.0,2.0,3.0,0.0,4.0,6.0,127.0,0.0,0.0,1.0,1.0,15.0,1.0,9.0,12.0,11.0,6357495803.0,9426963.0,柳州市柳北区,柳州市柳北区跃进街道,20.0,30.0,15.0,20.0,85.0,81.75,50.06271186440678,38.14581005586592
广西壮族自治区,柳州市,柳北区,柳长街道,109.4114684,24.3764173,48.0,30.0,68.0,83.0,130.0,274.0,19.0,75.0,80.0,58.0,2.0,2.0,5.0,5.0,30.0,41.0,2.0,0.0,2.0,10.0,125.0,9.0,16.0,6.0,18.0,16.0,595.0,0.0,52.0,35.0,3.0,177.0,14.0,17.0,23.0,20.0,12.0,0.0,11.0,8.0,12.0,34.0,3.0,6.0,1.0,6.0,0.0,0.0,2.0,2.0,6.0,10.0,0.0,0.0,0.0,2.0,20.0,1.0,1.0,0.0,6.0,1.0,84.0,0.0,10.0,14.0,0.0,23.0,0.0,10.0,12.0,9.0,7814459392.0,9426964.0,柳州市柳北区,柳州市柳北区柳长街道,20.0,30.0,17.0,20.0,87.0,81.75,50.06271186440678,38.14581005586592
广西壮族自治区,柳州市,柳北区,石碑坪镇,109.3464701,24.5181,7.0,6.0,6.0,9.0,91.0,2.0,0.0,2.0,0.0,2.0,0.0,0.0,0.0,0.0,1.0,2.0,0.0,0.0,0.0,0.0,8.0,0.0,5.0,0.0,1.0,6.0,93.0,0.0,0.0,4.0,0.0,5.0,0.0,6.0,12.0,9.0,1.0,2.0,4.0,0.0,34.0,1.0,0.0,0.0,0.0,2.0,0.0,0.0,0.0,0.0,1.0,2.0,0.0,0.0,0.0,0.0,7.0,0.0,1.0,0.0,1.0,1.0,40.0,0.0,0.0,1.0,0.0,5.0,0.0,2.0,8.0,6.0,5104545877.0,7579823.0,柳州市柳北区,柳州市柳北区石碑坪镇,20.0,26.0,5.0,17.8,68.8,81.75,50.06271186440678,38.14581005586592
广西壮族自治区,柳州市,柳北区,沙塘镇,109.3747925,24.4492659,20.0,15.0,6.0,17.0,203.0,62.0,0.0,23.0,0.0,4.0,0.0,0.0,0.0,0.0,5.0,8.0,0.0,0.0,0.0,0.0,8.0,6.0,21.0,1.0,0.0,1.0,70.0,0.0,6.0,4.0,0.0,51.0,0.0,4.0,14.0,11.0,2.0,2.0,1.0,1.0,61.0,3.0,0.0,0.0,0.0,0.0,0.0,0.0,0.0,0.0,3.0,3.0,0.0,0.0,0.0,0.0,4.0,0.0,0.0,0.0,0.0,1.0,8.0,0.0,0.0,0.0,0.0,19.0,0.0,2.0,9.0,2.0,5109497642.0,7579843.0,柳州市柳北区,柳州市柳北区沙塘镇,16.0,26.0,5.0,12.200000000000001,59.2,81.75,50.06271186440678,38.14581005586592
广西壮族自治区,柳州市,柳北区,长塘镇,109.4002052,24.396585,34.0,6.0,33.0,49.0,100.0,128.0,5.0,28.0,35.0,21.0,1.0,0.0,3.0,3.0,14.0,16.0,1.0,0.0,2.0,6.0,39.0,1.0,10.0,2.0,8.0,3.0,327.0,0.0,17.0,36.0,2.0,47.0,7.0,13.0,21.0,17.0,12.0,0.0,4.0,8.0,15.0,4.0,0.0,0.0,8.0,0.0,1.0,0.0,0.0,0.0,0.0,0.0,0.0,0.0,0.0,0.0,6.0,0.0,3.0,0.0,0.0,1.0,9.0,0.0,0.0,0.0,0.0,0.0,0.0,3.0,8.0,4.0,5109604656.0,7579937.0,柳州市柳北区,柳州市柳北区长塘镇,18.0,30.0,0.0,20.0,68.0,81.75,50.06271186440678,38.14581005586592
广西壮族自治区,柳州市,柳江区,拉堡镇,109.2157342,24.1880418,1.0,0.0,0.0,1.0,23.0,0.0,0.0,1.0,0.0,0.0,0.0,0.0,0.0,0.0,0.0,0.0,0.0,0.0,0.0,0.0,1.0,0.0,0.0,0.0,0.0,5.0,0.0,0.0,0.0,0.0,0.0,0.0,0.0,1.0,6.0,6.0,0.0,0.0,0.0,0.0,2.0,0.0,0.0,0.0,0.0,0.0,0.0,0.0,0.0,0.0,0.0,0.0,0.0,0.0,0.0,0.0,0.0,0.0,0.0,0.0,0.0,1.0,0.0,0.0,0.0,0.0,0.0,0.0,0.0,1.0,1.0,1.0,-1.0,-1.0,柳州市柳江区,柳州市柳江区拉堡镇,5.0,14.2,0.0,3.0,22.2,41.862500000000004,50.06271186440678,38.14581005586592
广西壮族自治区,柳州市,柳江区,百朋镇,109.2671438,24.1503282,0.0,0.0,1.0,13.0,51.0,0.0,0.0,1.0,0.0,0.0,0.0,0.0,0.0,0.0,0.0,0.0,0.0,0.0,0.0,0.0,4.0,0.0,1.0,0.0,0.0,5.0,7.0,0.0,0.0,0.0,0.0,5.0,0.0,3.0,6.0,7.0,0.0,0.0,1.0,6.0,16.0,0.0,0.0,0.0,0.0,0.0,0.0,0.0,0.0,0.0,0.0,0.0,0.0,0.0,0.0,0.0,2.0,0.0,0.0,0.0,0.0,1.0,0.0,0.0,0.0,0.0,0.0,5.0,0.0,1.0,4.0,4.0,5116798824.0,-1.0,柳州市柳江区,柳州市柳江区百朋镇,12.0,23.0,0.0,4.2,39.2,41.862500000000004,50.06271186440678,38.14581005586592
广西壮族自治区,柳州市,柳江区,成团镇,109.2350255,24.2599694,0.0,0.0,4.0,15.0,99.0,4.0,0.0,2.0,1.0,0.0,0.0,0.0,0.0,0.0,0.0,0.0,0.0,0.0,0.0,0.0,7.0,0.0,0.0,0.0,0.0,1.0,57.0,0.0,0.0,0.0,0.0,0.0,0.0,2.0,7.0,4.0,0.0,0.0,1.0,5.0,26.0,1.0,0.0,0.0,1.0,0.0,0.0,0.0,0.0,0.0,0.0,0.0,0.0,0.0,0.0,0.0,3.0,0.0,0.0,0.0,0.0,1.0,0.0,0.0,0.0,0.0,0.0,0.0,0.0,2.0,5.0,3.0,5105576912.0,-1.0,柳州市柳江区,柳州市柳江区成团镇,8.0,25.5,0.0,7.7,41.2,41.862500000000004,50.06271186440678,38.14581005586592
广西壮族自治区,柳州市,柳江区,三都镇,109.1685516,24.2062777,1.0,0.0,0.0,4.0,27.0,1.0,0.0,0.0,0.0,0.0,1.0,0.0,0.0,0.0,3.0,3.0,0.0,0.0,0.0,0.0,1.0,0.0,0.0,0.0,1.0,6.0,3.0,0.0,0.0,0.0,0.0,0.0,0.0,1.0,6.0,5.0,1.0,0.0,0.0,4.0,14.0,0.0,0.0,0.0,0.0,0.0,0.0,0.0,0.0,0.0,1.0,1.0,0.0,0.0,0.0,0.0,1.0,0.0,0.0,0.0,0.0,1.0,0.0,0.0,0.0,0.0,0.0,0.0,0.0,1.0,5.0,2.0,3722507820.0,-1.0,柳州市柳江区,柳州市柳江区三都镇,12.0,23.6,5.0,2.8,43.4,41.862500000000004,50.06271186440678,38.14581005586592
广西壮族自治区,柳州市,柳江区,里高镇,109.0143047,24.1430769,3.0,0.0,3.0,5.0,14.0,1.0,0.0,0.0,0.0,0.0,1.0,0.0,0.0,0.0,0.0,0.0,0.0,0.0,0.0,0.0,1.0,0.0,0.0,0.0,1.0,4.0,1.0,0.0,0.0,0.0,0.0,0.0,0.0,5.0,10.0,5.0,2.0,0.0,1.0,1.0,5.0,1.0,0.0,0.0,0.0,0.0,1.0,0.0,0.0,0.0,0.0,0.0,0.0,0.0,0.0,0.0,1.0,0.0,0.0,0.0,0.0,1.0,0.0,0.0,0.0,0.0,0.0,0.0,0.0,1.0,10.0,1.0,3722494855.0,-1.0,柳州市柳江区,柳州市柳江区里高镇,11.0,20.3,0.0,2.6,33.9,41.862500000000004,50.06271186440678,38.14581005586592
广西壮族自治区,柳州市,柳江区,进德镇,109.3286597,24.2182376,0.0,29.0,44.0,45.0,94.0,20.0,0.0,78.0,1.0,7.0,0.0,0.0,0.0,0.0,8.0,8.0,0.0,0.0,0.0,0.0,8.0,2.0,4.0,0.0,2.0,2.0,134.0,0.0,1.0,0.0,0.0,36.0,0.0,3.0,13.0,12.0,0.0,13.0,0.0,11.0,12.0,11.0,0.0,17.0,1.0,1.0,0.0,0.0,0.0,0.0,6.0,6.0,0.0,0.0,0.0,0.0,2.0,0.0,1.0,0.0,1.0,1.0,116.0,0.0,0.0,0.0,0.0,5.0,0.0,3.0,12.0,7.0,5105750944.0,-1.0,柳州市柳江区,柳州市柳江区进德镇,9.0,28.0,5.0,20.0,62.0,41.862500000000004,50.06271186440678,38.14581005586592
广西壮族自治区,柳州市,柳江区,穿山镇,109.4041635,24.0350704,2.0,2.0,0.0,12.0,110.0,4.0,0.0,2.0,1.0,3.0,2.0,0.0,0.0,0.0,2.0,2.0,0.0,0.0,0.0,0.0,4.0,0.0,1.0,0.0,0.0,4.0,23.0,0.0,0.0,0.0,0.0,3.0,0.0,2.0,8.0,6.0,2.0,1.0,0.0,5.0,29.0,2.0,0.0,0.0,1.0,3.0,0.0,0.0,0.0,0.0,2.0,2.0,0.0,0.0,0.0,0.0,3.0,0.0,1.0,0.0,0.0,2.0,18.0,0.0,0.0,0.0,0.0,2.0,0.0,2.0,6.0,4.0,3463085428.0,-1.0,柳州市柳江区,柳州市柳江区穿山镇,11.0,30.0,5.0,7.1000000000000005,53.1,41.862500000000004,50.06271186440678,38.14581005586592
广西壮族自治区,柳州市,柳江区,土博镇,109.0064148,24.3040747,0.0,0.0,1.0,6.0,17.0,0.0,0.0,0.0,0.0,0.0,0.0,0.0,0.0,0.0,0.0,0.0,0.0,0.0,0.0,0.0,9.0,0.0,0.0,0.0,0.0,7.0,7.0,0.0,0.0,0.0,0.0,0.0,0.0,1.0,4.0,3.0,0.0,0.0,1.0,4.0,6.0,0.0,0.0,0.0,0.0,0.0,0.0,0.0,0.0,0.0,0.0,0.0,0.0,0.0,0.0,0.0,5.0,0.0,0.0,0.0,0.0,1.0,5.0,0.0,0.0,0.0,0.0,0.0,0.0,1.0,4.0,2.0,5105868454.0,11504346.0,柳州市柳江区,柳州市柳江区土博镇,20.0,17.2,0.0,2.7,39.900000000000006,41.862500000000004,50.06271186440678,38.14581005586592
广西壮族自治区,柳州市,柳城县,大埔镇,109.2126605,24.6589693,7.0,6.0,2.0,5.0,29.0,2.0,0.0,0.0,0.0,0.0,0.0,0.0,1.0,1.0,0.0,0.0,0.0,0.0,0.0,0.0,5.0,0.0,2.0,0.0,0.0,2.0,1.0,0.0,0.0,7.0,0.0,0.0,0.0,6.0,7.0,5.0,4.0,3.0,0.0,2.0,6.0,0.0,0.0,0.0,0.0,0.0,0.0,0.0,0.0,0.0,0.0,0.0,0.0,0.0,0.0,0.0,2.0,0.0,0.0,0.0,0.0,1.0,0.0,0.0,0.0,0.0,0.0,0.0,0.0,3.0,4.0,3.0,3890541506.0,-1.0,柳州市柳城县,柳州市柳城县大埔镇,9.0,21.1,0.0,3.3,33.4,37.833333333333336,50.06271186440678,38.14581005586592
广西壮族自治区,柳州市,柳城县,龙头镇,109.1739575,24.7581627,0.0,5.0,0.0,2.0,41.0,3.0,0.0,0.0,2.0,0.0,0.0,0.0,0.0,0.0,0.0,0.0,0.0,0.0,0.0,0.0,3.0,0.0,0.0,0.0,0.0,4.0,0.0,0.0,0.0,0.0,0.0,0.0,0.0,4.0,6.0,5.0,0.0,3.0,0.0,2.0,29.0,1.0,0.0,0.0,2.0,0.0,0.0,0.0,0.0,0.0,0.0,0.0,0.0,0.0,0.0,0.0,3.0,0.0,0.0,0.0,0.0,2.0,0.0,0.0,0.0,0.0,0.0,0.0,0.0,4.0,5.0,4.0,3907049398.0,-1.0,柳州市柳城县,柳州市柳城县龙头镇,11.0,25.0,0.0,2.5,38.5,37.833333333333336,50.06271186440678,38.14581005586592
广西壮族自治区,柳州市,柳城县,太平镇,109.3736494,24.7149802,2.0,0.0,1.0,7.0,35.0,0.0,0.0,0.0,0.0,0.0,0.0,0.0,0.0,0.0,0.0,0.0,0.0,0.0,0.0,0.0,1.0,0.0,0.0,0.0,0.0,5.0,0.0,0.0,0.0,0.0,0.0,0.0,0.0,2.0,6.0,2.0,2.0,0.0,1.0,3.0,10.0,0.0,0.0,0.0,0.0,0.0,0.0,0.0,0.0,0.0,0.0,0.0,0.0,0.0,0.0,0.0,1.0,0.0,0.0,0.0,0.0,1.0,0.0,0.0,0.0,0.0,0.0,0.0,0.0,2.0,4.0,1.0,3890495610.0,-1.0,柳州市柳城县,柳州市柳城县太平镇,12.0,23.0,0.0,1.0,36.0,37.833333333333336,50.06271186440678,38.14581005586592
广西壮族自治区,柳州市,柳城县,沙埔镇,109.3302911,24.6081806,12.0,14.0,1.0,7.0,12.0,1.0,0.0,0.0,0.0,0.0,1.0,0.0,0.0,0.0,0.0,0.0,0.0,0.0,0.0,0.0,11.0,0.0,2.0,0.0,0.0,1.0,2.0,0.0,0.0,0.0,0.0,0.0,0.0,7.0,8.0,6.0,3.0,8.0,0.0,4.0,5.0,0.0,0.0,0.0,0.0,0.0,0.0,0.0,0.0,0.0,0.0,0.0,0.0,0.0,0.0,0.0,6.0,0.0,1.0,0.0,0.0,1.0,0.0,0.0,0.0,0.0,0.0,0.0,0.0,4.0,6.0,3.0,-1.0,-1.0,柳州市柳城县,柳州市柳城县沙埔镇,1.0,19.9,0.0,3.2,24.099999999999998,37.833333333333336,50.06271186440678,38.14581005586592
广西壮族自治区,柳州市,柳城县,东泉镇,109.486288,24.5576225,7.0,5.0,3.0,12.0,57.0,0.0,0.0,0.0,0.0,0.0,0.0,0.0,0.0,0.0,0.0,0.0,0.0,0.0,0.0,0.0,8.0,0.0,0.0,0.0,0.0,7.0,3.0,0.0,0.0,0.0,0.0,0.0,0.0,4.0,8.0,3.0,4.0,3.0,1.0,9.0,34.0,0.0,0.0,0.0,0.0,0.0,0.0,0.0,0.0,0.0,0.0,0.0,0.0,0.0,0.0,0.0,8.0,0.0,0.0,0.0,0.0,3.0,0.0,0.0,0.0,0.0,0.0,0.0,0.0,3.0,6.0,3.0,5103246928.0,-1.0,柳州市柳城县,柳州市柳城县东泉镇,12.0,24.0,0.0,1.8,37.8,37.833333333333336,50.06271186440678,38.14581005586592
广西壮族自治区,柳州市,柳城县,凤山镇,109.2553891,24.5321073,0.0,0.0,9.0,8.0,68.0,26.0,0.0,0.0,2.0,0.0,0.0,0.0,0.0,0.0,1.0,1.0,0.0,0.0,0.0,0.0,5.0,0.0,1.0,0.0,0.0,6.0,0.0,0.0,0.0,0.0,2.0,2.0,0.0,8.0,10.0,7.0,0.0,0.0,0.0,3.0,19.0,18.0,0.0,0.0,2.0,0.0,0.0,0.0,0.0,0.0,1.0,1.0,0.0,0.0,0.0,0.0,1.0,0.0,0.0,0.0,0.0,2.0,0.0,0.0,0.0,0.0,2.0,1.0,0.0,5.0,4.0,5.0,3722515750.0,-1.0,柳州市柳城县,柳州市柳城县凤山镇,12.0,26.0,5.0,3.5,46.5,37.833333333333336,50.06271186440678,38.14581005586592
广西壮族自治区,柳州市,柳城县,六塘镇,108.9623247,24.5391733,3.0,0.0,0.0,8.0,88.0,1.0,0.0,0.0,1.0,0.0,0.0,0.0,0.0,0.0,0.0,0.0,0.0,0.0,0.0,0.0,1.0,0.0,0.0,0.0,0.0,3.0,0.0,0.0,0.0,0.0,0.0,0.0,0.0,5.0,9.0,2.0,1.0,0.0,0.0,4.0,13.0,0.0,0.0,0.0,0.0,0.0,0.0,0.0,0.0,0.0,0.0,0.0,0.0,0.0,0.0,0.0,1.0,0.0,0.0,0.0,0.0,1.0,0.0,0.0,0.0,0.0,0.0,0.0,0.0,2.0,4.0,1.0,3722516051.0,-1.0,柳州市柳城县,柳州市柳城县六塘镇,10.0,26.0,0.0,1.0,37.0,37.833333333333336,50.06271186440678,38.14581005586592
广西壮族自治区,柳州市,柳城县,冲脉镇,108.9670063,24.6292459,4.0,3.0,1.0,5.0,7.0,1.0,0.0,0.0,0.0,0.0,0.0,0.0,0.0,0.0,0.0,0.0,0.0,0.0,0.0,0.0,4.0,0.0,1.0,0.0,0.0,5.0,3.0,0.0,0.0,1.0,0.0,0.0,0.0,6.0,9.0,5.0,4.0,2.0,0.0,5.0,7.0,1.0,0.0,0.0,0.0,0.0,0.0,0.0,0.0,0.0,0.0,0.0,0.0,0.0,0.0,0.0,2.0,0.0,0.0,0.0,0.0,1.0,0.0,0.0,0.0,0.0,0.0,0.0,0.0,2.0,7.0,2.0,5123950790.0,-1.0,柳州市柳城县,柳州市柳城县冲脉镇,12.0,17.5,0.0,2.9,32.4,37.833333333333336,50.06271186440678,38.14581005586592
广西壮族自治区,柳州市,柳城县,寨隆镇,109.0922228,24.6480186,3.0,0.0,0.0,4.0,56.0,2.0,0.0,0.0,1.0,0.0,0.0,0.0,0.0,0.0,0.0,0.0,0.0,0.0,0.0,0.0,1.0,0.0,0.0,0.0,0.0,7.0,2.0,0.0,0.0,0.0,0.0,0.0,0.0,3.0,6.0,4.0,3.0,0.0,0.0,4.0,15.0,2.0,0.0,0.0,1.0,0.0,0.0,0.0,0.0,0.0,0.0,0.0,0.0,0.0,0.0,0.0,1.0,0.0,0.0,0.0,0.0,1.0,2.0,0.0,0.0,0.0,0.0,0.0,0.0,3.0,6.0,4.0,3907625521.0,-1.0,柳州市柳城县,柳州市柳城县寨隆镇,12.0,25.0,0.0,2.4,39.4,37.833333333333336,50.06271186440678,38.14581005586592
广西壮族自治区,柳州市,柳城县,马山镇,109.0911565,24.5398899,0.0,4.0,0.0,10.0,53.0,6.0,0.0,0.0,0.0,0.0,2.0,0.0,0.0,0.0,0.0,0.0,0.0,0.0,0.0,0.0,1.0,0.0,0.0,0.0,0.0,6.0,3.0,0.0,0.0,2.0,0.0,0.0,0.0,3.0,11.0,4.0,0.0,4.0,0.0,2.0,28.0,0.0,0.0,0.0,0.0,0.0,0.0,0.0,0.0,0.0,0.0,0.0,0.0,0.0,0.0,0.0,0.0,0.0,0.0,0.0,0.0,2.0,0.0,0.0,0.0,0.0,0.0,0.0,0.0,1.0,4.0,0.0,3907734220.0,-1.0,柳州市柳城县,柳州市柳城县马山镇,12.0,26.0,0.0,2.5,40.5,37.833333333333336,50.06271186440678,38.14581005586592
广西壮族自治区,柳州市,柳城县,古砦仫佬族乡,109.0465067,24.7394332,0.0,0.0,1.0,6.0,26.0,0.0,0.0,0.0,0.0,0.0,0.0,0.0,0.0,0.0,0.0,0.0,0.0,0.0,0.0,0.0,3.0,0.0,1.0,0.0,0.0,7.0,4.0,0.0,0.0,0.0,0.0,0.0,0.0,1.0,5.0,5.0,0.0,0.0,1.0,5.0,11.0,0.0,0.0,0.0,0.0,0.0,0.0,0.0,0.0,0.0,0.0,0.0,0.0,0.0,0.0,0.0,2.0,0.0,1.0,0.0,0.0,1.0,0.0,0.0,0.0,0.0,0.0,0.0,0.0,1.0,4.0,2.0,3907094686.0,-1.0,柳州市柳城县,柳州市柳城县古砦仫佬族乡,12.0,21.0,0.0,2.9,35.9,37.833333333333336,50.06271186440678,38.14581005586592
广西壮族自治区,柳州市,柳城县,社冲乡,109.3032983,24.4573226,0.0,11.0,6.0,11.0,34.0,31.0,0.0,0.0,0.0,2.0,0.0,0.0,0.0,0.0,0.0,0.0,0.0,0.0,0.0,0.0,17.0,1.0,7.0,0.0,0.0,4.0,68.0,0.0,0.0,17.0,1.0,7.0,0.0,8.0,8.0,7.0,0.0,0.0,1.0,9.0,10.0,2.0,0.0,0.0,0.0,0.0,0.0,0.0,0.0,0.0,0.0,0.0,0.0,0.0,0.0,0.0,5.0,1.0,2.0,0.0,0.0,3.0,35.0,0.0,0.0,2.0,0.0,5.0,0.0,8.0,4.0,6.0,5104555529.0,-1.0,柳州市柳城县,柳州市柳城县社冲乡,11.0,25.8,0.0,15.700000000000001,52.5,37.833333333333336,50.06271186440678,38.14581005586592
广西壮族自治区,柳州市,鹿寨县,鹿寨镇,109.7528831,24.4871148,11.0,23.0,24.0,34.0,89.0,10.0,1.0,8.0,4.0,6.0,5.0,1.0,0.0,0.0,4.0,4.0,0.0,0.0,0.0,0.0,40.0,2.0,17.0,0.0,15.0,3.0,17.0,0.0,0.0,4.0,0.0,24.0,1.0,9.0,18.0,14.0,8.0,6.0,9.0,8.0,21.0,3.0,0.0,0.0,1.0,3.0,3.0,0.0,0.0,0.0,1.0,1.0,0.0,0.0,0.0,0.0,7.0,0.0,4.0,0.0,5.0,1.0,7.0,0.0,0.0,0.0,0.0,6.0,0.0,3.0,9.0,8.0,1573995084.0,-1.0,柳州市鹿寨县,柳州市鹿寨县鹿寨镇,10.0,30.0,10.0,6.800000000000001,56.8,40.96666666666667,50.06271186440678,38.14581005586592
广西壮族自治区,柳州市,鹿寨县,中渡镇,109.6974837,24.6792177,6.0,2.0,8.0,5.0,132.0,3.0,0.0,4.0,1.0,4.0,0.0,0.0,0.0,0.0,0.0,0.0,0.0,0.0,0.0,0.0,9.0,0.0,0.0,0.0,0.0,5.0,7.0,0.0,0.0,0.0,0.0,5.0,3.0,4.0,10.0,9.0,0.0,2.0,3.0,5.0,46.0,3.0,0.0,2.0,0.0,1.0,0.0,0.0,0.0,0.0,0.0,0.0,0.0,0.0,0.0,0.0,2.0,0.0,0.0,0.0,0.0,3.0,5.0,0.0,0.0,0.0,0.0,3.0,2.0,3.0,9.0,7.0,5101407621.0,-1.0,柳州市鹿寨县,柳州市鹿寨县中渡镇,12.0,28.0,0.0,5.2,45.2,40.96666666666667,50.06271186440678,38.14581005586592
广西壮族自治区,柳州市,鹿寨县,寨沙镇,109.9651339,24.4923342,5.0,0.0,1.0,5.0,45.0,2.0,0.0,0.0,0.0,1.0,0.0,0.0,0.0,0.0,0.0,0.0,0.0,0.0,0.0,0.0,2.0,0.0,2.0,0.0,0.0,5.0,0.0,0.0,0.0,2.0,0.0,2.0,1.0,3.0,10.0,7.0,3.0,0.0,0.0,4.0,21.0,2.0,0.0,0.0,0.0,0.0,0.0,0.0,0.0,0.0,0.0,0.0,0.0,0.0,0.0,0.0,1.0,0.0,1.0,0.0,0.0,1.0,0.0,0.0,0.0,1.0,0.0,1.0,0.0,2.0,7.0,5.0,1735452089.0,-1.0,柳州市鹿寨县,柳州市鹿寨县寨沙镇,12.0,26.0,0.0,3.8,41.8,40.96666666666667,50.06271186440678,38.14581005586592
广西壮族自治区,柳州市,鹿寨县,平山镇,109.5626364,24.6638925,1.0,0.0,1.0,5.0,14.0,0.0,0.0,0.0,0.0,0.0,0.0,1.0,0.0,0.0,0.0,0.0,0.0,0.0,0.0,0.0,2.0,0.0,1.0,0.0,0.0,1.0,0.0,0.0,0.0,0.0,0.0,0.0,0.0,2.0,6.0,5.0,1.0,0.0,0.0,3.0,8.0,0.0,0.0,0.0,0.0,0.0,0.0,1.0,0.0,0.0,0.0,0.0,0.0,0.0,0.0,0.0,2.0,0.0,1.0,0.0,0.0,1.0,0.0,0.0,0.0,0.0,0.0,0.0,0.0,2.0,4.0,3.0,5101566860.0,-1.0,柳州市鹿寨县,柳州市鹿寨县平山镇,8.0,18.2,5.0,2.5,33.7,40.96666666666667,50.06271186440678,38.14581005586592
广西壮族自治区,柳州市,鹿寨县,黄冕镇,109.8503526,24.6722882,2.0,0.0,5.0,9.0,54.0,2.0,0.0,0.0,1.0,0.0,0.0,0.0,0.0,0.0,0.0,0.0,0.0,0.0,0.0,0.0,9.0,0.0,3.0,0.0,0.0,2.0,1.0,0.0,0.0,1.0,0.0,1.0,0.0,5.0,10.0,8.0,1.0,0.0,5.0,7.0,23.0,1.0,0.0,0.0,1.0,0.0,0.0,0.0,0.0,0.0,0.0,0.0,0.0,0.0,0.0,0.0,4.0,0.0,3.0,0.0,0.0,2.0,0.0,0.0,0.0,1.0,0.0,1.0,0.0,5.0,9.0,7.0,5101246730.0,-1.0,柳州市鹿寨县,柳州市鹿寨县黄冕镇,9.0,26.0,0.0,4.3,39.3,40.96666666666667,50.06271186440678,38.14581005586592
广西壮族自治区,柳州市,鹿寨县,四排镇,109.9947335,24.3758035,2.0,0.0,0.0,13.0,23.0,0.0,0.0,0.0,0.0,0.0,0.0,0.0,0.0,0.0,0.0,0.0,0.0,0.0,0.0,0.0,2.0,0.0,0.0,0.0,0.0,1.0,2.0,0.0,0.0,0.0,0.0,0.0,0.0,2.0,4.0,4.0,1.0,0.0,0.0,3.0,5.0,0.0,0.0,0.0,0.0,0.0,0.0,0.0,0.0,0.0,0.0,0.0,0.0,0.0,0.0,0.0,2.0,0.0,0.0,0.0,0.0,1.0,2.0,0.0,0.0,0.0,0.0,0.0,0.0,2.0,4.0,2.0,1735452087.0,-1.0,柳州市鹿寨县,柳州市鹿寨县四排镇,8.0,18.1,0.0,2.4,28.5,40.96666666666667,50.06271186440678,38.14581005586592
广西壮族自治区,柳州市,鹿寨县,江口乡,109.6099952,24.2601904,0.0,3.0,6.0,8.0,58.0,4.0,0.0,3.0,2.0,0.0,0.0,0.0,0.0,0.0,0.0,0.0,0.0,0.0,0.0,0.0,3.0,0.0,5.0,0.0,1.0,2.0,9.0,0.0,0.0,2.0,0.0,1.0,0.0,7.0,9.0,10.0,0.0,3.0,3.0,3.0,32.0,4.0,0.0,1.0,2.0,0.0,0.0,0.0,0.0,0.0,0.0,0.0,0.0,0.0,0.0,0.0,2.0,0.0,0.0,0.0,0.0,2.0,0.0,0.0,0.0,1.0,0.0,1.0,0.0,7.0,7.0,7.0,3348560663.0,11495444.0,柳州市鹿寨县,柳州市鹿寨县江口乡,17.0,26.0,0.0,5.2,48.2,40.96666666666667,50.06271186440678,38.14581005586592
广西壮族自治区,柳州市,鹿寨县,导江乡,109.7113179,24.2532606,0.0,5.0,0.0,16.0,36.0,0.0,0.0,0.0,0.0,2.0,0.0,0.0,0.0,0.0,0.0,0.0,0.0,0.0,0.0,0.0,6.0,0.0,3.0,0.0,0.0,5.0,0.0,0.0,0.0,0.0,0.0,2.0,0.0,5.0,5.0,6.0,0.0,1.0,0.0,10.0,14.0,0.0,0.0,0.0,0.0,2.0,0.0,0.0,0.0,0.0,0.0,0.0,0.0,0.0,0.0,0.0,4.0,0.0,0.0,0.0,0.0,3.0,0.0,0.0,0.0,0.0,0.0,2.0,0.0,5.0,4.0,4.0,3348560662.0,-1.0,柳州市鹿寨县,柳州市鹿寨县导江乡,12.0,24.5,0.0,3.0,39.5,40.96666666666667,50.06271186440678,38.14581005586592
广西壮族自治区,柳州市,鹿寨县,拉沟乡,110.024,24.5651,0.0,0.0,3.0,3.0,32.0,0.0,0.0,3.0,0.0,0.0,0.0,1.0,0.0,0.0,0.0,0.0,0.0,0.0,0.0,0.0,12.0,0.0,0.0,0.0,0.0,2.0,0.0,0.0,0.0,0.0,0.0,0.0,0.0,1.0,5.0,3.0,0.0,0.0,1.0,2.0,11.0,0.0,0.0,2.0,0.0,0.0,0.0,1.0,0.0,0.0,0.0,0.0,0.0,0.0,0.0,0.0,5.0,0.0,0.0,0.0,0.0,1.0,0.0,0.0,0.0,0.0,0.0,0.0,0.0,1.0,5.0,2.0,5108858068.0,-1.0,柳州市鹿寨县,柳州市鹿寨县拉沟乡,9.0,20.2,5.0,1.5,35.7,40.96666666666667,50.06271186440678,38.14581005586592
广西壮族自治区,柳州市,融安县,长安镇,109.3955757,25.2264804,2.0,6.0,12.0,32.0,115.0,0.0,0.0,7.0,1.0,3.0,0.0,2.0,0.0,0.0,1.0,1.0,0.0,0.0,1.0,1.0,3.0,0.0,2.0,0.0,0.0,4.0,74.0,0.0,0.0,3.0,0.0,38.0,2.0,9.0,13.0,7.0,0.0,3.0,7.0,16.0,48.0,0.0,0.0,2.0,0.0,0.0,0.0,1.0,0.0,0.0,0.0,0.0,0.0,0.0,0.0,1.0,2.0,0.0,0.0,0.0,0.0,2.0,17.0,0.0,0.0,0.0,0.0,1.0,2.0,6.0,9.0,5.0,3888882632.0,-1.0,柳州市融安县,柳州市融安县长安镇,11.0,28.0,6.0,12.9,57.9,32.55833333333333,50.06271186440678,38.14581005586592
广西壮族自治区,柳州市,融安县,浮石镇,109.3557216,25.1237492,15.0,0.0,2.0,13.0,13.0,5.0,0.0,0.0,1.0,0.0,0.0,0.0,0.0,0.0,0.0,0.0,0.0,0.0,0.0,0.0,1.0,0.0,5.0,0.0,1.0,1.0,2.0,0.0,0.0,0.0,0.0,3.0,0.0,10.0,9.0,9.0,2.0,0.0,2.0,6.0,4.0,1.0,0.0,0.0,0.0,0.0,0.0,0.0,0.0,0.0,0.0,0.0,0.0,0.0,0.0,0.0,1.0,0.0,0.0,0.0,0.0,1.0,0.0,0.0,0.0,0.0,0.0,3.0,0.0,8.0,5.0,4.0,5115738019.0,-1.0,柳州市融安县,柳州市融安县浮石镇,8.0,19.8,0.0,4.2,32.0,32.55833333333333,50.06271186440678,38.14581005586592
广西壮族自治区,柳州市,融安县,泗顶镇,109.5254301,25.0367707,5.0,0.0,7.0,4.0,13.0,0.0,0.0,0.0,0.0,0.0,0.0,1.0,0.0,0.0,0.0,0.0,0.0,0.0,0.0,0.0,4.0,0.0,1.0,0.0,0.0,1.0,0.0,0.0,0.0,0.0,0.0,3.0,0.0,3.0,9.0,9.0,0.0,0.0,7.0,1.0,11.0,0.0,0.0,0.0,0.0,0.0,0.0,1.0,0.0,0.0,0.0,0.0,0.0,0.0,0.0,0.0,4.0,0.0,0.0,0.0,0.0,1.0,0.0,0.0,0.0,0.0,0.0,3.0,0.0,1.0,4.0,6.0,3890192674.0,-1.0,柳州市融安县,柳州市融安县泗顶镇,8.0,18.9,5.0,4.0,35.9,32.55833333333333,50.06271186440678,38.14581005586592
广西壮族自治区,柳州市,融安县,板榄镇,109.6308412,25.4133664,0.0,0.0,6.0,1.0,0.0,1.0,0.0,0.0,0.0,0.0,0.0,1.0,0.0,0.0,0.0,0.0,0.0,0.0,0.0,0.0,1.0,0.0,0.0,0.0,0.0,2.0,0.0,0.0,0.0,0.0,0.0,0.0,0.0,1.0,3.0,2.0,0.0,0.0,2.0,0.0,0.0,0.0,0.0,0.0,0.0,0.0,0.0,1.0,0.0,0.0,0.0,0.0,0.0,0.0,0.0,0.0,1.0,0.0,0.0,0.0,0.0,1.0,0.0,0.0,0.0,0.0,0.0,0.0,0.0,1.0,1.0,2.0,3889101482.0,6654361.0,柳州市融安县,柳州市融安县板榄镇,17.0,7.5,5.0,1.0,30.5,32.55833333333333,50.06271186440678,38.14581005586592
广西壮族自治区,柳州市,融安县,大将镇,109.5250426,25.2848842,0.0,3.0,0.0,5.0,1.0,0.0,0.0,0.0,0.0,0.0,0.0,0.0,0.0,0.0,0.0,0.0,0.0,0.0,0.0,0.0,2.0,0.0,0.0,0.0,0.0,2.0,0.0,0.0,0.0,0.0,0.0,0.0,0.0,1.0,3.0,3.0,0.0,2.0,0.0,3.0,0.0,0.0,0.0,0.0,0.0,0.0,0.0,0.0,0.0,0.0,0.0,0.0,0.0,0.0,0.0,0.0,1.0,0.0,0.0,0.0,0.0,1.0,0.0,0.0,0.0,0.0,0.0,0.0,0.0,1.0,2.0,2.0,3890017589.0,-1.0,柳州市融安县,柳州市融安县大将镇,9.0,11.7,0.0,1.5,22.2,32.55833333333333,50.06271186440678,38.14581005586592
广西壮族自治区,柳州市,融安县,大良镇,109.3358897,24.8367222,5.0,0.0,6.0,2.0,41.0,2.0,0.0,1.0,0.0,0.0,1.0,0.0,0.0,0.0,0.0,0.0,0.0,0.0,0.0,0.0,8.0,0.0,1.0,0.0,0.0,7.0,1.0,0.0,0.0,0.0,0.0,0.0,0.0,3.0,7.0,5.0,1.0,0.0,3.0,1.0,20.0,1.0,0.0,1.0,0.0,0.0,1.0,0.0,0.0,0.0,0.0,0.0,0.0,0.0,0.0,0.0,4.0,0.0,1.0,0.0,0.0,1.0,0.0,0.0,0.0,0.0,0.0,0.0,0.0,3.0,6.0,4.0,3890460761.0,-1.0,柳州市融安县,柳州市融安县大良镇,12.0,25.5,0.0,2.6,40.1,32.55833333333333,50.06271186440678,38.14581005586592
广西壮族自治区,柳州市,融安县,雅瑶乡,109.6593398,25.2715192,0.0,8.0,0.0,3.0,5.0,0.0,0.0,0.0,0.0,0.0,0.0,0.0,0.0,0.0,0.0,0.0,0.0,0.0,0.0,0.0,2.0,0.0,0.0,0.0,0.0,4.0,0.0,0.0,0.0,0.0,0.0,0.0,0.0,1.0,3.0,2.0,0.0,4.0,0.0,0.0,3.0,0.0,0.0,0.0,0.0,0.0,0.0,0.0,0.0,0.0,0.0,0.0,0.0,0.0,0.0,0.0,1.0,0.0,0.0,0.0,0.0,1.0,0.0,0.0,0.0,0.0,0.0,0.0,0.0,1.0,2.0,2.0,3890056187.0,-1.0,柳州市融安县,柳州市融安县雅瑶乡,11.0,11.4,0.0,1.0,23.4,32.55833333333333,50.06271186440678,38.14581005586592
广西壮族自治区,柳州市,融安县,大坡乡,109.5241739,25.1532848,0.0,0.0,5.0,6.0,19.0,1.0,0.0,0.0,0.0,0.0,0.0,0.0,0.0,0.0,0.0,0.0,0.0,0.0,0.0,0.0,2.0,0.0,0.0,0.0,0.0,3.0,0.0,0.0,0.0,0.0,0.0,0.0,0.0,2.0,8.0,2.0,0.0,0.0,5.0,4.0,8.0,1.0,0.0,0.0,0.0,0.0,0.0,0.0,0.0,0.0,0.0,0.0,0.0,0.0,0.0,0.0,2.0,0.0,0.0,0.0,0.0,1.0,0.0,0.0,0.0,0.0,0.0,0.0,0.0,1.0,6.0,2.0,3890046345.0,-1.0,柳州市融安县,柳州市融安县大坡乡,10.0,20.2,0.0,1.0,31.2,32.55833333333333,50.06271186440678,38.14581005586592
广西壮族自治区,柳州市,融安县,东起乡,109.3907166,24.9651231,0.0,0.0,1.0,6.0,11.0,0.0,0.0,0.0,0.0,0.0,0.0,0.0,0.0,0.0,0.0,0.0,0.0,0.0,0.0,0.0,10.0,0.0,0.0,0.0,0.0,7.0,0.0,0.0,0.0,0.0,0.0,0.0,0.0,3.0,6.0,3.0,0.0,0.0,1.0,1.0,5.0,0.0,0.0,0.0,0.0,0.0,0.0,0.0,0.0,0.0,0.0,0.0,0.0,0.0,0.0,0.0,4.0,0.0,0.0,0.0,0.0,2.0,0.0,0.0,0.0,0.0,0.0,0.0,0.0,2.0,4.0,3.0,3890407732.0,-1.0,柳州市融安县,柳州市融安县东起乡,12.0,16.7,0.0,1.5,30.2,32.55833333333333,50.06271186440678,38.14581005586592
广西壮族自治区,柳州市,融安县,沙子乡,109.4662017,24.906321,0.0,0.0,3.0,0.0,8.0,0.0,0.0,0.0,0.0,0.0,0.0,0.0,0.0,0.0,0.0,0.0,0.0,0.0,0.0,0.0,3.0,0.0,0.0,0.0,0.0,4.0,0.0,0.0,0.0,0.0,0.0,0.0,0.0,1.0,3.0,3.0,0.0,0.0,3.0,0.0,2.0,0.0,0.0,0.0,0.0,0.0,0.0,0.0,0.0,0.0,0.0,0.0,0.0,0.0,0.0,0.0,2.0,0.0,0.0,0.0,0.0,1.0,0.0,0.0,0.0,0.0,0.0,0.0,0.0,1.0,2.0,2.0,5115810511.0,-1.0,柳州市融安县,柳州市融安县沙子乡,11.0,8.7,0.0,1.5,21.2,32.55833333333333,50.06271186440678,38.14581005586592
广西壮族自治区,柳州市,融安县,桥板乡,109.5577725,24.9206384,0.0,0.0,3.0,9.0,23.0,0.0,0.0,0.0,0.0,0.0,0.0,0.0,0.0,0.0,0.0,0.0,0.0,0.0,0.0,0.0,5.0,0.0,0.0,0.0,0.0,5.0,0.0,0.0,0.0,0.0,0.0,0.0,0.0,1.0,4.0,2.0,0.0,0.0,1.0,9.0,12.0,0.0,0.0,0.0,0.0,0.0,0.0,0.0,0.0,0.0,0.0,0.0,0.0,0.0,0.0,0.0,3.0,0.0,0.0,0.0,0.0,2.0,0.0,0.0,0.0,0.0,0.0,0.0,0.0,1.0,4.0,2.0,7801784884.0,-1.0,柳州市融安县,柳州市融安县桥板乡,12.0,20.2,0.0,1.0,33.2,32.55833333333333,50.06271186440678,38.14581005586592
广西壮族自治区,柳州市,融安县,潭头乡,109.2936809,24.8359317,0.0,0.0,12.0,5.0,18.0,7.0,0.0,0.0,0.0,0.0,0.0,0.0,0.0,0.0,0.0,0.0,0.0,0.0,0.0,0.0,9.0,0.0,0.0,0.0,0.0,8.0,1.0,0.0,0.0,0.0,0.0,0.0,0.0,2.0,8.0,4.0,0.0,0.0,9.0,5.0,4.0,6.0,0.0,0.0,0.0,0.0,0.0,0.0,0.0,0.0,0.0,0.0,0.0,0.0,0.0,0.0,3.0,0.0,0.0,0.0,0.0,2.0,0.0,0.0,0.0,0.0,0.0,0.0,0.0,2.0,8.0,4.0,3890460762.0,-1.0,柳州市融安县,柳州市融安县潭头乡,12.0,18.8,0.0,2.1,32.9,32.55833333333333,50.06271186440678,38.14581005586592
广西壮族自治区,柳州市,融水苗族自治县,融水镇,109.2540654,25.0817999,10.0,4.0,16.0,29.0,62.0,2.0,0.0,11.0,0.0,0.0,0.0,0.0,0.0,0.0,0.0,0.0,0.0,0.0,0.0,1.0,4.0,0.0,0.0,0.0,0.0,3.0,1.0,0.0,0.0,2.0,0.0,5.0,6.0,7.0,13.0,7.0,3.0,2.0,2.0,10.0,23.0,0.0,0.0,0.0,0.0,0.0,0.0,0.0,0.0,0.0,0.0,0.0,0.0,0.0,0.0,0.0,1.0,0.0,0.0,0.0,0.0,1.0,0.0,0.0,0.0,0.0,0.0,0.0,0.0,3.0,8.0,2.0,7783760934.0,-1.0,柳州市融水苗族自治县,柳州市融水苗族自治县融水镇,10.0,24.0,0.0,3.8,37.8,27.294999999999998,50.06271186440678,38.14581005586592
广西壮族自治区,柳州市,融水苗族自治县,和睦镇,109.1551525,24.9024701,3.0,2.0,0.0,4.0,68.0,2.0,0.0,0.0,1.0,0.0,1.0,0.0,0.0,0.0,0.0,0.0,0.0,0.0,0.0,0.0,5.0,0.0,9.0,0.0,0.0,3.0,8.0,0.0,0.0,4.0,0.0,2.0,0.0,11.0,11.0,9.0,1.0,2.0,0.0,3.0,33.0,0.0,0.0,0.0,0.0,0.0,1.0,0.0,0.0,0.0,0.0,0.0,0.0,0.0,0.0,0.0,1.0,0.0,2.0,0.0,0.0,1.0,0.0,0.0,0.0,0.0,0.0,1.0,0.0,9.0,5.0,6.0,5115714485.0,-1.0,柳州市融水苗族自治县,柳州市融水苗族自治县和睦镇,10.0,28.0,0.0,5.2,43.2,27.294999999999998,50.06271186440678,38.14581005586592
广西壮族自治区,柳州市,融水苗族自治县,三防镇,108.8421946,25.2495001,0.0,3.0,0.0,7.0,26.0,2.0,0.0,2.0,0.0,0.0,0.0,0.0,0.0,0.0,0.0,0.0,0.0,0.0,0.0,0.0,1.0,0.0,0.0,0.0,0.0,5.0,2.0,0.0,0.0,0.0,0.0,3.0,0.0,2.0,6.0,5.0,0.0,3.0,0.0,1.0,24.0,2.0,0.0,0.0,0.0,0.0,0.0,0.0,0.0,0.0,0.0,0.0,0.0,0.0,0.0,0.0,1.0,0.0,0.0,0.0,0.0,1.0,2.0,0.0,0.0,0.0,0.0,0.0,0.0,2.0,5.0,4.0,5027205344.0,-1.0,柳州市融水苗族自治县,柳州市融水苗族自治县三防镇,12.0,23.0,0.0,2.9,37.9,27.294999999999998,50.06271186440678,38.14581005586592
广西壮族自治区,柳州市,融水苗族自治县,怀宝镇,109.0269964,25.2512354,0.0,2.0,8.0,5.0,3.0,0.0,0.0,0.0,0.0,0.0,0.0,0.0,0.0,0.0,0.0,0.0,0.0,0.0,0.0,0.0,6.0,0.0,0.0,0.0,0.0,3.0,0.0,0.0,0.0,0.0,0.0,0.0,0.0,2.0,5.0,2.0,0.0,2.0,6.0,1.0,3.0,0.0,0.0,0.0,0.0,0.0,0.0,0.0,0.0,0.0,0.0,0.0,0.0,0.0,0.0,0.0,6.0,0.0,0.0,0.0,0.0,1.0,0.0,0.0,0.0,0.0,0.0,0.0,0.0,2.0,5.0,2.0,5027692727.0,-1.0,柳州市融水苗族自治县,柳州市融水苗族自治县怀宝镇,10.0,14.0,0.0,1.0,25.0,27.294999999999998,50.06271186440678,38.14581005586592
广西壮族自治区,柳州市,融水苗族自治县,洞头镇,108.9900709,25.506443,8.0,0.0,0.0,5.0,2.0,3.0,0.0,0.0,0.0,0.0,0.0,0.0,0.0,0.0,0.0,0.0,0.0,0.0,0.0,0.0,4.0,0.0,0.0,0.0,0.0,2.0,0.0,0.0,0.0,0.0,0.0,0.0,0.0,9.0,5.0,2.0,3.0,0.0,0.0,4.0,1.0,0.0,0.0,0.0,0.0,0.0,0.0,0.0,0.0,0.0,0.0,0.0,0.0,0.0,0.0,0.0,2.0,0.0,0.0,0.0,0.0,2.0,0.0,0.0,0.0,0.0,0.0,0.0,0.0,3.0,3.0,2.0,992257439.0,-1.0,柳州市融水苗族自治县,柳州市融水苗族自治县洞头镇,9.0,13.2,0.0,1.0,23.2,27.294999999999998,50.06271186440678,38.14581005586592
广西壮族自治区,柳州市,融水苗族自治县,大浪镇,109.4415824,25.4797111,0.0,5.0,5.0,5.0,1.0,0.0,0.0,0.0,0.0,0.0,0.0,0.0,0.0,0.0,0.0,0.0,0.0,0.0,0.0,0.0,3.0,0.0,0.0,0.0,0.0,2.0,0.0,0.0,0.0,0.0,0.0,0.0,0.0,9.0,6.0,3.0,0.0,1.0,1.0,0.0,0.0,0.0,0.0,0.0,0.0,0.0,0.0,0.0,0.0,0.0,0.0,0.0,0.0,0.0,0.0,0.0,2.0,0.0,0.0,0.0,0.0,1.0,0.0,0.0,0.0,0.0,0.0,0.0,0.0,9.0,4.0,3.0,3888692108.0,-1.0,柳州市融水苗族自治县,柳州市融水苗族自治县大浪镇,9.0,13.2,0.0,1.5,23.7,27.294999999999998,50.06271186440678,38.14581005586592
广西壮族自治区,柳州市,融水苗族自治县,永乐镇,109.1436777,25.0025547,7.0,0.0,0.0,11.0,61.0,1.0,0.0,0.0,0.0,0.0,0.0,0.0,0.0,0.0,0.0,0.0,0.0,0.0,0.0,0.0,2.0,0.0,0.0,0.0,0.0,10.0,0.0,0.0,0.0,0.0,0.0,0.0,0.0,4.0,6.0,3.0,3.0,0.0,0.0,5.0,11.0,1.0,0.0,0.0,0.0,0.0,0.0,0.0,0.0,0.0,0.0,0.0,0.0,0.0,0.0,0.0,2.0,0.0,0.0,0.0,0.0,2.0,0.0,0.0,0.0,0.0,0.0,0.0,0.0,3.0,6.0,2.0,5149794045.0,-1.0,柳州市融水苗族自治县,柳州市融水苗族自治县永乐镇,12.0,23.0,0.0,1.5,36.5,27.294999999999998,50.06271186440678,38.14581005586592
广西壮族自治区,柳州市,融水苗族自治县,四荣乡,109.2053326,25.2192079,0.0,11.0,19.0,2.0,25.0,0.0,0.0,0.0,0.0,0.0,0.0,0.0,0.0,0.0,0.0,0.0,0.0,0.0,0.0,0.0,1.0,0.0,0.0,0.0,0.0,1.0,1.0,0.0,0.0,0.0,0.0,0.0,0.0,2.0,9.0,3.0,0.0,6.0,9.0,1.0,23.0,0.0,0.0,0.0,0.0,0.0,0.0,0.0,0.0,0.0,0.0,0.0,0.0,0.0,0.0,0.0,1.0,0.0,0.0,0.0,0.0,1.0,0.0,0.0,0.0,0.0,0.0,0.0,0.0,2.0,5.0,3.0,3469981822.0,-1.0,柳州市融水苗族自治县,柳州市融水苗族自治县四荣乡,8.0,22.9,0.0,1.6,32.5,27.294999999999998,50.06271186440678,38.14581005586592
广西壮族自治区,柳州市,融水苗族自治县,香粉乡,109.211211,25.2827072,0.0,0.0,4.0,6.0,2.0,0.0,0.0,0.0,0.0,0.0,0.0,0.0,0.0,0.0,0.0,0.0,0.0,0.0,0.0,0.0,2.0,0.0,0.0,0.0,0.0,1.0,0.0,0.0,0.0,0.0,0.0,0.0,0.0,2.0,4.0,2.0,0.0,0.0,0.0,5.0,2.0,0.0,0.0,0.0,0.0,0.0,0.0,0.0,0.0,0.0,0.0,0.0,0.0,0.0,0.0,0.0,2.0,0.0,0.0,0.0,0.0,1.0,0.0,0.0,0.0,0.0,0.0,0.0,0.0,2.0,3.0,2.0,3469981823.0,-1.0,柳州市融水苗族自治县,柳州市融水苗族自治县香粉乡,8.0,13.0,0.0,1.0,22.0,27.294999999999998,50.06271186440678,38.14581005586592
广西壮族自治区,柳州市,融水苗族自治县,安太乡,109.0634445,25.3918049,4.0,0.0,2.0,7.0,9.0,1.0,0.0,0.0,0.0,0.0,0.0,0.0,0.0,0.0,0.0,0.0,0.0,0.0,0.0,0.0,5.0,0.0,0.0,0.0,0.0,4.0,0.0,0.0,0.0,0.0,0.0,0.0,0.0,3.0,10.0,2.0,3.0,0.0,1.0,7.0,6.0,1.0,0.0,0.0,0.0,0.0,0.0,0.0,0.0,0.0,0.0,0.0,0.0,0.0,0.0,0.0,4.0,0.0,0.0,0.0,0.0,2.0,0.0,0.0,0.0,0.0,0.0,0.0,0.0,3.0,10.0,2.0,3469981821.0,-1.0,柳州市融水苗族自治县,柳州市融水苗族自治县安太乡,11.0,17.6,0.0,1.0,29.6,27.294999999999998,50.06271186440678,38.14581005586592
广西壮族自治区,柳州市,融水苗族自治县,汪洞乡,108.786359,25.2709543,0.0,2.0,0.0,0.0,9.0,0.0,0.0,4.0,0.0,0.0,0.0,0.0,0.0,0.0,0.0,0.0,0.0,0.0,0.0,0.0,8.0,0.0,0.0,0.0,0.0,1.0,0.0,0.0,0.0,0.0,0.0,0.0,0.0,2.0,4.0,3.0,0.0,1.0,0.0,0.0,2.0,0.0,0.0,3.0,0.0,0.0,0.0,0.0,0.0,0.0,0.0,0.0,0.0,0.0,0.0,0.0,5.0,0.0,0.0,0.0,0.0,1.0,0.0,0.0,0.0,0.0,0.0,0.0,0.0,2.0,3.0,3.0,4269333875.0,-1.0,柳州市融水苗族自治县,柳州市融水苗族自治县汪洞乡,8.0,9.4,0.0,1.5,18.9,27.294999999999998,50.06271186440678,38.14581005586592
广西壮族自治区,柳州市,融水苗族自治县,同练瑶族乡,108.6986683,25.3325991,0.0,0.0,6.0,1.0,9.0,1.0,0.0,0.0,0.0,0.0,1.0,0.0,0.0,0.0,0.0,0.0,0.0,0.0,0.0,0.0,1.0,0.0,0.0,0.0,0.0,1.0,0.0,0.0,0.0,0.0,0.0,0.0,0.0,1.0,6.0,2.0,0.0,0.0,3.0,0.0,9.0,1.0,0.0,0.0,0.0,0.0,1.0,0.0,0.0,0.0,0.0,0.0,0.0,0.0,0.0,0.0,1.0,0.0,0.0,0.0,0.0,1.0,0.0,0.0,0.0,0.0,0.0,0.0,0.0,1.0,5.0,1.0,4269333874.0,-1.0,柳州市融水苗族自治县,柳州市融水苗族自治县同练瑶族乡,8.0,15.5,0.0,1.0,24.5,27.294999999999998,50.06271186440678,38.14581005586592
广西壮族自治区,柳州市,融水苗族自治县,滚贝侗族乡,108.8549782,25.3619835,0.0,0.0,3.0,11.0,4.0,1.0,0.0,0.0,0.0,0.0,0.0,0.0,0.0,0.0,0.0,0.0,0.0,0.0,0.0,0.0,2.0,0.0,0.0,0.0,0.0,2.0,7.0,0.0,0.0,0.0,0.0,0.0,0.0,2.0,5.0,3.0,0.0,0.0,2.0,8.0,4.0,0.0,0.0,0.0,0.0,0.0,0.0,0.0,0.0,0.0,0.0,0.0,0.0,0.0,0.0,0.0,1.0,0.0,0.0,0.0,0.0,1.0,0.0,0.0,0.0,0.0,0.0,0.0,0.0,1.0,4.0,2.0,2904528388.0,-1.0,柳州市融水苗族自治县,柳州市融水苗族自治县滚贝侗族乡,9.0,14.5,0.0,2.2,25.7,27.294999999999998,50.06271186440678,38.14581005586592
广西壮族自治区,柳州市,融水苗族自治县,杆洞乡,108.7372812,25.5609956,0.0,0.0,1.0,11.0,0.0,3.0,0.0,0.0,0.0,0.0,0.0,0.0,0.0,0.0,0.0,0.0,0.0,0.0,0.0,0.0,6.0,0.0,0.0,0.0,0.0,1.0,1.0,0.0,0.0,0.0,0.0,0.0,0.0,1.0,5.0,2.0,0.0,0.0,1.0,5.0,0.0,1.0,0.0,0.0,0.0,0.0,0.0,0.0,0.0,0.0,0.0,0.0,0.0,0.0,0.0,0.0,3.0,0.0,0.0,0.0,0.0,1.0,1.0,0.0,0.0,0.0,0.0,0.0,0.0,1.0,5.0,2.0,2904527178.0,-1.0,柳州市融水苗族自治县,柳州市融水苗族自治县杆洞乡,8.0,12.5,0.0,1.2,21.7,27.294999999999998,50.06271186440678,38.14581005586592
广西壮族自治区,柳州市,融水苗族自治县,安陲乡,109.3216609,25.3356445,0.0,0.0,5.0,21.0,12.0,0.0,0.0,0.0,0.0,0.0,0.0,0.0,0.0,0.0,0.0,0.0,0.0,0.0,0.0,0.0,2.0,0.0,0.0,0.0,0.0,3.0,0.0,0.0,0.0,0.0,0.0,0.0,0.0,4.0,4.0,4.0,0.0,0.0,1.0,10.0,7.0,0.0,0.0,0.0,0.0,0.0,0.0,0.0,0.0,0.0,0.0,0.0,0.0,0.0,0.0,0.0,2.0,0.0,0.0,0.0,0.0,1.0,0.0,0.0,0.0,0.0,0.0,0.0,0.0,2.0,4.0,4.0,3471157907.0,-1.0,柳州市融水苗族自治县,柳州市融水苗族自治县安陲乡,10.0,16.5,0.0,2.0,28.5,27.294999999999998,50.06271186440678,38.14581005586592
广西壮族自治区,柳州市,融水苗族自治县,白云乡,109.2659307,25.5245654,0.0,4.0,0.0,6.0,1.0,0.0,0.0,0.0,0.0,0.0,0.0,0.0,0.0,0.0,0.0,0.0,0.0,0.0,0.0,0.0,2.0,0.0,0.0,0.0,0.0,2.0,0.0,0.0,0.0,0.0,0.0,0.0,0.0,1.0,3.0,2.0,0.0,3.0,0.0,5.0,0.0,0.0,0.0,0.0,0.0,0.0,0.0,0.0,0.0,0.0,0.0,0.0,0.0,0.0,0.0,0.0,2.0,0.0,0.0,0.0,0.0,2.0,0.0,0.0,0.0,0.0,0.0,0.0,0.0,1.0,2.0,2.0,5149927730.0,-1.0,柳州市融水苗族自治县,柳州市融水苗族自治县白云乡,9.0,11.7,0.0,1.0,21.7,27.294999999999998,50.06271186440678,38.14581005586592
广西壮族自治区,柳州市,融水苗族自治县,红水乡,109.2058809,25.5483048,0.0,7.0,0.0,11.0,8.0,0.0,0.0,0.0,0.0,0.0,0.0,0.0,0.0,0.0,0.0,0.0,0.0,0.0,0.0,0.0,0.0,0.0,0.0,0.0,0.0,1.0,0.0,0.0,0.0,0.0,0.0,1.0,0.0,2.0,4.0,2.0,0.0,6.0,0.0,8.0,4.0,0.0,0.0,0.0,0.0,0.0,0.0,0.0,0.0,0.0,0.0,0.0,0.0,0.0,0.0,0.0,0.0,0.0,0.0,0.0,0.0,1.0,0.0,0.0,0.0,0.0,0.0,0.0,0.0,2.0,3.0,1.0,5149927736.0,-1.0,柳州市融水苗族自治县,柳州市融水苗族自治县红水乡,8.0,14.8,0.0,1.0,23.8,27.294999999999998,50.06271186440678,38.14581005586592
广西壮族自治区,柳州市,融水苗族自治县,拱洞乡,109.1762055,25.5949168,0.0,3.0,0.0,3.0,0.0,0.0,0.0,0.0,0.0,0.0,0.0,0.0,0.0,0.0,0.0,0.0,0.0,0.0,0.0,0.0,1.0,0.0,0.0,0.0,0.0,2.0,0.0,0.0,0.0,0.0,0.0,0.0,0.0,2.0,2.0,3.0,0.0,1.0,0.0,2.0,0.0,0.0,0.0,0.0,0.0,0.0,0.0,0.0,0.0,0.0,0.0,0.0,0.0,0.0,0.0,0.0,1.0,0.0,0.0,0.0,0.0,1.0,0.0,0.0,0.0,0.0,0.0,0.0,0.0,2.0,2.0,2.0,5149927733.0,-1.0,柳州市融水苗族自治县,柳州市融水苗族自治县拱洞乡,9.0,9.0,0.0,1.5,19.5,27.294999999999998,50.06271186440678,38.14581005586592
广西壮族自治区,柳州市,融水苗族自治县,良寨乡,109.0858245,25.5682932,0.0,0.0,1.0,13.0,1.0,0.0,0.0,0.0,0.0,0.0,0.0,0.0,0.0,0.0,0.0,0.0,0.0,0.0,0.0,0.0,2.0,0.0,0.0,0.0,0.0,3.0,0.0,0.0,0.0,0.0,0.0,0.0,0.0,8.0,3.0,2.0,0.0,0.0,1.0,4.0,1.0,0.0,0.0,0.0,0.0,0.0,0.0,0.0,0.0,0.0,0.0,0.0,0.0,0.0,0.0,0.0,2.0,0.0,0.0,0.0,0.0,1.0,0.0,0.0,0.0,0.0,0.0,0.0,0.0,2.0,3.0,2.0,5149927737.0,-1.0,柳州市融水苗族自治县,柳州市融水苗族自治县良寨乡,10.0,12.0,0.0,1.0,23.0,27.294999999999998,50.06271186440678,38.14581005586592
广西壮族自治区,柳州市,融水苗族自治县,大年乡,109.1233866,25.7005792,0.0,3.0,0.0,18.0,9.0,1.0,0.0,0.0,0.0,0.0,0.0,0.0,0.0,0.0,0.0,0.0,0.0,0.0,0.0,0.0,6.0,0.0,1.0,0.0,0.0,2.0,0.0,0.0,0.0,0.0,0.0,0.0,0.0,5.0,5.0,3.0,0.0,1.0,0.0,10.0,8.0,0.0,0.0,0.0,0.0,0.0,0.0,0.0,0.0,0.0,0.0,0.0,0.0,0.0,0.0,0.0,5.0,0.0,0.0,0.0,0.0,1.0,0.0,0.0,0.0,0.0,0.0,0.0,0.0,2.0,4.0,2.0,4267794900.0,-1.0,柳州市融水苗族自治县,柳州市融水苗族自治县大年乡,9.0,16.7,0.0,1.5,27.2,27.294999999999998,50.06271186440678,38.14581005586592
广西壮族自治区,柳州市,三江侗族自治县,古宜镇,109.603831,25.7854027,14.0,17.0,13.0,31.0,52.0,7.0,0.0,20.0,2.0,8.0,3.0,1.0,1.0,4.0,0.0,0.0,0.0,0.0,5.0,64.0,7.0,1.0,0.0,0.0,0.0,4.0,40.0,0.0,0.0,1.0,3.0,12.0,17.0,7.0,16.0,10.0,1.0,3.0,2.0,19.0,38.0,2.0,0.0,15.0,2.0,3.0,0.0,1.0,0.0,2.0,0.0,0.0,0.0,0.0,4.0,37.0,3.0,1.0,0.0,0.0,0.0,2.0,16.0,0.0,0.0,0.0,2.0,7.0,13.0,5.0,13.0,7.0,3470788682.0,-1.0,柳州市三江侗族自治县,柳州市三江侗族自治县古宜镇,11.0,30.0,13.0,9.7,63.7,33.1,50.06271186440678,38.14581005586592
广西壮族自治区,柳州市,三江侗族自治县,斗江镇,109.6783684,25.7665926,3.0,0.0,1.0,4.0,2.0,0.0,0.0,0.0,0.0,0.0,0.0,0.0,0.0,0.0,0.0,0.0,0.0,0.0,0.0,0.0,7.0,0.0,0.0,0.0,0.0,3.0,0.0,0.0,0.0,0.0,0.0,0.0,0.0,5.0,4.0,3.0,3.0,0.0,1.0,4.0,1.0,0.0,0.0,0.0,0.0,0.0,0.0,0.0,0.0,0.0,0.0,0.0,0.0,0.0,0.0,0.0,4.0,0.0,0.0,0.0,0.0,1.0,0.0,0.0,0.0,0.0,0.0,0.0,0.0,5.0,4.0,3.0,1734844101.0,-1.0,柳州市三江侗族自治县,柳州市三江侗族自治县斗江镇,10.0,11.7,0.0,1.5,23.2,33.1,50.06271186440678,38.14581005586592
广西壮族自治区,柳州市,三江侗族自治县,丹洲镇,109.4472511,25.3764056,8.0,1.0,0.0,8.0,21.0,1.0,0.0,14.0,3.0,1.0,1.0,0.0,0.0,0.0,0.0,0.0,0.0,0.0,0.0,0.0,7.0,0.0,4.0,0.0,0.0,2.0,0.0,0.0,0.0,0.0,0.0,1.0,2.0,10.0,8.0,8.0,5.0,0.0,0.0,5.0,12.0,1.0,0.0,14.0,2.0,1.0,1.0,0.0,0.0,0.0,0.0,0.0,0.0,0.0,0.0,0.0,4.0,0.0,1.0,0.0,0.0,2.0,0.0,0.0,0.0,0.0,0.0,1.0,2.0,9.0,6.0,8.0,3888882629.0,11480928.0,柳州市三江侗族自治县,柳州市三江侗族自治县丹洲镇,17.0,27.8,0.0,4.0,48.8,33.1,50.06271186440678,38.14581005586592
广西壮族自治区,柳州市,三江侗族自治县,八江镇,109.5547513,25.8842734,0.0,0.0,4.0,0.0,5.0,0.0,0.0,2.0,1.0,0.0,0.0,0.0,0.0,0.0,0.0,0.0,0.0,0.0,0.0,0.0,2.0,0.0,0.0,0.0,0.0,3.0,6.0,0.0,0.0,0.0,0.0,0.0,1.0,4.0,3.0,6.0,0.0,0.0,1.0,0.0,4.0,0.0,0.0,0.0,0.0,0.0,0.0,0.0,0.0,0.0,0.0,0.0,0.0,0.0,0.0,0.0,2.0,0.0,0.0,0.0,0.0,1.0,3.0,0.0,0.0,0.0,0.0,0.0,0.0,3.0,2.0,5.0,3889312999.0,-1.0,柳州市三江侗族自治县,柳州市三江侗族自治县八江镇,10.0,10.7,0.0,3.9,24.599999999999998,33.1,50.06271186440678,38.14581005586592
广西壮族自治区,柳州市,三江侗族自治县,林溪镇,109.666178,25.9770265,0.0,2.0,8.0,6.0,1.0,0.0,0.0,0.0,0.0,0.0,0.0,0.0,0.0,0.0,0.0,0.0,0.0,0.0,0.0,0.0,7.0,0.0,0.0,0.0,0.0,1.0,0.0,0.0,0.0,0.0,0.0,0.0,0.0,8.0,4.0,2.0,0.0,2.0,4.0,5.0,1.0,0.0,0.0,0.0,0.0,0.0,0.0,0.0,0.0,0.0,0.0,0.0,0.0,0.0,0.0,0.0,5.0,0.0,0.0,0.0,0.0,1.0,0.0,0.0,0.0,0.0,0.0,0.0,0.0,2.0,4.0,2.0,3470788684.0,-1.0,柳州市三江侗族自治县,柳州市三江侗族自治县林溪镇,8.0,12.5,0.0,1.0,21.5,33.1,50.06271186440678,38.14581005586592
广西壮族自治区,柳州市,三江侗族自治县,独峒镇,109.4709398,25.9596953,0.0,0.0,5.0,0.0,3.0,0.0,0.0,4.0,0.0,0.0,0.0,1.0,0.0,0.0,0.0,0.0,0.0,0.0,0.0,0.0,1.0,0.0,0.0,0.0,0.0,3.0,0.0,0.0,0.0,0.0,0.0,0.0,2.0,1.0,3.0,4.0,0.0,0.0,2.0,0.0,2.0,0.0,0.0,0.0,0.0,0.0,0.0,1.0,0.0,0.0,0.0,0.0,0.0,0.0,0.0,0.0,1.0,0.0,0.0,0.0,0.0,1.0,0.0,0.0,0.0,0.0,0.0,0.0,0.0,1.0,2.0,2.0,3889281659.0,-1.0,柳州市三江侗族自治县,柳州市三江侗族自治县独峒镇,10.0,7.7,5.0,2.0,24.7,33.1,50.06271186440678,38.14581005586592
广西壮族自治区,柳州市,三江侗族自治县,同乐苗族乡,109.4298426,25.7805207,0.0,0.0,6.0,6.0,36.0,1.0,0.0,0.0,0.0,0.0,0.0,0.0,0.0,0.0,0.0,0.0,0.0,0.0,0.0,0.0,7.0,0.0,0.0,0.0,0.0,2.0,0.0,0.0,0.0,0.0,0.0,0.0,0.0,2.0,6.0,2.0,0.0,0.0,4.0,3.0,28.0,1.0,0.0,0.0,0.0,0.0,0.0,0.0,0.0,0.0,0.0,0.0,0.0,0.0,0.0,0.0,7.0,0.0,0.0,0.0,0.0,2.0,0.0,0.0,0.0,0.0,0.0,0.0,0.0,2.0,5.0,2.0,3889202829.0,-1.0,柳州市三江侗族自治县,柳州市三江侗族自治县同乐苗族乡,9.0,23.0,0.0,1.0,33.0,33.1,50.06271186440678,38.14581005586592
广西壮族自治区,柳州市,三江侗族自治县,梅林乡,108.9594477,25.7204121,6.0,0.0,0.0,3.0,13.0,1.0,0.0,1.0,2.0,0.0,0.0,0.0,0.0,0.0,0.0,0.0,0.0,0.0,0.0,0.0,9.0,0.0,6.0,0.0,0.0,2.0,0.0,0.0,0.0,0.0,0.0,0.0,0.0,9.0,7.0,6.0,3.0,0.0,0.0,1.0,6.0,0.0,0.0,0.0,2.0,0.0,0.0,0.0,0.0,0.0,0.0,0.0,0.0,0.0,0.0,0.0,4.0,0.0,4.0,0.0,0.0,2.0,0.0,0.0,0.0,0.0,0.0,0.0,0.0,2.0,5.0,5.0,4013926361.0,6361004.0,柳州市三江侗族自治县,柳州市三江侗族自治县梅林乡,17.0,17.9,0.0,3.0,37.9,33.1,50.06271186440678,38.14581005586592
广西壮族自治区,柳州市,三江侗族自治县,富禄苗族乡,109.1723962,25.7459993,3.0,0.0,3.0,4.0,2.0,0.0,0.0,0.0,0.0,0.0,0.0,1.0,0.0,0.0,1.0,1.0,0.0,0.0,0.0,0.0,4.0,0.0,1.0,0.0,0.0,4.0,0.0,0.0,0.0,0.0,0.0,0.0,0.0,11.0,4.0,4.0,3.0,0.0,3.0,2.0,0.0,0.0,0.0,0.0,0.0,0.0,0.0,1.0,0.0,0.0,1.0,1.0,0.0,0.0,0.0,0.0,3.0,0.0,1.0,0.0,0.0,1.0,0.0,0.0,0.0,0.0,0.0,0.0,0.0,2.0,3.0,4.0,4267794902.0,6361003.0,柳州市三江侗族自治县,柳州市三江侗族自治县富禄苗族乡,19.0,11.4,10.0,2.0,42.4,33.1,50.06271186440678,38.14581005586592
广西壮族自治区,柳州市,三江侗族自治县,洋溪乡,109.3508999,25.6984654,8.0,0.0,3.0,11.0,7.0,0.0,0.0,0.0,0.0,0.0,0.0,0.0,0.0,0.0,0.0,0.0,0.0,0.0,0.0,0.0,7.0,0.0,1.0,0.0,0.0,1.0,0.0,0.0,0.0,0.0,0.0,0.0,0.0,3.0,5.0,4.0,3.0,0.0,1.0,1.0,0.0,0.0,0.0,0.0,0.0,0.0,0.0,0.0,0.0,0.0,0.0,0.0,0.0,0.0,0.0,0.0,2.0,0.0,1.0,0.0,0.0,1.0,0.0,0.0,0.0,0.0,0.0,0.0,0.0,3.0,3.0,4.0,4267794907.0,-1.0,柳州市三江侗族自治县,柳州市三江侗族自治县洋溪乡,8.0,13.9,0.0,2.0,23.9,33.1,50.06271186440678,38.14581005586592
广西壮族自治区,柳州市,三江侗族自治县,良口乡,109.4044,25.7055776,6.0,0.0,6.0,3.0,18.0,1.0,0.0,0.0,0.0,0.0,1.0,0.0,0.0,0.0,0.0,0.0,0.0,0.0,0.0,0.0,7.0,0.0,1.0,0.0,0.0,2.0,0.0,0.0,0.0,0.0,0.0,0.0,0.0,3.0,6.0,6.0,6.0,0.0,4.0,3.0,9.0,0.0,0.0,0.0,0.0,0.0,0.0,0.0,0.0,0.0,0.0,0.0,0.0,0.0,0.0,0.0,4.0,0.0,0.0,0.0,0.0,1.0,0.0,0.0,0.0,0.0,0.0,0.0,0.0,3.0,4.0,4.0,4267794905.0,-1.0,柳州市三江侗族自治县,柳州市三江侗族自治县良口乡,9.0,19.3,0.0,3.0,31.3,33.1,50.06271186440678,38.14581005586592
广西壮族自治区,柳州市,三江侗族自治县,老堡乡,109.467,25.6637,0.0,0.0,0.0,12.0,6.0,0.0,0.0,0.0,4.0,0.0,0.0,0.0,0.0,0.0,0.0,0.0,0.0,0.0,0.0,0.0,8.0,0.0,2.0,0.0,0.0,4.0,0.0,0.0,0.0,0.0,0.0,1.0,0.0,8.0,2.0,7.0,0.0,0.0,0.0,8.0,2.0,0.0,0.0,0.0,3.0,0.0,0.0,0.0,0.0,0.0,0.0,0.0,0.0,0.0,0.0,0.0,5.0,0.0,0.0,0.0,0.0,1.0,0.0,0.0,0.0,0.0,0.0,1.0,0.0,7.0,2.0,6.0,4267794904.0,-1.0,柳州市三江侗族自治县,柳州市三江侗族自治县老堡乡,11.0,9.8,0.0,3.5,24.3,33.1,50.06271186440678,38.14581005586592
广西壮族自治区,柳州市,三江侗族自治县,高基瑶族乡,109.6897343,25.6678614,0.0,0.0,3.0,12.0,15.0,3.0,0.0,1.0,0.0,0.0,0.0,0.0,0.0,0.0,0.0,0.0,0.0,0.0,0.0,0.0,0.0,0.0,0.0,0.0,0.0,2.0,1.0,0.0,0.0,0.0,0.0,0.0,0.0,3.0,6.0,3.0,0.0,0.0,1.0,4.0,2.0,2.0,0.0,0.0,0.0,0.0,0.0,0.0,0.0,0.0,0.0,0.0,0.0,0.0,0.0,0.0,0.0,0.0,0.0,0.0,0.0,1.0,0.0,0.0,0.0,0.0,0.0,0.0,0.0,2.0,4.0,2.0,3889139507.0,11480930.0,柳州市三江侗族自治县,柳州市三江侗族自治县高基瑶族乡,17.0,16.6,0.0,1.6,35.2,33.1,50.06271186440678,38.14581005586592
广西壮族自治区,柳州市,三江侗族自治县,和平乡,109.605,25.5721,0.0,0.0,9.0,4.0,1.0,0.0,0.0,0.0,0.0,0.0,0.0,0.0,0.0,0.0,0.0,0.0,0.0,0.0,0.0,0.0,3.0,0.0,0.0,0.0,0.0,1.0,0.0,0.0,0.0,0.0,0.0,0.0,0.0,3.0,4.0,4.0,0.0,0.0,5.0,1.0,0.0,0.0,0.0,0.0,0.0,0.0,0.0,0.0,0.0,0.0,0.0,0.0,0.0,0.0,0.0,0.0,0.0,0.0,0.0,0.0,0.0,1.0,0.0,0.0,0.0,0.0,0.0,0.0,0.0,2.0,2.0,1.0,3889101485.0,11480929.0,柳州市三江侗族自治县,柳州市三江侗族自治县和平乡,16.0,11.2,0.0,2.0,29.2,33.1,50.06271186440678,38.14581005586592
广西壮族自治区,柳州市,三江侗族自治县,程村乡,109.5396471,25.7704102,2.0,0.0,5.0,3.0,11.0,4.0,0.0,6.0,1.0,0.0,1.0,0.0,0.0,0.0,0.0,0.0,0.0,0.0,0.0,0.0,8.0,0.0,2.0,0.0,0.0,2.0,9.0,0.0,0.0,1.0,0.0,0.0,1.0,7.0,9.0,5.0,1.0,0.0,0.0,1.0,4.0,3.0,0.0,3.0,1.0,0.0,1.0,0.0,0.0,0.0,0.0,0.0,0.0,0.0,0.0,0.0,5.0,0.0,2.0,0.0,0.0,2.0,8.0,0.0,0.0,1.0,0.0,0.0,1.0,6.0,6.0,5.0,3470788680.0,-1.0,柳州市三江侗族自治县,柳州市三江侗族自治县程村乡,9.0,19.4,0.0,4.4,32.8,33.1,50.06271186440678,38.14581005586592
广西壮族自治区,桂林市,秀峰区,秀峰街道,110.2882129,25.281402,86.0,107.0,87.0,102.0,182.0,385.0,8.0,403.0,302.0,28.0,2.0,3.0,8.0,10.0,38.0,49.0,7.0,7.0,45.0,196.0,61.0,12.0,5.0,7.0,3.0,32.0,719.0,0.0,19.0,29.0,126.0,126.0,126.0,49.0,22.0,21.0,17.0,17.0,17.0,27.0,15.0,59.0,0.0,151.0,83.0,6.0,0.0,0.0,5.0,5.0,13.0,17.0,0.0,4.0,15.0,119.0,0.0,3.0,0.0,0.0,0.0,11.0,363.0,0.0,5.0,15.0,65.0,35.0,57.0,29.0,17.0,12.0,6371585837.0,11570568.0,桂林市秀峰区,桂林市秀峰区秀峰街道,20.0,30.0,25.0,20.0,95.0,83.66666666666667,41.48095238095238,38.14581005586592
广西壮族自治区,桂林市,秀峰区,丽君街道,110.2753876,25.2821054,73.0,79.0,78.0,94.0,172.0,258.0,10.0,309.0,265.0,24.0,1.0,3.0,9.0,10.0,37.0,46.0,4.0,6.0,35.0,184.0,38.0,9.0,7.0,5.0,3.0,26.0,466.0,0.0,7.0,25.0,108.0,94.0,115.0,47.0,22.0,21.0,0.0,17.0,22.0,10.0,21.0,39.0,1.0,22.0,36.0,1.0,0.0,0.0,0.0,0.0,3.0,4.0,0.0,1.0,2.0,18.0,1.0,1.0,0.0,2.0,0.0,7.0,24.0,0.0,0.0,4.0,11.0,9.0,15.0,11.0,14.0,12.0,6371585838.0,-1.0,桂林市秀峰区,桂林市秀峰区丽君街道,12.0,30.0,20.0,20.0,82.0,83.66666666666667,41.48095238095238,38.14581005586592
广西壮族自治区,桂林市,秀峰区,甲山街道,110.2704236,25.2935791,35.0,64.0,61.0,60.0,165.0,198.0,15.0,213.0,178.0,12.0,0.0,2.0,8.0,8.0,30.0,39.0,4.0,4.0,27.0,136.0,33.0,5.0,6.0,3.0,0.0,24.0,435.0,0.0,7.0,17.0,85.0,73.0,76.0,41.0,20.0,21.0,0.0,2.0,0.0,6.0,15.0,13.0,9.0,16.0,5.0,3.0,0.0,0.0,0.0,0.0,2.0,2.0,0.0,0.0,0.0,4.0,4.0,0.0,0.0,2.0,0.0,2.0,16.0,0.0,2.0,1.0,1.0,3.0,6.0,7.0,9.0,11.0,6371585839.0,-1.0,桂林市秀峰区,桂林市秀峰区甲山街道,12.0,28.0,14.0,20.0,74.0,83.66666666666667,41.48095238095238,38.14581005586592
广西壮族自治区,桂林市,叠彩区,叠彩街道,110.2818821,25.3015875,22.0,80.0,40.0,64.0,159.0,204.0,12.0,206.0,172.0,11.0,1.0,2.0,7.0,7.0,29.0,36.0,2.0,4.0,21.0,109.0,45.0,4.0,6.0,3.0,2.0,26.0,433.0,0.0,7.0,17.0,76.0,80.0,66.0,39.0,22.0,20.0,0.0,20.0,10.0,1.0,24.0,12.0,2.0,1.0,35.0,0.0,0.0,0.0,0.0,0.0,2.0,2.0,1.0,0.0,1.0,0.0,8.0,0.0,3.0,1.0,0.0,1.0,1.0,0.0,0.0,0.0,2.0,7.0,0.0,6.0,9.0,7.0,6371757511.0,11570638.0,桂林市叠彩区,桂林市叠彩区叠彩街道,20.0,30.0,17.0,20.0,87.0,78.2,41.48095238095238,38.14581005586592
广西壮族自治区,桂林市,叠彩区,北门街道,110.3013835,25.3232851,26.0,96.0,31.0,94.0,215.0,112.0,0.0,33.0,105.0,6.0,1.0,4.0,2.0,2.0,17.0,18.0,2.0,1.0,7.0,15.0,63.0,5.0,12.0,3.0,4.0,17.0,69.0,0.0,0.0,7.0,11.0,19.0,10.0,18.0,19.0,16.0,8.0,23.0,10.0,18.0,18.0,29.0,0.0,8.0,58.0,3.0,1.0,3.0,0.0,0.0,2.0,2.0,1.0,0.0,1.0,3.0,14.0,0.0,0.0,1.0,2.0,5.0,22.0,0.0,0.0,2.0,2.0,0.0,1.0,6.0,15.0,8.0,6371757512.0,9503591.0,桂林市叠彩区,桂林市叠彩区北门街道,20.0,30.0,20.0,14.0,84.0,78.2,41.48095238095238,38.14581005586592
广西壮族自治区,桂林市,叠彩区,大河乡,110.3226644,25.3215872,10.0,52.0,23.0,69.0,153.0,114.0,0.0,10.0,75.0,6.0,1.0,4.0,1.0,1.0,10.0,10.0,1.0,1.0,2.0,9.0,59.0,4.0,4.0,3.0,3.0,21.0,40.0,0.0,0.0,4.0,4.0,4.0,5.0,13.0,19.0,15.0,0.0,15.0,0.0,3.0,8.0,3.0,0.0,0.0,4.0,0.0,0.0,0.0,0.0,0.0,0.0,0.0,0.0,0.0,0.0,0.0,2.0,0.0,0.0,1.0,0.0,2.0,2.0,0.0,0.0,0.0,0.0,3.0,0.0,4.0,9.0,7.0,4553931333.0,9503592.0,桂林市叠彩区,桂林市叠彩区大河乡,20.0,30.0,5.0,8.600000000000001,63.6,78.2,41.48095238095238,38.14581005586592
广西壮族自治区,桂林市,象山区,南门街道,110.2784861,25.268478,96.0,73.0,82.0,95.0,191.0,279.0,2.0,318.0,238.0,25.0,1.0,3.0,9.0,10.0,37.0,46.0,4.0,6.0,34.0,186.0,51.0,13.0,7.0,9.0,3.0,25.0,443.0,0.0,5.0,32.0,109.0,91.0,117.0,43.0,22.0,20.0,39.0,16.0,20.0,16.0,28.0,84.0,0.0,43.0,72.0,4.0,0.0,1.0,1.0,1.0,10.0,12.0,1.0,1.0,13.0,39.0,13.0,0.0,1.0,1.0,1.0,3.0,29.0,0.0,0.0,2.0,22.0,11.0,22.0,8.0,16.0,14.0,6371757514.0,9517829.0,桂林市象山区,桂林市象山区南门街道,20.0,30.0,30.0,20.0,100.0,84.0,41.48095238095238,38.14581005586592
广西壮族自治区,桂林市,象山区,象山街道,110.2861802,25.2709066,94.0,83.0,81.0,97.0,174.0,334.0,4.0,397.0,267.0,27.0,1.0,4.0,9.0,11.0,38.0,49.0,4.0,7.0,42.0,192.0,56.0,14.0,7.0,9.0,3.0,27.0,717.0,0.0,13.0,34.0,123.0,118.0,123.0,47.0,23.0,20.0,31.0,5.0,21.0,34.0,16.0,90.0,0.0,117.0,67.0,8.0,0.0,0.0,3.0,3.0,10.0,12.0,1.0,1.0,12.0,87.0,6.0,2.0,0.0,0.0,2.0,4.0,111.0,0.0,0.0,10.0,37.0,22.0,55.0,20.0,18.0,15.0,6371757515.0,9517830.0,桂林市象山区,桂林市象山区象山街道,20.0,30.0,30.0,20.0,100.0,84.0,41.48095238095238,38.14581005586592
广西壮族自治区,桂林市,象山区,平山街道,110.2885816,25.2369157,46.0,27.0,30.0,48.0,148.0,173.0,1.0,72.0,121.0,8.0,2.0,1.0,1.0,2.0,15.0,16.0,0.0,0.0,8.0,17.0,80.0,6.0,25.0,11.0,3.0,6.0,158.0,0.0,0.0,17.0,17.0,45.0,12.0,17.0,22.0,23.0,13.0,7.0,2.0,4.0,24.0,25.0,0.0,2.0,44.0,1.0,0.0,0.0,0.0,0.0,3.0,4.0,0.0,0.0,2.0,1.0,6.0,0.0,1.0,3.0,0.0,1.0,1.0,0.0,0.0,0.0,3.0,0.0,0.0,4.0,15.0,9.0,6371757516.0,-1.0,桂林市象山区,桂林市象山区平山街道,12.0,30.0,13.0,20.0,75.0,84.0,41.48095238095238,38.14581005586592
广西壮族自治区,桂林市,象山区,二塘乡,110.2874893,25.188864,16.0,2.0,0.0,16.0,72.0,101.0,2.0,29.0,39.0,12.0,3.0,0.0,2.0,2.0,4.0,4.0,1.0,0.0,0.0,2.0,23.0,0.0,8.0,2.0,1.0,3.0,206.0,0.0,175.0,1.0,179.0,24.0,1.0,6.0,14.0,16.0,10.0,0.0,0.0,3.0,30.0,3.0,0.0,0.0,12.0,0.0,1.0,0.0,0.0,0.0,0.0,0.0,0.0,0.0,0.0,1.0,7.0,0.0,0.0,0.0,0.0,1.0,177.0,0.0,175.0,0.0,176.0,0.0,0.0,1.0,7.0,2.0,3811393698.0,-1.0,桂林市象山区,桂林市象山区二塘乡,10.0,30.0,1.0,20.0,61.0,84.0,41.48095238095238,38.14581005586592
广西壮族自治区,桂林市,七星区,七星区街道,110.3085522,25.2686598,64.0,65.0,72.0,109.0,190.0,400.0,1.0,388.0,233.0,27.0,3.0,10.0,13.0,16.0,44.0,58.0,10.0,11.0,45.0,182.0,99.0,26.0,11.0,6.0,3.0,23.0,1739.0,1.0,17.0,35.0,144.0,163.0,111.0,51.0,22.0,19.0,9.0,9.0,7.0,7.0,20.0,37.0,0.0,29.0,23.0,5.0,0.0,0.0,0.0,0.0,3.0,4.0,1.0,0.0,8.0,13.0,12.0,6.0,0.0,3.0,0.0,2.0,189.0,0.0,0.0,2.0,13.0,8.0,15.0,6.0,17.0,11.0,6371585832.0,-1.0,桂林市七星区,桂林市七星区七星区街道,12.0,30.0,23.0,20.0,85.0,88.8,41.48095238095238,38.14581005586592
广西壮族自治区,桂林市,七星区,东江街道,110.3163474,25.2876067,29.0,66.0,35.0,61.0,152.0,360.0,0.0,276.0,155.0,17.0,2.0,1.0,9.0,12.0,36.0,50.0,10.0,8.0,28.0,118.0,72.0,16.0,3.0,3.0,2.0,24.0,1430.0,1.0,13.0,19.0,89.0,131.0,69.0,42.0,25.0,22.0,0.0,12.0,8.0,11.0,12.0,67.0,0.0,68.0,33.0,1.0,1.0,0.0,1.0,2.0,4.0,8.0,4.0,2.0,10.0,5.0,21.0,0.0,2.0,0.0,0.0,4.0,206.0,0.0,12.0,1.0,16.0,24.0,2.0,9.0,12.0,9.0,6288316116.0,-1.0,桂林市七星区,桂林市七星区东江街道,12.0,30.0,29.0,20.0,91.0,88.8,41.48095238095238,38.14581005586592
广西壮族自治区,桂林市,七星区,穿山街道,110.3002431,25.2724892,83.0,86.0,81.0,113.0,207.0,411.0,1.0,415.0,302.0,28.0,2.0,10.0,13.0,16.0,46.0,61.0,7.0,11.0,51.0,191.0,100.0,22.0,11.0,6.0,3.0,29.0,1500.0,1.0,17.0,33.0,147.0,165.0,121.0,53.0,23.0,19.0,0.0,25.0,9.0,24.0,11.0,47.0,0.0,74.0,15.0,7.0,0.0,0.0,1.0,1.0,4.0,4.0,1.0,1.0,0.0,62.0,8.0,6.0,0.0,1.0,1.0,3.0,55.0,0.0,0.0,7.0,21.0,14.0,37.0,16.0,15.0,14.0,6371585833.0,-1.0,桂林市七星区,桂林市七星区穿山街道,12.0,30.0,28.0,20.0,90.0,88.8,41.48095238095238,38.14581005586592
广西壮族自治区,桂林市,七星区,漓东街道,110.3160662,25.2549144,29.0,37.0,35.0,50.0,197.0,210.0,1.0,103.0,76.0,12.0,2.0,12.0,5.0,6.0,19.0,25.0,5.0,4.0,18.0,31.0,89.0,23.0,9.0,6.0,1.0,13.0,1083.0,1.0,0.0,19.0,49.0,82.0,34.0,23.0,20.0,20.0,4.0,3.0,5.0,13.0,66.0,14.0,0.0,18.0,18.0,4.0,1.0,8.0,2.0,2.0,6.0,6.0,1.0,1.0,6.0,8.0,30.0,12.0,8.0,1.0,0.0,3.0,244.0,0.0,0.0,2.0,19.0,16.0,5.0,4.0,14.0,7.0,6371585834.0,-1.0,桂林市七星区,桂林市七星区漓东街道,12.0,30.0,30.0,20.0,92.0,88.8,41.48095238095238,38.14581005586592
广西壮族自治区,桂林市,七星区,朝阳乡,110.3268822,25.2690961,17.0,50.0,40.0,51.0,168.0,306.0,1.0,142.0,113.0,12.0,5.0,11.0,4.0,7.0,25.0,35.0,12.0,7.0,24.0,37.0,80.0,25.0,11.0,5.0,0.0,15.0,1372.0,1.0,12.0,18.0,60.0,112.0,27.0,22.0,24.0,24.0,0.0,11.0,7.0,4.0,24.0,65.0,0.0,1.0,19.0,0.0,0.0,1.0,2.0,3.0,5.0,7.0,2.0,1.0,0.0,2.0,16.0,3.0,0.0,0.0,0.0,2.0,459.0,1.0,0.0,0.0,5.0,26.0,3.0,2.0,11.0,10.0,6371585835.0,-1.0,桂林市七星区,桂林市七星区朝阳乡,12.0,30.0,24.0,20.0,86.0,88.8,41.48095238095238,38.14581005586592
广西壮族自治区,桂林市,雁山区,良丰街道,110.290218,25.1107968,16.0,0.0,9.0,5.0,70.0,115.0,0.0,21.0,36.0,0.0,3.0,2.0,0.0,0.0,4.0,9.0,0.0,0.0,0.0,0.0,12.0,0.0,0.0,0.0,0.0,6.0,116.0,0.0,0.0,0.0,3.0,71.0,0.0,11.0,18.0,13.0,5.0,0.0,2.0,2.0,15.0,12.0,0.0,0.0,20.0,0.0,1.0,0.0,0.0,0.0,2.0,3.0,0.0,0.0,0.0,0.0,3.0,0.0,0.0,0.0,0.0,3.0,22.0,0.0,0.0,0.0,1.0,1.0,0.0,4.0,11.0,4.0,6371757517.0,-1.0,桂林市雁山区,桂林市雁山区良丰街道,12.0,28.0,10.0,17.8,67.8,54.46,41.48095238095238,38.14581005586592
广西壮族自治区,桂林市,雁山区,雁山镇,110.2904987,25.110389,15.0,0.0,9.0,5.0,70.0,116.0,0.0,21.0,36.0,0.0,3.0,2.0,1.0,1.0,4.0,9.0,0.0,0.0,0.0,0.0,12.0,0.0,0.0,0.0,0.0,6.0,116.0,0.0,0.0,0.0,3.0,71.0,0.0,9.0,18.0,13.0,4.0,0.0,2.0,2.0,15.0,12.0,0.0,0.0,20.0,0.0,1.0,0.0,0.0,0.0,2.0,3.0,0.0,0.0,0.0,0.0,3.0,0.0,0.0,0.0,0.0,3.0,26.0,0.0,0.0,0.0,1.0,1.0,0.0,4.0,11.0,4.0,6371757518.0,-1.0,桂林市雁山区,桂林市雁山区雁山镇,12.0,28.0,10.0,18.200000000000003,68.2,54.46,41.48095238095238,38.14581005586592
广西壮族自治区,桂林市,雁山区,柘木镇,110.3224939,25.2128622,6.0,0.0,11.0,22.0,114.0,69.0,0.0,31.0,0.0,3.0,0.0,0.0,0.0,0.0,6.0,8.0,0.0,0.0,0.0,1.0,30.0,1.0,11.0,0.0,1.0,6.0,56.0,0.0,10.0,3.0,4.0,54.0,5.0,12.0,16.0,21.0,2.0,0.0,3.0,4.0,12.0,1.0,0.0,2.0,0.0,0.0,0.0,0.0,0.0,0.0,2.0,2.0,0.0,0.0,0.0,0.0,3.0,0.0,0.0,0.0,0.0,1.0,0.0,0.0,0.0,0.0,0.0,5.0,0.0,5.0,10.0,4.0,9208977756.0,-1.0,桂林市雁山区,桂林市雁山区柘木镇,12.0,26.0,5.0,9.9,52.9,54.46,41.48095238095238,38.14581005586592
广西壮族自治区,桂林市,雁山区,大埠乡,110.3152413,25.037294,4.0,0.0,12.0,15.0,25.0,12.0,7.0,16.0,7.0,1.0,0.0,0.0,0.0,0.0,1.0,2.0,1.0,0.0,0.0,1.0,12.0,0.0,0.0,0.0,0.0,1.0,5.0,0.0,0.0,0.0,1.0,1.0,2.0,6.0,17.0,6.0,2.0,0.0,0.0,5.0,2.0,0.0,2.0,0.0,0.0,0.0,0.0,0.0,0.0,0.0,0.0,0.0,0.0,0.0,0.0,0.0,0.0,0.0,0.0,0.0,0.0,1.0,0.0,0.0,0.0,0.0,0.0,0.0,0.0,4.0,5.0,1.0,6371757519.0,-1.0,桂林市雁山区,桂林市雁山区大埠乡,8.0,23.6,0.0,3.5,35.1,54.46,41.48095238095238,38.14581005586592
广西壮族自治区,桂林市,雁山区,草坪回族乡,110.4452046,25.0600225,0.0,3.0,4.0,0.0,14.0,17.0,0.0,15.0,8.0,2.0,0.0,1.0,0.0,0.0,0.0,0.0,0.0,0.0,0.0,0.0,12.0,0.0,0.0,0.0,0.0,5.0,5.0,0.0,0.0,0.0,0.0,2.0,2.0,7.0,8.0,13.0,0.0,0.0,2.0,0.0,10.0,6.0,0.0,5.0,5.0,1.0,0.0,1.0,0.0,0.0,0.0,0.0,0.0,0.0,0.0,0.0,4.0,0.0,0.0,0.0,0.0,3.0,0.0,0.0,0.0,0.0,0.0,1.0,1.0,6.0,6.0,9.0,6371757520.0,11570306.0,桂林市雁山区,桂林市雁山区草坪回族乡,20.0,18.8,5.0,4.5,48.3,54.46,41.48095238095238,38.14581005586592
广西壮族自治区,桂林市,临桂区,临桂镇,110.181756,25.2820707,29.0,9.0,21.0,10.0,203.0,90.0,0.0,9.0,2.0,4.0,0.0,0.0,2.0,2.0,4.0,5.0,0.0,0.0,0.0,0.0,6.0,0.0,5.0,1.0,1.0,2.0,48.0,0.0,0.0,1.0,0.0,1.0,0.0,5.0,22.0,15.0,16.0,3.0,0.0,0.0,12.0,13.0,0.0,3.0,0.0,0.0,0.0,0.0,1.0,1.0,2.0,2.0,0.0,0.0,0.0,0.0,1.0,0.0,3.0,0.0,0.0,1.0,13.0,0.0,0.0,1.0,0.0,0.0,0.0,4.0,10.0,5.0,7865011586.0,6653492.0,桂林市临桂区,桂林市临桂区临桂镇,17.0,28.0,10.0,10.3,65.3,45.75454545454546,41.48095238095238,38.14581005586592
广西壮族自治区,桂林市,临桂区,六塘镇,110.2876039,24.9973865,0.0,0.0,3.0,13.0,44.0,0.0,0.0,0.0,0.0,0.0,0.0,0.0,0.0,0.0,0.0,0.0,0.0,0.0,0.0,0.0,10.0,0.0,0.0,0.0,1.0,2.0,0.0,0.0,0.0,0.0,0.0,0.0,0.0,7.0,9.0,4.0,0.0,0.0,1.0,9.0,5.0,0.0,0.0,0.0,0.0,0.0,0.0,0.0,0.0,0.0,0.0,0.0,0.0,0.0,0.0,0.0,3.0,0.0,0.0,0.0,0.0,1.0,0.0,0.0,0.0,0.0,0.0,0.0,0.0,2.0,5.0,2.0,2639952701.0,6653839.0,桂林市临桂区,桂林市临桂区六塘镇,17.0,24.0,0.0,2.0,43.0,45.75454545454546,41.48095238095238,38.14581005586592
广西壮族自治区,桂林市,临桂区,会仙镇,110.2119817,25.0674695,0.0,2.0,3.0,7.0,31.0,5.0,0.0,1.0,0.0,0.0,1.0,0.0,0.0,0.0,2.0,2.0,0.0,0.0,0.0,0.0,4.0,0.0,0.0,0.0,0.0,8.0,37.0,0.0,0.0,0.0,0.0,8.0,1.0,2.0,7.0,11.0,0.0,0.0,3.0,3.0,15.0,5.0,0.0,0.0,0.0,0.0,0.0,0.0,0.0,0.0,2.0,2.0,0.0,0.0,0.0,0.0,1.0,0.0,0.0,0.0,0.0,1.0,35.0,0.0,0.0,0.0,0.0,8.0,0.0,2.0,5.0,8.0,4247880529.0,6653774.0,桂林市临桂区,桂林市临桂区会仙镇,20.0,25.5,5.0,11.2,61.7,45.75454545454546,41.48095238095238,38.14581005586592
广西壮族自治区,桂林市,临桂区,两江镇,110.0211234,25.2043744,15.0,13.0,11.0,12.0,80.0,117.0,0.0,81.0,0.0,6.0,1.0,1.0,0.0,0.0,2.0,2.0,0.0,0.0,0.0,3.0,11.0,0.0,1.0,0.0,0.0,24.0,12.0,0.0,1.0,5.0,2.0,1.0,0.0,5.0,14.0,8.0,5.0,3.0,1.0,7.0,19.0,4.0,0.0,9.0,0.0,0.0,1.0,1.0,0.0,0.0,1.0,1.0,0.0,0.0,0.0,0.0,2.0,0.0,0.0,0.0,0.0,4.0,0.0,0.0,0.0,0.0,1.0,0.0,0.0,4.0,10.0,2.0,4453032040.0,6653738.0,桂林市临桂区,桂林市临桂区两江镇,20.0,28.0,10.0,5.7,63.7,45.75454545454546,41.48095238095238,38.14581005586592
广西壮族自治区,桂林市,临桂区,五通镇,110.0667819,25.3766013,3.0,0.0,5.0,6.0,6.0,1.0,0.0,0.0,1.0,0.0,0.0,0.0,0.0,0.0,0.0,0.0,0.0,0.0,0.0,0.0,0.0,0.0,1.0,0.0,0.0,1.0,3.0,0.0,0.0,1.0,0.0,0.0,0.0,4.0,7.0,2.0,2.0,0.0,5.0,2.0,5.0,0.0,0.0,0.0,0.0,0.0,0.0,0.0,0.0,0.0,0.0,0.0,0.0,0.0,0.0,0.0,0.0,0.0,0.0,0.0,0.0,1.0,0.0,0.0,0.0,0.0,0.0,0.0,0.0,4.0,4.0,1.0,2268114074.0,6653497.0,桂林市临桂区,桂林市临桂区五通镇,16.0,18.2,0.0,1.4,35.6,45.75454545454546,41.48095238095238,38.14581005586592
广西壮族自治区,桂林市,临桂区,四塘镇,110.1266994,25.1643123,0.0,0.0,5.0,7.0,56.0,0.0,0.0,0.0,1.0,0.0,0.0,0.0,0.0,0.0,0.0,0.0,0.0,0.0,0.0,0.0,7.0,0.0,1.0,0.0,0.0,4.0,0.0,0.0,0.0,0.0,0.0,0.0,0.0,8.0,7.0,8.0,0.0,0.0,1.0,2.0,13.0,0.0,0.0,0.0,1.0,0.0,0.0,0.0,0.0,0.0,0.0,0.0,0.0,0.0,0.0,0.0,3.0,0.0,0.0,0.0,0.0,2.0,0.0,0.0,0.0,0.0,0.0,0.0,0.0,3.0,4.0,3.0,4453058940.0,6653781.0,桂林市临桂区,桂林市临桂区四塘镇,19.0,25.5,0.0,4.0,48.5,45.75454545454546,41.48095238095238,38.14581005586592
广西壮族自治区,桂林市,临桂区,南边山镇,110.2652789,24.9545319,0.0,4.0,1.0,1.0,39.0,0.0,0.0,0.0,0.0,0.0,0.0,0.0,0.0,0.0,0.0,0.0,0.0,0.0,0.0,0.0,7.0,0.0,0.0,0.0,1.0,4.0,3.0,0.0,0.0,0.0,0.0,0.0,0.0,3.0,7.0,6.0,0.0,3.0,0.0,0.0,16.0,0.0,0.0,0.0,0.0,0.0,0.0,0.0,0.0,0.0,0.0,0.0,0.0,0.0,0.0,0.0,2.0,0.0,0.0,0.0,0.0,1.0,1.0,0.0,0.0,0.0,0.0,0.0,0.0,2.0,4.0,3.0,4247846974.0,6653830.0,桂林市临桂区,桂林市临桂区南边山镇,19.0,22.1,0.0,3.4,44.5,45.75454545454546,41.48095238095238,38.14581005586592
广西壮族自治区,桂林市,临桂区,中庸镇,110.0796529,25.4629212,3.0,0.0,0.0,7.0,30.0,1.0,0.0,0.0,0.0,0.0,0.0,0.0,0.0,0.0,0.0,0.0,0.0,0.0,0.0,0.0,9.0,0.0,0.0,0.0,0.0,3.0,0.0,0.0,0.0,0.0,0.0,0.0,0.0,6.0,6.0,2.0,1.0,0.0,0.0,4.0,11.0,0.0,0.0,0.0,0.0,0.0,0.0,0.0,0.0,0.0,0.0,0.0,0.0,0.0,0.0,0.0,3.0,0.0,0.0,0.0,0.0,1.0,0.0,0.0,0.0,0.0,0.0,0.0,0.0,6.0,5.0,2.0,4452970516.0,6653641.0,桂林市临桂区,桂林市临桂区中庸镇,18.0,22.3,0.0,1.0,41.3,45.75454545454546,41.48095238095238,38.14581005586592
广西壮族自治区,桂林市,临桂区,茶洞镇,109.96203,25.2392342,0.0,0.0,1.0,3.0,6.0,0.0,0.0,0.0,0.0,0.0,0.0,0.0,0.0,0.0,0.0,0.0,0.0,0.0,0.0,0.0,3.0,0.0,0.0,0.0,0.0,8.0,0.0,0.0,0.0,0.0,0.0,0.0,0.0,3.0,4.0,3.0,0.0,0.0,1.0,3.0,3.0,0.0,0.0,0.0,0.0,0.0,0.0,0.0,0.0,0.0,0.0,0.0,0.0,0.0,0.0,0.0,3.0,0.0,0.0,0.0,0.0,2.0,0.0,0.0,0.0,0.0,0.0,0.0,0.0,2.0,3.0,3.0,4452998572.0,-1.0,桂林市临桂区,桂林市临桂区茶洞镇,12.0,12.1,0.0,1.5,25.6,45.75454545454546,41.48095238095238,38.14581005586592
广西壮族自治区,桂林市,临桂区,宛田瑶族乡,110.0605253,25.548441,2.0,0.0,6.0,2.0,5.0,0.0,0.0,0.0,0.0,0.0,0.0,0.0,0.0,0.0,0.0,0.0,0.0,0.0,0.0,0.0,0.0,0.0,0.0,0.0,0.0,4.0,0.0,0.0,0.0,0.0,0.0,0.0,0.0,4.0,7.0,1.0,0.0,0.0,1.0,2.0,1.0,0.0,0.0,0.0,0.0,0.0,0.0,0.0,0.0,0.0,0.0,0.0,0.0,0.0,0.0,0.0,0.0,0.0,0.0,0.0,0.0,2.0,0.0,0.0,0.0,0.0,0.0,0.0,0.0,4.0,4.0,1.0,4266697280.0,6653616.0,桂林市临桂区,桂林市临桂区宛田瑶族乡,19.0,11.8,0.0,0.5,31.3,45.75454545454546,41.48095238095238,38.14581005586592
广西壮族自治区,桂林市,临桂区,黄沙瑶族乡,109.9215143,25.5099232,0.0,0.0,9.0,3.0,10.0,2.0,0.0,0.0,0.0,0.0,0.0,1.0,0.0,0.0,1.0,1.0,0.0,0.0,0.0,0.0,1.0,0.0,0.0,0.0,0.0,2.0,1.0,0.0,0.0,0.0,0.0,0.0,0.0,3.0,4.0,6.0,0.0,0.0,5.0,3.0,2.0,2.0,0.0,0.0,0.0,0.0,0.0,1.0,0.0,0.0,1.0,1.0,0.0,0.0,0.0,0.0,1.0,0.0,0.0,0.0,0.0,1.0,1.0,0.0,0.0,0.0,0.0,0.0,0.0,2.0,4.0,2.0,4266697276.0,6653674.0,桂林市临桂区,桂林市临桂区黄沙瑶族乡,17.0,12.6,10.0,3.2,42.800000000000004,45.75454545454546,41.48095238095238,38.14581005586592
广西壮族自治区,桂林市,阳朔县,阳朔镇,110.4909356,24.7765571,17.0,5.0,7.0,35.0,89.0,210.0,3.0,229.0,69.0,13.0,2.0,2.0,3.0,6.0,4.0,6.0,3.0,1.0,9.0,167.0,34.0,5.0,0.0,6.0,0.0,13.0,260.0,0.0,3.0,5.0,45.0,23.0,97.0,5.0,20.0,23.0,2.0,2.0,3.0,11.0,21.0,57.0,0.0,110.0,38.0,8.0,0.0,1.0,1.0,4.0,2.0,3.0,2.0,1.0,6.0,112.0,6.0,0.0,0.0,4.0,0.0,3.0,66.0,0.0,2.0,2.0,34.0,8.0,61.0,5.0,16.0,16.0,6371807803.0,-1.0,桂林市阳朔县,桂林市阳朔县阳朔镇,12.0,30.0,30.0,20.0,92.0,51.28888888888889,41.48095238095238,38.14581005586592
广西壮族自治区,桂林市,阳朔县,白沙镇,110.4137689,24.8239007,10.0,4.0,2.0,6.0,76.0,73.0,3.0,24.0,0.0,4.0,0.0,0.0,0.0,0.0,1.0,1.0,0.0,0.0,0.0,6.0,125.0,0.0,10.0,0.0,0.0,4.0,4.0,0.0,0.0,0.0,0.0,1.0,2.0,2.0,17.0,10.0,3.0,1.0,2.0,1.0,10.0,13.0,0.0,0.0,0.0,0.0,0.0,0.0,0.0,0.0,0.0,0.0,0.0,0.0,0.0,1.0,29.0,0.0,3.0,0.0,0.0,1.0,0.0,0.0,0.0,0.0,0.0,0.0,0.0,1.0,9.0,6.0,3904083601.0,-1.0,桂林市阳朔县,桂林市阳朔县白沙镇,11.0,26.0,1.0,4.4,42.4,51.28888888888889,41.48095238095238,38.14581005586592
广西壮族自治区,桂林市,阳朔县,福利镇,110.5538744,24.7898826,0.0,6.0,0.0,12.0,57.0,45.0,0.0,19.0,0.0,0.0,0.0,0.0,0.0,0.0,0.0,0.0,1.0,0.0,0.0,2.0,42.0,0.0,2.0,0.0,0.0,4.0,8.0,0.0,0.0,1.0,1.0,0.0,4.0,4.0,9.0,11.0,0.0,2.0,0.0,3.0,13.0,10.0,0.0,4.0,0.0,0.0,0.0,0.0,0.0,0.0,0.0,0.0,1.0,0.0,0.0,0.0,9.0,0.0,0.0,0.0,0.0,1.0,1.0,0.0,0.0,1.0,0.0,0.0,1.0,1.0,9.0,6.0,2639773333.0,-1.0,桂林市阳朔县,桂林市阳朔县福利镇,11.0,24.0,5.0,5.1,45.1,51.28888888888889,41.48095238095238,38.14581005586592
广西壮族自治区,桂林市,阳朔县,兴坪镇,110.5278425,24.9198467,0.0,5.0,2.0,11.0,70.0,29.0,0.0,50.0,5.0,1.0,0.0,1.0,0.0,0.0,1.0,1.0,1.0,0.0,2.0,14.0,42.0,1.0,0.0,0.0,0.0,11.0,3.0,0.0,0.0,0.0,8.0,2.0,17.0,4.0,12.0,15.0,0.0,4.0,0.0,8.0,20.0,8.0,0.0,17.0,4.0,1.0,0.0,1.0,0.0,0.0,1.0,1.0,1.0,0.0,2.0,10.0,8.0,1.0,0.0,0.0,0.0,1.0,3.0,0.0,0.0,0.0,4.0,1.0,11.0,4.0,11.0,13.0,665137845.0,-1.0,桂林市阳朔县,桂林市阳朔县兴坪镇,12.0,28.0,23.0,4.6,67.6,51.28888888888889,41.48095238095238,38.14581005586592
广西壮族自治区,桂林市,阳朔县,葡萄镇,110.3725872,24.9137715,2.0,0.0,6.0,5.0,23.0,19.0,2.0,6.0,0.0,0.0,0.0,0.0,0.0,0.0,0.0,0.0,0.0,0.0,0.0,0.0,18.0,0.0,2.0,0.0,0.0,4.0,8.0,0.0,0.0,0.0,0.0,0.0,3.0,1.0,11.0,10.0,0.0,0.0,1.0,3.0,6.0,0.0,0.0,0.0,0.0,0.0,0.0,0.0,0.0,0.0,0.0,0.0,0.0,0.0,0.0,0.0,2.0,0.0,0.0,0.0,0.0,1.0,0.0,0.0,0.0,0.0,0.0,0.0,0.0,1.0,4.0,2.0,3904083602.0,-1.0,桂林市阳朔县,桂林市阳朔县葡萄镇,11.0,20.4,0.0,4.8,36.199999999999996,51.28888888888889,41.48095238095238,38.14581005586592
广西壮族自治区,桂林市,阳朔县,高田镇,110.4572786,24.7128042,4.0,3.0,3.0,1.0,90.0,30.0,0.0,49.0,1.0,3.0,1.0,0.0,0.0,0.0,0.0,0.0,1.0,0.0,0.0,9.0,18.0,0.0,0.0,0.0,0.0,8.0,8.0,0.0,0.0,0.0,3.0,8.0,12.0,4.0,17.0,14.0,2.0,1.0,1.0,0.0,9.0,0.0,0.0,2.0,0.0,0.0,0.0,0.0,0.0,0.0,0.0,0.0,1.0,0.0,0.0,0.0,1.0,0.0,0.0,0.0,0.0,1.0,0.0,0.0,0.0,0.0,0.0,5.0,0.0,1.0,9.0,5.0,3885703288.0,-1.0,桂林市阳朔县,桂林市阳朔县高田镇,12.0,30.0,5.0,4.8,51.8,51.28888888888889,41.48095238095238,38.14581005586592
广西壮族自治区,桂林市,阳朔县,金宝乡,110.3316276,24.792485,0.0,6.0,0.0,5.0,37.0,1.0,0.0,0.0,0.0,0.0,0.0,0.0,0.0,0.0,0.0,0.0,0.0,0.0,0.0,0.0,2.0,0.0,0.0,0.0,0.0,2.0,0.0,0.0,0.0,0.0,0.0,0.0,0.0,1.0,6.0,4.0,0.0,4.0,0.0,2.0,12.0,0.0,0.0,0.0,0.0,0.0,0.0,0.0,0.0,0.0,0.0,0.0,0.0,0.0,0.0,0.0,1.0,0.0,0.0,0.0,0.0,1.0,0.0,0.0,0.0,0.0,0.0,0.0,0.0,1.0,4.0,3.0,2017899909.0,-1.0,桂林市阳朔县,桂林市阳朔县金宝乡,9.0,23.0,0.0,2.0,34.0,51.28888888888889,41.48095238095238,38.14581005586592
广西壮族自治区,桂林市,阳朔县,普益乡,110.5947344,24.67712,0.0,0.0,5.0,2.0,25.0,2.0,0.0,3.0,0.0,0.0,0.0,0.0,0.0,0.0,1.0,1.0,0.0,0.0,0.0,0.0,18.0,0.0,0.0,0.0,0.0,7.0,4.0,0.0,0.0,0.0,0.0,0.0,0.0,8.0,8.0,10.0,0.0,0.0,4.0,0.0,10.0,2.0,0.0,0.0,0.0,0.0,0.0,0.0,0.0,0.0,1.0,1.0,0.0,0.0,0.0,0.0,3.0,0.0,0.0,0.0,0.0,2.0,2.0,0.0,0.0,0.0,0.0,0.0,0.0,8.0,6.0,7.0,2787642915.0,11566461.0,桂林市阳朔县,桂林市阳朔县普益乡,20.0,19.0,5.0,4.6,48.6,51.28888888888889,41.48095238095238,38.14581005586592
广西壮族自治区,桂林市,阳朔县,杨堤乡,110.4486002,24.9978337,0.0,0.0,4.0,0.0,21.0,18.0,0.0,60.0,5.0,0.0,0.0,0.0,0.0,1.0,1.0,1.0,0.0,0.0,1.0,2.0,19.0,0.0,0.0,0.0,0.0,9.0,0.0,0.0,0.0,1.0,0.0,0.0,6.0,4.0,9.0,12.0,0.0,0.0,3.0,0.0,15.0,3.0,0.0,7.0,5.0,0.0,0.0,0.0,0.0,1.0,1.0,1.0,0.0,0.0,1.0,1.0,5.0,0.0,0.0,0.0,0.0,3.0,0.0,0.0,0.0,1.0,0.0,0.0,5.0,4.0,8.0,10.0,1364118063.0,-1.0,桂林市阳朔县,桂林市阳朔县杨堤乡,12.0,19.7,8.0,4.2,43.900000000000006,51.28888888888889,41.48095238095238,38.14581005586592
广西壮族自治区,桂林市,灵川县,灵川镇,110.32166,25.4128497,22.0,19.0,29.0,32.0,56.0,32.0,1.0,12.0,3.0,0.0,0.0,1.0,0.0,0.0,9.0,9.0,0.0,0.0,0.0,0.0,16.0,0.0,5.0,0.0,0.0,4.0,12.0,0.0,0.0,0.0,0.0,6.0,0.0,7.0,15.0,12.0,6.0,0.0,17.0,14.0,21.0,24.0,1.0,12.0,2.0,0.0,0.0,0.0,0.0,0.0,4.0,4.0,0.0,0.0,0.0,0.0,11.0,0.0,1.0,0.0,0.0,1.0,1.0,0.0,0.0,0.0,0.0,5.0,0.0,4.0,9.0,6.0,7865981162.0,-1.0,桂林市灵川县,桂林市灵川县灵川镇,11.0,26.0,10.0,5.3,52.3,38.0,41.48095238095238,38.14581005586592
广西壮族自治区,桂林市,灵川县,大圩镇,110.4223779,25.1890954,6.0,4.0,9.0,1.0,67.0,25.0,13.0,6.0,6.0,1.0,0.0,0.0,0.0,0.0,1.0,1.0,0.0,0.0,0.0,0.0,39.0,0.0,1.0,0.0,0.0,10.0,24.0,0.0,0.0,2.0,0.0,0.0,1.0,5.0,14.0,12.0,3.0,0.0,2.0,1.0,25.0,2.0,6.0,4.0,6.0,1.0,0.0,0.0,0.0,0.0,0.0,0.0,0.0,0.0,0.0,0.0,5.0,0.0,0.0,0.0,0.0,1.0,23.0,0.0,0.0,1.0,0.0,0.0,1.0,5.0,10.0,8.0,2557862967.0,-1.0,桂林市灵川县,桂林市灵川县大圩镇,12.0,28.0,0.0,9.0,49.0,38.0,41.48095238095238,38.14581005586592
广西壮族自治区,桂林市,灵川县,定江镇,110.2996126,25.3380573,30.0,71.0,31.0,101.0,218.0,67.0,0.0,13.0,68.0,7.0,1.0,4.0,2.0,2.0,14.0,14.0,2.0,1.0,1.0,21.0,60.0,6.0,14.0,3.0,4.0,16.0,81.0,0.0,6.0,6.0,4.0,10.0,5.0,16.0,21.0,16.0,4.0,0.0,12.0,41.0,57.0,22.0,0.0,9.0,33.0,5.0,0.0,0.0,0.0,0.0,2.0,2.0,0.0,1.0,0.0,3.0,8.0,3.0,1.0,1.0,0.0,1.0,21.0,0.0,0.0,1.0,1.0,0.0,3.0,8.0,14.0,9.0,4553931345.0,-1.0,桂林市灵川县,桂林市灵川县定江镇,12.0,30.0,15.0,14.9,71.9,38.0,41.48095238095238,38.14581005586592
广西壮族自治区,桂林市,灵川县,三街镇,110.3848979,25.4684771,2.0,0.0,0.0,20.0,31.0,0.0,0.0,0.0,2.0,0.0,0.0,1.0,0.0,0.0,1.0,1.0,0.0,0.0,0.0,0.0,2.0,0.0,1.0,0.0,0.0,4.0,1.0,0.0,0.0,0.0,0.0,2.0,0.0,8.0,7.0,7.0,2.0,0.0,0.0,4.0,6.0,0.0,0.0,0.0,0.0,0.0,0.0,0.0,0.0,0.0,0.0,0.0,0.0,0.0,0.0,0.0,2.0,0.0,1.0,0.0,0.0,1.0,0.0,0.0,0.0,0.0,0.0,1.0,0.0,8.0,4.0,5.0,3464967581.0,-1.0,桂林市灵川县,桂林市灵川县三街镇,11.0,23.5,5.0,3.6,43.1,38.0,41.48095238095238,38.14581005586592
广西壮族自治区,桂林市,灵川县,潭下镇,110.2821471,25.4544698,3.0,0.0,2.0,9.0,8.0,2.0,0.0,0.0,0.0,0.0,1.0,0.0,0.0,0.0,2.0,2.0,0.0,0.0,0.0,0.0,2.0,0.0,1.0,0.0,0.0,2.0,0.0,0.0,0.0,0.0,0.0,0.0,0.0,3.0,7.0,4.0,1.0,0.0,2.0,7.0,7.0,2.0,0.0,0.0,0.0,0.0,1.0,0.0,0.0,0.0,1.0,1.0,0.0,0.0,0.0,0.0,1.0,0.0,0.0,0.0,0.0,1.0,0.0,0.0,0.0,0.0,0.0,0.0,0.0,2.0,6.0,2.0,3465537731.0,-1.0,桂林市灵川县,桂林市灵川县潭下镇,9.0,19.2,5.0,2.0,35.2,38.0,41.48095238095238,38.14581005586592
广西壮族自治区,桂林市,灵川县,九屋镇,110.233976,25.5071543,0.0,0.0,7.0,4.0,6.0,9.0,0.0,0.0,0.0,0.0,0.0,0.0,0.0,0.0,1.0,1.0,0.0,0.0,0.0,0.0,4.0,0.0,0.0,0.0,0.0,3.0,2.0,0.0,0.0,0.0,0.0,0.0,0.0,3.0,5.0,5.0,0.0,0.0,4.0,0.0,1.0,4.0,0.0,0.0,0.0,0.0,0.0,0.0,0.0,0.0,0.0,0.0,0.0,0.0,0.0,0.0,2.0,0.0,0.0,0.0,0.0,1.0,0.0,0.0,0.0,0.0,0.0,0.0,0.0,1.0,3.0,2.0,3465487790.0,-1.0,桂林市灵川县,桂林市灵川县九屋镇,10.0,13.0,0.0,2.7,25.7,38.0,41.48095238095238,38.14581005586592
广西壮族自治区,桂林市,灵川县,灵田镇,110.4723078,25.3441281,0.0,5.0,3.0,16.0,21.0,14.0,0.0,0.0,0.0,0.0,0.0,0.0,0.0,0.0,0.0,0.0,0.0,0.0,0.0,0.0,13.0,0.0,0.0,0.0,0.0,1.0,12.0,0.0,0.0,0.0,0.0,0.0,0.0,1.0,8.0,8.0,0.0,2.0,3.0,2.0,1.0,0.0,0.0,0.0,0.0,0.0,0.0,0.0,0.0,0.0,0.0,0.0,0.0,0.0,0.0,0.0,5.0,0.0,0.0,0.0,0.0,1.0,0.0,0.0,0.0,0.0,0.0,0.0,0.0,1.0,4.0,3.0,2618225401.0,-1.0,桂林市灵川县,桂林市灵川县灵田镇,8.0,18.5,0.0,5.2,31.7,38.0,41.48095238095238,38.14581005586592
广西壮族自治区,桂林市,灵川县,潮田乡,110.5085638,25.1999677,6.0,6.0,0.0,5.0,21.0,5.0,0.0,0.0,0.0,0.0,0.0,0.0,0.0,0.0,0.0,0.0,0.0,0.0,0.0,0.0,6.0,0.0,0.0,0.0,0.0,1.0,21.0,0.0,0.0,1.0,0.0,0.0,0.0,4.0,10.0,5.0,6.0,4.0,0.0,3.0,8.0,0.0,0.0,0.0,0.0,0.0,0.0,0.0,0.0,0.0,0.0,0.0,0.0,0.0,0.0,0.0,2.0,0.0,0.0,0.0,0.0,1.0,7.0,0.0,0.0,0.0,0.0,0.0,0.0,4.0,8.0,2.0,3464772791.0,-1.0,桂林市灵川县,桂林市灵川县潮田乡,8.0,20.6,0.0,5.4,34.0,38.0,41.48095238095238,38.14581005586592
广西壮族自治区,桂林市,灵川县,大境瑶族乡,110.5773774,25.2037553,1.0,0.0,0.0,5.0,12.0,4.0,0.0,2.0,0.0,0.0,1.0,0.0,0.0,0.0,0.0,0.0,0.0,0.0,0.0,0.0,7.0,0.0,0.0,0.0,0.0,3.0,5.0,0.0,0.0,0.0,0.0,0.0,0.0,3.0,9.0,2.0,1.0,0.0,0.0,1.0,4.0,0.0,0.0,0.0,0.0,0.0,1.0,0.0,0.0,0.0,0.0,0.0,0.0,0.0,0.0,0.0,3.0,0.0,0.0,0.0,0.0,2.0,3.0,0.0,0.0,0.0,0.0,0.0,0.0,3.0,5.0,2.0,3891326068.0,-1.0,桂林市灵川县,桂林市灵川县大境瑶族乡,10.0,19.6,0.0,1.8,31.400000000000002,38.0,41.48095238095238,38.14581005586592
广西壮族自治区,桂林市,灵川县,海洋乡,110.5628292,25.3093663,0.0,2.0,0.0,8.0,13.0,4.0,0.0,0.0,0.0,0.0,0.0,0.0,0.0,0.0,0.0,0.0,0.0,0.0,0.0,0.0,2.0,0.0,0.0,0.0,0.0,1.0,7.0,0.0,0.0,0.0,0.0,0.0,0.0,1.0,6.0,4.0,0.0,1.0,0.0,1.0,4.0,0.0,0.0,0.0,0.0,0.0,0.0,0.0,0.0,0.0,0.0,0.0,0.0,0.0,0.0,0.0,1.0,0.0,0.0,0.0,0.0,1.0,7.0,0.0,0.0,0.0,0.0,0.0,0.0,1.0,4.0,3.0,3811418597.0,-1.0,桂林市灵川县,桂林市灵川县海洋乡,8.0,16.8,0.0,3.4000000000000004,28.200000000000003,38.0,41.48095238095238,38.14581005586592
广西壮族自治区,桂林市,灵川县,兰田瑶族乡,110.1965623,25.6096874,0.0,0.0,7.0,6.0,7.0,0.0,0.0,0.0,0.0,0.0,0.0,0.0,0.0,0.0,0.0,0.0,0.0,0.0,0.0,0.0,10.0,0.0,0.0,0.0,0.0,3.0,0.0,0.0,0.0,0.0,0.0,0.0,0.0,3.0,3.0,3.0,0.0,0.0,1.0,6.0,7.0,0.0,0.0,0.0,0.0,0.0,0.0,0.0,0.0,0.0,0.0,0.0,0.0,0.0,0.0,0.0,1.0,0.0,0.0,0.0,0.0,1.0,0.0,0.0,0.0,0.0,0.0,0.0,0.0,3.0,3.0,3.0,5146547932.0,11568787.0,桂林市灵川县,桂林市灵川县兰田瑶族乡,18.0,15.0,0.0,1.5,34.5,38.0,41.48095238095238,38.14581005586592
广西壮族自治区,桂林市,灵川县,公平乡,110.1571353,25.4930522,0.0,0.0,4.0,1.0,5.0,0.0,0.0,0.0,0.0,0.0,0.0,0.0,0.0,0.0,0.0,0.0,0.0,0.0,0.0,0.0,0.0,0.0,0.0,0.0,0.0,1.0,0.0,0.0,0.0,0.0,0.0,0.0,0.0,3.0,3.0,2.0,0.0,0.0,1.0,1.0,5.0,0.0,0.0,0.0,0.0,0.0,0.0,0.0,0.0,0.0,0.0,0.0,0.0,0.0,0.0,0.0,0.0,0.0,0.0,0.0,0.0,1.0,0.0,0.0,0.0,0.0,0.0,0.0,0.0,2.0,3.0,1.0,4266773190.0,-1.0,桂林市灵川县,桂林市灵川县公平乡,8.0,10.0,0.0,1.0,19.0,38.0,41.48095238095238,38.14581005586592
广西壮族自治区,桂林市,全州县,全州镇,111.064267,25.9260142,0.0,14.0,28.0,18.0,33.0,0.0,0.0,0.0,0.0,0.0,2.0,1.0,1.0,1.0,3.0,3.0,0.0,0.0,0.0,2.0,9.0,0.0,0.0,0.0,0.0,4.0,1.0,0.0,0.0,4.0,1.0,2.0,3.0,3.0,8.0,7.0,0.0,13.0,9.0,9.0,11.0,0.0,0.0,0.0,0.0,0.0,1.0,1.0,0.0,0.0,1.0,1.0,0.0,0.0,0.0,1.0,3.0,0.0,0.0,0.0,0.0,2.0,0.0,0.0,0.0,1.0,1.0,0.0,1.0,3.0,6.0,4.0,7817284544.0,-1.0,桂林市全州县,桂林市全州县全州镇,11.0,25.9,11.0,4.1,52.0,29.172222222222224,41.48095238095238,38.14581005586592
广西壮族自治区,桂林市,全州县,黄沙河镇,111.21652,26.095102,5.0,0.0,7.0,8.0,15.0,0.0,0.0,0.0,1.0,0.0,0.0,0.0,0.0,0.0,0.0,0.0,0.0,0.0,0.0,0.0,3.0,0.0,1.0,0.0,0.0,1.0,0.0,0.0,0.0,1.0,0.0,0.0,0.0,11.0,8.0,5.0,3.0,0.0,2.0,3.0,9.0,0.0,0.0,0.0,1.0,0.0,0.0,0.0,0.0,0.0,0.0,0.0,0.0,0.0,0.0,0.0,3.0,0.0,0.0,0.0,0.0,1.0,0.0,0.0,0.0,0.0,0.0,0.0,0.0,3.0,5.0,3.0,3164441055.0,-1.0,桂林市全州县,桂林市全州县黄沙河镇,8.0,21.7,0.0,2.6,32.3,29.172222222222224,41.48095238095238,38.14581005586592
广西壮族自治区,桂林市,全州县,庙头镇,111.2190375,26.1765649,0.0,0.0,5.0,0.0,6.0,0.0,0.0,0.0,2.0,0.0,0.0,0.0,0.0,0.0,0.0,0.0,0.0,0.0,0.0,0.0,2.0,0.0,0.0,0.0,0.0,2.0,0.0,0.0,0.0,0.0,0.0,0.0,0.0,4.0,3.0,3.0,0.0,0.0,3.0,0.0,4.0,0.0,0.0,0.0,1.0,0.0,0.0,0.0,0.0,0.0,0.0,0.0,0.0,0.0,0.0,0.0,1.0,0.0,0.0,0.0,0.0,1.0,0.0,0.0,0.0,0.0,0.0,0.0,0.0,4.0,3.0,3.0,3164441048.0,-1.0,桂林市全州县,桂林市全州县庙头镇,9.0,10.9,0.0,1.5,21.4,29.172222222222224,41.48095238095238,38.14581005586592
广西壮族自治区,桂林市,全州县,文桥镇,111.1732767,26.2216872,0.0,0.0,5.0,1.0,1.0,0.0,0.0,0.0,0.0,0.0,0.0,0.0,0.0,0.0,0.0,0.0,0.0,0.0,0.0,0.0,2.0,0.0,2.0,0.0,0.0,2.0,1.0,0.0,0.0,2.0,0.0,0.0,0.0,1.0,3.0,5.0,0.0,0.0,5.0,1.0,1.0,0.0,0.0,0.0,0.0,0.0,0.0,0.0,0.0,0.0,0.0,0.0,0.0,0.0,0.0,0.0,2.0,0.0,0.0,0.0,0.0,2.0,0.0,0.0,0.0,0.0,0.0,0.0,0.0,1.0,3.0,2.0,3749075883.0,-1.0,桂林市全州县,桂林市全州县文桥镇,9.0,8.0,0.0,2.8,19.8,29.172222222222224,41.48095238095238,38.14581005586592
广西壮族自治区,桂林市,全州县,大西江镇,111.024568,26.2073002,0.0,0.0,5.0,5.0,9.0,0.0,0.0,0.0,0.0,0.0,0.0,0.0,0.0,0.0,0.0,0.0,0.0,0.0,0.0,0.0,12.0,0.0,0.0,0.0,0.0,8.0,0.0,0.0,0.0,0.0,0.0,0.0,0.0,1.0,4.0,2.0,0.0,0.0,1.0,4.0,1.0,0.0,0.0,0.0,0.0,0.0,0.0,0.0,0.0,0.0,0.0,0.0,0.0,0.0,0.0,0.0,4.0,0.0,0.0,0.0,0.0,2.0,0.0,0.0,0.0,0.0,0.0,0.0,0.0,1.0,3.0,2.0,3164380486.0,-1.0,桂林市全州县,桂林市全州县大西江镇,12.0,14.1,0.0,1.0,27.1,29.172222222222224,41.48095238095238,38.14581005586592
广西壮族自治区,桂林市,全州县,龙水镇,110.9912814,26.0406269,0.0,0.0,3.0,15.0,9.0,0.0,0.0,0.0,0.0,0.0,0.0,0.0,0.0,0.0,1.0,1.0,0.0,0.0,0.0,0.0,1.0,0.0,0.0,0.0,0.0,5.0,0.0,0.0,0.0,0.0,0.0,0.0,0.0,1.0,4.0,2.0,0.0,0.0,3.0,7.0,9.0,0.0,0.0,0.0,0.0,0.0,0.0,0.0,0.0,0.0,1.0,1.0,0.0,0.0,0.0,0.0,1.0,0.0,0.0,0.0,0.0,1.0,0.0,0.0,0.0,0.0,0.0,0.0,0.0,1.0,4.0,2.0,3164380612.0,-1.0,桂林市全州县,桂林市全州县龙水镇,12.0,16.5,5.0,1.0,34.5,29.172222222222224,41.48095238095238,38.14581005586592
广西壮族自治区,桂林市,全州县,才湾镇,110.9505739,25.9387707,4.0,0.0,8.0,12.0,53.0,15.0,0.0,6.0,1.0,1.0,0.0,0.0,0.0,0.0,1.0,1.0,0.0,0.0,0.0,0.0,6.0,0.0,3.0,0.0,0.0,6.0,1.0,0.0,0.0,1.0,0.0,5.0,2.0,3.0,10.0,6.0,0.0,0.0,8.0,6.0,15.0,0.0,0.0,0.0,1.0,0.0,0.0,0.0,0.0,0.0,0.0,0.0,0.0,0.0,0.0,0.0,5.0,0.0,0.0,0.0,0.0,2.0,0.0,0.0,0.0,1.0,0.0,0.0,0.0,3.0,4.0,3.0,3164427561.0,-1.0,桂林市全州县,桂林市全州县才湾镇,12.0,28.0,0.0,3.3,43.3,29.172222222222224,41.48095238095238,38.14581005586592
广西壮族自治区,桂林市,全州县,绍水镇,110.857483,25.8761001,6.0,0.0,1.0,4.0,47.0,7.0,0.0,0.0,1.0,0.0,0.0,0.0,0.0,0.0,0.0,0.0,0.0,0.0,0.0,0.0,4.0,0.0,0.0,0.0,0.0,2.0,9.0,0.0,0.0,0.0,0.0,0.0,0.0,3.0,6.0,4.0,4.0,0.0,1.0,0.0,23.0,7.0,0.0,0.0,1.0,0.0,0.0,0.0,0.0,0.0,0.0,0.0,0.0,0.0,0.0,0.0,1.0,0.0,0.0,0.0,0.0,1.0,9.0,0.0,0.0,0.0,0.0,0.0,0.0,2.0,5.0,2.0,3164427562.0,-1.0,桂林市全州县,桂林市全州县绍水镇,9.0,25.0,0.0,3.8,37.8,29.172222222222224,41.48095238095238,38.14581005586592
广西壮族自治区,桂林市,全州县,石塘镇,111.0097107,25.7400921,7.0,13.0,0.0,6.0,5.0,0.0,0.0,0.0,0.0,0.0,0.0,0.0,0.0,0.0,0.0,0.0,0.0,0.0,0.0,0.0,3.0,0.0,0.0,0.0,0.0,2.0,0.0,0.0,0.0,0.0,0.0,0.0,0.0,2.0,9.0,3.0,4.0,8.0,0.0,5.0,2.0,0.0,0.0,0.0,0.0,0.0,0.0,0.0,0.0,0.0,0.0,0.0,0.0,0.0,0.0,0.0,2.0,0.0,0.0,0.0,0.0,1.0,0.0,0.0,0.0,0.0,0.0,0.0,0.0,1.0,5.0,2.0,3164338145.0,-1.0,桂林市全州县,桂林市全州县石塘镇,9.0,15.6,0.0,1.5,26.1,29.172222222222224,41.48095238095238,38.14581005586592
广西壮族自治区,桂林市,全州县,咸水镇,110.7960272,25.8160185,3.0,0.0,0.0,8.0,20.0,0.0,0.0,0.0,1.0,0.0,0.0,0.0,0.0,0.0,0.0,0.0,0.0,0.0,0.0,0.0,0.0,0.0,0.0,0.0,0.0,4.0,0.0,0.0,0.0,0.0,0.0,3.0,0.0,3.0,4.0,2.0,1.0,0.0,0.0,5.0,13.0,0.0,0.0,0.0,0.0,0.0,0.0,0.0,0.0,0.0,0.0,0.0,0.0,0.0,0.0,0.0,0.0,0.0,0.0,0.0,0.0,1.0,0.0,0.0,0.0,0.0,0.0,3.0,0.0,2.0,4.0,2.0,5151897626.0,-1.0,桂林市全州县,桂林市全州县咸水镇,11.0,21.9,0.0,1.0,33.9,29.172222222222224,41.48095238095238,38.14581005586592
广西壮族自治区,桂林市,全州县,凤凰镇,110.8789361,25.7651617,4.0,0.0,0.0,9.0,3.0,1.0,0.0,0.0,0.0,0.0,0.0,0.0,0.0,0.0,0.0,0.0,0.0,0.0,0.0,0.0,1.0,0.0,0.0,0.0,0.0,3.0,0.0,0.0,0.0,0.0,0.0,0.0,0.0,4.0,8.0,3.0,4.0,0.0,0.0,0.0,3.0,1.0,0.0,0.0,0.0,0.0,0.0,0.0,0.0,0.0,0.0,0.0,0.0,0.0,0.0,0.0,1.0,0.0,0.0,0.0,0.0,2.0,0.0,0.0,0.0,0.0,0.0,0.0,0.0,3.0,5.0,1.0,5148063121.0,-1.0,桂林市全州县,桂林市全州县凤凰镇,10.0,15.5,0.0,1.5,27.0,29.172222222222224,41.48095238095238,38.14581005586592
广西壮族自治区,桂林市,全州县,安和镇,110.8916343,25.6782641,0.0,5.0,3.0,0.0,2.0,0.0,0.0,0.0,0.0,0.0,0.0,0.0,0.0,0.0,0.0,0.0,0.0,0.0,0.0,0.0,2.0,0.0,0.0,0.0,0.0,2.0,0.0,0.0,0.0,0.0,0.0,0.0,0.0,1.0,3.0,2.0,0.0,4.0,1.0,0.0,2.0,0.0,0.0,0.0,0.0,0.0,0.0,0.0,0.0,0.0,0.0,0.0,0.0,0.0,0.0,0.0,1.0,0.0,0.0,0.0,0.0,1.0,0.0,0.0,0.0,0.0,0.0,0.0,0.0,1.0,3.0,2.0,5148008384.0,-1.0,桂林市全州县,桂林市全州县安和镇,9.0,7.5,0.0,1.0,17.5,29.172222222222224,41.48095238095238,38.14581005586592
广西壮族自治区,桂林市,全州县,两河镇,111.1168786,25.7431882,4.0,0.0,0.0,6.0,3.0,0.0,0.0,0.0,0.0,0.0,0.0,0.0,0.0,0.0,0.0,0.0,0.0,0.0,0.0,0.0,2.0,0.0,0.0,0.0,0.0,4.0,1.0,0.0,0.0,0.0,0.0,0.0,0.0,2.0,3.0,3.0,3.0,0.0,0.0,5.0,3.0,0.0,0.0,0.0,0.0,0.0,0.0,0.0,0.0,0.0,0.0,0.0,0.0,0.0,0.0,0.0,2.0,0.0,0.0,0.0,0.0,2.0,0.0,0.0,0.0,0.0,0.0,0.0,0.0,1.0,3.0,2.0,3164338143.0,-1.0,桂林市全州县,桂林市全州县两河镇,11.0,13.0,0.0,1.6,25.6,29.172222222222224,41.48095238095238,38.14581005586592
广西壮族自治区,桂林市,全州县,枧塘镇,111.054,25.8705,0.0,2.0,0.0,3.0,0.0,0.0,0.0,0.0,0.0,0.0,0.0,0.0,0.0,0.0,0.0,0.0,0.0,0.0,0.0,0.0,1.0,0.0,0.0,0.0,0.0,1.0,0.0,0.0,0.0,0.0,0.0,0.0,0.0,2.0,2.0,3.0,0.0,2.0,0.0,3.0,0.0,0.0,0.0,0.0,0.0,0.0,0.0,0.0,0.0,0.0,0.0,0.0,0.0,0.0,0.0,0.0,1.0,0.0,0.0,0.0,0.0,1.0,0.0,0.0,0.0,0.0,0.0,0.0,0.0,1.0,2.0,3.0,3891497993.0,-1.0,桂林市全州县,桂林市全州县枧塘镇,8.0,9.0,0.0,1.5,18.5,29.172222222222224,41.48095238095238,38.14581005586592
广西壮族自治区,桂林市,全州县,永岁镇,111.1274414,26.0273462,1.0,0.0,0.0,1.0,3.0,0.0,0.0,0.0,1.0,0.0,0.0,0.0,0.0,0.0,0.0,0.0,0.0,0.0,0.0,0.0,3.0,0.0,0.0,0.0,0.0,3.0,0.0,0.0,0.0,2.0,0.0,0.0,1.0,5.0,4.0,4.0,1.0,0.0,0.0,0.0,1.0,0.0,0.0,0.0,1.0,0.0,0.0,0.0,0.0,0.0,0.0,0.0,0.0,0.0,0.0,0.0,3.0,0.0,0.0,0.0,0.0,1.0,0.0,0.0,0.0,2.0,0.0,0.0,0.0,4.0,3.0,2.0,3891497998.0,-1.0,桂林市全州县,桂林市全州县永岁镇,10.0,10.9,0.0,2.4,23.299999999999997,29.172222222222224,41.48095238095238,38.14581005586592
广西壮族自治区,桂林市,全州县,蕉江瑶族乡,110.836,25.5626,0.0,7.0,0.0,0.0,35.0,1.0,0.0,0.0,0.0,0.0,0.0,0.0,0.0,0.0,0.0,0.0,0.0,0.0,0.0,0.0,3.0,0.0,0.0,0.0,0.0,8.0,5.0,0.0,0.0,0.0,0.0,0.0,0.0,5.0,5.0,4.0,0.0,5.0,0.0,0.0,6.0,0.0,0.0,0.0,0.0,0.0,0.0,0.0,0.0,0.0,0.0,0.0,0.0,0.0,0.0,0.0,2.0,0.0,0.0,0.0,0.0,2.0,0.0,0.0,0.0,0.0,0.0,0.0,0.0,2.0,3.0,3.0,5148008386.0,11510299.0,桂林市全州县,桂林市全州县蕉江瑶族乡,20.0,16.3,0.0,2.5,38.8,29.172222222222224,41.48095238095238,38.14581005586592
广西壮族自治区,桂林市,全州县,白宝乡,111.1690351,25.876075,0.0,0.0,3.0,3.0,2.0,0.0,0.0,0.0,0.0,0.0,0.0,0.0,0.0,0.0,0.0,0.0,0.0,0.0,0.0,0.0,1.0,0.0,0.0,0.0,0.0,5.0,0.0,0.0,0.0,0.0,0.0,0.0,0.0,1.0,3.0,2.0,0.0,0.0,2.0,0.0,0.0,0.0,0.0,0.0,0.0,0.0,0.0,0.0,0.0,0.0,0.0,0.0,0.0,0.0,0.0,0.0,1.0,0.0,0.0,0.0,0.0,1.0,0.0,0.0,0.0,0.0,0.0,0.0,0.0,1.0,1.0,1.0,3891497992.0,-1.0,桂林市全州县,桂林市全州县白宝乡,12.0,9.9,0.0,1.0,22.9,29.172222222222224,41.48095238095238,38.14581005586592
广西壮族自治区,桂林市,全州县,东山瑶族乡,111.289,25.8221,0.0,0.0,1.0,4.0,4.0,0.0,0.0,0.0,0.0,0.0,0.0,0.0,0.0,0.0,0.0,0.0,0.0,0.0,0.0,0.0,3.0,0.0,0.0,0.0,0.0,2.0,1.0,0.0,0.0,0.0,0.0,0.0,0.0,1.0,5.0,2.0,0.0,0.0,1.0,2.0,3.0,0.0,0.0,0.0,0.0,0.0,0.0,0.0,0.0,0.0,0.0,0.0,0.0,0.0,0.0,0.0,3.0,0.0,0.0,0.0,0.0,1.0,0.0,0.0,0.0,0.0,0.0,0.0,0.0,1.0,3.0,1.0,5151117052.0,-1.0,桂林市全州县,桂林市全州县东山瑶族乡,9.0,13.2,0.0,1.1,23.3,29.172222222222224,41.48095238095238,38.14581005586592
广西壮族自治区,桂林市,兴安县,兴安镇,110.6664173,25.6030854,0.0,8.0,76.0,25.0,143.0,37.0,0.0,20.0,3.0,2.0,0.0,2.0,1.0,1.0,4.0,4.0,0.0,0.0,0.0,1.0,8.0,2.0,4.0,0.0,0.0,3.0,20.0,0.0,0.0,1.0,1.0,9.0,4.0,9.0,14.0,12.0,0.0,4.0,16.0,6.0,50.0,3.0,0.0,1.0,0.0,0.0,0.0,0.0,1.0,1.0,3.0,3.0,0.0,0.0,0.0,0.0,4.0,0.0,0.0,0.0,0.0,1.0,1.0,0.0,0.0,0.0,1.0,4.0,1.0,1.0,7.0,4.0,1573735884.0,-1.0,桂林市兴安县,桂林市兴安县兴安镇,10.0,28.0,15.0,6.2,59.2,35.85,41.48095238095238,38.14581005586592
广西壮族自治区,桂林市,兴安县,湘漓镇,110.6777296,25.6148423,0.0,8.0,73.0,24.0,133.0,18.0,0.0,15.0,3.0,1.0,0.0,2.0,1.0,1.0,3.0,3.0,0.0,0.0,0.0,1.0,8.0,2.0,10.0,0.0,0.0,3.0,12.0,0.0,0.0,6.0,1.0,9.0,3.0,9.0,13.0,12.0,0.0,0.0,31.0,6.0,29.0,1.0,0.0,8.0,0.0,0.0,0.0,0.0,0.0,0.0,2.0,2.0,0.0,0.0,0.0,0.0,1.0,1.0,0.0,0.0,0.0,2.0,0.0,0.0,0.0,0.0,0.0,1.0,0.0,6.0,9.0,6.0,3811145529.0,-1.0,桂林市兴安县,桂林市兴安县湘漓镇,10.0,28.0,10.0,5.8,53.8,35.85,41.48095238095238,38.14581005586592
广西壮族自治区,桂林市,兴安县,界首镇,110.7623288,25.7246876,10.0,0.0,5.0,0.0,14.0,0.0,0.0,2.0,1.0,0.0,0.0,0.0,0.0,0.0,0.0,0.0,0.0,0.0,0.0,0.0,1.0,0.0,3.0,0.0,0.0,1.0,1.0,0.0,0.0,0.0,0.0,0.0,2.0,9.0,8.0,6.0,3.0,0.0,5.0,0.0,6.0,0.0,0.0,0.0,0.0,0.0,0.0,0.0,0.0,0.0,0.0,0.0,0.0,0.0,0.0,0.0,1.0,0.0,0.0,0.0,0.0,1.0,1.0,0.0,0.0,0.0,0.0,0.0,2.0,4.0,4.0,4.0,3811038357.0,-1.0,桂林市兴安县,桂林市兴安县界首镇,8.0,15.6,0.0,3.2,26.8,35.85,41.48095238095238,38.14581005586592
广西壮族自治区,桂林市,兴安县,高尚镇,110.5882589,25.4183227,0.0,9.0,0.0,7.0,21.0,8.0,0.0,0.0,0.0,0.0,1.0,0.0,0.0,0.0,0.0,0.0,0.0,0.0,0.0,0.0,2.0,0.0,0.0,0.0,0.0,7.0,0.0,0.0,0.0,0.0,0.0,0.0,0.0,2.0,6.0,5.0,0.0,6.0,0.0,3.0,10.0,2.0,0.0,0.0,0.0,0.0,1.0,0.0,0.0,0.0,0.0,0.0,0.0,0.0,0.0,0.0,2.0,0.0,0.0,0.0,0.0,2.0,0.0,0.0,0.0,0.0,0.0,0.0,0.0,2.0,6.0,3.0,3465020870.0,-1.0,桂林市兴安县,桂林市兴安县高尚镇,12.0,22.2,0.0,2.5,36.7,35.85,41.48095238095238,38.14581005586592
广西壮族自治区,桂林市,兴安县,严关镇,110.5748778,25.6271076,2.0,3.0,3.0,7.0,4.0,5.0,0.0,9.0,1.0,0.0,0.0,0.0,0.0,0.0,0.0,0.0,0.0,0.0,0.0,0.0,2.0,0.0,4.0,0.0,0.0,1.0,2.0,0.0,0.0,0.0,0.0,0.0,0.0,8.0,11.0,6.0,2.0,3.0,1.0,0.0,0.0,0.0,0.0,0.0,0.0,0.0,0.0,0.0,0.0,0.0,0.0,0.0,0.0,0.0,0.0,0.0,2.0,0.0,0.0,0.0,0.0,1.0,0.0,0.0,0.0,0.0,0.0,0.0,0.0,4.0,6.0,1.0,3465242630.0,-1.0,桂林市兴安县,桂林市兴安县严关镇,8.0,16.8,0.0,3.2,28.0,35.85,41.48095238095238,38.14581005586592
广西壮族自治区,桂林市,兴安县,溶江镇,110.4728318,25.5640239,6.0,0.0,9.0,16.0,30.0,3.0,0.0,0.0,2.0,0.0,0.0,0.0,0.0,0.0,1.0,1.0,0.0,0.0,0.0,0.0,3.0,0.0,2.0,0.0,0.0,7.0,7.0,0.0,0.0,0.0,0.0,0.0,0.0,9.0,11.0,5.0,0.0,0.0,3.0,7.0,19.0,1.0,0.0,0.0,1.0,0.0,0.0,0.0,0.0,0.0,0.0,0.0,0.0,0.0,0.0,0.0,2.0,0.0,1.0,0.0,0.0,1.0,0.0,0.0,0.0,0.0,0.0,0.0,0.0,6.0,5.0,5.0,3465242629.0,-1.0,桂林市兴安县,桂林市兴安县溶江镇,12.0,26.0,0.0,3.2,41.2,35.85,41.48095238095238,38.14581005586592
广西壮族自治区,桂林市,兴安县,漠川乡,110.8003016,25.4563882,0.0,0.0,5.0,0.0,27.0,0.0,0.0,0.0,0.0,0.0,0.0,0.0,0.0,0.0,0.0,0.0,0.0,0.0,0.0,0.0,4.0,0.0,0.0,0.0,0.0,4.0,1.0,0.0,0.0,0.0,0.0,0.0,0.0,1.0,4.0,2.0,0.0,0.0,5.0,0.0,14.0,0.0,0.0,0.0,0.0,0.0,0.0,0.0,0.0,0.0,0.0,0.0,0.0,0.0,0.0,0.0,3.0,0.0,0.0,0.0,0.0,1.0,0.0,0.0,0.0,0.0,0.0,0.0,0.0,1.0,3.0,2.0,7824943382.0,11518488.0,桂林市兴安县,桂林市兴安县漠川乡,19.0,16.6,0.0,1.1,36.7,35.85,41.48095238095238,38.14581005586592
广西壮族自治区,桂林市,兴安县,白石乡,110.7089741,25.4466737,0.0,9.0,0.0,0.0,7.0,0.0,0.0,0.0,0.0,0.0,0.0,0.0,0.0,0.0,0.0,0.0,0.0,0.0,0.0,0.0,2.0,0.0,0.0,0.0,0.0,6.0,0.0,0.0,0.0,0.0,0.0,0.0,0.0,1.0,2.0,2.0,0.0,6.0,0.0,0.0,2.0,0.0,0.0,0.0,0.0,0.0,0.0,0.0,0.0,0.0,0.0,0.0,0.0,0.0,0.0,0.0,2.0,0.0,0.0,0.0,0.0,2.0,0.0,0.0,0.0,0.0,0.0,0.0,0.0,1.0,2.0,2.0,3465020869.0,-1.0,桂林市兴安县,桂林市兴安县白石乡,12.0,8.0,0.0,1.0,21.0,35.85,41.48095238095238,38.14581005586592
广西壮族自治区,桂林市,兴安县,崔家乡,110.6891797,25.5471744,0.0,9.0,0.0,0.0,3.0,0.0,0.0,0.0,0.0,0.0,0.0,0.0,0.0,0.0,0.0,0.0,0.0,0.0,0.0,0.0,3.0,0.0,1.0,0.0,0.0,1.0,0.0,0.0,0.0,1.0,0.0,0.0,0.0,3.0,2.0,5.0,0.0,5.0,0.0,0.0,0.0,0.0,0.0,0.0,0.0,0.0,0.0,0.0,0.0,0.0,0.0,0.0,0.0,0.0,0.0,0.0,3.0,0.0,1.0,0.0,0.0,1.0,0.0,0.0,0.0,1.0,0.0,0.0,0.0,2.0,1.0,5.0,3465331835.0,-1.0,桂林市兴安县,桂林市兴安县崔家乡,8.0,6.6,0.0,2.7,17.3,35.85,41.48095238095238,38.14581005586592
广西壮族自治区,桂林市,兴安县,华江瑶族乡,110.4702888,25.773924,0.0,0.0,12.0,9.0,12.0,3.0,0.0,0.0,0.0,0.0,0.0,0.0,0.0,0.0,0.0,0.0,0.0,0.0,0.0,0.0,3.0,0.0,0.0,0.0,0.0,4.0,0.0,0.0,0.0,0.0,0.0,0.0,0.0,4.0,5.0,3.0,0.0,0.0,4.0,4.0,8.0,3.0,0.0,0.0,0.0,0.0,0.0,0.0,0.0,0.0,0.0,0.0,0.0,0.0,0.0,0.0,1.0,0.0,0.0,0.0,0.0,3.0,0.0,0.0,0.0,0.0,0.0,0.0,0.0,2.0,5.0,3.0,3465331836.0,11518489.0,桂林市兴安县,桂林市兴安县华江瑶族乡,19.0,17.3,0.0,1.5,37.8,35.85,41.48095238095238,38.14581005586592
广西壮族自治区,桂林市,永福县,永福镇,109.9968783,25.0016663,5.0,25.0,7.0,6.0,75.0,19.0,0.0,5.0,4.0,2.0,2.0,0.0,0.0,0.0,0.0,0.0,0.0,0.0,0.0,1.0,5.0,0.0,3.0,0.0,0.0,3.0,173.0,0.0,0.0,0.0,0.0,2.0,1.0,9.0,15.0,9.0,0.0,4.0,3.0,0.0,5.0,9.0,0.0,2.0,4.0,2.0,0.0,0.0,0.0,0.0,0.0,0.0,0.0,0.0,0.0,0.0,2.0,0.0,0.0,0.0,0.0,1.0,97.0,0.0,0.0,0.0,0.0,1.0,0.0,8.0,10.0,6.0,7840753402.0,-1.0,桂林市永福县,桂林市永福县永福镇,10.0,30.0,0.0,20.0,60.0,37.955555555555556,41.48095238095238,38.14581005586592
广西壮族自治区,桂林市,永福县,罗锦镇,110.0977492,25.0222788,0.0,5.0,3.0,14.0,16.0,1.0,0.0,0.0,0.0,0.0,0.0,0.0,0.0,0.0,0.0,0.0,0.0,0.0,0.0,0.0,3.0,0.0,1.0,0.0,0.0,2.0,0.0,0.0,0.0,0.0,0.0,0.0,0.0,2.0,7.0,4.0,0.0,3.0,1.0,2.0,13.0,1.0,0.0,0.0,0.0,0.0,0.0,0.0,0.0,0.0,0.0,0.0,0.0,0.0,0.0,0.0,1.0,0.0,1.0,0.0,0.0,1.0,0.0,0.0,0.0,0.0,0.0,0.0,0.0,2.0,6.0,4.0,4248016405.0,-1.0,桂林市永福县,桂林市永福县罗锦镇,9.0,20.6,0.0,2.0,31.6,37.955555555555556,41.48095238095238,38.14581005586592
广西壮族自治区,桂林市,永福县,百寿镇,109.769878,25.1617662,8.0,3.0,0.0,9.0,14.0,1.0,0.0,0.0,0.0,0.0,0.0,0.0,0.0,0.0,0.0,0.0,0.0,0.0,0.0,0.0,2.0,0.0,0.0,0.0,0.0,4.0,0.0,0.0,0.0,0.0,0.0,0.0,1.0,3.0,7.0,6.0,5.0,3.0,0.0,7.0,6.0,0.0,0.0,0.0,0.0,0.0,0.0,0.0,0.0,0.0,0.0,0.0,0.0,0.0,0.0,0.0,2.0,0.0,0.0,0.0,0.0,1.0,0.0,0.0,0.0,0.0,0.0,0.0,1.0,2.0,4.0,4.0,3890134845.0,-1.0,桂林市永福县,桂林市永福县百寿镇,11.0,18.1,0.0,3.0,32.1,37.955555555555556,41.48095238095238,38.14581005586592
广西壮族自治区,桂林市,永福县,苏桥镇,110.0540152,25.104346,0.0,2.0,8.0,11.0,78.0,25.0,0.0,0.0,1.0,0.0,2.0,0.0,0.0,0.0,1.0,1.0,0.0,0.0,0.0,0.0,8.0,1.0,14.0,0.0,0.0,3.0,169.0,0.0,0.0,5.0,0.0,0.0,0.0,7.0,11.0,8.0,0.0,2.0,4.0,3.0,14.0,2.0,0.0,0.0,0.0,0.0,0.0,0.0,0.0,0.0,0.0,0.0,0.0,0.0,0.0,0.0,2.0,0.0,1.0,0.0,0.0,2.0,0.0,0.0,0.0,0.0,0.0,0.0,0.0,5.0,7.0,5.0,4248484941.0,-1.0,桂林市永福县,桂林市永福县苏桥镇,10.0,28.0,0.0,20.0,58.0,37.955555555555556,41.48095238095238,38.14581005586592
广西壮族自治区,桂林市,永福县,三皇镇,109.6542737,24.9412601,0.0,6.0,0.0,8.0,37.0,0.0,0.0,0.0,0.0,0.0,0.0,0.0,0.0,0.0,0.0,0.0,0.0,0.0,0.0,0.0,10.0,0.0,0.0,0.0,0.0,13.0,5.0,0.0,0.0,0.0,0.0,1.0,0.0,6.0,6.0,7.0,0.0,2.0,0.0,3.0,15.0,0.0,0.0,0.0,0.0,0.0,0.0,0.0,0.0,0.0,0.0,0.0,0.0,0.0,0.0,0.0,3.0,0.0,0.0,0.0,0.0,3.0,0.0,0.0,0.0,0.0,0.0,1.0,0.0,1.0,6.0,5.0,3890516986.0,-1.0,桂林市永福县,桂林市永福县三皇镇,12.0,23.0,0.0,4.0,39.0,37.955555555555556,41.48095238095238,38.14581005586592
广西壮族自治区,桂林市,永福县,堡里镇,110.0675078,24.8441117,0.0,0.0,15.0,23.0,19.0,0.0,0.0,3.0,0.0,1.0,0.0,0.0,0.0,0.0,0.0,0.0,0.0,0.0,0.0,0.0,5.0,0.0,1.0,0.0,0.0,11.0,1.0,0.0,0.0,0.0,0.0,0.0,0.0,3.0,5.0,4.0,0.0,0.0,9.0,11.0,8.0,0.0,0.0,3.0,0.0,1.0,0.0,0.0,0.0,0.0,0.0,0.0,0.0,0.0,0.0,0.0,5.0,0.0,1.0,0.0,0.0,3.0,0.0,0.0,0.0,0.0,0.0,0.0,0.0,2.0,5.0,3.0,4248189982.0,-1.0,桂林市永福县,桂林市永福县堡里镇,12.0,20.7,0.0,2.1,34.800000000000004,37.955555555555556,41.48095238095238,38.14581005586592
广西壮族自治区,桂林市,永福县,广福乡,109.9782443,24.9203774,7.0,9.0,0.0,0.0,30.0,1.0,0.0,0.0,1.0,0.0,0.0,0.0,0.0,0.0,0.0,0.0,0.0,0.0,0.0,0.0,2.0,0.0,5.0,0.0,1.0,3.0,0.0,0.0,0.0,1.0,0.0,0.0,0.0,5.0,9.0,7.0,3.0,2.0,0.0,0.0,15.0,1.0,0.0,0.0,0.0,0.0,0.0,0.0,0.0,0.0,0.0,0.0,0.0,0.0,0.0,0.0,1.0,0.0,0.0,0.0,0.0,1.0,0.0,0.0,0.0,0.0,0.0,0.0,0.0,3.0,6.0,5.0,4248452613.0,-1.0,桂林市永福县,桂林市永福县广福乡,10.0,21.5,0.0,3.6,35.1,37.955555555555556,41.48095238095238,38.14581005586592
广西壮族自治区,桂林市,永福县,永安乡,109.7777592,24.9181558,0.0,5.0,8.0,0.0,4.0,0.0,0.0,0.0,0.0,0.0,0.0,0.0,0.0,0.0,0.0,0.0,0.0,0.0,0.0,0.0,13.0,0.0,0.0,0.0,1.0,6.0,0.0,0.0,0.0,0.0,0.0,0.0,0.0,2.0,4.0,3.0,0.0,1.0,3.0,0.0,0.0,0.0,0.0,0.0,0.0,0.0,0.0,0.0,0.0,0.0,0.0,0.0,0.0,0.0,0.0,0.0,4.0,0.0,0.0,0.0,0.0,2.0,0.0,0.0,0.0,0.0,0.0,0.0,0.0,2.0,2.0,2.0,4248462576.0,-1.0,桂林市永福县,桂林市永福县永安乡,12.0,7.8,0.0,1.5,21.3,37.955555555555556,41.48095238095238,38.14581005586592
广西壮族自治区,桂林市,永福县,龙江乡,109.8268883,25.2478416,0.0,0.0,8.0,0.0,17.0,2.0,0.0,2.0,0.0,0.0,0.0,0.0,0.0,0.0,0.0,0.0,0.0,0.0,0.0,0.0,2.0,0.0,0.0,0.0,0.0,1.0,0.0,0.0,0.0,0.0,0.0,0.0,0.0,1.0,5.0,2.0,0.0,0.0,4.0,0.0,6.0,2.0,0.0,2.0,0.0,0.0,0.0,0.0,0.0,0.0,0.0,0.0,0.0,0.0,0.0,0.0,0.0,0.0,0.0,0.0,0.0,1.0,0.0,0.0,0.0,0.0,0.0,0.0,0.0,1.0,5.0,1.0,3890134849.0,11539542.0,桂林市永福县,桂林市永福县龙江乡,16.0,12.7,0.0,1.0,29.7,37.955555555555556,41.48095238095238,38.14581005586592
广西壮族自治区,桂林市,灌阳县,灌阳镇,111.1508624,25.4993368,4.0,0.0,29.0,18.0,69.0,0.0,0.0,0.0,0.0,0.0,1.0,0.0,0.0,0.0,0.0,0.0,0.0,0.0,0.0,0.0,7.0,0.0,0.0,0.0,0.0,2.0,0.0,0.0,0.0,0.0,0.0,0.0,0.0,3.0,7.0,4.0,3.0,0.0,5.0,12.0,26.0,0.0,0.0,0.0,0.0,0.0,0.0,0.0,0.0,0.0,0.0,0.0,0.0,0.0,0.0,0.0,1.0,0.0,0.0,0.0,0.0,2.0,0.0,0.0,0.0,0.0,0.0,0.0,0.0,3.0,5.0,3.0,1689982466.0,-1.0,桂林市灌阳县,桂林市灌阳县灌阳镇,9.0,25.5,0.0,2.0,36.5,33.13333333333333,41.48095238095238,38.14581005586592
广西壮族自治区,桂林市,灌阳县,黄关镇,111.042721,25.3536176,3.0,0.0,9.0,1.0,25.0,0.0,0.0,0.0,0.0,0.0,0.0,0.0,0.0,0.0,1.0,1.0,0.0,0.0,0.0,0.0,5.0,0.0,1.0,0.0,0.0,2.0,1.0,0.0,0.0,1.0,0.0,0.0,0.0,2.0,9.0,6.0,3.0,0.0,4.0,0.0,5.0,0.0,0.0,0.0,0.0,0.0,0.0,0.0,0.0,0.0,1.0,1.0,0.0,0.0,0.0,0.0,1.0,0.0,0.0,0.0,0.0,1.0,0.0,0.0,0.0,0.0,0.0,0.0,0.0,2.0,3.0,2.0,1689982476.0,-1.0,桂林市灌阳县,桂林市灌阳县黄关镇,9.0,16.5,5.0,3.2,33.7,33.13333333333333,41.48095238095238,38.14581005586592
广西壮族自治区,桂林市,灌阳县,文市镇,111.1946324,25.6783699,6.0,0.0,3.0,7.0,26.0,0.0,0.0,0.0,0.0,0.0,0.0,0.0,0.0,0.0,0.0,0.0,0.0,0.0,0.0,0.0,4.0,0.0,6.0,0.0,0.0,4.0,0.0,0.0,0.0,3.0,0.0,0.0,0.0,3.0,9.0,6.0,3.0,0.0,3.0,4.0,6.0,0.0,0.0,0.0,0.0,0.0,0.0,0.0,0.0,0.0,0.0,0.0,0.0,0.0,0.0,0.0,2.0,0.0,1.0,0.0,0.0,1.0,0.0,0.0,0.0,0.0,0.0,0.0,0.0,3.0,6.0,5.0,1689982483.0,-1.0,桂林市灌阳县,桂林市灌阳县文市镇,11.0,21.0,0.0,3.3,35.3,33.13333333333333,41.48095238095238,38.14581005586592
广西壮族自治区,桂林市,灌阳县,新街镇,111.1024239,25.4123586,3.0,0.0,13.0,10.0,29.0,0.0,0.0,0.0,0.0,0.0,0.0,0.0,0.0,0.0,0.0,0.0,0.0,0.0,0.0,0.0,6.0,0.0,1.0,0.0,0.0,4.0,5.0,0.0,0.0,0.0,0.0,0.0,0.0,2.0,7.0,6.0,1.0,0.0,6.0,0.0,8.0,0.0,0.0,0.0,0.0,0.0,0.0,0.0,0.0,0.0,0.0,0.0,0.0,0.0,0.0,0.0,4.0,0.0,0.0,0.0,0.0,1.0,0.0,0.0,0.0,0.0,0.0,0.0,0.0,2.0,5.0,2.0,1690056264.0,-1.0,桂林市灌阳县,桂林市灌阳县新街镇,11.0,21.700000000000003,0.0,3.5,36.2,33.13333333333333,41.48095238095238,38.14581005586592
广西壮族自治区,桂林市,灌阳县,新圩镇,111.1188657,25.606089,1.0,0.0,0.0,7.0,7.0,2.0,0.0,0.0,0.0,0.0,0.0,0.0,0.0,0.0,0.0,0.0,0.0,0.0,0.0,0.0,4.0,0.0,0.0,0.0,0.0,3.0,1.0,0.0,0.0,1.0,0.0,0.0,0.0,2.0,6.0,3.0,1.0,0.0,0.0,7.0,1.0,0.0,0.0,0.0,0.0,0.0,0.0,0.0,0.0,0.0,0.0,0.0,0.0,0.0,0.0,0.0,2.0,0.0,0.0,0.0,0.0,1.0,0.0,0.0,0.0,1.0,0.0,0.0,0.0,2.0,4.0,3.0,5148153638.0,-1.0,桂林市灌阳县,桂林市灌阳县新圩镇,10.0,14.7,0.0,1.8,26.5,33.13333333333333,41.48095238095238,38.14581005586592
广西壮族自治区,桂林市,灌阳县,水车镇,111.22897,25.6198432,0.0,0.0,8.0,10.0,41.0,0.0,0.0,0.0,0.0,0.0,0.0,0.0,0.0,0.0,0.0,0.0,0.0,0.0,0.0,0.0,8.0,0.0,1.0,0.0,0.0,9.0,3.0,0.0,0.0,1.0,1.0,0.0,2.0,1.0,6.0,7.0,0.0,0.0,5.0,5.0,24.0,0.0,0.0,0.0,0.0,0.0,0.0,0.0,0.0,0.0,0.0,0.0,0.0,0.0,0.0,0.0,6.0,0.0,0.0,0.0,0.0,2.0,0.0,0.0,0.0,0.0,0.0,0.0,0.0,1.0,4.0,3.0,1689982479.0,-1.0,桂林市灌阳县,桂林市灌阳县水车镇,12.0,23.0,0.0,3.9,38.9,33.13333333333333,41.48095238095238,38.14581005586592
广西壮族自治区,桂林市,灌阳县,洞井瑶族乡,110.8499526,25.2450553,6.0,0.0,0.0,7.0,31.0,0.0,0.0,0.0,0.0,0.0,0.0,0.0,0.0,0.0,0.0,0.0,0.0,0.0,0.0,0.0,6.0,0.0,0.0,0.0,0.0,9.0,0.0,0.0,0.0,0.0,0.0,0.0,0.0,5.0,5.0,4.0,1.0,0.0,0.0,5.0,15.0,0.0,0.0,0.0,0.0,0.0,0.0,0.0,0.0,0.0,0.0,0.0,0.0,0.0,0.0,0.0,4.0,0.0,0.0,0.0,0.0,2.0,0.0,0.0,0.0,0.0,0.0,0.0,0.0,2.0,5.0,2.0,3891326069.0,11514300.0,桂林市灌阳县,桂林市灌阳县洞井瑶族乡,20.0,22.5,0.0,2.0,44.5,33.13333333333333,41.48095238095238,38.14581005586592
广西壮族自治区,桂林市,灌阳县,观音阁乡,110.9062092,25.2600303,3.0,0.0,2.0,0.0,6.0,0.0,0.0,0.0,0.0,0.0,0.0,0.0,0.0,0.0,0.0,0.0,0.0,0.0,0.0,0.0,1.0,0.0,0.0,0.0,0.0,1.0,0.0,0.0,0.0,0.0,0.0,0.0,0.0,5.0,6.0,3.0,3.0,0.0,2.0,0.0,1.0,0.0,0.0,0.0,0.0,0.0,0.0,0.0,0.0,0.0,0.0,0.0,0.0,0.0,0.0,0.0,1.0,0.0,0.0,0.0,0.0,1.0,0.0,0.0,0.0,0.0,0.0,0.0,0.0,2.0,6.0,3.0,1690056263.0,-1.0,桂林市灌阳县,桂林市灌阳县观音阁乡,8.0,9.5,0.0,1.5,19.0,33.13333333333333,41.48095238095238,38.14581005586592
广西壮族自治区,桂林市,灌阳县,西山瑶族乡,110.9671699,25.3911141,0.0,0.0,7.0,7.0,8.0,1.0,0.0,3.0,0.0,0.0,0.0,0.0,0.0,0.0,0.0,0.0,0.0,0.0,0.0,0.0,5.0,0.0,0.0,0.0,0.0,2.0,0.0,0.0,0.0,0.0,0.0,0.0,0.0,1.0,7.0,4.0,0.0,0.0,1.0,7.0,5.0,1.0,0.0,0.0,0.0,0.0,0.0,0.0,0.0,0.0,0.0,0.0,0.0,0.0,0.0,0.0,4.0,0.0,0.0,0.0,0.0,1.0,0.0,0.0,0.0,0.0,0.0,0.0,0.0,1.0,5.0,4.0,3164424496.0,-1.0,桂林市灌阳县,桂林市灌阳县西山瑶族乡,9.0,16.6,0.0,2.0,27.6,33.13333333333333,41.48095238095238,38.14581005586592
广西壮族自治区,桂林市,龙胜各族自治县,龙胜镇,110.0057368,25.7996085,6.0,4.0,18.0,9.0,46.0,9.0,0.0,7.0,1.0,1.0,0.0,3.0,1.0,1.0,5.0,6.0,0.0,1.0,5.0,19.0,7.0,0.0,0.0,0.0,0.0,6.0,119.0,0.0,0.0,2.0,0.0,10.0,4.0,6.0,15.0,6.0,5.0,1.0,12.0,5.0,22.0,6.0,0.0,6.0,1.0,1.0,0.0,2.0,1.0,1.0,2.0,3.0,0.0,1.0,5.0,17.0,6.0,0.0,0.0,0.0,0.0,5.0,93.0,0.0,0.0,2.0,0.0,9.0,4.0,4.0,12.0,6.0,6853140810.0,-1.0,桂林市龙胜各族自治县,桂林市龙胜各族自治县龙胜镇,12.0,28.0,25.0,19.0,84.0,32.3,41.48095238095238,38.14581005586592
广西壮族自治区,桂林市,龙胜各族自治县,瓢里镇,109.8396676,25.8484553,3.0,0.0,4.0,2.0,6.0,2.0,0.0,0.0,0.0,0.0,1.0,0.0,0.0,0.0,0.0,0.0,0.0,0.0,0.0,0.0,1.0,0.0,1.0,0.0,0.0,1.0,0.0,0.0,0.0,0.0,0.0,0.0,0.0,5.0,9.0,3.0,3.0,0.0,4.0,1.0,2.0,0.0,0.0,0.0,0.0,0.0,0.0,0.0,0.0,0.0,0.0,0.0,0.0,0.0,0.0,0.0,1.0,0.0,1.0,0.0,0.0,1.0,0.0,0.0,0.0,0.0,0.0,0.0,0.0,5.0,5.0,3.0,3470788685.0,-1.0,桂林市龙胜各族自治县,桂林市龙胜各族自治县瓢里镇,8.0,14.8,0.0,1.5,24.3,32.3,41.48095238095238,38.14581005586592
广西壮族自治区,桂林市,龙胜各族自治县,三门镇,109.8607969,25.7315017,0.0,0.0,2.0,5.0,4.0,0.0,0.0,0.0,0.0,0.0,0.0,0.0,0.0,0.0,0.0,0.0,0.0,0.0,0.0,0.0,2.0,0.0,0.0,0.0,0.0,1.0,0.0,0.0,0.0,0.0,0.0,0.0,0.0,2.0,3.0,2.0,0.0,0.0,2.0,3.0,0.0,0.0,0.0,0.0,0.0,0.0,0.0,0.0,0.0,0.0,0.0,0.0,0.0,0.0,0.0,0.0,2.0,0.0,0.0,0.0,0.0,1.0,0.0,0.0,0.0,0.0,0.0,0.0,0.0,2.0,2.0,2.0,4266829814.0,-1.0,桂林市龙胜各族自治县,桂林市龙胜各族自治县三门镇,8.0,12.3,0.0,1.0,21.3,32.3,41.48095238095238,38.14581005586592
广西壮族自治区,桂林市,龙胜各族自治县,龙脊镇,110.0666047,25.7352577,8.0,0.0,0.0,17.0,24.0,6.0,0.0,11.0,4.0,1.0,1.0,0.0,0.0,0.0,0.0,0.0,0.0,0.0,0.0,1.0,2.0,0.0,0.0,1.0,0.0,4.0,1.0,0.0,0.0,0.0,0.0,0.0,1.0,4.0,9.0,7.0,6.0,0.0,0.0,12.0,9.0,3.0,0.0,2.0,4.0,1.0,1.0,0.0,0.0,0.0,0.0,0.0,0.0,0.0,0.0,1.0,1.0,0.0,0.0,1.0,0.0,1.0,1.0,0.0,0.0,0.0,0.0,0.0,1.0,4.0,9.0,6.0,1621754277.0,-1.0,桂林市龙胜各族自治县,桂林市龙胜各族自治县龙脊镇,11.0,27.5,1.0,3.7,43.2,32.3,41.48095238095238,38.14581005586592
广西壮族自治区,桂林市,龙胜各族自治县,平等镇,109.9237605,26.0566204,0.0,0.0,1.0,5.0,24.0,0.0,0.0,3.0,0.0,0.0,0.0,0.0,0.0,0.0,0.0,0.0,0.0,0.0,0.0,0.0,4.0,0.0,0.0,0.0,0.0,2.0,0.0,0.0,0.0,0.0,0.0,0.0,0.0,1.0,6.0,2.0,0.0,0.0,1.0,2.0,14.0,0.0,0.0,0.0,0.0,0.0,0.0,0.0,0.0,0.0,0.0,0.0,0.0,0.0,0.0,0.0,2.0,0.0,0.0,0.0,0.0,1.0,0.0,0.0,0.0,0.0,0.0,0.0,0.0,1.0,4.0,2.0,5016543814.0,-1.0,桂林市龙胜各族自治县,桂林市龙胜各族自治县平等镇,9.0,22.0,0.0,1.0,32.0,32.3,41.48095238095238,38.14581005586592
广西壮族自治区,桂林市,龙胜各族自治县,乐江镇,109.871,25.9162,0.0,0.0,2.0,0.0,14.0,0.0,0.0,0.0,0.0,0.0,0.0,0.0,0.0,0.0,0.0,0.0,0.0,0.0,0.0,0.0,2.0,0.0,0.0,0.0,0.0,1.0,0.0,0.0,0.0,0.0,0.0,0.0,0.0,1.0,3.0,3.0,0.0,0.0,2.0,0.0,11.0,0.0,0.0,0.0,0.0,0.0,0.0,0.0,0.0,0.0,0.0,0.0,0.0,0.0,0.0,0.0,2.0,0.0,0.0,0.0,0.0,1.0,0.0,0.0,0.0,0.0,0.0,0.0,0.0,1.0,3.0,2.0,3470788683.0,-1.0,桂林市龙胜各族自治县,桂林市龙胜各族自治县乐江镇,8.0,12.6,0.0,1.5,22.1,32.3,41.48095238095238,38.14581005586592
广西壮族自治区,桂林市,龙胜各族自治县,泗水乡,110.0887111,25.86064,0.0,5.0,0.0,10.0,14.0,0.0,0.0,2.0,0.0,0.0,1.0,0.0,0.0,0.0,0.0,0.0,0.0,0.0,0.0,0.0,11.0,0.0,0.0,0.0,0.0,3.0,4.0,0.0,0.0,0.0,0.0,0.0,0.0,4.0,8.0,2.0,0.0,5.0,0.0,6.0,3.0,0.0,0.0,0.0,0.0,0.0,0.0,0.0,0.0,0.0,0.0,0.0,0.0,0.0,0.0,0.0,2.0,0.0,0.0,0.0,0.0,1.0,1.0,0.0,0.0,0.0,0.0,0.0,0.0,4.0,4.0,2.0,3470068188.0,-1.0,桂林市龙胜各族自治县,桂林市龙胜各族自治县泗水乡,10.0,19.7,0.0,1.5,31.2,32.3,41.48095238095238,38.14581005586592
广西壮族自治区,桂林市,龙胜各族自治县,江底乡,110.2487465,25.9180371,0.0,3.0,1.0,0.0,11.0,0.0,0.0,1.0,0.0,0.0,0.0,0.0,0.0,0.0,0.0,0.0,0.0,0.0,0.0,0.0,10.0,0.0,0.0,0.0,0.0,2.0,0.0,0.0,0.0,0.0,0.0,0.0,0.0,3.0,5.0,4.0,0.0,1.0,0.0,0.0,1.0,0.0,0.0,1.0,0.0,0.0,0.0,0.0,0.0,0.0,0.0,0.0,0.0,0.0,0.0,0.0,1.0,0.0,0.0,0.0,0.0,1.0,0.0,0.0,0.0,0.0,0.0,0.0,0.0,3.0,3.0,4.0,3470068187.0,11506703.0,桂林市龙胜各族自治县,桂林市龙胜各族自治县江底乡,17.0,10.0,0.0,2.0,29.0,32.3,41.48095238095238,38.14581005586592
广西壮族自治区,桂林市,龙胜各族自治县,马堤乡,110.1105459,25.9271685,0.0,0.0,4.0,0.0,3.0,0.0,0.0,0.0,0.0,0.0,0.0,0.0,0.0,0.0,0.0,0.0,0.0,0.0,0.0,0.0,4.0,0.0,0.0,0.0,0.0,1.0,0.0,0.0,0.0,0.0,0.0,0.0,0.0,3.0,3.0,2.0,0.0,0.0,3.0,0.0,3.0,0.0,0.0,0.0,0.0,0.0,0.0,0.0,0.0,0.0,0.0,0.0,0.0,0.0,0.0,0.0,3.0,0.0,0.0,0.0,0.0,1.0,0.0,0.0,0.0,0.0,0.0,0.0,0.0,3.0,3.0,2.0,5144664740.0,-1.0,桂林市龙胜各族自治县,桂林市龙胜各族自治县马堤乡,8.0,8.0,0.0,1.0,17.0,32.3,41.48095238095238,38.14581005586592
广西壮族自治区,桂林市,龙胜各族自治县,伟江乡,110.0893625,26.0059525,0.0,0.0,1.0,1.0,5.0,0.0,0.0,0.0,0.0,0.0,0.0,0.0,0.0,0.0,0.0,0.0,0.0,0.0,0.0,0.0,2.0,0.0,0.0,0.0,0.0,1.0,0.0,0.0,0.0,0.0,0.0,0.0,0.0,7.0,3.0,3.0,0.0,0.0,1.0,0.0,3.0,0.0,0.0,0.0,0.0,0.0,0.0,0.0,0.0,0.0,0.0,0.0,0.0,0.0,0.0,0.0,2.0,0.0,0.0,0.0,0.0,1.0,0.0,0.0,0.0,0.0,0.0,0.0,0.0,1.0,2.0,3.0,5152231713.0,-1.0,桂林市龙胜各族自治县,桂林市龙胜各族自治县伟江乡,8.0,9.4,0.0,1.5,18.9,32.3,41.48095238095238,38.14581005586592
广西壮族自治区,桂林市,资源县,资源镇,110.6376563,26.0372059,3.0,5.0,6.0,18.0,45.0,0.0,0.0,0.0,2.0,0.0,0.0,0.0,0.0,0.0,0.0,0.0,0.0,0.0,0.0,0.0,15.0,0.0,0.0,0.0,0.0,6.0,0.0,0.0,0.0,0.0,0.0,1.0,0.0,3.0,7.0,9.0,3.0,0.0,6.0,9.0,16.0,0.0,0.0,0.0,1.0,0.0,0.0,0.0,0.0,0.0,0.0,0.0,0.0,0.0,0.0,0.0,5.0,0.0,0.0,0.0,0.0,1.0,0.0,0.0,0.0,0.0,0.0,1.0,0.0,1.0,5.0,7.0,7815298668.0,-1.0,桂林市资源县,桂林市资源县资源镇,12.0,25.5,0.0,4.0,41.5,28.67142857142857,41.48095238095238,38.14581005586592
广西壮族自治区,桂林市,资源县,中峰镇,110.627,25.9456,3.0,0.0,0.0,6.0,11.0,2.0,0.0,0.0,0.0,0.0,0.0,0.0,0.0,0.0,0.0,0.0,0.0,0.0,0.0,0.0,0.0,0.0,0.0,0.0,0.0,7.0,0.0,0.0,0.0,0.0,0.0,0.0,0.0,2.0,7.0,3.0,3.0,0.0,0.0,6.0,3.0,0.0,0.0,0.0,0.0,0.0,0.0,0.0,0.0,0.0,0.0,0.0,0.0,0.0,0.0,0.0,0.0,0.0,0.0,0.0,0.0,1.0,0.0,0.0,0.0,0.0,0.0,0.0,0.0,1.0,4.0,1.0,4425425357.0,-1.0,桂林市资源县,桂林市资源县中峰镇,12.0,16.6,0.0,1.5,30.1,28.67142857142857,41.48095238095238,38.14581005586592
广西壮族自治区,桂林市,资源县,梅溪镇,110.7164727,26.2236644,10.0,0.0,6.0,23.0,21.0,4.0,0.0,0.0,1.0,0.0,3.0,0.0,0.0,0.0,0.0,0.0,0.0,0.0,0.0,0.0,10.0,0.0,0.0,0.0,0.0,4.0,0.0,0.0,0.0,2.0,0.0,0.0,0.0,2.0,11.0,4.0,6.0,0.0,3.0,4.0,7.0,0.0,0.0,0.0,1.0,0.0,0.0,0.0,0.0,0.0,0.0,0.0,0.0,0.0,0.0,0.0,7.0,0.0,0.0,0.0,0.0,2.0,0.0,0.0,0.0,2.0,0.0,0.0,0.0,1.0,6.0,4.0,2288744101.0,-1.0,桂林市资源县,桂林市资源县梅溪镇,11.0,24.3,0.0,2.4,37.699999999999996,28.67142857142857,41.48095238095238,38.14581005586592
广西壮族自治区,桂林市,资源县,瓜里乡,110.6395759,26.1973424,0.0,0.0,7.0,8.0,3.0,0.0,0.0,3.0,0.0,0.0,0.0,0.0,0.0,0.0,0.0,0.0,0.0,0.0,0.0,0.0,2.0,0.0,0.0,0.0,0.0,1.0,0.0,0.0,0.0,0.0,0.0,0.0,0.0,1.0,4.0,3.0,0.0,0.0,7.0,6.0,1.0,0.0,0.0,0.0,0.0,0.0,0.0,0.0,0.0,0.0,0.0,0.0,0.0,0.0,0.0,0.0,2.0,0.0,0.0,0.0,0.0,1.0,0.0,0.0,0.0,0.0,0.0,0.0,0.0,1.0,3.0,2.0,3896066702.0,-1.0,桂林市资源县,桂林市资源县瓜里乡,8.0,12.9,0.0,1.5,22.4,28.67142857142857,41.48095238095238,38.14581005586592
广西壮族自治区,桂林市,资源县,车田苗族乡,110.463249,26.0114224,0.0,12.0,5.0,7.0,6.0,0.0,0.0,3.0,0.0,0.0,0.0,0.0,0.0,0.0,0.0,0.0,0.0,0.0,0.0,0.0,3.0,0.0,0.0,0.0,0.0,1.0,0.0,0.0,0.0,0.0,0.0,0.0,0.0,3.0,6.0,2.0,0.0,6.0,3.0,5.0,1.0,0.0,0.0,3.0,0.0,0.0,0.0,0.0,0.0,0.0,0.0,0.0,0.0,0.0,0.0,0.0,3.0,0.0,0.0,0.0,0.0,1.0,0.0,0.0,0.0,0.0,0.0,0.0,0.0,3.0,5.0,2.0,2640037741.0,-1.0,桂林市资源县,桂林市资源县车田苗族乡,8.0,14.5,0.0,1.0,23.5,28.67142857142857,41.48095238095238,38.14581005586592
广西壮族自治区,桂林市,资源县,两水苗族乡,110.4113368,25.948909,0.0,2.0,1.0,5.0,3.0,0.0,0.0,0.0,0.0,0.0,0.0,0.0,0.0,0.0,0.0,0.0,0.0,0.0,0.0,0.0,4.0,0.0,0.0,0.0,0.0,3.0,0.0,0.0,0.0,0.0,0.0,0.0,0.0,2.0,4.0,2.0,0.0,1.0,1.0,1.0,3.0,0.0,0.0,0.0,0.0,0.0,0.0,0.0,0.0,0.0,0.0,0.0,0.0,0.0,0.0,0.0,4.0,0.0,0.0,0.0,0.0,2.0,0.0,0.0,0.0,0.0,0.0,0.0,0.0,2.0,4.0,2.0,4426179252.0,-1.0,桂林市资源县,桂林市资源县两水苗族乡,10.0,13.5,0.0,1.0,24.5,28.67142857142857,41.48095238095238,38.14581005586592
广西壮族自治区,桂林市,资源县,河口瑶族乡,110.338,25.9591,0.0,5.0,4.0,3.0,0.0,0.0,0.0,0.0,0.0,0.0,0.0,0.0,0.0,0.0,0.0,0.0,0.0,0.0,0.0,0.0,0.0,0.0,0.0,0.0,0.0,3.0,0.0,0.0,0.0,0.0,0.0,0.0,0.0,9.0,4.0,2.0,0.0,4.0,4.0,3.0,0.0,0.0,0.0,0.0,0.0,0.0,0.0,0.0,0.0,0.0,0.0,0.0,0.0,0.0,0.0,0.0,0.0,0.0,0.0,0.0,0.0,1.0,0.0,0.0,0.0,0.0,0.0,0.0,0.0,3.0,4.0,1.0,4426179249.0,-1.0,桂林市资源县,桂林市资源县河口瑶族乡,10.0,10.0,0.0,1.0,21.0,28.67142857142857,41.48095238095238,38.14581005586592
广西壮族自治区,桂林市,平乐县,平乐镇,110.6394104,24.6327054,3.0,0.0,36.0,16.0,59.0,2.0,0.0,24.0,0.0,0.0,0.0,0.0,0.0,0.0,1.0,1.0,0.0,0.0,0.0,0.0,13.0,0.0,2.0,0.0,0.0,11.0,44.0,0.0,0.0,0.0,0.0,4.0,0.0,8.0,13.0,10.0,0.0,0.0,23.0,6.0,28.0,1.0,0.0,0.0,0.0,0.0,0.0,0.0,0.0,0.0,0.0,0.0,0.0,0.0,0.0,0.0,2.0,0.0,0.0,0.0,0.0,4.0,29.0,0.0,0.0,0.0,0.0,4.0,0.0,5.0,5.0,6.0,703054605.0,-1.0,桂林市平乐县,桂林市平乐县平乐镇,12.0,24.0,0.0,11.3,47.3,33.589999999999996,41.48095238095238,38.14581005586592
广西壮族自治区,桂林市,平乐县,二塘镇,110.7751033,24.6597578,5.0,2.0,1.0,7.0,34.0,0.0,0.0,0.0,0.0,0.0,0.0,0.0,0.0,0.0,0.0,0.0,0.0,0.0,0.0,0.0,1.0,0.0,1.0,0.0,0.0,13.0,0.0,0.0,0.0,0.0,0.0,0.0,0.0,5.0,11.0,4.0,4.0,2.0,1.0,3.0,16.0,0.0,0.0,0.0,0.0,0.0,0.0,0.0,0.0,0.0,0.0,0.0,0.0,0.0,0.0,0.0,1.0,0.0,0.0,0.0,0.0,1.0,0.0,0.0,0.0,0.0,0.0,0.0,0.0,3.0,7.0,3.0,4680392083.0,-1.0,桂林市平乐县,桂林市平乐县二塘镇,12.0,24.0,0.0,2.0,38.0,33.589999999999996,41.48095238095238,38.14581005586592
广西壮族自治区,桂林市,平乐县,沙子镇,110.6975911,24.7777306,0.0,6.0,0.0,9.0,48.0,18.0,0.0,0.0,0.0,0.0,0.0,0.0,0.0,0.0,0.0,0.0,0.0,0.0,0.0,0.0,37.0,0.0,0.0,0.0,0.0,1.0,2.0,0.0,0.0,2.0,0.0,0.0,0.0,2.0,10.0,8.0,0.0,6.0,0.0,2.0,18.0,2.0,0.0,0.0,0.0,0.0,0.0,0.0,0.0,0.0,0.0,0.0,0.0,0.0,0.0,0.0,6.0,0.0,0.0,0.0,0.0,1.0,0.0,0.0,0.0,0.0,0.0,0.0,0.0,2.0,4.0,5.0,2662699032.0,-1.0,桂林市平乐县,桂林市平乐县沙子镇,8.0,24.0,0.0,4.4,36.4,33.589999999999996,41.48095238095238,38.14581005586592
广西壮族自治区,桂林市,平乐县,同安镇,110.9257651,24.5813427,5.0,0.0,0.0,8.0,4.0,2.0,0.0,0.0,0.0,0.0,0.0,0.0,0.0,0.0,0.0,0.0,0.0,0.0,0.0,0.0,0.0,0.0,0.0,0.0,0.0,3.0,0.0,0.0,0.0,0.0,0.0,0.0,0.0,5.0,6.0,2.0,1.0,0.0,0.0,3.0,2.0,2.0,0.0,0.0,0.0,0.0,0.0,0.0,0.0,0.0,0.0,0.0,0.0,0.0,0.0,0.0,0.0,0.0,0.0,0.0,0.0,1.0,0.0,0.0,0.0,0.0,0.0,0.0,0.0,3.0,4.0,1.0,7834950371.0,-1.0,桂林市平乐县,桂林市平乐县同安镇,10.0,14.4,0.0,1.0,25.4,33.589999999999996,41.48095238095238,38.14581005586592
广西壮族自治区,桂林市,平乐县,张家镇,110.8508805,24.5901596,0.0,0.0,3.0,5.0,14.0,0.0,0.0,0.0,0.0,0.0,0.0,0.0,0.0,0.0,0.0,0.0,0.0,0.0,0.0,0.0,2.0,0.0,0.0,0.0,0.0,6.0,0.0,0.0,0.0,0.0,0.0,0.0,0.0,2.0,4.0,4.0,0.0,0.0,3.0,4.0,6.0,0.0,0.0,0.0,0.0,0.0,0.0,0.0,0.0,0.0,0.0,0.0,0.0,0.0,0.0,0.0,2.0,0.0,0.0,0.0,0.0,3.0,0.0,0.0,0.0,0.0,0.0,0.0,0.0,2.0,4.0,4.0,4680413709.0,-1.0,桂林市平乐县,桂林市平乐县张家镇,12.0,16.6,0.0,2.0,30.6,33.589999999999996,41.48095238095238,38.14581005586592
广西壮族自治区,桂林市,平乐县,源头镇,110.9921671,24.4584251,2.0,0.0,3.0,9.0,25.0,0.0,0.0,0.0,0.0,0.0,0.0,0.0,0.0,0.0,0.0,0.0,0.0,0.0,0.0,0.0,1.0,0.0,0.0,0.0,0.0,8.0,0.0,0.0,0.0,0.0,0.0,0.0,0.0,6.0,5.0,1.0,1.0,0.0,1.0,5.0,13.0,0.0,0.0,0.0,0.0,0.0,0.0,0.0,0.0,0.0,0.0,0.0,0.0,0.0,0.0,0.0,1.0,0.0,0.0,0.0,0.0,3.0,0.0,0.0,0.0,0.0,0.0,0.0,0.0,2.0,5.0,1.0,4690154350.0,-1.0,桂林市平乐县,桂林市平乐县源头镇,12.0,21.4,0.0,0.5,33.9,33.589999999999996,41.48095238095238,38.14581005586592
广西壮族自治区,桂林市,平乐县,阳安乡,110.8950756,24.5028946,0.0,0.0,2.0,5.0,38.0,0.0,0.0,0.0,0.0,0.0,0.0,0.0,0.0,0.0,0.0,0.0,0.0,0.0,0.0,0.0,0.0,0.0,0.0,0.0,0.0,13.0,0.0,0.0,0.0,0.0,0.0,0.0,0.0,2.0,4.0,2.0,0.0,0.0,2.0,4.0,8.0,0.0,0.0,0.0,0.0,0.0,0.0,0.0,0.0,0.0,0.0,0.0,0.0,0.0,0.0,0.0,0.0,0.0,0.0,0.0,0.0,1.0,0.0,0.0,0.0,0.0,0.0,0.0,0.0,2.0,3.0,1.0,4690154647.0,-1.0,桂林市平乐县,桂林市平乐县阳安乡,12.0,22.0,0.0,1.0,35.0,33.589999999999996,41.48095238095238,38.14581005586592
广西壮族自治区,桂林市,平乐县,青龙乡,110.8395407,24.5113221,0.0,0.0,5.0,4.0,57.0,0.0,0.0,0.0,0.0,0.0,0.0,0.0,0.0,0.0,0.0,0.0,0.0,0.0,0.0,0.0,0.0,0.0,0.0,0.0,0.0,11.0,0.0,0.0,0.0,0.0,0.0,0.0,0.0,2.0,4.0,5.0,0.0,0.0,4.0,2.0,11.0,0.0,0.0,0.0,0.0,0.0,0.0,0.0,0.0,0.0,0.0,0.0,0.0,0.0,0.0,0.0,0.0,0.0,0.0,0.0,0.0,2.0,0.0,0.0,0.0,0.0,0.0,0.0,0.0,2.0,3.0,1.0,4690154680.0,-1.0,桂林市平乐县,桂林市平乐县青龙乡,12.0,22.0,0.0,2.5,36.5,33.589999999999996,41.48095238095238,38.14581005586592
广西壮族自治区,桂林市,平乐县,桥亭乡,110.7771809,24.5254693,0.0,0.0,1.0,1.0,12.0,0.0,0.0,0.0,0.0,0.0,0.0,0.0,0.0,0.0,0.0,0.0,0.0,0.0,0.0,0.0,1.0,0.0,0.0,0.0,0.0,8.0,0.0,0.0,0.0,0.0,0.0,0.0,0.0,1.0,4.0,2.0,0.0,0.0,1.0,1.0,4.0,0.0,0.0,0.0,0.0,0.0,0.0,0.0,0.0,0.0,0.0,0.0,0.0,0.0,0.0,0.0,1.0,0.0,0.0,0.0,0.0,2.0,0.0,0.0,0.0,0.0,0.0,0.0,0.0,1.0,4.0,2.0,4690155280.0,-1.0,桂林市平乐县,桂林市平乐县桥亭乡,12.0,11.600000000000001,0.0,1.0,24.6,33.589999999999996,41.48095238095238,38.14581005586592
广西壮族自治区,桂林市,平乐县,大发瑶族乡,110.6495026,24.5392853,0.0,0.0,1.0,4.0,12.0,1.0,0.0,0.0,0.0,0.0,0.0,0.0,0.0,0.0,0.0,0.0,0.0,0.0,0.0,0.0,2.0,0.0,0.0,0.0,0.0,8.0,0.0,0.0,0.0,0.0,0.0,0.0,0.0,3.0,6.0,3.0,0.0,0.0,1.0,1.0,1.0,1.0,0.0,0.0,0.0,0.0,0.0,0.0,0.0,0.0,0.0,0.0,0.0,0.0,0.0,0.0,1.0,0.0,0.0,0.0,0.0,2.0,0.0,0.0,0.0,0.0,0.0,0.0,0.0,3.0,4.0,3.0,4689327415.0,-1.0,桂林市平乐县,桂林市平乐县大发瑶族乡,12.0,14.7,0.0,1.5,28.2,33.589999999999996,41.48095238095238,38.14581005586592
广西壮族自治区,桂林市,恭城瑶族自治县,恭城镇,110.8255617,24.8255363,7.0,4.0,13.0,14.0,20.0,0.0,0.0,12.0,2.0,0.0,0.0,0.0,0.0,0.0,0.0,0.0,0.0,0.0,0.0,0.0,4.0,0.0,0.0,0.0,0.0,4.0,1.0,0.0,0.0,0.0,0.0,1.0,0.0,4.0,7.0,6.0,0.0,0.0,5.0,4.0,12.0,0.0,0.0,7.0,0.0,0.0,0.0,0.0,0.0,0.0,0.0,0.0,0.0,0.0,0.0,0.0,2.0,0.0,0.0,0.0,0.0,1.0,0.0,0.0,0.0,0.0,0.0,0.0,0.0,2.0,5.0,4.0,7831294443.0,-1.0,桂林市恭城瑶族自治县,桂林市恭城瑶族自治县恭城镇,11.0,23.1,0.0,3.1,37.2,33.96666666666667,41.48095238095238,38.14581005586592
广西壮族自治区,桂林市,恭城瑶族自治县,栗木镇,110.8978424,25.1303985,4.0,0.0,11.0,8.0,10.0,8.0,0.0,5.0,0.0,1.0,0.0,0.0,0.0,0.0,1.0,1.0,0.0,0.0,0.0,0.0,4.0,0.0,0.0,0.0,0.0,4.0,13.0,0.0,0.0,0.0,0.0,2.0,0.0,2.0,10.0,7.0,1.0,0.0,4.0,2.0,4.0,0.0,0.0,0.0,0.0,0.0,0.0,0.0,0.0,0.0,0.0,0.0,0.0,0.0,0.0,0.0,1.0,0.0,0.0,0.0,0.0,1.0,0.0,0.0,0.0,0.0,0.0,0.0,0.0,2.0,4.0,2.0,3164423601.0,11524972.0,桂林市恭城瑶族自治县,桂林市恭城瑶族自治县栗木镇,19.0,19.2,0.0,4.8,43.0,33.96666666666667,41.48095238095238,38.14581005586592
广西壮族自治区,桂林市,恭城瑶族自治县,莲花镇,110.8708109,24.7341626,3.0,1.0,1.0,3.0,6.0,0.0,0.0,0.0,0.0,0.0,0.0,0.0,0.0,0.0,0.0,0.0,0.0,0.0,0.0,0.0,0.0,0.0,0.0,0.0,0.0,1.0,0.0,0.0,0.0,0.0,0.0,0.0,0.0,3.0,6.0,0.0,3.0,1.0,1.0,0.0,2.0,0.0,0.0,0.0,0.0,0.0,0.0,0.0,0.0,0.0,0.0,0.0,0.0,0.0,0.0,0.0,0.0,0.0,0.0,0.0,0.0,1.0,0.0,0.0,0.0,0.0,0.0,0.0,0.0,1.0,5.0,0.0,4680427208.0,-1.0,桂林市恭城瑶族自治县,桂林市恭城瑶族自治县莲花镇,8.0,12.8,0.0,0.0,20.8,33.96666666666667,41.48095238095238,38.14581005586592
广西壮族自治区,桂林市,恭城瑶族自治县,嘉会镇,110.8632819,24.9937796,4.0,2.0,7.0,2.0,3.0,4.0,0.0,0.0,0.0,0.0,0.0,0.0,0.0,0.0,0.0,0.0,0.0,0.0,0.0,0.0,3.0,0.0,3.0,0.0,0.0,5.0,4.0,0.0,0.0,0.0,0.0,0.0,0.0,2.0,11.0,9.0,2.0,2.0,4.0,2.0,1.0,0.0,0.0,0.0,0.0,0.0,0.0,0.0,0.0,0.0,0.0,0.0,0.0,0.0,0.0,0.0,2.0,0.0,0.0,0.0,0.0,3.0,0.0,0.0,0.0,0.0,0.0,0.0,0.0,2.0,5.0,4.0,3164423600.0,-1.0,桂林市恭城瑶族自治县,桂林市恭城瑶族自治县嘉会镇,12.0,11.9,0.0,4.4,28.299999999999997,33.96666666666667,41.48095238095238,38.14581005586592
广西壮族自治区,桂林市,恭城瑶族自治县,西岭镇,110.7902358,24.9511089,0.0,0.0,11.0,6.0,39.0,0.0,0.0,0.0,0.0,0.0,0.0,0.0,0.0,0.0,0.0,0.0,0.0,0.0,0.0,0.0,6.0,0.0,0.0,0.0,0.0,9.0,0.0,0.0,0.0,0.0,0.0,0.0,0.0,2.0,4.0,3.0,0.0,0.0,7.0,0.0,11.0,0.0,0.0,0.0,0.0,0.0,0.0,0.0,0.0,0.0,0.0,0.0,0.0,0.0,0.0,0.0,1.0,0.0,0.0,0.0,0.0,1.0,0.0,0.0,0.0,0.0,0.0,0.0,0.0,2.0,3.0,2.0,3164424497.0,-1.0,桂林市恭城瑶族自治县,桂林市恭城瑶族自治县西岭镇,12.0,22.0,0.0,1.5,35.5,33.96666666666667,41.48095238095238,38.14581005586592
广西壮族自治区,桂林市,恭城瑶族自治县,平安镇,110.8858722,24.8808183,0.0,1.0,0.0,4.0,18.0,0.0,0.0,0.0,0.0,0.0,0.0,0.0,0.0,0.0,0.0,0.0,0.0,0.0,0.0,0.0,5.0,0.0,0.0,0.0,0.0,6.0,0.0,0.0,0.0,0.0,0.0,0.0,0.0,2.0,3.0,4.0,0.0,0.0,0.0,2.0,5.0,0.0,0.0,0.0,0.0,0.0,0.0,0.0,0.0,0.0,0.0,0.0,0.0,0.0,0.0,0.0,3.0,0.0,0.0,0.0,0.0,2.0,0.0,0.0,0.0,0.0,0.0,0.0,0.0,2.0,2.0,2.0,5142476985.0,-1.0,桂林市恭城瑶族自治县,桂林市恭城瑶族自治县平安镇,12.0,15.6,0.0,2.0,29.6,33.96666666666667,41.48095238095238,38.14581005586592
广西壮族自治区,桂林市,恭城瑶族自治县,三江乡,111.0995529,24.7623245,0.0,7.0,1.0,7.0,24.0,0.0,0.0,0.0,0.0,0.0,0.0,0.0,0.0,0.0,0.0,0.0,0.0,0.0,0.0,0.0,2.0,0.0,1.0,0.0,0.0,3.0,0.0,0.0,0.0,0.0,0.0,0.0,0.0,2.0,6.0,4.0,0.0,6.0,0.0,1.0,9.0,0.0,0.0,0.0,0.0,0.0,0.0,0.0,0.0,0.0,0.0,0.0,0.0,0.0,0.0,0.0,2.0,0.0,0.0,0.0,0.0,1.0,0.0,0.0,0.0,0.0,0.0,0.0,0.0,2.0,5.0,2.0,5323124161.0,-1.0,桂林市恭城瑶族自治县,桂林市恭城瑶族自治县三江乡,10.0,20.5,0.0,2.0,32.5,33.96666666666667,41.48095238095238,38.14581005586592
广西壮族自治区,桂林市,恭城瑶族自治县,观音乡,110.9657768,25.1847536,0.0,0.0,0.0,7.0,20.0,0.0,0.0,0.0,0.0,0.0,0.0,0.0,0.0,0.0,0.0,0.0,0.0,0.0,0.0,0.0,4.0,0.0,0.0,0.0,0.0,3.0,0.0,0.0,0.0,0.0,0.0,0.0,0.0,5.0,3.0,5.0,0.0,0.0,0.0,1.0,9.0,0.0,0.0,0.0,0.0,0.0,0.0,0.0,0.0,0.0,0.0,0.0,0.0,0.0,0.0,0.0,4.0,0.0,0.0,0.0,0.0,1.0,0.0,0.0,0.0,0.0,0.0,0.0,0.0,3.0,3.0,3.0,7831294438.0,11524974.0,桂林市恭城瑶族自治县,桂林市恭城瑶族自治县观音乡,18.0,13.2,0.0,2.5,33.7,33.96666666666667,41.48095238095238,38.14581005586592
广西壮族自治区,桂林市,恭城瑶族自治县,龙虎乡,110.9494208,25.0782766,0.0,4.0,3.0,4.0,23.0,1.0,0.0,0.0,0.0,0.0,0.0,0.0,0.0,0.0,0.0,0.0,0.0,0.0,0.0,0.0,10.0,0.0,1.0,0.0,0.0,6.0,2.0,0.0,0.0,1.0,1.0,1.0,0.0,9.0,7.0,13.0,0.0,1.0,0.0,0.0,12.0,0.0,0.0,0.0,0.0,0.0,0.0,0.0,0.0,0.0,0.0,0.0,0.0,0.0,0.0,0.0,4.0,0.0,1.0,0.0,0.0,1.0,0.0,0.0,0.0,1.0,0.0,1.0,0.0,8.0,3.0,10.0,5143598708.0,11524973.0,桂林市恭城瑶族自治县,桂林市恭城瑶族自治县龙虎乡,20.0,20.7,0.0,4.4,45.1,33.96666666666667,41.48095238095238,38.14581005586592
广西壮族自治区,桂林市,荔浦市,荔城镇,110.3948573,24.4869232,18.0,9.0,27.0,18.0,52.0,42.0,0.0,38.0,1.0,10.0,0.0,2.0,0.0,11.0,0.0,0.0,0.0,1.0,0.0,93.0,36.0,2.0,2.0,0.0,0.0,14.0,559.0,0.0,554.0,0.0,0.0,5.0,4.0,4.0,12.0,12.0,0.0,8.0,18.0,9.0,37.0,31.0,0.0,38.0,1.0,10.0,0.0,2.0,0.0,11.0,0.0,0.0,0.0,1.0,0.0,93.0,36.0,2.0,0.0,0.0,0.0,5.0,559.0,0.0,554.0,0.0,0.0,4.0,4.0,3.0,10.0,11.0,703052953.0,-1.0,桂林市荔浦市,桂林市荔浦市荔城镇,12.0,28.0,13.0,20.0,73.0,34.63076923076923,41.48095238095238,38.14581005586592
广西壮族自治区,桂林市,荔浦市,东昌镇,110.5114053,24.5424244,3.0,0.0,0.0,4.0,21.0,0.0,0.0,0.0,0.0,0.0,0.0,0.0,0.0,0.0,0.0,0.0,0.0,0.0,0.0,0.0,4.0,0.0,0.0,0.0,0.0,13.0,1.0,0.0,0.0,0.0,0.0,0.0,0.0,3.0,4.0,5.0,3.0,0.0,0.0,3.0,12.0,0.0,0.0,0.0,0.0,0.0,0.0,0.0,0.0,0.0,0.0,0.0,0.0,0.0,0.0,0.0,2.0,0.0,0.0,0.0,0.0,3.0,0.0,0.0,0.0,0.0,0.0,0.0,0.0,3.0,4.0,4.0,4689327460.0,-1.0,桂林市荔浦市,桂林市荔浦市东昌镇,12.0,18.8,0.0,2.6,33.4,34.63076923076923,41.48095238095238,38.14581005586592
广西壮族自治区,桂林市,荔浦市,新坪镇,110.4440805,24.480671,3.0,0.0,3.0,6.0,13.0,1.0,0.0,0.0,0.0,0.0,0.0,0.0,0.0,0.0,0.0,0.0,0.0,0.0,0.0,0.0,1.0,0.0,4.0,0.0,0.0,13.0,0.0,0.0,0.0,0.0,0.0,0.0,0.0,4.0,10.0,5.0,0.0,0.0,2.0,4.0,5.0,0.0,0.0,0.0,0.0,0.0,0.0,0.0,0.0,0.0,0.0,0.0,0.0,0.0,0.0,0.0,1.0,0.0,1.0,0.0,0.0,1.0,0.0,0.0,0.0,0.0,0.0,0.0,0.0,3.0,8.0,3.0,4689327379.0,-1.0,桂林市荔浦市,桂林市荔浦市新坪镇,12.0,18.1,0.0,2.5,32.6,34.63076923076923,41.48095238095238,38.14581005586592
广西壮族自治区,桂林市,荔浦市,杜莫镇,110.3930684,24.4031833,2.0,0.0,0.0,0.0,22.0,0.0,0.0,0.0,0.0,0.0,0.0,0.0,0.0,0.0,0.0,0.0,0.0,0.0,0.0,0.0,7.0,0.0,0.0,0.0,0.0,14.0,0.0,0.0,0.0,0.0,0.0,0.0,0.0,2.0,3.0,4.0,2.0,0.0,0.0,0.0,18.0,0.0,0.0,0.0,0.0,0.0,0.0,0.0,0.0,0.0,0.0,0.0,0.0,0.0,0.0,0.0,4.0,0.0,0.0,0.0,0.0,2.0,0.0,0.0,0.0,0.0,0.0,0.0,0.0,1.0,3.0,3.0,4689327302.0,-1.0,桂林市荔浦市,桂林市荔浦市杜莫镇,12.0,16.3,0.0,2.0,30.3,34.63076923076923,41.48095238095238,38.14581005586592
广西壮族自治区,桂林市,荔浦市,青山镇,110.3172512,24.4620813,3.0,0.0,4.0,6.0,103.0,2.0,0.0,1.0,0.0,1.0,0.0,0.0,0.0,0.0,0.0,0.0,0.0,0.0,0.0,0.0,5.0,0.0,2.0,0.0,0.0,12.0,2.0,0.0,0.0,0.0,0.0,2.0,1.0,3.0,7.0,10.0,1.0,0.0,1.0,1.0,23.0,0.0,0.0,0.0,0.0,0.0,0.0,0.0,0.0,0.0,0.0,0.0,0.0,0.0,0.0,0.0,3.0,0.0,0.0,0.0,0.0,2.0,0.0,0.0,0.0,0.0,0.0,0.0,0.0,2.0,5.0,4.0,3813339992.0,-1.0,桂林市荔浦市,桂林市荔浦市青山镇,12.0,25.5,0.0,4.2,41.7,34.63076923076923,41.48095238095238,38.14581005586592
广西壮族自治区,桂林市,荔浦市,修仁镇,110.247671,24.4230674,4.0,1.0,7.0,9.0,21.0,0.0,0.0,0.0,1.0,0.0,0.0,0.0,0.0,0.0,0.0,0.0,0.0,0.0,0.0,0.0,1.0,0.0,0.0,0.0,0.0,10.0,0.0,0.0,0.0,0.0,0.0,3.0,0.0,3.0,11.0,3.0,0.0,0.0,5.0,3.0,8.0,0.0,0.0,0.0,1.0,0.0,0.0,0.0,0.0,0.0,0.0,0.0,0.0,0.0,0.0,0.0,1.0,0.0,0.0,0.0,0.0,2.0,0.0,0.0,0.0,0.0,0.0,2.0,0.0,2.0,5.0,3.0,4689327253.0,-1.0,桂林市荔浦市,桂林市荔浦市修仁镇,12.0,22.6,0.0,1.5,36.1,34.63076923076923,41.48095238095238,38.14581005586592
广西壮族自治区,桂林市,荔浦市,大塘镇,110.3088164,24.5174599,0.0,0.0,4.0,1.0,6.0,0.0,0.0,0.0,0.0,0.0,0.0,0.0,0.0,0.0,0.0,0.0,0.0,0.0,0.0,0.0,1.0,0.0,1.0,0.0,0.0,8.0,0.0,0.0,0.0,0.0,0.0,0.0,0.0,3.0,5.0,4.0,0.0,0.0,4.0,0.0,1.0,0.0,0.0,0.0,0.0,0.0,0.0,0.0,0.0,0.0,0.0,0.0,0.0,0.0,0.0,0.0,1.0,0.0,0.0,0.0,0.0,3.0,0.0,0.0,0.0,0.0,0.0,0.0,0.0,3.0,3.0,2.0,3813334159.0,-1.0,桂林市荔浦市,桂林市荔浦市大塘镇,12.0,10.0,0.0,2.0,24.0,34.63076923076923,41.48095238095238,38.14581005586592
广西壮族自治区,桂林市,荔浦市,花箦镇,110.3144932,24.6193787,0.0,0.0,5.0,1.0,12.0,0.0,0.0,0.0,0.0,0.0,0.0,0.0,0.0,0.0,0.0,0.0,0.0,0.0,0.0,0.0,2.0,0.0,0.0,0.0,0.0,6.0,20.0,0.0,0.0,0.0,0.0,0.0,0.0,2.0,4.0,5.0,0.0,0.0,4.0,0.0,4.0,0.0,0.0,0.0,0.0,0.0,0.0,0.0,0.0,0.0,0.0,0.0,0.0,0.0,0.0,0.0,2.0,0.0,0.0,0.0,0.0,1.0,0.0,0.0,0.0,0.0,0.0,0.0,0.0,2.0,3.0,2.0,7837350876.0,-1.0,桂林市荔浦市,桂林市荔浦市花箦镇,12.0,11.600000000000001,0.0,4.5,28.1,34.63076923076923,41.48095238095238,38.14581005586592
广西壮族自治区,桂林市,荔浦市,双江镇,110.3839853,24.6174503,0.0,0.0,7.0,3.0,5.0,0.0,0.0,0.0,0.0,0.0,0.0,0.0,0.0,0.0,0.0,0.0,0.0,0.0,0.0,0.0,1.0,0.0,0.0,0.0,0.0,8.0,0.0,0.0,0.0,0.0,0.0,0.0,0.0,2.0,4.0,3.0,0.0,0.0,7.0,1.0,2.0,0.0,0.0,0.0,0.0,0.0,0.0,0.0,0.0,0.0,0.0,0.0,0.0,0.0,0.0,0.0,1.0,0.0,0.0,0.0,0.0,2.0,0.0,0.0,0.0,0.0,0.0,0.0,0.0,2.0,4.0,3.0,3813339168.0,-1.0,桂林市荔浦市,桂林市荔浦市双江镇,12.0,11.6,0.0,1.5,25.1,34.63076923076923,41.48095238095238,38.14581005586592
广西壮族自治区,桂林市,荔浦市,马岭镇,110.4339188,24.6134128,3.0,0.0,2.0,2.0,7.0,0.0,0.0,0.0,0.0,0.0,0.0,0.0,0.0,0.0,0.0,0.0,0.0,0.0,0.0,0.0,1.0,0.0,1.0,0.0,0.0,12.0,0.0,0.0,0.0,0.0,0.0,1.0,0.0,2.0,5.0,5.0,2.0,0.0,1.0,2.0,3.0,0.0,0.0,0.0,0.0,0.0,0.0,0.0,0.0,0.0,0.0,0.0,0.0,0.0,0.0,0.0,1.0,0.0,0.0,0.0,0.0,1.0,0.0,0.0,0.0,0.0,0.0,1.0,0.0,2.0,5.0,3.0,3742472360.0,-1.0,桂林市荔浦市,桂林市荔浦市马岭镇,12.0,11.8,0.0,2.5,26.3,34.63076923076923,41.48095238095238,38.14581005586592
广西壮族自治区,桂林市,荔浦市,龙怀乡,110.3327569,24.3636306,0.0,0.0,1.0,11.0,19.0,0.0,0.0,0.0,0.0,0.0,0.0,0.0,0.0,0.0,0.0,0.0,0.0,0.0,0.0,0.0,4.0,0.0,0.0,0.0,0.0,10.0,0.0,0.0,0.0,0.0,0.0,1.0,0.0,3.0,7.0,5.0,0.0,0.0,1.0,6.0,5.0,0.0,0.0,0.0,0.0,0.0,0.0,0.0,0.0,0.0,0.0,0.0,0.0,0.0,0.0,0.0,3.0,0.0,0.0,0.0,0.0,2.0,0.0,0.0,0.0,0.0,0.0,1.0,0.0,3.0,7.0,4.0,4689327279.0,-1.0,桂林市荔浦市,桂林市荔浦市龙怀乡,12.0,18.8,0.0,2.5,33.3,34.63076923076923,41.48095238095238,38.14581005586592
广西壮族自治区,桂林市,荔浦市,茶城乡,110.2403902,24.489619,0.0,5.0,0.0,9.0,2.0,0.0,0.0,0.0,0.0,0.0,0.0,0.0,0.0,0.0,0.0,0.0,0.0,0.0,0.0,0.0,2.0,0.0,0.0,0.0,0.0,11.0,0.0,0.0,0.0,1.0,0.0,0.0,0.0,4.0,7.0,3.0,0.0,3.0,0.0,3.0,0.0,0.0,0.0,0.0,0.0,0.0,0.0,0.0,0.0,0.0,0.0,0.0,0.0,0.0,0.0,0.0,1.0,0.0,0.0,0.0,0.0,1.0,0.0,0.0,0.0,0.0,0.0,0.0,0.0,2.0,3.0,3.0,4689327214.0,-1.0,桂林市荔浦市,桂林市荔浦市茶城乡,12.0,13.9,0.0,1.6,27.5,34.63076923076923,41.48095238095238,38.14581005586592
广西壮族自治区,桂林市,荔浦市,蒲芦瑶族乡,110.2282132,24.5346509,0.0,6.0,2.0,10.0,8.0,0.0,0.0,0.0,0.0,0.0,0.0,0.0,0.0,0.0,0.0,0.0,0.0,0.0,0.0,0.0,1.0,0.0,0.0,0.0,0.0,9.0,1.0,0.0,0.0,0.0,0.0,0.0,0.0,3.0,9.0,3.0,0.0,3.0,2.0,6.0,5.0,0.0,0.0,0.0,0.0,0.0,0.0,0.0,0.0,0.0,0.0,0.0,0.0,0.0,0.0,0.0,1.0,0.0,0.0,0.0,0.0,1.0,1.0,0.0,0.0,0.0,0.0,0.0,0.0,2.0,4.0,2.0,4689326639.0,11534546.0,桂林市荔浦市,桂林市荔浦市蒲芦瑶族乡,20.0,17.1,0.0,1.7,38.800000000000004,34.63076923076923,41.48095238095238,38.14581005586592
广西壮族自治区,梧州市,万秀区,角嘴街道,111.2985419,23.4743671,8.0,26.0,73.0,40.0,191.0,331.0,0.0,253.0,238.0,13.0,5.0,28.0,7.0,8.0,25.0,32.0,0.0,2.0,6.0,28.0,82.0,8.0,4.0,0.0,12.0,54.0,450.0,1.0,0.0,8.0,18.0,44.0,24.0,14.0,21.0,20.0,0.0,6.0,12.0,12.0,28.0,48.0,0.0,83.0,50.0,2.0,0.0,3.0,3.0,3.0,3.0,3.0,0.0,0.0,3.0,7.0,8.0,1.0,1.0,0.0,1.0,6.0,128.0,0.0,0.0,3.0,5.0,17.0,6.0,6.0,16.0,14.0,7902225151.0,11618810.0,梧州市万秀区,梧州市万秀区角嘴街道,20.0,30.0,23.0,20.0,93.0,76.5625,44.18636363636364,38.14581005586592
广西壮族自治区,梧州市,万秀区,东兴街道,111.2966269,23.4861756,10.0,26.0,85.0,42.0,198.0,389.0,0.0,250.0,264.0,13.0,5.0,40.0,6.0,8.0,26.0,36.0,1.0,2.0,6.0,29.0,87.0,8.0,5.0,1.0,12.0,59.0,535.0,1.0,0.0,7.0,21.0,57.0,25.0,15.0,22.0,24.0,0.0,0.0,16.0,8.0,32.0,71.0,0.0,21.0,27.0,1.0,1.0,3.0,1.0,2.0,5.0,6.0,0.0,0.0,0.0,6.0,13.0,2.0,2.0,0.0,0.0,9.0,52.0,0.0,0.0,0.0,5.0,6.0,2.0,4.0,9.0,10.0,7902225147.0,18619686.0,梧州市万秀区,梧州市万秀区东兴街道,20.0,30.0,21.0,20.0,91.0,76.5625,44.18636363636364,38.14581005586592
广西壮族自治区,梧州市,万秀区,富民街道,111.3052958,23.4853392,22.0,24.0,70.0,42.0,172.0,357.0,0.0,234.0,231.0,8.0,6.0,15.0,7.0,8.0,25.0,35.0,1.0,2.0,3.0,22.0,62.0,5.0,5.0,0.0,10.0,54.0,368.0,1.0,0.0,8.0,18.0,45.0,25.0,14.0,21.0,23.0,0.0,0.0,21.0,15.0,55.0,73.0,0.0,71.0,61.0,4.0,2.0,1.0,2.0,2.0,10.0,13.0,0.0,0.0,1.0,7.0,11.0,1.0,1.0,0.0,2.0,9.0,86.0,1.0,0.0,2.0,6.0,11.0,7.0,6.0,13.0,13.0,7902225146.0,-1.0,梧州市万秀区,梧州市万秀区富民街道,12.0,30.0,23.0,20.0,85.0,76.5625,44.18636363636364,38.14581005586592
广西壮族自治区,梧州市,万秀区,城南街道,111.3095927,23.4733731,19.0,29.0,65.0,44.0,155.0,314.0,0.0,237.0,212.0,9.0,4.0,15.0,7.0,8.0,21.0,30.0,0.0,2.0,3.0,22.0,45.0,6.0,6.0,0.0,12.0,43.0,344.0,1.0,0.0,7.0,16.0,37.0,24.0,12.0,21.0,20.0,0.0,12.0,17.0,18.0,72.0,101.0,0.0,106.0,62.0,2.0,0.0,7.0,4.0,4.0,9.0,12.0,0.0,2.0,1.0,11.0,2.0,1.0,1.0,0.0,4.0,9.0,60.0,0.0,0.0,2.0,7.0,12.0,14.0,7.0,16.0,13.0,7902225145.0,-1.0,梧州市万秀区,梧州市万秀区城南街道,12.0,30.0,25.0,20.0,87.0,76.5625,44.18636363636364,38.14581005586592
广西壮族自治区,梧州市,万秀区,城北街道,111.3088739,23.4824462,24.0,24.0,68.0,42.0,160.0,338.0,0.0,232.0,220.0,8.0,6.0,15.0,7.0,8.0,22.0,32.0,1.0,2.0,3.0,22.0,47.0,5.0,6.0,0.0,11.0,48.0,359.0,1.0,0.0,8.0,18.0,46.0,25.0,13.0,21.0,23.0,0.0,0.0,29.0,18.0,80.0,85.0,0.0,124.0,76.0,4.0,2.0,4.0,3.0,3.0,12.0,16.0,0.0,2.0,1.0,11.0,10.0,2.0,1.0,0.0,4.0,13.0,89.0,1.0,0.0,3.0,9.0,14.0,14.0,5.0,15.0,15.0,7902225144.0,11618811.0,梧州市万秀区,梧州市万秀区城北街道,20.0,30.0,25.0,20.0,95.0,76.5625,44.18636363636364,38.14581005586592
广西壮族自治区,梧州市,万秀区,城东镇,111.3705043,23.4805309,20.0,2.0,8.0,7.0,21.0,36.0,0.0,8.0,20.0,0.0,0.0,1.0,1.0,1.0,2.0,2.0,0.0,0.0,0.0,0.0,3.0,0.0,4.0,0.0,1.0,6.0,3.0,0.0,0.0,2.0,0.0,4.0,0.0,12.0,19.0,8.0,2.0,2.0,0.0,0.0,1.0,8.0,0.0,4.0,6.0,0.0,0.0,0.0,0.0,0.0,0.0,0.0,0.0,0.0,0.0,0.0,2.0,0.0,1.0,0.0,0.0,2.0,0.0,0.0,0.0,0.0,0.0,0.0,0.0,2.0,11.0,5.0,7902225148.0,-1.0,梧州市万秀区,梧州市万秀区城东镇,12.0,20.5,5.0,4.5,42.0,76.5625,44.18636363636364,38.14581005586592
广西壮族自治区,梧州市,万秀区,龙湖镇,111.3000912,23.4756455,7.0,26.0,79.0,42.0,186.0,342.0,0.0,258.0,239.0,12.0,5.0,25.0,7.0,8.0,25.0,33.0,0.0,2.0,5.0,28.0,75.0,8.0,4.0,0.0,12.0,55.0,437.0,1.0,0.0,8.0,19.0,41.0,24.0,14.0,21.0,20.0,0.0,6.0,17.0,16.0,42.0,72.0,0.0,90.0,59.0,2.0,0.0,4.0,3.0,3.0,5.0,7.0,0.0,0.0,3.0,8.0,10.0,1.0,1.0,0.0,1.0,7.0,124.0,0.0,0.0,3.0,5.0,18.0,7.0,6.0,15.0,15.0,7902225149.0,-1.0,梧州市万秀区,梧州市万秀区龙湖镇,12.0,30.0,23.0,20.0,85.0,76.5625,44.18636363636364,38.14581005586592
广西壮族自治区,梧州市,万秀区,夏郢镇,111.2849371,23.5970988,0.0,0.0,9.0,0.0,7.0,7.0,0.0,0.0,0.0,0.0,0.0,0.0,0.0,0.0,1.0,1.0,0.0,0.0,0.0,0.0,9.0,0.0,0.0,0.0,0.0,3.0,0.0,0.0,0.0,0.0,0.0,0.0,0.0,3.0,5.0,4.0,0.0,0.0,7.0,0.0,2.0,7.0,0.0,0.0,0.0,0.0,0.0,0.0,0.0,0.0,1.0,1.0,0.0,0.0,0.0,0.0,5.0,0.0,0.0,0.0,0.0,1.0,0.0,0.0,0.0,0.0,0.0,0.0,0.0,2.0,4.0,3.0,5128944485.0,11618809.0,梧州市万秀区,梧州市万秀区夏郢镇,18.0,9.5,5.0,2.0,34.5,76.5625,44.18636363636364,38.14581005586592
广西壮族自治区,梧州市,长洲区,大塘街道,111.2745041,23.4875974,39.0,37.0,59.0,28.0,166.0,316.0,5.0,147.0,216.0,10.0,5.0,44.0,6.0,10.0,18.0,21.0,3.0,2.0,7.0,24.0,145.0,9.0,5.0,5.0,17.0,47.0,709.0,0.0,1.0,6.0,11.0,31.0,7.0,17.0,23.0,21.0,0.0,0.0,20.0,6.0,36.0,97.0,0.0,19.0,53.0,2.0,1.0,21.0,0.0,0.0,5.0,5.0,0.0,0.0,3.0,5.0,31.0,1.0,1.0,1.0,0.0,15.0,165.0,0.0,0.0,0.0,3.0,8.0,0.0,4.0,13.0,11.0,7900443582.0,18611941.0,梧州市长洲区,梧州市长洲区大塘街道,20.0,30.0,17.0,20.0,87.0,75.28,44.18636363636364,38.14581005586592
广西壮族自治区,梧州市,长洲区,兴龙街道,111.2629008,23.4844536,38.0,44.0,51.0,21.0,180.0,331.0,14.0,129.0,192.0,11.0,6.0,46.0,3.0,7.0,15.0,18.0,3.0,2.0,5.0,26.0,144.0,7.0,7.0,5.0,19.0,45.0,645.0,0.0,1.0,6.0,7.0,32.0,4.0,16.0,23.0,21.0,13.0,2.0,15.0,5.0,38.0,84.0,0.0,22.0,70.0,4.0,1.0,20.0,1.0,4.0,4.0,5.0,0.0,2.0,2.0,5.0,56.0,1.0,1.0,2.0,4.0,9.0,371.0,0.0,0.0,1.0,3.0,6.0,2.0,4.0,14.0,15.0,7900443581.0,-1.0,梧州市长洲区,梧州市长洲区兴龙街道,12.0,30.0,24.0,20.0,86.0,75.28,44.18636363636364,38.14581005586592
广西壮族自治区,梧州市,长洲区,红岭街道,111.2542319,23.4958578,30.0,37.0,38.0,14.0,140.0,231.0,14.0,99.0,151.0,10.0,6.0,37.0,2.0,5.0,13.0,16.0,2.0,2.0,4.0,17.0,109.0,3.0,5.0,3.0,17.0,28.0,549.0,0.0,1.0,4.0,6.0,32.0,4.0,11.0,25.0,23.0,7.0,22.0,0.0,2.0,33.0,15.0,0.0,1.0,2.0,0.0,2.0,0.0,1.0,1.0,0.0,1.0,2.0,0.0,0.0,1.0,15.0,0.0,2.0,0.0,3.0,2.0,18.0,0.0,0.0,0.0,0.0,0.0,0.0,3.0,12.0,7.0,7900443580.0,-1.0,梧州市长洲区,梧州市长洲区红岭街道,12.0,30.0,16.0,20.0,78.0,75.28,44.18636363636364,38.14581005586592
广西壮族自治区,梧州市,长洲区,长洲镇,111.2579928,23.4681186,46.0,21.0,47.0,14.0,162.0,271.0,14.0,119.0,182.0,9.0,6.0,48.0,4.0,7.0,14.0,20.0,4.0,2.0,5.0,27.0,144.0,5.0,3.0,5.0,21.0,37.0,659.0,0.0,1.0,12.0,6.0,46.0,6.0,13.0,23.0,19.0,12.0,3.0,2.0,4.0,21.0,54.0,0.0,14.0,20.0,0.0,1.0,4.0,1.0,1.0,1.0,1.0,1.0,0.0,1.0,7.0,13.0,0.0,2.0,3.0,3.0,7.0,63.0,0.0,0.0,4.0,0.0,1.0,0.0,8.0,15.0,11.0,7900443583.0,-1.0,梧州市长洲区,梧州市长洲区长洲镇,12.0,30.0,28.0,20.0,90.0,75.28,44.18636363636364,38.14581005586592
广西壮族自治区,梧州市,长洲区,倒水镇,111.1314776,23.574701,0.0,3.0,3.0,4.0,25.0,1.0,0.0,0.0,0.0,0.0,2.0,0.0,0.0,0.0,1.0,1.0,0.0,0.0,0.0,0.0,3.0,0.0,0.0,0.0,0.0,3.0,0.0,0.0,0.0,0.0,0.0,0.0,0.0,5.0,12.0,3.0,0.0,1.0,2.0,2.0,13.0,0.0,0.0,0.0,0.0,0.0,0.0,0.0,0.0,0.0,0.0,0.0,0.0,0.0,0.0,0.0,3.0,0.0,0.0,0.0,0.0,1.0,0.0,0.0,0.0,0.0,0.0,0.0,0.0,4.0,9.0,3.0,4348643911.0,-1.0,梧州市长洲区,梧州市长洲区倒水镇,10.0,23.9,0.0,1.5,35.4,75.28,44.18636363636364,38.14581005586592
广西壮族自治区,梧州市,龙圩区,龙圩镇,111.2355249,23.4098695,32.0,13.0,52.0,40.0,263.0,244.0,21.0,198.0,31.0,6.0,2.0,8.0,2.0,2.0,14.0,16.0,0.0,0.0,1.0,1.0,9.0,2.0,1.0,0.0,9.0,16.0,127.0,0.0,0.0,4.0,0.0,19.0,2.0,11.0,23.0,16.0,17.0,3.0,9.0,3.0,86.0,120.0,4.0,32.0,9.0,0.0,2.0,4.0,1.0,1.0,3.0,3.0,0.0,0.0,1.0,0.0,3.0,0.0,0.0,0.0,1.0,5.0,53.0,0.0,0.0,1.0,0.0,1.0,0.0,4.0,19.0,8.0,4950956079.0,-1.0,梧州市龙圩区,梧州市龙圩区龙圩镇,12.0,30.0,17.0,20.0,79.0,40.75,44.18636363636364,38.14581005586592
广西壮族自治区,梧州市,龙圩区,大坡镇,111.2990559,23.2753907,0.0,6.0,0.0,5.0,8.0,3.0,0.0,0.0,0.0,0.0,0.0,0.0,0.0,0.0,0.0,0.0,0.0,0.0,0.0,0.0,2.0,0.0,0.0,0.0,0.0,4.0,0.0,0.0,0.0,1.0,0.0,0.0,0.0,2.0,8.0,3.0,0.0,3.0,0.0,5.0,7.0,3.0,0.0,0.0,0.0,0.0,0.0,0.0,0.0,0.0,0.0,0.0,0.0,0.0,0.0,0.0,2.0,0.0,0.0,0.0,0.0,2.0,0.0,0.0,0.0,1.0,0.0,0.0,0.0,2.0,6.0,3.0,7899984891.0,-1.0,梧州市龙圩区,梧州市龙圩区大坡镇,11.0,17.7,0.0,1.7,30.4,40.75,44.18636363636364,38.14581005586592
广西壮族自治区,梧州市,龙圩区,广平镇,111.3065231,23.0960525,0.0,2.0,3.0,9.0,24.0,0.0,0.0,0.0,0.0,0.0,0.0,0.0,0.0,0.0,0.0,0.0,0.0,0.0,0.0,0.0,3.0,0.0,1.0,0.0,0.0,4.0,0.0,0.0,0.0,0.0,0.0,0.0,0.0,2.0,5.0,3.0,0.0,2.0,3.0,1.0,16.0,0.0,0.0,0.0,0.0,0.0,0.0,0.0,0.0,0.0,0.0,0.0,0.0,0.0,0.0,0.0,3.0,0.0,1.0,0.0,0.0,1.0,0.0,0.0,0.0,0.0,0.0,0.0,0.0,2.0,5.0,3.0,7899984890.0,-1.0,梧州市龙圩区,梧州市龙圩区广平镇,11.0,22.1,0.0,1.5,34.6,40.75,44.18636363636364,38.14581005586592
广西壮族自治区,梧州市,龙圩区,新地镇,111.1808604,23.2397072,2.0,1.0,3.0,0.0,4.0,0.0,0.0,0.0,0.0,0.0,0.0,0.0,0.0,0.0,0.0,0.0,0.0,0.0,0.0,0.0,2.0,0.0,0.0,0.0,0.0,1.0,0.0,0.0,0.0,0.0,0.0,0.0,0.0,6.0,7.0,1.0,2.0,1.0,3.0,0.0,4.0,0.0,0.0,0.0,0.0,0.0,0.0,0.0,0.0,0.0,0.0,0.0,0.0,0.0,0.0,0.0,2.0,0.0,0.0,0.0,0.0,1.0,0.0,0.0,0.0,0.0,0.0,0.0,0.0,2.0,4.0,1.0,3152395405.0,-1.0,梧州市龙圩区,梧州市龙圩区新地镇,8.0,10.5,0.0,0.5,19.0,40.75,44.18636363636364,38.14581005586592
广西壮族自治区,梧州市,苍梧县,石桥镇,111.5397885,23.8454118,8.0,5.0,4.0,18.0,28.0,1.0,0.0,0.0,0.0,0.0,1.0,1.0,0.0,0.0,1.0,1.0,0.0,0.0,0.0,0.0,24.0,0.0,2.0,0.0,0.0,4.0,0.0,0.0,0.0,2.0,0.0,1.0,0.0,4.0,7.0,9.0,5.0,0.0,0.0,8.0,26.0,0.0,0.0,0.0,0.0,0.0,1.0,0.0,0.0,0.0,1.0,1.0,0.0,0.0,0.0,0.0,12.0,0.0,0.0,0.0,0.0,1.0,0.0,0.0,0.0,2.0,0.0,1.0,0.0,2.0,4.0,6.0,1639580046.0,-1.0,梧州市苍梧县,梧州市苍梧县石桥镇,11.0,25.5,10.0,4.4,50.9,36.47777777777778,44.18636363636364,38.14581005586592
广西壮族自治区,梧州市,苍梧县,沙头镇,111.527327,23.9392557,8.0,0.0,0.0,4.0,29.0,0.0,0.0,0.0,0.0,0.0,0.0,0.0,0.0,0.0,0.0,0.0,0.0,0.0,0.0,0.0,0.0,0.0,2.0,0.0,0.0,1.0,0.0,0.0,0.0,0.0,0.0,0.0,0.0,3.0,3.0,4.0,8.0,0.0,0.0,2.0,23.0,0.0,0.0,0.0,0.0,0.0,0.0,0.0,0.0,0.0,0.0,0.0,0.0,0.0,0.0,0.0,0.0,0.0,2.0,0.0,0.0,1.0,0.0,0.0,0.0,0.0,0.0,0.0,0.0,2.0,3.0,3.0,1639580037.0,-1.0,梧州市苍梧县,梧州市苍梧县沙头镇,8.0,21.5,0.0,2.0,31.5,36.47777777777778,44.18636363636364,38.14581005586592
广西壮族自治区,梧州市,苍梧县,梨埠镇,111.5060667,23.7713061,8.0,1.0,1.0,14.0,12.0,0.0,0.0,0.0,0.0,0.0,0.0,0.0,0.0,0.0,1.0,1.0,0.0,0.0,0.0,0.0,12.0,0.0,0.0,0.0,0.0,2.0,2.0,0.0,0.0,1.0,0.0,0.0,0.0,5.0,8.0,4.0,4.0,0.0,0.0,3.0,9.0,0.0,0.0,0.0,0.0,0.0,0.0,0.0,0.0,0.0,1.0,1.0,0.0,0.0,0.0,0.0,2.0,0.0,0.0,0.0,0.0,1.0,2.0,0.0,0.0,0.0,0.0,0.0,0.0,3.0,4.0,3.0,1639580015.0,-1.0,梧州市苍梧县,梧州市苍梧县梨埠镇,9.0,19.1,5.0,2.5,35.6,36.47777777777778,44.18636363636364,38.14581005586592
广西壮族自治区,梧州市,苍梧县,岭脚镇,110.9956736,23.5711457,0.0,6.0,3.0,13.0,5.0,2.0,0.0,0.0,0.0,2.0,2.0,0.0,0.0,0.0,0.0,0.0,0.0,0.0,0.0,0.0,0.0,0.0,0.0,0.0,0.0,10.0,1.0,0.0,0.0,0.0,0.0,0.0,0.0,3.0,10.0,1.0,0.0,5.0,3.0,2.0,0.0,0.0,0.0,0.0,0.0,0.0,0.0,0.0,0.0,0.0,0.0,0.0,0.0,0.0,0.0,0.0,0.0,0.0,0.0,0.0,0.0,1.0,0.0,0.0,0.0,0.0,0.0,0.0,0.0,1.0,4.0,1.0,4348631180.0,6488147.0,梧州市苍梧县,梧州市苍梧县岭脚镇,20.0,19.0,0.0,0.6,39.6,36.47777777777778,44.18636363636364,38.14581005586592
广西壮族自治区,梧州市,苍梧县,京南镇,111.0430308,23.7183649,0.0,0.0,9.0,5.0,7.0,1.0,0.0,0.0,0.0,0.0,0.0,0.0,0.0,0.0,0.0,0.0,0.0,0.0,0.0,0.0,2.0,0.0,0.0,0.0,0.0,4.0,0.0,0.0,0.0,0.0,0.0,0.0,0.0,3.0,6.0,3.0,0.0,0.0,5.0,2.0,2.0,0.0,0.0,0.0,0.0,0.0,0.0,0.0,0.0,0.0,0.0,0.0,0.0,0.0,0.0,0.0,0.0,0.0,0.0,0.0,0.0,2.0,0.0,0.0,0.0,0.0,0.0,0.0,0.0,3.0,5.0,1.0,4348631179.0,6488171.0,梧州市苍梧县,梧州市苍梧县京南镇,19.0,15.0,0.0,1.5,35.5,36.47777777777778,44.18636363636364,38.14581005586592
广西壮族自治区,梧州市,苍梧县,狮寨镇,111.1319037,23.8156872,4.0,0.0,8.0,0.0,11.0,0.0,0.0,0.0,0.0,0.0,0.0,0.0,1.0,1.0,2.0,2.0,0.0,0.0,0.0,0.0,2.0,0.0,0.0,0.0,0.0,1.0,0.0,0.0,0.0,0.0,1.0,0.0,0.0,5.0,7.0,2.0,2.0,0.0,8.0,0.0,8.0,0.0,0.0,0.0,0.0,0.0,0.0,0.0,1.0,1.0,2.0,2.0,0.0,0.0,0.0,0.0,2.0,0.0,0.0,0.0,0.0,1.0,0.0,0.0,0.0,0.0,1.0,0.0,0.0,4.0,6.0,2.0,4348652298.0,-1.0,梧州市苍梧县,梧州市苍梧县狮寨镇,8.0,13.1,10.0,1.0,32.1,36.47777777777778,44.18636363636364,38.14581005586592
广西壮族自治区,梧州市,苍梧县,旺甫镇,111.3520546,23.5558892,13.0,0.0,39.0,16.0,39.0,12.0,0.0,0.0,0.0,0.0,0.0,0.0,0.0,0.0,1.0,1.0,0.0,0.0,0.0,0.0,9.0,0.0,8.0,0.0,9.0,5.0,2.0,0.0,0.0,0.0,0.0,0.0,0.0,6.0,13.0,9.0,3.0,0.0,14.0,6.0,18.0,6.0,0.0,0.0,0.0,0.0,0.0,0.0,0.0,0.0,0.0,0.0,0.0,0.0,0.0,0.0,5.0,0.0,4.0,0.0,0.0,1.0,1.0,0.0,0.0,0.0,0.0,0.0,0.0,5.0,6.0,4.0,5128991102.0,-1.0,梧州市苍梧县,梧州市苍梧县旺甫镇,12.0,24.0,0.0,4.3,40.3,36.47777777777778,44.18636363636364,38.14581005586592
广西壮族自治区,梧州市,苍梧县,六堡镇,111.3728704,23.8143558,6.0,0.0,2.0,10.0,12.0,0.0,0.0,1.0,0.0,0.0,0.0,0.0,0.0,0.0,0.0,0.0,0.0,0.0,0.0,0.0,12.0,0.0,0.0,0.0,0.0,5.0,2.0,0.0,0.0,0.0,0.0,0.0,0.0,3.0,10.0,2.0,3.0,0.0,1.0,10.0,3.0,0.0,0.0,0.0,0.0,0.0,0.0,0.0,0.0,0.0,0.0,0.0,0.0,0.0,0.0,0.0,6.0,0.0,0.0,0.0,0.0,2.0,2.0,0.0,0.0,0.0,0.0,0.0,0.0,3.0,4.0,2.0,1639580020.0,-1.0,梧州市苍梧县,梧州市苍梧县六堡镇,12.0,17.3,0.0,1.4,30.7,36.47777777777778,44.18636363636364,38.14581005586592
广西壮族自治区,梧州市,苍梧县,木双镇,111.5542076,23.6519244,0.0,1.0,4.0,2.0,17.0,1.0,0.0,0.0,0.0,0.0,0.0,0.0,0.0,0.0,0.0,0.0,0.0,0.0,0.0,0.0,12.0,1.0,0.0,0.0,0.0,13.0,0.0,0.0,0.0,1.0,0.0,0.0,0.0,8.0,7.0,6.0,0.0,1.0,4.0,0.0,10.0,1.0,0.0,0.0,0.0,0.0,0.0,0.0,0.0,0.0,0.0,0.0,0.0,0.0,0.0,0.0,5.0,1.0,0.0,0.0,0.0,2.0,0.0,0.0,0.0,1.0,0.0,0.0,0.0,8.0,5.0,5.0,1640169011.0,-1.0,梧州市苍梧县,梧州市苍梧县木双镇,12.0,16.9,0.0,3.2,32.1,36.47777777777778,44.18636363636364,38.14581005586592
广西壮族自治区,梧州市,藤县,藤州镇,110.9192115,23.3991674,7.0,10.0,6.0,26.0,138.0,2.0,0.0,5.0,0.0,0.0,0.0,0.0,1.0,1.0,1.0,1.0,0.0,0.0,0.0,1.0,7.0,1.0,0.0,0.0,0.0,4.0,0.0,0.0,0.0,0.0,0.0,3.0,1.0,5.0,9.0,6.0,3.0,0.0,1.0,3.0,4.0,0.0,0.0,0.0,0.0,0.0,0.0,0.0,0.0,0.0,0.0,0.0,0.0,0.0,0.0,0.0,4.0,1.0,0.0,0.0,0.0,2.0,0.0,0.0,0.0,0.0,0.0,0.0,0.0,1.0,5.0,3.0,1005906557.0,-1.0,梧州市藤县,梧州市藤县藤州镇,11.0,24.0,0.0,3.0,38.0,29.629411764705882,44.18636363636364,38.14581005586592
广西壮族自治区,梧州市,藤县,塘步镇,111.040492,23.3545006,2.0,6.0,0.0,6.0,30.0,2.0,0.0,1.0,0.0,0.0,0.0,0.0,0.0,0.0,1.0,1.0,0.0,0.0,0.0,0.0,1.0,0.0,1.0,0.0,0.0,3.0,15.0,0.0,0.0,1.0,0.0,0.0,0.0,3.0,11.0,7.0,2.0,0.0,0.0,1.0,9.0,0.0,0.0,0.0,0.0,0.0,0.0,0.0,0.0,0.0,1.0,1.0,0.0,0.0,0.0,0.0,1.0,0.0,0.0,0.0,0.0,1.0,11.0,0.0,0.0,1.0,0.0,0.0,0.0,2.0,4.0,3.0,4860590444.0,-1.0,梧州市藤县,梧州市藤县塘步镇,10.0,22.7,5.0,6.300000000000001,44.0,29.629411764705882,44.18636363636364,38.14581005586592
广西壮族自治区,梧州市,藤县,埌南镇,111.0958069,23.2644051,0.0,0.0,5.0,4.0,22.0,1.0,0.0,0.0,0.0,0.0,1.0,0.0,0.0,0.0,0.0,0.0,0.0,0.0,0.0,0.0,5.0,0.0,0.0,0.0,0.0,10.0,0.0,0.0,0.0,2.0,0.0,0.0,0.0,1.0,5.0,6.0,0.0,0.0,3.0,2.0,14.0,1.0,0.0,0.0,0.0,0.0,1.0,0.0,0.0,0.0,0.0,0.0,0.0,0.0,0.0,0.0,3.0,0.0,0.0,0.0,0.0,6.0,0.0,0.0,0.0,2.0,0.0,0.0,0.0,1.0,5.0,4.0,4860590358.0,-1.0,梧州市藤县,梧州市藤县埌南镇,12.0,22.1,0.0,3.4,37.5,29.629411764705882,44.18636363636364,38.14581005586592
广西壮族自治区,梧州市,藤县,同心镇,111.000014,23.2036989,0.0,0.0,3.0,6.0,15.0,0.0,0.0,0.0,0.0,0.0,0.0,0.0,0.0,0.0,0.0,0.0,0.0,0.0,0.0,0.0,0.0,0.0,0.0,0.0,0.0,6.0,0.0,0.0,0.0,0.0,0.0,0.0,0.0,1.0,4.0,0.0,0.0,0.0,2.0,3.0,14.0,0.0,0.0,0.0,0.0,0.0,0.0,0.0,0.0,0.0,0.0,0.0,0.0,0.0,0.0,0.0,0.0,0.0,0.0,0.0,0.0,3.0,0.0,0.0,0.0,0.0,0.0,0.0,0.0,1.0,4.0,0.0,3152395401.0,-1.0,梧州市藤县,梧州市藤县同心镇,12.0,19.2,0.0,0.0,31.2,29.629411764705882,44.18636363636364,38.14581005586592
广西壮族自治区,梧州市,藤县,金鸡镇,110.8172713,23.2304105,0.0,1.0,1.0,1.0,8.0,0.0,0.0,0.0,0.0,0.0,0.0,0.0,0.0,0.0,0.0,0.0,0.0,0.0,0.0,0.0,1.0,0.0,0.0,0.0,0.0,1.0,0.0,0.0,0.0,0.0,0.0,0.0,0.0,4.0,8.0,3.0,0.0,0.0,1.0,1.0,8.0,0.0,0.0,0.0,0.0,0.0,0.0,0.0,0.0,0.0,0.0,0.0,0.0,0.0,0.0,0.0,1.0,0.0,0.0,0.0,0.0,1.0,0.0,0.0,0.0,0.0,0.0,0.0,0.0,3.0,4.0,3.0,3152395412.0,-1.0,梧州市藤县,梧州市藤县金鸡镇,8.0,14.0,0.0,1.5,23.5,29.629411764705882,44.18636363636364,38.14581005586592
广西壮族自治区,梧州市,藤县,新庆镇,110.7429995,23.2686154,0.0,0.0,2.0,3.0,3.0,0.0,0.0,0.0,0.0,0.0,0.0,0.0,0.0,0.0,0.0,0.0,0.0,0.0,0.0,0.0,1.0,0.0,0.0,0.0,0.0,1.0,0.0,0.0,0.0,0.0,0.0,0.0,0.0,2.0,6.0,2.0,0.0,0.0,0.0,1.0,1.0,0.0,0.0,0.0,0.0,0.0,0.0,0.0,0.0,0.0,0.0,0.0,0.0,0.0,0.0,0.0,1.0,0.0,0.0,0.0,0.0,1.0,0.0,0.0,0.0,0.0,0.0,0.0,0.0,2.0,3.0,2.0,3152395406.0,-1.0,梧州市藤县,梧州市藤县新庆镇,8.0,11.9,0.0,1.0,20.9,29.629411764705882,44.18636363636364,38.14581005586592
广西壮族自治区,梧州市,藤县,象棋镇,110.7334997,23.1705084,0.0,6.0,0.0,1.0,42.0,0.0,0.0,0.0,0.0,0.0,0.0,0.0,0.0,0.0,0.0,0.0,0.0,0.0,0.0,0.0,4.0,0.0,0.0,0.0,0.0,1.0,0.0,0.0,0.0,0.0,0.0,0.0,0.0,3.0,7.0,3.0,0.0,5.0,0.0,0.0,30.0,0.0,0.0,0.0,0.0,0.0,0.0,0.0,0.0,0.0,0.0,0.0,0.0,0.0,0.0,0.0,3.0,0.0,0.0,0.0,0.0,1.0,0.0,0.0,0.0,0.0,0.0,0.0,0.0,3.0,6.0,3.0,7890692526.0,-1.0,梧州市藤县,梧州市藤县象棋镇,8.0,23.5,0.0,1.5,33.0,29.629411764705882,44.18636363636364,38.14581005586592
广西壮族自治区,梧州市,藤县,岭景镇,110.6440577,23.1455032,0.0,4.0,2.0,0.0,7.0,1.0,0.0,0.0,0.0,0.0,1.0,0.0,0.0,0.0,0.0,0.0,0.0,0.0,0.0,0.0,2.0,0.0,0.0,0.0,0.0,4.0,0.0,0.0,0.0,0.0,0.0,0.0,0.0,6.0,5.0,2.0,0.0,2.0,0.0,0.0,7.0,1.0,0.0,0.0,0.0,0.0,1.0,0.0,0.0,0.0,0.0,0.0,0.0,0.0,0.0,0.0,2.0,0.0,0.0,0.0,0.0,4.0,0.0,0.0,0.0,0.0,0.0,0.0,0.0,2.0,4.0,2.0,3152395404.0,-1.0,梧州市藤县,梧州市藤县岭景镇,11.0,13.0,0.0,1.0,25.0,29.629411764705882,44.18636363636364,38.14581005586592
广西壮族自治区,梧州市,藤县,天平镇,110.7149273,23.382464,3.0,0.0,1.0,4.0,1.0,0.0,0.0,0.0,0.0,0.0,0.0,0.0,0.0,0.0,0.0,0.0,0.0,0.0,0.0,0.0,0.0,0.0,0.0,0.0,0.0,2.0,0.0,0.0,0.0,0.0,0.0,0.0,0.0,3.0,5.0,2.0,2.0,0.0,0.0,3.0,0.0,0.0,0.0,0.0,0.0,0.0,0.0,0.0,0.0,0.0,0.0,0.0,0.0,0.0,0.0,0.0,0.0,0.0,0.0,0.0,0.0,1.0,0.0,0.0,0.0,0.0,0.0,0.0,0.0,2.0,3.0,1.0,3152395402.0,-1.0,梧州市藤县,梧州市藤县天平镇,9.0,11.7,0.0,1.0,21.7,29.629411764705882,44.18636363636364,38.14581005586592
广西壮族自治区,梧州市,藤县,濛江镇,110.7400048,23.4691842,4.0,0.0,7.0,1.0,30.0,0.0,0.0,1.0,0.0,0.0,0.0,0.0,0.0,0.0,0.0,0.0,0.0,0.0,0.0,0.0,3.0,0.0,1.0,0.0,0.0,10.0,0.0,0.0,0.0,0.0,0.0,16.0,0.0,4.0,6.0,6.0,0.0,0.0,4.0,0.0,19.0,0.0,0.0,0.0,0.0,0.0,0.0,0.0,0.0,0.0,0.0,0.0,0.0,0.0,0.0,0.0,2.0,0.0,0.0,0.0,0.0,3.0,0.0,0.0,0.0,0.0,0.0,6.0,0.0,4.0,2.0,4.0,4860589455.0,-1.0,梧州市藤县,梧州市藤县濛江镇,12.0,20.7,0.0,3.0,35.7,29.629411764705882,44.18636363636364,38.14581005586592
广西壮族自治区,梧州市,藤县,和平镇,110.6518154,23.5388852,0.0,0.0,5.0,5.0,27.0,0.0,0.0,2.0,0.0,0.0,0.0,0.0,0.0,0.0,0.0,0.0,0.0,0.0,0.0,0.0,2.0,0.0,1.0,0.0,0.0,12.0,0.0,0.0,0.0,0.0,0.0,0.0,0.0,2.0,5.0,4.0,0.0,0.0,3.0,1.0,20.0,0.0,0.0,0.0,0.0,0.0,0.0,0.0,0.0,0.0,0.0,0.0,0.0,0.0,0.0,0.0,2.0,0.0,0.0,0.0,0.0,3.0,0.0,0.0,0.0,0.0,0.0,0.0,0.0,2.0,4.0,3.0,4860589481.0,-1.0,梧州市藤县,梧州市藤县和平镇,12.0,22.5,0.0,2.0,36.5,29.629411764705882,44.18636363636364,38.14581005586592
广西壮族自治区,梧州市,藤县,太平镇,110.690556,23.658611,4.0,1.0,7.0,7.0,55.0,4.0,0.0,0.0,0.0,0.0,0.0,0.0,0.0,0.0,0.0,0.0,0.0,0.0,0.0,0.0,1.0,0.0,2.0,0.0,0.0,4.0,0.0,0.0,0.0,0.0,0.0,0.0,0.0,2.0,8.0,6.0,0.0,0.0,3.0,1.0,50.0,0.0,0.0,0.0,0.0,0.0,0.0,0.0,0.0,0.0,0.0,0.0,0.0,0.0,0.0,0.0,1.0,0.0,0.0,0.0,0.0,1.0,0.0,0.0,0.0,0.0,0.0,0.0,0.0,2.0,4.0,4.0,4559812829.0,-1.0,梧州市藤县,梧州市藤县太平镇,11.0,24.0,0.0,3.0,38.0,29.629411764705882,44.18636363636364,38.14581005586592
广西壮族自治区,梧州市,藤县,古龙镇,110.8880619,23.658521,0.0,2.0,1.0,7.0,10.0,4.0,0.0,1.0,0.0,0.0,0.0,0.0,0.0,0.0,2.0,2.0,0.0,0.0,0.0,0.0,1.0,0.0,0.0,0.0,0.0,6.0,0.0,0.0,0.0,0.0,0.0,0.0,0.0,1.0,7.0,3.0,0.0,0.0,1.0,4.0,5.0,3.0,0.0,0.0,0.0,0.0,0.0,0.0,0.0,0.0,1.0,1.0,0.0,0.0,0.0,0.0,0.0,0.0,0.0,0.0,0.0,4.0,0.0,0.0,0.0,0.0,0.0,0.0,0.0,1.0,4.0,0.0,4560053709.0,-1.0,梧州市藤县,梧州市藤县古龙镇,12.0,17.0,5.0,1.5,35.5,29.629411764705882,44.18636363636364,38.14581005586592
广西壮族自治区,梧州市,藤县,东荣镇,110.6457851,23.7631946,2.0,0.0,3.0,0.0,0.0,0.0,0.0,0.0,0.0,0.0,0.0,0.0,0.0,0.0,0.0,0.0,0.0,0.0,0.0,0.0,4.0,0.0,0.0,0.0,0.0,1.0,0.0,0.0,0.0,0.0,0.0,0.0,0.0,2.0,3.0,3.0,2.0,0.0,3.0,0.0,0.0,0.0,0.0,0.0,0.0,0.0,0.0,0.0,0.0,0.0,0.0,0.0,0.0,0.0,0.0,0.0,3.0,0.0,0.0,0.0,0.0,1.0,0.0,0.0,0.0,0.0,0.0,0.0,0.0,2.0,3.0,3.0,4560053708.0,-1.0,梧州市藤县,梧州市藤县东荣镇,8.0,6.5,0.0,1.5,16.0,29.629411764705882,44.18636363636364,38.14581005586592
广西壮族自治区,梧州市,藤县,大黎镇,110.5483738,23.8933733,0.0,0.0,3.0,0.0,15.0,1.0,0.0,0.0,0.0,0.0,0.0,0.0,0.0,0.0,0.0,0.0,0.0,0.0,0.0,0.0,2.0,0.0,1.0,0.0,0.0,3.0,0.0,0.0,0.0,0.0,0.0,0.0,0.0,5.0,4.0,5.0,0.0,0.0,3.0,0.0,7.0,1.0,0.0,0.0,0.0,0.0,0.0,0.0,0.0,0.0,0.0,0.0,0.0,0.0,0.0,0.0,2.0,0.0,1.0,0.0,0.0,1.0,0.0,0.0,0.0,0.0,0.0,0.0,0.0,2.0,4.0,3.0,4560053707.0,-1.0,梧州市藤县,梧州市藤县大黎镇,10.0,12.1,0.0,2.5,24.6,29.629411764705882,44.18636363636364,38.14581005586592
广西壮族自治区,梧州市,藤县,平福乡,110.7496485,23.7858893,0.0,0.0,3.0,4.0,1.0,0.0,0.0,0.0,0.0,0.0,0.0,0.0,0.0,0.0,0.0,0.0,0.0,0.0,0.0,0.0,2.0,0.0,0.0,0.0,0.0,2.0,0.0,0.0,0.0,0.0,0.0,0.0,0.0,2.0,3.0,2.0,0.0,0.0,3.0,4.0,1.0,0.0,0.0,0.0,0.0,0.0,0.0,0.0,0.0,0.0,0.0,0.0,0.0,0.0,0.0,0.0,2.0,0.0,0.0,0.0,0.0,1.0,0.0,0.0,0.0,0.0,0.0,0.0,0.0,2.0,3.0,2.0,4560053710.0,-1.0,梧州市藤县,梧州市藤县平福乡,9.0,11.0,0.0,1.0,21.0,29.629411764705882,44.18636363636364,38.14581005586592
广西壮族自治区,梧州市,藤县,宁康乡,110.4026393,23.8874608,0.0,0.0,3.0,0.0,12.0,0.0,0.0,0.0,0.0,0.0,0.0,0.0,0.0,0.0,0.0,0.0,0.0,0.0,0.0,0.0,2.0,0.0,0.0,0.0,0.0,2.0,0.0,0.0,0.0,0.0,0.0,0.0,0.0,8.0,5.0,3.0,0.0,0.0,3.0,0.0,4.0,0.0,0.0,0.0,0.0,0.0,0.0,0.0,0.0,0.0,0.0,0.0,0.0,0.0,0.0,0.0,2.0,0.0,0.0,0.0,0.0,1.0,0.0,0.0,0.0,0.0,0.0,0.0,0.0,3.0,5.0,3.0,7890692531.0,-1.0,梧州市藤县,梧州市藤县宁康乡,9.0,11.100000000000001,0.0,1.5,21.6,29.629411764705882,44.18636363636364,38.14581005586592
广西壮族自治区,梧州市,蒙山县,蒙山镇,110.5203687,24.2019381,5.0,5.0,29.0,23.0,124.0,6.0,0.0,11.0,2.0,1.0,1.0,1.0,0.0,0.0,4.0,4.0,0.0,0.0,0.0,1.0,1.0,1.0,0.0,0.0,0.0,3.0,323.0,0.0,0.0,0.0,0.0,5.0,1.0,5.0,14.0,9.0,2.0,0.0,18.0,15.0,104.0,4.0,0.0,11.0,1.0,1.0,0.0,1.0,0.0,0.0,4.0,4.0,0.0,0.0,0.0,1.0,0.0,1.0,0.0,0.0,0.0,3.0,292.0,0.0,0.0,0.0,0.0,4.0,1.0,4.0,9.0,7.0,7880484632.0,-1.0,梧州市蒙山县,梧州市蒙山县蒙山镇,10.0,30.0,11.0,20.0,71.0,45.266666666666666,44.18636363636364,38.14581005586592
广西壮族自治区,梧州市,蒙山县,西河镇,110.5182685,24.1931781,5.0,5.0,27.0,19.0,121.0,6.0,0.0,11.0,2.0,1.0,1.0,1.0,0.0,0.0,4.0,4.0,0.0,0.0,0.0,1.0,1.0,1.0,0.0,0.0,0.0,3.0,322.0,0.0,0.0,0.0,0.0,5.0,1.0,5.0,14.0,9.0,2.0,0.0,7.0,9.0,53.0,3.0,0.0,2.0,1.0,1.0,0.0,1.0,0.0,0.0,1.0,1.0,0.0,0.0,0.0,0.0,0.0,0.0,0.0,0.0,0.0,3.0,76.0,0.0,0.0,0.0,0.0,2.0,0.0,4.0,8.0,3.0,5128643048.0,-1.0,梧州市蒙山县,梧州市蒙山县西河镇,10.0,30.0,10.0,20.0,70.0,45.266666666666666,44.18636363636364,38.14581005586592
广西壮族自治区,梧州市,蒙山县,新圩镇,110.4291341,24.2675413,6.0,0.0,0.0,8.0,87.0,2.0,0.0,0.0,0.0,0.0,1.0,0.0,0.0,0.0,0.0,0.0,0.0,0.0,0.0,0.0,2.0,0.0,3.0,0.0,0.0,1.0,0.0,0.0,0.0,0.0,0.0,0.0,0.0,4.0,9.0,5.0,4.0,0.0,0.0,4.0,7.0,1.0,0.0,0.0,0.0,0.0,1.0,0.0,0.0,0.0,0.0,0.0,0.0,0.0,0.0,0.0,2.0,0.0,2.0,0.0,0.0,1.0,0.0,0.0,0.0,0.0,0.0,0.0,0.0,4.0,6.0,4.0,5128272541.0,-1.0,梧州市蒙山县,梧州市蒙山县新圩镇,8.0,26.0,0.0,2.5,36.5,45.266666666666666,44.18636363636364,38.14581005586592
广西壮族自治区,梧州市,蒙山县,文圩镇,110.5067539,24.1176542,0.0,0.0,3.0,4.0,8.0,0.0,0.0,0.0,0.0,0.0,0.0,0.0,0.0,0.0,0.0,0.0,0.0,0.0,0.0,0.0,1.0,0.0,0.0,0.0,0.0,10.0,0.0,0.0,0.0,0.0,0.0,0.0,0.0,3.0,8.0,3.0,0.0,0.0,3.0,4.0,8.0,0.0,0.0,0.0,0.0,0.0,0.0,0.0,0.0,0.0,0.0,0.0,0.0,0.0,0.0,0.0,1.0,0.0,0.0,0.0,0.0,2.0,0.0,0.0,0.0,0.0,0.0,0.0,0.0,3.0,6.0,2.0,5070622880.0,-1.0,梧州市蒙山县,梧州市蒙山县文圩镇,12.0,17.0,0.0,1.5,30.5,45.266666666666666,44.18636363636364,38.14581005586592
广西壮族自治区,梧州市,蒙山县,黄村镇,110.6107457,24.073655,11.0,0.0,0.0,3.0,13.0,1.0,0.0,0.0,0.0,0.0,1.0,0.0,0.0,0.0,0.0,0.0,0.0,0.0,0.0,1.0,1.0,0.0,0.0,0.0,0.0,4.0,0.0,0.0,0.0,0.0,0.0,0.0,1.0,3.0,5.0,5.0,11.0,0.0,0.0,3.0,12.0,1.0,0.0,0.0,0.0,0.0,1.0,0.0,0.0,0.0,0.0,0.0,0.0,0.0,0.0,1.0,1.0,0.0,0.0,0.0,0.0,2.0,0.0,0.0,0.0,0.0,0.0,0.0,1.0,3.0,5.0,4.0,4957791632.0,11597893.0,梧州市蒙山县,梧州市蒙山县黄村镇,19.0,18.7,1.0,2.5,41.2,45.266666666666666,44.18636363636364,38.14581005586592
广西壮族自治区,梧州市,蒙山县,陈塘镇,110.6713895,23.8973209,2.0,0.0,0.0,3.0,18.0,0.0,0.0,0.0,0.0,0.0,0.0,0.0,0.0,0.0,0.0,0.0,0.0,0.0,0.0,0.0,6.0,0.0,0.0,0.0,0.0,2.0,0.0,0.0,0.0,0.0,0.0,0.0,0.0,4.0,4.0,4.0,1.0,0.0,0.0,3.0,18.0,0.0,0.0,0.0,0.0,0.0,0.0,0.0,0.0,0.0,0.0,0.0,0.0,0.0,0.0,0.0,6.0,0.0,0.0,0.0,0.0,2.0,0.0,0.0,0.0,0.0,0.0,0.0,0.0,2.0,4.0,3.0,4560053706.0,11597896.0,梧州市蒙山县,梧州市蒙山县陈塘镇,17.0,19.0,0.0,2.0,38.0,45.266666666666666,44.18636363636364,38.14581005586592
广西壮族自治区,梧州市,蒙山县,汉豪乡,110.618878,23.9714275,1.0,0.0,0.0,2.0,30.0,0.0,0.0,0.0,0.0,0.0,0.0,0.0,0.0,0.0,0.0,0.0,0.0,0.0,0.0,0.0,2.0,0.0,0.0,0.0,0.0,3.0,0.0,0.0,0.0,0.0,0.0,0.0,0.0,3.0,4.0,4.0,1.0,0.0,0.0,1.0,14.0,0.0,0.0,0.0,0.0,0.0,0.0,0.0,0.0,0.0,0.0,0.0,0.0,0.0,0.0,0.0,2.0,0.0,0.0,0.0,0.0,1.0,0.0,0.0,0.0,0.0,0.0,0.0,0.0,2.0,4.0,3.0,5128778787.0,11597895.0,梧州市蒙山县,梧州市蒙山县汉豪乡,18.0,19.2,0.0,2.0,39.2,45.266666666666666,44.18636363636364,38.14581005586592
广西壮族自治区,梧州市,蒙山县,长坪瑶族乡,110.5339788,24.2881215,0.0,0.0,6.0,3.0,16.0,0.0,0.0,0.0,0.0,0.0,0.0,0.0,0.0,0.0,0.0,0.0,0.0,0.0,0.0,0.0,6.0,0.0,0.0,0.0,0.0,3.0,0.0,0.0,0.0,0.0,0.0,0.0,0.0,2.0,5.0,4.0,0.0,0.0,3.0,0.0,11.0,0.0,0.0,0.0,0.0,0.0,0.0,0.0,0.0,0.0,0.0,0.0,0.0,0.0,0.0,0.0,4.0,0.0,0.0,0.0,0.0,2.0,0.0,0.0,0.0,0.0,0.0,0.0,0.0,2.0,3.0,2.0,5128643042.0,11597892.0,梧州市蒙山县,梧州市蒙山县长坪瑶族乡,18.0,17.0,0.0,2.0,37.0,45.266666666666666,44.18636363636364,38.14581005586592
广西壮族自治区,梧州市,蒙山县,夏宜瑶族乡,110.4072791,24.0814026,0.0,0.0,5.0,8.0,29.0,0.0,0.0,0.0,0.0,0.0,0.0,0.0,0.0,0.0,0.0,0.0,0.0,0.0,0.0,0.0,21.0,0.0,0.0,0.0,0.0,7.0,0.0,0.0,0.0,0.0,0.0,0.0,0.0,6.0,5.0,3.0,0.0,0.0,4.0,5.0,17.0,0.0,0.0,0.0,0.0,0.0,0.0,0.0,0.0,0.0,0.0,0.0,0.0,0.0,0.0,0.0,16.0,0.0,0.0,0.0,0.0,2.0,0.0,0.0,0.0,0.0,0.0,0.0,0.0,2.0,4.0,2.0,5128691874.0,11597894.0,梧州市蒙山县,梧州市蒙山县夏宜瑶族乡,20.0,22.5,0.0,1.5,44.0,45.266666666666666,44.18636363636364,38.14581005586592
广西壮族自治区,梧州市,岑溪市,岑城镇,110.9954753,22.9191033,19.0,26.0,24.0,44.0,130.0,14.0,0.0,8.0,0.0,0.0,1.0,0.0,1.0,1.0,5.0,5.0,0.0,0.0,0.0,0.0,18.0,0.0,3.0,0.0,0.0,6.0,27.0,0.0,0.0,2.0,1.0,4.0,4.0,8.0,15.0,8.0,4.0,13.0,6.0,19.0,87.0,11.0,0.0,1.0,0.0,0.0,0.0,0.0,1.0,1.0,4.0,4.0,0.0,0.0,0.0,0.0,5.0,0.0,0.0,0.0,0.0,3.0,2.0,0.0,0.0,0.0,0.0,2.0,0.0,4.0,9.0,4.0,732468627.0,-1.0,梧州市岑溪市,梧州市岑溪市岑城镇,12.0,26.0,10.0,7.1,55.1,37.5,44.18636363636364,38.14581005586592
广西壮族自治区,梧州市,岑溪市,马路镇,110.8971768,22.9016684,23.0,1.0,0.0,4.0,33.0,1.0,0.0,0.0,1.0,0.0,0.0,0.0,0.0,0.0,0.0,0.0,0.0,0.0,0.0,0.0,4.0,0.0,8.0,0.0,0.0,7.0,1.0,0.0,0.0,0.0,0.0,2.0,0.0,7.0,11.0,6.0,3.0,0.0,0.0,2.0,7.0,0.0,0.0,0.0,0.0,0.0,0.0,0.0,0.0,0.0,0.0,0.0,0.0,0.0,0.0,0.0,3.0,0.0,0.0,0.0,0.0,2.0,0.0,0.0,0.0,0.0,0.0,2.0,0.0,3.0,7.0,3.0,3152452248.0,-1.0,梧州市岑溪市,梧州市岑溪市马路镇,12.0,23.700000000000003,0.0,3.1,38.800000000000004,37.5,44.18636363636364,38.14581005586592
广西壮族自治区,梧州市,岑溪市,南渡镇,110.8291673,22.8539757,1.0,8.0,0.0,16.0,7.0,1.0,0.0,0.0,0.0,0.0,1.0,0.0,0.0,0.0,0.0,0.0,0.0,0.0,0.0,0.0,5.0,0.0,1.0,0.0,0.0,5.0,0.0,0.0,0.0,0.0,0.0,0.0,0.0,5.0,5.0,4.0,1.0,7.0,0.0,9.0,6.0,1.0,0.0,0.0,0.0,0.0,1.0,0.0,0.0,0.0,0.0,0.0,0.0,0.0,0.0,0.0,5.0,0.0,0.0,0.0,0.0,1.0,0.0,0.0,0.0,0.0,0.0,0.0,0.0,3.0,5.0,2.0,3152448801.0,-1.0,梧州市岑溪市,梧州市岑溪市南渡镇,12.0,17.7,0.0,2.0,31.7,37.5,44.18636363636364,38.14581005586592
广西壮族自治区,梧州市,岑溪市,水汶镇,110.9824625,22.6844997,3.0,17.0,4.0,7.0,30.0,0.0,0.0,0.0,0.0,0.0,0.0,0.0,0.0,0.0,0.0,0.0,0.0,0.0,0.0,0.0,3.0,0.0,0.0,0.0,0.0,4.0,0.0,0.0,0.0,1.0,0.0,0.0,0.0,5.0,9.0,2.0,3.0,10.0,1.0,2.0,28.0,0.0,0.0,0.0,0.0,0.0,0.0,0.0,0.0,0.0,0.0,0.0,0.0,0.0,0.0,0.0,3.0,0.0,0.0,0.0,0.0,1.0,0.0,0.0,0.0,0.0,0.0,0.0,0.0,5.0,7.0,2.0,3152448803.0,-1.0,梧州市岑溪市,梧州市岑溪市水汶镇,11.0,24.0,0.0,1.1,36.1,37.5,44.18636363636364,38.14581005586592
广西壮族自治区,梧州市,岑溪市,大隆镇,110.9998405,22.7648014,4.0,1.0,7.0,1.0,18.0,8.0,0.0,0.0,0.0,0.0,3.0,0.0,0.0,0.0,0.0,0.0,0.0,0.0,0.0,0.0,5.0,0.0,0.0,0.0,0.0,3.0,0.0,0.0,0.0,0.0,0.0,0.0,0.0,3.0,11.0,3.0,4.0,1.0,3.0,0.0,6.0,8.0,0.0,0.0,0.0,0.0,2.0,0.0,0.0,0.0,0.0,0.0,0.0,0.0,0.0,0.0,4.0,0.0,0.0,0.0,0.0,2.0,0.0,0.0,0.0,0.0,0.0,0.0,0.0,3.0,7.0,3.0,3152448802.0,-1.0,梧州市岑溪市,梧州市岑溪市大隆镇,10.0,17.4,0.0,1.5,28.9,37.5,44.18636363636364,38.14581005586592
广西壮族自治区,梧州市,岑溪市,梨木镇,111.1183836,22.79865,0.0,2.0,0.0,7.0,7.0,1.0,0.0,0.0,0.0,0.0,0.0,0.0,0.0,0.0,0.0,0.0,0.0,0.0,0.0,0.0,6.0,0.0,2.0,0.0,0.0,4.0,0.0,0.0,0.0,0.0,0.0,0.0,0.0,1.0,5.0,3.0,0.0,2.0,0.0,5.0,6.0,1.0,0.0,0.0,0.0,0.0,0.0,0.0,0.0,0.0,0.0,0.0,0.0,0.0,0.0,0.0,5.0,0.0,0.0,0.0,0.0,1.0,0.0,0.0,0.0,0.0,0.0,0.0,0.0,1.0,4.0,2.0,7894688423.0,-1.0,梧州市岑溪市,梧州市岑溪市梨木镇,11.0,15.7,0.0,1.5,28.2,37.5,44.18636363636364,38.14581005586592
广西壮族自治区,梧州市,岑溪市,大业镇,111.1921624,22.9042284,1.0,5.0,5.0,9.0,10.0,0.0,0.0,0.0,0.0,0.0,0.0,0.0,0.0,0.0,0.0,0.0,0.0,0.0,0.0,0.0,5.0,0.0,1.0,0.0,0.0,4.0,0.0,0.0,0.0,0.0,0.0,0.0,0.0,3.0,8.0,4.0,1.0,1.0,5.0,8.0,7.0,0.0,0.0,0.0,0.0,0.0,0.0,0.0,0.0,0.0,0.0,0.0,0.0,0.0,0.0,0.0,5.0,0.0,1.0,0.0,0.0,2.0,0.0,0.0,0.0,0.0,0.0,0.0,0.0,3.0,7.0,4.0,3918651099.0,-1.0,梧州市岑溪市,梧州市岑溪市大业镇,11.0,18.1,0.0,2.0,31.1,37.5,44.18636363636364,38.14581005586592
广西壮族自治区,梧州市,岑溪市,筋竹镇,111.2826839,22.9023488,2.0,0.0,1.0,8.0,39.0,0.0,0.0,0.0,0.0,0.0,0.0,0.0,0.0,0.0,0.0,0.0,0.0,0.0,0.0,0.0,1.0,0.0,0.0,0.0,0.0,2.0,0.0,0.0,0.0,0.0,0.0,0.0,0.0,3.0,8.0,1.0,2.0,0.0,0.0,4.0,25.0,0.0,0.0,0.0,0.0,0.0,0.0,0.0,0.0,0.0,0.0,0.0,0.0,0.0,0.0,0.0,1.0,0.0,0.0,0.0,0.0,1.0,0.0,0.0,0.0,0.0,0.0,0.0,0.0,2.0,4.0,1.0,3918651100.0,-1.0,梧州市岑溪市,梧州市岑溪市筋竹镇,9.0,24.0,0.0,0.5,33.5,37.5,44.18636363636364,38.14581005586592
广西壮族自治区,梧州市,岑溪市,诚谏镇,111.2359508,23.0178125,0.0,5.0,0.0,7.0,10.0,0.0,0.0,0.0,0.0,0.0,0.0,0.0,0.0,0.0,0.0,0.0,0.0,0.0,0.0,0.0,4.0,0.0,0.0,0.0,0.0,6.0,0.0,0.0,0.0,0.0,0.0,0.0,0.0,1.0,3.0,2.0,0.0,5.0,0.0,5.0,10.0,0.0,0.0,0.0,0.0,0.0,0.0,0.0,0.0,0.0,0.0,0.0,0.0,0.0,0.0,0.0,4.0,0.0,0.0,0.0,0.0,1.0,0.0,0.0,0.0,0.0,0.0,0.0,0.0,1.0,3.0,2.0,7894688421.0,-1.0,梧州市岑溪市,梧州市岑溪市诚谏镇,12.0,16.5,0.0,1.0,29.5,37.5,44.18636363636364,38.14581005586592
广西壮族自治区,梧州市,岑溪市,归义镇,111.0858175,22.9047397,7.0,0.0,0.0,24.0,11.0,3.0,0.0,0.0,0.0,0.0,0.0,0.0,0.0,0.0,0.0,0.0,0.0,0.0,0.0,0.0,2.0,0.0,1.0,0.0,0.0,9.0,31.0,0.0,0.0,0.0,0.0,0.0,0.0,4.0,10.0,4.0,3.0,0.0,0.0,4.0,4.0,0.0,0.0,0.0,0.0,0.0,0.0,0.0,0.0,0.0,0.0,0.0,0.0,0.0,0.0,0.0,2.0,0.0,1.0,0.0,0.0,1.0,6.0,0.0,0.0,0.0,0.0,0.0,0.0,2.0,5.0,4.0,3823905188.0,-1.0,梧州市岑溪市,梧州市岑溪市归义镇,12.0,17.4,0.0,5.7,35.1,37.5,44.18636363636364,38.14581005586592
广西壮族自治区,梧州市,岑溪市,糯垌镇,111.0481084,23.049176,3.0,3.0,0.0,8.0,17.0,0.0,0.0,0.0,1.0,0.0,0.0,0.0,0.0,0.0,0.0,0.0,0.0,0.0,0.0,0.0,3.0,0.0,0.0,0.0,0.0,5.0,0.0,0.0,0.0,0.0,0.0,0.0,0.0,5.0,8.0,2.0,1.0,3.0,0.0,3.0,16.0,0.0,0.0,0.0,0.0,0.0,0.0,0.0,0.0,0.0,0.0,0.0,0.0,0.0,0.0,0.0,2.0,0.0,0.0,0.0,0.0,1.0,0.0,0.0,0.0,0.0,0.0,0.0,0.0,5.0,7.0,2.0,3152395410.0,-1.0,梧州市岑溪市,梧州市岑溪市糯垌镇,12.0,24.2,0.0,1.0,37.2,37.5,44.18636363636364,38.14581005586592
广西壮族自治区,梧州市,岑溪市,安平镇,111.085476,23.1110965,1.0,0.0,1.0,3.0,41.0,25.0,0.0,1.0,0.0,0.0,0.0,0.0,0.0,0.0,2.0,2.0,0.0,0.0,0.0,0.0,3.0,0.0,0.0,0.0,0.0,9.0,115.0,0.0,0.0,0.0,0.0,2.0,0.0,5.0,8.0,4.0,1.0,0.0,1.0,3.0,32.0,22.0,0.0,1.0,0.0,0.0,0.0,0.0,0.0,0.0,2.0,2.0,0.0,0.0,0.0,0.0,2.0,0.0,0.0,0.0,0.0,3.0,115.0,0.0,0.0,0.0,0.0,2.0,0.0,4.0,8.0,4.0,3152395403.0,17871554.0,梧州市岑溪市,梧州市岑溪市安平镇,20.0,24.0,5.0,18.0,67.0,37.5,44.18636363636364,38.14581005586592
广西壮族自治区,梧州市,岑溪市,三堡镇,110.9169419,23.1099008,0.0,9.0,5.0,5.0,23.0,2.0,0.0,0.0,0.0,0.0,0.0,0.0,0.0,0.0,1.0,1.0,0.0,0.0,2.0,0.0,4.0,0.0,1.0,0.0,0.0,7.0,0.0,0.0,0.0,0.0,0.0,0.0,0.0,2.0,9.0,4.0,0.0,4.0,3.0,3.0,23.0,2.0,0.0,0.0,0.0,0.0,0.0,0.0,0.0,0.0,1.0,1.0,0.0,0.0,2.0,0.0,4.0,0.0,1.0,0.0,0.0,3.0,0.0,0.0,0.0,0.0,0.0,0.0,0.0,1.0,6.0,4.0,1005401906.0,-1.0,梧州市岑溪市,梧州市岑溪市三堡镇,12.0,24.0,7.0,2.0,45.0,37.5,44.18636363636364,38.14581005586592
广西壮族自治区,梧州市,岑溪市,波塘镇,110.8516708,23.0165335,0.0,8.0,0.0,1.0,20.0,0.0,0.0,0.0,0.0,0.0,0.0,0.0,0.0,0.0,0.0,0.0,0.0,0.0,0.0,0.0,4.0,0.0,0.0,0.0,0.0,2.0,1.0,0.0,0.0,0.0,0.0,0.0,0.0,2.0,4.0,2.0,0.0,5.0,0.0,1.0,19.0,0.0,0.0,0.0,0.0,0.0,0.0,0.0,0.0,0.0,0.0,0.0,0.0,0.0,0.0,0.0,4.0,0.0,0.0,0.0,0.0,1.0,0.0,0.0,0.0,0.0,0.0,0.0,0.0,2.0,4.0,2.0,3152395407.0,-1.0,梧州市岑溪市,梧州市岑溪市波塘镇,9.0,17.7,0.0,1.1,27.8,37.5,44.18636363636364,38.14581005586592
广西壮族自治区,北海市,海城区,中街街道,109.1158675,21.4796677,0.0,11.0,33.0,44.0,129.0,37.0,0.0,31.0,18.0,3.0,2.0,2.0,6.0,6.0,17.0,18.0,1.0,1.0,12.0,36.0,27.0,5.0,2.0,1.0,0.0,6.0,79.0,16.0,20.0,3.0,16.0,25.0,22.0,30.0,16.0,15.0,0.0,2.0,16.0,16.0,25.0,11.0,0.0,5.0,8.0,1.0,0.0,2.0,2.0,2.0,6.0,7.0,0.0,0.0,0.0,16.0,3.0,2.0,0.0,1.0,0.0,3.0,41.0,0.0,6.0,0.0,10.0,8.0,3.0,24.0,11.0,8.0,8008519081.0,7611271.0,北海市海城区,北海市海城区中街街道,20.0,30.0,21.0,16.3,87.3,77.925,46.056666666666665,38.14581005586592
广西壮族自治区,北海市,海城区,东街街道,109.1312312,21.4876544,0.0,9.0,34.0,44.0,129.0,26.0,0.0,52.0,15.0,2.0,1.0,2.0,4.0,4.0,13.0,14.0,0.0,0.0,5.0,27.0,18.0,4.0,1.0,1.0,1.0,5.0,71.0,0.0,10.0,3.0,14.0,20.0,16.0,26.0,15.0,16.0,0.0,2.0,11.0,7.0,10.0,0.0,0.0,13.0,0.0,0.0,0.0,0.0,2.0,2.0,1.0,1.0,0.0,0.0,0.0,2.0,2.0,2.0,0.0,0.0,0.0,1.0,6.0,0.0,0.0,2.0,1.0,5.0,8.0,5.0,7.0,7.0,8008519082.0,7611298.0,北海市海城区,北海市海城区东街街道,20.0,30.0,17.0,12.200000000000001,79.2,77.925,46.056666666666665,38.14581005586592
广西壮族自治区,北海市,海城区,西街街道,109.1006755,21.4667283,0.0,23.0,36.0,61.0,154.0,48.0,0.0,17.0,19.0,3.0,2.0,3.0,4.0,4.0,21.0,23.0,2.0,1.0,13.0,35.0,28.0,3.0,4.0,1.0,0.0,6.0,305.0,16.0,21.0,4.0,14.0,44.0,16.0,29.0,17.0,13.0,0.0,4.0,5.0,6.0,25.0,2.0,0.0,0.0,0.0,0.0,0.0,0.0,2.0,2.0,2.0,2.0,0.0,1.0,5.0,6.0,7.0,0.0,0.0,0.0,0.0,1.0,8.0,0.0,0.0,0.0,0.0,1.0,4.0,5.0,6.0,4.0,8008519079.0,7611310.0,北海市海城区,北海市海城区西街街道,20.0,30.0,25.0,20.0,95.0,77.925,46.056666666666665,38.14581005586592
广西壮族自治区,北海市,海城区,海角街道,109.0965556,21.4772716,0.0,12.0,34.0,43.0,125.0,34.0,0.0,14.0,14.0,1.0,2.0,3.0,4.0,4.0,19.0,21.0,3.0,1.0,13.0,32.0,17.0,3.0,5.0,1.0,0.0,6.0,143.0,0.0,9.0,6.0,13.0,27.0,14.0,26.0,16.0,14.0,0.0,0.0,2.0,11.0,11.0,2.0,0.0,1.0,0.0,0.0,0.0,0.0,0.0,0.0,5.0,5.0,1.0,0.0,0.0,1.0,0.0,0.0,2.0,0.0,0.0,1.0,1.0,0.0,0.0,0.0,0.0,1.0,1.0,4.0,7.0,6.0,8008519080.0,7611314.0,北海市海城区,北海市海城区海角街道,20.0,30.0,16.0,19.0,85.0,77.925,46.056666666666665,38.14581005586592
广西壮族自治区,北海市,海城区,地角街道,109.0724371,21.4664887,0.0,15.0,20.0,18.0,71.0,25.0,0.0,11.0,3.0,2.0,0.0,1.0,2.0,2.0,8.0,9.0,2.0,0.0,0.0,1.0,3.0,1.0,5.0,0.0,1.0,4.0,161.0,0.0,2.0,13.0,1.0,19.0,3.0,8.0,12.0,15.0,0.0,0.0,8.0,3.0,17.0,11.0,0.0,0.0,0.0,0.0,0.0,0.0,0.0,0.0,0.0,0.0,0.0,0.0,0.0,0.0,0.0,0.0,2.0,0.0,0.0,1.0,111.0,0.0,0.0,0.0,0.0,0.0,0.0,1.0,5.0,2.0,8008519078.0,7611329.0,北海市海城区,北海市海城区地角街道,19.0,28.0,5.0,20.0,72.0,77.925,46.056666666666665,38.14581005586592
广西壮族自治区,北海市,海城区,高德街道,109.147198,21.498916,20.0,12.0,24.0,30.0,57.0,11.0,0.0,46.0,3.0,1.0,0.0,0.0,2.0,2.0,4.0,4.0,0.0,0.0,0.0,3.0,10.0,3.0,1.0,0.0,1.0,2.0,19.0,0.0,4.0,2.0,3.0,12.0,9.0,7.0,14.0,14.0,0.0,0.0,10.0,7.0,23.0,10.0,0.0,32.0,2.0,1.0,0.0,0.0,0.0,0.0,2.0,2.0,0.0,0.0,0.0,1.0,3.0,0.0,1.0,0.0,1.0,1.0,13.0,0.0,4.0,0.0,2.0,6.0,2.0,2.0,11.0,12.0,5133534577.0,7611324.0,北海市海城区,北海市海城区高德街道,17.0,28.0,6.0,7.4,58.4,77.925,46.056666666666665,38.14581005586592
广西壮族自治区,北海市,海城区,驿马街道,109.161405,21.456435,16.0,16.0,7.0,41.0,82.0,82.0,2.0,49.0,4.0,7.0,0.0,0.0,2.0,2.0,6.0,12.0,0.0,0.0,0.0,2.0,20.0,0.0,0.0,0.0,4.0,1.0,72.0,0.0,0.0,3.0,1.0,75.0,40.0,7.0,17.0,11.0,8.0,4.0,0.0,16.0,40.0,18.0,0.0,28.0,2.0,2.0,0.0,0.0,0.0,0.0,2.0,4.0,0.0,0.0,0.0,0.0,2.0,0.0,0.0,0.0,0.0,1.0,33.0,0.0,0.0,0.0,1.0,27.0,2.0,6.0,12.0,5.0,5133509827.0,7611270.0,北海市海城区,北海市海城区驿马街道,16.0,28.0,5.0,14.8,63.8,77.925,46.056666666666665,38.14581005586592
广西壮族自治区,北海市,海城区,涠洲镇,109.1171474,21.0415969,0.0,9.0,0.0,0.0,63.0,22.0,0.0,8.0,24.0,5.0,0.0,2.0,1.0,1.0,4.0,5.0,1.0,0.0,0.0,5.0,39.0,0.0,2.0,0.0,1.0,48.0,528.0,0.0,0.0,11.0,0.0,4.0,5.0,5.0,9.0,17.0,0.0,1.0,0.0,0.0,7.0,2.0,0.0,0.0,0.0,0.0,0.0,1.0,1.0,1.0,1.0,1.0,0.0,0.0,0.0,0.0,2.0,0.0,0.0,0.0,0.0,1.0,4.0,0.0,0.0,1.0,0.0,0.0,0.0,1.0,3.0,2.0,6754618950.0,7611455.0,北海市海城区,北海市海城区涠洲镇,20.0,27.700000000000003,15.0,20.0,82.7,77.925,46.056666666666665,38.14581005586592
广西壮族自治区,北海市,银海区,福成镇,109.330278,21.569722,0.0,0.0,5.0,1.0,26.0,1.0,0.0,0.0,0.0,0.0,0.0,0.0,0.0,0.0,0.0,0.0,0.0,0.0,0.0,0.0,7.0,0.0,3.0,0.0,0.0,1.0,3.0,0.0,0.0,0.0,0.0,2.0,0.0,1.0,5.0,5.0,0.0,0.0,4.0,1.0,13.0,0.0,0.0,0.0,0.0,0.0,0.0,0.0,0.0,0.0,0.0,0.0,0.0,0.0,0.0,0.0,3.0,0.0,0.0,0.0,0.0,1.0,0.0,0.0,0.0,0.0,0.0,2.0,0.0,1.0,4.0,3.0,5133444883.0,-1.0,北海市银海区,北海市银海区福成镇,8.0,17.6,0.0,2.8,28.400000000000002,52.225,46.056666666666665,38.14581005586592
广西壮族自治区,北海市,银海区,银滩镇,109.1520881,21.4210317,9.0,11.0,31.0,23.0,94.0,32.0,2.0,24.0,10.0,12.0,0.0,0.0,0.0,0.0,4.0,6.0,0.0,0.0,0.0,18.0,17.0,3.0,0.0,0.0,6.0,6.0,59.0,0.0,2.0,4.0,2.0,21.0,17.0,8.0,16.0,14.0,2.0,2.0,3.0,3.0,38.0,3.0,0.0,1.0,0.0,1.0,0.0,0.0,0.0,0.0,1.0,1.0,0.0,0.0,0.0,1.0,7.0,1.0,0.0,0.0,1.0,2.0,8.0,0.0,0.0,0.0,2.0,3.0,2.0,2.0,9.0,8.0,8007552266.0,-1.0,北海市银海区,北海市银海区银滩镇,12.0,28.0,6.0,11.100000000000001,57.1,52.225,46.056666666666665,38.14581005586592
广西壮族自治区,北海市,银海区,平阳镇,109.2084954,21.5119036,18.0,4.0,7.0,25.0,21.0,34.0,0.0,0.0,2.0,0.0,2.0,0.0,0.0,0.0,0.0,0.0,0.0,0.0,0.0,0.0,10.0,0.0,10.0,0.0,0.0,1.0,26.0,0.0,0.0,19.0,2.0,12.0,3.0,7.0,15.0,9.0,2.0,0.0,2.0,3.0,1.0,0.0,0.0,0.0,0.0,0.0,0.0,0.0,0.0,0.0,0.0,0.0,0.0,0.0,0.0,0.0,0.0,0.0,0.0,0.0,0.0,1.0,0.0,0.0,0.0,0.0,0.0,0.0,0.0,6.0,5.0,1.0,8007552236.0,-1.0,北海市银海区,北海市银海区平阳镇,8.0,22.5,0.0,8.5,39.0,52.225,46.056666666666665,38.14581005586592
广西壮族自治区,北海市,银海区,侨港镇,109.1184234,21.4250266,3.0,14.0,28.0,43.0,122.0,24.0,0.0,26.0,15.0,7.0,0.0,1.0,2.0,2.0,4.0,5.0,0.0,0.0,0.0,19.0,14.0,3.0,0.0,0.0,0.0,3.0,142.0,0.0,3.0,4.0,1.0,17.0,15.0,7.0,18.0,11.0,0.0,4.0,13.0,6.0,43.0,16.0,0.0,13.0,12.0,6.0,0.0,1.0,1.0,1.0,2.0,2.0,0.0,0.0,0.0,4.0,2.0,3.0,0.0,0.0,0.0,1.0,7.0,0.0,3.0,1.0,1.0,5.0,6.0,2.0,12.0,9.0,8007552267.0,11755292.0,北海市银海区,北海市银海区侨港镇,18.0,28.0,19.0,19.4,84.4,52.225,46.056666666666665,38.14581005586592
广西壮族自治区,北海市,铁山港区,南康镇,109.447012,21.595065,0.0,7.0,10.0,1.0,13.0,0.0,0.0,0.0,0.0,0.0,0.0,0.0,0.0,0.0,0.0,0.0,0.0,0.0,0.0,0.0,5.0,0.0,0.0,0.0,0.0,1.0,0.0,0.0,0.0,0.0,0.0,2.0,0.0,1.0,5.0,3.0,0.0,4.0,3.0,0.0,12.0,0.0,0.0,0.0,0.0,0.0,0.0,0.0,0.0,0.0,0.0,0.0,0.0,0.0,0.0,0.0,2.0,0.0,0.0,0.0,0.0,1.0,0.0,0.0,0.0,0.0,0.0,2.0,0.0,1.0,4.0,2.0,5133413859.0,-1.0,北海市铁山港区,北海市铁山港区南康镇,8.0,14.7,0.0,1.5,24.2,26.53333333333333,46.056666666666665,38.14581005586592
广西壮族自治区,北海市,铁山港区,营盘镇,109.445371,21.459476,0.0,1.0,2.0,4.0,6.0,1.0,0.0,0.0,0.0,0.0,0.0,0.0,0.0,0.0,1.0,1.0,0.0,0.0,0.0,0.0,1.0,0.0,1.0,0.0,1.0,1.0,0.0,0.0,0.0,1.0,0.0,0.0,0.0,2.0,6.0,11.0,0.0,1.0,1.0,1.0,5.0,0.0,0.0,0.0,0.0,0.0,0.0,0.0,0.0,0.0,1.0,1.0,0.0,0.0,0.0,0.0,1.0,0.0,0.0,0.0,1.0,1.0,0.0,0.0,0.0,0.0,0.0,0.0,0.0,2.0,4.0,4.0,5133397252.0,-1.0,北海市铁山港区,北海市铁山港区营盘镇,8.0,14.7,5.0,4.1,31.799999999999997,26.53333333333333,46.056666666666665,38.14581005586592
广西壮族自治区,北海市,铁山港区,兴港镇,109.537605,21.5832145,3.0,2.0,9.0,3.0,5.0,2.0,0.0,0.0,0.0,0.0,0.0,0.0,0.0,0.0,0.0,0.0,0.0,0.0,0.0,0.0,9.0,0.0,3.0,0.0,1.0,1.0,0.0,0.0,0.0,1.0,0.0,0.0,0.0,2.0,7.0,6.0,2.0,0.0,2.0,0.0,0.0,0.0,0.0,0.0,0.0,0.0,0.0,0.0,0.0,0.0,0.0,0.0,0.0,0.0,0.0,0.0,0.0,0.0,0.0,0.0,0.0,1.0,0.0,0.0,0.0,0.0,0.0,0.0,0.0,2.0,2.0,0.0,5133273338.0,-1.0,北海市铁山港区,北海市铁山港区兴港镇,8.0,12.5,0.0,3.1,23.6,26.53333333333333,46.056666666666665,38.14581005586592
广西壮族自治区,北海市,合浦县,廉州镇,109.1966274,21.6618576,12.0,14.0,33.0,34.0,300.0,13.0,0.0,10.0,1.0,0.0,0.0,1.0,2.0,2.0,3.0,3.0,0.0,2.0,1.0,14.0,3.0,1.0,0.0,0.0,0.0,2.0,52.0,0.0,0.0,1.0,0.0,34.0,1.0,5.0,13.0,8.0,6.0,1.0,23.0,9.0,96.0,3.0,0.0,0.0,1.0,0.0,0.0,0.0,1.0,1.0,1.0,1.0,0.0,1.0,1.0,10.0,1.0,0.0,0.0,0.0,0.0,2.0,12.0,0.0,0.0,0.0,0.0,4.0,0.0,4.0,7.0,2.0,6714671930.0,-1.0,北海市合浦县,北海市合浦县廉州镇,9.0,26.0,25.0,10.5,70.5,31.32,46.056666666666665,38.14581005586592
广西壮族自治区,北海市,合浦县,党江镇,109.122606,21.650029,0.0,0.0,1.0,14.0,11.0,0.0,0.0,0.0,0.0,0.0,0.0,0.0,0.0,0.0,0.0,0.0,0.0,0.0,0.0,0.0,1.0,0.0,0.0,0.0,0.0,7.0,0.0,0.0,0.0,0.0,0.0,0.0,0.0,3.0,4.0,3.0,0.0,0.0,1.0,5.0,9.0,0.0,0.0,0.0,0.0,0.0,0.0,0.0,0.0,0.0,0.0,0.0,0.0,0.0,0.0,0.0,1.0,0.0,0.0,0.0,0.0,1.0,0.0,0.0,0.0,0.0,0.0,0.0,0.0,2.0,4.0,3.0,5134982765.0,-1.0,北海市合浦县,北海市合浦县党江镇,12.0,16.9,0.0,1.5,30.4,31.32,46.056666666666665,38.14581005586592
广西壮族自治区,北海市,合浦县,西场镇,108.967946,21.632566,0.0,0.0,2.0,2.0,45.0,0.0,0.0,0.0,0.0,0.0,0.0,0.0,0.0,0.0,0.0,0.0,0.0,0.0,0.0,0.0,1.0,0.0,0.0,0.0,0.0,1.0,1.0,0.0,0.0,0.0,0.0,0.0,0.0,1.0,4.0,3.0,0.0,0.0,2.0,1.0,38.0,0.0,0.0,0.0,0.0,0.0,0.0,0.0,0.0,0.0,0.0,0.0,0.0,0.0,0.0,0.0,1.0,0.0,0.0,0.0,0.0,1.0,1.0,0.0,0.0,0.0,0.0,0.0,0.0,1.0,4.0,2.0,5113390023.0,-1.0,北海市合浦县,北海市合浦县西场镇,8.0,22.0,0.0,1.7,31.7,31.32,46.056666666666665,38.14581005586592
广西壮族自治区,北海市,合浦县,沙岗镇,109.0382599,21.6789404,0.0,0.0,5.0,6.0,16.0,0.0,0.0,0.0,0.0,0.0,0.0,0.0,0.0,0.0,0.0,0.0,0.0,0.0,0.0,0.0,1.0,0.0,0.0,0.0,0.0,1.0,0.0,0.0,0.0,0.0,0.0,0.0,0.0,1.0,4.0,2.0,0.0,0.0,3.0,2.0,8.0,0.0,0.0,0.0,0.0,0.0,0.0,0.0,0.0,0.0,0.0,0.0,0.0,0.0,0.0,0.0,1.0,0.0,0.0,0.0,0.0,1.0,0.0,0.0,0.0,0.0,0.0,0.0,0.0,1.0,3.0,2.0,5135054153.0,-1.0,北海市合浦县,北海市合浦县沙岗镇,8.0,17.6,0.0,1.0,26.6,31.32,46.056666666666665,38.14581005586592
广西壮族自治区,北海市,合浦县,乌家镇,109.027257,21.772889,1.0,0.0,6.0,1.0,2.0,1.0,0.0,0.0,0.0,0.0,0.0,0.0,0.0,0.0,0.0,0.0,0.0,0.0,0.0,0.0,2.0,0.0,1.0,0.0,0.0,1.0,3.0,0.0,0.0,0.0,0.0,0.0,0.0,4.0,7.0,3.0,1.0,0.0,1.0,0.0,1.0,1.0,0.0,0.0,0.0,0.0,0.0,0.0,0.0,0.0,0.0,0.0,0.0,0.0,0.0,0.0,1.0,0.0,0.0,0.0,0.0,1.0,0.0,0.0,0.0,0.0,0.0,0.0,0.0,2.0,4.0,1.0,5135133516.0,-1.0,北海市合浦县,北海市合浦县乌家镇,8.0,10.2,0.0,1.8,20.0,31.32,46.056666666666665,38.14581005586592
广西壮族自治区,北海市,合浦县,闸口镇,109.478054,21.707643,10.0,0.0,2.0,7.0,5.0,0.0,0.0,0.0,1.0,0.0,0.0,0.0,0.0,0.0,0.0,0.0,0.0,0.0,0.0,0.0,4.0,0.0,3.0,0.0,0.0,1.0,0.0,0.0,0.0,0.0,0.0,0.0,0.0,6.0,7.0,6.0,7.0,0.0,0.0,3.0,3.0,0.0,0.0,0.0,0.0,0.0,0.0,0.0,0.0,0.0,0.0,0.0,0.0,0.0,0.0,0.0,3.0,0.0,2.0,0.0,0.0,1.0,0.0,0.0,0.0,0.0,0.0,0.0,0.0,3.0,4.0,4.0,5134337090.0,-1.0,北海市合浦县,北海市合浦县闸口镇,8.0,17.4,0.0,3.0,28.4,31.32,46.056666666666665,38.14581005586592
广西壮族自治区,北海市,合浦县,公馆镇,109.6050406,21.7952191,8.0,0.0,3.0,14.0,37.0,0.0,0.0,0.0,0.0,0.0,0.0,0.0,0.0,0.0,0.0,0.0,0.0,0.0,0.0,0.0,1.0,0.0,2.0,0.0,0.0,1.0,11.0,0.0,0.0,0.0,0.0,0.0,0.0,4.0,6.0,4.0,6.0,0.0,1.0,6.0,15.0,0.0,0.0,0.0,0.0,0.0,0.0,0.0,0.0,0.0,0.0,0.0,0.0,0.0,0.0,0.0,1.0,0.0,0.0,0.0,0.0,1.0,2.0,0.0,0.0,0.0,0.0,0.0,0.0,3.0,5.0,3.0,3145132323.0,-1.0,北海市合浦县,北海市合浦县公馆镇,8.0,23.0,0.0,3.3,34.3,31.32,46.056666666666665,38.14581005586592
广西壮族自治区,北海市,合浦县,白沙镇,109.68423,21.706416,3.0,0.0,7.0,8.0,8.0,0.0,0.0,0.0,0.0,0.0,0.0,0.0,0.0,0.0,0.0,0.0,0.0,0.0,0.0,0.0,1.0,0.0,1.0,0.0,1.0,3.0,0.0,0.0,0.0,0.0,0.0,0.0,0.0,8.0,7.0,4.0,3.0,0.0,1.0,6.0,6.0,0.0,0.0,0.0,0.0,0.0,0.0,0.0,0.0,0.0,0.0,0.0,0.0,0.0,0.0,0.0,1.0,0.0,1.0,0.0,0.0,1.0,0.0,0.0,0.0,0.0,0.0,0.0,0.0,8.0,5.0,3.0,5133129625.0,-1.0,北海市合浦县,北海市合浦县白沙镇,10.0,16.9,0.0,2.0,28.9,31.32,46.056666666666665,38.14581005586592
广西壮族自治区,北海市,合浦县,山口镇,109.732227,21.609772,12.0,4.0,9.0,6.0,68.0,2.0,0.0,0.0,0.0,0.0,1.0,0.0,0.0,0.0,1.0,1.0,0.0,0.0,0.0,0.0,3.0,0.0,0.0,0.0,0.0,4.0,1.0,0.0,0.0,0.0,0.0,1.0,0.0,11.0,12.0,4.0,2.0,1.0,7.0,1.0,51.0,0.0,0.0,0.0,0.0,0.0,0.0,0.0,0.0,0.0,1.0,1.0,0.0,0.0,0.0,0.0,2.0,0.0,0.0,0.0,0.0,1.0,0.0,0.0,0.0,0.0,0.0,0.0,0.0,10.0,7.0,1.0,5132920938.0,-1.0,北海市合浦县,北海市合浦县山口镇,11.0,26.0,5.0,2.1,44.1,31.32,46.056666666666665,38.14581005586592
广西壮族自治区,北海市,合浦县,沙田镇,109.6555131,21.519683,0.0,2.0,2.0,1.0,12.0,1.0,0.0,0.0,0.0,0.0,0.0,0.0,0.0,0.0,0.0,0.0,0.0,0.0,0.0,0.0,2.0,0.0,2.0,0.0,0.0,1.0,0.0,0.0,0.0,0.0,0.0,1.0,0.0,2.0,6.0,7.0,0.0,0.0,1.0,0.0,10.0,1.0,0.0,0.0,0.0,0.0,0.0,0.0,0.0,0.0,0.0,0.0,0.0,0.0,0.0,0.0,1.0,0.0,2.0,0.0,0.0,1.0,0.0,0.0,0.0,0.0,0.0,1.0,0.0,2.0,4.0,7.0,5133302452.0,-1.0,北海市合浦县,北海市合浦县沙田镇,8.0,14.4,0.0,3.5,25.9,31.32,46.056666666666665,38.14581005586592
广西壮族自治区,北海市,合浦县,石湾镇,109.2328042,21.7686408,8.0,0.0,0.0,16.0,24.0,0.0,0.0,0.0,0.0,0.0,0.0,0.0,0.0,0.0,0.0,0.0,0.0,0.0,0.0,0.0,2.0,0.0,1.0,0.0,0.0,1.0,0.0,0.0,0.0,0.0,0.0,0.0,0.0,4.0,8.0,4.0,6.0,0.0,0.0,10.0,12.0,0.0,0.0,0.0,0.0,0.0,0.0,0.0,0.0,0.0,0.0,0.0,0.0,0.0,0.0,0.0,1.0,0.0,0.0,0.0,0.0,1.0,0.0,0.0,0.0,0.0,0.0,0.0,0.0,3.0,5.0,3.0,5041668941.0,-1.0,北海市合浦县,北海市合浦县石湾镇,8.0,22.4,0.0,2.0,32.4,31.32,46.056666666666665,38.14581005586592
广西壮族自治区,北海市,合浦县,石康镇,109.3301923,21.7537974,3.0,0.0,1.0,6.0,10.0,0.0,0.0,0.0,0.0,0.0,0.0,0.0,0.0,0.0,0.0,0.0,0.0,0.0,0.0,0.0,1.0,0.0,0.0,0.0,0.0,2.0,0.0,0.0,0.0,0.0,0.0,0.0,0.0,4.0,5.0,4.0,2.0,0.0,1.0,1.0,5.0,0.0,0.0,0.0,0.0,0.0,0.0,0.0,0.0,0.0,0.0,0.0,0.0,0.0,0.0,0.0,1.0,0.0,0.0,0.0,0.0,1.0,0.0,0.0,0.0,0.0,0.0,0.0,0.0,2.0,4.0,1.0,5134961695.0,-1.0,北海市合浦县,北海市合浦县石康镇,9.0,16.0,0.0,2.0,27.0,31.32,46.056666666666665,38.14581005586592
广西壮族自治区,北海市,合浦县,常乐镇,109.420268,21.833618,5.0,0.0,5.0,0.0,2.0,0.0,0.0,0.0,0.0,0.0,0.0,0.0,0.0,0.0,0.0,0.0,0.0,0.0,0.0,0.0,1.0,0.0,0.0,0.0,0.0,1.0,0.0,0.0,0.0,0.0,0.0,0.0,0.0,3.0,3.0,3.0,1.0,0.0,5.0,0.0,2.0,0.0,0.0,0.0,0.0,0.0,0.0,0.0,0.0,0.0,0.0,0.0,0.0,0.0,0.0,0.0,1.0,0.0,0.0,0.0,0.0,1.0,0.0,0.0,0.0,0.0,0.0,0.0,0.0,3.0,3.0,3.0,5134936238.0,-1.0,北海市合浦县,北海市合浦县常乐镇,8.0,7.5,0.0,1.5,17.0,31.32,46.056666666666665,38.14581005586592
广西壮族自治区,北海市,合浦县,星岛湖镇,109.132202,21.7148736,3.0,0.0,3.0,14.0,24.0,1.0,0.0,0.0,0.0,0.0,0.0,0.0,0.0,0.0,0.0,0.0,0.0,0.0,0.0,0.0,2.0,0.0,4.0,0.0,0.0,1.0,0.0,0.0,0.0,0.0,0.0,1.0,0.0,3.0,7.0,5.0,3.0,0.0,3.0,5.0,20.0,0.0,0.0,0.0,0.0,0.0,0.0,0.0,0.0,0.0,0.0,0.0,0.0,0.0,0.0,0.0,2.0,0.0,2.0,0.0,0.0,1.0,0.0,0.0,0.0,0.0,0.0,1.0,0.0,3.0,5.0,5.0,5135117716.0,-1.0,北海市合浦县,北海市合浦县星岛湖镇,8.0,23.5,0.0,2.5,34.0,31.32,46.056666666666665,38.14581005586592
广西壮族自治区,北海市,合浦县,曲樟乡,109.5629859,21.8523342,0.0,0.0,3.0,0.0,5.0,0.0,0.0,0.0,0.0,0.0,0.0,0.0,0.0,0.0,0.0,0.0,0.0,0.0,0.0,0.0,2.0,0.0,0.0,0.0,0.0,1.0,1.0,0.0,0.0,0.0,0.0,0.0,0.0,2.0,3.0,3.0,0.0,0.0,3.0,0.0,5.0,0.0,0.0,0.0,0.0,0.0,0.0,0.0,0.0,0.0,0.0,0.0,0.0,0.0,0.0,0.0,2.0,0.0,0.0,0.0,0.0,1.0,0.0,0.0,0.0,0.0,0.0,0.0,0.0,1.0,3.0,3.0,5134812127.0,-1.0,北海市合浦县,北海市合浦县曲樟乡,8.0,9.0,0.0,1.6,18.6,31.32,46.056666666666665,38.14581005586592
广西壮族自治区,防城港市,港口区,渔州坪街道,108.3722659,21.6546039,44.0,17.0,94.0,49.0,103.0,594.0,0.0,443.0,187.0,25.0,6.0,19.0,6.0,9.0,9.0,13.0,2.0,0.0,10.0,37.0,111.0,40.0,28.0,13.0,7.0,8.0,1979.0,21.0,1239.0,23.0,160.0,149.0,9.0,7.0,23.0,21.0,0.0,7.0,14.0,12.0,22.0,38.0,0.0,20.0,36.0,0.0,4.0,9.0,2.0,2.0,2.0,2.0,0.0,0.0,1.0,0.0,22.0,12.0,15.0,4.0,3.0,2.0,128.0,2.0,59.0,5.0,1.0,10.0,1.0,2.0,12.0,12.0,-1.0,-1.0,防城港市港口区,防城港市港口区渔州坪街道,5.0,30.0,17.0,20.0,72.0,77.45,55.97,38.14581005586592
广西壮族自治区,防城港市,港口区,白沙万街道,108.3401048,21.6145581,24.0,2.0,79.0,62.0,81.0,318.0,0.0,139.0,137.0,19.0,7.0,14.0,3.0,4.0,5.0,8.0,1.0,0.0,14.0,16.0,49.0,22.0,20.0,12.0,1.0,12.0,1393.0,22.0,886.0,120.0,70.0,50.0,18.0,10.0,19.0,22.0,2.0,0.0,32.0,28.0,41.0,48.0,0.0,32.0,38.0,6.0,2.0,6.0,2.0,2.0,4.0,6.0,1.0,0.0,8.0,2.0,15.0,7.0,1.0,4.0,0.0,6.0,103.0,20.0,68.0,11.0,23.0,15.0,4.0,3.0,14.0,13.0,-2.0,11323355.0,防城港市港口区,防城港市港口区白沙万街道,13.0,30.0,24.0,20.0,87.0,77.45,55.97,38.14581005586592
广西壮族自治区,防城港市,港口区,沙潭江街道,108.3714697,21.6924931,123.0,79.0,192.0,134.0,152.0,897.0,3.0,432.0,256.0,72.0,5.0,29.0,2.0,5.0,12.0,19.0,7.0,3.0,15.0,121.0,137.0,63.0,12.0,20.0,29.0,18.0,3531.0,180.0,1288.0,25.0,92.0,162.0,55.0,15.0,26.0,22.0,27.0,0.0,42.0,8.0,11.0,69.0,0.0,41.0,28.0,6.0,0.0,2.0,0.0,2.0,1.0,2.0,0.0,2.0,2.0,6.0,19.0,7.0,0.0,1.0,5.0,2.0,282.0,5.0,126.0,1.0,12.0,12.0,6.0,2.0,15.0,12.0,7682010694.0,11323357.0,防城港市港口区,防城港市港口区沙潭江街道,20.0,30.0,20.0,20.0,90.0,77.45,55.97,38.14581005586592
广西壮族自治区,防城港市,港口区,王府街道,108.4478198,21.6938312,32.0,21.0,16.0,21.0,19.0,8.0,0.0,3.0,39.0,0.0,0.0,4.0,2.0,2.0,2.0,3.0,0.0,0.0,1.0,0.0,6.0,3.0,31.0,0.0,5.0,5.0,12.0,0.0,5.0,4.0,2.0,0.0,0.0,5.0,15.0,9.0,3.0,5.0,10.0,2.0,3.0,0.0,0.0,1.0,6.0,0.0,0.0,2.0,0.0,0.0,1.0,2.0,0.0,0.0,0.0,0.0,3.0,1.0,8.0,0.0,1.0,1.0,3.0,0.0,2.0,0.0,0.0,0.0,0.0,4.0,10.0,8.0,7682010695.0,11353591.0,防城港市港口区,防城港市港口区王府街道,20.0,20.7,10.0,5.9,56.6,77.45,55.97,38.14581005586592
广西壮族自治区,防城港市,港口区,企沙镇,108.4685318,21.5814694,15.0,4.0,13.0,22.0,87.0,63.0,0.0,11.0,20.0,10.0,2.0,1.0,4.0,4.0,3.0,3.0,1.0,1.0,9.0,5.0,17.0,5.0,15.0,3.0,7.0,14.0,140.0,0.0,24.0,14.0,16.0,26.0,0.0,4.0,18.0,20.0,0.0,0.0,5.0,11.0,46.0,17.0,0.0,3.0,12.0,1.0,1.0,1.0,2.0,2.0,3.0,3.0,1.0,1.0,9.0,5.0,9.0,4.0,3.0,2.0,2.0,9.0,58.0,0.0,13.0,0.0,16.0,18.0,0.0,2.0,9.0,11.0,5113031429.0,12348108.0,防城港市港口区,防城港市港口区企沙镇,20.0,30.0,29.0,20.0,99.0,77.45,55.97,38.14581005586592
广西壮族自治区,防城港市,港口区,光坡镇,108.4878759,21.6548236,16.0,4.0,9.0,14.0,13.0,17.0,0.0,20.0,12.0,2.0,1.0,0.0,1.0,1.0,0.0,0.0,0.0,0.0,2.0,1.0,2.0,2.0,10.0,1.0,1.0,5.0,31.0,0.0,2.0,0.0,3.0,7.0,2.0,5.0,14.0,14.0,0.0,0.0,5.0,5.0,9.0,6.0,0.0,4.0,2.0,1.0,0.0,0.0,1.0,1.0,0.0,0.0,0.0,0.0,2.0,0.0,1.0,0.0,1.0,0.0,1.0,2.0,7.0,0.0,1.0,0.0,2.0,0.0,1.0,1.0,9.0,6.0,5112283988.0,12348107.0,防城港市港口区,防城港市港口区光坡镇,20.0,25.3,7.0,7.800000000000001,60.099999999999994,77.45,55.97,38.14581005586592
广西壮族自治区,防城港市,防城区,水营街道,108.3470241,21.7543189,61.0,99.0,48.0,51.0,238.0,964.0,0.0,296.0,245.0,24.0,4.0,81.0,9.0,24.0,14.0,38.0,7.0,6.0,25.0,175.0,108.0,90.0,46.0,12.0,15.0,47.0,15444.0,101.0,7731.0,22.0,333.0,143.0,22.0,7.0,25.0,27.0,0.0,26.0,0.0,10.0,58.0,183.0,0.0,33.0,75.0,6.0,0.0,17.0,3.0,3.0,4.0,8.0,2.0,1.0,1.0,19.0,22.0,14.0,19.0,1.0,4.0,11.0,2596.0,8.0,746.0,7.0,45.0,19.0,1.0,2.0,14.0,19.0,7682010691.0,11322324.0,防城港市防城区,防城港市防城区水营街道,20.0,30.0,30.0,20.0,100.0,60.04615384615385,55.97,38.14581005586592
广西壮族自治区,防城港市,防城区,珠河街道,108.3497107,21.7708203,54.0,65.0,24.0,31.0,239.0,972.0,0.0,298.0,230.0,26.0,4.0,78.0,8.0,24.0,14.0,41.0,8.0,6.0,25.0,177.0,109.0,83.0,40.0,11.0,13.0,48.0,16710.0,100.0,8617.0,23.0,416.0,148.0,21.0,7.0,26.0,27.0,21.0,25.0,0.0,9.0,62.0,316.0,0.0,150.0,58.0,9.0,1.0,35.0,4.0,12.0,4.0,13.0,2.0,2.0,13.0,85.0,30.0,45.0,12.0,4.0,6.0,9.0,5195.0,48.0,2471.0,8.0,202.0,58.0,12.0,5.0,20.0,19.0,7682010690.0,11322325.0,防城港市防城区,防城港市防城区珠河街道,20.0,30.0,30.0,20.0,100.0,60.04615384615385,55.97,38.14581005586592
广西壮族自治区,防城港市,防城区,文昌街道,108.3597636,21.7381688,73.0,141.0,64.0,126.0,206.0,764.0,0.0,185.0,235.0,31.0,7.0,37.0,8.0,10.0,14.0,23.0,4.0,2.0,7.0,65.0,97.0,47.0,34.0,14.0,23.0,37.0,8449.0,91.0,3571.0,13.0,95.0,76.0,31.0,8.0,26.0,22.0,10.0,0.0,21.0,13.0,26.0,119.0,0.0,12.0,26.0,2.0,0.0,7.0,0.0,0.0,2.0,2.0,0.0,0.0,1.0,5.0,18.0,12.0,6.0,2.0,2.0,3.0,824.0,3.0,167.0,0.0,5.0,12.0,3.0,5.0,15.0,13.0,7682010693.0,11322323.0,防城港市防城区,防城港市防城区文昌街道,20.0,30.0,17.0,20.0,87.0,60.04615384615385,55.97,38.14581005586592
广西壮族自治区,防城港市,防城区,大菉镇,108.1248361,21.8640737,0.0,0.0,5.0,6.0,11.0,0.0,0.0,0.0,0.0,0.0,0.0,0.0,0.0,1.0,2.0,2.0,0.0,1.0,1.0,0.0,6.0,0.0,0.0,0.0,0.0,7.0,0.0,0.0,0.0,0.0,0.0,0.0,0.0,1.0,5.0,3.0,0.0,0.0,4.0,2.0,8.0,0.0,0.0,0.0,0.0,0.0,0.0,0.0,0.0,1.0,2.0,2.0,0.0,1.0,1.0,0.0,4.0,0.0,0.0,0.0,0.0,3.0,0.0,0.0,0.0,0.0,0.0,0.0,0.0,1.0,5.0,2.0,5111021729.0,12439180.0,防城港市防城区,防城港市防城区大菉镇,20.0,17.1,9.0,1.5,47.6,60.04615384615385,55.97,38.14581005586592
广西壮族自治区,防城港市,防城区,华石镇,108.2445229,21.7557022,0.0,6.0,5.0,1.0,15.0,14.0,0.0,2.0,0.0,0.0,1.0,0.0,0.0,0.0,1.0,1.0,0.0,0.0,0.0,0.0,4.0,0.0,4.0,0.0,0.0,3.0,14.0,0.0,1.0,2.0,0.0,7.0,0.0,4.0,11.0,7.0,0.0,3.0,0.0,1.0,7.0,12.0,0.0,0.0,0.0,0.0,0.0,0.0,0.0,0.0,1.0,1.0,0.0,0.0,0.0,0.0,2.0,0.0,3.0,0.0,0.0,2.0,13.0,0.0,1.0,0.0,0.0,7.0,0.0,1.0,6.0,6.0,3608213550.0,12348419.0,防城港市防城区,防城港市防城区华石镇,18.0,17.1,5.0,6.4,46.5,60.04615384615385,55.97,38.14581005586592
广西壮族自治区,防城港市,防城区,那梭镇,108.112539,21.7210819,0.0,9.0,0.0,4.0,25.0,3.0,0.0,0.0,0.0,0.0,0.0,0.0,0.0,0.0,0.0,1.0,0.0,0.0,0.0,0.0,5.0,1.0,2.0,0.0,0.0,6.0,2.0,0.0,1.0,0.0,1.0,1.0,0.0,2.0,6.0,8.0,0.0,9.0,0.0,1.0,20.0,3.0,0.0,0.0,0.0,0.0,0.0,0.0,0.0,0.0,0.0,0.0,0.0,0.0,0.0,0.0,3.0,0.0,1.0,0.0,0.0,3.0,2.0,0.0,1.0,0.0,1.0,0.0,0.0,1.0,5.0,4.0,5110350686.0,12348417.0,防城港市防城区,防城港市防城区那梭镇,20.0,23.0,0.0,4.4,47.4,60.04615384615385,55.97,38.14581005586592
广西壮族自治区,防城港市,防城区,那良镇,107.8479258,21.6843119,0.0,7.0,0.0,9.0,103.0,3.0,0.0,1.0,1.0,3.0,0.0,1.0,0.0,0.0,2.0,2.0,1.0,0.0,1.0,1.0,8.0,0.0,1.0,0.0,0.0,7.0,6.0,0.0,4.0,0.0,4.0,1.0,0.0,1.0,8.0,9.0,0.0,6.0,0.0,6.0,32.0,3.0,0.0,1.0,1.0,3.0,0.0,1.0,0.0,0.0,2.0,2.0,1.0,0.0,1.0,1.0,2.0,0.0,0.0,0.0,0.0,4.0,6.0,0.0,4.0,0.0,4.0,1.0,0.0,1.0,7.0,6.0,5109740230.0,12348416.0,防城港市防城区,防城港市防城区那良镇,20.0,28.0,18.0,5.2,71.2,60.04615384615385,55.97,38.14581005586592
广西壮族自治区,防城港市,防城区,峒中镇,107.5277706,21.6175702,10.0,4.0,1.0,3.0,158.0,9.0,0.0,0.0,0.0,0.0,0.0,0.0,0.0,0.0,0.0,1.0,0.0,0.0,0.0,0.0,2.0,0.0,0.0,0.0,0.0,6.0,3.0,0.0,0.0,0.0,0.0,0.0,0.0,12.0,12.0,3.0,4.0,2.0,0.0,3.0,24.0,1.0,0.0,0.0,0.0,0.0,0.0,0.0,0.0,0.0,0.0,0.0,0.0,0.0,0.0,0.0,2.0,0.0,0.0,0.0,0.0,2.0,0.0,0.0,0.0,0.0,0.0,0.0,0.0,2.0,9.0,2.0,5109649189.0,12348415.0,防城港市防城区,防城港市防城区峒中镇,20.0,24.0,0.0,1.8,45.8,60.04615384615385,55.97,38.14581005586592
广西壮族自治区,防城港市,防城区,江山镇,108.2737532,21.6404512,16.0,9.0,0.0,23.0,22.0,17.0,0.0,5.0,36.0,3.0,2.0,0.0,0.0,0.0,0.0,2.0,0.0,0.0,0.0,0.0,2.0,0.0,5.0,1.0,2.0,3.0,19.0,0.0,0.0,7.0,0.0,5.0,0.0,2.0,15.0,10.0,2.0,3.0,0.0,5.0,9.0,3.0,0.0,0.0,10.0,1.0,1.0,0.0,0.0,0.0,0.0,0.0,0.0,0.0,0.0,0.0,2.0,0.0,2.0,1.0,1.0,1.0,6.0,0.0,0.0,3.0,0.0,0.0,0.0,2.0,7.0,7.0,5111173132.0,12348420.0,防城港市防城区,防城港市防城区江山镇,18.0,27.1,0.0,7.5,52.6,60.04615384615385,55.97,38.14581005586592
广西壮族自治区,防城港市,防城区,茅岭镇,108.4531896,21.8635561,0.0,7.0,0.0,7.0,28.0,6.0,0.0,0.0,9.0,0.0,0.0,1.0,1.0,1.0,2.0,2.0,1.0,0.0,0.0,0.0,5.0,1.0,9.0,1.0,2.0,6.0,1.0,0.0,0.0,0.0,2.0,0.0,0.0,11.0,8.0,10.0,0.0,4.0,0.0,2.0,17.0,1.0,0.0,0.0,4.0,0.0,0.0,1.0,1.0,1.0,2.0,2.0,1.0,0.0,0.0,0.0,2.0,0.0,5.0,0.0,0.0,2.0,0.0,0.0,0.0,0.0,2.0,0.0,0.0,9.0,7.0,5.0,5111408193.0,12348422.0,防城港市防城区,防城港市防城区茅岭镇,20.0,26.0,20.0,4.1,70.1,60.04615384615385,55.97,38.14581005586592
广西壮族自治区,防城港市,防城区,扶隆镇,107.9515635,21.8163146,0.0,9.0,3.0,0.0,42.0,0.0,0.0,0.0,0.0,0.0,0.0,0.0,0.0,0.0,0.0,0.0,0.0,0.0,0.0,0.0,7.0,0.0,1.0,0.0,0.0,5.0,0.0,0.0,0.0,0.0,0.0,0.0,0.0,1.0,4.0,5.0,0.0,7.0,3.0,0.0,16.0,0.0,0.0,0.0,0.0,0.0,0.0,0.0,0.0,0.0,0.0,0.0,0.0,0.0,0.0,0.0,5.0,0.0,0.0,0.0,0.0,4.0,0.0,0.0,0.0,0.0,0.0,0.0,0.0,1.0,4.0,2.0,2165248998.0,12348414.0,防城港市防城区,防城港市防城区扶隆镇,20.0,20.2,0.0,2.5,42.7,60.04615384615385,55.97,38.14581005586592
广西壮族自治区,防城港市,防城区,滩营乡,108.339491,21.872862,5.0,0.0,4.0,5.0,3.0,0.0,0.0,0.0,8.0,0.0,0.0,0.0,0.0,0.0,0.0,0.0,0.0,0.0,0.0,0.0,1.0,0.0,2.0,0.0,0.0,3.0,3.0,0.0,0.0,0.0,0.0,0.0,0.0,3.0,6.0,4.0,4.0,0.0,4.0,3.0,3.0,0.0,0.0,0.0,4.0,0.0,0.0,0.0,0.0,0.0,0.0,0.0,0.0,0.0,0.0,0.0,1.0,0.0,0.0,0.0,0.0,2.0,0.0,0.0,0.0,0.0,0.0,0.0,0.0,3.0,6.0,2.0,5111379407.0,12348421.0,防城港市防城区,防城港市防城区滩营乡,18.0,16.5,0.0,2.3,36.8,60.04615384615385,55.97,38.14581005586592
广西壮族自治区,防城港市,防城区,十万山瑶族乡,108.1751434,21.9287558,0.0,0.0,0.0,7.0,12.0,0.0,0.0,0.0,0.0,0.0,0.0,0.0,0.0,0.0,0.0,0.0,0.0,0.0,0.0,0.0,1.0,0.0,0.0,0.0,0.0,4.0,0.0,0.0,0.0,0.0,0.0,0.0,0.0,2.0,5.0,2.0,0.0,0.0,0.0,5.0,10.0,0.0,0.0,0.0,0.0,0.0,0.0,0.0,0.0,0.0,0.0,0.0,0.0,0.0,0.0,0.0,1.0,0.0,0.0,0.0,0.0,2.0,0.0,0.0,0.0,0.0,0.0,0.0,0.0,1.0,4.0,2.0,5111302736.0,12348418.0,防城港市防城区,防城港市防城区十万山瑶族乡,19.0,12.9,0.0,1.0,32.9,60.04615384615385,55.97,38.14581005586592
广西壮族自治区,防城港市,上思县,思阳镇,107.9736535,22.1437634,0.0,13.0,4.0,20.0,44.0,17.0,0.0,4.0,0.0,0.0,1.0,1.0,0.0,0.0,3.0,3.0,0.0,0.0,1.0,4.0,17.0,5.0,13.0,1.0,1.0,4.0,21.0,6.0,17.0,3.0,10.0,19.0,3.0,4.0,12.0,10.0,0.0,3.0,1.0,3.0,12.0,0.0,0.0,0.0,0.0,0.0,0.0,0.0,0.0,0.0,0.0,0.0,0.0,0.0,0.0,0.0,3.0,0.0,0.0,0.0,0.0,1.0,1.0,0.0,1.0,1.0,0.0,0.0,0.0,2.0,5.0,4.0,2530973370.0,-1.0,防城港市上思县,防城港市上思县思阳镇,11.0,26.0,5.0,6.6,48.6,28.55,55.97,38.14581005586592
广西壮族自治区,防城港市,上思县,在妙镇,107.6662154,22.1312404,0.0,3.0,7.0,2.0,7.0,0.0,0.0,0.0,2.0,0.0,0.0,0.0,0.0,0.0,0.0,0.0,0.0,0.0,0.0,0.0,2.0,0.0,0.0,0.0,0.0,1.0,0.0,0.0,0.0,0.0,0.0,0.0,0.0,6.0,5.0,3.0,0.0,1.0,2.0,0.0,7.0,0.0,0.0,0.0,0.0,0.0,0.0,0.0,0.0,0.0,0.0,0.0,0.0,0.0,0.0,0.0,1.0,0.0,0.0,0.0,0.0,1.0,0.0,0.0,0.0,0.0,0.0,0.0,0.0,6.0,4.0,3.0,2530825445.0,-1.0,防城港市上思县,防城港市上思县在妙镇,8.0,15.0,0.0,1.5,24.5,28.55,55.97,38.14581005586592
广西壮族自治区,防城港市,上思县,华兰镇,107.8222029,22.0000265,0.0,3.0,4.0,4.0,19.0,0.0,0.0,0.0,0.0,0.0,0.0,0.0,0.0,0.0,0.0,0.0,0.0,0.0,0.0,0.0,4.0,0.0,0.0,0.0,0.0,1.0,0.0,0.0,0.0,0.0,0.0,0.0,0.0,1.0,9.0,3.0,0.0,3.0,2.0,1.0,19.0,0.0,0.0,0.0,0.0,0.0,0.0,0.0,0.0,0.0,0.0,0.0,0.0,0.0,0.0,0.0,4.0,0.0,0.0,0.0,0.0,1.0,0.0,0.0,0.0,0.0,0.0,0.0,0.0,1.0,7.0,3.0,7730139308.0,-1.0,防城港市上思县,防城港市上思县华兰镇,8.0,22.5,0.0,1.5,32.0,28.55,55.97,38.14581005586592
广西壮族自治区,防城港市,上思县,叫安镇,107.9639509,22.1070409,0.0,3.0,0.0,2.0,9.0,3.0,0.0,0.0,0.0,0.0,0.0,0.0,0.0,0.0,0.0,0.0,0.0,0.0,0.0,0.0,3.0,0.0,1.0,0.0,0.0,1.0,22.0,0.0,0.0,1.0,0.0,7.0,0.0,2.0,5.0,5.0,0.0,3.0,0.0,1.0,9.0,3.0,0.0,0.0,0.0,0.0,0.0,0.0,0.0,0.0,0.0,0.0,0.0,0.0,0.0,0.0,1.0,0.0,0.0,0.0,0.0,1.0,22.0,0.0,0.0,0.0,0.0,7.0,0.0,1.0,5.0,4.0,2530973369.0,-1.0,防城港市上思县,防城港市上思县叫安镇,8.0,14.0,0.0,7.0,29.0,28.55,55.97,38.14581005586592
广西壮族自治区,防城港市,上思县,南屏瑶族乡,107.7151308,21.9187388,0.0,0.0,1.0,5.0,36.0,1.0,0.0,0.0,0.0,0.0,0.0,0.0,0.0,0.0,0.0,0.0,0.0,0.0,0.0,0.0,3.0,0.0,0.0,0.0,0.0,1.0,0.0,0.0,0.0,0.0,0.0,0.0,0.0,1.0,8.0,2.0,0.0,0.0,1.0,3.0,18.0,1.0,0.0,0.0,0.0,0.0,0.0,0.0,0.0,0.0,0.0,0.0,0.0,0.0,0.0,0.0,2.0,0.0,0.0,0.0,0.0,1.0,0.0,0.0,0.0,0.0,0.0,0.0,0.0,1.0,6.0,2.0,2530872770.0,-1.0,防城港市上思县,防城港市上思县南屏瑶族乡,8.0,24.0,0.0,1.0,33.0,28.55,55.97,38.14581005586592
广西壮族自治区,防城港市,上思县,平福乡,107.7165392,22.0132403,0.0,0.0,5.0,2.0,0.0,0.0,0.0,0.0,0.0,0.0,0.0,0.0,0.0,0.0,0.0,0.0,0.0,0.0,0.0,0.0,7.0,0.0,0.0,0.0,0.0,3.0,0.0,0.0,0.0,0.0,0.0,0.0,0.0,1.0,2.0,4.0,0.0,0.0,5.0,1.0,0.0,0.0,0.0,0.0,0.0,0.0,0.0,0.0,0.0,0.0,0.0,0.0,0.0,0.0,0.0,0.0,1.0,0.0,0.0,0.0,0.0,1.0,0.0,0.0,0.0,0.0,0.0,0.0,0.0,1.0,2.0,4.0,2530825441.0,-1.0,防城港市上思县,防城港市上思县平福乡,10.0,8.0,0.0,2.0,20.0,28.55,55.97,38.14581005586592
广西壮族自治区,防城港市,上思县,那琴乡,108.079734,22.251988,0.0,0.0,1.0,2.0,2.0,0.0,0.0,0.0,0.0,0.0,0.0,0.0,0.0,0.0,0.0,0.0,0.0,0.0,0.0,0.0,5.0,0.0,0.0,0.0,0.0,1.0,0.0,0.0,0.0,0.0,0.0,0.0,0.0,1.0,4.0,3.0,0.0,0.0,1.0,1.0,2.0,0.0,0.0,0.0,0.0,0.0,0.0,0.0,0.0,0.0,0.0,0.0,0.0,0.0,0.0,0.0,5.0,0.0,0.0,0.0,0.0,1.0,0.0,0.0,0.0,0.0,0.0,0.0,0.0,1.0,4.0,3.0,7730139307.0,-1.0,防城港市上思县,防城港市上思县那琴乡,8.0,10.0,0.0,1.5,19.5,28.55,55.97,38.14581005586592
广西壮族自治区,防城港市,上思县,公正乡,108.1810876,22.1293213,5.0,0.0,0.0,0.0,4.0,6.0,0.0,0.0,0.0,0.0,2.0,0.0,0.0,0.0,0.0,0.0,0.0,0.0,0.0,0.0,12.0,0.0,0.0,0.0,0.0,2.0,0.0,0.0,0.0,2.0,0.0,0.0,0.0,7.0,5.0,2.0,3.0,0.0,0.0,0.0,4.0,0.0,0.0,0.0,0.0,0.0,0.0,0.0,0.0,0.0,0.0,0.0,0.0,0.0,0.0,0.0,4.0,0.0,0.0,0.0,0.0,1.0,0.0,0.0,0.0,1.0,0.0,0.0,0.0,6.0,3.0,2.0,3145001503.0,-1.0,防城港市上思县,防城港市上思县公正乡,9.0,11.5,0.0,1.3,21.8,28.55,55.97,38.14581005586592
广西壮族自治区,防城港市,东兴市,东兴镇,107.9665303,21.5424216,57.0,8.0,58.0,127.0,935.0,257.0,0.0,22.0,36.0,7.0,1.0,11.0,1.0,1.0,12.0,18.0,2.0,1.0,13.0,34.0,13.0,23.0,13.0,8.0,3.0,24.0,620.0,9.0,41.0,11.0,33.0,89.0,23.0,14.0,19.0,17.0,2.0,2.0,9.0,31.0,174.0,68.0,0.0,1.0,2.0,4.0,0.0,2.0,0.0,0.0,2.0,2.0,0.0,0.0,4.0,7.0,6.0,4.0,0.0,0.0,1.0,6.0,156.0,9.0,22.0,1.0,15.0,16.0,6.0,11.0,14.0,10.0,6002577051.0,11339325.0,防城港市东兴市,防城港市东兴市东兴镇,20.0,30.0,18.0,20.0,88.0,68.46666666666667,55.97,38.14581005586592
广西壮族自治区,防城港市,东兴市,江平镇,108.1298651,21.5888867,35.0,0.0,3.0,17.0,79.0,21.0,0.0,7.0,1.0,0.0,1.0,3.0,1.0,1.0,3.0,4.0,2.0,0.0,1.0,1.0,8.0,2.0,3.0,1.0,1.0,7.0,24.0,0.0,13.0,8.0,7.0,2.0,1.0,3.0,13.0,16.0,10.0,0.0,0.0,4.0,47.0,19.0,0.0,6.0,1.0,0.0,1.0,2.0,1.0,1.0,3.0,4.0,2.0,0.0,1.0,1.0,5.0,2.0,0.0,1.0,0.0,4.0,23.0,0.0,13.0,5.0,7.0,2.0,1.0,2.0,7.0,11.0,5110311484.0,11339324.0,防城港市东兴市,防城港市东兴市江平镇,20.0,28.0,23.0,10.0,81.0,68.46666666666667,55.97,38.14581005586592
广西壮族自治区,防城港市,东兴市,马路镇,107.9612607,21.6556959,0.0,8.0,3.0,3.0,10.0,0.0,0.0,0.0,0.0,0.0,0.0,0.0,0.0,0.0,0.0,0.0,0.0,0.0,0.0,0.0,8.0,0.0,0.0,0.0,0.0,9.0,1.0,0.0,0.0,0.0,0.0,0.0,0.0,1.0,6.0,4.0,0.0,6.0,3.0,0.0,4.0,0.0,0.0,0.0,0.0,0.0,0.0,0.0,0.0,0.0,0.0,0.0,0.0,0.0,0.0,0.0,3.0,0.0,0.0,0.0,0.0,3.0,1.0,0.0,0.0,0.0,0.0,0.0,0.0,1.0,3.0,4.0,5110299082.0,11339326.0,防城港市东兴市,防城港市东兴市马路镇,20.0,14.2,0.0,2.2,36.400000000000006,68.46666666666667,55.97,38.14581005586592
广西壮族自治区,钦州市,钦南区,向阳街道,108.6280918,21.9650568,0.0,34.0,92.0,66.0,952.0,240.0,0.0,49.0,38.0,26.0,1.0,6.0,6.0,12.0,23.0,31.0,3.0,1.0,2.0,66.0,42.0,9.0,1.0,2.0,0.0,7.0,863.0,13.0,403.0,0.0,124.0,75.0,14.0,14.0,21.0,12.0,0.0,0.0,24.0,14.0,99.0,82.0,0.0,15.0,0.0,9.0,0.0,1.0,2.0,8.0,7.0,11.0,1.0,1.0,0.0,29.0,19.0,5.0,0.0,1.0,0.0,2.0,410.0,4.0,214.0,0.0,70.0,8.0,7.0,7.0,12.0,7.0,7984145087.0,11728055.0,钦州市钦南区,钦州市钦南区向阳街道,20.0,30.0,28.0,20.0,98.0,55.4125,37.63636363636363,38.14581005586592
广西壮族自治区,钦州市,钦南区,水东街道,108.6376618,21.952559,0.0,17.0,88.0,53.0,598.0,189.0,0.0,44.0,26.0,22.0,0.0,2.0,6.0,12.0,20.0,27.0,2.0,1.0,1.0,52.0,39.0,7.0,0.0,1.0,0.0,6.0,711.0,13.0,345.0,0.0,102.0,66.0,13.0,11.0,20.0,9.0,0.0,0.0,14.0,6.0,115.0,10.0,0.0,4.0,4.0,1.0,0.0,0.0,0.0,0.0,3.0,3.0,0.0,0.0,0.0,0.0,2.0,2.0,0.0,0.0,0.0,1.0,17.0,0.0,0.0,0.0,1.0,15.0,0.0,3.0,12.0,5.0,7984145086.0,12481198.0,钦州市钦南区,钦州市钦南区水东街道,20.0,28.0,10.0,20.0,78.0,55.4125,37.63636363636363,38.14581005586592
广西壮族自治区,钦州市,钦南区,文峰街道,108.6128139,21.9488572,0.0,34.0,41.0,40.0,599.0,156.0,0.0,24.0,5.0,13.0,1.0,5.0,5.0,11.0,18.0,23.0,2.0,1.0,1.0,46.0,22.0,6.0,0.0,2.0,1.0,6.0,515.0,4.0,259.0,4.0,86.0,40.0,10.0,11.0,19.0,10.0,0.0,10.0,0.0,8.0,140.0,8.0,0.0,0.0,2.0,0.0,0.0,0.0,3.0,3.0,3.0,3.0,0.0,0.0,0.0,3.0,1.0,0.0,0.0,0.0,0.0,1.0,20.0,0.0,11.0,0.0,2.0,6.0,0.0,2.0,8.0,4.0,7984145104.0,12481200.0,钦州市钦南区,钦州市钦南区文峰街道,20.0,30.0,18.0,20.0,88.0,55.4125,37.63636363636363,38.14581005586592
广西壮族自治区,钦州市,钦南区,南珠街道,108.6086295,21.9631763,0.0,39.0,41.0,49.0,746.0,187.0,0.0,25.0,19.0,15.0,2.0,5.0,6.0,12.0,19.0,26.0,2.0,1.0,2.0,58.0,25.0,6.0,1.0,3.0,0.0,5.0,627.0,5.0,293.0,2.0,106.0,44.0,12.0,13.0,19.0,12.0,0.0,2.0,3.0,9.0,119.0,42.0,0.0,4.0,0.0,1.0,0.0,3.0,1.0,1.0,4.0,4.0,1.0,0.0,0.0,3.0,1.0,1.0,0.0,0.0,0.0,1.0,6.0,0.0,2.0,0.0,7.0,3.0,0.0,1.0,10.0,4.0,7984145105.0,12481199.0,钦州市钦南区,钦州市钦南区南珠街道,20.0,30.0,23.0,20.0,93.0,55.4125,37.63636363636363,38.14581005586592
广西壮族自治区,钦州市,钦南区,尖山街道,108.589027,21.936034,0.0,26.0,2.0,25.0,182.0,5.0,0.0,0.0,1.0,1.0,1.0,0.0,0.0,0.0,4.0,4.0,0.0,0.0,0.0,1.0,5.0,0.0,0.0,1.0,1.0,2.0,26.0,0.0,16.0,5.0,0.0,5.0,0.0,6.0,14.0,9.0,0.0,0.0,0.0,1.0,40.0,0.0,0.0,0.0,0.0,0.0,0.0,0.0,0.0,0.0,0.0,0.0,0.0,0.0,0.0,0.0,2.0,0.0,0.0,0.0,0.0,1.0,0.0,0.0,0.0,0.0,0.0,0.0,0.0,1.0,3.0,3.0,4562167891.0,12481197.0,钦州市钦南区,钦州市钦南区尖山街道,17.0,30.0,0.0,7.1,54.1,55.4125,37.63636363636363,38.14581005586592
广西壮族自治区,钦州市,钦南区,沙埠镇,108.6615921,21.9551718,10.0,15.0,58.0,42.0,224.0,86.0,0.0,27.0,35.0,15.0,1.0,2.0,1.0,1.0,9.0,12.0,1.0,0.0,0.0,6.0,19.0,3.0,0.0,0.0,0.0,3.0,272.0,8.0,128.0,0.0,20.0,44.0,2.0,13.0,20.0,9.0,0.0,2.0,6.0,3.0,12.0,1.0,0.0,0.0,0.0,0.0,0.0,0.0,0.0,0.0,1.0,1.0,0.0,0.0,0.0,0.0,1.0,0.0,0.0,0.0,0.0,1.0,1.0,0.0,0.0,0.0,0.0,3.0,0.0,1.0,7.0,3.0,4562159814.0,12481196.0,钦州市钦南区,钦州市钦南区沙埠镇,18.0,30.0,10.0,20.0,78.0,55.4125,37.63636363636363,38.14581005586592
广西壮族自治区,钦州市,钦南区,康熙岭镇,108.5088129,21.9141632,0.0,1.0,0.0,1.0,6.0,0.0,0.0,0.0,1.0,0.0,0.0,0.0,0.0,0.0,0.0,0.0,0.0,0.0,0.0,0.0,7.0,0.0,0.0,0.0,0.0,1.0,1.0,0.0,0.0,1.0,0.0,0.0,0.0,5.0,3.0,6.0,0.0,1.0,0.0,0.0,6.0,0.0,0.0,0.0,0.0,0.0,0.0,0.0,0.0,0.0,0.0,0.0,0.0,0.0,0.0,0.0,2.0,0.0,0.0,0.0,0.0,1.0,0.0,0.0,0.0,0.0,0.0,0.0,0.0,3.0,2.0,3.0,3145062076.0,12481195.0,钦州市钦南区,钦州市钦南区康熙岭镇,16.0,12.5,0.0,3.2,31.7,55.4125,37.63636363636363,38.14581005586592
广西壮族自治区,钦州市,钦南区,黄屋屯镇,108.5233276,21.9877212,0.0,5.0,0.0,10.0,4.0,24.0,0.0,0.0,0.0,3.0,2.0,0.0,0.0,0.0,0.0,0.0,0.0,0.0,0.0,0.0,10.0,0.0,3.0,0.0,0.0,1.0,11.0,0.0,0.0,1.0,0.0,0.0,0.0,5.0,9.0,4.0,0.0,3.0,0.0,3.0,3.0,0.0,0.0,0.0,0.0,0.0,0.0,0.0,0.0,0.0,0.0,0.0,0.0,0.0,0.0,0.0,3.0,0.0,0.0,0.0,0.0,1.0,0.0,0.0,0.0,0.0,0.0,0.0,0.0,2.0,4.0,3.0,3145062077.0,12481194.0,钦州市钦南区,钦州市钦南区黄屋屯镇,16.0,19.7,0.0,3.2,38.900000000000006,55.4125,37.63636363636363,38.14581005586592
广西壮族自治区,钦州市,钦南区,大番坡镇,108.644488,21.845236,0.0,14.0,6.0,6.0,7.0,0.0,0.0,0.0,0.0,0.0,0.0,0.0,0.0,0.0,0.0,0.0,0.0,0.0,0.0,0.0,1.0,0.0,2.0,0.0,0.0,1.0,0.0,0.0,0.0,0.0,0.0,0.0,0.0,2.0,7.0,4.0,0.0,0.0,0.0,3.0,4.0,0.0,0.0,0.0,0.0,0.0,0.0,0.0,0.0,0.0,0.0,0.0,0.0,0.0,0.0,0.0,1.0,0.0,2.0,0.0,0.0,1.0,0.0,0.0,0.0,0.0,0.0,0.0,0.0,1.0,3.0,2.0,5113382446.0,12481187.0,钦州市钦南区,钦州市钦南区大番坡镇,16.0,16.1,0.0,2.0,34.1,55.4125,37.63636363636363,38.14581005586592
广西壮族自治区,钦州市,钦南区,龙门港镇,108.5418515,21.7454314,8.0,0.0,2.0,3.0,14.0,2.0,0.0,0.0,0.0,1.0,0.0,0.0,0.0,0.0,0.0,0.0,0.0,0.0,0.0,0.0,0.0,0.0,1.0,0.0,0.0,23.0,19.0,6.0,0.0,2.0,0.0,3.0,0.0,9.0,8.0,10.0,2.0,0.0,1.0,0.0,14.0,0.0,0.0,0.0,0.0,0.0,0.0,0.0,0.0,0.0,0.0,0.0,0.0,0.0,0.0,0.0,0.0,0.0,1.0,0.0,0.0,6.0,10.0,0.0,0.0,0.0,0.0,3.0,0.0,3.0,3.0,5.0,4895534226.0,12481193.0,钦州市钦南区,钦州市钦南区龙门港镇,20.0,21.0,0.0,7.1,48.1,55.4125,37.63636363636363,38.14581005586592
广西壮族自治区,钦州市,钦南区,久隆镇,108.7187866,22.0617725,2.0,3.0,0.0,8.0,9.0,0.0,0.0,0.0,0.0,0.0,1.0,0.0,0.0,0.0,0.0,0.0,0.0,0.0,0.0,0.0,2.0,0.0,0.0,0.0,3.0,1.0,0.0,0.0,0.0,0.0,0.0,0.0,0.0,5.0,6.0,6.0,2.0,2.0,0.0,4.0,3.0,0.0,0.0,0.0,0.0,0.0,0.0,0.0,0.0,0.0,0.0,0.0,0.0,0.0,0.0,0.0,2.0,0.0,0.0,0.0,0.0,1.0,0.0,0.0,0.0,0.0,0.0,0.0,0.0,3.0,4.0,4.0,3997659482.0,12481192.0,钦州市钦南区,钦州市钦南区久隆镇,16.0,17.7,0.0,3.0,36.7,55.4125,37.63636363636363,38.14581005586592
广西壮族自治区,钦州市,钦南区,东场镇,108.776774,21.834468,0.0,0.0,3.0,11.0,24.0,1.0,0.0,0.0,0.0,0.0,0.0,0.0,0.0,0.0,0.0,0.0,0.0,0.0,0.0,0.0,7.0,0.0,0.0,0.0,0.0,1.0,12.0,0.0,0.0,0.0,0.0,2.0,0.0,1.0,6.0,6.0,0.0,0.0,3.0,7.0,12.0,0.0,0.0,0.0,0.0,0.0,0.0,0.0,0.0,0.0,0.0,0.0,0.0,0.0,0.0,0.0,3.0,0.0,0.0,0.0,0.0,1.0,11.0,0.0,0.0,0.0,0.0,2.0,0.0,1.0,4.0,6.0,5113402268.0,12481188.0,钦州市钦南区,钦州市钦南区东场镇,16.0,21.4,0.0,5.300000000000001,42.7,55.4125,37.63636363636363,38.14581005586592
广西壮族自治区,钦州市,钦南区,那丽镇,108.89796,21.869884,0.0,0.0,16.0,7.0,23.0,0.0,0.0,0.0,0.0,0.0,0.0,0.0,0.0,0.0,0.0,0.0,0.0,0.0,0.0,0.0,2.0,0.0,2.0,0.0,0.0,1.0,16.0,0.0,0.0,0.0,0.0,1.0,0.0,3.0,6.0,5.0,0.0,0.0,6.0,6.0,18.0,0.0,0.0,0.0,0.0,0.0,0.0,0.0,0.0,0.0,0.0,0.0,0.0,0.0,0.0,0.0,1.0,0.0,0.0,0.0,0.0,1.0,5.0,0.0,0.0,0.0,0.0,1.0,0.0,1.0,4.0,4.0,5135349262.0,12481189.0,钦州市钦南区,钦州市钦南区那丽镇,16.0,23.0,0.0,4.6,43.6,55.4125,37.63636363636363,38.14581005586592
广西壮族自治区,钦州市,钦南区,那彭镇,108.9335383,21.9797795,2.0,0.0,6.0,4.0,27.0,1.0,0.0,0.0,0.0,0.0,0.0,0.0,0.0,0.0,0.0,0.0,0.0,0.0,0.0,0.0,2.0,0.0,3.0,0.0,0.0,1.0,0.0,0.0,0.0,0.0,0.0,0.0,0.0,2.0,7.0,3.0,0.0,0.0,4.0,1.0,18.0,1.0,0.0,0.0,0.0,0.0,0.0,0.0,0.0,0.0,0.0,0.0,0.0,0.0,0.0,0.0,2.0,0.0,3.0,0.0,0.0,1.0,0.0,0.0,0.0,0.0,0.0,0.0,0.0,1.0,5.0,3.0,2856353781.0,12481191.0,钦州市钦南区,钦州市钦南区那彭镇,16.0,23.3,0.0,1.5,40.8,55.4125,37.63636363636363,38.14581005586592
广西壮族自治区,钦州市,钦南区,那思镇,109.0317859,21.9319741,6.0,0.0,2.0,5.0,14.0,0.0,0.0,0.0,0.0,0.0,0.0,0.0,0.0,0.0,0.0,0.0,0.0,0.0,0.0,0.0,3.0,0.0,1.0,0.0,0.0,2.0,0.0,0.0,0.0,0.0,0.0,0.0,0.0,2.0,6.0,4.0,1.0,0.0,2.0,1.0,7.0,0.0,0.0,0.0,0.0,0.0,0.0,0.0,0.0,0.0,0.0,0.0,0.0,0.0,0.0,0.0,2.0,0.0,1.0,0.0,0.0,1.0,0.0,0.0,0.0,0.0,0.0,0.0,0.0,1.0,5.0,3.0,5135500981.0,12481190.0,钦州市钦南区,钦州市钦南区那思镇,17.0,17.9,0.0,2.0,36.9,55.4125,37.63636363636363,38.14581005586592
广西壮族自治区,钦州市,钦南区,犀牛脚镇,108.7347314,21.6488537,7.0,0.0,0.0,0.0,17.0,0.0,0.0,0.0,0.0,0.0,0.0,1.0,0.0,0.0,1.0,1.0,0.0,0.0,0.0,0.0,3.0,0.0,0.0,0.0,0.0,2.0,5.0,0.0,0.0,1.0,0.0,1.0,0.0,5.0,3.0,9.0,2.0,0.0,0.0,0.0,7.0,0.0,0.0,0.0,0.0,0.0,0.0,1.0,0.0,0.0,1.0,1.0,0.0,0.0,0.0,0.0,1.0,0.0,0.0,0.0,0.0,1.0,4.0,0.0,0.0,0.0,0.0,0.0,0.0,4.0,3.0,6.0,5113388826.0,11728059.0,钦州市钦南区,钦州市钦南区犀牛脚镇,17.0,12.0,10.0,5.0,44.0,55.4125,37.63636363636363,38.14581005586592
广西壮族自治区,钦州市,钦北区,长田街道,108.636574,22.0031322,12.0,15.0,27.0,26.0,304.0,53.0,0.0,4.0,16.0,5.0,1.0,4.0,1.0,1.0,3.0,3.0,0.0,0.0,0.0,13.0,8.0,1.0,1.0,1.0,1.0,4.0,138.0,1.0,60.0,0.0,18.0,25.0,3.0,12.0,19.0,13.0,7.0,3.0,0.0,4.0,36.0,23.0,0.0,0.0,0.0,2.0,0.0,0.0,0.0,0.0,1.0,1.0,0.0,0.0,0.0,0.0,0.0,0.0,0.0,0.0,0.0,2.0,53.0,0.0,16.0,0.0,0.0,8.0,0.0,8.0,6.0,4.0,4561875656.0,6803298.0,钦州市钦北区,钦州市钦北区长田街道,19.0,30.0,10.0,20.0,79.0,40.85,37.63636363636363,38.14581005586592
广西壮族自治区,钦州市,钦北区,鸿亭街道,108.6466799,21.985732,14.0,21.0,71.0,53.0,458.0,140.0,0.0,44.0,37.0,15.0,2.0,5.0,2.0,6.0,9.0,14.0,1.0,1.0,1.0,37.0,31.0,3.0,1.0,1.0,1.0,5.0,671.0,7.0,380.0,0.0,68.0,56.0,7.0,14.0,20.0,13.0,0.0,4.0,14.0,10.0,19.0,15.0,0.0,1.0,0.0,1.0,0.0,4.0,0.0,0.0,1.0,1.0,0.0,0.0,0.0,1.0,2.0,1.0,0.0,0.0,0.0,1.0,17.0,0.0,5.0,0.0,4.0,4.0,0.0,4.0,12.0,6.0,4561892940.0,6803308.0,钦州市钦北区,钦州市钦北区鸿亭街道,20.0,30.0,11.0,20.0,81.0,40.85,37.63636363636363,38.14581005586592
广西壮族自治区,钦州市,钦北区,子材街道,108.6269445,21.9822983,7.0,21.0,72.0,51.0,691.0,237.0,0.0,38.0,32.0,22.0,1.0,9.0,4.0,10.0,18.0,25.0,3.0,1.0,2.0,53.0,36.0,9.0,1.0,2.0,0.0,7.0,795.0,11.0,385.0,0.0,113.0,50.0,11.0,16.0,21.0,12.0,0.0,8.0,12.0,11.0,237.0,18.0,0.0,2.0,8.0,0.0,1.0,0.0,0.0,0.0,2.0,2.0,0.0,0.0,1.0,13.0,5.0,0.0,1.0,1.0,0.0,1.0,49.0,1.0,39.0,0.0,15.0,9.0,3.0,1.0,12.0,8.0,4561826012.0,6803243.0,钦州市钦北区,钦州市钦北区子材街道,20.0,30.0,18.0,20.0,88.0,40.85,37.63636363636363,38.14581005586592
广西壮族自治区,钦州市,钦北区,大垌镇,108.6312019,22.1069653,1.0,11.0,1.0,6.0,15.0,3.0,0.0,1.0,1.0,0.0,0.0,0.0,0.0,0.0,0.0,0.0,0.0,0.0,0.0,0.0,5.0,1.0,17.0,0.0,1.0,1.0,1.0,0.0,0.0,2.0,0.0,0.0,0.0,4.0,11.0,7.0,1.0,4.0,1.0,2.0,9.0,0.0,0.0,0.0,0.0,0.0,0.0,0.0,0.0,0.0,0.0,0.0,0.0,0.0,0.0,0.0,2.0,0.0,1.0,0.0,0.0,1.0,0.0,0.0,0.0,0.0,0.0,0.0,0.0,2.0,5.0,3.0,2855588401.0,-1.0,钦州市钦北区,钦州市钦北区大垌镇,8.0,21.7,0.0,3.8,33.5,40.85,37.63636363636363,38.14581005586592
广西壮族自治区,钦州市,钦北区,平吉镇,108.7601203,22.1624122,0.0,3.0,0.0,20.0,2.0,3.0,0.0,0.0,0.0,0.0,0.0,0.0,0.0,0.0,0.0,0.0,0.0,0.0,0.0,0.0,4.0,0.0,1.0,0.0,4.0,1.0,4.0,0.0,0.0,4.0,0.0,0.0,0.0,2.0,5.0,5.0,0.0,3.0,0.0,14.0,2.0,0.0,0.0,0.0,0.0,0.0,0.0,0.0,0.0,0.0,0.0,0.0,0.0,0.0,0.0,0.0,4.0,0.0,0.0,0.0,0.0,1.0,4.0,0.0,0.0,1.0,0.0,0.0,0.0,1.0,3.0,3.0,2855588402.0,-1.0,钦州市钦北区,钦州市钦北区平吉镇,8.0,13.5,0.0,3.8,25.3,40.85,37.63636363636363,38.14581005586592
广西壮族自治区,钦州市,钦北区,青塘镇,108.8221034,22.2678542,0.0,3.0,0.0,2.0,5.0,0.0,0.0,0.0,0.0,0.0,0.0,0.0,0.0,0.0,0.0,0.0,0.0,0.0,0.0,0.0,1.0,0.0,1.0,0.0,0.0,2.0,1.0,0.0,0.0,1.0,0.0,0.0,0.0,3.0,4.0,5.0,0.0,1.0,0.0,1.0,3.0,0.0,0.0,0.0,0.0,0.0,0.0,0.0,0.0,0.0,0.0,0.0,0.0,0.0,0.0,0.0,1.0,0.0,1.0,0.0,0.0,1.0,0.0,0.0,0.0,1.0,0.0,0.0,0.0,1.0,3.0,2.0,2855588403.0,-1.0,钦州市钦北区,钦州市钦北区青塘镇,9.0,10.9,0.0,2.8,22.7,40.85,37.63636363636363,38.14581005586592
广西壮族自治区,钦州市,钦北区,小董镇,108.6256,22.225236,0.0,4.0,10.0,6.0,36.0,0.0,0.0,0.0,1.0,0.0,0.0,0.0,0.0,0.0,0.0,0.0,0.0,0.0,0.0,0.0,7.0,0.0,1.0,0.0,0.0,2.0,0.0,0.0,0.0,0.0,0.0,0.0,0.0,3.0,5.0,4.0,0.0,1.0,5.0,2.0,36.0,0.0,0.0,0.0,0.0,0.0,0.0,0.0,0.0,0.0,0.0,0.0,0.0,0.0,0.0,0.0,2.0,0.0,0.0,0.0,0.0,1.0,0.0,0.0,0.0,0.0,0.0,0.0,0.0,2.0,5.0,2.0,4561826011.0,-1.0,钦州市钦北区,钦州市钦北区小董镇,9.0,24.5,0.0,2.0,35.5,40.85,37.63636363636363,38.14581005586592
广西壮族自治区,钦州市,钦北区,板城镇,108.7,22.3,0.0,0.0,3.0,0.0,27.0,0.0,0.0,0.0,0.0,0.0,0.0,0.0,0.0,0.0,0.0,0.0,0.0,0.0,0.0,0.0,1.0,0.0,0.0,0.0,0.0,1.0,1.0,0.0,0.0,0.0,0.0,0.0,0.0,3.0,2.0,3.0,0.0,0.0,1.0,0.0,14.0,0.0,0.0,0.0,0.0,0.0,0.0,0.0,0.0,0.0,0.0,0.0,0.0,0.0,0.0,0.0,1.0,0.0,0.0,0.0,0.0,1.0,0.0,0.0,0.0,0.0,0.0,0.0,0.0,2.0,2.0,2.0,4561583981.0,-1.0,钦州市钦北区,钦州市钦北区板城镇,8.0,15.600000000000001,0.0,1.6,25.200000000000003,40.85,37.63636363636363,38.14581005586592
广西壮族自治区,钦州市,钦北区,那蒙镇,108.55257,22.169174,3.0,0.0,4.0,1.0,34.0,0.0,0.0,0.0,0.0,0.0,0.0,0.0,0.0,0.0,0.0,0.0,0.0,0.0,0.0,0.0,1.0,0.0,4.0,0.0,0.0,2.0,0.0,0.0,0.0,1.0,0.0,8.0,0.0,3.0,5.0,5.0,1.0,0.0,3.0,1.0,31.0,0.0,0.0,0.0,0.0,0.0,0.0,0.0,0.0,0.0,0.0,0.0,0.0,0.0,0.0,0.0,1.0,0.0,1.0,0.0,0.0,1.0,0.0,0.0,0.0,1.0,0.0,8.0,0.0,3.0,5.0,5.0,4562134013.0,-1.0,钦州市钦北区,钦州市钦北区那蒙镇,9.0,22.5,0.0,2.7,34.2,40.85,37.63636363636363,38.14581005586592
广西壮族自治区,钦州市,钦北区,长滩镇,108.6020402,22.3063911,0.0,1.0,0.0,5.0,5.0,0.0,0.0,0.0,0.0,0.0,0.0,0.0,0.0,0.0,0.0,0.0,0.0,0.0,0.0,0.0,4.0,0.0,0.0,0.0,0.0,1.0,0.0,0.0,0.0,0.0,0.0,0.0,0.0,2.0,3.0,2.0,0.0,1.0,0.0,5.0,5.0,0.0,0.0,0.0,0.0,0.0,0.0,0.0,0.0,0.0,0.0,0.0,0.0,0.0,0.0,0.0,2.0,0.0,0.0,0.0,0.0,1.0,0.0,0.0,0.0,0.0,0.0,0.0,0.0,2.0,3.0,2.0,4561695613.0,-1.0,钦州市钦北区,钦州市钦北区长滩镇,8.0,14.0,0.0,1.0,23.0,40.85,37.63636363636363,38.14581005586592
广西壮族自治区,钦州市,钦北区,新棠镇,108.594333,22.408572,5.0,3.0,1.0,3.0,14.0,0.0,0.0,3.0,0.0,0.0,0.0,0.0,0.0,0.0,0.0,0.0,0.0,0.0,0.0,0.0,3.0,0.0,0.0,0.0,0.0,2.0,0.0,0.0,0.0,0.0,0.0,0.0,0.0,7.0,7.0,2.0,2.0,2.0,1.0,3.0,9.0,0.0,0.0,0.0,0.0,0.0,0.0,0.0,0.0,0.0,0.0,0.0,0.0,0.0,0.0,0.0,1.0,0.0,0.0,0.0,0.0,1.0,0.0,0.0,0.0,0.0,0.0,0.0,0.0,6.0,6.0,1.0,4561401442.0,-1.0,钦州市钦北区,钦州市钦北区新棠镇,9.0,17.0,0.0,1.0,27.0,40.85,37.63636363636363,38.14581005586592
广西壮族自治区,钦州市,钦北区,大直镇,108.3679688,21.9934872,6.0,4.0,4.0,2.0,61.0,0.0,0.0,4.0,0.0,0.0,0.0,0.0,0.0,0.0,0.0,0.0,0.0,0.0,0.0,0.0,3.0,0.0,0.0,0.0,0.0,1.0,0.0,0.0,0.0,0.0,0.0,1.0,0.0,3.0,6.0,4.0,4.0,1.0,4.0,0.0,55.0,0.0,0.0,4.0,0.0,0.0,0.0,0.0,0.0,0.0,0.0,0.0,0.0,0.0,0.0,0.0,1.0,0.0,0.0,0.0,0.0,1.0,0.0,0.0,0.0,0.0,0.0,1.0,0.0,3.0,5.0,4.0,2885103452.0,-1.0,钦州市钦北区,钦州市钦北区大直镇,8.0,23.0,0.0,2.0,33.0,40.85,37.63636363636363,38.14581005586592
广西壮族自治区,钦州市,钦北区,大寺镇,108.445665,22.132727,0.0,16.0,8.0,4.0,40.0,2.0,0.0,0.0,0.0,0.0,0.0,0.0,0.0,0.0,0.0,0.0,0.0,0.0,0.0,0.0,7.0,0.0,6.0,0.0,0.0,3.0,3.0,0.0,0.0,2.0,0.0,1.0,0.0,3.0,9.0,7.0,0.0,12.0,3.0,2.0,37.0,0.0,0.0,0.0,0.0,0.0,0.0,0.0,0.0,0.0,0.0,0.0,0.0,0.0,0.0,0.0,5.0,0.0,0.0,0.0,0.0,1.0,1.0,0.0,0.0,0.0,0.0,1.0,0.0,3.0,8.0,5.0,5122540972.0,-1.0,钦州市钦北区,钦州市钦北区大寺镇,10.0,24.0,0.0,4.1,38.1,40.85,37.63636363636363,38.14581005586592
广西壮族自治区,钦州市,钦北区,贵台镇,108.3223409,22.1771449,0.0,5.0,0.0,9.0,12.0,0.0,0.0,1.0,0.0,0.0,0.0,0.0,0.0,0.0,0.0,0.0,0.0,0.0,0.0,0.0,8.0,0.0,0.0,0.0,0.0,1.0,0.0,0.0,0.0,0.0,0.0,0.0,0.0,2.0,5.0,4.0,0.0,5.0,0.0,5.0,5.0,0.0,0.0,1.0,0.0,0.0,0.0,0.0,0.0,0.0,0.0,0.0,0.0,0.0,0.0,0.0,2.0,0.0,0.0,0.0,0.0,1.0,0.0,0.0,0.0,0.0,0.0,0.0,0.0,2.0,4.0,4.0,1535265375.0,-1.0,钦州市钦北区,钦州市钦北区贵台镇,8.0,16.4,0.0,2.0,26.4,40.85,37.63636363636363,38.14581005586592
广西壮族自治区,钦州市,灵山县,灵城街道,109.293894,22.425701,3.0,17.0,25.0,20.0,104.0,1.0,0.0,0.0,0.0,0.0,0.0,0.0,0.0,0.0,0.0,0.0,0.0,0.0,0.0,0.0,1.0,0.0,0.0,0.0,0.0,3.0,2.0,0.0,0.0,1.0,0.0,6.0,2.0,5.0,11.0,7.0,0.0,2.0,9.0,12.0,47.0,0.0,0.0,0.0,0.0,0.0,0.0,0.0,0.0,0.0,0.0,0.0,0.0,0.0,0.0,0.0,0.0,0.0,0.0,0.0,0.0,2.0,0.0,0.0,0.0,0.0,0.0,0.0,0.0,2.0,5.0,3.0,5138043570.0,-1.0,钦州市灵山县,钦州市灵山县灵城街道,10.0,24.0,0.0,3.8,37.8,31.742105263157896,37.63636363636363,38.14581005586592
广西壮族自治区,钦州市,灵山县,三海街道,109.2795245,22.4079087,18.0,19.0,20.0,19.0,120.0,2.0,0.0,0.0,0.0,0.0,0.0,0.0,0.0,1.0,2.0,2.0,0.0,0.0,0.0,0.0,5.0,0.0,1.0,0.0,1.0,3.0,2.0,0.0,0.0,2.0,0.0,7.0,2.0,5.0,12.0,9.0,0.0,3.0,7.0,4.0,46.0,2.0,0.0,0.0,0.0,0.0,0.0,0.0,0.0,0.0,0.0,0.0,0.0,0.0,0.0,0.0,1.0,0.0,0.0,0.0,0.0,1.0,0.0,0.0,0.0,0.0,0.0,2.0,0.0,1.0,6.0,4.0,5138043571.0,-1.0,钦州市灵山县,钦州市灵山县三海街道,10.0,24.0,0.0,4.4,38.4,31.742105263157896,37.63636363636363,38.14581005586592
广西壮族自治区,钦州市,灵山县,新圩镇,109.288333,22.379593,7.0,5.0,2.0,13.0,41.0,2.0,0.0,0.0,0.0,0.0,0.0,0.0,0.0,1.0,2.0,2.0,0.0,0.0,0.0,0.0,4.0,0.0,1.0,0.0,2.0,1.0,0.0,0.0,0.0,0.0,0.0,1.0,0.0,2.0,13.0,5.0,1.0,0.0,2.0,1.0,0.0,0.0,0.0,0.0,0.0,0.0,0.0,0.0,0.0,0.0,0.0,0.0,0.0,0.0,0.0,0.0,2.0,0.0,1.0,0.0,0.0,1.0,0.0,0.0,0.0,0.0,0.0,0.0,0.0,2.0,3.0,3.0,5138043572.0,7616483.0,钦州市灵山县,钦州市灵山县新圩镇,16.0,22.200000000000003,0.0,2.5,40.7,31.742105263157896,37.63636363636363,38.14581005586592
广西壮族自治区,钦州市,灵山县,丰塘镇,109.3095197,22.5649857,0.0,0.0,2.0,1.0,0.0,0.0,0.0,0.0,0.0,0.0,0.0,0.0,0.0,0.0,0.0,0.0,0.0,0.0,0.0,0.0,0.0,0.0,0.0,0.0,0.0,1.0,0.0,0.0,0.0,0.0,0.0,0.0,0.0,5.0,3.0,1.0,0.0,0.0,2.0,1.0,0.0,0.0,0.0,0.0,0.0,0.0,0.0,0.0,0.0,0.0,0.0,0.0,0.0,0.0,0.0,0.0,0.0,0.0,0.0,0.0,0.0,1.0,0.0,0.0,0.0,0.0,0.0,0.0,0.0,1.0,2.0,0.0,3155700110.0,-1.0,钦州市灵山县,钦州市灵山县丰塘镇,8.0,7.5,0.0,0.5,16.0,31.742105263157896,37.63636363636363,38.14581005586592
广西壮族自治区,钦州市,灵山县,平山镇,109.428805,22.513959,0.0,3.0,0.0,12.0,40.0,0.0,0.0,0.0,0.0,0.0,0.0,0.0,0.0,0.0,0.0,0.0,0.0,0.0,0.0,0.0,11.0,0.0,0.0,0.0,0.0,1.0,0.0,0.0,0.0,0.0,0.0,0.0,0.0,2.0,4.0,5.0,0.0,3.0,0.0,9.0,22.0,0.0,0.0,0.0,0.0,0.0,0.0,0.0,0.0,0.0,0.0,0.0,0.0,0.0,0.0,0.0,5.0,0.0,0.0,0.0,0.0,1.0,0.0,0.0,0.0,0.0,0.0,0.0,0.0,2.0,4.0,4.0,4239089696.0,-1.0,钦州市灵山县,钦州市灵山县平山镇,8.0,22.0,0.0,2.5,32.5,31.742105263157896,37.63636363636363,38.14581005586592
广西壮族自治区,钦州市,灵山县,石塘镇,109.502729,22.586323,0.0,2.0,0.0,13.0,68.0,0.0,0.0,0.0,0.0,0.0,0.0,0.0,0.0,0.0,0.0,0.0,0.0,0.0,0.0,0.0,20.0,0.0,0.0,0.0,0.0,5.0,3.0,0.0,0.0,0.0,0.0,0.0,0.0,4.0,4.0,3.0,0.0,2.0,0.0,4.0,19.0,0.0,0.0,0.0,0.0,0.0,0.0,0.0,0.0,0.0,0.0,0.0,0.0,0.0,0.0,0.0,2.0,0.0,0.0,0.0,0.0,2.0,1.0,0.0,0.0,0.0,0.0,0.0,0.0,1.0,4.0,2.0,3909480944.0,-1.0,钦州市灵山县,钦州市灵山县石塘镇,12.0,22.0,0.0,1.9,35.9,31.742105263157896,37.63636363636363,38.14581005586592
广西壮族自治区,钦州市,灵山县,佛子镇,109.376872,22.442943,0.0,3.0,0.0,1.0,0.0,0.0,0.0,0.0,0.0,0.0,0.0,0.0,0.0,0.0,0.0,0.0,0.0,0.0,0.0,0.0,1.0,0.0,0.0,0.0,0.0,1.0,0.0,0.0,0.0,0.0,0.0,0.0,0.0,2.0,2.0,3.0,0.0,1.0,0.0,0.0,0.0,0.0,0.0,0.0,0.0,0.0,0.0,0.0,0.0,0.0,0.0,0.0,0.0,0.0,0.0,0.0,1.0,0.0,0.0,0.0,0.0,1.0,0.0,0.0,0.0,0.0,0.0,0.0,0.0,1.0,1.0,2.0,5138088610.0,-1.0,钦州市灵山县,钦州市灵山县佛子镇,8.0,7.0,0.0,1.5,16.5,31.742105263157896,37.63636363636363,38.14581005586592
广西壮族自治区,钦州市,灵山县,平南镇,109.2091311,22.5146378,1.0,0.0,8.0,13.0,18.0,4.0,0.0,0.0,0.0,0.0,0.0,0.0,0.0,0.0,0.0,0.0,0.0,0.0,0.0,0.0,4.0,0.0,0.0,0.0,0.0,3.0,11.0,0.0,0.0,0.0,0.0,4.0,0.0,8.0,6.0,4.0,0.0,0.0,8.0,8.0,15.0,4.0,0.0,0.0,0.0,0.0,0.0,0.0,0.0,0.0,0.0,0.0,0.0,0.0,0.0,0.0,3.0,0.0,0.0,0.0,0.0,2.0,2.0,0.0,0.0,0.0,0.0,0.0,0.0,6.0,4.0,3.0,3155700115.0,-1.0,钦州市灵山县,钦州市灵山县平南镇,10.0,21.1,0.0,3.3,34.4,31.742105263157896,37.63636363636363,38.14581005586592
广西壮族自治区,钦州市,灵山县,烟墩镇,109.0804953,22.4809289,5.0,0.0,6.0,8.0,0.0,0.0,0.0,0.0,0.0,0.0,0.0,0.0,0.0,0.0,0.0,0.0,0.0,0.0,0.0,0.0,1.0,0.0,0.0,0.0,0.0,3.0,0.0,0.0,0.0,0.0,0.0,0.0,0.0,2.0,3.0,2.0,4.0,0.0,1.0,5.0,0.0,0.0,0.0,0.0,0.0,0.0,0.0,0.0,0.0,0.0,0.0,0.0,0.0,0.0,0.0,0.0,1.0,0.0,0.0,0.0,0.0,1.0,0.0,0.0,0.0,0.0,0.0,0.0,0.0,2.0,3.0,2.0,4239030639.0,-1.0,钦州市灵山县,钦州市灵山县烟墩镇,10.0,11.5,0.0,1.0,22.5,31.742105263157896,37.63636363636363,38.14581005586592
广西壮族自治区,钦州市,灵山县,檀圩镇,109.2019163,22.3449482,3.0,4.0,4.0,7.0,39.0,0.0,0.0,0.0,0.0,0.0,1.0,0.0,0.0,0.0,0.0,0.0,0.0,0.0,0.0,0.0,1.0,0.0,0.0,0.0,0.0,2.0,0.0,0.0,0.0,0.0,0.0,0.0,0.0,2.0,8.0,2.0,0.0,0.0,4.0,5.0,18.0,0.0,0.0,0.0,0.0,0.0,0.0,0.0,0.0,0.0,0.0,0.0,0.0,0.0,0.0,0.0,1.0,0.0,0.0,0.0,0.0,2.0,0.0,0.0,0.0,0.0,0.0,0.0,0.0,1.0,3.0,1.0,3155700119.0,-1.0,钦州市灵山县,钦州市灵山县檀圩镇,9.0,26.0,0.0,1.0,36.0,31.742105263157896,37.63636363636363,38.14581005586592
广西壮族自治区,钦州市,灵山县,那隆镇,109.106592,22.330127,0.0,16.0,9.0,5.0,25.0,0.0,0.0,0.0,0.0,0.0,1.0,0.0,0.0,0.0,1.0,1.0,0.0,0.0,0.0,0.0,1.0,0.0,1.0,0.0,0.0,2.0,3.0,0.0,0.0,1.0,0.0,1.0,0.0,1.0,11.0,5.0,0.0,0.0,8.0,4.0,6.0,0.0,0.0,0.0,0.0,0.0,0.0,0.0,0.0,0.0,0.0,0.0,0.0,0.0,0.0,0.0,1.0,0.0,1.0,0.0,0.0,1.0,0.0,0.0,0.0,1.0,0.0,0.0,0.0,1.0,4.0,4.0,5139569718.0,-1.0,钦州市灵山县,钦州市灵山县那隆镇,9.0,22.8,0.0,3.0,34.8,31.742105263157896,37.63636363636363,38.14581005586592
广西壮族自治区,钦州市,灵山县,三隆镇,109.029304,22.281916,0.0,14.0,5.0,12.0,14.0,0.0,0.0,0.0,0.0,0.0,1.0,0.0,0.0,0.0,0.0,0.0,0.0,0.0,0.0,0.0,3.0,0.0,0.0,0.0,0.0,3.0,0.0,0.0,0.0,0.0,0.0,0.0,0.0,1.0,7.0,4.0,0.0,4.0,5.0,6.0,7.0,0.0,0.0,0.0,0.0,0.0,1.0,0.0,0.0,0.0,0.0,0.0,0.0,0.0,0.0,0.0,2.0,0.0,0.0,0.0,0.0,1.0,0.0,0.0,0.0,0.0,0.0,0.0,0.0,1.0,6.0,3.0,4238990097.0,-1.0,钦州市灵山县,钦州市灵山县三隆镇,10.0,20.4,0.0,2.0,32.4,31.742105263157896,37.63636363636363,38.14581005586592
广西壮族自治区,钦州市,灵山县,陆屋镇,108.9500042,22.2789177,6.0,2.0,1.0,10.0,19.0,0.0,0.0,0.0,0.0,0.0,0.0,0.0,0.0,0.0,0.0,0.0,0.0,0.0,0.0,0.0,2.0,0.0,0.0,0.0,6.0,5.0,0.0,0.0,0.0,1.0,0.0,0.0,0.0,3.0,7.0,4.0,4.0,0.0,0.0,7.0,14.0,0.0,0.0,0.0,0.0,0.0,0.0,0.0,0.0,0.0,0.0,0.0,0.0,0.0,0.0,0.0,1.0,0.0,0.0,0.0,2.0,1.0,0.0,0.0,0.0,1.0,0.0,0.0,0.0,2.0,3.0,4.0,369494647.0,-1.0,钦州市灵山县,钦州市灵山县陆屋镇,12.0,21.5,0.0,2.2,35.7,31.742105263157896,37.63636363636363,38.14581005586592
广西壮族自治区,钦州市,灵山县,旧州镇,108.9372529,22.4003993,0.0,0.0,6.0,19.0,41.0,2.0,0.0,0.0,0.0,0.0,0.0,0.0,0.0,0.0,0.0,0.0,0.0,0.0,0.0,0.0,2.0,0.0,0.0,0.0,4.0,11.0,0.0,0.0,0.0,0.0,0.0,0.0,0.0,2.0,8.0,5.0,0.0,0.0,4.0,5.0,15.0,0.0,0.0,0.0,0.0,0.0,0.0,0.0,0.0,0.0,0.0,0.0,0.0,0.0,0.0,0.0,1.0,0.0,0.0,0.0,0.0,2.0,0.0,0.0,0.0,0.0,0.0,0.0,0.0,1.0,3.0,3.0,2661130700.0,-1.0,钦州市灵山县,钦州市灵山县旧州镇,12.0,24.0,0.0,2.5,38.5,31.742105263157896,37.63636363636363,38.14581005586592
广西壮族自治区,钦州市,灵山县,太平镇,108.8078913,22.4314883,14.0,0.0,21.0,18.0,14.0,0.0,0.0,0.0,0.0,0.0,0.0,0.0,0.0,0.0,0.0,0.0,0.0,0.0,0.0,0.0,5.0,0.0,0.0,0.0,0.0,2.0,0.0,0.0,0.0,0.0,0.0,0.0,0.0,3.0,5.0,5.0,4.0,0.0,11.0,11.0,14.0,0.0,0.0,0.0,0.0,0.0,0.0,0.0,0.0,0.0,0.0,0.0,0.0,0.0,0.0,0.0,4.0,0.0,0.0,0.0,0.0,1.0,0.0,0.0,0.0,0.0,0.0,0.0,0.0,3.0,5.0,3.0,369494786.0,-1.0,钦州市灵山县,钦州市灵山县太平镇,9.0,19.5,0.0,2.5,31.0,31.742105263157896,37.63636363636363,38.14581005586592
广西壮族自治区,钦州市,灵山县,沙坪镇,108.961455,22.521374,6.0,8.0,3.0,11.0,12.0,1.0,0.0,0.0,0.0,0.0,0.0,0.0,0.0,0.0,0.0,0.0,0.0,0.0,0.0,0.0,5.0,0.0,0.0,0.0,3.0,6.0,0.0,0.0,0.0,0.0,0.0,0.0,0.0,9.0,7.0,4.0,2.0,5.0,1.0,8.0,12.0,0.0,0.0,0.0,0.0,0.0,0.0,0.0,0.0,0.0,0.0,0.0,0.0,0.0,0.0,0.0,5.0,0.0,0.0,0.0,1.0,2.0,0.0,0.0,0.0,0.0,0.0,0.0,0.0,8.0,6.0,4.0,3909615726.0,-1.0,钦州市灵山县,钦州市灵山县沙坪镇,12.0,19.5,0.0,2.0,33.5,31.742105263157896,37.63636363636363,38.14581005586592
广西壮族自治区,钦州市,灵山县,武利镇,109.2336578,22.1595274,6.0,4.0,0.0,8.0,48.0,0.0,0.0,0.0,0.0,0.0,0.0,0.0,0.0,0.0,0.0,0.0,0.0,0.0,0.0,0.0,1.0,0.0,0.0,0.0,0.0,1.0,0.0,0.0,0.0,0.0,0.0,9.0,0.0,4.0,5.0,5.0,6.0,1.0,0.0,8.0,30.0,0.0,0.0,0.0,0.0,0.0,0.0,0.0,0.0,0.0,0.0,0.0,0.0,0.0,0.0,0.0,1.0,0.0,0.0,0.0,0.0,1.0,0.0,0.0,0.0,0.0,0.0,9.0,0.0,4.0,4.0,5.0,4142259933.0,-1.0,钦州市灵山县,钦州市灵山县武利镇,8.0,22.5,0.0,2.5,33.0,31.742105263157896,37.63636363636363,38.14581005586592
广西壮族自治区,钦州市,灵山县,文利镇,109.2588716,22.0200279,3.0,6.0,0.0,4.0,16.0,0.0,0.0,0.0,0.0,0.0,0.0,0.0,0.0,0.0,0.0,0.0,0.0,0.0,0.0,0.0,1.0,0.0,1.0,0.0,0.0,1.0,1.0,0.0,0.0,1.0,0.0,0.0,0.0,3.0,5.0,3.0,3.0,5.0,0.0,2.0,13.0,0.0,0.0,0.0,0.0,0.0,0.0,0.0,0.0,0.0,0.0,0.0,0.0,0.0,0.0,0.0,1.0,0.0,0.0,0.0,0.0,1.0,0.0,0.0,0.0,0.0,0.0,0.0,0.0,3.0,5.0,2.0,5135542872.0,-1.0,钦州市灵山县,钦州市灵山县文利镇,8.0,18.6,0.0,1.7,28.3,31.742105263157896,37.63636363636363,38.14581005586592
广西壮族自治区,钦州市,灵山县,伯劳镇,109.112783,22.114424,0.0,3.0,5.0,10.0,1.0,0.0,0.0,0.0,0.0,0.0,0.0,0.0,0.0,0.0,0.0,0.0,0.0,0.0,0.0,0.0,3.0,0.0,0.0,0.0,0.0,5.0,0.0,0.0,0.0,0.0,0.0,0.0,0.0,1.0,4.0,2.0,0.0,3.0,3.0,4.0,0.0,0.0,0.0,0.0,0.0,0.0,0.0,0.0,0.0,0.0,0.0,0.0,0.0,0.0,0.0,0.0,2.0,0.0,0.0,0.0,0.0,1.0,0.0,0.0,0.0,0.0,0.0,0.0,0.0,1.0,3.0,2.0,4238113949.0,-1.0,钦州市灵山县,钦州市灵山县伯劳镇,12.0,12.2,0.0,1.0,25.2,31.742105263157896,37.63636363636363,38.14581005586592
广西壮族自治区,钦州市,浦北县,小江街道,109.5426277,22.2749602,2.0,4.0,5.0,28.0,11.0,0.0,0.0,0.0,0.0,0.0,0.0,0.0,0.0,0.0,0.0,0.0,0.0,0.0,0.0,0.0,3.0,0.0,1.0,0.0,1.0,3.0,2.0,0.0,0.0,0.0,0.0,1.0,0.0,6.0,11.0,5.0,0.0,2.0,0.0,4.0,2.0,0.0,0.0,0.0,0.0,0.0,0.0,0.0,0.0,0.0,0.0,0.0,0.0,0.0,0.0,0.0,2.0,0.0,0.0,0.0,0.0,2.0,0.0,0.0,0.0,0.0,0.0,0.0,0.0,2.0,4.0,1.0,7936456071.0,-1.0,钦州市浦北县,钦州市浦北县小江街道,10.0,16.8,0.0,2.7,29.5,24.84705882352941,37.63636363636363,38.14581005586592
广西壮族自治区,钦州市,浦北县,江城街道,109.5540605,22.2653113,5.0,4.0,8.0,28.0,10.0,0.0,0.0,0.0,0.0,0.0,0.0,0.0,0.0,0.0,0.0,0.0,0.0,0.0,0.0,0.0,3.0,0.0,1.0,0.0,1.0,3.0,2.0,0.0,0.0,0.0,0.0,1.0,0.0,8.0,8.0,5.0,1.0,3.0,5.0,16.0,4.0,0.0,0.0,0.0,0.0,0.0,0.0,0.0,0.0,0.0,0.0,0.0,0.0,0.0,0.0,0.0,2.0,0.0,0.0,0.0,0.0,2.0,0.0,0.0,0.0,0.0,0.0,1.0,0.0,4.0,5.0,3.0,4237577153.0,-1.0,钦州市浦北县,钦州市浦北县江城街道,10.0,17.2,0.0,2.7,29.9,24.84705882352941,37.63636363636363,38.14581005586592
广西壮族自治区,钦州市,浦北县,泉水镇,109.4770279,21.9090631,3.0,0.0,0.0,4.0,21.0,0.0,0.0,0.0,0.0,0.0,0.0,0.0,0.0,0.0,0.0,0.0,0.0,0.0,0.0,0.0,1.0,0.0,2.0,0.0,0.0,1.0,0.0,0.0,0.0,0.0,0.0,0.0,0.0,7.0,4.0,4.0,0.0,0.0,0.0,3.0,9.0,0.0,0.0,0.0,0.0,0.0,0.0,0.0,0.0,0.0,0.0,0.0,0.0,0.0,0.0,0.0,1.0,0.0,0.0,0.0,0.0,1.0,0.0,0.0,0.0,0.0,0.0,0.0,0.0,6.0,2.0,3.0,5135662353.0,-1.0,钦州市浦北县,钦州市浦北县泉水镇,8.0,17.9,0.0,2.0,27.9,24.84705882352941,37.63636363636363,38.14581005586592
广西壮族自治区,钦州市,浦北县,石埇镇,109.5927034,21.9478178,0.0,7.0,2.0,6.0,7.0,0.0,0.0,0.0,0.0,0.0,0.0,0.0,0.0,0.0,0.0,0.0,0.0,0.0,0.0,0.0,4.0,0.0,1.0,0.0,0.0,1.0,1.0,0.0,0.0,1.0,0.0,0.0,0.0,7.0,8.0,4.0,0.0,3.0,1.0,5.0,4.0,0.0,0.0,0.0,0.0,0.0,0.0,0.0,0.0,0.0,0.0,0.0,0.0,0.0,0.0,0.0,2.0,0.0,0.0,0.0,0.0,1.0,0.0,0.0,0.0,0.0,0.0,0.0,0.0,6.0,5.0,3.0,3145132324.0,-1.0,钦州市浦北县,钦州市浦北县石埇镇,8.0,16.6,0.0,2.2,26.8,24.84705882352941,37.63636363636363,38.14581005586592
广西壮族自治区,钦州市,浦北县,安石镇,109.504642,21.979765,0.0,4.0,1.0,3.0,7.0,0.0,0.0,0.0,0.0,0.0,0.0,0.0,0.0,0.0,0.0,0.0,0.0,0.0,0.0,0.0,1.0,0.0,0.0,0.0,0.0,1.0,0.0,0.0,0.0,0.0,0.0,0.0,0.0,1.0,7.0,1.0,0.0,2.0,1.0,2.0,6.0,0.0,0.0,0.0,0.0,0.0,0.0,0.0,0.0,0.0,0.0,0.0,0.0,0.0,0.0,0.0,1.0,0.0,0.0,0.0,0.0,1.0,0.0,0.0,0.0,0.0,0.0,0.0,0.0,1.0,4.0,1.0,5135726246.0,-1.0,钦州市浦北县,钦州市浦北县安石镇,8.0,14.7,0.0,0.5,23.2,24.84705882352941,37.63636363636363,38.14581005586592
广西壮族自治区,钦州市,浦北县,张黄镇,109.4491293,22.0088592,5.0,2.0,5.0,3.0,15.0,0.0,0.0,0.0,0.0,0.0,0.0,0.0,0.0,0.0,0.0,0.0,0.0,0.0,0.0,0.0,2.0,0.0,0.0,0.0,0.0,1.0,0.0,0.0,0.0,0.0,0.0,0.0,0.0,3.0,7.0,2.0,3.0,1.0,4.0,2.0,15.0,0.0,0.0,0.0,0.0,0.0,0.0,0.0,0.0,0.0,0.0,0.0,0.0,0.0,0.0,0.0,2.0,0.0,0.0,0.0,0.0,1.0,0.0,0.0,0.0,0.0,0.0,0.0,0.0,3.0,5.0,2.0,3910681793.0,-1.0,钦州市浦北县,钦州市浦北县张黄镇,8.0,19.0,0.0,1.0,28.0,24.84705882352941,37.63636363636363,38.14581005586592
广西壮族自治区,钦州市,浦北县,大成镇,109.329047,22.022333,0.0,9.0,2.0,11.0,2.0,0.0,0.0,0.0,0.0,0.0,0.0,0.0,0.0,0.0,0.0,0.0,0.0,0.0,0.0,0.0,1.0,0.0,0.0,0.0,0.0,4.0,0.0,0.0,0.0,0.0,0.0,0.0,0.0,1.0,5.0,1.0,0.0,2.0,2.0,2.0,1.0,0.0,0.0,0.0,0.0,0.0,0.0,0.0,0.0,0.0,0.0,0.0,0.0,0.0,0.0,0.0,1.0,0.0,0.0,0.0,0.0,2.0,0.0,0.0,0.0,0.0,0.0,0.0,0.0,1.0,4.0,1.0,5135800824.0,-1.0,钦州市浦北县,钦州市浦北县大成镇,11.0,13.2,0.0,0.5,24.7,24.84705882352941,37.63636363636363,38.14581005586592
广西壮族自治区,钦州市,浦北县,白石水镇,109.284862,22.094748,1.0,0.0,0.0,1.0,1.0,0.0,0.0,0.0,0.0,0.0,0.0,0.0,0.0,0.0,0.0,0.0,0.0,0.0,0.0,0.0,1.0,0.0,0.0,0.0,0.0,1.0,0.0,0.0,0.0,0.0,0.0,0.0,0.0,4.0,4.0,3.0,1.0,0.0,0.0,0.0,1.0,0.0,0.0,0.0,0.0,0.0,0.0,0.0,0.0,0.0,0.0,0.0,0.0,0.0,0.0,0.0,1.0,0.0,0.0,0.0,0.0,1.0,0.0,0.0,0.0,0.0,0.0,0.0,0.0,4.0,3.0,3.0,5135813466.0,-1.0,钦州市浦北县,钦州市浦北县白石水镇,8.0,8.5,0.0,1.5,18.0,24.84705882352941,37.63636363636363,38.14581005586592
广西壮族自治区,钦州市,浦北县,北通镇,109.327578,22.225924,0.0,3.0,5.0,3.0,6.0,0.0,0.0,0.0,0.0,0.0,0.0,0.0,0.0,0.0,0.0,0.0,0.0,0.0,0.0,0.0,1.0,0.0,0.0,0.0,0.0,1.0,0.0,0.0,0.0,0.0,0.0,0.0,0.0,3.0,5.0,2.0,0.0,1.0,2.0,2.0,3.0,0.0,0.0,0.0,0.0,0.0,0.0,0.0,0.0,0.0,0.0,0.0,0.0,0.0,0.0,0.0,1.0,0.0,0.0,0.0,0.0,1.0,0.0,0.0,0.0,0.0,0.0,0.0,0.0,1.0,5.0,2.0,5135917907.0,-1.0,钦州市浦北县,钦州市浦北县北通镇,8.0,12.6,0.0,1.0,21.6,24.84705882352941,37.63636363636363,38.14581005586592
广西壮族自治区,钦州市,浦北县,三合镇,109.420965,22.334298,3.0,0.0,3.0,6.0,1.0,0.0,0.0,0.0,0.0,0.0,0.0,0.0,0.0,0.0,0.0,0.0,0.0,0.0,0.0,0.0,1.0,0.0,0.0,0.0,0.0,2.0,0.0,0.0,0.0,0.0,0.0,0.0,0.0,4.0,4.0,2.0,1.0,0.0,3.0,5.0,1.0,0.0,0.0,0.0,0.0,0.0,0.0,0.0,0.0,0.0,0.0,0.0,0.0,0.0,0.0,0.0,1.0,0.0,0.0,0.0,0.0,1.0,0.0,0.0,0.0,0.0,0.0,0.0,0.0,2.0,4.0,2.0,5135949611.0,-1.0,钦州市浦北县,钦州市浦北县三合镇,9.0,12.5,0.0,1.0,22.5,24.84705882352941,37.63636363636363,38.14581005586592
广西壮族自治区,钦州市,浦北县,龙门镇,109.464417,22.183618,0.0,5.0,0.0,3.0,3.0,0.0,0.0,0.0,0.0,0.0,0.0,0.0,0.0,0.0,0.0,0.0,0.0,0.0,0.0,0.0,1.0,0.0,0.0,0.0,0.0,1.0,0.0,0.0,0.0,0.0,0.0,0.0,0.0,2.0,6.0,1.0,0.0,3.0,0.0,3.0,3.0,0.0,0.0,0.0,0.0,0.0,0.0,0.0,0.0,0.0,0.0,0.0,0.0,0.0,0.0,0.0,1.0,0.0,0.0,0.0,0.0,1.0,0.0,0.0,0.0,0.0,0.0,0.0,0.0,1.0,3.0,1.0,4237674828.0,-1.0,钦州市浦北县,钦州市浦北县龙门镇,8.0,12.5,0.0,0.5,21.0,24.84705882352941,37.63636363636363,38.14581005586592
广西壮族自治区,钦州市,浦北县,福旺镇,109.5550629,22.4132539,0.0,2.0,4.0,6.0,14.0,0.0,0.0,0.0,0.0,0.0,0.0,0.0,0.0,0.0,1.0,1.0,0.0,0.0,0.0,0.0,1.0,0.0,0.0,0.0,1.0,1.0,0.0,0.0,0.0,0.0,0.0,0.0,0.0,2.0,10.0,3.0,0.0,1.0,2.0,6.0,14.0,0.0,0.0,0.0,0.0,0.0,0.0,0.0,0.0,0.0,1.0,1.0,0.0,0.0,0.0,0.0,1.0,0.0,0.0,0.0,1.0,1.0,0.0,0.0,0.0,0.0,0.0,0.0,0.0,2.0,5.0,2.0,3910681816.0,-1.0,钦州市浦北县,钦州市浦北县福旺镇,8.0,21.0,5.0,1.5,35.5,24.84705882352941,37.63636363636363,38.14581005586592
广西壮族自治区,钦州市,浦北县,寨圩镇,109.625,22.5718,3.0,4.0,6.0,1.0,13.0,0.0,0.0,0.0,0.0,0.0,0.0,0.0,0.0,0.0,0.0,0.0,0.0,0.0,0.0,0.0,1.0,0.0,0.0,0.0,0.0,1.0,7.0,0.0,0.0,0.0,0.0,0.0,0.0,4.0,9.0,3.0,1.0,2.0,0.0,0.0,10.0,0.0,0.0,0.0,0.0,0.0,0.0,0.0,0.0,0.0,0.0,0.0,0.0,0.0,0.0,0.0,1.0,0.0,0.0,0.0,0.0,1.0,1.0,0.0,0.0,0.0,0.0,0.0,0.0,3.0,4.0,2.0,3909480946.0,-1.0,钦州市浦北县,钦州市浦北县寨圩镇,8.0,15.6,0.0,2.3,25.900000000000002,24.84705882352941,37.63636363636363,38.14581005586592
广西壮族自治区,钦州市,浦北县,乐民镇,109.513844,22.598463,4.0,2.0,0.0,13.0,72.0,0.0,0.0,0.0,0.0,0.0,0.0,0.0,0.0,0.0,0.0,0.0,0.0,0.0,0.0,0.0,26.0,0.0,0.0,0.0,0.0,5.0,3.0,0.0,0.0,0.0,0.0,0.0,0.0,5.0,5.0,4.0,0.0,2.0,0.0,4.0,34.0,0.0,0.0,0.0,0.0,0.0,0.0,0.0,0.0,0.0,0.0,0.0,0.0,0.0,0.0,0.0,9.0,0.0,0.0,0.0,0.0,1.0,2.0,0.0,0.0,0.0,0.0,0.0,0.0,3.0,4.0,2.0,3909480941.0,-1.0,钦州市浦北县,钦州市浦北县乐民镇,12.0,22.5,0.0,2.5,37.0,24.84705882352941,37.63636363636363,38.14581005586592
广西壮族自治区,钦州市,浦北县,六硍镇,109.788077,22.484032,0.0,2.0,1.0,3.0,2.0,0.0,0.0,0.0,0.0,0.0,0.0,0.0,0.0,0.0,0.0,0.0,0.0,0.0,0.0,0.0,1.0,0.0,0.0,0.0,0.0,1.0,0.0,0.0,0.0,0.0,0.0,0.0,0.0,1.0,4.0,2.0,0.0,2.0,1.0,3.0,1.0,0.0,0.0,0.0,0.0,0.0,0.0,0.0,0.0,0.0,0.0,0.0,0.0,0.0,0.0,0.0,1.0,0.0,0.0,0.0,0.0,1.0,0.0,0.0,0.0,0.0,0.0,0.0,0.0,1.0,4.0,2.0,3909480942.0,-1.0,钦州市浦北县,钦州市浦北县六硍镇,8.0,10.7,0.0,1.0,19.7,24.84705882352941,37.63636363636363,38.14581005586592
广西壮族自治区,钦州市,浦北县,平睦镇,109.798187,22.348931,0.0,1.0,0.0,0.0,0.0,0.0,0.0,0.0,0.0,0.0,0.0,0.0,0.0,0.0,0.0,0.0,0.0,0.0,0.0,0.0,1.0,0.0,0.0,0.0,0.0,1.0,0.0,0.0,0.0,0.0,0.0,0.0,0.0,5.0,1.0,1.0,0.0,1.0,0.0,0.0,0.0,0.0,0.0,0.0,0.0,0.0,0.0,0.0,0.0,0.0,0.0,0.0,0.0,0.0,0.0,0.0,1.0,0.0,0.0,0.0,0.0,1.0,0.0,0.0,0.0,0.0,0.0,0.0,0.0,1.0,1.0,1.0,4237674830.0,-1.0,钦州市浦北县,钦州市浦北县平睦镇,8.0,5.5,0.0,0.5,14.0,24.84705882352941,37.63636363636363,38.14581005586592
广西壮族自治区,钦州市,浦北县,官垌镇,109.677504,22.432465,0.0,0.0,3.0,0.0,3.0,0.0,0.0,0.0,0.0,0.0,0.0,0.0,0.0,0.0,0.0,0.0,0.0,0.0,0.0,0.0,1.0,0.0,0.0,0.0,0.0,1.0,0.0,0.0,0.0,0.0,0.0,0.0,0.0,2.0,4.0,2.0,0.0,0.0,1.0,0.0,2.0,0.0,0.0,0.0,0.0,0.0,0.0,0.0,0.0,0.0,0.0,0.0,0.0,0.0,0.0,0.0,1.0,0.0,0.0,0.0,0.0,1.0,0.0,0.0,0.0,0.0,0.0,0.0,0.0,2.0,3.0,2.0,5137904467.0,-1.0,钦州市浦北县,钦州市浦北县官垌镇,8.0,8.2,0.0,1.0,17.2,24.84705882352941,37.63636363636363,38.14581005586592
广西壮族自治区,贵港市,港北区,贵城街道,109.6034287,23.0940823,8.0,24.0,33.0,51.0,186.0,16.0,0.0,12.0,6.0,2.0,1.0,3.0,2.0,2.0,5.0,6.0,1.0,1.0,0.0,6.0,10.0,1.0,2.0,1.0,2.0,4.0,70.0,0.0,1.0,5.0,14.0,16.0,2.0,12.0,16.0,15.0,0.0,4.0,7.0,7.0,36.0,0.0,0.0,1.0,2.0,1.0,0.0,0.0,1.0,1.0,0.0,0.0,0.0,0.0,0.0,1.0,3.0,0.0,0.0,0.0,1.0,1.0,16.0,0.0,0.0,0.0,2.0,1.0,0.0,8.0,8.0,8.0,7941572785.0,7635576.0,贵港市港北区,贵港市港北区贵城街道,19.0,30.0,11.0,13.1,73.1,39.625,32.73108108108108,38.14581005586592
广西壮族自治区,贵港市,港北区,港城街道,109.5979115,23.1306017,6.0,5.0,11.0,30.0,86.0,7.0,0.0,3.0,0.0,2.0,1.0,2.0,2.0,2.0,4.0,6.0,0.0,1.0,1.0,8.0,4.0,1.0,0.0,0.0,2.0,2.0,47.0,0.0,0.0,0.0,14.0,3.0,3.0,4.0,13.0,9.0,0.0,2.0,4.0,3.0,24.0,0.0,0.0,0.0,0.0,0.0,0.0,0.0,0.0,0.0,0.0,0.0,0.0,0.0,0.0,0.0,2.0,0.0,0.0,0.0,0.0,1.0,0.0,0.0,0.0,0.0,0.0,1.0,0.0,2.0,6.0,2.0,5154629293.0,7635575.0,贵港市港北区,贵港市港北区港城街道,17.0,28.0,5.0,8.7,58.7,39.625,32.73108108108108,38.14581005586592
广西壮族自治区,贵港市,港北区,大圩镇,109.756707,23.197352,2.0,0.0,2.0,7.0,10.0,0.0,0.0,0.0,0.0,0.0,0.0,0.0,0.0,0.0,0.0,0.0,0.0,0.0,0.0,0.0,1.0,0.0,0.0,0.0,0.0,7.0,0.0,0.0,0.0,0.0,0.0,0.0,0.0,3.0,5.0,3.0,2.0,0.0,2.0,3.0,7.0,0.0,0.0,0.0,0.0,0.0,0.0,0.0,0.0,0.0,0.0,0.0,0.0,0.0,0.0,0.0,1.0,0.0,0.0,0.0,0.0,1.0,0.0,0.0,0.0,0.0,0.0,0.0,0.0,2.0,5.0,2.0,3505531435.0,-1.0,贵港市港北区,贵港市港北区大圩镇,12.0,16.6,0.0,1.5,30.1,39.625,32.73108108108108,38.14581005586592
广西壮族自治区,贵港市,港北区,庆丰镇,109.7612517,23.2585602,3.0,0.0,1.0,3.0,8.0,0.0,0.0,0.0,0.0,0.0,0.0,0.0,0.0,0.0,0.0,0.0,0.0,0.0,0.0,0.0,0.0,0.0,0.0,0.0,0.0,13.0,0.0,0.0,0.0,2.0,0.0,0.0,0.0,2.0,5.0,2.0,1.0,0.0,1.0,1.0,7.0,0.0,0.0,0.0,0.0,0.0,0.0,0.0,0.0,0.0,0.0,0.0,0.0,0.0,0.0,0.0,0.0,0.0,0.0,0.0,0.0,3.0,0.0,0.0,0.0,1.0,0.0,0.0,0.0,2.0,4.0,0.0,3505531439.0,-1.0,贵港市港北区,贵港市港北区庆丰镇,12.0,14.2,0.0,1.3,27.5,39.625,32.73108108108108,38.14581005586592
广西壮族自治区,贵港市,港北区,根竹镇,109.4962672,23.1225392,8.0,0.0,0.0,17.0,62.0,3.0,0.0,0.0,0.0,0.0,0.0,0.0,0.0,0.0,0.0,0.0,0.0,0.0,0.0,0.0,1.0,0.0,7.0,0.0,0.0,1.0,8.0,0.0,0.0,10.0,0.0,16.0,0.0,6.0,8.0,7.0,4.0,0.0,0.0,5.0,22.0,2.0,0.0,0.0,0.0,0.0,0.0,0.0,0.0,0.0,0.0,0.0,0.0,0.0,0.0,0.0,1.0,0.0,2.0,0.0,0.0,1.0,0.0,0.0,0.0,2.0,0.0,7.0,0.0,3.0,6.0,6.0,5154641495.0,7635586.0,贵港市港北区,贵港市港北区根竹镇,16.0,24.0,0.0,5.5,45.5,39.625,32.73108108108108,38.14581005586592
广西壮族自治区,贵港市,港北区,武乐镇,109.7880786,23.1164745,2.0,0.0,2.0,5.0,17.0,0.0,0.0,0.0,0.0,0.0,0.0,0.0,0.0,0.0,0.0,0.0,0.0,0.0,0.0,0.0,0.0,0.0,2.0,0.0,0.0,2.0,1.0,0.0,0.0,2.0,0.0,0.0,0.0,3.0,9.0,4.0,0.0,0.0,1.0,4.0,6.0,0.0,0.0,0.0,0.0,0.0,0.0,0.0,0.0,0.0,0.0,0.0,0.0,0.0,0.0,0.0,0.0,0.0,0.0,0.0,0.0,1.0,0.0,0.0,0.0,0.0,0.0,0.0,0.0,2.0,5.0,0.0,5155056112.0,11665710.0,贵港市港北区,贵港市港北区武乐镇,17.0,19.2,0.0,2.3,38.5,39.625,32.73108108108108,38.14581005586592
广西壮族自治区,贵港市,港北区,奇石乡,109.6792275,23.3010384,0.0,0.0,13.0,0.0,0.0,0.0,0.0,0.0,0.0,0.0,0.0,0.0,0.0,0.0,0.0,0.0,0.0,0.0,0.0,0.0,2.0,0.0,0.0,0.0,0.0,12.0,0.0,0.0,0.0,0.0,0.0,0.0,0.0,1.0,1.0,3.0,0.0,0.0,5.0,0.0,0.0,0.0,0.0,0.0,0.0,0.0,0.0,0.0,0.0,0.0,0.0,0.0,0.0,0.0,0.0,0.0,2.0,0.0,0.0,0.0,0.0,3.0,0.0,0.0,0.0,0.0,0.0,0.0,0.0,1.0,1.0,3.0,3774816970.0,-1.0,贵港市港北区,贵港市港北区奇石乡,12.0,5.5,0.0,1.5,19.0,39.625,32.73108108108108,38.14581005586592
广西壮族自治区,贵港市,港北区,中里乡,109.6183655,23.2523898,0.0,6.0,5.0,4.0,0.0,0.0,0.0,0.0,0.0,0.0,0.0,0.0,0.0,0.0,0.0,0.0,0.0,0.0,0.0,0.0,1.0,0.0,0.0,0.0,0.0,18.0,0.0,0.0,0.0,1.0,0.0,0.0,0.0,1.0,4.0,3.0,0.0,0.0,5.0,3.0,0.0,0.0,0.0,0.0,0.0,0.0,0.0,0.0,0.0,0.0,0.0,0.0,0.0,0.0,0.0,0.0,1.0,0.0,0.0,0.0,0.0,3.0,0.0,0.0,0.0,0.0,0.0,0.0,0.0,1.0,2.0,3.0,3774816974.0,-1.0,贵港市港北区,贵港市港北区中里乡,12.0,11.0,0.0,1.6,24.6,39.625,32.73108108108108,38.14581005586592
广西壮族自治区,贵港市,港南区,江南街道,109.6152304,23.0746783,2.0,22.0,20.0,25.0,109.0,10.0,0.0,0.0,1.0,2.0,1.0,1.0,2.0,2.0,5.0,5.0,0.0,0.0,0.0,0.0,10.0,0.0,2.0,1.0,0.0,7.0,31.0,0.0,1.0,6.0,6.0,21.0,0.0,7.0,13.0,10.0,0.0,13.0,3.0,0.0,22.0,0.0,0.0,0.0,1.0,0.0,0.0,0.0,1.0,1.0,1.0,1.0,0.0,0.0,0.0,0.0,2.0,0.0,0.0,0.0,0.0,1.0,0.0,0.0,0.0,0.0,2.0,0.0,0.0,1.0,6.0,4.0,7934784139.0,7635596.0,贵港市港南区,贵港市港南区江南街道,20.0,30.0,15.0,7.7,72.7,33.58888888888889,32.73108108108108,38.14581005586592
广西壮族自治区,贵港市,港南区,八塘街道,109.6835858,23.0292745,10.0,2.0,0.0,6.0,14.0,0.0,0.0,0.0,1.0,0.0,0.0,0.0,0.0,0.0,0.0,0.0,0.0,0.0,0.0,0.0,2.0,0.0,3.0,0.0,0.0,1.0,0.0,0.0,0.0,2.0,0.0,0.0,0.0,2.0,7.0,3.0,0.0,1.0,0.0,0.0,1.0,0.0,0.0,0.0,1.0,0.0,0.0,0.0,0.0,0.0,0.0,0.0,0.0,0.0,0.0,0.0,1.0,0.0,0.0,0.0,0.0,1.0,0.0,0.0,0.0,0.0,0.0,0.0,0.0,2.0,2.0,2.0,5153926484.0,-1.0,贵港市港南区,贵港市港南区八塘街道,8.0,18.6,0.0,1.7,28.3,33.58888888888889,32.73108108108108,38.14581005586592
广西壮族自治区,贵港市,港南区,桥圩镇,109.7648157,22.9541189,0.0,6.0,6.0,8.0,9.0,0.0,0.0,0.0,0.0,0.0,0.0,0.0,0.0,0.0,0.0,0.0,0.0,0.0,0.0,0.0,4.0,0.0,5.0,0.0,0.0,2.0,0.0,0.0,0.0,0.0,0.0,0.0,0.0,2.0,5.0,3.0,0.0,4.0,6.0,7.0,8.0,0.0,0.0,0.0,0.0,0.0,0.0,0.0,0.0,0.0,0.0,0.0,0.0,0.0,0.0,0.0,4.0,0.0,0.0,0.0,0.0,1.0,0.0,0.0,0.0,0.0,0.0,0.0,0.0,2.0,5.0,2.0,5153870553.0,-1.0,贵港市港南区,贵港市港南区桥圩镇,9.0,16.7,0.0,1.5,27.2,33.58888888888889,32.73108108108108,38.14581005586592
广西壮族自治区,贵港市,港南区,木格镇,109.7221141,22.8443169,0.0,2.0,11.0,3.0,38.0,0.0,0.0,0.0,0.0,0.0,1.0,0.0,0.0,0.0,0.0,0.0,0.0,0.0,0.0,0.0,0.0,0.0,0.0,0.0,0.0,1.0,0.0,0.0,0.0,0.0,0.0,0.0,0.0,5.0,5.0,2.0,0.0,2.0,11.0,2.0,37.0,0.0,0.0,0.0,0.0,0.0,1.0,0.0,0.0,0.0,0.0,0.0,0.0,0.0,0.0,0.0,0.0,0.0,0.0,0.0,0.0,1.0,0.0,0.0,0.0,0.0,0.0,0.0,0.0,1.0,5.0,2.0,3155700116.0,-1.0,贵港市港南区,贵港市港南区木格镇,8.0,24.5,0.0,1.0,33.5,33.58888888888889,32.73108108108108,38.14581005586592
广西壮族自治区,贵港市,港南区,木梓镇,109.626666,22.7802744,0.0,0.0,7.0,0.0,10.0,1.0,0.0,0.0,0.0,0.0,1.0,0.0,0.0,0.0,0.0,0.0,0.0,0.0,0.0,0.0,3.0,0.0,0.0,0.0,0.0,2.0,0.0,0.0,0.0,0.0,0.0,0.0,0.0,2.0,5.0,4.0,0.0,0.0,5.0,0.0,10.0,1.0,0.0,0.0,0.0,0.0,1.0,0.0,0.0,0.0,0.0,0.0,0.0,0.0,0.0,0.0,2.0,0.0,0.0,0.0,0.0,1.0,0.0,0.0,0.0,0.0,0.0,0.0,0.0,2.0,4.0,3.0,3155700117.0,-1.0,贵港市港南区,贵港市港南区木梓镇,9.0,14.5,0.0,2.0,25.5,33.58888888888889,32.73108108108108,38.14581005586592
广西壮族自治区,贵港市,港南区,湛江镇,109.793023,22.9047564,0.0,3.0,6.0,1.0,18.0,0.0,0.0,0.0,0.0,0.0,0.0,0.0,0.0,0.0,0.0,0.0,0.0,0.0,0.0,0.0,2.0,0.0,0.0,0.0,0.0,5.0,0.0,0.0,0.0,0.0,0.0,0.0,0.0,6.0,5.0,2.0,0.0,3.0,4.0,0.0,15.0,0.0,0.0,0.0,0.0,0.0,0.0,0.0,0.0,0.0,0.0,0.0,0.0,0.0,0.0,0.0,2.0,0.0,0.0,0.0,0.0,1.0,0.0,0.0,0.0,0.0,0.0,0.0,0.0,2.0,4.0,2.0,3155700121.0,-1.0,贵港市港南区,贵港市港南区湛江镇,12.0,16.6,0.0,1.0,29.6,33.58888888888889,32.73108108108108,38.14581005586592
广西壮族自治区,贵港市,港南区,东津镇,109.81209,23.071239,0.0,0.0,5.0,4.0,6.0,0.0,0.0,0.0,2.0,0.0,0.0,0.0,0.0,0.0,0.0,0.0,0.0,0.0,0.0,0.0,0.0,0.0,0.0,0.0,0.0,5.0,1.0,0.0,0.0,0.0,0.0,0.0,0.0,7.0,4.0,2.0,0.0,0.0,4.0,4.0,5.0,0.0,0.0,0.0,2.0,0.0,0.0,0.0,0.0,0.0,0.0,0.0,0.0,0.0,0.0,0.0,0.0,0.0,0.0,0.0,0.0,1.0,1.0,0.0,0.0,0.0,0.0,0.0,0.0,6.0,4.0,2.0,5153974029.0,-1.0,贵港市港南区,贵港市港南区东津镇,12.0,15.7,0.0,1.2,28.9,33.58888888888889,32.73108108108108,38.14581005586592
广西壮族自治区,贵港市,港南区,新塘镇,109.602,22.9956,0.0,0.0,1.0,3.0,3.0,1.0,0.0,0.0,0.0,0.0,0.0,0.0,0.0,0.0,0.0,0.0,0.0,0.0,0.0,0.0,1.0,0.0,0.0,0.0,0.0,5.0,0.0,0.0,0.0,0.0,0.0,0.0,0.0,5.0,5.0,3.0,0.0,0.0,1.0,1.0,1.0,1.0,0.0,0.0,0.0,0.0,0.0,0.0,0.0,0.0,0.0,0.0,0.0,0.0,0.0,0.0,1.0,0.0,0.0,0.0,0.0,2.0,0.0,0.0,0.0,0.0,0.0,0.0,0.0,5.0,4.0,3.0,3909484601.0,-1.0,贵港市港南区,贵港市港南区新塘镇,12.0,11.4,0.0,1.5,24.9,33.58888888888889,32.73108108108108,38.14581005586592
广西壮族自治区,贵港市,港南区,瓦塘镇,109.6426154,22.9206199,0.0,0.0,9.0,2.0,23.0,0.0,0.0,0.0,0.0,0.0,0.0,0.0,0.0,0.0,0.0,0.0,0.0,0.0,0.0,0.0,2.0,0.0,0.0,0.0,0.0,3.0,0.0,0.0,0.0,0.0,0.0,0.0,0.0,6.0,4.0,3.0,0.0,0.0,5.0,0.0,22.0,0.0,0.0,0.0,0.0,0.0,0.0,0.0,0.0,0.0,0.0,0.0,0.0,0.0,0.0,0.0,2.0,0.0,0.0,0.0,0.0,1.0,0.0,0.0,0.0,0.0,0.0,0.0,0.0,5.0,2.0,3.0,3155700122.0,-1.0,贵港市港南区,贵港市港南区瓦塘镇,10.0,20.2,0.0,1.5,31.7,33.58888888888889,32.73108108108108,38.14581005586592
广西壮族自治区,贵港市,覃塘区,覃塘街道,109.4158451,23.1373934,13.0,0.0,2.0,10.0,111.0,1.0,0.0,0.0,1.0,0.0,0.0,0.0,0.0,0.0,0.0,0.0,0.0,0.0,0.0,0.0,2.0,0.0,1.0,0.0,0.0,1.0,2.0,0.0,0.0,7.0,0.0,29.0,0.0,5.0,11.0,6.0,3.0,0.0,1.0,3.0,51.0,0.0,0.0,0.0,0.0,0.0,0.0,0.0,0.0,0.0,0.0,0.0,0.0,0.0,0.0,0.0,1.0,0.0,1.0,0.0,0.0,1.0,0.0,0.0,0.0,0.0,0.0,8.0,0.0,4.0,6.0,3.0,3810307031.0,-1.0,贵港市覃塘区,贵港市覃塘区覃塘街道,8.0,26.0,0.0,3.9,37.9,33.16,32.73108108108108,38.14581005586592
广西壮族自治区,贵港市,覃塘区,东龙镇,109.472222,23.301111,1.0,0.0,3.0,3.0,21.0,0.0,0.0,0.0,0.0,0.0,0.0,0.0,0.0,0.0,0.0,0.0,0.0,0.0,0.0,0.0,0.0,0.0,1.0,0.0,0.0,16.0,0.0,0.0,0.0,0.0,0.0,0.0,0.0,2.0,5.0,3.0,1.0,0.0,3.0,2.0,13.0,0.0,0.0,0.0,0.0,0.0,0.0,0.0,0.0,0.0,0.0,0.0,0.0,0.0,0.0,0.0,0.0,0.0,0.0,0.0,0.0,1.0,0.0,0.0,0.0,0.0,0.0,0.0,0.0,2.0,5.0,0.0,3908928737.0,-1.0,贵港市覃塘区,贵港市覃塘区东龙镇,12.0,18.6,0.0,1.5,32.1,33.16,32.73108108108108,38.14581005586592
广西壮族自治区,贵港市,覃塘区,三里镇,109.3917952,23.0561446,3.0,0.0,3.0,11.0,30.0,5.0,0.0,0.0,0.0,0.0,0.0,0.0,0.0,0.0,0.0,0.0,0.0,0.0,0.0,0.0,3.0,0.0,2.0,0.0,0.0,2.0,105.0,0.0,0.0,0.0,0.0,7.0,0.0,2.0,7.0,7.0,3.0,0.0,1.0,11.0,9.0,2.0,0.0,0.0,0.0,0.0,0.0,0.0,0.0,0.0,0.0,0.0,0.0,0.0,0.0,0.0,3.0,0.0,0.0,0.0,0.0,1.0,1.0,0.0,0.0,0.0,0.0,5.0,0.0,2.0,7.0,3.0,3155700108.0,-1.0,贵港市覃塘区,贵港市覃塘区三里镇,9.0,22.2,0.0,14.100000000000001,45.3,33.16,32.73108108108108,38.14581005586592
广西壮族自治区,贵港市,覃塘区,黄练镇,109.3118097,23.1581487,5.0,0.0,0.0,9.0,46.0,3.0,0.0,3.0,1.0,0.0,2.0,0.0,0.0,0.0,0.0,0.0,0.0,0.0,0.0,0.0,1.0,0.0,3.0,0.0,0.0,6.0,0.0,0.0,0.0,2.0,0.0,0.0,0.0,4.0,7.0,6.0,3.0,0.0,0.0,3.0,24.0,2.0,0.0,1.0,1.0,0.0,1.0,0.0,0.0,0.0,0.0,0.0,0.0,0.0,0.0,0.0,1.0,0.0,2.0,0.0,0.0,2.0,0.0,0.0,0.0,1.0,0.0,0.0,0.0,3.0,6.0,6.0,3722472095.0,-1.0,贵港市覃塘区,贵港市覃塘区黄练镇,12.0,27.5,0.0,3.3,42.8,33.16,32.73108108108108,38.14581005586592
广西壮族自治区,贵港市,覃塘区,石卡镇,109.529,22.9577,2.0,0.0,2.0,3.0,2.0,0.0,0.0,0.0,0.0,0.0,0.0,0.0,0.0,0.0,0.0,0.0,0.0,0.0,0.0,0.0,1.0,0.0,0.0,0.0,0.0,6.0,0.0,0.0,0.0,0.0,0.0,0.0,0.0,1.0,4.0,1.0,2.0,0.0,2.0,1.0,2.0,0.0,0.0,0.0,0.0,0.0,0.0,0.0,0.0,0.0,0.0,0.0,0.0,0.0,0.0,0.0,1.0,0.0,0.0,0.0,0.0,1.0,0.0,0.0,0.0,0.0,0.0,0.0,0.0,1.0,4.0,1.0,3909484599.0,-1.0,贵港市覃塘区,贵港市覃塘区石卡镇,12.0,11.0,0.0,0.5,23.5,33.16,32.73108108108108,38.14581005586592
广西壮族自治区,贵港市,覃塘区,五里镇,109.3938582,22.9618298,1.0,0.0,4.0,0.0,20.0,0.0,0.0,0.0,0.0,0.0,0.0,0.0,0.0,0.0,0.0,0.0,0.0,0.0,0.0,0.0,2.0,0.0,2.0,0.0,0.0,3.0,1.0,0.0,0.0,0.0,0.0,0.0,0.0,6.0,7.0,4.0,1.0,0.0,3.0,0.0,14.0,0.0,0.0,0.0,0.0,0.0,0.0,0.0,0.0,0.0,0.0,0.0,0.0,0.0,0.0,0.0,2.0,0.0,1.0,0.0,0.0,1.0,0.0,0.0,0.0,0.0,0.0,0.0,0.0,2.0,4.0,2.0,3155700112.0,-1.0,贵港市覃塘区,贵港市覃塘区五里镇,10.0,16.7,0.0,2.1,28.8,33.16,32.73108108108108,38.14581005586592
广西壮族自治区,贵港市,覃塘区,樟木镇,109.318326,23.332057,0.0,0.0,4.0,6.0,95.0,1.0,0.0,0.0,0.0,0.0,1.0,0.0,0.0,0.0,0.0,0.0,0.0,0.0,0.0,0.0,8.0,0.0,0.0,0.0,0.0,7.0,0.0,0.0,0.0,0.0,0.0,0.0,0.0,1.0,5.0,4.0,0.0,0.0,3.0,4.0,30.0,1.0,0.0,0.0,0.0,0.0,1.0,0.0,0.0,0.0,0.0,0.0,0.0,0.0,0.0,0.0,6.0,0.0,0.0,0.0,0.0,3.0,0.0,0.0,0.0,0.0,0.0,0.0,0.0,1.0,5.0,2.0,5117723200.0,-1.0,贵港市覃塘区,贵港市覃塘区樟木镇,12.0,24.5,0.0,2.0,38.5,33.16,32.73108108108108,38.14581005586592
广西壮族自治区,贵港市,覃塘区,蒙公镇,109.407721,23.244615,1.0,0.0,0.0,7.0,0.0,0.0,0.0,0.0,0.0,0.0,0.0,0.0,0.0,0.0,0.0,0.0,0.0,0.0,0.0,0.0,3.0,0.0,0.0,0.0,0.0,3.0,1.0,0.0,0.0,0.0,0.0,0.0,0.0,3.0,3.0,5.0,1.0,0.0,0.0,5.0,0.0,0.0,0.0,0.0,0.0,0.0,0.0,0.0,0.0,0.0,0.0,0.0,0.0,0.0,0.0,0.0,1.0,0.0,0.0,0.0,0.0,1.0,1.0,0.0,0.0,0.0,0.0,0.0,0.0,3.0,2.0,4.0,3810307028.0,-1.0,贵港市覃塘区,贵港市覃塘区蒙公镇,10.0,11.5,0.0,2.7,24.2,33.16,32.73108108108108,38.14581005586592
广西壮族自治区,贵港市,覃塘区,山北乡,109.4157362,23.2952102,2.0,0.0,7.0,7.0,8.0,0.0,0.0,0.0,0.0,0.0,0.0,0.0,0.0,0.0,0.0,0.0,0.0,0.0,0.0,0.0,1.0,0.0,0.0,0.0,0.0,8.0,0.0,0.0,0.0,0.0,0.0,0.0,0.0,2.0,6.0,2.0,0.0,0.0,3.0,1.0,4.0,0.0,0.0,0.0,0.0,0.0,0.0,0.0,0.0,0.0,0.0,0.0,0.0,0.0,0.0,0.0,0.0,0.0,0.0,0.0,0.0,1.0,0.0,0.0,0.0,0.0,0.0,0.0,0.0,1.0,3.0,1.0,3909279874.0,-1.0,贵港市覃塘区,贵港市覃塘区山北乡,12.0,15.8,0.0,1.0,28.8,33.16,32.73108108108108,38.14581005586592
广西壮族自治区,贵港市,覃塘区,大岭乡,109.5378194,22.8785788,0.0,0.0,6.0,0.0,16.0,1.0,0.0,0.0,0.0,2.0,2.0,0.0,0.0,0.0,0.0,0.0,0.0,0.0,0.0,0.0,8.0,0.0,0.0,0.0,0.0,7.0,0.0,0.0,0.0,0.0,0.0,0.0,0.0,7.0,8.0,3.0,0.0,0.0,3.0,0.0,0.0,0.0,0.0,0.0,0.0,0.0,0.0,0.0,0.0,0.0,0.0,0.0,0.0,0.0,0.0,0.0,3.0,0.0,0.0,0.0,0.0,1.0,0.0,0.0,0.0,0.0,0.0,0.0,0.0,1.0,1.0,1.0,3155700113.0,-1.0,贵港市覃塘区,贵港市覃塘区大岭乡,12.0,16.2,0.0,1.5,29.7,33.16,32.73108108108108,38.14581005586592
广西壮族自治区,贵港市,平南县,平南街道,110.3921104,23.5469315,12.0,5.0,25.0,25.0,96.0,56.0,0.0,6.0,0.0,0.0,1.0,0.0,0.0,0.0,3.0,3.0,0.0,0.0,0.0,1.0,10.0,1.0,3.0,0.0,0.0,7.0,4.0,0.0,0.0,1.0,0.0,4.0,0.0,4.0,12.0,9.0,0.0,0.0,9.0,12.0,16.0,27.0,0.0,1.0,0.0,0.0,0.0,0.0,0.0,0.0,2.0,2.0,0.0,0.0,0.0,1.0,0.0,1.0,0.0,0.0,0.0,2.0,3.0,0.0,0.0,0.0,0.0,1.0,0.0,2.0,7.0,5.0,2166631353.0,-1.0,贵港市平南县,贵港市平南县平南街道,12.0,26.0,6.0,4.8,48.8,33.5,32.73108108108108,38.14581005586592
广西壮族自治区,贵港市,平南县,上渡街道,110.3927732,23.5146076,12.0,2.0,12.0,14.0,48.0,30.0,0.0,11.0,0.0,2.0,1.0,0.0,0.0,0.0,4.0,4.0,0.0,0.0,0.0,0.0,1.0,1.0,4.0,0.0,0.0,7.0,4.0,0.0,0.0,2.0,0.0,2.0,1.0,3.0,10.0,8.0,2.0,0.0,3.0,0.0,6.0,0.0,0.0,0.0,0.0,0.0,0.0,0.0,0.0,0.0,0.0,0.0,0.0,0.0,0.0,0.0,1.0,0.0,1.0,0.0,0.0,1.0,0.0,0.0,0.0,0.0,0.0,0.0,0.0,2.0,3.0,3.0,3505204980.0,-1.0,贵港市平南县,贵港市平南县上渡街道,12.0,28.0,0.0,4.6,44.6,33.5,32.73108108108108,38.14581005586592
广西壮族自治区,贵港市,平南县,平山镇,110.4321165,23.0588489,3.0,0.0,4.0,0.0,16.0,0.0,0.0,0.0,0.0,0.0,0.0,0.0,0.0,0.0,0.0,0.0,0.0,0.0,0.0,0.0,3.0,0.0,0.0,0.0,0.0,5.0,0.0,0.0,0.0,0.0,0.0,4.0,0.0,7.0,4.0,5.0,3.0,0.0,2.0,0.0,15.0,0.0,0.0,0.0,0.0,0.0,0.0,0.0,0.0,0.0,0.0,0.0,0.0,0.0,0.0,0.0,2.0,0.0,0.0,0.0,0.0,2.0,0.0,0.0,0.0,0.0,0.0,0.0,0.0,7.0,4.0,2.0,2166631354.0,-1.0,贵港市平南县,贵港市平南县平山镇,12.0,14.7,0.0,2.5,29.2,33.5,32.73108108108108,38.14581005586592
广西壮族自治区,贵港市,平南县,寺面镇,110.454722,23.155556,0.0,1.0,8.0,1.0,18.0,0.0,0.0,0.0,0.0,0.0,0.0,0.0,0.0,0.0,1.0,1.0,0.0,0.0,0.0,0.0,3.0,0.0,1.0,0.0,0.0,8.0,0.0,0.0,0.0,0.0,1.0,0.0,0.0,1.0,5.0,3.0,0.0,1.0,4.0,1.0,15.0,0.0,0.0,0.0,0.0,0.0,0.0,0.0,0.0,0.0,1.0,1.0,0.0,0.0,0.0,0.0,2.0,0.0,0.0,0.0,0.0,1.0,0.0,0.0,0.0,0.0,1.0,0.0,0.0,1.0,5.0,1.0,2166483754.0,-1.0,贵港市平南县,贵港市平南县寺面镇,12.0,16.6,5.0,1.5,35.1,33.5,32.73108108108108,38.14581005586592
广西壮族自治区,贵港市,平南县,六陈镇,110.3555671,23.1923833,3.0,0.0,0.0,7.0,36.0,0.0,0.0,0.0,0.0,0.0,0.0,0.0,0.0,0.0,0.0,0.0,0.0,0.0,0.0,0.0,4.0,0.0,0.0,0.0,0.0,10.0,0.0,0.0,0.0,0.0,0.0,0.0,0.0,2.0,4.0,4.0,3.0,0.0,0.0,3.0,16.0,0.0,0.0,0.0,0.0,0.0,0.0,0.0,0.0,0.0,0.0,0.0,0.0,0.0,0.0,0.0,4.0,0.0,0.0,0.0,0.0,3.0,0.0,0.0,0.0,0.0,0.0,0.0,0.0,1.0,4.0,3.0,2166483753.0,-1.0,贵港市平南县,贵港市平南县六陈镇,12.0,22.0,0.0,2.0,36.0,33.5,32.73108108108108,38.14581005586592
广西壮族自治区,贵港市,平南县,大新镇,110.4586217,23.3110194,5.0,0.0,4.0,8.0,43.0,0.0,0.0,0.0,0.0,0.0,0.0,0.0,0.0,0.0,0.0,0.0,0.0,0.0,0.0,0.0,1.0,0.0,0.0,0.0,0.0,10.0,0.0,0.0,0.0,0.0,0.0,0.0,0.0,1.0,6.0,4.0,2.0,0.0,2.0,2.0,24.0,0.0,0.0,0.0,0.0,0.0,0.0,0.0,0.0,0.0,0.0,0.0,0.0,0.0,0.0,0.0,1.0,0.0,0.0,0.0,0.0,1.0,0.0,0.0,0.0,0.0,0.0,0.0,0.0,1.0,5.0,3.0,2166483750.0,-1.0,贵港市平南县,贵港市平南县大新镇,12.0,23.0,0.0,2.0,37.0,33.5,32.73108108108108,38.14581005586592
广西壮族自治区,贵港市,平南县,大安镇,110.5110455,23.3849871,3.0,0.0,3.0,9.0,58.0,0.0,0.0,0.0,0.0,0.0,0.0,0.0,0.0,0.0,0.0,0.0,0.0,0.0,0.0,0.0,4.0,0.0,0.0,0.0,0.0,12.0,0.0,0.0,0.0,0.0,0.0,2.0,0.0,2.0,5.0,6.0,0.0,0.0,3.0,8.0,43.0,0.0,0.0,0.0,0.0,0.0,0.0,0.0,0.0,0.0,0.0,0.0,0.0,0.0,0.0,0.0,1.0,0.0,0.0,0.0,0.0,2.0,0.0,0.0,0.0,0.0,0.0,1.0,0.0,1.0,4.0,4.0,2166483752.0,-1.0,贵港市平南县,贵港市平南县大安镇,12.0,22.5,0.0,3.0,37.5,33.5,32.73108108108108,38.14581005586592
广西壮族自治区,贵港市,平南县,武林镇,110.5350592,23.4215381,0.0,0.0,9.0,0.0,32.0,6.0,0.0,0.0,0.0,0.0,0.0,0.0,0.0,0.0,0.0,0.0,0.0,0.0,0.0,0.0,1.0,0.0,2.0,0.0,0.0,9.0,0.0,0.0,0.0,3.0,0.0,1.0,0.0,4.0,4.0,6.0,0.0,0.0,4.0,0.0,21.0,2.0,0.0,0.0,0.0,0.0,0.0,0.0,0.0,0.0,0.0,0.0,0.0,0.0,0.0,0.0,1.0,0.0,0.0,0.0,0.0,1.0,0.0,0.0,0.0,0.0,0.0,0.0,0.0,4.0,4.0,4.0,2166483755.0,-1.0,贵港市平南县,贵港市平南县武林镇,12.0,19.7,0.0,3.3,35.0,33.5,32.73108108108108,38.14581005586592
广西壮族自治区,贵港市,平南县,大坡镇,110.5290269,23.2078241,0.0,0.0,2.0,0.0,3.0,0.0,0.0,0.0,0.0,0.0,0.0,0.0,0.0,0.0,0.0,0.0,0.0,0.0,0.0,0.0,2.0,0.0,1.0,0.0,0.0,4.0,0.0,0.0,0.0,0.0,0.0,0.0,0.0,5.0,3.0,3.0,0.0,0.0,1.0,0.0,0.0,0.0,0.0,0.0,0.0,0.0,0.0,0.0,0.0,0.0,0.0,0.0,0.0,0.0,0.0,0.0,2.0,0.0,1.0,0.0,0.0,1.0,0.0,0.0,0.0,0.0,0.0,0.0,0.0,1.0,1.0,3.0,4858077660.0,-1.0,贵港市平南县,贵港市平南县大坡镇,11.0,7.1,0.0,1.5,19.6,33.5,32.73108108108108,38.14581005586592
广西壮族自治区,贵港市,平南县,大洲镇,110.5925,23.270556,0.0,0.0,1.0,0.0,0.0,0.0,0.0,0.0,0.0,0.0,0.0,0.0,0.0,0.0,0.0,0.0,0.0,0.0,0.0,0.0,1.0,0.0,0.0,0.0,0.0,1.0,0.0,0.0,0.0,0.0,0.0,0.0,0.0,1.0,1.0,3.0,0.0,0.0,1.0,0.0,0.0,0.0,0.0,0.0,0.0,0.0,0.0,0.0,0.0,0.0,0.0,0.0,0.0,0.0,0.0,0.0,1.0,0.0,0.0,0.0,0.0,1.0,0.0,0.0,0.0,0.0,0.0,0.0,0.0,1.0,1.0,3.0,2166483751.0,-1.0,贵港市平南县,贵港市平南县大洲镇,8.0,5.5,0.0,1.5,15.0,33.5,32.73108108108108,38.14581005586592
广西壮族自治区,贵港市,平南县,镇隆镇,110.410498,23.411945,11.0,0.0,1.0,5.0,20.0,11.0,0.0,0.0,4.0,0.0,1.0,0.0,0.0,0.0,0.0,0.0,0.0,0.0,0.0,0.0,2.0,0.0,1.0,0.0,0.0,2.0,1.0,0.0,0.0,1.0,0.0,1.0,0.0,4.0,6.0,5.0,11.0,0.0,1.0,0.0,20.0,1.0,0.0,0.0,0.0,0.0,1.0,0.0,0.0,0.0,0.0,0.0,0.0,0.0,0.0,0.0,1.0,0.0,0.0,0.0,0.0,1.0,0.0,0.0,0.0,1.0,0.0,0.0,0.0,3.0,5.0,1.0,3505204982.0,-1.0,贵港市平南县,贵港市平南县镇隆镇,9.0,27.0,0.0,2.8,38.8,33.5,32.73108108108108,38.14581005586592
广西壮族自治区,贵港市,平南县,安怀镇,110.423113,23.6056361,0.0,0.0,2.0,5.0,6.0,3.0,0.0,0.0,0.0,0.0,1.0,0.0,0.0,0.0,0.0,0.0,0.0,0.0,0.0,0.0,13.0,0.0,4.0,0.0,0.0,7.0,0.0,0.0,0.0,0.0,0.0,0.0,0.0,2.0,7.0,6.0,0.0,0.0,2.0,1.0,2.0,0.0,0.0,0.0,0.0,0.0,0.0,0.0,0.0,0.0,0.0,0.0,0.0,0.0,0.0,0.0,9.0,0.0,0.0,0.0,0.0,3.0,0.0,0.0,0.0,0.0,0.0,0.0,0.0,1.0,4.0,2.0,2166631288.0,-1.0,贵港市平南县,贵港市平南县安怀镇,12.0,17.3,0.0,3.0,32.3,33.5,32.73108108108108,38.14581005586592
广西壮族自治区,贵港市,平南县,丹竹镇,110.5221353,23.4714902,4.0,0.0,8.0,7.0,30.0,2.0,0.0,0.0,0.0,0.0,1.0,0.0,0.0,0.0,0.0,0.0,0.0,0.0,0.0,0.0,2.0,0.0,2.0,0.0,0.0,14.0,0.0,0.0,0.0,0.0,0.0,0.0,0.0,3.0,7.0,5.0,1.0,0.0,3.0,5.0,25.0,0.0,0.0,0.0,0.0,0.0,0.0,0.0,0.0,0.0,0.0,0.0,0.0,0.0,0.0,0.0,2.0,0.0,0.0,0.0,0.0,3.0,0.0,0.0,0.0,0.0,0.0,0.0,0.0,3.0,5.0,4.0,4860588979.0,-1.0,贵港市平南县,贵港市平南县丹竹镇,12.0,25.5,0.0,2.5,40.0,33.5,32.73108108108108,38.14581005586592
广西壮族自治区,贵港市,平南县,官成镇,110.3616451,23.6547613,0.0,2.0,3.0,9.0,45.0,0.0,0.0,0.0,0.0,0.0,1.0,0.0,0.0,0.0,0.0,0.0,0.0,0.0,0.0,0.0,4.0,0.0,0.0,0.0,0.0,1.0,0.0,0.0,0.0,1.0,0.0,3.0,0.0,4.0,10.0,6.0,0.0,2.0,2.0,5.0,21.0,0.0,0.0,0.0,0.0,0.0,0.0,0.0,0.0,0.0,0.0,0.0,0.0,0.0,0.0,0.0,1.0,0.0,0.0,0.0,0.0,1.0,0.0,0.0,0.0,0.0,0.0,0.0,0.0,2.0,4.0,4.0,4957684085.0,-1.0,贵港市平南县,贵港市平南县官成镇,8.0,26.0,0.0,3.1,37.1,33.5,32.73108108108108,38.14581005586592
广西壮族自治区,贵港市,平南县,思旺镇,110.305947,23.6802594,0.0,0.0,3.0,8.0,51.0,0.0,0.0,0.0,0.0,0.0,0.0,0.0,0.0,0.0,0.0,0.0,0.0,0.0,0.0,0.0,3.0,0.0,1.0,0.0,0.0,12.0,0.0,0.0,0.0,0.0,0.0,1.0,0.0,2.0,5.0,6.0,0.0,0.0,3.0,5.0,22.0,0.0,0.0,0.0,0.0,0.0,0.0,0.0,0.0,0.0,0.0,0.0,0.0,0.0,0.0,0.0,3.0,0.0,1.0,0.0,0.0,2.0,0.0,0.0,0.0,0.0,0.0,1.0,0.0,1.0,4.0,6.0,7920437893.0,-1.0,贵港市平南县,贵港市平南县思旺镇,12.0,22.5,0.0,3.0,37.5,33.5,32.73108108108108,38.14581005586592
广西壮族自治区,贵港市,平南县,大鹏镇,110.1766855,23.7486423,0.0,0.0,18.0,9.0,38.0,1.0,0.0,0.0,0.0,0.0,0.0,0.0,0.0,0.0,0.0,0.0,0.0,0.0,0.0,0.0,3.0,0.0,0.0,0.0,0.0,7.0,0.0,0.0,0.0,0.0,0.0,0.0,0.0,4.0,8.0,3.0,0.0,0.0,12.0,2.0,14.0,0.0,0.0,0.0,0.0,0.0,0.0,0.0,0.0,0.0,0.0,0.0,0.0,0.0,0.0,0.0,2.0,0.0,0.0,0.0,0.0,3.0,0.0,0.0,0.0,0.0,0.0,0.0,0.0,1.0,4.0,3.0,2166631311.0,-1.0,贵港市平南县,贵港市平南县大鹏镇,12.0,24.0,0.0,1.5,37.5,33.5,32.73108108108108,38.14581005586592
广西壮族自治区,贵港市,平南县,同和镇,110.4574267,23.7949244,0.0,1.0,8.0,0.0,18.0,0.0,0.0,0.0,0.0,0.0,0.0,0.0,0.0,0.0,0.0,0.0,0.0,0.0,0.0,0.0,20.0,0.0,0.0,0.0,0.0,5.0,0.0,0.0,0.0,0.0,0.0,0.0,0.0,2.0,5.0,5.0,0.0,1.0,4.0,0.0,16.0,0.0,0.0,0.0,0.0,0.0,0.0,0.0,0.0,0.0,0.0,0.0,0.0,0.0,0.0,0.0,5.0,0.0,0.0,0.0,0.0,1.0,0.0,0.0,0.0,0.0,0.0,0.0,0.0,2.0,4.0,5.0,4560053711.0,-1.0,贵港市平南县,贵港市平南县同和镇,12.0,15.9,0.0,2.5,30.4,33.5,32.73108108108108,38.14581005586592
广西壮族自治区,贵港市,平南县,东华镇,110.539,23.573,0.0,0.0,0.0,14.0,10.0,3.0,0.0,3.0,0.0,0.0,0.0,0.0,0.0,0.0,0.0,0.0,0.0,0.0,0.0,0.0,2.0,0.0,0.0,0.0,0.0,7.0,0.0,0.0,0.0,0.0,0.0,0.0,0.0,2.0,6.0,4.0,0.0,0.0,0.0,6.0,2.0,3.0,0.0,0.0,0.0,0.0,0.0,0.0,0.0,0.0,0.0,0.0,0.0,0.0,0.0,0.0,2.0,0.0,0.0,0.0,0.0,1.0,0.0,0.0,0.0,0.0,0.0,0.0,0.0,2.0,5.0,3.0,4559812828.0,-1.0,贵港市平南县,贵港市平南县东华镇,12.0,10.6,0.0,2.0,24.6,33.5,32.73108108108108,38.14581005586592
广西壮族自治区,贵港市,平南县,思界乡,110.2960129,23.5778047,0.0,5.0,0.0,0.0,19.0,1.0,0.0,0.0,0.0,0.0,0.0,0.0,0.0,0.0,0.0,0.0,0.0,0.0,0.0,0.0,1.0,0.0,1.0,0.0,1.0,1.0,0.0,0.0,0.0,0.0,0.0,0.0,0.0,6.0,5.0,6.0,0.0,1.0,0.0,0.0,6.0,1.0,0.0,0.0,0.0,0.0,0.0,0.0,0.0,0.0,0.0,0.0,0.0,0.0,0.0,0.0,1.0,0.0,0.0,0.0,0.0,1.0,0.0,0.0,0.0,0.0,0.0,0.0,0.0,5.0,4.0,3.0,3505204981.0,-1.0,贵港市平南县,贵港市平南县思界乡,8.0,13.1,0.0,3.0,24.1,33.5,32.73108108108108,38.14581005586592
广西壮族自治区,贵港市,平南县,国安瑶族乡,110.2551515,23.8439526,0.0,0.0,6.0,0.0,33.0,0.0,0.0,0.0,0.0,0.0,0.0,0.0,0.0,0.0,0.0,0.0,0.0,0.0,0.0,0.0,1.0,0.0,0.0,0.0,0.0,1.0,0.0,0.0,0.0,0.0,0.0,0.0,0.0,5.0,3.0,2.0,0.0,0.0,3.0,0.0,22.0,0.0,0.0,0.0,0.0,0.0,0.0,0.0,0.0,0.0,0.0,0.0,0.0,0.0,0.0,0.0,1.0,0.0,0.0,0.0,0.0,1.0,0.0,0.0,0.0,0.0,0.0,0.0,0.0,1.0,3.0,2.0,3774773479.0,-1.0,贵港市平南县,贵港市平南县国安瑶族乡,8.0,19.7,0.0,1.0,28.7,33.5,32.73108108108108,38.14581005586592
广西壮族自治区,贵港市,平南县,马练瑶族乡,110.3203828,23.927455,0.0,0.0,6.0,8.0,9.0,0.0,0.0,0.0,0.0,0.0,0.0,0.0,0.0,0.0,0.0,0.0,0.0,0.0,0.0,0.0,4.0,0.0,0.0,0.0,0.0,3.0,0.0,0.0,0.0,0.0,0.0,0.0,0.0,6.0,5.0,3.0,0.0,0.0,5.0,1.0,3.0,0.0,0.0,0.0,0.0,0.0,0.0,0.0,0.0,0.0,0.0,0.0,0.0,0.0,0.0,0.0,4.0,0.0,0.0,0.0,0.0,1.0,0.0,0.0,0.0,0.0,0.0,0.0,0.0,2.0,4.0,3.0,3774777757.0,11641254.0,贵港市平南县,贵港市平南县马练瑶族乡,18.0,15.2,0.0,1.5,34.7,33.5,32.73108108108108,38.14581005586592
广西壮族自治区,贵港市,桂平市,木乐镇,110.346939,23.424049,4.0,0.0,1.0,1.0,17.0,0.0,0.0,0.0,0.0,0.0,0.0,0.0,0.0,0.0,0.0,0.0,0.0,0.0,0.0,0.0,7.0,0.0,1.0,0.0,0.0,1.0,0.0,0.0,0.0,0.0,0.0,0.0,0.0,5.0,5.0,3.0,1.0,0.0,1.0,1.0,12.0,0.0,0.0,0.0,0.0,0.0,0.0,0.0,0.0,0.0,0.0,0.0,0.0,0.0,0.0,0.0,5.0,0.0,1.0,0.0,0.0,1.0,0.0,0.0,0.0,0.0,0.0,0.0,0.0,2.0,5.0,2.0,3505204979.0,-1.0,贵港市桂平市,贵港市桂平市木乐镇,8.0,15.5,0.0,1.5,25.0,29.52692307692308,32.73108108108108,38.14581005586592
广西壮族自治区,贵港市,桂平市,木圭镇,110.29846,23.535274,0.0,0.0,2.0,0.0,1.0,0.0,0.0,0.0,0.0,0.0,0.0,0.0,0.0,0.0,0.0,0.0,0.0,0.0,0.0,0.0,0.0,0.0,1.0,0.0,0.0,1.0,0.0,0.0,0.0,0.0,0.0,0.0,0.0,5.0,4.0,3.0,0.0,0.0,1.0,0.0,0.0,0.0,0.0,0.0,0.0,0.0,0.0,0.0,0.0,0.0,0.0,0.0,0.0,0.0,0.0,0.0,0.0,0.0,0.0,0.0,0.0,1.0,0.0,0.0,0.0,0.0,0.0,0.0,0.0,3.0,1.0,2.0,3505204978.0,-1.0,贵港市桂平市,贵港市桂平市木圭镇,8.0,7.2,0.0,1.5,16.7,29.52692307692308,32.73108108108108,38.14581005586592
广西壮族自治区,贵港市,桂平市,石咀镇,110.16804,23.463809,1.0,0.0,1.0,4.0,1.0,0.0,0.0,0.0,0.0,0.0,0.0,0.0,0.0,0.0,0.0,0.0,0.0,0.0,0.0,0.0,3.0,0.0,1.0,0.0,0.0,1.0,0.0,0.0,0.0,0.0,0.0,0.0,0.0,4.0,4.0,4.0,1.0,0.0,1.0,3.0,1.0,0.0,0.0,0.0,0.0,0.0,0.0,0.0,0.0,0.0,0.0,0.0,0.0,0.0,0.0,0.0,1.0,0.0,0.0,0.0,0.0,1.0,0.0,0.0,0.0,0.0,0.0,0.0,0.0,4.0,4.0,3.0,4560158789.0,-1.0,贵港市桂平市,贵港市桂平市石咀镇,8.0,11.5,0.0,2.0,21.5,29.52692307692308,32.73108108108108,38.14581005586592
广西壮族自治区,贵港市,桂平市,油麻镇,110.244167,23.270556,0.0,0.0,1.0,1.0,0.0,0.0,0.0,0.0,0.0,0.0,0.0,0.0,0.0,0.0,0.0,0.0,0.0,0.0,0.0,0.0,2.0,0.0,0.0,0.0,0.0,2.0,0.0,0.0,0.0,0.0,0.0,0.0,0.0,2.0,2.0,3.0,0.0,0.0,1.0,1.0,0.0,0.0,0.0,0.0,0.0,0.0,0.0,0.0,0.0,0.0,0.0,0.0,0.0,0.0,0.0,0.0,0.0,0.0,0.0,0.0,0.0,1.0,0.0,0.0,0.0,0.0,0.0,0.0,0.0,1.0,2.0,0.0,3505531443.0,-1.0,贵港市桂平市,贵港市桂平市油麻镇,9.0,7.0,0.0,1.5,17.5,29.52692307692308,32.73108108108108,38.14581005586592
广西壮族自治区,贵港市,桂平市,社坡镇,110.210109,23.383779,0.0,1.0,3.0,3.0,2.0,0.0,0.0,0.0,0.0,0.0,0.0,0.0,0.0,0.0,1.0,1.0,0.0,0.0,0.0,0.0,2.0,0.0,0.0,0.0,0.0,1.0,0.0,0.0,0.0,0.0,0.0,0.0,0.0,2.0,7.0,3.0,0.0,0.0,2.0,3.0,2.0,0.0,0.0,0.0,0.0,0.0,0.0,0.0,0.0,0.0,0.0,0.0,0.0,0.0,0.0,0.0,2.0,0.0,0.0,0.0,0.0,1.0,0.0,0.0,0.0,0.0,0.0,0.0,0.0,1.0,3.0,1.0,4560157688.0,-1.0,贵港市桂平市,贵港市桂平市社坡镇,8.0,12.5,0.0,1.5,22.0,29.52692307692308,32.73108108108108,38.14581005586592
广西壮族自治区,贵港市,桂平市,罗秀镇,110.2905035,23.0678872,0.0,0.0,5.0,0.0,24.0,0.0,0.0,0.0,0.0,0.0,0.0,0.0,0.0,0.0,0.0,0.0,0.0,0.0,0.0,0.0,1.0,0.0,0.0,0.0,0.0,13.0,0.0,0.0,0.0,0.0,0.0,0.0,0.0,1.0,4.0,2.0,0.0,0.0,4.0,0.0,21.0,0.0,0.0,0.0,0.0,0.0,0.0,0.0,0.0,0.0,0.0,0.0,0.0,0.0,0.0,0.0,1.0,0.0,0.0,0.0,0.0,3.0,0.0,0.0,0.0,0.0,0.0,0.0,0.0,1.0,4.0,2.0,4858077203.0,-1.0,贵港市桂平市,贵港市桂平市罗秀镇,12.0,18.1,0.0,1.0,31.1,29.52692307692308,32.73108108108108,38.14581005586592
广西壮族自治区,贵港市,桂平市,麻垌镇,110.16,23.150556,0.0,1.0,1.0,6.0,0.0,0.0,0.0,0.0,0.0,0.0,1.0,0.0,0.0,0.0,0.0,0.0,0.0,0.0,0.0,0.0,1.0,0.0,0.0,0.0,0.0,1.0,0.0,0.0,0.0,0.0,0.0,0.0,0.0,1.0,3.0,3.0,0.0,1.0,0.0,4.0,0.0,0.0,0.0,0.0,0.0,0.0,0.0,0.0,0.0,0.0,0.0,0.0,0.0,0.0,0.0,0.0,1.0,0.0,0.0,0.0,0.0,1.0,0.0,0.0,0.0,0.0,0.0,0.0,0.0,1.0,2.0,1.0,3505531437.0,-1.0,贵港市桂平市,贵港市桂平市麻垌镇,8.0,13.5,0.0,1.5,23.0,29.52692307692308,32.73108108108108,38.14581005586592
广西壮族自治区,贵港市,桂平市,社步镇,110.091989,23.260836,0.0,7.0,4.0,10.0,4.0,0.0,0.0,0.0,2.0,0.0,0.0,0.0,0.0,0.0,0.0,0.0,0.0,0.0,0.0,0.0,2.0,0.0,0.0,0.0,0.0,2.0,0.0,0.0,0.0,0.0,0.0,0.0,0.0,4.0,4.0,3.0,0.0,4.0,3.0,3.0,4.0,0.0,0.0,0.0,2.0,0.0,0.0,0.0,0.0,0.0,0.0,0.0,0.0,0.0,0.0,0.0,1.0,0.0,0.0,0.0,0.0,1.0,0.0,0.0,0.0,0.0,0.0,0.0,0.0,3.0,4.0,3.0,3505531440.0,-1.0,贵港市桂平市,贵港市桂平市社步镇,9.0,16.0,0.0,1.5,26.5,29.52692307692308,32.73108108108108,38.14581005586592
广西壮族自治区,贵港市,桂平市,下湾镇,110.005889,23.24137,0.0,0.0,0.0,10.0,11.0,0.0,0.0,0.0,2.0,0.0,0.0,0.0,0.0,0.0,0.0,0.0,0.0,0.0,0.0,0.0,2.0,0.0,1.0,0.0,0.0,1.0,0.0,0.0,0.0,0.0,0.0,0.0,0.0,3.0,4.0,5.0,0.0,0.0,0.0,9.0,8.0,0.0,0.0,0.0,2.0,0.0,0.0,0.0,0.0,0.0,0.0,0.0,0.0,0.0,0.0,0.0,1.0,0.0,1.0,0.0,0.0,1.0,0.0,0.0,0.0,0.0,0.0,0.0,0.0,3.0,4.0,5.0,3505531442.0,-1.0,贵港市桂平市,贵港市桂平市下湾镇,8.0,13.6,0.0,2.5,24.1,29.52692307692308,32.73108108108108,38.14581005586592
广西壮族自治区,贵港市,桂平市,木根镇,110.1003762,23.0745419,0.0,1.0,0.0,1.0,0.0,0.0,0.0,0.0,0.0,0.0,0.0,0.0,0.0,0.0,0.0,0.0,0.0,0.0,0.0,0.0,2.0,0.0,0.0,0.0,0.0,3.0,1.0,0.0,0.0,0.0,0.0,0.0,0.0,2.0,2.0,4.0,0.0,1.0,0.0,1.0,0.0,0.0,0.0,0.0,0.0,0.0,0.0,0.0,0.0,0.0,0.0,0.0,0.0,0.0,0.0,0.0,1.0,0.0,0.0,0.0,0.0,2.0,0.0,0.0,0.0,0.0,0.0,0.0,0.0,1.0,2.0,2.0,4488552837.0,-1.0,贵港市桂平市,贵港市桂平市木根镇,10.0,7.0,0.0,2.1,19.1,29.52692307692308,32.73108108108108,38.14581005586592
广西壮族自治区,贵港市,桂平市,中沙镇,110.1482022,22.9389951,0.0,0.0,5.0,4.0,17.0,6.0,0.0,0.0,0.0,0.0,1.0,0.0,0.0,0.0,0.0,0.0,0.0,0.0,0.0,0.0,2.0,0.0,0.0,0.0,0.0,4.0,0.0,0.0,0.0,0.0,0.0,0.0,0.0,2.0,5.0,3.0,0.0,0.0,3.0,2.0,6.0,3.0,0.0,0.0,0.0,0.0,1.0,0.0,0.0,0.0,0.0,0.0,0.0,0.0,0.0,0.0,2.0,0.0,0.0,0.0,0.0,1.0,0.0,0.0,0.0,0.0,0.0,0.0,0.0,2.0,5.0,3.0,4560473554.0,-1.0,贵港市桂平市,贵港市桂平市中沙镇,11.0,18.7,0.0,1.5,31.2,29.52692307692308,32.73108108108108,38.14581005586592
广西壮族自治区,贵港市,桂平市,大洋镇,110.0022676,23.0163675,0.0,0.0,4.0,5.0,2.0,0.0,0.0,0.0,0.0,0.0,0.0,0.0,0.0,0.0,0.0,0.0,0.0,0.0,0.0,0.0,1.0,0.0,0.0,0.0,0.0,2.0,2.0,0.0,0.0,0.0,0.0,0.0,0.0,8.0,7.0,3.0,0.0,0.0,4.0,2.0,2.0,0.0,0.0,0.0,0.0,0.0,0.0,0.0,0.0,0.0,0.0,0.0,0.0,0.0,0.0,0.0,1.0,0.0,0.0,0.0,0.0,1.0,0.0,0.0,0.0,0.0,0.0,0.0,0.0,3.0,3.0,3.0,4488552835.0,-1.0,贵港市桂平市,贵港市桂平市大洋镇,9.0,14.5,0.0,1.7,25.2,29.52692307692308,32.73108108108108,38.14581005586592
广西壮族自治区,贵港市,桂平市,大湾镇,109.8960275,23.1117442,0.0,0.0,0.0,8.0,13.0,0.0,0.0,0.0,2.0,0.0,0.0,0.0,0.0,0.0,0.0,0.0,0.0,0.0,0.0,0.0,1.0,0.0,0.0,0.0,0.0,1.0,0.0,0.0,0.0,0.0,0.0,0.0,0.0,3.0,4.0,3.0,0.0,0.0,0.0,5.0,7.0,0.0,0.0,0.0,2.0,0.0,0.0,0.0,0.0,0.0,0.0,0.0,0.0,0.0,0.0,0.0,1.0,0.0,0.0,0.0,0.0,1.0,0.0,0.0,0.0,0.0,0.0,0.0,0.0,3.0,3.0,3.0,5141311191.0,-1.0,贵港市桂平市,贵港市桂平市大湾镇,8.0,13.7,0.0,1.5,23.2,29.52692307692308,32.73108108108108,38.14581005586592
广西壮族自治区,贵港市,桂平市,白沙镇,109.926111,23.206389,0.0,0.0,7.0,6.0,21.0,1.0,0.0,0.0,2.0,1.0,0.0,0.0,0.0,0.0,1.0,1.0,0.0,0.0,0.0,0.0,4.0,0.0,1.0,0.0,0.0,2.0,6.0,0.0,0.0,13.0,0.0,14.0,0.0,4.0,5.0,5.0,0.0,0.0,3.0,2.0,9.0,0.0,0.0,0.0,2.0,1.0,0.0,0.0,0.0,0.0,1.0,1.0,0.0,0.0,0.0,0.0,4.0,0.0,0.0,0.0,0.0,1.0,1.0,0.0,0.0,0.0,0.0,7.0,0.0,3.0,4.0,4.0,5141016886.0,-1.0,贵港市桂平市,贵港市桂平市白沙镇,9.0,23.4,5.0,4.5,41.9,29.52692307692308,32.73108108108108,38.14581005586592
广西壮族自治区,贵港市,桂平市,石龙镇,109.801102,23.316438,3.0,0.0,1.0,5.0,3.0,0.0,0.0,0.0,0.0,0.0,0.0,0.0,0.0,0.0,0.0,0.0,0.0,0.0,0.0,0.0,2.0,0.0,0.0,0.0,0.0,8.0,3.0,0.0,0.0,1.0,0.0,0.0,0.0,5.0,8.0,4.0,3.0,0.0,1.0,3.0,1.0,0.0,0.0,0.0,0.0,0.0,0.0,0.0,0.0,0.0,0.0,0.0,0.0,0.0,0.0,0.0,2.0,0.0,0.0,0.0,0.0,2.0,0.0,0.0,0.0,0.0,0.0,0.0,0.0,5.0,4.0,2.0,3505531441.0,-1.0,贵港市桂平市,贵港市桂平市石龙镇,12.0,14.9,0.0,2.4,29.299999999999997,29.52692307692308,32.73108108108108,38.14581005586592
广西壮族自治区,贵港市,桂平市,蒙圩镇,109.9895798,23.3205383,6.0,0.0,8.0,6.0,28.0,1.0,0.0,0.0,0.0,0.0,0.0,0.0,0.0,0.0,0.0,0.0,0.0,0.0,0.0,0.0,4.0,0.0,1.0,0.0,1.0,1.0,1.0,0.0,0.0,0.0,0.0,13.0,0.0,2.0,9.0,9.0,5.0,0.0,3.0,1.0,21.0,0.0,0.0,0.0,0.0,0.0,0.0,0.0,0.0,0.0,0.0,0.0,0.0,0.0,0.0,0.0,1.0,0.0,0.0,0.0,0.0,1.0,0.0,0.0,0.0,0.0,0.0,0.0,0.0,2.0,6.0,3.0,3505531438.0,-1.0,贵港市桂平市,贵港市桂平市蒙圩镇,8.0,24.0,0.0,4.1,36.1,29.52692307692308,32.73108108108108,38.14581005586592
广西壮族自治区,贵港市,桂平市,西山镇,110.0716322,23.3903914,2.0,19.0,19.0,24.0,149.0,13.0,0.0,37.0,4.0,3.0,0.0,1.0,0.0,0.0,2.0,2.0,0.0,0.0,0.0,2.0,9.0,3.0,1.0,0.0,0.0,6.0,41.0,0.0,0.0,0.0,0.0,11.0,2.0,7.0,15.0,12.0,0.0,0.0,8.0,4.0,37.0,4.0,0.0,15.0,0.0,0.0,0.0,0.0,0.0,0.0,0.0,0.0,0.0,0.0,0.0,1.0,0.0,0.0,0.0,0.0,0.0,2.0,6.0,0.0,0.0,0.0,0.0,2.0,1.0,4.0,8.0,4.0,4560158792.0,-1.0,贵港市桂平市,贵港市桂平市西山镇,12.0,28.0,6.0,8.7,54.7,29.52692307692308,32.73108108108108,38.14581005586592
广西壮族自治区,贵港市,桂平市,南木镇,110.075583,23.4930489,0.0,1.0,3.0,5.0,11.0,0.0,0.0,0.0,0.0,0.0,0.0,1.0,0.0,0.0,1.0,1.0,0.0,0.0,0.0,0.0,19.0,0.0,0.0,0.0,0.0,13.0,2.0,0.0,0.0,0.0,0.0,1.0,0.0,1.0,5.0,8.0,0.0,0.0,2.0,5.0,3.0,0.0,0.0,0.0,0.0,0.0,0.0,0.0,0.0,0.0,0.0,0.0,0.0,0.0,0.0,0.0,2.0,0.0,0.0,0.0,0.0,3.0,0.0,0.0,0.0,0.0,0.0,0.0,0.0,1.0,4.0,3.0,3774816977.0,-1.0,贵港市桂平市,贵港市桂平市南木镇,12.0,15.6,5.0,4.2,36.800000000000004,29.52692307692308,32.73108108108108,38.14581005586592
广西壮族自治区,贵港市,桂平市,江口镇,110.2046831,23.5874596,0.0,5.0,9.0,4.0,34.0,4.0,0.0,3.0,0.0,0.0,0.0,0.0,0.0,0.0,3.0,3.0,0.0,0.0,0.0,0.0,43.0,0.0,0.0,0.0,0.0,15.0,16.0,0.0,0.0,0.0,0.0,8.0,0.0,3.0,10.0,7.0,0.0,0.0,6.0,0.0,16.0,1.0,0.0,0.0,0.0,0.0,0.0,0.0,0.0,0.0,0.0,0.0,0.0,0.0,0.0,0.0,2.0,0.0,0.0,0.0,0.0,1.0,0.0,0.0,0.0,0.0,0.0,0.0,0.0,3.0,5.0,5.0,3774816971.0,-1.0,贵港市桂平市,贵港市桂平市江口镇,12.0,24.0,0.0,5.1,41.1,29.52692307692308,32.73108108108108,38.14581005586592
广西壮族自治区,贵港市,桂平市,金田镇,110.1118143,23.5847852,0.0,1.0,19.0,3.0,50.0,4.0,0.0,1.0,0.0,1.0,0.0,1.0,0.0,0.0,4.0,4.0,0.0,0.0,0.0,0.0,66.0,0.0,0.0,0.0,1.0,46.0,124.0,0.0,0.0,0.0,0.0,4.0,0.0,1.0,9.0,9.0,0.0,1.0,9.0,0.0,13.0,0.0,0.0,0.0,0.0,0.0,0.0,0.0,0.0,0.0,0.0,0.0,0.0,0.0,0.0,0.0,3.0,0.0,0.0,0.0,0.0,4.0,0.0,0.0,0.0,0.0,0.0,0.0,0.0,1.0,4.0,5.0,3774816975.0,-1.0,贵港市桂平市,贵港市桂平市金田镇,12.0,26.0,5.0,16.4,59.4,29.52692307692308,32.73108108108108,38.14581005586592
广西壮族自治区,贵港市,桂平市,紫荆镇,110.0158813,23.6420065,0.0,7.0,0.0,10.0,18.0,2.0,0.0,0.0,0.0,0.0,0.0,0.0,0.0,0.0,0.0,0.0,0.0,0.0,0.0,0.0,8.0,0.0,0.0,0.0,0.0,7.0,0.0,0.0,0.0,1.0,0.0,0.0,0.0,1.0,8.0,4.0,0.0,1.0,0.0,5.0,4.0,0.0,0.0,0.0,0.0,0.0,0.0,0.0,0.0,0.0,0.0,0.0,0.0,0.0,0.0,0.0,3.0,0.0,0.0,0.0,0.0,2.0,0.0,0.0,0.0,0.0,0.0,0.0,0.0,1.0,3.0,4.0,3774816978.0,-1.0,贵港市桂平市,贵港市桂平市紫荆镇,12.0,18.8,0.0,2.1,32.9,29.52692307692308,32.73108108108108,38.14581005586592
广西壮族自治区,贵港市,桂平市,马皮乡,110.226,23.4592,3.0,0.0,1.0,1.0,1.0,0.0,0.0,0.0,0.0,0.0,0.0,0.0,0.0,0.0,0.0,0.0,0.0,0.0,0.0,0.0,13.0,0.0,2.0,0.0,0.0,1.0,0.0,0.0,0.0,1.0,0.0,0.0,0.0,3.0,9.0,4.0,1.0,0.0,1.0,1.0,1.0,0.0,0.0,0.0,0.0,0.0,0.0,0.0,0.0,0.0,0.0,0.0,0.0,0.0,0.0,0.0,5.0,0.0,0.0,0.0,0.0,1.0,0.0,0.0,0.0,1.0,0.0,0.0,0.0,2.0,4.0,1.0,3505204977.0,-1.0,贵港市桂平市,贵港市桂平市马皮乡,8.0,10.5,0.0,2.2,20.7,29.52692307692308,32.73108108108108,38.14581005586592
广西壮族自治区,贵港市,桂平市,寻旺乡,110.126872,23.380973,1.0,0.0,1.0,0.0,16.0,0.0,0.0,0.0,0.0,0.0,0.0,0.0,0.0,0.0,0.0,0.0,0.0,0.0,0.0,0.0,8.0,0.0,0.0,0.0,0.0,2.0,1.0,0.0,0.0,0.0,0.0,0.0,0.0,2.0,5.0,2.0,0.0,0.0,1.0,0.0,5.0,0.0,0.0,0.0,0.0,0.0,0.0,0.0,0.0,0.0,0.0,0.0,0.0,0.0,0.0,0.0,3.0,0.0,0.0,0.0,0.0,2.0,1.0,0.0,0.0,0.0,0.0,0.0,0.0,1.0,3.0,1.0,4560158793.0,-1.0,贵港市桂平市,贵港市桂平市寻旺乡,9.0,12.2,0.0,1.2,22.4,29.52692307692308,32.73108108108108,38.14581005586592
广西壮族自治区,贵港市,桂平市,罗播乡,110.073889,23.024167,0.0,1.0,1.0,1.0,2.0,0.0,0.0,0.0,0.0,0.0,0.0,0.0,0.0,0.0,0.0,0.0,0.0,0.0,0.0,0.0,4.0,0.0,0.0,0.0,0.0,2.0,0.0,0.0,0.0,0.0,0.0,0.0,0.0,1.0,4.0,2.0,0.0,1.0,1.0,1.0,1.0,0.0,0.0,0.0,0.0,0.0,0.0,0.0,0.0,0.0,0.0,0.0,0.0,0.0,0.0,0.0,1.0,0.0,0.0,0.0,0.0,1.0,0.0,0.0,0.0,0.0,0.0,0.0,0.0,1.0,4.0,1.0,4488552836.0,-1.0,贵港市桂平市,贵港市桂平市罗播乡,9.0,8.7,0.0,1.0,18.7,29.52692307692308,32.73108108108108,38.14581005586592
广西壮族自治区,贵港市,桂平市,厚禄乡,109.847,23.2441,0.0,0.0,2.0,2.0,32.0,0.0,0.0,0.0,0.0,0.0,0.0,0.0,0.0,0.0,0.0,0.0,0.0,0.0,0.0,0.0,0.0,0.0,0.0,0.0,0.0,3.0,1.0,0.0,0.0,0.0,0.0,0.0,0.0,4.0,8.0,3.0,0.0,0.0,2.0,0.0,11.0,0.0,0.0,0.0,0.0,0.0,0.0,0.0,0.0,0.0,0.0,0.0,0.0,0.0,0.0,0.0,0.0,0.0,0.0,0.0,0.0,1.0,0.0,0.0,0.0,0.0,0.0,0.0,0.0,2.0,7.0,1.0,3505531436.0,-1.0,贵港市桂平市,贵港市桂平市厚禄乡,10.0,20.7,0.0,1.6,32.3,29.52692307692308,32.73108108108108,38.14581005586592
广西壮族自治区,贵港市,桂平市,垌心乡,110.1262071,23.6457677,0.0,0.0,4.0,0.0,21.0,1.0,0.0,3.0,0.0,0.0,0.0,0.0,0.0,0.0,1.0,1.0,0.0,0.0,0.0,0.0,68.0,0.0,0.0,0.0,0.0,34.0,5.0,0.0,0.0,0.0,0.0,1.0,0.0,1.0,5.0,7.0,0.0,0.0,2.0,0.0,7.0,1.0,0.0,1.0,0.0,0.0,0.0,0.0,0.0,0.0,1.0,1.0,0.0,0.0,0.0,0.0,19.0,0.0,0.0,0.0,0.0,11.0,5.0,0.0,0.0,0.0,0.0,1.0,0.0,1.0,5.0,5.0,3774816972.0,-1.0,贵港市桂平市,贵港市桂平市垌心乡,12.0,13.8,5.0,4.5,35.3,29.52692307692308,32.73108108108108,38.14581005586592
广西壮族自治区,玉林市,玉州区,玉城街道,110.1572084,22.6252911,3.0,60.0,95.0,45.0,230.0,122.0,0.0,52.0,18.0,26.0,2.0,7.0,8.0,10.0,26.0,33.0,1.0,2.0,8.0,40.0,164.0,10.0,6.0,8.0,3.0,5.0,116.0,0.0,1.0,1.0,3.0,59.0,13.0,11.0,17.0,14.0,0.0,23.0,14.0,4.0,43.0,3.0,0.0,17.0,0.0,5.0,0.0,0.0,3.0,3.0,3.0,3.0,0.0,0.0,0.0,4.0,31.0,2.0,1.0,2.0,0.0,1.0,20.0,0.0,0.0,0.0,0.0,8.0,4.0,3.0,11.0,8.0,7976950075.0,7617834.0,玉林市玉州区,玉林市玉州区玉城街道,20.0,30.0,19.0,17.700000000000003,86.7,61.766666666666666,32.06272727272727,38.14581005586592
广西壮族自治区,玉林市,玉州区,南江街道,110.148491,22.612032,15.0,63.0,88.0,32.0,191.0,57.0,2.0,35.0,6.0,7.0,1.0,1.0,10.0,11.0,25.0,26.0,1.0,1.0,4.0,29.0,107.0,8.0,7.0,8.0,1.0,5.0,80.0,0.0,1.0,1.0,2.0,21.0,12.0,10.0,18.0,11.0,0.0,6.0,24.0,3.0,12.0,3.0,0.0,0.0,0.0,0.0,0.0,0.0,0.0,0.0,5.0,5.0,0.0,0.0,0.0,3.0,17.0,0.0,3.0,0.0,0.0,1.0,1.0,0.0,0.0,0.0,0.0,3.0,2.0,5.0,10.0,7.0,5139690430.0,7617796.0,玉林市玉州区,玉林市玉州区南江街道,20.0,30.0,13.0,12.200000000000001,75.2,61.766666666666666,32.06272727272727,38.14581005586592
广西壮族自治区,玉林市,玉州区,城西街道,110.1253188,22.6335392,25.0,51.0,43.0,28.0,188.0,36.0,0.0,30.0,8.0,10.0,4.0,4.0,7.0,7.0,15.0,16.0,1.0,1.0,3.0,18.0,79.0,6.0,10.0,4.0,1.0,5.0,77.0,0.0,11.0,0.0,0.0,16.0,5.0,11.0,19.0,10.0,0.0,12.0,4.0,4.0,34.0,15.0,0.0,7.0,0.0,0.0,0.0,0.0,1.0,1.0,3.0,3.0,0.0,0.0,0.0,4.0,5.0,1.0,2.0,0.0,0.0,1.0,22.0,0.0,11.0,0.0,0.0,5.0,1.0,4.0,12.0,8.0,5139690429.0,7617795.0,玉林市玉州区,玉林市玉州区城西街道,20.0,30.0,19.0,13.9,82.9,61.766666666666666,32.06272727272727,38.14581005586592
广西壮族自治区,玉林市,玉州区,城北街道,110.141932,22.670071,6.0,15.0,15.0,27.0,62.0,34.0,0.0,4.0,9.0,2.0,3.0,8.0,0.0,0.0,3.0,3.0,0.0,0.0,1.0,2.0,54.0,1.0,3.0,1.0,0.0,10.0,29.0,0.0,0.0,0.0,0.0,7.0,1.0,7.0,18.0,10.0,0.0,1.0,0.0,2.0,0.0,0.0,0.0,0.0,0.0,0.0,0.0,0.0,0.0,0.0,0.0,0.0,0.0,0.0,0.0,0.0,2.0,0.0,0.0,0.0,0.0,2.0,0.0,0.0,0.0,0.0,0.0,0.0,0.0,2.0,2.0,3.0,4858243748.0,11720517.0,玉林市玉州区,玉林市玉州区城北街道,20.0,30.0,5.0,6.9,61.9,61.766666666666666,32.06272727272727,38.14581005586592
广西壮族自治区,玉林市,玉州区,名山街道,110.165158,22.659428,12.0,30.0,35.0,60.0,115.0,143.0,0.0,89.0,9.0,21.0,3.0,16.0,3.0,4.0,15.0,23.0,8.0,1.0,8.0,20.0,105.0,7.0,2.0,3.0,6.0,8.0,259.0,0.0,164.0,2.0,2.0,68.0,5.0,8.0,21.0,15.0,2.0,4.0,14.0,7.0,7.0,8.0,0.0,0.0,0.0,0.0,0.0,7.0,0.0,0.0,2.0,2.0,0.0,0.0,0.0,0.0,15.0,0.0,0.0,1.0,0.0,2.0,10.0,0.0,4.0,0.0,0.0,2.0,0.0,2.0,11.0,3.0,4858243749.0,11720519.0,玉林市玉州区,玉林市玉州区名山街道,20.0,30.0,10.0,20.0,80.0,61.766666666666666,32.06272727272727,38.14581005586592
广西壮族自治区,玉林市,玉州区,大塘镇,110.144182,22.723931,0.0,1.0,5.0,17.0,27.0,0.0,0.0,0.0,0.0,0.0,0.0,0.0,0.0,0.0,0.0,0.0,0.0,0.0,0.0,0.0,10.0,0.0,0.0,0.0,0.0,4.0,0.0,0.0,0.0,0.0,0.0,0.0,0.0,8.0,8.0,4.0,0.0,0.0,3.0,1.0,14.0,0.0,0.0,0.0,0.0,0.0,0.0,0.0,0.0,0.0,0.0,0.0,0.0,0.0,0.0,0.0,0.0,0.0,0.0,0.0,0.0,1.0,0.0,0.0,0.0,0.0,0.0,0.0,0.0,6.0,3.0,1.0,4560473545.0,11720520.0,玉林市玉州区,玉林市玉州区大塘镇,19.0,23.6,0.0,2.0,44.6,61.766666666666666,32.06272727272727,38.14581005586592
广西壮族自治区,玉林市,玉州区,茂林镇,110.2385344,22.6686015,10.0,4.0,0.0,21.0,14.0,3.0,0.0,11.0,18.0,0.0,0.0,0.0,0.0,0.0,0.0,0.0,0.0,0.0,0.0,0.0,0.0,0.0,0.0,0.0,0.0,1.0,3.0,0.0,0.0,0.0,0.0,3.0,0.0,7.0,15.0,5.0,6.0,0.0,0.0,7.0,0.0,1.0,0.0,0.0,8.0,0.0,0.0,0.0,0.0,0.0,0.0,0.0,0.0,0.0,0.0,0.0,0.0,0.0,0.0,0.0,0.0,1.0,0.0,0.0,0.0,0.0,0.0,1.0,0.0,3.0,4.0,2.0,4560473547.0,11720518.0,玉林市玉州区,玉林市玉州区茂林镇,16.0,18.8,0.0,2.8,37.599999999999994,61.766666666666666,32.06272727272727,38.14581005586592
广西壮族自治区,玉林市,玉州区,仁东镇,110.080413,22.652811,17.0,0.0,5.0,16.0,32.0,0.0,0.0,0.0,1.0,0.0,1.0,0.0,0.0,0.0,2.0,2.0,0.0,0.0,0.0,0.0,7.0,0.0,2.0,0.0,0.0,4.0,11.0,0.0,0.0,0.0,0.0,1.0,0.0,5.0,8.0,5.0,2.0,0.0,1.0,8.0,7.0,0.0,0.0,0.0,0.0,0.0,0.0,0.0,0.0,0.0,0.0,0.0,0.0,0.0,0.0,0.0,3.0,0.0,0.0,0.0,0.0,1.0,1.0,0.0,0.0,0.0,0.0,0.0,0.0,3.0,6.0,2.0,5139911106.0,11720516.0,玉林市玉州区,玉林市玉州区仁东镇,19.0,26.5,0.0,3.7,49.2,61.766666666666666,32.06272727272727,38.14581005586592
广西壮族自治区,玉林市,玉州区,仁厚镇,110.0467429,22.6496641,2.0,0.0,0.0,15.0,16.0,1.0,0.0,0.0,0.0,0.0,0.0,0.0,0.0,0.0,0.0,0.0,0.0,0.0,0.0,0.0,5.0,0.0,4.0,0.0,0.0,2.0,1.0,0.0,0.0,0.0,0.0,0.0,0.0,5.0,6.0,4.0,0.0,0.0,0.0,2.0,8.0,0.0,0.0,0.0,0.0,0.0,0.0,0.0,0.0,0.0,0.0,0.0,0.0,0.0,0.0,0.0,2.0,0.0,0.0,0.0,0.0,1.0,1.0,0.0,0.0,0.0,0.0,0.0,0.0,2.0,3.0,3.0,5139877125.0,7618148.0,玉林市玉州区,玉林市玉州区仁厚镇,17.0,18.6,0.0,2.2,37.800000000000004,61.766666666666666,32.06272727272727,38.14581005586592
广西壮族自治区,玉林市,福绵区,福绵镇,110.0496507,22.5898168,0.0,9.0,11.0,9.0,34.0,1.0,0.0,0.0,0.0,0.0,0.0,0.0,0.0,0.0,0.0,0.0,0.0,0.0,0.0,0.0,6.0,0.0,3.0,0.0,0.0,2.0,1.0,0.0,0.0,0.0,0.0,3.0,0.0,4.0,8.0,5.0,0.0,3.0,4.0,4.0,33.0,0.0,0.0,0.0,0.0,0.0,0.0,0.0,0.0,0.0,0.0,0.0,0.0,0.0,0.0,0.0,1.0,0.0,0.0,0.0,0.0,2.0,0.0,0.0,0.0,0.0,0.0,0.0,0.0,2.0,6.0,1.0,7936510075.0,-1.0,玉林市福绵区,玉林市福绵区福绵镇,9.0,24.0,0.0,2.6,35.6,31.233333333333334,32.06272727272727,38.14581005586592
广西壮族自治区,玉林市,福绵区,成均镇,109.9887676,22.5751205,0.0,0.0,16.0,11.0,72.0,0.0,0.0,0.0,0.0,0.0,0.0,0.0,0.0,0.0,0.0,0.0,0.0,0.0,0.0,0.0,5.0,0.0,2.0,0.0,0.0,7.0,0.0,0.0,0.0,0.0,0.0,0.0,0.0,3.0,7.0,5.0,0.0,0.0,1.0,7.0,22.0,0.0,0.0,0.0,0.0,0.0,0.0,0.0,0.0,0.0,0.0,0.0,0.0,0.0,0.0,0.0,0.0,0.0,0.0,0.0,0.0,1.0,0.0,0.0,0.0,0.0,0.0,0.0,0.0,1.0,4.0,0.0,4471718870.0,-1.0,玉林市福绵区,玉林市福绵区成均镇,12.0,23.5,0.0,2.5,38.0,31.233333333333334,32.06272727272727,38.14581005586592
广西壮族自治区,玉林市,福绵区,樟木镇,110.008,22.5224,0.0,0.0,6.0,20.0,62.0,0.0,0.0,0.0,0.0,0.0,0.0,0.0,0.0,0.0,0.0,0.0,0.0,0.0,0.0,0.0,1.0,0.0,1.0,0.0,0.0,1.0,0.0,0.0,0.0,0.0,0.0,0.0,0.0,2.0,4.0,4.0,0.0,0.0,4.0,7.0,35.0,0.0,0.0,0.0,0.0,0.0,0.0,0.0,0.0,0.0,0.0,0.0,0.0,0.0,0.0,0.0,1.0,0.0,0.0,0.0,0.0,1.0,0.0,0.0,0.0,0.0,0.0,0.0,0.0,1.0,4.0,2.0,5137850961.0,-1.0,玉林市福绵区,玉林市福绵区樟木镇,8.0,22.0,0.0,2.0,32.0,31.233333333333334,32.06272727272727,38.14581005586592
广西壮族自治区,玉林市,福绵区,新桥镇,110.099899,22.5235,19.0,2.0,6.0,9.0,76.0,1.0,0.0,0.0,0.0,0.0,1.0,0.0,0.0,0.0,0.0,0.0,0.0,0.0,0.0,0.0,10.0,0.0,1.0,0.0,0.0,1.0,1.0,0.0,0.0,0.0,0.0,0.0,0.0,6.0,13.0,4.0,7.0,0.0,5.0,7.0,16.0,0.0,0.0,0.0,0.0,0.0,0.0,0.0,0.0,0.0,0.0,0.0,0.0,0.0,0.0,0.0,2.0,0.0,1.0,0.0,0.0,1.0,0.0,0.0,0.0,0.0,0.0,0.0,0.0,2.0,4.0,4.0,5137784300.0,-1.0,玉林市福绵区,玉林市福绵区新桥镇,8.0,26.0,0.0,2.1,36.1,31.233333333333334,32.06272727272727,38.14581005586592
广西壮族自治区,玉林市,福绵区,沙田镇,110.0484712,22.3820256,3.0,0.0,3.0,0.0,0.0,0.0,0.0,0.0,0.0,0.0,0.0,0.0,0.0,0.0,0.0,0.0,0.0,0.0,0.0,0.0,0.0,0.0,0.0,0.0,0.0,1.0,0.0,0.0,0.0,0.0,0.0,0.0,0.0,3.0,6.0,1.0,3.0,0.0,3.0,0.0,0.0,0.0,0.0,0.0,0.0,0.0,0.0,0.0,0.0,0.0,0.0,0.0,0.0,0.0,0.0,0.0,0.0,0.0,0.0,0.0,0.0,1.0,0.0,0.0,0.0,0.0,0.0,0.0,0.0,2.0,2.0,1.0,3146937065.0,-1.0,玉林市福绵区,玉林市福绵区沙田镇,8.0,8.0,0.0,0.5,16.5,31.233333333333334,32.06272727272727,38.14581005586592
广西壮族自治区,玉林市,福绵区,石和镇,110.0782848,22.4708572,3.0,0.0,7.0,8.0,10.0,0.0,0.0,0.0,0.0,0.0,0.0,0.0,0.0,0.0,0.0,0.0,0.0,0.0,0.0,0.0,3.0,0.0,3.0,0.0,0.0,4.0,0.0,0.0,0.0,0.0,0.0,0.0,0.0,3.0,7.0,3.0,1.0,0.0,3.0,4.0,4.0,0.0,0.0,0.0,0.0,0.0,0.0,0.0,0.0,0.0,0.0,0.0,0.0,0.0,0.0,0.0,1.0,0.0,1.0,0.0,0.0,1.0,0.0,0.0,0.0,0.0,0.0,0.0,0.0,1.0,6.0,2.0,5137750712.0,-1.0,玉林市福绵区,玉林市福绵区石和镇,11.0,16.7,0.0,1.5,29.2,31.233333333333334,32.06272727272727,38.14581005586592
广西壮族自治区,玉林市,容县,容州镇,110.5517605,22.8596238,21.0,48.0,29.0,61.0,95.0,0.0,0.0,13.0,0.0,0.0,0.0,0.0,0.0,0.0,1.0,1.0,0.0,0.0,0.0,0.0,5.0,0.0,2.0,1.0,0.0,2.0,12.0,0.0,0.0,1.0,0.0,5.0,6.0,9.0,14.0,8.0,9.0,11.0,11.0,31.0,46.0,0.0,0.0,11.0,0.0,0.0,0.0,0.0,0.0,0.0,1.0,1.0,0.0,0.0,0.0,0.0,2.0,0.0,0.0,0.0,0.0,2.0,4.0,0.0,0.0,1.0,0.0,4.0,4.0,5.0,9.0,6.0,1005354123.0,-1.0,玉林市容县,玉林市容县容州镇,9.0,24.0,5.0,5.8,43.8,29.933333333333334,32.06272727272727,38.14581005586592
广西壮族自治区,玉林市,容县,杨梅镇,110.6576465,22.7122027,0.0,6.0,3.0,4.0,14.0,0.0,0.0,0.0,0.0,0.0,0.0,0.0,0.0,0.0,0.0,0.0,0.0,0.0,0.0,0.0,3.0,0.0,0.0,0.0,0.0,6.0,0.0,0.0,0.0,0.0,0.0,0.0,0.0,2.0,6.0,3.0,0.0,4.0,1.0,2.0,10.0,0.0,0.0,0.0,0.0,0.0,0.0,0.0,0.0,0.0,0.0,0.0,0.0,0.0,0.0,0.0,3.0,0.0,0.0,0.0,0.0,1.0,0.0,0.0,0.0,0.0,0.0,0.0,0.0,1.0,5.0,2.0,2532610524.0,-1.0,玉林市容县,玉林市容县杨梅镇,12.0,17.8,0.0,1.5,31.3,29.933333333333334,32.06272727272727,38.14581005586592
广西壮族自治区,玉林市,容县,灵山镇,110.584517,22.650846,0.0,5.0,3.0,13.0,31.0,0.0,0.0,0.0,0.0,2.0,0.0,0.0,0.0,0.0,0.0,0.0,0.0,0.0,0.0,0.0,7.0,0.0,4.0,0.0,0.0,4.0,0.0,0.0,0.0,0.0,0.0,4.0,0.0,2.0,5.0,7.0,0.0,3.0,3.0,9.0,28.0,0.0,0.0,0.0,0.0,2.0,0.0,0.0,0.0,0.0,0.0,0.0,0.0,0.0,0.0,0.0,5.0,0.0,1.0,0.0,0.0,1.0,0.0,0.0,0.0,0.0,0.0,4.0,0.0,2.0,5.0,4.0,4561172572.0,-1.0,玉林市容县,玉林市容县灵山镇,11.0,24.5,0.0,3.5,39.0,29.933333333333334,32.06272727272727,38.14581005586592
广西壮族自治区,玉林市,容县,六王镇,110.7347341,22.7981749,0.0,4.0,0.0,9.0,3.0,0.0,0.0,0.0,0.0,0.0,0.0,0.0,0.0,0.0,0.0,0.0,0.0,0.0,0.0,0.0,0.0,0.0,0.0,0.0,0.0,3.0,0.0,0.0,0.0,0.0,0.0,0.0,0.0,1.0,4.0,1.0,0.0,2.0,0.0,5.0,2.0,0.0,0.0,0.0,0.0,0.0,0.0,0.0,0.0,0.0,0.0,0.0,0.0,0.0,0.0,0.0,0.0,0.0,0.0,0.0,0.0,1.0,0.0,0.0,0.0,0.0,0.0,0.0,0.0,1.0,3.0,0.0,3152395400.0,-1.0,玉林市容县,玉林市容县六王镇,10.0,13.2,0.0,0.5,23.7,29.933333333333334,32.06272727272727,38.14581005586592
广西壮族自治区,玉林市,容县,黎村镇,110.7290242,22.5844239,0.0,6.0,3.0,18.0,9.0,0.0,0.0,0.0,0.0,0.0,0.0,0.0,0.0,0.0,0.0,0.0,0.0,0.0,0.0,0.0,1.0,0.0,1.0,0.0,0.0,10.0,0.0,0.0,0.0,0.0,0.0,0.0,0.0,8.0,5.0,4.0,0.0,4.0,3.0,6.0,3.0,0.0,0.0,0.0,0.0,0.0,0.0,0.0,0.0,0.0,0.0,0.0,0.0,0.0,0.0,0.0,1.0,0.0,0.0,0.0,0.0,2.0,0.0,0.0,0.0,0.0,0.0,0.0,0.0,2.0,4.0,2.0,1005354285.0,-1.0,玉林市容县,玉林市容县黎村镇,12.0,15.2,0.0,2.0,29.2,29.933333333333334,32.06272727272727,38.14581005586592
广西壮族自治区,玉林市,容县,杨村镇,110.783404,22.601885,0.0,0.0,5.0,17.0,24.0,0.0,0.0,0.0,0.0,0.0,0.0,1.0,1.0,1.0,0.0,0.0,1.0,0.0,1.0,0.0,14.0,0.0,2.0,0.0,0.0,6.0,0.0,0.0,0.0,0.0,0.0,0.0,1.0,8.0,4.0,5.0,0.0,0.0,1.0,8.0,16.0,0.0,0.0,0.0,0.0,0.0,0.0,1.0,1.0,1.0,0.0,0.0,1.0,0.0,1.0,0.0,7.0,0.0,0.0,0.0,0.0,1.0,0.0,0.0,0.0,0.0,0.0,0.0,0.0,2.0,4.0,3.0,4561387064.0,-1.0,玉林市容县,玉林市容县杨村镇,12.0,21.6,17.0,2.5,53.1,29.933333333333334,32.06272727272727,38.14581005586592
广西壮族自治区,玉林市,容县,县底镇,110.568503,22.978132,0.0,0.0,5.0,1.0,6.0,0.0,0.0,0.0,0.0,0.0,0.0,0.0,0.0,0.0,0.0,0.0,0.0,0.0,0.0,0.0,3.0,0.0,0.0,0.0,0.0,4.0,0.0,0.0,0.0,0.0,0.0,0.0,0.0,2.0,3.0,2.0,0.0,0.0,5.0,1.0,6.0,0.0,0.0,0.0,0.0,0.0,0.0,0.0,0.0,0.0,0.0,0.0,0.0,0.0,0.0,0.0,2.0,0.0,0.0,0.0,0.0,1.0,0.0,0.0,0.0,0.0,0.0,0.0,0.0,2.0,3.0,2.0,7954730842.0,-1.0,玉林市容县,玉林市容县县底镇,11.0,10.5,0.0,1.0,22.5,29.933333333333334,32.06272727272727,38.14581005586592
广西壮族自治区,玉林市,容县,自良镇,110.6654923,23.0617108,0.0,1.0,6.0,0.0,0.0,0.0,0.0,0.0,0.0,0.0,0.0,0.0,0.0,0.0,0.0,0.0,0.0,0.0,0.0,0.0,2.0,0.0,0.0,0.0,0.0,1.0,0.0,0.0,0.0,0.0,0.0,0.0,0.0,7.0,2.0,3.0,0.0,0.0,3.0,0.0,0.0,0.0,0.0,0.0,0.0,0.0,0.0,0.0,0.0,0.0,0.0,0.0,0.0,0.0,0.0,0.0,2.0,0.0,0.0,0.0,0.0,1.0,0.0,0.0,0.0,0.0,0.0,0.0,0.0,3.0,1.0,3.0,3152395411.0,-1.0,玉林市容县,玉林市容县自良镇,8.0,6.0,0.0,1.5,15.5,29.933333333333334,32.06272727272727,38.14581005586592
广西壮族自治区,玉林市,容县,松山镇,110.4578792,22.9847058,4.0,0.0,1.0,1.0,11.0,0.0,0.0,0.0,0.0,0.0,0.0,0.0,0.0,0.0,0.0,0.0,0.0,0.0,0.0,0.0,6.0,0.0,0.0,0.0,0.0,2.0,0.0,0.0,0.0,0.0,0.0,0.0,0.0,2.0,5.0,3.0,2.0,0.0,1.0,0.0,8.0,0.0,0.0,0.0,0.0,0.0,0.0,0.0,0.0,0.0,0.0,0.0,0.0,0.0,0.0,0.0,6.0,0.0,0.0,0.0,0.0,1.0,0.0,0.0,0.0,0.0,0.0,0.0,0.0,2.0,4.0,2.0,4560473553.0,-1.0,玉林市容县,玉林市容县松山镇,9.0,13.1,0.0,1.5,23.6,29.933333333333334,32.06272727272727,38.14581005586592
广西壮族自治区,玉林市,容县,罗江镇,110.435839,23.056298,3.0,0.0,4.0,0.0,16.0,0.0,0.0,0.0,0.0,0.0,0.0,0.0,0.0,0.0,0.0,0.0,0.0,0.0,0.0,0.0,3.0,0.0,0.0,0.0,0.0,5.0,0.0,0.0,0.0,0.0,0.0,4.0,0.0,7.0,4.0,4.0,3.0,0.0,1.0,0.0,14.0,0.0,0.0,0.0,0.0,0.0,0.0,0.0,0.0,0.0,0.0,0.0,0.0,0.0,0.0,0.0,2.0,0.0,0.0,0.0,0.0,2.0,0.0,0.0,0.0,0.0,0.0,0.0,0.0,7.0,4.0,3.0,7928162173.0,-1.0,玉林市容县,玉林市容县罗江镇,12.0,14.4,0.0,2.0,28.4,29.933333333333334,32.06272727272727,38.14581005586592
广西壮族自治区,玉林市,容县,石头镇,110.340508,22.992824,0.0,0.0,5.0,5.0,22.0,0.0,0.0,0.0,0.0,0.0,0.0,0.0,0.0,0.0,0.0,0.0,0.0,0.0,0.0,0.0,5.0,0.0,2.0,0.0,0.0,4.0,0.0,0.0,0.0,0.0,0.0,1.0,0.0,2.0,5.0,7.0,0.0,0.0,3.0,3.0,18.0,0.0,0.0,0.0,0.0,0.0,0.0,0.0,0.0,0.0,0.0,0.0,0.0,0.0,0.0,0.0,5.0,0.0,2.0,0.0,0.0,1.0,0.0,0.0,0.0,0.0,0.0,1.0,0.0,2.0,5.0,6.0,4560473552.0,-1.0,玉林市容县,玉林市容县石头镇,11.0,22.3,0.0,3.5,36.8,29.933333333333334,32.06272727272727,38.14581005586592
广西壮族自治区,玉林市,容县,石寨镇,110.5808598,22.791645,0.0,4.0,0.0,5.0,7.0,1.0,0.0,3.0,0.0,1.0,0.0,0.0,0.0,0.0,0.0,0.0,0.0,0.0,0.0,0.0,1.0,0.0,0.0,0.0,0.0,2.0,0.0,0.0,0.0,0.0,0.0,0.0,0.0,2.0,7.0,4.0,0.0,1.0,0.0,1.0,6.0,0.0,0.0,0.0,0.0,0.0,0.0,0.0,0.0,0.0,0.0,0.0,0.0,0.0,0.0,0.0,1.0,0.0,0.0,0.0,0.0,1.0,0.0,0.0,0.0,0.0,0.0,0.0,0.0,2.0,4.0,3.0,3152395409.0,-1.0,玉林市容县,玉林市容县石寨镇,9.0,18.7,0.0,2.0,29.7,29.933333333333334,32.06272727272727,38.14581005586592
广西壮族自治区,玉林市,容县,十里镇,110.5984525,22.887899,0.0,0.0,1.0,0.0,13.0,4.0,0.0,0.0,0.0,0.0,0.0,0.0,0.0,0.0,0.0,0.0,0.0,0.0,0.0,0.0,2.0,0.0,4.0,0.0,0.0,2.0,0.0,0.0,0.0,0.0,0.0,0.0,0.0,5.0,7.0,4.0,0.0,0.0,1.0,0.0,8.0,0.0,0.0,0.0,0.0,0.0,0.0,0.0,0.0,0.0,0.0,0.0,0.0,0.0,0.0,0.0,2.0,0.0,4.0,0.0,0.0,1.0,0.0,0.0,0.0,0.0,0.0,0.0,0.0,5.0,5.0,4.0,7954730841.0,-1.0,玉林市容县,玉林市容县十里镇,9.0,13.5,0.0,2.0,24.5,29.933333333333334,32.06272727272727,38.14581005586592
广西壮族自治区,玉林市,容县,容西镇,110.4453818,22.7958232,6.0,6.0,4.0,10.0,8.0,0.0,0.0,0.0,0.0,0.0,0.0,0.0,0.0,0.0,0.0,0.0,0.0,0.0,0.0,0.0,2.0,0.0,2.0,0.0,0.0,2.0,0.0,0.0,0.0,0.0,0.0,0.0,0.0,9.0,11.0,4.0,0.0,0.0,1.0,3.0,6.0,0.0,0.0,0.0,0.0,0.0,0.0,0.0,0.0,0.0,0.0,0.0,0.0,0.0,0.0,0.0,1.0,0.0,0.0,0.0,0.0,1.0,0.0,0.0,0.0,0.0,0.0,0.0,0.0,5.0,3.0,1.0,4560473550.0,-1.0,玉林市容县,玉林市容县容西镇,9.0,17.4,0.0,2.0,28.4,29.933333333333334,32.06272727272727,38.14581005586592
广西壮族自治区,玉林市,容县,浪水镇,110.7104501,23.006738,0.0,0.0,2.0,4.0,0.0,0.0,0.0,0.0,0.0,0.0,0.0,0.0,0.0,0.0,0.0,0.0,0.0,0.0,0.0,0.0,0.0,0.0,0.0,0.0,0.0,1.0,0.0,0.0,0.0,0.0,0.0,0.0,0.0,3.0,3.0,2.0,0.0,0.0,0.0,4.0,0.0,0.0,0.0,0.0,0.0,0.0,0.0,0.0,0.0,0.0,0.0,0.0,0.0,0.0,0.0,0.0,0.0,0.0,0.0,0.0,0.0,1.0,0.0,0.0,0.0,0.0,0.0,0.0,0.0,3.0,1.0,2.0,3152395408.0,-1.0,玉林市容县,玉林市容县浪水镇,8.0,10.5,0.0,1.0,19.5,29.933333333333334,32.06272727272727,38.14581005586592
广西壮族自治区,玉林市,陆川县,温泉镇,110.2566957,22.3042937,0.0,3.0,17.0,30.0,89.0,0.0,0.0,0.0,2.0,0.0,0.0,0.0,0.0,0.0,1.0,1.0,0.0,0.0,0.0,0.0,0.0,0.0,0.0,0.0,0.0,2.0,19.0,0.0,0.0,1.0,0.0,33.0,0.0,4.0,7.0,4.0,0.0,2.0,12.0,2.0,21.0,0.0,0.0,0.0,1.0,0.0,0.0,0.0,0.0,0.0,0.0,0.0,0.0,0.0,0.0,0.0,0.0,0.0,0.0,0.0,0.0,1.0,3.0,0.0,0.0,0.0,0.0,17.0,0.0,3.0,5.0,2.0,7936555588.0,-1.0,玉林市陆川县,玉林市陆川县温泉镇,9.0,25.5,0.0,4.300000000000001,38.8,30.571428571428573,32.06272727272727,38.14581005586592
广西壮族自治区,玉林市,陆川县,米场镇,110.254489,22.40546,0.0,4.0,2.0,3.0,1.0,0.0,0.0,0.0,1.0,0.0,0.0,0.0,0.0,0.0,0.0,0.0,0.0,0.0,0.0,0.0,2.0,0.0,1.0,0.0,0.0,1.0,0.0,0.0,0.0,0.0,0.0,0.0,0.0,2.0,7.0,2.0,0.0,2.0,2.0,3.0,1.0,0.0,0.0,0.0,1.0,0.0,0.0,0.0,0.0,0.0,0.0,0.0,0.0,0.0,0.0,0.0,2.0,0.0,1.0,0.0,0.0,1.0,0.0,0.0,0.0,0.0,0.0,0.0,0.0,2.0,4.0,2.0,5137611293.0,-1.0,玉林市陆川县,玉林市陆川县米场镇,8.0,14.0,0.0,1.0,23.0,30.571428571428573,32.06272727272727,38.14581005586592
广西壮族自治区,玉林市,陆川县,马坡镇,110.217785,22.49329,0.0,8.0,9.0,5.0,19.0,2.0,0.0,0.0,0.0,0.0,2.0,0.0,0.0,0.0,0.0,0.0,0.0,0.0,0.0,0.0,1.0,0.0,9.0,0.0,0.0,4.0,9.0,0.0,0.0,12.0,0.0,0.0,0.0,3.0,8.0,4.0,0.0,1.0,6.0,5.0,6.0,1.0,0.0,0.0,0.0,0.0,1.0,0.0,0.0,0.0,0.0,0.0,0.0,0.0,0.0,0.0,1.0,0.0,0.0,0.0,0.0,1.0,0.0,0.0,0.0,0.0,0.0,0.0,0.0,3.0,6.0,2.0,2525554166.0,-1.0,玉林市陆川县,玉林市陆川县马坡镇,11.0,21.6,0.0,4.1,36.7,30.571428571428573,32.06272727272727,38.14581005586592
广西壮族自治区,玉林市,陆川县,珊罗镇,110.2261639,22.5609389,2.0,0.0,3.0,5.0,13.0,4.0,0.0,0.0,0.0,0.0,2.0,0.0,0.0,0.0,0.0,0.0,0.0,0.0,0.0,0.0,5.0,0.0,4.0,0.0,0.0,1.0,4.0,0.0,0.0,8.0,0.0,0.0,0.0,5.0,10.0,5.0,2.0,0.0,3.0,3.0,3.0,0.0,0.0,0.0,0.0,0.0,0.0,0.0,0.0,0.0,0.0,0.0,0.0,0.0,0.0,0.0,1.0,0.0,0.0,0.0,0.0,1.0,0.0,0.0,0.0,0.0,0.0,0.0,0.0,1.0,5.0,1.0,5139592719.0,-1.0,玉林市陆川县,玉林市陆川县珊罗镇,8.0,19.5,0.0,3.7,31.2,30.571428571428573,32.06272727272727,38.14581005586592
广西壮族自治区,玉林市,陆川县,平乐镇,110.274273,22.545169,0.0,0.0,3.0,10.0,41.0,0.0,0.0,0.0,0.0,0.0,0.0,0.0,0.0,0.0,0.0,0.0,0.0,0.0,0.0,0.0,2.0,0.0,0.0,0.0,0.0,2.0,7.0,0.0,0.0,0.0,0.0,0.0,0.0,1.0,6.0,4.0,0.0,0.0,3.0,8.0,34.0,0.0,0.0,0.0,0.0,0.0,0.0,0.0,0.0,0.0,0.0,0.0,0.0,0.0,0.0,0.0,1.0,0.0,0.0,0.0,0.0,1.0,5.0,0.0,0.0,0.0,0.0,0.0,0.0,1.0,4.0,2.0,4561172577.0,-1.0,玉林市陆川县,玉林市陆川县平乐镇,9.0,23.0,0.0,3.2,35.2,30.571428571428573,32.06272727272727,38.14581005586592
广西壮族自治区,玉林市,陆川县,沙坡镇,110.377054,22.333062,5.0,0.0,0.0,3.0,42.0,9.0,0.0,0.0,0.0,0.0,0.0,0.0,0.0,0.0,0.0,0.0,0.0,0.0,0.0,0.0,3.0,0.0,1.0,0.0,0.0,5.0,0.0,0.0,0.0,0.0,0.0,0.0,0.0,5.0,5.0,4.0,3.0,0.0,0.0,3.0,31.0,8.0,0.0,0.0,0.0,0.0,0.0,0.0,0.0,0.0,0.0,0.0,0.0,0.0,0.0,0.0,0.0,0.0,1.0,0.0,0.0,2.0,0.0,0.0,0.0,0.0,0.0,0.0,0.0,3.0,5.0,3.0,4561172582.0,-1.0,玉林市陆川县,玉林市陆川县沙坡镇,12.0,22.5,0.0,2.0,36.5,30.571428571428573,32.06272727272727,38.14581005586592
广西壮族自治区,玉林市,陆川县,大桥镇,110.2281214,22.2498892,0.0,3.0,8.0,4.0,11.0,2.0,0.0,0.0,0.0,0.0,0.0,0.0,0.0,0.0,0.0,0.0,0.0,0.0,0.0,0.0,7.0,0.0,0.0,0.0,0.0,5.0,1.0,0.0,0.0,0.0,0.0,0.0,0.0,3.0,9.0,2.0,0.0,1.0,6.0,1.0,2.0,0.0,0.0,0.0,0.0,0.0,0.0,0.0,0.0,0.0,0.0,0.0,0.0,0.0,0.0,0.0,7.0,0.0,0.0,0.0,0.0,1.0,0.0,0.0,0.0,0.0,0.0,0.0,0.0,3.0,6.0,2.0,5137598918.0,-1.0,玉林市陆川县,玉林市陆川县大桥镇,12.0,15.8,0.0,1.1,28.900000000000002,30.571428571428573,32.06272727272727,38.14581005586592
广西壮族自治区,玉林市,陆川县,乌石镇,110.229164,22.165917,0.0,5.0,9.0,11.0,12.0,0.0,0.0,0.0,1.0,0.0,0.0,0.0,0.0,0.0,0.0,0.0,0.0,0.0,0.0,0.0,2.0,0.0,0.0,0.0,0.0,1.0,3.0,0.0,0.0,1.0,0.0,0.0,0.0,3.0,7.0,3.0,0.0,2.0,4.0,11.0,12.0,0.0,0.0,0.0,0.0,0.0,0.0,0.0,0.0,0.0,0.0,0.0,0.0,0.0,0.0,0.0,2.0,0.0,0.0,0.0,0.0,1.0,0.0,0.0,0.0,0.0,0.0,0.0,0.0,2.0,4.0,3.0,5066762186.0,-1.0,玉林市陆川县,玉林市陆川县乌石镇,8.0,21.5,0.0,1.9,31.4,30.571428571428573,32.06272727272727,38.14581005586592
广西壮族自治区,玉林市,陆川县,良田镇,110.2241641,22.0463681,0.0,4.0,1.0,7.0,9.0,0.0,0.0,0.0,0.0,0.0,0.0,0.0,0.0,0.0,0.0,0.0,0.0,0.0,0.0,0.0,0.0,0.0,1.0,0.0,0.0,1.0,0.0,0.0,0.0,0.0,0.0,0.0,0.0,3.0,7.0,3.0,0.0,1.0,0.0,7.0,8.0,0.0,0.0,0.0,0.0,0.0,0.0,0.0,0.0,0.0,0.0,0.0,0.0,0.0,0.0,0.0,0.0,0.0,1.0,0.0,0.0,1.0,0.0,0.0,0.0,0.0,0.0,0.0,0.0,3.0,3.0,3.0,369499997.0,-1.0,玉林市陆川县,玉林市陆川县良田镇,8.0,17.7,0.0,1.5,27.2,30.571428571428573,32.06272727272727,38.14581005586592
广西壮族自治区,玉林市,陆川县,清湖镇,110.3424967,22.0344618,0.0,2.0,6.0,4.0,15.0,0.0,0.0,0.0,0.0,0.0,1.0,0.0,0.0,0.0,0.0,0.0,0.0,0.0,0.0,0.0,1.0,0.0,0.0,0.0,0.0,4.0,1.0,0.0,0.0,0.0,0.0,0.0,0.0,7.0,4.0,3.0,0.0,2.0,6.0,0.0,15.0,0.0,0.0,0.0,0.0,0.0,0.0,0.0,0.0,0.0,0.0,0.0,0.0,0.0,0.0,0.0,1.0,0.0,0.0,0.0,0.0,1.0,0.0,0.0,0.0,0.0,0.0,0.0,0.0,7.0,3.0,3.0,5067164739.0,-1.0,玉林市陆川县,玉林市陆川县清湖镇,11.0,20.5,0.0,1.6,33.1,30.571428571428573,32.06272727272727,38.14581005586592
广西壮族自治区,玉林市,陆川县,古城镇,110.34058,21.939664,0.0,0.0,5.0,8.0,24.0,1.0,0.0,0.0,0.0,0.0,0.0,0.0,1.0,1.0,1.0,3.0,0.0,0.0,0.0,0.0,37.0,1.0,2.0,0.0,0.0,3.0,33.0,0.0,26.0,2.0,6.0,1.0,0.0,10.0,6.0,9.0,0.0,0.0,3.0,5.0,15.0,1.0,0.0,0.0,0.0,0.0,0.0,0.0,1.0,1.0,0.0,2.0,0.0,0.0,0.0,0.0,31.0,1.0,2.0,0.0,0.0,1.0,32.0,0.0,26.0,2.0,6.0,1.0,0.0,2.0,6.0,9.0,5137292561.0,-1.0,玉林市陆川县,玉林市陆川县古城镇,10.0,22.3,5.0,10.9,48.199999999999996,30.571428571428573,32.06272727272727,38.14581005586592
广西壮族自治区,玉林市,陆川县,沙湖镇,110.175522,22.358778,3.0,0.0,0.0,1.0,0.0,0.0,0.0,0.0,0.0,0.0,0.0,0.0,0.0,0.0,0.0,0.0,0.0,0.0,0.0,0.0,3.0,0.0,0.0,0.0,0.0,1.0,0.0,0.0,0.0,0.0,0.0,0.0,0.0,6.0,2.0,2.0,3.0,0.0,0.0,1.0,0.0,0.0,0.0,0.0,0.0,0.0,0.0,0.0,0.0,0.0,0.0,0.0,0.0,0.0,0.0,0.0,2.0,0.0,0.0,0.0,0.0,1.0,0.0,0.0,0.0,0.0,0.0,0.0,0.0,3.0,2.0,2.0,5137606256.0,-1.0,玉林市陆川县,玉林市陆川县沙湖镇,8.0,7.0,0.0,1.0,16.0,30.571428571428573,32.06272727272727,38.14581005586592
广西壮族自治区,玉林市,陆川县,横山镇,110.1473934,22.2111374,0.0,0.0,1.0,10.0,0.0,0.0,0.0,0.0,0.0,0.0,0.0,0.0,0.0,0.0,0.0,0.0,0.0,0.0,0.0,0.0,2.0,0.0,0.0,0.0,0.0,2.0,0.0,0.0,0.0,0.0,0.0,0.0,0.0,4.0,3.0,2.0,0.0,0.0,1.0,7.0,0.0,0.0,0.0,0.0,0.0,0.0,0.0,0.0,0.0,0.0,0.0,0.0,0.0,0.0,0.0,0.0,2.0,0.0,0.0,0.0,0.0,1.0,0.0,0.0,0.0,0.0,0.0,0.0,0.0,2.0,3.0,2.0,5137586236.0,-1.0,玉林市陆川县,玉林市陆川县横山镇,9.0,11.5,0.0,1.0,21.5,30.571428571428573,32.06272727272727,38.14581005586592
广西壮族自治区,玉林市,陆川县,滩面镇,110.2122358,22.1064984,0.0,1.0,0.0,0.0,9.0,0.0,0.0,0.0,0.0,0.0,0.0,0.0,0.0,0.0,0.0,0.0,0.0,0.0,0.0,0.0,0.0,0.0,0.0,0.0,0.0,1.0,1.0,0.0,0.0,0.0,0.0,0.0,0.0,3.0,4.0,2.0,0.0,1.0,0.0,0.0,8.0,0.0,0.0,0.0,0.0,0.0,0.0,0.0,0.0,0.0,0.0,0.0,0.0,0.0,0.0,0.0,0.0,0.0,0.0,0.0,0.0,1.0,0.0,0.0,0.0,0.0,0.0,0.0,0.0,3.0,3.0,1.0,5067167794.0,-1.0,玉林市陆川县,玉林市陆川县滩面镇,8.0,11.2,0.0,1.1,20.3,30.571428571428573,32.06272727272727,38.14581005586592
广西壮族自治区,玉林市,博白县,博白镇,109.9851176,22.271289,14.0,0.0,29.0,26.0,117.0,6.0,0.0,26.0,0.0,0.0,1.0,0.0,0.0,0.0,5.0,5.0,0.0,0.0,0.0,2.0,4.0,0.0,2.0,0.0,0.0,5.0,1.0,0.0,0.0,0.0,5.0,5.0,0.0,4.0,13.0,6.0,0.0,0.0,7.0,8.0,48.0,0.0,0.0,17.0,0.0,0.0,0.0,0.0,0.0,0.0,0.0,0.0,0.0,0.0,0.0,0.0,2.0,0.0,1.0,0.0,0.0,2.0,0.0,0.0,0.0,0.0,0.0,1.0,0.0,1.0,8.0,5.0,637012784.0,-1.0,玉林市博白县,玉林市博白县博白镇,12.0,26.0,0.0,3.1,41.1,24.417857142857144,32.06272727272727,38.14581005586592
广西壮族自治区,玉林市,博白县,双凤镇,109.876909,22.411809,0.0,0.0,1.0,0.0,0.0,0.0,0.0,0.0,0.0,0.0,0.0,0.0,0.0,0.0,0.0,0.0,0.0,0.0,0.0,0.0,0.0,0.0,0.0,0.0,0.0,1.0,0.0,0.0,0.0,0.0,0.0,0.0,0.0,6.0,1.0,3.0,0.0,0.0,0.0,0.0,0.0,0.0,0.0,0.0,0.0,0.0,0.0,0.0,0.0,0.0,0.0,0.0,0.0,0.0,0.0,0.0,0.0,0.0,0.0,0.0,0.0,1.0,0.0,0.0,0.0,0.0,0.0,0.0,0.0,2.0,0.0,2.0,4237674833.0,-1.0,玉林市博白县,玉林市博白县双凤镇,8.0,5.5,0.0,1.5,15.0,24.417857142857144,32.06272727272727,38.14581005586592
广西壮族自治区,玉林市,博白县,顿谷镇,109.785,22.1356,0.0,0.0,3.0,2.0,11.0,0.0,0.0,0.0,0.0,0.0,0.0,0.0,0.0,0.0,0.0,0.0,0.0,0.0,0.0,0.0,3.0,0.0,0.0,0.0,0.0,1.0,0.0,0.0,0.0,0.0,0.0,0.0,0.0,2.0,4.0,3.0,0.0,0.0,3.0,1.0,11.0,0.0,0.0,0.0,0.0,0.0,0.0,0.0,0.0,0.0,0.0,0.0,0.0,0.0,0.0,0.0,2.0,0.0,0.0,0.0,0.0,1.0,0.0,0.0,0.0,0.0,0.0,0.0,0.0,2.0,4.0,3.0,4237674824.0,-1.0,玉林市博白县,玉林市博白县顿谷镇,8.0,14.5,0.0,1.5,24.0,24.417857142857144,32.06272727272727,38.14581005586592
广西壮族自治区,玉林市,博白县,水鸣镇,109.830224,22.263707,3.0,1.0,1.0,1.0,1.0,0.0,0.0,0.0,0.0,0.0,0.0,0.0,0.0,0.0,0.0,0.0,0.0,0.0,0.0,0.0,1.0,0.0,0.0,0.0,0.0,1.0,0.0,0.0,0.0,0.0,0.0,0.0,0.0,2.0,6.0,2.0,3.0,1.0,1.0,1.0,1.0,0.0,0.0,0.0,0.0,0.0,0.0,0.0,0.0,0.0,0.0,0.0,0.0,0.0,0.0,0.0,1.0,0.0,0.0,0.0,0.0,1.0,0.0,0.0,0.0,0.0,0.0,0.0,0.0,2.0,5.0,2.0,4237674834.0,-1.0,玉林市博白县,玉林市博白县水鸣镇,8.0,9.5,0.0,1.0,18.5,24.417857142857144,32.06272727272727,38.14581005586592
广西壮族自治区,玉林市,博白县,那林镇,109.6675044,22.2349511,3.0,0.0,1.0,3.0,1.0,0.0,0.0,0.0,0.0,0.0,0.0,0.0,0.0,0.0,0.0,0.0,0.0,0.0,0.0,0.0,1.0,0.0,0.0,0.0,0.0,1.0,0.0,0.0,0.0,0.0,0.0,0.0,0.0,3.0,5.0,2.0,3.0,0.0,1.0,3.0,1.0,0.0,0.0,0.0,0.0,0.0,0.0,0.0,0.0,0.0,0.0,0.0,0.0,0.0,0.0,0.0,1.0,0.0,0.0,0.0,0.0,1.0,0.0,0.0,0.0,0.0,0.0,0.0,0.0,3.0,5.0,2.0,5136858025.0,-1.0,玉林市博白县,玉林市博白县那林镇,8.0,11.0,0.0,1.0,20.0,24.417857142857144,32.06272727272727,38.14581005586592
广西壮族自治区,玉林市,博白县,江宁镇,109.622454,22.160991,0.0,0.0,7.0,0.0,0.0,0.0,0.0,0.0,0.0,0.0,0.0,0.0,0.0,0.0,0.0,0.0,0.0,0.0,0.0,0.0,2.0,0.0,0.0,0.0,0.0,1.0,0.0,0.0,0.0,0.0,0.0,0.0,0.0,3.0,1.0,3.0,0.0,0.0,3.0,0.0,0.0,0.0,0.0,0.0,0.0,0.0,0.0,0.0,0.0,0.0,0.0,0.0,0.0,0.0,0.0,0.0,2.0,0.0,0.0,0.0,0.0,1.0,0.0,0.0,0.0,0.0,0.0,0.0,0.0,2.0,1.0,2.0,5136977098.0,-1.0,玉林市博白县,玉林市博白县江宁镇,8.0,5.5,0.0,1.5,15.0,24.417857142857144,32.06272727272727,38.14581005586592
广西壮族自治区,玉林市,博白县,三滩镇,110.025252,22.183999,0.0,0.0,8.0,3.0,14.0,0.0,0.0,0.0,0.0,0.0,0.0,0.0,0.0,0.0,0.0,0.0,0.0,0.0,0.0,0.0,1.0,0.0,2.0,0.0,0.0,1.0,0.0,0.0,0.0,0.0,0.0,0.0,0.0,3.0,5.0,4.0,0.0,0.0,6.0,1.0,9.0,0.0,0.0,0.0,0.0,0.0,0.0,0.0,0.0,0.0,0.0,0.0,0.0,0.0,0.0,0.0,1.0,0.0,2.0,0.0,0.0,1.0,0.0,0.0,0.0,0.0,0.0,0.0,0.0,2.0,4.0,4.0,4237674831.0,-1.0,玉林市博白县,玉林市博白县三滩镇,8.0,16.0,0.0,2.0,26.0,24.417857142857144,32.06272727272727,38.14581005586592
广西壮族自治区,玉林市,博白县,黄凌镇,110.0917936,22.141767,0.0,0.0,5.0,3.0,2.0,0.0,0.0,0.0,0.0,0.0,0.0,0.0,0.0,0.0,0.0,0.0,0.0,0.0,0.0,0.0,0.0,0.0,0.0,0.0,0.0,1.0,0.0,0.0,0.0,0.0,0.0,0.0,0.0,2.0,3.0,2.0,0.0,0.0,3.0,3.0,2.0,0.0,0.0,0.0,0.0,0.0,0.0,0.0,0.0,0.0,0.0,0.0,0.0,0.0,0.0,0.0,0.0,0.0,0.0,0.0,0.0,1.0,0.0,0.0,0.0,0.0,0.0,0.0,0.0,2.0,3.0,1.0,4237674825.0,-1.0,玉林市博白县,玉林市博白县黄凌镇,8.0,10.5,0.0,1.0,19.5,24.417857142857144,32.06272727272727,38.14581005586592
广西壮族自治区,玉林市,博白县,亚山镇,109.944794,22.198241,5.0,0.0,1.0,4.0,15.0,1.0,0.0,0.0,0.0,0.0,2.0,0.0,0.0,0.0,0.0,0.0,0.0,0.0,0.0,0.0,1.0,0.0,2.0,0.0,0.0,3.0,0.0,0.0,0.0,0.0,0.0,0.0,0.0,3.0,8.0,4.0,1.0,0.0,0.0,3.0,14.0,0.0,0.0,0.0,0.0,0.0,0.0,0.0,0.0,0.0,0.0,0.0,0.0,0.0,0.0,0.0,1.0,0.0,0.0,0.0,0.0,2.0,0.0,0.0,0.0,0.0,0.0,0.0,0.0,2.0,3.0,1.0,4237674836.0,-1.0,玉林市博白县,玉林市博白县亚山镇,10.0,22.2,0.0,2.0,34.2,24.417857142857144,32.06272727272727,38.14581005586592
广西壮族自治区,玉林市,博白县,旺茂镇,109.903885,22.1152331,2.0,2.0,2.0,2.0,28.0,0.0,0.0,0.0,0.0,0.0,0.0,0.0,0.0,0.0,0.0,0.0,0.0,0.0,0.0,0.0,1.0,0.0,0.0,0.0,0.0,2.0,0.0,0.0,0.0,0.0,0.0,0.0,0.0,3.0,9.0,1.0,2.0,2.0,2.0,1.0,28.0,0.0,0.0,0.0,0.0,0.0,0.0,0.0,0.0,0.0,0.0,0.0,0.0,0.0,0.0,0.0,1.0,0.0,0.0,0.0,0.0,1.0,0.0,0.0,0.0,0.0,0.0,0.0,0.0,2.0,9.0,1.0,3145101807.0,-1.0,玉林市博白县,玉林市博白县旺茂镇,9.0,24.0,0.0,0.5,33.5,24.417857142857144,32.06272727272727,38.14581005586592
广西壮族自治区,玉林市,博白县,东平镇,109.8154785,22.0049902,3.0,0.0,7.0,10.0,1.0,0.0,0.0,0.0,0.0,0.0,0.0,0.0,0.0,0.0,0.0,0.0,0.0,0.0,0.0,0.0,2.0,0.0,0.0,0.0,0.0,1.0,0.0,0.0,0.0,0.0,0.0,0.0,0.0,3.0,6.0,2.0,1.0,0.0,3.0,8.0,1.0,0.0,0.0,0.0,0.0,0.0,0.0,0.0,0.0,0.0,0.0,0.0,0.0,0.0,0.0,0.0,2.0,0.0,0.0,0.0,0.0,1.0,0.0,0.0,0.0,0.0,0.0,0.0,0.0,2.0,4.0,2.0,3145189777.0,-1.0,玉林市博白县,玉林市博白县东平镇,8.0,13.5,0.0,1.0,22.5,24.417857142857144,32.06272727272727,38.14581005586592
广西壮族自治区,玉林市,博白县,沙河镇,109.7108733,22.0645862,0.0,0.0,4.0,5.0,0.0,0.0,0.0,0.0,0.0,0.0,0.0,0.0,0.0,0.0,0.0,0.0,0.0,0.0,0.0,0.0,1.0,0.0,0.0,0.0,0.0,1.0,0.0,0.0,0.0,0.0,0.0,0.0,0.0,2.0,2.0,3.0,0.0,0.0,2.0,4.0,0.0,0.0,0.0,0.0,0.0,0.0,0.0,0.0,0.0,0.0,0.0,0.0,0.0,0.0,0.0,0.0,1.0,0.0,0.0,0.0,0.0,1.0,0.0,0.0,0.0,0.0,0.0,0.0,0.0,2.0,2.0,3.0,369493958.0,-1.0,玉林市博白县,玉林市博白县沙河镇,8.0,11.0,0.0,1.5,20.5,24.417857142857144,32.06272727272727,38.14581005586592
广西壮族自治区,玉林市,博白县,菱角镇,109.6538991,21.9959496,0.0,0.0,2.0,3.0,0.0,0.0,0.0,0.0,0.0,0.0,0.0,0.0,0.0,0.0,0.0,0.0,0.0,0.0,0.0,0.0,1.0,0.0,0.0,0.0,0.0,1.0,0.0,0.0,0.0,0.0,0.0,0.0,0.0,3.0,3.0,4.0,0.0,0.0,2.0,2.0,0.0,0.0,0.0,0.0,0.0,0.0,0.0,0.0,0.0,0.0,0.0,0.0,0.0,0.0,0.0,0.0,1.0,0.0,0.0,0.0,0.0,1.0,0.0,0.0,0.0,0.0,0.0,0.0,0.0,2.0,3.0,3.0,3145132325.0,-1.0,玉林市博白县,玉林市博白县菱角镇,8.0,9.5,0.0,2.0,19.5,24.417857142857144,32.06272727272727,38.14581005586592
广西壮族自治区,玉林市,博白县,新田镇,109.9265962,21.9698034,0.0,0.0,2.0,3.0,0.0,0.0,0.0,0.0,0.0,0.0,0.0,0.0,0.0,0.0,0.0,0.0,0.0,0.0,0.0,0.0,1.0,0.0,0.0,0.0,0.0,1.0,0.0,0.0,0.0,0.0,0.0,0.0,0.0,1.0,2.0,3.0,0.0,0.0,2.0,3.0,0.0,0.0,0.0,0.0,0.0,0.0,0.0,0.0,0.0,0.0,0.0,0.0,0.0,0.0,0.0,0.0,1.0,0.0,0.0,0.0,0.0,1.0,0.0,0.0,0.0,0.0,0.0,0.0,0.0,1.0,2.0,1.0,5132246439.0,-1.0,玉林市博白县,玉林市博白县新田镇,8.0,9.0,0.0,1.5,18.5,24.417857142857144,32.06272727272727,38.14581005586592
广西壮族自治区,玉林市,博白县,凤山镇,110.002507,22.0470871,0.0,3.0,4.0,3.0,28.0,1.0,0.0,0.0,0.0,0.0,0.0,0.0,0.0,0.0,3.0,3.0,0.0,0.0,1.0,0.0,4.0,0.0,3.0,0.0,0.0,4.0,2.0,0.0,0.0,2.0,0.0,0.0,0.0,2.0,6.0,4.0,0.0,1.0,4.0,1.0,24.0,1.0,0.0,0.0,0.0,0.0,0.0,0.0,0.0,0.0,3.0,3.0,0.0,0.0,1.0,0.0,3.0,0.0,2.0,0.0,0.0,1.0,1.0,0.0,0.0,1.0,0.0,0.0,0.0,2.0,6.0,4.0,369500030.0,-1.0,玉林市博白县,玉林市博白县凤山镇,11.0,23.0,7.0,2.6,43.6,24.417857142857144,32.06272727272727,38.14581005586592
广西壮族自治区,玉林市,博白县,宁潭镇,110.1282987,22.0235178,0.0,0.0,5.0,5.0,8.0,0.0,0.0,0.0,0.0,0.0,0.0,0.0,0.0,0.0,0.0,0.0,0.0,0.0,0.0,0.0,2.0,0.0,1.0,0.0,0.0,2.0,0.0,0.0,0.0,0.0,0.0,0.0,0.0,2.0,4.0,3.0,0.0,0.0,3.0,3.0,7.0,0.0,0.0,0.0,0.0,0.0,0.0,0.0,0.0,0.0,0.0,0.0,0.0,0.0,0.0,0.0,2.0,0.0,0.0,0.0,0.0,1.0,0.0,0.0,0.0,0.0,0.0,0.0,0.0,2.0,4.0,2.0,5067186721.0,-1.0,玉林市博白县,玉林市博白县宁潭镇,9.0,15.7,0.0,1.5,26.2,24.417857142857144,32.06272727272727,38.14581005586592
广西壮族自治区,玉林市,博白县,文地镇,110.1970852,21.9450814,0.0,0.0,22.0,10.0,55.0,0.0,0.0,0.0,0.0,0.0,0.0,0.0,0.0,0.0,0.0,0.0,0.0,0.0,0.0,0.0,3.0,0.0,2.0,0.0,0.0,1.0,1.0,0.0,0.0,0.0,0.0,1.0,0.0,7.0,5.0,6.0,0.0,0.0,18.0,6.0,26.0,0.0,0.0,0.0,0.0,0.0,0.0,0.0,0.0,0.0,0.0,0.0,0.0,0.0,0.0,0.0,2.0,0.0,0.0,0.0,0.0,1.0,0.0,0.0,0.0,0.0,0.0,1.0,0.0,6.0,5.0,5.0,1692209482.0,-1.0,玉林市博白县,玉林市博白县文地镇,8.0,22.5,0.0,3.1,33.6,24.417857142857144,32.06272727272727,38.14581005586592
广西壮族自治区,玉林市,博白县,英桥镇,110.0737351,21.9009429,0.0,6.0,4.0,7.0,12.0,0.0,0.0,0.0,0.0,0.0,0.0,0.0,0.0,0.0,0.0,0.0,0.0,0.0,0.0,0.0,1.0,0.0,2.0,0.0,0.0,2.0,2.0,0.0,0.0,1.0,0.0,0.0,0.0,8.0,6.0,4.0,0.0,3.0,4.0,4.0,12.0,0.0,0.0,0.0,0.0,0.0,0.0,0.0,0.0,0.0,0.0,0.0,0.0,0.0,0.0,0.0,1.0,0.0,0.0,0.0,0.0,1.0,0.0,0.0,0.0,0.0,0.0,0.0,0.0,2.0,5.0,3.0,3346395312.0,-1.0,玉林市博白县,玉林市博白县英桥镇,9.0,19.0,0.0,2.3,30.3,24.417857142857144,32.06272727272727,38.14581005586592
广西壮族自治区,玉林市,博白县,那卜镇,109.9182566,21.8537464,0.0,3.0,2.0,4.0,1.0,0.0,0.0,0.0,0.0,0.0,0.0,0.0,0.0,0.0,0.0,0.0,0.0,0.0,0.0,0.0,3.0,0.0,1.0,0.0,0.0,1.0,0.0,0.0,0.0,2.0,0.0,0.0,0.0,9.0,7.0,6.0,0.0,3.0,1.0,4.0,1.0,0.0,0.0,0.0,0.0,0.0,0.0,0.0,0.0,0.0,0.0,0.0,0.0,0.0,0.0,0.0,3.0,0.0,1.0,0.0,0.0,1.0,0.0,0.0,0.0,2.0,0.0,0.0,0.0,3.0,5.0,4.0,3145189779.0,-1.0,玉林市博白县,玉林市博白县那卜镇,8.0,13.0,0.0,3.4,24.4,24.417857142857144,32.06272727272727,38.14581005586592
广西壮族自治区,玉林市,博白县,大垌镇,109.936243,21.893582,0.0,0.0,4.0,9.0,1.0,0.0,0.0,0.0,0.0,0.0,0.0,0.0,0.0,0.0,0.0,0.0,0.0,0.0,0.0,0.0,2.0,0.0,0.0,0.0,0.0,3.0,0.0,0.0,0.0,0.0,0.0,0.0,0.0,2.0,4.0,4.0,0.0,0.0,3.0,4.0,1.0,0.0,0.0,0.0,0.0,0.0,0.0,0.0,0.0,0.0,0.0,0.0,0.0,0.0,0.0,0.0,2.0,0.0,0.0,0.0,0.0,1.0,0.0,0.0,0.0,0.0,0.0,0.0,0.0,2.0,3.0,2.0,3346395309.0,-1.0,玉林市博白县,玉林市博白县大垌镇,10.0,12.5,0.0,2.0,24.5,24.417857142857144,32.06272727272727,38.14581005586592
广西壮族自治区,玉林市,博白县,沙陂镇,109.90408,21.781549,0.0,0.0,6.0,3.0,7.0,0.0,0.0,0.0,0.0,0.0,0.0,0.0,0.0,0.0,0.0,0.0,0.0,0.0,0.0,0.0,3.0,0.0,3.0,0.0,0.0,4.0,0.0,0.0,0.0,0.0,0.0,0.0,0.0,1.0,4.0,3.0,0.0,0.0,4.0,2.0,6.0,0.0,0.0,0.0,0.0,0.0,0.0,0.0,0.0,0.0,0.0,0.0,0.0,0.0,0.0,0.0,3.0,0.0,3.0,0.0,0.0,1.0,0.0,0.0,0.0,0.0,0.0,0.0,0.0,1.0,4.0,3.0,5132489618.0,-1.0,玉林市博白县,玉林市博白县沙陂镇,11.0,13.2,0.0,1.5,25.7,24.417857142857144,32.06272727272727,38.14581005586592
广西壮族自治区,玉林市,博白县,双旺镇,109.822594,21.800074,0.0,0.0,5.0,5.0,7.0,0.0,0.0,0.0,0.0,0.0,0.0,0.0,0.0,0.0,0.0,0.0,0.0,0.0,0.0,0.0,2.0,0.0,0.0,0.0,1.0,1.0,0.0,0.0,0.0,1.0,0.0,0.0,0.0,2.0,5.0,3.0,0.0,0.0,4.0,4.0,6.0,0.0,0.0,0.0,0.0,0.0,0.0,0.0,0.0,0.0,0.0,0.0,0.0,0.0,0.0,0.0,2.0,0.0,0.0,0.0,0.0,1.0,0.0,0.0,0.0,1.0,0.0,0.0,0.0,2.0,4.0,2.0,5132268896.0,-1.0,玉林市博白县,玉林市博白县双旺镇,8.0,15.7,0.0,1.7,25.4,24.417857142857144,32.06272727272727,38.14581005586592
广西壮族自治区,玉林市,博白县,松旺镇,109.7549174,21.8920194,1.0,6.0,0.0,8.0,3.0,0.0,0.0,0.0,0.0,0.0,0.0,0.0,0.0,0.0,0.0,0.0,0.0,0.0,0.0,0.0,1.0,0.0,0.0,0.0,0.0,1.0,0.0,0.0,0.0,0.0,0.0,0.0,0.0,3.0,7.0,2.0,1.0,0.0,0.0,5.0,0.0,0.0,0.0,0.0,0.0,0.0,0.0,0.0,0.0,0.0,0.0,0.0,0.0,0.0,0.0,0.0,1.0,0.0,0.0,0.0,0.0,1.0,0.0,0.0,0.0,0.0,0.0,0.0,0.0,2.0,5.0,1.0,3145189778.0,-1.0,玉林市博白县,玉林市博白县松旺镇,8.0,14.1,0.0,1.0,23.1,24.417857142857144,32.06272727272727,38.14581005586592
广西壮族自治区,玉林市,博白县,龙潭镇,109.7469834,21.7397995,5.0,0.0,1.0,3.0,17.0,1.0,0.0,0.0,0.0,0.0,0.0,0.0,0.0,0.0,0.0,0.0,0.0,0.0,0.0,0.0,1.0,0.0,5.0,0.0,0.0,1.0,1.0,0.0,0.0,0.0,0.0,0.0,0.0,2.0,6.0,4.0,3.0,0.0,1.0,1.0,8.0,0.0,0.0,0.0,0.0,0.0,0.0,0.0,0.0,0.0,0.0,0.0,0.0,0.0,0.0,0.0,1.0,0.0,1.0,0.0,0.0,1.0,0.0,0.0,0.0,0.0,0.0,0.0,0.0,2.0,5.0,4.0,5132537388.0,-1.0,玉林市博白县,玉林市博白县龙潭镇,8.0,16.8,0.0,2.1,26.900000000000002,24.417857142857144,32.06272727272727,38.14581005586592
广西壮族自治区,玉林市,博白县,大坝镇,109.815911,21.665432,0.0,0.0,2.0,6.0,6.0,0.0,0.0,0.0,0.0,0.0,0.0,0.0,0.0,0.0,0.0,0.0,0.0,0.0,0.0,0.0,2.0,0.0,0.0,0.0,0.0,2.0,0.0,0.0,0.0,0.0,0.0,0.0,0.0,8.0,3.0,3.0,0.0,0.0,2.0,3.0,6.0,0.0,0.0,0.0,0.0,0.0,0.0,0.0,0.0,0.0,0.0,0.0,0.0,0.0,0.0,0.0,2.0,0.0,0.0,0.0,0.0,1.0,0.0,0.0,0.0,0.0,0.0,0.0,0.0,2.0,3.0,2.0,5132621583.0,-1.0,玉林市博白县,玉林市博白县大坝镇,9.0,14.5,0.0,1.5,25.0,24.417857142857144,32.06272727272727,38.14581005586592
广西壮族自治区,玉林市,博白县,永安镇,109.761278,22.313363,0.0,1.0,0.0,2.0,1.0,0.0,0.0,0.0,0.0,0.0,0.0,0.0,0.0,0.0,0.0,0.0,0.0,0.0,0.0,0.0,1.0,0.0,0.0,0.0,0.0,1.0,0.0,0.0,0.0,0.0,0.0,0.0,0.0,5.0,4.0,1.0,0.0,1.0,0.0,1.0,0.0,0.0,0.0,0.0,0.0,0.0,0.0,0.0,0.0,0.0,0.0,0.0,0.0,0.0,0.0,0.0,1.0,0.0,0.0,0.0,0.0,1.0,0.0,0.0,0.0,0.0,0.0,0.0,0.0,1.0,3.0,1.0,4237674837.0,-1.0,玉林市博白县,玉林市博白县永安镇,8.0,9.2,0.0,0.5,17.7,24.417857142857144,32.06272727272727,38.14581005586592
广西壮族自治区,玉林市,博白县,径口镇,110.054,22.2948,2.0,0.0,0.0,0.0,0.0,0.0,0.0,0.0,0.0,0.0,0.0,0.0,0.0,0.0,0.0,0.0,0.0,0.0,0.0,0.0,0.0,0.0,0.0,0.0,0.0,1.0,0.0,0.0,0.0,0.0,0.0,0.0,0.0,4.0,2.0,1.0,1.0,0.0,0.0,0.0,0.0,0.0,0.0,0.0,0.0,0.0,0.0,0.0,0.0,0.0,0.0,0.0,0.0,0.0,0.0,0.0,0.0,0.0,0.0,0.0,0.0,1.0,0.0,0.0,0.0,0.0,0.0,0.0,0.0,2.0,1.0,0.0,4237674826.0,-1.0,玉林市博白县,玉林市博白县径口镇,8.0,6.0,0.0,0.5,14.5,24.417857142857144,32.06272727272727,38.14581005586592
广西壮族自治区,玉林市,博白县,浪平镇,109.928172,22.323031,0.0,0.0,2.0,0.0,0.0,0.0,0.0,0.0,0.0,0.0,0.0,0.0,0.0,0.0,0.0,0.0,0.0,0.0,0.0,0.0,3.0,0.0,0.0,0.0,0.0,1.0,0.0,0.0,0.0,0.0,0.0,0.0,0.0,2.0,1.0,3.0,0.0,0.0,1.0,0.0,0.0,0.0,0.0,0.0,0.0,0.0,0.0,0.0,0.0,0.0,0.0,0.0,0.0,0.0,0.0,0.0,1.0,0.0,0.0,0.0,0.0,1.0,0.0,0.0,0.0,0.0,0.0,0.0,0.0,1.0,1.0,2.0,4237674827.0,-1.0,玉林市博白县,玉林市博白县浪平镇,8.0,5.5,0.0,1.5,15.0,24.417857142857144,32.06272727272727,38.14581005586592
广西壮族自治区,玉林市,兴业县,石南镇,109.8713544,22.7451778,7.0,6.0,2.0,4.0,112.0,3.0,0.0,0.0,0.0,0.0,0.0,0.0,0.0,0.0,0.0,0.0,0.0,0.0,0.0,1.0,3.0,0.0,2.0,0.0,0.0,5.0,12.0,0.0,0.0,0.0,0.0,1.0,1.0,4.0,11.0,8.0,2.0,2.0,1.0,4.0,78.0,2.0,0.0,0.0,0.0,0.0,0.0,0.0,0.0,0.0,0.0,0.0,0.0,0.0,0.0,0.0,1.0,0.0,0.0,0.0,0.0,2.0,0.0,0.0,0.0,0.0,0.0,1.0,0.0,3.0,7.0,3.0,1692209470.0,-1.0,玉林市兴业县,玉林市兴业县石南镇,12.0,24.0,0.0,5.2,41.2,28.54615384615385,32.06272727272727,38.14581005586592
广西壮族自治区,玉林市,兴业县,大平山镇,109.950488,22.679704,10.0,0.0,3.0,11.0,81.0,0.0,0.0,0.0,0.0,0.0,0.0,0.0,0.0,0.0,0.0,0.0,0.0,0.0,0.0,0.0,3.0,0.0,2.0,0.0,0.0,3.0,0.0,0.0,0.0,1.0,0.0,0.0,0.0,4.0,7.0,4.0,0.0,0.0,0.0,4.0,30.0,0.0,0.0,0.0,0.0,0.0,0.0,0.0,0.0,0.0,0.0,0.0,0.0,0.0,0.0,0.0,2.0,0.0,0.0,0.0,0.0,1.0,0.0,0.0,0.0,0.0,0.0,0.0,0.0,2.0,4.0,3.0,5139935193.0,-1.0,玉林市兴业县,玉林市兴业县大平山镇,10.0,23.5,0.0,2.1,35.6,28.54615384615385,32.06272727272727,38.14581005586592
广西壮族自治区,玉林市,兴业县,葵阳镇,109.8275061,22.7229337,1.0,0.0,1.0,1.0,44.0,1.0,0.0,0.0,0.0,0.0,1.0,0.0,0.0,0.0,0.0,0.0,0.0,0.0,0.0,0.0,1.0,0.0,5.0,0.0,0.0,4.0,0.0,0.0,0.0,1.0,0.0,0.0,0.0,3.0,7.0,7.0,1.0,0.0,1.0,0.0,23.0,1.0,0.0,0.0,0.0,0.0,1.0,0.0,0.0,0.0,0.0,0.0,0.0,0.0,0.0,0.0,0.0,0.0,0.0,0.0,0.0,1.0,0.0,0.0,0.0,0.0,0.0,0.0,0.0,3.0,6.0,2.0,3909480940.0,-1.0,玉林市兴业县,玉林市兴业县葵阳镇,11.0,25.5,0.0,3.6,40.1,28.54615384615385,32.06272727272727,38.14581005586592
广西壮族自治区,玉林市,兴业县,城隍镇,109.734702,22.603969,6.0,2.0,0.0,5.0,22.0,0.0,0.0,0.0,0.0,0.0,0.0,0.0,0.0,0.0,0.0,0.0,0.0,0.0,0.0,0.0,2.0,0.0,0.0,0.0,0.0,4.0,0.0,0.0,0.0,0.0,0.0,0.0,0.0,3.0,5.0,3.0,1.0,1.0,0.0,3.0,10.0,0.0,0.0,0.0,0.0,0.0,0.0,0.0,0.0,0.0,0.0,0.0,0.0,0.0,0.0,0.0,1.0,0.0,0.0,0.0,0.0,2.0,0.0,0.0,0.0,0.0,0.0,0.0,0.0,3.0,5.0,3.0,3909480939.0,-1.0,玉林市兴业县,玉林市兴业县城隍镇,11.0,19.9,0.0,1.5,32.4,28.54615384615385,32.06272727272727,38.14581005586592
广西壮族自治区,玉林市,兴业县,山心镇,109.8715772,22.8259871,0.0,17.0,5.0,9.0,7.0,0.0,0.0,0.0,0.0,0.0,0.0,0.0,0.0,0.0,0.0,0.0,0.0,0.0,1.0,0.0,2.0,0.0,0.0,0.0,0.0,6.0,0.0,0.0,0.0,0.0,0.0,0.0,0.0,3.0,9.0,3.0,0.0,5.0,3.0,1.0,0.0,0.0,0.0,0.0,0.0,0.0,0.0,0.0,0.0,0.0,0.0,0.0,0.0,0.0,1.0,0.0,2.0,0.0,0.0,0.0,0.0,1.0,0.0,0.0,0.0,0.0,0.0,0.0,0.0,3.0,5.0,3.0,3155700114.0,-1.0,玉林市兴业县,玉林市兴业县山心镇,12.0,15.4,2.0,1.5,30.9,28.54615384615385,32.06272727272727,38.14581005586592
广西壮族自治区,玉林市,兴业县,沙塘镇,109.861895,22.924925,0.0,0.0,9.0,1.0,2.0,0.0,0.0,0.0,0.0,0.0,0.0,0.0,0.0,0.0,0.0,0.0,0.0,0.0,0.0,0.0,1.0,0.0,0.0,0.0,0.0,1.0,0.0,0.0,0.0,0.0,0.0,0.0,0.0,5.0,3.0,2.0,0.0,0.0,6.0,1.0,2.0,0.0,0.0,0.0,0.0,0.0,0.0,0.0,0.0,0.0,0.0,0.0,0.0,0.0,0.0,0.0,1.0,0.0,0.0,0.0,0.0,1.0,0.0,0.0,0.0,0.0,0.0,0.0,0.0,1.0,3.0,2.0,5153624666.0,-1.0,玉林市兴业县,玉林市兴业县沙塘镇,8.0,8.5,0.0,1.0,17.5,28.54615384615385,32.06272727272727,38.14581005586592
广西壮族自治区,玉林市,兴业县,蒲塘镇,109.9634569,22.9069255,0.0,0.0,3.0,3.0,3.0,0.0,0.0,0.0,0.0,0.0,0.0,0.0,0.0,0.0,0.0,0.0,0.0,0.0,0.0,0.0,5.0,0.0,0.0,0.0,0.0,4.0,1.0,0.0,0.0,0.0,0.0,0.0,0.0,2.0,3.0,3.0,0.0,0.0,2.0,2.0,3.0,0.0,0.0,0.0,0.0,0.0,0.0,0.0,0.0,0.0,0.0,0.0,0.0,0.0,0.0,0.0,1.0,0.0,0.0,0.0,0.0,2.0,0.0,0.0,0.0,0.0,0.0,0.0,0.0,1.0,3.0,2.0,5153513080.0,-1.0,玉林市兴业县,玉林市兴业县蒲塘镇,11.0,11.0,0.0,1.6,23.6,28.54615384615385,32.06272727272727,38.14581005586592
广西壮族自治区,玉林市,兴业县,北市镇,110.0839292,22.9389042,0.0,5.0,7.0,4.0,5.0,1.0,0.0,0.0,0.0,0.0,1.0,0.0,0.0,0.0,0.0,0.0,0.0,0.0,0.0,0.0,6.0,0.0,0.0,1.0,0.0,1.0,1.0,0.0,0.0,0.0,0.0,0.0,0.0,6.0,8.0,5.0,0.0,1.0,5.0,0.0,1.0,0.0,0.0,0.0,0.0,0.0,0.0,0.0,0.0,0.0,0.0,0.0,0.0,0.0,0.0,0.0,4.0,0.0,0.0,0.0,0.0,1.0,0.0,0.0,0.0,0.0,0.0,0.0,0.0,6.0,3.0,2.0,4560473543.0,-1.0,玉林市兴业县,玉林市兴业县北市镇,8.0,16.3,0.0,2.6,26.900000000000002,28.54615384615385,32.06272727272727,38.14581005586592
广西壮族自治区,玉林市,兴业县,龙安镇,110.014402,22.734175,0.0,0.0,0.0,9.0,26.0,0.0,0.0,0.0,0.0,0.0,0.0,0.0,0.0,0.0,0.0,0.0,0.0,0.0,0.0,0.0,12.0,0.0,0.0,0.0,0.0,6.0,0.0,0.0,0.0,0.0,0.0,0.0,0.0,6.0,6.0,6.0,0.0,0.0,0.0,7.0,9.0,0.0,0.0,0.0,0.0,0.0,0.0,0.0,0.0,0.0,0.0,0.0,0.0,0.0,0.0,0.0,3.0,0.0,0.0,0.0,0.0,2.0,0.0,0.0,0.0,0.0,0.0,0.0,0.0,1.0,3.0,4.0,4776302336.0,-1.0,玉林市兴业县,玉林市兴业县龙安镇,12.0,15.9,0.0,3.0,30.9,28.54615384615385,32.06272727272727,38.14581005586592
广西壮族自治区,玉林市,兴业县,高峰镇,109.877059,22.984943,0.0,0.0,8.0,6.0,3.0,0.0,0.0,0.0,0.0,0.0,0.0,0.0,0.0,0.0,0.0,0.0,0.0,0.0,0.0,0.0,1.0,0.0,0.0,0.0,0.0,3.0,1.0,0.0,0.0,0.0,0.0,0.0,0.0,5.0,4.0,3.0,0.0,0.0,3.0,5.0,3.0,0.0,0.0,0.0,0.0,0.0,0.0,0.0,0.0,0.0,0.0,0.0,0.0,0.0,0.0,0.0,1.0,0.0,0.0,0.0,0.0,1.0,0.0,0.0,0.0,0.0,0.0,0.0,0.0,1.0,4.0,1.0,5153914952.0,-1.0,玉林市兴业县,玉林市兴业县高峰镇,10.0,13.5,0.0,1.6,25.1,28.54615384615385,32.06272727272727,38.14581005586592
广西壮族自治区,玉林市,兴业县,小平山镇,110.0719464,22.8210948,0.0,2.0,0.0,3.0,13.0,0.0,0.0,0.0,0.0,0.0,0.0,0.0,0.0,0.0,0.0,0.0,0.0,0.0,0.0,0.0,2.0,0.0,0.0,0.0,0.0,1.0,0.0,0.0,0.0,0.0,0.0,0.0,0.0,1.0,4.0,2.0,0.0,1.0,0.0,2.0,9.0,0.0,0.0,0.0,0.0,0.0,0.0,0.0,0.0,0.0,0.0,0.0,0.0,0.0,0.0,0.0,2.0,0.0,0.0,0.0,0.0,1.0,0.0,0.0,0.0,0.0,0.0,0.0,0.0,1.0,3.0,2.0,5124036871.0,-1.0,玉林市兴业县,玉林市兴业县小平山镇,8.0,15.3,0.0,1.0,24.3,28.54615384615385,32.06272727272727,38.14581005586592
广西壮族自治区,玉林市,兴业县,卖酒镇,110.078168,22.771615,0.0,1.0,3.0,0.0,6.0,4.0,0.0,0.0,0.0,0.0,2.0,0.0,0.0,0.0,0.0,0.0,0.0,0.0,0.0,0.0,7.0,0.0,0.0,0.0,0.0,1.0,0.0,0.0,0.0,0.0,0.0,0.0,0.0,6.0,7.0,3.0,0.0,1.0,3.0,0.0,6.0,4.0,0.0,0.0,0.0,0.0,1.0,0.0,0.0,0.0,0.0,0.0,0.0,0.0,0.0,0.0,4.0,0.0,0.0,0.0,0.0,1.0,0.0,0.0,0.0,0.0,0.0,0.0,0.0,2.0,7.0,2.0,4560473546.0,-1.0,玉林市兴业县,玉林市兴业县卖酒镇,8.0,13.5,0.0,1.5,23.0,28.54615384615385,32.06272727272727,38.14581005586592
广西壮族自治区,玉林市,兴业县,洛阳镇,109.987394,22.8691674,0.0,0.0,2.0,4.0,0.0,0.0,0.0,0.0,0.0,0.0,0.0,0.0,0.0,0.0,0.0,0.0,0.0,0.0,0.0,0.0,0.0,0.0,0.0,0.0,0.0,1.0,1.0,0.0,0.0,0.0,0.0,0.0,0.0,2.0,2.0,3.0,0.0,0.0,2.0,3.0,0.0,0.0,0.0,0.0,0.0,0.0,0.0,0.0,0.0,0.0,0.0,0.0,0.0,0.0,0.0,0.0,0.0,0.0,0.0,0.0,0.0,1.0,0.0,0.0,0.0,0.0,0.0,0.0,0.0,1.0,2.0,1.0,3155700120.0,-1.0,玉林市兴业县,玉林市兴业县洛阳镇,8.0,10.0,0.0,1.6,19.6,28.54615384615385,32.06272727272727,38.14581005586592
广西壮族自治区,玉林市,北流市,陵城街道,110.3480923,22.7105024,11.0,40.0,37.0,54.0,268.0,6.0,0.0,6.0,2.0,0.0,0.0,0.0,1.0,1.0,7.0,7.0,1.0,0.0,0.0,0.0,1.0,0.0,2.0,0.0,0.0,5.0,12.0,0.0,1.0,0.0,1.0,19.0,3.0,8.0,10.0,6.0,0.0,17.0,13.0,16.0,60.0,4.0,0.0,6.0,1.0,0.0,0.0,0.0,1.0,1.0,3.0,3.0,0.0,0.0,0.0,0.0,1.0,0.0,0.0,0.0,0.0,3.0,2.0,0.0,0.0,0.0,0.0,6.0,3.0,6.0,6.0,5.0,4561221395.0,6802483.0,玉林市北流市,玉林市北流市陵城街道,20.0,26.0,10.0,4.4,60.4,34.071999999999996,32.06272727272727,38.14581005586592
广西壮族自治区,玉林市,北流市,城南街道,110.339859,22.7053164,13.0,44.0,36.0,53.0,270.0,6.0,0.0,6.0,2.0,0.0,0.0,0.0,1.0,1.0,7.0,7.0,1.0,0.0,0.0,0.0,1.0,0.0,1.0,0.0,0.0,5.0,12.0,0.0,1.0,0.0,1.0,20.0,3.0,8.0,8.0,6.0,0.0,23.0,6.0,24.0,112.0,1.0,0.0,4.0,1.0,0.0,0.0,0.0,0.0,0.0,3.0,3.0,0.0,0.0,0.0,0.0,1.0,0.0,0.0,0.0,0.0,2.0,0.0,0.0,0.0,0.0,0.0,8.0,0.0,3.0,6.0,3.0,4561172566.0,6802482.0,玉林市北流市,玉林市北流市城南街道,20.0,26.0,5.0,4.2,55.2,34.071999999999996,32.06272727272727,38.14581005586592
广西壮族自治区,玉林市,北流市,城北街道,110.3390902,22.7079418,11.0,44.0,37.0,54.0,270.0,6.0,0.0,6.0,2.0,0.0,0.0,0.0,1.0,1.0,7.0,7.0,1.0,0.0,0.0,0.0,1.0,0.0,1.0,0.0,0.0,5.0,12.0,0.0,1.0,0.0,1.0,19.0,3.0,8.0,9.0,6.0,0.0,23.0,8.0,24.0,91.0,1.0,0.0,4.0,1.0,0.0,0.0,0.0,0.0,0.0,1.0,1.0,0.0,0.0,0.0,0.0,1.0,0.0,0.0,0.0,0.0,3.0,1.0,0.0,1.0,0.0,1.0,7.0,0.0,3.0,6.0,3.0,4561221394.0,11678663.0,玉林市北流市,玉林市北流市城北街道,20.0,26.0,5.0,4.3,55.3,34.071999999999996,32.06272727272727,38.14581005586592
广西壮族自治区,玉林市,北流市,北流镇,110.3488254,22.6881914,13.0,40.0,30.0,49.0,247.0,3.0,0.0,4.0,2.0,0.0,0.0,0.0,0.0,0.0,5.0,5.0,0.0,0.0,0.0,0.0,2.0,0.0,0.0,0.0,0.0,5.0,7.0,0.0,0.0,0.0,0.0,16.0,1.0,8.0,8.0,5.0,7.0,11.0,1.0,18.0,55.0,2.0,0.0,0.0,1.0,0.0,0.0,0.0,0.0,0.0,0.0,0.0,0.0,0.0,0.0,0.0,1.0,0.0,0.0,0.0,0.0,1.0,0.0,0.0,0.0,0.0,0.0,1.0,0.0,4.0,7.0,3.0,7947376255.0,-1.0,玉林市北流市,玉林市北流市北流镇,12.0,26.0,0.0,3.2,41.2,34.071999999999996,32.06272727272727,38.14581005586592
广西壮族自治区,玉林市,北流市,新荣镇,110.4515988,22.6893956,0.0,0.0,3.0,7.0,1.0,0.0,0.0,0.0,0.0,0.0,0.0,0.0,0.0,0.0,0.0,0.0,0.0,0.0,0.0,0.0,1.0,0.0,0.0,0.0,0.0,4.0,0.0,0.0,0.0,0.0,0.0,0.0,0.0,1.0,3.0,4.0,0.0,0.0,3.0,5.0,1.0,0.0,0.0,0.0,0.0,0.0,0.0,0.0,0.0,0.0,0.0,0.0,0.0,0.0,0.0,0.0,1.0,0.0,0.0,0.0,0.0,1.0,0.0,0.0,0.0,0.0,0.0,0.0,0.0,1.0,3.0,2.0,4561172587.0,-1.0,玉林市北流市,玉林市北流市新荣镇,11.0,12.0,0.0,2.0,25.0,34.071999999999996,32.06272727272727,38.14581005586592
广西壮族自治区,玉林市,北流市,民安镇,110.4302297,22.7369741,3.0,0.0,8.0,12.0,16.0,0.0,0.0,1.0,0.0,0.0,0.0,0.0,0.0,0.0,0.0,0.0,0.0,0.0,0.0,0.0,2.0,0.0,1.0,0.0,0.0,7.0,0.0,0.0,0.0,0.0,0.0,0.0,0.0,4.0,6.0,4.0,0.0,0.0,2.0,5.0,3.0,0.0,0.0,0.0,0.0,0.0,0.0,0.0,0.0,0.0,0.0,0.0,0.0,0.0,0.0,0.0,1.0,0.0,0.0,0.0,0.0,1.0,0.0,0.0,0.0,0.0,0.0,0.0,0.0,3.0,4.0,3.0,4561172576.0,-1.0,玉林市北流市,玉林市北流市民安镇,12.0,17.1,0.0,2.0,31.1,34.071999999999996,32.06272727272727,38.14581005586592
广西壮族自治区,玉林市,北流市,山围镇,110.423118,22.822334,0.0,3.0,4.0,9.0,11.0,0.0,0.0,0.0,0.0,0.0,0.0,0.0,0.0,0.0,0.0,0.0,0.0,0.0,0.0,0.0,5.0,0.0,1.0,0.0,0.0,4.0,0.0,0.0,0.0,0.0,0.0,0.0,0.0,5.0,8.0,4.0,0.0,0.0,2.0,4.0,9.0,0.0,0.0,0.0,0.0,0.0,0.0,0.0,0.0,0.0,0.0,0.0,0.0,0.0,0.0,0.0,4.0,0.0,0.0,0.0,0.0,1.0,0.0,0.0,0.0,0.0,0.0,0.0,0.0,2.0,3.0,3.0,4560473551.0,-1.0,玉林市北流市,玉林市北流市山围镇,11.0,18.9,0.0,2.0,31.9,34.071999999999996,32.06272727272727,38.14581005586592
广西壮族自治区,玉林市,北流市,民乐镇,110.3546295,22.788486,0.0,0.0,12.0,11.0,13.0,0.0,0.0,0.0,0.0,0.0,0.0,0.0,0.0,0.0,0.0,0.0,0.0,0.0,0.0,0.0,3.0,0.0,2.0,0.0,0.0,10.0,0.0,0.0,0.0,0.0,0.0,0.0,0.0,4.0,9.0,5.0,0.0,0.0,8.0,2.0,9.0,0.0,0.0,0.0,0.0,0.0,0.0,0.0,0.0,0.0,0.0,0.0,0.0,0.0,0.0,0.0,2.0,0.0,1.0,0.0,0.0,1.0,0.0,0.0,0.0,0.0,0.0,0.0,0.0,2.0,5.0,3.0,4560473549.0,-1.0,玉林市北流市,玉林市北流市民乐镇,12.0,19.3,0.0,2.5,33.8,34.071999999999996,32.06272727272727,38.14581005586592
广西壮族自治区,玉林市,北流市,西埌镇,110.279747,22.7561841,0.0,0.0,3.0,16.0,34.0,0.0,0.0,0.0,0.0,0.0,0.0,0.0,0.0,0.0,0.0,0.0,0.0,0.0,0.0,0.0,3.0,0.0,1.0,0.0,0.0,10.0,0.0,0.0,0.0,0.0,0.0,0.0,0.0,2.0,7.0,3.0,0.0,0.0,3.0,7.0,2.0,0.0,0.0,0.0,0.0,0.0,0.0,0.0,0.0,0.0,0.0,0.0,0.0,0.0,0.0,0.0,1.0,0.0,0.0,0.0,0.0,1.0,0.0,0.0,0.0,0.0,0.0,0.0,0.0,1.0,4.0,2.0,3145134890.0,-1.0,玉林市北流市,玉林市北流市西埌镇,12.0,20.9,0.0,1.5,34.4,34.071999999999996,32.06272727272727,38.14581005586592
广西壮族自治区,玉林市,北流市,新圩镇,110.2330571,22.741132,0.0,24.0,11.0,8.0,59.0,5.0,0.0,0.0,2.0,0.0,0.0,0.0,0.0,0.0,0.0,0.0,0.0,0.0,0.0,0.0,2.0,0.0,3.0,0.0,0.0,11.0,5.0,0.0,0.0,1.0,0.0,1.0,0.0,6.0,6.0,5.0,0.0,4.0,5.0,7.0,32.0,0.0,0.0,0.0,0.0,0.0,0.0,0.0,0.0,0.0,0.0,0.0,0.0,0.0,0.0,0.0,1.0,0.0,1.0,0.0,0.0,1.0,4.0,0.0,0.0,0.0,0.0,1.0,0.0,1.0,5.0,4.0,3145123854.0,-1.0,玉林市北流市,玉林市北流市新圩镇,12.0,25.0,0.0,3.5,40.5,34.071999999999996,32.06272727272727,38.14581005586592
广西壮族自治区,玉林市,北流市,大里镇,110.1506317,22.7336064,0.0,1.0,7.0,9.0,35.0,0.0,0.0,0.0,0.0,0.0,0.0,0.0,0.0,0.0,0.0,0.0,0.0,0.0,0.0,0.0,12.0,0.0,0.0,0.0,0.0,2.0,0.0,0.0,0.0,0.0,0.0,0.0,0.0,8.0,8.0,3.0,0.0,0.0,3.0,2.0,17.0,0.0,0.0,0.0,0.0,0.0,0.0,0.0,0.0,0.0,0.0,0.0,0.0,0.0,0.0,0.0,2.0,0.0,0.0,0.0,0.0,1.0,0.0,0.0,0.0,0.0,0.0,0.0,0.0,5.0,4.0,2.0,4560473544.0,-1.0,玉林市北流市,玉林市北流市大里镇,9.0,24.0,0.0,1.5,34.5,34.071999999999996,32.06272727272727,38.14581005586592
广西壮族自治区,玉林市,北流市,塘岸镇,110.2648,22.597071,8.0,2.0,2.0,13.0,30.0,0.0,1.0,0.0,0.0,0.0,0.0,0.0,0.0,0.0,0.0,0.0,0.0,0.0,0.0,0.0,1.0,0.0,0.0,0.0,0.0,1.0,7.0,0.0,0.0,0.0,0.0,0.0,0.0,6.0,12.0,2.0,3.0,0.0,1.0,2.0,3.0,0.0,0.0,0.0,0.0,0.0,0.0,0.0,0.0,0.0,0.0,0.0,0.0,0.0,0.0,0.0,1.0,0.0,0.0,0.0,0.0,1.0,0.0,0.0,0.0,0.0,0.0,0.0,0.0,1.0,5.0,1.0,4561172584.0,-1.0,玉林市北流市,玉林市北流市塘岸镇,8.0,20.9,0.0,1.7000000000000002,30.599999999999998,34.071999999999996,32.06272727272727,38.14581005586592
广西壮族自治区,玉林市,北流市,清水口镇,110.384957,22.595283,0.0,1.0,5.0,5.0,12.0,0.0,0.0,0.0,0.0,0.0,0.0,0.0,0.0,0.0,0.0,0.0,0.0,0.0,0.0,0.0,10.0,0.0,1.0,0.0,0.0,4.0,0.0,0.0,0.0,3.0,0.0,0.0,0.0,3.0,5.0,7.0,0.0,0.0,3.0,4.0,4.0,0.0,0.0,0.0,0.0,0.0,0.0,0.0,0.0,0.0,0.0,0.0,0.0,0.0,0.0,0.0,7.0,0.0,0.0,0.0,0.0,1.0,0.0,0.0,0.0,2.0,0.0,0.0,0.0,3.0,3.0,5.0,4561172579.0,-1.0,玉林市北流市,玉林市北流市清水口镇,11.0,16.1,0.0,4.0,31.1,34.071999999999996,32.06272727272727,38.14581005586592
广西壮族自治区,玉林市,北流市,隆盛镇,110.453006,22.532144,0.0,12.0,3.0,6.0,23.0,0.0,0.0,0.0,0.0,0.0,0.0,0.0,0.0,0.0,0.0,0.0,0.0,0.0,0.0,0.0,4.0,0.0,0.0,0.0,0.0,2.0,0.0,0.0,0.0,0.0,0.0,0.0,0.0,3.0,6.0,2.0,0.0,1.0,0.0,4.0,17.0,0.0,0.0,0.0,0.0,0.0,0.0,0.0,0.0,0.0,0.0,0.0,0.0,0.0,0.0,0.0,3.0,0.0,0.0,0.0,0.0,1.0,0.0,0.0,0.0,0.0,0.0,0.0,0.0,3.0,4.0,2.0,4561172575.0,-1.0,玉林市北流市,玉林市北流市隆盛镇,9.0,22.7,0.0,1.0,32.7,34.071999999999996,32.06272727272727,38.14581005586592
广西壮族自治区,玉林市,北流市,大坡外镇,110.4779339,22.5771187,0.0,5.0,3.0,10.0,8.0,0.0,0.0,0.0,0.0,0.0,0.0,0.0,0.0,0.0,0.0,0.0,0.0,0.0,0.0,0.0,0.0,0.0,0.0,0.0,0.0,7.0,0.0,0.0,0.0,0.0,0.0,0.0,0.0,2.0,5.0,1.0,0.0,1.0,1.0,4.0,5.0,0.0,0.0,0.0,0.0,0.0,0.0,0.0,0.0,0.0,0.0,0.0,0.0,0.0,0.0,0.0,0.0,0.0,0.0,0.0,0.0,2.0,0.0,0.0,0.0,0.0,0.0,0.0,0.0,1.0,5.0,1.0,4561172568.0,-1.0,玉林市北流市,玉林市北流市大坡外镇,12.0,15.6,0.0,0.5,28.1,34.071999999999996,32.06272727272727,38.14581005586592
广西壮族自治区,玉林市,北流市,六麻镇,110.427254,22.446696,0.0,5.0,0.0,12.0,13.0,0.0,0.0,0.0,0.0,0.0,0.0,0.0,0.0,0.0,0.0,0.0,0.0,0.0,0.0,0.0,3.0,0.0,0.0,0.0,0.0,1.0,0.0,0.0,0.0,0.0,0.0,0.0,0.0,2.0,4.0,2.0,0.0,3.0,0.0,6.0,9.0,0.0,0.0,0.0,0.0,0.0,0.0,0.0,0.0,0.0,0.0,0.0,0.0,0.0,0.0,0.0,3.0,0.0,0.0,0.0,0.0,1.0,0.0,0.0,0.0,0.0,0.0,0.0,0.0,2.0,4.0,2.0,4561172574.0,-1.0,玉林市北流市,玉林市北流市六麻镇,8.0,17.3,0.0,1.0,26.3,34.071999999999996,32.06272727272727,38.14581005586592
广西壮族自治区,玉林市,北流市,新丰镇,110.521583,22.472106,0.0,1.0,3.0,3.0,2.0,0.0,0.0,0.0,0.0,0.0,0.0,0.0,0.0,0.0,0.0,0.0,0.0,0.0,0.0,0.0,0.0,0.0,0.0,0.0,0.0,1.0,0.0,0.0,0.0,0.0,0.0,0.0,0.0,3.0,4.0,1.0,0.0,0.0,2.0,2.0,2.0,0.0,0.0,0.0,0.0,0.0,0.0,0.0,0.0,0.0,0.0,0.0,0.0,0.0,0.0,0.0,0.0,0.0,0.0,0.0,0.0,1.0,0.0,0.0,0.0,0.0,0.0,0.0,0.0,2.0,3.0,1.0,4561172586.0,-1.0,玉林市北流市,玉林市北流市新丰镇,8.0,11.0,0.0,0.5,19.5,34.071999999999996,32.06272727272727,38.14581005586592
广西壮族自治区,玉林市,北流市,沙垌镇,110.591442,22.415263,0.0,0.0,4.0,6.0,1.0,0.0,0.0,0.0,0.0,0.0,0.0,0.0,0.0,0.0,0.0,0.0,0.0,0.0,0.0,0.0,0.0,0.0,0.0,0.0,0.0,3.0,0.0,0.0,0.0,0.0,0.0,0.0,0.0,2.0,3.0,1.0,0.0,0.0,1.0,5.0,1.0,0.0,0.0,0.0,0.0,0.0,0.0,0.0,0.0,0.0,0.0,0.0,0.0,0.0,0.0,0.0,0.0,0.0,0.0,0.0,0.0,1.0,0.0,0.0,0.0,0.0,0.0,0.0,0.0,2.0,3.0,1.0,4561172581.0,-1.0,玉林市北流市,玉林市北流市沙垌镇,10.0,12.0,0.0,0.5,22.5,34.071999999999996,32.06272727272727,38.14581005586592
广西壮族自治区,玉林市,北流市,平政镇,110.527749,22.38184,0.0,3.0,11.0,14.0,23.0,0.0,0.0,0.0,0.0,0.0,0.0,0.0,0.0,0.0,0.0,0.0,0.0,0.0,0.0,0.0,2.0,0.0,0.0,0.0,0.0,5.0,0.0,0.0,0.0,0.0,0.0,0.0,0.0,3.0,5.0,2.0,0.0,1.0,7.0,4.0,22.0,0.0,0.0,0.0,0.0,0.0,0.0,0.0,0.0,0.0,0.0,0.0,0.0,0.0,0.0,0.0,2.0,0.0,0.0,0.0,0.0,2.0,0.0,0.0,0.0,0.0,0.0,0.0,0.0,2.0,5.0,2.0,4561172578.0,-1.0,玉林市北流市,玉林市北流市平政镇,12.0,22.5,0.0,1.0,35.5,34.071999999999996,32.06272727272727,38.14581005586592
广西壮族自治区,玉林市,北流市,白马镇,110.676578,22.335319,0.0,0.0,5.0,14.0,24.0,0.0,0.0,0.0,0.0,0.0,0.0,0.0,0.0,0.0,0.0,0.0,0.0,0.0,0.0,0.0,0.0,0.0,1.0,0.0,0.0,7.0,0.0,0.0,0.0,0.0,0.0,0.0,0.0,2.0,3.0,2.0,0.0,0.0,4.0,11.0,24.0,0.0,0.0,0.0,0.0,0.0,0.0,0.0,0.0,0.0,0.0,0.0,0.0,0.0,0.0,0.0,0.0,0.0,1.0,0.0,0.0,4.0,0.0,0.0,0.0,0.0,0.0,0.0,0.0,2.0,3.0,2.0,4561172565.0,-1.0,玉林市北流市,玉林市北流市白马镇,12.0,21.5,0.0,1.0,34.5,34.071999999999996,32.06272727272727,38.14581005586592
广西壮族自治区,玉林市,北流市,大伦镇,110.7088433,22.3008969,1.0,0.0,8.0,6.0,10.0,3.0,0.0,0.0,0.0,0.0,0.0,0.0,0.0,0.0,0.0,0.0,0.0,0.0,0.0,0.0,1.0,0.0,0.0,0.0,0.0,6.0,0.0,0.0,0.0,0.0,0.0,0.0,0.0,10.0,5.0,2.0,0.0,0.0,8.0,3.0,10.0,3.0,0.0,0.0,0.0,0.0,0.0,0.0,0.0,0.0,0.0,0.0,0.0,0.0,0.0,0.0,1.0,0.0,0.0,0.0,0.0,1.0,0.0,0.0,0.0,0.0,0.0,0.0,0.0,9.0,4.0,2.0,4561172567.0,-1.0,玉林市北流市,玉林市北流市大伦镇,12.0,17.5,0.0,1.0,30.5,34.071999999999996,32.06272727272727,38.14581005586592
广西壮族自治区,玉林市,北流市,扶新镇,110.669971,22.399,0.0,0.0,8.0,6.0,4.0,0.0,0.0,0.0,0.0,0.0,0.0,0.0,0.0,0.0,0.0,0.0,0.0,0.0,0.0,0.0,2.0,0.0,0.0,0.0,0.0,3.0,0.0,0.0,0.0,0.0,0.0,0.0,0.0,2.0,3.0,2.0,0.0,0.0,6.0,5.0,4.0,0.0,0.0,0.0,0.0,0.0,0.0,0.0,0.0,0.0,0.0,0.0,0.0,0.0,0.0,0.0,2.0,0.0,0.0,0.0,0.0,1.0,0.0,0.0,0.0,0.0,0.0,0.0,0.0,2.0,3.0,2.0,4561172570.0,-1.0,玉林市北流市,玉林市北流市扶新镇,10.0,13.5,0.0,1.0,24.5,34.071999999999996,32.06272727272727,38.14581005586592
广西壮族自治区,玉林市,北流市,六靖镇,110.530704,22.257934,7.0,2.0,22.0,17.0,34.0,0.0,0.0,0.0,0.0,0.0,0.0,0.0,0.0,0.0,0.0,0.0,0.0,0.0,0.0,0.0,2.0,0.0,0.0,0.0,0.0,6.0,1.0,0.0,0.0,0.0,0.0,0.0,0.0,3.0,7.0,2.0,0.0,0.0,18.0,8.0,33.0,0.0,0.0,0.0,0.0,0.0,0.0,0.0,0.0,0.0,0.0,0.0,0.0,0.0,0.0,0.0,2.0,0.0,0.0,0.0,0.0,1.0,0.0,0.0,0.0,0.0,0.0,0.0,0.0,2.0,4.0,2.0,4561172573.0,-1.0,玉林市北流市,玉林市北流市六靖镇,12.0,23.5,0.0,1.1,36.6,34.071999999999996,32.06272727272727,38.14581005586592
广西壮族自治区,玉林市,北流市,石窝镇,110.452397,22.254169,4.0,0.0,0.0,6.0,4.0,0.0,0.0,0.0,0.0,0.0,0.0,0.0,0.0,0.0,0.0,0.0,0.0,0.0,0.0,0.0,2.0,0.0,0.0,0.0,0.0,1.0,0.0,0.0,0.0,0.0,0.0,0.0,0.0,3.0,4.0,2.0,2.0,0.0,0.0,4.0,3.0,0.0,0.0,0.0,0.0,0.0,0.0,0.0,0.0,0.0,0.0,0.0,0.0,0.0,0.0,0.0,1.0,0.0,0.0,0.0,0.0,1.0,0.0,0.0,0.0,0.0,0.0,0.0,0.0,3.0,3.0,2.0,4561172583.0,-1.0,玉林市北流市,玉林市北流市石窝镇,8.0,13.7,0.0,1.0,22.7,34.071999999999996,32.06272727272727,38.14581005586592
广西壮族自治区,玉林市,北流市,清湾镇,110.604902,22.228005,1.0,4.0,8.0,8.0,10.0,0.0,0.0,0.0,0.0,0.0,0.0,0.0,0.0,0.0,0.0,0.0,0.0,0.0,0.0,0.0,1.0,0.0,0.0,0.0,0.0,6.0,6.0,0.0,0.0,0.0,0.0,0.0,1.0,3.0,10.0,3.0,0.0,4.0,3.0,3.0,9.0,0.0,0.0,0.0,0.0,0.0,0.0,0.0,0.0,0.0,0.0,0.0,0.0,0.0,0.0,0.0,1.0,0.0,0.0,0.0,0.0,1.0,6.0,0.0,0.0,0.0,0.0,0.0,0.0,2.0,5.0,2.0,4561172580.0,-1.0,玉林市北流市,玉林市北流市清湾镇,12.0,18.7,0.0,2.7,33.4,34.071999999999996,32.06272727272727,38.14581005586592
广西壮族自治区,百色市,右江区,百城街道,106.621971,23.9048285,12.0,37.0,55.0,55.0,191.0,305.0,0.0,188.0,20.0,11.0,5.0,13.0,7.0,7.0,20.0,28.0,3.0,1.0,1.0,31.0,74.0,29.0,1.0,4.0,3.0,7.0,973.0,0.0,36.0,3.0,19.0,70.0,16.0,11.0,20.0,17.0,0.0,10.0,17.0,7.0,46.0,46.0,0.0,51.0,4.0,3.0,0.0,7.0,3.0,3.0,7.0,9.0,2.0,0.0,1.0,12.0,9.0,14.0,0.0,4.0,0.0,3.0,123.0,0.0,25.0,2.0,15.0,17.0,3.0,5.0,13.0,13.0,7677254932.0,-1.0,百色市右江区,百色市右江区百城街道,12.0,30.0,28.0,20.0,90.0,59.733333333333334,34.38592592592593,38.14581005586592
广西壮族自治区,百色市,右江区,龙景街道,106.6231724,23.8918416,13.0,53.0,58.0,83.0,236.0,410.0,0.0,229.0,45.0,17.0,5.0,14.0,8.0,8.0,26.0,35.0,3.0,1.0,3.0,41.0,99.0,31.0,0.0,5.0,3.0,12.0,1337.0,0.0,44.0,2.0,21.0,138.0,19.0,14.0,21.0,16.0,0.0,10.0,26.0,15.0,50.0,76.0,0.0,12.0,0.0,1.0,0.0,0.0,1.0,1.0,6.0,8.0,0.0,0.0,0.0,4.0,23.0,3.0,0.0,0.0,1.0,1.0,263.0,0.0,3.0,0.0,1.0,11.0,2.0,2.0,12.0,11.0,7677254931.0,-1.0,百色市右江区,百色市右江区龙景街道,12.0,30.0,19.0,20.0,81.0,59.733333333333334,34.38592592592593,38.14581005586592
广西壮族自治区,百色市,右江区,阳圩镇,106.4574657,23.9119147,0.0,0.0,4.0,0.0,35.0,1.0,0.0,0.0,0.0,0.0,0.0,0.0,0.0,0.0,0.0,0.0,0.0,0.0,0.0,0.0,3.0,0.0,0.0,0.0,0.0,4.0,0.0,0.0,0.0,1.0,0.0,0.0,0.0,5.0,7.0,6.0,0.0,0.0,2.0,0.0,29.0,1.0,0.0,0.0,0.0,0.0,0.0,0.0,0.0,0.0,0.0,0.0,0.0,0.0,0.0,0.0,2.0,0.0,0.0,0.0,0.0,2.0,0.0,0.0,0.0,0.0,0.0,0.0,0.0,3.0,7.0,5.0,5978205898.0,-1.0,百色市右江区,百色市右江区阳圩镇,11.0,23.5,0.0,3.1,37.6,59.733333333333334,34.38592592592593,38.14581005586592
广西壮族自治区,百色市,右江区,四塘镇,106.7250856,23.8128098,5.0,8.0,28.0,44.0,78.0,106.0,0.0,60.0,24.0,2.0,0.0,0.0,0.0,0.0,5.0,7.0,1.0,0.0,0.0,2.0,19.0,1.0,2.0,0.0,0.0,2.0,390.0,0.0,215.0,2.0,0.0,47.0,5.0,7.0,20.0,14.0,3.0,2.0,9.0,9.0,49.0,15.0,0.0,3.0,3.0,0.0,0.0,0.0,0.0,0.0,1.0,1.0,0.0,0.0,0.0,0.0,1.0,0.0,0.0,0.0,0.0,1.0,41.0,0.0,1.0,0.0,0.0,13.0,0.0,5.0,10.0,6.0,3740249523.0,-1.0,百色市右江区,百色市右江区四塘镇,9.0,28.0,5.0,20.0,62.0,59.733333333333334,34.38592592592593,38.14581005586592
广西壮族自治区,百色市,右江区,龙川镇,106.8062548,24.116974,0.0,0.0,4.0,5.0,19.0,1.0,0.0,0.0,0.0,0.0,1.0,1.0,0.0,0.0,0.0,0.0,0.0,0.0,0.0,0.0,4.0,0.0,0.0,1.0,0.0,1.0,495.0,0.0,0.0,0.0,0.0,3.0,0.0,1.0,5.0,8.0,0.0,0.0,4.0,2.0,16.0,0.0,0.0,0.0,0.0,0.0,0.0,1.0,0.0,0.0,0.0,0.0,0.0,0.0,0.0,0.0,2.0,0.0,0.0,0.0,0.0,1.0,494.0,0.0,0.0,0.0,0.0,3.0,0.0,1.0,4.0,6.0,4569870687.0,-1.0,百色市右江区,百色市右江区龙川镇,8.0,23.1,5.0,20.0,56.1,59.733333333333334,34.38592592592593,38.14581005586592
广西壮族自治区,百色市,右江区,永乐镇,106.6068143,23.982817,3.0,0.0,3.0,2.0,32.0,10.0,0.0,0.0,1.0,1.0,2.0,2.0,0.0,0.0,1.0,2.0,1.0,0.0,1.0,4.0,4.0,0.0,0.0,0.0,0.0,8.0,69.0,0.0,0.0,0.0,0.0,6.0,1.0,8.0,9.0,7.0,1.0,0.0,3.0,0.0,16.0,8.0,0.0,0.0,0.0,1.0,2.0,2.0,0.0,0.0,1.0,2.0,1.0,0.0,1.0,4.0,2.0,0.0,0.0,0.0,0.0,2.0,65.0,0.0,0.0,0.0,0.0,5.0,1.0,6.0,8.0,7.0,3808462220.0,-1.0,百色市右江区,百色市右江区永乐镇,12.0,28.2,21.0,16.9,78.1,59.733333333333334,34.38592592592593,38.14581005586592
广西壮族自治区,百色市,右江区,汪甸瑶族乡,106.342234,24.1867203,4.0,0.0,0.0,4.0,38.0,14.0,0.0,21.0,0.0,0.0,0.0,1.0,2.0,2.0,3.0,4.0,1.0,0.0,1.0,0.0,8.0,0.0,1.0,0.0,0.0,9.0,323.0,0.0,0.0,0.0,1.0,5.0,0.0,4.0,10.0,7.0,4.0,0.0,0.0,0.0,20.0,14.0,0.0,6.0,0.0,0.0,0.0,1.0,1.0,1.0,2.0,3.0,1.0,0.0,1.0,0.0,5.0,0.0,0.0,0.0,0.0,4.0,192.0,0.0,0.0,0.0,1.0,4.0,0.0,4.0,6.0,6.0,4570159618.0,-1.0,百色市右江区,百色市右江区汪甸瑶族乡,12.0,24.0,22.0,19.5,77.5,59.733333333333334,34.38592592592593,38.14581005586592
广西壮族自治区,百色市,右江区,大楞乡,106.3597444,23.7914462,0.0,0.0,8.0,10.0,16.0,0.0,0.0,0.0,0.0,0.0,0.0,0.0,0.0,0.0,0.0,0.0,0.0,0.0,0.0,0.0,10.0,0.0,0.0,0.0,0.0,1.0,0.0,0.0,0.0,0.0,0.0,0.0,0.0,1.0,5.0,5.0,0.0,0.0,5.0,4.0,16.0,0.0,0.0,0.0,0.0,0.0,0.0,0.0,0.0,0.0,0.0,0.0,0.0,0.0,0.0,0.0,5.0,0.0,0.0,0.0,0.0,1.0,0.0,0.0,0.0,0.0,0.0,0.0,0.0,1.0,5.0,5.0,5118779088.0,-1.0,百色市右江区,百色市右江区大楞乡,8.0,20.5,0.0,2.5,31.0,59.733333333333334,34.38592592592593,38.14581005586592
广西壮族自治区,百色市,右江区,泮水乡,106.1460524,23.6211348,1.0,0.0,0.0,0.0,4.0,0.0,0.0,0.0,0.0,0.0,0.0,0.0,0.0,0.0,0.0,0.0,0.0,0.0,0.0,0.0,5.0,0.0,0.0,0.0,0.0,1.0,0.0,0.0,0.0,0.0,0.0,0.0,0.0,9.0,3.0,2.0,1.0,0.0,0.0,0.0,0.0,0.0,0.0,0.0,0.0,0.0,0.0,0.0,0.0,0.0,0.0,0.0,0.0,0.0,0.0,0.0,4.0,0.0,0.0,0.0,0.0,1.0,0.0,0.0,0.0,0.0,0.0,0.0,0.0,2.0,1.0,2.0,7677244072.0,11264617.0,百色市右江区,百色市右江区泮水乡,16.0,7.3,0.0,1.0,24.3,59.733333333333334,34.38592592592593,38.14581005586592
广西壮族自治区,百色市,田阳区,田州镇,106.9129552,23.7397064,12.0,20.0,5.0,40.0,72.0,42.0,0.0,2.0,8.0,2.0,0.0,12.0,1.0,1.0,2.0,3.0,0.0,0.0,0.0,2.0,25.0,2.0,0.0,7.0,0.0,2.0,35.0,0.0,0.0,1.0,0.0,10.0,3.0,5.0,12.0,12.0,6.0,8.0,2.0,14.0,20.0,12.0,0.0,2.0,0.0,2.0,0.0,10.0,1.0,1.0,2.0,3.0,0.0,0.0,0.0,2.0,6.0,2.0,0.0,7.0,0.0,2.0,15.0,0.0,0.0,0.0,0.0,2.0,3.0,3.0,10.0,10.0,2089044194.0,-1.0,百色市田阳区,百色市田阳区田州镇,9.0,28.0,17.0,9.100000000000001,63.1,33.69,34.38592592592593,38.14581005586592
广西壮族自治区,百色市,田阳区,那坡镇,106.826987,23.7271804,2.0,0.0,9.0,8.0,43.0,12.0,0.0,0.0,0.0,0.0,0.0,0.0,0.0,0.0,0.0,0.0,0.0,0.0,0.0,0.0,9.0,0.0,6.0,0.0,0.0,1.0,4.0,0.0,0.0,1.0,0.0,0.0,0.0,5.0,10.0,9.0,0.0,0.0,7.0,2.0,10.0,1.0,0.0,0.0,0.0,0.0,0.0,0.0,0.0,0.0,0.0,0.0,0.0,0.0,0.0,0.0,4.0,0.0,3.0,0.0,0.0,1.0,0.0,0.0,0.0,1.0,0.0,0.0,0.0,4.0,6.0,7.0,2089044183.0,-1.0,百色市田阳区,百色市田阳区那坡镇,8.0,24.0,0.0,4.6,36.6,33.69,34.38592592592593,38.14581005586592
广西壮族自治区,百色市,田阳区,坡洪镇,106.700527,23.638994,0.0,3.0,5.0,2.0,11.0,0.0,0.0,0.0,0.0,0.0,0.0,0.0,0.0,0.0,0.0,0.0,0.0,0.0,0.0,0.0,9.0,0.0,0.0,0.0,0.0,4.0,0.0,0.0,0.0,0.0,0.0,0.0,0.0,1.0,5.0,4.0,0.0,1.0,4.0,1.0,3.0,0.0,0.0,0.0,0.0,0.0,0.0,0.0,0.0,0.0,0.0,0.0,0.0,0.0,0.0,0.0,1.0,0.0,0.0,0.0,0.0,1.0,0.0,0.0,0.0,0.0,0.0,0.0,0.0,1.0,5.0,3.0,5119401243.0,-1.0,百色市田阳区,百色市田阳区坡洪镇,11.0,12.6,0.0,2.0,25.6,33.69,34.38592592592593,38.14581005586592
广西壮族自治区,百色市,田阳区,那满镇,106.9466598,23.6734252,0.0,0.0,12.0,7.0,41.0,10.0,0.0,0.0,0.0,0.0,0.0,0.0,0.0,0.0,0.0,0.0,0.0,0.0,0.0,0.0,4.0,0.0,1.0,0.0,0.0,4.0,0.0,0.0,0.0,1.0,0.0,0.0,0.0,4.0,7.0,6.0,0.0,0.0,7.0,2.0,19.0,4.0,0.0,0.0,0.0,0.0,0.0,0.0,0.0,0.0,0.0,0.0,0.0,0.0,0.0,0.0,2.0,0.0,0.0,0.0,0.0,2.0,0.0,0.0,0.0,0.0,0.0,0.0,0.0,4.0,7.0,4.0,2645713625.0,-1.0,百色市田阳区,百色市田阳区那满镇,11.0,23.5,0.0,3.1,37.6,33.69,34.38592592592593,38.14581005586592
广西壮族自治区,百色市,田阳区,百育镇,106.9826911,23.6812672,4.0,0.0,3.0,17.0,31.0,2.0,0.0,0.0,0.0,0.0,0.0,0.0,0.0,0.0,0.0,0.0,0.0,0.0,0.0,0.0,14.0,0.0,2.0,0.0,0.0,4.0,4.0,0.0,0.0,0.0,0.0,0.0,0.0,6.0,10.0,7.0,2.0,0.0,2.0,9.0,7.0,0.0,0.0,0.0,0.0,0.0,0.0,0.0,0.0,0.0,0.0,0.0,0.0,0.0,0.0,0.0,6.0,0.0,0.0,0.0,0.0,1.0,0.0,0.0,0.0,0.0,0.0,0.0,0.0,2.0,5.0,2.0,2645713623.0,-1.0,百色市田阳区,百色市田阳区百育镇,11.0,22.3,0.0,3.9,37.199999999999996,33.69,34.38592592592593,38.14581005586592
广西壮族自治区,百色市,田阳区,玉凤镇,107.0925855,23.9645206,3.0,0.0,0.0,0.0,1.0,0.0,0.0,0.0,0.0,0.0,0.0,0.0,0.0,0.0,0.0,0.0,0.0,0.0,0.0,0.0,0.0,0.0,0.0,0.0,0.0,1.0,0.0,0.0,0.0,0.0,0.0,0.0,0.0,2.0,2.0,1.0,3.0,0.0,0.0,0.0,0.0,0.0,0.0,0.0,0.0,0.0,0.0,0.0,0.0,0.0,0.0,0.0,0.0,0.0,0.0,0.0,0.0,0.0,0.0,0.0,0.0,1.0,0.0,0.0,0.0,0.0,0.0,0.0,0.0,2.0,1.0,1.0,5091113106.0,-1.0,百色市田阳区,百色市田阳区玉凤镇,8.0,6.2,0.0,0.5,14.7,33.69,34.38592592592593,38.14581005586592
广西壮族自治区,百色市,田阳区,头塘镇,106.843724,23.7770861,8.0,0.0,4.0,32.0,72.0,10.0,0.0,0.0,1.0,0.0,0.0,0.0,0.0,0.0,0.0,0.0,2.0,0.0,0.0,0.0,8.0,0.0,4.0,0.0,0.0,1.0,178.0,0.0,0.0,1.0,0.0,0.0,0.0,4.0,8.0,4.0,2.0,0.0,2.0,11.0,14.0,0.0,0.0,0.0,0.0,0.0,0.0,0.0,0.0,0.0,0.0,0.0,0.0,0.0,0.0,0.0,0.0,0.0,0.0,0.0,0.0,1.0,0.0,0.0,0.0,0.0,0.0,0.0,0.0,3.0,4.0,0.0,3808369169.0,-1.0,百色市田阳区,百色市田阳区头塘镇,8.0,26.0,0.0,18.0,52.0,33.69,34.38592592592593,38.14581005586592
广西壮族自治区,百色市,田阳区,五村镇,106.8273535,23.5564128,1.0,0.0,0.0,0.0,13.0,0.0,0.0,0.0,0.0,0.0,0.0,0.0,0.0,0.0,0.0,0.0,0.0,0.0,0.0,0.0,4.0,0.0,0.0,0.0,0.0,2.0,0.0,0.0,0.0,0.0,0.0,0.0,0.0,2.0,4.0,4.0,1.0,0.0,0.0,0.0,8.0,0.0,0.0,0.0,0.0,0.0,0.0,0.0,0.0,0.0,0.0,0.0,0.0,0.0,0.0,0.0,3.0,0.0,0.0,0.0,0.0,1.0,0.0,0.0,0.0,0.0,0.0,0.0,0.0,2.0,4.0,3.0,7374814557.0,-1.0,百色市田阳区,百色市田阳区五村镇,9.0,12.0,0.0,2.0,23.0,33.69,34.38592592592593,38.14581005586592
广西壮族自治区,百色市,田阳区,洞靖镇,106.569148,23.6747465,0.0,0.0,1.0,3.0,7.0,0.0,0.0,0.0,0.0,0.0,0.0,0.0,0.0,0.0,0.0,0.0,0.0,0.0,0.0,0.0,7.0,0.0,1.0,0.0,0.0,2.0,0.0,0.0,0.0,0.0,0.0,0.0,0.0,1.0,5.0,4.0,0.0,0.0,1.0,1.0,5.0,0.0,0.0,0.0,0.0,0.0,0.0,0.0,0.0,0.0,0.0,0.0,0.0,0.0,0.0,0.0,4.0,0.0,1.0,0.0,0.0,2.0,0.0,0.0,0.0,0.0,0.0,0.0,0.0,1.0,5.0,3.0,5119357267.0,-1.0,百色市田阳区,百色市田阳区洞靖镇,9.0,13.4,0.0,2.0,24.4,33.69,34.38592592592593,38.14581005586592
广西壮族自治区,百色市,田阳区,巴别乡,106.542774,23.5365358,0.0,6.0,0.0,3.0,5.0,0.0,0.0,0.0,0.0,0.0,0.0,0.0,0.0,0.0,0.0,0.0,0.0,0.0,0.0,0.0,5.0,0.0,0.0,0.0,0.0,2.0,0.0,0.0,0.0,0.0,0.0,0.0,0.0,1.0,5.0,2.0,0.0,6.0,0.0,2.0,4.0,0.0,0.0,0.0,0.0,0.0,0.0,0.0,0.0,0.0,0.0,0.0,0.0,0.0,0.0,0.0,4.0,0.0,0.0,0.0,0.0,1.0,0.0,0.0,0.0,0.0,0.0,0.0,0.0,1.0,5.0,2.0,5119495264.0,-1.0,百色市田阳区,百色市田阳区巴别乡,9.0,12.7,0.0,1.0,22.7,33.69,34.38592592592593,38.14581005586592
广西壮族自治区,百色市,田东县,平马镇,107.1210659,23.605081,9.0,34.0,42.0,45.0,206.0,58.0,9.0,57.0,1.0,0.0,1.0,2.0,8.0,8.0,20.0,22.0,0.0,0.0,0.0,1.0,67.0,7.0,14.0,2.0,1.0,2.0,39.0,0.0,0.0,1.0,2.0,22.0,1.0,7.0,20.0,11.0,0.0,9.0,21.0,19.0,48.0,6.0,0.0,46.0,0.0,0.0,0.0,2.0,5.0,5.0,10.0,12.0,0.0,0.0,0.0,0.0,17.0,1.0,1.0,1.0,0.0,2.0,16.0,0.0,0.0,0.0,1.0,15.0,0.0,2.0,13.0,7.0,5477245057.0,-1.0,百色市田东县,百色市田东县平马镇,9.0,28.0,15.0,9.600000000000001,61.6,31.78,34.38592592592593,38.14581005586592
广西壮族自治区,百色市,田东县,祥周镇,107.0096871,23.638839,3.0,4.0,0.0,5.0,54.0,43.0,0.0,1.0,0.0,0.0,0.0,0.0,1.0,1.0,1.0,1.0,1.0,0.0,0.0,0.0,12.0,0.0,5.0,0.0,0.0,1.0,5.0,0.0,0.0,2.0,0.0,2.0,0.0,7.0,12.0,5.0,1.0,0.0,0.0,1.0,15.0,2.0,0.0,1.0,0.0,0.0,0.0,0.0,0.0,0.0,1.0,1.0,1.0,0.0,0.0,0.0,5.0,0.0,1.0,0.0,0.0,1.0,0.0,0.0,0.0,0.0,0.0,1.0,0.0,6.0,8.0,5.0,5481894881.0,-1.0,百色市田东县,百色市田东县祥周镇,8.0,24.0,10.0,3.2,45.2,31.78,34.38592592592593,38.14581005586592
广西壮族自治区,百色市,田东县,林逢镇,107.2062252,23.5921218,1.0,0.0,0.0,2.0,19.0,0.0,0.0,3.0,0.0,0.0,0.0,0.0,0.0,0.0,0.0,0.0,0.0,0.0,0.0,0.0,5.0,0.0,2.0,0.0,0.0,8.0,0.0,0.0,0.0,1.0,0.0,0.0,0.0,5.0,10.0,5.0,1.0,0.0,0.0,0.0,9.0,0.0,0.0,2.0,0.0,0.0,0.0,0.0,0.0,0.0,0.0,0.0,0.0,0.0,0.0,0.0,1.0,0.0,0.0,0.0,0.0,2.0,0.0,0.0,0.0,0.0,0.0,0.0,0.0,2.0,5.0,1.0,2645713624.0,-1.0,百色市田东县,百色市田东县林逢镇,12.0,17.5,0.0,2.6,32.1,31.78,34.38592592592593,38.14581005586592
广西壮族自治区,百色市,田东县,思林镇,107.3408302,23.5049571,6.0,0.0,4.0,8.0,8.0,1.0,0.0,0.0,0.0,0.0,0.0,0.0,0.0,0.0,0.0,0.0,0.0,0.0,0.0,0.0,28.0,0.0,5.0,0.0,0.0,1.0,0.0,0.0,0.0,0.0,0.0,2.0,5.0,7.0,10.0,8.0,4.0,0.0,2.0,1.0,2.0,1.0,0.0,0.0,0.0,0.0,0.0,0.0,0.0,0.0,0.0,0.0,0.0,0.0,0.0,0.0,7.0,0.0,3.0,0.0,0.0,1.0,0.0,0.0,0.0,0.0,0.0,2.0,0.0,6.0,5.0,5.0,3807981723.0,-1.0,百色市田东县,百色市田东县思林镇,8.0,16.2,0.0,4.0,28.2,31.78,34.38592592592593,38.14581005586592
广西壮族自治区,百色市,田东县,印茶镇,107.141938,23.4210021,1.0,0.0,0.0,0.0,18.0,0.0,0.0,0.0,0.0,0.0,0.0,0.0,0.0,0.0,0.0,0.0,0.0,0.0,0.0,0.0,5.0,0.0,0.0,0.0,0.0,4.0,0.0,0.0,0.0,0.0,0.0,0.0,0.0,1.0,6.0,2.0,1.0,0.0,0.0,0.0,12.0,0.0,0.0,0.0,0.0,0.0,0.0,0.0,0.0,0.0,0.0,0.0,0.0,0.0,0.0,0.0,2.0,0.0,0.0,0.0,0.0,1.0,0.0,0.0,0.0,0.0,0.0,0.0,0.0,1.0,3.0,1.0,4569037474.0,-1.0,百色市田东县,百色市田东县印茶镇,11.0,15.2,0.0,1.0,27.2,31.78,34.38592592592593,38.14581005586592
广西壮族自治区,百色市,田东县,江城镇,107.1294611,23.3326758,4.0,0.0,2.0,13.0,11.0,0.0,0.0,0.0,0.0,0.0,0.0,0.0,0.0,0.0,0.0,0.0,0.0,0.0,0.0,0.0,4.0,0.0,0.0,0.0,0.0,6.0,0.0,0.0,0.0,0.0,0.0,0.0,0.0,5.0,7.0,2.0,4.0,0.0,1.0,13.0,8.0,0.0,0.0,0.0,0.0,0.0,0.0,0.0,0.0,0.0,0.0,0.0,0.0,0.0,0.0,0.0,2.0,0.0,0.0,0.0,0.0,3.0,0.0,0.0,0.0,0.0,0.0,0.0,0.0,1.0,6.0,2.0,4568888203.0,-1.0,百色市田东县,百色市田东县江城镇,12.0,18.1,0.0,1.0,31.1,31.78,34.38592592592593,38.14581005586592
广西壮族自治区,百色市,田东县,朔良镇,107.3001675,23.7916501,0.0,0.0,9.0,11.0,5.0,0.0,0.0,0.0,0.0,0.0,0.0,0.0,0.0,0.0,0.0,0.0,0.0,0.0,0.0,0.0,6.0,0.0,4.0,0.0,0.0,2.0,0.0,0.0,0.0,0.0,0.0,1.0,0.0,1.0,7.0,6.0,0.0,0.0,7.0,2.0,5.0,0.0,0.0,0.0,0.0,0.0,0.0,0.0,0.0,0.0,0.0,0.0,0.0,0.0,0.0,0.0,3.0,0.0,0.0,0.0,0.0,1.0,0.0,0.0,0.0,0.0,0.0,1.0,0.0,1.0,5.0,4.0,2324287067.0,-1.0,百色市田东县,百色市田东县朔良镇,9.0,16.0,0.0,3.0,28.0,31.78,34.38592592592593,38.14581005586592
广西壮族自治区,百色市,田东县,义圩镇,107.2102724,23.9198893,2.0,0.0,0.0,4.0,0.0,0.0,0.0,0.0,0.0,0.0,0.0,0.0,0.0,0.0,0.0,0.0,0.0,0.0,0.0,0.0,1.0,0.0,0.0,0.0,0.0,1.0,0.0,0.0,0.0,0.0,0.0,0.0,0.0,1.0,2.0,2.0,1.0,0.0,0.0,1.0,0.0,0.0,0.0,0.0,0.0,0.0,0.0,0.0,0.0,0.0,0.0,0.0,0.0,0.0,0.0,0.0,0.0,0.0,0.0,0.0,0.0,1.0,0.0,0.0,0.0,0.0,0.0,0.0,0.0,1.0,2.0,1.0,2324287068.0,-1.0,百色市田东县,百色市田东县义圩镇,8.0,10.0,0.0,1.0,19.0,31.78,34.38592592592593,38.14581005586592
广西壮族自治区,百色市,田东县,那拔镇,107.1464731,23.8532834,1.0,0.0,3.0,1.0,9.0,0.0,0.0,0.0,0.0,0.0,0.0,0.0,0.0,0.0,0.0,0.0,0.0,0.0,0.0,0.0,1.0,0.0,0.0,0.0,0.0,4.0,0.0,0.0,0.0,0.0,0.0,0.0,0.0,1.0,7.0,2.0,0.0,0.0,3.0,1.0,3.0,0.0,0.0,0.0,0.0,0.0,0.0,0.0,0.0,0.0,0.0,0.0,0.0,0.0,0.0,0.0,0.0,0.0,0.0,0.0,0.0,2.0,0.0,0.0,0.0,0.0,0.0,0.0,0.0,1.0,4.0,1.0,2324287066.0,-1.0,百色市田东县,百色市田东县那拔镇,11.0,12.2,0.0,1.0,24.2,31.78,34.38592592592593,38.14581005586592
广西壮族自治区,百色市,田东县,作登瑶族乡,107.0159838,23.4714582,0.0,0.0,2.0,6.0,1.0,0.0,0.0,0.0,0.0,0.0,0.0,0.0,0.0,0.0,0.0,0.0,0.0,0.0,0.0,0.0,1.0,0.0,0.0,0.0,0.0,1.0,0.0,0.0,0.0,0.0,0.0,0.0,0.0,1.0,4.0,2.0,0.0,0.0,2.0,4.0,0.0,0.0,0.0,0.0,0.0,0.0,0.0,0.0,0.0,0.0,0.0,0.0,0.0,0.0,0.0,0.0,1.0,0.0,0.0,0.0,0.0,1.0,0.0,0.0,0.0,0.0,0.0,0.0,0.0,1.0,3.0,2.0,2645865098.0,-1.0,百色市田东县,百色市田东县作登瑶族乡,8.0,12.2,0.0,1.0,21.2,31.78,34.38592592592593,38.14581005586592
广西壮族自治区,百色市,德保县,城关镇,106.6316037,23.3322781,13.0,18.0,18.0,18.0,127.0,41.0,0.0,71.0,3.0,15.0,2.0,13.0,1.0,5.0,5.0,8.0,2.0,0.0,1.0,49.0,42.0,16.0,6.0,6.0,0.0,11.0,4301.0,0.0,828.0,1.0,0.0,23.0,3.0,5.0,13.0,14.0,5.0,0.0,1.0,1.0,3.0,0.0,0.0,0.0,0.0,0.0,0.0,0.0,0.0,0.0,0.0,0.0,0.0,0.0,0.0,1.0,3.0,1.0,0.0,0.0,0.0,2.0,51.0,0.0,0.0,1.0,0.0,5.0,0.0,2.0,5.0,7.0,7687929420.0,-1.0,百色市德保县,百色市德保县城关镇,12.0,30.0,6.0,20.0,68.0,28.25,34.38592592592593,38.14581005586592
广西壮族自治区,百色市,德保县,足荣镇,106.7516729,23.4092892,3.0,0.0,1.0,0.0,14.0,2.0,0.0,0.0,0.0,0.0,0.0,0.0,0.0,0.0,0.0,0.0,0.0,0.0,0.0,0.0,3.0,0.0,0.0,0.0,0.0,4.0,0.0,0.0,0.0,0.0,0.0,0.0,0.0,3.0,5.0,3.0,3.0,0.0,1.0,0.0,4.0,1.0,0.0,0.0,0.0,0.0,0.0,0.0,0.0,0.0,0.0,0.0,0.0,0.0,0.0,0.0,1.0,0.0,0.0,0.0,0.0,1.0,0.0,0.0,0.0,0.0,0.0,0.0,0.0,3.0,4.0,2.0,2324530491.0,-1.0,百色市德保县,百色市德保县足荣镇,11.0,11.5,0.0,1.5,24.0,28.25,34.38592592592593,38.14581005586592
广西壮族自治区,百色市,德保县,隆桑镇,106.8496322,23.4594862,1.0,0.0,3.0,3.0,17.0,0.0,0.0,0.0,0.0,0.0,0.0,0.0,0.0,0.0,0.0,0.0,0.0,0.0,0.0,0.0,1.0,0.0,0.0,0.0,0.0,1.0,0.0,0.0,0.0,0.0,0.0,0.0,0.0,2.0,5.0,3.0,1.0,0.0,0.0,2.0,15.0,0.0,0.0,0.0,0.0,0.0,0.0,0.0,0.0,0.0,0.0,0.0,0.0,0.0,0.0,0.0,1.0,0.0,0.0,0.0,0.0,1.0,0.0,0.0,0.0,0.0,0.0,0.0,0.0,2.0,3.0,3.0,2324530488.0,-1.0,百色市德保县,百色市德保县隆桑镇,8.0,18.4,0.0,1.5,27.9,28.25,34.38592592592593,38.14581005586592
广西壮族自治区,百色市,德保县,敬德镇,106.3100682,23.420296,0.0,1.0,1.0,0.0,0.0,0.0,0.0,0.0,0.0,0.0,0.0,0.0,0.0,0.0,0.0,0.0,0.0,0.0,0.0,0.0,1.0,0.0,0.0,0.0,0.0,3.0,0.0,0.0,0.0,0.0,0.0,0.0,0.0,3.0,2.0,1.0,0.0,1.0,1.0,0.0,0.0,0.0,0.0,0.0,0.0,0.0,0.0,0.0,0.0,0.0,0.0,0.0,0.0,0.0,0.0,0.0,1.0,0.0,0.0,0.0,0.0,1.0,0.0,0.0,0.0,0.0,0.0,0.0,0.0,1.0,2.0,1.0,2324530486.0,-1.0,百色市德保县,百色市德保县敬德镇,10.0,6.0,0.0,0.5,16.5,28.25,34.38592592592593,38.14581005586592
广西壮族自治区,百色市,德保县,马隘镇,106.5600946,23.3746954,0.0,4.0,1.0,1.0,31.0,0.0,0.0,0.0,0.0,0.0,0.0,0.0,0.0,0.0,0.0,0.0,0.0,0.0,0.0,0.0,21.0,0.0,4.0,0.0,0.0,5.0,1.0,0.0,0.0,1.0,0.0,0.0,0.0,1.0,6.0,8.0,0.0,3.0,1.0,0.0,20.0,0.0,0.0,0.0,0.0,0.0,0.0,0.0,0.0,0.0,0.0,0.0,0.0,0.0,0.0,0.0,5.0,0.0,0.0,0.0,0.0,1.0,0.0,0.0,0.0,0.0,0.0,0.0,0.0,1.0,5.0,4.0,2324530484.0,-1.0,百色市德保县,百色市德保县马隘镇,12.0,21.2,0.0,4.2,37.400000000000006,28.25,34.38592592592593,38.14581005586592
广西壮族自治区,百色市,德保县,东凌镇,106.3464761,23.6297025,0.0,2.0,0.0,0.0,0.0,0.0,0.0,0.0,0.0,0.0,0.0,0.0,0.0,0.0,0.0,0.0,0.0,0.0,0.0,0.0,3.0,0.0,0.0,0.0,0.0,1.0,0.0,0.0,0.0,0.0,0.0,0.0,0.0,1.0,1.0,2.0,0.0,2.0,0.0,0.0,0.0,0.0,0.0,0.0,0.0,0.0,0.0,0.0,0.0,0.0,0.0,0.0,0.0,0.0,0.0,0.0,3.0,0.0,0.0,0.0,0.0,1.0,0.0,0.0,0.0,0.0,0.0,0.0,0.0,1.0,1.0,1.0,2324530485.0,-1.0,百色市德保县,百色市德保县东凌镇,8.0,5.5,0.0,1.0,14.5,28.25,34.38592592592593,38.14581005586592
广西壮族自治区,百色市,德保县,那甲镇,106.7119194,23.4266796,0.0,0.0,4.0,3.0,14.0,0.0,0.0,0.0,0.0,0.0,0.0,0.0,0.0,0.0,0.0,0.0,0.0,0.0,0.0,0.0,5.0,0.0,0.0,0.0,0.0,7.0,0.0,0.0,0.0,0.0,0.0,0.0,0.0,1.0,4.0,3.0,0.0,0.0,2.0,3.0,4.0,0.0,0.0,0.0,0.0,0.0,0.0,0.0,0.0,0.0,0.0,0.0,0.0,0.0,0.0,0.0,2.0,0.0,0.0,0.0,0.0,1.0,0.0,0.0,0.0,0.0,0.0,0.0,0.0,1.0,4.0,3.0,2324530489.0,-1.0,百色市德保县,百色市德保县那甲镇,12.0,14.0,0.0,1.5,27.5,28.25,34.38592592592593,38.14581005586592
广西壮族自治区,百色市,德保县,都安乡,106.4867257,23.2950084,0.0,1.0,0.0,6.0,1.0,0.0,0.0,0.0,0.0,0.0,0.0,0.0,0.0,0.0,0.0,0.0,0.0,0.0,0.0,0.0,7.0,0.0,0.0,0.0,0.0,2.0,0.0,0.0,0.0,0.0,0.0,0.0,0.0,4.0,3.0,3.0,0.0,1.0,0.0,5.0,1.0,0.0,0.0,0.0,0.0,0.0,0.0,0.0,0.0,0.0,0.0,0.0,0.0,0.0,0.0,0.0,5.0,0.0,0.0,0.0,0.0,1.0,0.0,0.0,0.0,0.0,0.0,0.0,0.0,2.0,3.0,2.0,5120027822.0,-1.0,百色市德保县,百色市德保县都安乡,9.0,12.0,0.0,1.5,22.5,28.25,34.38592592592593,38.14581005586592
广西壮族自治区,百色市,德保县,荣华乡,106.8867075,23.3258708,0.0,0.0,5.0,3.0,13.0,4.0,0.0,0.0,0.0,0.0,0.0,0.0,0.0,0.0,0.0,0.0,0.0,0.0,0.0,0.0,7.0,0.0,0.0,0.0,0.0,4.0,1.0,0.0,0.0,0.0,0.0,0.0,0.0,1.0,6.0,3.0,0.0,0.0,4.0,3.0,6.0,1.0,0.0,0.0,0.0,0.0,0.0,0.0,0.0,0.0,0.0,0.0,0.0,0.0,0.0,0.0,2.0,0.0,0.0,0.0,0.0,2.0,0.0,0.0,0.0,0.0,0.0,0.0,0.0,1.0,6.0,2.0,2324530490.0,-1.0,百色市德保县,百色市德保县荣华乡,11.0,15.4,0.0,1.6,28.0,28.25,34.38592592592593,38.14581005586592
广西壮族自治区,百色市,德保县,燕峒乡,106.6657658,23.1779901,0.0,3.0,1.0,0.0,24.0,1.0,0.0,0.0,0.0,0.0,0.0,0.0,0.0,0.0,0.0,0.0,0.0,0.0,0.0,0.0,9.0,0.0,0.0,0.0,0.0,3.0,0.0,0.0,0.0,0.0,0.0,0.0,0.0,3.0,6.0,8.0,0.0,3.0,1.0,0.0,18.0,1.0,0.0,0.0,0.0,0.0,0.0,0.0,0.0,0.0,0.0,0.0,0.0,0.0,0.0,0.0,4.0,0.0,0.0,0.0,0.0,2.0,0.0,0.0,0.0,0.0,0.0,0.0,0.0,1.0,5.0,6.0,7687929422.0,-1.0,百色市德保县,百色市德保县燕峒乡,10.0,18.2,0.0,4.0,32.2,28.25,34.38592592592593,38.14581005586592
广西壮族自治区,百色市,德保县,龙光乡,106.7542618,23.1800746,0.0,2.0,0.0,1.0,11.0,0.0,0.0,0.0,0.0,0.0,0.0,0.0,0.0,0.0,0.0,0.0,0.0,0.0,0.0,0.0,2.0,0.0,0.0,0.0,0.0,8.0,0.0,0.0,0.0,0.0,0.0,0.0,0.0,5.0,4.0,2.0,0.0,1.0,0.0,0.0,6.0,0.0,0.0,0.0,0.0,0.0,0.0,0.0,0.0,0.0,0.0,0.0,0.0,0.0,0.0,0.0,1.0,0.0,0.0,0.0,0.0,1.0,0.0,0.0,0.0,0.0,0.0,0.0,0.0,1.0,3.0,1.0,2324530487.0,-1.0,百色市德保县,百色市德保县龙光乡,12.0,12.0,0.0,1.0,25.0,28.25,34.38592592592593,38.14581005586592
广西壮族自治区,百色市,德保县,巴头乡,106.4603409,23.4751044,0.0,5.0,0.0,1.0,0.0,0.0,0.0,0.0,0.0,0.0,0.0,0.0,0.0,0.0,0.0,0.0,0.0,0.0,0.0,0.0,1.0,0.0,0.0,0.0,0.0,1.0,0.0,0.0,0.0,0.0,0.0,0.0,0.0,3.0,2.0,1.0,0.0,3.0,0.0,1.0,0.0,0.0,0.0,0.0,0.0,0.0,0.0,0.0,0.0,0.0,0.0,0.0,0.0,0.0,0.0,0.0,1.0,0.0,0.0,0.0,0.0,1.0,0.0,0.0,0.0,0.0,0.0,0.0,0.0,1.0,2.0,1.0,2324530483.0,-1.0,百色市德保县,百色市德保县巴头乡,8.0,7.0,0.0,0.5,15.5,28.25,34.38592592592593,38.14581005586592
广西壮族自治区,百色市,那坡县,城厢镇,105.8372648,23.4081101,5.0,17.0,13.0,38.0,63.0,18.0,0.0,130.0,0.0,5.0,1.0,7.0,2.0,7.0,4.0,6.0,1.0,1.0,1.0,97.0,64.0,5.0,0.0,4.0,1.0,5.0,468.0,0.0,393.0,0.0,0.0,6.0,3.0,3.0,13.0,14.0,0.0,10.0,8.0,21.0,28.0,9.0,0.0,41.0,0.0,3.0,0.0,2.0,2.0,6.0,3.0,4.0,0.0,1.0,0.0,70.0,40.0,2.0,0.0,3.0,1.0,1.0,402.0,0.0,364.0,0.0,0.0,5.0,2.0,1.0,11.0,13.0,4565364978.0,-1.0,百色市那坡县,百色市那坡县城厢镇,12.0,28.0,23.0,20.0,83.0,36.611111111111114,34.38592592592593,38.14581005586592
广西壮族自治区,百色市,那坡县,平孟镇,105.9927854,22.9468969,6.0,13.0,4.0,10.0,67.0,34.0,0.0,20.0,0.0,0.0,0.0,0.0,0.0,0.0,0.0,0.0,0.0,0.0,0.0,0.0,9.0,0.0,0.0,0.0,0.0,3.0,48.0,0.0,0.0,0.0,0.0,1.0,0.0,13.0,10.0,5.0,4.0,10.0,0.0,5.0,22.0,3.0,0.0,0.0,0.0,0.0,0.0,0.0,0.0,0.0,0.0,0.0,0.0,0.0,0.0,0.0,3.0,0.0,0.0,0.0,0.0,3.0,2.0,0.0,0.0,0.0,0.0,0.0,0.0,13.0,7.0,2.0,4751314983.0,-1.0,百色市那坡县,百色市那坡县平孟镇,10.0,24.0,0.0,7.5,41.5,36.611111111111114,34.38592592592593,38.14581005586592
广西壮族自治区,百色市,那坡县,龙合镇,105.9999375,23.3770204,0.0,5.0,3.0,3.0,21.0,0.0,0.0,0.0,0.0,0.0,0.0,0.0,0.0,0.0,0.0,0.0,0.0,0.0,0.0,0.0,1.0,0.0,0.0,0.0,0.0,5.0,1.0,0.0,0.0,0.0,0.0,0.0,0.0,1.0,6.0,5.0,0.0,4.0,2.0,2.0,9.0,0.0,0.0,0.0,0.0,0.0,0.0,0.0,0.0,0.0,0.0,0.0,0.0,0.0,0.0,0.0,1.0,0.0,0.0,0.0,0.0,1.0,0.0,0.0,0.0,0.0,0.0,0.0,0.0,1.0,5.0,5.0,4565364983.0,-1.0,百色市那坡县,百色市那坡县龙合镇,12.0,17.9,0.0,2.6,32.5,36.611111111111114,34.38592592592593,38.14581005586592
广西壮族自治区,百色市,那坡县,坡荷乡,105.91,23.336111,2.0,1.0,1.0,4.0,10.0,2.0,0.0,0.0,0.0,0.0,0.0,0.0,0.0,0.0,0.0,0.0,0.0,0.0,0.0,0.0,6.0,0.0,1.0,0.0,0.0,4.0,3.0,0.0,0.0,3.0,0.0,1.0,0.0,2.0,10.0,6.0,1.0,1.0,0.0,4.0,1.0,0.0,0.0,0.0,0.0,0.0,0.0,0.0,0.0,0.0,0.0,0.0,0.0,0.0,0.0,0.0,2.0,0.0,0.0,0.0,0.0,1.0,0.0,0.0,0.0,0.0,0.0,0.0,0.0,2.0,6.0,1.0,4565364988.0,-1.0,百色市那坡县,百色市那坡县坡荷乡,11.0,15.3,0.0,3.6,29.900000000000002,36.611111111111114,34.38592592592593,38.14581005586592
广西壮族自治区,百色市,那坡县,德隆乡,105.8405257,23.2825499,0.0,3.0,6.0,6.0,36.0,0.0,0.0,0.0,0.0,0.0,0.0,0.0,0.0,0.0,0.0,0.0,0.0,0.0,0.0,0.0,7.0,0.0,1.0,0.0,0.0,3.0,0.0,0.0,0.0,0.0,0.0,0.0,0.0,1.0,9.0,4.0,0.0,3.0,4.0,6.0,25.0,0.0,0.0,0.0,0.0,0.0,0.0,0.0,0.0,0.0,0.0,0.0,0.0,0.0,0.0,0.0,3.0,0.0,1.0,0.0,0.0,1.0,0.0,0.0,0.0,0.0,0.0,0.0,0.0,1.0,6.0,4.0,4565364979.0,-1.0,百色市那坡县,百色市那坡县德隆乡,10.0,24.0,0.0,2.0,36.0,36.611111111111114,34.38592592592593,38.14581005586592
广西壮族自治区,百色市,那坡县,百合乡,105.8579559,23.0984366,0.0,4.0,5.0,1.0,12.0,0.0,0.0,0.0,0.0,0.0,0.0,0.0,0.0,0.0,0.0,0.0,0.0,0.0,0.0,0.0,6.0,0.0,1.0,0.0,0.0,2.0,8.0,0.0,0.0,0.0,0.0,0.0,0.0,1.0,5.0,3.0,0.0,2.0,3.0,0.0,5.0,0.0,0.0,0.0,0.0,0.0,0.0,0.0,0.0,0.0,0.0,0.0,0.0,0.0,0.0,0.0,2.0,0.0,1.0,0.0,0.0,1.0,0.0,0.0,0.0,0.0,0.0,0.0,0.0,1.0,4.0,3.0,4565364975.0,-1.0,百色市那坡县,百色市那坡县百合乡,9.0,12.4,0.0,2.3,23.7,36.611111111111114,34.38592592592593,38.14581005586592
广西壮族自治区,百色市,那坡县,百南乡,105.8109843,23.0577496,3.0,0.0,1.0,0.0,17.0,0.0,0.0,0.0,0.0,0.0,0.0,0.0,0.0,0.0,1.0,1.0,0.0,0.0,0.0,0.0,11.0,0.0,1.0,0.0,0.0,3.0,29.0,0.0,0.0,0.0,0.0,0.0,0.0,3.0,3.0,3.0,3.0,0.0,1.0,0.0,8.0,0.0,0.0,0.0,0.0,0.0,0.0,0.0,0.0,0.0,0.0,0.0,0.0,0.0,0.0,0.0,5.0,0.0,1.0,0.0,0.0,1.0,0.0,0.0,0.0,0.0,0.0,0.0,0.0,3.0,3.0,3.0,4565364976.0,-1.0,百色市那坡县,百色市那坡县百南乡,10.0,12.3,0.0,4.4,26.700000000000003,36.611111111111114,34.38592592592593,38.14581005586592
广西壮族自治区,百色市,那坡县,百省乡,105.6607867,23.1476914,3.0,0.0,4.0,1.0,28.0,1.0,0.0,0.0,0.0,0.0,0.0,0.0,0.0,0.0,0.0,0.0,0.0,0.0,0.0,0.0,13.0,0.0,0.0,0.0,0.0,5.0,1.0,0.0,0.0,0.0,0.0,0.0,0.0,3.0,7.0,3.0,3.0,0.0,1.0,0.0,9.0,0.0,0.0,0.0,0.0,0.0,0.0,0.0,0.0,0.0,0.0,0.0,0.0,0.0,0.0,0.0,4.0,0.0,0.0,0.0,0.0,1.0,1.0,0.0,0.0,0.0,0.0,0.0,0.0,3.0,5.0,3.0,4565364977.0,11290396.0,百色市那坡县,百色市那坡县百省乡,20.0,17.8,0.0,1.7,39.5,36.611111111111114,34.38592592592593,38.14581005586592
广西壮族自治区,百色市,那坡县,百都乡,105.6156537,23.308487,0.0,2.0,0.0,0.0,2.0,0.0,0.0,0.0,0.0,0.0,0.0,0.0,0.0,0.0,0.0,0.0,0.0,0.0,0.0,0.0,2.0,0.0,0.0,0.0,0.0,2.0,0.0,0.0,0.0,0.0,0.0,0.0,0.0,9.0,2.0,2.0,0.0,2.0,0.0,0.0,1.0,0.0,0.0,0.0,0.0,0.0,0.0,0.0,0.0,0.0,0.0,0.0,0.0,0.0,0.0,0.0,2.0,0.0,0.0,0.0,0.0,1.0,0.0,0.0,0.0,0.0,0.0,0.0,0.0,9.0,2.0,2.0,4565414106.0,-1.0,百色市那坡县,百色市那坡县百都乡,9.0,6.7,0.0,1.0,16.7,36.611111111111114,34.38592592592593,38.14581005586592
广西壮族自治区,百色市,凌云县,泗城镇,106.5622365,24.3491847,17.0,5.0,9.0,17.0,43.0,5.0,0.0,24.0,1.0,0.0,0.0,0.0,0.0,0.0,1.0,1.0,0.0,0.0,0.0,0.0,5.0,0.0,1.0,0.0,0.0,5.0,5.0,0.0,0.0,0.0,0.0,23.0,2.0,6.0,12.0,8.0,8.0,0.0,2.0,12.0,19.0,0.0,0.0,14.0,0.0,0.0,0.0,0.0,0.0,0.0,0.0,0.0,0.0,0.0,0.0,0.0,2.0,0.0,1.0,0.0,0.0,2.0,1.0,0.0,0.0,0.0,0.0,11.0,1.0,4.0,8.0,7.0,1566869189.0,-1.0,百色市凌云县,百色市凌云县泗城镇,12.0,26.0,0.0,4.6,42.6,29.262500000000003,34.38592592592593,38.14581005586592
广西壮族自治区,百色市,凌云县,逻楼镇,106.810181,24.3949022,3.0,0.0,2.0,8.0,11.0,0.0,0.0,0.0,0.0,0.0,0.0,0.0,0.0,0.0,0.0,0.0,0.0,0.0,0.0,0.0,2.0,0.0,0.0,0.0,0.0,1.0,0.0,0.0,0.0,0.0,0.0,0.0,0.0,2.0,5.0,1.0,1.0,0.0,1.0,3.0,2.0,0.0,0.0,0.0,0.0,0.0,0.0,0.0,0.0,0.0,0.0,0.0,0.0,0.0,0.0,0.0,1.0,0.0,0.0,0.0,0.0,1.0,0.0,0.0,0.0,0.0,0.0,0.0,0.0,2.0,4.0,1.0,4569870688.0,-1.0,百色市凌云县,百色市凌云县逻楼镇,8.0,15.3,0.0,0.5,23.8,29.262500000000003,34.38592592592593,38.14581005586592
广西壮族自治区,百色市,凌云县,加尤镇,106.6616637,24.5081956,3.0,0.0,2.0,3.0,6.0,0.0,0.0,0.0,0.0,0.0,0.0,0.0,0.0,0.0,0.0,0.0,0.0,0.0,0.0,0.0,1.0,0.0,0.0,0.0,0.0,1.0,4.0,0.0,0.0,0.0,0.0,0.0,0.0,3.0,6.0,4.0,3.0,0.0,2.0,3.0,4.0,0.0,0.0,0.0,0.0,0.0,0.0,0.0,0.0,0.0,0.0,0.0,0.0,0.0,0.0,0.0,1.0,0.0,0.0,0.0,0.0,1.0,4.0,0.0,0.0,0.0,0.0,0.0,0.0,2.0,5.0,2.0,4569990252.0,-1.0,百色市凌云县,百色市凌云县加尤镇,8.0,13.4,0.0,2.8,24.2,29.262500000000003,34.38592592592593,38.14581005586592
广西壮族自治区,百色市,凌云县,下甲镇,106.632,24.2914,5.0,0.0,1.0,7.0,12.0,0.0,0.0,0.0,0.0,0.0,0.0,0.0,0.0,0.0,0.0,0.0,0.0,0.0,0.0,0.0,10.0,0.0,0.0,0.0,0.0,4.0,0.0,0.0,0.0,0.0,0.0,0.0,0.0,3.0,5.0,3.0,3.0,0.0,1.0,6.0,6.0,0.0,0.0,0.0,0.0,0.0,0.0,0.0,0.0,0.0,0.0,0.0,0.0,0.0,0.0,0.0,3.0,0.0,0.0,0.0,0.0,2.0,0.0,0.0,0.0,0.0,0.0,0.0,0.0,3.0,5.0,3.0,4569871093.0,-1.0,百色市凌云县,百色市凌云县下甲镇,11.0,16.7,0.0,1.5,29.2,29.262500000000003,34.38592592592593,38.14581005586592
广西壮族自治区,百色市,凌云县,伶站瑶族乡,106.5950201,24.1674372,5.0,0.0,1.0,7.0,11.0,0.0,0.0,3.0,1.0,1.0,0.0,0.0,0.0,0.0,1.0,1.0,0.0,0.0,0.0,0.0,4.0,0.0,3.0,0.0,0.0,3.0,0.0,0.0,0.0,0.0,0.0,0.0,1.0,4.0,8.0,7.0,5.0,0.0,0.0,4.0,8.0,0.0,0.0,0.0,0.0,0.0,0.0,0.0,0.0,0.0,0.0,0.0,0.0,0.0,0.0,0.0,2.0,0.0,1.0,0.0,0.0,1.0,0.0,0.0,0.0,0.0,0.0,0.0,0.0,3.0,6.0,3.0,4569870686.0,-1.0,百色市凌云县,百色市凌云县伶站瑶族乡,10.0,22.6,0.0,3.5,36.1,29.262500000000003,34.38592592592593,38.14581005586592
广西壮族自治区,百色市,凌云县,朝里瑶族乡,106.5009757,24.2431493,5.0,0.0,1.0,0.0,0.0,0.0,0.0,0.0,0.0,0.0,0.0,0.0,0.0,0.0,0.0,0.0,0.0,0.0,0.0,0.0,0.0,0.0,0.0,0.0,0.0,1.0,0.0,0.0,0.0,0.0,0.0,0.0,0.0,2.0,2.0,2.0,3.0,0.0,1.0,0.0,0.0,0.0,0.0,0.0,0.0,0.0,0.0,0.0,0.0,0.0,0.0,0.0,0.0,0.0,0.0,0.0,0.0,0.0,0.0,0.0,0.0,1.0,0.0,0.0,0.0,0.0,0.0,0.0,0.0,2.0,2.0,1.0,4570159617.0,-1.0,百色市凌云县,百色市凌云县朝里瑶族乡,8.0,6.0,0.0,1.0,15.0,29.262500000000003,34.38592592592593,38.14581005586592
广西壮族自治区,百色市,凌云县,沙里瑶族乡,106.8176461,24.2486053,0.0,0.0,3.0,5.0,18.0,0.0,0.0,0.0,0.0,0.0,0.0,0.0,0.0,0.0,0.0,0.0,0.0,0.0,0.0,0.0,12.0,0.0,0.0,0.0,0.0,2.0,1.0,0.0,0.0,0.0,0.0,0.0,0.0,1.0,4.0,6.0,0.0,0.0,1.0,2.0,13.0,0.0,0.0,0.0,0.0,0.0,0.0,0.0,0.0,0.0,0.0,0.0,0.0,0.0,0.0,0.0,4.0,0.0,0.0,0.0,0.0,1.0,0.0,0.0,0.0,0.0,0.0,0.0,0.0,1.0,3.0,3.0,4569871091.0,-1.0,百色市凌云县,百色市凌云县沙里瑶族乡,9.0,19.5,0.0,3.1,31.6,29.262500000000003,34.38592592592593,38.14581005586592
广西壮族自治区,百色市,凌云县,玉洪瑶族乡,106.5313262,24.511347,0.0,0.0,7.0,8.0,14.0,0.0,0.0,0.0,1.0,0.0,0.0,0.0,0.0,0.0,0.0,0.0,0.0,0.0,0.0,0.0,12.0,0.0,0.0,0.0,0.0,4.0,0.0,0.0,0.0,0.0,0.0,0.0,0.0,3.0,5.0,3.0,0.0,0.0,6.0,3.0,6.0,0.0,0.0,0.0,0.0,0.0,0.0,0.0,0.0,0.0,0.0,0.0,0.0,0.0,0.0,0.0,4.0,0.0,0.0,0.0,0.0,1.0,0.0,0.0,0.0,0.0,0.0,0.0,0.0,3.0,4.0,2.0,4569990258.0,-1.0,百色市凌云县,百色市凌云县玉洪瑶族乡,11.0,19.1,0.0,1.5,31.6,29.262500000000003,34.38592592592593,38.14581005586592
广西壮族自治区,百色市,乐业县,同乐镇,106.5586451,24.7858397,12.0,6.0,14.0,9.0,41.0,1.0,0.0,10.0,0.0,0.0,2.0,0.0,0.0,0.0,1.0,1.0,0.0,0.0,0.0,1.0,1.0,0.0,1.0,0.0,0.0,6.0,2.0,0.0,0.0,0.0,0.0,2.0,4.0,3.0,12.0,8.0,0.0,2.0,5.0,8.0,13.0,1.0,0.0,3.0,0.0,0.0,0.0,0.0,0.0,0.0,0.0,0.0,0.0,0.0,0.0,0.0,1.0,0.0,0.0,0.0,0.0,2.0,0.0,0.0,0.0,0.0,0.0,1.0,0.0,2.0,8.0,3.0,4804460962.0,-1.0,百色市乐业县,百色市乐业县同乐镇,12.0,26.0,0.0,4.2,42.2,25.0625,34.38592592592593,38.14581005586592
广西壮族自治区,百色市,乐业县,甘田镇,106.4799226,24.6131059,0.0,0.0,2.0,1.0,0.0,0.0,0.0,0.0,0.0,0.0,0.0,0.0,0.0,0.0,0.0,0.0,0.0,0.0,0.0,0.0,0.0,0.0,0.0,0.0,0.0,1.0,0.0,0.0,0.0,0.0,0.0,0.0,0.0,1.0,2.0,2.0,0.0,0.0,1.0,1.0,0.0,0.0,0.0,0.0,0.0,0.0,0.0,0.0,0.0,0.0,0.0,0.0,0.0,0.0,0.0,0.0,0.0,0.0,0.0,0.0,0.0,1.0,0.0,0.0,0.0,0.0,0.0,0.0,0.0,1.0,2.0,1.0,4569990251.0,-1.0,百色市乐业县,百色市乐业县甘田镇,8.0,7.0,0.0,1.0,16.0,25.0625,34.38592592592593,38.14581005586592
广西壮族自治区,百色市,乐业县,新化镇,106.594528,24.6612684,3.0,0.0,9.0,0.0,15.0,0.0,0.0,0.0,0.0,0.0,0.0,0.0,0.0,0.0,0.0,0.0,0.0,0.0,0.0,0.0,9.0,0.0,0.0,0.0,0.0,6.0,0.0,0.0,0.0,0.0,0.0,0.0,0.0,4.0,5.0,2.0,1.0,0.0,7.0,0.0,13.0,0.0,0.0,0.0,0.0,0.0,0.0,0.0,0.0,0.0,0.0,0.0,0.0,0.0,0.0,0.0,6.0,0.0,0.0,0.0,0.0,3.0,0.0,0.0,0.0,0.0,0.0,0.0,0.0,3.0,4.0,2.0,4569990256.0,-1.0,百色市乐业县,百色市乐业县新化镇,12.0,14.4,0.0,1.0,27.4,25.0625,34.38592592592593,38.14581005586592
广西壮族自治区,百色市,乐业县,花坪镇,106.3799493,24.8543182,0.0,0.0,1.0,0.0,4.0,0.0,0.0,0.0,0.0,0.0,0.0,0.0,0.0,0.0,0.0,0.0,0.0,0.0,0.0,0.0,1.0,0.0,0.0,0.0,0.0,1.0,0.0,0.0,0.0,0.0,0.0,0.0,0.0,1.0,2.0,3.0,0.0,0.0,1.0,0.0,4.0,0.0,0.0,0.0,0.0,0.0,0.0,0.0,0.0,0.0,0.0,0.0,0.0,0.0,0.0,0.0,1.0,0.0,0.0,0.0,0.0,1.0,0.0,0.0,0.0,0.0,0.0,0.0,0.0,1.0,2.0,1.0,3780646408.0,-1.0,百色市乐业县,百色市乐业县花坪镇,8.0,8.0,0.0,1.5,17.5,25.0625,34.38592592592593,38.14581005586592
广西壮族自治区,百色市,乐业县,逻沙乡,106.428,24.6829,0.0,0.0,3.0,4.0,8.0,0.0,0.0,0.0,0.0,0.0,0.0,0.0,0.0,0.0,0.0,0.0,0.0,0.0,0.0,0.0,9.0,0.0,0.0,0.0,0.0,4.0,0.0,0.0,0.0,0.0,0.0,0.0,0.0,1.0,4.0,6.0,0.0,0.0,2.0,4.0,4.0,0.0,0.0,0.0,0.0,0.0,0.0,0.0,0.0,0.0,0.0,0.0,0.0,0.0,0.0,0.0,3.0,0.0,0.0,0.0,0.0,1.0,0.0,0.0,0.0,0.0,0.0,0.0,0.0,1.0,4.0,3.0,3780646409.0,-1.0,百色市乐业县,百色市乐业县逻沙乡,11.0,13.8,0.0,3.0,27.8,25.0625,34.38592592592593,38.14581005586592
广西壮族自治区,百色市,乐业县,逻西乡,106.6595979,25.0171562,5.0,0.0,4.0,0.0,2.0,0.0,0.0,0.0,0.0,0.0,0.0,0.0,0.0,0.0,0.0,0.0,0.0,0.0,0.0,0.0,3.0,0.0,0.0,0.0,0.0,1.0,0.0,0.0,0.0,0.0,0.0,0.0,0.0,3.0,5.0,2.0,5.0,0.0,4.0,0.0,1.0,0.0,0.0,0.0,0.0,0.0,0.0,0.0,0.0,0.0,0.0,0.0,0.0,0.0,0.0,0.0,2.0,0.0,0.0,0.0,0.0,1.0,0.0,0.0,0.0,0.0,0.0,0.0,0.0,3.0,4.0,2.0,5088321641.0,-1.0,百色市乐业县,百色市乐业县逻西乡,8.0,8.2,0.0,1.0,17.2,25.0625,34.38592592592593,38.14581005586592
广西壮族自治区,百色市,乐业县,幼平乡,106.537,24.9317,0.0,0.0,4.0,3.0,7.0,0.0,0.0,0.0,1.0,0.0,0.0,0.0,0.0,0.0,0.0,0.0,0.0,0.0,0.0,0.0,6.0,0.0,0.0,0.0,0.0,1.0,2.0,0.0,0.0,0.0,0.0,0.0,0.0,3.0,4.0,3.0,0.0,0.0,1.0,0.0,0.0,0.0,0.0,0.0,0.0,0.0,0.0,0.0,0.0,0.0,0.0,0.0,0.0,0.0,0.0,0.0,0.0,0.0,0.0,0.0,0.0,1.0,0.0,0.0,0.0,0.0,0.0,0.0,0.0,3.0,1.0,1.0,3780646412.0,-1.0,百色市乐业县,百色市乐业县幼平乡,8.0,13.4,0.0,1.7,23.099999999999998,25.0625,34.38592592592593,38.14581005586592
广西壮族自治区,百色市,乐业县,雅长乡,106.2272103,24.8320918,0.0,0.0,9.0,2.0,26.0,0.0,0.0,0.0,0.0,0.0,0.0,0.0,0.0,0.0,0.0,0.0,0.0,0.0,0.0,0.0,3.0,0.0,0.0,0.0,0.0,1.0,0.0,0.0,0.0,0.0,0.0,0.0,0.0,10.0,4.0,4.0,0.0,0.0,2.0,1.0,17.0,0.0,0.0,0.0,0.0,0.0,0.0,0.0,0.0,0.0,0.0,0.0,0.0,0.0,0.0,0.0,1.0,0.0,0.0,0.0,0.0,1.0,0.0,0.0,0.0,0.0,0.0,0.0,0.0,3.0,3.0,3.0,3780646411.0,-1.0,百色市乐业县,百色市乐业县雅长乡,8.0,19.3,0.0,2.0,29.3,25.0625,34.38592592592593,38.14581005586592
广西壮族自治区,百色市,田林县,乐里镇,106.2390089,24.2861856,4.0,0.0,22.0,26.0,40.0,73.0,4.0,35.0,8.0,1.0,1.0,5.0,3.0,3.0,6.0,10.0,3.0,1.0,3.0,9.0,66.0,4.0,3.0,1.0,5.0,12.0,71.0,0.0,13.0,3.0,2.0,24.0,1.0,5.0,16.0,17.0,3.0,0.0,11.0,13.0,12.0,27.0,0.0,8.0,8.0,0.0,0.0,4.0,1.0,1.0,4.0,5.0,3.0,0.0,0.0,2.0,27.0,1.0,0.0,1.0,2.0,6.0,28.0,0.0,10.0,1.0,0.0,12.0,0.0,5.0,13.0,13.0,244082075.0,11182863.0,百色市田林县,百色市田林县乐里镇,20.0,30.0,22.0,14.3,86.3,41.90714285714286,34.38592592592593,38.14581005586592
广西壮族自治区,百色市,田林县,旧州镇,105.8009383,24.6562706,2.0,3.0,2.0,0.0,19.0,2.0,0.0,0.0,0.0,0.0,2.0,0.0,0.0,0.0,0.0,0.0,0.0,0.0,0.0,0.0,1.0,0.0,0.0,0.0,0.0,5.0,0.0,0.0,0.0,0.0,0.0,0.0,0.0,4.0,12.0,2.0,1.0,0.0,1.0,0.0,14.0,0.0,0.0,0.0,0.0,0.0,1.0,0.0,0.0,0.0,0.0,0.0,0.0,0.0,0.0,0.0,1.0,0.0,0.0,0.0,0.0,2.0,0.0,0.0,0.0,0.0,0.0,0.0,0.0,3.0,5.0,2.0,3138432176.0,11255787.0,百色市田林县,百色市田林县旧州镇,20.0,19.0,0.0,1.0,40.0,41.90714285714286,34.38592592592593,38.14581005586592
广西壮族自治区,百色市,田林县,定安镇,105.6680646,24.3147907,6.0,7.0,1.0,0.0,49.0,1.0,0.0,0.0,0.0,0.0,0.0,0.0,0.0,0.0,0.0,0.0,0.0,0.0,0.0,0.0,2.0,0.0,0.0,0.0,0.0,5.0,3.0,0.0,0.0,0.0,0.0,0.0,0.0,3.0,10.0,3.0,5.0,1.0,1.0,0.0,13.0,1.0,0.0,0.0,0.0,0.0,0.0,0.0,0.0,0.0,0.0,0.0,0.0,0.0,0.0,0.0,2.0,0.0,0.0,0.0,0.0,4.0,2.0,0.0,0.0,0.0,0.0,0.0,0.0,3.0,7.0,3.0,3809636818.0,15505835.0,百色市田林县,百色市田林县定安镇,20.0,22.700000000000003,0.0,2.0,44.7,41.90714285714286,34.38592592592593,38.14581005586592
广西壮族自治区,百色市,田林县,六隆镇,106.2002943,24.1847049,7.0,0.0,4.0,0.0,21.0,0.0,0.0,0.0,0.0,0.0,0.0,0.0,0.0,0.0,1.0,1.0,0.0,0.0,0.0,0.0,0.0,0.0,0.0,0.0,0.0,7.0,19.0,0.0,0.0,0.0,0.0,0.0,0.0,3.0,5.0,5.0,2.0,0.0,3.0,0.0,7.0,0.0,0.0,0.0,0.0,0.0,0.0,0.0,0.0,0.0,1.0,1.0,0.0,0.0,0.0,0.0,0.0,0.0,0.0,0.0,0.0,2.0,15.0,0.0,0.0,0.0,0.0,0.0,0.0,2.0,4.0,4.0,4349606035.0,11255786.0,百色市田林县,百色市田林县六隆镇,20.0,13.8,5.0,5.9,44.699999999999996,41.90714285714286,34.38592592592593,38.14581005586592
广西壮族自治区,百色市,田林县,浪平镇,106.3578952,24.4854971,0.0,0.0,3.0,1.0,11.0,1.0,0.0,0.0,0.0,0.0,0.0,0.0,0.0,0.0,0.0,0.0,0.0,0.0,0.0,0.0,0.0,0.0,0.0,0.0,0.0,14.0,0.0,0.0,0.0,0.0,0.0,1.0,0.0,1.0,5.0,4.0,0.0,0.0,1.0,0.0,3.0,1.0,0.0,0.0,0.0,0.0,0.0,0.0,0.0,0.0,0.0,0.0,0.0,0.0,0.0,0.0,0.0,0.0,0.0,0.0,0.0,5.0,0.0,0.0,0.0,0.0,0.0,1.0,0.0,1.0,4.0,2.0,4349373505.0,6489361.0,百色市田林县,百色市田林县浪平镇,20.0,11.6,0.0,2.0,33.6,41.90714285714286,34.38592592592593,38.14581005586592
广西壮族自治区,百色市,田林县,潞城瑶族乡,106.0848836,24.4258282,3.0,0.0,3.0,0.0,59.0,0.0,0.0,0.0,1.0,0.0,1.0,0.0,0.0,0.0,1.0,1.0,0.0,0.0,0.0,0.0,2.0,0.0,7.0,0.0,0.0,7.0,0.0,0.0,0.0,0.0,0.0,0.0,0.0,4.0,8.0,4.0,1.0,0.0,0.0,0.0,6.0,0.0,0.0,0.0,1.0,0.0,0.0,0.0,0.0,0.0,1.0,1.0,0.0,0.0,0.0,0.0,1.0,0.0,1.0,0.0,0.0,3.0,0.0,0.0,0.0,0.0,0.0,0.0,0.0,4.0,6.0,3.0,4349606036.0,15505842.0,百色市田林县,百色市田林县潞城瑶族乡,20.0,26.6,5.0,2.0,53.6,41.90714285714286,34.38592592592593,38.14581005586592
广西壮族自治区,百色市,田林县,利周瑶族乡,106.3304957,24.3071159,4.0,0.0,3.0,0.0,28.0,1.0,0.0,0.0,0.0,0.0,2.0,0.0,0.0,0.0,0.0,0.0,0.0,0.0,0.0,0.0,2.0,0.0,0.0,0.0,0.0,12.0,1.0,0.0,0.0,0.0,0.0,0.0,0.0,2.0,5.0,4.0,0.0,0.0,3.0,0.0,18.0,1.0,0.0,0.0,0.0,0.0,2.0,0.0,0.0,0.0,0.0,0.0,0.0,0.0,0.0,0.0,1.0,0.0,0.0,0.0,0.0,5.0,1.0,0.0,0.0,0.0,0.0,0.0,0.0,1.0,4.0,3.0,4349378727.0,8503712.0,百色市田林县,百色市田林县利周瑶族乡,20.0,20.5,0.0,2.2,42.7,41.90714285714286,34.38592592592593,38.14581005586592
广西壮族自治区,百色市,田林县,平塘乡,105.6758935,24.5384857,0.0,3.0,2.0,0.0,19.0,0.0,0.0,0.0,0.0,0.0,0.0,0.0,0.0,0.0,0.0,0.0,0.0,0.0,0.0,0.0,0.0,0.0,0.0,0.0,0.0,12.0,0.0,0.0,0.0,0.0,0.0,0.0,0.0,3.0,4.0,2.0,0.0,3.0,2.0,0.0,7.0,0.0,0.0,0.0,0.0,0.0,0.0,0.0,0.0,0.0,0.0,0.0,0.0,0.0,0.0,0.0,0.0,0.0,0.0,0.0,0.0,4.0,0.0,0.0,0.0,0.0,0.0,0.0,0.0,1.0,4.0,1.0,4349606038.0,15505834.0,百色市田林县,百色市田林县平塘乡,20.0,12.9,0.0,1.0,33.9,41.90714285714286,34.38592592592593,38.14581005586592
广西壮族自治区,百色市,田林县,八桂瑶族乡,106.1226009,24.2283295,6.0,0.0,4.0,3.0,27.0,0.0,0.0,0.0,0.0,0.0,0.0,0.0,0.0,0.0,0.0,0.0,0.0,0.0,0.0,0.0,0.0,0.0,0.0,0.0,0.0,9.0,0.0,0.0,0.0,0.0,0.0,0.0,0.0,3.0,5.0,2.0,1.0,0.0,4.0,1.0,9.0,0.0,0.0,0.0,0.0,0.0,0.0,0.0,0.0,0.0,0.0,0.0,0.0,0.0,0.0,0.0,0.0,0.0,0.0,0.0,0.0,4.0,0.0,0.0,0.0,0.0,0.0,0.0,0.0,2.0,5.0,2.0,4349458417.0,15505841.0,百色市田林县,百色市田林县八桂瑶族乡,20.0,18.6,0.0,1.0,39.6,41.90714285714286,34.38592592592593,38.14581005586592
广西壮族自治区,百色市,田林县,八渡瑶族乡,105.8460216,24.3549406,0.0,0.0,9.0,0.0,4.0,0.0,0.0,0.0,0.0,0.0,0.0,0.0,0.0,0.0,0.0,0.0,0.0,0.0,0.0,0.0,5.0,0.0,0.0,0.0,0.0,5.0,0.0,0.0,0.0,0.0,0.0,0.0,0.0,2.0,7.0,2.0,0.0,0.0,7.0,0.0,2.0,0.0,0.0,0.0,0.0,0.0,0.0,0.0,0.0,0.0,0.0,0.0,0.0,0.0,0.0,0.0,4.0,0.0,0.0,0.0,0.0,2.0,0.0,0.0,0.0,0.0,0.0,0.0,0.0,2.0,5.0,2.0,4349606033.0,15505840.0,百色市田林县,百色市田林县八渡瑶族乡,20.0,9.9,0.0,1.0,30.9,41.90714285714286,34.38592592592593,38.14581005586592
广西壮族自治区,百色市,田林县,那比乡,105.7996151,24.125422,0.0,0.0,2.0,0.0,14.0,0.0,0.0,0.0,0.0,0.0,0.0,0.0,0.0,0.0,0.0,0.0,0.0,0.0,0.0,0.0,2.0,0.0,0.0,0.0,0.0,4.0,7.0,0.0,0.0,0.0,0.0,0.0,0.0,3.0,4.0,3.0,0.0,0.0,2.0,0.0,10.0,0.0,0.0,0.0,0.0,0.0,0.0,0.0,0.0,0.0,0.0,0.0,0.0,0.0,0.0,0.0,1.0,0.0,0.0,0.0,0.0,3.0,3.0,0.0,0.0,0.0,0.0,0.0,0.0,3.0,3.0,3.0,3809636822.0,15505837.0,百色市田林县,百色市田林县那比乡,19.0,12.8,0.0,2.5,34.3,41.90714285714286,34.38592592592593,38.14581005586592
广西壮族自治区,百色市,田林县,高龙乡,105.671,24.2167,0.0,3.0,3.0,1.0,7.0,0.0,0.0,0.0,0.0,0.0,0.0,0.0,0.0,0.0,0.0,0.0,0.0,0.0,0.0,0.0,2.0,1.0,0.0,0.0,0.0,1.0,0.0,0.0,0.0,0.0,0.0,0.0,0.0,1.0,4.0,3.0,0.0,2.0,2.0,1.0,4.0,0.0,0.0,0.0,0.0,0.0,0.0,0.0,0.0,0.0,0.0,0.0,0.0,0.0,0.0,0.0,1.0,1.0,0.0,0.0,0.0,1.0,0.0,0.0,0.0,0.0,0.0,0.0,0.0,1.0,4.0,3.0,3809636820.0,15505838.0,百色市田林县,百色市田林县高龙乡,16.0,10.6,0.0,1.5,28.1,41.90714285714286,34.38592592592593,38.14581005586592
广西壮族自治区,百色市,田林县,百乐乡,106.1867767,24.6598973,0.0,0.0,6.0,4.0,14.0,0.0,0.0,0.0,0.0,0.0,0.0,0.0,0.0,0.0,0.0,0.0,0.0,0.0,0.0,0.0,5.0,0.0,0.0,0.0,0.0,5.0,0.0,0.0,0.0,0.0,0.0,0.0,0.0,1.0,3.0,6.0,0.0,0.0,1.0,1.0,6.0,0.0,0.0,0.0,0.0,0.0,0.0,0.0,0.0,0.0,0.0,0.0,0.0,0.0,0.0,0.0,1.0,0.0,0.0,0.0,0.0,1.0,0.0,0.0,0.0,0.0,0.0,0.0,0.0,1.0,3.0,2.0,3780646406.0,15505839.0,百色市田林县,百色市田林县百乐乡,20.0,15.1,0.0,3.0,38.1,41.90714285714286,34.38592592592593,38.14581005586592
广西壮族自治区,百色市,田林县,者苗乡,105.7634697,24.4489114,0.0,0.0,8.0,0.0,30.0,0.0,0.0,0.0,0.0,0.0,0.0,0.0,0.0,0.0,0.0,0.0,0.0,0.0,0.0,0.0,6.0,0.0,0.0,0.0,0.0,6.0,0.0,0.0,0.0,0.0,0.0,0.0,0.0,1.0,3.0,2.0,0.0,0.0,1.0,0.0,9.0,0.0,0.0,0.0,0.0,0.0,0.0,0.0,0.0,0.0,0.0,0.0,0.0,0.0,0.0,0.0,1.0,0.0,0.0,0.0,0.0,1.0,0.0,0.0,0.0,0.0,0.0,0.0,0.0,1.0,3.0,2.0,4349789843.0,15505836.0,百色市田林县,百色市田林县者苗乡,20.0,15.2,0.0,1.0,36.2,41.90714285714286,34.38592592592593,38.14581005586592
广西壮族自治区,百色市,西林县,八达镇,105.0938019,24.4918663,11.0,0.0,13.0,14.0,25.0,0.0,0.0,0.0,0.0,0.0,0.0,0.0,0.0,0.0,0.0,0.0,0.0,0.0,0.0,0.0,2.0,0.0,0.0,0.0,0.0,2.0,0.0,0.0,0.0,0.0,0.0,0.0,0.0,5.0,8.0,2.0,4.0,0.0,3.0,10.0,17.0,0.0,0.0,0.0,0.0,0.0,0.0,0.0,0.0,0.0,0.0,0.0,0.0,0.0,0.0,0.0,1.0,0.0,0.0,0.0,0.0,2.0,0.0,0.0,0.0,0.0,0.0,0.0,0.0,4.0,5.0,2.0,7661231435.0,11249947.0,百色市西林县,百色市西林县八达镇,17.0,24.0,0.0,1.0,42.0,32.05,34.38592592592593,38.14581005586592
广西壮族自治区,百色市,西林县,古障镇,104.7090116,24.498331,3.0,0.0,8.0,7.0,17.0,0.0,0.0,0.0,0.0,0.0,0.0,0.0,0.0,0.0,0.0,0.0,0.0,0.0,0.0,0.0,14.0,0.0,0.0,0.0,0.0,1.0,1.0,0.0,0.0,0.0,0.0,0.0,0.0,3.0,9.0,3.0,3.0,0.0,5.0,6.0,14.0,0.0,0.0,0.0,0.0,0.0,0.0,0.0,0.0,0.0,0.0,0.0,0.0,0.0,0.0,0.0,6.0,0.0,0.0,0.0,0.0,1.0,0.0,0.0,0.0,0.0,0.0,0.0,0.0,3.0,7.0,3.0,3809917666.0,11249946.0,百色市西林县,百色市西林县古障镇,16.0,21.6,0.0,1.6,39.2,32.05,34.38592592592593,38.14581005586592
广西壮族自治区,百色市,西林县,那劳镇,105.4468577,24.3541161,1.0,0.0,3.0,0.0,11.0,4.0,2.0,0.0,0.0,0.0,1.0,0.0,0.0,0.0,2.0,2.0,0.0,0.0,0.0,0.0,2.0,0.0,0.0,0.0,0.0,2.0,0.0,0.0,0.0,1.0,0.0,2.0,0.0,4.0,11.0,4.0,1.0,0.0,3.0,0.0,10.0,1.0,2.0,0.0,0.0,0.0,1.0,0.0,0.0,0.0,2.0,2.0,0.0,0.0,0.0,0.0,2.0,0.0,0.0,0.0,0.0,1.0,0.0,0.0,0.0,1.0,0.0,2.0,0.0,4.0,11.0,4.0,3809636823.0,-1.0,百色市西林县,百色市西林县那劳镇,9.0,16.2,5.0,2.2,32.4,32.05,34.38592592592593,38.14581005586592
广西壮族自治区,百色市,西林县,马蚌镇,104.4771926,24.6529298,5.0,0.0,0.0,4.0,27.0,2.0,0.0,0.0,0.0,0.0,1.0,0.0,0.0,0.0,0.0,0.0,0.0,0.0,0.0,0.0,8.0,0.0,0.0,0.0,0.0,2.0,0.0,0.0,0.0,0.0,0.0,0.0,0.0,12.0,7.0,3.0,5.0,0.0,0.0,1.0,12.0,2.0,0.0,0.0,0.0,0.0,1.0,0.0,0.0,0.0,0.0,0.0,0.0,0.0,0.0,0.0,2.0,0.0,0.0,0.0,0.0,2.0,0.0,0.0,0.0,0.0,0.0,0.0,0.0,11.0,5.0,3.0,3809998665.0,11249945.0,百色市西林县,百色市西林县马蚌镇,17.0,23.5,0.0,1.5,42.0,32.05,34.38592592592593,38.14581005586592
广西壮族自治区,百色市,西林县,普合苗族乡,105.1913157,24.4403196,3.0,0.0,0.0,1.0,9.0,11.0,0.0,0.0,0.0,0.0,0.0,0.0,0.0,0.0,0.0,0.0,0.0,0.0,0.0,0.0,4.0,0.0,0.0,0.0,0.0,4.0,1.0,0.0,0.0,1.0,0.0,0.0,0.0,3.0,7.0,2.0,3.0,0.0,0.0,1.0,7.0,11.0,0.0,0.0,0.0,0.0,0.0,0.0,0.0,0.0,0.0,0.0,0.0,0.0,0.0,0.0,1.0,0.0,0.0,0.0,0.0,1.0,0.0,0.0,0.0,0.0,0.0,0.0,0.0,3.0,6.0,2.0,3809636827.0,-1.0,百色市西林县,百色市西林县普合苗族乡,11.0,13.4,0.0,1.2,25.599999999999998,32.05,34.38592592592593,38.14581005586592
广西壮族自治区,百色市,西林县,西平乡,105.2868306,24.3254073,0.0,0.0,5.0,3.0,7.0,0.0,0.0,0.0,0.0,0.0,0.0,0.0,0.0,0.0,0.0,0.0,0.0,0.0,0.0,0.0,3.0,0.0,0.0,0.0,0.0,1.0,0.0,0.0,0.0,0.0,0.0,0.0,0.0,2.0,4.0,2.0,0.0,0.0,1.0,0.0,7.0,0.0,0.0,0.0,0.0,0.0,0.0,0.0,0.0,0.0,0.0,0.0,0.0,0.0,0.0,0.0,2.0,0.0,0.0,0.0,0.0,1.0,0.0,0.0,0.0,0.0,0.0,0.0,0.0,2.0,3.0,2.0,3809636828.0,-1.0,百色市西林县,百色市西林县西平乡,8.0,13.5,0.0,1.0,22.5,32.05,34.38592592592593,38.14581005586592
广西壮族自治区,百色市,西林县,那佐苗族乡,105.3505886,24.1548675,0.0,0.0,2.0,3.0,4.0,0.0,0.0,0.0,0.0,0.0,0.0,0.0,0.0,0.0,1.0,1.0,0.0,0.0,0.0,0.0,3.0,0.0,0.0,0.0,0.0,6.0,0.0,0.0,0.0,0.0,0.0,0.0,0.0,1.0,4.0,3.0,0.0,0.0,2.0,1.0,2.0,0.0,0.0,0.0,0.0,0.0,0.0,0.0,0.0,0.0,1.0,1.0,0.0,0.0,0.0,0.0,1.0,0.0,0.0,0.0,0.0,1.0,0.0,0.0,0.0,0.0,0.0,0.0,0.0,1.0,4.0,1.0,3809636824.0,-1.0,百色市西林县,百色市西林县那佐苗族乡,12.0,11.4,5.0,1.5,29.9,32.05,34.38592592592593,38.14581005586592
广西壮族自治区,百色市,西林县,足别瑶族苗族乡,105.4443541,24.2690569,0.0,0.0,4.0,0.0,12.0,1.0,0.0,0.0,0.0,0.0,0.0,0.0,0.0,0.0,0.0,0.0,0.0,0.0,0.0,0.0,7.0,0.0,0.0,0.0,0.0,2.0,0.0,0.0,0.0,0.0,0.0,0.0,0.0,2.0,5.0,3.0,0.0,0.0,1.0,0.0,8.0,1.0,0.0,0.0,0.0,0.0,0.0,0.0,0.0,0.0,0.0,0.0,0.0,0.0,0.0,0.0,4.0,0.0,0.0,0.0,0.0,1.0,0.0,0.0,0.0,0.0,0.0,0.0,0.0,2.0,5.0,2.0,3809636829.0,-1.0,百色市西林县,百色市西林县足别瑶族苗族乡,9.0,12.3,0.0,1.5,22.8,32.05,34.38592592592593,38.14581005586592
广西壮族自治区,百色市,隆林各族自治县,新州镇,105.3297899,24.7857996,0.0,21.0,13.0,44.0,53.0,19.0,0.0,46.0,0.0,14.0,0.0,7.0,0.0,2.0,0.0,3.0,0.0,3.0,2.0,143.0,38.0,8.0,3.0,4.0,1.0,8.0,953.0,0.0,935.0,2.0,0.0,3.0,4.0,3.0,12.0,16.0,0.0,4.0,0.0,5.0,2.0,2.0,0.0,0.0,0.0,0.0,0.0,0.0,0.0,0.0,0.0,0.0,0.0,0.0,0.0,0.0,1.0,0.0,0.0,0.0,0.0,1.0,0.0,0.0,0.0,0.0,0.0,0.0,0.0,1.0,4.0,1.0,7658289418.0,-1.0,百色市隆林各族自治县,百色市隆林各族自治县新州镇,12.0,26.0,5.0,20.0,63.0,27.59375,34.38592592592593,38.14581005586592
广西壮族自治区,百色市,隆林各族自治县,桠杈镇,105.2520731,24.9642335,0.0,0.0,7.0,3.0,4.0,3.0,0.0,0.0,0.0,0.0,0.0,0.0,0.0,0.0,0.0,0.0,0.0,0.0,0.0,0.0,0.0,0.0,0.0,0.0,0.0,1.0,1.0,0.0,0.0,1.0,0.0,0.0,0.0,11.0,4.0,1.0,0.0,0.0,5.0,1.0,0.0,0.0,0.0,0.0,0.0,0.0,0.0,0.0,0.0,0.0,0.0,0.0,0.0,0.0,0.0,0.0,0.0,0.0,0.0,0.0,0.0,1.0,0.0,0.0,0.0,0.0,0.0,0.0,0.0,10.0,2.0,1.0,5118725191.0,-1.0,百色市隆林各族自治县,百色市隆林各族自治县桠杈镇,8.0,10.8,0.0,0.7,19.5,27.59375,34.38592592592593,38.14581005586592
广西壮族自治区,百色市,隆林各族自治县,天生桥镇,105.0964755,24.921503,5.0,0.0,0.0,0.0,31.0,4.0,0.0,0.0,0.0,0.0,0.0,0.0,0.0,0.0,0.0,0.0,0.0,0.0,0.0,0.0,4.0,0.0,0.0,0.0,0.0,1.0,0.0,0.0,0.0,1.0,0.0,0.0,0.0,14.0,4.0,4.0,2.0,0.0,0.0,0.0,19.0,1.0,0.0,0.0,0.0,0.0,0.0,0.0,0.0,0.0,0.0,0.0,0.0,0.0,0.0,0.0,4.0,0.0,0.0,0.0,0.0,1.0,0.0,0.0,0.0,0.0,0.0,0.0,0.0,3.0,4.0,2.0,5113962324.0,-1.0,百色市隆林各族自治县,百色市隆林各族自治县天生桥镇,8.0,18.9,0.0,2.1,29.0,27.59375,34.38592592592593,38.14581005586592
广西壮族自治区,百色市,隆林各族自治县,平班镇,105.4702229,24.7521969,0.0,0.0,13.0,12.0,10.0,1.0,0.0,0.0,0.0,0.0,1.0,0.0,0.0,0.0,0.0,0.0,0.0,0.0,0.0,0.0,7.0,0.0,0.0,0.0,0.0,6.0,0.0,0.0,0.0,0.0,0.0,0.0,0.0,2.0,8.0,2.0,0.0,0.0,7.0,6.0,8.0,0.0,0.0,0.0,0.0,0.0,0.0,0.0,0.0,0.0,0.0,0.0,0.0,0.0,0.0,0.0,5.0,0.0,0.0,0.0,0.0,2.0,0.0,0.0,0.0,0.0,0.0,0.0,0.0,2.0,4.0,2.0,4913187687.0,-1.0,百色市隆林各族自治县,百色市隆林各族自治县平班镇,12.0,20.4,0.0,1.0,33.4,27.59375,34.38592592592593,38.14581005586592
广西壮族自治区,百色市,隆林各族自治县,德峨镇,105.163021,24.6410102,4.0,0.0,4.0,4.0,13.0,0.0,0.0,1.0,0.0,0.0,0.0,0.0,0.0,0.0,0.0,0.0,0.0,0.0,0.0,0.0,21.0,0.0,0.0,0.0,0.0,10.0,0.0,0.0,0.0,0.0,0.0,0.0,0.0,2.0,6.0,3.0,2.0,0.0,1.0,3.0,7.0,0.0,0.0,0.0,0.0,0.0,0.0,0.0,0.0,0.0,0.0,0.0,0.0,0.0,0.0,0.0,14.0,0.0,0.0,0.0,0.0,2.0,0.0,0.0,0.0,0.0,0.0,0.0,0.0,2.0,5.0,3.0,4912602455.0,-1.0,百色市隆林各族自治县,百色市隆林各族自治县德峨镇,12.0,16.7,0.0,1.5,30.2,27.59375,34.38592592592593,38.14581005586592
广西壮族自治区,百色市,隆林各族自治县,隆或镇,105.5730536,24.5877366,0.0,0.0,3.0,0.0,38.0,0.0,0.0,0.0,0.0,0.0,0.0,0.0,0.0,0.0,0.0,0.0,0.0,0.0,0.0,0.0,4.0,0.0,0.0,0.0,0.0,8.0,0.0,0.0,0.0,0.0,0.0,0.0,0.0,2.0,3.0,3.0,0.0,0.0,3.0,0.0,14.0,0.0,0.0,0.0,0.0,0.0,0.0,0.0,0.0,0.0,0.0,0.0,0.0,0.0,0.0,0.0,3.0,0.0,0.0,0.0,0.0,2.0,0.0,0.0,0.0,0.0,0.0,0.0,0.0,1.0,3.0,3.0,3812808802.0,-1.0,百色市隆林各族自治县,百色市隆林各族自治县隆或镇,12.0,18.3,0.0,1.5,31.8,27.59375,34.38592592592593,38.14581005586592
广西壮族自治区,百色市,隆林各族自治县,沙梨乡,105.6145268,24.7403944,9.0,0.0,1.0,1.0,7.0,0.0,0.0,0.0,0.0,0.0,0.0,0.0,0.0,0.0,0.0,0.0,0.0,0.0,0.0,0.0,2.0,0.0,0.0,0.0,0.0,1.0,0.0,0.0,0.0,0.0,0.0,0.0,0.0,4.0,6.0,3.0,8.0,0.0,0.0,1.0,7.0,0.0,0.0,0.0,0.0,0.0,0.0,0.0,0.0,0.0,0.0,0.0,0.0,0.0,0.0,0.0,1.0,0.0,0.0,0.0,0.0,1.0,0.0,0.0,0.0,0.0,0.0,0.0,0.0,3.0,4.0,3.0,3812808806.0,-1.0,百色市隆林各族自治县,百色市隆林各族自治县沙梨乡,8.0,12.5,0.0,1.5,22.0,27.59375,34.38592592592593,38.14581005586592
广西壮族自治区,百色市,隆林各族自治县,者保乡,105.3697347,24.887645,0.0,0.0,5.0,3.0,3.0,0.0,0.0,0.0,0.0,0.0,0.0,0.0,0.0,0.0,0.0,0.0,0.0,0.0,0.0,0.0,4.0,0.0,0.0,0.0,0.0,3.0,0.0,0.0,0.0,0.0,0.0,0.0,0.0,1.0,4.0,4.0,0.0,0.0,3.0,2.0,1.0,0.0,0.0,0.0,0.0,0.0,0.0,0.0,0.0,0.0,0.0,0.0,0.0,0.0,0.0,0.0,4.0,0.0,0.0,0.0,0.0,1.0,0.0,0.0,0.0,0.0,0.0,0.0,0.0,1.0,3.0,3.0,5118748734.0,-1.0,百色市隆林各族自治县,百色市隆林各族自治县者保乡,10.0,10.9,0.0,2.0,22.9,27.59375,34.38592592592593,38.14581005586592
广西壮族自治区,百色市,隆林各族自治县,者浪乡,105.2632875,24.7893701,1.0,1.0,1.0,7.0,1.0,0.0,0.0,0.0,0.0,0.0,0.0,0.0,0.0,0.0,0.0,0.0,0.0,0.0,0.0,0.0,0.0,0.0,0.0,0.0,0.0,7.0,0.0,0.0,0.0,0.0,0.0,0.0,0.0,3.0,5.0,1.0,1.0,1.0,0.0,1.0,0.0,0.0,0.0,0.0,0.0,0.0,0.0,0.0,0.0,0.0,0.0,0.0,0.0,0.0,0.0,0.0,0.0,0.0,0.0,0.0,0.0,2.0,0.0,0.0,0.0,0.0,0.0,0.0,0.0,2.0,3.0,0.0,4913188333.0,-1.0,百色市隆林各族自治县,百色市隆林各族自治县者浪乡,12.0,12.7,0.0,0.5,25.2,27.59375,34.38592592592593,38.14581005586592
广西壮族自治区,百色市,隆林各族自治县,革步乡,105.0320746,24.7845584,0.0,0.0,2.0,0.0,1.0,0.0,0.0,0.0,0.0,0.0,0.0,0.0,0.0,0.0,0.0,0.0,0.0,0.0,0.0,0.0,0.0,0.0,0.0,0.0,0.0,2.0,0.0,0.0,0.0,0.0,0.0,0.0,0.0,10.0,2.0,2.0,0.0,0.0,1.0,0.0,0.0,0.0,0.0,0.0,0.0,0.0,0.0,0.0,0.0,0.0,0.0,0.0,0.0,0.0,0.0,0.0,0.0,0.0,0.0,0.0,0.0,1.0,0.0,0.0,0.0,0.0,0.0,0.0,0.0,10.0,1.0,2.0,3810047427.0,-1.0,百色市隆林各族自治县,百色市隆林各族自治县革步乡,9.0,6.2,0.0,1.0,16.2,27.59375,34.38592592592593,38.14581005586592
广西壮族自治区,百色市,隆林各族自治县,金钟山乡,104.8785016,24.6667083,0.0,0.0,0.0,1.0,0.0,0.0,0.0,0.0,0.0,0.0,0.0,0.0,0.0,0.0,0.0,0.0,0.0,0.0,0.0,0.0,0.0,0.0,0.0,0.0,0.0,1.0,0.0,0.0,0.0,0.0,0.0,0.0,0.0,2.0,1.0,2.0,0.0,0.0,0.0,1.0,0.0,0.0,0.0,0.0,0.0,0.0,0.0,0.0,0.0,0.0,0.0,0.0,0.0,0.0,0.0,0.0,0.0,0.0,0.0,0.0,0.0,1.0,0.0,0.0,0.0,0.0,0.0,0.0,0.0,2.0,1.0,1.0,3810047428.0,-1.0,百色市隆林各族自治县,百色市隆林各族自治县金钟山乡,8.0,1.5,0.0,1.0,10.5,27.59375,34.38592592592593,38.14581005586592
广西壮族自治区,百色市,隆林各族自治县,猪场乡,105.1094222,24.653544,0.0,0.0,4.0,0.0,7.0,0.0,0.0,0.0,0.0,0.0,0.0,0.0,0.0,0.0,0.0,0.0,0.0,0.0,0.0,0.0,3.0,0.0,0.0,0.0,0.0,6.0,0.0,0.0,0.0,0.0,0.0,0.0,0.0,1.0,4.0,2.0,0.0,0.0,2.0,0.0,6.0,0.0,0.0,0.0,0.0,0.0,0.0,0.0,0.0,0.0,0.0,0.0,0.0,0.0,0.0,0.0,3.0,0.0,0.0,0.0,0.0,1.0,0.0,0.0,0.0,0.0,0.0,0.0,0.0,1.0,4.0,1.0,3810047429.0,-1.0,百色市隆林各族自治县,百色市隆林各族自治县猪场乡,12.0,10.2,0.0,1.0,23.2,27.59375,34.38592592592593,38.14581005586592
广西壮族自治区,百色市,隆林各族自治县,蛇场乡,105.3025589,24.5215642,0.0,0.0,4.0,0.0,13.0,0.0,0.0,0.0,0.0,0.0,0.0,0.0,0.0,0.0,0.0,0.0,0.0,0.0,0.0,0.0,7.0,0.0,0.0,0.0,0.0,9.0,0.0,0.0,0.0,0.0,0.0,0.0,0.0,1.0,4.0,3.0,0.0,0.0,1.0,0.0,6.0,0.0,0.0,0.0,0.0,0.0,0.0,0.0,0.0,0.0,0.0,0.0,0.0,0.0,0.0,0.0,3.0,0.0,0.0,0.0,0.0,2.0,0.0,0.0,0.0,0.0,0.0,0.0,0.0,1.0,3.0,2.0,4913189155.0,-1.0,百色市隆林各族自治县,百色市隆林各族自治县蛇场乡,12.0,11.4,0.0,1.5,24.9,27.59375,34.38592592592593,38.14581005586592
广西壮族自治区,百色市,隆林各族自治县,克长乡,105.4036478,24.5768156,0.0,0.0,3.0,4.0,3.0,0.0,0.0,0.0,0.0,0.0,0.0,0.0,0.0,0.0,0.0,0.0,0.0,0.0,0.0,0.0,7.0,0.0,0.0,0.0,0.0,5.0,0.0,0.0,0.0,0.0,0.0,0.0,0.0,1.0,4.0,3.0,0.0,0.0,1.0,2.0,2.0,0.0,0.0,0.0,0.0,0.0,0.0,0.0,0.0,0.0,0.0,0.0,0.0,0.0,0.0,0.0,4.0,0.0,0.0,0.0,0.0,2.0,0.0,0.0,0.0,0.0,0.0,0.0,0.0,1.0,4.0,2.0,4913189176.0,-1.0,百色市隆林各族自治县,百色市隆林各族自治县克长乡,12.0,12.2,0.0,1.5,25.7,27.59375,34.38592592592593,38.14581005586592
广西壮族自治区,百色市,隆林各族自治县,岩茶乡,105.4352963,24.5042414,0.0,0.0,10.0,2.0,14.0,0.0,0.0,5.0,0.0,0.0,0.0,0.0,0.0,0.0,0.0,0.0,0.0,0.0,0.0,0.0,10.0,0.0,0.0,0.0,0.0,5.0,0.0,0.0,0.0,0.0,0.0,0.0,0.0,1.0,7.0,3.0,0.0,0.0,4.0,0.0,8.0,0.0,0.0,1.0,0.0,0.0,0.0,0.0,0.0,0.0,0.0,0.0,0.0,0.0,0.0,0.0,6.0,0.0,0.0,0.0,0.0,1.0,0.0,0.0,0.0,0.0,0.0,0.0,0.0,1.0,5.0,3.0,4913189178.0,-1.0,百色市隆林各族自治县,百色市隆林各族自治县岩茶乡,12.0,15.7,0.0,1.5,29.2,27.59375,34.38592592592593,38.14581005586592
广西壮族自治区,百色市,隆林各族自治县,介廷乡,105.5504202,24.4349183,0.0,0.0,6.0,1.0,24.0,3.0,0.0,0.0,0.0,0.0,0.0,0.0,0.0,0.0,0.0,0.0,0.0,0.0,0.0,0.0,6.0,0.0,0.0,0.0,0.0,4.0,0.0,0.0,0.0,0.0,0.0,0.0,0.0,3.0,5.0,2.0,0.0,0.0,5.0,1.0,5.0,1.0,0.0,0.0,0.0,0.0,0.0,0.0,0.0,0.0,0.0,0.0,0.0,0.0,0.0,0.0,6.0,0.0,0.0,0.0,0.0,3.0,0.0,0.0,0.0,0.0,0.0,0.0,0.0,1.0,5.0,2.0,3809636821.0,11246742.0,百色市隆林各族自治县,百色市隆林各族自治县介廷乡,19.0,14.8,0.0,1.0,34.8,27.59375,34.38592592592593,38.14581005586592
广西壮族自治区,百色市,靖西市,新靖镇,106.4105934,23.1302591,0.0,79.0,119.0,43.0,521.0,1162.0,19.0,3123.0,101.0,610.0,7.0,78.0,38.0,242.0,15.0,57.0,4.0,29.0,25.0,3255.0,1177.0,130.0,40.0,35.0,41.0,47.0,32217.0,12.0,31619.0,17.0,17.0,242.0,244.0,5.0,23.0,32.0,0.0,25.0,28.0,5.0,102.0,218.0,8.0,678.0,19.0,141.0,1.0,33.0,15.0,109.0,2.0,17.0,2.0,9.0,9.0,1359.0,278.0,49.0,6.0,18.0,9.0,16.0,8593.0,0.0,8433.0,13.0,3.0,47.0,120.0,3.0,18.0,21.0,244080831.0,-1.0,百色市靖西市,百色市靖西市新靖镇,12.0,30.0,30.0,20.0,92.0,37.26315789473684,34.38592592592593,38.14581005586592
广西壮族自治区,百色市,靖西市,化峒镇,106.4975562,23.0439333,4.0,4.0,0.0,2.0,9.0,15.0,0.0,0.0,1.0,0.0,0.0,3.0,0.0,0.0,1.0,1.0,0.0,0.0,0.0,0.0,7.0,2.0,0.0,0.0,0.0,19.0,531.0,0.0,0.0,0.0,0.0,1.0,0.0,3.0,10.0,7.0,4.0,4.0,0.0,0.0,1.0,9.0,0.0,0.0,1.0,0.0,0.0,3.0,0.0,0.0,1.0,1.0,0.0,0.0,0.0,0.0,2.0,2.0,0.0,0.0,0.0,1.0,531.0,0.0,0.0,0.0,0.0,0.0,0.0,3.0,6.0,5.0,4565466966.0,-1.0,百色市靖西市,百色市靖西市化峒镇,12.0,15.1,10.0,19.5,56.6,37.26315789473684,34.38592592592593,38.14581005586592
广西壮族自治区,百色市,靖西市,湖润镇,106.7036174,22.9626803,10.0,0.0,3.0,0.0,12.0,0.0,0.0,0.0,0.0,0.0,0.0,0.0,0.0,0.0,0.0,0.0,0.0,0.0,0.0,0.0,3.0,0.0,3.0,0.0,0.0,1.0,0.0,0.0,0.0,0.0,0.0,0.0,0.0,7.0,5.0,4.0,7.0,0.0,3.0,0.0,11.0,0.0,0.0,0.0,0.0,0.0,0.0,0.0,0.0,0.0,0.0,0.0,0.0,0.0,0.0,0.0,3.0,0.0,1.0,0.0,0.0,1.0,0.0,0.0,0.0,0.0,0.0,0.0,0.0,3.0,4.0,3.0,5120158728.0,-1.0,百色市靖西市,百色市靖西市湖润镇,8.0,13.2,0.0,2.0,23.2,37.26315789473684,34.38592592592593,38.14581005586592
广西壮族自治区,百色市,靖西市,安德镇,106.0148876,23.2585679,4.0,0.0,1.0,0.0,10.0,1.0,0.0,0.0,0.0,0.0,0.0,0.0,0.0,0.0,0.0,0.0,0.0,0.0,0.0,0.0,7.0,0.0,0.0,0.0,0.0,11.0,0.0,0.0,0.0,0.0,0.0,0.0,0.0,4.0,5.0,4.0,3.0,0.0,1.0,0.0,10.0,0.0,0.0,0.0,0.0,0.0,0.0,0.0,0.0,0.0,0.0,0.0,0.0,0.0,0.0,0.0,1.0,0.0,0.0,0.0,0.0,3.0,0.0,0.0,0.0,0.0,0.0,0.0,0.0,2.0,4.0,3.0,4565364973.0,-1.0,百色市靖西市,百色市靖西市安德镇,12.0,12.5,0.0,2.0,26.5,37.26315789473684,34.38592592592593,38.14581005586592
广西壮族自治区,百色市,靖西市,龙临镇,106.1705957,23.2421402,2.0,0.0,3.0,1.0,17.0,4.0,0.0,0.0,0.0,0.0,0.0,0.0,0.0,0.0,0.0,0.0,0.0,0.0,0.0,0.0,6.0,0.0,2.0,0.0,0.0,5.0,1.0,0.0,0.0,0.0,0.0,0.0,0.0,2.0,6.0,9.0,2.0,0.0,3.0,1.0,15.0,2.0,0.0,0.0,0.0,0.0,0.0,0.0,0.0,0.0,0.0,0.0,0.0,0.0,0.0,0.0,3.0,0.0,0.0,0.0,0.0,2.0,0.0,0.0,0.0,0.0,0.0,0.0,0.0,2.0,6.0,5.0,4565364984.0,-1.0,百色市靖西市,百色市靖西市龙临镇,12.0,16.9,0.0,4.1,33.0,37.26315789473684,34.38592592592593,38.14581005586592
广西壮族自治区,百色市,靖西市,渠洋镇,106.3177518,23.3117643,0.0,0.0,2.0,3.0,9.0,0.0,0.0,0.0,0.0,0.0,0.0,0.0,0.0,0.0,0.0,0.0,0.0,0.0,0.0,0.0,5.0,0.0,0.0,0.0,0.0,5.0,0.0,0.0,0.0,0.0,0.0,0.0,4.0,2.0,4.0,9.0,0.0,0.0,2.0,2.0,5.0,0.0,0.0,0.0,0.0,0.0,0.0,0.0,0.0,0.0,0.0,0.0,0.0,0.0,0.0,0.0,2.0,0.0,0.0,0.0,0.0,2.0,0.0,0.0,0.0,0.0,0.0,0.0,4.0,2.0,4.0,5.0,7693944002.0,-1.0,百色市靖西市,百色市靖西市渠洋镇,12.0,13.3,0.0,4.0,29.3,37.26315789473684,34.38592592592593,38.14581005586592
广西壮族自治区,百色市,靖西市,岳圩镇,106.5351072,22.9579337,5.0,7.0,1.0,4.0,51.0,20.0,0.0,13.0,0.0,0.0,0.0,0.0,0.0,0.0,0.0,0.0,0.0,0.0,0.0,0.0,4.0,0.0,1.0,0.0,0.0,6.0,10.0,0.0,0.0,0.0,0.0,0.0,2.0,13.0,11.0,10.0,1.0,0.0,1.0,0.0,15.0,0.0,0.0,0.0,0.0,0.0,0.0,0.0,0.0,0.0,0.0,0.0,0.0,0.0,0.0,0.0,2.0,0.0,0.0,0.0,0.0,1.0,0.0,0.0,0.0,0.0,0.0,0.0,0.0,2.0,5.0,4.0,4565466969.0,-1.0,百色市靖西市,百色市靖西市岳圩镇,12.0,24.0,0.0,5.0,41.0,37.26315789473684,34.38592592592593,38.14581005586592
广西壮族自治区,百色市,靖西市,龙邦镇,106.3252115,22.8880367,22.0,26.0,0.0,9.0,67.0,19.0,0.0,13.0,0.0,0.0,1.0,0.0,0.0,0.0,1.0,1.0,0.0,0.0,0.0,0.0,9.0,0.0,0.0,0.0,0.0,8.0,23.0,0.0,0.0,1.0,0.0,1.0,0.0,13.0,15.0,9.0,1.0,1.0,0.0,2.0,8.0,2.0,0.0,0.0,0.0,0.0,1.0,0.0,0.0,0.0,1.0,1.0,0.0,0.0,0.0,0.0,1.0,0.0,0.0,0.0,0.0,2.0,7.0,0.0,0.0,1.0,0.0,1.0,0.0,3.0,7.0,6.0,4971869645.0,-1.0,百色市靖西市,百色市靖西市龙邦镇,12.0,26.0,5.0,7.2,50.2,37.26315789473684,34.38592592592593,38.14581005586592
广西壮族自治区,百色市,靖西市,禄峒镇,106.304,23.1367,0.0,0.0,2.0,6.0,12.0,0.0,0.0,1.0,0.0,0.0,0.0,0.0,0.0,0.0,0.0,0.0,0.0,0.0,0.0,0.0,5.0,0.0,1.0,0.0,1.0,17.0,0.0,0.0,0.0,0.0,0.0,0.0,3.0,1.0,8.0,11.0,0.0,0.0,2.0,1.0,2.0,0.0,0.0,0.0,0.0,0.0,0.0,0.0,0.0,0.0,0.0,0.0,0.0,0.0,0.0,0.0,5.0,0.0,0.0,0.0,0.0,1.0,0.0,0.0,0.0,0.0,0.0,0.0,0.0,1.0,3.0,3.0,4565364985.0,-1.0,百色市靖西市,百色市靖西市禄峒镇,12.0,17.0,0.0,4.0,33.0,37.26315789473684,34.38592592592593,38.14581005586592
广西壮族自治区,百色市,靖西市,武平镇,106.5061669,23.1781984,2.0,0.0,4.0,0.0,19.0,22.0,0.0,0.0,0.0,0.0,0.0,1.0,0.0,0.0,0.0,0.0,0.0,0.0,0.0,0.0,6.0,1.0,1.0,0.0,0.0,7.0,198.0,0.0,0.0,0.0,0.0,0.0,0.0,4.0,9.0,11.0,1.0,0.0,2.0,0.0,8.0,13.0,0.0,0.0,0.0,0.0,0.0,1.0,0.0,0.0,0.0,0.0,0.0,0.0,0.0,0.0,3.0,1.0,0.0,0.0,0.0,2.0,198.0,0.0,0.0,0.0,0.0,0.0,0.0,2.0,6.0,5.0,4142484962.0,-1.0,百色市靖西市,百色市靖西市武平镇,12.0,15.2,5.0,20.0,52.2,37.26315789473684,34.38592592592593,38.14581005586592
广西壮族自治区,百色市,靖西市,地州镇,106.3615273,23.0054479,1.0,0.0,2.0,3.0,9.0,0.0,0.0,0.0,0.0,0.0,0.0,0.0,0.0,0.0,1.0,1.0,0.0,0.0,0.0,0.0,1.0,0.0,0.0,0.0,0.0,1.0,1.0,0.0,0.0,0.0,0.0,0.0,0.0,3.0,9.0,3.0,1.0,0.0,2.0,2.0,4.0,0.0,0.0,0.0,0.0,0.0,0.0,0.0,0.0,0.0,1.0,1.0,0.0,0.0,0.0,0.0,1.0,0.0,0.0,0.0,0.0,1.0,0.0,0.0,0.0,0.0,0.0,0.0,0.0,3.0,9.0,3.0,4565364980.0,-1.0,百色市靖西市,百色市靖西市地州镇,8.0,15.0,5.0,1.6,29.6,37.26315789473684,34.38592592592593,38.14581005586592
广西壮族自治区,百色市,靖西市,同德乡,106.5809867,23.0949478,0.0,0.0,7.0,3.0,47.0,1.0,0.0,0.0,0.0,0.0,0.0,0.0,0.0,0.0,0.0,0.0,0.0,0.0,0.0,0.0,6.0,0.0,0.0,0.0,0.0,14.0,0.0,0.0,0.0,0.0,0.0,0.0,0.0,1.0,5.0,5.0,0.0,0.0,7.0,3.0,28.0,1.0,0.0,0.0,0.0,0.0,0.0,0.0,0.0,0.0,0.0,0.0,0.0,0.0,0.0,0.0,5.0,0.0,0.0,0.0,0.0,4.0,0.0,0.0,0.0,0.0,0.0,0.0,0.0,1.0,5.0,5.0,4142490773.0,-1.0,百色市靖西市,百色市靖西市同德乡,12.0,22.5,0.0,2.5,37.0,37.26315789473684,34.38592592592593,38.14581005586592
广西壮族自治区,百色市,靖西市,壬庄乡,106.4287785,22.937499,2.0,0.0,2.0,4.0,10.0,0.0,0.0,0.0,0.0,0.0,0.0,0.0,0.0,0.0,0.0,0.0,0.0,0.0,0.0,0.0,7.0,0.0,0.0,0.0,0.0,4.0,0.0,0.0,0.0,0.0,0.0,0.0,0.0,2.0,5.0,1.0,1.0,0.0,1.0,1.0,2.0,0.0,0.0,0.0,0.0,0.0,0.0,0.0,0.0,0.0,0.0,0.0,0.0,0.0,0.0,0.0,6.0,0.0,0.0,0.0,0.0,1.0,0.0,0.0,0.0,0.0,0.0,0.0,0.0,2.0,5.0,1.0,5120148846.0,-1.0,百色市靖西市,百色市靖西市壬庄乡,11.0,14.1,0.0,0.5,25.6,37.26315789473684,34.38592592592593,38.14581005586592
广西壮族自治区,百色市,靖西市,安宁乡,106.273,22.9694,6.0,0.0,3.0,10.0,19.0,2.0,0.0,0.0,0.0,0.0,0.0,0.0,0.0,0.0,0.0,0.0,0.0,0.0,0.0,0.0,0.0,0.0,0.0,0.0,0.0,2.0,17.0,0.0,0.0,0.0,0.0,0.0,0.0,2.0,6.0,1.0,0.0,0.0,2.0,5.0,3.0,0.0,0.0,0.0,0.0,0.0,0.0,0.0,0.0,0.0,0.0,0.0,0.0,0.0,0.0,0.0,0.0,0.0,0.0,0.0,0.0,1.0,1.0,0.0,0.0,0.0,0.0,0.0,0.0,1.0,3.0,0.0,4565364974.0,-1.0,百色市靖西市,百色市靖西市安宁乡,9.0,17.7,0.0,2.3,29.0,37.26315789473684,34.38592592592593,38.14581005586592
广西壮族自治区,百色市,靖西市,南坡乡,106.038611,23.108056,0.0,0.0,4.0,7.0,14.0,0.0,0.0,0.0,0.0,0.0,0.0,0.0,0.0,0.0,0.0,0.0,0.0,0.0,0.0,0.0,14.0,0.0,0.0,0.0,0.0,4.0,0.0,0.0,0.0,0.0,0.0,0.0,0.0,1.0,5.0,2.0,0.0,0.0,3.0,3.0,6.0,0.0,0.0,0.0,0.0,0.0,0.0,0.0,0.0,0.0,0.0,0.0,0.0,0.0,0.0,0.0,2.0,0.0,0.0,0.0,0.0,1.0,0.0,0.0,0.0,0.0,0.0,0.0,0.0,1.0,5.0,1.0,4565364987.0,-1.0,百色市靖西市,百色市靖西市南坡乡,11.0,17.1,0.0,1.0,29.1,37.26315789473684,34.38592592592593,38.14581005586592
广西壮族自治区,百色市,靖西市,吞盘乡,106.111064,23.066879,0.0,0.0,7.0,4.0,13.0,0.0,0.0,0.0,0.0,0.0,0.0,0.0,0.0,0.0,0.0,0.0,0.0,0.0,0.0,0.0,16.0,0.0,0.0,0.0,0.0,6.0,0.0,0.0,0.0,0.0,0.0,0.0,0.0,1.0,6.0,1.0,0.0,0.0,3.0,1.0,2.0,0.0,0.0,0.0,0.0,0.0,0.0,0.0,0.0,0.0,0.0,0.0,0.0,0.0,0.0,0.0,3.0,0.0,0.0,0.0,0.0,1.0,0.0,0.0,0.0,0.0,0.0,0.0,0.0,1.0,3.0,1.0,4565365191.0,-1.0,百色市靖西市,百色市靖西市吞盘乡,12.0,15.2,0.0,0.5,27.7,37.26315789473684,34.38592592592593,38.14581005586592
广西壮族自治区,百色市,靖西市,果乐乡,106.124545,23.3217463,0.0,0.0,1.0,2.0,17.0,0.0,0.0,0.0,0.0,0.0,0.0,0.0,0.0,0.0,0.0,0.0,0.0,0.0,0.0,0.0,8.0,0.0,0.0,0.0,0.0,10.0,1.0,0.0,0.0,0.0,0.0,0.0,0.0,1.0,5.0,3.0,0.0,0.0,1.0,1.0,3.0,0.0,0.0,0.0,0.0,0.0,0.0,0.0,0.0,0.0,0.0,0.0,0.0,0.0,0.0,0.0,2.0,0.0,0.0,0.0,0.0,1.0,0.0,0.0,0.0,0.0,0.0,0.0,0.0,1.0,3.0,2.0,4565364981.0,-1.0,百色市靖西市,百色市靖西市果乐乡,12.0,13.8,0.0,1.6,27.400000000000002,37.26315789473684,34.38592592592593,38.14581005586592
广西壮族自治区,百色市,靖西市,新甲乡,106.2590258,23.2885525,0.0,0.0,5.0,4.0,37.0,0.0,0.0,1.0,0.0,0.0,0.0,0.0,0.0,0.0,0.0,0.0,0.0,0.0,0.0,0.0,16.0,0.0,1.0,0.0,0.0,7.0,0.0,0.0,0.0,0.0,0.0,1.0,0.0,1.0,6.0,12.0,0.0,0.0,2.0,2.0,9.0,0.0,0.0,0.0,0.0,0.0,0.0,0.0,0.0,0.0,0.0,0.0,0.0,0.0,0.0,0.0,2.0,0.0,0.0,0.0,0.0,2.0,0.0,0.0,0.0,0.0,0.0,0.0,0.0,1.0,4.0,3.0,4565466968.0,-1.0,百色市靖西市,百色市靖西市新甲乡,12.0,22.1,0.0,4.0,38.1,37.26315789473684,34.38592592592593,38.14581005586592
广西壮族自治区,百色市,靖西市,魁圩乡,106.1355739,23.4294369,0.0,4.0,2.0,0.0,21.0,2.0,0.0,0.0,0.0,0.0,0.0,0.0,0.0,0.0,0.0,0.0,0.0,0.0,0.0,0.0,1.0,0.0,0.0,0.0,0.0,5.0,0.0,0.0,0.0,0.0,0.0,0.0,0.0,1.0,5.0,4.0,0.0,2.0,1.0,0.0,6.0,1.0,0.0,0.0,0.0,0.0,0.0,0.0,0.0,0.0,0.0,0.0,0.0,0.0,0.0,0.0,1.0,0.0,0.0,0.0,0.0,2.0,0.0,0.0,0.0,0.0,0.0,0.0,0.0,1.0,5.0,4.0,4565364982.0,-1.0,百色市靖西市,百色市靖西市魁圩乡,12.0,13.5,0.0,2.0,27.5,37.26315789473684,34.38592592592593,38.14581005586592
广西壮族自治区,百色市,平果市,马头镇,107.5777971,23.3282004,0.0,19.0,10.0,31.0,104.0,21.0,0.0,7.0,1.0,2.0,1.0,1.0,1.0,1.0,7.0,11.0,0.0,0.0,0.0,8.0,5.0,3.0,6.0,1.0,0.0,2.0,32.0,0.0,0.0,2.0,1.0,26.0,4.0,7.0,12.0,12.0,0.0,6.0,2.0,8.0,29.0,10.0,0.0,2.0,0.0,1.0,0.0,1.0,0.0,0.0,4.0,6.0,0.0,0.0,0.0,3.0,1.0,2.0,0.0,0.0,0.0,2.0,8.0,0.0,0.0,1.0,1.0,8.0,1.0,2.0,8.0,7.0,4569077609.0,-1.0,百色市平果市,百色市平果市马头镇,9.0,30.0,13.0,8.3,60.3,29.508333333333336,34.38592592592593,38.14581005586592
广西壮族自治区,百色市,平果市,新安镇,107.5354985,23.2964422,2.0,1.0,3.0,1.0,14.0,2.0,0.0,0.0,0.0,0.0,0.0,0.0,0.0,0.0,0.0,0.0,0.0,0.0,0.0,0.0,19.0,0.0,3.0,0.0,0.0,6.0,0.0,0.0,0.0,0.0,0.0,0.0,5.0,5.0,10.0,8.0,1.0,0.0,0.0,0.0,3.0,0.0,0.0,0.0,0.0,0.0,0.0,0.0,0.0,0.0,0.0,0.0,0.0,0.0,0.0,0.0,7.0,0.0,1.0,0.0,0.0,2.0,0.0,0.0,0.0,0.0,0.0,0.0,0.0,3.0,3.0,2.0,4568855553.0,-1.0,百色市平果市,百色市平果市新安镇,12.0,13.7,0.0,4.0,29.7,29.508333333333336,34.38592592592593,38.14581005586592
广西壮族自治区,百色市,平果市,果化镇,107.4184963,23.4184643,1.0,0.0,6.0,1.0,11.0,5.0,0.0,0.0,0.0,0.0,0.0,0.0,0.0,0.0,1.0,1.0,0.0,0.0,0.0,0.0,13.0,0.0,1.0,0.0,0.0,3.0,0.0,0.0,0.0,1.0,0.0,0.0,1.0,7.0,9.0,5.0,0.0,0.0,2.0,1.0,7.0,0.0,0.0,0.0,0.0,0.0,0.0,0.0,0.0,0.0,0.0,0.0,0.0,0.0,0.0,0.0,2.0,0.0,0.0,0.0,0.0,1.0,0.0,0.0,0.0,0.0,0.0,0.0,0.0,3.0,5.0,3.0,4569077608.0,-1.0,百色市平果市,百色市平果市果化镇,10.0,14.3,0.0,2.6,26.900000000000002,29.508333333333336,34.38592592592593,38.14581005586592
广西壮族自治区,百色市,平果市,太平镇,107.5164011,23.4935352,0.0,0.0,2.0,0.0,10.0,0.0,0.0,0.0,0.0,0.0,0.0,0.0,0.0,0.0,0.0,0.0,0.0,0.0,0.0,0.0,10.0,0.0,0.0,0.0,0.0,7.0,0.0,0.0,0.0,0.0,0.0,0.0,0.0,2.0,3.0,3.0,0.0,0.0,2.0,0.0,7.0,0.0,0.0,0.0,0.0,0.0,0.0,0.0,0.0,0.0,0.0,0.0,0.0,0.0,0.0,0.0,1.0,0.0,0.0,0.0,0.0,1.0,0.0,0.0,0.0,0.0,0.0,0.0,0.0,1.0,3.0,1.0,4487356830.0,-1.0,百色市平果市,百色市平果市太平镇,12.0,10.6,0.0,1.5,24.1,29.508333333333336,34.38592592592593,38.14581005586592
广西壮族自治区,百色市,平果市,坡造镇,107.7056136,23.4424808,0.0,3.0,0.0,1.0,7.0,0.0,0.0,0.0,0.0,0.0,1.0,0.0,0.0,0.0,0.0,0.0,0.0,0.0,0.0,0.0,8.0,0.0,2.0,0.0,0.0,1.0,9.0,0.0,0.0,0.0,0.0,0.0,0.0,1.0,8.0,3.0,0.0,1.0,0.0,1.0,6.0,0.0,0.0,0.0,0.0,0.0,0.0,0.0,0.0,0.0,0.0,0.0,0.0,0.0,0.0,0.0,3.0,0.0,1.0,0.0,0.0,1.0,3.0,0.0,0.0,0.0,0.0,0.0,0.0,1.0,4.0,3.0,4958259829.0,-1.0,百色市平果市,百色市平果市坡造镇,8.0,15.2,0.0,2.7,25.9,29.508333333333336,34.38592592592593,38.14581005586592
广西壮族自治区,百色市,平果市,四塘镇,107.8021678,23.3968195,0.0,1.0,0.0,8.0,4.0,0.0,0.0,0.0,0.0,0.0,0.0,0.0,0.0,0.0,0.0,0.0,0.0,0.0,0.0,0.0,11.0,0.0,1.0,0.0,0.0,1.0,4.0,0.0,0.0,0.0,0.0,1.0,0.0,2.0,7.0,5.0,0.0,1.0,0.0,1.0,0.0,0.0,0.0,0.0,0.0,0.0,0.0,0.0,0.0,0.0,0.0,0.0,0.0,0.0,0.0,0.0,4.0,0.0,0.0,0.0,0.0,1.0,1.0,0.0,0.0,0.0,0.0,1.0,0.0,1.0,4.0,2.0,5516044253.0,-1.0,百色市平果市,百色市平果市四塘镇,8.0,14.3,0.0,3.0,25.3,29.508333333333336,34.38592592592593,38.14581005586592
广西壮族自治区,百色市,平果市,旧城镇,107.6814062,23.5674204,0.0,5.0,4.0,6.0,13.0,0.0,0.0,0.0,0.0,0.0,0.0,0.0,0.0,0.0,0.0,0.0,0.0,0.0,0.0,0.0,13.0,0.0,0.0,0.0,0.0,4.0,2.0,0.0,0.0,0.0,0.0,1.0,0.0,5.0,5.0,6.0,0.0,1.0,1.0,2.0,4.0,0.0,0.0,0.0,0.0,0.0,0.0,0.0,0.0,0.0,0.0,0.0,0.0,0.0,0.0,0.0,8.0,0.0,0.0,0.0,0.0,1.0,0.0,0.0,0.0,0.0,0.0,0.0,0.0,1.0,5.0,4.0,5091457637.0,-1.0,百色市平果市,百色市平果市旧城镇,11.0,16.3,0.0,3.2,30.5,29.508333333333336,34.38592592592593,38.14581005586592
广西壮族自治区,百色市,平果市,榜圩镇,107.6194306,23.7478989,0.0,4.0,0.0,8.0,48.0,3.0,0.0,2.0,0.0,0.0,1.0,0.0,0.0,0.0,0.0,0.0,0.0,0.0,0.0,0.0,14.0,0.0,0.0,0.0,0.0,7.0,0.0,0.0,0.0,0.0,0.0,0.0,0.0,3.0,7.0,7.0,0.0,1.0,0.0,4.0,24.0,1.0,0.0,0.0,0.0,0.0,1.0,0.0,0.0,0.0,0.0,0.0,0.0,0.0,0.0,0.0,5.0,0.0,0.0,0.0,0.0,1.0,0.0,0.0,0.0,0.0,0.0,0.0,0.0,2.0,5.0,6.0,5091457631.0,-1.0,百色市平果市,百色市平果市榜圩镇,12.0,25.5,0.0,3.5,41.0,29.508333333333336,34.38592592592593,38.14581005586592
广西壮族自治区,百色市,平果市,凤梧镇,107.6852136,23.7196543,0.0,6.0,6.0,0.0,18.0,0.0,0.0,0.0,0.0,0.0,0.0,0.0,0.0,0.0,0.0,0.0,0.0,0.0,0.0,0.0,16.0,0.0,1.0,0.0,0.0,1.0,0.0,0.0,0.0,0.0,0.0,0.0,0.0,3.0,6.0,3.0,0.0,0.0,6.0,0.0,3.0,0.0,0.0,0.0,0.0,0.0,0.0,0.0,0.0,0.0,0.0,0.0,0.0,0.0,0.0,0.0,3.0,0.0,1.0,0.0,0.0,1.0,0.0,0.0,0.0,0.0,0.0,0.0,0.0,2.0,3.0,3.0,5091457634.0,-1.0,百色市平果市,百色市平果市凤梧镇,8.0,12.5,0.0,1.5,22.0,29.508333333333336,34.38592592592593,38.14581005586592
广西壮族自治区,百色市,平果市,海城乡,107.4935595,23.655556,0.0,4.0,1.0,3.0,2.0,0.0,0.0,0.0,0.0,0.0,0.0,0.0,0.0,0.0,0.0,0.0,0.0,0.0,0.0,0.0,10.0,0.0,2.0,0.0,0.0,1.0,0.0,0.0,0.0,0.0,0.0,0.0,0.0,2.0,5.0,6.0,0.0,1.0,0.0,3.0,0.0,0.0,0.0,0.0,0.0,0.0,0.0,0.0,0.0,0.0,0.0,0.0,0.0,0.0,0.0,0.0,6.0,0.0,0.0,0.0,0.0,1.0,0.0,0.0,0.0,0.0,0.0,0.0,0.0,2.0,2.0,2.0,5091457635.0,-1.0,百色市平果市,百色市平果市海城乡,8.0,10.9,0.0,3.0,21.9,29.508333333333336,34.38592592592593,38.14581005586592
广西壮族自治区,百色市,平果市,黎明乡,107.5156888,23.8257153,0.0,6.0,3.0,1.0,17.0,0.0,0.0,0.0,0.0,0.0,0.0,0.0,0.0,0.0,0.0,0.0,0.0,0.0,0.0,0.0,7.0,0.0,0.0,0.0,0.0,2.0,1.0,0.0,0.0,1.0,0.0,0.0,0.0,3.0,7.0,4.0,0.0,3.0,1.0,1.0,9.0,0.0,0.0,0.0,0.0,0.0,0.0,0.0,0.0,0.0,0.0,0.0,0.0,0.0,0.0,0.0,1.0,0.0,0.0,0.0,0.0,1.0,0.0,0.0,0.0,0.0,0.0,0.0,0.0,2.0,5.0,4.0,5091129523.0,-1.0,百色市平果市,百色市平果市黎明乡,9.0,15.6,0.0,2.2,26.8,29.508333333333336,34.38592592592593,38.14581005586592
广西壮族自治区,百色市,平果市,同老乡,107.4207823,23.7663346,0.0,4.0,8.0,0.0,6.0,2.0,0.0,0.0,0.0,0.0,0.0,0.0,0.0,0.0,0.0,0.0,0.0,0.0,0.0,0.0,12.0,0.0,1.0,0.0,0.0,2.0,0.0,0.0,0.0,0.0,0.0,0.0,0.0,3.0,5.0,4.0,0.0,0.0,3.0,0.0,0.0,0.0,0.0,0.0,0.0,0.0,0.0,0.0,0.0,0.0,0.0,0.0,0.0,0.0,0.0,0.0,4.0,0.0,0.0,0.0,0.0,1.0,0.0,0.0,0.0,0.0,0.0,0.0,0.0,2.0,1.0,2.0,5091457646.0,-1.0,百色市平果市,百色市平果市同老乡,9.0,8.7,0.0,2.0,19.7,29.508333333333336,34.38592592592593,38.14581005586592
广西壮族自治区,贺州市,八步区,八步街道,111.5209293,24.4144848,21.0,8.0,16.0,44.0,95.0,30.0,0.0,42.0,0.0,2.0,2.0,1.0,1.0,1.0,0.0,4.0,1.0,0.0,0.0,0.0,2.0,0.0,1.0,0.0,0.0,3.0,17.0,0.0,0.0,1.0,1.0,42.0,9.0,8.0,14.0,10.0,14.0,6.0,0.0,16.0,14.0,7.0,0.0,0.0,0.0,0.0,0.0,0.0,0.0,0.0,0.0,2.0,0.0,0.0,0.0,0.0,0.0,0.0,1.0,0.0,0.0,1.0,4.0,0.0,0.0,0.0,1.0,14.0,0.0,8.0,8.0,4.0,7884233483.0,11591965.0,贺州市八步区,贺州市八步区八步街道,18.0,28.0,5.0,6.2,57.2,35.89375,33.89672131147541,38.14581005586592
广西壮族自治区,贺州市,八步区,城东街道,111.5687798,24.4142113,4.0,33.0,59.0,39.0,95.0,72.0,0.0,126.0,0.0,8.0,0.0,3.0,0.0,0.0,3.0,3.0,0.0,0.0,0.0,2.0,7.0,0.0,1.0,0.0,0.0,5.0,23.0,0.0,0.0,0.0,0.0,54.0,9.0,11.0,14.0,13.0,2.0,10.0,10.0,5.0,43.0,50.0,0.0,64.0,0.0,4.0,0.0,2.0,0.0,0.0,2.0,2.0,0.0,0.0,0.0,2.0,2.0,0.0,0.0,0.0,0.0,1.0,3.0,0.0,0.0,0.0,0.0,18.0,1.0,2.0,12.0,6.0,7884233482.0,-1.0,贺州市八步区,贺州市八步区城东街道,12.0,26.0,12.0,6.6,56.6,35.89375,33.89672131147541,38.14581005586592
广西壮族自治区,贺州市,八步区,江南街道,111.5414643,24.4079783,23.0,20.0,41.0,55.0,123.0,28.0,0.0,50.0,0.0,4.0,1.0,3.0,1.0,1.0,2.0,3.0,1.0,0.0,0.0,2.0,6.0,0.0,1.0,0.0,0.0,7.0,6.0,0.0,0.0,0.0,0.0,56.0,11.0,10.0,17.0,13.0,0.0,1.0,10.0,11.0,8.0,5.0,0.0,37.0,0.0,2.0,0.0,1.0,1.0,1.0,0.0,1.0,0.0,0.0,0.0,0.0,1.0,0.0,0.0,0.0,0.0,2.0,1.0,0.0,0.0,0.0,0.0,2.0,9.0,5.0,10.0,9.0,7884225561.0,11591966.0,贺州市八步区,贺州市八步区江南街道,20.0,28.0,10.0,4.7,62.7,35.89375,33.89672131147541,38.14581005586592
广西壮族自治区,贺州市,八步区,贺街镇,111.6558325,24.3315603,8.0,0.0,10.0,6.0,56.0,10.0,0.0,3.0,1.0,1.0,3.0,0.0,0.0,0.0,0.0,0.0,0.0,0.0,0.0,0.0,0.0,0.0,4.0,0.0,0.0,1.0,6.0,0.0,0.0,0.0,0.0,2.0,1.0,8.0,14.0,6.0,4.0,0.0,1.0,5.0,27.0,1.0,0.0,3.0,0.0,1.0,0.0,0.0,0.0,0.0,0.0,0.0,0.0,0.0,0.0,0.0,0.0,0.0,1.0,0.0,0.0,1.0,5.0,0.0,0.0,0.0,0.0,2.0,1.0,5.0,9.0,4.0,2903984486.0,-1.0,贺州市八步区,贺州市八步区贺街镇,8.0,30.0,0.0,4.1,42.1,35.89375,33.89672131147541,38.14581005586592
广西壮族自治区,贺州市,八步区,步头镇,111.6864703,24.2205291,4.0,0.0,0.0,0.0,10.0,0.0,0.0,0.0,0.0,0.0,0.0,0.0,0.0,0.0,0.0,0.0,0.0,0.0,0.0,0.0,1.0,0.0,0.0,0.0,0.0,1.0,0.0,0.0,0.0,0.0,0.0,0.0,0.0,6.0,6.0,3.0,1.0,0.0,0.0,0.0,5.0,0.0,0.0,0.0,0.0,0.0,0.0,0.0,0.0,0.0,0.0,0.0,0.0,0.0,0.0,0.0,1.0,0.0,0.0,0.0,0.0,1.0,0.0,0.0,0.0,0.0,0.0,0.0,0.0,4.0,3.0,3.0,2903984480.0,-1.0,贺州市八步区,贺州市八步区步头镇,8.0,11.5,0.0,1.5,21.0,35.89375,33.89672131147541,38.14581005586592
广西壮族自治区,贺州市,八步区,莲塘镇,111.6250361,24.4102275,5.0,0.0,9.0,2.0,26.0,1.0,0.0,0.0,0.0,0.0,0.0,0.0,0.0,0.0,0.0,0.0,0.0,0.0,0.0,0.0,0.0,0.0,1.0,0.0,0.0,1.0,0.0,0.0,0.0,1.0,0.0,0.0,0.0,7.0,8.0,4.0,2.0,0.0,7.0,2.0,24.0,0.0,0.0,0.0,0.0,0.0,0.0,0.0,0.0,0.0,0.0,0.0,0.0,0.0,0.0,0.0,0.0,0.0,0.0,0.0,0.0,1.0,0.0,0.0,0.0,0.0,0.0,0.0,0.0,4.0,7.0,1.0,2903984490.0,-1.0,贺州市八步区,贺州市八步区莲塘镇,8.0,23.4,0.0,2.1,33.5,35.89375,33.89672131147541,38.14581005586592
广西壮族自治区,贺州市,八步区,大宁镇,111.8914144,24.5475506,5.0,0.0,3.0,0.0,21.0,0.0,0.0,0.0,0.0,0.0,0.0,0.0,0.0,0.0,0.0,0.0,0.0,0.0,0.0,0.0,2.0,0.0,0.0,0.0,0.0,6.0,0.0,0.0,0.0,1.0,0.0,0.0,0.0,3.0,4.0,2.0,5.0,0.0,3.0,0.0,16.0,0.0,0.0,0.0,0.0,0.0,0.0,0.0,0.0,0.0,0.0,0.0,0.0,0.0,0.0,0.0,1.0,0.0,0.0,0.0,0.0,1.0,0.0,0.0,0.0,0.0,0.0,0.0,0.0,3.0,4.0,2.0,1687595920.0,-1.0,贺州市八步区,贺州市八步区大宁镇,12.0,16.0,0.0,1.1,29.1,35.89375,33.89672131147541,38.14581005586592
广西壮族自治区,贺州市,八步区,南乡镇,111.970701,24.3790919,0.0,0.0,9.0,8.0,31.0,0.0,0.0,0.0,0.0,0.0,0.0,0.0,0.0,0.0,0.0,0.0,0.0,0.0,0.0,0.0,6.0,0.0,0.0,0.0,0.0,5.0,0.0,0.0,0.0,0.0,0.0,0.0,0.0,2.0,7.0,2.0,0.0,0.0,3.0,4.0,22.0,0.0,0.0,0.0,0.0,0.0,0.0,0.0,0.0,0.0,0.0,0.0,0.0,0.0,0.0,0.0,2.0,0.0,0.0,0.0,0.0,1.0,0.0,0.0,0.0,0.0,0.0,0.0,0.0,2.0,4.0,2.0,1778280612.0,11591964.0,贺州市八步区,贺州市八步区南乡镇,20.0,23.5,0.0,1.0,44.5,35.89375,33.89672131147541,38.14581005586592
广西壮族自治区,贺州市,八步区,桂岭镇,111.8050946,24.6733686,0.0,0.0,9.0,18.0,15.0,0.0,0.0,0.0,0.0,0.0,0.0,0.0,0.0,0.0,0.0,0.0,0.0,0.0,0.0,0.0,1.0,0.0,1.0,0.0,0.0,1.0,3.0,0.0,0.0,2.0,0.0,0.0,0.0,2.0,3.0,4.0,0.0,0.0,3.0,8.0,14.0,0.0,0.0,0.0,0.0,0.0,0.0,0.0,0.0,0.0,0.0,0.0,0.0,0.0,0.0,0.0,1.0,0.0,1.0,0.0,0.0,1.0,3.0,0.0,0.0,2.0,0.0,0.0,0.0,1.0,3.0,2.0,1687595931.0,-1.0,贺州市八步区,贺州市八步区桂岭镇,8.0,18.7,0.0,3.0,29.7,35.89375,33.89672131147541,38.14581005586592
广西壮族自治区,贺州市,八步区,开山镇,111.7068426,24.7797563,0.0,0.0,2.0,0.0,3.0,0.0,0.0,0.0,0.0,0.0,0.0,0.0,0.0,0.0,0.0,0.0,0.0,0.0,0.0,0.0,1.0,0.0,0.0,0.0,0.0,1.0,0.0,0.0,0.0,0.0,0.0,0.0,0.0,8.0,2.0,4.0,0.0,0.0,2.0,0.0,3.0,0.0,0.0,0.0,0.0,0.0,0.0,0.0,0.0,0.0,0.0,0.0,0.0,0.0,0.0,0.0,1.0,0.0,0.0,0.0,0.0,1.0,0.0,0.0,0.0,0.0,0.0,0.0,0.0,8.0,2.0,2.0,3320323293.0,-1.0,贺州市八步区,贺州市八步区开山镇,8.0,7.5,0.0,2.0,17.5,35.89375,33.89672131147541,38.14581005586592
广西壮族自治区,贺州市,八步区,里松镇,111.6466321,24.6029015,0.0,0.0,7.0,7.0,28.0,1.0,0.0,0.0,0.0,0.0,1.0,0.0,0.0,0.0,0.0,0.0,0.0,0.0,0.0,0.0,3.0,0.0,2.0,0.0,0.0,3.0,0.0,0.0,0.0,0.0,0.0,0.0,0.0,2.0,5.0,4.0,0.0,0.0,3.0,3.0,19.0,1.0,0.0,0.0,0.0,0.0,1.0,0.0,0.0,0.0,0.0,0.0,0.0,0.0,0.0,0.0,3.0,0.0,2.0,0.0,0.0,1.0,0.0,0.0,0.0,0.0,0.0,0.0,0.0,2.0,5.0,3.0,1687595937.0,-1.0,贺州市八步区,贺州市八步区里松镇,10.0,24.5,0.0,2.0,36.5,35.89375,33.89672131147541,38.14581005586592
广西壮族自治区,贺州市,八步区,信都镇,111.7212934,23.9941972,5.0,0.0,1.0,4.0,32.0,1.0,0.0,0.0,0.0,0.0,0.0,0.0,0.0,0.0,0.0,0.0,0.0,0.0,0.0,0.0,6.0,0.0,8.0,0.0,0.0,1.0,2.0,0.0,0.0,1.0,0.0,1.0,0.0,5.0,8.0,5.0,5.0,0.0,1.0,1.0,25.0,0.0,0.0,0.0,0.0,0.0,0.0,0.0,0.0,0.0,0.0,0.0,0.0,0.0,0.0,0.0,2.0,0.0,0.0,0.0,0.0,1.0,0.0,0.0,0.0,0.0,0.0,0.0,0.0,5.0,6.0,3.0,5042607335.0,-1.0,贺州市八步区,贺州市八步区信都镇,8.0,24.0,0.0,2.8,34.8,35.89375,33.89672131147541,38.14581005586592
广西壮族自治区,贺州市,八步区,灵峰镇,111.9322061,23.9867705,3.0,1.0,0.0,3.0,48.0,6.0,0.0,0.0,0.0,1.0,1.0,0.0,0.0,0.0,0.0,0.0,0.0,0.0,0.0,0.0,1.0,0.0,3.0,0.0,0.0,20.0,7.0,0.0,0.0,0.0,0.0,0.0,0.0,11.0,11.0,5.0,1.0,0.0,0.0,0.0,4.0,3.0,0.0,0.0,0.0,0.0,1.0,0.0,0.0,0.0,0.0,0.0,0.0,0.0,0.0,0.0,1.0,0.0,0.0,0.0,0.0,2.0,0.0,0.0,0.0,0.0,0.0,0.0,0.0,10.0,6.0,4.0,7884233480.0,-1.0,贺州市八步区,贺州市八步区灵峰镇,12.0,26.8,0.0,3.2,42.0,35.89375,33.89672131147541,38.14581005586592
广西壮族自治区,贺州市,八步区,仁义镇,111.6657296,24.0047761,7.0,0.0,0.0,1.0,6.0,0.0,0.0,0.0,0.0,0.0,0.0,0.0,0.0,0.0,0.0,0.0,0.0,0.0,0.0,0.0,0.0,0.0,1.0,0.0,0.0,1.0,1.0,0.0,0.0,0.0,0.0,0.0,0.0,3.0,6.0,3.0,1.0,0.0,0.0,0.0,6.0,0.0,0.0,0.0,0.0,0.0,0.0,0.0,0.0,0.0,0.0,0.0,0.0,0.0,0.0,0.0,0.0,0.0,0.0,0.0,0.0,1.0,0.0,0.0,0.0,0.0,0.0,0.0,0.0,3.0,3.0,2.0,7884233481.0,-1.0,贺州市八步区,贺州市八步区仁义镇,8.0,12.0,0.0,1.6,21.6,35.89375,33.89672131147541,38.14581005586592
广西壮族自治区,贺州市,八步区,铺门镇,111.7652028,23.8927504,0.0,0.0,1.0,4.0,15.0,0.0,0.0,1.0,0.0,0.0,0.0,0.0,0.0,0.0,0.0,0.0,0.0,0.0,0.0,0.0,10.0,0.0,1.0,0.0,0.0,1.0,0.0,0.0,0.0,0.0,0.0,0.0,0.0,3.0,6.0,4.0,0.0,0.0,1.0,0.0,15.0,0.0,0.0,1.0,0.0,0.0,0.0,0.0,0.0,0.0,0.0,0.0,0.0,0.0,0.0,0.0,3.0,0.0,0.0,0.0,0.0,1.0,0.0,0.0,0.0,0.0,0.0,0.0,0.0,3.0,5.0,3.0,7884233479.0,-1.0,贺州市八步区,贺州市八步区铺门镇,8.0,19.5,0.0,2.0,29.5,35.89375,33.89672131147541,38.14581005586592
广西壮族自治区,贺州市,八步区,黄洞瑶族乡,111.7662808,24.4372636,3.0,0.0,0.0,0.0,2.0,0.0,0.0,0.0,0.0,0.0,0.0,0.0,0.0,0.0,0.0,0.0,0.0,0.0,0.0,0.0,0.0,0.0,0.0,0.0,0.0,1.0,0.0,0.0,0.0,0.0,0.0,0.0,0.0,3.0,3.0,1.0,3.0,0.0,0.0,0.0,2.0,0.0,0.0,0.0,0.0,0.0,0.0,0.0,0.0,0.0,0.0,0.0,0.0,0.0,0.0,0.0,0.0,0.0,0.0,0.0,0.0,1.0,0.0,0.0,0.0,0.0,0.0,0.0,0.0,3.0,3.0,1.0,7884228604.0,-1.0,贺州市八步区,贺州市八步区黄洞瑶族乡,8.0,7.5,0.0,0.5,16.0,35.89375,33.89672131147541,38.14581005586592
广西壮族自治区,贺州市,平桂区,西湾街道,111.4859195,24.4606826,16.0,15.0,52.0,19.0,23.0,4.0,0.0,4.0,0.0,1.0,3.0,0.0,0.0,0.0,1.0,2.0,0.0,0.0,0.0,0.0,0.0,0.0,5.0,0.0,0.0,2.0,20.0,0.0,0.0,3.0,0.0,4.0,0.0,10.0,9.0,5.0,10.0,11.0,14.0,8.0,17.0,3.0,0.0,1.0,0.0,0.0,1.0,0.0,0.0,0.0,0.0,1.0,0.0,0.0,0.0,0.0,0.0,0.0,0.0,0.0,0.0,1.0,3.0,0.0,0.0,1.0,0.0,1.0,0.0,5.0,9.0,3.0,1687595971.0,11577994.0,贺州市平桂区,贺州市平桂区西湾街道,17.0,27.7,0.0,5.2,49.900000000000006,36.900000000000006,33.89672131147541,38.14581005586592
广西壮族自治区,贺州市,平桂区,黄田镇,111.5420814,24.4451708,3.0,10.0,11.0,21.0,35.0,1.0,0.0,1.0,2.0,0.0,0.0,0.0,0.0,0.0,0.0,1.0,0.0,0.0,0.0,0.0,1.0,0.0,0.0,0.0,0.0,1.0,1.0,0.0,0.0,0.0,0.0,1.0,0.0,8.0,10.0,6.0,0.0,2.0,4.0,3.0,13.0,1.0,0.0,0.0,0.0,0.0,0.0,0.0,0.0,0.0,0.0,0.0,0.0,0.0,0.0,0.0,0.0,0.0,0.0,0.0,0.0,1.0,0.0,0.0,0.0,0.0,0.0,0.0,0.0,3.0,6.0,2.0,2903984487.0,-1.0,贺州市平桂区,贺州市平桂区黄田镇,8.0,26.0,0.0,3.1,37.1,36.900000000000006,33.89672131147541,38.14581005586592
广西壮族自治区,贺州市,平桂区,鹅塘镇,111.5455771,24.3645037,7.0,4.0,1.0,27.0,52.0,1.0,0.0,0.0,0.0,0.0,0.0,0.0,0.0,0.0,0.0,0.0,0.0,0.0,0.0,0.0,1.0,0.0,5.0,0.0,0.0,8.0,0.0,0.0,0.0,0.0,0.0,0.0,0.0,7.0,11.0,6.0,0.0,0.0,1.0,7.0,4.0,0.0,0.0,0.0,0.0,0.0,0.0,0.0,0.0,0.0,0.0,0.0,0.0,0.0,0.0,0.0,1.0,0.0,0.0,0.0,0.0,1.0,0.0,0.0,0.0,0.0,0.0,0.0,0.0,3.0,5.0,3.0,2903984481.0,-1.0,贺州市平桂区,贺州市平桂区鹅塘镇,12.0,24.0,0.0,3.0,39.0,36.900000000000006,33.89672131147541,38.14581005586592
广西壮族自治区,贺州市,平桂区,沙田镇,111.4380966,24.3180358,0.0,3.0,0.0,1.0,32.0,0.0,0.0,0.0,0.0,0.0,0.0,0.0,0.0,0.0,0.0,0.0,0.0,0.0,0.0,0.0,0.0,0.0,0.0,0.0,0.0,5.0,0.0,0.0,0.0,0.0,0.0,0.0,0.0,4.0,4.0,2.0,0.0,1.0,0.0,1.0,27.0,0.0,0.0,0.0,0.0,0.0,0.0,0.0,0.0,0.0,0.0,0.0,0.0,0.0,0.0,0.0,0.0,0.0,0.0,0.0,0.0,1.0,0.0,0.0,0.0,0.0,0.0,0.0,0.0,1.0,4.0,0.0,2903984492.0,-1.0,贺州市平桂区,贺州市平桂区沙田镇,12.0,22.0,0.0,1.0,35.0,36.900000000000006,33.89672131147541,38.14581005586592
广西壮族自治区,贺州市,平桂区,公会镇,111.321,24.2386,0.0,1.0,11.0,0.0,17.0,1.0,0.0,0.0,0.0,0.0,1.0,0.0,0.0,0.0,0.0,0.0,0.0,0.0,0.0,0.0,1.0,0.0,1.0,0.0,0.0,5.0,0.0,0.0,0.0,1.0,0.0,0.0,0.0,5.0,5.0,4.0,0.0,0.0,7.0,0.0,13.0,0.0,0.0,0.0,0.0,0.0,0.0,0.0,0.0,0.0,0.0,0.0,0.0,0.0,0.0,0.0,0.0,0.0,0.0,0.0,0.0,1.0,0.0,0.0,0.0,0.0,0.0,0.0,0.0,4.0,3.0,1.0,2903984484.0,-1.0,贺州市平桂区,贺州市平桂区公会镇,12.0,16.8,0.0,2.1,30.900000000000002,36.900000000000006,33.89672131147541,38.14581005586592
广西壮族自治区,贺州市,平桂区,水口镇,111.3636463,23.9134629,0.0,0.0,1.0,5.0,21.0,0.0,0.0,0.0,0.0,0.0,0.0,0.0,0.0,0.0,0.0,0.0,0.0,0.0,0.0,0.0,9.0,0.0,0.0,0.0,0.0,2.0,0.0,0.0,0.0,0.0,0.0,0.0,0.0,7.0,4.0,3.0,0.0,0.0,1.0,4.0,14.0,0.0,0.0,0.0,0.0,0.0,0.0,0.0,0.0,0.0,0.0,0.0,0.0,0.0,0.0,0.0,4.0,0.0,0.0,0.0,0.0,1.0,0.0,0.0,0.0,0.0,0.0,0.0,0.0,3.0,4.0,3.0,4348652299.0,-1.0,贺州市平桂区,贺州市平桂区水口镇,9.0,20.4,0.0,1.5,30.9,36.900000000000006,33.89672131147541,38.14581005586592
广西壮族自治区,贺州市,平桂区,望高镇,111.4188981,24.5798316,15.0,0.0,0.0,18.0,27.0,5.0,0.0,0.0,1.0,0.0,1.0,0.0,0.0,0.0,0.0,0.0,0.0,0.0,0.0,0.0,0.0,0.0,1.0,0.0,0.0,1.0,1.0,0.0,0.0,0.0,0.0,1.0,0.0,5.0,7.0,5.0,6.0,0.0,0.0,1.0,15.0,0.0,0.0,0.0,1.0,0.0,1.0,0.0,0.0,0.0,0.0,0.0,0.0,0.0,0.0,0.0,0.0,0.0,0.0,0.0,0.0,1.0,0.0,0.0,0.0,0.0,0.0,1.0,0.0,4.0,5.0,3.0,7872816162.0,11577995.0,贺州市平桂区,贺州市平桂区望高镇,16.0,27.4,0.0,2.6,46.0,36.900000000000006,33.89672131147541,38.14581005586592
广西壮族自治区,贺州市,平桂区,羊头镇,111.3885082,24.4821016,3.0,0.0,0.0,8.0,22.0,0.0,0.0,2.0,0.0,0.0,0.0,0.0,0.0,0.0,0.0,0.0,0.0,0.0,0.0,0.0,0.0,0.0,0.0,0.0,0.0,1.0,0.0,0.0,0.0,0.0,0.0,0.0,0.0,4.0,5.0,1.0,3.0,0.0,0.0,4.0,14.0,0.0,0.0,0.0,0.0,0.0,0.0,0.0,0.0,0.0,0.0,0.0,0.0,0.0,0.0,0.0,0.0,0.0,0.0,0.0,0.0,1.0,0.0,0.0,0.0,0.0,0.0,0.0,0.0,4.0,4.0,1.0,3708327872.0,11577993.0,贺州市平桂区,贺州市平桂区羊头镇,16.0,21.1,0.0,0.5,37.6,36.900000000000006,33.89672131147541,38.14581005586592
广西壮族自治区,贺州市,平桂区,大平瑶族乡,111.3548812,24.019473,0.0,0.0,5.0,1.0,11.0,0.0,0.0,0.0,0.0,0.0,0.0,0.0,0.0,0.0,0.0,0.0,0.0,0.0,0.0,0.0,8.0,0.0,1.0,0.0,0.0,3.0,0.0,0.0,0.0,0.0,0.0,0.0,0.0,2.0,5.0,4.0,0.0,0.0,3.0,1.0,10.0,0.0,0.0,0.0,0.0,0.0,0.0,0.0,0.0,0.0,0.0,0.0,0.0,0.0,0.0,0.0,6.0,0.0,1.0,0.0,0.0,1.0,0.0,0.0,0.0,0.0,0.0,0.0,0.0,2.0,5.0,4.0,4348652297.0,-1.0,贺州市平桂区,贺州市平桂区大平瑶族乡,10.0,13.7,0.0,2.0,25.7,36.900000000000006,33.89672131147541,38.14581005586592
广西壮族自治区,贺州市,昭平县,昭平镇,110.8030242,24.1754339,4.0,10.0,20.0,17.0,33.0,5.0,0.0,1.0,0.0,0.0,2.0,0.0,0.0,0.0,0.0,0.0,0.0,0.0,0.0,1.0,1.0,0.0,0.0,0.0,0.0,2.0,2.0,0.0,0.0,3.0,0.0,42.0,0.0,4.0,12.0,6.0,1.0,1.0,12.0,9.0,20.0,0.0,0.0,0.0,0.0,0.0,0.0,0.0,0.0,0.0,0.0,0.0,0.0,0.0,0.0,1.0,0.0,0.0,0.0,0.0,0.0,2.0,1.0,0.0,0.0,0.0,0.0,16.0,0.0,2.0,6.0,3.0,4486361390.0,-1.0,贺州市昭平县,贺州市昭平县昭平镇,9.0,26.0,1.0,3.6,39.6,32.675000000000004,33.89672131147541,38.14581005586592
广西壮族自治区,贺州市,昭平县,文竹镇,110.7375481,24.2249853,0.0,0.0,7.0,0.0,11.0,1.0,0.0,0.0,0.0,0.0,0.0,0.0,0.0,0.0,0.0,0.0,0.0,0.0,0.0,0.0,1.0,0.0,0.0,0.0,0.0,4.0,1.0,0.0,0.0,0.0,0.0,0.0,0.0,2.0,7.0,4.0,0.0,0.0,3.0,0.0,4.0,0.0,0.0,0.0,0.0,0.0,0.0,0.0,0.0,0.0,0.0,0.0,0.0,0.0,0.0,0.0,1.0,0.0,0.0,0.0,0.0,1.0,0.0,0.0,0.0,0.0,0.0,0.0,0.0,2.0,6.0,3.0,2904039542.0,-1.0,贺州市昭平县,贺州市昭平县文竹镇,11.0,11.9,0.0,2.1,25.0,32.675000000000004,33.89672131147541,38.14581005586592
广西壮族自治区,贺州市,昭平县,黄姚镇,111.1944812,24.2512309,0.0,4.0,2.0,13.0,37.0,0.0,0.0,48.0,1.0,6.0,0.0,1.0,0.0,0.0,3.0,3.0,0.0,0.0,0.0,2.0,5.0,0.0,1.0,1.0,0.0,4.0,15.0,0.0,0.0,2.0,1.0,1.0,4.0,4.0,8.0,13.0,0.0,1.0,1.0,3.0,19.0,0.0,0.0,41.0,1.0,0.0,0.0,1.0,0.0,0.0,2.0,2.0,0.0,0.0,0.0,2.0,2.0,0.0,0.0,1.0,0.0,1.0,12.0,0.0,0.0,0.0,1.0,1.0,3.0,3.0,7.0,10.0,2903984488.0,-1.0,贺州市昭平县,贺州市昭平县黄姚镇,11.0,28.0,12.0,6.9,57.9,32.675000000000004,33.89672131147541,38.14581005586592
广西壮族自治区,贺州市,昭平县,富罗镇,111.1350759,24.0084367,0.0,0.0,12.0,2.0,27.0,3.0,0.0,0.0,0.0,0.0,0.0,0.0,0.0,0.0,0.0,0.0,0.0,0.0,0.0,0.0,7.0,0.0,1.0,0.0,0.0,6.0,0.0,0.0,0.0,1.0,0.0,3.0,0.0,3.0,10.0,5.0,0.0,0.0,3.0,1.0,10.0,0.0,0.0,0.0,0.0,0.0,0.0,0.0,0.0,0.0,0.0,0.0,0.0,0.0,0.0,0.0,2.0,0.0,0.0,0.0,0.0,1.0,0.0,0.0,0.0,0.0,0.0,3.0,0.0,3.0,5.0,3.0,4348654868.0,-1.0,贺州市昭平县,贺州市昭平县富罗镇,12.0,19.4,0.0,2.6,34.0,32.675000000000004,33.89672131147541,38.14581005586592
广西壮族自治区,贺州市,昭平县,北陀镇,111.0240633,24.0095003,0.0,0.0,7.0,0.0,14.0,0.0,0.0,0.0,0.0,0.0,0.0,0.0,0.0,0.0,0.0,0.0,0.0,0.0,0.0,0.0,2.0,0.0,0.0,0.0,0.0,3.0,0.0,0.0,0.0,0.0,0.0,0.0,0.0,2.0,6.0,3.0,0.0,0.0,3.0,0.0,12.0,0.0,0.0,0.0,0.0,0.0,0.0,0.0,0.0,0.0,0.0,0.0,0.0,0.0,0.0,0.0,2.0,0.0,0.0,0.0,0.0,1.0,0.0,0.0,0.0,0.0,0.0,0.0,0.0,2.0,3.0,3.0,2904039538.0,-1.0,贺州市昭平县,贺州市昭平县北陀镇,10.0,14.4,0.0,1.5,25.9,32.675000000000004,33.89672131147541,38.14581005586592
广西壮族自治区,贺州市,昭平县,马江镇,111.0349345,23.8806187,7.0,2.0,11.0,5.0,18.0,0.0,0.0,3.0,2.0,0.0,0.0,0.0,0.0,0.0,2.0,2.0,0.0,0.0,0.0,1.0,3.0,0.0,2.0,0.0,0.0,5.0,0.0,0.0,0.0,0.0,0.0,0.0,1.0,5.0,12.0,7.0,1.0,2.0,5.0,1.0,6.0,0.0,0.0,2.0,0.0,0.0,0.0,0.0,0.0,0.0,2.0,2.0,0.0,0.0,0.0,1.0,2.0,0.0,2.0,0.0,0.0,1.0,0.0,0.0,0.0,0.0,0.0,0.0,1.0,5.0,9.0,7.0,4348654869.0,-1.0,贺州市昭平县,贺州市昭平县马江镇,12.0,21.4,6.0,3.5,42.9,32.675000000000004,33.89672131147541,38.14581005586592
广西壮族自治区,贺州市,昭平县,五将镇,110.8536304,24.0037605,7.0,0.0,4.0,0.0,4.0,1.0,0.0,0.0,0.0,0.0,0.0,0.0,0.0,0.0,0.0,0.0,0.0,0.0,0.0,0.0,2.0,0.0,0.0,0.0,0.0,3.0,0.0,0.0,0.0,0.0,0.0,0.0,0.0,4.0,5.0,3.0,2.0,0.0,1.0,0.0,1.0,1.0,0.0,0.0,0.0,0.0,0.0,0.0,0.0,0.0,0.0,0.0,0.0,0.0,0.0,0.0,1.0,0.0,0.0,0.0,0.0,2.0,0.0,0.0,0.0,0.0,0.0,0.0,0.0,4.0,4.0,3.0,2904039543.0,-1.0,贺州市昭平县,贺州市昭平县五将镇,10.0,8.6,0.0,1.5,20.1,32.675000000000004,33.89672131147541,38.14581005586592
广西壮族自治区,贺州市,昭平县,走马镇,110.9683622,24.263498,1.0,0.0,0.0,5.0,1.0,0.0,0.0,0.0,0.0,0.0,0.0,0.0,0.0,0.0,0.0,0.0,0.0,0.0,0.0,0.0,1.0,0.0,0.0,0.0,0.0,1.0,0.0,0.0,0.0,0.0,0.0,0.0,0.0,2.0,4.0,2.0,1.0,0.0,0.0,5.0,1.0,0.0,0.0,0.0,0.0,0.0,0.0,0.0,0.0,0.0,0.0,0.0,0.0,0.0,0.0,0.0,1.0,0.0,0.0,0.0,0.0,1.0,0.0,0.0,0.0,0.0,0.0,0.0,0.0,2.0,4.0,2.0,2904039541.0,-1.0,贺州市昭平县,贺州市昭平县走马镇,8.0,12.5,0.0,1.0,21.5,32.675000000000004,33.89672131147541,38.14581005586592
广西壮族自治区,贺州市,昭平县,樟木林镇,111.2602275,24.1459679,0.0,7.0,3.0,7.0,27.0,0.0,0.0,0.0,0.0,0.0,0.0,0.0,0.0,0.0,0.0,0.0,0.0,0.0,0.0,0.0,1.0,0.0,1.0,0.0,0.0,4.0,0.0,0.0,0.0,0.0,0.0,0.0,0.0,2.0,6.0,7.0,0.0,1.0,1.0,2.0,19.0,0.0,0.0,0.0,0.0,0.0,0.0,0.0,0.0,0.0,0.0,0.0,0.0,0.0,0.0,0.0,0.0,0.0,1.0,0.0,0.0,1.0,0.0,0.0,0.0,0.0,0.0,0.0,0.0,2.0,6.0,5.0,2903984496.0,-1.0,贺州市昭平县,贺州市昭平县樟木林镇,11.0,23.0,0.0,3.5,37.5,32.675000000000004,33.89672131147541,38.14581005586592
广西壮族自治区,贺州市,昭平县,仙回瑶族乡,110.666,24.2592,0.0,0.0,2.0,14.0,46.0,0.0,0.0,4.0,0.0,0.0,0.0,0.0,0.0,0.0,0.0,0.0,0.0,0.0,0.0,0.0,4.0,0.0,0.0,0.0,0.0,7.0,0.0,0.0,0.0,0.0,0.0,0.0,0.0,2.0,6.0,4.0,0.0,0.0,1.0,10.0,20.0,0.0,0.0,3.0,0.0,0.0,0.0,0.0,0.0,0.0,0.0,0.0,0.0,0.0,0.0,0.0,4.0,0.0,0.0,0.0,0.0,1.0,0.0,0.0,0.0,0.0,0.0,0.0,0.0,2.0,5.0,3.0,2904039544.0,-1.0,贺州市昭平县,贺州市昭平县仙回瑶族乡,12.0,23.0,0.0,2.0,37.0,32.675000000000004,33.89672131147541,38.14581005586592
广西壮族自治区,贺州市,昭平县,凤凰乡,111.3010126,24.2370636,0.0,1.0,10.0,0.0,16.0,0.0,0.0,0.0,0.0,0.0,0.0,0.0,0.0,0.0,0.0,0.0,0.0,0.0,0.0,0.0,1.0,0.0,0.0,0.0,0.0,6.0,0.0,0.0,0.0,0.0,0.0,0.0,0.0,5.0,4.0,3.0,0.0,0.0,4.0,0.0,1.0,0.0,0.0,0.0,0.0,0.0,0.0,0.0,0.0,0.0,0.0,0.0,0.0,0.0,0.0,0.0,0.0,0.0,0.0,0.0,0.0,1.0,0.0,0.0,0.0,0.0,0.0,0.0,0.0,4.0,2.0,2.0,2903984482.0,-1.0,贺州市昭平县,贺州市昭平县凤凰乡,12.0,10.5,0.0,1.5,24.0,32.675000000000004,33.89672131147541,38.14581005586592
广西壮族自治区,贺州市,昭平县,木格乡,110.9810165,23.8055391,0.0,0.0,10.0,2.0,15.0,0.0,0.0,0.0,0.0,0.0,0.0,0.0,0.0,0.0,0.0,0.0,0.0,0.0,0.0,0.0,2.0,0.0,0.0,0.0,0.0,11.0,0.0,0.0,0.0,0.0,0.0,0.0,0.0,8.0,4.0,3.0,0.0,0.0,3.0,0.0,4.0,0.0,0.0,0.0,0.0,0.0,0.0,0.0,0.0,0.0,0.0,0.0,0.0,0.0,0.0,0.0,2.0,0.0,0.0,0.0,0.0,2.0,0.0,0.0,0.0,0.0,0.0,0.0,0.0,3.0,3.0,3.0,4348682723.0,-1.0,贺州市昭平县,贺州市昭平县木格乡,12.0,13.2,0.0,1.5,26.7,32.675000000000004,33.89672131147541,38.14581005586592
广西壮族自治区,贺州市,钟山县,钟山镇,111.3097122,24.5358339,15.0,15.0,47.0,63.0,104.0,228.0,0.0,189.0,1.0,20.0,2.0,5.0,1.0,1.0,6.0,7.0,1.0,0.0,0.0,4.0,25.0,1.0,0.0,1.0,1.0,5.0,741.0,0.0,0.0,2.0,2.0,51.0,6.0,9.0,19.0,18.0,6.0,4.0,21.0,19.0,15.0,0.0,0.0,4.0,0.0,0.0,0.0,0.0,0.0,0.0,1.0,1.0,0.0,0.0,0.0,0.0,6.0,1.0,0.0,0.0,0.0,1.0,1.0,0.0,0.0,0.0,0.0,2.0,1.0,4.0,11.0,7.0,3708327870.0,-1.0,贺州市钟山县,贺州市钟山县钟山镇,12.0,30.0,10.0,20.0,72.0,32.5,33.89672131147541,38.14581005586592
广西壮族自治区,贺州市,钟山县,回龙镇,111.2901757,24.4417437,0.0,10.0,1.0,3.0,5.0,0.0,0.0,0.0,0.0,0.0,0.0,0.0,0.0,0.0,0.0,0.0,0.0,0.0,0.0,0.0,1.0,0.0,3.0,0.0,0.0,3.0,0.0,0.0,0.0,0.0,0.0,0.0,0.0,3.0,6.0,5.0,0.0,10.0,1.0,3.0,2.0,0.0,0.0,0.0,0.0,0.0,0.0,0.0,0.0,0.0,0.0,0.0,0.0,0.0,0.0,0.0,1.0,0.0,0.0,0.0,0.0,1.0,0.0,0.0,0.0,0.0,0.0,0.0,0.0,2.0,5.0,3.0,2903984489.0,-1.0,贺州市钟山县,贺州市钟山县回龙镇,10.0,12.6,0.0,2.5,25.1,32.5,33.89672131147541,38.14581005586592
广西壮族自治区,贺州市,钟山县,石龙镇,111.318,24.4153,0.0,0.0,3.0,0.0,1.0,0.0,0.0,0.0,0.0,0.0,0.0,0.0,0.0,0.0,0.0,0.0,0.0,0.0,0.0,0.0,0.0,0.0,0.0,0.0,0.0,6.0,0.0,0.0,0.0,0.0,0.0,0.0,0.0,3.0,3.0,1.0,0.0,0.0,3.0,0.0,0.0,0.0,0.0,0.0,0.0,0.0,0.0,0.0,0.0,0.0,0.0,0.0,0.0,0.0,0.0,0.0,0.0,0.0,0.0,0.0,0.0,1.0,0.0,0.0,0.0,0.0,0.0,0.0,0.0,2.0,1.0,1.0,2903984493.0,-1.0,贺州市钟山县,贺州市钟山县石龙镇,12.0,6.7,0.0,0.5,19.2,32.5,33.89672131147541,38.14581005586592
广西壮族自治区,贺州市,钟山县,凤翔镇,111.361228,24.3760489,0.0,0.0,2.0,20.0,31.0,0.0,0.0,0.0,0.0,0.0,0.0,0.0,0.0,0.0,0.0,0.0,0.0,0.0,0.0,0.0,3.0,0.0,0.0,0.0,0.0,5.0,5.0,0.0,0.0,0.0,0.0,0.0,0.0,4.0,7.0,4.0,0.0,0.0,2.0,13.0,16.0,0.0,0.0,0.0,0.0,0.0,0.0,0.0,0.0,0.0,0.0,0.0,0.0,0.0,0.0,0.0,2.0,0.0,0.0,0.0,0.0,3.0,0.0,0.0,0.0,0.0,0.0,0.0,0.0,4.0,6.0,2.0,2903984483.0,-1.0,贺州市钟山县,贺州市钟山县凤翔镇,12.0,23.5,0.0,2.5,38.0,32.5,33.89672131147541,38.14581005586592
广西壮族自治区,贺州市,钟山县,珊瑚镇,111.3574244,24.3299848,0.0,0.0,2.0,0.0,17.0,0.0,0.0,0.0,0.0,0.0,0.0,0.0,0.0,0.0,0.0,0.0,0.0,0.0,0.0,0.0,1.0,0.0,3.0,0.0,0.0,4.0,0.0,0.0,0.0,0.0,0.0,0.0,0.0,1.0,5.0,5.0,0.0,0.0,1.0,0.0,16.0,0.0,0.0,0.0,0.0,0.0,0.0,0.0,0.0,0.0,0.0,0.0,0.0,0.0,0.0,0.0,1.0,0.0,3.0,0.0,0.0,1.0,0.0,0.0,0.0,0.0,0.0,0.0,0.0,1.0,4.0,4.0,2903984491.0,-1.0,贺州市钟山县,贺州市钟山县珊瑚镇,11.0,15.7,0.0,2.5,29.2,32.5,33.89672131147541,38.14581005586592
广西壮族自治区,贺州市,钟山县,同古镇,111.2103335,24.3773395,0.0,0.0,4.0,9.0,10.0,0.0,0.0,0.0,0.0,0.0,0.0,0.0,0.0,0.0,0.0,0.0,0.0,0.0,0.0,0.0,2.0,0.0,0.0,0.0,0.0,4.0,0.0,0.0,0.0,0.0,0.0,0.0,0.0,4.0,7.0,2.0,0.0,0.0,1.0,5.0,10.0,0.0,0.0,0.0,0.0,0.0,0.0,0.0,0.0,0.0,0.0,0.0,0.0,0.0,0.0,0.0,2.0,0.0,0.0,0.0,0.0,1.0,0.0,0.0,0.0,0.0,0.0,0.0,0.0,4.0,7.0,2.0,2903984494.0,-1.0,贺州市钟山县,贺州市钟山县同古镇,11.0,18.5,0.0,1.0,30.5,32.5,33.89672131147541,38.14581005586592
广西壮族自治区,贺州市,钟山县,公安镇,111.1881712,24.4821345,1.0,0.0,0.0,3.0,22.0,1.0,0.0,0.0,0.0,0.0,0.0,0.0,0.0,0.0,0.0,0.0,0.0,0.0,0.0,0.0,4.0,0.0,1.0,0.0,0.0,7.0,0.0,0.0,0.0,1.0,0.0,0.0,0.0,2.0,6.0,3.0,1.0,0.0,0.0,3.0,16.0,1.0,0.0,0.0,0.0,0.0,0.0,0.0,0.0,0.0,0.0,0.0,0.0,0.0,0.0,0.0,4.0,0.0,1.0,0.0,0.0,1.0,0.0,0.0,0.0,1.0,0.0,0.0,0.0,2.0,6.0,2.0,2903984485.0,-1.0,贺州市钟山县,贺州市钟山县公安镇,12.0,20.2,0.0,1.7,33.900000000000006,32.5,33.89672131147541,38.14581005586592
广西壮族自治区,贺州市,钟山县,清塘镇,111.0525298,24.3956967,4.0,0.0,0.0,5.0,24.0,0.0,0.0,0.0,0.0,0.0,0.0,0.0,0.0,0.0,0.0,0.0,0.0,0.0,0.0,0.0,1.0,0.0,0.0,0.0,0.0,1.0,0.0,0.0,0.0,0.0,0.0,0.0,0.0,2.0,3.0,4.0,2.0,0.0,0.0,3.0,6.0,0.0,0.0,0.0,0.0,0.0,0.0,0.0,0.0,0.0,0.0,0.0,0.0,0.0,0.0,0.0,1.0,0.0,0.0,0.0,0.0,1.0,0.0,0.0,0.0,0.0,0.0,0.0,0.0,2.0,3.0,3.0,5072275902.0,-1.0,贺州市钟山县,贺州市钟山县清塘镇,8.0,18.1,0.0,2.0,28.1,32.5,33.89672131147541,38.14581005586592
广西壮族自治区,贺州市,钟山县,燕塘镇,111.1284427,24.4686534,5.0,0.0,2.0,1.0,15.0,8.0,0.0,10.0,0.0,1.0,0.0,0.0,0.0,0.0,0.0,0.0,0.0,0.0,0.0,0.0,1.0,0.0,1.0,0.0,0.0,4.0,3.0,0.0,0.0,0.0,0.0,1.0,3.0,3.0,7.0,6.0,1.0,0.0,2.0,1.0,4.0,0.0,0.0,0.0,0.0,0.0,0.0,0.0,0.0,0.0,0.0,0.0,0.0,0.0,0.0,0.0,1.0,0.0,1.0,0.0,0.0,1.0,0.0,0.0,0.0,0.0,0.0,0.0,0.0,3.0,4.0,3.0,5323101673.0,-1.0,贺州市钟山县,贺州市钟山县燕塘镇,11.0,15.7,0.0,3.3,30.0,32.5,33.89672131147541,38.14581005586592
广西壮族自治区,贺州市,钟山县,红花镇,111.1719028,24.5950205,0.0,0.0,6.0,8.0,38.0,0.0,0.0,0.0,0.0,0.0,0.0,0.0,0.0,0.0,0.0,0.0,0.0,0.0,0.0,0.0,23.0,0.0,1.0,0.0,0.0,4.0,0.0,0.0,0.0,0.0,0.0,0.0,0.0,3.0,5.0,5.0,0.0,0.0,1.0,6.0,6.0,0.0,0.0,0.0,0.0,0.0,0.0,0.0,0.0,0.0,0.0,0.0,0.0,0.0,0.0,0.0,4.0,0.0,0.0,0.0,0.0,1.0,0.0,0.0,0.0,0.0,0.0,0.0,0.0,2.0,4.0,3.0,5152316811.0,-1.0,贺州市钟山县,贺州市钟山县红花镇,11.0,21.9,0.0,2.5,35.4,32.5,33.89672131147541,38.14581005586592
广西壮族自治区,贺州市,钟山县,花山瑶族乡,111.1232381,24.5462125,0.0,0.0,5.0,3.0,10.0,0.0,0.0,0.0,0.0,0.0,0.0,0.0,0.0,0.0,0.0,0.0,0.0,0.0,0.0,0.0,12.0,0.0,0.0,0.0,0.0,5.0,0.0,0.0,0.0,0.0,0.0,0.0,0.0,3.0,5.0,5.0,0.0,0.0,3.0,1.0,1.0,0.0,0.0,0.0,0.0,0.0,0.0,0.0,0.0,0.0,0.0,0.0,0.0,0.0,0.0,0.0,6.0,0.0,0.0,0.0,0.0,1.0,0.0,0.0,0.0,0.0,0.0,0.0,0.0,2.0,4.0,4.0,5323111691.0,-1.0,贺州市钟山县,贺州市钟山县花山瑶族乡,12.0,12.8,0.0,2.5,27.3,32.5,33.89672131147541,38.14581005586592
广西壮族自治区,贺州市,钟山县,两安瑶族乡,111.1649441,24.663673,0.0,2.0,2.0,2.0,5.0,3.0,0.0,0.0,0.0,0.0,0.0,0.0,0.0,0.0,0.0,0.0,0.0,0.0,0.0,0.0,11.0,0.0,0.0,0.0,0.0,2.0,2.0,0.0,0.0,1.0,0.0,0.0,0.0,3.0,6.0,2.0,0.0,1.0,0.0,1.0,0.0,0.0,0.0,0.0,0.0,0.0,0.0,0.0,0.0,0.0,0.0,0.0,0.0,0.0,0.0,0.0,3.0,0.0,0.0,0.0,0.0,1.0,0.0,0.0,0.0,0.0,0.0,0.0,0.0,3.0,2.0,2.0,4261999698.0,-1.0,贺州市钟山县,贺州市钟山县两安瑶族乡,9.0,11.0,0.0,1.3,21.3,32.5,33.89672131147541,38.14581005586592
广西壮族自治区,贺州市,富川瑶族自治县,富阳镇,111.2710999,24.8181281,21.0,6.0,11.0,16.0,39.0,3.0,0.0,1.0,0.0,0.0,2.0,1.0,1.0,1.0,1.0,1.0,0.0,0.0,0.0,0.0,8.0,0.0,3.0,0.0,3.0,2.0,5.0,0.0,0.0,5.0,0.0,12.0,1.0,5.0,10.0,8.0,0.0,0.0,7.0,8.0,22.0,0.0,0.0,1.0,0.0,0.0,0.0,1.0,1.0,1.0,0.0,0.0,0.0,0.0,0.0,0.0,7.0,0.0,0.0,0.0,0.0,2.0,1.0,0.0,0.0,5.0,0.0,6.0,1.0,5.0,5.0,6.0,4261999695.0,-1.0,贺州市富川瑶族自治县,贺州市富川瑶族自治县富阳镇,9.0,26.0,10.0,5.6,50.6,31.599999999999998,33.89672131147541,38.14581005586592
广西壮族自治区,贺州市,富川瑶族自治县,白沙镇,111.3966802,24.6501016,5.0,0.0,0.0,0.0,11.0,0.0,0.0,0.0,0.0,0.0,2.0,0.0,0.0,0.0,0.0,0.0,0.0,0.0,0.0,0.0,3.0,0.0,1.0,0.0,0.0,1.0,1.0,0.0,0.0,0.0,0.0,0.0,0.0,7.0,4.0,5.0,5.0,0.0,0.0,0.0,11.0,0.0,0.0,0.0,0.0,0.0,2.0,0.0,0.0,0.0,0.0,0.0,0.0,0.0,0.0,0.0,3.0,0.0,1.0,0.0,0.0,1.0,1.0,0.0,0.0,0.0,0.0,0.0,0.0,4.0,4.0,3.0,4261999690.0,-1.0,贺州市富川瑶族自治县,贺州市富川瑶族自治县白沙镇,8.0,14.5,0.0,2.7,25.2,31.599999999999998,33.89672131147541,38.14581005586592
广西壮族自治区,贺州市,富川瑶族自治县,莲山镇,111.3489474,24.7618576,15.0,6.0,5.0,6.0,18.0,27.0,0.0,7.0,0.0,4.0,1.0,0.0,0.0,0.0,1.0,1.0,0.0,0.0,0.0,0.0,4.0,0.0,1.0,0.0,0.0,4.0,105.0,0.0,0.0,27.0,0.0,3.0,0.0,5.0,11.0,10.0,6.0,5.0,3.0,4.0,3.0,1.0,0.0,0.0,0.0,0.0,1.0,0.0,0.0,0.0,1.0,1.0,0.0,0.0,0.0,0.0,4.0,0.0,0.0,0.0,0.0,1.0,0.0,0.0,0.0,0.0,0.0,2.0,0.0,2.0,6.0,6.0,4261999699.0,-1.0,贺州市富川瑶族自治县,贺州市富川瑶族自治县莲山镇,11.0,22.5,5.0,17.200000000000003,55.7,31.599999999999998,33.89672131147541,38.14581005586592
广西壮族自治区,贺州市,富川瑶族自治县,古城镇,111.3280973,24.809739,6.0,8.0,5.0,17.0,12.0,0.0,0.0,0.0,0.0,0.0,2.0,0.0,0.0,0.0,0.0,0.0,0.0,0.0,0.0,0.0,2.0,0.0,3.0,1.0,0.0,3.0,2.0,0.0,0.0,0.0,0.0,1.0,0.0,2.0,7.0,7.0,2.0,1.0,3.0,2.0,4.0,0.0,0.0,0.0,0.0,0.0,0.0,0.0,0.0,0.0,0.0,0.0,0.0,0.0,0.0,0.0,1.0,0.0,1.0,0.0,0.0,1.0,0.0,0.0,0.0,0.0,0.0,0.0,0.0,2.0,5.0,3.0,4261999697.0,-1.0,贺州市富川瑶族自治县,贺州市富川瑶族自治县古城镇,10.0,19.1,0.0,3.7,32.800000000000004,31.599999999999998,33.89672131147541,38.14581005586592
广西壮族自治区,贺州市,富川瑶族自治县,福利镇,111.3734262,24.8770649,0.0,2.0,6.0,2.0,6.0,0.0,0.0,0.0,1.0,0.0,0.0,0.0,0.0,0.0,0.0,0.0,0.0,0.0,0.0,0.0,4.0,0.0,0.0,0.0,0.0,2.0,0.0,0.0,0.0,0.0,0.0,0.0,0.0,2.0,6.0,5.0,0.0,2.0,5.0,1.0,6.0,0.0,0.0,0.0,0.0,0.0,0.0,0.0,0.0,0.0,0.0,0.0,0.0,0.0,0.0,0.0,2.0,0.0,0.0,0.0,0.0,1.0,0.0,0.0,0.0,0.0,0.0,0.0,0.0,1.0,5.0,3.0,4261999693.0,-1.0,贺州市富川瑶族自治县,贺州市富川瑶族自治县福利镇,9.0,15.0,0.0,2.5,26.5,31.599999999999998,33.89672131147541,38.14581005586592
广西壮族自治区,贺州市,富川瑶族自治县,麦岭镇,111.3221832,25.061084,1.0,0.0,2.0,5.0,19.0,2.0,0.0,0.0,0.0,0.0,0.0,0.0,0.0,0.0,0.0,0.0,0.0,0.0,0.0,0.0,16.0,0.0,2.0,0.0,0.0,3.0,0.0,0.0,0.0,0.0,0.0,1.0,0.0,2.0,11.0,8.0,1.0,0.0,2.0,2.0,7.0,2.0,0.0,0.0,0.0,0.0,0.0,0.0,0.0,0.0,0.0,0.0,0.0,0.0,0.0,0.0,4.0,0.0,1.0,0.0,0.0,1.0,0.0,0.0,0.0,0.0,0.0,0.0,0.0,1.0,7.0,6.0,3714486685.0,-1.0,贺州市富川瑶族自治县,贺州市富川瑶族自治县麦岭镇,10.0,19.9,0.0,4.0,33.9,31.599999999999998,33.89672131147541,38.14581005586592
广西壮族自治区,贺州市,富川瑶族自治县,葛坡镇,111.2745699,24.9503177,1.0,0.0,4.0,1.0,5.0,0.0,0.0,0.0,0.0,0.0,0.0,0.0,0.0,0.0,0.0,0.0,0.0,0.0,0.0,0.0,4.0,0.0,1.0,0.0,0.0,1.0,0.0,0.0,0.0,0.0,0.0,0.0,0.0,3.0,5.0,4.0,1.0,0.0,1.0,1.0,5.0,0.0,0.0,0.0,0.0,0.0,0.0,0.0,0.0,0.0,0.0,0.0,0.0,0.0,0.0,0.0,2.0,0.0,0.0,0.0,0.0,1.0,0.0,0.0,0.0,0.0,0.0,0.0,0.0,1.0,5.0,2.0,4261999696.0,-1.0,贺州市富川瑶族自治县,贺州市富川瑶族自治县葛坡镇,8.0,11.0,0.0,2.0,21.0,31.599999999999998,33.89672131147541,38.14581005586592
广西壮族自治区,贺州市,富川瑶族自治县,城北镇,111.2449368,24.938333,0.0,0.0,9.0,0.0,0.0,0.0,0.0,0.0,0.0,0.0,0.0,0.0,0.0,0.0,0.0,0.0,0.0,0.0,0.0,0.0,1.0,0.0,1.0,0.0,0.0,4.0,0.0,0.0,0.0,0.0,0.0,0.0,0.0,4.0,5.0,4.0,0.0,0.0,6.0,0.0,0.0,0.0,0.0,0.0,0.0,0.0,0.0,0.0,0.0,0.0,0.0,0.0,0.0,0.0,0.0,0.0,1.0,0.0,0.0,0.0,0.0,1.0,0.0,0.0,0.0,0.0,0.0,0.0,0.0,4.0,5.0,2.0,4261999692.0,-1.0,贺州市富川瑶族自治县,贺州市富川瑶族自治县城北镇,11.0,7.5,0.0,2.0,20.5,31.599999999999998,33.89672131147541,38.14581005586592
广西壮族自治区,贺州市,富川瑶族自治县,朝东镇,111.1653795,25.0218003,0.0,0.0,11.0,4.0,53.0,0.0,0.0,0.0,0.0,0.0,0.0,0.0,0.0,0.0,0.0,0.0,0.0,0.0,0.0,0.0,10.0,0.0,0.0,0.0,0.0,2.0,1.0,0.0,0.0,0.0,0.0,0.0,0.0,2.0,4.0,5.0,0.0,0.0,3.0,1.0,20.0,0.0,0.0,0.0,0.0,0.0,0.0,0.0,0.0,0.0,0.0,0.0,0.0,0.0,0.0,0.0,3.0,0.0,0.0,0.0,0.0,1.0,0.0,0.0,0.0,0.0,0.0,0.0,0.0,2.0,4.0,3.0,4261999691.0,-1.0,贺州市富川瑶族自治县,贺州市富川瑶族自治县朝东镇,9.0,22.0,0.0,2.6,33.6,31.599999999999998,33.89672131147541,38.14581005586592
广西壮族自治区,贺州市,富川瑶族自治县,新华乡,111.4145065,24.8330681,0.0,0.0,6.0,1.0,11.0,0.0,0.0,0.0,0.0,0.0,0.0,0.0,0.0,0.0,1.0,1.0,0.0,0.0,0.0,0.0,3.0,0.0,0.0,0.0,0.0,2.0,0.0,0.0,0.0,0.0,0.0,0.0,0.0,1.0,4.0,4.0,0.0,0.0,2.0,0.0,9.0,0.0,0.0,0.0,0.0,0.0,0.0,0.0,0.0,0.0,1.0,1.0,0.0,0.0,0.0,0.0,3.0,0.0,0.0,0.0,0.0,1.0,0.0,0.0,0.0,0.0,0.0,0.0,0.0,1.0,3.0,3.0,4261999703.0,-1.0,贺州市富川瑶族自治县,贺州市富川瑶族自治县新华乡,9.0,12.9,5.0,2.0,28.9,31.599999999999998,33.89672131147541,38.14581005586592
广西壮族自治区,贺州市,富川瑶族自治县,石家乡,111.386,24.9541,0.0,0.0,3.0,1.0,1.0,0.0,0.0,0.0,0.0,0.0,1.0,0.0,0.0,0.0,0.0,0.0,0.0,0.0,0.0,0.0,4.0,0.0,0.0,0.0,0.0,2.0,0.0,0.0,0.0,0.0,0.0,0.0,0.0,1.0,3.0,4.0,0.0,0.0,1.0,1.0,1.0,0.0,0.0,0.0,0.0,0.0,0.0,0.0,0.0,0.0,0.0,0.0,0.0,0.0,0.0,0.0,3.0,0.0,0.0,0.0,0.0,1.0,0.0,0.0,0.0,0.0,0.0,0.0,0.0,1.0,3.0,2.0,4261999702.0,-1.0,贺州市富川瑶族自治县,贺州市富川瑶族自治县石家乡,9.0,10.0,0.0,2.0,21.0,31.599999999999998,33.89672131147541,38.14581005586592
广西壮族自治区,贺州市,富川瑶族自治县,柳家乡,111.2416816,24.7355911,6.0,3.0,0.0,2.0,15.0,0.0,0.0,0.0,0.0,0.0,0.0,0.0,0.0,0.0,0.0,0.0,0.0,0.0,0.0,0.0,9.0,0.0,1.0,0.0,0.0,3.0,1.0,0.0,0.0,1.0,0.0,4.0,0.0,4.0,9.0,7.0,3.0,3.0,0.0,0.0,6.0,0.0,0.0,0.0,0.0,0.0,0.0,0.0,0.0,0.0,0.0,0.0,0.0,0.0,0.0,0.0,3.0,0.0,0.0,0.0,0.0,1.0,0.0,0.0,0.0,0.0,0.0,4.0,0.0,3.0,8.0,4.0,4261999700.0,-1.0,贺州市富川瑶族自治县,贺州市富川瑶族自治县柳家乡,10.0,15.8,0.0,3.7,29.5,31.599999999999998,33.89672131147541,38.14581005586592
广西壮族自治区,河池市,金城江区,金城江街道,108.0544422,24.6966517,26.0,20.0,25.0,55.0,219.0,72.0,0.0,58.0,8.0,4.0,4.0,22.0,4.0,4.0,12.0,16.0,2.0,0.0,1.0,13.0,192.0,3.0,12.0,2.0,1.0,17.0,279.0,0.0,0.0,13.0,4.0,59.0,11.0,9.0,13.0,22.0,3.0,11.0,9.0,14.0,43.0,6.0,0.0,25.0,4.0,2.0,0.0,7.0,2.0,2.0,3.0,4.0,0.0,0.0,0.0,5.0,47.0,2.0,0.0,0.0,0.0,2.0,50.0,0.0,0.0,0.0,0.0,8.0,6.0,7.0,11.0,10.0,7780007611.0,11375841.0,河池市金城江区,河池市金城江区金城江街道,20.0,30.0,20.0,20.0,90.0,44.666666666666664,29.29219858156028,38.14581005586592
广西壮族自治区,河池市,金城江区,东江镇,108.1525706,24.724919,13.0,1.0,9.0,18.0,61.0,11.0,0.0,0.0,3.0,2.0,0.0,0.0,0.0,0.0,0.0,0.0,0.0,0.0,0.0,0.0,8.0,0.0,5.0,0.0,0.0,13.0,16.0,0.0,0.0,1.0,0.0,2.0,0.0,9.0,9.0,7.0,0.0,1.0,3.0,3.0,13.0,6.0,0.0,0.0,0.0,0.0,0.0,0.0,0.0,0.0,0.0,0.0,0.0,0.0,0.0,0.0,4.0,0.0,1.0,0.0,0.0,2.0,8.0,0.0,0.0,0.0,0.0,0.0,0.0,3.0,6.0,4.0,3242253644.0,-1.0,河池市金城江区,河池市金城江区东江镇,12.0,28.0,0.0,6.0,46.0,44.666666666666664,29.29219858156028,38.14581005586592
广西壮族自治区,河池市,金城江区,六圩镇,108.028896,24.6739971,18.0,14.0,11.0,25.0,215.0,69.0,0.0,58.0,1.0,1.0,5.0,17.0,4.0,4.0,13.0,17.0,2.0,0.0,2.0,6.0,167.0,3.0,15.0,4.0,2.0,19.0,226.0,0.0,0.0,13.0,2.0,46.0,4.0,7.0,19.0,15.0,2.0,3.0,2.0,7.0,43.0,3.0,0.0,38.0,1.0,1.0,3.0,5.0,1.0,1.0,2.0,3.0,1.0,0.0,1.0,0.0,25.0,2.0,5.0,2.0,0.0,4.0,33.0,0.0,0.0,0.0,0.0,8.0,3.0,4.0,12.0,10.0,5029920415.0,-1.0,河池市金城江区,河池市金城江区六圩镇,12.0,30.0,22.0,20.0,84.0,44.666666666666664,29.29219858156028,38.14581005586592
广西壮族自治区,河池市,金城江区,六甲镇,107.9209817,24.7484957,0.0,0.0,2.0,3.0,34.0,0.0,0.0,0.0,2.0,0.0,0.0,0.0,0.0,0.0,0.0,0.0,0.0,0.0,0.0,0.0,11.0,0.0,1.0,0.0,0.0,2.0,1.0,0.0,0.0,0.0,0.0,0.0,1.0,4.0,4.0,5.0,0.0,0.0,2.0,3.0,26.0,0.0,0.0,0.0,2.0,0.0,0.0,0.0,0.0,0.0,0.0,0.0,0.0,0.0,0.0,0.0,9.0,0.0,1.0,0.0,0.0,1.0,0.0,0.0,0.0,0.0,0.0,0.0,0.0,4.0,4.0,4.0,3196787306.0,-1.0,河池市金城江区,河池市金城江区六甲镇,9.0,24.0,0.0,2.6,35.6,44.666666666666664,29.29219858156028,38.14581005586592
广西壮族自治区,河池市,金城江区,河池镇,107.8424177,24.6984457,11.0,0.0,4.0,1.0,21.0,0.0,0.0,1.0,0.0,0.0,0.0,0.0,0.0,0.0,0.0,0.0,0.0,0.0,0.0,0.0,10.0,0.0,0.0,0.0,0.0,2.0,0.0,0.0,0.0,0.0,0.0,0.0,0.0,6.0,7.0,2.0,1.0,0.0,1.0,0.0,11.0,0.0,0.0,0.0,0.0,0.0,0.0,0.0,0.0,0.0,0.0,0.0,0.0,0.0,0.0,0.0,10.0,0.0,0.0,0.0,0.0,1.0,0.0,0.0,0.0,0.0,0.0,0.0,0.0,4.0,5.0,2.0,5029794233.0,-1.0,河池市金城江区,河池市金城江区河池镇,9.0,17.0,0.0,1.0,27.0,44.666666666666664,29.29219858156028,38.14581005586592
广西壮族自治区,河池市,金城江区,拔贡镇,107.8670051,24.8440727,0.0,4.0,3.0,1.0,12.0,1.0,0.0,0.0,1.0,0.0,0.0,0.0,0.0,0.0,0.0,0.0,0.0,0.0,0.0,0.0,4.0,0.0,0.0,0.0,0.0,4.0,0.0,0.0,0.0,0.0,0.0,0.0,0.0,4.0,6.0,3.0,0.0,3.0,1.0,0.0,5.0,1.0,0.0,0.0,1.0,0.0,0.0,0.0,0.0,0.0,0.0,0.0,0.0,0.0,0.0,0.0,2.0,0.0,0.0,0.0,0.0,1.0,0.0,0.0,0.0,0.0,0.0,0.0,0.0,4.0,5.0,3.0,3196787309.0,-1.0,河池市金城江区,河池市金城江区拔贡镇,11.0,14.9,0.0,1.5,27.4,44.666666666666664,29.29219858156028,38.14581005586592
广西壮族自治区,河池市,金城江区,九圩镇,107.760194,24.5328212,5.0,0.0,7.0,4.0,43.0,6.0,0.0,0.0,0.0,0.0,1.0,10.0,0.0,0.0,2.0,3.0,2.0,0.0,0.0,0.0,43.0,0.0,1.0,6.0,0.0,10.0,18.0,0.0,0.0,1.0,0.0,5.0,0.0,3.0,7.0,6.0,5.0,0.0,4.0,4.0,31.0,6.0,0.0,0.0,0.0,0.0,0.0,10.0,0.0,0.0,2.0,3.0,2.0,0.0,0.0,0.0,43.0,0.0,0.0,6.0,0.0,2.0,18.0,0.0,0.0,1.0,0.0,5.0,0.0,3.0,7.0,4.0,3812887513.0,-1.0,河池市金城江区,河池市金城江区九圩镇,12.0,25.5,15.0,6.800000000000001,59.3,44.666666666666664,29.29219858156028,38.14581005586592
广西壮族自治区,河池市,金城江区,五圩镇,107.8884093,24.5629438,6.0,0.0,7.0,2.0,14.0,1.0,0.0,0.0,0.0,0.0,0.0,0.0,0.0,0.0,0.0,0.0,0.0,0.0,0.0,0.0,1.0,0.0,0.0,0.0,0.0,1.0,1.0,0.0,0.0,0.0,0.0,0.0,0.0,4.0,6.0,3.0,0.0,0.0,4.0,2.0,14.0,1.0,0.0,0.0,0.0,0.0,0.0,0.0,0.0,0.0,0.0,0.0,0.0,0.0,0.0,0.0,1.0,0.0,0.0,0.0,0.0,1.0,1.0,0.0,0.0,0.0,0.0,0.0,0.0,1.0,4.0,2.0,4951283234.0,-1.0,河池市金城江区,河池市金城江区五圩镇,8.0,17.0,0.0,1.7,26.7,44.666666666666664,29.29219858156028,38.14581005586592
广西壮族自治区,河池市,金城江区,白土乡,108.1254932,24.5840968,0.0,0.0,3.0,1.0,19.0,0.0,0.0,0.0,0.0,0.0,0.0,0.0,0.0,0.0,0.0,0.0,0.0,0.0,0.0,0.0,7.0,0.0,0.0,0.0,0.0,8.0,0.0,0.0,0.0,0.0,0.0,0.0,0.0,2.0,4.0,5.0,0.0,0.0,2.0,1.0,16.0,0.0,0.0,0.0,0.0,0.0,0.0,0.0,0.0,0.0,0.0,0.0,0.0,0.0,0.0,0.0,7.0,0.0,0.0,0.0,0.0,2.0,0.0,0.0,0.0,0.0,0.0,0.0,0.0,1.0,4.0,4.0,3242253645.0,-1.0,河池市金城江区,河池市金城江区白土乡,12.0,16.6,0.0,2.5,31.1,44.666666666666664,29.29219858156028,38.14581005586592
广西壮族自治区,河池市,金城江区,侧岭乡,107.7778899,24.8301777,0.0,9.0,2.0,7.0,35.0,5.0,0.0,0.0,1.0,0.0,2.0,0.0,0.0,0.0,0.0,0.0,0.0,0.0,0.0,2.0,3.0,0.0,0.0,0.0,0.0,1.0,1.0,0.0,0.0,0.0,0.0,0.0,0.0,3.0,9.0,4.0,0.0,6.0,1.0,7.0,6.0,0.0,0.0,0.0,1.0,0.0,0.0,0.0,0.0,0.0,0.0,0.0,0.0,0.0,0.0,0.0,3.0,0.0,0.0,0.0,0.0,1.0,1.0,0.0,0.0,0.0,0.0,0.0,0.0,3.0,7.0,3.0,5075463697.0,-1.0,河池市金城江区,河池市金城江区侧岭乡,8.0,26.8,0.0,2.2,37.0,44.666666666666664,29.29219858156028,38.14581005586592
广西壮族自治区,河池市,金城江区,保平乡,107.8340671,24.4388016,1.0,0.0,5.0,7.0,18.0,0.0,0.0,0.0,0.0,0.0,0.0,0.0,0.0,0.0,0.0,0.0,0.0,0.0,0.0,0.0,8.0,0.0,0.0,0.0,0.0,3.0,0.0,0.0,0.0,0.0,0.0,0.0,0.0,2.0,4.0,3.0,0.0,0.0,5.0,2.0,17.0,0.0,0.0,0.0,0.0,0.0,0.0,0.0,0.0,0.0,0.0,0.0,0.0,0.0,0.0,0.0,4.0,0.0,0.0,0.0,0.0,2.0,0.0,0.0,0.0,0.0,0.0,0.0,0.0,1.0,3.0,3.0,4951388940.0,-1.0,河池市金城江区,河池市金城江区保平乡,10.0,20.7,0.0,1.5,32.2,44.666666666666664,29.29219858156028,38.14581005586592
广西壮族自治区,河池市,金城江区,长老乡,107.6054595,24.7196845,0.0,0.0,6.0,3.0,23.0,0.0,0.0,0.0,0.0,0.0,0.0,0.0,0.0,0.0,0.0,0.0,0.0,0.0,0.0,0.0,2.0,0.0,0.0,0.0,0.0,12.0,0.0,0.0,0.0,0.0,0.0,0.0,0.0,4.0,8.0,2.0,0.0,0.0,3.0,3.0,7.0,0.0,0.0,0.0,0.0,0.0,0.0,0.0,0.0,0.0,0.0,0.0,0.0,0.0,0.0,0.0,1.0,0.0,0.0,0.0,0.0,2.0,0.0,0.0,0.0,0.0,0.0,0.0,0.0,2.0,8.0,2.0,5115373149.0,11375840.0,河池市金城江区,河池市金城江区长老乡,20.0,18.700000000000003,0.0,1.0,39.7,44.666666666666664,29.29219858156028,38.14581005586592
广西壮族自治区,河池市,宜州区,庆远镇,108.6576039,24.4969601,20.0,4.0,9.0,19.0,93.0,4.0,0.0,20.0,0.0,0.0,4.0,1.0,0.0,0.0,0.0,0.0,0.0,0.0,0.0,0.0,2.0,0.0,0.0,0.0,0.0,7.0,4.0,0.0,1.0,1.0,0.0,6.0,3.0,9.0,16.0,8.0,15.0,3.0,6.0,8.0,44.0,0.0,0.0,10.0,0.0,0.0,0.0,0.0,0.0,0.0,0.0,0.0,0.0,0.0,0.0,0.0,1.0,0.0,0.0,0.0,0.0,3.0,0.0,0.0,0.0,0.0,0.0,4.0,0.0,7.0,8.0,5.0,5107875884.0,-1.0,河池市宜州区,河池市宜州区庆远镇,12.0,26.0,5.0,4.5,47.5,30.36875,29.29219858156028,38.14581005586592
广西壮族自治区,河池市,宜州区,三岔镇,108.9504942,24.4713165,9.0,1.0,1.0,4.0,11.0,0.0,0.0,0.0,1.0,0.0,0.0,0.0,0.0,0.0,0.0,0.0,0.0,0.0,0.0,0.0,2.0,0.0,6.0,0.0,0.0,5.0,3.0,0.0,0.0,0.0,0.0,0.0,0.0,9.0,7.0,4.0,5.0,1.0,0.0,1.0,7.0,0.0,0.0,0.0,0.0,0.0,0.0,0.0,0.0,0.0,0.0,0.0,0.0,0.0,0.0,0.0,2.0,0.0,1.0,0.0,0.0,1.0,0.0,0.0,0.0,0.0,0.0,0.0,0.0,9.0,6.0,4.0,3722515462.0,-1.0,河池市宜州区,河池市宜州区三岔镇,12.0,18.8,0.0,2.3,33.1,30.36875,29.29219858156028,38.14581005586592
广西壮族自治区,河池市,宜州区,洛西镇,108.78342,24.469619,3.0,0.0,0.0,3.0,25.0,0.0,0.0,0.0,0.0,0.0,0.0,0.0,0.0,0.0,0.0,0.0,0.0,0.0,0.0,0.0,1.0,0.0,0.0,0.0,0.0,9.0,3.0,0.0,0.0,0.0,0.0,0.0,0.0,4.0,5.0,4.0,1.0,0.0,0.0,2.0,7.0,0.0,0.0,0.0,0.0,0.0,0.0,0.0,0.0,0.0,0.0,0.0,0.0,0.0,0.0,0.0,1.0,0.0,0.0,0.0,0.0,1.0,0.0,0.0,0.0,0.0,0.0,0.0,0.0,3.0,5.0,1.0,5107507387.0,-1.0,河池市宜州区,河池市宜州区洛西镇,12.0,17.6,0.0,2.3,31.900000000000002,30.36875,29.29219858156028,38.14581005586592
广西壮族自治区,河池市,宜州区,怀远镇,108.4690407,24.5700026,6.0,0.0,9.0,4.0,44.0,1.0,0.0,0.0,2.0,0.0,1.0,0.0,0.0,0.0,0.0,0.0,0.0,0.0,0.0,0.0,2.0,0.0,4.0,0.0,0.0,9.0,0.0,0.0,0.0,0.0,0.0,0.0,0.0,7.0,11.0,5.0,6.0,0.0,4.0,4.0,33.0,0.0,0.0,0.0,0.0,0.0,0.0,0.0,0.0,0.0,0.0,0.0,0.0,0.0,0.0,0.0,2.0,0.0,1.0,0.0,0.0,2.0,0.0,0.0,0.0,0.0,0.0,0.0,0.0,5.0,6.0,5.0,3250347270.0,-1.0,河池市宜州区,河池市宜州区怀远镇,12.0,28.0,0.0,2.5,42.5,30.36875,29.29219858156028,38.14581005586592
广西壮族自治区,河池市,宜州区,德胜镇,108.3336714,24.6972046,6.0,3.0,6.0,8.0,27.0,4.0,0.0,0.0,1.0,0.0,1.0,0.0,0.0,0.0,0.0,0.0,0.0,0.0,0.0,0.0,0.0,0.0,4.0,0.0,0.0,4.0,1.0,0.0,0.0,1.0,0.0,0.0,0.0,5.0,11.0,7.0,2.0,0.0,4.0,4.0,22.0,1.0,0.0,0.0,1.0,0.0,0.0,0.0,0.0,0.0,0.0,0.0,0.0,0.0,0.0,0.0,0.0,0.0,2.0,0.0,0.0,1.0,0.0,0.0,0.0,1.0,0.0,0.0,0.0,3.0,6.0,6.0,3196787308.0,-1.0,河池市宜州区,河池市宜州区德胜镇,11.0,28.0,0.0,3.8,42.8,30.36875,29.29219858156028,38.14581005586592
广西壮族自治区,河池市,宜州区,石别镇,108.616667,24.316667,3.0,0.0,1.0,2.0,3.0,0.0,0.0,0.0,0.0,0.0,0.0,0.0,0.0,0.0,0.0,0.0,0.0,0.0,0.0,0.0,1.0,0.0,0.0,0.0,0.0,5.0,0.0,0.0,0.0,0.0,0.0,0.0,0.0,2.0,5.0,2.0,1.0,0.0,1.0,2.0,3.0,0.0,0.0,0.0,0.0,0.0,0.0,0.0,0.0,0.0,0.0,0.0,0.0,0.0,0.0,0.0,1.0,0.0,0.0,0.0,0.0,1.0,0.0,0.0,0.0,0.0,0.0,0.0,0.0,2.0,4.0,1.0,2904063976.0,-1.0,河池市宜州区,河池市宜州区石别镇,12.0,11.0,0.0,1.0,24.0,30.36875,29.29219858156028,38.14581005586592
广西壮族自治区,河池市,宜州区,北山镇,108.4713746,24.3021866,0.0,0.0,2.0,0.0,1.0,0.0,0.0,0.0,0.0,0.0,0.0,0.0,0.0,0.0,0.0,0.0,0.0,0.0,0.0,0.0,1.0,0.0,0.0,0.0,0.0,1.0,0.0,0.0,0.0,0.0,0.0,0.0,0.0,3.0,3.0,1.0,0.0,0.0,2.0,0.0,0.0,0.0,0.0,0.0,0.0,0.0,0.0,0.0,0.0,0.0,0.0,0.0,0.0,0.0,0.0,0.0,1.0,0.0,0.0,0.0,0.0,1.0,0.0,0.0,0.0,0.0,0.0,0.0,0.0,1.0,2.0,1.0,2904063974.0,-1.0,河池市宜州区,河池市宜州区北山镇,8.0,6.7,0.0,0.5,15.2,30.36875,29.29219858156028,38.14581005586592
广西壮族自治区,河池市,宜州区,刘三姐镇,108.6706348,24.5416912,7.0,0.0,3.0,3.0,7.0,0.0,0.0,0.0,0.0,0.0,1.0,0.0,0.0,0.0,0.0,0.0,0.0,0.0,0.0,0.0,5.0,0.0,0.0,0.0,0.0,1.0,1.0,0.0,0.0,0.0,0.0,2.0,0.0,2.0,7.0,4.0,3.0,0.0,2.0,1.0,7.0,0.0,0.0,0.0,0.0,0.0,0.0,0.0,0.0,0.0,0.0,0.0,0.0,0.0,0.0,0.0,4.0,0.0,0.0,0.0,0.0,1.0,0.0,0.0,0.0,0.0,0.0,2.0,0.0,2.0,5.0,4.0,5024919871.0,-1.0,河池市宜州区,河池市宜州区刘三姐镇,8.0,17.0,0.0,2.1,27.1,30.36875,29.29219858156028,38.14581005586592
广西壮族自治区,河池市,宜州区,洛东镇,108.8573202,24.4803242,1.0,0.0,1.0,3.0,31.0,0.0,0.0,0.0,0.0,0.0,1.0,0.0,0.0,0.0,0.0,0.0,0.0,0.0,0.0,0.0,6.0,0.0,0.0,0.0,0.0,8.0,0.0,0.0,0.0,0.0,0.0,0.0,0.0,4.0,11.0,1.0,1.0,0.0,1.0,2.0,5.0,0.0,0.0,0.0,0.0,0.0,1.0,0.0,0.0,0.0,0.0,0.0,0.0,0.0,0.0,0.0,2.0,0.0,0.0,0.0,0.0,2.0,0.0,0.0,0.0,0.0,0.0,0.0,0.0,3.0,10.0,1.0,3722529380.0,-1.0,河池市宜州区,河池市宜州区洛东镇,12.0,21.7,0.0,0.5,34.2,30.36875,29.29219858156028,38.14581005586592
广西壮族自治区,河池市,宜州区,祥贝乡,108.6554492,24.6773388,0.0,0.0,1.0,4.0,1.0,0.0,0.0,0.0,0.0,0.0,0.0,0.0,0.0,0.0,0.0,0.0,0.0,0.0,0.0,0.0,0.0,0.0,0.0,0.0,0.0,1.0,0.0,0.0,0.0,0.0,0.0,0.0,0.0,3.0,3.0,1.0,0.0,0.0,1.0,4.0,1.0,0.0,0.0,0.0,0.0,0.0,0.0,0.0,0.0,0.0,0.0,0.0,0.0,0.0,0.0,0.0,0.0,0.0,0.0,0.0,0.0,1.0,0.0,0.0,0.0,0.0,0.0,0.0,0.0,1.0,3.0,1.0,4268116677.0,-1.0,河池市宜州区,河池市宜州区祥贝乡,8.0,11.0,0.0,0.5,19.5,30.36875,29.29219858156028,38.14581005586592
广西壮族自治区,河池市,宜州区,屏南乡,108.9051154,24.3747605,0.0,0.0,1.0,2.0,18.0,0.0,0.0,0.0,0.0,0.0,0.0,0.0,0.0,0.0,0.0,0.0,0.0,0.0,0.0,0.0,3.0,0.0,0.0,0.0,0.0,5.0,3.0,0.0,0.0,0.0,0.0,0.0,0.0,6.0,4.0,2.0,0.0,0.0,1.0,2.0,6.0,0.0,0.0,0.0,0.0,0.0,0.0,0.0,0.0,0.0,0.0,0.0,0.0,0.0,0.0,0.0,1.0,0.0,0.0,0.0,0.0,2.0,0.0,0.0,0.0,0.0,0.0,0.0,0.0,1.0,3.0,2.0,5106724724.0,-1.0,河池市宜州区,河池市宜州区屏南乡,12.0,14.4,0.0,1.3,27.7,30.36875,29.29219858156028,38.14581005586592
广西壮族自治区,河池市,宜州区,福龙瑶族乡,108.6029024,24.1974165,3.0,0.0,0.0,1.0,12.0,0.0,0.0,0.0,0.0,0.0,0.0,0.0,0.0,0.0,1.0,1.0,0.0,0.0,0.0,0.0,2.0,0.0,0.0,0.0,0.0,18.0,8.0,0.0,0.0,0.0,0.0,2.0,0.0,3.0,4.0,4.0,1.0,0.0,0.0,1.0,8.0,0.0,0.0,0.0,0.0,0.0,0.0,0.0,0.0,0.0,1.0,1.0,0.0,0.0,0.0,0.0,2.0,0.0,0.0,0.0,0.0,5.0,8.0,0.0,0.0,0.0,0.0,2.0,0.0,3.0,4.0,4.0,7777263118.0,11372781.0,河池市宜州区,河池市宜州区福龙瑶族乡,20.0,12.8,5.0,3.6,41.4,30.36875,29.29219858156028,38.14581005586592
广西壮族自治区,河池市,宜州区,北牙瑶族乡,108.4003336,24.4101276,0.0,3.0,2.0,0.0,4.0,0.0,0.0,0.0,0.0,0.0,0.0,0.0,0.0,0.0,0.0,0.0,0.0,0.0,0.0,0.0,2.0,0.0,0.0,0.0,0.0,8.0,0.0,0.0,0.0,0.0,0.0,0.0,0.0,1.0,5.0,3.0,0.0,2.0,2.0,0.0,3.0,0.0,0.0,0.0,0.0,0.0,0.0,0.0,0.0,0.0,0.0,0.0,0.0,0.0,0.0,0.0,1.0,0.0,0.0,0.0,0.0,2.0,0.0,0.0,0.0,0.0,0.0,0.0,0.0,1.0,4.0,1.0,2904064368.0,-1.0,河池市宜州区,河池市宜州区北牙瑶族乡,12.0,9.2,0.0,1.5,22.7,30.36875,29.29219858156028,38.14581005586592
广西壮族自治区,河池市,宜州区,同德乡,108.4185211,24.4646884,0.0,0.0,3.0,2.0,6.0,1.0,0.0,0.0,0.0,0.0,1.0,0.0,0.0,0.0,0.0,0.0,0.0,0.0,0.0,0.0,1.0,0.0,0.0,0.0,0.0,7.0,0.0,0.0,0.0,0.0,0.0,0.0,0.0,1.0,8.0,3.0,0.0,0.0,2.0,2.0,5.0,1.0,0.0,0.0,0.0,0.0,1.0,0.0,0.0,0.0,0.0,0.0,0.0,0.0,0.0,0.0,1.0,0.0,0.0,0.0,0.0,1.0,0.0,0.0,0.0,0.0,0.0,0.0,0.0,1.0,5.0,1.0,2904063978.0,-1.0,河池市宜州区,河池市宜州区同德乡,12.0,15.7,0.0,1.5,29.2,30.36875,29.29219858156028,38.14581005586592
广西壮族自治区,河池市,宜州区,安马乡,108.4450647,24.6675932,0.0,0.0,3.0,6.0,0.0,0.0,0.0,0.0,0.0,0.0,0.0,0.0,0.0,0.0,0.0,0.0,0.0,0.0,0.0,0.0,1.0,0.0,0.0,0.0,0.0,1.0,0.0,0.0,0.0,0.0,0.0,0.0,0.0,3.0,4.0,2.0,0.0,0.0,0.0,6.0,0.0,0.0,0.0,0.0,0.0,0.0,0.0,0.0,0.0,0.0,0.0,0.0,0.0,0.0,0.0,0.0,1.0,0.0,0.0,0.0,0.0,1.0,0.0,0.0,0.0,0.0,0.0,0.0,0.0,3.0,2.0,2.0,4268116670.0,-1.0,河池市宜州区,河池市宜州区安马乡,8.0,12.0,0.0,1.0,21.0,30.36875,29.29219858156028,38.14581005586592
广西壮族自治区,河池市,宜州区,龙头乡,108.121,24.4561,0.0,2.0,0.0,3.0,4.0,0.0,0.0,0.0,0.0,0.0,0.0,0.0,0.0,0.0,0.0,0.0,0.0,0.0,0.0,0.0,2.0,0.0,0.0,0.0,0.0,5.0,0.0,0.0,0.0,0.0,0.0,0.0,0.0,4.0,7.0,3.0,0.0,2.0,0.0,1.0,1.0,0.0,0.0,0.0,0.0,0.0,0.0,0.0,0.0,0.0,0.0,0.0,0.0,0.0,0.0,0.0,1.0,0.0,0.0,0.0,0.0,1.0,0.0,0.0,0.0,0.0,0.0,0.0,0.0,1.0,4.0,1.0,2904064370.0,-1.0,河池市宜州区,河池市宜州区龙头乡,12.0,12.6,0.0,1.5,26.1,30.36875,29.29219858156028,38.14581005586592
广西壮族自治区,河池市,南丹县,城关镇,107.5713404,25.0302181,19.0,0.0,10.0,9.0,13.0,0.0,0.0,0.0,2.0,0.0,0.0,0.0,0.0,0.0,0.0,0.0,0.0,0.0,0.0,0.0,10.0,0.0,7.0,0.0,0.0,2.0,7.0,0.0,0.0,3.0,0.0,1.0,0.0,3.0,9.0,6.0,4.0,0.0,7.0,4.0,8.0,0.0,0.0,0.0,1.0,0.0,0.0,0.0,0.0,0.0,0.0,0.0,0.0,0.0,0.0,0.0,3.0,0.0,1.0,0.0,0.0,1.0,2.0,0.0,0.0,0.0,0.0,0.0,0.0,3.0,8.0,3.0,1612747506.0,-1.0,河池市南丹县,河池市南丹县城关镇,9.0,21.0,0.0,4.2,34.2,29.072727272727274,29.29219858156028,38.14581005586592
广西壮族自治区,河池市,南丹县,大厂镇,107.575,24.8322,0.0,2.0,1.0,6.0,24.0,1.0,0.0,0.0,0.0,0.0,0.0,0.0,0.0,0.0,0.0,0.0,0.0,0.0,0.0,0.0,0.0,0.0,6.0,0.0,0.0,1.0,0.0,0.0,0.0,0.0,0.0,0.0,0.0,4.0,6.0,4.0,0.0,1.0,0.0,2.0,9.0,0.0,0.0,0.0,0.0,0.0,0.0,0.0,0.0,0.0,0.0,0.0,0.0,0.0,0.0,0.0,0.0,0.0,0.0,0.0,0.0,1.0,0.0,0.0,0.0,0.0,0.0,0.0,0.0,1.0,4.0,1.0,5073288107.0,-1.0,河池市南丹县,河池市南丹县大厂镇,8.0,20.5,0.0,2.0,30.5,29.072727272727274,29.29219858156028,38.14581005586592
广西壮族自治区,河池市,南丹县,车河镇,107.6475877,24.85603,11.0,7.0,8.0,6.0,3.0,1.0,0.0,0.0,0.0,0.0,0.0,0.0,0.0,0.0,0.0,0.0,0.0,0.0,0.0,0.0,4.0,0.0,6.0,0.0,1.0,1.0,2.0,0.0,0.0,4.0,0.0,1.0,0.0,2.0,8.0,7.0,0.0,5.0,8.0,3.0,3.0,1.0,0.0,0.0,0.0,0.0,0.0,0.0,0.0,0.0,0.0,0.0,0.0,0.0,0.0,0.0,4.0,0.0,3.0,0.0,0.0,1.0,1.0,0.0,0.0,1.0,0.0,0.0,0.0,1.0,5.0,4.0,3196567760.0,-1.0,河池市南丹县,河池市南丹县车河镇,8.0,15.5,0.0,4.3,27.8,29.072727272727274,29.29219858156028,38.14581005586592
广西壮族自治区,河池市,南丹县,芒场镇,107.5120384,25.1533976,1.0,0.0,0.0,0.0,35.0,3.0,0.0,0.0,2.0,0.0,1.0,0.0,0.0,0.0,0.0,0.0,0.0,0.0,0.0,0.0,5.0,0.0,1.0,0.0,0.0,2.0,0.0,0.0,0.0,0.0,0.0,0.0,0.0,4.0,8.0,5.0,1.0,0.0,0.0,0.0,11.0,3.0,0.0,0.0,0.0,0.0,0.0,0.0,0.0,0.0,0.0,0.0,0.0,0.0,0.0,0.0,3.0,0.0,1.0,0.0,0.0,1.0,0.0,0.0,0.0,0.0,0.0,0.0,0.0,3.0,8.0,4.0,3196567759.0,-1.0,河池市南丹县,河池市南丹县芒场镇,9.0,23.3,0.0,2.5,34.8,29.072727272727274,29.29219858156028,38.14581005586592
广西壮族自治区,河池市,南丹县,六寨镇,107.4,25.3,4.0,0.0,5.0,6.0,16.0,2.0,0.0,0.0,0.0,0.0,0.0,0.0,0.0,0.0,0.0,0.0,0.0,0.0,0.0,0.0,2.0,0.0,4.0,0.0,0.0,4.0,2.0,0.0,0.0,0.0,0.0,0.0,0.0,9.0,9.0,5.0,0.0,0.0,5.0,0.0,2.0,0.0,0.0,0.0,0.0,0.0,0.0,0.0,0.0,0.0,0.0,0.0,0.0,0.0,0.0,0.0,1.0,0.0,0.0,0.0,0.0,1.0,1.0,0.0,0.0,0.0,0.0,0.0,0.0,1.0,3.0,4.0,5087777702.0,-1.0,河池市南丹县,河池市南丹县六寨镇,11.0,17.8,0.0,2.8,31.6,29.072727272727274,29.29219858156028,38.14581005586592
广西壮族自治区,河池市,南丹县,月里镇,107.2293759,25.4683108,0.0,0.0,7.0,1.0,7.0,0.0,0.0,0.0,0.0,0.0,0.0,0.0,0.0,0.0,0.0,0.0,0.0,0.0,0.0,0.0,1.0,0.0,0.0,0.0,0.0,4.0,0.0,0.0,0.0,0.0,0.0,0.0,0.0,1.0,5.0,2.0,0.0,0.0,3.0,1.0,3.0,0.0,0.0,0.0,0.0,0.0,0.0,0.0,0.0,0.0,0.0,0.0,0.0,0.0,0.0,0.0,1.0,0.0,0.0,0.0,0.0,1.0,0.0,0.0,0.0,0.0,0.0,0.0,0.0,1.0,3.0,2.0,4269990874.0,11343045.0,河池市南丹县,河池市南丹县月里镇,19.0,10.8,0.0,1.0,30.8,29.072727272727274,29.29219858156028,38.14581005586592
广西壮族自治区,河池市,南丹县,吾隘镇,107.3319188,24.8463886,4.0,3.0,0.0,0.0,15.0,0.0,0.0,2.0,0.0,0.0,0.0,0.0,0.0,0.0,0.0,0.0,0.0,0.0,0.0,0.0,5.0,0.0,1.0,0.0,0.0,2.0,0.0,0.0,0.0,0.0,0.0,0.0,0.0,7.0,6.0,4.0,2.0,3.0,0.0,0.0,8.0,0.0,0.0,2.0,0.0,0.0,0.0,0.0,0.0,0.0,0.0,0.0,0.0,0.0,0.0,0.0,3.0,0.0,0.0,0.0,0.0,1.0,0.0,0.0,0.0,0.0,0.0,0.0,0.0,6.0,5.0,3.0,5072715957.0,11343044.0,河池市南丹县,河池市南丹县吾隘镇,17.0,13.4,0.0,2.0,32.4,29.072727272727274,29.29219858156028,38.14581005586592
广西壮族自治区,河池市,南丹县,罗富镇,107.4008987,24.9688779,0.0,0.0,5.0,7.0,12.0,0.0,0.0,0.0,0.0,0.0,0.0,0.0,0.0,0.0,0.0,0.0,0.0,0.0,0.0,0.0,4.0,0.0,0.0,0.0,0.0,1.0,0.0,0.0,0.0,0.0,0.0,0.0,0.0,1.0,8.0,6.0,0.0,0.0,3.0,4.0,5.0,0.0,0.0,0.0,0.0,0.0,0.0,0.0,0.0,0.0,0.0,0.0,0.0,0.0,0.0,0.0,4.0,0.0,0.0,0.0,0.0,1.0,0.0,0.0,0.0,0.0,0.0,0.0,0.0,1.0,3.0,3.0,5072952516.0,-1.0,河池市南丹县,河池市南丹县罗富镇,8.0,17.9,0.0,3.0,28.9,29.072727272727274,29.29219858156028,38.14581005586592
广西壮族自治区,河池市,南丹县,中堡苗族乡,107.0915313,25.4895635,0.0,0.0,4.0,0.0,1.0,0.0,0.0,0.0,0.0,0.0,0.0,0.0,0.0,0.0,0.0,0.0,0.0,0.0,0.0,0.0,2.0,0.0,0.0,0.0,0.0,2.0,0.0,0.0,0.0,0.0,0.0,0.0,0.0,1.0,2.0,1.0,0.0,0.0,2.0,0.0,0.0,0.0,0.0,0.0,0.0,0.0,0.0,0.0,0.0,0.0,0.0,0.0,0.0,0.0,0.0,0.0,1.0,0.0,0.0,0.0,0.0,1.0,0.0,0.0,0.0,0.0,0.0,0.0,0.0,1.0,1.0,1.0,4269990875.0,11343046.0,河池市南丹县,河池市南丹县中堡苗族乡,17.0,6.2,0.0,0.5,23.7,29.072727272727274,29.29219858156028,38.14581005586592
广西壮族自治区,河池市,南丹县,八圩瑶族乡,107.716638,24.9221801,0.0,0.0,0.0,17.0,9.0,7.0,0.0,2.0,1.0,2.0,0.0,0.0,0.0,0.0,0.0,0.0,0.0,0.0,0.0,0.0,5.0,0.0,0.0,0.0,0.0,2.0,0.0,0.0,0.0,0.0,0.0,0.0,0.0,3.0,8.0,3.0,0.0,0.0,0.0,12.0,2.0,0.0,0.0,0.0,0.0,0.0,0.0,0.0,0.0,0.0,0.0,0.0,0.0,0.0,0.0,0.0,2.0,0.0,0.0,0.0,0.0,1.0,0.0,0.0,0.0,0.0,0.0,0.0,0.0,3.0,3.0,2.0,5075828234.0,-1.0,河池市南丹县,河池市南丹县八圩瑶族乡,9.0,15.4,0.0,1.5,25.9,29.072727272727274,29.29219858156028,38.14581005586592
广西壮族自治区,河池市,南丹县,里湖瑶族乡,107.6619589,25.1128647,3.0,0.0,0.0,1.0,3.0,0.0,0.0,0.0,0.0,0.0,0.0,0.0,0.0,0.0,0.0,0.0,0.0,0.0,0.0,0.0,1.0,0.0,1.0,0.0,0.0,1.0,0.0,0.0,0.0,0.0,0.0,0.0,0.0,1.0,4.0,4.0,3.0,0.0,0.0,1.0,2.0,0.0,0.0,0.0,0.0,0.0,0.0,0.0,0.0,0.0,0.0,0.0,0.0,0.0,0.0,0.0,1.0,0.0,0.0,0.0,0.0,1.0,0.0,0.0,0.0,0.0,0.0,0.0,0.0,1.0,4.0,2.0,4570265578.0,-1.0,河池市南丹县,河池市南丹县里湖瑶族乡,8.0,9.2,0.0,2.0,19.2,29.072727272727274,29.29219858156028,38.14581005586592
广西壮族自治区,河池市,天峨县,六排镇,107.1690949,25.0003152,13.0,0.0,9.0,18.0,43.0,9.0,0.0,2.0,0.0,0.0,0.0,0.0,0.0,0.0,1.0,1.0,0.0,0.0,0.0,0.0,4.0,0.0,0.0,0.0,0.0,2.0,0.0,0.0,0.0,0.0,1.0,19.0,0.0,4.0,11.0,4.0,9.0,0.0,7.0,16.0,13.0,9.0,0.0,2.0,0.0,0.0,0.0,0.0,0.0,0.0,1.0,1.0,0.0,0.0,0.0,0.0,2.0,0.0,0.0,0.0,0.0,2.0,0.0,0.0,0.0,0.0,1.0,18.0,0.0,4.0,10.0,4.0,4271050874.0,-1.0,河池市天峨县,河池市天峨县六排镇,9.0,24.0,5.0,2.0,40.0,26.88888888888889,29.29219858156028,38.14581005586592
广西壮族自治区,河池市,天峨县,向阳镇,106.9487662,25.0841404,0.0,7.0,0.0,5.0,10.0,2.0,0.0,0.0,0.0,0.0,1.0,0.0,0.0,0.0,0.0,0.0,0.0,0.0,0.0,1.0,2.0,0.0,0.0,0.0,0.0,1.0,7.0,0.0,0.0,0.0,0.0,0.0,0.0,2.0,10.0,3.0,0.0,1.0,0.0,4.0,9.0,0.0,0.0,0.0,0.0,0.0,0.0,0.0,0.0,0.0,0.0,0.0,0.0,0.0,0.0,0.0,2.0,0.0,0.0,0.0,0.0,1.0,0.0,0.0,0.0,0.0,0.0,0.0,0.0,2.0,4.0,2.0,3781056338.0,-1.0,河池市天峨县,河池市天峨县向阳镇,8.0,20.7,0.0,2.2,30.9,26.88888888888889,29.29219858156028,38.14581005586592
广西壮族自治区,河池市,天峨县,岜暮乡,107.1946948,24.8846,0.0,0.0,3.0,7.0,2.0,0.0,0.0,0.0,0.0,0.0,0.0,0.0,0.0,0.0,0.0,0.0,0.0,0.0,0.0,0.0,6.0,0.0,0.0,0.0,0.0,1.0,0.0,0.0,0.0,0.0,0.0,0.0,0.0,2.0,4.0,6.0,0.0,0.0,2.0,4.0,1.0,0.0,0.0,0.0,0.0,0.0,0.0,0.0,0.0,0.0,0.0,0.0,0.0,0.0,0.0,0.0,6.0,0.0,0.0,0.0,0.0,1.0,0.0,0.0,0.0,0.0,0.0,0.0,0.0,2.0,4.0,5.0,5072061555.0,-1.0,河池市天峨县,河池市天峨县岜暮乡,8.0,12.7,0.0,3.0,23.7,26.88888888888889,29.29219858156028,38.14581005586592
广西壮族自治区,河池市,天峨县,八腊瑶族乡,107.0470558,24.950616,2.0,0.0,0.0,0.0,4.0,0.0,0.0,0.0,0.0,0.0,0.0,0.0,0.0,0.0,0.0,0.0,0.0,0.0,0.0,0.0,3.0,0.0,0.0,0.0,0.0,1.0,0.0,0.0,0.0,0.0,0.0,0.0,0.0,1.0,3.0,2.0,1.0,0.0,0.0,0.0,1.0,0.0,0.0,0.0,0.0,0.0,0.0,0.0,0.0,0.0,0.0,0.0,0.0,0.0,0.0,0.0,2.0,0.0,0.0,0.0,0.0,1.0,0.0,0.0,0.0,0.0,0.0,0.0,0.0,1.0,2.0,2.0,3781114687.0,-1.0,河池市天峨县,河池市天峨县八腊瑶族乡,8.0,7.6,0.0,1.0,16.6,26.88888888888889,29.29219858156028,38.14581005586592
广西壮族自治区,河池市,天峨县,纳直乡,106.9316928,24.7869693,0.0,0.0,14.0,6.0,1.0,0.0,0.0,0.0,0.0,0.0,0.0,0.0,0.0,0.0,0.0,0.0,0.0,0.0,0.0,0.0,3.0,0.0,0.0,0.0,0.0,2.0,0.0,0.0,0.0,0.0,0.0,0.0,0.0,3.0,4.0,3.0,0.0,0.0,6.0,1.0,0.0,0.0,0.0,0.0,0.0,0.0,0.0,0.0,0.0,0.0,0.0,0.0,0.0,0.0,0.0,0.0,1.0,0.0,0.0,0.0,0.0,1.0,0.0,0.0,0.0,0.0,0.0,0.0,0.0,1.0,2.0,2.0,3781114690.0,-1.0,河池市天峨县,河池市天峨县纳直乡,9.0,12.2,0.0,1.5,22.7,26.88888888888889,29.29219858156028,38.14581005586592
广西壮族自治区,河池市,天峨县,更新乡,106.8622301,24.6771859,0.0,14.0,4.0,2.0,13.0,0.0,0.0,0.0,0.0,0.0,0.0,0.0,0.0,0.0,0.0,0.0,0.0,0.0,0.0,0.0,9.0,0.0,0.0,0.0,0.0,4.0,0.0,0.0,0.0,0.0,0.0,0.0,0.0,2.0,6.0,3.0,0.0,8.0,3.0,0.0,1.0,0.0,0.0,0.0,0.0,0.0,0.0,0.0,0.0,0.0,0.0,0.0,0.0,0.0,0.0,0.0,5.0,0.0,0.0,0.0,0.0,1.0,0.0,0.0,0.0,0.0,0.0,0.0,0.0,2.0,3.0,2.0,3781114688.0,-1.0,河池市天峨县,河池市天峨县更新乡,11.0,12.9,0.0,1.5,25.4,26.88888888888889,29.29219858156028,38.14581005586592
广西壮族自治区,河池市,天峨县,下老乡,106.724383,25.1085498,1.0,5.0,0.0,0.0,14.0,0.0,0.0,0.0,0.0,0.0,0.0,0.0,0.0,0.0,0.0,0.0,0.0,0.0,0.0,0.0,2.0,0.0,0.0,0.0,0.0,1.0,0.0,0.0,0.0,0.0,0.0,0.0,0.0,9.0,9.0,3.0,0.0,3.0,0.0,0.0,14.0,0.0,0.0,0.0,0.0,0.0,0.0,0.0,0.0,0.0,0.0,0.0,0.0,0.0,0.0,0.0,2.0,0.0,0.0,0.0,0.0,1.0,0.0,0.0,0.0,0.0,0.0,0.0,0.0,7.0,3.0,3.0,5088557061.0,-1.0,河池市天峨县,河池市天峨县下老乡,8.0,16.0,0.0,1.5,25.5,26.88888888888889,29.29219858156028,38.14581005586592
广西壮族自治区,河池市,天峨县,坡结乡,107.0715662,25.1569524,0.0,0.0,8.0,5.0,7.0,0.0,0.0,0.0,0.0,0.0,0.0,0.0,0.0,0.0,0.0,0.0,0.0,0.0,0.0,0.0,4.0,0.0,0.0,0.0,0.0,4.0,0.0,0.0,0.0,0.0,0.0,0.0,0.0,2.0,5.0,3.0,0.0,0.0,3.0,2.0,3.0,0.0,0.0,0.0,0.0,0.0,0.0,0.0,0.0,0.0,0.0,0.0,0.0,0.0,0.0,0.0,3.0,0.0,0.0,0.0,0.0,2.0,0.0,0.0,0.0,0.0,0.0,0.0,0.0,2.0,4.0,3.0,3780982357.0,-1.0,河池市天峨县,河池市天峨县坡结乡,11.0,14.8,0.0,1.5,27.3,26.88888888888889,29.29219858156028,38.14581005586592
广西壮族自治区,河池市,天峨县,三堡乡,107.079,25.3751,0.0,0.0,7.0,5.0,3.0,0.0,0.0,0.0,0.0,0.0,0.0,0.0,0.0,0.0,0.0,0.0,0.0,0.0,0.0,0.0,1.0,0.0,0.0,0.0,0.0,1.0,0.0,0.0,0.0,0.0,0.0,0.0,0.0,4.0,4.0,2.0,0.0,0.0,4.0,3.0,1.0,0.0,0.0,0.0,0.0,0.0,0.0,0.0,0.0,0.0,0.0,0.0,0.0,0.0,0.0,0.0,1.0,0.0,0.0,0.0,0.0,1.0,0.0,0.0,0.0,0.0,0.0,0.0,0.0,1.0,3.0,1.0,4270007293.0,11341873.0,河池市天峨县,河池市天峨县三堡乡,16.0,12.9,0.0,1.0,29.9,26.88888888888889,29.29219858156028,38.14581005586592
广西壮族自治区,河池市,凤山县,思源街道,107.042157,24.546913,25.0,0.0,13.0,20.0,92.0,2.0,0.0,14.0,0.0,0.0,0.0,1.0,0.0,0.0,5.0,5.0,0.0,0.0,0.0,0.0,11.0,0.0,12.0,0.0,0.0,5.0,2.0,0.0,0.0,0.0,0.0,2.0,5.0,3.0,10.0,10.0,10.0,0.0,7.0,6.0,43.0,1.0,0.0,11.0,0.0,0.0,0.0,1.0,0.0,0.0,2.0,2.0,0.0,0.0,0.0,0.0,3.0,0.0,0.0,0.0,0.0,2.0,1.0,0.0,0.0,0.0,0.0,1.0,5.0,3.0,9.0,6.0,-1.0,-1.0,河池市凤山县,河池市凤山县思源街道,5.0,24.0,10.0,4.3,43.3,29.189999999999998,29.29219858156028,38.14581005586592
广西壮族自治区,河池市,凤山县,凤城镇,107.037304,24.5504609,23.0,0.0,13.0,20.0,91.0,2.0,0.0,14.0,0.0,0.0,0.0,1.0,0.0,0.0,5.0,5.0,0.0,0.0,0.0,0.0,12.0,0.0,13.0,0.0,0.0,5.0,2.0,0.0,0.0,0.0,0.0,2.0,5.0,3.0,10.0,10.0,11.0,0.0,6.0,6.0,40.0,1.0,0.0,12.0,0.0,0.0,0.0,1.0,0.0,0.0,2.0,2.0,0.0,0.0,0.0,0.0,3.0,0.0,0.0,0.0,0.0,2.0,1.0,0.0,0.0,0.0,0.0,1.0,4.0,3.0,9.0,6.0,1566869177.0,-1.0,河池市凤山县,河池市凤山县凤城镇,12.0,24.0,10.0,4.3,50.3,29.189999999999998,29.29219858156028,38.14581005586592
广西壮族自治区,河池市,凤山县,长洲镇,107.1919532,24.5961382,0.0,0.0,5.0,0.0,10.0,1.0,0.0,0.0,0.0,0.0,1.0,0.0,0.0,0.0,0.0,0.0,0.0,0.0,0.0,0.0,6.0,0.0,0.0,0.0,0.0,1.0,0.0,0.0,0.0,0.0,0.0,0.0,0.0,2.0,3.0,2.0,0.0,0.0,2.0,0.0,3.0,1.0,0.0,0.0,0.0,0.0,1.0,0.0,0.0,0.0,0.0,0.0,0.0,0.0,0.0,0.0,3.0,0.0,0.0,0.0,0.0,1.0,0.0,0.0,0.0,0.0,0.0,0.0,0.0,2.0,3.0,2.0,5068916210.0,-1.0,河池市凤山县,河池市凤山县长洲镇,8.0,11.4,0.0,1.0,20.4,29.189999999999998,29.29219858156028,38.14581005586592
广西壮族自治区,河池市,凤山县,三门海镇,107.056,24.3814,4.0,0.0,7.0,2.0,13.0,1.0,0.0,0.0,0.0,0.0,0.0,0.0,0.0,0.0,0.0,0.0,0.0,0.0,0.0,0.0,5.0,0.0,1.0,0.0,0.0,2.0,2.0,0.0,0.0,0.0,0.0,0.0,0.0,3.0,6.0,5.0,1.0,0.0,1.0,1.0,6.0,0.0,0.0,0.0,0.0,0.0,0.0,0.0,0.0,0.0,0.0,0.0,0.0,0.0,0.0,0.0,1.0,0.0,1.0,0.0,0.0,1.0,1.0,0.0,0.0,0.0,0.0,0.0,0.0,1.0,5.0,2.0,4569871090.0,-1.0,河池市凤山县,河池市凤山县三门海镇,9.0,14.4,0.0,2.8,26.2,29.189999999999998,29.29219858156028,38.14581005586592
广西壮族自治区,河池市,凤山县,砦牙乡,107.1871807,24.6816066,0.0,0.0,16.0,13.0,15.0,0.0,0.0,0.0,0.0,0.0,0.0,0.0,0.0,0.0,0.0,0.0,0.0,0.0,0.0,0.0,6.0,0.0,0.0,0.0,0.0,6.0,0.0,0.0,0.0,0.0,0.0,0.0,0.0,2.0,4.0,2.0,0.0,0.0,9.0,5.0,7.0,0.0,0.0,0.0,0.0,0.0,0.0,0.0,0.0,0.0,0.0,0.0,0.0,0.0,0.0,0.0,5.0,0.0,0.0,0.0,0.0,1.0,0.0,0.0,0.0,0.0,0.0,0.0,0.0,2.0,4.0,2.0,5071958148.0,-1.0,河池市凤山县,河池市凤山县砦牙乡,12.0,17.1,0.0,1.0,30.1,29.189999999999998,29.29219858156028,38.14581005586592
广西壮族自治区,河池市,凤山县,乔音乡,107.009906,24.6562333,0.0,0.0,2.0,8.0,11.0,0.0,0.0,0.0,0.0,0.0,0.0,0.0,0.0,0.0,0.0,0.0,0.0,0.0,0.0,0.0,2.0,0.0,0.0,0.0,0.0,2.0,1.0,0.0,0.0,0.0,0.0,0.0,0.0,1.0,4.0,3.0,0.0,0.0,2.0,4.0,9.0,0.0,0.0,0.0,0.0,0.0,0.0,0.0,0.0,0.0,0.0,0.0,0.0,0.0,0.0,0.0,2.0,0.0,0.0,0.0,0.0,1.0,1.0,0.0,0.0,0.0,0.0,0.0,0.0,1.0,4.0,3.0,5071930601.0,-1.0,河池市凤山县,河池市凤山县乔音乡,9.0,16.9,0.0,1.7,27.599999999999998,29.189999999999998,29.29219858156028,38.14581005586592
广西壮族自治区,河池市,凤山县,金牙瑶族乡,106.8991809,24.5679878,0.0,9.0,2.0,3.0,12.0,0.0,0.0,0.0,0.0,0.0,0.0,0.0,0.0,0.0,0.0,0.0,0.0,0.0,0.0,0.0,10.0,0.0,0.0,0.0,0.0,1.0,0.0,0.0,0.0,0.0,0.0,0.0,0.0,1.0,6.0,2.0,0.0,9.0,2.0,2.0,1.0,0.0,0.0,0.0,0.0,0.0,0.0,0.0,0.0,0.0,0.0,0.0,0.0,0.0,0.0,0.0,0.0,0.0,0.0,0.0,0.0,1.0,0.0,0.0,0.0,0.0,0.0,0.0,0.0,1.0,5.0,1.0,4569990253.0,-1.0,河池市凤山县,河池市凤山县金牙瑶族乡,8.0,13.7,0.0,1.0,22.7,29.189999999999998,29.29219858156028,38.14581005586592
广西壮族自治区,河池市,凤山县,中亭乡,106.8751564,24.4775054,4.0,0.0,0.0,4.0,8.0,0.0,0.0,0.0,0.0,0.0,0.0,0.0,0.0,0.0,0.0,0.0,0.0,0.0,0.0,0.0,3.0,0.0,0.0,0.0,0.0,1.0,0.0,0.0,0.0,0.0,0.0,1.0,0.0,2.0,4.0,6.0,2.0,0.0,0.0,2.0,3.0,0.0,0.0,0.0,0.0,0.0,0.0,0.0,0.0,0.0,0.0,0.0,0.0,0.0,0.0,0.0,3.0,0.0,0.0,0.0,0.0,1.0,0.0,0.0,0.0,0.0,0.0,1.0,0.0,2.0,4.0,6.0,4569990259.0,-1.0,河池市凤山县,河池市凤山县中亭乡,8.0,13.5,0.0,3.0,24.5,29.189999999999998,29.29219858156028,38.14581005586592
广西壮族自治区,河池市,凤山县,平乐瑶族乡,106.9655704,24.463313,0.0,9.0,5.0,3.0,20.0,0.0,0.0,0.0,0.0,0.0,0.0,0.0,0.0,0.0,0.0,0.0,0.0,0.0,0.0,0.0,7.0,0.0,0.0,0.0,0.0,4.0,0.0,0.0,0.0,0.0,0.0,0.0,0.0,1.0,7.0,3.0,0.0,5.0,3.0,1.0,6.0,0.0,0.0,0.0,0.0,0.0,0.0,0.0,0.0,0.0,0.0,0.0,0.0,0.0,0.0,0.0,2.0,0.0,0.0,0.0,0.0,1.0,0.0,0.0,0.0,0.0,0.0,0.0,0.0,1.0,6.0,2.0,4569990254.0,-1.0,河池市凤山县,河池市凤山县平乐瑶族乡,11.0,17.3,0.0,1.5,29.8,29.189999999999998,29.29219858156028,38.14581005586592
广西壮族自治区,河池市,凤山县,江洲瑶族乡,106.9531761,24.3226263,0.0,0.0,0.0,9.0,1.0,0.0,0.0,0.0,0.0,0.0,0.0,0.0,0.0,0.0,0.0,0.0,0.0,0.0,0.0,0.0,0.0,0.0,0.0,0.0,0.0,3.0,0.0,0.0,0.0,0.0,0.0,0.0,0.0,3.0,2.0,1.0,0.0,0.0,0.0,4.0,1.0,0.0,0.0,0.0,0.0,0.0,0.0,0.0,0.0,0.0,0.0,0.0,0.0,0.0,0.0,0.0,0.0,0.0,0.0,0.0,0.0,1.0,0.0,0.0,0.0,0.0,0.0,0.0,0.0,1.0,2.0,1.0,4569870684.0,-1.0,河池市凤山县,河池市凤山县江洲瑶族乡,10.0,6.5,0.0,0.5,17.0,29.189999999999998,29.29219858156028,38.14581005586592
广西壮族自治区,河池市,东兰县,东兰镇,107.3726761,24.5148217,6.0,0.0,9.0,14.0,45.0,1.0,0.0,13.0,0.0,0.0,0.0,0.0,0.0,0.0,0.0,0.0,0.0,0.0,0.0,0.0,8.0,0.0,1.0,0.0,1.0,4.0,1.0,0.0,0.0,0.0,0.0,1.0,0.0,5.0,9.0,7.0,1.0,0.0,6.0,9.0,38.0,1.0,0.0,12.0,0.0,0.0,0.0,0.0,0.0,0.0,0.0,0.0,0.0,0.0,0.0,0.0,3.0,0.0,0.0,0.0,0.0,2.0,1.0,0.0,0.0,0.0,0.0,1.0,0.0,4.0,8.0,4.0,5076679067.0,-1.0,河池市东兰县,河池市东兰县东兰镇,11.0,24.0,0.0,3.7,38.7,26.428571428571427,29.29219858156028,38.14581005586592
广西壮族自治区,河池市,东兰县,隘洞镇,107.4171613,24.5726517,10.0,0.0,5.0,9.0,5.0,0.0,0.0,0.0,0.0,0.0,0.0,0.0,0.0,0.0,0.0,0.0,0.0,0.0,0.0,0.0,4.0,0.0,1.0,0.0,0.0,3.0,0.0,0.0,0.0,1.0,0.0,0.0,0.0,6.0,7.0,4.0,5.0,0.0,1.0,7.0,3.0,0.0,0.0,0.0,0.0,0.0,0.0,0.0,0.0,0.0,0.0,0.0,0.0,0.0,0.0,0.0,2.0,0.0,0.0,0.0,0.0,1.0,0.0,0.0,0.0,0.0,0.0,0.0,0.0,6.0,6.0,3.0,5071527296.0,-1.0,河池市东兰县,河池市东兰县隘洞镇,10.0,15.4,0.0,2.1,27.5,26.428571428571427,29.29219858156028,38.14581005586592
广西壮族自治区,河池市,东兰县,长乐镇,107.4847155,24.4943459,0.0,0.0,6.0,0.0,6.0,0.0,0.0,0.0,0.0,0.0,0.0,0.0,0.0,0.0,0.0,0.0,0.0,0.0,0.0,0.0,6.0,0.0,0.0,0.0,0.0,2.0,0.0,0.0,0.0,0.0,0.0,0.0,0.0,3.0,3.0,3.0,0.0,0.0,1.0,0.0,6.0,0.0,0.0,0.0,0.0,0.0,0.0,0.0,0.0,0.0,0.0,0.0,0.0,0.0,0.0,0.0,3.0,0.0,0.0,0.0,0.0,1.0,0.0,0.0,0.0,0.0,0.0,0.0,0.0,3.0,3.0,3.0,5126118425.0,-1.0,河池市东兰县,河池市东兰县长乐镇,9.0,9.5,0.0,1.5,20.0,26.428571428571427,29.29219858156028,38.14581005586592
广西壮族自治区,河池市,东兰县,三石镇,107.38597,24.3480607,2.0,0.0,5.0,2.0,1.0,0.0,0.0,0.0,0.0,0.0,0.0,0.0,0.0,0.0,0.0,0.0,0.0,0.0,0.0,0.0,1.0,0.0,0.0,0.0,0.0,6.0,0.0,0.0,0.0,0.0,0.0,0.0,0.0,2.0,4.0,3.0,1.0,0.0,1.0,2.0,0.0,0.0,0.0,0.0,0.0,0.0,0.0,0.0,0.0,0.0,0.0,0.0,0.0,0.0,0.0,0.0,1.0,0.0,0.0,0.0,0.0,3.0,0.0,0.0,0.0,0.0,0.0,0.0,0.0,2.0,3.0,2.0,4605165415.0,-1.0,河池市东兰县,河池市东兰县三石镇,12.0,9.2,0.0,1.5,22.7,26.428571428571427,29.29219858156028,38.14581005586592
广西壮族自治区,河池市,东兰县,武篆镇,107.306,24.3465759,0.0,0.0,11.0,9.0,13.0,0.0,0.0,0.0,0.0,0.0,0.0,0.0,0.0,0.0,0.0,0.0,0.0,0.0,0.0,0.0,19.0,0.0,2.0,0.0,0.0,6.0,1.0,0.0,0.0,0.0,0.0,1.0,0.0,2.0,8.0,7.0,0.0,0.0,9.0,7.0,10.0,0.0,0.0,0.0,0.0,0.0,0.0,0.0,0.0,0.0,0.0,0.0,0.0,0.0,0.0,0.0,2.0,0.0,0.0,0.0,0.0,1.0,0.0,0.0,0.0,0.0,0.0,1.0,0.0,1.0,3.0,5.0,4954742514.0,-1.0,河池市东兰县,河池市东兰县武篆镇,12.0,19.6,0.0,3.6,35.2,26.428571428571427,29.29219858156028,38.14581005586592
广西壮族自治区,河池市,东兰县,长江镇,107.2847019,24.6702014,0.0,0.0,8.0,6.0,10.0,0.0,0.0,0.0,0.0,0.0,0.0,0.0,0.0,0.0,0.0,0.0,0.0,0.0,0.0,0.0,9.0,0.0,0.0,0.0,0.0,3.0,0.0,0.0,0.0,0.0,0.0,0.0,0.0,1.0,5.0,3.0,0.0,0.0,4.0,2.0,5.0,0.0,0.0,0.0,0.0,0.0,0.0,0.0,0.0,0.0,0.0,0.0,0.0,0.0,0.0,0.0,3.0,0.0,0.0,0.0,0.0,1.0,0.0,0.0,0.0,0.0,0.0,0.0,0.0,1.0,3.0,3.0,5071265169.0,-1.0,河池市东兰县,河池市东兰县长江镇,10.0,16.0,0.0,1.5,27.5,26.428571428571427,29.29219858156028,38.14581005586592
广西壮族自治区,河池市,东兰县,泗孟乡,107.2684506,24.4957393,7.0,0.0,3.0,1.0,4.0,0.0,0.0,0.0,0.0,0.0,0.0,0.0,0.0,0.0,0.0,0.0,0.0,0.0,0.0,0.0,2.0,0.0,0.0,0.0,0.0,5.0,0.0,0.0,0.0,0.0,0.0,0.0,1.0,2.0,4.0,2.0,5.0,0.0,2.0,0.0,0.0,0.0,0.0,0.0,0.0,0.0,0.0,0.0,0.0,0.0,0.0,0.0,0.0,0.0,0.0,0.0,2.0,0.0,0.0,0.0,0.0,2.0,0.0,0.0,0.0,0.0,0.0,0.0,0.0,2.0,2.0,1.0,5068518212.0,-1.0,河池市东兰县,河池市东兰县泗孟乡,12.0,8.8,0.0,1.0,21.8,26.428571428571427,29.29219858156028,38.14581005586592
广西壮族自治区,河池市,东兰县,兰木乡,107.2700323,24.4299203,0.0,0.0,6.0,3.0,19.0,0.0,0.0,0.0,0.0,0.0,0.0,0.0,0.0,0.0,0.0,0.0,0.0,0.0,0.0,0.0,4.0,0.0,0.0,0.0,0.0,2.0,0.0,0.0,0.0,0.0,0.0,0.0,0.0,1.0,4.0,2.0,0.0,0.0,3.0,1.0,3.0,0.0,0.0,0.0,0.0,0.0,0.0,0.0,0.0,0.0,0.0,0.0,0.0,0.0,0.0,0.0,2.0,0.0,0.0,0.0,0.0,2.0,0.0,0.0,0.0,0.0,0.0,0.0,0.0,1.0,4.0,2.0,5069792662.0,-1.0,河池市东兰县,河池市东兰县兰木乡,9.0,14.7,0.0,1.0,24.7,26.428571428571427,29.29219858156028,38.14581005586592
广西壮族自治区,河池市,东兰县,巴畴乡,107.2681068,24.7336165,0.0,0.0,5.0,6.0,10.0,0.0,0.0,0.0,0.0,0.0,0.0,0.0,0.0,0.0,0.0,0.0,0.0,0.0,0.0,0.0,6.0,0.0,0.0,0.0,0.0,1.0,0.0,0.0,0.0,0.0,0.0,0.0,0.0,2.0,4.0,3.0,0.0,0.0,0.0,1.0,1.0,0.0,0.0,0.0,0.0,0.0,0.0,0.0,0.0,0.0,0.0,0.0,0.0,0.0,0.0,0.0,2.0,0.0,0.0,0.0,0.0,1.0,0.0,0.0,0.0,0.0,0.0,0.0,0.0,1.0,2.0,2.0,5071819918.0,11363421.0,河池市东兰县,河池市东兰县巴畴乡,16.0,14.3,0.0,1.5,31.8,26.428571428571427,29.29219858156028,38.14581005586592
广西壮族自治区,河池市,东兰县,金谷乡,107.1907371,24.7951296,0.0,0.0,8.0,1.0,5.0,0.0,0.0,0.0,0.0,0.0,0.0,0.0,0.0,0.0,0.0,0.0,0.0,0.0,0.0,0.0,1.0,0.0,0.0,0.0,0.0,1.0,0.0,0.0,0.0,0.0,0.0,0.0,0.0,4.0,8.0,1.0,0.0,0.0,4.0,1.0,5.0,0.0,0.0,0.0,0.0,0.0,0.0,0.0,0.0,0.0,0.0,0.0,0.0,0.0,0.0,0.0,1.0,0.0,0.0,0.0,0.0,1.0,0.0,0.0,0.0,0.0,0.0,0.0,0.0,2.0,5.0,1.0,5072010407.0,11363422.0,河池市东兰县,河池市东兰县金谷乡,16.0,12.5,0.0,0.5,29.0,26.428571428571427,29.29219858156028,38.14581005586592
广西壮族自治区,河池市,东兰县,三弄瑶族乡,107.4991202,24.4401189,0.0,0.0,3.0,1.0,0.0,0.0,0.0,0.0,0.0,0.0,0.0,0.0,0.0,0.0,0.0,0.0,0.0,0.0,0.0,0.0,2.0,0.0,0.0,0.0,0.0,3.0,0.0,0.0,0.0,0.0,0.0,0.0,0.0,3.0,2.0,3.0,0.0,0.0,1.0,0.0,0.0,0.0,0.0,0.0,0.0,0.0,0.0,0.0,0.0,0.0,0.0,0.0,0.0,0.0,0.0,0.0,0.0,0.0,0.0,0.0,0.0,1.0,0.0,0.0,0.0,0.0,0.0,0.0,0.0,3.0,1.0,2.0,4605170888.0,-1.0,河池市东兰县,河池市东兰县三弄瑶族乡,10.0,7.0,0.0,1.5,18.5,26.428571428571427,29.29219858156028,38.14581005586592
广西壮族自治区,河池市,东兰县,大同乡,107.5733452,24.3887032,0.0,0.0,4.0,1.0,10.0,0.0,0.0,0.0,1.0,0.0,0.0,0.0,0.0,0.0,0.0,0.0,0.0,0.0,0.0,0.0,9.0,0.0,0.0,0.0,0.0,2.0,0.0,0.0,0.0,0.0,0.0,0.0,0.0,1.0,4.0,4.0,0.0,0.0,3.0,0.0,6.0,0.0,0.0,0.0,0.0,0.0,0.0,0.0,0.0,0.0,0.0,0.0,0.0,0.0,0.0,0.0,5.0,0.0,0.0,0.0,0.0,1.0,0.0,0.0,0.0,0.0,0.0,0.0,0.0,1.0,3.0,3.0,1570481716.0,-1.0,河池市东兰县,河池市东兰县大同乡,9.0,13.8,0.0,2.0,24.8,26.428571428571427,29.29219858156028,38.14581005586592
广西壮族自治区,河池市,东兰县,花香乡,107.6069386,24.5104125,0.0,0.0,4.0,2.0,10.0,1.0,0.0,0.0,0.0,0.0,0.0,0.0,0.0,0.0,0.0,0.0,0.0,0.0,0.0,0.0,15.0,0.0,0.0,0.0,0.0,2.0,0.0,0.0,0.0,0.0,0.0,0.0,0.0,3.0,5.0,2.0,0.0,0.0,3.0,1.0,4.0,1.0,0.0,0.0,0.0,0.0,0.0,0.0,0.0,0.0,0.0,0.0,0.0,0.0,0.0,0.0,7.0,0.0,0.0,0.0,0.0,1.0,0.0,0.0,0.0,0.0,0.0,0.0,0.0,1.0,5.0,1.0,5076789234.0,-1.0,河池市东兰县,河池市东兰县花香乡,9.0,12.7,0.0,1.0,22.7,26.428571428571427,29.29219858156028,38.14581005586592
广西壮族自治区,河池市,东兰县,切学乡,107.4618766,24.7156766,0.0,0.0,6.0,7.0,12.0,0.0,0.0,0.0,0.0,0.0,0.0,0.0,0.0,0.0,0.0,0.0,0.0,0.0,0.0,0.0,12.0,0.0,0.0,0.0,0.0,1.0,0.0,0.0,0.0,0.0,0.0,0.0,0.0,5.0,5.0,2.0,0.0,0.0,4.0,4.0,4.0,0.0,0.0,0.0,0.0,0.0,0.0,0.0,0.0,0.0,0.0,0.0,0.0,0.0,0.0,0.0,8.0,0.0,0.0,0.0,0.0,1.0,0.0,0.0,0.0,0.0,0.0,0.0,0.0,2.0,5.0,2.0,5114857091.0,-1.0,河池市东兰县,河池市东兰县切学乡,8.0,16.1,0.0,1.0,25.1,26.428571428571427,29.29219858156028,38.14581005586592
广西壮族自治区,河池市,罗城仫佬族自治县,东门镇,108.8980997,24.7808995,14.0,14.0,19.0,31.0,38.0,2.0,0.0,16.0,0.0,0.0,2.0,1.0,1.0,1.0,5.0,6.0,0.0,0.0,0.0,0.0,46.0,0.0,6.0,0.0,0.0,9.0,6.0,0.0,0.0,0.0,3.0,6.0,2.0,5.0,17.0,8.0,1.0,7.0,11.0,11.0,12.0,0.0,0.0,7.0,0.0,0.0,0.0,1.0,1.0,1.0,2.0,3.0,0.0,0.0,0.0,0.0,33.0,0.0,0.0,0.0,0.0,2.0,5.0,0.0,0.0,0.0,1.0,3.0,0.0,3.0,10.0,4.0,4268614542.0,-1.0,河池市罗城仫佬族自治县,河池市罗城仫佬族自治县东门镇,12.0,26.0,15.0,5.1,58.1,33.127272727272725,29.29219858156028,38.14581005586592
广西壮族自治区,河池市,罗城仫佬族自治县,龙岸镇,108.998889,25.038889,5.0,0.0,5.0,2.0,6.0,1.0,0.0,0.0,0.0,0.0,0.0,0.0,0.0,0.0,0.0,0.0,0.0,0.0,0.0,0.0,1.0,0.0,1.0,0.0,0.0,8.0,0.0,0.0,0.0,0.0,0.0,0.0,0.0,2.0,6.0,5.0,3.0,0.0,5.0,1.0,3.0,1.0,0.0,0.0,0.0,0.0,0.0,0.0,0.0,0.0,0.0,0.0,0.0,0.0,0.0,0.0,1.0,0.0,0.0,0.0,0.0,1.0,0.0,0.0,0.0,0.0,0.0,0.0,0.0,2.0,5.0,2.0,4268116673.0,11370245.0,河池市罗城仫佬族自治县,河池市罗城仫佬族自治县龙岸镇,20.0,12.1,0.0,2.5,34.6,33.127272727272725,29.29219858156028,38.14581005586592
广西壮族自治区,河池市,罗城仫佬族自治县,黄金镇,108.913312,24.9585449,0.0,0.0,4.0,0.0,3.0,0.0,0.0,0.0,0.0,0.0,0.0,0.0,0.0,0.0,0.0,0.0,0.0,0.0,0.0,0.0,1.0,0.0,0.0,0.0,0.0,2.0,0.0,0.0,0.0,0.0,0.0,0.0,0.0,2.0,2.0,2.0,0.0,0.0,1.0,0.0,3.0,0.0,0.0,0.0,0.0,0.0,0.0,0.0,0.0,0.0,0.0,0.0,0.0,0.0,0.0,0.0,1.0,0.0,0.0,0.0,0.0,1.0,0.0,0.0,0.0,0.0,0.0,0.0,0.0,1.0,2.0,2.0,5115698563.0,-1.0,河池市罗城仫佬族自治县,河池市罗城仫佬族自治县黄金镇,9.0,7.5,0.0,1.0,17.5,33.127272727272725,29.29219858156028,38.14581005586592
广西壮族自治区,河池市,罗城仫佬族自治县,小长安镇,109.0451562,24.8851859,1.0,0.0,7.0,0.0,24.0,3.0,0.0,0.0,0.0,0.0,0.0,0.0,0.0,0.0,0.0,0.0,0.0,0.0,0.0,0.0,2.0,0.0,0.0,0.0,0.0,3.0,4.0,0.0,0.0,2.0,0.0,1.0,0.0,3.0,9.0,7.0,1.0,0.0,1.0,0.0,12.0,0.0,0.0,0.0,0.0,0.0,0.0,0.0,0.0,0.0,0.0,0.0,0.0,0.0,0.0,0.0,1.0,0.0,0.0,0.0,0.0,1.0,0.0,0.0,0.0,0.0,0.0,1.0,0.0,2.0,4.0,7.0,5026738588.0,-1.0,河池市罗城仫佬族自治县,河池市罗城仫佬族自治县小长安镇,10.0,17.4,0.0,4.1,31.5,33.127272727272725,29.29219858156028,38.14581005586592
广西壮族自治区,河池市,罗城仫佬族自治县,四把镇,108.8115238,24.7314225,9.0,0.0,0.0,2.0,29.0,0.0,0.0,0.0,0.0,0.0,0.0,1.0,0.0,0.0,0.0,0.0,0.0,0.0,0.0,0.0,4.0,0.0,2.0,0.0,0.0,9.0,9.0,0.0,0.0,0.0,1.0,6.0,0.0,4.0,8.0,7.0,2.0,0.0,0.0,2.0,19.0,0.0,0.0,0.0,0.0,0.0,0.0,1.0,0.0,0.0,0.0,0.0,0.0,0.0,0.0,0.0,1.0,0.0,1.0,0.0,0.0,1.0,8.0,0.0,0.0,0.0,1.0,6.0,0.0,3.0,6.0,6.0,3722535883.0,-1.0,河池市罗城仫佬族自治县,河池市罗城仫佬族自治县四把镇,12.0,22.5,5.0,5.2,44.7,33.127272727272725,29.29219858156028,38.14581005586592
广西壮族自治区,河池市,罗城仫佬族自治县,天河镇,108.691747,24.7792145,3.0,0.0,4.0,4.0,42.0,1.0,0.0,0.0,0.0,0.0,0.0,1.0,0.0,0.0,0.0,0.0,0.0,0.0,0.0,0.0,1.0,0.0,0.0,0.0,0.0,5.0,0.0,0.0,0.0,0.0,1.0,0.0,0.0,2.0,6.0,2.0,1.0,0.0,2.0,4.0,18.0,0.0,0.0,0.0,0.0,0.0,0.0,1.0,0.0,0.0,0.0,0.0,0.0,0.0,0.0,0.0,1.0,0.0,0.0,0.0,0.0,4.0,0.0,0.0,0.0,0.0,1.0,0.0,0.0,2.0,5.0,2.0,3722534623.0,-1.0,河池市罗城仫佬族自治县,河池市罗城仫佬族自治县天河镇,12.0,23.0,5.0,1.0,41.0,33.127272727272725,29.29219858156028,38.14581005586592
广西壮族自治区,河池市,罗城仫佬族自治县,怀群镇,108.5710705,24.8368639,5.0,0.0,3.0,4.0,25.0,0.0,0.0,0.0,0.0,0.0,0.0,1.0,0.0,0.0,0.0,0.0,0.0,0.0,0.0,0.0,7.0,0.0,0.0,0.0,0.0,4.0,0.0,0.0,0.0,0.0,0.0,0.0,0.0,2.0,6.0,4.0,3.0,0.0,2.0,4.0,8.0,0.0,0.0,0.0,0.0,0.0,0.0,1.0,0.0,0.0,0.0,0.0,0.0,0.0,0.0,0.0,1.0,0.0,0.0,0.0,0.0,1.0,0.0,0.0,0.0,0.0,0.0,0.0,0.0,2.0,6.0,2.0,4268116671.0,-1.0,河池市罗城仫佬族自治县,河池市罗城仫佬族自治县怀群镇,11.0,19.4,5.0,2.0,37.4,33.127272727272725,29.29219858156028,38.14581005586592
广西壮族自治区,河池市,罗城仫佬族自治县,宝坛乡,108.7837521,24.9677477,0.0,0.0,9.0,3.0,15.0,1.0,0.0,0.0,0.0,0.0,0.0,0.0,0.0,0.0,0.0,0.0,0.0,0.0,0.0,0.0,0.0,0.0,0.0,0.0,0.0,2.0,0.0,0.0,0.0,0.0,0.0,0.0,0.0,1.0,5.0,2.0,0.0,0.0,5.0,1.0,12.0,0.0,0.0,0.0,0.0,0.0,0.0,0.0,0.0,0.0,0.0,0.0,0.0,0.0,0.0,0.0,0.0,0.0,0.0,0.0,0.0,1.0,0.0,0.0,0.0,0.0,0.0,0.0,0.0,1.0,4.0,1.0,4268186785.0,-1.0,河池市罗城仫佬族自治县,河池市罗城仫佬族自治县宝坛乡,9.0,17.1,0.0,1.0,27.1,33.127272727272725,29.29219858156028,38.14581005586592
广西壮族自治区,河池市,罗城仫佬族自治县,乔善乡,108.7222594,24.8563891,0.0,0.0,6.0,3.0,17.0,0.0,0.0,0.0,0.0,0.0,0.0,0.0,0.0,0.0,0.0,0.0,0.0,0.0,0.0,0.0,1.0,0.0,0.0,0.0,0.0,5.0,0.0,0.0,0.0,0.0,0.0,0.0,0.0,1.0,4.0,2.0,0.0,0.0,2.0,3.0,8.0,0.0,0.0,0.0,0.0,0.0,0.0,0.0,0.0,0.0,0.0,0.0,0.0,0.0,0.0,0.0,1.0,0.0,0.0,0.0,0.0,1.0,0.0,0.0,0.0,0.0,0.0,0.0,0.0,1.0,4.0,2.0,4268116675.0,-1.0,河池市罗城仫佬族自治县,河池市罗城仫佬族自治县乔善乡,12.0,15.8,0.0,1.0,28.8,33.127272727272725,29.29219858156028,38.14581005586592
广西壮族自治区,河池市,罗城仫佬族自治县,纳翁乡,108.6914156,24.9578076,0.0,0.0,3.0,3.0,1.0,0.0,0.0,0.0,0.0,0.0,0.0,0.0,0.0,0.0,0.0,0.0,0.0,0.0,0.0,0.0,1.0,0.0,0.0,0.0,0.0,3.0,0.0,0.0,0.0,0.0,0.0,0.0,0.0,1.0,4.0,2.0,0.0,0.0,1.0,1.0,0.0,0.0,0.0,0.0,0.0,0.0,0.0,0.0,0.0,0.0,0.0,0.0,0.0,0.0,0.0,0.0,1.0,0.0,0.0,0.0,0.0,1.0,0.0,0.0,0.0,0.0,0.0,0.0,0.0,1.0,2.0,2.0,4268187289.0,-1.0,河池市罗城仫佬族自治县,河池市罗城仫佬族自治县纳翁乡,10.0,10.2,0.0,1.0,21.2,33.127272727272725,29.29219858156028,38.14581005586592
广西壮族自治区,河池市,罗城仫佬族自治县,兼爱乡,108.5644068,24.9086324,5.0,0.0,0.0,3.0,8.0,0.0,0.0,0.0,0.0,0.0,0.0,0.0,0.0,0.0,0.0,0.0,0.0,0.0,0.0,0.0,1.0,0.0,0.0,0.0,0.0,2.0,0.0,0.0,0.0,0.0,0.0,0.0,0.0,2.0,4.0,2.0,3.0,0.0,0.0,3.0,3.0,0.0,0.0,0.0,0.0,0.0,0.0,0.0,0.0,0.0,0.0,0.0,0.0,0.0,0.0,0.0,1.0,0.0,0.0,0.0,0.0,1.0,0.0,0.0,0.0,0.0,0.0,0.0,0.0,2.0,4.0,2.0,4268116672.0,-1.0,河池市罗城仫佬族自治县,河池市罗城仫佬族自治县兼爱乡,9.0,12.5,0.0,1.0,22.5,33.127272727272725,29.29219858156028,38.14581005586592
广西壮族自治区,河池市,环江毛南族自治县,城西街道,108.543616,25.17133,0.0,5.0,3.0,1.0,0.0,0.0,0.0,0.0,0.0,0.0,0.0,0.0,0.0,0.0,0.0,0.0,0.0,0.0,0.0,0.0,2.0,0.0,0.0,0.0,0.0,16.0,0.0,0.0,0.0,0.0,0.0,0.0,0.0,2.0,3.0,2.0,0.0,3.0,3.0,1.0,0.0,0.0,0.0,0.0,0.0,0.0,0.0,0.0,0.0,0.0,0.0,0.0,0.0,0.0,0.0,0.0,2.0,0.0,0.0,0.0,0.0,6.0,0.0,0.0,0.0,0.0,0.0,0.0,0.0,2.0,3.0,2.0,-1.0,-1.0,河池市环江毛南族自治县,河池市环江毛南族自治县城西街道,5.0,7.5,0.0,1.0,13.5,35.1,29.29219858156028,38.14581005586592
广西壮族自治区,河池市,环江毛南族自治县,思恩镇,108.2385599,24.8451835,13.0,26.0,3.0,26.0,113.0,164.0,0.0,1.0,1.0,0.0,0.0,6.0,2.0,2.0,11.0,12.0,2.0,0.0,0.0,2.0,53.0,14.0,25.0,1.0,2.0,29.0,209.0,0.0,0.0,2.0,0.0,77.0,3.0,3.0,10.0,10.0,3.0,9.0,1.0,4.0,20.0,45.0,0.0,0.0,0.0,0.0,0.0,3.0,0.0,0.0,3.0,3.0,1.0,0.0,0.0,0.0,15.0,4.0,5.0,0.0,2.0,6.0,51.0,0.0,0.0,2.0,0.0,13.0,0.0,2.0,7.0,8.0,8921023034.0,-1.0,河池市环江毛南族自治县,河池市环江毛南族自治县思恩镇,12.0,26.0,15.0,20.0,73.0,35.1,29.29219858156028,38.14581005586592
广西壮族自治区,河池市,环江毛南族自治县,水源镇,108.1310301,24.9023152,0.0,1.0,2.0,2.0,42.0,13.0,0.0,1.0,0.0,0.0,1.0,1.0,0.0,0.0,2.0,3.0,0.0,0.0,0.0,0.0,17.0,1.0,1.0,0.0,0.0,31.0,18.0,0.0,0.0,0.0,0.0,0.0,0.0,3.0,7.0,8.0,0.0,1.0,0.0,2.0,20.0,10.0,0.0,0.0,0.0,0.0,1.0,1.0,0.0,0.0,2.0,3.0,0.0,0.0,0.0,0.0,11.0,1.0,1.0,0.0,0.0,10.0,18.0,0.0,0.0,0.0,0.0,0.0,0.0,2.0,4.0,5.0,8921023061.0,-1.0,河池市环江毛南族自治县,河池市环江毛南族自治县水源镇,12.0,25.5,10.0,7.6,55.1,35.1,29.29219858156028,38.14581005586592
广西壮族自治区,河池市,环江毛南族自治县,洛阳镇,108.1907224,24.9758085,0.0,4.0,1.0,0.0,21.0,0.0,0.0,0.0,0.0,0.0,0.0,0.0,0.0,0.0,0.0,0.0,0.0,0.0,0.0,0.0,9.0,0.0,4.0,0.0,0.0,26.0,12.0,0.0,0.0,0.0,0.0,0.0,0.0,4.0,7.0,4.0,0.0,2.0,1.0,0.0,16.0,0.0,0.0,0.0,0.0,0.0,0.0,0.0,0.0,0.0,0.0,0.0,0.0,0.0,0.0,0.0,8.0,0.0,2.0,0.0,0.0,10.0,1.0,0.0,0.0,0.0,0.0,0.0,0.0,3.0,5.0,3.0,8921096256.0,-1.0,河池市环江毛南族自治县,河池市环江毛南族自治县洛阳镇,12.0,17.5,0.0,3.3,32.8,35.1,29.29219858156028,38.14581005586592
广西壮族自治区,河池市,环江毛南族自治县,川山镇,108.0918267,25.0539184,0.0,1.0,0.0,2.0,37.0,0.0,0.0,0.0,0.0,0.0,0.0,0.0,0.0,0.0,0.0,0.0,0.0,0.0,0.0,0.0,10.0,0.0,1.0,0.0,0.0,24.0,1.0,0.0,0.0,1.0,0.0,0.0,0.0,2.0,5.0,6.0,0.0,1.0,0.0,1.0,30.0,0.0,0.0,0.0,0.0,0.0,0.0,0.0,0.0,0.0,0.0,0.0,0.0,0.0,0.0,0.0,9.0,0.0,1.0,0.0,0.0,9.0,1.0,0.0,0.0,1.0,0.0,0.0,0.0,2.0,4.0,5.0,8921096260.0,-1.0,河池市环江毛南族自治县,河池市环江毛南族自治县川山镇,12.0,22.5,0.0,3.4,37.9,35.1,29.29219858156028,38.14581005586592
广西壮族自治区,河池市,环江毛南族自治县,明伦镇,108.4108007,25.216603,0.0,1.0,0.0,0.0,1.0,0.0,0.0,0.0,0.0,0.0,0.0,0.0,0.0,0.0,0.0,0.0,0.0,0.0,0.0,0.0,0.0,0.0,0.0,0.0,0.0,26.0,0.0,0.0,0.0,0.0,0.0,0.0,0.0,1.0,2.0,0.0,0.0,1.0,0.0,0.0,1.0,0.0,0.0,0.0,0.0,0.0,0.0,0.0,0.0,0.0,0.0,0.0,0.0,0.0,0.0,0.0,0.0,0.0,0.0,0.0,0.0,6.0,0.0,0.0,0.0,0.0,0.0,0.0,0.0,1.0,2.0,0.0,8921096258.0,-1.0,河池市环江毛南族自治县,河池市环江毛南族自治县明伦镇,12.0,6.5,0.0,0.0,18.5,35.1,29.29219858156028,38.14581005586592
广西壮族自治区,河池市,环江毛南族自治县,东兴镇,108.5396676,25.1773332,0.0,5.0,4.0,1.0,0.0,0.0,0.0,0.0,0.0,0.0,0.0,0.0,0.0,0.0,0.0,0.0,0.0,0.0,0.0,0.0,2.0,0.0,0.0,0.0,0.0,18.0,0.0,0.0,0.0,0.0,0.0,0.0,0.0,2.0,3.0,2.0,0.0,3.0,3.0,1.0,0.0,0.0,0.0,0.0,0.0,0.0,0.0,0.0,0.0,0.0,0.0,0.0,0.0,0.0,0.0,0.0,2.0,0.0,0.0,0.0,0.0,4.0,0.0,0.0,0.0,0.0,0.0,0.0,0.0,2.0,3.0,2.0,8921096261.0,-1.0,河池市环江毛南族自治县,河池市环江毛南族自治县东兴镇,12.0,7.5,0.0,1.0,20.5,35.1,29.29219858156028,38.14581005586592
广西壮族自治区,河池市,环江毛南族自治县,大才乡,108.3677663,24.7616999,0.0,1.0,4.0,8.0,22.0,1.0,0.0,0.0,0.0,0.0,0.0,0.0,0.0,0.0,0.0,0.0,0.0,0.0,0.0,0.0,1.0,0.0,1.0,0.0,0.0,43.0,2.0,0.0,0.0,2.0,0.0,0.0,0.0,3.0,7.0,6.0,0.0,0.0,4.0,7.0,4.0,0.0,0.0,0.0,0.0,0.0,0.0,0.0,0.0,0.0,0.0,0.0,0.0,0.0,0.0,0.0,1.0,0.0,0.0,0.0,0.0,10.0,0.0,0.0,0.0,1.0,0.0,0.0,0.0,1.0,4.0,3.0,8921096262.0,-1.0,河池市环江毛南族自治县,河池市环江毛南族自治县大才乡,12.0,19.1,0.0,3.5,34.6,35.1,29.29219858156028,38.14581005586592
广西壮族自治区,河池市,环江毛南族自治县,下南乡,108.0025147,24.9692267,0.0,1.0,0.0,6.0,33.0,0.0,0.0,0.0,0.0,0.0,1.0,0.0,0.0,0.0,0.0,0.0,0.0,0.0,0.0,0.0,23.0,0.0,0.0,0.0,0.0,61.0,0.0,0.0,0.0,1.0,0.0,0.0,0.0,2.0,4.0,6.0,0.0,1.0,0.0,4.0,13.0,0.0,0.0,0.0,0.0,0.0,1.0,0.0,0.0,0.0,0.0,0.0,0.0,0.0,0.0,0.0,11.0,0.0,0.0,0.0,0.0,20.0,0.0,0.0,0.0,1.0,0.0,0.0,0.0,2.0,4.0,5.0,8921023053.0,-1.0,河池市环江毛南族自治县,河池市环江毛南族自治县下南乡,12.0,24.0,0.0,3.2,39.2,35.1,29.29219858156028,38.14581005586592
广西壮族自治区,河池市,环江毛南族自治县,大安乡,108.3210549,24.9164254,2.0,1.0,1.0,4.0,51.0,11.0,0.0,0.0,0.0,0.0,0.0,1.0,1.0,1.0,2.0,3.0,1.0,0.0,0.0,0.0,5.0,1.0,1.0,0.0,0.0,35.0,12.0,0.0,0.0,0.0,0.0,0.0,0.0,2.0,6.0,6.0,1.0,0.0,1.0,3.0,18.0,11.0,0.0,0.0,0.0,0.0,0.0,1.0,1.0,1.0,2.0,3.0,1.0,0.0,0.0,0.0,5.0,1.0,0.0,0.0,0.0,7.0,12.0,0.0,0.0,0.0,0.0,0.0,0.0,2.0,5.0,3.0,8921096257.0,-1.0,河池市环江毛南族自治县,河池市环江毛南族自治县大安乡,12.0,23.0,20.0,5.4,60.4,35.1,29.29219858156028,38.14581005586592
广西壮族自治区,河池市,环江毛南族自治县,长美乡,108.4712957,24.954562,3.0,0.0,5.0,5.0,5.0,0.0,0.0,0.0,0.0,0.0,0.0,0.0,0.0,0.0,0.0,0.0,0.0,0.0,0.0,0.0,8.0,0.0,0.0,0.0,0.0,18.0,0.0,0.0,0.0,0.0,0.0,0.0,0.0,5.0,5.0,3.0,1.0,0.0,5.0,3.0,1.0,0.0,0.0,0.0,0.0,0.0,0.0,0.0,0.0,0.0,0.0,0.0,0.0,0.0,0.0,0.0,3.0,0.0,0.0,0.0,0.0,8.0,0.0,0.0,0.0,0.0,0.0,0.0,0.0,3.0,4.0,2.0,8921096255.0,-1.0,河池市环江毛南族自治县,河池市环江毛南族自治县长美乡,12.0,13.8,0.0,1.5,27.3,35.1,29.29219858156028,38.14581005586592
广西壮族自治区,河池市,环江毛南族自治县,龙岩乡,108.4871523,25.2714763,0.0,3.0,0.0,0.0,1.0,0.0,0.0,0.0,0.0,0.0,0.0,0.0,0.0,0.0,0.0,0.0,0.0,0.0,0.0,0.0,0.0,0.0,0.0,0.0,0.0,16.0,0.0,0.0,0.0,0.0,0.0,0.0,0.0,2.0,2.0,1.0,0.0,3.0,0.0,0.0,1.0,0.0,0.0,0.0,0.0,0.0,0.0,0.0,0.0,0.0,0.0,0.0,0.0,0.0,0.0,0.0,0.0,0.0,0.0,0.0,0.0,7.0,0.0,0.0,0.0,0.0,0.0,0.0,0.0,2.0,2.0,1.0,8921023044.0,-1.0,河池市环江毛南族自治县,河池市环江毛南族自治县龙岩乡,12.0,6.5,0.0,0.5,19.0,35.1,29.29219858156028,38.14581005586592
广西壮族自治区,河池市,环江毛南族自治县,驯乐苗族乡,108.2580474,25.396472,0.0,0.0,1.0,4.0,1.0,0.0,0.0,0.0,0.0,0.0,0.0,0.0,0.0,0.0,0.0,0.0,0.0,0.0,0.0,0.0,3.0,0.0,0.0,0.0,0.0,18.0,0.0,0.0,0.0,0.0,0.0,0.0,0.0,1.0,3.0,3.0,0.0,0.0,1.0,4.0,1.0,0.0,0.0,0.0,0.0,0.0,0.0,0.0,0.0,0.0,0.0,0.0,0.0,0.0,0.0,0.0,3.0,0.0,0.0,0.0,0.0,6.0,0.0,0.0,0.0,0.0,0.0,0.0,0.0,1.0,3.0,3.0,8921096259.0,-1.0,河池市环江毛南族自治县,河池市环江毛南族自治县驯乐苗族乡,12.0,11.0,0.0,1.5,24.5,35.1,29.29219858156028,38.14581005586592
广西壮族自治区,河池市,巴马瑶族自治县,巴马镇,107.2489162,24.1439837,19.0,0.0,19.0,15.0,50.0,1.0,0.0,8.0,0.0,0.0,0.0,0.0,0.0,0.0,0.0,0.0,0.0,0.0,0.0,4.0,8.0,0.0,5.0,0.0,0.0,3.0,21.0,0.0,0.0,2.0,0.0,7.0,4.0,5.0,9.0,9.0,7.0,0.0,14.0,13.0,35.0,0.0,0.0,8.0,0.0,0.0,0.0,0.0,0.0,0.0,0.0,0.0,0.0,0.0,0.0,4.0,3.0,0.0,0.0,0.0,0.0,2.0,5.0,0.0,0.0,0.0,0.0,3.0,4.0,4.0,7.0,5.0,1568860377.0,-1.0,河池市巴马瑶族自治县,河池市巴马瑶族自治县巴马镇,10.0,24.0,4.0,6.800000000000001,44.8,25.580000000000002,29.29219858156028,38.14581005586592
广西壮族自治区,河池市,巴马瑶族自治县,甲篆镇,107.1194681,24.2151706,4.0,0.0,2.0,1.0,16.0,2.0,0.0,0.0,0.0,2.0,0.0,0.0,0.0,0.0,0.0,0.0,0.0,0.0,0.0,0.0,8.0,0.0,0.0,0.0,0.0,1.0,0.0,0.0,0.0,0.0,0.0,0.0,0.0,2.0,7.0,4.0,3.0,0.0,1.0,1.0,11.0,2.0,0.0,0.0,0.0,0.0,0.0,0.0,0.0,0.0,0.0,0.0,0.0,0.0,0.0,0.0,5.0,0.0,0.0,0.0,0.0,1.0,0.0,0.0,0.0,0.0,0.0,0.0,0.0,2.0,6.0,4.0,4569870685.0,-1.0,河池市巴马瑶族自治县,河池市巴马瑶族自治县甲篆镇,8.0,18.0,0.0,2.0,28.0,25.580000000000002,29.29219858156028,38.14581005586592
广西壮族自治区,河池市,巴马瑶族自治县,燕洞镇,107.1595822,24.0301666,3.0,0.0,4.0,0.0,10.0,0.0,0.0,0.0,0.0,0.0,0.0,0.0,0.0,0.0,0.0,0.0,0.0,0.0,0.0,0.0,5.0,0.0,0.0,0.0,0.0,2.0,0.0,0.0,0.0,0.0,0.0,0.0,0.0,6.0,4.0,2.0,0.0,0.0,1.0,0.0,0.0,0.0,0.0,0.0,0.0,0.0,0.0,0.0,0.0,0.0,0.0,0.0,0.0,0.0,0.0,0.0,1.0,0.0,0.0,0.0,0.0,1.0,0.0,0.0,0.0,0.0,0.0,0.0,0.0,1.0,1.0,2.0,3808396011.0,-1.0,河池市巴马瑶族自治县,河池市巴马瑶族自治县燕洞镇,9.0,9.0,0.0,1.0,19.0,25.580000000000002,29.29219858156028,38.14581005586592
广西壮族自治区,河池市,巴马瑶族自治县,那社乡,107.016,24.28,0.0,0.0,6.0,0.0,1.0,0.0,0.0,0.0,0.0,0.0,0.0,0.0,0.0,0.0,0.0,0.0,0.0,0.0,0.0,0.0,0.0,0.0,0.0,0.0,0.0,1.0,0.0,0.0,0.0,0.0,0.0,0.0,0.0,1.0,2.0,1.0,0.0,0.0,4.0,0.0,1.0,0.0,0.0,0.0,0.0,0.0,0.0,0.0,0.0,0.0,0.0,0.0,0.0,0.0,0.0,0.0,0.0,0.0,0.0,0.0,0.0,1.0,0.0,0.0,0.0,0.0,0.0,0.0,0.0,1.0,2.0,0.0,4569871089.0,-1.0,河池市巴马瑶族自治县,河池市巴马瑶族自治县那社乡,8.0,6.5,0.0,0.5,15.0,25.580000000000002,29.29219858156028,38.14581005586592
广西壮族自治区,河池市,巴马瑶族自治县,所略乡,107.002,24.0908,0.0,0.0,2.0,0.0,0.0,0.0,0.0,0.0,0.0,0.0,0.0,0.0,0.0,0.0,0.0,0.0,0.0,0.0,0.0,0.0,0.0,0.0,0.0,0.0,0.0,1.0,0.0,0.0,0.0,0.0,0.0,0.0,0.0,2.0,5.0,0.0,0.0,0.0,2.0,0.0,0.0,0.0,0.0,0.0,0.0,0.0,0.0,0.0,0.0,0.0,0.0,0.0,0.0,0.0,0.0,0.0,0.0,0.0,0.0,0.0,0.0,1.0,0.0,0.0,0.0,0.0,0.0,0.0,0.0,2.0,5.0,0.0,4569871092.0,-1.0,河池市巴马瑶族自治县,河池市巴马瑶族自治县所略乡,8.0,7.5,0.0,0.0,15.5,25.580000000000002,29.29219858156028,38.14581005586592
广西壮族自治区,河池市,巴马瑶族自治县,西山乡,107.1894288,24.2334237,0.0,0.0,3.0,3.0,5.0,0.0,0.0,0.0,0.0,0.0,0.0,0.0,0.0,0.0,0.0,0.0,0.0,0.0,0.0,0.0,4.0,0.0,0.0,0.0,0.0,2.0,0.0,0.0,0.0,0.0,0.0,0.0,0.0,2.0,8.0,3.0,0.0,0.0,3.0,2.0,2.0,0.0,0.0,0.0,0.0,0.0,0.0,0.0,0.0,0.0,0.0,0.0,0.0,0.0,0.0,0.0,1.0,0.0,0.0,0.0,0.0,1.0,0.0,0.0,0.0,0.0,0.0,0.0,0.0,2.0,4.0,2.0,4952886342.0,-1.0,河池市巴马瑶族自治县,河池市巴马瑶族自治县西山乡,9.0,13.6,0.0,1.5,24.1,25.580000000000002,29.29219858156028,38.14581005586592
广西壮族自治区,河池市,巴马瑶族自治县,东山乡,107.5278191,24.2254617,0.0,0.0,2.0,5.0,13.0,0.0,0.0,0.0,0.0,0.0,0.0,0.0,0.0,0.0,0.0,0.0,0.0,0.0,0.0,0.0,8.0,0.0,0.0,0.0,0.0,5.0,1.0,0.0,0.0,0.0,0.0,0.0,0.0,4.0,4.0,3.0,0.0,0.0,1.0,3.0,6.0,0.0,0.0,0.0,0.0,0.0,0.0,0.0,0.0,0.0,0.0,0.0,0.0,0.0,0.0,0.0,4.0,0.0,0.0,0.0,0.0,1.0,0.0,0.0,0.0,0.0,0.0,0.0,0.0,3.0,4.0,1.0,5098079928.0,11347478.0,河池市巴马瑶族自治县,河池市巴马瑶族自治县东山乡,20.0,16.4,0.0,1.6,38.0,25.580000000000002,29.29219858156028,38.14581005586592
广西壮族自治区,河池市,巴马瑶族自治县,凤凰乡,107.4185396,24.2012799,2.0,0.0,4.0,5.0,14.0,0.0,0.0,0.0,0.0,0.0,0.0,0.0,0.0,0.0,0.0,0.0,0.0,0.0,0.0,0.0,10.0,0.0,0.0,0.0,0.0,4.0,1.0,0.0,0.0,0.0,0.0,0.0,0.0,5.0,7.0,3.0,1.0,0.0,2.0,4.0,8.0,0.0,0.0,0.0,0.0,0.0,0.0,0.0,0.0,0.0,0.0,0.0,0.0,0.0,0.0,0.0,2.0,0.0,0.0,0.0,0.0,1.0,0.0,0.0,0.0,0.0,0.0,0.0,0.0,3.0,5.0,3.0,4431216416.0,11347477.0,河池市巴马瑶族自治县,河池市巴马瑶族自治县凤凰乡,19.0,18.7,0.0,1.6,39.300000000000004,25.580000000000002,29.29219858156028,38.14581005586592
广西壮族自治区,河池市,巴马瑶族自治县,百林乡,107.409,23.9084,0.0,10.0,3.0,0.0,3.0,0.0,0.0,0.0,0.0,0.0,0.0,0.0,0.0,0.0,0.0,0.0,0.0,0.0,0.0,0.0,2.0,0.0,0.0,0.0,0.0,1.0,0.0,0.0,0.0,0.0,0.0,0.0,0.0,5.0,4.0,2.0,0.0,4.0,0.0,0.0,0.0,0.0,0.0,0.0,0.0,0.0,0.0,0.0,0.0,0.0,0.0,0.0,0.0,0.0,0.0,0.0,0.0,0.0,0.0,0.0,0.0,1.0,0.0,0.0,0.0,0.0,0.0,0.0,0.0,1.0,1.0,1.0,5091125764.0,-1.0,河池市巴马瑶族自治县,河池市巴马瑶族自治县百林乡,8.0,7.6,0.0,1.0,16.6,25.580000000000002,29.29219858156028,38.14581005586592
广西壮族自治区,河池市,巴马瑶族自治县,那桃乡,107.3306881,24.0163605,0.0,2.0,0.0,0.0,2.0,0.0,0.0,0.0,0.0,0.0,0.0,0.0,0.0,0.0,0.0,0.0,0.0,0.0,0.0,0.0,1.0,0.0,0.0,0.0,0.0,1.0,0.0,0.0,0.0,0.0,0.0,0.0,0.0,1.0,2.0,1.0,0.0,1.0,0.0,0.0,2.0,0.0,0.0,0.0,0.0,0.0,0.0,0.0,0.0,0.0,0.0,0.0,0.0,0.0,0.0,0.0,1.0,0.0,0.0,0.0,0.0,1.0,0.0,0.0,0.0,0.0,0.0,0.0,0.0,1.0,2.0,1.0,5091125766.0,-1.0,河池市巴马瑶族自治县,河池市巴马瑶族自治县那桃乡,8.0,7.0,0.0,0.5,15.5,25.580000000000002,29.29219858156028,38.14581005586592
广西壮族自治区,河池市,都安瑶族自治县,安阳镇,108.1004945,23.9318303,17.0,1.0,17.0,35.0,140.0,62.0,0.0,6.0,0.0,0.0,0.0,0.0,0.0,0.0,4.0,4.0,0.0,0.0,0.0,0.0,15.0,0.0,1.0,0.0,4.0,20.0,0.0,0.0,0.0,0.0,0.0,5.0,0.0,3.0,13.0,8.0,3.0,0.0,6.0,19.0,54.0,0.0,0.0,0.0,0.0,0.0,0.0,0.0,0.0,0.0,1.0,1.0,0.0,0.0,0.0,0.0,3.0,0.0,0.0,0.0,0.0,4.0,0.0,0.0,0.0,0.0,0.0,4.0,0.0,3.0,5.0,6.0,907174777.0,-1.0,河池市都安瑶族自治县,河池市都安瑶族自治县安阳镇,12.0,24.0,5.0,4.0,45.0,25.00526315789474,29.29219858156028,38.14581005586592
广西壮族自治区,河池市,都安瑶族自治县,高岭镇,108.0521198,24.0616592,1.0,0.0,11.0,7.0,22.0,2.0,0.0,1.0,0.0,0.0,1.0,0.0,0.0,0.0,4.0,4.0,0.0,0.0,0.0,1.0,4.0,0.0,0.0,0.0,0.0,23.0,2.0,0.0,0.0,0.0,0.0,0.0,1.0,4.0,13.0,5.0,1.0,0.0,5.0,5.0,12.0,0.0,0.0,0.0,0.0,0.0,0.0,0.0,0.0,0.0,1.0,1.0,0.0,0.0,0.0,1.0,1.0,0.0,0.0,0.0,0.0,5.0,0.0,0.0,0.0,0.0,0.0,0.0,0.0,3.0,4.0,2.0,3453434971.0,-1.0,河池市都安瑶族自治县,河池市都安瑶族自治县高岭镇,12.0,24.0,6.0,2.7,44.7,25.00526315789474,29.29219858156028,38.14581005586592
广西壮族自治区,河池市,都安瑶族自治县,地苏镇,108.027019,23.932527,0.0,0.0,6.0,2.0,0.0,0.0,0.0,0.0,0.0,0.0,0.0,0.0,0.0,0.0,0.0,0.0,0.0,0.0,0.0,0.0,1.0,0.0,0.0,0.0,0.0,4.0,0.0,0.0,0.0,0.0,0.0,0.0,0.0,1.0,2.0,3.0,0.0,0.0,2.0,2.0,0.0,0.0,0.0,0.0,0.0,0.0,0.0,0.0,0.0,0.0,0.0,0.0,0.0,0.0,0.0,0.0,1.0,0.0,0.0,0.0,0.0,1.0,0.0,0.0,0.0,0.0,0.0,0.0,0.0,1.0,2.0,3.0,5098578426.0,-1.0,河池市都安瑶族自治县,河池市都安瑶族自治县地苏镇,11.0,8.0,0.0,1.5,20.5,25.00526315789474,29.29219858156028,38.14581005586592
广西壮族自治区,河池市,都安瑶族自治县,下坳镇,107.9311718,24.313086,1.0,1.0,0.0,2.0,3.0,0.0,0.0,0.0,0.0,0.0,0.0,0.0,0.0,0.0,0.0,0.0,0.0,0.0,0.0,0.0,7.0,0.0,0.0,0.0,0.0,2.0,0.0,0.0,0.0,0.0,0.0,0.0,0.0,2.0,5.0,3.0,1.0,1.0,0.0,2.0,2.0,0.0,0.0,0.0,0.0,0.0,0.0,0.0,0.0,0.0,0.0,0.0,0.0,0.0,0.0,0.0,1.0,0.0,0.0,0.0,0.0,1.0,0.0,0.0,0.0,0.0,0.0,0.0,0.0,2.0,5.0,3.0,4951425510.0,-1.0,河池市都安瑶族自治县,河池市都安瑶族自治县下坳镇,9.0,10.7,0.0,1.5,21.2,25.00526315789474,29.29219858156028,38.14581005586592
广西壮族自治区,河池市,都安瑶族自治县,拉烈镇,108.3218812,24.1867585,0.0,3.0,5.0,0.0,1.0,0.0,0.0,0.0,0.0,0.0,0.0,0.0,0.0,0.0,0.0,0.0,0.0,0.0,0.0,0.0,1.0,0.0,0.0,0.0,0.0,2.0,0.0,0.0,0.0,0.0,0.0,0.0,0.0,2.0,3.0,3.0,0.0,3.0,5.0,0.0,1.0,0.0,0.0,0.0,0.0,0.0,0.0,0.0,0.0,0.0,0.0,0.0,0.0,0.0,0.0,0.0,1.0,0.0,0.0,0.0,0.0,1.0,0.0,0.0,0.0,0.0,0.0,0.0,0.0,2.0,3.0,3.0,2904497449.0,-1.0,河池市都安瑶族自治县,河池市都安瑶族自治县拉烈镇,9.0,7.0,0.0,1.5,17.5,25.00526315789474,29.29219858156028,38.14581005586592
广西壮族自治区,河池市,都安瑶族自治县,百旺镇,108.423276,24.1139251,0.0,0.0,0.0,5.0,0.0,0.0,0.0,0.0,0.0,0.0,0.0,0.0,0.0,0.0,0.0,0.0,0.0,0.0,0.0,0.0,3.0,0.0,0.0,0.0,0.0,2.0,0.0,0.0,0.0,0.0,0.0,0.0,0.0,2.0,1.0,3.0,0.0,0.0,0.0,2.0,0.0,0.0,0.0,0.0,0.0,0.0,0.0,0.0,0.0,0.0,0.0,0.0,0.0,0.0,0.0,0.0,1.0,0.0,0.0,0.0,0.0,1.0,0.0,0.0,0.0,0.0,0.0,0.0,0.0,2.0,1.0,3.0,7757088695.0,-1.0,河池市都安瑶族自治县,河池市都安瑶族自治县百旺镇,9.0,5.5,0.0,1.5,16.0,25.00526315789474,29.29219858156028,38.14581005586592
广西壮族自治区,河池市,都安瑶族自治县,澄江镇,108.1311576,23.9195158,3.0,1.0,1.0,10.0,88.0,16.0,0.0,0.0,0.0,0.0,0.0,0.0,0.0,0.0,4.0,4.0,0.0,0.0,0.0,0.0,9.0,0.0,2.0,0.0,2.0,17.0,0.0,0.0,0.0,0.0,0.0,3.0,0.0,3.0,7.0,8.0,1.0,1.0,0.0,2.0,35.0,0.0,0.0,0.0,0.0,0.0,0.0,0.0,0.0,0.0,4.0,4.0,0.0,0.0,0.0,0.0,1.0,0.0,2.0,0.0,0.0,3.0,0.0,0.0,0.0,0.0,0.0,0.0,0.0,3.0,5.0,5.0,5098578425.0,-1.0,河池市都安瑶族自治县,河池市都安瑶族自治县澄江镇,12.0,23.5,5.0,4.0,44.5,25.00526315789474,29.29219858156028,38.14581005586592
广西壮族自治区,河池市,都安瑶族自治县,大兴镇,107.9862642,24.1608675,3.0,0.0,2.0,9.0,10.0,0.0,0.0,1.0,0.0,0.0,1.0,0.0,0.0,0.0,0.0,0.0,0.0,0.0,0.0,0.0,10.0,0.0,0.0,0.0,0.0,3.0,1.0,0.0,0.0,0.0,0.0,2.0,1.0,2.0,7.0,7.0,3.0,0.0,1.0,5.0,3.0,0.0,0.0,1.0,0.0,0.0,1.0,0.0,0.0,0.0,0.0,0.0,0.0,0.0,0.0,0.0,7.0,0.0,0.0,0.0,0.0,1.0,1.0,0.0,0.0,0.0,0.0,2.0,1.0,2.0,6.0,7.0,5077216077.0,-1.0,河池市都安瑶族自治县,河池市都安瑶族自治县大兴镇,10.0,18.4,0.0,3.7,32.1,25.00526315789474,29.29219858156028,38.14581005586592
广西壮族自治区,河池市,都安瑶族自治县,拉仁镇,108.2617747,24.3839389,0.0,3.0,1.0,0.0,0.0,0.0,0.0,0.0,0.0,0.0,0.0,0.0,0.0,0.0,0.0,0.0,0.0,0.0,0.0,0.0,2.0,0.0,0.0,0.0,0.0,6.0,0.0,0.0,0.0,0.0,0.0,0.0,0.0,3.0,2.0,2.0,0.0,3.0,1.0,0.0,0.0,0.0,0.0,0.0,0.0,0.0,0.0,0.0,0.0,0.0,0.0,0.0,0.0,0.0,0.0,0.0,2.0,0.0,0.0,0.0,0.0,2.0,0.0,0.0,0.0,0.0,0.0,0.0,0.0,1.0,2.0,2.0,2904497450.0,-1.0,河池市都安瑶族自治县,河池市都安瑶族自治县拉仁镇,12.0,6.0,0.0,1.0,19.0,25.00526315789474,29.29219858156028,38.14581005586592
广西壮族自治区,河池市,都安瑶族自治县,永安镇,108.0468278,24.2490579,0.0,0.0,4.0,2.0,0.0,2.0,0.0,0.0,0.0,2.0,0.0,0.0,0.0,0.0,0.0,0.0,0.0,0.0,0.0,0.0,5.0,0.0,0.0,0.0,0.0,2.0,0.0,0.0,0.0,0.0,0.0,0.0,0.0,3.0,4.0,1.0,0.0,0.0,2.0,2.0,0.0,0.0,0.0,0.0,0.0,0.0,0.0,0.0,0.0,0.0,0.0,0.0,0.0,0.0,0.0,0.0,2.0,0.0,0.0,0.0,0.0,1.0,0.0,0.0,0.0,0.0,0.0,0.0,0.0,2.0,3.0,1.0,2904497452.0,-1.0,河池市都安瑶族自治县,河池市都安瑶族自治县永安镇,9.0,11.0,0.0,0.5,20.5,25.00526315789474,29.29219858156028,38.14581005586592
广西壮族自治区,河池市,都安瑶族自治县,东庙乡,107.991,23.983,0.0,0.0,7.0,10.0,20.0,0.0,0.0,0.0,0.0,0.0,0.0,0.0,0.0,0.0,0.0,0.0,0.0,0.0,0.0,0.0,1.0,0.0,0.0,0.0,0.0,1.0,0.0,0.0,0.0,0.0,0.0,0.0,0.0,1.0,4.0,4.0,0.0,0.0,1.0,5.0,10.0,0.0,0.0,0.0,0.0,0.0,0.0,0.0,0.0,0.0,0.0,0.0,0.0,0.0,0.0,0.0,1.0,0.0,0.0,0.0,0.0,1.0,0.0,0.0,0.0,0.0,0.0,0.0,0.0,1.0,4.0,3.0,5098578427.0,-1.0,河池市都安瑶族自治县,河池市都安瑶族自治县东庙乡,8.0,19.0,0.0,2.0,29.0,25.00526315789474,29.29219858156028,38.14581005586592
广西壮族自治区,河池市,都安瑶族自治县,隆福乡,107.8484315,24.1963098,0.0,0.0,1.0,4.0,23.0,1.0,0.0,0.0,0.0,0.0,0.0,0.0,0.0,0.0,0.0,0.0,0.0,0.0,0.0,0.0,9.0,0.0,0.0,0.0,0.0,5.0,0.0,0.0,0.0,0.0,0.0,0.0,0.0,1.0,6.0,1.0,0.0,0.0,1.0,4.0,6.0,0.0,0.0,0.0,0.0,0.0,0.0,0.0,0.0,0.0,0.0,0.0,0.0,0.0,0.0,0.0,1.0,0.0,0.0,0.0,0.0,1.0,0.0,0.0,0.0,0.0,0.0,0.0,0.0,1.0,4.0,1.0,5098259831.0,-1.0,河池市都安瑶族自治县,河池市都安瑶族自治县隆福乡,12.0,18.4,0.0,0.5,30.9,25.00526315789474,29.29219858156028,38.14581005586592
广西壮族自治区,河池市,都安瑶族自治县,保安乡,107.8548686,24.1074285,0.0,0.0,3.0,0.0,1.0,0.0,0.0,0.0,0.0,0.0,0.0,0.0,0.0,0.0,0.0,0.0,0.0,0.0,0.0,0.0,1.0,0.0,0.0,0.0,0.0,1.0,0.0,0.0,0.0,0.0,0.0,0.0,0.0,1.0,2.0,1.0,0.0,0.0,2.0,0.0,0.0,0.0,0.0,0.0,0.0,0.0,0.0,0.0,0.0,0.0,0.0,0.0,0.0,0.0,0.0,0.0,1.0,0.0,0.0,0.0,0.0,1.0,0.0,0.0,0.0,0.0,0.0,0.0,0.0,1.0,1.0,1.0,4431216415.0,-1.0,河池市都安瑶族自治县,河池市都安瑶族自治县保安乡,8.0,6.2,0.0,0.5,14.7,25.00526315789474,29.29219858156028,38.14581005586592
广西壮族自治区,河池市,都安瑶族自治县,板岭乡,108.0019824,24.3492,0.0,1.0,0.0,4.0,13.0,0.0,0.0,0.0,0.0,0.0,0.0,0.0,0.0,0.0,0.0,0.0,0.0,0.0,0.0,0.0,4.0,0.0,1.0,0.0,0.0,4.0,0.0,0.0,0.0,0.0,0.0,0.0,0.0,1.0,4.0,3.0,0.0,1.0,0.0,0.0,12.0,0.0,0.0,0.0,0.0,0.0,0.0,0.0,0.0,0.0,0.0,0.0,0.0,0.0,0.0,0.0,1.0,0.0,0.0,0.0,0.0,1.0,0.0,0.0,0.0,0.0,0.0,0.0,0.0,1.0,3.0,2.0,2904497447.0,-1.0,河池市都安瑶族自治县,河池市都安瑶族自治县板岭乡,11.0,17.2,0.0,1.5,29.7,25.00526315789474,29.29219858156028,38.14581005586592
广西壮族自治区,河池市,都安瑶族自治县,三只羊乡,108.0304273,24.4371298,0.0,1.0,0.0,2.0,12.0,0.0,0.0,0.0,0.0,0.0,0.0,0.0,0.0,0.0,0.0,0.0,0.0,0.0,0.0,0.0,4.0,0.0,0.0,0.0,0.0,2.0,0.0,0.0,0.0,0.0,0.0,0.0,0.0,1.0,5.0,3.0,0.0,1.0,0.0,0.0,2.0,0.0,0.0,0.0,0.0,0.0,0.0,0.0,0.0,0.0,0.0,0.0,0.0,0.0,0.0,0.0,1.0,0.0,0.0,0.0,0.0,1.0,0.0,0.0,0.0,0.0,0.0,0.0,0.0,1.0,2.0,2.0,2904497451.0,-1.0,河池市都安瑶族自治县,河池市都安瑶族自治县三只羊乡,9.0,12.5,0.0,1.5,23.0,25.00526315789474,29.29219858156028,38.14581005586592
广西壮族自治区,河池市,都安瑶族自治县,龙湾乡,108.251955,23.884231,0.0,1.0,0.0,0.0,3.0,0.0,0.0,0.0,0.0,0.0,0.0,0.0,0.0,0.0,0.0,0.0,0.0,0.0,0.0,0.0,1.0,0.0,0.0,0.0,0.0,3.0,0.0,0.0,0.0,0.0,0.0,0.0,0.0,3.0,3.0,3.0,0.0,1.0,0.0,0.0,3.0,0.0,0.0,0.0,0.0,0.0,0.0,0.0,0.0,0.0,0.0,0.0,0.0,0.0,0.0,0.0,1.0,0.0,0.0,0.0,0.0,1.0,0.0,0.0,0.0,0.0,0.0,0.0,0.0,3.0,3.0,3.0,5098578430.0,-1.0,河池市都安瑶族自治县,河池市都安瑶族自治县龙湾乡,10.0,8.0,0.0,1.5,19.5,25.00526315789474,29.29219858156028,38.14581005586592
广西壮族自治区,河池市,都安瑶族自治县,菁盛乡,108.3255775,23.9956444,0.0,1.0,0.0,1.0,1.0,0.0,0.0,0.0,0.0,0.0,0.0,0.0,0.0,0.0,0.0,0.0,0.0,0.0,0.0,0.0,0.0,0.0,0.0,0.0,0.0,1.0,1.0,0.0,0.0,0.0,0.0,0.0,0.0,4.0,4.0,3.0,0.0,1.0,0.0,0.0,0.0,0.0,0.0,0.0,0.0,0.0,0.0,0.0,0.0,0.0,0.0,0.0,0.0,0.0,0.0,0.0,0.0,0.0,0.0,0.0,0.0,1.0,0.0,0.0,0.0,0.0,0.0,0.0,0.0,4.0,1.0,2.0,5098578428.0,-1.0,河池市都安瑶族自治县,河池市都安瑶族自治县菁盛乡,8.0,8.2,0.0,1.6,17.8,25.00526315789474,29.29219858156028,38.14581005586592
广西壮族自治区,河池市,都安瑶族自治县,加贵乡,108.3995749,24.198503,0.0,0.0,1.0,0.0,0.0,0.0,0.0,0.0,0.0,0.0,0.0,0.0,0.0,0.0,0.0,0.0,0.0,0.0,0.0,0.0,1.0,0.0,0.0,0.0,0.0,1.0,0.0,0.0,0.0,0.0,0.0,0.0,0.0,1.0,1.0,1.0,0.0,0.0,1.0,0.0,0.0,0.0,0.0,0.0,0.0,0.0,0.0,0.0,0.0,0.0,0.0,0.0,0.0,0.0,0.0,0.0,1.0,0.0,0.0,0.0,0.0,1.0,0.0,0.0,0.0,0.0,0.0,0.0,0.0,1.0,1.0,1.0,2904497448.0,-1.0,河池市都安瑶族自治县,河池市都安瑶族自治县加贵乡,8.0,5.5,0.0,0.5,14.0,25.00526315789474,29.29219858156028,38.14581005586592
广西壮族自治区,河池市,都安瑶族自治县,九渡乡,108.2489312,24.2902502,0.0,3.0,0.0,0.0,0.0,0.0,0.0,0.0,0.0,0.0,0.0,0.0,0.0,0.0,0.0,0.0,0.0,0.0,0.0,0.0,1.0,0.0,0.0,0.0,0.0,2.0,0.0,0.0,0.0,0.0,0.0,0.0,0.0,1.0,1.0,2.0,0.0,3.0,0.0,0.0,0.0,0.0,0.0,0.0,0.0,0.0,0.0,0.0,0.0,0.0,0.0,0.0,0.0,0.0,0.0,0.0,1.0,0.0,0.0,0.0,0.0,1.0,0.0,0.0,0.0,0.0,0.0,0.0,0.0,1.0,1.0,2.0,2904498646.0,-1.0,河池市都安瑶族自治县,河池市都安瑶族自治县九渡乡,9.0,5.5,0.0,1.0,15.5,25.00526315789474,29.29219858156028,38.14581005586592
广西壮族自治区,河池市,大化瑶族自治县,大化镇,107.9895664,23.7481737,5.0,4.0,18.0,20.0,110.0,2.0,0.0,14.0,1.0,0.0,0.0,0.0,0.0,0.0,0.0,0.0,0.0,0.0,0.0,0.0,3.0,0.0,1.0,0.0,0.0,3.0,9.0,0.0,0.0,1.0,0.0,7.0,0.0,9.0,11.0,8.0,2.0,2.0,3.0,5.0,31.0,1.0,0.0,5.0,0.0,0.0,0.0,0.0,0.0,0.0,0.0,0.0,0.0,0.0,0.0,0.0,1.0,0.0,0.0,0.0,0.0,2.0,1.0,0.0,0.0,1.0,0.0,2.0,0.0,2.0,7.0,2.0,907165882.0,-1.0,河池市大化瑶族自治县,河池市大化瑶族自治县大化镇,10.0,26.0,0.0,5.2,41.2,20.8125,29.29219858156028,38.14581005586592
广西壮族自治区,河池市,大化瑶族自治县,都阳镇,107.6532812,23.979254,3.0,0.0,2.0,0.0,15.0,1.0,0.0,0.0,0.0,0.0,0.0,0.0,0.0,0.0,0.0,0.0,0.0,0.0,0.0,0.0,4.0,0.0,1.0,0.0,0.0,4.0,0.0,0.0,0.0,0.0,0.0,0.0,0.0,4.0,5.0,4.0,2.0,0.0,1.0,0.0,15.0,0.0,0.0,0.0,0.0,0.0,0.0,0.0,0.0,0.0,0.0,0.0,0.0,0.0,0.0,0.0,3.0,0.0,1.0,0.0,0.0,2.0,0.0,0.0,0.0,0.0,0.0,0.0,0.0,3.0,4.0,3.0,1570857905.0,-1.0,河池市大化瑶族自治县,河池市大化瑶族自治县都阳镇,11.0,15.0,0.0,2.0,28.0,20.8125,29.29219858156028,38.14581005586592
广西壮族自治区,河池市,大化瑶族自治县,岩滩镇,107.5283426,24.0276775,0.0,0.0,0.0,14.0,4.0,0.0,0.0,0.0,0.0,0.0,0.0,0.0,0.0,0.0,0.0,0.0,0.0,0.0,0.0,0.0,1.0,0.0,2.0,0.0,0.0,2.0,0.0,0.0,0.0,4.0,0.0,0.0,0.0,5.0,3.0,6.0,0.0,0.0,0.0,4.0,0.0,0.0,0.0,0.0,0.0,0.0,0.0,0.0,0.0,0.0,0.0,0.0,0.0,0.0,0.0,0.0,0.0,0.0,0.0,0.0,0.0,1.0,0.0,0.0,0.0,0.0,0.0,0.0,0.0,2.0,1.0,1.0,5091125768.0,-1.0,河池市大化瑶族自治县,河池市大化瑶族自治县岩滩镇,9.0,7.3,0.0,3.4,19.7,20.8125,29.29219858156028,38.14581005586592
广西壮族自治区,河池市,大化瑶族自治县,北景镇,107.4831828,24.156951,0.0,0.0,2.0,0.0,1.0,0.0,0.0,0.0,0.0,0.0,0.0,0.0,0.0,0.0,0.0,0.0,0.0,0.0,0.0,0.0,2.0,0.0,0.0,0.0,0.0,1.0,0.0,0.0,0.0,0.0,0.0,0.0,0.0,5.0,2.0,2.0,0.0,0.0,2.0,0.0,1.0,0.0,0.0,0.0,0.0,0.0,0.0,0.0,0.0,0.0,0.0,0.0,0.0,0.0,0.0,0.0,1.0,0.0,0.0,0.0,0.0,1.0,0.0,0.0,0.0,0.0,0.0,0.0,0.0,5.0,2.0,2.0,5126135251.0,-1.0,河池市大化瑶族自治县,河池市大化瑶族自治县北景镇,8.0,6.5,0.0,1.0,15.5,20.8125,29.29219858156028,38.14581005586592
广西壮族自治区,河池市,大化瑶族自治县,共和乡,107.7841158,23.6064753,0.0,3.0,3.0,1.0,1.0,0.0,0.0,0.0,0.0,0.0,0.0,0.0,0.0,0.0,0.0,0.0,0.0,0.0,0.0,0.0,3.0,0.0,0.0,0.0,0.0,1.0,0.0,0.0,0.0,0.0,0.0,0.0,0.0,5.0,4.0,1.0,0.0,3.0,1.0,1.0,0.0,0.0,0.0,0.0,0.0,0.0,0.0,0.0,0.0,0.0,0.0,0.0,0.0,0.0,0.0,0.0,1.0,0.0,0.0,0.0,0.0,1.0,0.0,0.0,0.0,0.0,0.0,0.0,0.0,1.0,3.0,1.0,4348704951.0,-1.0,河池市大化瑶族自治县,河池市大化瑶族自治县共和乡,8.0,8.2,0.0,0.5,16.7,20.8125,29.29219858156028,38.14581005586592
广西壮族自治区,河池市,大化瑶族自治县,贡川乡,107.883333,23.683333,0.0,4.0,6.0,0.0,1.0,0.0,0.0,0.0,0.0,0.0,0.0,0.0,0.0,0.0,0.0,0.0,0.0,0.0,0.0,0.0,1.0,0.0,0.0,0.0,0.0,1.0,0.0,0.0,0.0,0.0,0.0,0.0,0.0,4.0,3.0,3.0,0.0,3.0,2.0,0.0,1.0,0.0,0.0,0.0,0.0,0.0,0.0,0.0,0.0,0.0,0.0,0.0,0.0,0.0,0.0,0.0,1.0,0.0,0.0,0.0,0.0,1.0,0.0,0.0,0.0,0.0,0.0,0.0,0.0,4.0,3.0,3.0,4348704950.0,-1.0,河池市大化瑶族自治县,河池市大化瑶族自治县贡川乡,8.0,7.0,0.0,1.5,16.5,20.8125,29.29219858156028,38.14581005586592
广西壮族自治区,河池市,大化瑶族自治县,百马乡,107.7448087,23.8812762,1.0,0.0,3.0,1.0,1.0,0.0,0.0,0.0,0.0,0.0,0.0,0.0,0.0,0.0,0.0,0.0,0.0,0.0,0.0,0.0,3.0,0.0,0.0,0.0,0.0,2.0,12.0,0.0,0.0,0.0,0.0,2.0,0.0,6.0,5.0,5.0,1.0,0.0,3.0,0.0,0.0,0.0,0.0,0.0,0.0,0.0,0.0,0.0,0.0,0.0,0.0,0.0,0.0,0.0,0.0,0.0,3.0,0.0,0.0,0.0,0.0,1.0,0.0,0.0,0.0,0.0,0.0,2.0,0.0,5.0,2.0,4.0,4348704948.0,-1.0,河池市大化瑶族自治县,河池市大化瑶族自治县百马乡,9.0,8.7,0.0,3.7,21.4,20.8125,29.29219858156028,38.14581005586592
广西壮族自治区,河池市,大化瑶族自治县,古河乡,107.751,23.8899,1.0,0.0,3.0,1.0,1.0,0.0,0.0,0.0,0.0,0.0,0.0,0.0,0.0,0.0,0.0,0.0,0.0,0.0,0.0,0.0,3.0,0.0,0.0,0.0,0.0,2.0,12.0,0.0,0.0,0.0,0.0,2.0,0.0,6.0,5.0,5.0,1.0,0.0,0.0,1.0,0.0,0.0,0.0,0.0,0.0,0.0,0.0,0.0,0.0,0.0,0.0,0.0,0.0,0.0,0.0,0.0,2.0,0.0,0.0,0.0,0.0,1.0,12.0,0.0,0.0,0.0,0.0,0.0,0.0,5.0,2.0,4.0,4348704952.0,-1.0,河池市大化瑶族自治县,河池市大化瑶族自治县古河乡,9.0,8.7,0.0,4.9,22.6,20.8125,29.29219858156028,38.14581005586592
广西壮族自治区,河池市,大化瑶族自治县,古文乡,107.6785361,23.8307839,0.0,0.0,0.0,3.0,0.0,0.0,0.0,0.0,0.0,0.0,0.0,0.0,0.0,0.0,0.0,0.0,0.0,0.0,0.0,0.0,0.0,0.0,0.0,0.0,0.0,1.0,0.0,0.0,0.0,0.0,0.0,0.0,0.0,5.0,1.0,0.0,0.0,0.0,0.0,2.0,0.0,0.0,0.0,0.0,0.0,0.0,0.0,0.0,0.0,0.0,0.0,0.0,0.0,0.0,0.0,0.0,0.0,0.0,0.0,0.0,0.0,1.0,0.0,0.0,0.0,0.0,0.0,0.0,0.0,1.0,1.0,0.0,5091129522.0,-1.0,河池市大化瑶族自治县,河池市大化瑶族自治县古文乡,8.0,3.5,0.0,0.0,11.5,20.8125,29.29219858156028,38.14581005586592
广西壮族自治区,河池市,大化瑶族自治县,江南乡,107.5829884,23.9050717,0.0,0.0,5.0,0.0,19.0,0.0,0.0,0.0,0.0,0.0,0.0,0.0,0.0,0.0,0.0,0.0,0.0,0.0,0.0,0.0,5.0,0.0,0.0,0.0,0.0,2.0,0.0,0.0,0.0,0.0,0.0,0.0,0.0,2.0,4.0,3.0,0.0,0.0,3.0,0.0,2.0,0.0,0.0,0.0,0.0,0.0,0.0,0.0,0.0,0.0,0.0,0.0,0.0,0.0,0.0,0.0,2.0,0.0,0.0,0.0,0.0,1.0,0.0,0.0,0.0,0.0,0.0,0.0,0.0,2.0,3.0,2.0,5091125765.0,-1.0,河池市大化瑶族自治县,河池市大化瑶族自治县江南乡,9.0,11.4,0.0,1.5,21.9,20.8125,29.29219858156028,38.14581005586592
广西壮族自治区,河池市,大化瑶族自治县,羌圩乡,107.4652379,23.9841927,8.0,5.0,6.0,0.0,5.0,0.0,0.0,0.0,0.0,0.0,0.0,0.0,0.0,0.0,0.0,0.0,0.0,0.0,0.0,0.0,7.0,0.0,2.0,0.0,0.0,3.0,0.0,0.0,0.0,1.0,0.0,0.0,0.0,5.0,10.0,4.0,7.0,0.0,6.0,0.0,5.0,0.0,0.0,0.0,0.0,0.0,0.0,0.0,0.0,0.0,0.0,0.0,0.0,0.0,0.0,0.0,2.0,0.0,1.0,0.0,0.0,1.0,0.0,0.0,0.0,0.0,0.0,0.0,0.0,3.0,6.0,3.0,5091125767.0,-1.0,河池市大化瑶族自治县,河池市大化瑶族自治县羌圩乡,10.0,11.5,0.0,2.1,23.6,20.8125,29.29219858156028,38.14581005586592
广西壮族自治区,河池市,大化瑶族自治县,乙圩乡,107.448,24.0701,0.0,0.0,1.0,1.0,1.0,1.0,0.0,0.0,0.0,0.0,0.0,0.0,0.0,0.0,0.0,0.0,0.0,0.0,0.0,0.0,7.0,0.0,0.0,0.0,0.0,2.0,0.0,0.0,0.0,0.0,0.0,0.0,0.0,2.0,5.0,4.0,0.0,0.0,1.0,1.0,0.0,1.0,0.0,0.0,0.0,0.0,0.0,0.0,0.0,0.0,0.0,0.0,0.0,0.0,0.0,0.0,1.0,0.0,0.0,0.0,0.0,1.0,0.0,0.0,0.0,0.0,0.0,0.0,0.0,1.0,3.0,2.0,5091125769.0,-1.0,河池市大化瑶族自治县,河池市大化瑶族自治县乙圩乡,9.0,8.7,0.0,2.0,19.7,20.8125,29.29219858156028,38.14581005586592
广西壮族自治区,河池市,大化瑶族自治县,板升乡,107.6589401,24.2955669,0.0,0.0,2.0,0.0,12.0,0.0,0.0,0.0,0.0,0.0,0.0,0.0,0.0,0.0,0.0,0.0,0.0,0.0,0.0,0.0,0.0,0.0,0.0,0.0,0.0,4.0,0.0,0.0,0.0,0.0,0.0,0.0,0.0,3.0,2.0,1.0,0.0,0.0,2.0,0.0,3.0,0.0,0.0,0.0,0.0,0.0,0.0,0.0,0.0,0.0,0.0,0.0,0.0,0.0,0.0,0.0,0.0,0.0,0.0,0.0,0.0,1.0,0.0,0.0,0.0,0.0,0.0,0.0,0.0,1.0,2.0,1.0,4348725120.0,-1.0,河池市大化瑶族自治县,河池市大化瑶族自治县板升乡,11.0,9.3,0.0,0.5,20.8,20.8125,29.29219858156028,38.14581005586592
广西壮族自治区,河池市,大化瑶族自治县,七百弄乡,107.6883551,24.12628,0.0,0.0,3.0,0.0,28.0,0.0,0.0,6.0,0.0,0.0,0.0,0.0,0.0,0.0,0.0,0.0,0.0,0.0,0.0,0.0,3.0,0.0,0.0,0.0,0.0,2.0,0.0,0.0,0.0,0.0,0.0,0.0,2.0,1.0,6.0,2.0,0.0,0.0,2.0,0.0,6.0,0.0,0.0,1.0,0.0,0.0,0.0,0.0,0.0,0.0,0.0,0.0,0.0,0.0,0.0,0.0,2.0,0.0,0.0,0.0,0.0,1.0,0.0,0.0,0.0,0.0,0.0,0.0,0.0,1.0,4.0,1.0,1570489547.0,-1.0,河池市大化瑶族自治县,河池市大化瑶族自治县七百弄乡,9.0,15.4,0.0,1.0,25.4,20.8125,29.29219858156028,38.14581005586592
广西壮族自治区,河池市,大化瑶族自治县,雅龙乡,107.8151905,23.978226,0.0,0.0,5.0,0.0,0.0,0.0,0.0,0.0,0.0,0.0,0.0,0.0,0.0,0.0,0.0,0.0,0.0,0.0,0.0,0.0,0.0,0.0,0.0,0.0,0.0,1.0,0.0,0.0,0.0,0.0,0.0,0.0,0.0,1.0,1.0,0.0,0.0,0.0,2.0,0.0,0.0,0.0,0.0,0.0,0.0,0.0,0.0,0.0,0.0,0.0,0.0,0.0,0.0,0.0,0.0,0.0,0.0,0.0,0.0,0.0,0.0,1.0,0.0,0.0,0.0,0.0,0.0,0.0,0.0,1.0,1.0,0.0,4348713412.0,-1.0,河池市大化瑶族自治县,河池市大化瑶族自治县雅龙乡,8.0,5.5,0.0,0.0,13.5,20.8125,29.29219858156028,38.14581005586592
广西壮族自治区,河池市,大化瑶族自治县,六也乡,107.842895,23.8383101,1.0,0.0,2.0,0.0,0.0,0.0,0.0,0.0,0.0,0.0,0.0,0.0,0.0,0.0,0.0,0.0,0.0,0.0,0.0,0.0,1.0,0.0,0.0,0.0,0.0,1.0,0.0,0.0,0.0,0.0,0.0,0.0,0.0,2.0,2.0,2.0,0.0,0.0,2.0,0.0,0.0,0.0,0.0,0.0,0.0,0.0,0.0,0.0,0.0,0.0,0.0,0.0,0.0,0.0,0.0,0.0,1.0,0.0,0.0,0.0,0.0,1.0,0.0,0.0,0.0,0.0,0.0,0.0,0.0,1.0,1.0,1.0,4348704953.0,-1.0,河池市大化瑶族自治县,河池市大化瑶族自治县六也乡,8.0,6.0,0.0,1.0,15.0,20.8125,29.29219858156028,38.14581005586592
广西壮族自治区,来宾市,兴宾区,城东街道,109.2351722,23.7295692,0.0,40.0,42.0,61.0,177.0,1.0,0.0,8.0,7.0,1.0,0.0,0.0,1.0,1.0,6.0,6.0,0.0,0.0,0.0,9.0,3.0,1.0,1.0,0.0,0.0,6.0,49.0,0.0,0.0,2.0,0.0,72.0,0.0,12.0,14.0,9.0,0.0,2.0,5.0,7.0,40.0,1.0,0.0,7.0,3.0,0.0,0.0,0.0,0.0,0.0,1.0,1.0,0.0,0.0,0.0,8.0,1.0,0.0,0.0,0.0,0.0,3.0,8.0,0.0,0.0,0.0,0.0,9.0,0.0,5.0,9.0,4.0,7916996163.0,11636501.0,来宾市兴宾区,来宾市兴宾区城东街道,20.0,28.0,11.0,9.9,68.9,37.416666666666664,36.37428571428571,38.14581005586592
广西壮族自治区,来宾市,兴宾区,城北街道,109.2216967,23.7514111,8.0,65.0,55.0,72.0,198.0,8.0,0.0,19.0,8.0,0.0,0.0,1.0,1.0,1.0,9.0,11.0,0.0,0.0,0.0,10.0,4.0,0.0,0.0,0.0,0.0,7.0,41.0,0.0,0.0,0.0,0.0,47.0,0.0,13.0,19.0,6.0,0.0,6.0,15.0,7.0,28.0,0.0,0.0,0.0,0.0,0.0,0.0,1.0,1.0,1.0,4.0,5.0,0.0,0.0,0.0,0.0,1.0,0.0,0.0,0.0,0.0,2.0,7.0,0.0,0.0,0.0,0.0,12.0,0.0,3.0,5.0,4.0,7917008443.0,11636502.0,来宾市兴宾区,来宾市兴宾区城北街道,20.0,26.0,15.0,7.800000000000001,68.8,37.416666666666664,36.37428571428571,38.14581005586592
广西壮族自治区,来宾市,兴宾区,河西街道,109.2153881,23.7308068,2.0,59.0,45.0,57.0,192.0,1.0,0.0,8.0,4.0,1.0,0.0,1.0,2.0,2.0,7.0,8.0,1.0,0.0,0.0,9.0,5.0,1.0,2.0,0.0,2.0,6.0,31.0,0.0,0.0,2.0,0.0,83.0,0.0,10.0,17.0,10.0,0.0,8.0,16.0,6.0,29.0,0.0,0.0,1.0,0.0,0.0,0.0,0.0,0.0,0.0,0.0,0.0,0.0,0.0,0.0,1.0,1.0,0.0,0.0,0.0,0.0,1.0,3.0,0.0,0.0,0.0,0.0,28.0,0.0,5.0,6.0,5.0,7917007079.0,11636503.0,来宾市兴宾区,来宾市兴宾区河西街道,20.0,28.0,6.0,7.6,61.6,37.416666666666664,36.37428571428571,38.14581005586592
广西壮族自治区,来宾市,兴宾区,来华街道,109.1883,23.7536,8.0,63.0,25.0,48.0,101.0,5.0,0.0,12.0,1.0,0.0,0.0,2.0,1.0,1.0,5.0,8.0,1.0,0.0,0.0,1.0,4.0,0.0,4.0,0.0,1.0,1.0,2.0,0.0,0.0,1.0,0.0,21.0,0.0,7.0,19.0,7.0,0.0,7.0,5.0,9.0,7.0,0.0,0.0,0.0,0.0,0.0,0.0,0.0,0.0,0.0,2.0,3.0,0.0,0.0,0.0,0.0,1.0,0.0,4.0,0.0,0.0,0.0,0.0,0.0,0.0,0.0,0.0,0.0,0.0,2.0,7.0,2.0,-1.0,-1.0,来宾市兴宾区,来宾市兴宾区来华街道,1.0,26.0,10.0,3.8,40.8,37.416666666666664,36.37428571428571,38.14581005586592
广西壮族自治区,来宾市,兴宾区,凤凰镇,109.2815622,23.9189972,0.0,7.0,17.0,6.0,42.0,14.0,0.0,1.0,1.0,0.0,1.0,0.0,0.0,0.0,0.0,0.0,0.0,0.0,0.0,0.0,22.0,0.0,5.0,0.0,0.0,4.0,129.0,0.0,0.0,7.0,0.0,15.0,0.0,5.0,11.0,7.0,0.0,0.0,11.0,2.0,28.0,9.0,0.0,1.0,1.0,0.0,0.0,0.0,0.0,0.0,0.0,0.0,0.0,0.0,0.0,0.0,5.0,0.0,1.0,0.0,0.0,2.0,91.0,0.0,0.0,3.0,0.0,5.0,0.0,4.0,6.0,5.0,2377029489.0,-1.0,来宾市兴宾区,来宾市兴宾区凤凰镇,11.0,28.0,0.0,19.5,58.5,37.416666666666664,36.37428571428571,38.14581005586592
广西壮族自治区,来宾市,兴宾区,良江镇,109.1816217,23.6471939,3.0,7.0,5.0,14.0,110.0,10.0,0.0,0.0,1.0,2.0,3.0,0.0,0.0,0.0,0.0,0.0,0.0,0.0,0.0,0.0,0.0,0.0,1.0,0.0,0.0,2.0,8.0,0.0,0.0,1.0,0.0,11.0,0.0,5.0,14.0,6.0,3.0,3.0,0.0,4.0,29.0,1.0,0.0,0.0,1.0,0.0,1.0,0.0,0.0,0.0,0.0,0.0,0.0,0.0,0.0,0.0,0.0,0.0,0.0,0.0,0.0,1.0,8.0,0.0,0.0,0.0,0.0,3.0,0.0,3.0,8.0,4.0,3718369542.0,-1.0,来宾市兴宾区,来宾市兴宾区良江镇,9.0,30.0,0.0,4.7,43.7,37.416666666666664,36.37428571428571,38.14581005586592
广西壮族自治区,来宾市,兴宾区,小平阳镇,109.1619266,23.4144417,0.0,7.0,7.0,6.0,52.0,3.0,0.0,0.0,1.0,0.0,0.0,0.0,0.0,0.0,0.0,0.0,0.0,0.0,0.0,0.0,1.0,0.0,5.0,0.0,0.0,2.0,28.0,0.0,0.0,9.0,0.0,15.0,0.0,4.0,7.0,6.0,0.0,2.0,3.0,1.0,13.0,0.0,0.0,0.0,0.0,0.0,0.0,0.0,0.0,0.0,0.0,0.0,0.0,0.0,0.0,0.0,0.0,0.0,0.0,0.0,0.0,1.0,0.0,0.0,0.0,1.0,0.0,2.0,0.0,1.0,6.0,2.0,5117852028.0,-1.0,来宾市兴宾区,来宾市兴宾区小平阳镇,9.0,25.5,0.0,6.800000000000001,41.3,37.416666666666664,36.37428571428571,38.14581005586592
广西壮族自治区,来宾市,兴宾区,迁江镇,108.9603528,23.6156801,12.0,1.0,4.0,2.0,13.0,13.0,0.0,0.0,0.0,0.0,1.0,0.0,0.0,0.0,0.0,0.0,0.0,0.0,0.0,1.0,1.0,0.0,1.0,0.0,0.0,6.0,46.0,0.0,0.0,4.0,0.0,8.0,1.0,6.0,11.0,9.0,9.0,0.0,0.0,2.0,2.0,0.0,0.0,0.0,0.0,0.0,0.0,0.0,0.0,0.0,0.0,0.0,0.0,0.0,0.0,0.0,1.0,0.0,0.0,0.0,0.0,1.0,7.0,0.0,0.0,0.0,0.0,5.0,0.0,2.0,3.0,4.0,3907878547.0,-1.0,来宾市兴宾区,来宾市兴宾区迁江镇,12.0,16.2,0.0,9.7,37.9,37.416666666666664,36.37428571428571,38.14581005586592
广西壮族自治区,来宾市,兴宾区,石陵镇,108.9369591,23.4850776,1.0,0.0,0.0,0.0,7.0,0.0,0.0,0.0,0.0,0.0,0.0,0.0,0.0,0.0,0.0,0.0,0.0,0.0,0.0,0.0,3.0,0.0,0.0,0.0,0.0,2.0,8.0,0.0,0.0,0.0,0.0,0.0,0.0,1.0,4.0,3.0,1.0,0.0,0.0,0.0,2.0,0.0,0.0,0.0,0.0,0.0,0.0,0.0,0.0,0.0,0.0,0.0,0.0,0.0,0.0,0.0,0.0,0.0,0.0,0.0,0.0,1.0,6.0,0.0,0.0,0.0,0.0,0.0,0.0,1.0,3.0,0.0,5117871091.0,-1.0,来宾市兴宾区,来宾市兴宾区石陵镇,9.0,9.0,0.0,2.9000000000000004,20.9,37.416666666666664,36.37428571428571,38.14581005586592
广西壮族自治区,来宾市,兴宾区,平阳镇,108.8641983,23.6768381,2.0,0.0,3.0,3.0,55.0,2.0,0.0,0.0,0.0,0.0,0.0,0.0,0.0,0.0,0.0,0.0,0.0,0.0,0.0,0.0,0.0,0.0,0.0,0.0,0.0,7.0,1.0,0.0,0.0,0.0,0.0,0.0,0.0,8.0,6.0,2.0,0.0,0.0,1.0,2.0,15.0,1.0,0.0,0.0,0.0,0.0,0.0,0.0,0.0,0.0,0.0,0.0,0.0,0.0,0.0,0.0,0.0,0.0,0.0,0.0,0.0,2.0,0.0,0.0,0.0,0.0,0.0,0.0,0.0,1.0,5.0,0.0,3908380408.0,-1.0,来宾市兴宾区,来宾市兴宾区平阳镇,12.0,23.0,0.0,1.1,36.1,37.416666666666664,36.37428571428571,38.14581005586592
广西壮族自治区,来宾市,兴宾区,蒙村镇,109.3660691,23.6068925,0.0,3.0,4.0,4.0,9.0,0.0,0.0,0.0,0.0,0.0,0.0,0.0,0.0,0.0,0.0,0.0,0.0,0.0,0.0,0.0,3.0,0.0,1.0,0.0,0.0,1.0,0.0,0.0,0.0,0.0,0.0,0.0,0.0,1.0,5.0,4.0,0.0,1.0,1.0,3.0,4.0,0.0,0.0,0.0,0.0,0.0,0.0,0.0,0.0,0.0,0.0,0.0,0.0,0.0,0.0,0.0,0.0,0.0,0.0,0.0,0.0,1.0,0.0,0.0,0.0,0.0,0.0,0.0,0.0,1.0,4.0,1.0,3785074290.0,-1.0,来宾市兴宾区,来宾市兴宾区蒙村镇,8.0,14.5,0.0,2.0,24.5,37.416666666666664,36.37428571428571,38.14581005586592
广西壮族自治区,来宾市,兴宾区,大湾镇,109.4254105,23.8585909,0.0,1.0,0.0,10.0,16.0,0.0,0.0,0.0,2.0,0.0,0.0,0.0,0.0,0.0,0.0,0.0,0.0,0.0,0.0,0.0,0.0,0.0,1.0,0.0,1.0,5.0,0.0,0.0,0.0,0.0,0.0,0.0,0.0,3.0,5.0,5.0,0.0,1.0,0.0,8.0,5.0,0.0,0.0,0.0,2.0,0.0,0.0,0.0,0.0,0.0,0.0,0.0,0.0,0.0,0.0,0.0,0.0,0.0,1.0,0.0,0.0,1.0,0.0,0.0,0.0,0.0,0.0,0.0,0.0,3.0,3.0,3.0,3812429511.0,-1.0,来宾市兴宾区,来宾市兴宾区大湾镇,12.0,19.2,0.0,2.5,33.7,37.416666666666664,36.37428571428571,38.14581005586592
广西壮族自治区,来宾市,兴宾区,桥巩镇,109.0921841,23.7147834,0.0,1.0,0.0,4.0,10.0,0.0,0.0,0.0,0.0,0.0,0.0,0.0,0.0,0.0,0.0,0.0,0.0,0.0,0.0,0.0,3.0,0.0,0.0,0.0,0.0,10.0,2.0,0.0,0.0,0.0,0.0,0.0,0.0,4.0,7.0,4.0,0.0,1.0,0.0,3.0,3.0,0.0,0.0,0.0,0.0,0.0,0.0,0.0,0.0,0.0,0.0,0.0,0.0,0.0,0.0,0.0,2.0,0.0,0.0,0.0,0.0,1.0,0.0,0.0,0.0,0.0,0.0,0.0,0.0,2.0,4.0,3.0,3907878548.0,-1.0,来宾市兴宾区,来宾市兴宾区桥巩镇,12.0,15.4,0.0,2.2,29.599999999999998,37.416666666666664,36.37428571428571,38.14581005586592
广西壮族自治区,来宾市,兴宾区,寺山镇,109.396334,23.5328173,0.0,2.0,0.0,0.0,2.0,0.0,0.0,0.0,0.0,0.0,0.0,0.0,0.0,0.0,0.0,0.0,0.0,0.0,0.0,0.0,0.0,0.0,0.0,0.0,0.0,1.0,0.0,0.0,0.0,0.0,0.0,0.0,0.0,1.0,6.0,1.0,0.0,2.0,0.0,0.0,2.0,0.0,0.0,0.0,0.0,0.0,0.0,0.0,0.0,0.0,0.0,0.0,0.0,0.0,0.0,0.0,0.0,0.0,0.0,0.0,0.0,1.0,0.0,0.0,0.0,0.0,0.0,0.0,0.0,1.0,4.0,0.0,5155335942.0,-1.0,来宾市兴宾区,来宾市兴宾区寺山镇,8.0,9.0,0.0,0.5,17.5,37.416666666666664,36.37428571428571,38.14581005586592
广西壮族自治区,来宾市,兴宾区,城厢镇,109.2462902,23.7398029,0.0,20.0,38.0,50.0,132.0,4.0,0.0,7.0,7.0,0.0,0.0,0.0,1.0,1.0,6.0,7.0,0.0,0.0,0.0,8.0,2.0,0.0,0.0,0.0,0.0,5.0,52.0,0.0,0.0,0.0,0.0,35.0,0.0,12.0,13.0,6.0,0.0,0.0,0.0,3.0,31.0,0.0,0.0,0.0,1.0,0.0,0.0,0.0,0.0,0.0,1.0,1.0,0.0,0.0,0.0,0.0,1.0,0.0,0.0,0.0,0.0,1.0,15.0,0.0,0.0,0.0,0.0,5.0,0.0,6.0,3.0,4.0,3784998846.0,-1.0,来宾市兴宾区,来宾市兴宾区城厢镇,12.0,26.0,5.0,9.7,52.7,37.416666666666664,36.37428571428571,38.14581005586592
广西壮族自治区,来宾市,兴宾区,三五镇,109.1988854,23.5507698,0.0,1.0,0.0,5.0,17.0,3.0,0.0,0.0,0.0,0.0,0.0,0.0,0.0,0.0,0.0,0.0,0.0,0.0,0.0,0.0,2.0,0.0,1.0,0.0,1.0,1.0,14.0,0.0,0.0,1.0,0.0,10.0,0.0,3.0,6.0,8.0,0.0,1.0,0.0,1.0,10.0,3.0,0.0,0.0,0.0,0.0,0.0,0.0,0.0,0.0,0.0,0.0,0.0,0.0,0.0,0.0,1.0,0.0,0.0,0.0,0.0,1.0,13.0,0.0,0.0,0.0,0.0,8.0,0.0,1.0,5.0,6.0,4425309570.0,-1.0,来宾市兴宾区,来宾市兴宾区三五镇,8.0,19.4,0.0,6.800000000000001,34.2,37.416666666666664,36.37428571428571,38.14581005586592
广西壮族自治区,来宾市,兴宾区,陶邓镇,109.0611807,23.4304619,0.0,0.0,1.0,3.0,24.0,0.0,0.0,0.0,0.0,0.0,0.0,0.0,0.0,0.0,0.0,0.0,0.0,0.0,0.0,0.0,1.0,0.0,1.0,0.0,0.0,3.0,0.0,0.0,0.0,0.0,0.0,0.0,0.0,2.0,4.0,3.0,0.0,0.0,1.0,1.0,2.0,0.0,0.0,0.0,0.0,0.0,0.0,0.0,0.0,0.0,0.0,0.0,0.0,0.0,0.0,0.0,1.0,0.0,1.0,0.0,0.0,1.0,0.0,0.0,0.0,0.0,0.0,0.0,0.0,2.0,3.0,3.0,5117852027.0,-1.0,来宾市兴宾区,来宾市兴宾区陶邓镇,10.0,15.4,0.0,1.5,26.9,37.416666666666664,36.37428571428571,38.14581005586592
广西壮族自治区,来宾市,兴宾区,石牙镇,109.4387832,23.4523622,0.0,3.0,0.0,2.0,4.0,0.0,0.0,0.0,0.0,0.0,0.0,0.0,0.0,0.0,0.0,0.0,0.0,0.0,0.0,0.0,1.0,0.0,0.0,0.0,0.0,8.0,0.0,0.0,0.0,0.0,0.0,0.0,0.0,3.0,3.0,3.0,0.0,3.0,0.0,2.0,4.0,0.0,0.0,0.0,0.0,0.0,0.0,0.0,0.0,0.0,0.0,0.0,0.0,0.0,0.0,0.0,0.0,0.0,0.0,0.0,0.0,2.0,0.0,0.0,0.0,0.0,0.0,0.0,0.0,1.0,3.0,2.0,4806280813.0,-1.0,来宾市兴宾区,来宾市兴宾区石牙镇,12.0,10.5,0.0,1.5,24.0,37.416666666666664,36.37428571428571,38.14581005586592
广西壮族自治区,来宾市,兴宾区,五山镇,109.23,23.4002,0.0,0.0,4.0,0.0,10.0,0.0,0.0,0.0,0.0,0.0,0.0,0.0,0.0,0.0,0.0,0.0,0.0,0.0,0.0,0.0,2.0,0.0,0.0,0.0,0.0,4.0,0.0,0.0,0.0,0.0,0.0,0.0,0.0,2.0,3.0,3.0,0.0,0.0,2.0,0.0,10.0,0.0,0.0,0.0,0.0,0.0,0.0,0.0,0.0,0.0,0.0,0.0,0.0,0.0,0.0,0.0,1.0,0.0,0.0,0.0,0.0,1.0,0.0,0.0,0.0,0.0,0.0,0.0,0.0,1.0,3.0,2.0,5117814363.0,-1.0,来宾市兴宾区,来宾市兴宾区五山镇,11.0,11.5,0.0,1.5,24.0,37.416666666666664,36.37428571428571,38.14581005586592
广西壮族自治区,来宾市,兴宾区,良塘镇,109.104087,23.8539316,0.0,1.0,4.0,6.0,8.0,0.0,0.0,0.0,0.0,0.0,0.0,0.0,0.0,0.0,0.0,0.0,0.0,0.0,0.0,0.0,4.0,0.0,0.0,0.0,0.0,9.0,0.0,0.0,0.0,0.0,0.0,0.0,0.0,1.0,5.0,4.0,0.0,1.0,3.0,3.0,8.0,0.0,0.0,0.0,0.0,0.0,0.0,0.0,0.0,0.0,0.0,0.0,0.0,0.0,0.0,0.0,0.0,0.0,0.0,0.0,0.0,1.0,0.0,0.0,0.0,0.0,0.0,0.0,0.0,1.0,5.0,1.0,3907878527.0,-1.0,来宾市兴宾区,来宾市兴宾区良塘镇,12.0,16.5,0.0,2.0,30.5,37.416666666666664,36.37428571428571,38.14581005586592
广西壮族自治区,来宾市,兴宾区,七洞乡,109.0700498,24.0007676,0.0,3.0,5.0,2.0,10.0,0.0,0.0,0.0,0.0,0.0,0.0,0.0,0.0,0.0,0.0,0.0,0.0,0.0,0.0,0.0,5.0,0.0,0.0,0.0,0.0,8.0,0.0,0.0,0.0,0.0,0.0,0.0,0.0,3.0,6.0,3.0,0.0,1.0,3.0,1.0,2.0,0.0,0.0,0.0,0.0,0.0,0.0,0.0,0.0,0.0,0.0,0.0,0.0,0.0,0.0,0.0,1.0,0.0,0.0,0.0,0.0,3.0,0.0,0.0,0.0,0.0,0.0,0.0,0.0,1.0,4.0,3.0,5117029663.0,-1.0,来宾市兴宾区,来宾市兴宾区七洞乡,12.0,12.6,0.0,1.5,26.1,37.416666666666664,36.37428571428571,38.14581005586592
广西壮族自治区,来宾市,兴宾区,南泗乡,109.506698,23.6554759,0.0,0.0,5.0,5.0,172.0,0.0,0.0,0.0,0.0,0.0,0.0,0.0,0.0,0.0,0.0,0.0,0.0,0.0,0.0,0.0,0.0,0.0,0.0,0.0,0.0,1.0,1.0,0.0,0.0,0.0,0.0,0.0,0.0,2.0,4.0,4.0,0.0,0.0,3.0,2.0,12.0,0.0,0.0,0.0,0.0,0.0,0.0,0.0,0.0,0.0,0.0,0.0,0.0,0.0,0.0,0.0,0.0,0.0,0.0,0.0,0.0,1.0,0.0,0.0,0.0,0.0,0.0,0.0,0.0,1.0,4.0,1.0,3784891872.0,-1.0,来宾市兴宾区,来宾市兴宾区南泗乡,8.0,22.0,0.0,2.1,32.1,37.416666666666664,36.37428571428571,38.14581005586592
广西壮族自治区,来宾市,兴宾区,高安乡,109.4744591,23.7598355,3.0,0.0,2.0,10.0,17.0,0.0,0.0,0.0,0.0,0.0,0.0,0.0,0.0,0.0,0.0,0.0,0.0,0.0,0.0,0.0,2.0,0.0,3.0,0.0,0.0,1.0,0.0,0.0,0.0,1.0,0.0,4.0,0.0,3.0,5.0,6.0,1.0,0.0,1.0,6.0,10.0,0.0,0.0,0.0,0.0,0.0,0.0,0.0,0.0,0.0,0.0,0.0,0.0,0.0,0.0,0.0,0.0,0.0,0.0,0.0,0.0,1.0,0.0,0.0,0.0,0.0,0.0,4.0,0.0,2.0,4.0,3.0,3784972037.0,-1.0,来宾市兴宾区,来宾市兴宾区高安乡,8.0,18.9,0.0,3.1,30.0,37.416666666666664,36.37428571428571,38.14581005586592
广西壮族自治区,来宾市,兴宾区,正龙乡,109.3672045,23.7243186,2.0,0.0,3.0,4.0,17.0,0.0,0.0,0.0,4.0,0.0,0.0,0.0,0.0,0.0,0.0,0.0,0.0,0.0,0.0,0.0,0.0,0.0,2.0,0.0,0.0,5.0,14.0,0.0,0.0,0.0,0.0,0.0,0.0,4.0,7.0,3.0,1.0,0.0,2.0,3.0,2.0,0.0,0.0,0.0,2.0,0.0,0.0,0.0,0.0,0.0,0.0,0.0,0.0,0.0,0.0,0.0,0.0,0.0,0.0,0.0,0.0,2.0,3.0,0.0,0.0,0.0,0.0,0.0,0.0,4.0,4.0,2.0,3784998847.0,-1.0,来宾市兴宾区,来宾市兴宾区正龙乡,12.0,18.5,0.0,3.2,33.7,37.416666666666664,36.37428571428571,38.14581005586592
广西壮族自治区,来宾市,忻城县,城关镇,108.6666296,24.0663716,8.0,7.0,12.0,3.0,57.0,2.0,0.0,0.0,1.0,0.0,1.0,0.0,0.0,0.0,0.0,0.0,0.0,0.0,0.0,0.0,4.0,0.0,0.0,0.0,0.0,2.0,6.0,0.0,0.0,0.0,0.0,2.0,0.0,3.0,8.0,6.0,0.0,0.0,6.0,3.0,35.0,0.0,0.0,0.0,1.0,0.0,0.0,0.0,0.0,0.0,0.0,0.0,0.0,0.0,0.0,0.0,2.0,0.0,0.0,0.0,0.0,2.0,0.0,0.0,0.0,0.0,0.0,0.0,0.0,3.0,4.0,5.0,7909801794.0,-1.0,来宾市忻城县,来宾市忻城县城关镇,9.0,28.0,0.0,3.6,40.6,28.883333333333336,36.37428571428571,38.14581005586592
广西壮族自治区,来宾市,忻城县,大塘镇,108.9156398,24.1316508,2.0,1.0,2.0,1.0,16.0,0.0,0.0,0.0,0.0,0.0,0.0,0.0,0.0,0.0,0.0,0.0,1.0,0.0,0.0,0.0,0.0,0.0,0.0,0.0,0.0,5.0,3.0,0.0,0.0,0.0,0.0,0.0,0.0,1.0,6.0,0.0,1.0,1.0,2.0,1.0,0.0,0.0,0.0,0.0,0.0,0.0,0.0,0.0,0.0,0.0,0.0,0.0,1.0,0.0,0.0,0.0,0.0,0.0,0.0,0.0,0.0,1.0,0.0,0.0,0.0,0.0,0.0,0.0,0.0,1.0,4.0,0.0,628948414.0,-1.0,来宾市忻城县,来宾市忻城县大塘镇,12.0,12.2,5.0,0.30000000000000004,29.5,28.883333333333336,36.37428571428571,38.14581005586592
广西壮族自治区,来宾市,忻城县,思练镇,108.9049941,24.0354367,8.0,3.0,6.0,1.0,7.0,0.0,0.0,0.0,0.0,0.0,0.0,0.0,0.0,0.0,0.0,0.0,0.0,0.0,0.0,0.0,2.0,0.0,0.0,0.0,0.0,9.0,3.0,0.0,0.0,0.0,0.0,0.0,0.0,1.0,10.0,5.0,7.0,1.0,5.0,0.0,2.0,0.0,0.0,0.0,0.0,0.0,0.0,0.0,0.0,0.0,0.0,0.0,0.0,0.0,0.0,0.0,2.0,0.0,0.0,0.0,0.0,2.0,0.0,0.0,0.0,0.0,0.0,0.0,0.0,1.0,5.0,2.0,3908558368.0,-1.0,来宾市忻城县,来宾市忻城县思练镇,12.0,12.0,0.0,2.8,26.8,28.883333333333336,36.37428571428571,38.14581005586592
广西壮族自治区,来宾市,忻城县,红渡镇,108.6120449,23.9442452,3.0,0.0,6.0,1.0,15.0,1.0,0.0,0.0,0.0,0.0,0.0,0.0,0.0,0.0,0.0,0.0,0.0,0.0,0.0,0.0,2.0,0.0,1.0,0.0,0.0,1.0,14.0,0.0,0.0,0.0,0.0,2.0,0.0,5.0,6.0,6.0,3.0,0.0,1.0,1.0,3.0,0.0,0.0,0.0,0.0,0.0,0.0,0.0,0.0,0.0,0.0,0.0,0.0,0.0,0.0,0.0,1.0,0.0,0.0,0.0,0.0,1.0,0.0,0.0,0.0,0.0,0.0,0.0,0.0,4.0,5.0,3.0,3453547730.0,-1.0,来宾市忻城县,来宾市忻城县红渡镇,8.0,12.9,0.0,4.4,25.299999999999997,28.883333333333336,36.37428571428571,38.14581005586592
广西壮族自治区,来宾市,忻城县,古蓬镇,108.5942564,23.8240746,3.0,1.0,4.0,3.0,32.0,0.0,0.0,0.0,0.0,0.0,0.0,0.0,0.0,0.0,0.0,0.0,0.0,0.0,0.0,0.0,2.0,0.0,0.0,0.0,0.0,6.0,0.0,0.0,0.0,0.0,0.0,0.0,0.0,3.0,7.0,5.0,0.0,0.0,1.0,3.0,21.0,0.0,0.0,0.0,0.0,0.0,0.0,0.0,0.0,0.0,0.0,0.0,0.0,0.0,0.0,0.0,1.0,0.0,0.0,0.0,0.0,2.0,0.0,0.0,0.0,0.0,0.0,0.0,0.0,2.0,4.0,4.0,5117377328.0,-1.0,来宾市忻城县,来宾市忻城县古蓬镇,12.0,23.5,0.0,2.5,38.0,28.883333333333336,36.37428571428571,38.14581005586592
广西壮族自治区,来宾市,忻城县,果遂镇,108.8271559,23.8525368,0.0,6.0,1.0,1.0,24.0,0.0,0.0,0.0,0.0,0.0,0.0,0.0,0.0,0.0,0.0,0.0,0.0,0.0,0.0,0.0,1.0,0.0,0.0,0.0,0.0,5.0,0.0,0.0,0.0,0.0,0.0,0.0,0.0,5.0,8.0,3.0,0.0,2.0,1.0,1.0,21.0,0.0,0.0,0.0,0.0,0.0,0.0,0.0,0.0,0.0,0.0,0.0,0.0,0.0,0.0,0.0,1.0,0.0,0.0,0.0,0.0,2.0,0.0,0.0,0.0,0.0,0.0,0.0,0.0,2.0,6.0,2.0,3908512884.0,-1.0,来宾市忻城县,来宾市忻城县果遂镇,12.0,21.1,0.0,1.5,34.6,28.883333333333336,36.37428571428571,38.14581005586592
广西壮族自治区,来宾市,忻城县,马泗乡,108.7527686,24.2142485,0.0,2.0,0.0,0.0,1.0,0.0,0.0,0.0,0.0,0.0,0.0,0.0,0.0,0.0,0.0,0.0,0.0,0.0,0.0,0.0,0.0,0.0,0.0,0.0,0.0,1.0,0.0,0.0,0.0,0.0,0.0,0.0,0.0,1.0,2.0,0.0,0.0,1.0,0.0,0.0,1.0,0.0,0.0,0.0,0.0,0.0,0.0,0.0,0.0,0.0,0.0,0.0,0.0,0.0,0.0,0.0,0.0,0.0,0.0,0.0,0.0,1.0,0.0,0.0,0.0,0.0,0.0,0.0,0.0,1.0,2.0,0.0,3722617820.0,-1.0,来宾市忻城县,来宾市忻城县马泗乡,8.0,6.5,0.0,0.0,14.5,28.883333333333336,36.37428571428571,38.14581005586592
广西壮族自治区,来宾市,忻城县,欧洞乡,108.8269276,24.2757975,0.0,2.0,1.0,0.0,0.0,0.0,0.0,0.0,0.0,0.0,0.0,0.0,0.0,0.0,0.0,0.0,0.0,0.0,0.0,0.0,1.0,0.0,0.0,0.0,2.0,2.0,0.0,0.0,0.0,0.0,0.0,0.0,0.0,1.0,3.0,4.0,0.0,2.0,1.0,0.0,0.0,0.0,0.0,0.0,0.0,0.0,0.0,0.0,0.0,0.0,0.0,0.0,0.0,0.0,0.0,0.0,1.0,0.0,0.0,0.0,0.0,1.0,0.0,0.0,0.0,0.0,0.0,0.0,0.0,1.0,2.0,2.0,3722498717.0,-1.0,来宾市忻城县,来宾市忻城县欧洞乡,9.0,6.5,0.0,2.0,17.5,28.883333333333336,36.37428571428571,38.14581005586592
广西壮族自治区,来宾市,忻城县,安东乡,108.99526,24.0347895,0.0,3.0,4.0,5.0,27.0,0.0,0.0,2.0,0.0,0.0,0.0,0.0,0.0,0.0,0.0,0.0,0.0,0.0,0.0,0.0,3.0,0.0,0.0,0.0,0.0,6.0,0.0,0.0,0.0,0.0,0.0,0.0,0.0,1.0,7.0,2.0,0.0,3.0,4.0,2.0,19.0,0.0,0.0,1.0,0.0,0.0,0.0,0.0,0.0,0.0,0.0,0.0,0.0,0.0,0.0,0.0,1.0,0.0,0.0,0.0,0.0,2.0,0.0,0.0,0.0,0.0,0.0,0.0,0.0,1.0,7.0,2.0,3908557014.0,-1.0,来宾市忻城县,来宾市忻城县安东乡,12.0,23.5,0.0,1.0,36.5,28.883333333333336,36.37428571428571,38.14581005586592
广西壮族自治区,来宾市,忻城县,新圩乡,108.680243,23.887987,0.0,2.0,2.0,1.0,13.0,0.0,0.0,0.0,0.0,0.0,0.0,0.0,0.0,0.0,0.0,0.0,0.0,0.0,0.0,0.0,5.0,0.0,0.0,0.0,0.0,8.0,0.0,0.0,0.0,0.0,0.0,0.0,0.0,3.0,9.0,4.0,0.0,2.0,1.0,1.0,7.0,0.0,0.0,0.0,0.0,0.0,0.0,0.0,0.0,0.0,0.0,0.0,0.0,0.0,0.0,0.0,3.0,0.0,0.0,0.0,0.0,2.0,0.0,0.0,0.0,0.0,0.0,0.0,0.0,3.0,5.0,3.0,4957911880.0,-1.0,来宾市忻城县,来宾市忻城县新圩乡,12.0,14.7,0.0,2.0,28.7,28.883333333333336,36.37428571428571,38.14581005586592
广西壮族自治区,来宾市,忻城县,遂意乡,108.5381406,23.9016103,0.0,1.0,2.0,2.0,9.0,1.0,0.0,0.0,0.0,0.0,0.0,0.0,0.0,0.0,0.0,0.0,0.0,0.0,0.0,0.0,3.0,0.0,0.0,0.0,0.0,1.0,0.0,0.0,0.0,0.0,0.0,0.0,0.0,1.0,6.0,2.0,0.0,1.0,2.0,1.0,6.0,1.0,0.0,0.0,0.0,0.0,0.0,0.0,0.0,0.0,0.0,0.0,0.0,0.0,0.0,0.0,2.0,0.0,0.0,0.0,0.0,1.0,0.0,0.0,0.0,0.0,0.0,0.0,0.0,1.0,6.0,2.0,5117319540.0,-1.0,来宾市忻城县,来宾市忻城县遂意乡,8.0,13.6,0.0,1.0,22.6,28.883333333333336,36.37428571428571,38.14581005586592
广西壮族自治区,来宾市,忻城县,北更乡,108.5577476,23.8009534,0.0,0.0,2.0,1.0,10.0,0.0,0.0,0.0,0.0,0.0,0.0,0.0,0.0,0.0,1.0,1.0,0.0,0.0,0.0,0.0,1.0,0.0,0.0,0.0,0.0,6.0,11.0,0.0,0.0,0.0,0.0,1.0,0.0,2.0,4.0,5.0,0.0,0.0,1.0,1.0,1.0,0.0,0.0,0.0,0.0,0.0,0.0,0.0,0.0,0.0,1.0,1.0,0.0,0.0,0.0,0.0,1.0,0.0,0.0,0.0,0.0,1.0,11.0,0.0,0.0,0.0,0.0,1.0,0.0,1.0,3.0,2.0,4958239700.0,-1.0,来宾市忻城县,来宾市忻城县北更乡,12.0,10.3,5.0,4.7,32.0,28.883333333333336,36.37428571428571,38.14581005586592
广西壮族自治区,来宾市,象州县,象州镇,109.6830071,23.9635091,12.0,5.0,7.0,8.0,58.0,2.0,0.0,3.0,0.0,0.0,0.0,0.0,0.0,0.0,0.0,0.0,0.0,0.0,0.0,1.0,1.0,0.0,4.0,0.0,1.0,2.0,9.0,0.0,0.0,4.0,1.0,42.0,1.0,5.0,11.0,8.0,7.0,0.0,5.0,4.0,39.0,2.0,0.0,2.0,0.0,0.0,0.0,0.0,0.0,0.0,0.0,0.0,0.0,0.0,0.0,1.0,0.0,0.0,0.0,0.0,0.0,1.0,0.0,0.0,0.0,0.0,1.0,19.0,1.0,2.0,8.0,3.0,369491830.0,-1.0,来宾市象州县,来宾市象州县象州镇,9.0,24.0,1.0,5.3,39.3,37.07272727272727,36.37428571428571,38.14581005586592
广西壮族自治区,来宾市,象州县,石龙镇,109.5246306,23.8464298,10.0,0.0,3.0,12.0,27.0,1.0,0.0,0.0,2.0,0.0,1.0,0.0,0.0,0.0,0.0,0.0,0.0,0.0,0.0,0.0,0.0,0.0,10.0,0.0,1.0,2.0,0.0,0.0,0.0,0.0,0.0,14.0,0.0,8.0,8.0,5.0,3.0,0.0,0.0,8.0,13.0,1.0,0.0,0.0,2.0,0.0,1.0,0.0,0.0,0.0,0.0,0.0,0.0,0.0,0.0,0.0,0.0,0.0,0.0,0.0,0.0,1.0,0.0,0.0,0.0,0.0,0.0,5.0,0.0,6.0,5.0,3.0,3785128534.0,-1.0,来宾市象州县,来宾市象州县石龙镇,9.0,27.3,0.0,2.5,38.8,37.07272727272727,36.37428571428571,38.14581005586592
广西壮族自治区,来宾市,象州县,运江镇,109.727331,24.1420176,0.0,4.0,3.0,2.0,56.0,3.0,0.0,0.0,0.0,0.0,0.0,0.0,0.0,0.0,0.0,0.0,0.0,0.0,0.0,0.0,1.0,0.0,0.0,0.0,0.0,4.0,0.0,0.0,0.0,0.0,0.0,2.0,0.0,8.0,7.0,4.0,0.0,1.0,2.0,0.0,15.0,1.0,0.0,0.0,0.0,0.0,0.0,0.0,0.0,0.0,0.0,0.0,0.0,0.0,0.0,0.0,0.0,0.0,0.0,0.0,0.0,1.0,0.0,0.0,0.0,0.0,0.0,2.0,0.0,1.0,5.0,3.0,1735530814.0,-1.0,来宾市象州县,来宾市象州县运江镇,11.0,23.5,0.0,2.0,36.5,37.07272727272727,36.37428571428571,38.14581005586592
广西壮族自治区,来宾市,象州县,寺村镇,109.834104,23.9724568,2.0,0.0,2.0,5.0,2.0,0.0,0.0,0.0,0.0,0.0,0.0,0.0,0.0,0.0,0.0,0.0,0.0,0.0,0.0,0.0,1.0,0.0,0.0,0.0,0.0,2.0,0.0,0.0,0.0,0.0,0.0,0.0,0.0,3.0,4.0,4.0,2.0,0.0,2.0,3.0,2.0,0.0,0.0,0.0,0.0,0.0,0.0,0.0,0.0,0.0,0.0,0.0,0.0,0.0,0.0,0.0,1.0,0.0,0.0,0.0,0.0,1.0,0.0,0.0,0.0,0.0,0.0,0.0,0.0,2.0,4.0,3.0,3811477628.0,-1.0,来宾市象州县,来宾市象州县寺村镇,9.0,13.0,0.0,2.0,24.0,37.07272727272727,36.37428571428571,38.14581005586592
广西壮族自治区,来宾市,象州县,中平镇,109.9449734,24.0125105,0.0,0.0,11.0,8.0,25.0,0.0,0.0,0.0,0.0,0.0,0.0,0.0,0.0,0.0,0.0,0.0,0.0,0.0,0.0,0.0,0.0,0.0,1.0,0.0,0.0,6.0,0.0,0.0,0.0,0.0,0.0,0.0,0.0,2.0,5.0,3.0,0.0,0.0,6.0,5.0,19.0,0.0,0.0,0.0,0.0,0.0,0.0,0.0,0.0,0.0,0.0,0.0,0.0,0.0,0.0,0.0,0.0,0.0,0.0,0.0,0.0,1.0,0.0,0.0,0.0,0.0,0.0,0.0,0.0,2.0,3.0,1.0,3811477629.0,-1.0,来宾市象州县,来宾市象州县中平镇,12.0,22.5,0.0,1.5,36.0,37.07272727272727,36.37428571428571,38.14581005586592
广西壮族自治区,来宾市,象州县,罗秀镇,109.883056,24.075556,9.0,0.0,11.0,13.0,50.0,13.0,0.0,3.0,0.0,0.0,0.0,0.0,0.0,0.0,0.0,0.0,0.0,0.0,0.0,0.0,1.0,0.0,1.0,0.0,0.0,4.0,0.0,0.0,0.0,3.0,0.0,5.0,0.0,3.0,9.0,6.0,2.0,0.0,10.0,5.0,24.0,2.0,0.0,2.0,0.0,0.0,0.0,0.0,0.0,0.0,0.0,0.0,0.0,0.0,0.0,0.0,0.0,0.0,1.0,0.0,0.0,1.0,0.0,0.0,0.0,0.0,0.0,4.0,0.0,3.0,8.0,3.0,3994676105.0,-1.0,来宾市象州县,来宾市象州县罗秀镇,11.0,24.0,0.0,3.3,38.3,37.07272727272727,36.37428571428571,38.14581005586592
广西壮族自治区,来宾市,象州县,大乐镇,109.9899575,24.0920437,2.0,0.0,1.0,17.0,30.0,1.0,0.0,0.0,0.0,0.0,0.0,0.0,0.0,0.0,0.0,0.0,0.0,0.0,0.0,1.0,2.0,0.0,0.0,0.0,0.0,8.0,0.0,0.0,0.0,0.0,0.0,3.0,0.0,3.0,7.0,5.0,2.0,0.0,1.0,3.0,19.0,1.0,0.0,0.0,0.0,0.0,0.0,0.0,0.0,0.0,0.0,0.0,0.0,0.0,0.0,0.0,2.0,0.0,0.0,0.0,0.0,2.0,0.0,0.0,0.0,0.0,0.0,1.0,0.0,3.0,6.0,3.0,3994676104.0,-1.0,来宾市象州县,来宾市象州县大乐镇,12.0,23.5,0.0,2.5,38.0,37.07272727272727,36.37428571428571,38.14581005586592
广西壮族自治区,来宾市,象州县,马坪镇,109.5553423,24.0022352,0.0,2.0,0.0,6.0,26.0,2.0,0.0,2.0,0.0,0.0,0.0,0.0,0.0,0.0,0.0,0.0,0.0,0.0,0.0,0.0,3.0,0.0,0.0,0.0,0.0,2.0,4.0,0.0,0.0,0.0,0.0,5.0,0.0,2.0,8.0,6.0,0.0,2.0,0.0,2.0,10.0,0.0,0.0,0.0,0.0,0.0,0.0,0.0,0.0,0.0,0.0,0.0,0.0,0.0,0.0,0.0,2.0,0.0,0.0,0.0,0.0,1.0,1.0,0.0,0.0,0.0,0.0,5.0,0.0,1.0,4.0,5.0,5117174965.0,-1.0,来宾市象州县,来宾市象州县马坪镇,9.0,22.2,0.0,3.5,34.7,37.07272727272727,36.37428571428571,38.14581005586592
广西壮族自治区,来宾市,象州县,妙皇乡,109.7583304,23.8702318,0.0,5.0,0.0,5.0,18.0,1.0,0.0,1.0,0.0,0.0,0.0,1.0,1.0,1.0,0.0,0.0,1.0,0.0,0.0,0.0,0.0,0.0,0.0,0.0,0.0,5.0,3.0,0.0,0.0,0.0,0.0,3.0,0.0,1.0,6.0,4.0,0.0,3.0,0.0,2.0,10.0,0.0,0.0,1.0,0.0,0.0,0.0,1.0,1.0,1.0,0.0,0.0,1.0,0.0,0.0,0.0,0.0,0.0,0.0,0.0,0.0,2.0,1.0,0.0,0.0,0.0,0.0,3.0,0.0,1.0,5.0,4.0,3995471865.0,-1.0,来宾市象州县,来宾市象州县妙皇乡,12.0,19.6,15.0,2.4,49.0,37.07272727272727,36.37428571428571,38.14581005586592
广西壮族自治区,来宾市,象州县,百丈乡,109.9142063,23.9498208,0.0,0.0,6.0,10.0,14.0,0.0,0.0,0.0,0.0,0.0,0.0,0.0,0.0,0.0,0.0,0.0,0.0,0.0,0.0,0.0,2.0,0.0,0.0,0.0,0.0,2.0,1.0,0.0,0.0,0.0,0.0,0.0,0.0,3.0,8.0,5.0,0.0,0.0,3.0,2.0,12.0,0.0,0.0,0.0,0.0,0.0,0.0,0.0,0.0,0.0,0.0,0.0,0.0,0.0,0.0,0.0,0.0,0.0,0.0,0.0,0.0,1.0,1.0,0.0,0.0,0.0,0.0,0.0,0.0,3.0,7.0,1.0,3811477624.0,-1.0,来宾市象州县,来宾市象州县百丈乡,9.0,20.4,0.0,2.7,32.1,37.07272727272727,36.37428571428571,38.14581005586592
广西壮族自治区,来宾市,象州县,水晶乡,109.8584653,24.201122,0.0,3.0,3.0,3.0,67.0,1.0,0.0,0.0,0.0,0.0,1.0,0.0,0.0,0.0,0.0,0.0,0.0,0.0,0.0,0.0,2.0,0.0,0.0,0.0,0.0,5.0,1.0,0.0,0.0,0.0,0.0,1.0,0.0,2.0,7.0,7.0,0.0,3.0,3.0,1.0,31.0,0.0,0.0,0.0,0.0,0.0,0.0,0.0,0.0,0.0,0.0,0.0,0.0,0.0,0.0,0.0,2.0,0.0,0.0,0.0,0.0,1.0,0.0,0.0,0.0,0.0,0.0,0.0,0.0,2.0,5.0,3.0,3995368473.0,-1.0,来宾市象州县,来宾市象州县水晶乡,12.0,25.5,0.0,3.6,41.1,37.07272727272727,36.37428571428571,38.14581005586592
广西壮族自治区,来宾市,武宣县,武宣镇,109.6687611,23.6096127,9.0,24.0,23.0,31.0,119.0,9.0,0.0,36.0,0.0,2.0,0.0,1.0,0.0,0.0,5.0,5.0,0.0,0.0,0.0,1.0,20.0,0.0,1.0,0.0,0.0,5.0,38.0,0.0,0.0,8.0,0.0,69.0,1.0,5.0,12.0,11.0,0.0,7.0,13.0,7.0,28.0,0.0,0.0,19.0,0.0,0.0,0.0,0.0,0.0,0.0,1.0,1.0,0.0,0.0,0.0,0.0,8.0,0.0,0.0,0.0,0.0,1.0,1.0,0.0,0.0,3.0,0.0,11.0,0.0,1.0,9.0,5.0,244082205.0,-1.0,来宾市武宣县,来宾市武宣县武宣镇,12.0,26.0,10.0,9.0,57.0,34.790000000000006,36.37428571428571,38.14581005586592
广西壮族自治区,来宾市,武宣县,桐岭镇,109.6331141,23.4656019,3.0,0.0,0.0,6.0,59.0,3.0,0.0,0.0,0.0,0.0,0.0,0.0,0.0,0.0,0.0,0.0,0.0,0.0,0.0,0.0,0.0,0.0,1.0,0.0,0.0,9.0,0.0,0.0,0.0,0.0,0.0,1.0,0.0,2.0,5.0,5.0,2.0,0.0,0.0,2.0,27.0,3.0,0.0,0.0,0.0,0.0,0.0,0.0,0.0,0.0,0.0,0.0,0.0,0.0,0.0,0.0,0.0,0.0,0.0,0.0,0.0,1.0,0.0,0.0,0.0,0.0,0.0,0.0,0.0,2.0,5.0,1.0,3722471420.0,-1.0,来宾市武宣县,来宾市武宣县桐岭镇,12.0,22.5,0.0,2.5,37.0,34.790000000000006,36.37428571428571,38.14581005586592
广西壮族自治区,来宾市,武宣县,通挽镇,109.5373852,23.3616349,1.0,2.0,0.0,2.0,15.0,0.0,0.0,0.0,0.0,0.0,0.0,0.0,0.0,0.0,0.0,0.0,0.0,0.0,0.0,0.0,2.0,0.0,0.0,0.0,0.0,9.0,0.0,0.0,0.0,0.0,0.0,0.0,0.0,2.0,5.0,4.0,1.0,0.0,0.0,1.0,9.0,0.0,0.0,0.0,0.0,0.0,0.0,0.0,0.0,0.0,0.0,0.0,0.0,0.0,0.0,0.0,2.0,0.0,0.0,0.0,0.0,2.0,0.0,0.0,0.0,0.0,0.0,0.0,0.0,2.0,4.0,2.0,3722470289.0,-1.0,来宾市武宣县,来宾市武宣县通挽镇,12.0,15.2,0.0,2.0,29.2,34.790000000000006,36.37428571428571,38.14581005586592
广西壮族自治区,来宾市,武宣县,东乡镇,109.8526537,23.596087,0.0,8.0,0.0,10.0,7.0,2.0,0.0,0.0,0.0,0.0,0.0,0.0,0.0,0.0,0.0,0.0,0.0,0.0,0.0,0.0,1.0,0.0,0.0,0.0,0.0,1.0,1.0,0.0,0.0,0.0,0.0,0.0,0.0,1.0,7.0,3.0,0.0,2.0,0.0,10.0,2.0,0.0,0.0,0.0,0.0,0.0,0.0,0.0,0.0,0.0,0.0,0.0,0.0,0.0,0.0,0.0,1.0,0.0,0.0,0.0,0.0,1.0,0.0,0.0,0.0,0.0,0.0,0.0,0.0,1.0,3.0,2.0,3774816973.0,-1.0,来宾市武宣县,来宾市武宣县东乡镇,8.0,15.5,0.0,1.6,25.1,34.790000000000006,36.37428571428571,38.14581005586592
广西壮族自治区,来宾市,武宣县,三里镇,109.7571619,23.5729855,0.0,3.0,0.0,10.0,21.0,1.0,0.0,0.0,0.0,0.0,0.0,1.0,0.0,0.0,0.0,0.0,0.0,0.0,0.0,0.0,5.0,1.0,0.0,0.0,0.0,2.0,1.0,0.0,0.0,0.0,0.0,0.0,1.0,1.0,5.0,5.0,0.0,3.0,0.0,9.0,10.0,1.0,0.0,0.0,0.0,0.0,0.0,1.0,0.0,0.0,0.0,0.0,0.0,0.0,0.0,0.0,1.0,1.0,0.0,0.0,0.0,1.0,0.0,0.0,0.0,0.0,0.0,0.0,0.0,1.0,5.0,4.0,3774816969.0,-1.0,来宾市武宣县,来宾市武宣县三里镇,9.0,19.7,5.0,2.6,36.300000000000004,34.790000000000006,36.37428571428571,38.14581005586592
广西壮族自治区,来宾市,武宣县,二塘镇,109.678056,23.6775,2.0,0.0,1.0,2.0,24.0,0.0,0.0,0.0,1.0,0.0,0.0,0.0,0.0,0.0,0.0,0.0,0.0,0.0,0.0,0.0,0.0,0.0,0.0,0.0,0.0,1.0,0.0,0.0,0.0,0.0,0.0,0.0,0.0,5.0,5.0,2.0,1.0,0.0,1.0,2.0,0.0,0.0,0.0,0.0,0.0,0.0,0.0,0.0,0.0,0.0,0.0,0.0,0.0,0.0,0.0,0.0,0.0,0.0,0.0,0.0,0.0,1.0,0.0,0.0,0.0,0.0,0.0,0.0,0.0,2.0,3.0,1.0,3784861291.0,-1.0,来宾市武宣县,来宾市武宣县二塘镇,8.0,16.3,0.0,1.0,25.3,34.790000000000006,36.37428571428571,38.14581005586592
广西壮族自治区,来宾市,武宣县,黄茆镇,109.6460594,23.7550205,2.0,0.0,0.0,7.0,18.0,1.0,0.0,0.0,0.0,0.0,1.0,0.0,0.0,0.0,0.0,0.0,0.0,0.0,0.0,0.0,1.0,0.0,0.0,0.0,0.0,1.0,0.0,0.0,0.0,0.0,0.0,0.0,0.0,3.0,5.0,1.0,1.0,0.0,0.0,4.0,5.0,1.0,0.0,0.0,0.0,0.0,1.0,0.0,0.0,0.0,0.0,0.0,0.0,0.0,0.0,0.0,1.0,0.0,0.0,0.0,0.0,1.0,0.0,0.0,0.0,0.0,0.0,0.0,0.0,2.0,4.0,1.0,5117155880.0,-1.0,来宾市武宣县,来宾市武宣县黄茆镇,8.0,19.6,0.0,0.5,28.1,34.790000000000006,36.37428571428571,38.14581005586592
广西壮族自治区,来宾市,武宣县,禄新镇,109.5354512,23.5381379,0.0,3.0,0.0,8.0,79.0,0.0,0.0,0.0,0.0,0.0,0.0,0.0,0.0,0.0,0.0,0.0,0.0,0.0,0.0,0.0,0.0,0.0,0.0,0.0,0.0,8.0,0.0,0.0,0.0,0.0,0.0,0.0,0.0,1.0,5.0,6.0,0.0,1.0,0.0,2.0,17.0,0.0,0.0,0.0,0.0,0.0,0.0,0.0,0.0,0.0,0.0,0.0,0.0,0.0,0.0,0.0,0.0,0.0,0.0,0.0,0.0,2.0,0.0,0.0,0.0,0.0,0.0,0.0,0.0,1.0,4.0,2.0,4806280205.0,-1.0,来宾市武宣县,来宾市武宣县禄新镇,12.0,22.5,0.0,3.0,37.5,34.790000000000006,36.37428571428571,38.14581005586592
广西壮族自治区,来宾市,武宣县,思灵镇,109.5033733,23.4411819,0.0,3.0,0.0,4.0,50.0,1.0,0.0,0.0,0.0,0.0,0.0,0.0,0.0,0.0,0.0,0.0,0.0,0.0,0.0,0.0,1.0,0.0,0.0,0.0,0.0,8.0,0.0,0.0,0.0,0.0,0.0,0.0,0.0,1.0,5.0,3.0,0.0,1.0,0.0,4.0,13.0,0.0,0.0,0.0,0.0,0.0,0.0,0.0,0.0,0.0,0.0,0.0,0.0,0.0,0.0,0.0,1.0,0.0,0.0,0.0,0.0,2.0,0.0,0.0,0.0,0.0,0.0,0.0,0.0,1.0,4.0,3.0,4806280807.0,-1.0,来宾市武宣县,来宾市武宣县思灵镇,12.0,22.5,0.0,1.5,36.0,34.790000000000006,36.37428571428571,38.14581005586592
广西壮族自治区,来宾市,武宣县,金鸡乡,109.5403313,23.8371159,3.0,0.0,3.0,9.0,25.0,1.0,0.0,0.0,2.0,0.0,1.0,0.0,0.0,0.0,0.0,0.0,0.0,0.0,0.0,0.0,0.0,0.0,6.0,0.0,1.0,2.0,0.0,0.0,0.0,0.0,0.0,11.0,0.0,7.0,7.0,5.0,1.0,0.0,3.0,2.0,8.0,0.0,0.0,0.0,0.0,0.0,0.0,0.0,0.0,0.0,0.0,0.0,0.0,0.0,0.0,0.0,0.0,0.0,0.0,0.0,0.0,1.0,0.0,0.0,0.0,0.0,0.0,4.0,0.0,2.0,4.0,2.0,3785128532.0,-1.0,来宾市武宣县,来宾市武宣县金鸡乡,9.0,24.9,0.0,2.5,36.4,34.790000000000006,36.37428571428571,38.14581005586592
广西壮族自治区,来宾市,金秀瑶族自治县,金秀镇,110.1839212,24.1329476,5.0,9.0,13.0,17.0,83.0,63.0,0.0,124.0,1.0,12.0,1.0,4.0,6.0,10.0,0.0,1.0,1.0,4.0,4.0,143.0,32.0,9.0,0.0,2.0,0.0,5.0,287.0,0.0,281.0,1.0,2.0,13.0,15.0,4.0,16.0,11.0,0.0,9.0,6.0,8.0,46.0,40.0,0.0,92.0,1.0,12.0,1.0,3.0,5.0,8.0,0.0,1.0,1.0,4.0,3.0,107.0,23.0,8.0,0.0,2.0,0.0,3.0,262.0,0.0,257.0,0.0,0.0,8.0,12.0,2.0,11.0,11.0,2166631324.0,-1.0,来宾市金秀瑶族自治县,来宾市金秀瑶族自治县金秀镇,12.0,30.0,25.0,20.0,87.0,40.11,36.37428571428571,38.14581005586592
广西壮族自治区,来宾市,金秀瑶族自治县,桐木镇,109.978889,24.197222,4.0,8.0,16.0,7.0,117.0,11.0,0.0,2.0,0.0,0.0,2.0,0.0,1.0,1.0,5.0,5.0,2.0,0.0,0.0,2.0,13.0,0.0,9.0,0.0,0.0,8.0,50.0,0.0,0.0,3.0,0.0,22.0,1.0,3.0,9.0,9.0,0.0,3.0,15.0,6.0,76.0,1.0,0.0,2.0,0.0,0.0,1.0,0.0,0.0,0.0,4.0,4.0,2.0,0.0,0.0,2.0,10.0,0.0,0.0,0.0,0.0,3.0,41.0,0.0,0.0,2.0,0.0,17.0,1.0,2.0,8.0,5.0,2166631365.0,-1.0,来宾市金秀瑶族自治县,来宾市金秀瑶族自治县桐木镇,12.0,26.0,12.0,13.600000000000001,63.6,40.11,36.37428571428571,38.14581005586592
广西壮族自治区,来宾市,金秀瑶族自治县,头排镇,110.0540656,24.3294313,5.0,3.0,0.0,5.0,80.0,2.0,0.0,0.0,0.0,0.0,1.0,0.0,0.0,0.0,0.0,0.0,0.0,0.0,0.0,0.0,1.0,0.0,2.0,0.0,0.0,9.0,0.0,0.0,0.0,3.0,0.0,3.0,0.0,2.0,7.0,6.0,1.0,3.0,0.0,1.0,39.0,0.0,0.0,0.0,0.0,0.0,0.0,0.0,0.0,0.0,0.0,0.0,0.0,0.0,0.0,0.0,1.0,0.0,1.0,0.0,0.0,1.0,0.0,0.0,0.0,2.0,0.0,3.0,0.0,2.0,5.0,5.0,1735452088.0,-1.0,来宾市金秀瑶族自治县,来宾市金秀瑶族自治县头排镇,12.0,25.5,0.0,3.5,41.0,40.11,36.37428571428571,38.14581005586592
广西壮族自治区,来宾市,金秀瑶族自治县,三角乡,110.1243862,24.259648,0.0,0.0,2.0,3.0,7.0,0.0,0.0,0.0,0.0,0.0,0.0,0.0,0.0,0.0,0.0,0.0,0.0,0.0,0.0,0.0,5.0,0.0,0.0,0.0,0.0,1.0,0.0,0.0,0.0,0.0,0.0,0.0,0.0,2.0,6.0,5.0,0.0,0.0,1.0,1.0,5.0,0.0,0.0,0.0,0.0,0.0,0.0,0.0,0.0,0.0,0.0,0.0,0.0,0.0,0.0,0.0,2.0,0.0,0.0,0.0,0.0,1.0,0.0,0.0,0.0,0.0,0.0,0.0,0.0,2.0,5.0,4.0,2166631358.0,-1.0,来宾市金秀瑶族自治县,来宾市金秀瑶族自治县三角乡,8.0,13.9,0.0,2.5,24.4,40.11,36.37428571428571,38.14581005586592
广西壮族自治区,来宾市,金秀瑶族自治县,忠良乡,110.3636415,24.1787341,5.0,0.0,0.0,3.0,15.0,0.0,0.0,0.0,0.0,0.0,0.0,0.0,0.0,0.0,0.0,0.0,0.0,0.0,0.0,0.0,2.0,0.0,1.0,0.0,0.0,6.0,0.0,0.0,0.0,0.0,0.0,0.0,0.0,3.0,5.0,4.0,0.0,0.0,0.0,1.0,8.0,0.0,0.0,0.0,0.0,0.0,0.0,0.0,0.0,0.0,0.0,0.0,0.0,0.0,0.0,0.0,2.0,0.0,1.0,0.0,0.0,1.0,0.0,0.0,0.0,0.0,0.0,0.0,0.0,2.0,3.0,3.0,3774788021.0,-1.0,来宾市金秀瑶族自治县,来宾市金秀瑶族自治县忠良乡,12.0,15.9,0.0,2.0,29.9,40.11,36.37428571428571,38.14581005586592
广西壮族自治区,来宾市,金秀瑶族自治县,罗香乡,110.2763237,23.9390032,0.0,0.0,7.0,3.0,28.0,0.0,0.0,0.0,0.0,0.0,0.0,0.0,0.0,0.0,0.0,0.0,0.0,0.0,0.0,0.0,1.0,0.0,0.0,0.0,0.0,1.0,0.0,0.0,0.0,0.0,0.0,0.0,0.0,7.0,5.0,2.0,0.0,0.0,5.0,3.0,12.0,0.0,0.0,0.0,0.0,0.0,0.0,0.0,0.0,0.0,0.0,0.0,0.0,0.0,0.0,0.0,1.0,0.0,0.0,0.0,0.0,1.0,0.0,0.0,0.0,0.0,0.0,0.0,0.0,2.0,4.0,2.0,2166631349.0,-1.0,来宾市金秀瑶族自治县,来宾市金秀瑶族自治县罗香乡,8.0,19.7,0.0,1.0,28.7,40.11,36.37428571428571,38.14581005586592
广西壮族自治区,来宾市,金秀瑶族自治县,长垌乡,110.1021909,24.0716711,0.0,0.0,3.0,6.0,25.0,0.0,0.0,0.0,0.0,0.0,0.0,0.0,0.0,0.0,0.0,0.0,0.0,0.0,0.0,0.0,10.0,0.0,0.0,0.0,0.0,5.0,0.0,0.0,0.0,0.0,0.0,1.0,0.0,2.0,5.0,4.0,0.0,0.0,2.0,5.0,13.0,0.0,0.0,0.0,0.0,0.0,0.0,0.0,0.0,0.0,0.0,0.0,0.0,0.0,0.0,0.0,5.0,0.0,0.0,0.0,0.0,1.0,0.0,0.0,0.0,0.0,0.0,0.0,0.0,1.0,4.0,2.0,2166631298.0,-1.0,来宾市金秀瑶族自治县,来宾市金秀瑶族自治县长垌乡,12.0,21.4,0.0,2.0,35.4,40.11,36.37428571428571,38.14581005586592
广西壮族自治区,来宾市,金秀瑶族自治县,大樟乡,109.9056219,23.8873355,0.0,0.0,10.0,2.0,18.0,0.0,0.0,3.0,0.0,0.0,0.0,0.0,0.0,0.0,0.0,0.0,0.0,0.0,0.0,0.0,8.0,0.0,0.0,0.0,0.0,2.0,0.0,0.0,0.0,0.0,0.0,0.0,0.0,4.0,5.0,4.0,0.0,0.0,8.0,0.0,13.0,0.0,0.0,0.0,0.0,0.0,0.0,0.0,0.0,0.0,0.0,0.0,0.0,0.0,0.0,0.0,4.0,0.0,0.0,0.0,0.0,1.0,0.0,0.0,0.0,0.0,0.0,0.0,0.0,4.0,3.0,3.0,2166631318.0,11619524.0,来宾市金秀瑶族自治县,来宾市金秀瑶族自治县大樟乡,17.0,17.0,0.0,2.0,36.0,40.11,36.37428571428571,38.14581005586592
广西壮族自治区,来宾市,金秀瑶族自治县,六巷乡,110.0628797,23.8982399,0.0,0.0,0.0,9.0,4.0,0.0,0.0,0.0,0.0,0.0,0.0,0.0,0.0,0.0,0.0,0.0,0.0,0.0,0.0,0.0,7.0,0.0,0.0,0.0,0.0,2.0,0.0,0.0,0.0,0.0,0.0,0.0,0.0,2.0,4.0,4.0,0.0,0.0,0.0,5.0,4.0,0.0,0.0,0.0,0.0,0.0,0.0,0.0,0.0,0.0,0.0,0.0,0.0,0.0,0.0,0.0,7.0,0.0,0.0,0.0,0.0,2.0,0.0,0.0,0.0,0.0,0.0,0.0,0.0,2.0,4.0,2.0,2166631330.0,-1.0,来宾市金秀瑶族自治县,来宾市金秀瑶族自治县六巷乡,9.0,9.0,0.0,2.0,20.0,40.11,36.37428571428571,38.14581005586592
广西壮族自治区,来宾市,金秀瑶族自治县,三江乡,110.1383145,24.4007974,3.0,0.0,0.0,1.0,47.0,0.0,0.0,0.0,0.0,0.0,0.0,0.0,0.0,0.0,0.0,0.0,0.0,0.0,0.0,0.0,1.0,0.0,0.0,0.0,0.0,8.0,0.0,0.0,0.0,0.0,0.0,0.0,0.0,2.0,4.0,3.0,3.0,0.0,0.0,0.0,14.0,0.0,0.0,0.0,0.0,0.0,0.0,0.0,0.0,0.0,0.0,0.0,0.0,0.0,0.0,0.0,1.0,0.0,0.0,0.0,0.0,2.0,0.0,0.0,0.0,0.0,0.0,0.0,0.0,2.0,3.0,3.0,3774816976.0,-1.0,来宾市金秀瑶族自治县,来宾市金秀瑶族自治县三江乡,12.0,21.6,0.0,1.5,35.1,40.11,36.37428571428571,38.14581005586592
广西壮族自治区,来宾市,合山市,岭南镇,108.8848012,23.8277887,3.0,3.0,5.0,22.0,56.0,12.0,0.0,3.0,1.0,2.0,0.0,0.0,0.0,0.0,2.0,2.0,0.0,0.0,0.0,0.0,2.0,0.0,1.0,0.0,0.0,8.0,19.0,0.0,0.0,2.0,0.0,13.0,0.0,8.0,9.0,6.0,1.0,1.0,3.0,3.0,10.0,0.0,0.0,0.0,0.0,0.0,0.0,0.0,0.0,0.0,0.0,0.0,0.0,0.0,0.0,0.0,0.0,0.0,0.0,0.0,0.0,1.0,0.0,0.0,0.0,0.0,0.0,2.0,0.0,2.0,5.0,2.0,3908494156.0,11631173.0,来宾市合山市,来宾市合山市岭南镇,20.0,28.0,0.0,5.1,53.1,48.26666666666667,36.37428571428571,38.14581005586592
广西壮族自治区,来宾市,合山市,北泗镇,108.9356936,23.8269581,0.0,0.0,3.0,3.0,30.0,2.0,0.0,0.0,0.0,0.0,0.0,0.0,0.0,0.0,0.0,0.0,0.0,0.0,0.0,0.0,1.0,0.0,4.0,0.0,0.0,7.0,0.0,0.0,0.0,0.0,0.0,1.0,0.0,2.0,5.0,7.0,0.0,0.0,2.0,1.0,15.0,0.0,0.0,0.0,0.0,0.0,0.0,0.0,0.0,0.0,0.0,0.0,0.0,0.0,0.0,0.0,1.0,0.0,2.0,0.0,0.0,2.0,0.0,0.0,0.0,0.0,0.0,0.0,0.0,1.0,4.0,6.0,3908508284.0,11631174.0,来宾市合山市,来宾市合山市北泗镇,20.0,21.0,0.0,3.5,44.5,48.26666666666667,36.37428571428571,38.14581005586592
广西壮族自治区,来宾市,合山市,河里镇,108.9508672,23.7173138,1.0,0.0,0.0,3.0,34.0,1.0,0.0,0.0,0.0,0.0,1.0,0.0,0.0,0.0,0.0,0.0,0.0,0.0,0.0,0.0,4.0,0.0,2.0,0.0,0.0,7.0,1.0,0.0,0.0,1.0,0.0,0.0,0.0,4.0,5.0,5.0,1.0,0.0,0.0,2.0,21.0,0.0,0.0,0.0,0.0,0.0,0.0,0.0,0.0,0.0,0.0,0.0,0.0,0.0,0.0,0.0,4.0,0.0,1.0,0.0,0.0,1.0,0.0,0.0,0.0,0.0,0.0,0.0,0.0,2.0,4.0,2.0,3907878515.0,11631175.0,来宾市合山市,来宾市合山市河里镇,20.0,24.5,0.0,2.7,47.2,48.26666666666667,36.37428571428571,38.14581005586592
广西壮族自治区,崇左市,江州区,太平街道,107.3549423,22.4198775,6.0,8.0,26.0,15.0,48.0,46.0,0.0,1.0,2.0,2.0,0.0,1.0,1.0,1.0,8.0,11.0,2.0,0.0,0.0,2.0,17.0,3.0,6.0,1.0,1.0,4.0,34.0,0.0,1.0,3.0,0.0,24.0,3.0,7.0,13.0,15.0,0.0,3.0,10.0,7.0,12.0,8.0,0.0,0.0,0.0,1.0,0.0,1.0,1.0,1.0,3.0,4.0,1.0,0.0,0.0,0.0,3.0,2.0,2.0,1.0,0.0,1.0,0.0,0.0,0.0,1.0,0.0,10.0,0.0,3.0,7.0,9.0,4427650525.0,11314799.0,崇左市江州区,崇左市江州区太平街道,19.0,28.0,20.0,7.800000000000001,74.8,42.07272727272727,33.87435897435897,38.14581005586592
广西壮族自治区,崇左市,江州区,江南街道,107.3430776,22.410612,0.0,27.0,27.0,17.0,61.0,44.0,0.0,1.0,2.0,1.0,1.0,1.0,1.0,1.0,8.0,10.0,2.0,0.0,0.0,2.0,16.0,3.0,7.0,1.0,0.0,4.0,24.0,0.0,1.0,2.0,0.0,24.0,1.0,6.0,11.0,12.0,0.0,0.0,12.0,9.0,23.0,9.0,0.0,0.0,0.0,0.0,0.0,1.0,0.0,0.0,3.0,3.0,1.0,0.0,0.0,2.0,11.0,1.0,0.0,1.0,0.0,2.0,8.0,0.0,0.0,0.0,0.0,6.0,1.0,6.0,7.0,9.0,7724284121.0,11314800.0,崇左市江州区,崇左市江州区江南街道,19.0,30.0,17.0,7.4,73.4,42.07272727272727,33.87435897435897,38.14581005586592
广西壮族自治区,崇左市,江州区,石景林街道,107.3771095,22.3785515,4.0,31.0,50.0,30.0,76.0,55.0,0.0,19.0,2.0,9.0,1.0,12.0,2.0,3.0,9.0,12.0,1.0,0.0,0.0,1.0,51.0,6.0,3.0,1.0,0.0,4.0,58.0,0.0,2.0,1.0,0.0,111.0,1.0,7.0,18.0,14.0,0.0,12.0,11.0,11.0,23.0,0.0,0.0,0.0,0.0,1.0,0.0,3.0,1.0,2.0,4.0,4.0,1.0,0.0,0.0,1.0,20.0,2.0,0.0,1.0,0.0,1.0,5.0,0.0,0.0,1.0,0.0,7.0,0.0,0.0,5.0,7.0,7724238441.0,11314801.0,崇左市江州区,崇左市江州区石景林街道,19.0,30.0,21.0,10.5,80.5,42.07272727272727,33.87435897435897,38.14581005586592
广西壮族自治区,崇左市,江州区,新和镇,107.2170352,22.5621347,3.0,0.0,3.0,7.0,22.0,20.0,0.0,5.0,0.0,0.0,0.0,0.0,0.0,0.0,0.0,0.0,0.0,0.0,0.0,0.0,16.0,0.0,1.0,0.0,0.0,7.0,0.0,0.0,0.0,2.0,0.0,0.0,1.0,4.0,11.0,7.0,1.0,0.0,1.0,3.0,13.0,2.0,0.0,0.0,0.0,0.0,0.0,0.0,0.0,0.0,0.0,0.0,0.0,0.0,0.0,0.0,3.0,0.0,0.0,0.0,0.0,1.0,0.0,0.0,0.0,0.0,0.0,0.0,0.0,4.0,8.0,4.0,369504532.0,11314798.0,崇左市江州区,崇左市江州区新和镇,20.0,22.3,0.0,3.7,46.0,42.07272727272727,33.87435897435897,38.14581005586592
广西壮族自治区,崇左市,江州区,濑湍镇,107.4984612,22.4469393,2.0,0.0,0.0,17.0,2.0,1.0,0.0,0.0,1.0,0.0,0.0,0.0,0.0,0.0,0.0,0.0,0.0,0.0,0.0,0.0,0.0,0.0,2.0,0.0,0.0,1.0,6.0,0.0,0.0,3.0,0.0,0.0,0.0,4.0,4.0,1.0,0.0,0.0,0.0,6.0,2.0,0.0,0.0,0.0,1.0,0.0,0.0,0.0,0.0,0.0,0.0,0.0,0.0,0.0,0.0,0.0,0.0,0.0,0.0,0.0,0.0,1.0,3.0,0.0,0.0,1.0,0.0,0.0,0.0,3.0,2.0,0.0,1577103505.0,-1.0,崇左市江州区,崇左市江州区濑湍镇,8.0,15.0,0.0,1.8,24.8,42.07272727272727,33.87435897435897,38.14581005586592
广西壮族自治区,崇左市,江州区,江州镇,107.3820278,22.3253122,0.0,3.0,0.0,4.0,34.0,1.0,0.0,0.0,0.0,0.0,0.0,0.0,0.0,0.0,0.0,0.0,0.0,0.0,0.0,0.0,10.0,0.0,6.0,0.0,0.0,5.0,0.0,0.0,0.0,0.0,0.0,0.0,0.0,1.0,5.0,6.0,0.0,3.0,0.0,3.0,26.0,0.0,0.0,0.0,0.0,0.0,0.0,0.0,0.0,0.0,0.0,0.0,0.0,0.0,0.0,0.0,4.0,0.0,0.0,0.0,0.0,1.0,0.0,0.0,0.0,0.0,0.0,0.0,0.0,1.0,4.0,2.0,3633792219.0,-1.0,崇左市江州区,崇左市江州区江州镇,12.0,22.5,0.0,3.0,37.5,42.07272727272727,33.87435897435897,38.14581005586592
广西壮族自治区,崇左市,江州区,左州镇,107.496944,22.688611,0.0,5.0,1.0,4.0,7.0,0.0,0.0,0.0,0.0,0.0,0.0,0.0,0.0,0.0,0.0,0.0,0.0,0.0,0.0,0.0,5.0,0.0,0.0,0.0,0.0,1.0,0.0,0.0,0.0,0.0,0.0,0.0,0.0,1.0,4.0,2.0,0.0,3.0,1.0,4.0,7.0,0.0,0.0,0.0,0.0,0.0,0.0,0.0,0.0,0.0,0.0,0.0,0.0,0.0,0.0,0.0,1.0,0.0,0.0,0.0,0.0,1.0,0.0,0.0,0.0,0.0,0.0,0.0,0.0,1.0,4.0,2.0,4427905897.0,-1.0,崇左市江州区,崇左市江州区左州镇,8.0,14.5,0.0,1.0,23.5,42.07272727272727,33.87435897435897,38.14581005586592
广西壮族自治区,崇左市,江州区,那隆镇,107.545,22.760556,0.0,0.0,1.0,0.0,0.0,0.0,0.0,0.0,0.0,0.0,0.0,0.0,0.0,0.0,0.0,0.0,0.0,0.0,0.0,0.0,0.0,0.0,0.0,0.0,0.0,1.0,0.0,0.0,0.0,0.0,0.0,0.0,0.0,1.0,1.0,0.0,0.0,0.0,1.0,0.0,0.0,0.0,0.0,0.0,0.0,0.0,0.0,0.0,0.0,0.0,0.0,0.0,0.0,0.0,0.0,0.0,0.0,0.0,0.0,0.0,0.0,1.0,0.0,0.0,0.0,0.0,0.0,0.0,0.0,1.0,1.0,0.0,4427905895.0,-1.0,崇左市江州区,崇左市江州区那隆镇,8.0,5.5,0.0,0.0,13.5,42.07272727272727,33.87435897435897,38.14581005586592
广西壮族自治区,崇左市,江州区,驮卢镇,107.6393236,22.6594066,0.0,16.0,2.0,2.0,13.0,0.0,0.0,0.0,0.0,0.0,0.0,0.0,0.0,0.0,0.0,0.0,0.0,0.0,0.0,0.0,0.0,0.0,0.0,0.0,0.0,1.0,0.0,0.0,0.0,1.0,0.0,2.0,0.0,4.0,6.0,4.0,0.0,14.0,0.0,1.0,12.0,0.0,0.0,0.0,0.0,0.0,0.0,0.0,0.0,0.0,0.0,0.0,0.0,0.0,0.0,0.0,0.0,0.0,0.0,0.0,0.0,1.0,0.0,0.0,0.0,1.0,0.0,2.0,0.0,3.0,5.0,4.0,4427905896.0,-1.0,崇左市江州区,崇左市江州区驮卢镇,8.0,16.2,0.0,2.2,26.4,42.07272727272727,33.87435897435897,38.14581005586592
广西壮族自治区,崇左市,江州区,罗白乡,107.5220911,22.3267402,0.0,5.0,3.0,6.0,18.0,1.0,0.0,0.0,0.0,0.0,1.0,0.0,0.0,0.0,0.0,0.0,0.0,0.0,0.0,0.0,8.0,0.0,1.0,0.0,0.0,2.0,0.0,0.0,0.0,2.0,0.0,0.0,0.0,1.0,9.0,5.0,0.0,3.0,3.0,4.0,13.0,0.0,0.0,0.0,0.0,0.0,0.0,0.0,0.0,0.0,0.0,0.0,0.0,0.0,0.0,0.0,4.0,0.0,1.0,0.0,0.0,1.0,0.0,0.0,0.0,1.0,0.0,0.0,0.0,1.0,6.0,4.0,369504948.0,-1.0,崇左市江州区,崇左市江州区罗白乡,9.0,23.5,0.0,2.8,35.3,42.07272727272727,33.87435897435897,38.14581005586592
广西壮族自治区,崇左市,江州区,板利乡,107.5297187,22.2353181,3.0,2.0,2.0,0.0,7.0,0.0,0.0,0.0,0.0,0.0,0.0,0.0,0.0,0.0,0.0,0.0,0.0,0.0,0.0,1.0,4.0,0.0,1.0,0.0,0.0,5.0,0.0,0.0,0.0,4.0,0.0,0.0,1.0,4.0,5.0,7.0,1.0,2.0,2.0,0.0,4.0,0.0,0.0,0.0,0.0,0.0,0.0,0.0,0.0,0.0,0.0,0.0,0.0,0.0,0.0,1.0,1.0,0.0,0.0,0.0,0.0,1.0,0.0,0.0,0.0,1.0,0.0,0.0,1.0,2.0,5.0,3.0,369504091.0,-1.0,崇左市江州区,崇左市江州区板利乡,12.0,10.1,1.0,4.0,27.1,42.07272727272727,33.87435897435897,38.14581005586592
广西壮族自治区,崇左市,扶绥县,新宁镇,107.9090302,22.6339539,8.0,18.0,15.0,23.0,106.0,11.0,0.0,1.0,1.0,0.0,1.0,0.0,0.0,0.0,2.0,3.0,0.0,0.0,0.0,1.0,1.0,0.0,2.0,0.0,0.0,2.0,74.0,0.0,0.0,1.0,0.0,8.0,1.0,7.0,11.0,9.0,0.0,0.0,7.0,9.0,58.0,1.0,0.0,0.0,1.0,0.0,0.0,0.0,0.0,0.0,0.0,0.0,0.0,0.0,0.0,0.0,0.0,0.0,0.0,0.0,0.0,1.0,1.0,0.0,0.0,0.0,0.0,2.0,0.0,3.0,6.0,2.0,1577103489.0,-1.0,崇左市扶绥县,崇左市扶绥县新宁镇,9.0,28.0,0.0,11.600000000000001,48.6,34.07272727272727,33.87435897435897,38.14581005586592
广西壮族自治区,崇左市,扶绥县,渠黎镇,107.8031885,22.5650919,6.0,6.0,6.0,4.0,50.0,5.0,0.0,0.0,3.0,0.0,0.0,0.0,0.0,0.0,1.0,1.0,0.0,0.0,0.0,0.0,8.0,0.0,19.0,0.0,3.0,5.0,34.0,0.0,0.0,2.0,0.0,0.0,0.0,6.0,13.0,10.0,1.0,0.0,1.0,1.0,15.0,0.0,0.0,0.0,0.0,0.0,0.0,0.0,0.0,0.0,0.0,0.0,0.0,0.0,0.0,0.0,1.0,0.0,1.0,0.0,0.0,1.0,1.0,0.0,0.0,0.0,0.0,0.0,0.0,4.0,5.0,4.0,369504868.0,-1.0,崇左市扶绥县,崇左市扶绥县渠黎镇,12.0,26.0,0.0,7.7,45.7,34.07272727272727,33.87435897435897,38.14581005586592
广西壮族自治区,崇左市,扶绥县,渠旧镇,107.5728072,22.5172345,3.0,0.0,0.0,1.0,4.0,0.0,0.0,0.0,1.0,0.0,0.0,0.0,0.0,0.0,0.0,0.0,0.0,0.0,0.0,0.0,1.0,0.0,1.0,0.0,0.0,2.0,1.0,0.0,0.0,0.0,0.0,0.0,0.0,8.0,3.0,4.0,2.0,0.0,0.0,0.0,1.0,0.0,0.0,0.0,1.0,0.0,0.0,0.0,0.0,0.0,0.0,0.0,0.0,0.0,0.0,0.0,1.0,0.0,0.0,0.0,0.0,1.0,0.0,0.0,0.0,0.0,0.0,0.0,0.0,6.0,2.0,3.0,1577103527.0,-1.0,崇左市扶绥县,崇左市扶绥县渠旧镇,9.0,10.6,0.0,2.1,21.700000000000003,34.07272727272727,33.87435897435897,38.14581005586592
广西壮族自治区,崇左市,扶绥县,柳桥镇,107.6451172,22.2620668,3.0,0.0,0.0,3.0,2.0,0.0,0.0,0.0,0.0,0.0,0.0,0.0,0.0,0.0,0.0,0.0,0.0,0.0,0.0,0.0,3.0,0.0,0.0,0.0,0.0,5.0,0.0,0.0,0.0,0.0,0.0,0.0,0.0,1.0,3.0,4.0,3.0,0.0,0.0,3.0,2.0,0.0,0.0,0.0,0.0,0.0,0.0,0.0,0.0,0.0,0.0,0.0,0.0,0.0,0.0,0.0,2.0,0.0,0.0,0.0,0.0,1.0,0.0,0.0,0.0,0.0,0.0,0.0,0.0,1.0,3.0,3.0,3145037538.0,-1.0,崇左市扶绥县,崇左市扶绥县柳桥镇,12.0,10.5,0.0,2.0,24.5,34.07272727272727,33.87435897435897,38.14581005586592
广西壮族自治区,崇左市,扶绥县,东门镇,107.8365025,22.3379135,3.0,0.0,4.0,8.0,19.0,7.0,0.0,0.0,0.0,0.0,1.0,0.0,0.0,0.0,0.0,0.0,0.0,0.0,0.0,0.0,5.0,0.0,5.0,0.0,0.0,3.0,4.0,0.0,0.0,1.0,0.0,0.0,0.0,1.0,7.0,5.0,1.0,0.0,2.0,3.0,11.0,4.0,0.0,0.0,0.0,0.0,1.0,0.0,0.0,0.0,0.0,0.0,0.0,0.0,0.0,0.0,1.0,0.0,4.0,0.0,0.0,1.0,0.0,0.0,0.0,1.0,0.0,0.0,0.0,1.0,5.0,4.0,369504911.0,-1.0,崇左市扶绥县,崇左市扶绥县东门镇,10.0,22.6,0.0,3.1,35.7,34.07272727272727,33.87435897435897,38.14581005586592
广西壮族自治区,崇左市,扶绥县,山圩镇,107.9849116,22.4517138,3.0,0.0,0.0,1.0,26.0,2.0,0.0,0.0,0.0,0.0,0.0,0.0,0.0,0.0,0.0,0.0,0.0,0.0,0.0,0.0,7.0,0.0,1.0,0.0,0.0,4.0,8.0,0.0,0.0,0.0,0.0,0.0,0.0,1.0,6.0,4.0,3.0,0.0,0.0,1.0,16.0,0.0,0.0,0.0,0.0,0.0,0.0,0.0,0.0,0.0,0.0,0.0,0.0,0.0,0.0,0.0,1.0,0.0,0.0,0.0,0.0,1.0,0.0,0.0,0.0,0.0,0.0,0.0,0.0,1.0,5.0,3.0,369504843.0,-1.0,崇左市扶绥县,崇左市扶绥县山圩镇,11.0,19.0,0.0,2.8,32.8,34.07272727272727,33.87435897435897,38.14581005586592
广西壮族自治区,崇左市,扶绥县,中东镇,107.8355667,22.83118,0.0,5.0,0.0,3.0,19.0,0.0,0.0,0.0,0.0,0.0,0.0,0.0,0.0,0.0,1.0,1.0,0.0,0.0,0.0,0.0,7.0,0.0,2.0,0.0,0.0,2.0,0.0,0.0,0.0,0.0,0.0,0.0,0.0,2.0,4.0,4.0,0.0,3.0,0.0,3.0,19.0,0.0,0.0,0.0,0.0,0.0,0.0,0.0,0.0,0.0,1.0,1.0,0.0,0.0,0.0,0.0,1.0,0.0,0.0,0.0,0.0,1.0,0.0,0.0,0.0,0.0,0.0,0.0,0.0,2.0,4.0,3.0,2885774683.0,-1.0,崇左市扶绥县,崇左市扶绥县中东镇,9.0,19.5,5.0,2.0,35.5,34.07272727272727,33.87435897435897,38.14581005586592
广西壮族自治区,崇左市,扶绥县,东罗镇,107.6635322,22.4058543,0.0,0.0,2.0,3.0,10.0,2.0,0.0,0.0,0.0,0.0,0.0,0.0,0.0,0.0,0.0,0.0,0.0,0.0,0.0,0.0,8.0,0.0,4.0,0.0,0.0,2.0,0.0,0.0,0.0,0.0,0.0,0.0,0.0,5.0,6.0,7.0,0.0,0.0,2.0,1.0,6.0,2.0,0.0,0.0,0.0,0.0,0.0,0.0,0.0,0.0,0.0,0.0,0.0,0.0,0.0,0.0,3.0,0.0,1.0,0.0,0.0,1.0,0.0,0.0,0.0,0.0,0.0,0.0,0.0,2.0,6.0,5.0,369504884.0,-1.0,崇左市扶绥县,崇左市扶绥县东罗镇,9.0,14.8,0.0,3.5,27.3,34.07272727272727,33.87435897435897,38.14581005586592
广西壮族自治区,崇左市,扶绥县,龙头乡,107.9565626,22.6979248,0.0,1.0,1.0,6.0,7.0,5.0,0.0,3.0,0.0,0.0,1.0,0.0,0.0,0.0,0.0,0.0,0.0,0.0,0.0,0.0,0.0,0.0,1.0,0.0,0.0,1.0,0.0,0.0,0.0,1.0,0.0,2.0,0.0,3.0,6.0,6.0,0.0,1.0,0.0,3.0,7.0,5.0,0.0,3.0,0.0,0.0,1.0,0.0,0.0,0.0,0.0,0.0,0.0,0.0,0.0,0.0,0.0,0.0,0.0,0.0,0.0,1.0,0.0,0.0,0.0,0.0,0.0,1.0,0.0,3.0,5.0,4.0,7726669362.0,-1.0,崇左市扶绥县,崇左市扶绥县龙头乡,8.0,18.5,0.0,3.1,29.6,34.07272727272727,33.87435897435897,38.14581005586592
广西壮族自治区,崇左市,扶绥县,岜盆乡,107.8687911,22.521251,0.0,0.0,8.0,6.0,35.0,0.0,0.0,0.0,0.0,0.0,0.0,0.0,0.0,0.0,0.0,0.0,0.0,0.0,0.0,0.0,14.0,0.0,0.0,0.0,0.0,3.0,0.0,0.0,0.0,0.0,0.0,0.0,1.0,1.0,4.0,5.0,0.0,0.0,7.0,2.0,35.0,0.0,0.0,0.0,0.0,0.0,0.0,0.0,0.0,0.0,0.0,0.0,0.0,0.0,0.0,0.0,3.0,0.0,0.0,0.0,0.0,1.0,0.0,0.0,0.0,0.0,0.0,0.0,0.0,1.0,4.0,2.0,4427980837.0,-1.0,崇左市扶绥县,崇左市扶绥县岜盆乡,10.0,22.0,0.0,2.5,34.5,34.07272727272727,33.87435897435897,38.14581005586592
广西壮族自治区,崇左市,扶绥县,昌平乡,107.8954411,22.7104519,0.0,1.0,0.0,4.0,20.0,4.0,0.0,0.0,0.0,0.0,0.0,0.0,0.0,0.0,1.0,1.0,0.0,0.0,0.0,0.0,3.0,0.0,1.0,0.0,0.0,3.0,0.0,0.0,0.0,0.0,0.0,0.0,0.0,1.0,6.0,5.0,0.0,1.0,0.0,3.0,18.0,4.0,0.0,0.0,0.0,0.0,0.0,0.0,0.0,0.0,1.0,1.0,0.0,0.0,0.0,0.0,1.0,0.0,0.0,0.0,0.0,1.0,0.0,0.0,0.0,0.0,0.0,0.0,0.0,1.0,6.0,2.0,2885774682.0,-1.0,崇左市扶绥县,崇左市扶绥县昌平乡,10.0,21.4,5.0,2.5,38.9,34.07272727272727,33.87435897435897,38.14581005586592
广西壮族自治区,崇左市,宁明县,城中镇,107.0765218,22.1355944,5.0,12.0,6.0,14.0,153.0,0.0,0.0,2.0,0.0,0.0,0.0,0.0,0.0,0.0,2.0,2.0,0.0,0.0,0.0,1.0,4.0,0.0,2.0,0.0,0.0,2.0,22.0,0.0,0.0,1.0,0.0,4.0,1.0,3.0,9.0,9.0,0.0,7.0,3.0,2.0,42.0,0.0,0.0,0.0,0.0,0.0,0.0,0.0,0.0,0.0,0.0,0.0,0.0,0.0,0.0,0.0,2.0,0.0,0.0,0.0,0.0,2.0,2.0,0.0,0.0,0.0,0.0,1.0,0.0,3.0,4.0,4.0,244081317.0,-1.0,崇左市宁明县,崇左市宁明县城中镇,9.0,24.0,0.0,6.5,39.5,33.76923076923077,33.87435897435897,38.14581005586592
广西壮族自治区,崇左市,宁明县,爱店镇,107.0292172,21.8205962,2.0,11.0,0.0,6.0,85.0,57.0,0.0,38.0,0.0,0.0,2.0,0.0,0.0,0.0,2.0,2.0,0.0,0.0,0.0,0.0,1.0,0.0,1.0,0.0,0.0,5.0,51.0,0.0,0.0,1.0,0.0,1.0,0.0,13.0,14.0,7.0,2.0,5.0,0.0,3.0,45.0,12.0,0.0,5.0,0.0,0.0,1.0,0.0,0.0,0.0,1.0,1.0,0.0,0.0,0.0,0.0,1.0,0.0,0.0,0.0,0.0,2.0,28.0,0.0,0.0,1.0,0.0,1.0,0.0,13.0,9.0,4.0,622272695.0,-1.0,崇左市宁明县,崇左市宁明县爱店镇,12.0,26.0,5.0,11.6,54.6,33.76923076923077,33.87435897435897,38.14581005586592
广西壮族自治区,崇左市,宁明县,明江镇,107.1318268,22.116189,2.0,3.0,3.0,1.0,24.0,21.0,0.0,0.0,0.0,0.0,0.0,0.0,0.0,0.0,0.0,0.0,0.0,0.0,0.0,0.0,1.0,0.0,0.0,0.0,0.0,2.0,2.0,0.0,0.0,0.0,0.0,18.0,0.0,2.0,9.0,7.0,1.0,0.0,2.0,1.0,8.0,3.0,0.0,0.0,0.0,0.0,0.0,0.0,0.0,0.0,0.0,0.0,0.0,0.0,0.0,0.0,1.0,0.0,0.0,0.0,0.0,1.0,1.0,0.0,0.0,0.0,0.0,8.0,0.0,1.0,6.0,4.0,2984267143.0,-1.0,崇左市宁明县,崇左市宁明县明江镇,9.0,17.200000000000003,0.0,3.8,30.000000000000004,33.76923076923077,33.87435897435897,38.14581005586592
广西壮族自治区,崇左市,宁明县,海渊镇,107.4370194,22.1148253,0.0,0.0,5.0,3.0,38.0,5.0,0.0,0.0,0.0,0.0,0.0,0.0,0.0,0.0,0.0,0.0,0.0,0.0,0.0,0.0,8.0,0.0,2.0,0.0,0.0,6.0,0.0,0.0,0.0,1.0,0.0,0.0,0.0,3.0,7.0,6.0,0.0,0.0,2.0,0.0,22.0,0.0,0.0,0.0,0.0,0.0,0.0,0.0,0.0,0.0,0.0,0.0,0.0,0.0,0.0,0.0,1.0,0.0,0.0,0.0,0.0,1.0,0.0,0.0,0.0,0.0,0.0,0.0,0.0,2.0,3.0,3.0,3633787588.0,-1.0,崇左市宁明县,崇左市宁明县海渊镇,12.0,23.5,0.0,3.1,38.6,33.76923076923077,33.87435897435897,38.14581005586592
广西壮族自治区,崇左市,宁明县,桐棉镇,107.3047896,21.8161435,0.0,9.0,2.0,1.0,31.0,13.0,0.0,0.0,0.0,0.0,0.0,2.0,0.0,0.0,2.0,2.0,1.0,0.0,0.0,0.0,18.0,1.0,0.0,0.0,0.0,10.0,0.0,0.0,0.0,0.0,0.0,0.0,0.0,1.0,8.0,6.0,0.0,6.0,0.0,1.0,21.0,8.0,0.0,0.0,0.0,0.0,0.0,1.0,0.0,0.0,2.0,2.0,1.0,0.0,0.0,0.0,7.0,1.0,0.0,0.0,0.0,2.0,0.0,0.0,0.0,0.0,0.0,0.0,0.0,1.0,5.0,6.0,4683279194.0,-1.0,崇左市宁明县,崇左市宁明县桐棉镇,12.0,22.5,15.0,3.0,52.5,33.76923076923077,33.87435897435897,38.14581005586592
广西壮族自治区,崇左市,宁明县,那堪镇,107.600461,22.08026,0.0,0.0,5.0,4.0,13.0,0.0,0.0,0.0,0.0,0.0,0.0,0.0,0.0,0.0,0.0,0.0,0.0,0.0,0.0,0.0,4.0,0.0,0.0,0.0,0.0,1.0,0.0,0.0,0.0,0.0,0.0,0.0,0.0,2.0,4.0,3.0,0.0,0.0,3.0,1.0,10.0,0.0,0.0,0.0,0.0,0.0,0.0,0.0,0.0,0.0,0.0,0.0,0.0,0.0,0.0,0.0,2.0,0.0,0.0,0.0,0.0,1.0,0.0,0.0,0.0,0.0,0.0,0.0,0.0,2.0,3.0,3.0,2530962872.0,-1.0,崇左市宁明县,崇左市宁明县那堪镇,8.0,16.6,0.0,1.5,26.1,33.76923076923077,33.87435897435897,38.14581005586592
广西壮族自治区,崇左市,宁明县,亭亮镇,107.1849212,22.2185074,0.0,2.0,1.0,0.0,18.0,0.0,0.0,0.0,1.0,0.0,0.0,0.0,0.0,0.0,0.0,0.0,0.0,0.0,0.0,0.0,4.0,0.0,0.0,0.0,0.0,6.0,0.0,0.0,0.0,0.0,0.0,0.0,0.0,3.0,5.0,6.0,0.0,2.0,1.0,0.0,11.0,0.0,0.0,0.0,1.0,0.0,0.0,0.0,0.0,0.0,0.0,0.0,0.0,0.0,0.0,0.0,2.0,0.0,0.0,0.0,0.0,1.0,0.0,0.0,0.0,0.0,0.0,0.0,0.0,3.0,4.0,2.0,1577103540.0,-1.0,崇左市宁明县,崇左市宁明县亭亮镇,12.0,16.4,0.0,3.0,31.4,33.76923076923077,33.87435897435897,38.14581005586592
广西壮族自治区,崇左市,宁明县,寨安乡,107.0624266,22.0893063,1.0,3.0,1.0,5.0,13.0,0.0,0.0,0.0,0.0,0.0,0.0,0.0,0.0,0.0,1.0,1.0,0.0,0.0,0.0,0.0,4.0,0.0,2.0,0.0,0.0,6.0,0.0,0.0,0.0,0.0,0.0,0.0,0.0,1.0,7.0,4.0,0.0,1.0,0.0,2.0,1.0,0.0,0.0,0.0,0.0,0.0,0.0,0.0,0.0,0.0,0.0,0.0,0.0,0.0,0.0,0.0,1.0,0.0,0.0,0.0,0.0,1.0,0.0,0.0,0.0,0.0,0.0,0.0,0.0,1.0,3.0,1.0,2984267144.0,-1.0,崇左市宁明县,崇左市宁明县寨安乡,12.0,16.4,0.0,2.0,30.4,33.76923076923077,33.87435897435897,38.14581005586592
广西壮族自治区,崇左市,宁明县,峙浪乡,107.1056059,21.8837857,6.0,3.0,3.0,5.0,30.0,2.0,0.0,0.0,0.0,0.0,0.0,0.0,0.0,0.0,0.0,0.0,0.0,0.0,0.0,0.0,10.0,0.0,0.0,0.0,0.0,3.0,0.0,0.0,0.0,0.0,0.0,0.0,0.0,2.0,10.0,4.0,0.0,3.0,1.0,5.0,4.0,0.0,0.0,0.0,0.0,0.0,0.0,0.0,0.0,0.0,0.0,0.0,0.0,0.0,0.0,0.0,6.0,0.0,0.0,0.0,0.0,1.0,0.0,0.0,0.0,0.0,0.0,0.0,0.0,1.0,7.0,4.0,2883999686.0,-1.0,崇左市宁明县,崇左市宁明县峙浪乡,10.0,21.2,0.0,2.0,33.2,33.76923076923077,33.87435897435897,38.14581005586592
广西壮族自治区,崇左市,宁明县,东安乡,107.2019134,22.1181185,1.0,0.0,3.0,0.0,14.0,0.0,0.0,0.0,0.0,0.0,0.0,0.0,0.0,0.0,0.0,0.0,0.0,0.0,0.0,0.0,2.0,0.0,0.0,0.0,0.0,1.0,0.0,0.0,0.0,1.0,0.0,0.0,0.0,2.0,7.0,5.0,0.0,0.0,1.0,0.0,4.0,0.0,0.0,0.0,0.0,0.0,0.0,0.0,0.0,0.0,0.0,0.0,0.0,0.0,0.0,0.0,2.0,0.0,0.0,0.0,0.0,1.0,0.0,0.0,0.0,0.0,0.0,0.0,0.0,2.0,3.0,4.0,2984267142.0,-1.0,崇左市宁明县,崇左市宁明县东安乡,8.0,12.5,0.0,2.6,23.1,33.76923076923077,33.87435897435897,38.14581005586592
广西壮族自治区,崇左市,宁明县,板棍乡,107.3551966,22.0744734,0.0,0.0,1.0,1.0,4.0,0.0,0.0,0.0,0.0,0.0,0.0,0.0,0.0,0.0,0.0,0.0,0.0,0.0,0.0,0.0,2.0,0.0,0.0,0.0,0.0,3.0,0.0,0.0,0.0,0.0,0.0,0.0,0.0,2.0,4.0,3.0,0.0,0.0,1.0,1.0,3.0,0.0,0.0,0.0,0.0,0.0,0.0,0.0,0.0,0.0,0.0,0.0,0.0,0.0,0.0,0.0,2.0,0.0,0.0,0.0,0.0,1.0,0.0,0.0,0.0,0.0,0.0,0.0,0.0,2.0,3.0,3.0,4683332759.0,-1.0,崇左市宁明县,崇左市宁明县板棍乡,10.0,9.7,0.0,1.5,21.2,33.76923076923077,33.87435897435897,38.14581005586592
广西壮族自治区,崇左市,宁明县,北江乡,107.3815861,22.1047856,5.0,3.0,1.0,3.0,12.0,0.0,0.0,0.0,0.0,0.0,0.0,0.0,0.0,0.0,0.0,0.0,0.0,0.0,0.0,0.0,9.0,0.0,3.0,0.0,0.0,5.0,0.0,0.0,0.0,1.0,0.0,1.0,0.0,2.0,6.0,6.0,2.0,3.0,0.0,2.0,11.0,0.0,0.0,0.0,0.0,0.0,0.0,0.0,0.0,0.0,0.0,0.0,0.0,0.0,0.0,0.0,3.0,0.0,3.0,0.0,0.0,1.0,0.0,0.0,0.0,1.0,0.0,1.0,0.0,2.0,5.0,6.0,5121293358.0,-1.0,崇左市宁明县,崇左市宁明县北江乡,12.0,16.7,0.0,3.2,31.9,33.76923076923077,33.87435897435897,38.14581005586592
广西壮族自治区,崇左市,宁明县,那楠乡,107.4297721,21.9094235,0.0,5.0,0.0,3.0,12.0,0.0,0.0,0.0,0.0,0.0,0.0,0.0,0.0,0.0,0.0,0.0,0.0,0.0,0.0,0.0,8.0,0.0,0.0,0.0,0.0,2.0,0.0,0.0,0.0,0.0,0.0,2.0,0.0,1.0,5.0,2.0,0.0,2.0,0.0,1.0,12.0,0.0,0.0,0.0,0.0,0.0,0.0,0.0,0.0,0.0,0.0,0.0,0.0,0.0,0.0,0.0,6.0,0.0,0.0,0.0,0.0,1.0,0.0,0.0,0.0,0.0,0.0,0.0,0.0,1.0,4.0,1.0,4683279195.0,-1.0,崇左市宁明县,崇左市宁明县那楠乡,9.0,16.5,0.0,1.0,26.5,33.76923076923077,33.87435897435897,38.14581005586592
广西壮族自治区,崇左市,龙州县,龙州镇,106.8598751,22.330531,8.0,3.0,22.0,22.0,81.0,3.0,0.0,1.0,2.0,0.0,0.0,0.0,0.0,0.0,1.0,1.0,0.0,0.0,0.0,2.0,5.0,0.0,1.0,0.0,0.0,6.0,5.0,0.0,0.0,1.0,0.0,2.0,5.0,7.0,10.0,8.0,4.0,0.0,1.0,0.0,12.0,0.0,0.0,0.0,0.0,0.0,0.0,0.0,0.0,0.0,0.0,0.0,0.0,0.0,0.0,0.0,3.0,0.0,0.0,0.0,0.0,2.0,0.0,0.0,0.0,0.0,0.0,0.0,0.0,3.0,4.0,3.0,369490823.0,-1.0,崇左市龙州县,崇左市龙州县龙州镇,12.0,26.0,0.0,4.6,42.6,29.016666666666666,33.87435897435897,38.14581005586592
广西壮族自治区,崇左市,龙州县,下冻镇,106.7009896,22.3952795,2.0,0.0,10.0,3.0,13.0,0.0,0.0,0.0,0.0,0.0,0.0,0.0,0.0,0.0,0.0,0.0,0.0,0.0,0.0,0.0,1.0,0.0,0.0,0.0,0.0,1.0,0.0,0.0,0.0,0.0,0.0,0.0,0.0,4.0,6.0,5.0,0.0,0.0,4.0,3.0,13.0,0.0,0.0,0.0,0.0,0.0,0.0,0.0,0.0,0.0,0.0,0.0,0.0,0.0,0.0,0.0,1.0,0.0,0.0,0.0,0.0,1.0,0.0,0.0,0.0,0.0,0.0,0.0,0.0,2.0,5.0,4.0,4427274288.0,-1.0,崇左市龙州县,崇左市龙州县下冻镇,8.0,17.5,0.0,2.5,28.0,29.016666666666666,33.87435897435897,38.14581005586592
广西壮族自治区,崇左市,龙州县,水口镇,106.5873737,22.4686115,18.0,11.0,6.0,15.0,124.0,65.0,0.0,5.0,5.0,8.0,1.0,0.0,0.0,0.0,0.0,0.0,0.0,0.0,0.0,1.0,7.0,0.0,2.0,0.0,0.0,3.0,18.0,0.0,0.0,0.0,0.0,0.0,3.0,15.0,14.0,8.0,11.0,0.0,0.0,2.0,41.0,7.0,0.0,1.0,2.0,2.0,0.0,0.0,0.0,0.0,0.0,0.0,0.0,0.0,0.0,0.0,5.0,0.0,1.0,0.0,0.0,1.0,14.0,0.0,0.0,0.0,0.0,0.0,1.0,14.0,8.0,5.0,369495286.0,-1.0,崇左市龙州县,崇左市龙州县水口镇,10.0,30.0,0.0,7.2,47.2,29.016666666666666,33.87435897435897,38.14581005586592
广西壮族自治区,崇左市,龙州县,金龙镇,106.8195752,22.6508219,0.0,0.0,2.0,6.0,1.0,0.0,0.0,0.0,0.0,0.0,0.0,0.0,0.0,0.0,0.0,0.0,0.0,0.0,0.0,0.0,1.0,0.0,0.0,0.0,0.0,1.0,0.0,0.0,0.0,0.0,0.0,0.0,0.0,1.0,3.0,4.0,0.0,0.0,1.0,6.0,1.0,0.0,0.0,0.0,0.0,0.0,0.0,0.0,0.0,0.0,0.0,0.0,0.0,0.0,0.0,0.0,1.0,0.0,0.0,0.0,0.0,1.0,0.0,0.0,0.0,0.0,0.0,0.0,0.0,1.0,3.0,2.0,369504403.0,-1.0,崇左市龙州县,崇左市龙州县金龙镇,8.0,12.0,0.0,2.0,22.0,29.016666666666666,33.87435897435897,38.14581005586592
广西壮族自治区,崇左市,龙州县,响水镇,107.1059773,22.443434,0.0,7.0,3.0,1.0,13.0,0.0,0.0,0.0,0.0,0.0,0.0,0.0,0.0,0.0,0.0,0.0,0.0,0.0,0.0,0.0,3.0,0.0,0.0,0.0,0.0,4.0,1.0,0.0,0.0,0.0,0.0,0.0,0.0,1.0,7.0,3.0,0.0,3.0,3.0,1.0,9.0,0.0,0.0,0.0,0.0,0.0,0.0,0.0,0.0,0.0,0.0,0.0,0.0,0.0,0.0,0.0,1.0,0.0,0.0,0.0,0.0,1.0,0.0,0.0,0.0,0.0,0.0,0.0,0.0,1.0,6.0,2.0,4683687955.0,-1.0,崇左市龙州县,崇左市龙州县响水镇,11.0,14.8,0.0,1.6,27.400000000000002,29.016666666666666,33.87435897435897,38.14581005586592
广西壮族自治区,崇左市,龙州县,八角乡,106.8909951,22.2137094,1.0,0.0,3.0,4.0,1.0,0.0,0.0,0.0,0.0,0.0,0.0,0.0,0.0,0.0,0.0,0.0,0.0,0.0,0.0,0.0,11.0,0.0,0.0,0.0,0.0,2.0,0.0,0.0,0.0,0.0,0.0,0.0,0.0,1.0,4.0,3.0,0.0,0.0,2.0,1.0,1.0,0.0,0.0,0.0,0.0,0.0,0.0,0.0,0.0,0.0,0.0,0.0,0.0,0.0,0.0,0.0,1.0,0.0,0.0,0.0,0.0,1.0,0.0,0.0,0.0,0.0,0.0,0.0,0.0,1.0,3.0,2.0,2531874095.0,-1.0,崇左市龙州县,崇左市龙州县八角乡,9.0,11.5,0.0,1.5,22.0,29.016666666666666,33.87435897435897,38.14581005586592
广西壮族自治区,崇左市,龙州县,上降乡,106.8423004,22.1764784,3.0,1.0,6.0,1.0,6.0,0.0,0.0,0.0,0.0,0.0,0.0,0.0,0.0,0.0,0.0,0.0,0.0,0.0,0.0,0.0,2.0,0.0,0.0,0.0,0.0,3.0,0.0,0.0,0.0,0.0,0.0,0.0,0.0,4.0,6.0,4.0,2.0,0.0,2.0,1.0,5.0,0.0,0.0,0.0,0.0,0.0,0.0,0.0,0.0,0.0,0.0,0.0,0.0,0.0,0.0,0.0,1.0,0.0,0.0,0.0,0.0,1.0,0.0,0.0,0.0,0.0,0.0,0.0,0.0,1.0,4.0,4.0,2531874096.0,-1.0,崇左市龙州县,崇左市龙州县上降乡,10.0,11.7,0.0,2.0,23.7,29.016666666666666,33.87435897435897,38.14581005586592
广西壮族自治区,崇左市,龙州县,彬桥乡,106.7773135,22.3008811,0.0,0.0,7.0,3.0,4.0,0.0,0.0,0.0,0.0,0.0,0.0,0.0,0.0,0.0,0.0,0.0,0.0,0.0,0.0,0.0,6.0,0.0,0.0,0.0,0.0,2.0,0.0,0.0,0.0,0.0,0.0,0.0,0.0,3.0,5.0,4.0,0.0,0.0,3.0,1.0,2.0,0.0,0.0,0.0,0.0,0.0,0.0,0.0,0.0,0.0,0.0,0.0,0.0,0.0,0.0,0.0,2.0,0.0,0.0,0.0,0.0,1.0,0.0,0.0,0.0,0.0,0.0,0.0,0.0,1.0,5.0,3.0,4427280371.0,-1.0,崇左市龙州县,崇左市龙州县彬桥乡,9.0,11.9,0.0,2.0,22.9,29.016666666666666,33.87435897435897,38.14581005586592
广西壮族自治区,崇左市,龙州县,上龙乡,106.8515015,22.4199095,1.0,0.0,0.0,0.0,9.0,0.0,0.0,0.0,0.0,0.0,0.0,0.0,0.0,0.0,0.0,0.0,0.0,0.0,0.0,0.0,2.0,0.0,0.0,0.0,0.0,3.0,0.0,0.0,0.0,0.0,0.0,0.0,0.0,3.0,4.0,4.0,1.0,0.0,0.0,0.0,6.0,0.0,0.0,0.0,0.0,0.0,0.0,0.0,0.0,0.0,0.0,0.0,0.0,0.0,0.0,0.0,1.0,0.0,0.0,0.0,0.0,1.0,0.0,0.0,0.0,0.0,0.0,0.0,0.0,2.0,4.0,2.0,4427274287.0,-1.0,崇左市龙州县,崇左市龙州县上龙乡,10.0,10.6,0.0,2.0,22.6,29.016666666666666,33.87435897435897,38.14581005586592
广西壮族自治区,崇左市,龙州县,武德乡,106.7274894,22.5769287,2.0,4.0,1.0,4.0,14.0,24.0,0.0,7.0,0.0,0.0,0.0,0.0,0.0,0.0,0.0,0.0,0.0,0.0,0.0,0.0,8.0,0.0,0.0,0.0,0.0,2.0,9.0,0.0,0.0,2.0,0.0,0.0,0.0,12.0,9.0,3.0,1.0,0.0,1.0,0.0,7.0,0.0,0.0,0.0,0.0,0.0,0.0,0.0,0.0,0.0,0.0,0.0,0.0,0.0,0.0,0.0,2.0,0.0,0.0,0.0,0.0,1.0,0.0,0.0,0.0,2.0,0.0,0.0,0.0,2.0,4.0,3.0,2531107012.0,-1.0,崇左市龙州县,崇左市龙州县武德乡,9.0,17.9,0.0,2.8,29.7,29.016666666666666,33.87435897435897,38.14581005586592
广西壮族自治区,崇左市,龙州县,逐卜乡,106.9811429,22.5723565,9.0,4.0,0.0,2.0,13.0,2.0,0.0,0.0,0.0,0.0,0.0,0.0,0.0,0.0,0.0,0.0,0.0,0.0,0.0,1.0,4.0,0.0,0.0,0.0,0.0,5.0,0.0,0.0,0.0,0.0,0.0,0.0,0.0,4.0,11.0,4.0,5.0,2.0,0.0,1.0,8.0,0.0,0.0,0.0,0.0,0.0,0.0,0.0,0.0,0.0,0.0,0.0,0.0,0.0,0.0,1.0,1.0,0.0,0.0,0.0,0.0,1.0,0.0,0.0,0.0,0.0,0.0,0.0,0.0,2.0,6.0,3.0,5121178611.0,-1.0,崇左市龙州县,崇左市龙州县逐卜乡,12.0,16.0,1.0,2.0,31.0,29.016666666666666,33.87435897435897,38.14581005586592
广西壮族自治区,崇左市,龙州县,上金乡,106.9991206,22.3275762,0.0,0.0,10.0,2.0,13.0,1.0,0.0,0.0,0.0,0.0,2.0,0.0,0.0,0.0,0.0,0.0,0.0,0.0,0.0,0.0,4.0,0.0,0.0,0.0,0.0,1.0,0.0,0.0,0.0,0.0,0.0,1.0,0.0,4.0,8.0,5.0,0.0,0.0,7.0,2.0,10.0,0.0,0.0,0.0,0.0,0.0,1.0,0.0,0.0,0.0,0.0,0.0,0.0,0.0,0.0,0.0,4.0,0.0,0.0,0.0,0.0,1.0,0.0,0.0,0.0,0.0,0.0,0.0,0.0,4.0,4.0,3.0,7713555774.0,-1.0,崇左市龙州县,崇左市龙州县上金乡,8.0,18.6,0.0,2.5,29.1,29.016666666666666,33.87435897435897,38.14581005586592
广西壮族自治区,崇左市,大新县,桃城镇,107.1881102,22.8526965,3.0,10.0,20.0,36.0,35.0,48.0,0.0,164.0,9.0,52.0,1.0,6.0,0.0,13.0,4.0,5.0,0.0,1.0,0.0,223.0,33.0,9.0,5.0,2.0,2.0,3.0,489.0,0.0,439.0,3.0,0.0,8.0,17.0,3.0,16.0,16.0,3.0,0.0,5.0,1.0,4.0,0.0,0.0,0.0,1.0,0.0,0.0,0.0,0.0,0.0,0.0,0.0,0.0,0.0,0.0,0.0,2.0,0.0,0.0,0.0,1.0,1.0,2.0,0.0,0.0,0.0,0.0,0.0,0.0,2.0,4.0,4.0,369505275.0,-1.0,崇左市大新县,崇左市大新县桃城镇,10.0,28.2,5.0,20.0,63.2,31.428571428571427,33.87435897435897,38.14581005586592
广西壮族自治区,崇左市,大新县,全茗镇,107.1786759,22.9207484,1.0,0.0,3.0,1.0,13.0,0.0,0.0,0.0,0.0,0.0,0.0,0.0,0.0,0.0,0.0,0.0,0.0,0.0,0.0,0.0,4.0,0.0,0.0,0.0,0.0,1.0,0.0,0.0,0.0,0.0,0.0,0.0,0.0,1.0,6.0,3.0,1.0,0.0,3.0,1.0,13.0,0.0,0.0,0.0,0.0,0.0,0.0,0.0,0.0,0.0,0.0,0.0,0.0,0.0,0.0,0.0,0.0,0.0,0.0,0.0,0.0,1.0,0.0,0.0,0.0,0.0,0.0,0.0,0.0,1.0,5.0,0.0,2645654812.0,-1.0,崇左市大新县,崇左市大新县全茗镇,8.0,15.5,0.0,1.5,25.0,31.428571428571427,33.87435897435897,38.14581005586592
广西壮族自治区,崇左市,大新县,雷平镇,107.0944533,22.6466674,8.0,0.0,5.0,0.0,18.0,1.0,0.0,0.0,0.0,0.0,1.0,0.0,0.0,0.0,0.0,0.0,0.0,0.0,0.0,0.0,3.0,0.0,0.0,0.0,0.0,3.0,1.0,0.0,0.0,0.0,0.0,1.0,0.0,5.0,5.0,5.0,1.0,0.0,3.0,0.0,18.0,1.0,0.0,0.0,0.0,0.0,1.0,0.0,0.0,0.0,0.0,0.0,0.0,0.0,0.0,0.0,2.0,0.0,0.0,0.0,0.0,1.0,1.0,0.0,0.0,0.0,0.0,1.0,0.0,2.0,5.0,4.0,369504567.0,-1.0,崇左市大新县,崇左市大新县雷平镇,10.0,18.5,0.0,2.7,31.2,31.428571428571427,33.87435897435897,38.14581005586592
广西壮族自治区,崇左市,大新县,硕龙镇,106.8203171,22.8219624,0.0,13.0,4.0,5.0,25.0,35.0,0.0,19.0,0.0,1.0,0.0,1.0,0.0,0.0,2.0,2.0,2.0,0.0,0.0,2.0,7.0,1.0,0.0,0.0,0.0,4.0,14.0,0.0,0.0,1.0,0.0,2.0,2.0,13.0,11.0,7.0,0.0,8.0,4.0,1.0,5.0,16.0,0.0,0.0,0.0,0.0,0.0,1.0,0.0,0.0,2.0,2.0,2.0,0.0,0.0,1.0,3.0,0.0,0.0,0.0,0.0,2.0,9.0,0.0,0.0,1.0,0.0,1.0,1.0,13.0,8.0,6.0,369522375.0,-1.0,崇左市大新县,崇左市大新县硕龙镇,11.0,22.5,16.0,6.0,55.5,31.428571428571427,33.87435897435897,38.14581005586592
广西壮族自治区,崇左市,大新县,下雷镇,106.7551314,22.9148705,6.0,0.0,0.0,5.0,9.0,0.0,0.0,0.0,0.0,0.0,0.0,0.0,0.0,0.0,0.0,0.0,0.0,0.0,0.0,0.0,4.0,0.0,4.0,0.0,0.0,1.0,4.0,0.0,0.0,0.0,0.0,0.0,0.0,3.0,6.0,7.0,5.0,0.0,0.0,4.0,7.0,0.0,0.0,0.0,0.0,0.0,0.0,0.0,0.0,0.0,0.0,0.0,0.0,0.0,0.0,0.0,3.0,0.0,1.0,0.0,0.0,1.0,0.0,0.0,0.0,0.0,0.0,0.0,0.0,3.0,4.0,5.0,5121160170.0,-1.0,崇左市大新县,崇左市大新县下雷镇,8.0,16.9,0.0,3.9,28.799999999999997,31.428571428571427,33.87435897435897,38.14581005586592
广西壮族自治区,崇左市,大新县,五山乡,107.3116094,22.9725162,0.0,0.0,1.0,7.0,0.0,0.0,0.0,0.0,0.0,0.0,0.0,0.0,0.0,0.0,0.0,0.0,0.0,0.0,0.0,0.0,12.0,0.0,0.0,0.0,0.0,2.0,0.0,0.0,0.0,0.0,0.0,0.0,0.0,1.0,2.0,1.0,0.0,0.0,1.0,5.0,0.0,0.0,0.0,0.0,0.0,0.0,0.0,0.0,0.0,0.0,0.0,0.0,0.0,0.0,0.0,0.0,5.0,0.0,0.0,0.0,0.0,1.0,0.0,0.0,0.0,0.0,0.0,0.0,0.0,1.0,2.0,1.0,2645676194.0,-1.0,崇左市大新县,崇左市大新县五山乡,9.0,11.0,0.0,0.5,20.5,31.428571428571427,33.87435897435897,38.14581005586592
广西壮族自治区,崇左市,大新县,龙门乡,107.3130167,22.8976029,6.0,0.0,0.0,2.0,6.0,0.0,0.0,0.0,0.0,0.0,0.0,0.0,0.0,0.0,0.0,0.0,0.0,0.0,0.0,0.0,2.0,0.0,0.0,0.0,0.0,5.0,0.0,0.0,0.0,0.0,0.0,0.0,0.0,2.0,4.0,3.0,1.0,0.0,0.0,2.0,5.0,0.0,0.0,0.0,0.0,0.0,0.0,0.0,0.0,0.0,0.0,0.0,0.0,0.0,0.0,0.0,1.0,0.0,0.0,0.0,0.0,1.0,0.0,0.0,0.0,0.0,0.0,0.0,0.0,2.0,4.0,2.0,369522454.0,-1.0,崇左市大新县,崇左市大新县龙门乡,12.0,11.7,0.0,1.5,25.2,31.428571428571427,33.87435897435897,38.14581005586592
广西壮族自治区,崇左市,大新县,昌明乡,107.3408111,22.9309422,1.0,0.0,0.0,5.0,2.0,0.0,0.0,0.0,0.0,0.0,0.0,0.0,0.0,0.0,0.0,0.0,0.0,0.0,0.0,0.0,6.0,0.0,0.0,0.0,0.0,4.0,0.0,0.0,0.0,0.0,0.0,0.0,0.0,2.0,4.0,3.0,1.0,0.0,0.0,1.0,0.0,0.0,0.0,0.0,0.0,0.0,0.0,0.0,0.0,0.0,0.0,0.0,0.0,0.0,0.0,0.0,1.0,0.0,0.0,0.0,0.0,1.0,0.0,0.0,0.0,0.0,0.0,0.0,0.0,2.0,2.0,1.0,5155725958.0,-1.0,崇左市大新县,崇左市大新县昌明乡,11.0,12.4,0.0,1.5,24.9,31.428571428571427,33.87435897435897,38.14581005586592
广西壮族自治区,崇左市,大新县,福隆乡,107.4399711,22.9746916,1.0,0.0,0.0,1.0,0.0,0.0,0.0,0.0,0.0,0.0,0.0,0.0,0.0,0.0,0.0,0.0,0.0,0.0,0.0,0.0,3.0,0.0,0.0,0.0,0.0,2.0,0.0,0.0,0.0,0.0,0.0,0.0,0.0,2.0,2.0,2.0,0.0,0.0,0.0,1.0,0.0,0.0,0.0,0.0,0.0,0.0,0.0,0.0,0.0,0.0,0.0,0.0,0.0,0.0,0.0,0.0,1.0,0.0,0.0,0.0,0.0,1.0,0.0,0.0,0.0,0.0,0.0,0.0,0.0,1.0,1.0,1.0,5155760789.0,-1.0,崇左市大新县,崇左市大新县福隆乡,9.0,7.0,0.0,1.0,17.0,31.428571428571427,33.87435897435897,38.14581005586592
广西壮族自治区,崇左市,大新县,那岭乡,107.0458692,22.8397523,0.0,1.0,0.0,2.0,8.0,17.0,0.0,1.0,0.0,4.0,2.0,0.0,0.0,0.0,0.0,0.0,1.0,0.0,0.0,0.0,7.0,0.0,0.0,0.0,0.0,1.0,4.0,0.0,0.0,0.0,0.0,2.0,1.0,3.0,9.0,7.0,0.0,1.0,0.0,1.0,5.0,11.0,0.0,1.0,0.0,1.0,0.0,0.0,0.0,0.0,0.0,0.0,1.0,0.0,0.0,0.0,2.0,0.0,0.0,0.0,0.0,1.0,0.0,0.0,0.0,0.0,0.0,2.0,1.0,1.0,6.0,7.0,4427443011.0,-1.0,崇左市大新县,崇左市大新县那岭乡,8.0,18.1,5.0,3.9,35.0,31.428571428571427,33.87435897435897,38.14581005586592
广西壮族自治区,崇左市,大新县,恩城乡,107.0919879,22.7403814,0.0,0.0,7.0,0.0,9.0,0.0,0.0,0.0,0.0,0.0,0.0,0.0,0.0,0.0,0.0,0.0,0.0,0.0,0.0,0.0,6.0,0.0,0.0,0.0,0.0,2.0,0.0,0.0,0.0,0.0,0.0,1.0,0.0,1.0,4.0,6.0,0.0,0.0,7.0,0.0,9.0,0.0,0.0,0.0,0.0,0.0,0.0,0.0,0.0,0.0,0.0,0.0,0.0,0.0,0.0,0.0,3.0,0.0,0.0,0.0,0.0,1.0,0.0,0.0,0.0,0.0,0.0,0.0,0.0,1.0,3.0,3.0,4427443010.0,-1.0,崇左市大新县,崇左市大新县恩城乡,9.0,11.5,0.0,3.0,23.5,31.428571428571427,33.87435897435897,38.14581005586592
广西壮族自治区,崇左市,大新县,榄圩乡,107.3045273,22.7387288,0.0,5.0,1.0,4.0,16.0,0.0,0.0,0.0,0.0,0.0,0.0,0.0,0.0,0.0,0.0,0.0,0.0,0.0,0.0,0.0,7.0,0.0,0.0,0.0,0.0,2.0,0.0,0.0,0.0,0.0,0.0,1.0,0.0,1.0,5.0,5.0,0.0,2.0,0.0,3.0,9.0,0.0,0.0,0.0,0.0,0.0,0.0,0.0,0.0,0.0,0.0,0.0,0.0,0.0,0.0,0.0,3.0,0.0,0.0,0.0,0.0,1.0,0.0,0.0,0.0,0.0,0.0,0.0,0.0,1.0,4.0,2.0,7707380618.0,-1.0,崇左市大新县,崇左市大新县榄圩乡,9.0,17.4,0.0,2.5,28.9,31.428571428571427,33.87435897435897,38.14581005586592
广西壮族自治区,崇左市,大新县,宝圩乡,106.9233831,22.6420694,1.0,5.0,5.0,2.0,26.0,0.0,0.0,0.0,0.0,0.0,0.0,0.0,0.0,0.0,1.0,1.0,0.0,0.0,0.0,0.0,4.0,0.0,0.0,0.0,0.0,9.0,0.0,0.0,0.0,0.0,0.0,0.0,0.0,3.0,8.0,4.0,0.0,0.0,1.0,2.0,8.0,0.0,0.0,0.0,0.0,0.0,0.0,0.0,0.0,0.0,1.0,1.0,0.0,0.0,0.0,0.0,2.0,0.0,0.0,0.0,0.0,2.0,0.0,0.0,0.0,0.0,0.0,0.0,0.0,1.0,4.0,3.0,2531046213.0,-1.0,崇左市大新县,崇左市大新县宝圩乡,12.0,18.6,5.0,2.0,37.6,31.428571428571427,33.87435897435897,38.14581005586592
广西壮族自治区,崇左市,大新县,堪圩乡,106.9580045,22.6869491,1.0,2.0,5.0,1.0,9.0,0.0,0.0,1.0,0.0,0.0,0.0,0.0,0.0,0.0,0.0,0.0,0.0,0.0,0.0,0.0,9.0,0.0,0.0,0.0,0.0,1.0,0.0,0.0,0.0,0.0,0.0,1.0,0.0,2.0,7.0,7.0,1.0,0.0,1.0,1.0,3.0,0.0,0.0,0.0,0.0,0.0,0.0,0.0,0.0,0.0,0.0,0.0,0.0,0.0,0.0,0.0,2.0,0.0,0.0,0.0,0.0,1.0,0.0,0.0,0.0,0.0,0.0,0.0,0.0,2.0,5.0,4.0,4427385637.0,-1.0,崇左市大新县,崇左市大新县堪圩乡,8.0,12.2,0.0,3.5,23.7,31.428571428571427,33.87435897435897,38.14581005586592
广西壮族自治区,崇左市,天等县,天等镇,107.1411157,23.0592666,5.0,0.0,15.0,12.0,84.0,28.0,0.0,22.0,1.0,2.0,4.0,15.0,2.0,2.0,8.0,12.0,2.0,0.0,0.0,0.0,37.0,6.0,3.0,2.0,0.0,3.0,191.0,1.0,0.0,2.0,0.0,20.0,2.0,2.0,9.0,16.0,3.0,0.0,6.0,4.0,8.0,17.0,0.0,0.0,1.0,0.0,2.0,5.0,0.0,0.0,2.0,3.0,2.0,0.0,0.0,0.0,8.0,3.0,0.0,0.0,0.0,1.0,21.0,0.0,0.0,0.0,0.0,7.0,0.0,1.0,5.0,10.0,7704159350.0,-1.0,崇左市天等县,崇左市天等县天等镇,10.0,30.0,15.0,20.0,75.0,29.415384615384614,33.87435897435897,38.14581005586592
广西壮族自治区,崇左市,天等县,龙茗镇,107.02,22.9839,0.0,0.0,13.0,1.0,14.0,0.0,0.0,0.0,0.0,0.0,1.0,0.0,0.0,0.0,0.0,0.0,0.0,0.0,0.0,0.0,6.0,0.0,0.0,0.0,0.0,3.0,0.0,0.0,0.0,0.0,0.0,0.0,0.0,1.0,4.0,4.0,0.0,0.0,5.0,1.0,11.0,0.0,0.0,0.0,0.0,0.0,1.0,0.0,0.0,0.0,0.0,0.0,0.0,0.0,0.0,0.0,6.0,0.0,0.0,0.0,0.0,1.0,0.0,0.0,0.0,0.0,0.0,0.0,0.0,1.0,4.0,4.0,369522406.0,-1.0,崇左市天等县,崇左市天等县龙茗镇,10.0,16.1,0.0,2.0,28.1,29.415384615384614,33.87435897435897,38.14581005586592
广西壮族自治区,崇左市,天等县,进结镇,107.276715,23.2378366,0.0,0.0,8.0,3.0,4.0,0.0,0.0,0.0,0.0,0.0,0.0,0.0,0.0,0.0,1.0,2.0,0.0,0.0,0.0,0.0,13.0,0.0,1.0,0.0,0.0,4.0,0.0,0.0,0.0,0.0,0.0,0.0,0.0,1.0,3.0,6.0,0.0,0.0,8.0,1.0,4.0,0.0,0.0,0.0,0.0,0.0,0.0,0.0,0.0,0.0,1.0,2.0,0.0,0.0,0.0,0.0,5.0,0.0,0.0,0.0,0.0,1.0,0.0,0.0,0.0,0.0,0.0,0.0,0.0,1.0,3.0,4.0,4568775082.0,-1.0,崇左市天等县,崇左市天等县进结镇,11.0,11.5,5.0,3.0,30.5,29.415384615384614,33.87435897435897,38.14581005586592
广西壮族自治区,崇左市,天等县,向都镇,106.956944,23.232222,0.0,0.0,4.0,7.0,16.0,0.0,0.0,0.0,0.0,0.0,0.0,0.0,0.0,0.0,0.0,0.0,0.0,0.0,0.0,0.0,5.0,0.0,0.0,0.0,0.0,4.0,5.0,0.0,0.0,0.0,0.0,6.0,0.0,1.0,4.0,4.0,0.0,0.0,2.0,3.0,14.0,0.0,0.0,0.0,0.0,0.0,0.0,0.0,0.0,0.0,0.0,0.0,0.0,0.0,0.0,0.0,1.0,0.0,0.0,0.0,0.0,1.0,4.0,0.0,0.0,0.0,0.0,6.0,0.0,1.0,4.0,4.0,7704178496.0,-1.0,崇左市天等县,崇左市天等县向都镇,11.0,19.4,0.0,2.9,33.3,29.415384615384614,33.87435897435897,38.14581005586592
广西壮族自治区,崇左市,天等县,东平镇,107.1457794,23.2749536,0.0,0.0,2.0,1.0,4.0,1.0,0.0,0.0,0.0,0.0,1.0,0.0,0.0,0.0,0.0,0.0,0.0,0.0,0.0,0.0,7.0,0.0,3.0,0.0,0.0,4.0,0.0,0.0,0.0,0.0,0.0,1.0,0.0,5.0,5.0,6.0,0.0,0.0,2.0,1.0,4.0,1.0,0.0,0.0,0.0,0.0,1.0,0.0,0.0,0.0,0.0,0.0,0.0,0.0,0.0,0.0,4.0,0.0,1.0,0.0,0.0,3.0,0.0,0.0,0.0,0.0,0.0,1.0,0.0,1.0,5.0,5.0,4568867860.0,-1.0,崇左市天等县,崇左市天等县东平镇,11.0,12.5,0.0,3.0,26.5,29.415384615384614,33.87435897435897,38.14581005586592
广西壮族自治区,崇左市,天等县,福新镇,106.9496422,22.9472601,0.0,0.0,5.0,4.0,5.0,0.0,0.0,0.0,0.0,0.0,0.0,0.0,0.0,0.0,0.0,0.0,0.0,0.0,0.0,0.0,1.0,0.0,0.0,0.0,0.0,2.0,0.0,0.0,0.0,0.0,0.0,0.0,0.0,1.0,4.0,3.0,0.0,0.0,0.0,2.0,3.0,0.0,0.0,0.0,0.0,0.0,0.0,0.0,0.0,0.0,0.0,0.0,0.0,0.0,0.0,0.0,1.0,0.0,0.0,0.0,0.0,1.0,0.0,0.0,0.0,0.0,0.0,0.0,0.0,1.0,3.0,2.0,3925551293.0,-1.0,崇左市天等县,崇左市天等县福新镇,9.0,12.9,0.0,1.5,23.4,29.415384615384614,33.87435897435897,38.14581005586592
广西壮族自治区,崇左市,天等县,都康乡,107.0860736,23.1067795,7.0,3.0,1.0,2.0,4.0,1.0,0.0,0.0,0.0,0.0,0.0,0.0,0.0,0.0,0.0,0.0,0.0,0.0,0.0,0.0,0.0,0.0,0.0,0.0,0.0,1.0,0.0,0.0,0.0,0.0,0.0,0.0,0.0,1.0,11.0,2.0,0.0,3.0,0.0,1.0,2.0,0.0,0.0,0.0,0.0,0.0,0.0,0.0,0.0,0.0,0.0,0.0,0.0,0.0,0.0,0.0,0.0,0.0,0.0,0.0,0.0,1.0,0.0,0.0,0.0,0.0,0.0,0.0,0.0,1.0,5.0,1.0,3926798715.0,-1.0,崇左市天等县,崇左市天等县都康乡,8.0,12.4,0.0,1.0,21.4,29.415384615384614,33.87435897435897,38.14581005586592
广西壮族自治区,崇左市,天等县,宁干乡,107.066667,23.183333,1.0,0.0,5.0,0.0,31.0,0.0,0.0,0.0,0.0,0.0,0.0,0.0,0.0,0.0,0.0,0.0,0.0,0.0,0.0,0.0,9.0,0.0,0.0,0.0,0.0,3.0,0.0,0.0,0.0,0.0,0.0,0.0,0.0,2.0,6.0,8.0,1.0,0.0,3.0,0.0,14.0,0.0,0.0,0.0,0.0,0.0,0.0,0.0,0.0,0.0,0.0,0.0,0.0,0.0,0.0,0.0,2.0,0.0,0.0,0.0,0.0,1.0,0.0,0.0,0.0,0.0,0.0,0.0,0.0,1.0,6.0,5.0,7704178494.0,-1.0,崇左市天等县,崇左市天等县宁干乡,10.0,18.4,0.0,4.0,32.4,29.415384615384614,33.87435897435897,38.14581005586592
广西壮族自治区,崇左市,天等县,驮堪乡,107.2552151,23.1603443,0.0,0.0,0.0,3.0,1.0,0.0,0.0,0.0,0.0,0.0,0.0,0.0,0.0,0.0,0.0,0.0,0.0,0.0,0.0,0.0,7.0,0.0,0.0,0.0,0.0,6.0,1.0,0.0,0.0,0.0,0.0,0.0,0.0,1.0,2.0,3.0,0.0,0.0,0.0,3.0,0.0,0.0,0.0,0.0,0.0,0.0,0.0,0.0,0.0,0.0,0.0,0.0,0.0,0.0,0.0,0.0,1.0,0.0,0.0,0.0,0.0,1.0,0.0,0.0,0.0,0.0,0.0,0.0,0.0,1.0,1.0,2.0,4568836816.0,-1.0,崇左市天等县,崇左市天等县驮堪乡,12.0,4.2,0.0,1.6,17.8,29.415384615384614,33.87435897435897,38.14581005586592
广西壮族自治区,崇左市,天等县,进远乡,107.1992494,23.2462803,0.0,0.0,1.0,0.0,0.0,0.0,0.0,0.0,0.0,0.0,0.0,0.0,0.0,0.0,0.0,0.0,0.0,0.0,0.0,0.0,13.0,0.0,0.0,0.0,0.0,5.0,0.0,0.0,0.0,0.0,0.0,0.0,0.0,1.0,1.0,2.0,0.0,0.0,1.0,0.0,0.0,0.0,0.0,0.0,0.0,0.0,0.0,0.0,0.0,0.0,0.0,0.0,0.0,0.0,0.0,0.0,4.0,0.0,0.0,0.0,0.0,2.0,0.0,0.0,0.0,0.0,0.0,0.0,0.0,1.0,1.0,1.0,4568819403.0,-1.0,崇左市天等县,崇左市天等县进远乡,12.0,5.5,0.0,1.0,18.5,29.415384615384614,33.87435897435897,38.14581005586592
广西壮族自治区,崇左市,天等县,上映乡,106.9466368,23.0765819,0.0,2.0,1.0,3.0,8.0,0.0,0.0,0.0,0.0,0.0,0.0,0.0,0.0,0.0,0.0,0.0,0.0,0.0,0.0,0.0,6.0,0.0,0.0,0.0,0.0,2.0,0.0,0.0,0.0,0.0,0.0,0.0,0.0,1.0,4.0,4.0,0.0,2.0,1.0,0.0,8.0,0.0,0.0,0.0,0.0,0.0,0.0,0.0,0.0,0.0,0.0,0.0,0.0,0.0,0.0,0.0,3.0,0.0,0.0,0.0,0.0,2.0,0.0,0.0,0.0,0.0,0.0,0.0,0.0,1.0,3.0,1.0,7704178497.0,-1.0,崇左市天等县,崇左市天等县上映乡,9.0,14.0,0.0,2.0,25.0,29.415384615384614,33.87435897435897,38.14581005586592
广西壮族自治区,崇左市,天等县,把荷乡,106.8486898,23.1194118,0.0,2.0,0.0,5.0,3.0,0.0,0.0,0.0,0.0,0.0,0.0,0.0,0.0,0.0,0.0,0.0,0.0,0.0,0.0,0.0,8.0,0.0,0.0,0.0,0.0,1.0,0.0,0.0,0.0,0.0,0.0,1.0,0.0,4.0,3.0,4.0,0.0,2.0,0.0,5.0,3.0,0.0,0.0,0.0,0.0,0.0,0.0,0.0,0.0,0.0,0.0,0.0,0.0,0.0,0.0,0.0,2.0,0.0,0.0,0.0,0.0,1.0,0.0,0.0,0.0,0.0,0.0,1.0,0.0,1.0,3.0,2.0,2645986722.0,-1.0,崇左市天等县,崇左市天等县把荷乡,8.0,13.0,0.0,2.0,23.0,29.415384615384614,33.87435897435897,38.14581005586592
广西壮族自治区,崇左市,天等县,小山乡,107.1069312,22.988137,1.0,0.0,3.0,1.0,9.0,0.0,0.0,0.0,0.0,0.0,0.0,0.0,0.0,0.0,0.0,0.0,0.0,0.0,0.0,0.0,1.0,0.0,0.0,0.0,0.0,5.0,0.0,0.0,0.0,0.0,0.0,0.0,0.0,1.0,6.0,4.0,0.0,0.0,2.0,1.0,9.0,0.0,0.0,0.0,0.0,0.0,0.0,0.0,0.0,0.0,0.0,0.0,0.0,0.0,0.0,0.0,1.0,0.0,0.0,0.0,0.0,1.0,0.0,0.0,0.0,0.0,0.0,0.0,0.0,1.0,5.0,2.0,7704178493.0,-1.0,崇左市天等县,崇左市天等县小山乡,12.0,13.5,0.0,2.0,27.5,29.415384615384614,33.87435897435897,38.14581005586592
广西壮族自治区,崇左市,凭祥市,凭祥镇,106.7495366,22.1151636,13.0,12.0,30.0,11.0,95.0,115.0,0.0,82.0,8.0,23.0,0.0,5.0,1.0,4.0,5.0,6.0,0.0,0.0,4.0,137.0,33.0,14.0,0.0,1.0,0.0,5.0,809.0,0.0,783.0,1.0,0.0,15.0,12.0,4.0,11.0,19.0,0.0,4.0,11.0,2.0,32.0,36.0,0.0,43.0,1.0,9.0,0.0,2.0,1.0,4.0,4.0,4.0,0.0,0.0,2.0,86.0,6.0,6.0,0.0,1.0,0.0,2.0,273.0,0.0,263.0,0.0,0.0,13.0,6.0,1.0,9.0,13.0,7717224086.0,-1.0,崇左市凭祥市,崇左市凭祥市凭祥镇,12.0,28.0,23.0,20.0,83.0,48.75,33.87435897435897,38.14581005586592
广西壮族自治区,崇左市,凭祥市,友谊镇,106.7346151,22.0684579,8.0,0.0,0.0,7.0,45.0,9.0,0.0,13.0,4.0,0.0,3.0,0.0,0.0,0.0,0.0,0.0,1.0,0.0,0.0,3.0,13.0,0.0,2.0,0.0,0.0,1.0,18.0,0.0,0.0,1.0,0.0,2.0,3.0,15.0,15.0,11.0,5.0,0.0,0.0,0.0,14.0,3.0,0.0,10.0,0.0,0.0,2.0,0.0,0.0,0.0,0.0,0.0,0.0,0.0,0.0,0.0,1.0,0.0,1.0,0.0,0.0,1.0,11.0,0.0,0.0,1.0,0.0,1.0,0.0,4.0,9.0,7.0,3820432883.0,-1.0,崇左市凭祥市,崇左市凭祥市友谊镇,8.0,28.0,0.0,7.1,43.1,48.75,33.87435897435897,38.14581005586592
广西壮族自治区,崇左市,凭祥市,上石镇,106.8376035,22.0742259,0.0,0.0,10.0,2.0,18.0,2.0,0.0,0.0,0.0,0.0,0.0,0.0,0.0,0.0,0.0,0.0,0.0,0.0,0.0,0.0,5.0,0.0,0.0,0.0,0.0,4.0,1.0,0.0,0.0,0.0,0.0,0.0,0.0,3.0,8.0,4.0,0.0,0.0,6.0,1.0,9.0,2.0,0.0,0.0,0.0,0.0,0.0,0.0,0.0,0.0,0.0,0.0,0.0,0.0,0.0,0.0,1.0,0.0,0.0,0.0,0.0,1.0,0.0,0.0,0.0,0.0,0.0,0.0,0.0,1.0,5.0,4.0,3820505809.0,-1.0,崇左市凭祥市,崇左市凭祥市上石镇,11.0,17.3,0.0,2.1,30.400000000000002,48.75,33.87435897435897,38.14581005586592
广西壮族自治区,崇左市,凭祥市,夏石镇,106.8943472,22.1219228,10.0,0.0,8.0,9.0,13.0,7.0,0.0,1.0,1.0,0.0,1.0,0.0,0.0,0.0,0.0,0.0,0.0,0.0,0.0,0.0,4.0,0.0,2.0,0.0,0.0,3.0,14.0,0.0,0.0,2.0,0.0,0.0,0.0,3.0,11.0,9.0,5.0,0.0,5.0,4.0,6.0,1.0,0.0,1.0,1.0,0.0,1.0,0.0,0.0,0.0,0.0,0.0,0.0,0.0,0.0,0.0,4.0,0.0,1.0,0.0,0.0,1.0,3.0,0.0,0.0,2.0,0.0,0.0,0.0,2.0,7.0,6.0,369488295.0,-1.0,崇左市凭祥市,崇左市凭祥市夏石镇,10.0,22.4,0.0,6.1,38.5,48.75,33.87435897435897,38.14581005586592
