addr_1,addr_2,addr_3,addr_4,lon,lat,hw_trunk_3km,hw_primary_3km,hw_secondary_3km,hw_tertiary_3km,hw_res_uncl_3km,hw_service_3km,hw_cycleway_3km,hw_footway_3km,hw_bus_stop_3km,hw_parking_3km,hw_fuel_3km,am_gov_3km,am_medical_3km,am_healthcare_3km,am_school_3km,am_education_3km,am_police_3km,am_post_3km,am_bank_3km,am_shop_3km,lu_residential_3km,lu_commercial_3km,lu_industrial_3km,lu_retail_3km,lu_construction_3km,pl_3km,bld_3km,blp_3km,bll_3km,mm_3km,ad_3km,lsr_3km,trs_3km,wd_3km,hw_types_3km,lu_types_3km,hw_trunk_1km,hw_primary_1km,hw_secondary_1km,hw_tertiary_1km,hw_res_uncl_1km,hw_service_1km,hw_cycleway_1km,hw_footway_1km,hw_bus_stop_1km,hw_parking_1km,hw_fuel_1km,am_gov_1km,am_medical_1km,am_healthcare_1km,am_school_1km,am_education_1km,am_police_1km,am_post_1km,am_bank_1km,am_shop_1km,lu_residential_1km,lu_commercial_1km,lu_industrial_1km,lu_retail_1km,lu_construction_1km,pl_1km,bld_1km,blp_1km,bll_1km,mm_1km,ad_1km,lsr_1km,trs_1km,wd_1km,hw_types_1km,lu_types_1km,node,boundary,u_addr_3,u_addr_4,score_1,score_2,score_3,score_4,score,u_addr_3_avg_score,addr_2_avg_score,addr_1_avg_score
北京市,市辖区,东城区,东华门街道,116.4010966,39.9146633,65.0,187.0,130.0,221.0,601.0,1080.0,61.0,2795.0,1480.0,61.0,7.0,33.0,30.0,46.0,83.0,98.0,17.0,15.0,71.0,903.0,76.0,73.0,2.0,30.0,19.0,102.0,8503.0,1583.0,1825.0,101.0,360.0,205.0,350.0,205.0,28.0,27.0,7.0,14.0,13.0,30.0,90.0,137.0,14.0,1003.0,160.0,6.0,0.0,3.0,3.0,4.0,8.0,9.0,2.0,2.0,10.0,167.0,5.0,10.0,0.0,1.0,3.0,9.0,2137.0,1072.0,145.0,20.0,58.0,31.0,81.0,54.0,20.0,17.0,8985515547.0,15716134.0,市辖区东城区,市辖区东城区东华门街道,20.0,30.0,30.0,20.0,100.0,98.6470588235294,76.93061224489796,76.93061224489796
北京市,市辖区,东城区,景山街道,116.4042521,39.9253805,78.0,177.0,129.0,225.0,502.0,1046.0,62.0,2568.0,1423.0,79.0,6.0,22.0,30.0,49.0,82.0,97.0,18.0,16.0,74.0,841.0,108.0,63.0,0.0,34.0,17.0,96.0,7798.0,1577.0,1369.0,107.0,394.0,212.0,333.0,197.0,28.0,27.0,0.0,37.0,11.0,12.0,81.0,121.0,12.0,162.0,212.0,3.0,0.0,3.0,7.0,10.0,13.0,14.0,2.0,2.0,10.0,135.0,8.0,18.0,0.0,2.0,5.0,17.0,912.0,48.0,423.0,0.0,60.0,16.0,57.0,28.0,17.0,16.0,8985515548.0,15716132.0,市辖区东城区,市辖区东城区景山街道,20.0,30.0,30.0,20.0,100.0,98.6470588235294,76.93061224489796,76.93061224489796
北京市,市辖区,东城区,交道口街道,116.3947378,39.9342778,46.0,164.0,101.0,198.0,492.0,1000.0,61.0,2032.0,1415.0,83.0,6.0,16.0,31.0,46.0,99.0,113.0,14.0,11.0,45.0,716.0,129.0,47.0,0.0,45.0,16.0,95.0,8703.0,1460.0,1744.0,64.0,362.0,187.0,316.0,167.0,26.0,24.0,0.0,22.0,14.0,11.0,57.0,196.0,7.0,60.0,155.0,15.0,2.0,0.0,4.0,5.0,17.0,19.0,1.0,2.0,4.0,118.0,15.0,6.0,0.0,12.0,3.0,14.0,347.0,0.0,78.0,9.0,67.0,11.0,54.0,21.0,17.0,16.0,8985515555.0,15716130.0,市辖区东城区,市辖区东城区交道口街道,20.0,30.0,30.0,20.0,100.0,98.6470588235294,76.93061224489796,76.93061224489796
北京市,市辖区,东城区,安定门街道,116.4064504,39.9428961,78.0,147.0,144.0,299.0,507.0,828.0,47.0,1290.0,1591.0,79.0,7.0,14.0,20.0,39.0,106.0,123.0,13.0,11.0,65.0,691.0,157.0,58.0,2.0,33.0,22.0,96.0,5998.0,444.0,1954.0,47.0,317.0,174.0,243.0,122.0,28.0,23.0,12.0,37.0,1.0,29.0,25.0,172.0,2.0,123.0,182.0,10.0,2.0,0.0,4.0,6.0,16.0,19.0,1.0,2.0,8.0,182.0,5.0,5.0,0.0,1.0,0.0,15.0,456.0,0.0,11.0,4.0,74.0,13.0,54.0,22.0,21.0,15.0,8985515556.0,15716129.0,市辖区东城区,市辖区东城区安定门街道,20.0,30.0,30.0,20.0,100.0,98.6470588235294,76.93061224489796,76.93061224489796
北京市,市辖区,东城区,北新桥街道,116.4183336,39.9410338,86.0,135.0,175.0,287.0,540.0,768.0,51.0,947.0,1595.0,79.0,9.0,19.0,27.0,49.0,105.0,120.0,14.0,12.0,85.0,991.0,133.0,63.0,4.0,40.0,22.0,96.0,5139.0,55.0,1421.0,38.0,393.0,175.0,244.0,167.0,27.0,21.0,16.0,16.0,19.0,39.0,47.0,157.0,12.0,123.0,218.0,16.0,0.0,2.0,4.0,7.0,17.0,19.0,2.0,1.0,15.0,121.0,9.0,7.0,0.0,0.0,1.0,12.0,454.0,0.0,45.0,7.0,57.0,25.0,35.0,31.0,19.0,13.0,8985515557.0,15716131.0,市辖区东城区,市辖区东城区北新桥街道,20.0,30.0,30.0,20.0,100.0,98.6470588235294,76.93061224489796,76.93061224489796
北京市,市辖区,东城区,东四街道,116.4177314,39.9292472,107.0,149.0,174.0,263.0,528.0,915.0,61.0,2128.0,1495.0,85.0,7.0,25.0,29.0,55.0,87.0,107.0,17.0,16.0,96.0,1227.0,75.0,67.0,2.0,44.0,24.0,98.0,6932.0,1292.0,1211.0,44.0,470.0,198.0,319.0,200.0,27.0,28.0,8.0,37.0,10.0,20.0,57.0,106.0,3.0,119.0,143.0,6.0,0.0,3.0,3.0,6.0,9.0,10.0,2.0,3.0,10.0,86.0,7.0,9.0,0.0,1.0,1.0,15.0,727.0,0.0,465.0,2.0,30.0,16.0,28.0,22.0,21.0,12.0,8985515558.0,15716133.0,市辖区东城区,市辖区东城区东四街道,20.0,30.0,30.0,20.0,100.0,98.6470588235294,76.93061224489796,76.93061224489796
北京市,市辖区,东城区,朝阳门街道,116.4242076,39.9193335,126.0,149.0,171.0,267.0,583.0,825.0,58.0,2236.0,1582.0,73.0,5.0,24.0,27.0,56.0,82.0,102.0,20.0,14.0,130.0,1237.0,76.0,79.0,4.0,41.0,25.0,98.0,6766.0,1272.0,1609.0,48.0,454.0,213.0,308.0,199.0,30.0,32.0,14.0,16.0,18.0,33.0,94.0,81.0,10.0,108.0,101.0,3.0,0.0,5.0,3.0,5.0,9.0,11.0,1.0,4.0,9.0,87.0,9.0,14.0,0.0,6.0,2.0,17.0,770.0,2.0,337.0,2.0,50.0,14.0,19.0,20.0,19.0,12.0,8985515559.0,15716135.0,市辖区东城区,市辖区东城区朝阳门街道,20.0,30.0,30.0,20.0,100.0,98.6470588235294,76.93061224489796,76.93061224489796
北京市,市辖区,东城区,建国门街道,116.4214716,39.9126556,118.0,155.0,138.0,266.0,599.0,763.0,54.0,2575.0,1465.0,52.0,4.0,30.0,24.0,45.0,74.0,90.0,17.0,13.0,119.0,936.0,71.0,73.0,2.0,33.0,28.0,99.0,6944.0,1521.0,1745.0,98.0,353.0,195.0,299.0,196.0,31.0,31.0,26.0,6.0,16.0,31.0,103.0,83.0,11.0,151.0,121.0,2.0,0.0,3.0,3.0,5.0,10.0,16.0,2.0,5.0,12.0,79.0,9.0,21.0,0.0,2.0,1.0,16.0,713.0,8.0,255.0,2.0,50.0,16.0,27.0,27.0,21.0,14.0,8985515579.0,15716136.0,市辖区东城区,市辖区东城区建国门街道,20.0,30.0,30.0,20.0,100.0,98.6470588235294,76.93061224489796,76.93061224489796
北京市,市辖区,东城区,东直门街道,116.4358106,39.9293011,150.0,118.0,186.0,314.0,508.0,784.0,51.0,1019.0,1605.0,99.0,6.0,25.0,27.0,61.0,86.0,104.0,12.0,11.0,125.0,1274.0,95.0,89.0,4.0,37.0,24.0,73.0,5231.0,17.0,1483.0,34.0,437.0,204.0,254.0,199.0,27.0,27.0,16.0,40.0,14.0,45.0,49.0,74.0,9.0,154.0,167.0,13.0,0.0,5.0,5.0,13.0,8.0,10.0,2.0,1.0,24.0,202.0,10.0,8.0,0.0,10.0,4.0,8.0,491.0,0.0,96.0,2.0,53.0,38.0,27.0,30.0,20.0,14.0,8985515580.0,15716128.0,市辖区东城区,市辖区东城区东直门街道,20.0,30.0,30.0,20.0,100.0,98.6470588235294,76.93061224489796,76.93061224489796
北京市,市辖区,东城区,和平里街道,116.4172666,39.9549059,129.0,149.0,183.0,414.0,482.0,678.0,44.0,1032.0,1687.0,90.0,7.0,7.0,23.0,41.0,92.0,123.0,11.0,7.0,73.0,595.0,136.0,44.0,6.0,17.0,22.0,79.0,4476.0,13.0,1468.0,55.0,262.0,215.0,176.0,113.0,29.0,22.0,10.0,16.0,14.0,65.0,62.0,35.0,7.0,96.0,222.0,6.0,0.0,4.0,3.0,3.0,11.0,11.0,0.0,1.0,6.0,18.0,15.0,2.0,1.0,0.0,0.0,10.0,444.0,0.0,29.0,9.0,12.0,16.0,5.0,19.0,18.0,12.0,8985515581.0,13298685.0,市辖区东城区,市辖区东城区和平里街道,20.0,30.0,25.0,20.0,95.0,98.6470588235294,76.93061224489796,76.93061224489796
北京市,市辖区,东城区,前门街道,116.4011136,39.8924273,78.0,158.0,122.0,315.0,600.0,814.0,78.0,2753.0,1513.0,52.0,6.0,32.0,18.0,25.0,73.0,91.0,13.0,6.0,57.0,534.0,82.0,59.0,1.0,12.0,22.0,96.0,5909.0,1176.0,1292.0,103.0,269.0,245.0,272.0,165.0,29.0,28.0,0.0,27.0,15.0,48.0,89.0,168.0,6.0,195.0,227.0,6.0,1.0,7.0,3.0,5.0,7.0,7.0,3.0,1.0,12.0,84.0,8.0,6.0,0.0,2.0,6.0,15.0,504.0,8.0,93.0,2.0,33.0,22.0,43.0,32.0,20.0,15.0,8985515582.0,15716141.0,市辖区东城区,市辖区东城区前门街道,20.0,30.0,30.0,20.0,100.0,98.6470588235294,76.93061224489796,76.93061224489796
北京市,市辖区,东城区,崇文门外街道,116.4207538,39.8933813,107.0,123.0,141.0,321.0,575.0,592.0,46.0,1934.0,1398.0,45.0,7.0,25.0,18.0,27.0,82.0,108.0,11.0,11.0,72.0,598.0,78.0,49.0,2.0,19.0,18.0,82.0,5367.0,249.0,1216.0,83.0,274.0,203.0,222.0,150.0,28.0,28.0,0.0,28.0,12.0,37.0,107.0,62.0,1.0,81.0,200.0,3.0,2.0,4.0,1.0,2.0,17.0,21.0,0.0,1.0,18.0,67.0,12.0,2.0,1.0,5.0,1.0,24.0,486.0,1.0,314.0,1.0,28.0,18.0,14.0,23.0,18.0,11.0,8985515583.0,15716142.0,市辖区东城区,市辖区东城区崇文门外街道,20.0,30.0,25.0,20.0,95.0,98.6470588235294,76.93061224489796,76.93061224489796
北京市,市辖区,东城区,东花市街道,116.425213,39.8977782,108.0,109.0,140.0,325.0,610.0,598.0,40.0,1793.0,1410.0,39.0,7.0,25.0,18.0,27.0,78.0,103.0,11.0,13.0,101.0,720.0,78.0,55.0,2.0,31.0,20.0,83.0,5366.0,192.0,1333.0,60.0,325.0,205.0,221.0,141.0,28.0,29.0,15.0,17.0,35.0,41.0,107.0,69.0,6.0,149.0,194.0,4.0,3.0,1.0,1.0,2.0,11.0,13.0,1.0,2.0,12.0,57.0,14.0,3.0,1.0,2.0,2.0,18.0,506.0,2.0,336.0,9.0,32.0,25.0,17.0,30.0,22.0,18.0,8985515584.0,15716137.0,市辖区东城区,市辖区东城区东花市街道,20.0,30.0,30.0,20.0,100.0,98.6470588235294,76.93061224489796,76.93061224489796
北京市,市辖区,东城区,龙潭街道,116.4316085,39.8855535,130.0,93.0,127.0,362.0,532.0,368.0,23.0,1290.0,1380.0,46.0,11.0,18.0,20.0,26.0,82.0,111.0,4.0,10.0,87.0,414.0,87.0,40.0,2.0,19.0,12.0,62.0,4185.0,17.0,1418.0,40.0,198.0,184.0,139.0,95.0,25.0,26.0,13.0,8.0,22.0,52.0,81.0,38.0,1.0,114.0,147.0,3.0,0.0,6.0,1.0,1.0,13.0,21.0,0.0,2.0,13.0,46.0,16.0,1.0,0.0,0.0,0.0,13.0,474.0,0.0,137.0,5.0,79.0,26.0,14.0,16.0,19.0,8.0,8985515585.0,15716140.0,市辖区东城区,市辖区东城区龙潭街道,20.0,30.0,25.0,20.0,95.0,98.6470588235294,76.93061224489796,76.93061224489796
北京市,市辖区,东城区,体育馆路街道,116.4160921,39.8855494,96.0,132.0,115.0,349.0,554.0,574.0,60.0,1766.0,1463.0,48.0,7.0,26.0,20.0,28.0,87.0,111.0,11.0,8.0,60.0,470.0,82.0,32.0,2.0,12.0,20.0,80.0,4622.0,139.0,1363.0,55.0,269.0,216.0,200.0,120.0,29.0,27.0,0.0,20.0,15.0,37.0,90.0,77.0,0.0,299.0,168.0,6.0,0.0,6.0,2.0,2.0,13.0,16.0,1.0,0.0,10.0,46.0,7.0,1.0,0.0,0.0,1.0,15.0,329.0,0.0,74.0,1.0,9.0,35.0,16.0,13.0,17.0,11.0,8985515586.0,15716139.0,市辖区东城区,市辖区东城区体育馆路街道,20.0,30.0,28.0,20.0,98.0,98.6470588235294,76.93061224489796,76.93061224489796
北京市,市辖区,东城区,天坛街道,116.3928958,39.8878583,65.0,175.0,119.0,331.0,598.0,854.0,86.0,2418.0,1499.0,83.0,8.0,32.0,17.0,24.0,72.0,87.0,14.0,4.0,51.0,426.0,118.0,49.0,3.0,16.0,27.0,89.0,5370.0,748.0,1412.0,97.0,183.0,286.0,227.0,148.0,28.0,28.0,0.0,25.0,5.0,36.0,83.0,201.0,3.0,174.0,188.0,4.0,1.0,6.0,2.0,6.0,6.0,6.0,1.0,0.0,0.0,110.0,5.0,6.0,0.0,1.0,4.0,9.0,707.0,3.0,144.0,3.0,27.0,18.0,59.0,21.0,20.0,14.0,8985515587.0,15716138.0,市辖区东城区,市辖区东城区天坛街道,20.0,30.0,26.0,20.0,96.0,98.6470588235294,76.93061224489796,76.93061224489796
北京市,市辖区,东城区,永定门外街道,116.3962389,39.8642402,110.0,112.0,107.0,383.0,478.0,407.0,72.0,1332.0,1497.0,97.0,7.0,13.0,16.0,21.0,76.0,95.0,8.0,1.0,18.0,232.0,135.0,24.0,2.0,8.0,28.0,97.0,3765.0,6.0,1773.0,42.0,108.0,235.0,90.0,64.0,29.0,25.0,27.0,7.0,0.0,63.0,58.0,18.0,22.0,145.0,228.0,9.0,1.0,0.0,1.0,1.0,11.0,13.0,1.0,0.0,1.0,13.0,18.0,5.0,0.0,2.0,11.0,20.0,424.0,2.0,150.0,4.0,5.0,26.0,10.0,23.0,21.0,13.0,10806949232.0,15715291.0,市辖区东城区,市辖区东城区永定门外街道,20.0,30.0,28.0,20.0,98.0,98.6470588235294,76.93061224489796,76.93061224489796
北京市,市辖区,西城区,西长安街街道,116.3768256,39.90303,75.0,176.0,142.0,326.0,627.0,1000.0,62.0,2767.0,1620.0,69.0,7.0,43.0,30.0,47.0,73.0,82.0,17.0,5.0,67.0,621.0,103.0,67.0,6.0,13.0,22.0,65.0,8628.0,1579.0,1726.0,93.0,237.0,255.0,285.0,190.0,28.0,28.0,13.0,41.0,4.0,42.0,65.0,168.0,9.0,284.0,185.0,5.0,1.0,6.0,2.0,2.0,12.0,12.0,1.0,0.0,8.0,26.0,36.0,20.0,2.0,7.0,0.0,8.0,610.0,9.0,220.0,1.0,20.0,45.0,6.0,33.0,20.0,17.0,8986305149.0,13210714.0,市辖区西城区,市辖区西城区西长安街街道,20.0,30.0,28.0,20.0,98.0,95.86666666666666,76.93061224489796,76.93061224489796
北京市,市辖区,西城区,新街口街道,116.360461,39.9388031,117.0,113.0,162.0,377.0,528.0,1005.0,65.0,1277.0,1555.0,104.0,7.0,22.0,29.0,36.0,96.0,130.0,9.0,9.0,47.0,376.0,145.0,30.0,2.0,49.0,15.0,40.0,6213.0,65.0,1665.0,62.0,230.0,268.0,185.0,116.0,25.0,27.0,24.0,10.0,18.0,45.0,81.0,96.0,12.0,101.0,165.0,14.0,1.0,5.0,5.0,9.0,18.0,21.0,1.0,0.0,2.0,56.0,18.0,1.0,0.0,11.0,2.0,14.0,457.0,6.0,25.0,3.0,62.0,20.0,20.0,22.0,20.0,13.0,8986305150.0,13202425.0,市辖区西城区,市辖区西城区新街口街道,20.0,30.0,28.0,20.0,98.0,95.86666666666666,76.93061224489796,76.93061224489796
北京市,市辖区,西城区,月坛街道,116.3384921,39.9135891,217.0,111.0,159.0,466.0,511.0,599.0,60.0,1185.0,1828.0,63.0,5.0,33.0,17.0,22.0,83.0,107.0,5.0,4.0,69.0,339.0,114.0,61.0,5.0,8.0,9.0,52.0,4605.0,16.0,1659.0,46.0,159.0,219.0,94.0,118.0,24.0,26.0,18.0,12.0,44.0,17.0,54.0,21.0,6.0,57.0,208.0,2.0,1.0,2.0,2.0,3.0,9.0,11.0,0.0,0.0,2.0,24.0,13.0,9.0,0.0,0.0,2.0,14.0,330.0,0.0,222.0,0.0,13.0,37.0,6.0,20.0,17.0,12.0,8986305151.0,13210712.0,市辖区西城区,市辖区西城区月坛街道,20.0,30.0,23.0,20.0,93.0,95.86666666666666,76.93061224489796,76.93061224489796
北京市,市辖区,西城区,展览路街道,116.3365418,39.9314654,159.0,98.0,178.0,404.0,503.0,620.0,70.0,959.0,1652.0,67.0,5.0,29.0,26.0,37.0,81.0,121.0,5.0,3.0,73.0,343.0,79.0,34.0,2.0,15.0,10.0,45.0,4873.0,13.0,1311.0,75.0,216.0,297.0,120.0,116.0,25.0,27.0,10.0,14.0,23.0,69.0,42.0,123.0,14.0,164.0,274.0,8.0,1.0,3.0,2.0,2.0,12.0,20.0,1.0,1.0,5.0,42.0,18.0,6.0,0.0,0.0,0.0,1.0,740.0,2.0,400.0,4.0,34.0,26.0,17.0,23.0,22.0,11.0,8986305152.0,13202424.0,市辖区西城区,市辖区西城区展览路街道,20.0,30.0,30.0,20.0,100.0,95.86666666666666,76.93061224489796,76.93061224489796
北京市,市辖区,西城区,德胜街道,116.3751863,39.9527374,122.0,119.0,143.0,386.0,510.0,820.0,77.0,1129.0,1457.0,102.0,9.0,15.0,29.0,41.0,99.0,133.0,8.0,9.0,52.0,446.0,139.0,33.0,1.0,49.0,20.0,54.0,5182.0,13.0,1972.0,60.0,250.0,237.0,191.0,100.0,26.0,22.0,16.0,17.0,10.0,40.0,63.0,56.0,19.0,98.0,199.0,6.0,0.0,0.0,4.0,5.0,8.0,8.0,3.0,0.0,2.0,21.0,24.0,6.0,0.0,11.0,0.0,2.0,625.0,0.0,463.0,4.0,9.0,18.0,17.0,25.0,20.0,11.0,8986305153.0,13202423.0,市辖区西城区,市辖区西城区德胜街道,20.0,30.0,28.0,20.0,98.0,95.86666666666666,76.93061224489796,76.93061224489796
北京市,市辖区,西城区,金融街街道,116.3566423,39.9119229,145.0,160.0,135.0,382.0,541.0,746.0,55.0,1718.0,1623.0,61.0,7.0,41.0,27.0,37.0,89.0,110.0,10.0,3.0,57.0,379.0,112.0,65.0,5.0,11.0,14.0,63.0,6352.0,715.0,1834.0,51.0,202.0,222.0,156.0,150.0,27.0,27.0,28.0,4.0,38.0,68.0,71.0,56.0,10.0,250.0,197.0,11.0,3.0,11.0,3.0,4.0,8.0,8.0,1.0,0.0,20.0,112.0,8.0,14.0,3.0,2.0,4.0,4.0,387.0,2.0,211.0,3.0,15.0,31.0,20.0,27.0,20.0,13.0,8986305154.0,13210713.0,市辖区西城区,市辖区西城区金融街街道,20.0,30.0,28.0,20.0,98.0,95.86666666666666,76.93061224489796,76.93061224489796
北京市,市辖区,西城区,什刹海街道,116.3757239,39.9321325,100.0,146.0,132.0,317.0,500.0,936.0,66.0,2235.0,1494.0,78.0,8.0,28.0,31.0,41.0,99.0,117.0,11.0,7.0,44.0,557.0,146.0,51.0,4.0,53.0,18.0,73.0,7728.0,1422.0,1637.0,61.0,301.0,182.0,258.0,148.0,28.0,27.0,0.0,16.0,8.0,19.0,52.0,128.0,6.0,67.0,141.0,10.0,1.0,0.0,8.0,9.0,16.0,20.0,0.0,0.0,3.0,42.0,1.0,2.0,0.0,0.0,2.0,2.0,986.0,6.0,8.0,10.0,32.0,29.0,34.0,17.0,18.0,11.0,8986305155.0,13202426.0,市辖区西城区,市辖区西城区什刹海街道,20.0,30.0,23.0,20.0,93.0,95.86666666666666,76.93061224489796,76.93061224489796
北京市,市辖区,西城区,大栅栏街道,116.3869006,39.8915005,63.0,177.0,141.0,311.0,616.0,905.0,91.0,2862.0,1528.0,93.0,8.0,35.0,19.0,32.0,73.0,86.0,17.0,3.0,56.0,547.0,126.0,60.0,7.0,17.0,29.0,79.0,6116.0,1123.0,1519.0,93.0,189.0,297.0,250.0,158.0,28.0,26.0,0.0,32.0,25.0,32.0,71.0,230.0,5.0,167.0,261.0,6.0,1.0,3.0,2.0,4.0,13.0,13.0,1.0,0.0,3.0,123.0,4.0,5.0,0.0,2.0,7.0,4.0,867.0,3.0,185.0,4.0,40.0,24.0,64.0,34.0,21.0,15.0,8986305156.0,13210719.0,市辖区西城区,市辖区西城区大栅栏街道,20.0,30.0,28.0,20.0,98.0,95.86666666666666,76.93061224489796,76.93061224489796
北京市,市辖区,西城区,天桥街道,116.3901422,39.8824304,69.0,166.0,124.0,357.0,581.0,828.0,89.0,1929.0,1636.0,104.0,9.0,28.0,22.0,37.0,77.0,91.0,21.0,2.0,45.0,387.0,126.0,47.0,3.0,13.0,30.0,96.0,4657.0,198.0,1617.0,83.0,150.0,299.0,205.0,128.0,28.0,27.0,0.0,31.0,23.0,42.0,64.0,117.0,5.0,215.0,222.0,7.0,1.0,1.0,3.0,5.0,9.0,11.0,0.0,0.0,0.0,44.0,2.0,4.0,0.0,0.0,1.0,5.0,423.0,1.0,107.0,4.0,20.0,31.0,22.0,22.0,21.0,13.0,8986305157.0,13202422.0,市辖区西城区,市辖区西城区天桥街道,20.0,30.0,21.0,20.0,91.0,95.86666666666666,76.93061224489796,76.93061224489796
北京市,市辖区,西城区,椿树街道,116.3731989,39.8925236,109.0,145.0,158.0,374.0,663.0,908.0,86.0,2307.0,1593.0,147.0,8.0,47.0,20.0,36.0,74.0,85.0,20.0,3.0,65.0,498.0,147.0,71.0,7.0,11.0,27.0,60.0,5843.0,803.0,1996.0,98.0,177.0,284.0,222.0,144.0,27.0,28.0,0.0,43.0,8.0,41.0,59.0,154.0,1.0,59.0,166.0,4.0,1.0,3.0,4.0,5.0,11.0,11.0,1.0,0.0,7.0,43.0,24.0,11.0,0.0,4.0,3.0,5.0,472.0,4.0,216.0,1.0,25.0,12.0,33.0,21.0,18.0,11.0,8985515588.0,13210718.0,市辖区西城区,市辖区西城区椿树街道,20.0,30.0,28.0,20.0,98.0,95.86666666666666,76.93061224489796,76.93061224489796
北京市,市辖区,西城区,陶然亭街道,116.3766002,39.8788313,91.0,141.0,176.0,388.0,612.0,839.0,82.0,1480.0,1658.0,136.0,9.0,29.0,22.0,38.0,79.0,97.0,17.0,2.0,34.0,342.0,152.0,59.0,4.0,8.0,39.0,87.0,4575.0,90.0,1895.0,43.0,122.0,283.0,171.0,103.0,28.0,26.0,0.0,8.0,34.0,32.0,89.0,44.0,13.0,97.0,162.0,14.0,2.0,3.0,2.0,4.0,10.0,11.0,0.0,0.0,4.0,25.0,19.0,5.0,0.0,1.0,4.0,11.0,503.0,0.0,240.0,10.0,29.0,45.0,9.0,14.0,18.0,14.0,8985515589.0,13202421.0,市辖区西城区,市辖区西城区陶然亭街道,20.0,30.0,23.0,20.0,93.0,95.86666666666666,76.93061224489796,76.93061224489796
北京市,市辖区,西城区,广安门内街道,116.3591744,39.8949816,129.0,111.0,184.0,386.0,709.0,711.0,48.0,1327.0,1604.0,129.0,9.0,41.0,20.0,38.0,79.0,94.0,13.0,4.0,63.0,455.0,149.0,71.0,7.0,12.0,25.0,62.0,4856.0,98.0,2060.0,60.0,170.0,283.0,155.0,124.0,26.0,26.0,11.0,40.0,17.0,50.0,99.0,94.0,5.0,101.0,186.0,5.0,0.0,1.0,2.0,2.0,11.0,13.0,0.0,1.0,7.0,35.0,26.0,5.0,1.0,2.0,3.0,1.0,605.0,0.0,410.0,1.0,7.0,19.0,15.0,22.0,20.0,15.0,8985515590.0,13210716.0,市辖区西城区,市辖区西城区广安门内街道,20.0,30.0,25.0,20.0,95.0,95.86666666666666,76.93061224489796,76.93061224489796
北京市,市辖区,西城区,牛街街道,116.3577296,39.8859696,141.0,138.0,166.0,454.0,678.0,733.0,61.0,1015.0,1663.0,148.0,9.0,35.0,22.0,40.0,80.0,98.0,13.0,3.0,51.0,399.0,179.0,67.0,7.0,13.0,28.0,67.0,4216.0,10.0,2011.0,39.0,142.0,275.0,124.0,107.0,26.0,25.0,0.0,24.0,27.0,42.0,123.0,113.0,7.0,107.0,208.0,30.0,1.0,9.0,3.0,11.0,13.0,19.0,5.0,1.0,11.0,70.0,27.0,14.0,1.0,1.0,5.0,3.0,755.0,0.0,391.0,3.0,17.0,60.0,22.0,15.0,17.0,13.0,8985515591.0,13210717.0,市辖区西城区,市辖区西城区牛街街道,20.0,30.0,30.0,20.0,100.0,95.86666666666666,76.93061224489796,76.93061224489796
北京市,市辖区,西城区,白纸坊街道,116.3549643,39.8796153,139.0,128.0,175.0,463.0,678.0,638.0,61.0,759.0,1561.0,143.0,10.0,21.0,19.0,34.0,72.0,92.0,12.0,3.0,39.0,230.0,184.0,56.0,7.0,9.0,33.0,65.0,3549.0,7.0,1812.0,39.0,112.0,235.0,90.0,82.0,26.0,25.0,0.0,9.0,36.0,25.0,157.0,88.0,6.0,57.0,224.0,53.0,1.0,10.0,3.0,9.0,14.0,20.0,6.0,1.0,11.0,76.0,43.0,14.0,2.0,0.0,5.0,3.0,717.0,0.0,384.0,5.0,15.0,61.0,17.0,11.0,16.0,12.0,8985515592.0,13202420.0,市辖区西城区,市辖区西城区白纸坊街道,20.0,30.0,30.0,20.0,100.0,95.86666666666666,76.93061224489796,76.93061224489796
北京市,市辖区,西城区,广安门外街道,116.3337873,39.877879,184.0,114.0,159.0,471.0,590.0,437.0,54.0,645.0,1509.0,165.0,9.0,20.0,18.0,31.0,53.0,77.0,13.0,5.0,30.0,207.0,173.0,48.0,15.0,10.0,49.0,51.0,2652.0,0.0,1204.0,46.0,89.0,208.0,69.0,66.0,28.0,21.0,7.0,6.0,28.0,40.0,77.0,16.0,0.0,5.0,130.0,3.0,2.0,0.0,0.0,1.0,8.0,9.0,0.0,1.0,0.0,3.0,32.0,2.0,0.0,1.0,2.0,4.0,97.0,0.0,10.0,3.0,7.0,11.0,0.0,12.0,17.0,8.0,8985515593.0,13210715.0,市辖区西城区,市辖区西城区广安门外街道,20.0,30.0,15.0,20.0,85.0,95.86666666666666,76.93061224489796,76.93061224489796
北京市,市辖区,朝阳区,建外街道,116.4468382,39.9056161,163.0,128.0,130.0,359.0,524.0,488.0,42.0,894.0,1461.0,52.0,8.0,18.0,20.0,39.0,80.0,110.0,5.0,9.0,114.0,804.0,97.0,63.0,3.0,43.0,26.0,55.0,4883.0,8.0,1985.0,38.0,287.0,162.0,135.0,111.0,29.0,23.0,23.0,0.0,26.0,75.0,65.0,83.0,0.0,166.0,164.0,4.0,0.0,0.0,0.0,2.0,5.0,7.0,1.0,0.0,24.0,97.0,19.0,15.0,0.0,6.0,6.0,1.0,521.0,0.0,100.0,10.0,48.0,29.0,18.0,30.0,21.0,15.0,8986305148.0,15887516.0,市辖区朝阳区,市辖区朝阳区建外街道,20.0,30.0,23.0,20.0,93.0,85.11627906976744,76.93061224489796,76.93061224489796
北京市,市辖区,朝阳区,朝外街道,116.4421434,39.9193547,162.0,147.0,178.0,338.0,515.0,662.0,52.0,1092.0,1559.0,76.0,3.0,21.0,18.0,51.0,72.0,95.0,11.0,10.0,124.0,1168.0,92.0,76.0,4.0,47.0,21.0,60.0,5369.0,22.0,2112.0,34.0,378.0,191.0,196.0,198.0,29.0,27.0,20.0,5.0,24.0,33.0,51.0,60.0,4.0,105.0,167.0,11.0,1.0,6.0,5.0,11.0,5.0,7.0,1.0,0.0,15.0,160.0,3.0,6.0,0.0,17.0,5.0,2.0,540.0,0.0,48.0,0.0,43.0,28.0,29.0,24.0,19.0,13.0,8986961563.0,15887514.0,市辖区朝阳区,市辖区朝阳区朝外街道,20.0,30.0,28.0,20.0,98.0,85.11627906976744,76.93061224489796,76.93061224489796
北京市,市辖区,朝阳区,呼家楼街道,116.4607251,39.9211852,171.0,130.0,108.0,412.0,390.0,667.0,60.0,1142.0,1368.0,105.0,6.0,16.0,15.0,45.0,63.0,81.0,8.0,5.0,105.0,1040.0,96.0,60.0,2.0,48.0,27.0,23.0,4622.0,6.0,1735.0,58.0,302.0,232.0,166.0,164.0,31.0,27.0,23.0,26.0,9.0,43.0,51.0,66.0,6.0,73.0,202.0,11.0,1.0,3.0,3.0,10.0,12.0,13.0,0.0,0.0,12.0,167.0,7.0,3.0,0.0,5.0,0.0,1.0,757.0,4.0,379.0,3.0,39.0,16.0,15.0,18.0,20.0,9.0,8986305158.0,18259905.0,市辖区朝阳区,市辖区朝阳区呼家楼街道,20.0,30.0,23.0,20.0,93.0,85.11627906976744,76.93061224489796,76.93061224489796
北京市,市辖区,朝阳区,三里屯街道,116.4408423,39.9362307,134.0,121.0,189.0,321.0,487.0,768.0,58.0,1043.0,1559.0,120.0,7.0,21.0,22.0,58.0,77.0,91.0,12.0,9.0,114.0,1206.0,121.0,64.0,4.0,40.0,19.0,61.0,4615.0,13.0,1100.0,48.0,386.0,214.0,214.0,194.0,31.0,24.0,0.0,15.0,39.0,18.0,74.0,70.0,4.0,90.0,142.0,16.0,0.0,4.0,2.0,8.0,15.0,18.0,5.0,1.0,27.0,329.0,13.0,8.0,1.0,10.0,4.0,10.0,566.0,0.0,27.0,0.0,83.0,38.0,33.0,49.0,17.0,13.0,8986305159.0,15887515.0,市辖区朝阳区,市辖区朝阳区三里屯街道,20.0,30.0,30.0,20.0,100.0,85.11627906976744,76.93061224489796,76.93061224489796
北京市,市辖区,朝阳区,左家庄街道,116.4449522,39.9481532,152.0,80.0,215.0,367.0,435.0,697.0,54.0,1011.0,1482.0,126.0,11.0,14.0,20.0,51.0,62.0,76.0,10.0,4.0,86.0,958.0,137.0,51.0,5.0,25.0,22.0,52.0,3309.0,7.0,342.0,61.0,267.0,200.0,168.0,164.0,30.0,24.0,42.0,0.0,59.0,42.0,68.0,57.0,13.0,101.0,210.0,11.0,4.0,1.0,2.0,2.0,11.0,14.0,0.0,0.0,8.0,56.0,22.0,10.0,2.0,0.0,3.0,2.0,468.0,0.0,14.0,7.0,33.0,23.0,19.0,56.0,21.0,11.0,8986305160.0,18259896.0,市辖区朝阳区,市辖区朝阳区左家庄街道,20.0,30.0,23.0,20.0,93.0,85.11627906976744,76.93061224489796,76.93061224489796
北京市,市辖区,朝阳区,香河园街道,116.4309359,39.9598185,147.0,96.0,199.0,423.0,473.0,615.0,48.0,1009.0,1577.0,92.0,13.0,8.0,16.0,34.0,78.0,104.0,7.0,5.0,63.0,490.0,130.0,52.0,7.0,10.0,19.0,55.0,3401.0,12.0,559.0,67.0,214.0,223.0,133.0,137.0,30.0,21.0,18.0,0.0,20.0,64.0,80.0,16.0,2.0,97.0,196.0,8.0,0.0,0.0,1.0,3.0,12.0,13.0,0.0,0.0,7.0,19.0,41.0,8.0,1.0,1.0,2.0,1.0,268.0,7.0,19.0,12.0,11.0,6.0,8.0,13.0,17.0,11.0,8986305161.0,18259895.0,市辖区朝阳区,市辖区朝阳区香河园街道,20.0,30.0,23.0,20.0,93.0,85.11627906976744,76.93061224489796,76.93061224489796
北京市,市辖区,朝阳区,和平街街道,116.4107031,39.9649809,124.0,144.0,141.0,472.0,445.0,530.0,40.0,993.0,1609.0,83.0,7.0,6.0,16.0,29.0,76.0,109.0,11.0,7.0,52.0,396.0,138.0,43.0,7.0,11.0,24.0,59.0,4283.0,24.0,1571.0,67.0,169.0,263.0,118.0,86.0,29.0,23.0,12.0,28.0,4.0,52.0,84.0,81.0,4.0,194.0,222.0,14.0,0.0,2.0,2.0,5.0,14.0,17.0,2.0,2.0,7.0,45.0,10.0,6.0,1.0,2.0,6.0,6.0,809.0,5.0,292.0,11.0,15.0,53.0,25.0,14.0,23.0,15.0,8986961564.0,18259894.0,市辖区朝阳区,市辖区朝阳区和平街街道,20.0,30.0,30.0,20.0,100.0,85.11627906976744,76.93061224489796,76.93061224489796
北京市,市辖区,朝阳区,安贞街道,116.3943717,39.9656728,120.0,162.0,140.0,423.0,468.0,598.0,68.0,1114.0,1550.0,91.0,7.0,13.0,21.0,31.0,77.0,108.0,10.0,6.0,57.0,401.0,136.0,36.0,3.0,29.0,20.0,49.0,4635.0,39.0,1961.0,67.0,166.0,257.0,153.0,98.0,29.0,23.0,17.0,17.0,13.0,65.0,46.0,60.0,4.0,85.0,206.0,7.0,1.0,1.0,1.0,3.0,10.0,16.0,2.0,1.0,11.0,52.0,1.0,4.0,0.0,0.0,3.0,10.0,788.0,1.0,614.0,3.0,17.0,21.0,11.0,19.0,19.0,8.0,8850698363.0,18259893.0,市辖区朝阳区,市辖区朝阳区安贞街道,20.0,30.0,30.0,20.0,100.0,85.11627906976744,76.93061224489796,76.93061224489796
北京市,市辖区,朝阳区,亚运村街道,116.4033686,39.9834831,86.0,168.0,212.0,470.0,466.0,471.0,79.0,1064.0,1486.0,110.0,14.0,3.0,18.0,36.0,55.0,100.0,9.0,7.0,96.0,435.0,126.0,52.0,9.0,11.0,18.0,39.0,3831.0,195.0,1479.0,59.0,205.0,318.0,126.0,79.0,30.0,24.0,14.0,46.0,15.0,54.0,57.0,28.0,2.0,91.0,139.0,12.0,0.0,0.0,2.0,2.0,5.0,12.0,2.0,0.0,12.0,46.0,17.0,6.0,1.0,1.0,0.0,3.0,379.0,11.0,77.0,10.0,11.0,45.0,10.0,16.0,18.0,10.0,8986961565.0,18259891.0,市辖区朝阳区,市辖区朝阳区亚运村街道,20.0,30.0,28.0,20.0,98.0,85.11627906976744,76.93061224489796,76.93061224489796
北京市,市辖区,朝阳区,小关街道,116.4150488,39.985826,82.0,150.0,202.0,444.0,399.0,419.0,84.0,1000.0,1346.0,85.0,13.0,3.0,17.0,33.0,48.0,86.0,8.0,6.0,83.0,392.0,129.0,44.0,9.0,13.0,21.0,37.0,2920.0,90.0,671.0,56.0,86.0,285.0,110.0,65.0,31.0,23.0,10.0,16.0,22.0,48.0,47.0,59.0,3.0,88.0,195.0,12.0,4.0,0.0,1.0,2.0,10.0,23.0,2.0,0.0,9.0,46.0,41.0,18.0,2.0,2.0,0.0,3.0,387.0,0.0,55.0,10.0,22.0,53.0,12.0,12.0,19.0,8.0,8986961566.0,18259892.0,市辖区朝阳区,市辖区朝阳区小关街道,20.0,30.0,28.0,20.0,98.0,85.11627906976744,76.93061224489796,76.93061224489796
北京市,市辖区,朝阳区,酒仙桥街道,116.4854603,39.963118,55.0,67.0,146.0,201.0,477.0,639.0,29.0,829.0,836.0,112.0,13.0,2.0,12.0,18.0,24.0,42.0,5.0,2.0,24.0,379.0,102.0,33.0,5.0,13.0,24.0,34.0,1867.0,4.0,98.0,75.0,84.0,185.0,114.0,54.0,29.0,26.0,12.0,12.0,9.0,29.0,72.0,27.0,3.0,95.0,159.0,6.0,2.0,0.0,2.0,2.0,6.0,9.0,0.0,0.0,5.0,38.0,30.0,1.0,0.0,3.0,2.0,4.0,155.0,0.0,4.0,2.0,5.0,7.0,5.0,11.0,20.0,11.0,5196299221.0,18259886.0,市辖区朝阳区,市辖区朝阳区酒仙桥街道,20.0,30.0,23.0,20.0,93.0,85.11627906976744,76.93061224489796,76.93061224489796
北京市,市辖区,朝阳区,麦子店街道,116.4633651,39.9342183,163.0,110.0,158.0,294.0,417.0,742.0,52.0,1049.0,1446.0,127.0,15.0,12.0,14.0,44.0,62.0,78.0,9.0,2.0,93.0,1020.0,103.0,48.0,4.0,44.0,25.0,36.0,4107.0,4.0,1298.0,55.0,282.0,249.0,165.0,149.0,32.0,24.0,14.0,27.0,13.0,32.0,29.0,109.0,16.0,68.0,153.0,27.0,1.0,2.0,4.0,11.0,5.0,5.0,0.0,1.0,9.0,180.0,21.0,4.0,0.0,2.0,0.0,2.0,574.0,0.0,93.0,5.0,27.0,23.0,33.0,32.0,23.0,14.0,8986961567.0,18259897.0,市辖区朝阳区,市辖区朝阳区麦子店街道,20.0,30.0,25.0,20.0,95.0,85.11627906976744,76.93061224489796,76.93061224489796
北京市,市辖区,朝阳区,团结湖街道,116.4576958,39.9305557,180.0,129.0,167.0,353.0,408.0,758.0,57.0,1264.0,1551.0,127.0,9.0,16.0,18.0,51.0,67.0,85.0,9.0,2.0,112.0,1107.0,99.0,66.0,4.0,49.0,27.0,32.0,4448.0,4.0,1406.0,59.0,327.0,266.0,180.0,182.0,31.0,28.0,13.0,27.0,5.0,38.0,44.0,91.0,8.0,99.0,141.0,24.0,1.0,3.0,5.0,17.0,8.0,9.0,3.0,1.0,14.0,356.0,11.0,2.0,0.0,8.0,2.0,3.0,667.0,0.0,83.0,2.0,73.0,29.0,34.0,41.0,22.0,13.0,8986961568.0,18259904.0,市辖区朝阳区,市辖区朝阳区团结湖街道,20.0,30.0,30.0,20.0,100.0,85.11627906976744,76.93061224489796,76.93061224489796
北京市,市辖区,朝阳区,六里屯街道,116.4734307,39.9284345,148.0,119.0,128.0,365.0,419.0,728.0,58.0,1084.0,1387.0,123.0,10.0,12.0,12.0,36.0,59.0,79.0,12.0,2.0,76.0,928.0,102.0,45.0,3.0,45.0,26.0,23.0,3917.0,8.0,1500.0,53.0,240.0,240.0,138.0,144.0,30.0,26.0,14.0,40.0,5.0,26.0,36.0,89.0,14.0,116.0,138.0,19.0,0.0,1.0,3.0,5.0,9.0,9.0,0.0,0.0,3.0,91.0,15.0,1.0,0.0,5.0,0.0,3.0,746.0,0.0,411.0,12.0,7.0,25.0,14.0,15.0,21.0,12.0,8986961569.0,18259899.0,市辖区朝阳区,市辖区朝阳区六里屯街道,20.0,30.0,23.0,20.0,93.0,85.11627906976744,76.93061224489796,76.93061224489796
北京市,市辖区,朝阳区,八里庄街道,116.473131,39.9138657,157.0,129.0,91.0,375.0,435.0,550.0,46.0,802.0,1405.0,80.0,8.0,9.0,10.0,31.0,63.0,82.0,8.0,2.0,84.0,714.0,117.0,38.0,2.0,36.0,24.0,16.0,4251.0,8.0,1958.0,41.0,179.0,186.0,101.0,88.0,30.0,25.0,31.0,35.0,10.0,73.0,29.0,66.0,11.0,78.0,239.0,9.0,0.0,2.0,0.0,0.0,8.0,15.0,0.0,0.0,7.0,35.0,8.0,7.0,1.0,5.0,4.0,1.0,716.0,0.0,633.0,4.0,16.0,17.0,7.0,15.0,20.0,10.0,8986961570.0,18259898.0,市辖区朝阳区,市辖区朝阳区八里庄街道,20.0,30.0,18.0,20.0,88.0,85.11627906976744,76.93061224489796,76.93061224489796
北京市,市辖区,朝阳区,双井街道,116.4604415,39.8954945,166.0,124.0,115.0,399.0,476.0,368.0,36.0,714.0,1428.0,49.0,6.0,6.0,16.0,23.0,64.0,97.0,2.0,5.0,86.0,414.0,106.0,38.0,2.0,35.0,27.0,21.0,4271.0,4.0,1685.0,40.0,195.0,166.0,88.0,88.0,29.0,22.0,17.0,11.0,4.0,45.0,71.0,34.0,0.0,50.0,145.0,7.0,2.0,0.0,1.0,1.0,2.0,4.0,0.0,0.0,10.0,58.0,22.0,6.0,0.0,2.0,0.0,1.0,507.0,0.0,291.0,6.0,11.0,11.0,7.0,15.0,17.0,8.0,8986961571.0,18259901.0,市辖区朝阳区,市辖区朝阳区双井街道,20.0,30.0,23.0,20.0,93.0,85.11627906976744,76.93061224489796,76.93061224489796
北京市,市辖区,朝阳区,劲松街道,116.4586017,39.8848649,146.0,117.0,144.0,379.0,441.0,243.0,15.0,638.0,1273.0,46.0,10.0,8.0,15.0,20.0,56.0,81.0,1.0,6.0,64.0,336.0,98.0,33.0,2.0,27.0,21.0,24.0,3662.0,0.0,1252.0,39.0,150.0,178.0,76.0,63.0,29.0,20.0,13.0,6.0,13.0,30.0,57.0,8.0,0.0,34.0,179.0,4.0,1.0,0.0,7.0,7.0,12.0,17.0,0.0,2.0,11.0,68.0,14.0,6.0,0.0,6.0,3.0,1.0,664.0,0.0,83.0,2.0,1.0,6.0,8.0,8.0,17.0,6.0,8986961572.0,18259902.0,市辖区朝阳区,市辖区朝阳区劲松街道,20.0,30.0,25.0,20.0,95.0,85.11627906976744,76.93061224489796,76.93061224489796
北京市,市辖区,朝阳区,潘家园街道,116.4619292,39.8703288,112.0,92.0,146.0,257.0,316.0,140.0,6.0,433.0,1083.0,39.0,10.0,2.0,16.0,20.0,53.0,74.0,1.0,6.0,43.0,223.0,79.0,8.0,1.0,18.0,14.0,17.0,2717.0,0.0,849.0,24.0,86.0,159.0,74.0,45.0,29.0,14.0,20.0,24.0,11.0,44.0,56.0,18.0,0.0,64.0,191.0,8.0,2.0,0.0,2.0,3.0,6.0,10.0,1.0,0.0,2.0,22.0,4.0,1.0,0.0,5.0,0.0,1.0,540.0,0.0,118.0,3.0,3.0,5.0,14.0,12.0,18.0,8.0,8986961573.0,18259903.0,市辖区朝阳区,市辖区朝阳区潘家园街道,20.0,30.0,28.0,20.0,98.0,85.11627906976744,76.93061224489796,76.93061224489796
北京市,市辖区,朝阳区,垡头街道,116.5038594,39.866872,41.0,69.0,96.0,127.0,389.0,129.0,10.0,177.0,509.0,45.0,3.0,0.0,3.0,3.0,24.0,40.0,0.0,0.0,0.0,41.0,68.0,5.0,6.0,11.0,22.0,19.0,1302.0,0.0,91.0,16.0,13.0,138.0,40.0,26.0,27.0,17.0,0.0,16.0,25.0,37.0,67.0,48.0,0.0,34.0,91.0,13.0,0.0,0.0,1.0,1.0,4.0,7.0,0.0,0.0,0.0,3.0,13.0,0.0,0.0,0.0,2.0,3.0,356.0,0.0,5.0,1.0,6.0,14.0,3.0,8.0,20.0,9.0,8986961574.0,18259900.0,市辖区朝阳区,市辖区朝阳区垡头街道,20.0,30.0,13.0,20.0,83.0,85.11627906976744,76.93061224489796,76.93061224489796
北京市,市辖区,朝阳区,首都机场街道,116.5856596,40.0469407,0.0,39.0,32.0,123.0,160.0,180.0,11.0,121.0,303.0,17.0,7.0,0.0,1.0,2.0,6.0,9.0,1.0,0.0,4.0,38.0,33.0,9.0,3.0,2.0,5.0,5.0,1265.0,0.0,0.0,16.0,16.0,38.0,24.0,15.0,26.0,18.0,0.0,16.0,0.0,38.0,35.0,21.0,0.0,18.0,93.0,1.0,1.0,0.0,1.0,1.0,2.0,2.0,0.0,0.0,0.0,3.0,14.0,0.0,1.0,1.0,1.0,2.0,322.0,0.0,0.0,0.0,3.0,5.0,2.0,5.0,14.0,9.0,8986961579.0,14918350.0,市辖区朝阳区,市辖区朝阳区首都机场街道,20.0,30.0,13.0,20.0,83.0,85.11627906976744,76.93061224489796,76.93061224489796
北京市,市辖区,朝阳区,南磨房地区,116.50572,39.855849,34.0,37.0,99.0,130.0,287.0,120.0,12.0,109.0,423.0,29.0,2.0,0.0,3.0,3.0,19.0,31.0,0.0,0.0,0.0,17.0,53.0,4.0,4.0,7.0,20.0,23.0,927.0,0.0,64.0,15.0,9.0,84.0,39.0,23.0,27.0,17.0,0.0,4.0,8.0,16.0,52.0,32.0,2.0,6.0,33.0,10.0,1.0,0.0,0.0,0.0,5.0,8.0,0.0,0.0,0.0,2.0,10.0,0.0,0.0,0.0,2.0,2.0,205.0,0.0,5.0,1.0,6.0,9.0,0.0,7.0,12.0,5.0,-1.0,-1.0,市辖区朝阳区,市辖区朝阳区南磨房地区,5.0,30.0,7.0,20.0,62.0,85.11627906976744,76.93061224489796,76.93061224489796
北京市,市辖区,朝阳区,高碑店地区,116.532109,39.902884,27.0,45.0,51.0,120.0,590.0,128.0,4.0,190.0,380.0,44.0,8.0,3.0,4.0,5.0,17.0,26.0,1.0,1.0,7.0,139.0,89.0,13.0,11.0,3.0,7.0,14.0,1783.0,3.0,38.0,34.0,46.0,96.0,23.0,23.0,23.0,20.0,0.0,0.0,5.0,14.0,103.0,14.0,2.0,16.0,32.0,0.0,0.0,0.0,0.0,0.0,0.0,0.0,0.0,0.0,0.0,1.0,3.0,1.0,0.0,0.0,1.0,0.0,140.0,0.0,0.0,2.0,2.0,3.0,1.0,8.0,16.0,9.0,-1.0,-1.0,市辖区朝阳区,市辖区朝阳区高碑店地区,5.0,30.0,6.0,20.0,61.0,85.11627906976744,76.93061224489796,76.93061224489796
北京市,市辖区,朝阳区,将台地区,116.4827033,39.9675119,52.0,86.0,140.0,210.0,518.0,627.0,48.0,824.0,854.0,119.0,14.0,3.0,10.0,16.0,24.0,43.0,5.0,3.0,27.0,363.0,94.0,35.0,4.0,11.0,23.0,36.0,1935.0,3.0,122.0,79.0,87.0,186.0,106.0,54.0,28.0,24.0,4.0,12.0,17.0,14.0,87.0,31.0,1.0,108.0,168.0,11.0,2.0,0.0,4.0,4.0,6.0,9.0,0.0,0.0,8.0,60.0,24.0,2.0,1.0,3.0,2.0,4.0,224.0,0.0,16.0,1.0,8.0,18.0,10.0,8.0,17.0,16.0,5196302102.0,-1.0,市辖区朝阳区,市辖区朝阳区将台地区,12.0,30.0,23.0,20.0,85.0,85.11627906976744,76.93061224489796,76.93061224489796
北京市,市辖区,朝阳区,太阳宫地区,116.4358754,39.9724051,137.0,102.0,180.0,429.0,527.0,429.0,52.0,990.0,1486.0,128.0,16.0,8.0,16.0,25.0,56.0,97.0,5.0,5.0,43.0,253.0,176.0,55.0,10.0,11.0,22.0,36.0,2805.0,12.0,424.0,100.0,102.0,245.0,76.0,61.0,30.0,22.0,24.0,3.0,35.0,74.0,56.0,21.0,1.0,96.0,151.0,6.0,0.0,0.0,2.0,2.0,5.0,10.0,1.0,0.0,10.0,24.0,27.0,4.0,1.0,2.0,5.0,5.0,167.0,0.0,8.0,10.0,5.0,30.0,2.0,15.0,22.0,13.0,5851111682.0,-1.0,市辖区朝阳区,市辖区朝阳区太阳宫地区,12.0,30.0,28.0,20.0,90.0,85.11627906976744,76.93061224489796,76.93061224489796
北京市,市辖区,朝阳区,大屯街道,116.4056397,39.9971794,35.0,140.0,202.0,343.0,367.0,471.0,89.0,989.0,1029.0,121.0,11.0,1.0,16.0,29.0,33.0,76.0,7.0,4.0,81.0,389.0,108.0,42.0,8.0,10.0,7.0,39.0,2595.0,209.0,573.0,43.0,175.0,277.0,113.0,64.0,32.0,28.0,0.0,36.0,41.0,59.0,55.0,51.0,8.0,90.0,248.0,1.0,5.0,1.0,9.0,16.0,11.0,19.0,1.0,1.0,41.0,126.0,21.0,2.0,1.0,3.0,0.0,5.0,443.0,4.0,54.0,1.0,33.0,37.0,26.0,10.0,16.0,7.0,8986961575.0,18259889.0,市辖区朝阳区,市辖区朝阳区大屯街道,20.0,30.0,30.0,20.0,100.0,85.11627906976744,76.93061224489796,76.93061224489796
北京市,市辖区,朝阳区,望京街道,116.4823568,39.9919555,21.0,159.0,156.0,276.0,575.0,458.0,78.0,838.0,963.0,117.0,10.0,3.0,10.0,14.0,37.0,62.0,6.0,4.0,40.0,370.0,96.0,32.0,7.0,7.0,19.0,32.0,2361.0,1.0,180.0,67.0,103.0,239.0,93.0,37.0,27.0,24.0,2.0,26.0,28.0,38.0,40.0,88.0,25.0,184.0,96.0,7.0,0.0,0.0,1.0,2.0,3.0,8.0,0.0,0.0,3.0,62.0,6.0,9.0,0.0,2.0,1.0,5.0,329.0,1.0,11.0,2.0,4.0,28.0,28.0,6.0,22.0,11.0,8986961576.0,18259887.0,市辖区朝阳区,市辖区朝阳区望京街道,20.0,30.0,23.0,20.0,93.0,85.11627906976744,76.93061224489796,76.93061224489796
北京市,市辖区,朝阳区,小红门地区,116.46233,39.832533,53.0,54.0,86.0,100.0,121.0,121.0,21.0,96.0,376.0,17.0,4.0,4.0,3.0,3.0,9.0,13.0,1.0,0.0,0.0,15.0,52.0,3.0,3.0,2.0,19.0,10.0,582.0,0.0,178.0,15.0,7.0,51.0,3.0,18.0,26.0,14.0,14.0,4.0,25.0,24.0,23.0,26.0,0.0,12.0,51.0,1.0,1.0,3.0,1.0,1.0,3.0,5.0,0.0,0.0,0.0,3.0,13.0,0.0,0.0,0.0,4.0,2.0,91.0,0.0,14.0,2.0,1.0,4.0,0.0,4.0,19.0,7.0,-1.0,-1.0,市辖区朝阳区,市辖区朝阳区小红门地区,5.0,30.0,18.0,20.0,73.0,85.11627906976744,76.93061224489796,76.93061224489796
北京市,市辖区,朝阳区,十八里店地区,116.498679,39.844209,42.0,30.0,93.0,125.0,207.0,101.0,4.0,168.0,327.0,30.0,4.0,2.0,3.0,3.0,13.0,23.0,0.0,0.0,0.0,11.0,54.0,4.0,3.0,2.0,20.0,22.0,840.0,0.0,64.0,11.0,12.0,63.0,38.0,20.0,26.0,16.0,0.0,0.0,0.0,10.0,38.0,7.0,2.0,4.0,19.0,1.0,0.0,0.0,0.0,0.0,1.0,1.0,0.0,0.0,0.0,2.0,13.0,1.0,0.0,0.0,1.0,2.0,2.0,0.0,0.0,0.0,1.0,6.0,2.0,4.0,9.0,8.0,-1.0,-1.0,市辖区朝阳区,市辖区朝阳区十八里店地区,5.0,30.0,12.0,20.0,67.0,85.11627906976744,76.93061224489796,76.93061224489796
北京市,市辖区,朝阳区,平房地区,116.518559,39.924625,28.0,53.0,96.0,182.0,475.0,160.0,10.0,392.0,678.0,41.0,9.0,2.0,6.0,8.0,33.0,46.0,4.0,0.0,14.0,209.0,115.0,23.0,8.0,10.0,10.0,12.0,2057.0,11.0,346.0,10.0,56.0,113.0,31.0,29.0,25.0,17.0,2.0,11.0,17.0,35.0,30.0,0.0,0.0,30.0,105.0,2.0,1.0,0.0,1.0,1.0,3.0,3.0,0.0,0.0,0.0,14.0,24.0,3.0,2.0,1.0,3.0,0.0,156.0,0.0,14.0,0.0,2.0,11.0,3.0,5.0,12.0,10.0,-1.0,-1.0,市辖区朝阳区,市辖区朝阳区平房地区,5.0,30.0,21.0,20.0,76.0,85.11627906976744,76.93061224489796,76.93061224489796
北京市,市辖区,朝阳区,东风地区,116.4993785,39.9370235,69.0,101.0,93.0,232.0,338.0,418.0,30.0,644.0,875.0,70.0,15.0,0.0,9.0,12.0,38.0,51.0,6.0,0.0,18.0,229.0,137.0,17.0,6.0,17.0,20.0,22.0,2177.0,7.0,798.0,32.0,34.0,169.0,54.0,31.0,28.0,19.0,0.0,19.0,39.0,38.0,29.0,51.0,2.0,75.0,152.0,10.0,2.0,0.0,0.0,0.0,7.0,10.0,0.0,0.0,4.0,27.0,25.0,0.0,0.0,4.0,4.0,3.0,151.0,7.0,26.0,1.0,9.0,18.0,6.0,7.0,15.0,11.0,5196260774.0,-1.0,市辖区朝阳区,市辖区朝阳区东风地区,12.0,30.0,13.0,20.0,75.0,85.11627906976744,76.93061224489796,76.93061224489796
北京市,市辖区,朝阳区,奥运村街道,116.4067294,40.0250576,0.0,112.0,111.0,229.0,447.0,437.0,66.0,933.0,666.0,68.0,7.0,2.0,13.0,20.0,17.0,33.0,3.0,2.0,52.0,299.0,104.0,20.0,9.0,17.0,11.0,28.0,1892.0,45.0,126.0,23.0,64.0,210.0,55.0,29.0,25.0,26.0,0.0,31.0,18.0,35.0,65.0,71.0,18.0,95.0,78.0,21.0,1.0,0.0,1.0,1.0,3.0,8.0,1.0,0.0,10.0,57.0,14.0,5.0,1.0,4.0,0.0,4.0,317.0,2.0,5.0,3.0,5.0,47.0,4.0,8.0,20.0,15.0,8986961577.0,18259890.0,市辖区朝阳区,市辖区朝阳区奥运村街道,20.0,30.0,28.0,20.0,98.0,85.11627906976744,76.93061224489796,76.93061224489796
北京市,市辖区,朝阳区,来广营地区,116.4268052,40.0503701,0.0,77.0,154.0,222.0,457.0,274.0,57.0,550.0,944.0,49.0,6.0,2.0,14.0,21.0,23.0,45.0,3.0,2.0,40.0,273.0,118.0,13.0,12.0,19.0,20.0,17.0,1789.0,12.0,100.0,9.0,82.0,135.0,33.0,23.0,23.0,24.0,0.0,8.0,29.0,61.0,73.0,11.0,4.0,50.0,138.0,3.0,0.0,0.0,0.0,0.0,5.0,10.0,0.0,0.0,3.0,12.0,12.0,2.0,2.0,1.0,1.0,1.0,160.0,0.0,7.0,1.0,5.0,14.0,0.0,4.0,15.0,11.0,-1.0,-1.0,市辖区朝阳区,市辖区朝阳区来广营地区,5.0,30.0,18.0,20.0,73.0,85.11627906976744,76.93061224489796,76.93061224489796
北京市,市辖区,朝阳区,常营地区,116.5883355,39.922042,15.0,26.0,28.0,173.0,312.0,109.0,20.0,147.0,474.0,12.0,11.0,1.0,4.0,16.0,21.0,38.0,4.0,2.0,12.0,223.0,104.0,9.0,7.0,10.0,19.0,15.0,1018.0,0.0,46.0,4.0,46.0,71.0,14.0,29.0,27.0,20.0,0.0,13.0,0.0,54.0,38.0,5.0,1.0,2.0,109.0,1.0,1.0,0.0,1.0,2.0,7.0,14.0,0.0,0.0,2.0,38.0,23.0,3.0,2.0,4.0,1.0,1.0,113.0,0.0,3.0,0.0,20.0,8.0,3.0,5.0,11.0,8.0,5851112409.0,-1.0,市辖区朝阳区,市辖区朝阳区常营地区,12.0,30.0,23.0,20.0,85.0,85.11627906976744,76.93061224489796,76.93061224489796
北京市,市辖区,朝阳区,三间房地区,116.575379,39.920668,11.0,22.0,31.0,166.0,365.0,76.0,24.0,188.0,468.0,18.0,9.0,2.0,6.0,15.0,22.0,42.0,4.0,2.0,12.0,235.0,111.0,11.0,7.0,8.0,18.0,17.0,1353.0,0.0,24.0,5.0,65.0,73.0,24.0,23.0,26.0,23.0,2.0,13.0,0.0,52.0,25.0,0.0,1.0,16.0,112.0,0.0,1.0,0.0,0.0,2.0,3.0,6.0,1.0,0.0,2.0,20.0,23.0,2.0,2.0,4.0,6.0,1.0,183.0,0.0,2.0,1.0,3.0,3.0,4.0,6.0,13.0,9.0,-1.0,-1.0,市辖区朝阳区,市辖区朝阳区三间房地区,5.0,30.0,23.0,20.0,78.0,85.11627906976744,76.93061224489796,76.93061224489796
北京市,市辖区,朝阳区,管庄地区,116.5900807,39.9087825,25.0,51.0,25.0,197.0,366.0,106.0,22.0,142.0,599.0,18.0,10.0,0.0,8.0,22.0,27.0,50.0,4.0,1.0,13.0,271.0,121.0,8.0,8.0,9.0,22.0,16.0,1494.0,0.0,35.0,19.0,50.0,63.0,18.0,28.0,27.0,22.0,11.0,0.0,9.0,37.0,66.0,6.0,12.0,45.0,97.0,1.0,1.0,0.0,2.0,7.0,4.0,5.0,0.0,0.0,6.0,89.0,9.0,0.0,0.0,0.0,5.0,5.0,262.0,0.0,1.0,1.0,7.0,4.0,4.0,8.0,20.0,8.0,5851112426.0,-1.0,市辖区朝阳区,市辖区朝阳区管庄地区,12.0,30.0,18.0,20.0,80.0,85.11627906976744,76.93061224489796,76.93061224489796
北京市,市辖区,朝阳区,金盏地区,116.568902,40.003503,0.0,0.0,28.0,33.0,100.0,132.0,12.0,51.0,153.0,5.0,3.0,0.0,0.0,0.0,8.0,10.0,1.0,0.0,0.0,3.0,10.0,3.0,2.0,2.0,20.0,9.0,226.0,0.0,132.0,4.0,1.0,35.0,2.0,9.0,21.0,18.0,0.0,0.0,8.0,8.0,15.0,2.0,0.0,0.0,32.0,0.0,0.0,0.0,0.0,0.0,2.0,2.0,1.0,0.0,0.0,1.0,1.0,0.0,0.0,0.0,3.0,3.0,0.0,0.0,0.0,0.0,0.0,3.0,0.0,1.0,9.0,4.0,-1.0,-1.0,市辖区朝阳区,市辖区朝阳区金盏地区,5.0,30.0,11.0,20.0,66.0,85.11627906976744,76.93061224489796,76.93061224489796
北京市,市辖区,朝阳区,孙河地区,116.53563,40.037488,11.0,2.0,90.0,122.0,309.0,150.0,10.0,121.0,284.0,25.0,5.0,0.0,4.0,4.0,14.0,20.0,1.0,0.0,0.0,31.0,69.0,8.0,0.0,2.0,16.0,8.0,1054.0,0.0,4.0,4.0,8.0,67.0,4.0,11.0,24.0,20.0,7.0,0.0,40.0,39.0,18.0,31.0,1.0,42.0,122.0,5.0,1.0,0.0,0.0,0.0,1.0,3.0,1.0,0.0,0.0,15.0,21.0,1.0,0.0,1.0,2.0,2.0,53.0,0.0,0.0,0.0,0.0,17.0,0.0,5.0,17.0,7.0,-1.0,-1.0,市辖区朝阳区,市辖区朝阳区孙河地区,5.0,30.0,16.0,20.0,71.0,85.11627906976744,76.93061224489796,76.93061224489796
北京市,市辖区,朝阳区,崔各庄地区,116.50379,40.018067,14.0,31.0,69.0,161.0,312.0,233.0,12.0,247.0,414.0,25.0,8.0,1.0,5.0,6.0,17.0,22.0,0.0,0.0,1.0,23.0,47.0,21.0,8.0,2.0,11.0,16.0,538.0,0.0,12.0,7.0,21.0,89.0,8.0,23.0,27.0,24.0,4.0,0.0,6.0,13.0,35.0,6.0,1.0,30.0,31.0,5.0,1.0,0.0,1.0,1.0,4.0,4.0,0.0,0.0,1.0,5.0,2.0,0.0,0.0,0.0,0.0,1.0,14.0,0.0,0.0,0.0,1.0,11.0,0.0,1.0,19.0,8.0,-1.0,-1.0,市辖区朝阳区,市辖区朝阳区崔各庄地区,5.0,30.0,22.0,20.0,77.0,85.11627906976744,76.93061224489796,76.93061224489796
北京市,市辖区,朝阳区,东坝地区,116.5277605,39.9640204,0.0,21.0,42.0,161.0,343.0,242.0,12.0,219.0,452.0,12.0,4.0,2.0,6.0,7.0,18.0,29.0,2.0,0.0,3.0,32.0,97.0,13.0,9.0,7.0,33.0,26.0,910.0,1.0,27.0,14.0,10.0,68.0,5.0,17.0,22.0,18.0,0.0,4.0,4.0,40.0,99.0,3.0,4.0,134.0,104.0,2.0,0.0,0.0,0.0,1.0,5.0,7.0,1.0,0.0,0.0,14.0,26.0,2.0,0.0,0.0,3.0,5.0,275.0,0.0,1.0,1.0,0.0,8.0,1.0,6.0,17.0,9.0,-1.0,-1.0,市辖区朝阳区,市辖区朝阳区东坝地区,5.0,30.0,21.0,20.0,76.0,85.11627906976744,76.93061224489796,76.93061224489796
北京市,市辖区,朝阳区,黑庄户地区,116.596662,39.853324,0.0,27.0,41.0,76.0,278.0,118.0,10.0,38.0,222.0,18.0,3.0,3.0,1.0,1.0,7.0,8.0,0.0,0.0,0.0,7.0,26.0,8.0,12.0,2.0,7.0,24.0,1049.0,0.0,49.0,5.0,3.0,56.0,10.0,11.0,17.0,19.0,0.0,2.0,8.0,6.0,25.0,13.0,0.0,0.0,40.0,0.0,2.0,1.0,1.0,1.0,3.0,3.0,0.0,0.0,0.0,1.0,5.0,1.0,1.0,1.0,0.0,2.0,211.0,0.0,0.0,0.0,0.0,2.0,0.0,6.0,8.0,7.0,-1.0,-1.0,市辖区朝阳区,市辖区朝阳区黑庄户地区,5.0,30.0,16.0,20.0,71.0,85.11627906976744,76.93061224489796,76.93061224489796
北京市,市辖区,朝阳区,豆各庄地区,116.567218,39.871684,2.0,22.0,27.0,99.0,347.0,122.0,4.0,84.0,285.0,24.0,4.0,2.0,3.0,3.0,12.0,17.0,3.0,0.0,1.0,7.0,31.0,6.0,13.0,4.0,4.0,21.0,1270.0,0.0,4.0,40.0,5.0,65.0,8.0,14.0,22.0,19.0,0.0,0.0,0.0,44.0,33.0,2.0,0.0,9.0,38.0,1.0,0.0,0.0,0.0,0.0,1.0,1.0,0.0,0.0,0.0,0.0,4.0,1.0,0.0,0.0,0.0,5.0,129.0,0.0,0.0,0.0,1.0,14.0,0.0,3.0,13.0,7.0,-1.0,-1.0,市辖区朝阳区,市辖区朝阳区豆各庄地区,5.0,30.0,10.0,20.0,65.0,85.11627906976744,76.93061224489796,76.93061224489796
北京市,市辖区,朝阳区,王四营地区,116.529961,39.87855,10.0,43.0,48.0,121.0,500.0,128.0,6.0,53.0,293.0,33.0,5.0,0.0,2.0,2.0,13.0,21.0,0.0,0.0,0.0,18.0,41.0,7.0,13.0,6.0,16.0,18.0,1155.0,0.0,5.0,37.0,12.0,59.0,2.0,18.0,25.0,21.0,0.0,0.0,3.0,1.0,49.0,6.0,0.0,0.0,21.0,0.0,0.0,0.0,0.0,0.0,0.0,1.0,0.0,0.0,0.0,1.0,3.0,0.0,3.0,1.0,1.0,3.0,11.0,0.0,0.0,4.0,1.0,3.0,1.0,2.0,6.0,8.0,-1.0,-1.0,市辖区朝阳区,市辖区朝阳区王四营地区,5.0,30.0,1.0,20.0,56.0,85.11627906976744,76.93061224489796,76.93061224489796
北京市,市辖区,朝阳区,东湖街道,116.4682145,40.0023039,5.0,187.0,157.0,276.0,506.0,375.0,95.0,808.0,936.0,102.0,12.0,1.0,6.0,11.0,34.0,61.0,4.0,4.0,36.0,316.0,82.0,37.0,8.0,8.0,17.0,27.0,2081.0,1.0,147.0,56.0,83.0,224.0,77.0,34.0,27.0,20.0,0.0,44.0,48.0,69.0,123.0,39.0,35.0,212.0,228.0,24.0,2.0,0.0,1.0,1.0,11.0,14.0,0.0,1.0,11.0,87.0,22.0,6.0,1.0,3.0,1.0,6.0,416.0,0.0,39.0,4.0,25.0,81.0,10.0,8.0,18.0,17.0,8986961578.0,18259888.0,市辖区朝阳区,市辖区朝阳区东湖街道,20.0,30.0,25.0,20.0,95.0,85.11627906976744,76.93061224489796,76.93061224489796
北京市,市辖区,丰台区,右安门街道,116.3603489,39.8557029,134.0,90.0,204.0,383.0,482.0,472.0,57.0,670.0,1313.0,141.0,10.0,12.0,17.0,24.0,43.0,70.0,9.0,1.0,14.0,151.0,185.0,25.0,19.0,10.0,41.0,69.0,3089.0,9.0,1762.0,45.0,47.0,205.0,38.0,54.0,30.0,20.0,13.0,14.0,38.0,74.0,62.0,55.0,4.0,70.0,148.0,4.0,1.0,0.0,4.0,4.0,6.0,7.0,1.0,0.0,2.0,24.0,27.0,3.0,1.0,3.0,8.0,10.0,218.0,0.0,81.0,4.0,3.0,24.0,3.0,13.0,22.0,13.0,8986961588.0,5696749.0,市辖区丰台区,市辖区丰台区右安门街道,20.0,30.0,28.0,20.0,98.0,90.57692307692308,76.93061224489796,76.93061224489796
北京市,市辖区,丰台区,太平桥街道,116.3069815,39.8728977,189.0,88.0,148.0,483.0,460.0,325.0,52.0,511.0,1320.0,109.0,6.0,11.0,10.0,11.0,36.0,60.0,10.0,3.0,17.0,139.0,215.0,50.0,12.0,18.0,63.0,30.0,1950.0,0.0,78.0,36.0,62.0,169.0,52.0,53.0,27.0,21.0,31.0,16.0,0.0,62.0,75.0,28.0,2.0,79.0,154.0,26.0,1.0,4.0,1.0,1.0,1.0,4.0,2.0,1.0,5.0,26.0,26.0,3.0,1.0,7.0,13.0,5.0,176.0,0.0,1.0,2.0,12.0,14.0,16.0,10.0,22.0,12.0,8986961589.0,18233904.0,市辖区丰台区,市辖区丰台区太平桥街道,20.0,30.0,30.0,20.0,100.0,90.57692307692308,76.93061224489796,76.93061224489796
北京市,市辖区,丰台区,西罗园街道,116.3775039,39.8621185,108.0,89.0,186.0,418.0,508.0,464.0,73.0,923.0,1534.0,116.0,8.0,12.0,21.0,32.0,63.0,89.0,11.0,0.0,20.0,210.0,171.0,34.0,5.0,8.0,39.0,95.0,3806.0,10.0,1993.0,33.0,84.0,254.0,77.0,71.0,29.0,23.0,19.0,11.0,31.0,69.0,41.0,110.0,25.0,106.0,207.0,13.0,1.0,0.0,1.0,3.0,6.0,8.0,2.0,0.0,0.0,13.0,17.0,2.0,0.0,0.0,1.0,14.0,414.0,0.0,152.0,3.0,4.0,30.0,4.0,20.0,19.0,10.0,8986961590.0,5696774.0,市辖区丰台区,市辖区丰台区西罗园街道,20.0,30.0,26.0,20.0,96.0,90.57692307692308,76.93061224489796,76.93061224489796
北京市,市辖区,丰台区,大红门街道,116.4012827,39.8374274,127.0,56.0,147.0,257.0,296.0,195.0,22.0,336.0,1108.0,39.0,5.0,2.0,10.0,12.0,40.0,52.0,6.0,0.0,5.0,88.0,141.0,13.0,12.0,9.0,24.0,53.0,2753.0,3.0,1747.0,32.0,46.0,106.0,35.0,38.0,25.0,20.0,20.0,10.0,38.0,28.0,44.0,5.0,3.0,33.0,123.0,3.0,1.0,0.0,2.0,3.0,5.0,7.0,1.0,0.0,3.0,11.0,25.0,1.0,2.0,2.0,7.0,11.0,332.0,0.0,250.0,4.0,2.0,15.0,5.0,11.0,22.0,14.0,8986961591.0,12978283.0,市辖区丰台区,市辖区丰台区大红门街道,20.0,30.0,28.0,20.0,98.0,90.57692307692308,76.93061224489796,76.93061224489796
北京市,市辖区,丰台区,南苑街道,116.3712794,39.8076944,35.0,17.0,36.0,91.0,201.0,210.0,6.0,174.0,503.0,25.0,2.0,1.0,1.0,1.0,10.0,18.0,3.0,0.0,2.0,22.0,74.0,18.0,21.0,10.0,46.0,21.0,974.0,0.0,544.0,28.0,7.0,80.0,16.0,28.0,28.0,19.0,0.0,2.0,0.0,16.0,30.0,14.0,0.0,37.0,71.0,1.0,0.0,0.0,0.0,0.0,2.0,4.0,0.0,0.0,0.0,3.0,18.0,0.0,5.0,2.0,13.0,8.0,129.0,0.0,111.0,0.0,2.0,10.0,1.0,5.0,13.0,10.0,6263660714.0,18233908.0,市辖区丰台区,市辖区丰台区南苑街道,20.0,30.0,13.0,20.0,83.0,90.57692307692308,76.93061224489796,76.93061224489796
北京市,市辖区,丰台区,东高地街道,116.4153826,39.8066905,81.0,9.0,73.0,142.0,180.0,213.0,16.0,184.0,488.0,26.0,2.0,1.0,2.0,3.0,15.0,20.0,3.0,1.0,5.0,29.0,85.0,9.0,17.0,1.0,14.0,30.0,1320.0,0.0,272.0,49.0,9.0,126.0,23.0,20.0,26.0,17.0,20.0,0.0,12.0,15.0,18.0,13.0,0.0,83.0,55.0,3.0,0.0,0.0,0.0,0.0,2.0,3.0,0.0,1.0,1.0,3.0,13.0,1.0,1.0,1.0,0.0,8.0,283.0,0.0,154.0,2.0,1.0,16.0,0.0,8.0,18.0,7.0,8986961593.0,18233909.0,市辖区丰台区,市辖区丰台区东高地街道,20.0,30.0,17.0,20.0,87.0,90.57692307692308,76.93061224489796,76.93061224489796
北京市,市辖区,丰台区,东铁匠营街道,116.4130944,39.8615397,116.0,95.0,113.0,369.0,359.0,259.0,64.0,1162.0,1387.0,61.0,6.0,8.0,13.0,21.0,64.0,84.0,4.0,4.0,33.0,210.0,132.0,16.0,3.0,8.0,25.0,71.0,3577.0,5.0,1720.0,38.0,145.0,191.0,83.0,64.0,27.0,24.0,28.0,14.0,3.0,54.0,51.0,18.0,2.0,112.0,189.0,5.0,1.0,2.0,2.0,2.0,16.0,20.0,1.0,1.0,6.0,44.0,13.0,1.0,0.0,0.0,3.0,8.0,690.0,0.0,468.0,15.0,16.0,28.0,10.0,15.0,18.0,10.0,8987580460.0,19798469.0,市辖区丰台区,市辖区丰台区东铁匠营街道,20.0,30.0,30.0,20.0,100.0,90.57692307692308,76.93061224489796,76.93061224489796
北京市,市辖区,丰台区,六里桥街道,116.2753811,39.8690209,120.0,17.0,118.0,299.0,655.0,211.0,38.0,381.0,927.0,117.0,13.0,9.0,9.0,10.0,30.0,52.0,9.0,1.0,12.0,134.0,220.0,39.0,27.0,19.0,54.0,22.0,2526.0,0.0,17.0,37.0,40.0,217.0,28.0,36.0,27.0,24.0,38.0,0.0,5.0,72.0,48.0,7.0,6.0,47.0,119.0,16.0,0.0,0.0,1.0,1.0,3.0,5.0,0.0,0.0,0.0,3.0,25.0,3.0,1.0,2.0,9.0,3.0,153.0,0.0,0.0,4.0,3.0,31.0,3.0,10.0,20.0,13.0,8987580461.0,18233903.0,市辖区丰台区,市辖区丰台区六里桥街道,20.0,30.0,18.0,20.0,88.0,90.57692307692308,76.93061224489796,76.93061224489796
北京市,市辖区,丰台区,丰台街道,116.2808926,39.8479733,111.0,45.0,104.0,332.0,634.0,201.0,55.0,360.0,923.0,95.0,7.0,8.0,13.0,14.0,42.0,69.0,8.0,1.0,13.0,117.0,198.0,81.0,26.0,8.0,70.0,13.0,2378.0,0.0,39.0,39.0,33.0,237.0,23.0,39.0,29.0,23.0,11.0,0.0,22.0,25.0,125.0,45.0,6.0,47.0,134.0,15.0,0.0,1.0,3.0,4.0,12.0,14.0,2.0,1.0,2.0,48.0,45.0,6.0,3.0,2.0,2.0,1.0,764.0,0.0,5.0,8.0,9.0,32.0,2.0,13.0,20.0,15.0,8987580470.0,5696769.0,市辖区丰台区,市辖区丰台区丰台街道,20.0,30.0,30.0,20.0,100.0,90.57692307692308,76.93061224489796,76.93061224489796
北京市,市辖区,丰台区,新村街道,116.3026291,39.8386232,77.0,84.0,141.0,320.0,435.0,204.0,76.0,397.0,920.0,88.0,9.0,7.0,15.0,16.0,42.0,65.0,8.0,1.0,12.0,107.0,215.0,90.0,35.0,14.0,55.0,10.0,1793.0,1.0,46.0,33.0,33.0,193.0,15.0,36.0,28.0,23.0,0.0,12.0,15.0,68.0,51.0,34.0,18.0,50.0,127.0,13.0,2.0,0.0,5.0,5.0,14.0,21.0,0.0,0.0,0.0,6.0,34.0,2.0,2.0,0.0,6.0,2.0,111.0,0.0,12.0,2.0,3.0,49.0,0.0,6.0,17.0,9.0,8987580471.0,18233905.0,市辖区丰台区,市辖区丰台区新村街道,20.0,30.0,21.0,20.0,91.0,90.57692307692308,76.93061224489796,76.93061224489796
北京市,市辖区,丰台区,长辛店街道,116.2044366,39.8251221,39.0,11.0,16.0,71.0,396.0,322.0,4.0,190.0,290.0,26.0,6.0,1.0,0.0,0.0,14.0,18.0,1.0,1.0,1.0,3.0,105.0,3.0,25.0,4.0,17.0,8.0,714.0,0.0,1.0,17.0,9.0,69.0,6.0,17.0,25.0,23.0,1.0,0.0,0.0,2.0,71.0,62.0,1.0,3.0,33.0,2.0,1.0,0.0,0.0,0.0,5.0,5.0,0.0,0.0,0.0,1.0,9.0,1.0,2.0,0.0,1.0,1.0,117.0,0.0,1.0,1.0,0.0,2.0,2.0,7.0,12.0,10.0,8987580501.0,18233899.0,市辖区丰台区,市辖区丰台区长辛店街道,20.0,30.0,11.0,20.0,81.0,90.57692307692308,76.93061224489796,76.93061224489796
北京市,市辖区,丰台区,云岗街道,116.1574389,39.8097076,0.0,17.0,58.0,46.0,411.0,167.0,8.0,11.0,257.0,12.0,1.0,1.0,2.0,3.0,8.0,13.0,1.0,0.0,2.0,3.0,67.0,3.0,18.0,1.0,9.0,20.0,277.0,0.0,5.0,2.0,2.0,59.0,1.0,6.0,13.0,21.0,0.0,0.0,15.0,15.0,90.0,15.0,0.0,3.0,77.0,5.0,0.0,0.0,1.0,1.0,3.0,5.0,0.0,0.0,2.0,1.0,21.0,1.0,4.0,1.0,3.0,2.0,92.0,0.0,0.0,0.0,1.0,19.0,0.0,3.0,7.0,10.0,8987580502.0,18233898.0,市辖区丰台区,市辖区丰台区云岗街道,20.0,30.0,18.0,20.0,88.0,90.57692307692308,76.93061224489796,76.93061224489796
北京市,市辖区,丰台区,方庄街道,116.4211296,39.8600612,119.0,88.0,94.0,372.0,324.0,232.0,34.0,1056.0,1347.0,56.0,10.0,7.0,12.0,16.0,62.0,85.0,3.0,4.0,34.0,202.0,123.0,14.0,1.0,9.0,25.0,62.0,3378.0,5.0,1697.0,39.0,141.0,171.0,82.0,61.0,28.0,23.0,20.0,10.0,2.0,47.0,49.0,40.0,0.0,100.0,223.0,7.0,1.0,2.0,4.0,5.0,18.0,24.0,1.0,1.0,12.0,69.0,23.0,0.0,0.0,0.0,2.0,3.0,691.0,0.0,454.0,15.0,30.0,22.0,10.0,9.0,17.0,9.0,8987580503.0,18233912.0,市辖区丰台区,市辖区丰台区方庄街道,20.0,30.0,30.0,20.0,100.0,90.57692307692308,76.93061224489796,76.93061224489796
北京市,市辖区,丰台区,宛平街道,116.2315862,39.8390794,52.0,11.0,11.0,103.0,319.0,366.0,10.0,252.0,403.0,57.0,11.0,1.0,0.0,0.0,13.0,19.0,1.0,1.0,0.0,4.0,99.0,8.0,68.0,5.0,49.0,7.0,823.0,0.0,2.0,24.0,5.0,54.0,14.0,24.0,27.0,21.0,0.0,0.0,1.0,25.0,30.0,60.0,0.0,46.0,72.0,16.0,0.0,1.0,0.0,0.0,3.0,5.0,0.0,0.0,0.0,0.0,23.0,0.0,8.0,1.0,4.0,1.0,301.0,0.0,2.0,2.0,0.0,15.0,0.0,3.0,14.0,14.0,6263660336.0,18233900.0,市辖区丰台区,市辖区丰台区宛平街道,20.0,30.0,10.0,20.0,80.0,90.57692307692308,76.93061224489796,76.93061224489796
北京市,市辖区,丰台区,马家堡街道,116.3592631,39.8409725,117.0,52.0,154.0,251.0,285.0,411.0,23.0,467.0,920.0,74.0,6.0,1.0,11.0,13.0,29.0,49.0,4.0,0.0,4.0,93.0,146.0,20.0,31.0,14.0,26.0,49.0,2202.0,6.0,1272.0,28.0,23.0,107.0,27.0,44.0,27.0,21.0,0.0,12.0,30.0,39.0,28.0,85.0,0.0,52.0,148.0,9.0,0.0,0.0,1.0,1.0,4.0,6.0,1.0,0.0,1.0,17.0,28.0,3.0,1.0,1.0,0.0,2.0,363.0,5.0,302.0,1.0,5.0,10.0,5.0,7.0,12.0,8.0,8987580504.0,18233895.0,市辖区丰台区,市辖区丰台区马家堡街道,20.0,30.0,28.0,20.0,98.0,90.57692307692308,76.93061224489796,76.93061224489796
北京市,市辖区,丰台区,和义街道,116.3947074,39.8082349,76.0,12.0,50.0,111.0,215.0,188.0,8.0,242.0,499.0,30.0,2.0,1.0,1.0,1.0,15.0,22.0,4.0,1.0,4.0,26.0,85.0,11.0,18.0,5.0,33.0,36.0,1024.0,0.0,458.0,51.0,10.0,127.0,30.0,19.0,24.0,20.0,11.0,0.0,0.0,28.0,75.0,16.0,0.0,34.0,111.0,3.0,1.0,1.0,1.0,1.0,3.0,4.0,2.0,0.0,2.0,12.0,18.0,5.0,4.0,0.0,2.0,3.0,86.0,0.0,16.0,0.0,3.0,15.0,1.0,9.0,15.0,12.0,8987580505.0,18233910.0,市辖区丰台区,市辖区丰台区和义街道,20.0,30.0,28.0,20.0,98.0,90.57692307692308,76.93061224489796,76.93061224489796
北京市,市辖区,丰台区,卢沟桥街道,116.2509575,39.8723718,94.0,64.0,78.0,232.0,512.0,164.0,31.0,275.0,787.0,79.0,15.0,6.0,4.0,5.0,23.0,41.0,3.0,0.0,0.0,43.0,163.0,19.0,68.0,9.0,59.0,17.0,1249.0,0.0,15.0,28.0,33.0,185.0,16.0,28.0,27.0,16.0,5.0,17.0,13.0,30.0,64.0,5.0,9.0,57.0,76.0,8.0,2.0,1.0,0.0,0.0,1.0,2.0,0.0,0.0,0.0,2.0,20.0,2.0,8.0,1.0,4.0,3.0,44.0,0.0,0.0,3.0,1.0,42.0,2.0,4.0,22.0,12.0,6263660686.0,-1.0,市辖区丰台区,市辖区丰台区卢沟桥街道,12.0,30.0,12.0,20.0,74.0,90.57692307692308,76.93061224489796,76.93061224489796
北京市,市辖区,丰台区,花乡街道,116.2936189,39.8108303,24.0,70.0,78.0,176.0,407.0,329.0,47.0,376.0,560.0,72.0,5.0,1.0,5.0,6.0,15.0,21.0,2.0,0.0,4.0,32.0,96.0,69.0,33.0,14.0,34.0,5.0,1046.0,1.0,83.0,9.0,6.0,135.0,39.0,23.0,27.0,22.0,0.0,16.0,12.0,38.0,38.0,41.0,5.0,58.0,110.0,6.0,0.0,0.0,2.0,2.0,1.0,2.0,0.0,0.0,0.0,10.0,15.0,4.0,2.0,2.0,8.0,2.0,68.0,0.0,2.0,2.0,0.0,5.0,7.0,6.0,18.0,13.0,6263660713.0,18233907.0,市辖区丰台区,市辖区丰台区花乡街道,20.0,30.0,21.0,20.0,91.0,90.57692307692308,76.93061224489796,76.93061224489796
北京市,市辖区,丰台区,成寿寺街道,116.4294446,39.8538481,112.0,84.0,104.0,307.0,261.0,209.0,14.0,579.0,1086.0,43.0,10.0,5.0,9.0,13.0,50.0,65.0,4.0,3.0,30.0,156.0,106.0,11.0,2.0,8.0,18.0,39.0,2751.0,0.0,1706.0,36.0,94.0,145.0,48.0,50.0,26.0,21.0,15.0,5.0,8.0,41.0,39.0,37.0,0.0,22.0,170.0,2.0,0.0,1.0,2.0,2.0,10.0,12.0,1.0,1.0,12.0,30.0,29.0,0.0,1.0,1.0,2.0,3.0,591.0,0.0,446.0,4.0,25.0,5.0,5.0,6.0,19.0,7.0,8987603421.0,18233911.0,市辖区丰台区,市辖区丰台区成寿寺街道,20.0,30.0,30.0,20.0,100.0,90.57692307692308,76.93061224489796,76.93061224489796
北京市,市辖区,丰台区,石榴庄街道,116.4137844,39.8378453,130.0,78.0,134.0,264.0,234.0,226.0,24.0,326.0,1093.0,37.0,6.0,2.0,10.0,12.0,41.0,53.0,4.0,1.0,15.0,114.0,133.0,11.0,12.0,10.0,26.0,44.0,2474.0,2.0,1591.0,35.0,48.0,96.0,33.0,37.0,25.0,20.0,16.0,20.0,41.0,44.0,24.0,28.0,1.0,14.0,160.0,2.0,0.0,0.0,1.0,2.0,7.0,9.0,1.0,0.0,3.0,6.0,31.0,3.0,2.0,5.0,2.0,5.0,243.0,0.0,114.0,2.0,4.0,12.0,3.0,13.0,18.0,11.0,8987603422.0,19798468.0,市辖区丰台区,市辖区丰台区石榴庄街道,20.0,30.0,28.0,20.0,98.0,90.57692307692308,76.93061224489796,76.93061224489796
北京市,市辖区,丰台区,玉泉营街道,116.3244503,39.8313091,93.0,55.0,128.0,265.0,247.0,292.0,61.0,435.0,614.0,74.0,7.0,1.0,11.0,11.0,28.0,45.0,3.0,0.0,3.0,39.0,142.0,33.0,40.0,22.0,42.0,6.0,1005.0,5.0,205.0,27.0,19.0,121.0,8.0,36.0,28.0,21.0,12.0,14.0,6.0,16.0,40.0,20.0,4.0,49.0,31.0,8.0,3.0,0.0,1.0,1.0,2.0,4.0,1.0,0.0,0.0,0.0,21.0,1.0,12.0,4.0,4.0,1.0,53.0,0.0,1.0,0.0,0.0,5.0,0.0,7.0,17.0,11.0,8987603446.0,18233906.0,市辖区丰台区,市辖区丰台区玉泉营街道,20.0,30.0,20.0,20.0,90.0,90.57692307692308,76.93061224489796,76.93061224489796
北京市,市辖区,丰台区,看丹街道,116.2735997,39.8294297,35.0,53.0,83.0,208.0,483.0,318.0,47.0,312.0,712.0,59.0,5.0,5.0,7.0,9.0,30.0,45.0,3.0,1.0,6.0,75.0,140.0,75.0,32.0,6.0,59.0,8.0,1642.0,0.0,25.0,23.0,16.0,150.0,39.0,27.0,29.0,24.0,12.0,14.0,10.0,32.0,47.0,36.0,1.0,24.0,80.0,4.0,1.0,1.0,0.0,0.0,1.0,3.0,1.0,0.0,0.0,5.0,11.0,34.0,4.0,1.0,10.0,1.0,65.0,0.0,1.0,4.0,2.0,32.0,2.0,6.0,21.0,12.0,8987603445.0,18233901.0,市辖区丰台区,市辖区丰台区看丹街道,20.0,30.0,20.0,20.0,90.0,90.57692307692308,76.93061224489796,76.93061224489796
北京市,市辖区,丰台区,五里店街道,116.2517577,39.8567881,88.0,43.0,45.0,229.0,564.0,274.0,31.0,268.0,696.0,91.0,14.0,6.0,4.0,5.0,27.0,44.0,3.0,2.0,3.0,61.0,174.0,16.0,62.0,8.0,62.0,12.0,2038.0,0.0,8.0,26.0,16.0,184.0,19.0,27.0,27.0,20.0,6.0,2.0,6.0,20.0,98.0,5.0,4.0,24.0,67.0,15.0,2.0,0.0,0.0,0.0,3.0,3.0,0.0,0.0,0.0,1.0,26.0,2.0,9.0,0.0,3.0,1.0,231.0,0.0,0.0,1.0,1.0,25.0,1.0,8.0,19.0,10.0,8987603444.0,18233902.0,市辖区丰台区,市辖区丰台区五里店街道,20.0,30.0,11.0,20.0,81.0,90.57692307692308,76.93061224489796,76.93061224489796
北京市,市辖区,丰台区,青塔街道,116.2544488,39.8920851,103.0,71.0,132.0,234.0,386.0,201.0,46.0,425.0,988.0,73.0,9.0,2.0,16.0,17.0,35.0,57.0,2.0,1.0,10.0,95.0,169.0,20.0,28.0,15.0,48.0,15.0,1128.0,2.0,25.0,29.0,57.0,196.0,22.0,36.0,27.0,22.0,12.0,14.0,26.0,22.0,49.0,9.0,0.0,28.0,128.0,6.0,0.0,0.0,0.0,0.0,8.0,15.0,0.0,0.0,1.0,33.0,37.0,5.0,1.0,2.0,3.0,5.0,97.0,0.0,17.0,1.0,30.0,23.0,4.0,10.0,20.0,11.0,8987603436.0,18455339.0,市辖区丰台区,市辖区丰台区青塔街道,20.0,30.0,18.0,20.0,88.0,90.57692307692308,76.93061224489796,76.93061224489796
北京市,市辖区,丰台区,北宫镇,116.2035293,39.8395565,35.0,27.0,7.0,96.0,352.0,348.0,11.0,239.0,300.0,33.0,7.0,1.0,0.0,0.0,13.0,17.0,1.0,1.0,1.0,4.0,101.0,4.0,44.0,4.0,19.0,10.0,811.0,0.0,3.0,26.0,9.0,87.0,15.0,24.0,27.0,23.0,18.0,2.0,4.0,4.0,21.0,48.0,2.0,8.0,48.0,7.0,3.0,0.0,0.0,0.0,0.0,1.0,0.0,0.0,0.0,1.0,15.0,2.0,9.0,3.0,7.0,2.0,76.0,0.0,0.0,5.0,7.0,4.0,0.0,7.0,17.0,14.0,6263660740.0,18233896.0,市辖区丰台区,市辖区丰台区北宫镇,20.0,30.0,6.0,20.0,76.0,90.57692307692308,76.93061224489796,76.93061224489796
北京市,市辖区,丰台区,王佐镇,116.1499023,39.7999259,9.0,27.0,64.0,58.0,324.0,164.0,12.0,15.0,267.0,18.0,1.0,1.0,2.0,3.0,6.0,10.0,0.0,0.0,2.0,3.0,59.0,4.0,21.0,1.0,8.0,22.0,294.0,0.0,5.0,3.0,2.0,49.0,2.0,8.0,20.0,22.0,0.0,0.0,13.0,7.0,49.0,11.0,0.0,0.0,40.0,3.0,0.0,1.0,0.0,0.0,2.0,5.0,0.0,0.0,0.0,1.0,19.0,1.0,1.0,0.0,1.0,3.0,17.0,0.0,0.0,0.0,1.0,8.0,1.0,2.0,7.0,10.0,6263660750.0,18233897.0,市辖区丰台区,市辖区丰台区王佐镇,20.0,30.0,11.0,20.0,81.0,90.57692307692308,76.93061224489796,76.93061224489796
北京市,市辖区,石景山区,八宝山街道,116.2302754,39.9002417,77.0,89.0,137.0,197.0,287.0,176.0,33.0,523.0,806.0,68.0,6.0,3.0,13.0,16.0,34.0,59.0,3.0,2.0,12.0,115.0,153.0,29.0,41.0,11.0,42.0,14.0,1157.0,2.0,31.0,17.0,71.0,169.0,28.0,31.0,28.0,23.0,21.0,17.0,42.0,25.0,43.0,31.0,10.0,116.0,169.0,11.0,0.0,0.0,1.0,1.0,6.0,8.0,1.0,0.0,1.0,9.0,6.0,9.0,1.0,3.0,5.0,2.0,141.0,0.0,1.0,1.0,6.0,17.0,2.0,11.0,20.0,13.0,8986961580.0,15887474.0,市辖区石景山区,市辖区石景山区八宝山街道,20.0,30.0,28.0,20.0,98.0,92.77777777777777,76.93061224489796,76.93061224489796
北京市,市辖区,石景山区,老山街道,116.2163651,39.9097382,78.0,80.0,131.0,241.0,303.0,187.0,36.0,688.0,912.0,89.0,7.0,3.0,15.0,17.0,36.0,64.0,6.0,3.0,11.0,113.0,147.0,26.0,23.0,15.0,49.0,11.0,1501.0,4.0,23.0,21.0,55.0,204.0,28.0,36.0,28.0,23.0,10.0,3.0,28.0,11.0,24.0,49.0,7.0,121.0,74.0,20.0,0.0,2.0,3.0,5.0,5.0,8.0,0.0,1.0,3.0,26.0,14.0,10.0,4.0,1.0,1.0,2.0,166.0,0.0,1.0,3.0,6.0,24.0,3.0,11.0,19.0,14.0,8986961581.0,15887473.0,市辖区石景山区,市辖区石景山区老山街道,20.0,30.0,25.0,20.0,95.0,92.77777777777777,76.93061224489796,76.93061224489796
北京市,市辖区,石景山区,八角街道,116.1901903,39.9144362,78.0,78.0,195.0,292.0,290.0,190.0,57.0,585.0,941.0,87.0,6.0,2.0,14.0,16.0,30.0,56.0,6.0,4.0,9.0,99.0,168.0,36.0,17.0,18.0,74.0,8.0,1527.0,3.0,31.0,26.0,44.0,205.0,21.0,31.0,30.0,16.0,1.0,11.0,15.0,43.0,30.0,15.0,4.0,17.0,200.0,6.0,0.0,0.0,1.0,1.0,9.0,15.0,0.0,0.0,3.0,11.0,36.0,3.0,0.0,3.0,0.0,2.0,352.0,0.0,5.0,1.0,10.0,18.0,6.0,7.0,19.0,9.0,8986961582.0,18233894.0,市辖区石景山区,市辖区石景山区八角街道,20.0,30.0,23.0,20.0,93.0,92.77777777777777,76.93061224489796,76.93061224489796
北京市,市辖区,石景山区,古城街道,116.1847074,39.9135589,78.0,67.0,189.0,287.0,292.0,206.0,56.0,592.0,955.0,90.0,6.0,2.0,13.0,15.0,30.0,56.0,6.0,4.0,9.0,101.0,174.0,29.0,15.0,18.0,71.0,7.0,1585.0,3.0,30.0,39.0,44.0,215.0,20.0,31.0,30.0,16.0,0.0,13.0,10.0,41.0,31.0,18.0,5.0,25.0,183.0,7.0,0.0,0.0,2.0,2.0,11.0,20.0,2.0,1.0,3.0,6.0,39.0,2.0,0.0,6.0,2.0,2.0,267.0,0.0,6.0,1.0,11.0,15.0,3.0,4.0,18.0,8.0,8986961583.0,18233892.0,市辖区石景山区,市辖区石景山区古城街道,20.0,30.0,30.0,20.0,100.0,92.77777777777777,76.93061224489796,76.93061224489796
北京市,市辖区,石景山区,苹果园街道,116.1889268,39.9289746,34.0,67.0,193.0,203.0,367.0,199.0,59.0,576.0,983.0,79.0,4.0,2.0,14.0,15.0,29.0,52.0,5.0,3.0,6.0,75.0,164.0,26.0,12.0,18.0,49.0,7.0,1684.0,3.0,25.0,30.0,30.0,206.0,23.0,30.0,31.0,23.0,5.0,10.0,53.0,29.0,78.0,31.0,1.0,91.0,218.0,16.0,0.0,0.0,8.0,8.0,5.0,13.0,0.0,1.0,1.0,23.0,32.0,6.0,6.0,7.0,3.0,1.0,334.0,0.0,11.0,3.0,8.0,44.0,2.0,5.0,21.0,11.0,8986961584.0,18233891.0,市辖区石景山区,市辖区石景山区苹果园街道,20.0,30.0,25.0,20.0,95.0,92.77777777777777,76.93061224489796,76.93061224489796
北京市,市辖区,石景山区,金顶街街道,116.1624355,39.9244178,24.0,59.0,156.0,176.0,296.0,227.0,42.0,435.0,834.0,58.0,0.0,1.0,8.0,8.0,26.0,47.0,4.0,2.0,5.0,61.0,135.0,23.0,9.0,16.0,51.0,7.0,1302.0,0.0,6.0,38.0,17.0,129.0,30.0,28.0,29.0,18.0,15.0,16.0,25.0,35.0,60.0,30.0,10.0,31.0,200.0,7.0,0.0,0.0,0.0,0.0,5.0,6.0,0.0,1.0,0.0,3.0,37.0,4.0,0.0,3.0,14.0,2.0,152.0,0.0,0.0,5.0,0.0,35.0,0.0,7.0,22.0,8.0,8986961585.0,18233889.0,市辖区石景山区,市辖区石景山区金顶街街道,20.0,28.0,15.0,20.0,83.0,92.77777777777777,76.93061224489796,76.93061224489796
北京市,市辖区,石景山区,广宁街道,116.1396304,39.9245888,39.0,74.0,103.0,180.0,285.0,255.0,49.0,329.0,625.0,43.0,3.0,1.0,5.0,6.0,19.0,32.0,0.0,2.0,0.0,32.0,111.0,13.0,8.0,7.0,57.0,15.0,1076.0,0.0,38.0,55.0,4.0,139.0,25.0,25.0,30.0,19.0,4.0,0.0,3.0,14.0,49.0,30.0,2.0,27.0,40.0,4.0,0.0,1.0,0.0,0.0,2.0,4.0,0.0,0.0,0.0,5.0,10.0,3.0,1.0,0.0,3.0,1.0,98.0,0.0,0.0,2.0,0.0,12.0,9.0,9.0,17.0,14.0,8986961586.0,18233888.0,市辖区石景山区,市辖区石景山区广宁街道,20.0,30.0,15.0,20.0,85.0,92.77777777777777,76.93061224489796,76.93061224489796
北京市,市辖区,石景山区,五里坨街道,116.1199118,39.9551055,41.0,66.0,38.0,113.0,231.0,244.0,35.0,304.0,409.0,33.0,4.0,1.0,6.0,6.0,12.0,23.0,0.0,1.0,1.0,9.0,101.0,15.0,18.0,6.0,9.0,12.0,847.0,0.0,59.0,35.0,20.0,83.0,6.0,11.0,26.0,25.0,17.0,2.0,17.0,23.0,43.0,21.0,15.0,10.0,76.0,0.0,1.0,0.0,2.0,2.0,4.0,8.0,0.0,0.0,1.0,1.0,24.0,4.0,4.0,2.0,2.0,4.0,117.0,0.0,9.0,2.0,4.0,21.0,2.0,7.0,16.0,14.0,8479221567.0,18233890.0,市辖区石景山区,市辖区石景山区五里坨街道,20.0,30.0,18.0,20.0,88.0,92.77777777777777,76.93061224489796,76.93061224489796
北京市,市辖区,石景山区,鲁谷街道,116.2193084,39.8972493,85.0,88.0,111.0,254.0,232.0,212.0,34.0,540.0,716.0,64.0,3.0,2.0,6.0,9.0,31.0,54.0,4.0,2.0,9.0,75.0,119.0,29.0,38.0,6.0,63.0,10.0,1009.0,0.0,24.0,15.0,62.0,154.0,25.0,35.0,28.0,21.0,16.0,9.0,29.0,61.0,12.0,29.0,4.0,68.0,131.0,12.0,0.0,0.0,2.0,3.0,10.0,12.0,2.0,0.0,1.0,22.0,25.0,8.0,3.0,1.0,3.0,3.0,83.0,0.0,1.0,3.0,6.0,25.0,3.0,6.0,20.0,11.0,8986961587.0,18233887.0,市辖区石景山区,市辖区石景山区鲁谷街道,20.0,30.0,28.0,20.0,98.0,92.77777777777777,76.93061224489796,76.93061224489796
北京市,市辖区,海淀区,万寿路街道,116.2576491,39.9049367,121.0,86.0,162.0,209.0,410.0,192.0,32.0,388.0,1146.0,67.0,8.0,3.0,20.0,20.0,38.0,58.0,2.0,1.0,14.0,109.0,225.0,27.0,21.0,15.0,30.0,12.0,1420.0,2.0,41.0,29.0,66.0,182.0,24.0,40.0,24.0,23.0,20.0,10.0,18.0,33.0,27.0,22.0,6.0,70.0,143.0,3.0,1.0,0.0,7.0,7.0,7.0,12.0,0.0,0.0,7.0,41.0,29.0,1.0,2.0,2.0,2.0,2.0,184.0,1.0,8.0,6.0,19.0,25.0,4.0,15.0,20.0,10.0,8987603447.0,18250349.0,市辖区海淀区,市辖区海淀区万寿路街道,20.0,30.0,23.0,20.0,93.0,92.34482758620689,76.93061224489796,76.93061224489796
北京市,市辖区,海淀区,永定路街道,116.2543475,39.9072459,119.0,90.0,165.0,216.0,382.0,183.0,32.0,397.0,1145.0,60.0,9.0,1.0,19.0,19.0,41.0,64.0,3.0,1.0,13.0,119.0,222.0,34.0,21.0,16.0,33.0,13.0,1388.0,2.0,41.0,23.0,61.0,177.0,26.0,41.0,25.0,24.0,9.0,10.0,18.0,20.0,41.0,15.0,7.0,67.0,123.0,3.0,1.0,0.0,6.0,6.0,8.0,14.0,0.0,1.0,5.0,25.0,25.0,2.0,3.0,2.0,1.0,2.0,235.0,1.0,11.0,1.0,20.0,34.0,6.0,14.0,19.0,13.0,8987603448.0,18250348.0,市辖区海淀区,市辖区海淀区永定路街道,20.0,30.0,25.0,20.0,95.0,92.34482758620689,76.93061224489796,76.93061224489796
北京市,市辖区,海淀区,羊坊店街道,116.3156629,39.9006337,254.0,48.0,148.0,437.0,407.0,425.0,38.0,633.0,1620.0,72.0,3.0,15.0,15.0,18.0,60.0,84.0,5.0,3.0,20.0,150.0,170.0,36.0,2.0,11.0,8.0,39.0,2378.0,0.0,532.0,50.0,110.0,207.0,65.0,76.0,24.0,22.0,40.0,0.0,13.0,54.0,44.0,90.0,8.0,98.0,191.0,11.0,0.0,3.0,2.0,2.0,7.0,9.0,0.0,1.0,4.0,26.0,8.0,6.0,0.0,0.0,1.0,1.0,196.0,0.0,0.0,17.0,10.0,20.0,14.0,26.0,17.0,15.0,8987603449.0,18250358.0,市辖区海淀区,市辖区海淀区羊坊店街道,20.0,30.0,25.0,20.0,95.0,92.34482758620689,76.93061224489796,76.93061224489796
北京市,市辖区,海淀区,甘家口街道,116.3150497,39.9191532,237.0,76.0,117.0,393.0,373.0,462.0,70.0,960.0,1593.0,58.0,4.0,16.0,20.0,25.0,62.0,99.0,4.0,3.0,41.0,199.0,146.0,35.0,0.0,5.0,9.0,28.0,2706.0,4.0,927.0,63.0,128.0,263.0,74.0,101.0,23.0,25.0,17.0,4.0,9.0,12.0,23.0,45.0,5.0,76.0,89.0,2.0,0.0,0.0,1.0,1.0,6.0,11.0,0.0,0.0,2.0,10.0,12.0,4.0,0.0,0.0,0.0,1.0,216.0,0.0,137.0,5.0,5.0,34.0,3.0,12.0,19.0,11.0,8987603450.0,18250357.0,市辖区海淀区,市辖区海淀区甘家口街道,20.0,30.0,23.0,20.0,93.0,92.34482758620689,76.93061224489796,76.93061224489796
北京市,市辖区,海淀区,八里庄街道,116.473131,39.9138657,157.0,129.0,91.0,375.0,435.0,550.0,46.0,802.0,1405.0,80.0,8.0,9.0,10.0,31.0,63.0,82.0,8.0,2.0,84.0,714.0,117.0,38.0,2.0,36.0,24.0,16.0,4251.0,8.0,1958.0,41.0,179.0,186.0,101.0,88.0,30.0,25.0,31.0,35.0,10.0,73.0,29.0,66.0,11.0,78.0,239.0,9.0,0.0,2.0,0.0,0.0,8.0,15.0,0.0,0.0,7.0,35.0,8.0,7.0,1.0,5.0,4.0,1.0,716.0,0.0,633.0,4.0,16.0,17.0,7.0,15.0,20.0,10.0,8986961570.0,18259898.0,市辖区海淀区,市辖区海淀区八里庄街道,20.0,30.0,18.0,20.0,88.0,92.34482758620689,76.93061224489796,76.93061224489796
北京市,市辖区,海淀区,紫竹院街道,116.3058141,39.9432297,155.0,81.0,79.0,380.0,513.0,478.0,72.0,874.0,1406.0,89.0,5.0,16.0,20.0,30.0,59.0,110.0,8.0,5.0,57.0,312.0,148.0,33.0,5.0,1.0,11.0,9.0,3368.0,11.0,537.0,89.0,192.0,391.0,81.0,81.0,23.0,29.0,31.0,0.0,0.0,63.0,49.0,43.0,4.0,95.0,99.0,12.0,1.0,2.0,2.0,2.0,8.0,19.0,0.0,0.0,0.0,12.0,9.0,3.0,0.0,1.0,1.0,1.0,356.0,0.0,10.0,19.0,10.0,38.0,7.0,16.0,15.0,17.0,8987603452.0,18250351.0,市辖区海淀区,市辖区海淀区紫竹院街道,20.0,30.0,21.0,20.0,91.0,92.34482758620689,76.93061224489796,76.93061224489796
北京市,市辖区,海淀区,北下关街道,116.3329141,39.956678,147.0,99.0,98.0,443.0,704.0,795.0,83.0,1665.0,1368.0,137.0,4.0,17.0,28.0,47.0,64.0,127.0,10.0,10.0,98.0,458.0,92.0,22.0,3.0,8.0,11.0,16.0,4452.0,22.0,760.0,132.0,346.0,455.0,127.0,99.0,27.0,29.0,0.0,0.0,21.0,7.0,93.0,38.0,2.0,34.0,99.0,13.0,0.0,2.0,4.0,5.0,8.0,13.0,2.0,0.0,8.0,41.0,1.0,3.0,1.0,0.0,4.0,1.0,371.0,0.0,33.0,7.0,10.0,61.0,12.0,11.0,15.0,15.0,8987603453.0,18250356.0,市辖区海淀区,市辖区海淀区北下关街道,20.0,30.0,28.0,20.0,98.0,92.34482758620689,76.93061224489796,76.93061224489796
北京市,市辖区,海淀区,北太平庄街道,116.3557861,39.9495408,127.0,71.0,145.0,425.0,565.0,870.0,79.0,1334.0,1466.0,106.0,2.0,22.0,28.0,37.0,90.0,131.0,8.0,6.0,45.0,320.0,144.0,25.0,3.0,45.0,17.0,33.0,5065.0,19.0,1421.0,69.0,207.0,291.0,162.0,105.0,29.0,25.0,29.0,17.0,4.0,87.0,94.0,93.0,15.0,94.0,141.0,8.0,1.0,0.0,2.0,2.0,9.0,14.0,1.0,0.0,8.0,39.0,15.0,1.0,1.0,3.0,1.0,5.0,667.0,0.0,292.0,7.0,17.0,21.0,12.0,21.0,20.0,14.0,8987603454.0,7283797.0,市辖区海淀区,市辖区海淀区北太平庄街道,20.0,30.0,28.0,20.0,98.0,92.34482758620689,76.93061224489796,76.93061224489796
北京市,市辖区,海淀区,学院路街道,116.3460312,39.9922455,54.0,113.0,171.0,278.0,903.0,1072.0,214.0,2076.0,1084.0,233.0,13.0,6.0,19.0,35.0,46.0,136.0,13.0,10.0,81.0,600.0,153.0,38.0,6.0,8.0,27.0,43.0,4834.0,68.0,620.0,127.0,574.0,542.0,196.0,110.0,31.0,29.0,14.0,17.0,16.0,24.0,106.0,134.0,8.0,151.0,114.0,38.0,2.0,0.0,1.0,1.0,9.0,29.0,3.0,1.0,5.0,48.0,7.0,8.0,0.0,2.0,0.0,1.0,614.0,0.0,35.0,6.0,29.0,86.0,16.0,19.0,23.0,10.0,8987603455.0,17145115.0,市辖区海淀区,市辖区海淀区学院路街道,20.0,30.0,30.0,20.0,100.0,92.34482758620689,76.93061224489796,76.93061224489796
北京市,市辖区,海淀区,中关村街道,116.312299,39.9766994,94.0,88.0,126.0,315.0,649.0,998.0,170.0,2062.0,1157.0,172.0,9.0,13.0,23.0,44.0,56.0,127.0,19.0,9.0,92.0,550.0,118.0,29.0,3.0,12.0,22.0,35.0,4249.0,17.0,223.0,427.0,625.0,543.0,172.0,118.0,29.0,33.0,4.0,31.0,12.0,59.0,111.0,107.0,16.0,187.0,188.0,23.0,1.0,3.0,3.0,5.0,12.0,21.0,2.0,2.0,25.0,95.0,13.0,3.0,1.0,7.0,1.0,7.0,555.0,3.0,81.0,14.0,221.0,65.0,11.0,17.0,21.0,14.0,8987603456.0,18250355.0,市辖区海淀区,市辖区海淀区中关村街道,20.0,30.0,30.0,20.0,100.0,92.34482758620689,76.93061224489796,76.93061224489796
北京市,市辖区,海淀区,海淀街道,116.3046983,39.9773365,94.0,84.0,135.0,310.0,574.0,900.0,147.0,1846.0,1157.0,159.0,10.0,18.0,19.0,36.0,51.0,104.0,16.0,9.0,87.0,526.0,118.0,26.0,2.0,12.0,19.0,34.0,3971.0,9.0,204.0,413.0,599.0,499.0,155.0,104.0,28.0,33.0,22.0,30.0,26.0,65.0,82.0,91.0,24.0,242.0,187.0,20.0,1.0,4.0,5.0,8.0,7.0,15.0,1.0,1.0,29.0,118.0,11.0,4.0,1.0,6.0,1.0,12.0,474.0,8.0,75.0,36.0,142.0,70.0,13.0,21.0,23.0,18.0,8987603457.0,18250354.0,市辖区海淀区,市辖区海淀区海淀街道,20.0,30.0,30.0,20.0,100.0,92.34482758620689,76.93061224489796,76.93061224489796
北京市,市辖区,海淀区,青龙桥街道,116.2537788,39.9964381,13.0,8.0,68.0,121.0,220.0,434.0,27.0,865.0,416.0,38.0,5.0,10.0,13.0,13.0,12.0,26.0,5.0,1.0,2.0,58.0,39.0,9.0,5.0,0.0,8.0,6.0,1263.0,0.0,8.0,53.0,15.0,97.0,49.0,35.0,26.0,28.0,0.0,0.0,0.0,7.0,36.0,13.0,0.0,227.0,14.0,3.0,0.0,4.0,1.0,1.0,2.0,3.0,1.0,0.0,1.0,6.0,4.0,1.0,1.0,0.0,4.0,1.0,146.0,0.0,0.0,6.0,1.0,12.0,13.0,11.0,14.0,14.0,8987603458.0,18250353.0,市辖区海淀区,市辖区海淀区青龙桥街道,20.0,30.0,28.0,20.0,98.0,92.34482758620689,76.93061224489796,76.93061224489796
北京市,市辖区,海淀区,清华园街道,116.318831,39.998189,41.0,95.0,161.0,225.0,657.0,1287.0,227.0,2953.0,923.0,215.0,12.0,8.0,15.0,26.0,40.0,114.0,12.0,10.0,80.0,572.0,104.0,34.0,1.0,13.0,32.0,48.0,3967.0,3.0,207.0,405.0,612.0,616.0,272.0,114.0,32.0,33.0,0.0,14.0,8.0,10.0,65.0,295.0,127.0,460.0,79.0,45.0,2.0,1.0,3.0,4.0,4.0,22.0,1.0,1.0,15.0,115.0,24.0,6.0,0.0,3.0,5.0,12.0,672.0,3.0,36.0,33.0,108.0,104.0,98.0,45.0,19.0,19.0,8987603459.0,17151665.0,市辖区海淀区,市辖区海淀区清华园街道,20.0,30.0,30.0,20.0,100.0,92.34482758620689,76.93061224489796,76.93061224489796
北京市,市辖区,海淀区,燕园街道,116.2963827,39.9932153,62.0,61.0,125.0,247.0,445.0,960.0,213.0,2363.0,779.0,148.0,8.0,12.0,13.0,20.0,34.0,78.0,7.0,7.0,65.0,397.0,86.0,18.0,1.0,11.0,17.0,39.0,3149.0,11.0,191.0,396.0,543.0,463.0,265.0,97.0,30.0,32.0,11.0,0.0,12.0,36.0,30.0,205.0,15.0,508.0,98.0,21.0,1.0,1.0,4.0,5.0,8.0,16.0,0.0,1.0,4.0,25.0,8.0,2.0,0.0,1.0,2.0,4.0,519.0,0.0,12.0,220.0,66.0,83.0,17.0,16.0,18.0,18.0,8987603460.0,17308234.0,市辖区海淀区,市辖区海淀区燕园街道,20.0,30.0,25.0,20.0,95.0,92.34482758620689,76.93061224489796,76.93061224489796
北京市,市辖区,海淀区,香山街道,116.1999983,39.9923368,0.0,14.0,7.0,51.0,237.0,333.0,5.0,1538.0,161.0,48.0,3.0,0.0,5.0,5.0,9.0,17.0,2.0,2.0,3.0,35.0,45.0,19.0,2.0,1.0,2.0,11.0,531.0,1.0,3.0,83.0,20.0,90.0,82.0,23.0,22.0,32.0,0.0,0.0,0.0,13.0,41.0,84.0,0.0,432.0,44.0,18.0,2.0,0.0,2.0,2.0,4.0,9.0,2.0,1.0,1.0,20.0,18.0,9.0,0.0,1.0,1.0,4.0,146.0,0.0,0.0,56.0,6.0,28.0,21.0,11.0,14.0,19.0,8987603461.0,18250346.0,市辖区海淀区,市辖区海淀区香山街道,20.0,30.0,25.0,20.0,95.0,92.34482758620689,76.93061224489796,76.93061224489796
北京市,市辖区,海淀区,清河街道,116.3282554,40.0341874,0.0,81.0,214.0,154.0,510.0,614.0,61.0,1049.0,964.0,89.0,17.0,2.0,8.0,16.0,36.0,64.0,4.0,6.0,36.0,170.0,132.0,24.0,13.0,0.0,29.0,24.0,1823.0,0.0,389.0,20.0,108.0,240.0,121.0,41.0,26.0,23.0,0.0,12.0,41.0,22.0,56.0,39.0,5.0,31.0,163.0,7.0,2.0,0.0,1.0,2.0,6.0,9.0,1.0,1.0,6.0,37.0,27.0,3.0,3.0,0.0,3.0,3.0,94.0,0.0,11.0,1.0,8.0,21.0,3.0,6.0,21.0,10.0,8987603462.0,18250343.0,市辖区海淀区,市辖区海淀区清河街道,20.0,30.0,30.0,20.0,100.0,92.34482758620689,76.93061224489796,76.93061224489796
北京市,市辖区,海淀区,花园路街道,116.366396,39.976299,115.0,121.0,169.0,416.0,639.0,736.0,102.0,1709.0,1259.0,149.0,8.0,6.0,26.0,36.0,54.0,127.0,4.0,9.0,72.0,389.0,86.0,29.0,4.0,10.0,15.0,27.0,4556.0,114.0,1664.0,122.0,264.0,391.0,130.0,94.0,30.0,25.0,0.0,24.0,10.0,31.0,120.0,62.0,7.0,83.0,155.0,12.0,3.0,3.0,1.0,2.0,7.0,8.0,0.0,0.0,11.0,42.0,22.0,5.0,1.0,1.0,0.0,2.0,485.0,0.0,176.0,2.0,36.0,39.0,12.0,15.0,21.0,11.0,8987603463.0,7265045.0,市辖区海淀区,市辖区海淀区花园路街道,20.0,30.0,23.0,20.0,93.0,92.34482758620689,76.93061224489796,76.93061224489796
北京市,市辖区,海淀区,西三旗街道,116.3443932,40.0281099,0.0,69.0,118.0,116.0,514.0,592.0,69.0,977.0,742.0,108.0,10.0,4.0,10.0,21.0,32.0,63.0,4.0,6.0,24.0,242.0,135.0,21.0,13.0,0.0,28.0,28.0,1773.0,0.0,108.0,21.0,79.0,322.0,112.0,44.0,28.0,26.0,0.0,18.0,13.0,22.0,46.0,32.0,6.0,64.0,106.0,8.0,0.0,0.0,4.0,5.0,8.0,11.0,0.0,1.0,3.0,24.0,27.0,1.0,2.0,0.0,2.0,2.0,130.0,0.0,3.0,2.0,6.0,22.0,5.0,16.0,21.0,17.0,8987603464.0,18250342.0,市辖区海淀区,市辖区海淀区西三旗街道,20.0,30.0,25.0,20.0,95.0,92.34482758620689,76.93061224489796,76.93061224489796
北京市,市辖区,海淀区,马连洼街道,116.2691202,40.0311199,4.0,56.0,96.0,179.0,281.0,334.0,13.0,429.0,591.0,52.0,5.0,4.0,8.0,8.0,15.0,37.0,2.0,1.0,13.0,49.0,73.0,28.0,5.0,3.0,17.0,16.0,1195.0,1.0,90.0,157.0,33.0,160.0,37.0,23.0,29.0,24.0,0.0,23.0,6.0,16.0,53.0,28.0,0.0,31.0,101.0,5.0,1.0,0.0,3.0,3.0,3.0,12.0,0.0,0.0,4.0,11.0,20.0,6.0,1.0,0.0,0.0,3.0,240.0,0.0,3.0,0.0,2.0,20.0,3.0,7.0,19.0,12.0,8987603465.0,18250345.0,市辖区海淀区,市辖区海淀区马连洼街道,20.0,30.0,23.0,20.0,93.0,92.34482758620689,76.93061224489796,76.93061224489796
北京市,市辖区,海淀区,田村路街道,116.2475747,39.9214767,93.0,118.0,132.0,214.0,350.0,177.0,41.0,434.0,1030.0,43.0,8.0,2.0,14.0,14.0,34.0,55.0,2.0,2.0,14.0,111.0,180.0,29.0,13.0,14.0,28.0,19.0,1387.0,2.0,36.0,16.0,49.0,178.0,23.0,41.0,27.0,28.0,2.0,29.0,17.0,33.0,42.0,3.0,4.0,35.0,169.0,4.0,0.0,1.0,3.0,3.0,4.0,6.0,0.0,0.0,2.0,12.0,49.0,6.0,4.0,2.0,4.0,1.0,236.0,1.0,1.0,0.0,4.0,16.0,4.0,8.0,16.0,11.0,8987603466.0,18250347.0,市辖区海淀区,市辖区海淀区田村路街道,20.0,30.0,23.0,20.0,93.0,92.34482758620689,76.93061224489796,76.93061224489796
北京市,市辖区,海淀区,上地街道,116.2891333,40.0410587,1.0,67.0,168.0,211.0,348.0,494.0,31.0,674.0,809.0,54.0,9.0,5.0,10.0,11.0,25.0,56.0,4.0,1.0,26.0,58.0,116.0,40.0,8.0,3.0,17.0,11.0,1708.0,1.0,378.0,149.0,66.0,185.0,17.0,23.0,28.0,25.0,0.0,16.0,25.0,45.0,35.0,72.0,1.0,79.0,85.0,7.0,1.0,1.0,0.0,0.0,0.0,3.0,0.0,0.0,1.0,5.0,7.0,7.0,2.0,1.0,2.0,2.0,134.0,0.0,59.0,1.0,12.0,6.0,0.0,3.0,17.0,14.0,8987603467.0,18250344.0,市辖区海淀区,市辖区海淀区上地街道,20.0,30.0,12.0,20.0,82.0,92.34482758620689,76.93061224489796,76.93061224489796
北京市,市辖区,海淀区,万柳地区,116.2894284,39.9893129,70.0,53.0,81.0,226.0,366.0,796.0,113.0,2050.0,767.0,116.0,8.0,18.0,13.0,19.0,32.0,70.0,5.0,6.0,52.0,293.0,88.0,16.0,2.0,11.0,16.0,29.0,2817.0,9.0,157.0,384.0,440.0,394.0,217.0,87.0,29.0,34.0,21.0,0.0,13.0,47.0,35.0,134.0,18.0,212.0,112.0,11.0,1.0,7.0,2.0,3.0,6.0,9.0,0.0,0.0,3.0,20.0,8.0,2.0,0.0,1.0,3.0,4.0,414.0,0.0,5.0,79.0,55.0,48.0,13.0,14.0,20.0,18.0,6401967104.0,18250340.0,市辖区海淀区,市辖区海淀区万柳地区,20.0,30.0,23.0,20.0,93.0,92.34482758620689,76.93061224489796,76.93061224489796
北京市,市辖区,海淀区,东升地区,116.3284412,39.9939762,31.0,113.0,164.0,244.0,806.0,1310.0,225.0,2848.0,1019.0,235.0,13.0,8.0,18.0,35.0,52.0,146.0,14.0,12.0,90.0,636.0,126.0,37.0,2.0,14.0,30.0,45.0,4549.0,7.0,215.0,435.0,665.0,647.0,250.0,122.0,32.0,30.0,0.0,0.0,60.0,20.0,110.0,229.0,82.0,303.0,152.0,39.0,1.0,1.0,1.0,4.0,5.0,17.0,6.0,2.0,20.0,147.0,30.0,10.0,0.0,2.0,7.0,10.0,763.0,2.0,46.0,17.0,114.0,65.0,63.0,33.0,19.0,19.0,6401967105.0,18250341.0,市辖区海淀区,市辖区海淀区东升地区,20.0,30.0,30.0,20.0,100.0,92.34482758620689,76.93061224489796,76.93061224489796
北京市,市辖区,海淀区,曙光街道,116.2736325,39.9644575,102.0,37.0,58.0,267.0,304.0,439.0,67.0,637.0,817.0,64.0,8.0,8.0,12.0,15.0,36.0,58.0,3.0,2.0,20.0,140.0,117.0,21.0,10.0,0.0,9.0,17.0,1948.0,8.0,124.0,34.0,133.0,241.0,35.0,45.0,24.0,27.0,21.0,6.0,5.0,50.0,30.0,64.0,11.0,85.0,115.0,11.0,1.0,1.0,1.0,2.0,5.0,8.0,0.0,1.0,7.0,15.0,17.0,3.0,1.0,0.0,6.0,2.0,260.0,0.0,6.0,5.0,11.0,43.0,5.0,13.0,19.0,13.0,8987603468.0,18250352.0,市辖区海淀区,市辖区海淀区曙光街道,20.0,30.0,25.0,20.0,95.0,92.34482758620689,76.93061224489796,76.93061224489796
北京市,市辖区,海淀区,温泉地区,116.174254,40.0478051,0.0,25.0,99.0,157.0,312.0,337.0,9.0,382.0,199.0,12.0,2.0,0.0,2.0,3.0,12.0,26.0,1.0,0.0,0.0,18.0,42.0,26.0,5.0,0.0,17.0,12.0,356.0,0.0,6.0,15.0,10.0,70.0,20.0,9.0,21.0,27.0,0.0,0.0,23.0,32.0,36.0,60.0,3.0,22.0,38.0,4.0,0.0,0.0,0.0,0.0,2.0,5.0,0.0,0.0,0.0,2.0,12.0,8.0,0.0,0.0,2.0,2.0,66.0,0.0,1.0,2.0,5.0,24.0,2.0,2.0,13.0,12.0,-2.0,18250337.0,市辖区海淀区,市辖区海淀区温泉地区,13.0,30.0,7.0,20.0,70.0,92.34482758620689,76.93061224489796,76.93061224489796
北京市,市辖区,海淀区,四季青地区,116.2687447,39.9529251,97.0,73.0,48.0,296.0,374.0,347.0,58.0,466.0,865.0,62.0,9.0,4.0,9.0,10.0,34.0,55.0,2.0,2.0,12.0,85.0,164.0,27.0,9.0,1.0,17.0,21.0,1631.0,0.0,60.0,21.0,81.0,236.0,19.0,42.0,25.0,29.0,14.0,8.0,5.0,46.0,30.0,62.0,1.0,56.0,117.0,12.0,2.0,1.0,2.0,3.0,3.0,7.0,0.0,1.0,3.0,19.0,23.0,3.0,3.0,0.0,2.0,3.0,237.0,0.0,35.0,1.0,10.0,25.0,1.0,7.0,18.0,13.0,-2.0,18250339.0,市辖区海淀区,市辖区海淀区四季青地区,13.0,30.0,25.0,20.0,88.0,92.34482758620689,76.93061224489796,76.93061224489796
北京市,市辖区,海淀区,西北旺地区,116.2579173,40.0472938,0.0,64.0,61.0,176.0,319.0,225.0,12.0,291.0,452.0,44.0,4.0,5.0,5.0,5.0,15.0,32.0,2.0,0.0,7.0,27.0,64.0,32.0,13.0,4.0,34.0,14.0,766.0,0.0,34.0,140.0,32.0,126.0,19.0,17.0,26.0,24.0,0.0,7.0,22.0,50.0,33.0,16.0,2.0,22.0,97.0,2.0,0.0,2.0,1.0,1.0,2.0,2.0,2.0,0.0,1.0,4.0,12.0,8.0,0.0,1.0,3.0,1.0,139.0,0.0,2.0,59.0,3.0,25.0,1.0,5.0,15.0,13.0,-2.0,18250338.0,市辖区海淀区,市辖区海淀区西北旺地区,13.0,30.0,26.0,20.0,89.0,92.34482758620689,76.93061224489796,76.93061224489796
北京市,市辖区,海淀区,苏家坨地区,116.1513624,40.0786841,0.0,20.0,61.0,158.0,351.0,153.0,2.0,313.0,192.0,13.0,4.0,1.0,0.0,0.0,11.0,16.0,1.0,0.0,0.0,5.0,26.0,22.0,10.0,0.0,28.0,12.0,226.0,2.0,7.0,7.0,2.0,48.0,10.0,11.0,24.0,25.0,0.0,0.0,6.0,7.0,45.0,4.0,2.0,8.0,15.0,0.0,0.0,1.0,0.0,0.0,3.0,3.0,0.0,0.0,0.0,0.0,0.0,0.0,1.0,0.0,3.0,2.0,9.0,0.0,0.0,0.0,0.0,8.0,0.0,2.0,17.0,11.0,-2.0,18250336.0,市辖区海淀区,市辖区海淀区苏家坨地区,13.0,30.0,10.0,20.0,73.0,92.34482758620689,76.93061224489796,76.93061224489796
北京市,市辖区,海淀区,上庄地区,116.2092536,40.0952547,0.0,53.0,30.0,86.0,382.0,155.0,2.0,175.0,185.0,17.0,3.0,1.0,1.0,1.0,7.0,9.0,1.0,0.0,1.0,8.0,34.0,29.0,11.0,2.0,35.0,17.0,389.0,4.0,139.0,31.0,4.0,77.0,16.0,12.0,21.0,21.0,0.0,14.0,0.0,2.0,60.0,13.0,0.0,0.0,30.0,2.0,1.0,0.0,0.0,0.0,1.0,3.0,0.0,0.0,1.0,0.0,8.0,0.0,2.0,0.0,3.0,1.0,65.0,0.0,6.0,0.0,0.0,7.0,1.0,4.0,8.0,12.0,-2.0,18250335.0,市辖区海淀区,市辖区海淀区上庄地区,13.0,30.0,12.0,20.0,75.0,92.34482758620689,76.93061224489796,76.93061224489796
北京市,市辖区,门头沟区,大峪街道,116.1078534,39.9290122,27.0,100.0,123.0,209.0,236.0,256.0,45.0,291.0,717.0,25.0,6.0,2.0,7.0,8.0,16.0,28.0,0.0,0.0,3.0,12.0,154.0,15.0,23.0,7.0,31.0,19.0,1149.0,0.0,44.0,64.0,11.0,74.0,8.0,17.0,26.0,22.0,6.0,25.0,22.0,28.0,27.0,28.0,11.0,39.0,148.0,6.0,3.0,0.0,2.0,2.0,2.0,2.0,0.0,0.0,0.0,2.0,28.0,3.0,0.0,1.0,2.0,3.0,236.0,0.0,0.0,2.0,1.0,20.0,0.0,5.0,24.0,10.0,8158172709.0,-1.0,市辖区门头沟区,市辖区门头沟区大峪街道,12.0,30.0,17.0,20.0,79.0,67.13846153846154,76.93061224489796,76.93061224489796
北京市,市辖区,门头沟区,城子街道,116.0909925,39.9490761,33.0,72.0,71.0,150.0,244.0,255.0,38.0,401.0,549.0,24.0,7.0,1.0,6.0,6.0,14.0,26.0,0.0,0.0,1.0,9.0,143.0,14.0,16.0,6.0,10.0,14.0,897.0,0.0,25.0,15.0,18.0,64.0,4.0,12.0,25.0,25.0,0.0,33.0,18.0,23.0,40.0,31.0,6.0,71.0,84.0,1.0,0.0,1.0,1.0,1.0,2.0,4.0,0.0,0.0,0.0,4.0,34.0,3.0,2.0,3.0,4.0,3.0,142.0,0.0,0.0,7.0,0.0,9.0,1.0,4.0,17.0,13.0,8158172710.0,-1.0,市辖区门头沟区,市辖区门头沟区城子街道,12.0,30.0,19.0,20.0,81.0,67.13846153846154,76.93061224489796,76.93061224489796
北京市,市辖区,门头沟区,东辛房街道,116.0731551,39.9438914,10.0,58.0,57.0,104.0,212.0,165.0,18.0,449.0,388.0,20.0,2.0,2.0,4.0,4.0,12.0,19.0,0.0,0.0,0.0,6.0,113.0,9.0,5.0,3.0,8.0,18.0,679.0,0.0,15.0,16.0,14.0,34.0,6.0,8.0,22.0,23.0,0.0,0.0,13.0,41.0,17.0,57.0,0.0,29.0,96.0,2.0,0.0,0.0,1.0,1.0,1.0,2.0,0.0,0.0,0.0,0.0,22.0,1.0,1.0,0.0,2.0,1.0,143.0,0.0,2.0,0.0,0.0,5.0,0.0,0.0,8.0,9.0,8158172711.0,-1.0,市辖区门头沟区,市辖区门头沟区东辛房街道,12.0,30.0,15.0,20.0,77.0,67.13846153846154,76.93061224489796,76.93061224489796
北京市,市辖区,门头沟区,大台街道,115.9358668,39.9649841,3.0,0.0,0.0,11.0,104.0,17.0,0.0,287.0,85.0,2.0,0.0,0.0,1.0,1.0,1.0,1.0,0.0,0.0,0.0,4.0,21.0,1.0,4.0,0.0,0.0,38.0,217.0,0.0,0.0,4.0,1.0,2.0,7.0,3.0,11.0,15.0,0.0,0.0,0.0,1.0,21.0,1.0,0.0,40.0,20.0,0.0,0.0,0.0,0.0,0.0,0.0,0.0,0.0,0.0,0.0,0.0,7.0,0.0,1.0,0.0,0.0,8.0,51.0,0.0,0.0,0.0,0.0,0.0,1.0,2.0,6.0,8.0,4964465453.0,-1.0,市辖区门头沟区,市辖区门头沟区大台街道,12.0,28.0,0.0,20.0,60.0,67.13846153846154,76.93061224489796,76.93061224489796
北京市,市辖区,门头沟区,王平地区,115.99494,39.9712,31.0,0.0,0.0,36.0,169.0,86.0,0.0,304.0,118.0,2.0,1.0,1.0,0.0,0.0,1.0,1.0,0.0,0.0,0.0,1.0,32.0,1.0,3.0,1.0,0.0,23.0,92.0,0.0,0.0,4.0,0.0,2.0,21.0,5.0,12.0,19.0,9.0,0.0,0.0,9.0,23.0,34.0,0.0,55.0,32.0,1.0,0.0,0.0,0.0,0.0,1.0,1.0,0.0,0.0,0.0,0.0,7.0,0.0,0.0,0.0,0.0,6.0,25.0,0.0,0.0,0.0,0.0,1.0,1.0,5.0,9.0,8.0,-1.0,-1.0,市辖区门头沟区,市辖区门头沟区王平地区,5.0,30.0,10.0,16.1,61.1,67.13846153846154,76.93061224489796,76.93061224489796
北京市,市辖区,门头沟区,永定地区,116.0964135,39.9054075,16.0,93.0,153.0,143.0,177.0,88.0,50.0,301.0,561.0,24.0,2.0,2.0,4.0,5.0,10.0,20.0,0.0,0.0,2.0,6.0,92.0,7.0,30.0,3.0,45.0,28.0,511.0,0.0,2.0,53.0,4.0,76.0,10.0,10.0,24.0,23.0,0.0,16.0,43.0,37.0,19.0,19.0,11.0,20.0,120.0,1.0,0.0,2.0,0.0,0.0,3.0,5.0,0.0,0.0,2.0,4.0,20.0,3.0,10.0,0.0,13.0,4.0,51.0,0.0,2.0,38.0,1.0,7.0,0.0,1.0,17.0,11.0,3808038685.0,-1.0,市辖区门头沟区,市辖区门头沟区永定地区,12.0,30.0,16.0,20.0,78.0,67.13846153846154,76.93061224489796,76.93061224489796
北京市,市辖区,门头沟区,龙泉地区,116.0875738,39.9433013,24.0,71.0,73.0,142.0,230.0,220.0,32.0,401.0,535.0,21.0,5.0,1.0,5.0,5.0,15.0,27.0,0.0,0.0,0.0,8.0,143.0,13.0,15.0,6.0,9.0,13.0,861.0,0.0,23.0,13.0,16.0,59.0,6.0,11.0,24.0,25.0,0.0,15.0,29.0,51.0,43.0,71.0,4.0,16.0,149.0,6.0,0.0,0.0,3.0,3.0,4.0,9.0,0.0,0.0,0.0,4.0,43.0,3.0,2.0,3.0,3.0,3.0,233.0,0.0,2.0,3.0,0.0,7.0,1.0,3.0,15.0,10.0,8158194344.0,-1.0,市辖区门头沟区,市辖区门头沟区龙泉地区,12.0,30.0,19.0,20.0,81.0,67.13846153846154,76.93061224489796,76.93061224489796
北京市,市辖区,门头沟区,潭柘寺镇,116.0248085,39.8773075,44.0,15.0,24.0,49.0,142.0,51.0,0.0,192.0,86.0,8.0,1.0,1.0,1.0,1.0,4.0,5.0,1.0,0.0,1.0,0.0,21.0,1.0,1.0,2.0,11.0,11.0,107.0,0.0,0.0,2.0,1.0,13.0,4.0,2.0,19.0,19.0,25.0,3.0,9.0,5.0,81.0,9.0,0.0,18.0,32.0,3.0,1.0,1.0,1.0,1.0,2.0,2.0,1.0,0.0,1.0,0.0,5.0,0.0,0.0,0.0,1.0,2.0,29.0,0.0,0.0,0.0,1.0,3.0,0.0,2.0,15.0,9.0,3808038686.0,-1.0,市辖区门头沟区,市辖区门头沟区潭柘寺镇,12.0,30.0,22.0,17.8,81.8,67.13846153846154,76.93061224489796,76.93061224489796
北京市,市辖区,门头沟区,军庄镇,116.0971604,40.0025251,6.0,12.0,1.0,10.0,151.0,136.0,0.0,337.0,144.0,13.0,1.0,0.0,0.0,0.0,2.0,3.0,0.0,0.0,0.0,4.0,29.0,2.0,3.0,0.0,3.0,18.0,139.0,0.0,0.0,3.0,0.0,39.0,3.0,8.0,23.0,23.0,0.0,7.0,0.0,2.0,24.0,28.0,0.0,40.0,46.0,2.0,0.0,0.0,0.0,0.0,1.0,2.0,0.0,0.0,0.0,3.0,14.0,1.0,3.0,0.0,0.0,5.0,4.0,0.0,0.0,0.0,0.0,1.0,0.0,3.0,13.0,13.0,3397703123.0,-1.0,市辖区门头沟区,市辖区门头沟区军庄镇,12.0,30.0,8.0,18.6,68.6,67.13846153846154,76.93061224489796,76.93061224489796
北京市,市辖区,门头沟区,雁翅镇,115.8280517,40.0169539,8.0,0.0,7.0,6.0,19.0,46.0,0.0,253.0,41.0,0.0,1.0,0.0,0.0,0.0,1.0,1.0,0.0,0.0,0.0,0.0,4.0,0.0,4.0,0.0,0.0,9.0,2.0,0.0,0.0,1.0,0.0,0.0,0.0,5.0,15.0,7.0,4.0,0.0,1.0,2.0,3.0,9.0,0.0,47.0,7.0,0.0,0.0,0.0,0.0,0.0,1.0,1.0,0.0,0.0,0.0,0.0,2.0,0.0,0.0,0.0,0.0,3.0,1.0,0.0,0.0,0.0,0.0,0.0,0.0,4.0,11.0,5.0,3320624197.0,-1.0,市辖区门头沟区,市辖区门头沟区雁翅镇,12.0,22.7,5.0,3.9,43.6,67.13846153846154,76.93061224489796,76.93061224489796
北京市,市辖区,门头沟区,斋堂镇,115.6885518,39.9710847,10.0,2.0,11.0,13.0,75.0,111.0,0.0,404.0,75.0,4.0,0.0,0.0,0.0,0.0,1.0,1.0,0.0,0.0,0.0,1.0,8.0,0.0,4.0,0.0,0.0,11.0,45.0,0.0,0.0,2.0,0.0,10.0,2.0,4.0,19.0,14.0,4.0,0.0,6.0,5.0,39.0,12.0,0.0,49.0,28.0,0.0,0.0,0.0,0.0,0.0,1.0,1.0,0.0,0.0,0.0,0.0,3.0,0.0,1.0,0.0,0.0,5.0,3.0,0.0,0.0,0.0,0.0,2.0,0.0,3.0,12.0,8.0,2696609353.0,-1.0,市辖区门头沟区,市辖区门头沟区斋堂镇,12.0,28.0,5.0,9.0,54.0,67.13846153846154,76.93061224489796,76.93061224489796
北京市,市辖区,门头沟区,清水镇,115.6153588,39.9433564,6.0,0.0,10.0,20.0,34.0,35.0,0.0,298.0,64.0,0.0,0.0,0.0,0.0,0.0,1.0,1.0,0.0,0.0,0.0,0.0,7.0,0.0,0.0,0.0,0.0,8.0,1.0,0.0,0.0,0.0,0.0,1.0,0.0,5.0,16.0,7.0,4.0,0.0,1.0,11.0,21.0,9.0,0.0,91.0,35.0,0.0,0.0,0.0,0.0,0.0,1.0,1.0,0.0,0.0,0.0,0.0,4.0,0.0,0.0,0.0,0.0,4.0,1.0,0.0,0.0,0.0,0.0,1.0,0.0,4.0,14.0,6.0,3320524647.0,-1.0,市辖区门头沟区,市辖区门头沟区清水镇,12.0,26.0,5.0,3.7,46.7,67.13846153846154,76.93061224489796,76.93061224489796
北京市,市辖区,门头沟区,妙峰山镇,116.050252,39.975643,20.0,9.0,7.0,58.0,200.0,226.0,0.0,543.0,163.0,14.0,3.0,0.0,0.0,0.0,4.0,4.0,0.0,0.0,0.0,7.0,36.0,5.0,4.0,1.0,1.0,19.0,286.0,0.0,0.0,17.0,0.0,38.0,30.0,4.0,19.0,24.0,0.0,2.0,1.0,13.0,51.0,46.0,0.0,72.0,42.0,1.0,0.0,0.0,0.0,0.0,1.0,1.0,0.0,0.0,0.0,1.0,11.0,2.0,1.0,0.0,0.0,3.0,74.0,0.0,0.0,5.0,0.0,5.0,1.0,3.0,12.0,14.0,-1.0,-1.0,市辖区门头沟区,市辖区门头沟区妙峰山镇,5.0,30.0,6.0,20.0,61.0,67.13846153846154,76.93061224489796,76.93061224489796
北京市,市辖区,房山区,城关街道,116.0076178,39.704291,0.0,82.0,66.0,33.0,320.0,149.0,12.0,91.0,347.0,19.0,5.0,1.0,2.0,2.0,12.0,17.0,0.0,0.0,0.0,1.0,70.0,5.0,52.0,1.0,7.0,13.0,498.0,0.0,10.0,12.0,1.0,41.0,3.0,10.0,24.0,20.0,0.0,9.0,9.0,6.0,47.0,33.0,0.0,6.0,67.0,1.0,0.0,0.0,0.0,0.0,3.0,5.0,0.0,0.0,0.0,0.0,10.0,3.0,13.0,0.0,1.0,3.0,89.0,0.0,1.0,1.0,1.0,8.0,0.0,4.0,11.0,10.0,8981665643.0,-1.0,市辖区房山区,市辖区房山区城关街道,12.0,30.0,10.0,20.0,72.0,64.48928571428571,76.93061224489796,76.93061224489796
北京市,市辖区,房山区,新镇街道,116.0546853,39.732453,10.0,40.0,12.0,39.0,301.0,82.0,0.0,14.0,312.0,8.0,4.0,0.0,1.0,1.0,6.0,9.0,1.0,0.0,0.0,1.0,49.0,2.0,25.0,0.0,7.0,15.0,354.0,0.0,19.0,7.0,0.0,35.0,1.0,9.0,20.0,17.0,3.0,0.0,0.0,20.0,44.0,2.0,0.0,0.0,57.0,0.0,0.0,0.0,0.0,0.0,0.0,0.0,0.0,0.0,0.0,0.0,12.0,1.0,0.0,0.0,5.0,4.0,27.0,0.0,0.0,0.0,0.0,1.0,1.0,0.0,6.0,9.0,8981665848.0,-1.0,市辖区房山区,市辖区房山区新镇街道,12.0,30.0,0.0,20.0,62.0,64.48928571428571,76.93061224489796,76.93061224489796
北京市,市辖区,房山区,向阳街道,115.9782511,39.7166998,0.0,50.0,94.0,69.0,409.0,224.0,12.0,182.0,496.0,17.0,4.0,1.0,4.0,4.0,16.0,22.0,1.0,0.0,1.0,4.0,90.0,6.0,37.0,0.0,5.0,16.0,670.0,0.0,15.0,97.0,3.0,45.0,5.0,8.0,23.0,22.0,0.0,0.0,25.0,6.0,88.0,20.0,0.0,14.0,70.0,2.0,1.0,0.0,0.0,0.0,1.0,1.0,0.0,0.0,1.0,0.0,11.0,0.0,4.0,0.0,1.0,2.0,39.0,0.0,0.0,0.0,0.0,1.0,0.0,5.0,11.0,8.0,8981665870.0,-1.0,市辖区房山区,市辖区房山区向阳街道,12.0,30.0,12.0,20.0,74.0,64.48928571428571,76.93061224489796,76.93061224489796
北京市,市辖区,房山区,东风街道,115.9551721,39.7521365,0.0,0.0,31.0,51.0,274.0,190.0,0.0,190.0,170.0,5.0,1.0,0.0,1.0,1.0,5.0,7.0,0.0,0.0,0.0,3.0,25.0,3.0,47.0,0.0,0.0,14.0,520.0,0.0,0.0,109.0,2.0,23.0,2.0,3.0,14.0,15.0,0.0,0.0,12.0,11.0,72.0,19.0,0.0,18.0,40.0,2.0,0.0,0.0,0.0,0.0,2.0,3.0,0.0,0.0,0.0,0.0,9.0,1.0,7.0,0.0,0.0,2.0,245.0,0.0,0.0,7.0,1.0,12.0,0.0,3.0,12.0,9.0,4643049935.0,-1.0,市辖区房山区,市辖区房山区东风街道,12.0,30.0,5.0,20.0,67.0,64.48928571428571,76.93061224489796,76.93061224489796
北京市,市辖区,房山区,迎风街道,115.9540681,39.7246474,0.0,2.0,59.0,53.0,439.0,216.0,2.0,167.0,341.0,7.0,2.0,0.0,2.0,2.0,10.0,12.0,1.0,0.0,1.0,5.0,59.0,3.0,21.0,0.0,2.0,13.0,453.0,0.0,5.0,131.0,3.0,16.0,7.0,7.0,18.0,17.0,0.0,0.0,15.0,17.0,82.0,33.0,0.0,14.0,105.0,3.0,0.0,0.0,2.0,2.0,5.0,7.0,0.0,0.0,0.0,4.0,21.0,3.0,2.0,0.0,0.0,3.0,247.0,0.0,5.0,0.0,1.0,9.0,3.0,2.0,15.0,8.0,8982977359.0,-1.0,市辖区房山区,市辖区房山区迎风街道,12.0,30.0,14.0,20.0,76.0,64.48928571428571,76.93061224489796,76.93061224489796
北京市,市辖区,房山区,星城街道,116.0573739,39.7094897,18.0,61.0,20.0,28.0,337.0,92.0,0.0,15.0,317.0,7.0,5.0,0.0,1.0,1.0,8.0,12.0,1.0,0.0,0.0,2.0,47.0,2.0,22.0,1.0,6.0,13.0,410.0,0.0,19.0,2.0,0.0,44.0,1.0,8.0,18.0,16.0,0.0,9.0,7.0,2.0,91.0,26.0,0.0,8.0,72.0,3.0,1.0,0.0,1.0,1.0,2.0,3.0,1.0,0.0,0.0,1.0,14.0,0.0,2.0,0.0,0.0,4.0,220.0,0.0,12.0,0.0,0.0,15.0,0.0,2.0,12.0,7.0,8982977364.0,-1.0,市辖区房山区,市辖区房山区星城街道,12.0,30.0,16.0,20.0,78.0,64.48928571428571,76.93061224489796,76.93061224489796
北京市,市辖区,房山区,良乡地区,116.143054,39.730746,0.0,111.0,171.0,124.0,519.0,105.0,9.0,397.0,800.0,26.0,5.0,14.0,6.0,9.0,17.0,34.0,2.0,2.0,6.0,42.0,98.0,11.0,12.0,6.0,32.0,26.0,1179.0,0.0,28.0,27.0,57.0,130.0,10.0,20.0,25.0,20.0,0.0,6.0,44.0,18.0,105.0,11.0,3.0,8.0,113.0,6.0,0.0,0.0,2.0,2.0,6.0,8.0,0.0,0.0,1.0,4.0,16.0,1.0,0.0,1.0,1.0,4.0,192.0,0.0,15.0,2.0,8.0,18.0,1.0,4.0,14.0,9.0,-1.0,19798470.0,市辖区房山区,市辖区房山区良乡地区,20.0,30.0,21.0,20.0,91.0,64.48928571428571,76.93061224489796,76.93061224489796
北京市,市辖区,房山区,周口店地区,115.951376,39.680913,8.0,53.0,30.0,23.0,236.0,128.0,4.0,183.0,243.0,20.0,2.0,5.0,1.0,1.0,12.0,12.0,1.0,0.0,0.0,0.0,53.0,2.0,9.0,1.0,1.0,14.0,430.0,0.0,0.0,7.0,1.0,9.0,18.0,5.0,20.0,25.0,0.0,7.0,0.0,1.0,24.0,32.0,0.0,18.0,28.0,12.0,2.0,5.0,0.0,0.0,2.0,2.0,0.0,0.0,0.0,0.0,7.0,1.0,3.0,0.0,0.0,3.0,24.0,0.0,0.0,3.0,0.0,7.0,1.0,2.0,10.0,15.0,-1.0,-1.0,市辖区房山区,市辖区房山区周口店地区,5.0,30.0,10.0,20.0,65.0,64.48928571428571,76.93061224489796,76.93061224489796
北京市,市辖区,房山区,琉璃河地区,116.032168,39.600109,22.0,22.0,9.0,4.0,293.0,19.0,0.0,8.0,198.0,2.0,3.0,1.0,0.0,0.0,4.0,5.0,0.0,0.0,0.0,0.0,28.0,4.0,4.0,0.0,1.0,15.0,281.0,0.0,0.0,42.0,0.0,16.0,1.0,10.0,16.0,16.0,9.0,12.0,0.0,0.0,34.0,1.0,0.0,4.0,38.0,0.0,0.0,0.0,0.0,0.0,0.0,1.0,0.0,0.0,0.0,0.0,7.0,0.0,2.0,0.0,0.0,2.0,97.0,0.0,0.0,4.0,0.0,7.0,0.0,4.0,9.0,8.0,-1.0,-1.0,市辖区房山区,市辖区房山区琉璃河地区,5.0,30.0,5.0,20.0,60.0,64.48928571428571,76.93061224489796,76.93061224489796
北京市,市辖区,房山区,拱辰街道,116.1372371,39.7300935,0.0,109.0,155.0,111.0,508.0,124.0,7.0,273.0,759.0,19.0,5.0,13.0,6.0,9.0,15.0,30.0,2.0,2.0,6.0,42.0,95.0,9.0,12.0,5.0,32.0,24.0,1162.0,0.0,28.0,24.0,53.0,103.0,10.0,19.0,25.0,20.0,0.0,7.0,36.0,28.0,81.0,11.0,2.0,14.0,142.0,4.0,0.0,5.0,3.0,6.0,4.0,5.0,0.0,0.0,4.0,13.0,10.0,1.0,0.0,0.0,2.0,7.0,214.0,0.0,13.0,2.0,28.0,13.0,3.0,7.0,15.0,7.0,8982977365.0,19798467.0,市辖区房山区,市辖区房山区拱辰街道,20.0,30.0,23.0,20.0,93.0,64.48928571428571,76.93061224489796,76.93061224489796
北京市,市辖区,房山区,西潞街道,116.1221993,39.7207709,0.0,101.0,108.0,91.0,378.0,99.0,4.0,65.0,636.0,15.0,4.0,13.0,7.0,10.0,14.0,22.0,2.0,0.0,6.0,19.0,80.0,3.0,11.0,7.0,18.0,24.0,929.0,0.0,15.0,7.0,40.0,51.0,6.0,15.0,22.0,18.0,0.0,19.0,16.0,24.0,20.0,5.0,0.0,1.0,128.0,1.0,0.0,8.0,2.0,5.0,3.0,3.0,0.0,0.0,2.0,9.0,15.0,1.0,1.0,1.0,5.0,4.0,207.0,0.0,0.0,0.0,19.0,7.0,3.0,4.0,14.0,12.0,8982977366.0,19798466.0,市辖区房山区,市辖区房山区西潞街道,20.0,30.0,23.0,20.0,93.0,64.48928571428571,76.93061224489796,76.93061224489796
北京市,市辖区,房山区,阎村镇,116.0861983,39.7150332,14.0,77.0,28.0,58.0,316.0,119.0,0.0,27.0,420.0,7.0,5.0,0.0,2.0,2.0,10.0,13.0,1.0,0.0,0.0,2.0,67.0,3.0,6.0,4.0,10.0,18.0,487.0,0.0,13.0,2.0,0.0,40.0,0.0,11.0,21.0,17.0,5.0,18.0,10.0,3.0,34.0,7.0,0.0,1.0,59.0,0.0,1.0,0.0,1.0,1.0,1.0,3.0,0.0,0.0,0.0,0.0,13.0,0.0,1.0,2.0,1.0,2.0,19.0,0.0,0.0,0.0,0.0,4.0,0.0,3.0,13.0,7.0,3604383704.0,-1.0,市辖区房山区,市辖区房山区阎村镇,12.0,30.0,10.0,20.0,72.0,64.48928571428571,76.93061224489796,76.93061224489796
北京市,市辖区,房山区,窦店镇,116.0618269,39.6502855,23.0,9.0,45.0,33.0,205.0,121.0,0.0,0.0,276.0,6.0,2.0,0.0,0.0,0.0,3.0,5.0,0.0,0.0,0.0,2.0,49.0,0.0,15.0,1.0,2.0,14.0,332.0,0.0,0.0,13.0,0.0,30.0,1.0,4.0,15.0,15.0,12.0,3.0,15.0,3.0,31.0,44.0,0.0,0.0,53.0,0.0,1.0,0.0,0.0,0.0,1.0,1.0,0.0,0.0,0.0,1.0,18.0,0.0,0.0,1.0,1.0,4.0,191.0,0.0,0.0,0.0,0.0,10.0,1.0,1.0,11.0,8.0,3604383000.0,-1.0,市辖区房山区,市辖区房山区窦店镇,12.0,30.0,6.0,20.0,68.0,64.48928571428571,76.93061224489796,76.93061224489796
北京市,市辖区,房山区,石楼镇,115.9788711,39.6550422,8.0,2.0,34.0,30.0,231.0,23.0,0.0,22.0,170.0,1.0,1.0,0.0,0.0,0.0,3.0,3.0,0.0,0.0,0.0,0.0,15.0,3.0,16.0,0.0,2.0,10.0,94.0,0.0,0.0,16.0,0.0,1.0,0.0,5.0,12.0,11.0,4.0,0.0,17.0,8.0,20.0,4.0,0.0,22.0,54.0,0.0,1.0,0.0,0.0,0.0,1.0,1.0,0.0,0.0,0.0,0.0,3.0,2.0,13.0,0.0,0.0,1.0,1.0,0.0,0.0,16.0,0.0,1.0,0.0,2.0,9.0,8.0,3379195897.0,-1.0,市辖区房山区,市辖区房山区石楼镇,12.0,30.0,5.0,16.700000000000003,63.7,64.48928571428571,76.93061224489796,76.93061224489796
北京市,市辖区,房山区,长阳镇,116.2109591,39.7646453,33.0,44.0,38.0,78.0,111.0,62.0,8.0,106.0,318.0,13.0,2.0,0.0,2.0,2.0,5.0,16.0,0.0,0.0,1.0,3.0,50.0,7.0,2.0,2.0,24.0,14.0,408.0,0.0,4.0,5.0,7.0,41.0,0.0,15.0,24.0,18.0,16.0,12.0,9.0,17.0,17.0,3.0,5.0,11.0,106.0,2.0,0.0,0.0,1.0,1.0,3.0,7.0,0.0,0.0,0.0,2.0,15.0,5.0,0.0,0.0,14.0,3.0,83.0,0.0,1.0,2.0,7.0,10.0,0.0,3.0,18.0,8.0,3379213337.0,19798465.0,市辖区房山区,市辖区房山区长阳镇,20.0,30.0,12.0,20.0,82.0,64.48928571428571,76.93061224489796,76.93061224489796
北京市,市辖区,房山区,河北镇,115.9318284,39.8187101,19.0,13.0,0.0,42.0,263.0,215.0,0.0,393.0,169.0,2.0,2.0,1.0,0.0,0.0,2.0,2.0,0.0,0.0,0.0,0.0,16.0,1.0,0.0,0.0,0.0,17.0,16.0,0.0,0.0,2.0,0.0,7.0,15.0,3.0,17.0,17.0,8.0,8.0,0.0,17.0,54.0,67.0,0.0,66.0,39.0,1.0,1.0,1.0,0.0,0.0,2.0,2.0,0.0,0.0,0.0,0.0,3.0,0.0,0.0,0.0,0.0,4.0,8.0,0.0,0.0,0.0,0.0,4.0,0.0,3.0,13.0,7.0,3808039773.0,-1.0,市辖区房山区,市辖区房山区河北镇,12.0,30.0,10.0,6.6,58.6,64.48928571428571,76.93061224489796,76.93061224489796
北京市,市辖区,房山区,长沟镇,115.8948801,39.579116,6.0,0.0,5.0,16.0,266.0,31.0,0.0,0.0,76.0,0.0,0.0,0.0,1.0,1.0,2.0,2.0,0.0,0.0,0.0,0.0,17.0,1.0,0.0,0.0,4.0,19.0,169.0,0.0,0.0,1.0,1.0,11.0,1.0,7.0,8.0,11.0,3.0,0.0,1.0,6.0,36.0,20.0,0.0,0.0,36.0,0.0,0.0,0.0,1.0,1.0,2.0,2.0,0.0,0.0,0.0,0.0,5.0,0.0,0.0,0.0,2.0,4.0,137.0,0.0,0.0,0.0,1.0,10.0,0.0,6.0,8.0,6.0,3867137757.0,-1.0,市辖区房山区,市辖区房山区长沟镇,12.0,26.0,10.0,20.0,68.0,64.48928571428571,76.93061224489796,76.93061224489796
北京市,市辖区,房山区,大石窝镇,115.8198697,39.5517181,5.0,0.0,4.0,4.0,387.0,39.0,0.0,5.0,86.0,1.0,0.0,0.0,0.0,0.0,0.0,0.0,0.0,0.0,0.0,0.0,17.0,0.0,0.0,0.0,0.0,13.0,23.0,0.0,0.0,0.0,0.0,8.0,0.0,7.0,11.0,10.0,2.0,0.0,3.0,1.0,54.0,5.0,0.0,0.0,32.0,1.0,0.0,0.0,0.0,0.0,0.0,0.0,0.0,0.0,0.0,0.0,5.0,0.0,0.0,0.0,0.0,2.0,19.0,0.0,0.0,0.0,0.0,5.0,0.0,2.0,7.0,7.0,4182578681.0,-1.0,市辖区房山区,市辖区房山区大石窝镇,12.0,28.0,0.0,8.2,48.2,64.48928571428571,76.93061224489796,76.93061224489796
北京市,市辖区,房山区,张坊镇,115.7108635,39.5753923,9.0,8.0,10.0,9.0,180.0,26.0,0.0,75.0,116.0,3.0,1.0,0.0,0.0,0.0,4.0,4.0,0.0,0.0,0.0,1.0,22.0,0.0,0.0,0.0,0.0,17.0,235.0,0.0,0.0,2.0,1.0,1.0,4.0,8.0,13.0,14.0,6.0,3.0,8.0,6.0,25.0,8.0,0.0,3.0,54.0,3.0,0.0,0.0,0.0,0.0,2.0,2.0,0.0,0.0,0.0,0.0,4.0,0.0,0.0,0.0,0.0,4.0,5.0,0.0,0.0,1.0,0.0,0.0,1.0,1.0,10.0,6.0,3620428994.0,-1.0,市辖区房山区,市辖区房山区张坊镇,12.0,30.0,5.0,20.0,67.0,64.48928571428571,76.93061224489796,76.93061224489796
北京市,市辖区,房山区,十渡镇,115.5839328,39.6405352,0.0,0.0,26.0,0.0,165.0,129.0,0.0,296.0,130.0,4.0,1.0,0.0,0.0,0.0,1.0,1.0,0.0,0.0,0.0,1.0,23.0,0.0,0.0,0.0,0.0,19.0,14.0,0.0,0.0,9.0,0.0,5.0,35.0,3.0,12.0,15.0,0.0,0.0,14.0,0.0,83.0,42.0,0.0,75.0,45.0,3.0,1.0,0.0,0.0,0.0,0.0,0.0,0.0,0.0,0.0,0.0,9.0,0.0,0.0,0.0,0.0,3.0,7.0,0.0,0.0,2.0,0.0,1.0,6.0,3.0,11.0,11.0,4182632962.0,-1.0,市辖区房山区,市辖区房山区十渡镇,12.0,30.0,0.0,7.2,49.2,64.48928571428571,76.93061224489796,76.93061224489796
北京市,市辖区,房山区,青龙湖镇,116.0330252,39.7748029,8.0,3.0,22.0,14.0,307.0,236.0,0.0,85.0,212.0,8.0,0.0,0.0,0.0,0.0,1.0,2.0,0.0,0.0,0.0,0.0,21.0,1.0,3.0,0.0,1.0,12.0,33.0,0.0,0.0,7.0,0.0,7.0,2.0,5.0,18.0,21.0,7.0,3.0,3.0,0.0,59.0,33.0,0.0,0.0,61.0,2.0,0.0,0.0,0.0,0.0,0.0,0.0,0.0,0.0,0.0,0.0,2.0,0.0,0.0,0.0,0.0,2.0,11.0,0.0,0.0,0.0,0.0,1.0,0.0,1.0,7.0,8.0,3379213806.0,-1.0,市辖区房山区,市辖区房山区青龙湖镇,12.0,28.0,0.0,9.100000000000001,49.1,64.48928571428571,76.93061224489796,76.93061224489796
北京市,市辖区,房山区,韩村河镇,115.9569329,39.6027537,0.0,13.0,14.0,6.0,316.0,11.0,0.0,0.0,149.0,2.0,1.0,0.0,1.0,1.0,0.0,0.0,0.0,0.0,1.0,0.0,20.0,2.0,5.0,0.0,0.0,14.0,7.0,0.0,0.0,0.0,0.0,2.0,0.0,7.0,12.0,9.0,0.0,5.0,7.0,0.0,64.0,1.0,0.0,0.0,32.0,1.0,1.0,0.0,1.0,1.0,0.0,0.0,0.0,0.0,1.0,0.0,3.0,2.0,3.0,0.0,0.0,2.0,6.0,0.0,0.0,0.0,0.0,1.0,0.0,1.0,6.0,6.0,4182636073.0,-1.0,市辖区房山区,市辖区房山区韩村河镇,12.0,30.0,7.0,5.3,54.3,64.48928571428571,76.93061224489796,76.93061224489796
北京市,市辖区,房山区,霞云岭乡,115.7409748,39.7281907,3.0,0.0,0.0,10.0,97.0,5.0,0.0,346.0,68.0,0.0,0.0,0.0,0.0,0.0,1.0,1.0,0.0,0.0,0.0,0.0,11.0,0.0,0.0,0.0,0.0,14.0,12.0,0.0,0.0,0.0,0.0,0.0,4.0,3.0,11.0,9.0,1.0,0.0,0.0,3.0,20.0,1.0,0.0,65.0,22.0,0.0,0.0,0.0,0.0,0.0,1.0,1.0,0.0,0.0,0.0,0.0,3.0,0.0,0.0,0.0,0.0,2.0,8.0,0.0,0.0,0.0,0.0,0.0,1.0,3.0,10.0,5.0,4182636072.0,-1.0,市辖区房山区,市辖区房山区霞云岭乡,12.0,26.0,5.0,6.0,49.0,64.48928571428571,76.93061224489796,76.93061224489796
北京市,市辖区,房山区,南窖乡,115.8362979,39.7673457,0.0,0.0,4.0,4.0,58.0,55.0,0.0,153.0,71.0,0.0,0.0,0.0,0.0,0.0,0.0,0.0,0.0,0.0,0.0,0.0,6.0,1.0,0.0,0.0,0.0,15.0,4.0,0.0,0.0,0.0,0.0,0.0,1.0,1.0,11.0,8.0,0.0,0.0,2.0,4.0,20.0,17.0,0.0,26.0,33.0,0.0,0.0,0.0,0.0,0.0,0.0,0.0,0.0,0.0,0.0,0.0,2.0,1.0,0.0,0.0,0.0,2.0,4.0,0.0,0.0,0.0,0.0,0.0,0.0,1.0,9.0,5.0,4182691193.0,-1.0,市辖区房山区,市辖区房山区南窖乡,12.0,26.0,0.0,4.8,42.8,64.48928571428571,76.93061224489796,76.93061224489796
北京市,市辖区,房山区,佛子庄乡,115.8835334,39.8199693,9.0,17.0,5.0,7.0,96.0,133.0,0.0,366.0,129.0,1.0,0.0,0.0,0.0,0.0,1.0,1.0,1.0,0.0,0.0,0.0,11.0,0.0,0.0,0.0,0.0,13.0,1.0,0.0,0.0,1.0,0.0,1.0,11.0,3.0,15.0,15.0,1.0,5.0,0.0,0.0,14.0,3.0,0.0,28.0,12.0,0.0,0.0,0.0,0.0,0.0,0.0,0.0,0.0,0.0,0.0,0.0,4.0,0.0,0.0,0.0,0.0,2.0,0.0,0.0,0.0,1.0,0.0,0.0,0.0,3.0,11.0,7.0,4642981934.0,-1.0,市辖区房山区,市辖区房山区佛子庄乡,12.0,28.0,0.0,4.3,44.3,64.48928571428571,76.93061224489796,76.93061224489796
北京市,市辖区,房山区,大安山乡,115.7796911,39.8868399,0.0,0.0,13.0,22.0,98.0,114.0,0.0,315.0,128.0,2.0,0.0,1.0,1.0,1.0,1.0,2.0,0.0,1.0,0.0,2.0,24.0,0.0,1.0,0.0,0.0,41.0,39.0,0.0,19.0,2.0,0.0,5.0,13.0,2.0,12.0,16.0,0.0,0.0,4.0,9.0,13.0,17.0,0.0,58.0,25.0,1.0,0.0,1.0,0.0,0.0,1.0,1.0,0.0,0.0,0.0,2.0,1.0,0.0,0.0,0.0,0.0,5.0,12.0,0.0,1.0,0.0,0.0,3.0,2.0,2.0,11.0,9.0,4642981933.0,-1.0,市辖区房山区,市辖区房山区大安山乡,12.0,28.0,12.0,9.3,61.3,64.48928571428571,76.93061224489796,76.93061224489796
北京市,市辖区,房山区,史家营乡,115.6645553,39.858022,0.0,0.0,10.0,13.0,48.0,54.0,0.0,209.0,80.0,2.0,0.0,0.0,0.0,0.0,0.0,0.0,0.0,0.0,0.0,3.0,13.0,0.0,0.0,0.0,0.0,16.0,11.0,0.0,0.0,3.0,0.0,5.0,8.0,3.0,11.0,17.0,0.0,0.0,6.0,4.0,15.0,12.0,0.0,37.0,24.0,0.0,0.0,0.0,0.0,0.0,0.0,0.0,0.0,0.0,0.0,0.0,5.0,0.0,0.0,0.0,0.0,4.0,5.0,0.0,0.0,1.0,0.0,0.0,0.0,1.0,10.0,7.0,7822502106.0,-1.0,市辖区房山区,市辖区房山区史家营乡,12.0,28.0,0.0,6.0,46.0,64.48928571428571,76.93061224489796,76.93061224489796
北京市,市辖区,房山区,蒲洼乡,115.5293867,39.7325225,0.0,0.0,8.0,0.0,75.0,5.0,0.0,340.0,60.0,0.0,0.0,1.0,0.0,0.0,1.0,1.0,0.0,0.0,0.0,0.0,11.0,0.0,0.0,0.0,0.0,24.0,1.0,0.0,0.0,0.0,0.0,0.0,4.0,1.0,10.0,6.0,0.0,0.0,3.0,0.0,23.0,0.0,0.0,60.0,24.0,0.0,0.0,1.0,0.0,0.0,1.0,1.0,0.0,0.0,0.0,0.0,6.0,0.0,0.0,0.0,0.0,5.0,1.0,0.0,0.0,0.0,0.0,0.0,0.0,1.0,8.0,2.0,7822502135.0,-1.0,市辖区房山区,市辖区房山区蒲洼乡,12.0,26.0,10.0,3.2,51.2,64.48928571428571,76.93061224489796,76.93061224489796
北京市,市辖区,通州区,中仓街道,116.6576958,39.9045315,40.0,181.0,140.0,199.0,363.0,254.0,30.0,194.0,863.0,26.0,6.0,9.0,6.0,13.0,32.0,50.0,2.0,3.0,16.0,120.0,156.0,29.0,4.0,21.0,43.0,25.0,647.0,87.0,365.0,17.0,189.0,97.0,13.0,36.0,26.0,23.0,0.0,38.0,7.0,20.0,99.0,73.0,0.0,54.0,98.0,1.0,0.0,2.0,2.0,5.0,10.0,15.0,1.0,1.0,4.0,8.0,18.0,6.0,0.0,3.0,9.0,3.0,78.0,15.0,73.0,6.0,37.0,7.0,2.0,18.0,18.0,9.0,8981623512.0,15897393.0,市辖区通州区,市辖区通州区中仓街道,20.0,30.0,30.0,20.0,100.0,80.8,76.93061224489796,76.93061224489796
北京市,市辖区,通州区,新华街道,116.6591207,39.9093408,33.0,184.0,151.0,184.0,330.0,198.0,31.0,181.0,800.0,24.0,5.0,7.0,5.0,11.0,29.0,46.0,1.0,2.0,16.0,115.0,145.0,28.0,5.0,22.0,46.0,26.0,585.0,22.0,256.0,18.0,185.0,90.0,16.0,36.0,26.0,20.0,0.0,40.0,4.0,22.0,101.0,68.0,3.0,34.0,60.0,1.0,0.0,2.0,0.0,2.0,5.0,7.0,1.0,1.0,3.0,5.0,12.0,10.0,0.0,3.0,11.0,3.0,44.0,11.0,44.0,3.0,20.0,8.0,2.0,12.0,19.0,9.0,8981623513.0,15897392.0,市辖区通州区,市辖区通州区新华街道,20.0,30.0,24.0,20.0,94.0,80.8,76.93061224489796,76.93061224489796
北京市,市辖区,通州区,北苑街道,116.6434517,39.9021244,48.0,182.0,113.0,191.0,401.0,243.0,29.0,208.0,869.0,27.0,7.0,7.0,7.0,20.0,30.0,46.0,1.0,4.0,17.0,131.0,134.0,24.0,4.0,19.0,42.0,26.0,517.0,37.0,306.0,17.0,192.0,63.0,14.0,39.0,26.0,23.0,7.0,31.0,8.0,28.0,70.0,58.0,1.0,54.0,120.0,1.0,0.0,1.0,1.0,3.0,9.0,14.0,0.0,1.0,6.0,35.0,39.0,0.0,0.0,4.0,3.0,3.0,104.0,15.0,87.0,6.0,46.0,6.0,3.0,16.0,21.0,9.0,8981665618.0,15897390.0,市辖区通州区,市辖区通州区北苑街道,20.0,30.0,25.0,20.0,95.0,80.8,76.93061224489796,76.93061224489796
北京市,市辖区,通州区,玉桥街道,116.6760747,39.8926492,50.0,183.0,109.0,209.0,254.0,266.0,64.0,279.0,893.0,35.0,5.0,6.0,4.0,9.0,34.0,53.0,2.0,2.0,11.0,79.0,153.0,21.0,4.0,13.0,37.0,27.0,832.0,90.0,595.0,21.0,157.0,92.0,9.0,40.0,26.0,21.0,2.0,26.0,12.0,26.0,15.0,11.0,3.0,10.0,149.0,2.0,1.0,2.0,1.0,1.0,6.0,7.0,0.0,0.0,1.0,12.0,31.0,2.0,1.0,2.0,1.0,4.0,40.0,0.0,0.0,0.0,4.0,8.0,1.0,3.0,14.0,10.0,8981665619.0,15897394.0,市辖区通州区,市辖区通州区玉桥街道,20.0,30.0,23.0,20.0,93.0,80.8,76.93061224489796,76.93061224489796
北京市,市辖区,通州区,潞源街道,116.7186538,39.9152707,4.0,113.0,112.0,156.0,207.0,144.0,127.0,402.0,403.0,42.0,5.0,53.0,4.0,8.0,12.0,42.0,7.0,2.0,8.0,325.0,70.0,21.0,2.0,9.0,50.0,34.0,436.0,34.0,187.0,18.0,30.0,154.0,15.0,24.0,24.0,25.0,0.0,16.0,12.0,26.0,40.0,33.0,38.0,175.0,54.0,6.0,1.0,8.0,1.0,2.0,2.0,5.0,2.0,0.0,4.0,17.0,14.0,2.0,0.0,2.0,5.0,3.0,111.0,0.0,88.0,3.0,2.0,28.0,8.0,4.0,19.0,14.0,8981665620.0,15897398.0,市辖区通州区,市辖区通州区潞源街道,20.0,30.0,28.0,20.0,98.0,80.8,76.93061224489796,76.93061224489796
北京市,市辖区,通州区,通运街道,116.6917521,39.9121751,4.0,114.0,143.0,197.0,224.0,134.0,100.0,328.0,522.0,28.0,5.0,35.0,3.0,4.0,21.0,34.0,5.0,0.0,7.0,69.0,112.0,25.0,4.0,19.0,43.0,21.0,370.0,34.0,82.0,18.0,22.0,125.0,14.0,30.0,24.0,25.0,0.0,19.0,16.0,15.0,16.0,2.0,5.0,11.0,73.0,6.0,1.0,0.0,0.0,0.0,5.0,9.0,0.0,0.0,1.0,16.0,21.0,6.0,1.0,3.0,3.0,2.0,70.0,0.0,1.0,4.0,1.0,31.0,1.0,6.0,13.0,11.0,8981665625.0,15897396.0,市辖区通州区,市辖区通州区通运街道,20.0,30.0,18.0,20.0,88.0,80.8,76.93061224489796,76.93061224489796
北京市,市辖区,通州区,文景街道,116.6478952,39.8516546,0.0,96.0,133.0,150.0,72.0,300.0,96.0,455.0,651.0,31.0,4.0,2.0,1.0,1.0,6.0,12.0,0.0,1.0,1.0,44.0,61.0,7.0,11.0,1.0,21.0,25.0,461.0,1.0,220.0,18.0,2.0,117.0,25.0,16.0,24.0,18.0,0.0,27.0,56.0,20.0,11.0,8.0,49.0,104.0,88.0,5.0,1.0,2.0,0.0,0.0,0.0,0.0,0.0,0.0,0.0,0.0,5.0,1.0,3.0,0.0,5.0,3.0,87.0,0.0,27.0,7.0,0.0,12.0,0.0,2.0,16.0,9.0,8981665626.0,15958366.0,市辖区通州区,市辖区通州区文景街道,20.0,30.0,5.0,20.0,75.0,80.8,76.93061224489796,76.93061224489796
北京市,市辖区,通州区,九棵树街道,116.6421835,39.8890712,49.0,150.0,88.0,198.0,353.0,262.0,29.0,217.0,987.0,27.0,5.0,6.0,7.0,20.0,31.0,51.0,2.0,5.0,17.0,132.0,154.0,11.0,6.0,16.0,37.0,34.0,791.0,92.0,404.0,12.0,186.0,66.0,13.0,32.0,25.0,24.0,21.0,47.0,11.0,13.0,61.0,70.0,16.0,42.0,146.0,19.0,0.0,1.0,1.0,6.0,3.0,7.0,0.0,0.0,4.0,40.0,28.0,1.0,1.0,2.0,4.0,6.0,203.0,0.0,144.0,1.0,103.0,14.0,1.0,9.0,18.0,9.0,8981665627.0,15897391.0,市辖区通州区,市辖区通州区九棵树街道,20.0,30.0,23.0,20.0,93.0,80.8,76.93061224489796,76.93061224489796
北京市,市辖区,通州区,临河里街道,116.6803698,39.8804189,49.0,153.0,104.0,203.0,166.0,406.0,54.0,538.0,955.0,51.0,4.0,3.0,5.0,7.0,22.0,35.0,2.0,1.0,6.0,86.0,127.0,13.0,3.0,10.0,27.0,29.0,828.0,78.0,439.0,12.0,30.0,82.0,29.0,32.0,29.0,23.0,12.0,14.0,17.0,37.0,7.0,15.0,2.0,18.0,126.0,2.0,0.0,1.0,1.0,1.0,4.0,6.0,0.0,0.0,1.0,13.0,22.0,2.0,0.0,0.0,2.0,6.0,168.0,0.0,140.0,2.0,1.0,9.0,1.0,3.0,15.0,8.0,8981665628.0,15897397.0,市辖区通州区,市辖区通州区临河里街道,20.0,30.0,23.0,20.0,93.0,80.8,76.93061224489796,76.93061224489796
北京市,市辖区,通州区,杨庄街道,116.625794,39.9042154,50.0,155.0,81.0,196.0,402.0,205.0,28.0,228.0,786.0,28.0,8.0,6.0,10.0,34.0,31.0,51.0,3.0,4.0,21.0,225.0,130.0,14.0,4.0,16.0,37.0,26.0,907.0,17.0,254.0,15.0,197.0,69.0,12.0,36.0,26.0,23.0,5.0,8.0,4.0,57.0,41.0,41.0,1.0,51.0,105.0,1.0,1.0,2.0,1.0,1.0,4.0,6.0,0.0,0.0,2.0,39.0,24.0,0.0,1.0,7.0,5.0,1.0,29.0,0.0,2.0,2.0,20.0,5.0,4.0,14.0,20.0,14.0,8981665629.0,15897389.0,市辖区通州区,市辖区通州区杨庄街道,20.0,30.0,23.0,20.0,93.0,80.8,76.93061224489796,76.93061224489796
北京市,市辖区,通州区,潞邑街道,116.6669236,39.9334278,0.0,128.0,146.0,136.0,204.0,33.0,16.0,43.0,410.0,14.0,6.0,1.0,3.0,4.0,11.0,23.0,0.0,0.0,2.0,46.0,78.0,26.0,2.0,15.0,66.0,15.0,236.0,0.0,1.0,11.0,33.0,76.0,6.0,19.0,23.0,17.0,0.0,8.0,15.0,12.0,36.0,6.0,0.0,1.0,30.0,0.0,0.0,0.0,1.0,1.0,1.0,2.0,0.0,0.0,1.0,4.0,19.0,2.0,0.0,2.0,7.0,4.0,27.0,0.0,0.0,1.0,0.0,15.0,1.0,2.0,10.0,8.0,8981665630.0,15897395.0,市辖区通州区,市辖区通州区潞邑街道,20.0,30.0,21.0,20.0,91.0,80.8,76.93061224489796,76.93061224489796
北京市,市辖区,通州区,宋庄镇,116.7213945,39.939676,0.0,41.0,66.0,84.0,192.0,77.0,35.0,155.0,309.0,21.0,6.0,10.0,2.0,3.0,7.0,12.0,2.0,1.0,4.0,45.0,36.0,14.0,7.0,10.0,29.0,23.0,404.0,0.0,21.0,6.0,6.0,75.0,6.0,7.0,23.0,21.0,0.0,5.0,12.0,14.0,21.0,35.0,5.0,18.0,56.0,6.0,1.0,2.0,1.0,1.0,1.0,2.0,0.0,1.0,3.0,21.0,7.0,1.0,0.0,4.0,4.0,6.0,157.0,0.0,2.0,0.0,0.0,26.0,4.0,1.0,15.0,10.0,3329415629.0,19735064.0,市辖区通州区,市辖区通州区宋庄镇,20.0,30.0,25.0,20.0,95.0,80.8,76.93061224489796,76.93061224489796
北京市,市辖区,通州区,张家湾镇,116.7141737,39.8574205,26.0,78.0,36.0,73.0,129.0,253.0,34.0,656.0,403.0,38.0,0.0,0.0,1.0,1.0,6.0,9.0,1.0,0.0,0.0,26.0,38.0,6.0,10.0,5.0,16.0,22.0,860.0,3.0,125.0,16.0,4.0,61.0,37.0,19.0,30.0,22.0,5.0,8.0,12.0,11.0,14.0,26.0,8.0,22.0,74.0,2.0,0.0,0.0,0.0,0.0,2.0,2.0,0.0,0.0,0.0,0.0,2.0,2.0,5.0,0.0,2.0,4.0,91.0,0.0,2.0,0.0,0.0,5.0,1.0,3.0,14.0,9.0,3329427914.0,-1.0,市辖区通州区,市辖区通州区张家湾镇,12.0,28.0,5.0,20.0,65.0,80.8,76.93061224489796,76.93061224489796
北京市,市辖区,通州区,漷县镇,116.7874336,39.7788898,8.0,15.0,15.0,33.0,273.0,9.0,7.0,15.0,74.0,2.0,0.0,0.0,2.0,2.0,3.0,4.0,0.0,0.0,0.0,0.0,8.0,2.0,14.0,0.0,4.0,12.0,179.0,0.0,1.0,0.0,1.0,26.0,0.0,5.0,15.0,12.0,4.0,10.0,1.0,9.0,47.0,2.0,0.0,6.0,28.0,1.0,0.0,0.0,1.0,1.0,2.0,3.0,0.0,0.0,0.0,0.0,8.0,1.0,2.0,0.0,1.0,3.0,88.0,0.0,0.0,0.0,0.0,15.0,0.0,3.0,10.0,10.0,2600926693.0,-1.0,市辖区通州区,市辖区通州区漷县镇,12.0,28.0,10.0,20.0,70.0,80.8,76.93061224489796,76.93061224489796
北京市,市辖区,通州区,马驹桥镇,116.5548622,39.7483247,0.0,58.0,83.0,69.0,114.0,121.0,21.0,30.0,215.0,9.0,2.0,0.0,1.0,1.0,5.0,8.0,0.0,0.0,1.0,1.0,40.0,4.0,40.0,1.0,17.0,28.0,859.0,0.0,1.0,5.0,12.0,43.0,2.0,10.0,23.0,15.0,0.0,17.0,12.0,7.0,22.0,2.0,2.0,8.0,33.0,2.0,0.0,0.0,0.0,0.0,1.0,1.0,0.0,0.0,1.0,0.0,10.0,0.0,2.0,0.0,5.0,7.0,36.0,0.0,0.0,0.0,3.0,1.0,1.0,4.0,17.0,8.0,727322686.0,-1.0,市辖区通州区,市辖区通州区马驹桥镇,12.0,30.0,7.0,20.0,69.0,80.8,76.93061224489796,76.93061224489796
北京市,市辖区,通州区,西集镇,116.8337805,39.7986882,11.0,0.0,5.0,65.0,443.0,19.0,4.0,1.0,97.0,2.0,0.0,0.0,1.0,1.0,3.0,3.0,0.0,0.0,0.0,0.0,5.0,0.0,3.0,0.0,0.0,17.0,29.0,0.0,1.0,1.0,1.0,5.0,0.0,3.0,14.0,6.0,0.0,0.0,4.0,23.0,100.0,7.0,0.0,0.0,21.0,0.0,0.0,0.0,1.0,1.0,2.0,2.0,0.0,0.0,0.0,0.0,4.0,0.0,0.0,0.0,0.0,5.0,6.0,0.0,0.0,0.0,0.0,4.0,0.0,2.0,10.0,4.0,3329453214.0,-1.0,市辖区通州区,市辖区通州区西集镇,12.0,28.0,10.0,6.6,56.6,80.8,76.93061224489796,76.93061224489796
北京市,市辖区,通州区,台湖镇,116.6462712,39.8312975,0.0,34.0,93.0,83.0,111.0,129.0,70.0,237.0,272.0,25.0,4.0,3.0,1.0,1.0,2.0,5.0,0.0,0.0,1.0,13.0,20.0,7.0,6.0,1.0,7.0,21.0,342.0,1.0,254.0,10.0,1.0,53.0,1.0,10.0,23.0,13.0,0.0,0.0,7.0,21.0,7.0,20.0,0.0,3.0,43.0,1.0,0.0,0.0,1.0,1.0,0.0,2.0,0.0,0.0,0.0,0.0,6.0,1.0,0.0,0.0,0.0,4.0,85.0,0.0,80.0,2.0,0.0,11.0,0.0,1.0,8.0,7.0,2521801295.0,-1.0,市辖区通州区,市辖区通州区台湖镇,12.0,30.0,10.0,20.0,72.0,80.8,76.93061224489796,76.93061224489796
北京市,市辖区,通州区,永乐店镇,116.7905629,39.7079867,6.0,9.0,0.0,28.0,355.0,4.0,0.0,0.0,53.0,1.0,0.0,0.0,0.0,0.0,3.0,5.0,0.0,0.0,0.0,0.0,2.0,0.0,1.0,0.0,0.0,17.0,32.0,0.0,0.0,0.0,0.0,3.0,0.0,3.0,11.0,10.0,5.0,4.0,0.0,10.0,48.0,0.0,0.0,0.0,13.0,0.0,0.0,0.0,0.0,0.0,1.0,3.0,0.0,0.0,0.0,0.0,2.0,0.0,0.0,0.0,0.0,3.0,22.0,0.0,0.0,0.0,0.0,1.0,0.0,1.0,5.0,4.0,3329459344.0,-1.0,市辖区通州区,市辖区通州区永乐店镇,12.0,28.0,5.0,9.4,54.4,80.8,76.93061224489796,76.93061224489796
北京市,市辖区,通州区,潞城镇,116.7805489,39.8532133,3.0,17.0,10.0,16.0,380.0,33.0,9.0,73.0,127.0,11.0,1.0,0.0,0.0,0.0,4.0,5.0,0.0,0.0,0.0,0.0,5.0,0.0,6.0,0.0,0.0,19.0,14.0,0.0,0.0,3.0,0.0,19.0,0.0,12.0,18.0,15.0,0.0,1.0,3.0,0.0,30.0,0.0,0.0,1.0,25.0,3.0,0.0,0.0,0.0,0.0,0.0,0.0,0.0,0.0,0.0,0.0,3.0,0.0,5.0,0.0,0.0,4.0,0.0,0.0,0.0,1.0,0.0,1.0,0.0,1.0,6.0,7.0,7631768413.0,-1.0,市辖区通州区,市辖区通州区潞城镇,12.0,30.0,0.0,5.8,47.8,80.8,76.93061224489796,76.93061224489796
北京市,市辖区,通州区,永顺镇,116.6490773,39.9168175,25.0,161.0,126.0,190.0,357.0,151.0,18.0,157.0,620.0,8.0,6.0,5.0,5.0,9.0,24.0,38.0,1.0,2.0,11.0,70.0,115.0,25.0,2.0,21.0,49.0,20.0,376.0,15.0,127.0,17.0,127.0,66.0,11.0,35.0,26.0,22.0,0.0,35.0,41.0,29.0,36.0,4.0,0.0,14.0,68.0,1.0,0.0,1.0,1.0,2.0,3.0,4.0,0.0,0.0,1.0,4.0,8.0,13.0,1.0,2.0,15.0,3.0,22.0,0.0,0.0,2.0,6.0,8.0,1.0,9.0,17.0,11.0,7631762213.0,19734978.0,市辖区通州区,市辖区通州区永顺镇,20.0,30.0,21.0,20.0,91.0,80.8,76.93061224489796,76.93061224489796
北京市,市辖区,通州区,梨园镇,116.6569681,39.8652385,46.0,162.0,164.0,189.0,152.0,443.0,123.0,581.0,1042.0,58.0,7.0,5.0,3.0,9.0,12.0,24.0,2.0,1.0,7.0,104.0,105.0,7.0,8.0,6.0,30.0,36.0,851.0,78.0,544.0,16.0,110.0,119.0,30.0,20.0,29.0,21.0,0.0,16.0,18.0,25.0,12.0,14.0,18.0,57.0,139.0,1.0,0.0,0.0,0.0,0.0,3.0,4.0,0.0,1.0,0.0,0.0,18.0,2.0,0.0,0.0,5.0,6.0,27.0,0.0,0.0,0.0,0.0,12.0,0.0,3.0,13.0,6.0,7631768405.0,15958365.0,市辖区通州区,市辖区通州区梨园镇,20.0,30.0,12.0,20.0,82.0,80.8,76.93061224489796,76.93061224489796
北京市,市辖区,通州区,于家务回族乡,116.698588,39.718865,4.0,5.0,3.0,15.0,211.0,81.0,7.0,3.0,90.0,0.0,1.0,0.0,1.0,1.0,3.0,3.0,1.0,0.0,0.0,0.0,14.0,0.0,0.0,0.0,0.0,10.0,65.0,0.0,0.0,0.0,0.0,7.0,0.0,0.0,14.0,8.0,3.0,2.0,0.0,4.0,27.0,26.0,0.0,0.0,24.0,0.0,1.0,0.0,1.0,1.0,2.0,2.0,1.0,0.0,0.0,0.0,6.0,0.0,0.0,0.0,0.0,3.0,33.0,0.0,0.0,0.0,0.0,5.0,0.0,0.0,7.0,2.0,-1.0,-1.0,市辖区通州区,市辖区通州区于家务回族乡,5.0,28.0,15.0,13.8,61.8,80.8,76.93061224489796,76.93061224489796
北京市,市辖区,顺义区,胜利街道,116.6445303,40.1190906,0.0,146.0,71.0,100.0,185.0,558.0,9.0,251.0,386.0,41.0,5.0,71.0,8.0,9.0,21.0,55.0,11.0,1.0,6.0,64.0,87.0,20.0,32.0,15.0,25.0,56.0,2376.0,0.0,2.0,22.0,10.0,187.0,14.0,6.0,24.0,20.0,0.0,31.0,16.0,42.0,31.0,95.0,0.0,25.0,55.0,4.0,1.0,35.0,2.0,3.0,6.0,10.0,8.0,0.0,2.0,19.0,12.0,2.0,4.0,3.0,2.0,9.0,418.0,0.0,1.0,2.0,1.0,26.0,0.0,1.0,15.0,10.0,8981623456.0,-1.0,市辖区顺义区,市辖区顺义区胜利街道,12.0,30.0,28.0,20.0,90.0,68.116,76.93061224489796,76.93061224489796
北京市,市辖区,顺义区,光明街道,116.655964,40.1292061,0.0,147.0,81.0,102.0,194.0,554.0,8.0,266.0,401.0,37.0,2.0,74.0,8.0,10.0,21.0,52.0,12.0,0.0,6.0,74.0,84.0,9.0,31.0,13.0,25.0,49.0,2240.0,0.0,2.0,19.0,8.0,186.0,14.0,6.0,23.0,22.0,0.0,33.0,27.0,21.0,36.0,91.0,0.0,83.0,101.0,10.0,0.0,24.0,3.0,3.0,8.0,14.0,3.0,0.0,3.0,25.0,21.0,1.0,0.0,8.0,3.0,7.0,486.0,0.0,0.0,4.0,0.0,44.0,8.0,1.0,17.0,14.0,8981623457.0,-1.0,市辖区顺义区,市辖区顺义区光明街道,12.0,30.0,28.0,20.0,90.0,68.116,76.93061224489796,76.93061224489796
北京市,市辖区,顺义区,仁和地区,116.568562,40.054108,11.0,43.0,21.0,123.0,239.0,337.0,25.0,141.0,239.0,127.0,8.0,0.0,1.0,2.0,7.0,11.0,2.0,0.0,7.0,51.0,44.0,9.0,5.0,5.0,4.0,5.0,2040.0,0.0,11.0,32.0,16.0,55.0,25.0,11.0,24.0,18.0,0.0,4.0,0.0,9.0,34.0,2.0,3.0,10.0,11.0,1.0,0.0,0.0,0.0,0.0,4.0,5.0,1.0,0.0,1.0,11.0,11.0,3.0,0.0,1.0,0.0,1.0,503.0,0.0,0.0,0.0,6.0,9.0,9.0,1.0,12.0,11.0,-1.0,-1.0,市辖区顺义区,市辖区顺义区仁和地区,5.0,30.0,18.0,20.0,73.0,68.116,76.93061224489796,76.93061224489796
北京市,市辖区,顺义区,后沙峪地区,116.661474,40.149891,0.0,90.0,82.0,78.0,105.0,251.0,12.0,186.0,291.0,33.0,1.0,32.0,6.0,6.0,10.0,21.0,3.0,1.0,3.0,45.0,59.0,13.0,25.0,10.0,29.0,29.0,999.0,0.0,0.0,12.0,1.0,82.0,11.0,7.0,23.0,20.0,0.0,6.0,11.0,6.0,26.0,26.0,2.0,21.0,21.0,3.0,0.0,2.0,0.0,0.0,1.0,1.0,1.0,0.0,0.0,0.0,5.0,1.0,0.0,0.0,1.0,1.0,7.0,0.0,0.0,1.0,0.0,13.0,0.0,1.0,13.0,8.0,-1.0,-1.0,市辖区顺义区,市辖区顺义区后沙峪地区,5.0,30.0,15.0,20.0,70.0,68.116,76.93061224489796,76.93061224489796
北京市,市辖区,顺义区,天竺地区,116.568562,40.054108,11.0,43.0,21.0,123.0,239.0,337.0,25.0,141.0,239.0,127.0,8.0,0.0,1.0,2.0,7.0,11.0,2.0,0.0,7.0,51.0,44.0,9.0,5.0,5.0,4.0,5.0,2040.0,0.0,11.0,32.0,16.0,55.0,25.0,11.0,24.0,18.0,0.0,4.0,0.0,9.0,34.0,2.0,3.0,10.0,11.0,1.0,0.0,0.0,0.0,0.0,4.0,5.0,1.0,0.0,1.0,11.0,11.0,3.0,0.0,1.0,0.0,1.0,503.0,0.0,0.0,0.0,6.0,9.0,9.0,1.0,12.0,11.0,-1.0,-1.0,市辖区顺义区,市辖区顺义区天竺地区,5.0,30.0,18.0,20.0,73.0,68.116,76.93061224489796,76.93061224489796
北京市,市辖区,顺义区,杨镇地区,116.568562,40.054108,11.0,43.0,21.0,123.0,239.0,337.0,25.0,141.0,239.0,127.0,8.0,0.0,1.0,2.0,7.0,11.0,2.0,0.0,7.0,51.0,44.0,9.0,5.0,5.0,4.0,5.0,2040.0,0.0,11.0,32.0,16.0,55.0,25.0,11.0,24.0,18.0,0.0,4.0,0.0,9.0,34.0,2.0,3.0,10.0,11.0,1.0,0.0,0.0,0.0,0.0,4.0,5.0,1.0,0.0,1.0,11.0,11.0,3.0,0.0,1.0,0.0,1.0,503.0,0.0,0.0,0.0,6.0,9.0,9.0,1.0,12.0,11.0,-1.0,-1.0,市辖区顺义区,市辖区顺义区杨镇地区,5.0,30.0,18.0,20.0,73.0,68.116,76.93061224489796,76.93061224489796
北京市,市辖区,顺义区,牛栏山地区,116.568562,40.054108,11.0,43.0,21.0,123.0,239.0,337.0,25.0,141.0,239.0,127.0,8.0,0.0,1.0,2.0,7.0,11.0,2.0,0.0,7.0,51.0,44.0,9.0,5.0,5.0,4.0,5.0,2040.0,0.0,11.0,32.0,16.0,55.0,25.0,11.0,24.0,18.0,0.0,4.0,0.0,9.0,34.0,2.0,3.0,10.0,11.0,1.0,0.0,0.0,0.0,0.0,4.0,5.0,1.0,0.0,1.0,11.0,11.0,3.0,0.0,1.0,0.0,1.0,503.0,0.0,0.0,0.0,6.0,9.0,9.0,1.0,12.0,11.0,-1.0,-1.0,市辖区顺义区,市辖区顺义区牛栏山地区,5.0,30.0,18.0,20.0,73.0,68.116,76.93061224489796,76.93061224489796
北京市,市辖区,顺义区,南法信地区,116.568562,40.054108,11.0,43.0,21.0,123.0,239.0,337.0,25.0,141.0,239.0,127.0,8.0,0.0,1.0,2.0,7.0,11.0,2.0,0.0,7.0,51.0,44.0,9.0,5.0,5.0,4.0,5.0,2040.0,0.0,11.0,32.0,16.0,55.0,25.0,11.0,24.0,18.0,0.0,4.0,0.0,9.0,34.0,2.0,3.0,10.0,11.0,1.0,0.0,0.0,0.0,0.0,4.0,5.0,1.0,0.0,1.0,11.0,11.0,3.0,0.0,1.0,0.0,1.0,503.0,0.0,0.0,0.0,6.0,9.0,9.0,1.0,12.0,11.0,-1.0,-1.0,市辖区顺义区,市辖区顺义区南法信地区,5.0,30.0,18.0,20.0,73.0,68.116,76.93061224489796,76.93061224489796
北京市,市辖区,顺义区,马坡地区,116.568562,40.054108,11.0,43.0,21.0,123.0,239.0,337.0,25.0,141.0,239.0,127.0,8.0,0.0,1.0,2.0,7.0,11.0,2.0,0.0,7.0,51.0,44.0,9.0,5.0,5.0,4.0,5.0,2040.0,0.0,11.0,32.0,16.0,55.0,25.0,11.0,24.0,18.0,0.0,4.0,0.0,9.0,34.0,2.0,3.0,10.0,11.0,1.0,0.0,0.0,0.0,0.0,4.0,5.0,1.0,0.0,1.0,11.0,11.0,3.0,0.0,1.0,0.0,1.0,503.0,0.0,0.0,0.0,6.0,9.0,9.0,1.0,12.0,11.0,-1.0,-1.0,市辖区顺义区,市辖区顺义区马坡地区,5.0,30.0,18.0,20.0,73.0,68.116,76.93061224489796,76.93061224489796
北京市,市辖区,顺义区,石园街道,116.6540424,40.1114241,0.0,117.0,67.0,91.0,180.0,504.0,11.0,193.0,382.0,35.0,3.0,69.0,8.0,9.0,23.0,56.0,11.0,0.0,6.0,53.0,85.0,23.0,77.0,13.0,23.0,35.0,2154.0,0.0,3.0,14.0,11.0,165.0,14.0,4.0,24.0,20.0,0.0,36.0,19.0,22.0,33.0,107.0,4.0,30.0,77.0,4.0,1.0,19.0,2.0,3.0,5.0,12.0,4.0,0.0,1.0,9.0,10.0,2.0,5.0,2.0,1.0,7.0,434.0,0.0,2.0,4.0,4.0,41.0,1.0,1.0,15.0,10.0,8981623458.0,-1.0,市辖区顺义区,市辖区顺义区石园街道,12.0,30.0,28.0,20.0,90.0,68.116,76.93061224489796,76.93061224489796
北京市,市辖区,顺义区,空港街道,116.5501105,40.0999,27.0,42.0,80.0,73.0,92.0,194.0,19.0,78.0,279.0,41.0,4.0,0.0,2.0,2.0,7.0,8.0,3.0,0.0,0.0,27.0,59.0,23.0,25.0,5.0,15.0,16.0,593.0,0.0,8.0,6.0,9.0,32.0,2.0,10.0,25.0,20.0,7.0,3.0,11.0,11.0,14.0,4.0,0.0,0.0,55.0,8.0,0.0,0.0,2.0,2.0,0.0,0.0,1.0,0.0,0.0,3.0,14.0,4.0,5.0,1.0,1.0,6.0,84.0,0.0,0.0,0.0,0.0,4.0,0.0,1.0,9.0,7.0,8981623459.0,-1.0,市辖区顺义区,市辖区顺义区空港街道,12.0,30.0,13.0,20.0,75.0,68.116,76.93061224489796,76.93061224489796
北京市,市辖区,顺义区,双丰街道,116.6434394,40.1747016,12.0,36.0,58.0,71.0,94.0,45.0,20.0,66.0,274.0,6.0,1.0,5.0,2.0,2.0,7.0,10.0,3.0,1.0,0.0,3.0,47.0,15.0,13.0,4.0,23.0,23.0,232.0,0.0,0.0,2.0,0.0,41.0,2.0,2.0,21.0,17.0,4.0,11.0,16.0,32.0,15.0,7.0,12.0,5.0,95.0,2.0,0.0,1.0,1.0,1.0,3.0,5.0,0.0,1.0,0.0,1.0,14.0,0.0,1.0,1.0,2.0,8.0,134.0,0.0,0.0,1.0,0.0,6.0,0.0,1.0,15.0,8.0,8981623460.0,-1.0,市辖区顺义区,市辖区顺义区双丰街道,12.0,30.0,18.0,20.0,80.0,68.116,76.93061224489796,76.93061224489796
北京市,市辖区,顺义区,旺泉街道,116.630682,40.1221976,0.0,149.0,77.0,98.0,183.0,443.0,7.0,185.0,358.0,35.0,4.0,71.0,6.0,7.0,19.0,47.0,11.0,3.0,6.0,69.0,78.0,24.0,23.0,14.0,21.0,59.0,2044.0,0.0,7.0,21.0,12.0,141.0,10.0,8.0,25.0,20.0,0.0,30.0,7.0,29.0,27.0,56.0,0.0,3.0,85.0,1.0,1.0,4.0,2.0,2.0,2.0,9.0,0.0,0.0,0.0,8.0,19.0,1.0,3.0,1.0,5.0,4.0,274.0,0.0,0.0,2.0,2.0,15.0,1.0,2.0,16.0,11.0,8981623461.0,-1.0,市辖区顺义区,市辖区顺义区旺泉街道,12.0,30.0,21.0,20.0,83.0,68.116,76.93061224489796,76.93061224489796
北京市,市辖区,顺义区,高丽营镇,116.5450948,40.146478,0.0,13.0,14.0,44.0,31.0,12.0,0.0,2.0,62.0,0.0,1.0,0.0,0.0,0.0,4.0,6.0,1.0,1.0,0.0,0.0,17.0,1.0,13.0,1.0,18.0,13.0,40.0,0.0,0.0,7.0,1.0,8.0,1.0,4.0,15.0,13.0,0.0,3.0,2.0,8.0,11.0,12.0,0.0,0.0,18.0,0.0,0.0,0.0,0.0,0.0,4.0,6.0,1.0,0.0,0.0,0.0,5.0,0.0,0.0,0.0,2.0,2.0,28.0,0.0,0.0,2.0,0.0,3.0,0.0,3.0,11.0,5.0,3347258828.0,-1.0,市辖区顺义区,市辖区顺义区高丽营镇,12.0,27.5,10.0,11.7,61.2,68.116,76.93061224489796,76.93061224489796
北京市,市辖区,顺义区,李桥镇,116.6380445,40.0604307,0.0,49.0,35.0,36.0,113.0,121.0,0.0,44.0,138.0,7.0,6.0,0.0,0.0,0.0,0.0,0.0,0.0,0.0,0.0,6.0,13.0,18.0,6.0,0.0,7.0,9.0,268.0,0.0,0.0,6.0,3.0,7.0,3.0,10.0,20.0,14.0,0.0,5.0,6.0,2.0,23.0,2.0,0.0,0.0,14.0,0.0,0.0,0.0,0.0,0.0,0.0,0.0,0.0,0.0,0.0,0.0,5.0,10.0,0.0,0.0,0.0,3.0,49.0,0.0,0.0,0.0,1.0,2.0,0.0,3.0,9.0,5.0,6410843004.0,-1.0,市辖区顺义区,市辖区顺义区李桥镇,12.0,30.0,0.0,20.0,62.0,68.116,76.93061224489796,76.93061224489796
北京市,市辖区,顺义区,李遂镇,116.7512638,40.0896536,0.0,13.0,10.0,23.0,52.0,53.0,2.0,22.0,49.0,0.0,0.0,0.0,1.0,1.0,0.0,0.0,0.0,0.0,0.0,0.0,16.0,0.0,1.0,0.0,2.0,10.0,105.0,0.0,0.0,1.0,0.0,3.0,0.0,2.0,11.0,11.0,0.0,0.0,5.0,6.0,18.0,3.0,0.0,0.0,7.0,0.0,0.0,0.0,1.0,1.0,0.0,0.0,0.0,0.0,0.0,0.0,3.0,0.0,1.0,0.0,1.0,2.0,4.0,0.0,0.0,0.0,0.0,0.0,0.0,2.0,6.0,4.0,6410843033.0,-1.0,市辖区顺义区,市辖区顺义区李遂镇,12.0,26.0,5.0,15.0,58.0,68.116,76.93061224489796,76.93061224489796
北京市,市辖区,顺义区,南彩镇,116.7051887,40.1325359,0.0,36.0,23.0,22.0,90.0,58.0,1.0,70.0,103.0,12.0,1.0,2.0,0.0,1.0,1.0,3.0,0.0,0.0,0.0,6.0,23.0,2.0,21.0,0.0,0.0,11.0,323.0,0.0,0.0,4.0,1.0,16.0,2.0,3.0,21.0,14.0,0.0,8.0,0.0,1.0,25.0,1.0,0.0,0.0,23.0,0.0,0.0,0.0,0.0,0.0,1.0,2.0,0.0,0.0,0.0,0.0,5.0,0.0,0.0,0.0,0.0,3.0,8.0,0.0,0.0,0.0,0.0,7.0,0.0,1.0,6.0,4.0,6410843050.0,-1.0,市辖区顺义区,市辖区顺义区南彩镇,12.0,30.0,10.0,20.0,72.0,68.116,76.93061224489796,76.93061224489796
北京市,市辖区,顺义区,北务镇,116.8228185,40.0684384,0.0,12.0,8.0,33.0,77.0,22.0,0.0,0.0,42.0,5.0,2.0,0.0,0.0,0.0,0.0,0.0,0.0,0.0,0.0,1.0,20.0,2.0,9.0,0.0,0.0,14.0,13.0,0.0,0.0,0.0,0.0,1.0,0.0,9.0,11.0,7.0,0.0,1.0,3.0,7.0,11.0,0.0,0.0,0.0,14.0,0.0,0.0,0.0,0.0,0.0,0.0,0.0,0.0,0.0,0.0,0.0,2.0,0.0,0.0,0.0,0.0,1.0,0.0,0.0,0.0,0.0,0.0,0.0,0.0,1.0,6.0,1.0,6410843077.0,-1.0,市辖区顺义区,市辖区顺义区北务镇,12.0,30.0,0.0,4.8,46.8,68.116,76.93061224489796,76.93061224489796
北京市,市辖区,顺义区,大孙各庄镇,116.9134476,40.086202,0.0,15.0,10.0,16.0,88.0,0.0,0.0,0.0,63.0,0.0,0.0,0.0,0.0,0.0,0.0,0.0,0.0,0.0,0.0,0.0,13.0,1.0,3.0,0.0,0.0,17.0,1.0,0.0,0.0,0.0,0.0,0.0,0.0,2.0,10.0,5.0,0.0,7.0,7.0,8.0,11.0,0.0,0.0,0.0,21.0,0.0,0.0,0.0,0.0,0.0,0.0,0.0,0.0,0.0,0.0,0.0,1.0,1.0,3.0,0.0,0.0,2.0,1.0,0.0,0.0,0.0,0.0,0.0,0.0,1.0,5.0,4.0,6410843593.0,-1.0,市辖区顺义区,市辖区顺义区大孙各庄镇,12.0,26.0,0.0,2.7,40.7,68.116,76.93061224489796,76.93061224489796
北京市,市辖区,顺义区,张镇,116.9450283,40.150487,0.0,18.0,4.0,11.0,23.0,0.0,0.0,0.0,30.0,0.0,0.0,0.0,0.0,0.0,1.0,1.0,0.0,0.0,0.0,0.0,8.0,0.0,3.0,0.0,0.0,13.0,28.0,0.0,0.0,0.0,0.0,0.0,0.0,4.0,8.0,6.0,0.0,6.0,2.0,4.0,2.0,0.0,0.0,0.0,18.0,0.0,0.0,0.0,0.0,0.0,1.0,1.0,0.0,0.0,0.0,0.0,6.0,0.0,0.0,0.0,0.0,6.0,25.0,0.0,0.0,0.0,0.0,0.0,0.0,2.0,8.0,3.0,6410843633.0,-1.0,市辖区顺义区,市辖区顺义区张镇,12.0,21.2,5.0,8.3,46.5,68.116,76.93061224489796,76.93061224489796
北京市,市辖区,顺义区,龙湾屯镇,116.8523087,40.2311758,0.0,0.0,9.0,2.0,32.0,58.0,0.0,24.0,26.0,2.0,1.0,0.0,1.0,1.0,1.0,1.0,1.0,0.0,0.0,0.0,10.0,0.0,1.0,0.0,0.0,10.0,53.0,0.0,0.0,5.0,0.0,9.0,1.0,1.0,15.0,14.0,0.0,0.0,3.0,1.0,3.0,10.0,0.0,0.0,18.0,0.0,1.0,0.0,1.0,1.0,1.0,1.0,1.0,0.0,0.0,0.0,3.0,0.0,0.0,0.0,0.0,2.0,26.0,0.0,0.0,0.0,0.0,4.0,1.0,1.0,8.0,6.0,5175889021.0,-1.0,市辖区顺义区,市辖区顺义区龙湾屯镇,12.0,24.3,15.0,12.4,63.699999999999996,68.116,76.93061224489796,76.93061224489796
北京市,市辖区,顺义区,木林镇,116.7748823,40.2444342,0.0,9.0,10.0,18.0,87.0,0.0,0.0,7.0,48.0,0.0,2.0,0.0,0.0,0.0,2.0,3.0,0.0,0.0,0.0,0.0,10.0,0.0,3.0,0.0,1.0,11.0,8.0,0.0,0.0,1.0,0.0,2.0,0.0,4.0,11.0,6.0,0.0,4.0,4.0,6.0,2.0,0.0,0.0,7.0,12.0,0.0,2.0,0.0,0.0,0.0,1.0,2.0,0.0,0.0,0.0,0.0,4.0,0.0,1.0,0.0,1.0,4.0,4.0,0.0,0.0,1.0,0.0,1.0,0.0,2.0,7.0,4.0,3823933842.0,-1.0,市辖区顺义区,市辖区顺义区木林镇,12.0,28.0,5.0,4.4,49.4,68.116,76.93061224489796,76.93061224489796
北京市,市辖区,顺义区,北小营镇,116.7225204,40.1993796,0.0,11.0,16.0,35.0,112.0,15.0,4.0,5.0,30.0,2.0,2.0,0.0,1.0,1.0,2.0,3.0,0.0,0.0,0.0,5.0,20.0,1.0,13.0,0.0,2.0,14.0,213.0,0.0,0.0,1.0,0.0,6.0,1.0,2.0,15.0,14.0,0.0,6.0,7.0,11.0,18.0,5.0,4.0,0.0,12.0,0.0,1.0,0.0,0.0,0.0,1.0,2.0,0.0,0.0,0.0,4.0,6.0,0.0,11.0,0.0,0.0,2.0,73.0,0.0,0.0,0.0,0.0,2.0,0.0,1.0,13.0,4.0,4068463766.0,-1.0,市辖区顺义区,市辖区顺义区北小营镇,12.0,30.0,9.0,20.0,71.0,68.116,76.93061224489796,76.93061224489796
北京市,市辖区,顺义区,北石槽镇,116.529971,40.2470171,0.0,0.0,29.0,27.0,160.0,8.0,2.0,0.0,84.0,1.0,1.0,2.0,1.0,1.0,2.0,3.0,1.0,0.0,0.0,0.0,12.0,0.0,2.0,0.0,2.0,14.0,14.0,0.0,0.0,9.0,0.0,9.0,0.0,6.0,16.0,11.0,0.0,0.0,13.0,10.0,11.0,2.0,2.0,0.0,27.0,0.0,1.0,2.0,1.0,1.0,2.0,3.0,1.0,0.0,0.0,0.0,1.0,0.0,0.0,0.0,1.0,3.0,5.0,0.0,0.0,1.0,0.0,2.0,0.0,2.0,9.0,8.0,6410843717.0,-1.0,市辖区顺义区,市辖区顺义区北石槽镇,12.0,30.0,20.0,6.9,68.9,68.116,76.93061224489796,76.93061224489796
北京市,市辖区,顺义区,赵全营镇,116.5873658,40.2109552,0.0,8.0,1.0,7.0,67.0,1.0,0.0,0.0,35.0,0.0,0.0,0.0,0.0,0.0,2.0,3.0,0.0,0.0,0.0,0.0,11.0,0.0,3.0,0.0,0.0,12.0,7.0,0.0,0.0,0.0,0.0,0.0,0.0,1.0,8.0,6.0,0.0,3.0,0.0,1.0,2.0,0.0,0.0,0.0,14.0,0.0,0.0,0.0,0.0,0.0,2.0,3.0,0.0,0.0,0.0,0.0,2.0,0.0,1.0,0.0,0.0,2.0,0.0,0.0,0.0,0.0,0.0,0.0,0.0,1.0,5.0,2.0,7069023984.0,-1.0,市辖区顺义区,市辖区顺义区赵全营镇,12.0,26.0,5.0,3.7,46.7,68.116,76.93061224489796,76.93061224489796
北京市,市辖区,昌平区,城北街道,116.2570762,40.2212182,0.0,45.0,145.0,119.0,371.0,111.0,16.0,231.0,604.0,22.0,1.0,8.0,5.0,9.0,11.0,20.0,0.0,0.0,3.0,81.0,73.0,18.0,19.0,7.0,20.0,55.0,399.0,14.0,28.0,5.0,13.0,78.0,14.0,14.0,21.0,22.0,0.0,4.0,19.0,18.0,61.0,36.0,1.0,43.0,99.0,6.0,0.0,0.0,1.0,1.0,1.0,3.0,0.0,0.0,0.0,3.0,11.0,2.0,1.0,1.0,0.0,8.0,44.0,0.0,0.0,3.0,3.0,22.0,1.0,3.0,15.0,13.0,8980269297.0,-1.0,市辖区昌平区,市辖区昌平区城北街道,12.0,30.0,18.0,20.0,80.0,72.50909090909092,76.93061224489796,76.93061224489796
北京市,市辖区,昌平区,南口地区,116.133232,40.233403,0.0,49.0,23.0,68.0,894.0,331.0,1.0,761.0,241.0,26.0,2.0,5.0,4.0,7.0,9.0,15.0,3.0,2.0,0.0,210.0,46.0,6.0,56.0,2.0,12.0,14.0,217.0,34.0,57.0,45.0,22.0,115.0,19.0,10.0,25.0,29.0,0.0,11.0,3.0,20.0,212.0,41.0,0.0,20.0,53.0,1.0,0.0,5.0,3.0,4.0,3.0,4.0,0.0,0.0,0.0,12.0,19.0,2.0,23.0,1.0,1.0,2.0,34.0,0.0,1.0,4.0,0.0,19.0,1.0,4.0,12.0,17.0,-1.0,-1.0,市辖区昌平区,市辖区昌平区南口地区,5.0,30.0,21.0,20.0,76.0,72.50909090909092,76.93061224489796,76.93061224489796
北京市,市辖区,昌平区,马池口地区,116.191454,40.191369,0.0,20.0,47.0,35.0,414.0,58.0,1.0,49.0,195.0,9.0,3.0,0.0,0.0,0.0,7.0,9.0,0.0,0.0,0.0,1.0,36.0,2.0,39.0,1.0,10.0,10.0,100.0,0.0,3.0,10.0,1.0,21.0,2.0,11.0,19.0,23.0,0.0,0.0,8.0,1.0,49.0,4.0,0.0,0.0,14.0,0.0,0.0,0.0,0.0,0.0,2.0,2.0,0.0,0.0,0.0,0.0,10.0,0.0,6.0,0.0,2.0,3.0,12.0,0.0,0.0,0.0,0.0,0.0,0.0,6.0,10.0,10.0,-1.0,-1.0,市辖区昌平区,市辖区昌平区马池口地区,5.0,30.0,5.0,16.200000000000003,56.2,72.50909090909092,76.93061224489796,76.93061224489796
北京市,市辖区,昌平区,沙河地区,116.328572,40.123801,4.0,26.0,10.0,24.0,242.0,65.0,7.0,30.0,125.0,13.0,1.0,0.0,2.0,2.0,8.0,11.0,1.0,0.0,0.0,0.0,32.0,3.0,8.0,2.0,16.0,10.0,129.0,0.0,7.0,5.0,4.0,38.0,2.0,9.0,17.0,24.0,0.0,0.0,0.0,7.0,14.0,9.0,0.0,0.0,1.0,2.0,0.0,0.0,0.0,0.0,1.0,2.0,0.0,0.0,0.0,0.0,2.0,0.0,2.0,0.0,0.0,2.0,1.0,0.0,0.0,1.0,0.0,8.0,0.0,2.0,4.0,10.0,-1.0,-1.0,市辖区昌平区,市辖区昌平区沙河地区,5.0,30.0,5.0,17.6,57.6,72.50909090909092,76.93061224489796,76.93061224489796
北京市,市辖区,昌平区,城南街道,116.2485868,40.2115876,0.0,70.0,171.0,145.0,462.0,121.0,21.0,293.0,743.0,29.0,4.0,8.0,7.0,11.0,14.0,29.0,0.0,1.0,4.0,92.0,76.0,21.0,37.0,7.0,23.0,60.0,543.0,14.0,32.0,9.0,15.0,117.0,14.0,14.0,24.0,25.0,0.0,9.0,9.0,28.0,59.0,16.0,0.0,20.0,108.0,1.0,0.0,0.0,1.0,1.0,2.0,3.0,0.0,0.0,0.0,0.0,20.0,3.0,3.0,0.0,1.0,7.0,124.0,0.0,3.0,1.0,4.0,18.0,1.0,2.0,14.0,8.0,8980269298.0,-1.0,市辖区昌平区,市辖区昌平区城南街道,12.0,30.0,15.0,20.0,77.0,72.50909090909092,76.93061224489796,76.93061224489796
北京市,市辖区,昌平区,东小口地区,116.400704,40.067954,0.0,62.0,64.0,137.0,354.0,278.0,42.0,531.0,755.0,49.0,4.0,1.0,11.0,15.0,14.0,30.0,2.0,2.0,21.0,161.0,95.0,8.0,6.0,9.0,13.0,15.0,1341.0,1.0,42.0,3.0,43.0,111.0,24.0,18.0,23.0,21.0,0.0,7.0,8.0,12.0,55.0,43.0,4.0,90.0,129.0,24.0,2.0,0.0,4.0,5.0,7.0,9.0,0.0,1.0,7.0,46.0,14.0,2.0,1.0,2.0,2.0,4.0,250.0,1.0,4.0,0.0,0.0,17.0,4.0,3.0,19.0,14.0,-1.0,-1.0,市辖区昌平区,市辖区昌平区东小口地区,5.0,30.0,25.0,20.0,80.0,72.50909090909092,76.93061224489796,76.93061224489796
北京市,市辖区,昌平区,天通苑北街道,116.4108392,40.0703427,0.0,52.0,79.0,135.0,326.0,242.0,40.0,490.0,761.0,46.0,4.0,1.0,11.0,14.0,15.0,29.0,2.0,2.0,21.0,150.0,80.0,6.0,7.0,9.0,11.0,14.0,1172.0,1.0,28.0,4.0,41.0,106.0,22.0,16.0,23.0,21.0,0.0,10.0,22.0,21.0,69.0,55.0,0.0,58.0,163.0,20.0,2.0,0.0,6.0,7.0,6.0,9.0,0.0,2.0,9.0,46.0,19.0,1.0,0.0,2.0,3.0,2.0,403.0,1.0,5.0,0.0,16.0,8.0,7.0,3.0,18.0,11.0,8980269299.0,-1.0,市辖区昌平区,市辖区昌平区天通苑北街道,12.0,30.0,25.0,20.0,87.0,72.50909090909092,76.93061224489796,76.93061224489796
北京市,市辖区,昌平区,天通苑南街道,116.3979987,40.0673122,0.0,64.0,58.0,136.0,356.0,270.0,44.0,549.0,720.0,49.0,4.0,1.0,11.0,15.0,16.0,32.0,2.0,2.0,21.0,157.0,101.0,7.0,6.0,9.0,14.0,16.0,1318.0,1.0,27.0,3.0,43.0,111.0,22.0,16.0,23.0,21.0,0.0,7.0,6.0,9.0,51.0,30.0,5.0,83.0,91.0,23.0,2.0,0.0,4.0,5.0,7.0,9.0,0.0,1.0,3.0,37.0,9.0,1.0,1.0,1.0,2.0,3.0,198.0,0.0,4.0,0.0,0.0,16.0,4.0,2.0,16.0,15.0,8981623451.0,-1.0,市辖区昌平区,市辖区昌平区天通苑南街道,12.0,30.0,25.0,20.0,87.0,72.50909090909092,76.93061224489796,76.93061224489796
北京市,市辖区,昌平区,霍营街道,116.3596503,40.0824536,6.0,106.0,67.0,143.0,360.0,210.0,96.0,247.0,778.0,23.0,2.0,1.0,8.0,10.0,18.0,33.0,3.0,1.0,4.0,57.0,107.0,16.0,7.0,9.0,29.0,12.0,1366.0,0.0,49.0,4.0,21.0,77.0,3.0,14.0,23.0,18.0,0.0,41.0,13.0,37.0,19.0,20.0,15.0,13.0,183.0,1.0,0.0,0.0,3.0,3.0,2.0,4.0,1.0,0.0,0.0,5.0,22.0,5.0,0.0,2.0,7.0,1.0,234.0,0.0,2.0,0.0,1.0,8.0,1.0,2.0,15.0,13.0,8981623452.0,-1.0,市辖区昌平区,市辖区昌平区霍营街道,12.0,30.0,25.0,20.0,87.0,72.50909090909092,76.93061224489796,76.93061224489796
北京市,市辖区,昌平区,回龙观街道,116.3185398,40.0630793,0.0,78.0,238.0,173.0,335.0,377.0,83.0,476.0,1073.0,52.0,15.0,2.0,6.0,10.0,27.0,51.0,2.0,3.0,19.0,88.0,151.0,29.0,10.0,8.0,36.0,5.0,2196.0,0.0,348.0,16.0,71.0,129.0,11.0,25.0,28.0,21.0,0.0,14.0,72.0,19.0,57.0,34.0,11.0,57.0,119.0,10.0,2.0,0.0,1.0,1.0,4.0,8.0,1.0,0.0,4.0,9.0,25.0,3.0,0.0,1.0,7.0,1.0,299.0,0.0,45.0,0.0,3.0,21.0,2.0,9.0,23.0,11.0,8981623453.0,-1.0,市辖区昌平区,市辖区昌平区回龙观街道,12.0,30.0,28.0,20.0,90.0,72.50909090909092,76.93061224489796,76.93061224489796
北京市,市辖区,昌平区,龙泽园街道,116.3392582,40.0733953,6.0,127.0,176.0,175.0,292.0,254.0,95.0,266.0,1056.0,30.0,10.0,1.0,9.0,12.0,27.0,48.0,4.0,3.0,12.0,81.0,151.0,21.0,9.0,11.0,50.0,7.0,1880.0,0.0,94.0,6.0,32.0,103.0,9.0,19.0,26.0,19.0,0.0,8.0,22.0,31.0,24.0,54.0,37.0,79.0,127.0,3.0,0.0,1.0,0.0,2.0,3.0,4.0,0.0,1.0,2.0,23.0,24.0,2.0,0.0,2.0,5.0,1.0,448.0,0.0,4.0,3.0,11.0,21.0,0.0,8.0,17.0,5.0,8981623454.0,-1.0,市辖区昌平区,市辖区昌平区龙泽园街道,12.0,30.0,20.0,20.0,82.0,72.50909090909092,76.93061224489796,76.93061224489796
北京市,市辖区,昌平区,史各庄街道,116.2861559,40.0988535,6.0,91.0,26.0,144.0,240.0,230.0,12.0,89.0,385.0,58.0,6.0,2.0,8.0,8.0,8.0,21.0,2.0,0.0,1.0,22.0,55.0,27.0,26.0,6.0,57.0,8.0,677.0,0.0,18.0,42.0,41.0,80.0,2.0,16.0,28.0,23.0,2.0,26.0,4.0,28.0,11.0,21.0,6.0,23.0,43.0,5.0,1.0,1.0,1.0,1.0,1.0,2.0,1.0,0.0,0.0,11.0,9.0,3.0,5.0,1.0,11.0,4.0,66.0,0.0,1.0,2.0,3.0,5.0,1.0,6.0,22.0,11.0,8981623455.0,-1.0,市辖区昌平区,市辖区昌平区史各庄街道,12.0,30.0,26.0,20.0,88.0,72.50909090909092,76.93061224489796,76.93061224489796
北京市,市辖区,昌平区,阳坊镇,116.1331859,40.1373425,0.0,35.0,22.0,57.0,387.0,63.0,4.0,81.0,133.0,13.0,3.0,1.0,0.0,0.0,2.0,3.0,0.0,0.0,0.0,1.0,17.0,1.0,17.0,0.0,7.0,11.0,306.0,0.0,0.0,6.0,0.0,24.0,4.0,9.0,21.0,22.0,0.0,23.0,1.0,14.0,86.0,9.0,2.0,1.0,42.0,1.0,2.0,1.0,0.0,0.0,1.0,2.0,0.0,0.0,0.0,1.0,3.0,0.0,1.0,0.0,1.0,3.0,100.0,0.0,0.0,1.0,0.0,6.0,1.0,3.0,11.0,14.0,6405984454.0,-1.0,市辖区昌平区,市辖区昌平区阳坊镇,12.0,30.0,11.0,20.0,73.0,72.50909090909092,76.93061224489796,76.93061224489796
北京市,市辖区,昌平区,小汤山镇,116.393762,40.1743049,0.0,48.0,6.0,21.0,338.0,135.0,10.0,31.0,175.0,16.0,3.0,0.0,2.0,2.0,3.0,5.0,0.0,0.0,1.0,6.0,42.0,4.0,5.0,0.0,1.0,13.0,148.0,0.0,0.0,11.0,3.0,21.0,3.0,4.0,22.0,24.0,0.0,18.0,0.0,0.0,42.0,13.0,6.0,3.0,61.0,5.0,1.0,0.0,1.0,1.0,1.0,1.0,0.0,0.0,1.0,2.0,16.0,2.0,0.0,0.0,1.0,2.0,29.0,0.0,0.0,1.0,1.0,5.0,1.0,1.0,8.0,12.0,4442273872.0,-1.0,市辖区昌平区,市辖区昌平区小汤山镇,12.0,30.0,14.0,20.0,76.0,72.50909090909092,76.93061224489796,76.93061224489796
北京市,市辖区,昌平区,南邵镇,116.2801667,40.2065406,0.0,38.0,113.0,67.0,233.0,42.0,17.0,130.0,322.0,7.0,0.0,1.0,1.0,1.0,4.0,9.0,0.0,0.0,0.0,2.0,52.0,10.0,11.0,2.0,28.0,26.0,204.0,0.0,0.0,7.0,5.0,23.0,0.0,8.0,21.0,23.0,0.0,14.0,42.0,8.0,16.0,0.0,1.0,6.0,90.0,1.0,0.0,0.0,0.0,0.0,1.0,3.0,0.0,0.0,0.0,0.0,12.0,5.0,0.0,1.0,14.0,5.0,44.0,0.0,0.0,1.0,1.0,3.0,0.0,3.0,13.0,10.0,6405984484.0,-1.0,市辖区昌平区,市辖区昌平区南邵镇,12.0,28.0,10.0,20.0,70.0,72.50909090909092,76.93061224489796,76.93061224489796
北京市,市辖区,昌平区,崔村镇,116.3469612,40.2191667,0.0,2.0,23.0,39.0,213.0,30.0,0.0,1.0,178.0,1.0,1.0,0.0,1.0,1.0,3.0,3.0,0.0,0.0,0.0,0.0,29.0,0.0,8.0,0.0,1.0,11.0,54.0,0.0,0.0,4.0,0.0,3.0,0.0,3.0,10.0,19.0,0.0,0.0,13.0,9.0,26.0,1.0,0.0,0.0,58.0,0.0,1.0,0.0,1.0,1.0,2.0,2.0,0.0,0.0,0.0,0.0,9.0,0.0,5.0,0.0,1.0,4.0,1.0,0.0,0.0,1.0,0.0,0.0,0.0,3.0,7.0,10.0,4441560762.0,-1.0,市辖区昌平区,市辖区昌平区崔村镇,12.0,30.0,10.0,10.0,62.0,72.50909090909092,76.93061224489796,76.93061224489796
北京市,市辖区,昌平区,百善镇,116.3123252,40.1905501,0.0,14.0,46.0,31.0,105.0,28.0,0.0,46.0,88.0,1.0,3.0,0.0,0.0,0.0,3.0,5.0,0.0,0.0,0.0,0.0,27.0,6.0,13.0,1.0,17.0,14.0,49.0,0.0,0.0,8.0,0.0,3.0,0.0,4.0,16.0,20.0,0.0,0.0,0.0,3.0,15.0,5.0,0.0,0.0,0.0,0.0,0.0,0.0,0.0,0.0,0.0,0.0,0.0,0.0,0.0,0.0,3.0,0.0,3.0,0.0,0.0,4.0,0.0,0.0,0.0,0.0,0.0,0.0,0.0,1.0,4.0,8.0,6405984512.0,-1.0,市辖区昌平区,市辖区昌平区百善镇,12.0,30.0,0.0,9.7,51.7,72.50909090909092,76.93061224489796,76.93061224489796
北京市,市辖区,昌平区,北七家镇,116.4183154,40.1164699,0.0,43.0,15.0,37.0,100.0,11.0,3.0,79.0,351.0,6.0,0.0,0.0,2.0,2.0,8.0,14.0,0.0,0.0,0.0,6.0,66.0,6.0,2.0,1.0,23.0,12.0,465.0,0.0,8.0,1.0,8.0,20.0,1.0,1.0,17.0,16.0,0.0,6.0,2.0,9.0,16.0,2.0,0.0,0.0,38.0,2.0,0.0,0.0,1.0,1.0,2.0,2.0,0.0,0.0,0.0,4.0,13.0,1.0,0.0,1.0,3.0,1.0,68.0,0.0,0.0,0.0,0.0,1.0,0.0,1.0,10.0,9.0,4442257735.0,-1.0,市辖区昌平区,市辖区昌平区北七家镇,12.0,28.0,14.0,20.0,74.0,72.50909090909092,76.93061224489796,76.93061224489796
北京市,市辖区,昌平区,兴寿镇,116.4031119,40.213031,0.0,35.0,19.0,11.0,302.0,12.0,3.0,23.0,159.0,2.0,2.0,0.0,0.0,0.0,2.0,2.0,0.0,0.0,0.0,0.0,17.0,1.0,3.0,0.0,3.0,13.0,49.0,0.0,0.0,2.0,0.0,4.0,0.0,5.0,15.0,15.0,0.0,11.0,3.0,0.0,22.0,1.0,0.0,0.0,43.0,1.0,2.0,0.0,0.0,0.0,0.0,0.0,0.0,0.0,0.0,0.0,2.0,0.0,1.0,0.0,0.0,1.0,4.0,0.0,0.0,0.0,0.0,1.0,0.0,1.0,7.0,9.0,4441552335.0,-1.0,市辖区昌平区,市辖区昌平区兴寿镇,12.0,30.0,0.0,9.5,51.5,72.50909090909092,76.93061224489796,76.93061224489796
北京市,市辖区,昌平区,流村镇,116.0573662,40.1810703,0.0,5.0,20.0,23.0,306.0,29.0,0.0,13.0,86.0,6.0,1.0,0.0,0.0,0.0,4.0,7.0,0.0,0.0,0.0,0.0,18.0,0.0,19.0,0.0,2.0,10.0,19.0,0.0,0.0,0.0,1.0,12.0,0.0,3.0,18.0,18.0,0.0,1.0,7.0,4.0,32.0,4.0,0.0,0.0,21.0,3.0,0.0,0.0,0.0,0.0,1.0,1.0,0.0,0.0,0.0,0.0,2.0,0.0,6.0,0.0,1.0,3.0,3.0,0.0,0.0,0.0,0.0,1.0,0.0,1.0,7.0,10.0,6405984567.0,-1.0,市辖区昌平区,市辖区昌平区流村镇,12.0,30.0,5.0,6.2,53.2,72.50909090909092,76.93061224489796,76.93061224489796
北京市,市辖区,昌平区,十三陵镇,116.2187666,40.270783,7.0,8.0,18.0,53.0,428.0,801.0,0.0,614.0,114.0,15.0,0.0,0.0,0.0,0.0,2.0,2.0,0.0,0.0,0.0,4.0,23.0,2.0,0.0,0.0,0.0,17.0,218.0,0.0,0.0,12.0,0.0,26.0,30.0,7.0,17.0,20.0,4.0,4.0,3.0,8.0,63.0,151.0,0.0,48.0,32.0,2.0,0.0,0.0,0.0,0.0,1.0,1.0,0.0,0.0,0.0,0.0,7.0,1.0,0.0,0.0,0.0,4.0,2.0,0.0,0.0,0.0,0.0,7.0,5.0,2.0,14.0,9.0,6405984793.0,-1.0,市辖区昌平区,市辖区昌平区十三陵镇,12.0,28.0,5.0,20.0,65.0,72.50909090909092,76.93061224489796,76.93061224489796
北京市,市辖区,昌平区,延寿镇,116.2448598,40.2940048,0.0,11.0,17.0,35.0,216.0,416.0,0.0,312.0,63.0,13.0,0.0,0.0,0.0,0.0,1.0,2.0,1.0,0.0,0.0,5.0,17.0,3.0,0.0,0.0,0.0,15.0,236.0,0.0,0.0,11.0,1.0,12.0,12.0,7.0,16.0,17.0,0.0,8.0,4.0,4.0,32.0,53.0,0.0,35.0,13.0,1.0,0.0,0.0,0.0,0.0,1.0,2.0,1.0,0.0,0.0,1.0,4.0,1.0,0.0,0.0,0.0,4.0,27.0,0.0,0.0,0.0,1.0,3.0,3.0,3.0,11.0,7.0,6405984823.0,-1.0,市辖区昌平区,市辖区昌平区延寿镇,12.0,28.0,11.0,20.0,71.0,72.50909090909092,76.93061224489796,76.93061224489796
北京市,市辖区,大兴区,兴丰街道,116.3359977,39.7306871,0.0,71.0,159.0,161.0,431.0,136.0,22.0,264.0,675.0,81.0,6.0,1.0,5.0,6.0,36.0,69.0,7.0,0.0,4.0,48.0,131.0,16.0,11.0,6.0,43.0,18.0,1425.0,1.0,424.0,25.0,39.0,108.0,13.0,15.0,22.0,18.0,0.0,9.0,19.0,33.0,45.0,7.0,3.0,8.0,109.0,4.0,1.0,0.0,1.0,1.0,9.0,15.0,0.0,0.0,3.0,5.0,30.0,2.0,0.0,2.0,2.0,3.0,91.0,0.0,19.0,1.0,3.0,26.0,3.0,5.0,15.0,11.0,8980269278.0,-1.0,市辖区大兴区,市辖区大兴区兴丰街道,12.0,30.0,22.0,20.0,84.0,69.98181818181818,76.93061224489796,76.93061224489796
北京市,市辖区,大兴区,林校路街道,116.3396058,39.7256991,0.0,65.0,146.0,135.0,415.0,106.0,17.0,143.0,581.0,64.0,6.0,1.0,4.0,5.0,31.0,60.0,7.0,0.0,4.0,28.0,114.0,13.0,12.0,4.0,43.0,18.0,1016.0,2.0,284.0,29.0,31.0,101.0,12.0,16.0,22.0,18.0,0.0,4.0,32.0,20.0,49.0,4.0,3.0,10.0,89.0,4.0,1.0,0.0,1.0,1.0,8.0,16.0,0.0,0.0,2.0,3.0,23.0,1.0,1.0,2.0,2.0,3.0,109.0,0.0,9.0,2.0,2.0,17.0,2.0,2.0,13.0,12.0,8980269279.0,-1.0,市辖区大兴区,市辖区大兴区林校路街道,12.0,30.0,20.0,20.0,82.0,69.98181818181818,76.93061224489796,76.93061224489796
北京市,市辖区,大兴区,清源街道,116.3324412,39.7505378,0.0,79.0,136.0,190.0,455.0,638.0,26.0,493.0,830.0,94.0,5.0,0.0,6.0,9.0,41.0,79.0,2.0,0.0,6.0,77.0,122.0,22.0,25.0,4.0,31.0,20.0,3229.0,0.0,770.0,14.0,37.0,148.0,13.0,18.0,25.0,21.0,0.0,13.0,24.0,41.0,97.0,13.0,11.0,101.0,156.0,23.0,0.0,0.0,1.0,2.0,7.0,13.0,0.0,0.0,1.0,19.0,22.0,4.0,0.0,2.0,2.0,4.0,393.0,0.0,167.0,0.0,8.0,10.0,1.0,5.0,18.0,10.0,8980269280.0,-1.0,市辖区大兴区,市辖区大兴区清源街道,12.0,30.0,18.0,20.0,80.0,69.98181818181818,76.93061224489796,76.93061224489796
北京市,市辖区,大兴区,亦庄地区,116.4758632,39.7988549,0.0,77.0,73.0,240.0,91.0,167.0,23.0,334.0,482.0,39.0,4.0,0.0,2.0,7.0,6.0,10.0,2.0,0.0,23.0,47.0,69.0,9.0,28.0,2.0,12.0,4.0,2307.0,0.0,346.0,17.0,8.0,86.0,20.0,18.0,26.0,14.0,0.0,15.0,6.0,38.0,7.0,28.0,6.0,19.0,89.0,6.0,0.0,0.0,1.0,5.0,3.0,6.0,2.0,0.0,6.0,15.0,22.0,1.0,0.0,0.0,0.0,1.0,424.0,0.0,10.0,4.0,2.0,21.0,5.0,6.0,21.0,6.0,2461180234.0,-1.0,市辖区大兴区,市辖区大兴区亦庄地区,11.0,30.0,23.0,20.0,84.0,69.98181818181818,76.93061224489796,76.93061224489796
北京市,市辖区,大兴区,黄村地区,116.3340995,39.7418679,0.0,81.0,145.0,167.0,441.0,411.0,23.0,382.0,831.0,103.0,5.0,0.0,6.0,9.0,39.0,79.0,5.0,0.0,6.0,78.0,128.0,21.0,23.0,4.0,33.0,19.0,2592.0,0.0,746.0,11.0,38.0,135.0,14.0,17.0,24.0,18.0,0.0,19.0,31.0,25.0,47.0,17.0,4.0,10.0,131.0,4.0,2.0,0.0,1.0,1.0,10.0,14.0,0.0,0.0,0.0,3.0,27.0,6.0,0.0,0.0,6.0,4.0,160.0,0.0,73.0,0.0,2.0,9.0,1.0,6.0,17.0,10.0,-1.0,-1.0,市辖区大兴区,市辖区大兴区黄村地区,5.0,30.0,13.0,20.0,68.0,69.98181818181818,76.93061224489796,76.93061224489796
北京市,市辖区,大兴区,旧宫地区,116.4397833,39.802943,38.0,35.0,78.0,151.0,98.0,146.0,35.0,238.0,399.0,23.0,3.0,0.0,1.0,4.0,13.0,16.0,0.0,1.0,6.0,26.0,85.0,2.0,9.0,2.0,18.0,25.0,1553.0,0.0,309.0,22.0,8.0,82.0,6.0,21.0,27.0,16.0,0.0,0.0,13.0,22.0,9.0,24.0,0.0,2.0,64.0,2.0,1.0,0.0,1.0,2.0,3.0,3.0,0.0,0.0,1.0,7.0,22.0,0.0,6.0,0.0,2.0,4.0,322.0,0.0,9.0,0.0,2.0,11.0,1.0,1.0,10.0,6.0,2471726178.0,-1.0,市辖区大兴区,市辖区大兴区旧宫地区,12.0,30.0,18.0,20.0,80.0,69.98181818181818,76.93061224489796,76.93061224489796
北京市,市辖区,大兴区,西红门地区,116.35236,39.784595,0.0,64.0,82.0,145.0,205.0,340.0,48.0,247.0,440.0,26.0,7.0,0.0,2.0,2.0,9.0,16.0,1.0,0.0,4.0,52.0,70.0,17.0,23.0,9.0,41.0,21.0,1801.0,0.0,759.0,15.0,4.0,90.0,10.0,22.0,24.0,21.0,0.0,2.0,13.0,12.0,4.0,5.0,15.0,23.0,21.0,2.0,0.0,0.0,0.0,0.0,0.0,2.0,0.0,0.0,0.0,0.0,8.0,2.0,1.0,2.0,10.0,2.0,61.0,0.0,55.0,2.0,0.0,8.0,0.0,7.0,17.0,10.0,-1.0,-1.0,市辖区大兴区,市辖区大兴区西红门地区,5.0,30.0,0.0,20.0,55.0,69.98181818181818,76.93061224489796,76.93061224489796
北京市,市辖区,大兴区,瀛海地区,116.480174,39.603186,0.0,0.0,31.0,26.0,293.0,19.0,0.0,0.0,34.0,2.0,1.0,0.0,0.0,0.0,3.0,4.0,0.0,0.0,0.0,0.0,22.0,1.0,8.0,0.0,1.0,16.0,54.0,0.0,0.0,5.0,0.0,9.0,0.0,4.0,11.0,11.0,0.0,0.0,4.0,5.0,54.0,1.0,0.0,0.0,0.0,0.0,0.0,0.0,0.0,0.0,1.0,1.0,0.0,0.0,0.0,0.0,2.0,0.0,0.0,0.0,0.0,2.0,0.0,0.0,0.0,1.0,0.0,0.0,0.0,0.0,5.0,5.0,-1.0,-1.0,市辖区大兴区,市辖区大兴区瀛海地区,5.0,30.0,5.0,10.0,50.0,69.98181818181818,76.93061224489796,76.93061224489796
北京市,市辖区,大兴区,观音寺街道,116.339977,39.7408625,0.0,83.0,134.0,159.0,403.0,283.0,24.0,301.0,783.0,85.0,6.0,1.0,6.0,9.0,37.0,74.0,7.0,0.0,6.0,69.0,124.0,20.0,23.0,5.0,33.0,17.0,2332.0,0.0,765.0,15.0,41.0,139.0,14.0,17.0,23.0,19.0,0.0,10.0,23.0,28.0,39.0,2.0,3.0,4.0,98.0,1.0,3.0,0.0,1.0,1.0,7.0,9.0,0.0,0.0,0.0,0.0,25.0,4.0,0.0,0.0,4.0,2.0,134.0,0.0,71.0,0.0,0.0,10.0,0.0,2.0,17.0,9.0,8980269281.0,-1.0,市辖区大兴区,市辖区大兴区观音寺街道,12.0,30.0,15.0,20.0,77.0,69.98181818181818,76.93061224489796,76.93061224489796
北京市,市辖区,大兴区,天宫院街道,116.3249258,39.6941526,0.0,57.0,58.0,133.0,301.0,114.0,4.0,146.0,270.0,23.0,6.0,1.0,1.0,1.0,8.0,16.0,1.0,0.0,0.0,14.0,52.0,15.0,90.0,7.0,42.0,13.0,519.0,2.0,1.0,4.0,7.0,36.0,1.0,13.0,22.0,17.0,0.0,24.0,0.0,21.0,57.0,46.0,0.0,1.0,45.0,4.0,1.0,1.0,0.0,0.0,1.0,2.0,0.0,0.0,0.0,1.0,5.0,3.0,9.0,1.0,4.0,2.0,89.0,0.0,0.0,3.0,1.0,5.0,0.0,5.0,13.0,9.0,8980269282.0,-1.0,市辖区大兴区,市辖区大兴区天宫院街道,12.0,30.0,11.0,20.0,73.0,69.98181818181818,76.93061224489796,76.93061224489796
北京市,市辖区,大兴区,高米店街道,116.3105775,39.7642377,0.0,112.0,124.0,167.0,503.0,769.0,51.0,584.0,698.0,122.0,5.0,0.0,4.0,7.0,31.0,59.0,1.0,0.0,5.0,115.0,88.0,13.0,13.0,4.0,29.0,18.0,2959.0,0.0,335.0,19.0,33.0,122.0,26.0,17.0,26.0,18.0,0.0,19.0,22.0,19.0,103.0,270.0,14.0,124.0,79.0,13.0,1.0,0.0,0.0,0.0,6.0,11.0,1.0,0.0,0.0,8.0,19.0,0.0,0.0,0.0,4.0,1.0,923.0,0.0,7.0,1.0,1.0,28.0,1.0,4.0,17.0,11.0,8980269296.0,-1.0,市辖区大兴区,市辖区大兴区高米店街道,12.0,30.0,16.0,20.0,78.0,69.98181818181818,76.93061224489796,76.93061224489796
北京市,市辖区,大兴区,荣华街道,116.4901135,39.7810456,0.0,122.0,62.0,323.0,125.0,210.0,51.0,396.0,765.0,43.0,2.0,0.0,6.0,13.0,9.0,22.0,3.0,0.0,30.0,64.0,71.0,12.0,55.0,3.0,16.0,5.0,2622.0,7.0,439.0,17.0,13.0,125.0,25.0,17.0,24.0,16.0,0.0,15.0,19.0,45.0,24.0,27.0,24.0,43.0,91.0,4.0,0.0,0.0,1.0,1.0,0.0,0.0,0.0,0.0,2.0,4.0,9.0,2.0,5.0,0.0,5.0,1.0,402.0,0.0,80.0,8.0,0.0,14.0,2.0,3.0,17.0,10.0,3500359220.0,-1.0,市辖区大兴区,市辖区大兴区荣华街道,12.0,30.0,11.0,20.0,73.0,69.98181818181818,76.93061224489796,76.93061224489796
北京市,市辖区,大兴区,博兴街道,116.4937892,39.7617958,0.0,116.0,68.0,177.0,112.0,160.0,65.0,275.0,499.0,28.0,3.0,0.0,5.0,7.0,6.0,18.0,1.0,0.0,6.0,22.0,43.0,11.0,56.0,4.0,30.0,8.0,1220.0,6.0,222.0,16.0,8.0,119.0,7.0,13.0,22.0,15.0,0.0,9.0,8.0,36.0,25.0,19.0,2.0,11.0,167.0,6.0,0.0,0.0,1.0,3.0,5.0,12.0,1.0,0.0,3.0,16.0,21.0,1.0,1.0,2.0,7.0,3.0,308.0,0.0,35.0,0.0,7.0,19.0,1.0,0.0,13.0,8.0,3313371168.0,-1.0,市辖区大兴区,市辖区大兴区博兴街道,12.0,30.0,23.0,20.0,85.0,69.98181818181818,76.93061224489796,76.93061224489796
北京市,市辖区,大兴区,青云店镇,116.4956261,39.6843101,19.0,0.0,4.0,33.0,244.0,10.0,0.0,0.0,64.0,1.0,0.0,0.0,0.0,0.0,2.0,3.0,0.0,0.0,0.0,0.0,19.0,2.0,3.0,0.0,1.0,20.0,171.0,0.0,0.0,0.0,0.0,4.0,0.0,2.0,11.0,13.0,5.0,0.0,1.0,8.0,28.0,4.0,0.0,0.0,12.0,0.0,0.0,0.0,0.0,0.0,0.0,0.0,0.0,0.0,0.0,0.0,4.0,1.0,0.0,0.0,1.0,3.0,41.0,0.0,0.0,0.0,0.0,0.0,0.0,2.0,9.0,6.0,2471726187.0,-1.0,市辖区大兴区,市辖区大兴区青云店镇,12.0,28.0,0.0,20.0,60.0,69.98181818181818,76.93061224489796,76.93061224489796
北京市,市辖区,大兴区,采育镇,116.661496,39.6505592,4.0,3.0,51.0,56.0,135.0,39.0,0.0,12.0,84.0,0.0,1.0,0.0,0.0,0.0,3.0,3.0,0.0,0.0,0.0,0.0,26.0,0.0,18.0,0.0,0.0,18.0,140.0,0.0,0.0,0.0,0.0,11.0,0.0,5.0,17.0,13.0,0.0,0.0,22.0,28.0,11.0,12.0,0.0,1.0,36.0,0.0,0.0,0.0,0.0,0.0,1.0,1.0,0.0,0.0,0.0,0.0,4.0,0.0,9.0,0.0,0.0,3.0,40.0,0.0,0.0,0.0,0.0,6.0,0.0,2.0,8.0,9.0,2471726186.0,-1.0,市辖区大兴区,市辖区大兴区采育镇,12.0,28.0,5.0,20.0,65.0,69.98181818181818,76.93061224489796,76.93061224489796
北京市,市辖区,大兴区,安定镇,116.4937596,39.6167589,2.0,0.0,32.0,32.0,296.0,20.0,0.0,0.0,34.0,2.0,1.0,0.0,0.0,0.0,3.0,4.0,0.0,0.0,0.0,0.0,17.0,1.0,14.0,0.0,2.0,14.0,59.0,0.0,0.0,5.0,0.0,6.0,0.0,5.0,12.0,13.0,0.0,0.0,8.0,7.0,63.0,2.0,0.0,0.0,21.0,2.0,0.0,0.0,0.0,0.0,2.0,2.0,0.0,0.0,0.0,0.0,7.0,0.0,1.0,0.0,1.0,6.0,15.0,0.0,0.0,0.0,0.0,4.0,0.0,3.0,6.0,8.0,3247282272.0,-1.0,市辖区大兴区,市辖区大兴区安定镇,12.0,30.0,5.0,11.9,58.9,69.98181818181818,76.93061224489796,76.93061224489796
北京市,市辖区,大兴区,礼贤镇,116.4292566,39.5554715,0.0,24.0,41.0,38.0,230.0,81.0,28.0,53.0,81.0,9.0,2.0,1.0,0.0,1.0,4.0,5.0,1.0,0.0,0.0,0.0,17.0,4.0,3.0,0.0,3.0,17.0,33.0,0.0,0.0,6.0,1.0,5.0,0.0,7.0,23.0,15.0,0.0,7.0,0.0,4.0,25.0,0.0,0.0,2.0,21.0,0.0,0.0,0.0,0.0,0.0,0.0,0.0,0.0,0.0,0.0,0.0,2.0,0.0,0.0,0.0,0.0,1.0,0.0,0.0,0.0,0.0,0.0,0.0,0.0,3.0,10.0,4.0,3248856594.0,-1.0,市辖区大兴区,市辖区大兴区礼贤镇,12.0,30.0,5.0,7.9,54.9,69.98181818181818,76.93061224489796,76.93061224489796
北京市,市辖区,大兴区,榆垡镇,116.3096853,39.5099721,12.0,11.0,12.0,95.0,180.0,130.0,0.0,24.0,125.0,3.0,1.0,1.0,1.0,1.0,3.0,8.0,0.0,0.0,0.0,0.0,31.0,0.0,2.0,0.0,7.0,11.0,337.0,0.0,141.0,4.0,0.0,19.0,1.0,11.0,20.0,15.0,4.0,0.0,6.0,21.0,14.0,2.0,0.0,4.0,45.0,0.0,0.0,1.0,1.0,1.0,2.0,5.0,0.0,0.0,0.0,0.0,10.0,0.0,0.0,0.0,1.0,2.0,81.0,0.0,80.0,0.0,0.0,3.0,0.0,2.0,11.0,6.0,2495029837.0,-1.0,市辖区大兴区,市辖区大兴区榆垡镇,12.0,30.0,15.0,20.0,77.0,69.98181818181818,76.93061224489796,76.93061224489796
北京市,市辖区,大兴区,庞各庄镇,116.3172347,39.6340576,0.0,6.0,34.0,53.0,304.0,71.0,0.0,7.0,114.0,2.0,0.0,0.0,1.0,1.0,2.0,6.0,0.0,0.0,0.0,3.0,41.0,2.0,9.0,0.0,15.0,13.0,75.0,0.0,0.0,2.0,3.0,38.0,2.0,5.0,19.0,18.0,0.0,4.0,13.0,21.0,33.0,6.0,0.0,0.0,33.0,0.0,0.0,0.0,1.0,1.0,1.0,3.0,0.0,0.0,0.0,0.0,17.0,0.0,0.0,0.0,2.0,5.0,33.0,0.0,0.0,1.0,0.0,4.0,1.0,3.0,12.0,10.0,2495029836.0,-1.0,市辖区大兴区,市辖区大兴区庞各庄镇,12.0,28.0,10.0,15.100000000000001,65.1,69.98181818181818,76.93061224489796,76.93061224489796
北京市,市辖区,大兴区,北臧村镇,116.296668,39.6850406,11.0,56.0,23.0,126.0,190.0,95.0,3.0,143.0,240.0,12.0,8.0,1.0,2.0,2.0,6.0,12.0,1.0,0.0,0.0,16.0,32.0,17.0,83.0,5.0,50.0,15.0,402.0,0.0,0.0,3.0,6.0,33.0,1.0,8.0,22.0,18.0,0.0,4.0,6.0,30.0,7.0,0.0,0.0,0.0,24.0,0.0,0.0,0.0,0.0,0.0,0.0,0.0,0.0,0.0,0.0,0.0,2.0,7.0,36.0,0.0,10.0,1.0,28.0,0.0,0.0,0.0,1.0,0.0,0.0,2.0,10.0,6.0,6478149786.0,18038616.0,市辖区大兴区,市辖区大兴区北臧村镇,20.0,30.0,5.0,20.0,75.0,69.98181818181818,76.93061224489796,76.93061224489796
北京市,市辖区,大兴区,魏善庄镇,116.4111113,39.6323302,0.0,5.0,19.0,12.0,363.0,88.0,2.0,4.0,84.0,2.0,0.0,9.0,1.0,1.0,1.0,1.0,0.0,0.0,0.0,0.0,17.0,4.0,11.0,1.0,0.0,18.0,16.0,0.0,1.0,4.0,0.0,12.0,0.0,5.0,13.0,15.0,0.0,2.0,2.0,0.0,44.0,13.0,0.0,0.0,6.0,1.0,0.0,9.0,0.0,0.0,0.0,0.0,0.0,0.0,0.0,0.0,1.0,1.0,0.0,0.0,0.0,2.0,10.0,0.0,1.0,0.0,0.0,0.0,0.0,1.0,7.0,7.0,3247282273.0,-1.0,市辖区大兴区,市辖区大兴区魏善庄镇,12.0,28.0,5.0,7.0,52.0,69.98181818181818,76.93061224489796,76.93061224489796
北京市,市辖区,大兴区,长子营镇,116.5906416,39.6848558,0.0,6.0,0.0,22.0,290.0,22.0,0.0,0.0,72.0,0.0,0.0,0.0,0.0,0.0,1.0,1.0,0.0,0.0,0.0,0.0,24.0,1.0,20.0,2.0,1.0,24.0,141.0,0.0,0.0,2.0,0.0,15.0,0.0,3.0,9.0,13.0,0.0,0.0,0.0,11.0,61.0,0.0,0.0,0.0,15.0,0.0,0.0,0.0,0.0,0.0,1.0,1.0,0.0,0.0,0.0,0.0,4.0,0.0,0.0,0.0,0.0,5.0,14.0,0.0,0.0,0.0,0.0,11.0,0.0,1.0,4.0,6.0,2471733208.0,-1.0,市辖区大兴区,市辖区大兴区长子营镇,12.0,26.0,5.0,19.700000000000003,62.7,69.98181818181818,76.93061224489796,76.93061224489796
北京市,市辖区,怀柔区,泉河街道,116.6281675,40.3202045,48.0,21.0,244.0,73.0,209.0,115.0,62.0,211.0,588.0,40.0,10.0,49.0,9.0,17.0,16.0,32.0,4.0,3.0,25.0,211.0,145.0,24.0,21.0,13.0,10.0,47.0,678.0,0.0,103.0,22.0,26.0,119.0,27.0,7.0,27.0,23.0,0.0,0.0,64.0,18.0,28.0,22.0,13.0,30.0,150.0,10.0,0.0,26.0,3.0,7.0,6.0,13.0,2.0,2.0,20.0,133.0,60.0,3.0,2.0,3.0,5.0,23.0,349.0,0.0,77.0,3.0,12.0,26.0,13.0,4.0,14.0,13.0,8869334577.0,-1.0,市辖区怀柔区,市辖区怀柔区泉河街道,12.0,30.0,30.0,20.0,92.0,69.2,76.93061224489796,76.93061224489796
北京市,市辖区,怀柔区,龙山街道,116.228912,40.224869,23.0,54.0,108.0,129.0,574.0,363.0,11.0,308.0,679.0,27.0,7.0,7.0,6.0,10.0,12.0,21.0,1.0,1.0,4.0,94.0,77.0,23.0,38.0,7.0,2.0,61.0,493.0,14.0,28.0,11.0,11.0,119.0,23.0,14.0,25.0,25.0,0.0,0.0,46.0,47.0,91.0,25.0,4.0,46.0,175.0,12.0,0.0,7.0,3.0,6.0,6.0,7.0,0.0,1.0,2.0,51.0,11.0,10.0,3.0,4.0,1.0,20.0,123.0,4.0,9.0,2.0,5.0,19.0,6.0,8.0,13.0,13.0,-1.0,-1.0,市辖区怀柔区,市辖区怀柔区龙山街道,5.0,30.0,25.0,20.0,80.0,69.2,76.93061224489796,76.93061224489796
北京市,市辖区,怀柔区,怀柔地区,116.634566,40.331753,50.0,18.0,230.0,91.0,205.0,142.0,69.0,183.0,632.0,43.0,6.0,48.0,9.0,17.0,16.0,36.0,4.0,3.0,25.0,217.0,151.0,30.0,25.0,14.0,17.0,49.0,742.0,0.0,103.0,31.0,28.0,127.0,25.0,9.0,27.0,23.0,4.0,12.0,52.0,7.0,56.0,13.0,17.0,31.0,139.0,8.0,1.0,13.0,3.0,6.0,8.0,16.0,2.0,1.0,5.0,43.0,45.0,5.0,5.0,5.0,0.0,14.0,202.0,0.0,48.0,3.0,9.0,31.0,6.0,0.0,14.0,10.0,-1.0,-1.0,市辖区怀柔区,市辖区怀柔区怀柔地区,5.0,30.0,30.0,20.0,85.0,69.2,76.93061224489796,76.93061224489796
北京市,市辖区,怀柔区,雁栖地区,116.652148,40.3590591,38.0,26.0,115.0,104.0,214.0,218.0,65.0,162.0,425.0,54.0,1.0,5.0,3.0,6.0,7.0,22.0,3.0,1.0,6.0,64.0,55.0,29.0,109.0,8.0,19.0,19.0,729.0,0.0,5.0,50.0,4.0,116.0,19.0,7.0,25.0,22.0,19.0,0.0,14.0,12.0,43.0,66.0,13.0,15.0,45.0,17.0,0.0,1.0,2.0,3.0,1.0,3.0,1.0,1.0,2.0,10.0,6.0,1.0,4.0,1.0,1.0,2.0,99.0,0.0,0.0,15.0,1.0,13.0,2.0,4.0,18.0,16.0,3822342312.0,-1.0,市辖区怀柔区,市辖区怀柔区雁栖地区,12.0,30.0,30.0,20.0,92.0,69.2,76.93061224489796,76.93061224489796
北京市,市辖区,怀柔区,庙城地区,116.635285,40.285795,35.0,18.0,116.0,42.0,255.0,69.0,38.0,114.0,434.0,12.0,6.0,11.0,4.0,4.0,5.0,8.0,1.0,1.0,4.0,34.0,58.0,8.0,19.0,5.0,6.0,28.0,172.0,0.0,1.0,19.0,0.0,61.0,14.0,7.0,24.0,20.0,17.0,5.0,8.0,9.0,37.0,0.0,8.0,4.0,42.0,1.0,0.0,0.0,0.0,0.0,0.0,0.0,1.0,0.0,0.0,0.0,9.0,4.0,2.0,0.0,3.0,2.0,0.0,0.0,0.0,5.0,0.0,3.0,0.0,2.0,17.0,9.0,-1.0,-1.0,市辖区怀柔区,市辖区怀柔区庙城地区,5.0,30.0,10.0,20.0,65.0,69.2,76.93061224489796,76.93061224489796
北京市,市辖区,怀柔区,北房镇,116.6968933,40.3251991,24.0,33.0,30.0,73.0,142.0,26.0,23.0,45.0,312.0,6.0,2.0,2.0,1.0,1.0,3.0,6.0,1.0,0.0,1.0,9.0,15.0,14.0,73.0,1.0,5.0,13.0,203.0,0.0,6.0,10.0,0.0,70.0,7.0,4.0,20.0,17.0,10.0,0.0,7.0,19.0,7.0,0.0,4.0,4.0,79.0,0.0,0.0,1.0,1.0,1.0,2.0,5.0,1.0,0.0,0.0,6.0,6.0,1.0,30.0,1.0,1.0,3.0,9.0,0.0,0.0,1.0,0.0,10.0,1.0,1.0,11.0,11.0,4510419999.0,-1.0,市辖区怀柔区,市辖区怀柔区北房镇,12.0,30.0,26.0,20.0,88.0,69.2,76.93061224489796,76.93061224489796
北京市,市辖区,怀柔区,杨宋镇,116.6789727,40.2948163,0.0,18.0,80.0,71.0,226.0,17.0,34.0,61.0,368.0,11.0,1.0,4.0,4.0,4.0,5.0,10.0,1.0,0.0,2.0,20.0,28.0,9.0,53.0,3.0,13.0,21.0,39.0,0.0,1.0,11.0,2.0,78.0,14.0,4.0,20.0,20.0,0.0,8.0,14.0,9.0,29.0,1.0,6.0,2.0,73.0,2.0,1.0,3.0,1.0,1.0,0.0,0.0,1.0,0.0,2.0,13.0,11.0,5.0,38.0,1.0,3.0,5.0,8.0,0.0,0.0,1.0,0.0,7.0,5.0,1.0,12.0,12.0,3823932657.0,-1.0,市辖区怀柔区,市辖区怀柔区杨宋镇,12.0,30.0,23.0,9.9,74.9,69.2,76.93061224489796,76.93061224489796
北京市,市辖区,怀柔区,桥梓镇,116.5685335,40.288982,0.0,29.0,39.0,25.0,206.0,11.0,8.0,14.0,177.0,3.0,1.0,2.0,2.0,2.0,3.0,4.0,0.0,1.0,1.0,2.0,17.0,3.0,9.0,0.0,2.0,13.0,29.0,0.0,0.0,5.0,0.0,35.0,0.0,6.0,15.0,20.0,0.0,6.0,0.0,5.0,44.0,0.0,4.0,6.0,28.0,0.0,1.0,2.0,0.0,0.0,2.0,3.0,0.0,1.0,1.0,1.0,2.0,0.0,6.0,0.0,1.0,3.0,12.0,0.0,0.0,0.0,0.0,18.0,0.0,1.0,9.0,7.0,2593416032.0,-1.0,市辖区怀柔区,市辖区怀柔区桥梓镇,12.0,30.0,15.0,8.600000000000001,65.6,69.2,76.93061224489796,76.93061224489796
北京市,市辖区,怀柔区,怀北镇,116.6833875,40.3873572,23.0,13.0,28.0,62.0,331.0,128.0,27.0,330.0,207.0,68.0,1.0,2.0,2.0,2.0,3.0,8.0,1.0,3.0,1.0,31.0,19.0,32.0,48.0,7.0,27.0,15.0,1320.0,29.0,96.0,38.0,8.0,105.0,67.0,9.0,21.0,23.0,8.0,0.0,6.0,21.0,56.0,18.0,8.0,12.0,8.0,4.0,1.0,1.0,0.0,0.0,0.0,2.0,0.0,0.0,1.0,5.0,2.0,6.0,0.0,1.0,5.0,3.0,350.0,0.0,0.0,1.0,2.0,13.0,4.0,4.0,16.0,12.0,3822341327.0,-1.0,市辖区怀柔区,市辖区怀柔区怀北镇,12.0,30.0,12.0,20.0,74.0,69.2,76.93061224489796,76.93061224489796
北京市,市辖区,怀柔区,汤河口镇,116.6390089,40.7357543,42.0,0.0,0.0,34.0,49.0,6.0,0.0,2.0,119.0,0.0,0.0,0.0,2.0,2.0,2.0,3.0,3.0,1.0,2.0,2.0,3.0,0.0,0.0,0.0,0.0,18.0,17.0,0.0,0.0,3.0,1.0,2.0,0.0,2.0,13.0,4.0,25.0,0.0,0.0,19.0,14.0,5.0,0.0,2.0,43.0,0.0,0.0,0.0,2.0,2.0,2.0,3.0,3.0,1.0,2.0,2.0,0.0,0.0,0.0,0.0,0.0,4.0,17.0,0.0,0.0,0.0,1.0,2.0,0.0,2.0,11.0,3.0,1950233957.0,-1.0,市辖区怀柔区,市辖区怀柔区汤河口镇,12.0,26.0,21.0,5.7,64.7,69.2,76.93061224489796,76.93061224489796
北京市,市辖区,怀柔区,渤海镇,116.4604317,40.413961,0.0,0.0,9.0,5.0,21.0,0.0,0.0,10.0,88.0,1.0,0.0,0.0,0.0,0.0,2.0,2.0,0.0,0.0,0.0,0.0,3.0,0.0,0.0,0.0,0.0,9.0,0.0,0.0,0.0,4.0,0.0,1.0,1.0,1.0,10.0,7.0,0.0,0.0,1.0,1.0,6.0,0.0,0.0,0.0,24.0,0.0,0.0,0.0,0.0,0.0,2.0,2.0,0.0,0.0,0.0,0.0,2.0,0.0,0.0,0.0,0.0,2.0,0.0,0.0,0.0,0.0,0.0,1.0,0.0,1.0,5.0,6.0,538203450.0,-1.0,市辖区怀柔区,市辖区怀柔区渤海镇,12.0,24.0,5.0,3.9,44.9,69.2,76.93061224489796,76.93061224489796
北京市,市辖区,怀柔区,九渡河镇,116.4532862,40.3596831,0.0,14.0,0.0,3.0,15.0,0.0,0.0,1.0,71.0,0.0,0.0,0.0,0.0,0.0,1.0,2.0,0.0,0.0,0.0,1.0,6.0,2.0,1.0,0.0,2.0,5.0,0.0,0.0,0.0,1.0,0.0,4.0,0.0,1.0,7.0,8.0,0.0,7.0,0.0,3.0,2.0,0.0,0.0,0.0,20.0,0.0,0.0,0.0,0.0,0.0,1.0,2.0,0.0,0.0,0.0,1.0,1.0,0.0,1.0,0.0,0.0,2.0,0.0,0.0,0.0,0.0,0.0,2.0,0.0,1.0,5.0,5.0,5769604835.0,-1.0,市辖区怀柔区,市辖区怀柔区九渡河镇,12.0,17.1,6.0,4.1,39.2,69.2,76.93061224489796,76.93061224489796
北京市,市辖区,怀柔区,琉璃庙镇,116.6445746,40.6270499,55.0,0.0,1.0,13.0,22.0,8.0,0.0,2.0,109.0,2.0,0.0,0.0,1.0,1.0,1.0,1.0,0.0,0.0,0.0,0.0,2.0,1.0,0.0,0.0,0.0,11.0,1.0,0.0,0.0,5.0,0.0,3.0,0.0,1.0,11.0,6.0,26.0,0.0,0.0,3.0,7.0,6.0,0.0,0.0,32.0,1.0,0.0,0.0,1.0,1.0,1.0,1.0,0.0,0.0,0.0,0.0,0.0,1.0,0.0,0.0,0.0,4.0,1.0,0.0,0.0,1.0,0.0,2.0,0.0,1.0,7.0,4.0,2591201303.0,-1.0,市辖区怀柔区,市辖区怀柔区琉璃庙镇,12.0,24.5,10.0,3.8,50.3,69.2,76.93061224489796,76.93061224489796
北京市,市辖区,怀柔区,宝山镇,116.5639051,40.6937779,7.0,3.0,4.0,11.0,52.0,0.0,0.0,1.0,118.0,0.0,1.0,1.0,0.0,1.0,1.0,2.0,0.0,1.0,1.0,13.0,14.0,1.0,0.0,0.0,0.0,25.0,2.0,0.0,0.0,2.0,0.0,2.0,5.0,1.0,9.0,6.0,7.0,2.0,4.0,2.0,19.0,0.0,0.0,0.0,47.0,0.0,1.0,1.0,0.0,1.0,1.0,2.0,0.0,1.0,1.0,13.0,4.0,1.0,0.0,0.0,0.0,5.0,2.0,0.0,0.0,2.0,0.0,1.0,2.0,1.0,7.0,6.0,3820035621.0,-1.0,市辖区怀柔区,市辖区怀柔区宝山镇,12.0,28.0,20.0,3.8,63.8,69.2,76.93061224489796,76.93061224489796
北京市,市辖区,怀柔区,长哨营满族乡,116.7445098,40.7922977,17.0,0.0,0.0,10.0,34.0,2.0,0.0,10.0,52.0,0.0,0.0,0.0,1.0,1.0,1.0,1.0,0.0,0.0,0.0,0.0,9.0,0.0,0.0,0.0,0.0,13.0,0.0,0.0,0.0,2.0,0.0,2.0,0.0,2.0,11.0,7.0,8.0,0.0,0.0,6.0,12.0,2.0,0.0,3.0,17.0,0.0,0.0,0.0,1.0,1.0,1.0,1.0,0.0,0.0,0.0,0.0,2.0,0.0,0.0,0.0,0.0,3.0,0.0,0.0,0.0,1.0,0.0,2.0,0.0,2.0,10.0,6.0,287638151.0,-1.0,市辖区怀柔区,市辖区怀柔区长哨营满族乡,12.0,26.0,10.0,3.8,51.8,69.2,76.93061224489796,76.93061224489796
北京市,市辖区,怀柔区,喇叭沟门满族乡,116.6160771,40.9010133,14.0,0.0,4.0,8.0,51.0,13.0,0.0,26.0,55.0,1.0,1.0,0.0,0.0,0.0,3.0,3.0,1.0,1.0,1.0,0.0,2.0,0.0,0.0,0.0,0.0,7.0,225.0,0.0,0.0,3.0,3.0,7.0,2.0,2.0,11.0,8.0,10.0,0.0,0.0,4.0,33.0,5.0,0.0,1.0,22.0,0.0,1.0,0.0,0.0,0.0,3.0,3.0,1.0,1.0,1.0,0.0,2.0,0.0,0.0,0.0,0.0,3.0,205.0,0.0,0.0,1.0,3.0,5.0,2.0,2.0,9.0,8.0,287637974.0,-1.0,市辖区怀柔区,市辖区怀柔区喇叭沟门满族乡,12.0,30.0,14.0,20.0,76.0,69.2,76.93061224489796,76.93061224489796
北京市,市辖区,平谷区,滨河街道,117.0911517,40.1435394,0.0,79.0,64.0,43.0,239.0,50.0,0.0,195.0,171.0,3.0,1.0,1.0,2.0,2.0,12.0,18.0,0.0,0.0,2.0,4.0,59.0,4.0,24.0,2.0,4.0,21.0,181.0,0.0,0.0,9.0,2.0,13.0,3.0,3.0,19.0,16.0,0.0,24.0,14.0,7.0,26.0,3.0,0.0,12.0,19.0,1.0,0.0,0.0,0.0,0.0,3.0,3.0,0.0,0.0,0.0,1.0,17.0,1.0,1.0,1.0,0.0,6.0,4.0,0.0,0.0,1.0,0.0,1.0,0.0,0.0,9.0,8.0,8080138065.0,-1.0,市辖区平谷区,市辖区平谷区滨河街道,12.0,30.0,11.0,20.0,73.0,49.42777777777778,76.93061224489796,76.93061224489796
北京市,市辖区,平谷区,兴谷街道,117.110763,40.1528112,0.0,84.0,62.0,47.0,201.0,45.0,0.0,194.0,157.0,4.0,1.0,0.0,2.0,2.0,9.0,12.0,0.0,0.0,0.0,3.0,49.0,4.0,3.0,2.0,3.0,23.0,231.0,0.0,0.0,6.0,2.0,9.0,3.0,4.0,17.0,15.0,0.0,16.0,7.0,11.0,17.0,4.0,0.0,0.0,37.0,0.0,0.0,0.0,1.0,1.0,1.0,1.0,0.0,0.0,0.0,0.0,16.0,0.0,0.0,1.0,1.0,1.0,2.0,0.0,0.0,0.0,1.0,2.0,1.0,1.0,8.0,6.0,8080138108.0,-1.0,市辖区平谷区,市辖区平谷区兴谷街道,12.0,30.0,10.0,20.0,72.0,49.42777777777778,76.93061224489796,76.93061224489796
北京市,市辖区,平谷区,渔阳地区,117.111935,40.154459,0.0,81.0,57.0,44.0,211.0,34.0,0.0,192.0,157.0,5.0,1.0,6.0,2.0,3.0,12.0,15.0,0.0,0.0,0.0,5.0,74.0,15.0,17.0,2.0,3.0,24.0,179.0,0.0,0.0,6.0,2.0,11.0,3.0,4.0,15.0,16.0,0.0,15.0,7.0,7.0,15.0,4.0,0.0,0.0,25.0,0.0,0.0,0.0,1.0,1.0,1.0,1.0,0.0,0.0,0.0,0.0,14.0,0.0,0.0,1.0,1.0,1.0,3.0,0.0,0.0,0.0,1.0,1.0,1.0,1.0,8.0,6.0,-1.0,-1.0,市辖区平谷区,市辖区平谷区渔阳地区,5.0,30.0,15.0,20.0,70.0,49.42777777777778,76.93061224489796,76.93061224489796
北京市,市辖区,平谷区,峪口地区,117.014536,40.187794,0.0,15.0,3.0,15.0,105.0,60.0,0.0,0.0,0.0,0.0,0.0,0.0,0.0,0.0,2.0,2.0,0.0,0.0,0.0,0.0,15.0,0.0,11.0,0.0,1.0,11.0,11.0,0.0,0.0,1.0,0.0,1.0,0.0,1.0,7.0,7.0,0.0,3.0,1.0,5.0,20.0,31.0,0.0,0.0,0.0,0.0,0.0,0.0,0.0,0.0,0.0,0.0,0.0,0.0,0.0,0.0,4.0,0.0,6.0,0.0,0.0,2.0,6.0,0.0,0.0,0.0,0.0,1.0,0.0,0.0,5.0,3.0,-1.0,-1.0,市辖区平谷区,市辖区平谷区峪口地区,5.0,23.5,0.0,5.3,33.8,49.42777777777778,76.93061224489796,76.93061224489796
北京市,市辖区,平谷区,马坊地区,117.012322,40.065182,0.0,43.0,13.0,30.0,29.0,1.0,0.0,0.0,22.0,1.0,0.0,0.0,0.0,0.0,3.0,4.0,0.0,0.0,0.0,2.0,15.0,8.0,27.0,0.0,11.0,23.0,38.0,0.0,0.0,3.0,0.0,7.0,0.0,8.0,13.0,10.0,0.0,9.0,6.0,7.0,0.0,0.0,0.0,0.0,0.0,0.0,0.0,0.0,0.0,0.0,2.0,2.0,0.0,0.0,0.0,1.0,7.0,3.0,0.0,0.0,2.0,3.0,11.0,0.0,0.0,0.0,0.0,4.0,0.0,1.0,6.0,7.0,-1.0,-1.0,市辖区平谷区,市辖区平谷区马坊地区,5.0,23.8,6.0,9.2,44.0,49.42777777777778,76.93061224489796,76.93061224489796
北京市,市辖区,平谷区,金海湖地区,117.277162,40.182072,2.0,26.0,15.0,5.0,293.0,1.0,11.0,33.0,26.0,3.0,1.0,1.0,1.0,1.0,0.0,0.0,0.0,0.0,0.0,2.0,4.0,2.0,0.0,1.0,14.0,14.0,15.0,0.0,0.0,8.0,0.0,3.0,4.0,2.0,16.0,13.0,0.0,15.0,6.0,2.0,19.0,0.0,7.0,6.0,10.0,0.0,1.0,0.0,0.0,0.0,0.0,0.0,0.0,0.0,0.0,2.0,2.0,1.0,0.0,1.0,12.0,1.0,7.0,0.0,0.0,2.0,0.0,3.0,3.0,0.0,10.0,9.0,-1.0,-1.0,市辖区平谷区,市辖区平谷区金海湖地区,5.0,30.0,7.0,7.2,49.2,49.42777777777778,76.93061224489796,76.93061224489796
北京市,市辖区,平谷区,东高村镇,117.1073669,40.1021744,4.0,12.0,29.0,5.0,241.0,32.0,0.0,0.0,0.0,0.0,0.0,0.0,0.0,0.0,2.0,2.0,0.0,0.0,0.0,0.0,8.0,0.0,4.0,0.0,0.0,11.0,30.0,0.0,0.0,0.0,0.0,6.0,0.0,2.0,14.0,9.0,0.0,4.0,2.0,1.0,30.0,4.0,0.0,0.0,0.0,0.0,0.0,0.0,0.0,0.0,2.0,2.0,0.0,0.0,0.0,0.0,0.0,0.0,0.0,0.0,0.0,2.0,1.0,0.0,0.0,0.0,0.0,0.0,0.0,2.0,11.0,0.0,8080121790.0,-1.0,市辖区平谷区,市辖区平谷区东高村镇,12.0,24.0,5.0,7.1,48.1,49.42777777777778,76.93061224489796,76.93061224489796
北京市,市辖区,平谷区,山东庄镇,117.1517685,40.1864635,0.0,10.0,12.0,14.0,135.0,0.0,0.0,0.0,8.0,0.0,0.0,0.0,0.0,0.0,1.0,1.0,0.0,0.0,0.0,0.0,6.0,0.0,0.0,0.0,0.0,14.0,0.0,0.0,0.0,1.0,0.0,0.0,0.0,1.0,6.0,6.0,0.0,2.0,3.0,0.0,26.0,0.0,0.0,0.0,0.0,0.0,0.0,0.0,0.0,0.0,0.0,0.0,0.0,0.0,0.0,0.0,3.0,0.0,0.0,0.0,0.0,3.0,0.0,0.0,0.0,0.0,0.0,0.0,0.0,1.0,3.0,5.0,8080137960.0,-1.0,市辖区平谷区,市辖区平谷区山东庄镇,12.0,25.0,0.0,3.1,40.1,49.42777777777778,76.93061224489796,76.93061224489796
北京市,市辖区,平谷区,南独乐河镇,117.22068,40.1716838,7.0,7.0,19.0,0.0,238.0,4.0,0.0,0.0,24.0,0.0,0.0,0.0,0.0,0.0,0.0,0.0,0.0,0.0,0.0,0.0,4.0,0.0,0.0,0.0,0.0,14.0,4.0,0.0,0.0,3.0,0.0,0.0,0.0,1.0,9.0,4.0,0.0,1.0,1.0,0.0,55.0,0.0,0.0,0.0,12.0,0.0,0.0,0.0,0.0,0.0,0.0,0.0,0.0,0.0,0.0,0.0,0.0,0.0,0.0,0.0,0.0,4.0,0.0,0.0,0.0,1.0,0.0,0.0,0.0,1.0,4.0,0.0,8080137964.0,-1.0,市辖区平谷区,市辖区平谷区南独乐河镇,12.0,26.0,0.0,2.8,40.8,49.42777777777778,76.93061224489796,76.93061224489796
北京市,市辖区,平谷区,大华山镇,117.0597469,40.2767058,0.0,0.0,15.0,1.0,190.0,0.0,0.0,0.0,6.0,0.0,0.0,0.0,0.0,0.0,1.0,1.0,0.0,0.0,0.0,1.0,12.0,0.0,2.0,0.0,0.0,7.0,1.0,0.0,0.0,0.0,0.0,1.0,0.0,1.0,6.0,5.0,0.0,0.0,7.0,0.0,50.0,0.0,0.0,0.0,4.0,0.0,0.0,0.0,0.0,0.0,0.0,0.0,0.0,0.0,0.0,0.0,1.0,0.0,2.0,0.0,0.0,2.0,0.0,0.0,0.0,0.0,0.0,1.0,0.0,1.0,5.0,5.0,8080138236.0,-1.0,市辖区平谷区,市辖区平谷区大华山镇,12.0,25.0,0.0,2.6,39.6,49.42777777777778,76.93061224489796,76.93061224489796
北京市,市辖区,平谷区,夏各庄镇,117.1357612,40.1355886,0.0,51.0,49.0,32.0,318.0,44.0,0.0,13.0,113.0,3.0,0.0,0.0,3.0,3.0,6.0,8.0,0.0,0.0,0.0,0.0,12.0,3.0,3.0,0.0,1.0,18.0,81.0,0.0,0.0,3.0,1.0,11.0,1.0,4.0,19.0,12.0,0.0,4.0,10.0,1.0,53.0,5.0,0.0,0.0,0.0,0.0,0.0,0.0,0.0,0.0,1.0,1.0,0.0,0.0,0.0,0.0,0.0,0.0,0.0,0.0,0.0,2.0,5.0,0.0,0.0,1.0,0.0,2.0,0.0,1.0,6.0,3.0,8080137919.0,-1.0,市辖区平谷区,市辖区平谷区夏各庄镇,12.0,28.0,5.0,13.0,58.0,49.42777777777778,76.93061224489796,76.93061224489796
北京市,市辖区,平谷区,马昌营镇,117.0148682,40.1331743,0.0,17.0,5.0,10.0,98.0,14.0,0.0,1.0,44.0,0.0,2.0,0.0,0.0,0.0,1.0,1.0,0.0,0.0,0.0,0.0,0.0,0.0,0.0,0.0,0.0,21.0,5.0,0.0,0.0,0.0,0.0,3.0,0.0,4.0,12.0,6.0,0.0,9.0,0.0,0.0,7.0,0.0,0.0,0.0,15.0,0.0,0.0,0.0,0.0,0.0,0.0,0.0,0.0,0.0,0.0,0.0,0.0,0.0,0.0,0.0,0.0,3.0,2.0,0.0,0.0,0.0,0.0,0.0,0.0,1.0,5.0,1.0,8080121784.0,-1.0,市辖区平谷区,市辖区平谷区马昌营镇,12.0,28.0,0.0,3.7,43.7,49.42777777777778,76.93061224489796,76.93061224489796
北京市,市辖区,平谷区,王辛庄镇,117.097148,40.1597551,0.0,79.0,44.0,45.0,153.0,22.0,0.0,194.0,164.0,4.0,1.0,0.0,2.0,2.0,7.0,10.0,0.0,0.0,0.0,1.0,53.0,3.0,3.0,2.0,5.0,22.0,159.0,0.0,0.0,6.0,2.0,8.0,2.0,3.0,17.0,15.0,0.0,8.0,2.0,4.0,18.0,1.0,0.0,0.0,6.0,0.0,0.0,0.0,0.0,0.0,1.0,1.0,0.0,0.0,0.0,0.0,12.0,0.0,0.0,0.0,1.0,3.0,25.0,0.0,0.0,0.0,1.0,0.0,1.0,1.0,8.0,5.0,8080138136.0,-1.0,市辖区平谷区,市辖区平谷区王辛庄镇,12.0,30.0,5.0,20.0,67.0,49.42777777777778,76.93061224489796,76.93061224489796
北京市,市辖区,平谷区,大兴庄镇,117.0354032,40.1445576,0.0,17.0,4.0,6.0,74.0,3.0,0.0,0.0,38.0,0.0,1.0,0.0,0.0,0.0,1.0,1.0,0.0,0.0,0.0,0.0,6.0,0.0,1.0,0.0,2.0,24.0,4.0,0.0,0.0,1.0,0.0,1.0,0.0,2.0,12.0,7.0,0.0,2.0,0.0,0.0,4.0,3.0,0.0,0.0,6.0,0.0,1.0,0.0,0.0,0.0,0.0,0.0,0.0,0.0,0.0,0.0,0.0,0.0,0.0,0.0,0.0,3.0,1.0,0.0,0.0,0.0,0.0,0.0,0.0,1.0,6.0,0.0,8080138178.0,-1.0,市辖区平谷区,市辖区平谷区大兴庄镇,12.0,28.0,0.0,4.1,44.1,49.42777777777778,76.93061224489796,76.93061224489796
北京市,市辖区,平谷区,刘家店镇,117.0153537,40.2393267,0.0,4.0,10.0,3.0,140.0,0.0,0.0,0.0,0.0,0.0,0.0,0.0,0.0,0.0,0.0,0.0,0.0,0.0,0.0,0.0,11.0,0.0,3.0,0.0,0.0,12.0,0.0,0.0,0.0,1.0,0.0,1.0,0.0,1.0,4.0,7.0,0.0,1.0,3.0,0.0,16.0,0.0,0.0,0.0,0.0,0.0,0.0,0.0,0.0,0.0,0.0,0.0,0.0,0.0,0.0,0.0,3.0,0.0,2.0,0.0,0.0,3.0,0.0,0.0,0.0,1.0,0.0,0.0,0.0,1.0,3.0,5.0,8080121798.0,-1.0,市辖区平谷区,市辖区平谷区刘家店镇,12.0,22.0,0.0,3.7,37.7,49.42777777777778,76.93061224489796,76.93061224489796
北京市,市辖区,平谷区,镇罗营镇,117.142767,40.3439395,0.0,2.0,2.0,0.0,237.0,5.0,0.0,0.0,0.0,0.0,0.0,0.0,0.0,0.0,0.0,0.0,0.0,0.0,0.0,0.0,13.0,0.0,0.0,0.0,0.0,13.0,0.0,0.0,0.0,0.0,0.0,0.0,0.0,3.0,4.0,2.0,0.0,2.0,2.0,0.0,41.0,0.0,0.0,0.0,0.0,0.0,0.0,0.0,0.0,0.0,0.0,0.0,0.0,0.0,0.0,0.0,3.0,0.0,0.0,0.0,0.0,3.0,0.0,0.0,0.0,0.0,0.0,0.0,0.0,1.0,3.0,2.0,8080138115.0,-1.0,市辖区平谷区,市辖区平谷区镇罗营镇,12.0,22.0,0.0,1.0,35.0,49.42777777777778,76.93061224489796,76.93061224489796
北京市,市辖区,平谷区,黄松峪乡,117.2580748,40.2244367,1.0,0.0,10.0,2.0,152.0,16.0,0.0,1.0,2.0,1.0,0.0,1.0,0.0,0.0,2.0,2.0,0.0,0.0,0.0,0.0,11.0,0.0,0.0,0.0,0.0,11.0,32.0,0.0,1.0,9.0,0.0,0.0,3.0,3.0,10.0,6.0,0.0,0.0,2.0,1.0,19.0,0.0,0.0,0.0,0.0,0.0,0.0,1.0,0.0,0.0,2.0,2.0,0.0,0.0,0.0,0.0,1.0,0.0,0.0,0.0,0.0,1.0,0.0,0.0,0.0,0.0,0.0,0.0,0.0,1.0,3.0,4.0,8080137954.0,-1.0,市辖区平谷区,市辖区平谷区黄松峪乡,12.0,28.0,10.0,7.1000000000000005,57.1,49.42777777777778,76.93061224489796,76.93061224489796
北京市,市辖区,平谷区,熊儿寨乡,117.1268343,40.2838364,0.0,3.0,2.0,0.0,130.0,0.0,0.0,2.0,0.0,0.0,0.0,0.0,0.0,0.0,0.0,0.0,0.0,0.0,0.0,0.0,14.0,0.0,0.0,0.0,0.0,9.0,0.0,0.0,0.0,0.0,0.0,1.0,0.0,1.0,5.0,4.0,0.0,3.0,2.0,0.0,18.0,0.0,0.0,0.0,0.0,0.0,0.0,0.0,0.0,0.0,0.0,0.0,0.0,0.0,0.0,0.0,2.0,0.0,0.0,0.0,0.0,2.0,0.0,0.0,0.0,0.0,0.0,0.0,0.0,1.0,4.0,3.0,8080138238.0,-1.0,市辖区平谷区,市辖区平谷区熊儿寨乡,12.0,22.5,0.0,2.0,36.5,49.42777777777778,76.93061224489796,76.93061224489796
北京市,市辖区,密云区,鼓楼街道,116.8346485,40.3670877,14.0,77.0,125.0,99.0,102.0,41.0,47.0,41.0,397.0,3.0,3.0,8.0,2.0,2.0,21.0,31.0,1.0,1.0,4.0,19.0,102.0,9.0,54.0,4.0,9.0,8.0,250.0,2.0,9.0,19.0,7.0,58.0,3.0,9.0,25.0,20.0,0.0,29.0,26.0,9.0,10.0,2.0,18.0,10.0,98.0,1.0,1.0,3.0,0.0,0.0,5.0,7.0,0.0,0.0,1.0,4.0,21.0,1.0,1.0,1.0,3.0,2.0,91.0,0.0,1.0,2.0,1.0,13.0,2.0,3.0,13.0,10.0,5036079553.0,8217881.0,市辖区密云区,市辖区密云区鼓楼街道,20.0,30.0,16.0,20.0,86.0,67.045,76.93061224489796,76.93061224489796
北京市,市辖区,密云区,果园街道,116.8298386,40.3781562,33.0,60.0,117.0,104.0,153.0,36.0,45.0,57.0,392.0,6.0,4.0,7.0,3.0,3.0,21.0,32.0,1.0,1.0,4.0,20.0,120.0,6.0,44.0,4.0,10.0,8.0,254.0,2.0,10.0,9.0,8.0,58.0,5.0,7.0,25.0,16.0,0.0,12.0,24.0,13.0,27.0,2.0,0.0,9.0,53.0,0.0,0.0,2.0,0.0,0.0,5.0,5.0,0.0,1.0,2.0,6.0,24.0,0.0,0.0,0.0,2.0,3.0,29.0,0.0,0.0,1.0,1.0,10.0,1.0,4.0,14.0,8.0,5036079554.0,8220363.0,市辖区密云区,市辖区密云区果园街道,20.0,30.0,20.0,20.0,90.0,67.045,76.93061224489796,76.93061224489796
北京市,市辖区,密云区,檀营地区,116.8618198,40.3841446,19.0,60.0,105.0,74.0,158.0,173.0,35.0,59.0,354.0,13.0,3.0,8.0,2.0,2.0,17.0,26.0,0.0,0.0,1.0,12.0,98.0,1.0,16.0,2.0,11.0,11.0,151.0,2.0,8.0,15.0,7.0,53.0,3.0,8.0,26.0,19.0,3.0,4.0,19.0,22.0,17.0,2.0,15.0,9.0,70.0,1.0,1.0,2.0,0.0,0.0,3.0,6.0,0.0,0.0,0.0,3.0,30.0,1.0,2.0,1.0,2.0,2.0,36.0,0.0,0.0,0.0,3.0,5.0,0.0,2.0,13.0,9.0,6137822134.0,7425685.0,市辖区密云区,市辖区密云区檀营地区,20.0,30.0,13.0,20.0,83.0,67.045,76.93061224489796,76.93061224489796
北京市,市辖区,密云区,密云镇,116.8368013,40.3872801,33.0,56.0,100.0,89.0,165.0,90.0,48.0,90.0,380.0,14.0,4.0,8.0,2.0,2.0,20.0,31.0,1.0,1.0,3.0,16.0,120.0,2.0,13.0,3.0,10.0,7.0,241.0,2.0,9.0,8.0,8.0,74.0,12.0,6.0,24.0,19.0,0.0,6.0,30.0,13.0,32.0,12.0,8.0,18.0,36.0,0.0,1.0,1.0,0.0,0.0,4.0,6.0,0.0,0.0,0.0,2.0,29.0,0.0,1.0,1.0,2.0,2.0,13.0,2.0,7.0,2.0,2.0,11.0,0.0,3.0,14.0,9.0,5036079555.0,8220364.0,市辖区密云区,市辖区密云区密云镇,20.0,30.0,12.0,20.0,82.0,67.045,76.93061224489796,76.93061224489796
北京市,市辖区,密云区,溪翁庄镇,116.8480172,40.4738464,0.0,10.0,1.0,14.0,138.0,190.0,2.0,17.0,40.0,5.0,1.0,0.0,2.0,2.0,2.0,3.0,0.0,0.0,2.0,0.0,20.0,4.0,6.0,1.0,7.0,7.0,75.0,0.0,0.0,27.0,0.0,26.0,1.0,3.0,14.0,19.0,0.0,1.0,1.0,4.0,26.0,18.0,0.0,1.0,15.0,1.0,0.0,0.0,1.0,1.0,2.0,3.0,0.0,0.0,1.0,0.0,8.0,0.0,0.0,0.0,2.0,1.0,51.0,0.0,0.0,3.0,0.0,11.0,1.0,2.0,8.0,10.0,727656423.0,-1.0,市辖区密云区,市辖区密云区溪翁庄镇,12.0,30.0,12.0,19.6,73.6,67.045,76.93061224489796,76.93061224489796
北京市,市辖区,密云区,西田各庄镇,116.7486552,40.365485,2.0,1.0,8.0,34.0,117.0,27.0,0.0,4.0,54.0,5.0,1.0,1.0,0.0,0.0,1.0,3.0,0.0,0.0,0.0,0.0,11.0,0.0,19.0,0.0,4.0,13.0,26.0,0.0,0.0,5.0,0.0,4.0,0.0,3.0,14.0,10.0,0.0,0.0,2.0,13.0,3.0,14.0,0.0,0.0,22.0,1.0,0.0,1.0,0.0,0.0,0.0,0.0,0.0,0.0,0.0,0.0,1.0,0.0,11.0,0.0,2.0,2.0,15.0,0.0,0.0,1.0,0.0,2.0,0.0,1.0,9.0,6.0,6419138557.0,-1.0,市辖区密云区,市辖区密云区西田各庄镇,12.0,30.0,5.0,8.7,55.7,67.045,76.93061224489796,76.93061224489796
北京市,市辖区,密云区,十里堡镇,116.7958012,40.3568028,12.0,19.0,38.0,59.0,40.0,22.0,29.0,19.0,80.0,0.0,2.0,0.0,2.0,2.0,9.0,13.0,1.0,0.0,2.0,9.0,39.0,9.0,130.0,2.0,6.0,10.0,111.0,0.0,2.0,5.0,0.0,25.0,1.0,7.0,19.0,15.0,4.0,4.0,6.0,13.0,7.0,10.0,10.0,9.0,19.0,0.0,1.0,0.0,0.0,0.0,1.0,2.0,0.0,0.0,0.0,1.0,5.0,3.0,64.0,1.0,1.0,2.0,7.0,0.0,0.0,0.0,0.0,3.0,0.0,1.0,15.0,7.0,6419138575.0,-1.0,市辖区密云区,市辖区密云区十里堡镇,12.0,28.0,6.0,16.3,62.3,67.045,76.93061224489796,76.93061224489796
北京市,市辖区,密云区,河南寨镇,116.8211231,40.3300444,0.0,29.0,45.0,40.0,26.0,12.0,22.0,13.0,71.0,1.0,0.0,0.0,1.0,1.0,2.0,2.0,0.0,0.0,0.0,1.0,8.0,4.0,55.0,1.0,4.0,13.0,112.0,0.0,1.0,11.0,0.0,10.0,1.0,8.0,18.0,14.0,0.0,5.0,4.0,8.0,3.0,0.0,4.0,0.0,18.0,0.0,0.0,0.0,0.0,0.0,1.0,1.0,0.0,0.0,0.0,0.0,2.0,0.0,4.0,0.0,0.0,3.0,5.0,0.0,0.0,2.0,0.0,4.0,0.0,2.0,7.0,5.0,6419138623.0,-1.0,市辖区密云区,市辖区密云区河南寨镇,12.0,24.1,5.0,17.0,58.1,67.045,76.93061224489796,76.93061224489796
北京市,市辖区,密云区,巨各庄镇,116.9417715,40.3804656,3.0,2.0,15.0,19.0,106.0,16.0,0.0,0.0,0.0,0.0,1.0,0.0,1.0,1.0,4.0,5.0,0.0,0.0,0.0,1.0,11.0,0.0,9.0,0.0,0.0,10.0,64.0,0.0,0.0,10.0,0.0,6.0,0.0,2.0,14.0,10.0,0.0,1.0,1.0,8.0,15.0,1.0,0.0,0.0,0.0,0.0,0.0,0.0,1.0,1.0,2.0,3.0,0.0,0.0,0.0,0.0,5.0,0.0,0.0,0.0,0.0,5.0,16.0,0.0,0.0,0.0,0.0,2.0,0.0,1.0,7.0,4.0,3499765197.0,-1.0,市辖区密云区,市辖区密云区巨各庄镇,12.0,26.0,10.0,13.0,61.0,67.045,76.93061224489796,76.93061224489796
北京市,市辖区,密云区,穆家峪镇,116.937528,40.4105719,9.0,0.0,18.0,23.0,163.0,86.0,0.0,0.0,0.0,2.0,1.0,1.0,1.0,1.0,2.0,3.0,0.0,0.0,0.0,1.0,24.0,0.0,4.0,0.0,1.0,8.0,120.0,0.0,0.0,12.0,0.0,10.0,0.0,2.0,16.0,13.0,5.0,0.0,1.0,6.0,27.0,4.0,0.0,0.0,0.0,1.0,0.0,0.0,1.0,1.0,2.0,3.0,0.0,0.0,0.0,0.0,3.0,0.0,2.0,0.0,0.0,3.0,0.0,0.0,0.0,3.0,0.0,5.0,0.0,1.0,10.0,8.0,2291537031.0,-1.0,市辖区密云区,市辖区密云区穆家峪镇,12.0,28.0,15.0,17.5,72.5,67.045,76.93061224489796,76.93061224489796
北京市,市辖区,密云区,太师屯镇,117.1216869,40.5358108,20.0,0.0,9.0,28.0,46.0,9.0,0.0,0.0,0.0,0.0,1.0,0.0,0.0,0.0,2.0,2.0,1.0,0.0,0.0,0.0,27.0,0.0,0.0,0.0,0.0,10.0,2.0,0.0,0.0,10.0,0.0,5.0,0.0,2.0,14.0,11.0,9.0,0.0,5.0,18.0,11.0,1.0,0.0,0.0,0.0,0.0,0.0,0.0,0.0,0.0,1.0,1.0,1.0,0.0,0.0,0.0,13.0,0.0,0.0,0.0,0.0,4.0,0.0,0.0,0.0,4.0,0.0,5.0,0.0,1.0,9.0,4.0,2291527574.0,6579646.0,市辖区密云区,市辖区密云区太师屯镇,20.0,26.0,10.0,5.6,61.6,67.045,76.93061224489796,76.93061224489796
北京市,市辖区,密云区,高岭镇,117.1041757,40.6027086,2.0,0.0,3.0,2.0,184.0,43.0,0.0,0.0,15.0,0.0,0.0,0.0,1.0,1.0,1.0,2.0,0.0,0.0,0.0,0.0,16.0,0.0,1.0,0.0,0.0,9.0,10.0,0.0,0.0,8.0,0.0,10.0,4.0,3.0,9.0,13.0,1.0,0.0,1.0,0.0,43.0,15.0,0.0,0.0,11.0,0.0,0.0,0.0,1.0,1.0,1.0,2.0,0.0,0.0,0.0,0.0,2.0,0.0,0.0,0.0,0.0,3.0,8.0,0.0,0.0,0.0,0.0,4.0,0.0,1.0,6.0,8.0,3822407337.0,6579599.0,市辖区密云区,市辖区密云区高岭镇,20.0,26.0,10.0,6.6,62.6,67.045,76.93061224489796,76.93061224489796
北京市,市辖区,密云区,不老屯镇,116.9717806,40.5659638,6.0,0.0,1.0,2.0,186.0,30.0,0.0,0.0,32.0,1.0,0.0,0.0,1.0,1.0,2.0,3.0,0.0,0.0,0.0,0.0,18.0,0.0,0.0,0.0,0.0,7.0,33.0,0.0,0.0,29.0,0.0,0.0,1.0,4.0,10.0,7.0,3.0,0.0,0.0,2.0,39.0,14.0,0.0,0.0,4.0,0.0,0.0,0.0,1.0,1.0,2.0,3.0,0.0,0.0,0.0,0.0,7.0,0.0,0.0,0.0,0.0,3.0,12.0,0.0,0.0,10.0,0.0,0.0,1.0,1.0,8.0,5.0,3623409897.0,-1.0,市辖区密云区,市辖区密云区不老屯镇,12.0,28.0,10.0,11.9,61.9,67.045,76.93061224489796,76.93061224489796
北京市,市辖区,密云区,冯家峪镇,116.8699231,40.6192533,4.0,0.0,3.0,9.0,104.0,5.0,0.0,1.0,0.0,0.0,0.0,0.0,1.0,1.0,1.0,1.0,0.0,0.0,0.0,0.0,15.0,0.0,0.0,0.0,0.0,9.0,0.0,0.0,0.0,1.0,0.0,0.0,1.0,2.0,8.0,10.0,0.0,0.0,1.0,1.0,20.0,0.0,0.0,0.0,0.0,0.0,0.0,0.0,1.0,1.0,1.0,1.0,0.0,0.0,0.0,0.0,3.0,0.0,0.0,0.0,0.0,1.0,0.0,0.0,0.0,0.0,0.0,0.0,0.0,1.0,3.0,5.0,3822405412.0,-1.0,市辖区密云区,市辖区密云区冯家峪镇,12.0,24.0,10.0,4.1,50.1,67.045,76.93061224489796,76.93061224489796
北京市,市辖区,密云区,古北口镇,117.1571049,40.6904909,9.0,0.0,2.0,5.0,151.0,2.0,0.0,199.0,8.0,4.0,0.0,0.0,1.0,2.0,2.0,3.0,0.0,1.0,1.0,17.0,12.0,0.0,0.0,0.0,2.0,5.0,36.0,0.0,0.0,67.0,0.0,2.0,8.0,11.0,12.0,9.0,8.0,0.0,0.0,4.0,61.0,1.0,0.0,81.0,2.0,1.0,0.0,0.0,1.0,2.0,2.0,3.0,0.0,1.0,1.0,14.0,3.0,0.0,0.0,0.0,0.0,2.0,11.0,0.0,0.0,20.0,0.0,0.0,4.0,8.0,10.0,5.0,2291517118.0,6579611.0,市辖区密云区,市辖区密云区古北口镇,20.0,28.0,20.0,17.4,85.4,67.045,76.93061224489796,76.93061224489796
北京市,市辖区,密云区,大城子镇,117.1033353,40.3913634,0.0,11.0,16.0,12.0,51.0,0.0,0.0,2.0,3.0,0.0,0.0,0.0,1.0,1.0,2.0,2.0,0.0,1.0,1.0,0.0,21.0,0.0,1.0,0.0,0.0,27.0,2.0,0.0,0.0,5.0,0.0,0.0,0.0,2.0,10.0,4.0,0.0,9.0,9.0,9.0,3.0,0.0,0.0,2.0,3.0,0.0,0.0,0.0,1.0,1.0,2.0,2.0,0.0,1.0,1.0,0.0,3.0,0.0,0.0,0.0,0.0,6.0,2.0,0.0,0.0,1.0,0.0,0.0,0.0,2.0,6.0,3.0,3499765196.0,-1.0,市辖区密云区,市辖区密云区大城子镇,12.0,26.0,14.0,3.0,55.0,67.045,76.93061224489796,76.93061224489796
北京市,市辖区,密云区,东邵渠镇,116.9617869,40.2924234,0.0,1.0,3.0,2.0,47.0,0.0,0.0,16.0,0.0,0.0,0.0,0.0,0.0,0.0,2.0,2.0,1.0,0.0,0.0,0.0,9.0,0.0,0.0,0.0,0.0,8.0,7.0,0.0,0.0,1.0,0.0,0.0,0.0,3.0,6.0,2.0,0.0,1.0,2.0,1.0,1.0,0.0,0.0,0.0,0.0,0.0,0.0,0.0,0.0,0.0,2.0,2.0,1.0,0.0,0.0,0.0,4.0,0.0,0.0,0.0,0.0,3.0,1.0,0.0,0.0,1.0,0.0,0.0,0.0,1.0,4.0,2.0,4405495564.0,-1.0,市辖区密云区,市辖区密云区东邵渠镇,12.0,19.700000000000003,10.0,2.0,43.7,67.045,76.93061224489796,76.93061224489796
北京市,市辖区,密云区,北庄镇,117.1743714,40.5080238,4.0,0.0,6.0,12.0,99.0,48.0,0.0,0.0,0.0,0.0,0.0,0.0,1.0,1.0,2.0,3.0,1.0,0.0,0.0,0.0,21.0,0.0,0.0,0.0,0.0,11.0,1.0,0.0,0.0,8.0,0.0,0.0,1.0,9.0,10.0,9.0,0.0,0.0,0.0,7.0,36.0,6.0,0.0,0.0,0.0,0.0,0.0,0.0,1.0,1.0,2.0,3.0,1.0,0.0,0.0,0.0,6.0,0.0,0.0,0.0,0.0,2.0,1.0,0.0,0.0,0.0,0.0,0.0,0.0,1.0,4.0,7.0,1679635348.0,6579631.0,市辖区密云区,市辖区密云区北庄镇,20.0,24.0,15.0,5.0,64.0,67.045,76.93061224489796,76.93061224489796
北京市,市辖区,密云区,新城子镇,117.3240839,40.6373356,0.0,3.0,0.0,23.0,121.0,9.0,0.0,20.0,0.0,0.0,0.0,0.0,1.0,1.0,3.0,3.0,1.0,0.0,0.0,0.0,46.0,0.0,0.0,0.0,0.0,20.0,6.0,0.0,0.0,9.0,0.0,3.0,7.0,8.0,7.0,9.0,0.0,1.0,0.0,3.0,31.0,0.0,0.0,0.0,0.0,0.0,0.0,0.0,1.0,1.0,3.0,3.0,1.0,0.0,0.0,0.0,2.0,0.0,0.0,0.0,0.0,2.0,1.0,0.0,0.0,0.0,0.0,1.0,0.0,1.0,3.0,6.0,4396249558.0,6579522.0,市辖区密云区,市辖区密云区新城子镇,20.0,23.5,15.0,5.6,64.1,67.045,76.93061224489796,76.93061224489796
北京市,市辖区,密云区,石城镇,116.8149179,40.5398016,5.0,17.0,0.0,5.0,68.0,23.0,0.0,40.0,17.0,8.0,0.0,1.0,0.0,0.0,1.0,1.0,1.0,0.0,0.0,0.0,4.0,1.0,0.0,0.0,0.0,7.0,41.0,0.0,1.0,24.0,1.0,4.0,10.0,6.0,14.0,12.0,0.0,3.0,0.0,3.0,12.0,8.0,0.0,14.0,8.0,4.0,0.0,1.0,0.0,0.0,1.0,1.0,1.0,0.0,0.0,0.0,1.0,1.0,0.0,0.0,0.0,2.0,21.0,0.0,1.0,7.0,1.0,3.0,1.0,6.0,11.0,8.0,3822407794.0,-1.0,市辖区密云区,市辖区密云区石城镇,12.0,28.0,15.0,13.3,68.3,67.045,76.93061224489796,76.93061224489796
北京市,市辖区,延庆区,百泉街道,115.9850105,40.447271,65.0,56.0,194.0,161.0,224.0,41.0,0.0,225.0,606.0,12.0,5.0,1.0,4.0,4.0,14.0,21.0,0.0,2.0,2.0,14.0,65.0,4.0,2.0,6.0,17.0,57.0,326.0,0.0,0.0,2.0,8.0,86.0,19.0,5.0,23.0,18.0,12.0,4.0,21.0,24.0,15.0,5.0,0.0,10.0,61.0,1.0,0.0,0.0,2.0,2.0,5.0,7.0,0.0,0.0,1.0,1.0,14.0,1.0,1.0,0.0,3.0,7.0,13.0,0.0,0.0,0.0,3.0,11.0,3.0,0.0,15.0,13.0,8866395725.0,-1.0,市辖区延庆区,市辖区延庆区百泉街道,12.0,30.0,18.0,20.0,80.0,61.8111111111111,76.93061224489796,76.93061224489796
北京市,市辖区,延庆区,香水园街道,115.9738537,40.4557311,59.0,54.0,204.0,160.0,218.0,36.0,0.0,477.0,629.0,12.0,3.0,2.0,4.0,4.0,16.0,24.0,0.0,2.0,2.0,15.0,75.0,4.0,2.0,5.0,18.0,60.0,392.0,0.0,0.0,3.0,9.0,109.0,21.0,6.0,22.0,18.0,0.0,9.0,52.0,46.0,36.0,3.0,0.0,17.0,91.0,2.0,0.0,0.0,1.0,1.0,6.0,9.0,0.0,1.0,1.0,5.0,18.0,0.0,0.0,1.0,0.0,18.0,80.0,0.0,0.0,1.0,3.0,20.0,7.0,2.0,12.0,8.0,8866395735.0,-1.0,市辖区延庆区,市辖区延庆区香水园街道,12.0,30.0,24.0,20.0,86.0,61.8111111111111,76.93061224489796,76.93061224489796
北京市,市辖区,延庆区,儒林街道,115.9646172,40.454739,41.0,54.0,206.0,154.0,231.0,33.0,0.0,668.0,603.0,15.0,3.0,2.0,4.0,4.0,16.0,24.0,0.0,2.0,2.0,19.0,75.0,4.0,1.0,7.0,20.0,60.0,502.0,0.0,0.0,3.0,8.0,140.0,25.0,4.0,21.0,20.0,0.0,21.0,45.0,59.0,26.0,2.0,0.0,22.0,96.0,3.0,0.0,0.0,0.0,0.0,2.0,4.0,0.0,0.0,0.0,5.0,15.0,0.0,0.0,1.0,2.0,14.0,117.0,0.0,0.0,1.0,1.0,15.0,5.0,1.0,13.0,8.0,8866395750.0,-1.0,市辖区延庆区,市辖区延庆区儒林街道,12.0,30.0,15.0,20.0,77.0,61.8111111111111,76.93061224489796,76.93061224489796
北京市,市辖区,延庆区,延庆镇,115.9785082,40.4573047,61.0,48.0,205.0,159.0,216.0,38.0,0.0,245.0,622.0,12.0,4.0,2.0,4.0,4.0,16.0,24.0,0.0,2.0,2.0,14.0,73.0,4.0,2.0,5.0,18.0,60.0,328.0,0.0,0.0,2.0,9.0,82.0,19.0,6.0,23.0,17.0,0.0,6.0,60.0,35.0,32.0,3.0,0.0,19.0,94.0,2.0,0.0,0.0,1.0,1.0,5.0,6.0,0.0,1.0,1.0,3.0,15.0,0.0,0.0,2.0,0.0,12.0,44.0,0.0,0.0,1.0,2.0,23.0,4.0,2.0,12.0,8.0,6425855698.0,-1.0,市辖区延庆区,市辖区延庆区延庆镇,12.0,30.0,22.0,20.0,84.0,61.8111111111111,76.93061224489796,76.93061224489796
北京市,市辖区,延庆区,康庄镇,115.8940861,40.3813942,16.0,16.0,9.0,42.0,253.0,82.0,0.0,5.0,198.0,0.0,1.0,0.0,0.0,0.0,2.0,4.0,0.0,0.0,0.0,0.0,21.0,2.0,32.0,1.0,2.0,19.0,85.0,0.0,0.0,6.0,1.0,23.0,0.0,11.0,15.0,16.0,8.0,6.0,7.0,9.0,43.0,9.0,0.0,5.0,39.0,0.0,0.0,0.0,0.0,0.0,1.0,2.0,0.0,0.0,0.0,0.0,7.0,0.0,1.0,0.0,0.0,7.0,28.0,0.0,0.0,2.0,0.0,0.0,0.0,4.0,10.0,6.0,3317983979.0,-1.0,市辖区延庆区,市辖区延庆区康庄镇,12.0,28.0,5.0,16.1,61.1,61.8111111111111,76.93061224489796,76.93061224489796
北京市,市辖区,延庆区,八达岭镇,115.9718446,40.36137,0.0,26.0,30.0,46.0,344.0,243.0,3.0,696.0,158.0,19.0,2.0,1.0,0.0,0.0,2.0,2.0,1.0,1.0,0.0,35.0,29.0,1.0,1.0,0.0,1.0,14.0,419.0,0.0,3.0,67.0,1.0,28.0,71.0,18.0,23.0,22.0,0.0,10.0,11.0,20.0,77.0,84.0,0.0,98.0,47.0,7.0,1.0,0.0,0.0,0.0,2.0,2.0,0.0,0.0,0.0,0.0,7.0,0.0,0.0,0.0,0.0,2.0,236.0,0.0,0.0,11.0,0.0,13.0,2.0,7.0,17.0,8.0,7396399047.0,-1.0,市辖区延庆区,市辖区延庆区八达岭镇,12.0,30.0,10.0,20.0,72.0,61.8111111111111,76.93061224489796,76.93061224489796
北京市,市辖区,延庆区,永宁镇,116.1566071,40.5276586,11.0,13.0,8.0,27.0,433.0,259.0,0.0,40.0,179.0,3.0,1.0,0.0,1.0,1.0,2.0,3.0,0.0,0.0,0.0,0.0,24.0,0.0,1.0,0.0,0.0,18.0,28.0,0.0,0.0,0.0,0.0,6.0,3.0,2.0,16.0,14.0,6.0,5.0,3.0,11.0,159.0,127.0,0.0,11.0,80.0,3.0,1.0,0.0,1.0,1.0,2.0,3.0,0.0,0.0,0.0,0.0,13.0,0.0,0.0,0.0,0.0,10.0,11.0,0.0,0.0,0.0,0.0,3.0,2.0,2.0,12.0,8.0,244082274.0,-1.0,市辖区延庆区,市辖区延庆区永宁镇,12.0,30.0,10.0,7.9,59.9,61.8111111111111,76.93061224489796,76.93061224489796
北京市,市辖区,延庆区,旧县镇,116.0809515,40.5484271,0.0,23.0,3.0,17.0,270.0,2.0,0.0,0.0,176.0,0.0,2.0,0.0,0.0,0.0,2.0,2.0,0.0,0.0,0.0,0.0,22.0,0.0,0.0,0.0,0.0,12.0,3.0,0.0,0.0,1.0,0.0,2.0,0.0,1.0,7.0,14.0,0.0,16.0,3.0,11.0,49.0,0.0,0.0,0.0,42.0,0.0,0.0,0.0,0.0,0.0,1.0,1.0,0.0,0.0,0.0,0.0,5.0,0.0,0.0,0.0,0.0,3.0,3.0,0.0,0.0,1.0,0.0,1.0,0.0,1.0,6.0,7.0,8866395825.0,-1.0,市辖区延庆区,市辖区延庆区旧县镇,12.0,27.5,5.0,4.8,49.3,61.8111111111111,76.93061224489796,76.93061224489796
北京市,市辖区,延庆区,张山营镇,115.8378554,40.4757825,4.0,5.0,14.0,11.0,167.0,11.0,0.0,1.0,114.0,0.0,2.0,0.0,1.0,1.0,1.0,1.0,0.0,0.0,0.0,1.0,11.0,1.0,1.0,0.0,0.0,11.0,9.0,0.0,0.0,1.0,0.0,9.0,1.0,5.0,15.0,11.0,4.0,2.0,4.0,0.0,11.0,0.0,0.0,0.0,36.0,0.0,0.0,0.0,0.0,0.0,0.0,0.0,0.0,0.0,0.0,0.0,3.0,1.0,1.0,0.0,0.0,2.0,0.0,0.0,0.0,0.0,0.0,1.0,0.0,1.0,7.0,6.0,292601689.0,-1.0,市辖区延庆区,市辖区延庆区张山营镇,12.0,28.0,0.0,5.0,45.0,61.8111111111111,76.93061224489796,76.93061224489796
北京市,市辖区,延庆区,四海镇,116.4070276,40.5298821,8.0,3.0,3.0,3.0,30.0,2.0,0.0,7.0,88.0,0.0,0.0,0.0,2.0,2.0,2.0,2.0,1.0,1.0,0.0,1.0,13.0,0.0,0.0,0.0,0.0,9.0,0.0,0.0,0.0,29.0,0.0,2.0,3.0,3.0,10.0,7.0,8.0,3.0,1.0,2.0,11.0,1.0,0.0,0.0,32.0,0.0,0.0,0.0,2.0,2.0,2.0,2.0,1.0,1.0,0.0,1.0,3.0,0.0,0.0,0.0,0.0,4.0,0.0,0.0,0.0,4.0,0.0,1.0,2.0,1.0,9.0,5.0,2591182075.0,-1.0,市辖区延庆区,市辖区延庆区四海镇,12.0,23.3,18.0,6.800000000000001,60.099999999999994,61.8111111111111,76.93061224489796,76.93061224489796
北京市,市辖区,延庆区,千家店镇,116.3407081,40.6921987,0.0,6.0,1.0,5.0,10.0,0.0,0.0,0.0,90.0,1.0,1.0,0.0,1.0,1.0,1.0,1.0,0.0,0.0,1.0,0.0,18.0,0.0,0.0,0.0,0.0,7.0,1.0,0.0,0.0,0.0,0.0,1.0,0.0,1.0,7.0,4.0,0.0,2.0,0.0,5.0,1.0,0.0,0.0,0.0,42.0,1.0,1.0,0.0,1.0,1.0,1.0,1.0,0.0,0.0,1.0,0.0,9.0,0.0,0.0,0.0,0.0,6.0,1.0,0.0,0.0,0.0,0.0,1.0,0.0,1.0,5.0,4.0,1950233953.0,-1.0,市辖区延庆区,市辖区延庆区千家店镇,12.0,21.8,12.0,2.2,48.0,61.8111111111111,76.93061224489796,76.93061224489796
北京市,市辖区,延庆区,沈家营镇,116.039052,40.480205,8.0,5.0,14.0,24.0,253.0,55.0,0.0,23.0,221.0,6.0,0.0,0.0,1.0,1.0,2.0,2.0,0.0,0.0,0.0,0.0,30.0,0.0,1.0,0.0,0.0,25.0,5.0,0.0,0.0,0.0,0.0,6.0,1.0,1.0,12.0,12.0,4.0,2.0,1.0,1.0,22.0,0.0,0.0,0.0,38.0,0.0,0.0,0.0,1.0,1.0,2.0,2.0,0.0,0.0,0.0,0.0,8.0,0.0,1.0,0.0,0.0,8.0,0.0,0.0,0.0,0.0,0.0,1.0,0.0,1.0,8.0,7.0,2591158550.0,-1.0,市辖区延庆区,市辖区延庆区沈家营镇,12.0,28.0,10.0,4.5,54.5,61.8111111111111,76.93061224489796,76.93061224489796
北京市,市辖区,延庆区,大榆树镇,116.022928,40.4345743,23.0,12.0,10.0,73.0,322.0,164.0,0.0,67.0,159.0,6.0,2.0,0.0,1.0,1.0,3.0,6.0,1.0,1.0,0.0,0.0,28.0,0.0,1.0,0.0,1.0,16.0,21.0,0.0,0.0,6.0,0.0,14.0,1.0,4.0,19.0,14.0,9.0,8.0,0.0,22.0,49.0,31.0,0.0,12.0,48.0,0.0,0.0,0.0,1.0,1.0,2.0,3.0,1.0,1.0,0.0,0.0,6.0,0.0,0.0,0.0,0.0,3.0,10.0,0.0,0.0,0.0,0.0,1.0,0.0,2.0,12.0,5.0,8867608140.0,-1.0,市辖区延庆区,市辖区延庆区大榆树镇,12.0,30.0,17.0,7.7,66.7,61.8111111111111,76.93061224489796,76.93061224489796
北京市,市辖区,延庆区,井庄镇,116.0876832,40.4699595,4.0,0.0,19.0,48.0,475.0,276.0,0.0,222.0,186.0,5.0,0.0,0.0,0.0,0.0,3.0,3.0,0.0,0.0,1.0,1.0,21.0,1.0,0.0,0.0,0.0,17.0,13.0,0.0,0.0,17.0,0.0,12.0,3.0,2.0,14.0,14.0,0.0,0.0,6.0,3.0,72.0,46.0,0.0,28.0,21.0,0.0,0.0,0.0,0.0,0.0,2.0,2.0,0.0,0.0,1.0,0.0,4.0,0.0,0.0,0.0,0.0,2.0,0.0,0.0,0.0,0.0,0.0,9.0,0.0,1.0,12.0,4.0,8867639626.0,-1.0,市辖区延庆区,市辖区延庆区井庄镇,12.0,28.0,7.0,7.0,54.0,61.8111111111111,76.93061224489796,76.93061224489796
北京市,市辖区,延庆区,大庄科乡,116.2294778,40.4305163,0.0,15.0,5.0,15.0,140.0,59.0,0.0,201.0,85.0,1.0,0.0,0.0,1.0,1.0,1.0,1.0,1.0,0.0,1.0,0.0,12.0,1.0,0.0,0.0,0.0,15.0,2.0,0.0,0.0,1.0,0.0,5.0,3.0,1.0,11.0,11.0,0.0,4.0,1.0,0.0,7.0,26.0,0.0,22.0,20.0,1.0,0.0,0.0,1.0,1.0,1.0,1.0,1.0,0.0,1.0,0.0,1.0,0.0,0.0,0.0,0.0,2.0,0.0,0.0,0.0,0.0,0.0,5.0,0.0,1.0,8.0,5.0,2591158547.0,-1.0,市辖区延庆区,市辖区延庆区大庄科乡,12.0,28.0,17.0,4.3,61.3,61.8111111111111,76.93061224489796,76.93061224489796
北京市,市辖区,延庆区,刘斌堡乡,116.2199495,40.5663407,3.0,0.0,3.0,1.0,225.0,2.0,0.0,0.0,52.0,0.0,0.0,0.0,0.0,0.0,3.0,3.0,0.0,0.0,1.0,0.0,7.0,0.0,0.0,0.0,0.0,7.0,0.0,0.0,0.0,5.0,0.0,1.0,1.0,2.0,8.0,11.0,2.0,0.0,2.0,0.0,79.0,0.0,0.0,0.0,27.0,0.0,0.0,0.0,0.0,0.0,1.0,1.0,0.0,0.0,1.0,0.0,1.0,0.0,0.0,0.0,0.0,2.0,0.0,0.0,0.0,0.0,0.0,1.0,0.0,1.0,4.0,4.0,2591197467.0,-1.0,市辖区延庆区,市辖区延庆区刘斌堡乡,12.0,26.0,7.0,4.5,49.5,61.8111111111111,76.93061224489796,76.93061224489796
北京市,市辖区,延庆区,香营乡,116.1392509,40.569517,0.0,13.0,4.0,1.0,205.0,0.0,0.0,0.0,112.0,0.0,0.0,0.0,2.0,2.0,1.0,1.0,0.0,1.0,1.0,0.0,11.0,0.0,0.0,0.0,1.0,11.0,0.0,0.0,0.0,2.0,0.0,2.0,0.0,1.0,7.0,10.0,0.0,2.0,2.0,0.0,51.0,0.0,0.0,0.0,49.0,0.0,0.0,0.0,2.0,2.0,1.0,1.0,0.0,1.0,1.0,0.0,3.0,0.0,0.0,0.0,0.0,4.0,0.0,0.0,0.0,1.0,0.0,2.0,0.0,1.0,4.0,5.0,8868169083.0,-1.0,市辖区延庆区,市辖区延庆区香营乡,12.0,25.5,14.0,4.3,55.8,61.8111111111111,76.93061224489796,76.93061224489796
北京市,市辖区,延庆区,珍珠泉乡,116.4192231,40.5589319,1.0,0.0,4.0,1.0,49.0,2.0,0.0,8.0,85.0,0.0,0.0,0.0,0.0,0.0,1.0,2.0,0.0,0.0,0.0,0.0,14.0,0.0,0.0,0.0,0.0,13.0,0.0,0.0,0.0,19.0,0.0,2.0,1.0,3.0,9.0,7.0,0.0,0.0,1.0,1.0,14.0,2.0,0.0,8.0,18.0,0.0,0.0,0.0,0.0,0.0,1.0,2.0,0.0,0.0,0.0,0.0,3.0,0.0,0.0,0.0,0.0,3.0,0.0,0.0,0.0,0.0,0.0,1.0,0.0,1.0,6.0,5.0,8868169342.0,-1.0,市辖区延庆区,市辖区延庆区珍珠泉乡,12.0,26.0,5.0,5.4,48.4,61.8111111111111,76.93061224489796,76.93061224489796
